batch,layer,task,config,lr,wd,loss,batch_acc,n_tokens
0,0,age_bin,ema_lr1e-3,0.001,0.0001,1.62979,0.3187,1914
0,0,age_bin,ema_lr5e-3,0.005,0.0001,1.61445,0.34378,1914
0,0,age_bin,ema_lr1e-2,0.01,0.0001,1.63646,0.34013,1914
0,0,age_bin,ema_lr5e-2,0.05,0.0001,1.60842,0.32654,1914
0,0,age_bin,ema_lr1e-2_wd1e-3,0.01,0.001,1.55554,0.35005,1914
0,0,age_bin,ema_d0.99,0.01,0.0001,1.65343,0.30617,1914
0,0,age_bin,ema_d0.9999,0.01,0.0001,1.63105,0.32811,1914
0,0,age_bin,mlp_h16,0.001,0.0,1.07361,0.49373,1914
0,0,age_bin,mlp_h32,0.001,0.0,1.12487,0.3255,1914
0,0,age_bin,mlp_h64,0.001,0.0,1.13989,0.28109,1914
0,0,age_bin,mlp_h128,0.001,0.0,1.12663,0.30878,1914
0,0,age_bin,attention,0.0001,1e-05,1.09483,0.49219,1914
0,0,age_bin,shuffled,0.01,0.0001,1.58564,0.3396,1914
0,0,gender,ema_lr1e-3,0.001,0.0001,1.12769,0.50522,1914
0,0,gender,ema_lr5e-3,0.005,0.0001,1.03201,0.51829,1914
0,0,gender,ema_lr1e-2,0.01,0.0001,1.08119,0.48851,1914
0,0,gender,ema_lr5e-2,0.05,0.0001,1.02055,0.52038,1914
0,0,gender,ema_lr1e-2_wd1e-3,0.01,0.001,1.0703,0.51776,1914
0,0,gender,ema_d0.99,0.01,0.0001,1.03132,0.5047,1914
0,0,gender,ema_d0.9999,0.01,0.0001,0.98605,0.52247,1914
0,0,gender,mlp_h16,0.001,0.0,0.7058,0.49216,1914
0,0,gender,mlp_h32,0.001,0.0,0.69522,0.54493,1914
0,0,gender,mlp_h64,0.001,0.0,0.71345,0.47335,1914
0,0,gender,mlp_h128,0.001,0.0,0.74567,0.45037,1914
0,0,gender,attention,0.0001,1e-05,0.69141,0.60156,1914
0,0,gender,shuffled,0.01,0.0001,1.04302,0.50731,1914
0,0,star_sign,ema_lr1e-3,0.001,0.0001,3.30508,0.10397,1914
0,0,star_sign,ema_lr5e-3,0.005,0.0001,3.23188,0.07158,1914
0,0,star_sign,ema_lr1e-2,0.01,0.0001,3.27118,0.12644,1914
0,0,star_sign,ema_lr5e-2,0.05,0.0001,3.27316,0.05956,1914
0,0,star_sign,ema_lr1e-2_wd1e-3,0.01,0.001,3.27216,0.10084,1914
0,0,star_sign,ema_d0.99,0.01,0.0001,3.32785,0.06635,1914
0,0,star_sign,ema_d0.9999,0.01,0.0001,3.23582,0.06008,1914
0,0,star_sign,mlp_h16,0.001,0.0,2.35256,0.19854,1914
0,0,star_sign,mlp_h32,0.001,0.0,2.41892,0.03135,1914
0,0,star_sign,mlp_h64,0.001,0.0,2.8653,0.0,1914
0,0,star_sign,mlp_h128,0.001,0.0,2.44465,0.08777,1914
0,0,star_sign,attention,0.0001,1e-05,2.49176,0.00781,1914
0,0,star_sign,shuffled,0.01,0.0001,3.30582,0.06479,1914
0,4,age_bin,ema_lr1e-3,0.001,0.0001,1.46282,0.3302,1914
0,4,age_bin,ema_lr5e-3,0.005,0.0001,1.4842,0.34483,1914
0,4,age_bin,ema_lr1e-2,0.01,0.0001,1.65316,0.30512,1914
0,4,age_bin,ema_lr5e-2,0.05,0.0001,1.61364,0.30878,1914
0,4,age_bin,ema_lr1e-2_wd1e-3,0.01,0.001,1.63855,0.33751,1914
0,4,age_bin,ema_d0.99,0.01,0.0001,1.62041,0.34587,1914
0,4,age_bin,ema_d0.9999,0.01,0.0001,1.63949,0.34796,1914
0,4,age_bin,mlp_h16,0.001,0.0,1.16406,0.23197,1914
0,4,age_bin,mlp_h32,0.001,0.0,1.07452,0.42529,1914
0,4,age_bin,mlp_h64,0.001,0.0,1.13023,0.25392,1914
0,4,age_bin,mlp_h128,0.001,0.0,1.15558,0.28736,1914
0,4,age_bin,attention,0.0001,1e-05,1.03407,0.54688,1914
0,4,age_bin,shuffled,0.01,0.0001,2.01212,0.34431,1914
0,4,gender,ema_lr1e-3,0.001,0.0001,1.09781,0.50418,1914
0,4,gender,ema_lr5e-3,0.005,0.0001,1.22042,0.48015,1914
0,4,gender,ema_lr1e-2,0.01,0.0001,1.13687,0.47753,1914
0,4,gender,ema_lr5e-2,0.05,0.0001,0.95851,0.49007,1914
0,4,gender,ema_lr1e-2_wd1e-3,0.01,0.001,1.00395,0.48694,1914
0,4,gender,ema_d0.99,0.01,0.0001,0.89583,0.52717,1914
0,4,gender,ema_d0.9999,0.01,0.0001,0.9901,0.49321,1914
0,4,gender,mlp_h16,0.001,0.0,0.69472,0.53396,1914
0,4,gender,mlp_h32,0.001,0.0,0.70836,0.55434,1914
0,4,gender,mlp_h64,0.001,0.0,0.69718,0.5512,1914
0,4,gender,mlp_h128,0.001,0.0,0.6957,0.52403,1914
0,4,gender,attention,0.0001,1e-05,1.97388,0.60156,1914
0,4,gender,shuffled,0.01,0.0001,0.97113,0.50575,1914
0,4,star_sign,ema_lr1e-3,0.001,0.0001,3.18951,0.09979,1914
0,4,star_sign,ema_lr5e-3,0.005,0.0001,3.39413,0.09666,1914
0,4,star_sign,ema_lr1e-2,0.01,0.0001,3.12673,0.07053,1914
0,4,star_sign,ema_lr5e-2,0.05,0.0001,3.27321,0.06949,1914
0,4,star_sign,ema_lr1e-2_wd1e-3,0.01,0.001,3.09724,0.1442,1914
0,4,star_sign,ema_d0.99,0.01,0.0001,3.15905,0.08516,1914
0,4,star_sign,ema_d0.9999,0.01,0.0001,3.20531,0.04545,1914
0,4,star_sign,mlp_h16,0.001,0.0,2.47335,0.01881,1914
0,4,star_sign,mlp_h32,0.001,0.0,2.34556,0.22048,1914
0,4,star_sign,mlp_h64,0.001,0.0,2.52402,0.03501,1914
0,4,star_sign,mlp_h128,0.001,0.0,2.62189,0.02142,1914
0,4,star_sign,attention,0.0001,1e-05,2.67031,0.0,1914
0,4,star_sign,shuffled,0.01,0.0001,3.23936,0.12069,1914
0,6,age_bin,ema_lr1e-3,0.001,0.0001,1.57059,0.34013,1914
0,6,age_bin,ema_lr5e-3,0.005,0.0001,1.71893,0.31139,1914
0,6,age_bin,ema_lr1e-2,0.01,0.0001,1.51373,0.37409,1914
0,6,age_bin,ema_lr5e-2,0.05,0.0001,1.59865,0.34222,1914
0,6,age_bin,ema_lr1e-2_wd1e-3,0.01,0.001,1.65678,0.32184,1914
0,6,age_bin,ema_d0.99,0.01,0.0001,1.53957,0.38245,1914
0,6,age_bin,ema_d0.9999,0.01,0.0001,1.44902,0.34431,1914
0,6,age_bin,mlp_h16,0.001,0.0,1.16153,0.23302,1914
0,6,age_bin,mlp_h32,0.001,0.0,1.19176,0.20899,1914
0,6,age_bin,mlp_h64,0.001,0.0,1.12888,0.28736,1914
0,6,age_bin,mlp_h128,0.001,0.0,1.11759,0.32027,1914
0,6,age_bin,attention,0.0001,1e-05,7.78632,0.21875,1914
0,6,age_bin,shuffled,0.01,0.0001,1.58568,0.32706,1914
0,6,gender,ema_lr1e-3,0.001,0.0001,1.10139,0.47231,1914
0,6,gender,ema_lr5e-3,0.005,0.0001,0.94788,0.53762,1914
0,6,gender,ema_lr1e-2,0.01,0.0001,0.9967,0.49321,1914
0,6,gender,ema_lr5e-2,0.05,0.0001,0.94046,0.50522,1914
0,6,gender,ema_lr1e-2_wd1e-3,0.01,0.001,1.03047,0.51306,1914
0,6,gender,ema_d0.99,0.01,0.0001,1.05733,0.49425,1914
0,6,gender,ema_d0.9999,0.01,0.0001,1.12415,0.50836,1914
0,6,gender,mlp_h16,0.001,0.0,0.69773,0.48746,1914
0,6,gender,mlp_h32,0.001,0.0,0.70731,0.48642,1914
0,6,gender,mlp_h64,0.001,0.0,0.71064,0.49164,1914
0,6,gender,mlp_h128,0.001,0.0,0.69157,0.56531,1914
0,6,gender,attention,0.0001,1e-05,2.38347,0.52344,1914
0,6,gender,shuffled,0.01,0.0001,1.11388,0.4838,1914
0,6,star_sign,ema_lr1e-3,0.001,0.0001,3.26753,0.10031,1914
0,6,star_sign,ema_lr5e-3,0.005,0.0001,3.31021,0.10084,1914
0,6,star_sign,ema_lr1e-2,0.01,0.0001,3.33197,0.08359,1914
0,6,star_sign,ema_lr5e-2,0.05,0.0001,3.22242,0.06897,1914
0,6,star_sign,ema_lr1e-2_wd1e-3,0.01,0.001,3.22202,0.08516,1914
0,6,star_sign,ema_d0.99,0.01,0.0001,3.25508,0.06374,1914
0,6,star_sign,ema_d0.9999,0.01,0.0001,3.3057,0.06165,1914
0,6,star_sign,mlp_h16,0.001,0.0,2.79758,0.00104,1914
0,6,star_sign,mlp_h32,0.001,0.0,2.7228,0.00052,1914
0,6,star_sign,mlp_h64,0.001,0.0,2.54082,0.01933,1914
0,6,star_sign,mlp_h128,0.001,0.0,2.26417,0.30982,1914
0,6,star_sign,attention,0.0001,1e-05,13.74698,0.0,1914
0,6,star_sign,shuffled,0.01,0.0001,3.29889,0.08098,1914
1,0,age_bin,ema_lr1e-3,0.001,0.0001,1.65725,0.33742,1959
1,0,age_bin,ema_lr5e-3,0.005,0.0001,1.60912,0.34763,1959
1,0,age_bin,ema_lr1e-2,0.01,0.0001,1.63334,0.34814,1959
1,0,age_bin,ema_lr5e-2,0.05,0.0001,1.56293,0.30781,1959
1,0,age_bin,ema_lr1e-2_wd1e-3,0.01,0.001,1.55804,0.34405,1959
1,0,age_bin,ema_d0.99,0.01,0.0001,1.65707,0.31751,1959
1,0,age_bin,ema_d0.9999,0.01,0.0001,1.6181,0.34201,1959
1,0,age_bin,mlp_h16,0.001,0.0,1.10743,0.41858,1959
1,0,age_bin,mlp_h32,0.001,0.0,1.13613,0.2828,1959
1,0,age_bin,mlp_h64,0.001,0.0,1.13304,0.27922,1959
1,0,age_bin,mlp_h128,0.001,0.0,1.09567,0.37366,1959
1,0,age_bin,attention,0.0001,1e-05,1.09635,0.40625,1959
1,0,age_bin,shuffled,0.01,0.0001,1.60988,0.33946,1959
1,0,gender,ema_lr1e-3,0.001,0.0001,1.20578,0.47422,1959
1,0,gender,ema_lr5e-3,0.005,0.0001,1.05705,0.50077,1959
1,0,gender,ema_lr1e-2,0.01,0.0001,1.05194,0.49056,1959
1,0,gender,ema_lr5e-2,0.05,0.0001,1.0593,0.49158,1959
1,0,gender,ema_lr1e-2_wd1e-3,0.01,0.001,1.07317,0.5074,1959
1,0,gender,ema_d0.99,0.01,0.0001,1.06269,0.51761,1959
1,0,gender,ema_d0.9999,0.01,0.0001,0.98916,0.53446,1959
1,0,gender,mlp_h16,0.001,0.0,0.69809,0.49719,1959
1,0,gender,mlp_h32,0.001,0.0,0.6944,0.55181,1959
1,0,gender,mlp_h64,0.001,0.0,0.7011,0.49413,1959
1,0,gender,mlp_h128,0.001,0.0,0.7363,0.44921,1959
1,0,gender,attention,0.0001,1e-05,0.69267,0.53125,1959
1,0,gender,shuffled,0.01,0.0001,1.01324,0.51046,1959
1,0,star_sign,ema_lr1e-3,0.001,0.0001,3.29772,0.0975,1959
1,0,star_sign,ema_lr5e-3,0.005,0.0001,3.23833,0.06789,1959
1,0,star_sign,ema_lr1e-2,0.01,0.0001,3.27286,0.11077,1959
1,0,star_sign,ema_lr5e-2,0.05,0.0001,3.21941,0.05921,1959
1,0,star_sign,ema_lr1e-2_wd1e-3,0.01,0.001,3.27784,0.10465,1959
1,0,star_sign,ema_d0.99,0.01,0.0001,3.35961,0.07044,1959
1,0,star_sign,ema_d0.9999,0.01,0.0001,3.22352,0.0587,1959
1,0,star_sign,mlp_h16,0.001,0.0,2.3295,0.20214,1959
1,0,star_sign,mlp_h32,0.001,0.0,2.37778,0.11077,1959
1,0,star_sign,mlp_h64,0.001,0.0,2.79535,0.04237,1959
1,0,star_sign,mlp_h128,0.001,0.0,2.32905,0.25727,1959
1,0,star_sign,attention,0.0001,1e-05,2.49087,0.0,1959
1,0,star_sign,shuffled,0.01,0.0001,3.30363,0.06483,1959
1,4,age_bin,ema_lr1e-3,0.001,0.0001,1.4804,0.34099,1959
1,4,age_bin,ema_lr5e-3,0.005,0.0001,1.46885,0.35222,1959
1,4,age_bin,ema_lr1e-2,0.01,0.0001,1.71743,0.30424,1959
1,4,age_bin,ema_lr5e-2,0.05,0.0001,1.55278,0.30168,1959
1,4,age_bin,ema_lr1e-2_wd1e-3,0.01,0.001,1.63575,0.32466,1959
1,4,age_bin,ema_d0.99,0.01,0.0001,1.55967,0.33027,1959
1,4,age_bin,ema_d0.9999,0.01,0.0001,1.57662,0.3609,1959
1,4,age_bin,mlp_h16,0.001,0.0,1.16491,0.23124,1959
1,4,age_bin,mlp_h32,0.001,0.0,1.06301,0.44257,1959
1,4,age_bin,mlp_h64,0.001,0.0,1.11907,0.3124,1959
1,4,age_bin,mlp_h128,0.001,0.0,1.10453,0.38489,1959
1,4,age_bin,attention,0.0001,1e-05,1.14588,0.44531,1959
1,4,age_bin,shuffled,0.01,0.0001,1.88822,0.32006,1959
1,4,gender,ema_lr1e-3,0.001,0.0001,1.08968,0.52169,1959
1,4,gender,ema_lr5e-3,0.005,0.0001,1.13517,0.50077,1959
1,4,gender,ema_lr1e-2,0.01,0.0001,1.02161,0.51812,1959
1,4,gender,ema_lr5e-2,0.05,0.0001,0.97353,0.48749,1959
1,4,gender,ema_lr1e-2_wd1e-3,0.01,0.001,0.95891,0.4977,1959
1,4,gender,ema_d0.99,0.01,0.0001,0.93858,0.49923,1959
1,4,gender,ema_d0.9999,0.01,0.0001,0.97078,0.50434,1959
1,4,gender,mlp_h16,0.001,0.0,0.68873,0.53803,1959
1,4,gender,mlp_h32,0.001,0.0,0.69729,0.55794,1959
1,4,gender,mlp_h64,0.001,0.0,0.68566,0.55896,1959
1,4,gender,mlp_h128,0.001,0.0,0.69177,0.54109,1959
1,4,gender,attention,0.0001,1e-05,1.76421,0.57031,1959
1,4,gender,shuffled,0.01,0.0001,0.96728,0.49719,1959
1,4,star_sign,ema_lr1e-3,0.001,0.0001,3.16445,0.09699,1959
1,4,star_sign,ema_lr5e-3,0.005,0.0001,3.37452,0.09342,1959
1,4,star_sign,ema_lr1e-2,0.01,0.0001,3.10018,0.073,1959
1,4,star_sign,ema_lr5e-2,0.05,0.0001,3.13362,0.0827,1959
1,4,star_sign,ema_lr1e-2_wd1e-3,0.01,0.001,3.05698,0.14957,1959
1,4,star_sign,ema_d0.99,0.01,0.0001,3.1166,0.08116,1959
1,4,star_sign,ema_d0.9999,0.01,0.0001,3.15072,0.05207,1959
1,4,star_sign,mlp_h16,0.001,0.0,2.43528,0.03675,1959
1,4,star_sign,mlp_h32,0.001,0.0,2.29301,0.26238,1959
1,4,star_sign,mlp_h64,0.001,0.0,2.43821,0.07912,1959
1,4,star_sign,mlp_h128,0.001,0.0,2.48056,0.07912,1959
1,4,star_sign,attention,0.0001,1e-05,2.64645,0.0,1959
1,4,star_sign,shuffled,0.01,0.0001,3.20445,0.12506,1959
1,6,age_bin,ema_lr1e-3,0.001,0.0001,1.70815,0.33895,1959
1,6,age_bin,ema_lr5e-3,0.005,0.0001,1.62157,0.37111,1959
1,6,age_bin,ema_lr1e-2,0.01,0.0001,1.59772,0.36294,1959
1,6,age_bin,ema_lr5e-2,0.05,0.0001,1.50565,0.35681,1959
1,6,age_bin,ema_lr1e-2_wd1e-3,0.01,0.001,1.79974,0.29556,1959
1,6,age_bin,ema_d0.99,0.01,0.0001,1.65179,0.34558,1959
1,6,age_bin,ema_d0.9999,0.01,0.0001,1.4837,0.37009,1959
1,6,age_bin,mlp_h16,0.001,0.0,1.17106,0.22869,1959
1,6,age_bin,mlp_h32,0.001,0.0,1.15811,0.24604,1959
1,6,age_bin,mlp_h64,0.001,0.0,1.08953,0.36498,1959
1,6,age_bin,mlp_h128,0.001,0.0,1.08126,0.38183,1959
1,6,age_bin,attention,0.0001,1e-05,6.16174,0.36719,1959
1,6,age_bin,shuffled,0.01,0.0001,1.54649,0.34814,1959
1,6,gender,ema_lr1e-3,0.001,0.0001,1.10576,0.47269,1959
1,6,gender,ema_lr5e-3,0.005,0.0001,0.98374,0.51557,1959
1,6,gender,ema_lr1e-2,0.01,0.0001,0.9521,0.52629,1959
1,6,gender,ema_lr5e-2,0.05,0.0001,1.01308,0.48137,1959
1,6,gender,ema_lr1e-2_wd1e-3,0.01,0.001,1.024,0.52016,1959
1,6,gender,ema_d0.99,0.01,0.0001,1.10835,0.49464,1959
1,6,gender,ema_d0.9999,0.01,0.0001,1.15542,0.50536,1959
1,6,gender,mlp_h16,0.001,0.0,0.69433,0.51046,1959
1,6,gender,mlp_h32,0.001,0.0,0.72297,0.43798,1959
1,6,gender,mlp_h64,0.001,0.0,0.70222,0.53599,1959
1,6,gender,mlp_h128,0.001,0.0,0.6925,0.56355,1959
1,6,gender,attention,0.0001,1e-05,2.55446,0.47656,1959
1,6,gender,shuffled,0.01,0.0001,1.07351,0.50536,1959
1,6,star_sign,ema_lr1e-3,0.001,0.0001,3.24263,0.09444,1959
1,6,star_sign,ema_lr5e-3,0.005,0.0001,3.36801,0.09852,1959
1,6,star_sign,ema_lr1e-2,0.01,0.0001,3.33372,0.06177,1959
1,6,star_sign,ema_lr5e-2,0.05,0.0001,3.14169,0.07453,1959
1,6,star_sign,ema_lr1e-2_wd1e-3,0.01,0.001,3.17072,0.09035,1959
1,6,star_sign,ema_d0.99,0.01,0.0001,3.22644,0.06534,1959
1,6,star_sign,ema_d0.9999,0.01,0.0001,3.3248,0.06534,1959
1,6,star_sign,mlp_h16,0.001,0.0,2.76401,0.00051,1959
1,6,star_sign,mlp_h32,0.001,0.0,2.6835,0.00153,1959
1,6,star_sign,mlp_h64,0.001,0.0,2.47665,0.04084,1959
1,6,star_sign,mlp_h128,0.001,0.0,2.15485,0.4829,1959
1,6,star_sign,attention,0.0001,1e-05,12.04084,0.0,1959
1,6,star_sign,shuffled,0.01,0.0001,3.26021,0.07657,1959
2,0,age_bin,ema_lr1e-3,0.001,0.0001,1.68515,0.31866,2090
2,0,age_bin,ema_lr5e-3,0.005,0.0001,1.59232,0.33923,2090
2,0,age_bin,ema_lr1e-2,0.01,0.0001,1.62496,0.32823,2090
2,0,age_bin,ema_lr5e-2,0.05,0.0001,1.52141,0.3134,2090
2,0,age_bin,ema_lr1e-2_wd1e-3,0.01,0.001,1.53802,0.33876,2090
2,0,age_bin,ema_d0.99,0.01,0.0001,1.69961,0.30526,2090
2,0,age_bin,ema_d0.9999,0.01,0.0001,1.59689,0.33828,2090
2,0,age_bin,mlp_h16,0.001,0.0,1.05146,0.51627,2090
2,0,age_bin,mlp_h32,0.001,0.0,1.10617,0.35167,2090
2,0,age_bin,mlp_h64,0.001,0.0,1.10729,0.33923,2090
2,0,age_bin,mlp_h128,0.001,0.0,1.09349,0.38612,2090
2,0,age_bin,attention,0.0001,1e-05,1.09295,0.5625,2090
2,0,age_bin,shuffled,0.01,0.0001,1.60321,0.32344,2090
2,0,gender,ema_lr1e-3,0.001,0.0001,1.1866,0.49378,2090
2,0,gender,ema_lr5e-3,0.005,0.0001,1.0529,0.50096,2090
2,0,gender,ema_lr1e-2,0.01,0.0001,1.00098,0.50718,2090
2,0,gender,ema_lr5e-2,0.05,0.0001,1.00931,0.50478,2090
2,0,gender,ema_lr1e-2_wd1e-3,0.01,0.001,1.10245,0.5,2090
2,0,gender,ema_d0.99,0.01,0.0001,1.03327,0.50574,2090
2,0,gender,ema_d0.9999,0.01,0.0001,1.04274,0.51435,2090
2,0,gender,mlp_h16,0.001,0.0,0.69933,0.51914,2090
2,0,gender,mlp_h32,0.001,0.0,0.70684,0.51388,2090
2,0,gender,mlp_h64,0.001,0.0,0.70316,0.50526,2090
2,0,gender,mlp_h128,0.001,0.0,0.70529,0.50383,2090
2,0,gender,attention,0.0001,1e-05,0.69152,0.5625,2090
2,0,gender,shuffled,0.01,0.0001,1.0398,0.48612,2090
2,0,star_sign,ema_lr1e-3,0.001,0.0001,3.23875,0.11435,2090
2,0,star_sign,ema_lr5e-3,0.005,0.0001,3.20539,0.07799,2090
2,0,star_sign,ema_lr1e-2,0.01,0.0001,3.25133,0.11579,2090
2,0,star_sign,ema_lr5e-2,0.05,0.0001,3.1124,0.07464,2090
2,0,star_sign,ema_lr1e-2_wd1e-3,0.01,0.001,3.23338,0.09713,2090
2,0,star_sign,ema_d0.99,0.01,0.0001,3.29546,0.06555,2090
2,0,star_sign,ema_d0.9999,0.01,0.0001,3.24515,0.06029,2090
2,0,star_sign,mlp_h16,0.001,0.0,2.29785,0.21196,2090
2,0,star_sign,mlp_h32,0.001,0.0,2.34844,0.11388,2090
2,0,star_sign,mlp_h64,0.001,0.0,2.73132,0.03732,2090
2,0,star_sign,mlp_h128,0.001,0.0,2.22823,0.4488,2090
2,0,star_sign,attention,0.0001,1e-05,2.48781,0.02344,2090
2,0,star_sign,shuffled,0.01,0.0001,3.27011,0.06507,2090
2,4,age_bin,ema_lr1e-3,0.001,0.0001,1.41293,0.33589,2090
2,4,age_bin,ema_lr5e-3,0.005,0.0001,1.50929,0.33349,2090
2,4,age_bin,ema_lr1e-2,0.01,0.0001,1.6044,0.31148,2090
2,4,age_bin,ema_lr5e-2,0.05,0.0001,1.47046,0.34163,2090
2,4,age_bin,ema_lr1e-2_wd1e-3,0.01,0.001,1.57223,0.35024,2090
2,4,age_bin,ema_d0.99,0.01,0.0001,1.52271,0.35646,2090
2,4,age_bin,ema_d0.9999,0.01,0.0001,1.57511,0.36268,2090
2,4,age_bin,mlp_h16,0.001,0.0,1.14116,0.26555,2090
2,4,age_bin,mlp_h32,0.001,0.0,1.06601,0.45885,2090
2,4,age_bin,mlp_h64,0.001,0.0,1.09237,0.36986,2090
2,4,age_bin,mlp_h128,0.001,0.0,1.10939,0.3311,2090
2,4,age_bin,attention,0.0001,1e-05,1.03505,0.5625,2090
2,4,age_bin,shuffled,0.01,0.0001,1.81841,0.3488,2090
2,4,gender,ema_lr1e-3,0.001,0.0001,1.10063,0.49234,2090
2,4,gender,ema_lr5e-3,0.005,0.0001,1.18192,0.47943,2090
2,4,gender,ema_lr1e-2,0.01,0.0001,1.11317,0.45694,2090
2,4,gender,ema_lr5e-2,0.05,0.0001,0.9456,0.49139,2090
2,4,gender,ema_lr1e-2_wd1e-3,0.01,0.001,0.97381,0.50239,2090
2,4,gender,ema_d0.99,0.01,0.0001,0.91296,0.52392,2090
2,4,gender,ema_d0.9999,0.01,0.0001,0.98721,0.48373,2090
2,4,gender,mlp_h16,0.001,0.0,0.70352,0.49952,2090
2,4,gender,mlp_h32,0.001,0.0,0.7176,0.5067,2090
2,4,gender,mlp_h64,0.001,0.0,0.70641,0.50574,2090
2,4,gender,mlp_h128,0.001,0.0,0.71389,0.50096,2090
2,4,gender,attention,0.0001,1e-05,1.81263,0.55469,2090
2,4,gender,shuffled,0.01,0.0001,0.93648,0.50239,2090
2,4,star_sign,ema_lr1e-3,0.001,0.0001,3.21408,0.10048,2090
2,4,star_sign,ema_lr5e-3,0.005,0.0001,3.40305,0.08947,2090
2,4,star_sign,ema_lr1e-2,0.01,0.0001,3.12593,0.06411,2090
2,4,star_sign,ema_lr5e-2,0.05,0.0001,3.04102,0.07273,2090
2,4,star_sign,ema_lr1e-2_wd1e-3,0.01,0.001,2.98432,0.14928,2090
2,4,star_sign,ema_d0.99,0.01,0.0001,3.09534,0.08373,2090
2,4,star_sign,ema_d0.9999,0.01,0.0001,3.15561,0.05311,2090
2,4,star_sign,mlp_h16,0.001,0.0,2.39281,0.07416,2090
2,4,star_sign,mlp_h32,0.001,0.0,2.24728,0.35981,2090
2,4,star_sign,mlp_h64,0.001,0.0,2.35058,0.15359,2090
2,4,star_sign,mlp_h128,0.001,0.0,2.36163,0.21675,2090
2,4,star_sign,attention,0.0001,1e-05,2.62466,0.0,2090
2,4,star_sign,shuffled,0.01,0.0001,3.27588,0.11866,2090
2,6,age_bin,ema_lr1e-3,0.001,0.0001,1.72077,0.2933,2090
2,6,age_bin,ema_lr5e-3,0.005,0.0001,1.61692,0.37033,2090
2,6,age_bin,ema_lr1e-2,0.01,0.0001,1.55754,0.34833,2090
2,6,age_bin,ema_lr5e-2,0.05,0.0001,1.5179,0.34354,2090
2,6,age_bin,ema_lr1e-2_wd1e-3,0.01,0.001,1.63948,0.3201,2090
2,6,age_bin,ema_d0.99,0.01,0.0001,1.68035,0.33541,2090
2,6,age_bin,ema_d0.9999,0.01,0.0001,1.55579,0.3244,2090
2,6,age_bin,mlp_h16,0.001,0.0,1.1423,0.24737,2090
2,6,age_bin,mlp_h32,0.001,0.0,1.17741,0.23254,2090
2,6,age_bin,mlp_h64,0.001,0.0,1.10709,0.32967,2090
2,6,age_bin,mlp_h128,0.001,0.0,1.07792,0.38565,2090
2,6,age_bin,attention,0.0001,1e-05,6.5555,0.21094,2090
2,6,age_bin,shuffled,0.01,0.0001,1.62873,0.3201,2090
2,6,gender,ema_lr1e-3,0.001,0.0001,1.04274,0.50718,2090
2,6,gender,ema_lr5e-3,0.005,0.0001,0.91681,0.53349,2090
2,6,gender,ema_lr1e-2,0.01,0.0001,0.92352,0.51579,2090
2,6,gender,ema_lr5e-2,0.05,0.0001,0.86207,0.54211,2090
2,6,gender,ema_lr1e-2_wd1e-3,0.01,0.001,1.10203,0.50191,2090
2,6,gender,ema_d0.99,0.01,0.0001,1.04822,0.49856,2090
2,6,gender,ema_d0.9999,0.01,0.0001,1.08213,0.51531,2090
2,6,gender,mlp_h16,0.001,0.0,0.69245,0.52201,2090
2,6,gender,mlp_h32,0.001,0.0,0.70833,0.49952,2090
2,6,gender,mlp_h64,0.001,0.0,0.71032,0.47847,2090
2,6,gender,mlp_h128,0.001,0.0,0.71059,0.51244,2090
2,6,gender,attention,0.0001,1e-05,1.98202,0.54688,2090
2,6,gender,shuffled,0.01,0.0001,1.05298,0.50383,2090
2,6,star_sign,ema_lr1e-3,0.001,0.0001,3.26698,0.09474,2090
2,6,star_sign,ema_lr5e-3,0.005,0.0001,3.35662,0.08852,2090
2,6,star_sign,ema_lr1e-2,0.01,0.0001,3.23355,0.08852,2090
2,6,star_sign,ema_lr5e-2,0.05,0.0001,3.15945,0.0823,2090
2,6,star_sign,ema_lr1e-2_wd1e-3,0.01,0.001,3.19658,0.08182,2090
2,6,star_sign,ema_d0.99,0.01,0.0001,3.22803,0.07464,2090
2,6,star_sign,ema_d0.9999,0.01,0.0001,3.25962,0.0689,2090
2,6,star_sign,mlp_h16,0.001,0.0,2.7557,0.00144,2090
2,6,star_sign,mlp_h32,0.001,0.0,2.63197,0.00096,2090
2,6,star_sign,mlp_h64,0.001,0.0,2.41384,0.07799,2090
2,6,star_sign,mlp_h128,0.001,0.0,2.07154,0.66124,2090
2,6,star_sign,attention,0.0001,1e-05,12.07675,0.0,2090
2,6,star_sign,shuffled,0.01,0.0001,3.27321,0.06651,2090
3,0,age_bin,ema_lr1e-3,0.001,0.0001,1.65923,0.3238,2029
3,0,age_bin,ema_lr5e-3,0.005,0.0001,1.63916,0.33514,2029
3,0,age_bin,ema_lr1e-2,0.01,0.0001,1.60054,0.31838,2029
3,0,age_bin,ema_lr5e-2,0.05,0.0001,1.48181,0.33711,2029
3,0,age_bin,ema_lr1e-2_wd1e-3,0.01,0.001,1.51027,0.35338,2029
3,0,age_bin,ema_d0.99,0.01,0.0001,1.59967,0.32627,2029
3,0,age_bin,ema_d0.9999,0.01,0.0001,1.59787,0.34007,2029
3,0,age_bin,mlp_h16,0.001,0.0,1.07783,0.4416,2029
3,0,age_bin,mlp_h32,0.001,0.0,1.10313,0.34352,2029
3,0,age_bin,mlp_h64,0.001,0.0,1.10382,0.34648,2029
3,0,age_bin,mlp_h128,0.001,0.0,1.09127,0.37112,2029
3,0,age_bin,attention,0.0001,1e-05,1.09667,0.39844,2029
3,0,age_bin,shuffled,0.01,0.0001,1.54469,0.35683,2029
3,0,gender,ema_lr1e-3,0.001,0.0001,1.11952,0.52242,2029
3,0,gender,ema_lr5e-3,0.005,0.0001,1.0543,0.48743,2029
3,0,gender,ema_lr1e-2,0.01,0.0001,1.06348,0.47511,2029
3,0,gender,ema_lr5e-2,0.05,0.0001,0.98033,0.49729,2029
3,0,gender,ema_lr1e-2_wd1e-3,0.01,0.001,1.03816,0.49877,2029
3,0,gender,ema_d0.99,0.01,0.0001,1.02943,0.49335,2029
3,0,gender,ema_d0.9999,0.01,0.0001,1.06248,0.49285,2029
3,0,gender,mlp_h16,0.001,0.0,0.7033,0.49581,2029
3,0,gender,mlp_h32,0.001,0.0,0.73875,0.39428,2029
3,0,gender,mlp_h64,0.001,0.0,0.70753,0.4825,2029
3,0,gender,mlp_h128,0.001,0.0,0.68801,0.55594,2029
3,0,gender,attention,0.0001,1e-05,0.69466,0.40625,2029
3,0,gender,shuffled,0.01,0.0001,1.05177,0.48891,2029
3,0,star_sign,ema_lr1e-3,0.001,0.0001,3.33543,0.09266,2029
3,0,star_sign,ema_lr5e-3,0.005,0.0001,3.20966,0.0621,2029
3,0,star_sign,ema_lr1e-2,0.01,0.0001,3.27092,0.14786,2029
3,0,star_sign,ema_lr5e-2,0.05,0.0001,3.08374,0.0897,2029
3,0,star_sign,ema_lr1e-2_wd1e-3,0.01,0.001,3.19979,0.11138,2029
3,0,star_sign,ema_d0.99,0.01,0.0001,3.23861,0.0759,2029
3,0,star_sign,ema_d0.9999,0.01,0.0001,3.21686,0.05865,2029
3,0,star_sign,mlp_h16,0.001,0.0,2.27056,0.28142,2029
3,0,star_sign,mlp_h32,0.001,0.0,2.30329,0.14194,2029
3,0,star_sign,mlp_h64,0.001,0.0,2.6707,0.03943,2029
3,0,star_sign,mlp_h128,0.001,0.0,2.12209,0.64416,2029
3,0,star_sign,attention,0.0001,1e-05,2.48614,0.01562,2029
3,0,star_sign,shuffled,0.01,0.0001,3.25371,0.05766,2029
3,4,age_bin,ema_lr1e-3,0.001,0.0001,1.46695,0.33218,2029
3,4,age_bin,ema_lr5e-3,0.005,0.0001,1.57135,0.29177,2029
3,4,age_bin,ema_lr1e-2,0.01,0.0001,1.53678,0.33317,2029
3,4,age_bin,ema_lr5e-2,0.05,0.0001,1.45693,0.32479,2029
3,4,age_bin,ema_lr1e-2_wd1e-3,0.01,0.001,1.49654,0.35091,2029
3,4,age_bin,ema_d0.99,0.01,0.0001,1.5118,0.33563,2029
3,4,age_bin,ema_d0.9999,0.01,0.0001,1.59009,0.33268,2029
3,4,age_bin,mlp_h16,0.001,0.0,1.12158,0.31641,2029
3,4,age_bin,mlp_h32,0.001,0.0,1.08594,0.40907,2029
3,4,age_bin,mlp_h64,0.001,0.0,1.09314,0.36767,2029
3,4,age_bin,mlp_h128,0.001,0.0,1.10936,0.32775,2029
3,4,age_bin,attention,0.0001,1e-05,1.10388,0.45312,2029
3,4,age_bin,shuffled,0.01,0.0001,1.76142,0.35091,2029
3,4,gender,ema_lr1e-3,0.001,0.0001,1.09802,0.46673,2029
3,4,gender,ema_lr5e-3,0.005,0.0001,1.08475,0.51207,2029
3,4,gender,ema_lr1e-2,0.01,0.0001,1.13463,0.47166,2029
3,4,gender,ema_lr5e-2,0.05,0.0001,0.91167,0.49926,2029
3,4,gender,ema_lr1e-2_wd1e-3,0.01,0.001,0.89487,0.51257,2029
3,4,gender,ema_d0.99,0.01,0.0001,0.92268,0.50123,2029
3,4,gender,ema_d0.9999,0.01,0.0001,0.96235,0.49088,2029
3,4,gender,mlp_h16,0.001,0.0,0.71729,0.43765,2029
3,4,gender,mlp_h32,0.001,0.0,0.75384,0.39921,2029
3,4,gender,mlp_h64,0.001,0.0,0.73373,0.42435,2029
3,4,gender,mlp_h128,0.001,0.0,0.72732,0.41646,2029
3,4,gender,attention,0.0001,1e-05,2.1773,0.42188,2029
3,4,gender,shuffled,0.01,0.0001,0.97901,0.4825,2029
3,4,star_sign,ema_lr1e-3,0.001,0.0001,3.17116,0.08477,2029
3,4,star_sign,ema_lr5e-3,0.005,0.0001,3.28816,0.10793,2029
3,4,star_sign,ema_lr1e-2,0.01,0.0001,3.06244,0.0828,2029
3,4,star_sign,ema_lr5e-2,0.05,0.0001,2.90019,0.10646,2029
3,4,star_sign,ema_lr1e-2_wd1e-3,0.01,0.001,3.05992,0.1242,2029
3,4,star_sign,ema_d0.99,0.01,0.0001,3.08626,0.09118,2029
3,4,star_sign,ema_d0.9999,0.01,0.0001,3.1293,0.05421,2029
3,4,star_sign,mlp_h16,0.001,0.0,2.36702,0.08871,2029
3,4,star_sign,mlp_h32,0.001,0.0,2.21018,0.40266,2029
3,4,star_sign,mlp_h64,0.001,0.0,2.27365,0.30064,2029
3,4,star_sign,mlp_h128,0.001,0.0,2.25166,0.30113,2029
3,4,star_sign,attention,0.0001,1e-05,2.60258,0.0,2029
3,4,star_sign,shuffled,0.01,0.0001,3.09534,0.14786,2029
3,6,age_bin,ema_lr1e-3,0.001,0.0001,1.75974,0.27698,2029
3,6,age_bin,ema_lr5e-3,0.005,0.0001,1.52648,0.37309,2029
3,6,age_bin,ema_lr1e-2,0.01,0.0001,1.55595,0.33563,2029
3,6,age_bin,ema_lr5e-2,0.05,0.0001,1.5415,0.32923,2029
3,6,age_bin,ema_lr1e-2_wd1e-3,0.01,0.001,1.58646,0.31789,2029
3,6,age_bin,ema_d0.99,0.01,0.0001,1.6452,0.3445,2029
3,6,age_bin,ema_d0.9999,0.01,0.0001,1.61132,0.32035,2029
3,6,age_bin,mlp_h16,0.001,0.0,1.12579,0.2967,2029
3,6,age_bin,mlp_h32,0.001,0.0,1.13163,0.30655,2029
3,6,age_bin,mlp_h64,0.001,0.0,1.09716,0.34303,2029
3,6,age_bin,mlp_h128,0.001,0.0,1.07619,0.40907,2029
3,6,age_bin,attention,0.0001,1e-05,5.48181,0.32031,2029
3,6,age_bin,shuffled,0.01,0.0001,1.58403,0.31986,2029
3,6,gender,ema_lr1e-3,0.001,0.0001,1.04662,0.50813,2029
3,6,gender,ema_lr5e-3,0.005,0.0001,0.987,0.50912,2029
3,6,gender,ema_lr1e-2,0.01,0.0001,1.05209,0.47314,2029
3,6,gender,ema_lr5e-2,0.05,0.0001,0.8531,0.52292,2029
3,6,gender,ema_lr1e-2_wd1e-3,0.01,0.001,1.06355,0.48497,2029
3,6,gender,ema_d0.99,0.01,0.0001,1.0058,0.52735,2029
3,6,gender,ema_d0.9999,0.01,0.0001,1.14363,0.49975,2029
3,6,gender,mlp_h16,0.001,0.0,0.69406,0.52144,2029
3,6,gender,mlp_h32,0.001,0.0,0.70072,0.4963,2029
3,6,gender,mlp_h64,0.001,0.0,0.71898,0.43223,2029
3,6,gender,mlp_h128,0.001,0.0,0.72735,0.42681,2029
3,6,gender,attention,0.0001,1e-05,2.44913,0.49219,2029
3,6,gender,shuffled,0.01,0.0001,1.09677,0.48152,2029
3,6,star_sign,ema_lr1e-3,0.001,0.0001,3.24722,0.10843,2029
3,6,star_sign,ema_lr5e-3,0.005,0.0001,3.28288,0.1035,2029
3,6,star_sign,ema_lr1e-2,0.01,0.0001,3.28622,0.06949,2029
3,6,star_sign,ema_lr5e-2,0.05,0.0001,2.94331,0.11188,2029
3,6,star_sign,ema_lr1e-2_wd1e-3,0.01,0.001,3.2565,0.08477,2029
3,6,star_sign,ema_d0.99,0.01,0.0001,3.16094,0.08034,2029
3,6,star_sign,ema_d0.9999,0.01,0.0001,3.31394,0.07146,2029
3,6,star_sign,mlp_h16,0.001,0.0,2.72424,0.00345,2029
3,6,star_sign,mlp_h32,0.001,0.0,2.60004,0.00493,2029
3,6,star_sign,mlp_h64,0.001,0.0,2.36125,0.12617,2029
3,6,star_sign,mlp_h128,0.001,0.0,1.963,0.82159,2029
3,6,star_sign,attention,0.0001,1e-05,11.31288,0.03125,2029
3,6,star_sign,shuffled,0.01,0.0001,3.28529,0.08724,2029
4,0,age_bin,ema_lr1e-3,0.001,0.0001,1.67336,0.33775,2114
4,0,age_bin,ema_lr5e-3,0.005,0.0001,1.64962,0.32687,2114
4,0,age_bin,ema_lr1e-2,0.01,0.0001,1.6447,0.34153,2114
4,0,age_bin,ema_lr5e-2,0.05,0.0001,1.501,0.3316,2114
4,0,age_bin,ema_lr1e-2_wd1e-3,0.01,0.001,1.58088,0.3316,2114
4,0,age_bin,ema_d0.99,0.01,0.0001,1.64202,0.30984,2114
4,0,age_bin,ema_d0.9999,0.01,0.0001,1.60917,0.34816,2114
4,0,age_bin,mlp_h16,0.001,0.0,1.11752,0.36613,2114
4,0,age_bin,mlp_h32,0.001,0.0,1.11231,0.34674,2114
4,0,age_bin,mlp_h64,0.001,0.0,1.10378,0.3543,2114
4,0,age_bin,mlp_h128,0.001,0.0,1.10528,0.36045,2114
4,0,age_bin,attention,0.0001,1e-05,1.09601,0.46875,2114
4,0,age_bin,shuffled,0.01,0.0001,1.61515,0.32119,2114
4,0,gender,ema_lr1e-3,0.001,0.0001,1.20135,0.47209,2114
4,0,gender,ema_lr5e-3,0.005,0.0001,1.09402,0.49953,2114
4,0,gender,ema_lr1e-2,0.01,0.0001,0.9883,0.52507,2114
4,0,gender,ema_lr5e-2,0.05,0.0001,1.00327,0.49338,2114
4,0,gender,ema_lr1e-2_wd1e-3,0.01,0.001,1.08371,0.4825,2114
4,0,gender,ema_d0.99,0.01,0.0001,0.99623,0.51325,2114
4,0,gender,ema_d0.9999,0.01,0.0001,1.0688,0.49858,2114
4,0,gender,mlp_h16,0.001,0.0,0.70207,0.50331,2114
4,0,gender,mlp_h32,0.001,0.0,0.70753,0.49953,2114
4,0,gender,mlp_h64,0.001,0.0,0.70088,0.49338,2114
4,0,gender,mlp_h128,0.001,0.0,0.70211,0.49716,2114
4,0,gender,attention,0.0001,1e-05,0.69222,0.5,2114
4,0,gender,shuffled,0.01,0.0001,0.99359,0.50331,2114
4,0,star_sign,ema_lr1e-3,0.001,0.0001,3.29081,0.10691,2114
4,0,star_sign,ema_lr5e-3,0.005,0.0001,3.21556,0.08089,2114
4,0,star_sign,ema_lr1e-2,0.01,0.0001,3.25856,0.12015,2114
4,0,star_sign,ema_lr5e-2,0.05,0.0001,3.03578,0.10218,2114
4,0,star_sign,ema_lr1e-2_wd1e-3,0.01,0.001,3.2152,0.11211,2114
4,0,star_sign,ema_d0.99,0.01,0.0001,3.27347,0.06906,2114
4,0,star_sign,ema_d0.9999,0.01,0.0001,3.23244,0.05061,2114
4,0,star_sign,mlp_h16,0.001,0.0,2.24916,0.29991,2114
4,0,star_sign,mlp_h32,0.001,0.0,2.27119,0.20151,2114
4,0,star_sign,mlp_h64,0.001,0.0,2.61415,0.04115,2114
4,0,star_sign,mlp_h128,0.001,0.0,2.02463,0.76821,2114
4,0,star_sign,attention,0.0001,1e-05,2.48387,0.02344,2114
4,0,star_sign,shuffled,0.01,0.0001,3.19816,0.07096,2114
4,4,age_bin,ema_lr1e-3,0.001,0.0001,1.43786,0.36329,2114
4,4,age_bin,ema_lr5e-3,0.005,0.0001,1.48383,0.35998,2114
4,4,age_bin,ema_lr1e-2,0.01,0.0001,1.53342,0.33633,2114
4,4,age_bin,ema_lr5e-2,0.05,0.0001,1.42069,0.3245,2114
4,4,age_bin,ema_lr1e-2_wd1e-3,0.01,0.001,1.44432,0.34721,2114
4,4,age_bin,ema_d0.99,0.01,0.0001,1.48242,0.34106,2114
4,4,age_bin,ema_d0.9999,0.01,0.0001,1.48368,0.36329,2114
4,4,age_bin,mlp_h16,0.001,0.0,1.11532,0.33586,2114
4,4,age_bin,mlp_h32,0.001,0.0,1.11084,0.36518,2114
4,4,age_bin,mlp_h64,0.001,0.0,1.09697,0.36897,2114
4,4,age_bin,mlp_h128,0.001,0.0,1.10424,0.35478,2114
4,4,age_bin,attention,0.0001,1e-05,1.09115,0.46875,2114
4,4,age_bin,shuffled,0.01,0.0001,1.75255,0.33113,2114
4,4,gender,ema_lr1e-3,0.001,0.0001,1.06381,0.5246,2114
4,4,gender,ema_lr5e-3,0.005,0.0001,1.09209,0.5052,2114
4,4,gender,ema_lr1e-2,0.01,0.0001,1.09455,0.48013,2114
4,4,gender,ema_lr5e-2,0.05,0.0001,0.88054,0.51277,2114
4,4,gender,ema_lr1e-2_wd1e-3,0.01,0.001,0.973,0.46358,2114
4,4,gender,ema_d0.99,0.01,0.0001,0.97201,0.48486,2114
4,4,gender,ema_d0.9999,0.01,0.0001,0.97639,0.49054,2114
4,4,gender,mlp_h16,0.001,0.0,0.70142,0.49811,2114
4,4,gender,mlp_h32,0.001,0.0,0.70323,0.52412,2114
4,4,gender,mlp_h64,0.001,0.0,0.69575,0.51703,2114
4,4,gender,mlp_h128,0.001,0.0,0.69771,0.51419,2114
4,4,gender,attention,0.0001,1e-05,1.66918,0.52344,2114
4,4,gender,shuffled,0.01,0.0001,0.93181,0.50426,2114
4,4,star_sign,ema_lr1e-3,0.001,0.0001,3.22722,0.08515,2114
4,4,star_sign,ema_lr5e-3,0.005,0.0001,3.3026,0.09555,2114
4,4,star_sign,ema_lr1e-2,0.01,0.0001,3.03795,0.07805,2114
4,4,star_sign,ema_lr5e-2,0.05,0.0001,2.93367,0.09886,2114
4,4,star_sign,ema_lr1e-2_wd1e-3,0.01,0.001,3.03733,0.14002,2114
4,4,star_sign,ema_d0.99,0.01,0.0001,3.08784,0.07994,2114
4,4,star_sign,ema_d0.9999,0.01,0.0001,3.15306,0.05251,2114
4,4,star_sign,mlp_h16,0.001,0.0,2.34103,0.11211,2114
4,4,star_sign,mlp_h32,0.001,0.0,2.16618,0.47729,2114
4,4,star_sign,mlp_h64,0.001,0.0,2.18505,0.44513,2114
4,4,star_sign,mlp_h128,0.001,0.0,2.13435,0.44986,2114
4,4,star_sign,attention,0.0001,1e-05,2.57098,0.0,2114
4,4,star_sign,shuffled,0.01,0.0001,3.05794,0.14995,2114
4,6,age_bin,ema_lr1e-3,0.001,0.0001,1.48908,0.3666,2114
4,6,age_bin,ema_lr5e-3,0.005,0.0001,1.58401,0.35336,2114
4,6,age_bin,ema_lr1e-2,0.01,0.0001,1.63732,0.32167,2114
4,6,age_bin,ema_lr5e-2,0.05,0.0001,1.49378,0.3491,2114
4,6,age_bin,ema_lr1e-2_wd1e-3,0.01,0.001,1.5704,0.33207,2114
4,6,age_bin,ema_d0.99,0.01,0.0001,1.79403,0.29139,2114
4,6,age_bin,ema_d0.9999,0.01,0.0001,1.59687,0.30416,2114
4,6,age_bin,mlp_h16,0.001,0.0,1.13632,0.2947,2114
4,6,age_bin,mlp_h32,0.001,0.0,1.1104,0.34248,2114
4,6,age_bin,mlp_h64,0.001,0.0,1.10354,0.32734,2114
4,6,age_bin,mlp_h128,0.001,0.0,1.12331,0.33775,2114
4,6,age_bin,attention,0.0001,1e-05,5.0617,0.32031,2114
4,6,age_bin,shuffled,0.01,0.0001,1.55269,0.32971,2114
4,6,gender,ema_lr1e-3,0.001,0.0001,1.02214,0.51798,2114
4,6,gender,ema_lr5e-3,0.005,0.0001,1.02258,0.5071,2114
4,6,gender,ema_lr1e-2,0.01,0.0001,1.05511,0.48723,2114
4,6,gender,ema_lr5e-2,0.05,0.0001,0.98648,0.49763,2114
4,6,gender,ema_lr1e-2_wd1e-3,0.01,0.001,1.04273,0.48628,2114
4,6,gender,ema_d0.99,0.01,0.0001,0.97131,0.54588,2114
4,6,gender,ema_d0.9999,0.01,0.0001,1.13206,0.4948,2114
4,6,gender,mlp_h16,0.001,0.0,0.68681,0.5369,2114
4,6,gender,mlp_h32,0.001,0.0,0.7021,0.50142,2114
4,6,gender,mlp_h64,0.001,0.0,0.70087,0.49432,2114
4,6,gender,mlp_h128,0.001,0.0,0.70187,0.50757,2114
4,6,gender,attention,0.0001,1e-05,2.27414,0.52344,2114
4,6,gender,shuffled,0.01,0.0001,1.05966,0.4948,2114
4,6,star_sign,ema_lr1e-3,0.001,0.0001,3.34246,0.08657,2114
4,6,star_sign,ema_lr5e-3,0.005,0.0001,3.33266,0.11022,2114
4,6,star_sign,ema_lr1e-2,0.01,0.0001,3.21078,0.09413,2114
4,6,star_sign,ema_lr5e-2,0.05,0.0001,3.00183,0.09745,2114
4,6,star_sign,ema_lr1e-2_wd1e-3,0.01,0.001,3.30789,0.07427,2114
4,6,star_sign,ema_d0.99,0.01,0.0001,3.05942,0.09413,2114
4,6,star_sign,ema_d0.9999,0.01,0.0001,3.42501,0.07379,2114
4,6,star_sign,mlp_h16,0.001,0.0,2.7219,0.00331,2114
4,6,star_sign,mlp_h32,0.001,0.0,2.5648,0.00804,2114
4,6,star_sign,mlp_h64,0.001,0.0,2.28738,0.20624,2114
4,6,star_sign,mlp_h128,0.001,0.0,1.84945,0.91769,2114
4,6,star_sign,attention,0.0001,1e-05,10.4874,0.00781,2114
4,6,star_sign,shuffled,0.01,0.0001,3.3561,0.07379,2114
5,0,age_bin,ema_lr1e-3,0.001,0.0001,1.68699,0.31502,1838
5,0,age_bin,ema_lr5e-3,0.005,0.0001,1.60667,0.32427,1838
5,0,age_bin,ema_lr1e-2,0.01,0.0001,1.59051,0.3161,1838
5,0,age_bin,ema_lr5e-2,0.05,0.0001,1.51322,0.33079,1838
5,0,age_bin,ema_lr1e-2_wd1e-3,0.01,0.001,1.47802,0.36289,1838
5,0,age_bin,ema_d0.99,0.01,0.0001,1.60768,0.32753,1838
5,0,age_bin,ema_d0.9999,0.01,0.0001,1.60951,0.32862,1838
5,0,age_bin,mlp_h16,0.001,0.0,1.04995,0.49565,1838
5,0,age_bin,mlp_h32,0.001,0.0,1.08371,0.42165,1838
5,0,age_bin,mlp_h64,0.001,0.0,1.08895,0.38955,1838
5,0,age_bin,mlp_h128,0.001,0.0,1.07379,0.46137,1838
5,0,age_bin,attention,0.0001,1e-05,1.09458,0.47656,1838
5,0,age_bin,shuffled,0.01,0.0001,1.57864,0.32971,1838
5,0,gender,ema_lr1e-3,0.001,0.0001,1.14258,0.50054,1838
5,0,gender,ema_lr5e-3,0.005,0.0001,1.04994,0.49619,1838
5,0,gender,ema_lr1e-2,0.01,0.0001,0.98575,0.50544,1838
5,0,gender,ema_lr5e-2,0.05,0.0001,0.96235,0.50163,1838
5,0,gender,ema_lr1e-2_wd1e-3,0.01,0.001,1.06094,0.48205,1838
5,0,gender,ema_d0.99,0.01,0.0001,1.05214,0.46464,1838
5,0,gender,ema_d0.9999,0.01,0.0001,1.00433,0.48313,1838
5,0,gender,mlp_h16,0.001,0.0,0.70071,0.50598,1838
5,0,gender,mlp_h32,0.001,0.0,0.72189,0.42873,1838
5,0,gender,mlp_h64,0.001,0.0,0.70216,0.5136,1838
5,0,gender,mlp_h128,0.001,0.0,0.69931,0.51687,1838
5,0,gender,attention,0.0001,1e-05,0.69379,0.47656,1838
5,0,gender,shuffled,0.01,0.0001,0.95541,0.51904,1838
5,0,star_sign,ema_lr1e-3,0.001,0.0001,3.26099,0.10827,1838
5,0,star_sign,ema_lr5e-3,0.005,0.0001,3.14977,0.07127,1838
5,0,star_sign,ema_lr1e-2,0.01,0.0001,3.23595,0.13221,1838
5,0,star_sign,ema_lr5e-2,0.05,0.0001,2.92207,0.10773,1838
5,0,star_sign,ema_lr1e-2_wd1e-3,0.01,0.001,3.19127,0.11589,1838
5,0,star_sign,ema_d0.99,0.01,0.0001,3.26905,0.07617,1838
5,0,star_sign,ema_d0.9999,0.01,0.0001,3.17238,0.06801,1838
5,0,star_sign,mlp_h16,0.001,0.0,2.23341,0.32427,1838
5,0,star_sign,mlp_h32,0.001,0.0,2.23527,0.22797,1838
5,0,star_sign,mlp_h64,0.001,0.0,2.53284,0.07889,1838
5,0,star_sign,mlp_h128,0.001,0.0,1.91724,0.87704,1838
5,0,star_sign,attention,0.0001,1e-05,2.48117,0.02344,1838
5,0,star_sign,shuffled,0.01,0.0001,3.23727,0.06583,1838
5,4,age_bin,ema_lr1e-3,0.001,0.0001,1.54277,0.30141,1838
5,4,age_bin,ema_lr5e-3,0.005,0.0001,1.53221,0.32209,1838
5,4,age_bin,ema_lr1e-2,0.01,0.0001,1.53025,0.31175,1838
5,4,age_bin,ema_lr5e-2,0.05,0.0001,1.43919,0.31828,1838
5,4,age_bin,ema_lr1e-2_wd1e-3,0.01,0.001,1.59492,0.31502,1838
5,4,age_bin,ema_d0.99,0.01,0.0001,1.50069,0.31828,1838
5,4,age_bin,ema_d0.9999,0.01,0.0001,1.57874,0.32644,1838
5,4,age_bin,mlp_h16,0.001,0.0,1.09392,0.37214,1838
5,4,age_bin,mlp_h32,0.001,0.0,1.07379,0.4445,1838
5,4,age_bin,mlp_h64,0.001,0.0,1.07833,0.43634,1838
5,4,age_bin,mlp_h128,0.001,0.0,1.08387,0.41404,1838
5,4,age_bin,attention,0.0001,1e-05,1.03742,0.50781,1838
5,4,age_bin,shuffled,0.01,0.0001,1.72142,0.33297,1838
5,4,gender,ema_lr1e-3,0.001,0.0001,1.07215,0.51632,1838
5,4,gender,ema_lr5e-3,0.005,0.0001,1.10043,0.48694,1838
5,4,gender,ema_lr1e-2,0.01,0.0001,1.05156,0.4951,1838
5,4,gender,ema_lr5e-2,0.05,0.0001,0.91476,0.47715,1838
5,4,gender,ema_lr1e-2_wd1e-3,0.01,0.001,0.93076,0.48422,1838
5,4,gender,ema_d0.99,0.01,0.0001,0.90792,0.5,1838
5,4,gender,ema_d0.9999,0.01,0.0001,0.98987,0.46953,1838
5,4,gender,mlp_h16,0.001,0.0,0.70129,0.49402,1838
5,4,gender,mlp_h32,0.001,0.0,0.73517,0.43254,1838
5,4,gender,mlp_h64,0.001,0.0,0.71033,0.48749,1838
5,4,gender,mlp_h128,0.001,0.0,0.70708,0.48205,1838
5,4,gender,attention,0.0001,1e-05,1.82652,0.46875,1838
5,4,gender,shuffled,0.01,0.0001,0.93512,0.50653,1838
5,4,star_sign,ema_lr1e-3,0.001,0.0001,3.11518,0.11153,1838
5,4,star_sign,ema_lr5e-3,0.005,0.0001,3.30981,0.10827,1838
5,4,star_sign,ema_lr1e-2,0.01,0.0001,3.03721,0.06638,1838
5,4,star_sign,ema_lr5e-2,0.05,0.0001,2.7277,0.13166,1838
5,4,star_sign,ema_lr1e-2_wd1e-3,0.01,0.001,3.06422,0.13711,1838
5,4,star_sign,ema_d0.99,0.01,0.0001,3.0669,0.07835,1838
5,4,star_sign,ema_d0.9999,0.01,0.0001,3.08427,0.06257,1838
5,4,star_sign,mlp_h16,0.001,0.0,2.31012,0.12514,1838
5,4,star_sign,mlp_h32,0.001,0.0,2.12503,0.53808,1838
5,4,star_sign,mlp_h64,0.001,0.0,2.11839,0.56529,1838
5,4,star_sign,mlp_h128,0.001,0.0,2.0216,0.62786,1838
5,4,star_sign,attention,0.0001,1e-05,2.55069,0.0,1838
5,4,star_sign,shuffled,0.01,0.0001,3.13377,0.1235,1838
5,6,age_bin,ema_lr1e-3,0.001,0.0001,1.7077,0.30087,1838
5,6,age_bin,ema_lr5e-3,0.005,0.0001,1.5881,0.34657,1838
5,6,age_bin,ema_lr1e-2,0.01,0.0001,1.61136,0.3259,1838
5,6,age_bin,ema_lr5e-2,0.05,0.0001,1.41586,0.35691,1838
5,6,age_bin,ema_lr1e-2_wd1e-3,0.01,0.001,1.49727,0.35365,1838
5,6,age_bin,ema_d0.99,0.01,0.0001,1.60268,0.33841,1838
5,6,age_bin,ema_d0.9999,0.01,0.0001,1.44169,0.3667,1838
5,6,age_bin,mlp_h16,0.001,0.0,1.11134,0.3161,1838
5,6,age_bin,mlp_h32,0.001,0.0,1.12848,0.31338,1838
5,6,age_bin,mlp_h64,0.001,0.0,1.09625,0.37051,1838
5,6,age_bin,mlp_h128,0.001,0.0,1.07757,0.45702,1838
5,6,age_bin,attention,0.0001,1e-05,5.042,0.32031,1838
5,6,age_bin,shuffled,0.01,0.0001,1.50292,0.3482,1838
5,6,gender,ema_lr1e-3,0.001,0.0001,1.12798,0.46899,1838
5,6,gender,ema_lr5e-3,0.005,0.0001,1.05884,0.48531,1838
5,6,gender,ema_lr1e-2,0.01,0.0001,0.9529,0.50653,1838
5,6,gender,ema_lr5e-2,0.05,0.0001,0.85843,0.51143,1838
5,6,gender,ema_lr1e-2_wd1e-3,0.01,0.001,1.00786,0.50979,1838
5,6,gender,ema_d0.99,0.01,0.0001,0.96728,0.53373,1838
5,6,gender,ema_d0.9999,0.01,0.0001,1.11418,0.49347,1838
5,6,gender,mlp_h16,0.001,0.0,0.69673,0.49619,1838
5,6,gender,mlp_h32,0.001,0.0,0.69604,0.51143,1838
5,6,gender,mlp_h64,0.001,0.0,0.71466,0.47334,1838
5,6,gender,mlp_h128,0.001,0.0,0.69763,0.52231,1838
5,6,gender,attention,0.0001,1e-05,2.11315,0.53125,1838
5,6,gender,shuffled,0.01,0.0001,0.9969,0.50326,1838
5,6,star_sign,ema_lr1e-3,0.001,0.0001,3.24762,0.10337,1838
5,6,star_sign,ema_lr5e-3,0.005,0.0001,3.28033,0.09412,1838
5,6,star_sign,ema_lr1e-2,0.01,0.0001,3.2739,0.07127,1838
5,6,star_sign,ema_lr5e-2,0.05,0.0001,3.08781,0.09304,1838
5,6,star_sign,ema_lr1e-2_wd1e-3,0.01,0.001,3.06624,0.10501,1838
5,6,star_sign,ema_d0.99,0.01,0.0001,3.28589,0.07182,1838
5,6,star_sign,ema_d0.9999,0.01,0.0001,3.18447,0.07508,1838
5,6,star_sign,mlp_h16,0.001,0.0,2.67375,0.00707,1838
5,6,star_sign,mlp_h32,0.001,0.0,2.51077,0.02067,1838
5,6,star_sign,mlp_h64,0.001,0.0,2.23362,0.30033,1838
5,6,star_sign,mlp_h128,0.001,0.0,1.80393,0.95321,1838
5,6,star_sign,attention,0.0001,1e-05,9.41351,0.02344,1838
5,6,star_sign,shuffled,0.01,0.0001,3.20735,0.08324,1838
6,0,age_bin,ema_lr1e-3,0.001,0.0001,1.66332,0.31308,1926
6,0,age_bin,ema_lr5e-3,0.005,0.0001,1.58793,0.35202,1926
6,0,age_bin,ema_lr1e-2,0.01,0.0001,1.53356,0.33956,1926
6,0,age_bin,ema_lr5e-2,0.05,0.0001,1.45613,0.33074,1926
6,0,age_bin,ema_lr1e-2_wd1e-3,0.01,0.001,1.52556,0.34268,1926
6,0,age_bin,ema_d0.99,0.01,0.0001,1.59383,0.34008,1926
6,0,age_bin,ema_d0.9999,0.01,0.0001,1.51753,0.34995,1926
6,0,age_bin,mlp_h16,0.001,0.0,1.04421,0.53167,1926
6,0,age_bin,mlp_h32,0.001,0.0,1.07541,0.43977,1926
6,0,age_bin,mlp_h64,0.001,0.0,1.07082,0.45275,1926
6,0,age_bin,mlp_h128,0.001,0.0,1.04601,0.49792,1926
6,0,age_bin,attention,0.0001,1e-05,1.09199,0.55469,1926
6,0,age_bin,shuffled,0.01,0.0001,1.55173,0.3297,1926
6,0,gender,ema_lr1e-3,0.001,0.0001,1.11904,0.50935,1926
6,0,gender,ema_lr5e-3,0.005,0.0001,1.05392,0.49896,1926
6,0,gender,ema_lr1e-2,0.01,0.0001,0.99307,0.49533,1926
6,0,gender,ema_lr5e-2,0.05,0.0001,0.95334,0.49377,1926
6,0,gender,ema_lr1e-2_wd1e-3,0.01,0.001,1.04451,0.49948,1926
6,0,gender,ema_d0.99,0.01,0.0001,1.02859,0.49896,1926
6,0,gender,ema_d0.9999,0.01,0.0001,1.02538,0.4865,1926
6,0,gender,mlp_h16,0.001,0.0,0.69487,0.50467,1926
6,0,gender,mlp_h32,0.001,0.0,0.7138,0.44289,1926
6,0,gender,mlp_h64,0.001,0.0,0.69607,0.51038,1926
6,0,gender,mlp_h128,0.001,0.0,0.69282,0.52752,1926
6,0,gender,attention,0.0001,1e-05,0.69385,0.5,1926
6,0,gender,shuffled,0.01,0.0001,0.97941,0.50208,1926
6,0,star_sign,ema_lr1e-3,0.001,0.0001,3.29519,0.10332,1926
6,0,star_sign,ema_lr5e-3,0.005,0.0001,3.20404,0.07684,1926
6,0,star_sign,ema_lr1e-2,0.01,0.0001,3.14325,0.13967,1926
6,0,star_sign,ema_lr5e-2,0.05,0.0001,2.8795,0.1189,1926
6,0,star_sign,ema_lr1e-2_wd1e-3,0.01,0.001,3.20969,0.10903,1926
6,0,star_sign,ema_d0.99,0.01,0.0001,3.23394,0.0758,1926
6,0,star_sign,ema_d0.9999,0.01,0.0001,3.15053,0.06023,1926
6,0,star_sign,mlp_h16,0.001,0.0,2.20565,0.34735,1926
6,0,star_sign,mlp_h32,0.001,0.0,2.19309,0.34476,1926
6,0,star_sign,mlp_h64,0.001,0.0,2.48009,0.12098,1926
6,0,star_sign,mlp_h128,0.001,0.0,1.82374,0.94341,1926
6,0,star_sign,attention,0.0001,1e-05,2.47934,0.08594,1926
6,0,star_sign,shuffled,0.01,0.0001,3.19978,0.06906,1926
6,4,age_bin,ema_lr1e-3,0.001,0.0001,1.48816,0.3297,1926
6,4,age_bin,ema_lr5e-3,0.005,0.0001,1.49255,0.33126,1926
6,4,age_bin,ema_lr1e-2,0.01,0.0001,1.46642,0.33333,1926
6,4,age_bin,ema_lr5e-2,0.05,0.0001,1.42315,0.31412,1926
6,4,age_bin,ema_lr1e-2_wd1e-3,0.01,0.001,1.49215,0.33853,1926
6,4,age_bin,ema_d0.99,0.01,0.0001,1.45032,0.35722,1926
6,4,age_bin,ema_d0.9999,0.01,0.0001,1.56583,0.33126,1926
6,4,age_bin,mlp_h16,0.001,0.0,1.08949,0.38318,1926
6,4,age_bin,mlp_h32,0.001,0.0,1.05301,0.4974,1926
6,4,age_bin,mlp_h64,0.001,0.0,1.0508,0.50312,1926
6,4,age_bin,mlp_h128,0.001,0.0,1.05806,0.46106,1926
6,4,age_bin,attention,0.0001,1e-05,1.05015,0.54688,1926
6,4,age_bin,shuffled,0.01,0.0001,1.66092,0.34268,1926
6,4,gender,ema_lr1e-3,0.001,0.0001,1.07403,0.49792,1926
6,4,gender,ema_lr5e-3,0.005,0.0001,1.11338,0.47923,1926
6,4,gender,ema_lr1e-2,0.01,0.0001,1.07614,0.48339,1926
6,4,gender,ema_lr5e-2,0.05,0.0001,0.92085,0.4891,1926
6,4,gender,ema_lr1e-2_wd1e-3,0.01,0.001,0.928,0.50571,1926
6,4,gender,ema_d0.99,0.01,0.0001,0.92328,0.50363,1926
6,4,gender,ema_d0.9999,0.01,0.0001,0.91621,0.5135,1926
6,4,gender,mlp_h16,0.001,0.0,0.69937,0.49169,1926
6,4,gender,mlp_h32,0.001,0.0,0.72104,0.46002,1926
6,4,gender,mlp_h64,0.001,0.0,0.69377,0.53271,1926
6,4,gender,mlp_h128,0.001,0.0,0.70329,0.49896,1926
6,4,gender,attention,0.0001,1e-05,1.7022,0.45312,1926
6,4,gender,shuffled,0.01,0.0001,0.92521,0.5135,1926
6,4,star_sign,ema_lr1e-3,0.001,0.0001,3.08652,0.10644,1926
6,4,star_sign,ema_lr5e-3,0.005,0.0001,3.3615,0.08515,1926
6,4,star_sign,ema_lr1e-2,0.01,0.0001,2.96347,0.08982,1926
6,4,star_sign,ema_lr5e-2,0.05,0.0001,2.68464,0.12098,1926
6,4,star_sign,ema_lr1e-2_wd1e-3,0.01,0.001,2.96487,0.14434,1926
6,4,star_sign,ema_d0.99,0.01,0.0001,2.98079,0.08359,1926
6,4,star_sign,ema_d0.9999,0.01,0.0001,3.07353,0.05452,1926
6,4,star_sign,mlp_h16,0.001,0.0,2.28421,0.12046,1926
6,4,star_sign,mlp_h32,0.001,0.0,2.09152,0.58879,1926
6,4,star_sign,mlp_h64,0.001,0.0,2.02584,0.70405,1926
6,4,star_sign,mlp_h128,0.001,0.0,1.92983,0.78712,1926
6,4,star_sign,attention,0.0001,1e-05,2.52474,0.00781,1926
6,4,star_sign,shuffled,0.01,0.0001,3.16049,0.11786,1926
6,6,age_bin,ema_lr1e-3,0.001,0.0001,1.69236,0.31776,1926
6,6,age_bin,ema_lr5e-3,0.005,0.0001,1.57555,0.35514,1926
6,6,age_bin,ema_lr1e-2,0.01,0.0001,1.64387,0.30166,1926
6,6,age_bin,ema_lr5e-2,0.05,0.0001,1.46484,0.33593,1926
6,6,age_bin,ema_lr1e-2_wd1e-3,0.01,0.001,1.61201,0.32555,1926
6,6,age_bin,ema_d0.99,0.01,0.0001,1.55045,0.33904,1926
6,6,age_bin,ema_d0.9999,0.01,0.0001,1.56877,0.32451,1926
6,6,age_bin,mlp_h16,0.001,0.0,1.10537,0.33229,1926
6,6,age_bin,mlp_h32,0.001,0.0,1.12207,0.33541,1926
6,6,age_bin,mlp_h64,0.001,0.0,1.06274,0.42575,1926
6,6,age_bin,mlp_h128,0.001,0.0,1.03752,0.50312,1926
6,6,age_bin,attention,0.0001,1e-05,5.2618,0.25781,1926
6,6,age_bin,shuffled,0.01,0.0001,1.51865,0.33489,1926
6,6,gender,ema_lr1e-3,0.001,0.0001,1.1685,0.4756,1926
6,6,gender,ema_lr5e-3,0.005,0.0001,0.85689,0.58567,1926
6,6,gender,ema_lr1e-2,0.01,0.0001,0.98633,0.49325,1926
6,6,gender,ema_lr5e-2,0.05,0.0001,0.86845,0.51973,1926
6,6,gender,ema_lr1e-2_wd1e-3,0.01,0.001,1.0826,0.49429,1926
6,6,gender,ema_d0.99,0.01,0.0001,1.10432,0.48235,1926
6,6,gender,ema_d0.9999,0.01,0.0001,1.04662,0.51973,1926
6,6,gender,mlp_h16,0.001,0.0,0.68945,0.52648,1926
6,6,gender,mlp_h32,0.001,0.0,0.68807,0.54413,1926
6,6,gender,mlp_h64,0.001,0.0,0.69109,0.53115,1926
6,6,gender,mlp_h128,0.001,0.0,0.68969,0.55088,1926
6,6,gender,attention,0.0001,1e-05,2.09673,0.5,1926
6,6,gender,shuffled,0.01,0.0001,1.04351,0.49429,1926
6,6,star_sign,ema_lr1e-3,0.001,0.0001,3.26847,0.10488,1926
6,6,star_sign,ema_lr5e-3,0.005,0.0001,3.23753,0.11734,1926
6,6,star_sign,ema_lr1e-2,0.01,0.0001,3.24851,0.09917,1926
6,6,star_sign,ema_lr5e-2,0.05,0.0001,2.9841,0.09969,1926
6,6,star_sign,ema_lr1e-2_wd1e-3,0.01,0.001,3.22306,0.08307,1926
6,6,star_sign,ema_d0.99,0.01,0.0001,3.31325,0.06231,1926
6,6,star_sign,ema_d0.9999,0.01,0.0001,3.17662,0.07269,1926
6,6,star_sign,mlp_h16,0.001,0.0,2.64513,0.01661,1926
6,6,star_sign,mlp_h32,0.001,0.0,2.48119,0.03271,1926
6,6,star_sign,mlp_h64,0.001,0.0,2.17947,0.41848,1926
6,6,star_sign,mlp_h128,0.001,0.0,1.68217,0.98027,1926
6,6,star_sign,attention,0.0001,1e-05,8.97245,0.01562,1926
6,6,star_sign,shuffled,0.01,0.0001,3.23755,0.07477,1926
7,0,age_bin,ema_lr1e-3,0.001,0.0001,1.69923,0.31002,1987
7,0,age_bin,ema_lr5e-3,0.005,0.0001,1.61044,0.33719,1987
7,0,age_bin,ema_lr1e-2,0.01,0.0001,1.65447,0.29995,1987
7,0,age_bin,ema_lr5e-2,0.05,0.0001,1.44018,0.34877,1987
7,0,age_bin,ema_lr1e-2_wd1e-3,0.01,0.001,1.50893,0.34373,1987
7,0,age_bin,ema_d0.99,0.01,0.0001,1.63742,0.31505,1987
7,0,age_bin,ema_d0.9999,0.01,0.0001,1.54649,0.34071,1987
7,0,age_bin,mlp_h16,0.001,0.0,1.0418,0.52843,1987
7,0,age_bin,mlp_h32,0.001,0.0,1.0663,0.45848,1987
7,0,age_bin,mlp_h64,0.001,0.0,1.06715,0.4615,1987
7,0,age_bin,mlp_h128,0.001,0.0,1.04617,0.50629,1987
7,0,age_bin,attention,0.0001,1e-05,1.09406,0.49219,1987
7,0,age_bin,shuffled,0.01,0.0001,1.59063,0.33417,1987
7,0,gender,ema_lr1e-3,0.001,0.0001,1.1651,0.51082,1987
7,0,gender,ema_lr5e-3,0.005,0.0001,1.0718,0.48566,1987
7,0,gender,ema_lr1e-2,0.01,0.0001,1.0198,0.47962,1987
7,0,gender,ema_lr5e-2,0.05,0.0001,0.93722,0.51837,1987
7,0,gender,ema_lr1e-2_wd1e-3,0.01,0.001,1.01118,0.52089,1987
7,0,gender,ema_d0.99,0.01,0.0001,0.97595,0.51636,1987
7,0,gender,ema_d0.9999,0.01,0.0001,1.04551,0.49522,1987
7,0,gender,mlp_h16,0.001,0.0,0.70196,0.50176,1987
7,0,gender,mlp_h32,0.001,0.0,0.69763,0.51283,1987
7,0,gender,mlp_h64,0.001,0.0,0.69429,0.52139,1987
7,0,gender,mlp_h128,0.001,0.0,0.69321,0.51434,1987
7,0,gender,attention,0.0001,1e-05,0.69356,0.50781,1987
7,0,gender,shuffled,0.01,0.0001,0.98264,0.51283,1987
7,0,star_sign,ema_lr1e-3,0.001,0.0001,3.27217,0.09914,1987
7,0,star_sign,ema_lr5e-3,0.005,0.0001,3.21021,0.08858,1987
7,0,star_sign,ema_lr1e-2,0.01,0.0001,3.24026,0.13085,1987
7,0,star_sign,ema_lr5e-2,0.05,0.0001,2.87652,0.11877,1987
7,0,star_sign,ema_lr1e-2_wd1e-3,0.01,0.001,3.16525,0.09914,1987
7,0,star_sign,ema_d0.99,0.01,0.0001,3.21752,0.08405,1987
7,0,star_sign,ema_d0.9999,0.01,0.0001,3.22855,0.05385,1987
7,0,star_sign,mlp_h16,0.001,0.0,2.18222,0.34977,1987
7,0,star_sign,mlp_h32,0.001,0.0,2.16163,0.38601,1987
7,0,star_sign,mlp_h64,0.001,0.0,2.41861,0.13991,1987
7,0,star_sign,mlp_h128,0.001,0.0,1.72939,0.96829,1987
7,0,star_sign,attention,0.0001,1e-05,2.47736,0.08594,1987
7,0,star_sign,shuffled,0.01,0.0001,3.22362,0.06593,1987
7,4,age_bin,ema_lr1e-3,0.001,0.0001,1.45111,0.3382,1987
7,4,age_bin,ema_lr5e-3,0.005,0.0001,1.56771,0.30196,1987
7,4,age_bin,ema_lr1e-2,0.01,0.0001,1.49961,0.31454,1987
7,4,age_bin,ema_lr5e-2,0.05,0.0001,1.34133,0.35531,1987
7,4,age_bin,ema_lr1e-2_wd1e-3,0.01,0.001,1.5002,0.33971,1987
7,4,age_bin,ema_d0.99,0.01,0.0001,1.43595,0.3543,1987
7,4,age_bin,ema_d0.9999,0.01,0.0001,1.49061,0.35078,1987
7,4,age_bin,mlp_h16,0.001,0.0,1.0877,0.38953,1987
7,4,age_bin,mlp_h32,0.001,0.0,1.05817,0.4927,1987
7,4,age_bin,mlp_h64,0.001,0.0,1.04996,0.5078,1987
7,4,age_bin,mlp_h128,0.001,0.0,1.04395,0.49673,1987
7,4,age_bin,attention,0.0001,1e-05,1.06298,0.5,1987
7,4,age_bin,shuffled,0.01,0.0001,1.61162,0.32763,1987
7,4,gender,ema_lr1e-3,0.001,0.0001,1.08979,0.49069,1987
7,4,gender,ema_lr5e-3,0.005,0.0001,1.05073,0.48868,1987
7,4,gender,ema_lr1e-2,0.01,0.0001,0.99253,0.50579,1987
7,4,gender,ema_lr5e-2,0.05,0.0001,0.83905,0.51434,1987
7,4,gender,ema_lr1e-2_wd1e-3,0.01,0.001,0.93396,0.49673,1987
7,4,gender,ema_d0.99,0.01,0.0001,0.89592,0.51988,1987
7,4,gender,ema_d0.9999,0.01,0.0001,0.97363,0.47056,1987
7,4,gender,mlp_h16,0.001,0.0,0.69539,0.51434,1987
7,4,gender,mlp_h32,0.001,0.0,0.70311,0.50931,1987
7,4,gender,mlp_h64,0.001,0.0,0.69396,0.53749,1987
7,4,gender,mlp_h128,0.001,0.0,0.6913,0.53649,1987
7,4,gender,attention,0.0001,1e-05,1.5937,0.45312,1987
7,4,gender,shuffled,0.01,0.0001,0.90441,0.50931,1987
7,4,star_sign,ema_lr1e-3,0.001,0.0001,3.31288,0.08052,1987
7,4,star_sign,ema_lr5e-3,0.005,0.0001,3.25319,0.11072,1987
7,4,star_sign,ema_lr1e-2,0.01,0.0001,2.99074,0.08505,1987
7,4,star_sign,ema_lr5e-2,0.05,0.0001,2.68075,0.12884,1987
7,4,star_sign,ema_lr1e-2_wd1e-3,0.01,0.001,2.97302,0.14142,1987
7,4,star_sign,ema_d0.99,0.01,0.0001,3.02097,0.08707,1987
7,4,star_sign,ema_d0.9999,0.01,0.0001,3.03372,0.05033,1987
7,4,star_sign,mlp_h16,0.001,0.0,2.2822,0.11273,1987
7,4,star_sign,mlp_h32,0.001,0.0,2.05883,0.64117,1987
7,4,star_sign,mlp_h64,0.001,0.0,1.94899,0.81429,1987
7,4,star_sign,mlp_h128,0.001,0.0,1.81528,0.92149,1987
7,4,star_sign,attention,0.0001,1e-05,2.51044,0.0,1987
7,4,star_sign,shuffled,0.01,0.0001,2.97514,0.14092,1987
7,6,age_bin,ema_lr1e-3,0.001,0.0001,1.72549,0.31404,1987
7,6,age_bin,ema_lr5e-3,0.005,0.0001,1.65996,0.3377,1987
7,6,age_bin,ema_lr1e-2,0.01,0.0001,1.57138,0.3382,1987
7,6,age_bin,ema_lr5e-2,0.05,0.0001,1.436,0.34675,1987
7,6,age_bin,ema_lr1e-2_wd1e-3,0.01,0.001,1.55555,0.32813,1987
7,6,age_bin,ema_d0.99,0.01,0.0001,1.57905,0.31706,1987
7,6,age_bin,ema_d0.9999,0.01,0.0001,1.5925,0.29844,1987
7,6,age_bin,mlp_h16,0.001,0.0,1.1038,0.3231,1987
7,6,age_bin,mlp_h32,0.001,0.0,1.11789,0.33568,1987
7,6,age_bin,mlp_h64,0.001,0.0,1.07311,0.42325,1987
7,6,age_bin,mlp_h128,0.001,0.0,1.04733,0.49321,1987
7,6,age_bin,attention,0.0001,1e-05,4.07955,0.28906,1987
7,6,age_bin,shuffled,0.01,0.0001,1.55921,0.32914,1987
7,6,gender,ema_lr1e-3,0.001,0.0001,1.07936,0.48968,1987
7,6,gender,ema_lr5e-3,0.005,0.0001,0.93919,0.54102,1987
7,6,gender,ema_lr1e-2,0.01,0.0001,1.00316,0.50478,1987
7,6,gender,ema_lr5e-2,0.05,0.0001,0.85026,0.49774,1987
7,6,gender,ema_lr1e-2_wd1e-3,0.01,0.001,0.99433,0.51988,1987
7,6,gender,ema_d0.99,0.01,0.0001,1.00588,0.51837,1987
7,6,gender,ema_d0.9999,0.01,0.0001,1.12819,0.49421,1987
7,6,gender,mlp_h16,0.001,0.0,0.68251,0.55964,1987
7,6,gender,mlp_h32,0.001,0.0,0.69277,0.53145,1987
7,6,gender,mlp_h64,0.001,0.0,0.6885,0.54202,1987
7,6,gender,mlp_h128,0.001,0.0,0.67711,0.5697,1987
7,6,gender,attention,0.0001,1e-05,1.76968,0.59375,1987
7,6,gender,shuffled,0.01,0.0001,1.01685,0.51485,1987
7,6,star_sign,ema_lr1e-3,0.001,0.0001,3.23696,0.10216,1987
7,6,star_sign,ema_lr5e-3,0.005,0.0001,3.19531,0.10418,1987
7,6,star_sign,ema_lr1e-2,0.01,0.0001,3.19088,0.09361,1987
7,6,star_sign,ema_lr5e-2,0.05,0.0001,2.89858,0.1077,1987
7,6,star_sign,ema_lr1e-2_wd1e-3,0.01,0.001,3.1298,0.09663,1987
7,6,star_sign,ema_d0.99,0.01,0.0001,3.24733,0.06694,1987
7,6,star_sign,ema_d0.9999,0.01,0.0001,3.24476,0.06895,1987
7,6,star_sign,mlp_h16,0.001,0.0,2.62575,0.01258,1987
7,6,star_sign,mlp_h32,0.001,0.0,2.45568,0.0463,1987
7,6,star_sign,mlp_h64,0.001,0.0,2.12674,0.53145,1987
7,6,star_sign,mlp_h128,0.001,0.0,1.58907,0.98893,1987
7,6,star_sign,attention,0.0001,1e-05,8.71212,0.03906,1987
7,6,star_sign,shuffled,0.01,0.0001,3.10969,0.09059,1987
8,0,age_bin,ema_lr1e-3,0.001,0.0001,1.70052,0.3067,1777
8,0,age_bin,ema_lr5e-3,0.005,0.0001,1.61997,0.33146,1777
8,0,age_bin,ema_lr1e-2,0.01,0.0001,1.56156,0.32921,1777
8,0,age_bin,ema_lr5e-2,0.05,0.0001,1.39048,0.34271,1777
8,0,age_bin,ema_lr1e-2_wd1e-3,0.01,0.001,1.55092,0.33652,1777
8,0,age_bin,ema_d0.99,0.01,0.0001,1.62805,0.33033,1777
8,0,age_bin,ema_d0.9999,0.01,0.0001,1.55512,0.34102,1777
8,0,age_bin,mlp_h16,0.001,0.0,1.03915,0.5318,1777
8,0,age_bin,mlp_h32,0.001,0.0,1.06044,0.4682,1777
8,0,age_bin,mlp_h64,0.001,0.0,1.0482,0.49015,1777
8,0,age_bin,mlp_h128,0.001,0.0,1.01861,0.53573,1777
8,0,age_bin,attention,0.0001,1e-05,1.09108,0.53906,1777
8,0,age_bin,shuffled,0.01,0.0001,1.57199,0.31683,1777
8,0,gender,ema_lr1e-3,0.001,0.0001,1.08949,0.52223,1777
8,0,gender,ema_lr5e-3,0.005,0.0001,1.04734,0.50084,1777
8,0,gender,ema_lr1e-2,0.01,0.0001,0.99137,0.51322,1777
8,0,gender,ema_lr5e-2,0.05,0.0001,0.93945,0.49465,1777
8,0,gender,ema_lr1e-2_wd1e-3,0.01,0.001,1.08089,0.49803,1777
8,0,gender,ema_d0.99,0.01,0.0001,0.99588,0.52167,1777
8,0,gender,ema_d0.9999,0.01,0.0001,1.01768,0.49465,1777
8,0,gender,mlp_h16,0.001,0.0,0.70014,0.49522,1777
8,0,gender,mlp_h32,0.001,0.0,0.69709,0.51548,1777
8,0,gender,mlp_h64,0.001,0.0,0.70158,0.50028,1777
8,0,gender,mlp_h128,0.001,0.0,0.70033,0.49015,1777
8,0,gender,attention,0.0001,1e-05,0.69201,0.53125,1777
8,0,gender,shuffled,0.01,0.0001,0.98811,0.53405,1777
8,0,star_sign,ema_lr1e-3,0.001,0.0001,3.24501,0.11086,1777
8,0,star_sign,ema_lr5e-3,0.005,0.0001,3.1816,0.07428,1777
8,0,star_sign,ema_lr1e-2,0.01,0.0001,3.18357,0.1345,1777
8,0,star_sign,ema_lr5e-2,0.05,0.0001,2.7821,0.15194,1777
8,0,star_sign,ema_lr1e-2_wd1e-3,0.01,0.001,3.18894,0.12606,1777
8,0,star_sign,ema_d0.99,0.01,0.0001,3.25327,0.07822,1777
8,0,star_sign,ema_d0.9999,0.01,0.0001,3.14305,0.06021,1777
8,0,star_sign,mlp_h16,0.001,0.0,2.15812,0.42881,1777
8,0,star_sign,mlp_h32,0.001,0.0,2.12218,0.4305,1777
8,0,star_sign,mlp_h64,0.001,0.0,2.35938,0.23917,1777
8,0,star_sign,mlp_h128,0.001,0.0,1.63103,0.991,1777
8,0,star_sign,attention,0.0001,1e-05,2.47494,0.17969,1777
8,0,star_sign,shuffled,0.01,0.0001,3.21491,0.05796,1777
8,4,age_bin,ema_lr1e-3,0.001,0.0001,1.46014,0.33033,1777
8,4,age_bin,ema_lr5e-3,0.005,0.0001,1.48559,0.33708,1777
8,4,age_bin,ema_lr1e-2,0.01,0.0001,1.40886,0.32808,1777
8,4,age_bin,ema_lr5e-2,0.05,0.0001,1.35309,0.31964,1777
8,4,age_bin,ema_lr1e-2_wd1e-3,0.01,0.001,1.45398,0.33315,1777
8,4,age_bin,ema_d0.99,0.01,0.0001,1.46948,0.31007,1777
8,4,age_bin,ema_d0.9999,0.01,0.0001,1.55229,0.33258,1777
8,4,age_bin,mlp_h16,0.001,0.0,1.09128,0.37591,1777
8,4,age_bin,mlp_h32,0.001,0.0,1.03335,0.5166,1777
8,4,age_bin,mlp_h64,0.001,0.0,1.04001,0.52954,1777
8,4,age_bin,mlp_h128,0.001,0.0,1.01535,0.53742,1777
8,4,age_bin,attention,0.0001,1e-05,1.01039,0.57812,1777
8,4,age_bin,shuffled,0.01,0.0001,1.61794,0.32245,1777
8,4,gender,ema_lr1e-3,0.001,0.0001,1.10138,0.48509,1777
8,4,gender,ema_lr5e-3,0.005,0.0001,1.0501,0.5121,1777
8,4,gender,ema_lr1e-2,0.01,0.0001,0.97932,0.50591,1777
8,4,gender,ema_lr5e-2,0.05,0.0001,0.89429,0.48227,1777
8,4,gender,ema_lr1e-2_wd1e-3,0.01,0.001,0.95508,0.46595,1777
8,4,gender,ema_d0.99,0.01,0.0001,0.93123,0.49353,1777
8,4,gender,ema_d0.9999,0.01,0.0001,0.96557,0.49297,1777
8,4,gender,mlp_h16,0.001,0.0,0.69679,0.51548,1777
8,4,gender,mlp_h32,0.001,0.0,0.69835,0.5121,1777
8,4,gender,mlp_h64,0.001,0.0,0.69458,0.5256,1777
8,4,gender,mlp_h128,0.001,0.0,0.69324,0.5211,1777
8,4,gender,attention,0.0001,1e-05,1.27055,0.51562,1777
8,4,gender,shuffled,0.01,0.0001,0.95526,0.4969,1777
8,4,star_sign,ema_lr1e-3,0.001,0.0001,3.1297,0.1058,1777
8,4,star_sign,ema_lr5e-3,0.005,0.0001,3.24324,0.0951,1777
8,4,star_sign,ema_lr1e-2,0.01,0.0001,2.89357,0.09904,1777
8,4,star_sign,ema_lr5e-2,0.05,0.0001,2.62134,0.13956,1777
8,4,star_sign,ema_lr1e-2_wd1e-3,0.01,0.001,3.00542,0.15307,1777
8,4,star_sign,ema_d0.99,0.01,0.0001,3.05526,0.0816,1777
8,4,star_sign,ema_d0.9999,0.01,0.0001,3.07172,0.0484,1777
8,4,star_sign,mlp_h16,0.001,0.0,2.24371,0.13675,1777
8,4,star_sign,mlp_h32,0.001,0.0,1.99882,0.74451,1777
8,4,star_sign,mlp_h64,0.001,0.0,1.85014,0.87901,1777
8,4,star_sign,mlp_h128,0.001,0.0,1.70669,0.97074,1777
8,4,star_sign,attention,0.0001,1e-05,2.47639,0.00781,1777
8,4,star_sign,shuffled,0.01,0.0001,3.07156,0.13844,1777
8,6,age_bin,ema_lr1e-3,0.001,0.0001,1.54806,0.34159,1777
8,6,age_bin,ema_lr5e-3,0.005,0.0001,1.6608,0.33089,1777
8,6,age_bin,ema_lr1e-2,0.01,0.0001,1.61081,0.31739,1777
8,6,age_bin,ema_lr5e-2,0.05,0.0001,1.40343,0.3534,1777
8,6,age_bin,ema_lr1e-2_wd1e-3,0.01,0.001,1.55023,0.33483,1777
8,6,age_bin,ema_d0.99,0.01,0.0001,1.55435,0.34215,1777
8,6,age_bin,ema_d0.9999,0.01,0.0001,1.55222,0.32752,1777
8,6,age_bin,mlp_h16,0.001,0.0,1.12539,0.2915,1777
8,6,age_bin,mlp_h32,0.001,0.0,1.12457,0.3247,1777
8,6,age_bin,mlp_h64,0.001,0.0,1.05624,0.45695,1777
8,6,age_bin,mlp_h128,0.001,0.0,1.03159,0.52335,1777
8,6,age_bin,attention,0.0001,1e-05,4.19441,0.32812,1777
8,6,age_bin,shuffled,0.01,0.0001,1.47634,0.36241,1777
8,6,gender,ema_lr1e-3,0.001,0.0001,1.07437,0.49747,1777
8,6,gender,ema_lr5e-3,0.005,0.0001,0.91119,0.5318,1777
8,6,gender,ema_lr1e-2,0.01,0.0001,1.00688,0.47327,1777
8,6,gender,ema_lr5e-2,0.05,0.0001,0.86287,0.49634,1777
8,6,gender,ema_lr1e-2_wd1e-3,0.01,0.001,1.08095,0.46033,1777
8,6,gender,ema_d0.99,0.01,0.0001,1.08505,0.49015,1777
8,6,gender,ema_d0.9999,0.01,0.0001,1.10439,0.4744,1777
8,6,gender,mlp_h16,0.001,0.0,0.6864,0.53348,1777
8,6,gender,mlp_h32,0.001,0.0,0.69247,0.51941,1777
8,6,gender,mlp_h64,0.001,0.0,0.70183,0.50141,1777
8,6,gender,mlp_h128,0.001,0.0,0.69238,0.53348,1777
8,6,gender,attention,0.0001,1e-05,2.14662,0.53125,1777
8,6,gender,shuffled,0.01,0.0001,0.99315,0.49184,1777
8,6,star_sign,ema_lr1e-3,0.001,0.0001,3.36847,0.08666,1777
8,6,star_sign,ema_lr5e-3,0.005,0.0001,3.3822,0.09173,1777
8,6,star_sign,ema_lr1e-2,0.01,0.0001,3.252,0.0861,1777
8,6,star_sign,ema_lr5e-2,0.05,0.0001,2.74791,0.14294,1777
8,6,star_sign,ema_lr1e-2_wd1e-3,0.01,0.001,3.04513,0.10974,1777
8,6,star_sign,ema_d0.99,0.01,0.0001,3.19802,0.07091,1777
8,6,star_sign,ema_d0.9999,0.01,0.0001,3.15716,0.07991,1777
8,6,star_sign,mlp_h16,0.001,0.0,2.61119,0.0197,1777
8,6,star_sign,mlp_h32,0.001,0.0,2.40806,0.07372,1777
8,6,star_sign,mlp_h64,0.001,0.0,2.06174,0.63478,1777
8,6,star_sign,mlp_h128,0.001,0.0,1.50972,0.99887,1777
8,6,star_sign,attention,0.0001,1e-05,7.47453,0.05469,1777
8,6,star_sign,shuffled,0.01,0.0001,3.22102,0.08891,1777
9,0,age_bin,ema_lr1e-3,0.001,0.0001,1.64815,0.32197,2112
9,0,age_bin,ema_lr5e-3,0.005,0.0001,1.59118,0.34848,2112
9,0,age_bin,ema_lr1e-2,0.01,0.0001,1.58423,0.32292,2112
9,0,age_bin,ema_lr5e-2,0.05,0.0001,1.3863,0.3447,2112
9,0,age_bin,ema_lr1e-2_wd1e-3,0.01,0.001,1.55354,0.33523,2112
9,0,age_bin,ema_d0.99,0.01,0.0001,1.52548,0.3518,2112
9,0,age_bin,ema_d0.9999,0.01,0.0001,1.50221,0.34328,2112
9,0,age_bin,mlp_h16,0.001,0.0,1.02037,0.5786,2112
9,0,age_bin,mlp_h32,0.001,0.0,1.05601,0.4697,2112
9,0,age_bin,mlp_h64,0.001,0.0,1.03486,0.52604,2112
9,0,age_bin,mlp_h128,0.001,0.0,0.99348,0.57718,2112
9,0,age_bin,attention,0.0001,1e-05,1.09283,0.50781,2112
9,0,age_bin,shuffled,0.01,0.0001,1.54869,0.32955,2112
9,0,gender,ema_lr1e-3,0.001,0.0001,1.17872,0.48769,2112
9,0,gender,ema_lr5e-3,0.005,0.0001,1.07588,0.49716,2112
9,0,gender,ema_lr1e-2,0.01,0.0001,1.00916,0.50142,2112
9,0,gender,ema_lr5e-2,0.05,0.0001,0.94588,0.47775,2112
9,0,gender,ema_lr1e-2_wd1e-3,0.01,0.001,1.04798,0.4768,2112
9,0,gender,ema_d0.99,0.01,0.0001,1.01594,0.49716,2112
9,0,gender,ema_d0.9999,0.01,0.0001,0.99602,0.49669,2112
9,0,gender,mlp_h16,0.001,0.0,0.69863,0.50568,2112
9,0,gender,mlp_h32,0.001,0.0,0.71402,0.45265,2112
9,0,gender,mlp_h64,0.001,0.0,0.69539,0.53267,2112
9,0,gender,mlp_h128,0.001,0.0,0.68971,0.54451,2112
9,0,gender,attention,0.0001,1e-05,0.6939,0.45312,2112
9,0,gender,shuffled,0.01,0.0001,1.04426,0.45881,2112
9,0,star_sign,ema_lr1e-3,0.001,0.0001,3.2791,0.10795,2112
9,0,star_sign,ema_lr5e-3,0.005,0.0001,3.1485,0.07907,2112
9,0,star_sign,ema_lr1e-2,0.01,0.0001,3.16847,0.14347,2112
9,0,star_sign,ema_lr5e-2,0.05,0.0001,2.688,0.17756,2112
9,0,star_sign,ema_lr1e-2_wd1e-3,0.01,0.001,3.18142,0.11411,2112
9,0,star_sign,ema_d0.99,0.01,0.0001,3.21033,0.0715,2112
9,0,star_sign,ema_d0.9999,0.01,0.0001,3.13801,0.06534,2112
9,0,star_sign,mlp_h16,0.001,0.0,2.138,0.45076,2112
9,0,star_sign,mlp_h32,0.001,0.0,2.10015,0.51326,2112
9,0,star_sign,mlp_h64,0.001,0.0,2.30924,0.27746,2112
9,0,star_sign,mlp_h128,0.001,0.0,1.55207,0.99479,2112
9,0,star_sign,attention,0.0001,1e-05,2.47388,0.24219,2112
9,0,star_sign,shuffled,0.01,0.0001,3.20487,0.07339,2112
9,4,age_bin,ema_lr1e-3,0.001,0.0001,1.41716,0.35038,2112
9,4,age_bin,ema_lr5e-3,0.005,0.0001,1.48017,0.33049,2112
9,4,age_bin,ema_lr1e-2,0.01,0.0001,1.44768,0.31534,2112
9,4,age_bin,ema_lr5e-2,0.05,0.0001,1.38072,0.31723,2112
9,4,age_bin,ema_lr1e-2_wd1e-3,0.01,0.001,1.57005,0.29545,2112
9,4,age_bin,ema_d0.99,0.01,0.0001,1.45613,0.31676,2112
9,4,age_bin,ema_d0.9999,0.01,0.0001,1.5755,0.3215,2112
9,4,age_bin,mlp_h16,0.001,0.0,1.06713,0.4446,2112
9,4,age_bin,mlp_h32,0.001,0.0,1.02306,0.5535,2112
9,4,age_bin,mlp_h64,0.001,0.0,1.02257,0.57576,2112
9,4,age_bin,mlp_h128,0.001,0.0,0.99469,0.58854,2112
9,4,age_bin,attention,0.0001,1e-05,1.06849,0.5,2112
9,4,age_bin,shuffled,0.01,0.0001,1.51102,0.34612,2112
9,4,gender,ema_lr1e-3,0.001,0.0001,1.12896,0.47869,2112
9,4,gender,ema_lr5e-3,0.005,0.0001,1.03239,0.49527,2112
9,4,gender,ema_lr1e-2,0.01,0.0001,1.08081,0.46117,2112
9,4,gender,ema_lr5e-2,0.05,0.0001,0.92539,0.47443,2112
9,4,gender,ema_lr1e-2_wd1e-3,0.01,0.001,0.87585,0.51847,2112
9,4,gender,ema_d0.99,0.01,0.0001,0.87769,0.51562,2112
9,4,gender,ema_d0.9999,0.01,0.0001,0.95885,0.5,2112
9,4,gender,mlp_h16,0.001,0.0,0.7006,0.4839,2112
9,4,gender,mlp_h32,0.001,0.0,0.71282,0.47491,2112
9,4,gender,mlp_h64,0.001,0.0,0.67978,0.57055,2112
9,4,gender,mlp_h128,0.001,0.0,0.67672,0.58333,2112
9,4,gender,attention,0.0001,1e-05,1.44465,0.40625,2112
9,4,gender,shuffled,0.01,0.0001,0.88587,0.51894,2112
9,4,star_sign,ema_lr1e-3,0.001,0.0001,3.09359,0.10133,2112
9,4,star_sign,ema_lr5e-3,0.005,0.0001,3.27576,0.0857,2112
9,4,star_sign,ema_lr1e-2,0.01,0.0001,3.05817,0.08381,2112
9,4,star_sign,ema_lr5e-2,0.05,0.0001,2.54616,0.16051,2112
9,4,star_sign,ema_lr1e-2_wd1e-3,0.01,0.001,2.90945,0.15672,2112
9,4,star_sign,ema_d0.99,0.01,0.0001,2.97774,0.08712,2112
9,4,star_sign,ema_d0.9999,0.01,0.0001,2.96249,0.06818,2112
9,4,star_sign,mlp_h16,0.001,0.0,2.23339,0.12074,2112
9,4,star_sign,mlp_h32,0.001,0.0,1.96642,0.80019,2112
9,4,star_sign,mlp_h64,0.001,0.0,1.7704,0.93703,2112
9,4,star_sign,mlp_h128,0.001,0.0,1.60751,0.9929,2112
9,4,star_sign,attention,0.0001,1e-05,2.46741,0.01562,2112
9,4,star_sign,shuffled,0.01,0.0001,3.08011,0.11884,2112
9,6,age_bin,ema_lr1e-3,0.001,0.0001,1.60305,0.34706,2112
9,6,age_bin,ema_lr5e-3,0.005,0.0001,1.58212,0.3589,2112
9,6,age_bin,ema_lr1e-2,0.01,0.0001,1.49435,0.35322,2112
9,6,age_bin,ema_lr5e-2,0.05,0.0001,1.40613,0.35559,2112
9,6,age_bin,ema_lr1e-2_wd1e-3,0.01,0.001,1.45496,0.36884,2112
9,6,age_bin,ema_d0.99,0.01,0.0001,1.43398,0.37689,2112
9,6,age_bin,ema_d0.9999,0.01,0.0001,1.60294,0.30966,2112
9,6,age_bin,mlp_h16,0.001,0.0,1.09581,0.33949,2112
9,6,age_bin,mlp_h32,0.001,0.0,1.1145,0.32292,2112
9,6,age_bin,mlp_h64,0.001,0.0,1.02951,0.52557,2112
9,6,age_bin,mlp_h128,0.001,0.0,0.99455,0.58286,2112
9,6,age_bin,attention,0.0001,1e-05,4.39396,0.25,2112
9,6,age_bin,shuffled,0.01,0.0001,1.51476,0.34848,2112
9,6,gender,ema_lr1e-3,0.001,0.0001,0.93297,0.52888,2112
9,6,gender,ema_lr5e-3,0.005,0.0001,1.04448,0.49479,2112
9,6,gender,ema_lr1e-2,0.01,0.0001,0.88305,0.56155,2112
9,6,gender,ema_lr5e-2,0.05,0.0001,0.8783,0.50189,2112
9,6,gender,ema_lr1e-2_wd1e-3,0.01,0.001,0.93437,0.5303,2112
9,6,gender,ema_d0.99,0.01,0.0001,1.02177,0.50237,2112
9,6,gender,ema_d0.9999,0.01,0.0001,1.11349,0.48011,2112
9,6,gender,mlp_h16,0.001,0.0,0.6889,0.55729,2112
9,6,gender,mlp_h32,0.001,0.0,0.67412,0.58949,2112
9,6,gender,mlp_h64,0.001,0.0,0.69488,0.53409,2112
9,6,gender,mlp_h128,0.001,0.0,0.68199,0.56866,2112
9,6,gender,attention,0.0001,1e-05,1.7707,0.60938,2112
9,6,gender,shuffled,0.01,0.0001,1.04141,0.47585,2112
9,6,star_sign,ema_lr1e-3,0.001,0.0001,3.29962,0.08949,2112
9,6,star_sign,ema_lr5e-3,0.005,0.0001,3.41764,0.07576,2112
9,6,star_sign,ema_lr1e-2,0.01,0.0001,3.22792,0.09375,2112
9,6,star_sign,ema_lr5e-2,0.05,0.0001,2.53672,0.15862,2112
9,6,star_sign,ema_lr1e-2_wd1e-3,0.01,0.001,3.0646,0.10417,2112
9,6,star_sign,ema_d0.99,0.01,0.0001,3.22767,0.07292,2112
9,6,star_sign,ema_d0.9999,0.01,0.0001,3.1548,0.08049,2112
9,6,star_sign,mlp_h16,0.001,0.0,2.61028,0.02036,2112
9,6,star_sign,mlp_h32,0.001,0.0,2.36205,0.11506,2112
9,6,star_sign,mlp_h64,0.001,0.0,2.03096,0.65104,2112
9,6,star_sign,mlp_h128,0.001,0.0,1.41775,1.0,2112
9,6,star_sign,attention,0.0001,1e-05,6.76438,0.08594,2112
9,6,star_sign,shuffled,0.01,0.0001,3.3487,0.07528,2112
10,0,age_bin,ema_lr1e-3,0.001,0.0001,1.73813,0.32653,1960
10,0,age_bin,ema_lr5e-3,0.005,0.0001,1.53294,0.35765,1960
10,0,age_bin,ema_lr1e-2,0.01,0.0001,1.56253,0.33163,1960
10,0,age_bin,ema_lr5e-2,0.05,0.0001,1.41093,0.33878,1960
10,0,age_bin,ema_lr1e-2_wd1e-3,0.01,0.001,1.49889,0.35306,1960
10,0,age_bin,ema_d0.99,0.01,0.0001,1.62461,0.32296,1960
10,0,age_bin,ema_d0.9999,0.01,0.0001,1.56521,0.32398,1960
10,0,age_bin,mlp_h16,0.001,0.0,1.09878,0.40153,1960
10,0,age_bin,mlp_h32,0.001,0.0,1.102,0.38469,1960
10,0,age_bin,mlp_h64,0.001,0.0,1.08818,0.40816,1960
10,0,age_bin,mlp_h128,0.001,0.0,1.10195,0.39745,1960
10,0,age_bin,attention,0.0001,1e-05,1.09523,0.42188,1960
10,0,age_bin,shuffled,0.01,0.0001,1.55642,0.33163,1960
10,0,gender,ema_lr1e-3,0.001,0.0001,1.11498,0.48265,1960
10,0,gender,ema_lr5e-3,0.005,0.0001,1.05449,0.49847,1960
10,0,gender,ema_lr1e-2,0.01,0.0001,0.97272,0.49592,1960
10,0,gender,ema_lr5e-2,0.05,0.0001,0.93461,0.49388,1960
10,0,gender,ema_lr1e-2_wd1e-3,0.01,0.001,1.06364,0.48776,1960
10,0,gender,ema_d0.99,0.01,0.0001,0.99372,0.50867,1960
10,0,gender,ema_d0.9999,0.01,0.0001,1.02626,0.50408,1960
10,0,gender,mlp_h16,0.001,0.0,0.70191,0.50051,1960
10,0,gender,mlp_h32,0.001,0.0,0.69046,0.52347,1960
10,0,gender,mlp_h64,0.001,0.0,0.69783,0.51071,1960
10,0,gender,mlp_h128,0.001,0.0,0.69965,0.50969,1960
10,0,gender,attention,0.0001,1e-05,0.69382,0.44531,1960
10,0,gender,shuffled,0.01,0.0001,0.9479,0.51786,1960
10,0,star_sign,ema_lr1e-3,0.001,0.0001,3.25851,0.10867,1960
10,0,star_sign,ema_lr5e-3,0.005,0.0001,3.18473,0.08214,1960
10,0,star_sign,ema_lr1e-2,0.01,0.0001,3.17297,0.15051,1960
10,0,star_sign,ema_lr5e-2,0.05,0.0001,2.66604,0.17296,1960
10,0,star_sign,ema_lr1e-2_wd1e-3,0.01,0.001,3.16463,0.11378,1960
10,0,star_sign,ema_d0.99,0.01,0.0001,3.16398,0.08112,1960
10,0,star_sign,ema_d0.9999,0.01,0.0001,3.10445,0.07245,1960
10,0,star_sign,mlp_h16,0.001,0.0,2.10757,0.53622,1960
10,0,star_sign,mlp_h32,0.001,0.0,2.05629,0.54592,1960
10,0,star_sign,mlp_h64,0.001,0.0,2.25135,0.34541,1960
10,0,star_sign,mlp_h128,0.001,0.0,1.4461,0.99745,1960
10,0,star_sign,attention,0.0001,1e-05,2.47256,0.3125,1960
10,0,star_sign,shuffled,0.01,0.0001,3.16993,0.075,1960
10,4,age_bin,ema_lr1e-3,0.001,0.0001,1.50115,0.32449,1960
10,4,age_bin,ema_lr5e-3,0.005,0.0001,1.44773,0.33724,1960
10,4,age_bin,ema_lr1e-2,0.01,0.0001,1.47837,0.30816,1960
10,4,age_bin,ema_lr5e-2,0.05,0.0001,1.33281,0.3352,1960
10,4,age_bin,ema_lr1e-2_wd1e-3,0.01,0.001,1.51513,0.32245,1960
10,4,age_bin,ema_d0.99,0.01,0.0001,1.36786,0.33265,1960
10,4,age_bin,ema_d0.9999,0.01,0.0001,1.50634,0.33929,1960
10,4,age_bin,mlp_h16,0.001,0.0,1.10083,0.3648,1960
10,4,age_bin,mlp_h32,0.001,0.0,1.09807,0.40612,1960
10,4,age_bin,mlp_h64,0.001,0.0,1.10398,0.39949,1960
10,4,age_bin,mlp_h128,0.001,0.0,1.10826,0.40561,1960
10,4,age_bin,attention,0.0001,1e-05,1.10656,0.42188,1960
10,4,age_bin,shuffled,0.01,0.0001,1.51383,0.34286,1960
10,4,gender,ema_lr1e-3,0.001,0.0001,1.08441,0.50408,1960
10,4,gender,ema_lr5e-3,0.005,0.0001,1.04292,0.50102,1960
10,4,gender,ema_lr1e-2,0.01,0.0001,0.97506,0.50204,1960
10,4,gender,ema_lr5e-2,0.05,0.0001,0.86331,0.49541,1960
10,4,gender,ema_lr1e-2_wd1e-3,0.01,0.001,0.97209,0.45153,1960
10,4,gender,ema_d0.99,0.01,0.0001,0.91082,0.49898,1960
10,4,gender,ema_d0.9999,0.01,0.0001,0.93599,0.49133,1960
10,4,gender,mlp_h16,0.001,0.0,0.69883,0.50204,1960
10,4,gender,mlp_h32,0.001,0.0,0.6967,0.51939,1960
10,4,gender,mlp_h64,0.001,0.0,0.70754,0.49694,1960
10,4,gender,mlp_h128,0.001,0.0,0.70565,0.50255,1960
10,4,gender,attention,0.0001,1e-05,1.2218,0.49219,1960
10,4,gender,shuffled,0.01,0.0001,0.92472,0.49235,1960
10,4,star_sign,ema_lr1e-3,0.001,0.0001,3.14695,0.10306,1960
10,4,star_sign,ema_lr5e-3,0.005,0.0001,3.24033,0.10816,1960
10,4,star_sign,ema_lr1e-2,0.01,0.0001,3.01472,0.08776,1960
10,4,star_sign,ema_lr5e-2,0.05,0.0001,2.48375,0.16837,1960
10,4,star_sign,ema_lr1e-2_wd1e-3,0.01,0.001,2.93842,0.16122,1960
10,4,star_sign,ema_d0.99,0.01,0.0001,2.93654,0.09082,1960
10,4,star_sign,ema_d0.9999,0.01,0.0001,2.99159,0.05153,1960
10,4,star_sign,mlp_h16,0.001,0.0,2.19684,0.12806,1960
10,4,star_sign,mlp_h32,0.001,0.0,1.91671,0.85306,1960
10,4,star_sign,mlp_h64,0.001,0.0,1.69323,0.96939,1960
10,4,star_sign,mlp_h128,0.001,0.0,1.4823,1.0,1960
10,4,star_sign,attention,0.0001,1e-05,2.42638,0.03906,1960
10,4,star_sign,shuffled,0.01,0.0001,3.06498,0.11786,1960
10,6,age_bin,ema_lr1e-3,0.001,0.0001,1.66429,0.33469,1960
10,6,age_bin,ema_lr5e-3,0.005,0.0001,1.6973,0.32806,1960
10,6,age_bin,ema_lr1e-2,0.01,0.0001,1.55982,0.33776,1960
10,6,age_bin,ema_lr5e-2,0.05,0.0001,1.51552,0.3051,1960
10,6,age_bin,ema_lr1e-2_wd1e-3,0.01,0.001,1.52895,0.35867,1960
10,6,age_bin,ema_d0.99,0.01,0.0001,1.53531,0.3398,1960
10,6,age_bin,ema_d0.9999,0.01,0.0001,1.48262,0.35663,1960
10,6,age_bin,mlp_h16,0.001,0.0,1.09434,0.36327,1960
10,6,age_bin,mlp_h32,0.001,0.0,1.10831,0.33776,1960
10,6,age_bin,mlp_h64,0.001,0.0,1.08789,0.40612,1960
10,6,age_bin,mlp_h128,0.001,0.0,1.11425,0.40306,1960
10,6,age_bin,attention,0.0001,1e-05,3.31856,0.3125,1960
10,6,age_bin,shuffled,0.01,0.0001,1.51889,0.35153,1960
10,6,gender,ema_lr1e-3,0.001,0.0001,1.02653,0.50408,1960
10,6,gender,ema_lr5e-3,0.005,0.0001,1.00017,0.5148,1960
10,6,gender,ema_lr1e-2,0.01,0.0001,0.98087,0.50102,1960
10,6,gender,ema_lr5e-2,0.05,0.0001,0.87767,0.5102,1960
10,6,gender,ema_lr1e-2_wd1e-3,0.01,0.001,1.10086,0.44949,1960
10,6,gender,ema_d0.99,0.01,0.0001,1.02785,0.5051,1960
10,6,gender,ema_d0.9999,0.01,0.0001,1.18803,0.46837,1960
10,6,gender,mlp_h16,0.001,0.0,0.6829,0.56531,1960
10,6,gender,mlp_h32,0.001,0.0,0.67691,0.56786,1960
10,6,gender,mlp_h64,0.001,0.0,0.68931,0.52704,1960
10,6,gender,mlp_h128,0.001,0.0,0.69051,0.5449,1960
10,6,gender,attention,0.0001,1e-05,1.96512,0.50781,1960
10,6,gender,shuffled,0.01,0.0001,1.00808,0.50255,1960
10,6,star_sign,ema_lr1e-3,0.001,0.0001,3.17443,0.11888,1960
10,6,star_sign,ema_lr5e-3,0.005,0.0001,3.13182,0.1199,1960
10,6,star_sign,ema_lr1e-2,0.01,0.0001,3.2603,0.0852,1960
10,6,star_sign,ema_lr5e-2,0.05,0.0001,2.73839,0.1352,1960
10,6,star_sign,ema_lr1e-2_wd1e-3,0.01,0.001,3.2065,0.09949,1960
10,6,star_sign,ema_d0.99,0.01,0.0001,3.20815,0.06735,1960
10,6,star_sign,ema_d0.9999,0.01,0.0001,3.15815,0.06633,1960
10,6,star_sign,mlp_h16,0.001,0.0,2.56645,0.04286,1960
10,6,star_sign,mlp_h32,0.001,0.0,2.34218,0.13724,1960
10,6,star_sign,mlp_h64,0.001,0.0,1.95881,0.76837,1960
10,6,star_sign,mlp_h128,0.001,0.0,1.30766,1.0,1960
10,6,star_sign,attention,0.0001,1e-05,6.06927,0.11719,1960
10,6,star_sign,shuffled,0.01,0.0001,3.09937,0.10306,1960
11,0,age_bin,ema_lr1e-3,0.001,0.0001,1.68896,0.31518,2148
11,0,age_bin,ema_lr5e-3,0.005,0.0001,1.64994,0.32775,2148
11,0,age_bin,ema_lr1e-2,0.01,0.0001,1.56438,0.33566,2148
11,0,age_bin,ema_lr5e-2,0.05,0.0001,1.39463,0.33659,2148
11,0,age_bin,ema_lr1e-2_wd1e-3,0.01,0.001,1.50022,0.34358,2148
11,0,age_bin,ema_d0.99,0.01,0.0001,1.53604,0.35335,2148
11,0,age_bin,ema_d0.9999,0.01,0.0001,1.55644,0.33194,2148
11,0,age_bin,mlp_h16,0.001,0.0,1.08419,0.42924,2148
11,0,age_bin,mlp_h32,0.001,0.0,1.08763,0.4013,2148
11,0,age_bin,mlp_h64,0.001,0.0,1.08905,0.4176,2148
11,0,age_bin,mlp_h128,0.001,0.0,1.08771,0.42691,2148
11,0,age_bin,attention,0.0001,1e-05,1.09279,0.46875,2148
11,0,age_bin,shuffled,0.01,0.0001,1.51578,0.3338,2148
11,0,gender,ema_lr1e-3,0.001,0.0001,1.17432,0.48371,2148
11,0,gender,ema_lr5e-3,0.005,0.0001,1.04461,0.48883,2148
11,0,gender,ema_lr1e-2,0.01,0.0001,0.96299,0.4986,2148
11,0,gender,ema_lr5e-2,0.05,0.0001,0.91843,0.49441,2148
11,0,gender,ema_lr1e-2_wd1e-3,0.01,0.001,1.07518,0.48091,2148
11,0,gender,ema_d0.99,0.01,0.0001,1.00059,0.47998,2148
11,0,gender,ema_d0.9999,0.01,0.0001,1.00905,0.49814,2148
11,0,gender,mlp_h16,0.001,0.0,0.69902,0.50419,2148
11,0,gender,mlp_h32,0.001,0.0,0.69972,0.48371,2148
11,0,gender,mlp_h64,0.001,0.0,0.69046,0.52328,2148
11,0,gender,mlp_h128,0.001,0.0,0.69017,0.53119,2148
11,0,gender,attention,0.0001,1e-05,0.69335,0.47656,2148
11,0,gender,shuffled,0.01,0.0001,1.01923,0.49115,2148
11,0,star_sign,ema_lr1e-3,0.001,0.0001,3.31693,0.10475,2148
11,0,star_sign,ema_lr5e-3,0.005,0.0001,3.1591,0.07263,2148
11,0,star_sign,ema_lr1e-2,0.01,0.0001,3.10655,0.15549,2148
11,0,star_sign,ema_lr5e-2,0.05,0.0001,2.67749,0.21648,2148
11,0,star_sign,ema_lr1e-2_wd1e-3,0.01,0.001,3.15936,0.11034,2148
11,0,star_sign,ema_d0.99,0.01,0.0001,3.16186,0.07495,2148
11,0,star_sign,ema_d0.9999,0.01,0.0001,3.10634,0.07309,2148
11,0,star_sign,mlp_h16,0.001,0.0,2.09462,0.55773,2148
11,0,star_sign,mlp_h32,0.001,0.0,2.02144,0.60056,2148
11,0,star_sign,mlp_h64,0.001,0.0,2.19761,0.39013,2148
11,0,star_sign,mlp_h128,0.001,0.0,1.37295,0.99953,2148
11,0,star_sign,attention,0.0001,1e-05,2.4686,0.42188,2148
11,0,star_sign,shuffled,0.01,0.0001,3.12512,0.07495,2148
11,4,age_bin,ema_lr1e-3,0.001,0.0001,1.5048,0.31192,2148
11,4,age_bin,ema_lr5e-3,0.005,0.0001,1.43367,0.34963,2148
11,4,age_bin,ema_lr1e-2,0.01,0.0001,1.42695,0.34311,2148
11,4,age_bin,ema_lr5e-2,0.05,0.0001,1.30881,0.33985,2148
11,4,age_bin,ema_lr1e-2_wd1e-3,0.01,0.001,1.47596,0.33426,2148
11,4,age_bin,ema_d0.99,0.01,0.0001,1.4013,0.32961,2148
11,4,age_bin,ema_d0.9999,0.01,0.0001,1.51351,0.33147,2148
11,4,age_bin,mlp_h16,0.001,0.0,1.09255,0.40223,2148
11,4,age_bin,mlp_h32,0.001,0.0,1.08874,0.42784,2148
11,4,age_bin,mlp_h64,0.001,0.0,1.08087,0.42691,2148
11,4,age_bin,mlp_h128,0.001,0.0,1.0912,0.42831,2148
11,4,age_bin,attention,0.0001,1e-05,1.08034,0.46875,2148
11,4,age_bin,shuffled,0.01,0.0001,1.49901,0.33659,2148
11,4,gender,ema_lr1e-3,0.001,0.0001,1.05266,0.49115,2148
11,4,gender,ema_lr5e-3,0.005,0.0001,1.03144,0.49302,2148
11,4,gender,ema_lr1e-2,0.01,0.0001,0.9525,0.50419,2148
11,4,gender,ema_lr5e-2,0.05,0.0001,0.84755,0.49674,2148
11,4,gender,ema_lr1e-2_wd1e-3,0.01,0.001,0.89451,0.49953,2148
11,4,gender,ema_d0.99,0.01,0.0001,0.88038,0.51909,2148
11,4,gender,ema_d0.9999,0.01,0.0001,0.93225,0.4851,2148
11,4,gender,mlp_h16,0.001,0.0,0.70175,0.50047,2148
11,4,gender,mlp_h32,0.001,0.0,0.7049,0.48184,2148
11,4,gender,mlp_h64,0.001,0.0,0.69426,0.53119,2148
11,4,gender,mlp_h128,0.001,0.0,0.70458,0.53538,2148
11,4,gender,attention,0.0001,1e-05,1.21944,0.42969,2148
11,4,gender,shuffled,0.01,0.0001,0.907,0.50279,2148
11,4,star_sign,ema_lr1e-3,0.001,0.0001,3.21347,0.09451,2148
11,4,star_sign,ema_lr5e-3,0.005,0.0001,3.13316,0.10102,2148
11,4,star_sign,ema_lr1e-2,0.01,0.0001,2.91987,0.09218,2148
11,4,star_sign,ema_lr5e-2,0.05,0.0001,2.50079,0.16574,2148
11,4,star_sign,ema_lr1e-2_wd1e-3,0.01,0.001,2.90507,0.13454,2148
11,4,star_sign,ema_d0.99,0.01,0.0001,2.95866,0.0824,2148
11,4,star_sign,ema_d0.9999,0.01,0.0001,2.95976,0.06331,2148
11,4,star_sign,mlp_h16,0.001,0.0,2.19923,0.12244,2148
11,4,star_sign,mlp_h32,0.001,0.0,1.88716,0.89804,2148
11,4,star_sign,mlp_h64,0.001,0.0,1.60772,0.98976,2148
11,4,star_sign,mlp_h128,0.001,0.0,1.39076,1.0,2148
11,4,star_sign,attention,0.0001,1e-05,2.41306,0.09375,2148
11,4,star_sign,shuffled,0.01,0.0001,2.94302,0.13408,2148
11,6,age_bin,ema_lr1e-3,0.001,0.0001,1.78256,0.30214,2148
11,6,age_bin,ema_lr5e-3,0.005,0.0001,1.57051,0.36685,2148
11,6,age_bin,ema_lr1e-2,0.01,0.0001,1.58877,0.31983,2148
11,6,age_bin,ema_lr5e-2,0.05,0.0001,1.43108,0.32449,2148
11,6,age_bin,ema_lr1e-2_wd1e-3,0.01,0.001,1.60178,0.32728,2148
11,6,age_bin,ema_d0.99,0.01,0.0001,1.61192,0.34264,2148
11,6,age_bin,ema_d0.9999,0.01,0.0001,1.57937,0.30447,2148
11,6,age_bin,mlp_h16,0.001,0.0,1.10294,0.37709,2148
11,6,age_bin,mlp_h32,0.001,0.0,1.08857,0.39013,2148
11,6,age_bin,mlp_h64,0.001,0.0,1.08041,0.41713,2148
11,6,age_bin,mlp_h128,0.001,0.0,1.08683,0.42458,2148
11,6,age_bin,attention,0.0001,1e-05,3.08082,0.39844,2148
11,6,age_bin,shuffled,0.01,0.0001,1.57596,0.32821,2148
11,6,gender,ema_lr1e-3,0.001,0.0001,1.10775,0.48464,2148
11,6,gender,ema_lr5e-3,0.005,0.0001,0.95335,0.52142,2148
11,6,gender,ema_lr1e-2,0.01,0.0001,0.96911,0.49348,2148
11,6,gender,ema_lr5e-2,0.05,0.0001,0.89253,0.48464,2148
11,6,gender,ema_lr1e-2_wd1e-3,0.01,0.001,1.00433,0.51536,2148
11,6,gender,ema_d0.99,0.01,0.0001,1.00694,0.50279,2148
11,6,gender,ema_d0.9999,0.01,0.0001,1.17,0.45624,2148
11,6,gender,mlp_h16,0.001,0.0,0.68765,0.56238,2148
11,6,gender,mlp_h32,0.001,0.0,0.70172,0.50605,2148
11,6,gender,mlp_h64,0.001,0.0,0.70199,0.52188,2148
11,6,gender,mlp_h128,0.001,0.0,0.69079,0.56331,2148
11,6,gender,attention,0.0001,1e-05,1.95284,0.51562,2148
11,6,gender,shuffled,0.01,0.0001,1.00302,0.50419,2148
11,6,star_sign,ema_lr1e-3,0.001,0.0001,3.12965,0.11453,2148
11,6,star_sign,ema_lr5e-3,0.005,0.0001,3.19978,0.10987,2148
11,6,star_sign,ema_lr1e-2,0.01,0.0001,3.0763,0.11359,2148
11,6,star_sign,ema_lr5e-2,0.05,0.0001,2.66877,0.14432,2148
11,6,star_sign,ema_lr1e-2_wd1e-3,0.01,0.001,3.13788,0.10056,2148
11,6,star_sign,ema_d0.99,0.01,0.0001,3.1164,0.08752,2148
11,6,star_sign,ema_d0.9999,0.01,0.0001,3.27245,0.06099,2148
11,6,star_sign,mlp_h16,0.001,0.0,2.53823,0.05074,2148
11,6,star_sign,mlp_h32,0.001,0.0,2.29861,0.196,2148
11,6,star_sign,mlp_h64,0.001,0.0,1.91457,0.80866,2148
11,6,star_sign,mlp_h128,0.001,0.0,1.20287,1.0,2148
11,6,star_sign,attention,0.0001,1e-05,5.47358,0.10938,2148
11,6,star_sign,shuffled,0.01,0.0001,3.18827,0.0838,2148
12,0,age_bin,ema_lr1e-3,0.001,0.0001,1.71368,0.3165,2000
12,0,age_bin,ema_lr5e-3,0.005,0.0001,1.56431,0.344,2000
12,0,age_bin,ema_lr1e-2,0.01,0.0001,1.52847,0.3325,2000
12,0,age_bin,ema_lr5e-2,0.05,0.0001,1.35892,0.354,2000
12,0,age_bin,ema_lr1e-2_wd1e-3,0.01,0.001,1.55453,0.323,2000
12,0,age_bin,ema_d0.99,0.01,0.0001,1.66884,0.3065,2000
12,0,age_bin,ema_d0.9999,0.01,0.0001,1.54885,0.3425,2000
12,0,age_bin,mlp_h16,0.001,0.0,1.04804,0.502,2000
12,0,age_bin,mlp_h32,0.001,0.0,1.05899,0.476,2000
12,0,age_bin,mlp_h64,0.001,0.0,1.04133,0.4985,2000
12,0,age_bin,mlp_h128,0.001,0.0,1.036,0.5095,2000
12,0,age_bin,attention,0.0001,1e-05,1.0914,0.53125,2000
12,0,age_bin,shuffled,0.01,0.0001,1.50767,0.3465,2000
12,0,gender,ema_lr1e-3,0.001,0.0001,1.1319,0.494,2000
12,0,gender,ema_lr5e-3,0.005,0.0001,1.02453,0.516,2000
12,0,gender,ema_lr1e-2,0.01,0.0001,0.9815,0.492,2000
12,0,gender,ema_lr5e-2,0.05,0.0001,0.90474,0.49,2000
12,0,gender,ema_lr1e-2_wd1e-3,0.01,0.001,1.02531,0.5105,2000
12,0,gender,ema_d0.99,0.01,0.0001,0.98407,0.514,2000
12,0,gender,ema_d0.9999,0.01,0.0001,0.99599,0.531,2000
12,0,gender,mlp_h16,0.001,0.0,0.69509,0.5165,2000
12,0,gender,mlp_h32,0.001,0.0,0.69222,0.532,2000
12,0,gender,mlp_h64,0.001,0.0,0.70303,0.485,2000
12,0,gender,mlp_h128,0.001,0.0,0.70255,0.4965,2000
12,0,gender,attention,0.0001,1e-05,0.69254,0.57031,2000
12,0,gender,shuffled,0.01,0.0001,0.98839,0.501,2000
12,0,star_sign,ema_lr1e-3,0.001,0.0001,3.36316,0.097,2000
12,0,star_sign,ema_lr5e-3,0.005,0.0001,3.14909,0.0825,2000
12,0,star_sign,ema_lr1e-2,0.01,0.0001,3.11409,0.151,2000
12,0,star_sign,ema_lr5e-2,0.05,0.0001,2.53859,0.2425,2000
12,0,star_sign,ema_lr1e-2_wd1e-3,0.01,0.001,3.09585,0.1285,2000
12,0,star_sign,ema_d0.99,0.01,0.0001,3.12675,0.076,2000
12,0,star_sign,ema_d0.9999,0.01,0.0001,3.12603,0.0645,2000
12,0,star_sign,mlp_h16,0.001,0.0,2.06194,0.5855,2000
12,0,star_sign,mlp_h32,0.001,0.0,1.98127,0.6815,2000
12,0,star_sign,mlp_h64,0.001,0.0,2.14121,0.507,2000
12,0,star_sign,mlp_h128,0.001,0.0,1.2742,1.0,2000
12,0,star_sign,attention,0.0001,1e-05,2.46691,0.5625,2000
12,0,star_sign,shuffled,0.01,0.0001,3.11461,0.069,2000
12,4,age_bin,ema_lr1e-3,0.001,0.0001,1.36887,0.363,2000
12,4,age_bin,ema_lr5e-3,0.005,0.0001,1.43988,0.329,2000
12,4,age_bin,ema_lr1e-2,0.01,0.0001,1.40204,0.331,2000
12,4,age_bin,ema_lr5e-2,0.05,0.0001,1.31196,0.3295,2000
12,4,age_bin,ema_lr1e-2_wd1e-3,0.01,0.001,1.45349,0.34,2000
12,4,age_bin,ema_d0.99,0.01,0.0001,1.33648,0.354,2000
12,4,age_bin,ema_d0.9999,0.01,0.0001,1.51971,0.3325,2000
12,4,age_bin,mlp_h16,0.001,0.0,1.07211,0.449,2000
12,4,age_bin,mlp_h32,0.001,0.0,1.05531,0.501,2000
12,4,age_bin,mlp_h64,0.001,0.0,1.04682,0.504,2000
12,4,age_bin,mlp_h128,0.001,0.0,1.04804,0.5015,2000
12,4,age_bin,attention,0.0001,1e-05,1.03466,0.53125,2000
12,4,age_bin,shuffled,0.01,0.0001,1.47451,0.3285,2000
12,4,gender,ema_lr1e-3,0.001,0.0001,1.1283,0.4935,2000
12,4,gender,ema_lr5e-3,0.005,0.0001,0.99008,0.504,2000
12,4,gender,ema_lr1e-2,0.01,0.0001,0.93677,0.51,2000
12,4,gender,ema_lr5e-2,0.05,0.0001,0.83317,0.4985,2000
12,4,gender,ema_lr1e-2_wd1e-3,0.01,0.001,0.9383,0.485,2000
12,4,gender,ema_d0.99,0.01,0.0001,0.88896,0.5005,2000
12,4,gender,ema_d0.9999,0.01,0.0001,0.91589,0.499,2000
12,4,gender,mlp_h16,0.001,0.0,0.69467,0.524,2000
12,4,gender,mlp_h32,0.001,0.0,0.69619,0.5175,2000
12,4,gender,mlp_h64,0.001,0.0,0.70012,0.514,2000
12,4,gender,mlp_h128,0.001,0.0,0.70115,0.5065,2000
12,4,gender,attention,0.0001,1e-05,0.93061,0.53906,2000
12,4,gender,shuffled,0.01,0.0001,0.91336,0.488,2000
12,4,star_sign,ema_lr1e-3,0.001,0.0001,3.16905,0.0955,2000
12,4,star_sign,ema_lr5e-3,0.005,0.0001,3.18271,0.098,2000
12,4,star_sign,ema_lr1e-2,0.01,0.0001,2.96838,0.089,2000
12,4,star_sign,ema_lr5e-2,0.05,0.0001,2.38057,0.184,2000
12,4,star_sign,ema_lr1e-2_wd1e-3,0.01,0.001,2.86625,0.1605,2000
12,4,star_sign,ema_d0.99,0.01,0.0001,2.92654,0.096,2000
12,4,star_sign,ema_d0.9999,0.01,0.0001,2.95688,0.0605,2000
12,4,star_sign,mlp_h16,0.001,0.0,2.15956,0.1325,2000
12,4,star_sign,mlp_h32,0.001,0.0,1.83085,0.9215,2000
12,4,star_sign,mlp_h64,0.001,0.0,1.52038,0.996,2000
12,4,star_sign,mlp_h128,0.001,0.0,1.29058,1.0,2000
12,4,star_sign,attention,0.0001,1e-05,2.38747,0.10938,2000
12,4,star_sign,shuffled,0.01,0.0001,2.99239,0.1285,2000
12,6,age_bin,ema_lr1e-3,0.001,0.0001,1.61146,0.3315,2000
12,6,age_bin,ema_lr5e-3,0.005,0.0001,1.68296,0.309,2000
12,6,age_bin,ema_lr1e-2,0.01,0.0001,1.59511,0.3265,2000
12,6,age_bin,ema_lr5e-2,0.05,0.0001,1.36907,0.343,2000
12,6,age_bin,ema_lr1e-2_wd1e-3,0.01,0.001,1.55717,0.3335,2000
12,6,age_bin,ema_d0.99,0.01,0.0001,1.54458,0.336,2000
12,6,age_bin,ema_d0.9999,0.01,0.0001,1.43274,0.3625,2000
12,6,age_bin,mlp_h16,0.001,0.0,1.09102,0.3555,2000
12,6,age_bin,mlp_h32,0.001,0.0,1.10327,0.366,2000
12,6,age_bin,mlp_h64,0.001,0.0,1.05285,0.484,2000
12,6,age_bin,mlp_h128,0.001,0.0,1.04753,0.505,2000
12,6,age_bin,attention,0.0001,1e-05,3.2325,0.30469,2000
12,6,age_bin,shuffled,0.01,0.0001,1.48985,0.3415,2000
12,6,gender,ema_lr1e-3,0.001,0.0001,1.01996,0.4955,2000
12,6,gender,ema_lr5e-3,0.005,0.0001,0.95737,0.522,2000
12,6,gender,ema_lr1e-2,0.01,0.0001,0.88319,0.546,2000
12,6,gender,ema_lr5e-2,0.05,0.0001,0.84605,0.5045,2000
12,6,gender,ema_lr1e-2_wd1e-3,0.01,0.001,1.00229,0.5035,2000
12,6,gender,ema_d0.99,0.01,0.0001,0.94888,0.527,2000
12,6,gender,ema_d0.9999,0.01,0.0001,1.01279,0.5025,2000
12,6,gender,mlp_h16,0.001,0.0,0.69166,0.5245,2000
12,6,gender,mlp_h32,0.001,0.0,0.69008,0.5385,2000
12,6,gender,mlp_h64,0.001,0.0,0.69879,0.5225,2000
12,6,gender,mlp_h128,0.001,0.0,0.70626,0.524,2000
12,6,gender,attention,0.0001,1e-05,2.04457,0.5,2000
12,6,gender,shuffled,0.01,0.0001,0.96972,0.505,2000
12,6,star_sign,ema_lr1e-3,0.001,0.0001,3.32074,0.0965,2000
12,6,star_sign,ema_lr5e-3,0.005,0.0001,3.28153,0.1045,2000
12,6,star_sign,ema_lr1e-2,0.01,0.0001,3.20078,0.0905,2000
12,6,star_sign,ema_lr5e-2,0.05,0.0001,2.48395,0.184,2000
12,6,star_sign,ema_lr1e-2_wd1e-3,0.01,0.001,3.09401,0.0915,2000
12,6,star_sign,ema_d0.99,0.01,0.0001,3.09162,0.0845,2000
12,6,star_sign,ema_d0.9999,0.01,0.0001,3.09126,0.07,2000
12,6,star_sign,mlp_h16,0.001,0.0,2.50606,0.0675,2000
12,6,star_sign,mlp_h32,0.001,0.0,2.26876,0.247,2000
12,6,star_sign,mlp_h64,0.001,0.0,1.84599,0.8675,2000
12,6,star_sign,mlp_h128,0.001,0.0,1.14929,1.0,2000
12,6,star_sign,attention,0.0001,1e-05,5.4875,0.11719,2000
12,6,star_sign,shuffled,0.01,0.0001,3.1235,0.0965,2000
13,0,age_bin,ema_lr1e-3,0.001,0.0001,1.65774,0.3127,1906
13,0,age_bin,ema_lr5e-3,0.005,0.0001,1.59266,0.35467,1906
13,0,age_bin,ema_lr1e-2,0.01,0.0001,1.58294,0.32109,1906
13,0,age_bin,ema_lr5e-2,0.05,0.0001,1.33011,0.35047,1906
13,0,age_bin,ema_lr1e-2_wd1e-3,0.01,0.001,1.50631,0.35467,1906
13,0,age_bin,ema_d0.99,0.01,0.0001,1.55431,0.33263,1906
13,0,age_bin,ema_d0.9999,0.01,0.0001,1.5524,0.31584,1906
13,0,age_bin,mlp_h16,0.001,0.0,0.99459,0.61857,1906
13,0,age_bin,mlp_h32,0.001,0.0,1.01436,0.57345,1906
13,0,age_bin,mlp_h64,0.001,0.0,0.98898,0.60913,1906
13,0,age_bin,mlp_h128,0.001,0.0,0.95235,0.62697,1906
13,0,age_bin,attention,0.0001,1e-05,1.08636,0.61719,1906
13,0,age_bin,shuffled,0.01,0.0001,1.5242,0.33473,1906
13,0,gender,ema_lr1e-3,0.001,0.0001,1.146,0.47954,1906
13,0,gender,ema_lr5e-3,0.005,0.0001,1.02133,0.50367,1906
13,0,gender,ema_lr1e-2,0.01,0.0001,0.95193,0.51154,1906
13,0,gender,ema_lr5e-2,0.05,0.0001,0.87923,0.50892,1906
13,0,gender,ema_lr1e-2_wd1e-3,0.01,0.001,0.99797,0.50157,1906
13,0,gender,ema_d0.99,0.01,0.0001,0.9874,0.49685,1906
13,0,gender,ema_d0.9999,0.01,0.0001,1.00624,0.50315,1906
13,0,gender,mlp_h16,0.001,0.0,0.69501,0.51784,1906
13,0,gender,mlp_h32,0.001,0.0,0.69448,0.51784,1906
13,0,gender,mlp_h64,0.001,0.0,0.69314,0.53148,1906
13,0,gender,mlp_h128,0.001,0.0,0.68926,0.5362,1906
13,0,gender,attention,0.0001,1e-05,0.69217,0.57812,1906
13,0,gender,shuffled,0.01,0.0001,1.01942,0.49685,1906
13,0,star_sign,ema_lr1e-3,0.001,0.0001,3.25955,0.11018,1906
13,0,star_sign,ema_lr5e-3,0.005,0.0001,3.14914,0.08395,1906
13,0,star_sign,ema_lr1e-2,0.01,0.0001,3.1292,0.14166,1906
13,0,star_sign,ema_lr5e-2,0.05,0.0001,2.55744,0.28437,1906
13,0,star_sign,ema_lr1e-2_wd1e-3,0.01,0.001,3.07338,0.13536,1906
13,0,star_sign,ema_d0.99,0.01,0.0001,3.19276,0.07608,1906
13,0,star_sign,ema_d0.9999,0.01,0.0001,3.07855,0.07083,1906
13,0,star_sign,mlp_h16,0.001,0.0,2.03774,0.60336,1906
13,0,star_sign,mlp_h32,0.001,0.0,1.94873,0.73295,1906
13,0,star_sign,mlp_h64,0.001,0.0,2.07781,0.5787,1906
13,0,star_sign,mlp_h128,0.001,0.0,1.1819,1.0,1906
13,0,star_sign,attention,0.0001,1e-05,2.46569,0.66406,1906
13,0,star_sign,shuffled,0.01,0.0001,3.14677,0.06716,1906
13,4,age_bin,ema_lr1e-3,0.001,0.0001,1.42704,0.34523,1906
13,4,age_bin,ema_lr5e-3,0.005,0.0001,1.44341,0.32896,1906
13,4,age_bin,ema_lr1e-2,0.01,0.0001,1.39988,0.31899,1906
13,4,age_bin,ema_lr5e-2,0.05,0.0001,1.27301,0.37041,1906
13,4,age_bin,ema_lr1e-2_wd1e-3,0.01,0.001,1.46867,0.33473,1906
13,4,age_bin,ema_d0.99,0.01,0.0001,1.37521,0.32791,1906
13,4,age_bin,ema_d0.9999,0.01,0.0001,1.41003,0.37146,1906
13,4,age_bin,mlp_h16,0.001,0.0,1.0183,0.55037,1906
13,4,age_bin,mlp_h32,0.001,0.0,0.98778,0.61018,1906
13,4,age_bin,mlp_h64,0.001,0.0,0.97276,0.62539,1906
13,4,age_bin,mlp_h128,0.001,0.0,0.95275,0.61385,1906
13,4,age_bin,attention,0.0001,1e-05,0.98084,0.61719,1906
13,4,age_bin,shuffled,0.01,0.0001,1.48893,0.3489,1906
13,4,gender,ema_lr1e-3,0.001,0.0001,1.06831,0.51522,1906
13,4,gender,ema_lr5e-3,0.005,0.0001,1.04884,0.47691,1906
13,4,gender,ema_lr1e-2,0.01,0.0001,0.99983,0.49633,1906
13,4,gender,ema_lr5e-2,0.05,0.0001,0.84555,0.5,1906
13,4,gender,ema_lr1e-2_wd1e-3,0.01,0.001,0.92697,0.48006,1906
13,4,gender,ema_d0.99,0.01,0.0001,0.88249,0.49895,1906
13,4,gender,ema_d0.9999,0.01,0.0001,0.95666,0.48059,1906
13,4,gender,mlp_h16,0.001,0.0,0.69756,0.50577,1906
13,4,gender,mlp_h32,0.001,0.0,0.69729,0.51522,1906
13,4,gender,mlp_h64,0.001,0.0,0.69638,0.51154,1906
13,4,gender,mlp_h128,0.001,0.0,0.69636,0.51626,1906
13,4,gender,attention,0.0001,1e-05,1.02939,0.46875,1906
13,4,gender,shuffled,0.01,0.0001,0.94558,0.47954,1906
13,4,star_sign,ema_lr1e-3,0.001,0.0001,3.12708,0.09182,1906
13,4,star_sign,ema_lr5e-3,0.005,0.0001,3.19213,0.10021,1906
13,4,star_sign,ema_lr1e-2,0.01,0.0001,2.85049,0.10178,1906
13,4,star_sign,ema_lr5e-2,0.05,0.0001,2.36376,0.21983,1906
13,4,star_sign,ema_lr1e-2_wd1e-3,0.01,0.001,2.95361,0.14166,1906
13,4,star_sign,ema_d0.99,0.01,0.0001,2.95019,0.10546,1906
13,4,star_sign,ema_d0.9999,0.01,0.0001,3.02518,0.04932,1906
13,4,star_sign,mlp_h16,0.001,0.0,2.13823,0.14166,1906
13,4,star_sign,mlp_h32,0.001,0.0,1.77002,0.95488,1906
13,4,star_sign,mlp_h64,0.001,0.0,1.42954,0.99738,1906
13,4,star_sign,mlp_h128,0.001,0.0,1.16119,1.0,1906
13,4,star_sign,attention,0.0001,1e-05,2.35649,0.17969,1906
13,4,star_sign,shuffled,0.01,0.0001,2.90902,0.14481,1906
13,6,age_bin,ema_lr1e-3,0.001,0.0001,1.74802,0.30693,1906
13,6,age_bin,ema_lr5e-3,0.005,0.0001,1.69862,0.31532,1906
13,6,age_bin,ema_lr1e-2,0.01,0.0001,1.60217,0.31742,1906
13,6,age_bin,ema_lr5e-2,0.05,0.0001,1.40962,0.32949,1906
13,6,age_bin,ema_lr1e-2_wd1e-3,0.01,0.001,1.50903,0.34995,1906
13,6,age_bin,ema_d0.99,0.01,0.0001,1.49024,0.35152,1906
13,6,age_bin,ema_d0.9999,0.01,0.0001,1.50791,0.32949,1906
13,6,age_bin,mlp_h16,0.001,0.0,1.06714,0.36988,1906
13,6,age_bin,mlp_h32,0.001,0.0,1.07349,0.42917,1906
13,6,age_bin,mlp_h64,0.001,0.0,1.00961,0.59129,1906
13,6,age_bin,mlp_h128,0.001,0.0,0.9554,0.62802,1906
13,6,age_bin,attention,0.0001,1e-05,3.11522,0.35156,1906
13,6,age_bin,shuffled,0.01,0.0001,1.52131,0.33473,1906
13,6,gender,ema_lr1e-3,0.001,0.0001,1.05122,0.50052,1906
13,6,gender,ema_lr5e-3,0.005,0.0001,0.99887,0.49423,1906
13,6,gender,ema_lr1e-2,0.01,0.0001,1.04955,0.46013,1906
13,6,gender,ema_lr5e-2,0.05,0.0001,0.79572,0.53253,1906
13,6,gender,ema_lr1e-2_wd1e-3,0.01,0.001,0.94376,0.51469,1906
13,6,gender,ema_d0.99,0.01,0.0001,1.08538,0.46275,1906
13,6,gender,ema_d0.9999,0.01,0.0001,1.13968,0.47114,1906
13,6,gender,mlp_h16,0.001,0.0,0.6847,0.55404,1906
13,6,gender,mlp_h32,0.001,0.0,0.68737,0.53568,1906
13,6,gender,mlp_h64,0.001,0.0,0.68103,0.56034,1906
13,6,gender,mlp_h128,0.001,0.0,0.67945,0.56611,1906
13,6,gender,attention,0.0001,1e-05,2.01483,0.54688,1906
13,6,gender,shuffled,0.01,0.0001,0.99883,0.4937,1906
13,6,star_sign,ema_lr1e-3,0.001,0.0001,3.23756,0.09549,1906
13,6,star_sign,ema_lr5e-3,0.005,0.0001,3.15309,0.117,1906
13,6,star_sign,ema_lr1e-2,0.01,0.0001,3.20145,0.09916,1906
13,6,star_sign,ema_lr5e-2,0.05,0.0001,2.56542,0.17314,1906
13,6,star_sign,ema_lr1e-2_wd1e-3,0.01,0.001,3.07744,0.09811,1906
13,6,star_sign,ema_d0.99,0.01,0.0001,3.08142,0.07765,1906
13,6,star_sign,ema_d0.9999,0.01,0.0001,3.20346,0.06925,1906
13,6,star_sign,mlp_h16,0.001,0.0,2.49792,0.06978,1906
13,6,star_sign,mlp_h32,0.001,0.0,2.24577,0.30797,1906
13,6,star_sign,mlp_h64,0.001,0.0,1.80706,0.8893,1906
13,6,star_sign,mlp_h128,0.001,0.0,1.04641,1.0,1906
13,6,star_sign,attention,0.0001,1e-05,3.77423,0.21094,1906
13,6,star_sign,shuffled,0.01,0.0001,3.1475,0.09182,1906
14,0,age_bin,ema_lr1e-3,0.001,0.0001,1.68231,0.30222,1982
14,0,age_bin,ema_lr5e-3,0.005,0.0001,1.59565,0.32846,1982
14,0,age_bin,ema_lr1e-2,0.01,0.0001,1.54722,0.33199,1982
14,0,age_bin,ema_lr5e-2,0.05,0.0001,1.32211,0.34864,1982
14,0,age_bin,ema_lr1e-2_wd1e-3,0.01,0.001,1.49247,0.36176,1982
14,0,age_bin,ema_d0.99,0.01,0.0001,1.56839,0.33804,1982
14,0,age_bin,ema_d0.9999,0.01,0.0001,1.5334,0.34864,1982
14,0,age_bin,mlp_h16,0.001,0.0,1.0361,0.52119,1982
14,0,age_bin,mlp_h32,0.001,0.0,1.04433,0.49445,1982
14,0,age_bin,mlp_h64,0.001,0.0,1.0368,0.5106,1982
14,0,age_bin,mlp_h128,0.001,0.0,1.02369,0.52321,1982
14,0,age_bin,attention,0.0001,1e-05,1.08761,0.57812,1982
14,0,age_bin,shuffled,0.01,0.0001,1.54204,0.31282,1982
14,0,gender,ema_lr1e-3,0.001,0.0001,1.12356,0.50404,1982
14,0,gender,ema_lr5e-3,0.005,0.0001,1.0383,0.48991,1982
14,0,gender,ema_lr1e-2,0.01,0.0001,0.96304,0.49344,1982
14,0,gender,ema_lr5e-2,0.05,0.0001,0.86327,0.52422,1982
14,0,gender,ema_lr1e-2_wd1e-3,0.01,0.001,0.98742,0.51413,1982
14,0,gender,ema_d0.99,0.01,0.0001,1.03792,0.46317,1982
14,0,gender,ema_d0.9999,0.01,0.0001,1.03349,0.51312,1982
14,0,gender,mlp_h16,0.001,0.0,0.6956,0.50706,1982
14,0,gender,mlp_h32,0.001,0.0,0.69381,0.50807,1982
14,0,gender,mlp_h64,0.001,0.0,0.69744,0.50807,1982
14,0,gender,mlp_h128,0.001,0.0,0.69344,0.52624,1982
14,0,gender,attention,0.0001,1e-05,0.69281,0.49219,1982
14,0,gender,shuffled,0.01,0.0001,1.00191,0.50505,1982
14,0,star_sign,ema_lr1e-3,0.001,0.0001,3.31668,0.09536,1982
14,0,star_sign,ema_lr5e-3,0.005,0.0001,3.14575,0.07669,1982
14,0,star_sign,ema_lr1e-2,0.01,0.0001,3.09193,0.15338,1982
14,0,star_sign,ema_lr5e-2,0.05,0.0001,2.45026,0.29364,1982
14,0,star_sign,ema_lr1e-2_wd1e-3,0.01,0.001,3.12603,0.12109,1982
14,0,star_sign,ema_d0.99,0.01,0.0001,3.14987,0.07568,1982
14,0,star_sign,ema_d0.9999,0.01,0.0001,3.03261,0.07467,1982
14,0,star_sign,mlp_h16,0.001,0.0,2.01306,0.62412,1982
14,0,star_sign,mlp_h32,0.001,0.0,1.91262,0.75328,1982
14,0,star_sign,mlp_h64,0.001,0.0,2.03247,0.63118,1982
14,0,star_sign,mlp_h128,0.001,0.0,1.1084,1.0,1982
14,0,star_sign,attention,0.0001,1e-05,2.46274,0.73438,1982
14,0,star_sign,shuffled,0.01,0.0001,3.12914,0.07265,1982
14,4,age_bin,ema_lr1e-3,0.001,0.0001,1.45501,0.34309,1982
14,4,age_bin,ema_lr5e-3,0.005,0.0001,1.41397,0.34612,1982
14,4,age_bin,ema_lr1e-2,0.01,0.0001,1.40217,0.31988,1982
14,4,age_bin,ema_lr5e-2,0.05,0.0001,1.29064,0.36377,1982
14,4,age_bin,ema_lr1e-2_wd1e-3,0.01,0.001,1.42368,0.33451,1982
14,4,age_bin,ema_d0.99,0.01,0.0001,1.30015,0.35822,1982
14,4,age_bin,ema_d0.9999,0.01,0.0001,1.42741,0.35923,1982
14,4,age_bin,mlp_h16,0.001,0.0,1.05298,0.48789,1982
14,4,age_bin,mlp_h32,0.001,0.0,1.03039,0.52069,1982
14,4,age_bin,mlp_h64,0.001,0.0,1.02827,0.52119,1982
14,4,age_bin,mlp_h128,0.001,0.0,1.01973,0.52069,1982
14,4,age_bin,attention,0.0001,1e-05,1.00152,0.57812,1982
14,4,age_bin,shuffled,0.01,0.0001,1.4852,0.32694,1982
14,4,gender,ema_lr1e-3,0.001,0.0001,1.06238,0.50605,1982
14,4,gender,ema_lr5e-3,0.005,0.0001,0.97132,0.51362,1982
14,4,gender,ema_lr1e-2,0.01,0.0001,0.9736,0.49748,1982
14,4,gender,ema_lr5e-2,0.05,0.0001,0.77988,0.5333,1982
14,4,gender,ema_lr1e-2_wd1e-3,0.01,0.001,0.8808,0.51816,1982
14,4,gender,ema_d0.99,0.01,0.0001,0.96685,0.46065,1982
14,4,gender,ema_d0.9999,0.01,0.0001,0.95844,0.47225,1982
14,4,gender,mlp_h16,0.001,0.0,0.6935,0.52321,1982
14,4,gender,mlp_h32,0.001,0.0,0.69458,0.51261,1982
14,4,gender,mlp_h64,0.001,0.0,0.70665,0.4884,1982
14,4,gender,mlp_h128,0.001,0.0,0.70348,0.51867,1982
14,4,gender,attention,0.0001,1e-05,0.90317,0.51562,1982
14,4,gender,shuffled,0.01,0.0001,0.92462,0.49899,1982
14,4,star_sign,ema_lr1e-3,0.001,0.0001,3.09167,0.09738,1982
14,4,star_sign,ema_lr5e-3,0.005,0.0001,3.20151,0.10192,1982
14,4,star_sign,ema_lr1e-2,0.01,0.0001,2.97537,0.09132,1982
14,4,star_sign,ema_lr5e-2,0.05,0.0001,2.33557,0.22402,1982
14,4,star_sign,ema_lr1e-2_wd1e-3,0.01,0.001,2.81239,0.1559,1982
14,4,star_sign,ema_d0.99,0.01,0.0001,2.87589,0.09788,1982
14,4,star_sign,ema_d0.9999,0.01,0.0001,2.87108,0.07114,1982
14,4,star_sign,mlp_h16,0.001,0.0,2.13283,0.12967,1982
14,4,star_sign,mlp_h32,0.001,0.0,1.74369,0.97528,1982
14,4,star_sign,mlp_h64,0.001,0.0,1.37099,0.9995,1982
14,4,star_sign,mlp_h128,0.001,0.0,1.08043,1.0,1982
14,4,star_sign,attention,0.0001,1e-05,2.35277,0.26562,1982
14,4,star_sign,shuffled,0.01,0.0001,2.94943,0.12916,1982
14,6,age_bin,ema_lr1e-3,0.001,0.0001,1.58988,0.35419,1982
14,6,age_bin,ema_lr5e-3,0.005,0.0001,1.56777,0.35368,1982
14,6,age_bin,ema_lr1e-2,0.01,0.0001,1.48141,0.34965,1982
14,6,age_bin,ema_lr5e-2,0.05,0.0001,1.38434,0.35469,1982
14,6,age_bin,ema_lr1e-2_wd1e-3,0.01,0.001,1.61171,0.32997,1982
14,6,age_bin,ema_d0.99,0.01,0.0001,1.54477,0.34864,1982
14,6,age_bin,ema_d0.9999,0.01,0.0001,1.5506,0.32089,1982
14,6,age_bin,mlp_h16,0.001,0.0,1.07794,0.39808,1982
14,6,age_bin,mlp_h32,0.001,0.0,1.08247,0.40817,1982
14,6,age_bin,mlp_h64,0.001,0.0,1.02455,0.51413,1982
14,6,age_bin,mlp_h128,0.001,0.0,1.03541,0.51816,1982
14,6,age_bin,attention,0.0001,1e-05,2.95967,0.3125,1982
14,6,age_bin,shuffled,0.01,0.0001,1.50348,0.3224,1982
14,6,gender,ema_lr1e-3,0.001,0.0001,1.03906,0.50303,1982
14,6,gender,ema_lr5e-3,0.005,0.0001,0.98916,0.50656,1982
14,6,gender,ema_lr1e-2,0.01,0.0001,0.98128,0.49697,1982
14,6,gender,ema_lr5e-2,0.05,0.0001,0.83686,0.51816,1982
14,6,gender,ema_lr1e-2_wd1e-3,0.01,0.001,0.92877,0.51816,1982
14,6,gender,ema_d0.99,0.01,0.0001,0.98558,0.5005,1982
14,6,gender,ema_d0.9999,0.01,0.0001,1.04164,0.49092,1982
14,6,gender,mlp_h16,0.001,0.0,0.6823,0.55752,1982
14,6,gender,mlp_h32,0.001,0.0,0.67512,0.57568,1982
14,6,gender,mlp_h64,0.001,0.0,0.66984,0.60343,1982
14,6,gender,mlp_h128,0.001,0.0,0.67639,0.56811,1982
14,6,gender,attention,0.0001,1e-05,2.39062,0.52344,1982
14,6,gender,shuffled,0.01,0.0001,0.99096,0.48234,1982
14,6,star_sign,ema_lr1e-3,0.001,0.0001,3.30171,0.09485,1982
14,6,star_sign,ema_lr5e-3,0.005,0.0001,3.27143,0.09889,1982
14,6,star_sign,ema_lr1e-2,0.01,0.0001,3.17196,0.09586,1982
14,6,star_sign,ema_lr5e-2,0.05,0.0001,2.39184,0.22149,1982
14,6,star_sign,ema_lr1e-2_wd1e-3,0.01,0.001,3.15862,0.10343,1982
14,6,star_sign,ema_d0.99,0.01,0.0001,3.09388,0.07518,1982
14,6,star_sign,ema_d0.9999,0.01,0.0001,3.10231,0.08073,1982
14,6,star_sign,mlp_h16,0.001,0.0,2.46314,0.08678,1982
14,6,star_sign,mlp_h32,0.001,0.0,2.17943,0.42533,1982
14,6,star_sign,mlp_h64,0.001,0.0,1.73617,0.9334,1982
14,6,star_sign,mlp_h128,0.001,0.0,0.96177,1.0,1982
14,6,star_sign,attention,0.0001,1e-05,3.5463,0.26562,1982
14,6,star_sign,shuffled,0.01,0.0001,3.10885,0.09132,1982
15,0,age_bin,ema_lr1e-3,0.001,0.0001,1.6462,0.32688,1756
15,0,age_bin,ema_lr5e-3,0.005,0.0001,1.61011,0.34055,1756
15,0,age_bin,ema_lr1e-2,0.01,0.0001,1.5185,0.34795,1756
15,0,age_bin,ema_lr5e-2,0.05,0.0001,1.35514,0.33656,1756
15,0,age_bin,ema_lr1e-2_wd1e-3,0.01,0.001,1.52629,0.34226,1756
15,0,age_bin,ema_d0.99,0.01,0.0001,1.58576,0.33542,1756
15,0,age_bin,ema_d0.9999,0.01,0.0001,1.47886,0.36446,1756
15,0,age_bin,mlp_h16,0.001,0.0,1.04596,0.51538,1756
15,0,age_bin,mlp_h32,0.001,0.0,1.04323,0.49089,1756
15,0,age_bin,mlp_h64,0.001,0.0,1.02511,0.52164,1756
15,0,age_bin,mlp_h128,0.001,0.0,1.01827,0.51879,1756
15,0,age_bin,attention,0.0001,1e-05,1.09116,0.5,1756
15,0,age_bin,shuffled,0.01,0.0001,1.50988,0.33428,1756
15,0,gender,ema_lr1e-3,0.001,0.0001,1.16305,0.49544,1756
15,0,gender,ema_lr5e-3,0.005,0.0001,1.04702,0.47323,1756
15,0,gender,ema_lr1e-2,0.01,0.0001,0.92176,0.51936,1756
15,0,gender,ema_lr5e-2,0.05,0.0001,0.86566,0.5074,1756
15,0,gender,ema_lr1e-2_wd1e-3,0.01,0.001,1.00603,0.50342,1756
15,0,gender,ema_d0.99,0.01,0.0001,0.93566,0.51082,1756
15,0,gender,ema_d0.9999,0.01,0.0001,0.97348,0.50342,1756
15,0,gender,mlp_h16,0.001,0.0,0.69528,0.52392,1756
15,0,gender,mlp_h32,0.001,0.0,0.68943,0.54157,1756
15,0,gender,mlp_h64,0.001,0.0,0.69009,0.53417,1756
15,0,gender,mlp_h128,0.001,0.0,0.68624,0.53132,1756
15,0,gender,attention,0.0001,1e-05,0.69284,0.48438,1756
15,0,gender,shuffled,0.01,0.0001,1.03654,0.49146,1756
15,0,star_sign,ema_lr1e-3,0.001,0.0001,3.29458,0.11276,1756
15,0,star_sign,ema_lr5e-3,0.005,0.0001,3.1959,0.07403,1756
15,0,star_sign,ema_lr1e-2,0.01,0.0001,3.14487,0.14237,1756
15,0,star_sign,ema_lr5e-2,0.05,0.0001,2.44388,0.29499,1756
15,0,star_sign,ema_lr1e-2_wd1e-3,0.01,0.001,3.1528,0.10421,1756
15,0,star_sign,ema_d0.99,0.01,0.0001,3.11471,0.07688,1756
15,0,star_sign,ema_d0.9999,0.01,0.0001,3.05525,0.06435,1756
15,0,star_sign,mlp_h16,0.001,0.0,1.98676,0.64863,1756
15,0,star_sign,mlp_h32,0.001,0.0,1.86679,0.79841,1756
15,0,star_sign,mlp_h64,0.001,0.0,1.96717,0.67882,1756
15,0,star_sign,mlp_h128,0.001,0.0,1.01827,1.0,1756
15,0,star_sign,attention,0.0001,1e-05,2.46042,0.82031,1756
15,0,star_sign,shuffled,0.01,0.0001,3.05769,0.08314,1756
15,4,age_bin,ema_lr1e-3,0.001,0.0001,1.49657,0.32289,1756
15,4,age_bin,ema_lr5e-3,0.005,0.0001,1.43906,0.31663,1756
15,4,age_bin,ema_lr1e-2,0.01,0.0001,1.3411,0.35023,1756
15,4,age_bin,ema_lr5e-2,0.05,0.0001,1.29887,0.33656,1756
15,4,age_bin,ema_lr1e-2_wd1e-3,0.01,0.001,1.45675,0.32631,1756
15,4,age_bin,ema_d0.99,0.01,0.0001,1.39075,0.31207,1756
15,4,age_bin,ema_d0.9999,0.01,0.0001,1.45056,0.33941,1756
15,4,age_bin,mlp_h16,0.001,0.0,1.04205,0.49715,1756
15,4,age_bin,mlp_h32,0.001,0.0,1.01682,0.51993,1756
15,4,age_bin,mlp_h64,0.001,0.0,1.01939,0.51993,1756
15,4,age_bin,mlp_h128,0.001,0.0,1.01177,0.52107,1756
15,4,age_bin,attention,0.0001,1e-05,1.05022,0.5,1756
15,4,age_bin,shuffled,0.01,0.0001,1.50017,0.33371,1756
15,4,gender,ema_lr1e-3,0.001,0.0001,1.00397,0.52335,1756
15,4,gender,ema_lr5e-3,0.005,0.0001,1.08248,0.46469,1756
15,4,gender,ema_lr1e-2,0.01,0.0001,0.95926,0.49886,1756
15,4,gender,ema_lr5e-2,0.05,0.0001,0.78293,0.54043,1756
15,4,gender,ema_lr1e-2_wd1e-3,0.01,0.001,0.94776,0.47437,1756
15,4,gender,ema_d0.99,0.01,0.0001,0.92576,0.49658,1756
15,4,gender,ema_d0.9999,0.01,0.0001,0.92803,0.49317,1756
15,4,gender,mlp_h16,0.001,0.0,0.69403,0.5205,1756
15,4,gender,mlp_h32,0.001,0.0,0.68607,0.55011,1756
15,4,gender,mlp_h64,0.001,0.0,0.6903,0.53588,1756
15,4,gender,mlp_h128,0.001,0.0,0.68964,0.54442,1756
15,4,gender,attention,0.0001,1e-05,0.94768,0.49219,1756
15,4,gender,shuffled,0.01,0.0001,0.89661,0.51822,1756
15,4,star_sign,ema_lr1e-3,0.001,0.0001,3.14332,0.10251,1756
15,4,star_sign,ema_lr5e-3,0.005,0.0001,3.20457,0.08485,1756
15,4,star_sign,ema_lr1e-2,0.01,0.0001,2.84545,0.11617,1756
15,4,star_sign,ema_lr5e-2,0.05,0.0001,2.27859,0.22153,1756
15,4,star_sign,ema_lr1e-2_wd1e-3,0.01,0.001,2.8328,0.14863,1756
15,4,star_sign,ema_d0.99,0.01,0.0001,2.86265,0.11617,1756
15,4,star_sign,ema_d0.9999,0.01,0.0001,2.91674,0.06549,1756
15,4,star_sign,mlp_h16,0.001,0.0,2.09614,0.15433,1756
15,4,star_sign,mlp_h32,0.001,0.0,1.69128,0.97779,1756
15,4,star_sign,mlp_h64,0.001,0.0,1.27764,0.99886,1756
15,4,star_sign,mlp_h128,0.001,0.0,0.95124,1.0,1756
15,4,star_sign,attention,0.0001,1e-05,2.31474,0.33594,1756
15,4,star_sign,shuffled,0.01,0.0001,2.92786,0.14009,1756
15,6,age_bin,ema_lr1e-3,0.001,0.0001,1.60495,0.33656,1756
15,6,age_bin,ema_lr5e-3,0.005,0.0001,1.68324,0.32802,1756
15,6,age_bin,ema_lr1e-2,0.01,0.0001,1.59331,0.33371,1756
15,6,age_bin,ema_lr5e-2,0.05,0.0001,1.37342,0.34112,1756
15,6,age_bin,ema_lr1e-2_wd1e-3,0.01,0.001,1.54399,0.33998,1756
15,6,age_bin,ema_d0.99,0.01,0.0001,1.4892,0.36333,1756
15,6,age_bin,ema_d0.9999,0.01,0.0001,1.46573,0.36617,1756
15,6,age_bin,mlp_h16,0.001,0.0,1.09729,0.38326,1756
15,6,age_bin,mlp_h32,0.001,0.0,1.06684,0.45558,1756
15,6,age_bin,mlp_h64,0.001,0.0,1.01527,0.51196,1756
15,6,age_bin,mlp_h128,0.001,0.0,1.0115,0.52164,1756
15,6,age_bin,attention,0.0001,1e-05,2.7104,0.36719,1756
15,6,age_bin,shuffled,0.01,0.0001,1.50667,0.32859,1756
15,6,gender,ema_lr1e-3,0.001,0.0001,1.02801,0.49715,1756
15,6,gender,ema_lr5e-3,0.005,0.0001,1.1323,0.47323,1756
15,6,gender,ema_lr1e-2,0.01,0.0001,0.88405,0.52847,1756
15,6,gender,ema_lr5e-2,0.05,0.0001,0.84956,0.49544,1756
15,6,gender,ema_lr1e-2_wd1e-3,0.01,0.001,0.941,0.5279,1756
15,6,gender,ema_d0.99,0.01,0.0001,0.97806,0.5,1756
15,6,gender,ema_d0.9999,0.01,0.0001,1.08911,0.46982,1756
15,6,gender,mlp_h16,0.001,0.0,0.70024,0.49943,1756
15,6,gender,mlp_h32,0.001,0.0,0.6837,0.56207,1756
15,6,gender,mlp_h64,0.001,0.0,0.68167,0.56435,1756
15,6,gender,mlp_h128,0.001,0.0,0.6852,0.5672,1756
15,6,gender,attention,0.0001,1e-05,1.89711,0.52344,1756
15,6,gender,shuffled,0.01,0.0001,0.92123,0.50228,1756
15,6,star_sign,ema_lr1e-3,0.001,0.0001,3.26992,0.09112,1756
15,6,star_sign,ema_lr5e-3,0.005,0.0001,3.15353,0.1213,1756
15,6,star_sign,ema_lr1e-2,0.01,0.0001,3.18326,0.09282,1756
15,6,star_sign,ema_lr5e-2,0.05,0.0001,2.42175,0.18565,1756
15,6,star_sign,ema_lr1e-2_wd1e-3,0.01,0.001,3.13466,0.08428,1756
15,6,star_sign,ema_d0.99,0.01,0.0001,3.05268,0.08371,1756
15,6,star_sign,ema_d0.9999,0.01,0.0001,3.13102,0.09112,1756
15,6,star_sign,mlp_h16,0.001,0.0,2.44237,0.1139,1756
15,6,star_sign,mlp_h32,0.001,0.0,2.16605,0.46982,1756
15,6,star_sign,mlp_h64,0.001,0.0,1.67045,0.95615,1756
15,6,star_sign,mlp_h128,0.001,0.0,0.89562,1.0,1756
15,6,star_sign,attention,0.0001,1e-05,2.87439,0.35938,1756
15,6,star_sign,shuffled,0.01,0.0001,3.06436,0.10137,1756
16,0,age_bin,ema_lr1e-3,0.001,0.0001,1.66027,0.3182,1961
16,0,age_bin,ema_lr5e-3,0.005,0.0001,1.55465,0.33044,1961
16,0,age_bin,ema_lr1e-2,0.01,0.0001,1.55052,0.32432,1961
16,0,age_bin,ema_lr5e-2,0.05,0.0001,1.30222,0.36155,1961
16,0,age_bin,ema_lr1e-2_wd1e-3,0.01,0.001,1.48478,0.36257,1961
16,0,age_bin,ema_d0.99,0.01,0.0001,1.52721,0.33656,1961
16,0,age_bin,ema_d0.9999,0.01,0.0001,1.55772,0.32534,1961
16,0,age_bin,mlp_h16,0.001,0.0,1.01264,0.57981,1961
16,0,age_bin,mlp_h32,0.001,0.0,1.01416,0.55227,1961
16,0,age_bin,mlp_h64,0.001,0.0,0.99327,0.58491,1961
16,0,age_bin,mlp_h128,0.001,0.0,0.97122,0.58644,1961
16,0,age_bin,attention,0.0001,1e-05,1.08784,0.53906,1961
16,0,age_bin,shuffled,0.01,0.0001,1.54183,0.31617,1961
16,0,gender,ema_lr1e-3,0.001,0.0001,1.10497,0.50331,1961
16,0,gender,ema_lr5e-3,0.005,0.0001,1.00747,0.50841,1961
16,0,gender,ema_lr1e-2,0.01,0.0001,0.91892,0.52218,1961
16,0,gender,ema_lr5e-2,0.05,0.0001,0.87113,0.49057,1961
16,0,gender,ema_lr1e-2_wd1e-3,0.01,0.001,1.00972,0.50229,1961
16,0,gender,ema_d0.99,0.01,0.0001,1.00242,0.50025,1961
16,0,gender,ema_d0.9999,0.01,0.0001,0.98958,0.50535,1961
16,0,gender,mlp_h16,0.001,0.0,0.69938,0.50025,1961
16,0,gender,mlp_h32,0.001,0.0,0.69644,0.50433,1961
16,0,gender,mlp_h64,0.001,0.0,0.70512,0.4972,1961
16,0,gender,mlp_h128,0.001,0.0,0.70456,0.48649,1961
16,0,gender,attention,0.0001,1e-05,0.69247,0.54688,1961
16,0,gender,shuffled,0.01,0.0001,0.96543,0.50688,1961
16,0,star_sign,ema_lr1e-3,0.001,0.0001,3.2597,0.11117,1961
16,0,star_sign,ema_lr5e-3,0.005,0.0001,3.17572,0.07343,1961
16,0,star_sign,ema_lr1e-2,0.01,0.0001,3.13172,0.13768,1961
16,0,star_sign,ema_lr5e-2,0.05,0.0001,2.37719,0.30291,1961
16,0,star_sign,ema_lr1e-2_wd1e-3,0.01,0.001,3.10679,0.10913,1961
16,0,star_sign,ema_d0.99,0.01,0.0001,3.15652,0.07853,1961
16,0,star_sign,ema_d0.9999,0.01,0.0001,3.07273,0.06833,1961
16,0,star_sign,mlp_h16,0.001,0.0,1.96966,0.67925,1961
16,0,star_sign,mlp_h32,0.001,0.0,1.8364,0.81897,1961
16,0,star_sign,mlp_h64,0.001,0.0,1.91589,0.73381,1961
16,0,star_sign,mlp_h128,0.001,0.0,0.94315,1.0,1961
16,0,star_sign,attention,0.0001,1e-05,2.45821,0.88281,1961
16,0,star_sign,shuffled,0.01,0.0001,3.11032,0.06833,1961
16,4,age_bin,ema_lr1e-3,0.001,0.0001,1.44531,0.34013,1961
16,4,age_bin,ema_lr5e-3,0.005,0.0001,1.50216,0.31362,1961
16,4,age_bin,ema_lr1e-2,0.01,0.0001,1.4046,0.32075,1961
16,4,age_bin,ema_lr5e-2,0.05,0.0001,1.28555,0.3539,1961
16,4,age_bin,ema_lr1e-2_wd1e-3,0.01,0.001,1.4661,0.33299,1961
16,4,age_bin,ema_d0.99,0.01,0.0001,1.37948,0.3233,1961
16,4,age_bin,ema_d0.9999,0.01,0.0001,1.43048,0.34676,1961
16,4,age_bin,mlp_h16,0.001,0.0,1.02159,0.55074,1961
16,4,age_bin,mlp_h32,0.001,0.0,0.99495,0.58746,1961
16,4,age_bin,mlp_h64,0.001,0.0,0.97794,0.58593,1961
16,4,age_bin,mlp_h128,0.001,0.0,0.97027,0.58644,1961
16,4,age_bin,attention,0.0001,1e-05,1.03126,0.53906,1961
16,4,age_bin,shuffled,0.01,0.0001,1.44783,0.34064,1961
16,4,gender,ema_lr1e-3,0.001,0.0001,1.02772,0.52677,1961
16,4,gender,ema_lr5e-3,0.005,0.0001,1.0308,0.4666,1961
16,4,gender,ema_lr1e-2,0.01,0.0001,1.01847,0.47935,1961
16,4,gender,ema_lr5e-2,0.05,0.0001,0.81988,0.49465,1961
16,4,gender,ema_lr1e-2_wd1e-3,0.01,0.001,0.93485,0.4717,1961
16,4,gender,ema_d0.99,0.01,0.0001,0.94145,0.47833,1961
16,4,gender,ema_d0.9999,0.01,0.0001,0.88378,0.52422,1961
16,4,gender,mlp_h16,0.001,0.0,0.6956,0.51453,1961
16,4,gender,mlp_h32,0.001,0.0,0.69328,0.5334,1961
16,4,gender,mlp_h64,0.001,0.0,0.71019,0.49771,1961
16,4,gender,mlp_h128,0.001,0.0,0.707,0.513,1961
16,4,gender,attention,0.0001,1e-05,0.8188,0.54688,1961
16,4,gender,shuffled,0.01,0.0001,0.86274,0.52167,1961
16,4,star_sign,ema_lr1e-3,0.001,0.0001,3.21689,0.08465,1961
16,4,star_sign,ema_lr5e-3,0.005,0.0001,3.06517,0.11474,1961
16,4,star_sign,ema_lr1e-2,0.01,0.0001,2.79876,0.10097,1961
16,4,star_sign,ema_lr5e-2,0.05,0.0001,2.25536,0.23304,1961
16,4,star_sign,ema_lr1e-2_wd1e-3,0.01,0.001,2.83674,0.14533,1961
16,4,star_sign,ema_d0.99,0.01,0.0001,2.90749,0.09791,1961
16,4,star_sign,ema_d0.9999,0.01,0.0001,2.91522,0.05048,1961
16,4,star_sign,mlp_h16,0.001,0.0,2.09921,0.14482,1961
16,4,star_sign,mlp_h32,0.001,0.0,1.65595,0.98929,1961
16,4,star_sign,mlp_h64,0.001,0.0,1.20093,1.0,1961
16,4,star_sign,mlp_h128,0.001,0.0,0.85663,1.0,1961
16,4,star_sign,attention,0.0001,1e-05,2.28757,0.5,1961
16,4,star_sign,shuffled,0.01,0.0001,2.83311,0.15298,1961
16,6,age_bin,ema_lr1e-3,0.001,0.0001,1.60068,0.3284,1961
16,6,age_bin,ema_lr5e-3,0.005,0.0001,1.58663,0.35441,1961
16,6,age_bin,ema_lr1e-2,0.01,0.0001,1.5285,0.3177,1961
16,6,age_bin,ema_lr5e-2,0.05,0.0001,1.3112,0.36512,1961
16,6,age_bin,ema_lr1e-2_wd1e-3,0.01,0.001,1.57081,0.3126,1961
16,6,age_bin,ema_d0.99,0.01,0.0001,1.50437,0.35186,1961
16,6,age_bin,ema_d0.9999,0.01,0.0001,1.39996,0.35033,1961
16,6,age_bin,mlp_h16,0.001,0.0,1.08452,0.36104,1961
16,6,age_bin,mlp_h32,0.001,0.0,1.06862,0.45487,1961
16,6,age_bin,mlp_h64,0.001,0.0,1.00637,0.56859,1961
16,6,age_bin,mlp_h128,0.001,0.0,0.98114,0.58083,1961
16,6,age_bin,attention,0.0001,1e-05,3.21965,0.35938,1961
16,6,age_bin,shuffled,0.01,0.0001,1.51682,0.33758,1961
16,6,gender,ema_lr1e-3,0.001,0.0001,1.11284,0.45895,1961
16,6,gender,ema_lr5e-3,0.005,0.0001,0.99759,0.49312,1961
16,6,gender,ema_lr1e-2,0.01,0.0001,0.86969,0.53493,1961
16,6,gender,ema_lr5e-2,0.05,0.0001,0.85404,0.48241,1961
16,6,gender,ema_lr1e-2_wd1e-3,0.01,0.001,0.94551,0.5232,1961
16,6,gender,ema_d0.99,0.01,0.0001,0.99473,0.49414,1961
16,6,gender,ema_d0.9999,0.01,0.0001,0.98762,0.513,1961
16,6,gender,mlp_h16,0.001,0.0,0.69423,0.52881,1961
16,6,gender,mlp_h32,0.001,0.0,0.69343,0.53391,1961
16,6,gender,mlp_h64,0.001,0.0,0.6935,0.54258,1961
16,6,gender,mlp_h128,0.001,0.0,0.70783,0.54207,1961
16,6,gender,attention,0.0001,1e-05,2.27616,0.42188,1961
16,6,gender,shuffled,0.01,0.0001,0.96691,0.51045,1961
16,6,star_sign,ema_lr1e-3,0.001,0.0001,3.16642,0.10403,1961
16,6,star_sign,ema_lr5e-3,0.005,0.0001,3.14436,0.14329,1961
16,6,star_sign,ema_lr1e-2,0.01,0.0001,3.11966,0.08975,1961
16,6,star_sign,ema_lr5e-2,0.05,0.0001,2.37187,0.23049,1961
16,6,star_sign,ema_lr1e-2_wd1e-3,0.01,0.001,3.09613,0.09281,1961
16,6,star_sign,ema_d0.99,0.01,0.0001,3.05029,0.08516,1961
16,6,star_sign,ema_d0.9999,0.01,0.0001,3.19679,0.07343,1961
16,6,star_sign,mlp_h16,0.001,0.0,2.43107,0.12698,1961
16,6,star_sign,mlp_h32,0.001,0.0,2.15147,0.49771,1961
16,6,star_sign,mlp_h64,0.001,0.0,1.65122,0.96583,1961
16,6,star_sign,mlp_h128,0.001,0.0,0.81117,1.0,1961
16,6,star_sign,attention,0.0001,1e-05,2.64038,0.35938,1961
16,6,star_sign,shuffled,0.01,0.0001,3.06804,0.09128,1961
17,0,age_bin,ema_lr1e-3,0.001,0.0001,1.63396,0.33873,2040
17,0,age_bin,ema_lr5e-3,0.005,0.0001,1.5786,0.34657,2040
17,0,age_bin,ema_lr1e-2,0.01,0.0001,1.54865,0.33725,2040
17,0,age_bin,ema_lr5e-2,0.05,0.0001,1.32795,0.33186,2040
17,0,age_bin,ema_lr1e-2_wd1e-3,0.01,0.001,1.47846,0.35147,2040
17,0,age_bin,ema_d0.99,0.01,0.0001,1.55882,0.32941,2040
17,0,age_bin,ema_d0.9999,0.01,0.0001,1.52991,0.32941,2040
17,0,age_bin,mlp_h16,0.001,0.0,1.09903,0.39951,2040
17,0,age_bin,mlp_h32,0.001,0.0,1.10427,0.39265,2040
17,0,age_bin,mlp_h64,0.001,0.0,1.11192,0.39853,2040
17,0,age_bin,mlp_h128,0.001,0.0,1.14749,0.39804,2040
17,0,age_bin,attention,0.0001,1e-05,1.09208,0.45312,2040
17,0,age_bin,shuffled,0.01,0.0001,1.50744,0.33725,2040
17,0,gender,ema_lr1e-3,0.001,0.0001,1.14642,0.50441,2040
17,0,gender,ema_lr5e-3,0.005,0.0001,1.02988,0.51422,2040
17,0,gender,ema_lr1e-2,0.01,0.0001,0.9369,0.51127,2040
17,0,gender,ema_lr5e-2,0.05,0.0001,0.85726,0.51618,2040
17,0,gender,ema_lr1e-2_wd1e-3,0.01,0.001,1.01406,0.49363,2040
17,0,gender,ema_d0.99,0.01,0.0001,0.9666,0.51422,2040
17,0,gender,ema_d0.9999,0.01,0.0001,0.96331,0.50637,2040
17,0,gender,mlp_h16,0.001,0.0,0.69781,0.4951,2040
17,0,gender,mlp_h32,0.001,0.0,0.69717,0.50931,2040
17,0,gender,mlp_h64,0.001,0.0,0.70212,0.50245,2040
17,0,gender,mlp_h128,0.001,0.0,0.70074,0.49804,2040
17,0,gender,attention,0.0001,1e-05,0.69238,0.50781,2040
17,0,gender,shuffled,0.01,0.0001,0.99499,0.50686,2040
17,0,star_sign,ema_lr1e-3,0.001,0.0001,3.27036,0.10686,2040
17,0,star_sign,ema_lr5e-3,0.005,0.0001,3.1301,0.08578,2040
17,0,star_sign,ema_lr1e-2,0.01,0.0001,3.08732,0.16275,2040
17,0,star_sign,ema_lr5e-2,0.05,0.0001,2.36803,0.3049,2040
17,0,star_sign,ema_lr1e-2_wd1e-3,0.01,0.001,3.15673,0.11176,2040
17,0,star_sign,ema_d0.99,0.01,0.0001,3.07148,0.07451,2040
17,0,star_sign,ema_d0.9999,0.01,0.0001,3.02889,0.06667,2040
17,0,star_sign,mlp_h16,0.001,0.0,1.9442,0.70294,2040
17,0,star_sign,mlp_h32,0.001,0.0,1.81088,0.83333,2040
17,0,star_sign,mlp_h64,0.001,0.0,1.86739,0.78775,2040
17,0,star_sign,mlp_h128,0.001,0.0,0.8829,1.0,2040
17,0,star_sign,attention,0.0001,1e-05,2.457,0.82031,2040
17,0,star_sign,shuffled,0.01,0.0001,3.06339,0.07843,2040
17,4,age_bin,ema_lr1e-3,0.001,0.0001,1.40078,0.33824,2040
17,4,age_bin,ema_lr5e-3,0.005,0.0001,1.42811,0.33431,2040
17,4,age_bin,ema_lr1e-2,0.01,0.0001,1.36482,0.34951,2040
17,4,age_bin,ema_lr5e-2,0.05,0.0001,1.26514,0.34608,2040
17,4,age_bin,ema_lr1e-2_wd1e-3,0.01,0.001,1.40718,0.34853,2040
17,4,age_bin,ema_d0.99,0.01,0.0001,1.38089,0.32892,2040
17,4,age_bin,ema_d0.9999,0.01,0.0001,1.38118,0.37598,2040
17,4,age_bin,mlp_h16,0.001,0.0,1.11686,0.38137,2040
17,4,age_bin,mlp_h32,0.001,0.0,1.11366,0.39363,2040
17,4,age_bin,mlp_h64,0.001,0.0,1.13106,0.39314,2040
17,4,age_bin,mlp_h128,0.001,0.0,1.16334,0.39265,2040
17,4,age_bin,attention,0.0001,1e-05,1.06046,0.45312,2040
17,4,age_bin,shuffled,0.01,0.0001,1.42754,0.33186,2040
17,4,gender,ema_lr1e-3,0.001,0.0001,1.02713,0.51373,2040
17,4,gender,ema_lr5e-3,0.005,0.0001,1.00399,0.48873,2040
17,4,gender,ema_lr1e-2,0.01,0.0001,0.9444,0.50539,2040
17,4,gender,ema_lr5e-2,0.05,0.0001,0.82045,0.50147,2040
17,4,gender,ema_lr1e-2_wd1e-3,0.01,0.001,0.90541,0.47843,2040
17,4,gender,ema_d0.99,0.01,0.0001,0.91422,0.4951,2040
17,4,gender,ema_d0.9999,0.01,0.0001,0.91255,0.49265,2040
17,4,gender,mlp_h16,0.001,0.0,0.70061,0.50588,2040
17,4,gender,mlp_h32,0.001,0.0,0.69839,0.50637,2040
17,4,gender,mlp_h64,0.001,0.0,0.69848,0.50784,2040
17,4,gender,mlp_h128,0.001,0.0,0.69964,0.51471,2040
17,4,gender,attention,0.0001,1e-05,0.80305,0.5,2040
17,4,gender,shuffled,0.01,0.0001,0.91191,0.51078,2040
17,4,star_sign,ema_lr1e-3,0.001,0.0001,3.17816,0.08922,2040
17,4,star_sign,ema_lr5e-3,0.005,0.0001,3.12009,0.1049,2040
17,4,star_sign,ema_lr1e-2,0.01,0.0001,2.89437,0.09902,2040
17,4,star_sign,ema_lr5e-2,0.05,0.0001,2.16606,0.24706,2040
17,4,star_sign,ema_lr1e-2_wd1e-3,0.01,0.001,2.82963,0.13922,2040
17,4,star_sign,ema_d0.99,0.01,0.0001,2.77201,0.12255,2040
17,4,star_sign,ema_d0.9999,0.01,0.0001,2.86547,0.07402,2040
17,4,star_sign,mlp_h16,0.001,0.0,2.08194,0.14412,2040
17,4,star_sign,mlp_h32,0.001,0.0,1.61735,0.99069,2040
17,4,star_sign,mlp_h64,0.001,0.0,1.14575,1.0,2040
17,4,star_sign,mlp_h128,0.001,0.0,0.77855,1.0,2040
17,4,star_sign,attention,0.0001,1e-05,2.26948,0.57031,2040
17,4,star_sign,shuffled,0.01,0.0001,2.94663,0.13284,2040
17,6,age_bin,ema_lr1e-3,0.001,0.0001,1.48909,0.36765,2040
17,6,age_bin,ema_lr5e-3,0.005,0.0001,1.74238,0.30882,2040
17,6,age_bin,ema_lr1e-2,0.01,0.0001,1.63299,0.3152,2040
17,6,age_bin,ema_lr5e-2,0.05,0.0001,1.35265,0.35,2040
17,6,age_bin,ema_lr1e-2_wd1e-3,0.01,0.001,1.49494,0.35,2040
17,6,age_bin,ema_d0.99,0.01,0.0001,1.65083,0.29608,2040
17,6,age_bin,ema_d0.9999,0.01,0.0001,1.37493,0.3598,2040
17,6,age_bin,mlp_h16,0.001,0.0,1.11611,0.31569,2040
17,6,age_bin,mlp_h32,0.001,0.0,1.09695,0.35686,2040
17,6,age_bin,mlp_h64,0.001,0.0,1.1271,0.38824,2040
17,6,age_bin,mlp_h128,0.001,0.0,1.14973,0.39265,2040
17,6,age_bin,attention,0.0001,1e-05,2.93438,0.29688,2040
17,6,age_bin,shuffled,0.01,0.0001,1.51569,0.31912,2040
17,6,gender,ema_lr1e-3,0.001,0.0001,1.04503,0.51569,2040
17,6,gender,ema_lr5e-3,0.005,0.0001,0.97087,0.50049,2040
17,6,gender,ema_lr1e-2,0.01,0.0001,0.97327,0.48873,2040
17,6,gender,ema_lr5e-2,0.05,0.0001,0.80979,0.50245,2040
17,6,gender,ema_lr1e-2_wd1e-3,0.01,0.001,0.93703,0.53578,2040
17,6,gender,ema_d0.99,0.01,0.0001,1.02483,0.48922,2040
17,6,gender,ema_d0.9999,0.01,0.0001,1.10243,0.48676,2040
17,6,gender,mlp_h16,0.001,0.0,0.69627,0.5049,2040
17,6,gender,mlp_h32,0.001,0.0,0.69152,0.52745,2040
17,6,gender,mlp_h64,0.001,0.0,0.69747,0.50637,2040
17,6,gender,mlp_h128,0.001,0.0,0.70354,0.51373,2040
17,6,gender,attention,0.0001,1e-05,2.42688,0.46094,2040
17,6,gender,shuffled,0.01,0.0001,0.97173,0.49804,2040
17,6,star_sign,ema_lr1e-3,0.001,0.0001,3.18878,0.1049,2040
17,6,star_sign,ema_lr5e-3,0.005,0.0001,3.14491,0.11667,2040
17,6,star_sign,ema_lr1e-2,0.01,0.0001,3.21113,0.07745,2040
17,6,star_sign,ema_lr5e-2,0.05,0.0001,2.31257,0.23529,2040
17,6,star_sign,ema_lr1e-2_wd1e-3,0.01,0.001,3.09101,0.09216,2040
17,6,star_sign,ema_d0.99,0.01,0.0001,3.1733,0.06618,2040
17,6,star_sign,ema_d0.9999,0.01,0.0001,3.12818,0.08039,2040
17,6,star_sign,mlp_h16,0.001,0.0,2.41023,0.13333,2040
17,6,star_sign,mlp_h32,0.001,0.0,2.08994,0.57108,2040
17,6,star_sign,mlp_h64,0.001,0.0,1.56033,0.97794,2040
17,6,star_sign,mlp_h128,0.001,0.0,0.70925,1.0,2040
17,6,star_sign,attention,0.0001,1e-05,2.27492,0.39844,2040
17,6,star_sign,shuffled,0.01,0.0001,3.11157,0.09804,2040
18,0,age_bin,ema_lr1e-3,0.001,0.0001,1.66833,0.3091,1802
18,0,age_bin,ema_lr5e-3,0.005,0.0001,1.58216,0.33518,1802
18,0,age_bin,ema_lr1e-2,0.01,0.0001,1.50324,0.33296,1802
18,0,age_bin,ema_lr5e-2,0.05,0.0001,1.32263,0.35294,1802
18,0,age_bin,ema_lr1e-2_wd1e-3,0.01,0.001,1.47382,0.35738,1802
18,0,age_bin,ema_d0.99,0.01,0.0001,1.57129,0.31964,1802
18,0,age_bin,ema_d0.9999,0.01,0.0001,1.53771,0.32741,1802
18,0,age_bin,mlp_h16,0.001,0.0,1.02263,0.54772,1802
18,0,age_bin,mlp_h32,0.001,0.0,1.02357,0.53496,1802
18,0,age_bin,mlp_h64,0.001,0.0,1.01614,0.5455,1802
18,0,age_bin,mlp_h128,0.001,0.0,1.0082,0.54606,1802
18,0,age_bin,attention,0.0001,1e-05,1.08694,0.54688,1802
18,0,age_bin,shuffled,0.01,0.0001,1.53056,0.34018,1802
18,0,gender,ema_lr1e-3,0.001,0.0001,1.11199,0.50666,1802
18,0,gender,ema_lr5e-3,0.005,0.0001,1.07888,0.48613,1802
18,0,gender,ema_lr1e-2,0.01,0.0001,0.93378,0.51609,1802
18,0,gender,ema_lr5e-2,0.05,0.0001,0.84939,0.52608,1802
18,0,gender,ema_lr1e-2_wd1e-3,0.01,0.001,0.99883,0.49667,1802
18,0,gender,ema_d0.99,0.01,0.0001,0.97898,0.49889,1802
18,0,gender,ema_d0.9999,0.01,0.0001,0.98251,0.48835,1802
18,0,gender,mlp_h16,0.001,0.0,0.69313,0.52331,1802
18,0,gender,mlp_h32,0.001,0.0,0.69416,0.52386,1802
18,0,gender,mlp_h64,0.001,0.0,0.6963,0.51609,1802
18,0,gender,mlp_h128,0.001,0.0,0.69591,0.5172,1802
18,0,gender,attention,0.0001,1e-05,0.69261,0.48438,1802
18,0,gender,shuffled,0.01,0.0001,0.95105,0.49834,1802
18,0,star_sign,ema_lr1e-3,0.001,0.0001,3.25061,0.10877,1802
18,0,star_sign,ema_lr5e-3,0.005,0.0001,3.12701,0.07103,1802
18,0,star_sign,ema_lr1e-2,0.01,0.0001,3.04224,0.12875,1802
18,0,star_sign,ema_lr5e-2,0.05,0.0001,2.28781,0.32741,1802
18,0,star_sign,ema_lr1e-2_wd1e-3,0.01,0.001,3.04853,0.1404,1802
18,0,star_sign,ema_d0.99,0.01,0.0001,3.11716,0.07603,1802
18,0,star_sign,ema_d0.9999,0.01,0.0001,3.03669,0.07381,1802
18,0,star_sign,mlp_h16,0.001,0.0,1.90935,0.73363,1802
18,0,star_sign,mlp_h32,0.001,0.0,1.76193,0.87514,1802
18,0,star_sign,mlp_h64,0.001,0.0,1.80836,0.82852,1802
18,0,star_sign,mlp_h128,0.001,0.0,0.80677,1.0,1802
18,0,star_sign,attention,0.0001,1e-05,2.4541,0.92188,1802
18,0,star_sign,shuffled,0.01,0.0001,3.07501,0.07048,1802
18,4,age_bin,ema_lr1e-3,0.001,0.0001,1.46554,0.33574,1802
18,4,age_bin,ema_lr5e-3,0.005,0.0001,1.43748,0.33407,1802
18,4,age_bin,ema_lr1e-2,0.01,0.0001,1.42062,0.30078,1802
18,4,age_bin,ema_lr5e-2,0.05,0.0001,1.21697,0.36127,1802
18,4,age_bin,ema_lr1e-2_wd1e-3,0.01,0.001,1.47532,0.32519,1802
18,4,age_bin,ema_d0.99,0.01,0.0001,1.38202,0.33296,1802
18,4,age_bin,ema_d0.9999,0.01,0.0001,1.43634,0.32464,1802
18,4,age_bin,mlp_h16,0.001,0.0,1.01821,0.52941,1802
18,4,age_bin,mlp_h32,0.001,0.0,1.01467,0.5444,1802
18,4,age_bin,mlp_h64,0.001,0.0,1.00035,0.54606,1802
18,4,age_bin,mlp_h128,0.001,0.0,1.00464,0.5444,1802
18,4,age_bin,attention,0.0001,1e-05,1.02369,0.53906,1802
18,4,age_bin,shuffled,0.01,0.0001,1.44653,0.32686,1802
18,4,gender,ema_lr1e-3,0.001,0.0001,1.08194,0.49279,1802
18,4,gender,ema_lr5e-3,0.005,0.0001,0.97687,0.51387,1802
18,4,gender,ema_lr1e-2,0.01,0.0001,0.9552,0.48668,1802
18,4,gender,ema_lr5e-2,0.05,0.0001,0.78561,0.50499,1802
18,4,gender,ema_lr1e-2_wd1e-3,0.01,0.001,0.89242,0.50666,1802
18,4,gender,ema_d0.99,0.01,0.0001,0.90406,0.4828,1802
18,4,gender,ema_d0.9999,0.01,0.0001,0.88394,0.49723,1802
18,4,gender,mlp_h16,0.001,0.0,0.69345,0.52664,1802
18,4,gender,mlp_h32,0.001,0.0,0.69802,0.52719,1802
18,4,gender,mlp_h64,0.001,0.0,0.69862,0.51276,1802
18,4,gender,mlp_h128,0.001,0.0,0.69736,0.53108,1802
18,4,gender,attention,0.0001,1e-05,0.81623,0.50781,1802
18,4,gender,shuffled,0.01,0.0001,0.87055,0.52886,1802
18,4,star_sign,ema_lr1e-3,0.001,0.0001,3.08696,0.10155,1802
18,4,star_sign,ema_lr5e-3,0.005,0.0001,3.23265,0.08491,1802
18,4,star_sign,ema_lr1e-2,0.01,0.0001,2.77378,0.12153,1802
18,4,star_sign,ema_lr5e-2,0.05,0.0001,2.18097,0.25638,1802
18,4,star_sign,ema_lr1e-2_wd1e-3,0.01,0.001,2.81416,0.14706,1802
18,4,star_sign,ema_d0.99,0.01,0.0001,2.88434,0.11876,1802
18,4,star_sign,ema_d0.9999,0.01,0.0001,2.88884,0.06992,1802
18,4,star_sign,mlp_h16,0.001,0.0,2.04488,0.16648,1802
18,4,star_sign,mlp_h32,0.001,0.0,1.55492,0.99279,1802
18,4,star_sign,mlp_h64,0.001,0.0,1.04799,0.99945,1802
18,4,star_sign,mlp_h128,0.001,0.0,0.68735,1.0,1802
18,4,star_sign,attention,0.0001,1e-05,2.26481,0.55469,1802
18,4,star_sign,shuffled,0.01,0.0001,2.92409,0.14206,1802
18,6,age_bin,ema_lr1e-3,0.001,0.0001,1.70088,0.32131,1802
18,6,age_bin,ema_lr5e-3,0.005,0.0001,1.68391,0.32686,1802
18,6,age_bin,ema_lr1e-2,0.01,0.0001,1.52792,0.31798,1802
18,6,age_bin,ema_lr5e-2,0.05,0.0001,1.25546,0.37902,1802
18,6,age_bin,ema_lr1e-2_wd1e-3,0.01,0.001,1.50194,0.3535,1802
18,6,age_bin,ema_d0.99,0.01,0.0001,1.60033,0.32242,1802
18,6,age_bin,ema_d0.9999,0.01,0.0001,1.47035,0.33907,1802
18,6,age_bin,mlp_h16,0.001,0.0,1.04852,0.48113,1802
18,6,age_bin,mlp_h32,0.001,0.0,1.05686,0.46504,1802
18,6,age_bin,mlp_h64,0.001,0.0,1.00658,0.54772,1802
18,6,age_bin,mlp_h128,0.001,0.0,0.98619,0.55272,1802
18,6,age_bin,attention,0.0001,1e-05,2.71591,0.36719,1802
18,6,age_bin,shuffled,0.01,0.0001,1.49035,0.31521,1802
18,6,gender,ema_lr1e-3,0.001,0.0001,1.01851,0.52053,1802
18,6,gender,ema_lr5e-3,0.005,0.0001,1.02599,0.47725,1802
18,6,gender,ema_lr1e-2,0.01,0.0001,0.95204,0.51054,1802
18,6,gender,ema_lr5e-2,0.05,0.0001,0.79377,0.5283,1802
18,6,gender,ema_lr1e-2_wd1e-3,0.01,0.001,0.94134,0.54661,1802
18,6,gender,ema_d0.99,0.01,0.0001,1.02886,0.47392,1802
18,6,gender,ema_d0.9999,0.01,0.0001,1.00338,0.50888,1802
18,6,gender,mlp_h16,0.001,0.0,0.69234,0.52497,1802
18,6,gender,mlp_h32,0.001,0.0,0.70007,0.53885,1802
18,6,gender,mlp_h64,0.001,0.0,0.69637,0.53663,1802
18,6,gender,mlp_h128,0.001,0.0,0.70321,0.53996,1802
18,6,gender,attention,0.0001,1e-05,1.84114,0.5,1802
18,6,gender,shuffled,0.01,0.0001,0.93576,0.49889,1802
18,6,star_sign,ema_lr1e-3,0.001,0.0001,3.37853,0.07492,1802
18,6,star_sign,ema_lr5e-3,0.005,0.0001,3.10574,0.10766,1802
18,6,star_sign,ema_lr1e-2,0.01,0.0001,3.09483,0.10599,1802
18,6,star_sign,ema_lr5e-2,0.05,0.0001,2.38692,0.19589,1802
18,6,star_sign,ema_lr1e-2_wd1e-3,0.01,0.001,3.04168,0.10766,1802
18,6,star_sign,ema_d0.99,0.01,0.0001,2.93228,0.09101,1802
18,6,star_sign,ema_d0.9999,0.01,0.0001,3.0158,0.08435,1802
18,6,star_sign,mlp_h16,0.001,0.0,2.37765,0.1859,1802
18,6,star_sign,mlp_h32,0.001,0.0,2.0622,0.64539,1802
18,6,star_sign,mlp_h64,0.001,0.0,1.51273,0.99168,1802
18,6,star_sign,mlp_h128,0.001,0.0,0.67727,1.0,1802
18,6,star_sign,attention,0.0001,1e-05,2.12752,0.40625,1802
18,6,star_sign,shuffled,0.01,0.0001,2.95935,0.12375,1802
19,0,age_bin,ema_lr1e-3,0.001,0.0001,1.73719,0.3016,1807
19,0,age_bin,ema_lr5e-3,0.005,0.0001,1.57969,0.34532,1807
19,0,age_bin,ema_lr1e-2,0.01,0.0001,1.52554,0.32429,1807
19,0,age_bin,ema_lr5e-2,0.05,0.0001,1.24546,0.38351,1807
19,0,age_bin,ema_lr1e-2_wd1e-3,0.01,0.001,1.48421,0.3503,1807
19,0,age_bin,ema_d0.99,0.01,0.0001,1.56273,0.32319,1807
19,0,age_bin,ema_d0.9999,0.01,0.0001,1.50452,0.33204,1807
19,0,age_bin,mlp_h16,0.001,0.0,1.01213,0.55949,1807
19,0,age_bin,mlp_h32,0.001,0.0,1.0091,0.55451,1807
19,0,age_bin,mlp_h64,0.001,0.0,0.99217,0.5606,1807
19,0,age_bin,mlp_h128,0.001,0.0,0.98218,0.56336,1807
19,0,age_bin,attention,0.0001,1e-05,1.08608,0.55469,1807
19,0,age_bin,shuffled,0.01,0.0001,1.51422,0.33038,1807
19,0,gender,ema_lr1e-3,0.001,0.0001,1.17162,0.48091,1807
19,0,gender,ema_lr5e-3,0.005,0.0001,1.02955,0.5036,1807
19,0,gender,ema_lr1e-2,0.01,0.0001,0.93933,0.50083,1807
19,0,gender,ema_lr5e-2,0.05,0.0001,0.82002,0.50415,1807
19,0,gender,ema_lr1e-2_wd1e-3,0.01,0.001,1.00498,0.49364,1807
19,0,gender,ema_d0.99,0.01,0.0001,0.9889,0.50526,1807
19,0,gender,ema_d0.9999,0.01,0.0001,0.98422,0.50858,1807
19,0,gender,mlp_h16,0.001,0.0,0.69564,0.50138,1807
19,0,gender,mlp_h32,0.001,0.0,0.69633,0.50028,1807
19,0,gender,mlp_h64,0.001,0.0,0.69883,0.49364,1807
19,0,gender,mlp_h128,0.001,0.0,0.69586,0.51079,1807
19,0,gender,attention,0.0001,1e-05,0.69304,0.46094,1807
19,0,gender,shuffled,0.01,0.0001,0.9636,0.51024,1807
19,0,star_sign,ema_lr1e-3,0.001,0.0001,3.25438,0.11123,1807
19,0,star_sign,ema_lr5e-3,0.005,0.0001,3.1099,0.08356,1807
19,0,star_sign,ema_lr1e-2,0.01,0.0001,3.01204,0.13558,1807
19,0,star_sign,ema_lr5e-2,0.05,0.0001,2.21755,0.33149,1807
19,0,star_sign,ema_lr1e-2_wd1e-3,0.01,0.001,3.04781,0.1378,1807
19,0,star_sign,ema_d0.99,0.01,0.0001,3.08975,0.09408,1807
19,0,star_sign,ema_d0.9999,0.01,0.0001,3.02705,0.05811,1807
19,0,star_sign,mlp_h16,0.001,0.0,1.88945,0.74986,1807
19,0,star_sign,mlp_h32,0.001,0.0,1.72854,0.88434,1807
19,0,star_sign,mlp_h64,0.001,0.0,1.742,0.88932,1807
19,0,star_sign,mlp_h128,0.001,0.0,0.71786,1.0,1807
19,0,star_sign,attention,0.0001,1e-05,2.45196,0.95312,1807
19,0,star_sign,shuffled,0.01,0.0001,3.05093,0.07858,1807
19,4,age_bin,ema_lr1e-3,0.001,0.0001,1.49422,0.32208,1807
19,4,age_bin,ema_lr5e-3,0.005,0.0001,1.41921,0.32928,1807
19,4,age_bin,ema_lr1e-2,0.01,0.0001,1.34099,0.35196,1807
19,4,age_bin,ema_lr5e-2,0.05,0.0001,1.22467,0.35307,1807
19,4,age_bin,ema_lr1e-2_wd1e-3,0.01,0.001,1.43799,0.3254,1807
19,4,age_bin,ema_d0.99,0.01,0.0001,1.34759,0.3254,1807
19,4,age_bin,ema_d0.9999,0.01,0.0001,1.41703,0.35971,1807
19,4,age_bin,mlp_h16,0.001,0.0,1.00775,0.55838,1807
19,4,age_bin,mlp_h32,0.001,0.0,0.99142,0.5617,1807
19,4,age_bin,mlp_h64,0.001,0.0,0.98526,0.56115,1807
19,4,age_bin,mlp_h128,0.001,0.0,0.97864,0.5606,1807
19,4,age_bin,attention,0.0001,1e-05,0.99925,0.55469,1807
19,4,age_bin,shuffled,0.01,0.0001,1.43682,0.33038,1807
19,4,gender,ema_lr1e-3,0.001,0.0001,1.0016,0.53182,1807
19,4,gender,ema_lr5e-3,0.005,0.0001,1.01777,0.47537,1807
19,4,gender,ema_lr1e-2,0.01,0.0001,0.94735,0.48866,1807
19,4,gender,ema_lr5e-2,0.05,0.0001,0.77516,0.5285,1807
19,4,gender,ema_lr1e-2_wd1e-3,0.01,0.001,0.92427,0.47261,1807
19,4,gender,ema_d0.99,0.01,0.0001,0.93096,0.49087,1807
19,4,gender,ema_d0.9999,0.01,0.0001,0.92867,0.487,1807
19,4,gender,mlp_h16,0.001,0.0,0.70032,0.50415,1807
19,4,gender,mlp_h32,0.001,0.0,0.69133,0.5451,1807
19,4,gender,mlp_h64,0.001,0.0,0.69642,0.51965,1807
19,4,gender,mlp_h128,0.001,0.0,0.69551,0.50858,1807
19,4,gender,attention,0.0001,1e-05,0.79322,0.49219,1807
19,4,gender,shuffled,0.01,0.0001,0.90596,0.50636,1807
19,4,star_sign,ema_lr1e-3,0.001,0.0001,3.07274,0.11843,1807
19,4,star_sign,ema_lr5e-3,0.005,0.0001,3.06208,0.09795,1807
19,4,star_sign,ema_lr1e-2,0.01,0.0001,2.83509,0.10238,1807
19,4,star_sign,ema_lr5e-2,0.05,0.0001,2.08432,0.3005,1807
19,4,star_sign,ema_lr1e-2_wd1e-3,0.01,0.001,2.73205,0.15053,1807
19,4,star_sign,ema_d0.99,0.01,0.0001,2.84786,0.11954,1807
19,4,star_sign,ema_d0.9999,0.01,0.0001,2.87955,0.05645,1807
19,4,star_sign,mlp_h16,0.001,0.0,2.02455,0.1865,1807
19,4,star_sign,mlp_h32,0.001,0.0,1.50189,0.99557,1807
19,4,star_sign,mlp_h64,0.001,0.0,0.9703,1.0,1807
19,4,star_sign,mlp_h128,0.001,0.0,0.58795,1.0,1807
19,4,star_sign,attention,0.0001,1e-05,2.21546,0.79688,1807
19,4,star_sign,shuffled,0.01,0.0001,2.86071,0.13669,1807
19,6,age_bin,ema_lr1e-3,0.001,0.0001,1.48077,0.36027,1807
19,6,age_bin,ema_lr5e-3,0.005,0.0001,1.58044,0.3337,1807
19,6,age_bin,ema_lr1e-2,0.01,0.0001,1.54091,0.3326,1807
19,6,age_bin,ema_lr5e-2,0.05,0.0001,1.18221,0.42723,1807
19,6,age_bin,ema_lr1e-2_wd1e-3,0.01,0.001,1.53599,0.33647,1807
19,6,age_bin,ema_d0.99,0.01,0.0001,1.44485,0.37078,1807
19,6,age_bin,ema_d0.9999,0.01,0.0001,1.47419,0.3503,1807
19,6,age_bin,mlp_h16,0.001,0.0,1.06444,0.43498,1807
19,6,age_bin,mlp_h32,0.001,0.0,1.04601,0.50747,1807
19,6,age_bin,mlp_h64,0.001,0.0,0.99146,0.5523,1807
19,6,age_bin,mlp_h128,0.001,0.0,0.97949,0.56115,1807
19,6,age_bin,attention,0.0001,1e-05,2.45746,0.48438,1807
19,6,age_bin,shuffled,0.01,0.0001,1.45422,0.34034,1807
19,6,gender,ema_lr1e-3,0.001,0.0001,1.05323,0.49253,1807
19,6,gender,ema_lr5e-3,0.005,0.0001,0.89493,0.52463,1807
19,6,gender,ema_lr1e-2,0.01,0.0001,0.94509,0.50968,1807
19,6,gender,ema_lr5e-2,0.05,0.0001,0.7875,0.52629,1807
19,6,gender,ema_lr1e-2_wd1e-3,0.01,0.001,0.9575,0.51024,1807
19,6,gender,ema_d0.99,0.01,0.0001,1.01732,0.47648,1807
19,6,gender,ema_d0.9999,0.01,0.0001,1.0639,0.48035,1807
19,6,gender,mlp_h16,0.001,0.0,0.67823,0.55894,1807
19,6,gender,mlp_h32,0.001,0.0,0.67677,0.56392,1807
19,6,gender,mlp_h64,0.001,0.0,0.67324,0.57222,1807
19,6,gender,mlp_h128,0.001,0.0,0.67832,0.56115,1807
19,6,gender,attention,0.0001,1e-05,2.07478,0.53125,1807
19,6,gender,shuffled,0.01,0.0001,0.99855,0.4953,1807
19,6,star_sign,ema_lr1e-3,0.001,0.0001,3.34426,0.08965,1807
19,6,star_sign,ema_lr5e-3,0.005,0.0001,3.24057,0.09519,1807
19,6,star_sign,ema_lr1e-2,0.01,0.0001,3.03974,0.10791,1807
19,6,star_sign,ema_lr5e-2,0.05,0.0001,2.23474,0.28832,1807
19,6,star_sign,ema_lr1e-2_wd1e-3,0.01,0.001,2.93618,0.1212,1807
19,6,star_sign,ema_d0.99,0.01,0.0001,2.92494,0.10293,1807
19,6,star_sign,ema_d0.9999,0.01,0.0001,3.02699,0.08854,1807
19,6,star_sign,mlp_h16,0.001,0.0,2.34204,0.22966,1807
19,6,star_sign,mlp_h32,0.001,0.0,2.04716,0.67792,1807
19,6,star_sign,mlp_h64,0.001,0.0,1.45153,0.99447,1807
19,6,star_sign,mlp_h128,0.001,0.0,0.59743,1.0,1807
19,6,star_sign,attention,0.0001,1e-05,1.94698,0.50781,1807
19,6,star_sign,shuffled,0.01,0.0001,3.00193,0.11511,1807
20,0,age_bin,ema_lr1e-3,0.001,0.0001,1.68959,0.31048,1794
20,0,age_bin,ema_lr5e-3,0.005,0.0001,1.59261,0.33668,1794
20,0,age_bin,ema_lr1e-2,0.01,0.0001,1.56052,0.31717,1794
20,0,age_bin,ema_lr5e-2,0.05,0.0001,1.31315,0.34615,1794
20,0,age_bin,ema_lr1e-2_wd1e-3,0.01,0.001,1.52253,0.34783,1794
20,0,age_bin,ema_d0.99,0.01,0.0001,1.55358,0.3495,1794
20,0,age_bin,ema_d0.9999,0.01,0.0001,1.53009,0.31048,1794
20,0,age_bin,mlp_h16,0.001,0.0,1.0606,0.48328,1794
20,0,age_bin,mlp_h32,0.001,0.0,1.06169,0.4699,1794
20,0,age_bin,mlp_h64,0.001,0.0,1.06249,0.47826,1794
20,0,age_bin,mlp_h128,0.001,0.0,1.07114,0.48161,1794
20,0,age_bin,attention,0.0001,1e-05,1.08886,0.50781,1794
20,0,age_bin,shuffled,0.01,0.0001,1.54311,0.32163,1794
20,0,gender,ema_lr1e-3,0.001,0.0001,1.15474,0.48606,1794
20,0,gender,ema_lr5e-3,0.005,0.0001,1.09256,0.47715,1794
20,0,gender,ema_lr1e-2,0.01,0.0001,0.96566,0.48606,1794
20,0,gender,ema_lr5e-2,0.05,0.0001,0.83417,0.50111,1794
20,0,gender,ema_lr1e-2_wd1e-3,0.01,0.001,1.01295,0.51505,1794
20,0,gender,ema_d0.99,0.01,0.0001,0.94675,0.51672,1794
20,0,gender,ema_d0.9999,0.01,0.0001,0.96384,0.52564,1794
20,0,gender,mlp_h16,0.001,0.0,0.695,0.51282,1794
20,0,gender,mlp_h32,0.001,0.0,0.69592,0.49833,1794
20,0,gender,mlp_h64,0.001,0.0,0.69562,0.51394,1794
20,0,gender,mlp_h128,0.001,0.0,0.69419,0.51003,1794
20,0,gender,attention,0.0001,1e-05,0.69237,0.55469,1794
20,0,gender,shuffled,0.01,0.0001,0.97782,0.50167,1794
20,0,star_sign,ema_lr1e-3,0.001,0.0001,3.30053,0.10702,1794
20,0,star_sign,ema_lr5e-3,0.005,0.0001,3.08754,0.0825,1794
20,0,star_sign,ema_lr1e-2,0.01,0.0001,3.02195,0.14381,1794
20,0,star_sign,ema_lr5e-2,0.05,0.0001,2.18867,0.36845,1794
20,0,star_sign,ema_lr1e-2_wd1e-3,0.01,0.001,2.97761,0.13266,1794
20,0,star_sign,ema_d0.99,0.01,0.0001,3.11508,0.08528,1794
20,0,star_sign,ema_d0.9999,0.01,0.0001,3.00447,0.06912,1794
20,0,star_sign,mlp_h16,0.001,0.0,1.85572,0.7932,1794
20,0,star_sign,mlp_h32,0.001,0.0,1.68788,0.90357,1794
20,0,star_sign,mlp_h64,0.001,0.0,1.70178,0.91973,1794
20,0,star_sign,mlp_h128,0.001,0.0,0.66376,1.0,1794
20,0,star_sign,attention,0.0001,1e-05,2.45005,0.96094,1794
20,0,star_sign,shuffled,0.01,0.0001,3.05795,0.07023,1794
20,4,age_bin,ema_lr1e-3,0.001,0.0001,1.3625,0.36678,1794
20,4,age_bin,ema_lr5e-3,0.005,0.0001,1.45896,0.33055,1794
20,4,age_bin,ema_lr1e-2,0.01,0.0001,1.3324,0.33166,1794
20,4,age_bin,ema_lr5e-2,0.05,0.0001,1.28637,0.33668,1794
20,4,age_bin,ema_lr1e-2_wd1e-3,0.01,0.001,1.43163,0.31327,1794
20,4,age_bin,ema_d0.99,0.01,0.0001,1.32941,0.34002,1794
20,4,age_bin,ema_d0.9999,0.01,0.0001,1.43133,0.33724,1794
20,4,age_bin,mlp_h16,0.001,0.0,1.07104,0.46934,1794
20,4,age_bin,mlp_h32,0.001,0.0,1.05992,0.47882,1794
20,4,age_bin,mlp_h64,0.001,0.0,1.07217,0.48049,1794
20,4,age_bin,mlp_h128,0.001,0.0,1.08119,0.48105,1794
20,4,age_bin,attention,0.0001,1e-05,1.03226,0.50781,1794
20,4,age_bin,shuffled,0.01,0.0001,1.47545,0.3311,1794
20,4,gender,ema_lr1e-3,0.001,0.0001,1.11287,0.48049,1794
20,4,gender,ema_lr5e-3,0.005,0.0001,1.00739,0.48718,1794
20,4,gender,ema_lr1e-2,0.01,0.0001,1.00951,0.47659,1794
20,4,gender,ema_lr5e-2,0.05,0.0001,0.79231,0.50836,1794
20,4,gender,ema_lr1e-2_wd1e-3,0.01,0.001,0.89577,0.50613,1794
20,4,gender,ema_d0.99,0.01,0.0001,0.857,0.5223,1794
20,4,gender,ema_d0.9999,0.01,0.0001,0.89223,0.50111,1794
20,4,gender,mlp_h16,0.001,0.0,0.69982,0.49275,1794
20,4,gender,mlp_h32,0.001,0.0,0.69319,0.52453,1794
20,4,gender,mlp_h64,0.001,0.0,0.70109,0.51282,1794
20,4,gender,mlp_h128,0.001,0.0,0.69286,0.52843,1794
20,4,gender,attention,0.0001,1e-05,0.71775,0.54688,1794
20,4,gender,shuffled,0.01,0.0001,0.8988,0.50557,1794
20,4,star_sign,ema_lr1e-3,0.001,0.0001,3.14725,0.10758,1794
20,4,star_sign,ema_lr5e-3,0.005,0.0001,3.05555,0.11761,1794
20,4,star_sign,ema_lr1e-2,0.01,0.0001,2.76353,0.12765,1794
20,4,star_sign,ema_lr5e-2,0.05,0.0001,2.04384,0.32386,1794
20,4,star_sign,ema_lr1e-2_wd1e-3,0.01,0.001,2.85646,0.1466,1794
20,4,star_sign,ema_d0.99,0.01,0.0001,2.87407,0.10814,1794
20,4,star_sign,ema_d0.9999,0.01,0.0001,2.91145,0.05574,1794
20,4,star_sign,mlp_h16,0.001,0.0,1.99719,0.19509,1794
20,4,star_sign,mlp_h32,0.001,0.0,1.43649,0.99889,1794
20,4,star_sign,mlp_h64,0.001,0.0,0.87384,1.0,1794
20,4,star_sign,mlp_h128,0.001,0.0,0.48782,1.0,1794
20,4,star_sign,attention,0.0001,1e-05,2.20239,0.79688,1794
20,4,star_sign,shuffled,0.01,0.0001,2.76975,0.14939,1794
20,6,age_bin,ema_lr1e-3,0.001,0.0001,1.59356,0.34337,1794
20,6,age_bin,ema_lr5e-3,0.005,0.0001,1.63354,0.33166,1794
20,6,age_bin,ema_lr1e-2,0.01,0.0001,1.59706,0.31048,1794
20,6,age_bin,ema_lr5e-2,0.05,0.0001,1.36775,0.34783,1794
20,6,age_bin,ema_lr1e-2_wd1e-3,0.01,0.001,1.48282,0.35061,1794
20,6,age_bin,ema_d0.99,0.01,0.0001,1.53142,0.33612,1794
20,6,age_bin,ema_d0.9999,0.01,0.0001,1.51389,0.3311,1794
20,6,age_bin,mlp_h16,0.001,0.0,1.09745,0.36176,1794
20,6,age_bin,mlp_h32,0.001,0.0,1.0682,0.45039,1794
20,6,age_bin,mlp_h64,0.001,0.0,1.07318,0.47603,1794
20,6,age_bin,mlp_h128,0.001,0.0,1.07745,0.48216,1794
20,6,age_bin,attention,0.0001,1e-05,2.80712,0.42969,1794
20,6,age_bin,shuffled,0.01,0.0001,1.46841,0.33668,1794
20,6,gender,ema_lr1e-3,0.001,0.0001,0.9465,0.53456,1794
20,6,gender,ema_lr5e-3,0.005,0.0001,0.89056,0.53735,1794
20,6,gender,ema_lr1e-2,0.01,0.0001,0.8304,0.56968,1794
20,6,gender,ema_lr5e-2,0.05,0.0001,0.78979,0.51561,1794
20,6,gender,ema_lr1e-2_wd1e-3,0.01,0.001,0.96745,0.50446,1794
20,6,gender,ema_d0.99,0.01,0.0001,1.02406,0.48941,1794
20,6,gender,ema_d0.9999,0.01,0.0001,0.98205,0.50613,1794
20,6,gender,mlp_h16,0.001,0.0,0.67501,0.568,1794
20,6,gender,mlp_h32,0.001,0.0,0.67464,0.56912,1794
20,6,gender,mlp_h64,0.001,0.0,0.67255,0.56132,1794
20,6,gender,mlp_h128,0.001,0.0,0.65922,0.59699,1794
20,6,gender,attention,0.0001,1e-05,1.65014,0.50781,1794
20,6,gender,shuffled,0.01,0.0001,0.95897,0.48384,1794
20,6,star_sign,ema_lr1e-3,0.001,0.0001,3.25181,0.09476,1794
20,6,star_sign,ema_lr5e-3,0.005,0.0001,3.16737,0.11761,1794
20,6,star_sign,ema_lr1e-2,0.01,0.0001,3.12451,0.08696,1794
20,6,star_sign,ema_lr5e-2,0.05,0.0001,2.24524,0.26421,1794
20,6,star_sign,ema_lr1e-2_wd1e-3,0.01,0.001,2.91321,0.10702,1794
20,6,star_sign,ema_d0.99,0.01,0.0001,2.96985,0.09197,1794
20,6,star_sign,ema_d0.9999,0.01,0.0001,3.07218,0.08528,1794
20,6,star_sign,mlp_h16,0.001,0.0,2.34628,0.21349,1794
20,6,star_sign,mlp_h32,0.001,0.0,2.01948,0.71014,1794
20,6,star_sign,mlp_h64,0.001,0.0,1.39332,0.9961,1794
20,6,star_sign,mlp_h128,0.001,0.0,0.52575,1.0,1794
20,6,star_sign,attention,0.0001,1e-05,1.51144,0.59375,1794
20,6,star_sign,shuffled,0.01,0.0001,2.99301,0.10814,1794
21,0,age_bin,ema_lr1e-3,0.001,0.0001,1.70749,0.313,2131
21,0,age_bin,ema_lr5e-3,0.005,0.0001,1.55078,0.35617,2131
21,0,age_bin,ema_lr1e-2,0.01,0.0001,1.47805,0.34069,2131
21,0,age_bin,ema_lr5e-2,0.05,0.0001,1.27694,0.36227,2131
21,0,age_bin,ema_lr1e-2_wd1e-3,0.01,0.001,1.46745,0.34069,2131
21,0,age_bin,ema_d0.99,0.01,0.0001,1.56978,0.3313,2131
21,0,age_bin,ema_d0.9999,0.01,0.0001,1.46199,0.35195,2131
21,0,age_bin,mlp_h16,0.001,0.0,1.06311,0.46222,2131
21,0,age_bin,mlp_h32,0.001,0.0,1.0696,0.45659,2131
21,0,age_bin,mlp_h64,0.001,0.0,1.07356,0.45988,2131
21,0,age_bin,mlp_h128,0.001,0.0,1.0889,0.46082,2131
21,0,age_bin,attention,0.0001,1e-05,1.087,0.53125,2131
21,0,age_bin,shuffled,0.01,0.0001,1.50774,0.32989,2131
21,0,gender,ema_lr1e-3,0.001,0.0001,1.15823,0.48334,2131
21,0,gender,ema_lr5e-3,0.005,0.0001,1.02384,0.49648,2131
21,0,gender,ema_lr1e-2,0.01,0.0001,0.93492,0.50962,2131
21,0,gender,ema_lr5e-2,0.05,0.0001,0.81818,0.52511,2131
21,0,gender,ema_lr1e-2_wd1e-3,0.01,0.001,0.9863,0.51056,2131
21,0,gender,ema_d0.99,0.01,0.0001,0.99873,0.49226,2131
21,0,gender,ema_d0.9999,0.01,0.0001,1.031,0.48616,2131
21,0,gender,mlp_h16,0.001,0.0,0.69943,0.5068,2131
21,0,gender,mlp_h32,0.001,0.0,0.69618,0.51619,2131
21,0,gender,mlp_h64,0.001,0.0,0.70129,0.50352,2131
21,0,gender,mlp_h128,0.001,0.0,0.70186,0.5129,2131
21,0,gender,attention,0.0001,1e-05,0.69296,0.5,2131
21,0,gender,shuffled,0.01,0.0001,1.00133,0.50587,2131
21,0,star_sign,ema_lr1e-3,0.001,0.0001,3.21195,0.10981,2131
21,0,star_sign,ema_lr5e-3,0.005,0.0001,3.13232,0.08494,2131
21,0,star_sign,ema_lr1e-2,0.01,0.0001,3.00938,0.16143,2131
21,0,star_sign,ema_lr5e-2,0.05,0.0001,2.18807,0.38855,2131
21,0,star_sign,ema_lr1e-2_wd1e-3,0.01,0.001,3.05869,0.10981,2131
21,0,star_sign,ema_d0.99,0.01,0.0001,3.0627,0.09198,2131
21,0,star_sign,ema_d0.9999,0.01,0.0001,2.98362,0.06898,2131
21,0,star_sign,mlp_h16,0.001,0.0,1.839,0.80009,2131
21,0,star_sign,mlp_h32,0.001,0.0,1.66546,0.91178,2131
21,0,star_sign,mlp_h64,0.001,0.0,1.65466,0.94369,2131
21,0,star_sign,mlp_h128,0.001,0.0,0.61763,1.0,2131
21,0,star_sign,attention,0.0001,1e-05,2.44837,0.98438,2131
21,0,star_sign,shuffled,0.01,0.0001,3.0022,0.07696,2131
21,4,age_bin,ema_lr1e-3,0.001,0.0001,1.46887,0.33928,2131
21,4,age_bin,ema_lr5e-3,0.005,0.0001,1.43134,0.32942,2131
21,4,age_bin,ema_lr1e-2,0.01,0.0001,1.37687,0.32238,2131
21,4,age_bin,ema_lr5e-2,0.05,0.0001,1.28817,0.33083,2131
21,4,age_bin,ema_lr1e-2_wd1e-3,0.01,0.001,1.37494,0.36603,2131
21,4,age_bin,ema_d0.99,0.01,0.0001,1.35531,0.32614,2131
21,4,age_bin,ema_d0.9999,0.01,0.0001,1.42132,0.34115,2131
21,4,age_bin,mlp_h16,0.001,0.0,1.07091,0.458,2131
21,4,age_bin,mlp_h32,0.001,0.0,1.06767,0.45941,2131
21,4,age_bin,mlp_h64,0.001,0.0,1.07304,0.45894,2131
21,4,age_bin,mlp_h128,0.001,0.0,1.08165,0.45753,2131
21,4,age_bin,attention,0.0001,1e-05,1.02427,0.53125,2131
21,4,age_bin,shuffled,0.01,0.0001,1.41835,0.34772,2131
21,4,gender,ema_lr1e-3,0.001,0.0001,1.00581,0.50587,2131
21,4,gender,ema_lr5e-3,0.005,0.0001,0.94689,0.51244,2131
21,4,gender,ema_lr1e-2,0.01,0.0001,0.95563,0.48381,2131
21,4,gender,ema_lr5e-2,0.05,0.0001,0.79627,0.50868,2131
21,4,gender,ema_lr1e-2_wd1e-3,0.01,0.001,0.91552,0.47255,2131
21,4,gender,ema_d0.99,0.01,0.0001,0.90622,0.49554,2131
21,4,gender,ema_d0.9999,0.01,0.0001,0.88124,0.50117,2131
21,4,gender,mlp_h16,0.001,0.0,0.69458,0.51197,2131
21,4,gender,mlp_h32,0.001,0.0,0.69866,0.5176,2131
21,4,gender,mlp_h64,0.001,0.0,0.70324,0.49789,2131
21,4,gender,mlp_h128,0.001,0.0,0.70451,0.48897,2131
21,4,gender,attention,0.0001,1e-05,0.81105,0.47656,2131
21,4,gender,shuffled,0.01,0.0001,0.90853,0.48991,2131
21,4,star_sign,ema_lr1e-3,0.001,0.0001,3.11324,0.0962,2131
21,4,star_sign,ema_lr5e-3,0.005,0.0001,3.10377,0.08353,2131
21,4,star_sign,ema_lr1e-2,0.01,0.0001,2.75759,0.11075,2131
21,4,star_sign,ema_lr5e-2,0.05,0.0001,2.03943,0.32802,2131
21,4,star_sign,ema_lr1e-2_wd1e-3,0.01,0.001,2.77294,0.14359,2131
21,4,star_sign,ema_d0.99,0.01,0.0001,2.79652,0.1145,2131
21,4,star_sign,ema_d0.9999,0.01,0.0001,2.84401,0.06053,2131
21,4,star_sign,mlp_h16,0.001,0.0,2.01978,0.18583,2131
21,4,star_sign,mlp_h32,0.001,0.0,1.41401,0.99953,2131
21,4,star_sign,mlp_h64,0.001,0.0,0.82214,1.0,2131
21,4,star_sign,mlp_h128,0.001,0.0,0.42231,1.0,2131
21,4,star_sign,attention,0.0001,1e-05,2.18104,0.875,2131
21,4,star_sign,shuffled,0.01,0.0001,2.8949,0.12576,2131
21,6,age_bin,ema_lr1e-3,0.001,0.0001,1.58366,0.34679,2131
21,6,age_bin,ema_lr5e-3,0.005,0.0001,1.49488,0.37823,2131
21,6,age_bin,ema_lr1e-2,0.01,0.0001,1.61929,0.32098,2131
21,6,age_bin,ema_lr5e-2,0.05,0.0001,1.25139,0.38104,2131
21,6,age_bin,ema_lr1e-2_wd1e-3,0.01,0.001,1.46168,0.33787,2131
21,6,age_bin,ema_d0.99,0.01,0.0001,1.46221,0.36415,2131
21,6,age_bin,ema_d0.9999,0.01,0.0001,1.54313,0.32848,2131
21,6,age_bin,mlp_h16,0.001,0.0,1.09077,0.39934,2131
21,6,age_bin,mlp_h32,0.001,0.0,1.07534,0.41624,2131
21,6,age_bin,mlp_h64,0.001,0.0,1.07951,0.45284,2131
21,6,age_bin,mlp_h128,0.001,0.0,1.07991,0.45941,2131
21,6,age_bin,attention,0.0001,1e-05,2.44083,0.46094,2131
21,6,age_bin,shuffled,0.01,0.0001,1.49873,0.30878,2131
21,6,gender,ema_lr1e-3,0.001,0.0001,0.9952,0.50352,2131
21,6,gender,ema_lr5e-3,0.005,0.0001,0.96817,0.50634,2131
21,6,gender,ema_lr1e-2,0.01,0.0001,0.89578,0.50727,2131
21,6,gender,ema_lr5e-2,0.05,0.0001,0.89139,0.46786,2131
21,6,gender,ema_lr1e-2_wd1e-3,0.01,0.001,0.91904,0.51197,2131
21,6,gender,ema_d0.99,0.01,0.0001,0.92506,0.51854,2131
21,6,gender,ema_d0.9999,0.01,0.0001,1.15862,0.44908,2131
21,6,gender,mlp_h16,0.001,0.0,0.69529,0.52698,2131
21,6,gender,mlp_h32,0.001,0.0,0.69768,0.54341,2131
21,6,gender,mlp_h64,0.001,0.0,0.71974,0.51056,2131
21,6,gender,mlp_h128,0.001,0.0,0.72314,0.53074,2131
21,6,gender,attention,0.0001,1e-05,1.77349,0.5,2131
21,6,gender,shuffled,0.01,0.0001,1.00554,0.49273,2131
21,6,star_sign,ema_lr1e-3,0.001,0.0001,3.1154,0.11591,2131
21,6,star_sign,ema_lr5e-3,0.005,0.0001,3.08787,0.12764,2131
21,6,star_sign,ema_lr1e-2,0.01,0.0001,3.13182,0.09385,2131
21,6,star_sign,ema_lr5e-2,0.05,0.0001,2.17921,0.29282,2131
21,6,star_sign,ema_lr1e-2_wd1e-3,0.01,0.001,2.93727,0.11075,2131
21,6,star_sign,ema_d0.99,0.01,0.0001,3.02563,0.08541,2131
21,6,star_sign,ema_d0.9999,0.01,0.0001,3.05118,0.08165,2131
21,6,star_sign,mlp_h16,0.001,0.0,2.32402,0.23369,2131
21,6,star_sign,mlp_h32,0.001,0.0,1.94605,0.79446,2131
21,6,star_sign,mlp_h64,0.001,0.0,1.36657,1.0,2131
21,6,star_sign,mlp_h128,0.001,0.0,0.46559,1.0,2131
21,6,star_sign,attention,0.0001,1e-05,0.92172,0.75781,2131
21,6,star_sign,shuffled,0.01,0.0001,2.96749,0.10981,2131
22,0,age_bin,ema_lr1e-3,0.001,0.0001,1.71288,0.31339,1688
22,0,age_bin,ema_lr5e-3,0.005,0.0001,1.53225,0.33945,1688
22,0,age_bin,ema_lr1e-2,0.01,0.0001,1.53895,0.3359,1688
22,0,age_bin,ema_lr5e-2,0.05,0.0001,1.23802,0.37796,1688
22,0,age_bin,ema_lr1e-2_wd1e-3,0.01,0.001,1.48909,0.33768,1688
22,0,age_bin,ema_d0.99,0.01,0.0001,1.51192,0.34301,1688
22,0,age_bin,ema_d0.9999,0.01,0.0001,1.51614,0.32109,1688
22,0,age_bin,mlp_h16,0.001,0.0,0.98744,0.61197,1688
22,0,age_bin,mlp_h32,0.001,0.0,0.9764,0.61078,1688
22,0,age_bin,mlp_h64,0.001,0.0,0.95821,0.61137,1688
22,0,age_bin,mlp_h128,0.001,0.0,0.94262,0.61315,1688
22,0,age_bin,attention,0.0001,1e-05,1.08263,0.57031,1688
22,0,age_bin,shuffled,0.01,0.0001,1.51581,0.31813,1688
22,0,gender,ema_lr1e-3,0.001,0.0001,1.15128,0.50829,1688
22,0,gender,ema_lr5e-3,0.005,0.0001,0.98869,0.50237,1688
22,0,gender,ema_lr1e-2,0.01,0.0001,0.94427,0.49526,1688
22,0,gender,ema_lr5e-2,0.05,0.0001,0.81686,0.51185,1688
22,0,gender,ema_lr1e-2_wd1e-3,0.01,0.001,1.00476,0.49526,1688
22,0,gender,ema_d0.99,0.01,0.0001,0.97967,0.49111,1688
22,0,gender,ema_d0.9999,0.01,0.0001,0.96754,0.49171,1688
22,0,gender,mlp_h16,0.001,0.0,0.69139,0.52725,1688
22,0,gender,mlp_h32,0.001,0.0,0.69305,0.53021,1688
22,0,gender,mlp_h64,0.001,0.0,0.6942,0.51836,1688
22,0,gender,mlp_h128,0.001,0.0,0.68743,0.53318,1688
22,0,gender,attention,0.0001,1e-05,0.69177,0.5625,1688
22,0,gender,shuffled,0.01,0.0001,1.00199,0.4923,1688
22,0,star_sign,ema_lr1e-3,0.001,0.0001,3.27602,0.1013,1688
22,0,star_sign,ema_lr5e-3,0.005,0.0001,3.11451,0.07938,1688
22,0,star_sign,ema_lr1e-2,0.01,0.0001,3.06176,0.13448,1688
22,0,star_sign,ema_lr5e-2,0.05,0.0001,2.12367,0.4218,1688
22,0,star_sign,ema_lr1e-2_wd1e-3,0.01,0.001,2.9643,0.12974,1688
22,0,star_sign,ema_d0.99,0.01,0.0001,3.10544,0.09597,1688
22,0,star_sign,ema_d0.9999,0.01,0.0001,2.95882,0.07346,1688
22,0,star_sign,mlp_h16,0.001,0.0,1.80532,0.82701,1688
22,0,star_sign,mlp_h32,0.001,0.0,1.61431,0.9295,1688
22,0,star_sign,mlp_h64,0.001,0.0,1.59493,0.95083,1688
22,0,star_sign,mlp_h128,0.001,0.0,0.54219,1.0,1688
22,0,star_sign,attention,0.0001,1e-05,2.44539,0.97656,1688
22,0,star_sign,shuffled,0.01,0.0001,3.0453,0.07879,1688
22,4,age_bin,ema_lr1e-3,0.001,0.0001,1.48415,0.32346,1688
22,4,age_bin,ema_lr5e-3,0.005,0.0001,1.46869,0.31339,1688
22,4,age_bin,ema_lr1e-2,0.01,0.0001,1.35045,0.32998,1688
22,4,age_bin,ema_lr5e-2,0.05,0.0001,1.22389,0.38211,1688
22,4,age_bin,ema_lr1e-2_wd1e-3,0.01,0.001,1.40075,0.33886,1688
22,4,age_bin,ema_d0.99,0.01,0.0001,1.35467,0.3205,1688
22,4,age_bin,ema_d0.9999,0.01,0.0001,1.36472,0.35782,1688
22,4,age_bin,mlp_h16,0.001,0.0,0.97525,0.60308,1688
22,4,age_bin,mlp_h32,0.001,0.0,0.94615,0.61256,1688
22,4,age_bin,mlp_h64,0.001,0.0,0.94026,0.61315,1688
22,4,age_bin,mlp_h128,0.001,0.0,0.94546,0.6096,1688
22,4,age_bin,attention,0.0001,1e-05,0.99383,0.57812,1688
22,4,age_bin,shuffled,0.01,0.0001,1.40919,0.3513,1688
22,4,gender,ema_lr1e-3,0.001,0.0001,1.03895,0.50415,1688
22,4,gender,ema_lr5e-3,0.005,0.0001,0.95249,0.5077,1688
22,4,gender,ema_lr1e-2,0.01,0.0001,0.99951,0.46327,1688
22,4,gender,ema_lr5e-2,0.05,0.0001,0.78514,0.50415,1688
22,4,gender,ema_lr1e-2_wd1e-3,0.01,0.001,0.88374,0.49467,1688
22,4,gender,ema_d0.99,0.01,0.0001,0.86825,0.49704,1688
22,4,gender,ema_d0.9999,0.01,0.0001,0.89407,0.48223,1688
22,4,gender,mlp_h16,0.001,0.0,0.68752,0.55391,1688
22,4,gender,mlp_h32,0.001,0.0,0.68876,0.53969,1688
22,4,gender,mlp_h64,0.001,0.0,0.68962,0.54088,1688
22,4,gender,mlp_h128,0.001,0.0,0.68296,0.55509,1688
22,4,gender,attention,0.0001,1e-05,0.72994,0.54688,1688
22,4,gender,shuffled,0.01,0.0001,0.88076,0.51185,1688
22,4,star_sign,ema_lr1e-3,0.001,0.0001,3.12317,0.1019,1688
22,4,star_sign,ema_lr5e-3,0.005,0.0001,3.13212,0.0936,1688
22,4,star_sign,ema_lr1e-2,0.01,0.0001,2.77216,0.12204,1688
22,4,star_sign,ema_lr5e-2,0.05,0.0001,1.98291,0.33709,1688
22,4,star_sign,ema_lr1e-2_wd1e-3,0.01,0.001,2.9108,0.12915,1688
22,4,star_sign,ema_d0.99,0.01,0.0001,2.81725,0.10723,1688
22,4,star_sign,ema_d0.9999,0.01,0.0001,2.90649,0.0468,1688
22,4,star_sign,mlp_h16,0.001,0.0,1.95285,0.22097,1688
22,4,star_sign,mlp_h32,0.001,0.0,1.33621,1.0,1688
22,4,star_sign,mlp_h64,0.001,0.0,0.74884,1.0,1688
22,4,star_sign,mlp_h128,0.001,0.0,0.36083,1.0,1688
22,4,star_sign,attention,0.0001,1e-05,2.15527,0.89844,1688
22,4,star_sign,shuffled,0.01,0.0001,2.78242,0.15284,1688
22,6,age_bin,ema_lr1e-3,0.001,0.0001,1.57513,0.35604,1688
22,6,age_bin,ema_lr5e-3,0.005,0.0001,1.55972,0.359,1688
22,6,age_bin,ema_lr1e-2,0.01,0.0001,1.38586,0.37204,1688
22,6,age_bin,ema_lr5e-2,0.05,0.0001,1.20657,0.40936,1688
22,6,age_bin,ema_lr1e-2_wd1e-3,0.01,0.001,1.52551,0.31813,1688
22,6,age_bin,ema_d0.99,0.01,0.0001,1.44882,0.35486,1688
22,6,age_bin,ema_d0.9999,0.01,0.0001,1.54201,0.33649,1688
22,6,age_bin,mlp_h16,0.001,0.0,1.07734,0.41943,1688
22,6,age_bin,mlp_h32,0.001,0.0,1.04358,0.50237,1688
22,6,age_bin,mlp_h64,0.001,0.0,0.96379,0.59893,1688
22,6,age_bin,mlp_h128,0.001,0.0,0.95958,0.60308,1688
22,6,age_bin,attention,0.0001,1e-05,2.46144,0.46094,1688
22,6,age_bin,shuffled,0.01,0.0001,1.42625,0.32346,1688
22,6,gender,ema_lr1e-3,0.001,0.0001,1.04269,0.49467,1688
22,6,gender,ema_lr5e-3,0.005,0.0001,0.98859,0.51896,1688
22,6,gender,ema_lr1e-2,0.01,0.0001,0.95412,0.49111,1688
22,6,gender,ema_lr5e-2,0.05,0.0001,0.81139,0.50711,1688
22,6,gender,ema_lr1e-2_wd1e-3,0.01,0.001,0.95505,0.51126,1688
22,6,gender,ema_d0.99,0.01,0.0001,0.97699,0.49052,1688
22,6,gender,ema_d0.9999,0.01,0.0001,0.96162,0.52962,1688
22,6,gender,mlp_h16,0.001,0.0,0.67962,0.56161,1688
22,6,gender,mlp_h32,0.001,0.0,0.66863,0.57701,1688
22,6,gender,mlp_h64,0.001,0.0,0.66718,0.61078,1688
22,6,gender,mlp_h128,0.001,0.0,0.66829,0.58175,1688
22,6,gender,attention,0.0001,1e-05,1.65901,0.55469,1688
22,6,gender,shuffled,0.01,0.0001,0.92075,0.50711,1688
22,6,star_sign,ema_lr1e-3,0.001,0.0001,3.24893,0.10427,1688
22,6,star_sign,ema_lr5e-3,0.005,0.0001,3.14918,0.10841,1688
22,6,star_sign,ema_lr1e-2,0.01,0.0001,3.11602,0.10486,1688
22,6,star_sign,ema_lr5e-2,0.05,0.0001,2.16749,0.29799,1688
22,6,star_sign,ema_lr1e-2_wd1e-3,0.01,0.001,2.8901,0.11197,1688
22,6,star_sign,ema_d0.99,0.01,0.0001,2.96023,0.09538,1688
22,6,star_sign,ema_d0.9999,0.01,0.0001,3.05111,0.09597,1688
22,6,star_sign,mlp_h16,0.001,0.0,2.2901,0.29088,1688
22,6,star_sign,mlp_h32,0.001,0.0,1.93021,0.81339,1688
22,6,star_sign,mlp_h64,0.001,0.0,1.26833,0.99822,1688
22,6,star_sign,mlp_h128,0.001,0.0,0.42104,1.0,1688
22,6,star_sign,attention,0.0001,1e-05,1.00735,0.72656,1688
22,6,star_sign,shuffled,0.01,0.0001,2.99694,0.09064,1688
23,0,age_bin,ema_lr1e-3,0.001,0.0001,1.68165,0.31093,1994
23,0,age_bin,ema_lr5e-3,0.005,0.0001,1.55765,0.33801,1994
23,0,age_bin,ema_lr1e-2,0.01,0.0001,1.48864,0.34905,1994
23,0,age_bin,ema_lr5e-2,0.05,0.0001,1.22358,0.39569,1994
23,0,age_bin,ema_lr1e-2_wd1e-3,0.01,0.001,1.4593,0.37362,1994
23,0,age_bin,ema_d0.99,0.01,0.0001,1.49483,0.35707,1994
23,0,age_bin,ema_d0.9999,0.01,0.0001,1.51334,0.31795,1994
23,0,age_bin,mlp_h16,0.001,0.0,1.03785,0.52207,1994
23,0,age_bin,mlp_h32,0.001,0.0,1.03094,0.52106,1994
23,0,age_bin,mlp_h64,0.001,0.0,1.01875,0.52558,1994
23,0,age_bin,mlp_h128,0.001,0.0,1.02311,0.52558,1994
23,0,age_bin,attention,0.0001,1e-05,1.08748,0.5,1994
23,0,age_bin,shuffled,0.01,0.0001,1.48535,0.33501,1994
23,0,gender,ema_lr1e-3,0.001,0.0001,1.14331,0.50652,1994
23,0,gender,ema_lr5e-3,0.005,0.0001,1.00095,0.5005,1994
23,0,gender,ema_lr1e-2,0.01,0.0001,0.93574,0.49298,1994
23,0,gender,ema_lr5e-2,0.05,0.0001,0.84004,0.49699,1994
23,0,gender,ema_lr1e-2_wd1e-3,0.01,0.001,0.9776,0.51053,1994
23,0,gender,ema_d0.99,0.01,0.0001,0.9915,0.50401,1994
23,0,gender,ema_d0.9999,0.01,0.0001,0.95863,0.50853,1994
23,0,gender,mlp_h16,0.001,0.0,0.69813,0.48746,1994
23,0,gender,mlp_h32,0.001,0.0,0.69718,0.50401,1994
23,0,gender,mlp_h64,0.001,0.0,0.69625,0.51505,1994
23,0,gender,mlp_h128,0.001,0.0,0.69599,0.51705,1994
23,0,gender,attention,0.0001,1e-05,0.69347,0.49219,1994
23,0,gender,shuffled,0.01,0.0001,0.96064,0.50351,1994
23,0,star_sign,ema_lr1e-3,0.001,0.0001,3.23138,0.11936,1994
23,0,star_sign,ema_lr5e-3,0.005,0.0001,3.14684,0.07573,1994
23,0,star_sign,ema_lr1e-2,0.01,0.0001,2.99646,0.15547,1994
23,0,star_sign,ema_lr5e-2,0.05,0.0001,2.07123,0.43731,1994
23,0,star_sign,ema_lr1e-2_wd1e-3,0.01,0.001,3.06532,0.13039,1994
23,0,star_sign,ema_d0.99,0.01,0.0001,3.00904,0.11484,1994
23,0,star_sign,ema_d0.9999,0.01,0.0001,2.97828,0.07021,1994
23,0,star_sign,mlp_h16,0.001,0.0,1.78704,0.83701,1994
23,0,star_sign,mlp_h32,0.001,0.0,1.58634,0.93882,1994
23,0,star_sign,mlp_h64,0.001,0.0,1.54532,0.96891,1994
23,0,star_sign,mlp_h128,0.001,0.0,0.50133,1.0,1994
23,0,star_sign,attention,0.0001,1e-05,2.44424,0.99219,1994
23,0,star_sign,shuffled,0.01,0.0001,3.0375,0.07623,1994
23,4,age_bin,ema_lr1e-3,0.001,0.0001,1.42003,0.34303,1994
23,4,age_bin,ema_lr5e-3,0.005,0.0001,1.38329,0.34102,1994
23,4,age_bin,ema_lr1e-2,0.01,0.0001,1.35519,0.31846,1994
23,4,age_bin,ema_lr5e-2,0.05,0.0001,1.25673,0.35256,1994
23,4,age_bin,ema_lr1e-2_wd1e-3,0.01,0.001,1.52182,0.3014,1994
23,4,age_bin,ema_d0.99,0.01,0.0001,1.33419,0.33902,1994
23,4,age_bin,ema_d0.9999,0.01,0.0001,1.41833,0.33801,1994
23,4,age_bin,mlp_h16,0.001,0.0,1.02582,0.52658,1994
23,4,age_bin,mlp_h32,0.001,0.0,1.01086,0.52658,1994
23,4,age_bin,mlp_h64,0.001,0.0,1.01203,0.52558,1994
23,4,age_bin,mlp_h128,0.001,0.0,1.027,0.52708,1994
23,4,age_bin,attention,0.0001,1e-05,1.05119,0.5,1994
23,4,age_bin,shuffled,0.01,0.0001,1.41652,0.33751,1994
23,4,gender,ema_lr1e-3,0.001,0.0001,1.02822,0.52056,1994
23,4,gender,ema_lr5e-3,0.005,0.0001,1.03437,0.48897,1994
23,4,gender,ema_lr1e-2,0.01,0.0001,0.87639,0.52106,1994
23,4,gender,ema_lr5e-2,0.05,0.0001,0.77469,0.52658,1994
23,4,gender,ema_lr1e-2_wd1e-3,0.01,0.001,0.92987,0.47041,1994
23,4,gender,ema_d0.99,0.01,0.0001,0.91458,0.48947,1994
23,4,gender,ema_d0.9999,0.01,0.0001,0.90927,0.48495,1994
23,4,gender,mlp_h16,0.001,0.0,0.69618,0.50903,1994
23,4,gender,mlp_h32,0.001,0.0,0.69374,0.55266,1994
23,4,gender,mlp_h64,0.001,0.0,0.69739,0.52357,1994
23,4,gender,mlp_h128,0.001,0.0,0.69431,0.52407,1994
23,4,gender,attention,0.0001,1e-05,0.72377,0.47656,1994
23,4,gender,shuffled,0.01,0.0001,0.90071,0.49348,1994
23,4,star_sign,ema_lr1e-3,0.001,0.0001,3.13721,0.08826,1994
23,4,star_sign,ema_lr5e-3,0.005,0.0001,3.06837,0.09127,1994
23,4,star_sign,ema_lr1e-2,0.01,0.0001,2.77062,0.10181,1994
23,4,star_sign,ema_lr5e-2,0.05,0.0001,1.93681,0.3656,1994
23,4,star_sign,ema_lr1e-2_wd1e-3,0.01,0.001,2.79207,0.14644,1994
23,4,star_sign,ema_d0.99,0.01,0.0001,2.80041,0.11184,1994
23,4,star_sign,ema_d0.9999,0.01,0.0001,2.7869,0.0657,1994
23,4,star_sign,mlp_h16,0.001,0.0,1.95823,0.19458,1994
23,4,star_sign,mlp_h32,0.001,0.0,1.29928,1.0,1994
23,4,star_sign,mlp_h64,0.001,0.0,0.67362,1.0,1994
23,4,star_sign,mlp_h128,0.001,0.0,0.29741,1.0,1994
23,4,star_sign,attention,0.0001,1e-05,2.1393,0.90625,1994
23,4,star_sign,shuffled,0.01,0.0001,2.8108,0.15296,1994
23,6,age_bin,ema_lr1e-3,0.001,0.0001,1.60766,0.31996,1994
23,6,age_bin,ema_lr5e-3,0.005,0.0001,1.64467,0.32497,1994
23,6,age_bin,ema_lr1e-2,0.01,0.0001,1.50852,0.32046,1994
23,6,age_bin,ema_lr5e-2,0.05,0.0001,1.34271,0.334,1994
23,6,age_bin,ema_lr1e-2_wd1e-3,0.01,0.001,1.40233,0.38917,1994
23,6,age_bin,ema_d0.99,0.01,0.0001,1.59392,0.31996,1994
23,6,age_bin,ema_d0.9999,0.01,0.0001,1.45619,0.35055,1994
23,6,age_bin,mlp_h16,0.001,0.0,1.0998,0.40321,1994
23,6,age_bin,mlp_h32,0.001,0.0,1.06286,0.47242,1994
23,6,age_bin,mlp_h64,0.001,0.0,1.01825,0.52608,1994
23,6,age_bin,mlp_h128,0.001,0.0,1.02386,0.52257,1994
23,6,age_bin,attention,0.0001,1e-05,2.62234,0.40625,1994
23,6,age_bin,shuffled,0.01,0.0001,1.52092,0.32497,1994
23,6,gender,ema_lr1e-3,0.001,0.0001,1.05575,0.49699,1994
23,6,gender,ema_lr5e-3,0.005,0.0001,0.96156,0.51505,1994
23,6,gender,ema_lr1e-2,0.01,0.0001,0.93093,0.50552,1994
23,6,gender,ema_lr5e-2,0.05,0.0001,0.80755,0.50752,1994
23,6,gender,ema_lr1e-2_wd1e-3,0.01,0.001,0.8353,0.55968,1994
23,6,gender,ema_d0.99,0.01,0.0001,0.91896,0.53611,1994
23,6,gender,ema_d0.9999,0.01,0.0001,1.05351,0.49097,1994
23,6,gender,mlp_h16,0.001,0.0,0.67849,0.57523,1994
23,6,gender,mlp_h32,0.001,0.0,0.67708,0.56469,1994
23,6,gender,mlp_h64,0.001,0.0,0.66694,0.59278,1994
23,6,gender,mlp_h128,0.001,0.0,0.66608,0.6013,1994
23,6,gender,attention,0.0001,1e-05,2.02868,0.5,1994
23,6,gender,shuffled,0.01,0.0001,0.94801,0.48796,1994
23,6,star_sign,ema_lr1e-3,0.001,0.0001,3.16188,0.13641,1994
23,6,star_sign,ema_lr5e-3,0.005,0.0001,3.11422,0.11184,1994
23,6,star_sign,ema_lr1e-2,0.01,0.0001,3.12967,0.09729,1994
23,6,star_sign,ema_lr5e-2,0.05,0.0001,2.06838,0.32548,1994
23,6,star_sign,ema_lr1e-2_wd1e-3,0.01,0.001,3.09929,0.09278,1994
23,6,star_sign,ema_d0.99,0.01,0.0001,2.98151,0.09478,1994
23,6,star_sign,ema_d0.9999,0.01,0.0001,2.96852,0.08626,1994
23,6,star_sign,mlp_h16,0.001,0.0,2.28196,0.27533,1994
23,6,star_sign,mlp_h32,0.001,0.0,1.88153,0.85055,1994
23,6,star_sign,mlp_h64,0.001,0.0,1.19771,1.0,1994
23,6,star_sign,mlp_h128,0.001,0.0,0.36256,1.0,1994
23,6,star_sign,attention,0.0001,1e-05,0.75282,0.75,1994
23,6,star_sign,shuffled,0.01,0.0001,3.09981,0.10532,1994
24,0,age_bin,ema_lr1e-3,0.001,0.0001,1.63696,0.34471,1758
24,0,age_bin,ema_lr5e-3,0.005,0.0001,1.55681,0.34187,1758
24,0,age_bin,ema_lr1e-2,0.01,0.0001,1.49732,0.33902,1758
24,0,age_bin,ema_lr5e-2,0.05,0.0001,1.27947,0.35779,1758
24,0,age_bin,ema_lr1e-2_wd1e-3,0.01,0.001,1.46343,0.35267,1758
24,0,age_bin,ema_d0.99,0.01,0.0001,1.55755,0.34414,1758
24,0,age_bin,ema_d0.9999,0.01,0.0001,1.46073,0.343,1758
24,0,age_bin,mlp_h16,0.001,0.0,1.04335,0.49545,1758
24,0,age_bin,mlp_h32,0.001,0.0,1.04781,0.48976,1758
24,0,age_bin,mlp_h64,0.001,0.0,1.03986,0.49659,1758
24,0,age_bin,mlp_h128,0.001,0.0,1.04364,0.49659,1758
24,0,age_bin,attention,0.0001,1e-05,1.0876,0.47656,1758
24,0,age_bin,shuffled,0.01,0.0001,1.51435,0.32935,1758
24,0,gender,ema_lr1e-3,0.001,0.0001,1.16339,0.48635,1758
24,0,gender,ema_lr5e-3,0.005,0.0001,1.01308,0.48407,1758
24,0,gender,ema_lr1e-2,0.01,0.0001,0.96633,0.49033,1758
24,0,gender,ema_lr5e-2,0.05,0.0001,0.83551,0.50228,1758
24,0,gender,ema_lr1e-2_wd1e-3,0.01,0.001,0.9424,0.51479,1758
24,0,gender,ema_d0.99,0.01,0.0001,0.94061,0.50683,1758
24,0,gender,ema_d0.9999,0.01,0.0001,0.95779,0.51706,1758
24,0,gender,mlp_h16,0.001,0.0,0.69746,0.50341,1758
24,0,gender,mlp_h32,0.001,0.0,0.69617,0.49716,1758
24,0,gender,mlp_h64,0.001,0.0,0.69782,0.49659,1758
24,0,gender,mlp_h128,0.001,0.0,0.69592,0.51138,1758
24,0,gender,attention,0.0001,1e-05,0.69293,0.50781,1758
24,0,gender,shuffled,0.01,0.0001,0.91488,0.52673,1758
24,0,star_sign,ema_lr1e-3,0.001,0.0001,3.27405,0.10296,1758
24,0,star_sign,ema_lr5e-3,0.005,0.0001,3.11095,0.07736,1758
24,0,star_sign,ema_lr1e-2,0.01,0.0001,3.01373,0.15245,1758
24,0,star_sign,ema_lr5e-2,0.05,0.0001,2.03751,0.45449,1758
24,0,star_sign,ema_lr1e-2_wd1e-3,0.01,0.001,3.03906,0.12344,1758
24,0,star_sign,ema_d0.99,0.01,0.0001,3.04929,0.09613,1758
24,0,star_sign,ema_d0.9999,0.01,0.0001,2.93011,0.08134,1758
24,0,star_sign,mlp_h16,0.001,0.0,1.7558,0.85552,1758
24,0,star_sign,mlp_h32,0.001,0.0,1.54637,0.95108,1758
24,0,star_sign,mlp_h64,0.001,0.0,1.48774,0.98066,1758
24,0,star_sign,mlp_h128,0.001,0.0,0.44119,1.0,1758
24,0,star_sign,attention,0.0001,1e-05,2.4418,1.0,1758
24,0,star_sign,shuffled,0.01,0.0001,2.95255,0.09272,1758
24,4,age_bin,ema_lr1e-3,0.001,0.0001,1.39815,0.34869,1758
24,4,age_bin,ema_lr5e-3,0.005,0.0001,1.49163,0.29636,1758
24,4,age_bin,ema_lr1e-2,0.01,0.0001,1.34629,0.35267,1758
24,4,age_bin,ema_lr5e-2,0.05,0.0001,1.23426,0.36234,1758
24,4,age_bin,ema_lr1e-2_wd1e-3,0.01,0.001,1.42097,0.33106,1758
24,4,age_bin,ema_d0.99,0.01,0.0001,1.36658,0.31342,1758
24,4,age_bin,ema_d0.9999,0.01,0.0001,1.37336,0.37315,1758
24,4,age_bin,mlp_h16,0.001,0.0,1.05072,0.4909,1758
24,4,age_bin,mlp_h32,0.001,0.0,1.04695,0.49602,1758
24,4,age_bin,mlp_h64,0.001,0.0,1.03807,0.49545,1758
24,4,age_bin,mlp_h128,0.001,0.0,1.05121,0.49431,1758
24,4,age_bin,attention,0.0001,1e-05,1.05929,0.47656,1758
24,4,age_bin,shuffled,0.01,0.0001,1.40658,0.33504,1758
24,4,gender,ema_lr1e-3,0.001,0.0001,1.09472,0.49602,1758
24,4,gender,ema_lr5e-3,0.005,0.0001,0.93307,0.51308,1758
24,4,gender,ema_lr1e-2,0.01,0.0001,0.91366,0.49147,1758
24,4,gender,ema_lr5e-2,0.05,0.0001,0.78563,0.49716,1758
24,4,gender,ema_lr1e-2_wd1e-3,0.01,0.001,0.88016,0.48692,1758
24,4,gender,ema_d0.99,0.01,0.0001,0.84474,0.51877,1758
24,4,gender,ema_d0.9999,0.01,0.0001,0.86267,0.50455,1758
24,4,gender,mlp_h16,0.001,0.0,0.6987,0.51536,1758
24,4,gender,mlp_h32,0.001,0.0,0.70182,0.47782,1758
24,4,gender,mlp_h64,0.001,0.0,0.70138,0.49716,1758
24,4,gender,mlp_h128,0.001,0.0,0.69872,0.49317,1758
24,4,gender,attention,0.0001,1e-05,0.71753,0.49219,1758
24,4,gender,shuffled,0.01,0.0001,0.88761,0.48976,1758
24,4,star_sign,ema_lr1e-3,0.001,0.0001,3.18225,0.08703,1758
24,4,star_sign,ema_lr5e-3,0.005,0.0001,3.07144,0.08248,1758
24,4,star_sign,ema_lr1e-2,0.01,0.0001,2.80476,0.12059,1758
24,4,star_sign,ema_lr5e-2,0.05,0.0001,1.87873,0.39078,1758
24,4,star_sign,ema_lr1e-2_wd1e-3,0.01,0.001,2.69782,0.17235,1758
24,4,star_sign,ema_d0.99,0.01,0.0001,2.7856,0.10353,1758
24,4,star_sign,ema_d0.9999,0.01,0.0001,2.74996,0.0711,1758
24,4,star_sign,mlp_h16,0.001,0.0,1.92049,0.23436,1758
24,4,star_sign,mlp_h32,0.001,0.0,1.24746,1.0,1758
24,4,star_sign,mlp_h64,0.001,0.0,0.60854,1.0,1758
24,4,star_sign,mlp_h128,0.001,0.0,0.24973,1.0,1758
24,4,star_sign,attention,0.0001,1e-05,2.12306,0.92969,1758
24,4,star_sign,shuffled,0.01,0.0001,2.76021,0.15074,1758
24,6,age_bin,ema_lr1e-3,0.001,0.0001,1.60097,0.31342,1758
24,6,age_bin,ema_lr5e-3,0.005,0.0001,1.58663,0.34812,1758
24,6,age_bin,ema_lr1e-2,0.01,0.0001,1.54716,0.31399,1758
24,6,age_bin,ema_lr5e-2,0.05,0.0001,1.30639,0.36974,1758
24,6,age_bin,ema_lr1e-2_wd1e-3,0.01,0.001,1.44731,0.34073,1758
24,6,age_bin,ema_d0.99,0.01,0.0001,1.60809,0.32765,1758
24,6,age_bin,ema_d0.9999,0.01,0.0001,1.51388,0.33333,1758
24,6,age_bin,mlp_h16,0.001,0.0,1.08214,0.43345,1758
24,6,age_bin,mlp_h32,0.001,0.0,1.04969,0.48862,1758
24,6,age_bin,mlp_h64,0.001,0.0,1.04363,0.49545,1758
24,6,age_bin,mlp_h128,0.001,0.0,1.03384,0.49829,1758
24,6,age_bin,attention,0.0001,1e-05,2.64391,0.46875,1758
24,6,age_bin,shuffled,0.01,0.0001,1.46966,0.32537,1758
24,6,gender,ema_lr1e-3,0.001,0.0001,1.10955,0.47668,1758
24,6,gender,ema_lr5e-3,0.005,0.0001,0.94208,0.51308,1758
24,6,gender,ema_lr1e-2,0.01,0.0001,0.95294,0.50341,1758
24,6,gender,ema_lr5e-2,0.05,0.0001,0.77265,0.5273,1758
24,6,gender,ema_lr1e-2_wd1e-3,0.01,0.001,0.90814,0.52162,1758
24,6,gender,ema_d0.99,0.01,0.0001,0.95282,0.49772,1758
24,6,gender,ema_d0.9999,0.01,0.0001,0.99352,0.49431,1758
24,6,gender,mlp_h16,0.001,0.0,0.68602,0.53925,1758
24,6,gender,mlp_h32,0.001,0.0,0.69059,0.53072,1758
24,6,gender,mlp_h64,0.001,0.0,0.6994,0.53242,1758
24,6,gender,mlp_h128,0.001,0.0,0.70763,0.50967,1758
24,6,gender,attention,0.0001,1e-05,1.95654,0.48438,1758
24,6,gender,shuffled,0.01,0.0001,0.90367,0.49431,1758
24,6,star_sign,ema_lr1e-3,0.001,0.0001,3.42475,0.06997,1758
24,6,star_sign,ema_lr5e-3,0.005,0.0001,3.23717,0.09272,1758
24,6,star_sign,ema_lr1e-2,0.01,0.0001,3.07244,0.09613,1758
24,6,star_sign,ema_lr5e-2,0.05,0.0001,2.06806,0.33163,1758
24,6,star_sign,ema_lr1e-2_wd1e-3,0.01,0.001,2.89283,0.11149,1758
24,6,star_sign,ema_d0.99,0.01,0.0001,3.06685,0.08134,1758
24,6,star_sign,ema_d0.9999,0.01,0.0001,2.87499,0.09898,1758
24,6,star_sign,mlp_h16,0.001,0.0,2.25349,0.32423,1758
24,6,star_sign,mlp_h32,0.001,0.0,1.85849,0.87543,1758
24,6,star_sign,mlp_h64,0.001,0.0,1.16681,1.0,1758
24,6,star_sign,mlp_h128,0.001,0.0,0.32828,1.0,1758
24,6,star_sign,attention,0.0001,1e-05,0.66923,0.80469,1758
24,6,star_sign,shuffled,0.01,0.0001,2.99581,0.09784,1758
25,0,age_bin,ema_lr1e-3,0.001,0.0001,1.64947,0.33265,1963
25,0,age_bin,ema_lr5e-3,0.005,0.0001,1.55124,0.34437,1963
25,0,age_bin,ema_lr1e-2,0.01,0.0001,1.543,0.3189,1963
25,0,age_bin,ema_lr5e-2,0.05,0.0001,1.24399,0.37646,1963
25,0,age_bin,ema_lr1e-2_wd1e-3,0.01,0.001,1.46953,0.35354,1963
25,0,age_bin,ema_d0.99,0.01,0.0001,1.54849,0.34692,1963
25,0,age_bin,ema_d0.9999,0.01,0.0001,1.56089,0.31381,1963
25,0,age_bin,mlp_h16,0.001,0.0,1.06339,0.47326,1963
25,0,age_bin,mlp_h32,0.001,0.0,1.0588,0.47326,1963
25,0,age_bin,mlp_h64,0.001,0.0,1.06454,0.47529,1963
25,0,age_bin,mlp_h128,0.001,0.0,1.06252,0.47529,1963
25,0,age_bin,attention,0.0001,1e-05,1.091,0.44531,1963
25,0,age_bin,shuffled,0.01,0.0001,1.48617,0.34437,1963
25,0,gender,ema_lr1e-3,0.001,0.0001,1.16633,0.50484,1963
25,0,gender,ema_lr5e-3,0.005,0.0001,1.05144,0.48497,1963
25,0,gender,ema_lr1e-2,0.01,0.0001,0.98759,0.4809,1963
25,0,gender,ema_lr5e-2,0.05,0.0001,0.83948,0.48599,1963
25,0,gender,ema_lr1e-2_wd1e-3,0.01,0.001,1.03316,0.4758,1963
25,0,gender,ema_d0.99,0.01,0.0001,1.04555,0.46714,1963
25,0,gender,ema_d0.9999,0.01,0.0001,0.96812,0.47478,1963
25,0,gender,mlp_h16,0.001,0.0,0.68864,0.53642,1963
25,0,gender,mlp_h32,0.001,0.0,0.68767,0.52165,1963
25,0,gender,mlp_h64,0.001,0.0,0.68849,0.53846,1963
25,0,gender,mlp_h128,0.001,0.0,0.70102,0.50331,1963
25,0,gender,attention,0.0001,1e-05,0.69366,0.44531,1963
25,0,gender,shuffled,0.01,0.0001,0.95509,0.49312,1963
25,0,star_sign,ema_lr1e-3,0.001,0.0001,3.3014,0.10596,1963
25,0,star_sign,ema_lr5e-3,0.005,0.0001,3.1365,0.08151,1963
25,0,star_sign,ema_lr1e-2,0.01,0.0001,2.98667,0.15232,1963
25,0,star_sign,ema_lr5e-2,0.05,0.0001,2.01412,0.44931,1963
25,0,star_sign,ema_lr1e-2_wd1e-3,0.01,0.001,3.03113,0.11971,1963
25,0,star_sign,ema_d0.99,0.01,0.0001,3.0392,0.10902,1963
25,0,star_sign,ema_d0.9999,0.01,0.0001,2.90816,0.0866,1963
25,0,star_sign,mlp_h16,0.001,0.0,1.73637,0.85227,1963
25,0,star_sign,mlp_h32,0.001,0.0,1.52781,0.94294,1963
25,0,star_sign,mlp_h64,0.001,0.0,1.43498,0.98574,1963
25,0,star_sign,mlp_h128,0.001,0.0,0.40702,1.0,1963
25,0,star_sign,attention,0.0001,1e-05,2.43918,0.97656,1963
25,0,star_sign,shuffled,0.01,0.0001,3.03425,0.0759,1963
25,4,age_bin,ema_lr1e-3,0.001,0.0001,1.4332,0.34896,1963
25,4,age_bin,ema_lr5e-3,0.005,0.0001,1.42453,0.34284,1963
25,4,age_bin,ema_lr1e-2,0.01,0.0001,1.40882,0.2975,1963
25,4,age_bin,ema_lr5e-2,0.05,0.0001,1.2399,0.35303,1963
25,4,age_bin,ema_lr1e-2_wd1e-3,0.01,0.001,1.4334,0.32705,1963
25,4,age_bin,ema_d0.99,0.01,0.0001,1.33267,0.31737,1963
25,4,age_bin,ema_d0.9999,0.01,0.0001,1.40844,0.33928,1963
25,4,age_bin,mlp_h16,0.001,0.0,1.07155,0.47835,1963
25,4,age_bin,mlp_h32,0.001,0.0,1.06493,0.47478,1963
25,4,age_bin,mlp_h64,0.001,0.0,1.06596,0.47376,1963
25,4,age_bin,mlp_h128,0.001,0.0,1.06483,0.47376,1963
25,4,age_bin,attention,0.0001,1e-05,1.07686,0.44531,1963
25,4,age_bin,shuffled,0.01,0.0001,1.41364,0.35303,1963
25,4,gender,ema_lr1e-3,0.001,0.0001,1.0345,0.48905,1963
25,4,gender,ema_lr5e-3,0.005,0.0001,0.95635,0.5028,1963
25,4,gender,ema_lr1e-2,0.01,0.0001,0.88944,0.52165,1963
25,4,gender,ema_lr5e-2,0.05,0.0001,0.78518,0.51095,1963
25,4,gender,ema_lr1e-2_wd1e-3,0.01,0.001,0.85174,0.52165,1963
25,4,gender,ema_d0.99,0.01,0.0001,0.85285,0.50229,1963
25,4,gender,ema_d0.9999,0.01,0.0001,0.85485,0.52878,1963
25,4,gender,mlp_h16,0.001,0.0,0.69093,0.50739,1963
25,4,gender,mlp_h32,0.001,0.0,0.68572,0.54407,1963
25,4,gender,mlp_h64,0.001,0.0,0.6907,0.5298,1963
25,4,gender,mlp_h128,0.001,0.0,0.69658,0.50739,1963
25,4,gender,attention,0.0001,1e-05,0.73341,0.45312,1963
25,4,gender,shuffled,0.01,0.0001,0.88364,0.49822,1963
25,4,star_sign,ema_lr1e-3,0.001,0.0001,3.25525,0.08202,1963
25,4,star_sign,ema_lr5e-3,0.005,0.0001,3.05627,0.10087,1963
25,4,star_sign,ema_lr1e-2,0.01,0.0001,2.76274,0.11615,1963
25,4,star_sign,ema_lr5e-2,0.05,0.0001,1.81778,0.4218,1963
25,4,star_sign,ema_lr1e-2_wd1e-3,0.01,0.001,2.78365,0.12837,1963
25,4,star_sign,ema_d0.99,0.01,0.0001,2.69278,0.13347,1963
25,4,star_sign,ema_d0.9999,0.01,0.0001,2.78753,0.06775,1963
25,4,star_sign,mlp_h16,0.001,0.0,1.94113,0.23179,1963
25,4,star_sign,mlp_h32,0.001,0.0,1.21566,1.0,1963
25,4,star_sign,mlp_h64,0.001,0.0,0.55368,1.0,1963
25,4,star_sign,mlp_h128,0.001,0.0,0.20746,1.0,1963
25,4,star_sign,attention,0.0001,1e-05,2.0885,0.94531,1963
25,4,star_sign,shuffled,0.01,0.0001,2.73885,0.162,1963
25,6,age_bin,ema_lr1e-3,0.001,0.0001,1.8183,0.29598,1963
25,6,age_bin,ema_lr5e-3,0.005,0.0001,1.50349,0.3515,1963
25,6,age_bin,ema_lr1e-2,0.01,0.0001,1.49403,0.32756,1963
25,6,age_bin,ema_lr5e-2,0.05,0.0001,1.27263,0.36882,1963
25,6,age_bin,ema_lr1e-2_wd1e-3,0.01,0.001,1.56658,0.33622,1963
25,6,age_bin,ema_d0.99,0.01,0.0001,1.57684,0.31839,1963
25,6,age_bin,ema_d0.9999,0.01,0.0001,1.49866,0.33418,1963
25,6,age_bin,mlp_h16,0.001,0.0,1.08883,0.41365,1963
25,6,age_bin,mlp_h32,0.001,0.0,1.0574,0.48956,1963
25,6,age_bin,mlp_h64,0.001,0.0,1.04674,0.49058,1963
25,6,age_bin,mlp_h128,0.001,0.0,1.04626,0.49159,1963
25,6,age_bin,attention,0.0001,1e-05,2.84629,0.42188,1963
25,6,age_bin,shuffled,0.01,0.0001,1.46149,0.33469,1963
25,6,gender,ema_lr1e-3,0.001,0.0001,1.01465,0.50637,1963
25,6,gender,ema_lr5e-3,0.005,0.0001,0.99471,0.47173,1963
25,6,gender,ema_lr1e-2,0.01,0.0001,0.91126,0.50178,1963
25,6,gender,ema_lr5e-2,0.05,0.0001,0.86032,0.49363,1963
25,6,gender,ema_lr1e-2_wd1e-3,0.01,0.001,0.97588,0.49414,1963
25,6,gender,ema_d0.99,0.01,0.0001,1.0105,0.4758,1963
25,6,gender,ema_d0.9999,0.01,0.0001,1.02295,0.49363,1963
25,6,gender,mlp_h16,0.001,0.0,0.67751,0.58839,1963
25,6,gender,mlp_h32,0.001,0.0,0.69186,0.54356,1963
25,6,gender,mlp_h64,0.001,0.0,0.6852,0.56495,1963
25,6,gender,mlp_h128,0.001,0.0,0.69432,0.5675,1963
25,6,gender,attention,0.0001,1e-05,2.14035,0.45312,1963
25,6,gender,shuffled,0.01,0.0001,0.9217,0.5028,1963
25,6,star_sign,ema_lr1e-3,0.001,0.0001,3.20632,0.09119,1963
25,6,star_sign,ema_lr5e-3,0.005,0.0001,3.11469,0.11768,1963
25,6,star_sign,ema_lr1e-2,0.01,0.0001,3.10839,0.09781,1963
25,6,star_sign,ema_lr5e-2,0.05,0.0001,2.01287,0.34539,1963
25,6,star_sign,ema_lr1e-2_wd1e-3,0.01,0.001,2.90254,0.11207,1963
25,6,star_sign,ema_d0.99,0.01,0.0001,3.05347,0.08864,1963
25,6,star_sign,ema_d0.9999,0.01,0.0001,2.95855,0.10545,1963
25,6,star_sign,mlp_h16,0.001,0.0,2.23913,0.3403,1963
25,6,star_sign,mlp_h32,0.001,0.0,1.81785,0.89302,1963
25,6,star_sign,mlp_h64,0.001,0.0,1.12109,1.0,1963
25,6,star_sign,mlp_h128,0.001,0.0,0.30452,1.0,1963
25,6,star_sign,attention,0.0001,1e-05,0.49113,0.88281,1963
25,6,star_sign,shuffled,0.01,0.0001,3.05107,0.08609,1963
26,0,age_bin,ema_lr1e-3,0.001,0.0001,1.63054,0.34273,1987
26,0,age_bin,ema_lr5e-3,0.005,0.0001,1.5353,0.35934,1987
26,0,age_bin,ema_lr1e-2,0.01,0.0001,1.43265,0.35078,1987
26,0,age_bin,ema_lr5e-2,0.05,0.0001,1.25649,0.35279,1987
26,0,age_bin,ema_lr1e-2_wd1e-3,0.01,0.001,1.48292,0.3387,1987
26,0,age_bin,ema_d0.99,0.01,0.0001,1.53437,0.33015,1987
26,0,age_bin,ema_d0.9999,0.01,0.0001,1.46373,0.35179,1987
26,0,age_bin,mlp_h16,0.001,0.0,1.04107,0.5073,1987
26,0,age_bin,mlp_h32,0.001,0.0,1.03183,0.50579,1987
26,0,age_bin,mlp_h64,0.001,0.0,1.03278,0.5078,1987
26,0,age_bin,mlp_h128,0.001,0.0,1.03351,0.5078,1987
26,0,age_bin,attention,0.0001,1e-05,1.08348,0.53125,1987
26,0,age_bin,shuffled,0.01,0.0001,1.48082,0.33266,1987
26,0,gender,ema_lr1e-3,0.001,0.0001,1.13508,0.49019,1987
26,0,gender,ema_lr5e-3,0.005,0.0001,1.02924,0.49874,1987
26,0,gender,ema_lr1e-2,0.01,0.0001,0.96401,0.48918,1987
26,0,gender,ema_lr5e-2,0.05,0.0001,0.80698,0.51535,1987
26,0,gender,ema_lr1e-2_wd1e-3,0.01,0.001,0.97599,0.50377,1987
26,0,gender,ema_d0.99,0.01,0.0001,0.95975,0.50528,1987
26,0,gender,ema_d0.9999,0.01,0.0001,0.97149,0.47861,1987
26,0,gender,mlp_h16,0.001,0.0,0.69215,0.53548,1987
26,0,gender,mlp_h32,0.001,0.0,0.69423,0.52843,1987
26,0,gender,mlp_h64,0.001,0.0,0.69501,0.54102,1987
26,0,gender,mlp_h128,0.001,0.0,0.69442,0.51837,1987
26,0,gender,attention,0.0001,1e-05,0.69163,0.59375,1987
26,0,gender,shuffled,0.01,0.0001,0.99622,0.48767,1987
26,0,star_sign,ema_lr1e-3,0.001,0.0001,3.2435,0.10569,1987
26,0,star_sign,ema_lr5e-3,0.005,0.0001,3.04433,0.08354,1987
26,0,star_sign,ema_lr1e-2,0.01,0.0001,2.9732,0.13286,1987
26,0,star_sign,ema_lr5e-2,0.05,0.0001,1.95631,0.46804,1987
26,0,star_sign,ema_lr1e-2_wd1e-3,0.01,0.001,2.99371,0.12431,1987
26,0,star_sign,ema_d0.99,0.01,0.0001,2.98932,0.10166,1987
26,0,star_sign,ema_d0.9999,0.01,0.0001,2.95358,0.06492,1987
26,0,star_sign,mlp_h16,0.001,0.0,1.70092,0.88173,1987
26,0,star_sign,mlp_h32,0.001,0.0,1.46028,0.97383,1987
26,0,star_sign,mlp_h64,0.001,0.0,1.39134,0.99396,1987
26,0,star_sign,mlp_h128,0.001,0.0,0.36222,1.0,1987
26,0,star_sign,attention,0.0001,1e-05,2.43782,0.99219,1987
26,0,star_sign,shuffled,0.01,0.0001,2.99604,0.08304,1987
26,4,age_bin,ema_lr1e-3,0.001,0.0001,1.43654,0.33669,1987
26,4,age_bin,ema_lr5e-3,0.005,0.0001,1.46483,0.3231,1987
26,4,age_bin,ema_lr1e-2,0.01,0.0001,1.32128,0.3533,1987
26,4,age_bin,ema_lr5e-2,0.05,0.0001,1.17374,0.39305,1987
26,4,age_bin,ema_lr1e-2_wd1e-3,0.01,0.001,1.36683,0.35632,1987
26,4,age_bin,ema_d0.99,0.01,0.0001,1.31453,0.35581,1987
26,4,age_bin,ema_d0.9999,0.01,0.0001,1.38112,0.34323,1987
26,4,age_bin,mlp_h16,0.001,0.0,1.0386,0.50679,1987
26,4,age_bin,mlp_h32,0.001,0.0,1.03665,0.50629,1987
26,4,age_bin,mlp_h64,0.001,0.0,1.03919,0.5073,1987
26,4,age_bin,mlp_h128,0.001,0.0,1.03303,0.5073,1987
26,4,age_bin,attention,0.0001,1e-05,1.01136,0.53125,1987
26,4,age_bin,shuffled,0.01,0.0001,1.38961,0.34625,1987
26,4,gender,ema_lr1e-3,0.001,0.0001,1.05982,0.48767,1987
26,4,gender,ema_lr5e-3,0.005,0.0001,0.98564,0.48817,1987
26,4,gender,ema_lr1e-2,0.01,0.0001,0.9268,0.50126,1987
26,4,gender,ema_lr5e-2,0.05,0.0001,0.7426,0.53196,1987
26,4,gender,ema_lr1e-2_wd1e-3,0.01,0.001,0.8886,0.5073,1987
26,4,gender,ema_d0.99,0.01,0.0001,0.86505,0.51434,1987
26,4,gender,ema_d0.9999,0.01,0.0001,0.89889,0.48213,1987
26,4,gender,mlp_h16,0.001,0.0,0.69175,0.52542,1987
26,4,gender,mlp_h32,0.001,0.0,0.68422,0.55762,1987
26,4,gender,mlp_h64,0.001,0.0,0.68189,0.57272,1987
26,4,gender,mlp_h128,0.001,0.0,0.68254,0.56165,1987
26,4,gender,attention,0.0001,1e-05,0.69052,0.53906,1987
26,4,gender,shuffled,0.01,0.0001,0.89293,0.49019,1987
26,4,star_sign,ema_lr1e-3,0.001,0.0001,3.15819,0.09009,1987
26,4,star_sign,ema_lr5e-3,0.005,0.0001,2.95986,0.10619,1987
26,4,star_sign,ema_lr1e-2,0.01,0.0001,2.72382,0.12783,1987
26,4,star_sign,ema_lr5e-2,0.05,0.0001,1.78763,0.43684,1987
26,4,star_sign,ema_lr1e-2_wd1e-3,0.01,0.001,2.74836,0.14293,1987
26,4,star_sign,ema_d0.99,0.01,0.0001,2.74776,0.11223,1987
26,4,star_sign,ema_d0.9999,0.01,0.0001,2.75302,0.08405,1987
26,4,star_sign,mlp_h16,0.001,0.0,1.91482,0.26875,1987
26,4,star_sign,mlp_h32,0.001,0.0,1.16595,1.0,1987
26,4,star_sign,mlp_h64,0.001,0.0,0.51985,1.0,1987
26,4,star_sign,mlp_h128,0.001,0.0,0.18375,1.0,1987
26,4,star_sign,attention,0.0001,1e-05,2.07646,0.96875,1987
26,4,star_sign,shuffled,0.01,0.0001,2.78746,0.16356,1987
26,6,age_bin,ema_lr1e-3,0.001,0.0001,1.80376,0.29794,1987
26,6,age_bin,ema_lr5e-3,0.005,0.0001,1.5248,0.34726,1987
26,6,age_bin,ema_lr1e-2,0.01,0.0001,1.50587,0.32662,1987
26,6,age_bin,ema_lr5e-2,0.05,0.0001,1.26866,0.38953,1987
26,6,age_bin,ema_lr1e-2_wd1e-3,0.01,0.001,1.50898,0.31605,1987
26,6,age_bin,ema_d0.99,0.01,0.0001,1.45073,0.36135,1987
26,6,age_bin,ema_d0.9999,0.01,0.0001,1.5278,0.3226,1987
26,6,age_bin,mlp_h16,0.001,0.0,1.05535,0.46251,1987
26,6,age_bin,mlp_h32,0.001,0.0,1.03543,0.5224,1987
26,6,age_bin,mlp_h64,0.001,0.0,1.00508,0.51283,1987
26,6,age_bin,mlp_h128,0.001,0.0,1.01208,0.51384,1987
26,6,age_bin,attention,0.0001,1e-05,2.42054,0.45312,1987
26,6,age_bin,shuffled,0.01,0.0001,1.46647,0.33065,1987
26,6,gender,ema_lr1e-3,0.001,0.0001,1.10967,0.48918,1987
26,6,gender,ema_lr5e-3,0.005,0.0001,0.99444,0.49321,1987
26,6,gender,ema_lr1e-2,0.01,0.0001,0.92673,0.49774,1987
26,6,gender,ema_lr5e-2,0.05,0.0001,0.8045,0.51585,1987
26,6,gender,ema_lr1e-2_wd1e-3,0.01,0.001,0.96757,0.50629,1987
26,6,gender,ema_d0.99,0.01,0.0001,0.88491,0.54706,1987
26,6,gender,ema_d0.9999,0.01,0.0001,1.0152,0.48314,1987
26,6,gender,mlp_h16,0.001,0.0,0.67785,0.5843,1987
26,6,gender,mlp_h32,0.001,0.0,0.68098,0.57071,1987
26,6,gender,mlp_h64,0.001,0.0,0.67412,0.57574,1987
26,6,gender,mlp_h128,0.001,0.0,0.675,0.58329,1987
26,6,gender,attention,0.0001,1e-05,1.4091,0.57812,1987
26,6,gender,shuffled,0.01,0.0001,0.94924,0.5078,1987
26,6,star_sign,ema_lr1e-3,0.001,0.0001,3.27636,0.09512,1987
26,6,star_sign,ema_lr5e-3,0.005,0.0001,3.28367,0.08757,1987
26,6,star_sign,ema_lr1e-2,0.01,0.0001,3.06612,0.10116,1987
26,6,star_sign,ema_lr5e-2,0.05,0.0001,1.96123,0.39809,1987
26,6,star_sign,ema_lr1e-2_wd1e-3,0.01,0.001,2.84454,0.1228,1987
26,6,star_sign,ema_d0.99,0.01,0.0001,2.87275,0.11777,1987
26,6,star_sign,ema_d0.9999,0.01,0.0001,3.02873,0.08556,1987
26,6,star_sign,mlp_h16,0.001,0.0,2.20103,0.36437,1987
26,6,star_sign,mlp_h32,0.001,0.0,1.79732,0.87921,1987
26,6,star_sign,mlp_h64,0.001,0.0,1.03881,1.0,1987
26,6,star_sign,mlp_h128,0.001,0.0,0.24568,1.0,1987
26,6,star_sign,attention,0.0001,1e-05,0.4525,0.86719,1987
26,6,star_sign,shuffled,0.01,0.0001,2.97829,0.11676,1987
27,0,age_bin,ema_lr1e-3,0.001,0.0001,1.70219,0.31174,2053
27,0,age_bin,ema_lr5e-3,0.005,0.0001,1.48265,0.36581,2053
27,0,age_bin,ema_lr1e-2,0.01,0.0001,1.53415,0.32781,2053
27,0,age_bin,ema_lr5e-2,0.05,0.0001,1.27055,0.35168,2053
27,0,age_bin,ema_lr1e-2_wd1e-3,0.01,0.001,1.45643,0.34291,2053
27,0,age_bin,ema_d0.99,0.01,0.0001,1.47627,0.35509,2053
27,0,age_bin,ema_d0.9999,0.01,0.0001,1.47535,0.33074,2053
27,0,age_bin,mlp_h16,0.001,0.0,1.03302,0.50852,2053
27,0,age_bin,mlp_h32,0.001,0.0,1.03665,0.50658,2053
27,0,age_bin,mlp_h64,0.001,0.0,1.03686,0.50804,2053
27,0,age_bin,mlp_h128,0.001,0.0,1.03715,0.50852,2053
27,0,age_bin,attention,0.0001,1e-05,1.08731,0.48438,2053
27,0,age_bin,shuffled,0.01,0.0001,1.48877,0.33755,2053
27,0,gender,ema_lr1e-3,0.001,0.0001,1.11771,0.50463,2053
27,0,gender,ema_lr5e-3,0.005,0.0001,1.00953,0.5056,2053
27,0,gender,ema_lr1e-2,0.01,0.0001,0.92484,0.49001,2053
27,0,gender,ema_lr5e-2,0.05,0.0001,0.81309,0.49245,2053
27,0,gender,ema_lr1e-2_wd1e-3,0.01,0.001,0.97516,0.48027,2053
27,0,gender,ema_d0.99,0.01,0.0001,0.96309,0.49342,2053
27,0,gender,ema_d0.9999,0.01,0.0001,0.96097,0.49976,2053
27,0,gender,mlp_h16,0.001,0.0,0.69132,0.52557,2053
27,0,gender,mlp_h32,0.001,0.0,0.69032,0.52411,2053
27,0,gender,mlp_h64,0.001,0.0,0.69242,0.51924,2053
27,0,gender,mlp_h128,0.001,0.0,0.69516,0.51388,2053
27,0,gender,attention,0.0001,1e-05,0.69417,0.46875,2053
27,0,gender,shuffled,0.01,0.0001,0.94648,0.50706,2053
27,0,star_sign,ema_lr1e-3,0.001,0.0001,3.26798,0.10911,2053
27,0,star_sign,ema_lr5e-3,0.005,0.0001,3.08891,0.07988,2053
27,0,star_sign,ema_lr1e-2,0.01,0.0001,3.0031,0.14564,2053
27,0,star_sign,ema_lr5e-2,0.05,0.0001,1.92063,0.4866,2053
27,0,star_sign,ema_lr1e-2_wd1e-3,0.01,0.001,2.89186,0.1359,2053
27,0,star_sign,ema_d0.99,0.01,0.0001,2.95702,0.11057,2053
27,0,star_sign,ema_d0.9999,0.01,0.0001,2.92181,0.07891,2053
27,0,star_sign,mlp_h16,0.001,0.0,1.67317,0.8792,2053
27,0,star_sign,mlp_h32,0.001,0.0,1.43298,0.97077,2053
27,0,star_sign,mlp_h64,0.001,0.0,1.34483,0.99513,2053
27,0,star_sign,mlp_h128,0.001,0.0,0.32434,1.0,2053
27,0,star_sign,attention,0.0001,1e-05,2.43446,1.0,2053
27,0,star_sign,shuffled,0.01,0.0001,2.92574,0.09011,2053
27,4,age_bin,ema_lr1e-3,0.001,0.0001,1.44163,0.32538,2053
27,4,age_bin,ema_lr5e-3,0.005,0.0001,1.45138,0.32148,2053
27,4,age_bin,ema_lr1e-2,0.01,0.0001,1.36732,0.32343,2053
27,4,age_bin,ema_lr5e-2,0.05,0.0001,1.24181,0.35606,2053
27,4,age_bin,ema_lr1e-2_wd1e-3,0.01,0.001,1.42259,0.31466,2053
27,4,age_bin,ema_d0.99,0.01,0.0001,1.34267,0.33804,2053
27,4,age_bin,ema_d0.9999,0.01,0.0001,1.44708,0.32197,2053
27,4,age_bin,mlp_h16,0.001,0.0,1.03417,0.5056,2053
27,4,age_bin,mlp_h32,0.001,0.0,1.04004,0.50706,2053
27,4,age_bin,mlp_h64,0.001,0.0,1.03781,0.50804,2053
27,4,age_bin,mlp_h128,0.001,0.0,1.02888,0.50804,2053
27,4,age_bin,attention,0.0001,1e-05,1.05741,0.48438,2053
27,4,age_bin,shuffled,0.01,0.0001,1.40078,0.33999,2053
27,4,gender,ema_lr1e-3,0.001,0.0001,1.10077,0.46371,2053
27,4,gender,ema_lr5e-3,0.005,0.0001,1.01845,0.47102,2053
27,4,gender,ema_lr1e-2,0.01,0.0001,0.90527,0.50268,2053
27,4,gender,ema_lr5e-2,0.05,0.0001,0.79622,0.4905,2053
27,4,gender,ema_lr1e-2_wd1e-3,0.01,0.001,0.85823,0.50755,2053
27,4,gender,ema_d0.99,0.01,0.0001,0.84944,0.5095,2053
27,4,gender,ema_d0.9999,0.01,0.0001,0.84931,0.5095,2053
27,4,gender,mlp_h16,0.001,0.0,0.688,0.53434,2053
27,4,gender,mlp_h32,0.001,0.0,0.68663,0.54895,2053
27,4,gender,mlp_h64,0.001,0.0,0.69067,0.53483,2053
27,4,gender,mlp_h128,0.001,0.0,0.69304,0.51827,2053
27,4,gender,attention,0.0001,1e-05,0.70571,0.54688,2053
27,4,gender,shuffled,0.01,0.0001,0.88526,0.49537,2053
27,4,star_sign,ema_lr1e-3,0.001,0.0001,3.16202,0.09498,2053
27,4,star_sign,ema_lr5e-3,0.005,0.0001,2.9427,0.10667,2053
27,4,star_sign,ema_lr1e-2,0.01,0.0001,2.62958,0.13687,2053
27,4,star_sign,ema_lr5e-2,0.05,0.0001,1.79461,0.43984,2053
27,4,star_sign,ema_lr1e-2_wd1e-3,0.01,0.001,2.74688,0.13882,2053
27,4,star_sign,ema_d0.99,0.01,0.0001,2.7885,0.12421,2053
27,4,star_sign,ema_d0.9999,0.01,0.0001,2.79474,0.06381,2053
27,4,star_sign,mlp_h16,0.001,0.0,1.89661,0.28397,2053
27,4,star_sign,mlp_h32,0.001,0.0,1.11473,1.0,2053
27,4,star_sign,mlp_h64,0.001,0.0,0.46251,1.0,2053
27,4,star_sign,mlp_h128,0.001,0.0,0.15219,1.0,2053
27,4,star_sign,attention,0.0001,1e-05,2.0437,0.97656,2053
27,4,star_sign,shuffled,0.01,0.0001,2.69806,0.17681,2053
27,6,age_bin,ema_lr1e-3,0.001,0.0001,1.60812,0.34145,2053
27,6,age_bin,ema_lr5e-3,0.005,0.0001,1.48635,0.38773,2053
27,6,age_bin,ema_lr1e-2,0.01,0.0001,1.57495,0.30638,2053
27,6,age_bin,ema_lr5e-2,0.05,0.0001,1.25427,0.37409,2053
27,6,age_bin,ema_lr1e-2_wd1e-3,0.01,0.001,1.51371,0.33658,2053
27,6,age_bin,ema_d0.99,0.01,0.0001,1.55666,0.32927,2053
27,6,age_bin,ema_d0.9999,0.01,0.0001,1.47314,0.32976,2053
27,6,age_bin,mlp_h16,0.001,0.0,1.07068,0.45202,2053
27,6,age_bin,mlp_h32,0.001,0.0,1.04779,0.4832,2053
27,6,age_bin,mlp_h64,0.001,0.0,1.035,0.50268,2053
27,6,age_bin,mlp_h128,0.001,0.0,1.03458,0.50122,2053
27,6,age_bin,attention,0.0001,1e-05,3.05652,0.4375,2053
27,6,age_bin,shuffled,0.01,0.0001,1.47968,0.31271,2053
27,6,gender,ema_lr1e-3,0.001,0.0001,0.97217,0.53824,2053
27,6,gender,ema_lr5e-3,0.005,0.0001,0.92497,0.52021,2053
27,6,gender,ema_lr1e-2,0.01,0.0001,0.83886,0.55918,2053
27,6,gender,ema_lr5e-2,0.05,0.0001,0.76276,0.54359,2053
27,6,gender,ema_lr1e-2_wd1e-3,0.01,0.001,0.86224,0.52996,2053
27,6,gender,ema_d0.99,0.01,0.0001,1.02738,0.453,2053
27,6,gender,ema_d0.9999,0.01,0.0001,0.999,0.49976,2053
27,6,gender,mlp_h16,0.001,0.0,0.6676,0.60984,2053
27,6,gender,mlp_h32,0.001,0.0,0.65759,0.62299,2053
27,6,gender,mlp_h64,0.001,0.0,0.65339,0.61861,2053
27,6,gender,mlp_h128,0.001,0.0,0.65652,0.60594,2053
27,6,gender,attention,0.0001,1e-05,2.0925,0.42969,2053
27,6,gender,shuffled,0.01,0.0001,0.96383,0.51632,2053
27,6,star_sign,ema_lr1e-3,0.001,0.0001,3.13477,0.11106,2053
27,6,star_sign,ema_lr5e-3,0.005,0.0001,3.18794,0.09596,2053
27,6,star_sign,ema_lr1e-2,0.01,0.0001,2.89083,0.12811,2053
27,6,star_sign,ema_lr5e-2,0.05,0.0001,1.86354,0.42426,2053
27,6,star_sign,ema_lr1e-2_wd1e-3,0.01,0.001,2.99181,0.08914,2053
27,6,star_sign,ema_d0.99,0.01,0.0001,2.96108,0.09401,2053
27,6,star_sign,ema_d0.9999,0.01,0.0001,3.03978,0.09109,2053
27,6,star_sign,mlp_h16,0.001,0.0,2.17227,0.39893,2053
27,6,star_sign,mlp_h32,0.001,0.0,1.77155,0.91671,2053
27,6,star_sign,mlp_h64,0.001,0.0,1.01347,1.0,2053
27,6,star_sign,mlp_h128,0.001,0.0,0.22692,1.0,2053
27,6,star_sign,attention,0.0001,1e-05,0.41898,0.875,2053
27,6,star_sign,shuffled,0.01,0.0001,2.84676,0.11788,2053
28,0,age_bin,ema_lr1e-3,0.001,0.0001,1.63474,0.33202,1771
28,0,age_bin,ema_lr5e-3,0.005,0.0001,1.55297,0.34105,1771
28,0,age_bin,ema_lr1e-2,0.01,0.0001,1.44202,0.3467,1771
28,0,age_bin,ema_lr5e-2,0.05,0.0001,1.17003,0.41841,1771
28,0,age_bin,ema_lr1e-2_wd1e-3,0.01,0.001,1.39847,0.37888,1771
28,0,age_bin,ema_d0.99,0.01,0.0001,1.4688,0.36251,1771
28,0,age_bin,ema_d0.9999,0.01,0.0001,1.41926,0.3467,1771
28,0,age_bin,mlp_h16,0.001,0.0,0.9953,0.58216,1771
28,0,age_bin,mlp_h32,0.001,0.0,0.98294,0.57877,1771
28,0,age_bin,mlp_h64,0.001,0.0,0.96879,0.58272,1771
28,0,age_bin,mlp_h128,0.001,0.0,0.96354,0.58216,1771
28,0,age_bin,attention,0.0001,1e-05,1.08394,0.52344,1771
28,0,age_bin,shuffled,0.01,0.0001,1.48966,0.31621,1771
28,0,gender,ema_lr1e-3,0.001,0.0001,1.14371,0.49577,1771
28,0,gender,ema_lr5e-3,0.005,0.0001,0.98807,0.51666,1771
28,0,gender,ema_lr1e-2,0.01,0.0001,0.93359,0.48786,1771
28,0,gender,ema_lr5e-2,0.05,0.0001,0.8035,0.51666,1771
28,0,gender,ema_lr1e-2_wd1e-3,0.01,0.001,0.96429,0.48955,1771
28,0,gender,ema_d0.99,0.01,0.0001,0.96839,0.49125,1771
28,0,gender,ema_d0.9999,0.01,0.0001,0.93216,0.4952,1771
28,0,gender,mlp_h16,0.001,0.0,0.69256,0.51948,1771
28,0,gender,mlp_h32,0.001,0.0,0.69494,0.51722,1771
28,0,gender,mlp_h64,0.001,0.0,0.69378,0.51496,1771
28,0,gender,mlp_h128,0.001,0.0,0.69856,0.5127,1771
28,0,gender,attention,0.0001,1e-05,0.69256,0.53125,1771
28,0,gender,shuffled,0.01,0.0001,0.99307,0.47431,1771
28,0,star_sign,ema_lr1e-3,0.001,0.0001,3.2491,0.10559,1771
28,0,star_sign,ema_lr5e-3,0.005,0.0001,3.05542,0.07905,1771
28,0,star_sign,ema_lr1e-2,0.01,0.0001,2.95539,0.14794,1771
28,0,star_sign,ema_lr5e-2,0.05,0.0001,1.83504,0.49294,1771
28,0,star_sign,ema_lr1e-2_wd1e-3,0.01,0.001,2.99915,0.12818,1771
28,0,star_sign,ema_d0.99,0.01,0.0001,2.96939,0.1118,1771
28,0,star_sign,ema_d0.9999,0.01,0.0001,2.88246,0.07792,1771
28,0,star_sign,mlp_h16,0.001,0.0,1.64625,0.88763,1771
28,0,star_sign,mlp_h32,0.001,0.0,1.38481,0.98306,1771
28,0,star_sign,mlp_h64,0.001,0.0,1.2688,0.99661,1771
28,0,star_sign,mlp_h128,0.001,0.0,0.2791,1.0,1771
28,0,star_sign,attention,0.0001,1e-05,2.43254,1.0,1771
28,0,star_sign,shuffled,0.01,0.0001,2.93801,0.09034,1771
28,4,age_bin,ema_lr1e-3,0.001,0.0001,1.39462,0.34161,1771
28,4,age_bin,ema_lr5e-3,0.005,0.0001,1.36921,0.34726,1771
28,4,age_bin,ema_lr1e-2,0.01,0.0001,1.32487,0.32693,1771
28,4,age_bin,ema_lr5e-2,0.05,0.0001,1.1523,0.38961,1771
28,4,age_bin,ema_lr1e-2_wd1e-3,0.01,0.001,1.3806,0.33032,1771
28,4,age_bin,ema_d0.99,0.01,0.0001,1.3339,0.32185,1771
28,4,age_bin,ema_d0.9999,0.01,0.0001,1.43549,0.31903,1771
28,4,age_bin,mlp_h16,0.001,0.0,0.97552,0.5782,1771
28,4,age_bin,mlp_h32,0.001,0.0,0.97094,0.58103,1771
28,4,age_bin,mlp_h64,0.001,0.0,0.9617,0.58216,1771
28,4,age_bin,mlp_h128,0.001,0.0,0.96835,0.58103,1771
28,4,age_bin,attention,0.0001,1e-05,1.02796,0.52344,1771
28,4,age_bin,shuffled,0.01,0.0001,1.43632,0.32185,1771
28,4,gender,ema_lr1e-3,0.001,0.0001,1.07867,0.49181,1771
28,4,gender,ema_lr5e-3,0.005,0.0001,0.98665,0.47544,1771
28,4,gender,ema_lr1e-2,0.01,0.0001,0.87898,0.52626,1771
28,4,gender,ema_lr5e-2,0.05,0.0001,0.79293,0.47487,1771
28,4,gender,ema_lr1e-2_wd1e-3,0.01,0.001,0.88379,0.47939,1771
28,4,gender,ema_d0.99,0.01,0.0001,0.82451,0.524,1771
28,4,gender,ema_d0.9999,0.01,0.0001,0.91599,0.47995,1771
28,4,gender,mlp_h16,0.001,0.0,0.69188,0.51666,1771
28,4,gender,mlp_h32,0.001,0.0,0.69012,0.53868,1771
28,4,gender,mlp_h64,0.001,0.0,0.6928,0.53811,1771
28,4,gender,mlp_h128,0.001,0.0,0.69301,0.52851,1771
28,4,gender,attention,0.0001,1e-05,0.68135,0.57031,1771
28,4,gender,shuffled,0.01,0.0001,0.87393,0.49351,1771
28,4,star_sign,ema_lr1e-3,0.001,0.0001,2.95936,0.12648,1771
28,4,star_sign,ema_lr5e-3,0.005,0.0001,3.04648,0.09712,1771
28,4,star_sign,ema_lr1e-2,0.01,0.0001,2.76925,0.12084,1771
28,4,star_sign,ema_lr5e-2,0.05,0.0001,1.69227,0.49238,1771
28,4,star_sign,ema_lr1e-2_wd1e-3,0.01,0.001,2.6835,0.15246,1771
28,4,star_sign,ema_d0.99,0.01,0.0001,2.73005,0.12535,1771
28,4,star_sign,ema_d0.9999,0.01,0.0001,2.7635,0.06211,1771
28,4,star_sign,mlp_h16,0.001,0.0,1.85694,0.33371,1771
28,4,star_sign,mlp_h32,0.001,0.0,1.04069,1.0,1771
28,4,star_sign,mlp_h64,0.001,0.0,0.42773,1.0,1771
28,4,star_sign,mlp_h128,0.001,0.0,0.13125,1.0,1771
28,4,star_sign,attention,0.0001,1e-05,2.00124,1.0,1771
28,4,star_sign,shuffled,0.01,0.0001,2.82688,0.15189,1771
28,6,age_bin,ema_lr1e-3,0.001,0.0001,1.66208,0.32524,1771
28,6,age_bin,ema_lr5e-3,0.005,0.0001,1.52495,0.3467,1771
28,6,age_bin,ema_lr1e-2,0.01,0.0001,1.44855,0.35121,1771
28,6,age_bin,ema_lr5e-2,0.05,0.0001,1.20534,0.38058,1771
28,6,age_bin,ema_lr1e-2_wd1e-3,0.01,0.001,1.51231,0.31959,1771
28,6,age_bin,ema_d0.99,0.01,0.0001,1.56405,0.30661,1771
28,6,age_bin,ema_d0.9999,0.01,0.0001,1.41547,0.3546,1771
28,6,age_bin,mlp_h16,0.001,0.0,1.03155,0.53077,1771
28,6,age_bin,mlp_h32,0.001,0.0,1.01912,0.5432,1771
28,6,age_bin,mlp_h64,0.001,0.0,0.96369,0.58442,1771
28,6,age_bin,mlp_h128,0.001,0.0,0.94874,0.58442,1771
28,6,age_bin,attention,0.0001,1e-05,2.80927,0.4375,1771
28,6,age_bin,shuffled,0.01,0.0001,1.40259,0.34105,1771
28,6,gender,ema_lr1e-3,0.001,0.0001,1.08337,0.48786,1771
28,6,gender,ema_lr5e-3,0.005,0.0001,0.97347,0.49012,1771
28,6,gender,ema_lr1e-2,0.01,0.0001,0.94817,0.47487,1771
28,6,gender,ema_lr5e-2,0.05,0.0001,0.7556,0.54376,1771
28,6,gender,ema_lr1e-2_wd1e-3,0.01,0.001,0.97396,0.49577,1771
28,6,gender,ema_d0.99,0.01,0.0001,0.96157,0.49181,1771
28,6,gender,ema_d0.9999,0.01,0.0001,0.98218,0.49125,1771
28,6,gender,mlp_h16,0.001,0.0,0.69861,0.49802,1771
28,6,gender,mlp_h32,0.001,0.0,0.7152,0.49012,1771
28,6,gender,mlp_h64,0.001,0.0,0.70482,0.50706,1771
28,6,gender,mlp_h128,0.001,0.0,0.71398,0.51835,1771
28,6,gender,attention,0.0001,1e-05,1.64813,0.57812,1771
28,6,gender,shuffled,0.01,0.0001,0.92577,0.50141,1771
28,6,star_sign,ema_lr1e-3,0.001,0.0001,3.28802,0.08922,1771
28,6,star_sign,ema_lr5e-3,0.005,0.0001,3.01556,0.12648,1771
28,6,star_sign,ema_lr1e-2,0.01,0.0001,2.98366,0.10954,1771
28,6,star_sign,ema_lr5e-2,0.05,0.0001,1.87137,0.42857,1771
28,6,star_sign,ema_lr1e-2_wd1e-3,0.01,0.001,2.98681,0.11124,1771
28,6,star_sign,ema_d0.99,0.01,0.0001,3.08825,0.083,1771
28,6,star_sign,ema_d0.9999,0.01,0.0001,2.8758,0.10954,1771
28,6,star_sign,mlp_h16,0.001,0.0,2.13789,0.43761,1771
28,6,star_sign,mlp_h32,0.001,0.0,1.68933,0.94918,1771
28,6,star_sign,mlp_h64,0.001,0.0,0.92012,1.0,1771
28,6,star_sign,mlp_h128,0.001,0.0,0.19719,1.0,1771
28,6,star_sign,attention,0.0001,1e-05,0.15941,0.95312,1771
28,6,star_sign,shuffled,0.01,0.0001,2.83267,0.12818,1771
29,0,age_bin,ema_lr1e-3,0.001,0.0001,1.6659,0.32978,2253
29,0,age_bin,ema_lr5e-3,0.005,0.0001,1.5897,0.33422,2253
29,0,age_bin,ema_lr1e-2,0.01,0.0001,1.52649,0.3431,2253
29,0,age_bin,ema_lr5e-2,0.05,0.0001,1.27769,0.35908,2253
29,0,age_bin,ema_lr1e-2_wd1e-3,0.01,0.001,1.45841,0.34887,2253
29,0,age_bin,ema_d0.99,0.01,0.0001,1.52926,0.33688,2253
29,0,age_bin,ema_d0.9999,0.01,0.0001,1.43345,0.34931,2253
29,0,age_bin,mlp_h16,0.001,0.0,1.14483,0.32579,2253
29,0,age_bin,mlp_h32,0.001,0.0,1.15661,0.32756,2253
29,0,age_bin,mlp_h64,0.001,0.0,1.1775,0.32623,2253
29,0,age_bin,mlp_h128,0.001,0.0,1.1784,0.32668,2253
29,0,age_bin,attention,0.0001,1e-05,1.09553,0.375,2253
29,0,age_bin,shuffled,0.01,0.0001,1.4887,0.32135,2253
29,0,gender,ema_lr1e-3,0.001,0.0001,1.15115,0.49845,2253
29,0,gender,ema_lr5e-3,0.005,0.0001,0.98409,0.51398,2253
29,0,gender,ema_lr1e-2,0.01,0.0001,0.92681,0.50466,2253
29,0,gender,ema_lr5e-2,0.05,0.0001,0.8216,0.49356,2253
29,0,gender,ema_lr1e-2_wd1e-3,0.01,0.001,0.98917,0.49356,2253
29,0,gender,ema_d0.99,0.01,0.0001,0.93679,0.498,2253
29,0,gender,ema_d0.9999,0.01,0.0001,0.97759,0.49756,2253
29,0,gender,mlp_h16,0.001,0.0,0.70066,0.50155,2253
29,0,gender,mlp_h32,0.001,0.0,0.6941,0.52463,2253
29,0,gender,mlp_h64,0.001,0.0,0.69444,0.51842,2253
29,0,gender,mlp_h128,0.001,0.0,0.69263,0.52064,2253
29,0,gender,attention,0.0001,1e-05,0.69353,0.45312,2253
29,0,gender,shuffled,0.01,0.0001,0.96052,0.50688,2253
29,0,star_sign,ema_lr1e-3,0.001,0.0001,3.22301,0.10919,2253
29,0,star_sign,ema_lr5e-3,0.005,0.0001,3.05053,0.08478,2253
29,0,star_sign,ema_lr1e-2,0.01,0.0001,3.02735,0.15757,2253
29,0,star_sign,ema_lr5e-2,0.05,0.0001,1.87661,0.48913,2253
29,0,star_sign,ema_lr1e-2_wd1e-3,0.01,0.001,2.92836,0.13626,2253
29,0,star_sign,ema_d0.99,0.01,0.0001,2.9322,0.10874,2253
29,0,star_sign,ema_d0.9999,0.01,0.0001,2.89706,0.09454,2253
29,0,star_sign,mlp_h16,0.001,0.0,1.60317,0.90901,2253
29,0,star_sign,mlp_h32,0.001,0.0,1.366,0.98358,2253
29,0,star_sign,mlp_h64,0.001,0.0,1.23219,0.99956,2253
29,0,star_sign,mlp_h128,0.001,0.0,0.2592,1.0,2253
29,0,star_sign,attention,0.0001,1e-05,2.4301,1.0,2253
29,0,star_sign,shuffled,0.01,0.0001,2.93572,0.08833,2253
29,4,age_bin,ema_lr1e-3,0.001,0.0001,1.44701,0.33023,2253
29,4,age_bin,ema_lr5e-3,0.005,0.0001,1.41807,0.34043,2253
29,4,age_bin,ema_lr1e-2,0.01,0.0001,1.32294,0.3573,2253
29,4,age_bin,ema_lr5e-2,0.05,0.0001,1.2691,0.32312,2253
29,4,age_bin,ema_lr1e-2_wd1e-3,0.01,0.001,1.40945,0.32002,2253
29,4,age_bin,ema_d0.99,0.01,0.0001,1.3485,0.33245,2253
29,4,age_bin,ema_d0.9999,0.01,0.0001,1.41823,0.33289,2253
29,4,age_bin,mlp_h16,0.001,0.0,1.18997,0.3249,2253
29,4,age_bin,mlp_h32,0.001,0.0,1.18168,0.32579,2253
29,4,age_bin,mlp_h64,0.001,0.0,1.18606,0.32357,2253
29,4,age_bin,mlp_h128,0.001,0.0,1.1604,0.32534,2253
29,4,age_bin,attention,0.0001,1e-05,1.11852,0.375,2253
29,4,age_bin,shuffled,0.01,0.0001,1.43699,0.32268,2253
29,4,gender,ema_lr1e-3,0.001,0.0001,1.10699,0.47048,2253
29,4,gender,ema_lr5e-3,0.005,0.0001,0.9778,0.48868,2253
29,4,gender,ema_lr1e-2,0.01,0.0001,0.85896,0.53484,2253
29,4,gender,ema_lr5e-2,0.05,0.0001,0.75552,0.53262,2253
29,4,gender,ema_lr1e-2_wd1e-3,0.01,0.001,0.88204,0.49667,2253
29,4,gender,ema_d0.99,0.01,0.0001,0.86792,0.49312,2253
29,4,gender,ema_d0.9999,0.01,0.0001,0.90435,0.48913,2253
29,4,gender,mlp_h16,0.001,0.0,0.69421,0.51176,2253
29,4,gender,mlp_h32,0.001,0.0,0.69409,0.51487,2253
29,4,gender,mlp_h64,0.001,0.0,0.69391,0.53085,2253
29,4,gender,mlp_h128,0.001,0.0,0.69387,0.5233,2253
29,4,gender,attention,0.0001,1e-05,0.67739,0.57031,2253
29,4,gender,shuffled,0.01,0.0001,0.88812,0.48557,2253
29,4,star_sign,ema_lr1e-3,0.001,0.0001,3.10712,0.0901,2253
29,4,star_sign,ema_lr5e-3,0.005,0.0001,3.03033,0.09632,2253
29,4,star_sign,ema_lr1e-2,0.01,0.0001,2.74657,0.12783,2253
29,4,star_sign,ema_lr5e-2,0.05,0.0001,1.70446,0.47936,2253
29,4,star_sign,ema_lr1e-2_wd1e-3,0.01,0.001,2.6662,0.15668,2253
29,4,star_sign,ema_d0.99,0.01,0.0001,2.6898,0.13493,2253
29,4,star_sign,ema_d0.9999,0.01,0.0001,2.73316,0.06613,2253
29,4,star_sign,mlp_h16,0.001,0.0,1.87998,0.32756,2253
29,4,star_sign,mlp_h32,0.001,0.0,1.00231,1.0,2253
29,4,star_sign,mlp_h64,0.001,0.0,0.37714,1.0,2253
29,4,star_sign,mlp_h128,0.001,0.0,0.10707,1.0,2253
29,4,star_sign,attention,0.0001,1e-05,1.99772,0.98438,2253
29,4,star_sign,shuffled,0.01,0.0001,2.75769,0.15757,2253
29,6,age_bin,ema_lr1e-3,0.001,0.0001,1.62778,0.34532,2253
29,6,age_bin,ema_lr5e-3,0.005,0.0001,1.60632,0.32845,2253
29,6,age_bin,ema_lr1e-2,0.01,0.0001,1.44173,0.37861,2253
29,6,age_bin,ema_lr5e-2,0.05,0.0001,1.30966,0.35064,2253
29,6,age_bin,ema_lr1e-2_wd1e-3,0.01,0.001,1.37115,0.37417,2253
29,6,age_bin,ema_d0.99,0.01,0.0001,1.53144,0.32268,2253
29,6,age_bin,ema_d0.9999,0.01,0.0001,1.45384,0.33555,2253
29,6,age_bin,mlp_h16,0.001,0.0,1.1125,0.36485,2253
29,6,age_bin,mlp_h32,0.001,0.0,1.10284,0.37683,2253
29,6,age_bin,mlp_h64,0.001,0.0,1.15376,0.336,2253
29,6,age_bin,mlp_h128,0.001,0.0,1.16343,0.34443,2253
29,6,age_bin,attention,0.0001,1e-05,3.19574,0.38281,2253
29,6,age_bin,shuffled,0.01,0.0001,1.46735,0.33866,2253
29,6,gender,ema_lr1e-3,0.001,0.0001,1.03555,0.50422,2253
29,6,gender,ema_lr5e-3,0.005,0.0001,1.00997,0.49356,2253
29,6,gender,ema_lr1e-2,0.01,0.0001,0.88761,0.52552,2253
29,6,gender,ema_lr5e-2,0.05,0.0001,0.79527,0.50777,2253
29,6,gender,ema_lr1e-2_wd1e-3,0.01,0.001,0.93591,0.51132,2253
29,6,gender,ema_d0.99,0.01,0.0001,0.94508,0.49134,2253
29,6,gender,ema_d0.9999,0.01,0.0001,0.88474,0.54416,2253
29,6,gender,mlp_h16,0.001,0.0,0.68951,0.53662,2253
29,6,gender,mlp_h32,0.001,0.0,0.69162,0.53839,2253
29,6,gender,mlp_h64,0.001,0.0,0.69681,0.52996,2253
29,6,gender,mlp_h128,0.001,0.0,0.69171,0.54638,2253
29,6,gender,attention,0.0001,1e-05,1.65138,0.53125,2253
29,6,gender,shuffled,0.01,0.0001,0.9314,0.48913,2253
29,6,star_sign,ema_lr1e-3,0.001,0.0001,3.2568,0.09543,2253
29,6,star_sign,ema_lr5e-3,0.005,0.0001,3.30498,0.09365,2253
29,6,star_sign,ema_lr1e-2,0.01,0.0001,3.12489,0.1012,2253
29,6,star_sign,ema_lr5e-2,0.05,0.0001,1.74798,0.47048,2253
29,6,star_sign,ema_lr1e-2_wd1e-3,0.01,0.001,2.83623,0.12295,2253
29,6,star_sign,ema_d0.99,0.01,0.0001,2.92911,0.10475,2253
29,6,star_sign,ema_d0.9999,0.01,0.0001,3.0109,0.10297,2253
29,6,star_sign,mlp_h16,0.001,0.0,2.1389,0.42965,2253
29,6,star_sign,mlp_h32,0.001,0.0,1.69058,0.93564,2253
29,6,star_sign,mlp_h64,0.001,0.0,0.89815,1.0,2253
29,6,star_sign,mlp_h128,0.001,0.0,0.16461,1.0,2253
29,6,star_sign,attention,0.0001,1e-05,0.18938,0.94531,2253
29,6,star_sign,shuffled,0.01,0.0001,2.81447,0.14381,2253
30,0,age_bin,ema_lr1e-3,0.001,0.0001,1.70949,0.30005,1883
30,0,age_bin,ema_lr5e-3,0.005,0.0001,1.46036,0.34572,1883
30,0,age_bin,ema_lr1e-2,0.01,0.0001,1.48213,0.30855,1883
30,0,age_bin,ema_lr5e-2,0.05,0.0001,1.25711,0.37387,1883
30,0,age_bin,ema_lr1e-2_wd1e-3,0.01,0.001,1.45067,0.32873,1883
30,0,age_bin,ema_d0.99,0.01,0.0001,1.46841,0.35475,1883
30,0,age_bin,ema_d0.9999,0.01,0.0001,1.47489,0.32023,1883
30,0,age_bin,mlp_h16,0.001,0.0,1.05863,0.4769,1883
30,0,age_bin,mlp_h32,0.001,0.0,1.06761,0.4769,1883
30,0,age_bin,mlp_h64,0.001,0.0,1.07623,0.47531,1883
30,0,age_bin,mlp_h128,0.001,0.0,1.08038,0.4769,1883
30,0,age_bin,attention,0.0001,1e-05,1.09118,0.4375,1883
30,0,age_bin,shuffled,0.01,0.0001,1.46262,0.33245,1883
30,0,gender,ema_lr1e-3,0.001,0.0001,1.12567,0.49761,1883
30,0,gender,ema_lr5e-3,0.005,0.0001,0.99206,0.50133,1883
30,0,gender,ema_lr1e-2,0.01,0.0001,0.89884,0.51514,1883
30,0,gender,ema_lr5e-2,0.05,0.0001,0.79696,0.51301,1883
30,0,gender,ema_lr1e-2_wd1e-3,0.01,0.001,0.93406,0.49549,1883
30,0,gender,ema_d0.99,0.01,0.0001,0.94044,0.49336,1883
30,0,gender,ema_d0.9999,0.01,0.0001,0.96923,0.48062,1883
30,0,gender,mlp_h16,0.001,0.0,0.69297,0.53001,1883
30,0,gender,mlp_h32,0.001,0.0,0.69085,0.53638,1883
30,0,gender,mlp_h64,0.001,0.0,0.69244,0.51726,1883
30,0,gender,mlp_h128,0.001,0.0,0.68965,0.53001,1883
30,0,gender,attention,0.0001,1e-05,0.69194,0.51562,1883
30,0,gender,shuffled,0.01,0.0001,0.95157,0.49814,1883
30,0,star_sign,ema_lr1e-3,0.001,0.0001,3.26391,0.1179,1883
30,0,star_sign,ema_lr5e-3,0.005,0.0001,3.03587,0.06904,1883
30,0,star_sign,ema_lr1e-2,0.01,0.0001,2.95818,0.14604,1883
30,0,star_sign,ema_lr5e-2,0.05,0.0001,1.78731,0.51832,1883
30,0,star_sign,ema_lr1e-2_wd1e-3,0.01,0.001,2.87277,0.14233,1883
30,0,star_sign,ema_d0.99,0.01,0.0001,2.89825,0.11312,1883
30,0,star_sign,ema_d0.9999,0.01,0.0001,2.87861,0.08603,1883
30,0,star_sign,mlp_h16,0.001,0.0,1.58742,0.8991,1883
30,0,star_sign,mlp_h32,0.001,0.0,1.30149,0.98725,1883
30,0,star_sign,mlp_h64,0.001,0.0,1.15985,0.99894,1883
30,0,star_sign,mlp_h128,0.001,0.0,0.22262,1.0,1883
30,0,star_sign,attention,0.0001,1e-05,2.42699,1.0,1883
30,0,star_sign,shuffled,0.01,0.0001,2.89596,0.08763,1883
30,4,age_bin,ema_lr1e-3,0.001,0.0001,1.41701,0.34679,1883
30,4,age_bin,ema_lr5e-3,0.005,0.0001,1.44228,0.32714,1883
30,4,age_bin,ema_lr1e-2,0.01,0.0001,1.26403,0.37228,1883
30,4,age_bin,ema_lr5e-2,0.05,0.0001,1.21234,0.37493,1883
30,4,age_bin,ema_lr1e-2_wd1e-3,0.01,0.001,1.43037,0.30749,1883
30,4,age_bin,ema_d0.99,0.01,0.0001,1.29606,0.3505,1883
30,4,age_bin,ema_d0.9999,0.01,0.0001,1.40858,0.33776,1883
30,4,age_bin,mlp_h16,0.001,0.0,1.08312,0.47424,1883
30,4,age_bin,mlp_h32,0.001,0.0,1.08007,0.47637,1883
30,4,age_bin,mlp_h64,0.001,0.0,1.07621,0.47637,1883
30,4,age_bin,mlp_h128,0.001,0.0,1.07027,0.47955,1883
30,4,age_bin,attention,0.0001,1e-05,1.08666,0.4375,1883
30,4,age_bin,shuffled,0.01,0.0001,1.394,0.33192,1883
30,4,gender,ema_lr1e-3,0.001,0.0001,1.05479,0.48062,1883
30,4,gender,ema_lr5e-3,0.005,0.0001,0.94331,0.4923,1883
30,4,gender,ema_lr1e-2,0.01,0.0001,0.88724,0.51142,1883
30,4,gender,ema_lr5e-2,0.05,0.0001,0.74268,0.52523,1883
30,4,gender,ema_lr1e-2_wd1e-3,0.01,0.001,0.90232,0.48062,1883
30,4,gender,ema_d0.99,0.01,0.0001,0.85515,0.50345,1883
30,4,gender,ema_d0.9999,0.01,0.0001,0.87675,0.50398,1883
30,4,gender,mlp_h16,0.001,0.0,0.68981,0.54434,1883
30,4,gender,mlp_h32,0.001,0.0,0.69154,0.53425,1883
30,4,gender,mlp_h64,0.001,0.0,0.69126,0.52841,1883
30,4,gender,mlp_h128,0.001,0.0,0.69393,0.51779,1883
30,4,gender,attention,0.0001,1e-05,0.71364,0.45312,1883
30,4,gender,shuffled,0.01,0.0001,0.87754,0.48858,1883
30,4,star_sign,ema_lr1e-3,0.001,0.0001,3.04412,0.11312,1883
30,4,star_sign,ema_lr5e-3,0.005,0.0001,2.95372,0.11312,1883
30,4,star_sign,ema_lr1e-2,0.01,0.0001,2.67893,0.12799,1883
30,4,star_sign,ema_lr5e-2,0.05,0.0001,1.66425,0.4923,1883
30,4,star_sign,ema_lr1e-2_wd1e-3,0.01,0.001,2.70559,0.15348,1883
30,4,star_sign,ema_d0.99,0.01,0.0001,2.71687,0.14657,1883
30,4,star_sign,ema_d0.9999,0.01,0.0001,2.74694,0.06798,1883
30,4,star_sign,mlp_h16,0.001,0.0,1.82326,0.37706,1883
30,4,star_sign,mlp_h32,0.001,0.0,0.95432,1.0,1883
30,4,star_sign,mlp_h64,0.001,0.0,0.32903,1.0,1883
30,4,star_sign,mlp_h128,0.001,0.0,0.08822,1.0,1883
30,4,star_sign,attention,0.0001,1e-05,1.98518,1.0,1883
30,4,star_sign,shuffled,0.01,0.0001,2.75974,0.16782,1883
30,6,age_bin,ema_lr1e-3,0.001,0.0001,1.684,0.30324,1883
30,6,age_bin,ema_lr5e-3,0.005,0.0001,1.68094,0.33776,1883
30,6,age_bin,ema_lr1e-2,0.01,0.0001,1.50078,0.33192,1883
30,6,age_bin,ema_lr5e-2,0.05,0.0001,1.24085,0.38078,1883
30,6,age_bin,ema_lr1e-2_wd1e-3,0.01,0.001,1.49261,0.33192,1883
30,6,age_bin,ema_d0.99,0.01,0.0001,1.55045,0.32979,1883
30,6,age_bin,ema_d0.9999,0.01,0.0001,1.45024,0.32289,1883
30,6,age_bin,mlp_h16,0.001,0.0,1.04324,0.47743,1883
30,6,age_bin,mlp_h32,0.001,0.0,1.04233,0.48008,1883
30,6,age_bin,mlp_h64,0.001,0.0,1.07141,0.47902,1883
30,6,age_bin,mlp_h128,0.001,0.0,1.06382,0.48964,1883
30,6,age_bin,attention,0.0001,1e-05,2.8619,0.39844,1883
30,6,age_bin,shuffled,0.01,0.0001,1.427,0.3367,1883
30,6,gender,ema_lr1e-3,0.001,0.0001,1.03266,0.49655,1883
30,6,gender,ema_lr5e-3,0.005,0.0001,0.97605,0.48327,1883
30,6,gender,ema_lr1e-2,0.01,0.0001,0.94673,0.50398,1883
30,6,gender,ema_lr5e-2,0.05,0.0001,0.80465,0.49602,1883
30,6,gender,ema_lr1e-2_wd1e-3,0.01,0.001,0.95183,0.49389,1883
30,6,gender,ema_d0.99,0.01,0.0001,0.90729,0.5401,1883
30,6,gender,ema_d0.9999,0.01,0.0001,1.00728,0.46734,1883
30,6,gender,mlp_h16,0.001,0.0,0.70026,0.52735,1883
30,6,gender,mlp_h32,0.001,0.0,0.71397,0.51779,1883
30,6,gender,mlp_h64,0.001,0.0,0.71899,0.52947,1883
30,6,gender,mlp_h128,0.001,0.0,0.73801,0.51036,1883
30,6,gender,attention,0.0001,1e-05,1.68353,0.48438,1883
30,6,gender,shuffled,0.01,0.0001,0.92459,0.48593,1883
30,6,star_sign,ema_lr1e-3,0.001,0.0001,3.31886,0.09347,1883
30,6,star_sign,ema_lr5e-3,0.005,0.0001,3.13939,0.11046,1883
30,6,star_sign,ema_lr1e-2,0.01,0.0001,2.94182,0.10621,1883
30,6,star_sign,ema_lr5e-2,0.05,0.0001,1.77188,0.4615,1883
30,6,star_sign,ema_lr1e-2_wd1e-3,0.01,0.001,2.88529,0.12427,1883
30,6,star_sign,ema_d0.99,0.01,0.0001,2.88957,0.10196,1883
30,6,star_sign,ema_d0.9999,0.01,0.0001,3.0181,0.08656,1883
30,6,star_sign,mlp_h16,0.001,0.0,2.09428,0.45353,1883
30,6,star_sign,mlp_h32,0.001,0.0,1.60891,0.96548,1883
30,6,star_sign,mlp_h64,0.001,0.0,0.83122,1.0,1883
30,6,star_sign,mlp_h128,0.001,0.0,0.14078,1.0,1883
30,6,star_sign,attention,0.0001,1e-05,0.25187,0.89062,1883
30,6,star_sign,shuffled,0.01,0.0001,2.94769,0.10621,1883
31,0,age_bin,ema_lr1e-3,0.001,0.0001,1.6243,0.33333,1977
31,0,age_bin,ema_lr5e-3,0.005,0.0001,1.59753,0.3045,1977
31,0,age_bin,ema_lr1e-2,0.01,0.0001,1.48146,0.34497,1977
31,0,age_bin,ema_lr5e-2,0.05,0.0001,1.19742,0.41072,1977
31,0,age_bin,ema_lr1e-2_wd1e-3,0.01,0.001,1.44369,0.35559,1977
31,0,age_bin,ema_d0.99,0.01,0.0001,1.49327,0.32625,1977
31,0,age_bin,ema_d0.9999,0.01,0.0001,1.41823,0.35255,1977
31,0,age_bin,mlp_h16,0.001,0.0,1.02054,0.53869,1977
31,0,age_bin,mlp_h32,0.001,0.0,1.01079,0.53617,1977
31,0,age_bin,mlp_h64,0.001,0.0,1.00162,0.54021,1977
31,0,age_bin,mlp_h128,0.001,0.0,0.99973,0.53768,1977
31,0,age_bin,attention,0.0001,1e-05,1.08348,0.51562,1977
31,0,age_bin,shuffled,0.01,0.0001,1.46042,0.32929,1977
31,0,gender,ema_lr1e-3,0.001,0.0001,1.11041,0.50784,1977
31,0,gender,ema_lr5e-3,0.005,0.0001,0.9648,0.5043,1977
31,0,gender,ema_lr1e-2,0.01,0.0001,0.90815,0.50379,1977
31,0,gender,ema_lr5e-2,0.05,0.0001,0.79604,0.50733,1977
31,0,gender,ema_lr1e-2_wd1e-3,0.01,0.001,0.95289,0.48457,1977
31,0,gender,ema_d0.99,0.01,0.0001,0.91965,0.5134,1977
31,0,gender,ema_d0.9999,0.01,0.0001,0.92279,0.51037,1977
31,0,gender,mlp_h16,0.001,0.0,0.69183,0.54375,1977
31,0,gender,mlp_h32,0.001,0.0,0.68979,0.53971,1977
31,0,gender,mlp_h64,0.001,0.0,0.69192,0.53263,1977
31,0,gender,mlp_h128,0.001,0.0,0.69033,0.54527,1977
31,0,gender,attention,0.0001,1e-05,0.69197,0.57031,1977
31,0,gender,shuffled,0.01,0.0001,0.95561,0.49368,1977
31,0,star_sign,ema_lr1e-3,0.001,0.0001,3.23523,0.10723,1977
31,0,star_sign,ema_lr5e-3,0.005,0.0001,3.01308,0.08194,1977
31,0,star_sign,ema_lr1e-2,0.01,0.0001,2.88542,0.17501,1977
31,0,star_sign,ema_lr5e-2,0.05,0.0001,1.74261,0.55994,1977
31,0,star_sign,ema_lr1e-2_wd1e-3,0.01,0.001,2.87901,0.12797,1977
31,0,star_sign,ema_d0.99,0.01,0.0001,2.94948,0.1042,1977
31,0,star_sign,ema_d0.9999,0.01,0.0001,2.89054,0.08649,1977
31,0,star_sign,mlp_h16,0.001,0.0,1.56831,0.90541,1977
31,0,star_sign,mlp_h32,0.001,0.0,1.27587,0.99241,1977
31,0,star_sign,mlp_h64,0.001,0.0,1.11708,0.99899,1977
31,0,star_sign,mlp_h128,0.001,0.0,0.20178,1.0,1977
31,0,star_sign,attention,0.0001,1e-05,2.42398,1.0,1977
31,0,star_sign,shuffled,0.01,0.0001,2.87405,0.08447,1977
31,4,age_bin,ema_lr1e-3,0.001,0.0001,1.38181,0.348,1977
31,4,age_bin,ema_lr5e-3,0.005,0.0001,1.33812,0.34952,1977
31,4,age_bin,ema_lr1e-2,0.01,0.0001,1.37869,0.30905,1977
31,4,age_bin,ema_lr5e-2,0.05,0.0001,1.22059,0.35559,1977
31,4,age_bin,ema_lr1e-2_wd1e-3,0.01,0.001,1.40955,0.31816,1977
31,4,age_bin,ema_d0.99,0.01,0.0001,1.31443,0.33384,1977
31,4,age_bin,ema_d0.9999,0.01,0.0001,1.3278,0.36115,1977
31,4,age_bin,mlp_h16,0.001,0.0,1.02253,0.5306,1977
31,4,age_bin,mlp_h32,0.001,0.0,1.00958,0.5392,1977
31,4,age_bin,mlp_h64,0.001,0.0,1.00955,0.54072,1977
31,4,age_bin,mlp_h128,0.001,0.0,1.01849,0.53718,1977
31,4,age_bin,attention,0.0001,1e-05,1.036,0.51562,1977
31,4,age_bin,shuffled,0.01,0.0001,1.428,0.33434,1977
31,4,gender,ema_lr1e-3,0.001,0.0001,1.06942,0.47699,1977
31,4,gender,ema_lr5e-3,0.005,0.0001,0.92392,0.52807,1977
31,4,gender,ema_lr1e-2,0.01,0.0001,0.87461,0.51694,1977
31,4,gender,ema_lr5e-2,0.05,0.0001,0.75474,0.53465,1977
31,4,gender,ema_lr1e-2_wd1e-3,0.01,0.001,0.84737,0.49469,1977
31,4,gender,ema_d0.99,0.01,0.0001,0.85467,0.50379,1977
31,4,gender,ema_d0.9999,0.01,0.0001,0.86244,0.49115,1977
31,4,gender,mlp_h16,0.001,0.0,0.69404,0.50683,1977
31,4,gender,mlp_h32,0.001,0.0,0.69784,0.52352,1977
31,4,gender,mlp_h64,0.001,0.0,0.69357,0.52504,1977
31,4,gender,mlp_h128,0.001,0.0,0.69241,0.5301,1977
31,4,gender,attention,0.0001,1e-05,0.70669,0.47656,1977
31,4,gender,shuffled,0.01,0.0001,0.87304,0.49267,1977
31,4,star_sign,ema_lr1e-3,0.001,0.0001,3.05912,0.09914,1977
31,4,star_sign,ema_lr5e-3,0.005,0.0001,2.95314,0.10319,1977
31,4,star_sign,ema_lr1e-2,0.01,0.0001,2.61475,0.14315,1977
31,4,star_sign,ema_lr5e-2,0.05,0.0001,1.64886,0.52453,1977
31,4,star_sign,ema_lr1e-2_wd1e-3,0.01,0.001,2.63757,0.15984,1977
31,4,star_sign,ema_d0.99,0.01,0.0001,2.70549,0.13505,1977
31,4,star_sign,ema_d0.9999,0.01,0.0001,2.73706,0.07385,1977
31,4,star_sign,mlp_h16,0.001,0.0,1.81762,0.41072,1977
31,4,star_sign,mlp_h32,0.001,0.0,0.88829,1.0,1977
31,4,star_sign,mlp_h64,0.001,0.0,0.2917,1.0,1977
31,4,star_sign,mlp_h128,0.001,0.0,0.07361,1.0,1977
31,4,star_sign,attention,0.0001,1e-05,1.96071,0.98438,1977
31,4,star_sign,shuffled,0.01,0.0001,2.69934,0.17855,1977
31,6,age_bin,ema_lr1e-3,0.001,0.0001,1.57517,0.34345,1977
31,6,age_bin,ema_lr5e-3,0.005,0.0001,1.56072,0.32524,1977
31,6,age_bin,ema_lr1e-2,0.01,0.0001,1.43592,0.33434,1977
31,6,age_bin,ema_lr5e-2,0.05,0.0001,1.30964,0.35407,1977
31,6,age_bin,ema_lr1e-2_wd1e-3,0.01,0.001,1.34424,0.37987,1977
31,6,age_bin,ema_d0.99,0.01,0.0001,1.46009,0.33839,1977
31,6,age_bin,ema_d0.9999,0.01,0.0001,1.40657,0.37886,1977
31,6,age_bin,mlp_h16,0.001,0.0,1.08369,0.44917,1977
31,6,age_bin,mlp_h32,0.001,0.0,1.0333,0.51644,1977
31,6,age_bin,mlp_h64,0.001,0.0,1.01443,0.53768,1977
31,6,age_bin,mlp_h128,0.001,0.0,1.02339,0.53515,1977
31,6,age_bin,attention,0.0001,1e-05,2.45099,0.4375,1977
31,6,age_bin,shuffled,0.01,0.0001,1.45922,0.33536,1977
31,6,gender,ema_lr1e-3,0.001,0.0001,0.96643,0.52807,1977
31,6,gender,ema_lr5e-3,0.005,0.0001,0.89228,0.54578,1977
31,6,gender,ema_lr1e-2,0.01,0.0001,0.88801,0.51644,1977
31,6,gender,ema_lr5e-2,0.05,0.0001,0.85071,0.45979,1977
31,6,gender,ema_lr1e-2_wd1e-3,0.01,0.001,0.97381,0.49317,1977
31,6,gender,ema_d0.99,0.01,0.0001,0.84377,0.54932,1977
31,6,gender,ema_d0.9999,0.01,0.0001,0.9998,0.50025,1977
31,6,gender,mlp_h16,0.001,0.0,0.68879,0.53566,1977
31,6,gender,mlp_h32,0.001,0.0,0.69303,0.55235,1977
31,6,gender,mlp_h64,0.001,0.0,0.69263,0.54325,1977
31,6,gender,mlp_h128,0.001,0.0,0.68812,0.5569,1977
31,6,gender,attention,0.0001,1e-05,1.69269,0.46875,1977
31,6,gender,shuffled,0.01,0.0001,0.87419,0.52251,1977
31,6,star_sign,ema_lr1e-3,0.001,0.0001,3.1561,0.10521,1977
31,6,star_sign,ema_lr5e-3,0.005,0.0001,3.05144,0.13303,1977
31,6,star_sign,ema_lr1e-2,0.01,0.0001,2.78343,0.13303,1977
31,6,star_sign,ema_lr5e-2,0.05,0.0001,1.67293,0.52301,1977
31,6,star_sign,ema_lr1e-2_wd1e-3,0.01,0.001,2.95887,0.11684,1977
31,6,star_sign,ema_d0.99,0.01,0.0001,2.81785,0.10723,1977
31,6,star_sign,ema_d0.9999,0.01,0.0001,2.88409,0.10875,1977
31,6,star_sign,mlp_h16,0.001,0.0,2.05114,0.52352,1977
31,6,star_sign,mlp_h32,0.001,0.0,1.58017,0.97572,1977
31,6,star_sign,mlp_h64,0.001,0.0,0.77235,1.0,1977
31,6,star_sign,mlp_h128,0.001,0.0,0.12567,1.0,1977
31,6,star_sign,attention,0.0001,1e-05,0.26895,0.92188,1977
31,6,star_sign,shuffled,0.01,0.0001,2.97652,0.10926,1977
32,0,age_bin,ema_lr1e-3,0.001,0.0001,1.68558,0.29785,1954
32,0,age_bin,ema_lr5e-3,0.005,0.0001,1.52324,0.34545,1954
32,0,age_bin,ema_lr1e-2,0.01,0.0001,1.46282,0.33521,1954
32,0,age_bin,ema_lr5e-2,0.05,0.0001,1.19107,0.41095,1954
32,0,age_bin,ema_lr1e-2_wd1e-3,0.01,0.001,1.4577,0.34289,1954
32,0,age_bin,ema_d0.99,0.01,0.0001,1.50969,0.33009,1954
32,0,age_bin,ema_d0.9999,0.01,0.0001,1.51353,0.32395,1954
32,0,age_bin,mlp_h16,0.001,0.0,1.03277,0.50768,1954
32,0,age_bin,mlp_h32,0.001,0.0,1.02556,0.50768,1954
32,0,age_bin,mlp_h64,0.001,0.0,1.02664,0.50716,1954
32,0,age_bin,mlp_h128,0.001,0.0,1.01932,0.50716,1954
32,0,age_bin,attention,0.0001,1e-05,1.08361,0.49219,1954
32,0,age_bin,shuffled,0.01,0.0001,1.45525,0.35107,1954
32,0,gender,ema_lr1e-3,0.001,0.0001,1.1439,0.48516,1954
32,0,gender,ema_lr5e-3,0.005,0.0001,0.97717,0.52661,1954
32,0,gender,ema_lr1e-2,0.01,0.0001,0.92497,0.50921,1954
32,0,gender,ema_lr5e-2,0.05,0.0001,0.759,0.51791,1954
32,0,gender,ema_lr1e-2_wd1e-3,0.01,0.001,0.95109,0.49795,1954
32,0,gender,ema_d0.99,0.01,0.0001,0.95485,0.49232,1954
32,0,gender,ema_d0.9999,0.01,0.0001,0.94048,0.52252,1954
32,0,gender,mlp_h16,0.001,0.0,0.6952,0.48823,1954
32,0,gender,mlp_h32,0.001,0.0,0.69617,0.49488,1954
32,0,gender,mlp_h64,0.001,0.0,0.69555,0.50358,1954
32,0,gender,mlp_h128,0.001,0.0,0.69434,0.50921,1954
32,0,gender,attention,0.0001,1e-05,0.69152,0.53906,1954
32,0,gender,shuffled,0.01,0.0001,0.90942,0.51024,1954
32,0,star_sign,ema_lr1e-3,0.001,0.0001,3.28237,0.10594,1954
32,0,star_sign,ema_lr5e-3,0.005,0.0001,3.02649,0.07472,1954
32,0,star_sign,ema_lr1e-2,0.01,0.0001,2.89873,0.19345,1954
32,0,star_sign,ema_lr5e-2,0.05,0.0001,1.6697,0.57114,1954
32,0,star_sign,ema_lr1e-2_wd1e-3,0.01,0.001,2.91449,0.13971,1954
32,0,star_sign,ema_d0.99,0.01,0.0001,2.93458,0.10287,1954
32,0,star_sign,ema_d0.9999,0.01,0.0001,2.91378,0.08137,1954
32,0,star_sign,mlp_h16,0.001,0.0,1.51222,0.92426,1954
32,0,star_sign,mlp_h32,0.001,0.0,1.22351,0.99693,1954
32,0,star_sign,mlp_h64,0.001,0.0,1.0578,1.0,1954
32,0,star_sign,mlp_h128,0.001,0.0,0.17677,1.0,1954
32,0,star_sign,attention,0.0001,1e-05,2.42418,1.0,1954
32,0,star_sign,shuffled,0.01,0.0001,2.90875,0.08444,1954
32,4,age_bin,ema_lr1e-3,0.001,0.0001,1.44034,0.32805,1954
32,4,age_bin,ema_lr5e-3,0.005,0.0001,1.39556,0.33419,1954
32,4,age_bin,ema_lr1e-2,0.01,0.0001,1.31335,0.33777,1954
32,4,age_bin,ema_lr5e-2,0.05,0.0001,1.19098,0.37462,1954
32,4,age_bin,ema_lr1e-2_wd1e-3,0.01,0.001,1.39659,0.32549,1954
32,4,age_bin,ema_d0.99,0.01,0.0001,1.32612,0.33112,1954
32,4,age_bin,ema_d0.9999,0.01,0.0001,1.36343,0.34493,1954
32,4,age_bin,mlp_h16,0.001,0.0,1.02857,0.50768,1954
32,4,age_bin,mlp_h32,0.001,0.0,1.01837,0.50819,1954
32,4,age_bin,mlp_h64,0.001,0.0,1.01938,0.50921,1954
32,4,age_bin,mlp_h128,0.001,0.0,1.0274,0.5087,1954
32,4,age_bin,attention,0.0001,1e-05,1.03817,0.49219,1954
32,4,age_bin,shuffled,0.01,0.0001,1.35943,0.35363,1954
32,4,gender,ema_lr1e-3,0.001,0.0001,1.0278,0.50716,1954
32,4,gender,ema_lr5e-3,0.005,0.0001,0.95943,0.49744,1954
32,4,gender,ema_lr1e-2,0.01,0.0001,0.8777,0.51689,1954
32,4,gender,ema_lr5e-2,0.05,0.0001,0.75562,0.51433,1954
32,4,gender,ema_lr1e-2_wd1e-3,0.01,0.001,0.89164,0.48055,1954
32,4,gender,ema_d0.99,0.01,0.0001,0.90475,0.45957,1954
32,4,gender,ema_d0.9999,0.01,0.0001,0.88196,0.48362,1954
32,4,gender,mlp_h16,0.001,0.0,0.69472,0.49693,1954
32,4,gender,mlp_h32,0.001,0.0,0.70222,0.47953,1954
32,4,gender,mlp_h64,0.001,0.0,0.6952,0.51279,1954
32,4,gender,mlp_h128,0.001,0.0,0.69593,0.51177,1954
32,4,gender,attention,0.0001,1e-05,0.69837,0.49219,1954
32,4,gender,shuffled,0.01,0.0001,0.86789,0.49846,1954
32,4,star_sign,ema_lr1e-3,0.001,0.0001,3.08005,0.09672,1954
32,4,star_sign,ema_lr5e-3,0.005,0.0001,2.97708,0.10798,1954
32,4,star_sign,ema_lr1e-2,0.01,0.0001,2.67,0.1479,1954
32,4,star_sign,ema_lr5e-2,0.05,0.0001,1.58204,0.57062,1954
32,4,star_sign,ema_lr1e-2_wd1e-3,0.01,0.001,2.67684,0.15148,1954
32,4,star_sign,ema_d0.99,0.01,0.0001,2.67726,0.14278,1954
32,4,star_sign,ema_d0.9999,0.01,0.0001,2.66345,0.07677,1954
32,4,star_sign,mlp_h16,0.001,0.0,1.77855,0.45445,1954
32,4,star_sign,mlp_h32,0.001,0.0,0.83325,1.0,1954
32,4,star_sign,mlp_h64,0.001,0.0,0.26166,1.0,1954
32,4,star_sign,mlp_h128,0.001,0.0,0.06111,1.0,1954
32,4,star_sign,attention,0.0001,1e-05,1.94365,0.98438,1954
32,4,star_sign,shuffled,0.01,0.0001,2.65982,0.17861,1954
32,6,age_bin,ema_lr1e-3,0.001,0.0001,1.65244,0.3045,1954
32,6,age_bin,ema_lr5e-3,0.005,0.0001,1.67313,0.3173,1954
32,6,age_bin,ema_lr1e-2,0.01,0.0001,1.4323,0.34186,1954
32,6,age_bin,ema_lr5e-2,0.05,0.0001,1.19911,0.40328,1954
32,6,age_bin,ema_lr1e-2_wd1e-3,0.01,0.001,1.452,0.33419,1954
32,6,age_bin,ema_d0.99,0.01,0.0001,1.45464,0.35261,1954
32,6,age_bin,ema_d0.9999,0.01,0.0001,1.48629,0.34493,1954
32,6,age_bin,mlp_h16,0.001,0.0,1.06497,0.45957,1954
32,6,age_bin,mlp_h32,0.001,0.0,1.05579,0.48209,1954
32,6,age_bin,mlp_h64,0.001,0.0,1.02783,0.49898,1954
32,6,age_bin,mlp_h128,0.001,0.0,1.03334,0.49744,1954
32,6,age_bin,attention,0.0001,1e-05,3.01495,0.375,1954
32,6,age_bin,shuffled,0.01,0.0001,1.47104,0.33777,1954
32,6,gender,ema_lr1e-3,0.001,0.0001,1.0204,0.49437,1954
32,6,gender,ema_lr5e-3,0.005,0.0001,0.93088,0.5261,1954
32,6,gender,ema_lr1e-2,0.01,0.0001,0.87769,0.52354,1954
32,6,gender,ema_lr5e-2,0.05,0.0001,0.76236,0.50716,1954
32,6,gender,ema_lr1e-2_wd1e-3,0.01,0.001,0.87374,0.53327,1954
32,6,gender,ema_d0.99,0.01,0.0001,0.95806,0.49437,1954
32,6,gender,ema_d0.9999,0.01,0.0001,1.02188,0.48004,1954
32,6,gender,mlp_h16,0.001,0.0,0.68901,0.53019,1954
32,6,gender,mlp_h32,0.001,0.0,0.69025,0.53941,1954
32,6,gender,mlp_h64,0.001,0.0,0.69184,0.52712,1954
32,6,gender,mlp_h128,0.001,0.0,0.68717,0.5348,1954
32,6,gender,attention,0.0001,1e-05,1.44605,0.54688,1954
32,6,gender,shuffled,0.01,0.0001,0.90338,0.50102,1954
32,6,star_sign,ema_lr1e-3,0.001,0.0001,3.32943,0.09519,1954
32,6,star_sign,ema_lr5e-3,0.005,0.0001,3.17418,0.12078,1954
32,6,star_sign,ema_lr1e-2,0.01,0.0001,2.98345,0.11515,1954
32,6,star_sign,ema_lr5e-2,0.05,0.0001,1.66793,0.52712,1954
32,6,star_sign,ema_lr1e-2_wd1e-3,0.01,0.001,2.98369,0.10747,1954
32,6,star_sign,ema_d0.99,0.01,0.0001,2.81747,0.12692,1954
32,6,star_sign,ema_d0.9999,0.01,0.0001,2.88986,0.0998,1954
32,6,star_sign,mlp_h16,0.001,0.0,2.04755,0.50972,1954
32,6,star_sign,mlp_h32,0.001,0.0,1.54704,0.97544,1954
32,6,star_sign,mlp_h64,0.001,0.0,0.72096,1.0,1954
32,6,star_sign,mlp_h128,0.001,0.0,0.11461,1.0,1954
32,6,star_sign,attention,0.0001,1e-05,0.26231,0.92969,1954
32,6,star_sign,shuffled,0.01,0.0001,2.94812,0.10594,1954
33,0,age_bin,ema_lr1e-3,0.001,0.0001,1.64296,0.33077,1953
33,0,age_bin,ema_lr5e-3,0.005,0.0001,1.52732,0.32412,1953
33,0,age_bin,ema_lr1e-2,0.01,0.0001,1.47816,0.34153,1953
33,0,age_bin,ema_lr5e-2,0.05,0.0001,1.20222,0.40041,1953
33,0,age_bin,ema_lr1e-2_wd1e-3,0.01,0.001,1.45921,0.32821,1953
33,0,age_bin,ema_d0.99,0.01,0.0001,1.52393,0.32975,1953
33,0,age_bin,ema_d0.9999,0.01,0.0001,1.50141,0.32668,1953
33,0,age_bin,mlp_h16,0.001,0.0,1.04542,0.49718,1953
33,0,age_bin,mlp_h32,0.001,0.0,1.04362,0.49411,1953
33,0,age_bin,mlp_h64,0.001,0.0,1.04102,0.4977,1953
33,0,age_bin,mlp_h128,0.001,0.0,1.03826,0.4977,1953
33,0,age_bin,attention,0.0001,1e-05,1.08462,0.5,1953
33,0,age_bin,shuffled,0.01,0.0001,1.45173,0.33897,1953
33,0,gender,ema_lr1e-3,0.001,0.0001,1.12924,0.49821,1953
33,0,gender,ema_lr5e-3,0.005,0.0001,1.02538,0.49462,1953
33,0,gender,ema_lr1e-2,0.01,0.0001,0.9258,0.4936,1953
33,0,gender,ema_lr5e-2,0.05,0.0001,0.80911,0.48643,1953
33,0,gender,ema_lr1e-2_wd1e-3,0.01,0.001,0.95312,0.49565,1953
33,0,gender,ema_d0.99,0.01,0.0001,0.91817,0.49565,1953
33,0,gender,ema_d0.9999,0.01,0.0001,0.91045,0.50538,1953
33,0,gender,mlp_h16,0.001,0.0,0.69244,0.51664,1953
33,0,gender,mlp_h32,0.001,0.0,0.68958,0.53047,1953
33,0,gender,mlp_h64,0.001,0.0,0.68851,0.53917,1953
33,0,gender,mlp_h128,0.001,0.0,0.68814,0.53815,1953
33,0,gender,attention,0.0001,1e-05,0.69205,0.53125,1953
33,0,gender,shuffled,0.01,0.0001,0.96147,0.49258,1953
33,0,star_sign,ema_lr1e-3,0.001,0.0001,3.19696,0.11726,1953
33,0,star_sign,ema_lr5e-3,0.005,0.0001,3.01355,0.0809,1953
33,0,star_sign,ema_lr1e-2,0.01,0.0001,2.94211,0.2043,1953
33,0,star_sign,ema_lr5e-2,0.05,0.0001,1.69573,0.55095,1953
33,0,star_sign,ema_lr1e-2_wd1e-3,0.01,0.001,2.93115,0.13108,1953
33,0,star_sign,ema_d0.99,0.01,0.0001,2.90062,0.11418,1953
33,0,star_sign,ema_d0.9999,0.01,0.0001,2.81138,0.09575,1953
33,0,star_sign,mlp_h16,0.001,0.0,1.50966,0.93548,1953
33,0,star_sign,mlp_h32,0.001,0.0,1.21092,0.99437,1953
33,0,star_sign,mlp_h64,0.001,0.0,1.02286,1.0,1953
33,0,star_sign,mlp_h128,0.001,0.0,0.16348,1.0,1953
33,0,star_sign,attention,0.0001,1e-05,2.42234,1.0,1953
33,0,star_sign,shuffled,0.01,0.0001,2.86747,0.08961,1953
33,4,age_bin,ema_lr1e-3,0.001,0.0001,1.42441,0.34921,1953
33,4,age_bin,ema_lr5e-3,0.005,0.0001,1.40838,0.33589,1953
33,4,age_bin,ema_lr1e-2,0.01,0.0001,1.35171,0.32821,1953
33,4,age_bin,ema_lr5e-2,0.05,0.0001,1.1922,0.38249,1953
33,4,age_bin,ema_lr1e-2_wd1e-3,0.01,0.001,1.39292,0.32668,1953
33,4,age_bin,ema_d0.99,0.01,0.0001,1.30995,0.34972,1953
33,4,age_bin,ema_d0.9999,0.01,0.0001,1.38898,0.33436,1953
33,4,age_bin,mlp_h16,0.001,0.0,1.04732,0.49514,1953
33,4,age_bin,mlp_h32,0.001,0.0,1.0353,0.50026,1953
33,4,age_bin,mlp_h64,0.001,0.0,1.03498,0.49821,1953
33,4,age_bin,mlp_h128,0.001,0.0,1.04099,0.48285,1953
33,4,age_bin,attention,0.0001,1e-05,1.03795,0.5,1953
33,4,age_bin,shuffled,0.01,0.0001,1.34861,0.36508,1953
33,4,gender,ema_lr1e-3,0.001,0.0001,1.01266,0.52688,1953
33,4,gender,ema_lr5e-3,0.005,0.0001,0.99353,0.4808,1953
33,4,gender,ema_lr1e-2,0.01,0.0001,0.87104,0.49462,1953
33,4,gender,ema_lr5e-2,0.05,0.0001,0.77059,0.50691,1953
33,4,gender,ema_lr1e-2_wd1e-3,0.01,0.001,0.8898,0.4808,1953
33,4,gender,ema_d0.99,0.01,0.0001,0.86855,0.4977,1953
33,4,gender,ema_d0.9999,0.01,0.0001,0.86383,0.50333,1953
33,4,gender,mlp_h16,0.001,0.0,0.6875,0.5489,1953
33,4,gender,mlp_h32,0.001,0.0,0.68177,0.56221,1953
33,4,gender,mlp_h64,0.001,0.0,0.67603,0.58167,1953
33,4,gender,mlp_h128,0.001,0.0,0.67911,0.58065,1953
33,4,gender,attention,0.0001,1e-05,0.69487,0.50781,1953
33,4,gender,shuffled,0.01,0.0001,0.84756,0.5105,1953
33,4,star_sign,ema_lr1e-3,0.001,0.0001,3.07652,0.10701,1953
33,4,star_sign,ema_lr5e-3,0.005,0.0001,2.96482,0.10394,1953
33,4,star_sign,ema_lr1e-2,0.01,0.0001,2.70016,0.13569,1953
33,4,star_sign,ema_lr5e-2,0.05,0.0001,1.50075,0.59857,1953
33,4,star_sign,ema_lr1e-2_wd1e-3,0.01,0.001,2.69535,0.14491,1953
33,4,star_sign,ema_d0.99,0.01,0.0001,2.63728,0.13927,1953
33,4,star_sign,ema_d0.9999,0.01,0.0001,2.63625,0.10548,1953
33,4,star_sign,mlp_h16,0.001,0.0,1.75455,0.48848,1953
33,4,star_sign,mlp_h32,0.001,0.0,0.81435,1.0,1953
33,4,star_sign,mlp_h64,0.001,0.0,0.25612,1.0,1953
33,4,star_sign,mlp_h128,0.001,0.0,0.05687,1.0,1953
33,4,star_sign,attention,0.0001,1e-05,1.91554,0.99219,1953
33,4,star_sign,shuffled,0.01,0.0001,2.76196,0.15873,1953
33,6,age_bin,ema_lr1e-3,0.001,0.0001,1.56789,0.33282,1953
33,6,age_bin,ema_lr5e-3,0.005,0.0001,1.53496,0.36252,1953
33,6,age_bin,ema_lr1e-2,0.01,0.0001,1.40244,0.37583,1953
33,6,age_bin,ema_lr5e-2,0.05,0.0001,1.23441,0.37583,1953
33,6,age_bin,ema_lr1e-2_wd1e-3,0.01,0.001,1.5254,0.31541,1953
33,6,age_bin,ema_d0.99,0.01,0.0001,1.48282,0.36047,1953
33,6,age_bin,ema_d0.9999,0.01,0.0001,1.46683,0.33948,1953
33,6,age_bin,mlp_h16,0.001,0.0,1.06754,0.44649,1953
33,6,age_bin,mlp_h32,0.001,0.0,1.05733,0.47261,1953
33,6,age_bin,mlp_h64,0.001,0.0,1.03954,0.49002,1953
33,6,age_bin,mlp_h128,0.001,0.0,1.03557,0.49002,1953
33,6,age_bin,attention,0.0001,1e-05,2.61486,0.4375,1953
33,6,age_bin,shuffled,0.01,0.0001,1.39706,0.35023,1953
33,6,gender,ema_lr1e-3,0.001,0.0001,0.97824,0.5361,1953
33,6,gender,ema_lr5e-3,0.005,0.0001,0.89227,0.52739,1953
33,6,gender,ema_lr1e-2,0.01,0.0001,0.944,0.51306,1953
33,6,gender,ema_lr5e-2,0.05,0.0001,0.7381,0.56221,1953
33,6,gender,ema_lr1e-2_wd1e-3,0.01,0.001,0.91068,0.5064,1953
33,6,gender,ema_d0.99,0.01,0.0001,0.92574,0.50845,1953
33,6,gender,ema_d0.9999,0.01,0.0001,1.08684,0.44905,1953
33,6,gender,mlp_h16,0.001,0.0,0.6685,0.58679,1953
33,6,gender,mlp_h32,0.001,0.0,0.65963,0.59447,1953
33,6,gender,mlp_h64,0.001,0.0,0.65506,0.60369,1953
33,6,gender,mlp_h128,0.001,0.0,0.65402,0.61393,1953
33,6,gender,attention,0.0001,1e-05,1.83887,0.57812,1953
33,6,gender,shuffled,0.01,0.0001,0.91845,0.50077,1953
33,6,star_sign,ema_lr1e-3,0.001,0.0001,3.2116,0.11009,1953
33,6,star_sign,ema_lr5e-3,0.005,0.0001,3.22899,0.09473,1953
33,6,star_sign,ema_lr1e-2,0.01,0.0001,2.92641,0.10855,1953
33,6,star_sign,ema_lr5e-2,0.05,0.0001,1.64487,0.51613,1953
33,6,star_sign,ema_lr1e-2_wd1e-3,0.01,0.001,2.83195,0.13569,1953
33,6,star_sign,ema_d0.99,0.01,0.0001,2.89465,0.11316,1953
33,6,star_sign,ema_d0.9999,0.01,0.0001,2.85432,0.09933,1953
33,6,star_sign,mlp_h16,0.001,0.0,2.0198,0.53098,1953
33,6,star_sign,mlp_h32,0.001,0.0,1.48862,0.98105,1953
33,6,star_sign,mlp_h64,0.001,0.0,0.67072,1.0,1953
33,6,star_sign,mlp_h128,0.001,0.0,0.09684,1.0,1953
33,6,star_sign,attention,0.0001,1e-05,0.22076,0.95312,1953
33,6,star_sign,shuffled,0.01,0.0001,3.05913,0.09933,1953
34,0,age_bin,ema_lr1e-3,0.001,0.0001,1.72782,0.29688,1792
34,0,age_bin,ema_lr5e-3,0.005,0.0001,1.57971,0.32031,1792
34,0,age_bin,ema_lr1e-2,0.01,0.0001,1.44337,0.35491,1792
34,0,age_bin,ema_lr5e-2,0.05,0.0001,1.25667,0.36496,1792
34,0,age_bin,ema_lr1e-2_wd1e-3,0.01,0.001,1.4365,0.34096,1792
34,0,age_bin,ema_d0.99,0.01,0.0001,1.4958,0.34766,1792
34,0,age_bin,ema_d0.9999,0.01,0.0001,1.47202,0.35658,1792
34,0,age_bin,mlp_h16,0.001,0.0,1.08907,0.4135,1792
34,0,age_bin,mlp_h32,0.001,0.0,1.0983,0.41574,1792
34,0,age_bin,mlp_h64,0.001,0.0,1.10014,0.41685,1792
34,0,age_bin,mlp_h128,0.001,0.0,1.09443,0.41462,1792
34,0,age_bin,attention,0.0001,1e-05,1.088,0.46094,1792
34,0,age_bin,shuffled,0.01,0.0001,1.47023,0.3125,1792
34,0,gender,ema_lr1e-3,0.001,0.0001,1.13714,0.50112,1792
34,0,gender,ema_lr5e-3,0.005,0.0001,0.99251,0.50949,1792
34,0,gender,ema_lr1e-2,0.01,0.0001,0.95258,0.48493,1792
34,0,gender,ema_lr5e-2,0.05,0.0001,0.79548,0.51116,1792
34,0,gender,ema_lr1e-2_wd1e-3,0.01,0.001,0.95074,0.49051,1792
34,0,gender,ema_d0.99,0.01,0.0001,0.93832,0.50837,1792
34,0,gender,ema_d0.9999,0.01,0.0001,0.95131,0.49498,1792
34,0,gender,mlp_h16,0.001,0.0,0.69191,0.52958,1792
34,0,gender,mlp_h32,0.001,0.0,0.69205,0.5173,1792
34,0,gender,mlp_h64,0.001,0.0,0.69533,0.52288,1792
34,0,gender,mlp_h128,0.001,0.0,0.69672,0.51339,1792
34,0,gender,attention,0.0001,1e-05,0.69307,0.52344,1792
34,0,gender,shuffled,0.01,0.0001,0.94465,0.49944,1792
34,0,star_sign,ema_lr1e-3,0.001,0.0001,3.27435,0.11272,1792
34,0,star_sign,ema_lr5e-3,0.005,0.0001,3.05801,0.0798,1792
34,0,star_sign,ema_lr1e-2,0.01,0.0001,2.9391,0.17801,1792
34,0,star_sign,ema_lr5e-2,0.05,0.0001,1.679,0.53906,1792
34,0,star_sign,ema_lr1e-2_wd1e-3,0.01,0.001,2.91591,0.15569,1792
34,0,star_sign,ema_d0.99,0.01,0.0001,2.96201,0.09821,1792
34,0,star_sign,ema_d0.9999,0.01,0.0001,2.83628,0.09989,1792
34,0,star_sign,mlp_h16,0.001,0.0,1.4791,0.93527,1792
34,0,star_sign,mlp_h32,0.001,0.0,1.14777,0.99833,1792
34,0,star_sign,mlp_h64,0.001,0.0,0.9657,1.0,1792
34,0,star_sign,mlp_h128,0.001,0.0,0.14212,1.0,1792
34,0,star_sign,attention,0.0001,1e-05,2.42058,1.0,1792
34,0,star_sign,shuffled,0.01,0.0001,2.87386,0.09821,1792
34,4,age_bin,ema_lr1e-3,0.001,0.0001,1.44375,0.34989,1792
34,4,age_bin,ema_lr5e-3,0.005,0.0001,1.43004,0.30692,1792
34,4,age_bin,ema_lr1e-2,0.01,0.0001,1.2769,0.35826,1792
34,4,age_bin,ema_lr5e-2,0.05,0.0001,1.1721,0.39844,1792
34,4,age_bin,ema_lr1e-2_wd1e-3,0.01,0.001,1.31053,0.35547,1792
34,4,age_bin,ema_d0.99,0.01,0.0001,1.38036,0.30413,1792
34,4,age_bin,ema_d0.9999,0.01,0.0001,1.31762,0.38225,1792
34,4,age_bin,mlp_h16,0.001,0.0,1.10178,0.41574,1792
34,4,age_bin,mlp_h32,0.001,0.0,1.08488,0.41685,1792
34,4,age_bin,mlp_h64,0.001,0.0,1.08281,0.41574,1792
34,4,age_bin,mlp_h128,0.001,0.0,1.0695,0.41853,1792
34,4,age_bin,attention,0.0001,1e-05,1.04402,0.46094,1792
34,4,age_bin,shuffled,0.01,0.0001,1.38108,0.34989,1792
34,4,gender,ema_lr1e-3,0.001,0.0001,1.03303,0.48884,1792
34,4,gender,ema_lr5e-3,0.005,0.0001,0.91238,0.50558,1792
34,4,gender,ema_lr1e-2,0.01,0.0001,0.88006,0.51562,1792
34,4,gender,ema_lr5e-2,0.05,0.0001,0.75747,0.51674,1792
34,4,gender,ema_lr1e-2_wd1e-3,0.01,0.001,0.86048,0.49498,1792
34,4,gender,ema_d0.99,0.01,0.0001,0.85097,0.50558,1792
34,4,gender,ema_d0.9999,0.01,0.0001,0.83649,0.51116,1792
34,4,gender,mlp_h16,0.001,0.0,0.6975,0.5,1792
34,4,gender,mlp_h32,0.001,0.0,0.70041,0.50949,1792
34,4,gender,mlp_h64,0.001,0.0,0.70063,0.49051,1792
34,4,gender,mlp_h128,0.001,0.0,0.70041,0.49163,1792
34,4,gender,attention,0.0001,1e-05,0.70718,0.46094,1792
34,4,gender,shuffled,0.01,0.0001,0.87006,0.50893,1792
34,4,star_sign,ema_lr1e-3,0.001,0.0001,3.04892,0.11049,1792
34,4,star_sign,ema_lr5e-3,0.005,0.0001,2.97331,0.10491,1792
34,4,star_sign,ema_lr1e-2,0.01,0.0001,2.61621,0.13951,1792
34,4,star_sign,ema_lr5e-2,0.05,0.0001,1.48793,0.60714,1792
34,4,star_sign,ema_lr1e-2_wd1e-3,0.01,0.001,2.63516,0.13281,1792
34,4,star_sign,ema_d0.99,0.01,0.0001,2.66916,0.12891,1792
34,4,star_sign,ema_d0.9999,0.01,0.0001,2.6557,0.09096,1792
34,4,star_sign,mlp_h16,0.001,0.0,1.73955,0.52567,1792
34,4,star_sign,mlp_h32,0.001,0.0,0.74563,1.0,1792
34,4,star_sign,mlp_h64,0.001,0.0,0.21826,1.0,1792
34,4,star_sign,mlp_h128,0.001,0.0,0.0483,1.0,1792
34,4,star_sign,attention,0.0001,1e-05,1.89933,0.99219,1792
34,4,star_sign,shuffled,0.01,0.0001,2.72164,0.18862,1792
34,6,age_bin,ema_lr1e-3,0.001,0.0001,1.52654,0.35938,1792
34,6,age_bin,ema_lr5e-3,0.005,0.0001,1.69206,0.29074,1792
34,6,age_bin,ema_lr1e-2,0.01,0.0001,1.36544,0.35882,1792
34,6,age_bin,ema_lr5e-2,0.05,0.0001,1.27484,0.3577,1792
34,6,age_bin,ema_lr1e-2_wd1e-3,0.01,0.001,1.48513,0.32366,1792
34,6,age_bin,ema_d0.99,0.01,0.0001,1.47397,0.351,1792
34,6,age_bin,ema_d0.9999,0.01,0.0001,1.43881,0.34319,1792
34,6,age_bin,mlp_h16,0.001,0.0,1.10432,0.41016,1792
34,6,age_bin,mlp_h32,0.001,0.0,1.0879,0.42299,1792
34,6,age_bin,mlp_h64,0.001,0.0,1.11315,0.41797,1792
34,6,age_bin,mlp_h128,0.001,0.0,1.0928,0.41406,1792
34,6,age_bin,attention,0.0001,1e-05,3.02265,0.35156,1792
34,6,age_bin,shuffled,0.01,0.0001,1.42884,0.3298,1792
34,6,gender,ema_lr1e-3,0.001,0.0001,0.97934,0.51562,1792
34,6,gender,ema_lr5e-3,0.005,0.0001,0.89908,0.52734,1792
34,6,gender,ema_lr1e-2,0.01,0.0001,0.92091,0.49442,1792
34,6,gender,ema_lr5e-2,0.05,0.0001,0.7523,0.53404,1792
34,6,gender,ema_lr1e-2_wd1e-3,0.01,0.001,0.8653,0.52567,1792
34,6,gender,ema_d0.99,0.01,0.0001,0.85822,0.54353,1792
34,6,gender,ema_d0.9999,0.01,0.0001,1.01792,0.48047,1792
34,6,gender,mlp_h16,0.001,0.0,0.69138,0.53181,1792
34,6,gender,mlp_h32,0.001,0.0,0.68919,0.55246,1792
34,6,gender,mlp_h64,0.001,0.0,0.68965,0.5452,1792
34,6,gender,mlp_h128,0.001,0.0,0.69502,0.53739,1792
34,6,gender,attention,0.0001,1e-05,1.58692,0.52344,1792
34,6,gender,shuffled,0.01,0.0001,0.90263,0.50056,1792
34,6,star_sign,ema_lr1e-3,0.001,0.0001,3.36316,0.08873,1792
34,6,star_sign,ema_lr5e-3,0.005,0.0001,3.13976,0.10882,1792
34,6,star_sign,ema_lr1e-2,0.01,0.0001,3.0068,0.09487,1792
34,6,star_sign,ema_lr5e-2,0.05,0.0001,1.62631,0.52902,1792
34,6,star_sign,ema_lr1e-2_wd1e-3,0.01,0.001,2.84538,0.12221,1792
34,6,star_sign,ema_d0.99,0.01,0.0001,2.82228,0.10882,1792
34,6,star_sign,ema_d0.9999,0.01,0.0001,2.88081,0.09598,1792
34,6,star_sign,mlp_h16,0.001,0.0,1.98026,0.58594,1792
34,6,star_sign,mlp_h32,0.001,0.0,1.47945,0.97712,1792
34,6,star_sign,mlp_h64,0.001,0.0,0.65678,1.0,1792
34,6,star_sign,mlp_h128,0.001,0.0,0.10287,1.0,1792
34,6,star_sign,attention,0.0001,1e-05,0.25115,0.95312,1792
34,6,star_sign,shuffled,0.01,0.0001,2.8161,0.13672,1792
35,0,age_bin,ema_lr1e-3,0.001,0.0001,1.70078,0.32701,1792
35,0,age_bin,ema_lr5e-3,0.005,0.0001,1.50233,0.3471,1792
35,0,age_bin,ema_lr1e-2,0.01,0.0001,1.49577,0.33315,1792
35,0,age_bin,ema_lr5e-2,0.05,0.0001,1.20649,0.4096,1792
35,0,age_bin,ema_lr1e-2_wd1e-3,0.01,0.001,1.45712,0.35045,1792
35,0,age_bin,ema_d0.99,0.01,0.0001,1.46238,0.3471,1792
35,0,age_bin,ema_d0.9999,0.01,0.0001,1.4307,0.36384,1792
35,0,age_bin,mlp_h16,0.001,0.0,1.02817,0.51507,1792
35,0,age_bin,mlp_h32,0.001,0.0,1.01832,0.51507,1792
35,0,age_bin,mlp_h64,0.001,0.0,1.01222,0.51507,1792
35,0,age_bin,mlp_h128,0.001,0.0,1.00784,0.51339,1792
35,0,age_bin,attention,0.0001,1e-05,1.08148,0.51562,1792
35,0,age_bin,shuffled,0.01,0.0001,1.49967,0.31696,1792
35,0,gender,ema_lr1e-3,0.001,0.0001,1.11276,0.50446,1792
35,0,gender,ema_lr5e-3,0.005,0.0001,0.97837,0.52623,1792
35,0,gender,ema_lr1e-2,0.01,0.0001,0.94566,0.49107,1792
35,0,gender,ema_lr5e-2,0.05,0.0001,0.79333,0.50167,1792
35,0,gender,ema_lr1e-2_wd1e-3,0.01,0.001,0.98569,0.49219,1792
35,0,gender,ema_d0.99,0.01,0.0001,0.94639,0.50335,1792
35,0,gender,ema_d0.9999,0.01,0.0001,0.95835,0.51953,1792
35,0,gender,mlp_h16,0.001,0.0,0.69349,0.51339,1792
35,0,gender,mlp_h32,0.001,0.0,0.69414,0.5,1792
35,0,gender,mlp_h64,0.001,0.0,0.69302,0.52009,1792
35,0,gender,mlp_h128,0.001,0.0,0.69613,0.49442,1792
35,0,gender,attention,0.0001,1e-05,0.6916,0.55469,1792
35,0,gender,shuffled,0.01,0.0001,0.97182,0.48772,1792
35,0,star_sign,ema_lr1e-3,0.001,0.0001,3.2571,0.10938,1792
35,0,star_sign,ema_lr5e-3,0.005,0.0001,3.06392,0.07924,1792
35,0,star_sign,ema_lr1e-2,0.01,0.0001,2.89636,0.17634,1792
35,0,star_sign,ema_lr5e-2,0.05,0.0001,1.59751,0.57701,1792
35,0,star_sign,ema_lr1e-2_wd1e-3,0.01,0.001,2.88431,0.17188,1792
35,0,star_sign,ema_d0.99,0.01,0.0001,2.89461,0.11886,1792
35,0,star_sign,ema_d0.9999,0.01,0.0001,2.85933,0.09821,1792
35,0,star_sign,mlp_h16,0.001,0.0,1.43893,0.93862,1792
35,0,star_sign,mlp_h32,0.001,0.0,1.13922,0.99665,1792
35,0,star_sign,mlp_h64,0.001,0.0,0.93274,1.0,1792
35,0,star_sign,mlp_h128,0.001,0.0,0.13063,1.0,1792
35,0,star_sign,attention,0.0001,1e-05,2.4191,1.0,1792
35,0,star_sign,shuffled,0.01,0.0001,2.90136,0.09766,1792
35,4,age_bin,ema_lr1e-3,0.001,0.0001,1.47256,0.32478,1792
35,4,age_bin,ema_lr5e-3,0.005,0.0001,1.35658,0.35491,1792
35,4,age_bin,ema_lr1e-2,0.01,0.0001,1.37201,0.3404,1792
35,4,age_bin,ema_lr5e-2,0.05,0.0001,1.19081,0.38281,1792
35,4,age_bin,ema_lr1e-2_wd1e-3,0.01,0.001,1.36862,0.34152,1792
35,4,age_bin,ema_d0.99,0.01,0.0001,1.29646,0.34152,1792
35,4,age_bin,ema_d0.9999,0.01,0.0001,1.40115,0.32366,1792
35,4,age_bin,mlp_h16,0.001,0.0,1.02009,0.51451,1792
35,4,age_bin,mlp_h32,0.001,0.0,1.0179,0.51451,1792
35,4,age_bin,mlp_h64,0.001,0.0,1.01189,0.51451,1792
35,4,age_bin,mlp_h128,0.001,0.0,1.01253,0.5173,1792
35,4,age_bin,attention,0.0001,1e-05,1.01575,0.51562,1792
35,4,age_bin,shuffled,0.01,0.0001,1.37522,0.33092,1792
35,4,gender,ema_lr1e-3,0.001,0.0001,1.02985,0.49833,1792
35,4,gender,ema_lr5e-3,0.005,0.0001,0.9015,0.51451,1792
35,4,gender,ema_lr1e-2,0.01,0.0001,0.9111,0.46429,1792
35,4,gender,ema_lr5e-2,0.05,0.0001,0.76126,0.52288,1792
35,4,gender,ema_lr1e-2_wd1e-3,0.01,0.001,0.84354,0.51674,1792
35,4,gender,ema_d0.99,0.01,0.0001,0.85073,0.49888,1792
35,4,gender,ema_d0.9999,0.01,0.0001,0.88932,0.48717,1792
35,4,gender,mlp_h16,0.001,0.0,0.68259,0.55525,1792
35,4,gender,mlp_h32,0.001,0.0,0.68167,0.55692,1792
35,4,gender,mlp_h64,0.001,0.0,0.67914,0.57757,1792
35,4,gender,mlp_h128,0.001,0.0,0.68066,0.56194,1792
35,4,gender,attention,0.0001,1e-05,0.68693,0.54688,1792
35,4,gender,shuffled,0.01,0.0001,0.86693,0.50223,1792
35,4,star_sign,ema_lr1e-3,0.001,0.0001,3.13168,0.09431,1792
35,4,star_sign,ema_lr5e-3,0.005,0.0001,2.94166,0.11272,1792
35,4,star_sign,ema_lr1e-2,0.01,0.0001,2.61277,0.15737,1792
35,4,star_sign,ema_lr5e-2,0.05,0.0001,1.4796,0.60938,1792
35,4,star_sign,ema_lr1e-2_wd1e-3,0.01,0.001,2.67752,0.16295,1792
35,4,star_sign,ema_d0.99,0.01,0.0001,2.68533,0.12891,1792
35,4,star_sign,ema_d0.9999,0.01,0.0001,2.67302,0.07366,1792
35,4,star_sign,mlp_h16,0.001,0.0,1.72507,0.5558,1792
35,4,star_sign,mlp_h32,0.001,0.0,0.69869,1.0,1792
35,4,star_sign,mlp_h64,0.001,0.0,0.19121,1.0,1792
35,4,star_sign,mlp_h128,0.001,0.0,0.04113,1.0,1792
35,4,star_sign,attention,0.0001,1e-05,1.88118,1.0,1792
35,4,star_sign,shuffled,0.01,0.0001,2.58516,0.19252,1792
35,6,age_bin,ema_lr1e-3,0.001,0.0001,1.67121,0.31975,1792
35,6,age_bin,ema_lr5e-3,0.005,0.0001,1.53683,0.33761,1792
35,6,age_bin,ema_lr1e-2,0.01,0.0001,1.4815,0.34877,1792
35,6,age_bin,ema_lr5e-2,0.05,0.0001,1.27541,0.35882,1792
35,6,age_bin,ema_lr1e-2_wd1e-3,0.01,0.001,1.47588,0.33929,1792
35,6,age_bin,ema_d0.99,0.01,0.0001,1.46526,0.36049,1792
35,6,age_bin,ema_d0.9999,0.01,0.0001,1.42252,0.35212,1792
35,6,age_bin,mlp_h16,0.001,0.0,1.07758,0.4615,1792
35,6,age_bin,mlp_h32,0.001,0.0,1.03652,0.50614,1792
35,6,age_bin,mlp_h64,0.001,0.0,1.00561,0.51618,1792
35,6,age_bin,mlp_h128,0.001,0.0,1.00226,0.52511,1792
35,6,age_bin,attention,0.0001,1e-05,2.6339,0.375,1792
35,6,age_bin,shuffled,0.01,0.0001,1.40432,0.34319,1792
35,6,gender,ema_lr1e-3,0.001,0.0001,1.0516,0.49386,1792
35,6,gender,ema_lr5e-3,0.005,0.0001,0.94115,0.50781,1792
35,6,gender,ema_lr1e-2,0.01,0.0001,0.89625,0.50335,1792
35,6,gender,ema_lr5e-2,0.05,0.0001,0.77902,0.49498,1792
35,6,gender,ema_lr1e-2_wd1e-3,0.01,0.001,0.82712,0.54297,1792
35,6,gender,ema_d0.99,0.01,0.0001,0.88818,0.52567,1792
35,6,gender,ema_d0.9999,0.01,0.0001,0.90929,0.51953,1792
35,6,gender,mlp_h16,0.001,0.0,0.67555,0.56864,1792
35,6,gender,mlp_h32,0.001,0.0,0.68348,0.55301,1792
35,6,gender,mlp_h64,0.001,0.0,0.68292,0.56138,1792
35,6,gender,mlp_h128,0.001,0.0,0.68604,0.55301,1792
35,6,gender,attention,0.0001,1e-05,1.73792,0.49219,1792
35,6,gender,shuffled,0.01,0.0001,0.93431,0.48438,1792
35,6,star_sign,ema_lr1e-3,0.001,0.0001,3.32745,0.07701,1792
35,6,star_sign,ema_lr5e-3,0.005,0.0001,3.16756,0.10714,1792
35,6,star_sign,ema_lr1e-2,0.01,0.0001,2.93618,0.1183,1792
35,6,star_sign,ema_lr5e-2,0.05,0.0001,1.70142,0.50558,1792
35,6,star_sign,ema_lr1e-2_wd1e-3,0.01,0.001,2.83141,0.12723,1792
35,6,star_sign,ema_d0.99,0.01,0.0001,2.81167,0.1077,1792
35,6,star_sign,ema_d0.9999,0.01,0.0001,2.9037,0.09487,1792
35,6,star_sign,mlp_h16,0.001,0.0,2.01431,0.54576,1792
35,6,star_sign,mlp_h32,0.001,0.0,1.45953,0.97935,1792
35,6,star_sign,mlp_h64,0.001,0.0,0.60445,1.0,1792
35,6,star_sign,mlp_h128,0.001,0.0,0.08624,1.0,1792
35,6,star_sign,attention,0.0001,1e-05,0.20049,0.92188,1792
35,6,star_sign,shuffled,0.01,0.0001,2.86447,0.14397,1792
36,0,age_bin,ema_lr1e-3,0.001,0.0001,1.58454,0.35745,1852
36,0,age_bin,ema_lr5e-3,0.005,0.0001,1.5308,0.33585,1852
36,0,age_bin,ema_lr1e-2,0.01,0.0001,1.47635,0.34341,1852
36,0,age_bin,ema_lr5e-2,0.05,0.0001,1.23584,0.35745,1852
36,0,age_bin,ema_lr1e-2_wd1e-3,0.01,0.001,1.41428,0.37203,1852
36,0,age_bin,ema_d0.99,0.01,0.0001,1.48116,0.33207,1852
36,0,age_bin,ema_d0.9999,0.01,0.0001,1.426,0.36987,1852
36,0,age_bin,mlp_h16,0.001,0.0,1.09156,0.41469,1852
36,0,age_bin,mlp_h32,0.001,0.0,1.09048,0.41361,1852
36,0,age_bin,mlp_h64,0.001,0.0,1.08655,0.41523,1852
36,0,age_bin,mlp_h128,0.001,0.0,1.06877,0.41199,1852
36,0,age_bin,attention,0.0001,1e-05,1.08951,0.42969,1852
36,0,age_bin,shuffled,0.01,0.0001,1.44895,0.33207,1852
36,0,gender,ema_lr1e-3,0.001,0.0001,1.15754,0.48866,1852
36,0,gender,ema_lr5e-3,0.005,0.0001,0.98256,0.49136,1852
36,0,gender,ema_lr1e-2,0.01,0.0001,0.93096,0.49946,1852
36,0,gender,ema_lr5e-2,0.05,0.0001,0.79846,0.51026,1852
36,0,gender,ema_lr1e-2_wd1e-3,0.01,0.001,0.95394,0.48434,1852
36,0,gender,ema_d0.99,0.01,0.0001,0.92995,0.49514,1852
36,0,gender,ema_d0.9999,0.01,0.0001,0.97482,0.4784,1852
36,0,gender,mlp_h16,0.001,0.0,0.69083,0.52538,1852
36,0,gender,mlp_h32,0.001,0.0,0.68909,0.5405,1852
36,0,gender,mlp_h64,0.001,0.0,0.69118,0.5297,1852
36,0,gender,mlp_h128,0.001,0.0,0.69091,0.55076,1852
36,0,gender,attention,0.0001,1e-05,0.6933,0.50781,1852
36,0,gender,shuffled,0.01,0.0001,0.94032,0.48812,1852
36,0,star_sign,ema_lr1e-3,0.001,0.0001,3.28051,0.10745,1852
36,0,star_sign,ema_lr5e-3,0.005,0.0001,3.01852,0.06641,1852
36,0,star_sign,ema_lr1e-2,0.01,0.0001,2.84857,0.19384,1852
36,0,star_sign,ema_lr5e-2,0.05,0.0001,1.58375,0.57883,1852
36,0,star_sign,ema_lr1e-2_wd1e-3,0.01,0.001,2.85744,0.16091,1852
36,0,star_sign,ema_d0.99,0.01,0.0001,2.88642,0.10583,1852
36,0,star_sign,ema_d0.9999,0.01,0.0001,2.78705,0.09719,1852
36,0,star_sign,mlp_h16,0.001,0.0,1.41177,0.94654,1852
36,0,star_sign,mlp_h32,0.001,0.0,1.08111,0.99784,1852
36,0,star_sign,mlp_h64,0.001,0.0,0.85399,1.0,1852
36,0,star_sign,mlp_h128,0.001,0.0,0.11289,1.0,1852
36,0,star_sign,attention,0.0001,1e-05,2.41489,1.0,1852
36,0,star_sign,shuffled,0.01,0.0001,2.84966,0.09071,1852
36,4,age_bin,ema_lr1e-3,0.001,0.0001,1.50336,0.32451,1852
36,4,age_bin,ema_lr5e-3,0.005,0.0001,1.39658,0.32343,1852
36,4,age_bin,ema_lr1e-2,0.01,0.0001,1.35504,0.32181,1852
36,4,age_bin,ema_lr5e-2,0.05,0.0001,1.21255,0.34989,1852
36,4,age_bin,ema_lr1e-2_wd1e-3,0.01,0.001,1.34229,0.33747,1852
36,4,age_bin,ema_d0.99,0.01,0.0001,1.33397,0.32559,1852
36,4,age_bin,ema_d0.9999,0.01,0.0001,1.38506,0.31156,1852
36,4,age_bin,mlp_h16,0.001,0.0,1.09899,0.41469,1852
36,4,age_bin,mlp_h32,0.001,0.0,1.09224,0.41361,1852
36,4,age_bin,mlp_h64,0.001,0.0,1.07608,0.41253,1852
36,4,age_bin,mlp_h128,0.001,0.0,1.07028,0.41901,1852
36,4,age_bin,attention,0.0001,1e-05,1.07993,0.42969,1852
36,4,age_bin,shuffled,0.01,0.0001,1.36567,0.34395,1852
36,4,gender,ema_lr1e-3,0.001,0.0001,1.02483,0.50216,1852
36,4,gender,ema_lr5e-3,0.005,0.0001,0.91911,0.50594,1852
36,4,gender,ema_lr1e-2,0.01,0.0001,0.88845,0.49568,1852
36,4,gender,ema_lr5e-2,0.05,0.0001,0.75633,0.51998,1852
36,4,gender,ema_lr1e-2_wd1e-3,0.01,0.001,0.85056,0.5027,1852
36,4,gender,ema_d0.99,0.01,0.0001,0.85258,0.51566,1852
36,4,gender,ema_d0.9999,0.01,0.0001,0.85529,0.4946,1852
36,4,gender,mlp_h16,0.001,0.0,0.68402,0.53726,1852
36,4,gender,mlp_h32,0.001,0.0,0.68681,0.54104,1852
36,4,gender,mlp_h64,0.001,0.0,0.68828,0.53024,1852
36,4,gender,mlp_h128,0.001,0.0,0.6884,0.53672,1852
36,4,gender,attention,0.0001,1e-05,0.70237,0.44531,1852
36,4,gender,shuffled,0.01,0.0001,0.87439,0.4892,1852
36,4,star_sign,ema_lr1e-3,0.001,0.0001,3.06663,0.10205,1852
36,4,star_sign,ema_lr5e-3,0.005,0.0001,2.89096,0.10961,1852
36,4,star_sign,ema_lr1e-2,0.01,0.0001,2.56375,0.16577,1852
36,4,star_sign,ema_lr5e-2,0.05,0.0001,1.41416,0.67657,1852
36,4,star_sign,ema_lr1e-2_wd1e-3,0.01,0.001,2.65108,0.14093,1852
36,4,star_sign,ema_d0.99,0.01,0.0001,2.63871,0.13607,1852
36,4,star_sign,ema_d0.9999,0.01,0.0001,2.61501,0.09989,1852
36,4,star_sign,mlp_h16,0.001,0.0,1.69843,0.61663,1852
36,4,star_sign,mlp_h32,0.001,0.0,0.64424,1.0,1852
36,4,star_sign,mlp_h64,0.001,0.0,0.17111,1.0,1852
36,4,star_sign,mlp_h128,0.001,0.0,0.03532,1.0,1852
36,4,star_sign,attention,0.0001,1e-05,1.84002,1.0,1852
36,4,star_sign,shuffled,0.01,0.0001,2.66448,0.17927,1852
36,6,age_bin,ema_lr1e-3,0.001,0.0001,1.57797,0.32829,1852
36,6,age_bin,ema_lr5e-3,0.005,0.0001,1.58768,0.35475,1852
36,6,age_bin,ema_lr1e-2,0.01,0.0001,1.53471,0.31695,1852
36,6,age_bin,ema_lr5e-2,0.05,0.0001,1.2806,0.33153,1852
36,6,age_bin,ema_lr1e-2_wd1e-3,0.01,0.001,1.45607,0.32883,1852
36,6,age_bin,ema_d0.99,0.01,0.0001,1.41669,0.34989,1852
36,6,age_bin,ema_d0.9999,0.01,0.0001,1.37389,0.36501,1852
36,6,age_bin,mlp_h16,0.001,0.0,1.11195,0.38769,1852
36,6,age_bin,mlp_h32,0.001,0.0,1.09337,0.41631,1852
36,6,age_bin,mlp_h64,0.001,0.0,1.0941,0.41685,1852
36,6,age_bin,mlp_h128,0.001,0.0,1.09222,0.41523,1852
36,6,age_bin,attention,0.0001,1e-05,2.84638,0.29688,1852
36,6,age_bin,shuffled,0.01,0.0001,1.46295,0.31911,1852
36,6,gender,ema_lr1e-3,0.001,0.0001,1.06122,0.50756,1852
36,6,gender,ema_lr5e-3,0.005,0.0001,0.89819,0.53618,1852
36,6,gender,ema_lr1e-2,0.01,0.0001,0.88596,0.50432,1852
36,6,gender,ema_lr5e-2,0.05,0.0001,0.74652,0.54644,1852
36,6,gender,ema_lr1e-2_wd1e-3,0.01,0.001,0.9552,0.48056,1852
36,6,gender,ema_d0.99,0.01,0.0001,0.91024,0.50918,1852
36,6,gender,ema_d0.9999,0.01,0.0001,0.93502,0.50378,1852
36,6,gender,mlp_h16,0.001,0.0,0.68502,0.56857,1852
36,6,gender,mlp_h32,0.001,0.0,0.69197,0.56102,1852
36,6,gender,mlp_h64,0.001,0.0,0.69403,0.56911,1852
36,6,gender,mlp_h128,0.001,0.0,0.69517,0.57667,1852
36,6,gender,attention,0.0001,1e-05,1.78922,0.45312,1852
36,6,gender,shuffled,0.01,0.0001,0.91898,0.48758,1852
36,6,star_sign,ema_lr1e-3,0.001,0.0001,3.14564,0.12203,1852
36,6,star_sign,ema_lr5e-3,0.005,0.0001,3.03476,0.12041,1852
36,6,star_sign,ema_lr1e-2,0.01,0.0001,2.85698,0.11069,1852
36,6,star_sign,ema_lr5e-2,0.05,0.0001,1.57223,0.56479,1852
36,6,star_sign,ema_lr1e-2_wd1e-3,0.01,0.001,2.88161,0.11825,1852
36,6,star_sign,ema_d0.99,0.01,0.0001,2.85644,0.11717,1852
36,6,star_sign,ema_d0.9999,0.01,0.0001,2.85725,0.11231,1852
36,6,star_sign,mlp_h16,0.001,0.0,1.94763,0.58855,1852
36,6,star_sign,mlp_h32,0.001,0.0,1.38934,0.99352,1852
36,6,star_sign,mlp_h64,0.001,0.0,0.54828,1.0,1852
36,6,star_sign,mlp_h128,0.001,0.0,0.07317,1.0,1852
36,6,star_sign,attention,0.0001,1e-05,0.06196,0.98438,1852
36,6,star_sign,shuffled,0.01,0.0001,2.87826,0.12203,1852
37,0,age_bin,ema_lr1e-3,0.001,0.0001,1.61812,0.32535,2170
37,0,age_bin,ema_lr5e-3,0.005,0.0001,1.55144,0.33548,2170
37,0,age_bin,ema_lr1e-2,0.01,0.0001,1.47491,0.31429,2170
37,0,age_bin,ema_lr5e-2,0.05,0.0001,1.17655,0.42304,2170
37,0,age_bin,ema_lr1e-2_wd1e-3,0.01,0.001,1.43421,0.35668,2170
37,0,age_bin,ema_d0.99,0.01,0.0001,1.50076,0.35484,2170
37,0,age_bin,ema_d0.9999,0.01,0.0001,1.46542,0.32719,2170
37,0,age_bin,mlp_h16,0.001,0.0,0.99669,0.57604,2170
37,0,age_bin,mlp_h32,0.001,0.0,0.99096,0.57696,2170
37,0,age_bin,mlp_h64,0.001,0.0,0.99089,0.57327,2170
37,0,age_bin,mlp_h128,0.001,0.0,1.00251,0.56728,2170
37,0,age_bin,attention,0.0001,1e-05,1.08107,0.53906,2170
37,0,age_bin,shuffled,0.01,0.0001,1.48755,0.32857,2170
37,0,gender,ema_lr1e-3,0.001,0.0001,1.1036,0.51751,2170
37,0,gender,ema_lr5e-3,0.005,0.0001,1.02581,0.48848,2170
37,0,gender,ema_lr1e-2,0.01,0.0001,0.9113,0.48894,2170
37,0,gender,ema_lr5e-2,0.05,0.0001,0.77412,0.52535,2170
37,0,gender,ema_lr1e-2_wd1e-3,0.01,0.001,0.91741,0.49585,2170
37,0,gender,ema_d0.99,0.01,0.0001,0.97192,0.48341,2170
37,0,gender,ema_d0.9999,0.01,0.0001,0.93746,0.49447,2170
37,0,gender,mlp_h16,0.001,0.0,0.68097,0.57788,2170
37,0,gender,mlp_h32,0.001,0.0,0.68096,0.58111,2170
37,0,gender,mlp_h64,0.001,0.0,0.68041,0.57419,2170
37,0,gender,mlp_h128,0.001,0.0,0.67556,0.58802,2170
37,0,gender,attention,0.0001,1e-05,0.69394,0.42969,2170
37,0,gender,shuffled,0.01,0.0001,0.93921,0.48986,2170
37,0,star_sign,ema_lr1e-3,0.001,0.0001,3.23045,0.11106,2170
37,0,star_sign,ema_lr5e-3,0.005,0.0001,3.08317,0.08618,2170
37,0,star_sign,ema_lr1e-2,0.01,0.0001,2.87372,0.19078,2170
37,0,star_sign,ema_lr5e-2,0.05,0.0001,1.53145,0.59816,2170
37,0,star_sign,ema_lr1e-2_wd1e-3,0.01,0.001,2.82029,0.18618,2170
37,0,star_sign,ema_d0.99,0.01,0.0001,2.81777,0.11705,2170
37,0,star_sign,ema_d0.9999,0.01,0.0001,2.83181,0.09539,2170
37,0,star_sign,mlp_h16,0.001,0.0,1.37703,0.94977,2170
37,0,star_sign,mlp_h32,0.001,0.0,1.05705,0.99862,2170
37,0,star_sign,mlp_h64,0.001,0.0,0.82782,1.0,2170
37,0,star_sign,mlp_h128,0.001,0.0,0.1057,1.0,2170
37,0,star_sign,attention,0.0001,1e-05,2.41442,1.0,2170
37,0,star_sign,shuffled,0.01,0.0001,2.8791,0.09724,2170
37,4,age_bin,ema_lr1e-3,0.001,0.0001,1.4676,0.31797,2170
37,4,age_bin,ema_lr5e-3,0.005,0.0001,1.49053,0.30691,2170
37,4,age_bin,ema_lr1e-2,0.01,0.0001,1.32192,0.34747,2170
37,4,age_bin,ema_lr5e-2,0.05,0.0001,1.16575,0.39585,2170
37,4,age_bin,ema_lr1e-2_wd1e-3,0.01,0.001,1.43822,0.30461,2170
37,4,age_bin,ema_d0.99,0.01,0.0001,1.26374,0.34885,2170
37,4,age_bin,ema_d0.9999,0.01,0.0001,1.39592,0.32535,2170
37,4,age_bin,mlp_h16,0.001,0.0,0.99391,0.57097,2170
37,4,age_bin,mlp_h32,0.001,0.0,0.99507,0.57235,2170
37,4,age_bin,mlp_h64,0.001,0.0,0.99762,0.57235,2170
37,4,age_bin,mlp_h128,0.001,0.0,1.01352,0.5659,2170
37,4,age_bin,attention,0.0001,1e-05,1.02685,0.53906,2170
37,4,age_bin,shuffled,0.01,0.0001,1.34159,0.36359,2170
37,4,gender,ema_lr1e-3,0.001,0.0001,1.07244,0.47327,2170
37,4,gender,ema_lr5e-3,0.005,0.0001,0.92095,0.52673,2170
37,4,gender,ema_lr1e-2,0.01,0.0001,0.85757,0.51521,2170
37,4,gender,ema_lr5e-2,0.05,0.0001,0.75755,0.52488,2170
37,4,gender,ema_lr1e-2_wd1e-3,0.01,0.001,0.8518,0.50323,2170
37,4,gender,ema_d0.99,0.01,0.0001,0.84213,0.51106,2170
37,4,gender,ema_d0.9999,0.01,0.0001,0.90522,0.47189,2170
37,4,gender,mlp_h16,0.001,0.0,0.67183,0.59724,2170
37,4,gender,mlp_h32,0.001,0.0,0.66553,0.62258,2170
37,4,gender,mlp_h64,0.001,0.0,0.66551,0.60645,2170
37,4,gender,mlp_h128,0.001,0.0,0.65855,0.63134,2170
37,4,gender,attention,0.0001,1e-05,0.70022,0.52344,2170
37,4,gender,shuffled,0.01,0.0001,0.86442,0.4894,2170
37,4,star_sign,ema_lr1e-3,0.001,0.0001,3.08948,0.09217,2170
37,4,star_sign,ema_lr5e-3,0.005,0.0001,2.93573,0.09724,2170
37,4,star_sign,ema_lr1e-2,0.01,0.0001,2.7312,0.12581,2170
37,4,star_sign,ema_lr5e-2,0.05,0.0001,1.41813,0.65115,2170
37,4,star_sign,ema_lr1e-2_wd1e-3,0.01,0.001,2.54543,0.17604,2170
37,4,star_sign,ema_d0.99,0.01,0.0001,2.66013,0.13318,2170
37,4,star_sign,ema_d0.9999,0.01,0.0001,2.60237,0.10783,2170
37,4,star_sign,mlp_h16,0.001,0.0,1.70725,0.60553,2170
37,4,star_sign,mlp_h32,0.001,0.0,0.619,1.0,2170
37,4,star_sign,mlp_h64,0.001,0.0,0.15748,1.0,2170
37,4,star_sign,mlp_h128,0.001,0.0,0.03109,1.0,2170
37,4,star_sign,attention,0.0001,1e-05,1.83667,1.0,2170
37,4,star_sign,shuffled,0.01,0.0001,2.66006,0.19585,2170
37,6,age_bin,ema_lr1e-3,0.001,0.0001,1.6453,0.32857,2170
37,6,age_bin,ema_lr5e-3,0.005,0.0001,1.52557,0.36313,2170
37,6,age_bin,ema_lr1e-2,0.01,0.0001,1.43342,0.35438,2170
37,6,age_bin,ema_lr5e-2,0.05,0.0001,1.10208,0.44286,2170
37,6,age_bin,ema_lr1e-2_wd1e-3,0.01,0.001,1.53793,0.32949,2170
37,6,age_bin,ema_d0.99,0.01,0.0001,1.48615,0.33917,2170
37,6,age_bin,ema_d0.9999,0.01,0.0001,1.32287,0.3871,2170
37,6,age_bin,mlp_h16,0.001,0.0,1.02353,0.5235,2170
37,6,age_bin,mlp_h32,0.001,0.0,1.00218,0.54885,2170
37,6,age_bin,mlp_h64,0.001,0.0,0.96955,0.57788,2170
37,6,age_bin,mlp_h128,0.001,0.0,0.98364,0.56728,2170
37,6,age_bin,attention,0.0001,1e-05,2.22958,0.44531,2170
37,6,age_bin,shuffled,0.01,0.0001,1.39863,0.33456,2170
37,6,gender,ema_lr1e-3,0.001,0.0001,0.94397,0.54654,2170
37,6,gender,ema_lr5e-3,0.005,0.0001,0.95535,0.51106,2170
37,6,gender,ema_lr1e-2,0.01,0.0001,0.85967,0.54286,2170
37,6,gender,ema_lr5e-2,0.05,0.0001,0.72383,0.58479,2170
37,6,gender,ema_lr1e-2_wd1e-3,0.01,0.001,0.8626,0.53088,2170
37,6,gender,ema_d0.99,0.01,0.0001,1.0344,0.46866,2170
37,6,gender,ema_d0.9999,0.01,0.0001,0.88857,0.53779,2170
37,6,gender,mlp_h16,0.001,0.0,0.66272,0.62627,2170
37,6,gender,mlp_h32,0.001,0.0,0.65255,0.62258,2170
37,6,gender,mlp_h64,0.001,0.0,0.64564,0.62442,2170
37,6,gender,mlp_h128,0.001,0.0,0.65589,0.62074,2170
37,6,gender,attention,0.0001,1e-05,1.29227,0.58594,2170
37,6,gender,shuffled,0.01,0.0001,0.94284,0.48387,2170
37,6,star_sign,ema_lr1e-3,0.001,0.0001,3.35377,0.07419,2170
37,6,star_sign,ema_lr5e-3,0.005,0.0001,3.31473,0.09171,2170
37,6,star_sign,ema_lr1e-2,0.01,0.0001,2.95761,0.10876,2170
37,6,star_sign,ema_lr5e-2,0.05,0.0001,1.55244,0.57189,2170
37,6,star_sign,ema_lr1e-2_wd1e-3,0.01,0.001,2.84853,0.12488,2170
37,6,star_sign,ema_d0.99,0.01,0.0001,2.91517,0.11198,2170
37,6,star_sign,ema_d0.9999,0.01,0.0001,2.9309,0.09724,2170
37,6,star_sign,mlp_h16,0.001,0.0,1.95499,0.58848,2170
37,6,star_sign,mlp_h32,0.001,0.0,1.36835,0.98664,2170
37,6,star_sign,mlp_h64,0.001,0.0,0.54104,1.0,2170
37,6,star_sign,mlp_h128,0.001,0.0,0.07157,1.0,2170
37,6,star_sign,attention,0.0001,1e-05,0.44067,0.89062,2170
37,6,star_sign,shuffled,0.01,0.0001,2.73772,0.16498,2170
38,0,age_bin,ema_lr1e-3,0.001,0.0001,1.67861,0.32911,1896
38,0,age_bin,ema_lr5e-3,0.005,0.0001,1.61516,0.29747,1896
38,0,age_bin,ema_lr1e-2,0.01,0.0001,1.46338,0.34863,1896
38,0,age_bin,ema_lr5e-2,0.05,0.0001,1.21817,0.37342,1896
38,0,age_bin,ema_lr1e-2_wd1e-3,0.01,0.001,1.43281,0.34968,1896
38,0,age_bin,ema_d0.99,0.01,0.0001,1.54476,0.31909,1896
38,0,age_bin,ema_d0.9999,0.01,0.0001,1.39552,0.36973,1896
38,0,age_bin,mlp_h16,0.001,0.0,1.08179,0.43302,1896
38,0,age_bin,mlp_h32,0.001,0.0,1.08339,0.43143,1896
38,0,age_bin,mlp_h64,0.001,0.0,1.08021,0.4346,1896
38,0,age_bin,mlp_h128,0.001,0.0,1.0697,0.43196,1896
38,0,age_bin,attention,0.0001,1e-05,1.08492,0.48438,1896
38,0,age_bin,shuffled,0.01,0.0001,1.40627,0.36287,1896
38,0,gender,ema_lr1e-3,0.001,0.0001,1.09336,0.52532,1896
38,0,gender,ema_lr5e-3,0.005,0.0001,0.97449,0.49895,1896
38,0,gender,ema_lr1e-2,0.01,0.0001,0.95094,0.47838,1896
38,0,gender,ema_lr5e-2,0.05,0.0001,0.78112,0.50949,1896
38,0,gender,ema_lr1e-2_wd1e-3,0.01,0.001,0.93289,0.5058,1896
38,0,gender,ema_d0.99,0.01,0.0001,0.91148,0.50105,1896
38,0,gender,ema_d0.9999,0.01,0.0001,0.92269,0.49262,1896
38,0,gender,mlp_h16,0.001,0.0,0.6918,0.52162,1896
38,0,gender,mlp_h32,0.001,0.0,0.68504,0.55696,1896
38,0,gender,mlp_h64,0.001,0.0,0.69063,0.53217,1896
38,0,gender,mlp_h128,0.001,0.0,0.68713,0.5443,1896
38,0,gender,attention,0.0001,1e-05,0.69365,0.48438,1896
38,0,gender,shuffled,0.01,0.0001,0.91855,0.50791,1896
38,0,star_sign,ema_lr1e-3,0.001,0.0001,3.30791,0.10021,1896
38,0,star_sign,ema_lr5e-3,0.005,0.0001,3.00529,0.08808,1896
38,0,star_sign,ema_lr1e-2,0.01,0.0001,2.81432,0.20517,1896
38,0,star_sign,ema_lr5e-2,0.05,0.0001,1.50947,0.60285,1896
38,0,star_sign,ema_lr1e-2_wd1e-3,0.01,0.001,2.82884,0.15612,1896
38,0,star_sign,ema_d0.99,0.01,0.0001,2.88287,0.09916,1896
38,0,star_sign,ema_d0.9999,0.01,0.0001,2.77866,0.10021,1896
38,0,star_sign,mlp_h16,0.001,0.0,1.35,0.95411,1896
38,0,star_sign,mlp_h32,0.001,0.0,0.99815,0.99895,1896
38,0,star_sign,mlp_h64,0.001,0.0,0.7778,1.0,1896
38,0,star_sign,mlp_h128,0.001,0.0,0.09084,1.0,1896
38,0,star_sign,attention,0.0001,1e-05,2.41042,1.0,1896
38,0,star_sign,shuffled,0.01,0.0001,2.7846,0.10021,1896
38,4,age_bin,ema_lr1e-3,0.001,0.0001,1.50016,0.31487,1896
38,4,age_bin,ema_lr5e-3,0.005,0.0001,1.42952,0.31118,1896
38,4,age_bin,ema_lr1e-2,0.01,0.0001,1.33957,0.33703,1896
38,4,age_bin,ema_lr5e-2,0.05,0.0001,1.1556,0.3808,1896
38,4,age_bin,ema_lr1e-2_wd1e-3,0.01,0.001,1.31911,0.3481,1896
38,4,age_bin,ema_d0.99,0.01,0.0001,1.3253,0.32806,1896
38,4,age_bin,ema_d0.9999,0.01,0.0001,1.39857,0.30749,1896
38,4,age_bin,mlp_h16,0.001,0.0,1.09117,0.43565,1896
38,4,age_bin,mlp_h32,0.001,0.0,1.07759,0.43302,1896
38,4,age_bin,mlp_h64,0.001,0.0,1.07681,0.43091,1896
38,4,age_bin,mlp_h128,0.001,0.0,1.06572,0.42511,1896
38,4,age_bin,attention,0.0001,1e-05,1.03033,0.48438,1896
38,4,age_bin,shuffled,0.01,0.0001,1.35269,0.34019,1896
38,4,gender,ema_lr1e-3,0.001,0.0001,0.96064,0.52848,1896
38,4,gender,ema_lr5e-3,0.005,0.0001,0.89513,0.52479,1896
38,4,gender,ema_lr1e-2,0.01,0.0001,0.83637,0.53956,1896
38,4,gender,ema_lr5e-2,0.05,0.0001,0.74967,0.51951,1896
38,4,gender,ema_lr1e-2_wd1e-3,0.01,0.001,0.90035,0.46413,1896
38,4,gender,ema_d0.99,0.01,0.0001,0.83981,0.50791,1896
38,4,gender,ema_d0.9999,0.01,0.0001,0.81572,0.53323,1896
38,4,gender,mlp_h16,0.001,0.0,0.68628,0.54747,1896
38,4,gender,mlp_h32,0.001,0.0,0.69191,0.53059,1896
38,4,gender,mlp_h64,0.001,0.0,0.69193,0.54589,1896
38,4,gender,mlp_h128,0.001,0.0,0.68658,0.56013,1896
38,4,gender,attention,0.0001,1e-05,0.69827,0.5,1896
38,4,gender,shuffled,0.01,0.0001,0.86358,0.4942,1896
38,4,star_sign,ema_lr1e-3,0.001,0.0001,3.11277,0.09124,1896
38,4,star_sign,ema_lr5e-3,0.005,0.0001,2.88649,0.1192,1896
38,4,star_sign,ema_lr1e-2,0.01,0.0001,2.57813,0.15876,1896
38,4,star_sign,ema_lr5e-2,0.05,0.0001,1.35153,0.68882,1896
38,4,star_sign,ema_lr1e-2_wd1e-3,0.01,0.001,2.60647,0.15717,1896
38,4,star_sign,ema_d0.99,0.01,0.0001,2.59296,0.14979,1896
38,4,star_sign,ema_d0.9999,0.01,0.0001,2.6348,0.10601,1896
38,4,star_sign,mlp_h16,0.001,0.0,1.66345,0.6788,1896
38,4,star_sign,mlp_h32,0.001,0.0,0.56927,1.0,1896
38,4,star_sign,mlp_h64,0.001,0.0,0.14055,1.0,1896
38,4,star_sign,mlp_h128,0.001,0.0,0.02654,1.0,1896
38,4,star_sign,attention,0.0001,1e-05,1.80164,0.99219,1896
38,4,star_sign,shuffled,0.01,0.0001,2.66427,0.1904,1896
38,6,age_bin,ema_lr1e-3,0.001,0.0001,1.53053,0.34916,1896
38,6,age_bin,ema_lr5e-3,0.005,0.0001,1.43233,0.37131,1896
38,6,age_bin,ema_lr1e-2,0.01,0.0001,1.36428,0.34705,1896
38,6,age_bin,ema_lr5e-2,0.05,0.0001,1.21466,0.37131,1896
38,6,age_bin,ema_lr1e-2_wd1e-3,0.01,0.001,1.50432,0.31962,1896
38,6,age_bin,ema_d0.99,0.01,0.0001,1.31772,0.3961,1896
38,6,age_bin,ema_d0.9999,0.01,0.0001,1.40867,0.34124,1896
38,6,age_bin,mlp_h16,0.001,0.0,1.07332,0.41983,1896
38,6,age_bin,mlp_h32,0.001,0.0,1.07688,0.42932,1896
38,6,age_bin,mlp_h64,0.001,0.0,1.07728,0.43038,1896
38,6,age_bin,mlp_h128,0.001,0.0,1.07017,0.42827,1896
38,6,age_bin,attention,0.0001,1e-05,2.72652,0.375,1896
38,6,age_bin,shuffled,0.01,0.0001,1.41805,0.33439,1896
38,6,gender,ema_lr1e-3,0.001,0.0001,1.09491,0.46466,1896
38,6,gender,ema_lr5e-3,0.005,0.0001,1.02481,0.48418,1896
38,6,gender,ema_lr1e-2,0.01,0.0001,0.95656,0.49156,1896
38,6,gender,ema_lr5e-2,0.05,0.0001,0.76259,0.51319,1896
38,6,gender,ema_lr1e-2_wd1e-3,0.01,0.001,0.86899,0.53797,1896
38,6,gender,ema_d0.99,0.01,0.0001,0.89852,0.52479,1896
38,6,gender,ema_d0.9999,0.01,0.0001,0.9643,0.49051,1896
38,6,gender,mlp_h16,0.001,0.0,0.69014,0.53428,1896
38,6,gender,mlp_h32,0.001,0.0,0.68776,0.54272,1896
38,6,gender,mlp_h64,0.001,0.0,0.67393,0.54641,1896
38,6,gender,mlp_h128,0.001,0.0,0.67809,0.55327,1896
38,6,gender,attention,0.0001,1e-05,1.45299,0.5625,1896
38,6,gender,shuffled,0.01,0.0001,0.92232,0.4942,1896
38,6,star_sign,ema_lr1e-3,0.001,0.0001,3.26528,0.09388,1896
38,6,star_sign,ema_lr5e-3,0.005,0.0001,2.93686,0.14135,1896
38,6,star_sign,ema_lr1e-2,0.01,0.0001,2.89208,0.11445,1896
38,6,star_sign,ema_lr5e-2,0.05,0.0001,1.47675,0.60865,1896
38,6,star_sign,ema_lr1e-2_wd1e-3,0.01,0.001,2.85783,0.12922,1896
38,6,star_sign,ema_d0.99,0.01,0.0001,2.91911,0.10549,1896
38,6,star_sign,ema_d0.9999,0.01,0.0001,2.84639,0.11867,1896
38,6,star_sign,mlp_h16,0.001,0.0,1.87449,0.63344,1896
38,6,star_sign,mlp_h32,0.001,0.0,1.29977,0.99736,1896
38,6,star_sign,mlp_h64,0.001,0.0,0.47591,1.0,1896
38,6,star_sign,mlp_h128,0.001,0.0,0.05823,1.0,1896
38,6,star_sign,attention,0.0001,1e-05,0.04709,0.96875,1896
38,6,star_sign,shuffled,0.01,0.0001,2.90365,0.10918,1896
39,0,age_bin,ema_lr1e-3,0.001,0.0001,1.67169,0.31217,2079
39,0,age_bin,ema_lr5e-3,0.005,0.0001,1.51777,0.32997,2079
39,0,age_bin,ema_lr1e-2,0.01,0.0001,1.42352,0.34824,2079
39,0,age_bin,ema_lr5e-2,0.05,0.0001,1.17464,0.41607,2079
39,0,age_bin,ema_lr1e-2_wd1e-3,0.01,0.001,1.42293,0.34151,2079
39,0,age_bin,ema_d0.99,0.01,0.0001,1.47834,0.35017,2079
39,0,age_bin,ema_d0.9999,0.01,0.0001,1.43468,0.34969,2079
39,0,age_bin,mlp_h16,0.001,0.0,1.03109,0.50794,2079
39,0,age_bin,mlp_h32,0.001,0.0,1.03443,0.50313,2079
39,0,age_bin,mlp_h64,0.001,0.0,1.02712,0.50649,2079
39,0,age_bin,mlp_h128,0.001,0.0,1.03296,0.49591,2079
39,0,age_bin,attention,0.0001,1e-05,1.08213,0.52344,2079
39,0,age_bin,shuffled,0.01,0.0001,1.46899,0.33766,2079
39,0,gender,ema_lr1e-3,0.001,0.0001,1.12768,0.50168,2079
39,0,gender,ema_lr5e-3,0.005,0.0001,1.02792,0.47667,2079
39,0,gender,ema_lr1e-2,0.01,0.0001,0.86908,0.50842,2079
39,0,gender,ema_lr5e-2,0.05,0.0001,0.77877,0.51659,2079
39,0,gender,ema_lr1e-2_wd1e-3,0.01,0.001,0.95074,0.49976,2079
39,0,gender,ema_d0.99,0.01,0.0001,0.89666,0.51756,2079
39,0,gender,ema_d0.9999,0.01,0.0001,0.95655,0.50216,2079
39,0,gender,mlp_h16,0.001,0.0,0.68663,0.54401,2079
39,0,gender,mlp_h32,0.001,0.0,0.69042,0.52573,2079
39,0,gender,mlp_h64,0.001,0.0,0.69037,0.52862,2079
39,0,gender,mlp_h128,0.001,0.0,0.68779,0.54305,2079
39,0,gender,attention,0.0001,1e-05,0.69224,0.52344,2079
39,0,gender,shuffled,0.01,0.0001,0.95639,0.50842,2079
39,0,star_sign,ema_lr1e-3,0.001,0.0001,3.30341,0.1063,2079
39,0,star_sign,ema_lr5e-3,0.005,0.0001,3.01348,0.07888,2079
39,0,star_sign,ema_lr1e-2,0.01,0.0001,2.82991,0.21501,2079
39,0,star_sign,ema_lr5e-2,0.05,0.0001,1.45486,0.62482,2079
39,0,star_sign,ema_lr1e-2_wd1e-3,0.01,0.001,2.80043,0.15777,2079
39,0,star_sign,ema_d0.99,0.01,0.0001,2.85527,0.11736,2079
39,0,star_sign,ema_d0.9999,0.01,0.0001,2.75661,0.11111,2079
39,0,star_sign,mlp_h16,0.001,0.0,1.31829,0.95527,2079
39,0,star_sign,mlp_h32,0.001,0.0,0.97249,0.99952,2079
39,0,star_sign,mlp_h64,0.001,0.0,0.73002,1.0,2079
39,0,star_sign,mlp_h128,0.001,0.0,0.08298,1.0,2079
39,0,star_sign,attention,0.0001,1e-05,2.40896,1.0,2079
39,0,star_sign,shuffled,0.01,0.0001,2.81178,0.08706,2079
39,4,age_bin,ema_lr1e-3,0.001,0.0001,1.46949,0.32804,2079
39,4,age_bin,ema_lr5e-3,0.005,0.0001,1.38695,0.34488,2079
39,4,age_bin,ema_lr1e-2,0.01,0.0001,1.30857,0.35017,2079
39,4,age_bin,ema_lr5e-2,0.05,0.0001,1.15937,0.39875,2079
39,4,age_bin,ema_lr1e-2_wd1e-3,0.01,0.001,1.34207,0.34921,2079
39,4,age_bin,ema_d0.99,0.01,0.0001,1.28455,0.34151,2079
39,4,age_bin,ema_d0.9999,0.01,0.0001,1.34436,0.34151,2079
39,4,age_bin,mlp_h16,0.001,0.0,1.03565,0.50601,2079
39,4,age_bin,mlp_h32,0.001,0.0,1.02603,0.5089,2079
39,4,age_bin,mlp_h64,0.001,0.0,1.03161,0.50938,2079
39,4,age_bin,mlp_h128,0.001,0.0,1.03489,0.50072,2079
39,4,age_bin,attention,0.0001,1e-05,1.01626,0.52344,2079
39,4,age_bin,shuffled,0.01,0.0001,1.36863,0.3343,2079
39,4,gender,ema_lr1e-3,0.001,0.0001,1.08295,0.4608,2079
39,4,gender,ema_lr5e-3,0.005,0.0001,0.90015,0.52381,2079
39,4,gender,ema_lr1e-2,0.01,0.0001,0.85814,0.50505,2079
39,4,gender,ema_lr5e-2,0.05,0.0001,0.78316,0.47523,2079
39,4,gender,ema_lr1e-2_wd1e-3,0.01,0.001,0.86731,0.50553,2079
39,4,gender,ema_d0.99,0.01,0.0001,0.86028,0.48148,2079
39,4,gender,ema_d0.9999,0.01,0.0001,0.86717,0.49976,2079
39,4,gender,mlp_h16,0.001,0.0,0.69116,0.52573,2079
39,4,gender,mlp_h32,0.001,0.0,0.69051,0.54113,2079
39,4,gender,mlp_h64,0.001,0.0,0.68816,0.54064,2079
39,4,gender,mlp_h128,0.001,0.0,0.68626,0.56181,2079
39,4,gender,attention,0.0001,1e-05,0.68976,0.53125,2079
39,4,gender,shuffled,0.01,0.0001,0.8783,0.49254,2079
39,4,star_sign,ema_lr1e-3,0.001,0.0001,3.19125,0.08418,2079
39,4,star_sign,ema_lr5e-3,0.005,0.0001,2.86239,0.11592,2079
39,4,star_sign,ema_lr1e-2,0.01,0.0001,2.60993,0.15248,2079
39,4,star_sign,ema_lr5e-2,0.05,0.0001,1.38417,0.67677,2079
39,4,star_sign,ema_lr1e-2_wd1e-3,0.01,0.001,2.57459,0.16931,2079
39,4,star_sign,ema_d0.99,0.01,0.0001,2.6424,0.13997,2079
39,4,star_sign,ema_d0.9999,0.01,0.0001,2.60082,0.10342,2079
39,4,star_sign,mlp_h16,0.001,0.0,1.6587,0.70755,2079
39,4,star_sign,mlp_h32,0.001,0.0,0.53565,1.0,2079
39,4,star_sign,mlp_h64,0.001,0.0,0.12641,1.0,2079
39,4,star_sign,mlp_h128,0.001,0.0,0.02368,1.0,2079
39,4,star_sign,attention,0.0001,1e-05,1.79031,1.0,2079
39,4,star_sign,shuffled,0.01,0.0001,2.60986,0.21212,2079
39,6,age_bin,ema_lr1e-3,0.001,0.0001,1.5864,0.31313,2079
39,6,age_bin,ema_lr5e-3,0.005,0.0001,1.51301,0.35883,2079
39,6,age_bin,ema_lr1e-2,0.01,0.0001,1.37771,0.35931,2079
39,6,age_bin,ema_lr5e-2,0.05,0.0001,1.13411,0.42569,2079
39,6,age_bin,ema_lr1e-2_wd1e-3,0.01,0.001,1.45829,0.34536,2079
39,6,age_bin,ema_d0.99,0.01,0.0001,1.40623,0.38191,2079
39,6,age_bin,ema_d0.9999,0.01,0.0001,1.42067,0.36171,2079
39,6,age_bin,mlp_h16,0.001,0.0,1.03925,0.47475,2079
39,6,age_bin,mlp_h32,0.001,0.0,1.02292,0.5113,2079
39,6,age_bin,mlp_h64,0.001,0.0,1.01171,0.51275,2079
39,6,age_bin,mlp_h128,0.001,0.0,1.01108,0.51563,2079
39,6,age_bin,attention,0.0001,1e-05,2.29757,0.39062,2079
39,6,age_bin,shuffled,0.01,0.0001,1.42937,0.34295,2079
39,6,gender,ema_lr1e-3,0.001,0.0001,0.90493,0.55123,2079
39,6,gender,ema_lr5e-3,0.005,0.0001,0.87356,0.55026,2079
39,6,gender,ema_lr1e-2,0.01,0.0001,0.96246,0.48485,2079
39,6,gender,ema_lr5e-2,0.05,0.0001,0.76995,0.52525,2079
39,6,gender,ema_lr1e-2_wd1e-3,0.01,0.001,0.98945,0.45936,2079
39,6,gender,ema_d0.99,0.01,0.0001,0.93938,0.49495,2079
39,6,gender,ema_d0.9999,0.01,0.0001,1.01767,0.46657,2079
39,6,gender,mlp_h16,0.001,0.0,0.67765,0.59211,2079
39,6,gender,mlp_h32,0.001,0.0,0.6877,0.56277,2079
39,6,gender,mlp_h64,0.001,0.0,0.69048,0.58874,2079
39,6,gender,mlp_h128,0.001,0.0,0.68772,0.57912,2079
39,6,gender,attention,0.0001,1e-05,1.2816,0.45312,2079
39,6,gender,shuffled,0.01,0.0001,0.92298,0.49303,2079
39,6,star_sign,ema_lr1e-3,0.001,0.0001,3.25208,0.10967,2079
39,6,star_sign,ema_lr5e-3,0.005,0.0001,3.1021,0.12602,2079
39,6,star_sign,ema_lr1e-2,0.01,0.0001,2.85508,0.13131,2079
39,6,star_sign,ema_lr5e-2,0.05,0.0001,1.35863,0.64598,2079
39,6,star_sign,ema_lr1e-2_wd1e-3,0.01,0.001,2.7819,0.13612,2079
39,6,star_sign,ema_d0.99,0.01,0.0001,2.78747,0.12121,2079
39,6,star_sign,ema_d0.9999,0.01,0.0001,2.85815,0.13131,2079
39,6,star_sign,mlp_h16,0.001,0.0,1.87163,0.64791,2079
39,6,star_sign,mlp_h32,0.001,0.0,1.28961,0.99567,2079
39,6,star_sign,mlp_h64,0.001,0.0,0.44523,1.0,2079
39,6,star_sign,mlp_h128,0.001,0.0,0.05537,1.0,2079
39,6,star_sign,attention,0.0001,1e-05,0.10557,0.96094,2079
39,6,star_sign,shuffled,0.01,0.0001,2.77327,0.14093,2079
40,0,age_bin,ema_lr1e-3,0.001,0.0001,1.6184,0.33489,427
40,0,age_bin,ema_lr5e-3,0.005,0.0001,1.57451,0.34192,427
40,0,age_bin,ema_lr1e-2,0.01,0.0001,1.38627,0.37237,427
40,0,age_bin,ema_lr5e-2,0.05,0.0001,1.13291,0.4356,427
40,0,age_bin,ema_lr1e-2_wd1e-3,0.01,0.001,1.30728,0.39578,427
40,0,age_bin,ema_d0.99,0.01,0.0001,1.35185,0.38407,427
40,0,age_bin,ema_d0.9999,0.01,0.0001,1.34719,0.39578,427
40,0,age_bin,mlp_h16,0.001,0.0,1.00572,0.52927,427
40,0,age_bin,mlp_h32,0.001,0.0,0.9938,0.51288,427
40,0,age_bin,mlp_h64,0.001,0.0,0.99117,0.52459,427
40,0,age_bin,mlp_h128,0.001,0.0,0.99282,0.53864,427
40,0,age_bin,attention,0.0001,1e-05,1.07941,0.53333,427
40,0,age_bin,shuffled,0.01,0.0001,1.52282,0.29508,427
40,0,gender,ema_lr1e-3,0.001,0.0001,1.11121,0.49649,427
40,0,gender,ema_lr5e-3,0.005,0.0001,0.96771,0.51522,427
40,0,gender,ema_lr1e-2,0.01,0.0001,0.96006,0.46838,427
40,0,gender,ema_lr5e-2,0.05,0.0001,0.73475,0.54801,427
40,0,gender,ema_lr1e-2_wd1e-3,0.01,0.001,0.92749,0.47541,427
40,0,gender,ema_d0.99,0.01,0.0001,1.04798,0.46838,427
40,0,gender,ema_d0.9999,0.01,0.0001,0.88185,0.52693,427
40,0,gender,mlp_h16,0.001,0.0,0.68686,0.55738,427
40,0,gender,mlp_h32,0.001,0.0,0.68814,0.54333,427
40,0,gender,mlp_h64,0.001,0.0,0.6854,0.55035,427
40,0,gender,mlp_h128,0.001,0.0,0.68447,0.55738,427
40,0,gender,attention,0.0001,1e-05,0.69227,0.43333,427
40,0,gender,shuffled,0.01,0.0001,0.94341,0.50117,427
40,0,star_sign,ema_lr1e-3,0.001,0.0001,3.3353,0.10773,427
40,0,star_sign,ema_lr5e-3,0.005,0.0001,2.94752,0.09368,427
40,0,star_sign,ema_lr1e-2,0.01,0.0001,2.79538,0.22014,427
40,0,star_sign,ema_lr5e-2,0.05,0.0001,1.39725,0.65574,427
40,0,star_sign,ema_lr1e-2_wd1e-3,0.01,0.001,2.94898,0.16628,427
40,0,star_sign,ema_d0.99,0.01,0.0001,2.84276,0.11241,427
40,0,star_sign,ema_d0.9999,0.01,0.0001,2.69896,0.11475,427
40,0,star_sign,mlp_h16,0.001,0.0,1.31884,0.95316,427
40,0,star_sign,mlp_h32,0.001,0.0,0.9032,0.99766,427
40,0,star_sign,mlp_h64,0.001,0.0,0.65307,1.0,427
40,0,star_sign,mlp_h128,0.001,0.0,0.0693,1.0,427
40,0,star_sign,attention,0.0001,1e-05,2.40485,1.0,427
40,0,star_sign,shuffled,0.01,0.0001,2.78674,0.08899,427
40,4,age_bin,ema_lr1e-3,0.001,0.0001,1.44287,0.33255,427
40,4,age_bin,ema_lr5e-3,0.005,0.0001,1.29715,0.37471,427
40,4,age_bin,ema_lr1e-2,0.01,0.0001,1.28787,0.32787,427
40,4,age_bin,ema_lr5e-2,0.05,0.0001,1.09073,0.47073,427
40,4,age_bin,ema_lr1e-2_wd1e-3,0.01,0.001,1.34749,0.30913,427
40,4,age_bin,ema_d0.99,0.01,0.0001,1.27699,0.34426,427
40,4,age_bin,ema_d0.9999,0.01,0.0001,1.2458,0.37939,427
40,4,age_bin,mlp_h16,0.001,0.0,0.97569,0.52927,427
40,4,age_bin,mlp_h32,0.001,0.0,0.9824,0.52927,427
40,4,age_bin,mlp_h64,0.001,0.0,0.98093,0.52927,427
40,4,age_bin,mlp_h128,0.001,0.0,0.97011,0.52927,427
40,4,age_bin,attention,0.0001,1e-05,1.01291,0.53333,427
40,4,age_bin,shuffled,0.01,0.0001,1.34771,0.34426,427
40,4,gender,ema_lr1e-3,0.001,0.0001,0.977,0.52225,427
40,4,gender,ema_lr5e-3,0.005,0.0001,0.93988,0.46136,427
40,4,gender,ema_lr1e-2,0.01,0.0001,0.85707,0.49883,427
40,4,gender,ema_lr5e-2,0.05,0.0001,0.73082,0.55504,427
40,4,gender,ema_lr1e-2_wd1e-3,0.01,0.001,0.81728,0.5082,427
40,4,gender,ema_d0.99,0.01,0.0001,0.83809,0.5363,427
40,4,gender,ema_d0.9999,0.01,0.0001,0.85884,0.47541,427
40,4,gender,mlp_h16,0.001,0.0,0.67548,0.58314,427
40,4,gender,mlp_h32,0.001,0.0,0.67799,0.55972,427
40,4,gender,mlp_h64,0.001,0.0,0.67545,0.55269,427
40,4,gender,mlp_h128,0.001,0.0,0.68259,0.54567,427
40,4,gender,attention,0.0001,1e-05,0.7014,0.4,427
40,4,gender,shuffled,0.01,0.0001,0.88703,0.47307,427
40,4,star_sign,ema_lr1e-3,0.001,0.0001,2.98062,0.10773,427
40,4,star_sign,ema_lr5e-3,0.005,0.0001,3.06354,0.07494,427
40,4,star_sign,ema_lr1e-2,0.01,0.0001,2.63056,0.15691,427
40,4,star_sign,ema_lr5e-2,0.05,0.0001,1.33165,0.75176,427
40,4,star_sign,ema_lr1e-2_wd1e-3,0.01,0.001,2.54376,0.17096,427
40,4,star_sign,ema_d0.99,0.01,0.0001,2.52338,0.15925,427
40,4,star_sign,ema_d0.9999,0.01,0.0001,2.69281,0.08197,427
40,4,star_sign,mlp_h16,0.001,0.0,1.59231,0.79157,427
40,4,star_sign,mlp_h32,0.001,0.0,0.43957,1.0,427
40,4,star_sign,mlp_h64,0.001,0.0,0.1079,1.0,427
40,4,star_sign,mlp_h128,0.001,0.0,0.01952,1.0,427
40,4,star_sign,attention,0.0001,1e-05,1.757,1.0,427
40,4,star_sign,shuffled,0.01,0.0001,2.57001,0.21077,427
40,6,age_bin,ema_lr1e-3,0.001,0.0001,1.62047,0.32318,427
40,6,age_bin,ema_lr5e-3,0.005,0.0001,1.64784,0.31382,427
40,6,age_bin,ema_lr1e-2,0.01,0.0001,1.4182,0.35129,427
40,6,age_bin,ema_lr5e-2,0.05,0.0001,1.06441,0.51522,427
40,6,age_bin,ema_lr1e-2_wd1e-3,0.01,0.001,1.26812,0.41218,427
40,6,age_bin,ema_d0.99,0.01,0.0001,1.34991,0.35831,427
40,6,age_bin,ema_d0.9999,0.01,0.0001,1.3866,0.37237,427
40,6,age_bin,mlp_h16,0.001,0.0,1.02456,0.5363,427
40,6,age_bin,mlp_h32,0.001,0.0,0.99962,0.51054,427
40,6,age_bin,mlp_h64,0.001,0.0,0.98521,0.52693,427
40,6,age_bin,mlp_h128,0.001,0.0,0.97215,0.51288,427
40,6,age_bin,attention,0.0001,1e-05,2.58743,0.33333,427
40,6,age_bin,shuffled,0.01,0.0001,1.35432,0.363,427
40,6,gender,ema_lr1e-3,0.001,0.0001,1.135,0.47775,427
40,6,gender,ema_lr5e-3,0.005,0.0001,0.89954,0.54567,427
40,6,gender,ema_lr1e-2,0.01,0.0001,0.85545,0.55035,427
40,6,gender,ema_lr5e-2,0.05,0.0001,0.70273,0.57377,427
40,6,gender,ema_lr1e-2_wd1e-3,0.01,0.001,0.82767,0.53864,427
40,6,gender,ema_d0.99,0.01,0.0001,0.87046,0.53396,427
40,6,gender,ema_d0.9999,0.01,0.0001,0.85433,0.54567,427
40,6,gender,mlp_h16,0.001,0.0,0.66288,0.62529,427
40,6,gender,mlp_h32,0.001,0.0,0.6606,0.60187,427
40,6,gender,mlp_h64,0.001,0.0,0.65881,0.62061,427
40,6,gender,mlp_h128,0.001,0.0,0.66148,0.59485,427
40,6,gender,attention,0.0001,1e-05,1.03899,0.6,427
40,6,gender,shuffled,0.01,0.0001,0.98393,0.45433,427
40,6,star_sign,ema_lr1e-3,0.001,0.0001,3.1258,0.07728,427
40,6,star_sign,ema_lr5e-3,0.005,0.0001,2.73019,0.1733,427
40,6,star_sign,ema_lr1e-2,0.01,0.0001,2.89663,0.11944,427
40,6,star_sign,ema_lr5e-2,0.05,0.0001,1.47458,0.61358,427
40,6,star_sign,ema_lr1e-2_wd1e-3,0.01,0.001,2.88823,0.10304,427
40,6,star_sign,ema_d0.99,0.01,0.0001,2.79559,0.11944,427
40,6,star_sign,ema_d0.9999,0.01,0.0001,2.73065,0.15222,427
40,6,star_sign,mlp_h16,0.001,0.0,1.79097,0.6815,427
40,6,star_sign,mlp_h32,0.001,0.0,1.22056,0.99532,427
40,6,star_sign,mlp_h64,0.001,0.0,0.39568,1.0,427
40,6,star_sign,mlp_h128,0.001,0.0,0.04806,1.0,427
40,6,star_sign,attention,0.0001,1e-05,0.00182,1.0,427
40,6,star_sign,shuffled,0.01,0.0001,3.01927,0.10304,427
