batch,layer,task,config,lr,wd,loss,batch_acc,n_tokens
0,0,age_bin,ema_lr1e-3,0.001,0.0001,1.5319,0.36397,1882
0,0,age_bin,ema_lr5e-3,0.005,0.0001,1.57751,0.34591,1882
0,0,age_bin,ema_lr1e-2,0.01,0.0001,1.53975,0.33422,1882
0,0,age_bin,ema_lr5e-2,0.05,0.0001,1.66772,0.31934,1882
0,0,age_bin,ema_lr1e-2_wd1e-3,0.01,0.001,1.56576,0.32253,1882
0,0,age_bin,ema_d0.99,0.01,0.0001,1.62102,0.32519,1882
0,0,age_bin,ema_d0.9999,0.01,0.0001,1.49505,0.34378,1882
0,0,age_bin,mlp_h16,0.001,0.0,1.13647,0.26249,1882
0,0,age_bin,mlp_h32,0.001,0.0,1.11212,0.33794,1882
0,0,age_bin,mlp_h64,0.001,0.0,1.10229,0.38417,1882
0,0,age_bin,mlp_h128,0.001,0.0,1.13544,0.31243,1882
0,0,age_bin,attention,0.0001,1e-05,1.09778,0.32812,1882
0,0,age_bin,shuffled,0.01,0.0001,1.61463,0.31084,1882
0,0,gender,ema_lr1e-3,0.001,0.0001,1.0861,0.4899,1882
0,0,gender,ema_lr5e-3,0.005,0.0001,1.11977,0.49362,1882
0,0,gender,ema_lr1e-2,0.01,0.0001,1.08035,0.49309,1882
0,0,gender,ema_lr5e-2,0.05,0.0001,1.13051,0.48565,1882
0,0,gender,ema_lr1e-2_wd1e-3,0.01,0.001,1.16005,0.49575,1882
0,0,gender,ema_d0.99,0.01,0.0001,1.04665,0.50266,1882
0,0,gender,ema_d0.9999,0.01,0.0001,1.11859,0.47875,1882
0,0,gender,mlp_h16,0.001,0.0,0.70564,0.51966,1882
0,0,gender,mlp_h32,0.001,0.0,0.71578,0.52922,1882
0,0,gender,mlp_h64,0.001,0.0,0.70013,0.49203,1882
0,0,gender,mlp_h128,0.001,0.0,0.72119,0.45749,1882
0,0,gender,attention,0.0001,1e-05,0.69322,0.48438,1882
0,0,gender,shuffled,0.01,0.0001,1.18528,0.47024,1882
0,0,star_sign,ema_lr1e-3,0.001,0.0001,3.23218,0.12806,1882
0,0,star_sign,ema_lr5e-3,0.005,0.0001,3.2162,0.05048,1882
0,0,star_sign,ema_lr1e-2,0.01,0.0001,3.18294,0.06004,1882
0,0,star_sign,ema_lr5e-2,0.05,0.0001,3.20481,0.06961,1882
0,0,star_sign,ema_lr1e-2_wd1e-3,0.01,0.001,3.24597,0.10043,1882
0,0,star_sign,ema_d0.99,0.01,0.0001,3.22492,0.05845,1882
0,0,star_sign,ema_d0.9999,0.01,0.0001,3.23612,0.09245,1882
0,0,star_sign,mlp_h16,0.001,0.0,2.54652,0.03985,1882
0,0,star_sign,mlp_h32,0.001,0.0,2.62053,0.00106,1882
0,0,star_sign,mlp_h64,0.001,0.0,2.41773,0.09671,1882
0,0,star_sign,mlp_h128,0.001,0.0,2.70054,0.02019,1882
0,0,star_sign,attention,0.0001,1e-05,2.47688,0.20312,1882
0,0,star_sign,shuffled,0.01,0.0001,3.25587,0.11265,1882
0,4,age_bin,ema_lr1e-3,0.001,0.0001,1.56543,0.37194,1882
0,4,age_bin,ema_lr5e-3,0.005,0.0001,1.54607,0.35707,1882
0,4,age_bin,ema_lr1e-2,0.01,0.0001,1.41787,0.30659,1882
0,4,age_bin,ema_lr5e-2,0.05,0.0001,1.69371,0.34485,1882
0,4,age_bin,ema_lr1e-2_wd1e-3,0.01,0.001,1.55132,0.30978,1882
0,4,age_bin,ema_d0.99,0.01,0.0001,1.93198,0.37673,1882
0,4,age_bin,ema_d0.9999,0.01,0.0001,1.53735,0.27524,1882
0,4,age_bin,mlp_h16,0.001,0.0,1.09319,0.37832,1882
0,4,age_bin,mlp_h32,0.001,0.0,1.11638,0.28905,1882
0,4,age_bin,mlp_h64,0.001,0.0,1.10531,0.34591,1882
0,4,age_bin,mlp_h128,0.001,0.0,1.15626,0.21573,1882
0,4,age_bin,attention,0.0001,1e-05,1.07047,0.41406,1882
0,4,age_bin,shuffled,0.01,0.0001,1.50922,0.34325,1882
0,4,gender,ema_lr1e-3,0.001,0.0001,1.07475,0.47715,1882
0,4,gender,ema_lr5e-3,0.005,0.0001,1.00387,0.49256,1882
0,4,gender,ema_lr1e-2,0.01,0.0001,1.23138,0.4745,1882
0,4,gender,ema_lr5e-2,0.05,0.0001,0.87947,0.53826,1882
0,4,gender,ema_lr1e-2_wd1e-3,0.01,0.001,1.05707,0.54304,1882
0,4,gender,ema_d0.99,0.01,0.0001,0.95768,0.46918,1882
0,4,gender,ema_d0.9999,0.01,0.0001,0.99577,0.53773,1882
0,4,gender,mlp_h16,0.001,0.0,0.71676,0.47396,1882
0,4,gender,mlp_h32,0.001,0.0,0.70166,0.53613,1882
0,4,gender,mlp_h64,0.001,0.0,0.69748,0.54091,1882
0,4,gender,mlp_h128,0.001,0.0,0.71049,0.47024,1882
0,4,gender,attention,0.0001,1e-05,0.74602,0.47656,1882
0,4,gender,shuffled,0.01,0.0001,1.03353,0.49947,1882
0,4,star_sign,ema_lr1e-3,0.001,0.0001,3.12503,0.11583,1882
0,4,star_sign,ema_lr5e-3,0.005,0.0001,3.22087,0.10149,1882
0,4,star_sign,ema_lr1e-2,0.01,0.0001,3.15238,0.12062,1882
0,4,star_sign,ema_lr5e-2,0.05,0.0001,3.13608,0.04888,1882
0,4,star_sign,ema_lr1e-2_wd1e-3,0.01,0.001,3.35566,0.06642,1882
0,4,star_sign,ema_d0.99,0.01,0.0001,3.20872,0.16472,1882
0,4,star_sign,ema_d0.9999,0.01,0.0001,3.15446,0.08448,1882
0,4,star_sign,mlp_h16,0.001,0.0,2.5494,0.00159,1882
0,4,star_sign,mlp_h32,0.001,0.0,2.70676,0.0,1882
0,4,star_sign,mlp_h64,0.001,0.0,2.50614,0.03879,1882
0,4,star_sign,mlp_h128,0.001,0.0,2.41872,0.14346,1882
0,4,star_sign,attention,0.0001,1e-05,2.78835,0.0,1882
0,4,star_sign,shuffled,0.01,0.0001,3.17764,0.07333,1882
0,6,age_bin,ema_lr1e-3,0.001,0.0001,1.63245,0.33688,1882
0,6,age_bin,ema_lr5e-3,0.005,0.0001,1.84984,0.32519,1882
0,6,age_bin,ema_lr1e-2,0.01,0.0001,1.70349,0.32359,1882
0,6,age_bin,ema_lr5e-2,0.05,0.0001,1.60397,0.31296,1882
0,6,age_bin,ema_lr1e-2_wd1e-3,0.01,0.001,1.5627,0.34325,1882
0,6,age_bin,ema_d0.99,0.01,0.0001,1.63518,0.356,1882
0,6,age_bin,ema_d0.9999,0.01,0.0001,1.57162,0.33634,1882
0,6,age_bin,mlp_h16,0.001,0.0,1.1633,0.27311,1882
0,6,age_bin,mlp_h32,0.001,0.0,1.15347,0.24336,1882
0,6,age_bin,mlp_h64,0.001,0.0,1.13872,0.28268,1882
0,6,age_bin,mlp_h128,0.001,0.0,1.1066,0.3406,1882
0,6,age_bin,attention,0.0001,1e-05,12.31715,0.47656,1882
0,6,age_bin,shuffled,0.01,0.0001,1.60719,0.32306,1882
0,6,gender,ema_lr1e-3,0.001,0.0001,1.21738,0.4644,1882
0,6,gender,ema_lr5e-3,0.005,0.0001,1.05149,0.49309,1882
0,6,gender,ema_lr1e-2,0.01,0.0001,1.26711,0.43252,1882
0,6,gender,ema_lr5e-2,0.05,0.0001,0.91661,0.53985,1882
0,6,gender,ema_lr1e-2_wd1e-3,0.01,0.001,1.05412,0.52604,1882
0,6,gender,ema_d0.99,0.01,0.0001,1.00842,0.49787,1882
0,6,gender,ema_d0.9999,0.01,0.0001,1.18901,0.46918,1882
0,6,gender,mlp_h16,0.001,0.0,0.72783,0.47024,1882
0,6,gender,mlp_h32,0.001,0.0,0.70198,0.50106,1882
0,6,gender,mlp_h64,0.001,0.0,0.69205,0.53348,1882
0,6,gender,mlp_h128,0.001,0.0,0.73407,0.46971,1882
0,6,gender,attention,0.0001,1e-05,2.8838,0.58594,1882
0,6,gender,shuffled,0.01,0.0001,1.10456,0.49734,1882
0,6,star_sign,ema_lr1e-3,0.001,0.0001,3.22372,0.09033,1882
0,6,star_sign,ema_lr5e-3,0.005,0.0001,3.22644,0.09989,1882
0,6,star_sign,ema_lr1e-2,0.01,0.0001,3.27517,0.05792,1882
0,6,star_sign,ema_lr5e-2,0.05,0.0001,3.21772,0.09086,1882
0,6,star_sign,ema_lr1e-2_wd1e-3,0.01,0.001,3.20537,0.04357,1882
0,6,star_sign,ema_d0.99,0.01,0.0001,3.29583,0.05739,1882
0,6,star_sign,ema_d0.9999,0.01,0.0001,3.24462,0.07386,1882
0,6,star_sign,mlp_h16,0.001,0.0,2.39282,0.09245,1882
0,6,star_sign,mlp_h32,0.001,0.0,2.54351,0.0255,1882
0,6,star_sign,mlp_h64,0.001,0.0,2.83391,0.0,1882
0,6,star_sign,mlp_h128,0.001,0.0,2.3012,0.27046,1882
0,6,star_sign,attention,0.0001,1e-05,15.69058,0.05469,1882
0,6,star_sign,shuffled,0.01,0.0001,3.21427,0.08608,1882
1,0,age_bin,ema_lr1e-3,0.001,0.0001,1.58861,0.34167,1999
1,0,age_bin,ema_lr5e-3,0.005,0.0001,1.57007,0.33417,1999
1,0,age_bin,ema_lr1e-2,0.01,0.0001,1.49982,0.33917,1999
1,0,age_bin,ema_lr5e-2,0.05,0.0001,1.57546,0.33617,1999
1,0,age_bin,ema_lr1e-2_wd1e-3,0.01,0.001,1.56469,0.32766,1999
1,0,age_bin,ema_d0.99,0.01,0.0001,1.61106,0.32866,1999
1,0,age_bin,ema_d0.9999,0.01,0.0001,1.55874,0.33567,1999
1,0,age_bin,mlp_h16,0.001,0.0,1.12494,0.27064,1999
1,0,age_bin,mlp_h32,0.001,0.0,1.10738,0.36918,1999
1,0,age_bin,mlp_h64,0.001,0.0,1.09545,0.3997,1999
1,0,age_bin,mlp_h128,0.001,0.0,1.1258,0.30615,1999
1,0,age_bin,attention,0.0001,1e-05,1.09785,0.40625,1999
1,0,age_bin,shuffled,0.01,0.0001,1.59083,0.31116,1999
1,0,gender,ema_lr1e-3,0.001,0.0001,1.0924,0.49225,1999
1,0,gender,ema_lr5e-3,0.005,0.0001,1.08707,0.51176,1999
1,0,gender,ema_lr1e-2,0.01,0.0001,1.08253,0.49075,1999
1,0,gender,ema_lr5e-2,0.05,0.0001,1.10255,0.48774,1999
1,0,gender,ema_lr1e-2_wd1e-3,0.01,0.001,1.13714,0.50025,1999
1,0,gender,ema_d0.99,0.01,0.0001,1.0143,0.51976,1999
1,0,gender,ema_d0.9999,0.01,0.0001,1.09999,0.48424,1999
1,0,gender,mlp_h16,0.001,0.0,0.71881,0.46723,1999
1,0,gender,mlp_h32,0.001,0.0,0.73552,0.48174,1999
1,0,gender,mlp_h64,0.001,0.0,0.69763,0.51126,1999
1,0,gender,mlp_h128,0.001,0.0,0.70463,0.50825,1999
1,0,gender,attention,0.0001,1e-05,0.69288,0.53125,1999
1,0,gender,shuffled,0.01,0.0001,1.09817,0.50425,1999
1,0,star_sign,ema_lr1e-3,0.001,0.0001,3.22121,0.12806,1999
1,0,star_sign,ema_lr5e-3,0.005,0.0001,3.21843,0.05003,1999
1,0,star_sign,ema_lr1e-2,0.01,0.0001,3.18032,0.07904,1999
1,0,star_sign,ema_lr5e-2,0.05,0.0001,3.15322,0.07154,1999
1,0,star_sign,ema_lr1e-2_wd1e-3,0.01,0.001,3.27245,0.09955,1999
1,0,star_sign,ema_d0.99,0.01,0.0001,3.20723,0.06803,1999
1,0,star_sign,ema_d0.9999,0.01,0.0001,3.20102,0.10305,1999
1,0,star_sign,mlp_h16,0.001,0.0,2.53056,0.03952,1999
1,0,star_sign,mlp_h32,0.001,0.0,2.58981,0.0015,1999
1,0,star_sign,mlp_h64,0.001,0.0,2.36708,0.15658,1999
1,0,star_sign,mlp_h128,0.001,0.0,2.60964,0.03752,1999
1,0,star_sign,attention,0.0001,1e-05,2.47472,0.25781,1999
1,0,star_sign,shuffled,0.01,0.0001,3.22153,0.11056,1999
1,4,age_bin,ema_lr1e-3,0.001,0.0001,1.55431,0.37219,1999
1,4,age_bin,ema_lr5e-3,0.005,0.0001,1.61203,0.31916,1999
1,4,age_bin,ema_lr1e-2,0.01,0.0001,1.32669,0.33467,1999
1,4,age_bin,ema_lr5e-2,0.05,0.0001,1.46218,0.37619,1999
1,4,age_bin,ema_lr1e-2_wd1e-3,0.01,0.001,1.49802,0.35068,1999
1,4,age_bin,ema_d0.99,0.01,0.0001,1.86327,0.37119,1999
1,4,age_bin,ema_d0.9999,0.01,0.0001,1.47704,0.32266,1999
1,4,age_bin,mlp_h16,0.001,0.0,1.08416,0.4042,1999
1,4,age_bin,mlp_h32,0.001,0.0,1.10631,0.33817,1999
1,4,age_bin,mlp_h64,0.001,0.0,1.09393,0.38269,1999
1,4,age_bin,mlp_h128,0.001,0.0,1.12094,0.29915,1999
1,4,age_bin,attention,0.0001,1e-05,1.06573,0.4375,1999
1,4,age_bin,shuffled,0.01,0.0001,1.50643,0.33167,1999
1,4,gender,ema_lr1e-3,0.001,0.0001,1.013,0.50075,1999
1,4,gender,ema_lr5e-3,0.005,0.0001,1.0399,0.47174,1999
1,4,gender,ema_lr1e-2,0.01,0.0001,1.08732,0.50025,1999
1,4,gender,ema_lr5e-2,0.05,0.0001,0.8595,0.52826,1999
1,4,gender,ema_lr1e-2_wd1e-3,0.01,0.001,1.08511,0.50475,1999
1,4,gender,ema_d0.99,0.01,0.0001,0.9143,0.49075,1999
1,4,gender,ema_d0.9999,0.01,0.0001,1.1441,0.47074,1999
1,4,gender,mlp_h16,0.001,0.0,0.7103,0.49675,1999
1,4,gender,mlp_h32,0.001,0.0,0.71603,0.47774,1999
1,4,gender,mlp_h64,0.001,0.0,0.71188,0.46923,1999
1,4,gender,mlp_h128,0.001,0.0,0.69358,0.51326,1999
1,4,gender,attention,0.0001,1e-05,0.74425,0.44531,1999
1,4,gender,shuffled,0.01,0.0001,0.96694,0.52376,1999
1,4,star_sign,ema_lr1e-3,0.001,0.0001,3.18864,0.10855,1999
1,4,star_sign,ema_lr5e-3,0.005,0.0001,3.16985,0.09905,1999
1,4,star_sign,ema_lr1e-2,0.01,0.0001,3.12408,0.12656,1999
1,4,star_sign,ema_lr5e-2,0.05,0.0001,3.0793,0.05503,1999
1,4,star_sign,ema_lr1e-2_wd1e-3,0.01,0.001,3.28135,0.06803,1999
1,4,star_sign,ema_d0.99,0.01,0.0001,3.13115,0.16858,1999
1,4,star_sign,ema_d0.9999,0.01,0.0001,3.17047,0.07204,1999
1,4,star_sign,mlp_h16,0.001,0.0,2.5233,0.0025,1999
1,4,star_sign,mlp_h32,0.001,0.0,2.65296,0.0,1999
1,4,star_sign,mlp_h64,0.001,0.0,2.43456,0.07754,1999
1,4,star_sign,mlp_h128,0.001,0.0,2.30481,0.28114,1999
1,4,star_sign,attention,0.0001,1e-05,2.71588,0.0,1999
1,4,star_sign,shuffled,0.01,0.0001,3.16063,0.06903,1999
1,6,age_bin,ema_lr1e-3,0.001,0.0001,1.766,0.31566,1999
1,6,age_bin,ema_lr5e-3,0.005,0.0001,1.82603,0.32466,1999
1,6,age_bin,ema_lr1e-2,0.01,0.0001,1.65661,0.33667,1999
1,6,age_bin,ema_lr5e-2,0.05,0.0001,1.57105,0.32616,1999
1,6,age_bin,ema_lr1e-2_wd1e-3,0.01,0.001,1.51994,0.33017,1999
1,6,age_bin,ema_d0.99,0.01,0.0001,1.68682,0.32166,1999
1,6,age_bin,ema_d0.9999,0.01,0.0001,1.46965,0.36568,1999
1,6,age_bin,mlp_h16,0.001,0.0,1.16256,0.26713,1999
1,6,age_bin,mlp_h32,0.001,0.0,1.14828,0.26363,1999
1,6,age_bin,mlp_h64,0.001,0.0,1.11294,0.34867,1999
1,6,age_bin,mlp_h128,0.001,0.0,1.08307,0.41271,1999
1,6,age_bin,attention,0.0001,1e-05,10.46669,0.5,1999
1,6,age_bin,shuffled,0.01,0.0001,1.59563,0.33717,1999
1,6,gender,ema_lr1e-3,0.001,0.0001,1.10946,0.51726,1999
1,6,gender,ema_lr5e-3,0.005,0.0001,1.00886,0.52376,1999
1,6,gender,ema_lr1e-2,0.01,0.0001,1.02973,0.51176,1999
1,6,gender,ema_lr5e-2,0.05,0.0001,1.00878,0.46723,1999
1,6,gender,ema_lr1e-2_wd1e-3,0.01,0.001,1.18567,0.47324,1999
1,6,gender,ema_d0.99,0.01,0.0001,1.11825,0.46373,1999
1,6,gender,ema_d0.9999,0.01,0.0001,1.17623,0.46873,1999
1,6,gender,mlp_h16,0.001,0.0,0.71507,0.50625,1999
1,6,gender,mlp_h32,0.001,0.0,0.70516,0.48524,1999
1,6,gender,mlp_h64,0.001,0.0,0.7078,0.49975,1999
1,6,gender,mlp_h128,0.001,0.0,0.69444,0.52876,1999
1,6,gender,attention,0.0001,1e-05,3.62466,0.42969,1999
1,6,gender,shuffled,0.01,0.0001,1.05337,0.50025,1999
1,6,star_sign,ema_lr1e-3,0.001,0.0001,3.29506,0.08404,1999
1,6,star_sign,ema_lr5e-3,0.005,0.0001,3.25259,0.09455,1999
1,6,star_sign,ema_lr1e-2,0.01,0.0001,3.23985,0.06553,1999
1,6,star_sign,ema_lr5e-2,0.05,0.0001,3.20699,0.09855,1999
1,6,star_sign,ema_lr1e-2_wd1e-3,0.01,0.001,3.13334,0.03952,1999
1,6,star_sign,ema_d0.99,0.01,0.0001,3.24346,0.08304,1999
1,6,star_sign,ema_d0.9999,0.01,0.0001,3.26131,0.07754,1999
1,6,star_sign,mlp_h16,0.001,0.0,2.37186,0.10955,1999
1,6,star_sign,mlp_h32,0.001,0.0,2.51022,0.03502,1999
1,6,star_sign,mlp_h64,0.001,0.0,2.78218,0.002,1999
1,6,star_sign,mlp_h128,0.001,0.0,2.21181,0.46273,1999
1,6,star_sign,attention,0.0001,1e-05,15.28082,0.03125,1999
1,6,star_sign,shuffled,0.01,0.0001,3.24083,0.09355,1999
2,0,age_bin,ema_lr1e-3,0.001,0.0001,1.55693,0.34516,1860
2,0,age_bin,ema_lr5e-3,0.005,0.0001,1.59333,0.3172,1860
2,0,age_bin,ema_lr1e-2,0.01,0.0001,1.54145,0.31237,1860
2,0,age_bin,ema_lr5e-2,0.05,0.0001,1.56415,0.32957,1860
2,0,age_bin,ema_lr1e-2_wd1e-3,0.01,0.001,1.59879,0.31989,1860
2,0,age_bin,ema_d0.99,0.01,0.0001,1.68237,0.30806,1860
2,0,age_bin,ema_d0.9999,0.01,0.0001,1.53144,0.34516,1860
2,0,age_bin,mlp_h16,0.001,0.0,1.13666,0.25054,1860
2,0,age_bin,mlp_h32,0.001,0.0,1.11129,0.3586,1860
2,0,age_bin,mlp_h64,0.001,0.0,1.11032,0.3629,1860
2,0,age_bin,mlp_h128,0.001,0.0,1.10626,0.36613,1860
2,0,age_bin,attention,0.0001,1e-05,1.096,0.42969,1860
2,0,age_bin,shuffled,0.01,0.0001,1.52269,0.34839,1860
2,0,gender,ema_lr1e-3,0.001,0.0001,1.0505,0.50484,1860
2,0,gender,ema_lr5e-3,0.005,0.0001,1.11449,0.50591,1860
2,0,gender,ema_lr1e-2,0.01,0.0001,1.13139,0.47688,1860
2,0,gender,ema_lr5e-2,0.05,0.0001,1.0653,0.50645,1860
2,0,gender,ema_lr1e-2_wd1e-3,0.01,0.001,1.10643,0.51398,1860
2,0,gender,ema_d0.99,0.01,0.0001,1.08581,0.50806,1860
2,0,gender,ema_d0.9999,0.01,0.0001,1.0761,0.50591,1860
2,0,gender,mlp_h16,0.001,0.0,0.72379,0.45538,1860
2,0,gender,mlp_h32,0.001,0.0,0.73593,0.46774,1860
2,0,gender,mlp_h64,0.001,0.0,0.70271,0.49946,1860
2,0,gender,mlp_h128,0.001,0.0,0.69716,0.50323,1860
2,0,gender,attention,0.0001,1e-05,0.6939,0.44531,1860
2,0,gender,shuffled,0.01,0.0001,1.1017,0.50806,1860
2,0,star_sign,ema_lr1e-3,0.001,0.0001,3.23127,0.1328,1860
2,0,star_sign,ema_lr5e-3,0.005,0.0001,3.21567,0.0328,1860
2,0,star_sign,ema_lr1e-2,0.01,0.0001,3.18618,0.06237,1860
2,0,star_sign,ema_lr5e-2,0.05,0.0001,3.0807,0.08387,1860
2,0,star_sign,ema_lr1e-2_wd1e-3,0.01,0.001,3.22079,0.1129,1860
2,0,star_sign,ema_d0.99,0.01,0.0001,3.16628,0.06667,1860
2,0,star_sign,ema_d0.9999,0.01,0.0001,3.22321,0.09086,1860
2,0,star_sign,mlp_h16,0.001,0.0,2.50484,0.0629,1860
2,0,star_sign,mlp_h32,0.001,0.0,2.57144,0.00699,1860
2,0,star_sign,mlp_h64,0.001,0.0,2.3128,0.21935,1860
2,0,star_sign,mlp_h128,0.001,0.0,2.5293,0.06828,1860
2,0,star_sign,attention,0.0001,1e-05,2.47397,0.32812,1860
2,0,star_sign,shuffled,0.01,0.0001,3.27076,0.09194,1860
2,4,age_bin,ema_lr1e-3,0.001,0.0001,1.61939,0.33817,1860
2,4,age_bin,ema_lr5e-3,0.005,0.0001,1.50544,0.34355,1860
2,4,age_bin,ema_lr1e-2,0.01,0.0001,1.36339,0.32312,1860
2,4,age_bin,ema_lr5e-2,0.05,0.0001,1.50439,0.35376,1860
2,4,age_bin,ema_lr1e-2_wd1e-3,0.01,0.001,1.45489,0.35323,1860
2,4,age_bin,ema_d0.99,0.01,0.0001,1.77061,0.37903,1860
2,4,age_bin,ema_d0.9999,0.01,0.0001,1.43491,0.32043,1860
2,4,age_bin,mlp_h16,0.001,0.0,1.10525,0.37204,1860
2,4,age_bin,mlp_h32,0.001,0.0,1.11107,0.32312,1860
2,4,age_bin,mlp_h64,0.001,0.0,1.10911,0.34892,1860
2,4,age_bin,mlp_h128,0.001,0.0,1.12872,0.27419,1860
2,4,age_bin,attention,0.0001,1e-05,1.05704,0.38281,1860
2,4,age_bin,shuffled,0.01,0.0001,1.50877,0.33172,1860
2,4,gender,ema_lr1e-3,0.001,0.0001,1.0291,0.51129,1860
2,4,gender,ema_lr5e-3,0.005,0.0001,1.04391,0.48333,1860
2,4,gender,ema_lr1e-2,0.01,0.0001,1.07913,0.49462,1860
2,4,gender,ema_lr5e-2,0.05,0.0001,0.89513,0.4957,1860
2,4,gender,ema_lr1e-2_wd1e-3,0.01,0.001,1.17858,0.46559,1860
2,4,gender,ema_d0.99,0.01,0.0001,0.94243,0.48172,1860
2,4,gender,ema_d0.9999,0.01,0.0001,1.14984,0.45376,1860
2,4,gender,mlp_h16,0.001,0.0,0.69838,0.52473,1860
2,4,gender,mlp_h32,0.001,0.0,0.7215,0.46989,1860
2,4,gender,mlp_h64,0.001,0.0,0.70871,0.46882,1860
2,4,gender,mlp_h128,0.001,0.0,0.69501,0.51828,1860
2,4,gender,attention,0.0001,1e-05,0.72329,0.47656,1860
2,4,gender,shuffled,0.01,0.0001,1.00579,0.48817,1860
2,4,star_sign,ema_lr1e-3,0.001,0.0001,3.13038,0.11075,1860
2,4,star_sign,ema_lr5e-3,0.005,0.0001,3.22888,0.10161,1860
2,4,star_sign,ema_lr1e-2,0.01,0.0001,3.08846,0.12796,1860
2,4,star_sign,ema_lr5e-2,0.05,0.0001,2.98929,0.04731,1860
2,4,star_sign,ema_lr1e-2_wd1e-3,0.01,0.001,3.33424,0.07849,1860
2,4,star_sign,ema_d0.99,0.01,0.0001,3.18482,0.15054,1860
2,4,star_sign,ema_d0.9999,0.01,0.0001,3.12654,0.07742,1860
2,4,star_sign,mlp_h16,0.001,0.0,2.50183,0.00376,1860
2,4,star_sign,mlp_h32,0.001,0.0,2.59964,0.00054,1860
2,4,star_sign,mlp_h64,0.001,0.0,2.36059,0.16559,1860
2,4,star_sign,mlp_h128,0.001,0.0,2.19109,0.52957,1860
2,4,star_sign,attention,0.0001,1e-05,2.70165,0.0,1860
2,4,star_sign,shuffled,0.01,0.0001,3.14758,0.06774,1860
2,6,age_bin,ema_lr1e-3,0.001,0.0001,1.70629,0.34355,1860
2,6,age_bin,ema_lr5e-3,0.005,0.0001,1.8545,0.32258,1860
2,6,age_bin,ema_lr1e-2,0.01,0.0001,1.64191,0.36667,1860
2,6,age_bin,ema_lr5e-2,0.05,0.0001,1.60792,0.3043,1860
2,6,age_bin,ema_lr1e-2_wd1e-3,0.01,0.001,1.62762,0.29785,1860
2,6,age_bin,ema_d0.99,0.01,0.0001,1.53531,0.35538,1860
2,6,age_bin,ema_d0.9999,0.01,0.0001,1.54317,0.37204,1860
2,6,age_bin,mlp_h16,0.001,0.0,1.12796,0.33441,1860
2,6,age_bin,mlp_h32,0.001,0.0,1.1658,0.23978,1860
2,6,age_bin,mlp_h64,0.001,0.0,1.13111,0.31828,1860
2,6,age_bin,mlp_h128,0.001,0.0,1.09176,0.38333,1860
2,6,age_bin,attention,0.0001,1e-05,12.85401,0.40625,1860
2,6,age_bin,shuffled,0.01,0.0001,1.54114,0.34839,1860
2,6,gender,ema_lr1e-3,0.001,0.0001,1.1588,0.49892,1860
2,6,gender,ema_lr5e-3,0.005,0.0001,0.94179,0.54301,1860
2,6,gender,ema_lr1e-2,0.01,0.0001,1.20172,0.46452,1860
2,6,gender,ema_lr5e-2,0.05,0.0001,0.93493,0.53011,1860
2,6,gender,ema_lr1e-2_wd1e-3,0.01,0.001,0.99911,0.52419,1860
2,6,gender,ema_d0.99,0.01,0.0001,0.94804,0.53441,1860
2,6,gender,ema_d0.9999,0.01,0.0001,1.1564,0.47903,1860
2,6,gender,mlp_h16,0.001,0.0,0.71051,0.52366,1860
2,6,gender,mlp_h32,0.001,0.0,0.70513,0.47688,1860
2,6,gender,mlp_h64,0.001,0.0,0.70123,0.50376,1860
2,6,gender,mlp_h128,0.001,0.0,0.68586,0.55376,1860
2,6,gender,attention,0.0001,1e-05,2.48772,0.53125,1860
2,6,gender,shuffled,0.01,0.0001,1.01326,0.51022,1860
2,6,star_sign,ema_lr1e-3,0.001,0.0001,3.29925,0.08817,1860
2,6,star_sign,ema_lr5e-3,0.005,0.0001,3.10481,0.1172,1860
2,6,star_sign,ema_lr1e-2,0.01,0.0001,3.28142,0.06559,1860
2,6,star_sign,ema_lr5e-2,0.05,0.0001,3.06754,0.11935,1860
2,6,star_sign,ema_lr1e-2_wd1e-3,0.01,0.001,3.14324,0.04731,1860
2,6,star_sign,ema_d0.99,0.01,0.0001,3.28671,0.06882,1860
2,6,star_sign,ema_d0.9999,0.01,0.0001,3.1873,0.06129,1860
2,6,star_sign,mlp_h16,0.001,0.0,2.34786,0.12581,1860
2,6,star_sign,mlp_h32,0.001,0.0,2.47958,0.05323,1860
2,6,star_sign,mlp_h64,0.001,0.0,2.71682,0.00591,1860
2,6,star_sign,mlp_h128,0.001,0.0,2.12038,0.63495,1860
2,6,star_sign,attention,0.0001,1e-05,15.72543,0.05469,1860
2,6,star_sign,shuffled,0.01,0.0001,3.26877,0.08656,1860
3,0,age_bin,ema_lr1e-3,0.001,0.0001,1.55873,0.34209,1675
3,0,age_bin,ema_lr5e-3,0.005,0.0001,1.57942,0.32537,1675
3,0,age_bin,ema_lr1e-2,0.01,0.0001,1.55254,0.31881,1675
3,0,age_bin,ema_lr5e-2,0.05,0.0001,1.55856,0.32239,1675
3,0,age_bin,ema_lr1e-2_wd1e-3,0.01,0.001,1.5448,0.33672,1675
3,0,age_bin,ema_d0.99,0.01,0.0001,1.66308,0.32,1675
3,0,age_bin,ema_d0.9999,0.01,0.0001,1.53689,0.33134,1675
3,0,age_bin,mlp_h16,0.001,0.0,1.11666,0.29851,1675
3,0,age_bin,mlp_h32,0.001,0.0,1.10101,0.36955,1675
3,0,age_bin,mlp_h64,0.001,0.0,1.08535,0.40896,1675
3,0,age_bin,mlp_h128,0.001,0.0,1.10487,0.34388,1675
3,0,age_bin,attention,0.0001,1e-05,1.09739,0.38281,1675
3,0,age_bin,shuffled,0.01,0.0001,1.59156,0.32418,1675
3,0,gender,ema_lr1e-3,0.001,0.0001,1.04537,0.5003,1675
3,0,gender,ema_lr5e-3,0.005,0.0001,1.1122,0.49552,1675
3,0,gender,ema_lr1e-2,0.01,0.0001,1.06289,0.4997,1675
3,0,gender,ema_lr5e-2,0.05,0.0001,1.04671,0.51224,1675
3,0,gender,ema_lr1e-2_wd1e-3,0.01,0.001,1.10714,0.5009,1675
3,0,gender,ema_d0.99,0.01,0.0001,1.1237,0.48955,1675
3,0,gender,ema_d0.9999,0.01,0.0001,1.13274,0.48657,1675
3,0,gender,mlp_h16,0.001,0.0,0.71925,0.45672,1675
3,0,gender,mlp_h32,0.001,0.0,0.74043,0.46209,1675
3,0,gender,mlp_h64,0.001,0.0,0.69703,0.51104,1675
3,0,gender,mlp_h128,0.001,0.0,0.69363,0.53493,1675
3,0,gender,attention,0.0001,1e-05,0.69346,0.44531,1675
3,0,gender,shuffled,0.01,0.0001,1.11981,0.48896,1675
3,0,star_sign,ema_lr1e-3,0.001,0.0001,3.19722,0.11522,1675
3,0,star_sign,ema_lr5e-3,0.005,0.0001,3.17802,0.04836,1675
3,0,star_sign,ema_lr1e-2,0.01,0.0001,3.19267,0.0597,1675
3,0,star_sign,ema_lr5e-2,0.05,0.0001,2.99584,0.09373,1675
3,0,star_sign,ema_lr1e-2_wd1e-3,0.01,0.001,3.26783,0.09731,1675
3,0,star_sign,ema_d0.99,0.01,0.0001,3.1536,0.06627,1675
3,0,star_sign,ema_d0.9999,0.01,0.0001,3.26183,0.09313,1675
3,0,star_sign,mlp_h16,0.001,0.0,2.47781,0.07701,1675
3,0,star_sign,mlp_h32,0.001,0.0,2.54676,0.00716,1675
3,0,star_sign,mlp_h64,0.001,0.0,2.26509,0.25313,1675
3,0,star_sign,mlp_h128,0.001,0.0,2.4381,0.11224,1675
3,0,star_sign,attention,0.0001,1e-05,2.47362,0.32812,1675
3,0,star_sign,shuffled,0.01,0.0001,3.21494,0.08896,1675
3,4,age_bin,ema_lr1e-3,0.001,0.0001,1.58638,0.34567,1675
3,4,age_bin,ema_lr5e-3,0.005,0.0001,1.56041,0.33075,1675
3,4,age_bin,ema_lr1e-2,0.01,0.0001,1.36538,0.36,1675
3,4,age_bin,ema_lr5e-2,0.05,0.0001,1.44782,0.34269,1675
3,4,age_bin,ema_lr1e-2_wd1e-3,0.01,0.001,1.44145,0.34567,1675
3,4,age_bin,ema_d0.99,0.01,0.0001,1.83945,0.34209,1675
3,4,age_bin,ema_d0.9999,0.01,0.0001,1.42796,0.32239,1675
3,4,age_bin,mlp_h16,0.001,0.0,1.08497,0.41552,1675
3,4,age_bin,mlp_h32,0.001,0.0,1.10088,0.35403,1675
3,4,age_bin,mlp_h64,0.001,0.0,1.09469,0.38448,1675
3,4,age_bin,mlp_h128,0.001,0.0,1.09916,0.37313,1675
3,4,age_bin,attention,0.0001,1e-05,1.07269,0.38281,1675
3,4,age_bin,shuffled,0.01,0.0001,1.46743,0.33433,1675
3,4,gender,ema_lr1e-3,0.001,0.0001,0.94901,0.52955,1675
3,4,gender,ema_lr5e-3,0.005,0.0001,0.96853,0.49194,1675
3,4,gender,ema_lr1e-2,0.01,0.0001,1.12499,0.46388,1675
3,4,gender,ema_lr5e-2,0.05,0.0001,0.83647,0.52,1675
3,4,gender,ema_lr1e-2_wd1e-3,0.01,0.001,1.05448,0.51821,1675
3,4,gender,ema_d0.99,0.01,0.0001,0.91475,0.47284,1675
3,4,gender,ema_d0.9999,0.01,0.0001,1.03571,0.49612,1675
3,4,gender,mlp_h16,0.001,0.0,0.69583,0.52,1675
3,4,gender,mlp_h32,0.001,0.0,0.71041,0.48239,1675
3,4,gender,mlp_h64,0.001,0.0,0.70136,0.48896,1675
3,4,gender,mlp_h128,0.001,0.0,0.68843,0.53552,1675
3,4,gender,attention,0.0001,1e-05,0.74715,0.45312,1675
3,4,gender,shuffled,0.01,0.0001,0.98028,0.51045,1675
3,4,star_sign,ema_lr1e-3,0.001,0.0001,3.13695,0.10209,1675
3,4,star_sign,ema_lr5e-3,0.005,0.0001,3.21066,0.09612,1675
3,4,star_sign,ema_lr1e-2,0.01,0.0001,3.14528,0.12299,1675
3,4,star_sign,ema_lr5e-2,0.05,0.0001,2.8484,0.0806,1675
3,4,star_sign,ema_lr1e-2_wd1e-3,0.01,0.001,3.37036,0.07164,1675
3,4,star_sign,ema_d0.99,0.01,0.0001,3.11178,0.17731,1675
3,4,star_sign,ema_d0.9999,0.01,0.0001,3.097,0.08418,1675
3,4,star_sign,mlp_h16,0.001,0.0,2.47334,0.00179,1675
3,4,star_sign,mlp_h32,0.001,0.0,2.56221,0.0,1675
3,4,star_sign,mlp_h64,0.001,0.0,2.29483,0.27701,1675
3,4,star_sign,mlp_h128,0.001,0.0,2.07673,0.70269,1675
3,4,star_sign,attention,0.0001,1e-05,2.70959,0.0,1675
3,4,star_sign,shuffled,0.01,0.0001,3.13874,0.05612,1675
3,6,age_bin,ema_lr1e-3,0.001,0.0001,1.70356,0.34746,1675
3,6,age_bin,ema_lr5e-3,0.005,0.0001,1.63971,0.34507,1675
3,6,age_bin,ema_lr1e-2,0.01,0.0001,1.67996,0.33075,1675
3,6,age_bin,ema_lr5e-2,0.05,0.0001,1.49541,0.31761,1675
3,6,age_bin,ema_lr1e-2_wd1e-3,0.01,0.001,1.55892,0.32657,1675
3,6,age_bin,ema_d0.99,0.01,0.0001,1.52178,0.36955,1675
3,6,age_bin,ema_d0.9999,0.01,0.0001,1.55429,0.34269,1675
3,6,age_bin,mlp_h16,0.001,0.0,1.15374,0.28597,1675
3,6,age_bin,mlp_h32,0.001,0.0,1.1253,0.29134,1675
3,6,age_bin,mlp_h64,0.001,0.0,1.11547,0.35343,1675
3,6,age_bin,mlp_h128,0.001,0.0,1.07643,0.40597,1675
3,6,age_bin,attention,0.0001,1e-05,11.56722,0.46094,1675
3,6,age_bin,shuffled,0.01,0.0001,1.58152,0.33731,1675
3,6,gender,ema_lr1e-3,0.001,0.0001,1.14621,0.48597,1675
3,6,gender,ema_lr5e-3,0.005,0.0001,0.99388,0.5206,1675
3,6,gender,ema_lr1e-2,0.01,0.0001,1.07652,0.50567,1675
3,6,gender,ema_lr5e-2,0.05,0.0001,0.93153,0.49851,1675
3,6,gender,ema_lr1e-2_wd1e-3,0.01,0.001,1.12299,0.4991,1675
3,6,gender,ema_d0.99,0.01,0.0001,1.00379,0.51164,1675
3,6,gender,ema_d0.9999,0.01,0.0001,1.09977,0.48418,1675
3,6,gender,mlp_h16,0.001,0.0,0.70171,0.53433,1675
3,6,gender,mlp_h32,0.001,0.0,0.69121,0.53433,1675
3,6,gender,mlp_h64,0.001,0.0,0.70319,0.49254,1675
3,6,gender,mlp_h128,0.001,0.0,0.69847,0.51881,1675
3,6,gender,attention,0.0001,1e-05,2.50192,0.54688,1675
3,6,gender,shuffled,0.01,0.0001,1.09596,0.48418,1675
3,6,star_sign,ema_lr1e-3,0.001,0.0001,3.29747,0.08179,1675
3,6,star_sign,ema_lr5e-3,0.005,0.0001,3.10383,0.11284,1675
3,6,star_sign,ema_lr1e-2,0.01,0.0001,3.34465,0.05373,1675
3,6,star_sign,ema_lr5e-2,0.05,0.0001,3.08754,0.11522,1675
3,6,star_sign,ema_lr1e-2_wd1e-3,0.01,0.001,3.17212,0.04537,1675
3,6,star_sign,ema_d0.99,0.01,0.0001,3.30257,0.0597,1675
3,6,star_sign,ema_d0.9999,0.01,0.0001,3.25247,0.07343,1675
3,6,star_sign,mlp_h16,0.001,0.0,2.3443,0.14687,1675
3,6,star_sign,mlp_h32,0.001,0.0,2.43458,0.07761,1675
3,6,star_sign,mlp_h64,0.001,0.0,2.67273,0.01373,1675
3,6,star_sign,mlp_h128,0.001,0.0,2.03281,0.79463,1675
3,6,star_sign,attention,0.0001,1e-05,16.02391,0.05469,1675
3,6,star_sign,shuffled,0.01,0.0001,3.29376,0.08239,1675
4,0,age_bin,ema_lr1e-3,0.001,0.0001,1.59244,0.32955,2027
4,0,age_bin,ema_lr5e-3,0.005,0.0001,1.55173,0.33942,2027
4,0,age_bin,ema_lr1e-2,0.01,0.0001,1.56113,0.33202,2027
4,0,age_bin,ema_lr5e-2,0.05,0.0001,1.52954,0.34188,2027
4,0,age_bin,ema_lr1e-2_wd1e-3,0.01,0.001,1.51941,0.34336,2027
4,0,age_bin,ema_d0.99,0.01,0.0001,1.62586,0.3335,2027
4,0,age_bin,ema_d0.9999,0.01,0.0001,1.52677,0.32708,2027
4,0,age_bin,mlp_h16,0.001,0.0,1.12393,0.28614,2027
4,0,age_bin,mlp_h32,0.001,0.0,1.0958,0.38234,2027
4,0,age_bin,mlp_h64,0.001,0.0,1.07504,0.44647,2027
4,0,age_bin,mlp_h128,0.001,0.0,1.09003,0.38135,2027
4,0,age_bin,attention,0.0001,1e-05,1.09664,0.35938,2027
4,0,age_bin,shuffled,0.01,0.0001,1.53435,0.33152,2027
4,0,gender,ema_lr1e-3,0.001,0.0001,1.08226,0.48594,2027
4,0,gender,ema_lr5e-3,0.005,0.0001,1.13319,0.47657,2027
4,0,gender,ema_lr1e-2,0.01,0.0001,1.07543,0.48446,2027
4,0,gender,ema_lr5e-2,0.05,0.0001,1.03374,0.4889,2027
4,0,gender,ema_lr1e-2_wd1e-3,0.01,0.001,1.13572,0.50222,2027
4,0,gender,ema_d0.99,0.01,0.0001,1.06344,0.50567,2027
4,0,gender,ema_d0.9999,0.01,0.0001,1.12273,0.47706,2027
4,0,gender,mlp_h16,0.001,0.0,0.70015,0.50419,2027
4,0,gender,mlp_h32,0.001,0.0,0.72041,0.50567,2027
4,0,gender,mlp_h64,0.001,0.0,0.69775,0.50567,2027
4,0,gender,mlp_h128,0.001,0.0,0.69522,0.50715,2027
4,0,gender,attention,0.0001,1e-05,0.69309,0.5,2027
4,0,gender,shuffled,0.01,0.0001,1.06415,0.50617,2027
4,0,star_sign,ema_lr1e-3,0.001,0.0001,3.2485,0.12432,2027
4,0,star_sign,ema_lr5e-3,0.005,0.0001,3.2182,0.0444,2027
4,0,star_sign,ema_lr1e-2,0.01,0.0001,3.12345,0.07301,2027
4,0,star_sign,ema_lr5e-2,0.05,0.0001,2.99901,0.08041,2027
4,0,star_sign,ema_lr1e-2_wd1e-3,0.01,0.001,3.23767,0.09077,2027
4,0,star_sign,ema_d0.99,0.01,0.0001,3.19322,0.06019,2027
4,0,star_sign,ema_d0.9999,0.01,0.0001,3.17602,0.09916,2027
4,0,star_sign,mlp_h16,0.001,0.0,2.46352,0.08189,2027
4,0,star_sign,mlp_h32,0.001,0.0,2.51513,0.05821,2027
4,0,star_sign,mlp_h64,0.001,0.0,2.21258,0.36556,2027
4,0,star_sign,mlp_h128,0.001,0.0,2.36385,0.21214,2027
4,0,star_sign,attention,0.0001,1e-05,2.47091,0.46875,2027
4,0,star_sign,shuffled,0.01,0.0001,3.19681,0.10705,2027
4,4,age_bin,ema_lr1e-3,0.001,0.0001,1.49469,0.3853,2027
4,4,age_bin,ema_lr5e-3,0.005,0.0001,1.54416,0.32906,2027
4,4,age_bin,ema_lr1e-2,0.01,0.0001,1.37643,0.33399,2027
4,4,age_bin,ema_lr5e-2,0.05,0.0001,1.44602,0.32758,2027
4,4,age_bin,ema_lr1e-2_wd1e-3,0.01,0.001,1.42126,0.34534,2027
4,4,age_bin,ema_d0.99,0.01,0.0001,1.71962,0.3478,2027
4,4,age_bin,ema_d0.9999,0.01,0.0001,1.49591,0.31672,2027
4,4,age_bin,mlp_h16,0.001,0.0,1.08081,0.42871,2027
4,4,age_bin,mlp_h32,0.001,0.0,1.09043,0.39763,2027
4,4,age_bin,mlp_h64,0.001,0.0,1.07163,0.43957,2027
4,4,age_bin,mlp_h128,0.001,0.0,1.08417,0.40109,2027
4,4,age_bin,attention,0.0001,1e-05,1.04556,0.44531,2027
4,4,age_bin,shuffled,0.01,0.0001,1.50592,0.3256,2027
4,4,gender,ema_lr1e-3,0.001,0.0001,0.97804,0.51899,2027
4,4,gender,ema_lr5e-3,0.005,0.0001,1.00988,0.49531,2027
4,4,gender,ema_lr1e-2,0.01,0.0001,1.04645,0.50666,2027
4,4,gender,ema_lr5e-2,0.05,0.0001,0.84543,0.51011,2027
4,4,gender,ema_lr1e-2_wd1e-3,0.01,0.001,1.052,0.50271,2027
4,4,gender,ema_d0.99,0.01,0.0001,0.90344,0.50666,2027
4,4,gender,ema_d0.9999,0.01,0.0001,1.02913,0.51011,2027
4,4,gender,mlp_h16,0.001,0.0,0.7061,0.48347,2027
4,4,gender,mlp_h32,0.001,0.0,0.70525,0.50567,2027
4,4,gender,mlp_h64,0.001,0.0,0.69817,0.5185,2027
4,4,gender,mlp_h128,0.001,0.0,0.69054,0.52985,2027
4,4,gender,attention,0.0001,1e-05,0.71134,0.5,2027
4,4,gender,shuffled,0.01,0.0001,0.97234,0.48989,2027
4,4,star_sign,ema_lr1e-3,0.001,0.0001,3.13441,0.12778,2027
4,4,star_sign,ema_lr5e-3,0.005,0.0001,3.21928,0.09423,2027
4,4,star_sign,ema_lr1e-2,0.01,0.0001,3.10375,0.11692,2027
4,4,star_sign,ema_lr5e-2,0.05,0.0001,2.86716,0.07449,2027
4,4,star_sign,ema_lr1e-2_wd1e-3,0.01,0.001,3.24694,0.07153,2027
4,4,star_sign,ema_d0.99,0.01,0.0001,3.1154,0.17464,2027
4,4,star_sign,ema_d0.9999,0.01,0.0001,3.13909,0.08041,2027
4,4,star_sign,mlp_h16,0.001,0.0,2.45021,0.00247,2027
4,4,star_sign,mlp_h32,0.001,0.0,2.524,0.00049,2027
4,4,star_sign,mlp_h64,0.001,0.0,2.23324,0.33596,2027
4,4,star_sign,mlp_h128,0.001,0.0,1.9937,0.81154,2027
4,4,star_sign,attention,0.0001,1e-05,2.68039,0.0,2027
4,4,star_sign,shuffled,0.01,0.0001,3.12857,0.0666,2027
4,6,age_bin,ema_lr1e-3,0.001,0.0001,1.77661,0.31426,2027
4,6,age_bin,ema_lr5e-3,0.005,0.0001,1.67033,0.34731,2027
4,6,age_bin,ema_lr1e-2,0.01,0.0001,1.81718,0.29304,2027
4,6,age_bin,ema_lr5e-2,0.05,0.0001,1.46643,0.34731,2027
4,6,age_bin,ema_lr1e-2_wd1e-3,0.01,0.001,1.58118,0.32018,2027
4,6,age_bin,ema_d0.99,0.01,0.0001,1.74789,0.3256,2027
4,6,age_bin,ema_d0.9999,0.01,0.0001,1.57585,0.31524,2027
4,6,age_bin,mlp_h16,0.001,0.0,1.14581,0.30291,2027
4,6,age_bin,mlp_h32,0.001,0.0,1.14024,0.27578,2027
4,6,age_bin,mlp_h64,0.001,0.0,1.10866,0.36458,2027
4,6,age_bin,mlp_h128,0.001,0.0,1.06793,0.43759,2027
4,6,age_bin,attention,0.0001,1e-05,11.387,0.44531,2027
4,6,age_bin,shuffled,0.01,0.0001,1.55331,0.34238,2027
4,6,gender,ema_lr1e-3,0.001,0.0001,1.11493,0.50814,2027
4,6,gender,ema_lr5e-3,0.005,0.0001,1.13722,0.47903,2027
4,6,gender,ema_lr1e-2,0.01,0.0001,1.03043,0.50863,2027
4,6,gender,ema_lr5e-2,0.05,0.0001,0.85508,0.54218,2027
4,6,gender,ema_lr1e-2_wd1e-3,0.01,0.001,0.98434,0.53182,2027
4,6,gender,ema_d0.99,0.01,0.0001,1.04469,0.48249,2027
4,6,gender,ema_d0.9999,0.01,0.0001,1.03584,0.50715,2027
4,6,gender,mlp_h16,0.001,0.0,0.70939,0.48347,2027
4,6,gender,mlp_h32,0.001,0.0,0.69602,0.53527,2027
4,6,gender,mlp_h64,0.001,0.0,0.69981,0.51258,2027
4,6,gender,mlp_h128,0.001,0.0,0.7101,0.50025,2027
4,6,gender,attention,0.0001,1e-05,2.82487,0.50781,2027
4,6,gender,shuffled,0.01,0.0001,1.00733,0.50123,2027
4,6,star_sign,ema_lr1e-3,0.001,0.0001,3.29752,0.08535,2027
4,6,star_sign,ema_lr5e-3,0.005,0.0001,3.25338,0.09521,2027
4,6,star_sign,ema_lr1e-2,0.01,0.0001,3.25891,0.08337,2027
4,6,star_sign,ema_lr5e-2,0.05,0.0001,3.24321,0.11396,2027
4,6,star_sign,ema_lr1e-2_wd1e-3,0.01,0.001,3.19404,0.05081,2027
4,6,star_sign,ema_d0.99,0.01,0.0001,3.26203,0.07153,2027
4,6,star_sign,ema_d0.9999,0.01,0.0001,3.19385,0.074,2027
4,6,star_sign,mlp_h16,0.001,0.0,2.31379,0.17415,2027
4,6,star_sign,mlp_h32,0.001,0.0,2.40574,0.11001,2027
4,6,star_sign,mlp_h64,0.001,0.0,2.61681,0.01973,2027
4,6,star_sign,mlp_h128,0.001,0.0,1.96581,0.85348,2027
4,6,star_sign,attention,0.0001,1e-05,13.39993,0.08594,2027
4,6,star_sign,shuffled,0.01,0.0001,3.12968,0.11495,2027
5,0,age_bin,ema_lr1e-3,0.001,0.0001,1.60184,0.34597,2058
5,0,age_bin,ema_lr5e-3,0.005,0.0001,1.59398,0.32021,2058
5,0,age_bin,ema_lr1e-2,0.01,0.0001,1.50469,0.33819,2058
5,0,age_bin,ema_lr5e-2,0.05,0.0001,1.54927,0.32021,2058
5,0,age_bin,ema_lr1e-2_wd1e-3,0.01,0.001,1.54089,0.34597,2058
5,0,age_bin,ema_d0.99,0.01,0.0001,1.62308,0.32702,2058
5,0,age_bin,ema_d0.9999,0.01,0.0001,1.53121,0.34014,2058
5,0,age_bin,mlp_h16,0.001,0.0,1.11255,0.2964,2058
5,0,age_bin,mlp_h32,0.001,0.0,1.08075,0.42711,2058
5,0,age_bin,mlp_h64,0.001,0.0,1.05235,0.50194,2058
5,0,age_bin,mlp_h128,0.001,0.0,1.05676,0.46113,2058
5,0,age_bin,attention,0.0001,1e-05,1.09571,0.4375,2058
5,0,age_bin,shuffled,0.01,0.0001,1.57553,0.31633,2058
5,0,gender,ema_lr1e-3,0.001,0.0001,1.04913,0.5034,2058
5,0,gender,ema_lr5e-3,0.005,0.0001,1.04418,0.49951,2058
5,0,gender,ema_lr1e-2,0.01,0.0001,1.03484,0.49174,2058
5,0,gender,ema_lr5e-2,0.05,0.0001,1.0408,0.47668,2058
5,0,gender,ema_lr1e-2_wd1e-3,0.01,0.001,1.18001,0.48737,2058
5,0,gender,ema_d0.99,0.01,0.0001,1.04698,0.50389,2058
5,0,gender,ema_d0.9999,0.01,0.0001,1.02408,0.50632,2058
5,0,gender,mlp_h16,0.001,0.0,0.69414,0.5379,2058
5,0,gender,mlp_h32,0.001,0.0,0.69718,0.55248,2058
5,0,gender,mlp_h64,0.001,0.0,0.69948,0.48542,2058
5,0,gender,mlp_h128,0.001,0.0,0.69658,0.5068,2058
5,0,gender,attention,0.0001,1e-05,0.69276,0.52344,2058
5,0,gender,shuffled,0.01,0.0001,1.1214,0.4932,2058
5,0,star_sign,ema_lr1e-3,0.001,0.0001,3.21772,0.12779,2058
5,0,star_sign,ema_lr5e-3,0.005,0.0001,3.18275,0.05199,2058
5,0,star_sign,ema_lr1e-2,0.01,0.0001,3.09473,0.05928,2058
5,0,star_sign,ema_lr5e-2,0.05,0.0001,2.9267,0.12585,2058
5,0,star_sign,ema_lr1e-2_wd1e-3,0.01,0.001,3.19102,0.10058,2058
5,0,star_sign,ema_d0.99,0.01,0.0001,3.18475,0.06657,2058
5,0,star_sign,ema_d0.9999,0.01,0.0001,3.17437,0.09281,2058
5,0,star_sign,mlp_h16,0.001,0.0,2.44534,0.09961,2058
5,0,star_sign,mlp_h32,0.001,0.0,2.49225,0.05588,2058
5,0,star_sign,mlp_h64,0.001,0.0,2.16764,0.42225,2058
5,0,star_sign,mlp_h128,0.001,0.0,2.28352,0.40233,2058
5,0,star_sign,attention,0.0001,1e-05,2.46918,0.625,2058
5,0,star_sign,shuffled,0.01,0.0001,3.15694,0.11176,2058
5,4,age_bin,ema_lr1e-3,0.001,0.0001,1.56941,0.36395,2058
5,4,age_bin,ema_lr5e-3,0.005,0.0001,1.47788,0.33916,2058
5,4,age_bin,ema_lr1e-2,0.01,0.0001,1.38998,0.31147,2058
5,4,age_bin,ema_lr5e-2,0.05,0.0001,1.38624,0.33819,2058
5,4,age_bin,ema_lr1e-2_wd1e-3,0.01,0.001,1.40938,0.36297,2058
5,4,age_bin,ema_d0.99,0.01,0.0001,1.69325,0.36152,2058
5,4,age_bin,ema_d0.9999,0.01,0.0001,1.40978,0.33868,2058
5,4,age_bin,mlp_h16,0.001,0.0,1.06149,0.50243,2058
5,4,age_bin,mlp_h32,0.001,0.0,1.08126,0.41788,2058
5,4,age_bin,mlp_h64,0.001,0.0,1.0454,0.52478,2058
5,4,age_bin,mlp_h128,0.001,0.0,1.0545,0.49854,2058
5,4,age_bin,attention,0.0001,1e-05,1.02448,0.48438,2058
5,4,age_bin,shuffled,0.01,0.0001,1.50666,0.31438,2058
5,4,gender,ema_lr1e-3,0.001,0.0001,1.05431,0.49077,2058
5,4,gender,ema_lr5e-3,0.005,0.0001,1.05669,0.47425,2058
5,4,gender,ema_lr1e-2,0.01,0.0001,0.99745,0.50097,2058
5,4,gender,ema_lr5e-2,0.05,0.0001,0.83356,0.51798,2058
5,4,gender,ema_lr1e-2_wd1e-3,0.01,0.001,1.0647,0.48737,2058
5,4,gender,ema_d0.99,0.01,0.0001,0.89235,0.49854,2058
5,4,gender,ema_d0.9999,0.01,0.0001,1.03556,0.50777,2058
5,4,gender,mlp_h16,0.001,0.0,0.71765,0.44849,2058
5,4,gender,mlp_h32,0.001,0.0,0.69174,0.54276,2058
5,4,gender,mlp_h64,0.001,0.0,0.70163,0.50534,2058
5,4,gender,mlp_h128,0.001,0.0,0.69641,0.48785,2058
5,4,gender,attention,0.0001,1e-05,0.69181,0.55469,2058
5,4,gender,shuffled,0.01,0.0001,0.98151,0.49028,2058
5,4,star_sign,ema_lr1e-3,0.001,0.0001,3.16101,0.10739,2058
5,4,star_sign,ema_lr5e-3,0.005,0.0001,3.10708,0.11322,2058
5,4,star_sign,ema_lr1e-2,0.01,0.0001,3.05599,0.11613,2058
5,4,star_sign,ema_lr5e-2,0.05,0.0001,2.8173,0.08455,2058
5,4,star_sign,ema_lr1e-2_wd1e-3,0.01,0.001,3.21632,0.07969,2058
5,4,star_sign,ema_d0.99,0.01,0.0001,3.13085,0.16424,2058
5,4,star_sign,ema_d0.9999,0.01,0.0001,3.03416,0.0826,2058
5,4,star_sign,mlp_h16,0.001,0.0,2.4229,0.00243,2058
5,4,star_sign,mlp_h32,0.001,0.0,2.48248,0.02381,2058
5,4,star_sign,mlp_h64,0.001,0.0,2.17225,0.44947,2058
5,4,star_sign,mlp_h128,0.001,0.0,1.89955,0.91594,2058
5,4,star_sign,attention,0.0001,1e-05,2.63943,0.0,2058
5,4,star_sign,shuffled,0.01,0.0001,3.0691,0.07532,2058
5,6,age_bin,ema_lr1e-3,0.001,0.0001,1.68827,0.32167,2058
5,6,age_bin,ema_lr5e-3,0.005,0.0001,1.79511,0.29883,2058
5,6,age_bin,ema_lr1e-2,0.01,0.0001,1.68211,0.3139,2058
5,6,age_bin,ema_lr5e-2,0.05,0.0001,1.44373,0.3518,2058
5,6,age_bin,ema_lr1e-2_wd1e-3,0.01,0.001,1.58848,0.30661,2058
5,6,age_bin,ema_d0.99,0.01,0.0001,1.54349,0.37901,2058
5,6,age_bin,ema_d0.9999,0.01,0.0001,1.51822,0.33819,2058
5,6,age_bin,mlp_h16,0.001,0.0,1.15663,0.26482,2058
5,6,age_bin,mlp_h32,0.001,0.0,1.11085,0.31681,2058
5,6,age_bin,mlp_h64,0.001,0.0,1.06804,0.4621,2058
5,6,age_bin,mlp_h128,0.001,0.0,1.04206,0.52575,2058
5,6,age_bin,attention,0.0001,1e-05,8.66193,0.53906,2058
5,6,age_bin,shuffled,0.01,0.0001,1.57049,0.34014,2058
5,6,gender,ema_lr1e-3,0.001,0.0001,1.20054,0.46842,2058
5,6,gender,ema_lr5e-3,0.005,0.0001,1.10667,0.48397,2058
5,6,gender,ema_lr1e-2,0.01,0.0001,1.13722,0.4932,2058
5,6,gender,ema_lr5e-2,0.05,0.0001,0.91541,0.52672,2058
5,6,gender,ema_lr1e-2_wd1e-3,0.01,0.001,1.06373,0.50972,2058
5,6,gender,ema_d0.99,0.01,0.0001,1.04442,0.48105,2058
5,6,gender,ema_d0.9999,0.01,0.0001,1.098,0.49125,2058
5,6,gender,mlp_h16,0.001,0.0,0.72876,0.43197,2058
5,6,gender,mlp_h32,0.001,0.0,0.69839,0.4966,2058
5,6,gender,mlp_h64,0.001,0.0,0.69652,0.51603,2058
5,6,gender,mlp_h128,0.001,0.0,0.69371,0.53644,2058
5,6,gender,attention,0.0001,1e-05,2.6254,0.45312,2058
5,6,gender,shuffled,0.01,0.0001,1.04062,0.49708,2058
5,6,star_sign,ema_lr1e-3,0.001,0.0001,3.34279,0.07677,2058
5,6,star_sign,ema_lr5e-3,0.005,0.0001,3.19185,0.1001,2058
5,6,star_sign,ema_lr1e-2,0.01,0.0001,3.23595,0.06268,2058
5,6,star_sign,ema_lr5e-2,0.05,0.0001,3.10317,0.12002,2058
5,6,star_sign,ema_lr1e-2_wd1e-3,0.01,0.001,3.10434,0.04373,2058
5,6,star_sign,ema_d0.99,0.01,0.0001,3.2909,0.06122,2058
5,6,star_sign,ema_d0.9999,0.01,0.0001,3.20044,0.08552,2058
5,6,star_sign,mlp_h16,0.001,0.0,2.28055,0.224,2058
5,6,star_sign,mlp_h32,0.001,0.0,2.3727,0.138,2058
5,6,star_sign,mlp_h64,0.001,0.0,2.59331,0.03013,2058
5,6,star_sign,mlp_h128,0.001,0.0,1.8845,0.92566,2058
5,6,star_sign,attention,0.0001,1e-05,12.4782,0.08594,2058
5,6,star_sign,shuffled,0.01,0.0001,3.04329,0.11322,2058
6,0,age_bin,ema_lr1e-3,0.001,0.0001,1.6265,0.32849,1927
6,0,age_bin,ema_lr5e-3,0.005,0.0001,1.59558,0.32693,1927
6,0,age_bin,ema_lr1e-2,0.01,0.0001,1.53624,0.31552,1927
6,0,age_bin,ema_lr5e-2,0.05,0.0001,1.54213,0.32797,1927
6,0,age_bin,ema_lr1e-2_wd1e-3,0.01,0.001,1.53793,0.32641,1927
6,0,age_bin,ema_d0.99,0.01,0.0001,1.5749,0.33835,1927
6,0,age_bin,ema_d0.9999,0.01,0.0001,1.5341,0.33679,1927
6,0,age_bin,mlp_h16,0.001,0.0,1.10891,0.3259,1927
6,0,age_bin,mlp_h32,0.001,0.0,1.09633,0.37416,1927
6,0,age_bin,mlp_h64,0.001,0.0,1.08229,0.42657,1927
6,0,age_bin,mlp_h128,0.001,0.0,1.07997,0.42138,1927
6,0,age_bin,attention,0.0001,1e-05,1.09721,0.35938,1927
6,0,age_bin,shuffled,0.01,0.0001,1.54699,0.33108,1927
6,0,gender,ema_lr1e-3,0.001,0.0001,1.0317,0.5122,1927
6,0,gender,ema_lr5e-3,0.005,0.0001,1.15615,0.47691,1927
6,0,gender,ema_lr1e-2,0.01,0.0001,1.05255,0.4904,1927
6,0,gender,ema_lr5e-2,0.05,0.0001,1.01527,0.49196,1927
6,0,gender,ema_lr1e-2_wd1e-3,0.01,0.001,1.08157,0.51635,1927
6,0,gender,ema_d0.99,0.01,0.0001,1.0786,0.49663,1927
6,0,gender,ema_d0.9999,0.01,0.0001,1.14055,0.48521,1927
6,0,gender,mlp_h16,0.001,0.0,0.69597,0.54126,1927
6,0,gender,mlp_h32,0.001,0.0,0.69751,0.54696,1927
6,0,gender,mlp_h64,0.001,0.0,0.70555,0.47535,1927
6,0,gender,mlp_h128,0.001,0.0,0.69771,0.51375,1927
6,0,gender,attention,0.0001,1e-05,0.69306,0.51562,1927
6,0,gender,shuffled,0.01,0.0001,1.11162,0.4987,1927
6,0,star_sign,ema_lr1e-3,0.001,0.0001,3.25487,0.13337,1927
6,0,star_sign,ema_lr5e-3,0.005,0.0001,3.18445,0.06072,1927
6,0,star_sign,ema_lr1e-2,0.01,0.0001,3.08345,0.06175,1927
6,0,star_sign,ema_lr5e-2,0.05,0.0001,2.88429,0.14271,1927
6,0,star_sign,ema_lr1e-2_wd1e-3,0.01,0.001,3.18519,0.10742,1927
6,0,star_sign,ema_d0.99,0.01,0.0001,3.14796,0.06435,1927
6,0,star_sign,ema_d0.9999,0.01,0.0001,3.17398,0.10586,1927
6,0,star_sign,mlp_h16,0.001,0.0,2.42979,0.1178,1927
6,0,star_sign,mlp_h32,0.001,0.0,2.46833,0.06746,1927
6,0,star_sign,mlp_h64,0.001,0.0,2.11722,0.51635,1927
6,0,star_sign,mlp_h128,0.001,0.0,2.20683,0.52309,1927
6,0,star_sign,attention,0.0001,1e-05,2.46899,0.57031,1927
6,0,star_sign,shuffled,0.01,0.0001,3.20759,0.11105,1927
6,4,age_bin,ema_lr1e-3,0.001,0.0001,1.63183,0.34406,1927
6,4,age_bin,ema_lr5e-3,0.005,0.0001,1.6024,0.30877,1927
6,4,age_bin,ema_lr1e-2,0.01,0.0001,1.3455,0.33679,1927
6,4,age_bin,ema_lr5e-2,0.05,0.0001,1.41998,0.32693,1927
6,4,age_bin,ema_lr1e-2_wd1e-3,0.01,0.001,1.44344,0.33679,1927
6,4,age_bin,ema_d0.99,0.01,0.0001,1.73524,0.32486,1927
6,4,age_bin,ema_d0.9999,0.01,0.0001,1.4861,0.31292,1927
6,4,age_bin,mlp_h16,0.001,0.0,1.08656,0.42086,1927
6,4,age_bin,mlp_h32,0.001,0.0,1.09498,0.37831,1927
6,4,age_bin,mlp_h64,0.001,0.0,1.07201,0.44733,1927
6,4,age_bin,mlp_h128,0.001,0.0,1.07867,0.43695,1927
6,4,age_bin,attention,0.0001,1e-05,1.05696,0.45312,1927
6,4,age_bin,shuffled,0.01,0.0001,1.47507,0.32745,1927
6,4,gender,ema_lr1e-3,0.001,0.0001,0.99115,0.50752,1927
6,4,gender,ema_lr5e-3,0.005,0.0001,0.98629,0.50545,1927
6,4,gender,ema_lr1e-2,0.01,0.0001,1.0082,0.51168,1927
6,4,gender,ema_lr5e-2,0.05,0.0001,0.81774,0.54281,1927
6,4,gender,ema_lr1e-2_wd1e-3,0.01,0.001,1.03185,0.52309,1927
6,4,gender,ema_d0.99,0.01,0.0001,0.90139,0.48002,1927
6,4,gender,ema_d0.9999,0.01,0.0001,0.9857,0.49559,1927
6,4,gender,mlp_h16,0.001,0.0,0.71372,0.452,1927
6,4,gender,mlp_h32,0.001,0.0,0.69605,0.5205,1927
6,4,gender,mlp_h64,0.001,0.0,0.69943,0.49922,1927
6,4,gender,mlp_h128,0.001,0.0,0.69583,0.51271,1927
6,4,gender,attention,0.0001,1e-05,0.70594,0.50781,1927
6,4,gender,shuffled,0.01,0.0001,0.99171,0.49611,1927
6,4,star_sign,ema_lr1e-3,0.001,0.0001,3.05701,0.11832,1927
6,4,star_sign,ema_lr5e-3,0.005,0.0001,3.15767,0.10379,1927
6,4,star_sign,ema_lr1e-2,0.01,0.0001,3.096,0.12143,1927
6,4,star_sign,ema_lr5e-2,0.05,0.0001,2.73152,0.11417,1927
6,4,star_sign,ema_lr1e-2_wd1e-3,0.01,0.001,3.21463,0.08044,1927
6,4,star_sign,ema_d0.99,0.01,0.0001,3.07995,0.18838,1927
6,4,star_sign,ema_d0.9999,0.01,0.0001,2.96418,0.08978,1927
6,4,star_sign,mlp_h16,0.001,0.0,2.40142,0.0109,1927
6,4,star_sign,mlp_h32,0.001,0.0,2.44423,0.05708,1927
6,4,star_sign,mlp_h64,0.001,0.0,2.09727,0.54956,1927
6,4,star_sign,mlp_h128,0.001,0.0,1.79072,0.96731,1927
6,4,star_sign,attention,0.0001,1e-05,2.64782,0.0,1927
6,4,star_sign,shuffled,0.01,0.0001,3.12858,0.07109,1927
6,6,age_bin,ema_lr1e-3,0.001,0.0001,1.78006,0.29061,1927
6,6,age_bin,ema_lr5e-3,0.005,0.0001,1.68943,0.33731,1927
6,6,age_bin,ema_lr1e-2,0.01,0.0001,1.58291,0.33679,1927
6,6,age_bin,ema_lr5e-2,0.05,0.0001,1.507,0.32641,1927
6,6,age_bin,ema_lr1e-2_wd1e-3,0.01,0.001,1.47019,0.34354,1927
6,6,age_bin,ema_d0.99,0.01,0.0001,1.53073,0.37571,1927
6,6,age_bin,ema_d0.9999,0.01,0.0001,1.497,0.3617,1927
6,6,age_bin,mlp_h16,0.001,0.0,1.14198,0.28801,1927
6,6,age_bin,mlp_h32,0.001,0.0,1.1156,0.31033,1927
6,6,age_bin,mlp_h64,0.001,0.0,1.08962,0.41412,1927
6,6,age_bin,mlp_h128,0.001,0.0,1.06931,0.44785,1927
6,6,age_bin,attention,0.0001,1e-05,10.65586,0.48438,1927
6,6,age_bin,shuffled,0.01,0.0001,1.58012,0.35755,1927
6,6,gender,ema_lr1e-3,0.001,0.0001,1.20362,0.47846,1927
6,6,gender,ema_lr5e-3,0.005,0.0001,1.16807,0.46964,1927
6,6,gender,ema_lr1e-2,0.01,0.0001,1.10265,0.50234,1927
6,6,gender,ema_lr5e-2,0.05,0.0001,0.91405,0.51323,1927
6,6,gender,ema_lr1e-2_wd1e-3,0.01,0.001,1.01467,0.5096,1927
6,6,gender,ema_d0.99,0.01,0.0001,0.95506,0.51375,1927
6,6,gender,ema_d0.9999,0.01,0.0001,1.04048,0.51946,1927
6,6,gender,mlp_h16,0.001,0.0,0.72085,0.47016,1927
6,6,gender,mlp_h32,0.001,0.0,0.69888,0.51738,1927
6,6,gender,mlp_h64,0.001,0.0,0.69252,0.52517,1927
6,6,gender,mlp_h128,0.001,0.0,0.70457,0.49922,1927
6,6,gender,attention,0.0001,1e-05,2.3386,0.49219,1927
6,6,gender,shuffled,0.01,0.0001,1.05385,0.49559,1927
6,6,star_sign,ema_lr1e-3,0.001,0.0001,3.22962,0.09497,1927
6,6,star_sign,ema_lr5e-3,0.005,0.0001,3.27991,0.08822,1927
6,6,star_sign,ema_lr1e-2,0.01,0.0001,3.37015,0.06435,1927
6,6,star_sign,ema_lr5e-2,0.05,0.0001,3.01779,0.13596,1927
6,6,star_sign,ema_lr1e-2_wd1e-3,0.01,0.001,3.18209,0.03996,1927
6,6,star_sign,ema_d0.99,0.01,0.0001,3.2736,0.08511,1927
6,6,star_sign,ema_d0.9999,0.01,0.0001,3.25381,0.0602,1927
6,6,star_sign,mlp_h16,0.001,0.0,2.26481,0.24598,1927
6,6,star_sign,mlp_h32,0.001,0.0,2.31601,0.22107,1927
6,6,star_sign,mlp_h64,0.001,0.0,2.52894,0.04619,1927
6,6,star_sign,mlp_h128,0.001,0.0,1.79356,0.96316,1927
6,6,star_sign,attention,0.0001,1e-05,13.68534,0.03125,1927
6,6,star_sign,shuffled,0.01,0.0001,3.15069,0.0986,1927
7,0,age_bin,ema_lr1e-3,0.001,0.0001,1.53591,0.35003,1817
7,0,age_bin,ema_lr5e-3,0.005,0.0001,1.6068,0.32031,1817
7,0,age_bin,ema_lr1e-2,0.01,0.0001,1.48032,0.34893,1817
7,0,age_bin,ema_lr5e-2,0.05,0.0001,1.45329,0.35553,1817
7,0,age_bin,ema_lr1e-2_wd1e-3,0.01,0.001,1.54267,0.33902,1817
7,0,age_bin,ema_d0.99,0.01,0.0001,1.64578,0.33792,1817
7,0,age_bin,ema_d0.9999,0.01,0.0001,1.55156,0.32251,1817
7,0,age_bin,mlp_h16,0.001,0.0,1.10841,0.32141,1817
7,0,age_bin,mlp_h32,0.001,0.0,1.08973,0.39185,1817
7,0,age_bin,mlp_h64,0.001,0.0,1.08088,0.43423,1817
7,0,age_bin,mlp_h128,0.001,0.0,1.07804,0.42818,1817
7,0,age_bin,attention,0.0001,1e-05,1.09535,0.44531,1817
7,0,age_bin,shuffled,0.01,0.0001,1.57658,0.29994,1817
7,0,gender,ema_lr1e-3,0.001,0.0001,1.06253,0.51734,1817
7,0,gender,ema_lr5e-3,0.005,0.0001,1.15741,0.47606,1817
7,0,gender,ema_lr1e-2,0.01,0.0001,1.04471,0.48431,1817
7,0,gender,ema_lr5e-2,0.05,0.0001,1.0355,0.47441,1817
7,0,gender,ema_lr1e-2_wd1e-3,0.01,0.001,1.05774,0.52779,1817
7,0,gender,ema_d0.99,0.01,0.0001,1.02029,0.50743,1817
7,0,gender,ema_d0.9999,0.01,0.0001,1.10454,0.49202,1817
7,0,gender,mlp_h16,0.001,0.0,0.69035,0.55586,1817
7,0,gender,mlp_h32,0.001,0.0,0.68778,0.56962,1817
7,0,gender,mlp_h64,0.001,0.0,0.70106,0.48707,1817
7,0,gender,mlp_h128,0.001,0.0,0.69097,0.52669,1817
7,0,gender,attention,0.0001,1e-05,0.6937,0.47656,1817
7,0,gender,shuffled,0.01,0.0001,1.09067,0.50028,1817
7,0,star_sign,ema_lr1e-3,0.001,0.0001,3.16578,0.13759,1817
7,0,star_sign,ema_lr5e-3,0.005,0.0001,3.15437,0.04458,1817
7,0,star_sign,ema_lr1e-2,0.01,0.0001,3.07982,0.0787,1817
7,0,star_sign,ema_lr5e-2,0.05,0.0001,2.86298,0.15905,1817
7,0,star_sign,ema_lr1e-2_wd1e-3,0.01,0.001,3.19389,0.11007,1817
7,0,star_sign,ema_d0.99,0.01,0.0001,3.13728,0.06329,1817
7,0,star_sign,ema_d0.9999,0.01,0.0001,3.17912,0.10512,1817
7,0,star_sign,mlp_h16,0.001,0.0,2.39956,0.13924,1817
7,0,star_sign,mlp_h32,0.001,0.0,2.4354,0.09741,1817
7,0,star_sign,mlp_h64,0.001,0.0,2.06191,0.58943,1817
7,0,star_sign,mlp_h128,0.001,0.0,2.11697,0.65272,1817
7,0,star_sign,attention,0.0001,1e-05,2.46658,0.69531,1817
7,0,star_sign,shuffled,0.01,0.0001,3.19717,0.10457,1817
7,4,age_bin,ema_lr1e-3,0.001,0.0001,1.54843,0.35168,1817
7,4,age_bin,ema_lr5e-3,0.005,0.0001,1.51976,0.33021,1817
7,4,age_bin,ema_lr1e-2,0.01,0.0001,1.38608,0.3038,1817
7,4,age_bin,ema_lr5e-2,0.05,0.0001,1.38735,0.34287,1817
7,4,age_bin,ema_lr1e-2_wd1e-3,0.01,0.001,1.41054,0.33902,1817
7,4,age_bin,ema_d0.99,0.01,0.0001,1.60618,0.36324,1817
7,4,age_bin,ema_d0.9999,0.01,0.0001,1.38852,0.33957,1817
7,4,age_bin,mlp_h16,0.001,0.0,1.08179,0.42653,1817
7,4,age_bin,mlp_h32,0.001,0.0,1.10003,0.38085,1817
7,4,age_bin,mlp_h64,0.001,0.0,1.07842,0.44304,1817
7,4,age_bin,mlp_h128,0.001,0.0,1.07482,0.43093,1817
7,4,age_bin,attention,0.0001,1e-05,1.04473,0.46875,1817
7,4,age_bin,shuffled,0.01,0.0001,1.44697,0.32691,1817
7,4,gender,ema_lr1e-3,0.001,0.0001,1.0191,0.50083,1817
7,4,gender,ema_lr5e-3,0.005,0.0001,0.97749,0.50963,1817
7,4,gender,ema_lr1e-2,0.01,0.0001,0.94763,0.51679,1817
7,4,gender,ema_lr5e-2,0.05,0.0001,0.83007,0.49037,1817
7,4,gender,ema_lr1e-2_wd1e-3,0.01,0.001,1.00008,0.52889,1817
7,4,gender,ema_d0.99,0.01,0.0001,0.8956,0.48597,1817
7,4,gender,ema_d0.9999,0.01,0.0001,1.0178,0.4689,1817
7,4,gender,mlp_h16,0.001,0.0,0.71756,0.43148,1817
7,4,gender,mlp_h32,0.001,0.0,0.68433,0.55806,1817
7,4,gender,mlp_h64,0.001,0.0,0.693,0.52504,1817
7,4,gender,mlp_h128,0.001,0.0,0.6852,0.55971,1817
7,4,gender,attention,0.0001,1e-05,0.69599,0.53906,1817
7,4,gender,shuffled,0.01,0.0001,0.98325,0.50193,1817
7,4,star_sign,ema_lr1e-3,0.001,0.0001,3.17892,0.10622,1817
7,4,star_sign,ema_lr5e-3,0.005,0.0001,3.22129,0.08751,1817
7,4,star_sign,ema_lr1e-2,0.01,0.0001,3.01428,0.12933,1817
7,4,star_sign,ema_lr5e-2,0.05,0.0001,2.71142,0.10512,1817
7,4,star_sign,ema_lr1e-2_wd1e-3,0.01,0.001,3.16888,0.0842,1817
7,4,star_sign,ema_d0.99,0.01,0.0001,3.14393,0.14364,1817
7,4,star_sign,ema_d0.9999,0.01,0.0001,3.01903,0.08531,1817
7,4,star_sign,mlp_h16,0.001,0.0,2.37835,0.01046,1817
7,4,star_sign,mlp_h32,0.001,0.0,2.3891,0.08255,1817
7,4,star_sign,mlp_h64,0.001,0.0,2.03256,0.67309,1817
7,4,star_sign,mlp_h128,0.001,0.0,1.71007,0.99505,1817
7,4,star_sign,attention,0.0001,1e-05,2.64375,0.0,1817
7,4,star_sign,shuffled,0.01,0.0001,3.0541,0.06714,1817
7,6,age_bin,ema_lr1e-3,0.001,0.0001,1.65789,0.33957,1817
7,6,age_bin,ema_lr5e-3,0.005,0.0001,1.64874,0.34618,1817
7,6,age_bin,ema_lr1e-2,0.01,0.0001,1.74096,0.28784,1817
7,6,age_bin,ema_lr5e-2,0.05,0.0001,1.38671,0.34507,1817
7,6,age_bin,ema_lr1e-2_wd1e-3,0.01,0.001,1.51822,0.31425,1817
7,6,age_bin,ema_d0.99,0.01,0.0001,1.5825,0.36654,1817
7,6,age_bin,ema_d0.9999,0.01,0.0001,1.41722,0.3836,1817
7,6,age_bin,mlp_h16,0.001,0.0,1.13579,0.28288,1817
7,6,age_bin,mlp_h32,0.001,0.0,1.11658,0.31205,1817
7,6,age_bin,mlp_h64,0.001,0.0,1.0844,0.41662,1817
7,6,age_bin,mlp_h128,0.001,0.0,1.07245,0.44469,1817
7,6,age_bin,attention,0.0001,1e-05,9.74218,0.46875,1817
7,6,age_bin,shuffled,0.01,0.0001,1.55382,0.33297,1817
7,6,gender,ema_lr1e-3,0.001,0.0001,1.10597,0.49532,1817
7,6,gender,ema_lr5e-3,0.005,0.0001,1.04426,0.48597,1817
7,6,gender,ema_lr1e-2,0.01,0.0001,1.08632,0.49807,1817
7,6,gender,ema_lr5e-2,0.05,0.0001,0.8998,0.50963,1817
7,6,gender,ema_lr1e-2_wd1e-3,0.01,0.001,1.00404,0.52724,1817
7,6,gender,ema_d0.99,0.01,0.0001,1.09755,0.4557,1817
7,6,gender,ema_d0.9999,0.01,0.0001,1.00145,0.52559,1817
7,6,gender,mlp_h16,0.001,0.0,0.73717,0.42212,1817
7,6,gender,mlp_h32,0.001,0.0,0.6898,0.54595,1817
7,6,gender,mlp_h64,0.001,0.0,0.69211,0.52394,1817
7,6,gender,mlp_h128,0.001,0.0,0.69642,0.54375,1817
7,6,gender,attention,0.0001,1e-05,2.76821,0.46875,1817
7,6,gender,shuffled,0.01,0.0001,0.99586,0.50248,1817
7,6,star_sign,ema_lr1e-3,0.001,0.0001,3.21834,0.0842,1817
7,6,star_sign,ema_lr5e-3,0.005,0.0001,3.18979,0.10292,1817
7,6,star_sign,ema_lr1e-2,0.01,0.0001,3.17543,0.08531,1817
7,6,star_sign,ema_lr5e-2,0.05,0.0001,2.85423,0.1519,1817
7,6,star_sign,ema_lr1e-2_wd1e-3,0.01,0.001,3.05268,0.06549,1817
7,6,star_sign,ema_d0.99,0.01,0.0001,3.13739,0.0787,1817
7,6,star_sign,ema_d0.9999,0.01,0.0001,3.04624,0.09741,1817
7,6,star_sign,mlp_h16,0.001,0.0,2.25749,0.26692,1817
7,6,star_sign,mlp_h32,0.001,0.0,2.30914,0.2295,1817
7,6,star_sign,mlp_h64,0.001,0.0,2.48496,0.05834,1817
7,6,star_sign,mlp_h128,0.001,0.0,1.70881,0.99119,1817
7,6,star_sign,attention,0.0001,1e-05,13.17068,0.04688,1817
7,6,star_sign,shuffled,0.01,0.0001,3.20889,0.08255,1817
8,0,age_bin,ema_lr1e-3,0.001,0.0001,1.57685,0.35076,1970
8,0,age_bin,ema_lr5e-3,0.005,0.0001,1.60098,0.32792,1970
8,0,age_bin,ema_lr1e-2,0.01,0.0001,1.49475,0.33553,1970
8,0,age_bin,ema_lr5e-2,0.05,0.0001,1.47902,0.3401,1970
8,0,age_bin,ema_lr1e-2_wd1e-3,0.01,0.001,1.56982,0.32437,1970
8,0,age_bin,ema_d0.99,0.01,0.0001,1.64279,0.34264,1970
8,0,age_bin,ema_d0.9999,0.01,0.0001,1.49045,0.3467,1970
8,0,age_bin,mlp_h16,0.001,0.0,1.10727,0.31878,1970
8,0,age_bin,mlp_h32,0.001,0.0,1.07057,0.46599,1970
8,0,age_bin,mlp_h64,0.001,0.0,1.02504,0.54416,1970
8,0,age_bin,mlp_h128,0.001,0.0,1.02885,0.53655,1970
8,0,age_bin,attention,0.0001,1e-05,1.09435,0.50781,1970
8,0,age_bin,shuffled,0.01,0.0001,1.55267,0.32183,1970
8,0,gender,ema_lr1e-3,0.001,0.0001,1.05985,0.50508,1970
8,0,gender,ema_lr5e-3,0.005,0.0001,1.10094,0.4934,1970
8,0,gender,ema_lr1e-2,0.01,0.0001,1.01376,0.48934,1970
8,0,gender,ema_lr5e-2,0.05,0.0001,0.96245,0.49645,1970
8,0,gender,ema_lr1e-2_wd1e-3,0.01,0.001,1.10251,0.5132,1970
8,0,gender,ema_d0.99,0.01,0.0001,1.02135,0.5203,1970
8,0,gender,ema_d0.9999,0.01,0.0001,1.09644,0.48223,1970
8,0,gender,mlp_h16,0.001,0.0,0.68851,0.55025,1970
8,0,gender,mlp_h32,0.001,0.0,0.6885,0.55178,1970
8,0,gender,mlp_h64,0.001,0.0,0.69407,0.5198,1970
8,0,gender,mlp_h128,0.001,0.0,0.69062,0.53147,1970
8,0,gender,attention,0.0001,1e-05,0.69434,0.46094,1970
8,0,gender,shuffled,0.01,0.0001,1.06311,0.49848,1970
8,0,star_sign,ema_lr1e-3,0.001,0.0001,3.21503,0.13249,1970
8,0,star_sign,ema_lr5e-3,0.005,0.0001,3.15296,0.05685,1970
8,0,star_sign,ema_lr1e-2,0.01,0.0001,3.06235,0.06497,1970
8,0,star_sign,ema_lr5e-2,0.05,0.0001,2.77442,0.15482,1970
8,0,star_sign,ema_lr1e-2_wd1e-3,0.01,0.001,3.14202,0.11827,1970
8,0,star_sign,ema_d0.99,0.01,0.0001,3.19062,0.05431,1970
8,0,star_sign,ema_d0.9999,0.01,0.0001,3.13649,0.10254,1970
8,0,star_sign,mlp_h16,0.001,0.0,2.38404,0.16041,1970
8,0,star_sign,mlp_h32,0.001,0.0,2.41046,0.10863,1970
8,0,star_sign,mlp_h64,0.001,0.0,2.02319,0.60761,1970
8,0,star_sign,mlp_h128,0.001,0.0,2.04647,0.78782,1970
8,0,star_sign,attention,0.0001,1e-05,2.46469,0.71094,1970
8,0,star_sign,shuffled,0.01,0.0001,3.16799,0.09949,1970
8,4,age_bin,ema_lr1e-3,0.001,0.0001,1.49933,0.39645,1970
8,4,age_bin,ema_lr5e-3,0.005,0.0001,1.48234,0.3467,1970
8,4,age_bin,ema_lr1e-2,0.01,0.0001,1.39571,0.31269,1970
8,4,age_bin,ema_lr5e-2,0.05,0.0001,1.30515,0.37868,1970
8,4,age_bin,ema_lr1e-2_wd1e-3,0.01,0.001,1.37344,0.35178,1970
8,4,age_bin,ema_d0.99,0.01,0.0001,1.5084,0.3934,1970
8,4,age_bin,ema_d0.9999,0.01,0.0001,1.42693,0.32386,1970
8,4,age_bin,mlp_h16,0.001,0.0,1.04581,0.54416,1970
8,4,age_bin,mlp_h32,0.001,0.0,1.05423,0.48426,1970
8,4,age_bin,mlp_h64,0.001,0.0,1.02518,0.5599,1970
8,4,age_bin,mlp_h128,0.001,0.0,1.01948,0.54772,1970
8,4,age_bin,attention,0.0001,1e-05,1.06748,0.53125,1970
8,4,age_bin,shuffled,0.01,0.0001,1.43674,0.32893,1970
8,4,gender,ema_lr1e-3,0.001,0.0001,0.93471,0.53959,1970
8,4,gender,ema_lr5e-3,0.005,0.0001,0.9375,0.51523,1970
8,4,gender,ema_lr1e-2,0.01,0.0001,0.95951,0.50457,1970
8,4,gender,ema_lr5e-2,0.05,0.0001,0.78338,0.54061,1970
8,4,gender,ema_lr1e-2_wd1e-3,0.01,0.001,1.00776,0.5264,1970
8,4,gender,ema_d0.99,0.01,0.0001,0.91244,0.47563,1970
8,4,gender,ema_d0.9999,0.01,0.0001,0.93594,0.52792,1970
8,4,gender,mlp_h16,0.001,0.0,0.70977,0.45939,1970
8,4,gender,mlp_h32,0.001,0.0,0.68337,0.55025,1970
8,4,gender,mlp_h64,0.001,0.0,0.68929,0.53604,1970
8,4,gender,mlp_h128,0.001,0.0,0.68292,0.55533,1970
8,4,gender,attention,0.0001,1e-05,0.69435,0.54688,1970
8,4,gender,shuffled,0.01,0.0001,0.98341,0.49086,1970
8,4,star_sign,ema_lr1e-3,0.001,0.0001,3.18445,0.11929,1970
8,4,star_sign,ema_lr5e-3,0.005,0.0001,3.14209,0.08883,1970
8,4,star_sign,ema_lr1e-2,0.01,0.0001,3.01647,0.13503,1970
8,4,star_sign,ema_lr5e-2,0.05,0.0001,2.61006,0.12437,1970
8,4,star_sign,ema_lr1e-2_wd1e-3,0.01,0.001,3.11966,0.09036,1970
8,4,star_sign,ema_d0.99,0.01,0.0001,3.14839,0.14467,1970
8,4,star_sign,ema_d0.9999,0.01,0.0001,3.03899,0.08223,1970
8,4,star_sign,mlp_h16,0.001,0.0,2.35432,0.01574,1970
8,4,star_sign,mlp_h32,0.001,0.0,2.35241,0.09543,1970
8,4,star_sign,mlp_h64,0.001,0.0,1.95919,0.76751,1970
8,4,star_sign,mlp_h128,0.001,0.0,1.61832,0.99898,1970
8,4,star_sign,attention,0.0001,1e-05,2.62448,0.0,1970
8,4,star_sign,shuffled,0.01,0.0001,3.04853,0.06345,1970
8,6,age_bin,ema_lr1e-3,0.001,0.0001,1.72786,0.31066,1970
8,6,age_bin,ema_lr5e-3,0.005,0.0001,1.63637,0.35431,1970
8,6,age_bin,ema_lr1e-2,0.01,0.0001,1.63939,0.33807,1970
8,6,age_bin,ema_lr5e-2,0.05,0.0001,1.3455,0.3731,1970
8,6,age_bin,ema_lr1e-2_wd1e-3,0.01,0.001,1.57337,0.31675,1970
8,6,age_bin,ema_d0.99,0.01,0.0001,1.56311,0.3599,1970
8,6,age_bin,ema_d0.9999,0.01,0.0001,1.45998,0.33807,1970
8,6,age_bin,mlp_h16,0.001,0.0,1.14954,0.25178,1970
8,6,age_bin,mlp_h32,0.001,0.0,1.09805,0.33807,1970
8,6,age_bin,mlp_h64,0.001,0.0,1.0577,0.5,1970
8,6,age_bin,mlp_h128,0.001,0.0,1.0164,0.54061,1970
8,6,age_bin,attention,0.0001,1e-05,9.68411,0.51562,1970
8,6,age_bin,shuffled,0.01,0.0001,1.5497,0.33046,1970
8,6,gender,ema_lr1e-3,0.001,0.0001,1.06167,0.53553,1970
8,6,gender,ema_lr5e-3,0.005,0.0001,1.03825,0.49036,1970
8,6,gender,ema_lr1e-2,0.01,0.0001,1.04724,0.49391,1970
8,6,gender,ema_lr5e-2,0.05,0.0001,0.88085,0.52386,1970
8,6,gender,ema_lr1e-2_wd1e-3,0.01,0.001,1.03504,0.50406,1970
8,6,gender,ema_d0.99,0.01,0.0001,0.97823,0.50457,1970
8,6,gender,ema_d0.9999,0.01,0.0001,1.0204,0.51371,1970
8,6,gender,mlp_h16,0.001,0.0,0.71849,0.44924,1970
8,6,gender,mlp_h32,0.001,0.0,0.69006,0.53046,1970
8,6,gender,mlp_h64,0.001,0.0,0.68895,0.54619,1970
8,6,gender,mlp_h128,0.001,0.0,0.69576,0.51726,1970
8,6,gender,attention,0.0001,1e-05,2.34177,0.53125,1970
8,6,gender,shuffled,0.01,0.0001,1.03787,0.49036,1970
8,6,star_sign,ema_lr1e-3,0.001,0.0001,3.22947,0.08173,1970
8,6,star_sign,ema_lr5e-3,0.005,0.0001,3.06954,0.12893,1970
8,6,star_sign,ema_lr1e-2,0.01,0.0001,3.14314,0.09137,1970
8,6,star_sign,ema_lr5e-2,0.05,0.0001,2.79318,0.16142,1970
8,6,star_sign,ema_lr1e-2_wd1e-3,0.01,0.001,2.98718,0.06294,1970
8,6,star_sign,ema_d0.99,0.01,0.0001,3.14229,0.06954,1970
8,6,star_sign,ema_d0.9999,0.01,0.0001,3.16466,0.07817,1970
8,6,star_sign,mlp_h16,0.001,0.0,2.23647,0.29797,1970
8,6,star_sign,mlp_h32,0.001,0.0,2.28156,0.2802,1970
8,6,star_sign,mlp_h64,0.001,0.0,2.44393,0.08832,1970
8,6,star_sign,mlp_h128,0.001,0.0,1.63946,0.99391,1970
8,6,star_sign,attention,0.0001,1e-05,11.84715,0.08594,1970
8,6,star_sign,shuffled,0.01,0.0001,3.04554,0.09492,1970
9,0,age_bin,ema_lr1e-3,0.001,0.0001,1.58483,0.34277,2083
9,0,age_bin,ema_lr5e-3,0.005,0.0001,1.56229,0.33077,2083
9,0,age_bin,ema_lr1e-2,0.01,0.0001,1.52684,0.33413,2083
9,0,age_bin,ema_lr5e-2,0.05,0.0001,1.49234,0.32693,2083
9,0,age_bin,ema_lr1e-2_wd1e-3,0.01,0.001,1.5724,0.32645,2083
9,0,age_bin,ema_d0.99,0.01,0.0001,1.65496,0.32933,2083
9,0,age_bin,ema_d0.9999,0.01,0.0001,1.51785,0.34181,2083
9,0,age_bin,mlp_h16,0.001,0.0,1.09352,0.35718,2083
9,0,age_bin,mlp_h32,0.001,0.0,1.08498,0.41575,2083
9,0,age_bin,mlp_h64,0.001,0.0,1.0914,0.42391,2083
9,0,age_bin,mlp_h128,0.001,0.0,1.08746,0.43639,2083
9,0,age_bin,attention,0.0001,1e-05,1.09595,0.44531,2083
9,0,age_bin,shuffled,0.01,0.0001,1.5274,0.32501,2083
9,0,gender,ema_lr1e-3,0.001,0.0001,1.07419,0.48248,2083
9,0,gender,ema_lr5e-3,0.005,0.0001,1.09872,0.48968,2083
9,0,gender,ema_lr1e-2,0.01,0.0001,1.08059,0.47912,2083
9,0,gender,ema_lr5e-2,0.05,0.0001,0.98693,0.49016,2083
9,0,gender,ema_lr1e-2_wd1e-3,0.01,0.001,1.12592,0.50552,2083
9,0,gender,ema_d0.99,0.01,0.0001,1.05712,0.49688,2083
9,0,gender,ema_d0.9999,0.01,0.0001,1.05022,0.48776,2083
9,0,gender,mlp_h16,0.001,0.0,0.70677,0.48008,2083
9,0,gender,mlp_h32,0.001,0.0,0.70474,0.50648,2083
9,0,gender,mlp_h64,0.001,0.0,0.6951,0.52184,2083
9,0,gender,mlp_h128,0.001,0.0,0.698,0.51032,2083
9,0,gender,attention,0.0001,1e-05,0.69304,0.55469,2083
9,0,gender,shuffled,0.01,0.0001,1.05852,0.51224,2083
9,0,star_sign,ema_lr1e-3,0.001,0.0001,3.24453,0.11714,2083
9,0,star_sign,ema_lr5e-3,0.005,0.0001,3.19513,0.04225,2083
9,0,star_sign,ema_lr1e-2,0.01,0.0001,3.08586,0.06673,2083
9,0,star_sign,ema_lr5e-2,0.05,0.0001,2.74223,0.15506,2083
9,0,star_sign,ema_lr1e-2_wd1e-3,0.01,0.001,3.20176,0.11426,2083
9,0,star_sign,ema_d0.99,0.01,0.0001,3.09068,0.07537,2083
9,0,star_sign,ema_d0.9999,0.01,0.0001,3.15145,0.09794,2083
9,0,star_sign,mlp_h16,0.001,0.0,2.37004,0.22516,2083
9,0,star_sign,mlp_h32,0.001,0.0,2.39303,0.14546,2083
9,0,star_sign,mlp_h64,0.001,0.0,1.96999,0.72828,2083
9,0,star_sign,mlp_h128,0.001,0.0,1.97339,0.85358,2083
9,0,star_sign,attention,0.0001,1e-05,2.4643,0.74219,2083
9,0,star_sign,shuffled,0.01,0.0001,3.17352,0.1061,2083
9,4,age_bin,ema_lr1e-3,0.001,0.0001,1.56935,0.35046,2083
9,4,age_bin,ema_lr5e-3,0.005,0.0001,1.57714,0.30677,2083
9,4,age_bin,ema_lr1e-2,0.01,0.0001,1.27398,0.37734,2083
9,4,age_bin,ema_lr5e-2,0.05,0.0001,1.38704,0.33077,2083
9,4,age_bin,ema_lr1e-2_wd1e-3,0.01,0.001,1.31728,0.3759,2083
9,4,age_bin,ema_d0.99,0.01,0.0001,1.50246,0.35526,2083
9,4,age_bin,ema_d0.9999,0.01,0.0001,1.41192,0.34854,2083
9,4,age_bin,mlp_h16,0.001,0.0,1.07721,0.43063,2083
9,4,age_bin,mlp_h32,0.001,0.0,1.09191,0.40422,2083
9,4,age_bin,mlp_h64,0.001,0.0,1.08553,0.44455,2083
9,4,age_bin,mlp_h128,0.001,0.0,1.07714,0.45031,2083
9,4,age_bin,attention,0.0001,1e-05,1.08273,0.5,2083
9,4,age_bin,shuffled,0.01,0.0001,1.4698,0.32357,2083
9,4,gender,ema_lr1e-3,0.001,0.0001,0.993,0.51752,2083
9,4,gender,ema_lr5e-3,0.005,0.0001,0.9588,0.50264,2083
9,4,gender,ema_lr1e-2,0.01,0.0001,0.93042,0.50648,2083
9,4,gender,ema_lr5e-2,0.05,0.0001,0.88798,0.46904,2083
9,4,gender,ema_lr1e-2_wd1e-3,0.01,0.001,0.99319,0.50504,2083
9,4,gender,ema_d0.99,0.01,0.0001,0.86933,0.51272,2083
9,4,gender,ema_d0.9999,0.01,0.0001,0.98647,0.4796,2083
9,4,gender,mlp_h16,0.001,0.0,0.71159,0.46375,2083
9,4,gender,mlp_h32,0.001,0.0,0.70232,0.49928,2083
9,4,gender,mlp_h64,0.001,0.0,0.69706,0.52424,2083
9,4,gender,mlp_h128,0.001,0.0,0.69709,0.50408,2083
9,4,gender,attention,0.0001,1e-05,0.72239,0.46094,2083
9,4,gender,shuffled,0.01,0.0001,0.97866,0.49064,2083
9,4,star_sign,ema_lr1e-3,0.001,0.0001,3.16665,0.10946,2083
9,4,star_sign,ema_lr5e-3,0.005,0.0001,3.13742,0.10706,2083
9,4,star_sign,ema_lr1e-2,0.01,0.0001,2.95493,0.14306,2083
9,4,star_sign,ema_lr5e-2,0.05,0.0001,2.56175,0.14066,2083
9,4,star_sign,ema_lr1e-2_wd1e-3,0.01,0.001,3.12783,0.07681,2083
9,4,star_sign,ema_d0.99,0.01,0.0001,3.02496,0.17571,2083
9,4,star_sign,ema_d0.9999,0.01,0.0001,3.05324,0.08401,2083
9,4,star_sign,mlp_h16,0.001,0.0,2.34306,0.02352,2083
9,4,star_sign,mlp_h32,0.001,0.0,2.32072,0.10898,2083
9,4,star_sign,mlp_h64,0.001,0.0,1.91131,0.84061,2083
9,4,star_sign,mlp_h128,0.001,0.0,1.54711,0.99856,2083
9,4,star_sign,attention,0.0001,1e-05,2.60934,0.00781,2083
9,4,star_sign,shuffled,0.01,0.0001,3.0048,0.07633,2083
9,6,age_bin,ema_lr1e-3,0.001,0.0001,1.60412,0.34181,2083
9,6,age_bin,ema_lr5e-3,0.005,0.0001,1.66088,0.33653,2083
9,6,age_bin,ema_lr1e-2,0.01,0.0001,1.69044,0.30869,2083
9,6,age_bin,ema_lr5e-2,0.05,0.0001,1.3917,0.35046,2083
9,6,age_bin,ema_lr1e-2_wd1e-3,0.01,0.001,1.44346,0.37782,2083
9,6,age_bin,ema_d0.99,0.01,0.0001,1.45313,0.37302,2083
9,6,age_bin,ema_d0.9999,0.01,0.0001,1.47862,0.36054,2083
9,6,age_bin,mlp_h16,0.001,0.0,1.12005,0.30725,2083
9,6,age_bin,mlp_h32,0.001,0.0,1.06932,0.39366,2083
9,6,age_bin,mlp_h64,0.001,0.0,1.06473,0.44071,2083
9,6,age_bin,mlp_h128,0.001,0.0,1.08369,0.43447,2083
9,6,age_bin,attention,0.0001,1e-05,8.82647,0.52344,2083
9,6,age_bin,shuffled,0.01,0.0001,1.54369,0.32933,2083
9,6,gender,ema_lr1e-3,0.001,0.0001,1.01199,0.53961,2083
9,6,gender,ema_lr5e-3,0.005,0.0001,1.15572,0.45463,2083
9,6,gender,ema_lr1e-2,0.01,0.0001,0.928,0.56025,2083
9,6,gender,ema_lr5e-2,0.05,0.0001,0.9682,0.494,2083
9,6,gender,ema_lr1e-2_wd1e-3,0.01,0.001,1.16357,0.44887,2083
9,6,gender,ema_d0.99,0.01,0.0001,1.07935,0.4772,2083
9,6,gender,ema_d0.9999,0.01,0.0001,1.09579,0.4772,2083
9,6,gender,mlp_h16,0.001,0.0,0.69626,0.53673,2083
9,6,gender,mlp_h32,0.001,0.0,0.68805,0.54393,2083
9,6,gender,mlp_h64,0.001,0.0,0.70281,0.49352,2083
9,6,gender,mlp_h128,0.001,0.0,0.696,0.50792,2083
9,6,gender,attention,0.0001,1e-05,2.7185,0.48438,2083
9,6,gender,shuffled,0.01,0.0001,1.0236,0.51752,2083
9,6,star_sign,ema_lr1e-3,0.001,0.0001,3.2882,0.08497,2083
9,6,star_sign,ema_lr5e-3,0.005,0.0001,3.1056,0.12242,2083
9,6,star_sign,ema_lr1e-2,0.01,0.0001,3.07423,0.10418,2083
9,6,star_sign,ema_lr5e-2,0.05,0.0001,2.80079,0.15314,2083
9,6,star_sign,ema_lr1e-2_wd1e-3,0.01,0.001,3.12045,0.05569,2083
9,6,star_sign,ema_d0.99,0.01,0.0001,3.23088,0.08401,2083
9,6,star_sign,ema_d0.9999,0.01,0.0001,3.23898,0.06817,2083
9,6,star_sign,mlp_h16,0.001,0.0,2.19797,0.36582,2083
9,6,star_sign,mlp_h32,0.001,0.0,2.2689,0.27124,2083
9,6,star_sign,mlp_h64,0.001,0.0,2.4027,0.13106,2083
9,6,star_sign,mlp_h128,0.001,0.0,1.5352,0.99904,2083
9,6,star_sign,attention,0.0001,1e-05,11.84173,0.09375,2083
9,6,star_sign,shuffled,0.01,0.0001,3.23617,0.07681,2083
10,0,age_bin,ema_lr1e-3,0.001,0.0001,1.58385,0.34369,2092
10,0,age_bin,ema_lr5e-3,0.005,0.0001,1.58135,0.32314,2092
10,0,age_bin,ema_lr1e-2,0.01,0.0001,1.51311,0.33365,2092
10,0,age_bin,ema_lr5e-2,0.05,0.0001,1.42843,0.35851,2092
10,0,age_bin,ema_lr1e-2_wd1e-3,0.01,0.001,1.53091,0.33126,2092
10,0,age_bin,ema_d0.99,0.01,0.0001,1.60499,0.34034,2092
10,0,age_bin,ema_d0.9999,0.01,0.0001,1.51187,0.34273,2092
10,0,age_bin,mlp_h16,0.001,0.0,1.10095,0.33174,2092
10,0,age_bin,mlp_h32,0.001,0.0,1.06123,0.46941,2092
10,0,age_bin,mlp_h64,0.001,0.0,1.01373,0.55593,2092
10,0,age_bin,mlp_h128,0.001,0.0,1.00926,0.56214,2092
10,0,age_bin,attention,0.0001,1e-05,1.0944,0.48438,2092
10,0,age_bin,shuffled,0.01,0.0001,1.54147,0.3174,2092
10,0,gender,ema_lr1e-3,0.001,0.0001,1.0453,0.49904,2092
10,0,gender,ema_lr5e-3,0.005,0.0001,1.11737,0.49474,2092
10,0,gender,ema_lr1e-2,0.01,0.0001,1.0256,0.49665,2092
10,0,gender,ema_lr5e-2,0.05,0.0001,0.95545,0.48566,2092
10,0,gender,ema_lr1e-2_wd1e-3,0.01,0.001,1.10877,0.51577,2092
10,0,gender,ema_d0.99,0.01,0.0001,1.03943,0.51099,2092
10,0,gender,ema_d0.9999,0.01,0.0001,1.06566,0.49761,2092
10,0,gender,mlp_h16,0.001,0.0,0.70048,0.51052,2092
10,0,gender,mlp_h32,0.001,0.0,0.70004,0.52151,2092
10,0,gender,mlp_h64,0.001,0.0,0.69153,0.53489,2092
10,0,gender,mlp_h128,0.001,0.0,0.69267,0.52486,2092
10,0,gender,attention,0.0001,1e-05,0.69389,0.48438,2092
10,0,gender,shuffled,0.01,0.0001,1.10532,0.48948,2092
10,0,star_sign,ema_lr1e-3,0.001,0.0001,3.25557,0.12476,2092
10,0,star_sign,ema_lr5e-3,0.005,0.0001,3.12729,0.05067,2092
10,0,star_sign,ema_lr1e-2,0.01,0.0001,3.04362,0.06262,2092
10,0,star_sign,ema_lr5e-2,0.05,0.0001,2.65841,0.20268,2092
10,0,star_sign,ema_lr1e-2_wd1e-3,0.01,0.001,3.16706,0.10325,2092
10,0,star_sign,ema_d0.99,0.01,0.0001,3.09916,0.06358,2092
10,0,star_sign,ema_d0.9999,0.01,0.0001,3.09926,0.10994,2092
10,0,star_sign,mlp_h16,0.001,0.0,2.34879,0.2414,2092
10,0,star_sign,mlp_h32,0.001,0.0,2.35936,0.174,2092
10,0,star_sign,mlp_h64,0.001,0.0,1.91799,0.76912,2092
10,0,star_sign,mlp_h128,0.001,0.0,1.89549,0.91635,2092
10,0,star_sign,attention,0.0001,1e-05,2.46239,0.77344,2092
10,0,star_sign,shuffled,0.01,0.0001,3.14452,0.11185,2092
10,4,age_bin,ema_lr1e-3,0.001,0.0001,1.54889,0.36568,2092
10,4,age_bin,ema_lr5e-3,0.005,0.0001,1.46298,0.32122,2092
10,4,age_bin,ema_lr1e-2,0.01,0.0001,1.36537,0.32983,2092
10,4,age_bin,ema_lr5e-2,0.05,0.0001,1.40689,0.32457,2092
10,4,age_bin,ema_lr1e-2_wd1e-3,0.01,0.001,1.42433,0.3413,2092
10,4,age_bin,ema_d0.99,0.01,0.0001,1.51241,0.35994,2092
10,4,age_bin,ema_d0.9999,0.01,0.0001,1.35773,0.34608,2092
10,4,age_bin,mlp_h16,0.001,0.0,1.04257,0.55688,2092
10,4,age_bin,mlp_h32,0.001,0.0,1.06067,0.49665,2092
10,4,age_bin,mlp_h64,0.001,0.0,1.00879,0.57361,2092
10,4,age_bin,mlp_h128,0.001,0.0,0.99811,0.5717,2092
10,4,age_bin,attention,0.0001,1e-05,1.02954,0.48438,2092
10,4,age_bin,shuffled,0.01,0.0001,1.42816,0.33509,2092
10,4,gender,ema_lr1e-3,0.001,0.0001,0.96072,0.52868,2092
10,4,gender,ema_lr5e-3,0.005,0.0001,0.95172,0.50765,2092
10,4,gender,ema_lr1e-2,0.01,0.0001,0.96981,0.48709,2092
10,4,gender,ema_lr5e-2,0.05,0.0001,0.81163,0.50669,2092
10,4,gender,ema_lr1e-2_wd1e-3,0.01,0.001,0.98684,0.51099,2092
10,4,gender,ema_d0.99,0.01,0.0001,0.92261,0.46893,2092
10,4,gender,ema_d0.9999,0.01,0.0001,0.90708,0.53537,2092
10,4,gender,mlp_h16,0.001,0.0,0.70177,0.4847,2092
10,4,gender,mlp_h32,0.001,0.0,0.68738,0.54971,2092
10,4,gender,mlp_h64,0.001,0.0,0.69014,0.54159,2092
10,4,gender,mlp_h128,0.001,0.0,0.68918,0.5392,2092
10,4,gender,attention,0.0001,1e-05,0.71218,0.48438,2092
10,4,gender,shuffled,0.01,0.0001,0.94612,0.51099,2092
10,4,star_sign,ema_lr1e-3,0.001,0.0001,3.04933,0.12046,2092
10,4,star_sign,ema_lr5e-3,0.005,0.0001,3.04503,0.11616,2092
10,4,star_sign,ema_lr1e-2,0.01,0.0001,2.97667,0.12859,2092
10,4,star_sign,ema_lr5e-2,0.05,0.0001,2.57213,0.1391,2092
10,4,star_sign,ema_lr1e-2_wd1e-3,0.01,0.001,3.10004,0.09656,2092
10,4,star_sign,ema_d0.99,0.01,0.0001,3.02971,0.15296,2092
10,4,star_sign,ema_d0.9999,0.01,0.0001,2.9404,0.08939,2092
10,4,star_sign,mlp_h16,0.001,0.0,2.30696,0.0392,2092
10,4,star_sign,mlp_h32,0.001,0.0,2.29225,0.12715,2092
10,4,star_sign,mlp_h64,0.001,0.0,1.85003,0.90535,2092
10,4,star_sign,mlp_h128,0.001,0.0,1.44799,1.0,2092
10,4,star_sign,attention,0.0001,1e-05,2.60761,0.0,2092
10,4,star_sign,shuffled,0.01,0.0001,2.93302,0.08461,2092
10,6,age_bin,ema_lr1e-3,0.001,0.0001,1.74616,0.31979,2092
10,6,age_bin,ema_lr5e-3,0.005,0.0001,1.91312,0.28967,2092
10,6,age_bin,ema_lr1e-2,0.01,0.0001,1.81066,0.2825,2092
10,6,age_bin,ema_lr5e-2,0.05,0.0001,1.43396,0.31214,2092
10,6,age_bin,ema_lr1e-2_wd1e-3,0.01,0.001,1.52808,0.32505,2092
10,6,age_bin,ema_d0.99,0.01,0.0001,1.71776,0.34417,2092
10,6,age_bin,ema_d0.9999,0.01,0.0001,1.47457,0.36998,2092
10,6,age_bin,mlp_h16,0.001,0.0,1.12343,0.30688,2092
10,6,age_bin,mlp_h32,0.001,0.0,1.09164,0.36902,2092
10,6,age_bin,mlp_h64,0.001,0.0,1.05205,0.52294,2092
10,6,age_bin,mlp_h128,0.001,0.0,0.9966,0.56836,2092
10,6,age_bin,attention,0.0001,1e-05,8.13846,0.52344,2092
10,6,age_bin,shuffled,0.01,0.0001,1.52489,0.35277,2092
10,6,gender,ema_lr1e-3,0.001,0.0001,1.06592,0.51386,2092
10,6,gender,ema_lr5e-3,0.005,0.0001,1.11147,0.46702,2092
10,6,gender,ema_lr1e-2,0.01,0.0001,0.96743,0.54063,2092
10,6,gender,ema_lr5e-2,0.05,0.0001,0.83752,0.55019,2092
10,6,gender,ema_lr1e-2_wd1e-3,0.01,0.001,1.1155,0.4804,2092
10,6,gender,ema_d0.99,0.01,0.0001,0.97986,0.50239,2092
10,6,gender,ema_d0.9999,0.01,0.0001,1.09487,0.48757,2092
10,6,gender,mlp_h16,0.001,0.0,0.70411,0.49187,2092
10,6,gender,mlp_h32,0.001,0.0,0.69282,0.5325,2092
10,6,gender,mlp_h64,0.001,0.0,0.69755,0.51004,2092
10,6,gender,mlp_h128,0.001,0.0,0.68839,0.56549,2092
10,6,gender,attention,0.0001,1e-05,1.74748,0.55469,2092
10,6,gender,shuffled,0.01,0.0001,1.07278,0.48662,2092
10,6,star_sign,ema_lr1e-3,0.001,0.0001,3.24544,0.087,2092
10,6,star_sign,ema_lr5e-3,0.005,0.0001,3.04135,0.12524,2092
10,6,star_sign,ema_lr1e-2,0.01,0.0001,3.07399,0.09704,2092
10,6,star_sign,ema_lr5e-2,0.05,0.0001,2.64216,0.18164,2092
10,6,star_sign,ema_lr1e-2_wd1e-3,0.01,0.001,3.0744,0.05258,2092
10,6,star_sign,ema_d0.99,0.01,0.0001,3.1646,0.07935,2092
10,6,star_sign,ema_d0.9999,0.01,0.0001,3.07647,0.09369,2092
10,6,star_sign,mlp_h16,0.001,0.0,2.18615,0.40631,2092
10,6,star_sign,mlp_h32,0.001,0.0,2.23156,0.33939,2092
10,6,star_sign,mlp_h64,0.001,0.0,2.36321,0.1826,2092
10,6,star_sign,mlp_h128,0.001,0.0,1.46452,0.99952,2092
10,6,star_sign,attention,0.0001,1e-05,11.2679,0.125,2092
10,6,star_sign,shuffled,0.01,0.0001,3.17785,0.10516,2092
11,0,age_bin,ema_lr1e-3,0.001,0.0001,1.54261,0.3589,2112
11,0,age_bin,ema_lr5e-3,0.005,0.0001,1.57716,0.32434,2112
11,0,age_bin,ema_lr1e-2,0.01,0.0001,1.50106,0.34091,2112
11,0,age_bin,ema_lr5e-2,0.05,0.0001,1.44342,0.33286,2112
11,0,age_bin,ema_lr1e-2_wd1e-3,0.01,0.001,1.52116,0.34659,2112
11,0,age_bin,ema_d0.99,0.01,0.0001,1.62434,0.33333,2112
11,0,age_bin,ema_d0.9999,0.01,0.0001,1.45171,0.36269,2112
11,0,age_bin,mlp_h16,0.001,0.0,1.10137,0.35369,2112
11,0,age_bin,mlp_h32,0.001,0.0,1.08075,0.43182,2112
11,0,age_bin,mlp_h64,0.001,0.0,1.06583,0.45549,2112
11,0,age_bin,mlp_h128,0.001,0.0,1.05814,0.46259,2112
11,0,age_bin,attention,0.0001,1e-05,1.0953,0.41406,2112
11,0,age_bin,shuffled,0.01,0.0001,1.48133,0.34328,2112
11,0,gender,ema_lr1e-3,0.001,0.0001,1.04115,0.50758,2112
11,0,gender,ema_lr5e-3,0.005,0.0001,1.06556,0.5071,2112
11,0,gender,ema_lr1e-2,0.01,0.0001,1.04034,0.49574,2112
11,0,gender,ema_lr5e-2,0.05,0.0001,0.93898,0.5071,2112
11,0,gender,ema_lr1e-2_wd1e-3,0.01,0.001,1.08261,0.50521,2112
11,0,gender,ema_d0.99,0.01,0.0001,1.05243,0.50521,2112
11,0,gender,ema_d0.9999,0.01,0.0001,1.00551,0.50331,2112
11,0,gender,mlp_h16,0.001,0.0,0.68307,0.57576,2112
11,0,gender,mlp_h32,0.001,0.0,0.68418,0.55871,2112
11,0,gender,mlp_h64,0.001,0.0,0.69019,0.52509,2112
11,0,gender,mlp_h128,0.001,0.0,0.68348,0.56061,2112
11,0,gender,attention,0.0001,1e-05,0.6937,0.47656,2112
11,0,gender,shuffled,0.01,0.0001,1.0675,0.50095,2112
11,0,star_sign,ema_lr1e-3,0.001,0.0001,3.19327,0.13352,2112
11,0,star_sign,ema_lr5e-3,0.005,0.0001,3.18909,0.06392,2112
11,0,star_sign,ema_lr1e-2,0.01,0.0001,3.06799,0.0715,2112
11,0,star_sign,ema_lr5e-2,0.05,0.0001,2.65205,0.19839,2112
11,0,star_sign,ema_lr1e-2_wd1e-3,0.01,0.001,3.1058,0.11884,2112
11,0,star_sign,ema_d0.99,0.01,0.0001,3.14655,0.05871,2112
11,0,star_sign,ema_d0.9999,0.01,0.0001,3.0931,0.10417,2112
11,0,star_sign,mlp_h16,0.001,0.0,2.32698,0.27509,2112
11,0,star_sign,mlp_h32,0.001,0.0,2.33375,0.23248,2112
11,0,star_sign,mlp_h64,0.001,0.0,1.8738,0.84091,2112
11,0,star_sign,mlp_h128,0.001,0.0,1.81896,0.95928,2112
11,0,star_sign,attention,0.0001,1e-05,2.45968,0.84375,2112
11,0,star_sign,shuffled,0.01,0.0001,3.07806,0.10938,2112
11,4,age_bin,ema_lr1e-3,0.001,0.0001,1.54002,0.33712,2112
11,4,age_bin,ema_lr5e-3,0.005,0.0001,1.40564,0.36316,2112
11,4,age_bin,ema_lr1e-2,0.01,0.0001,1.38153,0.32576,2112
11,4,age_bin,ema_lr5e-2,0.05,0.0001,1.38223,0.33333,2112
11,4,age_bin,ema_lr1e-2_wd1e-3,0.01,0.001,1.37336,0.33002,2112
11,4,age_bin,ema_d0.99,0.01,0.0001,1.39973,0.37547,2112
11,4,age_bin,ema_d0.9999,0.01,0.0001,1.4257,0.32386,2112
11,4,age_bin,mlp_h16,0.001,0.0,1.07046,0.45312,2112
11,4,age_bin,mlp_h32,0.001,0.0,1.07412,0.44034,2112
11,4,age_bin,mlp_h64,0.001,0.0,1.06105,0.46354,2112
11,4,age_bin,mlp_h128,0.001,0.0,1.05642,0.46875,2112
11,4,age_bin,attention,0.0001,1e-05,1.0936,0.41406,2112
11,4,age_bin,shuffled,0.01,0.0001,1.36895,0.3679,2112
11,4,gender,ema_lr1e-3,0.001,0.0001,1.03643,0.47348,2112
11,4,gender,ema_lr5e-3,0.005,0.0001,1.00296,0.47964,2112
11,4,gender,ema_lr1e-2,0.01,0.0001,0.95998,0.48485,2112
11,4,gender,ema_lr5e-2,0.05,0.0001,0.83402,0.49811,2112
11,4,gender,ema_lr1e-2_wd1e-3,0.01,0.001,0.98868,0.49669,2112
11,4,gender,ema_d0.99,0.01,0.0001,0.8773,0.49195,2112
11,4,gender,ema_d0.9999,0.01,0.0001,0.92217,0.5142,2112
11,4,gender,mlp_h16,0.001,0.0,0.71091,0.44366,2112
11,4,gender,mlp_h32,0.001,0.0,0.68801,0.55208,2112
11,4,gender,mlp_h64,0.001,0.0,0.69129,0.5232,2112
11,4,gender,mlp_h128,0.001,0.0,0.6893,0.54877,2112
11,4,gender,attention,0.0001,1e-05,0.68672,0.55469,2112
11,4,gender,shuffled,0.01,0.0001,0.91956,0.52131,2112
11,4,star_sign,ema_lr1e-3,0.001,0.0001,3.17265,0.10227,2112
11,4,star_sign,ema_lr5e-3,0.005,0.0001,3.19227,0.08807,2112
11,4,star_sign,ema_lr1e-2,0.01,0.0001,2.97095,0.12216,2112
11,4,star_sign,ema_lr5e-2,0.05,0.0001,2.46469,0.14583,2112
11,4,star_sign,ema_lr1e-2_wd1e-3,0.01,0.001,3.07374,0.09564,2112
11,4,star_sign,ema_d0.99,0.01,0.0001,2.99299,0.18134,2112
11,4,star_sign,ema_d0.9999,0.01,0.0001,2.9475,0.1018,2112
11,4,star_sign,mlp_h16,0.001,0.0,2.28409,0.06061,2112
11,4,star_sign,mlp_h32,0.001,0.0,2.24743,0.13968,2112
11,4,star_sign,mlp_h64,0.001,0.0,1.78319,0.94839,2112
11,4,star_sign,mlp_h128,0.001,0.0,1.36929,1.0,2112
11,4,star_sign,attention,0.0001,1e-05,2.57795,0.01562,2112
11,4,star_sign,shuffled,0.01,0.0001,2.96367,0.08712,2112
11,6,age_bin,ema_lr1e-3,0.001,0.0001,1.77062,0.30682,2112
11,6,age_bin,ema_lr5e-3,0.005,0.0001,1.6636,0.33854,2112
11,6,age_bin,ema_lr1e-2,0.01,0.0001,1.69013,0.32244,2112
11,6,age_bin,ema_lr5e-2,0.05,0.0001,1.34605,0.34943,2112
11,6,age_bin,ema_lr1e-2_wd1e-3,0.01,0.001,1.48638,0.34943,2112
11,6,age_bin,ema_d0.99,0.01,0.0001,1.57741,0.35701,2112
11,6,age_bin,ema_d0.9999,0.01,0.0001,1.63918,0.28598,2112
11,6,age_bin,mlp_h16,0.001,0.0,1.11603,0.32718,2112
11,6,age_bin,mlp_h32,0.001,0.0,1.10201,0.34943,2112
11,6,age_bin,mlp_h64,0.001,0.0,1.0655,0.44555,2112
11,6,age_bin,mlp_h128,0.001,0.0,1.05067,0.46354,2112
11,6,age_bin,attention,0.0001,1e-05,9.91021,0.48438,2112
11,6,age_bin,shuffled,0.01,0.0001,1.52416,0.31866,2112
11,6,gender,ema_lr1e-3,0.001,0.0001,1.20411,0.4697,2112
11,6,gender,ema_lr5e-3,0.005,0.0001,1.10314,0.49242,2112
11,6,gender,ema_lr1e-2,0.01,0.0001,1.09749,0.48201,2112
11,6,gender,ema_lr5e-2,0.05,0.0001,0.84935,0.51136,2112
11,6,gender,ema_lr1e-2_wd1e-3,0.01,0.001,1.02995,0.50805,2112
11,6,gender,ema_d0.99,0.01,0.0001,0.92626,0.52888,2112
11,6,gender,ema_d0.9999,0.01,0.0001,0.98007,0.52367,2112
11,6,gender,mlp_h16,0.001,0.0,0.71553,0.43845,2112
11,6,gender,mlp_h32,0.001,0.0,0.69342,0.53125,2112
11,6,gender,mlp_h64,0.001,0.0,0.68668,0.53409,2112
11,6,gender,mlp_h128,0.001,0.0,0.69015,0.52983,2112
11,6,gender,attention,0.0001,1e-05,3.0708,0.4375,2112
11,6,gender,shuffled,0.01,0.0001,1.04398,0.49242,2112
11,6,star_sign,ema_lr1e-3,0.001,0.0001,3.1502,0.11032,2112
11,6,star_sign,ema_lr5e-3,0.005,0.0001,3.22233,0.10085,2112
11,6,star_sign,ema_lr1e-2,0.01,0.0001,3.18992,0.06203,2112
11,6,star_sign,ema_lr5e-2,0.05,0.0001,2.7346,0.16335,2112
11,6,star_sign,ema_lr1e-2_wd1e-3,0.01,0.001,3.01652,0.0625,2112
11,6,star_sign,ema_d0.99,0.01,0.0001,3.10328,0.08665,2112
11,6,star_sign,ema_d0.9999,0.01,0.0001,3.15144,0.07576,2112
11,6,star_sign,mlp_h16,0.001,0.0,2.19181,0.37263,2112
11,6,star_sign,mlp_h32,0.001,0.0,2.18558,0.42045,2112
11,6,star_sign,mlp_h64,0.001,0.0,2.32317,0.22443,2112
11,6,star_sign,mlp_h128,0.001,0.0,1.39849,1.0,2112
11,6,star_sign,attention,0.0001,1e-05,9.29057,0.1875,2112
11,6,star_sign,shuffled,0.01,0.0001,3.03423,0.13163,2112
12,0,age_bin,ema_lr1e-3,0.001,0.0001,1.58694,0.34615,1950
12,0,age_bin,ema_lr5e-3,0.005,0.0001,1.61303,0.3241,1950
12,0,age_bin,ema_lr1e-2,0.01,0.0001,1.4823,0.33231,1950
12,0,age_bin,ema_lr5e-2,0.05,0.0001,1.43549,0.32256,1950
12,0,age_bin,ema_lr1e-2_wd1e-3,0.01,0.001,1.52223,0.3359,1950
12,0,age_bin,ema_d0.99,0.01,0.0001,1.71366,0.32462,1950
12,0,age_bin,ema_d0.9999,0.01,0.0001,1.50957,0.33795,1950
12,0,age_bin,mlp_h16,0.001,0.0,1.09322,0.37026,1950
12,0,age_bin,mlp_h32,0.001,0.0,1.09153,0.39538,1950
12,0,age_bin,mlp_h64,0.001,0.0,1.09828,0.41282,1950
12,0,age_bin,mlp_h128,0.001,0.0,1.10686,0.41538,1950
12,0,age_bin,attention,0.0001,1e-05,1.09429,0.46875,1950
12,0,age_bin,shuffled,0.01,0.0001,1.56538,0.30974,1950
12,0,gender,ema_lr1e-3,0.001,0.0001,1.05441,0.48256,1950
12,0,gender,ema_lr5e-3,0.005,0.0001,1.10335,0.48205,1950
12,0,gender,ema_lr1e-2,0.01,0.0001,1.02496,0.48974,1950
12,0,gender,ema_lr5e-2,0.05,0.0001,0.90661,0.50615,1950
12,0,gender,ema_lr1e-2_wd1e-3,0.01,0.001,1.08404,0.49692,1950
12,0,gender,ema_d0.99,0.01,0.0001,1.03735,0.48923,1950
12,0,gender,ema_d0.9999,0.01,0.0001,1.07872,0.50769,1950
12,0,gender,mlp_h16,0.001,0.0,0.71075,0.46821,1950
12,0,gender,mlp_h32,0.001,0.0,0.7187,0.45487,1950
12,0,gender,mlp_h64,0.001,0.0,0.70458,0.47897,1950
12,0,gender,mlp_h128,0.001,0.0,0.71144,0.4759,1950
12,0,gender,attention,0.0001,1e-05,0.6932,0.51562,1950
12,0,gender,shuffled,0.01,0.0001,1.06968,0.50615,1950
12,0,star_sign,ema_lr1e-3,0.001,0.0001,3.20866,0.13641,1950
12,0,star_sign,ema_lr5e-3,0.005,0.0001,3.1039,0.08154,1950
12,0,star_sign,ema_lr1e-2,0.01,0.0001,3.01632,0.07385,1950
12,0,star_sign,ema_lr5e-2,0.05,0.0001,2.61875,0.20154,1950
12,0,star_sign,ema_lr1e-2_wd1e-3,0.01,0.001,3.1136,0.11795,1950
12,0,star_sign,ema_d0.99,0.01,0.0001,3.12625,0.05744,1950
12,0,star_sign,ema_d0.9999,0.01,0.0001,3.0582,0.11179,1950
12,0,star_sign,mlp_h16,0.001,0.0,2.31138,0.31077,1950
12,0,star_sign,mlp_h32,0.001,0.0,2.30959,0.26923,1950
12,0,star_sign,mlp_h64,0.001,0.0,1.82228,0.86103,1950
12,0,star_sign,mlp_h128,0.001,0.0,1.74117,0.97487,1950
12,0,star_sign,attention,0.0001,1e-05,2.45926,0.84375,1950
12,0,star_sign,shuffled,0.01,0.0001,3.14305,0.1041,1950
12,4,age_bin,ema_lr1e-3,0.001,0.0001,1.60732,0.33026,1950
12,4,age_bin,ema_lr5e-3,0.005,0.0001,1.54281,0.3,1950
12,4,age_bin,ema_lr1e-2,0.01,0.0001,1.34204,0.33487,1950
12,4,age_bin,ema_lr5e-2,0.05,0.0001,1.27575,0.37538,1950
12,4,age_bin,ema_lr1e-2_wd1e-3,0.01,0.001,1.35269,0.33846,1950
12,4,age_bin,ema_d0.99,0.01,0.0001,1.47963,0.33179,1950
12,4,age_bin,ema_d0.9999,0.01,0.0001,1.42838,0.32256,1950
12,4,age_bin,mlp_h16,0.001,0.0,1.07957,0.41385,1950
12,4,age_bin,mlp_h32,0.001,0.0,1.09351,0.40103,1950
12,4,age_bin,mlp_h64,0.001,0.0,1.09998,0.41744,1950
12,4,age_bin,mlp_h128,0.001,0.0,1.10232,0.41846,1950
12,4,age_bin,attention,0.0001,1e-05,1.05744,0.50781,1950
12,4,age_bin,shuffled,0.01,0.0001,1.4248,0.33846,1950
12,4,gender,ema_lr1e-3,0.001,0.0001,1.02318,0.49231,1950
12,4,gender,ema_lr5e-3,0.005,0.0001,1.02179,0.46872,1950
12,4,gender,ema_lr1e-2,0.01,0.0001,0.92977,0.50513,1950
12,4,gender,ema_lr5e-2,0.05,0.0001,0.81916,0.50564,1950
12,4,gender,ema_lr1e-2_wd1e-3,0.01,0.001,0.97455,0.50821,1950
12,4,gender,ema_d0.99,0.01,0.0001,0.83542,0.52256,1950
12,4,gender,ema_d0.9999,0.01,0.0001,1.00697,0.46667,1950
12,4,gender,mlp_h16,0.001,0.0,0.68955,0.53128,1950
12,4,gender,mlp_h32,0.001,0.0,0.70539,0.48462,1950
12,4,gender,mlp_h64,0.001,0.0,0.70434,0.50462,1950
12,4,gender,mlp_h128,0.001,0.0,0.71641,0.45692,1950
12,4,gender,attention,0.0001,1e-05,0.71162,0.44531,1950
12,4,gender,shuffled,0.01,0.0001,0.97136,0.5,1950
12,4,star_sign,ema_lr1e-3,0.001,0.0001,3.135,0.10769,1950
12,4,star_sign,ema_lr5e-3,0.005,0.0001,3.11343,0.10154,1950
12,4,star_sign,ema_lr1e-2,0.01,0.0001,3.01334,0.10872,1950
12,4,star_sign,ema_lr5e-2,0.05,0.0001,2.45457,0.14821,1950
12,4,star_sign,ema_lr1e-2_wd1e-3,0.01,0.001,3.12808,0.08615,1950
12,4,star_sign,ema_d0.99,0.01,0.0001,3.03836,0.17231,1950
12,4,star_sign,ema_d0.9999,0.01,0.0001,2.91685,0.09333,1950
12,4,star_sign,mlp_h16,0.001,0.0,2.25389,0.07744,1950
12,4,star_sign,mlp_h32,0.001,0.0,2.22348,0.15897,1950
12,4,star_sign,mlp_h64,0.001,0.0,1.72355,0.97538,1950
12,4,star_sign,mlp_h128,0.001,0.0,1.28515,1.0,1950
12,4,star_sign,attention,0.0001,1e-05,2.54962,0.00781,1950
12,4,star_sign,shuffled,0.01,0.0001,3.04376,0.07949,1950
12,6,age_bin,ema_lr1e-3,0.001,0.0001,1.6853,0.33385,1950
12,6,age_bin,ema_lr5e-3,0.005,0.0001,1.7271,0.32923,1950
12,6,age_bin,ema_lr1e-2,0.01,0.0001,1.68338,0.29846,1950
12,6,age_bin,ema_lr5e-2,0.05,0.0001,1.28862,0.36256,1950
12,6,age_bin,ema_lr1e-2_wd1e-3,0.01,0.001,1.59493,0.31436,1950
12,6,age_bin,ema_d0.99,0.01,0.0001,1.67039,0.33077,1950
12,6,age_bin,ema_d0.9999,0.01,0.0001,1.4377,0.36308,1950
12,6,age_bin,mlp_h16,0.001,0.0,1.12207,0.29077,1950
12,6,age_bin,mlp_h32,0.001,0.0,1.09232,0.38051,1950
12,6,age_bin,mlp_h64,0.001,0.0,1.09701,0.40667,1950
12,6,age_bin,mlp_h128,0.001,0.0,1.09558,0.41744,1950
12,6,age_bin,attention,0.0001,1e-05,9.38591,0.45312,1950
12,6,age_bin,shuffled,0.01,0.0001,1.50158,0.32974,1950
12,6,gender,ema_lr1e-3,0.001,0.0001,1.11118,0.51231,1950
12,6,gender,ema_lr5e-3,0.005,0.0001,0.90163,0.56513,1950
12,6,gender,ema_lr1e-2,0.01,0.0001,1.02344,0.50513,1950
12,6,gender,ema_lr5e-2,0.05,0.0001,0.97078,0.45436,1950
12,6,gender,ema_lr1e-2_wd1e-3,0.01,0.001,0.99595,0.51897,1950
12,6,gender,ema_d0.99,0.01,0.0001,0.96924,0.51333,1950
12,6,gender,ema_d0.9999,0.01,0.0001,1.1155,0.46769,1950
12,6,gender,mlp_h16,0.001,0.0,0.6946,0.52923,1950
12,6,gender,mlp_h32,0.001,0.0,0.69761,0.51333,1950
12,6,gender,mlp_h64,0.001,0.0,0.70179,0.49795,1950
12,6,gender,mlp_h128,0.001,0.0,0.72022,0.48103,1950
12,6,gender,attention,0.0001,1e-05,2.64775,0.49219,1950
12,6,gender,shuffled,0.01,0.0001,0.99708,0.51538,1950
12,6,star_sign,ema_lr1e-3,0.001,0.0001,3.28592,0.10359,1950
12,6,star_sign,ema_lr5e-3,0.005,0.0001,3.16388,0.11641,1950
12,6,star_sign,ema_lr1e-2,0.01,0.0001,3.05713,0.09538,1950
12,6,star_sign,ema_lr5e-2,0.05,0.0001,2.60229,0.18513,1950
12,6,star_sign,ema_lr1e-2_wd1e-3,0.01,0.001,3.07213,0.04974,1950
12,6,star_sign,ema_d0.99,0.01,0.0001,3.16781,0.06564,1950
12,6,star_sign,ema_d0.9999,0.01,0.0001,3.06256,0.10821,1950
12,6,star_sign,mlp_h16,0.001,0.0,2.1779,0.41282,1950
12,6,star_sign,mlp_h32,0.001,0.0,2.14478,0.47897,1950
12,6,star_sign,mlp_h64,0.001,0.0,2.25635,0.31949,1950
12,6,star_sign,mlp_h128,0.001,0.0,1.34641,0.99949,1950
12,6,star_sign,attention,0.0001,1e-05,9.85986,0.10938,1950
12,6,star_sign,shuffled,0.01,0.0001,3.03757,0.10359,1950
13,0,age_bin,ema_lr1e-3,0.001,0.0001,1.55845,0.35165,1729
13,0,age_bin,ema_lr5e-3,0.005,0.0001,1.59952,0.32099,1729
13,0,age_bin,ema_lr1e-2,0.01,0.0001,1.57292,0.32794,1729
13,0,age_bin,ema_lr5e-2,0.05,0.0001,1.43616,0.33256,1729
13,0,age_bin,ema_lr1e-2_wd1e-3,0.01,0.001,1.56353,0.31637,1729
13,0,age_bin,ema_d0.99,0.01,0.0001,1.58274,0.33314,1729
13,0,age_bin,ema_d0.9999,0.01,0.0001,1.4602,0.35281,1729
13,0,age_bin,mlp_h16,0.001,0.0,1.10046,0.3557,1729
13,0,age_bin,mlp_h32,0.001,0.0,1.08524,0.40891,1729
13,0,age_bin,mlp_h64,0.001,0.0,1.07645,0.44361,1729
13,0,age_bin,mlp_h128,0.001,0.0,1.08501,0.4413,1729
13,0,age_bin,attention,0.0001,1e-05,1.09627,0.42188,1729
13,0,age_bin,shuffled,0.01,0.0001,1.52971,0.31868,1729
13,0,gender,ema_lr1e-3,0.001,0.0001,1.03669,0.50781,1729
13,0,gender,ema_lr5e-3,0.005,0.0001,1.09066,0.48757,1729
13,0,gender,ema_lr1e-2,0.01,0.0001,1.03824,0.4893,1729
13,0,gender,ema_lr5e-2,0.05,0.0001,0.91727,0.49798,1729
13,0,gender,ema_lr1e-2_wd1e-3,0.01,0.001,1.08044,0.49219,1729
13,0,gender,ema_d0.99,0.01,0.0001,1.02791,0.50029,1729
13,0,gender,ema_d0.9999,0.01,0.0001,1.05632,0.48178,1729
13,0,gender,mlp_h16,0.001,0.0,0.70506,0.47658,1729
13,0,gender,mlp_h32,0.001,0.0,0.71338,0.47426,1729
13,0,gender,mlp_h64,0.001,0.0,0.70655,0.47253,1729
13,0,gender,mlp_h128,0.001,0.0,0.71908,0.46154,1729
13,0,gender,attention,0.0001,1e-05,0.69271,0.53125,1729
13,0,gender,shuffled,0.01,0.0001,1.06816,0.51243,1729
13,0,star_sign,ema_lr1e-3,0.001,0.0001,3.26804,0.12898,1729
13,0,star_sign,ema_lr5e-3,0.005,0.0001,3.15948,0.06304,1729
13,0,star_sign,ema_lr1e-2,0.01,0.0001,3.06627,0.06536,1729
13,0,star_sign,ema_lr5e-2,0.05,0.0001,2.54718,0.20474,1729
13,0,star_sign,ema_lr1e-2_wd1e-3,0.01,0.001,3.16719,0.10816,1729
13,0,star_sign,ema_d0.99,0.01,0.0001,3.02471,0.07577,1729
13,0,star_sign,ema_d0.9999,0.01,0.0001,3.13924,0.107,1729
13,0,star_sign,mlp_h16,0.001,0.0,2.29759,0.31348,1729
13,0,star_sign,mlp_h32,0.001,0.0,2.28179,0.31348,1729
13,0,star_sign,mlp_h64,0.001,0.0,1.78613,0.89532,1729
13,0,star_sign,mlp_h128,0.001,0.0,1.66919,0.98612,1729
13,0,star_sign,attention,0.0001,1e-05,2.45651,0.89062,1729
13,0,star_sign,shuffled,0.01,0.0001,3.08252,0.12435,1729
13,4,age_bin,ema_lr1e-3,0.001,0.0001,1.56347,0.36842,1729
13,4,age_bin,ema_lr5e-3,0.005,0.0001,1.50536,0.31405,1729
13,4,age_bin,ema_lr1e-2,0.01,0.0001,1.32082,0.3343,1729
13,4,age_bin,ema_lr5e-2,0.05,0.0001,1.37392,0.30769,1729
13,4,age_bin,ema_lr1e-2_wd1e-3,0.01,0.001,1.38481,0.34239,1729
13,4,age_bin,ema_d0.99,0.01,0.0001,1.53182,0.30654,1729
13,4,age_bin,ema_d0.9999,0.01,0.0001,1.3796,0.32851,1729
13,4,age_bin,mlp_h16,0.001,0.0,1.08369,0.43667,1729
13,4,age_bin,mlp_h32,0.001,0.0,1.08536,0.4332,1729
13,4,age_bin,mlp_h64,0.001,0.0,1.08425,0.44477,1729
13,4,age_bin,mlp_h128,0.001,0.0,1.0825,0.44477,1729
13,4,age_bin,attention,0.0001,1e-05,1.08305,0.45312,1729
13,4,age_bin,shuffled,0.01,0.0001,1.41367,0.33892,1729
13,4,gender,ema_lr1e-3,0.001,0.0001,1.02812,0.48525,1729
13,4,gender,ema_lr5e-3,0.005,0.0001,0.96353,0.48814,1729
13,4,gender,ema_lr1e-2,0.01,0.0001,0.94049,0.48988,1729
13,4,gender,ema_lr5e-2,0.05,0.0001,0.7762,0.52805,1729
13,4,gender,ema_lr1e-2_wd1e-3,0.01,0.001,0.99002,0.52227,1729
13,4,gender,ema_d0.99,0.01,0.0001,0.84363,0.5026,1729
13,4,gender,ema_d0.9999,0.01,0.0001,0.92014,0.49335,1729
13,4,gender,mlp_h16,0.001,0.0,0.69653,0.50492,1729
13,4,gender,mlp_h32,0.001,0.0,0.70199,0.48641,1729
13,4,gender,mlp_h64,0.001,0.0,0.70185,0.50145,1729
13,4,gender,mlp_h128,0.001,0.0,0.71082,0.47947,1729
13,4,gender,attention,0.0001,1e-05,0.71465,0.47656,1729
13,4,gender,shuffled,0.01,0.0001,0.95747,0.48757,1729
13,4,star_sign,ema_lr1e-3,0.001,0.0001,3.05642,0.12551,1729
13,4,star_sign,ema_lr5e-3,0.005,0.0001,3.14385,0.107,1729
13,4,star_sign,ema_lr1e-2,0.01,0.0001,2.99213,0.11799,1729
13,4,star_sign,ema_lr5e-2,0.05,0.0001,2.33596,0.18219,1729
13,4,star_sign,ema_lr1e-2_wd1e-3,0.01,0.001,3.15237,0.07692,1729
13,4,star_sign,ema_d0.99,0.01,0.0001,3.07073,0.15963,1729
13,4,star_sign,ema_d0.9999,0.01,0.0001,2.89549,0.11047,1729
13,4,star_sign,mlp_h16,0.001,0.0,2.23508,0.09196,1729
13,4,star_sign,mlp_h32,0.001,0.0,2.15988,0.20937,1729
13,4,star_sign,mlp_h64,0.001,0.0,1.62323,0.9919,1729
13,4,star_sign,mlp_h128,0.001,0.0,1.15566,1.0,1729
13,4,star_sign,attention,0.0001,1e-05,2.58386,0.00781,1729
13,4,star_sign,shuffled,0.01,0.0001,3.04476,0.07056,1729
13,6,age_bin,ema_lr1e-3,0.001,0.0001,1.5676,0.36379,1729
13,6,age_bin,ema_lr5e-3,0.005,0.0001,1.80107,0.29265,1729
13,6,age_bin,ema_lr1e-2,0.01,0.0001,1.62544,0.30654,1729
13,6,age_bin,ema_lr5e-2,0.05,0.0001,1.40369,0.31232,1729
13,6,age_bin,ema_lr1e-2_wd1e-3,0.01,0.001,1.50426,0.31752,1729
13,6,age_bin,ema_d0.99,0.01,0.0001,1.51467,0.3609,1729
13,6,age_bin,ema_d0.9999,0.01,0.0001,1.48981,0.35628,1729
13,6,age_bin,mlp_h16,0.001,0.0,1.12484,0.29555,1729
13,6,age_bin,mlp_h32,0.001,0.0,1.10019,0.37305,1729
13,6,age_bin,mlp_h64,0.001,0.0,1.06937,0.44419,1729
13,6,age_bin,mlp_h128,0.001,0.0,1.07851,0.44419,1729
13,6,age_bin,attention,0.0001,1e-05,10.27765,0.35156,1729
13,6,age_bin,shuffled,0.01,0.0001,1.49616,0.34066,1729
13,6,gender,ema_lr1e-3,0.001,0.0001,1.05708,0.52689,1729
13,6,gender,ema_lr5e-3,0.005,0.0001,0.98486,0.51359,1729
13,6,gender,ema_lr1e-2,0.01,0.0001,0.98741,0.524,1729
13,6,gender,ema_lr5e-2,0.05,0.0001,0.85989,0.50607,1729
13,6,gender,ema_lr1e-2_wd1e-3,0.01,0.001,1.05698,0.48062,1729
13,6,gender,ema_d0.99,0.01,0.0001,1.00563,0.46617,1729
13,6,gender,ema_d0.9999,0.01,0.0001,0.99453,0.52516,1729
13,6,gender,mlp_h16,0.001,0.0,0.69307,0.53094,1729
13,6,gender,mlp_h32,0.001,0.0,0.69944,0.51706,1729
13,6,gender,mlp_h64,0.001,0.0,0.70092,0.50376,1729
13,6,gender,mlp_h128,0.001,0.0,0.71946,0.47484,1729
13,6,gender,attention,0.0001,1e-05,1.82068,0.57031,1729
13,6,gender,shuffled,0.01,0.0001,0.97789,0.50376,1729
13,6,star_sign,ema_lr1e-3,0.001,0.0001,3.27119,0.10295,1729
13,6,star_sign,ema_lr5e-3,0.005,0.0001,3.07909,0.12204,1729
13,6,star_sign,ema_lr1e-2,0.01,0.0001,3.11303,0.07866,1729
13,6,star_sign,ema_lr5e-2,0.05,0.0001,2.40514,0.21573,1729
13,6,star_sign,ema_lr1e-2_wd1e-3,0.01,0.001,3.02074,0.06362,1729
13,6,star_sign,ema_d0.99,0.01,0.0001,3.17817,0.07056,1729
13,6,star_sign,ema_d0.9999,0.01,0.0001,3.11606,0.07461,1729
13,6,star_sign,mlp_h16,0.001,0.0,2.15717,0.47426,1729
13,6,star_sign,mlp_h32,0.001,0.0,2.13672,0.51301,1729
13,6,star_sign,mlp_h64,0.001,0.0,2.23396,0.36032,1729
13,6,star_sign,mlp_h128,0.001,0.0,1.26309,1.0,1729
13,6,star_sign,attention,0.0001,1e-05,8.89681,0.1875,1729
13,6,star_sign,shuffled,0.01,0.0001,3.10556,0.08849,1729
14,0,age_bin,ema_lr1e-3,0.001,0.0001,1.55885,0.34308,2052
14,0,age_bin,ema_lr5e-3,0.005,0.0001,1.59012,0.29386,2052
14,0,age_bin,ema_lr1e-2,0.01,0.0001,1.45041,0.34357,2052
14,0,age_bin,ema_lr5e-2,0.05,0.0001,1.4535,0.30799,2052
14,0,age_bin,ema_lr1e-2_wd1e-3,0.01,0.001,1.51513,0.33236,2052
14,0,age_bin,ema_d0.99,0.01,0.0001,1.57146,0.35283,2052
14,0,age_bin,ema_d0.9999,0.01,0.0001,1.4818,0.35039,2052
14,0,age_bin,mlp_h16,0.001,0.0,1.10617,0.3499,2052
14,0,age_bin,mlp_h32,0.001,0.0,1.07533,0.43665,2052
14,0,age_bin,mlp_h64,0.001,0.0,1.06627,0.44737,2052
14,0,age_bin,mlp_h128,0.001,0.0,1.07329,0.45078,2052
14,0,age_bin,attention,0.0001,1e-05,1.09427,0.47656,2052
14,0,age_bin,shuffled,0.01,0.0001,1.53085,0.32407,2052
14,0,gender,ema_lr1e-3,0.001,0.0001,1.06918,0.50585,2052
14,0,gender,ema_lr5e-3,0.005,0.0001,1.04184,0.50682,2052
14,0,gender,ema_lr1e-2,0.01,0.0001,1.02498,0.49025,2052
14,0,gender,ema_lr5e-2,0.05,0.0001,0.91755,0.5,2052
14,0,gender,ema_lr1e-2_wd1e-3,0.01,0.001,1.12831,0.49854,2052
14,0,gender,ema_d0.99,0.01,0.0001,1.04132,0.50634,2052
14,0,gender,ema_d0.9999,0.01,0.0001,1.05737,0.49074,2052
14,0,gender,mlp_h16,0.001,0.0,0.69456,0.52632,2052
14,0,gender,mlp_h32,0.001,0.0,0.69224,0.5346,2052
14,0,gender,mlp_h64,0.001,0.0,0.69262,0.51754,2052
14,0,gender,mlp_h128,0.001,0.0,0.69673,0.52485,2052
14,0,gender,attention,0.0001,1e-05,0.69351,0.48438,2052
14,0,gender,shuffled,0.01,0.0001,1.04544,0.50097,2052
14,0,star_sign,ema_lr1e-3,0.001,0.0001,3.16641,0.13986,2052
14,0,star_sign,ema_lr5e-3,0.005,0.0001,3.14568,0.06823,2052
14,0,star_sign,ema_lr1e-2,0.01,0.0001,3.0284,0.07456,2052
14,0,star_sign,ema_lr5e-2,0.05,0.0001,2.50424,0.21735,2052
14,0,star_sign,ema_lr1e-2_wd1e-3,0.01,0.001,3.06313,0.12476,2052
14,0,star_sign,ema_d0.99,0.01,0.0001,3.11169,0.06579,2052
14,0,star_sign,ema_d0.9999,0.01,0.0001,3.06752,0.10965,2052
14,0,star_sign,mlp_h16,0.001,0.0,2.27194,0.36306,2052
14,0,star_sign,mlp_h32,0.001,0.0,2.25487,0.40351,2052
14,0,star_sign,mlp_h64,0.001,0.0,1.7262,0.93811,2052
14,0,star_sign,mlp_h128,0.001,0.0,1.60161,0.99708,2052
14,0,star_sign,attention,0.0001,1e-05,2.45569,0.88281,2052
14,0,star_sign,shuffled,0.01,0.0001,3.12598,0.09844,2052
14,4,age_bin,ema_lr1e-3,0.001,0.0001,1.47145,0.37768,2052
14,4,age_bin,ema_lr5e-3,0.005,0.0001,1.51088,0.30604,2052
14,4,age_bin,ema_lr1e-2,0.01,0.0001,1.32209,0.346,2052
14,4,age_bin,ema_lr5e-2,0.05,0.0001,1.26521,0.37817,2052
14,4,age_bin,ema_lr1e-2_wd1e-3,0.01,0.001,1.41575,0.31287,2052
14,4,age_bin,ema_d0.99,0.01,0.0001,1.41312,0.36014,2052
14,4,age_bin,ema_d0.9999,0.01,0.0001,1.42163,0.29386,2052
14,4,age_bin,mlp_h16,0.001,0.0,1.07166,0.45175,2052
14,4,age_bin,mlp_h32,0.001,0.0,1.07665,0.45029,2052
14,4,age_bin,mlp_h64,0.001,0.0,1.06273,0.44786,2052
14,4,age_bin,mlp_h128,0.001,0.0,1.05998,0.45322,2052
14,4,age_bin,attention,0.0001,1e-05,1.07767,0.46875,2052
14,4,age_bin,shuffled,0.01,0.0001,1.43645,0.33285,2052
14,4,gender,ema_lr1e-3,0.001,0.0001,1.03047,0.48684,2052
14,4,gender,ema_lr5e-3,0.005,0.0001,0.91586,0.51559,2052
14,4,gender,ema_lr1e-2,0.01,0.0001,0.92894,0.49415,2052
14,4,gender,ema_lr5e-2,0.05,0.0001,0.78857,0.51023,2052
14,4,gender,ema_lr1e-2_wd1e-3,0.01,0.001,0.95692,0.50536,2052
14,4,gender,ema_d0.99,0.01,0.0001,0.88663,0.47904,2052
14,4,gender,ema_d0.9999,0.01,0.0001,0.92046,0.50828,2052
14,4,gender,mlp_h16,0.001,0.0,0.70166,0.48343,2052
14,4,gender,mlp_h32,0.001,0.0,0.69487,0.52144,2052
14,4,gender,mlp_h64,0.001,0.0,0.69607,0.51316,2052
14,4,gender,mlp_h128,0.001,0.0,0.69637,0.53021,2052
14,4,gender,attention,0.0001,1e-05,0.70923,0.5,2052
14,4,gender,shuffled,0.01,0.0001,0.9384,0.49903,2052
14,4,star_sign,ema_lr1e-3,0.001,0.0001,3.13348,0.10819,2052
14,4,star_sign,ema_lr5e-3,0.005,0.0001,3.07422,0.10331,2052
14,4,star_sign,ema_lr1e-2,0.01,0.0001,2.83528,0.15205,2052
14,4,star_sign,ema_lr5e-2,0.05,0.0001,2.3467,0.18372,2052
14,4,star_sign,ema_lr1e-2_wd1e-3,0.01,0.001,3.01967,0.09698,2052
14,4,star_sign,ema_d0.99,0.01,0.0001,2.9658,0.17154,2052
14,4,star_sign,ema_d0.9999,0.01,0.0001,2.88969,0.10283,2052
14,4,star_sign,mlp_h16,0.001,0.0,2.21096,0.11404,2052
14,4,star_sign,mlp_h32,0.001,0.0,2.14715,0.21637,2052
14,4,star_sign,mlp_h64,0.001,0.0,1.60358,0.99366,2052
14,4,star_sign,mlp_h128,0.001,0.0,1.11726,1.0,2052
14,4,star_sign,attention,0.0001,1e-05,2.53218,0.05469,2052
14,4,star_sign,shuffled,0.01,0.0001,2.95569,0.08285,2052
14,6,age_bin,ema_lr1e-3,0.001,0.0001,1.68487,0.34942,2052
14,6,age_bin,ema_lr5e-3,0.005,0.0001,1.59169,0.35478,2052
14,6,age_bin,ema_lr1e-2,0.01,0.0001,1.66778,0.32018,2052
14,6,age_bin,ema_lr5e-2,0.05,0.0001,1.29566,0.35283,2052
14,6,age_bin,ema_lr1e-2_wd1e-3,0.01,0.001,1.57379,0.31433,2052
14,6,age_bin,ema_d0.99,0.01,0.0001,1.62062,0.346,2052
14,6,age_bin,ema_d0.9999,0.01,0.0001,1.62294,0.33821,2052
14,6,age_bin,mlp_h16,0.001,0.0,1.11068,0.33333,2052
14,6,age_bin,mlp_h32,0.001,0.0,1.09341,0.40302,2052
14,6,age_bin,mlp_h64,0.001,0.0,1.07275,0.45175,2052
14,6,age_bin,mlp_h128,0.001,0.0,1.07094,0.45517,2052
14,6,age_bin,attention,0.0001,1e-05,8.36697,0.42969,2052
14,6,age_bin,shuffled,0.01,0.0001,1.50646,0.34795,2052
14,6,gender,ema_lr1e-3,0.001,0.0001,1.1574,0.48782,2052
14,6,gender,ema_lr5e-3,0.005,0.0001,0.97256,0.53119,2052
14,6,gender,ema_lr1e-2,0.01,0.0001,1.04267,0.48148,2052
14,6,gender,ema_lr5e-2,0.05,0.0001,0.92132,0.45517,2052
14,6,gender,ema_lr1e-2_wd1e-3,0.01,0.001,0.95861,0.5385,2052
14,6,gender,ema_d0.99,0.01,0.0001,1.00333,0.48392,2052
14,6,gender,ema_d0.9999,0.01,0.0001,0.95277,0.52778,2052
14,6,gender,mlp_h16,0.001,0.0,0.7086,0.46784,2052
14,6,gender,mlp_h32,0.001,0.0,0.70031,0.49659,2052
14,6,gender,mlp_h64,0.001,0.0,0.69895,0.51218,2052
14,6,gender,mlp_h128,0.001,0.0,0.71927,0.4883,2052
14,6,gender,attention,0.0001,1e-05,2.14105,0.52344,2052
14,6,gender,shuffled,0.01,0.0001,1.01804,0.48684,2052
14,6,star_sign,ema_lr1e-3,0.001,0.0001,3.21416,0.09113,2052
14,6,star_sign,ema_lr5e-3,0.005,0.0001,3.25174,0.09503,2052
14,6,star_sign,ema_lr1e-2,0.01,0.0001,3.2395,0.07261,2052
14,6,star_sign,ema_lr5e-2,0.05,0.0001,2.52917,0.21394,2052
14,6,star_sign,ema_lr1e-2_wd1e-3,0.01,0.001,3.13083,0.04435,2052
14,6,star_sign,ema_d0.99,0.01,0.0001,3.10204,0.07261,2052
14,6,star_sign,ema_d0.9999,0.01,0.0001,3.02985,0.08967,2052
14,6,star_sign,mlp_h16,0.001,0.0,2.1156,0.52339,2052
14,6,star_sign,mlp_h32,0.001,0.0,2.07229,0.596,2052
14,6,star_sign,mlp_h64,0.001,0.0,2.17405,0.4693,2052
14,6,star_sign,mlp_h128,0.001,0.0,1.17655,1.0,2052
14,6,star_sign,attention,0.0001,1e-05,6.94082,0.22656,2052
14,6,star_sign,shuffled,0.01,0.0001,2.96394,0.13645,2052
15,0,age_bin,ema_lr1e-3,0.001,0.0001,1.61258,0.31493,1648
15,0,age_bin,ema_lr5e-3,0.005,0.0001,1.49796,0.34223,1648
15,0,age_bin,ema_lr1e-2,0.01,0.0001,1.53114,0.321,1648
15,0,age_bin,ema_lr5e-2,0.05,0.0001,1.33868,0.34587,1648
15,0,age_bin,ema_lr1e-2_wd1e-3,0.01,0.001,1.52952,0.3392,1648
15,0,age_bin,ema_d0.99,0.01,0.0001,1.56513,0.34951,1648
15,0,age_bin,ema_d0.9999,0.01,0.0001,1.51067,0.32403,1648
15,0,age_bin,mlp_h16,0.001,0.0,1.1034,0.37075,1648
15,0,age_bin,mlp_h32,0.001,0.0,1.07914,0.42415,1648
15,0,age_bin,mlp_h64,0.001,0.0,1.0641,0.446,1648
15,0,age_bin,mlp_h128,0.001,0.0,1.06696,0.446,1648
15,0,age_bin,attention,0.0001,1e-05,1.09286,0.50781,1648
15,0,age_bin,shuffled,0.01,0.0001,1.51099,0.34041,1648
15,0,gender,ema_lr1e-3,0.001,0.0001,1.00737,0.50303,1648
15,0,gender,ema_lr5e-3,0.005,0.0001,1.06073,0.51214,1648
15,0,gender,ema_lr1e-2,0.01,0.0001,1.05903,0.4915,1648
15,0,gender,ema_lr5e-2,0.05,0.0001,0.88299,0.52367,1648
15,0,gender,ema_lr1e-2_wd1e-3,0.01,0.001,1.08414,0.50485,1648
15,0,gender,ema_d0.99,0.01,0.0001,1.00665,0.51153,1648
15,0,gender,ema_d0.9999,0.01,0.0001,1.08877,0.48847,1648
15,0,gender,mlp_h16,0.001,0.0,0.70648,0.47391,1648
15,0,gender,mlp_h32,0.001,0.0,0.70649,0.47694,1648
15,0,gender,mlp_h64,0.001,0.0,0.69696,0.49211,1648
15,0,gender,mlp_h128,0.001,0.0,0.7089,0.47391,1648
15,0,gender,attention,0.0001,1e-05,0.69292,0.50781,1648
15,0,gender,shuffled,0.01,0.0001,1.01635,0.51153,1648
15,0,star_sign,ema_lr1e-3,0.001,0.0001,3.24293,0.1335,1648
15,0,star_sign,ema_lr5e-3,0.005,0.0001,3.09575,0.06493,1648
15,0,star_sign,ema_lr1e-2,0.01,0.0001,3.0114,0.06796,1648
15,0,star_sign,ema_lr5e-2,0.05,0.0001,2.42594,0.25607,1648
15,0,star_sign,ema_lr1e-2_wd1e-3,0.01,0.001,3.08151,0.10316,1648
15,0,star_sign,ema_d0.99,0.01,0.0001,3.02342,0.07342,1648
15,0,star_sign,ema_d0.9999,0.01,0.0001,3.05469,0.11711,1648
15,0,star_sign,mlp_h16,0.001,0.0,2.26377,0.36711,1648
15,0,star_sign,mlp_h32,0.001,0.0,2.22813,0.45874,1648
15,0,star_sign,mlp_h64,0.001,0.0,1.6756,0.95024,1648
15,0,star_sign,mlp_h128,0.001,0.0,1.50834,0.99939,1648
15,0,star_sign,attention,0.0001,1e-05,2.45408,0.96094,1648
15,0,star_sign,shuffled,0.01,0.0001,3.10758,0.10073,1648
15,4,age_bin,ema_lr1e-3,0.001,0.0001,1.4767,0.38107,1648
15,4,age_bin,ema_lr5e-3,0.005,0.0001,1.51705,0.32282,1648
15,4,age_bin,ema_lr1e-2,0.01,0.0001,1.31142,0.3483,1648
15,4,age_bin,ema_lr5e-2,0.05,0.0001,1.25269,0.35619,1648
15,4,age_bin,ema_lr1e-2_wd1e-3,0.01,0.001,1.33764,0.35862,1648
15,4,age_bin,ema_d0.99,0.01,0.0001,1.40811,0.34891,1648
15,4,age_bin,ema_d0.9999,0.01,0.0001,1.39153,0.32524,1648
15,4,age_bin,mlp_h16,0.001,0.0,1.07421,0.44235,1648
15,4,age_bin,mlp_h32,0.001,0.0,1.07366,0.43507,1648
15,4,age_bin,mlp_h64,0.001,0.0,1.07156,0.44417,1648
15,4,age_bin,mlp_h128,0.001,0.0,1.06002,0.44175,1648
15,4,age_bin,attention,0.0001,1e-05,1.0266,0.48438,1648
15,4,age_bin,shuffled,0.01,0.0001,1.38706,0.34648,1648
15,4,gender,ema_lr1e-3,0.001,0.0001,0.9511,0.51214,1648
15,4,gender,ema_lr5e-3,0.005,0.0001,0.94883,0.50789,1648
15,4,gender,ema_lr1e-2,0.01,0.0001,0.91635,0.50728,1648
15,4,gender,ema_lr5e-2,0.05,0.0001,0.82871,0.47694,1648
15,4,gender,ema_lr1e-2_wd1e-3,0.01,0.001,1.01607,0.49879,1648
15,4,gender,ema_d0.99,0.01,0.0001,0.83375,0.5267,1648
15,4,gender,ema_d0.9999,0.01,0.0001,0.93535,0.49636,1648
15,4,gender,mlp_h16,0.001,0.0,0.68993,0.53277,1648
15,4,gender,mlp_h32,0.001,0.0,0.70082,0.48847,1648
15,4,gender,mlp_h64,0.001,0.0,0.69371,0.52731,1648
15,4,gender,mlp_h128,0.001,0.0,0.70458,0.47816,1648
15,4,gender,attention,0.0001,1e-05,0.70716,0.46094,1648
15,4,gender,shuffled,0.01,0.0001,0.93489,0.51214,1648
15,4,star_sign,ema_lr1e-3,0.001,0.0001,3.04305,0.11833,1648
15,4,star_sign,ema_lr5e-3,0.005,0.0001,3.1443,0.09709,1648
15,4,star_sign,ema_lr1e-2,0.01,0.0001,2.9586,0.12379,1648
15,4,star_sign,ema_lr5e-2,0.05,0.0001,2.25018,0.22998,1648
15,4,star_sign,ema_lr1e-2_wd1e-3,0.01,0.001,3.01372,0.10437,1648
15,4,star_sign,ema_d0.99,0.01,0.0001,2.95589,0.18386,1648
15,4,star_sign,ema_d0.9999,0.01,0.0001,2.87644,0.12379,1648
15,4,star_sign,mlp_h16,0.001,0.0,2.18454,0.15837,1648
15,4,star_sign,mlp_h32,0.001,0.0,2.0844,0.2682,1648
15,4,star_sign,mlp_h64,0.001,0.0,1.52041,0.99939,1648
15,4,star_sign,mlp_h128,0.001,0.0,1.01105,1.0,1648
15,4,star_sign,attention,0.0001,1e-05,2.52843,0.03125,1648
15,4,star_sign,shuffled,0.01,0.0001,2.96819,0.08131,1648
15,6,age_bin,ema_lr1e-3,0.001,0.0001,1.62913,0.3574,1648
15,6,age_bin,ema_lr5e-3,0.005,0.0001,1.6075,0.33677,1648
15,6,age_bin,ema_lr1e-2,0.01,0.0001,1.7078,0.29551,1648
15,6,age_bin,ema_lr5e-2,0.05,0.0001,1.31297,0.36347,1648
15,6,age_bin,ema_lr1e-2_wd1e-3,0.01,0.001,1.46176,0.33617,1648
15,6,age_bin,ema_d0.99,0.01,0.0001,1.54302,0.3574,1648
15,6,age_bin,ema_d0.9999,0.01,0.0001,1.41958,0.375,1648
15,6,age_bin,mlp_h16,0.001,0.0,1.09964,0.35862,1648
15,6,age_bin,mlp_h32,0.001,0.0,1.10916,0.36772,1648
15,6,age_bin,mlp_h64,0.001,0.0,1.0649,0.45024,1648
15,6,age_bin,mlp_h128,0.001,0.0,1.06313,0.44721,1648
15,6,age_bin,attention,0.0001,1e-05,7.99582,0.48438,1648
15,6,age_bin,shuffled,0.01,0.0001,1.51846,0.34769,1648
15,6,gender,ema_lr1e-3,0.001,0.0001,1.0564,0.51881,1648
15,6,gender,ema_lr5e-3,0.005,0.0001,0.98765,0.50971,1648
15,6,gender,ema_lr1e-2,0.01,0.0001,1.02266,0.48786,1648
15,6,gender,ema_lr5e-2,0.05,0.0001,0.82264,0.52852,1648
15,6,gender,ema_lr1e-2_wd1e-3,0.01,0.001,1.05611,0.49697,1648
15,6,gender,ema_d0.99,0.01,0.0001,0.97577,0.50364,1648
15,6,gender,ema_d0.9999,0.01,0.0001,1.07173,0.47633,1648
15,6,gender,mlp_h16,0.001,0.0,0.69265,0.52427,1648
15,6,gender,mlp_h32,0.001,0.0,0.68959,0.54551,1648
15,6,gender,mlp_h64,0.001,0.0,0.68955,0.52791,1648
15,6,gender,mlp_h128,0.001,0.0,0.70195,0.52549,1648
15,6,gender,attention,0.0001,1e-05,2.3719,0.54688,1648
15,6,gender,shuffled,0.01,0.0001,0.95855,0.5085,1648
15,6,star_sign,ema_lr1e-3,0.001,0.0001,3.3605,0.07888,1648
15,6,star_sign,ema_lr5e-3,0.005,0.0001,3.17508,0.11893,1648
15,6,star_sign,ema_lr1e-2,0.01,0.0001,3.19285,0.0625,1648
15,6,star_sign,ema_lr5e-2,0.05,0.0001,2.34829,0.25182,1648
15,6,star_sign,ema_lr1e-2_wd1e-3,0.01,0.001,3.08382,0.05643,1648
15,6,star_sign,ema_d0.99,0.01,0.0001,2.95355,0.09709,1648
15,6,star_sign,ema_d0.9999,0.01,0.0001,3.05341,0.09648,1648
15,6,star_sign,mlp_h16,0.001,0.0,2.10534,0.56189,1648
15,6,star_sign,mlp_h32,0.001,0.0,2.03345,0.62985,1648
15,6,star_sign,mlp_h64,0.001,0.0,2.12565,0.59163,1648
15,6,star_sign,mlp_h128,0.001,0.0,1.08852,1.0,1648
15,6,star_sign,attention,0.0001,1e-05,7.28896,0.21875,1648
15,6,star_sign,shuffled,0.01,0.0001,3.26016,0.06917,1648
16,0,age_bin,ema_lr1e-3,0.001,0.0001,1.61174,0.32482,2075
16,0,age_bin,ema_lr5e-3,0.005,0.0001,1.5203,0.34506,2075
16,0,age_bin,ema_lr1e-2,0.01,0.0001,1.42647,0.35422,2075
16,0,age_bin,ema_lr5e-2,0.05,0.0001,1.38261,0.3388,2075
16,0,age_bin,ema_lr1e-2_wd1e-3,0.01,0.001,1.51438,0.32193,2075
16,0,age_bin,ema_d0.99,0.01,0.0001,1.53732,0.34506,2075
16,0,age_bin,ema_d0.9999,0.01,0.0001,1.47091,0.35036,2075
16,0,age_bin,mlp_h16,0.001,0.0,1.08549,0.3894,2075
16,0,age_bin,mlp_h32,0.001,0.0,1.08146,0.4212,2075
16,0,age_bin,mlp_h64,0.001,0.0,1.0855,0.43518,2075
16,0,age_bin,mlp_h128,0.001,0.0,1.09332,0.43614,2075
16,0,age_bin,attention,0.0001,1e-05,1.09485,0.46875,2075
16,0,age_bin,shuffled,0.01,0.0001,1.54549,0.32337,2075
16,0,gender,ema_lr1e-3,0.001,0.0001,1.0055,0.51277,2075
16,0,gender,ema_lr5e-3,0.005,0.0001,1.10125,0.4906,2075
16,0,gender,ema_lr1e-2,0.01,0.0001,1.01605,0.50458,2075
16,0,gender,ema_lr5e-2,0.05,0.0001,0.90889,0.51373,2075
16,0,gender,ema_lr1e-2_wd1e-3,0.01,0.001,1.06933,0.49976,2075
16,0,gender,ema_d0.99,0.01,0.0001,1.0421,0.48819,2075
16,0,gender,ema_d0.9999,0.01,0.0001,1.04325,0.50265,2075
16,0,gender,mlp_h16,0.001,0.0,0.70687,0.4694,2075
16,0,gender,mlp_h32,0.001,0.0,0.70173,0.49735,2075
16,0,gender,mlp_h64,0.001,0.0,0.69896,0.48819,2075
16,0,gender,mlp_h128,0.001,0.0,0.705,0.48434,2075
16,0,gender,attention,0.0001,1e-05,0.69239,0.53906,2075
16,0,gender,shuffled,0.01,0.0001,1.03661,0.51181,2075
16,0,star_sign,ema_lr1e-3,0.001,0.0001,3.20798,0.12578,2075
16,0,star_sign,ema_lr5e-3,0.005,0.0001,3.13423,0.06072,2075
16,0,star_sign,ema_lr1e-2,0.01,0.0001,3.01429,0.07518,2075
16,0,star_sign,ema_lr5e-2,0.05,0.0001,2.38347,0.23325,2075
16,0,star_sign,ema_lr1e-2_wd1e-3,0.01,0.001,3.06611,0.11422,2075
16,0,star_sign,ema_d0.99,0.01,0.0001,3.03522,0.07614,2075
16,0,star_sign,ema_d0.9999,0.01,0.0001,3.05695,0.09446,2075
16,0,star_sign,mlp_h16,0.001,0.0,2.24197,0.41783,2075
16,0,star_sign,mlp_h32,0.001,0.0,2.20273,0.48675,2075
16,0,star_sign,mlp_h64,0.001,0.0,1.62491,0.95663,2075
16,0,star_sign,mlp_h128,0.001,0.0,1.4555,0.99952,2075
16,0,star_sign,attention,0.0001,1e-05,2.45273,0.96875,2075
16,0,star_sign,shuffled,0.01,0.0001,3.07501,0.10458,2075
16,4,age_bin,ema_lr1e-3,0.001,0.0001,1.59002,0.33205,2075
16,4,age_bin,ema_lr5e-3,0.005,0.0001,1.48783,0.31325,2075
16,4,age_bin,ema_lr1e-2,0.01,0.0001,1.32922,0.3306,2075
16,4,age_bin,ema_lr5e-2,0.05,0.0001,1.28303,0.35422,2075
16,4,age_bin,ema_lr1e-2_wd1e-3,0.01,0.001,1.37112,0.32916,2075
16,4,age_bin,ema_d0.99,0.01,0.0001,1.43531,0.3306,2075
16,4,age_bin,ema_d0.9999,0.01,0.0001,1.42644,0.30843,2075
16,4,age_bin,mlp_h16,0.001,0.0,1.08501,0.43422,2075
16,4,age_bin,mlp_h32,0.001,0.0,1.0843,0.42699,2075
16,4,age_bin,mlp_h64,0.001,0.0,1.0902,0.43518,2075
16,4,age_bin,mlp_h128,0.001,0.0,1.09748,0.43036,2075
16,4,age_bin,attention,0.0001,1e-05,1.06723,0.48438,2075
16,4,age_bin,shuffled,0.01,0.0001,1.41577,0.3253,2075
16,4,gender,ema_lr1e-3,0.001,0.0001,1.05819,0.48482,2075
16,4,gender,ema_lr5e-3,0.005,0.0001,0.92991,0.51133,2075
16,4,gender,ema_lr1e-2,0.01,0.0001,0.93705,0.48916,2075
16,4,gender,ema_lr5e-2,0.05,0.0001,0.80575,0.50169,2075
16,4,gender,ema_lr1e-2_wd1e-3,0.01,0.001,0.95473,0.49687,2075
16,4,gender,ema_d0.99,0.01,0.0001,0.83403,0.50458,2075
16,4,gender,ema_d0.9999,0.01,0.0001,0.91288,0.48627,2075
16,4,gender,mlp_h16,0.001,0.0,0.69436,0.51373,2075
16,4,gender,mlp_h32,0.001,0.0,0.69793,0.49398,2075
16,4,gender,mlp_h64,0.001,0.0,0.69599,0.53446,2075
16,4,gender,mlp_h128,0.001,0.0,0.70371,0.50602,2075
16,4,gender,attention,0.0001,1e-05,0.71603,0.44531,2075
16,4,gender,shuffled,0.01,0.0001,0.94378,0.49976,2075
16,4,star_sign,ema_lr1e-3,0.001,0.0001,3.14883,0.10554,2075
16,4,star_sign,ema_lr5e-3,0.005,0.0001,3.01275,0.10313,2075
16,4,star_sign,ema_lr1e-2,0.01,0.0001,2.89043,0.12964,2075
16,4,star_sign,ema_lr5e-2,0.05,0.0001,2.23028,0.24289,2075
16,4,star_sign,ema_lr1e-2_wd1e-3,0.01,0.001,2.96733,0.1041,2075
16,4,star_sign,ema_d0.99,0.01,0.0001,2.91807,0.16627,2075
16,4,star_sign,ema_d0.9999,0.01,0.0001,2.93057,0.0988,2075
16,4,star_sign,mlp_h16,0.001,0.0,2.16886,0.1812,2075
16,4,star_sign,mlp_h32,0.001,0.0,2.07494,0.31807,2075
16,4,star_sign,mlp_h64,0.001,0.0,1.47032,0.99952,2075
16,4,star_sign,mlp_h128,0.001,0.0,0.94498,1.0,2075
16,4,star_sign,attention,0.0001,1e-05,2.50907,0.03906,2075
16,4,star_sign,shuffled,0.01,0.0001,2.92079,0.0747,2075
16,6,age_bin,ema_lr1e-3,0.001,0.0001,1.70878,0.33157,2075
16,6,age_bin,ema_lr5e-3,0.005,0.0001,1.59007,0.37205,2075
16,6,age_bin,ema_lr1e-2,0.01,0.0001,1.71424,0.31373,2075
16,6,age_bin,ema_lr5e-2,0.05,0.0001,1.29952,0.34024,2075
16,6,age_bin,ema_lr1e-2_wd1e-3,0.01,0.001,1.58731,0.31181,2075
16,6,age_bin,ema_d0.99,0.01,0.0001,1.55402,0.34265,2075
16,6,age_bin,ema_d0.9999,0.01,0.0001,1.42171,0.35904,2075
16,6,age_bin,mlp_h16,0.001,0.0,1.10366,0.33687,2075
16,6,age_bin,mlp_h32,0.001,0.0,1.09845,0.37639,2075
16,6,age_bin,mlp_h64,0.001,0.0,1.08855,0.43373,2075
16,6,age_bin,mlp_h128,0.001,0.0,1.09014,0.43373,2075
16,6,age_bin,attention,0.0001,1e-05,8.20182,0.46094,2075
16,6,age_bin,shuffled,0.01,0.0001,1.52789,0.34843,2075
16,6,gender,ema_lr1e-3,0.001,0.0001,1.20779,0.46024,2075
16,6,gender,ema_lr5e-3,0.005,0.0001,1.03609,0.49398,2075
16,6,gender,ema_lr1e-2,0.01,0.0001,1.05505,0.49349,2075
16,6,gender,ema_lr5e-2,0.05,0.0001,0.83963,0.50747,2075
16,6,gender,ema_lr1e-2_wd1e-3,0.01,0.001,0.93967,0.54361,2075
16,6,gender,ema_d0.99,0.01,0.0001,0.96042,0.5012,2075
16,6,gender,ema_d0.9999,0.01,0.0001,1.04335,0.49012,2075
16,6,gender,mlp_h16,0.001,0.0,0.68348,0.55952,2075
16,6,gender,mlp_h32,0.001,0.0,0.70088,0.51181,2075
16,6,gender,mlp_h64,0.001,0.0,0.70387,0.49735,2075
16,6,gender,mlp_h128,0.001,0.0,0.70954,0.51614,2075
16,6,gender,attention,0.0001,1e-05,2.28018,0.51562,2075
16,6,gender,shuffled,0.01,0.0001,0.96011,0.50651,2075
16,6,star_sign,ema_lr1e-3,0.001,0.0001,3.24968,0.08964,2075
16,6,star_sign,ema_lr5e-3,0.005,0.0001,3.15428,0.09735,2075
16,6,star_sign,ema_lr1e-2,0.01,0.0001,3.10161,0.1012,2075
16,6,star_sign,ema_lr5e-2,0.05,0.0001,2.35319,0.23229,2075
16,6,star_sign,ema_lr1e-2_wd1e-3,0.01,0.001,2.96875,0.07181,2075
16,6,star_sign,ema_d0.99,0.01,0.0001,2.98301,0.09735,2075
16,6,star_sign,ema_d0.9999,0.01,0.0001,3.04755,0.09301,2075
16,6,star_sign,mlp_h16,0.001,0.0,2.0885,0.59133,2075
16,6,star_sign,mlp_h32,0.001,0.0,2.01417,0.66169,2075
16,6,star_sign,mlp_h64,0.001,0.0,2.09883,0.62024,2075
16,6,star_sign,mlp_h128,0.001,0.0,1.02066,1.0,2075
16,6,star_sign,attention,0.0001,1e-05,7.71184,0.28906,2075
16,6,star_sign,shuffled,0.01,0.0001,3.0918,0.09687,2075
17,0,age_bin,ema_lr1e-3,0.001,0.0001,1.59924,0.33901,1997
17,0,age_bin,ema_lr5e-3,0.005,0.0001,1.60748,0.32148,1997
17,0,age_bin,ema_lr1e-2,0.01,0.0001,1.44838,0.35003,1997
17,0,age_bin,ema_lr5e-2,0.05,0.0001,1.38649,0.335,1997
17,0,age_bin,ema_lr1e-2_wd1e-3,0.01,0.001,1.54832,0.331,1997
17,0,age_bin,ema_d0.99,0.01,0.0001,1.61722,0.34201,1997
17,0,age_bin,ema_d0.9999,0.01,0.0001,1.48742,0.34902,1997
17,0,age_bin,mlp_h16,0.001,0.0,1.09646,0.37106,1997
17,0,age_bin,mlp_h32,0.001,0.0,1.09205,0.40461,1997
17,0,age_bin,mlp_h64,0.001,0.0,1.09618,0.41262,1997
17,0,age_bin,mlp_h128,0.001,0.0,1.11419,0.41212,1997
17,0,age_bin,attention,0.0001,1e-05,1.09433,0.46875,1997
17,0,age_bin,shuffled,0.01,0.0001,1.52171,0.32499,1997
17,0,gender,ema_lr1e-3,0.001,0.0001,1.02539,0.51678,1997
17,0,gender,ema_lr5e-3,0.005,0.0001,1.0727,0.50976,1997
17,0,gender,ema_lr1e-2,0.01,0.0001,1.04316,0.49024,1997
17,0,gender,ema_lr5e-2,0.05,0.0001,0.88103,0.50426,1997
17,0,gender,ema_lr1e-2_wd1e-3,0.01,0.001,1.07768,0.49124,1997
17,0,gender,ema_d0.99,0.01,0.0001,1.00242,0.51177,1997
17,0,gender,ema_d0.9999,0.01,0.0001,1.0892,0.48072,1997
17,0,gender,mlp_h16,0.001,0.0,0.70482,0.48673,1997
17,0,gender,mlp_h32,0.001,0.0,0.70171,0.49624,1997
17,0,gender,mlp_h64,0.001,0.0,0.69967,0.49524,1997
17,0,gender,mlp_h128,0.001,0.0,0.69961,0.50626,1997
17,0,gender,attention,0.0001,1e-05,0.69293,0.57031,1997
17,0,gender,shuffled,0.01,0.0001,1.04308,0.49324,1997
17,0,star_sign,ema_lr1e-3,0.001,0.0001,3.24434,0.12068,1997
17,0,star_sign,ema_lr5e-3,0.005,0.0001,3.04715,0.07011,1997
17,0,star_sign,ema_lr1e-2,0.01,0.0001,3.00832,0.07511,1997
17,0,star_sign,ema_lr5e-2,0.05,0.0001,2.33873,0.30346,1997
17,0,star_sign,ema_lr1e-2_wd1e-3,0.01,0.001,3.05193,0.10816,1997
17,0,star_sign,ema_d0.99,0.01,0.0001,3.05565,0.0691,1997
17,0,star_sign,ema_d0.9999,0.01,0.0001,3.02765,0.10816,1997
17,0,star_sign,mlp_h16,0.001,0.0,2.22411,0.43515,1997
17,0,star_sign,mlp_h32,0.001,0.0,2.17587,0.54482,1997
17,0,star_sign,mlp_h64,0.001,0.0,1.58516,0.96945,1997
17,0,star_sign,mlp_h128,0.001,0.0,1.3747,1.0,1997
17,0,star_sign,attention,0.0001,1e-05,2.45116,0.94531,1997
17,0,star_sign,shuffled,0.01,0.0001,3.0719,0.10766,1997
17,4,age_bin,ema_lr1e-3,0.001,0.0001,1.55426,0.34952,1997
17,4,age_bin,ema_lr5e-3,0.005,0.0001,1.45834,0.31147,1997
17,4,age_bin,ema_lr1e-2,0.01,0.0001,1.28868,0.35153,1997
17,4,age_bin,ema_lr5e-2,0.05,0.0001,1.27859,0.35754,1997
17,4,age_bin,ema_lr1e-2_wd1e-3,0.01,0.001,1.38383,0.33901,1997
17,4,age_bin,ema_d0.99,0.01,0.0001,1.35451,0.35453,1997
17,4,age_bin,ema_d0.9999,0.01,0.0001,1.39106,0.33751,1997
17,4,age_bin,mlp_h16,0.001,0.0,1.08965,0.40961,1997
17,4,age_bin,mlp_h32,0.001,0.0,1.09294,0.41012,1997
17,4,age_bin,mlp_h64,0.001,0.0,1.10473,0.41112,1997
17,4,age_bin,mlp_h128,0.001,0.0,1.10416,0.40961,1997
17,4,age_bin,attention,0.0001,1e-05,1.05859,0.45312,1997
17,4,age_bin,shuffled,0.01,0.0001,1.42693,0.3325,1997
17,4,gender,ema_lr1e-3,0.001,0.0001,0.95589,0.49875,1997
17,4,gender,ema_lr5e-3,0.005,0.0001,0.94111,0.48373,1997
17,4,gender,ema_lr1e-2,0.01,0.0001,0.88606,0.51828,1997
17,4,gender,ema_lr5e-2,0.05,0.0001,0.8065,0.50125,1997
17,4,gender,ema_lr1e-2_wd1e-3,0.01,0.001,0.9412,0.51127,1997
17,4,gender,ema_d0.99,0.01,0.0001,0.84287,0.50726,1997
17,4,gender,ema_d0.9999,0.01,0.0001,0.91857,0.48423,1997
17,4,gender,mlp_h16,0.001,0.0,0.69235,0.52679,1997
17,4,gender,mlp_h32,0.001,0.0,0.69928,0.48473,1997
17,4,gender,mlp_h64,0.001,0.0,0.70219,0.50376,1997
17,4,gender,mlp_h128,0.001,0.0,0.70195,0.49624,1997
17,4,gender,attention,0.0001,1e-05,0.71689,0.4375,1997
17,4,gender,shuffled,0.01,0.0001,0.96864,0.48723,1997
17,4,star_sign,ema_lr1e-3,0.001,0.0001,3.12231,0.11317,1997
17,4,star_sign,ema_lr5e-3,0.005,0.0001,3.0956,0.09014,1997
17,4,star_sign,ema_lr1e-2,0.01,0.0001,2.85532,0.14722,1997
17,4,star_sign,ema_lr5e-2,0.05,0.0001,2.16023,0.25438,1997
17,4,star_sign,ema_lr1e-2_wd1e-3,0.01,0.001,2.98591,0.09564,1997
17,4,star_sign,ema_d0.99,0.01,0.0001,2.87929,0.18227,1997
17,4,star_sign,ema_d0.9999,0.01,0.0001,2.91139,0.10015,1997
17,4,star_sign,mlp_h16,0.001,0.0,2.12907,0.2674,1997
17,4,star_sign,mlp_h32,0.001,0.0,2.04206,0.36455,1997
17,4,star_sign,mlp_h64,0.001,0.0,1.39162,1.0,1997
17,4,star_sign,mlp_h128,0.001,0.0,0.83976,1.0,1997
17,4,star_sign,attention,0.0001,1e-05,2.50393,0.0625,1997
17,4,star_sign,shuffled,0.01,0.0001,2.88369,0.08963,1997
17,6,age_bin,ema_lr1e-3,0.001,0.0001,1.67789,0.32949,1997
17,6,age_bin,ema_lr5e-3,0.005,0.0001,1.65689,0.33851,1997
17,6,age_bin,ema_lr1e-2,0.01,0.0001,1.61897,0.333,1997
17,6,age_bin,ema_lr5e-2,0.05,0.0001,1.38072,0.31447,1997
17,6,age_bin,ema_lr1e-2_wd1e-3,0.01,0.001,1.48904,0.34001,1997
17,6,age_bin,ema_d0.99,0.01,0.0001,1.52218,0.32799,1997
17,6,age_bin,ema_d0.9999,0.01,0.0001,1.57336,0.31547,1997
17,6,age_bin,mlp_h16,0.001,0.0,1.10136,0.3325,1997
17,6,age_bin,mlp_h32,0.001,0.0,1.08953,0.37656,1997
17,6,age_bin,mlp_h64,0.001,0.0,1.09814,0.40661,1997
17,6,age_bin,mlp_h128,0.001,0.0,1.11967,0.41112,1997
17,6,age_bin,attention,0.0001,1e-05,7.68846,0.44531,1997
17,6,age_bin,shuffled,0.01,0.0001,1.48966,0.34402,1997
17,6,gender,ema_lr1e-3,0.001,0.0001,0.96804,0.5348,1997
17,6,gender,ema_lr5e-3,0.005,0.0001,1.04469,0.49124,1997
17,6,gender,ema_lr1e-2,0.01,0.0001,0.9418,0.5353,1997
17,6,gender,ema_lr5e-2,0.05,0.0001,0.86672,0.48723,1997
17,6,gender,ema_lr1e-2_wd1e-3,0.01,0.001,1.01775,0.49975,1997
17,6,gender,ema_d0.99,0.01,0.0001,0.96788,0.50576,1997
17,6,gender,ema_d0.9999,0.01,0.0001,1.03602,0.48172,1997
17,6,gender,mlp_h16,0.001,0.0,0.7,0.49875,1997
17,6,gender,mlp_h32,0.001,0.0,0.70101,0.50526,1997
17,6,gender,mlp_h64,0.001,0.0,0.70316,0.49224,1997
17,6,gender,mlp_h128,0.001,0.0,0.70881,0.50325,1997
17,6,gender,attention,0.0001,1e-05,3.20909,0.46875,1997
17,6,gender,shuffled,0.01,0.0001,0.97037,0.50526,1997
17,6,star_sign,ema_lr1e-3,0.001,0.0001,3.14827,0.09614,1997
17,6,star_sign,ema_lr5e-3,0.005,0.0001,3.0811,0.10716,1997
17,6,star_sign,ema_lr1e-2,0.01,0.0001,3.05502,0.08112,1997
17,6,star_sign,ema_lr5e-2,0.05,0.0001,2.42193,0.23235,1997
17,6,star_sign,ema_lr1e-2_wd1e-3,0.01,0.001,2.92331,0.0666,1997
17,6,star_sign,ema_d0.99,0.01,0.0001,3.11876,0.07261,1997
17,6,star_sign,ema_d0.9999,0.01,0.0001,2.96033,0.11417,1997
17,6,star_sign,mlp_h16,0.001,0.0,2.08042,0.60541,1997
17,6,star_sign,mlp_h32,0.001,0.0,1.9929,0.71157,1997
17,6,star_sign,mlp_h64,0.001,0.0,2.05886,0.70806,1997
17,6,star_sign,mlp_h128,0.001,0.0,0.98074,1.0,1997
17,6,star_sign,attention,0.0001,1e-05,7.3335,0.22656,1997
17,6,star_sign,shuffled,0.01,0.0001,3.01473,0.1347,1997
18,0,age_bin,ema_lr1e-3,0.001,0.0001,1.58436,0.31859,1899
18,0,age_bin,ema_lr5e-3,0.005,0.0001,1.53148,0.32701,1899
18,0,age_bin,ema_lr1e-2,0.01,0.0001,1.53695,0.33597,1899
18,0,age_bin,ema_lr5e-2,0.05,0.0001,1.37532,0.3307,1899
18,0,age_bin,ema_lr1e-2_wd1e-3,0.01,0.001,1.55331,0.33175,1899
18,0,age_bin,ema_d0.99,0.01,0.0001,1.61549,0.31754,1899
18,0,age_bin,ema_d0.9999,0.01,0.0001,1.51303,0.33649,1899
18,0,age_bin,mlp_h16,0.001,0.0,1.09211,0.37441,1899
18,0,age_bin,mlp_h32,0.001,0.0,1.07842,0.44128,1899
18,0,age_bin,mlp_h64,0.001,0.0,1.07201,0.4455,1899
18,0,age_bin,mlp_h128,0.001,0.0,1.08163,0.44813,1899
18,0,age_bin,attention,0.0001,1e-05,1.09469,0.46094,1899
18,0,age_bin,shuffled,0.01,0.0001,1.54266,0.31754,1899
18,0,gender,ema_lr1e-3,0.001,0.0001,1.03406,0.4892,1899
18,0,gender,ema_lr5e-3,0.005,0.0001,1.07092,0.51817,1899
18,0,gender,ema_lr1e-2,0.01,0.0001,0.99716,0.4892,1899
18,0,gender,ema_lr5e-2,0.05,0.0001,0.85713,0.52817,1899
18,0,gender,ema_lr1e-2_wd1e-3,0.01,0.001,1.02626,0.51237,1899
18,0,gender,ema_d0.99,0.01,0.0001,1.01325,0.49974,1899
18,0,gender,ema_d0.9999,0.01,0.0001,1.05806,0.4792,1899
18,0,gender,mlp_h16,0.001,0.0,0.70284,0.48605,1899
18,0,gender,mlp_h32,0.001,0.0,0.70223,0.49184,1899
18,0,gender,mlp_h64,0.001,0.0,0.69797,0.49552,1899
18,0,gender,mlp_h128,0.001,0.0,0.69948,0.50816,1899
18,0,gender,attention,0.0001,1e-05,0.69238,0.52344,1899
18,0,gender,shuffled,0.01,0.0001,1.01697,0.51501,1899
18,0,star_sign,ema_lr1e-3,0.001,0.0001,3.22351,0.1148,1899
18,0,star_sign,ema_lr5e-3,0.005,0.0001,3.1199,0.06582,1899
18,0,star_sign,ema_lr1e-2,0.01,0.0001,2.98133,0.0811,1899
18,0,star_sign,ema_lr5e-2,0.05,0.0001,2.36954,0.28857,1899
18,0,star_sign,ema_lr1e-2_wd1e-3,0.01,0.001,3.04183,0.11796,1899
18,0,star_sign,ema_d0.99,0.01,0.0001,3.05028,0.07214,1899
18,0,star_sign,ema_d0.9999,0.01,0.0001,3.04726,0.10163,1899
18,0,star_sign,mlp_h16,0.001,0.0,2.20038,0.45498,1899
18,0,star_sign,mlp_h32,0.001,0.0,2.1455,0.5703,1899
18,0,star_sign,mlp_h64,0.001,0.0,1.53461,0.97209,1899
18,0,star_sign,mlp_h128,0.001,0.0,1.31332,1.0,1899
18,0,star_sign,attention,0.0001,1e-05,2.44779,0.98438,1899
18,0,star_sign,shuffled,0.01,0.0001,3.06423,0.10742,1899
18,4,age_bin,ema_lr1e-3,0.001,0.0001,1.50231,0.37599,1899
18,4,age_bin,ema_lr5e-3,0.005,0.0001,1.42476,0.34018,1899
18,4,age_bin,ema_lr1e-2,0.01,0.0001,1.28656,0.34597,1899
18,4,age_bin,ema_lr5e-2,0.05,0.0001,1.26674,0.36704,1899
18,4,age_bin,ema_lr1e-2_wd1e-3,0.01,0.001,1.32972,0.36704,1899
18,4,age_bin,ema_d0.99,0.01,0.0001,1.38758,0.34597,1899
18,4,age_bin,ema_d0.9999,0.01,0.0001,1.40688,0.3128,1899
18,4,age_bin,mlp_h16,0.001,0.0,1.07312,0.4476,1899
18,4,age_bin,mlp_h32,0.001,0.0,1.07704,0.44339,1899
18,4,age_bin,mlp_h64,0.001,0.0,1.07705,0.44444,1899
18,4,age_bin,mlp_h128,0.001,0.0,1.08267,0.4455,1899
18,4,age_bin,attention,0.0001,1e-05,1.04962,0.49219,1899
18,4,age_bin,shuffled,0.01,0.0001,1.42574,0.32438,1899
18,4,gender,ema_lr1e-3,0.001,0.0001,1.02212,0.47604,1899
18,4,gender,ema_lr5e-3,0.005,0.0001,0.97172,0.48025,1899
18,4,gender,ema_lr1e-2,0.01,0.0001,0.90202,0.49974,1899
18,4,gender,ema_lr5e-2,0.05,0.0001,0.83197,0.48078,1899
18,4,gender,ema_lr1e-2_wd1e-3,0.01,0.001,0.91091,0.51922,1899
18,4,gender,ema_d0.99,0.01,0.0001,0.82208,0.52607,1899
18,4,gender,ema_d0.9999,0.01,0.0001,0.90944,0.49658,1899
18,4,gender,mlp_h16,0.001,0.0,0.69714,0.50237,1899
18,4,gender,mlp_h32,0.001,0.0,0.69453,0.51764,1899
18,4,gender,mlp_h64,0.001,0.0,0.70006,0.48815,1899
18,4,gender,mlp_h128,0.001,0.0,0.69825,0.50026,1899
18,4,gender,attention,0.0001,1e-05,0.71596,0.45312,1899
18,4,gender,shuffled,0.01,0.0001,0.9114,0.50395,1899
18,4,star_sign,ema_lr1e-3,0.001,0.0001,3.16834,0.10637,1899
18,4,star_sign,ema_lr5e-3,0.005,0.0001,3.1005,0.09268,1899
18,4,star_sign,ema_lr1e-2,0.01,0.0001,2.79566,0.16061,1899
18,4,star_sign,ema_lr5e-2,0.05,0.0001,2.08841,0.27751,1899
18,4,star_sign,ema_lr1e-2_wd1e-3,0.01,0.001,2.98396,0.09742,1899
18,4,star_sign,ema_d0.99,0.01,0.0001,2.97464,0.1585,1899
18,4,star_sign,ema_d0.9999,0.01,0.0001,2.8867,0.09637,1899
18,4,star_sign,mlp_h16,0.001,0.0,2.10493,0.30279,1899
18,4,star_sign,mlp_h32,0.001,0.0,2.00001,0.42654,1899
18,4,star_sign,mlp_h64,0.001,0.0,1.32738,1.0,1899
18,4,star_sign,mlp_h128,0.001,0.0,0.77533,1.0,1899
18,4,star_sign,attention,0.0001,1e-05,2.49823,0.07812,1899
18,4,star_sign,shuffled,0.01,0.0001,2.86581,0.08952,1899
18,6,age_bin,ema_lr1e-3,0.001,0.0001,1.74228,0.3207,1899
18,6,age_bin,ema_lr5e-3,0.005,0.0001,1.48998,0.3881,1899
18,6,age_bin,ema_lr1e-2,0.01,0.0001,1.56998,0.3207,1899
18,6,age_bin,ema_lr5e-2,0.05,0.0001,1.19488,0.40126,1899
18,6,age_bin,ema_lr1e-2_wd1e-3,0.01,0.001,1.39589,0.37967,1899
18,6,age_bin,ema_d0.99,0.01,0.0001,1.43442,0.38863,1899
18,6,age_bin,ema_d0.9999,0.01,0.0001,1.45562,0.34597,1899
18,6,age_bin,mlp_h16,0.001,0.0,1.11818,0.30279,1899
18,6,age_bin,mlp_h32,0.001,0.0,1.09067,0.40074,1899
18,6,age_bin,mlp_h64,0.001,0.0,1.0751,0.44128,1899
18,6,age_bin,mlp_h128,0.001,0.0,1.08203,0.45287,1899
18,6,age_bin,attention,0.0001,1e-05,7.5142,0.47656,1899
18,6,age_bin,shuffled,0.01,0.0001,1.49654,0.33755,1899
18,6,gender,ema_lr1e-3,0.001,0.0001,1.10105,0.50395,1899
18,6,gender,ema_lr5e-3,0.005,0.0001,1.00299,0.51817,1899
18,6,gender,ema_lr1e-2,0.01,0.0001,0.99666,0.5108,1899
18,6,gender,ema_lr5e-2,0.05,0.0001,0.82771,0.50816,1899
18,6,gender,ema_lr1e-2_wd1e-3,0.01,0.001,1.04317,0.49447,1899
18,6,gender,ema_d0.99,0.01,0.0001,1.16136,0.4139,1899
18,6,gender,ema_d0.9999,0.01,0.0001,0.99746,0.49342,1899
18,6,gender,mlp_h16,0.001,0.0,0.68673,0.55714,1899
18,6,gender,mlp_h32,0.001,0.0,0.69793,0.49289,1899
18,6,gender,mlp_h64,0.001,0.0,0.69645,0.49026,1899
18,6,gender,mlp_h128,0.001,0.0,0.69948,0.51027,1899
18,6,gender,attention,0.0001,1e-05,3.30154,0.49219,1899
18,6,gender,shuffled,0.01,0.0001,0.97525,0.50869,1899
18,6,star_sign,ema_lr1e-3,0.001,0.0001,3.38259,0.06793,1899
18,6,star_sign,ema_lr5e-3,0.005,0.0001,3.08516,0.13165,1899
18,6,star_sign,ema_lr1e-2,0.01,0.0001,3.00818,0.09426,1899
18,6,star_sign,ema_lr5e-2,0.05,0.0001,2.29701,0.26698,1899
18,6,star_sign,ema_lr1e-2_wd1e-3,0.01,0.001,3.07403,0.05635,1899
18,6,star_sign,ema_d0.99,0.01,0.0001,3.12355,0.07372,1899
18,6,star_sign,ema_d0.9999,0.01,0.0001,2.98146,0.10163,1899
18,6,star_sign,mlp_h16,0.001,0.0,2.03524,0.6693,1899
18,6,star_sign,mlp_h32,0.001,0.0,1.95608,0.73565,1899
18,6,star_sign,mlp_h64,0.001,0.0,2.03715,0.71827,1899
18,6,star_sign,mlp_h128,0.001,0.0,0.88699,1.0,1899
18,6,star_sign,attention,0.0001,1e-05,6.7245,0.27344,1899
18,6,star_sign,shuffled,0.01,0.0001,2.95662,0.11638,1899
19,0,age_bin,ema_lr1e-3,0.001,0.0001,1.57169,0.34286,2100
19,0,age_bin,ema_lr5e-3,0.005,0.0001,1.60426,0.31857,2100
19,0,age_bin,ema_lr1e-2,0.01,0.0001,1.46993,0.36524,2100
19,0,age_bin,ema_lr5e-2,0.05,0.0001,1.30874,0.34476,2100
19,0,age_bin,ema_lr1e-2_wd1e-3,0.01,0.001,1.52385,0.34095,2100
19,0,age_bin,ema_d0.99,0.01,0.0001,1.55537,0.35905,2100
19,0,age_bin,ema_d0.9999,0.01,0.0001,1.45145,0.34667,2100
19,0,age_bin,mlp_h16,0.001,0.0,1.07648,0.42762,2100
19,0,age_bin,mlp_h32,0.001,0.0,1.03423,0.54238,2100
19,0,age_bin,mlp_h64,0.001,0.0,0.99467,0.5581,2100
19,0,age_bin,mlp_h128,0.001,0.0,0.98483,0.56286,2100
19,0,age_bin,attention,0.0001,1e-05,1.08957,0.5625,2100
19,0,age_bin,shuffled,0.01,0.0001,1.45717,0.35571,2100
19,0,gender,ema_lr1e-3,0.001,0.0001,1.06273,0.49286,2100
19,0,gender,ema_lr5e-3,0.005,0.0001,1.06351,0.50714,2100
19,0,gender,ema_lr1e-2,0.01,0.0001,1.01056,0.49333,2100
19,0,gender,ema_lr5e-2,0.05,0.0001,0.86772,0.49238,2100
19,0,gender,ema_lr1e-2_wd1e-3,0.01,0.001,1.1065,0.48714,2100
19,0,gender,ema_d0.99,0.01,0.0001,1.059,0.48095,2100
19,0,gender,ema_d0.9999,0.01,0.0001,1.00855,0.52095,2100
19,0,gender,mlp_h16,0.001,0.0,0.69599,0.49571,2100
19,0,gender,mlp_h32,0.001,0.0,0.69333,0.52238,2100
19,0,gender,mlp_h64,0.001,0.0,0.69236,0.53143,2100
19,0,gender,mlp_h128,0.001,0.0,0.69245,0.52048,2100
19,0,gender,attention,0.0001,1e-05,0.69502,0.42969,2100
19,0,gender,shuffled,0.01,0.0001,1.07546,0.50429,2100
19,0,star_sign,ema_lr1e-3,0.001,0.0001,3.1369,0.12905,2100
19,0,star_sign,ema_lr5e-3,0.005,0.0001,3.10901,0.06048,2100
19,0,star_sign,ema_lr1e-2,0.01,0.0001,3.00307,0.07238,2100
19,0,star_sign,ema_lr5e-2,0.05,0.0001,2.29178,0.31095,2100
19,0,star_sign,ema_lr1e-2_wd1e-3,0.01,0.001,3.00238,0.11381,2100
19,0,star_sign,ema_d0.99,0.01,0.0001,3.04455,0.07429,2100
19,0,star_sign,ema_d0.9999,0.01,0.0001,3.04198,0.10429,2100
19,0,star_sign,mlp_h16,0.001,0.0,2.17957,0.49095,2100
19,0,star_sign,mlp_h32,0.001,0.0,2.11667,0.61952,2100
19,0,star_sign,mlp_h64,0.001,0.0,1.48312,0.98429,2100
19,0,star_sign,mlp_h128,0.001,0.0,1.25092,1.0,2100
19,0,star_sign,attention,0.0001,1e-05,2.44659,1.0,2100
19,0,star_sign,shuffled,0.01,0.0001,3.02108,0.11714,2100
19,4,age_bin,ema_lr1e-3,0.001,0.0001,1.56287,0.3519,2100
19,4,age_bin,ema_lr5e-3,0.005,0.0001,1.38329,0.3519,2100
19,4,age_bin,ema_lr1e-2,0.01,0.0001,1.34541,0.3219,2100
19,4,age_bin,ema_lr5e-2,0.05,0.0001,1.27581,0.35619,2100
19,4,age_bin,ema_lr1e-2_wd1e-3,0.01,0.001,1.32643,0.34762,2100
19,4,age_bin,ema_d0.99,0.01,0.0001,1.35723,0.35714,2100
19,4,age_bin,ema_d0.9999,0.01,0.0001,1.35718,0.33667,2100
19,4,age_bin,mlp_h16,0.001,0.0,1.01663,0.5619,2100
19,4,age_bin,mlp_h32,0.001,0.0,1.02365,0.54667,2100
19,4,age_bin,mlp_h64,0.001,0.0,0.99703,0.55905,2100
19,4,age_bin,mlp_h128,0.001,0.0,0.98319,0.56286,2100
19,4,age_bin,attention,0.0001,1e-05,0.99357,0.53125,2100
19,4,age_bin,shuffled,0.01,0.0001,1.38563,0.3281,2100
19,4,gender,ema_lr1e-3,0.001,0.0001,0.98662,0.52095,2100
19,4,gender,ema_lr5e-3,0.005,0.0001,0.92212,0.49667,2100
19,4,gender,ema_lr1e-2,0.01,0.0001,0.90186,0.49714,2100
19,4,gender,ema_lr5e-2,0.05,0.0001,0.79391,0.50238,2100
19,4,gender,ema_lr1e-2_wd1e-3,0.01,0.001,0.99957,0.48333,2100
19,4,gender,ema_d0.99,0.01,0.0001,0.86012,0.5,2100
19,4,gender,ema_d0.9999,0.01,0.0001,0.92331,0.49048,2100
19,4,gender,mlp_h16,0.001,0.0,0.69986,0.48571,2100
19,4,gender,mlp_h32,0.001,0.0,0.69251,0.51381,2100
19,4,gender,mlp_h64,0.001,0.0,0.69663,0.51667,2100
19,4,gender,mlp_h128,0.001,0.0,0.69815,0.49857,2100
19,4,gender,attention,0.0001,1e-05,0.68488,0.5625,2100
19,4,gender,shuffled,0.01,0.0001,0.92889,0.51095,2100
19,4,star_sign,ema_lr1e-3,0.001,0.0001,3.15732,0.10762,2100
19,4,star_sign,ema_lr5e-3,0.005,0.0001,3.01592,0.10048,2100
19,4,star_sign,ema_lr1e-2,0.01,0.0001,2.83974,0.14286,2100
19,4,star_sign,ema_lr5e-2,0.05,0.0001,2.10195,0.26905,2100
19,4,star_sign,ema_lr1e-2_wd1e-3,0.01,0.001,2.95902,0.09571,2100
19,4,star_sign,ema_d0.99,0.01,0.0001,2.84299,0.18238,2100
19,4,star_sign,ema_d0.9999,0.01,0.0001,2.86968,0.10571,2100
19,4,star_sign,mlp_h16,0.001,0.0,2.08317,0.34238,2100
19,4,star_sign,mlp_h32,0.001,0.0,1.9971,0.46429,2100
19,4,star_sign,mlp_h64,0.001,0.0,1.28101,1.0,2100
19,4,star_sign,mlp_h128,0.001,0.0,0.69784,1.0,2100
19,4,star_sign,attention,0.0001,1e-05,2.46494,0.11719,2100
19,4,star_sign,shuffled,0.01,0.0001,2.79031,0.09095,2100
19,6,age_bin,ema_lr1e-3,0.001,0.0001,1.71539,0.32524,2100
19,6,age_bin,ema_lr5e-3,0.005,0.0001,1.7497,0.30952,2100
19,6,age_bin,ema_lr1e-2,0.01,0.0001,1.60986,0.32,2100
19,6,age_bin,ema_lr5e-2,0.05,0.0001,1.28599,0.34762,2100
19,6,age_bin,ema_lr1e-2_wd1e-3,0.01,0.001,1.44328,0.3519,2100
19,6,age_bin,ema_d0.99,0.01,0.0001,1.45239,0.39429,2100
19,6,age_bin,ema_d0.9999,0.01,0.0001,1.4528,0.36429,2100
19,6,age_bin,mlp_h16,0.001,0.0,1.10737,0.3219,2100
19,6,age_bin,mlp_h32,0.001,0.0,1.06335,0.46524,2100
19,6,age_bin,mlp_h64,0.001,0.0,1.00547,0.55714,2100
19,6,age_bin,mlp_h128,0.001,0.0,0.9734,0.56048,2100
19,6,age_bin,attention,0.0001,1e-05,7.1862,0.49219,2100
19,6,age_bin,shuffled,0.01,0.0001,1.4432,0.37571,2100
19,6,gender,ema_lr1e-3,0.001,0.0001,1.16235,0.5,2100
19,6,gender,ema_lr5e-3,0.005,0.0001,1.15195,0.45619,2100
19,6,gender,ema_lr1e-2,0.01,0.0001,0.90928,0.55905,2100
19,6,gender,ema_lr5e-2,0.05,0.0001,0.85348,0.49286,2100
19,6,gender,ema_lr1e-2_wd1e-3,0.01,0.001,1.03363,0.48238,2100
19,6,gender,ema_d0.99,0.01,0.0001,0.95211,0.50619,2100
19,6,gender,ema_d0.9999,0.01,0.0001,1.0217,0.48286,2100
19,6,gender,mlp_h16,0.001,0.0,0.69,0.53905,2100
19,6,gender,mlp_h32,0.001,0.0,0.70157,0.4919,2100
19,6,gender,mlp_h64,0.001,0.0,0.69366,0.51476,2100
19,6,gender,mlp_h128,0.001,0.0,0.69455,0.53143,2100
19,6,gender,attention,0.0001,1e-05,2.08076,0.55469,2100
19,6,gender,shuffled,0.01,0.0001,0.97456,0.49095,2100
19,6,star_sign,ema_lr1e-3,0.001,0.0001,3.24745,0.09476,2100
19,6,star_sign,ema_lr5e-3,0.005,0.0001,3.13381,0.10143,2100
19,6,star_sign,ema_lr1e-2,0.01,0.0001,3.04775,0.10905,2100
19,6,star_sign,ema_lr5e-2,0.05,0.0001,2.26234,0.27238,2100
19,6,star_sign,ema_lr1e-2_wd1e-3,0.01,0.001,2.91868,0.08048,2100
19,6,star_sign,ema_d0.99,0.01,0.0001,3.16843,0.07667,2100
19,6,star_sign,ema_d0.9999,0.01,0.0001,2.97159,0.11952,2100
19,6,star_sign,mlp_h16,0.001,0.0,2.05985,0.61762,2100
19,6,star_sign,mlp_h32,0.001,0.0,1.92402,0.78048,2100
19,6,star_sign,mlp_h64,0.001,0.0,1.97129,0.81048,2100
19,6,star_sign,mlp_h128,0.001,0.0,0.82401,1.0,2100
19,6,star_sign,attention,0.0001,1e-05,7.23735,0.3125,2100
19,6,star_sign,shuffled,0.01,0.0001,2.96808,0.13524,2100
20,0,age_bin,ema_lr1e-3,0.001,0.0001,1.55812,0.3503,2161
20,0,age_bin,ema_lr5e-3,0.005,0.0001,1.49384,0.35585,2161
20,0,age_bin,ema_lr1e-2,0.01,0.0001,1.46464,0.35354,2161
20,0,age_bin,ema_lr5e-2,0.05,0.0001,1.3257,0.35909,2161
20,0,age_bin,ema_lr1e-2_wd1e-3,0.01,0.001,1.5019,0.33364,2161
20,0,age_bin,ema_d0.99,0.01,0.0001,1.61505,0.32624,2161
20,0,age_bin,ema_d0.9999,0.01,0.0001,1.48512,0.35539,2161
20,0,age_bin,mlp_h16,0.001,0.0,1.09714,0.38778,2161
20,0,age_bin,mlp_h32,0.001,0.0,1.06176,0.46923,2161
20,0,age_bin,mlp_h64,0.001,0.0,1.05007,0.47478,2161
20,0,age_bin,mlp_h128,0.001,0.0,1.05013,0.47432,2161
20,0,age_bin,attention,0.0001,1e-05,1.0931,0.44531,2161
20,0,age_bin,shuffled,0.01,0.0001,1.46113,0.33133,2161
20,0,gender,ema_lr1e-3,0.001,0.0001,1.04808,0.49236,2161
20,0,gender,ema_lr5e-3,0.005,0.0001,1.03449,0.5155,2161
20,0,gender,ema_lr1e-2,0.01,0.0001,1.04383,0.47663,2161
20,0,gender,ema_lr5e-2,0.05,0.0001,0.86502,0.49792,2161
20,0,gender,ema_lr1e-2_wd1e-3,0.01,0.001,1.10679,0.49653,2161
20,0,gender,ema_d0.99,0.01,0.0001,1.04769,0.49005,2161
20,0,gender,ema_d0.9999,0.01,0.0001,1.03317,0.5044,2161
20,0,gender,mlp_h16,0.001,0.0,0.69756,0.49607,2161
20,0,gender,mlp_h32,0.001,0.0,0.69579,0.51226,2161
20,0,gender,mlp_h64,0.001,0.0,0.69355,0.51596,2161
20,0,gender,mlp_h128,0.001,0.0,0.69313,0.51504,2161
20,0,gender,attention,0.0001,1e-05,0.6929,0.51562,2161
20,0,gender,shuffled,0.01,0.0001,1.01357,0.50255,2161
20,0,star_sign,ema_lr1e-3,0.001,0.0001,3.23592,0.12494,2161
20,0,star_sign,ema_lr5e-3,0.005,0.0001,3.13302,0.0634,2161
20,0,star_sign,ema_lr1e-2,0.01,0.0001,2.999,0.06849,2161
20,0,star_sign,ema_lr5e-2,0.05,0.0001,2.27955,0.34706,2161
20,0,star_sign,ema_lr1e-2_wd1e-3,0.01,0.001,2.98337,0.12911,2161
20,0,star_sign,ema_d0.99,0.01,0.0001,2.99395,0.07774,2161
20,0,star_sign,ema_d0.9999,0.01,0.0001,3.0217,0.10366,2161
20,0,star_sign,mlp_h16,0.001,0.0,2.1624,0.50255,2161
20,0,star_sign,mlp_h32,0.001,0.0,2.0983,0.68487,2161
20,0,star_sign,mlp_h64,0.001,0.0,1.4424,0.99213,2161
20,0,star_sign,mlp_h128,0.001,0.0,1.18999,1.0,2161
20,0,star_sign,attention,0.0001,1e-05,2.44544,0.98438,2161
20,0,star_sign,shuffled,0.01,0.0001,2.98221,0.1143,2161
20,4,age_bin,ema_lr1e-3,0.001,0.0001,1.53302,0.34567,2161
20,4,age_bin,ema_lr5e-3,0.005,0.0001,1.37574,0.35585,2161
20,4,age_bin,ema_lr1e-2,0.01,0.0001,1.29055,0.33919,2161
20,4,age_bin,ema_lr5e-2,0.05,0.0001,1.25796,0.35585,2161
20,4,age_bin,ema_lr1e-2_wd1e-3,0.01,0.001,1.31851,0.36557,2161
20,4,age_bin,ema_d0.99,0.01,0.0001,1.30333,0.35539,2161
20,4,age_bin,ema_d0.9999,0.01,0.0001,1.34364,0.34382,2161
20,4,age_bin,mlp_h16,0.001,0.0,1.06215,0.47385,2161
20,4,age_bin,mlp_h32,0.001,0.0,1.05926,0.4683,2161
20,4,age_bin,mlp_h64,0.001,0.0,1.05553,0.472,2161
20,4,age_bin,mlp_h128,0.001,0.0,1.04872,0.47247,2161
20,4,age_bin,attention,0.0001,1e-05,1.05351,0.46875,2161
20,4,age_bin,shuffled,0.01,0.0001,1.3838,0.35447,2161
20,4,gender,ema_lr1e-3,0.001,0.0001,0.95334,0.51458,2161
20,4,gender,ema_lr5e-3,0.005,0.0001,0.93406,0.51041,2161
20,4,gender,ema_lr1e-2,0.01,0.0001,0.90248,0.50116,2161
20,4,gender,ema_lr5e-2,0.05,0.0001,0.76236,0.52615,2161
20,4,gender,ema_lr1e-2_wd1e-3,0.01,0.001,0.98377,0.46506,2161
20,4,gender,ema_d0.99,0.01,0.0001,0.88199,0.49375,2161
20,4,gender,ema_d0.9999,0.01,0.0001,0.92516,0.48311,2161
20,4,gender,mlp_h16,0.001,0.0,0.69918,0.49329,2161
20,4,gender,mlp_h32,0.001,0.0,0.69413,0.51782,2161
20,4,gender,mlp_h64,0.001,0.0,0.6909,0.51134,2161
20,4,gender,mlp_h128,0.001,0.0,0.68586,0.55345,2161
20,4,gender,attention,0.0001,1e-05,0.69244,0.50781,2161
20,4,gender,shuffled,0.01,0.0001,0.91374,0.51226,2161
20,4,star_sign,ema_lr1e-3,0.001,0.0001,3.17202,0.10597,2161
20,4,star_sign,ema_lr5e-3,0.005,0.0001,3.04929,0.09625,2161
20,4,star_sign,ema_lr1e-2,0.01,0.0001,2.84996,0.13651,2161
20,4,star_sign,ema_lr5e-2,0.05,0.0001,2.00367,0.3105,2161
20,4,star_sign,ema_lr1e-2_wd1e-3,0.01,0.001,2.93088,0.10134,2161
20,4,star_sign,ema_d0.99,0.01,0.0001,2.87164,0.18371,2161
20,4,star_sign,ema_d0.9999,0.01,0.0001,2.82969,0.10134,2161
20,4,star_sign,mlp_h16,0.001,0.0,2.065,0.39843,2161
20,4,star_sign,mlp_h32,0.001,0.0,1.95369,0.53401,2161
20,4,star_sign,mlp_h64,0.001,0.0,1.23094,1.0,2161
20,4,star_sign,mlp_h128,0.001,0.0,0.65745,1.0,2161
20,4,star_sign,attention,0.0001,1e-05,2.457,0.13281,2161
20,4,star_sign,shuffled,0.01,0.0001,2.80538,0.09255,2161
20,6,age_bin,ema_lr1e-3,0.001,0.0001,1.77238,0.33457,2161
20,6,age_bin,ema_lr5e-3,0.005,0.0001,1.76641,0.30171,2161
20,6,age_bin,ema_lr1e-2,0.01,0.0001,1.53158,0.35678,2161
20,6,age_bin,ema_lr5e-2,0.05,0.0001,1.24304,0.39056,2161
20,6,age_bin,ema_lr1e-2_wd1e-3,0.01,0.001,1.48415,0.33873,2161
20,6,age_bin,ema_d0.99,0.01,0.0001,1.59684,0.32022,2161
20,6,age_bin,ema_d0.9999,0.01,0.0001,1.49019,0.31559,2161
20,6,age_bin,mlp_h16,0.001,0.0,1.10803,0.32439,2161
20,6,age_bin,mlp_h32,0.001,0.0,1.09185,0.42388,2161
20,6,age_bin,mlp_h64,0.001,0.0,1.05758,0.46645,2161
20,6,age_bin,mlp_h128,0.001,0.0,1.05762,0.46506,2161
20,6,age_bin,attention,0.0001,1e-05,6.91625,0.39844,2161
20,6,age_bin,shuffled,0.01,0.0001,1.47719,0.3267,2161
20,6,gender,ema_lr1e-3,0.001,0.0001,1.16919,0.47941,2161
20,6,gender,ema_lr5e-3,0.005,0.0001,0.95132,0.52198,2161
20,6,gender,ema_lr1e-2,0.01,0.0001,0.96651,0.52383,2161
20,6,gender,ema_lr5e-2,0.05,0.0001,0.76867,0.53818,2161
20,6,gender,ema_lr1e-2_wd1e-3,0.01,0.001,1.0119,0.50162,2161
20,6,gender,ema_d0.99,0.01,0.0001,1.00809,0.45118,2161
20,6,gender,ema_d0.9999,0.01,0.0001,0.98025,0.52383,2161
20,6,gender,mlp_h16,0.001,0.0,0.6971,0.51689,2161
20,6,gender,mlp_h32,0.001,0.0,0.68142,0.5826,2161
20,6,gender,mlp_h64,0.001,0.0,0.68335,0.56131,2161
20,6,gender,mlp_h128,0.001,0.0,0.68275,0.55993,2161
20,6,gender,attention,0.0001,1e-05,2.7599,0.45312,2161
20,6,gender,shuffled,0.01,0.0001,0.95321,0.50902,2161
20,6,star_sign,ema_lr1e-3,0.001,0.0001,3.15879,0.09579,2161
20,6,star_sign,ema_lr5e-3,0.005,0.0001,3.05369,0.11522,2161
20,6,star_sign,ema_lr1e-2,0.01,0.0001,3.02169,0.09116,2161
20,6,star_sign,ema_lr5e-2,0.05,0.0001,2.21439,0.27626,2161
20,6,star_sign,ema_lr1e-2_wd1e-3,0.01,0.001,2.99259,0.06016,2161
20,6,star_sign,ema_d0.99,0.01,0.0001,3.12446,0.07311,2161
20,6,star_sign,ema_d0.9999,0.01,0.0001,2.91613,0.10875,2161
20,6,star_sign,mlp_h16,0.001,0.0,2.05135,0.63073,2161
20,6,star_sign,mlp_h32,0.001,0.0,1.93004,0.76585,2161
20,6,star_sign,mlp_h64,0.001,0.0,1.97707,0.81351,2161
20,6,star_sign,mlp_h128,0.001,0.0,0.77959,1.0,2161
20,6,star_sign,attention,0.0001,1e-05,5.46331,0.35156,2161
20,6,star_sign,shuffled,0.01,0.0001,2.79069,0.13559,2161
21,0,age_bin,ema_lr1e-3,0.001,0.0001,1.57931,0.3346,2107
21,0,age_bin,ema_lr5e-3,0.005,0.0001,1.56573,0.32748,2107
21,0,age_bin,ema_lr1e-2,0.01,0.0001,1.46019,0.34314,2107
21,0,age_bin,ema_lr5e-2,0.05,0.0001,1.29781,0.35691,2107
21,0,age_bin,ema_lr1e-2_wd1e-3,0.01,0.001,1.47107,0.3588,2107
21,0,age_bin,ema_d0.99,0.01,0.0001,1.60755,0.33412,2107
21,0,age_bin,ema_d0.9999,0.01,0.0001,1.45162,0.35453,2107
21,0,age_bin,mlp_h16,0.001,0.0,1.08168,0.40959,2107
21,0,age_bin,mlp_h32,0.001,0.0,1.06157,0.47983,2107
21,0,age_bin,mlp_h64,0.001,0.0,1.04959,0.47698,2107
21,0,age_bin,mlp_h128,0.001,0.0,1.05585,0.48125,2107
21,0,age_bin,attention,0.0001,1e-05,1.09164,0.46875,2107
21,0,age_bin,shuffled,0.01,0.0001,1.48146,0.3289,2107
21,0,gender,ema_lr1e-3,0.001,0.0001,1.0373,0.51495,2107
21,0,gender,ema_lr5e-3,0.005,0.0001,1.03039,0.50024,2107
21,0,gender,ema_lr1e-2,0.01,0.0001,1.02364,0.47318,2107
21,0,gender,ema_lr5e-2,0.05,0.0001,0.89827,0.46939,2107
21,0,gender,ema_lr1e-2_wd1e-3,0.01,0.001,1.06689,0.50024,2107
21,0,gender,ema_d0.99,0.01,0.0001,0.97036,0.54485,2107
21,0,gender,ema_d0.9999,0.01,0.0001,1.0508,0.47746,2107
21,0,gender,mlp_h16,0.001,0.0,0.68919,0.54343,2107
21,0,gender,mlp_h32,0.001,0.0,0.68886,0.54438,2107
21,0,gender,mlp_h64,0.001,0.0,0.69018,0.52159,2107
21,0,gender,mlp_h128,0.001,0.0,0.69582,0.53014,2107
21,0,gender,attention,0.0001,1e-05,0.69428,0.4375,2107
21,0,gender,shuffled,0.01,0.0001,1.03856,0.49644,2107
21,0,star_sign,ema_lr1e-3,0.001,0.0001,3.17431,0.13764,2107
21,0,star_sign,ema_lr5e-3,0.005,0.0001,3.10228,0.06929,2107
21,0,star_sign,ema_lr1e-2,0.01,0.0001,2.96661,0.07451,2107
21,0,star_sign,ema_lr5e-2,0.05,0.0001,2.22138,0.36497,2107
21,0,star_sign,ema_lr1e-2_wd1e-3,0.01,0.001,3.05923,0.11391,2107
21,0,star_sign,ema_d0.99,0.01,0.0001,3.01303,0.07499,2107
21,0,star_sign,ema_d0.9999,0.01,0.0001,2.99021,0.09919,2107
21,0,star_sign,mlp_h16,0.001,0.0,2.15154,0.5102,2107
21,0,star_sign,mlp_h32,0.001,0.0,2.05917,0.73659,2107
21,0,star_sign,mlp_h64,0.001,0.0,1.38584,0.99525,2107
21,0,star_sign,mlp_h128,0.001,0.0,1.11666,1.0,2107
21,0,star_sign,attention,0.0001,1e-05,2.44444,1.0,2107
21,0,star_sign,shuffled,0.01,0.0001,2.97053,0.11533,2107
21,4,age_bin,ema_lr1e-3,0.001,0.0001,1.4952,0.38396,2107
21,4,age_bin,ema_lr5e-3,0.005,0.0001,1.50082,0.31277,2107
21,4,age_bin,ema_lr1e-2,0.01,0.0001,1.25185,0.35738,2107
21,4,age_bin,ema_lr5e-2,0.05,0.0001,1.19328,0.40247,2107
21,4,age_bin,ema_lr1e-2_wd1e-3,0.01,0.001,1.33363,0.34457,2107
21,4,age_bin,ema_d0.99,0.01,0.0001,1.29994,0.36545,2107
21,4,age_bin,ema_d0.9999,0.01,0.0001,1.44334,0.31134,2107
21,4,age_bin,mlp_h16,0.001,0.0,1.05934,0.48268,2107
21,4,age_bin,mlp_h32,0.001,0.0,1.05445,0.47603,2107
21,4,age_bin,mlp_h64,0.001,0.0,1.04199,0.4822,2107
21,4,age_bin,mlp_h128,0.001,0.0,1.03998,0.48125,2107
21,4,age_bin,attention,0.0001,1e-05,1.02168,0.50781,2107
21,4,age_bin,shuffled,0.01,0.0001,1.42156,0.31419,2107
21,4,gender,ema_lr1e-3,0.001,0.0001,1.00635,0.4898,2107
21,4,gender,ema_lr5e-3,0.005,0.0001,0.98722,0.47746,2107
21,4,gender,ema_lr1e-2,0.01,0.0001,0.94204,0.47129,2107
21,4,gender,ema_lr5e-2,0.05,0.0001,0.7536,0.52492,2107
21,4,gender,ema_lr1e-2_wd1e-3,0.01,0.001,0.92418,0.50688,2107
21,4,gender,ema_d0.99,0.01,0.0001,0.87535,0.48173,2107
21,4,gender,ema_d0.9999,0.01,0.0001,0.86846,0.51448,2107
21,4,gender,mlp_h16,0.001,0.0,0.69535,0.51685,2107
21,4,gender,mlp_h32,0.001,0.0,0.69802,0.49834,2107
21,4,gender,mlp_h64,0.001,0.0,0.68712,0.54153,2107
21,4,gender,mlp_h128,0.001,0.0,0.69445,0.50831,2107
21,4,gender,attention,0.0001,1e-05,0.68888,0.54688,2107
21,4,gender,shuffled,0.01,0.0001,0.89522,0.51305,2107
21,4,star_sign,ema_lr1e-3,0.001,0.0001,3.1135,0.10726,2107
21,4,star_sign,ema_lr5e-3,0.005,0.0001,3.00573,0.10346,2107
21,4,star_sign,ema_lr1e-2,0.01,0.0001,2.80447,0.15804,2107
21,4,star_sign,ema_lr5e-2,0.05,0.0001,2.01604,0.31419,2107
21,4,star_sign,ema_lr1e-2_wd1e-3,0.01,0.001,2.91528,0.10821,2107
21,4,star_sign,ema_d0.99,0.01,0.0001,2.78662,0.18889,2107
21,4,star_sign,ema_d0.9999,0.01,0.0001,2.83803,0.10821,2107
21,4,star_sign,mlp_h16,0.001,0.0,2.03787,0.44376,2107
21,4,star_sign,mlp_h32,0.001,0.0,1.9343,0.55434,2107
21,4,star_sign,mlp_h64,0.001,0.0,1.16797,1.0,2107
21,4,star_sign,mlp_h128,0.001,0.0,0.57138,1.0,2107
21,4,star_sign,attention,0.0001,1e-05,2.43337,0.11719,2107
21,4,star_sign,shuffled,0.01,0.0001,2.78865,0.10299,2107
21,6,age_bin,ema_lr1e-3,0.001,0.0001,1.79979,0.30138,2107
21,6,age_bin,ema_lr5e-3,0.005,0.0001,1.62407,0.34599,2107
21,6,age_bin,ema_lr1e-2,0.01,0.0001,1.48791,0.36592,2107
21,6,age_bin,ema_lr5e-2,0.05,0.0001,1.25209,0.37542,2107
21,6,age_bin,ema_lr1e-2_wd1e-3,0.01,0.001,1.51644,0.32273,2107
21,6,age_bin,ema_d0.99,0.01,0.0001,1.58026,0.34077,2107
21,6,age_bin,ema_d0.9999,0.01,0.0001,1.47399,0.33128,2107
21,6,age_bin,mlp_h16,0.001,0.0,1.0891,0.37209,2107
21,6,age_bin,mlp_h32,0.001,0.0,1.0703,0.42525,2107
21,6,age_bin,mlp_h64,0.001,0.0,1.04435,0.48315,2107
21,6,age_bin,mlp_h128,0.001,0.0,1.01901,0.486,2107
21,6,age_bin,attention,0.0001,1e-05,6.26006,0.4375,2107
21,6,age_bin,shuffled,0.01,0.0001,1.48025,0.35121,2107
21,6,gender,ema_lr1e-3,0.001,0.0001,1.06656,0.53299,2107
21,6,gender,ema_lr5e-3,0.005,0.0001,0.93478,0.53583,2107
21,6,gender,ema_lr1e-2,0.01,0.0001,0.98474,0.51305,2107
21,6,gender,ema_lr5e-2,0.05,0.0001,0.7833,0.51258,2107
21,6,gender,ema_lr1e-2_wd1e-3,0.01,0.001,1.02001,0.49786,2107
21,6,gender,ema_d0.99,0.01,0.0001,0.85154,0.53156,2107
21,6,gender,ema_d0.9999,0.01,0.0001,1.0053,0.486,2107
21,6,gender,mlp_h16,0.001,0.0,0.71153,0.46179,2107
21,6,gender,mlp_h32,0.001,0.0,0.67807,0.57143,2107
21,6,gender,mlp_h64,0.001,0.0,0.68374,0.5515,2107
21,6,gender,mlp_h128,0.001,0.0,0.69103,0.53821,2107
21,6,gender,attention,0.0001,1e-05,2.63891,0.51562,2107
21,6,gender,shuffled,0.01,0.0001,1.00713,0.51353,2107
21,6,star_sign,ema_lr1e-3,0.001,0.0001,3.12522,0.09635,2107
21,6,star_sign,ema_lr5e-3,0.005,0.0001,3.22923,0.10726,2107
21,6,star_sign,ema_lr1e-2,0.01,0.0001,3.04989,0.09018,2107
21,6,star_sign,ema_lr5e-2,0.05,0.0001,2.19525,0.28049,2107
21,6,star_sign,ema_lr1e-2_wd1e-3,0.01,0.001,2.95653,0.06977,2107
21,6,star_sign,ema_d0.99,0.01,0.0001,3.09039,0.08685,2107
21,6,star_sign,ema_d0.9999,0.01,0.0001,3.06836,0.09397,2107
21,6,star_sign,mlp_h16,0.001,0.0,2.02265,0.66208,2107
21,6,star_sign,mlp_h32,0.001,0.0,1.86336,0.82629,2107
21,6,star_sign,mlp_h64,0.001,0.0,1.9125,0.88657,2107
21,6,star_sign,mlp_h128,0.001,0.0,0.7216,1.0,2107
21,6,star_sign,attention,0.0001,1e-05,4.74226,0.42188,2107
21,6,star_sign,shuffled,0.01,0.0001,2.84899,0.14808,2107
22,0,age_bin,ema_lr1e-3,0.001,0.0001,1.5381,0.35225,1885
22,0,age_bin,ema_lr5e-3,0.005,0.0001,1.52533,0.33422,1885
22,0,age_bin,ema_lr1e-2,0.01,0.0001,1.44304,0.37931,1885
22,0,age_bin,ema_lr5e-2,0.05,0.0001,1.31911,0.34058,1885
22,0,age_bin,ema_lr1e-2_wd1e-3,0.01,0.001,1.4978,0.33952,1885
22,0,age_bin,ema_d0.99,0.01,0.0001,1.5013,0.36286,1885
22,0,age_bin,ema_d0.9999,0.01,0.0001,1.43771,0.35279,1885
22,0,age_bin,mlp_h16,0.001,0.0,1.08641,0.41857,1885
22,0,age_bin,mlp_h32,0.001,0.0,1.04437,0.5008,1885
22,0,age_bin,mlp_h64,0.001,0.0,1.01842,0.51512,1885
22,0,age_bin,mlp_h128,0.001,0.0,1.01136,0.51353,1885
22,0,age_bin,attention,0.0001,1e-05,1.08971,0.53906,1885
22,0,age_bin,shuffled,0.01,0.0001,1.54639,0.32785,1885
22,0,gender,ema_lr1e-3,0.001,0.0001,1.06753,0.47958,1885
22,0,gender,ema_lr5e-3,0.005,0.0001,1.02417,0.51565,1885
22,0,gender,ema_lr1e-2,0.01,0.0001,1.03445,0.487,1885
22,0,gender,ema_lr5e-2,0.05,0.0001,0.85625,0.48011,1885
22,0,gender,ema_lr1e-2_wd1e-3,0.01,0.001,1.05055,0.49655,1885
22,0,gender,ema_d0.99,0.01,0.0001,0.99899,0.50557,1885
22,0,gender,ema_d0.9999,0.01,0.0001,1.02653,0.50875,1885
22,0,gender,mlp_h16,0.001,0.0,0.69994,0.49337,1885
22,0,gender,mlp_h32,0.001,0.0,0.69625,0.48859,1885
22,0,gender,mlp_h64,0.001,0.0,0.69115,0.51618,1885
22,0,gender,mlp_h128,0.001,0.0,0.69404,0.52308,1885
22,0,gender,attention,0.0001,1e-05,0.69353,0.45312,1885
22,0,gender,shuffled,0.01,0.0001,1.08569,0.49231,1885
22,0,star_sign,ema_lr1e-3,0.001,0.0001,3.23559,0.12944,1885
22,0,star_sign,ema_lr5e-3,0.005,0.0001,3.02275,0.07109,1885
22,0,star_sign,ema_lr1e-2,0.01,0.0001,2.97853,0.05889,1885
22,0,star_sign,ema_lr5e-2,0.05,0.0001,2.10878,0.42281,1885
22,0,star_sign,ema_lr1e-2_wd1e-3,0.01,0.001,3.02012,0.10398,1885
22,0,star_sign,ema_d0.99,0.01,0.0001,2.97576,0.06207,1885
22,0,star_sign,ema_d0.9999,0.01,0.0001,3.0402,0.10716,1885
22,0,star_sign,mlp_h16,0.001,0.0,2.11534,0.55225,1885
22,0,star_sign,mlp_h32,0.001,0.0,2.02973,0.77507,1885
22,0,star_sign,mlp_h64,0.001,0.0,1.33453,0.99788,1885
22,0,star_sign,mlp_h128,0.001,0.0,1.03589,1.0,1885
22,0,star_sign,attention,0.0001,1e-05,2.44315,0.98438,1885
22,0,star_sign,shuffled,0.01,0.0001,3.00407,0.1183,1885
22,4,age_bin,ema_lr1e-3,0.001,0.0001,1.57269,0.35066,1885
22,4,age_bin,ema_lr5e-3,0.005,0.0001,1.46057,0.32149,1885
22,4,age_bin,ema_lr1e-2,0.01,0.0001,1.21488,0.3931,1885
22,4,age_bin,ema_lr5e-2,0.05,0.0001,1.25338,0.36127,1885
22,4,age_bin,ema_lr1e-2_wd1e-3,0.01,0.001,1.40359,0.3252,1885
22,4,age_bin,ema_d0.99,0.01,0.0001,1.35239,0.34377,1885
22,4,age_bin,ema_d0.9999,0.01,0.0001,1.38268,0.33263,1885
22,4,age_bin,mlp_h16,0.001,0.0,1.04313,0.513,1885
22,4,age_bin,mlp_h32,0.001,0.0,1.03323,0.50716,1885
22,4,age_bin,mlp_h64,0.001,0.0,1.01313,0.51777,1885
22,4,age_bin,mlp_h128,0.001,0.0,0.99989,0.51406,1885
22,4,age_bin,attention,0.0001,1e-05,1.00897,0.57031,1885
22,4,age_bin,shuffled,0.01,0.0001,1.34734,0.35279,1885
22,4,gender,ema_lr1e-3,0.001,0.0001,0.97759,0.51671,1885
22,4,gender,ema_lr5e-3,0.005,0.0001,0.92569,0.50504,1885
22,4,gender,ema_lr1e-2,0.01,0.0001,0.918,0.48966,1885
22,4,gender,ema_lr5e-2,0.05,0.0001,0.80144,0.4817,1885
22,4,gender,ema_lr1e-2_wd1e-3,0.01,0.001,0.97276,0.47905,1885
22,4,gender,ema_d0.99,0.01,0.0001,0.86112,0.50133,1885
22,4,gender,ema_d0.9999,0.01,0.0001,0.89862,0.49231,1885
22,4,gender,mlp_h16,0.001,0.0,0.69236,0.51777,1885
22,4,gender,mlp_h32,0.001,0.0,0.69436,0.52308,1885
22,4,gender,mlp_h64,0.001,0.0,0.68808,0.52891,1885
22,4,gender,mlp_h128,0.001,0.0,0.68798,0.53263,1885
22,4,gender,attention,0.0001,1e-05,0.68687,0.53906,1885
22,4,gender,shuffled,0.01,0.0001,0.88613,0.51883,1885
22,4,star_sign,ema_lr1e-3,0.001,0.0001,3.14889,0.11247,1885
22,4,star_sign,ema_lr5e-3,0.005,0.0001,3.04424,0.09602,1885
22,4,star_sign,ema_lr1e-2,0.01,0.0001,2.88658,0.12997,1885
22,4,star_sign,ema_lr5e-2,0.05,0.0001,1.99308,0.31194,1885
22,4,star_sign,ema_lr1e-2_wd1e-3,0.01,0.001,2.97804,0.09337,1885
22,4,star_sign,ema_d0.99,0.01,0.0001,2.898,0.16021,1885
22,4,star_sign,ema_d0.9999,0.01,0.0001,2.89593,0.1008,1885
22,4,star_sign,mlp_h16,0.001,0.0,2.00812,0.49973,1885
22,4,star_sign,mlp_h32,0.001,0.0,1.86053,0.66631,1885
22,4,star_sign,mlp_h64,0.001,0.0,1.08231,1.0,1885
22,4,star_sign,mlp_h128,0.001,0.0,0.51105,1.0,1885
22,4,star_sign,attention,0.0001,1e-05,2.44559,0.16406,1885
22,4,star_sign,shuffled,0.01,0.0001,2.86317,0.08966,1885
22,6,age_bin,ema_lr1e-3,0.001,0.0001,1.5964,0.34164,1885
22,6,age_bin,ema_lr5e-3,0.005,0.0001,1.75552,0.31034,1885
22,6,age_bin,ema_lr1e-2,0.01,0.0001,1.55705,0.35119,1885
22,6,age_bin,ema_lr5e-2,0.05,0.0001,1.30562,0.33528,1885
22,6,age_bin,ema_lr1e-2_wd1e-3,0.01,0.001,1.59844,0.31034,1885
22,6,age_bin,ema_d0.99,0.01,0.0001,1.49033,0.35968,1885
22,6,age_bin,ema_d0.9999,0.01,0.0001,1.54646,0.34907,1885
22,6,age_bin,mlp_h16,0.001,0.0,1.09477,0.35809,1885
22,6,age_bin,mlp_h32,0.001,0.0,1.08175,0.44403,1885
22,6,age_bin,mlp_h64,0.001,0.0,1.02079,0.51141,1885
22,6,age_bin,mlp_h128,0.001,0.0,1.01152,0.51512,1885
22,6,age_bin,attention,0.0001,1e-05,5.84775,0.46875,1885
22,6,age_bin,shuffled,0.01,0.0001,1.50377,0.34218,1885
22,6,gender,ema_lr1e-3,0.001,0.0001,1.14338,0.49708,1885
22,6,gender,ema_lr5e-3,0.005,0.0001,0.9864,0.50504,1885
22,6,gender,ema_lr1e-2,0.01,0.0001,1.02165,0.4939,1885
22,6,gender,ema_lr5e-2,0.05,0.0001,0.74899,0.56499,1885
22,6,gender,ema_lr1e-2_wd1e-3,0.01,0.001,1.05464,0.4504,1885
22,6,gender,ema_d0.99,0.01,0.0001,1.01492,0.48064,1885
22,6,gender,ema_d0.9999,0.01,0.0001,1.0236,0.48806,1885
22,6,gender,mlp_h16,0.001,0.0,0.69802,0.52997,1885
22,6,gender,mlp_h32,0.001,0.0,0.6856,0.53263,1885
22,6,gender,mlp_h64,0.001,0.0,0.68442,0.54271,1885
22,6,gender,mlp_h128,0.001,0.0,0.68592,0.55119,1885
22,6,gender,attention,0.0001,1e-05,2.68804,0.49219,1885
22,6,gender,shuffled,0.01,0.0001,0.94592,0.5183,1885
22,6,star_sign,ema_lr1e-3,0.001,0.0001,3.30282,0.08806,1885
22,6,star_sign,ema_lr5e-3,0.005,0.0001,3.00699,0.12308,1885
22,6,star_sign,ema_lr1e-2,0.01,0.0001,2.99472,0.09761,1885
22,6,star_sign,ema_lr5e-2,0.05,0.0001,2.08639,0.33103,1885
22,6,star_sign,ema_lr1e-2_wd1e-3,0.01,0.001,2.84247,0.08435,1885
22,6,star_sign,ema_d0.99,0.01,0.0001,3.05404,0.09284,1885
22,6,star_sign,ema_d0.9999,0.01,0.0001,3.06526,0.08966,1885
22,6,star_sign,mlp_h16,0.001,0.0,1.97984,0.74218,1885
22,6,star_sign,mlp_h32,0.001,0.0,1.82006,0.87056,1885
22,6,star_sign,mlp_h64,0.001,0.0,1.86251,0.90875,1885
22,6,star_sign,mlp_h128,0.001,0.0,0.64085,1.0,1885
22,6,star_sign,attention,0.0001,1e-05,5.24004,0.375,1885
22,6,star_sign,shuffled,0.01,0.0001,2.99302,0.11724,1885
23,0,age_bin,ema_lr1e-3,0.001,0.0001,1.60761,0.33067,1878
23,0,age_bin,ema_lr5e-3,0.005,0.0001,1.58807,0.32109,1878
23,0,age_bin,ema_lr1e-2,0.01,0.0001,1.49739,0.36049,1878
23,0,age_bin,ema_lr5e-2,0.05,0.0001,1.31419,0.36155,1878
23,0,age_bin,ema_lr1e-2_wd1e-3,0.01,0.001,1.4613,0.33759,1878
23,0,age_bin,ema_d0.99,0.01,0.0001,1.59398,0.34771,1878
23,0,age_bin,ema_d0.9999,0.01,0.0001,1.51544,0.34185,1878
23,0,age_bin,mlp_h16,0.001,0.0,1.06501,0.44941,1878
23,0,age_bin,mlp_h32,0.001,0.0,1.03289,0.55165,1878
23,0,age_bin,mlp_h64,0.001,0.0,1.0039,0.55698,1878
23,0,age_bin,mlp_h128,0.001,0.0,0.99965,0.55964,1878
23,0,age_bin,attention,0.0001,1e-05,1.09053,0.54688,1878
23,0,age_bin,shuffled,0.01,0.0001,1.49627,0.3328,1878
23,0,gender,ema_lr1e-3,0.001,0.0001,1.08182,0.50745,1878
23,0,gender,ema_lr5e-3,0.005,0.0001,1.07018,0.48722,1878
23,0,gender,ema_lr1e-2,0.01,0.0001,1.00375,0.48456,1878
23,0,gender,ema_lr5e-2,0.05,0.0001,0.85361,0.51118,1878
23,0,gender,ema_lr1e-2_wd1e-3,0.01,0.001,1.02809,0.52183,1878
23,0,gender,ema_d0.99,0.01,0.0001,1.01733,0.52023,1878
23,0,gender,ema_d0.9999,0.01,0.0001,1.02681,0.50373,1878
23,0,gender,mlp_h16,0.001,0.0,0.68894,0.55059,1878
23,0,gender,mlp_h32,0.001,0.0,0.68956,0.53621,1878
23,0,gender,mlp_h64,0.001,0.0,0.69424,0.51864,1878
23,0,gender,mlp_h128,0.001,0.0,0.70301,0.49574,1878
23,0,gender,attention,0.0001,1e-05,0.69409,0.45312,1878
23,0,gender,shuffled,0.01,0.0001,1.00945,0.49787,1878
23,0,star_sign,ema_lr1e-3,0.001,0.0001,3.27627,0.1246,1878
23,0,star_sign,ema_lr5e-3,0.005,0.0001,3.09052,0.06763,1878
23,0,star_sign,ema_lr1e-2,0.01,0.0001,2.93626,0.07881,1878
23,0,star_sign,ema_lr5e-2,0.05,0.0001,2.07044,0.41108,1878
23,0,star_sign,ema_lr1e-2_wd1e-3,0.01,0.001,3.04186,0.11874,1878
23,0,star_sign,ema_d0.99,0.01,0.0001,2.96338,0.07774,1878
23,0,star_sign,ema_d0.9999,0.01,0.0001,2.98098,0.123,1878
23,0,star_sign,mlp_h16,0.001,0.0,2.11559,0.58307,1878
23,0,star_sign,mlp_h32,0.001,0.0,1.99356,0.79286,1878
23,0,star_sign,mlp_h64,0.001,0.0,1.28265,0.99947,1878
23,0,star_sign,mlp_h128,0.001,0.0,0.97207,1.0,1878
23,0,star_sign,attention,0.0001,1e-05,2.44293,0.97656,1878
23,0,star_sign,shuffled,0.01,0.0001,3.00916,0.11608,1878
23,4,age_bin,ema_lr1e-3,0.001,0.0001,1.4737,0.38605,1878
23,4,age_bin,ema_lr5e-3,0.005,0.0001,1.50934,0.30138,1878
23,4,age_bin,ema_lr1e-2,0.01,0.0001,1.28906,0.34878,1878
23,4,age_bin,ema_lr5e-2,0.05,0.0001,1.215,0.37433,1878
23,4,age_bin,ema_lr1e-2_wd1e-3,0.01,0.001,1.38488,0.34079,1878
23,4,age_bin,ema_d0.99,0.01,0.0001,1.39753,0.3147,1878
23,4,age_bin,ema_d0.9999,0.01,0.0001,1.39991,0.31842,1878
23,4,age_bin,mlp_h16,0.001,0.0,1.02347,0.55591,1878
23,4,age_bin,mlp_h32,0.001,0.0,1.02125,0.54899,1878
23,4,age_bin,mlp_h64,0.001,0.0,1.00481,0.55857,1878
23,4,age_bin,mlp_h128,0.001,0.0,1.00014,0.55911,1878
23,4,age_bin,attention,0.0001,1e-05,1.03323,0.54688,1878
23,4,age_bin,shuffled,0.01,0.0001,1.33541,0.36102,1878
23,4,gender,ema_lr1e-3,0.001,0.0001,0.95751,0.52396,1878
23,4,gender,ema_lr5e-3,0.005,0.0001,0.95754,0.50426,1878
23,4,gender,ema_lr1e-2,0.01,0.0001,0.90049,0.50745,1878
23,4,gender,ema_lr5e-2,0.05,0.0001,0.77911,0.51065,1878
23,4,gender,ema_lr1e-2_wd1e-3,0.01,0.001,0.93894,0.49095,1878
23,4,gender,ema_d0.99,0.01,0.0001,0.86785,0.48616,1878
23,4,gender,ema_d0.9999,0.01,0.0001,0.88226,0.50905,1878
23,4,gender,mlp_h16,0.001,0.0,0.69586,0.50639,1878
23,4,gender,mlp_h32,0.001,0.0,0.69295,0.51651,1878
23,4,gender,mlp_h64,0.001,0.0,0.69323,0.52023,1878
23,4,gender,mlp_h128,0.001,0.0,0.70227,0.47391,1878
23,4,gender,attention,0.0001,1e-05,0.69181,0.57031,1878
23,4,gender,shuffled,0.01,0.0001,0.96356,0.4819,1878
23,4,star_sign,ema_lr1e-3,0.001,0.0001,3.02034,0.11981,1878
23,4,star_sign,ema_lr5e-3,0.005,0.0001,2.98278,0.1278,1878
23,4,star_sign,ema_lr1e-2,0.01,0.0001,2.85006,0.13365,1878
23,4,star_sign,ema_lr5e-2,0.05,0.0001,1.97112,0.34558,1878
23,4,star_sign,ema_lr1e-2_wd1e-3,0.01,0.001,2.82847,0.10969,1878
23,4,star_sign,ema_d0.99,0.01,0.0001,2.8566,0.17359,1878
23,4,star_sign,ema_d0.9999,0.01,0.0001,2.76673,0.11981,1878
23,4,star_sign,mlp_h16,0.001,0.0,1.97261,0.53301,1878
23,4,star_sign,mlp_h32,0.001,0.0,1.84941,0.67838,1878
23,4,star_sign,mlp_h64,0.001,0.0,1.04371,1.0,1878
23,4,star_sign,mlp_h128,0.001,0.0,0.45216,1.0,1878
23,4,star_sign,attention,0.0001,1e-05,2.43579,0.14844,1878
23,4,star_sign,shuffled,0.01,0.0001,2.82575,0.09638,1878
23,6,age_bin,ema_lr1e-3,0.001,0.0001,1.74867,0.30564,1878
23,6,age_bin,ema_lr5e-3,0.005,0.0001,1.6357,0.34185,1878
23,6,age_bin,ema_lr1e-2,0.01,0.0001,1.63267,0.32215,1878
23,6,age_bin,ema_lr5e-2,0.05,0.0001,1.25394,0.35783,1878
23,6,age_bin,ema_lr1e-2_wd1e-3,0.01,0.001,1.5936,0.28541,1878
23,6,age_bin,ema_d0.99,0.01,0.0001,1.5936,0.32481,1878
23,6,age_bin,ema_d0.9999,0.01,0.0001,1.46616,0.35144,1878
23,6,age_bin,mlp_h16,0.001,0.0,1.10285,0.34185,1878
23,6,age_bin,mlp_h32,0.001,0.0,1.04577,0.52236,1878
23,6,age_bin,mlp_h64,0.001,0.0,1.0128,0.55272,1878
23,6,age_bin,mlp_h128,0.001,0.0,1.0017,0.55804,1878
23,6,age_bin,attention,0.0001,1e-05,5.80025,0.48438,1878
23,6,age_bin,shuffled,0.01,0.0001,1.56558,0.33546,1878
23,6,gender,ema_lr1e-3,0.001,0.0001,1.12578,0.48083,1878
23,6,gender,ema_lr5e-3,0.005,0.0001,1.05242,0.4771,1878
23,6,gender,ema_lr1e-2,0.01,0.0001,0.97266,0.51065,1878
23,6,gender,ema_lr5e-2,0.05,0.0001,0.80915,0.52023,1878
23,6,gender,ema_lr1e-2_wd1e-3,0.01,0.001,1.04959,0.48509,1878
23,6,gender,ema_d0.99,0.01,0.0001,0.96292,0.49947,1878
23,6,gender,ema_d0.9999,0.01,0.0001,0.9543,0.53195,1878
23,6,gender,mlp_h16,0.001,0.0,0.7047,0.46539,1878
23,6,gender,mlp_h32,0.001,0.0,0.69005,0.53461,1878
23,6,gender,mlp_h64,0.001,0.0,0.68904,0.54047,1878
23,6,gender,mlp_h128,0.001,0.0,0.69928,0.51118,1878
23,6,gender,attention,0.0001,1e-05,2.36801,0.46875,1878
23,6,gender,shuffled,0.01,0.0001,0.94422,0.51331,1878
23,6,star_sign,ema_lr1e-3,0.001,0.0001,3.17377,0.09265,1878
23,6,star_sign,ema_lr5e-3,0.005,0.0001,3.04682,0.11928,1878
23,6,star_sign,ema_lr1e-2,0.01,0.0001,3.07133,0.08626,1878
23,6,star_sign,ema_lr5e-2,0.05,0.0001,1.9832,0.37061,1878
23,6,star_sign,ema_lr1e-2_wd1e-3,0.01,0.001,2.93894,0.05911,1878
23,6,star_sign,ema_d0.99,0.01,0.0001,3.05494,0.08307,1878
23,6,star_sign,ema_d0.9999,0.01,0.0001,3.0613,0.09318,1878
23,6,star_sign,mlp_h16,0.001,0.0,1.9652,0.7492,1878
23,6,star_sign,mlp_h32,0.001,0.0,1.81613,0.85091,1878
23,6,star_sign,mlp_h64,0.001,0.0,1.80909,0.94249,1878
23,6,star_sign,mlp_h128,0.001,0.0,0.60442,1.0,1878
23,6,star_sign,attention,0.0001,1e-05,5.43438,0.36719,1878
23,6,star_sign,shuffled,0.01,0.0001,3.08266,0.12194,1878
24,0,age_bin,ema_lr1e-3,0.001,0.0001,1.58546,0.31726,1970
24,0,age_bin,ema_lr5e-3,0.005,0.0001,1.50902,0.32995,1970
24,0,age_bin,ema_lr1e-2,0.01,0.0001,1.50857,0.33452,1970
24,0,age_bin,ema_lr5e-2,0.05,0.0001,1.30778,0.34975,1970
24,0,age_bin,ema_lr1e-2_wd1e-3,0.01,0.001,1.49913,0.33858,1970
24,0,age_bin,ema_d0.99,0.01,0.0001,1.57243,0.33909,1970
24,0,age_bin,ema_d0.9999,0.01,0.0001,1.48303,0.34315,1970
24,0,age_bin,mlp_h16,0.001,0.0,1.0877,0.39898,1970
24,0,age_bin,mlp_h32,0.001,0.0,1.06284,0.47056,1970
24,0,age_bin,mlp_h64,0.001,0.0,1.05234,0.47614,1970
24,0,age_bin,mlp_h128,0.001,0.0,1.05739,0.47513,1970
24,0,age_bin,attention,0.0001,1e-05,1.09311,0.46875,1970
24,0,age_bin,shuffled,0.01,0.0001,1.51208,0.31624,1970
24,0,gender,ema_lr1e-3,0.001,0.0001,1.04258,0.49898,1970
24,0,gender,ema_lr5e-3,0.005,0.0001,1.03884,0.50203,1970
24,0,gender,ema_lr1e-2,0.01,0.0001,1.0261,0.47005,1970
24,0,gender,ema_lr5e-2,0.05,0.0001,0.82119,0.52487,1970
24,0,gender,ema_lr1e-2_wd1e-3,0.01,0.001,1.01306,0.51472,1970
24,0,gender,ema_d0.99,0.01,0.0001,1.01272,0.50254,1970
24,0,gender,ema_d0.9999,0.01,0.0001,0.99696,0.50558,1970
24,0,gender,mlp_h16,0.001,0.0,0.68526,0.55431,1970
24,0,gender,mlp_h32,0.001,0.0,0.68854,0.53858,1970
24,0,gender,mlp_h64,0.001,0.0,0.68871,0.54162,1970
24,0,gender,mlp_h128,0.001,0.0,0.69694,0.51726,1970
24,0,gender,attention,0.0001,1e-05,0.69414,0.46875,1970
24,0,gender,shuffled,0.01,0.0001,1.06286,0.48223,1970
24,0,star_sign,ema_lr1e-3,0.001,0.0001,3.15242,0.14873,1970
24,0,star_sign,ema_lr5e-3,0.005,0.0001,3.04656,0.06193,1970
24,0,star_sign,ema_lr1e-2,0.01,0.0001,2.93334,0.09442,1970
24,0,star_sign,ema_lr5e-2,0.05,0.0001,2.06561,0.44365,1970
24,0,star_sign,ema_lr1e-2_wd1e-3,0.01,0.001,2.97165,0.11777,1970
24,0,star_sign,ema_d0.99,0.01,0.0001,2.93023,0.08579,1970
24,0,star_sign,ema_d0.9999,0.01,0.0001,2.92854,0.11777,1970
24,0,star_sign,mlp_h16,0.001,0.0,2.08791,0.63046,1970
24,0,star_sign,mlp_h32,0.001,0.0,1.95874,0.82843,1970
24,0,star_sign,mlp_h64,0.001,0.0,1.2432,0.99848,1970
24,0,star_sign,mlp_h128,0.001,0.0,0.92365,1.0,1970
24,0,star_sign,attention,0.0001,1e-05,2.439,1.0,1970
24,0,star_sign,shuffled,0.01,0.0001,2.96732,0.11015,1970
24,4,age_bin,ema_lr1e-3,0.001,0.0001,1.49267,0.36751,1970
24,4,age_bin,ema_lr5e-3,0.005,0.0001,1.44791,0.33147,1970
24,4,age_bin,ema_lr1e-2,0.01,0.0001,1.27801,0.34569,1970
24,4,age_bin,ema_lr5e-2,0.05,0.0001,1.26262,0.34721,1970
24,4,age_bin,ema_lr1e-2_wd1e-3,0.01,0.001,1.2905,0.35228,1970
24,4,age_bin,ema_d0.99,0.01,0.0001,1.32352,0.34822,1970
24,4,age_bin,ema_d0.9999,0.01,0.0001,1.40434,0.30711,1970
24,4,age_bin,mlp_h16,0.001,0.0,1.0609,0.4731,1970
24,4,age_bin,mlp_h32,0.001,0.0,1.06713,0.46904,1970
24,4,age_bin,mlp_h64,0.001,0.0,1.06571,0.47513,1970
24,4,age_bin,mlp_h128,0.001,0.0,1.06045,0.47462,1970
24,4,age_bin,attention,0.0001,1e-05,1.062,0.44531,1970
24,4,age_bin,shuffled,0.01,0.0001,1.40216,0.3198,1970
24,4,gender,ema_lr1e-3,0.001,0.0001,0.89467,0.54264,1970
24,4,gender,ema_lr5e-3,0.005,0.0001,0.98647,0.47766,1970
24,4,gender,ema_lr1e-2,0.01,0.0001,0.88187,0.51117,1970
24,4,gender,ema_lr5e-2,0.05,0.0001,0.74188,0.52335,1970
24,4,gender,ema_lr1e-2_wd1e-3,0.01,0.001,0.98277,0.48629,1970
24,4,gender,ema_d0.99,0.01,0.0001,0.86424,0.49543,1970
24,4,gender,ema_d0.9999,0.01,0.0001,0.93059,0.46853,1970
24,4,gender,mlp_h16,0.001,0.0,0.69879,0.48173,1970
24,4,gender,mlp_h32,0.001,0.0,0.68927,0.53807,1970
24,4,gender,mlp_h64,0.001,0.0,0.68864,0.53807,1970
24,4,gender,mlp_h128,0.001,0.0,0.687,0.53553,1970
24,4,gender,attention,0.0001,1e-05,0.6834,0.5625,1970
24,4,gender,shuffled,0.01,0.0001,0.91299,0.5066,1970
24,4,star_sign,ema_lr1e-3,0.001,0.0001,3.19429,0.10152,1970
24,4,star_sign,ema_lr5e-3,0.005,0.0001,2.9941,0.10305,1970
24,4,star_sign,ema_lr1e-2,0.01,0.0001,2.78414,0.15127,1970
24,4,star_sign,ema_lr5e-2,0.05,0.0001,1.87616,0.38122,1970
24,4,star_sign,ema_lr1e-2_wd1e-3,0.01,0.001,2.86666,0.11574,1970
24,4,star_sign,ema_d0.99,0.01,0.0001,2.8577,0.16904,1970
24,4,star_sign,ema_d0.9999,0.01,0.0001,2.85391,0.10558,1970
24,4,star_sign,mlp_h16,0.001,0.0,1.95756,0.58731,1970
24,4,star_sign,mlp_h32,0.001,0.0,1.79517,0.76447,1970
24,4,star_sign,mlp_h64,0.001,0.0,0.94768,1.0,1970
24,4,star_sign,mlp_h128,0.001,0.0,0.38891,1.0,1970
24,4,star_sign,attention,0.0001,1e-05,2.42256,0.19531,1970
24,4,star_sign,shuffled,0.01,0.0001,2.7906,0.08782,1970
24,6,age_bin,ema_lr1e-3,0.001,0.0001,1.67647,0.35228,1970
24,6,age_bin,ema_lr5e-3,0.005,0.0001,1.76332,0.32183,1970
24,6,age_bin,ema_lr1e-2,0.01,0.0001,1.55737,0.32132,1970
24,6,age_bin,ema_lr5e-2,0.05,0.0001,1.27861,0.35076,1970
24,6,age_bin,ema_lr1e-2_wd1e-3,0.01,0.001,1.38062,0.37259,1970
24,6,age_bin,ema_d0.99,0.01,0.0001,1.48966,0.35787,1970
24,6,age_bin,ema_d0.9999,0.01,0.0001,1.46815,0.33706,1970
24,6,age_bin,mlp_h16,0.001,0.0,1.09481,0.36954,1970
24,6,age_bin,mlp_h32,0.001,0.0,1.07371,0.4467,1970
24,6,age_bin,mlp_h64,0.001,0.0,1.04974,0.47208,1970
24,6,age_bin,mlp_h128,0.001,0.0,1.03926,0.47462,1970
24,6,age_bin,attention,0.0001,1e-05,6.02665,0.45312,1970
24,6,age_bin,shuffled,0.01,0.0001,1.51228,0.31726,1970
24,6,gender,ema_lr1e-3,0.001,0.0001,1.11167,0.49949,1970
24,6,gender,ema_lr5e-3,0.005,0.0001,0.97309,0.5264,1970
24,6,gender,ema_lr1e-2,0.01,0.0001,0.97021,0.49746,1970
24,6,gender,ema_lr5e-2,0.05,0.0001,0.80598,0.51827,1970
24,6,gender,ema_lr1e-2_wd1e-3,0.01,0.001,0.94736,0.51421,1970
24,6,gender,ema_d0.99,0.01,0.0001,0.87584,0.52183,1970
24,6,gender,ema_d0.9999,0.01,0.0001,1.01176,0.50406,1970
24,6,gender,mlp_h16,0.001,0.0,0.69922,0.4797,1970
24,6,gender,mlp_h32,0.001,0.0,0.67785,0.58832,1970
24,6,gender,mlp_h64,0.001,0.0,0.6807,0.56904,1970
24,6,gender,mlp_h128,0.001,0.0,0.68013,0.56954,1970
24,6,gender,attention,0.0001,1e-05,3.10798,0.4375,1970
24,6,gender,shuffled,0.01,0.0001,0.96886,0.50761,1970
24,6,star_sign,ema_lr1e-3,0.001,0.0001,3.08017,0.09188,1970
24,6,star_sign,ema_lr5e-3,0.005,0.0001,3.01984,0.12944,1970
24,6,star_sign,ema_lr1e-2,0.01,0.0001,2.89558,0.10863,1970
24,6,star_sign,ema_lr5e-2,0.05,0.0001,2.08761,0.32538,1970
24,6,star_sign,ema_lr1e-2_wd1e-3,0.01,0.001,2.94975,0.07259,1970
24,6,star_sign,ema_d0.99,0.01,0.0001,2.93426,0.10102,1970
24,6,star_sign,ema_d0.9999,0.01,0.0001,2.96506,0.10812,1970
24,6,star_sign,mlp_h16,0.001,0.0,1.94844,0.77513,1970
24,6,star_sign,mlp_h32,0.001,0.0,1.76869,0.89848,1970
24,6,star_sign,mlp_h64,0.001,0.0,1.77886,0.96091,1970
24,6,star_sign,mlp_h128,0.001,0.0,0.53372,1.0,1970
24,6,star_sign,attention,0.0001,1e-05,3.91982,0.45312,1970
24,6,star_sign,shuffled,0.01,0.0001,2.79949,0.14518,1970
25,0,age_bin,ema_lr1e-3,0.001,0.0001,1.65077,0.3139,2007
25,0,age_bin,ema_lr5e-3,0.005,0.0001,1.59502,0.31938,2007
25,0,age_bin,ema_lr1e-2,0.01,0.0001,1.42611,0.37319,2007
25,0,age_bin,ema_lr5e-2,0.05,0.0001,1.30106,0.34928,2007
25,0,age_bin,ema_lr1e-2_wd1e-3,0.01,0.001,1.46756,0.33234,2007
25,0,age_bin,ema_d0.99,0.01,0.0001,1.53416,0.35526,2007
25,0,age_bin,ema_d0.9999,0.01,0.0001,1.44344,0.33981,2007
25,0,age_bin,mlp_h16,0.001,0.0,1.07498,0.44195,2007
25,0,age_bin,mlp_h32,0.001,0.0,1.03729,0.52915,2007
25,0,age_bin,mlp_h64,0.001,0.0,1.02293,0.52666,2007
25,0,age_bin,mlp_h128,0.001,0.0,1.0209,0.52865,2007
25,0,age_bin,attention,0.0001,1e-05,1.0874,0.57031,2007
25,0,age_bin,shuffled,0.01,0.0001,1.46327,0.33184,2007
25,0,gender,ema_lr1e-3,0.001,0.0001,1.02475,0.51121,2007
25,0,gender,ema_lr5e-3,0.005,0.0001,1.04105,0.49875,2007
25,0,gender,ema_lr1e-2,0.01,0.0001,1.0144,0.48331,2007
25,0,gender,ema_lr5e-2,0.05,0.0001,0.86704,0.47882,2007
25,0,gender,ema_lr1e-2_wd1e-3,0.01,0.001,1.09832,0.49975,2007
25,0,gender,ema_d0.99,0.01,0.0001,1.02934,0.49626,2007
25,0,gender,ema_d0.9999,0.01,0.0001,0.99499,0.5157,2007
25,0,gender,mlp_h16,0.001,0.0,0.69448,0.51221,2007
25,0,gender,mlp_h32,0.001,0.0,0.69362,0.51221,2007
25,0,gender,mlp_h64,0.001,0.0,0.69128,0.5157,2007
25,0,gender,mlp_h128,0.001,0.0,0.69389,0.5142,2007
25,0,gender,attention,0.0001,1e-05,0.69379,0.48438,2007
25,0,gender,shuffled,0.01,0.0001,1.09979,0.48132,2007
25,0,star_sign,ema_lr1e-3,0.001,0.0001,3.1663,0.13054,2007
25,0,star_sign,ema_lr5e-3,0.005,0.0001,3.08635,0.06577,2007
25,0,star_sign,ema_lr1e-2,0.01,0.0001,2.94074,0.08122,2007
25,0,star_sign,ema_lr5e-2,0.05,0.0001,2.0222,0.4295,2007
25,0,star_sign,ema_lr1e-2_wd1e-3,0.01,0.001,3.00199,0.11858,2007
25,0,star_sign,ema_d0.99,0.01,0.0001,3.01583,0.07723,2007
25,0,star_sign,ema_d0.9999,0.01,0.0001,2.98294,0.11011,2007
25,0,star_sign,mlp_h16,0.001,0.0,2.06864,0.69656,2007
25,0,star_sign,mlp_h32,0.001,0.0,1.93984,0.83259,2007
25,0,star_sign,mlp_h64,0.001,0.0,1.19675,1.0,2007
25,0,star_sign,mlp_h128,0.001,0.0,0.86035,1.0,2007
25,0,star_sign,attention,0.0001,1e-05,2.43852,1.0,2007
25,0,star_sign,shuffled,0.01,0.0001,3.04275,0.11609,2007
25,4,age_bin,ema_lr1e-3,0.001,0.0001,1.54983,0.36024,2007
25,4,age_bin,ema_lr5e-3,0.005,0.0001,1.39987,0.34728,2007
25,4,age_bin,ema_lr1e-2,0.01,0.0001,1.29579,0.34978,2007
25,4,age_bin,ema_lr5e-2,0.05,0.0001,1.19791,0.37519,2007
25,4,age_bin,ema_lr1e-2_wd1e-3,0.01,0.001,1.37054,0.32436,2007
25,4,age_bin,ema_d0.99,0.01,0.0001,1.32963,0.35874,2007
25,4,age_bin,ema_d0.9999,0.01,0.0001,1.41689,0.32287,2007
25,4,age_bin,mlp_h16,0.001,0.0,1.03108,0.53014,2007
25,4,age_bin,mlp_h32,0.001,0.0,1.02359,0.53064,2007
25,4,age_bin,mlp_h64,0.001,0.0,1.01784,0.52915,2007
25,4,age_bin,mlp_h128,0.001,0.0,1.00986,0.53911,2007
25,4,age_bin,attention,0.0001,1e-05,0.99227,0.55469,2007
25,4,age_bin,shuffled,0.01,0.0001,1.39574,0.34031,2007
25,4,gender,ema_lr1e-3,0.001,0.0001,0.99191,0.50673,2007
25,4,gender,ema_lr5e-3,0.005,0.0001,0.95312,0.49576,2007
25,4,gender,ema_lr1e-2,0.01,0.0001,0.88101,0.50324,2007
25,4,gender,ema_lr5e-2,0.05,0.0001,0.8041,0.48132,2007
25,4,gender,ema_lr1e-2_wd1e-3,0.01,0.001,0.92379,0.4853,2007
25,4,gender,ema_d0.99,0.01,0.0001,0.83778,0.50822,2007
25,4,gender,ema_d0.9999,0.01,0.0001,0.90958,0.48381,2007
25,4,gender,mlp_h16,0.001,0.0,0.69858,0.49128,2007
25,4,gender,mlp_h32,0.001,0.0,0.69638,0.49776,2007
25,4,gender,mlp_h64,0.001,0.0,0.69942,0.49726,2007
25,4,gender,mlp_h128,0.001,0.0,0.70304,0.49377,2007
25,4,gender,attention,0.0001,1e-05,0.6845,0.54688,2007
25,4,gender,shuffled,0.01,0.0001,0.89587,0.50374,2007
25,4,star_sign,ema_lr1e-3,0.001,0.0001,3.08383,0.10762,2007
25,4,star_sign,ema_lr5e-3,0.005,0.0001,2.96155,0.10563,2007
25,4,star_sign,ema_lr1e-2,0.01,0.0001,2.75128,0.16393,2007
25,4,star_sign,ema_lr5e-2,0.05,0.0001,1.89046,0.4006,2007
25,4,star_sign,ema_lr1e-2_wd1e-3,0.01,0.001,2.85591,0.10663,2007
25,4,star_sign,ema_d0.99,0.01,0.0001,2.75725,0.19731,2007
25,4,star_sign,ema_d0.9999,0.01,0.0001,2.70429,0.144,2007
25,4,star_sign,mlp_h16,0.001,0.0,1.92127,0.65969,2007
25,4,star_sign,mlp_h32,0.001,0.0,1.78617,0.77529,2007
25,4,star_sign,mlp_h64,0.001,0.0,0.93052,1.0,2007
25,4,star_sign,mlp_h128,0.001,0.0,0.3534,1.0,2007
25,4,star_sign,attention,0.0001,1e-05,2.41057,0.3125,2007
25,4,star_sign,shuffled,0.01,0.0001,2.83811,0.0852,2007
25,6,age_bin,ema_lr1e-3,0.001,0.0001,1.71278,0.3139,2007
25,6,age_bin,ema_lr5e-3,0.005,0.0001,1.61322,0.34878,2007
25,6,age_bin,ema_lr1e-2,0.01,0.0001,1.51926,0.34828,2007
25,6,age_bin,ema_lr5e-2,0.05,0.0001,1.25273,0.37718,2007
25,6,age_bin,ema_lr1e-2_wd1e-3,0.01,0.001,1.4453,0.33981,2007
25,6,age_bin,ema_d0.99,0.01,0.0001,1.5575,0.33333,2007
25,6,age_bin,ema_d0.9999,0.01,0.0001,1.41394,0.36871,2007
25,6,age_bin,mlp_h16,0.001,0.0,1.08445,0.39063,2007
25,6,age_bin,mlp_h32,0.001,0.0,1.0306,0.52167,2007
25,6,age_bin,mlp_h64,0.001,0.0,1.02555,0.52666,2007
25,6,age_bin,mlp_h128,0.001,0.0,1.01845,0.53662,2007
25,6,age_bin,attention,0.0001,1e-05,5.57404,0.5,2007
25,6,age_bin,shuffled,0.01,0.0001,1.4411,0.34728,2007
25,6,gender,ema_lr1e-3,0.001,0.0001,1.13434,0.49576,2007
25,6,gender,ema_lr5e-3,0.005,0.0001,0.93133,0.52965,2007
25,6,gender,ema_lr1e-2,0.01,0.0001,1.01633,0.50523,2007
25,6,gender,ema_lr5e-2,0.05,0.0001,0.78943,0.51171,2007
25,6,gender,ema_lr1e-2_wd1e-3,0.01,0.001,0.98357,0.49228,2007
25,6,gender,ema_d0.99,0.01,0.0001,0.97321,0.47235,2007
25,6,gender,ema_d0.9999,0.01,0.0001,0.93055,0.51769,2007
25,6,gender,mlp_h16,0.001,0.0,0.70564,0.47484,2007
25,6,gender,mlp_h32,0.001,0.0,0.69907,0.50623,2007
25,6,gender,mlp_h64,0.001,0.0,0.69781,0.50174,2007
25,6,gender,mlp_h128,0.001,0.0,0.69202,0.5152,2007
25,6,gender,attention,0.0001,1e-05,2.19472,0.50781,2007
25,6,gender,shuffled,0.01,0.0001,0.9932,0.48879,2007
25,6,star_sign,ema_lr1e-3,0.001,0.0001,3.32411,0.07922,2007
25,6,star_sign,ema_lr5e-3,0.005,0.0001,3.08677,0.1136,2007
25,6,star_sign,ema_lr1e-2,0.01,0.0001,3.08418,0.09517,2007
25,6,star_sign,ema_lr5e-2,0.05,0.0001,1.96262,0.35825,2007
25,6,star_sign,ema_lr1e-2_wd1e-3,0.01,0.001,2.88356,0.07025,2007
25,6,star_sign,ema_d0.99,0.01,0.0001,3.03244,0.09666,2007
25,6,star_sign,ema_d0.9999,0.01,0.0001,3.01163,0.10164,2007
25,6,star_sign,mlp_h16,0.001,0.0,1.92855,0.78974,2007
25,6,star_sign,mlp_h32,0.001,0.0,1.7035,0.92576,2007
25,6,star_sign,mlp_h64,0.001,0.0,1.69777,0.98256,2007
25,6,star_sign,mlp_h128,0.001,0.0,0.50138,1.0,2007
25,6,star_sign,attention,0.0001,1e-05,4.69181,0.46875,2007
25,6,star_sign,shuffled,0.01,0.0001,2.98024,0.12157,2007
26,0,age_bin,ema_lr1e-3,0.001,0.0001,1.56029,0.33476,2103
26,0,age_bin,ema_lr5e-3,0.005,0.0001,1.59536,0.31051,2103
26,0,age_bin,ema_lr1e-2,0.01,0.0001,1.4338,0.35616,2103
26,0,age_bin,ema_lr5e-2,0.05,0.0001,1.30241,0.33952,2103
26,0,age_bin,ema_lr1e-2_wd1e-3,0.01,0.001,1.46368,0.33952,2103
26,0,age_bin,ema_d0.99,0.01,0.0001,1.53596,0.35901,2103
26,0,age_bin,ema_d0.9999,0.01,0.0001,1.48707,0.34617,2103
26,0,age_bin,mlp_h16,0.001,0.0,1.08113,0.43604,2103
26,0,age_bin,mlp_h32,0.001,0.0,1.05236,0.49548,2103
26,0,age_bin,mlp_h64,0.001,0.0,1.0428,0.49738,2103
26,0,age_bin,mlp_h128,0.001,0.0,1.04303,0.50119,2103
26,0,age_bin,attention,0.0001,1e-05,1.09215,0.46094,2103
26,0,age_bin,shuffled,0.01,0.0001,1.46666,0.33856,2103
26,0,gender,ema_lr1e-3,0.001,0.0001,1.0104,0.51117,2103
26,0,gender,ema_lr5e-3,0.005,0.0001,1.08368,0.4893,2103
26,0,gender,ema_lr1e-2,0.01,0.0001,0.99079,0.48264,2103
26,0,gender,ema_lr5e-2,0.05,0.0001,0.82698,0.50024,2103
26,0,gender,ema_lr1e-2_wd1e-3,0.01,0.001,1.06308,0.50785,2103
26,0,gender,ema_d0.99,0.01,0.0001,0.98711,0.51736,2103
26,0,gender,ema_d0.9999,0.01,0.0001,1.01565,0.49406,2103
26,0,gender,mlp_h16,0.001,0.0,0.69589,0.50689,2103
26,0,gender,mlp_h32,0.001,0.0,0.69436,0.51831,2103
26,0,gender,mlp_h64,0.001,0.0,0.69523,0.50785,2103
26,0,gender,mlp_h128,0.001,0.0,0.69687,0.49215,2103
26,0,gender,attention,0.0001,1e-05,0.69231,0.52344,2103
26,0,gender,shuffled,0.01,0.0001,1.08861,0.47741,2103
26,0,star_sign,ema_lr1e-3,0.001,0.0001,3.18333,0.13172,2103
26,0,star_sign,ema_lr5e-3,0.005,0.0001,3.0486,0.07038,2103
26,0,star_sign,ema_lr1e-2,0.01,0.0001,2.88174,0.09653,2103
26,0,star_sign,ema_lr5e-2,0.05,0.0001,1.97167,0.44888,2103
26,0,star_sign,ema_lr1e-2_wd1e-3,0.01,0.001,2.94839,0.12221,2103
26,0,star_sign,ema_d0.99,0.01,0.0001,2.96561,0.07418,2103
26,0,star_sign,ema_d0.9999,0.01,0.0001,2.93792,0.10984,2103
26,0,star_sign,mlp_h16,0.001,0.0,2.06429,0.6952,2103
26,0,star_sign,mlp_h32,0.001,0.0,1.90688,0.85735,2103
26,0,star_sign,mlp_h64,0.001,0.0,1.15983,0.99952,2103
26,0,star_sign,mlp_h128,0.001,0.0,0.80961,1.0,2103
26,0,star_sign,attention,0.0001,1e-05,2.43741,1.0,2103
26,0,star_sign,shuffled,0.01,0.0001,2.95912,0.12506,2103
26,4,age_bin,ema_lr1e-3,0.001,0.0001,1.47139,0.37756,2103
26,4,age_bin,ema_lr5e-3,0.005,0.0001,1.43455,0.32953,2103
26,4,age_bin,ema_lr1e-2,0.01,0.0001,1.2393,0.36519,2103
26,4,age_bin,ema_lr5e-2,0.05,0.0001,1.21005,0.36472,2103
26,4,age_bin,ema_lr1e-2_wd1e-3,0.01,0.001,1.42264,0.30433,2103
26,4,age_bin,ema_d0.99,0.01,0.0001,1.35523,0.33,2103
26,4,age_bin,ema_d0.9999,0.01,0.0001,1.45005,0.30908,2103
26,4,age_bin,mlp_h16,0.001,0.0,1.04247,0.50024,2103
26,4,age_bin,mlp_h32,0.001,0.0,1.05834,0.49453,2103
26,4,age_bin,mlp_h64,0.001,0.0,1.04088,0.49976,2103
26,4,age_bin,mlp_h128,0.001,0.0,1.04158,0.49976,2103
26,4,age_bin,attention,0.0001,1e-05,1.06745,0.47656,2103
26,4,age_bin,shuffled,0.01,0.0001,1.37935,0.33333,2103
26,4,gender,ema_lr1e-3,0.001,0.0001,0.977,0.50262,2103
26,4,gender,ema_lr5e-3,0.005,0.0001,0.95067,0.47551,2103
26,4,gender,ema_lr1e-2,0.01,0.0001,0.9381,0.48359,2103
26,4,gender,ema_lr5e-2,0.05,0.0001,0.75326,0.52068,2103
26,4,gender,ema_lr1e-2_wd1e-3,0.01,0.001,0.89232,0.52639,2103
26,4,gender,ema_d0.99,0.01,0.0001,0.86705,0.47599,2103
26,4,gender,ema_d0.9999,0.01,0.0001,0.85998,0.51165,2103
26,4,gender,mlp_h16,0.001,0.0,0.69654,0.49025,2103
26,4,gender,mlp_h32,0.001,0.0,0.69217,0.52687,2103
26,4,gender,mlp_h64,0.001,0.0,0.69447,0.5088,2103
26,4,gender,mlp_h128,0.001,0.0,0.6927,0.52068,2103
26,4,gender,attention,0.0001,1e-05,0.70984,0.4375,2103
26,4,gender,shuffled,0.01,0.0001,0.91206,0.49263,2103
26,4,star_sign,ema_lr1e-3,0.001,0.0001,3.08644,0.11888,2103
26,4,star_sign,ema_lr5e-3,0.005,0.0001,2.98717,0.10223,2103
26,4,star_sign,ema_lr1e-2,0.01,0.0001,2.78113,0.14741,2103
26,4,star_sign,ema_lr5e-2,0.05,0.0001,1.81712,0.40228,2103
26,4,star_sign,ema_lr1e-2_wd1e-3,0.01,0.001,2.83016,0.11317,2103
26,4,star_sign,ema_d0.99,0.01,0.0001,2.81962,0.19163,2103
26,4,star_sign,ema_d0.9999,0.01,0.0001,2.7293,0.13124,2103
26,4,star_sign,mlp_h16,0.001,0.0,1.89106,0.70851,2103
26,4,star_sign,mlp_h32,0.001,0.0,1.75664,0.80076,2103
26,4,star_sign,mlp_h64,0.001,0.0,0.8479,1.0,2103
26,4,star_sign,mlp_h128,0.001,0.0,0.30738,1.0,2103
26,4,star_sign,attention,0.0001,1e-05,2.40544,0.30469,2103
26,4,star_sign,shuffled,0.01,0.0001,2.71423,0.12078,2103
26,6,age_bin,ema_lr1e-3,0.001,0.0001,1.69561,0.3224,2103
26,6,age_bin,ema_lr5e-3,0.005,0.0001,1.51659,0.36377,2103
26,6,age_bin,ema_lr1e-2,0.01,0.0001,1.48942,0.34807,2103
26,6,age_bin,ema_lr5e-2,0.05,0.0001,1.21453,0.38088,2103
26,6,age_bin,ema_lr1e-2_wd1e-3,0.01,0.001,1.55506,0.30623,2103
26,6,age_bin,ema_d0.99,0.01,0.0001,1.5449,0.34142,2103
26,6,age_bin,ema_d0.9999,0.01,0.0001,1.40277,0.36709,2103
26,6,age_bin,mlp_h16,0.001,0.0,1.09565,0.36567,2103
26,6,age_bin,mlp_h32,0.001,0.0,1.05476,0.48027,2103
26,6,age_bin,mlp_h64,0.001,0.0,1.0421,0.49881,2103
26,6,age_bin,mlp_h128,0.001,0.0,1.03383,0.50262,2103
26,6,age_bin,attention,0.0001,1e-05,6.78671,0.42969,2103
26,6,age_bin,shuffled,0.01,0.0001,1.47607,0.33476,2103
26,6,gender,ema_lr1e-3,0.001,0.0001,1.07113,0.50547,2103
26,6,gender,ema_lr5e-3,0.005,0.0001,0.98354,0.49406,2103
26,6,gender,ema_lr1e-2,0.01,0.0001,0.88849,0.53447,2103
26,6,gender,ema_lr5e-2,0.05,0.0001,0.79882,0.51641,2103
26,6,gender,ema_lr1e-2_wd1e-3,0.01,0.001,1.05977,0.48217,2103
26,6,gender,ema_d0.99,0.01,0.0001,1.03665,0.45697,2103
26,6,gender,ema_d0.9999,0.01,0.0001,0.98538,0.49548,2103
26,6,gender,mlp_h16,0.001,0.0,0.6979,0.49691,2103
26,6,gender,mlp_h32,0.001,0.0,0.68664,0.55017,2103
26,6,gender,mlp_h64,0.001,0.0,0.69237,0.52354,2103
26,6,gender,mlp_h128,0.001,0.0,0.68675,0.53543,2103
26,6,gender,attention,0.0001,1e-05,2.24274,0.52344,2103
26,6,gender,shuffled,0.01,0.0001,0.96357,0.51498,2103
26,6,star_sign,ema_lr1e-3,0.001,0.0001,3.11182,0.11888,2103
26,6,star_sign,ema_lr5e-3,0.005,0.0001,3.17125,0.10461,2103
26,6,star_sign,ema_lr1e-2,0.01,0.0001,2.93967,0.09796,2103
26,6,star_sign,ema_lr5e-2,0.05,0.0001,2.00172,0.34807,2103
26,6,star_sign,ema_lr1e-2_wd1e-3,0.01,0.001,2.95647,0.06562,2103
26,6,star_sign,ema_d0.99,0.01,0.0001,3.03741,0.08321,2103
26,6,star_sign,ema_d0.9999,0.01,0.0001,2.90589,0.11602,2103
26,6,star_sign,mlp_h16,0.001,0.0,1.93898,0.76652,2103
26,6,star_sign,mlp_h32,0.001,0.0,1.70004,0.94627,2103
26,6,star_sign,mlp_h64,0.001,0.0,1.71274,0.9805,2103
26,6,star_sign,mlp_h128,0.001,0.0,0.47901,1.0,2103
26,6,star_sign,attention,0.0001,1e-05,3.84912,0.57812,2103
26,6,star_sign,shuffled,0.01,0.0001,2.83374,0.12316,2103
27,0,age_bin,ema_lr1e-3,0.001,0.0001,1.59396,0.33971,2040
27,0,age_bin,ema_lr5e-3,0.005,0.0001,1.54588,0.32353,2040
27,0,age_bin,ema_lr1e-2,0.01,0.0001,1.45687,0.35539,2040
27,0,age_bin,ema_lr5e-2,0.05,0.0001,1.25549,0.37696,2040
27,0,age_bin,ema_lr1e-2_wd1e-3,0.01,0.001,1.48675,0.35,2040
27,0,age_bin,ema_d0.99,0.01,0.0001,1.56705,0.35098,2040
27,0,age_bin,ema_d0.9999,0.01,0.0001,1.46889,0.34216,2040
27,0,age_bin,mlp_h16,0.001,0.0,1.05628,0.49951,2040
27,0,age_bin,mlp_h32,0.001,0.0,1.01188,0.5902,2040
27,0,age_bin,mlp_h64,0.001,0.0,0.9789,0.59608,2040
27,0,age_bin,mlp_h128,0.001,0.0,0.97083,0.59559,2040
27,0,age_bin,attention,0.0001,1e-05,1.09068,0.53125,2040
27,0,age_bin,shuffled,0.01,0.0001,1.45125,0.33431,2040
27,0,gender,ema_lr1e-3,0.001,0.0001,1.0964,0.49853,2040
27,0,gender,ema_lr5e-3,0.005,0.0001,1.02414,0.49559,2040
27,0,gender,ema_lr1e-2,0.01,0.0001,1.04296,0.47108,2040
27,0,gender,ema_lr5e-2,0.05,0.0001,0.83943,0.48676,2040
27,0,gender,ema_lr1e-2_wd1e-3,0.01,0.001,1.0055,0.51667,2040
27,0,gender,ema_d0.99,0.01,0.0001,0.96679,0.51618,2040
27,0,gender,ema_d0.9999,0.01,0.0001,1.00893,0.49069,2040
27,0,gender,mlp_h16,0.001,0.0,0.68954,0.53824,2040
27,0,gender,mlp_h32,0.001,0.0,0.6886,0.54412,2040
27,0,gender,mlp_h64,0.001,0.0,0.68763,0.53725,2040
27,0,gender,mlp_h128,0.001,0.0,0.69115,0.52157,2040
27,0,gender,attention,0.0001,1e-05,0.69489,0.39062,2040
27,0,gender,shuffled,0.01,0.0001,1.05371,0.49216,2040
27,0,star_sign,ema_lr1e-3,0.001,0.0001,3.17236,0.12549,2040
27,0,star_sign,ema_lr5e-3,0.005,0.0001,3.07944,0.06176,2040
27,0,star_sign,ema_lr1e-2,0.01,0.0001,2.89526,0.09363,2040
27,0,star_sign,ema_lr5e-2,0.05,0.0001,1.94262,0.49559,2040
27,0,star_sign,ema_lr1e-2_wd1e-3,0.01,0.001,2.93024,0.12108,2040
27,0,star_sign,ema_d0.99,0.01,0.0001,2.92525,0.08676,2040
27,0,star_sign,ema_d0.9999,0.01,0.0001,2.96691,0.10588,2040
27,0,star_sign,mlp_h16,0.001,0.0,2.02864,0.73186,2040
27,0,star_sign,mlp_h32,0.001,0.0,1.88965,0.86765,2040
27,0,star_sign,mlp_h64,0.001,0.0,1.11247,1.0,2040
27,0,star_sign,mlp_h128,0.001,0.0,0.75677,1.0,2040
27,0,star_sign,attention,0.0001,1e-05,2.43514,0.99219,2040
27,0,star_sign,shuffled,0.01,0.0001,2.93052,0.11618,2040
27,4,age_bin,ema_lr1e-3,0.001,0.0001,1.50362,0.36961,2040
27,4,age_bin,ema_lr5e-3,0.005,0.0001,1.41816,0.33333,2040
27,4,age_bin,ema_lr1e-2,0.01,0.0001,1.25392,0.36716,2040
27,4,age_bin,ema_lr5e-2,0.05,0.0001,1.18948,0.39069,2040
27,4,age_bin,ema_lr1e-2_wd1e-3,0.01,0.001,1.3422,0.33971,2040
27,4,age_bin,ema_d0.99,0.01,0.0001,1.26528,0.36275,2040
27,4,age_bin,ema_d0.9999,0.01,0.0001,1.37243,0.31275,2040
27,4,age_bin,mlp_h16,0.001,0.0,0.99542,0.59608,2040
27,4,age_bin,mlp_h32,0.001,0.0,0.98989,0.59461,2040
27,4,age_bin,mlp_h64,0.001,0.0,0.98087,0.5951,2040
27,4,age_bin,mlp_h128,0.001,0.0,0.97882,0.59657,2040
27,4,age_bin,attention,0.0001,1e-05,1.04821,0.54688,2040
27,4,age_bin,shuffled,0.01,0.0001,1.34662,0.34657,2040
27,4,gender,ema_lr1e-3,0.001,0.0001,0.96777,0.50637,2040
27,4,gender,ema_lr5e-3,0.005,0.0001,0.92838,0.49706,2040
27,4,gender,ema_lr1e-2,0.01,0.0001,0.95546,0.47304,2040
27,4,gender,ema_lr5e-2,0.05,0.0001,0.78072,0.49608,2040
27,4,gender,ema_lr1e-2_wd1e-3,0.01,0.001,0.89206,0.52157,2040
27,4,gender,ema_d0.99,0.01,0.0001,0.78974,0.53971,2040
27,4,gender,ema_d0.9999,0.01,0.0001,0.93038,0.48039,2040
27,4,gender,mlp_h16,0.001,0.0,0.69423,0.50686,2040
27,4,gender,mlp_h32,0.001,0.0,0.6897,0.5299,2040
27,4,gender,mlp_h64,0.001,0.0,0.68485,0.54951,2040
27,4,gender,mlp_h128,0.001,0.0,0.68238,0.55392,2040
27,4,gender,attention,0.0001,1e-05,0.68215,0.59375,2040
27,4,gender,shuffled,0.01,0.0001,0.89802,0.50147,2040
27,4,star_sign,ema_lr1e-3,0.001,0.0001,3.08898,0.10539,2040
27,4,star_sign,ema_lr5e-3,0.005,0.0001,2.93431,0.09853,2040
27,4,star_sign,ema_lr1e-2,0.01,0.0001,2.76252,0.16029,2040
27,4,star_sign,ema_lr5e-2,0.05,0.0001,1.72531,0.44608,2040
27,4,star_sign,ema_lr1e-2_wd1e-3,0.01,0.001,2.82836,0.11225,2040
27,4,star_sign,ema_d0.99,0.01,0.0001,2.75609,0.2098,2040
27,4,star_sign,ema_d0.9999,0.01,0.0001,2.71517,0.13186,2040
27,4,star_sign,mlp_h16,0.001,0.0,1.86606,0.73529,2040
27,4,star_sign,mlp_h32,0.001,0.0,1.71826,0.84657,2040
27,4,star_sign,mlp_h64,0.001,0.0,0.80348,1.0,2040
27,4,star_sign,mlp_h128,0.001,0.0,0.2732,1.0,2040
27,4,star_sign,attention,0.0001,1e-05,2.38916,0.35156,2040
27,4,star_sign,shuffled,0.01,0.0001,2.69986,0.11618,2040
27,6,age_bin,ema_lr1e-3,0.001,0.0001,1.68516,0.33922,2040
27,6,age_bin,ema_lr5e-3,0.005,0.0001,1.49595,0.3902,2040
27,6,age_bin,ema_lr1e-2,0.01,0.0001,1.35271,0.40441,2040
27,6,age_bin,ema_lr5e-2,0.05,0.0001,1.20397,0.41029,2040
27,6,age_bin,ema_lr1e-2_wd1e-3,0.01,0.001,1.46486,0.32696,2040
27,6,age_bin,ema_d0.99,0.01,0.0001,1.62159,0.32206,2040
27,6,age_bin,ema_d0.9999,0.01,0.0001,1.47331,0.32549,2040
27,6,age_bin,mlp_h16,0.001,0.0,1.09207,0.36569,2040
27,6,age_bin,mlp_h32,0.001,0.0,1.03883,0.52892,2040
27,6,age_bin,mlp_h64,0.001,0.0,0.98822,0.59216,2040
27,6,age_bin,mlp_h128,0.001,0.0,0.98437,0.58235,2040
27,6,age_bin,attention,0.0001,1e-05,6.21838,0.42969,2040
27,6,age_bin,shuffled,0.01,0.0001,1.45625,0.34461,2040
27,6,gender,ema_lr1e-3,0.001,0.0001,1.18087,0.47451,2040
27,6,gender,ema_lr5e-3,0.005,0.0001,0.93348,0.52892,2040
27,6,gender,ema_lr1e-2,0.01,0.0001,0.97808,0.48922,2040
27,6,gender,ema_lr5e-2,0.05,0.0001,0.76992,0.53137,2040
27,6,gender,ema_lr1e-2_wd1e-3,0.01,0.001,0.96697,0.49314,2040
27,6,gender,ema_d0.99,0.01,0.0001,0.98126,0.47549,2040
27,6,gender,ema_d0.9999,0.01,0.0001,0.97443,0.49853,2040
27,6,gender,mlp_h16,0.001,0.0,0.69063,0.52549,2040
27,6,gender,mlp_h32,0.001,0.0,0.66866,0.59902,2040
27,6,gender,mlp_h64,0.001,0.0,0.67238,0.59069,2040
27,6,gender,mlp_h128,0.001,0.0,0.66512,0.5951,2040
27,6,gender,attention,0.0001,1e-05,1.71858,0.50781,2040
27,6,gender,shuffled,0.01,0.0001,0.93516,0.50784,2040
27,6,star_sign,ema_lr1e-3,0.001,0.0001,3.05641,0.09608,2040
27,6,star_sign,ema_lr5e-3,0.005,0.0001,3.08598,0.11569,2040
27,6,star_sign,ema_lr1e-2,0.01,0.0001,2.96704,0.1,2040
27,6,star_sign,ema_lr5e-2,0.05,0.0001,1.90262,0.38284,2040
27,6,star_sign,ema_lr1e-2_wd1e-3,0.01,0.001,2.89712,0.08039,2040
27,6,star_sign,ema_d0.99,0.01,0.0001,2.9956,0.08725,2040
27,6,star_sign,ema_d0.9999,0.01,0.0001,2.79942,0.11225,2040
27,6,star_sign,mlp_h16,0.001,0.0,1.90351,0.81127,2040
27,6,star_sign,mlp_h32,0.001,0.0,1.6683,0.93676,2040
27,6,star_sign,mlp_h64,0.001,0.0,1.67133,0.98824,2040
27,6,star_sign,mlp_h128,0.001,0.0,0.41622,1.0,2040
27,6,star_sign,attention,0.0001,1e-05,3.31663,0.55469,2040
27,6,star_sign,shuffled,0.01,0.0001,2.8391,0.12941,2040
28,0,age_bin,ema_lr1e-3,0.001,0.0001,1.57927,0.34068,1770
28,0,age_bin,ema_lr5e-3,0.005,0.0001,1.54829,0.32542,1770
28,0,age_bin,ema_lr1e-2,0.01,0.0001,1.4629,0.35706,1770
28,0,age_bin,ema_lr5e-2,0.05,0.0001,1.2086,0.38418,1770
28,0,age_bin,ema_lr1e-2_wd1e-3,0.01,0.001,1.4641,0.3452,1770
28,0,age_bin,ema_d0.99,0.01,0.0001,1.52302,0.36893,1770
28,0,age_bin,ema_d0.9999,0.01,0.0001,1.41128,0.35085,1770
28,0,age_bin,mlp_h16,0.001,0.0,1.04187,0.52147,1770
28,0,age_bin,mlp_h32,0.001,0.0,1.00803,0.59548,1770
28,0,age_bin,mlp_h64,0.001,0.0,0.98092,0.59831,1770
28,0,age_bin,mlp_h128,0.001,0.0,0.97782,0.59887,1770
28,0,age_bin,attention,0.0001,1e-05,1.09002,0.53125,1770
28,0,age_bin,shuffled,0.01,0.0001,1.50515,0.31356,1770
28,0,gender,ema_lr1e-3,0.001,0.0001,1.06766,0.50565,1770
28,0,gender,ema_lr5e-3,0.005,0.0001,1.04999,0.4887,1770
28,0,gender,ema_lr1e-2,0.01,0.0001,1.01007,0.47458,1770
28,0,gender,ema_lr5e-2,0.05,0.0001,0.82741,0.49548,1770
28,0,gender,ema_lr1e-2_wd1e-3,0.01,0.001,1.03639,0.50508,1770
28,0,gender,ema_d0.99,0.01,0.0001,0.97433,0.53446,1770
28,0,gender,ema_d0.9999,0.01,0.0001,0.98519,0.49266,1770
28,0,gender,mlp_h16,0.001,0.0,0.69076,0.53333,1770
28,0,gender,mlp_h32,0.001,0.0,0.69384,0.52994,1770
28,0,gender,mlp_h64,0.001,0.0,0.69314,0.52768,1770
28,0,gender,mlp_h128,0.001,0.0,0.69021,0.53729,1770
28,0,gender,attention,0.0001,1e-05,0.69315,0.49219,1770
28,0,gender,shuffled,0.01,0.0001,1.00889,0.50169,1770
28,0,star_sign,ema_lr1e-3,0.001,0.0001,3.20101,0.13559,1770
28,0,star_sign,ema_lr5e-3,0.005,0.0001,3.00682,0.07401,1770
28,0,star_sign,ema_lr1e-2,0.01,0.0001,2.9083,0.08588,1770
28,0,star_sign,ema_lr5e-2,0.05,0.0001,1.86646,0.50565,1770
28,0,star_sign,ema_lr1e-2_wd1e-3,0.01,0.001,2.99057,0.12316,1770
28,0,star_sign,ema_d0.99,0.01,0.0001,2.91824,0.09096,1770
28,0,star_sign,ema_d0.9999,0.01,0.0001,2.96933,0.10904,1770
28,0,star_sign,mlp_h16,0.001,0.0,1.9967,0.7791,1770
28,0,star_sign,mlp_h32,0.001,0.0,1.84696,0.89379,1770
28,0,star_sign,mlp_h64,0.001,0.0,1.06227,0.99944,1770
28,0,star_sign,mlp_h128,0.001,0.0,0.69365,1.0,1770
28,0,star_sign,attention,0.0001,1e-05,2.43264,1.0,1770
28,0,star_sign,shuffled,0.01,0.0001,2.93701,0.10791,1770
28,4,age_bin,ema_lr1e-3,0.001,0.0001,1.49983,0.36949,1770
28,4,age_bin,ema_lr5e-3,0.005,0.0001,1.44154,0.33333,1770
28,4,age_bin,ema_lr1e-2,0.01,0.0001,1.24749,0.35876,1770
28,4,age_bin,ema_lr5e-2,0.05,0.0001,1.1511,0.39322,1770
28,4,age_bin,ema_lr1e-2_wd1e-3,0.01,0.001,1.31646,0.3339,1770
28,4,age_bin,ema_d0.99,0.01,0.0001,1.33024,0.33051,1770
28,4,age_bin,ema_d0.9999,0.01,0.0001,1.31228,0.35028,1770
28,4,age_bin,mlp_h16,0.001,0.0,0.99583,0.59831,1770
28,4,age_bin,mlp_h32,0.001,0.0,0.99093,0.59887,1770
28,4,age_bin,mlp_h64,0.001,0.0,0.9895,0.60056,1770
28,4,age_bin,mlp_h128,0.001,0.0,0.98508,0.59944,1770
28,4,age_bin,attention,0.0001,1e-05,1.0667,0.53125,1770
28,4,age_bin,shuffled,0.01,0.0001,1.29617,0.37119,1770
28,4,gender,ema_lr1e-3,0.001,0.0001,0.99506,0.49661,1770
28,4,gender,ema_lr5e-3,0.005,0.0001,0.95956,0.47684,1770
28,4,gender,ema_lr1e-2,0.01,0.0001,0.92595,0.4791,1770
28,4,gender,ema_lr5e-2,0.05,0.0001,0.76321,0.50169,1770
28,4,gender,ema_lr1e-2_wd1e-3,0.01,0.001,0.89699,0.50339,1770
28,4,gender,ema_d0.99,0.01,0.0001,0.83093,0.49322,1770
28,4,gender,ema_d0.9999,0.01,0.0001,0.84986,0.51864,1770
28,4,gender,mlp_h16,0.001,0.0,0.69281,0.51299,1770
28,4,gender,mlp_h32,0.001,0.0,0.69399,0.51469,1770
28,4,gender,mlp_h64,0.001,0.0,0.68675,0.54068,1770
28,4,gender,mlp_h128,0.001,0.0,0.68477,0.5435,1770
28,4,gender,attention,0.0001,1e-05,0.69679,0.49219,1770
28,4,gender,shuffled,0.01,0.0001,0.91673,0.4904,1770
28,4,star_sign,ema_lr1e-3,0.001,0.0001,3.03407,0.11412,1770
28,4,star_sign,ema_lr5e-3,0.005,0.0001,2.92621,0.1096,1770
28,4,star_sign,ema_lr1e-2,0.01,0.0001,2.74122,0.16836,1770
28,4,star_sign,ema_lr5e-2,0.05,0.0001,1.68317,0.48418,1770
28,4,star_sign,ema_lr1e-2_wd1e-3,0.01,0.001,2.8365,0.10621,1770
28,4,star_sign,ema_d0.99,0.01,0.0001,2.73338,0.21808,1770
28,4,star_sign,ema_d0.9999,0.01,0.0001,2.75425,0.11469,1770
28,4,star_sign,mlp_h16,0.001,0.0,1.82027,0.80057,1770
28,4,star_sign,mlp_h32,0.001,0.0,1.67682,0.87458,1770
28,4,star_sign,mlp_h64,0.001,0.0,0.73182,1.0,1770
28,4,star_sign,mlp_h128,0.001,0.0,0.23177,1.0,1770
28,4,star_sign,attention,0.0001,1e-05,2.37604,0.38281,1770
28,4,star_sign,shuffled,0.01,0.0001,2.72355,0.11695,1770
28,6,age_bin,ema_lr1e-3,0.001,0.0001,1.79122,0.29379,1770
28,6,age_bin,ema_lr5e-3,0.005,0.0001,1.59131,0.35593,1770
28,6,age_bin,ema_lr1e-2,0.01,0.0001,1.56709,0.34689,1770
28,6,age_bin,ema_lr5e-2,0.05,0.0001,1.16229,0.41017,1770
28,6,age_bin,ema_lr1e-2_wd1e-3,0.01,0.001,1.47529,0.31695,1770
28,6,age_bin,ema_d0.99,0.01,0.0001,1.44041,0.38136,1770
28,6,age_bin,ema_d0.9999,0.01,0.0001,1.45796,0.32486,1770
28,6,age_bin,mlp_h16,0.001,0.0,1.07912,0.40847,1770
28,6,age_bin,mlp_h32,0.001,0.0,1.01785,0.58079,1770
28,6,age_bin,mlp_h64,0.001,0.0,0.98888,0.59548,1770
28,6,age_bin,mlp_h128,0.001,0.0,0.96749,0.59661,1770
28,6,age_bin,attention,0.0001,1e-05,6.76086,0.42969,1770
28,6,age_bin,shuffled,0.01,0.0001,1.45647,0.32373,1770
28,6,gender,ema_lr1e-3,0.001,0.0001,1.11076,0.48983,1770
28,6,gender,ema_lr5e-3,0.005,0.0001,1.00166,0.48927,1770
28,6,gender,ema_lr1e-2,0.01,0.0001,1.02651,0.45537,1770
28,6,gender,ema_lr5e-2,0.05,0.0001,0.78368,0.51186,1770
28,6,gender,ema_lr1e-2_wd1e-3,0.01,0.001,0.9805,0.49266,1770
28,6,gender,ema_d0.99,0.01,0.0001,0.95811,0.48588,1770
28,6,gender,ema_d0.9999,0.01,0.0001,0.94642,0.51582,1770
28,6,gender,mlp_h16,0.001,0.0,0.69058,0.52655,1770
28,6,gender,mlp_h32,0.001,0.0,0.68383,0.54746,1770
28,6,gender,mlp_h64,0.001,0.0,0.67855,0.55763,1770
28,6,gender,mlp_h128,0.001,0.0,0.68444,0.55028,1770
28,6,gender,attention,0.0001,1e-05,2.45594,0.46875,1770
28,6,gender,shuffled,0.01,0.0001,0.95384,0.51017,1770
28,6,star_sign,ema_lr1e-3,0.001,0.0001,3.10503,0.10565,1770
28,6,star_sign,ema_lr5e-3,0.005,0.0001,2.99534,0.13898,1770
28,6,star_sign,ema_lr1e-2,0.01,0.0001,2.92646,0.10621,1770
28,6,star_sign,ema_lr5e-2,0.05,0.0001,1.8669,0.39944,1770
28,6,star_sign,ema_lr1e-2_wd1e-3,0.01,0.001,2.83714,0.09492,1770
28,6,star_sign,ema_d0.99,0.01,0.0001,2.94886,0.10678,1770
28,6,star_sign,ema_d0.9999,0.01,0.0001,2.8491,0.11186,1770
28,6,star_sign,mlp_h16,0.001,0.0,1.87226,0.82938,1770
28,6,star_sign,mlp_h32,0.001,0.0,1.61779,0.95367,1770
28,6,star_sign,mlp_h64,0.001,0.0,1.63743,0.98757,1770
28,6,star_sign,mlp_h128,0.001,0.0,0.37785,1.0,1770
28,6,star_sign,attention,0.0001,1e-05,3.183,0.61719,1770
28,6,star_sign,shuffled,0.01,0.0001,2.85328,0.12655,1770
29,0,age_bin,ema_lr1e-3,0.001,0.0001,1.58725,0.34113,1838
29,0,age_bin,ema_lr5e-3,0.005,0.0001,1.54624,0.33406,1838
29,0,age_bin,ema_lr1e-2,0.01,0.0001,1.47898,0.36072,1838
29,0,age_bin,ema_lr5e-2,0.05,0.0001,1.22282,0.38738,1838
29,0,age_bin,ema_lr1e-2_wd1e-3,0.01,0.001,1.42835,0.36126,1838
29,0,age_bin,ema_d0.99,0.01,0.0001,1.56122,0.34712,1838
29,0,age_bin,ema_d0.9999,0.01,0.0001,1.47556,0.35745,1838
29,0,age_bin,mlp_h16,0.001,0.0,1.05004,0.5049,1838
29,0,age_bin,mlp_h32,0.001,0.0,1.01034,0.57617,1838
29,0,age_bin,mlp_h64,0.001,0.0,0.98588,0.58052,1838
29,0,age_bin,mlp_h128,0.001,0.0,0.98096,0.58161,1838
29,0,age_bin,attention,0.0001,1e-05,1.0877,0.5625,1838
29,0,age_bin,shuffled,0.01,0.0001,1.41444,0.34548,1838
29,0,gender,ema_lr1e-3,0.001,0.0001,1.0496,0.49565,1838
29,0,gender,ema_lr5e-3,0.005,0.0001,1.03329,0.5234,1838
29,0,gender,ema_lr1e-2,0.01,0.0001,0.95604,0.51034,1838
29,0,gender,ema_lr5e-2,0.05,0.0001,0.83475,0.5,1838
29,0,gender,ema_lr1e-2_wd1e-3,0.01,0.001,1.04398,0.49402,1838
29,0,gender,ema_d0.99,0.01,0.0001,0.99008,0.50979,1838
29,0,gender,ema_d0.9999,0.01,0.0001,1.03076,0.5136,1838
29,0,gender,mlp_h16,0.001,0.0,0.69927,0.49184,1838
29,0,gender,mlp_h32,0.001,0.0,0.69144,0.51959,1838
29,0,gender,mlp_h64,0.001,0.0,0.69252,0.52067,1838
29,0,gender,mlp_h128,0.001,0.0,0.69155,0.53156,1838
29,0,gender,attention,0.0001,1e-05,0.6928,0.51562,1838
29,0,gender,shuffled,0.01,0.0001,1.02381,0.5049,1838
29,0,star_sign,ema_lr1e-3,0.001,0.0001,3.18988,0.12677,1838
29,0,star_sign,ema_lr5e-3,0.005,0.0001,3.05453,0.07291,1838
29,0,star_sign,ema_lr1e-2,0.01,0.0001,2.87906,0.11915,1838
29,0,star_sign,ema_lr5e-2,0.05,0.0001,1.89385,0.50544,1838
29,0,star_sign,ema_lr1e-2_wd1e-3,0.01,0.001,2.91487,0.12622,1838
29,0,star_sign,ema_d0.99,0.01,0.0001,2.88316,0.09576,1838
29,0,star_sign,ema_d0.9999,0.01,0.0001,2.95988,0.11806,1838
29,0,star_sign,mlp_h16,0.001,0.0,1.99876,0.78237,1838
29,0,star_sign,mlp_h32,0.001,0.0,1.81506,0.91458,1838
29,0,star_sign,mlp_h64,0.001,0.0,1.01789,1.0,1838
29,0,star_sign,mlp_h128,0.001,0.0,0.652,1.0,1838
29,0,star_sign,attention,0.0001,1e-05,2.43262,1.0,1838
29,0,star_sign,shuffled,0.01,0.0001,2.88564,0.13003,1838
29,4,age_bin,ema_lr1e-3,0.001,0.0001,1.45605,0.39336,1838
29,4,age_bin,ema_lr5e-3,0.005,0.0001,1.39987,0.34168,1838
29,4,age_bin,ema_lr1e-2,0.01,0.0001,1.2748,0.33732,1838
29,4,age_bin,ema_lr5e-2,0.05,0.0001,1.20094,0.37323,1838
29,4,age_bin,ema_lr1e-2_wd1e-3,0.01,0.001,1.33056,0.35582,1838
29,4,age_bin,ema_d0.99,0.01,0.0001,1.30273,0.34331,1838
29,4,age_bin,ema_d0.9999,0.01,0.0001,1.30907,0.36398,1838
29,4,age_bin,mlp_h16,0.001,0.0,1.00305,0.58107,1838
29,4,age_bin,mlp_h32,0.001,0.0,0.99611,0.57889,1838
29,4,age_bin,mlp_h64,0.001,0.0,0.98374,0.58052,1838
29,4,age_bin,mlp_h128,0.001,0.0,0.98167,0.58161,1838
29,4,age_bin,attention,0.0001,1e-05,1.01901,0.55469,1838
29,4,age_bin,shuffled,0.01,0.0001,1.35348,0.33678,1838
29,4,gender,ema_lr1e-3,0.001,0.0001,1.00029,0.48585,1838
29,4,gender,ema_lr5e-3,0.005,0.0001,0.92829,0.50707,1838
29,4,gender,ema_lr1e-2,0.01,0.0001,0.91982,0.4728,1838
29,4,gender,ema_lr5e-2,0.05,0.0001,0.75758,0.52884,1838
29,4,gender,ema_lr1e-2_wd1e-3,0.01,0.001,0.91468,0.50326,1838
29,4,gender,ema_d0.99,0.01,0.0001,0.83018,0.4951,1838
29,4,gender,ema_d0.9999,0.01,0.0001,0.93207,0.47824,1838
29,4,gender,mlp_h16,0.001,0.0,0.69628,0.50272,1838
29,4,gender,mlp_h32,0.001,0.0,0.6932,0.52285,1838
29,4,gender,mlp_h64,0.001,0.0,0.69116,0.5234,1838
29,4,gender,mlp_h128,0.001,0.0,0.68967,0.52067,1838
29,4,gender,attention,0.0001,1e-05,0.7027,0.45312,1838
29,4,gender,shuffled,0.01,0.0001,0.92632,0.48477,1838
29,4,star_sign,ema_lr1e-3,0.001,0.0001,3.06694,0.11208,1838
29,4,star_sign,ema_lr5e-3,0.005,0.0001,3.0068,0.09576,1838
29,4,star_sign,ema_lr1e-2,0.01,0.0001,2.68766,0.15452,1838
29,4,star_sign,ema_lr5e-2,0.05,0.0001,1.65567,0.50653,1838
29,4,star_sign,ema_lr1e-2_wd1e-3,0.01,0.001,2.76643,0.13384,1838
29,4,star_sign,ema_d0.99,0.01,0.0001,2.77011,0.18281,1838
29,4,star_sign,ema_d0.9999,0.01,0.0001,2.67465,0.13874,1838
29,4,star_sign,mlp_h16,0.001,0.0,1.79526,0.82535,1838
29,4,star_sign,mlp_h32,0.001,0.0,1.62832,0.90696,1838
29,4,star_sign,mlp_h64,0.001,0.0,0.68258,1.0,1838
29,4,star_sign,mlp_h128,0.001,0.0,0.20758,1.0,1838
29,4,star_sign,attention,0.0001,1e-05,2.36348,0.36719,1838
29,4,star_sign,shuffled,0.01,0.0001,2.64338,0.12568,1838
29,6,age_bin,ema_lr1e-3,0.001,0.0001,1.74636,0.31012,1838
29,6,age_bin,ema_lr5e-3,0.005,0.0001,1.50573,0.36561,1838
29,6,age_bin,ema_lr1e-2,0.01,0.0001,1.58002,0.32046,1838
29,6,age_bin,ema_lr5e-2,0.05,0.0001,1.20634,0.37214,1838
29,6,age_bin,ema_lr1e-2_wd1e-3,0.01,0.001,1.44288,0.35691,1838
29,6,age_bin,ema_d0.99,0.01,0.0001,1.51562,0.34548,1838
29,6,age_bin,ema_d0.9999,0.01,0.0001,1.5829,0.30794,1838
29,6,age_bin,mlp_h16,0.001,0.0,1.07516,0.40424,1838
29,6,age_bin,mlp_h32,0.001,0.0,1.02057,0.55658,1838
29,6,age_bin,mlp_h64,0.001,0.0,0.985,0.57943,1838
29,6,age_bin,mlp_h128,0.001,0.0,0.98667,0.56366,1838
29,6,age_bin,attention,0.0001,1e-05,5.92405,0.45312,1838
29,6,age_bin,shuffled,0.01,0.0001,1.47793,0.33134,1838
29,6,gender,ema_lr1e-3,0.001,0.0001,1.10869,0.51469,1838
29,6,gender,ema_lr5e-3,0.005,0.0001,0.95671,0.53264,1838
29,6,gender,ema_lr1e-2,0.01,0.0001,0.94699,0.51306,1838
29,6,gender,ema_lr5e-2,0.05,0.0001,0.79954,0.5,1838
29,6,gender,ema_lr1e-2_wd1e-3,0.01,0.001,1.01595,0.48912,1838
29,6,gender,ema_d0.99,0.01,0.0001,0.97216,0.48313,1838
29,6,gender,ema_d0.9999,0.01,0.0001,0.98426,0.49619,1838
29,6,gender,mlp_h16,0.001,0.0,0.69185,0.54679,1838
29,6,gender,mlp_h32,0.001,0.0,0.68922,0.53972,1838
29,6,gender,mlp_h64,0.001,0.0,0.68085,0.55876,1838
29,6,gender,mlp_h128,0.001,0.0,0.68367,0.55604,1838
29,6,gender,attention,0.0001,1e-05,2.6651,0.4375,1838
29,6,gender,shuffled,0.01,0.0001,0.96793,0.4951,1838
29,6,star_sign,ema_lr1e-3,0.001,0.0001,3.20565,0.09412,1838
29,6,star_sign,ema_lr5e-3,0.005,0.0001,3.07297,0.13765,1838
29,6,star_sign,ema_lr1e-2,0.01,0.0001,2.96797,0.10664,1838
29,6,star_sign,ema_lr5e-2,0.05,0.0001,1.79972,0.46355,1838
29,6,star_sign,ema_lr1e-2_wd1e-3,0.01,0.001,2.87931,0.07291,1838
29,6,star_sign,ema_d0.99,0.01,0.0001,2.98376,0.10718,1838
29,6,star_sign,ema_d0.9999,0.01,0.0001,2.84397,0.11371,1838
29,6,star_sign,mlp_h16,0.001,0.0,1.87518,0.84222,1838
29,6,star_sign,mlp_h32,0.001,0.0,1.60445,0.96246,1838
29,6,star_sign,mlp_h64,0.001,0.0,1.56773,0.99565,1838
29,6,star_sign,mlp_h128,0.001,0.0,0.33567,1.0,1838
29,6,star_sign,attention,0.0001,1e-05,3.76227,0.65625,1838
29,6,star_sign,shuffled,0.01,0.0001,2.96975,0.10501,1838
30,0,age_bin,ema_lr1e-3,0.001,0.0001,1.56546,0.33317,1993
30,0,age_bin,ema_lr5e-3,0.005,0.0001,1.58952,0.30306,1993
30,0,age_bin,ema_lr1e-2,0.01,0.0001,1.45185,0.35223,1993
30,0,age_bin,ema_lr5e-2,0.05,0.0001,1.24791,0.38435,1993
30,0,age_bin,ema_lr1e-2_wd1e-3,0.01,0.001,1.45998,0.33718,1993
30,0,age_bin,ema_d0.99,0.01,0.0001,1.5407,0.34119,1993
30,0,age_bin,ema_d0.9999,0.01,0.0001,1.48582,0.31962,1993
30,0,age_bin,mlp_h16,0.001,0.0,1.07824,0.428,1993
30,0,age_bin,mlp_h32,0.001,0.0,1.05907,0.46864,1993
30,0,age_bin,mlp_h64,0.001,0.0,1.05553,0.47015,1993
30,0,age_bin,mlp_h128,0.001,0.0,1.05249,0.47065,1993
30,0,age_bin,attention,0.0001,1e-05,1.08968,0.5,1993
30,0,age_bin,shuffled,0.01,0.0001,1.4517,0.33969,1993
30,0,gender,ema_lr1e-3,0.001,0.0001,1.01202,0.51831,1993
30,0,gender,ema_lr5e-3,0.005,0.0001,1.052,0.50778,1993
30,0,gender,ema_lr1e-2,0.01,0.0001,1.02036,0.47566,1993
30,0,gender,ema_lr5e-2,0.05,0.0001,0.78589,0.51831,1993
30,0,gender,ema_lr1e-2_wd1e-3,0.01,0.001,1.02139,0.50928,1993
30,0,gender,ema_d0.99,0.01,0.0001,0.97429,0.5143,1993
30,0,gender,ema_d0.9999,0.01,0.0001,0.95405,0.5153,1993
30,0,gender,mlp_h16,0.001,0.0,0.68891,0.5429,1993
30,0,gender,mlp_h32,0.001,0.0,0.69251,0.52383,1993
30,0,gender,mlp_h64,0.001,0.0,0.69451,0.51581,1993
30,0,gender,mlp_h128,0.001,0.0,0.69311,0.52183,1993
30,0,gender,attention,0.0001,1e-05,0.69346,0.42969,1993
30,0,gender,shuffled,0.01,0.0001,1.02322,0.49272,1993
30,0,star_sign,ema_lr1e-3,0.001,0.0001,3.20573,0.12193,1993
30,0,star_sign,ema_lr5e-3,0.005,0.0001,3.05927,0.06673,1993
30,0,star_sign,ema_lr1e-2,0.01,0.0001,2.89762,0.09935,1993
30,0,star_sign,ema_lr5e-2,0.05,0.0001,1.83326,0.51681,1993
30,0,star_sign,ema_lr1e-2_wd1e-3,0.01,0.001,2.91135,0.12745,1993
30,0,star_sign,ema_d0.99,0.01,0.0001,2.88562,0.0868,1993
30,0,star_sign,ema_d0.9999,0.01,0.0001,2.93908,0.10838,1993
30,0,star_sign,mlp_h16,0.001,0.0,1.96395,0.7998,1993
30,0,star_sign,mlp_h32,0.001,0.0,1.78964,0.93076,1993
30,0,star_sign,mlp_h64,0.001,0.0,0.96713,1.0,1993
30,0,star_sign,mlp_h128,0.001,0.0,0.59914,1.0,1993
30,0,star_sign,attention,0.0001,1e-05,2.42949,1.0,1993
30,0,star_sign,shuffled,0.01,0.0001,2.94418,0.12293,1993
30,4,age_bin,ema_lr1e-3,0.001,0.0001,1.43982,0.39789,1993
30,4,age_bin,ema_lr5e-3,0.005,0.0001,1.44324,0.32213,1993
30,4,age_bin,ema_lr1e-2,0.01,0.0001,1.3626,0.32614,1993
30,4,age_bin,ema_lr5e-2,0.05,0.0001,1.21191,0.36427,1993
30,4,age_bin,ema_lr1e-2_wd1e-3,0.01,0.001,1.34696,0.33266,1993
30,4,age_bin,ema_d0.99,0.01,0.0001,1.36922,0.32614,1993
30,4,age_bin,ema_d0.9999,0.01,0.0001,1.40794,0.30156,1993
30,4,age_bin,mlp_h16,0.001,0.0,1.06068,0.47015,1993
30,4,age_bin,mlp_h32,0.001,0.0,1.06168,0.47215,1993
30,4,age_bin,mlp_h64,0.001,0.0,1.05523,0.47165,1993
30,4,age_bin,mlp_h128,0.001,0.0,1.05104,0.47215,1993
30,4,age_bin,attention,0.0001,1e-05,1.03798,0.48438,1993
30,4,age_bin,shuffled,0.01,0.0001,1.31698,0.34972,1993
30,4,gender,ema_lr1e-3,0.001,0.0001,0.97277,0.49473,1993
30,4,gender,ema_lr5e-3,0.005,0.0001,0.93658,0.49222,1993
30,4,gender,ema_lr1e-2,0.01,0.0001,0.90539,0.50728,1993
30,4,gender,ema_lr5e-2,0.05,0.0001,0.74936,0.52333,1993
30,4,gender,ema_lr1e-2_wd1e-3,0.01,0.001,0.8775,0.50075,1993
30,4,gender,ema_d0.99,0.01,0.0001,0.83155,0.51179,1993
30,4,gender,ema_d0.9999,0.01,0.0001,0.84659,0.52283,1993
30,4,gender,mlp_h16,0.001,0.0,0.69151,0.52082,1993
30,4,gender,mlp_h32,0.001,0.0,0.68821,0.54992,1993
30,4,gender,mlp_h64,0.001,0.0,0.68885,0.53236,1993
30,4,gender,mlp_h128,0.001,0.0,0.69201,0.5419,1993
30,4,gender,attention,0.0001,1e-05,0.69221,0.52344,1993
30,4,gender,shuffled,0.01,0.0001,0.8766,0.5143,1993
30,4,star_sign,ema_lr1e-3,0.001,0.0001,3.06339,0.11892,1993
30,4,star_sign,ema_lr5e-3,0.005,0.0001,2.97702,0.09885,1993
30,4,star_sign,ema_lr1e-2,0.01,0.0001,2.74084,0.144,1993
30,4,star_sign,ema_lr5e-2,0.05,0.0001,1.65215,0.52684,1993
30,4,star_sign,ema_lr1e-2_wd1e-3,0.01,0.001,2.85588,0.11691,1993
30,4,star_sign,ema_d0.99,0.01,0.0001,2.82754,0.1726,1993
30,4,star_sign,ema_d0.9999,0.01,0.0001,2.72402,0.13196,1993
30,4,star_sign,mlp_h16,0.001,0.0,1.76823,0.87255,1993
30,4,star_sign,mlp_h32,0.001,0.0,1.6208,0.91019,1993
30,4,star_sign,mlp_h64,0.001,0.0,0.64246,1.0,1993
30,4,star_sign,mlp_h128,0.001,0.0,0.19283,1.0,1993
30,4,star_sign,attention,0.0001,1e-05,2.36051,0.46094,1993
30,4,star_sign,shuffled,0.01,0.0001,2.68674,0.1144,1993
30,6,age_bin,ema_lr1e-3,0.001,0.0001,1.72776,0.31962,1993
30,6,age_bin,ema_lr5e-3,0.005,0.0001,1.66406,0.31159,1993
30,6,age_bin,ema_lr1e-2,0.01,0.0001,1.57285,0.33618,1993
30,6,age_bin,ema_lr5e-2,0.05,0.0001,1.17807,0.38535,1993
30,6,age_bin,ema_lr1e-2_wd1e-3,0.01,0.001,1.49321,0.33618,1993
30,6,age_bin,ema_d0.99,0.01,0.0001,1.50388,0.33919,1993
30,6,age_bin,ema_d0.9999,0.01,0.0001,1.37965,0.36076,1993
30,6,age_bin,mlp_h16,0.001,0.0,1.08249,0.38986,1993
30,6,age_bin,mlp_h32,0.001,0.0,1.06845,0.45008,1993
30,6,age_bin,mlp_h64,0.001,0.0,1.06283,0.46964,1993
30,6,age_bin,mlp_h128,0.001,0.0,1.06853,0.46764,1993
30,6,age_bin,attention,0.0001,1e-05,5.29314,0.39062,1993
30,6,age_bin,shuffled,0.01,0.0001,1.43934,0.34471,1993
30,6,gender,ema_lr1e-3,0.001,0.0001,1.13726,0.4867,1993
30,6,gender,ema_lr5e-3,0.005,0.0001,0.96212,0.50728,1993
30,6,gender,ema_lr1e-2,0.01,0.0001,0.95228,0.49072,1993
30,6,gender,ema_lr5e-2,0.05,0.0001,0.83227,0.49925,1993
30,6,gender,ema_lr1e-2_wd1e-3,0.01,0.001,0.9452,0.52383,1993
30,6,gender,ema_d0.99,0.01,0.0001,0.89048,0.52534,1993
30,6,gender,ema_d0.9999,0.01,0.0001,0.95788,0.50978,1993
30,6,gender,mlp_h16,0.001,0.0,0.69785,0.49824,1993
30,6,gender,mlp_h32,0.001,0.0,0.68341,0.55444,1993
30,6,gender,mlp_h64,0.001,0.0,0.69408,0.51681,1993
30,6,gender,mlp_h128,0.001,0.0,0.70925,0.52183,1993
30,6,gender,attention,0.0001,1e-05,2.34628,0.48438,1993
30,6,gender,shuffled,0.01,0.0001,0.96437,0.51079,1993
30,6,star_sign,ema_lr1e-3,0.001,0.0001,3.25997,0.09132,1993
30,6,star_sign,ema_lr5e-3,0.005,0.0001,3.03031,0.10738,1993
30,6,star_sign,ema_lr1e-2,0.01,0.0001,2.85004,0.11591,1993
30,6,star_sign,ema_lr5e-2,0.05,0.0001,1.73691,0.46814,1993
30,6,star_sign,ema_lr1e-2_wd1e-3,0.01,0.001,2.76959,0.09383,1993
30,6,star_sign,ema_d0.99,0.01,0.0001,2.88779,0.11841,1993
30,6,star_sign,ema_d0.9999,0.01,0.0001,2.87752,0.10687,1993
30,6,star_sign,mlp_h16,0.001,0.0,1.8199,0.84646,1993
30,6,star_sign,mlp_h32,0.001,0.0,1.57073,0.96739,1993
30,6,star_sign,mlp_h64,0.001,0.0,1.55898,0.99699,1993
30,6,star_sign,mlp_h128,0.001,0.0,0.31407,1.0,1993
30,6,star_sign,attention,0.0001,1e-05,2.3683,0.64844,1993
30,6,star_sign,shuffled,0.01,0.0001,2.75451,0.143,1993
31,0,age_bin,ema_lr1e-3,0.001,0.0001,1.5689,0.33861,1896
31,0,age_bin,ema_lr5e-3,0.005,0.0001,1.5729,0.32173,1896
31,0,age_bin,ema_lr1e-2,0.01,0.0001,1.46569,0.34916,1896
31,0,age_bin,ema_lr5e-2,0.05,0.0001,1.24654,0.36445,1896
31,0,age_bin,ema_lr1e-2_wd1e-3,0.01,0.001,1.48223,0.32437,1896
31,0,age_bin,ema_d0.99,0.01,0.0001,1.58278,0.3365,1896
31,0,age_bin,ema_d0.9999,0.01,0.0001,1.49336,0.33808,1896
31,0,age_bin,mlp_h16,0.001,0.0,1.06372,0.45042,1896
31,0,age_bin,mlp_h32,0.001,0.0,1.04974,0.48945,1896
31,0,age_bin,mlp_h64,0.001,0.0,1.04963,0.49051,1896
31,0,age_bin,mlp_h128,0.001,0.0,1.05569,0.49051,1896
31,0,age_bin,attention,0.0001,1e-05,1.09094,0.46875,1896
31,0,age_bin,shuffled,0.01,0.0001,1.4374,0.33966,1896
31,0,gender,ema_lr1e-3,0.001,0.0001,1.02472,0.51582,1896
31,0,gender,ema_lr5e-3,0.005,0.0001,1.03694,0.49209,1896
31,0,gender,ema_lr1e-2,0.01,0.0001,1.01468,0.46308,1896
31,0,gender,ema_lr5e-2,0.05,0.0001,0.80274,0.50053,1896
31,0,gender,ema_lr1e-2_wd1e-3,0.01,0.001,1.04925,0.49262,1896
31,0,gender,ema_d0.99,0.01,0.0001,1.00616,0.51846,1896
31,0,gender,ema_d0.9999,0.01,0.0001,0.97821,0.51424,1896
31,0,gender,mlp_h16,0.001,0.0,0.68776,0.55485,1896
31,0,gender,mlp_h32,0.001,0.0,0.69175,0.53059,1896
31,0,gender,mlp_h64,0.001,0.0,0.68657,0.55169,1896
31,0,gender,mlp_h128,0.001,0.0,0.68684,0.54272,1896
31,0,gender,attention,0.0001,1e-05,0.6934,0.50781,1896
31,0,gender,shuffled,0.01,0.0001,1.00797,0.48787,1896
31,0,star_sign,ema_lr1e-3,0.001,0.0001,3.13452,0.13555,1896
31,0,star_sign,ema_lr5e-3,0.005,0.0001,3.00146,0.07911,1896
31,0,star_sign,ema_lr1e-2,0.01,0.0001,2.86777,0.11603,1896
31,0,star_sign,ema_lr5e-2,0.05,0.0001,1.77886,0.53586,1896
31,0,star_sign,ema_lr1e-2_wd1e-3,0.01,0.001,2.94714,0.11445,1896
31,0,star_sign,ema_d0.99,0.01,0.0001,2.92158,0.08281,1896
31,0,star_sign,ema_d0.9999,0.01,0.0001,2.85034,0.11551,1896
31,0,star_sign,mlp_h16,0.001,0.0,1.95194,0.79852,1896
31,0,star_sign,mlp_h32,0.001,0.0,1.73799,0.94778,1896
31,0,star_sign,mlp_h64,0.001,0.0,0.94033,1.0,1896
31,0,star_sign,mlp_h128,0.001,0.0,0.54668,1.0,1896
31,0,star_sign,attention,0.0001,1e-05,2.42889,1.0,1896
31,0,star_sign,shuffled,0.01,0.0001,2.92017,0.12184,1896
31,4,age_bin,ema_lr1e-3,0.001,0.0001,1.51795,0.36023,1896
31,4,age_bin,ema_lr5e-3,0.005,0.0001,1.42921,0.33017,1896
31,4,age_bin,ema_lr1e-2,0.01,0.0001,1.26619,0.34599,1896
31,4,age_bin,ema_lr5e-2,0.05,0.0001,1.1977,0.3634,1896
31,4,age_bin,ema_lr1e-2_wd1e-3,0.01,0.001,1.33791,0.32437,1896
31,4,age_bin,ema_d0.99,0.01,0.0001,1.38955,0.30802,1896
31,4,age_bin,ema_d0.9999,0.01,0.0001,1.34751,0.33386,1896
31,4,age_bin,mlp_h16,0.001,0.0,1.04961,0.48945,1896
31,4,age_bin,mlp_h32,0.001,0.0,1.0483,0.49156,1896
31,4,age_bin,mlp_h64,0.001,0.0,1.05422,0.48998,1896
31,4,age_bin,mlp_h128,0.001,0.0,1.05772,0.48945,1896
31,4,age_bin,attention,0.0001,1e-05,1.08784,0.46875,1896
31,4,age_bin,shuffled,0.01,0.0001,1.37671,0.32595,1896
31,4,gender,ema_lr1e-3,0.001,0.0001,0.9353,0.51846,1896
31,4,gender,ema_lr5e-3,0.005,0.0001,0.9368,0.48049,1896
31,4,gender,ema_lr1e-2,0.01,0.0001,0.90248,0.49631,1896
31,4,gender,ema_lr5e-2,0.05,0.0001,0.74102,0.53428,1896
31,4,gender,ema_lr1e-2_wd1e-3,0.01,0.001,0.94461,0.48101,1896
31,4,gender,ema_d0.99,0.01,0.0001,0.82866,0.50316,1896
31,4,gender,ema_d0.9999,0.01,0.0001,0.84959,0.50844,1896
31,4,gender,mlp_h16,0.001,0.0,0.68787,0.54641,1896
31,4,gender,mlp_h32,0.001,0.0,0.68131,0.57331,1896
31,4,gender,mlp_h64,0.001,0.0,0.67915,0.58333,1896
31,4,gender,mlp_h128,0.001,0.0,0.67745,0.58808,1896
31,4,gender,attention,0.0001,1e-05,0.68725,0.53906,1896
31,4,gender,shuffled,0.01,0.0001,0.89908,0.49367,1896
31,4,star_sign,ema_lr1e-3,0.001,0.0001,3.09453,0.11129,1896
31,4,star_sign,ema_lr5e-3,0.005,0.0001,2.92271,0.12025,1896
31,4,star_sign,ema_lr1e-2,0.01,0.0001,2.72289,0.15454,1896
31,4,star_sign,ema_lr5e-2,0.05,0.0001,1.58284,0.55802,1896
31,4,star_sign,ema_lr1e-2_wd1e-3,0.01,0.001,2.81738,0.10812,1896
31,4,star_sign,ema_d0.99,0.01,0.0001,2.7577,0.20095,1896
31,4,star_sign,ema_d0.9999,0.01,0.0001,2.65593,0.15876,1896
31,4,star_sign,mlp_h16,0.001,0.0,1.7345,0.87975,1896
31,4,star_sign,mlp_h32,0.001,0.0,1.57989,0.93829,1896
31,4,star_sign,mlp_h64,0.001,0.0,0.58662,1.0,1896
31,4,star_sign,mlp_h128,0.001,0.0,0.16163,1.0,1896
31,4,star_sign,attention,0.0001,1e-05,2.35133,0.45312,1896
31,4,star_sign,shuffled,0.01,0.0001,2.75369,0.08966,1896
31,6,age_bin,ema_lr1e-3,0.001,0.0001,1.58176,0.38713,1896
31,6,age_bin,ema_lr5e-3,0.005,0.0001,1.61987,0.34335,1896
31,6,age_bin,ema_lr1e-2,0.01,0.0001,1.58195,0.31593,1896
31,6,age_bin,ema_lr5e-2,0.05,0.0001,1.20248,0.40032,1896
31,6,age_bin,ema_lr1e-2_wd1e-3,0.01,0.001,1.50394,0.31698,1896
31,6,age_bin,ema_d0.99,0.01,0.0001,1.52756,0.34177,1896
31,6,age_bin,ema_d0.9999,0.01,0.0001,1.44139,0.33281,1896
31,6,age_bin,mlp_h16,0.001,0.0,1.07893,0.39451,1896
31,6,age_bin,mlp_h32,0.001,0.0,1.0551,0.47257,1896
31,6,age_bin,mlp_h64,0.001,0.0,1.04643,0.48787,1896
31,6,age_bin,mlp_h128,0.001,0.0,1.04364,0.48945,1896
31,6,age_bin,attention,0.0001,1e-05,5.83516,0.39062,1896
31,6,age_bin,shuffled,0.01,0.0001,1.46679,0.3423,1896
31,6,gender,ema_lr1e-3,0.001,0.0001,1.16037,0.47627,1896
31,6,gender,ema_lr5e-3,0.005,0.0001,0.98778,0.50316,1896
31,6,gender,ema_lr1e-2,0.01,0.0001,0.96037,0.50633,1896
31,6,gender,ema_lr5e-2,0.05,0.0001,0.75047,0.5269,1896
31,6,gender,ema_lr1e-2_wd1e-3,0.01,0.001,1.03033,0.47257,1896
31,6,gender,ema_d0.99,0.01,0.0001,0.91808,0.50264,1896
31,6,gender,ema_d0.9999,0.01,0.0001,0.92121,0.52162,1896
31,6,gender,mlp_h16,0.001,0.0,0.69228,0.51477,1896
31,6,gender,mlp_h32,0.001,0.0,0.67791,0.5807,1896
31,6,gender,mlp_h64,0.001,0.0,0.67374,0.59124,1896
31,6,gender,mlp_h128,0.001,0.0,0.66809,0.60179,1896
31,6,gender,attention,0.0001,1e-05,1.95201,0.54688,1896
31,6,gender,shuffled,0.01,0.0001,0.97664,0.5058,1896
31,6,star_sign,ema_lr1e-3,0.001,0.0001,3.18305,0.08755,1896
31,6,star_sign,ema_lr5e-3,0.005,0.0001,3.03497,0.13766,1896
31,6,star_sign,ema_lr1e-2,0.01,0.0001,3.02052,0.08597,1896
31,6,star_sign,ema_lr5e-2,0.05,0.0001,1.6993,0.48681,1896
31,6,star_sign,ema_lr1e-2_wd1e-3,0.01,0.001,2.89335,0.07437,1896
31,6,star_sign,ema_d0.99,0.01,0.0001,2.85505,0.11762,1896
31,6,star_sign,ema_d0.9999,0.01,0.0001,2.88548,0.11287,1896
31,6,star_sign,mlp_h16,0.001,0.0,1.81233,0.8866,1896
31,6,star_sign,mlp_h32,0.001,0.0,1.50121,0.97785,1896
31,6,star_sign,mlp_h64,0.001,0.0,1.48062,0.99895,1896
31,6,star_sign,mlp_h128,0.001,0.0,0.27926,1.0,1896
31,6,star_sign,attention,0.0001,1e-05,1.91637,0.67188,1896
31,6,star_sign,shuffled,0.01,0.0001,2.89466,0.12078,1896
32,0,age_bin,ema_lr1e-3,0.001,0.0001,1.56777,0.33333,1860
32,0,age_bin,ema_lr5e-3,0.005,0.0001,1.50001,0.31989,1860
32,0,age_bin,ema_lr1e-2,0.01,0.0001,1.45003,0.3543,1860
32,0,age_bin,ema_lr5e-2,0.05,0.0001,1.21457,0.38656,1860
32,0,age_bin,ema_lr1e-2_wd1e-3,0.01,0.001,1.52562,0.31398,1860
32,0,age_bin,ema_d0.99,0.01,0.0001,1.54305,0.34194,1860
32,0,age_bin,ema_d0.9999,0.01,0.0001,1.4226,0.35484,1860
32,0,age_bin,mlp_h16,0.001,0.0,1.09406,0.41075,1860
32,0,age_bin,mlp_h32,0.001,0.0,1.07428,0.42688,1860
32,0,age_bin,mlp_h64,0.001,0.0,1.07474,0.42849,1860
32,0,age_bin,mlp_h128,0.001,0.0,1.07193,0.42527,1860
32,0,age_bin,attention,0.0001,1e-05,1.08832,0.48438,1860
32,0,age_bin,shuffled,0.01,0.0001,1.46543,0.34086,1860
32,0,gender,ema_lr1e-3,0.001,0.0001,1.04227,0.51075,1860
32,0,gender,ema_lr5e-3,0.005,0.0001,1.07366,0.48817,1860
32,0,gender,ema_lr1e-2,0.01,0.0001,1.01206,0.47312,1860
32,0,gender,ema_lr5e-2,0.05,0.0001,0.79831,0.51075,1860
32,0,gender,ema_lr1e-2_wd1e-3,0.01,0.001,1.03774,0.51075,1860
32,0,gender,ema_d0.99,0.01,0.0001,1.00013,0.5129,1860
32,0,gender,ema_d0.9999,0.01,0.0001,1.05516,0.48011,1860
32,0,gender,mlp_h16,0.001,0.0,0.68172,0.58925,1860
32,0,gender,mlp_h32,0.001,0.0,0.68834,0.55699,1860
32,0,gender,mlp_h64,0.001,0.0,0.67948,0.59355,1860
32,0,gender,mlp_h128,0.001,0.0,0.67815,0.58978,1860
32,0,gender,attention,0.0001,1e-05,0.69473,0.39844,1860
32,0,gender,shuffled,0.01,0.0001,1.02041,0.49086,1860
32,0,star_sign,ema_lr1e-3,0.001,0.0001,3.17679,0.13065,1860
32,0,star_sign,ema_lr5e-3,0.005,0.0001,2.99959,0.07473,1860
32,0,star_sign,ema_lr1e-2,0.01,0.0001,2.87684,0.12097,1860
32,0,star_sign,ema_lr5e-2,0.05,0.0001,1.73495,0.56183,1860
32,0,star_sign,ema_lr1e-2_wd1e-3,0.01,0.001,2.85689,0.13172,1860
32,0,star_sign,ema_d0.99,0.01,0.0001,2.89156,0.07634,1860
32,0,star_sign,ema_d0.9999,0.01,0.0001,2.90446,0.11398,1860
32,0,star_sign,mlp_h16,0.001,0.0,1.93001,0.81183,1860
32,0,star_sign,mlp_h32,0.001,0.0,1.71698,0.94624,1860
32,0,star_sign,mlp_h64,0.001,0.0,0.87267,1.0,1860
32,0,star_sign,mlp_h128,0.001,0.0,0.50763,1.0,1860
32,0,star_sign,attention,0.0001,1e-05,2.42637,1.0,1860
32,0,star_sign,shuffled,0.01,0.0001,2.89172,0.13817,1860
32,4,age_bin,ema_lr1e-3,0.001,0.0001,1.49944,0.35806,1860
32,4,age_bin,ema_lr5e-3,0.005,0.0001,1.43426,0.32097,1860
32,4,age_bin,ema_lr1e-2,0.01,0.0001,1.28845,0.34301,1860
32,4,age_bin,ema_lr5e-2,0.05,0.0001,1.23862,0.3457,1860
32,4,age_bin,ema_lr1e-2_wd1e-3,0.01,0.001,1.31909,0.3414,1860
32,4,age_bin,ema_d0.99,0.01,0.0001,1.35009,0.34892,1860
32,4,age_bin,ema_d0.9999,0.01,0.0001,1.31237,0.35699,1860
32,4,age_bin,mlp_h16,0.001,0.0,1.08699,0.42688,1860
32,4,age_bin,mlp_h32,0.001,0.0,1.08441,0.42849,1860
32,4,age_bin,mlp_h64,0.001,0.0,1.07395,0.42742,1860
32,4,age_bin,mlp_h128,0.001,0.0,1.07368,0.42796,1860
32,4,age_bin,attention,0.0001,1e-05,0.9992,0.49219,1860
32,4,age_bin,shuffled,0.01,0.0001,1.3444,0.34247,1860
32,4,gender,ema_lr1e-3,0.001,0.0001,1.00109,0.50968,1860
32,4,gender,ema_lr5e-3,0.005,0.0001,0.92827,0.49086,1860
32,4,gender,ema_lr1e-2,0.01,0.0001,0.93507,0.48656,1860
32,4,gender,ema_lr5e-2,0.05,0.0001,0.68096,0.57849,1860
32,4,gender,ema_lr1e-2_wd1e-3,0.01,0.001,0.91832,0.49355,1860
32,4,gender,ema_d0.99,0.01,0.0001,0.83852,0.51022,1860
32,4,gender,ema_d0.9999,0.01,0.0001,0.82315,0.54032,1860
32,4,gender,mlp_h16,0.001,0.0,0.67853,0.59247,1860
32,4,gender,mlp_h32,0.001,0.0,0.67429,0.60215,1860
32,4,gender,mlp_h64,0.001,0.0,0.66641,0.62688,1860
32,4,gender,mlp_h128,0.001,0.0,0.66809,0.61774,1860
32,4,gender,attention,0.0001,1e-05,0.67677,0.60156,1860
32,4,gender,shuffled,0.01,0.0001,0.91163,0.47849,1860
32,4,star_sign,ema_lr1e-3,0.001,0.0001,3.10831,0.1086,1860
32,4,star_sign,ema_lr5e-3,0.005,0.0001,2.88533,0.10538,1860
32,4,star_sign,ema_lr1e-2,0.01,0.0001,2.64602,0.18602,1860
32,4,star_sign,ema_lr5e-2,0.05,0.0001,1.57592,0.56667,1860
32,4,star_sign,ema_lr1e-2_wd1e-3,0.01,0.001,2.77621,0.11935,1860
32,4,star_sign,ema_d0.99,0.01,0.0001,2.67654,0.20269,1860
32,4,star_sign,ema_d0.9999,0.01,0.0001,2.63889,0.14892,1860
32,4,star_sign,mlp_h16,0.001,0.0,1.70835,0.91022,1860
32,4,star_sign,mlp_h32,0.001,0.0,1.5587,0.94892,1860
32,4,star_sign,mlp_h64,0.001,0.0,0.54807,1.0,1860
32,4,star_sign,mlp_h128,0.001,0.0,0.14247,1.0,1860
32,4,star_sign,attention,0.0001,1e-05,2.33127,0.53125,1860
32,4,star_sign,shuffled,0.01,0.0001,2.60502,0.12849,1860
32,6,age_bin,ema_lr1e-3,0.001,0.0001,1.74669,0.31129,1860
32,6,age_bin,ema_lr5e-3,0.005,0.0001,1.61476,0.34355,1860
32,6,age_bin,ema_lr1e-2,0.01,0.0001,1.5922,0.32634,1860
32,6,age_bin,ema_lr5e-2,0.05,0.0001,1.27403,0.32796,1860
32,6,age_bin,ema_lr1e-2_wd1e-3,0.01,0.001,1.46829,0.32204,1860
32,6,age_bin,ema_d0.99,0.01,0.0001,1.41291,0.38817,1860
32,6,age_bin,ema_d0.9999,0.01,0.0001,1.42331,0.35,1860
32,6,age_bin,mlp_h16,0.001,0.0,1.07933,0.4,1860
32,6,age_bin,mlp_h32,0.001,0.0,1.08887,0.40914,1860
32,6,age_bin,mlp_h64,0.001,0.0,1.06874,0.42634,1860
32,6,age_bin,mlp_h128,0.001,0.0,1.07208,0.43011,1860
32,6,age_bin,attention,0.0001,1e-05,4.99246,0.46875,1860
32,6,age_bin,shuffled,0.01,0.0001,1.4763,0.32688,1860
32,6,gender,ema_lr1e-3,0.001,0.0001,1.1872,0.45806,1860
32,6,gender,ema_lr5e-3,0.005,0.0001,0.90123,0.54355,1860
32,6,gender,ema_lr1e-2,0.01,0.0001,0.9656,0.49247,1860
32,6,gender,ema_lr5e-2,0.05,0.0001,0.73269,0.55108,1860
32,6,gender,ema_lr1e-2_wd1e-3,0.01,0.001,0.98162,0.49086,1860
32,6,gender,ema_d0.99,0.01,0.0001,0.91374,0.50538,1860
32,6,gender,ema_d0.9999,0.01,0.0001,0.98193,0.4957,1860
32,6,gender,mlp_h16,0.001,0.0,0.69142,0.51882,1860
32,6,gender,mlp_h32,0.001,0.0,0.67448,0.58548,1860
32,6,gender,mlp_h64,0.001,0.0,0.6724,0.60215,1860
32,6,gender,mlp_h128,0.001,0.0,0.6695,0.59892,1860
32,6,gender,attention,0.0001,1e-05,2.10553,0.54688,1860
32,6,gender,shuffled,0.01,0.0001,0.96912,0.51075,1860
32,6,star_sign,ema_lr1e-3,0.001,0.0001,3.27663,0.08441,1860
32,6,star_sign,ema_lr5e-3,0.005,0.0001,3.03671,0.12151,1860
32,6,star_sign,ema_lr1e-2,0.01,0.0001,2.92637,0.09677,1860
32,6,star_sign,ema_lr5e-2,0.05,0.0001,1.6721,0.49516,1860
32,6,star_sign,ema_lr1e-2_wd1e-3,0.01,0.001,2.79445,0.11559,1860
32,6,star_sign,ema_d0.99,0.01,0.0001,2.96546,0.11075,1860
32,6,star_sign,ema_d0.9999,0.01,0.0001,2.75361,0.12527,1860
32,6,star_sign,mlp_h16,0.001,0.0,1.80846,0.87688,1860
32,6,star_sign,mlp_h32,0.001,0.0,1.47949,0.98011,1860
32,6,star_sign,mlp_h64,0.001,0.0,1.468,0.99785,1860
32,6,star_sign,mlp_h128,0.001,0.0,0.26212,1.0,1860
32,6,star_sign,attention,0.0001,1e-05,2.0627,0.6875,1860
32,6,star_sign,shuffled,0.01,0.0001,2.9495,0.11559,1860
33,0,age_bin,ema_lr1e-3,0.001,0.0001,1.50573,0.36794,2071
33,0,age_bin,ema_lr5e-3,0.005,0.0001,1.52424,0.32545,2071
33,0,age_bin,ema_lr1e-2,0.01,0.0001,1.45864,0.36118,2071
33,0,age_bin,ema_lr5e-2,0.05,0.0001,1.20505,0.38967,2071
33,0,age_bin,ema_lr1e-2_wd1e-3,0.01,0.001,1.47205,0.35345,2071
33,0,age_bin,ema_d0.99,0.01,0.0001,1.5246,0.36794,2071
33,0,age_bin,ema_d0.9999,0.01,0.0001,1.44264,0.34814,2071
33,0,age_bin,mlp_h16,0.001,0.0,1.04649,0.49734,2071
33,0,age_bin,mlp_h32,0.001,0.0,1.00997,0.55915,2071
33,0,age_bin,mlp_h64,0.001,0.0,0.98543,0.55915,2071
33,0,age_bin,mlp_h128,0.001,0.0,0.98739,0.55963,2071
33,0,age_bin,attention,0.0001,1e-05,1.086,0.54688,2071
33,0,age_bin,shuffled,0.01,0.0001,1.44852,0.33607,2071
33,0,gender,ema_lr1e-3,0.001,0.0001,1.0237,0.51714,2071
33,0,gender,ema_lr5e-3,0.005,0.0001,1.10611,0.49107,2071
33,0,gender,ema_lr1e-2,0.01,0.0001,0.97312,0.50507,2071
33,0,gender,ema_lr5e-2,0.05,0.0001,0.83972,0.47562,2071
33,0,gender,ema_lr1e-2_wd1e-3,0.01,0.001,0.98526,0.51376,2071
33,0,gender,ema_d0.99,0.01,0.0001,1.0305,0.4901,2071
33,0,gender,ema_d0.9999,0.01,0.0001,1.00355,0.493,2071
33,0,gender,mlp_h16,0.001,0.0,0.70326,0.45534,2071
33,0,gender,mlp_h32,0.001,0.0,0.7009,0.46596,2071
33,0,gender,mlp_h64,0.001,0.0,0.70846,0.45147,2071
33,0,gender,mlp_h128,0.001,0.0,0.71158,0.44278,2071
33,0,gender,attention,0.0001,1e-05,0.69216,0.60156,2071
33,0,gender,shuffled,0.01,0.0001,1.00384,0.50507,2071
33,0,star_sign,ema_lr1e-3,0.001,0.0001,3.13354,0.13568,2071
33,0,star_sign,ema_lr5e-3,0.005,0.0001,3.02582,0.06567,2071
33,0,star_sign,ema_lr1e-2,0.01,0.0001,2.84126,0.13134,2071
33,0,star_sign,ema_lr5e-2,0.05,0.0001,1.7378,0.54708,2071
33,0,star_sign,ema_lr1e-2_wd1e-3,0.01,0.001,2.89248,0.11347,2071
33,0,star_sign,ema_d0.99,0.01,0.0001,2.90979,0.08353,2071
33,0,star_sign,ema_d0.9999,0.01,0.0001,2.95904,0.12265,2071
33,0,star_sign,mlp_h16,0.001,0.0,1.90884,0.84404,2071
33,0,star_sign,mlp_h32,0.001,0.0,1.68119,0.95992,2071
33,0,star_sign,mlp_h64,0.001,0.0,0.84064,1.0,2071
33,0,star_sign,mlp_h128,0.001,0.0,0.4712,1.0,2071
33,0,star_sign,attention,0.0001,1e-05,2.42719,1.0,2071
33,0,star_sign,shuffled,0.01,0.0001,2.91202,0.13617,2071
33,4,age_bin,ema_lr1e-3,0.001,0.0001,1.49237,0.37228,2071
33,4,age_bin,ema_lr5e-3,0.005,0.0001,1.32449,0.36311,2071
33,4,age_bin,ema_lr1e-2,0.01,0.0001,1.28664,0.35876,2071
33,4,age_bin,ema_lr5e-2,0.05,0.0001,1.17986,0.39691,2071
33,4,age_bin,ema_lr1e-2_wd1e-3,0.01,0.001,1.30326,0.34235,2071
33,4,age_bin,ema_d0.99,0.01,0.0001,1.30155,0.34524,2071
33,4,age_bin,ema_d0.9999,0.01,0.0001,1.34015,0.32448,2071
33,4,age_bin,mlp_h16,0.001,0.0,0.99978,0.56012,2071
33,4,age_bin,mlp_h32,0.001,0.0,0.99351,0.55963,2071
33,4,age_bin,mlp_h64,0.001,0.0,0.98826,0.56156,2071
33,4,age_bin,mlp_h128,0.001,0.0,0.98468,0.55963,2071
33,4,age_bin,attention,0.0001,1e-05,1.04379,0.53906,2071
33,4,age_bin,shuffled,0.01,0.0001,1.36746,0.33462,2071
33,4,gender,ema_lr1e-3,0.001,0.0001,0.9512,0.50845,2071
33,4,gender,ema_lr5e-3,0.005,0.0001,0.876,0.50604,2071
33,4,gender,ema_lr1e-2,0.01,0.0001,0.89232,0.50604,2071
33,4,gender,ema_lr5e-2,0.05,0.0001,0.74251,0.52197,2071
33,4,gender,ema_lr1e-2_wd1e-3,0.01,0.001,0.86483,0.51569,2071
33,4,gender,ema_d0.99,0.01,0.0001,0.84832,0.48865,2071
33,4,gender,ema_d0.9999,0.01,0.0001,0.89192,0.49396,2071
33,4,gender,mlp_h16,0.001,0.0,0.69939,0.48479,2071
33,4,gender,mlp_h32,0.001,0.0,0.70149,0.49541,2071
33,4,gender,mlp_h64,0.001,0.0,0.70335,0.48672,2071
33,4,gender,mlp_h128,0.001,0.0,0.70794,0.46692,2071
33,4,gender,attention,0.0001,1e-05,0.70984,0.40625,2071
33,4,gender,shuffled,0.01,0.0001,0.87967,0.5099,2071
33,4,star_sign,ema_lr1e-3,0.001,0.0001,3.18854,0.09561,2071
33,4,star_sign,ema_lr5e-3,0.005,0.0001,2.89177,0.1154,2071
33,4,star_sign,ema_lr1e-2,0.01,0.0001,2.72143,0.17383,2071
33,4,star_sign,ema_lr5e-2,0.05,0.0001,1.53041,0.58957,2071
33,4,star_sign,ema_lr1e-2_wd1e-3,0.01,0.001,2.75742,0.12313,2071
33,4,star_sign,ema_d0.99,0.01,0.0001,2.68473,0.20618,2071
33,4,star_sign,ema_d0.9999,0.01,0.0001,2.73245,0.13761,2071
33,4,star_sign,mlp_h16,0.001,0.0,1.68234,0.92323,2071
33,4,star_sign,mlp_h32,0.001,0.0,1.53322,0.95075,2071
33,4,star_sign,mlp_h64,0.001,0.0,0.50449,1.0,2071
33,4,star_sign,mlp_h128,0.001,0.0,0.13139,1.0,2071
33,4,star_sign,attention,0.0001,1e-05,2.33085,0.61719,2071
33,4,star_sign,shuffled,0.01,0.0001,2.61171,0.12699,2071
33,6,age_bin,ema_lr1e-3,0.001,0.0001,1.82563,0.29116,2071
33,6,age_bin,ema_lr5e-3,0.005,0.0001,1.5932,0.33076,2071
33,6,age_bin,ema_lr1e-2,0.01,0.0001,1.52413,0.34766,2071
33,6,age_bin,ema_lr5e-2,0.05,0.0001,1.18483,0.38242,2071
33,6,age_bin,ema_lr1e-2_wd1e-3,0.01,0.001,1.48973,0.32641,2071
33,6,age_bin,ema_d0.99,0.01,0.0001,1.5255,0.35876,2071
33,6,age_bin,ema_d0.9999,0.01,0.0001,1.47402,0.33076,2071
33,6,age_bin,mlp_h16,0.001,0.0,1.07579,0.41236,2071
33,6,age_bin,mlp_h32,0.001,0.0,1.00402,0.56591,2071
33,6,age_bin,mlp_h64,0.001,0.0,0.98477,0.5606,2071
33,6,age_bin,mlp_h128,0.001,0.0,0.96779,0.56156,2071
33,6,age_bin,attention,0.0001,1e-05,5.553,0.44531,2071
33,6,age_bin,shuffled,0.01,0.0001,1.45197,0.33993,2071
33,6,gender,ema_lr1e-3,0.001,0.0001,1.15083,0.49107,2071
33,6,gender,ema_lr5e-3,0.005,0.0001,0.99663,0.51859,2071
33,6,gender,ema_lr1e-2,0.01,0.0001,1.03062,0.47706,2071
33,6,gender,ema_lr5e-2,0.05,0.0001,0.81622,0.49058,2071
33,6,gender,ema_lr1e-2_wd1e-3,0.01,0.001,0.88847,0.52825,2071
33,6,gender,ema_d0.99,0.01,0.0001,0.85121,0.53742,2071
33,6,gender,ema_d0.9999,0.01,0.0001,1.00062,0.49203,2071
33,6,gender,mlp_h16,0.001,0.0,0.69405,0.53211,2071
33,6,gender,mlp_h32,0.001,0.0,0.70005,0.51086,2071
33,6,gender,mlp_h64,0.001,0.0,0.7011,0.50797,2071
33,6,gender,mlp_h128,0.001,0.0,0.70237,0.50459,2071
33,6,gender,attention,0.0001,1e-05,1.98942,0.53125,2071
33,6,gender,shuffled,0.01,0.0001,0.93184,0.50217,2071
33,6,star_sign,ema_lr1e-3,0.001,0.0001,3.06096,0.1183,2071
33,6,star_sign,ema_lr5e-3,0.005,0.0001,3.17832,0.10768,2071
33,6,star_sign,ema_lr1e-2,0.01,0.0001,2.90222,0.12023,2071
33,6,star_sign,ema_lr5e-2,0.05,0.0001,1.55567,0.53646,2071
33,6,star_sign,ema_lr1e-2_wd1e-3,0.01,0.001,2.84955,0.10913,2071
33,6,star_sign,ema_d0.99,0.01,0.0001,2.80904,0.10768,2071
33,6,star_sign,ema_d0.9999,0.01,0.0001,2.77942,0.11395,2071
33,6,star_sign,mlp_h16,0.001,0.0,1.76412,0.9015,2071
33,6,star_sign,mlp_h32,0.001,0.0,1.45971,0.986,2071
33,6,star_sign,mlp_h64,0.001,0.0,1.42187,1.0,2071
33,6,star_sign,mlp_h128,0.001,0.0,0.2329,1.0,2071
33,6,star_sign,attention,0.0001,1e-05,1.51889,0.70312,2071
33,6,star_sign,shuffled,0.01,0.0001,2.80646,0.14679,2071
34,0,age_bin,ema_lr1e-3,0.001,0.0001,1.5453,0.35254,1909
34,0,age_bin,ema_lr5e-3,0.005,0.0001,1.52868,0.33787,1909
34,0,age_bin,ema_lr1e-2,0.01,0.0001,1.43625,0.35778,1909
34,0,age_bin,ema_lr5e-2,0.05,0.0001,1.23872,0.37349,1909
34,0,age_bin,ema_lr1e-2_wd1e-3,0.01,0.001,1.46201,0.35306,1909
34,0,age_bin,ema_d0.99,0.01,0.0001,1.52061,0.36564,1909
34,0,age_bin,ema_d0.9999,0.01,0.0001,1.48498,0.33525,1909
34,0,age_bin,mlp_h16,0.001,0.0,1.06927,0.44159,1909
34,0,age_bin,mlp_h32,0.001,0.0,1.06794,0.46726,1909
34,0,age_bin,mlp_h64,0.001,0.0,1.07479,0.46988,1909
34,0,age_bin,mlp_h128,0.001,0.0,1.0814,0.46936,1909
34,0,age_bin,attention,0.0001,1e-05,1.09079,0.48438,1909
34,0,age_bin,shuffled,0.01,0.0001,1.46251,0.34416,1909
34,0,gender,ema_lr1e-3,0.001,0.0001,1.06658,0.48717,1909
34,0,gender,ema_lr5e-3,0.005,0.0001,1.01848,0.51231,1909
34,0,gender,ema_lr1e-2,0.01,0.0001,0.97246,0.48402,1909
34,0,gender,ema_lr5e-2,0.05,0.0001,0.80047,0.49398,1909
34,0,gender,ema_lr1e-2_wd1e-3,0.01,0.001,1.02188,0.48926,1909
34,0,gender,ema_d0.99,0.01,0.0001,0.96413,0.52069,1909
34,0,gender,ema_d0.9999,0.01,0.0001,1.02961,0.49136,1909
34,0,gender,mlp_h16,0.001,0.0,0.69367,0.5275,1909
34,0,gender,mlp_h32,0.001,0.0,0.69138,0.52593,1909
34,0,gender,mlp_h64,0.001,0.0,0.69186,0.52803,1909
34,0,gender,mlp_h128,0.001,0.0,0.69286,0.52645,1909
34,0,gender,attention,0.0001,1e-05,0.69394,0.46094,1909
34,0,gender,shuffled,0.01,0.0001,1.01745,0.48769,1909
34,0,star_sign,ema_lr1e-3,0.001,0.0001,3.19081,0.13358,1909
34,0,star_sign,ema_lr5e-3,0.005,0.0001,3.06426,0.06862,1909
34,0,star_sign,ema_lr1e-2,0.01,0.0001,2.81738,0.1231,1909
34,0,star_sign,ema_lr5e-2,0.05,0.0001,1.6812,0.57727,1909
34,0,star_sign,ema_lr1e-2_wd1e-3,0.01,0.001,2.92588,0.13253,1909
34,0,star_sign,ema_d0.99,0.01,0.0001,2.89078,0.08277,1909
34,0,star_sign,ema_d0.9999,0.01,0.0001,2.84168,0.13777,1909
34,0,star_sign,mlp_h16,0.001,0.0,1.89585,0.84914,1909
34,0,star_sign,mlp_h32,0.001,0.0,1.64725,0.96228,1909
34,0,star_sign,mlp_h64,0.001,0.0,0.80492,1.0,1909
34,0,star_sign,mlp_h128,0.001,0.0,0.43077,1.0,1909
34,0,star_sign,attention,0.0001,1e-05,2.42422,1.0,1909
34,0,star_sign,shuffled,0.01,0.0001,2.89283,0.1451,1909
34,4,age_bin,ema_lr1e-3,0.001,0.0001,1.4971,0.35045,1909
34,4,age_bin,ema_lr5e-3,0.005,0.0001,1.39163,0.33997,1909
34,4,age_bin,ema_lr1e-2,0.01,0.0001,1.23819,0.37507,1909
34,4,age_bin,ema_lr5e-2,0.05,0.0001,1.23767,0.34311,1909
34,4,age_bin,ema_lr1e-2_wd1e-3,0.01,0.001,1.33893,0.32216,1909
34,4,age_bin,ema_d0.99,0.01,0.0001,1.37468,0.31063,1909
34,4,age_bin,ema_d0.9999,0.01,0.0001,1.36507,0.32583,1909
34,4,age_bin,mlp_h16,0.001,0.0,1.06433,0.46988,1909
34,4,age_bin,mlp_h32,0.001,0.0,1.07596,0.46831,1909
34,4,age_bin,mlp_h64,0.001,0.0,1.08504,0.46883,1909
34,4,age_bin,mlp_h128,0.001,0.0,1.08383,0.46936,1909
34,4,age_bin,attention,0.0001,1e-05,1.09142,0.47656,1909
34,4,age_bin,shuffled,0.01,0.0001,1.32196,0.35411,1909
34,4,gender,ema_lr1e-3,0.001,0.0001,0.97038,0.50393,1909
34,4,gender,ema_lr5e-3,0.005,0.0001,0.92622,0.47931,1909
34,4,gender,ema_lr1e-2,0.01,0.0001,0.86672,0.51388,1909
34,4,gender,ema_lr5e-2,0.05,0.0001,0.77626,0.49921,1909
34,4,gender,ema_lr1e-2_wd1e-3,0.01,0.001,0.91828,0.4924,1909
34,4,gender,ema_d0.99,0.01,0.0001,0.85178,0.4835,1909
34,4,gender,ema_d0.9999,0.01,0.0001,0.86097,0.50393,1909
34,4,gender,mlp_h16,0.001,0.0,0.69173,0.52698,1909
34,4,gender,mlp_h32,0.001,0.0,0.68874,0.52855,1909
34,4,gender,mlp_h64,0.001,0.0,0.69241,0.53484,1909
34,4,gender,mlp_h128,0.001,0.0,0.68968,0.53693,1909
34,4,gender,attention,0.0001,1e-05,0.6922,0.53125,1909
34,4,gender,shuffled,0.01,0.0001,0.87107,0.49712,1909
34,4,star_sign,ema_lr1e-3,0.001,0.0001,3.11216,0.10791,1909
34,4,star_sign,ema_lr5e-3,0.005,0.0001,2.97067,0.10477,1909
34,4,star_sign,ema_lr1e-2,0.01,0.0001,2.71848,0.15296,1909
34,4,star_sign,ema_lr5e-2,0.05,0.0001,1.47943,0.62913,1909
34,4,star_sign,ema_lr1e-2_wd1e-3,0.01,0.001,2.75549,0.11262,1909
34,4,star_sign,ema_d0.99,0.01,0.0001,2.71839,0.18963,1909
34,4,star_sign,ema_d0.9999,0.01,0.0001,2.60517,0.15767,1909
34,4,star_sign,mlp_h16,0.001,0.0,1.62946,0.95128,1909
34,4,star_sign,mlp_h32,0.001,0.0,1.48718,0.97171,1909
34,4,star_sign,mlp_h64,0.001,0.0,0.45057,1.0,1909
34,4,star_sign,mlp_h128,0.001,0.0,0.10771,1.0,1909
34,4,star_sign,attention,0.0001,1e-05,2.32954,0.60938,1909
34,4,star_sign,shuffled,0.01,0.0001,2.68429,0.11001,1909
34,6,age_bin,ema_lr1e-3,0.001,0.0001,1.66787,0.32163,1909
34,6,age_bin,ema_lr5e-3,0.005,0.0001,1.50371,0.37454,1909
34,6,age_bin,ema_lr1e-2,0.01,0.0001,1.59913,0.29859,1909
34,6,age_bin,ema_lr5e-2,0.05,0.0001,1.24396,0.35621,1909
34,6,age_bin,ema_lr1e-2_wd1e-3,0.01,0.001,1.43308,0.34625,1909
34,6,age_bin,ema_d0.99,0.01,0.0001,1.46164,0.36249,1909
34,6,age_bin,ema_d0.9999,0.01,0.0001,1.44997,0.32006,1909
34,6,age_bin,mlp_h16,0.001,0.0,1.09186,0.37611,1909
34,6,age_bin,mlp_h32,0.001,0.0,1.06577,0.47197,1909
34,6,age_bin,mlp_h64,0.001,0.0,1.06581,0.47459,1909
34,6,age_bin,mlp_h128,0.001,0.0,1.08101,0.47145,1909
34,6,age_bin,attention,0.0001,1e-05,5.73477,0.34375,1909
34,6,age_bin,shuffled,0.01,0.0001,1.42313,0.33997,1909
34,6,gender,ema_lr1e-3,0.001,0.0001,1.14368,0.49502,1909
34,6,gender,ema_lr5e-3,0.005,0.0001,1.01161,0.48036,1909
34,6,gender,ema_lr1e-2,0.01,0.0001,0.9188,0.51021,1909
34,6,gender,ema_lr5e-2,0.05,0.0001,0.7806,0.51702,1909
34,6,gender,ema_lr1e-2_wd1e-3,0.01,0.001,0.96043,0.49607,1909
34,6,gender,ema_d0.99,0.01,0.0001,0.92112,0.4814,1909
34,6,gender,ema_d0.9999,0.01,0.0001,0.90433,0.51179,1909
34,6,gender,mlp_h16,0.001,0.0,0.69319,0.5275,1909
34,6,gender,mlp_h32,0.001,0.0,0.68928,0.52436,1909
34,6,gender,mlp_h64,0.001,0.0,0.68231,0.54741,1909
34,6,gender,mlp_h128,0.001,0.0,0.68362,0.53536,1909
34,6,gender,attention,0.0001,1e-05,1.91787,0.50781,1909
34,6,gender,shuffled,0.01,0.0001,0.96641,0.47355,1909
34,6,star_sign,ema_lr1e-3,0.001,0.0001,3.22577,0.08381,1909
34,6,star_sign,ema_lr5e-3,0.005,0.0001,2.95498,0.13882,1909
34,6,star_sign,ema_lr1e-2,0.01,0.0001,2.97265,0.08958,1909
34,6,star_sign,ema_lr5e-2,0.05,0.0001,1.63651,0.52593,1909
34,6,star_sign,ema_lr1e-2_wd1e-3,0.01,0.001,2.8693,0.06862,1909
34,6,star_sign,ema_d0.99,0.01,0.0001,2.98577,0.09115,1909
34,6,star_sign,ema_d0.9999,0.01,0.0001,2.80191,0.12572,1909
34,6,star_sign,mlp_h16,0.001,0.0,1.79017,0.88685,1909
34,6,star_sign,mlp_h32,0.001,0.0,1.41576,0.98638,1909
34,6,star_sign,mlp_h64,0.001,0.0,1.37283,0.9979,1909
34,6,star_sign,mlp_h128,0.001,0.0,0.21793,1.0,1909
34,6,star_sign,attention,0.0001,1e-05,2.31065,0.66406,1909
34,6,star_sign,shuffled,0.01,0.0001,2.90145,0.11891,1909
35,0,age_bin,ema_lr1e-3,0.001,0.0001,1.4857,0.36994,1876
35,0,age_bin,ema_lr5e-3,0.005,0.0001,1.56779,0.31876,1876
35,0,age_bin,ema_lr1e-2,0.01,0.0001,1.41034,0.38113,1876
35,0,age_bin,ema_lr5e-2,0.05,0.0001,1.18096,0.40405,1876
35,0,age_bin,ema_lr1e-2_wd1e-3,0.01,0.001,1.48075,0.36034,1876
35,0,age_bin,ema_d0.99,0.01,0.0001,1.49773,0.36834,1876
35,0,age_bin,ema_d0.9999,0.01,0.0001,1.40835,0.35448,1876
35,0,age_bin,mlp_h16,0.001,0.0,1.01251,0.58955,1876
35,0,age_bin,mlp_h32,0.001,0.0,0.9795,0.63326,1876
35,0,age_bin,mlp_h64,0.001,0.0,0.95218,0.63273,1876
35,0,age_bin,mlp_h128,0.001,0.0,0.95639,0.63326,1876
35,0,age_bin,attention,0.0001,1e-05,1.0851,0.58594,1876
35,0,age_bin,shuffled,0.01,0.0001,1.43063,0.33369,1876
35,0,gender,ema_lr1e-3,0.001,0.0001,1.05745,0.49041,1876
35,0,gender,ema_lr5e-3,0.005,0.0001,1.03749,0.51972,1876
35,0,gender,ema_lr1e-2,0.01,0.0001,0.96198,0.48614,1876
35,0,gender,ema_lr5e-2,0.05,0.0001,0.79063,0.4952,1876
35,0,gender,ema_lr1e-2_wd1e-3,0.01,0.001,0.978,0.51759,1876
35,0,gender,ema_d0.99,0.01,0.0001,0.95878,0.51386,1876
35,0,gender,ema_d0.9999,0.01,0.0001,0.98229,0.49094,1876
35,0,gender,mlp_h16,0.001,0.0,0.69685,0.4936,1876
35,0,gender,mlp_h32,0.001,0.0,0.69656,0.49574,1876
35,0,gender,mlp_h64,0.001,0.0,0.70024,0.49467,1876
35,0,gender,mlp_h128,0.001,0.0,0.70344,0.48987,1876
35,0,gender,attention,0.0001,1e-05,0.69359,0.49219,1876
35,0,gender,shuffled,0.01,0.0001,1.01133,0.49787,1876
35,0,star_sign,ema_lr1e-3,0.001,0.0001,3.25082,0.1162,1876
35,0,star_sign,ema_lr5e-3,0.005,0.0001,3.01989,0.06876,1876
35,0,star_sign,ema_lr1e-2,0.01,0.0001,2.76162,0.13113,1876
35,0,star_sign,ema_lr5e-2,0.05,0.0001,1.62147,0.59168,1876
35,0,star_sign,ema_lr1e-2_wd1e-3,0.01,0.001,2.87436,0.12207,1876
35,0,star_sign,ema_d0.99,0.01,0.0001,2.86136,0.08742,1876
35,0,star_sign,ema_d0.9999,0.01,0.0001,2.84695,0.12846,1876
35,0,star_sign,mlp_h16,0.001,0.0,1.88046,0.86301,1876
35,0,star_sign,mlp_h32,0.001,0.0,1.61535,0.95842,1876
35,0,star_sign,mlp_h64,0.001,0.0,0.78105,1.0,1876
35,0,star_sign,mlp_h128,0.001,0.0,0.39682,1.0,1876
35,0,star_sign,attention,0.0001,1e-05,2.42119,1.0,1876
35,0,star_sign,shuffled,0.01,0.0001,2.83998,0.14499,1876
35,4,age_bin,ema_lr1e-3,0.001,0.0001,1.52316,0.37846,1876
35,4,age_bin,ema_lr5e-3,0.005,0.0001,1.4403,0.33316,1876
35,4,age_bin,ema_lr1e-2,0.01,0.0001,1.21691,0.38486,1876
35,4,age_bin,ema_lr5e-2,0.05,0.0001,1.13398,0.41471,1876
35,4,age_bin,ema_lr1e-2_wd1e-3,0.01,0.001,1.36435,0.33262,1876
35,4,age_bin,ema_d0.99,0.01,0.0001,1.32035,0.34328,1876
35,4,age_bin,ema_d0.9999,0.01,0.0001,1.32649,0.32783,1876
35,4,age_bin,mlp_h16,0.001,0.0,0.96281,0.63326,1876
35,4,age_bin,mlp_h32,0.001,0.0,0.95129,0.63166,1876
35,4,age_bin,mlp_h64,0.001,0.0,0.95392,0.63273,1876
35,4,age_bin,mlp_h128,0.001,0.0,0.9497,0.63273,1876
35,4,age_bin,attention,0.0001,1e-05,1.01917,0.58594,1876
35,4,age_bin,shuffled,0.01,0.0001,1.31118,0.34755,1876
35,4,gender,ema_lr1e-3,0.001,0.0001,1.0431,0.47708,1876
35,4,gender,ema_lr5e-3,0.005,0.0001,0.94866,0.47815,1876
35,4,gender,ema_lr1e-2,0.01,0.0001,0.91883,0.48028,1876
35,4,gender,ema_lr5e-2,0.05,0.0001,0.76414,0.50693,1876
35,4,gender,ema_lr1e-2_wd1e-3,0.01,0.001,0.85513,0.5064,1876
35,4,gender,ema_d0.99,0.01,0.0001,0.81877,0.51652,1876
35,4,gender,ema_d0.9999,0.01,0.0001,0.85326,0.52185,1876
35,4,gender,mlp_h16,0.001,0.0,0.69684,0.4936,1876
35,4,gender,mlp_h32,0.001,0.0,0.70286,0.47868,1876
35,4,gender,mlp_h64,0.001,0.0,0.70657,0.50586,1876
35,4,gender,mlp_h128,0.001,0.0,0.71036,0.5032,1876
35,4,gender,attention,0.0001,1e-05,0.6978,0.51562,1876
35,4,gender,shuffled,0.01,0.0001,0.91657,0.47601,1876
35,4,star_sign,ema_lr1e-3,0.001,0.0001,3.03671,0.11994,1876
35,4,star_sign,ema_lr5e-3,0.005,0.0001,2.96626,0.11354,1876
35,4,star_sign,ema_lr1e-2,0.01,0.0001,2.68201,0.16684,1876
35,4,star_sign,ema_lr5e-2,0.05,0.0001,1.50258,0.61087,1876
35,4,star_sign,ema_lr1e-2_wd1e-3,0.01,0.001,2.75387,0.11834,1876
35,4,star_sign,ema_d0.99,0.01,0.0001,2.68131,0.19136,1876
35,4,star_sign,ema_d0.9999,0.01,0.0001,2.65486,0.14712,1876
35,4,star_sign,mlp_h16,0.001,0.0,1.59645,0.95149,1876
35,4,star_sign,mlp_h32,0.001,0.0,1.45898,0.96855,1876
35,4,star_sign,mlp_h64,0.001,0.0,0.42183,1.0,1876
35,4,star_sign,mlp_h128,0.001,0.0,0.09872,1.0,1876
35,4,star_sign,attention,0.0001,1e-05,2.31667,0.60156,1876
35,4,star_sign,shuffled,0.01,0.0001,2.61908,0.121,1876
35,6,age_bin,ema_lr1e-3,0.001,0.0001,1.67776,0.3129,1876
35,6,age_bin,ema_lr5e-3,0.005,0.0001,1.51118,0.35928,1876
35,6,age_bin,ema_lr1e-2,0.01,0.0001,1.41754,0.35288,1876
35,6,age_bin,ema_lr5e-2,0.05,0.0001,1.18151,0.39072,1876
35,6,age_bin,ema_lr1e-2_wd1e-3,0.01,0.001,1.39218,0.33369,1876
35,6,age_bin,ema_d0.99,0.01,0.0001,1.58546,0.3161,1876
35,6,age_bin,ema_d0.9999,0.01,0.0001,1.47642,0.32729,1876
35,6,age_bin,mlp_h16,0.001,0.0,1.04707,0.50267,1876
35,6,age_bin,mlp_h32,0.001,0.0,0.9924,0.621,1876
35,6,age_bin,mlp_h64,0.001,0.0,0.96292,0.63326,1876
35,6,age_bin,mlp_h128,0.001,0.0,0.95631,0.62313,1876
35,6,age_bin,attention,0.0001,1e-05,4.83563,0.4375,1876
35,6,age_bin,shuffled,0.01,0.0001,1.42447,0.35128,1876
35,6,gender,ema_lr1e-3,0.001,0.0001,1.10593,0.49094,1876
35,6,gender,ema_lr5e-3,0.005,0.0001,1.06532,0.46055,1876
35,6,gender,ema_lr1e-2,0.01,0.0001,0.94498,0.50213,1876
35,6,gender,ema_lr5e-2,0.05,0.0001,0.7495,0.53731,1876
35,6,gender,ema_lr1e-2_wd1e-3,0.01,0.001,0.87658,0.54424,1876
35,6,gender,ema_d0.99,0.01,0.0001,0.90912,0.50213,1876
35,6,gender,ema_d0.9999,0.01,0.0001,0.93927,0.49947,1876
35,6,gender,mlp_h16,0.001,0.0,0.70041,0.48987,1876
35,6,gender,mlp_h32,0.001,0.0,0.69966,0.5064,1876
35,6,gender,mlp_h64,0.001,0.0,0.70332,0.49147,1876
35,6,gender,mlp_h128,0.001,0.0,0.71352,0.50053,1876
35,6,gender,attention,0.0001,1e-05,1.94588,0.57031,1876
35,6,gender,shuffled,0.01,0.0001,0.93621,0.50053,1876
35,6,star_sign,ema_lr1e-3,0.001,0.0001,3.17478,0.11887,1876
35,6,star_sign,ema_lr5e-3,0.005,0.0001,2.96767,0.13539,1876
35,6,star_sign,ema_lr1e-2,0.01,0.0001,2.78008,0.13806,1876
35,6,star_sign,ema_lr5e-2,0.05,0.0001,1.63076,0.50746,1876
35,6,star_sign,ema_lr1e-2_wd1e-3,0.01,0.001,2.83945,0.08475,1876
35,6,star_sign,ema_d0.99,0.01,0.0001,2.84367,0.13593,1876
35,6,star_sign,ema_d0.9999,0.01,0.0001,2.85483,0.12527,1876
35,6,star_sign,mlp_h16,0.001,0.0,1.76592,0.90245,1876
35,6,star_sign,mlp_h32,0.001,0.0,1.39132,0.99041,1876
35,6,star_sign,mlp_h64,0.001,0.0,1.33147,1.0,1876
35,6,star_sign,mlp_h128,0.001,0.0,0.20403,1.0,1876
35,6,star_sign,attention,0.0001,1e-05,2.40633,0.71094,1876
35,6,star_sign,shuffled,0.01,0.0001,2.96714,0.14765,1876
36,0,age_bin,ema_lr1e-3,0.001,0.0001,1.60641,0.31996,1994
36,0,age_bin,ema_lr5e-3,0.005,0.0001,1.4944,0.34102,1994
36,0,age_bin,ema_lr1e-2,0.01,0.0001,1.40517,0.38215,1994
36,0,age_bin,ema_lr5e-2,0.05,0.0001,1.20925,0.39468,1994
36,0,age_bin,ema_lr1e-2_wd1e-3,0.01,0.001,1.48181,0.34905,1994
36,0,age_bin,ema_d0.99,0.01,0.0001,1.45358,0.37914,1994
36,0,age_bin,ema_d0.9999,0.01,0.0001,1.43694,0.332,1994
36,0,age_bin,mlp_h16,0.001,0.0,1.04066,0.51655,1994
36,0,age_bin,mlp_h32,0.001,0.0,1.00276,0.56118,1994
36,0,age_bin,mlp_h64,0.001,0.0,0.98217,0.55918,1994
36,0,age_bin,mlp_h128,0.001,0.0,0.97615,0.55918,1994
36,0,age_bin,attention,0.0001,1e-05,1.08462,0.5625,1994
36,0,age_bin,shuffled,0.01,0.0001,1.47055,0.32347,1994
36,0,gender,ema_lr1e-3,0.001,0.0001,1.07555,0.48796,1994
36,0,gender,ema_lr5e-3,0.005,0.0001,1.05904,0.4995,1994
36,0,gender,ema_lr1e-2,0.01,0.0001,0.99996,0.50251,1994
36,0,gender,ema_lr5e-2,0.05,0.0001,0.78966,0.5005,1994
36,0,gender,ema_lr1e-2_wd1e-3,0.01,0.001,0.999,0.4995,1994
36,0,gender,ema_d0.99,0.01,0.0001,0.96492,0.50351,1994
36,0,gender,ema_d0.9999,0.01,0.0001,0.97943,0.50401,1994
36,0,gender,mlp_h16,0.001,0.0,0.69814,0.48044,1994
36,0,gender,mlp_h32,0.001,0.0,0.69528,0.5,1994
36,0,gender,mlp_h64,0.001,0.0,0.69945,0.48245,1994
36,0,gender,mlp_h128,0.001,0.0,0.70151,0.49649,1994
36,0,gender,attention,0.0001,1e-05,0.69325,0.46094,1994
36,0,gender,shuffled,0.01,0.0001,1.01939,0.50552,1994
36,0,star_sign,ema_lr1e-3,0.001,0.0001,3.2486,0.12839,1994
36,0,star_sign,ema_lr5e-3,0.005,0.0001,2.99539,0.06068,1994
36,0,star_sign,ema_lr1e-2,0.01,0.0001,2.85023,0.12437,1994
36,0,star_sign,ema_lr5e-2,0.05,0.0001,1.62788,0.57322,1994
36,0,star_sign,ema_lr1e-2_wd1e-3,0.01,0.001,2.88534,0.11535,1994
36,0,star_sign,ema_d0.99,0.01,0.0001,2.83171,0.08576,1994
36,0,star_sign,ema_d0.9999,0.01,0.0001,2.92138,0.11585,1994
36,0,star_sign,mlp_h16,0.001,0.0,1.85684,0.86861,1994
36,0,star_sign,mlp_h32,0.001,0.0,1.56957,0.97442,1994
36,0,star_sign,mlp_h64,0.001,0.0,0.71924,1.0,1994
36,0,star_sign,mlp_h128,0.001,0.0,0.35623,1.0,1994
36,0,star_sign,attention,0.0001,1e-05,2.42124,1.0,1994
36,0,star_sign,shuffled,0.01,0.0001,2.90542,0.15346,1994
36,4,age_bin,ema_lr1e-3,0.001,0.0001,1.52578,0.37362,1994
36,4,age_bin,ema_lr5e-3,0.005,0.0001,1.38048,0.32698,1994
36,4,age_bin,ema_lr1e-2,0.01,0.0001,1.29649,0.34704,1994
36,4,age_bin,ema_lr5e-2,0.05,0.0001,1.17429,0.39569,1994
36,4,age_bin,ema_lr1e-2_wd1e-3,0.01,0.001,1.29859,0.35105,1994
36,4,age_bin,ema_d0.99,0.01,0.0001,1.36485,0.333,1994
36,4,age_bin,ema_d0.9999,0.01,0.0001,1.30181,0.35858,1994
36,4,age_bin,mlp_h16,0.001,0.0,1.00092,0.56018,1994
36,4,age_bin,mlp_h32,0.001,0.0,0.99316,0.55868,1994
36,4,age_bin,mlp_h64,0.001,0.0,0.97891,0.56018,1994
36,4,age_bin,mlp_h128,0.001,0.0,0.97591,0.56118,1994
36,4,age_bin,attention,0.0001,1e-05,0.96873,0.55469,1994
36,4,age_bin,shuffled,0.01,0.0001,1.34576,0.33952,1994
36,4,gender,ema_lr1e-3,0.001,0.0001,0.96358,0.52307,1994
36,4,gender,ema_lr5e-3,0.005,0.0001,0.89315,0.51354,1994
36,4,gender,ema_lr1e-2,0.01,0.0001,0.86708,0.5015,1994
36,4,gender,ema_lr5e-2,0.05,0.0001,0.76664,0.49799,1994
36,4,gender,ema_lr1e-2_wd1e-3,0.01,0.001,0.87545,0.49097,1994
36,4,gender,ema_d0.99,0.01,0.0001,0.84858,0.49047,1994
36,4,gender,ema_d0.9999,0.01,0.0001,0.95113,0.44132,1994
36,4,gender,mlp_h16,0.001,0.0,0.6954,0.51003,1994
36,4,gender,mlp_h32,0.001,0.0,0.69438,0.51304,1994
36,4,gender,mlp_h64,0.001,0.0,0.70111,0.48495,1994
36,4,gender,mlp_h128,0.001,0.0,0.69884,0.50301,1994
36,4,gender,attention,0.0001,1e-05,0.69835,0.49219,1994
36,4,gender,shuffled,0.01,0.0001,0.89087,0.50853,1994
36,4,star_sign,ema_lr1e-3,0.001,0.0001,3.04695,0.11936,1994
36,4,star_sign,ema_lr5e-3,0.005,0.0001,2.90144,0.1013,1994
36,4,star_sign,ema_lr1e-2,0.01,0.0001,2.65732,0.18255,1994
36,4,star_sign,ema_lr5e-2,0.05,0.0001,1.52337,0.61334,1994
36,4,star_sign,ema_lr1e-2_wd1e-3,0.01,0.001,2.69157,0.13641,1994
36,4,star_sign,ema_d0.99,0.01,0.0001,2.69548,0.18806,1994
36,4,star_sign,ema_d0.9999,0.01,0.0001,2.65143,0.14644,1994
36,4,star_sign,mlp_h16,0.001,0.0,1.59616,0.95486,1994
36,4,star_sign,mlp_h32,0.001,0.0,1.46117,0.97643,1994
36,4,star_sign,mlp_h64,0.001,0.0,0.39985,1.0,1994
36,4,star_sign,mlp_h128,0.001,0.0,0.09128,1.0,1994
36,4,star_sign,attention,0.0001,1e-05,2.30123,0.65625,1994
36,4,star_sign,shuffled,0.01,0.0001,2.5665,0.1339,1994
36,6,age_bin,ema_lr1e-3,0.001,0.0001,1.74702,0.31595,1994
36,6,age_bin,ema_lr5e-3,0.005,0.0001,1.57785,0.34052,1994
36,6,age_bin,ema_lr1e-2,0.01,0.0001,1.50454,0.34002,1994
36,6,age_bin,ema_lr5e-2,0.05,0.0001,1.19661,0.38716,1994
36,6,age_bin,ema_lr1e-2_wd1e-3,0.01,0.001,1.36172,0.35958,1994
36,6,age_bin,ema_d0.99,0.01,0.0001,1.43662,0.35356,1994
36,6,age_bin,ema_d0.9999,0.01,0.0001,1.44521,0.35757,1994
36,6,age_bin,mlp_h16,0.001,0.0,1.06325,0.45737,1994
36,6,age_bin,mlp_h32,0.001,0.0,1.00741,0.54714,1994
36,6,age_bin,mlp_h64,0.001,0.0,0.9881,0.55968,1994
36,6,age_bin,mlp_h128,0.001,0.0,0.98156,0.55567,1994
36,6,age_bin,attention,0.0001,1e-05,5.29572,0.39844,1994
36,6,age_bin,shuffled,0.01,0.0001,1.42513,0.35406,1994
36,6,gender,ema_lr1e-3,0.001,0.0001,1.16313,0.48947,1994
36,6,gender,ema_lr5e-3,0.005,0.0001,1.00494,0.48295,1994
36,6,gender,ema_lr1e-2,0.01,0.0001,0.9819,0.48245,1994
36,6,gender,ema_lr5e-2,0.05,0.0001,0.77214,0.5005,1994
36,6,gender,ema_lr1e-2_wd1e-3,0.01,0.001,0.95079,0.50401,1994
36,6,gender,ema_d0.99,0.01,0.0001,0.96571,0.49348,1994
36,6,gender,ema_d0.9999,0.01,0.0001,1.02268,0.46941,1994
36,6,gender,mlp_h16,0.001,0.0,0.692,0.52006,1994
36,6,gender,mlp_h32,0.001,0.0,0.67904,0.5667,1994
36,6,gender,mlp_h64,0.001,0.0,0.68724,0.55567,1994
36,6,gender,mlp_h128,0.001,0.0,0.68588,0.54514,1994
36,6,gender,attention,0.0001,1e-05,1.96819,0.5,1994
36,6,gender,shuffled,0.01,0.0001,0.9344,0.50853,1994
36,6,star_sign,ema_lr1e-3,0.001,0.0001,3.00245,0.12788,1994
36,6,star_sign,ema_lr5e-3,0.005,0.0001,3.02457,0.11535,1994
36,6,star_sign,ema_lr1e-2,0.01,0.0001,2.77729,0.12738,1994
36,6,star_sign,ema_lr5e-2,0.05,0.0001,1.56358,0.54313,1994
36,6,star_sign,ema_lr1e-2_wd1e-3,0.01,0.001,2.70797,0.11685,1994
36,6,star_sign,ema_d0.99,0.01,0.0001,3.04498,0.09729,1994
36,6,star_sign,ema_d0.9999,0.01,0.0001,2.8035,0.14794,1994
36,6,star_sign,mlp_h16,0.001,0.0,1.74781,0.91926,1994
36,6,star_sign,mlp_h32,0.001,0.0,1.38867,0.98546,1994
36,6,star_sign,mlp_h64,0.001,0.0,1.30083,1.0,1994
36,6,star_sign,mlp_h128,0.001,0.0,0.1841,1.0,1994
36,6,star_sign,attention,0.0001,1e-05,1.97243,0.73438,1994
36,6,star_sign,shuffled,0.01,0.0001,2.96258,0.14493,1994
37,0,age_bin,ema_lr1e-3,0.001,0.0001,1.55964,0.34279,1762
37,0,age_bin,ema_lr5e-3,0.005,0.0001,1.52509,0.34279,1762
37,0,age_bin,ema_lr1e-2,0.01,0.0001,1.39982,0.36776,1762
37,0,age_bin,ema_lr5e-2,0.05,0.0001,1.23418,0.39274,1762
37,0,age_bin,ema_lr1e-2_wd1e-3,0.01,0.001,1.52153,0.32917,1762
37,0,age_bin,ema_d0.99,0.01,0.0001,1.4684,0.38138,1762
37,0,age_bin,ema_d0.9999,0.01,0.0001,1.50009,0.32123,1762
37,0,age_bin,mlp_h16,0.001,0.0,1.07337,0.43984,1762
37,0,age_bin,mlp_h32,0.001,0.0,1.06365,0.45857,1762
37,0,age_bin,mlp_h64,0.001,0.0,1.07585,0.45857,1762
37,0,age_bin,mlp_h128,0.001,0.0,1.07504,0.458,1762
37,0,age_bin,attention,0.0001,1e-05,1.08951,0.49219,1762
37,0,age_bin,shuffled,0.01,0.0001,1.45098,0.34222,1762
37,0,gender,ema_lr1e-3,0.001,0.0001,1.01542,0.52213,1762
37,0,gender,ema_lr5e-3,0.005,0.0001,1.0385,0.48751,1762
37,0,gender,ema_lr1e-2,0.01,0.0001,0.99297,0.46879,1762
37,0,gender,ema_lr5e-2,0.05,0.0001,0.77679,0.521,1762
37,0,gender,ema_lr1e-2_wd1e-3,0.01,0.001,1.02369,0.49716,1762
37,0,gender,ema_d0.99,0.01,0.0001,0.98191,0.521,1762
37,0,gender,ema_d0.9999,0.01,0.0001,0.97166,0.51986,1762
37,0,gender,mlp_h16,0.001,0.0,0.68317,0.56697,1762
37,0,gender,mlp_h32,0.001,0.0,0.68386,0.55051,1762
37,0,gender,mlp_h64,0.001,0.0,0.67583,0.59024,1762
37,0,gender,mlp_h128,0.001,0.0,0.67303,0.59421,1762
37,0,gender,attention,0.0001,1e-05,0.69275,0.5,1762
37,0,gender,shuffled,0.01,0.0001,0.99663,0.5,1762
37,0,star_sign,ema_lr1e-3,0.001,0.0001,3.20405,0.12259,1762
37,0,star_sign,ema_lr5e-3,0.005,0.0001,3.01293,0.063,1762
37,0,star_sign,ema_lr1e-2,0.01,0.0001,2.7116,0.14359,1762
37,0,star_sign,ema_lr5e-2,0.05,0.0001,1.58169,0.58854,1762
37,0,star_sign,ema_lr1e-2_wd1e-3,0.01,0.001,2.83007,0.12543,1762
37,0,star_sign,ema_d0.99,0.01,0.0001,2.84498,0.09421,1762
37,0,star_sign,ema_d0.9999,0.01,0.0001,2.86663,0.11975,1762
37,0,star_sign,mlp_h16,0.001,0.0,1.8084,0.88309,1762
37,0,star_sign,mlp_h32,0.001,0.0,1.53726,0.97219,1762
37,0,star_sign,mlp_h64,0.001,0.0,0.68231,1.0,1762
37,0,star_sign,mlp_h128,0.001,0.0,0.32646,1.0,1762
37,0,star_sign,attention,0.0001,1e-05,2.41803,1.0,1762
37,0,star_sign,shuffled,0.01,0.0001,2.81736,0.15607,1762
37,4,age_bin,ema_lr1e-3,0.001,0.0001,1.50422,0.36833,1762
37,4,age_bin,ema_lr5e-3,0.005,0.0001,1.4274,0.33314,1762
37,4,age_bin,ema_lr1e-2,0.01,0.0001,1.31826,0.34393,1762
37,4,age_bin,ema_lr5e-2,0.05,0.0001,1.16251,0.3882,1762
37,4,age_bin,ema_lr1e-2_wd1e-3,0.01,0.001,1.3577,0.31896,1762
37,4,age_bin,ema_d0.99,0.01,0.0001,1.32181,0.35187,1762
37,4,age_bin,ema_d0.9999,0.01,0.0001,1.3393,0.33371,1762
37,4,age_bin,mlp_h16,0.001,0.0,1.07617,0.45857,1762
37,4,age_bin,mlp_h32,0.001,0.0,1.07847,0.4597,1762
37,4,age_bin,mlp_h64,0.001,0.0,1.08404,0.45857,1762
37,4,age_bin,mlp_h128,0.001,0.0,1.08428,0.45857,1762
37,4,age_bin,attention,0.0001,1e-05,1.04427,0.49219,1762
37,4,age_bin,shuffled,0.01,0.0001,1.29939,0.3496,1762
37,4,gender,ema_lr1e-3,0.001,0.0001,0.99725,0.49262,1762
37,4,gender,ema_lr5e-3,0.005,0.0001,0.94107,0.48751,1762
37,4,gender,ema_lr1e-2,0.01,0.0001,0.88588,0.51362,1762
37,4,gender,ema_lr5e-2,0.05,0.0001,0.74698,0.51532,1762
37,4,gender,ema_lr1e-2_wd1e-3,0.01,0.001,0.88764,0.49376,1762
37,4,gender,ema_d0.99,0.01,0.0001,0.85078,0.50114,1762
37,4,gender,ema_d0.9999,0.01,0.0001,0.88846,0.47276,1762
37,4,gender,mlp_h16,0.001,0.0,0.6904,0.54427,1762
37,4,gender,mlp_h32,0.001,0.0,0.67463,0.59705,1762
37,4,gender,mlp_h64,0.001,0.0,0.6724,0.58343,1762
37,4,gender,mlp_h128,0.001,0.0,0.6668,0.59251,1762
37,4,gender,attention,0.0001,1e-05,0.68763,0.5625,1762
37,4,gender,shuffled,0.01,0.0001,0.88294,0.50341,1762
37,4,star_sign,ema_lr1e-3,0.001,0.0001,3.01668,0.12145,1762
37,4,star_sign,ema_lr5e-3,0.005,0.0001,2.91965,0.11918,1762
37,4,star_sign,ema_lr1e-2,0.01,0.0001,2.70149,0.16969,1762
37,4,star_sign,ema_lr5e-2,0.05,0.0001,1.41052,0.66515,1762
37,4,star_sign,ema_lr1e-2_wd1e-3,0.01,0.001,2.77578,0.1118,1762
37,4,star_sign,ema_d0.99,0.01,0.0001,2.63873,0.20261,1762
37,4,star_sign,ema_d0.9999,0.01,0.0001,2.61547,0.14813,1762
37,4,star_sign,mlp_h16,0.001,0.0,1.54744,0.97219,1762
37,4,star_sign,mlp_h32,0.001,0.0,1.40456,0.98297,1762
37,4,star_sign,mlp_h64,0.001,0.0,0.35632,1.0,1762
37,4,star_sign,mlp_h128,0.001,0.0,0.08037,1.0,1762
37,4,star_sign,attention,0.0001,1e-05,2.29655,0.64062,1762
37,4,star_sign,shuffled,0.01,0.0001,2.59833,0.13167,1762
37,6,age_bin,ema_lr1e-3,0.001,0.0001,1.67403,0.34279,1762
37,6,age_bin,ema_lr5e-3,0.005,0.0001,1.60881,0.33428,1762
37,6,age_bin,ema_lr1e-2,0.01,0.0001,1.54495,0.3059,1762
37,6,age_bin,ema_lr5e-2,0.05,0.0001,1.24696,0.35698,1762
37,6,age_bin,ema_lr1e-2_wd1e-3,0.01,0.001,1.43657,0.3479,1762
37,6,age_bin,ema_d0.99,0.01,0.0001,1.53108,0.30306,1762
37,6,age_bin,ema_d0.9999,0.01,0.0001,1.42074,0.3286,1762
37,6,age_bin,mlp_h16,0.001,0.0,1.08674,0.38649,1762
37,6,age_bin,mlp_h32,0.001,0.0,1.08406,0.4563,1762
37,6,age_bin,mlp_h64,0.001,0.0,1.08852,0.458,1762
37,6,age_bin,mlp_h128,0.001,0.0,1.09466,0.45743,1762
37,6,age_bin,attention,0.0001,1e-05,4.85799,0.375,1762
37,6,age_bin,shuffled,0.01,0.0001,1.40217,0.35471,1762
37,6,gender,ema_lr1e-3,0.001,0.0001,1.07697,0.4983,1762
37,6,gender,ema_lr5e-3,0.005,0.0001,0.91055,0.53632,1762
37,6,gender,ema_lr1e-2,0.01,0.0001,0.90398,0.51759,1762
37,6,gender,ema_lr5e-2,0.05,0.0001,0.75913,0.50397,1762
37,6,gender,ema_lr1e-2_wd1e-3,0.01,0.001,0.98775,0.47276,1762
37,6,gender,ema_d0.99,0.01,0.0001,1.01143,0.46481,1762
37,6,gender,ema_d0.9999,0.01,0.0001,0.94607,0.51078,1762
37,6,gender,mlp_h16,0.001,0.0,0.68389,0.55278,1762
37,6,gender,mlp_h32,0.001,0.0,0.67607,0.57832,1762
37,6,gender,mlp_h64,0.001,0.0,0.66763,0.58683,1762
37,6,gender,mlp_h128,0.001,0.0,0.66463,0.58513,1762
37,6,gender,attention,0.0001,1e-05,2.0467,0.50781,1762
37,6,gender,shuffled,0.01,0.0001,0.9742,0.47219,1762
37,6,star_sign,ema_lr1e-3,0.001,0.0001,3.19522,0.09705,1762
37,6,star_sign,ema_lr5e-3,0.005,0.0001,3.10315,0.10499,1762
37,6,star_sign,ema_lr1e-2,0.01,0.0001,2.85504,0.1328,1762
37,6,star_sign,ema_lr5e-2,0.05,0.0001,1.60366,0.54654,1762
37,6,star_sign,ema_lr1e-2_wd1e-3,0.01,0.001,2.85791,0.08116,1762
37,6,star_sign,ema_d0.99,0.01,0.0001,2.89715,0.10726,1762
37,6,star_sign,ema_d0.9999,0.01,0.0001,2.88052,0.11464,1762
37,6,star_sign,mlp_h16,0.001,0.0,1.7263,0.92282,1762
37,6,star_sign,mlp_h32,0.001,0.0,1.30377,0.99149,1762
37,6,star_sign,mlp_h64,0.001,0.0,1.23371,0.99943,1762
37,6,star_sign,mlp_h128,0.001,0.0,0.16286,1.0,1762
37,6,star_sign,attention,0.0001,1e-05,1.41444,0.78906,1762
37,6,star_sign,shuffled,0.01,0.0001,2.81415,0.13507,1762
38,0,age_bin,ema_lr1e-3,0.001,0.0001,1.54041,0.34688,1969
38,0,age_bin,ema_lr5e-3,0.005,0.0001,1.55548,0.32098,1969
38,0,age_bin,ema_lr1e-2,0.01,0.0001,1.46684,0.3357,1969
38,0,age_bin,ema_lr5e-2,0.05,0.0001,1.23941,0.38294,1969
38,0,age_bin,ema_lr1e-2_wd1e-3,0.01,0.001,1.44367,0.33621,1969
38,0,age_bin,ema_d0.99,0.01,0.0001,1.52304,0.35399,1969
38,0,age_bin,ema_d0.9999,0.01,0.0001,1.42096,0.34332,1969
38,0,age_bin,mlp_h16,0.001,0.0,1.0667,0.46013,1969
38,0,age_bin,mlp_h32,0.001,0.0,1.05691,0.48045,1969
38,0,age_bin,mlp_h64,0.001,0.0,1.06075,0.47994,1969
38,0,age_bin,mlp_h128,0.001,0.0,1.06408,0.47994,1969
38,0,age_bin,attention,0.0001,1e-05,1.08894,0.48438,1969
38,0,age_bin,shuffled,0.01,0.0001,1.45261,0.33062,1969
38,0,gender,ema_lr1e-3,0.001,0.0001,1.0494,0.47994,1969
38,0,gender,ema_lr5e-3,0.005,0.0001,1.04437,0.50381,1969
38,0,gender,ema_lr1e-2,0.01,0.0001,0.9499,0.51397,1969
38,0,gender,ema_lr5e-2,0.05,0.0001,0.77667,0.50127,1969
38,0,gender,ema_lr1e-2_wd1e-3,0.01,0.001,0.99083,0.50736,1969
38,0,gender,ema_d0.99,0.01,0.0001,0.97554,0.48959,1969
38,0,gender,ema_d0.9999,0.01,0.0001,0.96981,0.51701,1969
38,0,gender,mlp_h16,0.001,0.0,0.69952,0.47486,1969
38,0,gender,mlp_h32,0.001,0.0,0.69972,0.47486,1969
38,0,gender,mlp_h64,0.001,0.0,0.70769,0.45861,1969
38,0,gender,mlp_h128,0.001,0.0,0.71586,0.44236,1969
38,0,gender,attention,0.0001,1e-05,0.69218,0.60938,1969
38,0,gender,shuffled,0.01,0.0001,1.05514,0.48908,1969
38,0,star_sign,ema_lr1e-3,0.001,0.0001,3.20549,0.14068,1969
38,0,star_sign,ema_lr5e-3,0.005,0.0001,3.00816,0.07263,1969
38,0,star_sign,ema_lr1e-2,0.01,0.0001,2.80661,0.13509,1969
38,0,star_sign,ema_lr5e-2,0.05,0.0001,1.56317,0.5937,1969
38,0,star_sign,ema_lr1e-2_wd1e-3,0.01,0.001,2.8524,0.11783,1969
38,0,star_sign,ema_d0.99,0.01,0.0001,2.81846,0.09599,1969
38,0,star_sign,ema_d0.9999,0.01,0.0001,2.80085,0.14119,1969
38,0,star_sign,mlp_h16,0.001,0.0,1.82834,0.88522,1969
38,0,star_sign,mlp_h32,0.001,0.0,1.49663,0.98527,1969
38,0,star_sign,mlp_h64,0.001,0.0,0.65315,1.0,1969
38,0,star_sign,mlp_h128,0.001,0.0,0.30221,1.0,1969
38,0,star_sign,attention,0.0001,1e-05,2.41789,1.0,1969
38,0,star_sign,shuffled,0.01,0.0001,2.88233,0.15541,1969
38,4,age_bin,ema_lr1e-3,0.001,0.0001,1.56373,0.32504,1969
38,4,age_bin,ema_lr5e-3,0.005,0.0001,1.41197,0.32707,1969
38,4,age_bin,ema_lr1e-2,0.01,0.0001,1.25336,0.36516,1969
38,4,age_bin,ema_lr5e-2,0.05,0.0001,1.14713,0.40477,1969
38,4,age_bin,ema_lr1e-2_wd1e-3,0.01,0.001,1.32058,0.3357,1969
38,4,age_bin,ema_d0.99,0.01,0.0001,1.30555,0.35145,1969
38,4,age_bin,ema_d0.9999,0.01,0.0001,1.35899,0.33977,1969
38,4,age_bin,mlp_h16,0.001,0.0,1.05445,0.47994,1969
38,4,age_bin,mlp_h32,0.001,0.0,1.06172,0.47892,1969
38,4,age_bin,mlp_h64,0.001,0.0,1.05394,0.47994,1969
38,4,age_bin,mlp_h128,0.001,0.0,1.05512,0.47994,1969
38,4,age_bin,attention,0.0001,1e-05,1.06185,0.49219,1969
38,4,age_bin,shuffled,0.01,0.0001,1.30957,0.34688,1969
38,4,gender,ema_lr1e-3,0.001,0.0001,0.95219,0.5094,1969
38,4,gender,ema_lr5e-3,0.005,0.0001,0.96565,0.47334,1969
38,4,gender,ema_lr1e-2,0.01,0.0001,0.86356,0.51651,1969
38,4,gender,ema_lr5e-2,0.05,0.0001,0.75756,0.48349,1969
38,4,gender,ema_lr1e-2_wd1e-3,0.01,0.001,0.92927,0.45912,1969
38,4,gender,ema_d0.99,0.01,0.0001,0.86956,0.47283,1969
38,4,gender,ema_d0.9999,0.01,0.0001,0.90439,0.48299,1969
38,4,gender,mlp_h16,0.001,0.0,0.70577,0.45708,1969
38,4,gender,mlp_h32,0.001,0.0,0.70458,0.47131,1969
38,4,gender,mlp_h64,0.001,0.0,0.71839,0.44236,1969
38,4,gender,mlp_h128,0.001,0.0,0.72076,0.45201,1969
38,4,gender,attention,0.0001,1e-05,0.69691,0.48438,1969
38,4,gender,shuffled,0.01,0.0001,0.90618,0.47435,1969
38,4,star_sign,ema_lr1e-3,0.001,0.0001,3.06858,0.1031,1969
38,4,star_sign,ema_lr5e-3,0.005,0.0001,2.94085,0.1097,1969
38,4,star_sign,ema_lr1e-2,0.01,0.0001,2.57612,0.19705,1969
38,4,star_sign,ema_lr5e-2,0.05,0.0001,1.37636,0.68766,1969
38,4,star_sign,ema_lr1e-2_wd1e-3,0.01,0.001,2.65923,0.14779,1969
38,4,star_sign,ema_d0.99,0.01,0.0001,2.67518,0.19248,1969
38,4,star_sign,ema_d0.9999,0.01,0.0001,2.56349,0.16353,1969
38,4,star_sign,mlp_h16,0.001,0.0,1.50809,0.97461,1969
38,4,star_sign,mlp_h32,0.001,0.0,1.35048,0.99137,1969
38,4,star_sign,mlp_h64,0.001,0.0,0.32049,1.0,1969
38,4,star_sign,mlp_h128,0.001,0.0,0.06926,1.0,1969
38,4,star_sign,attention,0.0001,1e-05,2.29738,0.6875,1969
38,4,star_sign,shuffled,0.01,0.0001,2.58282,0.13357,1969
38,6,age_bin,ema_lr1e-3,0.001,0.0001,1.63783,0.35348,1969
38,6,age_bin,ema_lr5e-3,0.005,0.0001,1.58256,0.34332,1969
38,6,age_bin,ema_lr1e-2,0.01,0.0001,1.45096,0.3352,1969
38,6,age_bin,ema_lr5e-2,0.05,0.0001,1.20683,0.3743,1969
38,6,age_bin,ema_lr1e-2_wd1e-3,0.01,0.001,1.50326,0.31082,1969
38,6,age_bin,ema_d0.99,0.01,0.0001,1.48052,0.34383,1969
38,6,age_bin,ema_d0.9999,0.01,0.0001,1.42683,0.33723,1969
38,6,age_bin,mlp_h16,0.001,0.0,1.08457,0.42103,1969
38,6,age_bin,mlp_h32,0.001,0.0,1.06506,0.47181,1969
38,6,age_bin,mlp_h64,0.001,0.0,1.05948,0.47994,1969
38,6,age_bin,mlp_h128,0.001,0.0,1.0723,0.48045,1969
38,6,age_bin,attention,0.0001,1e-05,6.31318,0.32812,1969
38,6,age_bin,shuffled,0.01,0.0001,1.39677,0.34231,1969
38,6,gender,ema_lr1e-3,0.001,0.0001,1.06304,0.52362,1969
38,6,gender,ema_lr5e-3,0.005,0.0001,0.99681,0.49365,1969
38,6,gender,ema_lr1e-2,0.01,0.0001,0.91204,0.53428,1969
38,6,gender,ema_lr5e-2,0.05,0.0001,0.77983,0.5033,1969
38,6,gender,ema_lr1e-2_wd1e-3,0.01,0.001,1.00495,0.48146,1969
38,6,gender,ema_d0.99,0.01,0.0001,0.87313,0.52158,1969
38,6,gender,ema_d0.9999,0.01,0.0001,0.87373,0.51905,1969
38,6,gender,mlp_h16,0.001,0.0,0.69579,0.52412,1969
38,6,gender,mlp_h32,0.001,0.0,0.7039,0.50127,1969
38,6,gender,mlp_h64,0.001,0.0,0.71215,0.47943,1969
38,6,gender,mlp_h128,0.001,0.0,0.72064,0.47791,1969
38,6,gender,attention,0.0001,1e-05,2.52396,0.46094,1969
38,6,gender,shuffled,0.01,0.0001,0.95533,0.48756,1969
38,6,star_sign,ema_lr1e-3,0.001,0.0001,3.2127,0.09345,1969
38,6,star_sign,ema_lr5e-3,0.005,0.0001,2.89211,0.14982,1969
38,6,star_sign,ema_lr1e-2,0.01,0.0001,3.0045,0.11021,1969
38,6,star_sign,ema_lr5e-2,0.05,0.0001,1.50556,0.59218,1969
38,6,star_sign,ema_lr1e-2_wd1e-3,0.01,0.001,2.71001,0.10665,1969
38,6,star_sign,ema_d0.99,0.01,0.0001,3.01244,0.09243,1969
38,6,star_sign,ema_d0.9999,0.01,0.0001,2.77141,0.13205,1969
38,6,star_sign,mlp_h16,0.001,0.0,1.69342,0.92179,1969
38,6,star_sign,mlp_h32,0.001,0.0,1.28487,0.99644,1969
38,6,star_sign,mlp_h64,0.001,0.0,1.22348,1.0,1969
38,6,star_sign,mlp_h128,0.001,0.0,0.1515,1.0,1969
38,6,star_sign,attention,0.0001,1e-05,1.44502,0.78906,1969
38,6,star_sign,shuffled,0.01,0.0001,2.70087,0.16404,1969
39,0,age_bin,ema_lr1e-3,0.001,0.0001,1.55002,0.35871,1734
39,0,age_bin,ema_lr5e-3,0.005,0.0001,1.52331,0.32353,1734
39,0,age_bin,ema_lr1e-2,0.01,0.0001,1.38316,0.37774,1734
39,0,age_bin,ema_lr5e-2,0.05,0.0001,1.1858,0.41176,1734
39,0,age_bin,ema_lr1e-2_wd1e-3,0.01,0.001,1.4313,0.35986,1734
39,0,age_bin,ema_d0.99,0.01,0.0001,1.45812,0.36794,1734
39,0,age_bin,ema_d0.9999,0.01,0.0001,1.43419,0.34256,1734
39,0,age_bin,mlp_h16,0.001,0.0,1.03156,0.55248,1734
39,0,age_bin,mlp_h32,0.001,0.0,0.98652,0.57843,1734
39,0,age_bin,mlp_h64,0.001,0.0,0.96506,0.57901,1734
39,0,age_bin,mlp_h128,0.001,0.0,0.96784,0.57785,1734
39,0,age_bin,attention,0.0001,1e-05,1.08418,0.54688,1734
39,0,age_bin,shuffled,0.01,0.0001,1.4567,0.32987,1734
39,0,gender,ema_lr1e-3,0.001,0.0001,1.04157,0.50173,1734
39,0,gender,ema_lr5e-3,0.005,0.0001,1.02362,0.51153,1734
39,0,gender,ema_lr1e-2,0.01,0.0001,0.98479,0.4827,1734
39,0,gender,ema_lr5e-2,0.05,0.0001,0.78765,0.49654,1734
39,0,gender,ema_lr1e-2_wd1e-3,0.01,0.001,1.01759,0.50692,1734
39,0,gender,ema_d0.99,0.01,0.0001,0.93405,0.52076,1734
39,0,gender,ema_d0.9999,0.01,0.0001,0.98662,0.4925,1734
39,0,gender,mlp_h16,0.001,0.0,0.6888,0.53633,1734
39,0,gender,mlp_h32,0.001,0.0,0.68642,0.5496,1734
39,0,gender,mlp_h64,0.001,0.0,0.68396,0.55363,1734
39,0,gender,mlp_h128,0.001,0.0,0.68798,0.54095,1734
39,0,gender,attention,0.0001,1e-05,0.69322,0.47656,1734
39,0,gender,shuffled,0.01,0.0001,1.00122,0.48789,1734
39,0,star_sign,ema_lr1e-3,0.001,0.0001,3.22436,0.1188,1734
39,0,star_sign,ema_lr5e-3,0.005,0.0001,2.92307,0.07209,1734
39,0,star_sign,ema_lr1e-2,0.01,0.0001,2.74194,0.12168,1734
39,0,star_sign,ema_lr5e-2,0.05,0.0001,1.51593,0.62284,1734
39,0,star_sign,ema_lr1e-2_wd1e-3,0.01,0.001,2.8409,0.14129,1734
39,0,star_sign,ema_d0.99,0.01,0.0001,2.86501,0.07555,1734
39,0,star_sign,ema_d0.9999,0.01,0.0001,2.8002,0.13091,1734
39,0,star_sign,mlp_h16,0.001,0.0,1.78383,0.89273,1734
39,0,star_sign,mlp_h32,0.001,0.0,1.474,0.99077,1734
39,0,star_sign,mlp_h64,0.001,0.0,0.6257,1.0,1734
39,0,star_sign,mlp_h128,0.001,0.0,0.27006,1.0,1734
39,0,star_sign,attention,0.0001,1e-05,2.41342,1.0,1734
39,0,star_sign,shuffled,0.01,0.0001,2.86339,0.15744,1734
39,4,age_bin,ema_lr1e-3,0.001,0.0001,1.49587,0.38062,1734
39,4,age_bin,ema_lr5e-3,0.005,0.0001,1.40916,0.31488,1734
39,4,age_bin,ema_lr1e-2,0.01,0.0001,1.26185,0.34775,1734
39,4,age_bin,ema_lr5e-2,0.05,0.0001,1.12373,0.42445,1734
39,4,age_bin,ema_lr1e-2_wd1e-3,0.01,0.001,1.25702,0.37716,1734
39,4,age_bin,ema_d0.99,0.01,0.0001,1.27452,0.34948,1734
39,4,age_bin,ema_d0.9999,0.01,0.0001,1.35232,0.31546,1734
39,4,age_bin,mlp_h16,0.001,0.0,0.97957,0.57728,1734
39,4,age_bin,mlp_h32,0.001,0.0,0.97625,0.57728,1734
39,4,age_bin,mlp_h64,0.001,0.0,0.96913,0.57958,1734
39,4,age_bin,mlp_h128,0.001,0.0,0.96606,0.57901,1734
39,4,age_bin,attention,0.0001,1e-05,1.01061,0.54688,1734
39,4,age_bin,shuffled,0.01,0.0001,1.33352,0.33795,1734
39,4,gender,ema_lr1e-3,0.001,0.0001,0.9895,0.49712,1734
39,4,gender,ema_lr5e-3,0.005,0.0001,0.92767,0.49769,1734
39,4,gender,ema_lr1e-2,0.01,0.0001,0.90517,0.50173,1734
39,4,gender,ema_lr5e-2,0.05,0.0001,0.75582,0.50865,1734
39,4,gender,ema_lr1e-2_wd1e-3,0.01,0.001,0.88284,0.49596,1734
39,4,gender,ema_d0.99,0.01,0.0001,0.80893,0.50577,1734
39,4,gender,ema_d0.9999,0.01,0.0001,0.869,0.48097,1734
39,4,gender,mlp_h16,0.001,0.0,0.69344,0.51384,1734
39,4,gender,mlp_h32,0.001,0.0,0.68828,0.53691,1734
39,4,gender,mlp_h64,0.001,0.0,0.68527,0.53403,1734
39,4,gender,mlp_h128,0.001,0.0,0.68381,0.53114,1734
39,4,gender,attention,0.0001,1e-05,0.6941,0.55469,1734
39,4,gender,shuffled,0.01,0.0001,0.86315,0.49769,1734
39,4,star_sign,ema_lr1e-3,0.001,0.0001,3.06374,0.11188,1734
39,4,star_sign,ema_lr5e-3,0.005,0.0001,2.92022,0.11073,1734
39,4,star_sign,ema_lr1e-2,0.01,0.0001,2.62332,0.16667,1734
39,4,star_sign,ema_lr5e-2,0.05,0.0001,1.37653,0.69435,1734
39,4,star_sign,ema_lr1e-2_wd1e-3,0.01,0.001,2.69411,0.13899,1734
39,4,star_sign,ema_d0.99,0.01,0.0001,2.64986,0.17647,1734
39,4,star_sign,ema_d0.9999,0.01,0.0001,2.59138,0.18108,1734
39,4,star_sign,mlp_h16,0.001,0.0,1.47281,0.97809,1734
39,4,star_sign,mlp_h32,0.001,0.0,1.31667,0.99308,1734
39,4,star_sign,mlp_h64,0.001,0.0,0.29618,1.0,1734
39,4,star_sign,mlp_h128,0.001,0.0,0.0638,1.0,1734
39,4,star_sign,attention,0.0001,1e-05,2.28467,0.69531,1734
39,4,star_sign,shuffled,0.01,0.0001,2.61587,0.11765,1734
39,6,age_bin,ema_lr1e-3,0.001,0.0001,1.59318,0.33391,1734
39,6,age_bin,ema_lr5e-3,0.005,0.0001,1.60117,0.34141,1734
39,6,age_bin,ema_lr1e-2,0.01,0.0001,1.42936,0.34544,1734
39,6,age_bin,ema_lr5e-2,0.05,0.0001,1.14965,0.38639,1734
39,6,age_bin,ema_lr1e-2_wd1e-3,0.01,0.001,1.33558,0.37024,1734
39,6,age_bin,ema_d0.99,0.01,0.0001,1.38629,0.38351,1734
39,6,age_bin,ema_d0.9999,0.01,0.0001,1.34521,0.35928,1734
39,6,age_bin,mlp_h16,0.001,0.0,1.06003,0.47809,1734
39,6,age_bin,mlp_h32,0.001,0.0,0.98447,0.57555,1734
39,6,age_bin,mlp_h64,0.001,0.0,0.96323,0.57901,1734
39,6,age_bin,mlp_h128,0.001,0.0,0.94777,0.58074,1734
39,6,age_bin,attention,0.0001,1e-05,4.89122,0.42969,1734
39,6,age_bin,shuffled,0.01,0.0001,1.44165,0.34083,1734
39,6,gender,ema_lr1e-3,0.001,0.0001,1.0795,0.4902,1734
39,6,gender,ema_lr5e-3,0.005,0.0001,1.01667,0.48616,1734
39,6,gender,ema_lr1e-2,0.01,0.0001,0.9043,0.51326,1734
39,6,gender,ema_lr5e-2,0.05,0.0001,0.75121,0.52768,1734
39,6,gender,ema_lr1e-2_wd1e-3,0.01,0.001,0.94823,0.5,1734
39,6,gender,ema_d0.99,0.01,0.0001,0.89529,0.50346,1734
39,6,gender,ema_d0.9999,0.01,0.0001,0.92644,0.49308,1734
39,6,gender,mlp_h16,0.001,0.0,0.67738,0.57324,1734
39,6,gender,mlp_h32,0.001,0.0,0.68129,0.54787,1734
39,6,gender,mlp_h64,0.001,0.0,0.67876,0.55248,1734
39,6,gender,mlp_h128,0.001,0.0,0.67355,0.5669,1734
39,6,gender,attention,0.0001,1e-05,2.26021,0.46094,1734
39,6,gender,shuffled,0.01,0.0001,0.96325,0.49193,1734
39,6,star_sign,ema_lr1e-3,0.001,0.0001,3.2378,0.08766,1734
39,6,star_sign,ema_lr5e-3,0.005,0.0001,2.89399,0.13725,1734
39,6,star_sign,ema_lr1e-2,0.01,0.0001,2.70326,0.13495,1734
39,6,star_sign,ema_lr5e-2,0.05,0.0001,1.44256,0.60784,1734
39,6,star_sign,ema_lr1e-2_wd1e-3,0.01,0.001,2.78092,0.07728,1734
39,6,star_sign,ema_d0.99,0.01,0.0001,2.79693,0.09919,1734
39,6,star_sign,ema_d0.9999,0.01,0.0001,2.79886,0.12918,1734
39,6,star_sign,mlp_h16,0.001,0.0,1.66969,0.94233,1734
39,6,star_sign,mlp_h32,0.001,0.0,1.26212,0.99712,1734
39,6,star_sign,mlp_h64,0.001,0.0,1.17971,1.0,1734
39,6,star_sign,mlp_h128,0.001,0.0,0.13847,1.0,1734
39,6,star_sign,attention,0.0001,1e-05,1.37275,0.8125,1734
39,6,star_sign,shuffled,0.01,0.0001,2.87011,0.1188,1734
40,0,age_bin,ema_lr1e-3,0.001,0.0001,1.45309,0.39,500
40,0,age_bin,ema_lr5e-3,0.005,0.0001,1.52309,0.358,500
40,0,age_bin,ema_lr1e-2,0.01,0.0001,1.40443,0.338,500
40,0,age_bin,ema_lr5e-2,0.05,0.0001,1.26059,0.35,500
40,0,age_bin,ema_lr1e-2_wd1e-3,0.01,0.001,1.41557,0.344,500
40,0,age_bin,ema_d0.99,0.01,0.0001,1.56249,0.318,500
40,0,age_bin,ema_d0.9999,0.01,0.0001,1.43366,0.378,500
40,0,age_bin,mlp_h16,0.001,0.0,1.07032,0.456,500
40,0,age_bin,mlp_h32,0.001,0.0,1.06547,0.468,500
40,0,age_bin,mlp_h64,0.001,0.0,1.06714,0.468,500
40,0,age_bin,mlp_h128,0.001,0.0,1.07462,0.468,500
40,0,age_bin,attention,0.0001,1e-05,1.08537,0.56667,500
40,0,age_bin,shuffled,0.01,0.0001,1.46014,0.296,500
40,0,gender,ema_lr1e-3,0.001,0.0001,1.05862,0.502,500
40,0,gender,ema_lr5e-3,0.005,0.0001,1.00344,0.514,500
40,0,gender,ema_lr1e-2,0.01,0.0001,0.93349,0.47,500
40,0,gender,ema_lr5e-2,0.05,0.0001,0.77093,0.49,500
40,0,gender,ema_lr1e-2_wd1e-3,0.01,0.001,1.03235,0.48,500
40,0,gender,ema_d0.99,0.01,0.0001,0.92883,0.532,500
40,0,gender,ema_d0.9999,0.01,0.0001,0.99597,0.482,500
40,0,gender,mlp_h16,0.001,0.0,0.67819,0.588,500
40,0,gender,mlp_h32,0.001,0.0,0.68677,0.55,500
40,0,gender,mlp_h64,0.001,0.0,0.66843,0.606,500
40,0,gender,mlp_h128,0.001,0.0,0.67236,0.584,500
40,0,gender,attention,0.0001,1e-05,0.69224,0.56667,500
40,0,gender,shuffled,0.01,0.0001,0.94737,0.498,500
40,0,star_sign,ema_lr1e-3,0.001,0.0001,3.21484,0.12,500
40,0,star_sign,ema_lr5e-3,0.005,0.0001,2.99816,0.074,500
40,0,star_sign,ema_lr1e-2,0.01,0.0001,2.7781,0.134,500
40,0,star_sign,ema_lr5e-2,0.05,0.0001,1.43312,0.668,500
40,0,star_sign,ema_lr1e-2_wd1e-3,0.01,0.001,2.82681,0.134,500
40,0,star_sign,ema_d0.99,0.01,0.0001,2.78717,0.114,500
40,0,star_sign,ema_d0.9999,0.01,0.0001,2.83894,0.146,500
40,0,star_sign,mlp_h16,0.001,0.0,1.80238,0.894,500
40,0,star_sign,mlp_h32,0.001,0.0,1.41819,0.992,500
40,0,star_sign,mlp_h64,0.001,0.0,0.60389,1.0,500
40,0,star_sign,mlp_h128,0.001,0.0,0.25314,1.0,500
40,0,star_sign,attention,0.0001,1e-05,2.41502,1.0,500
40,0,star_sign,shuffled,0.01,0.0001,2.92775,0.146,500
40,4,age_bin,ema_lr1e-3,0.001,0.0001,1.53633,0.322,500
40,4,age_bin,ema_lr5e-3,0.005,0.0001,1.44484,0.312,500
40,4,age_bin,ema_lr1e-2,0.01,0.0001,1.34006,0.29,500
40,4,age_bin,ema_lr5e-2,0.05,0.0001,1.22624,0.324,500
40,4,age_bin,ema_lr1e-2_wd1e-3,0.01,0.001,1.23969,0.366,500
40,4,age_bin,ema_d0.99,0.01,0.0001,1.40542,0.292,500
40,4,age_bin,ema_d0.9999,0.01,0.0001,1.34819,0.316,500
40,4,age_bin,mlp_h16,0.001,0.0,1.06843,0.468,500
40,4,age_bin,mlp_h32,0.001,0.0,1.08746,0.47,500
40,4,age_bin,mlp_h64,0.001,0.0,1.07431,0.468,500
40,4,age_bin,mlp_h128,0.001,0.0,1.07099,0.468,500
40,4,age_bin,attention,0.0001,1e-05,1.05269,0.56667,500
40,4,age_bin,shuffled,0.01,0.0001,1.36018,0.32,500
40,4,gender,ema_lr1e-3,0.001,0.0001,0.92868,0.526,500
40,4,gender,ema_lr5e-3,0.005,0.0001,0.83829,0.518,500
40,4,gender,ema_lr1e-2,0.01,0.0001,0.8239,0.538,500
40,4,gender,ema_lr5e-2,0.05,0.0001,0.7084,0.516,500
40,4,gender,ema_lr1e-2_wd1e-3,0.01,0.001,0.83574,0.53,500
40,4,gender,ema_d0.99,0.01,0.0001,0.78031,0.548,500
40,4,gender,ema_d0.9999,0.01,0.0001,0.86803,0.478,500
40,4,gender,mlp_h16,0.001,0.0,0.69367,0.528,500
40,4,gender,mlp_h32,0.001,0.0,0.67937,0.57,500
40,4,gender,mlp_h64,0.001,0.0,0.66157,0.6,500
40,4,gender,mlp_h128,0.001,0.0,0.65203,0.628,500
40,4,gender,attention,0.0001,1e-05,0.69888,0.53333,500
40,4,gender,shuffled,0.01,0.0001,0.90542,0.47,500
40,4,star_sign,ema_lr1e-3,0.001,0.0001,3.12212,0.118,500
40,4,star_sign,ema_lr5e-3,0.005,0.0001,2.94017,0.08,500
40,4,star_sign,ema_lr1e-2,0.01,0.0001,2.68229,0.158,500
40,4,star_sign,ema_lr5e-2,0.05,0.0001,1.35715,0.668,500
40,4,star_sign,ema_lr1e-2_wd1e-3,0.01,0.001,2.60607,0.184,500
40,4,star_sign,ema_d0.99,0.01,0.0001,2.57397,0.206,500
40,4,star_sign,ema_d0.9999,0.01,0.0001,2.53417,0.172,500
40,4,star_sign,mlp_h16,0.001,0.0,1.48196,0.984,500
40,4,star_sign,mlp_h32,0.001,0.0,1.31056,0.994,500
40,4,star_sign,mlp_h64,0.001,0.0,0.30129,1.0,500
40,4,star_sign,mlp_h128,0.001,0.0,0.06379,1.0,500
40,4,star_sign,attention,0.0001,1e-05,2.27832,0.7,500
40,4,star_sign,shuffled,0.01,0.0001,2.59643,0.134,500
40,6,age_bin,ema_lr1e-3,0.001,0.0001,1.81368,0.292,500
40,6,age_bin,ema_lr5e-3,0.005,0.0001,1.41873,0.364,500
40,6,age_bin,ema_lr1e-2,0.01,0.0001,1.68513,0.282,500
40,6,age_bin,ema_lr5e-2,0.05,0.0001,1.16978,0.372,500
40,6,age_bin,ema_lr1e-2_wd1e-3,0.01,0.001,1.40579,0.34,500
40,6,age_bin,ema_d0.99,0.01,0.0001,1.33846,0.374,500
40,6,age_bin,ema_d0.9999,0.01,0.0001,1.45231,0.358,500
40,6,age_bin,mlp_h16,0.001,0.0,1.06472,0.446,500
40,6,age_bin,mlp_h32,0.001,0.0,1.03605,0.47,500
40,6,age_bin,mlp_h64,0.001,0.0,1.06518,0.468,500
40,6,age_bin,mlp_h128,0.001,0.0,1.09429,0.468,500
40,6,age_bin,attention,0.0001,1e-05,8.29044,0.16667,500
40,6,age_bin,shuffled,0.01,0.0001,1.44656,0.368,500
40,6,gender,ema_lr1e-3,0.001,0.0001,1.18398,0.47,500
40,6,gender,ema_lr5e-3,0.005,0.0001,0.96389,0.526,500
40,6,gender,ema_lr1e-2,0.01,0.0001,0.848,0.534,500
40,6,gender,ema_lr5e-2,0.05,0.0001,0.74109,0.566,500
40,6,gender,ema_lr1e-2_wd1e-3,0.01,0.001,0.92077,0.498,500
40,6,gender,ema_d0.99,0.01,0.0001,0.7409,0.618,500
40,6,gender,ema_d0.9999,0.01,0.0001,0.89003,0.534,500
40,6,gender,mlp_h16,0.001,0.0,0.68178,0.594,500
40,6,gender,mlp_h32,0.001,0.0,0.66941,0.606,500
40,6,gender,mlp_h64,0.001,0.0,0.6651,0.62,500
40,6,gender,mlp_h128,0.001,0.0,0.65487,0.63,500
40,6,gender,attention,0.0001,1e-05,2.66509,0.3,500
40,6,gender,shuffled,0.01,0.0001,0.8819,0.524,500
40,6,star_sign,ema_lr1e-3,0.001,0.0001,3.27382,0.064,500
40,6,star_sign,ema_lr5e-3,0.005,0.0001,2.74599,0.174,500
40,6,star_sign,ema_lr1e-2,0.01,0.0001,2.75364,0.132,500
40,6,star_sign,ema_lr5e-2,0.05,0.0001,1.48594,0.598,500
40,6,star_sign,ema_lr1e-2_wd1e-3,0.01,0.001,2.72454,0.098,500
40,6,star_sign,ema_d0.99,0.01,0.0001,3.12328,0.1,500
40,6,star_sign,ema_d0.9999,0.01,0.0001,2.8621,0.124,500
40,6,star_sign,mlp_h16,0.001,0.0,1.66355,0.944,500
40,6,star_sign,mlp_h32,0.001,0.0,1.27742,0.994,500
40,6,star_sign,mlp_h64,0.001,0.0,1.18703,1.0,500
40,6,star_sign,mlp_h128,0.001,0.0,0.13337,1.0,500
40,6,star_sign,attention,0.0001,1e-05,0.97013,0.76667,500
40,6,star_sign,shuffled,0.01,0.0001,2.93172,0.114,500
