batch,layer,task,config,lr,wd,loss,batch_acc,n_tokens
0,0,age_bin,ema_lr1e-3,0.001,0.0001,1.64752,0.31479,2103
0,0,age_bin,ema_lr5e-3,0.005,0.0001,1.642,0.32287,2103
0,0,age_bin,ema_lr1e-2,0.01,0.0001,1.59095,0.31669,2103
0,0,age_bin,ema_lr5e-2,0.05,0.0001,1.60806,0.36091,2103
0,0,age_bin,ema_lr1e-2_wd1e-3,0.01,0.001,1.65165,0.34807,2103
0,0,age_bin,ema_d0.99,0.01,0.0001,1.59182,0.32668,2103
0,0,age_bin,ema_d0.9999,0.01,0.0001,1.65268,0.35711,2103
0,0,age_bin,mlp_h16,0.001,0.0,1.1165,0.31194,2103
0,0,age_bin,mlp_h32,0.001,0.0,1.07075,0.41655,2103
0,0,age_bin,mlp_h64,0.001,0.0,1.09013,0.38802,2103
0,0,age_bin,mlp_h128,0.001,0.0,1.05489,0.47171,2103
0,0,age_bin,attention,0.0001,1e-05,1.09864,0.35156,2103
0,0,age_bin,shuffled,0.01,0.0001,1.54002,0.33238,2103
0,0,gender,ema_lr1e-3,0.001,0.0001,1.1213,0.49929,2103
0,0,gender,ema_lr5e-3,0.005,0.0001,1.00637,0.50357,2103
0,0,gender,ema_lr1e-2,0.01,0.0001,1.09443,0.49643,2103
0,0,gender,ema_lr5e-2,0.05,0.0001,1.03701,0.51117,2103
0,0,gender,ema_lr1e-2_wd1e-3,0.01,0.001,1.05335,0.50357,2103
0,0,gender,ema_d0.99,0.01,0.0001,1.04796,0.50262,2103
0,0,gender,ema_d0.9999,0.01,0.0001,1.05515,0.50309,2103
0,0,gender,mlp_h16,0.001,0.0,0.69967,0.54541,2103
0,0,gender,mlp_h32,0.001,0.0,0.70819,0.50832,2103
0,0,gender,mlp_h64,0.001,0.0,0.71576,0.48027,2103
0,0,gender,mlp_h128,0.001,0.0,0.70241,0.49406,2103
0,0,gender,attention,0.0001,1e-05,0.69329,0.52344,2103
0,0,gender,shuffled,0.01,0.0001,1.17209,0.49453,2103
0,0,star_sign,ema_lr1e-3,0.001,0.0001,3.32924,0.08845,2103
0,0,star_sign,ema_lr5e-3,0.005,0.0001,3.23819,0.05659,2103
0,0,star_sign,ema_lr1e-2,0.01,0.0001,3.29948,0.07038,2103
0,0,star_sign,ema_lr5e-2,0.05,0.0001,3.2959,0.06134,2103
0,0,star_sign,ema_lr1e-2_wd1e-3,0.01,0.001,3.24847,0.10842,2103
0,0,star_sign,ema_d0.99,0.01,0.0001,3.41832,0.10033,2103
0,0,star_sign,ema_d0.9999,0.01,0.0001,3.3123,0.08654,2103
0,0,star_sign,mlp_h16,0.001,0.0,2.64136,0.00143,2103
0,0,star_sign,mlp_h32,0.001,0.0,2.51593,0.0271,2103
0,0,star_sign,mlp_h64,0.001,0.0,2.27925,0.2777,2103
0,0,star_sign,mlp_h128,0.001,0.0,2.67015,0.0,2103
0,0,star_sign,attention,0.0001,1e-05,2.48058,0.17969,2103
0,0,star_sign,shuffled,0.01,0.0001,3.29521,0.05944,2103
0,4,age_bin,ema_lr1e-3,0.001,0.0001,1.61209,0.32097,2103
0,4,age_bin,ema_lr5e-3,0.005,0.0001,1.70813,0.32905,2103
0,4,age_bin,ema_lr1e-2,0.01,0.0001,1.49784,0.34903,2103
0,4,age_bin,ema_lr5e-2,0.05,0.0001,1.4538,0.38944,2103
0,4,age_bin,ema_lr1e-2_wd1e-3,0.01,0.001,1.37181,0.33666,2103
0,4,age_bin,ema_d0.99,0.01,0.0001,1.79211,0.36044,2103
0,4,age_bin,ema_d0.9999,0.01,0.0001,1.45555,0.30623,2103
0,4,age_bin,mlp_h16,0.001,0.0,1.12901,0.26391,2103
0,4,age_bin,mlp_h32,0.001,0.0,1.10614,0.38231,2103
0,4,age_bin,mlp_h64,0.001,0.0,1.1217,0.30433,2103
0,4,age_bin,mlp_h128,0.001,0.0,1.11266,0.38849,2103
0,4,age_bin,attention,0.0001,1e-05,1.12262,0.29688,2103
0,4,age_bin,shuffled,0.01,0.0001,1.5484,0.31431,2103
0,4,gender,ema_lr1e-3,0.001,0.0001,0.8978,0.5107,2103
0,4,gender,ema_lr5e-3,0.005,0.0001,0.90518,0.48502,2103
0,4,gender,ema_lr1e-2,0.01,0.0001,0.97446,0.51641,2103
0,4,gender,ema_lr5e-2,0.05,0.0001,0.95636,0.49073,2103
0,4,gender,ema_lr1e-2_wd1e-3,0.01,0.001,1.01225,0.4874,2103
0,4,gender,ema_d0.99,0.01,0.0001,0.84427,0.50404,2103
0,4,gender,ema_d0.9999,0.01,0.0001,0.88121,0.49311,2103
0,4,gender,mlp_h16,0.001,0.0,0.71378,0.47836,2103
0,4,gender,mlp_h32,0.001,0.0,0.70418,0.49596,2103
0,4,gender,mlp_h64,0.001,0.0,0.702,0.49358,2103
0,4,gender,mlp_h128,0.001,0.0,0.6907,0.54113,2103
0,4,gender,attention,0.0001,1e-05,18.27892,0.44531,2103
0,4,gender,shuffled,0.01,0.0001,0.92982,0.51926,2103
0,4,star_sign,ema_lr1e-3,0.001,0.0001,3.04636,0.05611,2103
0,4,star_sign,ema_lr5e-3,0.005,0.0001,3.1775,0.05944,2103
0,4,star_sign,ema_lr1e-2,0.01,0.0001,3.29275,0.03852,2103
0,4,star_sign,ema_lr5e-2,0.05,0.0001,3.00323,0.07038,2103
0,4,star_sign,ema_lr1e-2_wd1e-3,0.01,0.001,3.25907,0.13172,2103
0,4,star_sign,ema_d0.99,0.01,0.0001,3.24008,0.06277,2103
0,4,star_sign,ema_d0.9999,0.01,0.0001,3.13141,0.11222,2103
0,4,star_sign,mlp_h16,0.001,0.0,2.26863,0.23015,2103
0,4,star_sign,mlp_h32,0.001,0.0,2.39218,0.16595,2103
0,4,star_sign,mlp_h64,0.001,0.0,2.55716,0.01854,2103
0,4,star_sign,mlp_h128,0.001,0.0,2.50772,0.0466,2103
0,4,star_sign,attention,0.0001,1e-05,2.42016,0.04688,2103
0,4,star_sign,shuffled,0.01,0.0001,3.1219,0.18783,2103
0,8,age_bin,ema_lr1e-3,0.001,0.0001,1.50605,0.31907,2103
0,8,age_bin,ema_lr5e-3,0.005,0.0001,1.59448,0.31241,2103
0,8,age_bin,ema_lr1e-2,0.01,0.0001,1.56948,0.35093,2103
0,8,age_bin,ema_lr5e-2,0.05,0.0001,1.3555,0.34475,2103
0,8,age_bin,ema_lr1e-2_wd1e-3,0.01,0.001,1.41452,0.33476,2103
0,8,age_bin,ema_d0.99,0.01,0.0001,1.67986,0.34142,2103
0,8,age_bin,ema_d0.9999,0.01,0.0001,1.44851,0.33619,2103
0,8,age_bin,mlp_h16,0.001,0.0,1.13071,0.3224,2103
0,8,age_bin,mlp_h32,0.001,0.0,1.17315,0.23395,2103
0,8,age_bin,mlp_h64,0.001,0.0,1.15107,0.24108,2103
0,8,age_bin,mlp_h128,0.001,0.0,1.08078,0.42748,2103
0,8,age_bin,attention,0.0001,1e-05,1.17533,0.28906,2103
0,8,age_bin,shuffled,0.01,0.0001,1.46324,0.3067,2103
0,8,gender,ema_lr1e-3,0.001,0.0001,0.9766,0.50404,2103
0,8,gender,ema_lr5e-3,0.005,0.0001,1.1111,0.47504,2103
0,8,gender,ema_lr1e-2,0.01,0.0001,1.04112,0.50024,2103
0,8,gender,ema_lr5e-2,0.05,0.0001,1.2868,0.49215,2103
0,8,gender,ema_lr1e-2_wd1e-3,0.01,0.001,0.89885,0.50927,2103
0,8,gender,ema_d0.99,0.01,0.0001,0.94922,0.52306,2103
0,8,gender,ema_d0.9999,0.01,0.0001,0.97172,0.49501,2103
0,8,gender,mlp_h16,0.001,0.0,0.72436,0.45982,2103
0,8,gender,mlp_h32,0.001,0.0,0.70781,0.48027,2103
0,8,gender,mlp_h64,0.001,0.0,0.71856,0.49025,2103
0,8,gender,mlp_h128,0.001,0.0,0.70265,0.49406,2103
0,8,gender,attention,0.0001,1e-05,69.56026,0.44531,2103
0,8,gender,shuffled,0.01,0.0001,1.01348,0.47694,2103
0,8,star_sign,ema_lr1e-3,0.001,0.0001,3.03014,0.06657,2103
0,8,star_sign,ema_lr5e-3,0.005,0.0001,3.02442,0.06182,2103
0,8,star_sign,ema_lr1e-2,0.01,0.0001,3.15518,0.05088,2103
0,8,star_sign,ema_lr5e-2,0.05,0.0001,3.13831,0.14788,2103
0,8,star_sign,ema_lr1e-2_wd1e-3,0.01,0.001,3.10951,0.04612,2103
0,8,star_sign,ema_d0.99,0.01,0.0001,3.28729,0.05421,2103
0,8,star_sign,ema_d0.9999,0.01,0.0001,3.03795,0.07133,2103
0,8,star_sign,mlp_h16,0.001,0.0,2.67037,0.0,2103
0,8,star_sign,mlp_h32,0.001,0.0,2.3664,0.10651,2103
0,8,star_sign,mlp_h64,0.001,0.0,2.52975,0.0214,2103
0,8,star_sign,mlp_h128,0.001,0.0,2.45697,0.12173,2103
0,8,star_sign,attention,0.0001,1e-05,2.32563,0.23438,2103
0,8,star_sign,shuffled,0.01,0.0001,3.1591,0.05516,2103
0,12,age_bin,ema_lr1e-3,0.001,0.0001,1.50502,0.32905,2103
0,12,age_bin,ema_lr5e-3,0.005,0.0001,1.38707,0.3514,2103
0,12,age_bin,ema_lr1e-2,0.01,0.0001,1.4022,0.33428,2103
0,12,age_bin,ema_lr5e-2,0.05,0.0001,1.68332,0.28293,2103
0,12,age_bin,ema_lr1e-2_wd1e-3,0.01,0.001,1.58356,0.33143,2103
0,12,age_bin,ema_d0.99,0.01,0.0001,1.5159,0.40704,2103
0,12,age_bin,ema_d0.9999,0.01,0.0001,1.56741,0.36472,2103
0,12,age_bin,mlp_h16,0.001,0.0,1.23674,0.22159,2103
0,12,age_bin,mlp_h32,0.001,0.0,1.09893,0.39467,2103
0,12,age_bin,mlp_h64,0.001,0.0,1.1256,0.33666,2103
0,12,age_bin,mlp_h128,0.001,0.0,1.09955,0.3533,2103
0,12,age_bin,attention,0.0001,1e-05,42.66536,0.53125,2103
0,12,age_bin,shuffled,0.01,0.0001,1.50476,0.34903,2103
0,12,gender,ema_lr1e-3,0.001,0.0001,0.91352,0.4893,2103
0,12,gender,ema_lr5e-3,0.005,0.0001,0.97783,0.50547,2103
0,12,gender,ema_lr1e-2,0.01,0.0001,1.01973,0.48645,2103
0,12,gender,ema_lr5e-2,0.05,0.0001,1.19292,0.46505,2103
0,12,gender,ema_lr1e-2_wd1e-3,0.01,0.001,1.24394,0.48312,2103
0,12,gender,ema_d0.99,0.01,0.0001,1.05623,0.49691,2103
0,12,gender,ema_d0.9999,0.01,0.0001,1.07614,0.49453,2103
0,12,gender,mlp_h16,0.001,0.0,0.70563,0.48264,2103
0,12,gender,mlp_h32,0.001,0.0,0.72959,0.44888,2103
0,12,gender,mlp_h64,0.001,0.0,0.71545,0.45649,2103
0,12,gender,mlp_h128,0.001,0.0,0.70515,0.4912,2103
0,12,gender,attention,0.0001,1e-05,0.73234,0.4375,2103
0,12,gender,shuffled,0.01,0.0001,0.95483,0.50499,2103
0,12,star_sign,ema_lr1e-3,0.001,0.0001,3.12258,0.05516,2103
0,12,star_sign,ema_lr5e-3,0.005,0.0001,3.08665,0.11935,2103
0,12,star_sign,ema_lr1e-2,0.01,0.0001,3.04174,0.08131,2103
0,12,star_sign,ema_lr5e-2,0.05,0.0001,3.20565,0.04375,2103
0,12,star_sign,ema_lr1e-2_wd1e-3,0.01,0.001,3.15852,0.03186,2103
0,12,star_sign,ema_d0.99,0.01,0.0001,3.17621,0.07608,2103
0,12,star_sign,ema_d0.9999,0.01,0.0001,3.37895,0.06942,2103
0,12,star_sign,mlp_h16,0.001,0.0,2.16236,0.43367,2103
0,12,star_sign,mlp_h32,0.001,0.0,2.32117,0.22777,2103
0,12,star_sign,mlp_h64,0.001,0.0,2.36806,0.11935,2103
0,12,star_sign,mlp_h128,0.001,0.0,2.40279,0.08131,2103
0,12,star_sign,attention,0.0001,1e-05,34.69814,0.0,2103
0,12,star_sign,shuffled,0.01,0.0001,3.29451,0.04422,2103
0,16,age_bin,ema_lr1e-3,0.001,0.0001,1.78907,0.36186,2103
0,16,age_bin,ema_lr5e-3,0.005,0.0001,1.64757,0.34855,2103
0,16,age_bin,ema_lr1e-2,0.01,0.0001,1.65945,0.37185,2103
0,16,age_bin,ema_lr5e-2,0.05,0.0001,1.58802,0.33048,2103
0,16,age_bin,ema_lr1e-2_wd1e-3,0.01,0.001,1.77981,0.31003,2103
0,16,age_bin,ema_d0.99,0.01,0.0001,1.54667,0.33714,2103
0,16,age_bin,ema_d0.9999,0.01,0.0001,1.35919,0.33238,2103
0,16,age_bin,mlp_h16,0.001,0.0,1.0846,0.4194,2103
0,16,age_bin,mlp_h32,0.001,0.0,1.113,0.40989,2103
0,16,age_bin,mlp_h64,0.001,0.0,1.0786,0.45269,2103
0,16,age_bin,mlp_h128,0.001,0.0,1.07368,0.43272,2103
0,16,age_bin,attention,0.0001,1e-05,1.19925,0.25781,2103
0,16,age_bin,shuffled,0.01,0.0001,1.47225,0.3476,2103
0,16,gender,ema_lr1e-3,0.001,0.0001,0.86321,0.52639,2103
0,16,gender,ema_lr5e-3,0.005,0.0001,1.2824,0.44793,2103
0,16,gender,ema_lr1e-2,0.01,0.0001,0.84989,0.54398,2103
0,16,gender,ema_lr5e-2,0.05,0.0001,0.97834,0.49786,2103
0,16,gender,ema_lr1e-2_wd1e-3,0.01,0.001,0.91235,0.47789,2103
0,16,gender,ema_d0.99,0.01,0.0001,1.00043,0.51783,2103
0,16,gender,ema_d0.9999,0.01,0.0001,0.96859,0.49025,2103
0,16,gender,mlp_h16,0.001,0.0,0.70358,0.49691,2103
0,16,gender,mlp_h32,0.001,0.0,0.70092,0.4912,2103
0,16,gender,mlp_h64,0.001,0.0,0.70205,0.50689,2103
0,16,gender,mlp_h128,0.001,0.0,0.69798,0.53019,2103
0,16,gender,attention,0.0001,1e-05,43.787,0.44531,2103
0,16,gender,shuffled,0.01,0.0001,1.07351,0.47218,2103
0,16,star_sign,ema_lr1e-3,0.001,0.0001,3.06586,0.07038,2103
0,16,star_sign,ema_lr5e-3,0.005,0.0001,3.17839,0.10651,2103
0,16,star_sign,ema_lr1e-2,0.01,0.0001,3.16261,0.05706,2103
0,16,star_sign,ema_lr5e-2,0.05,0.0001,3.09605,0.10366,2103
0,16,star_sign,ema_lr1e-2_wd1e-3,0.01,0.001,3.26919,0.16548,2103
0,16,star_sign,ema_d0.99,0.01,0.0001,3.11455,0.05563,2103
0,16,star_sign,ema_d0.9999,0.01,0.0001,3.2701,0.0699,2103
0,16,star_sign,mlp_h16,0.001,0.0,2.56351,0.0,2103
0,16,star_sign,mlp_h32,0.001,0.0,2.16197,0.32145,2103
0,16,star_sign,mlp_h64,0.001,0.0,2.28557,0.2525,2103
0,16,star_sign,mlp_h128,0.001,0.0,2.61977,0.00713,2103
0,16,star_sign,attention,0.0001,1e-05,2.22875,0.14062,2103
0,16,star_sign,shuffled,0.01,0.0001,3.36795,0.05088,2103
0,20,age_bin,ema_lr1e-3,0.001,0.0001,1.74484,0.32287,2103
0,20,age_bin,ema_lr5e-3,0.005,0.0001,1.53626,0.34665,2103
0,20,age_bin,ema_lr1e-2,0.01,0.0001,1.52683,0.3224,2103
0,20,age_bin,ema_lr5e-2,0.05,0.0001,1.65748,0.31051,2103
0,20,age_bin,ema_lr1e-2_wd1e-3,0.01,0.001,1.6584,0.37518,2103
0,20,age_bin,ema_d0.99,0.01,0.0001,1.6723,0.34475,2103
0,20,age_bin,ema_d0.9999,0.01,0.0001,1.89161,0.37042,2103
0,20,age_bin,mlp_h16,0.001,0.0,1.14183,0.30052,2103
0,20,age_bin,mlp_h32,0.001,0.0,1.11364,0.32858,2103
0,20,age_bin,mlp_h64,0.001,0.0,1.08189,0.41607,2103
0,20,age_bin,mlp_h128,0.001,0.0,1.06644,0.44365,2103
0,20,age_bin,attention,0.0001,1e-05,46.68034,0.53125,2103
0,20,age_bin,shuffled,0.01,0.0001,1.58081,0.32858,2103
0,20,gender,ema_lr1e-3,0.001,0.0001,1.05451,0.49358,2103
0,20,gender,ema_lr5e-3,0.005,0.0001,1.2455,0.50262,2103
0,20,gender,ema_lr1e-2,0.01,0.0001,1.00807,0.49358,2103
0,20,gender,ema_lr5e-2,0.05,0.0001,1.13614,0.49311,2103
0,20,gender,ema_lr1e-2_wd1e-3,0.01,0.001,1.12447,0.47694,2103
0,20,gender,ema_d0.99,0.01,0.0001,1.03427,0.49168,2103
0,20,gender,ema_d0.9999,0.01,0.0001,1.00091,0.49406,2103
0,20,gender,mlp_h16,0.001,0.0,0.73752,0.46743,2103
0,20,gender,mlp_h32,0.001,0.0,0.68717,0.54113,2103
0,20,gender,mlp_h64,0.001,0.0,0.70198,0.50927,2103
0,20,gender,mlp_h128,0.001,0.0,0.70782,0.47932,2103
0,20,gender,attention,0.0001,1e-05,0.80233,0.47656,2103
0,20,gender,shuffled,0.01,0.0001,1.03743,0.4912,2103
0,20,star_sign,ema_lr1e-3,0.001,0.0001,3.24459,0.06942,2103
0,20,star_sign,ema_lr5e-3,0.005,0.0001,3.24048,0.0913,2103
0,20,star_sign,ema_lr1e-2,0.01,0.0001,3.31362,0.07798,2103
0,20,star_sign,ema_lr5e-2,0.05,0.0001,3.2377,0.0894,2103
0,20,star_sign,ema_lr1e-2_wd1e-3,0.01,0.001,3.32601,0.05991,2103
0,20,star_sign,ema_d0.99,0.01,0.0001,3.26057,0.08131,2103
0,20,star_sign,ema_d0.9999,0.01,0.0001,3.33258,0.07941,2103
0,20,star_sign,mlp_h16,0.001,0.0,2.38283,0.11555,2103
0,20,star_sign,mlp_h32,0.001,0.0,2.35206,0.26914,2103
0,20,star_sign,mlp_h64,0.001,0.0,2.6676,0.00333,2103
0,20,star_sign,mlp_h128,0.001,0.0,2.77974,0.00571,2103
0,20,star_sign,attention,0.0001,1e-05,22.25489,0.0,2103
0,20,star_sign,shuffled,0.01,0.0001,3.26781,0.08179,2103
0,24,age_bin,ema_lr1e-3,0.001,0.0001,1.6272,0.33238,2103
0,24,age_bin,ema_lr5e-3,0.005,0.0001,1.55261,0.35854,2103
0,24,age_bin,ema_lr1e-2,0.01,0.0001,1.45201,0.37137,2103
0,24,age_bin,ema_lr5e-2,0.05,0.0001,1.59088,0.36139,2103
0,24,age_bin,ema_lr1e-2_wd1e-3,0.01,0.001,1.62881,0.34665,2103
0,24,age_bin,ema_d0.99,0.01,0.0001,1.53911,0.33333,2103
0,24,age_bin,ema_d0.9999,0.01,0.0001,1.65325,0.34047,2103
0,24,age_bin,mlp_h16,0.001,0.0,1.21286,0.22825,2103
0,24,age_bin,mlp_h32,0.001,0.0,1.20056,0.25297,2103
0,24,age_bin,mlp_h64,0.001,0.0,1.11931,0.32525,2103
0,24,age_bin,mlp_h128,0.001,0.0,1.14004,0.29577,2103
0,24,age_bin,attention,0.0001,1e-05,6.60014,0.51562,2103
0,24,age_bin,shuffled,0.01,0.0001,1.57778,0.32049,2103
0,24,gender,ema_lr1e-3,0.001,0.0001,1.09565,0.48359,2103
0,24,gender,ema_lr5e-3,0.005,0.0001,1.01384,0.50689,2103
0,24,gender,ema_lr1e-2,0.01,0.0001,0.98037,0.5359,2103
0,24,gender,ema_lr5e-2,0.05,0.0001,0.99644,0.49976,2103
0,24,gender,ema_lr1e-2_wd1e-3,0.01,0.001,1.01897,0.52164,2103
0,24,gender,ema_d0.99,0.01,0.0001,0.95762,0.54636,2103
0,24,gender,ema_d0.9999,0.01,0.0001,1.02815,0.5145,2103
0,24,gender,mlp_h16,0.001,0.0,0.70027,0.52924,2103
0,24,gender,mlp_h32,0.001,0.0,0.7311,0.47171,2103
0,24,gender,mlp_h64,0.001,0.0,0.69491,0.51736,2103
0,24,gender,mlp_h128,0.001,0.0,0.70131,0.50071,2103
0,24,gender,attention,0.0001,1e-05,2.37115,0.57812,2103
0,24,gender,shuffled,0.01,0.0001,1.02143,0.48645,2103
0,24,star_sign,ema_lr1e-3,0.001,0.0001,3.32837,0.08654,2103
0,24,star_sign,ema_lr5e-3,0.005,0.0001,3.26677,0.08512,2103
0,24,star_sign,ema_lr1e-2,0.01,0.0001,3.30977,0.08464,2103
0,24,star_sign,ema_lr5e-2,0.05,0.0001,3.3028,0.05516,2103
0,24,star_sign,ema_lr1e-2_wd1e-3,0.01,0.001,3.30168,0.07275,2103
0,24,star_sign,ema_d0.99,0.01,0.0001,3.25147,0.08654,2103
0,24,star_sign,ema_d0.9999,0.01,0.0001,3.26963,0.10081,2103
0,24,star_sign,mlp_h16,0.001,0.0,2.88148,0.0,2103
0,24,star_sign,mlp_h32,0.001,0.0,2.46113,0.04803,2103
0,24,star_sign,mlp_h64,0.001,0.0,2.35314,0.12316,2103
0,24,star_sign,mlp_h128,0.001,0.0,2.51543,0.03614,2103
0,24,star_sign,attention,0.0001,1e-05,8.51206,0.05469,2103
0,24,star_sign,shuffled,0.01,0.0001,3.28928,0.06182,2103
1,0,age_bin,ema_lr1e-3,0.001,0.0001,1.6663,0.30734,1731
1,0,age_bin,ema_lr5e-3,0.005,0.0001,1.55534,0.34489,1731
1,0,age_bin,ema_lr1e-2,0.01,0.0001,1.55699,0.32756,1731
1,0,age_bin,ema_lr5e-2,0.05,0.0001,1.55721,0.33507,1731
1,0,age_bin,ema_lr1e-2_wd1e-3,0.01,0.001,1.59934,0.3316,1731
1,0,age_bin,ema_d0.99,0.01,0.0001,1.52083,0.34027,1731
1,0,age_bin,ema_d0.9999,0.01,0.0001,1.62059,0.34315,1731
1,0,age_bin,mlp_h16,0.001,0.0,1.09619,0.38013,1731
1,0,age_bin,mlp_h32,0.001,0.0,1.10064,0.43501,1731
1,0,age_bin,mlp_h64,0.001,0.0,1.07756,0.43905,1731
1,0,age_bin,mlp_h128,0.001,0.0,1.06157,0.4714,1731
1,0,age_bin,attention,0.0001,1e-05,1.09832,0.39844,1731
1,0,age_bin,shuffled,0.01,0.0001,1.59454,0.33044,1731
1,0,gender,ema_lr1e-3,0.001,0.0001,1.13893,0.4922,1731
1,0,gender,ema_lr5e-3,0.005,0.0001,1.02265,0.48642,1731
1,0,gender,ema_lr1e-2,0.01,0.0001,1.05285,0.50318,1731
1,0,gender,ema_lr5e-2,0.05,0.0001,0.98303,0.49105,1731
1,0,gender,ema_lr1e-2_wd1e-3,0.01,0.001,1.01992,0.50491,1731
1,0,gender,ema_d0.99,0.01,0.0001,1.08035,0.50549,1731
1,0,gender,ema_d0.9999,0.01,0.0001,1.03901,0.51011,1731
1,0,gender,mlp_h16,0.001,0.0,0.73751,0.48065,1731
1,0,gender,mlp_h32,0.001,0.0,0.70394,0.49682,1731
1,0,gender,mlp_h64,0.001,0.0,0.70478,0.49798,1731
1,0,gender,mlp_h128,0.001,0.0,0.7103,0.49624,1731
1,0,gender,attention,0.0001,1e-05,0.69282,0.54688,1731
1,0,gender,shuffled,0.01,0.0001,1.16351,0.48989,1731
1,0,star_sign,ema_lr1e-3,0.001,0.0001,3.29341,0.08492,1731
1,0,star_sign,ema_lr5e-3,0.005,0.0001,3.2449,0.05835,1731
1,0,star_sign,ema_lr1e-2,0.01,0.0001,3.25308,0.07106,1731
1,0,star_sign,ema_lr5e-2,0.05,0.0001,3.16978,0.06124,1731
1,0,star_sign,ema_lr1e-2_wd1e-3,0.01,0.001,3.21475,0.13403,1731
1,0,star_sign,ema_d0.99,0.01,0.0001,3.38314,0.09994,1731
1,0,star_sign,ema_d0.9999,0.01,0.0001,3.2713,0.0959,1731
1,0,star_sign,mlp_h16,0.001,0.0,2.57823,0.00982,1731
1,0,star_sign,mlp_h32,0.001,0.0,2.39939,0.15598,1731
1,0,star_sign,mlp_h64,0.001,0.0,2.10627,0.52282,1731
1,0,star_sign,mlp_h128,0.001,0.0,2.40446,0.21375,1731
1,0,star_sign,attention,0.0001,1e-05,2.4783,0.45312,1731
1,0,star_sign,shuffled,0.01,0.0001,3.28474,0.0491,1731
1,4,age_bin,ema_lr1e-3,0.001,0.0001,1.56449,0.33911,1731
1,4,age_bin,ema_lr5e-3,0.005,0.0001,1.67345,0.28134,1731
1,4,age_bin,ema_lr1e-2,0.01,0.0001,1.37694,0.33564,1731
1,4,age_bin,ema_lr5e-2,0.05,0.0001,1.67986,0.31542,1731
1,4,age_bin,ema_lr1e-2_wd1e-3,0.01,0.001,1.29971,0.35991,1731
1,4,age_bin,ema_d0.99,0.01,0.0001,1.61737,0.316,1731
1,4,age_bin,ema_d0.9999,0.01,0.0001,1.38969,0.33333,1731
1,4,age_bin,mlp_h16,0.001,0.0,1.0973,0.37262,1731
1,4,age_bin,mlp_h32,0.001,0.0,1.10545,0.43096,1731
1,4,age_bin,mlp_h64,0.001,0.0,1.13506,0.30618,1731
1,4,age_bin,mlp_h128,0.001,0.0,1.15696,0.45292,1731
1,4,age_bin,attention,0.0001,1e-05,1.11866,0.32031,1731
1,4,age_bin,shuffled,0.01,0.0001,1.35812,0.34604,1731
1,4,gender,ema_lr1e-3,0.001,0.0001,0.90954,0.47776,1731
1,4,gender,ema_lr5e-3,0.005,0.0001,0.8306,0.52629,1731
1,4,gender,ema_lr1e-2,0.01,0.0001,0.8686,0.487,1731
1,4,gender,ema_lr5e-2,0.05,0.0001,1.41313,0.47025,1731
1,4,gender,ema_lr1e-2_wd1e-3,0.01,0.001,0.87775,0.50722,1731
1,4,gender,ema_d0.99,0.01,0.0001,0.89902,0.48007,1731
1,4,gender,ema_d0.9999,0.01,0.0001,0.8653,0.50722,1731
1,4,gender,mlp_h16,0.001,0.0,0.73286,0.46158,1731
1,4,gender,mlp_h32,0.001,0.0,0.75086,0.49047,1731
1,4,gender,mlp_h64,0.001,0.0,0.87166,0.47949,1731
1,4,gender,mlp_h128,0.001,0.0,0.89072,0.53495,1731
1,4,gender,attention,0.0001,1e-05,14.60869,0.48438,1731
1,4,gender,shuffled,0.01,0.0001,0.85529,0.50838,1731
1,4,star_sign,ema_lr1e-3,0.001,0.0001,3.05869,0.05026,1731
1,4,star_sign,ema_lr5e-3,0.005,0.0001,3.12251,0.06239,1731
1,4,star_sign,ema_lr1e-2,0.01,0.0001,3.11848,0.05257,1731
1,4,star_sign,ema_lr5e-2,0.05,0.0001,2.85848,0.07106,1731
1,4,star_sign,ema_lr1e-2_wd1e-3,0.01,0.001,3.16719,0.1294,1731
1,4,star_sign,ema_d0.99,0.01,0.0001,3.19694,0.05719,1731
1,4,star_sign,ema_d0.9999,0.01,0.0001,3.08743,0.11612,1731
1,4,star_sign,mlp_h16,0.001,0.0,2.17926,0.44714,1731
1,4,star_sign,mlp_h32,0.001,0.0,2.24766,0.57481,1731
1,4,star_sign,mlp_h64,0.001,0.0,2.3905,0.14847,1731
1,4,star_sign,mlp_h128,0.001,0.0,2.22348,0.19237,1731
1,4,star_sign,attention,0.0001,1e-05,2.35765,0.10156,1731
1,4,star_sign,shuffled,0.01,0.0001,3.07574,0.19584,1731
1,8,age_bin,ema_lr1e-3,0.001,0.0001,1.57648,0.29809,1731
1,8,age_bin,ema_lr5e-3,0.005,0.0001,1.53438,0.32525,1731
1,8,age_bin,ema_lr1e-2,0.01,0.0001,1.42779,0.32929,1731
1,8,age_bin,ema_lr5e-2,0.05,0.0001,1.57638,0.31254,1731
1,8,age_bin,ema_lr1e-2_wd1e-3,0.01,0.001,1.38579,0.32929,1731
1,8,age_bin,ema_d0.99,0.01,0.0001,1.43858,0.33276,1731
1,8,age_bin,ema_d0.9999,0.01,0.0001,1.38263,0.32813,1731
1,8,age_bin,mlp_h16,0.001,0.0,1.10583,0.34142,1731
1,8,age_bin,mlp_h32,0.001,0.0,1.14135,0.32929,1731
1,8,age_bin,mlp_h64,0.001,0.0,1.13622,0.34142,1731
1,8,age_bin,mlp_h128,0.001,0.0,1.17199,0.39977,1731
1,8,age_bin,attention,0.0001,1e-05,2.56745,0.4375,1731
1,8,age_bin,shuffled,0.01,0.0001,1.38004,0.31485,1731
1,8,gender,ema_lr1e-3,0.001,0.0001,0.97721,0.50202,1731
1,8,gender,ema_lr5e-3,0.005,0.0001,0.99492,0.51589,1731
1,8,gender,ema_lr1e-2,0.01,0.0001,0.86143,0.49913,1731
1,8,gender,ema_lr5e-2,0.05,0.0001,1.51043,0.48065,1731
1,8,gender,ema_lr1e-2_wd1e-3,0.01,0.001,0.8549,0.52224,1731
1,8,gender,ema_d0.99,0.01,0.0001,0.83565,0.51993,1731
1,8,gender,ema_d0.9999,0.01,0.0001,0.89652,0.48122,1731
1,8,gender,mlp_h16,0.001,0.0,0.69582,0.52975,1731
1,8,gender,mlp_h32,0.001,0.0,0.74946,0.47834,1731
1,8,gender,mlp_h64,0.001,0.0,0.75388,0.51704,1731
1,8,gender,mlp_h128,0.001,0.0,0.94371,0.47314,1731
1,8,gender,attention,0.0001,1e-05,62.74087,0.48438,1731
1,8,gender,shuffled,0.01,0.0001,0.89067,0.51704,1731
1,8,star_sign,ema_lr1e-3,0.001,0.0001,2.9902,0.06008,1731
1,8,star_sign,ema_lr5e-3,0.005,0.0001,2.93915,0.07452,1731
1,8,star_sign,ema_lr1e-2,0.01,0.0001,3.10017,0.03755,1731
1,8,star_sign,ema_lr5e-2,0.05,0.0001,2.99628,0.11843,1731
1,8,star_sign,ema_lr1e-2_wd1e-3,0.01,0.001,3.00817,0.05719,1731
1,8,star_sign,ema_d0.99,0.01,0.0001,3.09377,0.05546,1731
1,8,star_sign,ema_d0.9999,0.01,0.0001,2.91928,0.06066,1731
1,8,star_sign,mlp_h16,0.001,0.0,2.59004,0.00116,1731
1,8,star_sign,mlp_h32,0.001,0.0,2.214,0.1606,1731
1,8,star_sign,mlp_h64,0.001,0.0,2.29611,0.11034,1731
1,8,star_sign,mlp_h128,0.001,0.0,2.12639,0.5725,1731
1,8,star_sign,attention,0.0001,1e-05,2.24244,0.30469,1731
1,8,star_sign,shuffled,0.01,0.0001,3.09985,0.03871,1731
1,12,age_bin,ema_lr1e-3,0.001,0.0001,1.5302,0.35066,1731
1,12,age_bin,ema_lr5e-3,0.005,0.0001,1.36235,0.36222,1731
1,12,age_bin,ema_lr1e-2,0.01,0.0001,1.34237,0.3264,1731
1,12,age_bin,ema_lr5e-2,0.05,0.0001,1.74102,0.26748,1731
1,12,age_bin,ema_lr1e-2_wd1e-3,0.01,0.001,1.39226,0.34431,1731
1,12,age_bin,ema_d0.99,0.01,0.0001,1.43569,0.36453,1731
1,12,age_bin,ema_d0.9999,0.01,0.0001,1.36742,0.34431,1731
1,12,age_bin,mlp_h16,0.001,0.0,1.16812,0.28885,1731
1,12,age_bin,mlp_h32,0.001,0.0,1.07802,0.42981,1731
1,12,age_bin,mlp_h64,0.001,0.0,1.10499,0.37608,1731
1,12,age_bin,mlp_h128,0.001,0.0,1.14649,0.45176,1731
1,12,age_bin,attention,0.0001,1e-05,40.9439,0.47656,1731
1,12,age_bin,shuffled,0.01,0.0001,1.37465,0.3316,1731
1,12,gender,ema_lr1e-3,0.001,0.0001,0.85985,0.51358,1731
1,12,gender,ema_lr5e-3,0.005,0.0001,0.91004,0.49047,1731
1,12,gender,ema_lr1e-2,0.01,0.0001,0.88024,0.52455,1731
1,12,gender,ema_lr5e-2,0.05,0.0001,1.50612,0.48758,1731
1,12,gender,ema_lr1e-2_wd1e-3,0.01,0.001,1.02729,0.50144,1731
1,12,gender,ema_d0.99,0.01,0.0001,0.90767,0.487,1731
1,12,gender,ema_d0.9999,0.01,0.0001,0.90419,0.49798,1731
1,12,gender,mlp_h16,0.001,0.0,0.69586,0.50953,1731
1,12,gender,mlp_h32,0.001,0.0,0.70913,0.51762,1731
1,12,gender,mlp_h64,0.001,0.0,0.75345,0.51415,1731
1,12,gender,mlp_h128,0.001,0.0,0.84617,0.51242,1731
1,12,gender,attention,0.0001,1e-05,0.72815,0.45312,1731
1,12,gender,shuffled,0.01,0.0001,0.87721,0.513,1731
1,12,star_sign,ema_lr1e-3,0.001,0.0001,3.09592,0.05026,1731
1,12,star_sign,ema_lr5e-3,0.005,0.0001,3.08361,0.11843,1731
1,12,star_sign,ema_lr1e-2,0.01,0.0001,2.91657,0.08666,1731
1,12,star_sign,ema_lr5e-2,0.05,0.0001,2.99451,0.07337,1731
1,12,star_sign,ema_lr1e-2_wd1e-3,0.01,0.001,2.9902,0.05893,1731
1,12,star_sign,ema_d0.99,0.01,0.0001,3.03058,0.06066,1731
1,12,star_sign,ema_d0.9999,0.01,0.0001,3.24015,0.06817,1731
1,12,star_sign,mlp_h16,0.001,0.0,2.04517,0.39399,1731
1,12,star_sign,mlp_h32,0.001,0.0,2.18154,0.44194,1731
1,12,star_sign,mlp_h64,0.001,0.0,2.20743,0.18486,1731
1,12,star_sign,mlp_h128,0.001,0.0,2.07637,0.41594,1731
1,12,star_sign,attention,0.0001,1e-05,30.18039,0.0,1731
1,12,star_sign,shuffled,0.01,0.0001,3.07895,0.07972,1731
1,16,age_bin,ema_lr1e-3,0.001,0.0001,1.83449,0.34027,1731
1,16,age_bin,ema_lr5e-3,0.005,0.0001,1.66534,0.31774,1731
1,16,age_bin,ema_lr1e-2,0.01,0.0001,1.56584,0.37666,1731
1,16,age_bin,ema_lr5e-2,0.05,0.0001,1.74062,0.39341,1731
1,16,age_bin,ema_lr1e-2_wd1e-3,0.01,0.001,1.58863,0.33333,1731
1,16,age_bin,ema_d0.99,0.01,0.0001,1.49351,0.31774,1731
1,16,age_bin,ema_d0.9999,0.01,0.0001,1.33137,0.33738,1731
1,16,age_bin,mlp_h16,0.001,0.0,1.07719,0.43616,1731
1,16,age_bin,mlp_h32,0.001,0.0,1.11405,0.38302,1731
1,16,age_bin,mlp_h64,0.001,0.0,1.06693,0.46043,1731
1,16,age_bin,mlp_h128,0.001,0.0,1.12336,0.46736,1731
1,16,age_bin,attention,0.0001,1e-05,1.14582,0.3125,1731
1,16,age_bin,shuffled,0.01,0.0001,1.38071,0.35066,1731
1,16,gender,ema_lr1e-3,0.001,0.0001,0.87111,0.5338,1731
1,16,gender,ema_lr5e-3,0.005,0.0001,1.11858,0.50433,1731
1,16,gender,ema_lr1e-2,0.01,0.0001,0.87486,0.53784,1731
1,16,gender,ema_lr5e-2,0.05,0.0001,1.36,0.50838,1731
1,16,gender,ema_lr1e-2_wd1e-3,0.01,0.001,0.85082,0.50838,1731
1,16,gender,ema_d0.99,0.01,0.0001,0.88038,0.51358,1731
1,16,gender,ema_d0.9999,0.01,0.0001,0.89983,0.5078,1731
1,16,gender,mlp_h16,0.001,0.0,0.70369,0.52455,1731
1,16,gender,mlp_h32,0.001,0.0,0.71308,0.48065,1731
1,16,gender,mlp_h64,0.001,0.0,0.80025,0.53091,1731
1,16,gender,mlp_h128,0.001,0.0,0.76318,0.50376,1731
1,16,gender,attention,0.0001,1e-05,38.69485,0.48438,1731
1,16,gender,shuffled,0.01,0.0001,0.89122,0.50433,1731
1,16,star_sign,ema_lr1e-3,0.001,0.0001,3.10284,0.08608,1731
1,16,star_sign,ema_lr5e-3,0.005,0.0001,3.12238,0.09936,1731
1,16,star_sign,ema_lr1e-2,0.01,0.0001,3.0174,0.06644,1731
1,16,star_sign,ema_lr5e-2,0.05,0.0001,3.01166,0.08261,1731
1,16,star_sign,ema_lr1e-2_wd1e-3,0.01,0.001,3.25817,0.1814,1731
1,16,star_sign,ema_d0.99,0.01,0.0001,2.99266,0.08146,1731
1,16,star_sign,ema_d0.9999,0.01,0.0001,3.20203,0.06355,1731
1,16,star_sign,mlp_h16,0.001,0.0,2.50233,0.07395,1731
1,16,star_sign,mlp_h32,0.001,0.0,2.0482,0.31254,1731
1,16,star_sign,mlp_h64,0.001,0.0,2.10091,0.37551,1731
1,16,star_sign,mlp_h128,0.001,0.0,2.38435,0.08377,1731
1,16,star_sign,attention,0.0001,1e-05,2.01461,0.35156,1731
1,16,star_sign,shuffled,0.01,0.0001,3.25511,0.06066,1731
1,20,age_bin,ema_lr1e-3,0.001,0.0001,1.70815,0.316,1731
1,20,age_bin,ema_lr5e-3,0.005,0.0001,1.48468,0.3524,1731
1,20,age_bin,ema_lr1e-2,0.01,0.0001,1.45245,0.34431,1731
1,20,age_bin,ema_lr5e-2,0.05,0.0001,1.55496,0.35933,1731
1,20,age_bin,ema_lr1e-2_wd1e-3,0.01,0.001,1.5859,0.35298,1731
1,20,age_bin,ema_d0.99,0.01,0.0001,1.6397,0.32467,1731
1,20,age_bin,ema_d0.9999,0.01,0.0001,1.71929,0.37839,1731
1,20,age_bin,mlp_h16,0.001,0.0,1.11027,0.35355,1731
1,20,age_bin,mlp_h32,0.001,0.0,1.10521,0.35702,1731
1,20,age_bin,mlp_h64,0.001,0.0,1.10077,0.40439,1731
1,20,age_bin,mlp_h128,0.001,0.0,1.1268,0.46332,1731
1,20,age_bin,attention,0.0001,1e-05,53.29258,0.47656,1731
1,20,age_bin,shuffled,0.01,0.0001,1.58926,0.30272,1731
1,20,gender,ema_lr1e-3,0.001,0.0001,1.08101,0.49624,1731
1,20,gender,ema_lr5e-3,0.005,0.0001,1.19442,0.49624,1731
1,20,gender,ema_lr1e-2,0.01,0.0001,0.95314,0.49798,1731
1,20,gender,ema_lr5e-2,0.05,0.0001,1.13365,0.53091,1731
1,20,gender,ema_lr1e-2_wd1e-3,0.01,0.001,1.03264,0.49393,1731
1,20,gender,ema_d0.99,0.01,0.0001,1.00982,0.49913,1731
1,20,gender,ema_d0.9999,0.01,0.0001,1.01642,0.49105,1731
1,20,gender,mlp_h16,0.001,0.0,0.73,0.51242,1731
1,20,gender,mlp_h32,0.001,0.0,0.7009,0.50029,1731
1,20,gender,mlp_h64,0.001,0.0,0.73097,0.49567,1731
1,20,gender,mlp_h128,0.001,0.0,0.81681,0.4974,1731
1,20,gender,attention,0.0001,1e-05,0.78282,0.4375,1731
1,20,gender,shuffled,0.01,0.0001,0.96843,0.48816,1731
1,20,star_sign,ema_lr1e-3,0.001,0.0001,3.24368,0.08203,1731
1,20,star_sign,ema_lr5e-3,0.005,0.0001,3.13356,0.09185,1731
1,20,star_sign,ema_lr1e-2,0.01,0.0001,3.25831,0.07972,1731
1,20,star_sign,ema_lr5e-2,0.05,0.0001,3.12916,0.10399,1731
1,20,star_sign,ema_lr1e-2_wd1e-3,0.01,0.001,3.25353,0.0543,1731
1,20,star_sign,ema_d0.99,0.01,0.0001,3.28595,0.07048,1731
1,20,star_sign,ema_d0.9999,0.01,0.0001,3.31285,0.0803,1731
1,20,star_sign,mlp_h16,0.001,0.0,2.30468,0.17735,1731
1,20,star_sign,mlp_h32,0.001,0.0,2.25254,0.32293,1731
1,20,star_sign,mlp_h64,0.001,0.0,2.53113,0.01386,1731
1,20,star_sign,mlp_h128,0.001,0.0,2.5136,0.0364,1731
1,20,star_sign,attention,0.0001,1e-05,17.72209,0.0,1731
1,20,star_sign,shuffled,0.01,0.0001,3.18559,0.08608,1731
1,24,age_bin,ema_lr1e-3,0.001,0.0001,1.74232,0.30387,1731
1,24,age_bin,ema_lr5e-3,0.005,0.0001,1.6858,0.31254,1731
1,24,age_bin,ema_lr1e-2,0.01,0.0001,1.55174,0.33853,1731
1,24,age_bin,ema_lr5e-2,0.05,0.0001,1.67278,0.32929,1731
1,24,age_bin,ema_lr1e-2_wd1e-3,0.01,0.001,1.60599,0.32178,1731
1,24,age_bin,ema_d0.99,0.01,0.0001,1.48483,0.34893,1731
1,24,age_bin,ema_d0.9999,0.01,0.0001,1.62821,0.34662,1731
1,24,age_bin,mlp_h16,0.001,0.0,1.16452,0.31311,1731
1,24,age_bin,mlp_h32,0.001,0.0,1.17875,0.21317,1731
1,24,age_bin,mlp_h64,0.001,0.0,1.11215,0.30387,1731
1,24,age_bin,mlp_h128,0.001,0.0,1.09116,0.37088,1731
1,24,age_bin,attention,0.0001,1e-05,6.75175,0.48438,1731
1,24,age_bin,shuffled,0.01,0.0001,1.59008,0.32987,1731
1,24,gender,ema_lr1e-3,0.001,0.0001,1.02298,0.5026,1731
1,24,gender,ema_lr5e-3,0.005,0.0001,1.02636,0.50953,1731
1,24,gender,ema_lr1e-2,0.01,0.0001,1.16537,0.46332,1731
1,24,gender,ema_lr5e-2,0.05,0.0001,0.99724,0.4974,1731
1,24,gender,ema_lr1e-2_wd1e-3,0.01,0.001,0.94415,0.5338,1731
1,24,gender,ema_d0.99,0.01,0.0001,1.04652,0.49798,1731
1,24,gender,ema_d0.9999,0.01,0.0001,0.97333,0.53437,1731
1,24,gender,mlp_h16,0.001,0.0,0.70865,0.4922,1731
1,24,gender,mlp_h32,0.001,0.0,0.69742,0.52397,1731
1,24,gender,mlp_h64,0.001,0.0,0.70405,0.49971,1731
1,24,gender,mlp_h128,0.001,0.0,0.68365,0.54766,1731
1,24,gender,attention,0.0001,1e-05,2.88417,0.52344,1731
1,24,gender,shuffled,0.01,0.0001,0.98937,0.49913,1731
1,24,star_sign,ema_lr1e-3,0.001,0.0001,3.21252,0.08723,1731
1,24,star_sign,ema_lr5e-3,0.005,0.0001,3.43366,0.06412,1731
1,24,star_sign,ema_lr1e-2,0.01,0.0001,3.31651,0.0803,1731
1,24,star_sign,ema_lr5e-2,0.05,0.0001,3.24017,0.07395,1731
1,24,star_sign,ema_lr1e-2_wd1e-3,0.01,0.001,3.33127,0.06355,1731
1,24,star_sign,ema_d0.99,0.01,0.0001,3.19233,0.10687,1731
1,24,star_sign,ema_d0.9999,0.01,0.0001,3.19624,0.10052,1731
1,24,star_sign,mlp_h16,0.001,0.0,2.8214,0.0,1731
1,24,star_sign,mlp_h32,0.001,0.0,2.38867,0.10052,1731
1,24,star_sign,mlp_h64,0.001,0.0,2.22851,0.28712,1731
1,24,star_sign,mlp_h128,0.001,0.0,2.34434,0.26748,1731
1,24,star_sign,attention,0.0001,1e-05,7.17021,0.10156,1731
1,24,star_sign,shuffled,0.01,0.0001,3.30757,0.06932,1731
2,0,age_bin,ema_lr1e-3,0.001,0.0001,1.5963,0.33836,2057
2,0,age_bin,ema_lr5e-3,0.005,0.0001,1.60718,0.32377,2057
2,0,age_bin,ema_lr1e-2,0.01,0.0001,1.58299,0.31356,2057
2,0,age_bin,ema_lr5e-2,0.05,0.0001,1.45061,0.34759,2057
2,0,age_bin,ema_lr1e-2_wd1e-3,0.01,0.001,1.59596,0.3262,2057
2,0,age_bin,ema_d0.99,0.01,0.0001,1.59928,0.33204,2057
2,0,age_bin,ema_d0.9999,0.01,0.0001,1.54852,0.36023,2057
2,0,age_bin,mlp_h16,0.001,0.0,1.08543,0.39475,2057
2,0,age_bin,mlp_h32,0.001,0.0,1.04922,0.47885,2057
2,0,age_bin,mlp_h64,0.001,0.0,1.06134,0.4633,2057
2,0,age_bin,mlp_h128,0.001,0.0,1.03701,0.49295,2057
2,0,age_bin,attention,0.0001,1e-05,1.09773,0.44531,2057
2,0,age_bin,shuffled,0.01,0.0001,1.50259,0.34419,2057
2,0,gender,ema_lr1e-3,0.001,0.0001,1.08403,0.51629,2057
2,0,gender,ema_lr5e-3,0.005,0.0001,0.99081,0.50948,2057
2,0,gender,ema_lr1e-2,0.01,0.0001,1.04081,0.48955,2057
2,0,gender,ema_lr5e-2,0.05,0.0001,0.96501,0.50122,2057
2,0,gender,ema_lr1e-2_wd1e-3,0.01,0.001,1.02327,0.49733,2057
2,0,gender,ema_d0.99,0.01,0.0001,1.04284,0.49441,2057
2,0,gender,ema_d0.9999,0.01,0.0001,1.02895,0.49927,2057
2,0,gender,mlp_h16,0.001,0.0,0.67817,0.57851,2057
2,0,gender,mlp_h32,0.001,0.0,0.69688,0.52261,2057
2,0,gender,mlp_h64,0.001,0.0,0.69358,0.52893,2057
2,0,gender,mlp_h128,0.001,0.0,0.69217,0.53136,2057
2,0,gender,attention,0.0001,1e-05,0.69285,0.53906,2057
2,0,gender,shuffled,0.01,0.0001,1.07893,0.51483,2057
2,0,star_sign,ema_lr1e-3,0.001,0.0001,3.32721,0.08945,2057
2,0,star_sign,ema_lr5e-3,0.005,0.0001,3.25238,0.07049,2057
2,0,star_sign,ema_lr1e-2,0.01,0.0001,3.23308,0.0666,2057
2,0,star_sign,ema_lr5e-2,0.05,0.0001,3.07123,0.08994,2057
2,0,star_sign,ema_lr1e-2_wd1e-3,0.01,0.001,3.21273,0.11084,2057
2,0,star_sign,ema_d0.99,0.01,0.0001,3.40228,0.1016,2057
2,0,star_sign,ema_d0.9999,0.01,0.0001,3.30035,0.09091,2057
2,0,star_sign,mlp_h16,0.001,0.0,2.51949,0.02868,2057
2,0,star_sign,mlp_h32,0.001,0.0,2.31964,0.22606,2057
2,0,star_sign,mlp_h64,0.001,0.0,1.96463,0.58921,2057
2,0,star_sign,mlp_h128,0.001,0.0,2.20556,0.39281,2057
2,0,star_sign,attention,0.0001,1e-05,2.47546,0.67188,2057
2,0,star_sign,shuffled,0.01,0.0001,3.24859,0.06514,2057
2,4,age_bin,ema_lr1e-3,0.001,0.0001,1.61711,0.28002,2057
2,4,age_bin,ema_lr5e-3,0.005,0.0001,1.50454,0.30822,2057
2,4,age_bin,ema_lr1e-2,0.01,0.0001,1.40215,0.30579,2057
2,4,age_bin,ema_lr5e-2,0.05,0.0001,1.6691,0.43024,2057
2,4,age_bin,ema_lr1e-2_wd1e-3,0.01,0.001,1.35902,0.32426,2057
2,4,age_bin,ema_d0.99,0.01,0.0001,1.37097,0.31308,2057
2,4,age_bin,ema_d0.9999,0.01,0.0001,1.37203,0.32134,2057
2,4,age_bin,mlp_h16,0.001,0.0,1.10242,0.3194,2057
2,4,age_bin,mlp_h32,0.001,0.0,1.05413,0.49976,2057
2,4,age_bin,mlp_h64,0.001,0.0,1.10478,0.47448,2057
2,4,age_bin,mlp_h128,0.001,0.0,1.17251,0.49635,2057
2,4,age_bin,attention,0.0001,1e-05,1.1126,0.30469,2057
2,4,age_bin,shuffled,0.01,0.0001,1.3292,0.3194,2057
2,4,gender,ema_lr1e-3,0.001,0.0001,0.88327,0.47642,2057
2,4,gender,ema_lr5e-3,0.005,0.0001,0.85229,0.52358,2057
2,4,gender,ema_lr1e-2,0.01,0.0001,0.8645,0.50948,2057
2,4,gender,ema_lr5e-2,0.05,0.0001,1.92411,0.44191,2057
2,4,gender,ema_lr1e-2_wd1e-3,0.01,0.001,0.90835,0.47885,2057
2,4,gender,ema_d0.99,0.01,0.0001,0.85627,0.48906,2057
2,4,gender,ema_d0.9999,0.01,0.0001,0.85381,0.49149,2057
2,4,gender,mlp_h16,0.001,0.0,0.69467,0.544,2057
2,4,gender,mlp_h32,0.001,0.0,0.69913,0.52552,2057
2,4,gender,mlp_h64,0.001,0.0,0.70662,0.55809,2057
2,4,gender,mlp_h128,0.001,0.0,0.72234,0.52066,2057
2,4,gender,attention,0.0001,1e-05,12.98889,0.45312,2057
2,4,gender,shuffled,0.01,0.0001,0.88647,0.4949,2057
2,4,star_sign,ema_lr1e-3,0.001,0.0001,3.06296,0.0457,2057
2,4,star_sign,ema_lr5e-3,0.005,0.0001,3.07793,0.06757,2057
2,4,star_sign,ema_lr1e-2,0.01,0.0001,3.0323,0.05153,2057
2,4,star_sign,ema_lr5e-2,0.05,0.0001,2.79082,0.08848,2057
2,4,star_sign,ema_lr1e-2_wd1e-3,0.01,0.001,3.03211,0.11133,2057
2,4,star_sign,ema_d0.99,0.01,0.0001,3.02874,0.04813,2057
2,4,star_sign,ema_d0.9999,0.01,0.0001,2.90723,0.10987,2057
2,4,star_sign,mlp_h16,0.001,0.0,2.04183,0.63831,2057
2,4,star_sign,mlp_h32,0.001,0.0,2.09525,0.77248,2057
2,4,star_sign,mlp_h64,0.001,0.0,2.14953,0.27807,2057
2,4,star_sign,mlp_h128,0.001,0.0,1.9944,0.71609,2057
2,4,star_sign,attention,0.0001,1e-05,2.32222,0.10938,2057
2,4,star_sign,shuffled,0.01,0.0001,2.93581,0.16189,2057
2,8,age_bin,ema_lr1e-3,0.001,0.0001,1.45244,0.32523,2057
2,8,age_bin,ema_lr5e-3,0.005,0.0001,1.4572,0.31697,2057
2,8,age_bin,ema_lr1e-2,0.01,0.0001,1.374,0.32718,2057
2,8,age_bin,ema_lr5e-2,0.05,0.0001,2.01796,0.2771,2057
2,8,age_bin,ema_lr1e-2_wd1e-3,0.01,0.001,1.37728,0.33058,2057
2,8,age_bin,ema_d0.99,0.01,0.0001,1.33349,0.3403,2057
2,8,age_bin,ema_d0.9999,0.01,0.0001,1.37375,0.34905,2057
2,8,age_bin,mlp_h16,0.001,0.0,1.1022,0.3437,2057
2,8,age_bin,mlp_h32,0.001,0.0,1.12538,0.3019,2057
2,8,age_bin,mlp_h64,0.001,0.0,1.13581,0.30092,2057
2,8,age_bin,mlp_h128,0.001,0.0,1.11759,0.50559,2057
2,8,age_bin,attention,0.0001,1e-05,1.12922,0.33594,2057
2,8,age_bin,shuffled,0.01,0.0001,1.31891,0.33252,2057
2,8,gender,ema_lr1e-3,0.001,0.0001,0.97359,0.49198,2057
2,8,gender,ema_lr5e-3,0.005,0.0001,0.89448,0.51191,2057
2,8,gender,ema_lr1e-2,0.01,0.0001,0.84186,0.5299,2057
2,8,gender,ema_lr5e-2,0.05,0.0001,1.73677,0.43607,2057
2,8,gender,ema_lr1e-2_wd1e-3,0.01,0.001,0.87263,0.52406,2057
2,8,gender,ema_d0.99,0.01,0.0001,0.86968,0.50608,2057
2,8,gender,ema_d0.9999,0.01,0.0001,0.91431,0.46573,2057
2,8,gender,mlp_h16,0.001,0.0,0.71083,0.44774,2057
2,8,gender,mlp_h32,0.001,0.0,0.69849,0.53913,2057
2,8,gender,mlp_h64,0.001,0.0,0.68959,0.54205,2057
2,8,gender,mlp_h128,0.001,0.0,0.72652,0.55615,2057
2,8,gender,attention,0.0001,1e-05,63.72519,0.45312,2057
2,8,gender,shuffled,0.01,0.0001,0.87149,0.50413,2057
2,8,star_sign,ema_lr1e-3,0.001,0.0001,3.01516,0.06612,2057
2,8,star_sign,ema_lr5e-3,0.005,0.0001,2.90846,0.09917,2057
2,8,star_sign,ema_lr1e-2,0.01,0.0001,2.99498,0.05493,2057
2,8,star_sign,ema_lr5e-2,0.05,0.0001,2.86824,0.09869,2057
2,8,star_sign,ema_lr1e-2_wd1e-3,0.01,0.001,2.99035,0.07292,2057
2,8,star_sign,ema_d0.99,0.01,0.0001,2.95648,0.07584,2057
2,8,star_sign,ema_d0.9999,0.01,0.0001,2.98326,0.07487,2057
2,8,star_sign,mlp_h16,0.001,0.0,2.56193,0.03792,2057
2,8,star_sign,mlp_h32,0.001,0.0,2.1068,0.22168,2057
2,8,star_sign,mlp_h64,0.001,0.0,2.12286,0.27078,2057
2,8,star_sign,mlp_h128,0.001,0.0,1.85922,0.95916,2057
2,8,star_sign,attention,0.0001,1e-05,2.1864,0.4375,2057
2,8,star_sign,shuffled,0.01,0.0001,3.01968,0.04667,2057
2,12,age_bin,ema_lr1e-3,0.001,0.0001,1.48737,0.34468,2057
2,12,age_bin,ema_lr5e-3,0.005,0.0001,1.3346,0.35683,2057
2,12,age_bin,ema_lr1e-2,0.01,0.0001,1.30045,0.36121,2057
2,12,age_bin,ema_lr5e-2,0.05,0.0001,1.66129,0.39912,2057
2,12,age_bin,ema_lr1e-2_wd1e-3,0.01,0.001,1.36248,0.32863,2057
2,12,age_bin,ema_d0.99,0.01,0.0001,1.36139,0.36655,2057
2,12,age_bin,ema_d0.9999,0.01,0.0001,1.4051,0.31308,2057
2,12,age_bin,mlp_h16,0.001,0.0,1.1877,0.2528,2057
2,12,age_bin,mlp_h32,0.001,0.0,1.07042,0.46573,2057
2,12,age_bin,mlp_h64,0.001,0.0,1.10702,0.38114,2057
2,12,age_bin,mlp_h128,0.001,0.0,1.18231,0.50656,2057
2,12,age_bin,attention,0.0001,1e-05,34.51209,0.50781,2057
2,12,age_bin,shuffled,0.01,0.0001,1.33413,0.34273,2057
2,12,gender,ema_lr1e-3,0.001,0.0001,0.89455,0.48274,2057
2,12,gender,ema_lr5e-3,0.005,0.0001,0.91747,0.46816,2057
2,12,gender,ema_lr1e-2,0.01,0.0001,0.9571,0.47691,2057
2,12,gender,ema_lr5e-2,0.05,0.0001,1.61054,0.45211,2057
2,12,gender,ema_lr1e-2_wd1e-3,0.01,0.001,0.9471,0.47982,2057
2,12,gender,ema_d0.99,0.01,0.0001,0.82423,0.53087,2057
2,12,gender,ema_d0.9999,0.01,0.0001,0.8892,0.49392,2057
2,12,gender,mlp_h16,0.001,0.0,0.69453,0.52552,2057
2,12,gender,mlp_h32,0.001,0.0,0.73016,0.48517,2057
2,12,gender,mlp_h64,0.001,0.0,0.70675,0.47691,2057
2,12,gender,mlp_h128,0.001,0.0,0.68419,0.5683,2057
2,12,gender,attention,0.0001,1e-05,0.71027,0.51562,2057
2,12,gender,shuffled,0.01,0.0001,0.89466,0.49003,2057
2,12,star_sign,ema_lr1e-3,0.001,0.0001,3.10981,0.05931,2057
2,12,star_sign,ema_lr5e-3,0.005,0.0001,2.94938,0.11813,2057
2,12,star_sign,ema_lr1e-2,0.01,0.0001,2.89913,0.08556,2057
2,12,star_sign,ema_lr5e-2,0.05,0.0001,2.88082,0.08459,2057
2,12,star_sign,ema_lr1e-2_wd1e-3,0.01,0.001,3.02167,0.06271,2057
2,12,star_sign,ema_d0.99,0.01,0.0001,2.93249,0.06028,2057
2,12,star_sign,ema_d0.9999,0.01,0.0001,3.11856,0.05737,2057
2,12,star_sign,mlp_h16,0.001,0.0,1.97453,0.39767,2057
2,12,star_sign,mlp_h32,0.001,0.0,2.03198,0.58726,2057
2,12,star_sign,mlp_h64,0.001,0.0,2.05495,0.65678,2057
2,12,star_sign,mlp_h128,0.001,0.0,1.82273,0.91784,2057
2,12,star_sign,attention,0.0001,1e-05,25.53505,0.0,2057
2,12,star_sign,shuffled,0.01,0.0001,3.00716,0.09237,2057
2,16,age_bin,ema_lr1e-3,0.001,0.0001,1.67986,0.37287,2057
2,16,age_bin,ema_lr5e-3,0.005,0.0001,1.59995,0.30384,2057
2,16,age_bin,ema_lr1e-2,0.01,0.0001,1.4216,0.37482,2057
2,16,age_bin,ema_lr5e-2,0.05,0.0001,1.46125,0.34662,2057
2,16,age_bin,ema_lr1e-2_wd1e-3,0.01,0.001,1.45683,0.31454,2057
2,16,age_bin,ema_d0.99,0.01,0.0001,1.47674,0.30967,2057
2,16,age_bin,ema_d0.9999,0.01,0.0001,1.35177,0.34662,2057
2,16,age_bin,mlp_h16,0.001,0.0,1.07519,0.46864,2057
2,16,age_bin,mlp_h32,0.001,0.0,1.07093,0.43656,2057
2,16,age_bin,mlp_h64,0.001,0.0,1.08505,0.48128,2057
2,16,age_bin,mlp_h128,0.001,0.0,1.05803,0.50899,2057
2,16,age_bin,attention,0.0001,1e-05,1.14662,0.3125,2057
2,16,age_bin,shuffled,0.01,0.0001,1.4298,0.32912,2057
2,16,gender,ema_lr1e-3,0.001,0.0001,0.91096,0.50851,2057
2,16,gender,ema_lr5e-3,0.005,0.0001,1.08943,0.45163,2057
2,16,gender,ema_lr1e-2,0.01,0.0001,0.93688,0.48128,2057
2,16,gender,ema_lr5e-2,0.05,0.0001,1.45723,0.4701,2057
2,16,gender,ema_lr1e-2_wd1e-3,0.01,0.001,0.94591,0.45455,2057
2,16,gender,ema_d0.99,0.01,0.0001,0.88802,0.51434,2057
2,16,gender,ema_d0.9999,0.01,0.0001,0.99453,0.46816,2057
2,16,gender,mlp_h16,0.001,0.0,0.71403,0.4526,2057
2,16,gender,mlp_h32,0.001,0.0,0.69257,0.52795,2057
2,16,gender,mlp_h64,0.001,0.0,0.71853,0.49392,2057
2,16,gender,mlp_h128,0.001,0.0,0.73096,0.57803,2057
2,16,gender,attention,0.0001,1e-05,38.36824,0.45312,2057
2,16,gender,shuffled,0.01,0.0001,0.87599,0.50608,2057
2,16,star_sign,ema_lr1e-3,0.001,0.0001,3.06995,0.08216,2057
2,16,star_sign,ema_lr5e-3,0.005,0.0001,3.13736,0.09334,2057
2,16,star_sign,ema_lr1e-2,0.01,0.0001,3.02256,0.05493,2057
2,16,star_sign,ema_lr5e-2,0.05,0.0001,2.97414,0.10452,2057
2,16,star_sign,ema_lr1e-2_wd1e-3,0.01,0.001,3.05712,0.18376,2057
2,16,star_sign,ema_d0.99,0.01,0.0001,3.0372,0.07681,2057
2,16,star_sign,ema_d0.9999,0.01,0.0001,3.10097,0.06368,2057
2,16,star_sign,mlp_h16,0.001,0.0,2.46529,0.06223,2057
2,16,star_sign,mlp_h32,0.001,0.0,1.96228,0.47691,2057
2,16,star_sign,mlp_h64,0.001,0.0,1.94134,0.64754,2057
2,16,star_sign,mlp_h128,0.001,0.0,2.18356,0.19689,2057
2,16,star_sign,attention,0.0001,1e-05,1.91739,0.40625,2057
2,16,star_sign,shuffled,0.01,0.0001,3.16462,0.05882,2057
2,20,age_bin,ema_lr1e-3,0.001,0.0001,1.67575,0.33447,2057
2,20,age_bin,ema_lr5e-3,0.005,0.0001,1.55658,0.31405,2057
2,20,age_bin,ema_lr1e-2,0.01,0.0001,1.53935,0.3053,2057
2,20,age_bin,ema_lr5e-2,0.05,0.0001,1.5166,0.31842,2057
2,20,age_bin,ema_lr1e-2_wd1e-3,0.01,0.001,1.43668,0.3753,2057
2,20,age_bin,ema_d0.99,0.01,0.0001,1.48082,0.33544,2057
2,20,age_bin,ema_d0.9999,0.01,0.0001,1.73847,0.31745,2057
2,20,age_bin,mlp_h16,0.001,0.0,1.12559,0.29363,2057
2,20,age_bin,mlp_h32,0.001,0.0,1.09088,0.38357,2057
2,20,age_bin,mlp_h64,0.001,0.0,1.04948,0.48614,2057
2,20,age_bin,mlp_h128,0.001,0.0,1.05015,0.48858,2057
2,20,age_bin,attention,0.0001,1e-05,48.23531,0.50781,2057
2,20,age_bin,shuffled,0.01,0.0001,1.48644,0.3544,2057
2,20,gender,ema_lr1e-3,0.001,0.0001,1.08966,0.48566,2057
2,20,gender,ema_lr5e-3,0.005,0.0001,1.08632,0.51094,2057
2,20,gender,ema_lr1e-2,0.01,0.0001,0.97966,0.49733,2057
2,20,gender,ema_lr5e-2,0.05,0.0001,1.27662,0.43267,2057
2,20,gender,ema_lr1e-2_wd1e-3,0.01,0.001,1.04859,0.4667,2057
2,20,gender,ema_d0.99,0.01,0.0001,1.09602,0.45989,2057
2,20,gender,ema_d0.9999,0.01,0.0001,0.91329,0.54059,2057
2,20,gender,mlp_h16,0.001,0.0,0.73135,0.45649,2057
2,20,gender,mlp_h32,0.001,0.0,0.69031,0.53184,2057
2,20,gender,mlp_h64,0.001,0.0,0.69924,0.52941,2057
2,20,gender,mlp_h128,0.001,0.0,0.69381,0.55566,2057
2,20,gender,attention,0.0001,1e-05,0.77666,0.53125,2057
2,20,gender,shuffled,0.01,0.0001,0.93964,0.49927,2057
2,20,star_sign,ema_lr1e-3,0.001,0.0001,3.24691,0.07778,2057
2,20,star_sign,ema_lr5e-3,0.005,0.0001,3.13264,0.08362,2057
2,20,star_sign,ema_lr1e-2,0.01,0.0001,3.20833,0.07973,2057
2,20,star_sign,ema_lr5e-2,0.05,0.0001,3.04717,0.13709,2057
2,20,star_sign,ema_lr1e-2_wd1e-3,0.01,0.001,3.24845,0.06514,2057
2,20,star_sign,ema_d0.99,0.01,0.0001,3.15016,0.07973,2057
2,20,star_sign,ema_d0.9999,0.01,0.0001,3.18825,0.09966,2057
2,20,star_sign,mlp_h16,0.001,0.0,2.23278,0.2878,2057
2,20,star_sign,mlp_h32,0.001,0.0,2.15062,0.51045,2057
2,20,star_sign,mlp_h64,0.001,0.0,2.40573,0.09917,2057
2,20,star_sign,mlp_h128,0.001,0.0,2.32843,0.21779,2057
2,20,star_sign,attention,0.0001,1e-05,13.00867,0.0,2057
2,20,star_sign,shuffled,0.01,0.0001,3.20923,0.08508,2057
2,24,age_bin,ema_lr1e-3,0.001,0.0001,1.6709,0.32669,2057
2,24,age_bin,ema_lr5e-3,0.005,0.0001,1.61762,0.32912,2057
2,24,age_bin,ema_lr1e-2,0.01,0.0001,1.61487,0.3019,2057
2,24,age_bin,ema_lr5e-2,0.05,0.0001,1.58086,0.34516,2057
2,24,age_bin,ema_lr1e-2_wd1e-3,0.01,0.001,1.62203,0.32961,2057
2,24,age_bin,ema_d0.99,0.01,0.0001,1.44426,0.36753,2057
2,24,age_bin,ema_d0.9999,0.01,0.0001,1.66851,0.32183,2057
2,24,age_bin,mlp_h16,0.001,0.0,1.21462,0.23481,2057
2,24,age_bin,mlp_h32,0.001,0.0,1.18184,0.25182,2057
2,24,age_bin,mlp_h64,0.001,0.0,1.09816,0.3578,2057
2,24,age_bin,mlp_h128,0.001,0.0,1.1068,0.36218,2057
2,24,age_bin,attention,0.0001,1e-05,5.5588,0.53125,2057
2,24,age_bin,shuffled,0.01,0.0001,1.51735,0.33204,2057
2,24,gender,ema_lr1e-3,0.001,0.0001,1.06136,0.47691,2057
2,24,gender,ema_lr5e-3,0.005,0.0001,1.11189,0.46913,2057
2,24,gender,ema_lr1e-2,0.01,0.0001,1.07989,0.48566,2057
2,24,gender,ema_lr5e-2,0.05,0.0001,0.91267,0.52649,2057
2,24,gender,ema_lr1e-2_wd1e-3,0.01,0.001,0.98583,0.51531,2057
2,24,gender,ema_d0.99,0.01,0.0001,1.00156,0.52358,2057
2,24,gender,ema_d0.9999,0.01,0.0001,0.98713,0.51677,2057
2,24,gender,mlp_h16,0.001,0.0,0.67532,0.5965,2057
2,24,gender,mlp_h32,0.001,0.0,0.71788,0.49246,2057
2,24,gender,mlp_h64,0.001,0.0,0.6825,0.56393,2057
2,24,gender,mlp_h128,0.001,0.0,0.68092,0.56733,2057
2,24,gender,attention,0.0001,1e-05,2.41864,0.46875,2057
2,24,gender,shuffled,0.01,0.0001,0.99119,0.50267,2057
2,24,star_sign,ema_lr1e-3,0.001,0.0001,3.27093,0.08653,2057
2,24,star_sign,ema_lr5e-3,0.005,0.0001,3.23704,0.10452,2057
2,24,star_sign,ema_lr1e-2,0.01,0.0001,3.29986,0.09334,2057
2,24,star_sign,ema_lr5e-2,0.05,0.0001,3.17661,0.06757,2057
2,24,star_sign,ema_lr1e-2_wd1e-3,0.01,0.001,3.24352,0.08605,2057
2,24,star_sign,ema_d0.99,0.01,0.0001,3.25102,0.09285,2057
2,24,star_sign,ema_d0.9999,0.01,0.0001,3.25755,0.09869,2057
2,24,star_sign,mlp_h16,0.001,0.0,2.78893,0.0,2057
2,24,star_sign,mlp_h32,0.001,0.0,2.32644,0.13952,2057
2,24,star_sign,mlp_h64,0.001,0.0,2.12478,0.46475,2057
2,24,star_sign,mlp_h128,0.001,0.0,2.17806,0.51045,2057
2,24,star_sign,attention,0.0001,1e-05,5.16766,0.21094,2057
2,24,star_sign,shuffled,0.01,0.0001,3.15177,0.07389,2057
3,0,age_bin,ema_lr1e-3,0.001,0.0001,1.58605,0.33241,2157
3,0,age_bin,ema_lr5e-3,0.005,0.0001,1.61217,0.32082,2157
3,0,age_bin,ema_lr1e-2,0.01,0.0001,1.48394,0.34353,2157
3,0,age_bin,ema_lr5e-2,0.05,0.0001,1.45626,0.34029,2157
3,0,age_bin,ema_lr1e-2_wd1e-3,0.01,0.001,1.52015,0.34724,2157
3,0,age_bin,ema_d0.99,0.01,0.0001,1.58314,0.31386,2157
3,0,age_bin,ema_d0.9999,0.01,0.0001,1.56295,0.34539,2157
3,0,age_bin,mlp_h16,0.001,0.0,1.07668,0.43255,2157
3,0,age_bin,mlp_h32,0.001,0.0,1.04595,0.49745,2157
3,0,age_bin,mlp_h64,0.001,0.0,1.05111,0.4752,2157
3,0,age_bin,mlp_h128,0.001,0.0,1.05354,0.49652,2157
3,0,age_bin,attention,0.0001,1e-05,1.09675,0.51562,2157
3,0,age_bin,shuffled,0.01,0.0001,1.45602,0.35744,2157
3,0,gender,ema_lr1e-3,0.001,0.0001,1.13532,0.48447,2157
3,0,gender,ema_lr5e-3,0.005,0.0001,0.97213,0.52527,2157
3,0,gender,ema_lr1e-2,0.01,0.0001,0.97863,0.51553,2157
3,0,gender,ema_lr5e-2,0.05,0.0001,0.92956,0.49189,2157
3,0,gender,ema_lr1e-2_wd1e-3,0.01,0.001,1.02881,0.47705,2157
3,0,gender,ema_d0.99,0.01,0.0001,1.03003,0.48493,2157
3,0,gender,ema_d0.9999,0.01,0.0001,1.04541,0.50348,2157
3,0,gender,mlp_h16,0.001,0.0,0.72565,0.51089,2157
3,0,gender,mlp_h32,0.001,0.0,0.70093,0.49884,2157
3,0,gender,mlp_h64,0.001,0.0,0.71252,0.49791,2157
3,0,gender,mlp_h128,0.001,0.0,0.71054,0.50394,2157
3,0,gender,attention,0.0001,1e-05,0.69269,0.57031,2157
3,0,gender,shuffled,0.01,0.0001,1.07667,0.49838,2157
3,0,star_sign,ema_lr1e-3,0.001,0.0001,3.36747,0.09226,2157
3,0,star_sign,ema_lr5e-3,0.005,0.0001,3.23672,0.08067,2157
3,0,star_sign,ema_lr1e-2,0.01,0.0001,3.20649,0.07557,2157
3,0,star_sign,ema_lr5e-2,0.05,0.0001,3.01564,0.0765,2157
3,0,star_sign,ema_lr1e-2_wd1e-3,0.01,0.001,3.15215,0.10756,2157
3,0,star_sign,ema_d0.99,0.01,0.0001,3.34365,0.11127,2157
3,0,star_sign,ema_d0.9999,0.01,0.0001,3.26582,0.0904,2157
3,0,star_sign,mlp_h16,0.001,0.0,2.4583,0.03709,2157
3,0,star_sign,mlp_h32,0.001,0.0,2.22753,0.32221,2157
3,0,star_sign,mlp_h64,0.001,0.0,1.7983,0.75336,2157
3,0,star_sign,mlp_h128,0.001,0.0,1.96784,0.51553,2157
3,0,star_sign,attention,0.0001,1e-05,2.47201,0.875,2157
3,0,star_sign,shuffled,0.01,0.0001,3.23237,0.05471,2157
3,4,age_bin,ema_lr1e-3,0.001,0.0001,1.56076,0.31479,2157
3,4,age_bin,ema_lr5e-3,0.005,0.0001,1.42305,0.33009,2157
3,4,age_bin,ema_lr1e-2,0.01,0.0001,1.34336,0.31989,2157
3,4,age_bin,ema_lr5e-2,0.05,0.0001,1.44597,0.32174,2157
3,4,age_bin,ema_lr1e-2_wd1e-3,0.01,0.001,1.36112,0.32777,2157
3,4,age_bin,ema_d0.99,0.01,0.0001,1.38358,0.31803,2157
3,4,age_bin,ema_d0.9999,0.01,0.0001,1.36291,0.32638,2157
3,4,age_bin,mlp_h16,0.001,0.0,1.09785,0.35049,2157
3,4,age_bin,mlp_h32,0.001,0.0,1.03857,0.50116,2157
3,4,age_bin,mlp_h64,0.001,0.0,1.08968,0.47983,2157
3,4,age_bin,mlp_h128,0.001,0.0,1.07217,0.49096,2157
3,4,age_bin,attention,0.0001,1e-05,1.07748,0.40625,2157
3,4,age_bin,shuffled,0.01,0.0001,1.33361,0.32638,2157
3,4,gender,ema_lr1e-3,0.001,0.0001,0.87708,0.48586,2157
3,4,gender,ema_lr5e-3,0.005,0.0001,0.90393,0.47844,2157
3,4,gender,ema_lr1e-2,0.01,0.0001,0.88834,0.48632,2157
3,4,gender,ema_lr5e-2,0.05,0.0001,1.36605,0.51089,2157
3,4,gender,ema_lr1e-2_wd1e-3,0.01,0.001,0.87024,0.49791,2157
3,4,gender,ema_d0.99,0.01,0.0001,0.85433,0.5146,2157
3,4,gender,ema_d0.9999,0.01,0.0001,0.82125,0.5299,2157
3,4,gender,mlp_h16,0.001,0.0,0.69729,0.51646,2157
3,4,gender,mlp_h32,0.001,0.0,0.7226,0.50533,2157
3,4,gender,mlp_h64,0.001,0.0,0.70823,0.51646,2157
3,4,gender,mlp_h128,0.001,0.0,0.75167,0.51831,2157
3,4,gender,attention,0.0001,1e-05,10.75235,0.4375,2157
3,4,gender,shuffled,0.01,0.0001,0.88667,0.48679,2157
3,4,star_sign,ema_lr1e-3,0.001,0.0001,2.99523,0.05749,2157
3,4,star_sign,ema_lr5e-3,0.005,0.0001,3.09647,0.04312,2157
3,4,star_sign,ema_lr1e-2,0.01,0.0001,3.00569,0.05888,2157
3,4,star_sign,ema_lr5e-2,0.05,0.0001,2.69142,0.14604,2157
3,4,star_sign,ema_lr1e-2_wd1e-3,0.01,0.001,2.97359,0.11637,2157
3,4,star_sign,ema_d0.99,0.01,0.0001,2.93761,0.05563,2157
3,4,star_sign,ema_d0.9999,0.01,0.0001,2.84848,0.10338,2157
3,4,star_sign,mlp_h16,0.001,0.0,1.91871,0.76402,2157
3,4,star_sign,mlp_h32,0.001,0.0,1.98095,0.879,2157
3,4,star_sign,mlp_h64,0.001,0.0,1.95796,0.42235,2157
3,4,star_sign,mlp_h128,0.001,0.0,1.70782,0.98656,2157
3,4,star_sign,attention,0.0001,1e-05,2.27055,0.24219,2157
3,4,star_sign,shuffled,0.01,0.0001,2.89715,0.16736,2157
3,8,age_bin,ema_lr1e-3,0.001,0.0001,1.46805,0.31525,2157
3,8,age_bin,ema_lr5e-3,0.005,0.0001,1.42035,0.32313,2157
3,8,age_bin,ema_lr1e-2,0.01,0.0001,1.34355,0.34446,2157
3,8,age_bin,ema_lr5e-2,0.05,0.0001,1.6414,0.38618,2157
3,8,age_bin,ema_lr1e-2_wd1e-3,0.01,0.001,1.36811,0.32128,2157
3,8,age_bin,ema_d0.99,0.01,0.0001,1.30719,0.36486,2157
3,8,age_bin,ema_d0.9999,0.01,0.0001,1.41165,0.31062,2157
3,8,age_bin,mlp_h16,0.001,0.0,1.09741,0.3834,2157
3,8,age_bin,mlp_h32,0.001,0.0,1.09752,0.37691,2157
3,8,age_bin,mlp_h64,0.001,0.0,1.0884,0.43162,2157
3,8,age_bin,mlp_h128,0.001,0.0,1.05625,0.50765,2157
3,8,age_bin,attention,0.0001,1e-05,1.2123,0.27344,2157
3,8,age_bin,shuffled,0.01,0.0001,1.32954,0.33055,2157
3,8,gender,ema_lr1e-3,0.001,0.0001,0.94965,0.4942,2157
3,8,gender,ema_lr5e-3,0.005,0.0001,0.92177,0.48725,2157
3,8,gender,ema_lr1e-2,0.01,0.0001,0.87148,0.49328,2157
3,8,gender,ema_lr5e-2,0.05,0.0001,1.37784,0.49003,2157
3,8,gender,ema_lr1e-2_wd1e-3,0.01,0.001,0.87466,0.50765,2157
3,8,gender,ema_d0.99,0.01,0.0001,0.89239,0.47659,2157
3,8,gender,ema_d0.9999,0.01,0.0001,0.88937,0.49328,2157
3,8,gender,mlp_h16,0.001,0.0,0.70452,0.48261,2157
3,8,gender,mlp_h32,0.001,0.0,0.70718,0.47705,2157
3,8,gender,mlp_h64,0.001,0.0,0.73564,0.49791,2157
3,8,gender,mlp_h128,0.001,0.0,0.71518,0.50997,2157
3,8,gender,attention,0.0001,1e-05,63.04652,0.4375,2157
3,8,gender,shuffled,0.01,0.0001,0.8782,0.47844,2157
3,8,star_sign,ema_lr1e-3,0.001,0.0001,3.00023,0.06815,2157
3,8,star_sign,ema_lr5e-3,0.005,0.0001,2.99129,0.08345,2157
3,8,star_sign,ema_lr1e-2,0.01,0.0001,2.95136,0.0561,2157
3,8,star_sign,ema_lr5e-2,0.05,0.0001,2.74139,0.16504,2157
3,8,star_sign,ema_lr1e-2_wd1e-3,0.01,0.001,2.92632,0.06769,2157
3,8,star_sign,ema_d0.99,0.01,0.0001,2.9474,0.07464,2157
3,8,star_sign,ema_d0.9999,0.01,0.0001,2.91287,0.08252,2157
3,8,star_sign,mlp_h16,0.001,0.0,2.55407,0.04729,2157
3,8,star_sign,mlp_h32,0.001,0.0,1.98526,0.36996,2157
3,8,star_sign,mlp_h64,0.001,0.0,1.9418,0.67687,2157
3,8,star_sign,mlp_h128,0.001,0.0,1.57422,1.0,2157
3,8,star_sign,attention,0.0001,1e-05,2.1161,0.57812,2157
3,8,star_sign,shuffled,0.01,0.0001,2.92197,0.0612,2157
3,12,age_bin,ema_lr1e-3,0.001,0.0001,1.57153,0.30876,2157
3,12,age_bin,ema_lr5e-3,0.005,0.0001,1.30421,0.37413,2157
3,12,age_bin,ema_lr1e-2,0.01,0.0001,1.37885,0.30134,2157
3,12,age_bin,ema_lr5e-2,0.05,0.0001,1.3703,0.32592,2157
3,12,age_bin,ema_lr1e-2_wd1e-3,0.01,0.001,1.3902,0.33658,2157
3,12,age_bin,ema_d0.99,0.01,0.0001,1.35242,0.34492,2157
3,12,age_bin,ema_d0.9999,0.01,0.0001,1.38845,0.33751,2157
3,12,age_bin,mlp_h16,0.001,0.0,1.1796,0.23644,2157
3,12,age_bin,mlp_h32,0.001,0.0,1.0651,0.48911,2157
3,12,age_bin,mlp_h64,0.001,0.0,1.07842,0.46222,2157
3,12,age_bin,mlp_h128,0.001,0.0,1.06467,0.49328,2157
3,12,age_bin,attention,0.0001,1e-05,26.30901,0.53906,2157
3,12,age_bin,shuffled,0.01,0.0001,1.35574,0.33565,2157
3,12,gender,ema_lr1e-3,0.001,0.0001,0.864,0.50811,2157
3,12,gender,ema_lr5e-3,0.005,0.0001,0.86892,0.51043,2157
3,12,gender,ema_lr1e-2,0.01,0.0001,0.83006,0.53871,2157
3,12,gender,ema_lr5e-2,0.05,0.0001,1.39594,0.49513,2157
3,12,gender,ema_lr1e-2_wd1e-3,0.01,0.001,0.90296,0.49328,2157
3,12,gender,ema_d0.99,0.01,0.0001,0.87522,0.49838,2157
3,12,gender,ema_d0.9999,0.01,0.0001,0.87763,0.49189,2157
3,12,gender,mlp_h16,0.001,0.0,0.70091,0.49096,2157
3,12,gender,mlp_h32,0.001,0.0,0.70442,0.48401,2157
3,12,gender,mlp_h64,0.001,0.0,0.72738,0.51553,2157
3,12,gender,mlp_h128,0.001,0.0,0.81722,0.49838,2157
3,12,gender,attention,0.0001,1e-05,0.71739,0.45312,2157
3,12,gender,shuffled,0.01,0.0001,0.91029,0.48586,2157
3,12,star_sign,ema_lr1e-3,0.001,0.0001,3.12133,0.05007,2157
3,12,star_sign,ema_lr5e-3,0.005,0.0001,2.9389,0.12054,2157
3,12,star_sign,ema_lr1e-2,0.01,0.0001,2.82734,0.08901,2157
3,12,star_sign,ema_lr5e-2,0.05,0.0001,2.73875,0.10663,2157
3,12,star_sign,ema_lr1e-2_wd1e-3,0.01,0.001,2.9431,0.06537,2157
3,12,star_sign,ema_d0.99,0.01,0.0001,2.94675,0.0663,2157
3,12,star_sign,ema_d0.9999,0.01,0.0001,3.01952,0.06073,2157
3,12,star_sign,mlp_h16,0.001,0.0,1.88987,0.5007,2157
3,12,star_sign,mlp_h32,0.001,0.0,1.89541,0.75151,2157
3,12,star_sign,mlp_h64,0.001,0.0,1.89478,0.94808,2157
3,12,star_sign,mlp_h128,0.001,0.0,1.54856,0.99675,2157
3,12,star_sign,attention,0.0001,1e-05,20.9083,0.0,2157
3,12,star_sign,shuffled,0.01,0.0001,2.94226,0.08901,2157
3,16,age_bin,ema_lr1e-3,0.001,0.0001,1.68363,0.35698,2157
3,16,age_bin,ema_lr5e-3,0.005,0.0001,1.43421,0.3528,2157
3,16,age_bin,ema_lr1e-2,0.01,0.0001,1.38913,0.38108,2157
3,16,age_bin,ema_lr5e-2,0.05,0.0001,1.60793,0.41307,2157
3,16,age_bin,ema_lr1e-2_wd1e-3,0.01,0.001,1.45944,0.3236,2157
3,16,age_bin,ema_d0.99,0.01,0.0001,1.38476,0.33241,2157
3,16,age_bin,ema_d0.9999,0.01,0.0001,1.34897,0.34029,2157
3,16,age_bin,mlp_h16,0.001,0.0,1.06136,0.49328,2157
3,16,age_bin,mlp_h32,0.001,0.0,1.06164,0.46407,2157
3,16,age_bin,mlp_h64,0.001,0.0,1.0382,0.4956,2157
3,16,age_bin,mlp_h128,0.001,0.0,1.03245,0.50811,2157
3,16,age_bin,attention,0.0001,1e-05,1.11883,0.32031,2157
3,16,age_bin,shuffled,0.01,0.0001,1.43313,0.32499,2157
3,16,gender,ema_lr1e-3,0.001,0.0001,0.92986,0.4942,2157
3,16,gender,ema_lr5e-3,0.005,0.0001,0.96382,0.49884,2157
3,16,gender,ema_lr1e-2,0.01,0.0001,0.9622,0.47149,2157
3,16,gender,ema_lr5e-2,0.05,0.0001,1.23828,0.52202,2157
3,16,gender,ema_lr1e-2_wd1e-3,0.01,0.001,0.88019,0.52527,2157
3,16,gender,ema_d0.99,0.01,0.0001,0.89063,0.50394,2157
3,16,gender,ema_d0.9999,0.01,0.0001,0.93039,0.48354,2157
3,16,gender,mlp_h16,0.001,0.0,0.70533,0.49328,2157
3,16,gender,mlp_h32,0.001,0.0,0.70509,0.47752,2157
3,16,gender,mlp_h64,0.001,0.0,0.72386,0.48725,2157
3,16,gender,mlp_h128,0.001,0.0,0.74865,0.48911,2157
3,16,gender,attention,0.0001,1e-05,37.00031,0.4375,2157
3,16,gender,shuffled,0.01,0.0001,0.88671,0.5058,2157
3,16,star_sign,ema_lr1e-3,0.001,0.0001,2.94053,0.0955,2157
3,16,star_sign,ema_lr5e-3,0.005,0.0001,3.04053,0.11219,2157
3,16,star_sign,ema_lr1e-2,0.01,0.0001,3.01719,0.06861,2157
3,16,star_sign,ema_lr5e-2,0.05,0.0001,2.83539,0.18915,2157
3,16,star_sign,ema_lr1e-2_wd1e-3,0.01,0.001,3.02547,0.14372,2157
3,16,star_sign,ema_d0.99,0.01,0.0001,2.91467,0.09179,2157
3,16,star_sign,ema_d0.9999,0.01,0.0001,3.10591,0.05981,2157
3,16,star_sign,mlp_h16,0.001,0.0,2.41864,0.05934,2157
3,16,star_sign,mlp_h32,0.001,0.0,1.85047,0.64395,2157
3,16,star_sign,mlp_h64,0.001,0.0,1.76775,0.89522,2157
3,16,star_sign,mlp_h128,0.001,0.0,1.95216,0.70236,2157
3,16,star_sign,attention,0.0001,1e-05,1.76601,0.69531,2157
3,16,star_sign,shuffled,0.01,0.0001,3.13776,0.05563,2157
3,20,age_bin,ema_lr1e-3,0.001,0.0001,1.68724,0.32499,2157
3,20,age_bin,ema_lr5e-3,0.005,0.0001,1.55055,0.33009,2157
3,20,age_bin,ema_lr1e-2,0.01,0.0001,1.52784,0.32916,2157
3,20,age_bin,ema_lr5e-2,0.05,0.0001,1.58466,0.33519,2157
3,20,age_bin,ema_lr1e-2_wd1e-3,0.01,0.001,1.54885,0.34539,2157
3,20,age_bin,ema_d0.99,0.01,0.0001,1.45241,0.35188,2157
3,20,age_bin,ema_d0.9999,0.01,0.0001,1.50517,0.35188,2157
3,20,age_bin,mlp_h16,0.001,0.0,1.10024,0.35002,2157
3,20,age_bin,mlp_h32,0.001,0.0,1.06569,0.45619,2157
3,20,age_bin,mlp_h64,0.001,0.0,1.02045,0.51414,2157
3,20,age_bin,mlp_h128,0.001,0.0,1.03154,0.5058,2157
3,20,age_bin,attention,0.0001,1e-05,42.41087,0.53906,2157
3,20,age_bin,shuffled,0.01,0.0001,1.47905,0.3338,2157
3,20,gender,ema_lr1e-3,0.001,0.0001,1.03614,0.50301,2157
3,20,gender,ema_lr5e-3,0.005,0.0001,1.12949,0.46732,2157
3,20,gender,ema_lr1e-2,0.01,0.0001,0.94103,0.51321,2157
3,20,gender,ema_lr5e-2,0.05,0.0001,1.12369,0.4854,2157
3,20,gender,ema_lr1e-2_wd1e-3,0.01,0.001,0.95073,0.51692,2157
3,20,gender,ema_d0.99,0.01,0.0001,0.96027,0.51553,2157
3,20,gender,ema_d0.9999,0.01,0.0001,0.94017,0.53825,2157
3,20,gender,mlp_h16,0.001,0.0,0.71554,0.47566,2157
3,20,gender,mlp_h32,0.001,0.0,0.70688,0.48679,2157
3,20,gender,mlp_h64,0.001,0.0,0.7094,0.49003,2157
3,20,gender,mlp_h128,0.001,0.0,0.72348,0.48679,2157
3,20,gender,attention,0.0001,1e-05,0.72109,0.54688,2157
3,20,gender,shuffled,0.01,0.0001,0.93007,0.50672,2157
3,20,star_sign,ema_lr1e-3,0.001,0.0001,3.18175,0.08901,2157
3,20,star_sign,ema_lr5e-3,0.005,0.0001,3.19761,0.08716,2157
3,20,star_sign,ema_lr1e-2,0.01,0.0001,3.21824,0.08484,2157
3,20,star_sign,ema_lr5e-2,0.05,0.0001,2.97237,0.11451,2157
3,20,star_sign,ema_lr1e-2_wd1e-3,0.01,0.001,3.20963,0.08067,2157
3,20,star_sign,ema_d0.99,0.01,0.0001,3.13837,0.07557,2157
3,20,star_sign,ema_d0.9999,0.01,0.0001,3.14664,0.10478,2157
3,20,star_sign,mlp_h16,0.001,0.0,2.17484,0.34585,2157
3,20,star_sign,mlp_h32,0.001,0.0,2.08571,0.61289,2157
3,20,star_sign,mlp_h64,0.001,0.0,2.29787,0.15299,2157
3,20,star_sign,mlp_h128,0.001,0.0,2.15685,0.48447,2157
3,20,star_sign,attention,0.0001,1e-05,8.37659,0.0,2157
3,20,star_sign,shuffled,0.01,0.0001,3.17864,0.0765,2157
3,24,age_bin,ema_lr1e-3,0.001,0.0001,1.64858,0.32592,2157
3,24,age_bin,ema_lr5e-3,0.005,0.0001,1.72005,0.3134,2157
3,24,age_bin,ema_lr1e-2,0.01,0.0001,1.50646,0.34678,2157
3,24,age_bin,ema_lr5e-2,0.05,0.0001,1.42977,0.3783,2157
3,24,age_bin,ema_lr1e-2_wd1e-3,0.01,0.001,1.68396,0.29439,2157
3,24,age_bin,ema_d0.99,0.01,0.0001,1.43527,0.38108,2157
3,24,age_bin,ema_d0.9999,0.01,0.0001,1.70372,0.31618,2157
3,24,age_bin,mlp_h16,0.001,0.0,1.19184,0.23922,2157
3,24,age_bin,mlp_h32,0.001,0.0,1.13333,0.28697,2157
3,24,age_bin,mlp_h64,0.001,0.0,1.066,0.44924,2157
3,24,age_bin,mlp_h128,0.001,0.0,1.06437,0.4446,2157
3,24,age_bin,attention,0.0001,1e-05,4.72662,0.51562,2157
3,24,age_bin,shuffled,0.01,0.0001,1.51126,0.33241,2157
3,24,gender,ema_lr1e-3,0.001,0.0001,1.04162,0.50162,2157
3,24,gender,ema_lr5e-3,0.005,0.0001,1.21261,0.46175,2157
3,24,gender,ema_lr1e-2,0.01,0.0001,1.11978,0.46314,2157
3,24,gender,ema_lr5e-2,0.05,0.0001,0.87534,0.55586,2157
3,24,gender,ema_lr1e-2_wd1e-3,0.01,0.001,0.93543,0.53361,2157
3,24,gender,ema_d0.99,0.01,0.0001,1.00968,0.51136,2157
3,24,gender,ema_d0.9999,0.01,0.0001,1.1665,0.45758,2157
3,24,gender,mlp_h16,0.001,0.0,0.70398,0.5058,2157
3,24,gender,mlp_h32,0.001,0.0,0.72455,0.47427,2157
3,24,gender,mlp_h64,0.001,0.0,0.70179,0.51739,2157
3,24,gender,mlp_h128,0.001,0.0,0.70825,0.53037,2157
3,24,gender,attention,0.0001,1e-05,1.91942,0.5,2157
3,24,gender,shuffled,0.01,0.0001,1.05853,0.48354,2157
3,24,star_sign,ema_lr1e-3,0.001,0.0001,3.34271,0.08299,2157
3,24,star_sign,ema_lr5e-3,0.005,0.0001,3.07167,0.13213,2157
3,24,star_sign,ema_lr1e-2,0.01,0.0001,3.15426,0.11173,2157
3,24,star_sign,ema_lr5e-2,0.05,0.0001,3.14668,0.05795,2157
3,24,star_sign,ema_lr1e-2_wd1e-3,0.01,0.001,3.18837,0.0765,2157
3,24,star_sign,ema_d0.99,0.01,0.0001,3.30206,0.08994,2157
3,24,star_sign,ema_d0.9999,0.01,0.0001,3.32435,0.09272,2157
3,24,star_sign,mlp_h16,0.001,0.0,2.75222,0.0,2157
3,24,star_sign,mlp_h32,0.001,0.0,2.29887,0.20816,2157
3,24,star_sign,mlp_h64,0.001,0.0,2.03607,0.58507,2157
3,24,star_sign,mlp_h128,0.001,0.0,2.05729,0.68521,2157
3,24,star_sign,attention,0.0001,1e-05,2.89385,0.33594,2157
3,24,star_sign,shuffled,0.01,0.0001,3.27474,0.0802,2157
4,0,age_bin,ema_lr1e-3,0.001,0.0001,1.61555,0.34678,2082
4,0,age_bin,ema_lr5e-3,0.005,0.0001,1.54459,0.32133,2082
4,0,age_bin,ema_lr1e-2,0.01,0.0001,1.50323,0.34342,2082
4,0,age_bin,ema_lr5e-2,0.05,0.0001,1.43266,0.33429,2082
4,0,age_bin,ema_lr1e-2_wd1e-3,0.01,0.001,1.50854,0.32901,2082
4,0,age_bin,ema_d0.99,0.01,0.0001,1.53418,0.34486,2082
4,0,age_bin,ema_d0.9999,0.01,0.0001,1.56604,0.32709,2082
4,0,age_bin,mlp_h16,0.001,0.0,1.08235,0.40874,2082
4,0,age_bin,mlp_h32,0.001,0.0,1.0956,0.43708,2082
4,0,age_bin,mlp_h64,0.001,0.0,1.08549,0.43612,2082
4,0,age_bin,mlp_h128,0.001,0.0,1.09177,0.44909,2082
4,0,age_bin,attention,0.0001,1e-05,1.09713,0.45312,2082
4,0,age_bin,shuffled,0.01,0.0001,1.51362,0.32853,2082
4,0,gender,ema_lr1e-3,0.001,0.0001,1.10582,0.48655,2082
4,0,gender,ema_lr5e-3,0.005,0.0001,1.0348,0.49472,2082
4,0,gender,ema_lr1e-2,0.01,0.0001,1.01541,0.51249,2082
4,0,gender,ema_lr5e-2,0.05,0.0001,0.87037,0.52209,2082
4,0,gender,ema_lr1e-2_wd1e-3,0.01,0.001,0.98926,0.48943,2082
4,0,gender,ema_d0.99,0.01,0.0001,1.00307,0.5048,2082
4,0,gender,ema_d0.9999,0.01,0.0001,1.00122,0.51297,2082
4,0,gender,mlp_h16,0.001,0.0,0.72832,0.47022,2082
4,0,gender,mlp_h32,0.001,0.0,0.70372,0.50096,2082
4,0,gender,mlp_h64,0.001,0.0,0.70343,0.50913,2082
4,0,gender,mlp_h128,0.001,0.0,0.71309,0.50096,2082
4,0,gender,attention,0.0001,1e-05,0.69354,0.46094,2082
4,0,gender,shuffled,0.01,0.0001,1.06546,0.5,2082
4,0,star_sign,ema_lr1e-3,0.001,0.0001,3.33868,0.08982,2082
4,0,star_sign,ema_lr5e-3,0.005,0.0001,3.18171,0.07541,2082
4,0,star_sign,ema_lr1e-2,0.01,0.0001,3.20836,0.0634,2082
4,0,star_sign,ema_lr5e-2,0.05,0.0001,2.88946,0.10471,2082
4,0,star_sign,ema_lr1e-2_wd1e-3,0.01,0.001,3.12191,0.11479,2082
4,0,star_sign,ema_d0.99,0.01,0.0001,3.30465,0.10759,2082
4,0,star_sign,ema_d0.9999,0.01,0.0001,3.15388,0.09126,2082
4,0,star_sign,mlp_h16,0.001,0.0,2.39777,0.08357,2082
4,0,star_sign,mlp_h32,0.001,0.0,2.12476,0.45101,2082
4,0,star_sign,mlp_h64,0.001,0.0,1.63758,0.86695,2082
4,0,star_sign,mlp_h128,0.001,0.0,1.73063,0.69933,2082
4,0,star_sign,attention,0.0001,1e-05,2.46872,0.92969,2082
4,0,star_sign,shuffled,0.01,0.0001,3.15294,0.07109,2082
4,4,age_bin,ema_lr1e-3,0.001,0.0001,1.50942,0.33958,2082
4,4,age_bin,ema_lr5e-3,0.005,0.0001,1.49091,0.29779,2082
4,4,age_bin,ema_lr1e-2,0.01,0.0001,1.36103,0.31988,2082
4,4,age_bin,ema_lr5e-2,0.05,0.0001,1.37449,0.32997,2082
4,4,age_bin,ema_lr1e-2_wd1e-3,0.01,0.001,1.31397,0.34294,2082
4,4,age_bin,ema_d0.99,0.01,0.0001,1.34234,0.33573,2082
4,4,age_bin,ema_d0.9999,0.01,0.0001,1.36587,0.33429,2082
4,4,age_bin,mlp_h16,0.001,0.0,1.07914,0.41162,2082
4,4,age_bin,mlp_h32,0.001,0.0,1.09534,0.44813,2082
4,4,age_bin,mlp_h64,0.001,0.0,1.09059,0.43804,2082
4,4,age_bin,mlp_h128,0.001,0.0,1.11222,0.439,2082
4,4,age_bin,attention,0.0001,1e-05,1.09083,0.42969,2082
4,4,age_bin,shuffled,0.01,0.0001,1.33675,0.32709,2082
4,4,gender,ema_lr1e-3,0.001,0.0001,0.93233,0.45485,2082
4,4,gender,ema_lr5e-3,0.005,0.0001,0.90804,0.46878,2082
4,4,gender,ema_lr1e-2,0.01,0.0001,0.87978,0.48991,2082
4,4,gender,ema_lr5e-2,0.05,0.0001,1.61286,0.52978,2082
4,4,gender,ema_lr1e-2_wd1e-3,0.01,0.001,0.85912,0.53218,2082
4,4,gender,ema_d0.99,0.01,0.0001,0.85259,0.5,2082
4,4,gender,ema_d0.9999,0.01,0.0001,0.86526,0.4928,2082
4,4,gender,mlp_h16,0.001,0.0,0.7048,0.48799,2082
4,4,gender,mlp_h32,0.001,0.0,0.69837,0.49856,2082
4,4,gender,mlp_h64,0.001,0.0,0.73273,0.53554,2082
4,4,gender,mlp_h128,0.001,0.0,0.76025,0.48271,2082
4,4,gender,attention,0.0001,1e-05,6.43249,0.55469,2082
4,4,gender,shuffled,0.01,0.0001,0.8653,0.49952,2082
4,4,star_sign,ema_lr1e-3,0.001,0.0001,3.05158,0.04371,2082
4,4,star_sign,ema_lr5e-3,0.005,0.0001,3.0353,0.04803,2082
4,4,star_sign,ema_lr1e-2,0.01,0.0001,2.91337,0.07157,2082
4,4,star_sign,ema_lr5e-2,0.05,0.0001,2.67239,0.14217,2082
4,4,star_sign,ema_lr1e-2_wd1e-3,0.01,0.001,2.9559,0.10951,2082
4,4,star_sign,ema_d0.99,0.01,0.0001,2.92654,0.06244,2082
4,4,star_sign,ema_d0.9999,0.01,0.0001,2.85471,0.10663,2082
4,4,star_sign,mlp_h16,0.001,0.0,1.80645,0.85351,2082
4,4,star_sign,mlp_h32,0.001,0.0,1.85191,0.95197,2082
4,4,star_sign,mlp_h64,0.001,0.0,1.76132,0.70269,2082
4,4,star_sign,mlp_h128,0.001,0.0,1.42544,1.0,2082
4,4,star_sign,attention,0.0001,1e-05,2.20926,0.39844,2082
4,4,star_sign,shuffled,0.01,0.0001,2.90682,0.14938,2082
4,8,age_bin,ema_lr1e-3,0.001,0.0001,1.43161,0.31556,2082
4,8,age_bin,ema_lr5e-3,0.005,0.0001,1.36269,0.34054,2082
4,8,age_bin,ema_lr1e-2,0.01,0.0001,1.37568,0.33237,2082
4,8,age_bin,ema_lr5e-2,0.05,0.0001,1.71167,0.27858,2082
4,8,age_bin,ema_lr1e-2_wd1e-3,0.01,0.001,1.37126,0.31652,2082
4,8,age_bin,ema_d0.99,0.01,0.0001,1.34342,0.34294,2082
4,8,age_bin,ema_d0.9999,0.01,0.0001,1.38929,0.32997,2082
4,8,age_bin,mlp_h16,0.001,0.0,1.08048,0.41258,2082
4,8,age_bin,mlp_h32,0.001,0.0,1.08857,0.40922,2082
4,8,age_bin,mlp_h64,0.001,0.0,1.07096,0.42843,2082
4,8,age_bin,mlp_h128,0.001,0.0,1.1491,0.43276,2082
4,8,age_bin,attention,0.0001,1e-05,1.2312,0.21094,2082
4,8,age_bin,shuffled,0.01,0.0001,1.33561,0.31316,2082
4,8,gender,ema_lr1e-3,0.001,0.0001,0.93669,0.49904,2082
4,8,gender,ema_lr5e-3,0.005,0.0001,0.86096,0.50192,2082
4,8,gender,ema_lr1e-2,0.01,0.0001,0.85615,0.51585,2082
4,8,gender,ema_lr5e-2,0.05,0.0001,1.49683,0.49712,2082
4,8,gender,ema_lr1e-2_wd1e-3,0.01,0.001,0.88818,0.47166,2082
4,8,gender,ema_d0.99,0.01,0.0001,0.91544,0.48511,2082
4,8,gender,ema_d0.9999,0.01,0.0001,0.89815,0.48847,2082
4,8,gender,mlp_h16,0.001,0.0,0.68951,0.5269,2082
4,8,gender,mlp_h32,0.001,0.0,0.69876,0.50961,2082
4,8,gender,mlp_h64,0.001,0.0,0.70235,0.51633,2082
4,8,gender,mlp_h128,0.001,0.0,0.74678,0.5562,2082
4,8,gender,attention,0.0001,1e-05,48.02273,0.55469,2082
4,8,gender,shuffled,0.01,0.0001,0.89803,0.47022,2082
4,8,star_sign,ema_lr1e-3,0.001,0.0001,2.9934,0.06916,2082
4,8,star_sign,ema_lr5e-3,0.005,0.0001,2.88469,0.08213,2082
4,8,star_sign,ema_lr1e-2,0.01,0.0001,2.88941,0.06052,2082
4,8,star_sign,ema_lr5e-2,0.05,0.0001,2.73906,0.17819,2082
4,8,star_sign,ema_lr1e-2_wd1e-3,0.01,0.001,2.86826,0.08117,2082
4,8,star_sign,ema_d0.99,0.01,0.0001,2.93277,0.06868,2082
4,8,star_sign,ema_d0.9999,0.01,0.0001,2.85601,0.08501,2082
4,8,star_sign,mlp_h16,0.001,0.0,2.51185,0.06148,2082
4,8,star_sign,mlp_h32,0.001,0.0,1.84891,0.57589,2082
4,8,star_sign,mlp_h64,0.001,0.0,1.72701,0.94524,2082
4,8,star_sign,mlp_h128,0.001,0.0,1.28557,1.0,2082
4,8,star_sign,attention,0.0001,1e-05,2.0358,0.64844,2082
4,8,star_sign,shuffled,0.01,0.0001,2.95603,0.05427,2082
4,12,age_bin,ema_lr1e-3,0.001,0.0001,1.47075,0.34774,2082
4,12,age_bin,ema_lr5e-3,0.005,0.0001,1.31427,0.35639,2082
4,12,age_bin,ema_lr1e-2,0.01,0.0001,1.35988,0.33525,2082
4,12,age_bin,ema_lr5e-2,0.05,0.0001,1.63512,0.36407,2082
4,12,age_bin,ema_lr1e-2_wd1e-3,0.01,0.001,1.37922,0.31988,2082
4,12,age_bin,ema_d0.99,0.01,0.0001,1.33266,0.35687,2082
4,12,age_bin,ema_d0.9999,0.01,0.0001,1.34923,0.34294,2082
4,12,age_bin,mlp_h16,0.001,0.0,1.1302,0.32997,2082
4,12,age_bin,mlp_h32,0.001,0.0,1.07557,0.4414,2082
4,12,age_bin,mlp_h64,0.001,0.0,1.07433,0.439,2082
4,12,age_bin,mlp_h128,0.001,0.0,1.09293,0.44861,2082
4,12,age_bin,attention,0.0001,1e-05,19.55783,0.47656,2082
4,12,age_bin,shuffled,0.01,0.0001,1.34715,0.3439,2082
4,12,gender,ema_lr1e-3,0.001,0.0001,0.80759,0.53122,2082
4,12,gender,ema_lr5e-3,0.005,0.0001,0.84682,0.50336,2082
4,12,gender,ema_lr1e-2,0.01,0.0001,0.91441,0.49616,2082
4,12,gender,ema_lr5e-2,0.05,0.0001,1.44577,0.51201,2082
4,12,gender,ema_lr1e-2_wd1e-3,0.01,0.001,0.95574,0.45293,2082
4,12,gender,ema_d0.99,0.01,0.0001,0.87477,0.49328,2082
4,12,gender,ema_d0.9999,0.01,0.0001,0.88315,0.49039,2082
4,12,gender,mlp_h16,0.001,0.0,0.6987,0.51105,2082
4,12,gender,mlp_h32,0.001,0.0,0.70862,0.50624,2082
4,12,gender,mlp_h64,0.001,0.0,0.70296,0.50144,2082
4,12,gender,mlp_h128,0.001,0.0,0.78108,0.47935,2082
4,12,gender,attention,0.0001,1e-05,0.72283,0.42969,2082
4,12,gender,shuffled,0.01,0.0001,0.89395,0.49087,2082
4,12,star_sign,ema_lr1e-3,0.001,0.0001,3.0917,0.05812,2082
4,12,star_sign,ema_lr5e-3,0.005,0.0001,2.95479,0.10711,2082
4,12,star_sign,ema_lr1e-2,0.01,0.0001,2.83064,0.09654,2082
4,12,star_sign,ema_lr5e-2,0.05,0.0001,2.70543,0.12344,2082
4,12,star_sign,ema_lr1e-2_wd1e-3,0.01,0.001,2.90384,0.06196,2082
4,12,star_sign,ema_d0.99,0.01,0.0001,2.8323,0.07973,2082
4,12,star_sign,ema_d0.9999,0.01,0.0001,2.95673,0.06964,2082
4,12,star_sign,mlp_h16,0.001,0.0,1.782,0.65562,2082
4,12,star_sign,mlp_h32,0.001,0.0,1.73394,0.90538,2082
4,12,star_sign,mlp_h64,0.001,0.0,1.71413,0.99087,2082
4,12,star_sign,mlp_h128,0.001,0.0,1.26522,1.0,2082
4,12,star_sign,attention,0.0001,1e-05,16.40689,0.0,2082
4,12,star_sign,shuffled,0.01,0.0001,2.90045,0.09558,2082
4,16,age_bin,ema_lr1e-3,0.001,0.0001,1.78446,0.3098,2082
4,16,age_bin,ema_lr5e-3,0.005,0.0001,1.43297,0.35159,2082
4,16,age_bin,ema_lr1e-2,0.01,0.0001,1.3958,0.36167,2082
4,16,age_bin,ema_lr5e-2,0.05,0.0001,1.55145,0.35687,2082
4,16,age_bin,ema_lr1e-2_wd1e-3,0.01,0.001,1.3439,0.3684,2082
4,16,age_bin,ema_d0.99,0.01,0.0001,1.38674,0.3391,2082
4,16,age_bin,ema_d0.9999,0.01,0.0001,1.39642,0.31604,2082
4,16,age_bin,mlp_h16,0.001,0.0,1.07901,0.43084,2082
4,16,age_bin,mlp_h32,0.001,0.0,1.11076,0.42603,2082
4,16,age_bin,mlp_h64,0.001,0.0,1.08216,0.45149,2082
4,16,age_bin,mlp_h128,0.001,0.0,1.14951,0.43708,2082
4,16,age_bin,attention,0.0001,1e-05,1.10712,0.38281,2082
4,16,age_bin,shuffled,0.01,0.0001,1.42793,0.31748,2082
4,16,gender,ema_lr1e-3,0.001,0.0001,0.87153,0.52978,2082
4,16,gender,ema_lr5e-3,0.005,0.0001,0.94999,0.51153,2082
4,16,gender,ema_lr1e-2,0.01,0.0001,0.9084,0.48799,2082
4,16,gender,ema_lr5e-2,0.05,0.0001,1.24871,0.55091,2082
4,16,gender,ema_lr1e-2_wd1e-3,0.01,0.001,0.88137,0.5072,2082
4,16,gender,ema_d0.99,0.01,0.0001,0.83493,0.54803,2082
4,16,gender,ema_d0.9999,0.01,0.0001,0.8758,0.51585,2082
4,16,gender,mlp_h16,0.001,0.0,0.69537,0.51489,2082
4,16,gender,mlp_h32,0.001,0.0,0.70346,0.49952,2082
4,16,gender,mlp_h64,0.001,0.0,0.7232,0.50576,2082
4,16,gender,mlp_h128,0.001,0.0,0.70791,0.51633,2082
4,16,gender,attention,0.0001,1e-05,27.18009,0.55469,2082
4,16,gender,shuffled,0.01,0.0001,0.87417,0.50961,2082
4,16,star_sign,ema_lr1e-3,0.001,0.0001,2.98648,0.09222,2082
4,16,star_sign,ema_lr5e-3,0.005,0.0001,3.09338,0.09222,2082
4,16,star_sign,ema_lr1e-2,0.01,0.0001,2.92144,0.07109,2082
4,16,star_sign,ema_lr5e-2,0.05,0.0001,2.6903,0.19693,2082
4,16,star_sign,ema_lr1e-2_wd1e-3,0.01,0.001,3.05773,0.13449,2082
4,16,star_sign,ema_d0.99,0.01,0.0001,2.85354,0.09126,2082
4,16,star_sign,ema_d0.9999,0.01,0.0001,3.01378,0.07012,2082
4,16,star_sign,mlp_h16,0.001,0.0,2.36135,0.06148,2082
4,16,star_sign,mlp_h32,0.001,0.0,1.70118,0.77618,2082
4,16,star_sign,mlp_h64,0.001,0.0,1.55829,0.99135,2082
4,16,star_sign,mlp_h128,0.001,0.0,1.70305,0.96494,2082
4,16,star_sign,attention,0.0001,1e-05,1.61894,0.82031,2082
4,16,star_sign,shuffled,0.01,0.0001,3.06955,0.07205,2082
4,20,age_bin,ema_lr1e-3,0.001,0.0001,1.67514,0.32949,2082
4,20,age_bin,ema_lr5e-3,0.005,0.0001,1.47923,0.34774,2082
4,20,age_bin,ema_lr1e-2,0.01,0.0001,1.44949,0.33573,2082
4,20,age_bin,ema_lr5e-2,0.05,0.0001,1.44546,0.34918,2082
4,20,age_bin,ema_lr1e-2_wd1e-3,0.01,0.001,1.50904,0.33045,2082
4,20,age_bin,ema_d0.99,0.01,0.0001,1.46289,0.34198,2082
4,20,age_bin,ema_d0.9999,0.01,0.0001,1.51051,0.34342,2082
4,20,age_bin,mlp_h16,0.001,0.0,1.09593,0.36215,2082
4,20,age_bin,mlp_h32,0.001,0.0,1.08011,0.42315,2082
4,20,age_bin,mlp_h64,0.001,0.0,1.09855,0.44813,2082
4,20,age_bin,mlp_h128,0.001,0.0,1.10332,0.44188,2082
4,20,age_bin,attention,0.0001,1e-05,45.6763,0.47656,2082
4,20,age_bin,shuffled,0.01,0.0001,1.46559,0.31556,2082
4,20,gender,ema_lr1e-3,0.001,0.0001,1.02842,0.49472,2082
4,20,gender,ema_lr5e-3,0.005,0.0001,1.00123,0.50817,2082
4,20,gender,ema_lr1e-2,0.01,0.0001,1.02425,0.46734,2082
4,20,gender,ema_lr5e-2,0.05,0.0001,1.10739,0.51153,2082
4,20,gender,ema_lr1e-2_wd1e-3,0.01,0.001,0.95153,0.52161,2082
4,20,gender,ema_d0.99,0.01,0.0001,1.07585,0.47358,2082
4,20,gender,ema_d0.9999,0.01,0.0001,0.96609,0.52498,2082
4,20,gender,mlp_h16,0.001,0.0,0.69401,0.54947,2082
4,20,gender,mlp_h32,0.001,0.0,0.69309,0.52161,2082
4,20,gender,mlp_h64,0.001,0.0,0.69273,0.53698,2082
4,20,gender,mlp_h128,0.001,0.0,0.74352,0.52978,2082
4,20,gender,attention,0.0001,1e-05,0.79638,0.41406,2082
4,20,gender,shuffled,0.01,0.0001,0.96368,0.51057,2082
4,20,star_sign,ema_lr1e-3,0.001,0.0001,3.21885,0.07012,2082
4,20,star_sign,ema_lr5e-3,0.005,0.0001,3.14281,0.08598,2082
4,20,star_sign,ema_lr1e-2,0.01,0.0001,3.05514,0.0999,2082
4,20,star_sign,ema_lr5e-2,0.05,0.0001,2.89374,0.13112,2082
4,20,star_sign,ema_lr1e-2_wd1e-3,0.01,0.001,3.14055,0.07589,2082
4,20,star_sign,ema_d0.99,0.01,0.0001,3.15979,0.06964,2082
4,20,star_sign,ema_d0.9999,0.01,0.0001,3.1845,0.08213,2082
4,20,star_sign,mlp_h16,0.001,0.0,2.08842,0.46061,2082
4,20,star_sign,mlp_h32,0.001,0.0,1.99768,0.74496,2082
4,20,star_sign,mlp_h64,0.001,0.0,2.16407,0.32277,2082
4,20,star_sign,mlp_h128,0.001,0.0,1.94163,0.77906,2082
4,20,star_sign,attention,0.0001,1e-05,3.85289,0.0,2082
4,20,star_sign,shuffled,0.01,0.0001,3.09715,0.08453,2082
4,24,age_bin,ema_lr1e-3,0.001,0.0001,1.58608,0.35831,2082
4,24,age_bin,ema_lr5e-3,0.005,0.0001,1.53391,0.35303,2082
4,24,age_bin,ema_lr1e-2,0.01,0.0001,1.50616,0.34294,2082
4,24,age_bin,ema_lr5e-2,0.05,0.0001,1.52915,0.3439,2082
4,24,age_bin,ema_lr1e-2_wd1e-3,0.01,0.001,1.57614,0.31988,2082
4,24,age_bin,ema_d0.99,0.01,0.0001,1.44998,0.34486,2082
4,24,age_bin,ema_d0.9999,0.01,0.0001,1.69953,0.32037,2082
4,24,age_bin,mlp_h16,0.001,0.0,1.13575,0.32949,2082
4,24,age_bin,mlp_h32,0.001,0.0,1.1411,0.27906,2082
4,24,age_bin,mlp_h64,0.001,0.0,1.08281,0.39529,2082
4,24,age_bin,mlp_h128,0.001,0.0,1.07783,0.42171,2082
4,24,age_bin,attention,0.0001,1e-05,4.54554,0.46875,2082
4,24,age_bin,shuffled,0.01,0.0001,1.4918,0.35831,2082
4,24,gender,ema_lr1e-3,0.001,0.0001,1.02827,0.49904,2082
4,24,gender,ema_lr5e-3,0.005,0.0001,0.96846,0.5269,2082
4,24,gender,ema_lr1e-2,0.01,0.0001,1.07752,0.48655,2082
4,24,gender,ema_lr5e-2,0.05,0.0001,0.94493,0.50913,2082
4,24,gender,ema_lr1e-2_wd1e-3,0.01,0.001,0.86858,0.56436,2082
4,24,gender,ema_d0.99,0.01,0.0001,0.98351,0.52161,2082
4,24,gender,ema_d0.9999,0.01,0.0001,1.03538,0.48847,2082
4,24,gender,mlp_h16,0.001,0.0,0.68863,0.52402,2082
4,24,gender,mlp_h32,0.001,0.0,0.6773,0.57493,2082
4,24,gender,mlp_h64,0.001,0.0,0.67941,0.55043,2082
4,24,gender,mlp_h128,0.001,0.0,0.67165,0.57733,2082
4,24,gender,attention,0.0001,1e-05,2.06188,0.625,2082
4,24,gender,shuffled,0.01,0.0001,0.95389,0.51297,2082
4,24,star_sign,ema_lr1e-3,0.001,0.0001,3.27295,0.08549,2082
4,24,star_sign,ema_lr5e-3,0.005,0.0001,3.13098,0.09846,2082
4,24,star_sign,ema_lr1e-2,0.01,0.0001,3.1834,0.10327,2082
4,24,star_sign,ema_lr5e-2,0.05,0.0001,3.01905,0.07685,2082
4,24,star_sign,ema_lr1e-2_wd1e-3,0.01,0.001,3.28072,0.06628,2082
4,24,star_sign,ema_d0.99,0.01,0.0001,3.28844,0.08261,2082
4,24,star_sign,ema_d0.9999,0.01,0.0001,3.34881,0.10086,2082
4,24,star_sign,mlp_h16,0.001,0.0,2.70454,0.0,2082
4,24,star_sign,mlp_h32,0.001,0.0,2.21047,0.29875,2082
4,24,star_sign,mlp_h64,0.001,0.0,1.90804,0.71854,2082
4,24,star_sign,mlp_h128,0.001,0.0,1.89257,0.83766,2082
4,24,star_sign,attention,0.0001,1e-05,2.56095,0.41406,2082
4,24,star_sign,shuffled,0.01,0.0001,3.30725,0.05908,2082
5,0,age_bin,ema_lr1e-3,0.001,0.0001,1.60932,0.33411,2155
5,0,age_bin,ema_lr5e-3,0.005,0.0001,1.60193,0.34478,2155
5,0,age_bin,ema_lr1e-2,0.01,0.0001,1.51177,0.34432,2155
5,0,age_bin,ema_lr5e-2,0.05,0.0001,1.40556,0.34339,2155
5,0,age_bin,ema_lr1e-2_wd1e-3,0.01,0.001,1.524,0.34571,2155
5,0,age_bin,ema_d0.99,0.01,0.0001,1.51821,0.33735,2155
5,0,age_bin,ema_d0.9999,0.01,0.0001,1.51403,0.3522,2155
5,0,age_bin,mlp_h16,0.001,0.0,1.05819,0.46497,2155
5,0,age_bin,mlp_h32,0.001,0.0,1.02349,0.53364,2155
5,0,age_bin,mlp_h64,0.001,0.0,1.02001,0.5355,2155
5,0,age_bin,mlp_h128,0.001,0.0,1.01487,0.54014,2155
5,0,age_bin,attention,0.0001,1e-05,1.09569,0.53906,2155
5,0,age_bin,shuffled,0.01,0.0001,1.48811,0.33318,2155
5,0,gender,ema_lr1e-3,0.001,0.0001,1.05729,0.50998,2155
5,0,gender,ema_lr5e-3,0.005,0.0001,1.01416,0.49884,2155
5,0,gender,ema_lr1e-2,0.01,0.0001,0.98201,0.50858,2155
5,0,gender,ema_lr5e-2,0.05,0.0001,0.88991,0.50302,2155
5,0,gender,ema_lr1e-2_wd1e-3,0.01,0.001,0.98461,0.49652,2155
5,0,gender,ema_d0.99,0.01,0.0001,1.02496,0.49188,2155
5,0,gender,ema_d0.9999,0.01,0.0001,0.98811,0.51508,2155
5,0,gender,mlp_h16,0.001,0.0,0.71042,0.50626,2155
5,0,gender,mlp_h32,0.001,0.0,0.6998,0.5058,2155
5,0,gender,mlp_h64,0.001,0.0,0.70155,0.51137,2155
5,0,gender,mlp_h128,0.001,0.0,0.71256,0.49652,2155
5,0,gender,attention,0.0001,1e-05,0.6929,0.49219,2155
5,0,gender,shuffled,0.01,0.0001,1.01438,0.50394,2155
5,0,star_sign,ema_lr1e-3,0.001,0.0001,3.29942,0.09002,2155
5,0,star_sign,ema_lr5e-3,0.005,0.0001,3.19033,0.07285,2155
5,0,star_sign,ema_lr1e-2,0.01,0.0001,3.186,0.07749,2155
5,0,star_sign,ema_lr5e-2,0.05,0.0001,2.92621,0.09327,2155
5,0,star_sign,ema_lr1e-2_wd1e-3,0.01,0.001,3.14756,0.1123,2155
5,0,star_sign,ema_d0.99,0.01,0.0001,3.28409,0.1109,2155
5,0,star_sign,ema_d0.9999,0.01,0.0001,3.19109,0.09049,2155
5,0,star_sign,mlp_h16,0.001,0.0,2.32073,0.12297,2155
5,0,star_sign,mlp_h32,0.001,0.0,2.03188,0.50441,2155
5,0,star_sign,mlp_h64,0.001,0.0,1.48788,0.93457,2155
5,0,star_sign,mlp_h128,0.001,0.0,1.51817,0.84872,2155
5,0,star_sign,attention,0.0001,1e-05,2.46641,0.96094,2155
5,0,star_sign,shuffled,0.01,0.0001,3.14073,0.06589,2155
5,4,age_bin,ema_lr1e-3,0.001,0.0001,1.50955,0.3123,2155
5,4,age_bin,ema_lr5e-3,0.005,0.0001,1.45164,0.30534,2155
5,4,age_bin,ema_lr1e-2,0.01,0.0001,1.31798,0.34756,2155
5,4,age_bin,ema_lr5e-2,0.05,0.0001,1.52865,0.30719,2155
5,4,age_bin,ema_lr1e-2_wd1e-3,0.01,0.001,1.33718,0.34478,2155
5,4,age_bin,ema_d0.99,0.01,0.0001,1.30665,0.36056,2155
5,4,age_bin,ema_d0.9999,0.01,0.0001,1.37533,0.32807,2155
5,4,age_bin,mlp_h16,0.001,0.0,1.06512,0.4529,2155
5,4,age_bin,mlp_h32,0.001,0.0,1.01107,0.54339,2155
5,4,age_bin,mlp_h64,0.001,0.0,1.02607,0.54432,2155
5,4,age_bin,mlp_h128,0.001,0.0,1.04972,0.54432,2155
5,4,age_bin,attention,0.0001,1e-05,1.06619,0.45312,2155
5,4,age_bin,shuffled,0.01,0.0001,1.33413,0.32483,2155
5,4,gender,ema_lr1e-3,0.001,0.0001,0.87171,0.49977,2155
5,4,gender,ema_lr5e-3,0.005,0.0001,0.88245,0.48399,2155
5,4,gender,ema_lr1e-2,0.01,0.0001,0.87246,0.48863,2155
5,4,gender,ema_lr5e-2,0.05,0.0001,1.35475,0.5174,2155
5,4,gender,ema_lr1e-2_wd1e-3,0.01,0.001,0.89261,0.48121,2155
5,4,gender,ema_d0.99,0.01,0.0001,0.84473,0.51044,2155
5,4,gender,ema_d0.9999,0.01,0.0001,0.87437,0.48863,2155
5,4,gender,mlp_h16,0.001,0.0,0.70648,0.49559,2155
5,4,gender,mlp_h32,0.001,0.0,0.69873,0.50998,2155
5,4,gender,mlp_h64,0.001,0.0,0.72891,0.49095,2155
5,4,gender,mlp_h128,0.001,0.0,0.73068,0.50626,2155
5,4,gender,attention,0.0001,1e-05,4.83142,0.50781,2155
5,4,gender,shuffled,0.01,0.0001,0.84675,0.50302,2155
5,4,star_sign,ema_lr1e-3,0.001,0.0001,2.98524,0.05708,2155
5,4,star_sign,ema_lr5e-3,0.005,0.0001,3.00896,0.06079,2155
5,4,star_sign,ema_lr1e-2,0.01,0.0001,2.89017,0.07053,2155
5,4,star_sign,ema_lr5e-2,0.05,0.0001,2.62474,0.12436,2155
5,4,star_sign,ema_lr1e-2_wd1e-3,0.01,0.001,2.9256,0.1123,2155
5,4,star_sign,ema_d0.99,0.01,0.0001,2.87688,0.06079,2155
5,4,star_sign,ema_d0.9999,0.01,0.0001,2.80184,0.10998,2155
5,4,star_sign,mlp_h16,0.001,0.0,1.67769,0.90534,2155
5,4,star_sign,mlp_h32,0.001,0.0,1.71271,0.9884,2155
5,4,star_sign,mlp_h64,0.001,0.0,1.5588,0.9239,2155
5,4,star_sign,mlp_h128,0.001,0.0,1.14213,1.0,2155
5,4,star_sign,attention,0.0001,1e-05,2.15769,0.52344,2155
5,4,star_sign,shuffled,0.01,0.0001,2.83543,0.15499,2155
5,8,age_bin,ema_lr1e-3,0.001,0.0001,1.4498,0.33968,2155
5,8,age_bin,ema_lr5e-3,0.005,0.0001,1.39746,0.33225,2155
5,8,age_bin,ema_lr1e-2,0.01,0.0001,1.36954,0.33039,2155
5,8,age_bin,ema_lr5e-2,0.05,0.0001,1.66859,0.30255,2155
5,8,age_bin,ema_lr1e-2_wd1e-3,0.01,0.001,1.39007,0.30998,2155
5,8,age_bin,ema_d0.99,0.01,0.0001,1.31312,0.33828,2155
5,8,age_bin,ema_d0.9999,0.01,0.0001,1.35816,0.34014,2155
5,8,age_bin,mlp_h16,0.001,0.0,1.06879,0.46589,2155
5,8,age_bin,mlp_h32,0.001,0.0,1.04597,0.52297,2155
5,8,age_bin,mlp_h64,0.001,0.0,1.03538,0.53782,2155
5,8,age_bin,mlp_h128,0.001,0.0,1.03854,0.52343,2155
5,8,age_bin,attention,0.0001,1e-05,1.28606,0.24219,2155
5,8,age_bin,shuffled,0.01,0.0001,1.34185,0.32529,2155
5,8,gender,ema_lr1e-3,0.001,0.0001,0.94001,0.47749,2155
5,8,gender,ema_lr5e-3,0.005,0.0001,0.88416,0.49374,2155
5,8,gender,ema_lr1e-2,0.01,0.0001,0.8784,0.49513,2155
5,8,gender,ema_lr5e-2,0.05,0.0001,1.29926,0.47935,2155
5,8,gender,ema_lr1e-2_wd1e-3,0.01,0.001,0.93656,0.46311,2155
5,8,gender,ema_d0.99,0.01,0.0001,0.86951,0.50534,2155
5,8,gender,ema_d0.9999,0.01,0.0001,0.82728,0.54014,2155
5,8,gender,mlp_h16,0.001,0.0,0.69732,0.50766,2155
5,8,gender,mlp_h32,0.001,0.0,0.69728,0.50766,2155
5,8,gender,mlp_h64,0.001,0.0,0.70634,0.49745,2155
5,8,gender,mlp_h128,0.001,0.0,0.74556,0.4942,2155
5,8,gender,attention,0.0001,1e-05,50.62108,0.50781,2155
5,8,gender,shuffled,0.01,0.0001,0.8587,0.49188,2155
5,8,star_sign,ema_lr1e-3,0.001,0.0001,2.96484,0.06079,2155
5,8,star_sign,ema_lr5e-3,0.005,0.0001,2.87367,0.10023,2155
5,8,star_sign,ema_lr1e-2,0.01,0.0001,2.89542,0.06729,2155
5,8,star_sign,ema_lr5e-2,0.05,0.0001,2.63758,0.15824,2155
5,8,star_sign,ema_lr1e-2_wd1e-3,0.01,0.001,2.88812,0.06636,2155
5,8,star_sign,ema_d0.99,0.01,0.0001,2.88393,0.0826,2155
5,8,star_sign,ema_d0.9999,0.01,0.0001,2.88964,0.08538,2155
5,8,star_sign,mlp_h16,0.001,0.0,2.47644,0.0594,2155
5,8,star_sign,mlp_h32,0.001,0.0,1.7194,0.79722,2155
5,8,star_sign,mlp_h64,0.001,0.0,1.53823,0.99072,2155
5,8,star_sign,mlp_h128,0.001,0.0,1.02009,1.0,2155
5,8,star_sign,attention,0.0001,1e-05,1.93745,0.85938,2155
5,8,star_sign,shuffled,0.01,0.0001,2.93136,0.07378,2155
5,12,age_bin,ema_lr1e-3,0.001,0.0001,1.50114,0.33225,2155
5,12,age_bin,ema_lr5e-3,0.005,0.0001,1.38156,0.3355,2155
5,12,age_bin,ema_lr1e-2,0.01,0.0001,1.31019,0.342,2155
5,12,age_bin,ema_lr5e-2,0.05,0.0001,1.71687,0.28028,2155
5,12,age_bin,ema_lr1e-2_wd1e-3,0.01,0.001,1.32663,0.35128,2155
5,12,age_bin,ema_d0.99,0.01,0.0001,1.35574,0.33921,2155
5,12,age_bin,ema_d0.9999,0.01,0.0001,1.39092,0.34014,2155
5,12,age_bin,mlp_h16,0.001,0.0,1.1523,0.24872,2155
5,12,age_bin,mlp_h32,0.001,0.0,1.02488,0.53968,2155
5,12,age_bin,mlp_h64,0.001,0.0,1.02255,0.52019,2155
5,12,age_bin,mlp_h128,0.001,0.0,1.04234,0.542,2155
5,12,age_bin,attention,0.0001,1e-05,7.37924,0.5625,2155
5,12,age_bin,shuffled,0.01,0.0001,1.34437,0.34339,2155
5,12,gender,ema_lr1e-3,0.001,0.0001,0.87424,0.51787,2155
5,12,gender,ema_lr5e-3,0.005,0.0001,0.83364,0.52158,2155
5,12,gender,ema_lr1e-2,0.01,0.0001,0.91084,0.48445,2155
5,12,gender,ema_lr5e-2,0.05,0.0001,1.33179,0.4826,2155
5,12,gender,ema_lr1e-2_wd1e-3,0.01,0.001,0.88933,0.49698,2155
5,12,gender,ema_d0.99,0.01,0.0001,0.8603,0.4891,2155
5,12,gender,ema_d0.9999,0.01,0.0001,0.87011,0.50394,2155
5,12,gender,mlp_h16,0.001,0.0,0.6966,0.49838,2155
5,12,gender,mlp_h32,0.001,0.0,0.70739,0.49606,2155
5,12,gender,mlp_h64,0.001,0.0,0.70261,0.50116,2155
5,12,gender,mlp_h128,0.001,0.0,0.71924,0.49049,2155
5,12,gender,attention,0.0001,1e-05,0.697,0.47656,2155
5,12,gender,shuffled,0.01,0.0001,0.90548,0.50348,2155
5,12,star_sign,ema_lr1e-3,0.001,0.0001,3.06031,0.05522,2155
5,12,star_sign,ema_lr5e-3,0.005,0.0001,2.89693,0.12019,2155
5,12,star_sign,ema_lr1e-2,0.01,0.0001,2.8414,0.08538,2155
5,12,star_sign,ema_lr5e-2,0.05,0.0001,2.65516,0.1109,2155
5,12,star_sign,ema_lr1e-2_wd1e-3,0.01,0.001,2.90903,0.06357,2155
5,12,star_sign,ema_d0.99,0.01,0.0001,2.81755,0.07193,2155
5,12,star_sign,ema_d0.9999,0.01,0.0001,2.93646,0.07285,2155
5,12,star_sign,mlp_h16,0.001,0.0,1.6886,0.75499,2155
5,12,star_sign,mlp_h32,0.001,0.0,1.60504,0.96566,2155
5,12,star_sign,mlp_h64,0.001,0.0,1.53573,0.99814,2155
5,12,star_sign,mlp_h128,0.001,0.0,1.00354,1.0,2155
5,12,star_sign,attention,0.0001,1e-05,11.80667,0.0,2155
5,12,star_sign,shuffled,0.01,0.0001,2.92258,0.09838,2155
5,16,age_bin,ema_lr1e-3,0.001,0.0001,1.72415,0.34107,2155
5,16,age_bin,ema_lr5e-3,0.005,0.0001,1.40461,0.35267,2155
5,16,age_bin,ema_lr1e-2,0.01,0.0001,1.44124,0.32436,2155
5,16,age_bin,ema_lr5e-2,0.05,0.0001,1.6557,0.27749,2155
5,16,age_bin,ema_lr1e-2_wd1e-3,0.01,0.001,1.3657,0.3522,2155
5,16,age_bin,ema_d0.99,0.01,0.0001,1.38622,0.33457,2155
5,16,age_bin,ema_d0.9999,0.01,0.0001,1.40174,0.32204,2155
5,16,age_bin,mlp_h16,0.001,0.0,1.02775,0.51044,2155
5,16,age_bin,mlp_h32,0.001,0.0,1.04061,0.52111,2155
5,16,age_bin,mlp_h64,0.001,0.0,1.03116,0.54385,2155
5,16,age_bin,mlp_h128,0.001,0.0,1.04989,0.52807,2155
5,16,age_bin,attention,0.0001,1e-05,1.09397,0.39844,2155
5,16,age_bin,shuffled,0.01,0.0001,1.46155,0.30394,2155
5,16,gender,ema_lr1e-3,0.001,0.0001,0.91295,0.49745,2155
5,16,gender,ema_lr5e-3,0.005,0.0001,0.881,0.52343,2155
5,16,gender,ema_lr1e-2,0.01,0.0001,0.93164,0.47842,2155
5,16,gender,ema_lr5e-2,0.05,0.0001,1.19008,0.51926,2155
5,16,gender,ema_lr1e-2_wd1e-3,0.01,0.001,0.85362,0.50534,2155
5,16,gender,ema_d0.99,0.01,0.0001,0.82651,0.54617,2155
5,16,gender,ema_d0.9999,0.01,0.0001,0.89955,0.5007,2155
5,16,gender,mlp_h16,0.001,0.0,0.69385,0.51926,2155
5,16,gender,mlp_h32,0.001,0.0,0.68969,0.53736,2155
5,16,gender,mlp_h64,0.001,0.0,0.71505,0.5058,2155
5,16,gender,mlp_h128,0.001,0.0,0.70995,0.5355,2155
5,16,gender,attention,0.0001,1e-05,27.81464,0.50781,2155
5,16,gender,shuffled,0.01,0.0001,0.89295,0.50998,2155
5,16,star_sign,ema_lr1e-3,0.001,0.0001,3.03698,0.09095,2155
5,16,star_sign,ema_lr5e-3,0.005,0.0001,3.02622,0.10858,2155
5,16,star_sign,ema_lr1e-2,0.01,0.0001,2.94787,0.0761,2155
5,16,star_sign,ema_lr5e-2,0.05,0.0001,2.68506,0.15081,2155
5,16,star_sign,ema_lr1e-2_wd1e-3,0.01,0.001,2.91324,0.16334,2155
5,16,star_sign,ema_d0.99,0.01,0.0001,2.97322,0.07146,2155
5,16,star_sign,ema_d0.9999,0.01,0.0001,2.97462,0.06868,2155
5,16,star_sign,mlp_h16,0.001,0.0,2.32651,0.05893,2155
5,16,star_sign,mlp_h32,0.001,0.0,1.58153,0.85383,2155
5,16,star_sign,mlp_h64,0.001,0.0,1.39183,1.0,2155
5,16,star_sign,mlp_h128,0.001,0.0,1.48006,0.99814,2155
5,16,star_sign,attention,0.0001,1e-05,1.526,0.89062,2155
5,16,star_sign,shuffled,0.01,0.0001,3.08159,0.06729,2155
5,20,age_bin,ema_lr1e-3,0.001,0.0001,1.61914,0.33828,2155
5,20,age_bin,ema_lr5e-3,0.005,0.0001,1.51085,0.3406,2155
5,20,age_bin,ema_lr1e-2,0.01,0.0001,1.52664,0.31044,2155
5,20,age_bin,ema_lr5e-2,0.05,0.0001,1.44294,0.33225,2155
5,20,age_bin,ema_lr1e-2_wd1e-3,0.01,0.001,1.52553,0.32668,2155
5,20,age_bin,ema_d0.99,0.01,0.0001,1.4684,0.33689,2155
5,20,age_bin,ema_d0.9999,0.01,0.0001,1.49664,0.35499,2155
5,20,age_bin,mlp_h16,0.001,0.0,1.0867,0.3703,2155
5,20,age_bin,mlp_h32,0.001,0.0,1.04834,0.49234,2155
5,20,age_bin,mlp_h64,0.001,0.0,1.01612,0.54246,2155
5,20,age_bin,mlp_h128,0.001,0.0,1.02138,0.53689,2155
5,20,age_bin,attention,0.0001,1e-05,30.79348,0.57031,2155
5,20,age_bin,shuffled,0.01,0.0001,1.48026,0.33457,2155
5,20,gender,ema_lr1e-3,0.001,0.0001,1.07232,0.48028,2155
5,20,gender,ema_lr5e-3,0.005,0.0001,0.90071,0.54107,2155
5,20,gender,ema_lr1e-2,0.01,0.0001,0.93333,0.5109,2155
5,20,gender,ema_lr5e-2,0.05,0.0001,1.0054,0.53411,2155
5,20,gender,ema_lr1e-2_wd1e-3,0.01,0.001,0.93554,0.50487,2155
5,20,gender,ema_d0.99,0.01,0.0001,1.11998,0.45058,2155
5,20,gender,ema_d0.9999,0.01,0.0001,0.9222,0.52436,2155
5,20,gender,mlp_h16,0.001,0.0,0.71398,0.49374,2155
5,20,gender,mlp_h32,0.001,0.0,0.69474,0.51787,2155
5,20,gender,mlp_h64,0.001,0.0,0.70646,0.50858,2155
5,20,gender,mlp_h128,0.001,0.0,0.73933,0.50394,2155
5,20,gender,attention,0.0001,1e-05,0.71053,0.51562,2155
5,20,gender,shuffled,0.01,0.0001,0.98766,0.49234,2155
5,20,star_sign,ema_lr1e-3,0.001,0.0001,3.1283,0.09977,2155
5,20,star_sign,ema_lr5e-3,0.005,0.0001,3.14274,0.09513,2155
5,20,star_sign,ema_lr1e-2,0.01,0.0001,3.00983,0.09466,2155
5,20,star_sign,ema_lr5e-2,0.05,0.0001,2.84072,0.15174,2155
5,20,star_sign,ema_lr1e-2_wd1e-3,0.01,0.001,3.20409,0.06311,2155
5,20,star_sign,ema_d0.99,0.01,0.0001,3.11337,0.06357,2155
5,20,star_sign,ema_d0.9999,0.01,0.0001,3.19501,0.08074,2155
5,20,star_sign,mlp_h16,0.001,0.0,2.01479,0.56241,2155
5,20,star_sign,mlp_h32,0.001,0.0,1.9163,0.85708,2155
5,20,star_sign,mlp_h64,0.001,0.0,2.063,0.52668,2155
5,20,star_sign,mlp_h128,0.001,0.0,1.76414,0.94014,2155
5,20,star_sign,attention,0.0001,1e-05,0.39145,0.9375,2155
5,20,star_sign,shuffled,0.01,0.0001,3.07534,0.08817,2155
5,24,age_bin,ema_lr1e-3,0.001,0.0001,1.62745,0.33179,2155
5,24,age_bin,ema_lr5e-3,0.005,0.0001,1.54271,0.342,2155
5,24,age_bin,ema_lr1e-2,0.01,0.0001,1.47801,0.36613,2155
5,24,age_bin,ema_lr5e-2,0.05,0.0001,1.4085,0.36381,2155
5,24,age_bin,ema_lr1e-2_wd1e-3,0.01,0.001,1.49586,0.36148,2155
5,24,age_bin,ema_d0.99,0.01,0.0001,1.52676,0.31972,2155
5,24,age_bin,ema_d0.9999,0.01,0.0001,1.67436,0.32854,2155
5,24,age_bin,mlp_h16,0.001,0.0,1.15731,0.26543,2155
5,24,age_bin,mlp_h32,0.001,0.0,1.14714,0.29884,2155
5,24,age_bin,mlp_h64,0.001,0.0,1.04979,0.47425,2155
5,24,age_bin,mlp_h128,0.001,0.0,1.02776,0.47564,2155
5,24,age_bin,attention,0.0001,1e-05,3.8929,0.46094,2155
5,24,age_bin,shuffled,0.01,0.0001,1.46489,0.34478,2155
5,24,gender,ema_lr1e-3,0.001,0.0001,0.97351,0.54617,2155
5,24,gender,ema_lr5e-3,0.005,0.0001,1.05849,0.49513,2155
5,24,gender,ema_lr1e-2,0.01,0.0001,0.97348,0.52204,2155
5,24,gender,ema_lr5e-2,0.05,0.0001,0.90303,0.53271,2155
5,24,gender,ema_lr1e-2_wd1e-3,0.01,0.001,0.90842,0.53921,2155
5,24,gender,ema_d0.99,0.01,0.0001,0.99483,0.51647,2155
5,24,gender,ema_d0.9999,0.01,0.0001,1.13159,0.47053,2155
5,24,gender,mlp_h16,0.001,0.0,0.70319,0.5109,2155
5,24,gender,mlp_h32,0.001,0.0,0.7201,0.51044,2155
5,24,gender,mlp_h64,0.001,0.0,0.70645,0.52715,2155
5,24,gender,mlp_h128,0.001,0.0,0.71873,0.52065,2155
5,24,gender,attention,0.0001,1e-05,2.10812,0.53125,2155
5,24,gender,shuffled,0.01,0.0001,0.99352,0.48399,2155
5,24,star_sign,ema_lr1e-3,0.001,0.0001,3.28632,0.09374,2155
5,24,star_sign,ema_lr5e-3,0.005,0.0001,3.19713,0.0891,2155
5,24,star_sign,ema_lr1e-2,0.01,0.0001,3.25313,0.09281,2155
5,24,star_sign,ema_lr5e-2,0.05,0.0001,2.98442,0.0826,2155
5,24,star_sign,ema_lr1e-2_wd1e-3,0.01,0.001,3.24515,0.07378,2155
5,24,star_sign,ema_d0.99,0.01,0.0001,3.21627,0.08213,2155
5,24,star_sign,ema_d0.9999,0.01,0.0001,3.21512,0.1109,2155
5,24,star_sign,mlp_h16,0.001,0.0,2.69776,0.0,2155
5,24,star_sign,mlp_h32,0.001,0.0,2.13307,0.40418,2155
5,24,star_sign,mlp_h64,0.001,0.0,1.80185,0.82413,2155
5,24,star_sign,mlp_h128,0.001,0.0,1.75395,0.94107,2155
5,24,star_sign,attention,0.0001,1e-05,1.74764,0.60156,2155
5,24,star_sign,shuffled,0.01,0.0001,3.24769,0.05661,2155
6,0,age_bin,ema_lr1e-3,0.001,0.0001,1.62981,0.31718,1816
6,0,age_bin,ema_lr5e-3,0.005,0.0001,1.54878,0.3304,1816
6,0,age_bin,ema_lr1e-2,0.01,0.0001,1.47643,0.3337,1816
6,0,age_bin,ema_lr5e-2,0.05,0.0001,1.38237,0.34141,1816
6,0,age_bin,ema_lr1e-2_wd1e-3,0.01,0.001,1.47013,0.33645,1816
6,0,age_bin,ema_d0.99,0.01,0.0001,1.4767,0.34416,1816
6,0,age_bin,ema_d0.9999,0.01,0.0001,1.55027,0.32654,1816
6,0,age_bin,mlp_h16,0.001,0.0,1.04569,0.47247,1816
6,0,age_bin,mlp_h32,0.001,0.0,1.04442,0.4989,1816
6,0,age_bin,mlp_h64,0.001,0.0,1.03811,0.50551,1816
6,0,age_bin,mlp_h128,0.001,0.0,1.03462,0.50881,1816
6,0,age_bin,attention,0.0001,1e-05,1.09591,0.47656,1816
6,0,age_bin,shuffled,0.01,0.0001,1.46385,0.34086,1816
6,0,gender,ema_lr1e-3,0.001,0.0001,1.1558,0.49229,1816
6,0,gender,ema_lr5e-3,0.005,0.0001,0.98923,0.50606,1816
6,0,gender,ema_lr1e-2,0.01,0.0001,0.99134,0.51652,1816
6,0,gender,ema_lr5e-2,0.05,0.0001,0.86613,0.50385,1816
6,0,gender,ema_lr1e-2_wd1e-3,0.01,0.001,0.98889,0.5033,1816
6,0,gender,ema_d0.99,0.01,0.0001,1.00751,0.49725,1816
6,0,gender,ema_d0.9999,0.01,0.0001,0.96826,0.50551,1816
6,0,gender,mlp_h16,0.001,0.0,0.70117,0.52753,1816
6,0,gender,mlp_h32,0.001,0.0,0.69327,0.51927,1816
6,0,gender,mlp_h64,0.001,0.0,0.69769,0.50936,1816
6,0,gender,mlp_h128,0.001,0.0,0.70332,0.52698,1816
6,0,gender,attention,0.0001,1e-05,0.69276,0.5625,1816
6,0,gender,shuffled,0.01,0.0001,1.06339,0.49064,1816
6,0,star_sign,ema_lr1e-3,0.001,0.0001,3.31127,0.08756,1816
6,0,star_sign,ema_lr5e-3,0.005,0.0001,3.15058,0.07489,1816
6,0,star_sign,ema_lr1e-2,0.01,0.0001,3.17558,0.06883,1816
6,0,star_sign,ema_lr5e-2,0.05,0.0001,2.78817,0.11509,1816
6,0,star_sign,ema_lr1e-2_wd1e-3,0.01,0.001,3.10335,0.12059,1816
6,0,star_sign,ema_d0.99,0.01,0.0001,3.28856,0.09967,1816
6,0,star_sign,ema_d0.9999,0.01,0.0001,3.16968,0.09471,1816
6,0,star_sign,mlp_h16,0.001,0.0,2.24625,0.16575,1816
6,0,star_sign,mlp_h32,0.001,0.0,1.91074,0.60242,1816
6,0,star_sign,mlp_h64,0.001,0.0,1.30175,0.98183,1816
6,0,star_sign,mlp_h128,0.001,0.0,1.25991,0.9543,1816
6,0,star_sign,attention,0.0001,1e-05,2.46319,0.96875,1816
6,0,star_sign,shuffled,0.01,0.0001,3.12928,0.05892,1816
6,4,age_bin,ema_lr1e-3,0.001,0.0001,1.51621,0.32489,1816
6,4,age_bin,ema_lr5e-3,0.005,0.0001,1.37454,0.3348,1816
6,4,age_bin,ema_lr1e-2,0.01,0.0001,1.37137,0.30507,1816
6,4,age_bin,ema_lr5e-2,0.05,0.0001,1.79562,0.31663,1816
6,4,age_bin,ema_lr1e-2_wd1e-3,0.01,0.001,1.32999,0.33535,1816
6,4,age_bin,ema_d0.99,0.01,0.0001,1.33112,0.35077,1816
6,4,age_bin,ema_d0.9999,0.01,0.0001,1.31866,0.32819,1816
6,4,age_bin,mlp_h16,0.001,0.0,1.05014,0.46256,1816
6,4,age_bin,mlp_h32,0.001,0.0,1.03759,0.51101,1816
6,4,age_bin,mlp_h64,0.001,0.0,1.05337,0.50936,1816
6,4,age_bin,mlp_h128,0.001,0.0,1.1106,0.51046,1816
6,4,age_bin,attention,0.0001,1e-05,1.08538,0.4375,1816
6,4,age_bin,shuffled,0.01,0.0001,1.31706,0.32544,1816
6,4,gender,ema_lr1e-3,0.001,0.0001,0.88771,0.47412,1816
6,4,gender,ema_lr5e-3,0.005,0.0001,0.8965,0.49064,1816
6,4,gender,ema_lr1e-2,0.01,0.0001,0.89501,0.48568,1816
6,4,gender,ema_lr5e-2,0.05,0.0001,1.36608,0.49394,1816
6,4,gender,ema_lr1e-2_wd1e-3,0.01,0.001,0.87048,0.51597,1816
6,4,gender,ema_d0.99,0.01,0.0001,0.85241,0.50881,1816
6,4,gender,ema_d0.9999,0.01,0.0001,0.83407,0.51487,1816
6,4,gender,mlp_h16,0.001,0.0,0.69934,0.51872,1816
6,4,gender,mlp_h32,0.001,0.0,0.69834,0.52478,1816
6,4,gender,mlp_h64,0.001,0.0,0.70386,0.50991,1816
6,4,gender,mlp_h128,0.001,0.0,0.70014,0.52918,1816
6,4,gender,attention,0.0001,1e-05,2.78861,0.46094,1816
6,4,gender,shuffled,0.01,0.0001,0.83987,0.48899,1816
6,4,star_sign,ema_lr1e-3,0.001,0.0001,3.0239,0.0446,1816
6,4,star_sign,ema_lr5e-3,0.005,0.0001,2.96793,0.06498,1816
6,4,star_sign,ema_lr1e-2,0.01,0.0001,2.92638,0.07764,1816
6,4,star_sign,ema_lr5e-2,0.05,0.0001,2.56982,0.15253,1816
6,4,star_sign,ema_lr1e-2_wd1e-3,0.01,0.001,2.90556,0.1228,1816
6,4,star_sign,ema_d0.99,0.01,0.0001,2.82586,0.07104,1816
6,4,star_sign,ema_d0.9999,0.01,0.0001,2.85103,0.09306,1816
6,4,star_sign,mlp_h16,0.001,0.0,1.53573,0.9196,1816
6,4,star_sign,mlp_h32,0.001,0.0,1.5327,0.99945,1816
6,4,star_sign,mlp_h64,0.001,0.0,1.33555,0.99449,1816
6,4,star_sign,mlp_h128,0.001,0.0,0.86409,1.0,1816
6,4,star_sign,attention,0.0001,1e-05,2.09869,0.66406,1816
6,4,star_sign,shuffled,0.01,0.0001,2.91609,0.14207,1816
6,8,age_bin,ema_lr1e-3,0.001,0.0001,1.45061,0.31443,1816
6,8,age_bin,ema_lr5e-3,0.005,0.0001,1.38033,0.33811,1816
6,8,age_bin,ema_lr1e-2,0.01,0.0001,1.3542,0.34306,1816
6,8,age_bin,ema_lr5e-2,0.05,0.0001,1.76874,0.4185,1816
6,8,age_bin,ema_lr1e-2_wd1e-3,0.01,0.001,1.29119,0.35848,1816
6,8,age_bin,ema_d0.99,0.01,0.0001,1.32511,0.34306,1816
6,8,age_bin,ema_d0.9999,0.01,0.0001,1.31785,0.34692,1816
6,8,age_bin,mlp_h16,0.001,0.0,1.05355,0.49504,1816
6,8,age_bin,mlp_h32,0.001,0.0,1.03167,0.50385,1816
6,8,age_bin,mlp_h64,0.001,0.0,1.04142,0.50716,1816
6,8,age_bin,mlp_h128,0.001,0.0,1.02786,0.50771,1816
6,8,age_bin,attention,0.0001,1e-05,1.21246,0.27344,1816
6,8,age_bin,shuffled,0.01,0.0001,1.33051,0.33645,1816
6,8,gender,ema_lr1e-3,0.001,0.0001,0.92997,0.50441,1816
6,8,gender,ema_lr5e-3,0.005,0.0001,0.86475,0.50055,1816
6,8,gender,ema_lr1e-2,0.01,0.0001,0.88564,0.47081,1816
6,8,gender,ema_lr5e-2,0.05,0.0001,1.25551,0.5,1816
6,8,gender,ema_lr1e-2_wd1e-3,0.01,0.001,0.86152,0.50771,1816
6,8,gender,ema_d0.99,0.01,0.0001,0.87005,0.50826,1816
6,8,gender,ema_d0.9999,0.01,0.0001,0.89475,0.48844,1816
6,8,gender,mlp_h16,0.001,0.0,0.69795,0.49725,1816
6,8,gender,mlp_h32,0.001,0.0,0.69764,0.50991,1816
6,8,gender,mlp_h64,0.001,0.0,0.7087,0.50441,1816
6,8,gender,mlp_h128,0.001,0.0,0.72027,0.51211,1816
6,8,gender,attention,0.0001,1e-05,53.24287,0.46094,1816
6,8,gender,shuffled,0.01,0.0001,0.86658,0.5011,1816
6,8,star_sign,ema_lr1e-3,0.001,0.0001,2.96769,0.06718,1816
6,8,star_sign,ema_lr5e-3,0.005,0.0001,2.88497,0.09912,1816
6,8,star_sign,ema_lr1e-2,0.01,0.0001,2.86547,0.07709,1816
6,8,star_sign,ema_lr5e-2,0.05,0.0001,2.68884,0.13436,1816
6,8,star_sign,ema_lr1e-2_wd1e-3,0.01,0.001,2.81439,0.0859,1816
6,8,star_sign,ema_d0.99,0.01,0.0001,2.89693,0.07104,1816
6,8,star_sign,ema_d0.9999,0.01,0.0001,2.79561,0.09361,1816
6,8,star_sign,mlp_h16,0.001,0.0,2.40636,0.07048,1816
6,8,star_sign,mlp_h32,0.001,0.0,1.54373,0.94108,1816
6,8,star_sign,mlp_h64,0.001,0.0,1.30457,0.99945,1816
6,8,star_sign,mlp_h128,0.001,0.0,0.74498,1.0,1816
6,8,star_sign,attention,0.0001,1e-05,1.87328,0.92969,1816
6,8,star_sign,shuffled,0.01,0.0001,2.86025,0.07214,1816
6,12,age_bin,ema_lr1e-3,0.001,0.0001,1.44393,0.34637,1816
6,12,age_bin,ema_lr5e-3,0.005,0.0001,1.3639,0.3326,1816
6,12,age_bin,ema_lr1e-2,0.01,0.0001,1.33045,0.31112,1816
6,12,age_bin,ema_lr5e-2,0.05,0.0001,1.58812,0.30782,1816
6,12,age_bin,ema_lr1e-2_wd1e-3,0.01,0.001,1.37026,0.31773,1816
6,12,age_bin,ema_d0.99,0.01,0.0001,1.31644,0.36454,1816
6,12,age_bin,ema_d0.9999,0.01,0.0001,1.38234,0.31553,1816
6,12,age_bin,mlp_h16,0.001,0.0,1.12174,0.30837,1816
6,12,age_bin,mlp_h32,0.001,0.0,1.02492,0.51046,1816
6,12,age_bin,mlp_h64,0.001,0.0,1.02889,0.4989,1816
6,12,age_bin,mlp_h128,0.001,0.0,1.09771,0.50991,1816
6,12,age_bin,attention,0.0001,1e-05,2.27649,0.39062,1816
6,12,age_bin,shuffled,0.01,0.0001,1.36879,0.32434,1816
6,12,gender,ema_lr1e-3,0.001,0.0001,0.8456,0.51322,1816
6,12,gender,ema_lr5e-3,0.005,0.0001,0.87615,0.48789,1816
6,12,gender,ema_lr1e-2,0.01,0.0001,0.82216,0.56112,1816
6,12,gender,ema_lr5e-2,0.05,0.0001,1.28767,0.49725,1816
6,12,gender,ema_lr1e-2_wd1e-3,0.01,0.001,0.8943,0.48018,1816
6,12,gender,ema_d0.99,0.01,0.0001,0.81082,0.52918,1816
6,12,gender,ema_d0.9999,0.01,0.0001,0.85613,0.4989,1816
6,12,gender,mlp_h16,0.001,0.0,0.69596,0.51101,1816
6,12,gender,mlp_h32,0.001,0.0,0.69775,0.51872,1816
6,12,gender,mlp_h64,0.001,0.0,0.70591,0.51377,1816
6,12,gender,mlp_h128,0.001,0.0,0.70554,0.51817,1816
6,12,gender,attention,0.0001,1e-05,0.69774,0.50781,1816
6,12,gender,shuffled,0.01,0.0001,0.87793,0.50936,1816
6,12,star_sign,ema_lr1e-3,0.001,0.0001,2.99942,0.06553,1816
6,12,star_sign,ema_lr5e-3,0.005,0.0001,3.0031,0.10242,1816
6,12,star_sign,ema_lr1e-2,0.01,0.0001,2.84059,0.08866,1816
6,12,star_sign,ema_lr5e-2,0.05,0.0001,2.64609,0.12335,1816
6,12,star_sign,ema_lr1e-2_wd1e-3,0.01,0.001,2.83944,0.08205,1816
6,12,star_sign,ema_d0.99,0.01,0.0001,2.83553,0.07654,1816
6,12,star_sign,ema_d0.9999,0.01,0.0001,2.90374,0.07654,1816
6,12,star_sign,mlp_h16,0.001,0.0,1.5613,0.85628,1816
6,12,star_sign,mlp_h32,0.001,0.0,1.42174,0.99449,1816
6,12,star_sign,mlp_h64,0.001,0.0,1.33274,1.0,1816
6,12,star_sign,mlp_h128,0.001,0.0,0.73546,1.0,1816
6,12,star_sign,attention,0.0001,1e-05,7.18767,0.0,1816
6,12,star_sign,shuffled,0.01,0.0001,2.82469,0.10463,1816
6,16,age_bin,ema_lr1e-3,0.001,0.0001,1.72958,0.34637,1816
6,16,age_bin,ema_lr5e-3,0.005,0.0001,1.48556,0.31938,1816
6,16,age_bin,ema_lr1e-2,0.01,0.0001,1.29611,0.37335,1816
6,16,age_bin,ema_lr5e-2,0.05,0.0001,1.68489,0.37059,1816
6,16,age_bin,ema_lr1e-2_wd1e-3,0.01,0.001,1.38833,0.34802,1816
6,16,age_bin,ema_d0.99,0.01,0.0001,1.42298,0.31167,1816
6,16,age_bin,ema_d0.9999,0.01,0.0001,1.30445,0.34581,1816
6,16,age_bin,mlp_h16,0.001,0.0,1.0327,0.5011,1816
6,16,age_bin,mlp_h32,0.001,0.0,1.0461,0.50716,1816
6,16,age_bin,mlp_h64,0.001,0.0,1.0552,0.50716,1816
6,16,age_bin,mlp_h128,0.001,0.0,1.06047,0.50661,1816
6,16,age_bin,attention,0.0001,1e-05,1.05781,0.48438,1816
6,16,age_bin,shuffled,0.01,0.0001,1.36352,0.33976,1816
6,16,gender,ema_lr1e-3,0.001,0.0001,0.91788,0.51927,1816
6,16,gender,ema_lr5e-3,0.005,0.0001,0.92535,0.49119,1816
6,16,gender,ema_lr1e-2,0.01,0.0001,0.91576,0.4967,1816
6,16,gender,ema_lr5e-2,0.05,0.0001,1.158,0.51377,1816
6,16,gender,ema_lr1e-2_wd1e-3,0.01,0.001,0.91881,0.47302,1816
6,16,gender,ema_d0.99,0.01,0.0001,0.90588,0.48899,1816
6,16,gender,ema_d0.9999,0.01,0.0001,0.88108,0.52148,1816
6,16,gender,mlp_h16,0.001,0.0,0.69389,0.50385,1816
6,16,gender,mlp_h32,0.001,0.0,0.69943,0.51542,1816
6,16,gender,mlp_h64,0.001,0.0,0.70942,0.51432,1816
6,16,gender,mlp_h128,0.001,0.0,0.70896,0.51046,1816
6,16,gender,attention,0.0001,1e-05,28.10377,0.46094,1816
6,16,gender,shuffled,0.01,0.0001,0.86534,0.51156,1816
6,16,star_sign,ema_lr1e-3,0.001,0.0001,3.02234,0.0793,1816
6,16,star_sign,ema_lr5e-3,0.005,0.0001,2.9766,0.11564,1816
6,16,star_sign,ema_lr1e-2,0.01,0.0001,2.86061,0.08811,1816
6,16,star_sign,ema_lr5e-2,0.05,0.0001,2.54999,0.17676,1816
6,16,star_sign,ema_lr1e-2_wd1e-3,0.01,0.001,3.03965,0.14923,1816
6,16,star_sign,ema_d0.99,0.01,0.0001,2.83823,0.08976,1816
6,16,star_sign,ema_d0.9999,0.01,0.0001,2.93381,0.07434,1816
6,16,star_sign,mlp_h16,0.001,0.0,2.26186,0.07048,1816
6,16,star_sign,mlp_h32,0.001,0.0,1.42698,0.9185,1816
6,16,star_sign,mlp_h64,0.001,0.0,1.19138,1.0,1816
6,16,star_sign,mlp_h128,0.001,0.0,1.23217,1.0,1816
6,16,star_sign,attention,0.0001,1e-05,1.41021,0.94531,1816
6,16,star_sign,shuffled,0.01,0.0001,2.90825,0.09967,1816
6,20,age_bin,ema_lr1e-3,0.001,0.0001,1.72292,0.2946,1816
6,20,age_bin,ema_lr5e-3,0.005,0.0001,1.50438,0.34361,1816
6,20,age_bin,ema_lr1e-2,0.01,0.0001,1.43213,0.33921,1816
6,20,age_bin,ema_lr5e-2,0.05,0.0001,1.39338,0.36564,1816
6,20,age_bin,ema_lr1e-2_wd1e-3,0.01,0.001,1.5397,0.31828,1816
6,20,age_bin,ema_d0.99,0.01,0.0001,1.43977,0.34471,1816
6,20,age_bin,ema_d0.9999,0.01,0.0001,1.43251,0.36013,1816
6,20,age_bin,mlp_h16,0.001,0.0,1.06271,0.44108,1816
6,20,age_bin,mlp_h32,0.001,0.0,1.0632,0.46366,1816
6,20,age_bin,mlp_h64,0.001,0.0,1.04386,0.51101,1816
6,20,age_bin,mlp_h128,0.001,0.0,1.03712,0.50606,1816
6,20,age_bin,attention,0.0001,1e-05,42.70013,0.47656,1816
6,20,age_bin,shuffled,0.01,0.0001,1.44587,0.32819,1816
6,20,gender,ema_lr1e-3,0.001,0.0001,1.01414,0.50441,1816
6,20,gender,ema_lr5e-3,0.005,0.0001,1.05655,0.46751,1816
6,20,gender,ema_lr1e-2,0.01,0.0001,0.89266,0.52753,1816
6,20,gender,ema_lr5e-2,0.05,0.0001,1.01897,0.50551,1816
6,20,gender,ema_lr1e-2_wd1e-3,0.01,0.001,0.93002,0.52037,1816
6,20,gender,ema_d0.99,0.01,0.0001,1.04485,0.46971,1816
6,20,gender,ema_d0.9999,0.01,0.0001,0.9314,0.52313,1816
6,20,gender,mlp_h16,0.001,0.0,0.71193,0.49119,1816
6,20,gender,mlp_h32,0.001,0.0,0.70237,0.49559,1816
6,20,gender,mlp_h64,0.001,0.0,0.70337,0.52643,1816
6,20,gender,mlp_h128,0.001,0.0,0.7156,0.52037,1816
6,20,gender,attention,0.0001,1e-05,0.72863,0.51562,1816
6,20,gender,shuffled,0.01,0.0001,0.93274,0.5,1816
6,20,star_sign,ema_lr1e-3,0.001,0.0001,3.27524,0.08315,1816
6,20,star_sign,ema_lr5e-3,0.005,0.0001,3.13121,0.08811,1816
6,20,star_sign,ema_lr1e-2,0.01,0.0001,3.07377,0.0815,1816
6,20,star_sign,ema_lr5e-2,0.05,0.0001,2.80643,0.13546,1816
6,20,star_sign,ema_lr1e-2_wd1e-3,0.01,0.001,3.08937,0.07764,1816
6,20,star_sign,ema_d0.99,0.01,0.0001,3.08404,0.07874,1816
6,20,star_sign,ema_d0.9999,0.01,0.0001,3.1908,0.07985,1816
6,20,star_sign,mlp_h16,0.001,0.0,1.90451,0.65474,1816
6,20,star_sign,mlp_h32,0.001,0.0,1.81488,0.91134,1816
6,20,star_sign,mlp_h64,0.001,0.0,1.87295,0.76542,1816
6,20,star_sign,mlp_h128,0.001,0.0,1.51024,0.99119,1816
6,20,star_sign,attention,0.0001,1e-05,0.00752,1.0,1816
6,20,star_sign,shuffled,0.01,0.0001,3.06113,0.09086,1816
6,24,age_bin,ema_lr1e-3,0.001,0.0001,1.69272,0.32434,1816
6,24,age_bin,ema_lr5e-3,0.005,0.0001,1.55633,0.34857,1816
6,24,age_bin,ema_lr1e-2,0.01,0.0001,1.46708,0.34581,1816
6,24,age_bin,ema_lr5e-2,0.05,0.0001,1.45087,0.35242,1816
6,24,age_bin,ema_lr1e-2_wd1e-3,0.01,0.001,1.55795,0.31938,1816
6,24,age_bin,ema_d0.99,0.01,0.0001,1.56489,0.31883,1816
6,24,age_bin,ema_d0.9999,0.01,0.0001,1.64411,0.32599,1816
6,24,age_bin,mlp_h16,0.001,0.0,1.13079,0.31993,1816
6,24,age_bin,mlp_h32,0.001,0.0,1.14007,0.29185,1816
6,24,age_bin,mlp_h64,0.001,0.0,1.05521,0.44548,1816
6,24,age_bin,mlp_h128,0.001,0.0,1.03755,0.49119,1816
6,24,age_bin,attention,0.0001,1e-05,4.14316,0.39844,1816
6,24,age_bin,shuffled,0.01,0.0001,1.46738,0.35738,1816
6,24,gender,ema_lr1e-3,0.001,0.0001,1.03156,0.51762,1816
6,24,gender,ema_lr5e-3,0.005,0.0001,1.07222,0.49174,1816
6,24,gender,ema_lr1e-2,0.01,0.0001,1.11524,0.46751,1816
6,24,gender,ema_lr5e-2,0.05,0.0001,0.87849,0.52093,1816
6,24,gender,ema_lr1e-2_wd1e-3,0.01,0.001,0.99069,0.51322,1816
6,24,gender,ema_d0.99,0.01,0.0001,1.05842,0.48403,1816
6,24,gender,ema_d0.9999,0.01,0.0001,0.95806,0.53469,1816
6,24,gender,mlp_h16,0.001,0.0,0.70005,0.52037,1816
6,24,gender,mlp_h32,0.001,0.0,0.69596,0.54626,1816
6,24,gender,mlp_h64,0.001,0.0,0.69887,0.53689,1816
6,24,gender,mlp_h128,0.001,0.0,0.69814,0.55947,1816
6,24,gender,attention,0.0001,1e-05,2.2682,0.45312,1816
6,24,gender,shuffled,0.01,0.0001,0.97235,0.4967,1816
6,24,star_sign,ema_lr1e-3,0.001,0.0001,3.26396,0.06663,1816
6,24,star_sign,ema_lr5e-3,0.005,0.0001,3.34625,0.08866,1816
6,24,star_sign,ema_lr1e-2,0.01,0.0001,3.27013,0.07048,1816
6,24,star_sign,ema_lr5e-2,0.05,0.0001,2.82875,0.10848,1816
6,24,star_sign,ema_lr1e-2_wd1e-3,0.01,0.001,3.22044,0.07599,1816
6,24,star_sign,ema_d0.99,0.01,0.0001,3.18237,0.09967,1816
6,24,star_sign,ema_d0.9999,0.01,0.0001,3.19138,0.11839,1816
6,24,star_sign,mlp_h16,0.001,0.0,2.67159,0.0,1816
6,24,star_sign,mlp_h32,0.001,0.0,2.08511,0.45319,1816
6,24,star_sign,mlp_h64,0.001,0.0,1.66596,0.87445,1816
6,24,star_sign,mlp_h128,0.001,0.0,1.55706,0.98073,1816
6,24,star_sign,attention,0.0001,1e-05,1.00819,0.75,1816
6,24,star_sign,shuffled,0.01,0.0001,3.21717,0.07159,1816
7,0,age_bin,ema_lr1e-3,0.001,0.0001,1.6117,0.32449,1997
7,0,age_bin,ema_lr5e-3,0.005,0.0001,1.60095,0.31247,1997
7,0,age_bin,ema_lr1e-2,0.01,0.0001,1.49312,0.33,1997
7,0,age_bin,ema_lr5e-2,0.05,0.0001,1.35273,0.34702,1997
7,0,age_bin,ema_lr1e-2_wd1e-3,0.01,0.001,1.42705,0.35954,1997
7,0,age_bin,ema_d0.99,0.01,0.0001,1.47514,0.32549,1997
7,0,age_bin,ema_d0.9999,0.01,0.0001,1.41401,0.36755,1997
7,0,age_bin,mlp_h16,0.001,0.0,1.04862,0.4697,1997
7,0,age_bin,mlp_h32,0.001,0.0,1.04719,0.49374,1997
7,0,age_bin,mlp_h64,0.001,0.0,1.03974,0.49875,1997
7,0,age_bin,mlp_h128,0.001,0.0,1.03907,0.49825,1997
7,0,age_bin,attention,0.0001,1e-05,1.09456,0.52344,1997
7,0,age_bin,shuffled,0.01,0.0001,1.46433,0.3335,1997
7,0,gender,ema_lr1e-3,0.001,0.0001,1.10456,0.49324,1997
7,0,gender,ema_lr5e-3,0.005,0.0001,0.98854,0.50275,1997
7,0,gender,ema_lr1e-2,0.01,0.0001,0.98781,0.49624,1997
7,0,gender,ema_lr5e-2,0.05,0.0001,0.85068,0.54231,1997
7,0,gender,ema_lr1e-2_wd1e-3,0.01,0.001,0.99308,0.48122,1997
7,0,gender,ema_d0.99,0.01,0.0001,0.99692,0.49524,1997
7,0,gender,ema_d0.9999,0.01,0.0001,0.98122,0.51227,1997
7,0,gender,mlp_h16,0.001,0.0,0.68419,0.55734,1997
7,0,gender,mlp_h32,0.001,0.0,0.69035,0.52629,1997
7,0,gender,mlp_h64,0.001,0.0,0.69396,0.5313,1997
7,0,gender,mlp_h128,0.001,0.0,0.69612,0.5343,1997
7,0,gender,attention,0.0001,1e-05,0.69279,0.53125,1997
7,0,gender,shuffled,0.01,0.0001,1.03095,0.49324,1997
7,0,star_sign,ema_lr1e-3,0.001,0.0001,3.31905,0.09264,1997
7,0,star_sign,ema_lr5e-3,0.005,0.0001,3.20049,0.07611,1997
7,0,star_sign,ema_lr1e-2,0.01,0.0001,3.09307,0.08162,1997
7,0,star_sign,ema_lr5e-2,0.05,0.0001,2.73755,0.14722,1997
7,0,star_sign,ema_lr1e-2_wd1e-3,0.01,0.001,3.06823,0.11617,1997
7,0,star_sign,ema_d0.99,0.01,0.0001,3.23761,0.11167,1997
7,0,star_sign,ema_d0.9999,0.01,0.0001,3.12152,0.09264,1997
7,0,star_sign,mlp_h16,0.001,0.0,2.17777,0.21032,1997
7,0,star_sign,mlp_h32,0.001,0.0,1.82311,0.65699,1997
7,0,star_sign,mlp_h64,0.001,0.0,1.17623,0.98848,1997
7,0,star_sign,mlp_h128,0.001,0.0,1.09576,0.97697,1997
7,0,star_sign,attention,0.0001,1e-05,2.46063,0.97656,1997
7,0,star_sign,shuffled,0.01,0.0001,3.10211,0.05859,1997
7,4,age_bin,ema_lr1e-3,0.001,0.0001,1.49269,0.32349,1997
7,4,age_bin,ema_lr5e-3,0.005,0.0001,1.33067,0.336,1997
7,4,age_bin,ema_lr1e-2,0.01,0.0001,1.28942,0.33,1997
7,4,age_bin,ema_lr5e-2,0.05,0.0001,1.95263,0.43766,1997
7,4,age_bin,ema_lr1e-2_wd1e-3,0.01,0.001,1.32351,0.32949,1997
7,4,age_bin,ema_d0.99,0.01,0.0001,1.32614,0.32499,1997
7,4,age_bin,ema_d0.9999,0.01,0.0001,1.29654,0.35754,1997
7,4,age_bin,mlp_h16,0.001,0.0,1.04694,0.46269,1997
7,4,age_bin,mlp_h32,0.001,0.0,1.04409,0.50025,1997
7,4,age_bin,mlp_h64,0.001,0.0,1.03829,0.49875,1997
7,4,age_bin,mlp_h128,0.001,0.0,1.07187,0.49975,1997
7,4,age_bin,attention,0.0001,1e-05,1.04854,0.5,1997
7,4,age_bin,shuffled,0.01,0.0001,1.32557,0.3305,1997
7,4,gender,ema_lr1e-3,0.001,0.0001,0.85071,0.52979,1997
7,4,gender,ema_lr5e-3,0.005,0.0001,0.89815,0.47822,1997
7,4,gender,ema_lr1e-2,0.01,0.0001,0.84006,0.52479,1997
7,4,gender,ema_lr5e-2,0.05,0.0001,1.52796,0.55834,1997
7,4,gender,ema_lr1e-2_wd1e-3,0.01,0.001,0.8737,0.49174,1997
7,4,gender,ema_d0.99,0.01,0.0001,0.85033,0.50776,1997
7,4,gender,ema_d0.9999,0.01,0.0001,0.85644,0.49274,1997
7,4,gender,mlp_h16,0.001,0.0,0.692,0.52629,1997
7,4,gender,mlp_h32,0.001,0.0,0.69547,0.51627,1997
7,4,gender,mlp_h64,0.001,0.0,0.70791,0.46319,1997
7,4,gender,mlp_h128,0.001,0.0,0.7135,0.47371,1997
7,4,gender,attention,0.0001,1e-05,0.80373,0.46094,1997
7,4,gender,shuffled,0.01,0.0001,0.87905,0.49274,1997
7,4,star_sign,ema_lr1e-3,0.001,0.0001,2.97545,0.06109,1997
7,4,star_sign,ema_lr5e-3,0.005,0.0001,2.9475,0.07611,1997
7,4,star_sign,ema_lr1e-2,0.01,0.0001,2.85896,0.07862,1997
7,4,star_sign,ema_lr5e-2,0.05,0.0001,2.53285,0.15874,1997
7,4,star_sign,ema_lr1e-2_wd1e-3,0.01,0.001,2.85856,0.09915,1997
7,4,star_sign,ema_d0.99,0.01,0.0001,2.81308,0.08312,1997
7,4,star_sign,ema_d0.9999,0.01,0.0001,2.7691,0.08763,1997
7,4,star_sign,mlp_h16,0.001,0.0,1.41896,0.9309,1997
7,4,star_sign,mlp_h32,0.001,0.0,1.39122,1.0,1997
7,4,star_sign,mlp_h64,0.001,0.0,1.14476,0.998,1997
7,4,star_sign,mlp_h128,0.001,0.0,0.6545,1.0,1997
7,4,star_sign,attention,0.0001,1e-05,2.06359,0.74219,1997
7,4,star_sign,shuffled,0.01,0.0001,2.79718,0.12569,1997
7,8,age_bin,ema_lr1e-3,0.001,0.0001,1.45028,0.30946,1997
7,8,age_bin,ema_lr5e-3,0.005,0.0001,1.41807,0.32849,1997
7,8,age_bin,ema_lr1e-2,0.01,0.0001,1.33883,0.34201,1997
7,8,age_bin,ema_lr5e-2,0.05,0.0001,1.78548,0.28042,1997
7,8,age_bin,ema_lr1e-2_wd1e-3,0.01,0.001,1.34087,0.34752,1997
7,8,age_bin,ema_d0.99,0.01,0.0001,1.31572,0.35103,1997
7,8,age_bin,ema_d0.9999,0.01,0.0001,1.37722,0.3335,1997
7,8,age_bin,mlp_h16,0.001,0.0,1.05041,0.48272,1997
7,8,age_bin,mlp_h32,0.001,0.0,1.03184,0.50225,1997
7,8,age_bin,mlp_h64,0.001,0.0,1.03925,0.50075,1997
7,8,age_bin,mlp_h128,0.001,0.0,1.03034,0.49925,1997
7,8,age_bin,attention,0.0001,1e-05,1.21814,0.24219,1997
7,8,age_bin,shuffled,0.01,0.0001,1.29806,0.34251,1997
7,8,gender,ema_lr1e-3,0.001,0.0001,0.88885,0.50676,1997
7,8,gender,ema_lr5e-3,0.005,0.0001,0.86071,0.49925,1997
7,8,gender,ema_lr1e-2,0.01,0.0001,0.88308,0.48322,1997
7,8,gender,ema_lr5e-2,0.05,0.0001,1.39152,0.54882,1997
7,8,gender,ema_lr1e-2_wd1e-3,0.01,0.001,0.91544,0.47822,1997
7,8,gender,ema_d0.99,0.01,0.0001,0.86055,0.50225,1997
7,8,gender,ema_d0.9999,0.01,0.0001,0.85819,0.49624,1997
7,8,gender,mlp_h16,0.001,0.0,0.684,0.57937,1997
7,8,gender,mlp_h32,0.001,0.0,0.69963,0.49875,1997
7,8,gender,mlp_h64,0.001,0.0,0.69391,0.52829,1997
7,8,gender,mlp_h128,0.001,0.0,0.7036,0.50526,1997
7,8,gender,attention,0.0001,1e-05,49.64206,0.46875,1997
7,8,gender,shuffled,0.01,0.0001,0.86292,0.50275,1997
7,8,star_sign,ema_lr1e-3,0.001,0.0001,2.97268,0.0641,1997
7,8,star_sign,ema_lr5e-3,0.005,0.0001,2.88086,0.09064,1997
7,8,star_sign,ema_lr1e-2,0.01,0.0001,2.78791,0.08813,1997
7,8,star_sign,ema_lr5e-2,0.05,0.0001,2.61173,0.15724,1997
7,8,star_sign,ema_lr1e-2_wd1e-3,0.01,0.001,2.81894,0.09514,1997
7,8,star_sign,ema_d0.99,0.01,0.0001,2.84299,0.09915,1997
7,8,star_sign,ema_d0.9999,0.01,0.0001,2.8571,0.07912,1997
7,8,star_sign,mlp_h16,0.001,0.0,2.38664,0.0641,1997
7,8,star_sign,mlp_h32,0.001,0.0,1.42904,0.98247,1997
7,8,star_sign,mlp_h64,0.001,0.0,1.13083,0.9995,1997
7,8,star_sign,mlp_h128,0.001,0.0,0.55517,1.0,1997
7,8,star_sign,attention,0.0001,1e-05,1.78011,0.99219,1997
7,8,star_sign,shuffled,0.01,0.0001,2.85318,0.08713,1997
7,12,age_bin,ema_lr1e-3,0.001,0.0001,1.44881,0.34502,1997
7,12,age_bin,ema_lr5e-3,0.005,0.0001,1.39206,0.33751,1997
7,12,age_bin,ema_lr1e-2,0.01,0.0001,1.33835,0.32799,1997
7,12,age_bin,ema_lr5e-2,0.05,0.0001,1.82369,0.44567,1997
7,12,age_bin,ema_lr1e-2_wd1e-3,0.01,0.001,1.3471,0.31798,1997
7,12,age_bin,ema_d0.99,0.01,0.0001,1.31779,0.36405,1997
7,12,age_bin,ema_d0.9999,0.01,0.0001,1.39012,0.31748,1997
7,12,age_bin,mlp_h16,0.001,0.0,1.11647,0.28443,1997
7,12,age_bin,mlp_h32,0.001,0.0,1.02961,0.50225,1997
7,12,age_bin,mlp_h64,0.001,0.0,1.03838,0.48973,1997
7,12,age_bin,mlp_h128,0.001,0.0,1.08642,0.49975,1997
7,12,age_bin,attention,0.0001,1e-05,1.09699,0.32031,1997
7,12,age_bin,shuffled,0.01,0.0001,1.37464,0.34051,1997
7,12,gender,ema_lr1e-3,0.001,0.0001,0.85224,0.51577,1997
7,12,gender,ema_lr5e-3,0.005,0.0001,0.82829,0.52028,1997
7,12,gender,ema_lr1e-2,0.01,0.0001,0.97247,0.45819,1997
7,12,gender,ema_lr5e-2,0.05,0.0001,1.34086,0.55383,1997
7,12,gender,ema_lr1e-2_wd1e-3,0.01,0.001,0.88978,0.49624,1997
7,12,gender,ema_d0.99,0.01,0.0001,0.81389,0.54031,1997
7,12,gender,ema_d0.9999,0.01,0.0001,0.88238,0.48723,1997
7,12,gender,mlp_h16,0.001,0.0,0.68096,0.56485,1997
7,12,gender,mlp_h32,0.001,0.0,0.69491,0.49775,1997
7,12,gender,mlp_h64,0.001,0.0,0.6883,0.55684,1997
7,12,gender,mlp_h128,0.001,0.0,0.74034,0.4677,1997
7,12,gender,attention,0.0001,1e-05,0.68764,0.50781,1997
7,12,gender,shuffled,0.01,0.0001,0.88047,0.49775,1997
7,12,star_sign,ema_lr1e-3,0.001,0.0001,3.09766,0.05608,1997
7,12,star_sign,ema_lr5e-3,0.005,0.0001,2.88736,0.10516,1997
7,12,star_sign,ema_lr1e-2,0.01,0.0001,2.85272,0.09564,1997
7,12,star_sign,ema_lr5e-2,0.05,0.0001,2.59116,0.14422,1997
7,12,star_sign,ema_lr1e-2_wd1e-3,0.01,0.001,2.8829,0.0636,1997
7,12,star_sign,ema_d0.99,0.01,0.0001,2.8456,0.0681,1997
7,12,star_sign,ema_d0.9999,0.01,0.0001,2.84102,0.08513,1997
7,12,star_sign,mlp_h16,0.001,0.0,1.47194,0.89484,1997
7,12,star_sign,mlp_h32,0.001,0.0,1.28418,0.9995,1997
7,12,star_sign,mlp_h64,0.001,0.0,1.16557,1.0,1997
7,12,star_sign,mlp_h128,0.001,0.0,0.54098,1.0,1997
7,12,star_sign,attention,0.0001,1e-05,2.70692,0.0,1997
7,12,star_sign,shuffled,0.01,0.0001,2.86848,0.09564,1997
7,16,age_bin,ema_lr1e-3,0.001,0.0001,1.59748,0.36304,1997
7,16,age_bin,ema_lr5e-3,0.005,0.0001,1.43254,0.335,1997
7,16,age_bin,ema_lr1e-2,0.01,0.0001,1.48526,0.30446,1997
7,16,age_bin,ema_lr5e-2,0.05,0.0001,1.77773,0.3325,1997
7,16,age_bin,ema_lr1e-2_wd1e-3,0.01,0.001,1.44613,0.30646,1997
7,16,age_bin,ema_d0.99,0.01,0.0001,1.37435,0.35053,1997
7,16,age_bin,ema_d0.9999,0.01,0.0001,1.32625,0.35303,1997
7,16,age_bin,mlp_h16,0.001,0.0,1.03761,0.49725,1997
7,16,age_bin,mlp_h32,0.001,0.0,1.05641,0.48723,1997
7,16,age_bin,mlp_h64,0.001,0.0,1.03571,0.50125,1997
7,16,age_bin,mlp_h128,0.001,0.0,1.04132,0.49925,1997
7,16,age_bin,attention,0.0001,1e-05,1.00206,0.50781,1997
7,16,age_bin,shuffled,0.01,0.0001,1.44449,0.31447,1997
7,16,gender,ema_lr1e-3,0.001,0.0001,0.91308,0.49725,1997
7,16,gender,ema_lr5e-3,0.005,0.0001,0.8282,0.53931,1997
7,16,gender,ema_lr1e-2,0.01,0.0001,0.89595,0.48823,1997
7,16,gender,ema_lr5e-2,0.05,0.0001,1.24477,0.55533,1997
7,16,gender,ema_lr1e-2_wd1e-3,0.01,0.001,0.89971,0.48423,1997
7,16,gender,ema_d0.99,0.01,0.0001,0.94069,0.45969,1997
7,16,gender,ema_d0.9999,0.01,0.0001,0.8791,0.52278,1997
7,16,gender,mlp_h16,0.001,0.0,0.6898,0.54582,1997
7,16,gender,mlp_h32,0.001,0.0,0.68322,0.56284,1997
7,16,gender,mlp_h64,0.001,0.0,0.68152,0.55984,1997
7,16,gender,mlp_h128,0.001,0.0,0.69609,0.52078,1997
7,16,gender,attention,0.0001,1e-05,25.09689,0.46875,1997
7,16,gender,shuffled,0.01,0.0001,0.88495,0.48022,1997
7,16,star_sign,ema_lr1e-3,0.001,0.0001,2.98738,0.07361,1997
7,16,star_sign,ema_lr5e-3,0.005,0.0001,2.97585,0.10866,1997
7,16,star_sign,ema_lr1e-2,0.01,0.0001,2.81737,0.10566,1997
7,16,star_sign,ema_lr5e-2,0.05,0.0001,2.62574,0.14021,1997
7,16,star_sign,ema_lr1e-2_wd1e-3,0.01,0.001,2.99699,0.12519,1997
7,16,star_sign,ema_d0.99,0.01,0.0001,2.88259,0.09014,1997
7,16,star_sign,ema_d0.9999,0.01,0.0001,3.02136,0.08563,1997
7,16,star_sign,mlp_h16,0.001,0.0,2.24179,0.0641,1997
7,16,star_sign,mlp_h32,0.001,0.0,1.29528,0.96345,1997
7,16,star_sign,mlp_h64,0.001,0.0,1.00733,1.0,1997
7,16,star_sign,mlp_h128,0.001,0.0,1.02209,1.0,1997
7,16,star_sign,attention,0.0001,1e-05,1.30616,0.96094,1997
7,16,star_sign,shuffled,0.01,0.0001,2.97382,0.07461,1997
7,20,age_bin,ema_lr1e-3,0.001,0.0001,1.61999,0.3325,1997
7,20,age_bin,ema_lr5e-3,0.005,0.0001,1.47952,0.34001,1997
7,20,age_bin,ema_lr1e-2,0.01,0.0001,1.47952,0.31447,1997
7,20,age_bin,ema_lr5e-2,0.05,0.0001,1.42696,0.37757,1997
7,20,age_bin,ema_lr1e-2_wd1e-3,0.01,0.001,1.52496,0.31948,1997
7,20,age_bin,ema_d0.99,0.01,0.0001,1.37706,0.36304,1997
7,20,age_bin,ema_d0.9999,0.01,0.0001,1.48121,0.334,1997
7,20,age_bin,mlp_h16,0.001,0.0,1.05187,0.45118,1997
7,20,age_bin,mlp_h32,0.001,0.0,1.05139,0.48573,1997
7,20,age_bin,mlp_h64,0.001,0.0,1.04298,0.49975,1997
7,20,age_bin,mlp_h128,0.001,0.0,1.02471,0.50075,1997
7,20,age_bin,attention,0.0001,1e-05,39.21644,0.52344,1997
7,20,age_bin,shuffled,0.01,0.0001,1.48562,0.31247,1997
7,20,gender,ema_lr1e-3,0.001,0.0001,1.01136,0.51177,1997
7,20,gender,ema_lr5e-3,0.005,0.0001,0.9515,0.49574,1997
7,20,gender,ema_lr1e-2,0.01,0.0001,0.95875,0.49424,1997
7,20,gender,ema_lr5e-2,0.05,0.0001,1.07366,0.51077,1997
7,20,gender,ema_lr1e-2_wd1e-3,0.01,0.001,0.95977,0.51277,1997
7,20,gender,ema_d0.99,0.01,0.0001,0.96599,0.51427,1997
7,20,gender,ema_d0.9999,0.01,0.0001,0.99028,0.49124,1997
7,20,gender,mlp_h16,0.001,0.0,0.7163,0.46019,1997
7,20,gender,mlp_h32,0.001,0.0,0.69013,0.55033,1997
7,20,gender,mlp_h64,0.001,0.0,0.69505,0.52829,1997
7,20,gender,mlp_h128,0.001,0.0,0.6982,0.52328,1997
7,20,gender,attention,0.0001,1e-05,0.75735,0.47656,1997
7,20,gender,shuffled,0.01,0.0001,0.96869,0.48623,1997
7,20,star_sign,ema_lr1e-3,0.001,0.0001,3.23931,0.07812,1997
7,20,star_sign,ema_lr5e-3,0.005,0.0001,3.12461,0.08963,1997
7,20,star_sign,ema_lr1e-2,0.01,0.0001,3.06668,0.09414,1997
7,20,star_sign,ema_lr5e-2,0.05,0.0001,2.6506,0.18678,1997
7,20,star_sign,ema_lr1e-2_wd1e-3,0.01,0.001,3.0141,0.10516,1997
7,20,star_sign,ema_d0.99,0.01,0.0001,3.02248,0.07061,1997
7,20,star_sign,ema_d0.9999,0.01,0.0001,3.15757,0.07862,1997
7,20,star_sign,mlp_h16,0.001,0.0,1.84168,0.71307,1997
7,20,star_sign,mlp_h32,0.001,0.0,1.72543,0.95393,1997
7,20,star_sign,mlp_h64,0.001,0.0,1.76487,0.88633,1997
7,20,star_sign,mlp_h128,0.001,0.0,1.30938,1.0,1997
7,20,star_sign,attention,0.0001,1e-05,0.00041,1.0,1997
7,20,star_sign,shuffled,0.01,0.0001,3.04416,0.08513,1997
7,24,age_bin,ema_lr1e-3,0.001,0.0001,1.73275,0.30896,1997
7,24,age_bin,ema_lr5e-3,0.005,0.0001,1.56084,0.3365,1997
7,24,age_bin,ema_lr1e-2,0.01,0.0001,1.46217,0.35203,1997
7,24,age_bin,ema_lr5e-2,0.05,0.0001,1.49456,0.3305,1997
7,24,age_bin,ema_lr1e-2_wd1e-3,0.01,0.001,1.63825,0.32749,1997
7,24,age_bin,ema_d0.99,0.01,0.0001,1.49671,0.32949,1997
7,24,age_bin,ema_d0.9999,0.01,0.0001,1.63302,0.32599,1997
7,24,age_bin,mlp_h16,0.001,0.0,1.11244,0.33951,1997
7,24,age_bin,mlp_h32,0.001,0.0,1.1223,0.32549,1997
7,24,age_bin,mlp_h64,0.001,0.0,1.04017,0.47571,1997
7,24,age_bin,mlp_h128,0.001,0.0,1.02408,0.49224,1997
7,24,age_bin,attention,0.0001,1e-05,3.66147,0.39062,1997
7,24,age_bin,shuffled,0.01,0.0001,1.48761,0.33701,1997
7,24,gender,ema_lr1e-3,0.001,0.0001,1.00562,0.50426,1997
7,24,gender,ema_lr5e-3,0.005,0.0001,0.94708,0.52379,1997
7,24,gender,ema_lr1e-2,0.01,0.0001,0.99469,0.50576,1997
7,24,gender,ema_lr5e-2,0.05,0.0001,0.93842,0.47772,1997
7,24,gender,ema_lr1e-2_wd1e-3,0.01,0.001,0.98146,0.50976,1997
7,24,gender,ema_d0.99,0.01,0.0001,1.00846,0.50626,1997
7,24,gender,ema_d0.9999,0.01,0.0001,0.99485,0.50025,1997
7,24,gender,mlp_h16,0.001,0.0,0.68597,0.55583,1997
7,24,gender,mlp_h32,0.001,0.0,0.71705,0.50125,1997
7,24,gender,mlp_h64,0.001,0.0,0.69529,0.53681,1997
7,24,gender,mlp_h128,0.001,0.0,0.70771,0.55533,1997
7,24,gender,attention,0.0001,1e-05,1.4559,0.60938,1997
7,24,gender,shuffled,0.01,0.0001,0.95861,0.48923,1997
7,24,star_sign,ema_lr1e-3,0.001,0.0001,3.24641,0.09114,1997
7,24,star_sign,ema_lr5e-3,0.005,0.0001,3.22794,0.08312,1997
7,24,star_sign,ema_lr1e-2,0.01,0.0001,3.17718,0.10115,1997
7,24,star_sign,ema_lr5e-2,0.05,0.0001,2.88269,0.11317,1997
7,24,star_sign,ema_lr1e-2_wd1e-3,0.01,0.001,3.21767,0.07561,1997
7,24,star_sign,ema_d0.99,0.01,0.0001,3.19315,0.08212,1997
7,24,star_sign,ema_d0.9999,0.01,0.0001,3.19297,0.08913,1997
7,24,star_sign,mlp_h16,0.001,0.0,2.65272,0.0,1997
7,24,star_sign,mlp_h32,0.001,0.0,2.04346,0.5353,1997
7,24,star_sign,mlp_h64,0.001,0.0,1.60688,0.91087,1997
7,24,star_sign,mlp_h128,0.001,0.0,1.44845,0.99099,1997
7,24,star_sign,attention,0.0001,1e-05,0.81181,0.82031,1997
7,24,star_sign,shuffled,0.01,0.0001,3.21402,0.07511,1997
8,0,age_bin,ema_lr1e-3,0.001,0.0001,1.63851,0.32953,1839
8,0,age_bin,ema_lr5e-3,0.005,0.0001,1.54251,0.33605,1839
8,0,age_bin,ema_lr1e-2,0.01,0.0001,1.50541,0.32735,1839
8,0,age_bin,ema_lr5e-2,0.05,0.0001,1.3715,0.3714,1839
8,0,age_bin,ema_lr1e-2_wd1e-3,0.01,0.001,1.50756,0.32409,1839
8,0,age_bin,ema_d0.99,0.01,0.0001,1.51427,0.33442,1839
8,0,age_bin,ema_d0.9999,0.01,0.0001,1.48038,0.34149,1839
8,0,age_bin,mlp_h16,0.001,0.0,1.08981,0.43828,1839
8,0,age_bin,mlp_h32,0.001,0.0,1.09035,0.44263,1839
8,0,age_bin,mlp_h64,0.001,0.0,1.09958,0.44372,1839
8,0,age_bin,mlp_h128,0.001,0.0,1.10513,0.44644,1839
8,0,age_bin,attention,0.0001,1e-05,1.0963,0.42188,1839
8,0,age_bin,shuffled,0.01,0.0001,1.4744,0.32572,1839
8,0,gender,ema_lr1e-3,0.001,0.0001,1.06657,0.50788,1839
8,0,gender,ema_lr5e-3,0.005,0.0001,0.99991,0.48396,1839
8,0,gender,ema_lr1e-2,0.01,0.0001,0.96838,0.49918,1839
8,0,gender,ema_lr5e-2,0.05,0.0001,0.8557,0.51115,1839
8,0,gender,ema_lr1e-2_wd1e-3,0.01,0.001,0.95796,0.47798,1839
8,0,gender,ema_d0.99,0.01,0.0001,1.02112,0.49701,1839
8,0,gender,ema_d0.9999,0.01,0.0001,0.96892,0.50353,1839
8,0,gender,mlp_h16,0.001,0.0,0.67901,0.56879,1839
8,0,gender,mlp_h32,0.001,0.0,0.69792,0.528,1839
8,0,gender,mlp_h64,0.001,0.0,0.69802,0.52529,1839
8,0,gender,mlp_h128,0.001,0.0,0.71242,0.51876,1839
8,0,gender,attention,0.0001,1e-05,0.69207,0.57812,1839
8,0,gender,shuffled,0.01,0.0001,1.00206,0.51115,1839
8,0,star_sign,ema_lr1e-3,0.001,0.0001,3.27925,0.08646,1839
8,0,star_sign,ema_lr5e-3,0.005,0.0001,3.19325,0.06417,1839
8,0,star_sign,ema_lr1e-2,0.01,0.0001,3.07304,0.07776,1839
8,0,star_sign,ema_lr5e-2,0.05,0.0001,2.70983,0.19739,1839
8,0,star_sign,ema_lr1e-2_wd1e-3,0.01,0.001,3.04497,0.11691,1839
8,0,star_sign,ema_d0.99,0.01,0.0001,3.22177,0.11854,1839
8,0,star_sign,ema_d0.9999,0.01,0.0001,3.11275,0.10658,1839
8,0,star_sign,mlp_h16,0.001,0.0,2.09085,0.26971,1839
8,0,star_sign,mlp_h32,0.001,0.0,1.72938,0.74008,1839
8,0,star_sign,mlp_h64,0.001,0.0,1.03023,0.99402,1839
8,0,star_sign,mlp_h128,0.001,0.0,0.90237,0.99239,1839
8,0,star_sign,attention,0.0001,1e-05,2.45809,0.98438,1839
8,0,star_sign,shuffled,0.01,0.0001,3.09642,0.0609,1839
8,4,age_bin,ema_lr1e-3,0.001,0.0001,1.43569,0.36052,1839
8,4,age_bin,ema_lr5e-3,0.005,0.0001,1.36277,0.32898,1839
8,4,age_bin,ema_lr1e-2,0.01,0.0001,1.37281,0.31539,1839
8,4,age_bin,ema_lr5e-2,0.05,0.0001,1.88141,0.30506,1839
8,4,age_bin,ema_lr1e-2_wd1e-3,0.01,0.001,1.28928,0.35019,1839
8,4,age_bin,ema_d0.99,0.01,0.0001,1.33619,0.32681,1839
8,4,age_bin,ema_d0.9999,0.01,0.0001,1.30583,0.35672,1839
8,4,age_bin,mlp_h16,0.001,0.0,1.0878,0.42904,1839
8,4,age_bin,mlp_h32,0.001,0.0,1.09879,0.44698,1839
8,4,age_bin,mlp_h64,0.001,0.0,1.12325,0.43774,1839
8,4,age_bin,mlp_h128,0.001,0.0,1.15272,0.43665,1839
8,4,age_bin,attention,0.0001,1e-05,1.06654,0.42969,1839
8,4,age_bin,shuffled,0.01,0.0001,1.33497,0.3143,1839
8,4,gender,ema_lr1e-3,0.001,0.0001,0.87937,0.49755,1839
8,4,gender,ema_lr5e-3,0.005,0.0001,0.85666,0.51495,1839
8,4,gender,ema_lr1e-2,0.01,0.0001,0.85242,0.51441,1839
8,4,gender,ema_lr5e-2,0.05,0.0001,1.38329,0.4236,1839
8,4,gender,ema_lr1e-2_wd1e-3,0.01,0.001,0.89092,0.47091,1839
8,4,gender,ema_d0.99,0.01,0.0001,0.81561,0.53562,1839
8,4,gender,ema_d0.9999,0.01,0.0001,0.88882,0.49973,1839
8,4,gender,mlp_h16,0.001,0.0,0.68903,0.52964,1839
8,4,gender,mlp_h32,0.001,0.0,0.68827,0.55465,1839
8,4,gender,mlp_h64,0.001,0.0,0.6957,0.53181,1839
8,4,gender,mlp_h128,0.001,0.0,0.7241,0.47471,1839
8,4,gender,attention,0.0001,1e-05,1.77472,0.55469,1839
8,4,gender,shuffled,0.01,0.0001,0.86825,0.48831,1839
8,4,star_sign,ema_lr1e-3,0.001,0.0001,2.95163,0.05492,1839
8,4,star_sign,ema_lr5e-3,0.005,0.0001,2.96044,0.06852,1839
8,4,star_sign,ema_lr1e-2,0.01,0.0001,2.82758,0.087,1839
8,4,star_sign,ema_lr5e-2,0.05,0.0001,2.64068,0.49592,1839
8,4,star_sign,ema_lr1e-2_wd1e-3,0.01,0.001,2.87272,0.10712,1839
8,4,star_sign,ema_d0.99,0.01,0.0001,2.80656,0.06743,1839
8,4,star_sign,ema_d0.9999,0.01,0.0001,2.81846,0.07504,1839
8,4,star_sign,mlp_h16,0.001,0.0,1.29175,0.92985,1839
8,4,star_sign,mlp_h32,0.001,0.0,1.22482,1.0,1839
8,4,star_sign,mlp_h64,0.001,0.0,0.94901,0.99946,1839
8,4,star_sign,mlp_h128,0.001,0.0,0.45155,1.0,1839
8,4,star_sign,attention,0.0001,1e-05,2.01219,0.82031,1839
8,4,star_sign,shuffled,0.01,0.0001,2.86985,0.12017,1839
8,8,age_bin,ema_lr1e-3,0.001,0.0001,1.40001,0.33225,1839
8,8,age_bin,ema_lr5e-3,0.005,0.0001,1.35342,0.33823,1839
8,8,age_bin,ema_lr1e-2,0.01,0.0001,1.34094,0.3366,1839
8,8,age_bin,ema_lr5e-2,0.05,0.0001,1.93798,0.31756,1839
8,8,age_bin,ema_lr1e-2_wd1e-3,0.01,0.001,1.35668,0.32953,1839
8,8,age_bin,ema_d0.99,0.01,0.0001,1.28482,0.34965,1839
8,8,age_bin,ema_d0.9999,0.01,0.0001,1.35298,0.3366,1839
8,8,age_bin,mlp_h16,0.001,0.0,1.07785,0.44589,1839
8,8,age_bin,mlp_h32,0.001,0.0,1.10389,0.44644,1839
8,8,age_bin,mlp_h64,0.001,0.0,1.11611,0.43719,1839
8,8,age_bin,mlp_h128,0.001,0.0,1.14684,0.44535,1839
8,8,age_bin,attention,0.0001,1e-05,1.15734,0.3125,1839
8,8,age_bin,shuffled,0.01,0.0001,1.32689,0.3279,1839
8,8,gender,ema_lr1e-3,0.001,0.0001,0.91613,0.4981,1839
8,8,gender,ema_lr5e-3,0.005,0.0001,0.87414,0.49918,1839
8,8,gender,ema_lr1e-2,0.01,0.0001,0.90311,0.47145,1839
8,8,gender,ema_lr5e-2,0.05,0.0001,1.28071,0.43991,1839
8,8,gender,ema_lr1e-2_wd1e-3,0.01,0.001,0.87025,0.49755,1839
8,8,gender,ema_d0.99,0.01,0.0001,0.82347,0.51767,1839
8,8,gender,ema_d0.9999,0.01,0.0001,0.82482,0.51223,1839
8,8,gender,mlp_h16,0.001,0.0,0.68543,0.5677,1839
8,8,gender,mlp_h32,0.001,0.0,0.7011,0.48396,1839
8,8,gender,mlp_h64,0.001,0.0,0.69968,0.50788,1839
8,8,gender,mlp_h128,0.001,0.0,0.69472,0.52964,1839
8,8,gender,attention,0.0001,1e-05,49.57501,0.44531,1839
8,8,gender,shuffled,0.01,0.0001,0.82976,0.51767,1839
8,8,star_sign,ema_lr1e-3,0.001,0.0001,2.97336,0.06852,1839
8,8,star_sign,ema_lr5e-3,0.005,0.0001,2.91726,0.08972,1839
8,8,star_sign,ema_lr1e-2,0.01,0.0001,2.77816,0.087,1839
8,8,star_sign,ema_lr5e-2,0.05,0.0001,2.67737,0.32246,1839
8,8,star_sign,ema_lr1e-2_wd1e-3,0.01,0.001,2.80302,0.09788,1839
8,8,star_sign,ema_d0.99,0.01,0.0001,2.84052,0.09625,1839
8,8,star_sign,ema_d0.9999,0.01,0.0001,2.85959,0.09462,1839
8,8,star_sign,mlp_h16,0.001,0.0,2.34519,0.0696,1839
8,8,star_sign,mlp_h32,0.001,0.0,1.27104,0.99402,1839
8,8,star_sign,mlp_h64,0.001,0.0,0.92886,1.0,1839
8,8,star_sign,mlp_h128,0.001,0.0,0.37015,1.0,1839
8,8,star_sign,attention,0.0001,1e-05,1.71203,0.98438,1839
8,8,star_sign,shuffled,0.01,0.0001,2.84484,0.07613,1839
8,12,age_bin,ema_lr1e-3,0.001,0.0001,1.42637,0.35998,1839
8,12,age_bin,ema_lr5e-3,0.005,0.0001,1.30338,0.37412,1839
8,12,age_bin,ema_lr1e-2,0.01,0.0001,1.3227,0.34475,1839
8,12,age_bin,ema_lr5e-2,0.05,0.0001,1.50532,0.32735,1839
8,12,age_bin,ema_lr1e-2_wd1e-3,0.01,0.001,1.37105,0.33279,1839
8,12,age_bin,ema_d0.99,0.01,0.0001,1.32557,0.35291,1839
8,12,age_bin,ema_d0.9999,0.01,0.0001,1.37811,0.32626,1839
8,12,age_bin,mlp_h16,0.001,0.0,1.12147,0.27787,1839
8,12,age_bin,mlp_h32,0.001,0.0,1.11594,0.44481,1839
8,12,age_bin,mlp_h64,0.001,0.0,1.11073,0.44589,1839
8,12,age_bin,mlp_h128,0.001,0.0,1.14859,0.44535,1839
8,12,age_bin,attention,0.0001,1e-05,1.12148,0.33594,1839
8,12,age_bin,shuffled,0.01,0.0001,1.35475,0.34203,1839
8,12,gender,ema_lr1e-3,0.001,0.0001,0.94364,0.44481,1839
8,12,gender,ema_lr5e-3,0.005,0.0001,0.81108,0.528,1839
8,12,gender,ema_lr1e-2,0.01,0.0001,0.88363,0.50462,1839
8,12,gender,ema_lr5e-2,0.05,0.0001,1.23469,0.44753,1839
8,12,gender,ema_lr1e-2_wd1e-3,0.01,0.001,0.86627,0.50517,1839
8,12,gender,ema_d0.99,0.01,0.0001,0.87263,0.48668,1839
8,12,gender,ema_d0.9999,0.01,0.0001,0.84308,0.52148,1839
8,12,gender,mlp_h16,0.001,0.0,0.69069,0.53399,1839
8,12,gender,mlp_h32,0.001,0.0,0.69884,0.52529,1839
8,12,gender,mlp_h64,0.001,0.0,0.6858,0.55302,1839
8,12,gender,mlp_h128,0.001,0.0,0.75152,0.47254,1839
8,12,gender,attention,0.0001,1e-05,0.71168,0.48438,1839
8,12,gender,shuffled,0.01,0.0001,0.89769,0.49755,1839
8,12,star_sign,ema_lr1e-3,0.001,0.0001,3.01889,0.05546,1839
8,12,star_sign,ema_lr5e-3,0.005,0.0001,2.88523,0.10495,1839
8,12,star_sign,ema_lr1e-2,0.01,0.0001,2.76329,0.10875,1839
8,12,star_sign,ema_lr5e-2,0.05,0.0001,2.65137,0.32572,1839
8,12,star_sign,ema_lr1e-2_wd1e-3,0.01,0.001,2.80878,0.0783,1839
8,12,star_sign,ema_d0.99,0.01,0.0001,2.79472,0.06688,1839
8,12,star_sign,ema_d0.9999,0.01,0.0001,2.80131,0.09679,1839
8,12,star_sign,mlp_h16,0.001,0.0,1.3513,0.95269,1839
8,12,star_sign,mlp_h32,0.001,0.0,1.12751,1.0,1839
8,12,star_sign,mlp_h64,0.001,0.0,0.9645,1.0,1839
8,12,star_sign,mlp_h128,0.001,0.0,0.37064,1.0,1839
8,12,star_sign,attention,0.0001,1e-05,0.1723,0.98438,1839
8,12,star_sign,shuffled,0.01,0.0001,2.80572,0.1006,1839
8,16,age_bin,ema_lr1e-3,0.001,0.0001,1.63145,0.35835,1839
8,16,age_bin,ema_lr5e-3,0.005,0.0001,1.49045,0.30451,1839
8,16,age_bin,ema_lr1e-2,0.01,0.0001,1.43681,0.30397,1839
8,16,age_bin,ema_lr5e-2,0.05,0.0001,1.8243,0.32463,1839
8,16,age_bin,ema_lr1e-2_wd1e-3,0.01,0.001,1.4352,0.29799,1839
8,16,age_bin,ema_d0.99,0.01,0.0001,1.35531,0.35345,1839
8,16,age_bin,ema_d0.9999,0.01,0.0001,1.36281,0.32844,1839
8,16,age_bin,mlp_h16,0.001,0.0,1.1058,0.44644,1839
8,16,age_bin,mlp_h32,0.001,0.0,1.10033,0.43883,1839
8,16,age_bin,mlp_h64,0.001,0.0,1.0954,0.44644,1839
8,16,age_bin,mlp_h128,0.001,0.0,1.10458,0.44154,1839
8,16,age_bin,attention,0.0001,1e-05,1.11645,0.38281,1839
8,16,age_bin,shuffled,0.01,0.0001,1.38994,0.32572,1839
8,16,gender,ema_lr1e-3,0.001,0.0001,0.98263,0.45459,1839
8,16,gender,ema_lr5e-3,0.005,0.0001,0.95227,0.4845,1839
8,16,gender,ema_lr1e-2,0.01,0.0001,0.87349,0.51278,1839
8,16,gender,ema_lr5e-2,0.05,0.0001,1.17088,0.48559,1839
8,16,gender,ema_lr1e-2_wd1e-3,0.01,0.001,0.83591,0.50625,1839
8,16,gender,ema_d0.99,0.01,0.0001,0.86325,0.51713,1839
8,16,gender,ema_d0.9999,0.01,0.0001,0.90473,0.49048,1839
8,16,gender,mlp_h16,0.001,0.0,0.68248,0.56716,1839
8,16,gender,mlp_h32,0.001,0.0,0.67667,0.57858,1839
8,16,gender,mlp_h64,0.001,0.0,0.68142,0.58184,1839
8,16,gender,mlp_h128,0.001,0.0,0.69615,0.57259,1839
8,16,gender,attention,0.0001,1e-05,23.72918,0.44531,1839
8,16,gender,shuffled,0.01,0.0001,0.87878,0.49538,1839
8,16,star_sign,ema_lr1e-3,0.001,0.0001,3.0091,0.08809,1839
8,16,star_sign,ema_lr5e-3,0.005,0.0001,2.97583,0.11147,1839
8,16,star_sign,ema_lr1e-2,0.01,0.0001,2.88727,0.07667,1839
8,16,star_sign,ema_lr5e-2,0.05,0.0001,2.6509,0.26591,1839
8,16,star_sign,ema_lr1e-2_wd1e-3,0.01,0.001,2.93423,0.13649,1839
8,16,star_sign,ema_d0.99,0.01,0.0001,2.91206,0.09027,1839
8,16,star_sign,ema_d0.9999,0.01,0.0001,2.96025,0.08592,1839
8,16,star_sign,mlp_h16,0.001,0.0,2.19319,0.0696,1839
8,16,star_sign,mlp_h32,0.001,0.0,1.12785,0.9913,1839
8,16,star_sign,mlp_h64,0.001,0.0,0.84459,1.0,1839
8,16,star_sign,mlp_h128,0.001,0.0,0.81887,1.0,1839
8,16,star_sign,attention,0.0001,1e-05,1.14909,0.96875,1839
8,16,star_sign,shuffled,0.01,0.0001,2.86162,0.09842,1839
8,20,age_bin,ema_lr1e-3,0.001,0.0001,1.61041,0.33714,1839
8,20,age_bin,ema_lr5e-3,0.005,0.0001,1.53151,0.323,1839
8,20,age_bin,ema_lr1e-2,0.01,0.0001,1.45712,0.33877,1839
8,20,age_bin,ema_lr5e-2,0.05,0.0001,1.38749,0.35237,1839
8,20,age_bin,ema_lr1e-2_wd1e-3,0.01,0.001,1.44523,0.33496,1839
8,20,age_bin,ema_d0.99,0.01,0.0001,1.48377,0.33007,1839
8,20,age_bin,ema_d0.9999,0.01,0.0001,1.45984,0.33877,1839
8,20,age_bin,mlp_h16,0.001,0.0,1.08,0.41001,1839
8,20,age_bin,mlp_h32,0.001,0.0,1.08453,0.43284,1839
8,20,age_bin,mlp_h64,0.001,0.0,1.08845,0.44481,1839
8,20,age_bin,mlp_h128,0.001,0.0,1.10007,0.43121,1839
8,20,age_bin,attention,0.0001,1e-05,36.84393,0.42188,1839
8,20,age_bin,shuffled,0.01,0.0001,1.4476,0.33442,1839
8,20,gender,ema_lr1e-3,0.001,0.0001,1.12239,0.44535,1839
8,20,gender,ema_lr5e-3,0.005,0.0001,0.97653,0.50353,1839
8,20,gender,ema_lr1e-2,0.01,0.0001,0.95033,0.51223,1839
8,20,gender,ema_lr5e-2,0.05,0.0001,0.9371,0.51767,1839
8,20,gender,ema_lr1e-2_wd1e-3,0.01,0.001,0.9654,0.49647,1839
8,20,gender,ema_d0.99,0.01,0.0001,1.01958,0.46112,1839
8,20,gender,ema_d0.9999,0.01,0.0001,0.90611,0.53399,1839
8,20,gender,mlp_h16,0.001,0.0,0.70651,0.5019,1839
8,20,gender,mlp_h32,0.001,0.0,0.68806,0.54921,1839
8,20,gender,mlp_h64,0.001,0.0,0.68526,0.57749,1839
8,20,gender,mlp_h128,0.001,0.0,0.70556,0.54269,1839
8,20,gender,attention,0.0001,1e-05,0.72374,0.48438,1839
8,20,gender,shuffled,0.01,0.0001,0.92723,0.49592,1839
8,20,star_sign,ema_lr1e-3,0.001,0.0001,3.27861,0.07504,1839
8,20,star_sign,ema_lr5e-3,0.005,0.0001,3.05931,0.09027,1839
8,20,star_sign,ema_lr1e-2,0.01,0.0001,3.08317,0.09679,1839
8,20,star_sign,ema_lr5e-2,0.05,0.0001,2.66836,0.16259,1839
8,20,star_sign,ema_lr1e-2_wd1e-3,0.01,0.001,3.06149,0.09353,1839
8,20,star_sign,ema_d0.99,0.01,0.0001,3.11646,0.07558,1839
8,20,star_sign,ema_d0.9999,0.01,0.0001,3.10434,0.08592,1839
8,20,star_sign,mlp_h16,0.001,0.0,1.76061,0.78793,1839
8,20,star_sign,mlp_h32,0.001,0.0,1.6439,0.96629,1839
8,20,star_sign,mlp_h64,0.001,0.0,1.62021,0.94725,1839
8,20,star_sign,mlp_h128,0.001,0.0,1.11283,0.99946,1839
8,20,star_sign,attention,0.0001,1e-05,1e-05,1.0,1839
8,20,star_sign,shuffled,0.01,0.0001,3.01722,0.07613,1839
8,24,age_bin,ema_lr1e-3,0.001,0.0001,1.64843,0.34475,1839
8,24,age_bin,ema_lr5e-3,0.005,0.0001,1.59928,0.34258,1839
8,24,age_bin,ema_lr1e-2,0.01,0.0001,1.42895,0.35019,1839
8,24,age_bin,ema_lr5e-2,0.05,0.0001,1.42505,0.36107,1839
8,24,age_bin,ema_lr1e-2_wd1e-3,0.01,0.001,1.42691,0.35672,1839
8,24,age_bin,ema_d0.99,0.01,0.0001,1.46822,0.33551,1839
8,24,age_bin,ema_d0.9999,0.01,0.0001,1.56429,0.36378,1839
8,24,age_bin,mlp_h16,0.001,0.0,1.12764,0.32626,1839
8,24,age_bin,mlp_h32,0.001,0.0,1.09528,0.37847,1839
8,24,age_bin,mlp_h64,0.001,0.0,1.07564,0.44263,1839
8,24,age_bin,mlp_h128,0.001,0.0,1.07924,0.46058,1839
8,24,age_bin,attention,0.0001,1e-05,3.77277,0.375,1839
8,24,age_bin,shuffled,0.01,0.0001,1.59471,0.31049,1839
8,24,gender,ema_lr1e-3,0.001,0.0001,1.06934,0.51278,1839
8,24,gender,ema_lr5e-3,0.005,0.0001,1.00014,0.50299,1839
8,24,gender,ema_lr1e-2,0.01,0.0001,1.00644,0.49864,1839
8,24,gender,ema_lr5e-2,0.05,0.0001,0.87065,0.51006,1839
8,24,gender,ema_lr1e-2_wd1e-3,0.01,0.001,0.91998,0.52855,1839
8,24,gender,ema_d0.99,0.01,0.0001,1.03151,0.50027,1839
8,24,gender,ema_d0.9999,0.01,0.0001,0.99689,0.50952,1839
8,24,gender,mlp_h16,0.001,0.0,0.67494,0.58075,1839
8,24,gender,mlp_h32,0.001,0.0,0.72288,0.52094,1839
8,24,gender,mlp_h64,0.001,0.0,0.70524,0.54595,1839
8,24,gender,mlp_h128,0.001,0.0,0.71413,0.56933,1839
8,24,gender,attention,0.0001,1e-05,1.83219,0.49219,1839
8,24,gender,shuffled,0.01,0.0001,0.94983,0.5106,1839
8,24,star_sign,ema_lr1e-3,0.001,0.0001,3.27816,0.087,1839
8,24,star_sign,ema_lr5e-3,0.005,0.0001,3.39207,0.06362,1839
8,24,star_sign,ema_lr1e-2,0.01,0.0001,3.30025,0.07776,1839
8,24,star_sign,ema_lr5e-2,0.05,0.0001,2.77709,0.1267,1839
8,24,star_sign,ema_lr1e-2_wd1e-3,0.01,0.001,3.28989,0.07558,1839
8,24,star_sign,ema_d0.99,0.01,0.0001,3.0771,0.09407,1839
8,24,star_sign,ema_d0.9999,0.01,0.0001,3.18461,0.09897,1839
8,24,star_sign,mlp_h16,0.001,0.0,2.62428,0.0,1839
8,24,star_sign,mlp_h32,0.001,0.0,1.98225,0.56063,1839
8,24,star_sign,mlp_h64,0.001,0.0,1.47021,0.93583,1839
8,24,star_sign,mlp_h128,0.001,0.0,1.23801,0.99674,1839
8,24,star_sign,attention,0.0001,1e-05,0.43695,0.89062,1839
8,24,star_sign,shuffled,0.01,0.0001,3.06971,0.07558,1839
9,0,age_bin,ema_lr1e-3,0.001,0.0001,1.60156,0.31798,2041
9,0,age_bin,ema_lr5e-3,0.005,0.0001,1.58229,0.30132,2041
9,0,age_bin,ema_lr1e-2,0.01,0.0001,1.46722,0.32141,2041
9,0,age_bin,ema_lr5e-2,0.05,0.0001,1.35134,0.33513,2041
9,0,age_bin,ema_lr1e-2_wd1e-3,0.01,0.001,1.53617,0.33366,2041
9,0,age_bin,ema_d0.99,0.01,0.0001,1.51199,0.30573,2041
9,0,age_bin,ema_d0.9999,0.01,0.0001,1.4622,0.35669,2041
9,0,age_bin,mlp_h16,0.001,0.0,1.0192,0.54434,2041
9,0,age_bin,mlp_h32,0.001,0.0,1.00384,0.57374,2041
9,0,age_bin,mlp_h64,0.001,0.0,1.00574,0.56884,2041
9,0,age_bin,mlp_h128,0.001,0.0,1.01009,0.561,2041
9,0,age_bin,attention,0.0001,1e-05,1.09329,0.54688,2041
9,0,age_bin,shuffled,0.01,0.0001,1.43637,0.34885,2041
9,0,gender,ema_lr1e-3,0.001,0.0001,1.08711,0.50465,2041
9,0,gender,ema_lr5e-3,0.005,0.0001,0.97131,0.50857,2041
9,0,gender,ema_lr1e-2,0.01,0.0001,0.95996,0.512,2041
9,0,gender,ema_lr5e-2,0.05,0.0001,0.83899,0.51445,2041
9,0,gender,ema_lr1e-2_wd1e-3,0.01,0.001,0.97869,0.48702,2041
9,0,gender,ema_d0.99,0.01,0.0001,0.96601,0.49045,2041
9,0,gender,ema_d0.9999,0.01,0.0001,0.9989,0.49633,2041
9,0,gender,mlp_h16,0.001,0.0,0.69238,0.54777,2041
9,0,gender,mlp_h32,0.001,0.0,0.6872,0.55022,2041
9,0,gender,mlp_h64,0.001,0.0,0.68636,0.56198,2041
9,0,gender,mlp_h128,0.001,0.0,0.68856,0.56149,2041
9,0,gender,attention,0.0001,1e-05,0.69285,0.49219,2041
9,0,gender,shuffled,0.01,0.0001,0.98248,0.512,2041
9,0,star_sign,ema_lr1e-3,0.001,0.0001,3.29604,0.08525,2041
9,0,star_sign,ema_lr5e-3,0.005,0.0001,3.13452,0.07153,2041
9,0,star_sign,ema_lr1e-2,0.01,0.0001,3.1345,0.0877,2041
9,0,star_sign,ema_lr5e-2,0.05,0.0001,2.64495,0.14356,2041
9,0,star_sign,ema_lr1e-2_wd1e-3,0.01,0.001,3.09156,0.11906,2041
9,0,star_sign,ema_d0.99,0.01,0.0001,3.15115,0.11612,2041
9,0,star_sign,ema_d0.9999,0.01,0.0001,3.10531,0.10093,2041
9,0,star_sign,mlp_h16,0.001,0.0,2.03088,0.32876,2041
9,0,star_sign,mlp_h32,0.001,0.0,1.6191,0.82803,2041
9,0,star_sign,mlp_h64,0.001,0.0,0.90012,0.99657,2041
9,0,star_sign,mlp_h128,0.001,0.0,0.74918,0.99804,2041
9,0,star_sign,attention,0.0001,1e-05,2.45516,0.99219,2041
9,0,star_sign,shuffled,0.01,0.0001,3.10274,0.07202,2041
9,4,age_bin,ema_lr1e-3,0.001,0.0001,1.39049,0.34591,2041
9,4,age_bin,ema_lr5e-3,0.005,0.0001,1.39492,0.30818,2041
9,4,age_bin,ema_lr1e-2,0.01,0.0001,1.33865,0.31847,2041
9,4,age_bin,ema_lr5e-2,0.05,0.0001,1.90777,0.2538,2041
9,4,age_bin,ema_lr1e-2_wd1e-3,0.01,0.001,1.30967,0.34591,2041
9,4,age_bin,ema_d0.99,0.01,0.0001,1.34278,0.32778,2041
9,4,age_bin,ema_d0.9999,0.01,0.0001,1.30354,0.34885,2041
9,4,age_bin,mlp_h16,0.001,0.0,1.02189,0.5708,2041
9,4,age_bin,mlp_h32,0.001,0.0,0.9989,0.5757,2041
9,4,age_bin,mlp_h64,0.001,0.0,1.00711,0.55512,2041
9,4,age_bin,mlp_h128,0.001,0.0,1.05647,0.55365,2041
9,4,age_bin,attention,0.0001,1e-05,1.02654,0.53125,2041
9,4,age_bin,shuffled,0.01,0.0001,1.28969,0.3464,2041
9,4,gender,ema_lr1e-3,0.001,0.0001,0.84933,0.49535,2041
9,4,gender,ema_lr5e-3,0.005,0.0001,0.91668,0.47575,2041
9,4,gender,ema_lr1e-2,0.01,0.0001,0.85483,0.49731,2041
9,4,gender,ema_lr5e-2,0.05,0.0001,1.67445,0.55806,2041
9,4,gender,ema_lr1e-2_wd1e-3,0.01,0.001,0.84678,0.50955,2041
9,4,gender,ema_d0.99,0.01,0.0001,0.8242,0.52278,2041
9,4,gender,ema_d0.9999,0.01,0.0001,0.82249,0.51102,2041
9,4,gender,mlp_h16,0.001,0.0,0.68756,0.54728,2041
9,4,gender,mlp_h32,0.001,0.0,0.68742,0.55071,2041
9,4,gender,mlp_h64,0.001,0.0,0.68712,0.56786,2041
9,4,gender,mlp_h128,0.001,0.0,0.70573,0.54287,2041
9,4,gender,attention,0.0001,1e-05,3.40751,0.49219,2041
9,4,gender,shuffled,0.01,0.0001,0.86958,0.49486,2041
9,4,star_sign,ema_lr1e-3,0.001,0.0001,2.97075,0.05194,2041
9,4,star_sign,ema_lr5e-3,0.005,0.0001,2.88548,0.07692,2041
9,4,star_sign,ema_lr1e-2,0.01,0.0001,2.81897,0.07594,2041
9,4,star_sign,ema_lr5e-2,0.05,0.0001,2.45452,0.2489,2041
9,4,star_sign,ema_lr1e-2_wd1e-3,0.01,0.001,2.86462,0.07496,2041
9,4,star_sign,ema_d0.99,0.01,0.0001,2.80146,0.07545,2041
9,4,star_sign,ema_d0.9999,0.01,0.0001,2.74722,0.09848,2041
9,4,star_sign,mlp_h16,0.001,0.0,1.17524,0.93729,2041
9,4,star_sign,mlp_h32,0.001,0.0,1.0924,1.0,2041
9,4,star_sign,mlp_h64,0.001,0.0,0.80181,1.0,2041
9,4,star_sign,mlp_h128,0.001,0.0,0.32073,1.0,2041
9,4,star_sign,attention,0.0001,1e-05,1.96636,0.90625,2041
9,4,star_sign,shuffled,0.01,0.0001,2.79119,0.11122,2041
9,8,age_bin,ema_lr1e-3,0.001,0.0001,1.36115,0.3464,2041
9,8,age_bin,ema_lr5e-3,0.005,0.0001,1.36868,0.33366,2041
9,8,age_bin,ema_lr1e-2,0.01,0.0001,1.33874,0.34003,2041
9,8,age_bin,ema_lr5e-2,0.05,0.0001,1.61276,0.488,2041
9,8,age_bin,ema_lr1e-2_wd1e-3,0.01,0.001,1.3541,0.34738,2041
9,8,age_bin,ema_d0.99,0.01,0.0001,1.34487,0.31161,2041
9,8,age_bin,ema_d0.9999,0.01,0.0001,1.3243,0.35375,2041
9,8,age_bin,mlp_h16,0.001,0.0,1.02218,0.55169,2041
9,8,age_bin,mlp_h32,0.001,0.0,0.99179,0.57521,2041
9,8,age_bin,mlp_h64,0.001,0.0,0.99359,0.55414,2041
9,8,age_bin,mlp_h128,0.001,0.0,1.0353,0.57374,2041
9,8,age_bin,attention,0.0001,1e-05,1.20917,0.21094,2041
9,8,age_bin,shuffled,0.01,0.0001,1.31513,0.33366,2041
9,8,gender,ema_lr1e-3,0.001,0.0001,0.9021,0.49829,2041
9,8,gender,ema_lr5e-3,0.005,0.0001,0.89679,0.49094,2041
9,8,gender,ema_lr1e-2,0.01,0.0001,0.82968,0.51592,2041
9,8,gender,ema_lr5e-2,0.05,0.0001,1.57076,0.55414,2041
9,8,gender,ema_lr1e-2_wd1e-3,0.01,0.001,0.87236,0.4929,2041
9,8,gender,ema_d0.99,0.01,0.0001,0.87204,0.49633,2041
9,8,gender,ema_d0.9999,0.01,0.0001,0.85716,0.51347,2041
9,8,gender,mlp_h16,0.001,0.0,0.67716,0.57815,2041
9,8,gender,mlp_h32,0.001,0.0,0.67731,0.57668,2041
9,8,gender,mlp_h64,0.001,0.0,0.67811,0.5708,2041
9,8,gender,mlp_h128,0.001,0.0,0.66904,0.60363,2041
9,8,gender,attention,0.0001,1e-05,41.59081,0.50781,2041
9,8,gender,shuffled,0.01,0.0001,0.84405,0.49633,2041
9,8,star_sign,ema_lr1e-3,0.001,0.0001,2.99014,0.05683,2041
9,8,star_sign,ema_lr5e-3,0.005,0.0001,2.88955,0.0926,2041
9,8,star_sign,ema_lr1e-2,0.01,0.0001,2.76968,0.09015,2041
9,8,star_sign,ema_lr5e-2,0.05,0.0001,2.5464,0.18569,2041
9,8,star_sign,ema_lr1e-2_wd1e-3,0.01,0.001,2.73751,0.10044,2041
9,8,star_sign,ema_d0.99,0.01,0.0001,2.78512,0.10681,2041
9,8,star_sign,ema_d0.9999,0.01,0.0001,2.77576,0.09603,2041
9,8,star_sign,mlp_h16,0.001,0.0,2.32585,0.06271,2041
9,8,star_sign,mlp_h32,0.001,0.0,1.1426,0.99902,2041
9,8,star_sign,mlp_h64,0.001,0.0,0.76438,1.0,2041
9,8,star_sign,mlp_h128,0.001,0.0,0.24176,1.0,2041
9,8,star_sign,attention,0.0001,1e-05,1.65821,0.99219,2041
9,8,star_sign,shuffled,0.01,0.0001,2.81647,0.09946,2041
9,12,age_bin,ema_lr1e-3,0.001,0.0001,1.38746,0.34983,2041
9,12,age_bin,ema_lr5e-3,0.005,0.0001,1.33653,0.33562,2041
9,12,age_bin,ema_lr1e-2,0.01,0.0001,1.3458,0.32631,2041
9,12,age_bin,ema_lr5e-2,0.05,0.0001,1.69202,0.30671,2041
9,12,age_bin,ema_lr1e-2_wd1e-3,0.01,0.001,1.36318,0.32631,2041
9,12,age_bin,ema_d0.99,0.01,0.0001,1.28994,0.37874,2041
9,12,age_bin,ema_d0.9999,0.01,0.0001,1.39248,0.32533,2041
9,12,age_bin,mlp_h16,0.001,0.0,1.11171,0.24253,2041
9,12,age_bin,mlp_h32,0.001,0.0,1.00343,0.55904,2041
9,12,age_bin,mlp_h64,0.001,0.0,0.98262,0.57521,2041
9,12,age_bin,mlp_h128,0.001,0.0,1.00588,0.56541,2041
9,12,age_bin,attention,0.0001,1e-05,1.18053,0.26562,2041
9,12,age_bin,shuffled,0.01,0.0001,1.32871,0.35718,2041
9,12,gender,ema_lr1e-3,0.001,0.0001,0.84965,0.50073,2041
9,12,gender,ema_lr5e-3,0.005,0.0001,0.84934,0.50073,2041
9,12,gender,ema_lr1e-2,0.01,0.0001,0.88144,0.50465,2041
9,12,gender,ema_lr5e-2,0.05,0.0001,1.4832,0.55904,2041
9,12,gender,ema_lr1e-2_wd1e-3,0.01,0.001,0.88101,0.48898,2041
9,12,gender,ema_d0.99,0.01,0.0001,0.83153,0.52719,2041
9,12,gender,ema_d0.9999,0.01,0.0001,0.85177,0.50759,2041
9,12,gender,mlp_h16,0.001,0.0,0.67566,0.58207,2041
9,12,gender,mlp_h32,0.001,0.0,0.68719,0.55806,2041
9,12,gender,mlp_h64,0.001,0.0,0.67918,0.5855,2041
9,12,gender,mlp_h128,0.001,0.0,0.69504,0.55806,2041
9,12,gender,attention,0.0001,1e-05,0.72015,0.46094,2041
9,12,gender,shuffled,0.01,0.0001,0.85543,0.51396,2041
9,12,star_sign,ema_lr1e-3,0.001,0.0001,3.05211,0.04998,2041
9,12,star_sign,ema_lr5e-3,0.005,0.0001,2.86984,0.09897,2041
9,12,star_sign,ema_lr1e-2,0.01,0.0001,2.74658,0.10485,2041
9,12,star_sign,ema_lr5e-2,0.05,0.0001,2.46071,0.21803,2041
9,12,star_sign,ema_lr1e-2_wd1e-3,0.01,0.001,2.82048,0.06957,2041
9,12,star_sign,ema_d0.99,0.01,0.0001,2.74271,0.07888,2041
9,12,star_sign,ema_d0.9999,0.01,0.0001,2.85291,0.08868,2041
9,12,star_sign,mlp_h16,0.001,0.0,1.26198,0.97599,2041
9,12,star_sign,mlp_h32,0.001,0.0,0.99403,1.0,2041
9,12,star_sign,mlp_h64,0.001,0.0,0.79219,1.0,2041
9,12,star_sign,mlp_h128,0.001,0.0,0.23984,1.0,2041
9,12,star_sign,attention,0.0001,1e-05,0.00439,1.0,2041
9,12,star_sign,shuffled,0.01,0.0001,2.74834,0.11612,2041
9,16,age_bin,ema_lr1e-3,0.001,0.0001,1.57414,0.36796,2041
9,16,age_bin,ema_lr5e-3,0.005,0.0001,1.39456,0.33905,2041
9,16,age_bin,ema_lr1e-2,0.01,0.0001,1.40832,0.3317,2041
9,16,age_bin,ema_lr5e-2,0.05,0.0001,1.6532,0.46056,2041
9,16,age_bin,ema_lr1e-2_wd1e-3,0.01,0.001,1.35881,0.34983,2041
9,16,age_bin,ema_d0.99,0.01,0.0001,1.38866,0.33905,2041
9,16,age_bin,ema_d0.9999,0.01,0.0001,1.34521,0.33856,2041
9,16,age_bin,mlp_h16,0.001,0.0,0.99903,0.5708,2041
9,16,age_bin,mlp_h32,0.001,0.0,0.99341,0.56247,2041
9,16,age_bin,mlp_h64,0.001,0.0,0.9977,0.55561,2041
9,16,age_bin,mlp_h128,0.001,0.0,1.00848,0.53895,2041
9,16,age_bin,attention,0.0001,1e-05,1.0267,0.52344,2041
9,16,age_bin,shuffled,0.01,0.0001,1.40241,0.32876,2041
9,16,gender,ema_lr1e-3,0.001,0.0001,0.92862,0.50171,2041
9,16,gender,ema_lr5e-3,0.005,0.0001,0.93826,0.50024,2041
9,16,gender,ema_lr1e-2,0.01,0.0001,0.87766,0.50171,2041
9,16,gender,ema_lr5e-2,0.05,0.0001,1.34701,0.57864,2041
9,16,gender,ema_lr1e-2_wd1e-3,0.01,0.001,0.8506,0.5169,2041
9,16,gender,ema_d0.99,0.01,0.0001,0.85631,0.50955,2041
9,16,gender,ema_d0.9999,0.01,0.0001,0.87098,0.5218,2041
9,16,gender,mlp_h16,0.001,0.0,0.67686,0.57668,2041
9,16,gender,mlp_h32,0.001,0.0,0.67282,0.57521,2041
9,16,gender,mlp_h64,0.001,0.0,0.67433,0.61685,2041
9,16,gender,mlp_h128,0.001,0.0,0.66473,0.60657,2041
9,16,gender,attention,0.0001,1e-05,18.82901,0.50781,2041
9,16,gender,shuffled,0.01,0.0001,0.85924,0.50465,2041
9,16,star_sign,ema_lr1e-3,0.001,0.0001,3.07208,0.08378,2041
9,16,star_sign,ema_lr5e-3,0.005,0.0001,3.03502,0.08035,2041
9,16,star_sign,ema_lr1e-2,0.01,0.0001,2.88741,0.08231,2041
9,16,star_sign,ema_lr5e-2,0.05,0.0001,2.47763,0.1661,2041
9,16,star_sign,ema_lr1e-2_wd1e-3,0.01,0.001,2.90695,0.11906,2041
9,16,star_sign,ema_d0.99,0.01,0.0001,2.8649,0.08525,2041
9,16,star_sign,ema_d0.9999,0.01,0.0001,2.89353,0.1073,2041
9,16,star_sign,mlp_h16,0.001,0.0,2.17249,0.06271,2041
9,16,star_sign,mlp_h32,0.001,0.0,0.97998,0.99853,2041
9,16,star_sign,mlp_h64,0.001,0.0,0.68576,1.0,2041
9,16,star_sign,mlp_h128,0.001,0.0,0.63817,1.0,2041
9,16,star_sign,attention,0.0001,1e-05,1.03909,1.0,2041
9,16,star_sign,shuffled,0.01,0.0001,2.88399,0.10632,2041
9,20,age_bin,ema_lr1e-3,0.001,0.0001,1.61542,0.33268,2041
9,20,age_bin,ema_lr5e-3,0.005,0.0001,1.51053,0.3317,2041
9,20,age_bin,ema_lr1e-2,0.01,0.0001,1.48868,0.31406,2041
9,20,age_bin,ema_lr5e-2,0.05,0.0001,1.47786,0.39245,2041
9,20,age_bin,ema_lr1e-2_wd1e-3,0.01,0.001,1.51957,0.32974,2041
9,20,age_bin,ema_d0.99,0.01,0.0001,1.43578,0.34885,2041
9,20,age_bin,ema_d0.9999,0.01,0.0001,1.44899,0.34836,2041
9,20,age_bin,mlp_h16,0.001,0.0,1.04019,0.4978,2041
9,20,age_bin,mlp_h32,0.001,0.0,1.01012,0.53895,2041
9,20,age_bin,mlp_h64,0.001,0.0,0.99053,0.57227,2041
9,20,age_bin,mlp_h128,0.001,0.0,0.99434,0.54728,2041
9,20,age_bin,attention,0.0001,1e-05,23.77303,0.25781,2041
9,20,age_bin,shuffled,0.01,0.0001,1.43334,0.33954,2041
9,20,gender,ema_lr1e-3,0.001,0.0001,0.99957,0.50906,2041
9,20,gender,ema_lr5e-3,0.005,0.0001,0.97704,0.52082,2041
9,20,gender,ema_lr1e-2,0.01,0.0001,0.98134,0.49241,2041
9,20,gender,ema_lr5e-2,0.05,0.0001,1.05985,0.55757,2041
9,20,gender,ema_lr1e-2_wd1e-3,0.01,0.001,0.93509,0.5071,2041
9,20,gender,ema_d0.99,0.01,0.0001,0.98125,0.48751,2041
9,20,gender,ema_d0.9999,0.01,0.0001,0.97015,0.49388,2041
9,20,gender,mlp_h16,0.001,0.0,0.70122,0.50759,2041
9,20,gender,mlp_h32,0.001,0.0,0.67741,0.57521,2041
9,20,gender,mlp_h64,0.001,0.0,0.67164,0.58648,2041
9,20,gender,mlp_h128,0.001,0.0,0.69155,0.56933,2041
9,20,gender,attention,0.0001,1e-05,0.76471,0.49219,2041
9,20,gender,shuffled,0.01,0.0001,0.91734,0.512,2041
9,20,star_sign,ema_lr1e-3,0.001,0.0001,3.20508,0.07741,2041
9,20,star_sign,ema_lr5e-3,0.005,0.0001,3.0887,0.09162,2041
9,20,star_sign,ema_lr1e-2,0.01,0.0001,3.05537,0.09358,2041
9,20,star_sign,ema_lr5e-2,0.05,0.0001,2.58474,0.20382,2041
9,20,star_sign,ema_lr1e-2_wd1e-3,0.01,0.001,3.11477,0.10387,2041
9,20,star_sign,ema_d0.99,0.01,0.0001,2.98168,0.09946,2041
9,20,star_sign,ema_d0.9999,0.01,0.0001,3.12017,0.08133,2041
9,20,star_sign,mlp_h16,0.001,0.0,1.67577,0.83635,2041
9,20,star_sign,mlp_h32,0.001,0.0,1.54982,0.98579,2041
9,20,star_sign,mlp_h64,0.001,0.0,1.48988,0.97746,2041
9,20,star_sign,mlp_h128,0.001,0.0,0.89509,1.0,2041
9,20,star_sign,attention,0.0001,1e-05,0.0,1.0,2041
9,20,star_sign,shuffled,0.01,0.0001,3.01818,0.0877,2041
9,24,age_bin,ema_lr1e-3,0.001,0.0001,1.64792,0.32288,2041
9,24,age_bin,ema_lr5e-3,0.005,0.0001,1.54123,0.34199,2041
9,24,age_bin,ema_lr1e-2,0.01,0.0001,1.45413,0.35865,2041
9,24,age_bin,ema_lr5e-2,0.05,0.0001,1.39329,0.35571,2041
9,24,age_bin,ema_lr1e-2_wd1e-3,0.01,0.001,1.59788,0.31896,2041
9,24,age_bin,ema_d0.99,0.01,0.0001,1.48969,0.34542,2041
9,24,age_bin,ema_d0.9999,0.01,0.0001,1.58219,0.33856,2041
9,24,age_bin,mlp_h16,0.001,0.0,1.15173,0.24988,2041
9,24,age_bin,mlp_h32,0.001,0.0,1.08232,0.41009,2041
9,24,age_bin,mlp_h64,0.001,0.0,1.01331,0.53748,2041
9,24,age_bin,mlp_h128,0.001,0.0,1.00591,0.54287,2041
9,24,age_bin,attention,0.0001,1e-05,3.75373,0.375,2041
9,24,age_bin,shuffled,0.01,0.0001,1.46415,0.33366,2041
9,24,gender,ema_lr1e-3,0.001,0.0001,1.00805,0.50269,2041
9,24,gender,ema_lr5e-3,0.005,0.0001,1.02878,0.48996,2041
9,24,gender,ema_lr1e-2,0.01,0.0001,1.01814,0.488,2041
9,24,gender,ema_lr5e-2,0.05,0.0001,0.77413,0.57031,2041
9,24,gender,ema_lr1e-2_wd1e-3,0.01,0.001,0.86213,0.5659,2041
9,24,gender,ema_d0.99,0.01,0.0001,0.96991,0.51837,2041
9,24,gender,ema_d0.9999,0.01,0.0001,0.89351,0.53993,2041
9,24,gender,mlp_h16,0.001,0.0,0.6579,0.6051,2041
9,24,gender,mlp_h32,0.001,0.0,0.67102,0.59481,2041
9,24,gender,mlp_h64,0.001,0.0,0.65432,0.60804,2041
9,24,gender,mlp_h128,0.001,0.0,0.64961,0.62714,2041
9,24,gender,attention,0.0001,1e-05,1.83205,0.57031,2041
9,24,gender,shuffled,0.01,0.0001,0.91397,0.51592,2041
9,24,star_sign,ema_lr1e-3,0.001,0.0001,3.3159,0.07888,2041
9,24,star_sign,ema_lr5e-3,0.005,0.0001,3.1689,0.09309,2041
9,24,star_sign,ema_lr1e-2,0.01,0.0001,3.12448,0.09995,2041
9,24,star_sign,ema_lr5e-2,0.05,0.0001,2.64781,0.14601,2041
9,24,star_sign,ema_lr1e-2_wd1e-3,0.01,0.001,3.1141,0.09015,2041
9,24,star_sign,ema_d0.99,0.01,0.0001,3.11472,0.09799,2041
9,24,star_sign,ema_d0.9999,0.01,0.0001,3.11044,0.11318,2041
9,24,star_sign,mlp_h16,0.001,0.0,2.60407,0.0,2041
9,24,star_sign,mlp_h32,0.001,0.0,1.89853,0.65997,2041
9,24,star_sign,mlp_h64,0.001,0.0,1.3769,0.95933,2041
9,24,star_sign,mlp_h128,0.001,0.0,1.14578,0.99951,2041
9,24,star_sign,attention,0.0001,1e-05,0.22104,0.94531,2041
9,24,star_sign,shuffled,0.01,0.0001,3.09909,0.08133,2041
10,0,age_bin,ema_lr1e-3,0.001,0.0001,1.60506,0.34121,1946
10,0,age_bin,ema_lr5e-3,0.005,0.0001,1.54341,0.32528,1946
10,0,age_bin,ema_lr1e-2,0.01,0.0001,1.48928,0.3258,1946
10,0,age_bin,ema_lr5e-2,0.05,0.0001,1.33275,0.36999,1946
10,0,age_bin,ema_lr1e-2_wd1e-3,0.01,0.001,1.51421,0.3407,1946
10,0,age_bin,ema_d0.99,0.01,0.0001,1.48481,0.34378,1946
10,0,age_bin,ema_d0.9999,0.01,0.0001,1.44074,0.3335,1946
10,0,age_bin,mlp_h16,0.001,0.0,1.07055,0.45889,1946
10,0,age_bin,mlp_h32,0.001,0.0,1.07781,0.47533,1946
10,0,age_bin,mlp_h64,0.001,0.0,1.07138,0.47328,1946
10,0,age_bin,mlp_h128,0.001,0.0,1.06448,0.47174,1946
10,0,age_bin,attention,0.0001,1e-05,1.0947,0.48438,1946
10,0,age_bin,shuffled,0.01,0.0001,1.42051,0.32837,1946
10,0,gender,ema_lr1e-3,0.001,0.0001,1.10624,0.4851,1946
10,0,gender,ema_lr5e-3,0.005,0.0001,0.98205,0.49486,1946
10,0,gender,ema_lr1e-2,0.01,0.0001,0.98098,0.48818,1946
10,0,gender,ema_lr5e-2,0.05,0.0001,0.83871,0.50668,1946
10,0,gender,ema_lr1e-2_wd1e-3,0.01,0.001,0.95517,0.50257,1946
10,0,gender,ema_d0.99,0.01,0.0001,1.00193,0.49024,1946
10,0,gender,ema_d0.9999,0.01,0.0001,0.99898,0.48818,1946
10,0,gender,mlp_h16,0.001,0.0,0.69655,0.52312,1946
10,0,gender,mlp_h32,0.001,0.0,0.69776,0.53186,1946
10,0,gender,mlp_h64,0.001,0.0,0.7061,0.51953,1946
10,0,gender,mlp_h128,0.001,0.0,0.70507,0.53392,1946
10,0,gender,attention,0.0001,1e-05,0.69263,0.53125,1946
10,0,gender,shuffled,0.01,0.0001,0.98694,0.51593,1946
10,0,star_sign,ema_lr1e-3,0.001,0.0001,3.32159,0.08941,1946
10,0,star_sign,ema_lr5e-3,0.005,0.0001,3.13205,0.08736,1946
10,0,star_sign,ema_lr1e-2,0.01,0.0001,3.08004,0.07246,1946
10,0,star_sign,ema_lr5e-2,0.05,0.0001,2.57505,0.19733,1946
10,0,star_sign,ema_lr1e-2_wd1e-3,0.01,0.001,3.03552,0.12179,1946
10,0,star_sign,ema_d0.99,0.01,0.0001,3.15045,0.12025,1946
10,0,star_sign,ema_d0.9999,0.01,0.0001,3.07245,0.10586,1946
10,0,star_sign,mlp_h16,0.001,0.0,1.95636,0.39003,1946
10,0,star_sign,mlp_h32,0.001,0.0,1.53076,0.86845,1946
10,0,star_sign,mlp_h64,0.001,0.0,0.78458,0.99897,1946
10,0,star_sign,mlp_h128,0.001,0.0,0.61106,0.99897,1946
10,0,star_sign,attention,0.0001,1e-05,2.45217,1.0,1946
10,0,star_sign,shuffled,0.01,0.0001,3.03748,0.07297,1946
10,4,age_bin,ema_lr1e-3,0.001,0.0001,1.44578,0.3186,1946
10,4,age_bin,ema_lr5e-3,0.005,0.0001,1.32147,0.35457,1946
10,4,age_bin,ema_lr1e-2,0.01,0.0001,1.39429,0.30062,1946
10,4,age_bin,ema_lr5e-2,0.05,0.0001,1.90242,0.42035,1946
10,4,age_bin,ema_lr1e-2_wd1e-3,0.01,0.001,1.35881,0.29908,1946
10,4,age_bin,ema_d0.99,0.01,0.0001,1.29394,0.35663,1946
10,4,age_bin,ema_d0.9999,0.01,0.0001,1.28071,0.36639,1946
10,4,age_bin,mlp_h16,0.001,0.0,1.05759,0.47585,1946
10,4,age_bin,mlp_h32,0.001,0.0,1.06181,0.47533,1946
10,4,age_bin,mlp_h64,0.001,0.0,1.06664,0.47482,1946
10,4,age_bin,mlp_h128,0.001,0.0,1.06972,0.46557,1946
10,4,age_bin,attention,0.0001,1e-05,1.06435,0.46875,1946
10,4,age_bin,shuffled,0.01,0.0001,1.31308,0.32734,1946
10,4,gender,ema_lr1e-3,0.001,0.0001,0.86579,0.49743,1946
10,4,gender,ema_lr5e-3,0.005,0.0001,0.84455,0.50976,1946
10,4,gender,ema_lr1e-2,0.01,0.0001,0.8843,0.47585,1946
10,4,gender,ema_lr5e-2,0.05,0.0001,1.123,0.48869,1946
10,4,gender,ema_lr1e-2_wd1e-3,0.01,0.001,0.85149,0.50668,1946
10,4,gender,ema_d0.99,0.01,0.0001,0.83881,0.50308,1946
10,4,gender,ema_d0.9999,0.01,0.0001,0.83108,0.52364,1946
10,4,gender,mlp_h16,0.001,0.0,0.69636,0.52467,1946
10,4,gender,mlp_h32,0.001,0.0,0.69894,0.53186,1946
10,4,gender,mlp_h64,0.001,0.0,0.7132,0.5185,1946
10,4,gender,mlp_h128,0.001,0.0,0.6992,0.54111,1946
10,4,gender,attention,0.0001,1e-05,3.93166,0.53125,1946
10,4,gender,shuffled,0.01,0.0001,0.87236,0.48767,1946
10,4,star_sign,ema_lr1e-3,0.001,0.0001,3.01114,0.05036,1946
10,4,star_sign,ema_lr5e-3,0.005,0.0001,2.90473,0.074,1946
10,4,star_sign,ema_lr1e-2,0.01,0.0001,2.81143,0.08993,1946
10,4,star_sign,ema_lr5e-2,0.05,0.0001,2.37899,0.20504,1946
10,4,star_sign,ema_lr1e-2_wd1e-3,0.01,0.001,2.77205,0.10689,1946
10,4,star_sign,ema_d0.99,0.01,0.0001,2.76576,0.08273,1946
10,4,star_sign,ema_d0.9999,0.01,0.0001,2.75299,0.08993,1946
10,4,star_sign,mlp_h16,0.001,0.0,1.05492,0.93371,1946
10,4,star_sign,mlp_h32,0.001,0.0,0.94233,1.0,1946
10,4,star_sign,mlp_h64,0.001,0.0,0.65242,1.0,1946
10,4,star_sign,mlp_h128,0.001,0.0,0.20744,1.0,1946
10,4,star_sign,attention,0.0001,1e-05,1.90797,0.96094,1946
10,4,star_sign,shuffled,0.01,0.0001,2.75106,0.12436,1946
10,8,age_bin,ema_lr1e-3,0.001,0.0001,1.44321,0.30216,1946
10,8,age_bin,ema_lr5e-3,0.005,0.0001,1.34697,0.3443,1946
10,8,age_bin,ema_lr1e-2,0.01,0.0001,1.2911,0.36896,1946
10,8,age_bin,ema_lr5e-2,0.05,0.0001,1.42003,0.32117,1946
10,8,age_bin,ema_lr1e-2_wd1e-3,0.01,0.001,1.31872,0.3628,1946
10,8,age_bin,ema_d0.99,0.01,0.0001,1.31916,0.32631,1946
10,8,age_bin,ema_d0.9999,0.01,0.0001,1.34686,0.33556,1946
10,8,age_bin,mlp_h16,0.001,0.0,1.0609,0.46197,1946
10,8,age_bin,mlp_h32,0.001,0.0,1.07437,0.47533,1946
10,8,age_bin,mlp_h64,0.001,0.0,1.08634,0.47174,1946
10,8,age_bin,mlp_h128,0.001,0.0,1.07711,0.47585,1946
10,8,age_bin,attention,0.0001,1e-05,1.16235,0.28125,1946
10,8,age_bin,shuffled,0.01,0.0001,1.31528,0.32939,1946
10,8,gender,ema_lr1e-3,0.001,0.0001,0.8747,0.51336,1946
10,8,gender,ema_lr5e-3,0.005,0.0001,0.86768,0.51439,1946
10,8,gender,ema_lr1e-2,0.01,0.0001,0.83954,0.51233,1946
10,8,gender,ema_lr5e-2,0.05,0.0001,1.03279,0.50565,1946
10,8,gender,ema_lr1e-2_wd1e-3,0.01,0.001,0.85545,0.50822,1946
10,8,gender,ema_d0.99,0.01,0.0001,0.82538,0.5221,1946
10,8,gender,ema_d0.9999,0.01,0.0001,0.81488,0.53032,1946
10,8,gender,mlp_h16,0.001,0.0,0.69168,0.53083,1946
10,8,gender,mlp_h32,0.001,0.0,0.68722,0.53083,1946
10,8,gender,mlp_h64,0.001,0.0,0.69372,0.53597,1946
10,8,gender,mlp_h128,0.001,0.0,0.71961,0.52878,1946
10,8,gender,attention,0.0001,1e-05,42.56956,0.46875,1946
10,8,gender,shuffled,0.01,0.0001,0.84108,0.50565,1946
10,8,star_sign,ema_lr1e-3,0.001,0.0001,2.92621,0.06475,1946
10,8,star_sign,ema_lr5e-3,0.005,0.0001,2.86037,0.10997,1946
10,8,star_sign,ema_lr1e-2,0.01,0.0001,2.76354,0.08068,1946
10,8,star_sign,ema_lr5e-2,0.05,0.0001,2.42823,0.20709,1946
10,8,star_sign,ema_lr1e-2_wd1e-3,0.01,0.001,2.82274,0.09353,1946
10,8,star_sign,ema_d0.99,0.01,0.0001,2.77514,0.09969,1946
10,8,star_sign,ema_d0.9999,0.01,0.0001,2.81112,0.09558,1946
10,8,star_sign,mlp_h16,0.001,0.0,2.28506,0.06578,1946
10,8,star_sign,mlp_h32,0.001,0.0,1.01523,0.99949,1946
10,8,star_sign,mlp_h64,0.001,0.0,0.62675,1.0,1946
10,8,star_sign,mlp_h128,0.001,0.0,0.16212,1.0,1946
10,8,star_sign,attention,0.0001,1e-05,1.57155,0.99219,1946
10,8,star_sign,shuffled,0.01,0.0001,2.79832,0.09096,1946
10,12,age_bin,ema_lr1e-3,0.001,0.0001,1.43752,0.31963,1946
10,12,age_bin,ema_lr5e-3,0.005,0.0001,1.31532,0.35098,1946
10,12,age_bin,ema_lr1e-2,0.01,0.0001,1.28872,0.35303,1946
10,12,age_bin,ema_lr5e-2,0.05,0.0001,1.32463,0.36485,1946
10,12,age_bin,ema_lr1e-2_wd1e-3,0.01,0.001,1.33219,0.33145,1946
10,12,age_bin,ema_d0.99,0.01,0.0001,1.32647,0.34635,1946
10,12,age_bin,ema_d0.9999,0.01,0.0001,1.37368,0.31552,1946
10,12,age_bin,mlp_h16,0.001,0.0,1.08813,0.32939,1946
10,12,age_bin,mlp_h32,0.001,0.0,1.07291,0.47482,1946
10,12,age_bin,mlp_h64,0.001,0.0,1.06903,0.47225,1946
10,12,age_bin,mlp_h128,0.001,0.0,1.06333,0.47122,1946
10,12,age_bin,attention,0.0001,1e-05,1.1713,0.35156,1946
10,12,age_bin,shuffled,0.01,0.0001,1.3548,0.34019,1946
10,12,gender,ema_lr1e-3,0.001,0.0001,0.86756,0.49692,1946
10,12,gender,ema_lr5e-3,0.005,0.0001,0.88926,0.46506,1946
10,12,gender,ema_lr1e-2,0.01,0.0001,0.85748,0.50771,1946
10,12,gender,ema_lr5e-2,0.05,0.0001,1.05234,0.50514,1946
10,12,gender,ema_lr1e-2_wd1e-3,0.01,0.001,0.8723,0.50925,1946
10,12,gender,ema_d0.99,0.01,0.0001,0.86908,0.49692,1946
10,12,gender,ema_d0.9999,0.01,0.0001,0.82511,0.53083,1946
10,12,gender,mlp_h16,0.001,0.0,0.68666,0.5483,1946
10,12,gender,mlp_h32,0.001,0.0,0.69498,0.52929,1946
10,12,gender,mlp_h64,0.001,0.0,0.68972,0.55807,1946
10,12,gender,mlp_h128,0.001,0.0,0.68382,0.56372,1946
10,12,gender,attention,0.0001,1e-05,0.69878,0.5,1946
10,12,gender,shuffled,0.01,0.0001,0.87512,0.49024,1946
10,12,star_sign,ema_lr1e-3,0.001,0.0001,3.09006,0.05601,1946
10,12,star_sign,ema_lr5e-3,0.005,0.0001,2.90694,0.07965,1946
10,12,star_sign,ema_lr1e-2,0.01,0.0001,2.74094,0.10946,1946
10,12,star_sign,ema_lr5e-2,0.05,0.0001,2.41999,0.17626,1946
10,12,star_sign,ema_lr1e-2_wd1e-3,0.01,0.001,2.78406,0.07657,1946
10,12,star_sign,ema_d0.99,0.01,0.0001,2.75351,0.08325,1946
10,12,star_sign,ema_d0.9999,0.01,0.0001,2.79335,0.08787,1946
10,12,star_sign,mlp_h16,0.001,0.0,1.17534,0.98613,1946
10,12,star_sign,mlp_h32,0.001,0.0,0.86911,1.0,1946
10,12,star_sign,mlp_h64,0.001,0.0,0.64029,1.0,1946
10,12,star_sign,mlp_h128,0.001,0.0,0.16207,1.0,1946
10,12,star_sign,attention,0.0001,1e-05,0.00014,1.0,1946
10,12,star_sign,shuffled,0.01,0.0001,2.80137,0.11254,1946
10,16,age_bin,ema_lr1e-3,0.001,0.0001,1.58819,0.32477,1946
10,16,age_bin,ema_lr5e-3,0.005,0.0001,1.38805,0.3556,1946
10,16,age_bin,ema_lr1e-2,0.01,0.0001,1.40331,0.33145,1946
10,16,age_bin,ema_lr5e-2,0.05,0.0001,1.72757,0.352,1946
10,16,age_bin,ema_lr1e-2_wd1e-3,0.01,0.001,1.37568,0.35766,1946
10,16,age_bin,ema_d0.99,0.01,0.0001,1.34875,0.352,1946
10,16,age_bin,ema_d0.9999,0.01,0.0001,1.36155,0.31089,1946
10,16,age_bin,mlp_h16,0.001,0.0,1.0613,0.47482,1946
10,16,age_bin,mlp_h32,0.001,0.0,1.06634,0.46608,1946
10,16,age_bin,mlp_h64,0.001,0.0,1.06637,0.46403,1946
10,16,age_bin,mlp_h128,0.001,0.0,1.07213,0.46506,1946
10,16,age_bin,attention,0.0001,1e-05,1.07257,0.48438,1946
10,16,age_bin,shuffled,0.01,0.0001,1.35308,0.34584,1946
10,16,gender,ema_lr1e-3,0.001,0.0001,0.85305,0.52929,1946
10,16,gender,ema_lr5e-3,0.005,0.0001,0.90834,0.49846,1946
10,16,gender,ema_lr1e-2,0.01,0.0001,0.85863,0.52056,1946
10,16,gender,ema_lr5e-2,0.05,0.0001,0.96849,0.52312,1946
10,16,gender,ema_lr1e-2_wd1e-3,0.01,0.001,0.93087,0.46968,1946
10,16,gender,ema_d0.99,0.01,0.0001,0.9186,0.4815,1946
10,16,gender,ema_d0.9999,0.01,0.0001,0.92008,0.4964,1946
10,16,gender,mlp_h16,0.001,0.0,0.69379,0.54471,1946
10,16,gender,mlp_h32,0.001,0.0,0.6826,0.56321,1946
10,16,gender,mlp_h64,0.001,0.0,0.68205,0.58222,1946
10,16,gender,mlp_h128,0.001,0.0,0.6853,0.58839,1946
10,16,gender,attention,0.0001,1e-05,17.87638,0.46875,1946
10,16,gender,shuffled,0.01,0.0001,0.86891,0.50565,1946
10,16,star_sign,ema_lr1e-3,0.001,0.0001,2.9531,0.07914,1946
10,16,star_sign,ema_lr5e-3,0.005,0.0001,2.91645,0.10483,1946
10,16,star_sign,ema_lr1e-2,0.01,0.0001,2.82358,0.08633,1946
10,16,star_sign,ema_lr5e-2,0.05,0.0001,2.44587,0.17883,1946
10,16,star_sign,ema_lr1e-2_wd1e-3,0.01,0.001,2.82085,0.15725,1946
10,16,star_sign,ema_d0.99,0.01,0.0001,2.85842,0.08376,1946
10,16,star_sign,ema_d0.9999,0.01,0.0001,2.84843,0.09096,1946
10,16,star_sign,mlp_h16,0.001,0.0,2.13618,0.06578,1946
10,16,star_sign,mlp_h32,0.001,0.0,0.85076,1.0,1946
10,16,star_sign,mlp_h64,0.001,0.0,0.55764,1.0,1946
10,16,star_sign,mlp_h128,0.001,0.0,0.48828,1.0,1946
10,16,star_sign,attention,0.0001,1e-05,0.95335,0.99219,1946
10,16,star_sign,shuffled,0.01,0.0001,2.93954,0.08479,1946
10,20,age_bin,ema_lr1e-3,0.001,0.0001,1.56915,0.3371,1946
10,20,age_bin,ema_lr5e-3,0.005,0.0001,1.53419,0.32528,1946
10,20,age_bin,ema_lr1e-2,0.01,0.0001,1.43927,0.3258,1946
10,20,age_bin,ema_lr5e-2,0.05,0.0001,1.32215,0.36382,1946
10,20,age_bin,ema_lr1e-2_wd1e-3,0.01,0.001,1.48704,0.32014,1946
10,20,age_bin,ema_d0.99,0.01,0.0001,1.34482,0.37307,1946
10,20,age_bin,ema_d0.9999,0.01,0.0001,1.51846,0.32477,1946
10,20,age_bin,mlp_h16,0.001,0.0,1.06325,0.44553,1946
10,20,age_bin,mlp_h32,0.001,0.0,1.06057,0.46506,1946
10,20,age_bin,mlp_h64,0.001,0.0,1.07084,0.4666,1946
10,20,age_bin,mlp_h128,0.001,0.0,1.06186,0.46917,1946
10,20,age_bin,attention,0.0001,1e-05,36.39736,0.21094,1946
10,20,age_bin,shuffled,0.01,0.0001,1.42667,0.32785,1946
10,20,gender,ema_lr1e-3,0.001,0.0001,1.02966,0.48458,1946
10,20,gender,ema_lr5e-3,0.005,0.0001,1.03913,0.47276,1946
10,20,gender,ema_lr1e-2,0.01,0.0001,0.86163,0.53083,1946
10,20,gender,ema_lr5e-2,0.05,0.0001,0.88284,0.50771,1946
10,20,gender,ema_lr1e-2_wd1e-3,0.01,0.001,0.91183,0.51285,1946
10,20,gender,ema_d0.99,0.01,0.0001,1.04757,0.45272,1946
10,20,gender,ema_d0.9999,0.01,0.0001,0.9252,0.53237,1946
10,20,gender,mlp_h16,0.001,0.0,0.68957,0.5519,1946
10,20,gender,mlp_h32,0.001,0.0,0.68877,0.54933,1946
10,20,gender,mlp_h64,0.001,0.0,0.68188,0.55139,1946
10,20,gender,mlp_h128,0.001,0.0,0.70961,0.55344,1946
10,20,gender,attention,0.0001,1e-05,0.70038,0.53125,1946
10,20,gender,shuffled,0.01,0.0001,0.92022,0.49178,1946
10,20,star_sign,ema_lr1e-3,0.001,0.0001,3.19597,0.08222,1946
10,20,star_sign,ema_lr5e-3,0.005,0.0001,3.09488,0.08839,1946
10,20,star_sign,ema_lr1e-2,0.01,0.0001,2.9907,0.10123,1946
10,20,star_sign,ema_lr5e-2,0.05,0.0001,2.60843,0.19681,1946
10,20,star_sign,ema_lr1e-2_wd1e-3,0.01,0.001,3.09853,0.08428,1946
10,20,star_sign,ema_d0.99,0.01,0.0001,2.91088,0.08839,1946
10,20,star_sign,ema_d0.9999,0.01,0.0001,3.11739,0.07914,1946
10,20,star_sign,mlp_h16,0.001,0.0,1.59756,0.88489,1946
10,20,star_sign,mlp_h32,0.001,0.0,1.46502,0.99281,1946
10,20,star_sign,mlp_h64,0.001,0.0,1.35688,0.99024,1946
10,20,star_sign,mlp_h128,0.001,0.0,0.75272,1.0,1946
10,20,star_sign,attention,0.0001,1e-05,0.0,1.0,1946
10,20,star_sign,shuffled,0.01,0.0001,3.0294,0.09558,1946
10,24,age_bin,ema_lr1e-3,0.001,0.0001,1.63237,0.33864,1946
10,24,age_bin,ema_lr5e-3,0.005,0.0001,1.60124,0.32837,1946
10,24,age_bin,ema_lr1e-2,0.01,0.0001,1.45664,0.35098,1946
10,24,age_bin,ema_lr5e-2,0.05,0.0001,1.44666,0.33659,1946
10,24,age_bin,ema_lr1e-2_wd1e-3,0.01,0.001,1.50462,0.3407,1946
10,24,age_bin,ema_d0.99,0.01,0.0001,1.4974,0.31449,1946
10,24,age_bin,ema_d0.9999,0.01,0.0001,1.50144,0.3371,1946
10,24,age_bin,mlp_h16,0.001,0.0,1.12879,0.30987,1946
10,24,age_bin,mlp_h32,0.001,0.0,1.10274,0.34635,1946
10,24,age_bin,mlp_h64,0.001,0.0,1.07138,0.43782,1946
10,24,age_bin,mlp_h128,0.001,0.0,1.08387,0.44142,1946
10,24,age_bin,attention,0.0001,1e-05,3.16617,0.44531,1946
10,24,age_bin,shuffled,0.01,0.0001,1.47621,0.33916,1946
10,24,gender,ema_lr1e-3,0.001,0.0001,1.01207,0.50771,1946
10,24,gender,ema_lr5e-3,0.005,0.0001,1.0236,0.47122,1946
10,24,gender,ema_lr1e-2,0.01,0.0001,0.95938,0.52569,1946
10,24,gender,ema_lr5e-2,0.05,0.0001,0.82879,0.54882,1946
10,24,gender,ema_lr1e-2_wd1e-3,0.01,0.001,0.92568,0.52775,1946
10,24,gender,ema_d0.99,0.01,0.0001,0.92599,0.54111,1946
10,24,gender,ema_d0.9999,0.01,0.0001,0.99251,0.51799,1946
10,24,gender,mlp_h16,0.001,0.0,0.67775,0.58376,1946
10,24,gender,mlp_h32,0.001,0.0,0.67686,0.56423,1946
10,24,gender,mlp_h64,0.001,0.0,0.67626,0.58376,1946
10,24,gender,mlp_h128,0.001,0.0,0.68007,0.59353,1946
10,24,gender,attention,0.0001,1e-05,1.49571,0.59375,1946
10,24,gender,shuffled,0.01,0.0001,0.95618,0.50976,1946
10,24,star_sign,ema_lr1e-3,0.001,0.0001,3.27124,0.0889,1946
10,24,star_sign,ema_lr5e-3,0.005,0.0001,3.12637,0.1259,1946
10,24,star_sign,ema_lr1e-2,0.01,0.0001,3.19255,0.10843,1946
10,24,star_sign,ema_lr5e-2,0.05,0.0001,2.72895,0.13361,1946
10,24,star_sign,ema_lr1e-2_wd1e-3,0.01,0.001,3.16968,0.08428,1946
10,24,star_sign,ema_d0.99,0.01,0.0001,3.07534,0.10791,1946
10,24,star_sign,ema_d0.9999,0.01,0.0001,3.25388,0.08633,1946
10,24,star_sign,mlp_h16,0.001,0.0,2.58115,0.0,1946
10,24,star_sign,mlp_h32,0.001,0.0,1.83773,0.69424,1946
10,24,star_sign,mlp_h64,0.001,0.0,1.26412,0.97071,1946
10,24,star_sign,mlp_h128,0.001,0.0,0.99001,1.0,1946
10,24,star_sign,attention,0.0001,1e-05,0.1629,0.94531,1946
10,24,star_sign,shuffled,0.01,0.0001,3.0321,0.09044,1946
11,0,age_bin,ema_lr1e-3,0.001,0.0001,1.60004,0.3274,1854
11,0,age_bin,ema_lr5e-3,0.005,0.0001,1.54625,0.33603,1854
11,0,age_bin,ema_lr1e-2,0.01,0.0001,1.52422,0.29558,1854
11,0,age_bin,ema_lr5e-2,0.05,0.0001,1.36031,0.33927,1854
11,0,age_bin,ema_lr1e-2_wd1e-3,0.01,0.001,1.4501,0.35653,1854
11,0,age_bin,ema_d0.99,0.01,0.0001,1.51699,0.33981,1854
11,0,age_bin,ema_d0.9999,0.01,0.0001,1.45134,0.33387,1854
11,0,age_bin,mlp_h16,0.001,0.0,1.11932,0.38943,1854
11,0,age_bin,mlp_h32,0.001,0.0,1.13005,0.39159,1854
11,0,age_bin,mlp_h64,0.001,0.0,1.1284,0.39482,1854
11,0,age_bin,mlp_h128,0.001,0.0,1.11934,0.39698,1854
11,0,age_bin,attention,0.0001,1e-05,1.09587,0.4375,1854
11,0,age_bin,shuffled,0.01,0.0001,1.42211,0.32255,1854
11,0,gender,ema_lr1e-3,0.001,0.0001,1.06909,0.51025,1854
11,0,gender,ema_lr5e-3,0.005,0.0001,0.97021,0.48921,1854
11,0,gender,ema_lr1e-2,0.01,0.0001,0.94163,0.50378,1854
11,0,gender,ema_lr5e-2,0.05,0.0001,0.83915,0.51187,1854
11,0,gender,ema_lr1e-2_wd1e-3,0.01,0.001,0.94846,0.48328,1854
11,0,gender,ema_d0.99,0.01,0.0001,0.92547,0.5027,1854
11,0,gender,ema_d0.9999,0.01,0.0001,0.95251,0.50809,1854
11,0,gender,mlp_h16,0.001,0.0,0.70576,0.50378,1854
11,0,gender,mlp_h32,0.001,0.0,0.70753,0.49568,1854
11,0,gender,mlp_h64,0.001,0.0,0.71597,0.50324,1854
11,0,gender,mlp_h128,0.001,0.0,0.71354,0.50593,1854
11,0,gender,attention,0.0001,1e-05,0.6941,0.46094,1854
11,0,gender,shuffled,0.01,0.0001,0.97087,0.51079,1854
11,0,star_sign,ema_lr1e-3,0.001,0.0001,3.27745,0.09493,1854
11,0,star_sign,ema_lr5e-3,0.005,0.0001,3.09065,0.10572,1854
11,0,star_sign,ema_lr1e-2,0.01,0.0001,3.04424,0.07174,1854
11,0,star_sign,ema_lr5e-2,0.05,0.0001,2.51063,0.29881,1854
11,0,star_sign,ema_lr1e-2_wd1e-3,0.01,0.001,3.00034,0.13484,1854
11,0,star_sign,ema_d0.99,0.01,0.0001,3.07227,0.1246,1854
11,0,star_sign,ema_d0.9999,0.01,0.0001,3.09803,0.11111,1854
11,0,star_sign,mlp_h16,0.001,0.0,1.88337,0.4493,1854
11,0,star_sign,mlp_h32,0.001,0.0,1.44729,0.89428,1854
11,0,star_sign,mlp_h64,0.001,0.0,0.68822,1.0,1854
11,0,star_sign,mlp_h128,0.001,0.0,0.4961,1.0,1854
11,0,star_sign,attention,0.0001,1e-05,2.45001,1.0,1854
11,0,star_sign,shuffled,0.01,0.0001,3.06166,0.06095,1854
11,4,age_bin,ema_lr1e-3,0.001,0.0001,1.42574,0.34142,1854
11,4,age_bin,ema_lr5e-3,0.005,0.0001,1.35277,0.32956,1854
11,4,age_bin,ema_lr1e-2,0.01,0.0001,1.31937,0.34574,1854
11,4,age_bin,ema_lr5e-2,0.05,0.0001,1.91964,0.29612,1854
11,4,age_bin,ema_lr1e-2_wd1e-3,0.01,0.001,1.32968,0.31715,1854
11,4,age_bin,ema_d0.99,0.01,0.0001,1.33577,0.31176,1854
11,4,age_bin,ema_d0.9999,0.01,0.0001,1.35455,0.3247,1854
11,4,age_bin,mlp_h16,0.001,0.0,1.10834,0.39213,1854
11,4,age_bin,mlp_h32,0.001,0.0,1.11412,0.39051,1854
11,4,age_bin,mlp_h64,0.001,0.0,1.15184,0.39213,1854
11,4,age_bin,mlp_h128,0.001,0.0,1.11367,0.39374,1854
11,4,age_bin,attention,0.0001,1e-05,1.08033,0.42188,1854
11,4,age_bin,shuffled,0.01,0.0001,1.29553,0.34898,1854
11,4,gender,ema_lr1e-3,0.001,0.0001,0.89045,0.49191,1854
11,4,gender,ema_lr5e-3,0.005,0.0001,0.8716,0.49083,1854
11,4,gender,ema_lr1e-2,0.01,0.0001,0.8281,0.5178,1854
11,4,gender,ema_lr5e-2,0.05,0.0001,1.64687,0.49083,1854
11,4,gender,ema_lr1e-2_wd1e-3,0.01,0.001,0.85466,0.51187,1854
11,4,gender,ema_d0.99,0.01,0.0001,0.83365,0.50324,1854
11,4,gender,ema_d0.9999,0.01,0.0001,0.86045,0.49407,1854
11,4,gender,mlp_h16,0.001,0.0,0.70531,0.49568,1854
11,4,gender,mlp_h32,0.001,0.0,0.70098,0.50216,1854
11,4,gender,mlp_h64,0.001,0.0,0.73082,0.49892,1854
11,4,gender,mlp_h128,0.001,0.0,0.7191,0.5,1854
11,4,gender,attention,0.0001,1e-05,5.0967,0.46875,1854
11,4,gender,shuffled,0.01,0.0001,0.84419,0.49407,1854
11,4,star_sign,ema_lr1e-3,0.001,0.0001,2.99131,0.05286,1854
11,4,star_sign,ema_lr5e-3,0.005,0.0001,2.87321,0.07713,1854
11,4,star_sign,ema_lr1e-2,0.01,0.0001,2.787,0.09439,1854
11,4,star_sign,ema_lr5e-2,0.05,0.0001,2.30273,0.22114,1854
11,4,star_sign,ema_lr1e-2_wd1e-3,0.01,0.001,2.74936,0.10734,1854
11,4,star_sign,ema_d0.99,0.01,0.0001,2.7499,0.08037,1854
11,4,star_sign,ema_d0.9999,0.01,0.0001,2.76285,0.08522,1854
11,4,star_sign,mlp_h16,0.001,0.0,0.95669,0.93096,1854
11,4,star_sign,mlp_h32,0.001,0.0,0.79769,1.0,1854
11,4,star_sign,mlp_h64,0.001,0.0,0.51955,1.0,1854
11,4,star_sign,mlp_h128,0.001,0.0,0.13151,1.0,1854
11,4,star_sign,attention,0.0001,1e-05,1.8541,0.98438,1854
11,4,star_sign,shuffled,0.01,0.0001,2.7412,0.10734,1854
11,8,age_bin,ema_lr1e-3,0.001,0.0001,1.38274,0.35383,1854
11,8,age_bin,ema_lr5e-3,0.005,0.0001,1.35472,0.34088,1854
11,8,age_bin,ema_lr1e-2,0.01,0.0001,1.31907,0.33981,1854
11,8,age_bin,ema_lr5e-2,0.05,0.0001,1.48511,0.35976,1854
11,8,age_bin,ema_lr1e-2_wd1e-3,0.01,0.001,1.34741,0.3301,1854
11,8,age_bin,ema_d0.99,0.01,0.0001,1.34913,0.33387,1854
11,8,age_bin,ema_d0.9999,0.01,0.0001,1.35899,0.32416,1854
11,8,age_bin,mlp_h16,0.001,0.0,1.10425,0.39051,1854
11,8,age_bin,mlp_h32,0.001,0.0,1.16897,0.3835,1854
11,8,age_bin,mlp_h64,0.001,0.0,1.14754,0.39159,1854
11,8,age_bin,mlp_h128,0.001,0.0,1.12799,0.39105,1854
11,8,age_bin,attention,0.0001,1e-05,1.15744,0.33594,1854
11,8,age_bin,shuffled,0.01,0.0001,1.30923,0.3479,1854
11,8,gender,ema_lr1e-3,0.001,0.0001,0.86656,0.51241,1854
11,8,gender,ema_lr5e-3,0.005,0.0001,0.87003,0.4973,1854
11,8,gender,ema_lr1e-2,0.01,0.0001,0.90043,0.48166,1854
11,8,gender,ema_lr5e-2,0.05,0.0001,1.54982,0.47842,1854
11,8,gender,ema_lr1e-2_wd1e-3,0.01,0.001,0.85279,0.50539,1854
11,8,gender,ema_d0.99,0.01,0.0001,0.85125,0.49676,1854
11,8,gender,ema_d0.9999,0.01,0.0001,0.85559,0.49191,1854
11,8,gender,mlp_h16,0.001,0.0,0.70644,0.49622,1854
11,8,gender,mlp_h32,0.001,0.0,0.7128,0.50539,1854
11,8,gender,mlp_h64,0.001,0.0,0.71061,0.50378,1854
11,8,gender,mlp_h128,0.001,0.0,0.75664,0.5,1854
11,8,gender,attention,0.0001,1e-05,35.59843,0.53125,1854
11,8,gender,shuffled,0.01,0.0001,0.84398,0.5151,1854
11,8,star_sign,ema_lr1e-3,0.001,0.0001,2.9492,0.06257,1854
11,8,star_sign,ema_lr5e-3,0.005,0.0001,2.78715,0.1219,1854
11,8,star_sign,ema_lr1e-2,0.01,0.0001,2.72002,0.08252,1854
11,8,star_sign,ema_lr5e-2,0.05,0.0001,2.40443,0.20388,1854
11,8,star_sign,ema_lr1e-2_wd1e-3,0.01,0.001,2.73021,0.1014,1854
11,8,star_sign,ema_d0.99,0.01,0.0001,2.83896,0.10626,1854
11,8,star_sign,ema_d0.9999,0.01,0.0001,2.79503,0.09169,1854
11,8,star_sign,mlp_h16,0.001,0.0,2.24503,0.06904,1854
11,8,star_sign,mlp_h32,0.001,0.0,0.87942,1.0,1854
11,8,star_sign,mlp_h64,0.001,0.0,0.48795,1.0,1854
11,8,star_sign,mlp_h128,0.001,0.0,0.10028,1.0,1854
11,8,star_sign,attention,0.0001,1e-05,1.49855,1.0,1854
11,8,star_sign,shuffled,0.01,0.0001,2.76389,0.09493,1854
11,12,age_bin,ema_lr1e-3,0.001,0.0001,1.37446,0.35653,1854
11,12,age_bin,ema_lr5e-3,0.005,0.0001,1.32542,0.34466,1854
11,12,age_bin,ema_lr1e-2,0.01,0.0001,1.30741,0.35653,1854
11,12,age_bin,ema_lr5e-2,0.05,0.0001,1.6087,0.34412,1854
11,12,age_bin,ema_lr1e-2_wd1e-3,0.01,0.001,1.34819,0.32578,1854
11,12,age_bin,ema_d0.99,0.01,0.0001,1.31212,0.36138,1854
11,12,age_bin,ema_d0.9999,0.01,0.0001,1.25813,0.37487,1854
11,12,age_bin,mlp_h16,0.001,0.0,1.10116,0.34844,1854
11,12,age_bin,mlp_h32,0.001,0.0,1.11216,0.39428,1854
11,12,age_bin,mlp_h64,0.001,0.0,1.12917,0.39914,1854
11,12,age_bin,mlp_h128,0.001,0.0,1.11158,0.38997,1854
11,12,age_bin,attention,0.0001,1e-05,1.1496,0.29688,1854
11,12,age_bin,shuffled,0.01,0.0001,1.31149,0.35005,1854
11,12,gender,ema_lr1e-3,0.001,0.0001,0.88853,0.50378,1854
11,12,gender,ema_lr5e-3,0.005,0.0001,0.8537,0.49461,1854
11,12,gender,ema_lr1e-2,0.01,0.0001,0.86671,0.49568,1854
11,12,gender,ema_lr5e-2,0.05,0.0001,1.48534,0.49568,1854
11,12,gender,ema_lr1e-2_wd1e-3,0.01,0.001,0.92546,0.47249,1854
11,12,gender,ema_d0.99,0.01,0.0001,0.85311,0.5027,1854
11,12,gender,ema_d0.9999,0.01,0.0001,0.88059,0.48975,1854
11,12,gender,mlp_h16,0.001,0.0,0.70477,0.50216,1854
11,12,gender,mlp_h32,0.001,0.0,0.69997,0.50108,1854
11,12,gender,mlp_h64,0.001,0.0,0.70341,0.52157,1854
11,12,gender,mlp_h128,0.001,0.0,0.71827,0.51672,1854
11,12,gender,attention,0.0001,1e-05,0.69193,0.49219,1854
11,12,gender,shuffled,0.01,0.0001,0.86024,0.50647,1854
11,12,star_sign,ema_lr1e-3,0.001,0.0001,2.9612,0.06472,1854
11,12,star_sign,ema_lr5e-3,0.005,0.0001,2.88958,0.07389,1854
11,12,star_sign,ema_lr1e-2,0.01,0.0001,2.70997,0.12675,1854
11,12,star_sign,ema_lr5e-2,0.05,0.0001,2.33661,0.20928,1854
11,12,star_sign,ema_lr1e-2_wd1e-3,0.01,0.001,2.78106,0.08306,1854
11,12,star_sign,ema_d0.99,0.01,0.0001,2.78861,0.08198,1854
11,12,star_sign,ema_d0.9999,0.01,0.0001,2.76536,0.10787,1854
11,12,star_sign,mlp_h16,0.001,0.0,1.07873,0.99407,1854
11,12,star_sign,mlp_h32,0.001,0.0,0.73953,1.0,1854
11,12,star_sign,mlp_h64,0.001,0.0,0.49434,1.0,1854
11,12,star_sign,mlp_h128,0.001,0.0,0.10096,1.0,1854
11,12,star_sign,attention,0.0001,1e-05,0.0,1.0,1854
11,12,star_sign,shuffled,0.01,0.0001,2.81447,0.11758,1854
11,16,age_bin,ema_lr1e-3,0.001,0.0001,1.5714,0.34035,1854
11,16,age_bin,ema_lr5e-3,0.005,0.0001,1.42731,0.32309,1854
11,16,age_bin,ema_lr1e-2,0.01,0.0001,1.39764,0.33765,1854
11,16,age_bin,ema_lr5e-2,0.05,0.0001,1.66334,0.34736,1854
11,16,age_bin,ema_lr1e-2_wd1e-3,0.01,0.001,1.44312,0.29504,1854
11,16,age_bin,ema_d0.99,0.01,0.0001,1.34989,0.33387,1854
11,16,age_bin,ema_d0.9999,0.01,0.0001,1.22662,0.37972,1854
11,16,age_bin,mlp_h16,0.001,0.0,1.12061,0.39105,1854
11,16,age_bin,mlp_h32,0.001,0.0,1.14537,0.38943,1854
11,16,age_bin,mlp_h64,0.001,0.0,1.11741,0.39051,1854
11,16,age_bin,mlp_h128,0.001,0.0,1.10028,0.40992,1854
11,16,age_bin,attention,0.0001,1e-05,1.09815,0.44531,1854
11,16,age_bin,shuffled,0.01,0.0001,1.37441,0.31823,1854
11,16,gender,ema_lr1e-3,0.001,0.0001,0.87655,0.51834,1854
11,16,gender,ema_lr5e-3,0.005,0.0001,0.85952,0.52104,1854
11,16,gender,ema_lr1e-2,0.01,0.0001,0.86117,0.50971,1854
11,16,gender,ema_lr5e-2,0.05,0.0001,1.35115,0.49245,1854
11,16,gender,ema_lr1e-2_wd1e-3,0.01,0.001,0.92627,0.44822,1854
11,16,gender,ema_d0.99,0.01,0.0001,0.84174,0.51618,1854
11,16,gender,ema_d0.9999,0.01,0.0001,0.89285,0.49838,1854
11,16,gender,mlp_h16,0.001,0.0,0.70323,0.50539,1854
11,16,gender,mlp_h32,0.001,0.0,0.69049,0.53991,1854
11,16,gender,mlp_h64,0.001,0.0,0.70214,0.54099,1854
11,16,gender,mlp_h128,0.001,0.0,0.70147,0.5383,1854
11,16,gender,attention,0.0001,1e-05,13.6917,0.53125,1854
11,16,gender,shuffled,0.01,0.0001,0.87247,0.48382,1854
11,16,star_sign,ema_lr1e-3,0.001,0.0001,2.97511,0.08522,1854
11,16,star_sign,ema_lr5e-3,0.005,0.0001,2.93579,0.10787,1854
11,16,star_sign,ema_lr1e-2,0.01,0.0001,2.83537,0.08198,1854
11,16,star_sign,ema_lr5e-2,0.05,0.0001,2.36599,0.21575,1854
11,16,star_sign,ema_lr1e-2_wd1e-3,0.01,0.001,2.90311,0.11273,1854
11,16,star_sign,ema_d0.99,0.01,0.0001,2.84373,0.08522,1854
11,16,star_sign,ema_d0.9999,0.01,0.0001,2.92626,0.08037,1854
11,16,star_sign,mlp_h16,0.001,0.0,2.09157,0.06904,1854
11,16,star_sign,mlp_h32,0.001,0.0,0.70228,1.0,1854
11,16,star_sign,mlp_h64,0.001,0.0,0.43914,1.0,1854
11,16,star_sign,mlp_h128,0.001,0.0,0.3481,1.0,1854
11,16,star_sign,attention,0.0001,1e-05,0.8799,1.0,1854
11,16,star_sign,shuffled,0.01,0.0001,2.82504,0.11812,1854
11,20,age_bin,ema_lr1e-3,0.001,0.0001,1.61967,0.32686,1854
11,20,age_bin,ema_lr5e-3,0.005,0.0001,1.51529,0.3274,1854
11,20,age_bin,ema_lr1e-2,0.01,0.0001,1.47862,0.31392,1854
11,20,age_bin,ema_lr5e-2,0.05,0.0001,1.38618,0.34466,1854
11,20,age_bin,ema_lr1e-2_wd1e-3,0.01,0.001,1.49076,0.32362,1854
11,20,age_bin,ema_d0.99,0.01,0.0001,1.44212,0.32686,1854
11,20,age_bin,ema_d0.9999,0.01,0.0001,1.38532,0.36947,1854
11,20,age_bin,mlp_h16,0.001,0.0,1.09808,0.38997,1854
11,20,age_bin,mlp_h32,0.001,0.0,1.1187,0.3835,1854
11,20,age_bin,mlp_h64,0.001,0.0,1.122,0.39914,1854
11,20,age_bin,mlp_h128,0.001,0.0,1.1196,0.40615,1854
11,20,age_bin,attention,0.0001,1e-05,33.80038,0.27344,1854
11,20,age_bin,shuffled,0.01,0.0001,1.40214,0.34358,1854
11,20,gender,ema_lr1e-3,0.001,0.0001,0.97462,0.50755,1854
11,20,gender,ema_lr5e-3,0.005,0.0001,0.97453,0.49083,1854
11,20,gender,ema_lr1e-2,0.01,0.0001,0.95274,0.4849,1854
11,20,gender,ema_lr5e-2,0.05,0.0001,1.02848,0.52535,1854
11,20,gender,ema_lr1e-2_wd1e-3,0.01,0.001,0.97323,0.50485,1854
11,20,gender,ema_d0.99,0.01,0.0001,0.91495,0.51133,1854
11,20,gender,ema_d0.9999,0.01,0.0001,0.88022,0.5302,1854
11,20,gender,mlp_h16,0.001,0.0,0.68403,0.55717,1854
11,20,gender,mlp_h32,0.001,0.0,0.68742,0.54585,1854
11,20,gender,mlp_h64,0.001,0.0,0.6962,0.54854,1854
11,20,gender,mlp_h128,0.001,0.0,0.7093,0.55232,1854
11,20,gender,attention,0.0001,1e-05,0.71942,0.5625,1854
11,20,gender,shuffled,0.01,0.0001,0.92452,0.49137,1854
11,20,star_sign,ema_lr1e-3,0.001,0.0001,3.27838,0.07335,1854
11,20,star_sign,ema_lr5e-3,0.005,0.0001,3.00369,0.10248,1854
11,20,star_sign,ema_lr1e-2,0.01,0.0001,2.9266,0.11381,1854
11,20,star_sign,ema_lr5e-2,0.05,0.0001,2.49326,0.19471,1854
11,20,star_sign,ema_lr1e-2_wd1e-3,0.01,0.001,2.95608,0.09008,1854
11,20,star_sign,ema_d0.99,0.01,0.0001,2.87278,0.09331,1854
11,20,star_sign,ema_d0.9999,0.01,0.0001,3.07519,0.07983,1854
11,20,star_sign,mlp_h16,0.001,0.0,1.49332,0.92934,1854
11,20,star_sign,mlp_h32,0.001,0.0,1.37236,0.99622,1854
11,20,star_sign,mlp_h64,0.001,0.0,1.19805,0.99461,1854
11,20,star_sign,mlp_h128,0.001,0.0,0.58273,1.0,1854
11,20,star_sign,attention,0.0001,1e-05,0.0,1.0,1854
11,20,star_sign,shuffled,0.01,0.0001,2.86847,0.10464,1854
11,24,age_bin,ema_lr1e-3,0.001,0.0001,1.65286,0.31068,1854
11,24,age_bin,ema_lr5e-3,0.005,0.0001,1.62685,0.34574,1854
11,24,age_bin,ema_lr1e-2,0.01,0.0001,1.58587,0.31931,1854
11,24,age_bin,ema_lr5e-2,0.05,0.0001,1.42054,0.32956,1854
11,24,age_bin,ema_lr1e-2_wd1e-3,0.01,0.001,1.511,0.33225,1854
11,24,age_bin,ema_d0.99,0.01,0.0001,1.50017,0.33927,1854
11,24,age_bin,ema_d0.9999,0.01,0.0001,1.50035,0.36192,1854
11,24,age_bin,mlp_h16,0.001,0.0,1.12029,0.32416,1854
11,24,age_bin,mlp_h32,0.001,0.0,1.10088,0.38997,1854
11,24,age_bin,mlp_h64,0.001,0.0,1.08814,0.40615,1854
11,24,age_bin,mlp_h128,0.001,0.0,1.11588,0.40669,1854
11,24,age_bin,attention,0.0001,1e-05,4.33401,0.30469,1854
11,24,age_bin,shuffled,0.01,0.0001,1.49109,0.32309,1854
11,24,gender,ema_lr1e-3,0.001,0.0001,0.99756,0.5151,1854
11,24,gender,ema_lr5e-3,0.005,0.0001,0.96802,0.51079,1854
11,24,gender,ema_lr1e-2,0.01,0.0001,0.89509,0.56365,1854
11,24,gender,ema_lr5e-2,0.05,0.0001,0.81916,0.54962,1854
11,24,gender,ema_lr1e-2_wd1e-3,0.01,0.001,0.96221,0.51672,1854
11,24,gender,ema_d0.99,0.01,0.0001,0.93263,0.53236,1854
11,24,gender,ema_d0.9999,0.01,0.0001,0.97242,0.50431,1854
11,24,gender,mlp_h16,0.001,0.0,0.6778,0.55448,1854
11,24,gender,mlp_h32,0.001,0.0,0.66581,0.58414,1854
11,24,gender,mlp_h64,0.001,0.0,0.67557,0.55933,1854
11,24,gender,mlp_h128,0.001,0.0,0.69101,0.5685,1854
11,24,gender,attention,0.0001,1e-05,1.67826,0.5625,1854
11,24,gender,shuffled,0.01,0.0001,0.94392,0.51726,1854
11,24,star_sign,ema_lr1e-3,0.001,0.0001,3.26898,0.09331,1854
11,24,star_sign,ema_lr5e-3,0.005,0.0001,3.24411,0.07389,1854
11,24,star_sign,ema_lr1e-2,0.01,0.0001,3.0674,0.10949,1854
11,24,star_sign,ema_lr5e-2,0.05,0.0001,2.55107,0.18339,1854
11,24,star_sign,ema_lr1e-2_wd1e-3,0.01,0.001,3.08212,0.09061,1854
11,24,star_sign,ema_d0.99,0.01,0.0001,3.05023,0.11219,1854
11,24,star_sign,ema_d0.9999,0.01,0.0001,3.14724,0.09169,1854
11,24,star_sign,mlp_h16,0.001,0.0,2.53293,0.0,1854
11,24,star_sign,mlp_h32,0.001,0.0,1.75923,0.74811,1854
11,24,star_sign,mlp_h64,0.001,0.0,1.11102,0.99245,1854
11,24,star_sign,mlp_h128,0.001,0.0,0.84517,1.0,1854
11,24,star_sign,attention,0.0001,1e-05,0.21597,0.94531,1854
11,24,star_sign,shuffled,0.01,0.0001,3.17344,0.06796,1854
12,0,age_bin,ema_lr1e-3,0.001,0.0001,1.63044,0.31791,2010
12,0,age_bin,ema_lr5e-3,0.005,0.0001,1.56384,0.31244,2010
12,0,age_bin,ema_lr1e-2,0.01,0.0001,1.466,0.30945,2010
12,0,age_bin,ema_lr5e-2,0.05,0.0001,1.30295,0.39502,2010
12,0,age_bin,ema_lr1e-2_wd1e-3,0.01,0.001,1.4669,0.35622,2010
12,0,age_bin,ema_d0.99,0.01,0.0001,1.52255,0.30597,2010
12,0,age_bin,ema_d0.9999,0.01,0.0001,1.42206,0.35274,2010
12,0,age_bin,mlp_h16,0.001,0.0,0.9895,0.57065,2010
12,0,age_bin,mlp_h32,0.001,0.0,0.97399,0.58159,2010
12,0,age_bin,mlp_h64,0.001,0.0,0.9751,0.57861,2010
12,0,age_bin,mlp_h128,0.001,0.0,0.98655,0.57413,2010
12,0,age_bin,attention,0.0001,1e-05,1.08979,0.58594,2010
12,0,age_bin,shuffled,0.01,0.0001,1.43777,0.32687,2010
12,0,gender,ema_lr1e-3,0.001,0.0001,1.0577,0.51592,2010
12,0,gender,ema_lr5e-3,0.005,0.0001,0.9372,0.51095,2010
12,0,gender,ema_lr1e-2,0.01,0.0001,0.92289,0.50199,2010
12,0,gender,ema_lr5e-2,0.05,0.0001,0.86335,0.4791,2010
12,0,gender,ema_lr1e-2_wd1e-3,0.01,0.001,0.93448,0.49851,2010
12,0,gender,ema_d0.99,0.01,0.0001,0.98025,0.50149,2010
12,0,gender,ema_d0.9999,0.01,0.0001,0.96998,0.48806,2010
12,0,gender,mlp_h16,0.001,0.0,0.69166,0.52985,2010
12,0,gender,mlp_h32,0.001,0.0,0.69268,0.53483,2010
12,0,gender,mlp_h64,0.001,0.0,0.69573,0.53731,2010
12,0,gender,mlp_h128,0.001,0.0,0.69687,0.5408,2010
12,0,gender,attention,0.0001,1e-05,0.69319,0.51562,2010
12,0,gender,shuffled,0.01,0.0001,0.97822,0.49652,2010
12,0,star_sign,ema_lr1e-3,0.001,0.0001,3.28987,0.08756,2010
12,0,star_sign,ema_lr5e-3,0.005,0.0001,3.10759,0.101,2010
12,0,star_sign,ema_lr1e-2,0.01,0.0001,3.0703,0.08408,2010
12,0,star_sign,ema_lr5e-2,0.05,0.0001,2.48962,0.30398,2010
12,0,star_sign,ema_lr1e-2_wd1e-3,0.01,0.001,3.06767,0.12836,2010
12,0,star_sign,ema_d0.99,0.01,0.0001,3.06886,0.13433,2010
12,0,star_sign,ema_d0.9999,0.01,0.0001,3.05286,0.11144,2010
12,0,star_sign,mlp_h16,0.001,0.0,1.80455,0.47413,2010
12,0,star_sign,mlp_h32,0.001,0.0,1.33823,0.93035,2010
12,0,star_sign,mlp_h64,0.001,0.0,0.57573,1.0,2010
12,0,star_sign,mlp_h128,0.001,0.0,0.39253,1.0,2010
12,0,star_sign,attention,0.0001,1e-05,2.44586,1.0,2010
12,0,star_sign,shuffled,0.01,0.0001,3.06928,0.05373,2010
12,4,age_bin,ema_lr1e-3,0.001,0.0001,1.41817,0.32289,2010
12,4,age_bin,ema_lr5e-3,0.005,0.0001,1.35282,0.32587,2010
12,4,age_bin,ema_lr1e-2,0.01,0.0001,1.33225,0.31542,2010
12,4,age_bin,ema_lr5e-2,0.05,0.0001,2.03112,0.30249,2010
12,4,age_bin,ema_lr1e-2_wd1e-3,0.01,0.001,1.31755,0.33483,2010
12,4,age_bin,ema_d0.99,0.01,0.0001,1.30193,0.34577,2010
12,4,age_bin,ema_d0.9999,0.01,0.0001,1.35889,0.33035,2010
12,4,age_bin,mlp_h16,0.001,0.0,0.9697,0.58557,2010
12,4,age_bin,mlp_h32,0.001,0.0,0.96049,0.58507,2010
12,4,age_bin,mlp_h64,0.001,0.0,0.96399,0.58507,2010
12,4,age_bin,mlp_h128,0.001,0.0,0.98438,0.5806,2010
12,4,age_bin,attention,0.0001,1e-05,0.99515,0.57812,2010
12,4,age_bin,shuffled,0.01,0.0001,1.29448,0.33035,2010
12,4,gender,ema_lr1e-3,0.001,0.0001,0.83427,0.52836,2010
12,4,gender,ema_lr5e-3,0.005,0.0001,0.87084,0.49204,2010
12,4,gender,ema_lr1e-2,0.01,0.0001,0.81779,0.5204,2010
12,4,gender,ema_lr5e-2,0.05,0.0001,1.54751,0.45124,2010
12,4,gender,ema_lr1e-2_wd1e-3,0.01,0.001,0.83691,0.52736,2010
12,4,gender,ema_d0.99,0.01,0.0001,0.84662,0.51343,2010
12,4,gender,ema_d0.9999,0.01,0.0001,0.85645,0.48856,2010
12,4,gender,mlp_h16,0.001,0.0,0.68908,0.55871,2010
12,4,gender,mlp_h32,0.001,0.0,0.68656,0.56866,2010
12,4,gender,mlp_h64,0.001,0.0,0.70001,0.5592,2010
12,4,gender,mlp_h128,0.001,0.0,0.69392,0.56318,2010
12,4,gender,attention,0.0001,1e-05,4.65929,0.51562,2010
12,4,gender,shuffled,0.01,0.0001,0.84728,0.48308,2010
12,4,star_sign,ema_lr1e-3,0.001,0.0001,2.96466,0.05672,2010
12,4,star_sign,ema_lr5e-3,0.005,0.0001,2.85362,0.09502,2010
12,4,star_sign,ema_lr1e-2,0.01,0.0001,2.70242,0.10299,2010
12,4,star_sign,ema_lr5e-2,0.05,0.0001,2.24636,0.27662,2010
12,4,star_sign,ema_lr1e-2_wd1e-3,0.01,0.001,2.75037,0.09353,2010
12,4,star_sign,ema_d0.99,0.01,0.0001,2.72836,0.09154,2010
12,4,star_sign,ema_d0.9999,0.01,0.0001,2.74137,0.10348,2010
12,4,star_sign,mlp_h16,0.001,0.0,0.84962,0.93632,2010
12,4,star_sign,mlp_h32,0.001,0.0,0.6776,1.0,2010
12,4,star_sign,mlp_h64,0.001,0.0,0.41303,1.0,2010
12,4,star_sign,mlp_h128,0.001,0.0,0.08557,1.0,2010
12,4,star_sign,attention,0.0001,1e-05,1.84083,0.98438,2010
12,4,star_sign,shuffled,0.01,0.0001,2.73068,0.10348,2010
12,8,age_bin,ema_lr1e-3,0.001,0.0001,1.36417,0.3403,2010
12,8,age_bin,ema_lr5e-3,0.005,0.0001,1.38575,0.3393,2010
12,8,age_bin,ema_lr1e-2,0.01,0.0001,1.32896,0.3403,2010
12,8,age_bin,ema_lr5e-2,0.05,0.0001,1.47926,0.45124,2010
12,8,age_bin,ema_lr1e-2_wd1e-3,0.01,0.001,1.35758,0.30846,2010
12,8,age_bin,ema_d0.99,0.01,0.0001,1.32396,0.34478,2010
12,8,age_bin,ema_d0.9999,0.01,0.0001,1.35587,0.32587,2010
12,8,age_bin,mlp_h16,0.001,0.0,0.96582,0.58657,2010
12,8,age_bin,mlp_h32,0.001,0.0,0.95132,0.58308,2010
12,8,age_bin,mlp_h64,0.001,0.0,0.96696,0.58756,2010
12,8,age_bin,mlp_h128,0.001,0.0,0.95486,0.5801,2010
12,8,age_bin,attention,0.0001,1e-05,1.15899,0.19531,2010
12,8,age_bin,shuffled,0.01,0.0001,1.30974,0.33731,2010
12,8,gender,ema_lr1e-3,0.001,0.0001,0.86539,0.49552,2010
12,8,gender,ema_lr5e-3,0.005,0.0001,0.86037,0.51443,2010
12,8,gender,ema_lr1e-2,0.01,0.0001,0.84699,0.51642,2010
12,8,gender,ema_lr5e-2,0.05,0.0001,1.40386,0.45075,2010
12,8,gender,ema_lr1e-2_wd1e-3,0.01,0.001,0.84184,0.50746,2010
12,8,gender,ema_d0.99,0.01,0.0001,0.82758,0.50896,2010
12,8,gender,ema_d0.9999,0.01,0.0001,0.83977,0.51443,2010
12,8,gender,mlp_h16,0.001,0.0,0.6874,0.56368,2010
12,8,gender,mlp_h32,0.001,0.0,0.68984,0.55174,2010
12,8,gender,mlp_h64,0.001,0.0,0.68987,0.5602,2010
12,8,gender,mlp_h128,0.001,0.0,0.69593,0.57114,2010
12,8,gender,attention,0.0001,1e-05,36.46939,0.48438,2010
12,8,gender,shuffled,0.01,0.0001,0.85364,0.50299,2010
12,8,star_sign,ema_lr1e-3,0.001,0.0001,2.91327,0.07015,2010
12,8,star_sign,ema_lr5e-3,0.005,0.0001,2.85427,0.10597,2010
12,8,star_sign,ema_lr1e-2,0.01,0.0001,2.78841,0.07612,2010
12,8,star_sign,ema_lr5e-2,0.05,0.0001,2.35553,0.20647,2010
12,8,star_sign,ema_lr1e-2_wd1e-3,0.01,0.001,2.77133,0.11194,2010
12,8,star_sign,ema_d0.99,0.01,0.0001,2.75484,0.10945,2010
12,8,star_sign,ema_d0.9999,0.01,0.0001,2.73492,0.09751,2010
12,8,star_sign,mlp_h16,0.001,0.0,2.22048,0.06368,2010
12,8,star_sign,mlp_h32,0.001,0.0,0.76567,1.0,2010
12,8,star_sign,mlp_h64,0.001,0.0,0.37548,1.0,2010
12,8,star_sign,mlp_h128,0.001,0.0,0.06237,1.0,2010
12,8,star_sign,attention,0.0001,1e-05,1.48251,1.0,2010
12,8,star_sign,shuffled,0.01,0.0001,2.81896,0.09104,2010
12,12,age_bin,ema_lr1e-3,0.001,0.0001,1.40481,0.35174,2010
12,12,age_bin,ema_lr5e-3,0.005,0.0001,1.25879,0.36119,2010
12,12,age_bin,ema_lr1e-2,0.01,0.0001,1.30261,0.3398,2010
12,12,age_bin,ema_lr5e-2,0.05,0.0001,1.66117,0.48358,2010
12,12,age_bin,ema_lr1e-2_wd1e-3,0.01,0.001,1.31257,0.35522,2010
12,12,age_bin,ema_d0.99,0.01,0.0001,1.31155,0.34328,2010
12,12,age_bin,ema_d0.9999,0.01,0.0001,1.37437,0.3199,2010
12,12,age_bin,mlp_h16,0.001,0.0,1.03569,0.45373,2010
12,12,age_bin,mlp_h32,0.001,0.0,0.95956,0.58607,2010
12,12,age_bin,mlp_h64,0.001,0.0,0.97617,0.58706,2010
12,12,age_bin,mlp_h128,0.001,0.0,0.9981,0.56716,2010
12,12,age_bin,attention,0.0001,1e-05,1.20043,0.26562,2010
12,12,age_bin,shuffled,0.01,0.0001,1.32291,0.33234,2010
12,12,gender,ema_lr1e-3,0.001,0.0001,0.83857,0.52935,2010
12,12,gender,ema_lr5e-3,0.005,0.0001,0.88362,0.47313,2010
12,12,gender,ema_lr1e-2,0.01,0.0001,0.91527,0.48308,2010
12,12,gender,ema_lr5e-2,0.05,0.0001,1.36169,0.48358,2010
12,12,gender,ema_lr1e-2_wd1e-3,0.01,0.001,0.85293,0.51642,2010
12,12,gender,ema_d0.99,0.01,0.0001,0.78578,0.54876,2010
12,12,gender,ema_d0.9999,0.01,0.0001,0.86634,0.49005,2010
12,12,gender,mlp_h16,0.001,0.0,0.6866,0.55124,2010
12,12,gender,mlp_h32,0.001,0.0,0.68799,0.55075,2010
12,12,gender,mlp_h64,0.001,0.0,0.6778,0.57413,2010
12,12,gender,mlp_h128,0.001,0.0,0.69963,0.56517,2010
12,12,gender,attention,0.0001,1e-05,0.69315,0.53125,2010
12,12,gender,shuffled,0.01,0.0001,0.87648,0.48458,2010
12,12,star_sign,ema_lr1e-3,0.001,0.0001,3.02943,0.06667,2010
12,12,star_sign,ema_lr5e-3,0.005,0.0001,2.75546,0.101,2010
12,12,star_sign,ema_lr1e-2,0.01,0.0001,2.80005,0.101,2010
12,12,star_sign,ema_lr5e-2,0.05,0.0001,2.27096,0.24726,2010
12,12,star_sign,ema_lr1e-2_wd1e-3,0.01,0.001,2.7539,0.07811,2010
12,12,star_sign,ema_d0.99,0.01,0.0001,2.75714,0.07065,2010
12,12,star_sign,ema_d0.9999,0.01,0.0001,2.77094,0.10498,2010
12,12,star_sign,mlp_h16,0.001,0.0,0.99359,0.99851,2010
12,12,star_sign,mlp_h32,0.001,0.0,0.6264,1.0,2010
12,12,star_sign,mlp_h64,0.001,0.0,0.37466,1.0,2010
12,12,star_sign,mlp_h128,0.001,0.0,0.06406,1.0,2010
12,12,star_sign,attention,0.0001,1e-05,0.0,1.0,2010
12,12,star_sign,shuffled,0.01,0.0001,2.71794,0.11791,2010
12,16,age_bin,ema_lr1e-3,0.001,0.0001,1.54484,0.35473,2010
12,16,age_bin,ema_lr5e-3,0.005,0.0001,1.40953,0.33632,2010
12,16,age_bin,ema_lr1e-2,0.01,0.0001,1.42776,0.31095,2010
12,16,age_bin,ema_lr5e-2,0.05,0.0001,1.61655,0.44776,2010
12,16,age_bin,ema_lr1e-2_wd1e-3,0.01,0.001,1.36792,0.33731,2010
12,16,age_bin,ema_d0.99,0.01,0.0001,1.36056,0.32886,2010
12,16,age_bin,ema_d0.9999,0.01,0.0001,1.32894,0.34627,2010
12,16,age_bin,mlp_h16,0.001,0.0,0.96446,0.58209,2010
12,16,age_bin,mlp_h32,0.001,0.0,0.95526,0.58458,2010
12,16,age_bin,mlp_h64,0.001,0.0,0.97238,0.58806,2010
12,16,age_bin,mlp_h128,0.001,0.0,0.97641,0.54378,2010
12,16,age_bin,attention,0.0001,1e-05,0.96981,0.57031,2010
12,16,age_bin,shuffled,0.01,0.0001,1.37631,0.32886,2010
12,16,gender,ema_lr1e-3,0.001,0.0001,0.95055,0.46617,2010
12,16,gender,ema_lr5e-3,0.005,0.0001,0.93651,0.49254,2010
12,16,gender,ema_lr1e-2,0.01,0.0001,0.85396,0.51542,2010
12,16,gender,ema_lr5e-2,0.05,0.0001,1.26376,0.49254,2010
12,16,gender,ema_lr1e-2_wd1e-3,0.01,0.001,0.84518,0.51294,2010
12,16,gender,ema_d0.99,0.01,0.0001,0.83583,0.54279,2010
12,16,gender,ema_d0.9999,0.01,0.0001,0.87899,0.51144,2010
12,16,gender,mlp_h16,0.001,0.0,0.68196,0.56219,2010
12,16,gender,mlp_h32,0.001,0.0,0.67934,0.58259,2010
12,16,gender,mlp_h64,0.001,0.0,0.68194,0.57015,2010
12,16,gender,mlp_h128,0.001,0.0,0.68371,0.58806,2010
12,16,gender,attention,0.0001,1e-05,12.54031,0.48438,2010
12,16,gender,shuffled,0.01,0.0001,0.8878,0.47015,2010
12,16,star_sign,ema_lr1e-3,0.001,0.0001,2.98077,0.09104,2010
12,16,star_sign,ema_lr5e-3,0.005,0.0001,2.99163,0.08955,2010
12,16,star_sign,ema_lr1e-2,0.01,0.0001,2.77059,0.09701,2010
12,16,star_sign,ema_lr5e-2,0.05,0.0001,2.32721,0.22836,2010
12,16,star_sign,ema_lr1e-2_wd1e-3,0.01,0.001,2.77423,0.1204,2010
12,16,star_sign,ema_d0.99,0.01,0.0001,2.84539,0.099,2010
12,16,star_sign,ema_d0.9999,0.01,0.0001,2.88431,0.08905,2010
12,16,star_sign,mlp_h16,0.001,0.0,2.07286,0.06368,2010
12,16,star_sign,mlp_h32,0.001,0.0,0.57217,1.0,2010
12,16,star_sign,mlp_h64,0.001,0.0,0.3373,1.0,2010
12,16,star_sign,mlp_h128,0.001,0.0,0.25032,1.0,2010
12,16,star_sign,attention,0.0001,1e-05,0.8007,1.0,2010
12,16,star_sign,shuffled,0.01,0.0001,2.86674,0.11343,2010
12,20,age_bin,ema_lr1e-3,0.001,0.0001,1.6199,0.3199,2010
12,20,age_bin,ema_lr5e-3,0.005,0.0001,1.42099,0.36169,2010
12,20,age_bin,ema_lr1e-2,0.01,0.0001,1.45284,0.31891,2010
12,20,age_bin,ema_lr5e-2,0.05,0.0001,1.40813,0.33284,2010
12,20,age_bin,ema_lr1e-2_wd1e-3,0.01,0.001,1.45047,0.33284,2010
12,20,age_bin,ema_d0.99,0.01,0.0001,1.41788,0.33532,2010
12,20,age_bin,ema_d0.9999,0.01,0.0001,1.38432,0.37413,2010
12,20,age_bin,mlp_h16,0.001,0.0,0.96993,0.56915,2010
12,20,age_bin,mlp_h32,0.001,0.0,0.97887,0.5806,2010
12,20,age_bin,mlp_h64,0.001,0.0,0.95845,0.57761,2010
12,20,age_bin,mlp_h128,0.001,0.0,0.94407,0.58358,2010
12,20,age_bin,attention,0.0001,1e-05,31.59245,0.14062,2010
12,20,age_bin,shuffled,0.01,0.0001,1.43189,0.33333,2010
12,20,gender,ema_lr1e-3,0.001,0.0001,1.00367,0.499,2010
12,20,gender,ema_lr5e-3,0.005,0.0001,0.91403,0.51493,2010
12,20,gender,ema_lr1e-2,0.01,0.0001,0.96418,0.48408,2010
12,20,gender,ema_lr5e-2,0.05,0.0001,1.01986,0.52488,2010
12,20,gender,ema_lr1e-2_wd1e-3,0.01,0.001,0.9852,0.48209,2010
12,20,gender,ema_d0.99,0.01,0.0001,0.97649,0.47313,2010
12,20,gender,ema_d0.9999,0.01,0.0001,0.95432,0.50498,2010
12,20,gender,mlp_h16,0.001,0.0,0.68936,0.5408,2010
12,20,gender,mlp_h32,0.001,0.0,0.68364,0.56219,2010
12,20,gender,mlp_h64,0.001,0.0,0.69139,0.55771,2010
12,20,gender,mlp_h128,0.001,0.0,0.69444,0.55572,2010
12,20,gender,attention,0.0001,1e-05,0.74142,0.5,2010
12,20,gender,shuffled,0.01,0.0001,0.91515,0.51244,2010
12,20,star_sign,ema_lr1e-3,0.001,0.0001,3.23726,0.07114,2010
12,20,star_sign,ema_lr5e-3,0.005,0.0001,3.0032,0.09254,2010
12,20,star_sign,ema_lr1e-2,0.01,0.0001,3.0562,0.099,2010
12,20,star_sign,ema_lr5e-2,0.05,0.0001,2.50371,0.2199,2010
12,20,star_sign,ema_lr1e-2_wd1e-3,0.01,0.001,3.0328,0.08856,2010
12,20,star_sign,ema_d0.99,0.01,0.0001,2.9328,0.10697,2010
12,20,star_sign,ema_d0.9999,0.01,0.0001,2.96472,0.1,2010
12,20,star_sign,mlp_h16,0.001,0.0,1.41916,0.96318,2010
12,20,star_sign,mlp_h32,0.001,0.0,1.28477,0.99801,2010
12,20,star_sign,mlp_h64,0.001,0.0,1.08377,0.99851,2010
12,20,star_sign,mlp_h128,0.001,0.0,0.46056,1.0,2010
12,20,star_sign,attention,0.0001,1e-05,0.0,1.0,2010
12,20,star_sign,shuffled,0.01,0.0001,2.98559,0.1005,2010
12,24,age_bin,ema_lr1e-3,0.001,0.0001,1.66296,0.33333,2010
12,24,age_bin,ema_lr5e-3,0.005,0.0001,1.4905,0.35871,2010
12,24,age_bin,ema_lr1e-2,0.01,0.0001,1.43774,0.37463,2010
12,24,age_bin,ema_lr5e-2,0.05,0.0001,1.41969,0.34776,2010
12,24,age_bin,ema_lr1e-2_wd1e-3,0.01,0.001,1.43913,0.36368,2010
12,24,age_bin,ema_d0.99,0.01,0.0001,1.5559,0.32189,2010
12,24,age_bin,ema_d0.9999,0.01,0.0001,1.53522,0.35323,2010
12,24,age_bin,mlp_h16,0.001,0.0,1.06859,0.38458,2010
12,24,age_bin,mlp_h32,0.001,0.0,1.0525,0.49005,2010
12,24,age_bin,mlp_h64,0.001,0.0,0.96069,0.57811,2010
12,24,age_bin,mlp_h128,0.001,0.0,0.93052,0.59303,2010
12,24,age_bin,attention,0.0001,1e-05,2.82278,0.39844,2010
12,24,age_bin,shuffled,0.01,0.0001,1.445,0.34527,2010
12,24,gender,ema_lr1e-3,0.001,0.0001,0.97205,0.53433,2010
12,24,gender,ema_lr5e-3,0.005,0.0001,0.98388,0.51841,2010
12,24,gender,ema_lr1e-2,0.01,0.0001,0.99454,0.48756,2010
12,24,gender,ema_lr5e-2,0.05,0.0001,0.93356,0.48706,2010
12,24,gender,ema_lr1e-2_wd1e-3,0.01,0.001,1.01229,0.50547,2010
12,24,gender,ema_d0.99,0.01,0.0001,1.05465,0.46816,2010
12,24,gender,ema_d0.9999,0.01,0.0001,1.03484,0.48159,2010
12,24,gender,mlp_h16,0.001,0.0,0.68687,0.56766,2010
12,24,gender,mlp_h32,0.001,0.0,0.70997,0.53682,2010
12,24,gender,mlp_h64,0.001,0.0,0.70324,0.55721,2010
12,24,gender,mlp_h128,0.001,0.0,0.70297,0.5602,2010
12,24,gender,attention,0.0001,1e-05,1.76174,0.50781,2010
12,24,gender,shuffled,0.01,0.0001,0.96931,0.48507,2010
12,24,star_sign,ema_lr1e-3,0.001,0.0001,3.33153,0.07264,2010
12,24,star_sign,ema_lr5e-3,0.005,0.0001,3.25703,0.07065,2010
12,24,star_sign,ema_lr1e-2,0.01,0.0001,3.17637,0.10498,2010
12,24,star_sign,ema_lr5e-2,0.05,0.0001,2.4072,0.22239,2010
12,24,star_sign,ema_lr1e-2_wd1e-3,0.01,0.001,3.13737,0.07512,2010
12,24,star_sign,ema_d0.99,0.01,0.0001,3.03519,0.12587,2010
12,24,star_sign,ema_d0.9999,0.01,0.0001,3.0859,0.11542,2010
12,24,star_sign,mlp_h16,0.001,0.0,2.53288,0.0005,2010
12,24,star_sign,mlp_h32,0.001,0.0,1.72051,0.7597,2010
12,24,star_sign,mlp_h64,0.001,0.0,1.0563,0.98756,2010
12,24,star_sign,mlp_h128,0.001,0.0,0.7323,1.0,2010
12,24,star_sign,attention,0.0001,1e-05,0.20935,0.9375,2010
12,24,star_sign,shuffled,0.01,0.0001,3.23742,0.06667,2010
13,0,age_bin,ema_lr1e-3,0.001,0.0001,1.5538,0.3412,2034
13,0,age_bin,ema_lr5e-3,0.005,0.0001,1.50869,0.32006,2034
13,0,age_bin,ema_lr1e-2,0.01,0.0001,1.49807,0.29302,2034
13,0,age_bin,ema_lr5e-2,0.05,0.0001,1.32063,0.39725,2034
13,0,age_bin,ema_lr1e-2_wd1e-3,0.01,0.001,1.49686,0.33432,2034
13,0,age_bin,ema_d0.99,0.01,0.0001,1.48174,0.31416,2034
13,0,age_bin,ema_d0.9999,0.01,0.0001,1.42402,0.33628,2034
13,0,age_bin,mlp_h16,0.001,0.0,0.99729,0.58604,2034
13,0,age_bin,mlp_h32,0.001,0.0,0.98916,0.5944,2034
13,0,age_bin,mlp_h64,0.001,0.0,0.98963,0.58063,2034
13,0,age_bin,mlp_h128,0.001,0.0,0.99723,0.56932,2034
13,0,age_bin,attention,0.0001,1e-05,1.09099,0.54688,2034
13,0,age_bin,shuffled,0.01,0.0001,1.43141,0.31613,2034
13,0,gender,ema_lr1e-3,0.001,0.0001,1.08271,0.50934,2034
13,0,gender,ema_lr5e-3,0.005,0.0001,0.97377,0.50639,2034
13,0,gender,ema_lr1e-2,0.01,0.0001,0.95633,0.52212,2034
13,0,gender,ema_lr5e-2,0.05,0.0001,0.8686,0.47591,2034
13,0,gender,ema_lr1e-2_wd1e-3,0.01,0.001,0.91408,0.50934,2034
13,0,gender,ema_d0.99,0.01,0.0001,0.95968,0.48771,2034
13,0,gender,ema_d0.9999,0.01,0.0001,0.99394,0.47443,2034
13,0,gender,mlp_h16,0.001,0.0,0.69141,0.53982,2034
13,0,gender,mlp_h32,0.001,0.0,0.69659,0.52262,2034
13,0,gender,mlp_h64,0.001,0.0,0.69608,0.53097,2034
13,0,gender,mlp_h128,0.001,0.0,0.71211,0.50049,2034
13,0,gender,attention,0.0001,1e-05,0.69281,0.5625,2034
13,0,gender,shuffled,0.01,0.0001,0.97633,0.49902,2034
13,0,star_sign,ema_lr1e-3,0.001,0.0001,3.27036,0.08161,2034
13,0,star_sign,ema_lr5e-3,0.005,0.0001,3.09246,0.08456,2034
13,0,star_sign,ema_lr1e-2,0.01,0.0001,3.03643,0.0821,2034
13,0,star_sign,ema_lr5e-2,0.05,0.0001,2.45193,0.27237,2034
13,0,star_sign,ema_lr1e-2_wd1e-3,0.01,0.001,2.97318,0.1234,2034
13,0,star_sign,ema_d0.99,0.01,0.0001,3.11551,0.12045,2034
13,0,star_sign,ema_d0.9999,0.01,0.0001,3.04205,0.10324,2034
13,0,star_sign,mlp_h16,0.001,0.0,1.71633,0.50147,2034
13,0,star_sign,mlp_h32,0.001,0.0,1.26276,0.96067,2034
13,0,star_sign,mlp_h64,0.001,0.0,0.49414,1.0,2034
13,0,star_sign,mlp_h128,0.001,0.0,0.32123,1.0,2034
13,0,star_sign,attention,0.0001,1e-05,2.44422,1.0,2034
13,0,star_sign,shuffled,0.01,0.0001,2.97324,0.07129,2034
13,4,age_bin,ema_lr1e-3,0.001,0.0001,1.42896,0.31662,2034
13,4,age_bin,ema_lr5e-3,0.005,0.0001,1.38303,0.32694,2034
13,4,age_bin,ema_lr1e-2,0.01,0.0001,1.33961,0.31858,2034
13,4,age_bin,ema_lr5e-2,0.05,0.0001,1.71148,0.51131,2034
13,4,age_bin,ema_lr1e-2_wd1e-3,0.01,0.001,1.27352,0.35792,2034
13,4,age_bin,ema_d0.99,0.01,0.0001,1.29945,0.3471,2034
13,4,age_bin,ema_d0.9999,0.01,0.0001,1.30687,0.35005,2034
13,4,age_bin,mlp_h16,0.001,0.0,0.98971,0.59735,2034
13,4,age_bin,mlp_h32,0.001,0.0,1.0036,0.58063,2034
13,4,age_bin,mlp_h64,0.001,0.0,0.99243,0.59538,2034
13,4,age_bin,mlp_h128,0.001,0.0,1.00947,0.58505,2034
13,4,age_bin,attention,0.0001,1e-05,1.01304,0.55469,2034
13,4,age_bin,shuffled,0.01,0.0001,1.3192,0.33088,2034
13,4,gender,ema_lr1e-3,0.001,0.0001,0.86625,0.5118,2034
13,4,gender,ema_lr5e-3,0.005,0.0001,0.87017,0.48427,2034
13,4,gender,ema_lr1e-2,0.01,0.0001,0.87535,0.48525,2034
13,4,gender,ema_lr5e-2,0.05,0.0001,1.52008,0.57276,2034
13,4,gender,ema_lr1e-2_wd1e-3,0.01,0.001,0.84468,0.50197,2034
13,4,gender,ema_d0.99,0.01,0.0001,0.83764,0.51721,2034
13,4,gender,ema_d0.9999,0.01,0.0001,0.83586,0.50393,2034
13,4,gender,mlp_h16,0.001,0.0,0.68176,0.57719,2034
13,4,gender,mlp_h32,0.001,0.0,0.68469,0.5762,2034
13,4,gender,mlp_h64,0.001,0.0,0.68814,0.58014,2034
13,4,gender,mlp_h128,0.001,0.0,0.68858,0.58505,2034
13,4,gender,attention,0.0001,1e-05,3.72825,0.57031,2034
13,4,gender,shuffled,0.01,0.0001,0.84143,0.49754,2034
13,4,star_sign,ema_lr1e-3,0.001,0.0001,2.96325,0.05703,2034
13,4,star_sign,ema_lr5e-3,0.005,0.0001,2.81233,0.08604,2034
13,4,star_sign,ema_lr1e-2,0.01,0.0001,2.73795,0.11111,2034
13,4,star_sign,ema_lr5e-2,0.05,0.0001,2.25908,0.24189,2034
13,4,star_sign,ema_lr1e-2_wd1e-3,0.01,0.001,2.79993,0.08702,2034
13,4,star_sign,ema_d0.99,0.01,0.0001,2.75977,0.08604,2034
13,4,star_sign,ema_d0.9999,0.01,0.0001,2.72279,0.09341,2034
13,4,star_sign,mlp_h16,0.001,0.0,0.76103,0.93707,2034
13,4,star_sign,mlp_h32,0.001,0.0,0.57075,1.0,2034
13,4,star_sign,mlp_h64,0.001,0.0,0.33211,1.0,2034
13,4,star_sign,mlp_h128,0.001,0.0,0.05556,1.0,2034
13,4,star_sign,attention,0.0001,1e-05,1.77783,0.99219,2034
13,4,star_sign,shuffled,0.01,0.0001,2.75794,0.10472,2034
13,8,age_bin,ema_lr1e-3,0.001,0.0001,1.34864,0.35251,2034
13,8,age_bin,ema_lr5e-3,0.005,0.0001,1.42888,0.30433,2034
13,8,age_bin,ema_lr1e-2,0.01,0.0001,1.36957,0.3176,2034
13,8,age_bin,ema_lr5e-2,0.05,0.0001,1.52864,0.3176,2034
13,8,age_bin,ema_lr1e-2_wd1e-3,0.01,0.001,1.34526,0.33825,2034
13,8,age_bin,ema_d0.99,0.01,0.0001,1.30662,0.35005,2034
13,8,age_bin,ema_d0.9999,0.01,0.0001,1.32695,0.35595,2034
13,8,age_bin,mlp_h16,0.001,0.0,0.98025,0.59882,2034
13,8,age_bin,mlp_h32,0.001,0.0,0.9689,0.59735,2034
13,8,age_bin,mlp_h64,0.001,0.0,0.96673,0.59784,2034
13,8,age_bin,mlp_h128,0.001,0.0,1.00421,0.58063,2034
13,8,age_bin,attention,0.0001,1e-05,1.17802,0.27344,2034
13,8,age_bin,shuffled,0.01,0.0001,1.3075,0.33972,2034
13,8,gender,ema_lr1e-3,0.001,0.0001,0.89168,0.50541,2034
13,8,gender,ema_lr5e-3,0.005,0.0001,0.87192,0.49558,2034
13,8,gender,ema_lr1e-2,0.01,0.0001,0.86004,0.50787,2034
13,8,gender,ema_lr5e-2,0.05,0.0001,1.44317,0.58063,2034
13,8,gender,ema_lr1e-2_wd1e-3,0.01,0.001,0.88509,0.4705,2034
13,8,gender,ema_d0.99,0.01,0.0001,0.84374,0.49558,2034
13,8,gender,ema_d0.9999,0.01,0.0001,0.89316,0.45969,2034
13,8,gender,mlp_h16,0.001,0.0,0.67961,0.59784,2034
13,8,gender,mlp_h32,0.001,0.0,0.68473,0.57866,2034
13,8,gender,mlp_h64,0.001,0.0,0.69318,0.56244,2034
13,8,gender,mlp_h128,0.001,0.0,0.71026,0.53933,2034
13,8,gender,attention,0.0001,1e-05,37.92832,0.42969,2034
13,8,gender,shuffled,0.01,0.0001,0.84541,0.49558,2034
13,8,star_sign,ema_lr1e-3,0.001,0.0001,2.9924,0.05064,2034
13,8,star_sign,ema_lr5e-3,0.005,0.0001,2.82306,0.11849,2034
13,8,star_sign,ema_lr1e-2,0.01,0.0001,2.71279,0.09046,2034
13,8,star_sign,ema_lr5e-2,0.05,0.0001,2.35154,0.33382,2034
13,8,star_sign,ema_lr1e-2_wd1e-3,0.01,0.001,2.73252,0.1175,2034
13,8,star_sign,ema_d0.99,0.01,0.0001,2.76401,0.10324,2034
13,8,star_sign,ema_d0.9999,0.01,0.0001,2.78021,0.09931,2034
13,8,star_sign,mlp_h16,0.001,0.0,2.18747,0.06293,2034
13,8,star_sign,mlp_h32,0.001,0.0,0.64819,1.0,2034
13,8,star_sign,mlp_h64,0.001,0.0,0.28183,1.0,2034
13,8,star_sign,mlp_h128,0.001,0.0,0.03911,1.0,2034
13,8,star_sign,attention,0.0001,1e-05,1.43314,0.99219,2034
13,8,star_sign,shuffled,0.01,0.0001,2.80059,0.08948,2034
13,12,age_bin,ema_lr1e-3,0.001,0.0001,1.39696,0.32645,2034
13,12,age_bin,ema_lr5e-3,0.005,0.0001,1.31187,0.35054,2034
13,12,age_bin,ema_lr1e-2,0.01,0.0001,1.27722,0.35742,2034
13,12,age_bin,ema_lr5e-2,0.05,0.0001,1.35026,0.31416,2034
13,12,age_bin,ema_lr1e-2_wd1e-3,0.01,0.001,1.29122,0.36087,2034
13,12,age_bin,ema_d0.99,0.01,0.0001,1.30376,0.3471,2034
13,12,age_bin,ema_d0.9999,0.01,0.0001,1.37566,0.32153,2034
13,12,age_bin,mlp_h16,0.001,0.0,1.06368,0.47001,2034
13,12,age_bin,mlp_h32,0.001,0.0,0.97803,0.59882,2034
13,12,age_bin,mlp_h64,0.001,0.0,0.97033,0.59341,2034
13,12,age_bin,mlp_h128,0.001,0.0,1.00516,0.56932,2034
13,12,age_bin,attention,0.0001,1e-05,1.18037,0.25781,2034
13,12,age_bin,shuffled,0.01,0.0001,1.31369,0.34857,2034
13,12,gender,ema_lr1e-3,0.001,0.0001,0.88187,0.47493,2034
13,12,gender,ema_lr5e-3,0.005,0.0001,0.84754,0.49607,2034
13,12,gender,ema_lr1e-2,0.01,0.0001,0.85316,0.53048,2034
13,12,gender,ema_lr5e-2,0.05,0.0001,1.44423,0.57178,2034
13,12,gender,ema_lr1e-2_wd1e-3,0.01,0.001,0.86948,0.50246,2034
13,12,gender,ema_d0.99,0.01,0.0001,0.8639,0.50492,2034
13,12,gender,ema_d0.9999,0.01,0.0001,0.84029,0.51622,2034
13,12,gender,mlp_h16,0.001,0.0,0.67664,0.58751,2034
13,12,gender,mlp_h32,0.001,0.0,0.68256,0.58604,2034
13,12,gender,mlp_h64,0.001,0.0,0.68479,0.57866,2034
13,12,gender,mlp_h128,0.001,0.0,0.69834,0.59292,2034
13,12,gender,attention,0.0001,1e-05,0.68517,0.53125,2034
13,12,gender,shuffled,0.01,0.0001,0.84979,0.51327,2034
13,12,star_sign,ema_lr1e-3,0.001,0.0001,2.96831,0.05851,2034
13,12,star_sign,ema_lr5e-3,0.005,0.0001,2.79642,0.10718,2034
13,12,star_sign,ema_lr1e-2,0.01,0.0001,2.79694,0.09538,2034
13,12,star_sign,ema_lr5e-2,0.05,0.0001,2.22693,0.25074,2034
13,12,star_sign,ema_lr1e-2_wd1e-3,0.01,0.001,2.73533,0.09685,2034
13,12,star_sign,ema_d0.99,0.01,0.0001,2.70597,0.08653,2034
13,12,star_sign,ema_d0.9999,0.01,0.0001,2.78559,0.11455,2034
13,12,star_sign,mlp_h16,0.001,0.0,0.89914,0.99803,2034
13,12,star_sign,mlp_h32,0.001,0.0,0.53447,1.0,2034
13,12,star_sign,mlp_h64,0.001,0.0,0.2688,1.0,2034
13,12,star_sign,mlp_h128,0.001,0.0,0.04088,1.0,2034
13,12,star_sign,attention,0.0001,1e-05,0.0,1.0,2034
13,12,star_sign,shuffled,0.01,0.0001,2.75409,0.12045,2034
13,16,age_bin,ema_lr1e-3,0.001,0.0001,1.57078,0.33677,2034
13,16,age_bin,ema_lr5e-3,0.005,0.0001,1.47358,0.31514,2034
13,16,age_bin,ema_lr1e-2,0.01,0.0001,1.39563,0.3353,2034
13,16,age_bin,ema_lr5e-2,0.05,0.0001,1.63454,0.30531,2034
13,16,age_bin,ema_lr1e-2_wd1e-3,0.01,0.001,1.37215,0.34612,2034
13,16,age_bin,ema_d0.99,0.01,0.0001,1.36107,0.32989,2034
13,16,age_bin,ema_d0.9999,0.01,0.0001,1.33288,0.32891,2034
13,16,age_bin,mlp_h16,0.001,0.0,0.98059,0.59489,2034
13,16,age_bin,mlp_h32,0.001,0.0,0.97149,0.59833,2034
13,16,age_bin,mlp_h64,0.001,0.0,0.98663,0.58063,2034
13,16,age_bin,mlp_h128,0.001,0.0,1.01053,0.55015,2034
13,16,age_bin,attention,0.0001,1e-05,1.04359,0.55469,2034
13,16,age_bin,shuffled,0.01,0.0001,1.35237,0.34808,2034
13,16,gender,ema_lr1e-3,0.001,0.0001,0.91776,0.50393,2034
13,16,gender,ema_lr5e-3,0.005,0.0001,0.94756,0.48525,2034
13,16,gender,ema_lr1e-2,0.01,0.0001,0.84949,0.5177,2034
13,16,gender,ema_lr5e-2,0.05,0.0001,1.33555,0.54572,2034
13,16,gender,ema_lr1e-2_wd1e-3,0.01,0.001,0.86905,0.50049,2034
13,16,gender,ema_d0.99,0.01,0.0001,0.88369,0.50147,2034
13,16,gender,ema_d0.9999,0.01,0.0001,0.87034,0.50885,2034
13,16,gender,mlp_h16,0.001,0.0,0.68515,0.5708,2034
13,16,gender,mlp_h32,0.001,0.0,0.6902,0.54376,2034
13,16,gender,mlp_h64,0.001,0.0,0.70023,0.51819,2034
13,16,gender,mlp_h128,0.001,0.0,0.70781,0.55113,2034
13,16,gender,attention,0.0001,1e-05,11.3013,0.42969,2034
13,16,gender,shuffled,0.01,0.0001,0.85632,0.49558,2034
13,16,star_sign,ema_lr1e-3,0.001,0.0001,2.92311,0.09145,2034
13,16,star_sign,ema_lr5e-3,0.005,0.0001,2.89921,0.10964,2034
13,16,star_sign,ema_lr1e-2,0.01,0.0001,2.79625,0.09145,2034
13,16,star_sign,ema_lr5e-2,0.05,0.0001,2.23377,0.28122,2034
13,16,star_sign,ema_lr1e-2_wd1e-3,0.01,0.001,2.8701,0.10324,2034
13,16,star_sign,ema_d0.99,0.01,0.0001,2.75241,0.0998,2034
13,16,star_sign,ema_d0.9999,0.01,0.0001,2.76822,0.1057,2034
13,16,star_sign,mlp_h16,0.001,0.0,2.03887,0.06293,2034
13,16,star_sign,mlp_h32,0.001,0.0,0.4562,1.0,2034
13,16,star_sign,mlp_h64,0.001,0.0,0.25545,1.0,2034
13,16,star_sign,mlp_h128,0.001,0.0,0.1737,1.0,2034
13,16,star_sign,attention,0.0001,1e-05,0.72348,1.0,2034
13,16,star_sign,shuffled,0.01,0.0001,2.80994,0.11849,2034
13,20,age_bin,ema_lr1e-3,0.001,0.0001,1.59586,0.33333,2034
13,20,age_bin,ema_lr5e-3,0.005,0.0001,1.5435,0.32645,2034
13,20,age_bin,ema_lr1e-2,0.01,0.0001,1.44476,0.33235,2034
13,20,age_bin,ema_lr5e-2,0.05,0.0001,1.33321,0.40167,2034
13,20,age_bin,ema_lr1e-2_wd1e-3,0.01,0.001,1.47471,0.31908,2034
13,20,age_bin,ema_d0.99,0.01,0.0001,1.45421,0.32498,2034
13,20,age_bin,ema_d0.9999,0.01,0.0001,1.40254,0.35447,2034
13,20,age_bin,mlp_h16,0.001,0.0,1.00237,0.58063,2034
13,20,age_bin,mlp_h32,0.001,0.0,0.96565,0.59243,2034
13,20,age_bin,mlp_h64,0.001,0.0,0.96841,0.59046,2034
13,20,age_bin,mlp_h128,0.001,0.0,0.98289,0.57325,2034
13,20,age_bin,attention,0.0001,1e-05,24.42443,0.23438,2034
13,20,age_bin,shuffled,0.01,0.0001,1.43092,0.32891,2034
13,20,gender,ema_lr1e-3,0.001,0.0001,1.04214,0.48279,2034
13,20,gender,ema_lr5e-3,0.005,0.0001,0.91483,0.52606,2034
13,20,gender,ema_lr1e-2,0.01,0.0001,0.92236,0.50442,2034
13,20,gender,ema_lr5e-2,0.05,0.0001,1.03677,0.54671,2034
13,20,gender,ema_lr1e-2_wd1e-3,0.01,0.001,1.01927,0.46165,2034
13,20,gender,ema_d0.99,0.01,0.0001,0.9109,0.5177,2034
13,20,gender,ema_d0.9999,0.01,0.0001,1.04311,0.46706,2034
13,20,gender,mlp_h16,0.001,0.0,0.71179,0.50147,2034
13,20,gender,mlp_h32,0.001,0.0,0.69883,0.50983,2034
13,20,gender,mlp_h64,0.001,0.0,0.70746,0.52507,2034
13,20,gender,mlp_h128,0.001,0.0,0.717,0.50147,2034
13,20,gender,attention,0.0001,1e-05,0.73326,0.50781,2034
13,20,gender,shuffled,0.01,0.0001,0.93149,0.49312,2034
13,20,star_sign,ema_lr1e-3,0.001,0.0001,3.25031,0.0703,2034
13,20,star_sign,ema_lr5e-3,0.005,0.0001,3.08877,0.08505,2034
13,20,star_sign,ema_lr1e-2,0.01,0.0001,3.00979,0.09538,2034
13,20,star_sign,ema_lr5e-2,0.05,0.0001,2.49988,0.19764,2034
13,20,star_sign,ema_lr1e-2_wd1e-3,0.01,0.001,2.95906,0.09538,2034
13,20,star_sign,ema_d0.99,0.01,0.0001,2.88476,0.11209,2034
13,20,star_sign,ema_d0.9999,0.01,0.0001,3.00381,0.11308,2034
13,20,star_sign,mlp_h16,0.001,0.0,1.38062,0.95526,2034
13,20,star_sign,mlp_h32,0.001,0.0,1.20055,0.99656,2034
13,20,star_sign,mlp_h64,0.001,0.0,0.96135,0.99803,2034
13,20,star_sign,mlp_h128,0.001,0.0,0.35532,1.0,2034
13,20,star_sign,attention,0.0001,1e-05,0.0,1.0,2034
13,20,star_sign,shuffled,0.01,0.0001,3.00461,0.10029,2034
13,24,age_bin,ema_lr1e-3,0.001,0.0001,1.58602,0.33825,2034
13,24,age_bin,ema_lr5e-3,0.005,0.0001,1.57804,0.31613,2034
13,24,age_bin,ema_lr1e-2,0.01,0.0001,1.5239,0.32153,2034
13,24,age_bin,ema_lr5e-2,0.05,0.0001,1.28142,0.39282,2034
13,24,age_bin,ema_lr1e-2_wd1e-3,0.01,0.001,1.44344,0.34857,2034
13,24,age_bin,ema_d0.99,0.01,0.0001,1.52562,0.31858,2034
13,24,age_bin,ema_d0.9999,0.01,0.0001,1.54992,0.34218,2034
13,24,age_bin,mlp_h16,0.001,0.0,1.11738,0.3235,2034
13,24,age_bin,mlp_h32,0.001,0.0,1.02042,0.49754,2034
13,24,age_bin,mlp_h64,0.001,0.0,0.98423,0.56686,2034
13,24,age_bin,mlp_h128,0.001,0.0,0.95372,0.59538,2034
13,24,age_bin,attention,0.0001,1e-05,3.59337,0.35156,2034
13,24,age_bin,shuffled,0.01,0.0001,1.50585,0.31416,2034
13,24,gender,ema_lr1e-3,0.001,0.0001,1.10916,0.47148,2034
13,24,gender,ema_lr5e-3,0.005,0.0001,0.98265,0.49754,2034
13,24,gender,ema_lr1e-2,0.01,0.0001,1.05339,0.46804,2034
13,24,gender,ema_lr5e-2,0.05,0.0001,0.90704,0.48623,2034
13,24,gender,ema_lr1e-2_wd1e-3,0.01,0.001,0.93167,0.51868,2034
13,24,gender,ema_d0.99,0.01,0.0001,1.02035,0.47788,2034
13,24,gender,ema_d0.9999,0.01,0.0001,0.92176,0.5118,2034
13,24,gender,mlp_h16,0.001,0.0,0.71308,0.51278,2034
13,24,gender,mlp_h32,0.001,0.0,0.7341,0.49853,2034
13,24,gender,mlp_h64,0.001,0.0,0.7237,0.51327,2034
13,24,gender,mlp_h128,0.001,0.0,0.74022,0.51622,2034
13,24,gender,attention,0.0001,1e-05,1.63272,0.5625,2034
13,24,gender,shuffled,0.01,0.0001,0.94686,0.50295,2034
13,24,star_sign,ema_lr1e-3,0.001,0.0001,3.32932,0.06981,2034
13,24,star_sign,ema_lr5e-3,0.005,0.0001,3.07604,0.10128,2034
13,24,star_sign,ema_lr1e-2,0.01,0.0001,3.21947,0.09587,2034
13,24,star_sign,ema_lr5e-2,0.05,0.0001,2.54767,0.17502,2034
13,24,star_sign,ema_lr1e-2_wd1e-3,0.01,0.001,3.13313,0.06342,2034
13,24,star_sign,ema_d0.99,0.01,0.0001,3.07042,0.09538,2034
13,24,star_sign,ema_d0.9999,0.01,0.0001,3.05452,0.10423,2034
13,24,star_sign,mlp_h16,0.001,0.0,2.51538,0.00639,2034
13,24,star_sign,mlp_h32,0.001,0.0,1.67815,0.79449,2034
13,24,star_sign,mlp_h64,0.001,0.0,0.96512,0.99312,2034
13,24,star_sign,mlp_h128,0.001,0.0,0.62406,1.0,2034
13,24,star_sign,attention,0.0001,1e-05,0.12233,0.96094,2034
13,24,star_sign,shuffled,0.01,0.0001,3.08816,0.06834,2034
14,0,age_bin,ema_lr1e-3,0.001,0.0001,1.58527,0.33201,1759
14,0,age_bin,ema_lr5e-3,0.005,0.0001,1.53994,0.32575,1759
14,0,age_bin,ema_lr1e-2,0.01,0.0001,1.46576,0.31097,1759
14,0,age_bin,ema_lr5e-2,0.05,0.0001,1.30129,0.37635,1759
14,0,age_bin,ema_lr1e-2_wd1e-3,0.01,0.001,1.43301,0.35873,1759
14,0,age_bin,ema_d0.99,0.01,0.0001,1.4612,0.34281,1759
14,0,age_bin,ema_d0.9999,0.01,0.0001,1.44616,0.32916,1759
14,0,age_bin,mlp_h16,0.001,0.0,1.04672,0.48778,1759
14,0,age_bin,mlp_h32,0.001,0.0,1.04247,0.49062,1759
14,0,age_bin,mlp_h64,0.001,0.0,1.03901,0.49289,1759
14,0,age_bin,mlp_h128,0.001,0.0,1.0436,0.48891,1759
14,0,age_bin,attention,0.0001,1e-05,1.09218,0.5,1759
14,0,age_bin,shuffled,0.01,0.0001,1.39267,0.31438,1759
14,0,gender,ema_lr1e-3,0.001,0.0001,1.1121,0.48607,1759
14,0,gender,ema_lr5e-3,0.005,0.0001,0.93841,0.4963,1759
14,0,gender,ema_lr1e-2,0.01,0.0001,0.96935,0.49744,1759
14,0,gender,ema_lr5e-2,0.05,0.0001,0.83091,0.49915,1759
14,0,gender,ema_lr1e-2_wd1e-3,0.01,0.001,0.93468,0.5145,1759
14,0,gender,ema_d0.99,0.01,0.0001,0.96225,0.49005,1759
14,0,gender,ema_d0.9999,0.01,0.0001,0.95269,0.49744,1759
14,0,gender,mlp_h16,0.001,0.0,0.70124,0.51677,1759
14,0,gender,mlp_h32,0.001,0.0,0.69622,0.52928,1759
14,0,gender,mlp_h64,0.001,0.0,0.7032,0.52132,1759
14,0,gender,mlp_h128,0.001,0.0,0.70486,0.51848,1759
14,0,gender,attention,0.0001,1e-05,0.69275,0.5,1759
14,0,gender,shuffled,0.01,0.0001,0.97949,0.48266,1759
14,0,star_sign,ema_lr1e-3,0.001,0.0001,3.28929,0.08641,1759
14,0,star_sign,ema_lr5e-3,0.005,0.0001,3.06937,0.09323,1759
14,0,star_sign,ema_lr1e-2,0.01,0.0001,3.00981,0.11597,1759
14,0,star_sign,ema_lr5e-2,0.05,0.0001,2.39967,0.33314,1759
14,0,star_sign,ema_lr1e-2_wd1e-3,0.01,0.001,2.96583,0.12678,1759
14,0,star_sign,ema_d0.99,0.01,0.0001,3.11656,0.11882,1759
14,0,star_sign,ema_d0.9999,0.01,0.0001,2.99139,0.12109,1759
14,0,star_sign,mlp_h16,0.001,0.0,1.65504,0.54065,1759
14,0,star_sign,mlp_h32,0.001,0.0,1.19136,0.96305,1759
14,0,star_sign,mlp_h64,0.001,0.0,0.43529,1.0,1759
14,0,star_sign,mlp_h128,0.001,0.0,0.26329,1.0,1759
14,0,star_sign,attention,0.0001,1e-05,2.44126,0.99219,1759
14,0,star_sign,shuffled,0.01,0.0001,2.9845,0.07504,1759
14,4,age_bin,ema_lr1e-3,0.001,0.0001,1.3946,0.34053,1759
14,4,age_bin,ema_lr5e-3,0.005,0.0001,1.33709,0.32348,1759
14,4,age_bin,ema_lr1e-2,0.01,0.0001,1.3539,0.33258,1759
14,4,age_bin,ema_lr5e-2,0.05,0.0001,1.83571,0.27288,1759
14,4,age_bin,ema_lr1e-2_wd1e-3,0.01,0.001,1.27282,0.37067,1759
14,4,age_bin,ema_d0.99,0.01,0.0001,1.27376,0.35873,1759
14,4,age_bin,ema_d0.9999,0.01,0.0001,1.29573,0.3502,1759
14,4,age_bin,mlp_h16,0.001,0.0,1.04371,0.49119,1759
14,4,age_bin,mlp_h32,0.001,0.0,1.04557,0.48607,1759
14,4,age_bin,mlp_h64,0.001,0.0,1.04242,0.49005,1759
14,4,age_bin,mlp_h128,0.001,0.0,1.06388,0.47356,1759
14,4,age_bin,attention,0.0001,1e-05,1.03643,0.49219,1759
14,4,age_bin,shuffled,0.01,0.0001,1.32217,0.32291,1759
14,4,gender,ema_lr1e-3,0.001,0.0001,0.88496,0.48493,1759
14,4,gender,ema_lr5e-3,0.005,0.0001,0.86225,0.48664,1759
14,4,gender,ema_lr1e-2,0.01,0.0001,0.84626,0.5145,1759
14,4,gender,ema_lr5e-2,0.05,0.0001,1.3524,0.49346,1759
14,4,gender,ema_lr1e-2_wd1e-3,0.01,0.001,0.84562,0.50824,1759
14,4,gender,ema_d0.99,0.01,0.0001,0.83541,0.5037,1759
14,4,gender,ema_d0.9999,0.01,0.0001,0.84537,0.48835,1759
14,4,gender,mlp_h16,0.001,0.0,0.6973,0.52871,1759
14,4,gender,mlp_h32,0.001,0.0,0.70548,0.527,1759
14,4,gender,mlp_h64,0.001,0.0,0.70377,0.52246,1759
14,4,gender,mlp_h128,0.001,0.0,0.71128,0.52359,1759
14,4,gender,attention,0.0001,1e-05,3.86591,0.5,1759
14,4,gender,shuffled,0.01,0.0001,0.81131,0.52871,1759
14,4,star_sign,ema_lr1e-3,0.001,0.0001,2.9393,0.05287,1759
14,4,star_sign,ema_lr5e-3,0.005,0.0001,2.82246,0.07675,1759
14,4,star_sign,ema_lr1e-2,0.01,0.0001,2.74546,0.09267,1759
14,4,star_sign,ema_lr5e-2,0.05,0.0001,2.20763,0.33542,1759
14,4,star_sign,ema_lr1e-2_wd1e-3,0.01,0.001,2.7266,0.1137,1759
14,4,star_sign,ema_d0.99,0.01,0.0001,2.68377,0.0938,1759
14,4,star_sign,ema_d0.9999,0.01,0.0001,2.69994,0.10972,1759
14,4,star_sign,mlp_h16,0.001,0.0,0.68126,0.92723,1759
14,4,star_sign,mlp_h32,0.001,0.0,0.45994,1.0,1759
14,4,star_sign,mlp_h64,0.001,0.0,0.25345,1.0,1759
14,4,star_sign,mlp_h128,0.001,0.0,0.03441,1.0,1759
14,4,star_sign,attention,0.0001,1e-05,1.6948,1.0,1759
14,4,star_sign,shuffled,0.01,0.0001,2.6992,0.12166,1759
14,8,age_bin,ema_lr1e-3,0.001,0.0001,1.37166,0.33769,1759
14,8,age_bin,ema_lr5e-3,0.005,0.0001,1.33785,0.35986,1759
14,8,age_bin,ema_lr1e-2,0.01,0.0001,1.36302,0.32234,1759
14,8,age_bin,ema_lr5e-2,0.05,0.0001,1.60888,0.42297,1759
14,8,age_bin,ema_lr1e-2_wd1e-3,0.01,0.001,1.31283,0.3593,1759
14,8,age_bin,ema_d0.99,0.01,0.0001,1.28727,0.33826,1759
14,8,age_bin,ema_d0.9999,0.01,0.0001,1.35305,0.3104,1759
14,8,age_bin,mlp_h16,0.001,0.0,1.04263,0.49176,1759
14,8,age_bin,mlp_h32,0.001,0.0,1.04933,0.49119,1759
14,8,age_bin,mlp_h64,0.001,0.0,1.048,0.49005,1759
14,8,age_bin,mlp_h128,0.001,0.0,1.05468,0.46845,1759
14,8,age_bin,attention,0.0001,1e-05,1.11071,0.35156,1759
14,8,age_bin,shuffled,0.01,0.0001,1.31203,0.3286,1759
14,8,gender,ema_lr1e-3,0.001,0.0001,0.87891,0.50426,1759
14,8,gender,ema_lr5e-3,0.005,0.0001,0.87995,0.48891,1759
14,8,gender,ema_lr1e-2,0.01,0.0001,0.8696,0.49289,1759
14,8,gender,ema_lr5e-2,0.05,0.0001,1.29885,0.48607,1759
14,8,gender,ema_lr1e-2_wd1e-3,0.01,0.001,0.83807,0.51904,1759
14,8,gender,ema_d0.99,0.01,0.0001,0.86637,0.48209,1759
14,8,gender,ema_d0.9999,0.01,0.0001,0.83785,0.50483,1759
14,8,gender,mlp_h16,0.001,0.0,0.70598,0.51052,1759
14,8,gender,mlp_h32,0.001,0.0,0.71216,0.52132,1759
14,8,gender,mlp_h64,0.001,0.0,0.71146,0.52189,1759
14,8,gender,mlp_h128,0.001,0.0,0.70978,0.52473,1759
14,8,gender,attention,0.0001,1e-05,30.91717,0.5,1759
14,8,gender,shuffled,0.01,0.0001,0.81364,0.51961,1759
14,8,star_sign,ema_lr1e-3,0.001,0.0001,2.96379,0.0631,1759
14,8,star_sign,ema_lr5e-3,0.005,0.0001,2.80822,0.12507,1759
14,8,star_sign,ema_lr1e-2,0.01,0.0001,2.76929,0.08243,1759
14,8,star_sign,ema_lr5e-2,0.05,0.0001,2.27444,0.25753,1759
14,8,star_sign,ema_lr1e-2_wd1e-3,0.01,0.001,2.76562,0.10517,1759
14,8,star_sign,ema_d0.99,0.01,0.0001,2.75303,0.11029,1759
14,8,star_sign,ema_d0.9999,0.01,0.0001,2.73705,0.10063,1759
14,8,star_sign,mlp_h16,0.001,0.0,2.13158,0.07334,1759
14,8,star_sign,mlp_h32,0.001,0.0,0.5369,1.0,1759
14,8,star_sign,mlp_h64,0.001,0.0,0.20565,1.0,1759
14,8,star_sign,mlp_h128,0.001,0.0,0.02439,1.0,1759
14,8,star_sign,attention,0.0001,1e-05,1.30321,1.0,1759
14,8,star_sign,shuffled,0.01,0.0001,2.71843,0.1137,1759
14,12,age_bin,ema_lr1e-3,0.001,0.0001,1.38869,0.32177,1759
14,12,age_bin,ema_lr5e-3,0.005,0.0001,1.34085,0.3502,1759
14,12,age_bin,ema_lr1e-2,0.01,0.0001,1.27737,0.34622,1759
14,12,age_bin,ema_lr5e-2,0.05,0.0001,1.67962,0.42524,1759
14,12,age_bin,ema_lr1e-2_wd1e-3,0.01,0.001,1.38688,0.31495,1759
14,12,age_bin,ema_d0.99,0.01,0.0001,1.26805,0.35532,1759
14,12,age_bin,ema_d0.9999,0.01,0.0001,1.32697,0.35645,1759
14,12,age_bin,mlp_h16,0.001,0.0,1.0596,0.45196,1759
14,12,age_bin,mlp_h32,0.001,0.0,1.03685,0.48948,1759
14,12,age_bin,mlp_h64,0.001,0.0,1.04545,0.48948,1759
14,12,age_bin,mlp_h128,0.001,0.0,1.0582,0.47754,1759
14,12,age_bin,attention,0.0001,1e-05,1.2066,0.24219,1759
14,12,age_bin,shuffled,0.01,0.0001,1.3276,0.3394,1759
14,12,gender,ema_lr1e-3,0.001,0.0001,0.86301,0.50313,1759
14,12,gender,ema_lr5e-3,0.005,0.0001,0.82993,0.51563,1759
14,12,gender,ema_lr1e-2,0.01,0.0001,0.87094,0.50085,1759
14,12,gender,ema_lr5e-2,0.05,0.0001,1.31058,0.48096,1759
14,12,gender,ema_lr1e-2_wd1e-3,0.01,0.001,0.84557,0.51336,1759
14,12,gender,ema_d0.99,0.01,0.0001,0.84659,0.48835,1759
14,12,gender,ema_d0.9999,0.01,0.0001,0.83499,0.49289,1759
14,12,gender,mlp_h16,0.001,0.0,0.70584,0.52075,1759
14,12,gender,mlp_h32,0.001,0.0,0.70331,0.51563,1759
14,12,gender,mlp_h64,0.001,0.0,0.70957,0.51336,1759
14,12,gender,mlp_h128,0.001,0.0,0.71515,0.52359,1759
14,12,gender,attention,0.0001,1e-05,0.71137,0.53125,1759
14,12,gender,shuffled,0.01,0.0001,0.86153,0.50711,1759
14,12,star_sign,ema_lr1e-3,0.001,0.0001,2.98179,0.05969,1759
14,12,star_sign,ema_lr5e-3,0.005,0.0001,2.84511,0.08812,1759
14,12,star_sign,ema_lr1e-2,0.01,0.0001,2.76132,0.11825,1759
14,12,star_sign,ema_lr5e-2,0.05,0.0001,2.28162,0.30699,1759
14,12,star_sign,ema_lr1e-2_wd1e-3,0.01,0.001,2.73647,0.09437,1759
14,12,star_sign,ema_d0.99,0.01,0.0001,2.73237,0.09551,1759
14,12,star_sign,ema_d0.9999,0.01,0.0001,2.70087,0.11825,1759
14,12,star_sign,mlp_h16,0.001,0.0,0.81826,1.0,1759
14,12,star_sign,mlp_h32,0.001,0.0,0.44416,1.0,1759
14,12,star_sign,mlp_h64,0.001,0.0,0.19064,1.0,1759
14,12,star_sign,mlp_h128,0.001,0.0,0.0262,1.0,1759
14,12,star_sign,attention,0.0001,1e-05,0.0,1.0,1759
14,12,star_sign,shuffled,0.01,0.0001,2.7751,0.11484,1759
14,16,age_bin,ema_lr1e-3,0.001,0.0001,1.55732,0.33485,1759
14,16,age_bin,ema_lr5e-3,0.005,0.0001,1.32969,0.3701,1759
14,16,age_bin,ema_lr1e-2,0.01,0.0001,1.425,0.3104,1759
14,16,age_bin,ema_lr5e-2,0.05,0.0001,1.63259,0.29449,1759
14,16,age_bin,ema_lr1e-2_wd1e-3,0.01,0.001,1.37783,0.3411,1759
14,16,age_bin,ema_d0.99,0.01,0.0001,1.38313,0.33428,1759
14,16,age_bin,ema_d0.9999,0.01,0.0001,1.27282,0.3502,1759
14,16,age_bin,mlp_h16,0.001,0.0,1.03949,0.49233,1759
14,16,age_bin,mlp_h32,0.001,0.0,1.03046,0.4946,1759
14,16,age_bin,mlp_h64,0.001,0.0,1.02935,0.4855,1759
14,16,age_bin,mlp_h128,0.001,0.0,1.03595,0.47072,1759
14,16,age_bin,attention,0.0001,1e-05,1.04614,0.5,1759
14,16,age_bin,shuffled,0.01,0.0001,1.32273,0.35759,1759
14,16,gender,ema_lr1e-3,0.001,0.0001,0.89222,0.49915,1759
14,16,gender,ema_lr5e-3,0.005,0.0001,0.90483,0.51336,1759
14,16,gender,ema_lr1e-2,0.01,0.0001,0.94797,0.4639,1759
14,16,gender,ema_lr5e-2,0.05,0.0001,1.12992,0.49744,1759
14,16,gender,ema_lr1e-2_wd1e-3,0.01,0.001,0.83759,0.51393,1759
14,16,gender,ema_d0.99,0.01,0.0001,0.8548,0.49346,1759
14,16,gender,ema_d0.9999,0.01,0.0001,0.86815,0.51336,1759
14,16,gender,mlp_h16,0.001,0.0,0.69658,0.53326,1759
14,16,gender,mlp_h32,0.001,0.0,0.69499,0.55372,1759
14,16,gender,mlp_h64,0.001,0.0,0.70873,0.53781,1759
14,16,gender,mlp_h128,0.001,0.0,0.71595,0.53496,1759
14,16,gender,attention,0.0001,1e-05,7.69462,0.5,1759
14,16,gender,shuffled,0.01,0.0001,0.83487,0.50881,1759
14,16,star_sign,ema_lr1e-3,0.001,0.0001,2.89832,0.0938,1759
14,16,star_sign,ema_lr5e-3,0.005,0.0001,2.8804,0.10858,1759
14,16,star_sign,ema_lr1e-2,0.01,0.0001,2.79461,0.1029,1759
14,16,star_sign,ema_lr5e-2,0.05,0.0001,2.27797,0.24218,1759
14,16,star_sign,ema_lr1e-2_wd1e-3,0.01,0.001,2.93251,0.08926,1759
14,16,star_sign,ema_d0.99,0.01,0.0001,2.79129,0.11143,1759
14,16,star_sign,ema_d0.9999,0.01,0.0001,2.85865,0.0938,1759
14,16,star_sign,mlp_h16,0.001,0.0,1.98157,0.07277,1759
14,16,star_sign,mlp_h32,0.001,0.0,0.34863,1.0,1759
14,16,star_sign,mlp_h64,0.001,0.0,0.19127,1.0,1759
14,16,star_sign,mlp_h128,0.001,0.0,0.1191,1.0,1759
14,16,star_sign,attention,0.0001,1e-05,0.63503,1.0,1759
14,16,star_sign,shuffled,0.01,0.0001,2.76604,0.11086,1759
14,20,age_bin,ema_lr1e-3,0.001,0.0001,1.58969,0.32518,1759
14,20,age_bin,ema_lr5e-3,0.005,0.0001,1.51223,0.32803,1759
14,20,age_bin,ema_lr1e-2,0.01,0.0001,1.42936,0.32689,1759
14,20,age_bin,ema_lr5e-2,0.05,0.0001,1.29046,0.35418,1759
14,20,age_bin,ema_lr1e-2_wd1e-3,0.01,0.001,1.45972,0.31495,1759
14,20,age_bin,ema_d0.99,0.01,0.0001,1.45437,0.32973,1759
14,20,age_bin,ema_d0.9999,0.01,0.0001,1.39669,0.36725,1759
14,20,age_bin,mlp_h16,0.001,0.0,1.0438,0.4855,1759
14,20,age_bin,mlp_h32,0.001,0.0,1.04492,0.49403,1759
14,20,age_bin,mlp_h64,0.001,0.0,1.02445,0.48835,1759
14,20,age_bin,mlp_h128,0.001,0.0,1.0228,0.49062,1759
14,20,age_bin,attention,0.0001,1e-05,29.57707,0.21094,1759
14,20,age_bin,shuffled,0.01,0.0001,1.42296,0.33997,1759
14,20,gender,ema_lr1e-3,0.001,0.0001,0.98452,0.49801,1759
14,20,gender,ema_lr5e-3,0.005,0.0001,0.96496,0.48948,1759
14,20,gender,ema_lr1e-2,0.01,0.0001,0.90241,0.50767,1759
14,20,gender,ema_lr5e-2,0.05,0.0001,0.98418,0.49517,1759
14,20,gender,ema_lr1e-2_wd1e-3,0.01,0.001,0.84039,0.56339,1759
14,20,gender,ema_d0.99,0.01,0.0001,0.97776,0.47584,1759
14,20,gender,ema_d0.9999,0.01,0.0001,0.93913,0.50199,1759
14,20,gender,mlp_h16,0.001,0.0,0.69907,0.52246,1759
14,20,gender,mlp_h32,0.001,0.0,0.69991,0.54065,1759
14,20,gender,mlp_h64,0.001,0.0,0.7133,0.52302,1759
14,20,gender,mlp_h128,0.001,0.0,0.72392,0.53781,1759
14,20,gender,attention,0.0001,1e-05,0.77038,0.44531,1759
14,20,gender,shuffled,0.01,0.0001,0.88427,0.50313,1759
14,20,star_sign,ema_lr1e-3,0.001,0.0001,3.23716,0.07561,1759
14,20,star_sign,ema_lr5e-3,0.005,0.0001,2.96919,0.09721,1759
14,20,star_sign,ema_lr1e-2,0.01,0.0001,3.00854,0.11825,1759
14,20,star_sign,ema_lr5e-2,0.05,0.0001,2.37603,0.24275,1759
14,20,star_sign,ema_lr1e-2_wd1e-3,0.01,0.001,3.01403,0.09494,1759
14,20,star_sign,ema_d0.99,0.01,0.0001,2.97948,0.10006,1759
14,20,star_sign,ema_d0.9999,0.01,0.0001,2.98082,0.08186,1759
14,20,star_sign,mlp_h16,0.001,0.0,1.25214,0.97783,1759
14,20,star_sign,mlp_h32,0.001,0.0,1.08514,1.0,1759
14,20,star_sign,mlp_h64,0.001,0.0,0.79047,0.99886,1759
14,20,star_sign,mlp_h128,0.001,0.0,0.25369,1.0,1759
14,20,star_sign,attention,0.0001,1e-05,0.0,1.0,1759
14,20,star_sign,shuffled,0.01,0.0001,2.92301,0.10404,1759
14,24,age_bin,ema_lr1e-3,0.001,0.0001,1.68346,0.32916,1759
14,24,age_bin,ema_lr5e-3,0.005,0.0001,1.51704,0.34224,1759
14,24,age_bin,ema_lr1e-2,0.01,0.0001,1.42899,0.33314,1759
14,24,age_bin,ema_lr5e-2,0.05,0.0001,1.31701,0.3593,1759
14,24,age_bin,ema_lr1e-2_wd1e-3,0.01,0.001,1.52481,0.31893,1759
14,24,age_bin,ema_d0.99,0.01,0.0001,1.48067,0.33883,1759
14,24,age_bin,ema_d0.9999,0.01,0.0001,1.53581,0.34281,1759
14,24,age_bin,mlp_h16,0.001,0.0,1.09525,0.35361,1759
14,24,age_bin,mlp_h32,0.001,0.0,1.0715,0.43775,1759
14,24,age_bin,mlp_h64,0.001,0.0,1.03958,0.49233,1759
14,24,age_bin,mlp_h128,0.001,0.0,1.03826,0.48209,1759
14,24,age_bin,attention,0.0001,1e-05,3.61913,0.25,1759
14,24,age_bin,shuffled,0.01,0.0001,1.46292,0.32121,1759
14,24,gender,ema_lr1e-3,0.001,0.0001,0.93662,0.55372,1759
14,24,gender,ema_lr5e-3,0.005,0.0001,0.93119,0.50995,1759
14,24,gender,ema_lr1e-2,0.01,0.0001,0.88491,0.54633,1759
14,24,gender,ema_lr5e-2,0.05,0.0001,0.89056,0.47754,1759
14,24,gender,ema_lr1e-2_wd1e-3,0.01,0.001,0.93377,0.50938,1759
14,24,gender,ema_d0.99,0.01,0.0001,0.97884,0.49517,1759
14,24,gender,ema_d0.9999,0.01,0.0001,0.9689,0.49858,1759
14,24,gender,mlp_h16,0.001,0.0,0.71378,0.53383,1759
14,24,gender,mlp_h32,0.001,0.0,0.72666,0.53553,1759
14,24,gender,mlp_h64,0.001,0.0,0.71375,0.54974,1759
14,24,gender,mlp_h128,0.001,0.0,0.72898,0.55543,1759
14,24,gender,attention,0.0001,1e-05,1.57867,0.53125,1759
14,24,gender,shuffled,0.01,0.0001,0.89797,0.50881,1759
14,24,star_sign,ema_lr1e-3,0.001,0.0001,3.24794,0.08926,1759
14,24,star_sign,ema_lr5e-3,0.005,0.0001,3.15317,0.09096,1759
14,24,star_sign,ema_lr1e-2,0.01,0.0001,3.10607,0.10233,1759
14,24,star_sign,ema_lr5e-2,0.05,0.0001,2.46534,0.1967,1759
14,24,star_sign,ema_lr1e-2_wd1e-3,0.01,0.001,2.97267,0.10858,1759
14,24,star_sign,ema_d0.99,0.01,0.0001,3.1179,0.10176,1759
14,24,star_sign,ema_d0.9999,0.01,0.0001,3.07541,0.1137,1759
14,24,star_sign,mlp_h16,0.001,0.0,2.46758,0.02786,1759
14,24,star_sign,mlp_h32,0.001,0.0,1.57328,0.86015,1759
14,24,star_sign,mlp_h64,0.001,0.0,0.83803,0.99829,1759
14,24,star_sign,mlp_h128,0.001,0.0,0.52241,1.0,1759
14,24,star_sign,attention,0.0001,1e-05,0.05508,0.97656,1759
14,24,star_sign,shuffled,0.01,0.0001,3.02436,0.08926,1759
15,0,age_bin,ema_lr1e-3,0.001,0.0001,1.58894,0.34133,1834
15,0,age_bin,ema_lr5e-3,0.005,0.0001,1.56143,0.31298,1834
15,0,age_bin,ema_lr1e-2,0.01,0.0001,1.45917,0.32279,1834
15,0,age_bin,ema_lr5e-2,0.05,0.0001,1.30997,0.36423,1834
15,0,age_bin,ema_lr1e-2_wd1e-3,0.01,0.001,1.41563,0.37895,1834
15,0,age_bin,ema_d0.99,0.01,0.0001,1.48769,0.31897,1834
15,0,age_bin,ema_d0.9999,0.01,0.0001,1.39589,0.32225,1834
15,0,age_bin,mlp_h16,0.001,0.0,1.09377,0.41058,1834
15,0,age_bin,mlp_h32,0.001,0.0,1.08398,0.41985,1834
15,0,age_bin,mlp_h64,0.001,0.0,1.07637,0.42312,1834
15,0,age_bin,mlp_h128,0.001,0.0,1.07949,0.42148,1834
15,0,age_bin,attention,0.0001,1e-05,1.09167,0.49219,1834
15,0,age_bin,shuffled,0.01,0.0001,1.40345,0.32661,1834
15,0,gender,ema_lr1e-3,0.001,0.0001,1.12069,0.48364,1834
15,0,gender,ema_lr5e-3,0.005,0.0001,0.9635,0.49509,1834
15,0,gender,ema_lr1e-2,0.01,0.0001,0.93532,0.51309,1834
15,0,gender,ema_lr5e-2,0.05,0.0001,0.82193,0.50545,1834
15,0,gender,ema_lr1e-2_wd1e-3,0.01,0.001,0.89775,0.51527,1834
15,0,gender,ema_d0.99,0.01,0.0001,0.90296,0.52017,1834
15,0,gender,ema_d0.9999,0.01,0.0001,0.95758,0.49891,1834
15,0,gender,mlp_h16,0.001,0.0,0.70437,0.50055,1834
15,0,gender,mlp_h32,0.001,0.0,0.70061,0.49673,1834
15,0,gender,mlp_h64,0.001,0.0,0.70691,0.49782,1834
15,0,gender,mlp_h128,0.001,0.0,0.71414,0.49182,1834
15,0,gender,attention,0.0001,1e-05,0.69267,0.52344,1834
15,0,gender,shuffled,0.01,0.0001,0.95809,0.49182,1834
15,0,star_sign,ema_lr1e-3,0.001,0.0001,3.27096,0.08997,1834
15,0,star_sign,ema_lr5e-3,0.005,0.0001,3.08709,0.08997,1834
15,0,star_sign,ema_lr1e-2,0.01,0.0001,2.97037,0.09051,1834
15,0,star_sign,ema_lr5e-2,0.05,0.0001,2.30679,0.33588,1834
15,0,star_sign,ema_lr1e-2_wd1e-3,0.01,0.001,2.96562,0.13413,1834
15,0,star_sign,ema_d0.99,0.01,0.0001,3.06366,0.12214,1834
15,0,star_sign,ema_d0.9999,0.01,0.0001,2.95803,0.13141,1834
15,0,star_sign,mlp_h16,0.001,0.0,1.55695,0.58342,1834
15,0,star_sign,mlp_h32,0.001,0.0,1.08921,0.98146,1834
15,0,star_sign,mlp_h64,0.001,0.0,0.35544,1.0,1834
15,0,star_sign,mlp_h128,0.001,0.0,0.19611,1.0,1834
15,0,star_sign,attention,0.0001,1e-05,2.43816,0.99219,1834
15,0,star_sign,shuffled,0.01,0.0001,2.94506,0.07306,1834
15,4,age_bin,ema_lr1e-3,0.001,0.0001,1.42028,0.32225,1834
15,4,age_bin,ema_lr5e-3,0.005,0.0001,1.30972,0.3506,1834
15,4,age_bin,ema_lr1e-2,0.01,0.0001,1.34222,0.33043,1834
15,4,age_bin,ema_lr5e-2,0.05,0.0001,1.92612,0.39204,1834
15,4,age_bin,ema_lr1e-2_wd1e-3,0.01,0.001,1.32432,0.33043,1834
15,4,age_bin,ema_d0.99,0.01,0.0001,1.34623,0.32061,1834
15,4,age_bin,ema_d0.9999,0.01,0.0001,1.33287,0.34024,1834
15,4,age_bin,mlp_h16,0.001,0.0,1.08126,0.41985,1834
15,4,age_bin,mlp_h32,0.001,0.0,1.06651,0.42039,1834
15,4,age_bin,mlp_h64,0.001,0.0,1.07067,0.4193,1834
15,4,age_bin,mlp_h128,0.001,0.0,1.10561,0.40785,1834
15,4,age_bin,attention,0.0001,1e-05,1.04125,0.48438,1834
15,4,age_bin,shuffled,0.01,0.0001,1.2869,0.33751,1834
15,4,gender,ema_lr1e-3,0.001,0.0001,0.87742,0.48909,1834
15,4,gender,ema_lr5e-3,0.005,0.0001,0.8551,0.48746,1834
15,4,gender,ema_lr1e-2,0.01,0.0001,0.83562,0.50763,1834
15,4,gender,ema_lr5e-2,0.05,0.0001,1.82668,0.48364,1834
15,4,gender,ema_lr1e-2_wd1e-3,0.01,0.001,0.82999,0.52454,1834
15,4,gender,ema_d0.99,0.01,0.0001,0.85519,0.47819,1834
15,4,gender,ema_d0.9999,0.01,0.0001,0.80704,0.51527,1834
15,4,gender,mlp_h16,0.001,0.0,0.70421,0.50545,1834
15,4,gender,mlp_h32,0.001,0.0,0.70522,0.50818,1834
15,4,gender,mlp_h64,0.001,0.0,0.6983,0.52999,1834
15,4,gender,mlp_h128,0.001,0.0,0.71648,0.51145,1834
15,4,gender,attention,0.0001,1e-05,3.05845,0.51562,1834
15,4,gender,shuffled,0.01,0.0001,0.81785,0.51418,1834
15,4,star_sign,ema_lr1e-3,0.001,0.0001,2.93282,0.05834,1834
15,4,star_sign,ema_lr5e-3,0.005,0.0001,2.85311,0.06761,1834
15,4,star_sign,ema_lr1e-2,0.01,0.0001,2.7496,0.1096,1834
15,4,star_sign,ema_lr5e-2,0.05,0.0001,2.24506,0.22192,1834
15,4,star_sign,ema_lr1e-2_wd1e-3,0.01,0.001,2.71625,0.1265,1834
15,4,star_sign,ema_d0.99,0.01,0.0001,2.65793,0.09978,1834
15,4,star_sign,ema_d0.9999,0.01,0.0001,2.67307,0.11559,1834
15,4,star_sign,mlp_h16,0.001,0.0,0.59494,0.93021,1834
15,4,star_sign,mlp_h32,0.001,0.0,0.37079,1.0,1834
15,4,star_sign,mlp_h64,0.001,0.0,0.19515,1.0,1834
15,4,star_sign,mlp_h128,0.001,0.0,0.02204,1.0,1834
15,4,star_sign,attention,0.0001,1e-05,1.65541,1.0,1834
15,4,star_sign,shuffled,0.01,0.0001,2.74889,0.08615,1834
15,8,age_bin,ema_lr1e-3,0.001,0.0001,1.35627,0.33315,1834
15,8,age_bin,ema_lr5e-3,0.005,0.0001,1.35498,0.3386,1834
15,8,age_bin,ema_lr1e-2,0.01,0.0001,1.34283,0.3337,1834
15,8,age_bin,ema_lr5e-2,0.05,0.0001,1.60444,0.37186,1834
15,8,age_bin,ema_lr1e-2_wd1e-3,0.01,0.001,1.30663,0.36369,1834
15,8,age_bin,ema_d0.99,0.01,0.0001,1.26477,0.36205,1834
15,8,age_bin,ema_d0.9999,0.01,0.0001,1.381,0.31352,1834
15,8,age_bin,mlp_h16,0.001,0.0,1.09393,0.41876,1834
15,8,age_bin,mlp_h32,0.001,0.0,1.10698,0.4193,1834
15,8,age_bin,mlp_h64,0.001,0.0,1.11117,0.41985,1834
15,8,age_bin,mlp_h128,0.001,0.0,1.07693,0.41058,1834
15,8,age_bin,attention,0.0001,1e-05,1.12422,0.35938,1834
15,8,age_bin,shuffled,0.01,0.0001,1.314,0.32879,1834
15,8,gender,ema_lr1e-3,0.001,0.0001,0.87362,0.51091,1834
15,8,gender,ema_lr5e-3,0.005,0.0001,0.84307,0.52835,1834
15,8,gender,ema_lr1e-2,0.01,0.0001,0.77666,0.54798,1834
15,8,gender,ema_lr5e-2,0.05,0.0001,1.65679,0.49782,1834
15,8,gender,ema_lr1e-2_wd1e-3,0.01,0.001,0.84965,0.50709,1834
15,8,gender,ema_d0.99,0.01,0.0001,0.86827,0.47873,1834
15,8,gender,ema_d0.9999,0.01,0.0001,0.8249,0.50491,1834
15,8,gender,mlp_h16,0.001,0.0,0.70748,0.48964,1834
15,8,gender,mlp_h32,0.001,0.0,0.69471,0.51745,1834
15,8,gender,mlp_h64,0.001,0.0,0.69996,0.52454,1834
15,8,gender,mlp_h128,0.001,0.0,0.68314,0.56434,1834
15,8,gender,attention,0.0001,1e-05,29.40234,0.48438,1834
15,8,gender,shuffled,0.01,0.0001,0.86704,0.47383,1834
15,8,star_sign,ema_lr1e-3,0.001,0.0001,2.88771,0.06816,1834
15,8,star_sign,ema_lr5e-3,0.005,0.0001,2.78822,0.12759,1834
15,8,star_sign,ema_lr1e-2,0.01,0.0001,2.71664,0.11396,1834
15,8,star_sign,ema_lr5e-2,0.05,0.0001,2.2391,0.25191,1834
15,8,star_sign,ema_lr1e-2_wd1e-3,0.01,0.001,2.72115,0.10142,1834
15,8,star_sign,ema_d0.99,0.01,0.0001,2.71646,0.12323,1834
15,8,star_sign,ema_d0.9999,0.01,0.0001,2.75889,0.11123,1834
15,8,star_sign,mlp_h16,0.001,0.0,2.10391,0.07197,1834
15,8,star_sign,mlp_h32,0.001,0.0,0.44909,1.0,1834
15,8,star_sign,mlp_h64,0.001,0.0,0.15377,1.0,1834
15,8,star_sign,mlp_h128,0.001,0.0,0.01585,1.0,1834
15,8,star_sign,attention,0.0001,1e-05,1.25512,1.0,1834
15,8,star_sign,shuffled,0.01,0.0001,2.69891,0.11941,1834
15,12,age_bin,ema_lr1e-3,0.001,0.0001,1.36016,0.35987,1834
15,12,age_bin,ema_lr5e-3,0.005,0.0001,1.34668,0.32061,1834
15,12,age_bin,ema_lr1e-2,0.01,0.0001,1.34792,0.33261,1834
15,12,age_bin,ema_lr5e-2,0.05,0.0001,1.74352,0.38495,1834
15,12,age_bin,ema_lr1e-2_wd1e-3,0.01,0.001,1.35481,0.32497,1834
15,12,age_bin,ema_d0.99,0.01,0.0001,1.27682,0.37186,1834
15,12,age_bin,ema_d0.9999,0.01,0.0001,1.36323,0.32933,1834
15,12,age_bin,mlp_h16,0.001,0.0,1.05374,0.41167,1834
15,12,age_bin,mlp_h32,0.001,0.0,1.0907,0.41767,1834
15,12,age_bin,mlp_h64,0.001,0.0,1.11433,0.4084,1834
15,12,age_bin,mlp_h128,0.001,0.0,1.12817,0.4084,1834
15,12,age_bin,attention,0.0001,1e-05,1.18925,0.22656,1834
15,12,age_bin,shuffled,0.01,0.0001,1.32016,0.32388,1834
15,12,gender,ema_lr1e-3,0.001,0.0001,0.84174,0.51963,1834
15,12,gender,ema_lr5e-3,0.005,0.0001,0.85069,0.50654,1834
15,12,gender,ema_lr1e-2,0.01,0.0001,0.88305,0.48528,1834
15,12,gender,ema_lr5e-2,0.05,0.0001,1.66188,0.50436,1834
15,12,gender,ema_lr1e-2_wd1e-3,0.01,0.001,0.86767,0.49618,1834
15,12,gender,ema_d0.99,0.01,0.0001,0.83229,0.51091,1834
15,12,gender,ema_d0.9999,0.01,0.0001,0.8524,0.48691,1834
15,12,gender,mlp_h16,0.001,0.0,0.70192,0.51254,1834
15,12,gender,mlp_h32,0.001,0.0,0.70508,0.50709,1834
15,12,gender,mlp_h64,0.001,0.0,0.71137,0.49891,1834
15,12,gender,mlp_h128,0.001,0.0,0.70832,0.51963,1834
15,12,gender,attention,0.0001,1e-05,0.69939,0.53125,1834
15,12,gender,shuffled,0.01,0.0001,0.87959,0.50709,1834
15,12,star_sign,ema_lr1e-3,0.001,0.0001,2.97416,0.05671,1834
15,12,star_sign,ema_lr5e-3,0.005,0.0001,2.75062,0.10251,1834
15,12,star_sign,ema_lr1e-2,0.01,0.0001,2.67818,0.12541,1834
15,12,star_sign,ema_lr5e-2,0.05,0.0001,2.26977,0.22901,1834
15,12,star_sign,ema_lr1e-2_wd1e-3,0.01,0.001,2.68281,0.09542,1834
15,12,star_sign,ema_d0.99,0.01,0.0001,2.70534,0.08451,1834
15,12,star_sign,ema_d0.9999,0.01,0.0001,2.7194,0.10905,1834
15,12,star_sign,mlp_h16,0.001,0.0,0.73022,0.99945,1834
15,12,star_sign,mlp_h32,0.001,0.0,0.36748,1.0,1834
15,12,star_sign,mlp_h64,0.001,0.0,0.13579,1.0,1834
15,12,star_sign,mlp_h128,0.001,0.0,0.01745,1.0,1834
15,12,star_sign,attention,0.0001,1e-05,0.0,1.0,1834
15,12,star_sign,shuffled,0.01,0.0001,2.76434,0.11996,1834
15,16,age_bin,ema_lr1e-3,0.001,0.0001,1.52472,0.33424,1834
15,16,age_bin,ema_lr5e-3,0.005,0.0001,1.35261,0.35169,1834
15,16,age_bin,ema_lr1e-2,0.01,0.0001,1.37558,0.33097,1834
15,16,age_bin,ema_lr5e-2,0.05,0.0001,1.89181,0.36532,1834
15,16,age_bin,ema_lr1e-2_wd1e-3,0.01,0.001,1.42022,0.31679,1834
15,16,age_bin,ema_d0.99,0.01,0.0001,1.35115,0.33261,1834
15,16,age_bin,ema_d0.9999,0.01,0.0001,1.3346,0.31897,1834
15,16,age_bin,mlp_h16,0.001,0.0,1.08642,0.4193,1834
15,16,age_bin,mlp_h32,0.001,0.0,1.11156,0.41658,1834
15,16,age_bin,mlp_h64,0.001,0.0,1.11057,0.41003,1834
15,16,age_bin,mlp_h128,0.001,0.0,1.11504,0.40785,1834
15,16,age_bin,attention,0.0001,1e-05,1.0761,0.47656,1834
15,16,age_bin,shuffled,0.01,0.0001,1.35693,0.33424,1834
15,16,gender,ema_lr1e-3,0.001,0.0001,0.88554,0.50382,1834
15,16,gender,ema_lr5e-3,0.005,0.0001,0.92245,0.48364,1834
15,16,gender,ema_lr1e-2,0.01,0.0001,0.83283,0.53053,1834
15,16,gender,ema_lr5e-2,0.05,0.0001,1.52066,0.48419,1834
15,16,gender,ema_lr1e-2_wd1e-3,0.01,0.001,0.85217,0.50273,1834
15,16,gender,ema_d0.99,0.01,0.0001,0.8247,0.52399,1834
15,16,gender,ema_d0.9999,0.01,0.0001,0.88951,0.47383,1834
15,16,gender,mlp_h16,0.001,0.0,0.6991,0.52345,1834
15,16,gender,mlp_h32,0.001,0.0,0.6906,0.52999,1834
15,16,gender,mlp_h64,0.001,0.0,0.7072,0.52236,1834
15,16,gender,mlp_h128,0.001,0.0,0.69946,0.53653,1834
15,16,gender,attention,0.0001,1e-05,5.62181,0.48438,1834
15,16,gender,shuffled,0.01,0.0001,0.85068,0.51418,1834
15,16,star_sign,ema_lr1e-3,0.001,0.0001,2.9774,0.07961,1834
15,16,star_sign,ema_lr5e-3,0.005,0.0001,2.9006,0.11069,1834
15,16,star_sign,ema_lr1e-2,0.01,0.0001,2.75134,0.11396,1834
15,16,star_sign,ema_lr5e-2,0.05,0.0001,2.18497,0.29607,1834
15,16,star_sign,ema_lr1e-2_wd1e-3,0.01,0.001,2.84179,0.0867,1834
15,16,star_sign,ema_d0.99,0.01,0.0001,2.72969,0.11123,1834
15,16,star_sign,ema_d0.9999,0.01,0.0001,2.87079,0.09378,1834
15,16,star_sign,mlp_h16,0.001,0.0,1.95131,0.07361,1834
15,16,star_sign,mlp_h32,0.001,0.0,0.26968,1.0,1834
15,16,star_sign,mlp_h64,0.001,0.0,0.14746,1.0,1834
15,16,star_sign,mlp_h128,0.001,0.0,0.08179,1.0,1834
15,16,star_sign,attention,0.0001,1e-05,0.55147,1.0,1834
15,16,star_sign,shuffled,0.01,0.0001,2.80165,0.12868,1834
15,20,age_bin,ema_lr1e-3,0.001,0.0001,1.61819,0.3157,1834
15,20,age_bin,ema_lr5e-3,0.005,0.0001,1.38033,0.36423,1834
15,20,age_bin,ema_lr1e-2,0.01,0.0001,1.42173,0.33152,1834
15,20,age_bin,ema_lr5e-2,0.05,0.0001,1.38894,0.3277,1834
15,20,age_bin,ema_lr1e-2_wd1e-3,0.01,0.001,1.42442,0.32606,1834
15,20,age_bin,ema_d0.99,0.01,0.0001,1.41405,0.34515,1834
15,20,age_bin,ema_d0.9999,0.01,0.0001,1.44593,0.33424,1834
15,20,age_bin,mlp_h16,0.001,0.0,1.06772,0.42039,1834
15,20,age_bin,mlp_h32,0.001,0.0,1.13316,0.41439,1834
15,20,age_bin,mlp_h64,0.001,0.0,1.1116,0.41276,1834
15,20,age_bin,mlp_h128,0.001,0.0,1.1159,0.40458,1834
15,20,age_bin,attention,0.0001,1e-05,32.21354,0.23438,1834
15,20,age_bin,shuffled,0.01,0.0001,1.42747,0.32715,1834
15,20,gender,ema_lr1e-3,0.001,0.0001,1.02633,0.47383,1834
15,20,gender,ema_lr5e-3,0.005,0.0001,0.8978,0.52835,1834
15,20,gender,ema_lr1e-2,0.01,0.0001,0.8959,0.5289,1834
15,20,gender,ema_lr5e-2,0.05,0.0001,1.13083,0.50927,1834
15,20,gender,ema_lr1e-2_wd1e-3,0.01,0.001,0.97112,0.48146,1834
15,20,gender,ema_d0.99,0.01,0.0001,0.93412,0.49509,1834
15,20,gender,ema_d0.9999,0.01,0.0001,0.88532,0.53435,1834
15,20,gender,mlp_h16,0.001,0.0,0.68364,0.55125,1834
15,20,gender,mlp_h32,0.001,0.0,0.68072,0.56107,1834
15,20,gender,mlp_h64,0.001,0.0,0.68759,0.55234,1834
15,20,gender,mlp_h128,0.001,0.0,0.68255,0.56979,1834
15,20,gender,attention,0.0001,1e-05,0.71059,0.53906,1834
15,20,gender,shuffled,0.01,0.0001,0.91571,0.49564,1834
15,20,star_sign,ema_lr1e-3,0.001,0.0001,3.25144,0.06379,1834
15,20,star_sign,ema_lr5e-3,0.005,0.0001,3.04916,0.10196,1834
15,20,star_sign,ema_lr1e-2,0.01,0.0001,2.9137,0.12268,1834
15,20,star_sign,ema_lr5e-2,0.05,0.0001,2.26458,0.29826,1834
15,20,star_sign,ema_lr1e-2_wd1e-3,0.01,0.001,2.97307,0.08397,1834
15,20,star_sign,ema_d0.99,0.01,0.0001,2.7934,0.12323,1834
15,20,star_sign,ema_d0.9999,0.01,0.0001,2.92357,0.11341,1834
15,20,star_sign,mlp_h16,0.001,0.0,1.18941,0.98964,1834
15,20,star_sign,mlp_h32,0.001,0.0,1.01159,1.0,1834
15,20,star_sign,mlp_h64,0.001,0.0,0.7107,1.0,1834
15,20,star_sign,mlp_h128,0.001,0.0,0.20126,1.0,1834
15,20,star_sign,attention,0.0001,1e-05,0.0,1.0,1834
15,20,star_sign,shuffled,0.01,0.0001,2.87876,0.10523,1834
15,24,age_bin,ema_lr1e-3,0.001,0.0001,1.67233,0.31843,1834
15,24,age_bin,ema_lr5e-3,0.005,0.0001,1.53747,0.33261,1834
15,24,age_bin,ema_lr1e-2,0.01,0.0001,1.44864,0.32879,1834
15,24,age_bin,ema_lr5e-2,0.05,0.0001,1.38136,0.34624,1834
15,24,age_bin,ema_lr1e-2_wd1e-3,0.01,0.001,1.44279,0.34842,1834
15,24,age_bin,ema_d0.99,0.01,0.0001,1.54085,0.3157,1834
15,24,age_bin,ema_d0.9999,0.01,0.0001,1.51725,0.34624,1834
15,24,age_bin,mlp_h16,0.001,0.0,1.08713,0.37732,1834
15,24,age_bin,mlp_h32,0.001,0.0,1.13761,0.37132,1834
15,24,age_bin,mlp_h64,0.001,0.0,1.10535,0.41276,1834
15,24,age_bin,mlp_h128,0.001,0.0,1.15288,0.41603,1834
15,24,age_bin,attention,0.0001,1e-05,3.36731,0.34375,1834
15,24,age_bin,shuffled,0.01,0.0001,1.46241,0.3277,1834
15,24,gender,ema_lr1e-3,0.001,0.0001,0.97982,0.51145,1834
15,24,gender,ema_lr5e-3,0.005,0.0001,0.97318,0.52454,1834
15,24,gender,ema_lr1e-2,0.01,0.0001,0.99541,0.48582,1834
15,24,gender,ema_lr5e-2,0.05,0.0001,0.84101,0.51799,1834
15,24,gender,ema_lr1e-2_wd1e-3,0.01,0.001,0.92747,0.50927,1834
15,24,gender,ema_d0.99,0.01,0.0001,0.9839,0.48964,1834
15,24,gender,ema_d0.9999,0.01,0.0001,0.93602,0.52181,1834
15,24,gender,mlp_h16,0.001,0.0,0.66483,0.59324,1834
15,24,gender,mlp_h32,0.001,0.0,0.66767,0.57743,1834
15,24,gender,mlp_h64,0.001,0.0,0.66606,0.58015,1834
15,24,gender,mlp_h128,0.001,0.0,0.67122,0.58015,1834
15,24,gender,attention,0.0001,1e-05,1.45781,0.54688,1834
15,24,gender,shuffled,0.01,0.0001,0.94707,0.48582,1834
15,24,star_sign,ema_lr1e-3,0.001,0.0001,3.3213,0.07906,1834
15,24,star_sign,ema_lr5e-3,0.005,0.0001,3.01092,0.1205,1834
15,24,star_sign,ema_lr1e-2,0.01,0.0001,3.03895,0.11069,1834
15,24,star_sign,ema_lr5e-2,0.05,0.0001,2.38997,0.21865,1834
15,24,star_sign,ema_lr1e-2_wd1e-3,0.01,0.001,2.95689,0.09542,1834
15,24,star_sign,ema_d0.99,0.01,0.0001,3.15995,0.0867,1834
15,24,star_sign,ema_d0.9999,0.01,0.0001,2.98376,0.11778,1834
15,24,star_sign,mlp_h16,0.001,0.0,2.44742,0.03217,1834
15,24,star_sign,mlp_h32,0.001,0.0,1.49658,0.88004,1834
15,24,star_sign,mlp_h64,0.001,0.0,0.73801,0.99727,1834
15,24,star_sign,mlp_h128,0.001,0.0,0.43002,1.0,1834
15,24,star_sign,attention,0.0001,1e-05,0.00266,1.0,1834
15,24,star_sign,shuffled,0.01,0.0001,3.08786,0.07197,1834
16,0,age_bin,ema_lr1e-3,0.001,0.0001,1.55812,0.34146,2173
16,0,age_bin,ema_lr5e-3,0.005,0.0001,1.50772,0.32904,2173
16,0,age_bin,ema_lr1e-2,0.01,0.0001,1.43868,0.31155,2173
16,0,age_bin,ema_lr5e-2,0.05,0.0001,1.26407,0.40819,2173
16,0,age_bin,ema_lr1e-2_wd1e-3,0.01,0.001,1.43603,0.36125,2173
16,0,age_bin,ema_d0.99,0.01,0.0001,1.43659,0.32398,2173
16,0,age_bin,ema_d0.9999,0.01,0.0001,1.39968,0.3272,2173
16,0,age_bin,mlp_h16,0.001,0.0,0.97681,0.57018,2173
16,0,age_bin,mlp_h32,0.001,0.0,0.97092,0.57708,2173
16,0,age_bin,mlp_h64,0.001,0.0,0.97331,0.57478,2173
16,0,age_bin,mlp_h128,0.001,0.0,0.97645,0.56972,2173
16,0,age_bin,attention,0.0001,1e-05,1.08657,0.58594,2173
16,0,age_bin,shuffled,0.01,0.0001,1.36343,0.33824,2173
16,0,gender,ema_lr1e-3,0.001,0.0001,1.05935,0.51588,2173
16,0,gender,ema_lr5e-3,0.005,0.0001,0.95821,0.50437,2173
16,0,gender,ema_lr1e-2,0.01,0.0001,0.91254,0.52232,2173
16,0,gender,ema_lr5e-2,0.05,0.0001,0.82138,0.49287,2173
16,0,gender,ema_lr1e-2_wd1e-3,0.01,0.001,0.89324,0.50805,2173
16,0,gender,ema_d0.99,0.01,0.0001,0.94336,0.49977,2173
16,0,gender,ema_d0.9999,0.01,0.0001,0.94581,0.50069,2173
16,0,gender,mlp_h16,0.001,0.0,0.69786,0.51588,2173
16,0,gender,mlp_h32,0.001,0.0,0.69674,0.5122,2173
16,0,gender,mlp_h64,0.001,0.0,0.70063,0.51542,2173
16,0,gender,mlp_h128,0.001,0.0,0.70928,0.51404,2173
16,0,gender,attention,0.0001,1e-05,0.69394,0.49219,2173
16,0,gender,shuffled,0.01,0.0001,0.95001,0.51127,2173
16,0,star_sign,ema_lr1e-3,0.001,0.0001,3.23932,0.08007,2173
16,0,star_sign,ema_lr5e-3,0.005,0.0001,3.03893,0.10354,2173
16,0,star_sign,ema_lr1e-2,0.01,0.0001,3.0095,0.07501,2173
16,0,star_sign,ema_lr5e-2,0.05,0.0001,2.27438,0.36263,2173
16,0,star_sign,ema_lr1e-2_wd1e-3,0.01,0.001,2.95392,0.12011,2173
16,0,star_sign,ema_d0.99,0.01,0.0001,3.00485,0.12609,2173
16,0,star_sign,ema_d0.9999,0.01,0.0001,2.9909,0.10676,2173
16,0,star_sign,mlp_h16,0.001,0.0,1.50407,0.58767,2173
16,0,star_sign,mlp_h32,0.001,0.0,1.00869,0.98711,2173
16,0,star_sign,mlp_h64,0.001,0.0,0.31109,1.0,2173
16,0,star_sign,mlp_h128,0.001,0.0,0.16585,0.99954,2173
16,0,star_sign,attention,0.0001,1e-05,2.43346,1.0,2173
16,0,star_sign,shuffled,0.01,0.0001,2.94442,0.07225,2173
16,4,age_bin,ema_lr1e-3,0.001,0.0001,1.41633,0.31109,2173
16,4,age_bin,ema_lr5e-3,0.005,0.0001,1.34811,0.3272,2173
16,4,age_bin,ema_lr1e-2,0.01,0.0001,1.28995,0.33042,2173
16,4,age_bin,ema_lr5e-2,0.05,0.0001,1.77673,0.50437,2173
16,4,age_bin,ema_lr1e-2_wd1e-3,0.01,0.001,1.30141,0.33226,2173
16,4,age_bin,ema_d0.99,0.01,0.0001,1.30803,0.33226,2173
16,4,age_bin,ema_d0.9999,0.01,0.0001,1.29454,0.3433,2173
16,4,age_bin,mlp_h16,0.001,0.0,0.95621,0.57846,2173
16,4,age_bin,mlp_h32,0.001,0.0,0.96223,0.57432,2173
16,4,age_bin,mlp_h64,0.001,0.0,0.96269,0.56558,2173
16,4,age_bin,mlp_h128,0.001,0.0,0.96758,0.57892,2173
16,4,age_bin,attention,0.0001,1e-05,0.97698,0.57812,2173
16,4,age_bin,shuffled,0.01,0.0001,1.3085,0.33134,2173
16,4,gender,ema_lr1e-3,0.001,0.0001,0.86479,0.49517,2173
16,4,gender,ema_lr5e-3,0.005,0.0001,0.81479,0.5168,2173
16,4,gender,ema_lr1e-2,0.01,0.0001,0.84368,0.50897,2173
16,4,gender,ema_lr5e-2,0.05,0.0001,1.48238,0.49839,2173
16,4,gender,ema_lr1e-2_wd1e-3,0.01,0.001,0.81314,0.53474,2173
16,4,gender,ema_d0.99,0.01,0.0001,0.81679,0.50437,2173
16,4,gender,ema_d0.9999,0.01,0.0001,0.85032,0.49425,2173
16,4,gender,mlp_h16,0.001,0.0,0.70601,0.50023,2173
16,4,gender,mlp_h32,0.001,0.0,0.70422,0.51358,2173
16,4,gender,mlp_h64,0.001,0.0,0.69997,0.51173,2173
16,4,gender,mlp_h128,0.001,0.0,0.70241,0.5283,2173
16,4,gender,attention,0.0001,1e-05,2.24934,0.48438,2173
16,4,gender,shuffled,0.01,0.0001,0.8431,0.49563,2173
16,4,star_sign,ema_lr1e-3,0.001,0.0001,2.9339,0.06075,2173
16,4,star_sign,ema_lr5e-3,0.005,0.0001,2.77095,0.09112,2173
16,4,star_sign,ema_lr1e-2,0.01,0.0001,2.68515,0.10723,2173
16,4,star_sign,ema_lr5e-2,0.05,0.0001,2.24636,0.71928,2173
16,4,star_sign,ema_lr1e-2_wd1e-3,0.01,0.001,2.71217,0.11781,2173
16,4,star_sign,ema_d0.99,0.01,0.0001,2.6793,0.11459,2173
16,4,star_sign,ema_d0.9999,0.01,0.0001,2.68752,0.11413,2173
16,4,star_sign,mlp_h16,0.001,0.0,0.51759,0.9411,2173
16,4,star_sign,mlp_h32,0.001,0.0,0.30183,1.0,2173
16,4,star_sign,mlp_h64,0.001,0.0,0.15341,1.0,2173
16,4,star_sign,mlp_h128,0.001,0.0,0.01553,1.0,2173
16,4,star_sign,attention,0.0001,1e-05,1.63964,1.0,2173
16,4,star_sign,shuffled,0.01,0.0001,2.66659,0.10262,2173
16,8,age_bin,ema_lr1e-3,0.001,0.0001,1.37491,0.31661,2173
16,8,age_bin,ema_lr5e-3,0.005,0.0001,1.32515,0.3387,2173
16,8,age_bin,ema_lr1e-2,0.01,0.0001,1.34307,0.32904,2173
16,8,age_bin,ema_lr5e-2,0.05,0.0001,1.20812,0.39623,2173
16,8,age_bin,ema_lr1e-2_wd1e-3,0.01,0.001,1.29105,0.35757,2173
16,8,age_bin,ema_d0.99,0.01,0.0001,1.2573,0.33962,2173
16,8,age_bin,ema_d0.9999,0.01,0.0001,1.32931,0.33456,2173
16,8,age_bin,mlp_h16,0.001,0.0,0.94804,0.57432,2173
16,8,age_bin,mlp_h32,0.001,0.0,0.94814,0.57984,2173
16,8,age_bin,mlp_h64,0.001,0.0,0.97164,0.5757,2173
16,8,age_bin,mlp_h128,0.001,0.0,0.96545,0.57386,2173
16,8,age_bin,attention,0.0001,1e-05,1.10066,0.36719,2173
16,8,age_bin,shuffled,0.01,0.0001,1.27716,0.35113,2173
16,8,gender,ema_lr1e-3,0.001,0.0001,0.87035,0.49379,2173
16,8,gender,ema_lr5e-3,0.005,0.0001,0.85572,0.49747,2173
16,8,gender,ema_lr1e-2,0.01,0.0001,0.82232,0.52508,2173
16,8,gender,ema_lr5e-2,0.05,0.0001,1.35414,0.48458,2173
16,8,gender,ema_lr1e-2_wd1e-3,0.01,0.001,0.83053,0.52784,2173
16,8,gender,ema_d0.99,0.01,0.0001,0.84289,0.49655,2173
16,8,gender,ema_d0.9999,0.01,0.0001,0.87292,0.48182,2173
16,8,gender,mlp_h16,0.001,0.0,0.70391,0.50529,2173
16,8,gender,mlp_h32,0.001,0.0,0.69824,0.5214,2173
16,8,gender,mlp_h64,0.001,0.0,0.69406,0.54303,2173
16,8,gender,mlp_h128,0.001,0.0,0.68816,0.54257,2173
16,8,gender,attention,0.0001,1e-05,25.46166,0.51562,2173
16,8,gender,shuffled,0.01,0.0001,0.82962,0.50805,2173
16,8,star_sign,ema_lr1e-3,0.001,0.0001,2.94717,0.06443,2173
16,8,star_sign,ema_lr5e-3,0.005,0.0001,2.79131,0.11551,2173
16,8,star_sign,ema_lr1e-2,0.01,0.0001,2.70251,0.11229,2173
16,8,star_sign,ema_lr5e-2,0.05,0.0001,2.24989,0.54349,2173
16,8,star_sign,ema_lr1e-2_wd1e-3,0.01,0.001,2.7468,0.10953,2173
16,8,star_sign,ema_d0.99,0.01,0.0001,2.71299,0.11919,2173
16,8,star_sign,ema_d0.9999,0.01,0.0001,2.69349,0.12011,2173
16,8,star_sign,mlp_h16,0.001,0.0,2.09216,0.06029,2173
16,8,star_sign,mlp_h32,0.001,0.0,0.37137,1.0,2173
16,8,star_sign,mlp_h64,0.001,0.0,0.11478,1.0,2173
16,8,star_sign,mlp_h128,0.001,0.0,0.01078,1.0,2173
16,8,star_sign,attention,0.0001,1e-05,1.22732,1.0,2173
16,8,star_sign,shuffled,0.01,0.0001,2.7647,0.10953,2173
16,12,age_bin,ema_lr1e-3,0.001,0.0001,1.38755,0.34054,2173
16,12,age_bin,ema_lr5e-3,0.005,0.0001,1.31454,0.36631,2173
16,12,age_bin,ema_lr1e-2,0.01,0.0001,1.28209,0.35251,2173
16,12,age_bin,ema_lr5e-2,0.05,0.0001,1.68126,0.24206,2173
16,12,age_bin,ema_lr1e-2_wd1e-3,0.01,0.001,1.33627,0.34008,2173
16,12,age_bin,ema_d0.99,0.01,0.0001,1.26457,0.37368,2173
16,12,age_bin,ema_d0.9999,0.01,0.0001,1.35923,0.30879,2173
16,12,age_bin,mlp_h16,0.001,0.0,0.99411,0.57202,2173
16,12,age_bin,mlp_h32,0.001,0.0,0.97197,0.57524,2173
16,12,age_bin,mlp_h64,0.001,0.0,0.97264,0.5757,2173
16,12,age_bin,mlp_h128,0.001,0.0,0.97263,0.57018,2173
16,12,age_bin,attention,0.0001,1e-05,1.17735,0.22656,2173
16,12,age_bin,shuffled,0.01,0.0001,1.3278,0.34514,2173
16,12,gender,ema_lr1e-3,0.001,0.0001,0.83907,0.50207,2173
16,12,gender,ema_lr5e-3,0.005,0.0001,0.84965,0.48734,2173
16,12,gender,ema_lr1e-2,0.01,0.0001,0.85334,0.49379,2173
16,12,gender,ema_lr5e-2,0.05,0.0001,1.38506,0.50345,2173
16,12,gender,ema_lr1e-2_wd1e-3,0.01,0.001,0.84984,0.5122,2173
16,12,gender,ema_d0.99,0.01,0.0001,0.86119,0.50713,2173
16,12,gender,ema_d0.9999,0.01,0.0001,0.88197,0.48412,2173
16,12,gender,mlp_h16,0.001,0.0,0.69987,0.52646,2173
16,12,gender,mlp_h32,0.001,0.0,0.70869,0.50759,2173
16,12,gender,mlp_h64,0.001,0.0,0.70242,0.52416,2173
16,12,gender,mlp_h128,0.001,0.0,0.70997,0.52324,2173
16,12,gender,attention,0.0001,1e-05,0.7086,0.55469,2173
16,12,gender,shuffled,0.01,0.0001,0.82634,0.51726,2173
16,12,star_sign,ema_lr1e-3,0.001,0.0001,2.98737,0.05936,2173
16,12,star_sign,ema_lr5e-3,0.005,0.0001,2.81508,0.07501,2173
16,12,star_sign,ema_lr1e-2,0.01,0.0001,2.73286,0.11367,2173
16,12,star_sign,ema_lr5e-2,0.05,0.0001,2.23588,0.55821,2173
16,12,star_sign,ema_lr1e-2_wd1e-3,0.01,0.001,2.7815,0.08053,2173
16,12,star_sign,ema_d0.99,0.01,0.0001,2.7381,0.0856,2173
16,12,star_sign,ema_d0.9999,0.01,0.0001,2.78435,0.09342,2173
16,12,star_sign,mlp_h16,0.001,0.0,0.6606,1.0,2173
16,12,star_sign,mlp_h32,0.001,0.0,0.30391,1.0,2173
16,12,star_sign,mlp_h64,0.001,0.0,0.09562,1.0,2173
16,12,star_sign,mlp_h128,0.001,0.0,0.01204,1.0,2173
16,12,star_sign,attention,0.0001,1e-05,0.0,1.0,2173
16,12,star_sign,shuffled,0.01,0.0001,2.6842,0.13714,2173
16,16,age_bin,ema_lr1e-3,0.001,0.0001,1.45235,0.34929,2173
16,16,age_bin,ema_lr5e-3,0.005,0.0001,1.413,0.33456,2173
16,16,age_bin,ema_lr1e-2,0.01,0.0001,1.38146,0.33134,2173
16,16,age_bin,ema_lr5e-2,0.05,0.0001,1.69339,0.31937,2173
16,16,age_bin,ema_lr1e-2_wd1e-3,0.01,0.001,1.31031,0.36954,2173
16,16,age_bin,ema_d0.99,0.01,0.0001,1.43048,0.30695,2173
16,16,age_bin,ema_d0.9999,0.01,0.0001,1.30018,0.35711,2173
16,16,age_bin,mlp_h16,0.001,0.0,0.95162,0.57616,2173
16,16,age_bin,mlp_h32,0.001,0.0,0.95481,0.57754,2173
16,16,age_bin,mlp_h64,0.001,0.0,0.97228,0.56144,2173
16,16,age_bin,mlp_h128,0.001,0.0,0.94899,0.55821,2173
16,16,age_bin,attention,0.0001,1e-05,0.94913,0.5625,2173
16,16,age_bin,shuffled,0.01,0.0001,1.32158,0.35297,2173
16,16,gender,ema_lr1e-3,0.001,0.0001,0.84265,0.53613,2173
16,16,gender,ema_lr5e-3,0.005,0.0001,0.87678,0.51358,2173
16,16,gender,ema_lr1e-2,0.01,0.0001,0.84997,0.51818,2173
16,16,gender,ema_lr5e-2,0.05,0.0001,1.20063,0.50161,2173
16,16,gender,ema_lr1e-2_wd1e-3,0.01,0.001,0.88717,0.48504,2173
16,16,gender,ema_d0.99,0.01,0.0001,0.8205,0.5191,2173
16,16,gender,ema_d0.9999,0.01,0.0001,0.94672,0.45237,2173
16,16,gender,mlp_h16,0.001,0.0,0.69782,0.53566,2173
16,16,gender,mlp_h32,0.001,0.0,0.68989,0.55683,2173
16,16,gender,mlp_h64,0.001,0.0,0.69128,0.55039,2173
16,16,gender,mlp_h128,0.001,0.0,0.69155,0.55545,2173
16,16,gender,attention,0.0001,1e-05,2.90633,0.51562,2173
16,16,gender,shuffled,0.01,0.0001,0.83014,0.51358,2173
16,16,star_sign,ema_lr1e-3,0.001,0.0001,2.98128,0.08652,2173
16,16,star_sign,ema_lr5e-3,0.005,0.0001,2.92035,0.09848,2173
16,16,star_sign,ema_lr1e-2,0.01,0.0001,2.78443,0.10308,2173
16,16,star_sign,ema_lr5e-2,0.05,0.0001,2.10399,0.3226,2173
16,16,star_sign,ema_lr1e-2_wd1e-3,0.01,0.001,2.82393,0.09066,2173
16,16,star_sign,ema_d0.99,0.01,0.0001,2.73393,0.11229,2173
16,16,star_sign,ema_d0.9999,0.01,0.0001,2.7828,0.11551,2173
16,16,star_sign,mlp_h16,0.001,0.0,1.9416,0.06121,2173
16,16,star_sign,mlp_h32,0.001,0.0,0.20692,1.0,2173
16,16,star_sign,mlp_h64,0.001,0.0,0.10554,1.0,2173
16,16,star_sign,mlp_h128,0.001,0.0,0.05481,1.0,2173
16,16,star_sign,attention,0.0001,1e-05,0.53384,1.0,2173
16,16,star_sign,shuffled,0.01,0.0001,2.82365,0.1017,2173
16,20,age_bin,ema_lr1e-3,0.001,0.0001,1.65583,0.31247,2173
16,20,age_bin,ema_lr5e-3,0.005,0.0001,1.424,0.3387,2173
16,20,age_bin,ema_lr1e-2,0.01,0.0001,1.46612,0.32904,2173
16,20,age_bin,ema_lr5e-2,0.05,0.0001,1.39812,0.33042,2173
16,20,age_bin,ema_lr1e-2_wd1e-3,0.01,0.001,1.40687,0.33364,2173
16,20,age_bin,ema_d0.99,0.01,0.0001,1.48146,0.3226,2173
16,20,age_bin,ema_d0.9999,0.01,0.0001,1.44111,0.33502,2173
16,20,age_bin,mlp_h16,0.001,0.0,0.95045,0.5826,2173
16,20,age_bin,mlp_h32,0.001,0.0,0.94253,0.58214,2173
16,20,age_bin,mlp_h64,0.001,0.0,0.95038,0.56972,2173
16,20,age_bin,mlp_h128,0.001,0.0,0.94332,0.5665,2173
16,20,age_bin,attention,0.0001,1e-05,28.27978,0.57812,2173
16,20,age_bin,shuffled,0.01,0.0001,1.41709,0.34008,2173
16,20,gender,ema_lr1e-3,0.001,0.0001,1.01688,0.49655,2173
16,20,gender,ema_lr5e-3,0.005,0.0001,0.96868,0.48827,2173
16,20,gender,ema_lr1e-2,0.01,0.0001,0.93559,0.50483,2173
16,20,gender,ema_lr5e-2,0.05,0.0001,0.95607,0.52784,2173
16,20,gender,ema_lr1e-2_wd1e-3,0.01,0.001,0.90475,0.5191,2173
16,20,gender,ema_d0.99,0.01,0.0001,0.93385,0.51127,2173
16,20,gender,ema_d0.9999,0.01,0.0001,0.94943,0.51864,2173
16,20,gender,mlp_h16,0.001,0.0,0.69778,0.5283,2173
16,20,gender,mlp_h32,0.001,0.0,0.68626,0.54855,2173
16,20,gender,mlp_h64,0.001,0.0,0.69715,0.54349,2173
16,20,gender,mlp_h128,0.001,0.0,0.70425,0.54395,2173
16,20,gender,attention,0.0001,1e-05,0.7228,0.50781,2173
16,20,gender,shuffled,0.01,0.0001,0.90439,0.51726,2173
16,20,star_sign,ema_lr1e-3,0.001,0.0001,3.18279,0.07455,2173
16,20,star_sign,ema_lr5e-3,0.005,0.0001,3.0052,0.09894,2173
16,20,star_sign,ema_lr1e-2,0.01,0.0001,2.91473,0.13392,2173
16,20,star_sign,ema_lr5e-2,0.05,0.0001,2.30865,0.24758,2173
16,20,star_sign,ema_lr1e-2_wd1e-3,0.01,0.001,2.88913,0.10584,2173
16,20,star_sign,ema_d0.99,0.01,0.0001,2.916,0.11689,2173
16,20,star_sign,ema_d0.9999,0.01,0.0001,2.9256,0.11919,2173
16,20,star_sign,mlp_h16,0.001,0.0,1.11102,0.9931,2173
16,20,star_sign,mlp_h32,0.001,0.0,0.92165,1.0,2173
16,20,star_sign,mlp_h64,0.001,0.0,0.59256,1.0,2173
16,20,star_sign,mlp_h128,0.001,0.0,0.14142,1.0,2173
16,20,star_sign,attention,0.0001,1e-05,0.0,1.0,2173
16,20,star_sign,shuffled,0.01,0.0001,2.90732,0.12287,2173
16,24,age_bin,ema_lr1e-3,0.001,0.0001,1.58041,0.33686,2173
16,24,age_bin,ema_lr5e-3,0.005,0.0001,1.49502,0.33962,2173
16,24,age_bin,ema_lr1e-2,0.01,0.0001,1.54453,0.3226,2173
16,24,age_bin,ema_lr5e-2,0.05,0.0001,1.28644,0.40267,2173
16,24,age_bin,ema_lr1e-2_wd1e-3,0.01,0.001,1.48852,0.34008,2173
16,24,age_bin,ema_d0.99,0.01,0.0001,1.53926,0.3226,2173
16,24,age_bin,ema_d0.9999,0.01,0.0001,1.45704,0.37138,2173
16,24,age_bin,mlp_h16,0.001,0.0,1.03943,0.43488,2173
16,24,age_bin,mlp_h32,0.001,0.0,1.0082,0.54211,2173
16,24,age_bin,mlp_h64,0.001,0.0,0.92462,0.58353,2173
16,24,age_bin,mlp_h128,0.001,0.0,0.91439,0.58168,2173
16,24,age_bin,attention,0.0001,1e-05,3.1431,0.39062,2173
16,24,age_bin,shuffled,0.01,0.0001,1.46256,0.32444,2173
16,24,gender,ema_lr1e-3,0.001,0.0001,1.08211,0.48965,2173
16,24,gender,ema_lr5e-3,0.005,0.0001,0.94953,0.52278,2173
16,24,gender,ema_lr1e-2,0.01,0.0001,0.94193,0.51312,2173
16,24,gender,ema_lr5e-2,0.05,0.0001,0.80255,0.54717,2173
16,24,gender,ema_lr1e-2_wd1e-3,0.01,0.001,0.92065,0.51127,2173
16,24,gender,ema_d0.99,0.01,0.0001,0.91301,0.52646,2173
16,24,gender,ema_d0.9999,0.01,0.0001,0.89862,0.54533,2173
16,24,gender,mlp_h16,0.001,0.0,0.68097,0.57248,2173
16,24,gender,mlp_h32,0.001,0.0,0.67798,0.57386,2173
16,24,gender,mlp_h64,0.001,0.0,0.67983,0.58353,2173
16,24,gender,mlp_h128,0.001,0.0,0.68609,0.58721,2173
16,24,gender,attention,0.0001,1e-05,1.49763,0.52344,2173
16,24,gender,shuffled,0.01,0.0001,0.94853,0.50069,2173
16,24,star_sign,ema_lr1e-3,0.001,0.0001,3.17945,0.09848,2173
16,24,star_sign,ema_lr5e-3,0.005,0.0001,3.14845,0.08422,2173
16,24,star_sign,ema_lr1e-2,0.01,0.0001,3.04612,0.12103,2173
16,24,star_sign,ema_lr5e-2,0.05,0.0001,2.41625,0.22734,2173
16,24,star_sign,ema_lr1e-2_wd1e-3,0.01,0.001,3.04959,0.08606,2173
16,24,star_sign,ema_d0.99,0.01,0.0001,3.073,0.10723,2173
16,24,star_sign,ema_d0.9999,0.01,0.0001,3.10806,0.11321,2173
16,24,star_sign,mlp_h16,0.001,0.0,2.42681,0.05062,2173
16,24,star_sign,mlp_h32,0.001,0.0,1.48602,0.89922,2173
16,24,star_sign,mlp_h64,0.001,0.0,0.71097,0.99954,2173
16,24,star_sign,mlp_h128,0.001,0.0,0.37219,1.0,2173
16,24,star_sign,attention,0.0001,1e-05,0.08064,0.99219,2173
16,24,star_sign,shuffled,0.01,0.0001,3.09182,0.08283,2173
17,0,age_bin,ema_lr1e-3,0.001,0.0001,1.57306,0.34677,1736
17,0,age_bin,ema_lr5e-3,0.005,0.0001,1.56509,0.31164,1736
17,0,age_bin,ema_lr1e-2,0.01,0.0001,1.43622,0.3174,1736
17,0,age_bin,ema_lr5e-2,0.05,0.0001,1.26044,0.37039,1736
17,0,age_bin,ema_lr1e-2_wd1e-3,0.01,0.001,1.40256,0.36578,1736
17,0,age_bin,ema_d0.99,0.01,0.0001,1.41083,0.32949,1736
17,0,age_bin,ema_d0.9999,0.01,0.0001,1.39555,0.3318,1736
17,0,age_bin,mlp_h16,0.001,0.0,1.11299,0.39286,1736
17,0,age_bin,mlp_h32,0.001,0.0,1.11317,0.39574,1736
17,0,age_bin,mlp_h64,0.001,0.0,1.10743,0.39228,1736
17,0,age_bin,mlp_h128,0.001,0.0,1.11481,0.39171,1736
17,0,age_bin,attention,0.0001,1e-05,1.09262,0.44531,1736
17,0,age_bin,shuffled,0.01,0.0001,1.43324,0.30818,1736
17,0,gender,ema_lr1e-3,0.001,0.0001,1.08638,0.49194,1736
17,0,gender,ema_lr5e-3,0.005,0.0001,0.9529,0.49597,1736
17,0,gender,ema_lr1e-2,0.01,0.0001,0.92058,0.50288,1736
17,0,gender,ema_lr5e-2,0.05,0.0001,0.80165,0.50288,1736
17,0,gender,ema_lr1e-2_wd1e-3,0.01,0.001,0.92271,0.49251,1736
17,0,gender,ema_d0.99,0.01,0.0001,0.93327,0.50576,1736
17,0,gender,ema_d0.9999,0.01,0.0001,0.93758,0.48848,1736
17,0,gender,mlp_h16,0.001,0.0,0.70511,0.49712,1736
17,0,gender,mlp_h32,0.001,0.0,0.70692,0.49078,1736
17,0,gender,mlp_h64,0.001,0.0,0.71033,0.49424,1736
17,0,gender,mlp_h128,0.001,0.0,0.71551,0.4977,1736
17,0,gender,attention,0.0001,1e-05,0.69355,0.49219,1736
17,0,gender,shuffled,0.01,0.0001,0.9538,0.47926,1736
17,0,star_sign,ema_lr1e-3,0.001,0.0001,3.28293,0.09677,1736
17,0,star_sign,ema_lr5e-3,0.005,0.0001,3.02077,0.1273,1736
17,0,star_sign,ema_lr1e-2,0.01,0.0001,2.91153,0.07949,1736
17,0,star_sign,ema_lr5e-2,0.05,0.0001,2.22804,0.40726,1736
17,0,star_sign,ema_lr1e-2_wd1e-3,0.01,0.001,2.90804,0.13364,1736
17,0,star_sign,ema_d0.99,0.01,0.0001,3.02417,0.12385,1736
17,0,star_sign,ema_d0.9999,0.01,0.0001,3.01773,0.12615,1736
17,0,star_sign,mlp_h16,0.001,0.0,1.40179,0.64574,1736
17,0,star_sign,mlp_h32,0.001,0.0,0.91877,0.99366,1736
17,0,star_sign,mlp_h64,0.001,0.0,0.24566,1.0,1736
17,0,star_sign,mlp_h128,0.001,0.0,0.12213,1.0,1736
17,0,star_sign,attention,0.0001,1e-05,2.43033,1.0,1736
17,0,star_sign,shuffled,0.01,0.0001,2.87422,0.09735,1736
17,4,age_bin,ema_lr1e-3,0.001,0.0001,1.42756,0.32546,1736
17,4,age_bin,ema_lr5e-3,0.005,0.0001,1.32393,0.33295,1736
17,4,age_bin,ema_lr1e-2,0.01,0.0001,1.34073,0.32488,1736
17,4,age_bin,ema_lr5e-2,0.05,0.0001,1.67912,0.27131,1736
17,4,age_bin,ema_lr1e-2_wd1e-3,0.01,0.001,1.31034,0.32892,1736
17,4,age_bin,ema_d0.99,0.01,0.0001,1.35162,0.33065,1736
17,4,age_bin,ema_d0.9999,0.01,0.0001,1.31657,0.34217,1736
17,4,age_bin,mlp_h16,0.001,0.0,1.11483,0.39171,1736
17,4,age_bin,mlp_h32,0.001,0.0,1.10383,0.39343,1736
17,4,age_bin,mlp_h64,0.001,0.0,1.10642,0.38882,1736
17,4,age_bin,mlp_h128,0.001,0.0,1.11633,0.39401,1736
17,4,age_bin,attention,0.0001,1e-05,1.05085,0.44531,1736
17,4,age_bin,shuffled,0.01,0.0001,1.26531,0.34965,1736
17,4,gender,ema_lr1e-3,0.001,0.0001,0.86742,0.48848,1736
17,4,gender,ema_lr5e-3,0.005,0.0001,0.83113,0.51671,1736
17,4,gender,ema_lr1e-2,0.01,0.0001,0.84282,0.50634,1736
17,4,gender,ema_lr5e-2,0.05,0.0001,1.4584,0.46659,1736
17,4,gender,ema_lr1e-2_wd1e-3,0.01,0.001,0.84654,0.51786,1736
17,4,gender,ema_d0.99,0.01,0.0001,0.82957,0.49942,1736
17,4,gender,ema_d0.9999,0.01,0.0001,0.82011,0.51786,1736
17,4,gender,mlp_h16,0.001,0.0,0.7068,0.4879,1736
17,4,gender,mlp_h32,0.001,0.0,0.71025,0.48848,1736
17,4,gender,mlp_h64,0.001,0.0,0.69545,0.5265,1736
17,4,gender,mlp_h128,0.001,0.0,0.69916,0.50922,1736
17,4,gender,attention,0.0001,1e-05,1.22142,0.49219,1736
17,4,gender,shuffled,0.01,0.0001,0.79772,0.52247,1736
17,4,star_sign,ema_lr1e-3,0.001,0.0001,2.95228,0.06164,1736
17,4,star_sign,ema_lr5e-3,0.005,0.0001,2.79298,0.08871,1736
17,4,star_sign,ema_lr1e-2,0.01,0.0001,2.70942,0.09793,1736
17,4,star_sign,ema_lr5e-2,0.05,0.0001,2.26687,0.57316,1736
17,4,star_sign,ema_lr1e-2_wd1e-3,0.01,0.001,2.66296,0.1273,1736
17,4,star_sign,ema_d0.99,0.01,0.0001,2.66734,0.10426,1736
17,4,star_sign,ema_d0.9999,0.01,0.0001,2.70651,0.10599,1736
17,4,star_sign,mlp_h16,0.001,0.0,0.47122,0.92627,1736
17,4,star_sign,mlp_h32,0.001,0.0,0.23305,1.0,1736
17,4,star_sign,mlp_h64,0.001,0.0,0.11631,1.0,1736
17,4,star_sign,mlp_h128,0.001,0.0,0.00988,1.0,1736
17,4,star_sign,attention,0.0001,1e-05,1.56597,1.0,1736
17,4,star_sign,shuffled,0.01,0.0001,2.70584,0.10369,1736
17,8,age_bin,ema_lr1e-3,0.001,0.0001,1.41353,0.30184,1736
17,8,age_bin,ema_lr5e-3,0.005,0.0001,1.33333,0.34332,1736
17,8,age_bin,ema_lr1e-2,0.01,0.0001,1.33368,0.33468,1736
17,8,age_bin,ema_lr5e-2,0.05,0.0001,1.37614,0.35196,1736
17,8,age_bin,ema_lr1e-2_wd1e-3,0.01,0.001,1.27739,0.35484,1736
17,8,age_bin,ema_d0.99,0.01,0.0001,1.34455,0.32028,1736
17,8,age_bin,ema_d0.9999,0.01,0.0001,1.36124,0.32949,1736
17,8,age_bin,mlp_h16,0.001,0.0,1.12336,0.38882,1736
17,8,age_bin,mlp_h32,0.001,0.0,1.11794,0.39459,1736
17,8,age_bin,mlp_h64,0.001,0.0,1.09131,0.39343,1736
17,8,age_bin,mlp_h128,0.001,0.0,1.10896,0.39689,1736
17,8,age_bin,attention,0.0001,1e-05,1.10275,0.39062,1736
17,8,age_bin,shuffled,0.01,0.0001,1.31422,0.33698,1736
17,8,gender,ema_lr1e-3,0.001,0.0001,0.86243,0.50173,1736
17,8,gender,ema_lr5e-3,0.005,0.0001,0.84268,0.51152,1736
17,8,gender,ema_lr1e-2,0.01,0.0001,0.86127,0.47926,1736
17,8,gender,ema_lr5e-2,0.05,0.0001,1.35593,0.47696,1736
17,8,gender,ema_lr1e-2_wd1e-3,0.01,0.001,0.87164,0.49251,1736
17,8,gender,ema_d0.99,0.01,0.0001,0.83757,0.51498,1736
17,8,gender,ema_d0.9999,0.01,0.0001,0.85515,0.47408,1736
17,8,gender,mlp_h16,0.001,0.0,0.70435,0.49482,1736
17,8,gender,mlp_h32,0.001,0.0,0.69466,0.52074,1736
17,8,gender,mlp_h64,0.001,0.0,0.6943,0.5288,1736
17,8,gender,mlp_h128,0.001,0.0,0.68993,0.55242,1736
17,8,gender,attention,0.0001,1e-05,23.6321,0.50781,1736
17,8,gender,shuffled,0.01,0.0001,0.86946,0.47638,1736
17,8,star_sign,ema_lr1e-3,0.001,0.0001,2.93532,0.06048,1736
17,8,star_sign,ema_lr5e-3,0.005,0.0001,2.78172,0.12961,1736
17,8,star_sign,ema_lr1e-2,0.01,0.0001,2.75506,0.08468,1736
17,8,star_sign,ema_lr5e-2,0.05,0.0001,2.21257,0.47753,1736
17,8,star_sign,ema_lr1e-2_wd1e-3,0.01,0.001,2.74545,0.10657,1736
17,8,star_sign,ema_d0.99,0.01,0.0001,2.66108,0.12039,1736
17,8,star_sign,ema_d0.9999,0.01,0.0001,2.6549,0.11578,1736
17,8,star_sign,mlp_h16,0.001,0.0,2.02281,0.07431,1736
17,8,star_sign,mlp_h32,0.001,0.0,0.29479,1.0,1736
17,8,star_sign,mlp_h64,0.001,0.0,0.08145,1.0,1736
17,8,star_sign,mlp_h128,0.001,0.0,0.00708,1.0,1736
17,8,star_sign,attention,0.0001,1e-05,1.13763,1.0,1736
17,8,star_sign,shuffled,0.01,0.0001,2.70812,0.09562,1736
17,12,age_bin,ema_lr1e-3,0.001,0.0001,1.39245,0.32949,1736
17,12,age_bin,ema_lr5e-3,0.005,0.0001,1.28922,0.35484,1736
17,12,age_bin,ema_lr1e-2,0.01,0.0001,1.34132,0.31394,1736
17,12,age_bin,ema_lr5e-2,0.05,0.0001,1.70323,0.37846,1736
17,12,age_bin,ema_lr1e-2_wd1e-3,0.01,0.001,1.31764,0.32258,1736
17,12,age_bin,ema_d0.99,0.01,0.0001,1.34582,0.31855,1736
17,12,age_bin,ema_d0.9999,0.01,0.0001,1.33705,0.32892,1736
17,12,age_bin,mlp_h16,0.001,0.0,1.08566,0.39459,1736
17,12,age_bin,mlp_h32,0.001,0.0,1.0928,0.39055,1736
17,12,age_bin,mlp_h64,0.001,0.0,1.08716,0.4015,1736
17,12,age_bin,mlp_h128,0.001,0.0,1.0956,0.39343,1736
17,12,age_bin,attention,0.0001,1e-05,1.16242,0.27344,1736
17,12,age_bin,shuffled,0.01,0.0001,1.29909,0.33813,1736
17,12,gender,ema_lr1e-3,0.001,0.0001,0.8553,0.50576,1736
17,12,gender,ema_lr5e-3,0.005,0.0001,0.82522,0.50403,1736
17,12,gender,ema_lr1e-2,0.01,0.0001,0.85711,0.4856,1736
17,12,gender,ema_lr5e-2,0.05,0.0001,1.37141,0.48445,1736
17,12,gender,ema_lr1e-2_wd1e-3,0.01,0.001,0.85195,0.51901,1736
17,12,gender,ema_d0.99,0.01,0.0001,0.78924,0.52995,1736
17,12,gender,ema_d0.9999,0.01,0.0001,0.83902,0.4879,1736
17,12,gender,mlp_h16,0.001,0.0,0.69695,0.51555,1736
17,12,gender,mlp_h32,0.001,0.0,0.70279,0.50518,1736
17,12,gender,mlp_h64,0.001,0.0,0.69596,0.51613,1736
17,12,gender,mlp_h128,0.001,0.0,0.70725,0.5432,1736
17,12,gender,attention,0.0001,1e-05,0.69645,0.52344,1736
17,12,gender,shuffled,0.01,0.0001,0.84411,0.5121,1736
17,12,star_sign,ema_lr1e-3,0.001,0.0001,2.9492,0.05645,1736
17,12,star_sign,ema_lr5e-3,0.005,0.0001,2.81119,0.09965,1736
17,12,star_sign,ema_lr1e-2,0.01,0.0001,2.68123,0.12615,1736
17,12,star_sign,ema_lr5e-2,0.05,0.0001,2.20883,0.50058,1736
17,12,star_sign,ema_lr1e-2_wd1e-3,0.01,0.001,2.69274,0.10081,1736
17,12,star_sign,ema_d0.99,0.01,0.0001,2.69535,0.08468,1736
17,12,star_sign,ema_d0.9999,0.01,0.0001,2.71393,0.11406,1736
17,12,star_sign,mlp_h16,0.001,0.0,0.57455,1.0,1736
17,12,star_sign,mlp_h32,0.001,0.0,0.24585,1.0,1736
17,12,star_sign,mlp_h64,0.001,0.0,0.06584,1.0,1736
17,12,star_sign,mlp_h128,0.001,0.0,0.00811,1.0,1736
17,12,star_sign,attention,0.0001,1e-05,0.0,1.0,1736
17,12,star_sign,shuffled,0.01,0.0001,2.67615,0.13825,1736
17,16,age_bin,ema_lr1e-3,0.001,0.0001,1.48735,0.32258,1736
17,16,age_bin,ema_lr5e-3,0.005,0.0001,1.35546,0.35196,1736
17,16,age_bin,ema_lr1e-2,0.01,0.0001,1.44218,0.29781,1736
17,16,age_bin,ema_lr5e-2,0.05,0.0001,1.56155,0.33986,1736
17,16,age_bin,ema_lr1e-2_wd1e-3,0.01,0.001,1.36333,0.33353,1736
17,16,age_bin,ema_d0.99,0.01,0.0001,1.30912,0.3629,1736
17,16,age_bin,ema_d0.9999,0.01,0.0001,1.27708,0.36751,1736
17,16,age_bin,mlp_h16,0.001,0.0,1.11314,0.39747,1736
17,16,age_bin,mlp_h32,0.001,0.0,1.10135,0.39574,1736
17,16,age_bin,mlp_h64,0.001,0.0,1.09274,0.39171,1736
17,16,age_bin,mlp_h128,0.001,0.0,1.11176,0.39228,1736
17,16,age_bin,attention,0.0001,1e-05,1.11316,0.46094,1736
17,16,age_bin,shuffled,0.01,0.0001,1.3517,0.34677,1736
17,16,gender,ema_lr1e-3,0.001,0.0001,0.91492,0.49539,1736
17,16,gender,ema_lr5e-3,0.005,0.0001,0.88755,0.51613,1736
17,16,gender,ema_lr1e-2,0.01,0.0001,0.89488,0.47177,1736
17,16,gender,ema_lr5e-2,0.05,0.0001,1.23319,0.51959,1736
17,16,gender,ema_lr1e-2_wd1e-3,0.01,0.001,0.87421,0.47984,1736
17,16,gender,ema_d0.99,0.01,0.0001,0.89519,0.46947,1736
17,16,gender,ema_d0.9999,0.01,0.0001,0.88934,0.48157,1736
17,16,gender,mlp_h16,0.001,0.0,0.70132,0.51555,1736
17,16,gender,mlp_h32,0.001,0.0,0.70698,0.51382,1736
17,16,gender,mlp_h64,0.001,0.0,0.70357,0.52535,1736
17,16,gender,mlp_h128,0.001,0.0,0.7086,0.52131,1736
17,16,gender,attention,0.0001,1e-05,1.0502,0.50781,1736
17,16,gender,shuffled,0.01,0.0001,0.8504,0.49078,1736
17,16,star_sign,ema_lr1e-3,0.001,0.0001,3.00443,0.08641,1736
17,16,star_sign,ema_lr5e-3,0.005,0.0001,2.77209,0.12903,1736
17,16,star_sign,ema_lr1e-2,0.01,0.0001,2.70758,0.10138,1736
17,16,star_sign,ema_lr5e-2,0.05,0.0001,2.12271,0.31048,1736
17,16,star_sign,ema_lr1e-2_wd1e-3,0.01,0.001,2.74106,0.09389,1736
17,16,star_sign,ema_d0.99,0.01,0.0001,2.73603,0.11694,1736
17,16,star_sign,ema_d0.9999,0.01,0.0001,2.76711,0.10887,1736
17,16,star_sign,mlp_h16,0.001,0.0,1.87473,0.08353,1736
17,16,star_sign,mlp_h32,0.001,0.0,0.15917,1.0,1736
17,16,star_sign,mlp_h64,0.001,0.0,0.08362,1.0,1736
17,16,star_sign,mlp_h128,0.001,0.0,0.03932,1.0,1736
17,16,star_sign,attention,0.0001,1e-05,0.44935,1.0,1736
17,16,star_sign,shuffled,0.01,0.0001,2.77228,0.11982,1736
17,20,age_bin,ema_lr1e-3,0.001,0.0001,1.61434,0.32949,1736
17,20,age_bin,ema_lr5e-3,0.005,0.0001,1.50488,0.32719,1736
17,20,age_bin,ema_lr1e-2,0.01,0.0001,1.4303,0.30588,1736
17,20,age_bin,ema_lr5e-2,0.05,0.0001,1.46793,0.35196,1736
17,20,age_bin,ema_lr1e-2_wd1e-3,0.01,0.001,1.4915,0.3053,1736
17,20,age_bin,ema_d0.99,0.01,0.0001,1.38269,0.36175,1736
17,20,age_bin,ema_d0.9999,0.01,0.0001,1.4337,0.33237,1736
17,20,age_bin,mlp_h16,0.001,0.0,1.10472,0.38882,1736
17,20,age_bin,mlp_h32,0.001,0.0,1.1207,0.39516,1736
17,20,age_bin,mlp_h64,0.001,0.0,1.10914,0.40207,1736
17,20,age_bin,mlp_h128,0.001,0.0,1.093,0.41532,1736
17,20,age_bin,attention,0.0001,1e-05,31.37099,0.44531,1736
17,20,age_bin,shuffled,0.01,0.0001,1.42758,0.30645,1736
17,20,gender,ema_lr1e-3,0.001,0.0001,0.96867,0.49827,1736
17,20,gender,ema_lr5e-3,0.005,0.0001,0.98074,0.47984,1736
17,20,gender,ema_lr1e-2,0.01,0.0001,0.87729,0.50576,1736
17,20,gender,ema_lr5e-2,0.05,0.0001,1.03761,0.49827,1736
17,20,gender,ema_lr1e-2_wd1e-3,0.01,0.001,0.89159,0.50922,1736
17,20,gender,ema_d0.99,0.01,0.0001,0.99652,0.4712,1736
17,20,gender,ema_d0.9999,0.01,0.0001,0.89142,0.51901,1736
17,20,gender,mlp_h16,0.001,0.0,0.6996,0.53226,1736
17,20,gender,mlp_h32,0.001,0.0,0.70558,0.51613,1736
17,20,gender,mlp_h64,0.001,0.0,0.70019,0.53226,1736
17,20,gender,mlp_h128,0.001,0.0,0.7076,0.53975,1736
17,20,gender,attention,0.0001,1e-05,0.74577,0.5625,1736
17,20,gender,shuffled,0.01,0.0001,0.89555,0.49712,1736
17,20,star_sign,ema_lr1e-3,0.001,0.0001,3.18856,0.08065,1736
17,20,star_sign,ema_lr5e-3,0.005,0.0001,2.94836,0.10196,1736
17,20,star_sign,ema_lr1e-2,0.01,0.0001,2.85239,0.14459,1736
17,20,star_sign,ema_lr5e-2,0.05,0.0001,2.21613,0.29839,1736
17,20,star_sign,ema_lr1e-2_wd1e-3,0.01,0.001,2.95637,0.09159,1736
17,20,star_sign,ema_d0.99,0.01,0.0001,2.94854,0.09044,1736
17,20,star_sign,ema_d0.9999,0.01,0.0001,2.98119,0.10081,1736
17,20,star_sign,mlp_h16,0.001,0.0,1.02467,0.99366,1736
17,20,star_sign,mlp_h32,0.001,0.0,0.84913,0.99942,1736
17,20,star_sign,mlp_h64,0.001,0.0,0.49349,1.0,1736
17,20,star_sign,mlp_h128,0.001,0.0,0.10475,1.0,1736
17,20,star_sign,attention,0.0001,1e-05,0.0,1.0,1736
17,20,star_sign,shuffled,0.01,0.0001,2.8874,0.11521,1736
17,24,age_bin,ema_lr1e-3,0.001,0.0001,1.64852,0.3197,1736
17,24,age_bin,ema_lr5e-3,0.005,0.0001,1.49357,0.33583,1736
17,24,age_bin,ema_lr1e-2,0.01,0.0001,1.46003,0.33007,1736
17,24,age_bin,ema_lr5e-2,0.05,0.0001,1.32946,0.35599,1736
17,24,age_bin,ema_lr1e-2_wd1e-3,0.01,0.001,1.43151,0.3485,1736
17,24,age_bin,ema_d0.99,0.01,0.0001,1.40897,0.34159,1736
17,24,age_bin,ema_d0.9999,0.01,0.0001,1.54485,0.33122,1736
17,24,age_bin,mlp_h16,0.001,0.0,1.06305,0.40726,1736
17,24,age_bin,mlp_h32,0.001,0.0,1.10467,0.39862,1736
17,24,age_bin,mlp_h64,0.001,0.0,1.08237,0.42224,1736
17,24,age_bin,mlp_h128,0.001,0.0,1.10909,0.42972,1736
17,24,age_bin,attention,0.0001,1e-05,3.39616,0.28906,1736
17,24,age_bin,shuffled,0.01,0.0001,1.46374,0.32488,1736
17,24,gender,ema_lr1e-3,0.001,0.0001,0.98121,0.52131,1736
17,24,gender,ema_lr5e-3,0.005,0.0001,0.9697,0.49366,1736
17,24,gender,ema_lr1e-2,0.01,0.0001,0.97182,0.48329,1736
17,24,gender,ema_lr5e-2,0.05,0.0001,0.81039,0.51786,1736
17,24,gender,ema_lr1e-2_wd1e-3,0.01,0.001,0.94529,0.48963,1736
17,24,gender,ema_d0.99,0.01,0.0001,0.88238,0.53859,1736
17,24,gender,ema_d0.9999,0.01,0.0001,0.88926,0.54205,1736
17,24,gender,mlp_h16,0.001,0.0,0.69857,0.52707,1736
17,24,gender,mlp_h32,0.001,0.0,0.69428,0.53168,1736
17,24,gender,mlp_h64,0.001,0.0,0.69032,0.53744,1736
17,24,gender,mlp_h128,0.001,0.0,0.69745,0.5432,1736
17,24,gender,attention,0.0001,1e-05,1.39223,0.50781,1736
17,24,gender,shuffled,0.01,0.0001,0.90721,0.50806,1736
17,24,star_sign,ema_lr1e-3,0.001,0.0001,3.27729,0.08007,1736
17,24,star_sign,ema_lr5e-3,0.005,0.0001,3.03726,0.10253,1736
17,24,star_sign,ema_lr1e-2,0.01,0.0001,2.97493,0.10829,1736
17,24,star_sign,ema_lr5e-2,0.05,0.0001,2.21986,0.28802,1736
17,24,star_sign,ema_lr1e-2_wd1e-3,0.01,0.001,2.9926,0.09044,1736
17,24,star_sign,ema_d0.99,0.01,0.0001,3.00786,0.10541,1736
17,24,star_sign,ema_d0.9999,0.01,0.0001,2.93605,0.11982,1736
17,24,star_sign,mlp_h16,0.001,0.0,2.38593,0.08065,1736
17,24,star_sign,mlp_h32,0.001,0.0,1.32902,0.94873,1736
17,24,star_sign,mlp_h64,0.001,0.0,0.56608,1.0,1736
17,24,star_sign,mlp_h128,0.001,0.0,0.28253,1.0,1736
17,24,star_sign,attention,0.0001,1e-05,0.00084,1.0,1736
17,24,star_sign,shuffled,0.01,0.0001,2.96776,0.10657,1736
18,0,age_bin,ema_lr1e-3,0.001,0.0001,1.58509,0.31591,1722
18,0,age_bin,ema_lr5e-3,0.005,0.0001,1.53427,0.32114,1722
18,0,age_bin,ema_lr1e-2,0.01,0.0001,1.4544,0.28281,1722
18,0,age_bin,ema_lr5e-2,0.05,0.0001,1.25321,0.42451,1722
18,0,age_bin,ema_lr1e-2_wd1e-3,0.01,0.001,1.42748,0.35017,1722
18,0,age_bin,ema_d0.99,0.01,0.0001,1.48247,0.31301,1722
18,0,age_bin,ema_d0.9999,0.01,0.0001,1.4113,0.35598,1722
18,0,age_bin,mlp_h16,0.001,0.0,0.99549,0.56969,1722
18,0,age_bin,mlp_h32,0.001,0.0,0.98958,0.57375,1722
18,0,age_bin,mlp_h64,0.001,0.0,0.99738,0.57027,1722
18,0,age_bin,mlp_h128,0.001,0.0,0.99999,0.56098,1722
18,0,age_bin,attention,0.0001,1e-05,1.08756,0.57031,1722
18,0,age_bin,shuffled,0.01,0.0001,1.36492,0.35075,1722
18,0,gender,ema_lr1e-3,0.001,0.0001,1.09402,0.48839,1722
18,0,gender,ema_lr5e-3,0.005,0.0001,0.92118,0.51742,1722
18,0,gender,ema_lr1e-2,0.01,0.0001,0.92723,0.49768,1722
18,0,gender,ema_lr5e-2,0.05,0.0001,0.80484,0.52207,1722
18,0,gender,ema_lr1e-2_wd1e-3,0.01,0.001,0.90883,0.50523,1722
18,0,gender,ema_d0.99,0.01,0.0001,0.93444,0.49477,1722
18,0,gender,ema_d0.9999,0.01,0.0001,0.91242,0.51916,1722
18,0,gender,mlp_h16,0.001,0.0,0.69031,0.54355,1722
18,0,gender,mlp_h32,0.001,0.0,0.69112,0.52729,1722
18,0,gender,mlp_h64,0.001,0.0,0.69119,0.54413,1722
18,0,gender,mlp_h128,0.001,0.0,0.69814,0.53136,1722
18,0,gender,attention,0.0001,1e-05,0.69324,0.51562,1722
18,0,gender,shuffled,0.01,0.0001,0.92975,0.50174,1722
18,0,star_sign,ema_lr1e-3,0.001,0.0001,3.28282,0.08711,1722
18,0,star_sign,ema_lr5e-3,0.005,0.0001,3.06983,0.12369,1722
18,0,star_sign,ema_lr1e-2,0.01,0.0001,2.93223,0.08072,1722
18,0,star_sign,ema_lr5e-2,0.05,0.0001,2.17068,0.40941,1722
18,0,star_sign,ema_lr1e-2_wd1e-3,0.01,0.001,2.95704,0.11556,1722
18,0,star_sign,ema_d0.99,0.01,0.0001,3.02669,0.13589,1722
18,0,star_sign,ema_d0.9999,0.01,0.0001,2.94737,0.1266,1722
18,0,star_sign,mlp_h16,0.001,0.0,1.33866,0.66376,1722
18,0,star_sign,mlp_h32,0.001,0.0,0.85681,0.99245,1722
18,0,star_sign,mlp_h64,0.001,0.0,0.21836,1.0,1722
18,0,star_sign,mlp_h128,0.001,0.0,0.11177,1.0,1722
18,0,star_sign,attention,0.0001,1e-05,2.43005,1.0,1722
18,0,star_sign,shuffled,0.01,0.0001,2.95628,0.09582,1722
18,4,age_bin,ema_lr1e-3,0.001,0.0001,1.40611,0.32172,1722
18,4,age_bin,ema_lr5e-3,0.005,0.0001,1.29729,0.3554,1722
18,4,age_bin,ema_lr1e-2,0.01,0.0001,1.30268,0.33159,1722
18,4,age_bin,ema_lr5e-2,0.05,0.0001,1.97973,0.28165,1722
18,4,age_bin,ema_lr1e-2_wd1e-3,0.01,0.001,1.28266,0.36237,1722
18,4,age_bin,ema_d0.99,0.01,0.0001,1.30945,0.34727,1722
18,4,age_bin,ema_d0.9999,0.01,0.0001,1.29571,0.3583,1722
18,4,age_bin,mlp_h16,0.001,0.0,0.97102,0.57491,1722
18,4,age_bin,mlp_h32,0.001,0.0,0.98551,0.57491,1722
18,4,age_bin,mlp_h64,0.001,0.0,0.99652,0.56388,1722
18,4,age_bin,mlp_h128,0.001,0.0,0.97975,0.57666,1722
18,4,age_bin,attention,0.0001,1e-05,0.9736,0.57812,1722
18,4,age_bin,shuffled,0.01,0.0001,1.30836,0.33624,1722
18,4,gender,ema_lr1e-3,0.001,0.0001,0.85794,0.51742,1722
18,4,gender,ema_lr5e-3,0.005,0.0001,0.85759,0.50639,1722
18,4,gender,ema_lr1e-2,0.01,0.0001,0.8742,0.50987,1722
18,4,gender,ema_lr5e-2,0.05,0.0001,1.83762,0.46225,1722
18,4,gender,ema_lr1e-2_wd1e-3,0.01,0.001,0.84995,0.50174,1722
18,4,gender,ema_d0.99,0.01,0.0001,0.80807,0.5151,1722
18,4,gender,ema_d0.9999,0.01,0.0001,0.81955,0.51626,1722
18,4,gender,mlp_h16,0.001,0.0,0.68687,0.5482,1722
18,4,gender,mlp_h32,0.001,0.0,0.68301,0.56214,1722
18,4,gender,mlp_h64,0.001,0.0,0.70914,0.50232,1722
18,4,gender,mlp_h128,0.001,0.0,0.70309,0.5122,1722
18,4,gender,attention,0.0001,1e-05,0.7251,0.53125,1722
18,4,gender,shuffled,0.01,0.0001,0.80597,0.51394,1722
18,4,star_sign,ema_lr1e-3,0.001,0.0001,2.92072,0.06794,1722
18,4,star_sign,ema_lr5e-3,0.005,0.0001,2.81428,0.0784,1722
18,4,star_sign,ema_lr1e-2,0.01,0.0001,2.62615,0.12195,1722
18,4,star_sign,ema_lr5e-2,0.05,0.0001,2.0101,0.37398,1722
18,4,star_sign,ema_lr1e-2_wd1e-3,0.01,0.001,2.64309,0.13589,1722
18,4,star_sign,ema_d0.99,0.01,0.0001,2.66339,0.11382,1722
18,4,star_sign,ema_d0.9999,0.01,0.0001,2.68082,0.12427,1722
18,4,star_sign,mlp_h16,0.001,0.0,0.40962,0.92567,1722
18,4,star_sign,mlp_h32,0.001,0.0,0.1783,1.0,1722
18,4,star_sign,mlp_h64,0.001,0.0,0.08667,1.0,1722
18,4,star_sign,mlp_h128,0.001,0.0,0.00648,1.0,1722
18,4,star_sign,attention,0.0001,1e-05,1.5211,1.0,1722
18,4,star_sign,shuffled,0.01,0.0001,2.67713,0.1144,1722
18,8,age_bin,ema_lr1e-3,0.001,0.0001,1.36324,0.33217,1722
18,8,age_bin,ema_lr5e-3,0.005,0.0001,1.3202,0.36063,1722
18,8,age_bin,ema_lr1e-2,0.01,0.0001,1.34584,0.33856,1722
18,8,age_bin,ema_lr5e-2,0.05,0.0001,1.82946,0.50465,1722
18,8,age_bin,ema_lr1e-2_wd1e-3,0.01,0.001,1.33746,0.33856,1722
18,8,age_bin,ema_d0.99,0.01,0.0001,1.28166,0.37515,1722
18,8,age_bin,ema_d0.9999,0.01,0.0001,1.31965,0.34611,1722
18,8,age_bin,mlp_h16,0.001,0.0,0.97651,0.5784,1722
18,8,age_bin,mlp_h32,0.001,0.0,0.98519,0.57782,1722
18,8,age_bin,mlp_h64,0.001,0.0,1.00108,0.55923,1722
18,8,age_bin,mlp_h128,0.001,0.0,0.9917,0.57491,1722
18,8,age_bin,attention,0.0001,1e-05,1.0759,0.41406,1722
18,8,age_bin,shuffled,0.01,0.0001,1.26568,0.34901,1722
18,8,gender,ema_lr1e-3,0.001,0.0001,0.86396,0.51626,1722
18,8,gender,ema_lr5e-3,0.005,0.0001,0.85329,0.5151,1722
18,8,gender,ema_lr1e-2,0.01,0.0001,0.86343,0.48722,1722
18,8,gender,ema_lr5e-2,0.05,0.0001,1.68163,0.46806,1722
18,8,gender,ema_lr1e-2_wd1e-3,0.01,0.001,0.88897,0.47503,1722
18,8,gender,ema_d0.99,0.01,0.0001,0.83285,0.51684,1722
18,8,gender,ema_d0.9999,0.01,0.0001,0.83632,0.49535,1722
18,8,gender,mlp_h16,0.001,0.0,0.68012,0.57549,1722
18,8,gender,mlp_h32,0.001,0.0,0.68862,0.5482,1722
18,8,gender,mlp_h64,0.001,0.0,0.68861,0.5453,1722
18,8,gender,mlp_h128,0.001,0.0,0.72123,0.48026,1722
18,8,gender,attention,0.0001,1e-05,22.66693,0.47656,1722
18,8,gender,shuffled,0.01,0.0001,0.84937,0.48316,1722
18,8,star_sign,ema_lr1e-3,0.001,0.0001,2.84797,0.07027,1722
18,8,star_sign,ema_lr5e-3,0.005,0.0001,2.83352,0.11672,1722
18,8,star_sign,ema_lr1e-2,0.01,0.0001,2.71441,0.12369,1722
18,8,star_sign,ema_lr5e-2,0.05,0.0001,2.07244,0.32288,1722
18,8,star_sign,ema_lr1e-2_wd1e-3,0.01,0.001,2.69734,0.10976,1722
18,8,star_sign,ema_d0.99,0.01,0.0001,2.7719,0.10685,1722
18,8,star_sign,ema_d0.9999,0.01,0.0001,2.72838,0.11672,1722
18,8,star_sign,mlp_h16,0.001,0.0,1.98446,0.07666,1722
18,8,star_sign,mlp_h32,0.001,0.0,0.23465,1.0,1722
18,8,star_sign,mlp_h64,0.001,0.0,0.05958,1.0,1722
18,8,star_sign,mlp_h128,0.001,0.0,0.00492,1.0,1722
18,8,star_sign,attention,0.0001,1e-05,1.10412,1.0,1722
18,8,star_sign,shuffled,0.01,0.0001,2.72599,0.11498,1722
18,12,age_bin,ema_lr1e-3,0.001,0.0001,1.39723,0.34553,1722
18,12,age_bin,ema_lr5e-3,0.005,0.0001,1.36486,0.32056,1722
18,12,age_bin,ema_lr1e-2,0.01,0.0001,1.36166,0.3072,1722
18,12,age_bin,ema_lr5e-2,0.05,0.0001,1.75325,0.29443,1722
18,12,age_bin,ema_lr1e-2_wd1e-3,0.01,0.001,1.32189,0.35482,1722
18,12,age_bin,ema_d0.99,0.01,0.0001,1.33211,0.32869,1722
18,12,age_bin,ema_d0.9999,0.01,0.0001,1.26459,0.36063,1722
18,12,age_bin,mlp_h16,0.001,0.0,1.00772,0.57491,1722
18,12,age_bin,mlp_h32,0.001,0.0,0.98144,0.57143,1722
18,12,age_bin,mlp_h64,0.001,0.0,0.9921,0.56098,1722
18,12,age_bin,mlp_h128,0.001,0.0,0.98997,0.5633,1722
18,12,age_bin,attention,0.0001,1e-05,1.20074,0.22656,1722
18,12,age_bin,shuffled,0.01,0.0001,1.31751,0.33508,1722
18,12,gender,ema_lr1e-3,0.001,0.0001,0.89045,0.49013,1722
18,12,gender,ema_lr5e-3,0.005,0.0001,0.83434,0.51742,1722
18,12,gender,ema_lr1e-2,0.01,0.0001,0.85591,0.49535,1722
18,12,gender,ema_lr5e-2,0.05,0.0001,1.72247,0.47561,1722
18,12,gender,ema_lr1e-2_wd1e-3,0.01,0.001,0.83049,0.51452,1722
18,12,gender,ema_d0.99,0.01,0.0001,0.83084,0.52904,1722
18,12,gender,ema_d0.9999,0.01,0.0001,0.84722,0.49826,1722
18,12,gender,mlp_h16,0.001,0.0,0.67957,0.57027,1722
18,12,gender,mlp_h32,0.001,0.0,0.67764,0.57433,1722
18,12,gender,mlp_h64,0.001,0.0,0.68314,0.55981,1722
18,12,gender,mlp_h128,0.001,0.0,0.6922,0.5662,1722
18,12,gender,attention,0.0001,1e-05,0.72064,0.4375,1722
18,12,gender,shuffled,0.01,0.0001,0.84955,0.49593,1722
18,12,star_sign,ema_lr1e-3,0.001,0.0001,2.8951,0.07085,1722
18,12,star_sign,ema_lr5e-3,0.005,0.0001,2.85542,0.08595,1722
18,12,star_sign,ema_lr1e-2,0.01,0.0001,2.67393,0.13415,1722
18,12,star_sign,ema_lr5e-2,0.05,0.0001,2.03138,0.32636,1722
18,12,star_sign,ema_lr1e-2_wd1e-3,0.01,0.001,2.64773,0.10511,1722
18,12,star_sign,ema_d0.99,0.01,0.0001,2.6675,0.10046,1722
18,12,star_sign,ema_d0.9999,0.01,0.0001,2.61325,0.13124,1722
18,12,star_sign,mlp_h16,0.001,0.0,0.49895,1.0,1722
18,12,star_sign,mlp_h32,0.001,0.0,0.19482,1.0,1722
18,12,star_sign,mlp_h64,0.001,0.0,0.04394,1.0,1722
18,12,star_sign,mlp_h128,0.001,0.0,0.00529,1.0,1722
18,12,star_sign,attention,0.0001,1e-05,0.0,1.0,1722
18,12,star_sign,shuffled,0.01,0.0001,2.67978,0.13531,1722
18,16,age_bin,ema_lr1e-3,0.001,0.0001,1.41538,0.36179,1722
18,16,age_bin,ema_lr5e-3,0.005,0.0001,1.41073,0.33508,1722
18,16,age_bin,ema_lr1e-2,0.01,0.0001,1.36214,0.34204,1722
18,16,age_bin,ema_lr5e-2,0.05,0.0001,1.67967,0.48026,1722
18,16,age_bin,ema_lr1e-2_wd1e-3,0.01,0.001,1.30734,0.35656,1722
18,16,age_bin,ema_d0.99,0.01,0.0001,1.2983,0.36527,1722
18,16,age_bin,ema_d0.9999,0.01,0.0001,1.27119,0.36818,1722
18,16,age_bin,mlp_h16,0.001,0.0,0.96965,0.5784,1722
18,16,age_bin,mlp_h32,0.001,0.0,0.98815,0.56388,1722
18,16,age_bin,mlp_h64,0.001,0.0,0.9929,0.5511,1722
18,16,age_bin,mlp_h128,0.001,0.0,0.97943,0.56156,1722
18,16,age_bin,attention,0.0001,1e-05,0.99135,0.57031,1722
18,16,age_bin,shuffled,0.01,0.0001,1.33886,0.33391,1722
18,16,gender,ema_lr1e-3,0.001,0.0001,0.9189,0.50348,1722
18,16,gender,ema_lr5e-3,0.005,0.0001,0.84589,0.53078,1722
18,16,gender,ema_lr1e-2,0.01,0.0001,0.87732,0.48955,1722
18,16,gender,ema_lr5e-2,0.05,0.0001,1.50849,0.46341,1722
18,16,gender,ema_lr1e-2_wd1e-3,0.01,0.001,0.88378,0.49652,1722
18,16,gender,ema_d0.99,0.01,0.0001,0.88485,0.47909,1722
18,16,gender,ema_d0.9999,0.01,0.0001,0.81172,0.54123,1722
18,16,gender,mlp_h16,0.001,0.0,0.68137,0.57607,1722
18,16,gender,mlp_h32,0.001,0.0,0.67831,0.58943,1722
18,16,gender,mlp_h64,0.001,0.0,0.68395,0.54878,1722
18,16,gender,mlp_h128,0.001,0.0,0.6874,0.56098,1722
18,16,gender,attention,0.0001,1e-05,1.36136,0.52344,1722
18,16,gender,shuffled,0.01,0.0001,0.83005,0.51742,1722
18,16,star_sign,ema_lr1e-3,0.001,0.0001,2.89814,0.09117,1722
18,16,star_sign,ema_lr5e-3,0.005,0.0001,2.91898,0.11963,1722
18,16,star_sign,ema_lr1e-2,0.01,0.0001,2.70522,0.11092,1722
18,16,star_sign,ema_lr5e-2,0.05,0.0001,2.13013,0.3072,1722
18,16,star_sign,ema_lr1e-2_wd1e-3,0.01,0.001,2.78796,0.08246,1722
18,16,star_sign,ema_d0.99,0.01,0.0001,2.69674,0.12311,1722
18,16,star_sign,ema_d0.9999,0.01,0.0001,2.7817,0.10453,1722
18,16,star_sign,mlp_h16,0.001,0.0,1.82822,0.09001,1722
18,16,star_sign,mlp_h32,0.001,0.0,0.11683,1.0,1722
18,16,star_sign,mlp_h64,0.001,0.0,0.06153,1.0,1722
18,16,star_sign,mlp_h128,0.001,0.0,0.02667,1.0,1722
18,16,star_sign,attention,0.0001,1e-05,0.40471,1.0,1722
18,16,star_sign,shuffled,0.01,0.0001,2.73955,0.11905,1722
18,20,age_bin,ema_lr1e-3,0.001,0.0001,1.56996,0.33682,1722
18,20,age_bin,ema_lr5e-3,0.005,0.0001,1.54858,0.31765,1722
18,20,age_bin,ema_lr1e-2,0.01,0.0001,1.41949,0.34262,1722
18,20,age_bin,ema_lr5e-2,0.05,0.0001,1.41931,0.35017,1722
18,20,age_bin,ema_lr1e-2_wd1e-3,0.01,0.001,1.41775,0.33159,1722
18,20,age_bin,ema_d0.99,0.01,0.0001,1.38201,0.3525,1722
18,20,age_bin,ema_d0.9999,0.01,0.0001,1.38535,0.36992,1722
18,20,age_bin,mlp_h16,0.001,0.0,0.9816,0.57259,1722
18,20,age_bin,mlp_h32,0.001,0.0,0.99039,0.55517,1722
18,20,age_bin,mlp_h64,0.001,0.0,0.98374,0.56039,1722
18,20,age_bin,mlp_h128,0.001,0.0,0.9887,0.54065,1722
18,20,age_bin,attention,0.0001,1e-05,19.90086,0.57812,1722
18,20,age_bin,shuffled,0.01,0.0001,1.40746,0.33508,1722
18,20,gender,ema_lr1e-3,0.001,0.0001,0.97015,0.5,1722
18,20,gender,ema_lr5e-3,0.005,0.0001,0.96076,0.48142,1722
18,20,gender,ema_lr1e-2,0.01,0.0001,0.91301,0.49303,1722
18,20,gender,ema_lr5e-2,0.05,0.0001,1.08457,0.49826,1722
18,20,gender,ema_lr1e-2_wd1e-3,0.01,0.001,0.93769,0.49535,1722
18,20,gender,ema_d0.99,0.01,0.0001,0.89988,0.53775,1722
18,20,gender,ema_d0.9999,0.01,0.0001,0.90269,0.52033,1722
18,20,gender,mlp_h16,0.001,0.0,0.69078,0.55749,1722
18,20,gender,mlp_h32,0.001,0.0,0.68802,0.55401,1722
18,20,gender,mlp_h64,0.001,0.0,0.684,0.56156,1722
18,20,gender,mlp_h128,0.001,0.0,0.70057,0.53136,1722
18,20,gender,attention,0.0001,1e-05,0.72978,0.52344,1722
18,20,gender,shuffled,0.01,0.0001,0.90223,0.51278,1722
18,20,star_sign,ema_lr1e-3,0.001,0.0001,3.20296,0.07491,1722
18,20,star_sign,ema_lr5e-3,0.005,0.0001,2.97057,0.10685,1722
18,20,star_sign,ema_lr1e-2,0.01,0.0001,2.91187,0.1295,1722
18,20,star_sign,ema_lr5e-2,0.05,0.0001,2.12127,0.34321,1722
18,20,star_sign,ema_lr1e-2_wd1e-3,0.01,0.001,2.91824,0.10105,1722
18,20,star_sign,ema_d0.99,0.01,0.0001,2.87737,0.11847,1722
18,20,star_sign,ema_d0.9999,0.01,0.0001,2.96949,0.10976,1722
18,20,star_sign,mlp_h16,0.001,0.0,0.9434,0.99593,1722
18,20,star_sign,mlp_h32,0.001,0.0,0.76633,1.0,1722
18,20,star_sign,mlp_h64,0.001,0.0,0.40282,1.0,1722
18,20,star_sign,mlp_h128,0.001,0.0,0.0795,1.0,1722
18,20,star_sign,attention,0.0001,1e-05,0.0,1.0,1722
18,20,star_sign,shuffled,0.01,0.0001,2.90057,0.12137,1722
18,24,age_bin,ema_lr1e-3,0.001,0.0001,1.69009,0.31243,1722
18,24,age_bin,ema_lr5e-3,0.005,0.0001,1.49257,0.33391,1722
18,24,age_bin,ema_lr1e-2,0.01,0.0001,1.4101,0.3403,1722
18,24,age_bin,ema_lr5e-2,0.05,0.0001,1.249,0.41057,1722
18,24,age_bin,ema_lr1e-2_wd1e-3,0.01,0.001,1.42286,0.35714,1722
18,24,age_bin,ema_d0.99,0.01,0.0001,1.40662,0.36585,1722
18,24,age_bin,ema_d0.9999,0.01,0.0001,1.5363,0.3525,1722
18,24,age_bin,mlp_h16,0.001,0.0,1.06192,0.41405,1722
18,24,age_bin,mlp_h32,0.001,0.0,1.0161,0.52381,1722
18,24,age_bin,mlp_h64,0.001,0.0,0.96753,0.57143,1722
18,24,age_bin,mlp_h128,0.001,0.0,0.97145,0.56098,1722
18,24,age_bin,attention,0.0001,1e-05,3.24394,0.41406,1722
18,24,age_bin,shuffled,0.01,0.0001,1.50342,0.31069,1722
18,24,gender,ema_lr1e-3,0.001,0.0001,1.13332,0.48084,1722
18,24,gender,ema_lr5e-3,0.005,0.0001,0.97965,0.50987,1722
18,24,gender,ema_lr1e-2,0.01,0.0001,0.89542,0.53484,1722
18,24,gender,ema_lr5e-2,0.05,0.0001,0.83364,0.51103,1722
18,24,gender,ema_lr1e-2_wd1e-3,0.01,0.001,0.97761,0.47909,1722
18,24,gender,ema_d0.99,0.01,0.0001,0.95714,0.50348,1722
18,24,gender,ema_d0.9999,0.01,0.0001,0.99485,0.49361,1722
18,24,gender,mlp_h16,0.001,0.0,0.70581,0.53717,1722
18,24,gender,mlp_h32,0.001,0.0,0.6949,0.54065,1722
18,24,gender,mlp_h64,0.001,0.0,0.69803,0.54588,1722
18,24,gender,mlp_h128,0.001,0.0,0.69406,0.54936,1722
18,24,gender,attention,0.0001,1e-05,1.39799,0.53906,1722
18,24,gender,shuffled,0.01,0.0001,0.88657,0.52149,1722
18,24,star_sign,ema_lr1e-3,0.001,0.0001,3.32817,0.06736,1722
18,24,star_sign,ema_lr5e-3,0.005,0.0001,3.13775,0.09292,1722
18,24,star_sign,ema_lr1e-2,0.01,0.0001,2.98256,0.13821,1722
18,24,star_sign,ema_lr5e-2,0.05,0.0001,2.22667,0.31359,1722
18,24,star_sign,ema_lr1e-2_wd1e-3,0.01,0.001,2.99305,0.09175,1722
18,24,star_sign,ema_d0.99,0.01,0.0001,2.90288,0.13531,1722
18,24,star_sign,ema_d0.9999,0.01,0.0001,2.91734,0.12718,1722
18,24,star_sign,mlp_h16,0.001,0.0,2.35628,0.10743,1722
18,24,star_sign,mlp_h32,0.001,0.0,1.31545,0.94077,1722
18,24,star_sign,mlp_h64,0.001,0.0,0.52904,0.99942,1722
18,24,star_sign,mlp_h128,0.001,0.0,0.24098,1.0,1722
18,24,star_sign,attention,0.0001,1e-05,0.00659,0.99219,1722
18,24,star_sign,shuffled,0.01,0.0001,2.94057,0.10337,1722
19,0,age_bin,ema_lr1e-3,0.001,0.0001,1.55961,0.3294,1864
19,0,age_bin,ema_lr5e-3,0.005,0.0001,1.51072,0.33745,1864
19,0,age_bin,ema_lr1e-2,0.01,0.0001,1.4278,0.33315,1864
19,0,age_bin,ema_lr5e-2,0.05,0.0001,1.28501,0.3632,1864
19,0,age_bin,ema_lr1e-2_wd1e-3,0.01,0.001,1.4262,0.34657,1864
19,0,age_bin,ema_d0.99,0.01,0.0001,1.42218,0.34174,1864
19,0,age_bin,ema_d0.9999,0.01,0.0001,1.45061,0.32082,1864
19,0,age_bin,mlp_h16,0.001,0.0,1.0768,0.44421,1864
19,0,age_bin,mlp_h32,0.001,0.0,1.07793,0.44635,1864
19,0,age_bin,mlp_h64,0.001,0.0,1.0795,0.44152,1864
19,0,age_bin,mlp_h128,0.001,0.0,1.08446,0.44152,1864
19,0,age_bin,attention,0.0001,1e-05,1.09222,0.46094,1864
19,0,age_bin,shuffled,0.01,0.0001,1.43868,0.32457,1864
19,0,gender,ema_lr1e-3,0.001,0.0001,1.13902,0.47264,1864
19,0,gender,ema_lr5e-3,0.005,0.0001,0.94469,0.4882,1864
19,0,gender,ema_lr1e-2,0.01,0.0001,0.8988,0.50268,1864
19,0,gender,ema_lr5e-2,0.05,0.0001,0.80686,0.52521,1864
19,0,gender,ema_lr1e-2_wd1e-3,0.01,0.001,0.89911,0.5118,1864
19,0,gender,ema_d0.99,0.01,0.0001,0.92255,0.48981,1864
19,0,gender,ema_d0.9999,0.01,0.0001,0.9583,0.48391,1864
19,0,gender,mlp_h16,0.001,0.0,0.69989,0.49893,1864
19,0,gender,mlp_h32,0.001,0.0,0.70081,0.49356,1864
19,0,gender,mlp_h64,0.001,0.0,0.69724,0.50536,1864
19,0,gender,mlp_h128,0.001,0.0,0.70459,0.52039,1864
19,0,gender,attention,0.0001,1e-05,0.69292,0.46875,1864
19,0,gender,shuffled,0.01,0.0001,0.9403,0.50536,1864
19,0,star_sign,ema_lr1e-3,0.001,0.0001,3.30142,0.08315,1864
19,0,star_sign,ema_lr5e-3,0.005,0.0001,2.9953,0.11266,1864
19,0,star_sign,ema_lr1e-2,0.01,0.0001,2.93772,0.08852,1864
19,0,star_sign,ema_lr5e-2,0.05,0.0001,2.18106,0.39431,1864
19,0,star_sign,ema_lr1e-2_wd1e-3,0.01,0.001,2.91877,0.11964,1864
19,0,star_sign,ema_d0.99,0.01,0.0001,3.04289,0.11803,1864
19,0,star_sign,ema_d0.9999,0.01,0.0001,2.88692,0.14861,1864
19,0,star_sign,mlp_h16,0.001,0.0,1.2743,0.72264,1864
19,0,star_sign,mlp_h32,0.001,0.0,0.78718,0.99624,1864
19,0,star_sign,mlp_h64,0.001,0.0,0.1818,1.0,1864
19,0,star_sign,mlp_h128,0.001,0.0,0.08966,1.0,1864
19,0,star_sign,attention,0.0001,1e-05,2.4275,1.0,1864
19,0,star_sign,shuffled,0.01,0.0001,2.97544,0.09496,1864
19,4,age_bin,ema_lr1e-3,0.001,0.0001,1.42195,0.33208,1864
19,4,age_bin,ema_lr5e-3,0.005,0.0001,1.31871,0.32779,1864
19,4,age_bin,ema_lr1e-2,0.01,0.0001,1.30931,0.33852,1864
19,4,age_bin,ema_lr5e-2,0.05,0.0001,1.97046,0.41094,1864
19,4,age_bin,ema_lr1e-2_wd1e-3,0.01,0.001,1.27367,0.34657,1864
19,4,age_bin,ema_d0.99,0.01,0.0001,1.31393,0.34657,1864
19,4,age_bin,ema_d0.9999,0.01,0.0001,1.34716,0.31491,1864
19,4,age_bin,mlp_h16,0.001,0.0,1.09026,0.44957,1864
19,4,age_bin,mlp_h32,0.001,0.0,1.08455,0.44206,1864
19,4,age_bin,mlp_h64,0.001,0.0,1.07947,0.4383,1864
19,4,age_bin,mlp_h128,0.001,0.0,1.09019,0.43938,1864
19,4,age_bin,attention,0.0001,1e-05,1.0667,0.46094,1864
19,4,age_bin,shuffled,0.01,0.0001,1.30905,0.33584,1864
19,4,gender,ema_lr1e-3,0.001,0.0001,0.89429,0.47318,1864
19,4,gender,ema_lr5e-3,0.005,0.0001,0.85901,0.49678,1864
19,4,gender,ema_lr1e-2,0.01,0.0001,0.88505,0.46084,1864
19,4,gender,ema_lr5e-2,0.05,0.0001,1.57205,0.48444,1864
19,4,gender,ema_lr1e-2_wd1e-3,0.01,0.001,0.81756,0.51931,1864
19,4,gender,ema_d0.99,0.01,0.0001,0.83454,0.49893,1864
19,4,gender,ema_d0.9999,0.01,0.0001,0.81387,0.50751,1864
19,4,gender,mlp_h16,0.001,0.0,0.6907,0.53755,1864
19,4,gender,mlp_h32,0.001,0.0,0.69012,0.53702,1864
19,4,gender,mlp_h64,0.001,0.0,0.7,0.52575,1864
19,4,gender,mlp_h128,0.001,0.0,0.69617,0.52897,1864
19,4,gender,attention,0.0001,1e-05,1.23956,0.53125,1864
19,4,gender,shuffled,0.01,0.0001,0.84029,0.48391,1864
19,4,star_sign,ema_lr1e-3,0.001,0.0001,2.90203,0.05794,1864
19,4,star_sign,ema_lr5e-3,0.005,0.0001,2.83063,0.08637,1864
19,4,star_sign,ema_lr1e-2,0.01,0.0001,2.65303,0.12393,1864
19,4,star_sign,ema_lr5e-2,0.05,0.0001,1.9412,0.40451,1864
19,4,star_sign,ema_lr1e-2_wd1e-3,0.01,0.001,2.67445,0.11642,1864
19,4,star_sign,ema_d0.99,0.01,0.0001,2.63711,0.11749,1864
19,4,star_sign,ema_d0.9999,0.01,0.0001,2.67046,0.11427,1864
19,4,star_sign,mlp_h16,0.001,0.0,0.35592,0.93133,1864
19,4,star_sign,mlp_h32,0.001,0.0,0.14101,1.0,1864
19,4,star_sign,mlp_h64,0.001,0.0,0.06735,1.0,1864
19,4,star_sign,mlp_h128,0.001,0.0,0.00456,1.0,1864
19,4,star_sign,attention,0.0001,1e-05,1.48032,1.0,1864
19,4,star_sign,shuffled,0.01,0.0001,2.68984,0.10891,1864
19,8,age_bin,ema_lr1e-3,0.001,0.0001,1.34162,0.3353,1864
19,8,age_bin,ema_lr5e-3,0.005,0.0001,1.38693,0.31116,1864
19,8,age_bin,ema_lr1e-2,0.01,0.0001,1.28578,0.3632,1864
19,8,age_bin,ema_lr5e-2,0.05,0.0001,1.59089,0.3235,1864
19,8,age_bin,ema_lr1e-2_wd1e-3,0.01,0.001,1.31629,0.33423,1864
19,8,age_bin,ema_d0.99,0.01,0.0001,1.32579,0.33369,1864
19,8,age_bin,ema_d0.9999,0.01,0.0001,1.33342,0.34013,1864
19,8,age_bin,mlp_h16,0.001,0.0,1.08854,0.44903,1864
19,8,age_bin,mlp_h32,0.001,0.0,1.07145,0.44474,1864
19,8,age_bin,mlp_h64,0.001,0.0,1.07414,0.4367,1864
19,8,age_bin,mlp_h128,0.001,0.0,1.0843,0.44635,1864
19,8,age_bin,attention,0.0001,1e-05,1.07116,0.375,1864
19,8,age_bin,shuffled,0.01,0.0001,1.28169,0.34979,1864
19,8,gender,ema_lr1e-3,0.001,0.0001,0.87166,0.50107,1864
19,8,gender,ema_lr5e-3,0.005,0.0001,0.82902,0.51449,1864
19,8,gender,ema_lr1e-2,0.01,0.0001,0.83002,0.52307,1864
19,8,gender,ema_lr5e-2,0.05,0.0001,1.41059,0.50912,1864
19,8,gender,ema_lr1e-2_wd1e-3,0.01,0.001,0.83255,0.51395,1864
19,8,gender,ema_d0.99,0.01,0.0001,0.80438,0.53433,1864
19,8,gender,ema_d0.9999,0.01,0.0001,0.79781,0.52039,1864
19,8,gender,mlp_h16,0.001,0.0,0.69185,0.51824,1864
19,8,gender,mlp_h32,0.001,0.0,0.67894,0.55633,1864
19,8,gender,mlp_h64,0.001,0.0,0.68112,0.55311,1864
19,8,gender,mlp_h128,0.001,0.0,0.693,0.54131,1864
19,8,gender,attention,0.0001,1e-05,18.20141,0.53125,1864
19,8,gender,shuffled,0.01,0.0001,0.82439,0.5059,1864
19,8,star_sign,ema_lr1e-3,0.001,0.0001,2.90619,0.05687,1864
19,8,star_sign,ema_lr5e-3,0.005,0.0001,2.79201,0.11695,1864
19,8,star_sign,ema_lr1e-2,0.01,0.0001,2.74144,0.10515,1864
19,8,star_sign,ema_lr5e-2,0.05,0.0001,2.13294,0.45494,1864
19,8,star_sign,ema_lr1e-2_wd1e-3,0.01,0.001,2.72311,0.10998,1864
19,8,star_sign,ema_d0.99,0.01,0.0001,2.66545,0.1309,1864
19,8,star_sign,ema_d0.9999,0.01,0.0001,2.66223,0.13788,1864
19,8,star_sign,mlp_h16,0.001,0.0,1.95611,0.07672,1864
19,8,star_sign,mlp_h32,0.001,0.0,0.18564,1.0,1864
19,8,star_sign,mlp_h64,0.001,0.0,0.04343,1.0,1864
19,8,star_sign,mlp_h128,0.001,0.0,0.00338,1.0,1864
19,8,star_sign,attention,0.0001,1e-05,1.0326,1.0,1864
19,8,star_sign,shuffled,0.01,0.0001,2.68799,0.1132,1864
19,12,age_bin,ema_lr1e-3,0.001,0.0001,1.37877,0.353,1864
19,12,age_bin,ema_lr5e-3,0.005,0.0001,1.32646,0.33476,1864
19,12,age_bin,ema_lr1e-2,0.01,0.0001,1.29312,0.35944,1864
19,12,age_bin,ema_lr5e-2,0.05,0.0001,1.23444,0.34281,1864
19,12,age_bin,ema_lr1e-2_wd1e-3,0.01,0.001,1.38811,0.29453,1864
19,12,age_bin,ema_d0.99,0.01,0.0001,1.29782,0.32886,1864
19,12,age_bin,ema_d0.9999,0.01,0.0001,1.30914,0.33906,1864
19,12,age_bin,mlp_h16,0.001,0.0,1.06812,0.44689,1864
19,12,age_bin,mlp_h32,0.001,0.0,1.0819,0.44635,1864
19,12,age_bin,mlp_h64,0.001,0.0,1.09245,0.43616,1864
19,12,age_bin,mlp_h128,0.001,0.0,1.09754,0.43777,1864
19,12,age_bin,attention,0.0001,1e-05,1.14137,0.3125,1864
19,12,age_bin,shuffled,0.01,0.0001,1.3198,0.33959,1864
19,12,gender,ema_lr1e-3,0.001,0.0001,0.81913,0.53648,1864
19,12,gender,ema_lr5e-3,0.005,0.0001,0.85699,0.49839,1864
19,12,gender,ema_lr1e-2,0.01,0.0001,0.85542,0.49464,1864
19,12,gender,ema_lr5e-2,0.05,0.0001,1.39598,0.50805,1864
19,12,gender,ema_lr1e-2_wd1e-3,0.01,0.001,0.849,0.50161,1864
19,12,gender,ema_d0.99,0.01,0.0001,0.81458,0.52468,1864
19,12,gender,ema_d0.9999,0.01,0.0001,0.83241,0.51556,1864
19,12,gender,mlp_h16,0.001,0.0,0.68896,0.54936,1864
19,12,gender,mlp_h32,0.001,0.0,0.69028,0.53433,1864
19,12,gender,mlp_h64,0.001,0.0,0.68044,0.57028,1864
19,12,gender,mlp_h128,0.001,0.0,0.69402,0.52361,1864
19,12,gender,attention,0.0001,1e-05,0.70411,0.51562,1864
19,12,gender,shuffled,0.01,0.0001,0.86312,0.50054,1864
19,12,star_sign,ema_lr1e-3,0.001,0.0001,2.97459,0.06062,1864
19,12,star_sign,ema_lr5e-3,0.005,0.0001,2.84801,0.09442,1864
19,12,star_sign,ema_lr1e-2,0.01,0.0001,2.70835,0.11803,1864
19,12,star_sign,ema_lr5e-2,0.05,0.0001,2.01906,0.42758,1864
19,12,star_sign,ema_lr1e-2_wd1e-3,0.01,0.001,2.66885,0.10944,1864
19,12,star_sign,ema_d0.99,0.01,0.0001,2.6375,0.11427,1864
19,12,star_sign,ema_d0.9999,0.01,0.0001,2.68494,0.10998,1864
19,12,star_sign,mlp_h16,0.001,0.0,0.44024,1.0,1864
19,12,star_sign,mlp_h32,0.001,0.0,0.15914,1.0,1864
19,12,star_sign,mlp_h64,0.001,0.0,0.03189,1.0,1864
19,12,star_sign,mlp_h128,0.001,0.0,0.0038,1.0,1864
19,12,star_sign,attention,0.0001,1e-05,0.0,1.0,1864
19,12,star_sign,shuffled,0.01,0.0001,2.72588,0.11803,1864
19,16,age_bin,ema_lr1e-3,0.001,0.0001,1.41804,0.33691,1864
19,16,age_bin,ema_lr5e-3,0.005,0.0001,1.33636,0.36373,1864
19,16,age_bin,ema_lr1e-2,0.01,0.0001,1.40008,0.32082,1864
19,16,age_bin,ema_lr5e-2,0.05,0.0001,1.66768,0.34979,1864
19,16,age_bin,ema_lr1e-2_wd1e-3,0.01,0.001,1.32073,0.35354,1864
19,16,age_bin,ema_d0.99,0.01,0.0001,1.30573,0.35569,1864
19,16,age_bin,ema_d0.9999,0.01,0.0001,1.30649,0.353,1864
19,16,age_bin,mlp_h16,0.001,0.0,1.08926,0.44796,1864
19,16,age_bin,mlp_h32,0.001,0.0,1.08273,0.43348,1864
19,16,age_bin,mlp_h64,0.001,0.0,1.08896,0.42704,1864
19,16,age_bin,mlp_h128,0.001,0.0,1.11252,0.43133,1864
19,16,age_bin,attention,0.0001,1e-05,1.10615,0.46875,1864
19,16,age_bin,shuffled,0.01,0.0001,1.34735,0.35783,1864
19,16,gender,ema_lr1e-3,0.001,0.0001,0.88793,0.51609,1864
19,16,gender,ema_lr5e-3,0.005,0.0001,0.85455,0.53326,1864
19,16,gender,ema_lr1e-2,0.01,0.0001,0.86232,0.5059,1864
19,16,gender,ema_lr5e-2,0.05,0.0001,1.26462,0.52736,1864
19,16,gender,ema_lr1e-2_wd1e-3,0.01,0.001,0.8609,0.48981,1864
19,16,gender,ema_d0.99,0.01,0.0001,0.91508,0.478,1864
19,16,gender,ema_d0.9999,0.01,0.0001,0.86058,0.49839,1864
19,16,gender,mlp_h16,0.001,0.0,0.68075,0.56009,1864
19,16,gender,mlp_h32,0.001,0.0,0.6802,0.56706,1864
19,16,gender,mlp_h64,0.001,0.0,0.67363,0.57403,1864
19,16,gender,mlp_h128,0.001,0.0,0.67613,0.56706,1864
19,16,gender,attention,0.0001,1e-05,3.44144,0.46875,1864
19,16,gender,shuffled,0.01,0.0001,0.83,0.50376,1864
19,16,star_sign,ema_lr1e-3,0.001,0.0001,3.0242,0.07511,1864
19,16,star_sign,ema_lr5e-3,0.005,0.0001,2.91001,0.11642,1864
19,16,star_sign,ema_lr1e-2,0.01,0.0001,2.70053,0.12822,1864
19,16,star_sign,ema_lr5e-2,0.05,0.0001,2.16342,0.53326,1864
19,16,star_sign,ema_lr1e-2_wd1e-3,0.01,0.001,2.80355,0.0794,1864
19,16,star_sign,ema_d0.99,0.01,0.0001,2.78323,0.12017,1864
19,16,star_sign,ema_d0.9999,0.01,0.0001,2.81519,0.10622,1864
19,16,star_sign,mlp_h16,0.001,0.0,1.80561,0.09871,1864
19,16,star_sign,mlp_h32,0.001,0.0,0.08558,1.0,1864
19,16,star_sign,mlp_h64,0.001,0.0,0.04696,1.0,1864
19,16,star_sign,mlp_h128,0.001,0.0,0.02005,1.0,1864
19,16,star_sign,attention,0.0001,1e-05,0.3699,1.0,1864
19,16,star_sign,shuffled,0.01,0.0001,2.79486,0.12983,1864
19,20,age_bin,ema_lr1e-3,0.001,0.0001,1.63991,0.31599,1864
19,20,age_bin,ema_lr5e-3,0.005,0.0001,1.51958,0.30579,1864
19,20,age_bin,ema_lr1e-2,0.01,0.0001,1.44439,0.31062,1864
19,20,age_bin,ema_lr5e-2,0.05,0.0001,1.29028,0.35622,1864
19,20,age_bin,ema_lr1e-2_wd1e-3,0.01,0.001,1.41358,0.34335,1864
19,20,age_bin,ema_d0.99,0.01,0.0001,1.40384,0.34442,1864
19,20,age_bin,ema_d0.9999,0.01,0.0001,1.52391,0.30365,1864
19,20,age_bin,mlp_h16,0.001,0.0,1.08418,0.44689,1864
19,20,age_bin,mlp_h32,0.001,0.0,1.09518,0.44903,1864
19,20,age_bin,mlp_h64,0.001,0.0,1.09577,0.4324,1864
19,20,age_bin,mlp_h128,0.001,0.0,1.09032,0.43187,1864
19,20,age_bin,attention,0.0001,1e-05,26.89722,0.46094,1864
19,20,age_bin,shuffled,0.01,0.0001,1.40931,0.33691,1864
19,20,gender,ema_lr1e-3,0.001,0.0001,0.96135,0.51288,1864
19,20,gender,ema_lr5e-3,0.005,0.0001,0.97637,0.47318,1864
19,20,gender,ema_lr1e-2,0.01,0.0001,0.82537,0.5515,1864
19,20,gender,ema_lr5e-2,0.05,0.0001,1.00615,0.50966,1864
19,20,gender,ema_lr1e-2_wd1e-3,0.01,0.001,0.89699,0.51556,1864
19,20,gender,ema_d0.99,0.01,0.0001,1.02478,0.47264,1864
19,20,gender,ema_d0.9999,0.01,0.0001,0.92182,0.50376,1864
19,20,gender,mlp_h16,0.001,0.0,0.69411,0.54131,1864
19,20,gender,mlp_h32,0.001,0.0,0.68459,0.55311,1864
19,20,gender,mlp_h64,0.001,0.0,0.67381,0.56599,1864
19,20,gender,mlp_h128,0.001,0.0,0.68199,0.55848,1864
19,20,gender,attention,0.0001,1e-05,0.72352,0.53906,1864
19,20,gender,shuffled,0.01,0.0001,0.91284,0.49356,1864
19,20,star_sign,ema_lr1e-3,0.001,0.0001,3.18583,0.07886,1864
19,20,star_sign,ema_lr5e-3,0.005,0.0001,2.99465,0.10032,1864
19,20,star_sign,ema_lr1e-2,0.01,0.0001,2.87804,0.1309,1864
19,20,star_sign,ema_lr5e-2,0.05,0.0001,2.15367,0.30955,1864
19,20,star_sign,ema_lr1e-2_wd1e-3,0.01,0.001,2.92887,0.12929,1864
19,20,star_sign,ema_d0.99,0.01,0.0001,2.86246,0.12178,1864
19,20,star_sign,ema_d0.9999,0.01,0.0001,2.91064,0.12661,1864
19,20,star_sign,mlp_h16,0.001,0.0,0.85695,0.99571,1864
19,20,star_sign,mlp_h32,0.001,0.0,0.68319,1.0,1864
19,20,star_sign,mlp_h64,0.001,0.0,0.33975,1.0,1864
19,20,star_sign,mlp_h128,0.001,0.0,0.05831,1.0,1864
19,20,star_sign,attention,0.0001,1e-05,0.0,1.0,1864
19,20,star_sign,shuffled,0.01,0.0001,2.86646,0.13734,1864
19,24,age_bin,ema_lr1e-3,0.001,0.0001,1.57747,0.32564,1864
19,24,age_bin,ema_lr5e-3,0.005,0.0001,1.57072,0.33155,1864
19,24,age_bin,ema_lr1e-2,0.01,0.0001,1.4067,0.35461,1864
19,24,age_bin,ema_lr5e-2,0.05,0.0001,1.30225,0.38519,1864
19,24,age_bin,ema_lr1e-2_wd1e-3,0.01,0.001,1.50116,0.33423,1864
19,24,age_bin,ema_d0.99,0.01,0.0001,1.48194,0.3176,1864
19,24,age_bin,ema_d0.9999,0.01,0.0001,1.46487,0.35032,1864
19,24,age_bin,mlp_h16,0.001,0.0,1.10238,0.35569,1864
19,24,age_bin,mlp_h32,0.001,0.0,1.1054,0.41524,1864
19,24,age_bin,mlp_h64,0.001,0.0,1.09736,0.43455,1864
19,24,age_bin,mlp_h128,0.001,0.0,1.11116,0.4426,1864
19,24,age_bin,attention,0.0001,1e-05,3.01593,0.36719,1864
19,24,age_bin,shuffled,0.01,0.0001,1.48001,0.32833,1864
19,24,gender,ema_lr1e-3,0.001,0.0001,0.97612,0.54292,1864
19,24,gender,ema_lr5e-3,0.005,0.0001,0.93091,0.5279,1864
19,24,gender,ema_lr1e-2,0.01,0.0001,0.95508,0.50912,1864
19,24,gender,ema_lr5e-2,0.05,0.0001,0.7854,0.55794,1864
19,24,gender,ema_lr1e-2_wd1e-3,0.01,0.001,0.85527,0.55794,1864
19,24,gender,ema_d0.99,0.01,0.0001,0.96203,0.51073,1864
19,24,gender,ema_d0.9999,0.01,0.0001,0.97802,0.51556,1864
19,24,gender,mlp_h16,0.001,0.0,0.66737,0.58584,1864
19,24,gender,mlp_h32,0.001,0.0,0.66099,0.60783,1864
19,24,gender,mlp_h64,0.001,0.0,0.66374,0.59871,1864
19,24,gender,mlp_h128,0.001,0.0,0.67457,0.57403,1864
19,24,gender,attention,0.0001,1e-05,1.39043,0.53125,1864
19,24,gender,shuffled,0.01,0.0001,0.94097,0.48927,1864
19,24,star_sign,ema_lr1e-3,0.001,0.0001,3.35389,0.08637,1864
19,24,star_sign,ema_lr5e-3,0.005,0.0001,3.1275,0.10408,1864
19,24,star_sign,ema_lr1e-2,0.01,0.0001,3.08901,0.10998,1864
19,24,star_sign,ema_lr5e-2,0.05,0.0001,2.23217,0.30633,1864
19,24,star_sign,ema_lr1e-2_wd1e-3,0.01,0.001,3.02745,0.08208,1864
19,24,star_sign,ema_d0.99,0.01,0.0001,2.99643,0.10944,1864
19,24,star_sign,ema_d0.9999,0.01,0.0001,3.04315,0.12554,1864
19,24,star_sign,mlp_h16,0.001,0.0,2.34853,0.12178,1864
19,24,star_sign,mlp_h32,0.001,0.0,1.24906,0.96513,1864
19,24,star_sign,mlp_h64,0.001,0.0,0.47524,1.0,1864
19,24,star_sign,mlp_h128,0.001,0.0,0.1979,1.0,1864
19,24,star_sign,attention,0.0001,1e-05,0.00131,1.0,1864
19,24,star_sign,shuffled,0.01,0.0001,3.07778,0.07296,1864
20,0,age_bin,ema_lr1e-3,0.001,0.0001,1.55267,0.3408,2098
20,0,age_bin,ema_lr5e-3,0.005,0.0001,1.50699,0.31459,2098
20,0,age_bin,ema_lr1e-2,0.01,0.0001,1.3508,0.33794,2098
20,0,age_bin,ema_lr5e-2,0.05,0.0001,1.24914,0.41039,2098
20,0,age_bin,ema_lr1e-2_wd1e-3,0.01,0.001,1.3873,0.36845,2098
20,0,age_bin,ema_d0.99,0.01,0.0001,1.454,0.32269,2098
20,0,age_bin,ema_d0.9999,0.01,0.0001,1.38562,0.34604,2098
20,0,age_bin,mlp_h16,0.001,0.0,1.00759,0.51382,2098
20,0,age_bin,mlp_h32,0.001,0.0,1.0096,0.51859,2098
20,0,age_bin,mlp_h64,0.001,0.0,1.01133,0.51144,2098
20,0,age_bin,mlp_h128,0.001,0.0,1.00518,0.51764,2098
20,0,age_bin,attention,0.0001,1e-05,1.08375,0.60156,2098
20,0,age_bin,shuffled,0.01,0.0001,1.39141,0.33127,2098
20,0,gender,ema_lr1e-3,0.001,0.0001,1.059,0.5,2098
20,0,gender,ema_lr5e-3,0.005,0.0001,0.91667,0.50048,2098
20,0,gender,ema_lr1e-2,0.01,0.0001,0.89955,0.4938,2098
20,0,gender,ema_lr5e-2,0.05,0.0001,0.80718,0.49428,2098
20,0,gender,ema_lr1e-2_wd1e-3,0.01,0.001,0.89566,0.49523,2098
20,0,gender,ema_d0.99,0.01,0.0001,0.93683,0.48761,2098
20,0,gender,ema_d0.9999,0.01,0.0001,0.89019,0.51001,2098
20,0,gender,mlp_h16,0.001,0.0,0.69735,0.49809,2098
20,0,gender,mlp_h32,0.001,0.0,0.69495,0.51239,2098
20,0,gender,mlp_h64,0.001,0.0,0.69634,0.51144,2098
20,0,gender,mlp_h128,0.001,0.0,0.69832,0.53527,2098
20,0,gender,attention,0.0001,1e-05,0.69319,0.51562,2098
20,0,gender,shuffled,0.01,0.0001,0.94491,0.50095,2098
20,0,star_sign,ema_lr1e-3,0.001,0.0001,3.25306,0.09628,2098
20,0,star_sign,ema_lr5e-3,0.005,0.0001,2.99814,0.1163,2098
20,0,star_sign,ema_lr1e-2,0.01,0.0001,2.91749,0.08818,2098
20,0,star_sign,ema_lr5e-2,0.05,0.0001,2.08681,0.48427,2098
20,0,star_sign,ema_lr1e-2_wd1e-3,0.01,0.001,2.88354,0.13203,2098
20,0,star_sign,ema_d0.99,0.01,0.0001,2.93431,0.13632,2098
20,0,star_sign,ema_d0.9999,0.01,0.0001,2.91251,0.13155,2098
20,0,star_sign,mlp_h16,0.001,0.0,1.2135,0.72116,2098
20,0,star_sign,mlp_h32,0.001,0.0,0.73032,0.99571,2098
20,0,star_sign,mlp_h64,0.001,0.0,0.16156,1.0,2098
20,0,star_sign,mlp_h128,0.001,0.0,0.07087,1.0,2098
20,0,star_sign,attention,0.0001,1e-05,2.42091,1.0,2098
20,0,star_sign,shuffled,0.01,0.0001,2.88012,0.09771,2098
20,4,age_bin,ema_lr1e-3,0.001,0.0001,1.42119,0.30934,2098
20,4,age_bin,ema_lr5e-3,0.005,0.0001,1.29574,0.33937,2098
20,4,age_bin,ema_lr1e-2,0.01,0.0001,1.28862,0.32888,2098
20,4,age_bin,ema_lr5e-2,0.05,0.0001,1.70066,0.21878,2098
20,4,age_bin,ema_lr1e-2_wd1e-3,0.01,0.001,1.26674,0.35701,2098
20,4,age_bin,ema_d0.99,0.01,0.0001,1.26429,0.3489,2098
20,4,age_bin,ema_d0.9999,0.01,0.0001,1.2684,0.36273,2098
20,4,age_bin,mlp_h16,0.001,0.0,1.01083,0.51573,2098
20,4,age_bin,mlp_h32,0.001,0.0,1.00533,0.51001,2098
20,4,age_bin,mlp_h64,0.001,0.0,1.01252,0.51716,2098
20,4,age_bin,mlp_h128,0.001,0.0,1.00901,0.50143,2098
20,4,age_bin,attention,0.0001,1e-05,0.97073,0.60156,2098
20,4,age_bin,shuffled,0.01,0.0001,1.27166,0.35367,2098
20,4,gender,ema_lr1e-3,0.001,0.0001,0.84806,0.50286,2098
20,4,gender,ema_lr5e-3,0.005,0.0001,0.85034,0.49142,2098
20,4,gender,ema_lr1e-2,0.01,0.0001,0.85475,0.49428,2098
20,4,gender,ema_lr5e-2,0.05,0.0001,1.45882,0.48189,2098
20,4,gender,ema_lr1e-2_wd1e-3,0.01,0.001,0.83165,0.50286,2098
20,4,gender,ema_d0.99,0.01,0.0001,0.82954,0.49666,2098
20,4,gender,ema_d0.9999,0.01,0.0001,0.8199,0.50667,2098
20,4,gender,mlp_h16,0.001,0.0,0.69685,0.51668,2098
20,4,gender,mlp_h32,0.001,0.0,0.699,0.5062,2098
20,4,gender,mlp_h64,0.001,0.0,0.71313,0.49857,2098
20,4,gender,mlp_h128,0.001,0.0,0.70976,0.5,2098
20,4,gender,attention,0.0001,1e-05,2.06211,0.48438,2098
20,4,gender,shuffled,0.01,0.0001,0.8279,0.49523,2098
20,4,star_sign,ema_lr1e-3,0.001,0.0001,2.91003,0.05672,2098
20,4,star_sign,ema_lr5e-3,0.005,0.0001,2.76535,0.08103,2098
20,4,star_sign,ema_lr1e-2,0.01,0.0001,2.64551,0.1163,2098
20,4,star_sign,ema_lr5e-2,0.05,0.0001,1.98921,0.36511,2098
20,4,star_sign,ema_lr1e-2_wd1e-3,0.01,0.001,2.64244,0.14013,2098
20,4,star_sign,ema_d0.99,0.01,0.0001,2.61495,0.10963,2098
20,4,star_sign,ema_d0.9999,0.01,0.0001,2.64094,0.12297,2098
20,4,star_sign,mlp_h16,0.001,0.0,0.30557,0.93899,2098
20,4,star_sign,mlp_h32,0.001,0.0,0.11309,1.0,2098
20,4,star_sign,mlp_h64,0.001,0.0,0.05347,1.0,2098
20,4,star_sign,mlp_h128,0.001,0.0,0.00339,1.0,2098
20,4,star_sign,attention,0.0001,1e-05,1.44567,1.0,2098
20,4,star_sign,shuffled,0.01,0.0001,2.62903,0.1082,2098
20,8,age_bin,ema_lr1e-3,0.001,0.0001,1.36835,0.33889,2098
20,8,age_bin,ema_lr5e-3,0.005,0.0001,1.33384,0.33222,2098
20,8,age_bin,ema_lr1e-2,0.01,0.0001,1.28083,0.34986,2098
20,8,age_bin,ema_lr5e-2,0.05,0.0001,1.4194,0.2979,2098
20,8,age_bin,ema_lr1e-2_wd1e-3,0.01,0.001,1.31579,0.3327,2098
20,8,age_bin,ema_d0.99,0.01,0.0001,1.31124,0.33365,2098
20,8,age_bin,ema_d0.9999,0.01,0.0001,1.36344,0.31697,2098
20,8,age_bin,mlp_h16,0.001,0.0,1.01673,0.51621,2098
20,8,age_bin,mlp_h32,0.001,0.0,1.02342,0.50143,2098
20,8,age_bin,mlp_h64,0.001,0.0,1.0141,0.48761,2098
20,8,age_bin,mlp_h128,0.001,0.0,1.01715,0.51525,2098
20,8,age_bin,attention,0.0001,1e-05,1.03757,0.48438,2098
20,8,age_bin,shuffled,0.01,0.0001,1.2723,0.3346,2098
20,8,gender,ema_lr1e-3,0.001,0.0001,0.87588,0.49047,2098
20,8,gender,ema_lr5e-3,0.005,0.0001,0.82045,0.5081,2098
20,8,gender,ema_lr1e-2,0.01,0.0001,0.81695,0.52097,2098
20,8,gender,ema_lr5e-2,0.05,0.0001,1.34876,0.48093,2098
20,8,gender,ema_lr1e-2_wd1e-3,0.01,0.001,0.83146,0.49714,2098
20,8,gender,ema_d0.99,0.01,0.0001,0.83573,0.47855,2098
20,8,gender,ema_d0.9999,0.01,0.0001,0.83724,0.49809,2098
20,8,gender,mlp_h16,0.001,0.0,0.68709,0.53384,2098
20,8,gender,mlp_h32,0.001,0.0,0.698,0.51668,2098
20,8,gender,mlp_h64,0.001,0.0,0.69463,0.53098,2098
20,8,gender,mlp_h128,0.001,0.0,0.70554,0.52336,2098
20,8,gender,attention,0.0001,1e-05,17.69961,0.48438,2098
20,8,gender,shuffled,0.01,0.0001,0.827,0.50477,2098
20,8,star_sign,ema_lr1e-3,0.001,0.0001,2.92318,0.06339,2098
20,8,star_sign,ema_lr5e-3,0.005,0.0001,2.76206,0.12536,2098
20,8,star_sign,ema_lr1e-2,0.01,0.0001,2.71093,0.11153,2098
20,8,star_sign,ema_lr5e-2,0.05,0.0001,1.95701,0.38036,2098
20,8,star_sign,ema_lr1e-2_wd1e-3,0.01,0.001,2.66334,0.11535,2098
20,8,star_sign,ema_d0.99,0.01,0.0001,2.68565,0.11582,2098
20,8,star_sign,ema_d0.9999,0.01,0.0001,2.66922,0.12393,2098
20,8,star_sign,mlp_h16,0.001,0.0,1.92854,0.09009,2098
20,8,star_sign,mlp_h32,0.001,0.0,0.15173,1.0,2098
20,8,star_sign,mlp_h64,0.001,0.0,0.0325,1.0,2098
20,8,star_sign,mlp_h128,0.001,0.0,0.00242,1.0,2098
20,8,star_sign,attention,0.0001,1e-05,0.99516,0.99219,2098
20,8,star_sign,shuffled,0.01,0.0001,2.68395,0.13251,2098
20,12,age_bin,ema_lr1e-3,0.001,0.0001,1.40574,0.32031,2098
20,12,age_bin,ema_lr5e-3,0.005,0.0001,1.31509,0.33222,2098
20,12,age_bin,ema_lr1e-2,0.01,0.0001,1.30253,0.32984,2098
20,12,age_bin,ema_lr5e-2,0.05,0.0001,1.37037,0.35987,2098
20,12,age_bin,ema_lr1e-2_wd1e-3,0.01,0.001,1.34347,0.33127,2098
20,12,age_bin,ema_d0.99,0.01,0.0001,1.3141,0.34128,2098
20,12,age_bin,ema_d0.9999,0.01,0.0001,1.34953,0.32507,2098
20,12,age_bin,mlp_h16,0.001,0.0,1.00733,0.51382,2098
20,12,age_bin,mlp_h32,0.001,0.0,1.01689,0.51335,2098
20,12,age_bin,mlp_h64,0.001,0.0,1.00252,0.51192,2098
20,12,age_bin,mlp_h128,0.001,0.0,1.01106,0.49237,2098
20,12,age_bin,attention,0.0001,1e-05,1.17841,0.28906,2098
20,12,age_bin,shuffled,0.01,0.0001,1.29813,0.34747,2098
20,12,gender,ema_lr1e-3,0.001,0.0001,0.84679,0.52002,2098
20,12,gender,ema_lr5e-3,0.005,0.0001,0.8422,0.50524,2098
20,12,gender,ema_lr1e-2,0.01,0.0001,0.86622,0.48332,2098
20,12,gender,ema_lr5e-2,0.05,0.0001,1.37301,0.46806,2098
20,12,gender,ema_lr1e-2_wd1e-3,0.01,0.001,0.87194,0.48427,2098
20,12,gender,ema_d0.99,0.01,0.0001,0.79438,0.5448,2098
20,12,gender,ema_d0.9999,0.01,0.0001,0.80533,0.52288,2098
20,12,gender,mlp_h16,0.001,0.0,0.6937,0.52574,2098
20,12,gender,mlp_h32,0.001,0.0,0.68914,0.54147,2098
20,12,gender,mlp_h64,0.001,0.0,0.69176,0.52431,2098
20,12,gender,mlp_h128,0.001,0.0,0.69773,0.5286,2098
20,12,gender,attention,0.0001,1e-05,0.71359,0.48438,2098
20,12,gender,shuffled,0.01,0.0001,0.85805,0.4919,2098
20,12,star_sign,ema_lr1e-3,0.001,0.0001,3.00154,0.06006,2098
20,12,star_sign,ema_lr5e-3,0.005,0.0001,2.81706,0.0858,2098
20,12,star_sign,ema_lr1e-2,0.01,0.0001,2.6244,0.11821,2098
20,12,star_sign,ema_lr5e-2,0.05,0.0001,2.07441,0.30696,2098
20,12,star_sign,ema_lr1e-2_wd1e-3,0.01,0.001,2.69148,0.09152,2098
20,12,star_sign,ema_d0.99,0.01,0.0001,2.65438,0.11106,2098
20,12,star_sign,ema_d0.9999,0.01,0.0001,2.67943,0.12059,2098
20,12,star_sign,mlp_h16,0.001,0.0,0.37938,1.0,2098
20,12,star_sign,mlp_h32,0.001,0.0,0.1292,1.0,2098
20,12,star_sign,mlp_h64,0.001,0.0,0.02259,1.0,2098
20,12,star_sign,mlp_h128,0.001,0.0,0.00283,1.0,2098
20,12,star_sign,attention,0.0001,1e-05,0.0,1.0,2098
20,12,star_sign,shuffled,0.01,0.0001,2.73178,0.10105,2098
20,16,age_bin,ema_lr1e-3,0.001,0.0001,1.45763,0.33031,2098
20,16,age_bin,ema_lr5e-3,0.005,0.0001,1.3655,0.34461,2098
20,16,age_bin,ema_lr1e-2,0.01,0.0001,1.38593,0.33651,2098
20,16,age_bin,ema_lr5e-2,0.05,0.0001,1.6075,0.28265,2098
20,16,age_bin,ema_lr1e-2_wd1e-3,0.01,0.001,1.30744,0.35653,2098
20,16,age_bin,ema_d0.99,0.01,0.0001,1.31599,0.33985,2098
20,16,age_bin,ema_d0.9999,0.01,0.0001,1.26371,0.37178,2098
20,16,age_bin,mlp_h16,0.001,0.0,1.01002,0.5143,2098
20,16,age_bin,mlp_h32,0.001,0.0,1.01654,0.50048,2098
20,16,age_bin,mlp_h64,0.001,0.0,1.00793,0.50953,2098
20,16,age_bin,mlp_h128,0.001,0.0,1.00856,0.50429,2098
20,16,age_bin,attention,0.0001,1e-05,0.93855,0.60156,2098
20,16,age_bin,shuffled,0.01,0.0001,1.36681,0.33651,2098
20,16,gender,ema_lr1e-3,0.001,0.0001,0.92954,0.48713,2098
20,16,gender,ema_lr5e-3,0.005,0.0001,0.87113,0.52097,2098
20,16,gender,ema_lr1e-2,0.01,0.0001,0.85301,0.50334,2098
20,16,gender,ema_lr5e-2,0.05,0.0001,1.227,0.50715,2098
20,16,gender,ema_lr1e-2_wd1e-3,0.01,0.001,0.87749,0.48379,2098
20,16,gender,ema_d0.99,0.01,0.0001,0.83743,0.49809,2098
20,16,gender,ema_d0.9999,0.01,0.0001,0.85409,0.50858,2098
20,16,gender,mlp_h16,0.001,0.0,0.68781,0.53908,2098
20,16,gender,mlp_h32,0.001,0.0,0.69324,0.52097,2098
20,16,gender,mlp_h64,0.001,0.0,0.69639,0.52622,2098
20,16,gender,mlp_h128,0.001,0.0,0.70265,0.5429,2098
20,16,gender,attention,0.0001,1e-05,4.33231,0.51562,2098
20,16,gender,shuffled,0.01,0.0001,0.82176,0.51049,2098
20,16,star_sign,ema_lr1e-3,0.001,0.0001,2.97741,0.08723,2098
20,16,star_sign,ema_lr5e-3,0.005,0.0001,2.95929,0.11725,2098
20,16,star_sign,ema_lr1e-2,0.01,0.0001,2.72697,0.1101,2098
20,16,star_sign,ema_lr5e-2,0.05,0.0001,2.05133,0.38608,2098
20,16,star_sign,ema_lr1e-2_wd1e-3,0.01,0.001,2.7382,0.09342,2098
20,16,star_sign,ema_d0.99,0.01,0.0001,2.77482,0.11868,2098
20,16,star_sign,ema_d0.9999,0.01,0.0001,2.70296,0.1306,2098
20,16,star_sign,mlp_h16,0.001,0.0,1.77733,0.10248,2098
20,16,star_sign,mlp_h32,0.001,0.0,0.06387,1.0,2098
20,16,star_sign,mlp_h64,0.001,0.0,0.03441,1.0,2098
20,16,star_sign,mlp_h128,0.001,0.0,0.01318,1.0,2098
20,16,star_sign,attention,0.0001,1e-05,0.34473,1.0,2098
20,16,star_sign,shuffled,0.01,0.0001,2.75221,0.12393,2098
20,20,age_bin,ema_lr1e-3,0.001,0.0001,1.57391,0.31268,2098
20,20,age_bin,ema_lr5e-3,0.005,0.0001,1.44672,0.32936,2098
20,20,age_bin,ema_lr1e-2,0.01,0.0001,1.47807,0.30553,2098
20,20,age_bin,ema_lr5e-2,0.05,0.0001,1.25654,0.35224,2098
20,20,age_bin,ema_lr1e-2_wd1e-3,0.01,0.001,1.44855,0.32364,2098
20,20,age_bin,ema_d0.99,0.01,0.0001,1.30913,0.36654,2098
20,20,age_bin,ema_d0.9999,0.01,0.0001,1.40703,0.35701,2098
20,20,age_bin,mlp_h16,0.001,0.0,1.01128,0.51525,2098
20,20,age_bin,mlp_h32,0.001,0.0,1.02422,0.51335,2098
20,20,age_bin,mlp_h64,0.001,0.0,1.01735,0.50381,2098
20,20,age_bin,mlp_h128,0.001,0.0,1.00883,0.50286,2098
20,20,age_bin,attention,0.0001,1e-05,21.5796,0.60156,2098
20,20,age_bin,shuffled,0.01,0.0001,1.3906,0.33174,2098
20,20,gender,ema_lr1e-3,0.001,0.0001,0.99283,0.50238,2098
20,20,gender,ema_lr5e-3,0.005,0.0001,0.9188,0.50381,2098
20,20,gender,ema_lr1e-2,0.01,0.0001,0.86784,0.52812,2098
20,20,gender,ema_lr5e-2,0.05,0.0001,0.9529,0.51668,2098
20,20,gender,ema_lr1e-2_wd1e-3,0.01,0.001,0.91255,0.50381,2098
20,20,gender,ema_d0.99,0.01,0.0001,0.92615,0.49476,2098
20,20,gender,ema_d0.9999,0.01,0.0001,0.901,0.53051,2098
20,20,gender,mlp_h16,0.001,0.0,0.68857,0.53432,2098
20,20,gender,mlp_h32,0.001,0.0,0.68601,0.53956,2098
20,20,gender,mlp_h64,0.001,0.0,0.68628,0.53908,2098
20,20,gender,mlp_h128,0.001,0.0,0.6864,0.53813,2098
20,20,gender,attention,0.0001,1e-05,0.74061,0.53125,2098
20,20,gender,shuffled,0.01,0.0001,0.90388,0.49952,2098
20,20,star_sign,ema_lr1e-3,0.001,0.0001,3.1747,0.08103,2098
20,20,star_sign,ema_lr5e-3,0.005,0.0001,3.01433,0.10153,2098
20,20,star_sign,ema_lr1e-2,0.01,0.0001,2.8905,0.15348,2098
20,20,star_sign,ema_lr5e-2,0.05,0.0001,2.15983,0.32793,2098
20,20,star_sign,ema_lr1e-2_wd1e-3,0.01,0.001,2.91829,0.12917,2098
20,20,star_sign,ema_d0.99,0.01,0.0001,2.9122,0.10486,2098
20,20,star_sign,ema_d0.9999,0.01,0.0001,2.82327,0.1306,2098
20,20,star_sign,mlp_h16,0.001,0.0,0.82188,0.99952,2098
20,20,star_sign,mlp_h32,0.001,0.0,0.61819,0.99952,2098
20,20,star_sign,mlp_h64,0.001,0.0,0.28908,1.0,2098
20,20,star_sign,mlp_h128,0.001,0.0,0.04682,1.0,2098
20,20,star_sign,attention,0.0001,1e-05,0.0,1.0,2098
20,20,star_sign,shuffled,0.01,0.0001,2.87602,0.1449,2098
20,24,age_bin,ema_lr1e-3,0.001,0.0001,1.69993,0.2979,2098
20,24,age_bin,ema_lr5e-3,0.005,0.0001,1.42083,0.38751,2098
20,24,age_bin,ema_lr1e-2,0.01,0.0001,1.41576,0.33937,2098
20,24,age_bin,ema_lr5e-2,0.05,0.0001,1.25677,0.41611,2098
20,24,age_bin,ema_lr1e-2_wd1e-3,0.01,0.001,1.43706,0.32936,2098
20,24,age_bin,ema_d0.99,0.01,0.0001,1.4315,0.3408,2098
20,24,age_bin,ema_d0.9999,0.01,0.0001,1.39388,0.38751,2098
20,24,age_bin,mlp_h16,0.001,0.0,1.05656,0.40753,2098
20,24,age_bin,mlp_h32,0.001,0.0,1.06679,0.47617,2098
20,24,age_bin,mlp_h64,0.001,0.0,1.02596,0.50286,2098
20,24,age_bin,mlp_h128,0.001,0.0,1.0401,0.49047,2098
20,24,age_bin,attention,0.0001,1e-05,2.59603,0.40625,2098
20,24,age_bin,shuffled,0.01,0.0001,1.41432,0.34318,2098
20,24,gender,ema_lr1e-3,0.001,0.0001,1.02688,0.49857,2098
20,24,gender,ema_lr5e-3,0.005,0.0001,0.98734,0.49905,2098
20,24,gender,ema_lr1e-2,0.01,0.0001,0.89796,0.52717,2098
20,24,gender,ema_lr5e-2,0.05,0.0001,0.79665,0.5429,2098
20,24,gender,ema_lr1e-2_wd1e-3,0.01,0.001,0.85327,0.53765,2098
20,24,gender,ema_d0.99,0.01,0.0001,0.8765,0.53241,2098
20,24,gender,ema_d0.9999,0.01,0.0001,0.9616,0.48475,2098
20,24,gender,mlp_h16,0.001,0.0,0.68582,0.53527,2098
20,24,gender,mlp_h32,0.001,0.0,0.68669,0.5572,2098
20,24,gender,mlp_h64,0.001,0.0,0.68467,0.55291,2098
20,24,gender,mlp_h128,0.001,0.0,0.70233,0.52908,2098
20,24,gender,attention,0.0001,1e-05,1.59073,0.5625,2098
20,24,gender,shuffled,0.01,0.0001,0.92992,0.50143,2098
20,24,star_sign,ema_lr1e-3,0.001,0.0001,3.29827,0.08675,2098
20,24,star_sign,ema_lr5e-3,0.005,0.0001,3.11223,0.10439,2098
20,24,star_sign,ema_lr1e-2,0.01,0.0001,2.96763,0.13251,2098
20,24,star_sign,ema_lr5e-2,0.05,0.0001,2.16126,0.32316,2098
20,24,star_sign,ema_lr1e-2_wd1e-3,0.01,0.001,2.99561,0.09676,2098
20,24,star_sign,ema_d0.99,0.01,0.0001,2.93806,0.11439,2098
20,24,star_sign,ema_d0.9999,0.01,0.0001,3.02895,0.10582,2098
20,24,star_sign,mlp_h16,0.001,0.0,2.31881,0.13108,2098
20,24,star_sign,mlp_h32,0.001,0.0,1.16753,0.97474,2098
20,24,star_sign,mlp_h64,0.001,0.0,0.41835,1.0,2098
20,24,star_sign,mlp_h128,0.001,0.0,0.16635,1.0,2098
20,24,star_sign,attention,0.0001,1e-05,0.00023,1.0,2098
20,24,star_sign,shuffled,0.01,0.0001,3.03115,0.09628,2098
21,0,age_bin,ema_lr1e-3,0.001,0.0001,1.58703,0.32135,1780
21,0,age_bin,ema_lr5e-3,0.005,0.0001,1.50158,0.33596,1780
21,0,age_bin,ema_lr1e-2,0.01,0.0001,1.42908,0.31348,1780
21,0,age_bin,ema_lr5e-2,0.05,0.0001,1.29424,0.36517,1780
21,0,age_bin,ema_lr1e-2_wd1e-3,0.01,0.001,1.4303,0.34438,1780
21,0,age_bin,ema_d0.99,0.01,0.0001,1.4442,0.30449,1780
21,0,age_bin,ema_d0.9999,0.01,0.0001,1.41285,0.32978,1780
21,0,age_bin,mlp_h16,0.001,0.0,1.05683,0.45562,1780
21,0,age_bin,mlp_h32,0.001,0.0,1.05248,0.46067,1780
21,0,age_bin,mlp_h64,0.001,0.0,1.05415,0.45056,1780
21,0,age_bin,mlp_h128,0.001,0.0,1.05441,0.45899,1780
21,0,age_bin,attention,0.0001,1e-05,1.08878,0.48438,1780
21,0,age_bin,shuffled,0.01,0.0001,1.37482,0.34663,1780
21,0,gender,ema_lr1e-3,0.001,0.0001,1.08206,0.49663,1780
21,0,gender,ema_lr5e-3,0.005,0.0001,0.92969,0.49494,1780
21,0,gender,ema_lr1e-2,0.01,0.0001,0.92409,0.51292,1780
21,0,gender,ema_lr5e-2,0.05,0.0001,0.83172,0.49831,1780
21,0,gender,ema_lr1e-2_wd1e-3,0.01,0.001,0.89418,0.49888,1780
21,0,gender,ema_d0.99,0.01,0.0001,0.88218,0.51404,1780
21,0,gender,ema_d0.9999,0.01,0.0001,0.94236,0.51011,1780
21,0,gender,mlp_h16,0.001,0.0,0.68916,0.53596,1780
21,0,gender,mlp_h32,0.001,0.0,0.68795,0.55225,1780
21,0,gender,mlp_h64,0.001,0.0,0.68662,0.54494,1780
21,0,gender,mlp_h128,0.001,0.0,0.69366,0.52753,1780
21,0,gender,attention,0.0001,1e-05,0.6939,0.46094,1780
21,0,gender,shuffled,0.01,0.0001,0.9628,0.47978,1780
21,0,star_sign,ema_lr1e-3,0.001,0.0001,3.25752,0.08708,1780
21,0,star_sign,ema_lr5e-3,0.005,0.0001,2.9921,0.12528,1780
21,0,star_sign,ema_lr1e-2,0.01,0.0001,2.91762,0.11461,1780
21,0,star_sign,ema_lr5e-2,0.05,0.0001,2.02981,0.48258,1780
21,0,star_sign,ema_lr1e-2_wd1e-3,0.01,0.001,2.87354,0.11742,1780
21,0,star_sign,ema_d0.99,0.01,0.0001,2.91179,0.13989,1780
21,0,star_sign,ema_d0.9999,0.01,0.0001,2.90057,0.12247,1780
21,0,star_sign,mlp_h16,0.001,0.0,1.1299,0.77079,1780
21,0,star_sign,mlp_h32,0.001,0.0,0.65644,0.99719,1780
21,0,star_sign,mlp_h64,0.001,0.0,0.1297,1.0,1780
21,0,star_sign,mlp_h128,0.001,0.0,0.0577,1.0,1780
21,0,star_sign,attention,0.0001,1e-05,2.42058,1.0,1780
21,0,star_sign,shuffled,0.01,0.0001,2.89461,0.15225,1780
21,4,age_bin,ema_lr1e-3,0.001,0.0001,1.36456,0.35056,1780
21,4,age_bin,ema_lr5e-3,0.005,0.0001,1.29689,0.33539,1780
21,4,age_bin,ema_lr1e-2,0.01,0.0001,1.28397,0.34719,1780
21,4,age_bin,ema_lr5e-2,0.05,0.0001,1.79177,0.34888,1780
21,4,age_bin,ema_lr1e-2_wd1e-3,0.01,0.001,1.31287,0.33258,1780
21,4,age_bin,ema_d0.99,0.01,0.0001,1.30696,0.32978,1780
21,4,age_bin,ema_d0.9999,0.01,0.0001,1.32439,0.34775,1780
21,4,age_bin,mlp_h16,0.001,0.0,1.06662,0.45449,1780
21,4,age_bin,mlp_h32,0.001,0.0,1.05947,0.45449,1780
21,4,age_bin,mlp_h64,0.001,0.0,1.05915,0.44438,1780
21,4,age_bin,mlp_h128,0.001,0.0,1.06577,0.44663,1780
21,4,age_bin,attention,0.0001,1e-05,1.0279,0.48438,1780
21,4,age_bin,shuffled,0.01,0.0001,1.29751,0.33708,1780
21,4,gender,ema_lr1e-3,0.001,0.0001,0.84492,0.5118,1780
21,4,gender,ema_lr5e-3,0.005,0.0001,0.84975,0.49382,1780
21,4,gender,ema_lr1e-2,0.01,0.0001,0.8034,0.52921,1780
21,4,gender,ema_lr5e-2,0.05,0.0001,1.4264,0.48483,1780
21,4,gender,ema_lr1e-2_wd1e-3,0.01,0.001,0.82775,0.51573,1780
21,4,gender,ema_d0.99,0.01,0.0001,0.79275,0.52079,1780
21,4,gender,ema_d0.9999,0.01,0.0001,0.83891,0.47472,1780
21,4,gender,mlp_h16,0.001,0.0,0.68238,0.56461,1780
21,4,gender,mlp_h32,0.001,0.0,0.68246,0.55618,1780
21,4,gender,mlp_h64,0.001,0.0,0.68022,0.56124,1780
21,4,gender,mlp_h128,0.001,0.0,0.68295,0.54326,1780
21,4,gender,attention,0.0001,1e-05,2.10631,0.54688,1780
21,4,gender,shuffled,0.01,0.0001,0.85422,0.47809,1780
21,4,star_sign,ema_lr1e-3,0.001,0.0001,2.92308,0.06236,1780
21,4,star_sign,ema_lr5e-3,0.005,0.0001,2.7523,0.10112,1780
21,4,star_sign,ema_lr1e-2,0.01,0.0001,2.67947,0.12303,1780
21,4,star_sign,ema_lr5e-2,0.05,0.0001,2.07364,0.64944,1780
21,4,star_sign,ema_lr1e-2_wd1e-3,0.01,0.001,2.60315,0.12135,1780
21,4,star_sign,ema_d0.99,0.01,0.0001,2.63576,0.10618,1780
21,4,star_sign,ema_d0.9999,0.01,0.0001,2.65363,0.09382,1780
21,4,star_sign,mlp_h16,0.001,0.0,0.27914,0.92809,1780
21,4,star_sign,mlp_h32,0.001,0.0,0.08639,1.0,1780
21,4,star_sign,mlp_h64,0.001,0.0,0.04101,1.0,1780
21,4,star_sign,mlp_h128,0.001,0.0,0.00242,1.0,1780
21,4,star_sign,attention,0.0001,1e-05,1.3808,1.0,1780
21,4,star_sign,shuffled,0.01,0.0001,2.63494,0.13034,1780
21,8,age_bin,ema_lr1e-3,0.001,0.0001,1.38112,0.30506,1780
21,8,age_bin,ema_lr5e-3,0.005,0.0001,1.38198,0.32978,1780
21,8,age_bin,ema_lr1e-2,0.01,0.0001,1.31149,0.33876,1780
21,8,age_bin,ema_lr5e-2,0.05,0.0001,1.39709,0.37247,1780
21,8,age_bin,ema_lr1e-2_wd1e-3,0.01,0.001,1.32098,0.33539,1780
21,8,age_bin,ema_d0.99,0.01,0.0001,1.29988,0.33371,1780
21,8,age_bin,ema_d0.9999,0.01,0.0001,1.31453,0.34438,1780
21,8,age_bin,mlp_h16,0.001,0.0,1.07158,0.45449,1780
21,8,age_bin,mlp_h32,0.001,0.0,1.05775,0.44101,1780
21,8,age_bin,mlp_h64,0.001,0.0,1.05326,0.44101,1780
21,8,age_bin,mlp_h128,0.001,0.0,1.05776,0.44831,1780
21,8,age_bin,attention,0.0001,1e-05,1.08369,0.42969,1780
21,8,age_bin,shuffled,0.01,0.0001,1.30442,0.33989,1780
21,8,gender,ema_lr1e-3,0.001,0.0001,0.83321,0.54213,1780
21,8,gender,ema_lr5e-3,0.005,0.0001,0.88293,0.49831,1780
21,8,gender,ema_lr1e-2,0.01,0.0001,0.76714,0.54888,1780
21,8,gender,ema_lr5e-2,0.05,0.0001,1.30738,0.4927,1780
21,8,gender,ema_lr1e-2_wd1e-3,0.01,0.001,0.84219,0.50112,1780
21,8,gender,ema_d0.99,0.01,0.0001,0.8588,0.48989,1780
21,8,gender,ema_d0.9999,0.01,0.0001,0.87015,0.4809,1780
21,8,gender,mlp_h16,0.001,0.0,0.67963,0.5573,1780
21,8,gender,mlp_h32,0.001,0.0,0.67318,0.5691,1780
21,8,gender,mlp_h64,0.001,0.0,0.66811,0.58708,1780
21,8,gender,mlp_h128,0.001,0.0,0.67503,0.5764,1780
21,8,gender,attention,0.0001,1e-05,13.51214,0.54688,1780
21,8,gender,shuffled,0.01,0.0001,0.834,0.49382,1780
21,8,star_sign,ema_lr1e-3,0.001,0.0001,2.91308,0.07022,1780
21,8,star_sign,ema_lr5e-3,0.005,0.0001,2.82688,0.11742,1780
21,8,star_sign,ema_lr1e-2,0.01,0.0001,2.6505,0.11124,1780
21,8,star_sign,ema_lr5e-2,0.05,0.0001,2.036,0.49213,1780
21,8,star_sign,ema_lr1e-2_wd1e-3,0.01,0.001,2.67944,0.12528,1780
21,8,star_sign,ema_d0.99,0.01,0.0001,2.62915,0.12135,1780
21,8,star_sign,ema_d0.9999,0.01,0.0001,2.6564,0.11404,1780
21,8,star_sign,mlp_h16,0.001,0.0,1.86963,0.10169,1780
21,8,star_sign,mlp_h32,0.001,0.0,0.12491,1.0,1780
21,8,star_sign,mlp_h64,0.001,0.0,0.02591,1.0,1780
21,8,star_sign,mlp_h128,0.001,0.0,0.00199,1.0,1780
21,8,star_sign,attention,0.0001,1e-05,0.95387,1.0,1780
21,8,star_sign,shuffled,0.01,0.0001,2.65355,0.13652,1780
21,12,age_bin,ema_lr1e-3,0.001,0.0001,1.37577,0.33258,1780
21,12,age_bin,ema_lr5e-3,0.005,0.0001,1.3376,0.32584,1780
21,12,age_bin,ema_lr1e-2,0.01,0.0001,1.2935,0.33258,1780
21,12,age_bin,ema_lr5e-2,0.05,0.0001,1.86862,0.23258,1780
21,12,age_bin,ema_lr1e-2_wd1e-3,0.01,0.001,1.33035,0.34326,1780
21,12,age_bin,ema_d0.99,0.01,0.0001,1.34271,0.32472,1780
21,12,age_bin,ema_d0.9999,0.01,0.0001,1.32806,0.34213,1780
21,12,age_bin,mlp_h16,0.001,0.0,1.04985,0.45506,1780
21,12,age_bin,mlp_h32,0.001,0.0,1.05865,0.45056,1780
21,12,age_bin,mlp_h64,0.001,0.0,1.04637,0.43933,1780
21,12,age_bin,mlp_h128,0.001,0.0,1.05938,0.43933,1780
21,12,age_bin,attention,0.0001,1e-05,1.13445,0.3125,1780
21,12,age_bin,shuffled,0.01,0.0001,1.27879,0.35787,1780
21,12,gender,ema_lr1e-3,0.001,0.0001,0.89729,0.46292,1780
21,12,gender,ema_lr5e-3,0.005,0.0001,0.85293,0.48652,1780
21,12,gender,ema_lr1e-2,0.01,0.0001,0.81112,0.51798,1780
21,12,gender,ema_lr5e-2,0.05,0.0001,1.33892,0.49382,1780
21,12,gender,ema_lr1e-2_wd1e-3,0.01,0.001,0.85952,0.51292,1780
21,12,gender,ema_d0.99,0.01,0.0001,0.81647,0.54438,1780
21,12,gender,ema_d0.9999,0.01,0.0001,0.80366,0.52191,1780
21,12,gender,mlp_h16,0.001,0.0,0.66357,0.59775,1780
21,12,gender,mlp_h32,0.001,0.0,0.66949,0.58989,1780
21,12,gender,mlp_h64,0.001,0.0,0.66084,0.59831,1780
21,12,gender,mlp_h128,0.001,0.0,0.66472,0.58371,1780
21,12,gender,attention,0.0001,1e-05,0.68164,0.57031,1780
21,12,gender,shuffled,0.01,0.0001,0.86042,0.50056,1780
21,12,star_sign,ema_lr1e-3,0.001,0.0001,2.95559,0.06236,1780
21,12,star_sign,ema_lr5e-3,0.005,0.0001,2.78264,0.09438,1780
21,12,star_sign,ema_lr1e-2,0.01,0.0001,2.70664,0.1191,1780
21,12,star_sign,ema_lr5e-2,0.05,0.0001,2.12135,0.71966,1780
21,12,star_sign,ema_lr1e-2_wd1e-3,0.01,0.001,2.6268,0.12697,1780
21,12,star_sign,ema_d0.99,0.01,0.0001,2.65492,0.09888,1780
21,12,star_sign,ema_d0.9999,0.01,0.0001,2.67302,0.13652,1780
21,12,star_sign,mlp_h16,0.001,0.0,0.32655,1.0,1780
21,12,star_sign,mlp_h32,0.001,0.0,0.10637,1.0,1780
21,12,star_sign,mlp_h64,0.001,0.0,0.01709,1.0,1780
21,12,star_sign,mlp_h128,0.001,0.0,0.00224,1.0,1780
21,12,star_sign,attention,0.0001,1e-05,0.0,1.0,1780
21,12,star_sign,shuffled,0.01,0.0001,2.74086,0.11966,1780
21,16,age_bin,ema_lr1e-3,0.001,0.0001,1.50366,0.31742,1780
21,16,age_bin,ema_lr5e-3,0.005,0.0001,1.29398,0.37079,1780
21,16,age_bin,ema_lr1e-2,0.01,0.0001,1.35959,0.35056,1780
21,16,age_bin,ema_lr5e-2,0.05,0.0001,1.53731,0.37303,1780
21,16,age_bin,ema_lr1e-2_wd1e-3,0.01,0.001,1.32912,0.33596,1780
21,16,age_bin,ema_d0.99,0.01,0.0001,1.30366,0.35787,1780
21,16,age_bin,ema_d0.9999,0.01,0.0001,1.26566,0.35506,1780
21,16,age_bin,mlp_h16,0.001,0.0,1.05035,0.45,1780
21,16,age_bin,mlp_h32,0.001,0.0,1.04725,0.4427,1780
21,16,age_bin,mlp_h64,0.001,0.0,1.05476,0.43427,1780
21,16,age_bin,mlp_h128,0.001,0.0,1.05997,0.4427,1780
21,16,age_bin,attention,0.0001,1e-05,1.02829,0.50781,1780
21,16,age_bin,shuffled,0.01,0.0001,1.40216,0.32191,1780
21,16,gender,ema_lr1e-3,0.001,0.0001,0.84819,0.54719,1780
21,16,gender,ema_lr5e-3,0.005,0.0001,0.81441,0.54045,1780
21,16,gender,ema_lr1e-2,0.01,0.0001,0.87167,0.49607,1780
21,16,gender,ema_lr5e-2,0.05,0.0001,1.14482,0.52809,1780
21,16,gender,ema_lr1e-2_wd1e-3,0.01,0.001,0.85708,0.50618,1780
21,16,gender,ema_d0.99,0.01,0.0001,0.87584,0.49045,1780
21,16,gender,ema_d0.9999,0.01,0.0001,0.91185,0.46742,1780
21,16,gender,mlp_h16,0.001,0.0,0.65715,0.60169,1780
21,16,gender,mlp_h32,0.001,0.0,0.65785,0.58539,1780
21,16,gender,mlp_h64,0.001,0.0,0.66109,0.59101,1780
21,16,gender,mlp_h128,0.001,0.0,0.65308,0.60843,1780
21,16,gender,attention,0.0001,1e-05,6.12115,0.45312,1780
21,16,gender,shuffled,0.01,0.0001,0.85025,0.5,1780
21,16,star_sign,ema_lr1e-3,0.001,0.0001,2.97462,0.0927,1780
21,16,star_sign,ema_lr5e-3,0.005,0.0001,2.82557,0.11966,1780
21,16,star_sign,ema_lr1e-2,0.01,0.0001,2.72738,0.12022,1780
21,16,star_sign,ema_lr5e-2,0.05,0.0001,2.01686,0.3618,1780
21,16,star_sign,ema_lr1e-2_wd1e-3,0.01,0.001,2.74034,0.10393,1780
21,16,star_sign,ema_d0.99,0.01,0.0001,2.71942,0.12809,1780
21,16,star_sign,ema_d0.9999,0.01,0.0001,2.72779,0.11629,1780
21,16,star_sign,mlp_h16,0.001,0.0,1.71311,0.13933,1780
21,16,star_sign,mlp_h32,0.001,0.0,0.05082,1.0,1780
21,16,star_sign,mlp_h64,0.001,0.0,0.0283,1.0,1780
21,16,star_sign,mlp_h128,0.001,0.0,0.01097,1.0,1780
21,16,star_sign,attention,0.0001,1e-05,0.31884,1.0,1780
21,16,star_sign,shuffled,0.01,0.0001,2.70585,0.14607,1780
21,20,age_bin,ema_lr1e-3,0.001,0.0001,1.65217,0.30393,1780
21,20,age_bin,ema_lr5e-3,0.005,0.0001,1.40705,0.35955,1780
21,20,age_bin,ema_lr1e-2,0.01,0.0001,1.37871,0.35562,1780
21,20,age_bin,ema_lr5e-2,0.05,0.0001,1.32783,0.35169,1780
21,20,age_bin,ema_lr1e-2_wd1e-3,0.01,0.001,1.39335,0.34551,1780
21,20,age_bin,ema_d0.99,0.01,0.0001,1.38101,0.35562,1780
21,20,age_bin,ema_d0.9999,0.01,0.0001,1.47692,0.32191,1780
21,20,age_bin,mlp_h16,0.001,0.0,1.05509,0.45674,1780
21,20,age_bin,mlp_h32,0.001,0.0,1.07188,0.45843,1780
21,20,age_bin,mlp_h64,0.001,0.0,1.05037,0.44607,1780
21,20,age_bin,mlp_h128,0.001,0.0,1.0653,0.4382,1780
21,20,age_bin,attention,0.0001,1e-05,25.98331,0.48438,1780
21,20,age_bin,shuffled,0.01,0.0001,1.4527,0.31236,1780
21,20,gender,ema_lr1e-3,0.001,0.0001,1.01803,0.48876,1780
21,20,gender,ema_lr5e-3,0.005,0.0001,1.02772,0.46573,1780
21,20,gender,ema_lr1e-2,0.01,0.0001,0.86357,0.54831,1780
21,20,gender,ema_lr5e-2,0.05,0.0001,0.94036,0.5264,1780
21,20,gender,ema_lr1e-2_wd1e-3,0.01,0.001,0.84234,0.54382,1780
21,20,gender,ema_d0.99,0.01,0.0001,0.96064,0.4809,1780
21,20,gender,ema_d0.9999,0.01,0.0001,0.90314,0.5236,1780
21,20,gender,mlp_h16,0.001,0.0,0.67508,0.56685,1780
21,20,gender,mlp_h32,0.001,0.0,0.6638,0.60225,1780
21,20,gender,mlp_h64,0.001,0.0,0.64424,0.61629,1780
21,20,gender,mlp_h128,0.001,0.0,0.65009,0.61236,1780
21,20,gender,attention,0.0001,1e-05,0.65583,0.61719,1780
21,20,gender,shuffled,0.01,0.0001,0.94596,0.47753,1780
21,20,star_sign,ema_lr1e-3,0.001,0.0001,3.09883,0.08539,1780
21,20,star_sign,ema_lr5e-3,0.005,0.0001,2.9826,0.10506,1780
21,20,star_sign,ema_lr1e-2,0.01,0.0001,2.88674,0.12753,1780
21,20,star_sign,ema_lr5e-2,0.05,0.0001,2.13285,0.31404,1780
21,20,star_sign,ema_lr1e-2_wd1e-3,0.01,0.001,2.89392,0.11124,1780
21,20,star_sign,ema_d0.99,0.01,0.0001,2.77212,0.11629,1780
21,20,star_sign,ema_d0.9999,0.01,0.0001,2.92538,0.11404,1780
21,20,star_sign,mlp_h16,0.001,0.0,0.74052,1.0,1780
21,20,star_sign,mlp_h32,0.001,0.0,0.5289,1.0,1780
21,20,star_sign,mlp_h64,0.001,0.0,0.21861,1.0,1780
21,20,star_sign,mlp_h128,0.001,0.0,0.03318,1.0,1780
21,20,star_sign,attention,0.0001,1e-05,0.0,1.0,1780
21,20,star_sign,shuffled,0.01,0.0001,2.88255,0.1191,1780
21,24,age_bin,ema_lr1e-3,0.001,0.0001,1.61482,0.3691,1780
21,24,age_bin,ema_lr5e-3,0.005,0.0001,1.5067,0.33258,1780
21,24,age_bin,ema_lr1e-2,0.01,0.0001,1.45043,0.3309,1780
21,24,age_bin,ema_lr5e-2,0.05,0.0001,1.30003,0.38483,1780
21,24,age_bin,ema_lr1e-2_wd1e-3,0.01,0.001,1.50318,0.34326,1780
21,24,age_bin,ema_d0.99,0.01,0.0001,1.40905,0.35393,1780
21,24,age_bin,ema_d0.9999,0.01,0.0001,1.52527,0.3427,1780
21,24,age_bin,mlp_h16,0.001,0.0,1.0665,0.42191,1780
21,24,age_bin,mlp_h32,0.001,0.0,1.08098,0.43034,1780
21,24,age_bin,mlp_h64,0.001,0.0,1.08942,0.45506,1780
21,24,age_bin,mlp_h128,0.001,0.0,1.09857,0.45,1780
21,24,age_bin,attention,0.0001,1e-05,3.35553,0.3125,1780
21,24,age_bin,shuffled,0.01,0.0001,1.45258,0.34607,1780
21,24,gender,ema_lr1e-3,0.001,0.0001,1.03851,0.50393,1780
21,24,gender,ema_lr5e-3,0.005,0.0001,1.00804,0.50056,1780
21,24,gender,ema_lr1e-2,0.01,0.0001,0.94323,0.51629,1780
21,24,gender,ema_lr5e-2,0.05,0.0001,0.76132,0.57472,1780
21,24,gender,ema_lr1e-2_wd1e-3,0.01,0.001,0.85092,0.54157,1780
21,24,gender,ema_d0.99,0.01,0.0001,0.89097,0.54101,1780
21,24,gender,ema_d0.9999,0.01,0.0001,0.85097,0.56404,1780
21,24,gender,mlp_h16,0.001,0.0,0.64924,0.59663,1780
21,24,gender,mlp_h32,0.001,0.0,0.64837,0.60618,1780
21,24,gender,mlp_h64,0.001,0.0,0.64594,0.59944,1780
21,24,gender,mlp_h128,0.001,0.0,0.64464,0.60899,1780
21,24,gender,attention,0.0001,1e-05,1.69299,0.49219,1780
21,24,gender,shuffled,0.01,0.0001,0.90878,0.50618,1780
21,24,star_sign,ema_lr1e-3,0.001,0.0001,3.43855,0.07697,1780
21,24,star_sign,ema_lr5e-3,0.005,0.0001,3.1742,0.08876,1780
21,24,star_sign,ema_lr1e-2,0.01,0.0001,3.03162,0.12753,1780
21,24,star_sign,ema_lr5e-2,0.05,0.0001,2.14549,0.32528,1780
21,24,star_sign,ema_lr1e-2_wd1e-3,0.01,0.001,2.93042,0.10056,1780
21,24,star_sign,ema_d0.99,0.01,0.0001,3.0619,0.11798,1780
21,24,star_sign,ema_d0.9999,0.01,0.0001,3.12807,0.1073,1780
21,24,star_sign,mlp_h16,0.001,0.0,2.29411,0.15899,1780
21,24,star_sign,mlp_h32,0.001,0.0,1.115,0.97753,1780
21,24,star_sign,mlp_h64,0.001,0.0,0.37646,0.99944,1780
21,24,star_sign,mlp_h128,0.001,0.0,0.13347,1.0,1780
21,24,star_sign,attention,0.0001,1e-05,0.00757,0.99219,1780
21,24,star_sign,shuffled,0.01,0.0001,3.14418,0.07191,1780
22,0,age_bin,ema_lr1e-3,0.001,0.0001,1.54588,0.34593,1853
22,0,age_bin,ema_lr5e-3,0.005,0.0001,1.45933,0.35024,1853
22,0,age_bin,ema_lr1e-2,0.01,0.0001,1.37877,0.33891,1853
22,0,age_bin,ema_lr5e-2,0.05,0.0001,1.24206,0.40745,1853
22,0,age_bin,ema_lr1e-2_wd1e-3,0.01,0.001,1.42139,0.34107,1853
22,0,age_bin,ema_d0.99,0.01,0.0001,1.45012,0.32218,1853
22,0,age_bin,ema_d0.9999,0.01,0.0001,1.34742,0.35672,1853
22,0,age_bin,mlp_h16,0.001,0.0,1.05431,0.46195,1853
22,0,age_bin,mlp_h32,0.001,0.0,1.05368,0.46465,1853
22,0,age_bin,mlp_h64,0.001,0.0,1.0505,0.45008,1853
22,0,age_bin,mlp_h128,0.001,0.0,1.05394,0.45872,1853
22,0,age_bin,attention,0.0001,1e-05,1.09058,0.46094,1853
22,0,age_bin,shuffled,0.01,0.0001,1.39154,0.31678,1853
22,0,gender,ema_lr1e-3,0.001,0.0001,1.06053,0.50836,1853
22,0,gender,ema_lr5e-3,0.005,0.0001,0.94116,0.49541,1853
22,0,gender,ema_lr1e-2,0.01,0.0001,0.94691,0.50513,1853
22,0,gender,ema_lr5e-2,0.05,0.0001,0.87987,0.50998,1853
22,0,gender,ema_lr1e-2_wd1e-3,0.01,0.001,0.9295,0.49487,1853
22,0,gender,ema_d0.99,0.01,0.0001,0.90992,0.48354,1853
22,0,gender,ema_d0.9999,0.01,0.0001,0.91067,0.49541,1853
22,0,gender,mlp_h16,0.001,0.0,0.69475,0.51808,1853
22,0,gender,mlp_h32,0.001,0.0,0.69684,0.51052,1853
22,0,gender,mlp_h64,0.001,0.0,0.70033,0.49919,1853
22,0,gender,mlp_h128,0.001,0.0,0.70558,0.50567,1853
22,0,gender,attention,0.0001,1e-05,0.69316,0.5,1853
22,0,gender,shuffled,0.01,0.0001,0.92066,0.50567,1853
22,0,star_sign,ema_lr1e-3,0.001,0.0001,3.2926,0.08635,1853
22,0,star_sign,ema_lr5e-3,0.005,0.0001,3.00407,0.13438,1853
22,0,star_sign,ema_lr1e-2,0.01,0.0001,2.92769,0.12736,1853
22,0,star_sign,ema_lr5e-2,0.05,0.0001,2.04013,0.45062,1853
22,0,star_sign,ema_lr1e-2_wd1e-3,0.01,0.001,2.86016,0.11981,1853
22,0,star_sign,ema_d0.99,0.01,0.0001,2.99459,0.13384,1853
22,0,star_sign,ema_d0.9999,0.01,0.0001,2.92813,0.11981,1853
22,0,star_sign,mlp_h16,0.001,0.0,1.06383,0.79385,1853
22,0,star_sign,mlp_h32,0.001,0.0,0.61205,0.99946,1853
22,0,star_sign,mlp_h64,0.001,0.0,0.11821,1.0,1853
22,0,star_sign,mlp_h128,0.001,0.0,0.05072,1.0,1853
22,0,star_sign,attention,0.0001,1e-05,2.416,1.0,1853
22,0,star_sign,shuffled,0.01,0.0001,2.9185,0.12898,1853
22,4,age_bin,ema_lr1e-3,0.001,0.0001,1.40749,0.31786,1853
22,4,age_bin,ema_lr5e-3,0.005,0.0001,1.29921,0.33513,1853
22,4,age_bin,ema_lr1e-2,0.01,0.0001,1.24938,0.34377,1853
22,4,age_bin,ema_lr5e-2,0.05,0.0001,1.82912,0.43173,1853
22,4,age_bin,ema_lr1e-2_wd1e-3,0.01,0.001,1.27155,0.3497,1853
22,4,age_bin,ema_d0.99,0.01,0.0001,1.31108,0.33675,1853
22,4,age_bin,ema_d0.9999,0.01,0.0001,1.27264,0.3524,1853
22,4,age_bin,mlp_h16,0.001,0.0,1.05724,0.46951,1853
22,4,age_bin,mlp_h32,0.001,0.0,1.05179,0.46627,1853
22,4,age_bin,mlp_h64,0.001,0.0,1.05546,0.46735,1853
22,4,age_bin,mlp_h128,0.001,0.0,1.06122,0.46411,1853
22,4,age_bin,attention,0.0001,1e-05,1.07125,0.45312,1853
22,4,age_bin,shuffled,0.01,0.0001,1.30561,0.3238,1853
22,4,gender,ema_lr1e-3,0.001,0.0001,0.85205,0.52671,1853
22,4,gender,ema_lr5e-3,0.005,0.0001,0.85585,0.49217,1853
22,4,gender,ema_lr1e-2,0.01,0.0001,0.85108,0.4803,1853
22,4,gender,ema_lr5e-2,0.05,0.0001,1.64064,0.46897,1853
22,4,gender,ema_lr1e-2_wd1e-3,0.01,0.001,0.8193,0.52024,1853
22,4,gender,ema_d0.99,0.01,0.0001,0.82425,0.51862,1853
22,4,gender,ema_d0.9999,0.01,0.0001,0.81527,0.52078,1853
22,4,gender,mlp_h16,0.001,0.0,0.69568,0.50621,1853
22,4,gender,mlp_h32,0.001,0.0,0.69957,0.47491,1853
22,4,gender,mlp_h64,0.001,0.0,0.70706,0.47706,1853
22,4,gender,mlp_h128,0.001,0.0,0.70796,0.49056,1853
22,4,gender,attention,0.0001,1e-05,2.36069,0.5,1853
22,4,gender,shuffled,0.01,0.0001,0.82519,0.47545,1853
22,4,star_sign,ema_lr1e-3,0.001,0.0001,2.85059,0.06908,1853
22,4,star_sign,ema_lr5e-3,0.005,0.0001,2.75849,0.09498,1853
22,4,star_sign,ema_lr1e-2,0.01,0.0001,2.62021,0.12844,1853
22,4,star_sign,ema_lr5e-2,0.05,0.0001,1.8815,0.45224,1853
22,4,star_sign,ema_lr1e-2_wd1e-3,0.01,0.001,2.58757,0.15434,1853
22,4,star_sign,ema_d0.99,0.01,0.0001,2.60211,0.11549,1853
22,4,star_sign,ema_d0.9999,0.01,0.0001,2.63042,0.12628,1853
22,4,star_sign,mlp_h16,0.001,0.0,0.24384,0.93362,1853
22,4,star_sign,mlp_h32,0.001,0.0,0.06928,1.0,1853
22,4,star_sign,mlp_h64,0.001,0.0,0.03322,1.0,1853
22,4,star_sign,mlp_h128,0.001,0.0,0.00193,1.0,1853
22,4,star_sign,attention,0.0001,1e-05,1.35994,1.0,1853
22,4,star_sign,shuffled,0.01,0.0001,2.58094,0.12412,1853
22,8,age_bin,ema_lr1e-3,0.001,0.0001,1.36255,0.32002,1853
22,8,age_bin,ema_lr5e-3,0.005,0.0001,1.35701,0.32056,1853
22,8,age_bin,ema_lr1e-2,0.01,0.0001,1.3365,0.32542,1853
22,8,age_bin,ema_lr5e-2,0.05,0.0001,1.82932,0.25634,1853
22,8,age_bin,ema_lr1e-2_wd1e-3,0.01,0.001,1.30683,0.35078,1853
22,8,age_bin,ema_d0.99,0.01,0.0001,1.30465,0.32974,1853
22,8,age_bin,ema_d0.9999,0.01,0.0001,1.28533,0.34862,1853
22,8,age_bin,mlp_h16,0.001,0.0,1.06507,0.47059,1853
22,8,age_bin,mlp_h32,0.001,0.0,1.05629,0.46141,1853
22,8,age_bin,mlp_h64,0.001,0.0,1.07056,0.42741,1853
22,8,age_bin,mlp_h128,0.001,0.0,1.05843,0.46897,1853
22,8,age_bin,attention,0.0001,1e-05,1.05012,0.45312,1853
22,8,age_bin,shuffled,0.01,0.0001,1.25162,0.34754,1853
22,8,gender,ema_lr1e-3,0.001,0.0001,0.90584,0.49379,1853
22,8,gender,ema_lr5e-3,0.005,0.0001,0.80921,0.53859,1853
22,8,gender,ema_lr1e-2,0.01,0.0001,0.84604,0.49379,1853
22,8,gender,ema_lr5e-2,0.05,0.0001,1.51483,0.47598,1853
22,8,gender,ema_lr1e-2_wd1e-3,0.01,0.001,0.83337,0.49325,1853
22,8,gender,ema_d0.99,0.01,0.0001,0.81956,0.49649,1853
22,8,gender,ema_d0.9999,0.01,0.0001,0.82745,0.50729,1853
22,8,gender,mlp_h16,0.001,0.0,0.69315,0.52887,1853
22,8,gender,mlp_h32,0.001,0.0,0.70696,0.50351,1853
22,8,gender,mlp_h64,0.001,0.0,0.71206,0.49595,1853
22,8,gender,mlp_h128,0.001,0.0,0.70751,0.49811,1853
22,8,gender,attention,0.0001,1e-05,12.72099,0.5,1853
22,8,gender,shuffled,0.01,0.0001,0.82906,0.49595,1853
22,8,star_sign,ema_lr1e-3,0.001,0.0001,2.8678,0.06638,1853
22,8,star_sign,ema_lr5e-3,0.005,0.0001,2.75784,0.12412,1853
22,8,star_sign,ema_lr1e-2,0.01,0.0001,2.66035,0.12089,1853
22,8,star_sign,ema_lr5e-2,0.05,0.0001,1.97652,0.34539,1853
22,8,star_sign,ema_lr1e-2_wd1e-3,0.01,0.001,2.65299,0.12196,1853
22,8,star_sign,ema_d0.99,0.01,0.0001,2.61929,0.14085,1853
22,8,star_sign,ema_d0.9999,0.01,0.0001,2.66223,0.11765,1853
22,8,star_sign,mlp_h16,0.001,0.0,1.82811,0.11603,1853
22,8,star_sign,mlp_h32,0.001,0.0,0.09588,1.0,1853
22,8,star_sign,mlp_h64,0.001,0.0,0.01927,1.0,1853
22,8,star_sign,mlp_h128,0.001,0.0,0.00141,1.0,1853
22,8,star_sign,attention,0.0001,1e-05,0.88755,1.0,1853
22,8,star_sign,shuffled,0.01,0.0001,2.69192,0.11657,1853
22,12,age_bin,ema_lr1e-3,0.001,0.0001,1.38836,0.33081,1853
22,12,age_bin,ema_lr5e-3,0.005,0.0001,1.30817,0.33783,1853
22,12,age_bin,ema_lr1e-2,0.01,0.0001,1.28705,0.34485,1853
22,12,age_bin,ema_lr5e-2,0.05,0.0001,1.78121,0.41446,1853
22,12,age_bin,ema_lr1e-2_wd1e-3,0.01,0.001,1.30834,0.33459,1853
22,12,age_bin,ema_d0.99,0.01,0.0001,1.3023,0.35186,1853
22,12,age_bin,ema_d0.9999,0.01,0.0001,1.30188,0.33621,1853
22,12,age_bin,mlp_h16,0.001,0.0,1.05307,0.46843,1853
22,12,age_bin,mlp_h32,0.001,0.0,1.059,0.46465,1853
22,12,age_bin,mlp_h64,0.001,0.0,1.06348,0.45548,1853
22,12,age_bin,mlp_h128,0.001,0.0,1.07412,0.4436,1853
22,12,age_bin,attention,0.0001,1e-05,1.16594,0.28906,1853
22,12,age_bin,shuffled,0.01,0.0001,1.24792,0.36427,1853
22,12,gender,ema_lr1e-3,0.001,0.0001,0.89004,0.47545,1853
22,12,gender,ema_lr5e-3,0.005,0.0001,0.8766,0.47545,1853
22,12,gender,ema_lr1e-2,0.01,0.0001,0.81677,0.50998,1853
22,12,gender,ema_lr5e-2,0.05,0.0001,1.46974,0.4776,1853
22,12,gender,ema_lr1e-2_wd1e-3,0.01,0.001,0.8597,0.49919,1853
22,12,gender,ema_d0.99,0.01,0.0001,0.80039,0.52617,1853
22,12,gender,ema_d0.9999,0.01,0.0001,0.85778,0.47491,1853
22,12,gender,mlp_h16,0.001,0.0,0.69196,0.54398,1853
22,12,gender,mlp_h32,0.001,0.0,0.69103,0.53535,1853
22,12,gender,mlp_h64,0.001,0.0,0.69612,0.52563,1853
22,12,gender,mlp_h128,0.001,0.0,0.70868,0.52455,1853
22,12,gender,attention,0.0001,1e-05,0.69307,0.50781,1853
22,12,gender,shuffled,0.01,0.0001,0.85097,0.50027,1853
22,12,star_sign,ema_lr1e-3,0.001,0.0001,2.97488,0.06314,1853
22,12,star_sign,ema_lr5e-3,0.005,0.0001,2.74986,0.11603,1853
22,12,star_sign,ema_lr1e-2,0.01,0.0001,2.67624,0.1225,1853
22,12,star_sign,ema_lr5e-2,0.05,0.0001,1.94428,0.4123,1853
22,12,star_sign,ema_lr1e-2_wd1e-3,0.01,0.001,2.66977,0.11009,1853
22,12,star_sign,ema_d0.99,0.01,0.0001,2.61295,0.10793,1853
22,12,star_sign,ema_d0.9999,0.01,0.0001,2.64293,0.1225,1853
22,12,star_sign,mlp_h16,0.001,0.0,0.2746,1.0,1853
22,12,star_sign,mlp_h32,0.001,0.0,0.0848,1.0,1853
22,12,star_sign,mlp_h64,0.001,0.0,0.01206,1.0,1853
22,12,star_sign,mlp_h128,0.001,0.0,0.00166,1.0,1853
22,12,star_sign,attention,0.0001,1e-05,0.0,1.0,1853
22,12,star_sign,shuffled,0.01,0.0001,2.5938,0.13869,1853
22,16,age_bin,ema_lr1e-3,0.001,0.0001,1.41448,0.3211,1853
22,16,age_bin,ema_lr5e-3,0.005,0.0001,1.31516,0.37345,1853
22,16,age_bin,ema_lr1e-2,0.01,0.0001,1.30471,0.3605,1853
22,16,age_bin,ema_lr5e-2,0.05,0.0001,1.62073,0.3497,1853
22,16,age_bin,ema_lr1e-2_wd1e-3,0.01,0.001,1.35015,0.33837,1853
22,16,age_bin,ema_d0.99,0.01,0.0001,1.3519,0.33783,1853
22,16,age_bin,ema_d0.9999,0.01,0.0001,1.2995,0.32488,1853
22,16,age_bin,mlp_h16,0.001,0.0,1.04933,0.47329,1853
22,16,age_bin,mlp_h32,0.001,0.0,1.06081,0.44738,1853
22,16,age_bin,mlp_h64,0.001,0.0,1.05079,0.46357,1853
22,16,age_bin,mlp_h128,0.001,0.0,1.04708,0.46465,1853
22,16,age_bin,attention,0.0001,1e-05,1.09494,0.45312,1853
22,16,age_bin,shuffled,0.01,0.0001,1.33962,0.33945,1853
22,16,gender,ema_lr1e-3,0.001,0.0001,0.97868,0.47868,1853
22,16,gender,ema_lr5e-3,0.005,0.0001,0.86579,0.50243,1853
22,16,gender,ema_lr1e-2,0.01,0.0001,0.8494,0.50621,1853
22,16,gender,ema_lr5e-2,0.05,0.0001,1.31652,0.4857,1853
22,16,gender,ema_lr1e-2_wd1e-3,0.01,0.001,0.83094,0.50189,1853
22,16,gender,ema_d0.99,0.01,0.0001,0.84884,0.4911,1853
22,16,gender,ema_d0.9999,0.01,0.0001,0.84967,0.5116,1853
22,16,gender,mlp_h16,0.001,0.0,0.70061,0.52186,1853
22,16,gender,mlp_h32,0.001,0.0,0.69682,0.53211,1853
22,16,gender,mlp_h64,0.001,0.0,0.71274,0.51916,1853
22,16,gender,mlp_h128,0.001,0.0,0.71612,0.50783,1853
22,16,gender,attention,0.0001,1e-05,5.99875,0.5,1853
22,16,gender,shuffled,0.01,0.0001,0.83053,0.51106,1853
22,16,star_sign,ema_lr1e-3,0.001,0.0001,3.01593,0.07771,1853
22,16,star_sign,ema_lr5e-3,0.005,0.0001,2.84787,0.14139,1853
22,16,star_sign,ema_lr1e-2,0.01,0.0001,2.65116,0.1279,1853
22,16,star_sign,ema_lr5e-2,0.05,0.0001,1.95536,0.36859,1853
22,16,star_sign,ema_lr1e-2_wd1e-3,0.01,0.001,2.8024,0.10362,1853
22,16,star_sign,ema_d0.99,0.01,0.0001,2.6824,0.1225,1853
22,16,star_sign,ema_d0.9999,0.01,0.0001,2.76415,0.10038,1853
22,16,star_sign,mlp_h16,0.001,0.0,1.67225,0.14463,1853
22,16,star_sign,mlp_h32,0.001,0.0,0.03809,1.0,1853
22,16,star_sign,mlp_h64,0.001,0.0,0.02221,1.0,1853
22,16,star_sign,mlp_h128,0.001,0.0,0.00748,1.0,1853
22,16,star_sign,attention,0.0001,1e-05,0.25403,1.0,1853
22,16,star_sign,shuffled,0.01,0.0001,2.66782,0.1333,1853
22,20,age_bin,ema_lr1e-3,0.001,0.0001,1.67229,0.2925,1853
22,20,age_bin,ema_lr5e-3,0.005,0.0001,1.44045,0.34377,1853
22,20,age_bin,ema_lr1e-2,0.01,0.0001,1.34672,0.36104,1853
22,20,age_bin,ema_lr5e-2,0.05,0.0001,1.29839,0.35834,1853
22,20,age_bin,ema_lr1e-2_wd1e-3,0.01,0.001,1.40192,0.33567,1853
22,20,age_bin,ema_d0.99,0.01,0.0001,1.33489,0.37453,1853
22,20,age_bin,ema_d0.9999,0.01,0.0001,1.46312,0.3184,1853
22,20,age_bin,mlp_h16,0.001,0.0,1.05263,0.47437,1853
22,20,age_bin,mlp_h32,0.001,0.0,1.06213,0.47329,1853
22,20,age_bin,mlp_h64,0.001,0.0,1.03864,0.48084,1853
22,20,age_bin,mlp_h128,0.001,0.0,1.04419,0.46681,1853
22,20,age_bin,attention,0.0001,1e-05,25.51684,0.46094,1853
22,20,age_bin,shuffled,0.01,0.0001,1.38238,0.33459,1853
22,20,gender,ema_lr1e-3,0.001,0.0001,0.90834,0.52348,1853
22,20,gender,ema_lr5e-3,0.005,0.0001,0.90425,0.51052,1853
22,20,gender,ema_lr1e-2,0.01,0.0001,0.87146,0.51808,1853
22,20,gender,ema_lr5e-2,0.05,0.0001,1.06222,0.47652,1853
22,20,gender,ema_lr1e-2_wd1e-3,0.01,0.001,0.94726,0.49973,1853
22,20,gender,ema_d0.99,0.01,0.0001,0.96831,0.47275,1853
22,20,gender,ema_d0.9999,0.01,0.0001,0.97423,0.46249,1853
22,20,gender,mlp_h16,0.001,0.0,0.7056,0.51646,1853
22,20,gender,mlp_h32,0.001,0.0,0.6891,0.54506,1853
22,20,gender,mlp_h64,0.001,0.0,0.7077,0.51916,1853
22,20,gender,mlp_h128,0.001,0.0,0.70903,0.52402,1853
22,20,gender,attention,0.0001,1e-05,0.7357,0.5,1853
22,20,gender,shuffled,0.01,0.0001,0.90462,0.49056,1853
22,20,star_sign,ema_lr1e-3,0.001,0.0001,3.15299,0.07717,1853
22,20,star_sign,ema_lr5e-3,0.005,0.0001,2.99142,0.09336,1853
22,20,star_sign,ema_lr1e-2,0.01,0.0001,2.87982,0.13276,1853
22,20,star_sign,ema_lr5e-2,0.05,0.0001,1.97203,0.36913,1853
22,20,star_sign,ema_lr1e-2_wd1e-3,0.01,0.001,2.80459,0.11981,1853
22,20,star_sign,ema_d0.99,0.01,0.0001,2.77916,0.12466,1853
22,20,star_sign,ema_d0.9999,0.01,0.0001,2.86536,0.11009,1853
22,20,star_sign,mlp_h16,0.001,0.0,0.68733,1.0,1853
22,20,star_sign,mlp_h32,0.001,0.0,0.49694,1.0,1853
22,20,star_sign,mlp_h64,0.001,0.0,0.19548,1.0,1853
22,20,star_sign,mlp_h128,0.001,0.0,0.02826,1.0,1853
22,20,star_sign,attention,0.0001,1e-05,0.0,1.0,1853
22,20,star_sign,shuffled,0.01,0.0001,2.78761,0.15003,1853
22,24,age_bin,ema_lr1e-3,0.001,0.0001,1.57416,0.34593,1853
22,24,age_bin,ema_lr5e-3,0.005,0.0001,1.46003,0.35996,1853
22,24,age_bin,ema_lr1e-2,0.01,0.0001,1.46056,0.33459,1853
22,24,age_bin,ema_lr5e-2,0.05,0.0001,1.22174,0.40043,1853
22,24,age_bin,ema_lr1e-2_wd1e-3,0.01,0.001,1.44529,0.34593,1853
22,24,age_bin,ema_d0.99,0.01,0.0001,1.39459,0.3524,1853
22,24,age_bin,ema_d0.9999,0.01,0.0001,1.42664,0.37615,1853
22,24,age_bin,mlp_h16,0.001,0.0,1.05905,0.415,1853
22,24,age_bin,mlp_h32,0.001,0.0,1.05421,0.47491,1853
22,24,age_bin,mlp_h64,0.001,0.0,1.03079,0.49164,1853
22,24,age_bin,mlp_h128,0.001,0.0,1.02893,0.50135,1853
22,24,age_bin,attention,0.0001,1e-05,2.75626,0.42188,1853
22,24,age_bin,shuffled,0.01,0.0001,1.40061,0.34107,1853
22,24,gender,ema_lr1e-3,0.001,0.0001,0.99988,0.51322,1853
22,24,gender,ema_lr5e-3,0.005,0.0001,0.95595,0.49271,1853
22,24,gender,ema_lr1e-2,0.01,0.0001,0.97587,0.48948,1853
22,24,gender,ema_lr5e-2,0.05,0.0001,0.86799,0.48516,1853
22,24,gender,ema_lr1e-2_wd1e-3,0.01,0.001,0.90044,0.53049,1853
22,24,gender,ema_d0.99,0.01,0.0001,0.87167,0.52132,1853
22,24,gender,ema_d0.9999,0.01,0.0001,0.93219,0.51322,1853
22,24,gender,mlp_h16,0.001,0.0,0.69483,0.55316,1853
22,24,gender,mlp_h32,0.001,0.0,0.70322,0.53697,1853
22,24,gender,mlp_h64,0.001,0.0,0.70863,0.52725,1853
22,24,gender,mlp_h128,0.001,0.0,0.72114,0.5143,1853
22,24,gender,attention,0.0001,1e-05,1.4142,0.5625,1853
22,24,gender,shuffled,0.01,0.0001,0.90226,0.51214,1853
22,24,star_sign,ema_lr1e-3,0.001,0.0001,3.33164,0.0966,1853
22,24,star_sign,ema_lr5e-3,0.005,0.0001,2.98841,0.10955,1853
22,24,star_sign,ema_lr1e-2,0.01,0.0001,2.94545,0.12736,1853
22,24,star_sign,ema_lr5e-2,0.05,0.0001,2.08714,0.33783,1853
22,24,star_sign,ema_lr1e-2_wd1e-3,0.01,0.001,2.91967,0.09822,1853
22,24,star_sign,ema_d0.99,0.01,0.0001,3.03467,0.10847,1853
22,24,star_sign,ema_d0.9999,0.01,0.0001,2.93339,0.10685,1853
22,24,star_sign,mlp_h16,0.001,0.0,2.25304,0.18564,1853
22,24,star_sign,mlp_h32,0.001,0.0,1.08627,0.98219,1853
22,24,star_sign,mlp_h64,0.001,0.0,0.32829,1.0,1853
22,24,star_sign,mlp_h128,0.001,0.0,0.11455,1.0,1853
22,24,star_sign,attention,0.0001,1e-05,0.00116,1.0,1853
22,24,star_sign,shuffled,0.01,0.0001,3.04289,0.0939,1853
23,0,age_bin,ema_lr1e-3,0.001,0.0001,1.57097,0.32898,1836
23,0,age_bin,ema_lr5e-3,0.005,0.0001,1.48519,0.33878,1836
23,0,age_bin,ema_lr1e-2,0.01,0.0001,1.40853,0.34314,1836
23,0,age_bin,ema_lr5e-2,0.05,0.0001,1.26376,0.40359,1836
23,0,age_bin,ema_lr1e-2_wd1e-3,0.01,0.001,1.40722,0.35131,1836
23,0,age_bin,ema_d0.99,0.01,0.0001,1.41947,0.32571,1836
23,0,age_bin,ema_d0.9999,0.01,0.0001,1.37132,0.35294,1836
23,0,age_bin,mlp_h16,0.001,0.0,1.08617,0.48856,1836
23,0,age_bin,mlp_h32,0.001,0.0,1.08088,0.48529,1836
23,0,age_bin,mlp_h64,0.001,0.0,1.08888,0.48203,1836
23,0,age_bin,mlp_h128,0.001,0.0,1.10883,0.46133,1836
23,0,age_bin,attention,0.0001,1e-05,1.08597,0.52344,1836
23,0,age_bin,shuffled,0.01,0.0001,1.37266,0.3415,1836
23,0,gender,ema_lr1e-3,0.001,0.0001,1.01621,0.5256,1836
23,0,gender,ema_lr5e-3,0.005,0.0001,0.91474,0.50871,1836
23,0,gender,ema_lr1e-2,0.01,0.0001,0.89855,0.50381,1836
23,0,gender,ema_lr5e-2,0.05,0.0001,0.86244,0.50871,1836
23,0,gender,ema_lr1e-2_wd1e-3,0.01,0.001,0.87328,0.5098,1836
23,0,gender,ema_d0.99,0.01,0.0001,0.92762,0.48529,1836
23,0,gender,ema_d0.9999,0.01,0.0001,0.91171,0.50109,1836
23,0,gender,mlp_h16,0.001,0.0,0.70111,0.49619,1836
23,0,gender,mlp_h32,0.001,0.0,0.70336,0.49891,1836
23,0,gender,mlp_h64,0.001,0.0,0.70686,0.4951,1836
23,0,gender,mlp_h128,0.001,0.0,0.70983,0.49891,1836
23,0,gender,attention,0.0001,1e-05,0.69379,0.49219,1836
23,0,gender,shuffled,0.01,0.0001,0.90334,0.49891,1836
23,0,star_sign,ema_lr1e-3,0.001,0.0001,3.287,0.07625,1836
23,0,star_sign,ema_lr5e-3,0.005,0.0001,2.98451,0.12037,1836
23,0,star_sign,ema_lr1e-2,0.01,0.0001,2.88839,0.11547,1836
23,0,star_sign,ema_lr5e-2,0.05,0.0001,1.97417,0.49946,1836
23,0,star_sign,ema_lr1e-2_wd1e-3,0.01,0.001,2.80241,0.13235,1836
23,0,star_sign,ema_d0.99,0.01,0.0001,2.98057,0.12473,1836
23,0,star_sign,ema_d0.9999,0.01,0.0001,2.85321,0.13453,1836
23,0,star_sign,mlp_h16,0.001,0.0,1.01271,0.80338,1836
23,0,star_sign,mlp_h32,0.001,0.0,0.57876,0.99891,1836
23,0,star_sign,mlp_h64,0.001,0.0,0.10763,1.0,1836
23,0,star_sign,mlp_h128,0.001,0.0,0.04572,1.0,1836
23,0,star_sign,attention,0.0001,1e-05,2.41392,1.0,1836
23,0,star_sign,shuffled,0.01,0.0001,2.86414,0.13889,1836
23,4,age_bin,ema_lr1e-3,0.001,0.0001,1.39123,0.33388,1836
23,4,age_bin,ema_lr5e-3,0.005,0.0001,1.32622,0.34205,1836
23,4,age_bin,ema_lr1e-2,0.01,0.0001,1.27386,0.34749,1836
23,4,age_bin,ema_lr5e-2,0.05,0.0001,1.68629,0.3268,1836
23,4,age_bin,ema_lr1e-2_wd1e-3,0.01,0.001,1.27888,0.35403,1836
23,4,age_bin,ema_d0.99,0.01,0.0001,1.29325,0.34259,1836
23,4,age_bin,ema_d0.9999,0.01,0.0001,1.31807,0.35349,1836
23,4,age_bin,mlp_h16,0.001,0.0,1.09092,0.46841,1836
23,4,age_bin,mlp_h32,0.001,0.0,1.08596,0.47549,1836
23,4,age_bin,mlp_h64,0.001,0.0,1.09279,0.47603,1836
23,4,age_bin,mlp_h128,0.001,0.0,1.11758,0.46133,1836
23,4,age_bin,attention,0.0001,1e-05,1.00085,0.52344,1836
23,4,age_bin,shuffled,0.01,0.0001,1.29015,0.32734,1836
23,4,gender,ema_lr1e-3,0.001,0.0001,0.84924,0.49346,1836
23,4,gender,ema_lr5e-3,0.005,0.0001,0.86951,0.48366,1836
23,4,gender,ema_lr1e-2,0.01,0.0001,0.88318,0.46296,1836
23,4,gender,ema_lr5e-2,0.05,0.0001,1.62832,0.50926,1836
23,4,gender,ema_lr1e-2_wd1e-3,0.01,0.001,0.84203,0.51089,1836
23,4,gender,ema_d0.99,0.01,0.0001,0.82799,0.49183,1836
23,4,gender,ema_d0.9999,0.01,0.0001,0.83406,0.51416,1836
23,4,gender,mlp_h16,0.001,0.0,0.69568,0.51852,1836
23,4,gender,mlp_h32,0.001,0.0,0.69777,0.50763,1836
23,4,gender,mlp_h64,0.001,0.0,0.6976,0.52124,1836
23,4,gender,mlp_h128,0.001,0.0,0.70024,0.50381,1836
23,4,gender,attention,0.0001,1e-05,2.16689,0.51562,1836
23,4,gender,shuffled,0.01,0.0001,0.7882,0.51362,1836
23,4,star_sign,ema_lr1e-3,0.001,0.0001,2.90058,0.05828,1836
23,4,star_sign,ema_lr5e-3,0.005,0.0001,2.76696,0.09532,1836
23,4,star_sign,ema_lr1e-2,0.01,0.0001,2.65506,0.10675,1836
23,4,star_sign,ema_lr5e-2,0.05,0.0001,1.82469,0.50163,1836
23,4,star_sign,ema_lr1e-2_wd1e-3,0.01,0.001,2.59887,0.13725,1836
23,4,star_sign,ema_d0.99,0.01,0.0001,2.60927,0.1073,1836
23,4,star_sign,ema_d0.9999,0.01,0.0001,2.6308,0.128,1836
23,4,star_sign,mlp_h16,0.001,0.0,0.21184,0.97168,1836
23,4,star_sign,mlp_h32,0.001,0.0,0.05274,1.0,1836
23,4,star_sign,mlp_h64,0.001,0.0,0.02542,1.0,1836
23,4,star_sign,mlp_h128,0.001,0.0,0.00132,1.0,1836
23,4,star_sign,attention,0.0001,1e-05,1.27522,1.0,1836
23,4,star_sign,shuffled,0.01,0.0001,2.60389,0.13834,1836
23,8,age_bin,ema_lr1e-3,0.001,0.0001,1.39155,0.32244,1836
23,8,age_bin,ema_lr5e-3,0.005,0.0001,1.34203,0.3317,1836
23,8,age_bin,ema_lr1e-2,0.01,0.0001,1.28702,0.32843,1836
23,8,age_bin,ema_lr5e-2,0.05,0.0001,1.89249,0.44444,1836
23,8,age_bin,ema_lr1e-2_wd1e-3,0.01,0.001,1.294,0.33878,1836
23,8,age_bin,ema_d0.99,0.01,0.0001,1.31016,0.32843,1836
23,8,age_bin,ema_d0.9999,0.01,0.0001,1.28807,0.35076,1836
23,8,age_bin,mlp_h16,0.001,0.0,1.09676,0.47767,1836
23,8,age_bin,mlp_h32,0.001,0.0,1.08721,0.44989,1836
23,8,age_bin,mlp_h64,0.001,0.0,1.11233,0.43028,1836
23,8,age_bin,mlp_h128,0.001,0.0,1.0757,0.46187,1836
23,8,age_bin,attention,0.0001,1e-05,1.05624,0.50781,1836
23,8,age_bin,shuffled,0.01,0.0001,1.27899,0.35294,1836
23,8,gender,ema_lr1e-3,0.001,0.0001,0.88023,0.48312,1836
23,8,gender,ema_lr5e-3,0.005,0.0001,0.86719,0.48856,1836
23,8,gender,ema_lr1e-2,0.01,0.0001,0.8473,0.48148,1836
23,8,gender,ema_lr5e-2,0.05,0.0001,1.45868,0.50871,1836
23,8,gender,ema_lr1e-2_wd1e-3,0.01,0.001,0.84891,0.49292,1836
23,8,gender,ema_d0.99,0.01,0.0001,0.83384,0.49946,1836
23,8,gender,ema_d0.9999,0.01,0.0001,0.82079,0.53105,1836
23,8,gender,mlp_h16,0.001,0.0,0.68727,0.53431,1836
23,8,gender,mlp_h32,0.001,0.0,0.70092,0.51416,1836
23,8,gender,mlp_h64,0.001,0.0,0.69771,0.51852,1836
23,8,gender,mlp_h128,0.001,0.0,0.69898,0.51253,1836
23,8,gender,attention,0.0001,1e-05,10.07621,0.51562,1836
23,8,gender,shuffled,0.01,0.0001,0.82834,0.4842,1836
23,8,star_sign,ema_lr1e-3,0.001,0.0001,2.84852,0.07026,1836
23,8,star_sign,ema_lr5e-3,0.005,0.0001,2.76648,0.12037,1836
23,8,star_sign,ema_lr1e-2,0.01,0.0001,2.60335,0.12473,1836
23,8,star_sign,ema_lr5e-2,0.05,0.0001,2.037,0.66503,1836
23,8,star_sign,ema_lr1e-2_wd1e-3,0.01,0.001,2.64233,0.12255,1836
23,8,star_sign,ema_d0.99,0.01,0.0001,2.61194,0.13998,1836
23,8,star_sign,ema_d0.9999,0.01,0.0001,2.68908,0.11383,1836
23,8,star_sign,mlp_h16,0.001,0.0,1.77782,0.13072,1836
23,8,star_sign,mlp_h32,0.001,0.0,0.07526,1.0,1836
23,8,star_sign,mlp_h64,0.001,0.0,0.01473,1.0,1836
23,8,star_sign,mlp_h128,0.001,0.0,0.0011,1.0,1836
23,8,star_sign,attention,0.0001,1e-05,0.86226,1.0,1836
23,8,star_sign,shuffled,0.01,0.0001,2.61385,0.13943,1836
23,12,age_bin,ema_lr1e-3,0.001,0.0001,1.32811,0.36492,1836
23,12,age_bin,ema_lr5e-3,0.005,0.0001,1.31745,0.33932,1836
23,12,age_bin,ema_lr1e-2,0.01,0.0001,1.34618,0.30828,1836
23,12,age_bin,ema_lr5e-2,0.05,0.0001,1.83921,0.24401,1836
23,12,age_bin,ema_lr1e-2_wd1e-3,0.01,0.001,1.29485,0.35022,1836
23,12,age_bin,ema_d0.99,0.01,0.0001,1.27336,0.35512,1836
23,12,age_bin,ema_d0.9999,0.01,0.0001,1.32332,0.33932,1836
23,12,age_bin,mlp_h16,0.001,0.0,1.09142,0.48475,1836
23,12,age_bin,mlp_h32,0.001,0.0,1.06213,0.47985,1836
23,12,age_bin,mlp_h64,0.001,0.0,1.13469,0.43137,1836
23,12,age_bin,mlp_h128,0.001,0.0,1.12967,0.44336,1836
23,12,age_bin,attention,0.0001,1e-05,1.15511,0.1875,1836
23,12,age_bin,shuffled,0.01,0.0001,1.28728,0.35185,1836
23,12,gender,ema_lr1e-3,0.001,0.0001,0.86656,0.50871,1836
23,12,gender,ema_lr5e-3,0.005,0.0001,0.83641,0.51307,1836
23,12,gender,ema_lr1e-2,0.01,0.0001,0.85777,0.50163,1836
23,12,gender,ema_lr5e-2,0.05,0.0001,1.44611,0.51961,1836
23,12,gender,ema_lr1e-2_wd1e-3,0.01,0.001,0.83633,0.50545,1836
23,12,gender,ema_d0.99,0.01,0.0001,0.81237,0.51906,1836
23,12,gender,ema_d0.9999,0.01,0.0001,0.8009,0.50763,1836
23,12,gender,mlp_h16,0.001,0.0,0.69448,0.54139,1836
23,12,gender,mlp_h32,0.001,0.0,0.69068,0.52451,1836
23,12,gender,mlp_h64,0.001,0.0,0.69425,0.51852,1836
23,12,gender,mlp_h128,0.001,0.0,0.70808,0.51471,1836
23,12,gender,attention,0.0001,1e-05,0.70309,0.46875,1836
23,12,gender,shuffled,0.01,0.0001,0.85976,0.48638,1836
23,12,star_sign,ema_lr1e-3,0.001,0.0001,2.95402,0.06754,1836
23,12,star_sign,ema_lr5e-3,0.005,0.0001,2.7449,0.10839,1836
23,12,star_sign,ema_lr1e-2,0.01,0.0001,2.60506,0.14216,1836
23,12,star_sign,ema_lr5e-2,0.05,0.0001,1.91721,0.38235,1836
23,12,star_sign,ema_lr1e-2_wd1e-3,0.01,0.001,2.60439,0.12092,1836
23,12,star_sign,ema_d0.99,0.01,0.0001,2.61151,0.1024,1836
23,12,star_sign,ema_d0.9999,0.01,0.0001,2.62797,0.13072,1836
23,12,star_sign,mlp_h16,0.001,0.0,0.23478,1.0,1836
23,12,star_sign,mlp_h32,0.001,0.0,0.06872,1.0,1836
23,12,star_sign,mlp_h64,0.001,0.0,0.00916,1.0,1836
23,12,star_sign,mlp_h128,0.001,0.0,0.00126,1.0,1836
23,12,star_sign,attention,0.0001,1e-05,0.0,1.0,1836
23,12,star_sign,shuffled,0.01,0.0001,2.67449,0.12473,1836
23,16,age_bin,ema_lr1e-3,0.001,0.0001,1.40534,0.34477,1836
23,16,age_bin,ema_lr5e-3,0.005,0.0001,1.36639,0.33061,1836
23,16,age_bin,ema_lr1e-2,0.01,0.0001,1.31275,0.35022,1836
23,16,age_bin,ema_lr5e-2,0.05,0.0001,1.47801,0.43246,1836
23,16,age_bin,ema_lr1e-2_wd1e-3,0.01,0.001,1.38883,0.31373,1836
23,16,age_bin,ema_d0.99,0.01,0.0001,1.37963,0.31155,1836
23,16,age_bin,ema_d0.9999,0.01,0.0001,1.19405,0.3927,1836
23,16,age_bin,mlp_h16,0.001,0.0,1.03947,0.4951,1836
23,16,age_bin,mlp_h32,0.001,0.0,1.06999,0.45425,1836
23,16,age_bin,mlp_h64,0.001,0.0,1.08254,0.45316,1836
23,16,age_bin,mlp_h128,0.001,0.0,1.08822,0.44771,1836
23,16,age_bin,attention,0.0001,1e-05,1.01522,0.51562,1836
23,16,age_bin,shuffled,0.01,0.0001,1.31852,0.34641,1836
23,16,gender,ema_lr1e-3,0.001,0.0001,0.9734,0.45316,1836
23,16,gender,ema_lr5e-3,0.005,0.0001,0.86784,0.51634,1836
23,16,gender,ema_lr1e-2,0.01,0.0001,0.90006,0.46623,1836
23,16,gender,ema_lr5e-2,0.05,0.0001,1.33279,0.50436,1836
23,16,gender,ema_lr1e-2_wd1e-3,0.01,0.001,0.81572,0.5305,1836
23,16,gender,ema_d0.99,0.01,0.0001,0.88995,0.47603,1836
23,16,gender,ema_d0.9999,0.01,0.0001,0.84238,0.50109,1836
23,16,gender,mlp_h16,0.001,0.0,0.69286,0.52669,1836
23,16,gender,mlp_h32,0.001,0.0,0.69059,0.52669,1836
23,16,gender,mlp_h64,0.001,0.0,0.69829,0.51961,1836
23,16,gender,mlp_h128,0.001,0.0,0.70281,0.53976,1836
23,16,gender,attention,0.0001,1e-05,6.45873,0.48438,1836
23,16,gender,shuffled,0.01,0.0001,0.8387,0.50381,1836
23,16,star_sign,ema_lr1e-3,0.001,0.0001,2.93381,0.09532,1836
23,16,star_sign,ema_lr5e-3,0.005,0.0001,2.84702,0.12527,1836
23,16,star_sign,ema_lr1e-2,0.01,0.0001,2.69468,0.10458,1836
23,16,star_sign,ema_lr5e-2,0.05,0.0001,1.99642,0.59041,1836
23,16,star_sign,ema_lr1e-2_wd1e-3,0.01,0.001,2.68961,0.10131,1836
23,16,star_sign,ema_d0.99,0.01,0.0001,2.71368,0.13344,1836
23,16,star_sign,ema_d0.9999,0.01,0.0001,2.70128,0.12527,1836
23,16,star_sign,mlp_h16,0.001,0.0,1.62398,0.16285,1836
23,16,star_sign,mlp_h32,0.001,0.0,0.03015,1.0,1836
23,16,star_sign,mlp_h64,0.001,0.0,0.01733,1.0,1836
23,16,star_sign,mlp_h128,0.001,0.0,0.00572,1.0,1836
23,16,star_sign,attention,0.0001,1e-05,0.23214,1.0,1836
23,16,star_sign,shuffled,0.01,0.0001,2.62555,0.14924,1836
23,20,age_bin,ema_lr1e-3,0.001,0.0001,1.58337,0.33115,1836
23,20,age_bin,ema_lr5e-3,0.005,0.0001,1.46843,0.32516,1836
23,20,age_bin,ema_lr1e-2,0.01,0.0001,1.41972,0.3317,1836
23,20,age_bin,ema_lr5e-2,0.05,0.0001,1.3283,0.33388,1836
23,20,age_bin,ema_lr1e-2_wd1e-3,0.01,0.001,1.42536,0.33333,1836
23,20,age_bin,ema_d0.99,0.01,0.0001,1.45466,0.31917,1836
23,20,age_bin,ema_d0.9999,0.01,0.0001,1.3707,0.34477,1836
23,20,age_bin,mlp_h16,0.001,0.0,1.08369,0.48257,1836
23,20,age_bin,mlp_h32,0.001,0.0,1.0744,0.46678,1836
23,20,age_bin,mlp_h64,0.001,0.0,1.06578,0.45861,1836
23,20,age_bin,mlp_h128,0.001,0.0,1.07428,0.45479,1836
23,20,age_bin,attention,0.0001,1e-05,17.58552,0.52344,1836
23,20,age_bin,shuffled,0.01,0.0001,1.38603,0.33442,1836
23,20,gender,ema_lr1e-3,0.001,0.0001,0.96083,0.49891,1836
23,20,gender,ema_lr5e-3,0.005,0.0001,0.9357,0.49837,1836
23,20,gender,ema_lr1e-2,0.01,0.0001,0.92557,0.48148,1836
23,20,gender,ema_lr5e-2,0.05,0.0001,1.0292,0.50272,1836
23,20,gender,ema_lr1e-2_wd1e-3,0.01,0.001,0.89451,0.51471,1836
23,20,gender,ema_d0.99,0.01,0.0001,0.93273,0.4902,1836
23,20,gender,ema_d0.9999,0.01,0.0001,0.96335,0.48203,1836
23,20,gender,mlp_h16,0.001,0.0,0.70263,0.5354,1836
23,20,gender,mlp_h32,0.001,0.0,0.69601,0.52887,1836
23,20,gender,mlp_h64,0.001,0.0,0.70024,0.53976,1836
23,20,gender,mlp_h128,0.001,0.0,0.69908,0.5463,1836
23,20,gender,attention,0.0001,1e-05,0.73112,0.46875,1836
23,20,gender,shuffled,0.01,0.0001,0.88682,0.49837,1836
23,20,star_sign,ema_lr1e-3,0.001,0.0001,3.18384,0.06917,1836
23,20,star_sign,ema_lr5e-3,0.005,0.0001,2.94068,0.1122,1836
23,20,star_sign,ema_lr1e-2,0.01,0.0001,2.80668,0.15196,1836
23,20,star_sign,ema_lr5e-2,0.05,0.0001,1.96685,0.36928,1836
23,20,star_sign,ema_lr1e-2_wd1e-3,0.01,0.001,2.92059,0.09096,1836
23,20,star_sign,ema_d0.99,0.01,0.0001,2.91049,0.1024,1836
23,20,star_sign,ema_d0.9999,0.01,0.0001,2.94027,0.10458,1836
23,20,star_sign,mlp_h16,0.001,0.0,0.62646,1.0,1836
23,20,star_sign,mlp_h32,0.001,0.0,0.44003,1.0,1836
23,20,star_sign,mlp_h64,0.001,0.0,0.14713,1.0,1836
23,20,star_sign,mlp_h128,0.001,0.0,0.01911,1.0,1836
23,20,star_sign,attention,0.0001,1e-05,0.0,1.0,1836
23,20,star_sign,shuffled,0.01,0.0001,2.86402,0.12146,1836
23,24,age_bin,ema_lr1e-3,0.001,0.0001,1.61406,0.33497,1836
23,24,age_bin,ema_lr5e-3,0.005,0.0001,1.56009,0.33115,1836
23,24,age_bin,ema_lr1e-2,0.01,0.0001,1.34802,0.36928,1836
23,24,age_bin,ema_lr5e-2,0.05,0.0001,1.21035,0.41176,1836
23,24,age_bin,ema_lr1e-2_wd1e-3,0.01,0.001,1.40381,0.34041,1836
23,24,age_bin,ema_d0.99,0.01,0.0001,1.37724,0.34967,1836
23,24,age_bin,ema_d0.9999,0.01,0.0001,1.4363,0.36329,1836
23,24,age_bin,mlp_h16,0.001,0.0,1.0614,0.42048,1836
23,24,age_bin,mlp_h32,0.001,0.0,1.04206,0.48911,1836
23,24,age_bin,mlp_h64,0.001,0.0,1.03714,0.50436,1836
23,24,age_bin,mlp_h128,0.001,0.0,1.04636,0.48366,1836
23,24,age_bin,attention,0.0001,1e-05,2.62798,0.46094,1836
23,24,age_bin,shuffled,0.01,0.0001,1.38017,0.34205,1836
23,24,gender,ema_lr1e-3,0.001,0.0001,0.92489,0.54521,1836
23,24,gender,ema_lr5e-3,0.005,0.0001,1.07367,0.46514,1836
23,24,gender,ema_lr1e-2,0.01,0.0001,0.9224,0.50545,1836
23,24,gender,ema_lr5e-2,0.05,0.0001,0.8027,0.54357,1836
23,24,gender,ema_lr1e-2_wd1e-3,0.01,0.001,0.89482,0.51307,1836
23,24,gender,ema_d0.99,0.01,0.0001,0.9128,0.51906,1836
23,24,gender,ema_d0.9999,0.01,0.0001,0.95898,0.48911,1836
23,24,gender,mlp_h16,0.001,0.0,0.69973,0.52505,1836
23,24,gender,mlp_h32,0.001,0.0,0.70373,0.54357,1836
23,24,gender,mlp_h64,0.001,0.0,0.69431,0.54739,1836
23,24,gender,mlp_h128,0.001,0.0,0.70232,0.53758,1836
23,24,gender,attention,0.0001,1e-05,1.4709,0.50781,1836
23,24,gender,shuffled,0.01,0.0001,0.89243,0.49728,1836
23,24,star_sign,ema_lr1e-3,0.001,0.0001,3.30239,0.08715,1836
23,24,star_sign,ema_lr5e-3,0.005,0.0001,3.1324,0.08824,1836
23,24,star_sign,ema_lr1e-2,0.01,0.0001,2.89182,0.13508,1836
23,24,star_sign,ema_lr5e-2,0.05,0.0001,1.97584,0.37963,1836
23,24,star_sign,ema_lr1e-2_wd1e-3,0.01,0.001,2.84987,0.11057,1836
23,24,star_sign,ema_d0.99,0.01,0.0001,3.00949,0.1024,1836
23,24,star_sign,ema_d0.9999,0.01,0.0001,3.10418,0.10349,1836
23,24,star_sign,mlp_h16,0.001,0.0,2.22113,0.20697,1836
23,24,star_sign,mlp_h32,0.001,0.0,0.96555,0.98856,1836
23,24,star_sign,mlp_h64,0.001,0.0,0.28012,1.0,1836
23,24,star_sign,mlp_h128,0.001,0.0,0.09229,1.0,1836
23,24,star_sign,attention,0.0001,1e-05,0.0,1.0,1836
23,24,star_sign,shuffled,0.01,0.0001,2.95515,0.09749,1836
24,0,age_bin,ema_lr1e-3,0.001,0.0001,1.55025,0.33718,1904
24,0,age_bin,ema_lr5e-3,0.005,0.0001,1.51599,0.30725,1904
24,0,age_bin,ema_lr1e-2,0.01,0.0001,1.38564,0.33929,1904
24,0,age_bin,ema_lr5e-2,0.05,0.0001,1.23357,0.40914,1904
24,0,age_bin,ema_lr1e-2_wd1e-3,0.01,0.001,1.38403,0.33036,1904
24,0,age_bin,ema_d0.99,0.01,0.0001,1.38827,0.33771,1904
24,0,age_bin,ema_d0.9999,0.01,0.0001,1.34557,0.36029,1904
24,0,age_bin,mlp_h16,0.001,0.0,1.03539,0.53834,1904
24,0,age_bin,mlp_h32,0.001,0.0,1.02831,0.53887,1904
24,0,age_bin,mlp_h64,0.001,0.0,1.03413,0.52731,1904
24,0,age_bin,mlp_h128,0.001,0.0,1.0465,0.50578,1904
24,0,age_bin,attention,0.0001,1e-05,1.08416,0.57031,1904
24,0,age_bin,shuffled,0.01,0.0001,1.39108,0.32826,1904
24,0,gender,ema_lr1e-3,0.001,0.0001,1.11023,0.47637,1904
24,0,gender,ema_lr5e-3,0.005,0.0001,0.91032,0.51786,1904
24,0,gender,ema_lr1e-2,0.01,0.0001,0.89914,0.50998,1904
24,0,gender,ema_lr5e-2,0.05,0.0001,0.82927,0.53151,1904
24,0,gender,ema_lr1e-2_wd1e-3,0.01,0.001,0.89952,0.51366,1904
24,0,gender,ema_d0.99,0.01,0.0001,0.91148,0.46586,1904
24,0,gender,ema_d0.9999,0.01,0.0001,0.8886,0.50735,1904
24,0,gender,mlp_h16,0.001,0.0,0.68331,0.55147,1904
24,0,gender,mlp_h32,0.001,0.0,0.68493,0.55725,1904
24,0,gender,mlp_h64,0.001,0.0,0.69729,0.52311,1904
24,0,gender,mlp_h128,0.001,0.0,0.68936,0.54464,1904
24,0,gender,attention,0.0001,1e-05,0.69112,0.59375,1904
24,0,gender,shuffled,0.01,0.0001,0.91287,0.50945,1904
24,0,star_sign,ema_lr1e-3,0.001,0.0001,3.20127,0.09559,1904
24,0,star_sign,ema_lr5e-3,0.005,0.0001,3.02392,0.11134,1904
24,0,star_sign,ema_lr1e-2,0.01,0.0001,2.88171,0.12132,1904
24,0,star_sign,ema_lr5e-2,0.05,0.0001,1.91264,0.52941,1904
24,0,star_sign,ema_lr1e-2_wd1e-3,0.01,0.001,2.83841,0.13655,1904
24,0,star_sign,ema_d0.99,0.01,0.0001,2.94334,0.14233,1904
24,0,star_sign,ema_d0.9999,0.01,0.0001,2.89375,0.12973,1904
24,0,star_sign,mlp_h16,0.001,0.0,0.93583,0.80515,1904
24,0,star_sign,mlp_h32,0.001,0.0,0.51013,1.0,1904
24,0,star_sign,mlp_h64,0.001,0.0,0.08937,1.0,1904
24,0,star_sign,mlp_h128,0.001,0.0,0.03812,1.0,1904
24,0,star_sign,attention,0.0001,1e-05,2.41087,1.0,1904
24,0,star_sign,shuffled,0.01,0.0001,2.88766,0.13393,1904
24,4,age_bin,ema_lr1e-3,0.001,0.0001,1.37312,0.33929,1904
24,4,age_bin,ema_lr5e-3,0.005,0.0001,1.27698,0.35557,1904
24,4,age_bin,ema_lr1e-2,0.01,0.0001,1.29578,0.33508,1904
24,4,age_bin,ema_lr5e-2,0.05,0.0001,1.90913,0.24895,1904
24,4,age_bin,ema_lr1e-2_wd1e-3,0.01,0.001,1.29595,0.34611,1904
24,4,age_bin,ema_d0.99,0.01,0.0001,1.28953,0.32773,1904
24,4,age_bin,ema_d0.9999,0.01,0.0001,1.30503,0.3666,1904
24,4,age_bin,mlp_h16,0.001,0.0,1.02086,0.54149,1904
24,4,age_bin,mlp_h32,0.001,0.0,1.03539,0.52153,1904
24,4,age_bin,mlp_h64,0.001,0.0,1.03816,0.53151,1904
24,4,age_bin,mlp_h128,0.001,0.0,1.04002,0.52048,1904
24,4,age_bin,attention,0.0001,1e-05,0.97256,0.57031,1904
24,4,age_bin,shuffled,0.01,0.0001,1.27291,0.34559,1904
24,4,gender,ema_lr1e-3,0.001,0.0001,0.85691,0.51418,1904
24,4,gender,ema_lr5e-3,0.005,0.0001,0.82796,0.51471,1904
24,4,gender,ema_lr1e-2,0.01,0.0001,0.82899,0.50788,1904
24,4,gender,ema_lr5e-2,0.05,0.0001,1.52312,0.37658,1904
24,4,gender,ema_lr1e-2_wd1e-3,0.01,0.001,0.81068,0.5063,1904
24,4,gender,ema_d0.99,0.01,0.0001,0.84649,0.48634,1904
24,4,gender,ema_d0.9999,0.01,0.0001,0.80524,0.51313,1904
24,4,gender,mlp_h16,0.001,0.0,0.70451,0.46166,1904
24,4,gender,mlp_h32,0.001,0.0,0.71165,0.45956,1904
24,4,gender,mlp_h64,0.001,0.0,0.67288,0.59716,1904
24,4,gender,mlp_h128,0.001,0.0,0.6705,0.60557,1904
24,4,gender,attention,0.0001,1e-05,2.19747,0.40625,1904
24,4,gender,shuffled,0.01,0.0001,0.80468,0.5084,1904
24,4,star_sign,ema_lr1e-3,0.001,0.0001,2.88115,0.07721,1904
24,4,star_sign,ema_lr5e-3,0.005,0.0001,2.76856,0.09034,1904
24,4,star_sign,ema_lr1e-2,0.01,0.0001,2.58806,0.1313,1904
24,4,star_sign,ema_lr5e-2,0.05,0.0001,1.8773,0.42174,1904
24,4,star_sign,ema_lr1e-2_wd1e-3,0.01,0.001,2.62494,0.12605,1904
24,4,star_sign,ema_d0.99,0.01,0.0001,2.57783,0.13078,1904
24,4,star_sign,ema_d0.9999,0.01,0.0001,2.57524,0.13866,1904
24,4,star_sign,mlp_h16,0.001,0.0,0.18336,0.9958,1904
24,4,star_sign,mlp_h32,0.001,0.0,0.04164,1.0,1904
24,4,star_sign,mlp_h64,0.001,0.0,0.02077,1.0,1904
24,4,star_sign,mlp_h128,0.001,0.0,0.00106,1.0,1904
24,4,star_sign,attention,0.0001,1e-05,1.2717,1.0,1904
24,4,star_sign,shuffled,0.01,0.0001,2.62948,0.11082,1904
24,8,age_bin,ema_lr1e-3,0.001,0.0001,1.39821,0.30935,1904
24,8,age_bin,ema_lr5e-3,0.005,0.0001,1.3475,0.34244,1904
24,8,age_bin,ema_lr1e-2,0.01,0.0001,1.37555,0.31618,1904
24,8,age_bin,ema_lr5e-2,0.05,0.0001,1.59993,0.27784,1904
24,8,age_bin,ema_lr1e-2_wd1e-3,0.01,0.001,1.36379,0.31145,1904
24,8,age_bin,ema_d0.99,0.01,0.0001,1.27986,0.33246,1904
24,8,age_bin,ema_d0.9999,0.01,0.0001,1.31712,0.33403,1904
24,8,age_bin,mlp_h16,0.001,0.0,1.02732,0.52836,1904
24,8,age_bin,mlp_h32,0.001,0.0,1.04007,0.48267,1904
24,8,age_bin,mlp_h64,0.001,0.0,1.04674,0.4958,1904
24,8,age_bin,mlp_h128,0.001,0.0,1.02615,0.51838,1904
24,8,age_bin,attention,0.0001,1e-05,1.02913,0.47656,1904
24,8,age_bin,shuffled,0.01,0.0001,1.27303,0.34086,1904
24,8,gender,ema_lr1e-3,0.001,0.0001,0.89455,0.48897,1904
24,8,gender,ema_lr5e-3,0.005,0.0001,0.84662,0.49947,1904
24,8,gender,ema_lr1e-2,0.01,0.0001,0.82211,0.49842,1904
24,8,gender,ema_lr5e-2,0.05,0.0001,1.40605,0.38183,1904
24,8,gender,ema_lr1e-2_wd1e-3,0.01,0.001,0.85871,0.48792,1904
24,8,gender,ema_d0.99,0.01,0.0001,0.80067,0.52468,1904
24,8,gender,ema_d0.9999,0.01,0.0001,0.80746,0.51786,1904
24,8,gender,mlp_h16,0.001,0.0,0.69298,0.53676,1904
24,8,gender,mlp_h32,0.001,0.0,0.69068,0.53676,1904
24,8,gender,mlp_h64,0.001,0.0,0.69639,0.51838,1904
24,8,gender,mlp_h128,0.001,0.0,0.64667,0.62973,1904
24,8,gender,attention,0.0001,1e-05,9.69669,0.40625,1904
24,8,gender,shuffled,0.01,0.0001,0.84715,0.49632,1904
24,8,star_sign,ema_lr1e-3,0.001,0.0001,2.8908,0.0646,1904
24,8,star_sign,ema_lr5e-3,0.005,0.0001,2.76368,0.1229,1904
24,8,star_sign,ema_lr1e-2,0.01,0.0001,2.6632,0.12185,1904
24,8,star_sign,ema_lr5e-2,0.05,0.0001,1.78806,0.47426,1904
24,8,star_sign,ema_lr1e-2_wd1e-3,0.01,0.001,2.64976,0.12132,1904
24,8,star_sign,ema_d0.99,0.01,0.0001,2.68487,0.11712,1904
24,8,star_sign,ema_d0.9999,0.01,0.0001,2.68025,0.11502,1904
24,8,star_sign,mlp_h16,0.001,0.0,1.73568,0.13603,1904
24,8,star_sign,mlp_h32,0.001,0.0,0.06053,1.0,1904
24,8,star_sign,mlp_h64,0.001,0.0,0.01141,1.0,1904
24,8,star_sign,mlp_h128,0.001,0.0,0.00085,1.0,1904
24,8,star_sign,attention,0.0001,1e-05,0.79688,1.0,1904
24,8,star_sign,shuffled,0.01,0.0001,2.63794,0.11922,1904
24,12,age_bin,ema_lr1e-3,0.001,0.0001,1.35783,0.34086,1904
24,12,age_bin,ema_lr5e-3,0.005,0.0001,1.29722,0.35609,1904
24,12,age_bin,ema_lr1e-2,0.01,0.0001,1.29344,0.34611,1904
24,12,age_bin,ema_lr5e-2,0.05,0.0001,1.79014,0.28887,1904
24,12,age_bin,ema_lr1e-2_wd1e-3,0.01,0.001,1.28943,0.35347,1904
24,12,age_bin,ema_d0.99,0.01,0.0001,1.26312,0.36397,1904
24,12,age_bin,ema_d0.9999,0.01,0.0001,1.2995,0.33298,1904
24,12,age_bin,mlp_h16,0.001,0.0,1.02766,0.54097,1904
24,12,age_bin,mlp_h32,0.001,0.0,1.00649,0.54517,1904
24,12,age_bin,mlp_h64,0.001,0.0,1.0495,0.50315,1904
24,12,age_bin,mlp_h128,0.001,0.0,1.04267,0.50893,1904
24,12,age_bin,attention,0.0001,1e-05,1.15167,0.28906,1904
24,12,age_bin,shuffled,0.01,0.0001,1.31846,0.32773,1904
24,12,gender,ema_lr1e-3,0.001,0.0001,0.8828,0.49265,1904
24,12,gender,ema_lr5e-3,0.005,0.0001,0.83928,0.5084,1904
24,12,gender,ema_lr1e-2,0.01,0.0001,0.83083,0.50578,1904
24,12,gender,ema_lr5e-2,0.05,0.0001,1.41987,0.39233,1904
24,12,gender,ema_lr1e-2_wd1e-3,0.01,0.001,0.81728,0.51996,1904
24,12,gender,ema_d0.99,0.01,0.0001,0.80316,0.52363,1904
24,12,gender,ema_d0.9999,0.01,0.0001,0.79462,0.53519,1904
24,12,gender,mlp_h16,0.001,0.0,0.69859,0.52153,1904
24,12,gender,mlp_h32,0.001,0.0,0.69623,0.52521,1904
24,12,gender,mlp_h64,0.001,0.0,0.69523,0.53834,1904
24,12,gender,mlp_h128,0.001,0.0,0.70451,0.51891,1904
24,12,gender,attention,0.0001,1e-05,0.69083,0.55469,1904
24,12,gender,shuffled,0.01,0.0001,0.82742,0.51628,1904
24,12,star_sign,ema_lr1e-3,0.001,0.0001,2.99751,0.0583,1904
24,12,star_sign,ema_lr5e-3,0.005,0.0001,2.75168,0.11765,1904
24,12,star_sign,ema_lr1e-2,0.01,0.0001,2.6454,0.13603,1904
24,12,star_sign,ema_lr5e-2,0.05,0.0001,1.96855,0.73424,1904
24,12,star_sign,ema_lr1e-2_wd1e-3,0.01,0.001,2.63934,0.10557,1904
24,12,star_sign,ema_d0.99,0.01,0.0001,2.6453,0.09559,1904
24,12,star_sign,ema_d0.9999,0.01,0.0001,2.6035,0.14863,1904
24,12,star_sign,mlp_h16,0.001,0.0,0.19936,1.0,1904
24,12,star_sign,mlp_h32,0.001,0.0,0.05533,1.0,1904
24,12,star_sign,mlp_h64,0.001,0.0,0.00651,1.0,1904
24,12,star_sign,mlp_h128,0.001,0.0,0.00092,1.0,1904
24,12,star_sign,attention,0.0001,1e-05,0.0,1.0,1904
24,12,star_sign,shuffled,0.01,0.0001,2.62435,0.14706,1904
24,16,age_bin,ema_lr1e-3,0.001,0.0001,1.39561,0.34401,1904
24,16,age_bin,ema_lr5e-3,0.005,0.0001,1.35627,0.35924,1904
24,16,age_bin,ema_lr1e-2,0.01,0.0001,1.36052,0.34821,1904
24,16,age_bin,ema_lr5e-2,0.05,0.0001,1.59415,0.31355,1904
24,16,age_bin,ema_lr1e-2_wd1e-3,0.01,0.001,1.28834,0.3771,1904
24,16,age_bin,ema_d0.99,0.01,0.0001,1.30845,0.35452,1904
24,16,age_bin,ema_d0.9999,0.01,0.0001,1.26619,0.36922,1904
24,16,age_bin,mlp_h16,0.001,0.0,1.00421,0.55882,1904
24,16,age_bin,mlp_h32,0.001,0.0,1.0169,0.50998,1904
24,16,age_bin,mlp_h64,0.001,0.0,1.01423,0.51628,1904
24,16,age_bin,mlp_h128,0.001,0.0,1.01484,0.51471,1904
24,16,age_bin,attention,0.0001,1e-05,0.98179,0.57031,1904
24,16,age_bin,shuffled,0.01,0.0001,1.32279,0.34559,1904
24,16,gender,ema_lr1e-3,0.001,0.0001,0.93337,0.50735,1904
24,16,gender,ema_lr5e-3,0.005,0.0001,0.94428,0.46481,1904
24,16,gender,ema_lr1e-2,0.01,0.0001,0.86999,0.49002,1904
24,16,gender,ema_lr5e-2,0.05,0.0001,1.20563,0.44223,1904
24,16,gender,ema_lr1e-2_wd1e-3,0.01,0.001,0.8712,0.49632,1904
24,16,gender,ema_d0.99,0.01,0.0001,0.81529,0.52574,1904
24,16,gender,ema_d0.9999,0.01,0.0001,0.8303,0.51418,1904
24,16,gender,mlp_h16,0.001,0.0,0.69791,0.53624,1904
24,16,gender,mlp_h32,0.001,0.0,0.68944,0.55935,1904
24,16,gender,mlp_h64,0.001,0.0,0.69019,0.56618,1904
24,16,gender,mlp_h128,0.001,0.0,0.69491,0.55777,1904
24,16,gender,attention,0.0001,1e-05,4.92244,0.59375,1904
24,16,gender,shuffled,0.01,0.0001,0.81915,0.50368,1904
24,16,star_sign,ema_lr1e-3,0.001,0.0001,3.00399,0.07405,1904
24,16,star_sign,ema_lr5e-3,0.005,0.0001,2.85064,0.1208,1904
24,16,star_sign,ema_lr1e-2,0.01,0.0001,2.64306,0.12815,1904
24,16,star_sign,ema_lr5e-2,0.05,0.0001,1.86294,0.42595,1904
24,16,star_sign,ema_lr1e-2_wd1e-3,0.01,0.001,2.68678,0.10609,1904
24,16,star_sign,ema_d0.99,0.01,0.0001,2.67423,0.12237,1904
24,16,star_sign,ema_d0.9999,0.01,0.0001,2.68617,0.1313,1904
24,16,star_sign,mlp_h16,0.001,0.0,1.58,0.16439,1904
24,16,star_sign,mlp_h32,0.001,0.0,0.0241,1.0,1904
24,16,star_sign,mlp_h64,0.001,0.0,0.01467,1.0,1904
24,16,star_sign,mlp_h128,0.001,0.0,0.00474,1.0,1904
24,16,star_sign,attention,0.0001,1e-05,0.19668,1.0,1904
24,16,star_sign,shuffled,0.01,0.0001,2.67446,0.14338,1904
24,20,age_bin,ema_lr1e-3,0.001,0.0001,1.57536,0.33246,1904
24,20,age_bin,ema_lr5e-3,0.005,0.0001,1.48585,0.32563,1904
24,20,age_bin,ema_lr1e-2,0.01,0.0001,1.42869,0.31513,1904
24,20,age_bin,ema_lr5e-2,0.05,0.0001,1.20794,0.39338,1904
24,20,age_bin,ema_lr1e-2_wd1e-3,0.01,0.001,1.42574,0.32353,1904
24,20,age_bin,ema_d0.99,0.01,0.0001,1.34999,0.36555,1904
24,20,age_bin,ema_d0.9999,0.01,0.0001,1.41052,0.32458,1904
24,20,age_bin,mlp_h16,0.001,0.0,1.00432,0.54884,1904
24,20,age_bin,mlp_h32,0.001,0.0,0.99514,0.53992,1904
24,20,age_bin,mlp_h64,0.001,0.0,1.00713,0.52416,1904
24,20,age_bin,mlp_h128,0.001,0.0,1.00296,0.52941,1904
24,20,age_bin,attention,0.0001,1e-05,16.4795,0.57031,1904
24,20,age_bin,shuffled,0.01,0.0001,1.37513,0.33508,1904
24,20,gender,ema_lr1e-3,0.001,0.0001,0.99473,0.49055,1904
24,20,gender,ema_lr5e-3,0.005,0.0001,0.93591,0.49737,1904
24,20,gender,ema_lr1e-2,0.01,0.0001,0.91217,0.4916,1904
24,20,gender,ema_lr5e-2,0.05,0.0001,0.94639,0.48162,1904
24,20,gender,ema_lr1e-2_wd1e-3,0.01,0.001,0.89369,0.50893,1904
24,20,gender,ema_d0.99,0.01,0.0001,0.96924,0.46586,1904
24,20,gender,ema_d0.9999,0.01,0.0001,0.93403,0.5,1904
24,20,gender,mlp_h16,0.001,0.0,0.67019,0.59139,1904
24,20,gender,mlp_h32,0.001,0.0,0.66281,0.61292,1904
24,20,gender,mlp_h64,0.001,0.0,0.68006,0.57668,1904
24,20,gender,mlp_h128,0.001,0.0,0.69047,0.55725,1904
24,20,gender,attention,0.0001,1e-05,0.73868,0.48438,1904
24,20,gender,shuffled,0.01,0.0001,0.91086,0.50525,1904
24,20,star_sign,ema_lr1e-3,0.001,0.0001,3.10359,0.08876,1904
24,20,star_sign,ema_lr5e-3,0.005,0.0001,2.96191,0.11607,1904
24,20,star_sign,ema_lr1e-2,0.01,0.0001,2.82869,0.13971,1904
24,20,star_sign,ema_lr5e-2,0.05,0.0001,1.90164,0.41229,1904
24,20,star_sign,ema_lr1e-2_wd1e-3,0.01,0.001,2.82517,0.10662,1904
24,20,star_sign,ema_d0.99,0.01,0.0001,2.74513,0.12395,1904
24,20,star_sign,ema_d0.9999,0.01,0.0001,2.83182,0.1292,1904
24,20,star_sign,mlp_h16,0.001,0.0,0.56452,0.99842,1904
24,20,star_sign,mlp_h32,0.001,0.0,0.38792,1.0,1904
24,20,star_sign,mlp_h64,0.001,0.0,0.11754,1.0,1904
24,20,star_sign,mlp_h128,0.001,0.0,0.0146,1.0,1904
24,20,star_sign,attention,0.0001,1e-05,0.0,1.0,1904
24,20,star_sign,shuffled,0.01,0.0001,2.78186,0.13288,1904
24,24,age_bin,ema_lr1e-3,0.001,0.0001,1.66772,0.31985,1904
24,24,age_bin,ema_lr5e-3,0.005,0.0001,1.44446,0.34821,1904
24,24,age_bin,ema_lr1e-2,0.01,0.0001,1.38572,0.36029,1904
24,24,age_bin,ema_lr5e-2,0.05,0.0001,1.23419,0.41492,1904
24,24,age_bin,ema_lr1e-2_wd1e-3,0.01,0.001,1.40354,0.35662,1904
24,24,age_bin,ema_d0.99,0.01,0.0001,1.4205,0.33561,1904
24,24,age_bin,ema_d0.9999,0.01,0.0001,1.44511,0.35557,1904
24,24,age_bin,mlp_h16,0.001,0.0,1.02973,0.47374,1904
24,24,age_bin,mlp_h32,0.001,0.0,0.99968,0.5688,1904
24,24,age_bin,mlp_h64,0.001,0.0,0.96474,0.58456,1904
24,24,age_bin,mlp_h128,0.001,0.0,0.98281,0.57143,1904
24,24,age_bin,attention,0.0001,1e-05,2.52309,0.45312,1904
24,24,age_bin,shuffled,0.01,0.0001,1.40749,0.34139,1904
24,24,gender,ema_lr1e-3,0.001,0.0001,0.97528,0.51996,1904
24,24,gender,ema_lr5e-3,0.005,0.0001,0.90443,0.52048,1904
24,24,gender,ema_lr1e-2,0.01,0.0001,0.95244,0.47952,1904
24,24,gender,ema_lr5e-2,0.05,0.0001,0.76218,0.54674,1904
24,24,gender,ema_lr1e-2_wd1e-3,0.01,0.001,0.86673,0.54202,1904
24,24,gender,ema_d0.99,0.01,0.0001,0.88534,0.53834,1904
24,24,gender,ema_d0.9999,0.01,0.0001,0.91713,0.5084,1904
24,24,gender,mlp_h16,0.001,0.0,0.65578,0.60977,1904
24,24,gender,mlp_h32,0.001,0.0,0.65605,0.60242,1904
24,24,gender,mlp_h64,0.001,0.0,0.65614,0.61292,1904
24,24,gender,mlp_h128,0.001,0.0,0.66525,0.58613,1904
24,24,gender,attention,0.0001,1e-05,1.73874,0.46875,1904
24,24,gender,shuffled,0.01,0.0001,0.88568,0.49107,1904
24,24,star_sign,ema_lr1e-3,0.001,0.0001,3.29573,0.07931,1904
24,24,star_sign,ema_lr5e-3,0.005,0.0001,3.17505,0.08508,1904
24,24,star_sign,ema_lr1e-2,0.01,0.0001,2.95812,0.12763,1904
24,24,star_sign,ema_lr5e-2,0.05,0.0001,1.94758,0.39811,1904
24,24,star_sign,ema_lr1e-2_wd1e-3,0.01,0.001,2.95417,0.10399,1904
24,24,star_sign,ema_d0.99,0.01,0.0001,2.9165,0.13183,1904
24,24,star_sign,ema_d0.9999,0.01,0.0001,2.90691,0.1271,1904
24,24,star_sign,mlp_h16,0.001,0.0,2.19331,0.24002,1904
24,24,star_sign,mlp_h32,0.001,0.0,0.93913,0.99527,1904
24,24,star_sign,mlp_h64,0.001,0.0,0.24126,1.0,1904
24,24,star_sign,mlp_h128,0.001,0.0,0.07671,1.0,1904
24,24,star_sign,attention,0.0001,1e-05,0.00124,1.0,1904
24,24,star_sign,shuffled,0.01,0.0001,2.8737,0.11555,1904
25,0,age_bin,ema_lr1e-3,0.001,0.0001,1.52287,0.33924,2031
25,0,age_bin,ema_lr5e-3,0.005,0.0001,1.46453,0.33678,2031
25,0,age_bin,ema_lr1e-2,0.01,0.0001,1.42253,0.32742,2031
25,0,age_bin,ema_lr5e-2,0.05,0.0001,1.24758,0.3998,2031
25,0,age_bin,ema_lr1e-2_wd1e-3,0.01,0.001,1.39359,0.34515,2031
25,0,age_bin,ema_d0.99,0.01,0.0001,1.3897,0.35992,2031
25,0,age_bin,ema_d0.9999,0.01,0.0001,1.39755,0.34515,2031
25,0,age_bin,mlp_h16,0.001,0.0,1.08524,0.46184,2031
25,0,age_bin,mlp_h32,0.001,0.0,1.08115,0.45938,2031
25,0,age_bin,mlp_h64,0.001,0.0,1.08545,0.45544,2031
25,0,age_bin,mlp_h128,0.001,0.0,1.09008,0.45347,2031
25,0,age_bin,attention,0.0001,1e-05,1.08483,0.55469,2031
25,0,age_bin,shuffled,0.01,0.0001,1.3923,0.32939,2031
25,0,gender,ema_lr1e-3,0.001,0.0001,1.06495,0.49926,2031
25,0,gender,ema_lr5e-3,0.005,0.0001,0.93148,0.50222,2031
25,0,gender,ema_lr1e-2,0.01,0.0001,0.90361,0.51896,2031
25,0,gender,ema_lr5e-2,0.05,0.0001,0.84433,0.49138,2031
25,0,gender,ema_lr1e-2_wd1e-3,0.01,0.001,0.87903,0.51009,2031
25,0,gender,ema_d0.99,0.01,0.0001,0.92262,0.4968,2031
25,0,gender,ema_d0.9999,0.01,0.0001,0.8947,0.51009,2031
25,0,gender,mlp_h16,0.001,0.0,0.69216,0.53668,2031
25,0,gender,mlp_h32,0.001,0.0,0.69063,0.53471,2031
25,0,gender,mlp_h64,0.001,0.0,0.69439,0.53225,2031
25,0,gender,mlp_h128,0.001,0.0,0.70039,0.52782,2031
25,0,gender,attention,0.0001,1e-05,0.69373,0.47656,2031
25,0,gender,shuffled,0.01,0.0001,0.92762,0.49138,2031
25,0,star_sign,ema_lr1e-3,0.001,0.0001,3.2282,0.08567,2031
25,0,star_sign,ema_lr5e-3,0.005,0.0001,3.01648,0.12752,2031
25,0,star_sign,ema_lr1e-2,0.01,0.0001,2.87267,0.13589,2031
25,0,star_sign,ema_lr5e-2,0.05,0.0001,1.89299,0.53323,2031
25,0,star_sign,ema_lr1e-2_wd1e-3,0.01,0.001,2.83125,0.1354,2031
25,0,star_sign,ema_d0.99,0.01,0.0001,2.94033,0.13146,2031
25,0,star_sign,ema_d0.9999,0.01,0.0001,2.8369,0.13983,2031
25,0,star_sign,mlp_h16,0.001,0.0,0.88547,0.81438,2031
25,0,star_sign,mlp_h32,0.001,0.0,0.47272,0.99902,2031
25,0,star_sign,mlp_h64,0.001,0.0,0.08438,1.0,2031
25,0,star_sign,mlp_h128,0.001,0.0,0.03635,1.0,2031
25,0,star_sign,attention,0.0001,1e-05,2.40817,1.0,2031
25,0,star_sign,shuffled,0.01,0.0001,2.85083,0.15903,2031
25,4,age_bin,ema_lr1e-3,0.001,0.0001,1.37503,0.31856,2031
25,4,age_bin,ema_lr5e-3,0.005,0.0001,1.28276,0.33727,2031
25,4,age_bin,ema_lr1e-2,0.01,0.0001,1.29043,0.32989,2031
25,4,age_bin,ema_lr5e-2,0.05,0.0001,1.67763,0.42935,2031
25,4,age_bin,ema_lr1e-2_wd1e-3,0.01,0.001,1.26378,0.36189,2031
25,4,age_bin,ema_d0.99,0.01,0.0001,1.28213,0.34269,2031
25,4,age_bin,ema_d0.9999,0.01,0.0001,1.2991,0.34072,2031
25,4,age_bin,mlp_h16,0.001,0.0,1.09401,0.46332,2031
25,4,age_bin,mlp_h32,0.001,0.0,1.07915,0.45692,2031
25,4,age_bin,mlp_h64,0.001,0.0,1.07733,0.44461,2031
25,4,age_bin,mlp_h128,0.001,0.0,1.07469,0.45249,2031
25,4,age_bin,attention,0.0001,1e-05,0.98722,0.54688,2031
25,4,age_bin,shuffled,0.01,0.0001,1.25187,0.35451,2031
25,4,gender,ema_lr1e-3,0.001,0.0001,0.85645,0.49385,2031
25,4,gender,ema_lr5e-3,0.005,0.0001,0.8524,0.48597,2031
25,4,gender,ema_lr1e-2,0.01,0.0001,0.83399,0.51009,2031
25,4,gender,ema_lr5e-2,0.05,0.0001,1.61021,0.51994,2031
25,4,gender,ema_lr1e-2_wd1e-3,0.01,0.001,0.85502,0.50665,2031
25,4,gender,ema_d0.99,0.01,0.0001,0.81146,0.52142,2031
25,4,gender,ema_d0.9999,0.01,0.0001,0.81207,0.50369,2031
25,4,gender,mlp_h16,0.001,0.0,0.68814,0.54702,2031
25,4,gender,mlp_h32,0.001,0.0,0.68666,0.56228,2031
25,4,gender,mlp_h64,0.001,0.0,0.69121,0.5421,2031
25,4,gender,mlp_h128,0.001,0.0,0.69366,0.54161,2031
25,4,gender,attention,0.0001,1e-05,1.20467,0.53906,2031
25,4,gender,shuffled,0.01,0.0001,0.81905,0.50123,2031
25,4,star_sign,ema_lr1e-3,0.001,0.0001,2.82443,0.07139,2031
25,4,star_sign,ema_lr5e-3,0.005,0.0001,2.74078,0.10586,2031
25,4,star_sign,ema_lr1e-2,0.01,0.0001,2.59344,0.1487,2031
25,4,star_sign,ema_lr5e-2,0.05,0.0001,1.98717,0.82226,2031
25,4,star_sign,ema_lr1e-2_wd1e-3,0.01,0.001,2.61748,0.13343,2031
25,4,star_sign,ema_d0.99,0.01,0.0001,2.58656,0.12309,2031
25,4,star_sign,ema_d0.9999,0.01,0.0001,2.6071,0.129,2031
25,4,star_sign,mlp_h16,0.001,0.0,0.15875,1.0,2031
25,4,star_sign,mlp_h32,0.001,0.0,0.03464,1.0,2031
25,4,star_sign,mlp_h64,0.001,0.0,0.01721,1.0,2031
25,4,star_sign,mlp_h128,0.001,0.0,0.00088,1.0,2031
25,4,star_sign,attention,0.0001,1e-05,1.22618,1.0,2031
25,4,star_sign,shuffled,0.01,0.0001,2.57555,0.12703,2031
25,8,age_bin,ema_lr1e-3,0.001,0.0001,1.33443,0.33875,2031
25,8,age_bin,ema_lr5e-3,0.005,0.0001,1.35881,0.3417,2031
25,8,age_bin,ema_lr1e-2,0.01,0.0001,1.33474,0.33629,2031
25,8,age_bin,ema_lr5e-2,0.05,0.0001,1.35708,0.39193,2031
25,8,age_bin,ema_lr1e-2_wd1e-3,0.01,0.001,1.31583,0.34269,2031
25,8,age_bin,ema_d0.99,0.01,0.0001,1.31357,0.33629,2031
25,8,age_bin,ema_d0.9999,0.01,0.0001,1.26366,0.35992,2031
25,8,age_bin,mlp_h16,0.001,0.0,1.09852,0.45741,2031
25,8,age_bin,mlp_h32,0.001,0.0,1.08637,0.44412,2031
25,8,age_bin,mlp_h64,0.001,0.0,1.09149,0.43673,2031
25,8,age_bin,mlp_h128,0.001,0.0,1.0683,0.45593,2031
25,8,age_bin,attention,0.0001,1e-05,1.04155,0.49219,2031
25,8,age_bin,shuffled,0.01,0.0001,1.28552,0.32742,2031
25,8,gender,ema_lr1e-3,0.001,0.0001,0.87489,0.49286,2031
25,8,gender,ema_lr5e-3,0.005,0.0001,0.85891,0.50763,2031
25,8,gender,ema_lr1e-2,0.01,0.0001,0.80966,0.52191,2031
25,8,gender,ema_lr5e-2,0.05,0.0001,1.50124,0.52831,2031
25,8,gender,ema_lr1e-2_wd1e-3,0.01,0.001,0.8659,0.48794,2031
25,8,gender,ema_d0.99,0.01,0.0001,0.85529,0.49729,2031
25,8,gender,ema_d0.9999,0.01,0.0001,0.81251,0.51649,2031
25,8,gender,mlp_h16,0.001,0.0,0.68682,0.55145,2031
25,8,gender,mlp_h32,0.001,0.0,0.6862,0.55047,2031
25,8,gender,mlp_h64,0.001,0.0,0.68877,0.55736,2031
25,8,gender,mlp_h128,0.001,0.0,0.69862,0.53323,2031
25,8,gender,attention,0.0001,1e-05,5.27563,0.53906,2031
25,8,gender,shuffled,0.01,0.0001,0.82589,0.50566,2031
25,8,star_sign,ema_lr1e-3,0.001,0.0001,2.921,0.06302,2031
25,8,star_sign,ema_lr5e-3,0.005,0.0001,2.79211,0.10684,2031
25,8,star_sign,ema_lr1e-2,0.01,0.0001,2.64421,0.10931,2031
25,8,star_sign,ema_lr5e-2,0.05,0.0001,1.77682,0.46086,2031
25,8,star_sign,ema_lr1e-2_wd1e-3,0.01,0.001,2.60004,0.13934,2031
25,8,star_sign,ema_d0.99,0.01,0.0001,2.5725,0.14673,2031
25,8,star_sign,ema_d0.9999,0.01,0.0001,2.67052,0.11915,2031
25,8,star_sign,mlp_h16,0.001,0.0,1.69545,0.1418,2031
25,8,star_sign,mlp_h32,0.001,0.0,0.05113,1.0,2031
25,8,star_sign,mlp_h64,0.001,0.0,0.00948,1.0,2031
25,8,star_sign,mlp_h128,0.001,0.0,0.00071,1.0,2031
25,8,star_sign,attention,0.0001,1e-05,0.71593,1.0,2031
25,8,star_sign,shuffled,0.01,0.0001,2.61168,0.13048,2031
25,12,age_bin,ema_lr1e-3,0.001,0.0001,1.33412,0.34613,2031
25,12,age_bin,ema_lr5e-3,0.005,0.0001,1.31637,0.33826,2031
25,12,age_bin,ema_lr1e-2,0.01,0.0001,1.27528,0.34367,2031
25,12,age_bin,ema_lr5e-2,0.05,0.0001,1.77028,0.44609,2031
25,12,age_bin,ema_lr1e-2_wd1e-3,0.01,0.001,1.26668,0.36337,2031
25,12,age_bin,ema_d0.99,0.01,0.0001,1.29281,0.34367,2031
25,12,age_bin,ema_d0.9999,0.01,0.0001,1.3131,0.33629,2031
25,12,age_bin,mlp_h16,0.001,0.0,1.09579,0.46332,2031
25,12,age_bin,mlp_h32,0.001,0.0,1.064,0.46627,2031
25,12,age_bin,mlp_h64,0.001,0.0,1.08298,0.45741,2031
25,12,age_bin,mlp_h128,0.001,0.0,1.07753,0.4648,2031
25,12,age_bin,attention,0.0001,1e-05,1.15884,0.26562,2031
25,12,age_bin,shuffled,0.01,0.0001,1.29543,0.34318,2031
25,12,gender,ema_lr1e-3,0.001,0.0001,0.90469,0.484,2031
25,12,gender,ema_lr5e-3,0.005,0.0001,0.83651,0.51059,2031
25,12,gender,ema_lr1e-2,0.01,0.0001,0.84312,0.50615,2031
25,12,gender,ema_lr5e-2,0.05,0.0001,1.50216,0.5229,2031
25,12,gender,ema_lr1e-2_wd1e-3,0.01,0.001,0.83325,0.51108,2031
25,12,gender,ema_d0.99,0.01,0.0001,0.85449,0.4904,2031
25,12,gender,ema_d0.9999,0.01,0.0001,0.8137,0.52486,2031
25,12,gender,mlp_h16,0.001,0.0,0.6886,0.54998,2031
25,12,gender,mlp_h32,0.001,0.0,0.68791,0.54998,2031
25,12,gender,mlp_h64,0.001,0.0,0.68571,0.55884,2031
25,12,gender,mlp_h128,0.001,0.0,0.68264,0.5869,2031
25,12,gender,attention,0.0001,1e-05,0.69003,0.53906,2031
25,12,gender,shuffled,0.01,0.0001,0.83736,0.48449,2031
25,12,star_sign,ema_lr1e-3,0.001,0.0001,3.02595,0.05711,2031
25,12,star_sign,ema_lr5e-3,0.005,0.0001,2.75573,0.11374,2031
25,12,star_sign,ema_lr1e-2,0.01,0.0001,2.64922,0.13146,2031
25,12,star_sign,ema_lr5e-2,0.05,0.0001,1.77791,0.54161,2031
25,12,star_sign,ema_lr1e-2_wd1e-3,0.01,0.001,2.59368,0.12014,2031
25,12,star_sign,ema_d0.99,0.01,0.0001,2.6114,0.10684,2031
25,12,star_sign,ema_d0.9999,0.01,0.0001,2.62911,0.13934,2031
25,12,star_sign,mlp_h16,0.001,0.0,0.17098,1.0,2031
25,12,star_sign,mlp_h32,0.001,0.0,0.04772,1.0,2031
25,12,star_sign,mlp_h64,0.001,0.0,0.00552,1.0,2031
25,12,star_sign,mlp_h128,0.001,0.0,0.00085,1.0,2031
25,12,star_sign,attention,0.0001,1e-05,0.0,1.0,2031
25,12,star_sign,shuffled,0.01,0.0001,2.66027,0.1226,2031
25,16,age_bin,ema_lr1e-3,0.001,0.0001,1.36948,0.36681,2031
25,16,age_bin,ema_lr5e-3,0.005,0.0001,1.37282,0.34318,2031
25,16,age_bin,ema_lr1e-2,0.01,0.0001,1.34997,0.34958,2031
25,16,age_bin,ema_lr5e-2,0.05,0.0001,1.1444,0.42738,2031
25,16,age_bin,ema_lr1e-2_wd1e-3,0.01,0.001,1.32886,0.3417,2031
25,16,age_bin,ema_d0.99,0.01,0.0001,1.36512,0.32644,2031
25,16,age_bin,ema_d0.9999,0.01,0.0001,1.29499,0.34269,2031
25,16,age_bin,mlp_h16,0.001,0.0,1.05735,0.47907,2031
25,16,age_bin,mlp_h32,0.001,0.0,1.07408,0.44559,2031
25,16,age_bin,mlp_h64,0.001,0.0,1.07551,0.44953,2031
25,16,age_bin,mlp_h128,0.001,0.0,1.0703,0.4648,2031
25,16,age_bin,attention,0.0001,1e-05,1.02274,0.55469,2031
25,16,age_bin,shuffled,0.01,0.0001,1.34513,0.32841,2031
25,16,gender,ema_lr1e-3,0.001,0.0001,0.87373,0.5224,2031
25,16,gender,ema_lr5e-3,0.005,0.0001,0.86343,0.5229,2031
25,16,gender,ema_lr1e-2,0.01,0.0001,0.80726,0.5288,2031
25,16,gender,ema_lr5e-2,0.05,0.0001,1.34675,0.53274,2031
25,16,gender,ema_lr1e-2_wd1e-3,0.01,0.001,0.83616,0.5229,2031
25,16,gender,ema_d0.99,0.01,0.0001,0.79604,0.5357,2031
25,16,gender,ema_d0.9999,0.01,0.0001,0.82802,0.51009,2031
25,16,gender,mlp_h16,0.001,0.0,0.68659,0.5421,2031
25,16,gender,mlp_h32,0.001,0.0,0.68393,0.54702,2031
25,16,gender,mlp_h64,0.001,0.0,0.68668,0.54998,2031
25,16,gender,mlp_h128,0.001,0.0,0.68376,0.54308,2031
25,16,gender,attention,0.0001,1e-05,6.16175,0.46094,2031
25,16,gender,shuffled,0.01,0.0001,0.82865,0.50714,2031
25,16,star_sign,ema_lr1e-3,0.001,0.0001,2.94003,0.0773,2031
25,16,star_sign,ema_lr5e-3,0.005,0.0001,2.83873,0.12112,2031
25,16,star_sign,ema_lr1e-2,0.01,0.0001,2.70972,0.11275,2031
25,16,star_sign,ema_lr5e-2,0.05,0.0001,1.83412,0.44855,2031
25,16,star_sign,ema_lr1e-2_wd1e-3,0.01,0.001,2.70857,0.10143,2031
25,16,star_sign,ema_d0.99,0.01,0.0001,2.68319,0.11915,2031
25,16,star_sign,ema_d0.9999,0.01,0.0001,2.71499,0.11669,2031
25,16,star_sign,mlp_h16,0.001,0.0,1.53408,0.17578,2031
25,16,star_sign,mlp_h32,0.001,0.0,0.0183,1.0,2031
25,16,star_sign,mlp_h64,0.001,0.0,0.01169,1.0,2031
25,16,star_sign,mlp_h128,0.001,0.0,0.00367,1.0,2031
25,16,star_sign,attention,0.0001,1e-05,0.20265,1.0,2031
25,16,star_sign,shuffled,0.01,0.0001,2.71244,0.13392,2031
25,20,age_bin,ema_lr1e-3,0.001,0.0001,1.642,0.3289,2031
25,20,age_bin,ema_lr5e-3,0.005,0.0001,1.47104,0.33284,2031
25,20,age_bin,ema_lr1e-2,0.01,0.0001,1.43522,0.32496,2031
25,20,age_bin,ema_lr5e-2,0.05,0.0001,1.33486,0.35598,2031
25,20,age_bin,ema_lr1e-2_wd1e-3,0.01,0.001,1.43096,0.33087,2031
25,20,age_bin,ema_d0.99,0.01,0.0001,1.4087,0.34121,2031
25,20,age_bin,ema_d0.9999,0.01,0.0001,1.33755,0.37174,2031
25,20,age_bin,mlp_h16,0.001,0.0,1.07873,0.46824,2031
25,20,age_bin,mlp_h32,0.001,0.0,1.06296,0.46381,2031
25,20,age_bin,mlp_h64,0.001,0.0,1.03725,0.48006,2031
25,20,age_bin,mlp_h128,0.001,0.0,1.04154,0.49975,2031
25,20,age_bin,attention,0.0001,1e-05,14.09759,0.55469,2031
25,20,age_bin,shuffled,0.01,0.0001,1.38568,0.35401,2031
25,20,gender,ema_lr1e-3,0.001,0.0001,0.99014,0.49975,2031
25,20,gender,ema_lr5e-3,0.005,0.0001,0.94759,0.48695,2031
25,20,gender,ema_lr1e-2,0.01,0.0001,0.89156,0.51108,2031
25,20,gender,ema_lr5e-2,0.05,0.0001,1.0381,0.52191,2031
25,20,gender,ema_lr1e-2_wd1e-3,0.01,0.001,0.96005,0.45101,2031
25,20,gender,ema_d0.99,0.01,0.0001,0.93728,0.50025,2031
25,20,gender,ema_d0.9999,0.01,0.0001,0.94177,0.49877,2031
25,20,gender,mlp_h16,0.001,0.0,0.68302,0.55687,2031
25,20,gender,mlp_h32,0.001,0.0,0.67774,0.56524,2031
25,20,gender,mlp_h64,0.001,0.0,0.68395,0.56819,2031
25,20,gender,mlp_h128,0.001,0.0,0.68412,0.55244,2031
25,20,gender,attention,0.0001,1e-05,0.71541,0.55469,2031
25,20,gender,shuffled,0.01,0.0001,0.92293,0.49089,2031
25,20,star_sign,ema_lr1e-3,0.001,0.0001,3.19133,0.08469,2031
25,20,star_sign,ema_lr5e-3,0.005,0.0001,3.00532,0.1098,2031
25,20,star_sign,ema_lr1e-2,0.01,0.0001,2.74821,0.14968,2031
25,20,star_sign,ema_lr5e-2,0.05,0.0001,1.9232,0.39783,2031
25,20,star_sign,ema_lr1e-2_wd1e-3,0.01,0.001,2.81184,0.12506,2031
25,20,star_sign,ema_d0.99,0.01,0.0001,2.74982,0.12949,2031
25,20,star_sign,ema_d0.9999,0.01,0.0001,2.78003,0.14722,2031
25,20,star_sign,mlp_h16,0.001,0.0,0.51644,1.0,2031
25,20,star_sign,mlp_h32,0.001,0.0,0.33002,1.0,2031
25,20,star_sign,mlp_h64,0.001,0.0,0.09729,1.0,2031
25,20,star_sign,mlp_h128,0.001,0.0,0.01264,1.0,2031
25,20,star_sign,attention,0.0001,1e-05,0.0,1.0,2031
25,20,star_sign,shuffled,0.01,0.0001,2.90393,0.12703,2031
25,24,age_bin,ema_lr1e-3,0.001,0.0001,1.66285,0.31905,2031
25,24,age_bin,ema_lr5e-3,0.005,0.0001,1.56903,0.33481,2031
25,24,age_bin,ema_lr1e-2,0.01,0.0001,1.37194,0.38355,2031
25,24,age_bin,ema_lr5e-2,0.05,0.0001,1.20193,0.41605,2031
25,24,age_bin,ema_lr1e-2_wd1e-3,0.01,0.001,1.33731,0.4067,2031
25,24,age_bin,ema_d0.99,0.01,0.0001,1.32313,0.40276,2031
25,24,age_bin,ema_d0.9999,0.01,0.0001,1.42953,0.35647,2031
25,24,age_bin,mlp_h16,0.001,0.0,1.04345,0.46332,2031
25,24,age_bin,mlp_h32,0.001,0.0,1.02923,0.49778,2031
25,24,age_bin,mlp_h64,0.001,0.0,1.02708,0.5032,2031
25,24,age_bin,mlp_h128,0.001,0.0,1.03294,0.50025,2031
25,24,age_bin,attention,0.0001,1e-05,2.75991,0.45312,2031
25,24,age_bin,shuffled,0.01,0.0001,1.391,0.34909,2031
25,24,gender,ema_lr1e-3,0.001,0.0001,1.02826,0.49877,2031
25,24,gender,ema_lr5e-3,0.005,0.0001,0.92689,0.52733,2031
25,24,gender,ema_lr1e-2,0.01,0.0001,0.93945,0.51403,2031
25,24,gender,ema_lr5e-2,0.05,0.0001,0.82848,0.52437,2031
25,24,gender,ema_lr1e-2_wd1e-3,0.01,0.001,0.89394,0.54308,2031
25,24,gender,ema_d0.99,0.01,0.0001,0.89944,0.53619,2031
25,24,gender,ema_d0.9999,0.01,0.0001,0.91944,0.53127,2031
25,24,gender,mlp_h16,0.001,0.0,0.68845,0.54998,2031
25,24,gender,mlp_h32,0.001,0.0,0.68322,0.55785,2031
25,24,gender,mlp_h64,0.001,0.0,0.68022,0.56918,2031
25,24,gender,mlp_h128,0.001,0.0,0.6888,0.56327,2031
25,24,gender,attention,0.0001,1e-05,1.57952,0.51562,2031
25,24,gender,shuffled,0.01,0.0001,0.92212,0.48104,2031
25,24,star_sign,ema_lr1e-3,0.001,0.0001,3.45791,0.06942,2031
25,24,star_sign,ema_lr5e-3,0.005,0.0001,3.05421,0.1162,2031
25,24,star_sign,ema_lr1e-2,0.01,0.0001,2.94829,0.13392,2031
25,24,star_sign,ema_lr5e-2,0.05,0.0001,1.91036,0.40719,2031
25,24,star_sign,ema_lr1e-2_wd1e-3,0.01,0.001,3.00849,0.08666,2031
25,24,star_sign,ema_d0.99,0.01,0.0001,3.04043,0.12161,2031
25,24,star_sign,ema_d0.9999,0.01,0.0001,2.97769,0.1226,2031
25,24,star_sign,mlp_h16,0.001,0.0,2.20399,0.2191,2031
25,24,star_sign,mlp_h32,0.001,0.0,0.87946,0.99557,2031
25,24,star_sign,mlp_h64,0.001,0.0,0.21011,1.0,2031
25,24,star_sign,mlp_h128,0.001,0.0,0.06045,1.0,2031
25,24,star_sign,attention,0.0001,1e-05,4e-05,1.0,2031
25,24,star_sign,shuffled,0.01,0.0001,2.94649,0.09552,2031
26,0,age_bin,ema_lr1e-3,0.001,0.0001,1.52784,0.33268,2038
26,0,age_bin,ema_lr5e-3,0.005,0.0001,1.43835,0.34347,2038
26,0,age_bin,ema_lr1e-2,0.01,0.0001,1.37869,0.33219,2038
26,0,age_bin,ema_lr5e-2,0.05,0.0001,1.2233,0.36752,2038
26,0,age_bin,ema_lr1e-2_wd1e-3,0.01,0.001,1.41,0.33808,2038
26,0,age_bin,ema_d0.99,0.01,0.0001,1.37555,0.34838,2038
26,0,age_bin,ema_d0.9999,0.01,0.0001,1.38763,0.33464,2038
26,0,age_bin,mlp_h16,0.001,0.0,1.01998,0.5054,2038
26,0,age_bin,mlp_h32,0.001,0.0,1.02696,0.50736,2038
26,0,age_bin,mlp_h64,0.001,0.0,1.02555,0.51129,2038
26,0,age_bin,mlp_h128,0.001,0.0,1.02327,0.49804,2038
26,0,age_bin,attention,0.0001,1e-05,1.08636,0.49219,2038
26,0,age_bin,shuffled,0.01,0.0001,1.39113,0.33023,2038
26,0,gender,ema_lr1e-3,0.001,0.0001,1.03134,0.50736,2038
26,0,gender,ema_lr5e-3,0.005,0.0001,0.90426,0.5103,2038
26,0,gender,ema_lr1e-2,0.01,0.0001,0.93197,0.4789,2038
26,0,gender,ema_lr5e-2,0.05,0.0001,0.90428,0.48479,2038
26,0,gender,ema_lr1e-2_wd1e-3,0.01,0.001,0.89302,0.5,2038
26,0,gender,ema_d0.99,0.01,0.0001,0.8888,0.51276,2038
26,0,gender,ema_d0.9999,0.01,0.0001,0.91977,0.49804,2038
26,0,gender,mlp_h16,0.001,0.0,0.71061,0.45976,2038
26,0,gender,mlp_h32,0.001,0.0,0.71203,0.47939,2038
26,0,gender,mlp_h64,0.001,0.0,0.70676,0.48528,2038
26,0,gender,mlp_h128,0.001,0.0,0.72462,0.48871,2038
26,0,gender,attention,0.0001,1e-05,0.69592,0.38281,2038
26,0,gender,shuffled,0.01,0.0001,0.88796,0.49558,2038
26,0,star_sign,ema_lr1e-3,0.001,0.0001,3.27831,0.07605,2038
26,0,star_sign,ema_lr5e-3,0.005,0.0001,2.96301,0.11874,2038
26,0,star_sign,ema_lr1e-2,0.01,0.0001,2.87059,0.10942,2038
26,0,star_sign,ema_lr5e-2,0.05,0.0001,1.84694,0.52993,2038
26,0,star_sign,ema_lr1e-2_wd1e-3,0.01,0.001,2.8309,0.13297,2038
26,0,star_sign,ema_d0.99,0.01,0.0001,2.90693,0.11825,2038
26,0,star_sign,ema_d0.9999,0.01,0.0001,2.84699,0.1315,2038
26,0,star_sign,mlp_h16,0.001,0.0,0.81536,0.89352,2038
26,0,star_sign,mlp_h32,0.001,0.0,0.42494,1.0,2038
26,0,star_sign,mlp_h64,0.001,0.0,0.06935,1.0,2038
26,0,star_sign,mlp_h128,0.001,0.0,0.02782,1.0,2038
26,0,star_sign,attention,0.0001,1e-05,2.40282,1.0,2038
26,0,star_sign,shuffled,0.01,0.0001,2.84076,0.14671,2038
26,4,age_bin,ema_lr1e-3,0.001,0.0001,1.37884,0.33415,2038
26,4,age_bin,ema_lr5e-3,0.005,0.0001,1.3366,0.34249,2038
26,4,age_bin,ema_lr1e-2,0.01,0.0001,1.30775,0.3209,2038
26,4,age_bin,ema_lr5e-2,0.05,0.0001,1.63356,0.26349,2038
26,4,age_bin,ema_lr1e-2_wd1e-3,0.01,0.001,1.28221,0.32974,2038
26,4,age_bin,ema_d0.99,0.01,0.0001,1.31155,0.33464,2038
26,4,age_bin,ema_d0.9999,0.01,0.0001,1.31751,0.32532,2038
26,4,age_bin,mlp_h16,0.001,0.0,1.01693,0.5157,2038
26,4,age_bin,mlp_h32,0.001,0.0,1.01429,0.50932,2038
26,4,age_bin,mlp_h64,0.001,0.0,1.01495,0.51227,2038
26,4,age_bin,mlp_h128,0.001,0.0,1.01646,0.51865,2038
26,4,age_bin,attention,0.0001,1e-05,1.01144,0.49219,2038
26,4,age_bin,shuffled,0.01,0.0001,1.29207,0.33611,2038
26,4,gender,ema_lr1e-3,0.001,0.0001,0.83025,0.52306,2038
26,4,gender,ema_lr5e-3,0.005,0.0001,0.83848,0.49951,2038
26,4,gender,ema_lr1e-2,0.01,0.0001,0.84137,0.50638,2038
26,4,gender,ema_lr5e-2,0.05,0.0001,1.17835,0.55692,2038
26,4,gender,ema_lr1e-2_wd1e-3,0.01,0.001,0.81236,0.52159,2038
26,4,gender,ema_d0.99,0.01,0.0001,0.84828,0.48479,2038
26,4,gender,ema_d0.9999,0.01,0.0001,0.81685,0.50883,2038
26,4,gender,mlp_h16,0.001,0.0,0.69137,0.51914,2038
26,4,gender,mlp_h32,0.001,0.0,0.68953,0.54465,2038
26,4,gender,mlp_h64,0.001,0.0,0.7437,0.45731,2038
26,4,gender,mlp_h128,0.001,0.0,0.75465,0.44995,2038
26,4,gender,attention,0.0001,1e-05,0.71275,0.51562,2038
26,4,gender,shuffled,0.01,0.0001,0.80342,0.49264,2038
26,4,star_sign,ema_lr1e-3,0.001,0.0001,2.93175,0.04956,2038
26,4,star_sign,ema_lr5e-3,0.005,0.0001,2.72265,0.10746,2038
26,4,star_sign,ema_lr1e-2,0.01,0.0001,2.56991,0.14328,2038
26,4,star_sign,ema_lr5e-2,0.05,0.0001,1.81239,0.64377,2038
26,4,star_sign,ema_lr1e-2_wd1e-3,0.01,0.001,2.58833,0.14671,2038
26,4,star_sign,ema_d0.99,0.01,0.0001,2.58071,0.11874,2038
26,4,star_sign,ema_d0.9999,0.01,0.0001,2.62065,0.12512,2038
26,4,star_sign,mlp_h16,0.001,0.0,0.13926,1.0,2038
26,4,star_sign,mlp_h32,0.001,0.0,0.02883,1.0,2038
26,4,star_sign,mlp_h64,0.001,0.0,0.01484,1.0,2038
26,4,star_sign,mlp_h128,0.001,0.0,0.00078,1.0,2038
26,4,star_sign,attention,0.0001,1e-05,1.18556,1.0,2038
26,4,star_sign,shuffled,0.01,0.0001,2.62129,0.11874,2038
26,8,age_bin,ema_lr1e-3,0.001,0.0001,1.3506,0.33562,2038
26,8,age_bin,ema_lr5e-3,0.005,0.0001,1.35844,0.32728,2038
26,8,age_bin,ema_lr1e-2,0.01,0.0001,1.27014,0.36457,2038
26,8,age_bin,ema_lr5e-2,0.05,0.0001,1.75465,0.3263,2038
26,8,age_bin,ema_lr1e-2_wd1e-3,0.01,0.001,1.33666,0.32139,2038
26,8,age_bin,ema_d0.99,0.01,0.0001,1.27513,0.35378,2038
26,8,age_bin,ema_d0.9999,0.01,0.0001,1.28655,0.34985,2038
26,8,age_bin,mlp_h16,0.001,0.0,1.01024,0.51472,2038
26,8,age_bin,mlp_h32,0.001,0.0,1.01347,0.50883,2038
26,8,age_bin,mlp_h64,0.001,0.0,1.00626,0.50834,2038
26,8,age_bin,mlp_h128,0.001,0.0,1.00965,0.51521,2038
26,8,age_bin,attention,0.0001,1e-05,1.03397,0.46094,2038
26,8,age_bin,shuffled,0.01,0.0001,1.28762,0.3366,2038
26,8,gender,ema_lr1e-3,0.001,0.0001,0.85375,0.51963,2038
26,8,gender,ema_lr5e-3,0.005,0.0001,0.86358,0.48773,2038
26,8,gender,ema_lr1e-2,0.01,0.0001,0.83289,0.49117,2038
26,8,gender,ema_lr5e-2,0.05,0.0001,1.11741,0.5476,2038
26,8,gender,ema_lr1e-2_wd1e-3,0.01,0.001,0.83316,0.48675,2038
26,8,gender,ema_d0.99,0.01,0.0001,0.8537,0.4897,2038
26,8,gender,ema_d0.9999,0.01,0.0001,0.8189,0.49706,2038
26,8,gender,mlp_h16,0.001,0.0,0.68317,0.5422,2038
26,8,gender,mlp_h32,0.001,0.0,0.6941,0.52895,2038
26,8,gender,mlp_h64,0.001,0.0,0.69163,0.5368,2038
26,8,gender,mlp_h128,0.001,0.0,0.7477,0.46909,2038
26,8,gender,attention,0.0001,1e-05,2.53315,0.61719,2038
26,8,gender,shuffled,0.01,0.0001,0.83503,0.50687,2038
26,8,star_sign,ema_lr1e-3,0.001,0.0001,2.91693,0.05937,2038
26,8,star_sign,ema_lr5e-3,0.005,0.0001,2.76941,0.13101,2038
26,8,star_sign,ema_lr1e-2,0.01,0.0001,2.60903,0.1315,2038
26,8,star_sign,ema_lr5e-2,0.05,0.0001,1.85843,0.68744,2038
26,8,star_sign,ema_lr1e-2_wd1e-3,0.01,0.001,2.59958,0.13248,2038
26,8,star_sign,ema_d0.99,0.01,0.0001,2.54707,0.15947,2038
26,8,star_sign,ema_d0.9999,0.01,0.0001,2.63833,0.12463,2038
26,8,star_sign,mlp_h16,0.001,0.0,1.64045,0.15505,2038
26,8,star_sign,mlp_h32,0.001,0.0,0.04178,1.0,2038
26,8,star_sign,mlp_h64,0.001,0.0,0.00746,1.0,2038
26,8,star_sign,mlp_h128,0.001,0.0,0.00056,1.0,2038
26,8,star_sign,attention,0.0001,1e-05,0.72492,1.0,2038
26,8,star_sign,shuffled,0.01,0.0001,2.65545,0.12071,2038
26,12,age_bin,ema_lr1e-3,0.001,0.0001,1.36218,0.34593,2038
26,12,age_bin,ema_lr5e-3,0.005,0.0001,1.29189,0.34985,2038
26,12,age_bin,ema_lr1e-2,0.01,0.0001,1.31549,0.31894,2038
26,12,age_bin,ema_lr5e-2,0.05,0.0001,1.62408,0.33464,2038
26,12,age_bin,ema_lr1e-2_wd1e-3,0.01,0.001,1.25838,0.3631,2038
26,12,age_bin,ema_d0.99,0.01,0.0001,1.28745,0.3631,2038
26,12,age_bin,ema_d0.9999,0.01,0.0001,1.27389,0.35476,2038
26,12,age_bin,mlp_h16,0.001,0.0,1.01001,0.51521,2038
26,12,age_bin,mlp_h32,0.001,0.0,0.99883,0.51668,2038
26,12,age_bin,mlp_h64,0.001,0.0,1.00215,0.5157,2038
26,12,age_bin,mlp_h128,0.001,0.0,1.00912,0.51079,2038
26,12,age_bin,attention,0.0001,1e-05,1.12063,0.33594,2038
26,12,age_bin,shuffled,0.01,0.0001,1.33503,0.33121,2038
26,12,gender,ema_lr1e-3,0.001,0.0001,0.85267,0.51668,2038
26,12,gender,ema_lr5e-3,0.005,0.0001,0.83928,0.49607,2038
26,12,gender,ema_lr1e-2,0.01,0.0001,0.81355,0.51276,2038
26,12,gender,ema_lr5e-2,0.05,0.0001,1.11279,0.56771,2038
26,12,gender,ema_lr1e-2_wd1e-3,0.01,0.001,0.855,0.47547,2038
26,12,gender,ema_d0.99,0.01,0.0001,0.82126,0.52159,2038
26,12,gender,ema_d0.9999,0.01,0.0001,0.80427,0.51766,2038
26,12,gender,mlp_h16,0.001,0.0,0.68174,0.55692,2038
26,12,gender,mlp_h32,0.001,0.0,0.67885,0.56477,2038
26,12,gender,mlp_h64,0.001,0.0,0.69263,0.52257,2038
26,12,gender,mlp_h128,0.001,0.0,0.69871,0.52502,2038
26,12,gender,attention,0.0001,1e-05,0.6914,0.53906,2038
26,12,gender,shuffled,0.01,0.0001,0.8278,0.50883,2038
26,12,star_sign,ema_lr1e-3,0.001,0.0001,2.98443,0.06379,2038
26,12,star_sign,ema_lr5e-3,0.005,0.0001,2.77229,0.09176,2038
26,12,star_sign,ema_lr1e-2,0.01,0.0001,2.56874,0.13445,2038
26,12,star_sign,ema_lr5e-2,0.05,0.0001,1.74656,0.48479,2038
26,12,star_sign,ema_lr1e-2_wd1e-3,0.01,0.001,2.6184,0.13052,2038
26,12,star_sign,ema_d0.99,0.01,0.0001,2.59834,0.11874,2038
26,12,star_sign,ema_d0.9999,0.01,0.0001,2.66478,0.11531,2038
26,12,star_sign,mlp_h16,0.001,0.0,0.13993,1.0,2038
26,12,star_sign,mlp_h32,0.001,0.0,0.03876,1.0,2038
26,12,star_sign,mlp_h64,0.001,0.0,0.00412,1.0,2038
26,12,star_sign,mlp_h128,0.001,0.0,0.00064,1.0,2038
26,12,star_sign,attention,0.0001,1e-05,0.0,1.0,2038
26,12,star_sign,shuffled,0.01,0.0001,2.73293,0.1158,2038
26,16,age_bin,ema_lr1e-3,0.001,0.0001,1.42422,0.33955,2038
26,16,age_bin,ema_lr5e-3,0.005,0.0001,1.39309,0.34396,2038
26,16,age_bin,ema_lr1e-2,0.01,0.0001,1.35812,0.34298,2038
26,16,age_bin,ema_lr5e-2,0.05,0.0001,1.26585,0.36359,2038
26,16,age_bin,ema_lr1e-2_wd1e-3,0.01,0.001,1.32879,0.34789,2038
26,16,age_bin,ema_d0.99,0.01,0.0001,1.286,0.35918,2038
26,16,age_bin,ema_d0.9999,0.01,0.0001,1.28334,0.34446,2038
26,16,age_bin,mlp_h16,0.001,0.0,1.01228,0.50981,2038
26,16,age_bin,mlp_h32,0.001,0.0,1.00763,0.50883,2038
26,16,age_bin,mlp_h64,0.001,0.0,0.99674,0.51325,2038
26,16,age_bin,mlp_h128,0.001,0.0,1.00865,0.48871,2038
26,16,age_bin,attention,0.0001,1e-05,1.02439,0.51562,2038
26,16,age_bin,shuffled,0.01,0.0001,1.32554,0.34102,2038
26,16,gender,ema_lr1e-3,0.001,0.0001,0.92721,0.5,2038
26,16,gender,ema_lr5e-3,0.005,0.0001,0.8658,0.5054,2038
26,16,gender,ema_lr1e-2,0.01,0.0001,0.81535,0.52257,2038
26,16,gender,ema_lr5e-2,0.05,0.0001,1.00489,0.59225,2038
26,16,gender,ema_lr1e-2_wd1e-3,0.01,0.001,0.82011,0.51079,2038
26,16,gender,ema_d0.99,0.01,0.0001,0.84486,0.50589,2038
26,16,gender,ema_d0.9999,0.01,0.0001,0.8264,0.50736,2038
26,16,gender,mlp_h16,0.001,0.0,0.6751,0.5736,2038
26,16,gender,mlp_h32,0.001,0.0,0.67237,0.59225,2038
26,16,gender,mlp_h64,0.001,0.0,0.67504,0.56624,2038
26,16,gender,mlp_h128,0.001,0.0,0.67864,0.55741,2038
26,16,gender,attention,0.0001,1e-05,6.45429,0.38281,2038
26,16,gender,shuffled,0.01,0.0001,0.8366,0.49706,2038
26,16,star_sign,ema_lr1e-3,0.001,0.0001,3.00125,0.09028,2038
26,16,star_sign,ema_lr5e-3,0.005,0.0001,2.84419,0.11482,2038
26,16,star_sign,ema_lr1e-2,0.01,0.0001,2.7103,0.11825,2038
26,16,star_sign,ema_lr5e-2,0.05,0.0001,1.79404,0.55545,2038
26,16,star_sign,ema_lr1e-2_wd1e-3,0.01,0.001,2.58066,0.11335,2038
26,16,star_sign,ema_d0.99,0.01,0.0001,2.77139,0.10599,2038
26,16,star_sign,ema_d0.9999,0.01,0.0001,2.64886,0.12267,2038
26,16,star_sign,mlp_h16,0.001,0.0,1.49004,0.19431,2038
26,16,star_sign,mlp_h32,0.001,0.0,0.0152,1.0,2038
26,16,star_sign,mlp_h64,0.001,0.0,0.00981,1.0,2038
26,16,star_sign,mlp_h128,0.001,0.0,0.00309,1.0,2038
26,16,star_sign,attention,0.0001,1e-05,0.19865,1.0,2038
26,16,star_sign,shuffled,0.01,0.0001,2.65506,0.13886,2038
26,20,age_bin,ema_lr1e-3,0.001,0.0001,1.56695,0.33219,2038
26,20,age_bin,ema_lr5e-3,0.005,0.0001,1.45763,0.3317,2038
26,20,age_bin,ema_lr1e-2,0.01,0.0001,1.38358,0.35819,2038
26,20,age_bin,ema_lr5e-2,0.05,0.0001,1.2815,0.35918,2038
26,20,age_bin,ema_lr1e-2_wd1e-3,0.01,0.001,1.42888,0.33023,2038
26,20,age_bin,ema_d0.99,0.01,0.0001,1.36169,0.35231,2038
26,20,age_bin,ema_d0.9999,0.01,0.0001,1.41126,0.33562,2038
26,20,age_bin,mlp_h16,0.001,0.0,0.99738,0.51374,2038
26,20,age_bin,mlp_h32,0.001,0.0,0.994,0.51865,2038
26,20,age_bin,mlp_h64,0.001,0.0,0.99081,0.51521,2038
26,20,age_bin,mlp_h128,0.001,0.0,0.99876,0.50589,2038
26,20,age_bin,attention,0.0001,1e-05,20.79181,0.4375,2038
26,20,age_bin,shuffled,0.01,0.0001,1.39508,0.33121,2038
26,20,gender,ema_lr1e-3,0.001,0.0001,0.98552,0.50491,2038
26,20,gender,ema_lr5e-3,0.005,0.0001,0.94976,0.49607,2038
26,20,gender,ema_lr1e-2,0.01,0.0001,0.88709,0.51227,2038
26,20,gender,ema_lr5e-2,0.05,0.0001,0.80584,0.56281,2038
26,20,gender,ema_lr1e-2_wd1e-3,0.01,0.001,0.89259,0.50932,2038
26,20,gender,ema_d0.99,0.01,0.0001,0.92816,0.48234,2038
26,20,gender,ema_d0.9999,0.01,0.0001,0.88213,0.53238,2038
26,20,gender,mlp_h16,0.001,0.0,0.69298,0.53533,2038
26,20,gender,mlp_h32,0.001,0.0,0.68318,0.54073,2038
26,20,gender,mlp_h64,0.001,0.0,0.6677,0.59225,2038
26,20,gender,mlp_h128,0.001,0.0,0.67035,0.59617,2038
26,20,gender,attention,0.0001,1e-05,0.70929,0.51562,2038
26,20,gender,shuffled,0.01,0.0001,0.89893,0.51816,2038
26,20,star_sign,ema_lr1e-3,0.001,0.0001,3.17343,0.08047,2038
26,20,star_sign,ema_lr5e-3,0.005,0.0001,2.96735,0.10059,2038
26,20,star_sign,ema_lr1e-2,0.01,0.0001,2.9594,0.12218,2038
26,20,star_sign,ema_lr5e-2,0.05,0.0001,1.82778,0.43916,2038
26,20,star_sign,ema_lr1e-2_wd1e-3,0.01,0.001,2.8453,0.1158,2038
26,20,star_sign,ema_d0.99,0.01,0.0001,2.80211,0.12316,2038
26,20,star_sign,ema_d0.9999,0.01,0.0001,2.81162,0.13003,2038
26,20,star_sign,mlp_h16,0.001,0.0,0.46833,1.0,2038
26,20,star_sign,mlp_h32,0.001,0.0,0.28368,1.0,2038
26,20,star_sign,mlp_h64,0.001,0.0,0.07917,1.0,2038
26,20,star_sign,mlp_h128,0.001,0.0,0.00977,1.0,2038
26,20,star_sign,attention,0.0001,1e-05,0.0,1.0,2038
26,20,star_sign,shuffled,0.01,0.0001,2.81575,0.11825,2038
26,24,age_bin,ema_lr1e-3,0.001,0.0001,1.54249,0.36065,2038
26,24,age_bin,ema_lr5e-3,0.005,0.0001,1.48029,0.35231,2038
26,24,age_bin,ema_lr1e-2,0.01,0.0001,1.38093,0.37095,2038
26,24,age_bin,ema_lr5e-2,0.05,0.0001,1.26528,0.3896,2038
26,24,age_bin,ema_lr1e-2_wd1e-3,0.01,0.001,1.39242,0.35083,2038
26,24,age_bin,ema_d0.99,0.01,0.0001,1.44028,0.34691,2038
26,24,age_bin,ema_d0.9999,0.01,0.0001,1.42965,0.35819,2038
26,24,age_bin,mlp_h16,0.001,0.0,1.04265,0.42738,2038
26,24,age_bin,mlp_h32,0.001,0.0,1.01992,0.50687,2038
26,24,age_bin,mlp_h64,0.001,0.0,1.00097,0.5265,2038
26,24,age_bin,mlp_h128,0.001,0.0,1.01402,0.50589,2038
26,24,age_bin,attention,0.0001,1e-05,3.35129,0.39062,2038
26,24,age_bin,shuffled,0.01,0.0001,1.42754,0.32924,2038
26,24,gender,ema_lr1e-3,0.001,0.0001,0.97549,0.53042,2038
26,24,gender,ema_lr5e-3,0.005,0.0001,0.91431,0.51472,2038
26,24,gender,ema_lr1e-2,0.01,0.0001,0.91567,0.51276,2038
26,24,gender,ema_lr5e-2,0.05,0.0001,0.78237,0.53729,2038
26,24,gender,ema_lr1e-2_wd1e-3,0.01,0.001,0.86877,0.53533,2038
26,24,gender,ema_d0.99,0.01,0.0001,0.88118,0.5368,2038
26,24,gender,ema_d0.9999,0.01,0.0001,0.8879,0.54269,2038
26,24,gender,mlp_h16,0.001,0.0,0.6761,0.55152,2038
26,24,gender,mlp_h32,0.001,0.0,0.67512,0.5633,2038
26,24,gender,mlp_h64,0.001,0.0,0.67106,0.57998,2038
26,24,gender,mlp_h128,0.001,0.0,0.67245,0.58489,2038
26,24,gender,attention,0.0001,1e-05,1.45105,0.51562,2038
26,24,gender,shuffled,0.01,0.0001,0.90408,0.51423,2038
26,24,star_sign,ema_lr1e-3,0.001,0.0001,3.26341,0.08685,2038
26,24,star_sign,ema_lr5e-3,0.005,0.0001,3.15371,0.105,2038
26,24,star_sign,ema_lr1e-2,0.01,0.0001,2.94275,0.13543,2038
26,24,star_sign,ema_lr5e-2,0.05,0.0001,1.8446,0.43278,2038
26,24,star_sign,ema_lr1e-2_wd1e-3,0.01,0.001,2.88413,0.11286,2038
26,24,star_sign,ema_d0.99,0.01,0.0001,2.84486,0.13395,2038
26,24,star_sign,ema_d0.9999,0.01,0.0001,2.83695,0.13445,2038
26,24,star_sign,mlp_h16,0.001,0.0,2.14437,0.25908,2038
26,24,star_sign,mlp_h32,0.001,0.0,0.85941,0.99804,2038
26,24,star_sign,mlp_h64,0.001,0.0,0.19888,1.0,2038
26,24,star_sign,mlp_h128,0.001,0.0,0.05372,1.0,2038
26,24,star_sign,attention,0.0001,1e-05,0.00087,1.0,2038
26,24,star_sign,shuffled,0.01,0.0001,2.92503,0.09961,2038
27,0,age_bin,ema_lr1e-3,0.001,0.0001,1.57595,0.31732,1957
27,0,age_bin,ema_lr5e-3,0.005,0.0001,1.48068,0.32805,1957
27,0,age_bin,ema_lr1e-2,0.01,0.0001,1.41901,0.31834,1957
27,0,age_bin,ema_lr5e-2,0.05,0.0001,1.28526,0.3955,1957
27,0,age_bin,ema_lr1e-2_wd1e-3,0.01,0.001,1.41861,0.33521,1957
27,0,age_bin,ema_d0.99,0.01,0.0001,1.3834,0.33623,1957
27,0,age_bin,ema_d0.9999,0.01,0.0001,1.34245,0.35207,1957
27,0,age_bin,mlp_h16,0.001,0.0,1.09042,0.4696,1957
27,0,age_bin,mlp_h32,0.001,0.0,1.08242,0.47011,1957
27,0,age_bin,mlp_h64,0.001,0.0,1.08268,0.46704,1957
27,0,age_bin,mlp_h128,0.001,0.0,1.08894,0.45887,1957
27,0,age_bin,attention,0.0001,1e-05,1.09276,0.40625,1957
27,0,age_bin,shuffled,0.01,0.0001,1.3632,0.34543,1957
27,0,gender,ema_lr1e-3,0.001,0.0001,1.0309,0.50741,1957
27,0,gender,ema_lr5e-3,0.005,0.0001,0.9278,0.49821,1957
27,0,gender,ema_lr1e-2,0.01,0.0001,0.88649,0.50945,1957
27,0,gender,ema_lr5e-2,0.05,0.0001,0.8929,0.5069,1957
27,0,gender,ema_lr1e-2_wd1e-3,0.01,0.001,0.89822,0.49208,1957
27,0,gender,ema_d0.99,0.01,0.0001,0.93221,0.48748,1957
27,0,gender,ema_d0.9999,0.01,0.0001,0.91599,0.49361,1957
27,0,gender,mlp_h16,0.001,0.0,0.70116,0.49106,1957
27,0,gender,mlp_h32,0.001,0.0,0.70016,0.50281,1957
27,0,gender,mlp_h64,0.001,0.0,0.69695,0.50792,1957
27,0,gender,mlp_h128,0.001,0.0,0.70182,0.5161,1957
27,0,gender,attention,0.0001,1e-05,0.69542,0.42969,1957
27,0,gender,shuffled,0.01,0.0001,0.90675,0.50281,1957
27,0,star_sign,ema_lr1e-3,0.001,0.0001,3.27432,0.09044,1957
27,0,star_sign,ema_lr5e-3,0.005,0.0001,3.03365,0.11753,1957
27,0,star_sign,ema_lr1e-2,0.01,0.0001,2.84662,0.12315,1957
27,0,star_sign,ema_lr5e-2,0.05,0.0001,1.79906,0.54982,1957
27,0,star_sign,ema_lr1e-2_wd1e-3,0.01,0.001,2.77143,0.1395,1957
27,0,star_sign,ema_d0.99,0.01,0.0001,2.97212,0.13848,1957
27,0,star_sign,ema_d0.9999,0.01,0.0001,2.84431,0.13388,1957
27,0,star_sign,mlp_h16,0.001,0.0,0.75318,0.89576,1957
27,0,star_sign,mlp_h32,0.001,0.0,0.398,0.99847,1957
27,0,star_sign,mlp_h64,0.001,0.0,0.06318,1.0,1957
27,0,star_sign,mlp_h128,0.001,0.0,0.02559,1.0,1957
27,0,star_sign,attention,0.0001,1e-05,2.40461,1.0,1957
27,0,star_sign,shuffled,0.01,0.0001,2.83758,0.13899,1957
27,4,age_bin,ema_lr1e-3,0.001,0.0001,1.43333,0.31937,1957
27,4,age_bin,ema_lr5e-3,0.005,0.0001,1.34092,0.32397,1957
27,4,age_bin,ema_lr1e-2,0.01,0.0001,1.29819,0.32703,1957
27,4,age_bin,ema_lr5e-2,0.05,0.0001,1.74721,0.44405,1957
27,4,age_bin,ema_lr1e-2_wd1e-3,0.01,0.001,1.30361,0.32294,1957
27,4,age_bin,ema_d0.99,0.01,0.0001,1.29077,0.35156,1957
27,4,age_bin,ema_d0.9999,0.01,0.0001,1.31142,0.34389,1957
27,4,age_bin,mlp_h16,0.001,0.0,1.07804,0.47368,1957
27,4,age_bin,mlp_h32,0.001,0.0,1.08182,0.46295,1957
27,4,age_bin,mlp_h64,0.001,0.0,1.0778,0.47368,1957
27,4,age_bin,mlp_h128,0.001,0.0,1.07163,0.46755,1957
27,4,age_bin,attention,0.0001,1e-05,1.13856,0.40625,1957
27,4,age_bin,shuffled,0.01,0.0001,1.24502,0.36484,1957
27,4,gender,ema_lr1e-3,0.001,0.0001,0.84722,0.50434,1957
27,4,gender,ema_lr5e-3,0.005,0.0001,0.82902,0.50996,1957
27,4,gender,ema_lr1e-2,0.01,0.0001,0.81515,0.51559,1957
27,4,gender,ema_lr5e-2,0.05,0.0001,1.54276,0.4696,1957
27,4,gender,ema_lr1e-2_wd1e-3,0.01,0.001,0.84558,0.49974,1957
27,4,gender,ema_d0.99,0.01,0.0001,0.81545,0.49208,1957
27,4,gender,ema_d0.9999,0.01,0.0001,0.8195,0.51865,1957
27,4,gender,mlp_h16,0.001,0.0,0.68282,0.55851,1957
27,4,gender,mlp_h32,0.001,0.0,0.68567,0.54165,1957
27,4,gender,mlp_h64,0.001,0.0,0.71978,0.49515,1957
27,4,gender,mlp_h128,0.001,0.0,0.72955,0.4839,1957
27,4,gender,attention,0.0001,1e-05,0.87002,0.49219,1957
27,4,gender,shuffled,0.01,0.0001,0.81678,0.4885,1957
27,4,star_sign,ema_lr1e-3,0.001,0.0001,2.85179,0.06643,1957
27,4,star_sign,ema_lr5e-3,0.005,0.0001,2.73044,0.10424,1957
27,4,star_sign,ema_lr1e-2,0.01,0.0001,2.57285,0.1487,1957
27,4,star_sign,ema_lr5e-2,0.05,0.0001,1.68311,0.55135,1957
27,4,star_sign,ema_lr1e-2_wd1e-3,0.01,0.001,2.51735,0.15636,1957
27,4,star_sign,ema_d0.99,0.01,0.0001,2.55163,0.12519,1957
27,4,star_sign,ema_d0.9999,0.01,0.0001,2.58395,0.12672,1957
27,4,star_sign,mlp_h16,0.001,0.0,0.11995,1.0,1957
27,4,star_sign,mlp_h32,0.001,0.0,0.02281,1.0,1957
27,4,star_sign,mlp_h64,0.001,0.0,0.01179,1.0,1957
27,4,star_sign,mlp_h128,0.001,0.0,0.00057,1.0,1957
27,4,star_sign,attention,0.0001,1e-05,1.14203,1.0,1957
27,4,star_sign,shuffled,0.01,0.0001,2.53478,0.15585,1957
27,8,age_bin,ema_lr1e-3,0.001,0.0001,1.36238,0.32754,1957
27,8,age_bin,ema_lr5e-3,0.005,0.0001,1.36074,0.33418,1957
27,8,age_bin,ema_lr1e-2,0.01,0.0001,1.33735,0.31886,1957
27,8,age_bin,ema_lr5e-2,0.05,0.0001,1.66253,0.44149,1957
27,8,age_bin,ema_lr1e-2_wd1e-3,0.01,0.001,1.33533,0.33674,1957
27,8,age_bin,ema_d0.99,0.01,0.0001,1.29905,0.33265,1957
27,8,age_bin,ema_d0.9999,0.01,0.0001,1.27714,0.35258,1957
27,8,age_bin,mlp_h16,0.001,0.0,1.07989,0.47317,1957
27,8,age_bin,mlp_h32,0.001,0.0,1.08136,0.45784,1957
27,8,age_bin,mlp_h64,0.001,0.0,1.07546,0.46244,1957
27,8,age_bin,mlp_h128,0.001,0.0,1.07438,0.46193,1957
27,8,age_bin,attention,0.0001,1e-05,1.10465,0.42969,1957
27,8,age_bin,shuffled,0.01,0.0001,1.26814,0.3444,1957
27,8,gender,ema_lr1e-3,0.001,0.0001,0.86234,0.50026,1957
27,8,gender,ema_lr5e-3,0.005,0.0001,0.81998,0.51916,1957
27,8,gender,ema_lr1e-2,0.01,0.0001,0.79416,0.52121,1957
27,8,gender,ema_lr5e-2,0.05,0.0001,1.4906,0.45733,1957
27,8,gender,ema_lr1e-2_wd1e-3,0.01,0.001,0.83617,0.50434,1957
27,8,gender,ema_d0.99,0.01,0.0001,0.80416,0.5115,1957
27,8,gender,ema_d0.9999,0.01,0.0001,0.84675,0.48084,1957
27,8,gender,mlp_h16,0.001,0.0,0.67479,0.57588,1957
27,8,gender,mlp_h32,0.001,0.0,0.69013,0.54624,1957
27,8,gender,mlp_h64,0.001,0.0,0.69064,0.54113,1957
27,8,gender,mlp_h128,0.001,0.0,0.71729,0.51405,1957
27,8,gender,attention,0.0001,1e-05,1.18043,0.57031,1957
27,8,gender,shuffled,0.01,0.0001,0.82549,0.4885,1957
27,8,star_sign,ema_lr1e-3,0.001,0.0001,2.87019,0.08533,1957
27,8,star_sign,ema_lr5e-3,0.005,0.0001,2.7618,0.12672,1957
27,8,star_sign,ema_lr1e-2,0.01,0.0001,2.64618,0.1165,1957
27,8,star_sign,ema_lr5e-2,0.05,0.0001,1.76006,0.52478,1957
27,8,star_sign,ema_lr1e-2_wd1e-3,0.01,0.001,2.63969,0.12468,1957
27,8,star_sign,ema_d0.99,0.01,0.0001,2.56113,0.14614,1957
27,8,star_sign,ema_d0.9999,0.01,0.0001,2.65241,0.12724,1957
27,8,star_sign,mlp_h16,0.001,0.0,1.58134,0.18293,1957
27,8,star_sign,mlp_h32,0.001,0.0,0.03385,1.0,1957
27,8,star_sign,mlp_h64,0.001,0.0,0.00624,1.0,1957
27,8,star_sign,mlp_h128,0.001,0.0,0.00048,1.0,1957
27,8,star_sign,attention,0.0001,1e-05,0.69404,0.92188,1957
27,8,star_sign,shuffled,0.01,0.0001,2.6067,0.1211,1957
27,12,age_bin,ema_lr1e-3,0.001,0.0001,1.35204,0.36127,1957
27,12,age_bin,ema_lr5e-3,0.005,0.0001,1.26695,0.35411,1957
27,12,age_bin,ema_lr1e-2,0.01,0.0001,1.29778,0.32754,1957
27,12,age_bin,ema_lr5e-2,0.05,0.0001,1.59169,0.43025,1957
27,12,age_bin,ema_lr1e-2_wd1e-3,0.01,0.001,1.27415,0.3582,1957
27,12,age_bin,ema_d0.99,0.01,0.0001,1.3026,0.32499,1957
27,12,age_bin,ema_d0.9999,0.01,0.0001,1.28499,0.34747,1957
27,12,age_bin,mlp_h16,0.001,0.0,1.08385,0.47317,1957
27,12,age_bin,mlp_h32,0.001,0.0,1.07662,0.46806,1957
27,12,age_bin,mlp_h64,0.001,0.0,1.07736,0.46704,1957
27,12,age_bin,mlp_h128,0.001,0.0,1.07558,0.47164,1957
27,12,age_bin,attention,0.0001,1e-05,1.1083,0.32812,1957
27,12,age_bin,shuffled,0.01,0.0001,1.28991,0.34594,1957
27,12,gender,ema_lr1e-3,0.001,0.0001,0.9045,0.48493,1957
27,12,gender,ema_lr5e-3,0.005,0.0001,0.78105,0.54624,1957
27,12,gender,ema_lr1e-2,0.01,0.0001,0.79271,0.52989,1957
27,12,gender,ema_lr5e-2,0.05,0.0001,1.44015,0.47215,1957
27,12,gender,ema_lr1e-2_wd1e-3,0.01,0.001,0.89199,0.47522,1957
27,12,gender,ema_d0.99,0.01,0.0001,0.80799,0.51201,1957
27,12,gender,ema_d0.9999,0.01,0.0001,0.82141,0.49259,1957
27,12,gender,mlp_h16,0.001,0.0,0.66905,0.60092,1957
27,12,gender,mlp_h32,0.001,0.0,0.67248,0.5815,1957
27,12,gender,mlp_h64,0.001,0.0,0.67706,0.58252,1957
27,12,gender,mlp_h128,0.001,0.0,0.69056,0.55442,1957
27,12,gender,attention,0.0001,1e-05,0.65762,0.625,1957
27,12,gender,shuffled,0.01,0.0001,0.84496,0.49515,1957
27,12,star_sign,ema_lr1e-3,0.001,0.0001,2.96474,0.05468,1957
27,12,star_sign,ema_lr5e-3,0.005,0.0001,2.75309,0.10526,1957
27,12,star_sign,ema_lr1e-2,0.01,0.0001,2.57337,0.13694,1957
27,12,star_sign,ema_lr5e-2,0.05,0.0001,1.77988,0.63209,1957
27,12,star_sign,ema_lr1e-2_wd1e-3,0.01,0.001,2.59459,0.11599,1957
27,12,star_sign,ema_d0.99,0.01,0.0001,2.6399,0.10424,1957
27,12,star_sign,ema_d0.9999,0.01,0.0001,2.61868,0.12008,1957
27,12,star_sign,mlp_h16,0.001,0.0,0.12135,1.0,1957
27,12,star_sign,mlp_h32,0.001,0.0,0.03382,1.0,1957
27,12,star_sign,mlp_h64,0.001,0.0,0.00361,1.0,1957
27,12,star_sign,mlp_h128,0.001,0.0,0.00057,1.0,1957
27,12,star_sign,attention,0.0001,1e-05,0.0,1.0,1957
27,12,star_sign,shuffled,0.01,0.0001,2.59044,0.15381,1957
27,16,age_bin,ema_lr1e-3,0.001,0.0001,1.42153,0.34236,1957
27,16,age_bin,ema_lr5e-3,0.005,0.0001,1.37598,0.3255,1957
27,16,age_bin,ema_lr1e-2,0.01,0.0001,1.34484,0.34338,1957
27,16,age_bin,ema_lr5e-2,0.05,0.0001,1.51837,0.3209,1957
27,16,age_bin,ema_lr1e-2_wd1e-3,0.01,0.001,1.30875,0.37455,1957
27,16,age_bin,ema_d0.99,0.01,0.0001,1.30187,0.35411,1957
27,16,age_bin,ema_d0.9999,0.01,0.0001,1.32004,0.32192,1957
27,16,age_bin,mlp_h16,0.001,0.0,1.06206,0.47777,1957
27,16,age_bin,mlp_h32,0.001,0.0,1.08,0.45171,1957
27,16,age_bin,mlp_h64,0.001,0.0,1.07313,0.45835,1957
27,16,age_bin,mlp_h128,0.001,0.0,1.08316,0.45018,1957
27,16,age_bin,attention,0.0001,1e-05,1.1637,0.39844,1957
27,16,age_bin,shuffled,0.01,0.0001,1.2986,0.3444,1957
27,16,gender,ema_lr1e-3,0.001,0.0001,0.92063,0.4742,1957
27,16,gender,ema_lr5e-3,0.005,0.0001,0.82718,0.53143,1957
27,16,gender,ema_lr1e-2,0.01,0.0001,0.79672,0.535,1957
27,16,gender,ema_lr5e-2,0.05,0.0001,1.32079,0.49208,1957
27,16,gender,ema_lr1e-2_wd1e-3,0.01,0.001,0.89596,0.47215,1957
27,16,gender,ema_d0.99,0.01,0.0001,0.80138,0.52734,1957
27,16,gender,ema_d0.9999,0.01,0.0001,0.86626,0.49055,1957
27,16,gender,mlp_h16,0.001,0.0,0.65779,0.59785,1957
27,16,gender,mlp_h32,0.001,0.0,0.66201,0.61421,1957
27,16,gender,mlp_h64,0.001,0.0,0.67418,0.58508,1957
27,16,gender,mlp_h128,0.001,0.0,0.67367,0.57844,1957
27,16,gender,attention,0.0001,1e-05,5.28392,0.42969,1957
27,16,gender,shuffled,0.01,0.0001,0.83194,0.50537,1957
27,16,star_sign,ema_lr1e-3,0.001,0.0001,2.89027,0.09658,1957
27,16,star_sign,ema_lr5e-3,0.005,0.0001,2.8324,0.12008,1957
27,16,star_sign,ema_lr1e-2,0.01,0.0001,2.65525,0.13235,1957
27,16,star_sign,ema_lr5e-2,0.05,0.0001,1.76371,0.48697,1957
27,16,star_sign,ema_lr1e-2_wd1e-3,0.01,0.001,2.65051,0.1257,1957
27,16,star_sign,ema_d0.99,0.01,0.0001,2.64894,0.13592,1957
27,16,star_sign,ema_d0.9999,0.01,0.0001,2.68165,0.12724,1957
27,16,star_sign,mlp_h16,0.001,0.0,1.41483,0.26265,1957
27,16,star_sign,mlp_h32,0.001,0.0,0.01263,1.0,1957
27,16,star_sign,mlp_h64,0.001,0.0,0.00863,1.0,1957
27,16,star_sign,mlp_h128,0.001,0.0,0.00259,1.0,1957
27,16,star_sign,attention,0.0001,1e-05,0.15224,1.0,1957
27,16,star_sign,shuffled,0.01,0.0001,2.72855,0.12826,1957
27,20,age_bin,ema_lr1e-3,0.001,0.0001,1.5899,0.32499,1957
27,20,age_bin,ema_lr5e-3,0.005,0.0001,1.40114,0.36536,1957
27,20,age_bin,ema_lr1e-2,0.01,0.0001,1.32876,0.35922,1957
27,20,age_bin,ema_lr5e-2,0.05,0.0001,1.28382,0.3909,1957
27,20,age_bin,ema_lr1e-2_wd1e-3,0.01,0.001,1.36636,0.35309,1957
27,20,age_bin,ema_d0.99,0.01,0.0001,1.39294,0.34338,1957
27,20,age_bin,ema_d0.9999,0.01,0.0001,1.37976,0.36076,1957
27,20,age_bin,mlp_h16,0.001,0.0,1.08393,0.46449,1957
27,20,age_bin,mlp_h32,0.001,0.0,1.07329,0.46602,1957
27,20,age_bin,mlp_h64,0.001,0.0,1.06866,0.47522,1957
27,20,age_bin,mlp_h128,0.001,0.0,1.06384,0.46295,1957
27,20,age_bin,attention,0.0001,1e-05,19.11669,0.3125,1957
27,20,age_bin,shuffled,0.01,0.0001,1.39198,0.32856,1957
27,20,gender,ema_lr1e-3,0.001,0.0001,0.96772,0.48748,1957
27,20,gender,ema_lr5e-3,0.005,0.0001,0.87818,0.53245,1957
27,20,gender,ema_lr1e-2,0.01,0.0001,0.87721,0.50485,1957
27,20,gender,ema_lr5e-2,0.05,0.0001,1.00836,0.50485,1957
27,20,gender,ema_lr1e-2_wd1e-3,0.01,0.001,0.83718,0.5488,1957
27,20,gender,ema_d0.99,0.01,0.0001,0.87258,0.535,1957
27,20,gender,ema_d0.9999,0.01,0.0001,0.92038,0.50945,1957
27,20,gender,mlp_h16,0.001,0.0,0.67399,0.57588,1957
27,20,gender,mlp_h32,0.001,0.0,0.66376,0.60399,1957
27,20,gender,mlp_h64,0.001,0.0,0.66142,0.60245,1957
27,20,gender,mlp_h128,0.001,0.0,0.65886,0.58763,1957
27,20,gender,attention,0.0001,1e-05,0.68581,0.53125,1957
27,20,gender,shuffled,0.01,0.0001,0.9128,0.5023,1957
27,20,star_sign,ema_lr1e-3,0.001,0.0001,3.15964,0.07716,1957
27,20,star_sign,ema_lr5e-3,0.005,0.0001,2.92814,0.09351,1957
27,20,star_sign,ema_lr1e-2,0.01,0.0001,2.82631,0.14257,1957
27,20,star_sign,ema_lr5e-2,0.05,0.0001,1.77572,0.47164,1957
27,20,star_sign,ema_lr1e-2_wd1e-3,0.01,0.001,2.89944,0.10986,1957
27,20,star_sign,ema_d0.99,0.01,0.0001,2.84055,0.11395,1957
27,20,star_sign,ema_d0.9999,0.01,0.0001,2.7659,0.12979,1957
27,20,star_sign,mlp_h16,0.001,0.0,0.42087,1.0,1957
27,20,star_sign,mlp_h32,0.001,0.0,0.25431,1.0,1957
27,20,star_sign,mlp_h64,0.001,0.0,0.06871,1.0,1957
27,20,star_sign,mlp_h128,0.001,0.0,0.00929,1.0,1957
27,20,star_sign,attention,0.0001,1e-05,0.0,1.0,1957
27,20,star_sign,shuffled,0.01,0.0001,2.83506,0.10935,1957
27,24,age_bin,ema_lr1e-3,0.001,0.0001,1.63232,0.3071,1957
27,24,age_bin,ema_lr5e-3,0.005,0.0001,1.51737,0.32856,1957
27,24,age_bin,ema_lr1e-2,0.01,0.0001,1.40372,0.36587,1957
27,24,age_bin,ema_lr5e-2,0.05,0.0001,1.29024,0.36331,1957
27,24,age_bin,ema_lr1e-2_wd1e-3,0.01,0.001,1.36012,0.38324,1957
27,24,age_bin,ema_d0.99,0.01,0.0001,1.38695,0.35922,1957
27,24,age_bin,ema_d0.9999,0.01,0.0001,1.41803,0.3582,1957
27,24,age_bin,mlp_h16,0.001,0.0,1.08411,0.41696,1957
27,24,age_bin,mlp_h32,0.001,0.0,1.05064,0.48288,1957
27,24,age_bin,mlp_h64,0.001,0.0,1.06542,0.47879,1957
27,24,age_bin,mlp_h128,0.001,0.0,1.06186,0.47982,1957
27,24,age_bin,attention,0.0001,1e-05,3.13555,0.39844,1957
27,24,age_bin,shuffled,0.01,0.0001,1.41343,0.3347,1957
27,24,gender,ema_lr1e-3,0.001,0.0001,1.02482,0.50588,1957
27,24,gender,ema_lr5e-3,0.005,0.0001,0.93755,0.50996,1957
27,24,gender,ema_lr1e-2,0.01,0.0001,0.85544,0.55493,1957
27,24,gender,ema_lr5e-2,0.05,0.0001,0.85491,0.48595,1957
27,24,gender,ema_lr1e-2_wd1e-3,0.01,0.001,0.94882,0.49463,1957
27,24,gender,ema_d0.99,0.01,0.0001,0.95408,0.49974,1957
27,24,gender,ema_d0.9999,0.01,0.0001,0.94885,0.50588,1957
27,24,gender,mlp_h16,0.001,0.0,0.67979,0.56413,1957
27,24,gender,mlp_h32,0.001,0.0,0.68704,0.55902,1957
27,24,gender,mlp_h64,0.001,0.0,0.67966,0.56464,1957
27,24,gender,mlp_h128,0.001,0.0,0.67049,0.59172,1957
27,24,gender,attention,0.0001,1e-05,1.2951,0.50781,1957
27,24,gender,shuffled,0.01,0.0001,0.90677,0.51354,1957
27,24,star_sign,ema_lr1e-3,0.001,0.0001,3.28677,0.09044,1957
27,24,star_sign,ema_lr5e-3,0.005,0.0001,3.1065,0.10118,1957
27,24,star_sign,ema_lr1e-2,0.01,0.0001,2.9538,0.12877,1957
27,24,star_sign,ema_lr5e-2,0.05,0.0001,1.85012,0.44098,1957
27,24,star_sign,ema_lr1e-2_wd1e-3,0.01,0.001,2.8687,0.10424,1957
27,24,star_sign,ema_d0.99,0.01,0.0001,2.91045,0.13286,1957
27,24,star_sign,ema_d0.9999,0.01,0.0001,2.91598,0.12161,1957
27,24,star_sign,mlp_h16,0.001,0.0,2.10948,0.28769,1957
27,24,star_sign,mlp_h32,0.001,0.0,0.77733,0.99489,1957
27,24,star_sign,mlp_h64,0.001,0.0,0.16771,1.0,1957
27,24,star_sign,mlp_h128,0.001,0.0,0.0469,1.0,1957
27,24,star_sign,attention,0.0001,1e-05,0.01697,0.99219,1957
27,24,star_sign,shuffled,0.01,0.0001,2.86398,0.11906,1957
28,0,age_bin,ema_lr1e-3,0.001,0.0001,1.58322,0.32434,1779
28,0,age_bin,ema_lr5e-3,0.005,0.0001,1.49103,0.3294,1779
28,0,age_bin,ema_lr1e-2,0.01,0.0001,1.38132,0.3339,1779
28,0,age_bin,ema_lr5e-2,0.05,0.0001,1.23632,0.40528,1779
28,0,age_bin,ema_lr1e-2_wd1e-3,0.01,0.001,1.43766,0.33221,1779
28,0,age_bin,ema_d0.99,0.01,0.0001,1.41934,0.31816,1779
28,0,age_bin,ema_d0.9999,0.01,0.0001,1.33613,0.35469,1779
28,0,age_bin,mlp_h16,0.001,0.0,1.06797,0.4896,1779
28,0,age_bin,mlp_h32,0.001,0.0,1.05114,0.50028,1779
28,0,age_bin,mlp_h64,0.001,0.0,1.04995,0.49972,1779
28,0,age_bin,mlp_h128,0.001,0.0,1.05119,0.49129,1779
28,0,age_bin,attention,0.0001,1e-05,1.08991,0.46875,1779
28,0,age_bin,shuffled,0.01,0.0001,1.39044,0.33952,1779
28,0,gender,ema_lr1e-3,0.001,0.0001,1.03999,0.51152,1779
28,0,gender,ema_lr5e-3,0.005,0.0001,0.93883,0.49972,1779
28,0,gender,ema_lr1e-2,0.01,0.0001,0.89081,0.51096,1779
28,0,gender,ema_lr5e-2,0.05,0.0001,0.86843,0.50028,1779
28,0,gender,ema_lr1e-2_wd1e-3,0.01,0.001,0.91535,0.47723,1779
28,0,gender,ema_d0.99,0.01,0.0001,0.88383,0.50871,1779
28,0,gender,ema_d0.9999,0.01,0.0001,0.85839,0.51152,1779
28,0,gender,mlp_h16,0.001,0.0,0.69735,0.52895,1779
28,0,gender,mlp_h32,0.001,0.0,0.69525,0.52895,1779
28,0,gender,mlp_h64,0.001,0.0,0.69424,0.52839,1779
28,0,gender,mlp_h128,0.001,0.0,0.6952,0.53963,1779
28,0,gender,attention,0.0001,1e-05,0.69408,0.45312,1779
28,0,gender,shuffled,0.01,0.0001,0.89539,0.5104,1779
28,0,star_sign,ema_lr1e-3,0.001,0.0001,3.26526,0.08432,1779
28,0,star_sign,ema_lr5e-3,0.005,0.0001,2.97214,0.12648,1779
28,0,star_sign,ema_lr1e-2,0.01,0.0001,2.81686,0.14559,1779
28,0,star_sign,ema_lr5e-2,0.05,0.0001,1.76295,0.59865,1779
28,0,star_sign,ema_lr1e-2_wd1e-3,0.01,0.001,2.79154,0.13884,1779
28,0,star_sign,ema_d0.99,0.01,0.0001,2.87897,0.12142,1779
28,0,star_sign,ema_d0.9999,0.01,0.0001,2.81492,0.13659,1779
28,0,star_sign,mlp_h16,0.001,0.0,0.74037,0.88814,1779
28,0,star_sign,mlp_h32,0.001,0.0,0.36742,0.99888,1779
28,0,star_sign,mlp_h64,0.001,0.0,0.05919,1.0,1779
28,0,star_sign,mlp_h128,0.001,0.0,0.02473,1.0,1779
28,0,star_sign,attention,0.0001,1e-05,2.40082,0.99219,1779
28,0,star_sign,shuffled,0.01,0.0001,2.76048,0.13997,1779
28,4,age_bin,ema_lr1e-3,0.001,0.0001,1.4272,0.31984,1779
28,4,age_bin,ema_lr5e-3,0.005,0.0001,1.30344,0.34626,1779
28,4,age_bin,ema_lr1e-2,0.01,0.0001,1.2747,0.32715,1779
28,4,age_bin,ema_lr5e-2,0.05,0.0001,1.78159,0.26251,1779
28,4,age_bin,ema_lr1e-2_wd1e-3,0.01,0.001,1.2449,0.36425,1779
28,4,age_bin,ema_d0.99,0.01,0.0001,1.27851,0.35301,1779
28,4,age_bin,ema_d0.9999,0.01,0.0001,1.28293,0.3412,1779
28,4,age_bin,mlp_h16,0.001,0.0,1.04873,0.49972,1779
28,4,age_bin,mlp_h32,0.001,0.0,1.04017,0.50028,1779
28,4,age_bin,mlp_h64,0.001,0.0,1.03541,0.50141,1779
28,4,age_bin,mlp_h128,0.001,0.0,1.02286,0.50422,1779
28,4,age_bin,attention,0.0001,1e-05,1.0854,0.45312,1779
28,4,age_bin,shuffled,0.01,0.0001,1.31228,0.31029,1779
28,4,gender,ema_lr1e-3,0.001,0.0001,0.85397,0.50478,1779
28,4,gender,ema_lr5e-3,0.005,0.0001,0.85915,0.48454,1779
28,4,gender,ema_lr1e-2,0.01,0.0001,0.82564,0.49578,1779
28,4,gender,ema_lr5e-2,0.05,0.0001,1.45569,0.54244,1779
28,4,gender,ema_lr1e-2_wd1e-3,0.01,0.001,0.81727,0.50815,1779
28,4,gender,ema_d0.99,0.01,0.0001,0.79431,0.52052,1779
28,4,gender,ema_d0.9999,0.01,0.0001,0.82581,0.49241,1779
28,4,gender,mlp_h16,0.001,0.0,0.69037,0.54188,1779
28,4,gender,mlp_h32,0.001,0.0,0.68492,0.55143,1779
28,4,gender,mlp_h64,0.001,0.0,0.70993,0.50759,1779
28,4,gender,mlp_h128,0.001,0.0,0.7164,0.48791,1779
28,4,gender,attention,0.0001,1e-05,1.18161,0.46094,1779
28,4,gender,shuffled,0.01,0.0001,0.83168,0.48791,1779
28,4,star_sign,ema_lr1e-3,0.001,0.0001,2.88743,0.05621,1779
28,4,star_sign,ema_lr5e-3,0.005,0.0001,2.73102,0.09556,1779
28,4,star_sign,ema_lr1e-2,0.01,0.0001,2.58319,0.14053,1779
28,4,star_sign,ema_lr5e-2,0.05,0.0001,1.64834,0.59191,1779
28,4,star_sign,ema_lr1e-2_wd1e-3,0.01,0.001,2.63461,0.12929,1779
28,4,star_sign,ema_d0.99,0.01,0.0001,2.52076,0.12591,1779
28,4,star_sign,ema_d0.9999,0.01,0.0001,2.55504,0.13097,1779
28,4,star_sign,mlp_h16,0.001,0.0,0.10969,1.0,1779
28,4,star_sign,mlp_h32,0.001,0.0,0.01941,1.0,1779
28,4,star_sign,mlp_h64,0.001,0.0,0.01009,1.0,1779
28,4,star_sign,mlp_h128,0.001,0.0,0.00051,1.0,1779
28,4,star_sign,attention,0.0001,1e-05,1.06592,1.0,1779
28,4,star_sign,shuffled,0.01,0.0001,2.55628,0.13491,1779
28,8,age_bin,ema_lr1e-3,0.001,0.0001,1.32559,0.34682,1779
28,8,age_bin,ema_lr5e-3,0.005,0.0001,1.30075,0.35245,1779
28,8,age_bin,ema_lr1e-2,0.01,0.0001,1.3094,0.33783,1779
28,8,age_bin,ema_lr5e-2,0.05,0.0001,1.71983,0.35863,1779
28,8,age_bin,ema_lr1e-2_wd1e-3,0.01,0.001,1.29022,0.34851,1779
28,8,age_bin,ema_d0.99,0.01,0.0001,1.27997,0.34851,1779
28,8,age_bin,ema_d0.9999,0.01,0.0001,1.28498,0.34626,1779
28,8,age_bin,mlp_h16,0.001,0.0,1.05058,0.50141,1779
28,8,age_bin,mlp_h32,0.001,0.0,1.05165,0.48791,1779
28,8,age_bin,mlp_h64,0.001,0.0,1.02733,0.51152,1779
28,8,age_bin,mlp_h128,0.001,0.0,1.02852,0.51321,1779
28,8,age_bin,attention,0.0001,1e-05,1.07067,0.47656,1779
28,8,age_bin,shuffled,0.01,0.0001,1.28293,0.32715,1779
28,8,gender,ema_lr1e-3,0.001,0.0001,0.89257,0.48791,1779
28,8,gender,ema_lr5e-3,0.005,0.0001,0.845,0.50646,1779
28,8,gender,ema_lr1e-2,0.01,0.0001,0.82855,0.49635,1779
28,8,gender,ema_lr5e-2,0.05,0.0001,1.32761,0.54637,1779
28,8,gender,ema_lr1e-2_wd1e-3,0.01,0.001,0.80941,0.50984,1779
28,8,gender,ema_d0.99,0.01,0.0001,0.79404,0.51096,1779
28,8,gender,ema_d0.9999,0.01,0.0001,0.83234,0.49972,1779
28,8,gender,mlp_h16,0.001,0.0,0.68832,0.53963,1779
28,8,gender,mlp_h32,0.001,0.0,0.70696,0.50028,1779
28,8,gender,mlp_h64,0.001,0.0,0.70301,0.51546,1779
28,8,gender,mlp_h128,0.001,0.0,0.71237,0.50759,1779
28,8,gender,attention,0.0001,1e-05,1.50287,0.5,1779
28,8,gender,shuffled,0.01,0.0001,0.7955,0.50534,1779
28,8,star_sign,ema_lr1e-3,0.001,0.0001,2.85921,0.06183,1779
28,8,star_sign,ema_lr5e-3,0.005,0.0001,2.7574,0.11748,1779
28,8,star_sign,ema_lr1e-2,0.01,0.0001,2.59744,0.1158,1779
28,8,star_sign,ema_lr5e-2,0.05,0.0001,1.72229,0.4733,1779
28,8,star_sign,ema_lr1e-2_wd1e-3,0.01,0.001,2.60894,0.11355,1779
28,8,star_sign,ema_d0.99,0.01,0.0001,2.57972,0.1394,1779
28,8,star_sign,ema_d0.9999,0.01,0.0001,2.60203,0.13659,1779
28,8,star_sign,mlp_h16,0.001,0.0,1.5125,0.22316,1779
28,8,star_sign,mlp_h32,0.001,0.0,0.02836,1.0,1779
28,8,star_sign,mlp_h64,0.001,0.0,0.0052,1.0,1779
28,8,star_sign,mlp_h128,0.001,0.0,0.0004,1.0,1779
28,8,star_sign,attention,0.0001,1e-05,0.59634,0.99219,1779
28,8,star_sign,shuffled,0.01,0.0001,2.61672,0.12816,1779
28,12,age_bin,ema_lr1e-3,0.001,0.0001,1.34526,0.35357,1779
28,12,age_bin,ema_lr5e-3,0.005,0.0001,1.32665,0.3502,1779
28,12,age_bin,ema_lr1e-2,0.01,0.0001,1.28787,0.34289,1779
28,12,age_bin,ema_lr5e-2,0.05,0.0001,1.66087,0.33671,1779
28,12,age_bin,ema_lr1e-2_wd1e-3,0.01,0.001,1.23915,0.36875,1779
28,12,age_bin,ema_d0.99,0.01,0.0001,1.27482,0.36031,1779
28,12,age_bin,ema_d0.9999,0.01,0.0001,1.24983,0.36762,1779
28,12,age_bin,mlp_h16,0.001,0.0,1.05836,0.50141,1779
28,12,age_bin,mlp_h32,0.001,0.0,1.03342,0.50759,1779
28,12,age_bin,mlp_h64,0.001,0.0,1.02217,0.52164,1779
28,12,age_bin,mlp_h128,0.001,0.0,1.02151,0.52333,1779
28,12,age_bin,attention,0.0001,1e-05,1.11754,0.30469,1779
28,12,age_bin,shuffled,0.01,0.0001,1.30298,0.34739,1779
28,12,gender,ema_lr1e-3,0.001,0.0001,0.85871,0.50141,1779
28,12,gender,ema_lr5e-3,0.005,0.0001,0.83183,0.50534,1779
28,12,gender,ema_lr1e-2,0.01,0.0001,0.8257,0.49803,1779
28,12,gender,ema_lr5e-2,0.05,0.0001,1.33947,0.54862,1779
28,12,gender,ema_lr1e-2_wd1e-3,0.01,0.001,0.84551,0.50365,1779
28,12,gender,ema_d0.99,0.01,0.0001,0.81776,0.52277,1779
28,12,gender,ema_d0.9999,0.01,0.0001,0.81443,0.52333,1779
28,12,gender,mlp_h16,0.001,0.0,0.69484,0.53007,1779
28,12,gender,mlp_h32,0.001,0.0,0.69325,0.53288,1779
28,12,gender,mlp_h64,0.001,0.0,0.70214,0.52501,1779
28,12,gender,mlp_h128,0.001,0.0,0.70969,0.50084,1779
28,12,gender,attention,0.0001,1e-05,0.67911,0.54688,1779
28,12,gender,shuffled,0.01,0.0001,0.82895,0.50028,1779
28,12,star_sign,ema_lr1e-3,0.001,0.0001,2.93372,0.07139,1779
28,12,star_sign,ema_lr5e-3,0.005,0.0001,2.66474,0.12816,1779
28,12,star_sign,ema_lr1e-2,0.01,0.0001,2.51286,0.14952,1779
28,12,star_sign,ema_lr5e-2,0.05,0.0001,1.70112,0.51602,1779
28,12,star_sign,ema_lr1e-2_wd1e-3,0.01,0.001,2.58187,0.11861,1779
28,12,star_sign,ema_d0.99,0.01,0.0001,2.58822,0.12142,1779
28,12,star_sign,ema_d0.9999,0.01,0.0001,2.57131,0.13828,1779
28,12,star_sign,mlp_h16,0.001,0.0,0.10095,1.0,1779
28,12,star_sign,mlp_h32,0.001,0.0,0.02842,1.0,1779
28,12,star_sign,mlp_h64,0.001,0.0,0.00275,1.0,1779
28,12,star_sign,mlp_h128,0.001,0.0,0.00049,1.0,1779
28,12,star_sign,attention,0.0001,1e-05,0.0,1.0,1779
28,12,star_sign,shuffled,0.01,0.0001,2.62185,0.13547,1779
28,16,age_bin,ema_lr1e-3,0.001,0.0001,1.40676,0.34626,1779
28,16,age_bin,ema_lr5e-3,0.005,0.0001,1.3335,0.33952,1779
28,16,age_bin,ema_lr1e-2,0.01,0.0001,1.28502,0.37605,1779
28,16,age_bin,ema_lr5e-2,0.05,0.0001,1.40528,0.34739,1779
28,16,age_bin,ema_lr1e-2_wd1e-3,0.01,0.001,1.36569,0.33502,1779
28,16,age_bin,ema_d0.99,0.01,0.0001,1.31549,0.35526,1779
28,16,age_bin,ema_d0.9999,0.01,0.0001,1.2786,0.34401,1779
28,16,age_bin,mlp_h16,0.001,0.0,1.03161,0.52389,1779
28,16,age_bin,mlp_h32,0.001,0.0,1.04675,0.49241,1779
28,16,age_bin,mlp_h64,0.001,0.0,1.0172,0.52333,1779
28,16,age_bin,mlp_h128,0.001,0.0,1.01435,0.53907,1779
28,16,age_bin,attention,0.0001,1e-05,1.08296,0.4375,1779
28,16,age_bin,shuffled,0.01,0.0001,1.29911,0.34739,1779
28,16,gender,ema_lr1e-3,0.001,0.0001,0.89635,0.50534,1779
28,16,gender,ema_lr5e-3,0.005,0.0001,0.84793,0.52951,1779
28,16,gender,ema_lr1e-2,0.01,0.0001,0.84694,0.50309,1779
28,16,gender,ema_lr5e-2,0.05,0.0001,1.21607,0.53064,1779
28,16,gender,ema_lr1e-2_wd1e-3,0.01,0.001,0.81447,0.50703,1779
28,16,gender,ema_d0.99,0.01,0.0001,0.84325,0.48848,1779
28,16,gender,ema_d0.9999,0.01,0.0001,0.86294,0.49073,1779
28,16,gender,mlp_h16,0.001,0.0,0.69443,0.52895,1779
28,16,gender,mlp_h32,0.001,0.0,0.69404,0.54469,1779
28,16,gender,mlp_h64,0.001,0.0,0.70918,0.52839,1779
28,16,gender,mlp_h128,0.001,0.0,0.70773,0.52164,1779
28,16,gender,attention,0.0001,1e-05,3.85686,0.46094,1779
28,16,gender,shuffled,0.01,0.0001,0.8552,0.48791,1779
28,16,star_sign,ema_lr1e-3,0.001,0.0001,2.90854,0.1068,1779
28,16,star_sign,ema_lr5e-3,0.005,0.0001,2.80706,0.12816,1779
28,16,star_sign,ema_lr1e-2,0.01,0.0001,2.61391,0.13547,1779
28,16,star_sign,ema_lr5e-2,0.05,0.0001,1.69853,0.5222,1779
28,16,star_sign,ema_lr1e-2_wd1e-3,0.01,0.001,2.6802,0.1158,1779
28,16,star_sign,ema_d0.99,0.01,0.0001,2.6704,0.12591,1779
28,16,star_sign,ema_d0.9999,0.01,0.0001,2.61446,0.13322,1779
28,16,star_sign,mlp_h16,0.001,0.0,1.3436,0.32322,1779
28,16,star_sign,mlp_h32,0.001,0.0,0.01026,1.0,1779
28,16,star_sign,mlp_h64,0.001,0.0,0.00692,1.0,1779
28,16,star_sign,mlp_h128,0.001,0.0,0.00209,1.0,1779
28,16,star_sign,attention,0.0001,1e-05,0.1596,1.0,1779
28,16,star_sign,shuffled,0.01,0.0001,2.64333,0.13547,1779
28,20,age_bin,ema_lr1e-3,0.001,0.0001,1.49141,0.35863,1779
28,20,age_bin,ema_lr5e-3,0.005,0.0001,1.40239,0.32715,1779
28,20,age_bin,ema_lr1e-2,0.01,0.0001,1.43765,0.32884,1779
28,20,age_bin,ema_lr5e-2,0.05,0.0001,1.26227,0.42327,1779
28,20,age_bin,ema_lr1e-2_wd1e-3,0.01,0.001,1.35872,0.36706,1779
28,20,age_bin,ema_d0.99,0.01,0.0001,1.39501,0.32996,1779
28,20,age_bin,ema_d0.9999,0.01,0.0001,1.43365,0.34514,1779
28,20,age_bin,mlp_h16,0.001,0.0,1.03717,0.49241,1779
28,20,age_bin,mlp_h32,0.001,0.0,1.02767,0.49916,1779
28,20,age_bin,mlp_h64,0.001,0.0,1.0174,0.51996,1779
28,20,age_bin,mlp_h128,0.001,0.0,1.01172,0.53176,1779
28,20,age_bin,attention,0.0001,1e-05,15.47208,0.28906,1779
28,20,age_bin,shuffled,0.01,0.0001,1.32799,0.35076,1779
28,20,gender,ema_lr1e-3,0.001,0.0001,0.94141,0.51996,1779
28,20,gender,ema_lr5e-3,0.005,0.0001,0.90343,0.51827,1779
28,20,gender,ema_lr1e-2,0.01,0.0001,0.86494,0.52333,1779
28,20,gender,ema_lr5e-2,0.05,0.0001,0.95199,0.53007,1779
28,20,gender,ema_lr1e-2_wd1e-3,0.01,0.001,0.87769,0.50422,1779
28,20,gender,ema_d0.99,0.01,0.0001,0.88835,0.51827,1779
28,20,gender,ema_d0.9999,0.01,0.0001,0.8866,0.51996,1779
28,20,gender,mlp_h16,0.001,0.0,0.69577,0.53626,1779
28,20,gender,mlp_h32,0.001,0.0,0.69032,0.53682,1779
28,20,gender,mlp_h64,0.001,0.0,0.69394,0.55593,1779
28,20,gender,mlp_h128,0.001,0.0,0.69018,0.55312,1779
28,20,gender,attention,0.0001,1e-05,0.73276,0.50781,1779
28,20,gender,shuffled,0.01,0.0001,0.89942,0.51377,1779
28,20,star_sign,ema_lr1e-3,0.001,0.0001,3.16278,0.07757,1779
28,20,star_sign,ema_lr5e-3,0.005,0.0001,2.9466,0.09725,1779
28,20,star_sign,ema_lr1e-2,0.01,0.0001,2.78514,0.14165,1779
28,20,star_sign,ema_lr5e-2,0.05,0.0001,1.68648,0.5104,1779
28,20,star_sign,ema_lr1e-2_wd1e-3,0.01,0.001,2.81241,0.12254,1779
28,20,star_sign,ema_d0.99,0.01,0.0001,2.7597,0.11804,1779
28,20,star_sign,ema_d0.9999,0.01,0.0001,2.7802,0.12816,1779
28,20,star_sign,mlp_h16,0.001,0.0,0.39996,1.0,1779
28,20,star_sign,mlp_h32,0.001,0.0,0.22523,1.0,1779
28,20,star_sign,mlp_h64,0.001,0.0,0.05772,1.0,1779
28,20,star_sign,mlp_h128,0.001,0.0,0.00869,1.0,1779
28,20,star_sign,attention,0.0001,1e-05,0.0,1.0,1779
28,20,star_sign,shuffled,0.01,0.0001,2.74586,0.13435,1779
28,24,age_bin,ema_lr1e-3,0.001,0.0001,1.52154,0.35245,1779
28,24,age_bin,ema_lr5e-3,0.005,0.0001,1.54955,0.30298,1779
28,24,age_bin,ema_lr1e-2,0.01,0.0001,1.29294,0.37268,1779
28,24,age_bin,ema_lr5e-2,0.05,0.0001,1.19641,0.40079,1779
28,24,age_bin,ema_lr1e-2_wd1e-3,0.01,0.001,1.3328,0.37437,1779
28,24,age_bin,ema_d0.99,0.01,0.0001,1.41251,0.34177,1779
28,24,age_bin,ema_d0.9999,0.01,0.0001,1.50917,0.32884,1779
28,24,age_bin,mlp_h16,0.001,0.0,1.04957,0.44295,1779
28,24,age_bin,mlp_h32,0.001,0.0,1.01909,0.52052,1779
28,24,age_bin,mlp_h64,0.001,0.0,1.01028,0.5312,1779
28,24,age_bin,mlp_h128,0.001,0.0,1.02936,0.5149,1779
28,24,age_bin,attention,0.0001,1e-05,2.81871,0.40625,1779
28,24,age_bin,shuffled,0.01,0.0001,1.39144,0.34233,1779
28,24,gender,ema_lr1e-3,0.001,0.0001,0.96975,0.52839,1779
28,24,gender,ema_lr5e-3,0.005,0.0001,0.95378,0.50703,1779
28,24,gender,ema_lr1e-2,0.01,0.0001,0.84445,0.54132,1779
28,24,gender,ema_lr5e-2,0.05,0.0001,0.79809,0.51939,1779
28,24,gender,ema_lr1e-2_wd1e-3,0.01,0.001,0.88292,0.53907,1779
28,24,gender,ema_d0.99,0.01,0.0001,0.91093,0.51546,1779
28,24,gender,ema_d0.9999,0.01,0.0001,0.91144,0.50927,1779
28,24,gender,mlp_h16,0.001,0.0,0.70201,0.53457,1779
28,24,gender,mlp_h32,0.001,0.0,0.70367,0.55256,1779
28,24,gender,mlp_h64,0.001,0.0,0.69686,0.56605,1779
28,24,gender,mlp_h128,0.001,0.0,0.70116,0.55087,1779
28,24,gender,attention,0.0001,1e-05,1.62144,0.5,1779
28,24,gender,shuffled,0.01,0.0001,0.92176,0.47049,1779
28,24,star_sign,ema_lr1e-3,0.001,0.0001,3.24171,0.08207,1779
28,24,star_sign,ema_lr5e-3,0.005,0.0001,2.96636,0.1113,1779
28,24,star_sign,ema_lr1e-2,0.01,0.0001,2.74189,0.16358,1779
28,24,star_sign,ema_lr5e-2,0.05,0.0001,1.74369,0.47723,1779
28,24,star_sign,ema_lr1e-2_wd1e-3,0.01,0.001,2.81008,0.12254,1779
28,24,star_sign,ema_d0.99,0.01,0.0001,2.86807,0.12648,1779
28,24,star_sign,ema_d0.9999,0.01,0.0001,2.8149,0.12591,1779
28,24,star_sign,mlp_h16,0.001,0.0,2.08129,0.28612,1779
28,24,star_sign,mlp_h32,0.001,0.0,0.72178,0.99888,1779
28,24,star_sign,mlp_h64,0.001,0.0,0.15244,1.0,1779
28,24,star_sign,mlp_h128,0.001,0.0,0.04028,1.0,1779
28,24,star_sign,attention,0.0001,1e-05,0.00015,1.0,1779
28,24,star_sign,shuffled,0.01,0.0001,2.73141,0.12929,1779
29,0,age_bin,ema_lr1e-3,0.001,0.0001,1.5077,0.32667,1751
29,0,age_bin,ema_lr5e-3,0.005,0.0001,1.46854,0.35237,1751
29,0,age_bin,ema_lr1e-2,0.01,0.0001,1.36405,0.34495,1751
29,0,age_bin,ema_lr5e-2,0.05,0.0001,1.21169,0.41462,1751
29,0,age_bin,ema_lr1e-2_wd1e-3,0.01,0.001,1.33076,0.3695,1751
29,0,age_bin,ema_d0.99,0.01,0.0001,1.34825,0.34266,1751
29,0,age_bin,ema_d0.9999,0.01,0.0001,1.34562,0.3438,1751
29,0,age_bin,mlp_h16,0.001,0.0,1.04414,0.49058,1751
29,0,age_bin,mlp_h32,0.001,0.0,1.02985,0.50143,1751
29,0,age_bin,mlp_h64,0.001,0.0,1.03697,0.50029,1751
29,0,age_bin,mlp_h128,0.001,0.0,1.03726,0.49572,1751
29,0,age_bin,attention,0.0001,1e-05,1.08255,0.53906,1751
29,0,age_bin,shuffled,0.01,0.0001,1.36903,0.3261,1751
29,0,gender,ema_lr1e-3,0.001,0.0001,1.01641,0.51571,1751
29,0,gender,ema_lr5e-3,0.005,0.0001,0.90015,0.50543,1751
29,0,gender,ema_lr1e-2,0.01,0.0001,0.93386,0.48943,1751
29,0,gender,ema_lr5e-2,0.05,0.0001,0.8726,0.48658,1751
29,0,gender,ema_lr1e-2_wd1e-3,0.01,0.001,0.87593,0.50257,1751
29,0,gender,ema_d0.99,0.01,0.0001,0.87581,0.48429,1751
29,0,gender,ema_d0.9999,0.01,0.0001,0.86843,0.52142,1751
29,0,gender,mlp_h16,0.001,0.0,0.6904,0.53113,1751
29,0,gender,mlp_h32,0.001,0.0,0.69725,0.51171,1751
29,0,gender,mlp_h64,0.001,0.0,0.69526,0.53055,1751
29,0,gender,mlp_h128,0.001,0.0,0.72623,0.48715,1751
29,0,gender,attention,0.0001,1e-05,0.69295,0.48438,1751
29,0,gender,shuffled,0.01,0.0001,0.88095,0.50771,1751
29,0,star_sign,ema_lr1e-3,0.001,0.0001,3.29521,0.08395,1751
29,0,star_sign,ema_lr5e-3,0.005,0.0001,2.95865,0.13078,1751
29,0,star_sign,ema_lr1e-2,0.01,0.0001,2.80462,0.13878,1751
29,0,star_sign,ema_lr5e-2,0.05,0.0001,1.71348,0.62421,1751
29,0,star_sign,ema_lr1e-2_wd1e-3,0.01,0.001,2.7504,0.15762,1751
29,0,star_sign,ema_d0.99,0.01,0.0001,2.82146,0.10223,1751
29,0,star_sign,ema_d0.9999,0.01,0.0001,2.77998,0.14392,1751
29,0,star_sign,mlp_h16,0.001,0.0,0.66902,0.90463,1751
29,0,star_sign,mlp_h32,0.001,0.0,0.31568,0.99943,1751
29,0,star_sign,mlp_h64,0.001,0.0,0.04597,1.0,1751
29,0,star_sign,mlp_h128,0.001,0.0,0.01732,1.0,1751
29,0,star_sign,attention,0.0001,1e-05,2.3954,1.0,1751
29,0,star_sign,shuffled,0.01,0.0001,2.79706,0.15191,1751
29,4,age_bin,ema_lr1e-3,0.001,0.0001,1.41487,0.32039,1751
29,4,age_bin,ema_lr5e-3,0.005,0.0001,1.31207,0.3518,1751
29,4,age_bin,ema_lr1e-2,0.01,0.0001,1.252,0.3478,1751
29,4,age_bin,ema_lr5e-2,0.05,0.0001,1.83566,0.29183,1751
29,4,age_bin,ema_lr1e-2_wd1e-3,0.01,0.001,1.27156,0.34837,1751
29,4,age_bin,ema_d0.99,0.01,0.0001,1.28656,0.34152,1751
29,4,age_bin,ema_d0.9999,0.01,0.0001,1.27807,0.34609,1751
29,4,age_bin,mlp_h16,0.001,0.0,1.04305,0.47915,1751
29,4,age_bin,mlp_h32,0.001,0.0,1.02636,0.49971,1751
29,4,age_bin,mlp_h64,0.001,0.0,1.03039,0.49686,1751
29,4,age_bin,mlp_h128,0.001,0.0,1.03929,0.49001,1751
29,4,age_bin,attention,0.0001,1e-05,0.98414,0.53906,1751
29,4,age_bin,shuffled,0.01,0.0001,1.26778,0.32153,1751
29,4,gender,ema_lr1e-3,0.001,0.0001,0.85012,0.49629,1751
29,4,gender,ema_lr5e-3,0.005,0.0001,0.85485,0.49058,1751
29,4,gender,ema_lr1e-2,0.01,0.0001,0.80092,0.53055,1751
29,4,gender,ema_lr5e-2,0.05,0.0001,1.49648,0.57738,1751
29,4,gender,ema_lr1e-2_wd1e-3,0.01,0.001,0.84419,0.48658,1751
29,4,gender,ema_d0.99,0.01,0.0001,0.82685,0.49457,1751
29,4,gender,ema_d0.9999,0.01,0.0001,0.8012,0.49857,1751
29,4,gender,mlp_h16,0.001,0.0,0.6947,0.52427,1751
29,4,gender,mlp_h32,0.001,0.0,0.68942,0.55168,1751
29,4,gender,mlp_h64,0.001,0.0,0.67769,0.5791,1751
29,4,gender,mlp_h128,0.001,0.0,0.67853,0.58938,1751
29,4,gender,attention,0.0001,1e-05,1.38544,0.5,1751
29,4,gender,shuffled,0.01,0.0001,0.81783,0.49115,1751
29,4,star_sign,ema_lr1e-3,0.001,0.0001,2.90106,0.06739,1751
29,4,star_sign,ema_lr5e-3,0.005,0.0001,2.68756,0.10051,1751
29,4,star_sign,ema_lr1e-2,0.01,0.0001,2.54468,0.14049,1751
29,4,star_sign,ema_lr5e-2,0.05,0.0001,1.59964,0.59452,1751
29,4,star_sign,ema_lr1e-2_wd1e-3,0.01,0.001,2.47922,0.15363,1751
29,4,star_sign,ema_d0.99,0.01,0.0001,2.511,0.1502,1751
29,4,star_sign,ema_d0.9999,0.01,0.0001,2.57053,0.13078,1751
29,4,star_sign,mlp_h16,0.001,0.0,0.0928,1.0,1751
29,4,star_sign,mlp_h32,0.001,0.0,0.01552,1.0,1751
29,4,star_sign,mlp_h64,0.001,0.0,0.00841,1.0,1751
29,4,star_sign,mlp_h128,0.001,0.0,0.00041,1.0,1751
29,4,star_sign,attention,0.0001,1e-05,1.00674,1.0,1751
29,4,star_sign,shuffled,0.01,0.0001,2.57287,0.13935,1751
29,8,age_bin,ema_lr1e-3,0.001,0.0001,1.39286,0.3044,1751
29,8,age_bin,ema_lr5e-3,0.005,0.0001,1.36614,0.3301,1751
29,8,age_bin,ema_lr1e-2,0.01,0.0001,1.25798,0.36551,1751
29,8,age_bin,ema_lr5e-2,0.05,0.0001,1.77051,0.30897,1751
29,8,age_bin,ema_lr1e-2_wd1e-3,0.01,0.001,1.24432,0.37407,1751
29,8,age_bin,ema_d0.99,0.01,0.0001,1.26911,0.35523,1751
29,8,age_bin,ema_d0.9999,0.01,0.0001,1.3334,0.33067,1751
29,8,age_bin,mlp_h16,0.001,0.0,1.03341,0.494,1751
29,8,age_bin,mlp_h32,0.001,0.0,1.02322,0.49743,1751
29,8,age_bin,mlp_h64,0.001,0.0,1.02038,0.49914,1751
29,8,age_bin,mlp_h128,0.001,0.0,1.01976,0.498,1751
29,8,age_bin,attention,0.0001,1e-05,0.9909,0.54688,1751
29,8,age_bin,shuffled,0.01,0.0001,1.27635,0.3261,1751
29,8,gender,ema_lr1e-3,0.001,0.0001,0.88717,0.48829,1751
29,8,gender,ema_lr5e-3,0.005,0.0001,0.84033,0.50143,1751
29,8,gender,ema_lr1e-2,0.01,0.0001,0.80341,0.53741,1751
29,8,gender,ema_lr5e-2,0.05,0.0001,1.33582,0.58252,1751
29,8,gender,ema_lr1e-2_wd1e-3,0.01,0.001,0.81899,0.50086,1751
29,8,gender,ema_d0.99,0.01,0.0001,0.83102,0.49286,1751
29,8,gender,ema_d0.9999,0.01,0.0001,0.82525,0.48372,1751
29,8,gender,mlp_h16,0.001,0.0,0.69649,0.53341,1751
29,8,gender,mlp_h32,0.001,0.0,0.68059,0.57738,1751
29,8,gender,mlp_h64,0.001,0.0,0.67668,0.57967,1751
29,8,gender,mlp_h128,0.001,0.0,0.68947,0.55226,1751
29,8,gender,attention,0.0001,1e-05,2.99946,0.5,1751
29,8,gender,shuffled,0.01,0.0001,0.826,0.50029,1751
29,8,star_sign,ema_lr1e-3,0.001,0.0001,2.90451,0.05939,1751
29,8,star_sign,ema_lr5e-3,0.005,0.0001,2.80015,0.13135,1751
29,8,star_sign,ema_lr1e-2,0.01,0.0001,2.59625,0.11479,1751
29,8,star_sign,ema_lr5e-2,0.05,0.0001,1.92477,0.74129,1751
29,8,star_sign,ema_lr1e-2_wd1e-3,0.01,0.001,2.59436,0.14677,1751
29,8,star_sign,ema_d0.99,0.01,0.0001,2.62436,0.1285,1751
29,8,star_sign,ema_d0.9999,0.01,0.0001,2.5593,0.13364,1751
29,8,star_sign,mlp_h16,0.001,0.0,1.45632,0.25243,1751
29,8,star_sign,mlp_h32,0.001,0.0,0.02331,1.0,1751
29,8,star_sign,mlp_h64,0.001,0.0,0.0043,1.0,1751
29,8,star_sign,mlp_h128,0.001,0.0,0.00033,1.0,1751
29,8,star_sign,attention,0.0001,1e-05,0.58225,1.0,1751
29,8,star_sign,shuffled,0.01,0.0001,2.61949,0.13078,1751
29,12,age_bin,ema_lr1e-3,0.001,0.0001,1.32936,0.36151,1751
29,12,age_bin,ema_lr5e-3,0.005,0.0001,1.31219,0.34951,1751
29,12,age_bin,ema_lr1e-2,0.01,0.0001,1.30756,0.32267,1751
29,12,age_bin,ema_lr5e-2,0.05,0.0001,1.75015,0.30268,1751
29,12,age_bin,ema_lr1e-2_wd1e-3,0.01,0.001,1.31617,0.3301,1751
29,12,age_bin,ema_d0.99,0.01,0.0001,1.23032,0.39178,1751
29,12,age_bin,ema_d0.9999,0.01,0.0001,1.21778,0.36037,1751
29,12,age_bin,mlp_h16,0.001,0.0,1.0423,0.48258,1751
29,12,age_bin,mlp_h32,0.001,0.0,1.02221,0.49572,1751
29,12,age_bin,mlp_h64,0.001,0.0,1.0135,0.52427,1751
29,12,age_bin,mlp_h128,0.001,0.0,1.02947,0.502,1751
29,12,age_bin,attention,0.0001,1e-05,1.14926,0.27344,1751
29,12,age_bin,shuffled,0.01,0.0001,1.29526,0.33409,1751
29,12,gender,ema_lr1e-3,0.001,0.0001,0.86961,0.49914,1751
29,12,gender,ema_lr5e-3,0.005,0.0001,0.87255,0.48715,1751
29,12,gender,ema_lr1e-2,0.01,0.0001,0.85237,0.47858,1751
29,12,gender,ema_lr5e-2,0.05,0.0001,1.37519,0.56596,1751
29,12,gender,ema_lr1e-2_wd1e-3,0.01,0.001,0.81678,0.51571,1751
29,12,gender,ema_d0.99,0.01,0.0001,0.89266,0.46887,1751
29,12,gender,ema_d0.9999,0.01,0.0001,0.8064,0.52027,1751
29,12,gender,mlp_h16,0.001,0.0,0.68775,0.5494,1751
29,12,gender,mlp_h32,0.001,0.0,0.68571,0.55797,1751
29,12,gender,mlp_h64,0.001,0.0,0.6786,0.56882,1751
29,12,gender,mlp_h128,0.001,0.0,0.67355,0.5791,1751
29,12,gender,attention,0.0001,1e-05,0.70314,0.46875,1751
29,12,gender,shuffled,0.01,0.0001,0.84337,0.494,1751
29,12,star_sign,ema_lr1e-3,0.001,0.0001,2.93808,0.07025,1751
29,12,star_sign,ema_lr5e-3,0.005,0.0001,2.70123,0.10508,1751
29,12,star_sign,ema_lr1e-2,0.01,0.0001,2.54427,0.15762,1751
29,12,star_sign,ema_lr5e-2,0.05,0.0001,1.70001,0.61051,1751
29,12,star_sign,ema_lr1e-2_wd1e-3,0.01,0.001,2.52059,0.13821,1751
29,12,star_sign,ema_d0.99,0.01,0.0001,2.56266,0.1285,1751
29,12,star_sign,ema_d0.9999,0.01,0.0001,2.53778,0.15705,1751
29,12,star_sign,mlp_h16,0.001,0.0,0.08305,1.0,1751
29,12,star_sign,mlp_h32,0.001,0.0,0.02328,1.0,1751
29,12,star_sign,mlp_h64,0.001,0.0,0.00218,1.0,1751
29,12,star_sign,mlp_h128,0.001,0.0,0.00039,1.0,1751
29,12,star_sign,attention,0.0001,1e-05,0.0,1.0,1751
29,12,star_sign,shuffled,0.01,0.0001,2.56772,0.15363,1751
29,16,age_bin,ema_lr1e-3,0.001,0.0001,1.36625,0.36265,1751
29,16,age_bin,ema_lr5e-3,0.005,0.0001,1.34526,0.34152,1751
29,16,age_bin,ema_lr1e-2,0.01,0.0001,1.3528,0.35637,1751
29,16,age_bin,ema_lr5e-2,0.05,0.0001,1.68153,0.45117,1751
29,16,age_bin,ema_lr1e-2_wd1e-3,0.01,0.001,1.34716,0.33067,1751
29,16,age_bin,ema_d0.99,0.01,0.0001,1.26361,0.35694,1751
29,16,age_bin,ema_d0.9999,0.01,0.0001,1.25733,0.36037,1751
29,16,age_bin,mlp_h16,0.001,0.0,1.00803,0.52027,1751
29,16,age_bin,mlp_h32,0.001,0.0,1.00961,0.49971,1751
29,16,age_bin,mlp_h64,0.001,0.0,1.00239,0.51228,1751
29,16,age_bin,mlp_h128,0.001,0.0,0.98876,0.54198,1751
29,16,age_bin,attention,0.0001,1e-05,0.99292,0.53125,1751
29,16,age_bin,shuffled,0.01,0.0001,1.31396,0.34152,1751
29,16,gender,ema_lr1e-3,0.001,0.0001,0.89103,0.50314,1751
29,16,gender,ema_lr5e-3,0.005,0.0001,0.84139,0.51399,1751
29,16,gender,ema_lr1e-2,0.01,0.0001,0.83633,0.48087,1751
29,16,gender,ema_lr5e-2,0.05,0.0001,1.23007,0.56539,1751
29,16,gender,ema_lr1e-2_wd1e-3,0.01,0.001,0.81103,0.53113,1751
29,16,gender,ema_d0.99,0.01,0.0001,0.86636,0.48429,1751
29,16,gender,ema_d0.9999,0.01,0.0001,0.84103,0.49857,1751
29,16,gender,mlp_h16,0.001,0.0,0.67791,0.57853,1751
29,16,gender,mlp_h32,0.001,0.0,0.67656,0.56768,1751
29,16,gender,mlp_h64,0.001,0.0,0.66899,0.57738,1751
29,16,gender,mlp_h128,0.001,0.0,0.6708,0.59166,1751
29,16,gender,attention,0.0001,1e-05,2.51058,0.49219,1751
29,16,gender,shuffled,0.01,0.0001,0.81501,0.50029,1751
29,16,star_sign,ema_lr1e-3,0.001,0.0001,2.9296,0.08509,1751
29,16,star_sign,ema_lr5e-3,0.005,0.0001,2.70655,0.13135,1751
29,16,star_sign,ema_lr1e-2,0.01,0.0001,2.67376,0.11136,1751
29,16,star_sign,ema_lr5e-2,0.05,0.0001,1.74293,0.46202,1751
29,16,star_sign,ema_lr1e-2_wd1e-3,0.01,0.001,2.6274,0.11422,1751
29,16,star_sign,ema_d0.99,0.01,0.0001,2.60753,0.13478,1751
29,16,star_sign,ema_d0.9999,0.01,0.0001,2.72515,0.10737,1751
29,16,star_sign,mlp_h16,0.001,0.0,1.2654,0.41234,1751
29,16,star_sign,mlp_h32,0.001,0.0,0.00833,1.0,1751
29,16,star_sign,mlp_h64,0.001,0.0,0.0058,1.0,1751
29,16,star_sign,mlp_h128,0.001,0.0,0.00167,1.0,1751
29,16,star_sign,attention,0.0001,1e-05,0.14437,1.0,1751
29,16,star_sign,shuffled,0.01,0.0001,2.60667,0.14449,1751
29,20,age_bin,ema_lr1e-3,0.001,0.0001,1.54382,0.34038,1751
29,20,age_bin,ema_lr5e-3,0.005,0.0001,1.40876,0.35808,1751
29,20,age_bin,ema_lr1e-2,0.01,0.0001,1.37206,0.34095,1751
29,20,age_bin,ema_lr5e-2,0.05,0.0001,1.27031,0.39006,1751
29,20,age_bin,ema_lr1e-2_wd1e-3,0.01,0.001,1.32658,0.35808,1751
29,20,age_bin,ema_d0.99,0.01,0.0001,1.34145,0.36779,1751
29,20,age_bin,ema_d0.9999,0.01,0.0001,1.35296,0.36722,1751
29,20,age_bin,mlp_h16,0.001,0.0,1.0174,0.498,1751
29,20,age_bin,mlp_h32,0.001,0.0,1.01077,0.50485,1751
29,20,age_bin,mlp_h64,0.001,0.0,0.98882,0.52256,1751
29,20,age_bin,mlp_h128,0.001,0.0,0.98483,0.53284,1751
29,20,age_bin,attention,0.0001,1e-05,14.85184,0.19531,1751
29,20,age_bin,shuffled,0.01,0.0001,1.39836,0.3221,1751
29,20,gender,ema_lr1e-3,0.001,0.0001,0.99684,0.49343,1751
29,20,gender,ema_lr5e-3,0.005,0.0001,0.89893,0.51685,1751
29,20,gender,ema_lr1e-2,0.01,0.0001,0.85161,0.52827,1751
29,20,gender,ema_lr5e-2,0.05,0.0001,0.92618,0.57396,1751
29,20,gender,ema_lr1e-2_wd1e-3,0.01,0.001,0.89918,0.49686,1751
29,20,gender,ema_d0.99,0.01,0.0001,0.8841,0.52027,1751
29,20,gender,ema_d0.9999,0.01,0.0001,0.87569,0.51799,1751
29,20,gender,mlp_h16,0.001,0.0,0.67395,0.56482,1751
29,20,gender,mlp_h32,0.001,0.0,0.67573,0.57282,1751
29,20,gender,mlp_h64,0.001,0.0,0.6818,0.5751,1751
29,20,gender,mlp_h128,0.001,0.0,0.68197,0.5671,1751
29,20,gender,attention,0.0001,1e-05,0.73154,0.5,1751
29,20,gender,shuffled,0.01,0.0001,0.89466,0.50543,1751
29,20,star_sign,ema_lr1e-3,0.001,0.0001,3.21632,0.07139,1751
29,20,star_sign,ema_lr5e-3,0.005,0.0001,2.91003,0.09766,1751
29,20,star_sign,ema_lr1e-2,0.01,0.0001,2.73114,0.16505,1751
29,20,star_sign,ema_lr5e-2,0.05,0.0001,1.72245,0.49686,1751
29,20,star_sign,ema_lr1e-2_wd1e-3,0.01,0.001,2.77104,0.12279,1751
29,20,star_sign,ema_d0.99,0.01,0.0001,2.75224,0.12279,1751
29,20,star_sign,ema_d0.9999,0.01,0.0001,2.76675,0.12678,1751
29,20,star_sign,mlp_h16,0.001,0.0,0.34098,1.0,1751
29,20,star_sign,mlp_h32,0.001,0.0,0.18881,0.99943,1751
29,20,star_sign,mlp_h64,0.001,0.0,0.04307,1.0,1751
29,20,star_sign,mlp_h128,0.001,0.0,0.00591,1.0,1751
29,20,star_sign,attention,0.0001,1e-05,0.0,1.0,1751
29,20,star_sign,shuffled,0.01,0.0001,2.80388,0.14163,1751
29,24,age_bin,ema_lr1e-3,0.001,0.0001,1.52502,0.36836,1751
29,24,age_bin,ema_lr5e-3,0.005,0.0001,1.3707,0.38721,1751
29,24,age_bin,ema_lr1e-2,0.01,0.0001,1.35333,0.35408,1751
29,24,age_bin,ema_lr5e-2,0.05,0.0001,1.24944,0.39749,1751
29,24,age_bin,ema_lr1e-2_wd1e-3,0.01,0.001,1.38473,0.35123,1751
29,24,age_bin,ema_d0.99,0.01,0.0001,1.3348,0.38892,1751
29,24,age_bin,ema_d0.9999,0.01,0.0001,1.45409,0.34894,1751
29,24,age_bin,mlp_h16,0.001,0.0,1.00914,0.49857,1751
29,24,age_bin,mlp_h32,0.001,0.0,1.00142,0.51513,1751
29,24,age_bin,mlp_h64,0.001,0.0,0.9886,0.52884,1751
29,24,age_bin,mlp_h128,0.001,0.0,0.9829,0.52827,1751
29,24,age_bin,attention,0.0001,1e-05,2.19583,0.46094,1751
29,24,age_bin,shuffled,0.01,0.0001,1.39802,0.33866,1751
29,24,gender,ema_lr1e-3,0.001,0.0001,0.95917,0.51057,1751
29,24,gender,ema_lr5e-3,0.005,0.0001,0.90075,0.53227,1751
29,24,gender,ema_lr1e-2,0.01,0.0001,0.94827,0.49172,1751
29,24,gender,ema_lr5e-2,0.05,0.0001,0.78611,0.52313,1751
29,24,gender,ema_lr1e-2_wd1e-3,0.01,0.001,0.82934,0.56311,1751
29,24,gender,ema_d0.99,0.01,0.0001,0.89298,0.5277,1751
29,24,gender,ema_d0.9999,0.01,0.0001,0.87832,0.51913,1751
29,24,gender,mlp_h16,0.001,0.0,0.65987,0.59852,1751
29,24,gender,mlp_h32,0.001,0.0,0.66976,0.58824,1751
29,24,gender,mlp_h64,0.001,0.0,0.66927,0.57453,1751
29,24,gender,mlp_h128,0.001,0.0,0.67791,0.56939,1751
29,24,gender,attention,0.0001,1e-05,1.52023,0.45312,1751
29,24,gender,shuffled,0.01,0.0001,0.88244,0.50428,1751
29,24,star_sign,ema_lr1e-3,0.001,0.0001,3.2044,0.09366,1751
29,24,star_sign,ema_lr5e-3,0.005,0.0001,3.06045,0.10051,1751
29,24,star_sign,ema_lr1e-2,0.01,0.0001,3.00213,0.12793,1751
29,24,star_sign,ema_lr5e-2,0.05,0.0001,1.74645,0.48087,1751
29,24,star_sign,ema_lr1e-2_wd1e-3,0.01,0.001,2.83322,0.1165,1751
29,24,star_sign,ema_d0.99,0.01,0.0001,2.81621,0.14106,1751
29,24,star_sign,ema_d0.9999,0.01,0.0001,2.91938,0.12279,1751
29,24,star_sign,mlp_h16,0.001,0.0,2.00963,0.32381,1751
29,24,star_sign,mlp_h32,0.001,0.0,0.64097,0.99943,1751
29,24,star_sign,mlp_h64,0.001,0.0,0.11052,1.0,1751
29,24,star_sign,mlp_h128,0.001,0.0,0.02804,1.0,1751
29,24,star_sign,attention,0.0001,1e-05,1e-05,1.0,1751
29,24,star_sign,shuffled,0.01,0.0001,2.87045,0.10908,1751
30,0,age_bin,ema_lr1e-3,0.001,0.0001,1.55121,0.3221,2018
30,0,age_bin,ema_lr5e-3,0.005,0.0001,1.46456,0.33746,2018
30,0,age_bin,ema_lr1e-2,0.01,0.0001,1.42219,0.32458,2018
30,0,age_bin,ema_lr5e-2,0.05,0.0001,1.20648,0.43756,2018
30,0,age_bin,ema_lr1e-2_wd1e-3,0.01,0.001,1.38085,0.35927,2018
30,0,age_bin,ema_d0.99,0.01,0.0001,1.42348,0.30079,2018
30,0,age_bin,ema_d0.9999,0.01,0.0001,1.36845,0.34936,2018
30,0,age_bin,mlp_h16,0.001,0.0,1.01499,0.52973,2018
30,0,age_bin,mlp_h32,0.001,0.0,1.01943,0.53419,2018
30,0,age_bin,mlp_h64,0.001,0.0,1.01601,0.53568,2018
30,0,age_bin,mlp_h128,0.001,0.0,1.02231,0.52924,2018
30,0,age_bin,attention,0.0001,1e-05,1.08093,0.53906,2018
30,0,age_bin,shuffled,0.01,0.0001,1.351,0.33152,2018
30,0,gender,ema_lr1e-3,0.001,0.0001,1.05805,0.48811,2018
30,0,gender,ema_lr5e-3,0.005,0.0001,0.94488,0.47572,2018
30,0,gender,ema_lr1e-2,0.01,0.0001,0.8765,0.49455,2018
30,0,gender,ema_lr5e-2,0.05,0.0001,0.92493,0.51487,2018
30,0,gender,ema_lr1e-2_wd1e-3,0.01,0.001,0.86571,0.50991,2018
30,0,gender,ema_d0.99,0.01,0.0001,0.915,0.49058,2018
30,0,gender,ema_d0.9999,0.01,0.0001,0.90191,0.49604,2018
30,0,gender,mlp_h16,0.001,0.0,0.69115,0.52131,2018
30,0,gender,mlp_h32,0.001,0.0,0.69312,0.51784,2018
30,0,gender,mlp_h64,0.001,0.0,0.69068,0.53419,2018
30,0,gender,mlp_h128,0.001,0.0,0.70541,0.51189,2018
30,0,gender,attention,0.0001,1e-05,0.69344,0.50781,2018
30,0,gender,shuffled,0.01,0.0001,0.89239,0.51189,2018
30,0,star_sign,ema_lr1e-3,0.001,0.0001,3.29494,0.08176,2018
30,0,star_sign,ema_lr5e-3,0.005,0.0001,2.91905,0.11298,2018
30,0,star_sign,ema_lr1e-2,0.01,0.0001,2.8677,0.11645,2018
30,0,star_sign,ema_lr5e-2,0.05,0.0001,1.67811,0.59663,2018
30,0,star_sign,ema_lr1e-2_wd1e-3,0.01,0.001,2.7607,0.14767,2018
30,0,star_sign,ema_d0.99,0.01,0.0001,2.84687,0.11546,2018
30,0,star_sign,ema_d0.9999,0.01,0.0001,2.8169,0.13528,2018
30,0,star_sign,mlp_h16,0.001,0.0,0.6478,0.89742,2018
30,0,star_sign,mlp_h32,0.001,0.0,0.31051,0.99901,2018
30,0,star_sign,mlp_h64,0.001,0.0,0.05088,1.0,2018
30,0,star_sign,mlp_h128,0.001,0.0,0.0197,1.0,2018
30,0,star_sign,attention,0.0001,1e-05,2.39271,1.0,2018
30,0,star_sign,shuffled,0.01,0.0001,2.79344,0.167,2018
30,4,age_bin,ema_lr1e-3,0.001,0.0001,1.3898,0.32805,2018
30,4,age_bin,ema_lr5e-3,0.005,0.0001,1.36172,0.31665,2018
30,4,age_bin,ema_lr1e-2,0.01,0.0001,1.30519,0.31318,2018
30,4,age_bin,ema_lr5e-2,0.05,0.0001,1.87809,0.48513,2018
30,4,age_bin,ema_lr1e-2_wd1e-3,0.01,0.001,1.2566,0.36274,2018
30,4,age_bin,ema_d0.99,0.01,0.0001,1.25669,0.35877,2018
30,4,age_bin,ema_d0.9999,0.01,0.0001,1.2892,0.32904,2018
30,4,age_bin,mlp_h16,0.001,0.0,1.01089,0.52775,2018
30,4,age_bin,mlp_h32,0.001,0.0,1.00694,0.53072,2018
30,4,age_bin,mlp_h64,0.001,0.0,1.02142,0.53617,2018
30,4,age_bin,mlp_h128,0.001,0.0,1.04432,0.52874,2018
30,4,age_bin,attention,0.0001,1e-05,0.99885,0.53906,2018
30,4,age_bin,shuffled,0.01,0.0001,1.24823,0.34291,2018
30,4,gender,ema_lr1e-3,0.001,0.0001,0.84708,0.50694,2018
30,4,gender,ema_lr5e-3,0.005,0.0001,0.84524,0.49554,2018
30,4,gender,ema_lr1e-2,0.01,0.0001,0.82697,0.50198,2018
30,4,gender,ema_lr5e-2,0.05,0.0001,1.33204,0.46432,2018
30,4,gender,ema_lr1e-2_wd1e-3,0.01,0.001,0.8304,0.50644,2018
30,4,gender,ema_d0.99,0.01,0.0001,0.80848,0.51189,2018
30,4,gender,ema_d0.9999,0.01,0.0001,0.83744,0.50496,2018
30,4,gender,mlp_h16,0.001,0.0,0.69334,0.51933,2018
30,4,gender,mlp_h32,0.001,0.0,0.69265,0.53221,2018
30,4,gender,mlp_h64,0.001,0.0,0.6924,0.53171,2018
30,4,gender,mlp_h128,0.001,0.0,0.68921,0.53617,2018
30,4,gender,attention,0.0001,1e-05,1.25987,0.51562,2018
30,4,gender,shuffled,0.01,0.0001,0.81039,0.50496,2018
30,4,star_sign,ema_lr1e-3,0.001,0.0001,2.83776,0.07037,2018
30,4,star_sign,ema_lr5e-3,0.005,0.0001,2.69521,0.10258,2018
30,4,star_sign,ema_lr1e-2,0.01,0.0001,2.51518,0.14371,2018
30,4,star_sign,ema_lr5e-2,0.05,0.0001,1.60555,0.61397,2018
30,4,star_sign,ema_lr1e-2_wd1e-3,0.01,0.001,2.55901,0.15907,2018
30,4,star_sign,ema_d0.99,0.01,0.0001,2.53345,0.14817,2018
30,4,star_sign,ema_d0.9999,0.01,0.0001,2.52808,0.1328,2018
30,4,star_sign,mlp_h16,0.001,0.0,0.07565,1.0,2018
30,4,star_sign,mlp_h32,0.001,0.0,0.01372,1.0,2018
30,4,star_sign,mlp_h64,0.001,0.0,0.00747,1.0,2018
30,4,star_sign,mlp_h128,0.001,0.0,0.00037,1.0,2018
30,4,star_sign,attention,0.0001,1e-05,1.03212,1.0,2018
30,4,star_sign,shuffled,0.01,0.0001,2.53567,0.13974,2018
30,8,age_bin,ema_lr1e-3,0.001,0.0001,1.28549,0.35828,2018
30,8,age_bin,ema_lr5e-3,0.005,0.0001,1.32393,0.34093,2018
30,8,age_bin,ema_lr1e-2,0.01,0.0001,1.3301,0.32557,2018
30,8,age_bin,ema_lr5e-2,0.05,0.0001,1.57195,0.46779,2018
30,8,age_bin,ema_lr1e-2_wd1e-3,0.01,0.001,1.30116,0.35382,2018
30,8,age_bin,ema_d0.99,0.01,0.0001,1.33541,0.32805,2018
30,8,age_bin,ema_d0.9999,0.01,0.0001,1.32008,0.32953,2018
30,8,age_bin,mlp_h16,0.001,0.0,1.00888,0.53667,2018
30,8,age_bin,mlp_h32,0.001,0.0,1.01114,0.53469,2018
30,8,age_bin,mlp_h64,0.001,0.0,1.01628,0.53469,2018
30,8,age_bin,mlp_h128,0.001,0.0,1.01383,0.54014,2018
30,8,age_bin,attention,0.0001,1e-05,1.0283,0.53125,2018
30,8,age_bin,shuffled,0.01,0.0001,1.25779,0.34985,2018
30,8,gender,ema_lr1e-3,0.001,0.0001,0.83306,0.51982,2018
30,8,gender,ema_lr5e-3,0.005,0.0001,0.86768,0.49752,2018
30,8,gender,ema_lr1e-2,0.01,0.0001,0.82217,0.5005,2018
30,8,gender,ema_lr5e-2,0.05,0.0001,1.2479,0.4668,2018
30,8,gender,ema_lr1e-2_wd1e-3,0.01,0.001,0.8134,0.51982,2018
30,8,gender,ema_d0.99,0.01,0.0001,0.82891,0.49752,2018
30,8,gender,ema_d0.9999,0.01,0.0001,0.83784,0.4891,2018
30,8,gender,mlp_h16,0.001,0.0,0.69043,0.5332,2018
30,8,gender,mlp_h32,0.001,0.0,0.67964,0.56492,2018
30,8,gender,mlp_h64,0.001,0.0,0.67881,0.57284,2018
30,8,gender,mlp_h128,0.001,0.0,0.69713,0.52131,2018
30,8,gender,attention,0.0001,1e-05,3.99666,0.51562,2018
30,8,gender,shuffled,0.01,0.0001,0.79039,0.51388,2018
30,8,star_sign,ema_lr1e-3,0.001,0.0001,2.90483,0.06095,2018
30,8,star_sign,ema_lr5e-3,0.005,0.0001,2.73755,0.11843,2018
30,8,star_sign,ema_lr1e-2,0.01,0.0001,2.51737,0.15461,2018
30,8,star_sign,ema_lr5e-2,0.05,0.0001,1.64197,0.55352,2018
30,8,star_sign,ema_lr1e-2_wd1e-3,0.01,0.001,2.5872,0.1338,2018
30,8,star_sign,ema_d0.99,0.01,0.0001,2.57655,0.14965,2018
30,8,star_sign,ema_d0.9999,0.01,0.0001,2.6216,0.14668,2018
30,8,star_sign,mlp_h16,0.001,0.0,1.41164,0.30723,2018
30,8,star_sign,mlp_h32,0.001,0.0,0.02001,1.0,2018
30,8,star_sign,mlp_h64,0.001,0.0,0.00367,1.0,2018
30,8,star_sign,mlp_h128,0.001,0.0,0.00029,1.0,2018
30,8,star_sign,attention,0.0001,1e-05,0.60467,1.0,2018
30,8,star_sign,shuffled,0.01,0.0001,2.62525,0.12785,2018
30,12,age_bin,ema_lr1e-3,0.001,0.0001,1.36593,0.34836,2018
30,12,age_bin,ema_lr5e-3,0.005,0.0001,1.34804,0.31269,2018
30,12,age_bin,ema_lr1e-2,0.01,0.0001,1.26549,0.3553,2018
30,12,age_bin,ema_lr5e-2,0.05,0.0001,1.49801,0.49703,2018
30,12,age_bin,ema_lr1e-2_wd1e-3,0.01,0.001,1.32361,0.33548,2018
30,12,age_bin,ema_d0.99,0.01,0.0001,1.2528,0.3662,2018
30,12,age_bin,ema_d0.9999,0.01,0.0001,1.27685,0.34985,2018
30,12,age_bin,mlp_h16,0.001,0.0,1.00458,0.53171,2018
30,12,age_bin,mlp_h32,0.001,0.0,1.00033,0.53766,2018
30,12,age_bin,mlp_h64,0.001,0.0,1.02494,0.52329,2018
30,12,age_bin,mlp_h128,0.001,0.0,1.04511,0.51784,2018
30,12,age_bin,attention,0.0001,1e-05,1.1372,0.28125,2018
30,12,age_bin,shuffled,0.01,0.0001,1.27428,0.35481,2018
30,12,gender,ema_lr1e-3,0.001,0.0001,0.90455,0.48018,2018
30,12,gender,ema_lr5e-3,0.005,0.0001,0.80492,0.51635,2018
30,12,gender,ema_lr1e-2,0.01,0.0001,0.82557,0.51041,2018
30,12,gender,ema_lr5e-2,0.05,0.0001,1.19179,0.50644,2018
30,12,gender,ema_lr1e-2_wd1e-3,0.01,0.001,0.81183,0.53518,2018
30,12,gender,ema_d0.99,0.01,0.0001,0.84759,0.50991,2018
30,12,gender,ema_d0.9999,0.01,0.0001,0.82809,0.49752,2018
30,12,gender,mlp_h16,0.001,0.0,0.68069,0.56442,2018
30,12,gender,mlp_h32,0.001,0.0,0.68289,0.5664,2018
30,12,gender,mlp_h64,0.001,0.0,0.67774,0.57235,2018
30,12,gender,mlp_h128,0.001,0.0,0.67664,0.5773,2018
30,12,gender,attention,0.0001,1e-05,0.69046,0.53906,2018
30,12,gender,shuffled,0.01,0.0001,0.8513,0.48712,2018
30,12,star_sign,ema_lr1e-3,0.001,0.0001,2.91072,0.06541,2018
30,12,star_sign,ema_lr5e-3,0.005,0.0001,2.70571,0.11051,2018
30,12,star_sign,ema_lr1e-2,0.01,0.0001,2.63296,0.13479,2018
30,12,star_sign,ema_lr5e-2,0.05,0.0001,1.79376,0.4336,2018
30,12,star_sign,ema_lr1e-2_wd1e-3,0.01,0.001,2.60993,0.11348,2018
30,12,star_sign,ema_d0.99,0.01,0.0001,2.5213,0.12785,2018
30,12,star_sign,ema_d0.9999,0.01,0.0001,2.55545,0.14767,2018
30,12,star_sign,mlp_h16,0.001,0.0,0.07261,1.0,2018
30,12,star_sign,mlp_h32,0.001,0.0,0.02053,1.0,2018
30,12,star_sign,mlp_h64,0.001,0.0,0.00196,1.0,2018
30,12,star_sign,mlp_h128,0.001,0.0,0.00039,1.0,2018
30,12,star_sign,attention,0.0001,1e-05,0.0,1.0,2018
30,12,star_sign,shuffled,0.01,0.0001,2.56651,0.14668,2018
30,16,age_bin,ema_lr1e-3,0.001,0.0001,1.36032,0.36174,2018
30,16,age_bin,ema_lr5e-3,0.005,0.0001,1.33863,0.36224,2018
30,16,age_bin,ema_lr1e-2,0.01,0.0001,1.29806,0.33796,2018
30,16,age_bin,ema_lr5e-2,0.05,0.0001,1.40376,0.32359,2018
30,16,age_bin,ema_lr1e-2_wd1e-3,0.01,0.001,1.30877,0.3662,2018
30,16,age_bin,ema_d0.99,0.01,0.0001,1.28503,0.37463,2018
30,16,age_bin,ema_d0.9999,0.01,0.0001,1.23098,0.3667,2018
30,16,age_bin,mlp_h16,0.001,0.0,0.998,0.53518,2018
30,16,age_bin,mlp_h32,0.001,0.0,0.97995,0.53766,2018
30,16,age_bin,mlp_h64,0.001,0.0,0.97996,0.54163,2018
30,16,age_bin,mlp_h128,0.001,0.0,0.98707,0.53964,2018
30,16,age_bin,attention,0.0001,1e-05,1.00076,0.50781,2018
30,16,age_bin,shuffled,0.01,0.0001,1.32287,0.34044,2018
30,16,gender,ema_lr1e-3,0.001,0.0001,0.89642,0.5109,2018
30,16,gender,ema_lr5e-3,0.005,0.0001,0.87474,0.52081,2018
30,16,gender,ema_lr1e-2,0.01,0.0001,0.87447,0.48216,2018
30,16,gender,ema_lr5e-2,0.05,0.0001,1.12148,0.49405,2018
30,16,gender,ema_lr1e-2_wd1e-3,0.01,0.001,0.83948,0.5005,2018
30,16,gender,ema_d0.99,0.01,0.0001,0.84095,0.49554,2018
30,16,gender,ema_d0.9999,0.01,0.0001,0.82077,0.52032,2018
30,16,gender,mlp_h16,0.001,0.0,0.67889,0.56145,2018
30,16,gender,mlp_h32,0.001,0.0,0.68373,0.556,2018
30,16,gender,mlp_h64,0.001,0.0,0.68147,0.56789,2018
30,16,gender,mlp_h128,0.001,0.0,0.6737,0.57681,2018
30,16,gender,attention,0.0001,1e-05,1.47909,0.5,2018
30,16,gender,shuffled,0.01,0.0001,0.85144,0.48513,2018
30,16,star_sign,ema_lr1e-3,0.001,0.0001,2.96246,0.08077,2018
30,16,star_sign,ema_lr5e-3,0.005,0.0001,2.84788,0.13528,2018
30,16,star_sign,ema_lr1e-2,0.01,0.0001,2.66785,0.12438,2018
30,16,star_sign,ema_lr5e-2,0.05,0.0001,1.73426,0.75619,2018
30,16,star_sign,ema_lr1e-2_wd1e-3,0.01,0.001,2.65607,0.12636,2018
30,16,star_sign,ema_d0.99,0.01,0.0001,2.55657,0.15164,2018
30,16,star_sign,ema_d0.9999,0.01,0.0001,2.67948,0.12735,2018
30,16,star_sign,mlp_h16,0.001,0.0,1.22254,0.48464,2018
30,16,star_sign,mlp_h32,0.001,0.0,0.00693,1.0,2018
30,16,star_sign,mlp_h64,0.001,0.0,0.00465,1.0,2018
30,16,star_sign,mlp_h128,0.001,0.0,0.0014,1.0,2018
30,16,star_sign,attention,0.0001,1e-05,0.1345,1.0,2018
30,16,star_sign,shuffled,0.01,0.0001,2.68229,0.14767,2018
30,20,age_bin,ema_lr1e-3,0.001,0.0001,1.51381,0.34638,2018
30,20,age_bin,ema_lr5e-3,0.005,0.0001,1.38749,0.3449,2018
30,20,age_bin,ema_lr1e-2,0.01,0.0001,1.41782,0.32359,2018
30,20,age_bin,ema_lr5e-2,0.05,0.0001,1.2506,0.45342,2018
30,20,age_bin,ema_lr1e-2_wd1e-3,0.01,0.001,1.38388,0.34787,2018
30,20,age_bin,ema_d0.99,0.01,0.0001,1.34117,0.35183,2018
30,20,age_bin,ema_d0.9999,0.01,0.0001,1.39846,0.34836,2018
30,20,age_bin,mlp_h16,0.001,0.0,0.9786,0.53469,2018
30,20,age_bin,mlp_h32,0.001,0.0,0.98226,0.53469,2018
30,20,age_bin,mlp_h64,0.001,0.0,0.97252,0.53568,2018
30,20,age_bin,mlp_h128,0.001,0.0,0.97543,0.53865,2018
30,20,age_bin,attention,0.0001,1e-05,14.4893,0.25,2018
30,20,age_bin,shuffled,0.01,0.0001,1.37307,0.34836,2018
30,20,gender,ema_lr1e-3,0.001,0.0001,1.03078,0.47869,2018
30,20,gender,ema_lr5e-3,0.005,0.0001,1.00859,0.45639,2018
30,20,gender,ema_lr1e-2,0.01,0.0001,0.85665,0.51388,2018
30,20,gender,ema_lr5e-2,0.05,0.0001,0.89235,0.53122,2018
30,20,gender,ema_lr1e-2_wd1e-3,0.01,0.001,0.90918,0.49703,2018
30,20,gender,ema_d0.99,0.01,0.0001,0.91396,0.49653,2018
30,20,gender,ema_d0.9999,0.01,0.0001,0.96595,0.4663,2018
30,20,gender,mlp_h16,0.001,0.0,0.67959,0.57037,2018
30,20,gender,mlp_h32,0.001,0.0,0.67727,0.56789,2018
30,20,gender,mlp_h64,0.001,0.0,0.67881,0.57037,2018
30,20,gender,mlp_h128,0.001,0.0,0.66933,0.59514,2018
30,20,gender,attention,0.0001,1e-05,0.70306,0.57031,2018
30,20,gender,shuffled,0.01,0.0001,0.89806,0.5005,2018
30,20,star_sign,ema_lr1e-3,0.001,0.0001,3.23729,0.07532,2018
30,20,star_sign,ema_lr5e-3,0.005,0.0001,2.92621,0.11695,2018
30,20,star_sign,ema_lr1e-2,0.01,0.0001,2.79958,0.14618,2018
30,20,star_sign,ema_lr5e-2,0.05,0.0001,1.74881,0.48959,2018
30,20,star_sign,ema_lr1e-2_wd1e-3,0.01,0.001,2.79112,0.12537,2018
30,20,star_sign,ema_d0.99,0.01,0.0001,2.67818,0.14916,2018
30,20,star_sign,ema_d0.9999,0.01,0.0001,2.76646,0.13429,2018
30,20,star_sign,mlp_h16,0.001,0.0,0.32088,1.0,2018
30,20,star_sign,mlp_h32,0.001,0.0,0.16213,1.0,2018
30,20,star_sign,mlp_h64,0.001,0.0,0.03724,1.0,2018
30,20,star_sign,mlp_h128,0.001,0.0,0.00568,1.0,2018
30,20,star_sign,attention,0.0001,1e-05,0.0,1.0,2018
30,20,star_sign,shuffled,0.01,0.0001,2.74902,0.15758,2018
30,24,age_bin,ema_lr1e-3,0.001,0.0001,1.56602,0.3672,2018
30,24,age_bin,ema_lr5e-3,0.005,0.0001,1.3716,0.389,2018
30,24,age_bin,ema_lr1e-2,0.01,0.0001,1.39017,0.36967,2018
30,24,age_bin,ema_lr5e-2,0.05,0.0001,1.15065,0.44599,2018
30,24,age_bin,ema_lr1e-2_wd1e-3,0.01,0.001,1.47567,0.33201,2018
30,24,age_bin,ema_d0.99,0.01,0.0001,1.30517,0.38057,2018
30,24,age_bin,ema_d0.9999,0.01,0.0001,1.4764,0.35382,2018
30,24,age_bin,mlp_h16,0.001,0.0,1.01889,0.47076,2018
30,24,age_bin,mlp_h32,0.001,0.0,1.00547,0.51982,2018
30,24,age_bin,mlp_h64,0.001,0.0,0.95929,0.53271,2018
30,24,age_bin,mlp_h128,0.001,0.0,0.95083,0.52973,2018
30,24,age_bin,attention,0.0001,1e-05,2.4843,0.42188,2018
30,24,age_bin,shuffled,0.01,0.0001,1.39156,0.34589,2018
30,24,gender,ema_lr1e-3,0.001,0.0001,1.03057,0.49802,2018
30,24,gender,ema_lr5e-3,0.005,0.0001,0.98927,0.48216,2018
30,24,gender,ema_lr1e-2,0.01,0.0001,0.94892,0.49257,2018
30,24,gender,ema_lr5e-2,0.05,0.0001,0.7374,0.56838,2018
30,24,gender,ema_lr1e-2_wd1e-3,0.01,0.001,0.78768,0.5778,2018
30,24,gender,ema_d0.99,0.01,0.0001,0.86838,0.53419,2018
30,24,gender,ema_d0.9999,0.01,0.0001,0.87249,0.54311,2018
30,24,gender,mlp_h16,0.001,0.0,0.66816,0.57235,2018
30,24,gender,mlp_h32,0.001,0.0,0.6676,0.56938,2018
30,24,gender,mlp_h64,0.001,0.0,0.66219,0.58573,2018
30,24,gender,mlp_h128,0.001,0.0,0.67451,0.58523,2018
30,24,gender,attention,0.0001,1e-05,1.47285,0.45312,2018
30,24,gender,shuffled,0.01,0.0001,0.89019,0.5114,2018
30,24,star_sign,ema_lr1e-3,0.001,0.0001,3.30996,0.07136,2018
30,24,star_sign,ema_lr5e-3,0.005,0.0001,3.03211,0.11596,2018
30,24,star_sign,ema_lr1e-2,0.01,0.0001,3.03113,0.12587,2018
30,24,star_sign,ema_lr5e-2,0.05,0.0001,1.81738,0.45837,2018
30,24,star_sign,ema_lr1e-2_wd1e-3,0.01,0.001,2.94665,0.10109,2018
30,24,star_sign,ema_d0.99,0.01,0.0001,2.93219,0.1219,2018
30,24,star_sign,ema_d0.9999,0.01,0.0001,2.83361,0.13528,2018
30,24,star_sign,mlp_h16,0.001,0.0,2.02962,0.30723,2018
30,24,star_sign,mlp_h32,0.001,0.0,0.64615,0.99901,2018
30,24,star_sign,mlp_h64,0.001,0.0,0.11075,1.0,2018
30,24,star_sign,mlp_h128,0.001,0.0,0.02846,1.0,2018
30,24,star_sign,attention,0.0001,1e-05,0.00245,1.0,2018
30,24,star_sign,shuffled,0.01,0.0001,2.86777,0.111,2018
31,0,age_bin,ema_lr1e-3,0.001,0.0001,1.51337,0.32918,2008
31,0,age_bin,ema_lr5e-3,0.005,0.0001,1.46004,0.32968,2008
31,0,age_bin,ema_lr1e-2,0.01,0.0001,1.3816,0.3262,2008
31,0,age_bin,ema_lr5e-2,0.05,0.0001,1.20991,0.43775,2008
31,0,age_bin,ema_lr1e-2_wd1e-3,0.01,0.001,1.39042,0.35458,2008
31,0,age_bin,ema_d0.99,0.01,0.0001,1.40203,0.32321,2008
31,0,age_bin,ema_d0.9999,0.01,0.0001,1.36006,0.33118,2008
31,0,age_bin,mlp_h16,0.001,0.0,1.02271,0.54133,2008
31,0,age_bin,mlp_h32,0.001,0.0,1.02103,0.54482,2008
31,0,age_bin,mlp_h64,0.001,0.0,1.01616,0.5488,2008
31,0,age_bin,mlp_h128,0.001,0.0,1.02343,0.53287,2008
31,0,age_bin,attention,0.0001,1e-05,1.07806,0.57031,2008
31,0,age_bin,shuffled,0.01,0.0001,1.33735,0.33616,2008
31,0,gender,ema_lr1e-3,0.001,0.0001,1.07125,0.48456,2008
31,0,gender,ema_lr5e-3,0.005,0.0001,0.92445,0.49801,2008
31,0,gender,ema_lr1e-2,0.01,0.0001,0.90892,0.49004,2008
31,0,gender,ema_lr5e-2,0.05,0.0001,0.89123,0.49552,2008
31,0,gender,ema_lr1e-2_wd1e-3,0.01,0.001,0.91217,0.48157,2008
31,0,gender,ema_d0.99,0.01,0.0001,0.88564,0.49253,2008
31,0,gender,ema_d0.9999,0.01,0.0001,0.90307,0.5,2008
31,0,gender,mlp_h16,0.001,0.0,0.70145,0.5005,2008
31,0,gender,mlp_h32,0.001,0.0,0.69326,0.51444,2008
31,0,gender,mlp_h64,0.001,0.0,0.69914,0.50896,2008
31,0,gender,mlp_h128,0.001,0.0,0.69732,0.52341,2008
31,0,gender,attention,0.0001,1e-05,0.69297,0.49219,2008
31,0,gender,shuffled,0.01,0.0001,0.90028,0.49502,2008
31,0,star_sign,ema_lr1e-3,0.001,0.0001,3.29017,0.09363,2008
31,0,star_sign,ema_lr5e-3,0.005,0.0001,2.9706,0.124,2008
31,0,star_sign,ema_lr1e-2,0.01,0.0001,2.77896,0.1245,2008
31,0,star_sign,ema_lr5e-2,0.05,0.0001,1.67363,0.61703,2008
31,0,star_sign,ema_lr1e-2_wd1e-3,0.01,0.001,2.73324,0.14791,2008
31,0,star_sign,ema_d0.99,0.01,0.0001,2.87428,0.11404,2008
31,0,star_sign,ema_d0.9999,0.01,0.0001,2.76615,0.13944,2008
31,0,star_sign,mlp_h16,0.001,0.0,0.60451,0.90737,2008
31,0,star_sign,mlp_h32,0.001,0.0,0.28898,0.9995,2008
31,0,star_sign,mlp_h64,0.001,0.0,0.04115,1.0,2008
31,0,star_sign,mlp_h128,0.001,0.0,0.01656,0.9995,2008
31,0,star_sign,attention,0.0001,1e-05,2.38775,1.0,2008
31,0,star_sign,shuffled,0.01,0.0001,2.75078,0.17231,2008
31,4,age_bin,ema_lr1e-3,0.001,0.0001,1.38798,0.32669,2008
31,4,age_bin,ema_lr5e-3,0.005,0.0001,1.35313,0.31873,2008
31,4,age_bin,ema_lr1e-2,0.01,0.0001,1.32804,0.30976,2008
31,4,age_bin,ema_lr5e-2,0.05,0.0001,1.59144,0.27141,2008
31,4,age_bin,ema_lr1e-2_wd1e-3,0.01,0.001,1.29341,0.35209,2008
31,4,age_bin,ema_d0.99,0.01,0.0001,1.29729,0.32968,2008
31,4,age_bin,ema_d0.9999,0.01,0.0001,1.28422,0.35408,2008
31,4,age_bin,mlp_h16,0.001,0.0,1.00368,0.55129,2008
31,4,age_bin,mlp_h32,0.001,0.0,0.99667,0.55827,2008
31,4,age_bin,mlp_h64,0.001,0.0,1.00192,0.55378,2008
31,4,age_bin,mlp_h128,0.001,0.0,1.0055,0.54382,2008
31,4,age_bin,attention,0.0001,1e-05,0.97451,0.57031,2008
31,4,age_bin,shuffled,0.01,0.0001,1.26174,0.3501,2008
31,4,gender,ema_lr1e-3,0.001,0.0001,0.85762,0.50548,2008
31,4,gender,ema_lr5e-3,0.005,0.0001,0.84077,0.48954,2008
31,4,gender,ema_lr1e-2,0.01,0.0001,0.80705,0.51693,2008
31,4,gender,ema_lr5e-2,0.05,0.0001,1.60744,0.44024,2008
31,4,gender,ema_lr1e-2_wd1e-3,0.01,0.001,0.83046,0.50598,2008
31,4,gender,ema_d0.99,0.01,0.0001,0.82383,0.49851,2008
31,4,gender,ema_d0.9999,0.01,0.0001,0.7808,0.53038,2008
31,4,gender,mlp_h16,0.001,0.0,0.69803,0.50498,2008
31,4,gender,mlp_h32,0.001,0.0,0.69776,0.49851,2008
31,4,gender,mlp_h64,0.001,0.0,0.69652,0.50747,2008
31,4,gender,mlp_h128,0.001,0.0,0.69515,0.51693,2008
31,4,gender,attention,0.0001,1e-05,1.13543,0.49219,2008
31,4,gender,shuffled,0.01,0.0001,0.79175,0.51096,2008
31,4,star_sign,ema_lr1e-3,0.001,0.0001,2.81087,0.07072,2008
31,4,star_sign,ema_lr5e-3,0.005,0.0001,2.66884,0.11902,2008
31,4,star_sign,ema_lr1e-2,0.01,0.0001,2.53162,0.16833,2008
31,4,star_sign,ema_lr5e-2,0.05,0.0001,1.56177,0.60956,2008
31,4,star_sign,ema_lr1e-2_wd1e-3,0.01,0.001,2.49556,0.17131,2008
31,4,star_sign,ema_d0.99,0.01,0.0001,2.52307,0.13247,2008
31,4,star_sign,ema_d0.9999,0.01,0.0001,2.54539,0.13894,2008
31,4,star_sign,mlp_h16,0.001,0.0,0.06524,1.0,2008
31,4,star_sign,mlp_h32,0.001,0.0,0.01183,1.0,2008
31,4,star_sign,mlp_h64,0.001,0.0,0.00655,1.0,2008
31,4,star_sign,mlp_h128,0.001,0.0,0.00033,1.0,2008
31,4,star_sign,attention,0.0001,1e-05,0.98008,1.0,2008
31,4,star_sign,shuffled,0.01,0.0001,2.49778,0.1509,2008
31,8,age_bin,ema_lr1e-3,0.001,0.0001,1.36471,0.33416,2008
31,8,age_bin,ema_lr5e-3,0.005,0.0001,1.33953,0.34163,2008
31,8,age_bin,ema_lr1e-2,0.01,0.0001,1.24906,0.37102,2008
31,8,age_bin,ema_lr5e-2,0.05,0.0001,1.43573,0.31624,2008
31,8,age_bin,ema_lr1e-2_wd1e-3,0.01,0.001,1.26255,0.35956,2008
31,8,age_bin,ema_d0.99,0.01,0.0001,1.25467,0.34612,2008
31,8,age_bin,ema_d0.9999,0.01,0.0001,1.24817,0.35458,2008
31,8,age_bin,mlp_h16,0.001,0.0,1.00361,0.54482,2008
31,8,age_bin,mlp_h32,0.001,0.0,1.00099,0.5503,2008
31,8,age_bin,mlp_h64,0.001,0.0,0.98148,0.55329,2008
31,8,age_bin,mlp_h128,0.001,0.0,0.98669,0.55677,2008
31,8,age_bin,attention,0.0001,1e-05,0.98942,0.5625,2008
31,8,age_bin,shuffled,0.01,0.0001,1.27174,0.3501,2008
31,8,gender,ema_lr1e-3,0.001,0.0001,0.88937,0.48805,2008
31,8,gender,ema_lr5e-3,0.005,0.0001,0.86666,0.49203,2008
31,8,gender,ema_lr1e-2,0.01,0.0001,0.85889,0.48207,2008
31,8,gender,ema_lr5e-2,0.05,0.0001,1.52988,0.43277,2008
31,8,gender,ema_lr1e-2_wd1e-3,0.01,0.001,0.81647,0.501,2008
31,8,gender,ema_d0.99,0.01,0.0001,0.80314,0.52988,2008
31,8,gender,ema_d0.9999,0.01,0.0001,0.80135,0.5244,2008
31,8,gender,mlp_h16,0.001,0.0,0.69259,0.53635,2008
31,8,gender,mlp_h32,0.001,0.0,0.6971,0.52291,2008
31,8,gender,mlp_h64,0.001,0.0,0.69849,0.51394,2008
31,8,gender,mlp_h128,0.001,0.0,0.68647,0.56723,2008
31,8,gender,attention,0.0001,1e-05,4.87888,0.5,2008
31,8,gender,shuffled,0.01,0.0001,0.8258,0.501,2008
31,8,star_sign,ema_lr1e-3,0.001,0.0001,2.90318,0.05926,2008
31,8,star_sign,ema_lr5e-3,0.005,0.0001,2.72493,0.124,2008
31,8,star_sign,ema_lr1e-2,0.01,0.0001,2.57625,0.13297,2008
31,8,star_sign,ema_lr5e-2,0.05,0.0001,1.6395,0.7012,2008
31,8,star_sign,ema_lr1e-2_wd1e-3,0.01,0.001,2.57389,0.14143,2008
31,8,star_sign,ema_d0.99,0.01,0.0001,2.52077,0.15687,2008
31,8,star_sign,ema_d0.9999,0.01,0.0001,2.5609,0.14343,2008
31,8,star_sign,mlp_h16,0.001,0.0,1.35619,0.41982,2008
31,8,star_sign,mlp_h32,0.001,0.0,0.01703,1.0,2008
31,8,star_sign,mlp_h64,0.001,0.0,0.00314,1.0,2008
31,8,star_sign,mlp_h128,0.001,0.0,0.00025,1.0,2008
31,8,star_sign,attention,0.0001,1e-05,0.57349,1.0,2008
31,8,star_sign,shuffled,0.01,0.0001,2.59884,0.1245,2008
31,12,age_bin,ema_lr1e-3,0.001,0.0001,1.31485,0.36006,2008
31,12,age_bin,ema_lr5e-3,0.005,0.0001,1.2669,0.36454,2008
31,12,age_bin,ema_lr1e-2,0.01,0.0001,1.28308,0.33516,2008
31,12,age_bin,ema_lr5e-2,0.05,0.0001,1.44558,0.31922,2008
31,12,age_bin,ema_lr1e-2_wd1e-3,0.01,0.001,1.29919,0.3252,2008
31,12,age_bin,ema_d0.99,0.01,0.0001,1.34109,0.33217,2008
31,12,age_bin,ema_d0.9999,0.01,0.0001,1.26401,0.34661,2008
31,12,age_bin,mlp_h16,0.001,0.0,0.99274,0.55129,2008
31,12,age_bin,mlp_h32,0.001,0.0,0.98953,0.56375,2008
31,12,age_bin,mlp_h64,0.001,0.0,0.99195,0.56773,2008
31,12,age_bin,mlp_h128,0.001,0.0,0.98893,0.56624,2008
31,12,age_bin,attention,0.0001,1e-05,1.13486,0.32031,2008
31,12,age_bin,shuffled,0.01,0.0001,1.30415,0.32271,2008
31,12,gender,ema_lr1e-3,0.001,0.0001,0.79098,0.5498,2008
31,12,gender,ema_lr5e-3,0.005,0.0001,0.84282,0.49402,2008
31,12,gender,ema_lr1e-2,0.01,0.0001,0.80915,0.51046,2008
31,12,gender,ema_lr5e-2,0.05,0.0001,1.54397,0.44422,2008
31,12,gender,ema_lr1e-2_wd1e-3,0.01,0.001,0.86726,0.4761,2008
31,12,gender,ema_d0.99,0.01,0.0001,0.85351,0.48805,2008
31,12,gender,ema_d0.9999,0.01,0.0001,0.8835,0.4761,2008
31,12,gender,mlp_h16,0.001,0.0,0.70151,0.50548,2008
31,12,gender,mlp_h32,0.001,0.0,0.70573,0.48755,2008
31,12,gender,mlp_h64,0.001,0.0,0.7084,0.49402,2008
31,12,gender,mlp_h128,0.001,0.0,0.71163,0.48904,2008
31,12,gender,attention,0.0001,1e-05,0.69199,0.54688,2008
31,12,gender,shuffled,0.01,0.0001,0.83382,0.50149,2008
31,12,star_sign,ema_lr1e-3,0.001,0.0001,2.97816,0.05627,2008
31,12,star_sign,ema_lr5e-3,0.005,0.0001,2.72976,0.09313,2008
31,12,star_sign,ema_lr1e-2,0.01,0.0001,2.54652,0.15787,2008
31,12,star_sign,ema_lr5e-2,0.05,0.0001,1.83016,0.84213,2008
31,12,star_sign,ema_lr1e-2_wd1e-3,0.01,0.001,2.58861,0.126,2008
31,12,star_sign,ema_d0.99,0.01,0.0001,2.58668,0.11604,2008
31,12,star_sign,ema_d0.9999,0.01,0.0001,2.55807,0.15538,2008
31,12,star_sign,mlp_h16,0.001,0.0,0.06331,1.0,2008
31,12,star_sign,mlp_h32,0.001,0.0,0.01788,1.0,2008
31,12,star_sign,mlp_h64,0.001,0.0,0.00172,1.0,2008
31,12,star_sign,mlp_h128,0.001,0.0,0.00032,1.0,2008
31,12,star_sign,attention,0.0001,1e-05,0.0,1.0,2008
31,12,star_sign,shuffled,0.01,0.0001,2.56672,0.14741,2008
31,16,age_bin,ema_lr1e-3,0.001,0.0001,1.36948,0.3491,2008
31,16,age_bin,ema_lr5e-3,0.005,0.0001,1.3856,0.34263,2008
31,16,age_bin,ema_lr1e-2,0.01,0.0001,1.29501,0.36056,2008
31,16,age_bin,ema_lr5e-2,0.05,0.0001,1.50306,0.499,2008
31,16,age_bin,ema_lr1e-2_wd1e-3,0.01,0.001,1.28599,0.3496,2008
31,16,age_bin,ema_d0.99,0.01,0.0001,1.30578,0.35608,2008
31,16,age_bin,ema_d0.9999,0.01,0.0001,1.25122,0.35508,2008
31,16,age_bin,mlp_h16,0.001,0.0,0.99573,0.54382,2008
31,16,age_bin,mlp_h32,0.001,0.0,0.9979,0.54283,2008
31,16,age_bin,mlp_h64,0.001,0.0,0.98682,0.55279,2008
31,16,age_bin,mlp_h128,0.001,0.0,0.99325,0.54233,2008
31,16,age_bin,attention,0.0001,1e-05,0.96766,0.59375,2008
31,16,age_bin,shuffled,0.01,0.0001,1.3325,0.33367,2008
31,16,gender,ema_lr1e-3,0.001,0.0001,0.9518,0.46016,2008
31,16,gender,ema_lr5e-3,0.005,0.0001,0.8828,0.48805,2008
31,16,gender,ema_lr1e-2,0.01,0.0001,0.84612,0.49402,2008
31,16,gender,ema_lr5e-2,0.05,0.0001,1.36804,0.46464,2008
31,16,gender,ema_lr1e-2_wd1e-3,0.01,0.001,0.83605,0.49751,2008
31,16,gender,ema_d0.99,0.01,0.0001,0.87293,0.47211,2008
31,16,gender,ema_d0.9999,0.01,0.0001,0.85626,0.47908,2008
31,16,gender,mlp_h16,0.001,0.0,0.69987,0.51394,2008
31,16,gender,mlp_h32,0.001,0.0,0.69387,0.52191,2008
31,16,gender,mlp_h64,0.001,0.0,0.70101,0.51444,2008
31,16,gender,mlp_h128,0.001,0.0,0.70359,0.50548,2008
31,16,gender,attention,0.0001,1e-05,0.90602,0.50781,2008
31,16,gender,shuffled,0.01,0.0001,0.82678,0.5005,2008
31,16,star_sign,ema_lr1e-3,0.001,0.0001,3.0145,0.08914,2008
31,16,star_sign,ema_lr5e-3,0.005,0.0001,2.91375,0.12151,2008
31,16,star_sign,ema_lr1e-2,0.01,0.0001,2.61893,0.12998,2008
31,16,star_sign,ema_lr5e-2,0.05,0.0001,1.61418,0.60757,2008
31,16,star_sign,ema_lr1e-2_wd1e-3,0.01,0.001,2.63558,0.11653,2008
31,16,star_sign,ema_d0.99,0.01,0.0001,2.64096,0.12351,2008
31,16,star_sign,ema_d0.9999,0.01,0.0001,2.58653,0.11952,2008
31,16,star_sign,mlp_h16,0.001,0.0,1.17787,0.53835,2008
31,16,star_sign,mlp_h32,0.001,0.0,0.00589,1.0,2008
31,16,star_sign,mlp_h64,0.001,0.0,0.0042,1.0,2008
31,16,star_sign,mlp_h128,0.001,0.0,0.00119,1.0,2008
31,16,star_sign,attention,0.0001,1e-05,0.1192,1.0,2008
31,16,star_sign,shuffled,0.01,0.0001,2.63691,0.13596,2008
31,20,age_bin,ema_lr1e-3,0.001,0.0001,1.50273,0.34861,2008
31,20,age_bin,ema_lr5e-3,0.005,0.0001,1.41623,0.33466,2008
31,20,age_bin,ema_lr1e-2,0.01,0.0001,1.3701,0.35209,2008
31,20,age_bin,ema_lr5e-2,0.05,0.0001,1.18521,0.41534,2008
31,20,age_bin,ema_lr1e-2_wd1e-3,0.01,0.001,1.46761,0.31723,2008
31,20,age_bin,ema_d0.99,0.01,0.0001,1.37025,0.35458,2008
31,20,age_bin,ema_d0.9999,0.01,0.0001,1.41926,0.36106,2008
31,20,age_bin,mlp_h16,0.001,0.0,0.98623,0.55578,2008
31,20,age_bin,mlp_h32,0.001,0.0,0.99068,0.54781,2008
31,20,age_bin,mlp_h64,0.001,0.0,1.00184,0.55578,2008
31,20,age_bin,mlp_h128,0.001,0.0,1.00401,0.5493,2008
31,20,age_bin,attention,0.0001,1e-05,12.36658,0.24219,2008
31,20,age_bin,shuffled,0.01,0.0001,1.43923,0.31624,2008
31,20,gender,ema_lr1e-3,0.001,0.0001,1.02699,0.48207,2008
31,20,gender,ema_lr5e-3,0.005,0.0001,0.88663,0.51444,2008
31,20,gender,ema_lr1e-2,0.01,0.0001,0.85542,0.51693,2008
31,20,gender,ema_lr5e-2,0.05,0.0001,1.042,0.49502,2008
31,20,gender,ema_lr1e-2_wd1e-3,0.01,0.001,0.84845,0.5239,2008
31,20,gender,ema_d0.99,0.01,0.0001,0.90246,0.5005,2008
31,20,gender,ema_d0.9999,0.01,0.0001,0.8882,0.51594,2008
31,20,gender,mlp_h16,0.001,0.0,0.70321,0.49701,2008
31,20,gender,mlp_h32,0.001,0.0,0.69578,0.50697,2008
31,20,gender,mlp_h64,0.001,0.0,0.69689,0.50847,2008
31,20,gender,mlp_h128,0.001,0.0,0.70164,0.51245,2008
31,20,gender,attention,0.0001,1e-05,0.69038,0.52344,2008
31,20,gender,shuffled,0.01,0.0001,0.89733,0.50249,2008
31,20,star_sign,ema_lr1e-3,0.001,0.0001,3.12175,0.08118,2008
31,20,star_sign,ema_lr5e-3,0.005,0.0001,2.98916,0.10608,2008
31,20,star_sign,ema_lr1e-2,0.01,0.0001,2.78074,0.14592,2008
31,20,star_sign,ema_lr5e-2,0.05,0.0001,1.66032,0.52689,2008
31,20,star_sign,ema_lr1e-2_wd1e-3,0.01,0.001,2.7974,0.11305,2008
31,20,star_sign,ema_d0.99,0.01,0.0001,2.79199,0.12948,2008
31,20,star_sign,ema_d0.9999,0.01,0.0001,2.80718,0.14343,2008
31,20,star_sign,mlp_h16,0.001,0.0,0.31443,1.0,2008
31,20,star_sign,mlp_h32,0.001,0.0,0.15285,1.0,2008
31,20,star_sign,mlp_h64,0.001,0.0,0.04067,1.0,2008
31,20,star_sign,mlp_h128,0.001,0.0,0.00806,1.0,2008
31,20,star_sign,attention,0.0001,1e-05,0.0,1.0,2008
31,20,star_sign,shuffled,0.01,0.0001,2.87953,0.14143,2008
31,24,age_bin,ema_lr1e-3,0.001,0.0001,1.69811,0.30926,2008
31,24,age_bin,ema_lr5e-3,0.005,0.0001,1.49263,0.34263,2008
31,24,age_bin,ema_lr1e-2,0.01,0.0001,1.38971,0.34412,2008
31,24,age_bin,ema_lr5e-2,0.05,0.0001,1.21726,0.43078,2008
31,24,age_bin,ema_lr1e-2_wd1e-3,0.01,0.001,1.3832,0.36056,2008
31,24,age_bin,ema_d0.99,0.01,0.0001,1.42375,0.36155,2008
31,24,age_bin,ema_d0.9999,0.01,0.0001,1.43514,0.36803,2008
31,24,age_bin,mlp_h16,0.001,0.0,1.02105,0.49701,2008
31,24,age_bin,mlp_h32,0.001,0.0,0.99924,0.53785,2008
31,24,age_bin,mlp_h64,0.001,0.0,1.00902,0.55378,2008
31,24,age_bin,mlp_h128,0.001,0.0,1.02577,0.53536,2008
31,24,age_bin,attention,0.0001,1e-05,2.80514,0.3125,2008
31,24,age_bin,shuffled,0.01,0.0001,1.45702,0.3501,2008
31,24,gender,ema_lr1e-3,0.001,0.0001,1.07644,0.501,2008
31,24,gender,ema_lr5e-3,0.005,0.0001,0.91485,0.52291,2008
31,24,gender,ema_lr1e-2,0.01,0.0001,0.95679,0.4761,2008
31,24,gender,ema_lr5e-2,0.05,0.0001,0.82114,0.48257,2008
31,24,gender,ema_lr1e-2_wd1e-3,0.01,0.001,0.87921,0.53635,2008
31,24,gender,ema_d0.99,0.01,0.0001,0.97184,0.46713,2008
31,24,gender,ema_d0.9999,0.01,0.0001,0.93707,0.51643,2008
31,24,gender,mlp_h16,0.001,0.0,0.69851,0.52639,2008
31,24,gender,mlp_h32,0.001,0.0,0.71016,0.51544,2008
31,24,gender,mlp_h64,0.001,0.0,0.69932,0.53586,2008
31,24,gender,mlp_h128,0.001,0.0,0.69668,0.53137,2008
31,24,gender,attention,0.0001,1e-05,1.25947,0.53125,2008
31,24,gender,shuffled,0.01,0.0001,0.86801,0.50498,2008
31,24,star_sign,ema_lr1e-3,0.001,0.0001,3.26463,0.08865,2008
31,24,star_sign,ema_lr5e-3,0.005,0.0001,3.03344,0.1011,2008
31,24,star_sign,ema_lr1e-2,0.01,0.0001,2.92468,0.14143,2008
31,24,star_sign,ema_lr5e-2,0.05,0.0001,1.72107,0.48556,2008
31,24,star_sign,ema_lr1e-2_wd1e-3,0.01,0.001,2.86191,0.09761,2008
31,24,star_sign,ema_d0.99,0.01,0.0001,2.90454,0.12699,2008
31,24,star_sign,ema_d0.9999,0.01,0.0001,2.83946,0.12002,2008
31,24,star_sign,mlp_h16,0.001,0.0,1.99681,0.32321,2008
31,24,star_sign,mlp_h32,0.001,0.0,0.58972,0.999,2008
31,24,star_sign,mlp_h64,0.001,0.0,0.09702,1.0,2008
31,24,star_sign,mlp_h128,0.001,0.0,0.02318,1.0,2008
31,24,star_sign,attention,0.0001,1e-05,1e-05,1.0,2008
31,24,star_sign,shuffled,0.01,0.0001,2.7993,0.11653,2008
32,0,age_bin,ema_lr1e-3,0.001,0.0001,1.54621,0.32859,1756
32,0,age_bin,ema_lr5e-3,0.005,0.0001,1.54029,0.32517,1756
32,0,age_bin,ema_lr1e-2,0.01,0.0001,1.37865,0.33144,1756
32,0,age_bin,ema_lr5e-2,0.05,0.0001,1.22451,0.40888,1756
32,0,age_bin,ema_lr1e-2_wd1e-3,0.01,0.001,1.36719,0.36446,1756
32,0,age_bin,ema_d0.99,0.01,0.0001,1.3801,0.33485,1756
32,0,age_bin,ema_d0.9999,0.01,0.0001,1.35619,0.33257,1756
32,0,age_bin,mlp_h16,0.001,0.0,1.06696,0.459,1756
32,0,age_bin,mlp_h32,0.001,0.0,1.06651,0.46469,1756
32,0,age_bin,mlp_h64,0.001,0.0,1.06504,0.46469,1756
32,0,age_bin,mlp_h128,0.001,0.0,1.06768,0.46868,1756
32,0,age_bin,attention,0.0001,1e-05,1.08178,0.55469,1756
32,0,age_bin,shuffled,0.01,0.0001,1.3981,0.30866,1756
32,0,gender,ema_lr1e-3,0.001,0.0001,1.08582,0.48975,1756
32,0,gender,ema_lr5e-3,0.005,0.0001,0.91446,0.50968,1756
32,0,gender,ema_lr1e-2,0.01,0.0001,0.88089,0.50228,1756
32,0,gender,ema_lr5e-2,0.05,0.0001,0.89831,0.48918,1756
32,0,gender,ema_lr1e-2_wd1e-3,0.01,0.001,0.8851,0.48064,1756
32,0,gender,ema_d0.99,0.01,0.0001,0.91622,0.48349,1756
32,0,gender,ema_d0.9999,0.01,0.0001,0.8991,0.49658,1756
32,0,gender,mlp_h16,0.001,0.0,0.69504,0.52563,1756
32,0,gender,mlp_h32,0.001,0.0,0.69428,0.51253,1756
32,0,gender,mlp_h64,0.001,0.0,0.69871,0.51025,1756
32,0,gender,mlp_h128,0.001,0.0,0.69361,0.54613,1756
32,0,gender,attention,0.0001,1e-05,0.69336,0.50781,1756
32,0,gender,shuffled,0.01,0.0001,0.89282,0.48861,1756
32,0,star_sign,ema_lr1e-3,0.001,0.0001,3.24497,0.08485,1756
32,0,star_sign,ema_lr5e-3,0.005,0.0001,3.0241,0.12301,1756
32,0,star_sign,ema_lr1e-2,0.01,0.0001,2.72905,0.14465,1756
32,0,star_sign,ema_lr5e-2,0.05,0.0001,1.65943,0.63895,1756
32,0,star_sign,ema_lr1e-2_wd1e-3,0.01,0.001,2.73727,0.1623,1756
32,0,star_sign,ema_d0.99,0.01,0.0001,2.80688,0.10535,1756
32,0,star_sign,ema_d0.9999,0.01,0.0001,2.77627,0.16401,1756
32,0,star_sign,mlp_h16,0.001,0.0,0.52086,0.91458,1756
32,0,star_sign,mlp_h32,0.001,0.0,0.24563,0.99886,1756
32,0,star_sign,mlp_h64,0.001,0.0,0.03742,1.0,1756
32,0,star_sign,mlp_h128,0.001,0.0,0.01366,1.0,1756
32,0,star_sign,attention,0.0001,1e-05,2.39037,0.99219,1756
32,0,star_sign,shuffled,0.01,0.0001,2.80853,0.18394,1756
32,4,age_bin,ema_lr1e-3,0.001,0.0001,1.37072,0.34226,1756
32,4,age_bin,ema_lr5e-3,0.005,0.0001,1.29876,0.3508,1756
32,4,age_bin,ema_lr1e-2,0.01,0.0001,1.276,0.33941,1756
32,4,age_bin,ema_lr5e-2,0.05,0.0001,1.36261,0.33428,1756
32,4,age_bin,ema_lr1e-2_wd1e-3,0.01,0.001,1.25287,0.36276,1756
32,4,age_bin,ema_d0.99,0.01,0.0001,1.24465,0.35251,1756
32,4,age_bin,ema_d0.9999,0.01,0.0001,1.27001,0.35023,1756
32,4,age_bin,mlp_h16,0.001,0.0,1.06184,0.46298,1756
32,4,age_bin,mlp_h32,0.001,0.0,1.06307,0.46754,1756
32,4,age_bin,mlp_h64,0.001,0.0,1.07036,0.46469,1756
32,4,age_bin,mlp_h128,0.001,0.0,1.08185,0.47323,1756
32,4,age_bin,attention,0.0001,1e-05,0.99003,0.55469,1756
32,4,age_bin,shuffled,0.01,0.0001,1.27826,0.32973,1756
32,4,gender,ema_lr1e-3,0.001,0.0001,0.86468,0.48576,1756
32,4,gender,ema_lr5e-3,0.005,0.0001,0.84561,0.5,1756
32,4,gender,ema_lr1e-2,0.01,0.0001,0.83126,0.49658,1756
32,4,gender,ema_lr5e-2,0.05,0.0001,1.52831,0.5672,1756
32,4,gender,ema_lr1e-2_wd1e-3,0.01,0.001,0.81705,0.51139,1756
32,4,gender,ema_d0.99,0.01,0.0001,0.84008,0.48918,1756
32,4,gender,ema_d0.9999,0.01,0.0001,0.82354,0.50513,1756
32,4,gender,mlp_h16,0.001,0.0,0.70057,0.50911,1756
32,4,gender,mlp_h32,0.001,0.0,0.69707,0.51936,1756
32,4,gender,mlp_h64,0.001,0.0,0.68949,0.54613,1756
32,4,gender,mlp_h128,0.001,0.0,0.69099,0.53474,1756
32,4,gender,attention,0.0001,1e-05,0.92575,0.47656,1756
32,4,gender,shuffled,0.01,0.0001,0.82167,0.49886,1756
32,4,star_sign,ema_lr1e-3,0.001,0.0001,2.85068,0.0615,1756
32,4,star_sign,ema_lr5e-3,0.005,0.0001,2.68879,0.10308,1756
32,4,star_sign,ema_lr1e-2,0.01,0.0001,2.55434,0.14579,1756
32,4,star_sign,ema_lr5e-2,0.05,0.0001,1.69657,0.76538,1756
32,4,star_sign,ema_lr1e-2_wd1e-3,0.01,0.001,2.54215,0.15319,1756
32,4,star_sign,ema_d0.99,0.01,0.0001,2.52978,0.13838,1756
32,4,star_sign,ema_d0.9999,0.01,0.0001,2.56533,0.13098,1756
32,4,star_sign,mlp_h16,0.001,0.0,0.05762,1.0,1756
32,4,star_sign,mlp_h32,0.001,0.0,0.01028,1.0,1756
32,4,star_sign,mlp_h64,0.001,0.0,0.00585,1.0,1756
32,4,star_sign,mlp_h128,0.001,0.0,0.00029,1.0,1756
32,4,star_sign,attention,0.0001,1e-05,0.89773,1.0,1756
32,4,star_sign,shuffled,0.01,0.0001,2.60958,0.12528,1756
32,8,age_bin,ema_lr1e-3,0.001,0.0001,1.35954,0.32916,1756
32,8,age_bin,ema_lr5e-3,0.005,0.0001,1.36124,0.31207,1756
32,8,age_bin,ema_lr1e-2,0.01,0.0001,1.2604,0.35592,1756
32,8,age_bin,ema_lr5e-2,0.05,0.0001,1.32667,0.3713,1756
32,8,age_bin,ema_lr1e-2_wd1e-3,0.01,0.001,1.27717,0.35421,1756
32,8,age_bin,ema_d0.99,0.01,0.0001,1.29702,0.32631,1756
32,8,age_bin,ema_d0.9999,0.01,0.0001,1.35036,0.32232,1756
32,8,age_bin,mlp_h16,0.001,0.0,1.05507,0.46298,1756
32,8,age_bin,mlp_h32,0.001,0.0,1.05489,0.46754,1756
32,8,age_bin,mlp_h64,0.001,0.0,1.06223,0.4738,1756
32,8,age_bin,mlp_h128,0.001,0.0,1.05789,0.47153,1756
32,8,age_bin,attention,0.0001,1e-05,0.98713,0.55469,1756
32,8,age_bin,shuffled,0.01,0.0001,1.301,0.32118,1756
32,8,gender,ema_lr1e-3,0.001,0.0001,0.82464,0.5279,1756
32,8,gender,ema_lr5e-3,0.005,0.0001,0.86945,0.49431,1756
32,8,gender,ema_lr1e-2,0.01,0.0001,0.81577,0.49772,1756
32,8,gender,ema_lr5e-2,0.05,0.0001,1.43945,0.5615,1756
32,8,gender,ema_lr1e-2_wd1e-3,0.01,0.001,0.82436,0.50228,1756
32,8,gender,ema_d0.99,0.01,0.0001,0.81733,0.51822,1756
32,8,gender,ema_d0.9999,0.01,0.0001,0.8316,0.48747,1756
32,8,gender,mlp_h16,0.001,0.0,0.68284,0.55182,1756
32,8,gender,mlp_h32,0.001,0.0,0.6889,0.53815,1756
32,8,gender,mlp_h64,0.001,0.0,0.68948,0.53531,1756
32,8,gender,mlp_h128,0.001,0.0,0.67243,0.57175,1756
32,8,gender,attention,0.0001,1e-05,5.69947,0.48438,1756
32,8,gender,shuffled,0.01,0.0001,0.8225,0.50626,1756
32,8,star_sign,ema_lr1e-3,0.001,0.0001,2.8574,0.06093,1756
32,8,star_sign,ema_lr5e-3,0.005,0.0001,2.684,0.13098,1756
32,8,star_sign,ema_lr1e-2,0.01,0.0001,2.56688,0.12984,1756
32,8,star_sign,ema_lr5e-2,0.05,0.0001,1.59526,0.57574,1756
32,8,star_sign,ema_lr1e-2_wd1e-3,0.01,0.001,2.60059,0.14749,1756
32,8,star_sign,ema_d0.99,0.01,0.0001,2.60219,0.13497,1756
32,8,star_sign,ema_d0.9999,0.01,0.0001,2.55485,0.13326,1756
32,8,star_sign,mlp_h16,0.001,0.0,1.27647,0.62358,1756
32,8,star_sign,mlp_h32,0.001,0.0,0.01493,1.0,1756
32,8,star_sign,mlp_h64,0.001,0.0,0.00284,1.0,1756
32,8,star_sign,mlp_h128,0.001,0.0,0.00024,1.0,1756
32,8,star_sign,attention,0.0001,1e-05,0.52168,1.0,1756
32,8,star_sign,shuffled,0.01,0.0001,2.56486,0.13326,1756
32,12,age_bin,ema_lr1e-3,0.001,0.0001,1.37909,0.34112,1756
32,12,age_bin,ema_lr5e-3,0.005,0.0001,1.31099,0.33371,1756
32,12,age_bin,ema_lr1e-2,0.01,0.0001,1.27148,0.32517,1756
32,12,age_bin,ema_lr5e-2,0.05,0.0001,1.21342,0.39237,1756
32,12,age_bin,ema_lr1e-2_wd1e-3,0.01,0.001,1.26959,0.36845,1756
32,12,age_bin,ema_d0.99,0.01,0.0001,1.25474,0.35649,1756
32,12,age_bin,ema_d0.9999,0.01,0.0001,1.30178,0.33884,1756
32,12,age_bin,mlp_h16,0.001,0.0,1.06418,0.46355,1756
32,12,age_bin,mlp_h32,0.001,0.0,1.04454,0.47267,1756
32,12,age_bin,mlp_h64,0.001,0.0,1.07021,0.48178,1756
32,12,age_bin,mlp_h128,0.001,0.0,1.06604,0.49544,1756
32,12,age_bin,attention,0.0001,1e-05,1.1437,0.28906,1756
32,12,age_bin,shuffled,0.01,0.0001,1.26745,0.37016,1756
32,12,gender,ema_lr1e-3,0.001,0.0001,0.84774,0.5074,1756
32,12,gender,ema_lr5e-3,0.005,0.0001,0.83091,0.49715,1756
32,12,gender,ema_lr1e-2,0.01,0.0001,0.79967,0.51538,1756
32,12,gender,ema_lr5e-2,0.05,0.0001,1.39612,0.56834,1756
32,12,gender,ema_lr1e-2_wd1e-3,0.01,0.001,0.85704,0.50057,1756
32,12,gender,ema_d0.99,0.01,0.0001,0.80043,0.50797,1756
32,12,gender,ema_d0.9999,0.01,0.0001,0.83486,0.46982,1756
32,12,gender,mlp_h16,0.001,0.0,0.69352,0.51822,1756
32,12,gender,mlp_h32,0.001,0.0,0.69255,0.541,1756
32,12,gender,mlp_h64,0.001,0.0,0.69547,0.53474,1756
32,12,gender,mlp_h128,0.001,0.0,0.69331,0.55068,1756
32,12,gender,attention,0.0001,1e-05,0.67115,0.55469,1756
32,12,gender,shuffled,0.01,0.0001,0.81644,0.51367,1756
32,12,star_sign,ema_lr1e-3,0.001,0.0001,2.88292,0.06663,1756
32,12,star_sign,ema_lr5e-3,0.005,0.0001,2.68856,0.11503,1756
32,12,star_sign,ema_lr1e-2,0.01,0.0001,2.55228,0.1287,1756
32,12,star_sign,ema_lr5e-2,0.05,0.0001,1.65787,0.68679,1756
32,12,star_sign,ema_lr1e-2_wd1e-3,0.01,0.001,2.5367,0.1418,1756
32,12,star_sign,ema_d0.99,0.01,0.0001,2.57192,0.12187,1756
32,12,star_sign,ema_d0.9999,0.01,0.0001,2.52843,0.16401,1756
32,12,star_sign,mlp_h16,0.001,0.0,0.05242,1.0,1756
32,12,star_sign,mlp_h32,0.001,0.0,0.01526,1.0,1756
32,12,star_sign,mlp_h64,0.001,0.0,0.00137,1.0,1756
32,12,star_sign,mlp_h128,0.001,0.0,0.00027,1.0,1756
32,12,star_sign,attention,0.0001,1e-05,0.0,1.0,1756
32,12,star_sign,shuffled,0.01,0.0001,2.50175,0.18052,1756
32,16,age_bin,ema_lr1e-3,0.001,0.0001,1.40496,0.33371,1756
32,16,age_bin,ema_lr5e-3,0.005,0.0001,1.34112,0.36333,1756
32,16,age_bin,ema_lr1e-2,0.01,0.0001,1.33685,0.33371,1756
32,16,age_bin,ema_lr5e-2,0.05,0.0001,1.40177,0.34795,1756
32,16,age_bin,ema_lr1e-2_wd1e-3,0.01,0.001,1.35915,0.31093,1756
32,16,age_bin,ema_d0.99,0.01,0.0001,1.37216,0.32403,1756
32,16,age_bin,ema_d0.9999,0.01,0.0001,1.24476,0.36446,1756
32,16,age_bin,mlp_h16,0.001,0.0,1.05913,0.46697,1756
32,16,age_bin,mlp_h32,0.001,0.0,1.05673,0.4738,1756
32,16,age_bin,mlp_h64,0.001,0.0,1.05379,0.47153,1756
32,16,age_bin,mlp_h128,0.001,0.0,1.05373,0.48804,1756
32,16,age_bin,attention,0.0001,1e-05,1.01622,0.50781,1756
32,16,age_bin,shuffled,0.01,0.0001,1.31439,0.33656,1756
32,16,gender,ema_lr1e-3,0.001,0.0001,0.8942,0.5131,1756
32,16,gender,ema_lr5e-3,0.005,0.0001,0.86577,0.51367,1756
32,16,gender,ema_lr1e-2,0.01,0.0001,0.82487,0.51595,1756
32,16,gender,ema_lr5e-2,0.05,0.0001,1.16374,0.57232,1756
32,16,gender,ema_lr1e-2_wd1e-3,0.01,0.001,0.85659,0.47665,1756
32,16,gender,ema_d0.99,0.01,0.0001,0.80579,0.50683,1756
32,16,gender,ema_d0.9999,0.01,0.0001,0.86616,0.47153,1756
32,16,gender,mlp_h16,0.001,0.0,0.67688,0.56036,1756
32,16,gender,mlp_h32,0.001,0.0,0.67386,0.56891,1756
32,16,gender,mlp_h64,0.001,0.0,0.67507,0.57232,1756
32,16,gender,mlp_h128,0.001,0.0,0.68225,0.55809,1756
32,16,gender,attention,0.0001,1e-05,1.36883,0.50781,1756
32,16,gender,shuffled,0.01,0.0001,0.82208,0.49829,1756
32,16,star_sign,ema_lr1e-3,0.001,0.0001,2.96246,0.10251,1756
32,16,star_sign,ema_lr5e-3,0.005,0.0001,2.7407,0.14009,1756
32,16,star_sign,ema_lr1e-2,0.01,0.0001,2.6229,0.13269,1756
32,16,star_sign,ema_lr5e-2,0.05,0.0001,1.55806,0.58144,1756
32,16,star_sign,ema_lr1e-2_wd1e-3,0.01,0.001,2.64277,0.1139,1756
32,16,star_sign,ema_d0.99,0.01,0.0001,2.57632,0.13895,1756
32,16,star_sign,ema_d0.9999,0.01,0.0001,2.61368,0.12528,1756
32,16,star_sign,mlp_h16,0.001,0.0,1.07184,0.73292,1756
32,16,star_sign,mlp_h32,0.001,0.0,0.00534,1.0,1756
32,16,star_sign,mlp_h64,0.001,0.0,0.00368,1.0,1756
32,16,star_sign,mlp_h128,0.001,0.0,0.00102,1.0,1756
32,16,star_sign,attention,0.0001,1e-05,0.11837,1.0,1756
32,16,star_sign,shuffled,0.01,0.0001,2.66857,0.14977,1756
32,20,age_bin,ema_lr1e-3,0.001,0.0001,1.54276,0.31549,1756
32,20,age_bin,ema_lr5e-3,0.005,0.0001,1.40165,0.3451,1756
32,20,age_bin,ema_lr1e-2,0.01,0.0001,1.41294,0.3115,1756
32,20,age_bin,ema_lr5e-2,0.05,0.0001,1.33951,0.41173,1756
32,20,age_bin,ema_lr1e-2_wd1e-3,0.01,0.001,1.33989,0.35308,1756
32,20,age_bin,ema_d0.99,0.01,0.0001,1.38231,0.33314,1756
32,20,age_bin,ema_d0.9999,0.01,0.0001,1.35494,0.36105,1756
32,20,age_bin,mlp_h16,0.001,0.0,1.04598,0.46811,1756
32,20,age_bin,mlp_h32,0.001,0.0,1.03669,0.4738,1756
32,20,age_bin,mlp_h64,0.001,0.0,1.03629,0.48178,1756
32,20,age_bin,mlp_h128,0.001,0.0,1.02968,0.4926,1756
32,20,age_bin,attention,0.0001,1e-05,10.13742,0.48438,1756
32,20,age_bin,shuffled,0.01,0.0001,1.3746,0.33371,1756
32,20,gender,ema_lr1e-3,0.001,0.0001,0.96545,0.52107,1756
32,20,gender,ema_lr5e-3,0.005,0.0001,0.93852,0.49317,1756
32,20,gender,ema_lr1e-2,0.01,0.0001,0.91243,0.46583,1756
32,20,gender,ema_lr5e-2,0.05,0.0001,0.88623,0.57118,1756
32,20,gender,ema_lr1e-2_wd1e-3,0.01,0.001,0.85608,0.50683,1756
32,20,gender,ema_d0.99,0.01,0.0001,0.90278,0.5074,1756
32,20,gender,ema_d0.9999,0.01,0.0001,0.91327,0.49772,1756
32,20,gender,mlp_h16,0.001,0.0,0.67871,0.56207,1756
32,20,gender,mlp_h32,0.001,0.0,0.67387,0.57289,1756
32,20,gender,mlp_h64,0.001,0.0,0.67195,0.56948,1756
32,20,gender,mlp_h128,0.001,0.0,0.68312,0.56777,1756
32,20,gender,attention,0.0001,1e-05,0.68967,0.57812,1756
32,20,gender,shuffled,0.01,0.0001,0.88905,0.50569,1756
32,20,star_sign,ema_lr1e-3,0.001,0.0001,3.13559,0.07745,1756
32,20,star_sign,ema_lr5e-3,0.005,0.0001,2.84246,0.12472,1756
32,20,star_sign,ema_lr1e-2,0.01,0.0001,2.77323,0.13895,1756
32,20,star_sign,ema_lr5e-2,0.05,0.0001,1.61654,0.55638,1756
32,20,star_sign,ema_lr1e-2_wd1e-3,0.01,0.001,2.63305,0.14237,1756
32,20,star_sign,ema_d0.99,0.01,0.0001,2.75496,0.1139,1756
32,20,star_sign,ema_d0.9999,0.01,0.0001,2.75654,0.13212,1756
32,20,star_sign,mlp_h16,0.001,0.0,0.25085,1.0,1756
32,20,star_sign,mlp_h32,0.001,0.0,0.12268,1.0,1756
32,20,star_sign,mlp_h64,0.001,0.0,0.02693,1.0,1756
32,20,star_sign,mlp_h128,0.001,0.0,0.00411,1.0,1756
32,20,star_sign,attention,0.0001,1e-05,0.0,1.0,1756
32,20,star_sign,shuffled,0.01,0.0001,2.64566,0.15604,1756
32,24,age_bin,ema_lr1e-3,0.001,0.0001,1.557,0.35023,1756
32,24,age_bin,ema_lr5e-3,0.005,0.0001,1.35613,0.39465,1756
32,24,age_bin,ema_lr1e-2,0.01,0.0001,1.4194,0.33542,1756
32,24,age_bin,ema_lr5e-2,0.05,0.0001,1.22489,0.39977,1756
32,24,age_bin,ema_lr1e-2_wd1e-3,0.01,0.001,1.41909,0.36617,1756
32,24,age_bin,ema_d0.99,0.01,0.0001,1.42461,0.35137,1756
32,24,age_bin,ema_d0.9999,0.01,0.0001,1.45509,0.34567,1756
32,24,age_bin,mlp_h16,0.001,0.0,1.04371,0.47323,1756
32,24,age_bin,mlp_h32,0.001,0.0,1.04061,0.47779,1756
32,24,age_bin,mlp_h64,0.001,0.0,1.04898,0.48007,1756
32,24,age_bin,mlp_h128,0.001,0.0,1.03649,0.49658,1756
32,24,age_bin,attention,0.0001,1e-05,2.41556,0.39844,1756
32,24,age_bin,shuffled,0.01,0.0001,1.40514,0.34112,1756
32,24,gender,ema_lr1e-3,0.001,0.0001,1.05353,0.49032,1756
32,24,gender,ema_lr5e-3,0.005,0.0001,1.00852,0.48519,1756
32,24,gender,ema_lr1e-2,0.01,0.0001,0.92936,0.50456,1756
32,24,gender,ema_lr5e-2,0.05,0.0001,0.76257,0.54442,1756
32,24,gender,ema_lr1e-2_wd1e-3,0.01,0.001,0.87499,0.52392,1756
32,24,gender,ema_d0.99,0.01,0.0001,0.95718,0.49772,1756
32,24,gender,ema_d0.9999,0.01,0.0001,0.88241,0.53815,1756
32,24,gender,mlp_h16,0.001,0.0,0.67302,0.56891,1756
32,24,gender,mlp_h32,0.001,0.0,0.68446,0.5598,1756
32,24,gender,mlp_h64,0.001,0.0,0.67417,0.55809,1756
32,24,gender,mlp_h128,0.001,0.0,0.67472,0.56492,1756
32,24,gender,attention,0.0001,1e-05,1.3179,0.5,1756
32,24,gender,shuffled,0.01,0.0001,0.90579,0.51481,1756
32,24,star_sign,ema_lr1e-3,0.001,0.0001,3.25364,0.0803,1756
32,24,star_sign,ema_lr5e-3,0.005,0.0001,3.14758,0.09169,1756
32,24,star_sign,ema_lr1e-2,0.01,0.0001,2.86712,0.1492,1756
32,24,star_sign,ema_lr5e-2,0.05,0.0001,1.77249,0.48975,1756
32,24,star_sign,ema_lr1e-2_wd1e-3,0.01,0.001,2.95279,0.09282,1756
32,24,star_sign,ema_d0.99,0.01,0.0001,2.82767,0.13838,1756
32,24,star_sign,ema_d0.9999,0.01,0.0001,2.81659,0.14066,1756
32,24,star_sign,mlp_h16,0.001,0.0,1.93094,0.37415,1756
32,24,star_sign,mlp_h32,0.001,0.0,0.56433,1.0,1756
32,24,star_sign,mlp_h64,0.001,0.0,0.08791,1.0,1756
32,24,star_sign,mlp_h128,0.001,0.0,0.02062,1.0,1756
32,24,star_sign,attention,0.0001,1e-05,0.0,1.0,1756
32,24,star_sign,shuffled,0.01,0.0001,2.82835,0.10877,1756
33,0,age_bin,ema_lr1e-3,0.001,0.0001,1.52201,0.33463,1799
33,0,age_bin,ema_lr5e-3,0.005,0.0001,1.45374,0.32407,1799
33,0,age_bin,ema_lr1e-2,0.01,0.0001,1.37574,0.3413,1799
33,0,age_bin,ema_lr5e-2,0.05,0.0001,1.19963,0.41523,1799
33,0,age_bin,ema_lr1e-2_wd1e-3,0.01,0.001,1.37956,0.35186,1799
33,0,age_bin,ema_d0.99,0.01,0.0001,1.36612,0.33185,1799
33,0,age_bin,ema_d0.9999,0.01,0.0001,1.37173,0.31962,1799
33,0,age_bin,mlp_h16,0.001,0.0,1.04402,0.45414,1799
33,0,age_bin,mlp_h32,0.001,0.0,1.06623,0.45081,1799
33,0,age_bin,mlp_h64,0.001,0.0,1.05405,0.4597,1799
33,0,age_bin,mlp_h128,0.001,0.0,1.07434,0.44302,1799
33,0,age_bin,attention,0.0001,1e-05,1.07996,0.51562,1799
33,0,age_bin,shuffled,0.01,0.0001,1.34847,0.3363,1799
33,0,gender,ema_lr1e-3,0.001,0.0001,1.10354,0.48527,1799
33,0,gender,ema_lr5e-3,0.005,0.0001,0.91243,0.49472,1799
33,0,gender,ema_lr1e-2,0.01,0.0001,0.91437,0.50083,1799
33,0,gender,ema_lr5e-2,0.05,0.0001,0.88987,0.50695,1799
33,0,gender,ema_lr1e-2_wd1e-3,0.01,0.001,0.84511,0.49305,1799
33,0,gender,ema_d0.99,0.01,0.0001,0.89154,0.47248,1799
33,0,gender,ema_d0.9999,0.01,0.0001,0.89441,0.48916,1799
33,0,gender,mlp_h16,0.001,0.0,0.69207,0.51473,1799
33,0,gender,mlp_h32,0.001,0.0,0.69179,0.5214,1799
33,0,gender,mlp_h64,0.001,0.0,0.69067,0.52863,1799
33,0,gender,mlp_h128,0.001,0.0,0.69326,0.53863,1799
33,0,gender,attention,0.0001,1e-05,0.69249,0.57031,1799
33,0,gender,shuffled,0.01,0.0001,0.85653,0.52474,1799
33,0,star_sign,ema_lr1e-3,0.001,0.0001,3.26459,0.08894,1799
33,0,star_sign,ema_lr5e-3,0.005,0.0001,2.95436,0.12674,1799
33,0,star_sign,ema_lr1e-2,0.01,0.0001,2.7249,0.12785,1799
33,0,star_sign,ema_lr5e-2,0.05,0.0001,1.56057,0.67871,1799
33,0,star_sign,ema_lr1e-2_wd1e-3,0.01,0.001,2.75519,0.14619,1799
33,0,star_sign,ema_d0.99,0.01,0.0001,2.83514,0.1045,1799
33,0,star_sign,ema_d0.9999,0.01,0.0001,2.73237,0.17065,1799
33,0,star_sign,mlp_h16,0.001,0.0,0.51818,0.90773,1799
33,0,star_sign,mlp_h32,0.001,0.0,0.22496,0.99944,1799
33,0,star_sign,mlp_h64,0.001,0.0,0.0341,1.0,1799
33,0,star_sign,mlp_h128,0.001,0.0,0.0136,1.0,1799
33,0,star_sign,attention,0.0001,1e-05,2.38347,1.0,1799
33,0,star_sign,shuffled,0.01,0.0001,2.7346,0.17732,1799
33,4,age_bin,ema_lr1e-3,0.001,0.0001,1.40364,0.31851,1799
33,4,age_bin,ema_lr5e-3,0.005,0.0001,1.30191,0.33296,1799
33,4,age_bin,ema_lr1e-2,0.01,0.0001,1.27244,0.33352,1799
33,4,age_bin,ema_lr5e-2,0.05,0.0001,1.41264,0.39077,1799
33,4,age_bin,ema_lr1e-2_wd1e-3,0.01,0.001,1.22928,0.38799,1799
33,4,age_bin,ema_d0.99,0.01,0.0001,1.28654,0.33352,1799
33,4,age_bin,ema_d0.9999,0.01,0.0001,1.26548,0.35075,1799
33,4,age_bin,mlp_h16,0.001,0.0,1.05363,0.4597,1799
33,4,age_bin,mlp_h32,0.001,0.0,1.07303,0.46192,1799
33,4,age_bin,mlp_h64,0.001,0.0,1.10343,0.46081,1799
33,4,age_bin,mlp_h128,0.001,0.0,1.12566,0.4547,1799
33,4,age_bin,attention,0.0001,1e-05,0.9814,0.51562,1799
33,4,age_bin,shuffled,0.01,0.0001,1.25973,0.34797,1799
33,4,gender,ema_lr1e-3,0.001,0.0001,0.85584,0.49861,1799
33,4,gender,ema_lr5e-3,0.005,0.0001,0.82385,0.51417,1799
33,4,gender,ema_lr1e-2,0.01,0.0001,0.81325,0.50695,1799
33,4,gender,ema_lr5e-2,0.05,0.0001,1.47209,0.55642,1799
33,4,gender,ema_lr1e-2_wd1e-3,0.01,0.001,0.81896,0.49528,1799
33,4,gender,ema_d0.99,0.01,0.0001,0.78833,0.51473,1799
33,4,gender,ema_d0.9999,0.01,0.0001,0.84808,0.47248,1799
33,4,gender,mlp_h16,0.001,0.0,0.69645,0.49528,1799
33,4,gender,mlp_h32,0.001,0.0,0.69203,0.54086,1799
33,4,gender,mlp_h64,0.001,0.0,0.72509,0.45859,1799
33,4,gender,mlp_h128,0.001,0.0,0.7274,0.45525,1799
33,4,gender,attention,0.0001,1e-05,0.70421,0.53125,1799
33,4,gender,shuffled,0.01,0.0001,0.82747,0.49972,1799
33,4,star_sign,ema_lr1e-3,0.001,0.0001,2.86132,0.07449,1799
33,4,star_sign,ema_lr5e-3,0.005,0.0001,2.71719,0.11451,1799
33,4,star_sign,ema_lr1e-2,0.01,0.0001,2.51201,0.14675,1799
33,4,star_sign,ema_lr5e-2,0.05,0.0001,1.58147,0.59867,1799
33,4,star_sign,ema_lr1e-2_wd1e-3,0.01,0.001,2.51313,0.18121,1799
33,4,star_sign,ema_d0.99,0.01,0.0001,2.48341,0.14842,1799
33,4,star_sign,ema_d0.9999,0.01,0.0001,2.50879,0.1562,1799
33,4,star_sign,mlp_h16,0.001,0.0,0.04693,1.0,1799
33,4,star_sign,mlp_h32,0.001,0.0,0.00861,1.0,1799
33,4,star_sign,mlp_h64,0.001,0.0,0.005,1.0,1799
33,4,star_sign,mlp_h128,0.001,0.0,0.00025,1.0,1799
33,4,star_sign,attention,0.0001,1e-05,0.85789,1.0,1799
33,4,star_sign,shuffled,0.01,0.0001,2.49876,0.14897,1799
33,8,age_bin,ema_lr1e-3,0.001,0.0001,1.3905,0.32018,1799
33,8,age_bin,ema_lr5e-3,0.005,0.0001,1.3255,0.34297,1799
33,8,age_bin,ema_lr1e-2,0.01,0.0001,1.29893,0.33963,1799
33,8,age_bin,ema_lr5e-2,0.05,0.0001,1.66317,0.43691,1799
33,8,age_bin,ema_lr1e-2_wd1e-3,0.01,0.001,1.24498,0.36076,1799
33,8,age_bin,ema_d0.99,0.01,0.0001,1.27188,0.35075,1799
33,8,age_bin,ema_d0.9999,0.01,0.0001,1.25041,0.36187,1799
33,8,age_bin,mlp_h16,0.001,0.0,1.04523,0.46137,1799
33,8,age_bin,mlp_h32,0.001,0.0,1.0521,0.46026,1799
33,8,age_bin,mlp_h64,0.001,0.0,1.09726,0.45914,1799
33,8,age_bin,mlp_h128,0.001,0.0,1.09153,0.46304,1799
33,8,age_bin,attention,0.0001,1e-05,1.01371,0.50781,1799
33,8,age_bin,shuffled,0.01,0.0001,1.2686,0.33852,1799
33,8,gender,ema_lr1e-3,0.001,0.0001,0.88285,0.49416,1799
33,8,gender,ema_lr5e-3,0.005,0.0001,0.83247,0.50584,1799
33,8,gender,ema_lr1e-2,0.01,0.0001,0.81229,0.50584,1799
33,8,gender,ema_lr5e-2,0.05,0.0001,1.29166,0.57143,1799
33,8,gender,ema_lr1e-2_wd1e-3,0.01,0.001,0.84633,0.49528,1799
33,8,gender,ema_d0.99,0.01,0.0001,0.80891,0.51417,1799
33,8,gender,ema_d0.9999,0.01,0.0001,0.81488,0.51028,1799
33,8,gender,mlp_h16,0.001,0.0,0.69583,0.53585,1799
33,8,gender,mlp_h32,0.001,0.0,0.69902,0.53029,1799
33,8,gender,mlp_h64,0.001,0.0,0.69325,0.55531,1799
33,8,gender,mlp_h128,0.001,0.0,0.73644,0.46637,1799
33,8,gender,attention,0.0001,1e-05,5.54245,0.5625,1799
33,8,gender,shuffled,0.01,0.0001,0.8038,0.51973,1799
33,8,star_sign,ema_lr1e-3,0.001,0.0001,2.92315,0.06559,1799
33,8,star_sign,ema_lr5e-3,0.005,0.0001,2.7405,0.13174,1799
33,8,star_sign,ema_lr1e-2,0.01,0.0001,2.60145,0.14286,1799
33,8,star_sign,ema_lr5e-2,0.05,0.0001,1.55547,0.66704,1799
33,8,star_sign,ema_lr1e-2_wd1e-3,0.01,0.001,2.54385,0.1512,1799
33,8,star_sign,ema_d0.99,0.01,0.0001,2.56551,0.14842,1799
33,8,star_sign,ema_d0.9999,0.01,0.0001,2.53502,0.15842,1799
33,8,star_sign,mlp_h16,0.001,0.0,1.2237,0.81656,1799
33,8,star_sign,mlp_h32,0.001,0.0,0.01273,1.0,1799
33,8,star_sign,mlp_h64,0.001,0.0,0.00248,1.0,1799
33,8,star_sign,mlp_h128,0.001,0.0,0.00021,1.0,1799
33,8,star_sign,attention,0.0001,1e-05,0.49841,1.0,1799
33,8,star_sign,shuffled,0.01,0.0001,2.5562,0.14897,1799
33,12,age_bin,ema_lr1e-3,0.001,0.0001,1.49287,0.29906,1799
33,12,age_bin,ema_lr5e-3,0.005,0.0001,1.28734,0.34686,1799
33,12,age_bin,ema_lr1e-2,0.01,0.0001,1.33151,0.3174,1799
33,12,age_bin,ema_lr5e-2,0.05,0.0001,1.57926,0.38355,1799
33,12,age_bin,ema_lr1e-2_wd1e-3,0.01,0.001,1.31978,0.31518,1799
33,12,age_bin,ema_d0.99,0.01,0.0001,1.24748,0.36798,1799
33,12,age_bin,ema_d0.9999,0.01,0.0001,1.29647,0.32518,1799
33,12,age_bin,mlp_h16,0.001,0.0,1.06591,0.46026,1799
33,12,age_bin,mlp_h32,0.001,0.0,1.03917,0.46415,1799
33,12,age_bin,mlp_h64,0.001,0.0,1.11859,0.45359,1799
33,12,age_bin,mlp_h128,0.001,0.0,1.1303,0.44636,1799
33,12,age_bin,attention,0.0001,1e-05,1.10435,0.39062,1799
33,12,age_bin,shuffled,0.01,0.0001,1.29487,0.32629,1799
33,12,gender,ema_lr1e-3,0.001,0.0001,0.84403,0.49472,1799
33,12,gender,ema_lr5e-3,0.005,0.0001,0.78914,0.51028,1799
33,12,gender,ema_lr1e-2,0.01,0.0001,0.80466,0.51529,1799
33,12,gender,ema_lr5e-2,0.05,0.0001,1.36726,0.56365,1799
33,12,gender,ema_lr1e-2_wd1e-3,0.01,0.001,0.80072,0.52362,1799
33,12,gender,ema_d0.99,0.01,0.0001,0.81629,0.50528,1799
33,12,gender,ema_d0.9999,0.01,0.0001,0.82402,0.49583,1799
33,12,gender,mlp_h16,0.001,0.0,0.67967,0.57198,1799
33,12,gender,mlp_h32,0.001,0.0,0.6826,0.56865,1799
33,12,gender,mlp_h64,0.001,0.0,0.68279,0.5781,1799
33,12,gender,mlp_h128,0.001,0.0,0.68374,0.56976,1799
33,12,gender,attention,0.0001,1e-05,0.713,0.47656,1799
33,12,gender,shuffled,0.01,0.0001,0.82917,0.4925,1799
33,12,star_sign,ema_lr1e-3,0.001,0.0001,2.8923,0.06837,1799
33,12,star_sign,ema_lr5e-3,0.005,0.0001,2.72268,0.10561,1799
33,12,star_sign,ema_lr1e-2,0.01,0.0001,2.52237,0.15564,1799
33,12,star_sign,ema_lr5e-2,0.05,0.0001,1.57275,0.57365,1799
33,12,star_sign,ema_lr1e-2_wd1e-3,0.01,0.001,2.50396,0.13841,1799
33,12,star_sign,ema_d0.99,0.01,0.0001,2.52663,0.14286,1799
33,12,star_sign,ema_d0.9999,0.01,0.0001,2.46811,0.17121,1799
33,12,star_sign,mlp_h16,0.001,0.0,0.04601,1.0,1799
33,12,star_sign,mlp_h32,0.001,0.0,0.01373,1.0,1799
33,12,star_sign,mlp_h64,0.001,0.0,0.00125,1.0,1799
33,12,star_sign,mlp_h128,0.001,0.0,0.00024,1.0,1799
33,12,star_sign,attention,0.0001,1e-05,0.0,1.0,1799
33,12,star_sign,shuffled,0.01,0.0001,2.49092,0.16509,1799
33,16,age_bin,ema_lr1e-3,0.001,0.0001,1.3683,0.3463,1799
33,16,age_bin,ema_lr5e-3,0.005,0.0001,1.33464,0.35242,1799
33,16,age_bin,ema_lr1e-2,0.01,0.0001,1.34306,0.32907,1799
33,16,age_bin,ema_lr5e-2,0.05,0.0001,1.49241,0.2985,1799
33,16,age_bin,ema_lr1e-2_wd1e-3,0.01,0.001,1.3278,0.34186,1799
33,16,age_bin,ema_d0.99,0.01,0.0001,1.26635,0.36854,1799
33,16,age_bin,ema_d0.9999,0.01,0.0001,1.20983,0.39188,1799
33,16,age_bin,mlp_h16,0.001,0.0,1.02194,0.46192,1799
33,16,age_bin,mlp_h32,0.001,0.0,1.0274,0.46637,1799
33,16,age_bin,mlp_h64,0.001,0.0,1.07323,0.46081,1799
33,16,age_bin,mlp_h128,0.001,0.0,1.10696,0.45692,1799
33,16,age_bin,attention,0.0001,1e-05,0.99515,0.50781,1799
33,16,age_bin,shuffled,0.01,0.0001,1.30134,0.35297,1799
33,16,gender,ema_lr1e-3,0.001,0.0001,0.82808,0.53752,1799
33,16,gender,ema_lr5e-3,0.005,0.0001,0.89353,0.49361,1799
33,16,gender,ema_lr1e-2,0.01,0.0001,0.80112,0.53696,1799
33,16,gender,ema_lr5e-2,0.05,0.0001,1.16084,0.57032,1799
33,16,gender,ema_lr1e-2_wd1e-3,0.01,0.001,0.80586,0.51417,1799
33,16,gender,ema_d0.99,0.01,0.0001,0.83726,0.48638,1799
33,16,gender,ema_d0.9999,0.01,0.0001,0.79886,0.53029,1799
33,16,gender,mlp_h16,0.001,0.0,0.67418,0.59366,1799
33,16,gender,mlp_h32,0.001,0.0,0.66888,0.58588,1799
33,16,gender,mlp_h64,0.001,0.0,0.66841,0.59366,1799
33,16,gender,mlp_h128,0.001,0.0,0.66718,0.59366,1799
33,16,gender,attention,0.0001,1e-05,2.22414,0.4375,1799
33,16,gender,shuffled,0.01,0.0001,0.83072,0.4975,1799
33,16,star_sign,ema_lr1e-3,0.001,0.0001,2.86918,0.10673,1799
33,16,star_sign,ema_lr5e-3,0.005,0.0001,2.66835,0.15564,1799
33,16,star_sign,ema_lr1e-2,0.01,0.0001,2.57978,0.14175,1799
33,16,star_sign,ema_lr5e-2,0.05,0.0001,1.61748,0.64425,1799
33,16,star_sign,ema_lr1e-2_wd1e-3,0.01,0.001,2.63869,0.10895,1799
33,16,star_sign,ema_d0.99,0.01,0.0001,2.57122,0.15898,1799
33,16,star_sign,ema_d0.9999,0.01,0.0001,2.61749,0.13341,1799
33,16,star_sign,mlp_h16,0.001,0.0,1.01179,0.80267,1799
33,16,star_sign,mlp_h32,0.001,0.0,0.00462,1.0,1799
33,16,star_sign,mlp_h64,0.001,0.0,0.00352,1.0,1799
33,16,star_sign,mlp_h128,0.001,0.0,0.00094,1.0,1799
33,16,star_sign,attention,0.0001,1e-05,0.09935,1.0,1799
33,16,star_sign,shuffled,0.01,0.0001,2.7055,0.14063,1799
33,20,age_bin,ema_lr1e-3,0.001,0.0001,1.6137,0.32518,1799
33,20,age_bin,ema_lr5e-3,0.005,0.0001,1.42207,0.34019,1799
33,20,age_bin,ema_lr1e-2,0.01,0.0001,1.35827,0.35242,1799
33,20,age_bin,ema_lr5e-2,0.05,0.0001,1.3269,0.38188,1799
33,20,age_bin,ema_lr1e-2_wd1e-3,0.01,0.001,1.35925,0.35464,1799
33,20,age_bin,ema_d0.99,0.01,0.0001,1.31921,0.36187,1799
33,20,age_bin,ema_d0.9999,0.01,0.0001,1.30528,0.3791,1799
33,20,age_bin,mlp_h16,0.001,0.0,1.01277,0.46915,1799
33,20,age_bin,mlp_h32,0.001,0.0,1.01766,0.47193,1799
33,20,age_bin,mlp_h64,0.001,0.0,1.02358,0.46915,1799
33,20,age_bin,mlp_h128,0.001,0.0,1.06026,0.45414,1799
33,20,age_bin,attention,0.0001,1e-05,13.67933,0.51562,1799
33,20,age_bin,shuffled,0.01,0.0001,1.3821,0.32852,1799
33,20,gender,ema_lr1e-3,0.001,0.0001,0.97735,0.47749,1799
33,20,gender,ema_lr5e-3,0.005,0.0001,0.89505,0.51417,1799
33,20,gender,ema_lr1e-2,0.01,0.0001,0.90266,0.50695,1799
33,20,gender,ema_lr5e-2,0.05,0.0001,0.93932,0.56198,1799
33,20,gender,ema_lr1e-2_wd1e-3,0.01,0.001,0.88679,0.50028,1799
33,20,gender,ema_d0.99,0.01,0.0001,0.87358,0.49917,1799
33,20,gender,ema_d0.9999,0.01,0.0001,0.84518,0.53029,1799
33,20,gender,mlp_h16,0.001,0.0,0.68439,0.55864,1799
33,20,gender,mlp_h32,0.001,0.0,0.68536,0.55309,1799
33,20,gender,mlp_h64,0.001,0.0,0.67934,0.56921,1799
33,20,gender,mlp_h128,0.001,0.0,0.68318,0.56754,1799
33,20,gender,attention,0.0001,1e-05,0.7309,0.4375,1799
33,20,gender,shuffled,0.01,0.0001,0.85458,0.5025,1799
33,20,star_sign,ema_lr1e-3,0.001,0.0001,3.1565,0.07115,1799
33,20,star_sign,ema_lr5e-3,0.005,0.0001,2.87021,0.12062,1799
33,20,star_sign,ema_lr1e-2,0.01,0.0001,2.70051,0.17621,1799
33,20,star_sign,ema_lr5e-2,0.05,0.0001,1.59327,0.55586,1799
33,20,star_sign,ema_lr1e-2_wd1e-3,0.01,0.001,2.70315,0.15231,1799
33,20,star_sign,ema_d0.99,0.01,0.0001,2.72734,0.1373,1799
33,20,star_sign,ema_d0.9999,0.01,0.0001,2.68869,0.13897,1799
33,20,star_sign,mlp_h16,0.001,0.0,0.23415,1.0,1799
33,20,star_sign,mlp_h32,0.001,0.0,0.11321,1.0,1799
33,20,star_sign,mlp_h64,0.001,0.0,0.02425,1.0,1799
33,20,star_sign,mlp_h128,0.001,0.0,0.00366,1.0,1799
33,20,star_sign,attention,0.0001,1e-05,0.0,1.0,1799
33,20,star_sign,shuffled,0.01,0.0001,2.67358,0.16064,1799
33,24,age_bin,ema_lr1e-3,0.001,0.0001,1.58176,0.34964,1799
33,24,age_bin,ema_lr5e-3,0.005,0.0001,1.48776,0.34853,1799
33,24,age_bin,ema_lr1e-2,0.01,0.0001,1.28891,0.36465,1799
33,24,age_bin,ema_lr5e-2,0.05,0.0001,1.20643,0.40467,1799
33,24,age_bin,ema_lr1e-2_wd1e-3,0.01,0.001,1.37701,0.37354,1799
33,24,age_bin,ema_d0.99,0.01,0.0001,1.36393,0.34908,1799
33,24,age_bin,ema_d0.9999,0.01,0.0001,1.40476,0.37854,1799
33,24,age_bin,mlp_h16,0.001,0.0,1.04365,0.46137,1799
33,24,age_bin,mlp_h32,0.001,0.0,1.04337,0.46804,1799
33,24,age_bin,mlp_h64,0.001,0.0,1.01883,0.46359,1799
33,24,age_bin,mlp_h128,0.001,0.0,1.02431,0.45247,1799
33,24,age_bin,attention,0.0001,1e-05,2.03962,0.42188,1799
33,24,age_bin,shuffled,0.01,0.0001,1.38753,0.36187,1799
33,24,gender,ema_lr1e-3,0.001,0.0001,0.94284,0.53419,1799
33,24,gender,ema_lr5e-3,0.005,0.0001,0.97108,0.50306,1799
33,24,gender,ema_lr1e-2,0.01,0.0001,0.88165,0.51195,1799
33,24,gender,ema_lr5e-2,0.05,0.0001,0.76016,0.55309,1799
33,24,gender,ema_lr1e-2_wd1e-3,0.01,0.001,0.91874,0.5075,1799
33,24,gender,ema_d0.99,0.01,0.0001,0.96556,0.49972,1799
33,24,gender,ema_d0.9999,0.01,0.0001,0.96785,0.49972,1799
33,24,gender,mlp_h16,0.001,0.0,0.68231,0.55809,1799
33,24,gender,mlp_h32,0.001,0.0,0.68382,0.56921,1799
33,24,gender,mlp_h64,0.001,0.0,0.68589,0.56698,1799
33,24,gender,mlp_h128,0.001,0.0,0.69331,0.5542,1799
33,24,gender,attention,0.0001,1e-05,1.37662,0.47656,1799
33,24,gender,shuffled,0.01,0.0001,0.86858,0.5114,1799
33,24,star_sign,ema_lr1e-3,0.001,0.0001,3.25325,0.08449,1799
33,24,star_sign,ema_lr5e-3,0.005,0.0001,3.03634,0.10506,1799
33,24,star_sign,ema_lr1e-2,0.01,0.0001,2.91802,0.1373,1799
33,24,star_sign,ema_lr5e-2,0.05,0.0001,1.62391,0.54919,1799
33,24,star_sign,ema_lr1e-2_wd1e-3,0.01,0.001,2.84851,0.11006,1799
33,24,star_sign,ema_d0.99,0.01,0.0001,2.8576,0.14842,1799
33,24,star_sign,ema_d0.9999,0.01,0.0001,2.71199,0.13785,1799
33,24,star_sign,mlp_h16,0.001,0.0,1.88601,0.38132,1799
33,24,star_sign,mlp_h32,0.001,0.0,0.49759,1.0,1799
33,24,star_sign,mlp_h64,0.001,0.0,0.07313,1.0,1799
33,24,star_sign,mlp_h128,0.001,0.0,0.01797,1.0,1799
33,24,star_sign,attention,0.0001,1e-05,0.00602,1.0,1799
33,24,star_sign,shuffled,0.01,0.0001,2.8891,0.10006,1799
34,0,age_bin,ema_lr1e-3,0.001,0.0001,1.49684,0.33298,1886
34,0,age_bin,ema_lr5e-3,0.005,0.0001,1.46243,0.33298,1886
34,0,age_bin,ema_lr1e-2,0.01,0.0001,1.3659,0.31813,1886
34,0,age_bin,ema_lr5e-2,0.05,0.0001,1.23422,0.36585,1886
34,0,age_bin,ema_lr1e-2_wd1e-3,0.01,0.001,1.36397,0.33775,1886
34,0,age_bin,ema_d0.99,0.01,0.0001,1.35728,0.35684,1886
34,0,age_bin,ema_d0.9999,0.01,0.0001,1.33626,0.33987,1886
34,0,age_bin,mlp_h16,0.001,0.0,1.11699,0.36957,1886
34,0,age_bin,mlp_h32,0.001,0.0,1.12841,0.36744,1886
34,0,age_bin,mlp_h64,0.001,0.0,1.1245,0.37964,1886
34,0,age_bin,mlp_h128,0.001,0.0,1.13268,0.37593,1886
34,0,age_bin,attention,0.0001,1e-05,1.09184,0.39844,1886
34,0,age_bin,shuffled,0.01,0.0001,1.33119,0.32503,1886
34,0,gender,ema_lr1e-3,0.001,0.0001,1.06131,0.50424,1886
34,0,gender,ema_lr5e-3,0.005,0.0001,0.86982,0.51326,1886
34,0,gender,ema_lr1e-2,0.01,0.0001,0.88014,0.49576,1886
34,0,gender,ema_lr5e-2,0.05,0.0001,0.91266,0.49523,1886
34,0,gender,ema_lr1e-2_wd1e-3,0.01,0.001,0.89475,0.47614,1886
34,0,gender,ema_d0.99,0.01,0.0001,0.88832,0.50159,1886
34,0,gender,ema_d0.9999,0.01,0.0001,0.88935,0.49576,1886
34,0,gender,mlp_h16,0.001,0.0,0.69025,0.52863,1886
34,0,gender,mlp_h32,0.001,0.0,0.69506,0.51591,1886
34,0,gender,mlp_h64,0.001,0.0,0.6959,0.50742,1886
34,0,gender,mlp_h128,0.001,0.0,0.70666,0.49788,1886
34,0,gender,attention,0.0001,1e-05,0.69307,0.49219,1886
34,0,gender,shuffled,0.01,0.0001,0.88839,0.49258,1886
34,0,star_sign,ema_lr1e-3,0.001,0.0001,3.22382,0.09915,1886
34,0,star_sign,ema_lr5e-3,0.005,0.0001,2.9066,0.12089,1886
34,0,star_sign,ema_lr1e-2,0.01,0.0001,2.73224,0.14475,1886
34,0,star_sign,ema_lr5e-2,0.05,0.0001,1.54257,0.68558,1886
34,0,star_sign,ema_lr1e-2_wd1e-3,0.01,0.001,2.73121,0.15323,1886
34,0,star_sign,ema_d0.99,0.01,0.0001,2.77583,0.12142,1886
34,0,star_sign,ema_d0.9999,0.01,0.0001,2.74792,0.16649,1886
34,0,star_sign,mlp_h16,0.001,0.0,0.47966,0.921,1886
34,0,star_sign,mlp_h32,0.001,0.0,0.19605,0.99947,1886
34,0,star_sign,mlp_h64,0.001,0.0,0.02922,1.0,1886
34,0,star_sign,mlp_h128,0.001,0.0,0.01141,0.99947,1886
34,0,star_sign,attention,0.0001,1e-05,2.37735,1.0,1886
34,0,star_sign,shuffled,0.01,0.0001,2.77209,0.1702,1886
34,4,age_bin,ema_lr1e-3,0.001,0.0001,1.39288,0.31548,1886
34,4,age_bin,ema_lr5e-3,0.005,0.0001,1.29027,0.34252,1886
34,4,age_bin,ema_lr1e-2,0.01,0.0001,1.30879,0.31866,1886
34,4,age_bin,ema_lr5e-2,0.05,0.0001,1.34891,0.36638,1886
34,4,age_bin,ema_lr1e-2_wd1e-3,0.01,0.001,1.27382,0.34199,1886
34,4,age_bin,ema_d0.99,0.01,0.0001,1.29148,0.3404,1886
34,4,age_bin,ema_d0.9999,0.01,0.0001,1.2608,0.35207,1886
34,4,age_bin,mlp_h16,0.001,0.0,1.1261,0.35843,1886
34,4,age_bin,mlp_h32,0.001,0.0,1.13813,0.37222,1886
34,4,age_bin,mlp_h64,0.001,0.0,1.14199,0.37116,1886
34,4,age_bin,mlp_h128,0.001,0.0,1.1554,0.37699,1886
34,4,age_bin,attention,0.0001,1e-05,1.09814,0.39844,1886
34,4,age_bin,shuffled,0.01,0.0001,1.27955,0.34146,1886
34,4,gender,ema_lr1e-3,0.001,0.0001,0.85153,0.51697,1886
34,4,gender,ema_lr5e-3,0.005,0.0001,0.86031,0.48091,1886
34,4,gender,ema_lr1e-2,0.01,0.0001,0.80678,0.51379,1886
34,4,gender,ema_lr5e-2,0.05,0.0001,1.59479,0.53712,1886
34,4,gender,ema_lr1e-2_wd1e-3,0.01,0.001,0.84575,0.49523,1886
34,4,gender,ema_d0.99,0.01,0.0001,0.7965,0.52439,1886
34,4,gender,ema_d0.9999,0.01,0.0001,0.83214,0.48462,1886
34,4,gender,mlp_h16,0.001,0.0,0.68728,0.52651,1886
34,4,gender,mlp_h32,0.001,0.0,0.69153,0.51591,1886
34,4,gender,mlp_h64,0.001,0.0,0.68966,0.54083,1886
34,4,gender,mlp_h128,0.001,0.0,0.68798,0.54984,1886
34,4,gender,attention,0.0001,1e-05,0.73413,0.51562,1886
34,4,gender,shuffled,0.01,0.0001,0.81541,0.50265,1886
34,4,star_sign,ema_lr1e-3,0.001,0.0001,2.90113,0.05461,1886
34,4,star_sign,ema_lr5e-3,0.005,0.0001,2.6875,0.10498,1886
34,4,star_sign,ema_lr1e-2,0.01,0.0001,2.47884,0.17444,1886
34,4,star_sign,ema_lr5e-2,0.05,0.0001,1.80628,0.89396,1886
34,4,star_sign,ema_lr1e-2_wd1e-3,0.01,0.001,2.43778,0.19247,1886
34,4,star_sign,ema_d0.99,0.01,0.0001,2.45506,0.17285,1886
34,4,star_sign,ema_d0.9999,0.01,0.0001,2.51217,0.15376,1886
34,4,star_sign,mlp_h16,0.001,0.0,0.03903,1.0,1886
34,4,star_sign,mlp_h32,0.001,0.0,0.00747,1.0,1886
34,4,star_sign,mlp_h64,0.001,0.0,0.00434,1.0,1886
34,4,star_sign,mlp_h128,0.001,0.0,0.00022,1.0,1886
34,4,star_sign,attention,0.0001,1e-05,0.84045,1.0,1886
34,4,star_sign,shuffled,0.01,0.0001,2.49817,0.15217,1886
34,8,age_bin,ema_lr1e-3,0.001,0.0001,1.40377,0.30859,1886
34,8,age_bin,ema_lr5e-3,0.005,0.0001,1.33542,0.34358,1886
34,8,age_bin,ema_lr1e-2,0.01,0.0001,1.28399,0.34783,1886
34,8,age_bin,ema_lr5e-2,0.05,0.0001,1.55723,0.33722,1886
34,8,age_bin,ema_lr1e-2_wd1e-3,0.01,0.001,1.2561,0.36267,1886
34,8,age_bin,ema_d0.99,0.01,0.0001,1.26173,0.35472,1886
34,8,age_bin,ema_d0.9999,0.01,0.0001,1.26563,0.33881,1886
34,8,age_bin,mlp_h16,0.001,0.0,1.12076,0.35578,1886
34,8,age_bin,mlp_h32,0.001,0.0,1.13897,0.36479,1886
34,8,age_bin,mlp_h64,0.001,0.0,1.15273,0.3807,1886
34,8,age_bin,mlp_h128,0.001,0.0,1.12771,0.38494,1886
34,8,age_bin,attention,0.0001,1e-05,1.10462,0.40625,1886
34,8,age_bin,shuffled,0.01,0.0001,1.27527,0.33033,1886
34,8,gender,ema_lr1e-3,0.001,0.0001,0.87291,0.49629,1886
34,8,gender,ema_lr5e-3,0.005,0.0001,0.83973,0.51113,1886
34,8,gender,ema_lr1e-2,0.01,0.0001,0.82555,0.50159,1886
34,8,gender,ema_lr5e-2,0.05,0.0001,1.46933,0.52439,1886
34,8,gender,ema_lr1e-2_wd1e-3,0.01,0.001,0.844,0.48303,1886
34,8,gender,ema_d0.99,0.01,0.0001,0.83564,0.48993,1886
34,8,gender,ema_d0.9999,0.01,0.0001,0.80759,0.51379,1886
34,8,gender,mlp_h16,0.001,0.0,0.68014,0.56151,1886
34,8,gender,mlp_h32,0.001,0.0,0.67866,0.55143,1886
34,8,gender,mlp_h64,0.001,0.0,0.6747,0.56257,1886
34,8,gender,mlp_h128,0.001,0.0,0.68022,0.55143,1886
34,8,gender,attention,0.0001,1e-05,6.33762,0.48438,1886
34,8,gender,shuffled,0.01,0.0001,0.82639,0.48887,1886
34,8,star_sign,ema_lr1e-3,0.001,0.0001,2.83817,0.07317,1886
34,8,star_sign,ema_lr5e-3,0.005,0.0001,2.65077,0.14793,1886
34,8,star_sign,ema_lr1e-2,0.01,0.0001,2.50079,0.15748,1886
34,8,star_sign,ema_lr5e-2,0.05,0.0001,1.64596,0.52651,1886
34,8,star_sign,ema_lr1e-2_wd1e-3,0.01,0.001,2.54614,0.14793,1886
34,8,star_sign,ema_d0.99,0.01,0.0001,2.54523,0.15376,1886
34,8,star_sign,ema_d0.9999,0.01,0.0001,2.52571,0.16437,1886
34,8,star_sign,mlp_h16,0.001,0.0,1.16139,0.92206,1886
34,8,star_sign,mlp_h32,0.001,0.0,0.01092,1.0,1886
34,8,star_sign,mlp_h64,0.001,0.0,0.00209,1.0,1886
34,8,star_sign,mlp_h128,0.001,0.0,0.00017,1.0,1886
34,8,star_sign,attention,0.0001,1e-05,0.49863,1.0,1886
34,8,star_sign,shuffled,0.01,0.0001,2.57945,0.13733,1886
34,12,age_bin,ema_lr1e-3,0.001,0.0001,1.33958,0.35366,1886
34,12,age_bin,ema_lr5e-3,0.005,0.0001,1.29925,0.34358,1886
34,12,age_bin,ema_lr1e-2,0.01,0.0001,1.21695,0.37911,1886
34,12,age_bin,ema_lr5e-2,0.05,0.0001,1.72298,0.34517,1886
34,12,age_bin,ema_lr1e-2_wd1e-3,0.01,0.001,1.24907,0.38017,1886
34,12,age_bin,ema_d0.99,0.01,0.0001,1.21169,0.37699,1886
34,12,age_bin,ema_d0.9999,0.01,0.0001,1.28987,0.33404,1886
34,12,age_bin,mlp_h16,0.001,0.0,1.1507,0.35737,1886
34,12,age_bin,mlp_h32,0.001,0.0,1.10117,0.37964,1886
34,12,age_bin,mlp_h64,0.001,0.0,1.14334,0.40615,1886
34,12,age_bin,mlp_h128,0.001,0.0,1.13208,0.40933,1886
34,12,age_bin,attention,0.0001,1e-05,1.12062,0.32812,1886
34,12,age_bin,shuffled,0.01,0.0001,1.26158,0.34252,1886
34,12,gender,ema_lr1e-3,0.001,0.0001,0.86474,0.49947,1886
34,12,gender,ema_lr5e-3,0.005,0.0001,0.83967,0.50106,1886
34,12,gender,ema_lr1e-2,0.01,0.0001,0.8334,0.4878,1886
34,12,gender,ema_lr5e-2,0.05,0.0001,1.4524,0.54242,1886
34,12,gender,ema_lr1e-2_wd1e-3,0.01,0.001,0.84142,0.48303,1886
34,12,gender,ema_d0.99,0.01,0.0001,0.84548,0.5122,1886
34,12,gender,ema_d0.9999,0.01,0.0001,0.8062,0.49099,1886
34,12,gender,mlp_h16,0.001,0.0,0.68179,0.55143,1886
34,12,gender,mlp_h32,0.001,0.0,0.68608,0.54242,1886
34,12,gender,mlp_h64,0.001,0.0,0.67962,0.54878,1886
34,12,gender,mlp_h128,0.001,0.0,0.68128,0.55514,1886
34,12,gender,attention,0.0001,1e-05,0.70427,0.51562,1886
34,12,gender,shuffled,0.01,0.0001,0.82693,0.50424,1886
34,12,star_sign,ema_lr1e-3,0.001,0.0001,2.9439,0.06363,1886
34,12,star_sign,ema_lr5e-3,0.005,0.0001,2.7067,0.1193,1886
34,12,star_sign,ema_lr1e-2,0.01,0.0001,2.51784,0.17126,1886
34,12,star_sign,ema_lr5e-2,0.05,0.0001,1.74157,0.8754,1886
34,12,star_sign,ema_lr1e-2_wd1e-3,0.01,0.001,2.45745,0.16331,1886
34,12,star_sign,ema_d0.99,0.01,0.0001,2.49291,0.15111,1886
34,12,star_sign,ema_d0.9999,0.01,0.0001,2.44535,0.18452,1886
34,12,star_sign,mlp_h16,0.001,0.0,0.03931,1.0,1886
34,12,star_sign,mlp_h32,0.001,0.0,0.01215,1.0,1886
34,12,star_sign,mlp_h64,0.001,0.0,0.00107,1.0,1886
34,12,star_sign,mlp_h128,0.001,0.0,0.00022,1.0,1886
34,12,star_sign,attention,0.0001,1e-05,0.0,1.0,1886
34,12,star_sign,shuffled,0.01,0.0001,2.58228,0.13574,1886
34,16,age_bin,ema_lr1e-3,0.001,0.0001,1.40546,0.31972,1886
34,16,age_bin,ema_lr5e-3,0.005,0.0001,1.3714,0.34199,1886
34,16,age_bin,ema_lr1e-2,0.01,0.0001,1.37824,0.32291,1886
34,16,age_bin,ema_lr5e-2,0.05,0.0001,1.57888,0.39502,1886
34,16,age_bin,ema_lr1e-2_wd1e-3,0.01,0.001,1.26722,0.36585,1886
34,16,age_bin,ema_d0.99,0.01,0.0001,1.30337,0.34836,1886
34,16,age_bin,ema_d0.9999,0.01,0.0001,1.21019,0.38123,1886
34,16,age_bin,mlp_h16,0.001,0.0,1.08941,0.39343,1886
34,16,age_bin,mlp_h32,0.001,0.0,1.1051,0.38653,1886
34,16,age_bin,mlp_h64,0.001,0.0,1.12632,0.39077,1886
34,16,age_bin,mlp_h128,0.001,0.0,1.12907,0.41782,1886
34,16,age_bin,attention,0.0001,1e-05,1.11399,0.38281,1886
34,16,age_bin,shuffled,0.01,0.0001,1.27304,0.32291,1886
34,16,gender,ema_lr1e-3,0.001,0.0001,0.86432,0.5122,1886
34,16,gender,ema_lr5e-3,0.005,0.0001,0.83025,0.53871,1886
34,16,gender,ema_lr1e-2,0.01,0.0001,0.79926,0.50848,1886
34,16,gender,ema_lr5e-2,0.05,0.0001,1.25755,0.54984,1886
34,16,gender,ema_lr1e-2_wd1e-3,0.01,0.001,0.79008,0.51432,1886
34,16,gender,ema_d0.99,0.01,0.0001,0.8133,0.50371,1886
34,16,gender,ema_d0.9999,0.01,0.0001,0.83805,0.51166,1886
34,16,gender,mlp_h16,0.001,0.0,0.66954,0.59226,1886
34,16,gender,mlp_h32,0.001,0.0,0.6652,0.58271,1886
34,16,gender,mlp_h64,0.001,0.0,0.6705,0.58537,1886
34,16,gender,mlp_h128,0.001,0.0,0.66301,0.5965,1886
34,16,gender,attention,0.0001,1e-05,2.5576,0.51562,1886
34,16,gender,shuffled,0.01,0.0001,0.85143,0.48621,1886
34,16,star_sign,ema_lr1e-3,0.001,0.0001,2.86795,0.09544,1886
34,16,star_sign,ema_lr5e-3,0.005,0.0001,2.67726,0.16808,1886
34,16,star_sign,ema_lr1e-2,0.01,0.0001,2.53246,0.15111,1886
34,16,star_sign,ema_lr5e-2,0.05,0.0001,1.64032,0.53234,1886
34,16,star_sign,ema_lr1e-2_wd1e-3,0.01,0.001,2.57909,0.15483,1886
34,16,star_sign,ema_d0.99,0.01,0.0001,2.56852,0.15217,1886
34,16,star_sign,ema_d0.9999,0.01,0.0001,2.59854,0.13839,1886
34,16,star_sign,mlp_h16,0.001,0.0,0.94348,0.87593,1886
34,16,star_sign,mlp_h32,0.001,0.0,0.004,1.0,1886
34,16,star_sign,mlp_h64,0.001,0.0,0.003,1.0,1886
34,16,star_sign,mlp_h128,0.001,0.0,0.00079,1.0,1886
34,16,star_sign,attention,0.0001,1e-05,0.09117,1.0,1886
34,16,star_sign,shuffled,0.01,0.0001,2.51875,0.1983,1886
34,20,age_bin,ema_lr1e-3,0.001,0.0001,1.62658,0.31283,1886
34,20,age_bin,ema_lr5e-3,0.005,0.0001,1.43162,0.33086,1886
34,20,age_bin,ema_lr1e-2,0.01,0.0001,1.39629,0.33033,1886
34,20,age_bin,ema_lr5e-2,0.05,0.0001,1.36458,0.39449,1886
34,20,age_bin,ema_lr1e-2_wd1e-3,0.01,0.001,1.3497,0.35154,1886
34,20,age_bin,ema_d0.99,0.01,0.0001,1.34673,0.35313,1886
34,20,age_bin,ema_d0.9999,0.01,0.0001,1.4568,0.30064,1886
34,20,age_bin,mlp_h16,0.001,0.0,1.10738,0.37328,1886
34,20,age_bin,mlp_h32,0.001,0.0,1.09541,0.38229,1886
34,20,age_bin,mlp_h64,0.001,0.0,1.1072,0.39979,1886
34,20,age_bin,mlp_h128,0.001,0.0,1.10368,0.42206,1886
34,20,age_bin,attention,0.0001,1e-05,15.394,0.39844,1886
34,20,age_bin,shuffled,0.01,0.0001,1.37007,0.33139,1886
34,20,gender,ema_lr1e-3,0.001,0.0001,0.92457,0.51432,1886
34,20,gender,ema_lr5e-3,0.005,0.0001,0.84282,0.53659,1886
34,20,gender,ema_lr1e-2,0.01,0.0001,0.8742,0.51326,1886
34,20,gender,ema_lr5e-2,0.05,0.0001,0.96648,0.55302,1886
34,20,gender,ema_lr1e-2_wd1e-3,0.01,0.001,0.91311,0.49258,1886
34,20,gender,ema_d0.99,0.01,0.0001,0.83082,0.52916,1886
34,20,gender,ema_d0.9999,0.01,0.0001,0.85927,0.51485,1886
34,20,gender,mlp_h16,0.001,0.0,0.6825,0.55832,1886
34,20,gender,mlp_h32,0.001,0.0,0.67421,0.57317,1886
34,20,gender,mlp_h64,0.001,0.0,0.67805,0.54613,1886
34,20,gender,mlp_h128,0.001,0.0,0.68108,0.56098,1886
34,20,gender,attention,0.0001,1e-05,0.68341,0.60938,1886
34,20,gender,shuffled,0.01,0.0001,0.88544,0.49099,1886
34,20,star_sign,ema_lr1e-3,0.001,0.0001,3.13783,0.07211,1886
34,20,star_sign,ema_lr5e-3,0.005,0.0001,2.87244,0.13521,1886
34,20,star_sign,ema_lr1e-2,0.01,0.0001,2.73211,0.16967,1886
34,20,star_sign,ema_lr5e-2,0.05,0.0001,1.59643,0.56522,1886
34,20,star_sign,ema_lr1e-2_wd1e-3,0.01,0.001,2.61859,0.17869,1886
34,20,star_sign,ema_d0.99,0.01,0.0001,2.6939,0.13415,1886
34,20,star_sign,ema_d0.9999,0.01,0.0001,2.7163,0.16172,1886
34,20,star_sign,mlp_h16,0.001,0.0,0.21069,1.0,1886
34,20,star_sign,mlp_h32,0.001,0.0,0.09153,1.0,1886
34,20,star_sign,mlp_h64,0.001,0.0,0.02071,1.0,1886
34,20,star_sign,mlp_h128,0.001,0.0,0.00399,1.0,1886
34,20,star_sign,attention,0.0001,1e-05,0.0,1.0,1886
34,20,star_sign,shuffled,0.01,0.0001,2.69968,0.16225,1886
34,24,age_bin,ema_lr1e-3,0.001,0.0001,1.57789,0.3526,1886
34,24,age_bin,ema_lr5e-3,0.005,0.0001,1.44649,0.35154,1886
34,24,age_bin,ema_lr1e-2,0.01,0.0001,1.33422,0.36691,1886
34,24,age_bin,ema_lr5e-2,0.05,0.0001,1.18967,0.42471,1886
34,24,age_bin,ema_lr1e-2_wd1e-3,0.01,0.001,1.38574,0.34677,1886
34,24,age_bin,ema_d0.99,0.01,0.0001,1.45558,0.33086,1886
34,24,age_bin,ema_d0.9999,0.01,0.0001,1.44423,0.34677,1886
34,24,age_bin,mlp_h16,0.001,0.0,1.06545,0.421,1886
34,24,age_bin,mlp_h32,0.001,0.0,1.08553,0.40562,1886
34,24,age_bin,mlp_h64,0.001,0.0,1.05233,0.42736,1886
34,24,age_bin,mlp_h128,0.001,0.0,1.04769,0.45175,1886
34,24,age_bin,attention,0.0001,1e-05,2.2404,0.375,1886
34,24,age_bin,shuffled,0.01,0.0001,1.43498,0.34199,1886
34,24,gender,ema_lr1e-3,0.001,0.0001,0.95344,0.53393,1886
34,24,gender,ema_lr5e-3,0.005,0.0001,0.9774,0.48834,1886
34,24,gender,ema_lr1e-2,0.01,0.0001,0.87623,0.54719,1886
34,24,gender,ema_lr5e-2,0.05,0.0001,0.70706,0.58324,1886
34,24,gender,ema_lr1e-2_wd1e-3,0.01,0.001,0.86899,0.53552,1886
34,24,gender,ema_d0.99,0.01,0.0001,0.88797,0.54083,1886
34,24,gender,ema_d0.9999,0.01,0.0001,0.90048,0.5122,1886
34,24,gender,mlp_h16,0.001,0.0,0.66247,0.56098,1886
34,24,gender,mlp_h32,0.001,0.0,0.6663,0.57635,1886
34,24,gender,mlp_h64,0.001,0.0,0.65857,0.58378,1886
34,24,gender,mlp_h128,0.001,0.0,0.66218,0.5684,1886
34,24,gender,attention,0.0001,1e-05,1.25778,0.57812,1886
34,24,gender,shuffled,0.01,0.0001,0.90943,0.50318,1886
34,24,star_sign,ema_lr1e-3,0.001,0.0001,3.33662,0.08006,1886
34,24,star_sign,ema_lr5e-3,0.005,0.0001,3.12685,0.0912,1886
34,24,star_sign,ema_lr1e-2,0.01,0.0001,2.98045,0.1246,1886
34,24,star_sign,ema_lr5e-2,0.05,0.0001,1.66368,0.52439,1886
34,24,star_sign,ema_lr1e-2_wd1e-3,0.01,0.001,2.88063,0.08908,1886
34,24,star_sign,ema_d0.99,0.01,0.0001,2.8286,0.14104,1886
34,24,star_sign,ema_d0.9999,0.01,0.0001,2.8514,0.1421,1886
34,24,star_sign,mlp_h16,0.001,0.0,1.85799,0.40191,1886
34,24,star_sign,mlp_h32,0.001,0.0,0.48985,1.0,1886
34,24,star_sign,mlp_h64,0.001,0.0,0.06593,1.0,1886
34,24,star_sign,mlp_h128,0.001,0.0,0.01614,1.0,1886
34,24,star_sign,attention,0.0001,1e-05,0.00028,1.0,1886
34,24,star_sign,shuffled,0.01,0.0001,2.82287,0.10817,1886
35,0,age_bin,ema_lr1e-3,0.001,0.0001,1.55418,0.30875,2251
35,0,age_bin,ema_lr5e-3,0.005,0.0001,1.45199,0.33185,2251
35,0,age_bin,ema_lr1e-2,0.01,0.0001,1.33567,0.35007,2251
35,0,age_bin,ema_lr5e-2,0.05,0.0001,1.17882,0.40915,2251
35,0,age_bin,ema_lr1e-2_wd1e-3,0.01,0.001,1.38365,0.32474,2251
35,0,age_bin,ema_d0.99,0.01,0.0001,1.36708,0.33896,2251
35,0,age_bin,ema_d0.9999,0.01,0.0001,1.33949,0.34029,2251
35,0,age_bin,mlp_h16,0.001,0.0,0.99339,0.57263,2251
35,0,age_bin,mlp_h32,0.001,0.0,0.98706,0.57574,2251
35,0,age_bin,mlp_h64,0.001,0.0,1.00301,0.53843,2251
35,0,age_bin,mlp_h128,0.001,0.0,0.99461,0.57441,2251
35,0,age_bin,attention,0.0001,1e-05,1.08604,0.46875,2251
35,0,age_bin,shuffled,0.01,0.0001,1.34554,0.35895,2251
35,0,gender,ema_lr1e-3,0.001,0.0001,1.03228,0.50644,2251
35,0,gender,ema_lr5e-3,0.005,0.0001,0.91917,0.4789,2251
35,0,gender,ema_lr1e-2,0.01,0.0001,0.89193,0.50511,2251
35,0,gender,ema_lr5e-2,0.05,0.0001,0.91726,0.48201,2251
35,0,gender,ema_lr1e-2_wd1e-3,0.01,0.001,0.84772,0.51932,2251
35,0,gender,ema_d0.99,0.01,0.0001,0.8653,0.52199,2251
35,0,gender,ema_d0.9999,0.01,0.0001,0.90305,0.49534,2251
35,0,gender,mlp_h16,0.001,0.0,0.69654,0.50111,2251
35,0,gender,mlp_h32,0.001,0.0,0.70221,0.49356,2251
35,0,gender,mlp_h64,0.001,0.0,0.70008,0.50555,2251
35,0,gender,mlp_h128,0.001,0.0,0.70565,0.50111,2251
35,0,gender,attention,0.0001,1e-05,0.69387,0.44531,2251
35,0,gender,shuffled,0.01,0.0001,0.90618,0.48645,2251
35,0,star_sign,ema_lr1e-3,0.001,0.0001,3.21786,0.08041,2251
35,0,star_sign,ema_lr5e-3,0.005,0.0001,2.97202,0.12217,2251
35,0,star_sign,ema_lr1e-2,0.01,0.0001,2.71096,0.15282,2251
35,0,star_sign,ema_lr5e-2,0.05,0.0001,1.52346,0.67303,2251
35,0,star_sign,ema_lr1e-2_wd1e-3,0.01,0.001,2.71817,0.13816,2251
35,0,star_sign,ema_d0.99,0.01,0.0001,2.79333,0.12483,2251
35,0,star_sign,ema_d0.9999,0.01,0.0001,2.69879,0.1586,2251
35,0,star_sign,mlp_h16,0.001,0.0,0.43877,0.96402,2251
35,0,star_sign,mlp_h32,0.001,0.0,0.18824,1.0,2251
35,0,star_sign,mlp_h64,0.001,0.0,0.02672,1.0,2251
35,0,star_sign,mlp_h128,0.001,0.0,0.00964,1.0,2251
35,0,star_sign,attention,0.0001,1e-05,2.37746,1.0,2251
35,0,star_sign,shuffled,0.01,0.0001,2.75123,0.17725,2251
35,4,age_bin,ema_lr1e-3,0.001,0.0001,1.34784,0.35184,2251
35,4,age_bin,ema_lr5e-3,0.005,0.0001,1.33063,0.32697,2251
35,4,age_bin,ema_lr1e-2,0.01,0.0001,1.27567,0.34651,2251
35,4,age_bin,ema_lr5e-2,0.05,0.0001,1.98758,0.24389,2251
35,4,age_bin,ema_lr1e-2_wd1e-3,0.01,0.001,1.31708,0.3283,2251
35,4,age_bin,ema_d0.99,0.01,0.0001,1.30783,0.32652,2251
35,4,age_bin,ema_d0.9999,0.01,0.0001,1.3268,0.32608,2251
35,4,age_bin,mlp_h16,0.001,0.0,0.98504,0.58729,2251
35,4,age_bin,mlp_h32,0.001,0.0,0.99797,0.57308,2251
35,4,age_bin,mlp_h64,0.001,0.0,0.99174,0.57619,2251
35,4,age_bin,mlp_h128,0.001,0.0,0.98345,0.5753,2251
35,4,age_bin,attention,0.0001,1e-05,1.06345,0.46875,2251
35,4,age_bin,shuffled,0.01,0.0001,1.28723,0.33052,2251
35,4,gender,ema_lr1e-3,0.001,0.0001,0.83113,0.50777,2251
35,4,gender,ema_lr5e-3,0.005,0.0001,0.84077,0.49089,2251
35,4,gender,ema_lr1e-2,0.01,0.0001,0.80779,0.50022,2251
35,4,gender,ema_lr5e-2,0.05,0.0001,1.32548,0.48423,2251
35,4,gender,ema_lr1e-2_wd1e-3,0.01,0.001,0.85505,0.48201,2251
35,4,gender,ema_d0.99,0.01,0.0001,0.77808,0.53043,2251
35,4,gender,ema_d0.9999,0.01,0.0001,0.80652,0.51932,2251
35,4,gender,mlp_h16,0.001,0.0,0.68971,0.54554,2251
35,4,gender,mlp_h32,0.001,0.0,0.68905,0.54287,2251
35,4,gender,mlp_h64,0.001,0.0,0.68978,0.5482,2251
35,4,gender,mlp_h128,0.001,0.0,0.68974,0.54865,2251
35,4,gender,attention,0.0001,1e-05,0.83315,0.53906,2251
35,4,gender,shuffled,0.01,0.0001,0.7955,0.51266,2251
35,4,star_sign,ema_lr1e-3,0.001,0.0001,2.81276,0.07197,2251
35,4,star_sign,ema_lr5e-3,0.005,0.0001,2.64035,0.12172,2251
35,4,star_sign,ema_lr1e-2,0.01,0.0001,2.52399,0.15726,2251
35,4,star_sign,ema_lr5e-2,0.05,0.0001,1.48524,0.68503,2251
35,4,star_sign,ema_lr1e-2_wd1e-3,0.01,0.001,2.49771,0.15904,2251
35,4,star_sign,ema_d0.99,0.01,0.0001,2.48978,0.15327,2251
35,4,star_sign,ema_d0.9999,0.01,0.0001,2.53092,0.13861,2251
35,4,star_sign,mlp_h16,0.001,0.0,0.03228,1.0,2251
35,4,star_sign,mlp_h32,0.001,0.0,0.00693,1.0,2251
35,4,star_sign,mlp_h64,0.001,0.0,0.00405,1.0,2251
35,4,star_sign,mlp_h128,0.001,0.0,0.00021,1.0,2251
35,4,star_sign,attention,0.0001,1e-05,0.78383,1.0,2251
35,4,star_sign,shuffled,0.01,0.0001,2.47858,0.15726,2251
35,8,age_bin,ema_lr1e-3,0.001,0.0001,1.30199,0.36473,2251
35,8,age_bin,ema_lr5e-3,0.005,0.0001,1.30623,0.34296,2251
35,8,age_bin,ema_lr1e-2,0.01,0.0001,1.29742,0.32297,2251
35,8,age_bin,ema_lr5e-2,0.05,0.0001,1.53531,0.51311,2251
35,8,age_bin,ema_lr1e-2_wd1e-3,0.01,0.001,1.2886,0.34918,2251
35,8,age_bin,ema_d0.99,0.01,0.0001,1.352,0.30164,2251
35,8,age_bin,ema_d0.9999,0.01,0.0001,1.24263,0.3745,2251
35,8,age_bin,mlp_h16,0.001,0.0,0.98796,0.58552,2251
35,8,age_bin,mlp_h32,0.001,0.0,0.97804,0.57752,2251
35,8,age_bin,mlp_h64,0.001,0.0,0.98987,0.55842,2251
35,8,age_bin,mlp_h128,0.001,0.0,0.98643,0.54642,2251
35,8,age_bin,attention,0.0001,1e-05,1.08099,0.45312,2251
35,8,age_bin,shuffled,0.01,0.0001,1.26042,0.33896,2251
35,8,gender,ema_lr1e-3,0.001,0.0001,0.8641,0.51399,2251
35,8,gender,ema_lr5e-3,0.005,0.0001,0.86765,0.48201,2251
35,8,gender,ema_lr1e-2,0.01,0.0001,0.81744,0.50822,2251
35,8,gender,ema_lr5e-2,0.05,0.0001,1.24291,0.48334,2251
35,8,gender,ema_lr1e-2_wd1e-3,0.01,0.001,0.83036,0.50244,2251
35,8,gender,ema_d0.99,0.01,0.0001,0.82511,0.50777,2251
35,8,gender,ema_d0.9999,0.01,0.0001,0.83147,0.49445,2251
35,8,gender,mlp_h16,0.001,0.0,0.68202,0.56553,2251
35,8,gender,mlp_h32,0.001,0.0,0.67114,0.58996,2251
35,8,gender,mlp_h64,0.001,0.0,0.67443,0.58552,2251
35,8,gender,mlp_h128,0.001,0.0,0.67227,0.58507,2251
35,8,gender,attention,0.0001,1e-05,6.6692,0.46094,2251
35,8,gender,shuffled,0.01,0.0001,0.82157,0.50644,2251
35,8,star_sign,ema_lr1e-3,0.001,0.0001,2.88667,0.06486,2251
35,8,star_sign,ema_lr5e-3,0.005,0.0001,2.70706,0.11906,2251
35,8,star_sign,ema_lr1e-2,0.01,0.0001,2.50676,0.15371,2251
35,8,star_sign,ema_lr5e-2,0.05,0.0001,1.64989,0.86228,2251
35,8,star_sign,ema_lr1e-2_wd1e-3,0.01,0.001,2.52675,0.15549,2251
35,8,star_sign,ema_d0.99,0.01,0.0001,2.55526,0.13994,2251
35,8,star_sign,ema_d0.9999,0.01,0.0001,2.59093,0.13727,2251
35,8,star_sign,mlp_h16,0.001,0.0,1.13017,0.98179,2251
35,8,star_sign,mlp_h32,0.001,0.0,0.01042,1.0,2251
35,8,star_sign,mlp_h64,0.001,0.0,0.00208,1.0,2251
35,8,star_sign,mlp_h128,0.001,0.0,0.00018,1.0,2251
35,8,star_sign,attention,0.0001,1e-05,0.47748,1.0,2251
35,8,star_sign,shuffled,0.01,0.0001,2.57027,0.14749,2251
35,12,age_bin,ema_lr1e-3,0.001,0.0001,1.37614,0.34296,2251
35,12,age_bin,ema_lr5e-3,0.005,0.0001,1.33424,0.34474,2251
35,12,age_bin,ema_lr1e-2,0.01,0.0001,1.28485,0.3554,2251
35,12,age_bin,ema_lr5e-2,0.05,0.0001,1.73369,0.2279,2251
35,12,age_bin,ema_lr1e-2_wd1e-3,0.01,0.001,1.27861,0.36028,2251
35,12,age_bin,ema_d0.99,0.01,0.0001,1.26316,0.35806,2251
35,12,age_bin,ema_d0.9999,0.01,0.0001,1.22009,0.37139,2251
35,12,age_bin,mlp_h16,0.001,0.0,0.98133,0.58552,2251
35,12,age_bin,mlp_h32,0.001,0.0,0.98866,0.56286,2251
35,12,age_bin,mlp_h64,0.001,0.0,1.00119,0.54109,2251
35,12,age_bin,mlp_h128,0.001,0.0,0.9931,0.54687,2251
35,12,age_bin,attention,0.0001,1e-05,1.10337,0.375,2251
35,12,age_bin,shuffled,0.01,0.0001,1.24588,0.35495,2251
35,12,gender,ema_lr1e-3,0.001,0.0001,0.85103,0.50111,2251
35,12,gender,ema_lr5e-3,0.005,0.0001,0.82481,0.498,2251
35,12,gender,ema_lr1e-2,0.01,0.0001,0.81179,0.52288,2251
35,12,gender,ema_lr5e-2,0.05,0.0001,1.24112,0.49089,2251
35,12,gender,ema_lr1e-2_wd1e-3,0.01,0.001,0.82898,0.49445,2251
35,12,gender,ema_d0.99,0.01,0.0001,0.86051,0.48867,2251
35,12,gender,ema_d0.9999,0.01,0.0001,0.83748,0.50777,2251
35,12,gender,mlp_h16,0.001,0.0,0.68218,0.55486,2251
35,12,gender,mlp_h32,0.001,0.0,0.68324,0.56064,2251
35,12,gender,mlp_h64,0.001,0.0,0.67723,0.56375,2251
35,12,gender,mlp_h128,0.001,0.0,0.68046,0.56419,2251
35,12,gender,attention,0.0001,1e-05,0.69741,0.54688,2251
35,12,gender,shuffled,0.01,0.0001,0.83474,0.50333,2251
35,12,star_sign,ema_lr1e-3,0.001,0.0001,2.92725,0.06886,2251
35,12,star_sign,ema_lr5e-3,0.005,0.0001,2.61758,0.15104,2251
35,12,star_sign,ema_lr1e-2,0.01,0.0001,2.53586,0.14305,2251
35,12,star_sign,ema_lr5e-2,0.05,0.0001,1.53463,0.62328,2251
35,12,star_sign,ema_lr1e-2_wd1e-3,0.01,0.001,2.55922,0.13283,2251
35,12,star_sign,ema_d0.99,0.01,0.0001,2.55262,0.13949,2251
35,12,star_sign,ema_d0.9999,0.01,0.0001,2.52827,0.16437,2251
35,12,star_sign,mlp_h16,0.001,0.0,0.036,1.0,2251
35,12,star_sign,mlp_h32,0.001,0.0,0.01097,1.0,2251
35,12,star_sign,mlp_h64,0.001,0.0,0.00098,1.0,2251
35,12,star_sign,mlp_h128,0.001,0.0,0.0002,1.0,2251
35,12,star_sign,attention,0.0001,1e-05,0.0,1.0,2251
35,12,star_sign,shuffled,0.01,0.0001,2.55158,0.14438,2251
35,16,age_bin,ema_lr1e-3,0.001,0.0001,1.43174,0.32652,2251
35,16,age_bin,ema_lr5e-3,0.005,0.0001,1.35826,0.35184,2251
35,16,age_bin,ema_lr1e-2,0.01,0.0001,1.41079,0.31808,2251
35,16,age_bin,ema_lr5e-2,0.05,0.0001,1.6231,0.30253,2251
35,16,age_bin,ema_lr1e-2_wd1e-3,0.01,0.001,1.371,0.31542,2251
35,16,age_bin,ema_d0.99,0.01,0.0001,1.28839,0.36473,2251
35,16,age_bin,ema_d0.9999,0.01,0.0001,1.35595,0.3163,2251
35,16,age_bin,mlp_h16,0.001,0.0,1.00026,0.54776,2251
35,16,age_bin,mlp_h32,0.001,0.0,0.98793,0.54909,2251
35,16,age_bin,mlp_h64,0.001,0.0,1.00421,0.52332,2251
35,16,age_bin,mlp_h128,0.001,0.0,1.01074,0.49489,2251
35,16,age_bin,attention,0.0001,1e-05,1.07268,0.4375,2251
35,16,age_bin,shuffled,0.01,0.0001,1.31468,0.33718,2251
35,16,gender,ema_lr1e-3,0.001,0.0001,0.89297,0.51355,2251
35,16,gender,ema_lr5e-3,0.005,0.0001,0.8408,0.52865,2251
35,16,gender,ema_lr1e-2,0.01,0.0001,0.80352,0.52421,2251
35,16,gender,ema_lr5e-2,0.05,0.0001,1.09426,0.52688,2251
35,16,gender,ema_lr1e-2_wd1e-3,0.01,0.001,0.79667,0.52155,2251
35,16,gender,ema_d0.99,0.01,0.0001,0.7742,0.54909,2251
35,16,gender,ema_d0.9999,0.01,0.0001,0.82481,0.52777,2251
35,16,gender,mlp_h16,0.001,0.0,0.671,0.57619,2251
35,16,gender,mlp_h32,0.001,0.0,0.66173,0.58241,2251
35,16,gender,mlp_h64,0.001,0.0,0.66134,0.59884,2251
35,16,gender,mlp_h128,0.001,0.0,0.66128,0.59707,2251
35,16,gender,attention,0.0001,1e-05,2.48495,0.53906,2251
35,16,gender,shuffled,0.01,0.0001,0.83543,0.49223,2251
35,16,star_sign,ema_lr1e-3,0.001,0.0001,2.96963,0.08663,2251
35,16,star_sign,ema_lr5e-3,0.005,0.0001,2.75168,0.12883,2251
35,16,star_sign,ema_lr1e-2,0.01,0.0001,2.67313,0.13505,2251
35,16,star_sign,ema_lr5e-2,0.05,0.0001,1.6335,0.77566,2251
35,16,star_sign,ema_lr1e-2_wd1e-3,0.01,0.001,2.59453,0.13994,2251
35,16,star_sign,ema_d0.99,0.01,0.0001,2.59759,0.14394,2251
35,16,star_sign,ema_d0.9999,0.01,0.0001,2.62474,0.14127,2251
35,16,star_sign,mlp_h16,0.001,0.0,0.9086,0.94225,2251
35,16,star_sign,mlp_h32,0.001,0.0,0.00373,1.0,2251
35,16,star_sign,mlp_h64,0.001,0.0,0.00301,1.0,2251
35,16,star_sign,mlp_h128,0.001,0.0,0.00087,1.0,2251
35,16,star_sign,attention,0.0001,1e-05,0.10059,1.0,2251
35,16,star_sign,shuffled,0.01,0.0001,2.64471,0.14971,2251
35,20,age_bin,ema_lr1e-3,0.001,0.0001,1.51528,0.33052,2251
35,20,age_bin,ema_lr5e-3,0.005,0.0001,1.42473,0.35717,2251
35,20,age_bin,ema_lr1e-2,0.01,0.0001,1.33724,0.35229,2251
35,20,age_bin,ema_lr5e-2,0.05,0.0001,1.42446,0.32119,2251
35,20,age_bin,ema_lr1e-2_wd1e-3,0.01,0.001,1.34605,0.36073,2251
35,20,age_bin,ema_d0.99,0.01,0.0001,1.41215,0.34163,2251
35,20,age_bin,ema_d0.9999,0.01,0.0001,1.46051,0.3474,2251
35,20,age_bin,mlp_h16,0.001,0.0,0.98136,0.56553,2251
35,20,age_bin,mlp_h32,0.001,0.0,0.97881,0.5753,2251
35,20,age_bin,mlp_h64,0.001,0.0,0.98014,0.5402,2251
35,20,age_bin,mlp_h128,0.001,0.0,0.99148,0.51577,2251
35,20,age_bin,attention,0.0001,1e-05,12.10396,0.46875,2251
35,20,age_bin,shuffled,0.01,0.0001,1.34214,0.37228,2251
35,20,gender,ema_lr1e-3,0.001,0.0001,0.927,0.52421,2251
35,20,gender,ema_lr5e-3,0.005,0.0001,0.84954,0.52732,2251
35,20,gender,ema_lr1e-2,0.01,0.0001,0.84299,0.53176,2251
35,20,gender,ema_lr5e-2,0.05,0.0001,0.82912,0.56952,2251
35,20,gender,ema_lr1e-2_wd1e-3,0.01,0.001,0.87213,0.50911,2251
35,20,gender,ema_d0.99,0.01,0.0001,0.93705,0.47623,2251
35,20,gender,ema_d0.9999,0.01,0.0001,0.87224,0.52999,2251
35,20,gender,mlp_h16,0.001,0.0,0.66575,0.58463,2251
35,20,gender,mlp_h32,0.001,0.0,0.66094,0.60906,2251
35,20,gender,mlp_h64,0.001,0.0,0.66719,0.58152,2251
35,20,gender,mlp_h128,0.001,0.0,0.66371,0.58641,2251
35,20,gender,attention,0.0001,1e-05,0.71767,0.51562,2251
35,20,gender,shuffled,0.01,0.0001,0.89976,0.494,2251
35,20,star_sign,ema_lr1e-3,0.001,0.0001,3.08349,0.08663,2251
35,20,star_sign,ema_lr5e-3,0.005,0.0001,2.90904,0.11106,2251
35,20,star_sign,ema_lr1e-2,0.01,0.0001,2.83266,0.1355,2251
35,20,star_sign,ema_lr5e-2,0.05,0.0001,1.55901,0.56242,2251
35,20,star_sign,ema_lr1e-2_wd1e-3,0.01,0.001,2.6962,0.15815,2251
35,20,star_sign,ema_d0.99,0.01,0.0001,2.70575,0.13905,2251
35,20,star_sign,ema_d0.9999,0.01,0.0001,2.72488,0.1355,2251
35,20,star_sign,mlp_h16,0.001,0.0,0.19803,1.0,2251
35,20,star_sign,mlp_h32,0.001,0.0,0.08966,1.0,2251
35,20,star_sign,mlp_h64,0.001,0.0,0.02226,1.0,2251
35,20,star_sign,mlp_h128,0.001,0.0,0.00412,1.0,2251
35,20,star_sign,attention,0.0001,1e-05,0.0,1.0,2251
35,20,star_sign,shuffled,0.01,0.0001,2.69168,0.15771,2251
35,24,age_bin,ema_lr1e-3,0.001,0.0001,1.57139,0.35762,2251
35,24,age_bin,ema_lr5e-3,0.005,0.0001,1.55226,0.3163,2251
35,24,age_bin,ema_lr1e-2,0.01,0.0001,1.35949,0.36695,2251
35,24,age_bin,ema_lr5e-2,0.05,0.0001,1.26029,0.38783,2251
35,24,age_bin,ema_lr1e-2_wd1e-3,0.01,0.001,1.38577,0.36517,2251
35,24,age_bin,ema_d0.99,0.01,0.0001,1.40073,0.36695,2251
35,24,age_bin,ema_d0.9999,0.01,0.0001,1.47589,0.34607,2251
35,24,age_bin,mlp_h16,0.001,0.0,1.00922,0.51399,2251
35,24,age_bin,mlp_h32,0.001,0.0,0.96986,0.55309,2251
35,24,age_bin,mlp_h64,0.001,0.0,0.95633,0.55664,2251
35,24,age_bin,mlp_h128,0.001,0.0,0.98026,0.5291,2251
35,24,age_bin,attention,0.0001,1e-05,2.02304,0.41406,2251
35,24,age_bin,shuffled,0.01,0.0001,1.41842,0.33274,2251
35,24,gender,ema_lr1e-3,0.001,0.0001,0.99606,0.53043,2251
35,24,gender,ema_lr5e-3,0.005,0.0001,0.93604,0.51266,2251
35,24,gender,ema_lr1e-2,0.01,0.0001,0.80425,0.56997,2251
35,24,gender,ema_lr5e-2,0.05,0.0001,0.72631,0.5673,2251
35,24,gender,ema_lr1e-2_wd1e-3,0.01,0.001,0.91561,0.51977,2251
35,24,gender,ema_d0.99,0.01,0.0001,0.85039,0.55398,2251
35,24,gender,ema_d0.9999,0.01,0.0001,0.90306,0.52466,2251
35,24,gender,mlp_h16,0.001,0.0,0.66616,0.57441,2251
35,24,gender,mlp_h32,0.001,0.0,0.6706,0.58996,2251
35,24,gender,mlp_h64,0.001,0.0,0.65925,0.5904,2251
35,24,gender,mlp_h128,0.001,0.0,0.66406,0.59174,2251
35,24,gender,attention,0.0001,1e-05,1.22399,0.59375,2251
35,24,gender,shuffled,0.01,0.0001,0.90203,0.51266,2251
35,24,star_sign,ema_lr1e-3,0.001,0.0001,3.19858,0.08752,2251
35,24,star_sign,ema_lr5e-3,0.005,0.0001,3.19008,0.08174,2251
35,24,star_sign,ema_lr1e-2,0.01,0.0001,2.92175,0.12617,2251
35,24,star_sign,ema_lr5e-2,0.05,0.0001,1.63075,0.53265,2251
35,24,star_sign,ema_lr1e-2_wd1e-3,0.01,0.001,2.88772,0.11773,2251
35,24,star_sign,ema_d0.99,0.01,0.0001,2.86628,0.12172,2251
35,24,star_sign,ema_d0.9999,0.01,0.0001,2.89898,0.1315,2251
35,24,star_sign,mlp_h16,0.001,0.0,1.89871,0.3554,2251
35,24,star_sign,mlp_h32,0.001,0.0,0.46499,1.0,2251
35,24,star_sign,mlp_h64,0.001,0.0,0.06156,1.0,2251
35,24,star_sign,mlp_h128,0.001,0.0,0.0156,1.0,2251
35,24,star_sign,attention,0.0001,1e-05,0.13646,0.98438,2251
35,24,star_sign,shuffled,0.01,0.0001,2.82918,0.11639,2251
36,0,age_bin,ema_lr1e-3,0.001,0.0001,1.52267,0.33641,1947
36,0,age_bin,ema_lr5e-3,0.005,0.0001,1.38954,0.34104,1947
36,0,age_bin,ema_lr1e-2,0.01,0.0001,1.31118,0.34361,1947
36,0,age_bin,ema_lr5e-2,0.05,0.0001,1.19303,0.43914,1947
36,0,age_bin,ema_lr1e-2_wd1e-3,0.01,0.001,1.38133,0.33641,1947
36,0,age_bin,ema_d0.99,0.01,0.0001,1.41009,0.34515,1947
36,0,age_bin,ema_d0.9999,0.01,0.0001,1.32743,0.35131,1947
36,0,age_bin,mlp_h16,0.001,0.0,1.02609,0.52131,1947
36,0,age_bin,mlp_h32,0.001,0.0,1.02582,0.5208,1947
36,0,age_bin,mlp_h64,0.001,0.0,1.02521,0.50128,1947
36,0,age_bin,mlp_h128,0.001,0.0,1.02221,0.51053,1947
36,0,age_bin,attention,0.0001,1e-05,1.08133,0.5,1947
36,0,age_bin,shuffled,0.01,0.0001,1.38378,0.34309,1947
36,0,gender,ema_lr1e-3,0.001,0.0001,1.0582,0.49512,1947
36,0,gender,ema_lr5e-3,0.005,0.0001,0.92376,0.48742,1947
36,0,gender,ema_lr1e-2,0.01,0.0001,0.8596,0.53621,1947
36,0,gender,ema_lr5e-2,0.05,0.0001,0.89897,0.4982,1947
36,0,gender,ema_lr1e-2_wd1e-3,0.01,0.001,0.84186,0.50745,1947
36,0,gender,ema_d0.99,0.01,0.0001,0.86636,0.48998,1947
36,0,gender,ema_d0.9999,0.01,0.0001,0.88795,0.50693,1947
36,0,gender,mlp_h16,0.001,0.0,0.6934,0.52748,1947
36,0,gender,mlp_h32,0.001,0.0,0.6952,0.51926,1947
36,0,gender,mlp_h64,0.001,0.0,0.6946,0.51515,1947
36,0,gender,mlp_h128,0.001,0.0,0.69782,0.51104,1947
36,0,gender,attention,0.0001,1e-05,0.69202,0.5625,1947
36,0,gender,shuffled,0.01,0.0001,0.9019,0.48844,1947
36,0,star_sign,ema_lr1e-3,0.001,0.0001,3.21852,0.07807,1947
36,0,star_sign,ema_lr5e-3,0.005,0.0001,2.89976,0.12327,1947
36,0,star_sign,ema_lr1e-2,0.01,0.0001,2.727,0.14638,1947
36,0,star_sign,ema_lr5e-2,0.05,0.0001,1.47376,0.72265,1947
36,0,star_sign,ema_lr1e-2_wd1e-3,0.01,0.001,2.6784,0.14535,1947
36,0,star_sign,ema_d0.99,0.01,0.0001,2.76636,0.12018,1947
36,0,star_sign,ema_d0.9999,0.01,0.0001,2.74359,0.14689,1947
36,0,star_sign,mlp_h16,0.001,0.0,0.40673,0.97278,1947
36,0,star_sign,mlp_h32,0.001,0.0,0.16445,0.99949,1947
36,0,star_sign,mlp_h64,0.001,0.0,0.02316,1.0,1947
36,0,star_sign,mlp_h128,0.001,0.0,0.0079,1.0,1947
36,0,star_sign,attention,0.0001,1e-05,2.37228,1.0,1947
36,0,star_sign,shuffled,0.01,0.0001,2.7216,0.15871,1947
36,4,age_bin,ema_lr1e-3,0.001,0.0001,1.40049,0.32203,1947
36,4,age_bin,ema_lr5e-3,0.005,0.0001,1.32748,0.3359,1947
36,4,age_bin,ema_lr1e-2,0.01,0.0001,1.23999,0.36004,1947
36,4,age_bin,ema_lr5e-2,0.05,0.0001,1.79177,0.50077,1947
36,4,age_bin,ema_lr1e-2_wd1e-3,0.01,0.001,1.2663,0.35696,1947
36,4,age_bin,ema_d0.99,0.01,0.0001,1.25727,0.36107,1947
36,4,age_bin,ema_d0.9999,0.01,0.0001,1.27266,0.35953,1947
36,4,age_bin,mlp_h16,0.001,0.0,1.01995,0.51823,1947
36,4,age_bin,mlp_h32,0.001,0.0,1.0144,0.52851,1947
36,4,age_bin,mlp_h64,0.001,0.0,1.01924,0.51618,1947
36,4,age_bin,mlp_h128,0.001,0.0,1.02506,0.51361,1947
36,4,age_bin,attention,0.0001,1e-05,1.01324,0.5,1947
36,4,age_bin,shuffled,0.01,0.0001,1.27567,0.33025,1947
36,4,gender,ema_lr1e-3,0.001,0.0001,0.86948,0.4869,1947
36,4,gender,ema_lr5e-3,0.005,0.0001,0.86265,0.49153,1947
36,4,gender,ema_lr1e-2,0.01,0.0001,0.78994,0.52748,1947
36,4,gender,ema_lr5e-2,0.05,0.0001,1.36633,0.46122,1947
36,4,gender,ema_lr1e-2_wd1e-3,0.01,0.001,0.80785,0.51567,1947
36,4,gender,ema_d0.99,0.01,0.0001,0.79885,0.51412,1947
36,4,gender,ema_d0.9999,0.01,0.0001,0.79611,0.51567,1947
36,4,gender,mlp_h16,0.001,0.0,0.69489,0.52234,1947
36,4,gender,mlp_h32,0.001,0.0,0.6957,0.51156,1947
36,4,gender,mlp_h64,0.001,0.0,0.72191,0.46276,1947
36,4,gender,mlp_h128,0.001,0.0,0.72438,0.44633,1947
36,4,gender,attention,0.0001,1e-05,1.19115,0.4375,1947
36,4,gender,shuffled,0.01,0.0001,0.82604,0.48382,1947
36,4,star_sign,ema_lr1e-3,0.001,0.0001,2.86149,0.07036,1947
36,4,star_sign,ema_lr5e-3,0.005,0.0001,2.6792,0.12481,1947
36,4,star_sign,ema_lr1e-2,0.01,0.0001,2.49214,0.16641,1947
36,4,star_sign,ema_lr5e-2,0.05,0.0001,1.41485,0.71854,1947
36,4,star_sign,ema_lr1e-2_wd1e-3,0.01,0.001,2.52588,0.15614,1947
36,4,star_sign,ema_d0.99,0.01,0.0001,2.48823,0.14843,1947
36,4,star_sign,ema_d0.9999,0.01,0.0001,2.45678,0.17617,1947
36,4,star_sign,mlp_h16,0.001,0.0,0.02911,1.0,1947
36,4,star_sign,mlp_h32,0.001,0.0,0.00619,1.0,1947
36,4,star_sign,mlp_h64,0.001,0.0,0.00372,1.0,1947
36,4,star_sign,mlp_h128,0.001,0.0,0.00019,1.0,1947
36,4,star_sign,attention,0.0001,1e-05,0.76894,1.0,1947
36,4,star_sign,shuffled,0.01,0.0001,2.55033,0.15665,1947
36,8,age_bin,ema_lr1e-3,0.001,0.0001,1.30115,0.3621,1947
36,8,age_bin,ema_lr5e-3,0.005,0.0001,1.30712,0.34566,1947
36,8,age_bin,ema_lr1e-2,0.01,0.0001,1.3193,0.33539,1947
36,8,age_bin,ema_lr5e-2,0.05,0.0001,1.44934,0.39394,1947
36,8,age_bin,ema_lr1e-2_wd1e-3,0.01,0.001,1.29064,0.34206,1947
36,8,age_bin,ema_d0.99,0.01,0.0001,1.27884,0.34617,1947
36,8,age_bin,ema_d0.9999,0.01,0.0001,1.32789,0.33847,1947
36,8,age_bin,mlp_h16,0.001,0.0,1.01491,0.52337,1947
36,8,age_bin,mlp_h32,0.001,0.0,1.0048,0.52953,1947
36,8,age_bin,mlp_h64,0.001,0.0,1.01054,0.5244,1947
36,8,age_bin,mlp_h128,0.001,0.0,1.01505,0.51258,1947
36,8,age_bin,attention,0.0001,1e-05,1.01799,0.51562,1947
36,8,age_bin,shuffled,0.01,0.0001,1.21507,0.37339,1947
36,8,gender,ema_lr1e-3,0.001,0.0001,0.85141,0.49409,1947
36,8,gender,ema_lr5e-3,0.005,0.0001,0.84548,0.51207,1947
36,8,gender,ema_lr1e-2,0.01,0.0001,0.79295,0.52902,1947
36,8,gender,ema_lr5e-2,0.05,0.0001,1.30977,0.45865,1947
36,8,gender,ema_lr1e-2_wd1e-3,0.01,0.001,0.81305,0.51567,1947
36,8,gender,ema_d0.99,0.01,0.0001,0.86233,0.47406,1947
36,8,gender,ema_d0.9999,0.01,0.0001,0.76948,0.5244,1947
36,8,gender,mlp_h16,0.001,0.0,0.69551,0.53313,1947
36,8,gender,mlp_h32,0.001,0.0,0.70784,0.49153,1947
36,8,gender,mlp_h64,0.001,0.0,0.70698,0.50128,1947
36,8,gender,mlp_h128,0.001,0.0,0.71416,0.50026,1947
36,8,gender,attention,0.0001,1e-05,5.04419,0.5625,1947
36,8,gender,shuffled,0.01,0.0001,0.82455,0.49512,1947
36,8,star_sign,ema_lr1e-3,0.001,0.0001,2.8021,0.07036,1947
36,8,star_sign,ema_lr5e-3,0.005,0.0001,2.66418,0.13457,1947
36,8,star_sign,ema_lr1e-2,0.01,0.0001,2.47824,0.16179,1947
36,8,star_sign,ema_lr5e-2,0.05,0.0001,1.51409,0.76528,1947
36,8,star_sign,ema_lr1e-2_wd1e-3,0.01,0.001,2.58512,0.14022,1947
36,8,star_sign,ema_d0.99,0.01,0.0001,2.54191,0.15357,1947
36,8,star_sign,ema_d0.9999,0.01,0.0001,2.56022,0.14792,1947
36,8,star_sign,mlp_h16,0.001,0.0,1.03536,0.99538,1947
36,8,star_sign,mlp_h32,0.001,0.0,0.00863,1.0,1947
36,8,star_sign,mlp_h64,0.001,0.0,0.00173,1.0,1947
36,8,star_sign,mlp_h128,0.001,0.0,0.00016,1.0,1947
36,8,star_sign,attention,0.0001,1e-05,0.45773,1.0,1947
36,8,star_sign,shuffled,0.01,0.0001,2.55476,0.1546,1947
36,12,age_bin,ema_lr1e-3,0.001,0.0001,1.4055,0.34361,1947
36,12,age_bin,ema_lr5e-3,0.005,0.0001,1.29796,0.35645,1947
36,12,age_bin,ema_lr1e-2,0.01,0.0001,1.26008,0.3472,1947
36,12,age_bin,ema_lr5e-2,0.05,0.0001,1.11939,0.41089,1947
36,12,age_bin,ema_lr1e-2_wd1e-3,0.01,0.001,1.22792,0.39651,1947
36,12,age_bin,ema_d0.99,0.01,0.0001,1.29801,0.35388,1947
36,12,age_bin,ema_d0.9999,0.01,0.0001,1.21849,0.38059,1947
36,12,age_bin,mlp_h16,0.001,0.0,1.02227,0.51772,1947
36,12,age_bin,mlp_h32,0.001,0.0,1.00668,0.51875,1947
36,12,age_bin,mlp_h64,0.001,0.0,1.0063,0.51823,1947
36,12,age_bin,mlp_h128,0.001,0.0,1.00442,0.51618,1947
36,12,age_bin,attention,0.0001,1e-05,1.08812,0.41406,1947
36,12,age_bin,shuffled,0.01,0.0001,1.26424,0.34412,1947
36,12,gender,ema_lr1e-3,0.001,0.0001,0.84375,0.51772,1947
36,12,gender,ema_lr5e-3,0.005,0.0001,0.81871,0.5131,1947
36,12,gender,ema_lr1e-2,0.01,0.0001,0.83362,0.50334,1947
36,12,gender,ema_lr5e-2,0.05,0.0001,1.28548,0.46995,1947
36,12,gender,ema_lr1e-2_wd1e-3,0.01,0.001,0.83991,0.51053,1947
36,12,gender,ema_d0.99,0.01,0.0001,0.79753,0.53005,1947
36,12,gender,ema_d0.9999,0.01,0.0001,0.81379,0.50642,1947
36,12,gender,mlp_h16,0.001,0.0,0.6976,0.53056,1947
36,12,gender,mlp_h32,0.001,0.0,0.70184,0.51464,1947
36,12,gender,mlp_h64,0.001,0.0,0.70284,0.5208,1947
36,12,gender,mlp_h128,0.001,0.0,0.70759,0.50282,1947
36,12,gender,attention,0.0001,1e-05,0.70631,0.50781,1947
36,12,gender,shuffled,0.01,0.0001,0.83469,0.49718,1947
36,12,star_sign,ema_lr1e-3,0.001,0.0001,2.91588,0.06574,1947
36,12,star_sign,ema_lr5e-3,0.005,0.0001,2.76408,0.0981,1947
36,12,star_sign,ema_lr1e-2,0.01,0.0001,2.5347,0.15665,1947
36,12,star_sign,ema_lr5e-2,0.05,0.0001,1.39962,0.69902,1947
36,12,star_sign,ema_lr1e-2_wd1e-3,0.01,0.001,2.578,0.13046,1947
36,12,star_sign,ema_d0.99,0.01,0.0001,2.5013,0.14792,1947
36,12,star_sign,ema_d0.9999,0.01,0.0001,2.5513,0.15203,1947
36,12,star_sign,mlp_h16,0.001,0.0,0.03205,1.0,1947
36,12,star_sign,mlp_h32,0.001,0.0,0.01036,1.0,1947
36,12,star_sign,mlp_h64,0.001,0.0,0.0009,1.0,1947
36,12,star_sign,mlp_h128,0.001,0.0,0.0002,1.0,1947
36,12,star_sign,attention,0.0001,1e-05,0.0,1.0,1947
36,12,star_sign,shuffled,0.01,0.0001,2.50503,0.15357,1947
36,16,age_bin,ema_lr1e-3,0.001,0.0001,1.4063,0.3246,1947
36,16,age_bin,ema_lr5e-3,0.005,0.0001,1.3362,0.34206,1947
36,16,age_bin,ema_lr1e-2,0.01,0.0001,1.30958,0.3472,1947
36,16,age_bin,ema_lr5e-2,0.05,0.0001,1.2376,0.43862,1947
36,16,age_bin,ema_lr1e-2_wd1e-3,0.01,0.001,1.26039,0.38521,1947
36,16,age_bin,ema_d0.99,0.01,0.0001,1.31397,0.35336,1947
36,16,age_bin,ema_d0.9999,0.01,0.0001,1.26502,0.35747,1947
36,16,age_bin,mlp_h16,0.001,0.0,0.98935,0.53672,1947
36,16,age_bin,mlp_h32,0.001,0.0,0.99097,0.53005,1947
36,16,age_bin,mlp_h64,0.001,0.0,0.98815,0.52799,1947
36,16,age_bin,mlp_h128,0.001,0.0,0.98756,0.54032,1947
36,16,age_bin,attention,0.0001,1e-05,1.01591,0.50781,1947
36,16,age_bin,shuffled,0.01,0.0001,1.26526,0.36364,1947
36,16,gender,ema_lr1e-3,0.001,0.0001,0.91864,0.48998,1947
36,16,gender,ema_lr5e-3,0.005,0.0001,0.85054,0.5208,1947
36,16,gender,ema_lr1e-2,0.01,0.0001,0.78721,0.54083,1947
36,16,gender,ema_lr5e-2,0.05,0.0001,1.15343,0.48228,1947
36,16,gender,ema_lr1e-2_wd1e-3,0.01,0.001,0.88537,0.4643,1947
36,16,gender,ema_d0.99,0.01,0.0001,0.85428,0.48947,1947
36,16,gender,ema_d0.9999,0.01,0.0001,0.79013,0.5321,1947
36,16,gender,mlp_h16,0.001,0.0,0.69762,0.54854,1947
36,16,gender,mlp_h32,0.001,0.0,0.70138,0.53724,1947
36,16,gender,mlp_h64,0.001,0.0,0.71013,0.51875,1947
36,16,gender,mlp_h128,0.001,0.0,0.71149,0.53313,1947
36,16,gender,attention,0.0001,1e-05,3.20594,0.4375,1947
36,16,gender,shuffled,0.01,0.0001,0.84211,0.48279,1947
36,16,star_sign,ema_lr1e-3,0.001,0.0001,2.84829,0.10734,1947
36,16,star_sign,ema_lr5e-3,0.005,0.0001,2.71182,0.13354,1947
36,16,star_sign,ema_lr1e-2,0.01,0.0001,2.58654,0.14895,1947
36,16,star_sign,ema_lr5e-2,0.05,0.0001,1.50632,0.736,1947
36,16,star_sign,ema_lr1e-2_wd1e-3,0.01,0.001,2.69165,0.10169,1947
36,16,star_sign,ema_d0.99,0.01,0.0001,2.54768,0.14741,1947
36,16,star_sign,ema_d0.9999,0.01,0.0001,2.53616,0.15922,1947
36,16,star_sign,mlp_h16,0.001,0.0,0.81086,0.9774,1947
36,16,star_sign,mlp_h32,0.001,0.0,0.0033,1.0,1947
36,16,star_sign,mlp_h64,0.001,0.0,0.00254,1.0,1947
36,16,star_sign,mlp_h128,0.001,0.0,0.00072,1.0,1947
36,16,star_sign,attention,0.0001,1e-05,0.08616,1.0,1947
36,16,star_sign,shuffled,0.01,0.0001,2.57729,0.14946,1947
36,20,age_bin,ema_lr1e-3,0.001,0.0001,1.59353,0.30406,1947
36,20,age_bin,ema_lr5e-3,0.005,0.0001,1.36648,0.37339,1947
36,20,age_bin,ema_lr1e-2,0.01,0.0001,1.32511,0.37134,1947
36,20,age_bin,ema_lr5e-2,0.05,0.0001,1.20109,0.4489,1947
36,20,age_bin,ema_lr1e-2_wd1e-3,0.01,0.001,1.41874,0.32512,1947
36,20,age_bin,ema_d0.99,0.01,0.0001,1.41722,0.34515,1947
36,20,age_bin,ema_d0.9999,0.01,0.0001,1.36321,0.35439,1947
36,20,age_bin,mlp_h16,0.001,0.0,0.99528,0.52542,1947
36,20,age_bin,mlp_h32,0.001,0.0,1.00035,0.50334,1947
36,20,age_bin,mlp_h64,0.001,0.0,0.98536,0.52337,1947
36,20,age_bin,mlp_h128,0.001,0.0,0.98868,0.52286,1947
36,20,age_bin,attention,0.0001,1e-05,9.99539,0.5,1947
36,20,age_bin,shuffled,0.01,0.0001,1.38231,0.3472,1947
36,20,gender,ema_lr1e-3,0.001,0.0001,1.03117,0.46841,1947
36,20,gender,ema_lr5e-3,0.005,0.0001,0.96142,0.46071,1947
36,20,gender,ema_lr1e-2,0.01,0.0001,0.85266,0.51515,1947
36,20,gender,ema_lr5e-2,0.05,0.0001,0.94304,0.51567,1947
36,20,gender,ema_lr1e-2_wd1e-3,0.01,0.001,0.87513,0.49923,1947
36,20,gender,ema_d0.99,0.01,0.0001,0.9329,0.48793,1947
36,20,gender,ema_d0.9999,0.01,0.0001,0.91822,0.49461,1947
36,20,gender,mlp_h16,0.001,0.0,0.70126,0.52748,1947
36,20,gender,mlp_h32,0.001,0.0,0.69635,0.5434,1947
36,20,gender,mlp_h64,0.001,0.0,0.70431,0.5321,1947
36,20,gender,mlp_h128,0.001,0.0,0.69857,0.54135,1947
36,20,gender,attention,0.0001,1e-05,0.68583,0.57812,1947
36,20,gender,shuffled,0.01,0.0001,0.90502,0.49101,1947
36,20,star_sign,ema_lr1e-3,0.001,0.0001,3.09983,0.08937,1947
36,20,star_sign,ema_lr5e-3,0.005,0.0001,2.89633,0.11351,1947
36,20,star_sign,ema_lr1e-2,0.01,0.0001,2.60992,0.17411,1947
36,20,star_sign,ema_lr5e-2,0.05,0.0001,1.53559,0.58706,1947
36,20,star_sign,ema_lr1e-2_wd1e-3,0.01,0.001,2.71368,0.14176,1947
36,20,star_sign,ema_d0.99,0.01,0.0001,2.73001,0.13662,1947
36,20,star_sign,ema_d0.9999,0.01,0.0001,2.74827,0.13713,1947
36,20,star_sign,mlp_h16,0.001,0.0,0.18707,1.0,1947
36,20,star_sign,mlp_h32,0.001,0.0,0.07961,1.0,1947
36,20,star_sign,mlp_h64,0.001,0.0,0.02071,1.0,1947
36,20,star_sign,mlp_h128,0.001,0.0,0.00474,1.0,1947
36,20,star_sign,attention,0.0001,1e-05,0.0,1.0,1947
36,20,star_sign,shuffled,0.01,0.0001,2.6844,0.14997,1947
36,24,age_bin,ema_lr1e-3,0.001,0.0001,1.72297,0.3056,1947
36,24,age_bin,ema_lr5e-3,0.005,0.0001,1.50299,0.32409,1947
36,24,age_bin,ema_lr1e-2,0.01,0.0001,1.39019,0.34309,1947
36,24,age_bin,ema_lr5e-2,0.05,0.0001,1.13352,0.44222,1947
36,24,age_bin,ema_lr1e-2_wd1e-3,0.01,0.001,1.32704,0.38778,1947
36,24,age_bin,ema_d0.99,0.01,0.0001,1.3788,0.35696,1947
36,24,age_bin,ema_d0.9999,0.01,0.0001,1.34914,0.39291,1947
36,24,age_bin,mlp_h16,0.001,0.0,1.0174,0.50437,1947
36,24,age_bin,mlp_h32,0.001,0.0,1.00462,0.51207,1947
36,24,age_bin,mlp_h64,0.001,0.0,1.00154,0.51669,1947
36,24,age_bin,mlp_h128,0.001,0.0,1.00556,0.50642,1947
36,24,age_bin,attention,0.0001,1e-05,2.28675,0.36719,1947
36,24,age_bin,shuffled,0.01,0.0001,1.41138,0.36004,1947
36,24,gender,ema_lr1e-3,0.001,0.0001,1.02354,0.49409,1947
36,24,gender,ema_lr5e-3,0.005,0.0001,1.03835,0.47201,1947
36,24,gender,ema_lr1e-2,0.01,0.0001,0.94503,0.48228,1947
36,24,gender,ema_lr5e-2,0.05,0.0001,0.80143,0.54032,1947
36,24,gender,ema_lr1e-2_wd1e-3,0.01,0.001,0.91097,0.49666,1947
36,24,gender,ema_d0.99,0.01,0.0001,0.91115,0.50282,1947
36,24,gender,ema_d0.9999,0.01,0.0001,0.90236,0.51977,1947
36,24,gender,mlp_h16,0.001,0.0,0.68012,0.57114,1947
36,24,gender,mlp_h32,0.001,0.0,0.6855,0.55316,1947
36,24,gender,mlp_h64,0.001,0.0,0.68278,0.5624,1947
36,24,gender,mlp_h128,0.001,0.0,0.69338,0.54956,1947
36,24,gender,attention,0.0001,1e-05,1.50436,0.49219,1947
36,24,gender,shuffled,0.01,0.0001,0.88033,0.50796,1947
36,24,star_sign,ema_lr1e-3,0.001,0.0001,3.22284,0.09245,1947
36,24,star_sign,ema_lr5e-3,0.005,0.0001,3.05748,0.10221,1947
36,24,star_sign,ema_lr1e-2,0.01,0.0001,2.90846,0.12789,1947
36,24,star_sign,ema_lr5e-2,0.05,0.0001,1.54646,0.56857,1947
36,24,star_sign,ema_lr1e-2_wd1e-3,0.01,0.001,2.88815,0.12327,1947
36,24,star_sign,ema_d0.99,0.01,0.0001,2.77801,0.13765,1947
36,24,star_sign,ema_d0.9999,0.01,0.0001,2.8153,0.14638,1947
36,24,star_sign,mlp_h16,0.001,0.0,1.79451,0.41037,1947
36,24,star_sign,mlp_h32,0.001,0.0,0.40416,1.0,1947
36,24,star_sign,mlp_h64,0.001,0.0,0.0552,1.0,1947
36,24,star_sign,mlp_h128,0.001,0.0,0.01423,1.0,1947
36,24,star_sign,attention,0.0001,1e-05,0.00586,0.99219,1947
36,24,star_sign,shuffled,0.01,0.0001,2.78442,0.10991,1947
37,0,age_bin,ema_lr1e-3,0.001,0.0001,1.50081,0.35638,1678
37,0,age_bin,ema_lr5e-3,0.005,0.0001,1.42786,0.33492,1678
37,0,age_bin,ema_lr1e-2,0.01,0.0001,1.34823,0.32837,1678
37,0,age_bin,ema_lr5e-2,0.05,0.0001,1.22065,0.40524,1678
37,0,age_bin,ema_lr1e-2_wd1e-3,0.01,0.001,1.37113,0.36412,1678
37,0,age_bin,ema_d0.99,0.01,0.0001,1.40381,0.31764,1678
37,0,age_bin,ema_d0.9999,0.01,0.0001,1.32232,0.34446,1678
37,0,age_bin,mlp_h16,0.001,0.0,1.0607,0.46901,1678
37,0,age_bin,mlp_h32,0.001,0.0,1.06672,0.46961,1678
37,0,age_bin,mlp_h64,0.001,0.0,1.06769,0.46663,1678
37,0,age_bin,mlp_h128,0.001,0.0,1.06567,0.46663,1678
37,0,age_bin,attention,0.0001,1e-05,1.08241,0.48438,1678
37,0,age_bin,shuffled,0.01,0.0001,1.34593,0.32718,1678
37,0,gender,ema_lr1e-3,0.001,0.0001,1.07766,0.48927,1678
37,0,gender,ema_lr5e-3,0.005,0.0001,0.91724,0.50358,1678
37,0,gender,ema_lr1e-2,0.01,0.0001,0.89889,0.48868,1678
37,0,gender,ema_lr5e-2,0.05,0.0001,0.90206,0.49285,1678
37,0,gender,ema_lr1e-2_wd1e-3,0.01,0.001,0.8507,0.50536,1678
37,0,gender,ema_d0.99,0.01,0.0001,0.895,0.49225,1678
37,0,gender,ema_d0.9999,0.01,0.0001,0.89246,0.48808,1678
37,0,gender,mlp_h16,0.001,0.0,0.69486,0.51669,1678
37,0,gender,mlp_h32,0.001,0.0,0.69732,0.50179,1678
37,0,gender,mlp_h64,0.001,0.0,0.6977,0.50358,1678
37,0,gender,mlp_h128,0.001,0.0,0.69744,0.51549,1678
37,0,gender,attention,0.0001,1e-05,0.69441,0.40625,1678
37,0,gender,shuffled,0.01,0.0001,0.90464,0.47318,1678
37,0,star_sign,ema_lr1e-3,0.001,0.0001,3.23751,0.08403,1678
37,0,star_sign,ema_lr5e-3,0.005,0.0001,2.89052,0.1329,1678
37,0,star_sign,ema_lr1e-2,0.01,0.0001,2.71107,0.15495,1678
37,0,star_sign,ema_lr5e-2,0.05,0.0001,1.45024,0.7211,1678
37,0,star_sign,ema_lr1e-2_wd1e-3,0.01,0.001,2.65743,0.16091,1678
37,0,star_sign,ema_d0.99,0.01,0.0001,2.78797,0.1317,1678
37,0,star_sign,ema_d0.9999,0.01,0.0001,2.67994,0.16746,1678
37,0,star_sign,mlp_h16,0.001,0.0,0.39083,0.97378,1678
37,0,star_sign,mlp_h32,0.001,0.0,0.15691,1.0,1678
37,0,star_sign,mlp_h64,0.001,0.0,0.02232,1.0,1678
37,0,star_sign,mlp_h128,0.001,0.0,0.00825,1.0,1678
37,0,star_sign,attention,0.0001,1e-05,2.37308,1.0,1678
37,0,star_sign,shuffled,0.01,0.0001,2.66757,0.18236,1678
37,4,age_bin,ema_lr1e-3,0.001,0.0001,1.42797,0.31764,1678
37,4,age_bin,ema_lr5e-3,0.005,0.0001,1.35274,0.32956,1678
37,4,age_bin,ema_lr1e-2,0.01,0.0001,1.28492,0.33492,1678
37,4,age_bin,ema_lr5e-2,0.05,0.0001,1.76277,0.28486,1678
37,4,age_bin,ema_lr1e-2_wd1e-3,0.01,0.001,1.22316,0.37485,1678
37,4,age_bin,ema_d0.99,0.01,0.0001,1.29335,0.32896,1678
37,4,age_bin,ema_d0.9999,0.01,0.0001,1.2641,0.36114,1678
37,4,age_bin,mlp_h16,0.001,0.0,1.05769,0.46246,1678
37,4,age_bin,mlp_h32,0.001,0.0,1.05548,0.46841,1678
37,4,age_bin,mlp_h64,0.001,0.0,1.05127,0.46424,1678
37,4,age_bin,mlp_h128,0.001,0.0,1.05997,0.45709,1678
37,4,age_bin,attention,0.0001,1e-05,1.02992,0.49219,1678
37,4,age_bin,shuffled,0.01,0.0001,1.2854,0.32539,1678
37,4,gender,ema_lr1e-3,0.001,0.0001,0.85309,0.51192,1678
37,4,gender,ema_lr5e-3,0.005,0.0001,0.86013,0.48749,1678
37,4,gender,ema_lr1e-2,0.01,0.0001,0.82876,0.49523,1678
37,4,gender,ema_lr5e-2,0.05,0.0001,1.64037,0.44994,1678
37,4,gender,ema_lr1e-2_wd1e-3,0.01,0.001,0.80318,0.50596,1678
37,4,gender,ema_d0.99,0.01,0.0001,0.80571,0.49583,1678
37,4,gender,ema_d0.9999,0.01,0.0001,0.79244,0.50954,1678
37,4,gender,mlp_h16,0.001,0.0,0.69622,0.50536,1678
37,4,gender,mlp_h32,0.001,0.0,0.69773,0.50894,1678
37,4,gender,mlp_h64,0.001,0.0,0.69212,0.51967,1678
37,4,gender,mlp_h128,0.001,0.0,0.6913,0.53635,1678
37,4,gender,attention,0.0001,1e-05,0.86143,0.57031,1678
37,4,gender,shuffled,0.01,0.0001,0.80712,0.49285,1678
37,4,star_sign,ema_lr1e-3,0.001,0.0001,2.87111,0.06853,1678
37,4,star_sign,ema_lr5e-3,0.005,0.0001,2.70144,0.10369,1678
37,4,star_sign,ema_lr1e-2,0.01,0.0001,2.51356,0.14958,1678
37,4,star_sign,ema_lr5e-2,0.05,0.0001,1.38123,0.71633,1678
37,4,star_sign,ema_lr1e-2_wd1e-3,0.01,0.001,2.44938,0.18653,1678
37,4,star_sign,ema_d0.99,0.01,0.0001,2.43385,0.17104,1678
37,4,star_sign,ema_d0.9999,0.01,0.0001,2.49599,0.1621,1678
37,4,star_sign,mlp_h16,0.001,0.0,0.0255,1.0,1678
37,4,star_sign,mlp_h32,0.001,0.0,0.00542,1.0,1678
37,4,star_sign,mlp_h64,0.001,0.0,0.00332,1.0,1678
37,4,star_sign,mlp_h128,0.001,0.0,0.00017,1.0,1678
37,4,star_sign,attention,0.0001,1e-05,0.69257,1.0,1678
37,4,star_sign,shuffled,0.01,0.0001,2.48176,0.16806,1678
37,8,age_bin,ema_lr1e-3,0.001,0.0001,1.36353,0.32718,1678
37,8,age_bin,ema_lr5e-3,0.005,0.0001,1.30539,0.33254,1678
37,8,age_bin,ema_lr1e-2,0.01,0.0001,1.28435,0.34386,1678
37,8,age_bin,ema_lr5e-2,0.05,0.0001,1.67837,0.29857,1678
37,8,age_bin,ema_lr1e-2_wd1e-3,0.01,0.001,1.31769,0.33313,1678
37,8,age_bin,ema_d0.99,0.01,0.0001,1.29889,0.33194,1678
37,8,age_bin,ema_d0.9999,0.01,0.0001,1.23928,0.36472,1678
37,8,age_bin,mlp_h16,0.001,0.0,1.05989,0.46484,1678
37,8,age_bin,mlp_h32,0.001,0.0,1.06184,0.47855,1678
37,8,age_bin,mlp_h64,0.001,0.0,1.06165,0.46365,1678
37,8,age_bin,mlp_h128,0.001,0.0,1.05501,0.46484,1678
37,8,age_bin,attention,0.0001,1e-05,1.04289,0.47656,1678
37,8,age_bin,shuffled,0.01,0.0001,1.26991,0.33731,1678
37,8,gender,ema_lr1e-3,0.001,0.0001,0.90198,0.49046,1678
37,8,gender,ema_lr5e-3,0.005,0.0001,0.85277,0.51251,1678
37,8,gender,ema_lr1e-2,0.01,0.0001,0.83616,0.49106,1678
37,8,gender,ema_lr5e-2,0.05,0.0001,1.50883,0.4553,1678
37,8,gender,ema_lr1e-2_wd1e-3,0.01,0.001,0.80982,0.5143,1678
37,8,gender,ema_d0.99,0.01,0.0001,0.82425,0.47974,1678
37,8,gender,ema_d0.9999,0.01,0.0001,0.79282,0.52265,1678
37,8,gender,mlp_h16,0.001,0.0,0.69002,0.52622,1678
37,8,gender,mlp_h32,0.001,0.0,0.69032,0.5292,1678
37,8,gender,mlp_h64,0.001,0.0,0.68605,0.54827,1678
37,8,gender,mlp_h128,0.001,0.0,0.69199,0.5447,1678
37,8,gender,attention,0.0001,1e-05,5.87071,0.42969,1678
37,8,gender,shuffled,0.01,0.0001,0.78629,0.52265,1678
37,8,star_sign,ema_lr1e-3,0.001,0.0001,2.83419,0.06734,1678
37,8,star_sign,ema_lr5e-3,0.005,0.0001,2.72493,0.13707,1678
37,8,star_sign,ema_lr1e-2,0.01,0.0001,2.47538,0.17282,1678
37,8,star_sign,ema_lr5e-2,0.05,0.0001,1.43401,0.67461,1678
37,8,star_sign,ema_lr1e-2_wd1e-3,0.01,0.001,2.54185,0.15793,1678
37,8,star_sign,ema_d0.99,0.01,0.0001,2.52467,0.14362,1678
37,8,star_sign,ema_d0.9999,0.01,0.0001,2.52394,0.14482,1678
37,8,star_sign,mlp_h16,0.001,0.0,0.9677,0.9994,1678
37,8,star_sign,mlp_h32,0.001,0.0,0.00786,1.0,1678
37,8,star_sign,mlp_h64,0.001,0.0,0.00154,1.0,1678
37,8,star_sign,mlp_h128,0.001,0.0,0.00014,1.0,1678
37,8,star_sign,attention,0.0001,1e-05,0.42483,1.0,1678
37,8,star_sign,shuffled,0.01,0.0001,2.53965,0.14303,1678
37,12,age_bin,ema_lr1e-3,0.001,0.0001,1.34414,0.35518,1678
37,12,age_bin,ema_lr5e-3,0.005,0.0001,1.29051,0.33909,1678
37,12,age_bin,ema_lr1e-2,0.01,0.0001,1.27028,0.35161,1678
37,12,age_bin,ema_lr5e-2,0.05,0.0001,1.26605,0.4565,1678
37,12,age_bin,ema_lr1e-2_wd1e-3,0.01,0.001,1.30453,0.33671,1678
37,12,age_bin,ema_d0.99,0.01,0.0001,1.23004,0.37604,1678
37,12,age_bin,ema_d0.9999,0.01,0.0001,1.28665,0.33254,1678
37,12,age_bin,mlp_h16,0.001,0.0,1.06188,0.46305,1678
37,12,age_bin,mlp_h32,0.001,0.0,1.04228,0.47437,1678
37,12,age_bin,mlp_h64,0.001,0.0,1.0441,0.47914,1678
37,12,age_bin,mlp_h128,0.001,0.0,1.04854,0.46544,1678
37,12,age_bin,attention,0.0001,1e-05,1.09301,0.32031,1678
37,12,age_bin,shuffled,0.01,0.0001,1.27792,0.34505,1678
37,12,gender,ema_lr1e-3,0.001,0.0001,0.86422,0.50656,1678
37,12,gender,ema_lr5e-3,0.005,0.0001,0.80474,0.52384,1678
37,12,gender,ema_lr1e-2,0.01,0.0001,0.82144,0.50298,1678
37,12,gender,ema_lr5e-2,0.05,0.0001,1.50207,0.46305,1678
37,12,gender,ema_lr1e-2_wd1e-3,0.01,0.001,0.81084,0.51132,1678
37,12,gender,ema_d0.99,0.01,0.0001,0.81155,0.51192,1678
37,12,gender,ema_d0.9999,0.01,0.0001,0.79136,0.50954,1678
37,12,gender,mlp_h16,0.001,0.0,0.68561,0.54231,1678
37,12,gender,mlp_h32,0.001,0.0,0.69336,0.53159,1678
37,12,gender,mlp_h64,0.001,0.0,0.68448,0.54172,1678
37,12,gender,mlp_h128,0.001,0.0,0.68167,0.55125,1678
37,12,gender,attention,0.0001,1e-05,0.6834,0.52344,1678
37,12,gender,shuffled,0.01,0.0001,0.8254,0.50715,1678
37,12,star_sign,ema_lr1e-3,0.001,0.0001,2.87885,0.06317,1678
37,12,star_sign,ema_lr5e-3,0.005,0.0001,2.69353,0.11204,1678
37,12,star_sign,ema_lr1e-2,0.01,0.0001,2.50318,0.16865,1678
37,12,star_sign,ema_lr5e-2,0.05,0.0001,1.34339,0.736,1678
37,12,star_sign,ema_lr1e-2_wd1e-3,0.01,0.001,2.52676,0.14422,1678
37,12,star_sign,ema_d0.99,0.01,0.0001,2.4409,0.1621,1678
37,12,star_sign,ema_d0.9999,0.01,0.0001,2.42902,0.16985,1678
37,12,star_sign,mlp_h16,0.001,0.0,0.02601,1.0,1678
37,12,star_sign,mlp_h32,0.001,0.0,0.0085,1.0,1678
37,12,star_sign,mlp_h64,0.001,0.0,0.00071,1.0,1678
37,12,star_sign,mlp_h128,0.001,0.0,0.00016,1.0,1678
37,12,star_sign,attention,0.0001,1e-05,0.0,1.0,1678
37,12,star_sign,shuffled,0.01,0.0001,2.52852,0.17223,1678
37,16,age_bin,ema_lr1e-3,0.001,0.0001,1.41292,0.32002,1678
37,16,age_bin,ema_lr5e-3,0.005,0.0001,1.33762,0.33969,1678
37,16,age_bin,ema_lr1e-2,0.01,0.0001,1.34787,0.32777,1678
37,16,age_bin,ema_lr5e-2,0.05,0.0001,1.5469,0.34982,1678
37,16,age_bin,ema_lr1e-2_wd1e-3,0.01,0.001,1.26987,0.35995,1678
37,16,age_bin,ema_d0.99,0.01,0.0001,1.25561,0.36472,1678
37,16,age_bin,ema_d0.9999,0.01,0.0001,1.22583,0.37604,1678
37,16,age_bin,mlp_h16,0.001,0.0,1.0348,0.47616,1678
37,16,age_bin,mlp_h32,0.001,0.0,1.04234,0.4857,1678
37,16,age_bin,mlp_h64,0.001,0.0,1.03927,0.49046,1678
37,16,age_bin,mlp_h128,0.001,0.0,1.04555,0.48689,1678
37,16,age_bin,attention,0.0001,1e-05,1.00557,0.5,1678
37,16,age_bin,shuffled,0.01,0.0001,1.28507,0.34207,1678
37,16,gender,ema_lr1e-3,0.001,0.0001,0.89699,0.49762,1678
37,16,gender,ema_lr5e-3,0.005,0.0001,0.84935,0.5149,1678
37,16,gender,ema_lr1e-2,0.01,0.0001,0.8354,0.49046,1678
37,16,gender,ema_lr5e-2,0.05,0.0001,1.3438,0.47795,1678
37,16,gender,ema_lr1e-2_wd1e-3,0.01,0.001,0.80614,0.51609,1678
37,16,gender,ema_d0.99,0.01,0.0001,0.82727,0.50596,1678
37,16,gender,ema_d0.9999,0.01,0.0001,0.84024,0.50477,1678
37,16,gender,mlp_h16,0.001,0.0,0.68641,0.54052,1678
37,16,gender,mlp_h32,0.001,0.0,0.68453,0.55244,1678
37,16,gender,mlp_h64,0.001,0.0,0.68723,0.54231,1678
37,16,gender,mlp_h128,0.001,0.0,0.67938,0.55423,1678
37,16,gender,attention,0.0001,1e-05,2.18787,0.57031,1678
37,16,gender,shuffled,0.01,0.0001,0.82393,0.50656,1678
37,16,star_sign,ema_lr1e-3,0.001,0.0001,2.93571,0.08701,1678
37,16,star_sign,ema_lr5e-3,0.005,0.0001,2.62269,0.15554,1678
37,16,star_sign,ema_lr1e-2,0.01,0.0001,2.50523,0.17819,1678
37,16,star_sign,ema_lr5e-2,0.05,0.0001,1.45876,0.63707,1678
37,16,star_sign,ema_lr1e-2_wd1e-3,0.01,0.001,2.51843,0.15077,1678
37,16,star_sign,ema_d0.99,0.01,0.0001,2.56508,0.1466,1678
37,16,star_sign,ema_d0.9999,0.01,0.0001,2.56225,0.14124,1678
37,16,star_sign,mlp_h16,0.001,0.0,0.72391,0.99821,1678
37,16,star_sign,mlp_h32,0.001,0.0,0.00286,1.0,1678
37,16,star_sign,mlp_h64,0.001,0.0,0.00227,1.0,1678
37,16,star_sign,mlp_h128,0.001,0.0,0.0006,1.0,1678
37,16,star_sign,attention,0.0001,1e-05,0.08686,1.0,1678
37,16,star_sign,shuffled,0.01,0.0001,2.5565,0.16448,1678
37,20,age_bin,ema_lr1e-3,0.001,0.0001,1.51643,0.35042,1678
37,20,age_bin,ema_lr5e-3,0.005,0.0001,1.39702,0.36174,1678
37,20,age_bin,ema_lr1e-2,0.01,0.0001,1.37559,0.34386,1678
37,20,age_bin,ema_lr5e-2,0.05,0.0001,1.33217,0.37843,1678
37,20,age_bin,ema_lr1e-2_wd1e-3,0.01,0.001,1.30916,0.37187,1678
37,20,age_bin,ema_d0.99,0.01,0.0001,1.32994,0.36114,1678
37,20,age_bin,ema_d0.9999,0.01,0.0001,1.35873,0.33552,1678
37,20,age_bin,mlp_h16,0.001,0.0,1.03999,0.48033,1678
37,20,age_bin,mlp_h32,0.001,0.0,1.04328,0.46782,1678
37,20,age_bin,mlp_h64,0.001,0.0,1.04089,0.45948,1678
37,20,age_bin,mlp_h128,0.001,0.0,1.04824,0.46722,1678
37,20,age_bin,attention,0.0001,1e-05,9.47735,0.48438,1678
37,20,age_bin,shuffled,0.01,0.0001,1.38487,0.32241,1678
37,20,gender,ema_lr1e-3,0.001,0.0001,0.96395,0.47437,1678
37,20,gender,ema_lr5e-3,0.005,0.0001,0.85538,0.52622,1678
37,20,gender,ema_lr1e-2,0.01,0.0001,0.915,0.48629,1678
37,20,gender,ema_lr5e-2,0.05,0.0001,0.95955,0.51907,1678
37,20,gender,ema_lr1e-2_wd1e-3,0.01,0.001,0.81343,0.53278,1678
37,20,gender,ema_d0.99,0.01,0.0001,0.89832,0.5006,1678
37,20,gender,ema_d0.9999,0.01,0.0001,0.848,0.53039,1678
37,20,gender,mlp_h16,0.001,0.0,0.69476,0.53754,1678
37,20,gender,mlp_h32,0.001,0.0,0.68208,0.56675,1678
37,20,gender,mlp_h64,0.001,0.0,0.69171,0.54112,1678
37,20,gender,mlp_h128,0.001,0.0,0.69022,0.53874,1678
37,20,gender,attention,0.0001,1e-05,0.71839,0.54688,1678
37,20,gender,shuffled,0.01,0.0001,0.87002,0.50477,1678
37,20,star_sign,ema_lr1e-3,0.001,0.0001,3.15905,0.0739,1678
37,20,star_sign,ema_lr5e-3,0.005,0.0001,2.84008,0.10787,1678
37,20,star_sign,ema_lr1e-2,0.01,0.0001,2.61974,0.1621,1678
37,20,star_sign,ema_lr5e-2,0.05,0.0001,1.44976,0.61919,1678
37,20,star_sign,ema_lr1e-2_wd1e-3,0.01,0.001,2.6903,0.13349,1678
37,20,star_sign,ema_d0.99,0.01,0.0001,2.74057,0.12992,1678
37,20,star_sign,ema_d0.9999,0.01,0.0001,2.73464,0.13468,1678
37,20,star_sign,mlp_h16,0.001,0.0,0.14941,1.0,1678
37,20,star_sign,mlp_h32,0.001,0.0,0.06175,1.0,1678
37,20,star_sign,mlp_h64,0.001,0.0,0.01221,1.0,1678
37,20,star_sign,mlp_h128,0.001,0.0,0.00212,1.0,1678
37,20,star_sign,attention,0.0001,1e-05,0.0,1.0,1678
37,20,star_sign,shuffled,0.01,0.0001,2.63119,0.16567,1678
37,24,age_bin,ema_lr1e-3,0.001,0.0001,1.62002,0.32539,1678
37,24,age_bin,ema_lr5e-3,0.005,0.0001,1.50905,0.32896,1678
37,24,age_bin,ema_lr1e-2,0.01,0.0001,1.25077,0.41538,1678
37,24,age_bin,ema_lr5e-2,0.05,0.0001,1.21548,0.39869,1678
37,24,age_bin,ema_lr1e-2_wd1e-3,0.01,0.001,1.34315,0.35697,1678
37,24,age_bin,ema_d0.99,0.01,0.0001,1.46427,0.32062,1678
37,24,age_bin,ema_d0.9999,0.01,0.0001,1.43773,0.33135,1678
37,24,age_bin,mlp_h16,0.001,0.0,1.06891,0.45352,1678
37,24,age_bin,mlp_h32,0.001,0.0,1.06854,0.46722,1678
37,24,age_bin,mlp_h64,0.001,0.0,1.04398,0.48749,1678
37,24,age_bin,mlp_h128,0.001,0.0,1.06296,0.47139,1678
37,24,age_bin,attention,0.0001,1e-05,2.13849,0.36719,1678
37,24,age_bin,shuffled,0.01,0.0001,1.37338,0.34982,1678
37,24,gender,ema_lr1e-3,0.001,0.0001,0.95682,0.52622,1678
37,24,gender,ema_lr5e-3,0.005,0.0001,1.03407,0.4708,1678
37,24,gender,ema_lr1e-2,0.01,0.0001,0.98587,0.49404,1678
37,24,gender,ema_lr5e-2,0.05,0.0001,0.78645,0.52503,1678
37,24,gender,ema_lr1e-2_wd1e-3,0.01,0.001,0.86714,0.5292,1678
37,24,gender,ema_d0.99,0.01,0.0001,0.89067,0.50894,1678
37,24,gender,ema_d0.9999,0.01,0.0001,0.86171,0.54946,1678
37,24,gender,mlp_h16,0.001,0.0,0.69331,0.54648,1678
37,24,gender,mlp_h32,0.001,0.0,0.69141,0.55066,1678
37,24,gender,mlp_h64,0.001,0.0,0.68209,0.55244,1678
37,24,gender,mlp_h128,0.001,0.0,0.6829,0.56317,1678
37,24,gender,attention,0.0001,1e-05,1.35219,0.48438,1678
37,24,gender,shuffled,0.01,0.0001,0.86696,0.50417,1678
37,24,star_sign,ema_lr1e-3,0.001,0.0001,3.22628,0.0876,1678
37,24,star_sign,ema_lr5e-3,0.005,0.0001,3.05272,0.0888,1678
37,24,star_sign,ema_lr1e-2,0.01,0.0001,2.75611,0.15197,1678
37,24,star_sign,ema_lr5e-2,0.05,0.0001,1.50895,0.61621,1678
37,24,star_sign,ema_lr1e-2_wd1e-3,0.01,0.001,2.76117,0.13349,1678
37,24,star_sign,ema_d0.99,0.01,0.0001,2.82902,0.14422,1678
37,24,star_sign,ema_d0.9999,0.01,0.0001,2.88352,0.12872,1678
37,24,star_sign,mlp_h16,0.001,0.0,1.74993,0.39869,1678
37,24,star_sign,mlp_h32,0.001,0.0,0.34017,1.0,1678
37,24,star_sign,mlp_h64,0.001,0.0,0.04305,1.0,1678
37,24,star_sign,mlp_h128,0.001,0.0,0.01136,1.0,1678
37,24,star_sign,attention,0.0001,1e-05,0.0202,0.99219,1678
37,24,star_sign,shuffled,0.01,0.0001,2.74377,0.12277,1678
38,0,age_bin,ema_lr1e-3,0.001,0.0001,1.51561,0.33751,1994
38,0,age_bin,ema_lr5e-3,0.005,0.0001,1.47601,0.32297,1994
38,0,age_bin,ema_lr1e-2,0.01,0.0001,1.34875,0.34855,1994
38,0,age_bin,ema_lr5e-2,0.05,0.0001,1.2412,0.36961,1994
38,0,age_bin,ema_lr1e-2_wd1e-3,0.01,0.001,1.35327,0.35657,1994
38,0,age_bin,ema_d0.99,0.01,0.0001,1.34588,0.33501,1994
38,0,age_bin,ema_d0.9999,0.01,0.0001,1.35447,0.34303,1994
38,0,age_bin,mlp_h16,0.001,0.0,1.11159,0.39468,1994
38,0,age_bin,mlp_h32,0.001,0.0,1.1173,0.39318,1994
38,0,age_bin,mlp_h64,0.001,0.0,1.11494,0.39117,1994
38,0,age_bin,mlp_h128,0.001,0.0,1.11738,0.39168,1994
38,0,age_bin,attention,0.0001,1e-05,1.09083,0.40625,1994
38,0,age_bin,shuffled,0.01,0.0001,1.35127,0.33551,1994
38,0,gender,ema_lr1e-3,0.001,0.0001,1.04338,0.50552,1994
38,0,gender,ema_lr5e-3,0.005,0.0001,0.87932,0.50251,1994
38,0,gender,ema_lr1e-2,0.01,0.0001,0.87965,0.51103,1994
38,0,gender,ema_lr5e-2,0.05,0.0001,0.85776,0.51103,1994
38,0,gender,ema_lr1e-2_wd1e-3,0.01,0.001,0.85436,0.49549,1994
38,0,gender,ema_d0.99,0.01,0.0001,0.85056,0.51755,1994
38,0,gender,ema_d0.9999,0.01,0.0001,0.86611,0.5,1994
38,0,gender,mlp_h16,0.001,0.0,0.69132,0.52307,1994
38,0,gender,mlp_h32,0.001,0.0,0.69102,0.51454,1994
38,0,gender,mlp_h64,0.001,0.0,0.69124,0.5326,1994
38,0,gender,mlp_h128,0.001,0.0,0.69991,0.51404,1994
38,0,gender,attention,0.0001,1e-05,0.69314,0.50781,1994
38,0,gender,shuffled,0.01,0.0001,0.87745,0.48796,1994
38,0,star_sign,ema_lr1e-3,0.001,0.0001,3.19082,0.08074,1994
38,0,star_sign,ema_lr5e-3,0.005,0.0001,2.91048,0.12136,1994
38,0,star_sign,ema_lr1e-2,0.01,0.0001,2.71053,0.14293,1994
38,0,star_sign,ema_lr5e-2,0.05,0.0001,1.40946,0.7332,1994
38,0,star_sign,ema_lr1e-2_wd1e-3,0.01,0.001,2.67542,0.14945,1994
38,0,star_sign,ema_d0.99,0.01,0.0001,2.75111,0.12287,1994
38,0,star_sign,ema_d0.9999,0.01,0.0001,2.73563,0.16048,1994
38,0,star_sign,mlp_h16,0.001,0.0,0.37317,0.98495,1994
38,0,star_sign,mlp_h32,0.001,0.0,0.15044,1.0,1994
38,0,star_sign,mlp_h64,0.001,0.0,0.02273,1.0,1994
38,0,star_sign,mlp_h128,0.001,0.0,0.00815,1.0,1994
38,0,star_sign,attention,0.0001,1e-05,2.36855,1.0,1994
38,0,star_sign,shuffled,0.01,0.0001,2.70444,0.17101,1994
38,4,age_bin,ema_lr1e-3,0.001,0.0001,1.40676,0.30491,1994
38,4,age_bin,ema_lr5e-3,0.005,0.0001,1.34225,0.31745,1994
38,4,age_bin,ema_lr1e-2,0.01,0.0001,1.25126,0.34604,1994
38,4,age_bin,ema_lr5e-2,0.05,0.0001,2.07456,0.31093,1994
38,4,age_bin,ema_lr1e-2_wd1e-3,0.01,0.001,1.27455,0.32849,1994
38,4,age_bin,ema_d0.99,0.01,0.0001,1.24644,0.3651,1994
38,4,age_bin,ema_d0.9999,0.01,0.0001,1.28073,0.35155,1994
38,4,age_bin,mlp_h16,0.001,0.0,1.10207,0.3992,1994
38,4,age_bin,mlp_h32,0.001,0.0,1.10965,0.3987,1994
38,4,age_bin,mlp_h64,0.001,0.0,1.10223,0.40522,1994
38,4,age_bin,mlp_h128,0.001,0.0,1.11504,0.40722,1994
38,4,age_bin,attention,0.0001,1e-05,1.09794,0.40625,1994
38,4,age_bin,shuffled,0.01,0.0001,1.26443,0.34152,1994
38,4,gender,ema_lr1e-3,0.001,0.0001,0.86572,0.5005,1994
38,4,gender,ema_lr5e-3,0.005,0.0001,0.85976,0.47643,1994
38,4,gender,ema_lr1e-2,0.01,0.0001,0.79713,0.50602,1994
38,4,gender,ema_lr5e-2,0.05,0.0001,1.6666,0.46941,1994
38,4,gender,ema_lr1e-2_wd1e-3,0.01,0.001,0.81854,0.50802,1994
38,4,gender,ema_d0.99,0.01,0.0001,0.7959,0.51805,1994
38,4,gender,ema_d0.9999,0.01,0.0001,0.82404,0.49097,1994
38,4,gender,mlp_h16,0.001,0.0,0.68943,0.53059,1994
38,4,gender,mlp_h32,0.001,0.0,0.68696,0.54162,1994
38,4,gender,mlp_h64,0.001,0.0,0.68564,0.55466,1994
38,4,gender,mlp_h128,0.001,0.0,0.68394,0.55667,1994
38,4,gender,attention,0.0001,1e-05,0.81301,0.53125,1994
38,4,gender,shuffled,0.01,0.0001,0.80445,0.49248,1994
38,4,star_sign,ema_lr1e-3,0.001,0.0001,2.83922,0.05617,1994
38,4,star_sign,ema_lr5e-3,0.005,0.0001,2.62207,0.12889,1994
38,4,star_sign,ema_lr1e-2,0.01,0.0001,2.48098,0.166,1994
38,4,star_sign,ema_lr5e-2,0.05,0.0001,1.61316,0.57322,1994
38,4,star_sign,ema_lr1e-2_wd1e-3,0.01,0.001,2.50478,0.18355,1994
38,4,star_sign,ema_d0.99,0.01,0.0001,2.4652,0.16499,1994
38,4,star_sign,ema_d0.9999,0.01,0.0001,2.5147,0.15045,1994
38,4,star_sign,mlp_h16,0.001,0.0,0.02214,1.0,1994
38,4,star_sign,mlp_h32,0.001,0.0,0.00505,1.0,1994
38,4,star_sign,mlp_h64,0.001,0.0,0.00312,1.0,1994
38,4,star_sign,mlp_h128,0.001,0.0,0.00016,1.0,1994
38,4,star_sign,attention,0.0001,1e-05,0.69325,1.0,1994
38,4,star_sign,shuffled,0.01,0.0001,2.42942,0.17101,1994
38,8,age_bin,ema_lr1e-3,0.001,0.0001,1.32235,0.35256,1994
38,8,age_bin,ema_lr5e-3,0.005,0.0001,1.28822,0.35607,1994
38,8,age_bin,ema_lr1e-2,0.01,0.0001,1.29881,0.33751,1994
38,8,age_bin,ema_lr5e-2,0.05,0.0001,1.88119,0.36961,1994
38,8,age_bin,ema_lr1e-2_wd1e-3,0.01,0.001,1.33764,0.31043,1994
38,8,age_bin,ema_d0.99,0.01,0.0001,1.30516,0.31043,1994
38,8,age_bin,ema_d0.9999,0.01,0.0001,1.30768,0.32447,1994
38,8,age_bin,mlp_h16,0.001,0.0,1.09898,0.40321,1994
38,8,age_bin,mlp_h32,0.001,0.0,1.1152,0.4007,1994
38,8,age_bin,mlp_h64,0.001,0.0,1.1101,0.40321,1994
38,8,age_bin,mlp_h128,0.001,0.0,1.10844,0.4007,1994
38,8,age_bin,attention,0.0001,1e-05,1.08765,0.41406,1994
38,8,age_bin,shuffled,0.01,0.0001,1.27064,0.34554,1994
38,8,gender,ema_lr1e-3,0.001,0.0001,0.88377,0.48997,1994
38,8,gender,ema_lr5e-3,0.005,0.0001,0.83585,0.51103,1994
38,8,gender,ema_lr1e-2,0.01,0.0001,0.826,0.48997,1994
38,8,gender,ema_lr5e-2,0.05,0.0001,1.48508,0.47693,1994
38,8,gender,ema_lr1e-2_wd1e-3,0.01,0.001,0.80013,0.52407,1994
38,8,gender,ema_d0.99,0.01,0.0001,0.76808,0.52257,1994
38,8,gender,ema_d0.9999,0.01,0.0001,0.8319,0.49749,1994
38,8,gender,mlp_h16,0.001,0.0,0.68447,0.55366,1994
38,8,gender,mlp_h32,0.001,0.0,0.69048,0.52457,1994
38,8,gender,mlp_h64,0.001,0.0,0.68807,0.52859,1994
38,8,gender,mlp_h128,0.001,0.0,0.68319,0.55416,1994
38,8,gender,attention,0.0001,1e-05,4.63144,0.47656,1994
38,8,gender,shuffled,0.01,0.0001,0.80994,0.52106,1994
38,8,star_sign,ema_lr1e-3,0.001,0.0001,2.91058,0.06269,1994
38,8,star_sign,ema_lr5e-3,0.005,0.0001,2.66207,0.14845,1994
38,8,star_sign,ema_lr1e-2,0.01,0.0001,2.50784,0.15496,1994
38,8,star_sign,ema_lr5e-2,0.05,0.0001,1.56124,0.84804,1994
38,8,star_sign,ema_lr1e-2_wd1e-3,0.01,0.001,2.48273,0.17402,1994
38,8,star_sign,ema_d0.99,0.01,0.0001,2.50036,0.16148,1994
38,8,star_sign,ema_d0.9999,0.01,0.0001,2.54731,0.15697,1994
38,8,star_sign,mlp_h16,0.001,0.0,0.91614,1.0,1994
38,8,star_sign,mlp_h32,0.001,0.0,0.00678,1.0,1994
38,8,star_sign,mlp_h64,0.001,0.0,0.00136,1.0,1994
38,8,star_sign,mlp_h128,0.001,0.0,0.00012,1.0,1994
38,8,star_sign,attention,0.0001,1e-05,0.4151,1.0,1994
38,8,star_sign,shuffled,0.01,0.0001,2.55827,0.15747,1994
38,12,age_bin,ema_lr1e-3,0.001,0.0001,1.36979,0.34604,1994
38,12,age_bin,ema_lr5e-3,0.005,0.0001,1.30068,0.34303,1994
38,12,age_bin,ema_lr1e-2,0.01,0.0001,1.26237,0.35055,1994
38,12,age_bin,ema_lr5e-2,0.05,0.0001,1.81533,0.32698,1994
38,12,age_bin,ema_lr1e-2_wd1e-3,0.01,0.001,1.25904,0.36259,1994
38,12,age_bin,ema_d0.99,0.01,0.0001,1.2665,0.34052,1994
38,12,age_bin,ema_d0.9999,0.01,0.0001,1.2553,0.35557,1994
38,12,age_bin,mlp_h16,0.001,0.0,1.1118,0.3987,1994
38,12,age_bin,mlp_h32,0.001,0.0,1.10627,0.40171,1994
38,12,age_bin,mlp_h64,0.001,0.0,1.11917,0.39168,1994
38,12,age_bin,mlp_h128,0.001,0.0,1.11905,0.39769,1994
38,12,age_bin,attention,0.0001,1e-05,1.11451,0.3125,1994
38,12,age_bin,shuffled,0.01,0.0001,1.27777,0.32598,1994
38,12,gender,ema_lr1e-3,0.001,0.0001,0.84777,0.51555,1994
38,12,gender,ema_lr5e-3,0.005,0.0001,0.80325,0.50953,1994
38,12,gender,ema_lr1e-2,0.01,0.0001,0.869,0.46339,1994
38,12,gender,ema_lr5e-2,0.05,0.0001,1.52743,0.48646,1994
38,12,gender,ema_lr1e-2_wd1e-3,0.01,0.001,0.81713,0.50802,1994
38,12,gender,ema_d0.99,0.01,0.0001,0.81076,0.51956,1994
38,12,gender,ema_d0.9999,0.01,0.0001,0.86162,0.47242,1994
38,12,gender,mlp_h16,0.001,0.0,0.6872,0.53511,1994
38,12,gender,mlp_h32,0.001,0.0,0.69018,0.5341,1994
38,12,gender,mlp_h64,0.001,0.0,0.69273,0.53159,1994
38,12,gender,mlp_h128,0.001,0.0,0.69484,0.52859,1994
38,12,gender,attention,0.0001,1e-05,0.68445,0.53906,1994
38,12,gender,shuffled,0.01,0.0001,0.8268,0.50401,1994
38,12,star_sign,ema_lr1e-3,0.001,0.0001,2.88248,0.07222,1994
38,12,star_sign,ema_lr5e-3,0.005,0.0001,2.63374,0.10883,1994
38,12,star_sign,ema_lr1e-2,0.01,0.0001,2.4411,0.18305,1994
38,12,star_sign,ema_lr5e-2,0.05,0.0001,1.54122,0.59428,1994
38,12,star_sign,ema_lr1e-2_wd1e-3,0.01,0.001,2.4731,0.15296,1994
38,12,star_sign,ema_d0.99,0.01,0.0001,2.50576,0.14945,1994
38,12,star_sign,ema_d0.9999,0.01,0.0001,2.44162,0.18907,1994
38,12,star_sign,mlp_h16,0.001,0.0,0.02371,1.0,1994
38,12,star_sign,mlp_h32,0.001,0.0,0.00786,1.0,1994
38,12,star_sign,mlp_h64,0.001,0.0,0.00068,1.0,1994
38,12,star_sign,mlp_h128,0.001,0.0,0.00016,1.0,1994
38,12,star_sign,attention,0.0001,1e-05,0.0,1.0,1994
38,12,star_sign,shuffled,0.01,0.0001,2.53146,0.17101,1994
38,16,age_bin,ema_lr1e-3,0.001,0.0001,1.39486,0.33902,1994
38,16,age_bin,ema_lr5e-3,0.005,0.0001,1.31153,0.35908,1994
38,16,age_bin,ema_lr1e-2,0.01,0.0001,1.37645,0.31244,1994
38,16,age_bin,ema_lr5e-2,0.05,0.0001,1.55343,0.39117,1994
38,16,age_bin,ema_lr1e-2_wd1e-3,0.01,0.001,1.33801,0.33049,1994
38,16,age_bin,ema_d0.99,0.01,0.0001,1.33377,0.34353,1994
38,16,age_bin,ema_d0.9999,0.01,0.0001,1.3102,0.33751,1994
38,16,age_bin,mlp_h16,0.001,0.0,1.10306,0.40522,1994
38,16,age_bin,mlp_h32,0.001,0.0,1.09768,0.41324,1994
38,16,age_bin,mlp_h64,0.001,0.0,1.08859,0.42126,1994
38,16,age_bin,mlp_h128,0.001,0.0,1.09572,0.42778,1994
38,16,age_bin,attention,0.0001,1e-05,1.07423,0.44531,1994
38,16,age_bin,shuffled,0.01,0.0001,1.29347,0.34654,1994
38,16,gender,ema_lr1e-3,0.001,0.0001,0.88672,0.51254,1994
38,16,gender,ema_lr5e-3,0.005,0.0001,0.85654,0.51254,1994
38,16,gender,ema_lr1e-2,0.01,0.0001,0.8188,0.51003,1994
38,16,gender,ema_lr5e-2,0.05,0.0001,1.33486,0.51404,1994
38,16,gender,ema_lr1e-2_wd1e-3,0.01,0.001,0.81078,0.52357,1994
38,16,gender,ema_d0.99,0.01,0.0001,0.81603,0.499,1994
38,16,gender,ema_d0.9999,0.01,0.0001,0.80349,0.50702,1994
38,16,gender,mlp_h16,0.001,0.0,0.68148,0.55266,1994
38,16,gender,mlp_h32,0.001,0.0,0.67669,0.5672,1994
38,16,gender,mlp_h64,0.001,0.0,0.68452,0.54614,1994
38,16,gender,mlp_h128,0.001,0.0,0.68477,0.55216,1994
38,16,gender,attention,0.0001,1e-05,1.98922,0.52344,1994
38,16,gender,shuffled,0.01,0.0001,0.82805,0.48445,1994
38,16,star_sign,ema_lr1e-3,0.001,0.0001,2.85587,0.09829,1994
38,16,star_sign,ema_lr5e-3,0.005,0.0001,2.6144,0.16148,1994
38,16,star_sign,ema_lr1e-2,0.01,0.0001,2.5581,0.14594,1994
38,16,star_sign,ema_lr5e-2,0.05,0.0001,1.46852,0.79338,1994
38,16,star_sign,ema_lr1e-2_wd1e-3,0.01,0.001,2.56042,0.14945,1994
38,16,star_sign,ema_d0.99,0.01,0.0001,2.56753,0.16048,1994
38,16,star_sign,ema_d0.9999,0.01,0.0001,2.52942,0.16249,1994
38,16,star_sign,mlp_h16,0.001,0.0,0.6885,0.999,1994
38,16,star_sign,mlp_h32,0.001,0.0,0.00268,1.0,1994
38,16,star_sign,mlp_h64,0.001,0.0,0.00212,1.0,1994
38,16,star_sign,mlp_h128,0.001,0.0,0.00058,1.0,1994
38,16,star_sign,attention,0.0001,1e-05,0.08055,1.0,1994
38,16,star_sign,shuffled,0.01,0.0001,2.61225,0.18004,1994
38,20,age_bin,ema_lr1e-3,0.001,0.0001,1.56689,0.32648,1994
38,20,age_bin,ema_lr5e-3,0.005,0.0001,1.43381,0.332,1994
38,20,age_bin,ema_lr1e-2,0.01,0.0001,1.32179,0.36359,1994
38,20,age_bin,ema_lr5e-2,0.05,0.0001,1.32892,0.35256,1994
38,20,age_bin,ema_lr1e-2_wd1e-3,0.01,0.001,1.33919,0.37061,1994
38,20,age_bin,ema_d0.99,0.01,0.0001,1.3586,0.35607,1994
38,20,age_bin,ema_d0.9999,0.01,0.0001,1.30738,0.37964,1994
38,20,age_bin,mlp_h16,0.001,0.0,1.09988,0.40622,1994
38,20,age_bin,mlp_h32,0.001,0.0,1.08741,0.42327,1994
38,20,age_bin,mlp_h64,0.001,0.0,1.10283,0.42277,1994
38,20,age_bin,mlp_h128,0.001,0.0,1.09388,0.42427,1994
38,20,age_bin,attention,0.0001,1e-05,8.6693,0.40625,1994
38,20,age_bin,shuffled,0.01,0.0001,1.3448,0.3325,1994
38,20,gender,ema_lr1e-3,0.001,0.0001,0.91124,0.51655,1994
38,20,gender,ema_lr5e-3,0.005,0.0001,0.91308,0.50802,1994
38,20,gender,ema_lr1e-2,0.01,0.0001,0.85286,0.53159,1994
38,20,gender,ema_lr5e-2,0.05,0.0001,1.03086,0.50652,1994
38,20,gender,ema_lr1e-2_wd1e-3,0.01,0.001,0.88995,0.49147,1994
38,20,gender,ema_d0.99,0.01,0.0001,0.88844,0.49599,1994
38,20,gender,ema_d0.9999,0.01,0.0001,0.93288,0.47593,1994
38,20,gender,mlp_h16,0.001,0.0,0.67916,0.55918,1994
38,20,gender,mlp_h32,0.001,0.0,0.67613,0.57673,1994
38,20,gender,mlp_h64,0.001,0.0,0.67521,0.5657,1994
38,20,gender,mlp_h128,0.001,0.0,0.67857,0.55968,1994
38,20,gender,attention,0.0001,1e-05,0.7278,0.51562,1994
38,20,gender,shuffled,0.01,0.0001,0.88011,0.48646,1994
38,20,star_sign,ema_lr1e-3,0.001,0.0001,3.14926,0.08225,1994
38,20,star_sign,ema_lr5e-3,0.005,0.0001,2.79344,0.13139,1994
38,20,star_sign,ema_lr1e-2,0.01,0.0001,2.70852,0.16349,1994
38,20,star_sign,ema_lr5e-2,0.05,0.0001,1.36479,0.68104,1994
38,20,star_sign,ema_lr1e-2_wd1e-3,0.01,0.001,2.65404,0.16299,1994
38,20,star_sign,ema_d0.99,0.01,0.0001,2.664,0.15095,1994
38,20,star_sign,ema_d0.9999,0.01,0.0001,2.7218,0.14193,1994
38,20,star_sign,mlp_h16,0.001,0.0,0.14228,1.0,1994
38,20,star_sign,mlp_h32,0.001,0.0,0.05692,1.0,1994
38,20,star_sign,mlp_h64,0.001,0.0,0.0135,1.0,1994
38,20,star_sign,mlp_h128,0.001,0.0,0.00268,1.0,1994
38,20,star_sign,attention,0.0001,1e-05,0.0,1.0,1994
38,20,star_sign,shuffled,0.01,0.0001,2.62248,0.17703,1994
38,24,age_bin,ema_lr1e-3,0.001,0.0001,1.60089,0.33952,1994
38,24,age_bin,ema_lr5e-3,0.005,0.0001,1.45081,0.34403,1994
38,24,age_bin,ema_lr1e-2,0.01,0.0001,1.35189,0.3656,1994
38,24,age_bin,ema_lr5e-2,0.05,0.0001,1.19551,0.3987,1994
38,24,age_bin,ema_lr1e-2_wd1e-3,0.01,0.001,1.40337,0.334,1994
38,24,age_bin,ema_d0.99,0.01,0.0001,1.45401,0.31143,1994
38,24,age_bin,ema_d0.9999,0.01,0.0001,1.38253,0.36158,1994
38,24,age_bin,mlp_h16,0.001,0.0,1.10661,0.40371,1994
38,24,age_bin,mlp_h32,0.001,0.0,1.11224,0.40672,1994
38,24,age_bin,mlp_h64,0.001,0.0,1.10761,0.42177,1994
38,24,age_bin,mlp_h128,0.001,0.0,1.0967,0.42778,1994
38,24,age_bin,attention,0.0001,1e-05,2.74348,0.32812,1994
38,24,age_bin,shuffled,0.01,0.0001,1.436,0.31294,1994
38,24,gender,ema_lr1e-3,0.001,0.0001,1.0283,0.50953,1994
38,24,gender,ema_lr5e-3,0.005,0.0001,0.9125,0.53561,1994
38,24,gender,ema_lr1e-2,0.01,0.0001,0.89729,0.51304,1994
38,24,gender,ema_lr5e-2,0.05,0.0001,0.76783,0.52407,1994
38,24,gender,ema_lr1e-2_wd1e-3,0.01,0.001,0.85744,0.53059,1994
38,24,gender,ema_d0.99,0.01,0.0001,0.78865,0.56971,1994
38,24,gender,ema_d0.9999,0.01,0.0001,0.88827,0.54413,1994
38,24,gender,mlp_h16,0.001,0.0,0.66835,0.57723,1994
38,24,gender,mlp_h32,0.001,0.0,0.68076,0.56971,1994
38,24,gender,mlp_h64,0.001,0.0,0.67845,0.5682,1994
38,24,gender,mlp_h128,0.001,0.0,0.67474,0.57773,1994
38,24,gender,attention,0.0001,1e-05,1.17371,0.53125,1994
38,24,gender,shuffled,0.01,0.0001,0.87234,0.50401,1994
38,24,star_sign,ema_lr1e-3,0.001,0.0001,3.23394,0.08877,1994
38,24,star_sign,ema_lr5e-3,0.005,0.0001,2.93122,0.11184,1994
38,24,star_sign,ema_lr1e-2,0.01,0.0001,2.88573,0.1339,1994
38,24,star_sign,ema_lr5e-2,0.05,0.0001,1.48186,0.60331,1994
38,24,star_sign,ema_lr1e-2_wd1e-3,0.01,0.001,2.81072,0.1324,1994
38,24,star_sign,ema_d0.99,0.01,0.0001,2.81338,0.12788,1994
38,24,star_sign,ema_d0.9999,0.01,0.0001,2.83413,0.12889,1994
38,24,star_sign,mlp_h16,0.001,0.0,1.74027,0.42076,1994
38,24,star_sign,mlp_h32,0.001,0.0,0.35052,1.0,1994
38,24,star_sign,mlp_h64,0.001,0.0,0.04774,1.0,1994
38,24,star_sign,mlp_h128,0.001,0.0,0.01347,1.0,1994
38,24,star_sign,attention,0.0001,1e-05,0.01313,0.99219,1994
38,24,star_sign,shuffled,0.01,0.0001,2.76178,0.12387,1994
39,0,age_bin,ema_lr1e-3,0.001,0.0001,1.5372,0.32784,1940
39,0,age_bin,ema_lr5e-3,0.005,0.0001,1.4804,0.31031,1940
39,0,age_bin,ema_lr1e-2,0.01,0.0001,1.3449,0.33711,1940
39,0,age_bin,ema_lr5e-2,0.05,0.0001,1.21079,0.38196,1940
39,0,age_bin,ema_lr1e-2_wd1e-3,0.01,0.001,1.38639,0.32784,1940
39,0,age_bin,ema_d0.99,0.01,0.0001,1.38548,0.32062,1940
39,0,age_bin,ema_d0.9999,0.01,0.0001,1.3579,0.31134,1940
39,0,age_bin,mlp_h16,0.001,0.0,1.06746,0.44485,1940
39,0,age_bin,mlp_h32,0.001,0.0,1.06943,0.43969,1940
39,0,age_bin,mlp_h64,0.001,0.0,1.07411,0.44485,1940
39,0,age_bin,mlp_h128,0.001,0.0,1.07025,0.45,1940
39,0,age_bin,attention,0.0001,1e-05,1.08635,0.4375,1940
39,0,age_bin,shuffled,0.01,0.0001,1.34547,0.33351,1940
39,0,gender,ema_lr1e-3,0.001,0.0001,1.05659,0.49742,1940
39,0,gender,ema_lr5e-3,0.005,0.0001,0.88571,0.50412,1940
39,0,gender,ema_lr1e-2,0.01,0.0001,0.8314,0.53454,1940
39,0,gender,ema_lr5e-2,0.05,0.0001,0.81811,0.49175,1940
39,0,gender,ema_lr1e-2_wd1e-3,0.01,0.001,0.82727,0.52216,1940
39,0,gender,ema_d0.99,0.01,0.0001,0.89496,0.49227,1940
39,0,gender,ema_d0.9999,0.01,0.0001,0.85171,0.5067,1940
39,0,gender,mlp_h16,0.001,0.0,0.69078,0.53608,1940
39,0,gender,mlp_h32,0.001,0.0,0.69371,0.52887,1940
39,0,gender,mlp_h64,0.001,0.0,0.69633,0.51701,1940
39,0,gender,mlp_h128,0.001,0.0,0.70499,0.50567,1940
39,0,gender,attention,0.0001,1e-05,0.69203,0.57031,1940
39,0,gender,shuffled,0.01,0.0001,0.88311,0.49175,1940
39,0,star_sign,ema_lr1e-3,0.001,0.0001,3.26976,0.07629,1940
39,0,star_sign,ema_lr5e-3,0.005,0.0001,2.84033,0.12629,1940
39,0,star_sign,ema_lr1e-2,0.01,0.0001,2.66712,0.16134,1940
39,0,star_sign,ema_lr5e-2,0.05,0.0001,1.37165,0.74278,1940
39,0,star_sign,ema_lr1e-2_wd1e-3,0.01,0.001,2.64877,0.15876,1940
39,0,star_sign,ema_d0.99,0.01,0.0001,2.75999,0.1232,1940
39,0,star_sign,ema_d0.9999,0.01,0.0001,2.71302,0.16856,1940
39,0,star_sign,mlp_h16,0.001,0.0,0.3488,0.99124,1940
39,0,star_sign,mlp_h32,0.001,0.0,0.13576,1.0,1940
39,0,star_sign,mlp_h64,0.001,0.0,0.02044,1.0,1940
39,0,star_sign,mlp_h128,0.001,0.0,0.00721,1.0,1940
39,0,star_sign,attention,0.0001,1e-05,2.3599,1.0,1940
39,0,star_sign,shuffled,0.01,0.0001,2.68685,0.16907,1940
39,4,age_bin,ema_lr1e-3,0.001,0.0001,1.36061,0.32835,1940
39,4,age_bin,ema_lr5e-3,0.005,0.0001,1.30466,0.33402,1940
39,4,age_bin,ema_lr1e-2,0.01,0.0001,1.27624,0.32577,1940
39,4,age_bin,ema_lr5e-2,0.05,0.0001,1.53713,0.42371,1940
39,4,age_bin,ema_lr1e-2_wd1e-3,0.01,0.001,1.27132,0.35155,1940
39,4,age_bin,ema_d0.99,0.01,0.0001,1.25166,0.34588,1940
39,4,age_bin,ema_d0.9999,0.01,0.0001,1.25562,0.35155,1940
39,4,age_bin,mlp_h16,0.001,0.0,1.05764,0.45258,1940
39,4,age_bin,mlp_h32,0.001,0.0,1.0647,0.44742,1940
39,4,age_bin,mlp_h64,0.001,0.0,1.05286,0.45052,1940
39,4,age_bin,mlp_h128,0.001,0.0,1.04529,0.43918,1940
39,4,age_bin,attention,0.0001,1e-05,1.08496,0.44531,1940
39,4,age_bin,shuffled,0.01,0.0001,1.26012,0.33299,1940
39,4,gender,ema_lr1e-3,0.001,0.0001,0.8495,0.5,1940
39,4,gender,ema_lr5e-3,0.005,0.0001,0.81572,0.52113,1940
39,4,gender,ema_lr1e-2,0.01,0.0001,0.79582,0.52577,1940
39,4,gender,ema_lr5e-2,0.05,0.0001,1.42551,0.61907,1940
39,4,gender,ema_lr1e-2_wd1e-3,0.01,0.001,0.8081,0.50928,1940
39,4,gender,ema_d0.99,0.01,0.0001,0.81007,0.49794,1940
39,4,gender,ema_d0.9999,0.01,0.0001,0.81337,0.49948,1940
39,4,gender,mlp_h16,0.001,0.0,0.68536,0.55722,1940
39,4,gender,mlp_h32,0.001,0.0,0.68533,0.56392,1940
39,4,gender,mlp_h64,0.001,0.0,0.68025,0.57165,1940
39,4,gender,mlp_h128,0.001,0.0,0.67831,0.57526,1940
39,4,gender,attention,0.0001,1e-05,0.84933,0.45312,1940
39,4,gender,shuffled,0.01,0.0001,0.82194,0.49742,1940
39,4,star_sign,ema_lr1e-3,0.001,0.0001,2.81841,0.0732,1940
39,4,star_sign,ema_lr5e-3,0.005,0.0001,2.64524,0.11959,1940
39,4,star_sign,ema_lr1e-2,0.01,0.0001,2.48712,0.16856,1940
39,4,star_sign,ema_lr5e-2,0.05,0.0001,1.64072,0.89536,1940
39,4,star_sign,ema_lr1e-2_wd1e-3,0.01,0.001,2.45904,0.18814,1940
39,4,star_sign,ema_d0.99,0.01,0.0001,2.44432,0.17474,1940
39,4,star_sign,ema_d0.9999,0.01,0.0001,2.43044,0.17732,1940
39,4,star_sign,mlp_h16,0.001,0.0,0.02032,1.0,1940
39,4,star_sign,mlp_h32,0.001,0.0,0.00479,1.0,1940
39,4,star_sign,mlp_h64,0.001,0.0,0.00297,1.0,1940
39,4,star_sign,mlp_h128,0.001,0.0,0.00016,1.0,1940
39,4,star_sign,attention,0.0001,1e-05,0.66357,1.0,1940
39,4,star_sign,shuffled,0.01,0.0001,2.43996,0.16753,1940
39,8,age_bin,ema_lr1e-3,0.001,0.0001,1.33674,0.34845,1940
39,8,age_bin,ema_lr5e-3,0.005,0.0001,1.29899,0.34278,1940
39,8,age_bin,ema_lr1e-2,0.01,0.0001,1.25399,0.35825,1940
39,8,age_bin,ema_lr5e-2,0.05,0.0001,1.48695,0.3701,1940
39,8,age_bin,ema_lr1e-2_wd1e-3,0.01,0.001,1.33334,0.31495,1940
39,8,age_bin,ema_d0.99,0.01,0.0001,1.27577,0.34742,1940
39,8,age_bin,ema_d0.9999,0.01,0.0001,1.2829,0.33402,1940
39,8,age_bin,mlp_h16,0.001,0.0,1.07494,0.44536,1940
39,8,age_bin,mlp_h32,0.001,0.0,1.08493,0.43969,1940
39,8,age_bin,mlp_h64,0.001,0.0,1.06714,0.44588,1940
39,8,age_bin,mlp_h128,0.001,0.0,1.06627,0.44794,1940
39,8,age_bin,attention,0.0001,1e-05,1.10636,0.45312,1940
39,8,age_bin,shuffled,0.01,0.0001,1.27436,0.33454,1940
39,8,gender,ema_lr1e-3,0.001,0.0001,0.86101,0.50412,1940
39,8,gender,ema_lr5e-3,0.005,0.0001,0.86106,0.50052,1940
39,8,gender,ema_lr1e-2,0.01,0.0001,0.82102,0.50309,1940
39,8,gender,ema_lr5e-2,0.05,0.0001,1.33135,0.60722,1940
39,8,gender,ema_lr1e-2_wd1e-3,0.01,0.001,0.79775,0.50773,1940
39,8,gender,ema_d0.99,0.01,0.0001,0.81049,0.49845,1940
39,8,gender,ema_d0.9999,0.01,0.0001,0.80372,0.50361,1940
39,8,gender,mlp_h16,0.001,0.0,0.67275,0.61237,1940
39,8,gender,mlp_h32,0.001,0.0,0.68218,0.56546,1940
39,8,gender,mlp_h64,0.001,0.0,0.68432,0.5701,1940
39,8,gender,mlp_h128,0.001,0.0,0.65165,0.61186,1940
39,8,gender,attention,0.0001,1e-05,3.03815,0.57031,1940
39,8,gender,shuffled,0.01,0.0001,0.80664,0.50361,1940
39,8,star_sign,ema_lr1e-3,0.001,0.0001,2.85914,0.06598,1940
39,8,star_sign,ema_lr5e-3,0.005,0.0001,2.67724,0.13402,1940
39,8,star_sign,ema_lr1e-2,0.01,0.0001,2.49241,0.15258,1940
39,8,star_sign,ema_lr5e-2,0.05,0.0001,1.33266,0.75052,1940
39,8,star_sign,ema_lr1e-2_wd1e-3,0.01,0.001,2.52272,0.16237,1940
39,8,star_sign,ema_d0.99,0.01,0.0001,2.46226,0.15515,1940
39,8,star_sign,ema_d0.9999,0.01,0.0001,2.5486,0.13969,1940
39,8,star_sign,mlp_h16,0.001,0.0,0.86824,1.0,1940
39,8,star_sign,mlp_h32,0.001,0.0,0.00713,1.0,1940
39,8,star_sign,mlp_h64,0.001,0.0,0.00156,1.0,1940
39,8,star_sign,mlp_h128,0.001,0.0,0.00014,1.0,1940
39,8,star_sign,attention,0.0001,1e-05,0.39819,1.0,1940
39,8,star_sign,shuffled,0.01,0.0001,2.4832,0.1866,1940
39,12,age_bin,ema_lr1e-3,0.001,0.0001,1.44536,0.30825,1940
39,12,age_bin,ema_lr5e-3,0.005,0.0001,1.35401,0.32526,1940
39,12,age_bin,ema_lr1e-2,0.01,0.0001,1.29906,0.33351,1940
39,12,age_bin,ema_lr5e-2,0.05,0.0001,1.54184,0.40773,1940
39,12,age_bin,ema_lr1e-2_wd1e-3,0.01,0.001,1.30579,0.33196,1940
39,12,age_bin,ema_d0.99,0.01,0.0001,1.25213,0.35103,1940
39,12,age_bin,ema_d0.9999,0.01,0.0001,1.29838,0.31959,1940
39,12,age_bin,mlp_h16,0.001,0.0,1.09223,0.45,1940
39,12,age_bin,mlp_h32,0.001,0.0,1.07185,0.44536,1940
39,12,age_bin,mlp_h64,0.001,0.0,1.07444,0.43093,1940
39,12,age_bin,mlp_h128,0.001,0.0,1.05715,0.43969,1940
39,12,age_bin,attention,0.0001,1e-05,1.08664,0.41406,1940
39,12,age_bin,shuffled,0.01,0.0001,1.24724,0.3799,1940
39,12,gender,ema_lr1e-3,0.001,0.0001,0.86408,0.50464,1940
39,12,gender,ema_lr5e-3,0.005,0.0001,0.83594,0.48814,1940
39,12,gender,ema_lr1e-2,0.01,0.0001,0.82293,0.48402,1940
39,12,gender,ema_lr5e-2,0.05,0.0001,1.2972,0.61598,1940
39,12,gender,ema_lr1e-2_wd1e-3,0.01,0.001,0.79613,0.52423,1940
39,12,gender,ema_d0.99,0.01,0.0001,0.81831,0.50103,1940
39,12,gender,ema_d0.9999,0.01,0.0001,0.81707,0.49948,1940
39,12,gender,mlp_h16,0.001,0.0,0.67929,0.56804,1940
39,12,gender,mlp_h32,0.001,0.0,0.67853,0.59381,1940
39,12,gender,mlp_h64,0.001,0.0,0.68995,0.56237,1940
39,12,gender,mlp_h128,0.001,0.0,0.69495,0.56546,1940
39,12,gender,attention,0.0001,1e-05,0.68581,0.58594,1940
39,12,gender,shuffled,0.01,0.0001,0.81844,0.51649,1940
39,12,star_sign,ema_lr1e-3,0.001,0.0001,2.9629,0.05361,1940
39,12,star_sign,ema_lr5e-3,0.005,0.0001,2.62942,0.12577,1940
39,12,star_sign,ema_lr1e-2,0.01,0.0001,2.42926,0.18093,1940
39,12,star_sign,ema_lr5e-2,0.05,0.0001,1.62857,0.88608,1940
39,12,star_sign,ema_lr1e-2_wd1e-3,0.01,0.001,2.52812,0.13351,1940
39,12,star_sign,ema_d0.99,0.01,0.0001,2.436,0.14845,1940
39,12,star_sign,ema_d0.9999,0.01,0.0001,2.47141,0.16701,1940
39,12,star_sign,mlp_h16,0.001,0.0,0.02236,1.0,1940
39,12,star_sign,mlp_h32,0.001,0.0,0.00765,1.0,1940
39,12,star_sign,mlp_h64,0.001,0.0,0.0007,1.0,1940
39,12,star_sign,mlp_h128,0.001,0.0,0.00017,1.0,1940
39,12,star_sign,attention,0.0001,1e-05,0.0,1.0,1940
39,12,star_sign,shuffled,0.01,0.0001,2.56182,0.14536,1940
39,16,age_bin,ema_lr1e-3,0.001,0.0001,1.35991,0.34742,1940
39,16,age_bin,ema_lr5e-3,0.005,0.0001,1.40511,0.31392,1940
39,16,age_bin,ema_lr1e-2,0.01,0.0001,1.30941,0.34588,1940
39,16,age_bin,ema_lr5e-2,0.05,0.0001,1.57038,0.27113,1940
39,16,age_bin,ema_lr1e-2_wd1e-3,0.01,0.001,1.32778,0.32268,1940
39,16,age_bin,ema_d0.99,0.01,0.0001,1.30631,0.3433,1940
39,16,age_bin,ema_d0.9999,0.01,0.0001,1.27161,0.33041,1940
39,16,age_bin,mlp_h16,0.001,0.0,1.05922,0.4366,1940
39,16,age_bin,mlp_h32,0.001,0.0,1.07795,0.44278,1940
39,16,age_bin,mlp_h64,0.001,0.0,1.06904,0.4433,1940
39,16,age_bin,mlp_h128,0.001,0.0,1.067,0.44124,1940
39,16,age_bin,attention,0.0001,1e-05,1.06735,0.42969,1940
39,16,age_bin,shuffled,0.01,0.0001,1.2781,0.32577,1940
39,16,gender,ema_lr1e-3,0.001,0.0001,0.87552,0.51237,1940
39,16,gender,ema_lr5e-3,0.005,0.0001,0.84568,0.5201,1940
39,16,gender,ema_lr1e-2,0.01,0.0001,0.82222,0.48454,1940
39,16,gender,ema_lr5e-2,0.05,0.0001,1.12958,0.60258,1940
39,16,gender,ema_lr1e-2_wd1e-3,0.01,0.001,0.76073,0.54845,1940
39,16,gender,ema_d0.99,0.01,0.0001,0.78612,0.53247,1940
39,16,gender,ema_d0.9999,0.01,0.0001,0.82951,0.5,1940
39,16,gender,mlp_h16,0.001,0.0,0.66755,0.60979,1940
39,16,gender,mlp_h32,0.001,0.0,0.66809,0.60258,1940
39,16,gender,mlp_h64,0.001,0.0,0.67526,0.57474,1940
39,16,gender,mlp_h128,0.001,0.0,0.68268,0.56856,1940
39,16,gender,attention,0.0001,1e-05,1.94192,0.42188,1940
39,16,gender,shuffled,0.01,0.0001,0.82587,0.50464,1940
39,16,star_sign,ema_lr1e-3,0.001,0.0001,3.04861,0.09794,1940
39,16,star_sign,ema_lr5e-3,0.005,0.0001,2.80969,0.13093,1940
39,16,star_sign,ema_lr1e-2,0.01,0.0001,2.54066,0.15876,1940
39,16,star_sign,ema_lr5e-2,0.05,0.0001,1.4102,0.67216,1940
39,16,star_sign,ema_lr1e-2_wd1e-3,0.01,0.001,2.55587,0.15103,1940
39,16,star_sign,ema_d0.99,0.01,0.0001,2.56116,0.14278,1940
39,16,star_sign,ema_d0.9999,0.01,0.0001,2.53918,0.14588,1940
39,16,star_sign,mlp_h16,0.001,0.0,0.62603,1.0,1940
39,16,star_sign,mlp_h32,0.001,0.0,0.00235,1.0,1940
39,16,star_sign,mlp_h64,0.001,0.0,0.00203,1.0,1940
39,16,star_sign,mlp_h128,0.001,0.0,0.00057,1.0,1940
39,16,star_sign,attention,0.0001,1e-05,0.08132,1.0,1940
39,16,star_sign,shuffled,0.01,0.0001,2.63674,0.1634,1940
39,20,age_bin,ema_lr1e-3,0.001,0.0001,1.50474,0.34175,1940
39,20,age_bin,ema_lr5e-3,0.005,0.0001,1.42065,0.33093,1940
39,20,age_bin,ema_lr1e-2,0.01,0.0001,1.32964,0.33763,1940
39,20,age_bin,ema_lr5e-2,0.05,0.0001,1.31974,0.35155,1940
39,20,age_bin,ema_lr1e-2_wd1e-3,0.01,0.001,1.35172,0.3567,1940
39,20,age_bin,ema_d0.99,0.01,0.0001,1.42217,0.31031,1940
39,20,age_bin,ema_d0.9999,0.01,0.0001,1.36782,0.3299,1940
39,20,age_bin,mlp_h16,0.001,0.0,1.05327,0.44536,1940
39,20,age_bin,mlp_h32,0.001,0.0,1.07125,0.43866,1940
39,20,age_bin,mlp_h64,0.001,0.0,1.08188,0.43041,1940
39,20,age_bin,mlp_h128,0.001,0.0,1.08261,0.43763,1940
39,20,age_bin,attention,0.0001,1e-05,7.5204,0.42969,1940
39,20,age_bin,shuffled,0.01,0.0001,1.34842,0.35,1940
39,20,gender,ema_lr1e-3,0.001,0.0001,0.94918,0.50206,1940
39,20,gender,ema_lr5e-3,0.005,0.0001,0.90162,0.50876,1940
39,20,gender,ema_lr1e-2,0.01,0.0001,0.894,0.50052,1940
39,20,gender,ema_lr5e-2,0.05,0.0001,0.86899,0.59536,1940
39,20,gender,ema_lr1e-2_wd1e-3,0.01,0.001,0.83095,0.5366,1940
39,20,gender,ema_d0.99,0.01,0.0001,0.89133,0.48711,1940
39,20,gender,ema_d0.9999,0.01,0.0001,0.86648,0.52526,1940
39,20,gender,mlp_h16,0.001,0.0,0.68056,0.58918,1940
39,20,gender,mlp_h32,0.001,0.0,0.67816,0.58969,1940
39,20,gender,mlp_h64,0.001,0.0,0.6707,0.5866,1940
39,20,gender,mlp_h128,0.001,0.0,0.67334,0.58454,1940
39,20,gender,attention,0.0001,1e-05,0.69559,0.53906,1940
39,20,gender,shuffled,0.01,0.0001,0.84971,0.51392,1940
39,20,star_sign,ema_lr1e-3,0.001,0.0001,3.08203,0.08247,1940
39,20,star_sign,ema_lr5e-3,0.005,0.0001,2.93793,0.10103,1940
39,20,star_sign,ema_lr1e-2,0.01,0.0001,2.68792,0.14845,1940
39,20,star_sign,ema_lr5e-2,0.05,0.0001,1.40813,0.64742,1940
39,20,star_sign,ema_lr1e-2_wd1e-3,0.01,0.001,2.72246,0.15722,1940
39,20,star_sign,ema_d0.99,0.01,0.0001,2.75052,0.13608,1940
39,20,star_sign,ema_d0.9999,0.01,0.0001,2.67673,0.15361,1940
39,20,star_sign,mlp_h16,0.001,0.0,0.13999,1.0,1940
39,20,star_sign,mlp_h32,0.001,0.0,0.05354,1.0,1940
39,20,star_sign,mlp_h64,0.001,0.0,0.01204,1.0,1940
39,20,star_sign,mlp_h128,0.001,0.0,0.00243,1.0,1940
39,20,star_sign,attention,0.0001,1e-05,0.0,1.0,1940
39,20,star_sign,shuffled,0.01,0.0001,2.72659,0.1567,1940
39,24,age_bin,ema_lr1e-3,0.001,0.0001,1.51827,0.35876,1940
39,24,age_bin,ema_lr5e-3,0.005,0.0001,1.49923,0.31701,1940
39,24,age_bin,ema_lr1e-2,0.01,0.0001,1.38882,0.35928,1940
39,24,age_bin,ema_lr5e-2,0.05,0.0001,1.30556,0.35103,1940
39,24,age_bin,ema_lr1e-2_wd1e-3,0.01,0.001,1.33432,0.37423,1940
39,24,age_bin,ema_d0.99,0.01,0.0001,1.44288,0.34124,1940
39,24,age_bin,ema_d0.9999,0.01,0.0001,1.42202,0.35309,1940
39,24,age_bin,mlp_h16,0.001,0.0,1.09574,0.41959,1940
39,24,age_bin,mlp_h32,0.001,0.0,1.10351,0.41804,1940
39,24,age_bin,mlp_h64,0.001,0.0,1.09765,0.42938,1940
39,24,age_bin,mlp_h128,0.001,0.0,1.10593,0.41546,1940
39,24,age_bin,attention,0.0001,1e-05,2.32301,0.39062,1940
39,24,age_bin,shuffled,0.01,0.0001,1.38369,0.33454,1940
39,24,gender,ema_lr1e-3,0.001,0.0001,0.98203,0.54021,1940
39,24,gender,ema_lr5e-3,0.005,0.0001,0.8753,0.54588,1940
39,24,gender,ema_lr1e-2,0.01,0.0001,0.86365,0.52216,1940
39,24,gender,ema_lr5e-2,0.05,0.0001,0.74657,0.55567,1940
39,24,gender,ema_lr1e-2_wd1e-3,0.01,0.001,0.81797,0.55309,1940
39,24,gender,ema_d0.99,0.01,0.0001,0.89021,0.53093,1940
39,24,gender,ema_d0.9999,0.01,0.0001,0.8476,0.52732,1940
39,24,gender,mlp_h16,0.001,0.0,0.64409,0.62577,1940
39,24,gender,mlp_h32,0.001,0.0,0.65949,0.59845,1940
39,24,gender,mlp_h64,0.001,0.0,0.65791,0.60052,1940
39,24,gender,mlp_h128,0.001,0.0,0.6667,0.5701,1940
39,24,gender,attention,0.0001,1e-05,1.57476,0.46875,1940
39,24,gender,shuffled,0.01,0.0001,0.89944,0.50515,1940
39,24,star_sign,ema_lr1e-3,0.001,0.0001,3.3445,0.07216,1940
39,24,star_sign,ema_lr5e-3,0.005,0.0001,3.07544,0.09021,1940
39,24,star_sign,ema_lr1e-2,0.01,0.0001,2.91434,0.13299,1940
39,24,star_sign,ema_lr5e-2,0.05,0.0001,1.52534,0.59588,1940
39,24,star_sign,ema_lr1e-2_wd1e-3,0.01,0.001,2.85351,0.12887,1940
39,24,star_sign,ema_d0.99,0.01,0.0001,2.83955,0.14278,1940
39,24,star_sign,ema_d0.9999,0.01,0.0001,2.88719,0.14639,1940
39,24,star_sign,mlp_h16,0.001,0.0,1.73352,0.39845,1940
39,24,star_sign,mlp_h32,0.001,0.0,0.307,1.0,1940
39,24,star_sign,mlp_h64,0.001,0.0,0.03858,1.0,1940
39,24,star_sign,mlp_h128,0.001,0.0,0.00982,1.0,1940
39,24,star_sign,attention,0.0001,1e-05,0.00384,1.0,1940
39,24,star_sign,shuffled,0.01,0.0001,2.88003,0.11186,1940
40,0,age_bin,ema_lr1e-3,0.001,0.0001,1.50887,0.3278,482
40,0,age_bin,ema_lr5e-3,0.005,0.0001,1.43798,0.31328,482
40,0,age_bin,ema_lr1e-2,0.01,0.0001,1.30108,0.36307,482
40,0,age_bin,ema_lr5e-2,0.05,0.0001,1.10359,0.5166,482
40,0,age_bin,ema_lr1e-2_wd1e-3,0.01,0.001,1.43559,0.32158,482
40,0,age_bin,ema_d0.99,0.01,0.0001,1.34448,0.34647,482
40,0,age_bin,ema_d0.9999,0.01,0.0001,1.32145,0.37759,482
40,0,age_bin,mlp_h16,0.001,0.0,0.92271,0.70539,482
40,0,age_bin,mlp_h32,0.001,0.0,0.90679,0.70954,482
40,0,age_bin,mlp_h64,0.001,0.0,0.90891,0.71369,482
40,0,age_bin,mlp_h128,0.001,0.0,0.90071,0.69502,482
40,0,age_bin,attention,0.0001,1e-05,1.06626,0.63333,482
40,0,age_bin,shuffled,0.01,0.0001,1.30546,0.36307,482
40,0,gender,ema_lr1e-3,0.001,0.0001,0.97387,0.52075,482
40,0,gender,ema_lr5e-3,0.005,0.0001,0.89009,0.49378,482
40,0,gender,ema_lr1e-2,0.01,0.0001,0.85752,0.4917,482
40,0,gender,ema_lr5e-2,0.05,0.0001,0.81452,0.51452,482
40,0,gender,ema_lr1e-2_wd1e-3,0.01,0.001,0.82998,0.51245,482
40,0,gender,ema_d0.99,0.01,0.0001,0.8194,0.54979,482
40,0,gender,ema_d0.9999,0.01,0.0001,0.87302,0.50622,482
40,0,gender,mlp_h16,0.001,0.0,0.6971,0.4917,482
40,0,gender,mlp_h32,0.001,0.0,0.69579,0.49378,482
40,0,gender,mlp_h64,0.001,0.0,0.69188,0.52905,482
40,0,gender,mlp_h128,0.001,0.0,0.68233,0.54149,482
40,0,gender,attention,0.0001,1e-05,0.69584,0.33333,482
40,0,gender,shuffled,0.01,0.0001,0.93717,0.44813,482
40,0,star_sign,ema_lr1e-3,0.001,0.0001,3.25479,0.06846,482
40,0,star_sign,ema_lr5e-3,0.005,0.0001,2.89044,0.11826,482
40,0,star_sign,ema_lr1e-2,0.01,0.0001,2.62144,0.17635,482
40,0,star_sign,ema_lr5e-2,0.05,0.0001,1.3438,0.75726,482
40,0,star_sign,ema_lr1e-2_wd1e-3,0.01,0.001,2.62828,0.15768,482
40,0,star_sign,ema_d0.99,0.01,0.0001,2.78019,0.12241,482
40,0,star_sign,ema_d0.9999,0.01,0.0001,2.7964,0.17635,482
40,0,star_sign,mlp_h16,0.001,0.0,0.332,0.98963,482
40,0,star_sign,mlp_h32,0.001,0.0,0.14741,1.0,482
40,0,star_sign,mlp_h64,0.001,0.0,0.02549,1.0,482
40,0,star_sign,mlp_h128,0.001,0.0,0.00721,1.0,482
40,0,star_sign,attention,0.0001,1e-05,2.36071,1.0,482
40,0,star_sign,shuffled,0.01,0.0001,2.72611,0.20332,482
40,4,age_bin,ema_lr1e-3,0.001,0.0001,1.303,0.361,482
40,4,age_bin,ema_lr5e-3,0.005,0.0001,1.28778,0.361,482
40,4,age_bin,ema_lr1e-2,0.01,0.0001,1.22119,0.36722,482
40,4,age_bin,ema_lr5e-2,0.05,0.0001,1.6043,0.20332,482
40,4,age_bin,ema_lr1e-2_wd1e-3,0.01,0.001,1.32246,0.33195,482
40,4,age_bin,ema_d0.99,0.01,0.0001,1.27896,0.34647,482
40,4,age_bin,ema_d0.9999,0.01,0.0001,1.29544,0.34855,482
40,4,age_bin,mlp_h16,0.001,0.0,0.91894,0.71162,482
40,4,age_bin,mlp_h32,0.001,0.0,0.9333,0.6971,482
40,4,age_bin,mlp_h64,0.001,0.0,0.93475,0.71162,482
40,4,age_bin,mlp_h128,0.001,0.0,0.94325,0.61618,482
40,4,age_bin,attention,0.0001,1e-05,0.96322,0.63333,482
40,4,age_bin,shuffled,0.01,0.0001,1.23597,0.3361,482
40,4,gender,ema_lr1e-3,0.001,0.0001,0.83903,0.49793,482
40,4,gender,ema_lr5e-3,0.005,0.0001,0.81114,0.51867,482
40,4,gender,ema_lr1e-2,0.01,0.0001,0.79284,0.52697,482
40,4,gender,ema_lr5e-2,0.05,0.0001,1.28806,0.56432,482
40,4,gender,ema_lr1e-2_wd1e-3,0.01,0.001,0.76562,0.55394,482
40,4,gender,ema_d0.99,0.01,0.0001,0.85257,0.50207,482
40,4,gender,ema_d0.9999,0.01,0.0001,0.85284,0.45436,482
40,4,gender,mlp_h16,0.001,0.0,0.69972,0.48963,482
40,4,gender,mlp_h32,0.001,0.0,0.69837,0.48755,482
40,4,gender,mlp_h64,0.001,0.0,0.72654,0.46681,482
40,4,gender,mlp_h128,0.001,0.0,0.71926,0.46681,482
40,4,gender,attention,0.0001,1e-05,0.78375,0.4,482
40,4,gender,shuffled,0.01,0.0001,0.86617,0.45643,482
40,4,star_sign,ema_lr1e-3,0.001,0.0001,2.87388,0.05602,482
40,4,star_sign,ema_lr5e-3,0.005,0.0001,2.62088,0.12863,482
40,4,star_sign,ema_lr1e-2,0.01,0.0001,2.52771,0.17427,482
40,4,star_sign,ema_lr5e-2,0.05,0.0001,1.29729,0.76349,482
40,4,star_sign,ema_lr1e-2_wd1e-3,0.01,0.001,2.45193,0.1805,482
40,4,star_sign,ema_d0.99,0.01,0.0001,2.44459,0.18257,482
40,4,star_sign,ema_d0.9999,0.01,0.0001,2.48095,0.16805,482
40,4,star_sign,mlp_h16,0.001,0.0,0.01925,1.0,482
40,4,star_sign,mlp_h32,0.001,0.0,0.00469,1.0,482
40,4,star_sign,mlp_h64,0.001,0.0,0.00298,1.0,482
40,4,star_sign,mlp_h128,0.001,0.0,0.00017,1.0,482
40,4,star_sign,attention,0.0001,1e-05,0.656,1.0,482
40,4,star_sign,shuffled,0.01,0.0001,2.50323,0.15975,482
40,8,age_bin,ema_lr1e-3,0.001,0.0001,1.26256,0.38174,482
40,8,age_bin,ema_lr5e-3,0.005,0.0001,1.30532,0.37137,482
40,8,age_bin,ema_lr1e-2,0.01,0.0001,1.31146,0.33402,482
40,8,age_bin,ema_lr5e-2,0.05,0.0001,1.19359,0.5332,482
40,8,age_bin,ema_lr1e-2_wd1e-3,0.01,0.001,1.27374,0.3444,482
40,8,age_bin,ema_d0.99,0.01,0.0001,1.15853,0.41494,482
40,8,age_bin,ema_d0.9999,0.01,0.0001,1.26481,0.36307,482
40,8,age_bin,mlp_h16,0.001,0.0,0.92455,0.71369,482
40,8,age_bin,mlp_h32,0.001,0.0,0.91588,0.67012,482
40,8,age_bin,mlp_h64,0.001,0.0,0.91067,0.69087,482
40,8,age_bin,mlp_h128,0.001,0.0,0.93352,0.6556,482
40,8,age_bin,attention,0.0001,1e-05,0.98005,0.6,482
40,8,age_bin,shuffled,0.01,0.0001,1.27249,0.34855,482
40,8,gender,ema_lr1e-3,0.001,0.0001,0.86373,0.5249,482
40,8,gender,ema_lr5e-3,0.005,0.0001,0.87529,0.5,482
40,8,gender,ema_lr1e-2,0.01,0.0001,0.82319,0.5332,482
40,8,gender,ema_lr5e-2,0.05,0.0001,1.20985,0.56224,482
40,8,gender,ema_lr1e-2_wd1e-3,0.01,0.001,0.84397,0.49378,482
40,8,gender,ema_d0.99,0.01,0.0001,0.82852,0.4917,482
40,8,gender,ema_d0.9999,0.01,0.0001,0.87851,0.45436,482
40,8,gender,mlp_h16,0.001,0.0,0.68335,0.54772,482
40,8,gender,mlp_h32,0.001,0.0,0.6735,0.59959,482
40,8,gender,mlp_h64,0.001,0.0,0.68032,0.56432,482
40,8,gender,mlp_h128,0.001,0.0,0.7147,0.51452,482
40,8,gender,attention,0.0001,1e-05,3.01544,0.36667,482
40,8,gender,shuffled,0.01,0.0001,0.80198,0.52905,482
40,8,star_sign,ema_lr1e-3,0.001,0.0001,2.89474,0.07469,482
40,8,star_sign,ema_lr5e-3,0.005,0.0001,2.74202,0.12241,482
40,8,star_sign,ema_lr1e-2,0.01,0.0001,2.4684,0.16598,482
40,8,star_sign,ema_lr5e-2,0.05,0.0001,1.35193,0.71784,482
40,8,star_sign,ema_lr1e-2_wd1e-3,0.01,0.001,2.4355,0.19295,482
40,8,star_sign,ema_d0.99,0.01,0.0001,2.51214,0.14108,482
40,8,star_sign,ema_d0.9999,0.01,0.0001,2.64356,0.10996,482
40,8,star_sign,mlp_h16,0.001,0.0,0.79166,1.0,482
40,8,star_sign,mlp_h32,0.001,0.0,0.00562,1.0,482
40,8,star_sign,mlp_h64,0.001,0.0,0.00115,1.0,482
40,8,star_sign,mlp_h128,0.001,0.0,0.0001,1.0,482
40,8,star_sign,attention,0.0001,1e-05,0.37082,1.0,482
40,8,star_sign,shuffled,0.01,0.0001,2.47316,0.15975,482
40,12,age_bin,ema_lr1e-3,0.001,0.0001,1.33642,0.37344,482
40,12,age_bin,ema_lr5e-3,0.005,0.0001,1.32637,0.35685,482
40,12,age_bin,ema_lr1e-2,0.01,0.0001,1.16078,0.39419,482
40,12,age_bin,ema_lr5e-2,0.05,0.0001,1.48849,0.20954,482
40,12,age_bin,ema_lr1e-2_wd1e-3,0.01,0.001,1.28816,0.35892,482
40,12,age_bin,ema_d0.99,0.01,0.0001,1.22312,0.41079,482
40,12,age_bin,ema_d0.9999,0.01,0.0001,1.18556,0.39212,482
40,12,age_bin,mlp_h16,0.001,0.0,0.90098,0.71992,482
40,12,age_bin,mlp_h32,0.001,0.0,0.911,0.6888,482
40,12,age_bin,mlp_h64,0.001,0.0,0.91358,0.67427,482
40,12,age_bin,mlp_h128,0.001,0.0,0.92513,0.63071,482
40,12,age_bin,attention,0.0001,1e-05,1.10278,0.26667,482
40,12,age_bin,shuffled,0.01,0.0001,1.23495,0.35062,482
40,12,gender,ema_lr1e-3,0.001,0.0001,0.86834,0.48963,482
40,12,gender,ema_lr5e-3,0.005,0.0001,0.81797,0.5,482
40,12,gender,ema_lr1e-2,0.01,0.0001,0.82482,0.47925,482
40,12,gender,ema_lr5e-2,0.05,0.0001,1.21174,0.56432,482
40,12,gender,ema_lr1e-2_wd1e-3,0.01,0.001,0.75759,0.55394,482
40,12,gender,ema_d0.99,0.01,0.0001,0.83489,0.53942,482
40,12,gender,ema_d0.9999,0.01,0.0001,0.83383,0.4751,482
40,12,gender,mlp_h16,0.001,0.0,0.65862,0.61411,482
40,12,gender,mlp_h32,0.001,0.0,0.6644,0.61826,482
40,12,gender,mlp_h64,0.001,0.0,0.66109,0.59751,482
40,12,gender,mlp_h128,0.001,0.0,0.66196,0.62241,482
40,12,gender,attention,0.0001,1e-05,0.70571,0.43333,482
40,12,gender,shuffled,0.01,0.0001,0.84112,0.46888,482
40,12,star_sign,ema_lr1e-3,0.001,0.0001,2.78327,0.08921,482
40,12,star_sign,ema_lr5e-3,0.005,0.0001,2.57494,0.1473,482
40,12,star_sign,ema_lr1e-2,0.01,0.0001,2.56962,0.13693,482
40,12,star_sign,ema_lr5e-2,0.05,0.0001,1.33078,0.71577,482
40,12,star_sign,ema_lr1e-2_wd1e-3,0.01,0.001,2.64493,0.12863,482
40,12,star_sign,ema_d0.99,0.01,0.0001,2.4091,0.19295,482
40,12,star_sign,ema_d0.9999,0.01,0.0001,2.55535,0.14938,482
40,12,star_sign,mlp_h16,0.001,0.0,0.02069,1.0,482
40,12,star_sign,mlp_h32,0.001,0.0,0.00701,1.0,482
40,12,star_sign,mlp_h64,0.001,0.0,0.00062,1.0,482
40,12,star_sign,mlp_h128,0.001,0.0,0.00015,1.0,482
40,12,star_sign,attention,0.0001,1e-05,0.0,1.0,482
40,12,star_sign,shuffled,0.01,0.0001,2.40637,0.19917,482
40,16,age_bin,ema_lr1e-3,0.001,0.0001,1.4579,0.32158,482
40,16,age_bin,ema_lr5e-3,0.005,0.0001,1.33728,0.36307,482
40,16,age_bin,ema_lr1e-2,0.01,0.0001,1.24364,0.40041,482
40,16,age_bin,ema_lr5e-2,0.05,0.0001,1.5927,0.27178,482
40,16,age_bin,ema_lr1e-2_wd1e-3,0.01,0.001,1.13541,0.43983,482
40,16,age_bin,ema_d0.99,0.01,0.0001,1.31452,0.35685,482
40,16,age_bin,ema_d0.9999,0.01,0.0001,1.16752,0.40249,482
40,16,age_bin,mlp_h16,0.001,0.0,0.90962,0.69502,482
40,16,age_bin,mlp_h32,0.001,0.0,0.9112,0.67012,482
40,16,age_bin,mlp_h64,0.001,0.0,0.95092,0.63071,482
40,16,age_bin,mlp_h128,0.001,0.0,0.93358,0.64108,482
40,16,age_bin,attention,0.0001,1e-05,0.98469,0.53333,482
40,16,age_bin,shuffled,0.01,0.0001,1.30897,0.32573,482
40,16,gender,ema_lr1e-3,0.001,0.0001,0.79559,0.59129,482
40,16,gender,ema_lr5e-3,0.005,0.0001,0.8794,0.53112,482
40,16,gender,ema_lr1e-2,0.01,0.0001,0.7218,0.58299,482
40,16,gender,ema_lr5e-2,0.05,0.0001,0.99889,0.64938,482
40,16,gender,ema_lr1e-2_wd1e-3,0.01,0.001,0.77544,0.5332,482
40,16,gender,ema_d0.99,0.01,0.0001,0.79806,0.52697,482
40,16,gender,ema_d0.9999,0.01,0.0001,0.73028,0.58299,482
40,16,gender,mlp_h16,0.001,0.0,0.66194,0.59751,482
40,16,gender,mlp_h32,0.001,0.0,0.66615,0.60788,482
40,16,gender,mlp_h64,0.001,0.0,0.66672,0.59129,482
40,16,gender,mlp_h128,0.001,0.0,0.67004,0.59751,482
40,16,gender,attention,0.0001,1e-05,1.04548,0.5,482
40,16,gender,shuffled,0.01,0.0001,0.84686,0.50622,482
40,16,star_sign,ema_lr1e-3,0.001,0.0001,2.96997,0.08091,482
40,16,star_sign,ema_lr5e-3,0.005,0.0001,2.8955,0.09336,482
40,16,star_sign,ema_lr1e-2,0.01,0.0001,2.60028,0.11203,482
40,16,star_sign,ema_lr5e-2,0.05,0.0001,1.31604,0.80083,482
40,16,star_sign,ema_lr1e-2_wd1e-3,0.01,0.001,2.54691,0.12241,482
40,16,star_sign,ema_d0.99,0.01,0.0001,2.54481,0.16805,482
40,16,star_sign,ema_d0.9999,0.01,0.0001,2.60816,0.15353,482
40,16,star_sign,mlp_h16,0.001,0.0,0.59829,1.0,482
40,16,star_sign,mlp_h32,0.001,0.0,0.00239,1.0,482
40,16,star_sign,mlp_h64,0.001,0.0,0.0019,1.0,482
40,16,star_sign,mlp_h128,0.001,0.0,0.00052,1.0,482
40,16,star_sign,attention,0.0001,1e-05,0.07141,1.0,482
40,16,star_sign,shuffled,0.01,0.0001,2.51324,0.1805,482
40,20,age_bin,ema_lr1e-3,0.001,0.0001,1.42825,0.35062,482
40,20,age_bin,ema_lr5e-3,0.005,0.0001,1.51247,0.30083,482
40,20,age_bin,ema_lr1e-2,0.01,0.0001,1.4741,0.28216,482
40,20,age_bin,ema_lr5e-2,0.05,0.0001,1.17611,0.51245,482
40,20,age_bin,ema_lr1e-2_wd1e-3,0.01,0.001,1.38836,0.34025,482
40,20,age_bin,ema_d0.99,0.01,0.0001,1.27048,0.39212,482
40,20,age_bin,ema_d0.9999,0.01,0.0001,1.39616,0.31743,482
40,20,age_bin,mlp_h16,0.001,0.0,0.9264,0.66183,482
40,20,age_bin,mlp_h32,0.001,0.0,0.92535,0.68672,482
40,20,age_bin,mlp_h64,0.001,0.0,0.93347,0.63485,482
40,20,age_bin,mlp_h128,0.001,0.0,0.93544,0.60788,482
40,20,age_bin,attention,0.0001,1e-05,4.26223,0.5,482
40,20,age_bin,shuffled,0.01,0.0001,1.34628,0.32365,482
40,20,gender,ema_lr1e-3,0.001,0.0001,0.94959,0.49378,482
40,20,gender,ema_lr5e-3,0.005,0.0001,0.91509,0.50622,482
40,20,gender,ema_lr1e-2,0.01,0.0001,0.79095,0.54979,482
40,20,gender,ema_lr5e-2,0.05,0.0001,0.85858,0.59336,482
40,20,gender,ema_lr1e-2_wd1e-3,0.01,0.001,0.89537,0.49793,482
40,20,gender,ema_d0.99,0.01,0.0001,0.87214,0.48548,482
40,20,gender,ema_d0.9999,0.01,0.0001,0.84369,0.5332,482
40,20,gender,mlp_h16,0.001,0.0,0.66108,0.60581,482
40,20,gender,mlp_h32,0.001,0.0,0.66546,0.61203,482
40,20,gender,mlp_h64,0.001,0.0,0.66223,0.60166,482
40,20,gender,mlp_h128,0.001,0.0,0.66299,0.61826,482
40,20,gender,attention,0.0001,1e-05,0.70888,0.5,482
40,20,gender,shuffled,0.01,0.0001,0.8653,0.50415,482
40,20,star_sign,ema_lr1e-3,0.001,0.0001,3.02883,0.08506,482
40,20,star_sign,ema_lr5e-3,0.005,0.0001,2.87382,0.12656,482
40,20,star_sign,ema_lr1e-2,0.01,0.0001,2.52135,0.19295,482
40,20,star_sign,ema_lr5e-2,0.05,0.0001,1.39365,0.61826,482
40,20,star_sign,ema_lr1e-2_wd1e-3,0.01,0.001,2.56347,0.18672,482
40,20,star_sign,ema_d0.99,0.01,0.0001,2.64415,0.14523,482
40,20,star_sign,ema_d0.9999,0.01,0.0001,2.78492,0.12241,482
40,20,star_sign,mlp_h16,0.001,0.0,0.12085,1.0,482
40,20,star_sign,mlp_h32,0.001,0.0,0.0456,1.0,482
40,20,star_sign,mlp_h64,0.001,0.0,0.01201,1.0,482
40,20,star_sign,mlp_h128,0.001,0.0,0.00274,1.0,482
40,20,star_sign,attention,0.0001,1e-05,0.0,1.0,482
40,20,star_sign,shuffled,0.01,0.0001,2.49275,0.21784,482
40,24,age_bin,ema_lr1e-3,0.001,0.0001,1.58242,0.31535,482
40,24,age_bin,ema_lr5e-3,0.005,0.0001,1.34416,0.35685,482
40,24,age_bin,ema_lr1e-2,0.01,0.0001,1.57779,0.28423,482
40,24,age_bin,ema_lr5e-2,0.05,0.0001,1.12023,0.44398,482
40,24,age_bin,ema_lr1e-2_wd1e-3,0.01,0.001,1.32342,0.37344,482
40,24,age_bin,ema_d0.99,0.01,0.0001,1.34106,0.37137,482
40,24,age_bin,ema_d0.9999,0.01,0.0001,1.38272,0.37967,482
40,24,age_bin,mlp_h16,0.001,0.0,0.95033,0.59336,482
40,24,age_bin,mlp_h32,0.001,0.0,0.94014,0.59751,482
40,24,age_bin,mlp_h64,0.001,0.0,0.95118,0.60373,482
40,24,age_bin,mlp_h128,0.001,0.0,0.99071,0.54149,482
40,24,age_bin,attention,0.0001,1e-05,1.74033,0.43333,482
40,24,age_bin,shuffled,0.01,0.0001,1.2774,0.37552,482
40,24,gender,ema_lr1e-3,0.001,0.0001,0.95101,0.53734,482
40,24,gender,ema_lr5e-3,0.005,0.0001,0.84914,0.51245,482
40,24,gender,ema_lr1e-2,0.01,0.0001,0.90623,0.5083,482
40,24,gender,ema_lr5e-2,0.05,0.0001,0.69843,0.58506,482
40,24,gender,ema_lr1e-2_wd1e-3,0.01,0.001,0.88426,0.46888,482
40,24,gender,ema_d0.99,0.01,0.0001,0.7886,0.59544,482
40,24,gender,ema_d0.9999,0.01,0.0001,0.90574,0.5083,482
40,24,gender,mlp_h16,0.001,0.0,0.69967,0.5166,482
40,24,gender,mlp_h32,0.001,0.0,0.68531,0.54979,482
40,24,gender,mlp_h64,0.001,0.0,0.68706,0.57261,482
40,24,gender,mlp_h128,0.001,0.0,0.68782,0.56846,482
40,24,gender,attention,0.0001,1e-05,1.36851,0.53333,482
40,24,gender,shuffled,0.01,0.0001,0.79925,0.53734,482
40,24,star_sign,ema_lr1e-3,0.001,0.0001,3.05933,0.08506,482
40,24,star_sign,ema_lr5e-3,0.005,0.0001,2.93693,0.12656,482
40,24,star_sign,ema_lr1e-2,0.01,0.0001,2.63304,0.1639,482
40,24,star_sign,ema_lr5e-2,0.05,0.0001,1.5379,0.59129,482
40,24,star_sign,ema_lr1e-2_wd1e-3,0.01,0.001,2.64631,0.14938,482
40,24,star_sign,ema_d0.99,0.01,0.0001,2.72449,0.13278,482
40,24,star_sign,ema_d0.9999,0.01,0.0001,2.7462,0.17012,482
40,24,star_sign,mlp_h16,0.001,0.0,1.65041,0.44398,482
40,24,star_sign,mlp_h32,0.001,0.0,0.29341,1.0,482
40,24,star_sign,mlp_h64,0.001,0.0,0.03634,1.0,482
40,24,star_sign,mlp_h128,0.001,0.0,0.00986,1.0,482
40,24,star_sign,attention,0.0001,1e-05,4e-05,1.0,482
40,24,star_sign,shuffled,0.01,0.0001,2.64449,0.14938,482
