batch,layer,task,config,lr,wd,loss,batch_acc,n_tokens
0,0,age_bin,ema_lr1e-3,0.001,0.0001,1.6263,0.33478,1843
0,0,age_bin,ema_lr5e-3,0.005,0.0001,1.54916,0.36408,1843
0,0,age_bin,ema_lr1e-2,0.01,0.0001,1.61162,0.33695,1843
0,0,age_bin,ema_lr5e-2,0.05,0.0001,1.64676,0.3337,1843
0,0,age_bin,ema_lr1e-2_wd1e-3,0.01,0.001,1.61286,0.34129,1843
0,0,age_bin,ema_d0.99,0.01,0.0001,1.60553,0.32447,1843
0,0,age_bin,ema_d0.9999,0.01,0.0001,1.73045,0.35052,1843
0,0,age_bin,mlp_h16,0.001,0.0,1.08768,0.43462,1843
0,0,age_bin,mlp_h32,0.001,0.0,1.13342,0.30982,1843
0,0,age_bin,mlp_h64,0.001,0.0,1.10828,0.33532,1843
0,0,age_bin,mlp_h128,0.001,0.0,1.12383,0.30602,1843
0,0,age_bin,attention,0.0001,1e-05,1.09935,0.26562,1843
0,0,age_bin,shuffled,0.01,0.0001,1.63906,0.33207,1843
0,0,gender,ema_lr1e-3,0.001,0.0001,1.24794,0.51275,1843
0,0,gender,ema_lr5e-3,0.005,0.0001,1.08227,0.49159,1843
0,0,gender,ema_lr1e-2,0.01,0.0001,1.02391,0.49864,1843
0,0,gender,ema_lr5e-2,0.05,0.0001,1.0755,0.49756,1843
0,0,gender,ema_lr1e-2_wd1e-3,0.01,0.001,1.00509,0.50027,1843
0,0,gender,ema_d0.99,0.01,0.0001,1.09816,0.48833,1843
0,0,gender,ema_d0.9999,0.01,0.0001,1.05038,0.51004,1843
0,0,gender,mlp_h16,0.001,0.0,0.70223,0.49756,1843
0,0,gender,mlp_h32,0.001,0.0,0.70487,0.51004,1843
0,0,gender,mlp_h64,0.001,0.0,0.72234,0.48616,1843
0,0,gender,mlp_h128,0.001,0.0,0.70173,0.49919,1843
0,0,gender,attention,0.0001,1e-05,0.69286,0.50781,1843
0,0,gender,shuffled,0.01,0.0001,1.08623,0.50678,1843
0,0,star_sign,ema_lr1e-3,0.001,0.0001,3.25075,0.08953,1843
0,0,star_sign,ema_lr5e-3,0.005,0.0001,3.38552,0.11449,1843
0,0,star_sign,ema_lr1e-2,0.01,0.0001,3.30285,0.07434,1843
0,0,star_sign,ema_lr5e-2,0.05,0.0001,3.32094,0.06999,1843
0,0,star_sign,ema_lr1e-2_wd1e-3,0.01,0.001,3.34147,0.0803,1843
0,0,star_sign,ema_d0.99,0.01,0.0001,3.28238,0.11123,1843
0,0,star_sign,ema_d0.9999,0.01,0.0001,3.2208,0.08573,1843
0,0,star_sign,mlp_h16,0.001,0.0,2.52667,0.02713,1843
0,0,star_sign,mlp_h32,0.001,0.0,2.19161,0.54097,1843
0,0,star_sign,mlp_h64,0.001,0.0,2.35694,0.14867,1843
0,0,star_sign,mlp_h128,0.001,0.0,2.70415,0.00109,1843
0,0,star_sign,attention,0.0001,1e-05,2.48757,0.02344,1843
0,0,star_sign,shuffled,0.01,0.0001,3.26434,0.06023,1843
0,4,age_bin,ema_lr1e-3,0.001,0.0001,1.42613,0.29029,1843
0,4,age_bin,ema_lr5e-3,0.005,0.0001,1.39941,0.35757,1843
0,4,age_bin,ema_lr1e-2,0.01,0.0001,1.6664,0.29951,1843
0,4,age_bin,ema_lr5e-2,0.05,0.0001,1.20893,0.34726,1843
0,4,age_bin,ema_lr1e-2_wd1e-3,0.01,0.001,1.22697,0.33858,1843
0,4,age_bin,ema_d0.99,0.01,0.0001,1.39507,0.29788,1843
0,4,age_bin,ema_d0.9999,0.01,0.0001,2.04239,0.30982,1843
0,4,age_bin,mlp_h16,0.001,0.0,1.15263,0.37113,1843
0,4,age_bin,mlp_h32,0.001,0.0,1.07361,0.44059,1843
0,4,age_bin,mlp_h64,0.001,0.0,1.10055,0.4064,1843
0,4,age_bin,mlp_h128,0.001,0.0,1.09606,0.38361,1843
0,4,age_bin,attention,0.0001,1e-05,1.17466,0.35156,1843
0,4,age_bin,shuffled,0.01,0.0001,1.34921,0.33695,1843
0,4,gender,ema_lr1e-3,0.001,0.0001,0.80943,0.47368,1843
0,4,gender,ema_lr5e-3,0.005,0.0001,0.87586,0.50515,1843
0,4,gender,ema_lr1e-2,0.01,0.0001,1.01142,0.49322,1843
0,4,gender,ema_lr5e-2,0.05,0.0001,0.80687,0.51601,1843
0,4,gender,ema_lr1e-2_wd1e-3,0.01,0.001,1.06368,0.51058,1843
0,4,gender,ema_d0.99,0.01,0.0001,0.79667,0.47585,1843
0,4,gender,ema_d0.9999,0.01,0.0001,1.07072,0.49376,1843
0,4,gender,mlp_h16,0.001,0.0,0.71961,0.48671,1843
0,4,gender,mlp_h32,0.001,0.0,0.74046,0.48616,1843
0,4,gender,mlp_h64,0.001,0.0,0.71064,0.51818,1843
0,4,gender,mlp_h128,0.001,0.0,0.69816,0.4943,1843
0,4,gender,attention,0.0001,1e-05,0.75799,0.47656,1843
0,4,gender,shuffled,0.01,0.0001,0.84626,0.50787,1843
0,4,star_sign,ema_lr1e-3,0.001,0.0001,3.00141,0.06511,1843
0,4,star_sign,ema_lr5e-3,0.005,0.0001,3.19391,0.19425,1843
0,4,star_sign,ema_lr1e-2,0.01,0.0001,2.99843,0.03473,1843
0,4,star_sign,ema_lr5e-2,0.05,0.0001,2.89744,0.03961,1843
0,4,star_sign,ema_lr1e-2_wd1e-3,0.01,0.001,3.29391,0.04124,1843
0,4,star_sign,ema_d0.99,0.01,0.0001,2.92724,0.11232,1843
0,4,star_sign,ema_d0.9999,0.01,0.0001,3.15883,0.02496,1843
0,4,star_sign,mlp_h16,0.001,0.0,2.62293,0.00054,1843
0,4,star_sign,mlp_h32,0.001,0.0,2.26998,0.57623,1843
0,4,star_sign,mlp_h64,0.001,0.0,2.5688,0.0,1843
0,4,star_sign,mlp_h128,0.001,0.0,2.45364,0.05806,1843
0,4,star_sign,attention,0.0001,1e-05,2.90995,0.0,1843
0,4,star_sign,shuffled,0.01,0.0001,3.01327,0.08681,1843
0,8,age_bin,ema_lr1e-3,0.001,0.0001,1.25849,0.34346,1843
0,8,age_bin,ema_lr5e-3,0.005,0.0001,1.31633,0.36354,1843
0,8,age_bin,ema_lr1e-2,0.01,0.0001,1.24806,0.33966,1843
0,8,age_bin,ema_lr5e-2,0.05,0.0001,1.32963,0.35214,1843
0,8,age_bin,ema_lr1e-2_wd1e-3,0.01,0.001,1.35417,0.36354,1843
0,8,age_bin,ema_d0.99,0.01,0.0001,1.8809,0.29192,1843
0,8,age_bin,ema_d0.9999,0.01,0.0001,1.23319,0.34129,1843
0,8,age_bin,mlp_h16,0.001,0.0,1.11025,0.39989,1843
0,8,age_bin,mlp_h32,0.001,0.0,1.1094,0.27509,1843
0,8,age_bin,mlp_h64,0.001,0.0,1.10789,0.30819,1843
0,8,age_bin,mlp_h128,0.001,0.0,1.13846,0.38578,1843
0,8,age_bin,attention,0.0001,1e-05,1.29786,0.46875,1843
0,8,age_bin,shuffled,0.01,0.0001,1.39854,0.36462,1843
0,8,gender,ema_lr1e-3,0.001,0.0001,0.86112,0.4905,1843
0,8,gender,ema_lr5e-3,0.005,0.0001,0.95294,0.51818,1843
0,8,gender,ema_lr1e-2,0.01,0.0001,0.80502,0.51546,1843
0,8,gender,ema_lr5e-2,0.05,0.0001,0.80769,0.52686,1843
0,8,gender,ema_lr1e-2_wd1e-3,0.01,0.001,0.88056,0.47206,1843
0,8,gender,ema_d0.99,0.01,0.0001,1.07173,0.48345,1843
0,8,gender,ema_d0.9999,0.01,0.0001,0.77297,0.53337,1843
0,8,gender,mlp_h16,0.001,0.0,0.69612,0.52198,1843
0,8,gender,mlp_h32,0.001,0.0,0.70038,0.47585,1843
0,8,gender,mlp_h64,0.001,0.0,0.69911,0.51438,1843
0,8,gender,mlp_h128,0.001,0.0,0.71332,0.51221,1843
0,8,gender,attention,0.0001,1e-05,0.80429,0.48438,1843
0,8,gender,shuffled,0.01,0.0001,0.79882,0.49973,1843
0,8,star_sign,ema_lr1e-3,0.001,0.0001,2.90889,0.09061,1843
0,8,star_sign,ema_lr5e-3,0.005,0.0001,3.06694,0.1834,1843
0,8,star_sign,ema_lr1e-2,0.01,0.0001,2.82657,0.06674,1843
0,8,star_sign,ema_lr5e-2,0.05,0.0001,3.00108,0.01194,1843
0,8,star_sign,ema_lr1e-2_wd1e-3,0.01,0.001,2.9418,0.14324,1843
0,8,star_sign,ema_d0.99,0.01,0.0001,3.02621,0.05643,1843
0,8,star_sign,ema_d0.9999,0.01,0.0001,2.81095,0.0662,1843
0,8,star_sign,mlp_h16,0.001,0.0,2.519,0.0,1843
0,8,star_sign,mlp_h32,0.001,0.0,2.71761,0.0,1843
0,8,star_sign,mlp_h64,0.001,0.0,2.46838,0.0369,1843
0,8,star_sign,mlp_h128,0.001,0.0,2.53871,0.00434,1843
0,8,star_sign,attention,0.0001,1e-05,350.81531,0.0,1843
0,8,star_sign,shuffled,0.01,0.0001,2.9419,0.04449,1843
0,12,age_bin,ema_lr1e-3,0.001,0.0001,1.46137,0.37222,1843
0,12,age_bin,ema_lr5e-3,0.005,0.0001,1.4453,0.3044,1843
0,12,age_bin,ema_lr1e-2,0.01,0.0001,1.42999,0.29354,1843
0,12,age_bin,ema_lr5e-2,0.05,0.0001,1.46616,0.35757,1843
0,12,age_bin,ema_lr1e-2_wd1e-3,0.01,0.001,1.24989,0.33424,1843
0,12,age_bin,ema_d0.99,0.01,0.0001,1.29715,0.30982,1843
0,12,age_bin,ema_d0.9999,0.01,0.0001,1.32875,0.36679,1843
0,12,age_bin,mlp_h16,0.001,0.0,1.09735,0.4357,1843
0,12,age_bin,mlp_h32,0.001,0.0,1.11596,0.28649,1843
0,12,age_bin,mlp_h64,0.001,0.0,1.14761,0.26424,1843
0,12,age_bin,mlp_h128,0.001,0.0,1.10586,0.32176,1843
0,12,age_bin,attention,0.0001,1e-05,410.95618,0.22656,1843
0,12,age_bin,shuffled,0.01,0.0001,1.32605,0.3185,1843
0,12,gender,ema_lr1e-3,0.001,0.0001,0.96874,0.4764,1843
0,12,gender,ema_lr5e-3,0.005,0.0001,0.84909,0.50353,1843
0,12,gender,ema_lr1e-2,0.01,0.0001,0.80141,0.50081,1843
0,12,gender,ema_lr5e-2,0.05,0.0001,0.83158,0.4981,1843
0,12,gender,ema_lr1e-2_wd1e-3,0.01,0.001,0.80831,0.5274,1843
0,12,gender,ema_d0.99,0.01,0.0001,0.91019,0.52089,1843
0,12,gender,ema_d0.9999,0.01,0.0001,0.91513,0.47857,1843
0,12,gender,mlp_h16,0.001,0.0,0.7079,0.48671,1843
0,12,gender,mlp_h32,0.001,0.0,0.72851,0.52252,1843
0,12,gender,mlp_h64,0.001,0.0,0.69737,0.51438,1843
0,12,gender,mlp_h128,0.001,0.0,0.70793,0.4943,1843
0,12,gender,attention,0.0001,1e-05,0.83303,0.5,1843
0,12,gender,shuffled,0.01,0.0001,1.19234,0.5236,1843
0,12,star_sign,ema_lr1e-3,0.001,0.0001,3.0355,0.04721,1843
0,12,star_sign,ema_lr5e-3,0.005,0.0001,2.85463,0.0662,1843
0,12,star_sign,ema_lr1e-2,0.01,0.0001,3.34778,0.16875,1843
0,12,star_sign,ema_lr5e-2,0.05,0.0001,2.93416,0.04286,1843
0,12,star_sign,ema_lr1e-2_wd1e-3,0.01,0.001,3.41533,0.04504,1843
0,12,star_sign,ema_d0.99,0.01,0.0001,3.31015,0.00543,1843
0,12,star_sign,ema_d0.9999,0.01,0.0001,2.93775,0.03256,1843
0,12,star_sign,mlp_h16,0.001,0.0,2.38998,0.11829,1843
0,12,star_sign,mlp_h32,0.001,0.0,2.39533,0.04124,1843
0,12,star_sign,mlp_h64,0.001,0.0,2.50975,0.00271,1843
0,12,star_sign,mlp_h128,0.001,0.0,2.48439,0.08844,1843
0,12,star_sign,attention,0.0001,1e-05,677.08978,0.0,1843
0,12,star_sign,shuffled,0.01,0.0001,2.97515,0.40477,1843
0,16,age_bin,ema_lr1e-3,0.001,0.0001,1.36972,0.36896,1843
0,16,age_bin,ema_lr5e-3,0.005,0.0001,1.28105,0.30874,1843
0,16,age_bin,ema_lr1e-2,0.01,0.0001,1.383,0.29626,1843
0,16,age_bin,ema_lr5e-2,0.05,0.0001,1.61521,0.2854,1843
0,16,age_bin,ema_lr1e-2_wd1e-3,0.01,0.001,1.43036,0.39338,1843
0,16,age_bin,ema_d0.99,0.01,0.0001,1.36422,0.34997,1843
0,16,age_bin,ema_d0.9999,0.01,0.0001,1.37133,0.32176,1843
0,16,age_bin,mlp_h16,0.001,0.0,1.09762,0.38144,1843
0,16,age_bin,mlp_h32,0.001,0.0,1.09846,0.43136,1843
0,16,age_bin,mlp_h64,0.001,0.0,1.10874,0.2968,1843
0,16,age_bin,mlp_h128,0.001,0.0,1.10576,0.34889,1843
0,16,age_bin,attention,0.0001,1e-05,1.44805,0.3125,1843
0,16,age_bin,shuffled,0.01,0.0001,1.53779,0.30874,1843
0,16,gender,ema_lr1e-3,0.001,0.0001,0.85103,0.48888,1843
0,16,gender,ema_lr5e-3,0.005,0.0001,0.90513,0.48182,1843
0,16,gender,ema_lr1e-2,0.01,0.0001,0.95099,0.51384,1843
0,16,gender,ema_lr5e-2,0.05,0.0001,0.94609,0.4981,1843
0,16,gender,ema_lr1e-2_wd1e-3,0.01,0.001,0.83227,0.47531,1843
0,16,gender,ema_d0.99,0.01,0.0001,1.01639,0.5057,1843
0,16,gender,ema_d0.9999,0.01,0.0001,0.83378,0.51275,1843
0,16,gender,mlp_h16,0.001,0.0,0.72485,0.51438,1843
0,16,gender,mlp_h32,0.001,0.0,0.71466,0.48942,1843
0,16,gender,mlp_h64,0.001,0.0,0.69422,0.51221,1843
0,16,gender,mlp_h128,0.001,0.0,0.71432,0.51058,1843
0,16,gender,attention,0.0001,1e-05,434.871,0.50781,1843
0,16,gender,shuffled,0.01,0.0001,1.05399,0.48616,1843
0,16,star_sign,ema_lr1e-3,0.001,0.0001,3.00651,0.08681,1843
0,16,star_sign,ema_lr5e-3,0.005,0.0001,3.15788,0.17634,1843
0,16,star_sign,ema_lr1e-2,0.01,0.0001,3.11479,0.01736,1843
0,16,star_sign,ema_lr5e-2,0.05,0.0001,3.00577,0.02876,1843
0,16,star_sign,ema_lr1e-2_wd1e-3,0.01,0.001,3.02792,0.07705,1843
0,16,star_sign,ema_d0.99,0.01,0.0001,3.05622,0.03635,1843
0,16,star_sign,ema_d0.9999,0.01,0.0001,3.0885,0.10689,1843
0,16,star_sign,mlp_h16,0.001,0.0,2.51967,0.00054,1843
0,16,star_sign,mlp_h32,0.001,0.0,2.49204,0.03527,1843
0,16,star_sign,mlp_h64,0.001,0.0,2.42848,0.08844,1843
0,16,star_sign,mlp_h128,0.001,0.0,2.53158,0.00326,1843
0,16,star_sign,attention,0.0001,1e-05,889.31226,0.0,1843
0,16,star_sign,shuffled,0.01,0.0001,2.91038,0.03039,1843
0,20,age_bin,ema_lr1e-3,0.001,0.0001,1.39915,0.31579,1843
0,20,age_bin,ema_lr5e-3,0.005,0.0001,1.31697,0.32935,1843
0,20,age_bin,ema_lr1e-2,0.01,0.0001,1.3844,0.32718,1843
0,20,age_bin,ema_lr5e-2,0.05,0.0001,1.29323,0.36462,1843
0,20,age_bin,ema_lr1e-2_wd1e-3,0.01,0.001,1.27473,0.32881,1843
0,20,age_bin,ema_d0.99,0.01,0.0001,1.34775,0.34889,1843
0,20,age_bin,ema_d0.9999,0.01,0.0001,1.31886,0.33641,1843
0,20,age_bin,mlp_h16,0.001,0.0,1.09527,0.3516,1843
0,20,age_bin,mlp_h32,0.001,0.0,1.08452,0.44384,1843
0,20,age_bin,mlp_h64,0.001,0.0,1.11323,0.33424,1843
0,20,age_bin,mlp_h128,0.001,0.0,1.13684,0.28757,1843
0,20,age_bin,attention,0.0001,1e-05,224.158,0.47656,1843
0,20,age_bin,shuffled,0.01,0.0001,1.5603,0.37222,1843
0,20,gender,ema_lr1e-3,0.001,0.0001,0.92039,0.49593,1843
0,20,gender,ema_lr5e-3,0.005,0.0001,0.91153,0.51221,1843
0,20,gender,ema_lr1e-2,0.01,0.0001,0.83938,0.52577,1843
0,20,gender,ema_lr5e-2,0.05,0.0001,0.87945,0.50678,1843
0,20,gender,ema_lr1e-2_wd1e-3,0.01,0.001,0.87981,0.4802,1843
0,20,gender,ema_d0.99,0.01,0.0001,0.84757,0.5095,1843
0,20,gender,ema_d0.9999,0.01,0.0001,1.02556,0.4802,1843
0,20,gender,mlp_h16,0.001,0.0,0.71422,0.52143,1843
0,20,gender,mlp_h32,0.001,0.0,0.69414,0.5274,1843
0,20,gender,mlp_h64,0.001,0.0,0.69139,0.52306,1843
0,20,gender,mlp_h128,0.001,0.0,0.69885,0.49267,1843
0,20,gender,attention,0.0001,1e-05,427.9866,0.50781,1843
0,20,gender,shuffled,0.01,0.0001,0.90587,0.47477,1843
0,20,star_sign,ema_lr1e-3,0.001,0.0001,3.1728,0.0293,1843
0,20,star_sign,ema_lr5e-3,0.005,0.0001,3.19191,0.0841,1843
0,20,star_sign,ema_lr1e-2,0.01,0.0001,2.94675,0.04666,1843
0,20,star_sign,ema_lr5e-2,0.05,0.0001,3.04707,0.0331,1843
0,20,star_sign,ema_lr1e-2_wd1e-3,0.01,0.001,2.86754,0.08844,1843
0,20,star_sign,ema_d0.99,0.01,0.0001,2.95416,0.06511,1843
0,20,star_sign,ema_d0.9999,0.01,0.0001,3.07647,0.04775,1843
0,20,star_sign,mlp_h16,0.001,0.0,2.2799,0.31796,1843
0,20,star_sign,mlp_h32,0.001,0.0,2.5354,0.01519,1843
0,20,star_sign,mlp_h64,0.001,0.0,2.42847,0.09929,1843
0,20,star_sign,mlp_h128,0.001,0.0,2.47467,0.03907,1843
0,20,star_sign,attention,0.0001,1e-05,2.55458,0.09375,1843
0,20,star_sign,shuffled,0.01,0.0001,3.1003,0.04232,1843
0,24,age_bin,ema_lr1e-3,0.001,0.0001,1.55325,0.3478,1843
0,24,age_bin,ema_lr5e-3,0.005,0.0001,1.56238,0.35865,1843
0,24,age_bin,ema_lr1e-2,0.01,0.0001,1.50255,0.36082,1843
0,24,age_bin,ema_lr5e-2,0.05,0.0001,1.54454,0.33478,1843
0,24,age_bin,ema_lr1e-2_wd1e-3,0.01,0.001,1.50383,0.31145,1843
0,24,age_bin,ema_d0.99,0.01,0.0001,1.68107,0.32827,1843
0,24,age_bin,ema_d0.9999,0.01,0.0001,1.47932,0.3337,1843
0,24,age_bin,mlp_h16,0.001,0.0,1.11826,0.31416,1843
0,24,age_bin,mlp_h32,0.001,0.0,1.1307,0.38795,1843
0,24,age_bin,mlp_h64,0.001,0.0,1.13128,0.28703,1843
0,24,age_bin,mlp_h128,0.001,0.0,1.1388,0.27727,1843
0,24,age_bin,attention,0.0001,1e-05,287.97961,0.29688,1843
0,24,age_bin,shuffled,0.01,0.0001,1.61506,0.32013,1843
0,24,gender,ema_lr1e-3,0.001,0.0001,0.9212,0.50895,1843
0,24,gender,ema_lr5e-3,0.005,0.0001,0.91508,0.50081,1843
0,24,gender,ema_lr1e-2,0.01,0.0001,1.17956,0.52198,1843
0,24,gender,ema_lr5e-2,0.05,0.0001,1.12451,0.50732,1843
0,24,gender,ema_lr1e-2_wd1e-3,0.01,0.001,1.0113,0.47477,1843
0,24,gender,ema_d0.99,0.01,0.0001,1.18017,0.49485,1843
0,24,gender,ema_d0.9999,0.01,0.0001,1.12048,0.51438,1843
0,24,gender,mlp_h16,0.001,0.0,0.7038,0.48508,1843
0,24,gender,mlp_h32,0.001,0.0,0.71118,0.51492,1843
0,24,gender,mlp_h64,0.001,0.0,0.70656,0.48128,1843
0,24,gender,mlp_h128,0.001,0.0,0.71295,0.5019,1843
0,24,gender,attention,0.0001,1e-05,169.71307,0.49219,1843
0,24,gender,shuffled,0.01,0.0001,0.90868,0.49593,1843
0,24,star_sign,ema_lr1e-3,0.001,0.0001,3.11829,0.08844,1843
0,24,star_sign,ema_lr5e-3,0.005,0.0001,3.10359,0.04721,1843
0,24,star_sign,ema_lr1e-2,0.01,0.0001,3.09162,0.06728,1843
0,24,star_sign,ema_lr5e-2,0.05,0.0001,3.11344,0.08139,1843
0,24,star_sign,ema_lr1e-2_wd1e-3,0.01,0.001,3.17099,0.05806,1843
0,24,star_sign,ema_d0.99,0.01,0.0001,3.07541,0.13294,1843
0,24,star_sign,ema_d0.9999,0.01,0.0001,3.33366,0.07813,1843
0,24,star_sign,mlp_h16,0.001,0.0,2.25723,0.35757,1843
0,24,star_sign,mlp_h32,0.001,0.0,2.52457,0.01356,1843
0,24,star_sign,mlp_h64,0.001,0.0,2.37703,0.13565,1843
0,24,star_sign,mlp_h128,0.001,0.0,2.33359,0.26533,1843
0,24,star_sign,attention,0.0001,1e-05,0.49035,0.83594,1843
0,24,star_sign,shuffled,0.01,0.0001,3.25762,0.05046,1843
0,28,age_bin,ema_lr1e-3,0.001,0.0001,1.68864,0.32773,1843
0,28,age_bin,ema_lr5e-3,0.005,0.0001,1.61162,0.34509,1843
0,28,age_bin,ema_lr1e-2,0.01,0.0001,1.50346,0.35214,1843
0,28,age_bin,ema_lr5e-2,0.05,0.0001,1.54293,0.36625,1843
0,28,age_bin,ema_lr1e-2_wd1e-3,0.01,0.001,1.60017,0.37547,1843
0,28,age_bin,ema_d0.99,0.01,0.0001,1.52476,0.3592,1843
0,28,age_bin,ema_d0.9999,0.01,0.0001,1.56032,0.35703,1843
0,28,age_bin,mlp_h16,0.001,0.0,1.11655,0.31145,1843
0,28,age_bin,mlp_h32,0.001,0.0,1.10576,0.33587,1843
0,28,age_bin,mlp_h64,0.001,0.0,1.11259,0.32122,1843
0,28,age_bin,mlp_h128,0.001,0.0,1.13727,0.28595,1843
0,28,age_bin,attention,0.0001,1e-05,3.51002,0.30469,1843
0,28,age_bin,shuffled,0.01,0.0001,1.63518,0.32881,1843
0,28,gender,ema_lr1e-3,0.001,0.0001,1.0379,0.53771,1843
0,28,gender,ema_lr5e-3,0.005,0.0001,0.97259,0.52198,1843
0,28,gender,ema_lr1e-2,0.01,0.0001,1.1343,0.45361,1843
0,28,gender,ema_lr5e-2,0.05,0.0001,1.08727,0.4981,1843
0,28,gender,ema_lr1e-2_wd1e-3,0.01,0.001,1.04999,0.54531,1843
0,28,gender,ema_d0.99,0.01,0.0001,1.01476,0.50298,1843
0,28,gender,ema_d0.9999,0.01,0.0001,1.07316,0.48942,1843
0,28,gender,mlp_h16,0.001,0.0,0.71007,0.50787,1843
0,28,gender,mlp_h32,0.001,0.0,0.71099,0.52415,1843
0,28,gender,mlp_h64,0.001,0.0,0.71951,0.48942,1843
0,28,gender,mlp_h128,0.001,0.0,0.71723,0.47314,1843
0,28,gender,attention,0.0001,1e-05,4.18795,0.50781,1843
0,28,gender,shuffled,0.01,0.0001,1.01859,0.49756,1843
0,28,star_sign,ema_lr1e-3,0.001,0.0001,3.32056,0.10201,1843
0,28,star_sign,ema_lr5e-3,0.005,0.0001,3.31266,0.09224,1843
0,28,star_sign,ema_lr1e-2,0.01,0.0001,3.30283,0.07108,1843
0,28,star_sign,ema_lr5e-2,0.05,0.0001,3.27857,0.10255,1843
0,28,star_sign,ema_lr1e-2_wd1e-3,0.01,0.001,3.24177,0.06891,1843
0,28,star_sign,ema_d0.99,0.01,0.0001,3.31219,0.07596,1843
0,28,star_sign,ema_d0.9999,0.01,0.0001,3.275,0.09278,1843
0,28,star_sign,mlp_h16,0.001,0.0,2.74158,0.00109,1843
0,28,star_sign,mlp_h32,0.001,0.0,2.39042,0.12588,1843
0,28,star_sign,mlp_h64,0.001,0.0,2.55188,0.04341,1843
0,28,star_sign,mlp_h128,0.001,0.0,2.49785,0.04395,1843
0,28,star_sign,attention,0.0001,1e-05,1.35185,0.47656,1843
0,28,star_sign,shuffled,0.01,0.0001,3.32735,0.0662,1843
1,0,age_bin,ema_lr1e-3,0.001,0.0001,1.64977,0.32599,1770
1,0,age_bin,ema_lr5e-3,0.005,0.0001,1.56136,0.34124,1770
1,0,age_bin,ema_lr1e-2,0.01,0.0001,1.58053,0.33107,1770
1,0,age_bin,ema_lr5e-2,0.05,0.0001,1.57786,0.33277,1770
1,0,age_bin,ema_lr1e-2_wd1e-3,0.01,0.001,1.54597,0.33785,1770
1,0,age_bin,ema_d0.99,0.01,0.0001,1.54005,0.33672,1770
1,0,age_bin,ema_d0.9999,0.01,0.0001,1.63578,0.35028,1770
1,0,age_bin,mlp_h16,0.001,0.0,1.11396,0.38079,1770
1,0,age_bin,mlp_h32,0.001,0.0,1.10552,0.35424,1770
1,0,age_bin,mlp_h64,0.001,0.0,1.12285,0.36271,1770
1,0,age_bin,mlp_h128,0.001,0.0,1.14365,0.34633,1770
1,0,age_bin,attention,0.0001,1e-05,1.0978,0.35156,1770
1,0,age_bin,shuffled,0.01,0.0001,1.63258,0.31977,1770
1,0,gender,ema_lr1e-3,0.001,0.0001,1.2527,0.49774,1770
1,0,gender,ema_lr5e-3,0.005,0.0001,1.02977,0.50226,1770
1,0,gender,ema_lr1e-2,0.01,0.0001,1.02374,0.50565,1770
1,0,gender,ema_lr5e-2,0.05,0.0001,1.00132,0.49322,1770
1,0,gender,ema_lr1e-2_wd1e-3,0.01,0.001,1.03375,0.49266,1770
1,0,gender,ema_d0.99,0.01,0.0001,1.01558,0.50565,1770
1,0,gender,ema_d0.9999,0.01,0.0001,1.02548,0.50056,1770
1,0,gender,mlp_h16,0.001,0.0,0.70217,0.48757,1770
1,0,gender,mlp_h32,0.001,0.0,0.71715,0.51073,1770
1,0,gender,mlp_h64,0.001,0.0,0.71869,0.47627,1770
1,0,gender,mlp_h128,0.001,0.0,0.75324,0.49492,1770
1,0,gender,attention,0.0001,1e-05,0.69308,0.52344,1770
1,0,gender,shuffled,0.01,0.0001,1.05968,0.48079,1770
1,0,star_sign,ema_lr1e-3,0.001,0.0001,3.24492,0.08757,1770
1,0,star_sign,ema_lr5e-3,0.005,0.0001,3.37837,0.1226,1770
1,0,star_sign,ema_lr1e-2,0.01,0.0001,3.21986,0.07458,1770
1,0,star_sign,ema_lr5e-2,0.05,0.0001,3.19602,0.07232,1770
1,0,star_sign,ema_lr1e-2_wd1e-3,0.01,0.001,3.31405,0.07232,1770
1,0,star_sign,ema_d0.99,0.01,0.0001,3.25175,0.12768,1770
1,0,star_sign,ema_d0.9999,0.01,0.0001,3.19662,0.08588,1770
1,0,star_sign,mlp_h16,0.001,0.0,2.43841,0.08418,1770
1,0,star_sign,mlp_h32,0.001,0.0,2.01305,0.78475,1770
1,0,star_sign,mlp_h64,0.001,0.0,2.15657,0.44915,1770
1,0,star_sign,mlp_h128,0.001,0.0,2.41047,0.09548,1770
1,0,star_sign,attention,0.0001,1e-05,2.48127,0.17969,1770
1,0,star_sign,shuffled,0.01,0.0001,3.21623,0.05254,1770
1,4,age_bin,ema_lr1e-3,0.001,0.0001,1.37009,0.32429,1770
1,4,age_bin,ema_lr5e-3,0.005,0.0001,1.23692,0.3452,1770
1,4,age_bin,ema_lr1e-2,0.01,0.0001,1.36468,0.3435,1770
1,4,age_bin,ema_lr5e-2,0.05,0.0001,1.80919,0.36215,1770
1,4,age_bin,ema_lr1e-2_wd1e-3,0.01,0.001,1.26388,0.33446,1770
1,4,age_bin,ema_d0.99,0.01,0.0001,1.31931,0.34011,1770
1,4,age_bin,ema_d0.9999,0.01,0.0001,1.35061,0.32316,1770
1,4,age_bin,mlp_h16,0.001,0.0,1.13937,0.34463,1770
1,4,age_bin,mlp_h32,0.001,0.0,1.21923,0.37232,1770
1,4,age_bin,mlp_h64,0.001,0.0,1.27789,0.33446,1770
1,4,age_bin,mlp_h128,0.001,0.0,1.79807,0.35876,1770
1,4,age_bin,attention,0.0001,1e-05,1.14483,0.40625,1770
1,4,age_bin,shuffled,0.01,0.0001,1.31799,0.33107,1770
1,4,gender,ema_lr1e-3,0.001,0.0001,0.80599,0.4791,1770
1,4,gender,ema_lr5e-3,0.005,0.0001,0.79664,0.50169,1770
1,4,gender,ema_lr1e-2,0.01,0.0001,0.99214,0.45876,1770
1,4,gender,ema_lr5e-2,0.05,0.0001,1.82112,0.45254,1770
1,4,gender,ema_lr1e-2_wd1e-3,0.01,0.001,0.91293,0.49831,1770
1,4,gender,ema_d0.99,0.01,0.0001,0.84086,0.48305,1770
1,4,gender,ema_d0.9999,0.01,0.0001,0.92887,0.45989,1770
1,4,gender,mlp_h16,0.001,0.0,0.72201,0.45932,1770
1,4,gender,mlp_h32,0.001,0.0,0.79383,0.45537,1770
1,4,gender,mlp_h64,0.001,0.0,1.1267,0.45537,1770
1,4,gender,mlp_h128,0.001,0.0,1.18907,0.45537,1770
1,4,gender,attention,0.0001,1e-05,0.74893,0.47656,1770
1,4,gender,shuffled,0.01,0.0001,0.8284,0.49548,1770
1,4,star_sign,ema_lr1e-3,0.001,0.0001,2.97851,0.05537,1770
1,4,star_sign,ema_lr5e-3,0.005,0.0001,2.93758,0.18757,1770
1,4,star_sign,ema_lr1e-2,0.01,0.0001,2.8298,0.05311,1770
1,4,star_sign,ema_lr5e-2,0.05,0.0001,2.95956,0.01638,1770
1,4,star_sign,ema_lr1e-2_wd1e-3,0.01,0.001,2.99557,0.03277,1770
1,4,star_sign,ema_d0.99,0.01,0.0001,2.7555,0.09887,1770
1,4,star_sign,ema_d0.9999,0.01,0.0001,2.97224,0.03842,1770
1,4,star_sign,mlp_h16,0.001,0.0,2.52401,0.01017,1770
1,4,star_sign,mlp_h32,0.001,0.0,1.95113,0.98079,1770
1,4,star_sign,mlp_h64,0.001,0.0,2.31518,0.02373,1770
1,4,star_sign,mlp_h128,0.001,0.0,2.02795,0.90791,1770
1,4,star_sign,attention,0.0001,1e-05,2.73587,0.00781,1770
1,4,star_sign,shuffled,0.01,0.0001,2.79844,0.09266,1770
1,8,age_bin,ema_lr1e-3,0.001,0.0001,1.25393,0.35311,1770
1,8,age_bin,ema_lr5e-3,0.005,0.0001,1.26335,0.32486,1770
1,8,age_bin,ema_lr1e-2,0.01,0.0001,1.25305,0.3339,1770
1,8,age_bin,ema_lr5e-2,0.05,0.0001,2.82223,0.35198,1770
1,8,age_bin,ema_lr1e-2_wd1e-3,0.01,0.001,1.30497,0.33277,1770
1,8,age_bin,ema_d0.99,0.01,0.0001,1.32857,0.31299,1770
1,8,age_bin,ema_d0.9999,0.01,0.0001,1.24715,0.33333,1770
1,8,age_bin,mlp_h16,0.001,0.0,1.10702,0.36667,1770
1,8,age_bin,mlp_h32,0.001,0.0,1.1066,0.36271,1770
1,8,age_bin,mlp_h64,0.001,0.0,1.34121,0.35876,1770
1,8,age_bin,mlp_h128,0.001,0.0,1.33798,0.29153,1770
1,8,age_bin,attention,0.0001,1e-05,1.21722,0.44531,1770
1,8,age_bin,shuffled,0.01,0.0001,1.34933,0.32373,1770
1,8,gender,ema_lr1e-3,0.001,0.0001,0.8606,0.47966,1770
1,8,gender,ema_lr5e-3,0.005,0.0001,0.77318,0.52542,1770
1,8,gender,ema_lr1e-2,0.01,0.0001,0.85375,0.47401,1770
1,8,gender,ema_lr5e-2,0.05,0.0001,1.17094,0.51695,1770
1,8,gender,ema_lr1e-2_wd1e-3,0.01,0.001,0.85326,0.49379,1770
1,8,gender,ema_d0.99,0.01,0.0001,0.82454,0.52429,1770
1,8,gender,ema_d0.9999,0.01,0.0001,0.78322,0.50282,1770
1,8,gender,mlp_h16,0.001,0.0,0.72322,0.48927,1770
1,8,gender,mlp_h32,0.001,0.0,0.82296,0.54463,1770
1,8,gender,mlp_h64,0.001,0.0,1.12149,0.45537,1770
1,8,gender,mlp_h128,0.001,0.0,1.14191,0.45593,1770
1,8,gender,attention,0.0001,1e-05,0.71095,0.57031,1770
1,8,gender,shuffled,0.01,0.0001,0.79613,0.50508,1770
1,8,star_sign,ema_lr1e-3,0.001,0.0001,2.89394,0.09661,1770
1,8,star_sign,ema_lr5e-3,0.005,0.0001,2.91774,0.16328,1770
1,8,star_sign,ema_lr1e-2,0.01,0.0001,2.73023,0.07514,1770
1,8,star_sign,ema_lr5e-2,0.05,0.0001,2.88273,0.02147,1770
1,8,star_sign,ema_lr1e-2_wd1e-3,0.01,0.001,2.80615,0.12655,1770
1,8,star_sign,ema_d0.99,0.01,0.0001,2.84315,0.04972,1770
1,8,star_sign,ema_d0.9999,0.01,0.0001,2.74422,0.08249,1770
1,8,star_sign,mlp_h16,0.001,0.0,2.44143,0.00056,1770
1,8,star_sign,mlp_h32,0.001,0.0,2.61196,0.00056,1770
1,8,star_sign,mlp_h64,0.001,0.0,2.19596,0.44859,1770
1,8,star_sign,mlp_h128,0.001,0.0,2.0065,0.91073,1770
1,8,star_sign,attention,0.0001,1e-05,290.65067,0.0,1770
1,8,star_sign,shuffled,0.01,0.0001,2.74871,0.06271,1770
1,12,age_bin,ema_lr1e-3,0.001,0.0001,1.41167,0.3661,1770
1,12,age_bin,ema_lr5e-3,0.005,0.0001,1.26465,0.3565,1770
1,12,age_bin,ema_lr1e-2,0.01,0.0001,1.33032,0.30791,1770
1,12,age_bin,ema_lr5e-2,0.05,0.0001,3.71561,0.29096,1770
1,12,age_bin,ema_lr1e-2_wd1e-3,0.01,0.001,1.27501,0.33051,1770
1,12,age_bin,ema_d0.99,0.01,0.0001,1.24975,0.34068,1770
1,12,age_bin,ema_d0.9999,0.01,0.0001,1.28654,0.32316,1770
1,12,age_bin,mlp_h16,0.001,0.0,1.1299,0.37401,1770
1,12,age_bin,mlp_h32,0.001,0.0,1.28642,0.28701,1770
1,12,age_bin,mlp_h64,0.001,0.0,1.20853,0.28757,1770
1,12,age_bin,mlp_h128,0.001,0.0,1.68811,0.35876,1770
1,12,age_bin,attention,0.0001,1e-05,401.46216,0.23438,1770
1,12,age_bin,shuffled,0.01,0.0001,1.33669,0.31243,1770
1,12,gender,ema_lr1e-3,0.001,0.0001,0.9314,0.49379,1770
1,12,gender,ema_lr5e-3,0.005,0.0001,0.80057,0.48757,1770
1,12,gender,ema_lr1e-2,0.01,0.0001,0.77222,0.53277,1770
1,12,gender,ema_lr5e-2,0.05,0.0001,0.9555,0.51977,1770
1,12,gender,ema_lr1e-2_wd1e-3,0.01,0.001,0.80277,0.52825,1770
1,12,gender,ema_d0.99,0.01,0.0001,0.95192,0.47966,1770
1,12,gender,ema_d0.9999,0.01,0.0001,0.90139,0.54463,1770
1,12,gender,mlp_h16,0.001,0.0,0.73931,0.52147,1770
1,12,gender,mlp_h32,0.001,0.0,0.81416,0.45537,1770
1,12,gender,mlp_h64,0.001,0.0,0.93364,0.4548,1770
1,12,gender,mlp_h128,0.001,0.0,1.3152,0.45537,1770
1,12,gender,attention,0.0001,1e-05,0.78755,0.49219,1770
1,12,gender,shuffled,0.01,0.0001,0.79764,0.50621,1770
1,12,star_sign,ema_lr1e-3,0.001,0.0001,3.0255,0.04407,1770
1,12,star_sign,ema_lr5e-3,0.005,0.0001,2.76129,0.06102,1770
1,12,star_sign,ema_lr1e-2,0.01,0.0001,2.96454,0.15932,1770
1,12,star_sign,ema_lr5e-2,0.05,0.0001,2.8818,0.04576,1770
1,12,star_sign,ema_lr1e-2_wd1e-3,0.01,0.001,3.01368,0.03107,1770
1,12,star_sign,ema_d0.99,0.01,0.0001,2.88244,0.02881,1770
1,12,star_sign,ema_d0.9999,0.01,0.0001,2.79149,0.07345,1770
1,12,star_sign,mlp_h16,0.001,0.0,2.19087,0.51695,1770
1,12,star_sign,mlp_h32,0.001,0.0,2.26099,0.00169,1770
1,12,star_sign,mlp_h64,0.001,0.0,2.44154,0.00169,1770
1,12,star_sign,mlp_h128,0.001,0.0,2.11252,0.73785,1770
1,12,star_sign,attention,0.0001,1e-05,618.70892,0.0,1770
1,12,star_sign,shuffled,0.01,0.0001,2.84891,0.3452,1770
1,16,age_bin,ema_lr1e-3,0.001,0.0001,1.32924,0.36215,1770
1,16,age_bin,ema_lr5e-3,0.005,0.0001,1.23313,0.33729,1770
1,16,age_bin,ema_lr1e-2,0.01,0.0001,1.31527,0.33729,1770
1,16,age_bin,ema_lr5e-2,0.05,0.0001,3.89095,0.36554,1770
1,16,age_bin,ema_lr1e-2_wd1e-3,0.01,0.001,1.29228,0.32768,1770
1,16,age_bin,ema_d0.99,0.01,0.0001,1.33638,0.32542,1770
1,16,age_bin,ema_d0.9999,0.01,0.0001,1.25014,0.32881,1770
1,16,age_bin,mlp_h16,0.001,0.0,1.2797,0.36667,1770
1,16,age_bin,mlp_h32,0.001,0.0,1.27425,0.3661,1770
1,16,age_bin,mlp_h64,0.001,0.0,1.41807,0.36667,1770
1,16,age_bin,mlp_h128,0.001,0.0,1.59819,0.35876,1770
1,16,age_bin,attention,0.0001,1e-05,1.3173,0.375,1770
1,16,age_bin,shuffled,0.01,0.0001,1.34781,0.33333,1770
1,16,gender,ema_lr1e-3,0.001,0.0001,0.81854,0.49605,1770
1,16,gender,ema_lr5e-3,0.005,0.0001,0.76387,0.5209,1770
1,16,gender,ema_lr1e-2,0.01,0.0001,0.92219,0.51243,1770
1,16,gender,ema_lr5e-2,0.05,0.0001,3.7619,0.54463,1770
1,16,gender,ema_lr1e-2_wd1e-3,0.01,0.001,0.90807,0.49322,1770
1,16,gender,ema_d0.99,0.01,0.0001,0.86317,0.51412,1770
1,16,gender,ema_d0.9999,0.01,0.0001,0.85366,0.49774,1770
1,16,gender,mlp_h16,0.001,0.0,0.72497,0.54407,1770
1,16,gender,mlp_h32,0.001,0.0,0.80772,0.54237,1770
1,16,gender,mlp_h64,0.001,0.0,1.02095,0.54463,1770
1,16,gender,mlp_h128,0.001,0.0,1.28756,0.45537,1770
1,16,gender,attention,0.0001,1e-05,422.37515,0.49219,1770
1,16,gender,shuffled,0.01,0.0001,0.94071,0.48644,1770
1,16,star_sign,ema_lr1e-3,0.001,0.0001,3.00104,0.07684,1770
1,16,star_sign,ema_lr5e-3,0.005,0.0001,3.02354,0.16554,1770
1,16,star_sign,ema_lr1e-2,0.01,0.0001,2.98415,0.02655,1770
1,16,star_sign,ema_lr5e-2,0.05,0.0001,3.11556,0.00791,1770
1,16,star_sign,ema_lr1e-2_wd1e-3,0.01,0.001,2.77666,0.07966,1770
1,16,star_sign,ema_d0.99,0.01,0.0001,2.87151,0.0226,1770
1,16,star_sign,ema_d0.9999,0.01,0.0001,2.86575,0.1113,1770
1,16,star_sign,mlp_h16,0.001,0.0,2.17056,0.08305,1770
1,16,star_sign,mlp_h32,0.001,0.0,2.19912,0.3,1770
1,16,star_sign,mlp_h64,0.001,0.0,2.00193,0.98701,1770
1,16,star_sign,mlp_h128,0.001,0.0,2.04251,0.64463,1770
1,16,star_sign,attention,0.0001,1e-05,832.0993,0.0,1770
1,16,star_sign,shuffled,0.01,0.0001,2.81114,0.0322,1770
1,20,age_bin,ema_lr1e-3,0.001,0.0001,1.42867,0.30678,1770
1,20,age_bin,ema_lr5e-3,0.005,0.0001,1.2671,0.34124,1770
1,20,age_bin,ema_lr1e-2,0.01,0.0001,1.28214,0.36158,1770
1,20,age_bin,ema_lr5e-2,0.05,0.0001,2.54926,0.29322,1770
1,20,age_bin,ema_lr1e-2_wd1e-3,0.01,0.001,1.30073,0.3322,1770
1,20,age_bin,ema_d0.99,0.01,0.0001,1.27287,0.33842,1770
1,20,age_bin,ema_d0.9999,0.01,0.0001,1.29905,0.33672,1770
1,20,age_bin,mlp_h16,0.001,0.0,1.10611,0.36158,1770
1,20,age_bin,mlp_h32,0.001,0.0,1.31266,0.36667,1770
1,20,age_bin,mlp_h64,0.001,0.0,1.31639,0.35593,1770
1,20,age_bin,mlp_h128,0.001,0.0,1.2549,0.3435,1770
1,20,age_bin,attention,0.0001,1e-05,216.31552,0.42188,1770
1,20,age_bin,shuffled,0.01,0.0001,1.37043,0.34011,1770
1,20,gender,ema_lr1e-3,0.001,0.0001,0.90936,0.50113,1770
1,20,gender,ema_lr5e-3,0.005,0.0001,0.85171,0.46271,1770
1,20,gender,ema_lr1e-2,0.01,0.0001,0.85277,0.51017,1770
1,20,gender,ema_lr5e-2,0.05,0.0001,2.30013,0.54463,1770
1,20,gender,ema_lr1e-2_wd1e-3,0.01,0.001,0.9677,0.50113,1770
1,20,gender,ema_d0.99,0.01,0.0001,0.97993,0.48814,1770
1,20,gender,ema_d0.9999,0.01,0.0001,0.84907,0.54407,1770
1,20,gender,mlp_h16,0.001,0.0,0.76301,0.54294,1770
1,20,gender,mlp_h32,0.001,0.0,0.90213,0.46102,1770
1,20,gender,mlp_h64,0.001,0.0,0.75121,0.54294,1770
1,20,gender,mlp_h128,0.001,0.0,0.95683,0.47345,1770
1,20,gender,attention,0.0001,1e-05,415.18646,0.49219,1770
1,20,gender,shuffled,0.01,0.0001,1.01821,0.51356,1770
1,20,star_sign,ema_lr1e-3,0.001,0.0001,3.14017,0.02486,1770
1,20,star_sign,ema_lr5e-3,0.005,0.0001,2.91843,0.07345,1770
1,20,star_sign,ema_lr1e-2,0.01,0.0001,2.85887,0.05932,1770
1,20,star_sign,ema_lr5e-2,0.05,0.0001,2.96027,0.04802,1770
1,20,star_sign,ema_lr1e-2_wd1e-3,0.01,0.001,2.80797,0.09492,1770
1,20,star_sign,ema_d0.99,0.01,0.0001,2.83758,0.07288,1770
1,20,star_sign,ema_d0.9999,0.01,0.0001,2.9169,0.03898,1770
1,20,star_sign,mlp_h16,0.001,0.0,2.30257,0.26384,1770
1,20,star_sign,mlp_h32,0.001,0.0,2.32422,0.11186,1770
1,20,star_sign,mlp_h64,0.001,0.0,2.17682,0.42429,1770
1,20,star_sign,mlp_h128,0.001,0.0,2.09286,0.27627,1770
1,20,star_sign,attention,0.0001,1e-05,1.93536,0.17188,1770
1,20,star_sign,shuffled,0.01,0.0001,2.92487,0.04181,1770
1,24,age_bin,ema_lr1e-3,0.001,0.0001,1.49313,0.34859,1770
1,24,age_bin,ema_lr5e-3,0.005,0.0001,1.40401,0.33107,1770
1,24,age_bin,ema_lr1e-2,0.01,0.0001,1.39303,0.33051,1770
1,24,age_bin,ema_lr5e-2,0.05,0.0001,2.37642,0.29605,1770
1,24,age_bin,ema_lr1e-2_wd1e-3,0.01,0.001,1.40131,0.34463,1770
1,24,age_bin,ema_d0.99,0.01,0.0001,1.34688,0.34124,1770
1,24,age_bin,ema_d0.9999,0.01,0.0001,1.44205,0.32147,1770
1,24,age_bin,mlp_h16,0.001,0.0,1.16576,0.34746,1770
1,24,age_bin,mlp_h32,0.001,0.0,1.16234,0.35876,1770
1,24,age_bin,mlp_h64,0.001,0.0,1.23786,0.35311,1770
1,24,age_bin,mlp_h128,0.001,0.0,1.22179,0.29435,1770
1,24,age_bin,attention,0.0001,1e-05,234.2588,0.34375,1770
1,24,age_bin,shuffled,0.01,0.0001,1.52875,0.33785,1770
1,24,gender,ema_lr1e-3,0.001,0.0001,0.88463,0.53616,1770
1,24,gender,ema_lr5e-3,0.005,0.0001,0.92666,0.49435,1770
1,24,gender,ema_lr1e-2,0.01,0.0001,0.90359,0.50565,1770
1,24,gender,ema_lr5e-2,0.05,0.0001,2.84561,0.45932,1770
1,24,gender,ema_lr1e-2_wd1e-3,0.01,0.001,0.93143,0.51751,1770
1,24,gender,ema_d0.99,0.01,0.0001,0.86412,0.5096,1770
1,24,gender,ema_d0.9999,0.01,0.0001,0.91709,0.48814,1770
1,24,gender,mlp_h16,0.001,0.0,0.7042,0.54407,1770
1,24,gender,mlp_h32,0.001,0.0,0.82947,0.53955,1770
1,24,gender,mlp_h64,0.001,0.0,0.80328,0.5452,1770
1,24,gender,mlp_h128,0.001,0.0,1.00685,0.45932,1770
1,24,gender,attention,0.0001,1e-05,134.63551,0.50781,1770
1,24,gender,shuffled,0.01,0.0001,0.95343,0.49492,1770
1,24,star_sign,ema_lr1e-3,0.001,0.0001,3.14734,0.08757,1770
1,24,star_sign,ema_lr5e-3,0.005,0.0001,3.00191,0.06102,1770
1,24,star_sign,ema_lr1e-2,0.01,0.0001,3.06438,0.06384,1770
1,24,star_sign,ema_lr5e-2,0.05,0.0001,3.27628,0.02994,1770
1,24,star_sign,ema_lr1e-2_wd1e-3,0.01,0.001,3.0026,0.06384,1770
1,24,star_sign,ema_d0.99,0.01,0.0001,3.03179,0.10339,1770
1,24,star_sign,ema_d0.9999,0.01,0.0001,3.05299,0.08305,1770
1,24,star_sign,mlp_h16,0.001,0.0,2.01022,0.77345,1770
1,24,star_sign,mlp_h32,0.001,0.0,2.39874,0.04576,1770
1,24,star_sign,mlp_h64,0.001,0.0,2.07393,0.6209,1770
1,24,star_sign,mlp_h128,0.001,0.0,1.85607,0.82147,1770
1,24,star_sign,attention,0.0001,1e-05,0.25776,0.92969,1770
1,24,star_sign,shuffled,0.01,0.0001,3.0096,0.06215,1770
1,28,age_bin,ema_lr1e-3,0.001,0.0001,1.57842,0.34294,1770
1,28,age_bin,ema_lr5e-3,0.005,0.0001,1.65476,0.32599,1770
1,28,age_bin,ema_lr1e-2,0.01,0.0001,1.59793,0.32881,1770
1,28,age_bin,ema_lr5e-2,0.05,0.0001,1.51706,0.34915,1770
1,28,age_bin,ema_lr1e-2_wd1e-3,0.01,0.001,1.60601,0.34237,1770
1,28,age_bin,ema_d0.99,0.01,0.0001,1.60626,0.33051,1770
1,28,age_bin,ema_d0.9999,0.01,0.0001,1.52733,0.34237,1770
1,28,age_bin,mlp_h16,0.001,0.0,1.10636,0.36158,1770
1,28,age_bin,mlp_h32,0.001,0.0,1.09935,0.35706,1770
1,28,age_bin,mlp_h64,0.001,0.0,1.10293,0.36497,1770
1,28,age_bin,mlp_h128,0.001,0.0,1.10207,0.37288,1770
1,28,age_bin,attention,0.0001,1e-05,2.71644,0.375,1770
1,28,age_bin,shuffled,0.01,0.0001,1.6026,0.32994,1770
1,28,gender,ema_lr1e-3,0.001,0.0001,1.0809,0.49153,1770
1,28,gender,ema_lr5e-3,0.005,0.0001,1.02544,0.48927,1770
1,28,gender,ema_lr1e-2,0.01,0.0001,1.05527,0.49774,1770
1,28,gender,ema_lr5e-2,0.05,0.0001,1.00065,0.49435,1770
1,28,gender,ema_lr1e-2_wd1e-3,0.01,0.001,1.06954,0.51751,1770
1,28,gender,ema_d0.99,0.01,0.0001,0.98811,0.49718,1770
1,28,gender,ema_d0.9999,0.01,0.0001,1.05181,0.50226,1770
1,28,gender,mlp_h16,0.001,0.0,0.69383,0.54237,1770
1,28,gender,mlp_h32,0.001,0.0,0.69865,0.53898,1770
1,28,gender,mlp_h64,0.001,0.0,0.69832,0.52655,1770
1,28,gender,mlp_h128,0.001,0.0,0.70056,0.51921,1770
1,28,gender,attention,0.0001,1e-05,3.6378,0.47656,1770
1,28,gender,shuffled,0.01,0.0001,1.03117,0.51582,1770
1,28,star_sign,ema_lr1e-3,0.001,0.0001,3.31214,0.09379,1770
1,28,star_sign,ema_lr5e-3,0.005,0.0001,3.33388,0.06949,1770
1,28,star_sign,ema_lr1e-2,0.01,0.0001,3.24493,0.07853,1770
1,28,star_sign,ema_lr5e-2,0.05,0.0001,3.23911,0.08418,1770
1,28,star_sign,ema_lr1e-2_wd1e-3,0.01,0.001,3.29743,0.07684,1770
1,28,star_sign,ema_d0.99,0.01,0.0001,3.3085,0.06893,1770
1,28,star_sign,ema_d0.9999,0.01,0.0001,3.33186,0.10565,1770
1,28,star_sign,mlp_h16,0.001,0.0,2.6415,0.00734,1770
1,28,star_sign,mlp_h32,0.001,0.0,2.30109,0.24972,1770
1,28,star_sign,mlp_h64,0.001,0.0,2.40405,0.18701,1770
1,28,star_sign,mlp_h128,0.001,0.0,2.27731,0.34802,1770
1,28,star_sign,attention,0.0001,1e-05,0.60288,0.78125,1770
1,28,star_sign,shuffled,0.01,0.0001,3.29388,0.06949,1770
2,0,age_bin,ema_lr1e-3,0.001,0.0001,1.57673,0.3483,2027
2,0,age_bin,ema_lr5e-3,0.005,0.0001,1.5269,0.33942,2027
2,0,age_bin,ema_lr1e-2,0.01,0.0001,1.54209,0.33794,2027
2,0,age_bin,ema_lr5e-2,0.05,0.0001,1.51227,0.32856,2027
2,0,age_bin,ema_lr1e-2_wd1e-3,0.01,0.001,1.54196,0.33596,2027
2,0,age_bin,ema_d0.99,0.01,0.0001,1.51312,0.33843,2027
2,0,age_bin,ema_d0.9999,0.01,0.0001,1.57447,0.35027,2027
2,0,age_bin,mlp_h16,0.001,0.0,1.06078,0.46374,2027
2,0,age_bin,mlp_h32,0.001,0.0,1.10484,0.35076,2027
2,0,age_bin,mlp_h64,0.001,0.0,1.07961,0.42082,2027
2,0,age_bin,mlp_h128,0.001,0.0,1.07796,0.41293,2027
2,0,age_bin,attention,0.0001,1e-05,1.0969,0.44531,2027
2,0,age_bin,shuffled,0.01,0.0001,1.59754,0.32511,2027
2,0,gender,ema_lr1e-3,0.001,0.0001,1.25675,0.47854,2027
2,0,gender,ema_lr5e-3,0.005,0.0001,1.00731,0.51455,2027
2,0,gender,ema_lr1e-2,0.01,0.0001,1.00997,0.50123,2027
2,0,gender,ema_lr5e-2,0.05,0.0001,0.91595,0.51751,2027
2,0,gender,ema_lr1e-2_wd1e-3,0.01,0.001,0.97684,0.51505,2027
2,0,gender,ema_d0.99,0.01,0.0001,0.96825,0.50567,2027
2,0,gender,ema_d0.9999,0.01,0.0001,0.97122,0.49679,2027
2,0,gender,mlp_h16,0.001,0.0,0.70493,0.4667,2027
2,0,gender,mlp_h32,0.001,0.0,0.71693,0.48742,2027
2,0,gender,mlp_h64,0.001,0.0,0.71277,0.48249,2027
2,0,gender,mlp_h128,0.001,0.0,0.71794,0.50913,2027
2,0,gender,attention,0.0001,1e-05,0.6925,0.58594,2027
2,0,gender,shuffled,0.01,0.0001,1.02925,0.48002,2027
2,0,star_sign,ema_lr1e-3,0.001,0.0001,3.22666,0.08041,2027
2,0,star_sign,ema_lr5e-3,0.005,0.0001,3.32776,0.11988,2027
2,0,star_sign,ema_lr1e-2,0.01,0.0001,3.22169,0.0666,2027
2,0,star_sign,ema_lr5e-2,0.05,0.0001,3.12365,0.07005,2027
2,0,star_sign,ema_lr1e-2_wd1e-3,0.01,0.001,3.26443,0.07203,2027
2,0,star_sign,ema_d0.99,0.01,0.0001,3.15844,0.13715,2027
2,0,star_sign,ema_d0.9999,0.01,0.0001,3.16739,0.09521,2027
2,0,star_sign,mlp_h16,0.001,0.0,2.34484,0.17366,2027
2,0,star_sign,mlp_h32,0.001,0.0,1.8169,0.91712,2027
2,0,star_sign,mlp_h64,0.001,0.0,1.92981,0.7336,2027
2,0,star_sign,mlp_h128,0.001,0.0,2.09535,0.46522,2027
2,0,star_sign,attention,0.0001,1e-05,2.47553,0.50781,2027
2,0,star_sign,shuffled,0.01,0.0001,3.17775,0.05772,2027
2,4,age_bin,ema_lr1e-3,0.001,0.0001,1.36744,0.27035,2027
2,4,age_bin,ema_lr5e-3,0.005,0.0001,1.19584,0.33843,2027
2,4,age_bin,ema_lr1e-2,0.01,0.0001,1.36525,0.27528,2027
2,4,age_bin,ema_lr5e-2,0.05,0.0001,4.21416,0.31672,2027
2,4,age_bin,ema_lr1e-2_wd1e-3,0.01,0.001,1.30826,0.31426,2027
2,4,age_bin,ema_d0.99,0.01,0.0001,1.33687,0.32215,2027
2,4,age_bin,ema_d0.9999,0.01,0.0001,1.21408,0.3552,2027
2,4,age_bin,mlp_h16,0.001,0.0,1.1763,0.29304,2027
2,4,age_bin,mlp_h32,0.001,0.0,1.19091,0.42625,2027
2,4,age_bin,mlp_h64,0.001,0.0,1.34704,0.29798,2027
2,4,age_bin,mlp_h128,0.001,0.0,1.21938,0.47657,2027
2,4,age_bin,attention,0.0001,1e-05,1.14494,0.375,2027
2,4,age_bin,shuffled,0.01,0.0001,1.25781,0.35274,2027
2,4,gender,ema_lr1e-3,0.001,0.0001,0.74543,0.53873,2027
2,4,gender,ema_lr5e-3,0.005,0.0001,0.74712,0.52935,2027
2,4,gender,ema_lr1e-2,0.01,0.0001,1.04882,0.44943,2027
2,4,gender,ema_lr5e-2,0.05,0.0001,5.45123,0.44154,2027
2,4,gender,ema_lr1e-2_wd1e-3,0.01,0.001,1.05478,0.46522,2027
2,4,gender,ema_d0.99,0.01,0.0001,0.80289,0.51455,2027
2,4,gender,ema_d0.9999,0.01,0.0001,0.96928,0.48101,2027
2,4,gender,mlp_h16,0.001,0.0,0.7125,0.54317,2027
2,4,gender,mlp_h32,0.001,0.0,0.69731,0.55501,2027
2,4,gender,mlp_h64,0.001,0.0,0.78177,0.55599,2027
2,4,gender,mlp_h128,0.001,0.0,0.77674,0.44351,2027
2,4,gender,attention,0.0001,1e-05,0.75416,0.42969,2027
2,4,gender,shuffled,0.01,0.0001,0.83909,0.48939,2027
2,4,star_sign,ema_lr1e-3,0.001,0.0001,2.93946,0.05427,2027
2,4,star_sign,ema_lr5e-3,0.005,0.0001,2.79696,0.17119,2027
2,4,star_sign,ema_lr1e-2,0.01,0.0001,2.72508,0.0518,2027
2,4,star_sign,ema_lr5e-2,0.05,0.0001,2.79034,0.04095,2027
2,4,star_sign,ema_lr1e-2_wd1e-3,0.01,0.001,2.8098,0.03651,2027
2,4,star_sign,ema_d0.99,0.01,0.0001,2.67317,0.0814,2027
2,4,star_sign,ema_d0.9999,0.01,0.0001,2.79553,0.03799,2027
2,4,star_sign,mlp_h16,0.001,0.0,2.14555,0.40503,2027
2,4,star_sign,mlp_h32,0.001,0.0,1.56197,1.0,2027
2,4,star_sign,mlp_h64,0.001,0.0,1.95346,0.08929,2027
2,4,star_sign,mlp_h128,0.001,0.0,1.50966,1.0,2027
2,4,star_sign,attention,0.0001,1e-05,2.47572,0.00781,2027
2,4,star_sign,shuffled,0.01,0.0001,2.69052,0.07449,2027
2,8,age_bin,ema_lr1e-3,0.001,0.0001,1.2858,0.30488,2027
2,8,age_bin,ema_lr5e-3,0.005,0.0001,1.26737,0.33892,2027
2,8,age_bin,ema_lr1e-2,0.01,0.0001,1.22582,0.34139,2027
2,8,age_bin,ema_lr5e-2,0.05,0.0001,3.44935,0.47657,2027
2,8,age_bin,ema_lr1e-2_wd1e-3,0.01,0.001,1.25905,0.31278,2027
2,8,age_bin,ema_d0.99,0.01,0.0001,1.20254,0.36606,2027
2,8,age_bin,ema_d0.9999,0.01,0.0001,1.25506,0.31327,2027
2,8,age_bin,mlp_h16,0.001,0.0,1.12349,0.43019,2027
2,8,age_bin,mlp_h32,0.001,0.0,1.11478,0.47163,2027
2,8,age_bin,mlp_h64,0.001,0.0,1.07993,0.46029,2027
2,8,age_bin,mlp_h128,0.001,0.0,1.3371,0.24766,2027
2,8,age_bin,attention,0.0001,1e-05,1.15135,0.48438,2027
2,8,age_bin,shuffled,0.01,0.0001,1.2834,0.31574,2027
2,8,gender,ema_lr1e-3,0.001,0.0001,0.78202,0.50962,2027
2,8,gender,ema_lr5e-3,0.005,0.0001,0.78802,0.49778,2027
2,8,gender,ema_lr1e-2,0.01,0.0001,0.91088,0.50567,2027
2,8,gender,ema_lr5e-2,0.05,0.0001,3.4143,0.55846,2027
2,8,gender,ema_lr1e-2_wd1e-3,0.01,0.001,0.81598,0.50715,2027
2,8,gender,ema_d0.99,0.01,0.0001,0.87584,0.50863,2027
2,8,gender,ema_d0.9999,0.01,0.0001,0.79823,0.49827,2027
2,8,gender,mlp_h16,0.001,0.0,0.73332,0.44499,2027
2,8,gender,mlp_h32,0.001,0.0,0.74132,0.44302,2027
2,8,gender,mlp_h64,0.001,0.0,0.7652,0.54662,2027
2,8,gender,mlp_h128,0.001,0.0,0.77628,0.52541,2027
2,8,gender,attention,0.0001,1e-05,0.7398,0.49219,2027
2,8,gender,shuffled,0.01,0.0001,0.78038,0.52491,2027
2,8,star_sign,ema_lr1e-3,0.001,0.0001,2.8512,0.10163,2027
2,8,star_sign,ema_lr5e-3,0.005,0.0001,2.71865,0.18254,2027
2,8,star_sign,ema_lr1e-2,0.01,0.0001,2.66729,0.08633,2027
2,8,star_sign,ema_lr5e-2,0.05,0.0001,2.7303,0.10952,2027
2,8,star_sign,ema_lr1e-2_wd1e-3,0.01,0.001,2.67358,0.11445,2027
2,8,star_sign,ema_d0.99,0.01,0.0001,2.72625,0.06019,2027
2,8,star_sign,ema_d0.9999,0.01,0.0001,2.66117,0.10557,2027
2,8,star_sign,mlp_h16,0.001,0.0,2.38462,0.06315,2027
2,8,star_sign,mlp_h32,0.001,0.0,2.33649,0.06315,2027
2,8,star_sign,mlp_h64,0.001,0.0,1.72594,1.0,2027
2,8,star_sign,mlp_h128,0.001,0.0,1.46708,1.0,2027
2,8,star_sign,attention,0.0001,1e-05,228.94084,0.0,2027
2,8,star_sign,shuffled,0.01,0.0001,2.71332,0.05821,2027
2,12,age_bin,ema_lr1e-3,0.001,0.0001,1.37502,0.36556,2027
2,12,age_bin,ema_lr5e-3,0.005,0.0001,1.2452,0.33942,2027
2,12,age_bin,ema_lr1e-2,0.01,0.0001,1.28248,0.3552,2027
2,12,age_bin,ema_lr5e-2,0.05,0.0001,2.21814,0.46571,2027
2,12,age_bin,ema_lr1e-2_wd1e-3,0.01,0.001,1.26447,0.32363,2027
2,12,age_bin,ema_d0.99,0.01,0.0001,1.25278,0.32116,2027
2,12,age_bin,ema_d0.9999,0.01,0.0001,1.24831,0.36803,2027
2,12,age_bin,mlp_h16,0.001,0.0,1.07868,0.47311,2027
2,12,age_bin,mlp_h32,0.001,0.0,1.24302,0.27775,2027
2,12,age_bin,mlp_h64,0.001,0.0,1.18676,0.22398,2027
2,12,age_bin,mlp_h128,0.001,0.0,1.42888,0.47657,2027
2,12,age_bin,attention,0.0001,1e-05,344.23318,0.20312,2027
2,12,age_bin,shuffled,0.01,0.0001,1.23348,0.3404,2027
2,12,gender,ema_lr1e-3,0.001,0.0001,0.80722,0.54662,2027
2,12,gender,ema_lr5e-3,0.005,0.0001,0.83314,0.45042,2027
2,12,gender,ema_lr1e-2,0.01,0.0001,0.76844,0.51801,2027
2,12,gender,ema_lr5e-2,0.05,0.0001,2.99792,0.55846,2027
2,12,gender,ema_lr1e-2_wd1e-3,0.01,0.001,0.94799,0.46078,2027
2,12,gender,ema_d0.99,0.01,0.0001,1.00223,0.50074,2027
2,12,gender,ema_d0.9999,0.01,0.0001,0.89063,0.50123,2027
2,12,gender,mlp_h16,0.001,0.0,0.71684,0.46127,2027
2,12,gender,mlp_h32,0.001,0.0,0.70219,0.56191,2027
2,12,gender,mlp_h64,0.001,0.0,0.71974,0.45782,2027
2,12,gender,mlp_h128,0.001,0.0,0.82072,0.55155,2027
2,12,gender,attention,0.0001,1e-05,0.79658,0.45312,2027
2,12,gender,shuffled,0.01,0.0001,0.81147,0.49285,2027
2,12,star_sign,ema_lr1e-3,0.001,0.0001,2.90004,0.0592,2027
2,12,star_sign,ema_lr5e-3,0.005,0.0001,2.71805,0.07449,2027
2,12,star_sign,ema_lr1e-2,0.01,0.0001,2.75454,0.13962,2027
2,12,star_sign,ema_lr5e-2,0.05,0.0001,2.69674,0.16527,2027
2,12,star_sign,ema_lr1e-2_wd1e-3,0.01,0.001,2.84024,0.03897,2027
2,12,star_sign,ema_d0.99,0.01,0.0001,2.76899,0.02615,2027
2,12,star_sign,ema_d0.9999,0.01,0.0001,2.66847,0.09275,2027
2,12,star_sign,mlp_h16,0.001,0.0,2.01529,0.7188,2027
2,12,star_sign,mlp_h32,0.001,0.0,2.03453,0.0666,2027
2,12,star_sign,mlp_h64,0.001,0.0,1.89557,0.12827,2027
2,12,star_sign,mlp_h128,0.001,0.0,1.62663,0.99901,2027
2,12,star_sign,attention,0.0001,1e-05,553.65735,0.0,2027
2,12,star_sign,shuffled,0.01,0.0001,2.66055,0.30242,2027
2,16,age_bin,ema_lr1e-3,0.001,0.0001,1.26716,0.36754,2027
2,16,age_bin,ema_lr5e-3,0.005,0.0001,1.22022,0.3404,2027
2,16,age_bin,ema_lr1e-2,0.01,0.0001,1.27279,0.35076,2027
2,16,age_bin,ema_lr5e-2,0.05,0.0001,3.33405,0.31672,2027
2,16,age_bin,ema_lr1e-2_wd1e-3,0.01,0.001,1.25979,0.3483,2027
2,16,age_bin,ema_d0.99,0.01,0.0001,1.26557,0.33794,2027
2,16,age_bin,ema_d0.9999,0.01,0.0001,1.27096,0.31278,2027
2,16,age_bin,mlp_h16,0.001,0.0,1.09436,0.4741,2027
2,16,age_bin,mlp_h32,0.001,0.0,1.21435,0.46867,2027
2,16,age_bin,mlp_h64,0.001,0.0,1.13023,0.47657,2027
2,16,age_bin,mlp_h128,0.001,0.0,1.39987,0.47657,2027
2,16,age_bin,attention,0.0001,1e-05,1.27146,0.35938,2027
2,16,age_bin,shuffled,0.01,0.0001,1.25911,0.32659,2027
2,16,gender,ema_lr1e-3,0.001,0.0001,0.79171,0.51307,2027
2,16,gender,ema_lr5e-3,0.005,0.0001,0.78332,0.50617,2027
2,16,gender,ema_lr1e-2,0.01,0.0001,1.11002,0.44845,2027
2,16,gender,ema_lr5e-2,0.05,0.0001,2.62149,0.55846,2027
2,16,gender,ema_lr1e-2_wd1e-3,0.01,0.001,1.0316,0.43611,2027
2,16,gender,ema_d0.99,0.01,0.0001,0.85584,0.51949,2027
2,16,gender,ema_d0.9999,0.01,0.0001,0.88142,0.48397,2027
2,16,gender,mlp_h16,0.001,0.0,0.7957,0.44154,2027
2,16,gender,mlp_h32,0.001,0.0,0.75783,0.44105,2027
2,16,gender,mlp_h64,0.001,0.0,0.77157,0.44943,2027
2,16,gender,mlp_h128,0.001,0.0,0.83958,0.54859,2027
2,16,gender,attention,0.0001,1e-05,358.1424,0.53125,2027
2,16,gender,shuffled,0.01,0.0001,0.91679,0.53429,2027
2,16,star_sign,ema_lr1e-3,0.001,0.0001,2.93472,0.06956,2027
2,16,star_sign,ema_lr5e-3,0.005,0.0001,2.86043,0.15787,2027
2,16,star_sign,ema_lr1e-2,0.01,0.0001,2.8437,0.03601,2027
2,16,star_sign,ema_lr5e-2,0.05,0.0001,2.77536,0.05427,2027
2,16,star_sign,ema_lr1e-2_wd1e-3,0.01,0.001,2.72177,0.06611,2027
2,16,star_sign,ema_d0.99,0.01,0.0001,2.77904,0.03355,2027
2,16,star_sign,ema_d0.9999,0.01,0.0001,2.73419,0.09176,2027
2,16,star_sign,mlp_h16,0.001,0.0,1.93407,0.3853,2027
2,16,star_sign,mlp_h32,0.001,0.0,1.93111,0.88456,2027
2,16,star_sign,mlp_h64,0.001,0.0,1.61279,1.0,2027
2,16,star_sign,mlp_h128,0.001,0.0,1.50842,1.0,2027
2,16,star_sign,attention,0.0001,1e-05,765.11914,0.0,2027
2,16,star_sign,shuffled,0.01,0.0001,2.77277,0.05476,2027
2,20,age_bin,ema_lr1e-3,0.001,0.0001,1.38011,0.31672,2027
2,20,age_bin,ema_lr5e-3,0.005,0.0001,1.30497,0.3187,2027
2,20,age_bin,ema_lr1e-2,0.01,0.0001,1.36861,0.31672,2027
2,20,age_bin,ema_lr5e-2,0.05,0.0001,2.99644,0.47114,2027
2,20,age_bin,ema_lr1e-2_wd1e-3,0.01,0.001,1.2837,0.36754,2027
2,20,age_bin,ema_d0.99,0.01,0.0001,1.25023,0.35175,2027
2,20,age_bin,ema_d0.9999,0.01,0.0001,1.26125,0.37691,2027
2,20,age_bin,mlp_h16,0.001,0.0,1.12904,0.46374,2027
2,20,age_bin,mlp_h32,0.001,0.0,1.15666,0.46867,2027
2,20,age_bin,mlp_h64,0.001,0.0,1.17927,0.32314,2027
2,20,age_bin,mlp_h128,0.001,0.0,1.22102,0.33498,2027
2,20,age_bin,attention,0.0001,1e-05,167.99808,0.46875,2027
2,20,age_bin,shuffled,0.01,0.0001,1.34089,0.32116,2027
2,20,gender,ema_lr1e-3,0.001,0.0001,0.8921,0.48841,2027
2,20,gender,ema_lr5e-3,0.005,0.0001,0.80768,0.51061,2027
2,20,gender,ema_lr1e-2,0.01,0.0001,0.87699,0.50863,2027
2,20,gender,ema_lr5e-2,0.05,0.0001,3.02888,0.55846,2027
2,20,gender,ema_lr1e-2_wd1e-3,0.01,0.001,0.88282,0.51406,2027
2,20,gender,ema_d0.99,0.01,0.0001,0.87334,0.53478,2027
2,20,gender,ema_d0.9999,0.01,0.0001,0.89408,0.46966,2027
2,20,gender,mlp_h16,0.001,0.0,0.7338,0.44401,2027
2,20,gender,mlp_h32,0.001,0.0,0.72499,0.44351,2027
2,20,gender,mlp_h64,0.001,0.0,0.74155,0.47755,2027
2,20,gender,mlp_h128,0.001,0.0,0.76308,0.44006,2027
2,20,gender,attention,0.0001,1e-05,351.27191,0.53125,2027
2,20,gender,shuffled,0.01,0.0001,0.92552,0.50173,2027
2,20,star_sign,ema_lr1e-3,0.001,0.0001,3.12862,0.02417,2027
2,20,star_sign,ema_lr5e-3,0.005,0.0001,2.83098,0.0666,2027
2,20,star_sign,ema_lr1e-2,0.01,0.0001,2.82454,0.06117,2027
2,20,star_sign,ema_lr5e-2,0.05,0.0001,2.73762,0.24371,2027
2,20,star_sign,ema_lr1e-2_wd1e-3,0.01,0.001,2.73731,0.09521,2027
2,20,star_sign,ema_d0.99,0.01,0.0001,2.77326,0.05821,2027
2,20,star_sign,ema_d0.9999,0.01,0.0001,2.82522,0.07055,2027
2,20,star_sign,mlp_h16,0.001,0.0,2.13718,0.58954,2027
2,20,star_sign,mlp_h32,0.001,0.0,1.94318,0.85644,2027
2,20,star_sign,mlp_h64,0.001,0.0,1.67282,0.97977,2027
2,20,star_sign,mlp_h128,0.001,0.0,1.64107,0.99408,2027
2,20,star_sign,attention,0.0001,1e-05,1.35291,0.49219,2027
2,20,star_sign,shuffled,0.01,0.0001,2.78158,0.08091,2027
2,24,age_bin,ema_lr1e-3,0.001,0.0001,1.46852,0.34336,2027
2,24,age_bin,ema_lr5e-3,0.005,0.0001,1.34226,0.3409,2027
2,24,age_bin,ema_lr1e-2,0.01,0.0001,1.32687,0.36408,2027
2,24,age_bin,ema_lr5e-2,0.05,0.0001,2.68693,0.30932,2027
2,24,age_bin,ema_lr1e-2_wd1e-3,0.01,0.001,1.33882,0.35471,2027
2,24,age_bin,ema_d0.99,0.01,0.0001,1.43883,0.30735,2027
2,24,age_bin,ema_d0.9999,0.01,0.0001,1.36473,0.3335,2027
2,24,age_bin,mlp_h16,0.001,0.0,1.09943,0.44845,2027
2,24,age_bin,mlp_h32,0.001,0.0,1.17686,0.39911,2027
2,24,age_bin,mlp_h64,0.001,0.0,1.17835,0.3034,2027
2,24,age_bin,mlp_h128,0.001,0.0,1.29979,0.27972,2027
2,24,age_bin,attention,0.0001,1e-05,191.77304,0.32812,2027
2,24,age_bin,shuffled,0.01,0.0001,1.41285,0.35224,2027
2,24,gender,ema_lr1e-3,0.001,0.0001,0.92428,0.49482,2027
2,24,gender,ema_lr5e-3,0.005,0.0001,0.91219,0.49087,2027
2,24,gender,ema_lr1e-2,0.01,0.0001,0.92721,0.50567,2027
2,24,gender,ema_lr5e-2,0.05,0.0001,2.79462,0.44351,2027
2,24,gender,ema_lr1e-2_wd1e-3,0.01,0.001,0.90794,0.49827,2027
2,24,gender,ema_d0.99,0.01,0.0001,0.92423,0.48249,2027
2,24,gender,ema_d0.9999,0.01,0.0001,0.93381,0.49087,2027
2,24,gender,mlp_h16,0.001,0.0,0.7393,0.45387,2027
2,24,gender,mlp_h32,0.001,0.0,0.72616,0.4445,2027
2,24,gender,mlp_h64,0.001,0.0,0.75249,0.4445,2027
2,24,gender,mlp_h128,0.001,0.0,0.72918,0.52787,2027
2,24,gender,attention,0.0001,1e-05,112.71709,0.46875,2027
2,24,gender,shuffled,0.01,0.0001,0.97016,0.48101,2027
2,24,star_sign,ema_lr1e-3,0.001,0.0001,3.03571,0.09423,2027
2,24,star_sign,ema_lr5e-3,0.005,0.0001,2.9641,0.0592,2027
2,24,star_sign,ema_lr1e-2,0.01,0.0001,2.98319,0.07055,2027
2,24,star_sign,ema_lr5e-2,0.05,0.0001,2.9283,0.0666,2027
2,24,star_sign,ema_lr1e-2_wd1e-3,0.01,0.001,3.03017,0.07992,2027
2,24,star_sign,ema_d0.99,0.01,0.0001,2.91405,0.11988,2027
2,24,star_sign,ema_d0.9999,0.01,0.0001,2.90713,0.0814,2027
2,24,star_sign,mlp_h16,0.001,0.0,1.81244,0.96843,2027
2,24,star_sign,mlp_h32,0.001,0.0,2.18764,0.26887,2027
2,24,star_sign,mlp_h64,0.001,0.0,1.77549,0.93389,2027
2,24,star_sign,mlp_h128,0.001,0.0,1.3031,0.99951,2027
2,24,star_sign,attention,0.0001,1e-05,0.27021,0.92969,2027
2,24,star_sign,shuffled,0.01,0.0001,2.98469,0.06759,2027
2,28,age_bin,ema_lr1e-3,0.001,0.0001,1.60412,0.33942,2027
2,28,age_bin,ema_lr5e-3,0.005,0.0001,1.53262,0.35866,2027
2,28,age_bin,ema_lr1e-2,0.01,0.0001,1.57404,0.3409,2027
2,28,age_bin,ema_lr5e-2,0.05,0.0001,1.59882,0.3256,2027
2,28,age_bin,ema_lr1e-2_wd1e-3,0.01,0.001,1.5372,0.36359,2027
2,28,age_bin,ema_d0.99,0.01,0.0001,1.6219,0.31278,2027
2,28,age_bin,ema_d0.9999,0.01,0.0001,1.49323,0.36211,2027
2,28,age_bin,mlp_h16,0.001,0.0,1.06966,0.36507,2027
2,28,age_bin,mlp_h32,0.001,0.0,1.08668,0.40158,2027
2,28,age_bin,mlp_h64,0.001,0.0,1.09886,0.38974,2027
2,28,age_bin,mlp_h128,0.001,0.0,1.12179,0.36359,2027
2,28,age_bin,attention,0.0001,1e-05,1.83297,0.40625,2027
2,28,age_bin,shuffled,0.01,0.0001,1.69955,0.31031,2027
2,28,gender,ema_lr1e-3,0.001,0.0001,1.16422,0.46917,2027
2,28,gender,ema_lr5e-3,0.005,0.0001,1.09925,0.4741,2027
2,28,gender,ema_lr1e-2,0.01,0.0001,1.06051,0.49729,2027
2,28,gender,ema_lr5e-2,0.05,0.0001,1.00187,0.48199,2027
2,28,gender,ema_lr1e-2_wd1e-3,0.01,0.001,1.19843,0.45141,2027
2,28,gender,ema_d0.99,0.01,0.0001,0.96756,0.49087,2027
2,28,gender,ema_d0.9999,0.01,0.0001,1.02967,0.49285,2027
2,28,gender,mlp_h16,0.001,0.0,0.7544,0.42674,2027
2,28,gender,mlp_h32,0.001,0.0,0.74687,0.45831,2027
2,28,gender,mlp_h64,0.001,0.0,0.72397,0.49482,2027
2,28,gender,mlp_h128,0.001,0.0,0.73888,0.50074,2027
2,28,gender,attention,0.0001,1e-05,2.27434,0.55469,2027
2,28,gender,shuffled,0.01,0.0001,0.99774,0.51209,2027
2,28,star_sign,ema_lr1e-3,0.001,0.0001,3.24063,0.11593,2027
2,28,star_sign,ema_lr5e-3,0.005,0.0001,3.33291,0.07548,2027
2,28,star_sign,ema_lr1e-2,0.01,0.0001,3.27893,0.09176,2027
2,28,star_sign,ema_lr5e-2,0.05,0.0001,3.14369,0.10163,2027
2,28,star_sign,ema_lr1e-2_wd1e-3,0.01,0.001,3.16716,0.08929,2027
2,28,star_sign,ema_d0.99,0.01,0.0001,3.2126,0.08239,2027
2,28,star_sign,ema_d0.9999,0.01,0.0001,3.18949,0.10064,2027
2,28,star_sign,mlp_h16,0.001,0.0,2.57801,0.01628,2027
2,28,star_sign,mlp_h32,0.001,0.0,2.23726,0.37346,2027
2,28,star_sign,mlp_h64,0.001,0.0,2.27441,0.35274,2027
2,28,star_sign,mlp_h128,0.001,0.0,2.08078,0.61174,2027
2,28,star_sign,attention,0.0001,1e-05,0.31532,0.92188,2027
2,28,star_sign,shuffled,0.01,0.0001,3.26477,0.08239,2027
3,0,age_bin,ema_lr1e-3,0.001,0.0001,1.62461,0.32431,1773
3,0,age_bin,ema_lr5e-3,0.005,0.0001,1.5528,0.35364,1773
3,0,age_bin,ema_lr1e-2,0.01,0.0001,1.5504,0.33446,1773
3,0,age_bin,ema_lr5e-2,0.05,0.0001,1.50096,0.3339,1773
3,0,age_bin,ema_lr1e-2_wd1e-3,0.01,0.001,1.50183,0.35082,1773
3,0,age_bin,ema_d0.99,0.01,0.0001,1.52099,0.326,1773
3,0,age_bin,ema_d0.9999,0.01,0.0001,1.58587,0.34123,1773
3,0,age_bin,mlp_h16,0.001,0.0,1.06131,0.4608,1773
3,0,age_bin,mlp_h32,0.001,0.0,1.09597,0.3824,1773
3,0,age_bin,mlp_h64,0.001,0.0,1.06887,0.44726,1773
3,0,age_bin,mlp_h128,0.001,0.0,1.08963,0.40891,1773
3,0,age_bin,attention,0.0001,1e-05,1.09635,0.47656,1773
3,0,age_bin,shuffled,0.01,0.0001,1.58872,0.32431,1773
3,0,gender,ema_lr1e-3,0.001,0.0001,1.22544,0.50254,1773
3,0,gender,ema_lr5e-3,0.005,0.0001,1.00391,0.50592,1773
3,0,gender,ema_lr1e-2,0.01,0.0001,1.05995,0.49577,1773
3,0,gender,ema_lr5e-2,0.05,0.0001,0.90888,0.49069,1773
3,0,gender,ema_lr1e-2_wd1e-3,0.01,0.001,0.98073,0.49859,1773
3,0,gender,ema_d0.99,0.01,0.0001,0.96699,0.51889,1773
3,0,gender,ema_d0.9999,0.01,0.0001,0.96576,0.50874,1773
3,0,gender,mlp_h16,0.001,0.0,0.69482,0.50987,1773
3,0,gender,mlp_h32,0.001,0.0,0.70347,0.50649,1773
3,0,gender,mlp_h64,0.001,0.0,0.70545,0.50028,1773
3,0,gender,mlp_h128,0.001,0.0,0.7306,0.51043,1773
3,0,gender,attention,0.0001,1e-05,0.69311,0.52344,1773
3,0,gender,shuffled,0.01,0.0001,0.98797,0.51438,1773
3,0,star_sign,ema_lr1e-3,0.001,0.0001,3.24112,0.08065,1773
3,0,star_sign,ema_lr5e-3,0.005,0.0001,3.29667,0.11732,1773
3,0,star_sign,ema_lr1e-2,0.01,0.0001,3.19852,0.07107,1773
3,0,star_sign,ema_lr5e-2,0.05,0.0001,3.03866,0.08347,1773
3,0,star_sign,ema_lr1e-2_wd1e-3,0.01,0.001,3.22937,0.07163,1773
3,0,star_sign,ema_d0.99,0.01,0.0001,3.18313,0.1269,1773
3,0,star_sign,ema_d0.9999,0.01,0.0001,3.16739,0.08178,1773
3,0,star_sign,mlp_h16,0.001,0.0,2.26224,0.25212,1773
3,0,star_sign,mlp_h32,0.001,0.0,1.58414,0.95657,1773
3,0,star_sign,mlp_h64,0.001,0.0,1.69031,0.86746,1773
3,0,star_sign,mlp_h128,0.001,0.0,1.7788,0.75973,1773
3,0,star_sign,attention,0.0001,1e-05,2.46721,0.83594,1773
3,0,star_sign,shuffled,0.01,0.0001,3.15418,0.06881,1773
3,4,age_bin,ema_lr1e-3,0.001,0.0001,1.34228,0.2916,1773
3,4,age_bin,ema_lr5e-3,0.005,0.0001,1.23869,0.31134,1773
3,4,age_bin,ema_lr1e-2,0.01,0.0001,1.24682,0.35307,1773
3,4,age_bin,ema_lr5e-2,0.05,0.0001,3.1171,0.45121,1773
3,4,age_bin,ema_lr1e-2_wd1e-3,0.01,0.001,1.30638,0.38353,1773
3,4,age_bin,ema_d0.99,0.01,0.0001,1.27339,0.35307,1773
3,4,age_bin,ema_d0.9999,0.01,0.0001,1.2547,0.33954,1773
3,4,age_bin,mlp_h16,0.001,0.0,1.15102,0.27073,1773
3,4,age_bin,mlp_h32,0.001,0.0,1.12159,0.43204,1773
3,4,age_bin,mlp_h64,0.001,0.0,1.26808,0.44557,1773
3,4,age_bin,mlp_h128,0.001,0.0,1.14592,0.40835,1773
3,4,age_bin,attention,0.0001,1e-05,1.07514,0.44531,1773
3,4,age_bin,shuffled,0.01,0.0001,1.26603,0.31867,1773
3,4,gender,ema_lr1e-3,0.001,0.0001,0.77548,0.511,1773
3,4,gender,ema_lr5e-3,0.005,0.0001,0.78016,0.50085,1773
3,4,gender,ema_lr1e-2,0.01,0.0001,1.01247,0.48223,1773
3,4,gender,ema_lr5e-2,0.05,0.0001,2.70029,0.49182,1773
3,4,gender,ema_lr1e-2_wd1e-3,0.01,0.001,0.93406,0.50197,1773
3,4,gender,ema_d0.99,0.01,0.0001,0.80498,0.51664,1773
3,4,gender,ema_d0.9999,0.01,0.0001,0.95206,0.51156,1773
3,4,gender,mlp_h16,0.001,0.0,0.69585,0.49408,1773
3,4,gender,mlp_h32,0.001,0.0,0.75441,0.49069,1773
3,4,gender,mlp_h64,0.001,0.0,0.7,0.49746,1773
3,4,gender,mlp_h128,0.001,0.0,0.94684,0.50818,1773
3,4,gender,attention,0.0001,1e-05,0.72307,0.5,1773
3,4,gender,shuffled,0.01,0.0001,0.86349,0.5031,1773
3,4,star_sign,ema_lr1e-3,0.001,0.0001,2.91057,0.03553,1773
3,4,star_sign,ema_lr5e-3,0.005,0.0001,2.79357,0.19515,1773
3,4,star_sign,ema_lr1e-2,0.01,0.0001,2.72428,0.06035,1773
3,4,star_sign,ema_lr5e-2,0.05,0.0001,2.78496,0.63452,1773
3,4,star_sign,ema_lr1e-2_wd1e-3,0.01,0.001,2.72189,0.06486,1773
3,4,star_sign,ema_d0.99,0.01,0.0001,2.6624,0.09137,1773
3,4,star_sign,ema_d0.9999,0.01,0.0001,2.7261,0.07445,1773
3,4,star_sign,mlp_h16,0.001,0.0,1.86941,0.77552,1773
3,4,star_sign,mlp_h32,0.001,0.0,1.20144,1.0,1773
3,4,star_sign,mlp_h64,0.001,0.0,1.61225,0.68246,1773
3,4,star_sign,mlp_h128,0.001,0.0,1.0322,1.0,1773
3,4,star_sign,attention,0.0001,1e-05,2.2514,0.04688,1773
3,4,star_sign,shuffled,0.01,0.0001,2.67471,0.10152,1773
3,8,age_bin,ema_lr1e-3,0.001,0.0001,1.29666,0.32713,1773
3,8,age_bin,ema_lr5e-3,0.005,0.0001,1.29274,0.32149,1773
3,8,age_bin,ema_lr1e-2,0.01,0.0001,1.27469,0.35307,1773
3,8,age_bin,ema_lr5e-2,0.05,0.0001,2.88849,0.32318,1773
3,8,age_bin,ema_lr1e-2_wd1e-3,0.01,0.001,1.26638,0.31754,1773
3,8,age_bin,ema_d0.99,0.01,0.0001,1.24487,0.33277,1773
3,8,age_bin,ema_d0.9999,0.01,0.0001,1.26201,0.32318,1773
3,8,age_bin,mlp_h16,0.001,0.0,1.08538,0.42978,1773
3,8,age_bin,mlp_h32,0.001,0.0,1.0648,0.45008,1773
3,8,age_bin,mlp_h64,0.001,0.0,1.11277,0.45403,1773
3,8,age_bin,mlp_h128,0.001,0.0,1.2053,0.45685,1773
3,8,age_bin,attention,0.0001,1e-05,1.13493,0.40625,1773
3,8,age_bin,shuffled,0.01,0.0001,1.32666,0.36774,1773
3,8,gender,ema_lr1e-3,0.001,0.0001,0.80097,0.4969,1773
3,8,gender,ema_lr5e-3,0.005,0.0001,0.81245,0.48505,1773
3,8,gender,ema_lr1e-2,0.01,0.0001,0.97368,0.50197,1773
3,8,gender,ema_lr5e-2,0.05,0.0001,2.37525,0.50874,1773
3,8,gender,ema_lr1e-2_wd1e-3,0.01,0.001,0.82875,0.49746,1773
3,8,gender,ema_d0.99,0.01,0.0001,0.80443,0.52961,1773
3,8,gender,ema_d0.9999,0.01,0.0001,0.83591,0.48787,1773
3,8,gender,mlp_h16,0.001,0.0,0.72063,0.5031,1773
3,8,gender,mlp_h32,0.001,0.0,0.70395,0.49408,1773
3,8,gender,mlp_h64,0.001,0.0,0.72448,0.50874,1773
3,8,gender,mlp_h128,0.001,0.0,0.82911,0.50479,1773
3,8,gender,attention,0.0001,1e-05,0.73118,0.54688,1773
3,8,gender,shuffled,0.01,0.0001,0.87405,0.48731,1773
3,8,star_sign,ema_lr1e-3,0.001,0.0001,2.84203,0.10547,1773
3,8,star_sign,ema_lr5e-3,0.005,0.0001,2.75645,0.18105,1773
3,8,star_sign,ema_lr1e-2,0.01,0.0001,2.6842,0.09983,1773
3,8,star_sign,ema_lr5e-2,0.05,0.0001,2.73542,0.11675,1773
3,8,star_sign,ema_lr1e-2_wd1e-3,0.01,0.001,2.70246,0.1269,1773
3,8,star_sign,ema_d0.99,0.01,0.0001,2.69234,0.0987,1773
3,8,star_sign,ema_d0.9999,0.01,0.0001,2.70481,0.1066,1773
3,8,star_sign,mlp_h16,0.001,0.0,2.29722,0.07219,1773
3,8,star_sign,mlp_h32,0.001,0.0,2.11489,0.0784,1773
3,8,star_sign,mlp_h64,0.001,0.0,1.32706,1.0,1773
3,8,star_sign,mlp_h128,0.001,0.0,0.9357,1.0,1773
3,8,star_sign,attention,0.0001,1e-05,169.11743,0.0,1773
3,8,star_sign,shuffled,0.01,0.0001,2.69182,0.08742,1773
3,12,age_bin,ema_lr1e-3,0.001,0.0001,1.36985,0.36605,1773
3,12,age_bin,ema_lr5e-3,0.005,0.0001,1.22746,0.34687,1773
3,12,age_bin,ema_lr1e-2,0.01,0.0001,1.28098,0.34405,1773
3,12,age_bin,ema_lr5e-2,0.05,0.0001,3.45832,0.23745,1773
3,12,age_bin,ema_lr1e-2_wd1e-3,0.01,0.001,1.30371,0.31303,1773
3,12,age_bin,ema_d0.99,0.01,0.0001,1.2313,0.32995,1773
3,12,age_bin,ema_d0.9999,0.01,0.0001,1.24299,0.32713,1773
3,12,age_bin,mlp_h16,0.001,0.0,1.11458,0.46136,1773
3,12,age_bin,mlp_h32,0.001,0.0,1.20816,0.33954,1773
3,12,age_bin,mlp_h64,0.001,0.0,1.29166,0.27975,1773
3,12,age_bin,mlp_h128,0.001,0.0,1.23229,0.43542,1773
3,12,age_bin,attention,0.0001,1e-05,275.46494,0.22656,1773
3,12,age_bin,shuffled,0.01,0.0001,1.3218,0.31359,1773
3,12,gender,ema_lr1e-3,0.001,0.0001,0.84621,0.50423,1773
3,12,gender,ema_lr5e-3,0.005,0.0001,0.79496,0.50987,1773
3,12,gender,ema_lr1e-2,0.01,0.0001,0.81209,0.50536,1773
3,12,gender,ema_lr5e-2,0.05,0.0001,2.68838,0.50874,1773
3,12,gender,ema_lr1e-2_wd1e-3,0.01,0.001,0.96731,0.48505,1773
3,12,gender,ema_d0.99,0.01,0.0001,0.95005,0.50197,1773
3,12,gender,ema_d0.9999,0.01,0.0001,0.86616,0.47434,1773
3,12,gender,mlp_h16,0.001,0.0,0.72308,0.50479,1773
3,12,gender,mlp_h32,0.001,0.0,0.71159,0.49126,1773
3,12,gender,mlp_h64,0.001,0.0,0.76295,0.50761,1773
3,12,gender,mlp_h128,0.001,0.0,0.87763,0.50761,1773
3,12,gender,attention,0.0001,1e-05,0.73404,0.54688,1773
3,12,gender,shuffled,0.01,0.0001,0.82599,0.49859,1773
3,12,star_sign,ema_lr1e-3,0.001,0.0001,2.99991,0.04851,1773
3,12,star_sign,ema_lr5e-3,0.005,0.0001,2.70611,0.06486,1773
3,12,star_sign,ema_lr1e-2,0.01,0.0001,2.72806,0.14213,1773
3,12,star_sign,ema_lr5e-2,0.05,0.0001,2.71346,0.12352,1773
3,12,star_sign,ema_lr1e-2_wd1e-3,0.01,0.001,2.72923,0.0784,1773
3,12,star_sign,ema_d0.99,0.01,0.0001,2.7205,0.04907,1773
3,12,star_sign,ema_d0.9999,0.01,0.0001,2.6884,0.10378,1773
3,12,star_sign,mlp_h16,0.001,0.0,1.85109,0.93006,1773
3,12,star_sign,mlp_h32,0.001,0.0,1.79516,0.08178,1773
3,12,star_sign,mlp_h64,0.001,0.0,1.57013,0.66554,1773
3,12,star_sign,mlp_h128,0.001,0.0,1.12567,1.0,1773
3,12,star_sign,attention,0.0001,1e-05,500.3089,0.0,1773
3,12,star_sign,shuffled,0.01,0.0001,2.73838,0.26847,1773
3,16,age_bin,ema_lr1e-3,0.001,0.0001,1.3087,0.36266,1773
3,16,age_bin,ema_lr5e-3,0.005,0.0001,1.2087,0.35815,1773
3,16,age_bin,ema_lr1e-2,0.01,0.0001,1.22944,0.37902,1773
3,16,age_bin,ema_lr5e-2,0.05,0.0001,3.51013,0.45347,1773
3,16,age_bin,ema_lr1e-2_wd1e-3,0.01,0.001,1.25951,0.33615,1773
3,16,age_bin,ema_d0.99,0.01,0.0001,1.29165,0.32318,1773
3,16,age_bin,ema_d0.9999,0.01,0.0001,1.24224,0.33728,1773
3,16,age_bin,mlp_h16,0.001,0.0,1.08878,0.44106,1773
3,16,age_bin,mlp_h32,0.001,0.0,1.08194,0.45065,1773
3,16,age_bin,mlp_h64,0.001,0.0,1.09274,0.44557,1773
3,16,age_bin,mlp_h128,0.001,0.0,1.22425,0.40214,1773
3,16,age_bin,attention,0.0001,1e-05,1.20158,0.40625,1773
3,16,age_bin,shuffled,0.01,0.0001,1.24933,0.32092,1773
3,16,gender,ema_lr1e-3,0.001,0.0001,0.78361,0.5172,1773
3,16,gender,ema_lr5e-3,0.005,0.0001,0.77744,0.50197,1773
3,16,gender,ema_lr1e-2,0.01,0.0001,0.93752,0.49239,1773
3,16,gender,ema_lr5e-2,0.05,0.0001,3.09654,0.50818,1773
3,16,gender,ema_lr1e-2_wd1e-3,0.01,0.001,0.98545,0.48787,1773
3,16,gender,ema_d0.99,0.01,0.0001,0.78328,0.52059,1773
3,16,gender,ema_d0.9999,0.01,0.0001,0.83955,0.50874,1773
3,16,gender,mlp_h16,0.001,0.0,0.74289,0.50818,1773
3,16,gender,mlp_h32,0.001,0.0,0.69338,0.51213,1773
3,16,gender,mlp_h64,0.001,0.0,0.8761,0.49182,1773
3,16,gender,mlp_h128,0.001,0.0,0.71966,0.50931,1773
3,16,gender,attention,0.0001,1e-05,347.6936,0.50781,1773
3,16,gender,shuffled,0.01,0.0001,0.81688,0.49577,1773
3,16,star_sign,ema_lr1e-3,0.001,0.0001,2.93152,0.08911,1773
3,16,star_sign,ema_lr5e-3,0.005,0.0001,2.90153,0.16356,1773
3,16,star_sign,ema_lr1e-2,0.01,0.0001,2.72794,0.05809,1773
3,16,star_sign,ema_lr5e-2,0.05,0.0001,2.70784,0.17936,1773
3,16,star_sign,ema_lr1e-2_wd1e-3,0.01,0.001,2.70286,0.08855,1773
3,16,star_sign,ema_d0.99,0.01,0.0001,2.71262,0.05189,1773
3,16,star_sign,ema_d0.9999,0.01,0.0001,2.7119,0.0925,1773
3,16,star_sign,mlp_h16,0.001,0.0,1.6813,0.85279,1773
3,16,star_sign,mlp_h32,0.001,0.0,1.65488,0.99831,1773
3,16,star_sign,mlp_h64,0.001,0.0,1.19923,1.0,1773
3,16,star_sign,mlp_h128,0.001,0.0,0.95817,1.0,1773
3,16,star_sign,attention,0.0001,1e-05,708.4646,0.0,1773
3,16,star_sign,shuffled,0.01,0.0001,2.69734,0.08517,1773
3,20,age_bin,ema_lr1e-3,0.001,0.0001,1.3581,0.33221,1773
3,20,age_bin,ema_lr5e-3,0.005,0.0001,1.28248,0.32995,1773
3,20,age_bin,ema_lr1e-2,0.01,0.0001,1.289,0.33446,1773
3,20,age_bin,ema_lr5e-2,0.05,0.0001,2.57168,0.23576,1773
3,20,age_bin,ema_lr1e-2_wd1e-3,0.01,0.001,1.26394,0.34856,1773
3,20,age_bin,ema_d0.99,0.01,0.0001,1.26154,0.32431,1773
3,20,age_bin,ema_d0.9999,0.01,0.0001,1.32603,0.32205,1773
3,20,age_bin,mlp_h16,0.001,0.0,1.0692,0.45911,1773
3,20,age_bin,mlp_h32,0.001,0.0,1.13039,0.44614,1773
3,20,age_bin,mlp_h64,0.001,0.0,1.10971,0.42358,1773
3,20,age_bin,mlp_h128,0.001,0.0,1.10251,0.45967,1773
3,20,age_bin,attention,0.0001,1e-05,131.09828,0.46875,1773
3,20,age_bin,shuffled,0.01,0.0001,1.29318,0.33785,1773
3,20,gender,ema_lr1e-3,0.001,0.0001,0.84712,0.50818,1773
3,20,gender,ema_lr5e-3,0.005,0.0001,0.82294,0.49013,1773
3,20,gender,ema_lr1e-2,0.01,0.0001,0.89114,0.50761,1773
3,20,gender,ema_lr5e-2,0.05,0.0001,2.295,0.50874,1773
3,20,gender,ema_lr1e-2_wd1e-3,0.01,0.001,0.87392,0.49521,1773
3,20,gender,ema_d0.99,0.01,0.0001,0.9014,0.49408,1773
3,20,gender,ema_d0.9999,0.01,0.0001,0.89759,0.47716,1773
3,20,gender,mlp_h16,0.001,0.0,0.69904,0.50536,1773
3,20,gender,mlp_h32,0.001,0.0,0.70688,0.50987,1773
3,20,gender,mlp_h64,0.001,0.0,0.76911,0.49239,1773
3,20,gender,mlp_h128,0.001,0.0,0.76359,0.49351,1773
3,20,gender,attention,0.0001,1e-05,341.0426,0.50781,1773
3,20,gender,shuffled,0.01,0.0001,0.90516,0.49351,1773
3,20,star_sign,ema_lr1e-3,0.001,0.0001,3.09234,0.0282,1773
3,20,star_sign,ema_lr5e-3,0.005,0.0001,2.82047,0.05979,1773
3,20,star_sign,ema_lr1e-2,0.01,0.0001,2.73401,0.09306,1773
3,20,star_sign,ema_lr5e-2,0.05,0.0001,2.8267,0.1568,1773
3,20,star_sign,ema_lr1e-2_wd1e-3,0.01,0.001,2.78582,0.08742,1773
3,20,star_sign,ema_d0.99,0.01,0.0001,2.73746,0.09363,1773
3,20,star_sign,ema_d0.9999,0.01,0.0001,2.81087,0.06768,1773
3,20,star_sign,mlp_h16,0.001,0.0,2.02527,0.77947,1773
3,20,star_sign,mlp_h32,0.001,0.0,1.55718,1.0,1773
3,20,star_sign,mlp_h64,0.001,0.0,1.27447,1.0,1773
3,20,star_sign,mlp_h128,0.001,0.0,1.13052,1.0,1773
3,20,star_sign,attention,0.0001,1e-05,0.95123,0.6875,1773
3,20,star_sign,shuffled,0.01,0.0001,2.75392,0.08404,1773
3,24,age_bin,ema_lr1e-3,0.001,0.0001,1.51104,0.33051,1773
3,24,age_bin,ema_lr5e-3,0.005,0.0001,1.44006,0.30006,1773
3,24,age_bin,ema_lr1e-2,0.01,0.0001,1.34937,0.33785,1773
3,24,age_bin,ema_lr5e-2,0.05,0.0001,2.47129,0.42752,1773
3,24,age_bin,ema_lr1e-2_wd1e-3,0.01,0.001,1.39299,0.32318,1773
3,24,age_bin,ema_d0.99,0.01,0.0001,1.36272,0.32092,1773
3,24,age_bin,ema_d0.9999,0.01,0.0001,1.37798,0.32544,1773
3,24,age_bin,mlp_h16,0.001,0.0,1.08557,0.45234,1773
3,24,age_bin,mlp_h32,0.001,0.0,1.11954,0.44162,1773
3,24,age_bin,mlp_h64,0.001,0.0,1.09305,0.36097,1773
3,24,age_bin,mlp_h128,0.001,0.0,1.12134,0.43091,1773
3,24,age_bin,attention,0.0001,1e-05,161.09195,0.30469,1773
3,24,age_bin,shuffled,0.01,0.0001,1.38938,0.32262,1773
3,24,gender,ema_lr1e-3,0.001,0.0001,0.89278,0.52792,1773
3,24,gender,ema_lr5e-3,0.005,0.0001,0.91939,0.50761,1773
3,24,gender,ema_lr1e-2,0.01,0.0001,0.93574,0.51551,1773
3,24,gender,ema_lr5e-2,0.05,0.0001,2.48356,0.49182,1773
3,24,gender,ema_lr1e-2_wd1e-3,0.01,0.001,0.87974,0.49859,1773
3,24,gender,ema_d0.99,0.01,0.0001,0.89511,0.52059,1773
3,24,gender,ema_d0.9999,0.01,0.0001,0.99067,0.48618,1773
3,24,gender,mlp_h16,0.001,0.0,0.72816,0.51664,1773
3,24,gender,mlp_h32,0.001,0.0,0.72582,0.52002,1773
3,24,gender,mlp_h64,0.001,0.0,0.75749,0.51269,1773
3,24,gender,mlp_h128,0.001,0.0,0.79891,0.50987,1773
3,24,gender,attention,0.0001,1e-05,77.72551,0.49219,1773
3,24,gender,shuffled,0.01,0.0001,0.96242,0.49464,1773
3,24,star_sign,ema_lr1e-3,0.001,0.0001,3.09555,0.08911,1773
3,24,star_sign,ema_lr5e-3,0.005,0.0001,3.01294,0.05471,1773
3,24,star_sign,ema_lr1e-2,0.01,0.0001,2.93169,0.08347,1773
3,24,star_sign,ema_lr5e-2,0.05,0.0001,2.80252,0.14664,1773
3,24,star_sign,ema_lr1e-2_wd1e-3,0.01,0.001,2.87754,0.08347,1773
3,24,star_sign,ema_d0.99,0.01,0.0001,2.9075,0.11675,1773
3,24,star_sign,ema_d0.9999,0.01,0.0001,2.89672,0.08855,1773
3,24,star_sign,mlp_h16,0.001,0.0,1.57303,0.99662,1773
3,24,star_sign,mlp_h32,0.001,0.0,1.96184,0.5956,1773
3,24,star_sign,mlp_h64,0.001,0.0,1.40347,0.99718,1773
3,24,star_sign,mlp_h128,0.001,0.0,0.74051,1.0,1773
3,24,star_sign,attention,0.0001,1e-05,0.20502,0.94531,1773
3,24,star_sign,shuffled,0.01,0.0001,2.90504,0.08799,1773
3,28,age_bin,ema_lr1e-3,0.001,0.0001,1.51072,0.35759,1773
3,28,age_bin,ema_lr5e-3,0.005,0.0001,1.60858,0.32657,1773
3,28,age_bin,ema_lr1e-2,0.01,0.0001,1.58576,0.31416,1773
3,28,age_bin,ema_lr5e-2,0.05,0.0001,1.41853,0.34405,1773
3,28,age_bin,ema_lr1e-2_wd1e-3,0.01,0.001,1.57151,0.35138,1773
3,28,age_bin,ema_d0.99,0.01,0.0001,1.6177,0.32036,1773
3,28,age_bin,ema_d0.9999,0.01,0.0001,1.52334,0.35251,1773
3,28,age_bin,mlp_h16,0.001,0.0,1.07764,0.41342,1773
3,28,age_bin,mlp_h32,0.001,0.0,1.08633,0.41117,1773
3,28,age_bin,mlp_h64,0.001,0.0,1.08533,0.39707,1773
3,28,age_bin,mlp_h128,0.001,0.0,1.09617,0.39763,1773
3,28,age_bin,attention,0.0001,1e-05,1.94587,0.45312,1773
3,28,age_bin,shuffled,0.01,0.0001,1.62477,0.3339,1773
3,28,gender,ema_lr1e-3,0.001,0.0001,1.11335,0.50987,1773
3,28,gender,ema_lr5e-3,0.005,0.0001,1.02943,0.48787,1773
3,28,gender,ema_lr1e-2,0.01,0.0001,1.03871,0.48393,1773
3,28,gender,ema_lr5e-2,0.05,0.0001,0.94416,0.50479,1773
3,28,gender,ema_lr1e-2_wd1e-3,0.01,0.001,1.08882,0.49859,1773
3,28,gender,ema_d0.99,0.01,0.0001,0.96867,0.48618,1773
3,28,gender,ema_d0.9999,0.01,0.0001,1.04736,0.48844,1773
3,28,gender,mlp_h16,0.001,0.0,0.6962,0.51777,1773
3,28,gender,mlp_h32,0.001,0.0,0.70825,0.53412,1773
3,28,gender,mlp_h64,0.001,0.0,0.68511,0.56853,1773
3,28,gender,mlp_h128,0.001,0.0,0.69334,0.54822,1773
3,28,gender,attention,0.0001,1e-05,1.86272,0.51562,1773
3,28,gender,shuffled,0.01,0.0001,0.99345,0.48787,1773
3,28,star_sign,ema_lr1e-3,0.001,0.0001,3.25828,0.08799,1773
3,28,star_sign,ema_lr5e-3,0.005,0.0001,3.34899,0.0643,1773
3,28,star_sign,ema_lr1e-2,0.01,0.0001,3.2861,0.07558,1773
3,28,star_sign,ema_lr5e-2,0.05,0.0001,3.06853,0.10434,1773
3,28,star_sign,ema_lr1e-2_wd1e-3,0.01,0.001,3.18528,0.08009,1773
3,28,star_sign,ema_d0.99,0.01,0.0001,3.1991,0.07163,1773
3,28,star_sign,ema_d0.9999,0.01,0.0001,3.16393,0.08065,1773
3,28,star_sign,mlp_h16,0.001,0.0,2.46603,0.09193,1773
3,28,star_sign,mlp_h32,0.001,0.0,2.14203,0.48618,1773
3,28,star_sign,mlp_h64,0.001,0.0,2.10886,0.59673,1773
3,28,star_sign,mlp_h128,0.001,0.0,1.84463,0.83023,1773
3,28,star_sign,attention,0.0001,1e-05,0.15012,0.94531,1773
3,28,star_sign,shuffled,0.01,0.0001,3.27313,0.07445,1773
4,0,age_bin,ema_lr1e-3,0.001,0.0001,1.59935,0.35138,1884
4,0,age_bin,ema_lr5e-3,0.005,0.0001,1.52973,0.34289,1884
4,0,age_bin,ema_lr1e-2,0.01,0.0001,1.53775,0.33705,1884
4,0,age_bin,ema_lr5e-2,0.05,0.0001,1.46854,0.34236,1884
4,0,age_bin,ema_lr1e-2_wd1e-3,0.01,0.001,1.52635,0.32272,1884
4,0,age_bin,ema_d0.99,0.01,0.0001,1.51003,0.33439,1884
4,0,age_bin,ema_d0.9999,0.01,0.0001,1.50922,0.34873,1884
4,0,age_bin,mlp_h16,0.001,0.0,1.05884,0.45011,1884
4,0,age_bin,mlp_h32,0.001,0.0,1.08481,0.3949,1884
4,0,age_bin,mlp_h64,0.001,0.0,1.06369,0.43631,1884
4,0,age_bin,mlp_h128,0.001,0.0,1.07567,0.43631,1884
4,0,age_bin,attention,0.0001,1e-05,1.09482,0.46094,1884
4,0,age_bin,shuffled,0.01,0.0001,1.53424,0.32856,1884
4,0,gender,ema_lr1e-3,0.001,0.0001,1.1542,0.51539,1884
4,0,gender,ema_lr5e-3,0.005,0.0001,0.99002,0.49257,1884
4,0,gender,ema_lr1e-2,0.01,0.0001,0.98685,0.49947,1884
4,0,gender,ema_lr5e-2,0.05,0.0001,0.89138,0.50106,1884
4,0,gender,ema_lr1e-2_wd1e-3,0.01,0.001,0.92846,0.50955,1884
4,0,gender,ema_d0.99,0.01,0.0001,0.96696,0.51221,1884
4,0,gender,ema_d0.9999,0.01,0.0001,0.94971,0.50053,1884
4,0,gender,mlp_h16,0.001,0.0,0.69339,0.53079,1884
4,0,gender,mlp_h32,0.001,0.0,0.70392,0.49947,1884
4,0,gender,mlp_h64,0.001,0.0,0.69352,0.54724,1884
4,0,gender,mlp_h128,0.001,0.0,0.69957,0.5345,1884
4,0,gender,attention,0.0001,1e-05,0.6924,0.52344,1884
4,0,gender,shuffled,0.01,0.0001,0.97036,0.49151,1884
4,0,star_sign,ema_lr1e-3,0.001,0.0001,3.24143,0.09501,1884
4,0,star_sign,ema_lr5e-3,0.005,0.0001,3.27507,0.1258,1884
4,0,star_sign,ema_lr1e-2,0.01,0.0001,3.12599,0.07166,1884
4,0,star_sign,ema_lr5e-2,0.05,0.0001,2.91915,0.07696,1884
4,0,star_sign,ema_lr1e-2_wd1e-3,0.01,0.001,3.17483,0.06688,1884
4,0,star_sign,ema_d0.99,0.01,0.0001,3.18103,0.12473,1884
4,0,star_sign,ema_d0.9999,0.01,0.0001,3.09809,0.08599,1884
4,0,star_sign,mlp_h16,0.001,0.0,2.16506,0.29406,1884
4,0,star_sign,mlp_h32,0.001,0.0,1.34591,0.97611,1884
4,0,star_sign,mlp_h64,0.001,0.0,1.4385,0.93684,1884
4,0,star_sign,mlp_h128,0.001,0.0,1.43783,0.92304,1884
4,0,star_sign,attention,0.0001,1e-05,2.4593,0.92188,1884
4,0,star_sign,shuffled,0.01,0.0001,3.13658,0.06582,1884
4,4,age_bin,ema_lr1e-3,0.001,0.0001,1.37704,0.2776,1884
4,4,age_bin,ema_lr5e-3,0.005,0.0001,1.19801,0.33652,1884
4,4,age_bin,ema_lr1e-2,0.01,0.0001,1.26954,0.31263,1884
4,4,age_bin,ema_lr5e-2,0.05,0.0001,3.76666,0.32484,1884
4,4,age_bin,ema_lr1e-2_wd1e-3,0.01,0.001,1.23889,0.32325,1884
4,4,age_bin,ema_d0.99,0.01,0.0001,1.23254,0.34607,1884
4,4,age_bin,ema_d0.9999,0.01,0.0001,1.24997,0.319,1884
4,4,age_bin,mlp_h16,0.001,0.0,1.13538,0.31423,1884
4,4,age_bin,mlp_h32,0.001,0.0,1.06802,0.48461,1884
4,4,age_bin,mlp_h64,0.001,0.0,1.05891,0.48673,1884
4,4,age_bin,mlp_h128,0.001,0.0,1.15303,0.27123,1884
4,4,age_bin,attention,0.0001,1e-05,1.09941,0.44531,1884
4,4,age_bin,shuffled,0.01,0.0001,1.21788,0.34926,1884
4,4,gender,ema_lr1e-3,0.001,0.0001,0.79992,0.48514,1884
4,4,gender,ema_lr5e-3,0.005,0.0001,0.7969,0.49416,1884
4,4,gender,ema_lr1e-2,0.01,0.0001,0.91175,0.47983,1884
4,4,gender,ema_lr5e-2,0.05,0.0001,4.58309,0.49204,1884
4,4,gender,ema_lr1e-2_wd1e-3,0.01,0.001,0.93999,0.50478,1884
4,4,gender,ema_d0.99,0.01,0.0001,0.92116,0.5138,1884
4,4,gender,ema_d0.9999,0.01,0.0001,0.98138,0.46656,1884
4,4,gender,mlp_h16,0.001,0.0,0.70983,0.50372,1884
4,4,gender,mlp_h32,0.001,0.0,0.73507,0.50902,1884
4,4,gender,mlp_h64,0.001,0.0,0.7889,0.49204,1884
4,4,gender,mlp_h128,0.001,0.0,0.91448,0.49257,1884
4,4,gender,attention,0.0001,1e-05,0.72255,0.49219,1884
4,4,gender,shuffled,0.01,0.0001,0.91717,0.48885,1884
4,4,star_sign,ema_lr1e-3,0.001,0.0001,2.90789,0.03238,1884
4,4,star_sign,ema_lr5e-3,0.005,0.0001,2.76984,0.13217,1884
4,4,star_sign,ema_lr1e-2,0.01,0.0001,2.64581,0.07272,1884
4,4,star_sign,ema_lr5e-2,0.05,0.0001,2.66106,0.08493,1884
4,4,star_sign,ema_lr1e-2_wd1e-3,0.01,0.001,2.70499,0.07219,1884
4,4,star_sign,ema_d0.99,0.01,0.0001,2.62739,0.08227,1884
4,4,star_sign,ema_d0.9999,0.01,0.0001,2.67436,0.08493,1884
4,4,star_sign,mlp_h16,0.001,0.0,1.71259,0.74735,1884
4,4,star_sign,mlp_h32,0.001,0.0,0.91229,1.0,1884
4,4,star_sign,mlp_h64,0.001,0.0,1.33287,0.99735,1884
4,4,star_sign,mlp_h128,0.001,0.0,0.66048,1.0,1884
4,4,star_sign,attention,0.0001,1e-05,2.05002,0.15625,1884
4,4,star_sign,shuffled,0.01,0.0001,2.58541,0.10403,1884
4,8,age_bin,ema_lr1e-3,0.001,0.0001,1.28361,0.31635,1884
4,8,age_bin,ema_lr5e-3,0.005,0.0001,1.21409,0.35403,1884
4,8,age_bin,ema_lr1e-2,0.01,0.0001,1.26799,0.319,1884
4,8,age_bin,ema_lr5e-2,0.05,0.0001,3.17997,0.47718,1884
4,8,age_bin,ema_lr1e-2_wd1e-3,0.01,0.001,1.23284,0.35563,1884
4,8,age_bin,ema_d0.99,0.01,0.0001,1.23871,0.33068,1884
4,8,age_bin,ema_d0.9999,0.01,0.0001,1.2677,0.29512,1884
4,8,age_bin,mlp_h16,0.001,0.0,1.06259,0.48673,1884
4,8,age_bin,mlp_h32,0.001,0.0,1.05936,0.4793,1884
4,8,age_bin,mlp_h64,0.001,0.0,1.06562,0.48248,1884
4,8,age_bin,mlp_h128,0.001,0.0,1.04684,0.47824,1884
4,8,age_bin,attention,0.0001,1e-05,1.07301,0.51562,1884
4,8,age_bin,shuffled,0.01,0.0001,1.27235,0.29352,1884
4,8,gender,ema_lr1e-3,0.001,0.0001,0.80369,0.48142,1884
4,8,gender,ema_lr5e-3,0.005,0.0001,0.81359,0.49469,1884
4,8,gender,ema_lr1e-2,0.01,0.0001,0.94519,0.50106,1884
4,8,gender,ema_lr5e-2,0.05,0.0001,4.35734,0.50796,1884
4,8,gender,ema_lr1e-2_wd1e-3,0.01,0.001,0.8701,0.48195,1884
4,8,gender,ema_d0.99,0.01,0.0001,0.94944,0.51699,1884
4,8,gender,ema_d0.9999,0.01,0.0001,0.91265,0.48992,1884
4,8,gender,mlp_h16,0.001,0.0,0.7021,0.49894,1884
4,8,gender,mlp_h32,0.001,0.0,0.70984,0.50955,1884
4,8,gender,mlp_h64,0.001,0.0,0.75078,0.49151,1884
4,8,gender,mlp_h128,0.001,0.0,0.83733,0.5207,1884
4,8,gender,attention,0.0001,1e-05,0.7865,0.46875,1884
4,8,gender,shuffled,0.01,0.0001,1.04234,0.50106,1884
4,8,star_sign,ema_lr1e-3,0.001,0.0001,2.84031,0.10138,1884
4,8,star_sign,ema_lr5e-3,0.005,0.0001,2.73072,0.12633,1884
4,8,star_sign,ema_lr1e-2,0.01,0.0001,2.66359,0.0966,1884
4,8,star_sign,ema_lr5e-2,0.05,0.0001,2.69193,0.08758,1884
4,8,star_sign,ema_lr1e-2_wd1e-3,0.01,0.001,2.62666,0.1035,1884
4,8,star_sign,ema_d0.99,0.01,0.0001,2.70144,0.07803,1884
4,8,star_sign,ema_d0.9999,0.01,0.0001,2.65421,0.11146,1884
4,8,star_sign,mlp_h16,0.001,0.0,2.25556,0.06794,1884
4,8,star_sign,mlp_h32,0.001,0.0,1.92191,0.28981,1884
4,8,star_sign,mlp_h64,0.001,0.0,1.00867,1.0,1884
4,8,star_sign,mlp_h128,0.001,0.0,0.55641,1.0,1884
4,8,star_sign,attention,0.0001,1e-05,108.25694,0.0,1884
4,8,star_sign,shuffled,0.01,0.0001,2.64912,0.07378,1884
4,12,age_bin,ema_lr1e-3,0.001,0.0001,1.36788,0.36146,1884
4,12,age_bin,ema_lr5e-3,0.005,0.0001,1.25573,0.31582,1884
4,12,age_bin,ema_lr1e-2,0.01,0.0001,1.21791,0.34023,1884
4,12,age_bin,ema_lr5e-2,0.05,0.0001,3.38657,0.47028,1884
4,12,age_bin,ema_lr1e-2_wd1e-3,0.01,0.001,1.27652,0.31529,1884
4,12,age_bin,ema_d0.99,0.01,0.0001,1.29693,0.28344,1884
4,12,age_bin,ema_d0.9999,0.01,0.0001,1.23278,0.34554,1884
4,12,age_bin,mlp_h16,0.001,0.0,1.06619,0.48355,1884
4,12,age_bin,mlp_h32,0.001,0.0,1.0798,0.41083,1884
4,12,age_bin,mlp_h64,0.001,0.0,1.07559,0.47452,1884
4,12,age_bin,mlp_h128,0.001,0.0,1.15715,0.32219,1884
4,12,age_bin,attention,0.0001,1e-05,266.39249,0.48438,1884
4,12,age_bin,shuffled,0.01,0.0001,1.35586,0.30998,1884
4,12,gender,ema_lr1e-3,0.001,0.0001,0.83697,0.50425,1884
4,12,gender,ema_lr5e-3,0.005,0.0001,0.81211,0.48885,1884
4,12,gender,ema_lr1e-2,0.01,0.0001,0.93658,0.48885,1884
4,12,gender,ema_lr5e-2,0.05,0.0001,4.1822,0.50796,1884
4,12,gender,ema_lr1e-2_wd1e-3,0.01,0.001,0.9366,0.50796,1884
4,12,gender,ema_d0.99,0.01,0.0001,0.93564,0.50159,1884
4,12,gender,ema_d0.9999,0.01,0.0001,0.97962,0.5069,1884
4,12,gender,mlp_h16,0.001,0.0,0.71385,0.51645,1884
4,12,gender,mlp_h32,0.001,0.0,0.71298,0.54299,1884
4,12,gender,mlp_h64,0.001,0.0,0.74087,0.49628,1884
4,12,gender,mlp_h128,0.001,0.0,0.90452,0.49522,1884
4,12,gender,attention,0.0001,1e-05,0.71047,0.61719,1884
4,12,gender,shuffled,0.01,0.0001,0.87895,0.49469,1884
4,12,star_sign,ema_lr1e-3,0.001,0.0001,2.96278,0.04459,1884
4,12,star_sign,ema_lr5e-3,0.005,0.0001,2.7058,0.07378,1884
4,12,star_sign,ema_lr1e-2,0.01,0.0001,2.70342,0.10085,1884
4,12,star_sign,ema_lr5e-2,0.05,0.0001,2.81192,0.05255,1884
4,12,star_sign,ema_lr1e-2_wd1e-3,0.01,0.001,2.63445,0.08811,1884
4,12,star_sign,ema_d0.99,0.01,0.0001,2.70049,0.04618,1884
4,12,star_sign,ema_d0.9999,0.01,0.0001,2.64755,0.112,1884
4,12,star_sign,mlp_h16,0.001,0.0,1.72482,0.99788,1884
4,12,star_sign,mlp_h32,0.001,0.0,1.61913,0.11624,1884
4,12,star_sign,mlp_h64,0.001,0.0,1.31285,0.99735,1884
4,12,star_sign,mlp_h128,0.001,0.0,0.75238,1.0,1884
4,12,star_sign,attention,0.0001,1e-05,451.43573,0.0,1884
4,12,star_sign,shuffled,0.01,0.0001,2.68308,0.19639,1884
4,16,age_bin,ema_lr1e-3,0.001,0.0001,1.29394,0.35191,1884
4,16,age_bin,ema_lr5e-3,0.005,0.0001,1.20756,0.34076,1884
4,16,age_bin,ema_lr1e-2,0.01,0.0001,1.26742,0.30573,1884
4,16,age_bin,ema_lr5e-2,0.05,0.0001,3.82173,0.32431,1884
4,16,age_bin,ema_lr1e-2_wd1e-3,0.01,0.001,1.25326,0.32803,1884
4,16,age_bin,ema_d0.99,0.01,0.0001,1.24942,0.32803,1884
4,16,age_bin,ema_d0.9999,0.01,0.0001,1.22603,0.34607,1884
4,16,age_bin,mlp_h16,0.001,0.0,1.07395,0.43896,1884
4,16,age_bin,mlp_h32,0.001,0.0,1.05206,0.47558,1884
4,16,age_bin,mlp_h64,0.001,0.0,1.0555,0.37951,1884
4,16,age_bin,mlp_h128,0.001,0.0,1.13233,0.3259,1884
4,16,age_bin,attention,0.0001,1e-05,1.18765,0.39844,1884
4,16,age_bin,shuffled,0.01,0.0001,1.26345,0.31051,1884
4,16,gender,ema_lr1e-3,0.001,0.0001,0.79779,0.5138,1884
4,16,gender,ema_lr5e-3,0.005,0.0001,0.79508,0.48514,1884
4,16,gender,ema_lr1e-2,0.01,0.0001,0.9597,0.49788,1884
4,16,gender,ema_lr5e-2,0.05,0.0001,4.05434,0.50796,1884
4,16,gender,ema_lr1e-2_wd1e-3,0.01,0.001,0.95954,0.50159,1884
4,16,gender,ema_d0.99,0.01,0.0001,0.82066,0.51486,1884
4,16,gender,ema_d0.9999,0.01,0.0001,0.94524,0.48408,1884
4,16,gender,mlp_h16,0.001,0.0,0.70762,0.49204,1884
4,16,gender,mlp_h32,0.001,0.0,0.69479,0.50955,1884
4,16,gender,mlp_h64,0.001,0.0,0.80366,0.50796,1884
4,16,gender,mlp_h128,0.001,0.0,0.81355,0.49204,1884
4,16,gender,attention,0.0001,1e-05,327.91879,0.49219,1884
4,16,gender,shuffled,0.01,0.0001,0.79026,0.51274,1884
4,16,star_sign,ema_lr1e-3,0.001,0.0001,2.89166,0.08758,1884
4,16,star_sign,ema_lr5e-3,0.005,0.0001,2.79159,0.19055,1884
4,16,star_sign,ema_lr1e-2,0.01,0.0001,2.71379,0.07962,1884
4,16,star_sign,ema_lr5e-2,0.05,0.0001,2.72861,0.08811,1884
4,16,star_sign,ema_lr1e-2_wd1e-3,0.01,0.001,2.65608,0.07325,1884
4,16,star_sign,ema_d0.99,0.01,0.0001,2.67456,0.05732,1884
4,16,star_sign,ema_d0.9999,0.01,0.0001,2.66711,0.08439,1884
4,16,star_sign,mlp_h16,0.001,0.0,1.48126,0.99151,1884
4,16,star_sign,mlp_h32,0.001,0.0,1.42204,1.0,1884
4,16,star_sign,mlp_h64,0.001,0.0,0.87885,1.0,1884
4,16,star_sign,mlp_h128,0.001,0.0,0.57327,1.0,1884
4,16,star_sign,attention,0.0001,1e-05,648.83398,0.0,1884
4,16,star_sign,shuffled,0.01,0.0001,2.69785,0.07909,1884
4,20,age_bin,ema_lr1e-3,0.001,0.0001,1.30559,0.3121,1884
4,20,age_bin,ema_lr5e-3,0.005,0.0001,1.30045,0.31688,1884
4,20,age_bin,ema_lr1e-2,0.01,0.0001,1.3566,0.27176,1884
4,20,age_bin,ema_lr5e-2,0.05,0.0001,2.72528,0.42038,1884
4,20,age_bin,ema_lr1e-2_wd1e-3,0.01,0.001,1.29937,0.31635,1884
4,20,age_bin,ema_d0.99,0.01,0.0001,1.25874,0.33652,1884
4,20,age_bin,ema_d0.9999,0.01,0.0001,1.25928,0.35403,1884
4,20,age_bin,mlp_h16,0.001,0.0,1.06692,0.49098,1884
4,20,age_bin,mlp_h32,0.001,0.0,1.06738,0.44533,1884
4,20,age_bin,mlp_h64,0.001,0.0,1.10421,0.47877,1884
4,20,age_bin,mlp_h128,0.001,0.0,1.17552,0.47877,1884
4,20,age_bin,attention,0.0001,1e-05,102.66463,0.48438,1884
4,20,age_bin,shuffled,0.01,0.0001,1.2709,0.31635,1884
4,20,gender,ema_lr1e-3,0.001,0.0001,0.82039,0.51274,1884
4,20,gender,ema_lr5e-3,0.005,0.0001,0.77867,0.50531,1884
4,20,gender,ema_lr1e-2,0.01,0.0001,0.96133,0.53132,1884
4,20,gender,ema_lr5e-2,0.05,0.0001,3.89582,0.50796,1884
4,20,gender,ema_lr1e-2_wd1e-3,0.01,0.001,0.95932,0.50425,1884
4,20,gender,ema_d0.99,0.01,0.0001,0.96889,0.50159,1884
4,20,gender,ema_d0.9999,0.01,0.0001,0.85323,0.50212,1884
4,20,gender,mlp_h16,0.001,0.0,0.69334,0.50955,1884
4,20,gender,mlp_h32,0.001,0.0,0.72091,0.49682,1884
4,20,gender,mlp_h64,0.001,0.0,0.69353,0.53875,1884
4,20,gender,mlp_h128,0.001,0.0,0.68991,0.54565,1884
4,20,gender,attention,0.0001,1e-05,321.03729,0.49219,1884
4,20,gender,shuffled,0.01,0.0001,0.9745,0.5,1884
4,20,star_sign,ema_lr1e-3,0.001,0.0001,3.05006,0.0483,1884
4,20,star_sign,ema_lr5e-3,0.005,0.0001,2.80502,0.07166,1884
4,20,star_sign,ema_lr1e-2,0.01,0.0001,2.71553,0.09076,1884
4,20,star_sign,ema_lr5e-2,0.05,0.0001,2.74992,0.07749,1884
4,20,star_sign,ema_lr1e-2_wd1e-3,0.01,0.001,2.69945,0.11412,1884
4,20,star_sign,ema_d0.99,0.01,0.0001,2.69877,0.08227,1884
4,20,star_sign,ema_d0.9999,0.01,0.0001,2.7262,0.07166,1884
4,20,star_sign,mlp_h16,0.001,0.0,1.95582,0.72611,1884
4,20,star_sign,mlp_h32,0.001,0.0,1.27554,1.0,1884
4,20,star_sign,mlp_h64,0.001,0.0,0.96195,1.0,1884
4,20,star_sign,mlp_h128,0.001,0.0,0.73372,1.0,1884
4,20,star_sign,attention,0.0001,1e-05,0.61151,0.85938,1884
4,20,star_sign,shuffled,0.01,0.0001,2.70941,0.08917,1884
4,24,age_bin,ema_lr1e-3,0.001,0.0001,1.43546,0.3466,1884
4,24,age_bin,ema_lr5e-3,0.005,0.0001,1.32779,0.33758,1884
4,24,age_bin,ema_lr1e-2,0.01,0.0001,1.30519,0.36146,1884
4,24,age_bin,ema_lr5e-2,0.05,0.0001,2.52326,0.21709,1884
4,24,age_bin,ema_lr1e-2_wd1e-3,0.01,0.001,1.37035,0.3328,1884
4,24,age_bin,ema_d0.99,0.01,0.0001,1.38866,0.31423,1884
4,24,age_bin,ema_d0.9999,0.01,0.0001,1.39078,0.33439,1884
4,24,age_bin,mlp_h16,0.001,0.0,1.05305,0.46709,1884
4,24,age_bin,mlp_h32,0.001,0.0,1.06934,0.48142,1884
4,24,age_bin,mlp_h64,0.001,0.0,1.05878,0.45754,1884
4,24,age_bin,mlp_h128,0.001,0.0,1.12709,0.47187,1884
4,24,age_bin,attention,0.0001,1e-05,112.78754,0.32031,1884
4,24,age_bin,shuffled,0.01,0.0001,1.38918,0.32696,1884
4,24,gender,ema_lr1e-3,0.001,0.0001,0.93606,0.50318,1884
4,24,gender,ema_lr5e-3,0.005,0.0001,0.89023,0.51699,1884
4,24,gender,ema_lr1e-2,0.01,0.0001,0.94018,0.53928,1884
4,24,gender,ema_lr5e-2,0.05,0.0001,2.41273,0.4931,1884
4,24,gender,ema_lr1e-2_wd1e-3,0.01,0.001,0.91765,0.48673,1884
4,24,gender,ema_d0.99,0.01,0.0001,0.9501,0.48726,1884
4,24,gender,ema_d0.9999,0.01,0.0001,0.96622,0.50159,1884
4,24,gender,mlp_h16,0.001,0.0,0.67632,0.58705,1884
4,24,gender,mlp_h32,0.001,0.0,0.70116,0.52017,1884
4,24,gender,mlp_h64,0.001,0.0,0.67791,0.5966,1884
4,24,gender,mlp_h128,0.001,0.0,0.76322,0.55786,1884
4,24,gender,attention,0.0001,1e-05,46.26687,0.50781,1884
4,24,gender,shuffled,0.01,0.0001,0.91953,0.50796,1884
4,24,star_sign,ema_lr1e-3,0.001,0.0001,3.07086,0.09448,1884
4,24,star_sign,ema_lr5e-3,0.005,0.0001,2.89933,0.06847,1884
4,24,star_sign,ema_lr1e-2,0.01,0.0001,2.86154,0.09183,1884
4,24,star_sign,ema_lr5e-2,0.05,0.0001,2.80292,0.1035,1884
4,24,star_sign,ema_lr1e-2_wd1e-3,0.01,0.001,2.84779,0.09713,1884
4,24,star_sign,ema_d0.99,0.01,0.0001,2.85962,0.10775,1884
4,24,star_sign,ema_d0.9999,0.01,0.0001,2.89418,0.06794,1884
4,24,star_sign,mlp_h16,0.001,0.0,1.37258,0.99894,1884
4,24,star_sign,mlp_h32,0.001,0.0,1.79056,0.82909,1884
4,24,star_sign,mlp_h64,0.001,0.0,1.09498,1.0,1884
4,24,star_sign,mlp_h128,0.001,0.0,0.39542,1.0,1884
4,24,star_sign,attention,0.0001,1e-05,0.02807,0.99219,1884
4,24,star_sign,shuffled,0.01,0.0001,2.83397,0.09448,1884
4,28,age_bin,ema_lr1e-3,0.001,0.0001,1.67641,0.30945,1884
4,28,age_bin,ema_lr5e-3,0.005,0.0001,1.5593,0.35669,1884
4,28,age_bin,ema_lr1e-2,0.01,0.0001,1.58071,0.33068,1884
4,28,age_bin,ema_lr5e-2,0.05,0.0001,1.45838,0.33917,1884
4,28,age_bin,ema_lr1e-2_wd1e-3,0.01,0.001,1.58978,0.3482,1884
4,28,age_bin,ema_d0.99,0.01,0.0001,1.572,0.33493,1884
4,28,age_bin,ema_d0.9999,0.01,0.0001,1.6022,0.32378,1884
4,28,age_bin,mlp_h16,0.001,0.0,1.05696,0.40977,1884
4,28,age_bin,mlp_h32,0.001,0.0,1.06766,0.43896,1884
4,28,age_bin,mlp_h64,0.001,0.0,1.0789,0.41507,1884
4,28,age_bin,mlp_h128,0.001,0.0,1.06925,0.4379,1884
4,28,age_bin,attention,0.0001,1e-05,1.79968,0.47656,1884
4,28,age_bin,shuffled,0.01,0.0001,1.54794,0.32272,1884
4,28,gender,ema_lr1e-3,0.001,0.0001,1.04033,0.51221,1884
4,28,gender,ema_lr5e-3,0.005,0.0001,1.01331,0.48938,1884
4,28,gender,ema_lr1e-2,0.01,0.0001,0.96739,0.53185,1884
4,28,gender,ema_lr5e-2,0.05,0.0001,0.91857,0.53291,1884
4,28,gender,ema_lr1e-2_wd1e-3,0.01,0.001,1.02393,0.49894,1884
4,28,gender,ema_d0.99,0.01,0.0001,0.9587,0.49947,1884
4,28,gender,ema_d0.9999,0.01,0.0001,0.96053,0.52389,1884
4,28,gender,mlp_h16,0.001,0.0,0.67885,0.54565,1884
4,28,gender,mlp_h32,0.001,0.0,0.66554,0.56741,1884
4,28,gender,mlp_h64,0.001,0.0,0.6515,0.61996,1884
4,28,gender,mlp_h128,0.001,0.0,0.64282,0.64331,1884
4,28,gender,attention,0.0001,1e-05,1.56676,0.5,1884
4,28,gender,shuffled,0.01,0.0001,1.0045,0.50053,1884
4,28,star_sign,ema_lr1e-3,0.001,0.0001,3.35995,0.10244,1884
4,28,star_sign,ema_lr5e-3,0.005,0.0001,3.17684,0.0897,1884
4,28,star_sign,ema_lr1e-2,0.01,0.0001,3.32622,0.07856,1884
4,28,star_sign,ema_lr5e-2,0.05,0.0001,2.93413,0.12686,1884
4,28,star_sign,ema_lr1e-2_wd1e-3,0.01,0.001,3.19483,0.0897,1884
4,28,star_sign,ema_d0.99,0.01,0.0001,3.27326,0.07325,1884
4,28,star_sign,ema_d0.9999,0.01,0.0001,3.25431,0.09607,1884
4,28,star_sign,mlp_h16,0.001,0.0,2.38392,0.12898,1884
4,28,star_sign,mlp_h32,0.001,0.0,2.03726,0.6258,1884
4,28,star_sign,mlp_h64,0.001,0.0,1.95845,0.73142,1884
4,28,star_sign,mlp_h128,0.001,0.0,1.61823,0.91614,1884
4,28,star_sign,attention,0.0001,1e-05,0.09177,0.97656,1884
4,28,star_sign,shuffled,0.01,0.0001,3.3364,0.07431,1884
5,0,age_bin,ema_lr1e-3,0.001,0.0001,1.55318,0.35327,1806
5,0,age_bin,ema_lr5e-3,0.005,0.0001,1.53699,0.32946,1806
5,0,age_bin,ema_lr1e-2,0.01,0.0001,1.50693,0.33333,1806
5,0,age_bin,ema_lr5e-2,0.05,0.0001,1.45973,0.36822,1806
5,0,age_bin,ema_lr1e-2_wd1e-3,0.01,0.001,1.50862,0.31451,1806
5,0,age_bin,ema_d0.99,0.01,0.0001,1.5244,0.33223,1806
5,0,age_bin,ema_d0.9999,0.01,0.0001,1.51223,0.33444,1806
5,0,age_bin,mlp_h16,0.001,0.0,1.05215,0.47342,1806
5,0,age_bin,mlp_h32,0.001,0.0,1.07052,0.42968,1806
5,0,age_bin,mlp_h64,0.001,0.0,1.05739,0.45736,1806
5,0,age_bin,mlp_h128,0.001,0.0,1.05515,0.46955,1806
5,0,age_bin,attention,0.0001,1e-05,1.09415,0.48438,1806
5,0,age_bin,shuffled,0.01,0.0001,1.56189,0.31229,1806
5,0,gender,ema_lr1e-3,0.001,0.0001,1.1664,0.50886,1806
5,0,gender,ema_lr5e-3,0.005,0.0001,1.05086,0.49169,1806
5,0,gender,ema_lr1e-2,0.01,0.0001,1.00915,0.49225,1806
5,0,gender,ema_lr5e-2,0.05,0.0001,0.88619,0.49391,1806
5,0,gender,ema_lr1e-2_wd1e-3,0.01,0.001,0.95923,0.49502,1806
5,0,gender,ema_d0.99,0.01,0.0001,0.9529,0.5155,1806
5,0,gender,ema_d0.9999,0.01,0.0001,0.98923,0.48007,1806
5,0,gender,mlp_h16,0.001,0.0,0.69845,0.51993,1806
5,0,gender,mlp_h32,0.001,0.0,0.71503,0.49446,1806
5,0,gender,mlp_h64,0.001,0.0,0.7069,0.49446,1806
5,0,gender,mlp_h128,0.001,0.0,0.71277,0.50111,1806
5,0,gender,attention,0.0001,1e-05,0.6937,0.42188,1806
5,0,gender,shuffled,0.01,0.0001,0.97092,0.4928,1806
5,0,star_sign,ema_lr1e-3,0.001,0.0001,3.2049,0.09745,1806
5,0,star_sign,ema_lr5e-3,0.005,0.0001,3.3546,0.10133,1806
5,0,star_sign,ema_lr1e-2,0.01,0.0001,3.1786,0.067,1806
5,0,star_sign,ema_lr5e-2,0.05,0.0001,2.86306,0.10797,1806
5,0,star_sign,ema_lr1e-2_wd1e-3,0.01,0.001,3.19397,0.07863,1806
5,0,star_sign,ema_d0.99,0.01,0.0001,3.18028,0.12182,1806
5,0,star_sign,ema_d0.9999,0.01,0.0001,3.16912,0.09247,1806
5,0,star_sign,mlp_h16,0.001,0.0,2.07832,0.39978,1806
5,0,star_sign,mlp_h32,0.001,0.0,1.17269,0.97896,1806
5,0,star_sign,mlp_h64,0.001,0.0,1.2279,0.9629,1806
5,0,star_sign,mlp_h128,0.001,0.0,1.17111,0.95847,1806
5,0,star_sign,attention,0.0001,1e-05,2.45549,0.96094,1806
5,0,star_sign,shuffled,0.01,0.0001,3.10474,0.06866,1806
5,4,age_bin,ema_lr1e-3,0.001,0.0001,1.28611,0.30233,1806
5,4,age_bin,ema_lr5e-3,0.005,0.0001,1.20304,0.35105,1806
5,4,age_bin,ema_lr1e-2,0.01,0.0001,1.22906,0.37375,1806
5,4,age_bin,ema_lr5e-2,0.05,0.0001,3.41795,0.49003,1806
5,4,age_bin,ema_lr1e-2_wd1e-3,0.01,0.001,1.27503,0.37431,1806
5,4,age_bin,ema_d0.99,0.01,0.0001,1.30879,0.38261,1806
5,4,age_bin,ema_d0.9999,0.01,0.0001,1.23665,0.3804,1806
5,4,age_bin,mlp_h16,0.001,0.0,1.08667,0.48339,1806
5,4,age_bin,mlp_h32,0.001,0.0,1.06439,0.5,1806
5,4,age_bin,mlp_h64,0.001,0.0,1.12513,0.48616,1806
5,4,age_bin,mlp_h128,0.001,0.0,1.18303,0.30066,1806
5,4,age_bin,attention,0.0001,1e-05,1.08936,0.40625,1806
5,4,age_bin,shuffled,0.01,0.0001,1.25401,0.31838,1806
5,4,gender,ema_lr1e-3,0.001,0.0001,0.77984,0.5,1806
5,4,gender,ema_lr5e-3,0.005,0.0001,0.77796,0.5144,1806
5,4,gender,ema_lr1e-2,0.01,0.0001,0.95956,0.51827,1806
5,4,gender,ema_lr5e-2,0.05,0.0001,2.90978,0.55537,1806
5,4,gender,ema_lr1e-2_wd1e-3,0.01,0.001,0.94504,0.53101,1806
5,4,gender,ema_d0.99,0.01,0.0001,0.95855,0.46567,1806
5,4,gender,ema_d0.9999,0.01,0.0001,0.90933,0.51163,1806
5,4,gender,mlp_h16,0.001,0.0,0.71073,0.45017,1806
5,4,gender,mlp_h32,0.001,0.0,0.69247,0.56146,1806
5,4,gender,mlp_h64,0.001,0.0,0.80707,0.44463,1806
5,4,gender,mlp_h128,0.001,0.0,0.8331,0.54264,1806
5,4,gender,attention,0.0001,1e-05,0.79342,0.39844,1806
5,4,gender,shuffled,0.01,0.0001,0.8994,0.51107,1806
5,4,star_sign,ema_lr1e-3,0.001,0.0001,2.85201,0.04374,1806
5,4,star_sign,ema_lr5e-3,0.005,0.0001,2.72668,0.15449,1806
5,4,star_sign,ema_lr1e-2,0.01,0.0001,2.65643,0.08029,1806
5,4,star_sign,ema_lr5e-2,0.05,0.0001,2.59853,0.12846,1806
5,4,star_sign,ema_lr1e-2_wd1e-3,0.01,0.001,2.65423,0.08804,1806
5,4,star_sign,ema_d0.99,0.01,0.0001,2.62612,0.09801,1806
5,4,star_sign,ema_d0.9999,0.01,0.0001,2.64951,0.09468,1806
5,4,star_sign,mlp_h16,0.001,0.0,1.51295,0.83499,1806
5,4,star_sign,mlp_h32,0.001,0.0,0.66446,1.0,1806
5,4,star_sign,mlp_h64,0.001,0.0,1.06444,1.0,1806
5,4,star_sign,mlp_h128,0.001,0.0,0.38461,1.0,1806
5,4,star_sign,attention,0.0001,1e-05,1.82849,0.34375,1806
5,4,star_sign,shuffled,0.01,0.0001,2.62125,0.10576,1806
5,8,age_bin,ema_lr1e-3,0.001,0.0001,1.26035,0.34219,1806
5,8,age_bin,ema_lr5e-3,0.005,0.0001,1.21323,0.35382,1806
5,8,age_bin,ema_lr1e-2,0.01,0.0001,1.28983,0.3433,1806
5,8,age_bin,ema_lr5e-2,0.05,0.0001,3.51134,0.30676,1806
5,8,age_bin,ema_lr1e-2_wd1e-3,0.01,0.001,1.27762,0.30731,1806
5,8,age_bin,ema_d0.99,0.01,0.0001,1.2692,0.30897,1806
5,8,age_bin,ema_d0.9999,0.01,0.0001,1.27912,0.36323,1806
5,8,age_bin,mlp_h16,0.001,0.0,1.06045,0.5,1806
5,8,age_bin,mlp_h32,0.001,0.0,1.05528,0.4928,1806
5,8,age_bin,mlp_h64,0.001,0.0,1.05206,0.49779,1806
5,8,age_bin,mlp_h128,0.001,0.0,1.15896,0.48117,1806
5,8,age_bin,attention,0.0001,1e-05,1.12005,0.41406,1806
5,8,age_bin,shuffled,0.01,0.0001,1.30246,0.3876,1806
5,8,gender,ema_lr1e-3,0.001,0.0001,0.79094,0.49834,1806
5,8,gender,ema_lr5e-3,0.005,0.0001,0.80705,0.4856,1806
5,8,gender,ema_lr1e-2,0.01,0.0001,0.9696,0.51274,1806
5,8,gender,ema_lr5e-2,0.05,0.0001,2.74934,0.44463,1806
5,8,gender,ema_lr1e-2_wd1e-3,0.01,0.001,0.96584,0.46069,1806
5,8,gender,ema_d0.99,0.01,0.0001,0.89728,0.48283,1806
5,8,gender,ema_d0.9999,0.01,0.0001,0.95784,0.53544,1806
5,8,gender,mlp_h16,0.001,0.0,0.69532,0.50775,1806
5,8,gender,mlp_h32,0.001,0.0,0.69063,0.56368,1806
5,8,gender,mlp_h64,0.001,0.0,0.7794,0.4474,1806
5,8,gender,mlp_h128,0.001,0.0,0.76002,0.5227,1806
5,8,gender,attention,0.0001,1e-05,0.81257,0.45312,1806
5,8,gender,shuffled,0.01,0.0001,0.90501,0.47619,1806
5,8,star_sign,ema_lr1e-3,0.001,0.0001,2.85531,0.07918,1806
5,8,star_sign,ema_lr5e-3,0.005,0.0001,2.71228,0.13289,1806
5,8,star_sign,ema_lr1e-2,0.01,0.0001,2.66417,0.09025,1806
5,8,star_sign,ema_lr5e-2,0.05,0.0001,3.09212,0.91971,1806
5,8,star_sign,ema_lr1e-2_wd1e-3,0.01,0.001,2.62879,0.15172,1806
5,8,star_sign,ema_d0.99,0.01,0.0001,2.67175,0.09025,1806
5,8,star_sign,ema_d0.9999,0.01,0.0001,2.67675,0.09524,1806
5,8,star_sign,mlp_h16,0.001,0.0,2.21697,0.07087,1806
5,8,star_sign,mlp_h32,0.001,0.0,1.73115,0.81949,1806
5,8,star_sign,mlp_h64,0.001,0.0,0.73172,1.0,1806
5,8,star_sign,mlp_h128,0.001,0.0,0.29425,1.0,1806
5,8,star_sign,attention,0.0001,1e-05,47.94435,0.0,1806
5,8,star_sign,shuffled,0.01,0.0001,2.65328,0.07586,1806
5,12,age_bin,ema_lr1e-3,0.001,0.0001,1.30402,0.38649,1806
5,12,age_bin,ema_lr5e-3,0.005,0.0001,1.20658,0.36268,1806
5,12,age_bin,ema_lr1e-2,0.01,0.0001,1.26596,0.33776,1806
5,12,age_bin,ema_lr5e-2,0.05,0.0001,3.271,0.22425,1806
5,12,age_bin,ema_lr1e-2_wd1e-3,0.01,0.001,1.36007,0.30786,1806
5,12,age_bin,ema_d0.99,0.01,0.0001,1.24886,0.34385,1806
5,12,age_bin,ema_d0.9999,0.01,0.0001,1.26099,0.34164,1806
5,12,age_bin,mlp_h16,0.001,0.0,1.06073,0.48062,1806
5,12,age_bin,mlp_h32,0.001,0.0,1.10244,0.43965,1806
5,12,age_bin,mlp_h64,0.001,0.0,1.06489,0.49945,1806
5,12,age_bin,mlp_h128,0.001,0.0,1.23408,0.30731,1806
5,12,age_bin,attention,0.0001,1e-05,280.84305,0.48438,1806
5,12,age_bin,shuffled,0.01,0.0001,1.32176,0.28461,1806
5,12,gender,ema_lr1e-3,0.001,0.0001,0.80149,0.50111,1806
5,12,gender,ema_lr5e-3,0.005,0.0001,0.80356,0.48726,1806
5,12,gender,ema_lr1e-2,0.01,0.0001,0.93175,0.47121,1806
5,12,gender,ema_lr5e-2,0.05,0.0001,2.89601,0.44463,1806
5,12,gender,ema_lr1e-2_wd1e-3,0.01,0.001,0.90937,0.52492,1806
5,12,gender,ema_d0.99,0.01,0.0001,0.9361,0.50332,1806
5,12,gender,ema_d0.9999,0.01,0.0001,0.90085,0.47231,1806
5,12,gender,mlp_h16,0.001,0.0,0.69427,0.5598,1806
5,12,gender,mlp_h32,0.001,0.0,0.70028,0.54097,1806
5,12,gender,mlp_h64,0.001,0.0,0.71183,0.4546,1806
5,12,gender,mlp_h128,0.001,0.0,0.82815,0.45072,1806
5,12,gender,attention,0.0001,1e-05,0.7419,0.5,1806
5,12,gender,shuffled,0.01,0.0001,0.98521,0.51938,1806
5,12,star_sign,ema_lr1e-3,0.001,0.0001,2.91461,0.03987,1806
5,12,star_sign,ema_lr5e-3,0.005,0.0001,2.69276,0.07032,1806
5,12,star_sign,ema_lr1e-2,0.01,0.0001,2.6669,0.09524,1806
5,12,star_sign,ema_lr5e-2,0.05,0.0001,2.8042,0.7165,1806
5,12,star_sign,ema_lr1e-2_wd1e-3,0.01,0.001,2.65954,0.09856,1806
5,12,star_sign,ema_d0.99,0.01,0.0001,2.6694,0.06202,1806
5,12,star_sign,ema_d0.9999,0.01,0.0001,2.68607,0.10853,1806
5,12,star_sign,mlp_h16,0.001,0.0,1.58396,1.0,1806
5,12,star_sign,mlp_h32,0.001,0.0,1.45629,0.31783,1806
5,12,star_sign,mlp_h64,0.001,0.0,1.02499,1.0,1806
5,12,star_sign,mlp_h128,0.001,0.0,0.46177,1.0,1806
5,12,star_sign,attention,0.0001,1e-05,397.71201,0.0,1806
5,12,star_sign,shuffled,0.01,0.0001,2.6498,0.17553,1806
5,16,age_bin,ema_lr1e-3,0.001,0.0001,1.20728,0.41362,1806
5,16,age_bin,ema_lr5e-3,0.005,0.0001,1.24291,0.31451,1806
5,16,age_bin,ema_lr1e-2,0.01,0.0001,1.25648,0.40476,1806
5,16,age_bin,ema_lr5e-2,0.05,0.0001,3.24528,0.48671,1806
5,16,age_bin,ema_lr1e-2_wd1e-3,0.01,0.001,1.28333,0.34718,1806
5,16,age_bin,ema_d0.99,0.01,0.0001,1.23909,0.35382,1806
5,16,age_bin,ema_d0.9999,0.01,0.0001,1.21156,0.33666,1806
5,16,age_bin,mlp_h16,0.001,0.0,1.08057,0.44961,1806
5,16,age_bin,mlp_h32,0.001,0.0,1.06296,0.4773,1806
5,16,age_bin,mlp_h64,0.001,0.0,1.06367,0.39369,1806
5,16,age_bin,mlp_h128,0.001,0.0,1.19623,0.30676,1806
5,16,age_bin,attention,0.0001,1e-05,1.10809,0.49219,1806
5,16,age_bin,shuffled,0.01,0.0001,1.23438,0.34053,1806
5,16,gender,ema_lr1e-3,0.001,0.0001,0.77515,0.5144,1806
5,16,gender,ema_lr5e-3,0.005,0.0001,0.78459,0.49114,1806
5,16,gender,ema_lr1e-2,0.01,0.0001,0.91793,0.52436,1806
5,16,gender,ema_lr5e-2,0.05,0.0001,3.1159,0.44463,1806
5,16,gender,ema_lr1e-2_wd1e-3,0.01,0.001,0.96566,0.5144,1806
5,16,gender,ema_d0.99,0.01,0.0001,0.88676,0.49446,1806
5,16,gender,ema_d0.9999,0.01,0.0001,0.96553,0.44961,1806
5,16,gender,mlp_h16,0.001,0.0,0.74816,0.43854,1806
5,16,gender,mlp_h32,0.001,0.0,0.69058,0.56202,1806
5,16,gender,mlp_h64,0.001,0.0,0.72305,0.55592,1806
5,16,gender,mlp_h128,0.001,0.0,0.78466,0.44408,1806
5,16,gender,attention,0.0001,1e-05,321.16928,0.45312,1806
5,16,gender,shuffled,0.01,0.0001,0.79663,0.50166,1806
5,16,star_sign,ema_lr1e-3,0.001,0.0001,2.92099,0.07586,1806
5,16,star_sign,ema_lr5e-3,0.005,0.0001,2.73645,0.18826,1806
5,16,star_sign,ema_lr1e-2,0.01,0.0001,2.69727,0.10631,1806
5,16,star_sign,ema_lr5e-2,0.05,0.0001,2.98874,0.92303,1806
5,16,star_sign,ema_lr1e-2_wd1e-3,0.01,0.001,2.64401,0.08472,1806
5,16,star_sign,ema_d0.99,0.01,0.0001,2.65805,0.07752,1806
5,16,star_sign,ema_d0.9999,0.01,0.0001,2.64249,0.09136,1806
5,16,star_sign,mlp_h16,0.001,0.0,1.27109,1.0,1806
5,16,star_sign,mlp_h32,0.001,0.0,1.1833,1.0,1806
5,16,star_sign,mlp_h64,0.001,0.0,0.59756,1.0,1806
5,16,star_sign,mlp_h128,0.001,0.0,0.31165,1.0,1806
5,16,star_sign,attention,0.0001,1e-05,589.09296,0.0,1806
5,16,star_sign,shuffled,0.01,0.0001,2.669,0.07697,1806
5,20,age_bin,ema_lr1e-3,0.001,0.0001,1.34973,0.29291,1806
5,20,age_bin,ema_lr5e-3,0.005,0.0001,1.33513,0.29568,1806
5,20,age_bin,ema_lr1e-2,0.01,0.0001,1.31119,0.34164,1806
5,20,age_bin,ema_lr5e-2,0.05,0.0001,2.84643,0.22757,1806
5,20,age_bin,ema_lr1e-2_wd1e-3,0.01,0.001,1.28529,0.34607,1806
5,20,age_bin,ema_d0.99,0.01,0.0001,1.31372,0.30122,1806
5,20,age_bin,ema_d0.9999,0.01,0.0001,1.33233,0.31783,1806
5,20,age_bin,mlp_h16,0.001,0.0,1.07855,0.49889,1806
5,20,age_bin,mlp_h32,0.001,0.0,1.0493,0.4557,1806
5,20,age_bin,mlp_h64,0.001,0.0,1.04444,0.5,1806
5,20,age_bin,mlp_h128,0.001,0.0,1.10461,0.49003,1806
5,20,age_bin,attention,0.0001,1e-05,75.03774,0.49219,1806
5,20,age_bin,shuffled,0.01,0.0001,1.28832,0.35825,1806
5,20,gender,ema_lr1e-3,0.001,0.0001,0.83211,0.50111,1806
5,20,gender,ema_lr5e-3,0.005,0.0001,0.78276,0.51883,1806
5,20,gender,ema_lr1e-2,0.01,0.0001,0.96489,0.50775,1806
5,20,gender,ema_lr5e-2,0.05,0.0001,2.66199,0.44518,1806
5,20,gender,ema_lr1e-2_wd1e-3,0.01,0.001,0.98234,0.45072,1806
5,20,gender,ema_d0.99,0.01,0.0001,0.93349,0.49557,1806
5,20,gender,ema_d0.9999,0.01,0.0001,0.87415,0.49723,1806
5,20,gender,mlp_h16,0.001,0.0,0.69832,0.52602,1806
5,20,gender,mlp_h32,0.001,0.0,0.74767,0.44684,1806
5,20,gender,mlp_h64,0.001,0.0,0.71512,0.47951,1806
5,20,gender,mlp_h128,0.001,0.0,0.73385,0.55537,1806
5,20,gender,attention,0.0001,1e-05,313.62363,0.45312,1806
5,20,gender,shuffled,0.01,0.0001,0.97533,0.49225,1806
5,20,star_sign,ema_lr1e-3,0.001,0.0001,2.99138,0.04928,1806
5,20,star_sign,ema_lr5e-3,0.005,0.0001,2.78588,0.0897,1806
5,20,star_sign,ema_lr1e-2,0.01,0.0001,2.66751,0.10354,1806
5,20,star_sign,ema_lr5e-2,0.05,0.0001,2.72009,0.4175,1806
5,20,star_sign,ema_lr1e-2_wd1e-3,0.01,0.001,2.74329,0.09856,1806
5,20,star_sign,ema_d0.99,0.01,0.0001,2.69543,0.10299,1806
5,20,star_sign,ema_d0.9999,0.01,0.0001,2.66132,0.08638,1806
5,20,star_sign,mlp_h16,0.001,0.0,1.86483,0.65393,1806
5,20,star_sign,mlp_h32,0.001,0.0,1.00814,1.0,1806
5,20,star_sign,mlp_h64,0.001,0.0,0.66731,1.0,1806
5,20,star_sign,mlp_h128,0.001,0.0,0.42801,1.0,1806
5,20,star_sign,attention,0.0001,1e-05,0.4443,0.92188,1806
5,20,star_sign,shuffled,0.01,0.0001,2.73227,0.08527,1806
5,24,age_bin,ema_lr1e-3,0.001,0.0001,1.35729,0.37375,1806
5,24,age_bin,ema_lr5e-3,0.005,0.0001,1.34031,0.3289,1806
5,24,age_bin,ema_lr1e-2,0.01,0.0001,1.3835,0.34441,1806
5,24,age_bin,ema_lr5e-2,0.05,0.0001,2.027,0.33832,1806
5,24,age_bin,ema_lr1e-2_wd1e-3,0.01,0.001,1.38476,0.30952,1806
5,24,age_bin,ema_d0.99,0.01,0.0001,1.35843,0.36102,1806
5,24,age_bin,ema_d0.9999,0.01,0.0001,1.40805,0.32669,1806
5,24,age_bin,mlp_h16,0.001,0.0,1.04481,0.47841,1806
5,24,age_bin,mlp_h32,0.001,0.0,1.08773,0.49003,1806
5,24,age_bin,mlp_h64,0.001,0.0,1.0512,0.47896,1806
5,24,age_bin,mlp_h128,0.001,0.0,1.09605,0.48893,1806
5,24,age_bin,attention,0.0001,1e-05,68.7263,0.33594,1806
5,24,age_bin,shuffled,0.01,0.0001,1.38188,0.32281,1806
5,24,gender,ema_lr1e-3,0.001,0.0001,0.87688,0.5155,1806
5,24,gender,ema_lr5e-3,0.005,0.0001,0.86766,0.51938,1806
5,24,gender,ema_lr1e-2,0.01,0.0001,0.99572,0.47674,1806
5,24,gender,ema_lr5e-2,0.05,0.0001,2.329,0.55592,1806
5,24,gender,ema_lr1e-2_wd1e-3,0.01,0.001,1.01821,0.44463,1806
5,24,gender,ema_d0.99,0.01,0.0001,0.91113,0.50166,1806
5,24,gender,ema_d0.9999,0.01,0.0001,0.98464,0.48283,1806
5,24,gender,mlp_h16,0.001,0.0,0.71272,0.48948,1806
5,24,gender,mlp_h32,0.001,0.0,0.71887,0.4701,1806
5,24,gender,mlp_h64,0.001,0.0,0.70379,0.55482,1806
5,24,gender,mlp_h128,0.001,0.0,0.7353,0.49668,1806
5,24,gender,attention,0.0001,1e-05,15.81369,0.54688,1806
5,24,gender,shuffled,0.01,0.0001,0.92967,0.50831,1806
5,24,star_sign,ema_lr1e-3,0.001,0.0001,2.97082,0.10188,1806
5,24,star_sign,ema_lr5e-3,0.005,0.0001,3.01136,0.06202,1806
5,24,star_sign,ema_lr1e-2,0.01,0.0001,2.83867,0.09468,1806
5,24,star_sign,ema_lr5e-2,0.05,0.0001,2.77089,0.36102,1806
5,24,star_sign,ema_lr1e-2_wd1e-3,0.01,0.001,2.84236,0.09524,1806
5,24,star_sign,ema_d0.99,0.01,0.0001,2.9045,0.08915,1806
5,24,star_sign,ema_d0.9999,0.01,0.0001,2.77769,0.10244,1806
5,24,star_sign,mlp_h16,0.001,0.0,1.17373,1.0,1806
5,24,star_sign,mlp_h32,0.001,0.0,1.60599,0.93577,1806
5,24,star_sign,mlp_h64,0.001,0.0,0.80754,1.0,1806
5,24,star_sign,mlp_h128,0.001,0.0,0.18474,1.0,1806
5,24,star_sign,attention,0.0001,1e-05,0.03422,0.97656,1806
5,24,star_sign,shuffled,0.01,0.0001,2.86623,0.08804,1806
5,28,age_bin,ema_lr1e-3,0.001,0.0001,1.63977,0.32171,1806
5,28,age_bin,ema_lr5e-3,0.005,0.0001,1.57789,0.33776,1806
5,28,age_bin,ema_lr1e-2,0.01,0.0001,1.4768,0.35327,1806
5,28,age_bin,ema_lr5e-2,0.05,0.0001,1.42974,0.3505,1806
5,28,age_bin,ema_lr1e-2_wd1e-3,0.01,0.001,1.62947,0.34718,1806
5,28,age_bin,ema_d0.99,0.01,0.0001,1.4806,0.36323,1806
5,28,age_bin,ema_d0.9999,0.01,0.0001,1.55592,0.34551,1806
5,28,age_bin,mlp_h16,0.001,0.0,1.06244,0.42691,1806
5,28,age_bin,mlp_h32,0.001,0.0,1.06707,0.43965,1806
5,28,age_bin,mlp_h64,0.001,0.0,1.06174,0.45404,1806
5,28,age_bin,mlp_h128,0.001,0.0,1.05453,0.46401,1806
5,28,age_bin,attention,0.0001,1e-05,2.06756,0.35156,1806
5,28,age_bin,shuffled,0.01,0.0001,1.5156,0.34385,1806
5,28,gender,ema_lr1e-3,0.001,0.0001,1.12387,0.47896,1806
5,28,gender,ema_lr5e-3,0.005,0.0001,1.0637,0.46844,1806
5,28,gender,ema_lr1e-2,0.01,0.0001,0.9493,0.52492,1806
5,28,gender,ema_lr5e-2,0.05,0.0001,0.97722,0.48616,1806
5,28,gender,ema_lr1e-2_wd1e-3,0.01,0.001,1.06831,0.49225,1806
5,28,gender,ema_d0.99,0.01,0.0001,1.06541,0.45238,1806
5,28,gender,ema_d0.9999,0.01,0.0001,1.01328,0.4928,1806
5,28,gender,mlp_h16,0.001,0.0,0.71211,0.50831,1806
5,28,gender,mlp_h32,0.001,0.0,0.72979,0.48339,1806
5,28,gender,mlp_h64,0.001,0.0,0.72739,0.53433,1806
5,28,gender,mlp_h128,0.001,0.0,0.75028,0.53931,1806
5,28,gender,attention,0.0001,1e-05,1.21999,0.50781,1806
5,28,gender,shuffled,0.01,0.0001,0.99858,0.5,1806
5,28,star_sign,ema_lr1e-3,0.001,0.0001,3.43983,0.09192,1806
5,28,star_sign,ema_lr5e-3,0.005,0.0001,3.32578,0.07863,1806
5,28,star_sign,ema_lr1e-2,0.01,0.0001,3.26306,0.08029,1806
5,28,star_sign,ema_lr5e-2,0.05,0.0001,2.85849,0.12403,1806
5,28,star_sign,ema_lr1e-2_wd1e-3,0.01,0.001,3.2005,0.07973,1806
5,28,star_sign,ema_d0.99,0.01,0.0001,3.1712,0.07973,1806
5,28,star_sign,ema_d0.9999,0.01,0.0001,3.19897,0.10576,1806
5,28,star_sign,mlp_h16,0.001,0.0,2.31146,0.16002,1806
5,28,star_sign,mlp_h32,0.001,0.0,1.97816,0.6412,1806
5,28,star_sign,mlp_h64,0.001,0.0,1.83934,0.79513,1806
5,28,star_sign,mlp_h128,0.001,0.0,1.43958,0.96069,1806
5,28,star_sign,attention,0.0001,1e-05,0.11509,0.98438,1806
5,28,star_sign,shuffled,0.01,0.0001,3.27312,0.08084,1806
6,0,age_bin,ema_lr1e-3,0.001,0.0001,1.64123,0.34238,1732
6,0,age_bin,ema_lr5e-3,0.005,0.0001,1.48789,0.35162,1732
6,0,age_bin,ema_lr1e-2,0.01,0.0001,1.46716,0.35681,1732
6,0,age_bin,ema_lr5e-2,0.05,0.0001,1.46707,0.33776,1732
6,0,age_bin,ema_lr1e-2_wd1e-3,0.01,0.001,1.48939,0.33083,1732
6,0,age_bin,ema_d0.99,0.01,0.0001,1.51069,0.33372,1732
6,0,age_bin,ema_d0.9999,0.01,0.0001,1.46505,0.35335,1732
6,0,age_bin,mlp_h16,0.001,0.0,1.07049,0.44515,1732
6,0,age_bin,mlp_h32,0.001,0.0,1.0751,0.42206,1732
6,0,age_bin,mlp_h64,0.001,0.0,1.06394,0.44746,1732
6,0,age_bin,mlp_h128,0.001,0.0,1.08373,0.42436,1732
6,0,age_bin,attention,0.0001,1e-05,1.09407,0.44531,1732
6,0,age_bin,shuffled,0.01,0.0001,1.53119,0.30543,1732
6,0,gender,ema_lr1e-3,0.001,0.0001,1.15504,0.51097,1732
6,0,gender,ema_lr5e-3,0.005,0.0001,0.98455,0.51212,1732
6,0,gender,ema_lr1e-2,0.01,0.0001,1.00747,0.50404,1732
6,0,gender,ema_lr5e-2,0.05,0.0001,0.92797,0.51097,1732
6,0,gender,ema_lr1e-2_wd1e-3,0.01,0.001,0.9473,0.50173,1732
6,0,gender,ema_d0.99,0.01,0.0001,0.96769,0.49307,1732
6,0,gender,ema_d0.9999,0.01,0.0001,0.9522,0.4948,1732
6,0,gender,mlp_h16,0.001,0.0,0.69632,0.51386,1732
6,0,gender,mlp_h32,0.001,0.0,0.69751,0.53753,1732
6,0,gender,mlp_h64,0.001,0.0,0.69138,0.52483,1732
6,0,gender,mlp_h128,0.001,0.0,0.69678,0.54273,1732
6,0,gender,attention,0.0001,1e-05,0.69328,0.49219,1732
6,0,gender,shuffled,0.01,0.0001,0.96481,0.51039,1732
6,0,star_sign,ema_lr1e-3,0.001,0.0001,3.23503,0.09238,1732
6,0,star_sign,ema_lr5e-3,0.005,0.0001,3.2364,0.13106,1732
6,0,star_sign,ema_lr1e-2,0.01,0.0001,3.16764,0.06813,1732
6,0,star_sign,ema_lr5e-2,0.05,0.0001,2.77356,0.13626,1732
6,0,star_sign,ema_lr1e-2_wd1e-3,0.01,0.001,3.12655,0.08487,1732
6,0,star_sign,ema_d0.99,0.01,0.0001,3.09015,0.12644,1732
6,0,star_sign,ema_d0.9999,0.01,0.0001,3.10786,0.09238,1732
6,0,star_sign,mlp_h16,0.001,0.0,1.98017,0.47171,1732
6,0,star_sign,mlp_h32,0.001,0.0,0.98846,0.99423,1732
6,0,star_sign,mlp_h64,0.001,0.0,1.01965,0.98557,1732
6,0,star_sign,mlp_h128,0.001,0.0,0.92042,0.97806,1732
6,0,star_sign,attention,0.0001,1e-05,2.44741,0.97656,1732
6,0,star_sign,shuffled,0.01,0.0001,3.10533,0.06351,1732
6,4,age_bin,ema_lr1e-3,0.001,0.0001,1.2841,0.306,1732
6,4,age_bin,ema_lr5e-3,0.005,0.0001,1.20299,0.34642,1732
6,4,age_bin,ema_lr1e-2,0.01,0.0001,1.26271,0.3418,1732
6,4,age_bin,ema_lr5e-2,0.05,0.0001,3.66095,0.32159,1732
6,4,age_bin,ema_lr1e-2_wd1e-3,0.01,0.001,1.25727,0.31697,1732
6,4,age_bin,ema_d0.99,0.01,0.0001,1.25001,0.3343,1732
6,4,age_bin,ema_d0.9999,0.01,0.0001,1.29568,0.31871,1732
6,4,age_bin,mlp_h16,0.001,0.0,1.0819,0.47055,1732
6,4,age_bin,mlp_h32,0.001,0.0,1.09366,0.47055,1732
6,4,age_bin,mlp_h64,0.001,0.0,1.19601,0.45554,1732
6,4,age_bin,mlp_h128,0.001,0.0,1.11268,0.41282,1732
6,4,age_bin,attention,0.0001,1e-05,1.10142,0.42188,1732
6,4,age_bin,shuffled,0.01,0.0001,1.24929,0.33083,1732
6,4,gender,ema_lr1e-3,0.001,0.0001,0.74841,0.54273,1732
6,4,gender,ema_lr5e-3,0.005,0.0001,0.78053,0.5052,1732
6,4,gender,ema_lr1e-2,0.01,0.0001,0.95229,0.46247,1732
6,4,gender,ema_lr5e-2,0.05,0.0001,4.70138,0.3955,1732
6,4,gender,ema_lr1e-2_wd1e-3,0.01,0.001,0.9724,0.44226,1732
6,4,gender,ema_d0.99,0.01,0.0001,0.99415,0.53637,1732
6,4,gender,ema_d0.9999,0.01,0.0001,0.97506,0.44226,1732
6,4,gender,mlp_h16,0.001,0.0,0.70443,0.49596,1732
6,4,gender,mlp_h32,0.001,0.0,0.67555,0.60566,1732
6,4,gender,mlp_h64,0.001,0.0,0.76188,0.39896,1732
6,4,gender,mlp_h128,0.001,0.0,0.74118,0.61143,1732
6,4,gender,attention,0.0001,1e-05,0.67661,0.53906,1732
6,4,gender,shuffled,0.01,0.0001,0.96092,0.45092,1732
6,4,star_sign,ema_lr1e-3,0.001,0.0001,2.83251,0.03695,1732
6,4,star_sign,ema_lr5e-3,0.005,0.0001,2.70561,0.12702,1732
6,4,star_sign,ema_lr1e-2,0.01,0.0001,2.60036,0.09296,1732
6,4,star_sign,ema_lr5e-2,0.05,0.0001,2.6506,0.09353,1732
6,4,star_sign,ema_lr1e-2_wd1e-3,0.01,0.001,2.64836,0.08083,1732
6,4,star_sign,ema_d0.99,0.01,0.0001,2.56518,0.09815,1732
6,4,star_sign,ema_d0.9999,0.01,0.0001,2.60162,0.11721,1732
6,4,star_sign,mlp_h16,0.001,0.0,1.28383,0.96998,1732
6,4,star_sign,mlp_h32,0.001,0.0,0.46416,1.0,1732
6,4,star_sign,mlp_h64,0.001,0.0,0.82053,1.0,1732
6,4,star_sign,mlp_h128,0.001,0.0,0.20436,1.0,1732
6,4,star_sign,attention,0.0001,1e-05,1.659,0.55469,1732
6,4,star_sign,shuffled,0.01,0.0001,2.61139,0.09238,1732
6,8,age_bin,ema_lr1e-3,0.001,0.0001,1.26875,0.32852,1732
6,8,age_bin,ema_lr5e-3,0.005,0.0001,1.25127,0.33834,1732
6,8,age_bin,ema_lr1e-2,0.01,0.0001,1.30051,0.30081,1732
6,8,age_bin,ema_lr5e-2,0.05,0.0001,3.7366,0.46247,1732
6,8,age_bin,ema_lr1e-2_wd1e-3,0.01,0.001,1.31114,0.37702,1732
6,8,age_bin,ema_d0.99,0.01,0.0001,1.23881,0.33199,1732
6,8,age_bin,ema_d0.9999,0.01,0.0001,1.25991,0.3343,1732
6,8,age_bin,mlp_h16,0.001,0.0,1.08213,0.47055,1732
6,8,age_bin,mlp_h32,0.001,0.0,1.0968,0.47055,1732
6,8,age_bin,mlp_h64,0.001,0.0,1.09753,0.47113,1732
6,8,age_bin,mlp_h128,0.001,0.0,1.18786,0.46247,1732
6,8,age_bin,attention,0.0001,1e-05,1.18667,0.41406,1732
6,8,age_bin,shuffled,0.01,0.0001,1.21888,0.33776,1732
6,8,gender,ema_lr1e-3,0.001,0.0001,0.79531,0.48095,1732
6,8,gender,ema_lr5e-3,0.005,0.0001,0.81276,0.48383,1732
6,8,gender,ema_lr1e-2,0.01,0.0001,0.9984,0.45208,1732
6,8,gender,ema_lr5e-2,0.05,0.0001,4.10799,0.6045,1732
6,8,gender,ema_lr1e-2_wd1e-3,0.01,0.001,0.94798,0.53868,1732
6,8,gender,ema_d0.99,0.01,0.0001,0.93799,0.57506,1732
6,8,gender,ema_d0.9999,0.01,0.0001,0.97048,0.46363,1732
6,8,gender,mlp_h16,0.001,0.0,0.67471,0.60277,1732
6,8,gender,mlp_h32,0.001,0.0,0.66229,0.61201,1732
6,8,gender,mlp_h64,0.001,0.0,0.73829,0.4209,1732
6,8,gender,mlp_h128,0.001,0.0,0.66124,0.60912,1732
6,8,gender,attention,0.0001,1e-05,0.75354,0.47656,1732
6,8,gender,shuffled,0.01,0.0001,1.01949,0.5358,1732
6,8,star_sign,ema_lr1e-3,0.001,0.0001,2.86133,0.08199,1732
6,8,star_sign,ema_lr5e-3,0.005,0.0001,2.69385,0.12818,1732
6,8,star_sign,ema_lr1e-2,0.01,0.0001,2.66384,0.08834,1732
6,8,star_sign,ema_lr5e-2,0.05,0.0001,2.53634,0.15531,1732
6,8,star_sign,ema_lr1e-2_wd1e-3,0.01,0.001,2.65215,0.1097,1732
6,8,star_sign,ema_d0.99,0.01,0.0001,2.59392,0.10393,1732
6,8,star_sign,ema_d0.9999,0.01,0.0001,2.64955,0.12009,1732
6,8,star_sign,mlp_h16,0.001,0.0,2.19456,0.0739,1732
6,8,star_sign,mlp_h32,0.001,0.0,1.56764,0.9873,1732
6,8,star_sign,mlp_h64,0.001,0.0,0.50447,1.0,1732
6,8,star_sign,mlp_h128,0.001,0.0,0.14566,1.0,1732
6,8,star_sign,attention,0.0001,1e-05,0.0539,0.97656,1732
6,8,star_sign,shuffled,0.01,0.0001,2.63943,0.09296,1732
6,12,age_bin,ema_lr1e-3,0.001,0.0001,1.33029,0.35393,1732
6,12,age_bin,ema_lr5e-3,0.005,0.0001,1.2154,0.33603,1732
6,12,age_bin,ema_lr1e-2,0.01,0.0001,1.22683,0.32275,1732
6,12,age_bin,ema_lr5e-2,0.05,0.0001,2.89493,0.45497,1732
6,12,age_bin,ema_lr1e-2_wd1e-3,0.01,0.001,1.26434,0.3239,1732
6,12,age_bin,ema_d0.99,0.01,0.0001,1.26931,0.32564,1732
6,12,age_bin,ema_d0.9999,0.01,0.0001,1.24029,0.36547,1732
6,12,age_bin,mlp_h16,0.001,0.0,1.06692,0.46305,1732
6,12,age_bin,mlp_h32,0.001,0.0,1.1215,0.45785,1732
6,12,age_bin,mlp_h64,0.001,0.0,1.12824,0.46651,1732
6,12,age_bin,mlp_h128,0.001,0.0,1.17715,0.31928,1732
6,12,age_bin,attention,0.0001,1e-05,276.5,0.4375,1732
6,12,age_bin,shuffled,0.01,0.0001,1.24382,0.34758,1732
6,12,gender,ema_lr1e-3,0.001,0.0001,0.82131,0.50173,1732
6,12,gender,ema_lr5e-3,0.005,0.0001,0.8273,0.44457,1732
6,12,gender,ema_lr1e-2,0.01,0.0001,0.90739,0.55889,1732
6,12,gender,ema_lr5e-2,0.05,0.0001,4.03667,0.6045,1732
6,12,gender,ema_lr1e-2_wd1e-3,0.01,0.001,1.03685,0.43591,1732
6,12,gender,ema_d0.99,0.01,0.0001,0.98528,0.43187,1732
6,12,gender,ema_d0.9999,0.01,0.0001,0.95454,0.53233,1732
6,12,gender,mlp_h16,0.001,0.0,0.66556,0.61201,1732
6,12,gender,mlp_h32,0.001,0.0,0.67859,0.60162,1732
6,12,gender,mlp_h64,0.001,0.0,0.65999,0.61663,1732
6,12,gender,mlp_h128,0.001,0.0,0.67915,0.59815,1732
6,12,gender,attention,0.0001,1e-05,0.78829,0.47656,1732
6,12,gender,shuffled,0.01,0.0001,0.95277,0.45958,1732
6,12,star_sign,ema_lr1e-3,0.001,0.0001,2.96054,0.04677,1732
6,12,star_sign,ema_lr5e-3,0.005,0.0001,2.67204,0.0918,1732
6,12,star_sign,ema_lr1e-2,0.01,0.0001,2.66172,0.08083,1732
6,12,star_sign,ema_lr5e-2,0.05,0.0001,2.64636,0.09527,1732
6,12,star_sign,ema_lr1e-2_wd1e-3,0.01,0.001,2.64413,0.08718,1732
6,12,star_sign,ema_d0.99,0.01,0.0001,2.66186,0.07448,1732
6,12,star_sign,ema_d0.9999,0.01,0.0001,2.67456,0.097,1732
6,12,star_sign,mlp_h16,0.001,0.0,1.44655,1.0,1732
6,12,star_sign,mlp_h32,0.001,0.0,1.30636,0.81928,1732
6,12,star_sign,mlp_h64,0.001,0.0,0.74908,1.0,1732
6,12,star_sign,mlp_h128,0.001,0.0,0.26565,1.0,1732
6,12,star_sign,attention,0.0001,1e-05,346.17706,0.0,1732
6,12,star_sign,shuffled,0.01,0.0001,2.6157,0.17148,1732
6,16,age_bin,ema_lr1e-3,0.001,0.0001,1.25598,0.36836,1732
6,16,age_bin,ema_lr5e-3,0.005,0.0001,1.23114,0.32159,1732
6,16,age_bin,ema_lr1e-2,0.01,0.0001,1.20313,0.33141,1732
6,16,age_bin,ema_lr5e-2,0.05,0.0001,2.92833,0.30716,1732
6,16,age_bin,ema_lr1e-2_wd1e-3,0.01,0.001,1.2264,0.35277,1732
6,16,age_bin,ema_d0.99,0.01,0.0001,1.30669,0.32333,1732
6,16,age_bin,ema_d0.9999,0.01,0.0001,1.2192,0.33834,1732
6,16,age_bin,mlp_h16,0.001,0.0,1.07843,0.4515,1732
6,16,age_bin,mlp_h32,0.001,0.0,1.09658,0.44284,1732
6,16,age_bin,mlp_h64,0.001,0.0,1.06456,0.46016,1732
6,16,age_bin,mlp_h128,0.001,0.0,1.15348,0.38106,1732
6,16,age_bin,attention,0.0001,1e-05,1.33294,0.42188,1732
6,16,age_bin,shuffled,0.01,0.0001,1.23618,0.31755,1732
6,16,gender,ema_lr1e-3,0.001,0.0001,0.79943,0.48961,1732
6,16,gender,ema_lr5e-3,0.005,0.0001,0.84711,0.44861,1732
6,16,gender,ema_lr1e-2,0.01,0.0001,1.02144,0.43995,1732
6,16,gender,ema_lr5e-2,0.05,0.0001,3.96644,0.6045,1732
6,16,gender,ema_lr1e-2_wd1e-3,0.01,0.001,0.98343,0.43129,1732
6,16,gender,ema_d0.99,0.01,0.0001,0.92682,0.54908,1732
6,16,gender,ema_d0.9999,0.01,0.0001,0.94965,0.53984,1732
6,16,gender,mlp_h16,0.001,0.0,0.72076,0.39203,1732
6,16,gender,mlp_h32,0.001,0.0,0.66794,0.60912,1732
6,16,gender,mlp_h64,0.001,0.0,0.66986,0.60046,1732
6,16,gender,mlp_h128,0.001,0.0,0.68174,0.57506,1732
6,16,gender,attention,0.0001,1e-05,289.49997,0.45312,1732
6,16,gender,shuffled,0.01,0.0001,0.80359,0.49192,1732
6,16,star_sign,ema_lr1e-3,0.001,0.0001,2.93934,0.07794,1732
6,16,star_sign,ema_lr5e-3,0.005,0.0001,2.78049,0.14896,1732
6,16,star_sign,ema_lr1e-2,0.01,0.0001,2.63505,0.09527,1732
6,16,star_sign,ema_lr5e-2,0.05,0.0001,2.49027,0.18476,1732
6,16,star_sign,ema_lr1e-2_wd1e-3,0.01,0.001,2.62945,0.08487,1732
6,16,star_sign,ema_d0.99,0.01,0.0001,2.62041,0.06467,1732
6,16,star_sign,ema_d0.9999,0.01,0.0001,2.63808,0.08545,1732
6,16,star_sign,mlp_h16,0.001,0.0,1.07947,1.0,1732
6,16,star_sign,mlp_h32,0.001,0.0,0.96842,1.0,1732
6,16,star_sign,mlp_h64,0.001,0.0,0.38074,1.0,1732
6,16,star_sign,mlp_h128,0.001,0.0,0.15786,1.0,1732
6,16,star_sign,attention,0.0001,1e-05,532.12878,0.0,1732
6,16,star_sign,shuffled,0.01,0.0001,2.61715,0.08949,1732
6,20,age_bin,ema_lr1e-3,0.001,0.0001,1.30212,0.32737,1732
6,20,age_bin,ema_lr5e-3,0.005,0.0001,1.28249,0.34007,1732
6,20,age_bin,ema_lr1e-2,0.01,0.0001,1.28767,0.31871,1732
6,20,age_bin,ema_lr5e-2,0.05,0.0001,2.78668,0.45208,1732
6,20,age_bin,ema_lr1e-2_wd1e-3,0.01,0.001,1.32812,0.32737,1732
6,20,age_bin,ema_d0.99,0.01,0.0001,1.25579,0.33545,1732
6,20,age_bin,ema_d0.9999,0.01,0.0001,1.31433,0.32159,1732
6,20,age_bin,mlp_h16,0.001,0.0,1.09632,0.47113,1732
6,20,age_bin,mlp_h32,0.001,0.0,1.06747,0.43764,1732
6,20,age_bin,mlp_h64,0.001,0.0,1.12837,0.47055,1732
6,20,age_bin,mlp_h128,0.001,0.0,1.05107,0.46363,1732
6,20,age_bin,attention,0.0001,1e-05,92.7225,0.23438,1732
6,20,age_bin,shuffled,0.01,0.0001,1.27031,0.33545,1732
6,20,gender,ema_lr1e-3,0.001,0.0001,0.8473,0.48441,1732
6,20,gender,ema_lr5e-3,0.005,0.0001,0.80881,0.49076,1732
6,20,gender,ema_lr1e-2,0.01,0.0001,1.01735,0.46132,1732
6,20,gender,ema_lr5e-2,0.05,0.0001,3.66621,0.6045,1732
6,20,gender,ema_lr1e-2_wd1e-3,0.01,0.001,0.97294,0.52136,1732
6,20,gender,ema_d0.99,0.01,0.0001,0.9089,0.53984,1732
6,20,gender,ema_d0.9999,0.01,0.0001,0.86341,0.49423,1732
6,20,gender,mlp_h16,0.001,0.0,0.6609,0.60046,1732
6,20,gender,mlp_h32,0.001,0.0,0.71876,0.46767,1732
6,20,gender,mlp_h64,0.001,0.0,0.72916,0.49827,1732
6,20,gender,mlp_h128,0.001,0.0,0.67373,0.60162,1732
6,20,gender,attention,0.0001,1e-05,282.28687,0.45312,1732
6,20,gender,shuffled,0.01,0.0001,0.98907,0.53233,1732
6,20,star_sign,ema_lr1e-3,0.001,0.0001,2.99712,0.04099,1732
6,20,star_sign,ema_lr5e-3,0.005,0.0001,2.7282,0.09411,1732
6,20,star_sign,ema_lr1e-2,0.01,0.0001,2.71317,0.08372,1732
6,20,star_sign,ema_lr5e-2,0.05,0.0001,2.56204,0.11778,1732
6,20,star_sign,ema_lr1e-2_wd1e-3,0.01,0.001,2.73559,0.11316,1732
6,20,star_sign,ema_d0.99,0.01,0.0001,2.64191,0.11432,1732
6,20,star_sign,ema_d0.9999,0.01,0.0001,2.692,0.09815,1732
6,20,star_sign,mlp_h16,0.001,0.0,1.76686,0.55831,1732
6,20,star_sign,mlp_h32,0.001,0.0,0.74667,1.0,1732
6,20,star_sign,mlp_h64,0.001,0.0,0.43976,1.0,1732
6,20,star_sign,mlp_h128,0.001,0.0,0.22786,1.0,1732
6,20,star_sign,attention,0.0001,1e-05,0.24211,0.99219,1732
6,20,star_sign,shuffled,0.01,0.0001,2.70536,0.10219,1732
6,24,age_bin,ema_lr1e-3,0.001,0.0001,1.41796,0.347,1732
6,24,age_bin,ema_lr5e-3,0.005,0.0001,1.37495,0.31467,1732
6,24,age_bin,ema_lr1e-2,0.01,0.0001,1.36577,0.33834,1732
6,24,age_bin,ema_lr5e-2,0.05,0.0001,2.12009,0.37875,1732
6,24,age_bin,ema_lr1e-2_wd1e-3,0.01,0.001,1.32774,0.31986,1732
6,24,age_bin,ema_d0.99,0.01,0.0001,1.37412,0.33487,1732
6,24,age_bin,ema_d0.9999,0.01,0.0001,1.37,0.34296,1732
6,24,age_bin,mlp_h16,0.001,0.0,1.06213,0.44746,1732
6,24,age_bin,mlp_h32,0.001,0.0,1.09184,0.46594,1732
6,24,age_bin,mlp_h64,0.001,0.0,1.07196,0.4694,1732
6,24,age_bin,mlp_h128,0.001,0.0,1.08616,0.46651,1732
6,24,age_bin,attention,0.0001,1e-05,43.2003,0.46094,1732
6,24,age_bin,shuffled,0.01,0.0001,1.34423,0.33603,1732
6,24,gender,ema_lr1e-3,0.001,0.0001,0.93485,0.49654,1732
6,24,gender,ema_lr5e-3,0.005,0.0001,0.83094,0.52945,1732
6,24,gender,ema_lr1e-2,0.01,0.0001,0.9811,0.4948,1732
6,24,gender,ema_lr5e-2,0.05,0.0001,2.63615,0.40127,1732
6,24,gender,ema_lr1e-2_wd1e-3,0.01,0.001,0.93392,0.52656,1732
6,24,gender,ema_d0.99,0.01,0.0001,0.9281,0.4873,1732
6,24,gender,ema_d0.9999,0.01,0.0001,0.98576,0.4948,1732
6,24,gender,mlp_h16,0.001,0.0,0.69116,0.56928,1732
6,24,gender,mlp_h32,0.001,0.0,0.70079,0.556,1732
6,24,gender,mlp_h64,0.001,0.0,0.70096,0.57737,1732
6,24,gender,mlp_h128,0.001,0.0,0.67897,0.58083,1732
6,24,gender,attention,0.0001,1e-05,13.79146,0.45312,1732
6,24,gender,shuffled,0.01,0.0001,0.93285,0.50231,1732
6,24,star_sign,ema_lr1e-3,0.001,0.0001,3.08132,0.09931,1732
6,24,star_sign,ema_lr5e-3,0.005,0.0001,2.8632,0.07275,1732
6,24,star_sign,ema_lr1e-2,0.01,0.0001,2.81964,0.10912,1732
6,24,star_sign,ema_lr5e-2,0.05,0.0001,2.65962,0.16801,1732
6,24,star_sign,ema_lr1e-2_wd1e-3,0.01,0.001,2.82698,0.09931,1732
6,24,star_sign,ema_d0.99,0.01,0.0001,2.90267,0.09065,1732
6,24,star_sign,ema_d0.9999,0.01,0.0001,2.86456,0.09065,1732
6,24,star_sign,mlp_h16,0.001,0.0,0.98283,1.0,1732
6,24,star_sign,mlp_h32,0.001,0.0,1.42207,0.98037,1732
6,24,star_sign,mlp_h64,0.001,0.0,0.56619,1.0,1732
6,24,star_sign,mlp_h128,0.001,0.0,0.08109,1.0,1732
6,24,star_sign,attention,0.0001,1e-05,0.01549,1.0,1732
6,24,star_sign,shuffled,0.01,0.0001,2.87362,0.08199,1732
6,28,age_bin,ema_lr1e-3,0.001,0.0001,1.61966,0.32852,1732
6,28,age_bin,ema_lr5e-3,0.005,0.0001,1.54741,0.33372,1732
6,28,age_bin,ema_lr1e-2,0.01,0.0001,1.44828,0.34988,1732
6,28,age_bin,ema_lr5e-2,0.05,0.0001,1.32123,0.37587,1732
6,28,age_bin,ema_lr1e-2_wd1e-3,0.01,0.001,1.52154,0.35393,1732
6,28,age_bin,ema_d0.99,0.01,0.0001,1.51229,0.33314,1732
6,28,age_bin,ema_d0.9999,0.01,0.0001,1.45636,0.36085,1732
6,28,age_bin,mlp_h16,0.001,0.0,1.06521,0.42898,1732
6,28,age_bin,mlp_h32,0.001,0.0,1.06332,0.43014,1732
6,28,age_bin,mlp_h64,0.001,0.0,1.04691,0.44226,1732
6,28,age_bin,mlp_h128,0.001,0.0,1.05244,0.45092,1732
6,28,age_bin,attention,0.0001,1e-05,1.81834,0.39062,1732
6,28,age_bin,shuffled,0.01,0.0001,1.51271,0.33891,1732
6,28,gender,ema_lr1e-3,0.001,0.0001,1.13042,0.48672,1732
6,28,gender,ema_lr5e-3,0.005,0.0001,0.94295,0.52425,1732
6,28,gender,ema_lr1e-2,0.01,0.0001,0.93428,0.52598,1732
6,28,gender,ema_lr5e-2,0.05,0.0001,0.87998,0.5127,1732
6,28,gender,ema_lr1e-2_wd1e-3,0.01,0.001,0.93491,0.55485,1732
6,28,gender,ema_d0.99,0.01,0.0001,0.9136,0.53637,1732
6,28,gender,ema_d0.9999,0.01,0.0001,0.89614,0.54965,1732
6,28,gender,mlp_h16,0.001,0.0,0.7023,0.51732,1732
6,28,gender,mlp_h32,0.001,0.0,0.70891,0.52136,1732
6,28,gender,mlp_h64,0.001,0.0,0.67675,0.58141,1732
6,28,gender,mlp_h128,0.001,0.0,0.67911,0.58314,1732
6,28,gender,attention,0.0001,1e-05,1.52331,0.53906,1732
6,28,gender,shuffled,0.01,0.0001,0.97675,0.49249,1732
6,28,star_sign,ema_lr1e-3,0.001,0.0001,3.32116,0.10566,1732
6,28,star_sign,ema_lr5e-3,0.005,0.0001,3.22287,0.10624,1732
6,28,star_sign,ema_lr1e-2,0.01,0.0001,3.12041,0.08372,1732
6,28,star_sign,ema_lr5e-2,0.05,0.0001,2.85134,0.13799,1732
6,28,star_sign,ema_lr1e-2_wd1e-3,0.01,0.001,3.12121,0.09296,1732
6,28,star_sign,ema_d0.99,0.01,0.0001,3.0878,0.07448,1732
6,28,star_sign,ema_d0.9999,0.01,0.0001,3.16587,0.09296,1732
6,28,star_sign,mlp_h16,0.001,0.0,2.19637,0.24134,1732
6,28,star_sign,mlp_h32,0.001,0.0,1.86322,0.71651,1732
6,28,star_sign,mlp_h64,0.001,0.0,1.63295,0.89376,1732
6,28,star_sign,mlp_h128,0.001,0.0,1.17807,0.9873,1732
6,28,star_sign,attention,0.0001,1e-05,0.07305,0.98438,1732
6,28,star_sign,shuffled,0.01,0.0001,3.21094,0.09469,1732
7,0,age_bin,ema_lr1e-3,0.001,0.0001,1.56332,0.34821,1927
7,0,age_bin,ema_lr5e-3,0.005,0.0001,1.4644,0.36793,1927
7,0,age_bin,ema_lr1e-2,0.01,0.0001,1.52323,0.33887,1927
7,0,age_bin,ema_lr5e-2,0.05,0.0001,1.48173,0.36378,1927
7,0,age_bin,ema_lr1e-2_wd1e-3,0.01,0.001,1.45572,0.34354,1927
7,0,age_bin,ema_d0.99,0.01,0.0001,1.44189,0.34043,1927
7,0,age_bin,ema_d0.9999,0.01,0.0001,1.44166,0.36066,1927
7,0,age_bin,mlp_h16,0.001,0.0,1.0441,0.49299,1927
7,0,age_bin,mlp_h32,0.001,0.0,1.05533,0.47483,1927
7,0,age_bin,mlp_h64,0.001,0.0,1.07665,0.45719,1927
7,0,age_bin,mlp_h128,0.001,0.0,1.08786,0.44318,1927
7,0,age_bin,attention,0.0001,1e-05,1.09265,0.5,1927
7,0,age_bin,shuffled,0.01,0.0001,1.50715,0.33783,1927
7,0,gender,ema_lr1e-3,0.001,0.0001,1.21603,0.47743,1927
7,0,gender,ema_lr5e-3,0.005,0.0001,0.97274,0.50234,1927
7,0,gender,ema_lr1e-2,0.01,0.0001,0.94742,0.5122,1927
7,0,gender,ema_lr5e-2,0.05,0.0001,1.04558,0.49196,1927
7,0,gender,ema_lr1e-2_wd1e-3,0.01,0.001,0.90243,0.50804,1927
7,0,gender,ema_d0.99,0.01,0.0001,0.93615,0.49455,1927
7,0,gender,ema_d0.9999,0.01,0.0001,0.93128,0.49144,1927
7,0,gender,mlp_h16,0.001,0.0,0.6974,0.52673,1927
7,0,gender,mlp_h32,0.001,0.0,0.69574,0.52621,1927
7,0,gender,mlp_h64,0.001,0.0,0.68713,0.54177,1927
7,0,gender,mlp_h128,0.001,0.0,0.69607,0.5314,1927
7,0,gender,attention,0.0001,1e-05,0.69332,0.48438,1927
7,0,gender,shuffled,0.01,0.0001,0.99235,0.49715,1927
7,0,star_sign,ema_lr1e-3,0.001,0.0001,3.25431,0.09237,1927
7,0,star_sign,ema_lr5e-3,0.005,0.0001,3.27925,0.12351,1927
7,0,star_sign,ema_lr1e-2,0.01,0.0001,3.12029,0.06902,1927
7,0,star_sign,ema_lr5e-2,0.05,0.0001,2.74,0.14634,1927
7,0,star_sign,ema_lr1e-2_wd1e-3,0.01,0.001,3.07174,0.09341,1927
7,0,star_sign,ema_d0.99,0.01,0.0001,3.12442,0.12766,1927
7,0,star_sign,ema_d0.9999,0.01,0.0001,3.11582,0.08874,1927
7,0,star_sign,mlp_h16,0.001,0.0,1.88618,0.63155,1927
7,0,star_sign,mlp_h32,0.001,0.0,0.82446,0.99273,1927
7,0,star_sign,mlp_h64,0.001,0.0,0.83652,0.99014,1927
7,0,star_sign,mlp_h128,0.001,0.0,0.69555,0.98806,1927
7,0,star_sign,attention,0.0001,1e-05,2.44359,0.96094,1927
7,0,star_sign,shuffled,0.01,0.0001,3.0881,0.06746,1927
7,4,age_bin,ema_lr1e-3,0.001,0.0001,1.27757,0.30202,1927
7,4,age_bin,ema_lr5e-3,0.005,0.0001,1.22518,0.35392,1927
7,4,age_bin,ema_lr1e-2,0.01,0.0001,1.25368,0.3835,1927
7,4,age_bin,ema_lr5e-2,0.05,0.0001,3.85853,0.51375,1927
7,4,age_bin,ema_lr1e-2_wd1e-3,0.01,0.001,1.28241,0.40374,1927
7,4,age_bin,ema_d0.99,0.01,0.0001,1.25107,0.37623,1927
7,4,age_bin,ema_d0.9999,0.01,0.0001,1.26648,0.38038,1927
7,4,age_bin,mlp_h16,0.001,0.0,1.02789,0.51842,1927
7,4,age_bin,mlp_h32,0.001,0.0,1.03169,0.5288,1927
7,4,age_bin,mlp_h64,0.001,0.0,1.16439,0.51323,1927
7,4,age_bin,mlp_h128,0.001,0.0,1.04228,0.5288,1927
7,4,age_bin,attention,0.0001,1e-05,1.07782,0.5,1927
7,4,age_bin,shuffled,0.01,0.0001,1.28285,0.3451,1927
7,4,gender,ema_lr1e-3,0.001,0.0001,0.8064,0.46757,1927
7,4,gender,ema_lr5e-3,0.005,0.0001,0.77034,0.53762,1927
7,4,gender,ema_lr1e-2,0.01,0.0001,1.0375,0.55579,1927
7,4,gender,ema_lr5e-2,0.05,0.0001,3.68644,0.60093,1927
7,4,gender,ema_lr1e-2_wd1e-3,0.01,0.001,1.04187,0.57032,1927
7,4,gender,ema_d0.99,0.01,0.0001,0.91143,0.46341,1927
7,4,gender,ema_d0.9999,0.01,0.0001,0.97092,0.5589,1927
7,4,gender,mlp_h16,0.001,0.0,0.69289,0.59056,1927
7,4,gender,mlp_h32,0.001,0.0,0.68751,0.59419,1927
7,4,gender,mlp_h64,0.001,0.0,0.68534,0.57499,1927
7,4,gender,mlp_h128,0.001,0.0,0.69681,0.61235,1927
7,4,gender,attention,0.0001,1e-05,0.72338,0.54688,1927
7,4,gender,shuffled,0.01,0.0001,1.02181,0.55579,1927
7,4,star_sign,ema_lr1e-3,0.001,0.0001,2.85488,0.03217,1927
7,4,star_sign,ema_lr5e-3,0.005,0.0001,2.65466,0.1178,1927
7,4,star_sign,ema_lr1e-2,0.01,0.0001,2.57816,0.08822,1927
7,4,star_sign,ema_lr5e-2,0.05,0.0001,2.89894,0.92579,1927
7,4,star_sign,ema_lr1e-2_wd1e-3,0.01,0.001,2.59513,0.08459,1927
7,4,star_sign,ema_d0.99,0.01,0.0001,2.61799,0.06694,1927
7,4,star_sign,ema_d0.9999,0.01,0.0001,2.64271,0.08874,1927
7,4,star_sign,mlp_h16,0.001,0.0,1.11085,0.99222,1927
7,4,star_sign,mlp_h32,0.001,0.0,0.3288,1.0,1927
7,4,star_sign,mlp_h64,0.001,0.0,0.62887,1.0,1927
7,4,star_sign,mlp_h128,0.001,0.0,0.10944,1.0,1927
7,4,star_sign,attention,0.0001,1e-05,1.44491,0.75,1927
7,4,star_sign,shuffled,0.01,0.0001,2.59161,0.10171,1927
7,8,age_bin,ema_lr1e-3,0.001,0.0001,1.24472,0.33472,1927
7,8,age_bin,ema_lr5e-3,0.005,0.0001,1.2724,0.3124,1927
7,8,age_bin,ema_lr1e-2,0.01,0.0001,1.31286,0.29268,1927
7,8,age_bin,ema_lr5e-2,0.05,0.0001,3.58456,0.23352,1927
7,8,age_bin,ema_lr1e-2_wd1e-3,0.01,0.001,1.30138,0.30202,1927
7,8,age_bin,ema_d0.99,0.01,0.0001,1.29116,0.3015,1927
7,8,age_bin,ema_d0.9999,0.01,0.0001,1.2737,0.36845,1927
7,8,age_bin,mlp_h16,0.001,0.0,1.03588,0.52828,1927
7,8,age_bin,mlp_h32,0.001,0.0,1.06255,0.52569,1927
7,8,age_bin,mlp_h64,0.001,0.0,1.06543,0.52776,1927
7,8,age_bin,mlp_h128,0.001,0.0,1.12033,0.51323,1927
7,8,age_bin,attention,0.0001,1e-05,1.16133,0.35938,1927
7,8,age_bin,shuffled,0.01,0.0001,1.24796,0.39803,1927
7,8,gender,ema_lr1e-3,0.001,0.0001,0.77966,0.49663,1927
7,8,gender,ema_lr5e-3,0.005,0.0001,0.80721,0.52828,1927
7,8,gender,ema_lr1e-2,0.01,0.0001,0.98766,0.57291,1927
7,8,gender,ema_lr5e-2,0.05,0.0001,2.85334,0.39907,1927
7,8,gender,ema_lr1e-2_wd1e-3,0.01,0.001,0.91364,0.47483,1927
7,8,gender,ema_d0.99,0.01,0.0001,0.90288,0.46964,1927
7,8,gender,ema_d0.9999,0.01,0.0001,1.00348,0.55994,1927
7,8,gender,mlp_h16,0.001,0.0,0.6731,0.60093,1927
7,8,gender,mlp_h32,0.001,0.0,0.66727,0.60405,1927
7,8,gender,mlp_h64,0.001,0.0,0.66782,0.60405,1927
7,8,gender,mlp_h128,0.001,0.0,0.73192,0.60197,1927
7,8,gender,attention,0.0001,1e-05,0.74326,0.52344,1927
7,8,gender,shuffled,0.01,0.0001,1.01881,0.44681,1927
7,8,star_sign,ema_lr1e-3,0.001,0.0001,2.79872,0.096,1927
7,8,star_sign,ema_lr5e-3,0.005,0.0001,2.67132,0.11105,1927
7,8,star_sign,ema_lr1e-2,0.01,0.0001,2.63254,0.09341,1927
7,8,star_sign,ema_lr5e-2,0.05,0.0001,2.80251,0.07577,1927
7,8,star_sign,ema_lr1e-2_wd1e-3,0.01,0.001,2.60876,0.10379,1927
7,8,star_sign,ema_d0.99,0.01,0.0001,2.63163,0.08926,1927
7,8,star_sign,ema_d0.9999,0.01,0.0001,2.62836,0.1095,1927
7,8,star_sign,mlp_h16,0.001,0.0,2.20208,0.06642,1927
7,8,star_sign,mlp_h32,0.001,0.0,1.41034,0.99948,1927
7,8,star_sign,mlp_h64,0.001,0.0,0.34698,1.0,1927
7,8,star_sign,mlp_h128,0.001,0.0,0.07427,1.0,1927
7,8,star_sign,attention,0.0001,1e-05,0.0,1.0,1927
7,8,star_sign,shuffled,0.01,0.0001,2.62677,0.08355,1927
7,12,age_bin,ema_lr1e-3,0.001,0.0001,1.28013,0.3617,1927
7,12,age_bin,ema_lr5e-3,0.005,0.0001,1.23329,0.33316,1927
7,12,age_bin,ema_lr1e-2,0.01,0.0001,1.25046,0.3316,1927
7,12,age_bin,ema_lr5e-2,0.05,0.0001,3.94739,0.26466,1927
7,12,age_bin,ema_lr1e-2_wd1e-3,0.01,0.001,1.32784,0.30047,1927
7,12,age_bin,ema_d0.99,0.01,0.0001,1.25109,0.34302,1927
7,12,age_bin,ema_d0.9999,0.01,0.0001,1.30683,0.29891,1927
7,12,age_bin,mlp_h16,0.001,0.0,1.05187,0.51687,1927
7,12,age_bin,mlp_h32,0.001,0.0,1.11061,0.51271,1927
7,12,age_bin,mlp_h64,0.001,0.0,1.07887,0.52724,1927
7,12,age_bin,mlp_h128,0.001,0.0,1.07067,0.48677,1927
7,12,age_bin,attention,0.0001,1e-05,210.18849,0.49219,1927
7,12,age_bin,shuffled,0.01,0.0001,1.2572,0.32849,1927
7,12,gender,ema_lr1e-3,0.001,0.0001,0.79622,0.52776,1927
7,12,gender,ema_lr5e-3,0.005,0.0001,0.77839,0.50701,1927
7,12,gender,ema_lr1e-2,0.01,0.0001,0.88598,0.4904,1927
7,12,gender,ema_lr5e-2,0.05,0.0001,2.94247,0.39907,1927
7,12,gender,ema_lr1e-2_wd1e-3,0.01,0.001,0.96772,0.55942,1927
7,12,gender,ema_d0.99,0.01,0.0001,0.98269,0.55682,1927
7,12,gender,ema_d0.9999,0.01,0.0001,0.9134,0.46601,1927
7,12,gender,mlp_h16,0.001,0.0,0.67733,0.60716,1927
7,12,gender,mlp_h32,0.001,0.0,0.6767,0.59886,1927
7,12,gender,mlp_h64,0.001,0.0,0.69385,0.60145,1927
7,12,gender,mlp_h128,0.001,0.0,0.7413,0.60301,1927
7,12,gender,attention,0.0001,1e-05,0.72368,0.51562,1927
7,12,gender,shuffled,0.01,0.0001,0.91039,0.55786,1927
7,12,star_sign,ema_lr1e-3,0.001,0.0001,2.87774,0.05189,1927
7,12,star_sign,ema_lr5e-3,0.005,0.0001,2.70406,0.07421,1927
7,12,star_sign,ema_lr1e-2,0.01,0.0001,2.62228,0.08251,1927
7,12,star_sign,ema_lr5e-2,0.05,0.0001,2.77656,0.07732,1927
7,12,star_sign,ema_lr1e-2_wd1e-3,0.01,0.001,2.6291,0.10223,1927
7,12,star_sign,ema_d0.99,0.01,0.0001,2.66181,0.07421,1927
7,12,star_sign,ema_d0.9999,0.01,0.0001,2.65742,0.11261,1927
7,12,star_sign,mlp_h16,0.001,0.0,1.35101,1.0,1927
7,12,star_sign,mlp_h32,0.001,0.0,1.18178,0.99273,1927
7,12,star_sign,mlp_h64,0.001,0.0,0.54425,1.0,1927
7,12,star_sign,mlp_h128,0.001,0.0,0.15116,1.0,1927
7,12,star_sign,attention,0.0001,1e-05,295.10519,0.0,1927
7,12,star_sign,shuffled,0.01,0.0001,2.61116,0.09237,1927
7,16,age_bin,ema_lr1e-3,0.001,0.0001,1.25068,0.35547,1927
7,16,age_bin,ema_lr5e-3,0.005,0.0001,1.22597,0.31707,1927
7,16,age_bin,ema_lr1e-2,0.01,0.0001,1.25673,0.34717,1927
7,16,age_bin,ema_lr5e-2,0.05,0.0001,3.68384,0.51271,1927
7,16,age_bin,ema_lr1e-2_wd1e-3,0.01,0.001,1.24856,0.37987,1927
7,16,age_bin,ema_d0.99,0.01,0.0001,1.29206,0.315,1927
7,16,age_bin,ema_d0.9999,0.01,0.0001,1.22063,0.32693,1927
7,16,age_bin,mlp_h16,0.001,0.0,1.03959,0.52932,1927
7,16,age_bin,mlp_h32,0.001,0.0,1.08131,0.51842,1927
7,16,age_bin,mlp_h64,0.001,0.0,1.04582,0.52673,1927
7,16,age_bin,mlp_h128,0.001,0.0,1.07268,0.5205,1927
7,16,age_bin,attention,0.0001,1e-05,1.28166,0.45312,1927
7,16,age_bin,shuffled,0.01,0.0001,1.26872,0.34925,1927
7,16,gender,ema_lr1e-3,0.001,0.0001,0.77471,0.51168,1927
7,16,gender,ema_lr5e-3,0.005,0.0001,0.80293,0.49974,1927
7,16,gender,ema_lr1e-2,0.01,0.0001,1.02968,0.50856,1927
7,16,gender,ema_lr5e-2,0.05,0.0001,3.05663,0.39907,1927
7,16,gender,ema_lr1e-2_wd1e-3,0.01,0.001,0.96053,0.58796,1927
7,16,gender,ema_d0.99,0.01,0.0001,0.88484,0.4878,1927
7,16,gender,ema_d0.9999,0.01,0.0001,0.88778,0.48106,1927
7,16,gender,mlp_h16,0.001,0.0,0.72025,0.40426,1927
7,16,gender,mlp_h32,0.001,0.0,0.66897,0.60353,1927
7,16,gender,mlp_h64,0.001,0.0,0.68965,0.53399,1927
7,16,gender,mlp_h128,0.001,0.0,0.6887,0.60197,1927
7,16,gender,attention,0.0001,1e-05,262.89197,0.4375,1927
7,16,gender,shuffled,0.01,0.0001,0.85413,0.52932,1927
7,16,star_sign,ema_lr1e-3,0.001,0.0001,2.89369,0.07473,1927
7,16,star_sign,ema_lr5e-3,0.005,0.0001,2.66464,0.15464,1927
7,16,star_sign,ema_lr1e-2,0.01,0.0001,2.61995,0.096,1927
7,16,star_sign,ema_lr5e-2,0.05,0.0001,2.65077,0.08926,1927
7,16,star_sign,ema_lr1e-2_wd1e-3,0.01,0.001,2.63483,0.08407,1927
7,16,star_sign,ema_d0.99,0.01,0.0001,2.66977,0.05812,1927
7,16,star_sign,ema_d0.9999,0.01,0.0001,2.65381,0.07473,1927
7,16,star_sign,mlp_h16,0.001,0.0,0.93112,1.0,1927
7,16,star_sign,mlp_h32,0.001,0.0,0.80311,1.0,1927
7,16,star_sign,mlp_h64,0.001,0.0,0.24701,1.0,1927
7,16,star_sign,mlp_h128,0.001,0.0,0.08341,1.0,1927
7,16,star_sign,attention,0.0001,1e-05,470.84271,0.0,1927
7,16,star_sign,shuffled,0.01,0.0001,2.6001,0.10379,1927
7,20,age_bin,ema_lr1e-3,0.001,0.0001,1.30465,0.32849,1927
7,20,age_bin,ema_lr5e-3,0.005,0.0001,1.25773,0.36793,1927
7,20,age_bin,ema_lr1e-2,0.01,0.0001,1.32498,0.36482,1927
7,20,age_bin,ema_lr5e-2,0.05,0.0001,3.3686,0.26414,1927
7,20,age_bin,ema_lr1e-2_wd1e-3,0.01,0.001,1.26219,0.36533,1927
7,20,age_bin,ema_d0.99,0.01,0.0001,1.30232,0.32953,1927
7,20,age_bin,ema_d0.9999,0.01,0.0001,1.31973,0.33524,1927
7,20,age_bin,mlp_h16,0.001,0.0,1.05092,0.51946,1927
7,20,age_bin,mlp_h32,0.001,0.0,1.06177,0.50597,1927
7,20,age_bin,mlp_h64,0.001,0.0,1.04303,0.5288,1927
7,20,age_bin,mlp_h128,0.001,0.0,1.06216,0.51323,1927
7,20,age_bin,attention,0.0001,1e-05,79.12281,0.25781,1927
7,20,age_bin,shuffled,0.01,0.0001,1.26821,0.34665,1927
7,20,gender,ema_lr1e-3,0.001,0.0001,0.83746,0.47846,1927
7,20,gender,ema_lr5e-3,0.005,0.0001,0.80051,0.50493,1927
7,20,gender,ema_lr1e-2,0.01,0.0001,0.96954,0.54437,1927
7,20,gender,ema_lr5e-2,0.05,0.0001,2.77921,0.4001,1927
7,20,gender,ema_lr1e-2_wd1e-3,0.01,0.001,0.95952,0.45874,1927
7,20,gender,ema_d0.99,0.01,0.0001,0.9642,0.4603,1927
7,20,gender,ema_d0.9999,0.01,0.0001,0.87778,0.52984,1927
7,20,gender,mlp_h16,0.001,0.0,0.67537,0.59834,1927
7,20,gender,mlp_h32,0.001,0.0,0.67168,0.5999,1927
7,20,gender,mlp_h64,0.001,0.0,0.68873,0.57239,1927
7,20,gender,mlp_h128,0.001,0.0,0.66526,0.6082,1927
7,20,gender,attention,0.0001,1e-05,255.2764,0.4375,1927
7,20,gender,shuffled,0.01,0.0001,0.9844,0.47587,1927
7,20,star_sign,ema_lr1e-3,0.001,0.0001,2.98482,0.03736,1927
7,20,star_sign,ema_lr5e-3,0.005,0.0001,2.7685,0.07109,1927
7,20,star_sign,ema_lr1e-2,0.01,0.0001,2.64104,0.10483,1927
7,20,star_sign,ema_lr5e-2,0.05,0.0001,2.73417,0.09808,1927
7,20,star_sign,ema_lr1e-2_wd1e-3,0.01,0.001,2.62697,0.1095,1927
7,20,star_sign,ema_d0.99,0.01,0.0001,2.61847,0.10638,1927
7,20,star_sign,ema_d0.9999,0.01,0.0001,2.68777,0.08874,1927
7,20,star_sign,mlp_h16,0.001,0.0,1.68819,0.39907,1927
7,20,star_sign,mlp_h32,0.001,0.0,0.54751,1.0,1927
7,20,star_sign,mlp_h64,0.001,0.0,0.29064,1.0,1927
7,20,star_sign,mlp_h128,0.001,0.0,0.12268,1.0,1927
7,20,star_sign,attention,0.0001,1e-05,0.16509,0.98438,1927
7,20,star_sign,shuffled,0.01,0.0001,2.66716,0.09652,1927
7,24,age_bin,ema_lr1e-3,0.001,0.0001,1.41839,0.33783,1927
7,24,age_bin,ema_lr5e-3,0.005,0.0001,1.40169,0.30566,1927
7,24,age_bin,ema_lr1e-2,0.01,0.0001,1.34947,0.35444,1927
7,24,age_bin,ema_lr5e-2,0.05,0.0001,2.6004,0.23456,1927
7,24,age_bin,ema_lr1e-2_wd1e-3,0.01,0.001,1.39409,0.30981,1927
7,24,age_bin,ema_d0.99,0.01,0.0001,1.31508,0.36533,1927
7,24,age_bin,ema_d0.9999,0.01,0.0001,1.34638,0.33835,1927
7,24,age_bin,mlp_h16,0.001,0.0,1.04085,0.48832,1927
7,24,age_bin,mlp_h32,0.001,0.0,1.03876,0.51168,1927
7,24,age_bin,mlp_h64,0.001,0.0,1.01615,0.52932,1927
7,24,age_bin,mlp_h128,0.001,0.0,1.11392,0.5205,1927
7,24,age_bin,attention,0.0001,1e-05,55.27026,0.49219,1927
7,24,age_bin,shuffled,0.01,0.0001,1.3501,0.3233,1927
7,24,gender,ema_lr1e-3,0.001,0.0001,0.95179,0.4878,1927
7,24,gender,ema_lr5e-3,0.005,0.0001,0.87921,0.51375,1927
7,24,gender,ema_lr1e-2,0.01,0.0001,1.01855,0.5122,1927
7,24,gender,ema_lr5e-2,0.05,0.0001,2.64955,0.59938,1927
7,24,gender,ema_lr1e-2_wd1e-3,0.01,0.001,0.91254,0.49403,1927
7,24,gender,ema_d0.99,0.01,0.0001,0.96933,0.5096,1927
7,24,gender,ema_d0.9999,0.01,0.0001,0.99707,0.51635,1927
7,24,gender,mlp_h16,0.001,0.0,0.66771,0.60042,1927
7,24,gender,mlp_h32,0.001,0.0,0.68402,0.59159,1927
7,24,gender,mlp_h64,0.001,0.0,0.67653,0.6082,1927
7,24,gender,mlp_h128,0.001,0.0,0.7015,0.5999,1927
7,24,gender,attention,0.0001,1e-05,33.90797,0.4375,1927
7,24,gender,shuffled,0.01,0.0001,0.96507,0.5122,1927
7,24,star_sign,ema_lr1e-3,0.001,0.0001,3.05822,0.07421,1927
7,24,star_sign,ema_lr5e-3,0.005,0.0001,2.86084,0.08199,1927
7,24,star_sign,ema_lr1e-2,0.01,0.0001,2.87526,0.08978,1927
7,24,star_sign,ema_lr5e-2,0.05,0.0001,2.74715,0.13129,1927
7,24,star_sign,ema_lr1e-2_wd1e-3,0.01,0.001,2.91743,0.10067,1927
7,24,star_sign,ema_d0.99,0.01,0.0001,2.83225,0.08822,1927
7,24,star_sign,ema_d0.9999,0.01,0.0001,2.78108,0.10067,1927
7,24,star_sign,mlp_h16,0.001,0.0,0.82309,1.0,1927
7,24,star_sign,mlp_h32,0.001,0.0,1.26736,0.99689,1927
7,24,star_sign,mlp_h64,0.001,0.0,0.39643,1.0,1927
7,24,star_sign,mlp_h128,0.001,0.0,0.03834,1.0,1927
7,24,star_sign,attention,0.0001,1e-05,0.0044,1.0,1927
7,24,star_sign,shuffled,0.01,0.0001,2.84199,0.08407,1927
7,28,age_bin,ema_lr1e-3,0.001,0.0001,1.63864,0.34458,1927
7,28,age_bin,ema_lr5e-3,0.005,0.0001,1.54836,0.33212,1927
7,28,age_bin,ema_lr1e-2,0.01,0.0001,1.43165,0.3508,1927
7,28,age_bin,ema_lr5e-2,0.05,0.0001,1.36219,0.36015,1927
7,28,age_bin,ema_lr1e-2_wd1e-3,0.01,0.001,1.57724,0.34146,1927
7,28,age_bin,ema_d0.99,0.01,0.0001,1.43371,0.37052,1927
7,28,age_bin,ema_d0.9999,0.01,0.0001,1.50256,0.3451,1927
7,28,age_bin,mlp_h16,0.001,0.0,1.06154,0.42501,1927
7,28,age_bin,mlp_h32,0.001,0.0,1.05488,0.452,1927
7,28,age_bin,mlp_h64,0.001,0.0,1.03514,0.47691,1927
7,28,age_bin,mlp_h128,0.001,0.0,1.02529,0.49559,1927
7,28,age_bin,attention,0.0001,1e-05,1.91659,0.35938,1927
7,28,age_bin,shuffled,0.01,0.0001,1.54245,0.33731,1927
7,28,gender,ema_lr1e-3,0.001,0.0001,1.10394,0.50285,1927
7,28,gender,ema_lr5e-3,0.005,0.0001,1.08001,0.45823,1927
7,28,gender,ema_lr1e-2,0.01,0.0001,0.92484,0.52932,1927
7,28,gender,ema_lr5e-2,0.05,0.0001,0.89532,0.51738,1927
7,28,gender,ema_lr1e-2_wd1e-3,0.01,0.001,1.08231,0.4686,1927
7,28,gender,ema_d0.99,0.01,0.0001,0.95182,0.50389,1927
7,28,gender,ema_d0.9999,0.01,0.0001,1.03582,0.47587,1927
7,28,gender,mlp_h16,0.001,0.0,0.70112,0.52724,1927
7,28,gender,mlp_h32,0.001,0.0,0.70524,0.53036,1927
7,28,gender,mlp_h64,0.001,0.0,0.68113,0.57343,1927
7,28,gender,mlp_h128,0.001,0.0,0.70189,0.56305,1927
7,28,gender,attention,0.0001,1e-05,1.34372,0.50781,1927
7,28,gender,shuffled,0.01,0.0001,0.95357,0.4987,1927
7,28,star_sign,ema_lr1e-3,0.001,0.0001,3.37802,0.09652,1927
7,28,star_sign,ema_lr5e-3,0.005,0.0001,3.1951,0.09704,1927
7,28,star_sign,ema_lr1e-2,0.01,0.0001,3.13885,0.08147,1927
7,28,star_sign,ema_lr5e-2,0.05,0.0001,2.8133,0.15361,1927
7,28,star_sign,ema_lr1e-2_wd1e-3,0.01,0.001,3.17518,0.0685,1927
7,28,star_sign,ema_d0.99,0.01,0.0001,3.18873,0.07525,1927
7,28,star_sign,ema_d0.9999,0.01,0.0001,3.09361,0.10898,1927
7,28,star_sign,mlp_h16,0.001,0.0,2.08661,0.30047,1927
7,28,star_sign,mlp_h32,0.001,0.0,1.79959,0.74416,1927
7,28,star_sign,mlp_h64,0.001,0.0,1.52537,0.93358,1927
7,28,star_sign,mlp_h128,0.001,0.0,1.02758,0.99637,1927
7,28,star_sign,attention,0.0001,1e-05,0.02614,0.99219,1927
7,28,star_sign,shuffled,0.01,0.0001,3.21785,0.0903,1927
8,0,age_bin,ema_lr1e-3,0.001,0.0001,1.56314,0.35285,1930
8,0,age_bin,ema_lr5e-3,0.005,0.0001,1.55653,0.33212,1930
8,0,age_bin,ema_lr1e-2,0.01,0.0001,1.47376,0.33005,1930
8,0,age_bin,ema_lr5e-2,0.05,0.0001,1.44008,0.35751,1930
8,0,age_bin,ema_lr1e-2_wd1e-3,0.01,0.001,1.45058,0.33472,1930
8,0,age_bin,ema_d0.99,0.01,0.0001,1.49199,0.34508,1930
8,0,age_bin,ema_d0.9999,0.01,0.0001,1.41373,0.3487,1930
8,0,age_bin,mlp_h16,0.001,0.0,1.09325,0.4171,1930
8,0,age_bin,mlp_h32,0.001,0.0,1.09987,0.41762,1930
8,0,age_bin,mlp_h64,0.001,0.0,1.11913,0.42021,1930
8,0,age_bin,mlp_h128,0.001,0.0,1.13343,0.41503,1930
8,0,age_bin,attention,0.0001,1e-05,1.09279,0.44531,1930
8,0,age_bin,shuffled,0.01,0.0001,1.45041,0.33472,1930
8,0,gender,ema_lr1e-3,0.001,0.0001,1.18623,0.4943,1930
8,0,gender,ema_lr5e-3,0.005,0.0001,1.00843,0.50311,1930
8,0,gender,ema_lr1e-2,0.01,0.0001,0.98176,0.48653,1930
8,0,gender,ema_lr5e-2,0.05,0.0001,1.22529,0.49067,1930
8,0,gender,ema_lr1e-2_wd1e-3,0.01,0.001,0.91363,0.5,1930
8,0,gender,ema_d0.99,0.01,0.0001,0.91354,0.51036,1930
8,0,gender,ema_d0.9999,0.01,0.0001,0.94718,0.49741,1930
8,0,gender,mlp_h16,0.001,0.0,0.69724,0.52435,1930
8,0,gender,mlp_h32,0.001,0.0,0.70585,0.51554,1930
8,0,gender,mlp_h64,0.001,0.0,0.70853,0.51503,1930
8,0,gender,mlp_h128,0.001,0.0,0.71956,0.50104,1930
8,0,gender,attention,0.0001,1e-05,0.69271,0.51562,1930
8,0,gender,shuffled,0.01,0.0001,0.90992,0.51088,1930
8,0,star_sign,ema_lr1e-3,0.001,0.0001,3.25399,0.08031,1930
8,0,star_sign,ema_lr5e-3,0.005,0.0001,3.25812,0.11813,1930
8,0,star_sign,ema_lr1e-2,0.01,0.0001,3.0605,0.08238,1930
8,0,star_sign,ema_lr5e-2,0.05,0.0001,2.65845,0.10984,1930
8,0,star_sign,ema_lr1e-2_wd1e-3,0.01,0.001,3.0901,0.07565,1930
8,0,star_sign,ema_d0.99,0.01,0.0001,3.06968,0.14093,1930
8,0,star_sign,ema_d0.9999,0.01,0.0001,3.027,0.09326,1930
8,0,star_sign,mlp_h16,0.001,0.0,1.78814,0.72073,1930
8,0,star_sign,mlp_h32,0.001,0.0,0.68347,0.99637,1930
8,0,star_sign,mlp_h64,0.001,0.0,0.66485,0.99067,1930
8,0,star_sign,mlp_h128,0.001,0.0,0.51773,0.99637,1930
8,0,star_sign,attention,0.0001,1e-05,2.43322,0.97656,1930
8,0,star_sign,shuffled,0.01,0.0001,3.05974,0.07461,1930
8,4,age_bin,ema_lr1e-3,0.001,0.0001,1.2339,0.32591,1930
8,4,age_bin,ema_lr5e-3,0.005,0.0001,1.20005,0.34197,1930
8,4,age_bin,ema_lr1e-2,0.01,0.0001,1.28846,0.32073,1930
8,4,age_bin,ema_lr5e-2,0.05,0.0001,2.978,0.27254,1930
8,4,age_bin,ema_lr1e-2_wd1e-3,0.01,0.001,1.2403,0.32539,1930
8,4,age_bin,ema_d0.99,0.01,0.0001,1.2793,0.32902,1930
8,4,age_bin,ema_d0.9999,0.01,0.0001,1.24737,0.35181,1930
8,4,age_bin,mlp_h16,0.001,0.0,1.1459,0.41399,1930
8,4,age_bin,mlp_h32,0.001,0.0,1.11301,0.42591,1930
8,4,age_bin,mlp_h64,0.001,0.0,1.20995,0.41399,1930
8,4,age_bin,mlp_h128,0.001,0.0,1.17274,0.41554,1930
8,4,age_bin,attention,0.0001,1e-05,1.12999,0.41406,1930
8,4,age_bin,shuffled,0.01,0.0001,1.29975,0.33264,1930
8,4,gender,ema_lr1e-3,0.001,0.0001,0.77841,0.52694,1930
8,4,gender,ema_lr5e-3,0.005,0.0001,0.76534,0.51192,1930
8,4,gender,ema_lr1e-2,0.01,0.0001,0.86084,0.47254,1930
8,4,gender,ema_lr5e-2,0.05,0.0001,2.99866,0.48549,1930
8,4,gender,ema_lr1e-2_wd1e-3,0.01,0.001,0.83111,0.50415,1930
8,4,gender,ema_d0.99,0.01,0.0001,0.99067,0.50155,1930
8,4,gender,ema_d0.9999,0.01,0.0001,0.88865,0.48705,1930
8,4,gender,mlp_h16,0.001,0.0,0.70706,0.51606,1930
8,4,gender,mlp_h32,0.001,0.0,0.69427,0.52642,1930
8,4,gender,mlp_h64,0.001,0.0,0.73877,0.51658,1930
8,4,gender,mlp_h128,0.001,0.0,0.81441,0.51451,1930
8,4,gender,attention,0.0001,1e-05,0.72905,0.51562,1930
8,4,gender,shuffled,0.01,0.0001,0.90531,0.4943,1930
8,4,star_sign,ema_lr1e-3,0.001,0.0001,2.81159,0.04145,1930
8,4,star_sign,ema_lr5e-3,0.005,0.0001,2.63831,0.10518,1930
8,4,star_sign,ema_lr1e-2,0.01,0.0001,2.58354,0.12435,1930
8,4,star_sign,ema_lr5e-2,0.05,0.0001,2.43532,0.28394,1930
8,4,star_sign,ema_lr1e-2_wd1e-3,0.01,0.001,2.57245,0.12332,1930
8,4,star_sign,ema_d0.99,0.01,0.0001,2.59539,0.10104,1930
8,4,star_sign,ema_d0.9999,0.01,0.0001,2.61975,0.10518,1930
8,4,star_sign,mlp_h16,0.001,0.0,0.97196,0.98912,1930
8,4,star_sign,mlp_h32,0.001,0.0,0.22508,1.0,1930
8,4,star_sign,mlp_h64,0.001,0.0,0.46318,1.0,1930
8,4,star_sign,mlp_h128,0.001,0.0,0.05689,1.0,1930
8,4,star_sign,attention,0.0001,1e-05,1.2871,0.84375,1930
8,4,star_sign,shuffled,0.01,0.0001,2.57753,0.12591,1930
8,8,age_bin,ema_lr1e-3,0.001,0.0001,1.23695,0.33679,1930
8,8,age_bin,ema_lr5e-3,0.005,0.0001,1.23467,0.35803,1930
8,8,age_bin,ema_lr1e-2,0.01,0.0001,1.19737,0.36891,1930
8,8,age_bin,ema_lr5e-2,0.05,0.0001,2.65017,0.40933,1930
8,8,age_bin,ema_lr1e-2_wd1e-3,0.01,0.001,1.26437,0.32953,1930
8,8,age_bin,ema_d0.99,0.01,0.0001,1.23716,0.33886,1930
8,8,age_bin,ema_d0.9999,0.01,0.0001,1.22767,0.31969,1930
8,8,age_bin,mlp_h16,0.001,0.0,1.14639,0.42021,1930
8,8,age_bin,mlp_h32,0.001,0.0,1.1405,0.4171,1930
8,8,age_bin,mlp_h64,0.001,0.0,1.12874,0.42591,1930
8,8,age_bin,mlp_h128,0.001,0.0,1.18971,0.42642,1930
8,8,age_bin,attention,0.0001,1e-05,1.13774,0.4375,1930
8,8,age_bin,shuffled,0.01,0.0001,1.20636,0.32487,1930
8,8,gender,ema_lr1e-3,0.001,0.0001,0.77239,0.50725,1930
8,8,gender,ema_lr5e-3,0.005,0.0001,0.82092,0.48083,1930
8,8,gender,ema_lr1e-2,0.01,0.0001,0.87459,0.48705,1930
8,8,gender,ema_lr5e-2,0.05,0.0001,4.21179,0.51451,1930
8,8,gender,ema_lr1e-2_wd1e-3,0.01,0.001,0.97914,0.48653,1930
8,8,gender,ema_d0.99,0.01,0.0001,0.96977,0.52021,1930
8,8,gender,ema_d0.9999,0.01,0.0001,0.85481,0.50518,1930
8,8,gender,mlp_h16,0.001,0.0,0.73481,0.51399,1930
8,8,gender,mlp_h32,0.001,0.0,0.69968,0.51917,1930
8,8,gender,mlp_h64,0.001,0.0,0.78312,0.51244,1930
8,8,gender,mlp_h128,0.001,0.0,0.81631,0.51606,1930
8,8,gender,attention,0.0001,1e-05,0.71151,0.59375,1930
8,8,gender,shuffled,0.01,0.0001,0.88511,0.51244,1930
8,8,star_sign,ema_lr1e-3,0.001,0.0001,2.78014,0.10155,1930
8,8,star_sign,ema_lr5e-3,0.005,0.0001,2.67928,0.12124,1930
8,8,star_sign,ema_lr1e-2,0.01,0.0001,2.61793,0.10881,1930
8,8,star_sign,ema_lr5e-2,0.05,0.0001,3.27958,0.93316,1930
8,8,star_sign,ema_lr1e-2_wd1e-3,0.01,0.001,2.58394,0.13627,1930
8,8,star_sign,ema_d0.99,0.01,0.0001,2.61185,0.10518,1930
8,8,star_sign,ema_d0.9999,0.01,0.0001,2.64995,0.11244,1930
8,8,star_sign,mlp_h16,0.001,0.0,2.1917,0.06632,1930
8,8,star_sign,mlp_h32,0.001,0.0,1.27097,1.0,1930
8,8,star_sign,mlp_h64,0.001,0.0,0.22725,1.0,1930
8,8,star_sign,mlp_h128,0.001,0.0,0.03744,1.0,1930
8,8,star_sign,attention,0.0001,1e-05,0.0,1.0,1930
8,8,star_sign,shuffled,0.01,0.0001,2.61952,0.10363,1930
8,12,age_bin,ema_lr1e-3,0.001,0.0001,1.27404,0.3658,1930
8,12,age_bin,ema_lr5e-3,0.005,0.0001,1.2076,0.3601,1930
8,12,age_bin,ema_lr1e-2,0.01,0.0001,1.22115,0.33731,1930
8,12,age_bin,ema_lr5e-2,0.05,0.0001,3.35094,0.41503,1930
8,12,age_bin,ema_lr1e-2_wd1e-3,0.01,0.001,1.24042,0.33005,1930
8,12,age_bin,ema_d0.99,0.01,0.0001,1.28299,0.31088,1930
8,12,age_bin,ema_d0.9999,0.01,0.0001,1.22194,0.3601,1930
8,12,age_bin,mlp_h16,0.001,0.0,1.13403,0.42539,1930
8,12,age_bin,mlp_h32,0.001,0.0,1.15498,0.41451,1930
8,12,age_bin,mlp_h64,0.001,0.0,1.14034,0.42694,1930
8,12,age_bin,mlp_h128,0.001,0.0,1.11103,0.42591,1930
8,12,age_bin,attention,0.0001,1e-05,227.55237,0.44531,1930
8,12,age_bin,shuffled,0.01,0.0001,1.26239,0.32487,1930
8,12,gender,ema_lr1e-3,0.001,0.0001,0.79567,0.50363,1930
8,12,gender,ema_lr5e-3,0.005,0.0001,0.79634,0.50518,1930
8,12,gender,ema_lr1e-2,0.01,0.0001,0.97772,0.49171,1930
8,12,gender,ema_lr5e-2,0.05,0.0001,4.05218,0.51451,1930
8,12,gender,ema_lr1e-2_wd1e-3,0.01,0.001,0.90186,0.4772,1930
8,12,gender,ema_d0.99,0.01,0.0001,0.84387,0.50207,1930
8,12,gender,ema_d0.9999,0.01,0.0001,0.93761,0.51606,1930
8,12,gender,mlp_h16,0.001,0.0,0.72094,0.51606,1930
8,12,gender,mlp_h32,0.001,0.0,0.71049,0.51295,1930
8,12,gender,mlp_h64,0.001,0.0,0.79249,0.51451,1930
8,12,gender,mlp_h128,0.001,0.0,0.87394,0.51451,1930
8,12,gender,attention,0.0001,1e-05,0.70968,0.59375,1930
8,12,gender,shuffled,0.01,0.0001,0.89208,0.48497,1930
8,12,star_sign,ema_lr1e-3,0.001,0.0001,2.88005,0.05026,1930
8,12,star_sign,ema_lr5e-3,0.005,0.0001,2.68136,0.08394,1930
8,12,star_sign,ema_lr1e-2,0.01,0.0001,2.60515,0.1,1930
8,12,star_sign,ema_lr5e-2,0.05,0.0001,3.27268,0.93368,1930
8,12,star_sign,ema_lr1e-2_wd1e-3,0.01,0.001,2.66325,0.09845,1930
8,12,star_sign,ema_d0.99,0.01,0.0001,2.61151,0.08756,1930
8,12,star_sign,ema_d0.9999,0.01,0.0001,2.6634,0.11969,1930
8,12,star_sign,mlp_h16,0.001,0.0,1.24196,1.0,1930
8,12,star_sign,mlp_h32,0.001,0.0,1.05004,0.99948,1930
8,12,star_sign,mlp_h64,0.001,0.0,0.37763,1.0,1930
8,12,star_sign,mlp_h128,0.001,0.0,0.08385,1.0,1930
8,12,star_sign,attention,0.0001,1e-05,247.41936,0.0,1930
8,12,star_sign,shuffled,0.01,0.0001,2.59967,0.1114,1930
8,16,age_bin,ema_lr1e-3,0.001,0.0001,1.25389,0.33368,1930
8,16,age_bin,ema_lr5e-3,0.005,0.0001,1.1961,0.32642,1930
8,16,age_bin,ema_lr1e-2,0.01,0.0001,1.22032,0.32539,1930
8,16,age_bin,ema_lr5e-2,0.05,0.0001,2.84882,0.27254,1930
8,16,age_bin,ema_lr1e-2_wd1e-3,0.01,0.001,1.22766,0.3513,1930
8,16,age_bin,ema_d0.99,0.01,0.0001,1.259,0.34404,1930
8,16,age_bin,ema_d0.9999,0.01,0.0001,1.2687,0.33109,1930
8,16,age_bin,mlp_h16,0.001,0.0,1.12864,0.42591,1930
8,16,age_bin,mlp_h32,0.001,0.0,1.11519,0.42332,1930
8,16,age_bin,mlp_h64,0.001,0.0,1.10837,0.42591,1930
8,16,age_bin,mlp_h128,0.001,0.0,1.13051,0.42591,1930
8,16,age_bin,attention,0.0001,1e-05,1.20194,0.41406,1930
8,16,age_bin,shuffled,0.01,0.0001,1.2922,0.3228,1930
8,16,gender,ema_lr1e-3,0.001,0.0001,0.80151,0.48031,1930
8,16,gender,ema_lr5e-3,0.005,0.0001,0.78277,0.4943,1930
8,16,gender,ema_lr1e-2,0.01,0.0001,0.80798,0.51762,1930
8,16,gender,ema_lr5e-2,0.05,0.0001,4.1082,0.51451,1930
8,16,gender,ema_lr1e-2_wd1e-3,0.01,0.001,0.88353,0.45544,1930
8,16,gender,ema_d0.99,0.01,0.0001,0.95134,0.49482,1930
8,16,gender,ema_d0.9999,0.01,0.0001,0.95385,0.51192,1930
8,16,gender,mlp_h16,0.001,0.0,0.71839,0.49119,1930
8,16,gender,mlp_h32,0.001,0.0,0.7274,0.51503,1930
8,16,gender,mlp_h64,0.001,0.0,0.69673,0.52228,1930
8,16,gender,mlp_h128,0.001,0.0,0.85492,0.51451,1930
8,16,gender,attention,0.0001,1e-05,199.43025,0.50781,1930
8,16,gender,shuffled,0.01,0.0001,0.98883,0.4886,1930
8,16,star_sign,ema_lr1e-3,0.001,0.0001,2.83553,0.08238,1930
8,16,star_sign,ema_lr5e-3,0.005,0.0001,2.66096,0.17098,1930
8,16,star_sign,ema_lr1e-2,0.01,0.0001,2.61877,0.11036,1930
8,16,star_sign,ema_lr5e-2,0.05,0.0001,3.26153,0.93368,1930
8,16,star_sign,ema_lr1e-2_wd1e-3,0.01,0.001,2.60409,0.1114,1930
8,16,star_sign,ema_d0.99,0.01,0.0001,2.61497,0.07565,1930
8,16,star_sign,ema_d0.9999,0.01,0.0001,2.62833,0.08964,1930
8,16,star_sign,mlp_h16,0.001,0.0,0.78925,1.0,1930
8,16,star_sign,mlp_h32,0.001,0.0,0.63855,1.0,1930
8,16,star_sign,mlp_h64,0.001,0.0,0.15183,1.0,1930
8,16,star_sign,mlp_h128,0.001,0.0,0.04322,1.0,1930
8,16,star_sign,attention,0.0001,1e-05,408.53568,0.0,1930
8,16,star_sign,shuffled,0.01,0.0001,2.62367,0.09896,1930
8,20,age_bin,ema_lr1e-3,0.001,0.0001,1.27741,0.33264,1930
8,20,age_bin,ema_lr5e-3,0.005,0.0001,1.30235,0.30984,1930
8,20,age_bin,ema_lr1e-2,0.01,0.0001,1.25149,0.33316,1930
8,20,age_bin,ema_lr5e-2,0.05,0.0001,2.66634,0.41347,1930
8,20,age_bin,ema_lr1e-2_wd1e-3,0.01,0.001,1.27133,0.35181,1930
8,20,age_bin,ema_d0.99,0.01,0.0001,1.28919,0.34041,1930
8,20,age_bin,ema_d0.9999,0.01,0.0001,1.32078,0.32228,1930
8,20,age_bin,mlp_h16,0.001,0.0,1.13595,0.41813,1930
8,20,age_bin,mlp_h32,0.001,0.0,1.10335,0.42953,1930
8,20,age_bin,mlp_h64,0.001,0.0,1.11352,0.41762,1930
8,20,age_bin,mlp_h128,0.001,0.0,1.10843,0.44404,1930
8,20,age_bin,attention,0.0001,1e-05,72.68202,0.26562,1930
8,20,age_bin,shuffled,0.01,0.0001,1.31201,0.31917,1930
8,20,gender,ema_lr1e-3,0.001,0.0001,0.83441,0.50518,1930
8,20,gender,ema_lr5e-3,0.005,0.0001,0.79161,0.51606,1930
8,20,gender,ema_lr1e-2,0.01,0.0001,0.91899,0.48238,1930
8,20,gender,ema_lr5e-2,0.05,0.0001,3.6614,0.51451,1930
8,20,gender,ema_lr1e-2_wd1e-3,0.01,0.001,0.94937,0.52021,1930
8,20,gender,ema_d0.99,0.01,0.0001,0.95052,0.5114,1930
8,20,gender,ema_d0.9999,0.01,0.0001,0.908,0.47306,1930
8,20,gender,mlp_h16,0.001,0.0,0.72501,0.5114,1930
8,20,gender,mlp_h32,0.001,0.0,0.74631,0.51295,1930
8,20,gender,mlp_h64,0.001,0.0,0.70832,0.51554,1930
8,20,gender,mlp_h128,0.001,0.0,0.72783,0.53005,1930
8,20,gender,attention,0.0001,1e-05,193.12804,0.50781,1930
8,20,gender,shuffled,0.01,0.0001,0.95048,0.49585,1930
8,20,star_sign,ema_lr1e-3,0.001,0.0001,3.01714,0.04922,1930
8,20,star_sign,ema_lr5e-3,0.005,0.0001,2.68093,0.09482,1930
8,20,star_sign,ema_lr1e-2,0.01,0.0001,2.68494,0.10311,1930
8,20,star_sign,ema_lr5e-2,0.05,0.0001,3.07312,0.92746,1930
8,20,star_sign,ema_lr1e-2_wd1e-3,0.01,0.001,2.70665,0.11295,1930
8,20,star_sign,ema_d0.99,0.01,0.0001,2.64768,0.10777,1930
8,20,star_sign,ema_d0.9999,0.01,0.0001,2.6998,0.08446,1930
8,20,star_sign,mlp_h16,0.001,0.0,1.61844,0.29067,1930
8,20,star_sign,mlp_h32,0.001,0.0,0.38505,1.0,1930
8,20,star_sign,mlp_h64,0.001,0.0,0.18425,1.0,1930
8,20,star_sign,mlp_h128,0.001,0.0,0.06429,1.0,1930
8,20,star_sign,attention,0.0001,1e-05,0.12882,0.99219,1930
8,20,star_sign,shuffled,0.01,0.0001,2.6762,0.1,1930
8,24,age_bin,ema_lr1e-3,0.001,0.0001,1.42106,0.3342,1930
8,24,age_bin,ema_lr5e-3,0.005,0.0001,1.43603,0.30104,1930
8,24,age_bin,ema_lr1e-2,0.01,0.0001,1.23565,0.39482,1930
8,24,age_bin,ema_lr5e-2,0.05,0.0001,1.82764,0.34404,1930
8,24,age_bin,ema_lr1e-2_wd1e-3,0.01,0.001,1.3654,0.34041,1930
8,24,age_bin,ema_d0.99,0.01,0.0001,1.32006,0.34974,1930
8,24,age_bin,ema_d0.9999,0.01,0.0001,1.30378,0.3601,1930
8,24,age_bin,mlp_h16,0.001,0.0,1.08915,0.42176,1930
8,24,age_bin,mlp_h32,0.001,0.0,1.10049,0.42176,1930
8,24,age_bin,mlp_h64,0.001,0.0,1.11107,0.42487,1930
8,24,age_bin,mlp_h128,0.001,0.0,1.17473,0.4285,1930
8,24,age_bin,attention,0.0001,1e-05,60.87291,0.44531,1930
8,24,age_bin,shuffled,0.01,0.0001,1.38458,0.33368,1930
8,24,gender,ema_lr1e-3,0.001,0.0001,0.86326,0.53161,1930
8,24,gender,ema_lr5e-3,0.005,0.0001,0.83463,0.53627,1930
8,24,gender,ema_lr1e-2,0.01,0.0001,0.92847,0.49275,1930
8,24,gender,ema_lr5e-2,0.05,0.0001,1.74681,0.48964,1930
8,24,gender,ema_lr1e-2_wd1e-3,0.01,0.001,0.96798,0.49482,1930
8,24,gender,ema_d0.99,0.01,0.0001,0.88198,0.5057,1930
8,24,gender,ema_d0.9999,0.01,0.0001,0.87331,0.5114,1930
8,24,gender,mlp_h16,0.001,0.0,0.70166,0.53679,1930
8,24,gender,mlp_h32,0.001,0.0,0.71231,0.52953,1930
8,24,gender,mlp_h64,0.001,0.0,0.71601,0.52487,1930
8,24,gender,mlp_h128,0.001,0.0,0.77618,0.51813,1930
8,24,gender,attention,0.0001,1e-05,36.669,0.50781,1930
8,24,gender,shuffled,0.01,0.0001,0.92645,0.48446,1930
8,24,star_sign,ema_lr1e-3,0.001,0.0001,3.00555,0.09637,1930
8,24,star_sign,ema_lr5e-3,0.005,0.0001,2.91782,0.07202,1930
8,24,star_sign,ema_lr1e-2,0.01,0.0001,2.85384,0.09482,1930
8,24,star_sign,ema_lr5e-2,0.05,0.0001,2.86311,0.78187,1930
8,24,star_sign,ema_lr1e-2_wd1e-3,0.01,0.001,2.85369,0.10104,1930
8,24,star_sign,ema_d0.99,0.01,0.0001,2.74719,0.12642,1930
8,24,star_sign,ema_d0.9999,0.01,0.0001,2.83803,0.08187,1930
8,24,star_sign,mlp_h16,0.001,0.0,0.66889,1.0,1930
8,24,star_sign,mlp_h32,0.001,0.0,1.09909,0.99896,1930
8,24,star_sign,mlp_h64,0.001,0.0,0.26423,1.0,1930
8,24,star_sign,mlp_h128,0.001,0.0,0.01863,1.0,1930
8,24,star_sign,attention,0.0001,1e-05,0.00215,1.0,1930
8,24,star_sign,shuffled,0.01,0.0001,2.78864,0.10622,1930
8,28,age_bin,ema_lr1e-3,0.001,0.0001,1.59475,0.32642,1930
8,28,age_bin,ema_lr5e-3,0.005,0.0001,1.49532,0.34974,1930
8,28,age_bin,ema_lr1e-2,0.01,0.0001,1.55676,0.31969,1930
8,28,age_bin,ema_lr5e-2,0.05,0.0001,1.28982,0.40363,1930
8,28,age_bin,ema_lr1e-2_wd1e-3,0.01,0.001,1.45565,0.36062,1930
8,28,age_bin,ema_d0.99,0.01,0.0001,1.53533,0.32332,1930
8,28,age_bin,ema_d0.9999,0.01,0.0001,1.5097,0.32953,1930
8,28,age_bin,mlp_h16,0.001,0.0,1.05609,0.44041,1930
8,28,age_bin,mlp_h32,0.001,0.0,1.03049,0.48187,1930
8,28,age_bin,mlp_h64,0.001,0.0,1.01595,0.48187,1930
8,28,age_bin,mlp_h128,0.001,0.0,1.03436,0.48238,1930
8,28,age_bin,attention,0.0001,1e-05,1.94976,0.34375,1930
8,28,age_bin,shuffled,0.01,0.0001,1.5222,0.33316,1930
8,28,gender,ema_lr1e-3,0.001,0.0001,1.06056,0.50518,1930
8,28,gender,ema_lr5e-3,0.005,0.0001,1.00914,0.4943,1930
8,28,gender,ema_lr1e-2,0.01,0.0001,0.98305,0.49326,1930
8,28,gender,ema_lr5e-2,0.05,0.0001,0.89266,0.50259,1930
8,28,gender,ema_lr1e-2_wd1e-3,0.01,0.001,1.01621,0.48964,1930
8,28,gender,ema_d0.99,0.01,0.0001,0.95301,0.50311,1930
8,28,gender,ema_d0.9999,0.01,0.0001,0.98964,0.49534,1930
8,28,gender,mlp_h16,0.001,0.0,0.68271,0.56114,1930
8,28,gender,mlp_h32,0.001,0.0,0.68683,0.55648,1930
8,28,gender,mlp_h64,0.001,0.0,0.67896,0.58808,1930
8,28,gender,mlp_h128,0.001,0.0,0.68018,0.58601,1930
8,28,gender,attention,0.0001,1e-05,1.59831,0.44531,1930
8,28,gender,shuffled,0.01,0.0001,0.98496,0.49896,1930
8,28,star_sign,ema_lr1e-3,0.001,0.0001,3.19711,0.10933,1930
8,28,star_sign,ema_lr5e-3,0.005,0.0001,3.28281,0.09119,1930
8,28,star_sign,ema_lr1e-2,0.01,0.0001,3.14867,0.08394,1930
8,28,star_sign,ema_lr5e-2,0.05,0.0001,2.74301,0.15907,1930
8,28,star_sign,ema_lr1e-2_wd1e-3,0.01,0.001,3.16211,0.09016,1930
8,28,star_sign,ema_d0.99,0.01,0.0001,3.26611,0.06477,1930
8,28,star_sign,ema_d0.9999,0.01,0.0001,3.03007,0.12073,1930
8,28,star_sign,mlp_h16,0.001,0.0,2.00488,0.33679,1930
8,28,star_sign,mlp_h32,0.001,0.0,1.71507,0.7829,1930
8,28,star_sign,mlp_h64,0.001,0.0,1.3626,0.94974,1930
8,28,star_sign,mlp_h128,0.001,0.0,0.83709,0.99793,1930
8,28,star_sign,attention,0.0001,1e-05,0.00695,1.0,1930
8,28,star_sign,shuffled,0.01,0.0001,3.22624,0.07254,1930
9,0,age_bin,ema_lr1e-3,0.001,0.0001,1.63235,0.33018,1905
9,0,age_bin,ema_lr5e-3,0.005,0.0001,1.55664,0.33018,1905
9,0,age_bin,ema_lr1e-2,0.01,0.0001,1.51081,0.32703,1905
9,0,age_bin,ema_lr5e-2,0.05,0.0001,1.46426,0.38635,1905
9,0,age_bin,ema_lr1e-2_wd1e-3,0.01,0.001,1.39307,0.35748,1905
9,0,age_bin,ema_d0.99,0.01,0.0001,1.48642,0.30341,1905
9,0,age_bin,ema_d0.9999,0.01,0.0001,1.47479,0.33753,1905
9,0,age_bin,mlp_h16,0.001,0.0,1.02679,0.52808,1905
9,0,age_bin,mlp_h32,0.001,0.0,1.02811,0.52493,1905
9,0,age_bin,mlp_h64,0.001,0.0,1.0246,0.52493,1905
9,0,age_bin,mlp_h128,0.001,0.0,1.02803,0.53176,1905
9,0,age_bin,attention,0.0001,1e-05,1.08757,0.52344,1905
9,0,age_bin,shuffled,0.01,0.0001,1.48238,0.30971,1905
9,0,gender,ema_lr1e-3,0.001,0.0001,1.14642,0.48976,1905
9,0,gender,ema_lr5e-3,0.005,0.0001,1.01017,0.50499,1905
9,0,gender,ema_lr1e-2,0.01,0.0001,0.96358,0.51286,1905
9,0,gender,ema_lr5e-2,0.05,0.0001,1.41947,0.50079,1905
9,0,gender,ema_lr1e-2_wd1e-3,0.01,0.001,0.91179,0.49396,1905
9,0,gender,ema_d0.99,0.01,0.0001,0.92872,0.50551,1905
9,0,gender,ema_d0.9999,0.01,0.0001,0.95734,0.48451,1905
9,0,gender,mlp_h16,0.001,0.0,0.69464,0.52966,1905
9,0,gender,mlp_h32,0.001,0.0,0.71047,0.53071,1905
9,0,gender,mlp_h64,0.001,0.0,0.70887,0.53753,1905
9,0,gender,mlp_h128,0.001,0.0,0.70825,0.52178,1905
9,0,gender,attention,0.0001,1e-05,0.69313,0.5,1905
9,0,gender,shuffled,0.01,0.0001,0.9583,0.49711,1905
9,0,star_sign,ema_lr1e-3,0.001,0.0001,3.28113,0.08871,1905
9,0,star_sign,ema_lr5e-3,0.005,0.0001,3.23806,0.12966,1905
9,0,star_sign,ema_lr1e-2,0.01,0.0001,3.07781,0.08504,1905
9,0,star_sign,ema_lr5e-2,0.05,0.0001,2.61236,0.24987,1905
9,0,star_sign,ema_lr1e-2_wd1e-3,0.01,0.001,3.10257,0.07769,1905
9,0,star_sign,ema_d0.99,0.01,0.0001,3.02023,0.14751,1905
9,0,star_sign,ema_d0.9999,0.01,0.0001,3.0801,0.09659,1905
9,0,star_sign,mlp_h16,0.001,0.0,1.69284,0.7706,1905
9,0,star_sign,mlp_h32,0.001,0.0,0.58174,0.99475,1905
9,0,star_sign,mlp_h64,0.001,0.0,0.54395,0.99528,1905
9,0,star_sign,mlp_h128,0.001,0.0,0.4022,0.99738,1905
9,0,star_sign,attention,0.0001,1e-05,2.428,0.98438,1905
9,0,star_sign,shuffled,0.01,0.0001,3.06157,0.06194,1905
9,4,age_bin,ema_lr1e-3,0.001,0.0001,1.2446,0.32336,1905
9,4,age_bin,ema_lr5e-3,0.005,0.0001,1.18104,0.33911,1905
9,4,age_bin,ema_lr1e-2,0.01,0.0001,1.23622,0.32493,1905
9,4,age_bin,ema_lr5e-2,0.05,0.0001,3.56869,0.21995,1905
9,4,age_bin,ema_lr1e-2_wd1e-3,0.01,0.001,1.22806,0.35538,1905
9,4,age_bin,ema_d0.99,0.01,0.0001,1.23768,0.33281,1905
9,4,age_bin,ema_d0.9999,0.01,0.0001,1.25574,0.35276,1905
9,4,age_bin,mlp_h16,0.001,0.0,1.01191,0.54173,1905
9,4,age_bin,mlp_h32,0.001,0.0,1.01362,0.54698,1905
9,4,age_bin,mlp_h64,0.001,0.0,1.01978,0.54961,1905
9,4,age_bin,mlp_h128,0.001,0.0,1.03654,0.53123,1905
9,4,age_bin,attention,0.0001,1e-05,1.07577,0.4375,1905
9,4,age_bin,shuffled,0.01,0.0001,1.24495,0.35906,1905
9,4,gender,ema_lr1e-3,0.001,0.0001,0.79596,0.49081,1905
9,4,gender,ema_lr5e-3,0.005,0.0001,0.76367,0.50971,1905
9,4,gender,ema_lr1e-2,0.01,0.0001,0.89355,0.51286,1905
9,4,gender,ema_lr5e-2,0.05,0.0001,3.95206,0.54068,1905
9,4,gender,ema_lr1e-2_wd1e-3,0.01,0.001,0.90228,0.55276,1905
9,4,gender,ema_d0.99,0.01,0.0001,0.89691,0.46667,1905
9,4,gender,ema_d0.9999,0.01,0.0001,0.92003,0.49921,1905
9,4,gender,mlp_h16,0.001,0.0,0.70567,0.54016,1905
9,4,gender,mlp_h32,0.001,0.0,0.68777,0.55013,1905
9,4,gender,mlp_h64,0.001,0.0,0.76555,0.54068,1905
9,4,gender,mlp_h128,0.001,0.0,0.74438,0.54436,1905
9,4,gender,attention,0.0001,1e-05,0.67451,0.625,1905
9,4,gender,shuffled,0.01,0.0001,0.98386,0.51024,1905
9,4,star_sign,ema_lr1e-3,0.001,0.0001,2.83539,0.04252,1905
9,4,star_sign,ema_lr5e-3,0.005,0.0001,2.65082,0.09291,1905
9,4,star_sign,ema_lr1e-2,0.01,0.0001,2.57702,0.13018,1905
9,4,star_sign,ema_lr5e-2,0.05,0.0001,2.45745,0.13281,1905
9,4,star_sign,ema_lr1e-2_wd1e-3,0.01,0.001,2.60346,0.11654,1905
9,4,star_sign,ema_d0.99,0.01,0.0001,2.57419,0.09659,1905
9,4,star_sign,ema_d0.9999,0.01,0.0001,2.59806,0.12493,1905
9,4,star_sign,mlp_h16,0.001,0.0,0.85754,0.94698,1905
9,4,star_sign,mlp_h32,0.001,0.0,0.15284,1.0,1905
9,4,star_sign,mlp_h64,0.001,0.0,0.32923,1.0,1905
9,4,star_sign,mlp_h128,0.001,0.0,0.02965,1.0,1905
9,4,star_sign,attention,0.0001,1e-05,1.08437,0.91406,1905
9,4,star_sign,shuffled,0.01,0.0001,2.56527,0.11654,1905
9,8,age_bin,ema_lr1e-3,0.001,0.0001,1.25538,0.34331,1905
9,8,age_bin,ema_lr5e-3,0.005,0.0001,1.23503,0.33018,1905
9,8,age_bin,ema_lr1e-2,0.01,0.0001,1.21826,0.35381,1905
9,8,age_bin,ema_lr5e-2,0.05,0.0001,3.41699,0.25144,1905
9,8,age_bin,ema_lr1e-2_wd1e-3,0.01,0.001,1.28224,0.30814,1905
9,8,age_bin,ema_d0.99,0.01,0.0001,1.27595,0.30709,1905
9,8,age_bin,ema_d0.9999,0.01,0.0001,1.21962,0.34856,1905
9,8,age_bin,mlp_h16,0.001,0.0,1.03458,0.52861,1905
9,8,age_bin,mlp_h32,0.001,0.0,1.02082,0.53071,1905
9,8,age_bin,mlp_h64,0.001,0.0,1.02085,0.54856,1905
9,8,age_bin,mlp_h128,0.001,0.0,1.05688,0.55013,1905
9,8,age_bin,attention,0.0001,1e-05,1.06072,0.40625,1905
9,8,age_bin,shuffled,0.01,0.0001,1.2072,0.33228,1905
9,8,gender,ema_lr1e-3,0.001,0.0001,0.79852,0.48661,1905
9,8,gender,ema_lr5e-3,0.005,0.0001,0.75967,0.52546,1905
9,8,gender,ema_lr1e-2,0.01,0.0001,0.90641,0.50236,1905
9,8,gender,ema_lr5e-2,0.05,0.0001,2.65124,0.45932,1905
9,8,gender,ema_lr1e-2_wd1e-3,0.01,0.001,0.92942,0.46667,1905
9,8,gender,ema_d0.99,0.01,0.0001,0.86598,0.50341,1905
9,8,gender,ema_d0.9999,0.01,0.0001,0.92472,0.51129,1905
9,8,gender,mlp_h16,0.001,0.0,0.71208,0.53806,1905
9,8,gender,mlp_h32,0.001,0.0,0.68451,0.54383,1905
9,8,gender,mlp_h64,0.001,0.0,0.78034,0.53963,1905
9,8,gender,mlp_h128,0.001,0.0,0.71404,0.55328,1905
9,8,gender,attention,0.0001,1e-05,0.76636,0.46875,1905
9,8,gender,shuffled,0.01,0.0001,0.94568,0.48031,1905
9,8,star_sign,ema_lr1e-3,0.001,0.0001,2.7919,0.09081,1905
9,8,star_sign,ema_lr5e-3,0.005,0.0001,2.64921,0.12441,1905
9,8,star_sign,ema_lr1e-2,0.01,0.0001,2.61931,0.11444,1905
9,8,star_sign,ema_lr5e-2,0.05,0.0001,2.42131,0.37585,1905
9,8,star_sign,ema_lr1e-2_wd1e-3,0.01,0.001,2.6277,0.14121,1905
9,8,star_sign,ema_d0.99,0.01,0.0001,2.61179,0.11654,1905
9,8,star_sign,ema_d0.9999,0.01,0.0001,2.59462,0.13648,1905
9,8,star_sign,mlp_h16,0.001,0.0,2.17902,0.06719,1905
9,8,star_sign,mlp_h32,0.001,0.0,1.14417,1.0,1905
9,8,star_sign,mlp_h64,0.001,0.0,0.14808,1.0,1905
9,8,star_sign,mlp_h128,0.001,0.0,0.01984,1.0,1905
9,8,star_sign,attention,0.0001,1e-05,0.0,1.0,1905
9,8,star_sign,shuffled,0.01,0.0001,2.62757,0.09606,1905
9,12,age_bin,ema_lr1e-3,0.001,0.0001,1.27305,0.35381,1905
9,12,age_bin,ema_lr5e-3,0.005,0.0001,1.24201,0.34016,1905
9,12,age_bin,ema_lr1e-2,0.01,0.0001,1.20902,0.38058,1905
9,12,age_bin,ema_lr5e-2,0.05,0.0001,3.17683,0.25197,1905
9,12,age_bin,ema_lr1e-2_wd1e-3,0.01,0.001,1.24921,0.31969,1905
9,12,age_bin,ema_d0.99,0.01,0.0001,1.25822,0.31076,1905
9,12,age_bin,ema_d0.9999,0.01,0.0001,1.27448,0.32861,1905
9,12,age_bin,mlp_h16,0.001,0.0,1.01996,0.54961,1905
9,12,age_bin,mlp_h32,0.001,0.0,1.01049,0.54961,1905
9,12,age_bin,mlp_h64,0.001,0.0,1.10704,0.52808,1905
9,12,age_bin,mlp_h128,0.001,0.0,1.02188,0.53543,1905
9,12,age_bin,attention,0.0001,1e-05,187.99445,0.53125,1905
9,12,age_bin,shuffled,0.01,0.0001,1.24177,0.34331,1905
9,12,gender,ema_lr1e-3,0.001,0.0001,0.78609,0.50656,1905
9,12,gender,ema_lr5e-3,0.005,0.0001,0.81206,0.46299,1905
9,12,gender,ema_lr1e-2,0.01,0.0001,0.866,0.49554,1905
9,12,gender,ema_lr5e-2,0.05,0.0001,2.72586,0.45932,1905
9,12,gender,ema_lr1e-2_wd1e-3,0.01,0.001,0.87746,0.52546,1905
9,12,gender,ema_d0.99,0.01,0.0001,0.8926,0.55433,1905
9,12,gender,ema_d0.9999,0.01,0.0001,0.89901,0.47717,1905
9,12,gender,mlp_h16,0.001,0.0,0.69361,0.54751,1905
9,12,gender,mlp_h32,0.001,0.0,0.69831,0.54226,1905
9,12,gender,mlp_h64,0.001,0.0,0.72845,0.54278,1905
9,12,gender,mlp_h128,0.001,0.0,0.79236,0.54068,1905
9,12,gender,attention,0.0001,1e-05,0.78209,0.46094,1905
9,12,gender,shuffled,0.01,0.0001,1.02111,0.50341,1905
9,12,star_sign,ema_lr1e-3,0.001,0.0001,2.8404,0.05197,1905
9,12,star_sign,ema_lr5e-3,0.005,0.0001,2.6781,0.09081,1905
9,12,star_sign,ema_lr1e-2,0.01,0.0001,2.57658,0.09921,1905
9,12,star_sign,ema_lr5e-2,0.05,0.0001,2.40943,0.31129,1905
9,12,star_sign,ema_lr1e-2_wd1e-3,0.01,0.001,2.61176,0.12073,1905
9,12,star_sign,ema_d0.99,0.01,0.0001,2.57248,0.09134,1905
9,12,star_sign,ema_d0.9999,0.01,0.0001,2.65141,0.12651,1905
9,12,star_sign,mlp_h16,0.001,0.0,1.13678,1.0,1905
9,12,star_sign,mlp_h32,0.001,0.0,0.92359,1.0,1905
9,12,star_sign,mlp_h64,0.001,0.0,0.25554,1.0,1905
9,12,star_sign,mlp_h128,0.001,0.0,0.0461,1.0,1905
9,12,star_sign,attention,0.0001,1e-05,198.61891,0.0,1905
9,12,star_sign,shuffled,0.01,0.0001,2.58734,0.11444,1905
9,16,age_bin,ema_lr1e-3,0.001,0.0001,1.25378,0.33386,1905
9,16,age_bin,ema_lr5e-3,0.005,0.0001,1.23438,0.32126,1905
9,16,age_bin,ema_lr1e-2,0.01,0.0001,1.20672,0.34436,1905
9,16,age_bin,ema_lr5e-2,0.05,0.0001,3.03729,0.23517,1905
9,16,age_bin,ema_lr1e-2_wd1e-3,0.01,0.001,1.23639,0.3643,1905
9,16,age_bin,ema_d0.99,0.01,0.0001,1.23314,0.33701,1905
9,16,age_bin,ema_d0.9999,0.01,0.0001,1.24481,0.32336,1905
9,16,age_bin,mlp_h16,0.001,0.0,1.0014,0.54961,1905
9,16,age_bin,mlp_h32,0.001,0.0,1.02389,0.54593,1905
9,16,age_bin,mlp_h64,0.001,0.0,1.00888,0.54961,1905
9,16,age_bin,mlp_h128,0.001,0.0,1.01601,0.53911,1905
9,16,age_bin,attention,0.0001,1e-05,1.12943,0.47656,1905
9,16,age_bin,shuffled,0.01,0.0001,1.20732,0.37218,1905
9,16,gender,ema_lr1e-3,0.001,0.0001,0.833,0.50131,1905
9,16,gender,ema_lr5e-3,0.005,0.0001,0.78797,0.49921,1905
9,16,gender,ema_lr1e-2,0.01,0.0001,0.87514,0.54751,1905
9,16,gender,ema_lr5e-2,0.05,0.0001,2.7366,0.45932,1905
9,16,gender,ema_lr1e-2_wd1e-3,0.01,0.001,0.91971,0.53281,1905
9,16,gender,ema_d0.99,0.01,0.0001,0.8633,0.48136,1905
9,16,gender,ema_d0.9999,0.01,0.0001,0.91446,0.46509,1905
9,16,gender,mlp_h16,0.001,0.0,0.70264,0.46352,1905
9,16,gender,mlp_h32,0.001,0.0,0.68715,0.54173,1905
9,16,gender,mlp_h64,0.001,0.0,0.69239,0.52808,1905
9,16,gender,mlp_h128,0.001,0.0,0.79042,0.54068,1905
9,16,gender,attention,0.0001,1e-05,169.7267,0.50781,1905
9,16,gender,shuffled,0.01,0.0001,0.92736,0.52546,1905
9,16,star_sign,ema_lr1e-3,0.001,0.0001,2.82912,0.08714,1905
9,16,star_sign,ema_lr5e-3,0.005,0.0001,2.72166,0.13491,1905
9,16,star_sign,ema_lr1e-2,0.01,0.0001,2.63587,0.13701,1905
9,16,star_sign,ema_lr5e-2,0.05,0.0001,2.39793,0.39738,1905
9,16,star_sign,ema_lr1e-2_wd1e-3,0.01,0.001,2.6035,0.10919,1905
9,16,star_sign,ema_d0.99,0.01,0.0001,2.61685,0.07349,1905
9,16,star_sign,ema_d0.9999,0.01,0.0001,2.59056,0.11864,1905
9,16,star_sign,mlp_h16,0.001,0.0,0.65717,1.0,1905
9,16,star_sign,mlp_h32,0.001,0.0,0.50037,1.0,1905
9,16,star_sign,mlp_h64,0.001,0.0,0.09257,1.0,1905
9,16,star_sign,mlp_h128,0.001,0.0,0.02276,1.0,1905
9,16,star_sign,attention,0.0001,1e-05,361.0174,0.0,1905
9,16,star_sign,shuffled,0.01,0.0001,2.61946,0.10761,1905
9,20,age_bin,ema_lr1e-3,0.001,0.0001,1.32586,0.30919,1905
9,20,age_bin,ema_lr5e-3,0.005,0.0001,1.29765,0.31916,1905
9,20,age_bin,ema_lr1e-2,0.01,0.0001,1.29969,0.33176,1905
9,20,age_bin,ema_lr5e-2,0.05,0.0001,3.00466,0.23727,1905
9,20,age_bin,ema_lr1e-2_wd1e-3,0.01,0.001,1.26141,0.35118,1905
9,20,age_bin,ema_d0.99,0.01,0.0001,1.31038,0.29396,1905
9,20,age_bin,ema_d0.9999,0.01,0.0001,1.26522,0.33491,1905
9,20,age_bin,mlp_h16,0.001,0.0,1.02368,0.53123,1905
9,20,age_bin,mlp_h32,0.001,0.0,1.00205,0.54803,1905
9,20,age_bin,mlp_h64,0.001,0.0,1.03393,0.52966,1905
9,20,age_bin,mlp_h128,0.001,0.0,1.08132,0.48714,1905
9,20,age_bin,attention,0.0001,1e-05,57.51158,0.21094,1905
9,20,age_bin,shuffled,0.01,0.0001,1.27221,0.34016,1905
9,20,gender,ema_lr1e-3,0.001,0.0001,0.80736,0.51234,1905
9,20,gender,ema_lr5e-3,0.005,0.0001,0.86454,0.44304,1905
9,20,gender,ema_lr1e-2,0.01,0.0001,0.91702,0.50919,1905
9,20,gender,ema_lr5e-2,0.05,0.0001,2.56445,0.46142,1905
9,20,gender,ema_lr1e-2_wd1e-3,0.01,0.001,0.91069,0.48609,1905
9,20,gender,ema_d0.99,0.01,0.0001,0.94866,0.47717,1905
9,20,gender,ema_d0.9999,0.01,0.0001,0.84548,0.53123,1905
9,20,gender,mlp_h16,0.001,0.0,0.71454,0.53858,1905
9,20,gender,mlp_h32,0.001,0.0,0.72918,0.53753,1905
9,20,gender,mlp_h64,0.001,0.0,0.71424,0.54121,1905
9,20,gender,mlp_h128,0.001,0.0,0.69212,0.57848,1905
9,20,gender,attention,0.0001,1e-05,163.41898,0.50781,1905
9,20,gender,shuffled,0.01,0.0001,0.90749,0.50656,1905
9,20,star_sign,ema_lr1e-3,0.001,0.0001,2.96799,0.0399,1905
9,20,star_sign,ema_lr5e-3,0.005,0.0001,2.75975,0.08661,1905
9,20,star_sign,ema_lr1e-2,0.01,0.0001,2.65214,0.12808,1905
9,20,star_sign,ema_lr5e-2,0.05,0.0001,2.50885,0.36115,1905
9,20,star_sign,ema_lr1e-2_wd1e-3,0.01,0.001,2.71829,0.11654,1905
9,20,star_sign,ema_d0.99,0.01,0.0001,2.62764,0.13386,1905
9,20,star_sign,ema_d0.9999,0.01,0.0001,2.70128,0.09186,1905
9,20,star_sign,mlp_h16,0.001,0.0,1.54216,0.2063,1905
9,20,star_sign,mlp_h32,0.001,0.0,0.26882,1.0,1905
9,20,star_sign,mlp_h64,0.001,0.0,0.11639,1.0,1905
9,20,star_sign,mlp_h128,0.001,0.0,0.03364,1.0,1905
9,20,star_sign,attention,0.0001,1e-05,0.07452,0.99219,1905
9,20,star_sign,shuffled,0.01,0.0001,2.68605,0.08609,1905
9,24,age_bin,ema_lr1e-3,0.001,0.0001,1.40058,0.35276,1905
9,24,age_bin,ema_lr5e-3,0.005,0.0001,1.35712,0.33018,1905
9,24,age_bin,ema_lr1e-2,0.01,0.0001,1.32894,0.34908,1905
9,24,age_bin,ema_lr5e-2,0.05,0.0001,2.24712,0.26247,1905
9,24,age_bin,ema_lr1e-2_wd1e-3,0.01,0.001,1.30188,0.36535,1905
9,24,age_bin,ema_d0.99,0.01,0.0001,1.47397,0.31706,1905
9,24,age_bin,ema_d0.9999,0.01,0.0001,1.3496,0.33753,1905
9,24,age_bin,mlp_h16,0.001,0.0,1.01932,0.51549,1905
9,24,age_bin,mlp_h32,0.001,0.0,1.01168,0.53701,1905
9,24,age_bin,mlp_h64,0.001,0.0,1.01589,0.53543,1905
9,24,age_bin,mlp_h128,0.001,0.0,1.01599,0.54278,1905
9,24,age_bin,attention,0.0001,1e-05,48.87714,0.53125,1905
9,24,age_bin,shuffled,0.01,0.0001,1.31698,0.35801,1905
9,24,gender,ema_lr1e-3,0.001,0.0001,0.90413,0.51234,1905
9,24,gender,ema_lr5e-3,0.005,0.0001,0.86231,0.52073,1905
9,24,gender,ema_lr1e-2,0.01,0.0001,0.908,0.49239,1905
9,24,gender,ema_lr5e-2,0.05,0.0001,2.42428,0.54173,1905
9,24,gender,ema_lr1e-2_wd1e-3,0.01,0.001,0.8198,0.54436,1905
9,24,gender,ema_d0.99,0.01,0.0001,0.86014,0.51916,1905
9,24,gender,ema_d0.9999,0.01,0.0001,0.91182,0.50656,1905
9,24,gender,mlp_h16,0.001,0.0,0.69637,0.55801,1905
9,24,gender,mlp_h32,0.001,0.0,0.6912,0.55171,1905
9,24,gender,mlp_h64,0.001,0.0,0.6929,0.5748,1905
9,24,gender,mlp_h128,0.001,0.0,0.72376,0.56745,1905
9,24,gender,attention,0.0001,1e-05,39.32834,0.50781,1905
9,24,gender,shuffled,0.01,0.0001,0.93774,0.49974,1905
9,24,star_sign,ema_lr1e-3,0.001,0.0001,2.97098,0.09869,1905
9,24,star_sign,ema_lr5e-3,0.005,0.0001,2.91908,0.07349,1905
9,24,star_sign,ema_lr1e-2,0.01,0.0001,2.75522,0.11549,1905
9,24,star_sign,ema_lr5e-2,0.05,0.0001,2.5246,0.50131,1905
9,24,star_sign,ema_lr1e-2_wd1e-3,0.01,0.001,2.85755,0.12598,1905
9,24,star_sign,ema_d0.99,0.01,0.0001,2.83418,0.09606,1905
9,24,star_sign,ema_d0.9999,0.01,0.0001,2.82821,0.08976,1905
9,24,star_sign,mlp_h16,0.001,0.0,0.56262,1.0,1905
9,24,star_sign,mlp_h32,0.001,0.0,0.96213,1.0,1905
9,24,star_sign,mlp_h64,0.001,0.0,0.1826,1.0,1905
9,24,star_sign,mlp_h128,0.001,0.0,0.01059,1.0,1905
9,24,star_sign,attention,0.0001,1e-05,0.00763,0.99219,1905
9,24,star_sign,shuffled,0.01,0.0001,2.77812,0.10814,1905
9,28,age_bin,ema_lr1e-3,0.001,0.0001,1.61784,0.33123,1905
9,28,age_bin,ema_lr5e-3,0.005,0.0001,1.53582,0.37218,1905
9,28,age_bin,ema_lr1e-2,0.01,0.0001,1.53852,0.33596,1905
9,28,age_bin,ema_lr5e-2,0.05,0.0001,1.37461,0.37533,1905
9,28,age_bin,ema_lr1e-2_wd1e-3,0.01,0.001,1.4643,0.379,1905
9,28,age_bin,ema_d0.99,0.01,0.0001,1.48616,0.33333,1905
9,28,age_bin,ema_d0.9999,0.01,0.0001,1.58468,0.32808,1905
9,28,age_bin,mlp_h16,0.001,0.0,1.04333,0.44672,1905
9,28,age_bin,mlp_h32,0.001,0.0,1.05589,0.47454,1905
9,28,age_bin,mlp_h64,0.001,0.0,1.03633,0.46667,1905
9,28,age_bin,mlp_h128,0.001,0.0,1.04398,0.48451,1905
9,28,age_bin,attention,0.0001,1e-05,1.99162,0.3125,1905
9,28,age_bin,shuffled,0.01,0.0001,1.52545,0.33911,1905
9,28,gender,ema_lr1e-3,0.001,0.0001,1.06591,0.51864,1905
9,28,gender,ema_lr5e-3,0.005,0.0001,0.98865,0.50289,1905
9,28,gender,ema_lr1e-2,0.01,0.0001,1.02997,0.48714,1905
9,28,gender,ema_lr5e-2,0.05,0.0001,0.83994,0.55013,1905
9,28,gender,ema_lr1e-2_wd1e-3,0.01,0.001,1.00714,0.51181,1905
9,28,gender,ema_d0.99,0.01,0.0001,0.99654,0.49396,1905
9,28,gender,ema_d0.9999,0.01,0.0001,0.92171,0.52808,1905
9,28,gender,mlp_h16,0.001,0.0,0.68011,0.5685,1905
9,28,gender,mlp_h32,0.001,0.0,0.67439,0.5664,1905
9,28,gender,mlp_h64,0.001,0.0,0.66993,0.59423,1905
9,28,gender,mlp_h128,0.001,0.0,0.67314,0.58583,1905
9,28,gender,attention,0.0001,1e-05,1.77117,0.49219,1905
9,28,gender,shuffled,0.01,0.0001,1.00034,0.48871,1905
9,28,star_sign,ema_lr1e-3,0.001,0.0001,3.29041,0.09974,1905
9,28,star_sign,ema_lr5e-3,0.005,0.0001,3.33756,0.08871,1905
9,28,star_sign,ema_lr1e-2,0.01,0.0001,3.13627,0.08241,1905
9,28,star_sign,ema_lr5e-2,0.05,0.0001,2.68221,0.17848,1905
9,28,star_sign,ema_lr1e-2_wd1e-3,0.01,0.001,3.2258,0.08136,1905
9,28,star_sign,ema_d0.99,0.01,0.0001,3.18783,0.08294,1905
9,28,star_sign,ema_d0.9999,0.01,0.0001,3.12012,0.10866,1905
9,28,star_sign,mlp_h16,0.001,0.0,1.95248,0.3727,1905
9,28,star_sign,mlp_h32,0.001,0.0,1.62545,0.84094,1905
9,28,star_sign,mlp_h64,0.001,0.0,1.22889,0.96745,1905
9,28,star_sign,mlp_h128,0.001,0.0,0.70578,0.99895,1905
9,28,star_sign,attention,0.0001,1e-05,0.03473,0.99219,1905
9,28,star_sign,shuffled,0.01,0.0001,3.15257,0.08084,1905
10,0,age_bin,ema_lr1e-3,0.001,0.0001,1.63171,0.31993,1816
10,0,age_bin,ema_lr5e-3,0.005,0.0001,1.47006,0.34526,1816
10,0,age_bin,ema_lr1e-2,0.01,0.0001,1.45238,0.32324,1816
10,0,age_bin,ema_lr5e-2,0.05,0.0001,1.42006,0.375,1816
10,0,age_bin,ema_lr1e-2_wd1e-3,0.01,0.001,1.41472,0.33976,1816
10,0,age_bin,ema_d0.99,0.01,0.0001,1.43906,0.32489,1816
10,0,age_bin,ema_d0.9999,0.01,0.0001,1.46159,0.33866,1816
10,0,age_bin,mlp_h16,0.001,0.0,1.08522,0.42896,1816
10,0,age_bin,mlp_h32,0.001,0.0,1.10106,0.42676,1816
10,0,age_bin,mlp_h64,0.001,0.0,1.0961,0.42952,1816
10,0,age_bin,mlp_h128,0.001,0.0,1.11573,0.42841,1816
10,0,age_bin,attention,0.0001,1e-05,1.09053,0.49219,1816
10,0,age_bin,shuffled,0.01,0.0001,1.49647,0.33535,1816
10,0,gender,ema_lr1e-3,0.001,0.0001,1.15855,0.48073,1816
10,0,gender,ema_lr5e-3,0.005,0.0001,0.93634,0.51542,1816
10,0,gender,ema_lr1e-2,0.01,0.0001,0.94525,0.51156,1816
10,0,gender,ema_lr5e-2,0.05,0.0001,1.48084,0.48018,1816
10,0,gender,ema_lr1e-2_wd1e-3,0.01,0.001,0.94751,0.49174,1816
10,0,gender,ema_d0.99,0.01,0.0001,0.8721,0.53359,1816
10,0,gender,ema_d0.9999,0.01,0.0001,0.95173,0.48568,1816
10,0,gender,mlp_h16,0.001,0.0,0.69355,0.52588,1816
10,0,gender,mlp_h32,0.001,0.0,0.7045,0.51487,1816
10,0,gender,mlp_h64,0.001,0.0,0.70643,0.51322,1816
10,0,gender,mlp_h128,0.001,0.0,0.71774,0.51927,1816
10,0,gender,attention,0.0001,1e-05,0.69296,0.50781,1816
10,0,gender,shuffled,0.01,0.0001,0.921,0.50441,1816
10,0,star_sign,ema_lr1e-3,0.001,0.0001,3.21163,0.09747,1816
10,0,star_sign,ema_lr5e-3,0.005,0.0001,3.23221,0.1261,1816
10,0,star_sign,ema_lr1e-2,0.01,0.0001,3.01801,0.08645,1816
10,0,star_sign,ema_lr5e-2,0.05,0.0001,2.51869,0.27808,1816
10,0,star_sign,ema_lr1e-2_wd1e-3,0.01,0.001,3.01375,0.09031,1816
10,0,star_sign,ema_d0.99,0.01,0.0001,3.14123,0.11454,1816
10,0,star_sign,ema_d0.9999,0.01,0.0001,3.02148,0.11344,1816
10,0,star_sign,mlp_h16,0.001,0.0,1.59231,0.80672,1816
10,0,star_sign,mlp_h32,0.001,0.0,0.4844,0.9989,1816
10,0,star_sign,mlp_h64,0.001,0.0,0.42542,0.99835,1816
10,0,star_sign,mlp_h128,0.001,0.0,0.28989,1.0,1816
10,0,star_sign,attention,0.0001,1e-05,2.41823,1.0,1816
10,0,star_sign,shuffled,0.01,0.0001,3.05341,0.06333,1816
10,4,age_bin,ema_lr1e-3,0.001,0.0001,1.23845,0.34967,1816
10,4,age_bin,ema_lr5e-3,0.005,0.0001,1.19756,0.3348,1816
10,4,age_bin,ema_lr1e-2,0.01,0.0001,1.27671,0.30617,1816
10,4,age_bin,ema_lr5e-2,0.05,0.0001,3.40851,0.26487,1816
10,4,age_bin,ema_lr1e-2_wd1e-3,0.01,0.001,1.22284,0.34196,1816
10,4,age_bin,ema_d0.99,0.01,0.0001,1.26087,0.32214,1816
10,4,age_bin,ema_d0.9999,0.01,0.0001,1.23575,0.34196,1816
10,4,age_bin,mlp_h16,0.001,0.0,1.12673,0.43227,1816
10,4,age_bin,mlp_h32,0.001,0.0,1.07903,0.43557,1816
10,4,age_bin,mlp_h64,0.001,0.0,1.1782,0.43227,1816
10,4,age_bin,mlp_h128,0.001,0.0,1.13698,0.42456,1816
10,4,age_bin,attention,0.0001,1e-05,1.07034,0.40625,1816
10,4,age_bin,shuffled,0.01,0.0001,1.24429,0.34031,1816
10,4,gender,ema_lr1e-3,0.001,0.0001,0.78953,0.50385,1816
10,4,gender,ema_lr5e-3,0.005,0.0001,0.76733,0.51156,1816
10,4,gender,ema_lr1e-2,0.01,0.0001,0.84289,0.52037,1816
10,4,gender,ema_lr5e-2,0.05,0.0001,2.6428,0.49615,1816
10,4,gender,ema_lr1e-2_wd1e-3,0.01,0.001,0.85036,0.53469,1816
10,4,gender,ema_d0.99,0.01,0.0001,0.99716,0.50441,1816
10,4,gender,ema_d0.9999,0.01,0.0001,0.86814,0.50055,1816
10,4,gender,mlp_h16,0.001,0.0,0.7355,0.5033,1816
10,4,gender,mlp_h32,0.001,0.0,0.6959,0.50771,1816
10,4,gender,mlp_h64,0.001,0.0,0.80338,0.50165,1816
10,4,gender,mlp_h128,0.001,0.0,0.74524,0.51101,1816
10,4,gender,attention,0.0001,1e-05,0.70811,0.5,1816
10,4,gender,shuffled,0.01,0.0001,0.94707,0.49174,1816
10,4,star_sign,ema_lr1e-3,0.001,0.0001,2.78787,0.0435,1816
10,4,star_sign,ema_lr5e-3,0.005,0.0001,2.64299,0.11509,1816
10,4,star_sign,ema_lr1e-2,0.01,0.0001,2.58013,0.1228,1816
10,4,star_sign,ema_lr5e-2,0.05,0.0001,2.39379,0.56112,1816
10,4,star_sign,ema_lr1e-2_wd1e-3,0.01,0.001,2.58516,0.12445,1816
10,4,star_sign,ema_d0.99,0.01,0.0001,2.57839,0.10352,1816
10,4,star_sign,ema_d0.9999,0.01,0.0001,2.565,0.13601,1816
10,4,star_sign,mlp_h16,0.001,0.0,0.73439,0.95705,1816
10,4,star_sign,mlp_h32,0.001,0.0,0.10162,1.0,1816
10,4,star_sign,mlp_h64,0.001,0.0,0.2263,1.0,1816
10,4,star_sign,mlp_h128,0.001,0.0,0.01551,1.0,1816
10,4,star_sign,attention,0.0001,1e-05,0.89405,0.97656,1816
10,4,star_sign,shuffled,0.01,0.0001,2.56153,0.12004,1816
10,8,age_bin,ema_lr1e-3,0.001,0.0001,1.26827,0.31443,1816
10,8,age_bin,ema_lr5e-3,0.005,0.0001,1.25184,0.35132,1816
10,8,age_bin,ema_lr1e-2,0.01,0.0001,1.26727,0.33866,1816
10,8,age_bin,ema_lr5e-2,0.05,0.0001,3.74315,0.41575,1816
10,8,age_bin,ema_lr1e-2_wd1e-3,0.01,0.001,1.29099,0.33976,1816
10,8,age_bin,ema_d0.99,0.01,0.0001,1.26278,0.3315,1816
10,8,age_bin,ema_d0.9999,0.01,0.0001,1.23835,0.31938,1816
10,8,age_bin,mlp_h16,0.001,0.0,1.13029,0.42181,1816
10,8,age_bin,mlp_h32,0.001,0.0,1.09652,0.43007,1816
10,8,age_bin,mlp_h64,0.001,0.0,1.07099,0.43778,1816
10,8,age_bin,mlp_h128,0.001,0.0,1.10309,0.43612,1816
10,8,age_bin,attention,0.0001,1e-05,1.21518,0.39062,1816
10,8,age_bin,shuffled,0.01,0.0001,1.22842,0.31112,1816
10,8,gender,ema_lr1e-3,0.001,0.0001,0.79212,0.48293,1816
10,8,gender,ema_lr5e-3,0.005,0.0001,0.76378,0.51817,1816
10,8,gender,ema_lr1e-2,0.01,0.0001,0.92739,0.48678,1816
10,8,gender,ema_lr5e-2,0.05,0.0001,4.67853,0.5033,1816
10,8,gender,ema_lr1e-2_wd1e-3,0.01,0.001,0.98504,0.4989,1816
10,8,gender,ema_d0.99,0.01,0.0001,0.99429,0.50441,1816
10,8,gender,ema_d0.9999,0.01,0.0001,0.85185,0.52313,1816
10,8,gender,mlp_h16,0.001,0.0,0.71018,0.50496,1816
10,8,gender,mlp_h32,0.001,0.0,0.68702,0.54681,1816
10,8,gender,mlp_h64,0.001,0.0,0.78018,0.51046,1816
10,8,gender,mlp_h128,0.001,0.0,0.6841,0.56498,1816
10,8,gender,attention,0.0001,1e-05,0.66795,0.57812,1816
10,8,gender,shuffled,0.01,0.0001,1.02551,0.50881,1816
10,8,star_sign,ema_lr1e-3,0.001,0.0001,2.80866,0.08866,1816
10,8,star_sign,ema_lr5e-3,0.005,0.0001,2.67678,0.10518,1816
10,8,star_sign,ema_lr1e-2,0.01,0.0001,2.63518,0.10793,1816
10,8,star_sign,ema_lr5e-2,0.05,0.0001,2.41765,0.11564,1816
10,8,star_sign,ema_lr1e-2_wd1e-3,0.01,0.001,2.60337,0.12555,1816
10,8,star_sign,ema_d0.99,0.01,0.0001,2.55143,0.13381,1816
10,8,star_sign,ema_d0.9999,0.01,0.0001,2.58343,0.13216,1816
10,8,star_sign,mlp_h16,0.001,0.0,2.15943,0.07048,1816
10,8,star_sign,mlp_h32,0.001,0.0,1.02141,1.0,1816
10,8,star_sign,mlp_h64,0.001,0.0,0.0949,1.0,1816
10,8,star_sign,mlp_h128,0.001,0.0,0.01062,1.0,1816
10,8,star_sign,attention,0.0001,1e-05,0.0,1.0,1816
10,8,star_sign,shuffled,0.01,0.0001,2.57557,0.09802,1816
10,12,age_bin,ema_lr1e-3,0.001,0.0001,1.26104,0.35573,1816
10,12,age_bin,ema_lr5e-3,0.005,0.0001,1.24618,0.32269,1816
10,12,age_bin,ema_lr1e-2,0.01,0.0001,1.20945,0.34747,1816
10,12,age_bin,ema_lr5e-2,0.05,0.0001,4.07227,0.4163,1816
10,12,age_bin,ema_lr1e-2_wd1e-3,0.01,0.001,1.26404,0.34416,1816
10,12,age_bin,ema_d0.99,0.01,0.0001,1.27387,0.33866,1816
10,12,age_bin,ema_d0.9999,0.01,0.0001,1.31943,0.35573,1816
10,12,age_bin,mlp_h16,0.001,0.0,1.13034,0.43227,1816
10,12,age_bin,mlp_h32,0.001,0.0,1.11505,0.43227,1816
10,12,age_bin,mlp_h64,0.001,0.0,1.14216,0.43227,1816
10,12,age_bin,mlp_h128,0.001,0.0,1.17182,0.4163,1816
10,12,age_bin,attention,0.0001,1e-05,183.22256,0.49219,1816
10,12,age_bin,shuffled,0.01,0.0001,1.27564,0.2924,1816
10,12,gender,ema_lr1e-3,0.001,0.0001,0.78564,0.52808,1816
10,12,gender,ema_lr5e-3,0.005,0.0001,0.77466,0.50716,1816
10,12,gender,ema_lr1e-2,0.01,0.0001,0.96448,0.53689,1816
10,12,gender,ema_lr5e-2,0.05,0.0001,4.64082,0.5033,1816
10,12,gender,ema_lr1e-2_wd1e-3,0.01,0.001,0.86848,0.52037,1816
10,12,gender,ema_d0.99,0.01,0.0001,0.8259,0.52753,1816
10,12,gender,ema_d0.9999,0.01,0.0001,1.01075,0.5,1816
10,12,gender,mlp_h16,0.001,0.0,0.69234,0.51872,1816
10,12,gender,mlp_h32,0.001,0.0,0.70725,0.50496,1816
10,12,gender,mlp_h64,0.001,0.0,0.69765,0.51762,1816
10,12,gender,mlp_h128,0.001,0.0,0.72019,0.50771,1816
10,12,gender,attention,0.0001,1e-05,0.71016,0.48438,1816
10,12,gender,shuffled,0.01,0.0001,0.97466,0.49449,1816
10,12,star_sign,ema_lr1e-3,0.001,0.0001,2.85711,0.06553,1816
10,12,star_sign,ema_lr5e-3,0.005,0.0001,2.61419,0.10628,1816
10,12,star_sign,ema_lr1e-2,0.01,0.0001,2.58061,0.10848,1816
10,12,star_sign,ema_lr5e-2,0.05,0.0001,2.37997,0.12059,1816
10,12,star_sign,ema_lr1e-2_wd1e-3,0.01,0.001,2.6022,0.1217,1816
10,12,star_sign,ema_d0.99,0.01,0.0001,2.60203,0.10297,1816
10,12,star_sign,ema_d0.9999,0.01,0.0001,2.62919,0.12335,1816
10,12,star_sign,mlp_h16,0.001,0.0,1.042,1.0,1816
10,12,star_sign,mlp_h32,0.001,0.0,0.79943,1.0,1816
10,12,star_sign,mlp_h64,0.001,0.0,0.16635,1.0,1816
10,12,star_sign,mlp_h128,0.001,0.0,0.02527,1.0,1816
10,12,star_sign,attention,0.0001,1e-05,150.05649,0.0,1816
10,12,star_sign,shuffled,0.01,0.0001,2.56986,0.12941,1816
10,16,age_bin,ema_lr1e-3,0.001,0.0001,1.26851,0.33205,1816
10,16,age_bin,ema_lr5e-3,0.005,0.0001,1.21827,0.31883,1816
10,16,age_bin,ema_lr1e-2,0.01,0.0001,1.21321,0.34637,1816
10,16,age_bin,ema_lr5e-2,0.05,0.0001,3.34157,0.26487,1816
10,16,age_bin,ema_lr1e-2_wd1e-3,0.01,0.001,1.2722,0.31718,1816
10,16,age_bin,ema_d0.99,0.01,0.0001,1.26139,0.34031,1816
10,16,age_bin,ema_d0.9999,0.01,0.0001,1.25095,0.36123,1816
10,16,age_bin,mlp_h16,0.001,0.0,1.10689,0.43227,1816
10,16,age_bin,mlp_h32,0.001,0.0,1.08252,0.43447,1816
10,16,age_bin,mlp_h64,0.001,0.0,1.10227,0.43447,1816
10,16,age_bin,mlp_h128,0.001,0.0,1.17476,0.41685,1816
10,16,age_bin,attention,0.0001,1e-05,1.17197,0.40625,1816
10,16,age_bin,shuffled,0.01,0.0001,1.19625,0.35793,1816
10,16,gender,ema_lr1e-3,0.001,0.0001,0.79234,0.51652,1816
10,16,gender,ema_lr5e-3,0.005,0.0001,0.73119,0.53744,1816
10,16,gender,ema_lr1e-2,0.01,0.0001,0.87478,0.50991,1816
10,16,gender,ema_lr5e-2,0.05,0.0001,4.67545,0.5033,1816
10,16,gender,ema_lr1e-2_wd1e-3,0.01,0.001,0.82049,0.52918,1816
10,16,gender,ema_d0.99,0.01,0.0001,1.02764,0.48458,1816
10,16,gender,ema_d0.9999,0.01,0.0001,0.99906,0.5033,1816
10,16,gender,mlp_h16,0.001,0.0,0.71076,0.52313,1816
10,16,gender,mlp_h32,0.001,0.0,0.69412,0.51211,1816
10,16,gender,mlp_h64,0.001,0.0,0.69009,0.54515,1816
10,16,gender,mlp_h128,0.001,0.0,0.73062,0.50606,1816
10,16,gender,attention,0.0001,1e-05,157.81241,0.44531,1816
10,16,gender,shuffled,0.01,0.0001,0.89267,0.47577,1816
10,16,star_sign,ema_lr1e-3,0.001,0.0001,2.83066,0.07654,1816
10,16,star_sign,ema_lr5e-3,0.005,0.0001,2.6761,0.15363,1816
10,16,star_sign,ema_lr1e-2,0.01,0.0001,2.59546,0.13656,1816
10,16,star_sign,ema_lr5e-2,0.05,0.0001,2.35546,0.1707,1816
10,16,star_sign,ema_lr1e-2_wd1e-3,0.01,0.001,2.60521,0.10352,1816
10,16,star_sign,ema_d0.99,0.01,0.0001,2.61083,0.09306,1816
10,16,star_sign,ema_d0.9999,0.01,0.0001,2.5602,0.10518,1816
10,16,star_sign,mlp_h16,0.001,0.0,0.54238,1.0,1816
10,16,star_sign,mlp_h32,0.001,0.0,0.38224,1.0,1816
10,16,star_sign,mlp_h64,0.001,0.0,0.05579,1.0,1816
10,16,star_sign,mlp_h128,0.001,0.0,0.01207,1.0,1816
10,16,star_sign,attention,0.0001,1e-05,314.7796,0.0,1816
10,16,star_sign,shuffled,0.01,0.0001,2.55958,0.13326,1816
10,20,age_bin,ema_lr1e-3,0.001,0.0001,1.27367,0.3315,1816
10,20,age_bin,ema_lr5e-3,0.005,0.0001,1.28955,0.32819,1816
10,20,age_bin,ema_lr1e-2,0.01,0.0001,1.24571,0.34692,1816
10,20,age_bin,ema_lr5e-2,0.05,0.0001,3.38326,0.41685,1816
10,20,age_bin,ema_lr1e-2_wd1e-3,0.01,0.001,1.33735,0.30507,1816
10,20,age_bin,ema_d0.99,0.01,0.0001,1.25939,0.36068,1816
10,20,age_bin,ema_d0.9999,0.01,0.0001,1.29138,0.3326,1816
10,20,age_bin,mlp_h16,0.001,0.0,1.08121,0.42236,1816
10,20,age_bin,mlp_h32,0.001,0.0,1.10122,0.43227,1816
10,20,age_bin,mlp_h64,0.001,0.0,1.07093,0.42841,1816
10,20,age_bin,mlp_h128,0.001,0.0,1.1014,0.43117,1816
10,20,age_bin,attention,0.0001,1e-05,33.64407,0.24219,1816
10,20,age_bin,shuffled,0.01,0.0001,1.28419,0.3337,1816
10,20,gender,ema_lr1e-3,0.001,0.0001,0.79249,0.52753,1816
10,20,gender,ema_lr5e-3,0.005,0.0001,0.8179,0.49284,1816
10,20,gender,ema_lr1e-2,0.01,0.0001,0.89232,0.50385,1816
10,20,gender,ema_lr5e-2,0.05,0.0001,4.11853,0.5033,1816
10,20,gender,ema_lr1e-2_wd1e-3,0.01,0.001,0.9928,0.50165,1816
10,20,gender,ema_d0.99,0.01,0.0001,0.99181,0.48789,1816
10,20,gender,ema_d0.9999,0.01,0.0001,0.83102,0.52093,1816
10,20,gender,mlp_h16,0.001,0.0,0.71884,0.50385,1816
10,20,gender,mlp_h32,0.001,0.0,0.74788,0.50826,1816
10,20,gender,mlp_h64,0.001,0.0,0.72099,0.50826,1816
10,20,gender,mlp_h128,0.001,0.0,0.68193,0.57214,1816
10,20,gender,attention,0.0001,1e-05,151.25887,0.44531,1816
10,20,gender,shuffled,0.01,0.0001,0.95307,0.49229,1816
10,20,star_sign,ema_lr1e-3,0.001,0.0001,2.97179,0.05507,1816
10,20,star_sign,ema_lr5e-3,0.005,0.0001,2.72876,0.09141,1816
10,20,star_sign,ema_lr1e-2,0.01,0.0001,2.66034,0.10683,1816
10,20,star_sign,ema_lr5e-2,0.05,0.0001,2.44837,0.14482,1816
10,20,star_sign,ema_lr1e-2_wd1e-3,0.01,0.001,2.65651,0.1283,1816
10,20,star_sign,ema_d0.99,0.01,0.0001,2.62462,0.13546,1816
10,20,star_sign,ema_d0.9999,0.01,0.0001,2.66576,0.09857,1816
10,20,star_sign,mlp_h16,0.001,0.0,1.46317,0.16134,1816
10,20,star_sign,mlp_h32,0.001,0.0,0.17965,1.0,1816
10,20,star_sign,mlp_h64,0.001,0.0,0.07029,1.0,1816
10,20,star_sign,mlp_h128,0.001,0.0,0.01732,1.0,1816
10,20,star_sign,attention,0.0001,1e-05,0.05179,1.0,1816
10,20,star_sign,shuffled,0.01,0.0001,2.64618,0.10132,1816
10,24,age_bin,ema_lr1e-3,0.001,0.0001,1.42542,0.32544,1816
10,24,age_bin,ema_lr5e-3,0.005,0.0001,1.43482,0.31112,1816
10,24,age_bin,ema_lr1e-2,0.01,0.0001,1.33428,0.35077,1816
10,24,age_bin,ema_lr5e-2,0.05,0.0001,2.20625,0.41575,1816
10,24,age_bin,ema_lr1e-2_wd1e-3,0.01,0.001,1.32885,0.32764,1816
10,24,age_bin,ema_d0.99,0.01,0.0001,1.33169,0.36399,1816
10,24,age_bin,ema_d0.9999,0.01,0.0001,1.39538,0.32324,1816
10,24,age_bin,mlp_h16,0.001,0.0,1.09014,0.40639,1816
10,24,age_bin,mlp_h32,0.001,0.0,1.11746,0.42456,1816
10,24,age_bin,mlp_h64,0.001,0.0,1.11453,0.43062,1816
10,24,age_bin,mlp_h128,0.001,0.0,1.13499,0.40694,1816
10,24,age_bin,attention,0.0001,1e-05,48.22455,0.49219,1816
10,24,age_bin,shuffled,0.01,0.0001,1.35495,0.32159,1816
10,24,gender,ema_lr1e-3,0.001,0.0001,0.838,0.53965,1816
10,24,gender,ema_lr5e-3,0.005,0.0001,0.93359,0.47797,1816
10,24,gender,ema_lr1e-2,0.01,0.0001,0.84837,0.5435,1816
10,24,gender,ema_lr5e-2,0.05,0.0001,1.8912,0.50441,1816
10,24,gender,ema_lr1e-2_wd1e-3,0.01,0.001,0.91013,0.52918,1816
10,24,gender,ema_d0.99,0.01,0.0001,0.89721,0.4978,1816
10,24,gender,ema_d0.9999,0.01,0.0001,0.91224,0.51487,1816
10,24,gender,mlp_h16,0.001,0.0,0.69178,0.55011,1816
10,24,gender,mlp_h32,0.001,0.0,0.70884,0.54846,1816
10,24,gender,mlp_h64,0.001,0.0,0.70151,0.54626,1816
10,24,gender,mlp_h128,0.001,0.0,0.71026,0.54185,1816
10,24,gender,attention,0.0001,1e-05,42.12295,0.44531,1816
10,24,gender,shuffled,0.01,0.0001,0.93304,0.51982,1816
10,24,star_sign,ema_lr1e-3,0.001,0.0001,3.08631,0.08535,1816
10,24,star_sign,ema_lr5e-3,0.005,0.0001,2.83382,0.07709,1816
10,24,star_sign,ema_lr1e-2,0.01,0.0001,2.74488,0.12885,1816
10,24,star_sign,ema_lr5e-2,0.05,0.0001,2.4472,0.26652,1816
10,24,star_sign,ema_lr1e-2_wd1e-3,0.01,0.001,2.78569,0.10187,1816
10,24,star_sign,ema_d0.99,0.01,0.0001,2.78134,0.10187,1816
10,24,star_sign,ema_d0.9999,0.01,0.0001,2.72637,0.11674,1816
10,24,star_sign,mlp_h16,0.001,0.0,0.45697,1.0,1816
10,24,star_sign,mlp_h32,0.001,0.0,0.81143,1.0,1816
10,24,star_sign,mlp_h64,0.001,0.0,0.11771,1.0,1816
10,24,star_sign,mlp_h128,0.001,0.0,0.00557,1.0,1816
10,24,star_sign,attention,0.0001,1e-05,0.00209,1.0,1816
10,24,star_sign,shuffled,0.01,0.0001,2.74641,0.11068,1816
10,28,age_bin,ema_lr1e-3,0.001,0.0001,1.60995,0.3304,1816
10,28,age_bin,ema_lr5e-3,0.005,0.0001,1.48559,0.37555,1816
10,28,age_bin,ema_lr1e-2,0.01,0.0001,1.55183,0.32985,1816
10,28,age_bin,ema_lr5e-2,0.05,0.0001,1.36758,0.35628,1816
10,28,age_bin,ema_lr1e-2_wd1e-3,0.01,0.001,1.52802,0.33315,1816
10,28,age_bin,ema_d0.99,0.01,0.0001,1.45808,0.33921,1816
10,28,age_bin,ema_d0.9999,0.01,0.0001,1.56361,0.31498,1816
10,28,age_bin,mlp_h16,0.001,0.0,1.05818,0.44383,1816
10,28,age_bin,mlp_h32,0.001,0.0,1.04916,0.47192,1816
10,28,age_bin,mlp_h64,0.001,0.0,1.05501,0.47577,1816
10,28,age_bin,mlp_h128,0.001,0.0,1.06942,0.44934,1816
10,28,age_bin,attention,0.0001,1e-05,1.78859,0.39062,1816
10,28,age_bin,shuffled,0.01,0.0001,1.48205,0.35407,1816
10,28,gender,ema_lr1e-3,0.001,0.0001,1.01865,0.51982,1816
10,28,gender,ema_lr5e-3,0.005,0.0001,0.92707,0.52643,1816
10,28,gender,ema_lr1e-2,0.01,0.0001,0.89175,0.52533,1816
10,28,gender,ema_lr5e-2,0.05,0.0001,0.85252,0.5435,1816
10,28,gender,ema_lr1e-2_wd1e-3,0.01,0.001,1.03728,0.5011,1816
10,28,gender,ema_d0.99,0.01,0.0001,0.86799,0.52313,1816
10,28,gender,ema_d0.9999,0.01,0.0001,0.87669,0.54736,1816
10,28,gender,mlp_h16,0.001,0.0,0.67511,0.57985,1816
10,28,gender,mlp_h32,0.001,0.0,0.6677,0.5793,1816
10,28,gender,mlp_h64,0.001,0.0,0.67335,0.59251,1816
10,28,gender,mlp_h128,0.001,0.0,0.68347,0.59471,1816
10,28,gender,attention,0.0001,1e-05,1.58197,0.58594,1816
10,28,gender,shuffled,0.01,0.0001,0.9694,0.49339,1816
10,28,star_sign,ema_lr1e-3,0.001,0.0001,3.35374,0.09802,1816
10,28,star_sign,ema_lr5e-3,0.005,0.0001,3.24743,0.08315,1816
10,28,star_sign,ema_lr1e-2,0.01,0.0001,3.07751,0.09692,1816
10,28,star_sign,ema_lr5e-2,0.05,0.0001,2.73142,0.17952,1816
10,28,star_sign,ema_lr1e-2_wd1e-3,0.01,0.001,3.08398,0.10242,1816
10,28,star_sign,ema_d0.99,0.01,0.0001,3.18853,0.07379,1816
10,28,star_sign,ema_d0.9999,0.01,0.0001,3.19044,0.10848,1816
10,28,star_sign,mlp_h16,0.001,0.0,1.85953,0.43667,1816
10,28,star_sign,mlp_h32,0.001,0.0,1.51425,0.8772,1816
10,28,star_sign,mlp_h64,0.001,0.0,1.06121,0.99009,1816
10,28,star_sign,mlp_h128,0.001,0.0,0.56101,1.0,1816
10,28,star_sign,attention,0.0001,1e-05,0.00391,1.0,1816
10,28,star_sign,shuffled,0.01,0.0001,3.18323,0.08315,1816
11,0,age_bin,ema_lr1e-3,0.001,0.0001,1.60213,0.35035,1881
11,0,age_bin,ema_lr5e-3,0.005,0.0001,1.47645,0.36683,1881
11,0,age_bin,ema_lr1e-2,0.01,0.0001,1.4215,0.34237,1881
11,0,age_bin,ema_lr5e-2,0.05,0.0001,1.36769,0.42584,1881
11,0,age_bin,ema_lr1e-2_wd1e-3,0.01,0.001,1.4214,0.35035,1881
11,0,age_bin,ema_d0.99,0.01,0.0001,1.41598,0.34503,1881
11,0,age_bin,ema_d0.9999,0.01,0.0001,1.47666,0.31898,1881
11,0,age_bin,mlp_h16,0.001,0.0,0.93771,0.63955,1881
11,0,age_bin,mlp_h32,0.001,0.0,0.9423,0.62095,1881
11,0,age_bin,mlp_h64,0.001,0.0,0.94166,0.61829,1881
11,0,age_bin,mlp_h128,0.001,0.0,0.92923,0.64062,1881
11,0,age_bin,attention,0.0001,1e-05,1.07886,0.61719,1881
11,0,age_bin,shuffled,0.01,0.0001,1.44983,0.35247,1881
11,0,gender,ema_lr1e-3,0.001,0.0001,1.13114,0.49229,1881
11,0,gender,ema_lr5e-3,0.005,0.0001,0.98376,0.49814,1881
11,0,gender,ema_lr1e-2,0.01,0.0001,0.9353,0.50877,1881
11,0,gender,ema_lr5e-2,0.05,0.0001,1.54157,0.49601,1881
11,0,gender,ema_lr1e-2_wd1e-3,0.01,0.001,0.88148,0.51462,1881
11,0,gender,ema_d0.99,0.01,0.0001,0.92128,0.49601,1881
11,0,gender,ema_d0.9999,0.01,0.0001,0.91556,0.48379,1881
11,0,gender,mlp_h16,0.001,0.0,0.69071,0.53854,1881
11,0,gender,mlp_h32,0.001,0.0,0.68894,0.55768,1881
11,0,gender,mlp_h64,0.001,0.0,0.69434,0.55556,1881
11,0,gender,mlp_h128,0.001,0.0,0.6916,0.55821,1881
11,0,gender,attention,0.0001,1e-05,0.69283,0.51562,1881
11,0,gender,shuffled,0.01,0.0001,0.92658,0.48804,1881
11,0,star_sign,ema_lr1e-3,0.001,0.0001,3.22525,0.08931,1881
11,0,star_sign,ema_lr5e-3,0.005,0.0001,3.17871,0.1244,1881
11,0,star_sign,ema_lr1e-2,0.01,0.0001,3.00142,0.0739,1881
11,0,star_sign,ema_lr5e-2,0.05,0.0001,2.54656,0.27751,1881
11,0,star_sign,ema_lr1e-2_wd1e-3,0.01,0.001,2.99346,0.0739,1881
11,0,star_sign,ema_d0.99,0.01,0.0001,3.05969,0.13822,1881
11,0,star_sign,ema_d0.9999,0.01,0.0001,3.05134,0.09835,1881
11,0,star_sign,mlp_h16,0.001,0.0,1.51857,0.85752,1881
11,0,star_sign,mlp_h32,0.001,0.0,0.43686,0.99947,1881
11,0,star_sign,mlp_h64,0.001,0.0,0.38291,1.0,1881
11,0,star_sign,mlp_h128,0.001,0.0,0.24571,1.0,1881
11,0,star_sign,attention,0.0001,1e-05,2.4121,1.0,1881
11,0,star_sign,shuffled,0.01,0.0001,3.02451,0.0739,1881
11,4,age_bin,ema_lr1e-3,0.001,0.0001,1.22019,0.3328,1881
11,4,age_bin,ema_lr5e-3,0.005,0.0001,1.18462,0.3445,1881
11,4,age_bin,ema_lr1e-2,0.01,0.0001,1.26741,0.30675,1881
11,4,age_bin,ema_lr5e-2,0.05,0.0001,4.14813,0.11483,1881
11,4,age_bin,ema_lr1e-2_wd1e-3,0.01,0.001,1.23648,0.33705,1881
11,4,age_bin,ema_d0.99,0.01,0.0001,1.27142,0.32855,1881
11,4,age_bin,ema_d0.9999,0.01,0.0001,1.23168,0.34769,1881
11,4,age_bin,mlp_h16,0.001,0.0,0.92584,0.65178,1881
11,4,age_bin,mlp_h32,0.001,0.0,1.00461,0.63583,1881
11,4,age_bin,mlp_h64,0.001,0.0,0.92881,0.65338,1881
11,4,age_bin,mlp_h128,0.001,0.0,0.96337,0.65178,1881
11,4,age_bin,attention,0.0001,1e-05,1.00931,0.52344,1881
11,4,age_bin,shuffled,0.01,0.0001,1.26732,0.38596,1881
11,4,gender,ema_lr1e-3,0.001,0.0001,0.76641,0.521,1881
11,4,gender,ema_lr5e-3,0.005,0.0001,0.7642,0.50452,1881
11,4,gender,ema_lr1e-2,0.01,0.0001,0.90937,0.53057,1881
11,4,gender,ema_lr5e-2,0.05,0.0001,3.84546,0.56725,1881
11,4,gender,ema_lr1e-2_wd1e-3,0.01,0.001,0.88049,0.54918,1881
11,4,gender,ema_d0.99,0.01,0.0001,0.99359,0.45561,1881
11,4,gender,ema_d0.9999,0.01,0.0001,0.85654,0.50558,1881
11,4,gender,mlp_h16,0.001,0.0,0.68712,0.56672,1881
11,4,gender,mlp_h32,0.001,0.0,0.68656,0.5715,1881
11,4,gender,mlp_h64,0.001,0.0,0.71068,0.56885,1881
11,4,gender,mlp_h128,0.001,0.0,0.79493,0.42796,1881
11,4,gender,attention,0.0001,1e-05,0.7155,0.50781,1881
11,4,gender,shuffled,0.01,0.0001,0.94368,0.52897,1881
11,4,star_sign,ema_lr1e-3,0.001,0.0001,2.79873,0.04838,1881
11,4,star_sign,ema_lr5e-3,0.005,0.0001,2.58577,0.1042,1881
11,4,star_sign,ema_lr1e-2,0.01,0.0001,2.57392,0.10207,1881
11,4,star_sign,ema_lr5e-2,0.05,0.0001,2.4579,0.12281,1881
11,4,star_sign,ema_lr1e-2_wd1e-3,0.01,0.001,2.55451,0.1042,1881
11,4,star_sign,ema_d0.99,0.01,0.0001,2.58032,0.0941,1881
11,4,star_sign,ema_d0.9999,0.01,0.0001,2.57771,0.09516,1881
11,4,star_sign,mlp_h16,0.001,0.0,0.62132,0.99309,1881
11,4,star_sign,mlp_h32,0.001,0.0,0.07026,1.0,1881
11,4,star_sign,mlp_h64,0.001,0.0,0.15611,1.0,1881
11,4,star_sign,mlp_h128,0.001,0.0,0.00871,1.0,1881
11,4,star_sign,attention,0.0001,1e-05,0.78273,0.97656,1881
11,4,star_sign,shuffled,0.01,0.0001,2.56431,0.10367,1881
11,8,age_bin,ema_lr1e-3,0.001,0.0001,1.2534,0.29984,1881
11,8,age_bin,ema_lr5e-3,0.005,0.0001,1.26975,0.3328,1881
11,8,age_bin,ema_lr1e-2,0.01,0.0001,1.32205,0.30888,1881
11,8,age_bin,ema_lr5e-2,0.05,0.0001,3.70502,0.2706,1881
11,8,age_bin,ema_lr1e-2_wd1e-3,0.01,0.001,1.33935,0.28389,1881
11,8,age_bin,ema_d0.99,0.01,0.0001,1.30349,0.27804,1881
11,8,age_bin,ema_d0.9999,0.01,0.0001,1.22461,0.35885,1881
11,8,age_bin,mlp_h16,0.001,0.0,0.90243,0.65072,1881
11,8,age_bin,mlp_h32,0.001,0.0,0.94225,0.65231,1881
11,8,age_bin,mlp_h64,0.001,0.0,1.03676,0.5428,1881
11,8,age_bin,mlp_h128,0.001,0.0,1.0996,0.39447,1881
11,8,age_bin,attention,0.0001,1e-05,1.00948,0.46875,1881
11,8,age_bin,shuffled,0.01,0.0001,1.26743,0.28549,1881
11,8,gender,ema_lr1e-3,0.001,0.0001,0.78568,0.50292,1881
11,8,gender,ema_lr5e-3,0.005,0.0001,0.78792,0.479,1881
11,8,gender,ema_lr1e-2,0.01,0.0001,0.90061,0.52897,1881
11,8,gender,ema_lr5e-2,0.05,0.0001,3.26142,0.43275,1881
11,8,gender,ema_lr1e-2_wd1e-3,0.01,0.001,0.94117,0.49282,1881
11,8,gender,ema_d0.99,0.01,0.0001,0.93307,0.48857,1881
11,8,gender,ema_d0.9999,0.01,0.0001,0.89949,0.55609,1881
11,8,gender,mlp_h16,0.001,0.0,0.6806,0.56938,1881
11,8,gender,mlp_h32,0.001,0.0,0.69225,0.52791,1881
11,8,gender,mlp_h64,0.001,0.0,0.68407,0.58001,1881
11,8,gender,mlp_h128,0.001,0.0,0.77426,0.437,1881
11,8,gender,attention,0.0001,1e-05,0.71572,0.53906,1881
11,8,gender,shuffled,0.01,0.0001,0.97106,0.47581,1881
11,8,star_sign,ema_lr1e-3,0.001,0.0001,2.70899,0.12068,1881
11,8,star_sign,ema_lr5e-3,0.005,0.0001,2.63124,0.13929,1881
11,8,star_sign,ema_lr1e-2,0.01,0.0001,2.59536,0.09888,1881
11,8,star_sign,ema_lr5e-2,0.05,0.0001,2.32506,0.31738,1881
11,8,star_sign,ema_lr1e-2_wd1e-3,0.01,0.001,2.57021,0.12759,1881
11,8,star_sign,ema_d0.99,0.01,0.0001,2.55586,0.13078,1881
11,8,star_sign,ema_d0.9999,0.01,0.0001,2.59099,0.14992,1881
11,8,star_sign,mlp_h16,0.001,0.0,2.15475,0.06805,1881
11,8,star_sign,mlp_h32,0.001,0.0,0.91131,1.0,1881
11,8,star_sign,mlp_h64,0.001,0.0,0.06139,1.0,1881
11,8,star_sign,mlp_h128,0.001,0.0,0.00588,1.0,1881
11,8,star_sign,attention,0.0001,1e-05,0.0,1.0,1881
11,8,star_sign,shuffled,0.01,0.0001,2.55874,0.11005,1881
11,12,age_bin,ema_lr1e-3,0.001,0.0001,1.23774,0.36204,1881
11,12,age_bin,ema_lr5e-3,0.005,0.0001,1.1941,0.35726,1881
11,12,age_bin,ema_lr1e-2,0.01,0.0001,1.2742,0.30463,1881
11,12,age_bin,ema_lr5e-2,0.05,0.0001,3.63206,0.2706,1881
11,12,age_bin,ema_lr1e-2_wd1e-3,0.01,0.001,1.35703,0.2924,1881
11,12,age_bin,ema_d0.99,0.01,0.0001,1.28114,0.30037,1881
11,12,age_bin,ema_d0.9999,0.01,0.0001,1.30954,0.30409,1881
11,12,age_bin,mlp_h16,0.001,0.0,0.91477,0.65284,1881
11,12,age_bin,mlp_h32,0.001,0.0,0.92821,0.65338,1881
11,12,age_bin,mlp_h64,0.001,0.0,0.89587,0.65178,1881
11,12,age_bin,mlp_h128,0.001,0.0,1.01407,0.62733,1881
11,12,age_bin,attention,0.0001,1e-05,148.19754,0.625,1881
11,12,age_bin,shuffled,0.01,0.0001,1.2418,0.38543,1881
11,12,gender,ema_lr1e-3,0.001,0.0001,0.7935,0.51196,1881
11,12,gender,ema_lr5e-3,0.005,0.0001,0.78193,0.50133,1881
11,12,gender,ema_lr1e-2,0.01,0.0001,0.9119,0.50133,1881
11,12,gender,ema_lr5e-2,0.05,0.0001,3.29224,0.43275,1881
11,12,gender,ema_lr1e-2_wd1e-3,0.01,0.001,0.91313,0.51728,1881
11,12,gender,ema_d0.99,0.01,0.0001,0.88441,0.54758,1881
11,12,gender,ema_d0.9999,0.01,0.0001,0.96864,0.48006,1881
11,12,gender,mlp_h16,0.001,0.0,0.68386,0.56619,1881
11,12,gender,mlp_h32,0.001,0.0,0.67543,0.58799,1881
11,12,gender,mlp_h64,0.001,0.0,0.68727,0.54599,1881
11,12,gender,mlp_h128,0.001,0.0,0.70796,0.54545,1881
11,12,gender,attention,0.0001,1e-05,0.77794,0.50781,1881
11,12,gender,shuffled,0.01,0.0001,0.95596,0.54439,1881
11,12,star_sign,ema_lr1e-3,0.001,0.0001,2.87843,0.05476,1881
11,12,star_sign,ema_lr5e-3,0.005,0.0001,2.62005,0.09144,1881
11,12,star_sign,ema_lr1e-2,0.01,0.0001,2.55736,0.10633,1881
11,12,star_sign,ema_lr5e-2,0.05,0.0001,2.36743,0.52685,1881
11,12,star_sign,ema_lr1e-2_wd1e-3,0.01,0.001,2.61194,0.09995,1881
11,12,star_sign,ema_d0.99,0.01,0.0001,2.5808,0.08293,1881
11,12,star_sign,ema_d0.9999,0.01,0.0001,2.5759,0.13822,1881
11,12,star_sign,mlp_h16,0.001,0.0,0.9578,1.0,1881
11,12,star_sign,mlp_h32,0.001,0.0,0.68827,1.0,1881
11,12,star_sign,mlp_h64,0.001,0.0,0.10938,1.0,1881
11,12,star_sign,mlp_h128,0.001,0.0,0.01474,1.0,1881
11,12,star_sign,attention,0.0001,1e-05,99.53291,0.0,1881
11,12,star_sign,shuffled,0.01,0.0001,2.56587,0.12228,1881
11,16,age_bin,ema_lr1e-3,0.001,0.0001,1.23777,0.34556,1881
11,16,age_bin,ema_lr5e-3,0.005,0.0001,1.2085,0.3328,1881
11,16,age_bin,ema_lr1e-2,0.01,0.0001,1.22053,0.31738,1881
11,16,age_bin,ema_lr5e-2,0.05,0.0001,3.99794,0.11909,1881
11,16,age_bin,ema_lr1e-2_wd1e-3,0.01,0.001,1.21043,0.37959,1881
11,16,age_bin,ema_d0.99,0.01,0.0001,1.29674,0.31685,1881
11,16,age_bin,ema_d0.9999,0.01,0.0001,1.31737,0.3025,1881
11,16,age_bin,mlp_h16,0.001,0.0,0.93826,0.65338,1881
11,16,age_bin,mlp_h32,0.001,0.0,0.98092,0.64912,1881
11,16,age_bin,mlp_h64,0.001,0.0,1.02813,0.6236,1881
11,16,age_bin,mlp_h128,0.001,0.0,0.94898,0.63955,1881
11,16,age_bin,attention,0.0001,1e-05,1.05994,0.46875,1881
11,16,age_bin,shuffled,0.01,0.0001,1.21582,0.34078,1881
11,16,gender,ema_lr1e-3,0.001,0.0001,0.80339,0.51196,1881
11,16,gender,ema_lr5e-3,0.005,0.0001,0.81323,0.47634,1881
11,16,gender,ema_lr1e-2,0.01,0.0001,0.91826,0.51143,1881
11,16,gender,ema_lr5e-2,0.05,0.0001,3.31185,0.43275,1881
11,16,gender,ema_lr1e-2_wd1e-3,0.01,0.001,0.91083,0.53642,1881
11,16,gender,ema_d0.99,0.01,0.0001,0.96607,0.46677,1881
11,16,gender,ema_d0.9999,0.01,0.0001,0.98111,0.46146,1881
11,16,gender,mlp_h16,0.001,0.0,0.70764,0.49761,1881
11,16,gender,mlp_h32,0.001,0.0,0.68303,0.57416,1881
11,16,gender,mlp_h64,0.001,0.0,0.6824,0.57416,1881
11,16,gender,mlp_h128,0.001,0.0,0.67848,0.57523,1881
11,16,gender,attention,0.0001,1e-05,121.04226,0.46094,1881
11,16,gender,shuffled,0.01,0.0001,1.01345,0.50292,1881
11,16,star_sign,ema_lr1e-3,0.001,0.0001,2.87213,0.07921,1881
11,16,star_sign,ema_lr5e-3,0.005,0.0001,2.64406,0.14673,1881
11,16,star_sign,ema_lr1e-2,0.01,0.0001,2.57436,0.1361,1881
11,16,star_sign,ema_lr5e-2,0.05,0.0001,2.39693,0.74428,1881
11,16,star_sign,ema_lr1e-2_wd1e-3,0.01,0.001,2.60649,0.08985,1881
11,16,star_sign,ema_d0.99,0.01,0.0001,2.61177,0.07337,1881
11,16,star_sign,ema_d0.9999,0.01,0.0001,2.58457,0.0941,1881
11,16,star_sign,mlp_h16,0.001,0.0,0.44695,1.0,1881
11,16,star_sign,mlp_h32,0.001,0.0,0.29055,1.0,1881
11,16,star_sign,mlp_h64,0.001,0.0,0.03463,1.0,1881
11,16,star_sign,mlp_h128,0.001,0.0,0.00683,1.0,1881
11,16,star_sign,attention,0.0001,1e-05,262.63577,0.0,1881
11,16,star_sign,shuffled,0.01,0.0001,2.60303,0.10792,1881
11,20,age_bin,ema_lr1e-3,0.001,0.0001,1.28579,0.32536,1881
11,20,age_bin,ema_lr5e-3,0.005,0.0001,1.29464,0.33121,1881
11,20,age_bin,ema_lr1e-2,0.01,0.0001,1.28884,0.33812,1881
11,20,age_bin,ema_lr5e-2,0.05,0.0001,2.78065,0.17119,1881
11,20,age_bin,ema_lr1e-2_wd1e-3,0.01,0.001,1.29757,0.30675,1881
11,20,age_bin,ema_d0.99,0.01,0.0001,1.33,0.3126,1881
11,20,age_bin,ema_d0.9999,0.01,0.0001,1.32414,0.32323,1881
11,20,age_bin,mlp_h16,0.001,0.0,0.9643,0.64965,1881
11,20,age_bin,mlp_h32,0.001,0.0,0.93489,0.65497,1881
11,20,age_bin,mlp_h64,0.001,0.0,1.01908,0.57257,1881
11,20,age_bin,mlp_h128,0.001,0.0,0.97079,0.63052,1881
11,20,age_bin,attention,0.0001,1e-05,11.62932,0.1875,1881
11,20,age_bin,shuffled,0.01,0.0001,1.30348,0.33333,1881
11,20,gender,ema_lr1e-3,0.001,0.0001,0.80466,0.51781,1881
11,20,gender,ema_lr5e-3,0.005,0.0001,0.80266,0.50452,1881
11,20,gender,ema_lr1e-2,0.01,0.0001,0.87796,0.52844,1881
11,20,gender,ema_lr5e-2,0.05,0.0001,3.18322,0.43275,1881
11,20,gender,ema_lr1e-2_wd1e-3,0.01,0.001,0.97735,0.48006,1881
11,20,gender,ema_d0.99,0.01,0.0001,0.93916,0.50186,1881
11,20,gender,ema_d0.9999,0.01,0.0001,0.84836,0.50984,1881
11,20,gender,mlp_h16,0.001,0.0,0.68727,0.56406,1881
11,20,gender,mlp_h32,0.001,0.0,0.68004,0.57735,1881
11,20,gender,mlp_h64,0.001,0.0,0.67261,0.59383,1881
11,20,gender,mlp_h128,0.001,0.0,0.70423,0.5428,1881
11,20,gender,attention,0.0001,1e-05,114.72267,0.46094,1881
11,20,gender,shuffled,0.01,0.0001,0.92514,0.49867,1881
11,20,star_sign,ema_lr1e-3,0.001,0.0001,2.93547,0.05529,1881
11,20,star_sign,ema_lr5e-3,0.005,0.0001,2.66796,0.09623,1881
11,20,star_sign,ema_lr1e-2,0.01,0.0001,2.67839,0.1026,1881
11,20,star_sign,ema_lr5e-2,0.05,0.0001,2.44422,0.14035,1881
11,20,star_sign,ema_lr1e-2_wd1e-3,0.01,0.001,2.65664,0.11909,1881
11,20,star_sign,ema_d0.99,0.01,0.0001,2.59555,0.12068,1881
11,20,star_sign,ema_d0.9999,0.01,0.0001,2.61435,0.10473,1881
11,20,star_sign,mlp_h16,0.001,0.0,1.40013,0.1462,1881
11,20,star_sign,mlp_h32,0.001,0.0,0.12255,1.0,1881
11,20,star_sign,mlp_h64,0.001,0.0,0.04484,1.0,1881
11,20,star_sign,mlp_h128,0.001,0.0,0.00969,1.0,1881
11,20,star_sign,attention,0.0001,1e-05,0.0358,1.0,1881
11,20,star_sign,shuffled,0.01,0.0001,2.59725,0.11483,1881
11,24,age_bin,ema_lr1e-3,0.001,0.0001,1.39083,0.33068,1881
11,24,age_bin,ema_lr5e-3,0.005,0.0001,1.36165,0.31898,1881
11,24,age_bin,ema_lr1e-2,0.01,0.0001,1.3445,0.33599,1881
11,24,age_bin,ema_lr5e-2,0.05,0.0001,2.27749,0.26528,1881
11,24,age_bin,ema_lr1e-2_wd1e-3,0.01,0.001,1.34618,0.35991,1881
11,24,age_bin,ema_d0.99,0.01,0.0001,1.31758,0.35141,1881
11,24,age_bin,ema_d0.9999,0.01,0.0001,1.28783,0.37586,1881
11,24,age_bin,mlp_h16,0.001,0.0,0.94052,0.60872,1881
11,24,age_bin,mlp_h32,0.001,0.0,0.90183,0.6454,1881
11,24,age_bin,mlp_h64,0.001,0.0,0.92247,0.64965,1881
11,24,age_bin,mlp_h128,0.001,0.0,0.96051,0.61138,1881
11,24,age_bin,attention,0.0001,1e-05,31.14065,0.625,1881
11,24,age_bin,shuffled,0.01,0.0001,1.34079,0.34928,1881
11,24,gender,ema_lr1e-3,0.001,0.0001,0.89869,0.52153,1881
11,24,gender,ema_lr5e-3,0.005,0.0001,0.88554,0.51409,1881
11,24,gender,ema_lr1e-2,0.01,0.0001,0.87269,0.52472,1881
11,24,gender,ema_lr5e-2,0.05,0.0001,2.25881,0.56725,1881
11,24,gender,ema_lr1e-2_wd1e-3,0.01,0.001,0.95614,0.47794,1881
11,24,gender,ema_d0.99,0.01,0.0001,0.88058,0.51302,1881
11,24,gender,ema_d0.9999,0.01,0.0001,0.91121,0.5311,1881
11,24,gender,mlp_h16,0.001,0.0,0.67393,0.60659,1881
11,24,gender,mlp_h32,0.001,0.0,0.67488,0.5949,1881
11,24,gender,mlp_h64,0.001,0.0,0.67437,0.60021,1881
11,24,gender,mlp_h128,0.001,0.0,0.68717,0.58214,1881
11,24,gender,attention,0.0001,1e-05,33.16469,0.46094,1881
11,24,gender,shuffled,0.01,0.0001,0.96099,0.52047,1881
11,24,star_sign,ema_lr1e-3,0.001,0.0001,3.02708,0.07762,1881
11,24,star_sign,ema_lr5e-3,0.005,0.0001,2.8174,0.07549,1881
11,24,star_sign,ema_lr1e-2,0.01,0.0001,2.75359,0.10526,1881
11,24,star_sign,ema_lr5e-2,0.05,0.0001,2.46844,0.17969,1881
11,24,star_sign,ema_lr1e-2_wd1e-3,0.01,0.001,2.80065,0.08825,1881
11,24,star_sign,ema_d0.99,0.01,0.0001,2.78325,0.09888,1881
11,24,star_sign,ema_d0.9999,0.01,0.0001,2.72828,0.10792,1881
11,24,star_sign,mlp_h16,0.001,0.0,0.37109,1.0,1881
11,24,star_sign,mlp_h32,0.001,0.0,0.68369,1.0,1881
11,24,star_sign,mlp_h64,0.001,0.0,0.07557,1.0,1881
11,24,star_sign,mlp_h128,0.001,0.0,0.00303,1.0,1881
11,24,star_sign,attention,0.0001,1e-05,0.00124,1.0,1881
11,24,star_sign,shuffled,0.01,0.0001,2.82941,0.11058,1881
11,28,age_bin,ema_lr1e-3,0.001,0.0001,1.48893,0.35832,1881
11,28,age_bin,ema_lr5e-3,0.005,0.0001,1.46006,0.37852,1881
11,28,age_bin,ema_lr1e-2,0.01,0.0001,1.42609,0.37214,1881
11,28,age_bin,ema_lr5e-2,0.05,0.0001,1.29175,0.39766,1881
11,28,age_bin,ema_lr1e-2_wd1e-3,0.01,0.001,1.41209,0.39075,1881
11,28,age_bin,ema_d0.99,0.01,0.0001,1.44442,0.36045,1881
11,28,age_bin,ema_d0.9999,0.01,0.0001,1.3575,0.38278,1881
11,28,age_bin,mlp_h16,0.001,0.0,0.96664,0.57948,1881
11,28,age_bin,mlp_h32,0.001,0.0,0.97163,0.57576,1881
11,28,age_bin,mlp_h64,0.001,0.0,0.93403,0.60021,1881
11,28,age_bin,mlp_h128,0.001,0.0,0.91744,0.61457,1881
11,28,age_bin,attention,0.0001,1e-05,1.54079,0.48438,1881
11,28,age_bin,shuffled,0.01,0.0001,1.48458,0.32802,1881
11,28,gender,ema_lr1e-3,0.001,0.0001,1.0271,0.51728,1881
11,28,gender,ema_lr5e-3,0.005,0.0001,1.00764,0.49229,1881
11,28,gender,ema_lr1e-2,0.01,0.0001,0.8914,0.54439,1881
11,28,gender,ema_lr5e-2,0.05,0.0001,0.88642,0.50239,1881
11,28,gender,ema_lr1e-2_wd1e-3,0.01,0.001,0.96563,0.50239,1881
11,28,gender,ema_d0.99,0.01,0.0001,0.91913,0.51728,1881
11,28,gender,ema_d0.9999,0.01,0.0001,1.00602,0.49654,1881
11,28,gender,mlp_h16,0.001,0.0,0.68811,0.54014,1881
11,28,gender,mlp_h32,0.001,0.0,0.6874,0.56831,1881
11,28,gender,mlp_h64,0.001,0.0,0.68946,0.57842,1881
11,28,gender,mlp_h128,0.001,0.0,0.69565,0.57842,1881
11,28,gender,attention,0.0001,1e-05,1.5809,0.5,1881
11,28,gender,shuffled,0.01,0.0001,0.96689,0.48325,1881
11,28,star_sign,ema_lr1e-3,0.001,0.0001,3.19954,0.11643,1881
11,28,star_sign,ema_lr5e-3,0.005,0.0001,3.25263,0.08293,1881
11,28,star_sign,ema_lr1e-2,0.01,0.0001,3.14634,0.08187,1881
11,28,star_sign,ema_lr5e-2,0.05,0.0001,2.54108,0.2068,1881
11,28,star_sign,ema_lr1e-2_wd1e-3,0.01,0.001,3.09604,0.08825,1881
11,28,star_sign,ema_d0.99,0.01,0.0001,3.03773,0.08825,1881
11,28,star_sign,ema_d0.9999,0.01,0.0001,3.0699,0.11324,1881
11,28,star_sign,mlp_h16,0.001,0.0,1.76076,0.52206,1881
11,28,star_sign,mlp_h32,0.001,0.0,1.42538,0.91866,1881
11,28,star_sign,mlp_h64,0.001,0.0,0.91321,0.99522,1881
11,28,star_sign,mlp_h128,0.001,0.0,0.43866,1.0,1881
11,28,star_sign,attention,0.0001,1e-05,0.00155,1.0,1881
11,28,star_sign,shuffled,0.01,0.0001,3.12205,0.0925,1881
12,0,age_bin,ema_lr1e-3,0.001,0.0001,1.58747,0.32749,1997
12,0,age_bin,ema_lr5e-3,0.005,0.0001,1.52469,0.3305,1997
12,0,age_bin,ema_lr1e-2,0.01,0.0001,1.44411,0.32749,1997
12,0,age_bin,ema_lr5e-2,0.05,0.0001,1.41374,0.34652,1997
12,0,age_bin,ema_lr1e-2_wd1e-3,0.01,0.001,1.39806,0.34151,1997
12,0,age_bin,ema_d0.99,0.01,0.0001,1.43613,0.31898,1997
12,0,age_bin,ema_d0.9999,0.01,0.0001,1.44421,0.35003,1997
12,0,age_bin,mlp_h16,0.001,0.0,1.03328,0.50876,1997
12,0,age_bin,mlp_h32,0.001,0.0,1.03693,0.51127,1997
12,0,age_bin,mlp_h64,0.001,0.0,1.04246,0.50826,1997
12,0,age_bin,mlp_h128,0.001,0.0,1.03875,0.50726,1997
12,0,age_bin,attention,0.0001,1e-05,1.08719,0.49219,1997
12,0,age_bin,shuffled,0.01,0.0001,1.45971,0.35804,1997
12,0,gender,ema_lr1e-3,0.001,0.0001,1.13041,0.49725,1997
12,0,gender,ema_lr5e-3,0.005,0.0001,0.93023,0.50576,1997
12,0,gender,ema_lr1e-2,0.01,0.0001,0.98118,0.48973,1997
12,0,gender,ema_lr5e-2,0.05,0.0001,1.24004,0.49624,1997
12,0,gender,ema_lr1e-2_wd1e-3,0.01,0.001,0.90767,0.47672,1997
12,0,gender,ema_d0.99,0.01,0.0001,0.93751,0.47021,1997
12,0,gender,ema_d0.9999,0.01,0.0001,0.93875,0.47421,1997
12,0,gender,mlp_h16,0.001,0.0,0.69263,0.5353,1997
12,0,gender,mlp_h32,0.001,0.0,0.69445,0.52829,1997
12,0,gender,mlp_h64,0.001,0.0,0.69195,0.5358,1997
12,0,gender,mlp_h128,0.001,0.0,0.70202,0.52979,1997
12,0,gender,attention,0.0001,1e-05,0.69416,0.4375,1997
12,0,gender,shuffled,0.01,0.0001,0.91606,0.51928,1997
12,0,star_sign,ema_lr1e-3,0.001,0.0001,3.22265,0.07912,1997
12,0,star_sign,ema_lr5e-3,0.005,0.0001,3.212,0.11267,1997
12,0,star_sign,ema_lr1e-2,0.01,0.0001,2.9761,0.07311,1997
12,0,star_sign,ema_lr5e-2,0.05,0.0001,2.39632,0.31998,1997
12,0,star_sign,ema_lr1e-2_wd1e-3,0.01,0.001,3.03929,0.11918,1997
12,0,star_sign,ema_d0.99,0.01,0.0001,3.00074,0.14021,1997
12,0,star_sign,ema_d0.9999,0.01,0.0001,2.9719,0.11718,1997
12,0,star_sign,mlp_h16,0.001,0.0,1.43616,0.89134,1997
12,0,star_sign,mlp_h32,0.001,0.0,0.3682,1.0,1997
12,0,star_sign,mlp_h64,0.001,0.0,0.30281,1.0,1997
12,0,star_sign,mlp_h128,0.001,0.0,0.18672,0.9995,1997
12,0,star_sign,attention,0.0001,1e-05,2.40431,0.98438,1997
12,0,star_sign,shuffled,0.01,0.0001,2.98501,0.07812,1997
12,4,age_bin,ema_lr1e-3,0.001,0.0001,1.2216,0.31748,1997
12,4,age_bin,ema_lr5e-3,0.005,0.0001,1.2209,0.32799,1997
12,4,age_bin,ema_lr1e-2,0.01,0.0001,1.24987,0.332,1997
12,4,age_bin,ema_lr5e-2,0.05,0.0001,2.67597,0.25939,1997
12,4,age_bin,ema_lr1e-2_wd1e-3,0.01,0.001,1.22088,0.3335,1997
12,4,age_bin,ema_d0.99,0.01,0.0001,1.27806,0.34802,1997
12,4,age_bin,ema_d0.9999,0.01,0.0001,1.19873,0.34201,1997
12,4,age_bin,mlp_h16,0.001,0.0,1.06405,0.51277,1997
12,4,age_bin,mlp_h32,0.001,0.0,1.03649,0.51577,1997
12,4,age_bin,mlp_h64,0.001,0.0,1.06367,0.51527,1997
12,4,age_bin,mlp_h128,0.001,0.0,1.0418,0.51778,1997
12,4,age_bin,attention,0.0001,1e-05,1.05956,0.44531,1997
12,4,age_bin,shuffled,0.01,0.0001,1.21864,0.3345,1997
12,4,gender,ema_lr1e-3,0.001,0.0001,0.80698,0.4692,1997
12,4,gender,ema_lr5e-3,0.005,0.0001,0.7707,0.49324,1997
12,4,gender,ema_lr1e-2,0.01,0.0001,0.84034,0.50175,1997
12,4,gender,ema_lr5e-2,0.05,0.0001,2.81374,0.47722,1997
12,4,gender,ema_lr1e-2_wd1e-3,0.01,0.001,0.84944,0.50225,1997
12,4,gender,ema_d0.99,0.01,0.0001,0.9447,0.50876,1997
12,4,gender,ema_d0.9999,0.01,0.0001,0.88204,0.49174,1997
12,4,gender,mlp_h16,0.001,0.0,0.69961,0.52929,1997
12,4,gender,mlp_h32,0.001,0.0,0.69021,0.5333,1997
12,4,gender,mlp_h64,0.001,0.0,0.70585,0.52629,1997
12,4,gender,mlp_h128,0.001,0.0,0.74183,0.47621,1997
12,4,gender,attention,0.0001,1e-05,0.71474,0.52344,1997
12,4,gender,shuffled,0.01,0.0001,0.95107,0.48623,1997
12,4,star_sign,ema_lr1e-3,0.001,0.0001,2.76284,0.03856,1997
12,4,star_sign,ema_lr5e-3,0.005,0.0001,2.60137,0.09114,1997
12,4,star_sign,ema_lr1e-2,0.01,0.0001,2.50936,0.12218,1997
12,4,star_sign,ema_lr5e-2,0.05,0.0001,2.7821,0.9349,1997
12,4,star_sign,ema_lr1e-2_wd1e-3,0.01,0.001,2.55477,0.11918,1997
12,4,star_sign,ema_d0.99,0.01,0.0001,2.54086,0.11868,1997
12,4,star_sign,ema_d0.9999,0.01,0.0001,2.57922,0.11868,1997
12,4,star_sign,mlp_h16,0.001,0.0,0.52287,1.0,1997
12,4,star_sign,mlp_h32,0.001,0.0,0.04888,1.0,1997
12,4,star_sign,mlp_h64,0.001,0.0,0.10647,1.0,1997
12,4,star_sign,mlp_h128,0.001,0.0,0.00506,1.0,1997
12,4,star_sign,attention,0.0001,1e-05,0.69511,0.99219,1997
12,4,star_sign,shuffled,0.01,0.0001,2.52169,0.12018,1997
12,8,age_bin,ema_lr1e-3,0.001,0.0001,1.27222,0.30496,1997
12,8,age_bin,ema_lr5e-3,0.005,0.0001,1.23614,0.34652,1997
12,8,age_bin,ema_lr1e-2,0.01,0.0001,1.26616,0.38057,1997
12,8,age_bin,ema_lr5e-2,0.05,0.0001,3.14963,0.49975,1997
12,8,age_bin,ema_lr1e-2_wd1e-3,0.01,0.001,1.29628,0.41062,1997
12,8,age_bin,ema_d0.99,0.01,0.0001,1.24749,0.4001,1997
12,8,age_bin,ema_d0.9999,0.01,0.0001,1.26453,0.30446,1997
12,8,age_bin,mlp_h16,0.001,0.0,1.04232,0.51527,1997
12,8,age_bin,mlp_h32,0.001,0.0,1.04487,0.51577,1997
12,8,age_bin,mlp_h64,0.001,0.0,1.03724,0.50926,1997
12,8,age_bin,mlp_h128,0.001,0.0,1.08671,0.46169,1997
12,8,age_bin,attention,0.0001,1e-05,1.1184,0.46094,1997
12,8,age_bin,shuffled,0.01,0.0001,1.24174,0.31848,1997
12,8,gender,ema_lr1e-3,0.001,0.0001,0.76351,0.51627,1997
12,8,gender,ema_lr5e-3,0.005,0.0001,0.78546,0.50776,1997
12,8,gender,ema_lr1e-2,0.01,0.0001,0.91588,0.49074,1997
12,8,gender,ema_lr5e-2,0.05,0.0001,3.9357,0.52278,1997
12,8,gender,ema_lr1e-2_wd1e-3,0.01,0.001,0.97614,0.49424,1997
12,8,gender,ema_d0.99,0.01,0.0001,0.91749,0.5338,1997
12,8,gender,ema_d0.9999,0.01,0.0001,0.87627,0.50726,1997
12,8,gender,mlp_h16,0.001,0.0,0.68947,0.53981,1997
12,8,gender,mlp_h32,0.001,0.0,0.69076,0.52479,1997
12,8,gender,mlp_h64,0.001,0.0,0.69089,0.5348,1997
12,8,gender,mlp_h128,0.001,0.0,0.74179,0.48623,1997
12,8,gender,attention,0.0001,1e-05,0.69149,0.58594,1997
12,8,gender,shuffled,0.01,0.0001,0.97776,0.52379,1997
12,8,star_sign,ema_lr1e-3,0.001,0.0001,2.74023,0.09214,1997
12,8,star_sign,ema_lr5e-3,0.005,0.0001,2.64682,0.11117,1997
12,8,star_sign,ema_lr1e-2,0.01,0.0001,2.5675,0.12118,1997
12,8,star_sign,ema_lr5e-2,0.05,0.0001,2.31287,0.18177,1997
12,8,star_sign,ema_lr1e-2_wd1e-3,0.01,0.001,2.55673,0.12318,1997
12,8,star_sign,ema_d0.99,0.01,0.0001,2.56483,0.14171,1997
12,8,star_sign,ema_d0.9999,0.01,0.0001,2.58105,0.12519,1997
12,8,star_sign,mlp_h16,0.001,0.0,2.15234,0.0641,1997
12,8,star_sign,mlp_h32,0.001,0.0,0.81321,1.0,1997
12,8,star_sign,mlp_h64,0.001,0.0,0.0413,1.0,1997
12,8,star_sign,mlp_h128,0.001,0.0,0.00355,1.0,1997
12,8,star_sign,attention,0.0001,1e-05,0.0,1.0,1997
12,8,star_sign,shuffled,0.01,0.0001,2.55288,0.11918,1997
12,12,age_bin,ema_lr1e-3,0.001,0.0001,1.24897,0.34151,1997
12,12,age_bin,ema_lr5e-3,0.005,0.0001,1.20481,0.36855,1997
12,12,age_bin,ema_lr1e-2,0.01,0.0001,1.26334,0.37907,1997
12,12,age_bin,ema_lr5e-2,0.05,0.0001,3.29475,0.50125,1997
12,12,age_bin,ema_lr1e-2_wd1e-3,0.01,0.001,1.23515,0.37356,1997
12,12,age_bin,ema_d0.99,0.01,0.0001,1.291,0.36204,1997
12,12,age_bin,ema_d0.9999,0.01,0.0001,1.27851,0.40911,1997
12,12,age_bin,mlp_h16,0.001,0.0,1.03435,0.51477,1997
12,12,age_bin,mlp_h32,0.001,0.0,1.04711,0.51577,1997
12,12,age_bin,mlp_h64,0.001,0.0,1.08165,0.51527,1997
12,12,age_bin,mlp_h128,0.001,0.0,1.08008,0.51327,1997
12,12,age_bin,attention,0.0001,1e-05,149.15913,0.49219,1997
12,12,age_bin,shuffled,0.01,0.0001,1.2134,0.3355,1997
12,12,gender,ema_lr1e-3,0.001,0.0001,0.78612,0.50926,1997
12,12,gender,ema_lr5e-3,0.005,0.0001,0.7762,0.49775,1997
12,12,gender,ema_lr1e-2,0.01,0.0001,0.93095,0.52278,1997
12,12,gender,ema_lr5e-2,0.05,0.0001,3.86538,0.52278,1997
12,12,gender,ema_lr1e-2_wd1e-3,0.01,0.001,0.85783,0.5333,1997
12,12,gender,ema_d0.99,0.01,0.0001,0.8581,0.50476,1997
12,12,gender,ema_d0.9999,0.01,0.0001,0.93832,0.49825,1997
12,12,gender,mlp_h16,0.001,0.0,0.68817,0.54532,1997
12,12,gender,mlp_h32,0.001,0.0,0.68918,0.54382,1997
12,12,gender,mlp_h64,0.001,0.0,0.71108,0.48473,1997
12,12,gender,mlp_h128,0.001,0.0,0.7591,0.48072,1997
12,12,gender,attention,0.0001,1e-05,0.75229,0.52344,1997
12,12,gender,shuffled,0.01,0.0001,0.93117,0.48973,1997
12,12,star_sign,ema_lr1e-3,0.001,0.0001,2.82241,0.06159,1997
12,12,star_sign,ema_lr5e-3,0.005,0.0001,2.65691,0.08963,1997
12,12,star_sign,ema_lr1e-2,0.01,0.0001,2.52174,0.12419,1997
12,12,star_sign,ema_lr5e-2,0.05,0.0001,2.2696,0.19579,1997
12,12,star_sign,ema_lr1e-2_wd1e-3,0.01,0.001,2.59187,0.12619,1997
12,12,star_sign,ema_d0.99,0.01,0.0001,2.60871,0.08212,1997
12,12,star_sign,ema_d0.9999,0.01,0.0001,2.5896,0.14372,1997
12,12,star_sign,mlp_h16,0.001,0.0,0.87675,1.0,1997
12,12,star_sign,mlp_h32,0.001,0.0,0.58389,1.0,1997
12,12,star_sign,mlp_h64,0.001,0.0,0.07084,1.0,1997
12,12,star_sign,mlp_h128,0.001,0.0,0.00875,1.0,1997
12,12,star_sign,attention,0.0001,1e-05,49.24812,0.0,1997
12,12,star_sign,shuffled,0.01,0.0001,2.56745,0.12018,1997
12,16,age_bin,ema_lr1e-3,0.001,0.0001,1.24934,0.333,1997
12,16,age_bin,ema_lr5e-3,0.005,0.0001,1.23502,0.32749,1997
12,16,age_bin,ema_lr1e-2,0.01,0.0001,1.22801,0.34902,1997
12,16,age_bin,ema_lr5e-2,0.05,0.0001,2.63782,0.25889,1997
12,16,age_bin,ema_lr1e-2_wd1e-3,0.01,0.001,1.24722,0.32649,1997
12,16,age_bin,ema_d0.99,0.01,0.0001,1.21371,0.38408,1997
12,16,age_bin,ema_d0.9999,0.01,0.0001,1.24018,0.38358,1997
12,16,age_bin,mlp_h16,0.001,0.0,1.0309,0.51577,1997
12,16,age_bin,mlp_h32,0.001,0.0,1.05065,0.51577,1997
12,16,age_bin,mlp_h64,0.001,0.0,1.05522,0.51327,1997
12,16,age_bin,mlp_h128,0.001,0.0,1.03549,0.51177,1997
12,16,age_bin,attention,0.0001,1e-05,1.13717,0.41406,1997
12,16,age_bin,shuffled,0.01,0.0001,1.21822,0.3305,1997
12,16,gender,ema_lr1e-3,0.001,0.0001,0.78146,0.50976,1997
12,16,gender,ema_lr5e-3,0.005,0.0001,0.76761,0.52679,1997
12,16,gender,ema_lr1e-2,0.01,0.0001,0.84219,0.51427,1997
12,16,gender,ema_lr5e-2,0.05,0.0001,3.93958,0.52278,1997
12,16,gender,ema_lr1e-2_wd1e-3,0.01,0.001,0.87121,0.50025,1997
12,16,gender,ema_d0.99,0.01,0.0001,0.94308,0.52579,1997
12,16,gender,ema_d0.9999,0.01,0.0001,0.97813,0.49775,1997
12,16,gender,mlp_h16,0.001,0.0,0.68998,0.54331,1997
12,16,gender,mlp_h32,0.001,0.0,0.69741,0.49224,1997
12,16,gender,mlp_h64,0.001,0.0,0.69758,0.53981,1997
12,16,gender,mlp_h128,0.001,0.0,0.7208,0.49775,1997
12,16,gender,attention,0.0001,1e-05,90.93633,0.44531,1997
12,16,gender,shuffled,0.01,0.0001,0.90852,0.50325,1997
12,16,star_sign,ema_lr1e-3,0.001,0.0001,2.79887,0.07611,1997
12,16,star_sign,ema_lr5e-3,0.005,0.0001,2.64383,0.14672,1997
12,16,star_sign,ema_lr1e-2,0.01,0.0001,2.58599,0.12919,1997
12,16,star_sign,ema_lr5e-2,0.05,0.0001,2.23304,0.27591,1997
12,16,star_sign,ema_lr1e-2_wd1e-3,0.01,0.001,2.5254,0.11668,1997
12,16,star_sign,ema_d0.99,0.01,0.0001,2.6069,0.10015,1997
12,16,star_sign,ema_d0.9999,0.01,0.0001,2.58954,0.09264,1997
12,16,star_sign,mlp_h16,0.001,0.0,0.36843,1.0,1997
12,16,star_sign,mlp_h32,0.001,0.0,0.21943,1.0,1997
12,16,star_sign,mlp_h64,0.001,0.0,0.02219,1.0,1997
12,16,star_sign,mlp_h128,0.001,0.0,0.00404,1.0,1997
12,16,star_sign,attention,0.0001,1e-05,209.19939,0.0,1997
12,16,star_sign,shuffled,0.01,0.0001,2.56595,0.10816,1997
12,20,age_bin,ema_lr1e-3,0.001,0.0001,1.24798,0.34001,1997
12,20,age_bin,ema_lr5e-3,0.005,0.0001,1.23303,0.36004,1997
12,20,age_bin,ema_lr1e-2,0.01,0.0001,1.29688,0.33901,1997
12,20,age_bin,ema_lr5e-2,0.05,0.0001,2.84293,0.49875,1997
12,20,age_bin,ema_lr1e-2_wd1e-3,0.01,0.001,1.25795,0.34752,1997
12,20,age_bin,ema_d0.99,0.01,0.0001,1.31172,0.38858,1997
12,20,age_bin,ema_d0.9999,0.01,0.0001,1.25962,0.38908,1997
12,20,age_bin,mlp_h16,0.001,0.0,1.04252,0.51277,1997
12,20,age_bin,mlp_h32,0.001,0.0,1.0297,0.51678,1997
12,20,age_bin,mlp_h64,0.001,0.0,1.07437,0.49324,1997
12,20,age_bin,mlp_h128,0.001,0.0,1.04592,0.51627,1997
12,20,age_bin,attention,0.0001,1e-05,24.44119,0.26562,1997
12,20,age_bin,shuffled,0.01,0.0001,1.29597,0.32949,1997
12,20,gender,ema_lr1e-3,0.001,0.0001,0.86519,0.4697,1997
12,20,gender,ema_lr5e-3,0.005,0.0001,0.79999,0.50075,1997
12,20,gender,ema_lr1e-2,0.01,0.0001,0.86589,0.51427,1997
12,20,gender,ema_lr5e-2,0.05,0.0001,3.43065,0.52278,1997
12,20,gender,ema_lr1e-2_wd1e-3,0.01,0.001,0.95775,0.49324,1997
12,20,gender,ema_d0.99,0.01,0.0001,0.9355,0.47772,1997
12,20,gender,ema_d0.9999,0.01,0.0001,0.83519,0.49574,1997
12,20,gender,mlp_h16,0.001,0.0,0.69775,0.52679,1997
12,20,gender,mlp_h32,0.001,0.0,0.68394,0.56335,1997
12,20,gender,mlp_h64,0.001,0.0,0.68772,0.56585,1997
12,20,gender,mlp_h128,0.001,0.0,0.6986,0.53781,1997
12,20,gender,attention,0.0001,1e-05,84.08308,0.44531,1997
12,20,gender,shuffled,0.01,0.0001,0.90764,0.49825,1997
12,20,star_sign,ema_lr1e-3,0.001,0.0001,2.93128,0.05258,1997
12,20,star_sign,ema_lr5e-3,0.005,0.0001,2.64489,0.09765,1997
12,20,star_sign,ema_lr1e-2,0.01,0.0001,2.64517,0.10215,1997
12,20,star_sign,ema_lr5e-2,0.05,0.0001,2.61468,0.91137,1997
12,20,star_sign,ema_lr1e-2_wd1e-3,0.01,0.001,2.66019,0.12519,1997
12,20,star_sign,ema_d0.99,0.01,0.0001,2.62434,0.11668,1997
12,20,star_sign,ema_d0.9999,0.01,0.0001,2.66852,0.08813,1997
12,20,star_sign,mlp_h16,0.001,0.0,1.34353,0.13771,1997
12,20,star_sign,mlp_h32,0.001,0.0,0.08436,1.0,1997
12,20,star_sign,mlp_h64,0.001,0.0,0.02918,1.0,1997
12,20,star_sign,mlp_h128,0.001,0.0,0.00556,1.0,1997
12,20,star_sign,attention,0.0001,1e-05,0.03086,1.0,1997
12,20,star_sign,shuffled,0.01,0.0001,2.60341,0.09815,1997
12,24,age_bin,ema_lr1e-3,0.001,0.0001,1.36583,0.34652,1997
12,24,age_bin,ema_lr5e-3,0.005,0.0001,1.28336,0.35203,1997
12,24,age_bin,ema_lr1e-2,0.01,0.0001,1.32453,0.33951,1997
12,24,age_bin,ema_lr5e-2,0.05,0.0001,2.42428,0.49374,1997
12,24,age_bin,ema_lr1e-2_wd1e-3,0.01,0.001,1.37423,0.35503,1997
12,24,age_bin,ema_d0.99,0.01,0.0001,1.34615,0.35854,1997
12,24,age_bin,ema_d0.9999,0.01,0.0001,1.34301,0.36405,1997
12,24,age_bin,mlp_h16,0.001,0.0,1.0303,0.48573,1997
12,24,age_bin,mlp_h32,0.001,0.0,1.03707,0.51527,1997
12,24,age_bin,mlp_h64,0.001,0.0,1.04377,0.50976,1997
12,24,age_bin,mlp_h128,0.001,0.0,1.02697,0.51077,1997
12,24,age_bin,attention,0.0001,1e-05,28.9874,0.49219,1997
12,24,age_bin,shuffled,0.01,0.0001,1.3259,0.36304,1997
12,24,gender,ema_lr1e-3,0.001,0.0001,0.82737,0.54432,1997
12,24,gender,ema_lr5e-3,0.005,0.0001,0.85778,0.52979,1997
12,24,gender,ema_lr1e-2,0.01,0.0001,0.8695,0.52328,1997
12,24,gender,ema_lr5e-2,0.05,0.0001,1.94476,0.47672,1997
12,24,gender,ema_lr1e-2_wd1e-3,0.01,0.001,0.90317,0.52328,1997
12,24,gender,ema_d0.99,0.01,0.0001,0.88082,0.49224,1997
12,24,gender,ema_d0.9999,0.01,0.0001,0.87134,0.5343,1997
12,24,gender,mlp_h16,0.001,0.0,0.70395,0.54331,1997
12,24,gender,mlp_h32,0.001,0.0,0.69856,0.54482,1997
12,24,gender,mlp_h64,0.001,0.0,0.70411,0.55033,1997
12,24,gender,mlp_h128,0.001,0.0,0.71331,0.55333,1997
12,24,gender,attention,0.0001,1e-05,23.05709,0.44531,1997
12,24,gender,shuffled,0.01,0.0001,0.92534,0.50325,1997
12,24,star_sign,ema_lr1e-3,0.001,0.0001,2.9607,0.10165,1997
12,24,star_sign,ema_lr5e-3,0.005,0.0001,2.79516,0.08663,1997
12,24,star_sign,ema_lr1e-2,0.01,0.0001,2.76891,0.10666,1997
12,24,star_sign,ema_lr5e-2,0.05,0.0001,2.50963,0.69504,1997
12,24,star_sign,ema_lr1e-2_wd1e-3,0.01,0.001,2.80059,0.11067,1997
12,24,star_sign,ema_d0.99,0.01,0.0001,2.7392,0.10916,1997
12,24,star_sign,ema_d0.9999,0.01,0.0001,2.72258,0.11517,1997
12,24,star_sign,mlp_h16,0.001,0.0,0.29489,1.0,1997
12,24,star_sign,mlp_h32,0.001,0.0,0.56622,1.0,1997
12,24,star_sign,mlp_h64,0.001,0.0,0.04928,1.0,1997
12,24,star_sign,mlp_h128,0.001,0.0,0.00181,1.0,1997
12,24,star_sign,attention,0.0001,1e-05,0.01393,0.99219,1997
12,24,star_sign,shuffled,0.01,0.0001,2.72034,0.11117,1997
12,28,age_bin,ema_lr1e-3,0.001,0.0001,1.59196,0.3305,1997
12,28,age_bin,ema_lr5e-3,0.005,0.0001,1.46147,0.35954,1997
12,28,age_bin,ema_lr1e-2,0.01,0.0001,1.47192,0.32899,1997
12,28,age_bin,ema_lr5e-2,0.05,0.0001,1.34994,0.36655,1997
12,28,age_bin,ema_lr1e-2_wd1e-3,0.01,0.001,1.52801,0.33701,1997
12,28,age_bin,ema_d0.99,0.01,0.0001,1.43728,0.35904,1997
12,28,age_bin,ema_d0.9999,0.01,0.0001,1.51602,0.31798,1997
12,28,age_bin,mlp_h16,0.001,0.0,1.03441,0.47071,1997
12,28,age_bin,mlp_h32,0.001,0.0,1.04419,0.48022,1997
12,28,age_bin,mlp_h64,0.001,0.0,1.04056,0.48373,1997
12,28,age_bin,mlp_h128,0.001,0.0,1.05846,0.48523,1997
12,28,age_bin,attention,0.0001,1e-05,1.61612,0.47656,1997
12,28,age_bin,shuffled,0.01,0.0001,1.47641,0.32799,1997
12,28,gender,ema_lr1e-3,0.001,0.0001,1.04723,0.49975,1997
12,28,gender,ema_lr5e-3,0.005,0.0001,0.91832,0.5328,1997
12,28,gender,ema_lr1e-2,0.01,0.0001,0.94581,0.49424,1997
12,28,gender,ema_lr5e-2,0.05,0.0001,0.85073,0.52028,1997
12,28,gender,ema_lr1e-2_wd1e-3,0.01,0.001,0.90124,0.51227,1997
12,28,gender,ema_d0.99,0.01,0.0001,0.89075,0.52879,1997
12,28,gender,ema_d0.9999,0.01,0.0001,0.95821,0.50876,1997
12,28,gender,mlp_h16,0.001,0.0,0.69538,0.54882,1997
12,28,gender,mlp_h32,0.001,0.0,0.69354,0.57787,1997
12,28,gender,mlp_h64,0.001,0.0,0.70416,0.57336,1997
12,28,gender,mlp_h128,0.001,0.0,0.70808,0.57987,1997
12,28,gender,attention,0.0001,1e-05,1.48662,0.53125,1997
12,28,gender,shuffled,0.01,0.0001,0.90674,0.51577,1997
12,28,star_sign,ema_lr1e-3,0.001,0.0001,3.28942,0.09815,1997
12,28,star_sign,ema_lr5e-3,0.005,0.0001,3.24654,0.09514,1997
12,28,star_sign,ema_lr1e-2,0.01,0.0001,3.03295,0.09464,1997
12,28,star_sign,ema_lr5e-2,0.05,0.0001,2.44721,0.21382,1997
12,28,star_sign,ema_lr1e-2_wd1e-3,0.01,0.001,3.0792,0.09214,1997
12,28,star_sign,ema_d0.99,0.01,0.0001,3.1273,0.08012,1997
12,28,star_sign,ema_d0.9999,0.01,0.0001,2.99636,0.12469,1997
12,28,star_sign,mlp_h16,0.001,0.0,1.66455,0.58087,1997
12,28,star_sign,mlp_h32,0.001,0.0,1.35748,0.9349,1997
12,28,star_sign,mlp_h64,0.001,0.0,0.80677,0.9995,1997
12,28,star_sign,mlp_h128,0.001,0.0,0.35291,1.0,1997
12,28,star_sign,attention,0.0001,1e-05,0.0023,1.0,1997
12,28,star_sign,shuffled,0.01,0.0001,3.09754,0.09164,1997
13,0,age_bin,ema_lr1e-3,0.001,0.0001,1.55295,0.33643,1721
13,0,age_bin,ema_lr5e-3,0.005,0.0001,1.49113,0.35212,1721
13,0,age_bin,ema_lr1e-2,0.01,0.0001,1.43446,0.33178,1721
13,0,age_bin,ema_lr5e-2,0.05,0.0001,1.39463,0.39338,1721
13,0,age_bin,ema_lr1e-2_wd1e-3,0.01,0.001,1.38984,0.35328,1721
13,0,age_bin,ema_d0.99,0.01,0.0001,1.44959,0.33062,1721
13,0,age_bin,ema_d0.9999,0.01,0.0001,1.46573,0.35154,1721
13,0,age_bin,mlp_h16,0.001,0.0,1.03966,0.48925,1721
13,0,age_bin,mlp_h32,0.001,0.0,1.04876,0.4846,1721
13,0,age_bin,mlp_h64,0.001,0.0,1.0748,0.47647,1721
13,0,age_bin,mlp_h128,0.001,0.0,1.07232,0.48576,1721
13,0,age_bin,attention,0.0001,1e-05,1.08878,0.47656,1721
13,0,age_bin,shuffled,0.01,0.0001,1.44546,0.35503,1721
13,0,gender,ema_lr1e-3,0.001,0.0001,1.10415,0.5032,1721
13,0,gender,ema_lr5e-3,0.005,0.0001,0.99146,0.50668,1721
13,0,gender,ema_lr1e-2,0.01,0.0001,0.96799,0.49564,1721
13,0,gender,ema_lr5e-2,0.05,0.0001,1.39133,0.48809,1721
13,0,gender,ema_lr1e-2_wd1e-3,0.01,0.001,0.88873,0.52644,1721
13,0,gender,ema_d0.99,0.01,0.0001,0.97011,0.46775,1721
13,0,gender,ema_d0.9999,0.01,0.0001,0.93325,0.49739,1721
13,0,gender,mlp_h16,0.001,0.0,0.69486,0.5369,1721
13,0,gender,mlp_h32,0.001,0.0,0.69683,0.53574,1721
13,0,gender,mlp_h64,0.001,0.0,0.70119,0.52818,1721
13,0,gender,mlp_h128,0.001,0.0,0.69444,0.54271,1721
13,0,gender,attention,0.0001,1e-05,0.69289,0.58594,1721
13,0,gender,shuffled,0.01,0.0001,0.928,0.51424,1721
13,0,star_sign,ema_lr1e-3,0.001,0.0001,3.27468,0.08716,1721
13,0,star_sign,ema_lr5e-3,0.005,0.0001,3.17434,0.12609,1721
13,0,star_sign,ema_lr1e-2,0.01,0.0001,3.02949,0.08774,1721
13,0,star_sign,ema_lr5e-2,0.05,0.0001,2.41975,0.36549,1721
13,0,star_sign,ema_lr1e-2_wd1e-3,0.01,0.001,3.03308,0.07205,1721
13,0,star_sign,ema_d0.99,0.01,0.0001,3.06935,0.12609,1721
13,0,star_sign,ema_d0.9999,0.01,0.0001,3.00596,0.11098,1721
13,0,star_sign,mlp_h16,0.001,0.0,1.29726,0.92098,1721
13,0,star_sign,mlp_h32,0.001,0.0,0.30231,0.99826,1721
13,0,star_sign,mlp_h64,0.001,0.0,0.23802,1.0,1721
13,0,star_sign,mlp_h128,0.001,0.0,0.14623,1.0,1721
13,0,star_sign,attention,0.0001,1e-05,2.40179,1.0,1721
13,0,star_sign,shuffled,0.01,0.0001,3.04796,0.05636,1721
13,4,age_bin,ema_lr1e-3,0.001,0.0001,1.21008,0.3283,1721
13,4,age_bin,ema_lr5e-3,0.005,0.0001,1.18946,0.35445,1721
13,4,age_bin,ema_lr1e-2,0.01,0.0001,1.22957,0.32655,1721
13,4,age_bin,ema_lr5e-2,0.05,0.0001,3.66888,0.17199,1721
13,4,age_bin,ema_lr1e-2_wd1e-3,0.01,0.001,1.24237,0.35967,1721
13,4,age_bin,ema_d0.99,0.01,0.0001,1.20724,0.37071,1721
13,4,age_bin,ema_d0.9999,0.01,0.0001,1.25512,0.35212,1721
13,4,age_bin,mlp_h16,0.001,0.0,1.08858,0.48576,1721
13,4,age_bin,mlp_h32,0.001,0.0,1.03947,0.49216,1721
13,4,age_bin,mlp_h64,0.001,0.0,1.08442,0.48635,1721
13,4,age_bin,mlp_h128,0.001,0.0,1.07374,0.49041,1721
13,4,age_bin,attention,0.0001,1e-05,1.08213,0.41406,1721
13,4,age_bin,shuffled,0.01,0.0001,1.26118,0.35967,1721
13,4,gender,ema_lr1e-3,0.001,0.0001,0.7712,0.52295,1721
13,4,gender,ema_lr5e-3,0.005,0.0001,0.76225,0.51656,1721
13,4,gender,ema_lr1e-2,0.01,0.0001,0.94062,0.48576,1721
13,4,gender,ema_lr5e-2,0.05,0.0001,3.73081,0.53864,1721
13,4,gender,ema_lr1e-2_wd1e-3,0.01,0.001,0.92066,0.51249,1721
13,4,gender,ema_d0.99,0.01,0.0001,0.96699,0.49216,1721
13,4,gender,ema_d0.9999,0.01,0.0001,0.87025,0.52121,1721
13,4,gender,mlp_h16,0.001,0.0,0.69729,0.54445,1721
13,4,gender,mlp_h32,0.001,0.0,0.68909,0.54852,1721
13,4,gender,mlp_h64,0.001,0.0,0.6926,0.51888,1721
13,4,gender,mlp_h128,0.001,0.0,0.72054,0.48402,1721
13,4,gender,attention,0.0001,1e-05,0.78514,0.42188,1721
13,4,gender,shuffled,0.01,0.0001,0.93133,0.49332,1721
13,4,star_sign,ema_lr1e-3,0.001,0.0001,2.77687,0.03893,1721
13,4,star_sign,ema_lr5e-3,0.005,0.0001,2.62084,0.09181,1721
13,4,star_sign,ema_lr1e-2,0.01,0.0001,2.55335,0.13364,1721
13,4,star_sign,ema_lr5e-2,0.05,0.0001,2.23005,0.37362,1721
13,4,star_sign,ema_lr1e-2_wd1e-3,0.01,0.001,2.56097,0.15049,1721
13,4,star_sign,ema_d0.99,0.01,0.0001,2.55668,0.12551,1721
13,4,star_sign,ema_d0.9999,0.01,0.0001,2.57778,0.11679,1721
13,4,star_sign,mlp_h16,0.001,0.0,0.44271,1.0,1721
13,4,star_sign,mlp_h32,0.001,0.0,0.0332,1.0,1721
13,4,star_sign,mlp_h64,0.001,0.0,0.0704,1.0,1721
13,4,star_sign,mlp_h128,0.001,0.0,0.00282,1.0,1721
13,4,star_sign,attention,0.0001,1e-05,0.58461,0.99219,1721
13,4,star_sign,shuffled,0.01,0.0001,2.55306,0.14178,1721
13,8,age_bin,ema_lr1e-3,0.001,0.0001,1.28082,0.28995,1721
13,8,age_bin,ema_lr5e-3,0.005,0.0001,1.24938,0.31493,1721
13,8,age_bin,ema_lr1e-2,0.01,0.0001,1.23348,0.31551,1721
13,8,age_bin,ema_lr5e-2,0.05,0.0001,2.51869,0.19698,1721
13,8,age_bin,ema_lr1e-2_wd1e-3,0.01,0.001,1.17598,0.36142,1721
13,8,age_bin,ema_d0.99,0.01,0.0001,1.21812,0.34863,1721
13,8,age_bin,ema_d0.9999,0.01,0.0001,1.26813,0.32191,1721
13,8,age_bin,mlp_h16,0.001,0.0,1.06139,0.49216,1721
13,8,age_bin,mlp_h32,0.001,0.0,1.0721,0.49099,1721
13,8,age_bin,mlp_h64,0.001,0.0,1.06092,0.49041,1721
13,8,age_bin,mlp_h128,0.001,0.0,1.14227,0.46891,1721
13,8,age_bin,attention,0.0001,1e-05,1.08797,0.39062,1721
13,8,age_bin,shuffled,0.01,0.0001,1.23672,0.34922,1721
13,8,gender,ema_lr1e-3,0.001,0.0001,0.80242,0.48809,1721
13,8,gender,ema_lr5e-3,0.005,0.0001,0.80163,0.48576,1721
13,8,gender,ema_lr1e-2,0.01,0.0001,0.90703,0.49913,1721
13,8,gender,ema_lr5e-2,0.05,0.0001,3.31486,0.46136,1721
13,8,gender,ema_lr1e-2_wd1e-3,0.01,0.001,0.95214,0.49913,1721
13,8,gender,ema_d0.99,0.01,0.0001,0.94328,0.47531,1721
13,8,gender,ema_d0.9999,0.01,0.0001,0.90342,0.51191,1721
13,8,gender,mlp_h16,0.001,0.0,0.69799,0.50668,1721
13,8,gender,mlp_h32,0.001,0.0,0.68939,0.53632,1721
13,8,gender,mlp_h64,0.001,0.0,0.71545,0.48402,1721
13,8,gender,mlp_h128,0.001,0.0,0.73171,0.52353,1721
13,8,gender,attention,0.0001,1e-05,0.70867,0.53125,1721
13,8,gender,shuffled,0.01,0.0001,0.94722,0.47066,1721
13,8,star_sign,ema_lr1e-3,0.001,0.0001,2.75878,0.10052,1721
13,8,star_sign,ema_lr5e-3,0.005,0.0001,2.63718,0.12783,1721
13,8,star_sign,ema_lr1e-2,0.01,0.0001,2.59884,0.12958,1721
13,8,star_sign,ema_lr5e-2,0.05,0.0001,2.78262,0.9204,1721
13,8,star_sign,ema_lr1e-2_wd1e-3,0.01,0.001,2.56277,0.14933,1721
13,8,star_sign,ema_d0.99,0.01,0.0001,2.56925,0.14178,1721
13,8,star_sign,ema_d0.9999,0.01,0.0001,2.60674,0.13132,1721
13,8,star_sign,mlp_h16,0.001,0.0,2.11636,0.07438,1721
13,8,star_sign,mlp_h32,0.001,0.0,0.70635,1.0,1721
13,8,star_sign,mlp_h64,0.001,0.0,0.02653,1.0,1721
13,8,star_sign,mlp_h128,0.001,0.0,0.00202,1.0,1721
13,8,star_sign,attention,0.0001,1e-05,0.0,1.0,1721
13,8,star_sign,shuffled,0.01,0.0001,2.60921,0.12667,1721
13,12,age_bin,ema_lr1e-3,0.001,0.0001,1.2569,0.34108,1721
13,12,age_bin,ema_lr5e-3,0.005,0.0001,1.22342,0.3312,1721
13,12,age_bin,ema_lr1e-2,0.01,0.0001,1.22691,0.35154,1721
13,12,age_bin,ema_lr5e-2,0.05,0.0001,3.20323,0.35154,1721
13,12,age_bin,ema_lr1e-2_wd1e-3,0.01,0.001,1.19892,0.3434,1721
13,12,age_bin,ema_d0.99,0.01,0.0001,1.23549,0.32074,1721
13,12,age_bin,ema_d0.9999,0.01,0.0001,1.20518,0.34573,1721
13,12,age_bin,mlp_h16,0.001,0.0,1.04041,0.48576,1721
13,12,age_bin,mlp_h32,0.001,0.0,1.08875,0.49157,1721
13,12,age_bin,mlp_h64,0.001,0.0,1.05702,0.49041,1721
13,12,age_bin,mlp_h128,0.001,0.0,1.12654,0.49041,1721
13,12,age_bin,attention,0.0001,1e-05,176.86607,0.46875,1721
13,12,age_bin,shuffled,0.01,0.0001,1.22256,0.33759,1721
13,12,gender,ema_lr1e-3,0.001,0.0001,0.76354,0.52586,1721
13,12,gender,ema_lr5e-3,0.005,0.0001,0.80278,0.46949,1721
13,12,gender,ema_lr1e-2,0.01,0.0001,0.98135,0.47298,1721
13,12,gender,ema_lr5e-2,0.05,0.0001,3.40564,0.46136,1721
13,12,gender,ema_lr1e-2_wd1e-3,0.01,0.001,0.92134,0.49448,1721
13,12,gender,ema_d0.99,0.01,0.0001,0.87176,0.54213,1721
13,12,gender,ema_d0.9999,0.01,0.0001,0.95288,0.47995,1721
13,12,gender,mlp_h16,0.001,0.0,0.6953,0.52353,1721
13,12,gender,mlp_h32,0.001,0.0,0.69074,0.56188,1721
13,12,gender,mlp_h64,0.001,0.0,0.73542,0.47008,1721
13,12,gender,mlp_h128,0.001,0.0,0.8036,0.46543,1721
13,12,gender,attention,0.0001,1e-05,0.71936,0.53906,1721
13,12,gender,shuffled,0.01,0.0001,0.88753,0.51947,1721
13,12,star_sign,ema_lr1e-3,0.001,0.0001,2.83033,0.06275,1721
13,12,star_sign,ema_lr5e-3,0.005,0.0001,2.65355,0.08367,1721
13,12,star_sign,ema_lr1e-2,0.01,0.0001,2.56902,0.13539,1721
13,12,star_sign,ema_lr5e-2,0.05,0.0001,2.42764,0.67635,1721
13,12,star_sign,ema_lr1e-2_wd1e-3,0.01,0.001,2.56661,0.14003,1721
13,12,star_sign,ema_d0.99,0.01,0.0001,2.5932,0.10401,1721
13,12,star_sign,ema_d0.9999,0.01,0.0001,2.57565,0.15224,1721
13,12,star_sign,mlp_h16,0.001,0.0,0.78204,1.0,1721
13,12,star_sign,mlp_h32,0.001,0.0,0.47629,1.0,1721
13,12,star_sign,mlp_h64,0.001,0.0,0.04485,1.0,1721
13,12,star_sign,mlp_h128,0.001,0.0,0.0051,1.0,1721
13,12,star_sign,attention,0.0001,1e-05,4.81041,0.32031,1721
13,12,star_sign,shuffled,0.01,0.0001,2.51474,0.14701,1721
13,16,age_bin,ema_lr1e-3,0.001,0.0001,1.22636,0.33411,1721
13,16,age_bin,ema_lr5e-3,0.005,0.0001,1.22327,0.31493,1721
13,16,age_bin,ema_lr1e-2,0.01,0.0001,1.29018,0.30854,1721
13,16,age_bin,ema_lr5e-2,0.05,0.0001,3.57393,0.17083,1721
13,16,age_bin,ema_lr1e-2_wd1e-3,0.01,0.001,1.28322,0.32481,1721
13,16,age_bin,ema_d0.99,0.01,0.0001,1.25639,0.32539,1721
13,16,age_bin,ema_d0.9999,0.01,0.0001,1.19938,0.34399,1721
13,16,age_bin,mlp_h16,0.001,0.0,1.06404,0.49216,1721
13,16,age_bin,mlp_h32,0.001,0.0,1.10678,0.49216,1721
13,16,age_bin,mlp_h64,0.001,0.0,1.05985,0.49216,1721
13,16,age_bin,mlp_h128,0.001,0.0,1.07439,0.47705,1721
13,16,age_bin,attention,0.0001,1e-05,1.13008,0.42188,1721
13,16,age_bin,shuffled,0.01,0.0001,1.22009,0.362,1721
13,16,gender,ema_lr1e-3,0.001,0.0001,0.80729,0.50843,1721
13,16,gender,ema_lr5e-3,0.005,0.0001,0.78659,0.48576,1721
13,16,gender,ema_lr1e-2,0.01,0.0001,0.90099,0.4817,1721
13,16,gender,ema_lr5e-2,0.05,0.0001,3.3876,0.46136,1721
13,16,gender,ema_lr1e-2_wd1e-3,0.01,0.001,0.91871,0.52702,1721
13,16,gender,ema_d0.99,0.01,0.0001,0.92799,0.47821,1721
13,16,gender,ema_d0.9999,0.01,0.0001,0.97128,0.448,1721
13,16,gender,mlp_h16,0.001,0.0,0.69924,0.54155,1721
13,16,gender,mlp_h32,0.001,0.0,0.69858,0.50145,1721
13,16,gender,mlp_h64,0.001,0.0,0.68336,0.54968,1721
13,16,gender,mlp_h128,0.001,0.0,0.78019,0.46717,1721
13,16,gender,attention,0.0001,1e-05,52.57989,0.49219,1721
13,16,gender,shuffled,0.01,0.0001,0.88463,0.49797,1721
13,16,star_sign,ema_lr1e-3,0.001,0.0001,2.84503,0.08948,1721
13,16,star_sign,ema_lr5e-3,0.005,0.0001,2.66377,0.14294,1721
13,16,star_sign,ema_lr1e-2,0.01,0.0001,2.56734,0.1749,1721
13,16,star_sign,ema_lr5e-2,0.05,0.0001,2.39076,0.42127,1721
13,16,star_sign,ema_lr1e-2_wd1e-3,0.01,0.001,2.61372,0.11273,1721
13,16,star_sign,ema_d0.99,0.01,0.0001,2.56451,0.10285,1721
13,16,star_sign,ema_d0.9999,0.01,0.0001,2.58902,0.12202,1721
13,16,star_sign,mlp_h16,0.001,0.0,0.29097,1.0,1721
13,16,star_sign,mlp_h32,0.001,0.0,0.15865,1.0,1721
13,16,star_sign,mlp_h64,0.001,0.0,0.01377,1.0,1721
13,16,star_sign,mlp_h128,0.001,0.0,0.00231,1.0,1721
13,16,star_sign,attention,0.0001,1e-05,154.25063,0.0,1721
13,16,star_sign,shuffled,0.01,0.0001,2.5374,0.14236,1721
13,20,age_bin,ema_lr1e-3,0.001,0.0001,1.26853,0.32016,1721
13,20,age_bin,ema_lr5e-3,0.005,0.0001,1.25093,0.35503,1721
13,20,age_bin,ema_lr1e-2,0.01,0.0001,1.26754,0.33353,1721
13,20,age_bin,ema_lr5e-2,0.05,0.0001,2.37609,0.18536,1721
13,20,age_bin,ema_lr1e-2_wd1e-3,0.01,0.001,1.29144,0.32191,1721
13,20,age_bin,ema_d0.99,0.01,0.0001,1.27818,0.32191,1721
13,20,age_bin,ema_d0.9999,0.01,0.0001,1.26355,0.32597,1721
13,20,age_bin,mlp_h16,0.001,0.0,1.09852,0.49099,1721
13,20,age_bin,mlp_h32,0.001,0.0,1.07135,0.48751,1721
13,20,age_bin,mlp_h64,0.001,0.0,1.07354,0.48402,1721
13,20,age_bin,mlp_h128,0.001,0.0,1.09348,0.48518,1721
13,20,age_bin,attention,0.0001,1e-05,23.08733,0.36719,1721
13,20,age_bin,shuffled,0.01,0.0001,1.28211,0.35328,1721
13,20,gender,ema_lr1e-3,0.001,0.0001,0.83725,0.50378,1721
13,20,gender,ema_lr5e-3,0.005,0.0001,0.78002,0.51017,1721
13,20,gender,ema_lr1e-2,0.01,0.0001,0.91055,0.49797,1721
13,20,gender,ema_lr5e-2,0.05,0.0001,3.1962,0.46252,1721
13,20,gender,ema_lr1e-2_wd1e-3,0.01,0.001,0.92984,0.48693,1721
13,20,gender,ema_d0.99,0.01,0.0001,0.93567,0.50203,1721
13,20,gender,ema_d0.9999,0.01,0.0001,0.78989,0.52992,1721
13,20,gender,mlp_h16,0.001,0.0,0.68654,0.54155,1721
13,20,gender,mlp_h32,0.001,0.0,0.69683,0.52469,1721
13,20,gender,mlp_h64,0.001,0.0,0.6964,0.55259,1721
13,20,gender,mlp_h128,0.001,0.0,0.68605,0.55665,1721
13,20,gender,attention,0.0001,1e-05,47.06585,0.49219,1721
13,20,gender,shuffled,0.01,0.0001,0.95647,0.48053,1721
13,20,star_sign,ema_lr1e-3,0.001,0.0001,2.91852,0.05927,1721
13,20,star_sign,ema_lr5e-3,0.005,0.0001,2.69029,0.09646,1721
13,20,star_sign,ema_lr1e-2,0.01,0.0001,2.61271,0.12667,1721
13,20,star_sign,ema_lr5e-2,0.05,0.0001,2.31734,0.42185,1721
13,20,star_sign,ema_lr1e-2_wd1e-3,0.01,0.001,2.64489,0.13771,1721
13,20,star_sign,ema_d0.99,0.01,0.0001,2.60368,0.11854,1721
13,20,star_sign,ema_d0.9999,0.01,0.0001,2.61994,0.11156,1721
13,20,star_sign,mlp_h16,0.001,0.0,1.27789,0.13887,1721
13,20,star_sign,mlp_h32,0.001,0.0,0.05515,1.0,1721
13,20,star_sign,mlp_h64,0.001,0.0,0.01793,1.0,1721
13,20,star_sign,mlp_h128,0.001,0.0,0.00301,1.0,1721
13,20,star_sign,attention,0.0001,1e-05,0.02572,1.0,1721
13,20,star_sign,shuffled,0.01,0.0001,2.64141,0.12725,1721
13,24,age_bin,ema_lr1e-3,0.001,0.0001,1.37446,0.33643,1721
13,24,age_bin,ema_lr5e-3,0.005,0.0001,1.30277,0.35851,1721
13,24,age_bin,ema_lr1e-2,0.01,0.0001,1.35016,0.33353,1721
13,24,age_bin,ema_lr5e-2,0.05,0.0001,2.14219,0.20569,1721
13,24,age_bin,ema_lr1e-2_wd1e-3,0.01,0.001,1.32789,0.34689,1721
13,24,age_bin,ema_d0.99,0.01,0.0001,1.30384,0.35561,1721
13,24,age_bin,ema_d0.9999,0.01,0.0001,1.34693,0.34457,1721
13,24,age_bin,mlp_h16,0.001,0.0,1.0625,0.47182,1721
13,24,age_bin,mlp_h32,0.001,0.0,1.04248,0.48809,1721
13,24,age_bin,mlp_h64,0.001,0.0,1.06938,0.47879,1721
13,24,age_bin,mlp_h128,0.001,0.0,1.09375,0.47414,1721
13,24,age_bin,attention,0.0001,1e-05,56.99017,0.16406,1721
13,24,age_bin,shuffled,0.01,0.0001,1.37061,0.32539,1721
13,24,gender,ema_lr1e-3,0.001,0.0001,0.879,0.52063,1721
13,24,gender,ema_lr5e-3,0.005,0.0001,0.91678,0.47066,1721
13,24,gender,ema_lr1e-2,0.01,0.0001,0.8893,0.51772,1721
13,24,gender,ema_lr5e-2,0.05,0.0001,2.09785,0.53225,1721
13,24,gender,ema_lr1e-2_wd1e-3,0.01,0.001,0.97764,0.48867,1721
13,24,gender,ema_d0.99,0.01,0.0001,0.90039,0.51714,1721
13,24,gender,ema_d0.9999,0.01,0.0001,0.93677,0.50959,1721
13,24,gender,mlp_h16,0.001,0.0,0.69798,0.55782,1721
13,24,gender,mlp_h32,0.001,0.0,0.68835,0.56595,1721
13,24,gender,mlp_h64,0.001,0.0,0.69491,0.56246,1721
13,24,gender,mlp_h128,0.001,0.0,0.73369,0.52179,1721
13,24,gender,attention,0.0001,1e-05,7.60784,0.49219,1721
13,24,gender,shuffled,0.01,0.0001,0.99512,0.50087,1721
13,24,star_sign,ema_lr1e-3,0.001,0.0001,3.02317,0.09936,1721
13,24,star_sign,ema_lr5e-3,0.005,0.0001,2.8797,0.08832,1721
13,24,star_sign,ema_lr1e-2,0.01,0.0001,2.77673,0.12202,1721
13,24,star_sign,ema_lr5e-2,0.05,0.0001,2.52055,0.36723,1721
13,24,star_sign,ema_lr1e-2_wd1e-3,0.01,0.001,2.7753,0.1104,1721
13,24,star_sign,ema_d0.99,0.01,0.0001,2.80904,0.10575,1721
13,24,star_sign,ema_d0.9999,0.01,0.0001,2.73315,0.10866,1721
13,24,star_sign,mlp_h16,0.001,0.0,0.2413,1.0,1721
13,24,star_sign,mlp_h32,0.001,0.0,0.46072,1.0,1721
13,24,star_sign,mlp_h64,0.001,0.0,0.03384,1.0,1721
13,24,star_sign,mlp_h128,0.001,0.0,0.00126,1.0,1721
13,24,star_sign,attention,0.0001,1e-05,0.00824,0.99219,1721
13,24,star_sign,shuffled,0.01,0.0001,2.87016,0.09355,1721
13,28,age_bin,ema_lr1e-3,0.001,0.0001,1.57506,0.33004,1721
13,28,age_bin,ema_lr5e-3,0.005,0.0001,1.53645,0.33004,1721
13,28,age_bin,ema_lr1e-2,0.01,0.0001,1.58335,0.30331,1721
13,28,age_bin,ema_lr5e-2,0.05,0.0001,1.33762,0.3742,1721
13,28,age_bin,ema_lr1e-2_wd1e-3,0.01,0.001,1.576,0.31668,1721
13,28,age_bin,ema_d0.99,0.01,0.0001,1.49522,0.3434,1721
13,28,age_bin,ema_d0.9999,0.01,0.0001,1.48916,0.32597,1721
13,28,age_bin,mlp_h16,0.001,0.0,1.05531,0.44858,1721
13,28,age_bin,mlp_h32,0.001,0.0,1.08495,0.41429,1721
13,28,age_bin,mlp_h64,0.001,0.0,1.08626,0.44102,1721
13,28,age_bin,mlp_h128,0.001,0.0,1.07652,0.46543,1721
13,28,age_bin,attention,0.0001,1e-05,1.71528,0.34375,1721
13,28,age_bin,shuffled,0.01,0.0001,1.52083,0.33818,1721
13,28,gender,ema_lr1e-3,0.001,0.0001,1.1002,0.48693,1721
13,28,gender,ema_lr5e-3,0.005,0.0001,1.00451,0.51249,1721
13,28,gender,ema_lr1e-2,0.01,0.0001,0.94453,0.51365,1721
13,28,gender,ema_lr5e-2,0.05,0.0001,0.88716,0.50203,1721
13,28,gender,ema_lr1e-2_wd1e-3,0.01,0.001,1.0158,0.49157,1721
13,28,gender,ema_d0.99,0.01,0.0001,0.90802,0.52237,1721
13,28,gender,ema_d0.9999,0.01,0.0001,0.95278,0.51249,1721
13,28,gender,mlp_h16,0.001,0.0,0.6961,0.55607,1721
13,28,gender,mlp_h32,0.001,0.0,0.68885,0.56537,1721
13,28,gender,mlp_h64,0.001,0.0,0.69663,0.55956,1721
13,28,gender,mlp_h128,0.001,0.0,0.70948,0.54155,1721
13,28,gender,attention,0.0001,1e-05,1.38443,0.4375,1721
13,28,gender,shuffled,0.01,0.0001,0.93676,0.52702,1721
13,28,star_sign,ema_lr1e-3,0.001,0.0001,3.30671,0.09355,1721
13,28,star_sign,ema_lr5e-3,0.005,0.0001,3.22021,0.08774,1721
13,28,star_sign,ema_lr1e-2,0.01,0.0001,3.0739,0.09181,1721
13,28,star_sign,ema_lr5e-2,0.05,0.0001,2.55209,0.21615,1721
13,28,star_sign,ema_lr1e-2_wd1e-3,0.01,0.001,3.18607,0.08832,1721
13,28,star_sign,ema_d0.99,0.01,0.0001,3.16941,0.0796,1721
13,28,star_sign,ema_d0.9999,0.01,0.0001,3.12596,0.1075,1721
13,28,star_sign,mlp_h16,0.001,0.0,1.61485,0.60604,1721
13,28,star_sign,mlp_h32,0.001,0.0,1.24271,0.9541,1721
13,28,star_sign,mlp_h64,0.001,0.0,0.69212,0.99884,1721
13,28,star_sign,mlp_h128,0.001,0.0,0.27163,1.0,1721
13,28,star_sign,attention,0.0001,1e-05,0.03148,0.99219,1721
13,28,star_sign,shuffled,0.01,0.0001,3.0969,0.09878,1721
14,0,age_bin,ema_lr1e-3,0.001,0.0001,1.61009,0.32969,2102
14,0,age_bin,ema_lr5e-3,0.005,0.0001,1.5274,0.33682,2102
14,0,age_bin,ema_lr1e-2,0.01,0.0001,1.41531,0.33349,2102
14,0,age_bin,ema_lr5e-2,0.05,0.0001,1.43976,0.36204,2102
14,0,age_bin,ema_lr1e-2_wd1e-3,0.01,0.001,1.40837,0.32588,2102
14,0,age_bin,ema_d0.99,0.01,0.0001,1.47999,0.31922,2102
14,0,age_bin,ema_d0.9999,0.01,0.0001,1.4379,0.37298,2102
14,0,age_bin,mlp_h16,0.001,0.0,1.11082,0.42008,2102
14,0,age_bin,mlp_h32,0.001,0.0,1.12067,0.42055,2102
14,0,age_bin,mlp_h64,0.001,0.0,1.12675,0.42245,2102
14,0,age_bin,mlp_h128,0.001,0.0,1.12159,0.41912,2102
14,0,age_bin,attention,0.0001,1e-05,1.08351,0.50781,2102
14,0,age_bin,shuffled,0.01,0.0001,1.46232,0.34729,2102
14,0,gender,ema_lr1e-3,0.001,0.0001,1.07744,0.51189,2102
14,0,gender,ema_lr5e-3,0.005,0.0001,0.966,0.49049,2102
14,0,gender,ema_lr1e-2,0.01,0.0001,0.94626,0.50618,2102
14,0,gender,ema_lr5e-2,0.05,0.0001,1.37479,0.50571,2102
14,0,gender,ema_lr1e-2_wd1e-3,0.01,0.001,0.89932,0.51855,2102
14,0,gender,ema_d0.99,0.01,0.0001,0.89945,0.49049,2102
14,0,gender,ema_d0.9999,0.01,0.0001,0.89607,0.49286,2102
14,0,gender,mlp_h16,0.001,0.0,0.69765,0.50666,2102
14,0,gender,mlp_h32,0.001,0.0,0.69955,0.52664,2102
14,0,gender,mlp_h64,0.001,0.0,0.70232,0.53235,2102
14,0,gender,mlp_h128,0.001,0.0,0.70833,0.51427,2102
14,0,gender,attention,0.0001,1e-05,0.69362,0.4375,2102
14,0,gender,shuffled,0.01,0.0001,0.90956,0.50381,2102
14,0,star_sign,ema_lr1e-3,0.001,0.0001,3.20676,0.08991,2102
14,0,star_sign,ema_lr5e-3,0.005,0.0001,3.12144,0.12274,2102
14,0,star_sign,ema_lr1e-2,0.01,0.0001,2.95901,0.08135,2102
14,0,star_sign,ema_lr5e-2,0.05,0.0001,2.35091,0.26594,2102
14,0,star_sign,ema_lr1e-2_wd1e-3,0.01,0.001,3.01443,0.08468,2102
14,0,star_sign,ema_d0.99,0.01,0.0001,3.01058,0.14415,2102
14,0,star_sign,ema_d0.9999,0.01,0.0001,2.98627,0.10942,2102
14,0,star_sign,mlp_h16,0.001,0.0,1.26062,0.91342,2102
14,0,star_sign,mlp_h32,0.001,0.0,0.27756,0.99952,2102
14,0,star_sign,mlp_h64,0.001,0.0,0.21216,1.0,2102
14,0,star_sign,mlp_h128,0.001,0.0,0.12096,0.99952,2102
14,0,star_sign,attention,0.0001,1e-05,2.39535,0.98438,2102
14,0,star_sign,shuffled,0.01,0.0001,2.98978,0.06993,2102
14,4,age_bin,ema_lr1e-3,0.001,0.0001,1.21664,0.32778,2102
14,4,age_bin,ema_lr5e-3,0.005,0.0001,1.19448,0.34301,2102
14,4,age_bin,ema_lr1e-2,0.01,0.0001,1.23912,0.33777,2102
14,4,age_bin,ema_lr5e-2,0.05,0.0001,3.35759,0.29638,2102
14,4,age_bin,ema_lr1e-2_wd1e-3,0.01,0.001,1.25366,0.34063,2102
14,4,age_bin,ema_d0.99,0.01,0.0001,1.20377,0.35205,2102
14,4,age_bin,ema_d0.9999,0.01,0.0001,1.2685,0.31399,2102
14,4,age_bin,mlp_h16,0.001,0.0,1.12418,0.4177,2102
14,4,age_bin,mlp_h32,0.001,0.0,1.11117,0.42198,2102
14,4,age_bin,mlp_h64,0.001,0.0,1.13206,0.40771,2102
14,4,age_bin,mlp_h128,0.001,0.0,1.09092,0.42388,2102
14,4,age_bin,attention,0.0001,1e-05,1.10918,0.48438,2102
14,4,age_bin,shuffled,0.01,0.0001,1.22944,0.32826,2102
14,4,gender,ema_lr1e-3,0.001,0.0001,0.74974,0.53949,2102
14,4,gender,ema_lr5e-3,0.005,0.0001,0.77569,0.49857,2102
14,4,gender,ema_lr1e-2,0.01,0.0001,0.92354,0.47621,2102
14,4,gender,ema_lr5e-2,0.05,0.0001,3.54451,0.46194,2102
14,4,gender,ema_lr1e-2_wd1e-3,0.01,0.001,0.9381,0.47383,2102
14,4,gender,ema_d0.99,0.01,0.0001,0.97703,0.50904,2102
14,4,gender,ema_d0.9999,0.01,0.0001,0.89652,0.49619,2102
14,4,gender,mlp_h16,0.001,0.0,0.69779,0.52759,2102
14,4,gender,mlp_h32,0.001,0.0,0.69081,0.53235,2102
14,4,gender,mlp_h64,0.001,0.0,0.70978,0.4705,2102
14,4,gender,mlp_h128,0.001,0.0,0.71152,0.54186,2102
14,4,gender,attention,0.0001,1e-05,0.71217,0.55469,2102
14,4,gender,shuffled,0.01,0.0001,0.97019,0.49667,2102
14,4,star_sign,ema_lr1e-3,0.001,0.0001,2.74893,0.04567,2102
14,4,star_sign,ema_lr5e-3,0.005,0.0001,2.60018,0.10514,2102
14,4,star_sign,ema_lr1e-2,0.01,0.0001,2.51875,0.10847,2102
14,4,star_sign,ema_lr5e-2,0.05,0.0001,2.66269,0.07755,2102
14,4,star_sign,ema_lr1e-2_wd1e-3,0.01,0.001,2.52343,0.10371,2102
14,4,star_sign,ema_d0.99,0.01,0.0001,2.53327,0.09277,2102
14,4,star_sign,ema_d0.9999,0.01,0.0001,2.49565,0.12988,2102
14,4,star_sign,mlp_h16,0.001,0.0,0.38092,1.0,2102
14,4,star_sign,mlp_h32,0.001,0.0,0.02465,1.0,2102
14,4,star_sign,mlp_h64,0.001,0.0,0.04966,1.0,2102
14,4,star_sign,mlp_h128,0.001,0.0,0.00183,1.0,2102
14,4,star_sign,attention,0.0001,1e-05,0.46983,1.0,2102
14,4,star_sign,shuffled,0.01,0.0001,2.55427,0.11323,2102
14,8,age_bin,ema_lr1e-3,0.001,0.0001,1.26043,0.3197,2102
14,8,age_bin,ema_lr5e-3,0.005,0.0001,1.20484,0.3549,2102
14,8,age_bin,ema_lr1e-2,0.01,0.0001,1.23758,0.35109,2102
14,8,age_bin,ema_lr5e-2,0.05,0.0001,4.17589,0.40723,2102
14,8,age_bin,ema_lr1e-2_wd1e-3,0.01,0.001,1.22206,0.32017,2102
14,8,age_bin,ema_d0.99,0.01,0.0001,1.29308,0.29971,2102
14,8,age_bin,ema_d0.9999,0.01,0.0001,1.28402,0.33539,2102
14,8,age_bin,mlp_h16,0.001,0.0,1.10987,0.42198,2102
14,8,age_bin,mlp_h32,0.001,0.0,1.09838,0.41817,2102
14,8,age_bin,mlp_h64,0.001,0.0,1.13021,0.4196,2102
14,8,age_bin,mlp_h128,0.001,0.0,1.13716,0.40866,2102
14,8,age_bin,attention,0.0001,1e-05,1.06278,0.46875,2102
14,8,age_bin,shuffled,0.01,0.0001,1.26321,0.32017,2102
14,8,gender,ema_lr1e-3,0.001,0.0001,0.76618,0.51094,2102
14,8,gender,ema_lr5e-3,0.005,0.0001,0.78483,0.47098,2102
14,8,gender,ema_lr1e-2,0.01,0.0001,0.92857,0.50285,2102
14,8,gender,ema_lr5e-2,0.05,0.0001,3.9256,0.53806,2102
14,8,gender,ema_lr1e-2_wd1e-3,0.01,0.001,0.96876,0.52379,2102
14,8,gender,ema_d0.99,0.01,0.0001,0.95347,0.52664,2102
14,8,gender,ema_d0.9999,0.01,0.0001,0.96156,0.48097,2102
14,8,gender,mlp_h16,0.001,0.0,0.70391,0.49144,2102
14,8,gender,mlp_h32,0.001,0.0,0.68809,0.5333,2102
14,8,gender,mlp_h64,0.001,0.0,0.74546,0.46575,2102
14,8,gender,mlp_h128,0.001,0.0,0.70249,0.54424,2102
14,8,gender,attention,0.0001,1e-05,0.76269,0.50781,2102
14,8,gender,shuffled,0.01,0.0001,0.88583,0.5176,2102
14,8,star_sign,ema_lr1e-3,0.001,0.0001,2.68886,0.10133,2102
14,8,star_sign,ema_lr5e-3,0.005,0.0001,2.60287,0.1294,2102
14,8,star_sign,ema_lr1e-2,0.01,0.0001,2.53102,0.10894,2102
14,8,star_sign,ema_lr5e-2,0.05,0.0001,2.38758,0.13463,2102
14,8,star_sign,ema_lr1e-2_wd1e-3,0.01,0.001,2.57953,0.12084,2102
14,8,star_sign,ema_d0.99,0.01,0.0001,2.56205,0.10704,2102
14,8,star_sign,ema_d0.9999,0.01,0.0001,2.54133,0.13463,2102
14,8,star_sign,mlp_h16,0.001,0.0,2.13092,0.06089,2102
14,8,star_sign,mlp_h32,0.001,0.0,0.62392,1.0,2102
14,8,star_sign,mlp_h64,0.001,0.0,0.01849,1.0,2102
14,8,star_sign,mlp_h128,0.001,0.0,0.0013,1.0,2102
14,8,star_sign,attention,0.0001,1e-05,0.0,1.0,2102
14,8,star_sign,shuffled,0.01,0.0001,2.54751,0.11465,2102
14,12,age_bin,ema_lr1e-3,0.001,0.0001,1.2135,0.34824,2102
14,12,age_bin,ema_lr5e-3,0.005,0.0001,1.19378,0.35014,2102
14,12,age_bin,ema_lr1e-2,0.01,0.0001,1.21562,0.36251,2102
14,12,age_bin,ema_lr5e-2,0.05,0.0001,2.98974,0.40152,2102
14,12,age_bin,ema_lr1e-2_wd1e-3,0.01,0.001,1.23454,0.3392,2102
14,12,age_bin,ema_d0.99,0.01,0.0001,1.27075,0.32207,2102
14,12,age_bin,ema_d0.9999,0.01,0.0001,1.19143,0.35823,2102
14,12,age_bin,mlp_h16,0.001,0.0,1.10376,0.40818,2102
14,12,age_bin,mlp_h32,0.001,0.0,1.10466,0.42245,2102
14,12,age_bin,mlp_h64,0.001,0.0,1.14445,0.42245,2102
14,12,age_bin,mlp_h128,0.001,0.0,1.10483,0.42483,2102
14,12,age_bin,attention,0.0001,1e-05,114.08347,0.25,2102
14,12,age_bin,shuffled,0.01,0.0001,1.22247,0.33873,2102
14,12,gender,ema_lr1e-3,0.001,0.0001,0.78568,0.49191,2102
14,12,gender,ema_lr5e-3,0.005,0.0001,0.80129,0.48478,2102
14,12,gender,ema_lr1e-2,0.01,0.0001,0.93791,0.53283,2102
14,12,gender,ema_lr5e-2,0.05,0.0001,3.86739,0.53806,2102
14,12,gender,ema_lr1e-2_wd1e-3,0.01,0.001,0.92121,0.49334,2102
14,12,gender,ema_d0.99,0.01,0.0001,0.95237,0.4686,2102
14,12,gender,ema_d0.9999,0.01,0.0001,0.94625,0.53473,2102
14,12,gender,mlp_h16,0.001,0.0,0.70032,0.51332,2102
14,12,gender,mlp_h32,0.001,0.0,0.70212,0.51237,2102
14,12,gender,mlp_h64,0.001,0.0,0.7258,0.47193,2102
14,12,gender,mlp_h128,0.001,0.0,0.74523,0.4686,2102
14,12,gender,attention,0.0001,1e-05,0.70032,0.60156,2102
14,12,gender,shuffled,0.01,0.0001,0.94785,0.47669,2102
14,12,star_sign,ema_lr1e-3,0.001,0.0001,2.81071,0.05709,2102
14,12,star_sign,ema_lr5e-3,0.005,0.0001,2.60679,0.09705,2102
14,12,star_sign,ema_lr1e-2,0.01,0.0001,2.54301,0.09895,2102
14,12,star_sign,ema_lr5e-2,0.05,0.0001,2.42182,0.14462,2102
14,12,star_sign,ema_lr1e-2_wd1e-3,0.01,0.001,2.57621,0.10228,2102
14,12,star_sign,ema_d0.99,0.01,0.0001,2.53162,0.10371,2102
14,12,star_sign,ema_d0.9999,0.01,0.0001,2.55049,0.12988,2102
14,12,star_sign,mlp_h16,0.001,0.0,0.72564,1.0,2102
14,12,star_sign,mlp_h32,0.001,0.0,0.39464,1.0,2102
14,12,star_sign,mlp_h64,0.001,0.0,0.03047,1.0,2102
14,12,star_sign,mlp_h128,0.001,0.0,0.00332,1.0,2102
14,12,star_sign,attention,0.0001,1e-05,0.0,1.0,2102
14,12,star_sign,shuffled,0.01,0.0001,2.53512,0.12464,2102
14,16,age_bin,ema_lr1e-3,0.001,0.0001,1.26004,0.30828,2102
14,16,age_bin,ema_lr5e-3,0.005,0.0001,1.19363,0.34586,2102
14,16,age_bin,ema_lr1e-2,0.01,0.0001,1.2264,0.36061,2102
14,16,age_bin,ema_lr5e-2,0.05,0.0001,3.21597,0.29401,2102
14,16,age_bin,ema_lr1e-2_wd1e-3,0.01,0.001,1.21724,0.32493,2102
14,16,age_bin,ema_d0.99,0.01,0.0001,1.247,0.35205,2102
14,16,age_bin,ema_d0.9999,0.01,0.0001,1.21004,0.35775,2102
14,16,age_bin,mlp_h16,0.001,0.0,1.08757,0.42245,2102
14,16,age_bin,mlp_h32,0.001,0.0,1.13869,0.42198,2102
14,16,age_bin,mlp_h64,0.001,0.0,1.1018,0.42198,2102
14,16,age_bin,mlp_h128,0.001,0.0,1.09076,0.42198,2102
14,16,age_bin,attention,0.0001,1e-05,1.14839,0.4375,2102
14,16,age_bin,shuffled,0.01,0.0001,1.26502,0.32207,2102
14,16,gender,ema_lr1e-3,0.001,0.0001,0.80264,0.48049,2102
14,16,gender,ema_lr5e-3,0.005,0.0001,0.79321,0.49001,2102
14,16,gender,ema_lr1e-2,0.01,0.0001,0.95398,0.48668,2102
14,16,gender,ema_lr5e-2,0.05,0.0001,3.95429,0.53806,2102
14,16,gender,ema_lr1e-2_wd1e-3,0.01,0.001,0.95858,0.46051,2102
14,16,gender,ema_d0.99,0.01,0.0001,0.96187,0.53806,2102
14,16,gender,ema_d0.9999,0.01,0.0001,0.95226,0.51665,2102
14,16,gender,mlp_h16,0.001,0.0,0.70352,0.51332,2102
14,16,gender,mlp_h32,0.001,0.0,0.70145,0.49477,2102
14,16,gender,mlp_h64,0.001,0.0,0.70096,0.5314,2102
14,16,gender,mlp_h128,0.001,0.0,0.75188,0.47764,2102
14,16,gender,attention,0.0001,1e-05,21.22985,0.5,2102
14,16,gender,shuffled,0.01,0.0001,0.9099,0.48573,2102
14,16,star_sign,ema_lr1e-3,0.001,0.0001,2.81487,0.07422,2102
14,16,star_sign,ema_lr5e-3,0.005,0.0001,2.61148,0.14225,2102
14,16,star_sign,ema_lr1e-2,0.01,0.0001,2.57893,0.11227,2102
14,16,star_sign,ema_lr5e-2,0.05,0.0001,2.54068,0.1156,2102
14,16,star_sign,ema_lr1e-2_wd1e-3,0.01,0.001,2.55668,0.10609,2102
14,16,star_sign,ema_d0.99,0.01,0.0001,2.58206,0.08088,2102
14,16,star_sign,ema_d0.9999,0.01,0.0001,2.56723,0.09943,2102
14,16,star_sign,mlp_h16,0.001,0.0,0.23983,1.0,2102
14,16,star_sign,mlp_h32,0.001,0.0,0.12028,1.0,2102
14,16,star_sign,mlp_h64,0.001,0.0,0.00958,1.0,2102
14,16,star_sign,mlp_h128,0.001,0.0,0.00151,1.0,2102
14,16,star_sign,attention,0.0001,1e-05,96.39178,0.0,2102
14,16,star_sign,shuffled,0.01,0.0001,2.53858,0.11846,2102
14,20,age_bin,ema_lr1e-3,0.001,0.0001,1.26141,0.31637,2102
14,20,age_bin,ema_lr5e-3,0.005,0.0001,1.23813,0.36299,2102
14,20,age_bin,ema_lr1e-2,0.01,0.0001,1.25209,0.32683,2102
14,20,age_bin,ema_lr5e-2,0.05,0.0001,3.39264,0.40771,2102
14,20,age_bin,ema_lr1e-2_wd1e-3,0.01,0.001,1.26059,0.35728,2102
14,20,age_bin,ema_d0.99,0.01,0.0001,1.22298,0.34967,2102
14,20,age_bin,ema_d0.9999,0.01,0.0001,1.26672,0.33777,2102
14,20,age_bin,mlp_h16,0.001,0.0,1.09668,0.42626,2102
14,20,age_bin,mlp_h32,0.001,0.0,1.11816,0.41912,2102
14,20,age_bin,mlp_h64,0.001,0.0,1.09754,0.40723,2102
14,20,age_bin,mlp_h128,0.001,0.0,1.21592,0.40771,2102
14,20,age_bin,attention,0.0001,1e-05,25.87554,0.25,2102
14,20,age_bin,shuffled,0.01,0.0001,1.29132,0.32588,2102
14,20,gender,ema_lr1e-3,0.001,0.0001,0.83184,0.49762,2102
14,20,gender,ema_lr5e-3,0.005,0.0001,0.78384,0.51047,2102
14,20,gender,ema_lr1e-2,0.01,0.0001,0.98609,0.47621,2102
14,20,gender,ema_lr5e-2,0.05,0.0001,3.43069,0.53806,2102
14,20,gender,ema_lr1e-2_wd1e-3,0.01,0.001,0.98678,0.50285,2102
14,20,gender,ema_d0.99,0.01,0.0001,0.92493,0.52569,2102
14,20,gender,ema_d0.9999,0.01,0.0001,0.82744,0.50238,2102
14,20,gender,mlp_h16,0.001,0.0,0.69304,0.52236,2102
14,20,gender,mlp_h32,0.001,0.0,0.71804,0.49857,2102
14,20,gender,mlp_h64,0.001,0.0,0.70829,0.52664,2102
14,20,gender,mlp_h128,0.001,0.0,0.69929,0.53711,2102
14,20,gender,attention,0.0001,1e-05,16.14766,0.5,2102
14,20,gender,shuffled,0.01,0.0001,0.98646,0.50999,2102
14,20,star_sign,ema_lr1e-3,0.001,0.0001,2.93389,0.04186,2102
14,20,star_sign,ema_lr5e-3,0.005,0.0001,2.66437,0.10086,2102
14,20,star_sign,ema_lr1e-2,0.01,0.0001,2.61886,0.1099,2102
14,20,star_sign,ema_lr5e-2,0.05,0.0001,2.55268,0.11989,2102
14,20,star_sign,ema_lr1e-2_wd1e-3,0.01,0.001,2.60578,0.13178,2102
14,20,star_sign,ema_d0.99,0.01,0.0001,2.57591,0.14082,2102
14,20,star_sign,ema_d0.9999,0.01,0.0001,2.59487,0.11989,2102
14,20,star_sign,mlp_h16,0.001,0.0,1.23949,0.16175,2102
14,20,star_sign,mlp_h32,0.001,0.0,0.04005,1.0,2102
14,20,star_sign,mlp_h64,0.001,0.0,0.01276,1.0,2102
14,20,star_sign,mlp_h128,0.001,0.0,0.00196,1.0,2102
14,20,star_sign,attention,0.0001,1e-05,0.01558,1.0,2102
14,20,star_sign,shuffled,0.01,0.0001,2.5947,0.10847,2102
14,24,age_bin,ema_lr1e-3,0.001,0.0001,1.42094,0.30685,2102
14,24,age_bin,ema_lr5e-3,0.005,0.0001,1.31173,0.34967,2102
14,24,age_bin,ema_lr1e-2,0.01,0.0001,1.28635,0.36299,2102
14,24,age_bin,ema_lr5e-2,0.05,0.0001,2.08041,0.31732,2102
14,24,age_bin,ema_lr1e-2_wd1e-3,0.01,0.001,1.34166,0.32588,2102
14,24,age_bin,ema_d0.99,0.01,0.0001,1.37187,0.33397,2102
14,24,age_bin,ema_d0.9999,0.01,0.0001,1.31241,0.35347,2102
14,24,age_bin,mlp_h16,0.001,0.0,1.10021,0.4177,2102
14,24,age_bin,mlp_h32,0.001,0.0,1.12206,0.40676,2102
14,24,age_bin,mlp_h64,0.001,0.0,1.08398,0.42436,2102
14,24,age_bin,mlp_h128,0.001,0.0,1.12644,0.43292,2102
14,24,age_bin,attention,0.0001,1e-05,53.78524,0.25,2102
14,24,age_bin,shuffled,0.01,0.0001,1.34286,0.34776,2102
14,24,gender,ema_lr1e-3,0.001,0.0001,0.88436,0.51332,2102
14,24,gender,ema_lr5e-3,0.005,0.0001,0.83967,0.51951,2102
14,24,gender,ema_lr1e-2,0.01,0.0001,0.94095,0.49762,2102
14,24,gender,ema_lr5e-2,0.05,0.0001,2.38839,0.46908,2102
14,24,gender,ema_lr1e-2_wd1e-3,0.01,0.001,0.99838,0.47431,2102
14,24,gender,ema_d0.99,0.01,0.0001,0.88025,0.52521,2102
14,24,gender,ema_d0.9999,0.01,0.0001,0.95788,0.48287,2102
14,24,gender,mlp_h16,0.001,0.0,0.70122,0.52902,2102
14,24,gender,mlp_h32,0.001,0.0,0.69213,0.54186,2102
14,24,gender,mlp_h64,0.001,0.0,0.7142,0.51332,2102
14,24,gender,mlp_h128,0.001,0.0,0.72181,0.5138,2102
14,24,gender,attention,0.0001,1e-05,7.63387,0.5,2102
14,24,gender,shuffled,0.01,0.0001,0.94881,0.50999,2102
14,24,star_sign,ema_lr1e-3,0.001,0.0001,2.90739,0.09277,2102
14,24,star_sign,ema_lr5e-3,0.005,0.0001,2.79117,0.098,2102
14,24,star_sign,ema_lr1e-2,0.01,0.0001,2.74889,0.10609,2102
14,24,star_sign,ema_lr5e-2,0.05,0.0001,2.36303,0.20314,2102
14,24,star_sign,ema_lr1e-2_wd1e-3,0.01,0.001,2.83292,0.09467,2102
14,24,star_sign,ema_d0.99,0.01,0.0001,2.7073,0.11323,2102
14,24,star_sign,ema_d0.9999,0.01,0.0001,2.7575,0.10324,2102
14,24,star_sign,mlp_h16,0.001,0.0,0.19723,1.0,2102
14,24,star_sign,mlp_h32,0.001,0.0,0.37827,1.0,2102
14,24,star_sign,mlp_h64,0.001,0.0,0.0226,1.0,2102
14,24,star_sign,mlp_h128,0.001,0.0,0.00075,1.0,2102
14,24,star_sign,attention,0.0001,1e-05,0.0006,1.0,2102
14,24,star_sign,shuffled,0.01,0.0001,2.89071,0.09562,2102
14,28,age_bin,ema_lr1e-3,0.001,0.0001,1.56845,0.32493,2102
14,28,age_bin,ema_lr5e-3,0.005,0.0001,1.59764,0.31304,2102
14,28,age_bin,ema_lr1e-2,0.01,0.0001,1.40296,0.37774,2102
14,28,age_bin,ema_lr5e-2,0.05,0.0001,1.30156,0.37345,2102
14,28,age_bin,ema_lr1e-2_wd1e-3,0.01,0.001,1.41148,0.37774,2102
14,28,age_bin,ema_d0.99,0.01,0.0001,1.48913,0.31399,2102
14,28,age_bin,ema_d0.9999,0.01,0.0001,1.41165,0.35538,2102
14,28,age_bin,mlp_h16,0.001,0.0,1.0742,0.44434,2102
14,28,age_bin,mlp_h32,0.001,0.0,1.10826,0.43578,2102
14,28,age_bin,mlp_h64,0.001,0.0,1.14627,0.42674,2102
14,28,age_bin,mlp_h128,0.001,0.0,1.16347,0.42626,2102
14,28,age_bin,attention,0.0001,1e-05,1.65992,0.46094,2102
14,28,age_bin,shuffled,0.01,0.0001,1.50371,0.31637,2102
14,28,gender,ema_lr1e-3,0.001,0.0001,1.10551,0.4862,2102
14,28,gender,ema_lr5e-3,0.005,0.0001,1.00744,0.47812,2102
14,28,gender,ema_lr1e-2,0.01,0.0001,0.91641,0.5157,2102
14,28,gender,ema_lr5e-2,0.05,0.0001,0.89965,0.51427,2102
14,28,gender,ema_lr1e-2_wd1e-3,0.01,0.001,1.00842,0.47526,2102
14,28,gender,ema_d0.99,0.01,0.0001,0.93979,0.4981,2102
14,28,gender,ema_d0.9999,0.01,0.0001,0.95316,0.48906,2102
14,28,gender,mlp_h16,0.001,0.0,0.68391,0.54757,2102
14,28,gender,mlp_h32,0.001,0.0,0.68654,0.5628,2102
14,28,gender,mlp_h64,0.001,0.0,0.68365,0.56422,2102
14,28,gender,mlp_h128,0.001,0.0,0.67911,0.57564,2102
14,28,gender,attention,0.0001,1e-05,1.22239,0.44531,2102
14,28,gender,shuffled,0.01,0.0001,0.94739,0.48478,2102
14,28,star_sign,ema_lr1e-3,0.001,0.0001,3.29514,0.09372,2102
14,28,star_sign,ema_lr5e-3,0.005,0.0001,3.23902,0.09229,2102
14,28,star_sign,ema_lr1e-2,0.01,0.0001,3.06097,0.08611,2102
14,28,star_sign,ema_lr5e-2,0.05,0.0001,2.4214,0.245,2102
14,28,star_sign,ema_lr1e-2_wd1e-3,0.01,0.001,3.06853,0.09087,2102
14,28,star_sign,ema_d0.99,0.01,0.0001,3.0429,0.09372,2102
14,28,star_sign,ema_d0.9999,0.01,0.0001,2.93703,0.1294,2102
14,28,star_sign,mlp_h16,0.001,0.0,1.52679,0.65985,2102
14,28,star_sign,mlp_h32,0.001,0.0,1.19184,0.97479,2102
14,28,star_sign,mlp_h64,0.001,0.0,0.58229,1.0,2102
14,28,star_sign,mlp_h128,0.001,0.0,0.20835,1.0,2102
14,28,star_sign,attention,0.0001,1e-05,0.0007,1.0,2102
14,28,star_sign,shuffled,0.01,0.0001,3.10197,0.09039,2102
15,0,age_bin,ema_lr1e-3,0.001,0.0001,1.55485,0.34615,1924
15,0,age_bin,ema_lr5e-3,0.005,0.0001,1.43756,0.36694,1924
15,0,age_bin,ema_lr1e-2,0.01,0.0001,1.4349,0.342,1924
15,0,age_bin,ema_lr5e-2,0.05,0.0001,1.38756,0.39657,1924
15,0,age_bin,ema_lr1e-2_wd1e-3,0.01,0.001,1.42635,0.33004,1924
15,0,age_bin,ema_d0.99,0.01,0.0001,1.42911,0.34252,1924
15,0,age_bin,ema_d0.9999,0.01,0.0001,1.42115,0.34511,1924
15,0,age_bin,mlp_h16,0.001,0.0,1.00808,0.52651,1924
15,0,age_bin,mlp_h32,0.001,0.0,1.01499,0.51195,1924
15,0,age_bin,mlp_h64,0.001,0.0,1.01935,0.52027,1924
15,0,age_bin,mlp_h128,0.001,0.0,1.02069,0.51039,1924
15,0,age_bin,attention,0.0001,1e-05,1.07283,0.58594,1924
15,0,age_bin,shuffled,0.01,0.0001,1.42847,0.33576,1924
15,0,gender,ema_lr1e-3,0.001,0.0001,1.06275,0.51507,1924
15,0,gender,ema_lr5e-3,0.005,0.0001,0.92691,0.50988,1924
15,0,gender,ema_lr1e-2,0.01,0.0001,0.91919,0.51611,1924
15,0,gender,ema_lr5e-2,0.05,0.0001,1.28505,0.50364,1924
15,0,gender,ema_lr1e-2_wd1e-3,0.01,0.001,0.92638,0.49428,1924
15,0,gender,ema_d0.99,0.01,0.0001,0.87659,0.52651,1924
15,0,gender,ema_d0.9999,0.01,0.0001,0.91594,0.49064,1924
15,0,gender,mlp_h16,0.001,0.0,0.69534,0.52443,1924
15,0,gender,mlp_h32,0.001,0.0,0.70259,0.50416,1924
15,0,gender,mlp_h64,0.001,0.0,0.70421,0.53119,1924
15,0,gender,mlp_h128,0.001,0.0,0.70319,0.50832,1924
15,0,gender,attention,0.0001,1e-05,0.69201,0.54688,1924
15,0,gender,shuffled,0.01,0.0001,0.92665,0.49064,1924
15,0,star_sign,ema_lr1e-3,0.001,0.0001,3.2399,0.0894,1924
15,0,star_sign,ema_lr5e-3,0.005,0.0001,3.13373,0.11331,1924
15,0,star_sign,ema_lr1e-2,0.01,0.0001,2.95524,0.09304,1924
15,0,star_sign,ema_lr5e-2,0.05,0.0001,2.33976,0.34563,1924
15,0,star_sign,ema_lr1e-2_wd1e-3,0.01,0.001,3.03195,0.07952,1924
15,0,star_sign,ema_d0.99,0.01,0.0001,2.98298,0.14241,1924
15,0,star_sign,ema_d0.9999,0.01,0.0001,2.97594,0.09148,1924
15,0,star_sign,mlp_h16,0.001,0.0,1.16701,0.92516,1924
15,0,star_sign,mlp_h32,0.001,0.0,0.22894,0.99896,1924
15,0,star_sign,mlp_h64,0.001,0.0,0.17355,1.0,1924
15,0,star_sign,mlp_h128,0.001,0.0,0.09532,1.0,1924
15,0,star_sign,attention,0.0001,1e-05,2.38671,0.96875,1924
15,0,star_sign,shuffled,0.01,0.0001,2.96264,0.06861,1924
15,4,age_bin,ema_lr1e-3,0.001,0.0001,1.21013,0.329,1924
15,4,age_bin,ema_lr5e-3,0.005,0.0001,1.21025,0.34304,1924
15,4,age_bin,ema_lr1e-2,0.01,0.0001,1.23788,0.32173,1924
15,4,age_bin,ema_lr5e-2,0.05,0.0001,2.98808,0.17775,1924
15,4,age_bin,ema_lr1e-2_wd1e-3,0.01,0.001,1.19314,0.33836,1924
15,4,age_bin,ema_d0.99,0.01,0.0001,1.24903,0.3737,1924
15,4,age_bin,ema_d0.9999,0.01,0.0001,1.20841,0.35447,1924
15,4,age_bin,mlp_h16,0.001,0.0,1.04367,0.52443,1924
15,4,age_bin,mlp_h32,0.001,0.0,0.98225,0.5317,1924
15,4,age_bin,mlp_h64,0.001,0.0,1.03571,0.52547,1924
15,4,age_bin,mlp_h128,0.001,0.0,0.99236,0.51299,1924
15,4,age_bin,attention,0.0001,1e-05,1.00365,0.50781,1924
15,4,age_bin,shuffled,0.01,0.0001,1.23318,0.3659,1924
15,4,gender,ema_lr1e-3,0.001,0.0001,0.79236,0.50572,1924
15,4,gender,ema_lr5e-3,0.005,0.0001,0.7664,0.50468,1924
15,4,gender,ema_lr1e-2,0.01,0.0001,0.9611,0.5026,1924
15,4,gender,ema_lr5e-2,0.05,0.0001,3.57108,0.51819,1924
15,4,gender,ema_lr1e-2_wd1e-3,0.01,0.001,0.9392,0.51299,1924
15,4,gender,ema_d0.99,0.01,0.0001,0.83986,0.48077,1924
15,4,gender,ema_d0.9999,0.01,0.0001,0.89127,0.49948,1924
15,4,gender,mlp_h16,0.001,0.0,0.69215,0.51975,1924
15,4,gender,mlp_h32,0.001,0.0,0.69593,0.51871,1924
15,4,gender,mlp_h64,0.001,0.0,0.72254,0.48649,1924
15,4,gender,mlp_h128,0.001,0.0,0.74296,0.52443,1924
15,4,gender,attention,0.0001,1e-05,0.71582,0.5,1924
15,4,gender,shuffled,0.01,0.0001,0.851,0.50156,1924
15,4,star_sign,ema_lr1e-3,0.001,0.0001,2.75096,0.05042,1924
15,4,star_sign,ema_lr5e-3,0.005,0.0001,2.60685,0.10083,1924
15,4,star_sign,ema_lr1e-2,0.01,0.0001,2.52219,0.15177,1924
15,4,star_sign,ema_lr5e-2,0.05,0.0001,3.41906,0.93347,1924
15,4,star_sign,ema_lr1e-2_wd1e-3,0.01,0.001,2.53717,0.17412,1924
15,4,star_sign,ema_d0.99,0.01,0.0001,2.52673,0.14709,1924
15,4,star_sign,ema_d0.9999,0.01,0.0001,2.54644,0.16944,1924
15,4,star_sign,mlp_h16,0.001,0.0,0.322,1.0,1924
15,4,star_sign,mlp_h32,0.001,0.0,0.01794,1.0,1924
15,4,star_sign,mlp_h64,0.001,0.0,0.03404,1.0,1924
15,4,star_sign,mlp_h128,0.001,0.0,0.00117,1.0,1924
15,4,star_sign,attention,0.0001,1e-05,0.39821,1.0,1924
15,4,star_sign,shuffled,0.01,0.0001,2.53071,0.17775,1924
15,8,age_bin,ema_lr1e-3,0.001,0.0001,1.25648,0.3238,1924
15,8,age_bin,ema_lr5e-3,0.005,0.0001,1.21658,0.34304,1924
15,8,age_bin,ema_lr1e-2,0.01,0.0001,1.27413,0.30613,1924
15,8,age_bin,ema_lr5e-2,0.05,0.0001,3.01008,0.18139,1924
15,8,age_bin,ema_lr1e-2_wd1e-3,0.01,0.001,1.2268,0.30977,1924
15,8,age_bin,ema_d0.99,0.01,0.0001,1.21552,0.342,1924
15,8,age_bin,ema_d0.9999,0.01,0.0001,1.1959,0.34615,1924
15,8,age_bin,mlp_h16,0.001,0.0,1.00452,0.52859,1924
15,8,age_bin,mlp_h32,0.001,0.0,1.02408,0.52443,1924
15,8,age_bin,mlp_h64,0.001,0.0,0.98811,0.51663,1924
15,8,age_bin,mlp_h128,0.001,0.0,0.99574,0.52495,1924
15,8,age_bin,attention,0.0001,1e-05,1.01553,0.53125,1924
15,8,age_bin,shuffled,0.01,0.0001,1.22306,0.34511,1924
15,8,gender,ema_lr1e-3,0.001,0.0001,0.82856,0.45062,1924
15,8,gender,ema_lr5e-3,0.005,0.0001,0.79725,0.47453,1924
15,8,gender,ema_lr1e-2,0.01,0.0001,0.92424,0.50208,1924
15,8,gender,ema_lr5e-2,0.05,0.0001,2.17184,0.48129,1924
15,8,gender,ema_lr1e-2_wd1e-3,0.01,0.001,0.81358,0.50364,1924
15,8,gender,ema_d0.99,0.01,0.0001,0.79411,0.51195,1924
15,8,gender,ema_d0.9999,0.01,0.0001,0.8957,0.52547,1924
15,8,gender,mlp_h16,0.001,0.0,0.6982,0.49948,1924
15,8,gender,mlp_h32,0.001,0.0,0.69242,0.54158,1924
15,8,gender,mlp_h64,0.001,0.0,0.72835,0.48753,1924
15,8,gender,mlp_h128,0.001,0.0,0.73466,0.53378,1924
15,8,gender,attention,0.0001,1e-05,0.71272,0.54688,1924
15,8,gender,shuffled,0.01,0.0001,0.91983,0.49584,1924
15,8,star_sign,ema_lr1e-3,0.001,0.0001,2.72299,0.10135,1924
15,8,star_sign,ema_lr5e-3,0.005,0.0001,2.65165,0.1211,1924
15,8,star_sign,ema_lr1e-2,0.01,0.0001,2.59339,0.12942,1924
15,8,star_sign,ema_lr5e-2,0.05,0.0001,3.0843,0.93347,1924
15,8,star_sign,ema_lr1e-2_wd1e-3,0.01,0.001,2.51342,0.16424,1924
15,8,star_sign,ema_d0.99,0.01,0.0001,2.61542,0.12266,1924
15,8,star_sign,ema_d0.9999,0.01,0.0001,2.55333,0.15904,1924
15,8,star_sign,mlp_h16,0.001,0.0,2.09812,0.06653,1924
15,8,star_sign,mlp_h32,0.001,0.0,0.5406,1.0,1924
15,8,star_sign,mlp_h64,0.001,0.0,0.01318,1.0,1924
15,8,star_sign,mlp_h128,0.001,0.0,0.00088,1.0,1924
15,8,star_sign,attention,0.0001,1e-05,0.0,1.0,1924
15,8,star_sign,shuffled,0.01,0.0001,2.55852,0.14397,1924
15,12,age_bin,ema_lr1e-3,0.001,0.0001,1.22764,0.35655,1924
15,12,age_bin,ema_lr5e-3,0.005,0.0001,1.20316,0.37058,1924
15,12,age_bin,ema_lr1e-2,0.01,0.0001,1.29173,0.33056,1924
15,12,age_bin,ema_lr5e-2,0.05,0.0001,3.01589,0.3368,1924
15,12,age_bin,ema_lr1e-2_wd1e-3,0.01,0.001,1.2507,0.30146,1924
15,12,age_bin,ema_d0.99,0.01,0.0001,1.23582,0.32588,1924
15,12,age_bin,ema_d0.9999,0.01,0.0001,1.21454,0.36175,1924
15,12,age_bin,mlp_h16,0.001,0.0,1.0133,0.51403,1924
15,12,age_bin,mlp_h32,0.001,0.0,1.04023,0.51351,1924
15,12,age_bin,mlp_h64,0.001,0.0,0.9987,0.52807,1924
15,12,age_bin,mlp_h128,0.001,0.0,0.99595,0.53067,1924
15,12,age_bin,attention,0.0001,1e-05,116.3674,0.14844,1924
15,12,age_bin,shuffled,0.01,0.0001,1.20633,0.35707,1924
15,12,gender,ema_lr1e-3,0.001,0.0001,0.79573,0.51715,1924
15,12,gender,ema_lr5e-3,0.005,0.0001,0.80068,0.48389,1924
15,12,gender,ema_lr1e-2,0.01,0.0001,0.80351,0.51611,1924
15,12,gender,ema_lr5e-2,0.05,0.0001,2.16153,0.48285,1924
15,12,gender,ema_lr1e-2_wd1e-3,0.01,0.001,0.90007,0.51819,1924
15,12,gender,ema_d0.99,0.01,0.0001,0.88596,0.5421,1924
15,12,gender,ema_d0.9999,0.01,0.0001,0.8208,0.48389,1924
15,12,gender,mlp_h16,0.001,0.0,0.6883,0.54574,1924
15,12,gender,mlp_h32,0.001,0.0,0.68901,0.5317,1924
15,12,gender,mlp_h64,0.001,0.0,0.69106,0.53067,1924
15,12,gender,mlp_h128,0.001,0.0,0.6917,0.51507,1924
15,12,gender,attention,0.0001,1e-05,0.69354,0.5625,1924
15,12,gender,shuffled,0.01,0.0001,0.92879,0.4948,1924
15,12,star_sign,ema_lr1e-3,0.001,0.0001,2.84147,0.05198,1924
15,12,star_sign,ema_lr5e-3,0.005,0.0001,2.646,0.09044,1924
15,12,star_sign,ema_lr1e-2,0.01,0.0001,2.56105,0.1315,1924
15,12,star_sign,ema_lr5e-2,0.05,0.0001,3.27695,0.93347,1924
15,12,star_sign,ema_lr1e-2_wd1e-3,0.01,0.001,2.51063,0.16944,1924
15,12,star_sign,ema_d0.99,0.01,0.0001,2.539,0.12006,1924
15,12,star_sign,ema_d0.9999,0.01,0.0001,2.57539,0.14917,1924
15,12,star_sign,mlp_h16,0.001,0.0,0.64769,1.0,1924
15,12,star_sign,mlp_h32,0.001,0.0,0.31553,1.0,1924
15,12,star_sign,mlp_h64,0.001,0.0,0.02022,1.0,1924
15,12,star_sign,mlp_h128,0.001,0.0,0.00213,1.0,1924
15,12,star_sign,attention,0.0001,1e-05,0.0,1.0,1924
15,12,star_sign,shuffled,0.01,0.0001,2.54328,0.15437,1924
15,16,age_bin,ema_lr1e-3,0.001,0.0001,1.20694,0.38617,1924
15,16,age_bin,ema_lr5e-3,0.005,0.0001,1.1809,0.33108,1924
15,16,age_bin,ema_lr1e-2,0.01,0.0001,1.24986,0.35759,1924
15,16,age_bin,ema_lr5e-2,0.05,0.0001,2.9135,0.17931,1924
15,16,age_bin,ema_lr1e-2_wd1e-3,0.01,0.001,1.24081,0.3737,1924
15,16,age_bin,ema_d0.99,0.01,0.0001,1.26153,0.33836,1924
15,16,age_bin,ema_d0.9999,0.01,0.0001,1.25718,0.32173,1924
15,16,age_bin,mlp_h16,0.001,0.0,1.0276,0.53222,1924
15,16,age_bin,mlp_h32,0.001,0.0,1.00693,0.53119,1924
15,16,age_bin,mlp_h64,0.001,0.0,0.98502,0.52651,1924
15,16,age_bin,mlp_h128,0.001,0.0,1.00058,0.51715,1924
15,16,age_bin,attention,0.0001,1e-05,1.03915,0.5,1924
15,16,age_bin,shuffled,0.01,0.0001,1.25434,0.37474,1924
15,16,gender,ema_lr1e-3,0.001,0.0001,0.79945,0.50676,1924
15,16,gender,ema_lr5e-3,0.005,0.0001,0.71463,0.56081,1924
15,16,gender,ema_lr1e-2,0.01,0.0001,0.9073,0.51767,1924
15,16,gender,ema_lr5e-2,0.05,0.0001,2.17549,0.48233,1924
15,16,gender,ema_lr1e-2_wd1e-3,0.01,0.001,0.91974,0.53534,1924
15,16,gender,ema_d0.99,0.01,0.0001,0.80813,0.49896,1924
15,16,gender,ema_d0.9999,0.01,0.0001,0.82374,0.48337,1924
15,16,gender,mlp_h16,0.001,0.0,0.68837,0.55457,1924
15,16,gender,mlp_h32,0.001,0.0,0.68798,0.54106,1924
15,16,gender,mlp_h64,0.001,0.0,0.70188,0.5369,1924
15,16,gender,mlp_h128,0.001,0.0,0.70432,0.49116,1924
15,16,gender,attention,0.0001,1e-05,8.69227,0.53125,1924
15,16,gender,shuffled,0.01,0.0001,0.86909,0.52079,1924
15,16,star_sign,ema_lr1e-3,0.001,0.0001,2.77882,0.10083,1924
15,16,star_sign,ema_lr5e-3,0.005,0.0001,2.63352,0.14605,1924
15,16,star_sign,ema_lr1e-2,0.01,0.0001,2.58134,0.15281,1924
15,16,star_sign,ema_lr5e-2,0.05,0.0001,3.33095,0.93347,1924
15,16,star_sign,ema_lr1e-2_wd1e-3,0.01,0.001,2.5464,0.13877,1924
15,16,star_sign,ema_d0.99,0.01,0.0001,2.53535,0.13825,1924
15,16,star_sign,ema_d0.9999,0.01,0.0001,2.53802,0.12786,1924
15,16,star_sign,mlp_h16,0.001,0.0,0.19293,1.0,1924
15,16,star_sign,mlp_h32,0.001,0.0,0.08822,1.0,1924
15,16,star_sign,mlp_h64,0.001,0.0,0.00658,1.0,1924
15,16,star_sign,mlp_h128,0.001,0.0,0.001,1.0,1924
15,16,star_sign,attention,0.0001,1e-05,45.79589,0.0,1924
15,16,star_sign,shuffled,0.01,0.0001,2.54873,0.17568,1924
15,20,age_bin,ema_lr1e-3,0.001,0.0001,1.29951,0.2999,1924
15,20,age_bin,ema_lr5e-3,0.005,0.0001,1.26707,0.329,1924
15,20,age_bin,ema_lr1e-2,0.01,0.0001,1.27404,0.32017,1924
15,20,age_bin,ema_lr5e-2,0.05,0.0001,2.4816,0.18451,1924
15,20,age_bin,ema_lr1e-2_wd1e-3,0.01,0.001,1.30817,0.31237,1924
15,20,age_bin,ema_d0.99,0.01,0.0001,1.24963,0.33004,1924
15,20,age_bin,ema_d0.9999,0.01,0.0001,1.33148,0.28586,1924
15,20,age_bin,mlp_h16,0.001,0.0,1.01797,0.53015,1924
15,20,age_bin,mlp_h32,0.001,0.0,1.01077,0.53119,1924
15,20,age_bin,mlp_h64,0.001,0.0,1.02715,0.50728,1924
15,20,age_bin,mlp_h128,0.001,0.0,1.01827,0.50832,1924
15,20,age_bin,attention,0.0001,1e-05,18.63696,0.57812,1924
15,20,age_bin,shuffled,0.01,0.0001,1.28038,0.342,1924
15,20,gender,ema_lr1e-3,0.001,0.0001,0.82506,0.51715,1924
15,20,gender,ema_lr5e-3,0.005,0.0001,0.81874,0.47349,1924
15,20,gender,ema_lr1e-2,0.01,0.0001,0.93969,0.48909,1924
15,20,gender,ema_lr5e-2,0.05,0.0001,2.06298,0.47973,1924
15,20,gender,ema_lr1e-2_wd1e-3,0.01,0.001,0.81835,0.51455,1924
15,20,gender,ema_d0.99,0.01,0.0001,0.9007,0.48337,1924
15,20,gender,ema_d0.9999,0.01,0.0001,0.81704,0.50052,1924
15,20,gender,mlp_h16,0.001,0.0,0.6951,0.50572,1924
15,20,gender,mlp_h32,0.001,0.0,0.71903,0.47609,1924
15,20,gender,mlp_h64,0.001,0.0,0.70214,0.51247,1924
15,20,gender,mlp_h128,0.001,0.0,0.706,0.55353,1924
15,20,gender,attention,0.0001,1e-05,13.65266,0.53906,1924
15,20,gender,shuffled,0.01,0.0001,0.91894,0.49792,1924
15,20,star_sign,ema_lr1e-3,0.001,0.0001,2.84279,0.06081,1924
15,20,star_sign,ema_lr5e-3,0.005,0.0001,2.71816,0.09459,1924
15,20,star_sign,ema_lr1e-2,0.01,0.0001,2.59397,0.11331,1924
15,20,star_sign,ema_lr5e-2,0.05,0.0001,3.12488,0.93191,1924
15,20,star_sign,ema_lr1e-2_wd1e-3,0.01,0.001,2.55145,0.171,1924
15,20,star_sign,ema_d0.99,0.01,0.0001,2.58659,0.15177,1924
15,20,star_sign,ema_d0.9999,0.01,0.0001,2.56601,0.14501,1924
15,20,star_sign,mlp_h16,0.001,0.0,1.18316,0.2001,1924
15,20,star_sign,mlp_h32,0.001,0.0,0.02812,1.0,1924
15,20,star_sign,mlp_h64,0.001,0.0,0.00867,1.0,1924
15,20,star_sign,mlp_h128,0.001,0.0,0.00123,1.0,1924
15,20,star_sign,attention,0.0001,1e-05,0.01414,1.0,1924
15,20,star_sign,shuffled,0.01,0.0001,2.62411,0.1237,1924
15,24,age_bin,ema_lr1e-3,0.001,0.0001,1.37115,0.329,1924
15,24,age_bin,ema_lr5e-3,0.005,0.0001,1.34107,0.3368,1924
15,24,age_bin,ema_lr1e-2,0.01,0.0001,1.30659,0.35499,1924
15,24,age_bin,ema_lr5e-2,0.05,0.0001,1.59944,0.43815,1924
15,24,age_bin,ema_lr1e-2_wd1e-3,0.01,0.001,1.34538,0.32484,1924
15,24,age_bin,ema_d0.99,0.01,0.0001,1.29151,0.34927,1924
15,24,age_bin,ema_d0.9999,0.01,0.0001,1.32836,0.33316,1924
15,24,age_bin,mlp_h16,0.001,0.0,1.00403,0.50936,1924
15,24,age_bin,mlp_h32,0.001,0.0,0.99882,0.51819,1924
15,24,age_bin,mlp_h64,0.001,0.0,1.00685,0.5026,1924
15,24,age_bin,mlp_h128,0.001,0.0,1.01698,0.52807,1924
15,24,age_bin,attention,0.0001,1e-05,57.07917,0.14844,1924
15,24,age_bin,shuffled,0.01,0.0001,1.3324,0.32952,1924
15,24,gender,ema_lr1e-3,0.001,0.0001,0.86787,0.50988,1924
15,24,gender,ema_lr5e-3,0.005,0.0001,0.88761,0.4974,1924
15,24,gender,ema_lr1e-2,0.01,0.0001,1.00367,0.45478,1924
15,24,gender,ema_lr5e-2,0.05,0.0001,2.23298,0.52131,1924
15,24,gender,ema_lr1e-2_wd1e-3,0.01,0.001,0.88383,0.50936,1924
15,24,gender,ema_d0.99,0.01,0.0001,0.8916,0.52703,1924
15,24,gender,ema_d0.9999,0.01,0.0001,0.94653,0.49428,1924
15,24,gender,mlp_h16,0.001,0.0,0.70167,0.52495,1924
15,24,gender,mlp_h32,0.001,0.0,0.69602,0.52599,1924
15,24,gender,mlp_h64,0.001,0.0,0.69561,0.55249,1924
15,24,gender,mlp_h128,0.001,0.0,0.69934,0.52651,1924
15,24,gender,attention,0.0001,1e-05,16.35637,0.53125,1924
15,24,gender,shuffled,0.01,0.0001,0.92142,0.4922,1924
15,24,star_sign,ema_lr1e-3,0.001,0.0001,2.94463,0.09563,1924
15,24,star_sign,ema_lr5e-3,0.005,0.0001,2.81481,0.092,1924
15,24,star_sign,ema_lr1e-2,0.01,0.0001,2.71231,0.12734,1924
15,24,star_sign,ema_lr5e-2,0.05,0.0001,2.46198,0.69854,1924
15,24,star_sign,ema_lr1e-2_wd1e-3,0.01,0.001,2.76662,0.11902,1924
15,24,star_sign,ema_d0.99,0.01,0.0001,2.75235,0.11435,1924
15,24,star_sign,ema_d0.9999,0.01,0.0001,2.71641,0.10915,1924
15,24,star_sign,mlp_h16,0.001,0.0,0.1562,1.0,1924
15,24,star_sign,mlp_h32,0.001,0.0,0.29858,1.0,1924
15,24,star_sign,mlp_h64,0.001,0.0,0.01548,1.0,1924
15,24,star_sign,mlp_h128,0.001,0.0,0.00048,1.0,1924
15,24,star_sign,attention,0.0001,1e-05,0.0007,1.0,1924
15,24,star_sign,shuffled,0.01,0.0001,2.75784,0.11227,1924
15,28,age_bin,ema_lr1e-3,0.001,0.0001,1.64229,0.31341,1924
15,28,age_bin,ema_lr5e-3,0.005,0.0001,1.57243,0.31289,1924
15,28,age_bin,ema_lr1e-2,0.01,0.0001,1.46682,0.35655,1924
15,28,age_bin,ema_lr5e-2,0.05,0.0001,1.27625,0.41788,1924
15,28,age_bin,ema_lr1e-2_wd1e-3,0.01,0.001,1.406,0.3789,1924
15,28,age_bin,ema_d0.99,0.01,0.0001,1.39617,0.37942,1924
15,28,age_bin,ema_d0.9999,0.01,0.0001,1.53094,0.32328,1924
15,28,age_bin,mlp_h16,0.001,0.0,0.97359,0.53846,1924
15,28,age_bin,mlp_h32,0.001,0.0,0.98791,0.54054,1924
15,28,age_bin,mlp_h64,0.001,0.0,0.97279,0.5369,1924
15,28,age_bin,mlp_h128,0.001,0.0,0.97235,0.54262,1924
15,28,age_bin,attention,0.0001,1e-05,1.38462,0.53906,1924
15,28,age_bin,shuffled,0.01,0.0001,1.47744,0.34615,1924
15,28,gender,ema_lr1e-3,0.001,0.0001,1.05429,0.5078,1924
15,28,gender,ema_lr5e-3,0.005,0.0001,0.99321,0.48909,1924
15,28,gender,ema_lr1e-2,0.01,0.0001,1.00037,0.47661,1924
15,28,gender,ema_lr5e-2,0.05,0.0001,0.86641,0.52807,1924
15,28,gender,ema_lr1e-2_wd1e-3,0.01,0.001,0.92478,0.50832,1924
15,28,gender,ema_d0.99,0.01,0.0001,0.89928,0.4974,1924
15,28,gender,ema_d0.9999,0.01,0.0001,1.02196,0.46206,1924
15,28,gender,mlp_h16,0.001,0.0,0.71051,0.5343,1924
15,28,gender,mlp_h32,0.001,0.0,0.71204,0.55613,1924
15,28,gender,mlp_h64,0.001,0.0,0.71875,0.54106,1924
15,28,gender,mlp_h128,0.001,0.0,0.73209,0.53326,1924
15,28,gender,attention,0.0001,1e-05,1.20816,0.49219,1924
15,28,gender,shuffled,0.01,0.0001,0.95964,0.49064,1924
15,28,star_sign,ema_lr1e-3,0.001,0.0001,3.46945,0.08836,1924
15,28,star_sign,ema_lr5e-3,0.005,0.0001,3.14963,0.10187,1924
15,28,star_sign,ema_lr1e-2,0.01,0.0001,3.08889,0.09304,1924
15,28,star_sign,ema_lr5e-2,0.05,0.0001,2.41354,0.22765,1924
15,28,star_sign,ema_lr1e-2_wd1e-3,0.01,0.001,3.13316,0.09511,1924
15,28,star_sign,ema_d0.99,0.01,0.0001,3.14012,0.08576,1924
15,28,star_sign,ema_d0.9999,0.01,0.0001,3.20517,0.07744,1924
15,28,star_sign,mlp_h16,0.001,0.0,1.49439,0.671,1924
15,28,star_sign,mlp_h32,0.001,0.0,1.08791,0.98025,1924
15,28,star_sign,mlp_h64,0.001,0.0,0.51714,1.0,1924
15,28,star_sign,mlp_h128,0.001,0.0,0.16654,1.0,1924
15,28,star_sign,attention,0.0001,1e-05,0.04985,0.99219,1924
15,28,star_sign,shuffled,0.01,0.0001,3.08342,0.092,1924
16,0,age_bin,ema_lr1e-3,0.001,0.0001,1.58543,0.33111,1800
16,0,age_bin,ema_lr5e-3,0.005,0.0001,1.48239,0.34444,1800
16,0,age_bin,ema_lr1e-2,0.01,0.0001,1.43121,0.33,1800
16,0,age_bin,ema_lr5e-2,0.05,0.0001,1.38975,0.33278,1800
16,0,age_bin,ema_lr1e-2_wd1e-3,0.01,0.001,1.39448,0.35389,1800
16,0,age_bin,ema_d0.99,0.01,0.0001,1.41056,0.32278,1800
16,0,age_bin,ema_d0.9999,0.01,0.0001,1.43416,0.345,1800
16,0,age_bin,mlp_h16,0.001,0.0,1.08806,0.47278,1800
16,0,age_bin,mlp_h32,0.001,0.0,1.09085,0.46222,1800
16,0,age_bin,mlp_h64,0.001,0.0,1.08626,0.46667,1800
16,0,age_bin,mlp_h128,0.001,0.0,1.08565,0.45,1800
16,0,age_bin,attention,0.0001,1e-05,1.08043,0.51562,1800
16,0,age_bin,shuffled,0.01,0.0001,1.43494,0.33778,1800
16,0,gender,ema_lr1e-3,0.001,0.0001,1.07525,0.49667,1800
16,0,gender,ema_lr5e-3,0.005,0.0001,0.9608,0.485,1800
16,0,gender,ema_lr1e-2,0.01,0.0001,0.9396,0.51,1800
16,0,gender,ema_lr5e-2,0.05,0.0001,1.35217,0.49222,1800
16,0,gender,ema_lr1e-2_wd1e-3,0.01,0.001,0.87311,0.51333,1800
16,0,gender,ema_d0.99,0.01,0.0001,0.86886,0.51056,1800
16,0,gender,ema_d0.9999,0.01,0.0001,0.87374,0.52833,1800
16,0,gender,mlp_h16,0.001,0.0,0.6904,0.55111,1800
16,0,gender,mlp_h32,0.001,0.0,0.69452,0.53389,1800
16,0,gender,mlp_h64,0.001,0.0,0.69414,0.54556,1800
16,0,gender,mlp_h128,0.001,0.0,0.69551,0.53333,1800
16,0,gender,attention,0.0001,1e-05,0.69296,0.5,1800
16,0,gender,shuffled,0.01,0.0001,0.89176,0.495,1800
16,0,star_sign,ema_lr1e-3,0.001,0.0001,3.16768,0.09444,1800
16,0,star_sign,ema_lr5e-3,0.005,0.0001,3.1237,0.11722,1800
16,0,star_sign,ema_lr1e-2,0.01,0.0001,2.93348,0.08,1800
16,0,star_sign,ema_lr5e-2,0.05,0.0001,2.24808,0.38444,1800
16,0,star_sign,ema_lr1e-2_wd1e-3,0.01,0.001,3.00562,0.10444,1800
16,0,star_sign,ema_d0.99,0.01,0.0001,2.95756,0.14556,1800
16,0,star_sign,ema_d0.9999,0.01,0.0001,2.92912,0.08944,1800
16,0,star_sign,mlp_h16,0.001,0.0,1.08101,0.94278,1800
16,0,star_sign,mlp_h32,0.001,0.0,0.18771,0.99944,1800
16,0,star_sign,mlp_h64,0.001,0.0,0.13133,0.99944,1800
16,0,star_sign,mlp_h128,0.001,0.0,0.06757,0.99944,1800
16,0,star_sign,attention,0.0001,1e-05,2.37458,0.99219,1800
16,0,star_sign,shuffled,0.01,0.0001,2.98819,0.06833,1800
16,4,age_bin,ema_lr1e-3,0.001,0.0001,1.20347,0.35,1800
16,4,age_bin,ema_lr5e-3,0.005,0.0001,1.20902,0.33333,1800
16,4,age_bin,ema_lr1e-2,0.01,0.0001,1.25817,0.31944,1800
16,4,age_bin,ema_lr5e-2,0.05,0.0001,3.35583,0.44889,1800
16,4,age_bin,ema_lr1e-2_wd1e-3,0.01,0.001,1.20253,0.34278,1800
16,4,age_bin,ema_d0.99,0.01,0.0001,1.28862,0.31667,1800
16,4,age_bin,ema_d0.9999,0.01,0.0001,1.18392,0.36056,1800
16,4,age_bin,mlp_h16,0.001,0.0,1.06153,0.47056,1800
16,4,age_bin,mlp_h32,0.001,0.0,1.16262,0.47278,1800
16,4,age_bin,mlp_h64,0.001,0.0,1.07916,0.47278,1800
16,4,age_bin,mlp_h128,0.001,0.0,1.16446,0.39722,1800
16,4,age_bin,attention,0.0001,1e-05,1.064,0.5,1800
16,4,age_bin,shuffled,0.01,0.0001,1.23658,0.31611,1800
16,4,gender,ema_lr1e-3,0.001,0.0001,0.81047,0.47444,1800
16,4,gender,ema_lr5e-3,0.005,0.0001,0.74699,0.51778,1800
16,4,gender,ema_lr1e-2,0.01,0.0001,0.95802,0.465,1800
16,4,gender,ema_lr5e-2,0.05,0.0001,3.82519,0.45111,1800
16,4,gender,ema_lr1e-2_wd1e-3,0.01,0.001,0.96734,0.47722,1800
16,4,gender,ema_d0.99,0.01,0.0001,0.90976,0.52444,1800
16,4,gender,ema_d0.9999,0.01,0.0001,0.92422,0.45722,1800
16,4,gender,mlp_h16,0.001,0.0,0.69321,0.53833,1800
16,4,gender,mlp_h32,0.001,0.0,0.68922,0.54722,1800
16,4,gender,mlp_h64,0.001,0.0,0.74007,0.45056,1800
16,4,gender,mlp_h128,0.001,0.0,0.71514,0.55111,1800
16,4,gender,attention,0.0001,1e-05,0.70014,0.59375,1800
16,4,gender,shuffled,0.01,0.0001,0.95952,0.47389,1800
16,4,star_sign,ema_lr1e-3,0.001,0.0001,2.74696,0.03944,1800
16,4,star_sign,ema_lr5e-3,0.005,0.0001,2.61094,0.10944,1800
16,4,star_sign,ema_lr1e-2,0.01,0.0001,2.49474,0.155,1800
16,4,star_sign,ema_lr5e-2,0.05,0.0001,2.12213,0.34389,1800
16,4,star_sign,ema_lr1e-2_wd1e-3,0.01,0.001,2.53591,0.15889,1800
16,4,star_sign,ema_d0.99,0.01,0.0001,2.51514,0.12389,1800
16,4,star_sign,ema_d0.9999,0.01,0.0001,2.50978,0.15167,1800
16,4,star_sign,mlp_h16,0.001,0.0,0.26676,1.0,1800
16,4,star_sign,mlp_h32,0.001,0.0,0.01299,1.0,1800
16,4,star_sign,mlp_h64,0.001,0.0,0.02323,1.0,1800
16,4,star_sign,mlp_h128,0.001,0.0,0.00074,1.0,1800
16,4,star_sign,attention,0.0001,1e-05,0.27823,1.0,1800
16,4,star_sign,shuffled,0.01,0.0001,2.51786,0.15222,1800
16,8,age_bin,ema_lr1e-3,0.001,0.0001,1.22722,0.35333,1800
16,8,age_bin,ema_lr5e-3,0.005,0.0001,1.22897,0.35111,1800
16,8,age_bin,ema_lr1e-2,0.01,0.0001,1.23133,0.35833,1800
16,8,age_bin,ema_lr5e-2,0.05,0.0001,3.31117,0.45278,1800
16,8,age_bin,ema_lr1e-2_wd1e-3,0.01,0.001,1.25556,0.33778,1800
16,8,age_bin,ema_d0.99,0.01,0.0001,1.25566,0.37389,1800
16,8,age_bin,ema_d0.9999,0.01,0.0001,1.22668,0.31722,1800
16,8,age_bin,mlp_h16,0.001,0.0,1.07464,0.46667,1800
16,8,age_bin,mlp_h32,0.001,0.0,1.05887,0.45611,1800
16,8,age_bin,mlp_h64,0.001,0.0,1.13686,0.455,1800
16,8,age_bin,mlp_h128,0.001,0.0,1.13338,0.47333,1800
16,8,age_bin,attention,0.0001,1e-05,1.08415,0.41406,1800
16,8,age_bin,shuffled,0.01,0.0001,1.26748,0.33389,1800
16,8,gender,ema_lr1e-3,0.001,0.0001,0.78101,0.48889,1800
16,8,gender,ema_lr5e-3,0.005,0.0001,0.76923,0.49833,1800
16,8,gender,ema_lr1e-2,0.01,0.0001,0.9716,0.46333,1800
16,8,gender,ema_lr5e-2,0.05,0.0001,4.06654,0.54889,1800
16,8,gender,ema_lr1e-2_wd1e-3,0.01,0.001,0.85108,0.52333,1800
16,8,gender,ema_d0.99,0.01,0.0001,0.89172,0.53889,1800
16,8,gender,ema_d0.9999,0.01,0.0001,0.97369,0.46778,1800
16,8,gender,mlp_h16,0.001,0.0,0.69277,0.525,1800
16,8,gender,mlp_h32,0.001,0.0,0.68166,0.55667,1800
16,8,gender,mlp_h64,0.001,0.0,0.71897,0.46556,1800
16,8,gender,mlp_h128,0.001,0.0,0.71636,0.55444,1800
16,8,gender,attention,0.0001,1e-05,0.73072,0.52344,1800
16,8,gender,shuffled,0.01,0.0001,0.99037,0.51556,1800
16,8,star_sign,ema_lr1e-3,0.001,0.0001,2.73972,0.11,1800
16,8,star_sign,ema_lr5e-3,0.005,0.0001,2.60053,0.12556,1800
16,8,star_sign,ema_lr1e-2,0.01,0.0001,2.54319,0.135,1800
16,8,star_sign,ema_lr5e-2,0.05,0.0001,2.11499,0.33,1800
16,8,star_sign,ema_lr1e-2_wd1e-3,0.01,0.001,2.54792,0.14611,1800
16,8,star_sign,ema_d0.99,0.01,0.0001,2.52682,0.14167,1800
16,8,star_sign,ema_d0.9999,0.01,0.0001,2.52542,0.14778,1800
16,8,star_sign,mlp_h16,0.001,0.0,2.06761,0.07111,1800
16,8,star_sign,mlp_h32,0.001,0.0,0.46337,1.0,1800
16,8,star_sign,mlp_h64,0.001,0.0,0.00933,1.0,1800
16,8,star_sign,mlp_h128,0.001,0.0,0.00059,1.0,1800
16,8,star_sign,attention,0.0001,1e-05,0.0,1.0,1800
16,8,star_sign,shuffled,0.01,0.0001,2.5497,0.14056,1800
16,12,age_bin,ema_lr1e-3,0.001,0.0001,1.21559,0.36222,1800
16,12,age_bin,ema_lr5e-3,0.005,0.0001,1.25165,0.30611,1800
16,12,age_bin,ema_lr1e-2,0.01,0.0001,1.22379,0.34944,1800
16,12,age_bin,ema_lr5e-2,0.05,0.0001,3.33567,0.45611,1800
16,12,age_bin,ema_lr1e-2_wd1e-3,0.01,0.001,1.30239,0.35389,1800
16,12,age_bin,ema_d0.99,0.01,0.0001,1.32191,0.36222,1800
16,12,age_bin,ema_d0.9999,0.01,0.0001,1.24275,0.35778,1800
16,12,age_bin,mlp_h16,0.001,0.0,1.06195,0.46778,1800
16,12,age_bin,mlp_h32,0.001,0.0,1.05168,0.46444,1800
16,12,age_bin,mlp_h64,0.001,0.0,1.10593,0.455,1800
16,12,age_bin,mlp_h128,0.001,0.0,1.12923,0.35444,1800
16,12,age_bin,attention,0.0001,1e-05,101.35228,0.23438,1800
16,12,age_bin,shuffled,0.01,0.0001,1.22942,0.32722,1800
16,12,gender,ema_lr1e-3,0.001,0.0001,0.7982,0.49333,1800
16,12,gender,ema_lr5e-3,0.005,0.0001,0.75059,0.52889,1800
16,12,gender,ema_lr1e-2,0.01,0.0001,0.9184,0.52556,1800
16,12,gender,ema_lr5e-2,0.05,0.0001,3.90468,0.54889,1800
16,12,gender,ema_lr1e-2_wd1e-3,0.01,0.001,0.9639,0.48056,1800
16,12,gender,ema_d0.99,0.01,0.0001,0.90473,0.50556,1800
16,12,gender,ema_d0.9999,0.01,0.0001,0.86865,0.55444,1800
16,12,gender,mlp_h16,0.001,0.0,0.67414,0.585,1800
16,12,gender,mlp_h32,0.001,0.0,0.67773,0.58278,1800
16,12,gender,mlp_h64,0.001,0.0,0.6665,0.59,1800
16,12,gender,mlp_h128,0.001,0.0,0.69454,0.58667,1800
16,12,gender,attention,0.0001,1e-05,0.7405,0.52344,1800
16,12,gender,shuffled,0.01,0.0001,1.088,0.44722,1800
16,12,star_sign,ema_lr1e-3,0.001,0.0001,2.82652,0.06278,1800
16,12,star_sign,ema_lr5e-3,0.005,0.0001,2.5803,0.11722,1800
16,12,star_sign,ema_lr1e-2,0.01,0.0001,2.5617,0.12333,1800
16,12,star_sign,ema_lr5e-2,0.05,0.0001,2.15895,0.35778,1800
16,12,star_sign,ema_lr1e-2_wd1e-3,0.01,0.001,2.50138,0.14556,1800
16,12,star_sign,ema_d0.99,0.01,0.0001,2.56146,0.11,1800
16,12,star_sign,ema_d0.9999,0.01,0.0001,2.53256,0.17222,1800
16,12,star_sign,mlp_h16,0.001,0.0,0.58239,1.0,1800
16,12,star_sign,mlp_h32,0.001,0.0,0.24905,1.0,1800
16,12,star_sign,mlp_h64,0.001,0.0,0.01394,1.0,1800
16,12,star_sign,mlp_h128,0.001,0.0,0.00142,1.0,1800
16,12,star_sign,attention,0.0001,1e-05,0.0,1.0,1800
16,12,star_sign,shuffled,0.01,0.0001,2.56503,0.14667,1800
16,16,age_bin,ema_lr1e-3,0.001,0.0001,1.22775,0.35444,1800
16,16,age_bin,ema_lr5e-3,0.005,0.0001,1.19251,0.35278,1800
16,16,age_bin,ema_lr1e-2,0.01,0.0001,1.18341,0.38111,1800
16,16,age_bin,ema_lr5e-2,0.05,0.0001,3.23205,0.45389,1800
16,16,age_bin,ema_lr1e-2_wd1e-3,0.01,0.001,1.2772,0.31833,1800
16,16,age_bin,ema_d0.99,0.01,0.0001,1.20184,0.34778,1800
16,16,age_bin,ema_d0.9999,0.01,0.0001,1.24744,0.37222,1800
16,16,age_bin,mlp_h16,0.001,0.0,1.06136,0.47389,1800
16,16,age_bin,mlp_h32,0.001,0.0,1.10539,0.47056,1800
16,16,age_bin,mlp_h64,0.001,0.0,1.15642,0.44056,1800
16,16,age_bin,mlp_h128,0.001,0.0,1.10919,0.39389,1800
16,16,age_bin,attention,0.0001,1e-05,1.15971,0.48438,1800
16,16,age_bin,shuffled,0.01,0.0001,1.23978,0.30944,1800
16,16,gender,ema_lr1e-3,0.001,0.0001,0.78082,0.52278,1800
16,16,gender,ema_lr5e-3,0.005,0.0001,0.7713,0.49389,1800
16,16,gender,ema_lr1e-2,0.01,0.0001,0.95107,0.47556,1800
16,16,gender,ema_lr5e-2,0.05,0.0001,4.03209,0.54889,1800
16,16,gender,ema_lr1e-2_wd1e-3,0.01,0.001,0.93508,0.49889,1800
16,16,gender,ema_d0.99,0.01,0.0001,0.90591,0.48056,1800
16,16,gender,ema_d0.9999,0.01,0.0001,0.91175,0.515,1800
16,16,gender,mlp_h16,0.001,0.0,0.68876,0.555,1800
16,16,gender,mlp_h32,0.001,0.0,0.68136,0.57167,1800
16,16,gender,mlp_h64,0.001,0.0,0.67531,0.57889,1800
16,16,gender,mlp_h128,0.001,0.0,0.68569,0.56778,1800
16,16,gender,attention,0.0001,1e-05,31.79973,0.52344,1800
16,16,gender,shuffled,0.01,0.0001,0.80876,0.515,1800
16,16,star_sign,ema_lr1e-3,0.001,0.0001,2.79247,0.08222,1800
16,16,star_sign,ema_lr5e-3,0.005,0.0001,2.62283,0.17444,1800
16,16,star_sign,ema_lr1e-2,0.01,0.0001,2.52948,0.17056,1800
16,16,star_sign,ema_lr5e-2,0.05,0.0001,2.21623,0.28333,1800
16,16,star_sign,ema_lr1e-2_wd1e-3,0.01,0.001,2.53959,0.13056,1800
16,16,star_sign,ema_d0.99,0.01,0.0001,2.57081,0.09611,1800
16,16,star_sign,ema_d0.9999,0.01,0.0001,2.51687,0.12944,1800
16,16,star_sign,mlp_h16,0.001,0.0,0.15361,1.0,1800
16,16,star_sign,mlp_h32,0.001,0.0,0.06455,1.0,1800
16,16,star_sign,mlp_h64,0.001,0.0,0.00456,1.0,1800
16,16,star_sign,mlp_h128,0.001,0.0,0.00066,1.0,1800
16,16,star_sign,attention,0.0001,1e-05,2.42628,0.59375,1800
16,16,star_sign,shuffled,0.01,0.0001,2.5512,0.13444,1800
16,20,age_bin,ema_lr1e-3,0.001,0.0001,1.23158,0.36333,1800
16,20,age_bin,ema_lr5e-3,0.005,0.0001,1.21867,0.36056,1800
16,20,age_bin,ema_lr1e-2,0.01,0.0001,1.2511,0.34111,1800
16,20,age_bin,ema_lr5e-2,0.05,0.0001,3.12704,0.45278,1800
16,20,age_bin,ema_lr1e-2_wd1e-3,0.01,0.001,1.31247,0.32333,1800
16,20,age_bin,ema_d0.99,0.01,0.0001,1.24419,0.36056,1800
16,20,age_bin,ema_d0.9999,0.01,0.0001,1.27204,0.32944,1800
16,20,age_bin,mlp_h16,0.001,0.0,1.04768,0.46722,1800
16,20,age_bin,mlp_h32,0.001,0.0,1.05057,0.46944,1800
16,20,age_bin,mlp_h64,0.001,0.0,1.12984,0.43444,1800
16,20,age_bin,mlp_h128,0.001,0.0,1.1254,0.41389,1800
16,20,age_bin,attention,0.0001,1e-05,34.4565,0.51562,1800
16,20,age_bin,shuffled,0.01,0.0001,1.305,0.31167,1800
16,20,gender,ema_lr1e-3,0.001,0.0001,0.80532,0.51056,1800
16,20,gender,ema_lr5e-3,0.005,0.0001,0.81662,0.47556,1800
16,20,gender,ema_lr1e-2,0.01,0.0001,0.94811,0.51667,1800
16,20,gender,ema_lr5e-2,0.05,0.0001,3.43652,0.54889,1800
16,20,gender,ema_lr1e-2_wd1e-3,0.01,0.001,0.88928,0.51722,1800
16,20,gender,ema_d0.99,0.01,0.0001,0.88475,0.505,1800
16,20,gender,ema_d0.9999,0.01,0.0001,0.85726,0.47333,1800
16,20,gender,mlp_h16,0.001,0.0,0.69298,0.53278,1800
16,20,gender,mlp_h32,0.001,0.0,0.70976,0.51889,1800
16,20,gender,mlp_h64,0.001,0.0,0.68797,0.54833,1800
16,20,gender,mlp_h128,0.001,0.0,0.67535,0.57444,1800
16,20,gender,attention,0.0001,1e-05,35.8138,0.52344,1800
16,20,gender,shuffled,0.01,0.0001,0.96459,0.50944,1800
16,20,star_sign,ema_lr1e-3,0.001,0.0001,2.86891,0.06778,1800
16,20,star_sign,ema_lr5e-3,0.005,0.0001,2.65004,0.09833,1800
16,20,star_sign,ema_lr1e-2,0.01,0.0001,2.59697,0.11611,1800
16,20,star_sign,ema_lr5e-2,0.05,0.0001,2.23773,0.38722,1800
16,20,star_sign,ema_lr1e-2_wd1e-3,0.01,0.001,2.59274,0.14278,1800
16,20,star_sign,ema_d0.99,0.01,0.0001,2.59405,0.13389,1800
16,20,star_sign,ema_d0.9999,0.01,0.0001,2.59297,0.11722,1800
16,20,star_sign,mlp_h16,0.001,0.0,1.12851,0.32,1800
16,20,star_sign,mlp_h32,0.001,0.0,0.0205,1.0,1800
16,20,star_sign,mlp_h64,0.001,0.0,0.00629,1.0,1800
16,20,star_sign,mlp_h128,0.001,0.0,0.00081,1.0,1800
16,20,star_sign,attention,0.0001,1e-05,0.00859,1.0,1800
16,20,star_sign,shuffled,0.01,0.0001,2.56405,0.13222,1800
16,24,age_bin,ema_lr1e-3,0.001,0.0001,1.38154,0.33278,1800
16,24,age_bin,ema_lr5e-3,0.005,0.0001,1.34946,0.32556,1800
16,24,age_bin,ema_lr1e-2,0.01,0.0001,1.31896,0.34778,1800
16,24,age_bin,ema_lr5e-2,0.05,0.0001,2.86938,0.23389,1800
16,24,age_bin,ema_lr1e-2_wd1e-3,0.01,0.001,1.31354,0.36889,1800
16,24,age_bin,ema_d0.99,0.01,0.0001,1.39417,0.32667,1800
16,24,age_bin,ema_d0.9999,0.01,0.0001,1.31197,0.35111,1800
16,24,age_bin,mlp_h16,0.001,0.0,1.04395,0.46556,1800
16,24,age_bin,mlp_h32,0.001,0.0,1.06935,0.46278,1800
16,24,age_bin,mlp_h64,0.001,0.0,1.07542,0.40111,1800
16,24,age_bin,mlp_h128,0.001,0.0,1.03853,0.46889,1800
16,24,age_bin,attention,0.0001,1e-05,43.3,0.23438,1800
16,24,age_bin,shuffled,0.01,0.0001,1.31023,0.34722,1800
16,24,gender,ema_lr1e-3,0.001,0.0001,0.83288,0.53833,1800
16,24,gender,ema_lr5e-3,0.005,0.0001,0.89185,0.49667,1800
16,24,gender,ema_lr1e-2,0.01,0.0001,0.909,0.51333,1800
16,24,gender,ema_lr5e-2,0.05,0.0001,2.48889,0.45667,1800
16,24,gender,ema_lr1e-2_wd1e-3,0.01,0.001,0.86694,0.51278,1800
16,24,gender,ema_d0.99,0.01,0.0001,0.95545,0.48167,1800
16,24,gender,ema_d0.9999,0.01,0.0001,0.9629,0.475,1800
16,24,gender,mlp_h16,0.001,0.0,0.68898,0.56778,1800
16,24,gender,mlp_h32,0.001,0.0,0.69086,0.56,1800
16,24,gender,mlp_h64,0.001,0.0,0.68413,0.565,1800
16,24,gender,mlp_h128,0.001,0.0,0.68176,0.585,1800
16,24,gender,attention,0.0001,1e-05,21.08463,0.52344,1800
16,24,gender,shuffled,0.01,0.0001,0.91847,0.50056,1800
16,24,star_sign,ema_lr1e-3,0.001,0.0001,3.05018,0.07611,1800
16,24,star_sign,ema_lr5e-3,0.005,0.0001,2.88754,0.07444,1800
16,24,star_sign,ema_lr1e-2,0.01,0.0001,2.69288,0.12667,1800
16,24,star_sign,ema_lr5e-2,0.05,0.0001,2.27523,0.4,1800
16,24,star_sign,ema_lr1e-2_wd1e-3,0.01,0.001,2.68097,0.12722,1800
16,24,star_sign,ema_d0.99,0.01,0.0001,2.73134,0.11167,1800
16,24,star_sign,ema_d0.9999,0.01,0.0001,2.75374,0.105,1800
16,24,star_sign,mlp_h16,0.001,0.0,0.12618,1.0,1800
16,24,star_sign,mlp_h32,0.001,0.0,0.24076,1.0,1800
16,24,star_sign,mlp_h64,0.001,0.0,0.01144,1.0,1800
16,24,star_sign,mlp_h128,0.001,0.0,0.0004,1.0,1800
16,24,star_sign,attention,0.0001,1e-05,0.0001,1.0,1800
16,24,star_sign,shuffled,0.01,0.0001,2.74121,0.09667,1800
16,28,age_bin,ema_lr1e-3,0.001,0.0001,1.69479,0.29278,1800
16,28,age_bin,ema_lr5e-3,0.005,0.0001,1.43438,0.34722,1800
16,28,age_bin,ema_lr1e-2,0.01,0.0001,1.42495,0.34444,1800
16,28,age_bin,ema_lr5e-2,0.05,0.0001,1.30773,0.38667,1800
16,28,age_bin,ema_lr1e-2_wd1e-3,0.01,0.001,1.47284,0.35111,1800
16,28,age_bin,ema_d0.99,0.01,0.0001,1.4436,0.35222,1800
16,28,age_bin,ema_d0.9999,0.01,0.0001,1.42784,0.33889,1800
16,28,age_bin,mlp_h16,0.001,0.0,1.02327,0.47889,1800
16,28,age_bin,mlp_h32,0.001,0.0,1.01978,0.50778,1800
16,28,age_bin,mlp_h64,0.001,0.0,1.02301,0.49611,1800
16,28,age_bin,mlp_h128,0.001,0.0,1.06234,0.48611,1800
16,28,age_bin,attention,0.0001,1e-05,1.61608,0.40625,1800
16,28,age_bin,shuffled,0.01,0.0001,1.50212,0.34556,1800
16,28,gender,ema_lr1e-3,0.001,0.0001,1.05065,0.49944,1800
16,28,gender,ema_lr5e-3,0.005,0.0001,0.93195,0.51167,1800
16,28,gender,ema_lr1e-2,0.01,0.0001,0.88445,0.51333,1800
16,28,gender,ema_lr5e-2,0.05,0.0001,0.83558,0.51444,1800
16,28,gender,ema_lr1e-2_wd1e-3,0.01,0.001,0.99371,0.48611,1800
16,28,gender,ema_d0.99,0.01,0.0001,0.88875,0.505,1800
16,28,gender,ema_d0.9999,0.01,0.0001,0.87837,0.54944,1800
16,28,gender,mlp_h16,0.001,0.0,0.67752,0.58611,1800
16,28,gender,mlp_h32,0.001,0.0,0.67259,0.59167,1800
16,28,gender,mlp_h64,0.001,0.0,0.68812,0.58722,1800
16,28,gender,mlp_h128,0.001,0.0,0.70089,0.57111,1800
16,28,gender,attention,0.0001,1e-05,1.21283,0.42188,1800
16,28,gender,shuffled,0.01,0.0001,0.92285,0.505,1800
16,28,star_sign,ema_lr1e-3,0.001,0.0001,3.24585,0.11333,1800
16,28,star_sign,ema_lr5e-3,0.005,0.0001,3.10046,0.09944,1800
16,28,star_sign,ema_lr1e-2,0.01,0.0001,3.03693,0.09667,1800
16,28,star_sign,ema_lr5e-2,0.05,0.0001,2.38058,0.26444,1800
16,28,star_sign,ema_lr1e-2_wd1e-3,0.01,0.001,3.03142,0.09833,1800
16,28,star_sign,ema_d0.99,0.01,0.0001,3.07551,0.08278,1800
16,28,star_sign,ema_d0.9999,0.01,0.0001,3.05014,0.10778,1800
16,28,star_sign,mlp_h16,0.001,0.0,1.38605,0.74444,1800
16,28,star_sign,mlp_h32,0.001,0.0,0.97171,0.99444,1800
16,28,star_sign,mlp_h64,0.001,0.0,0.38991,1.0,1800
16,28,star_sign,mlp_h128,0.001,0.0,0.11449,1.0,1800
16,28,star_sign,attention,0.0001,1e-05,0.00645,1.0,1800
16,28,star_sign,shuffled,0.01,0.0001,3.11885,0.08056,1800
17,0,age_bin,ema_lr1e-3,0.001,0.0001,1.55157,0.36014,2002
17,0,age_bin,ema_lr5e-3,0.005,0.0001,1.49605,0.33616,2002
17,0,age_bin,ema_lr1e-2,0.01,0.0001,1.44967,0.32767,2002
17,0,age_bin,ema_lr5e-2,0.05,0.0001,1.3771,0.37812,2002
17,0,age_bin,ema_lr1e-2_wd1e-3,0.01,0.001,1.43577,0.33566,2002
17,0,age_bin,ema_d0.99,0.01,0.0001,1.42664,0.34216,2002
17,0,age_bin,ema_d0.9999,0.01,0.0001,1.39314,0.35964,2002
17,0,age_bin,mlp_h16,0.001,0.0,1.11478,0.42158,2002
17,0,age_bin,mlp_h32,0.001,0.0,1.1061,0.41109,2002
17,0,age_bin,mlp_h64,0.001,0.0,1.11217,0.41109,2002
17,0,age_bin,mlp_h128,0.001,0.0,1.10958,0.40559,2002
17,0,age_bin,attention,0.0001,1e-05,1.08999,0.40625,2002
17,0,age_bin,shuffled,0.01,0.0001,1.42445,0.35265,2002
17,0,gender,ema_lr1e-3,0.001,0.0001,1.08958,0.4975,2002
17,0,gender,ema_lr5e-3,0.005,0.0001,1.00007,0.5035,2002
17,0,gender,ema_lr1e-2,0.01,0.0001,0.91968,0.51149,2002
17,0,gender,ema_lr5e-2,0.05,0.0001,1.44167,0.50749,2002
17,0,gender,ema_lr1e-2_wd1e-3,0.01,0.001,0.89283,0.49351,2002
17,0,gender,ema_d0.99,0.01,0.0001,0.88307,0.5025,2002
17,0,gender,ema_d0.9999,0.01,0.0001,0.92179,0.48751,2002
17,0,gender,mlp_h16,0.001,0.0,0.69912,0.52348,2002
17,0,gender,mlp_h32,0.001,0.0,0.70031,0.51998,2002
17,0,gender,mlp_h64,0.001,0.0,0.69576,0.53097,2002
17,0,gender,mlp_h128,0.001,0.0,0.69847,0.52847,2002
17,0,gender,attention,0.0001,1e-05,0.69367,0.45312,2002
17,0,gender,shuffled,0.01,0.0001,0.90222,0.49151,2002
17,0,star_sign,ema_lr1e-3,0.001,0.0001,3.22339,0.08192,2002
17,0,star_sign,ema_lr5e-3,0.005,0.0001,3.18205,0.11439,2002
17,0,star_sign,ema_lr1e-2,0.01,0.0001,2.94596,0.08142,2002
17,0,star_sign,ema_lr5e-2,0.05,0.0001,2.21847,0.47403,2002
17,0,star_sign,ema_lr1e-2_wd1e-3,0.01,0.001,2.94863,0.1044,2002
17,0,star_sign,ema_d0.99,0.01,0.0001,2.89609,0.16284,2002
17,0,star_sign,ema_d0.9999,0.01,0.0001,2.97797,0.08092,2002
17,0,star_sign,mlp_h16,0.001,0.0,1.04238,0.92957,2002
17,0,star_sign,mlp_h32,0.001,0.0,0.18487,0.9995,2002
17,0,star_sign,mlp_h64,0.001,0.0,0.12711,1.0,2002
17,0,star_sign,mlp_h128,0.001,0.0,0.06243,1.0,2002
17,0,star_sign,attention,0.0001,1e-05,2.36976,0.99219,2002
17,0,star_sign,shuffled,0.01,0.0001,2.94086,0.07043,2002
17,4,age_bin,ema_lr1e-3,0.001,0.0001,1.23335,0.32667,2002
17,4,age_bin,ema_lr5e-3,0.005,0.0001,1.18367,0.34366,2002
17,4,age_bin,ema_lr1e-2,0.01,0.0001,1.30538,0.32418,2002
17,4,age_bin,ema_lr5e-2,0.05,0.0001,4.29481,0.27872,2002
17,4,age_bin,ema_lr1e-2_wd1e-3,0.01,0.001,1.21684,0.36763,2002
17,4,age_bin,ema_d0.99,0.01,0.0001,1.2853,0.37612,2002
17,4,age_bin,ema_d0.9999,0.01,0.0001,1.20884,0.37013,2002
17,4,age_bin,mlp_h16,0.001,0.0,1.11697,0.42507,2002
17,4,age_bin,mlp_h32,0.001,0.0,1.1325,0.42507,2002
17,4,age_bin,mlp_h64,0.001,0.0,1.10279,0.42707,2002
17,4,age_bin,mlp_h128,0.001,0.0,1.10879,0.40909,2002
17,4,age_bin,attention,0.0001,1e-05,1.14454,0.38281,2002
17,4,age_bin,shuffled,0.01,0.0001,1.24378,0.36863,2002
17,4,gender,ema_lr1e-3,0.001,0.0001,0.78335,0.51099,2002
17,4,gender,ema_lr5e-3,0.005,0.0001,0.74967,0.50849,2002
17,4,gender,ema_lr1e-2,0.01,0.0001,0.977,0.50649,2002
17,4,gender,ema_lr5e-2,0.05,0.0001,3.75669,0.5035,2002
17,4,gender,ema_lr1e-2_wd1e-3,0.01,0.001,0.94323,0.504,2002
17,4,gender,ema_d0.99,0.01,0.0001,0.92861,0.49301,2002
17,4,gender,ema_d0.9999,0.01,0.0001,0.97465,0.48801,2002
17,4,gender,mlp_h16,0.001,0.0,0.69128,0.53646,2002
17,4,gender,mlp_h32,0.001,0.0,0.69008,0.51948,2002
17,4,gender,mlp_h64,0.001,0.0,0.70448,0.4955,2002
17,4,gender,mlp_h128,0.001,0.0,0.7286,0.50799,2002
17,4,gender,attention,0.0001,1e-05,0.7319,0.5,2002
17,4,gender,shuffled,0.01,0.0001,0.91862,0.495,2002
17,4,star_sign,ema_lr1e-3,0.001,0.0001,2.73321,0.04446,2002
17,4,star_sign,ema_lr5e-3,0.005,0.0001,2.55947,0.10739,2002
17,4,star_sign,ema_lr1e-2,0.01,0.0001,2.48586,0.11688,2002
17,4,star_sign,ema_lr5e-2,0.05,0.0001,2.21205,0.15135,2002
17,4,star_sign,ema_lr1e-2_wd1e-3,0.01,0.001,2.51446,0.13337,2002
17,4,star_sign,ema_d0.99,0.01,0.0001,2.50932,0.11289,2002
17,4,star_sign,ema_d0.9999,0.01,0.0001,2.5114,0.13037,2002
17,4,star_sign,mlp_h16,0.001,0.0,0.22229,1.0,2002
17,4,star_sign,mlp_h32,0.001,0.0,0.00986,1.0,2002
17,4,star_sign,mlp_h64,0.001,0.0,0.01643,1.0,2002
17,4,star_sign,mlp_h128,0.001,0.0,0.0005,1.0,2002
17,4,star_sign,attention,0.0001,1e-05,0.28019,1.0,2002
17,4,star_sign,shuffled,0.01,0.0001,2.48954,0.14286,2002
17,8,age_bin,ema_lr1e-3,0.001,0.0001,1.22464,0.35065,2002
17,8,age_bin,ema_lr5e-3,0.005,0.0001,1.24321,0.32767,2002
17,8,age_bin,ema_lr1e-2,0.01,0.0001,1.29921,0.31618,2002
17,8,age_bin,ema_lr5e-2,0.05,0.0001,4.06999,0.27872,2002
17,8,age_bin,ema_lr1e-2_wd1e-3,0.01,0.001,1.30376,0.28721,2002
17,8,age_bin,ema_d0.99,0.01,0.0001,1.25786,0.32068,2002
17,8,age_bin,ema_d0.9999,0.01,0.0001,1.2698,0.31319,2002
17,8,age_bin,mlp_h16,0.001,0.0,1.08382,0.42108,2002
17,8,age_bin,mlp_h32,0.001,0.0,1.09424,0.42108,2002
17,8,age_bin,mlp_h64,0.001,0.0,1.11594,0.41259,2002
17,8,age_bin,mlp_h128,0.001,0.0,1.15433,0.41009,2002
17,8,age_bin,attention,0.0001,1e-05,1.18184,0.42188,2002
17,8,age_bin,shuffled,0.01,0.0001,1.28295,0.31518,2002
17,8,gender,ema_lr1e-3,0.001,0.0001,0.75745,0.52597,2002
17,8,gender,ema_lr5e-3,0.005,0.0001,0.77354,0.51349,2002
17,8,gender,ema_lr1e-2,0.01,0.0001,0.96912,0.5045,2002
17,8,gender,ema_lr5e-2,0.05,0.0001,3.00189,0.4965,2002
17,8,gender,ema_lr1e-2_wd1e-3,0.01,0.001,0.89608,0.50499,2002
17,8,gender,ema_d0.99,0.01,0.0001,0.92275,0.5045,2002
17,8,gender,ema_d0.9999,0.01,0.0001,0.96278,0.50549,2002
17,8,gender,mlp_h16,0.001,0.0,0.68391,0.54545,2002
17,8,gender,mlp_h32,0.001,0.0,0.6925,0.51499,2002
17,8,gender,mlp_h64,0.001,0.0,0.67934,0.56843,2002
17,8,gender,mlp_h128,0.001,0.0,0.71445,0.52597,2002
17,8,gender,attention,0.0001,1e-05,0.68752,0.53125,2002
17,8,gender,shuffled,0.01,0.0001,0.96244,0.50849,2002
17,8,star_sign,ema_lr1e-3,0.001,0.0001,2.71634,0.11189,2002
17,8,star_sign,ema_lr5e-3,0.005,0.0001,2.61887,0.1034,2002
17,8,star_sign,ema_lr1e-2,0.01,0.0001,2.52008,0.13636,2002
17,8,star_sign,ema_lr5e-2,0.05,0.0001,2.21177,0.18631,2002
17,8,star_sign,ema_lr1e-2_wd1e-3,0.01,0.001,2.52828,0.13437,2002
17,8,star_sign,ema_d0.99,0.01,0.0001,2.52779,0.12388,2002
17,8,star_sign,ema_d0.9999,0.01,0.0001,2.53295,0.15335,2002
17,8,star_sign,mlp_h16,0.001,0.0,2.05916,0.06394,2002
17,8,star_sign,mlp_h32,0.001,0.0,0.39511,1.0,2002
17,8,star_sign,mlp_h64,0.001,0.0,0.00672,1.0,2002
17,8,star_sign,mlp_h128,0.001,0.0,0.00039,1.0,2002
17,8,star_sign,attention,0.0001,1e-05,0.0,1.0,2002
17,8,star_sign,shuffled,0.01,0.0001,2.52209,0.13586,2002
17,12,age_bin,ema_lr1e-3,0.001,0.0001,1.24288,0.32118,2002
17,12,age_bin,ema_lr5e-3,0.005,0.0001,1.2068,0.33916,2002
17,12,age_bin,ema_lr1e-2,0.01,0.0001,1.22849,0.35065,2002
17,12,age_bin,ema_lr5e-2,0.05,0.0001,3.92687,0.31019,2002
17,12,age_bin,ema_lr1e-2_wd1e-3,0.01,0.001,1.29219,0.3007,2002
17,12,age_bin,ema_d0.99,0.01,0.0001,1.26535,0.32168,2002
17,12,age_bin,ema_d0.9999,0.01,0.0001,1.31771,0.31518,2002
17,12,age_bin,mlp_h16,0.001,0.0,1.09238,0.42807,2002
17,12,age_bin,mlp_h32,0.001,0.0,1.08799,0.42607,2002
17,12,age_bin,mlp_h64,0.001,0.0,1.11467,0.42408,2002
17,12,age_bin,mlp_h128,0.001,0.0,1.12699,0.34915,2002
17,12,age_bin,attention,0.0001,1e-05,119.99496,0.23438,2002
17,12,age_bin,shuffled,0.01,0.0001,1.26626,0.36064,2002
17,12,gender,ema_lr1e-3,0.001,0.0001,0.77494,0.52697,2002
17,12,gender,ema_lr5e-3,0.005,0.0001,0.78006,0.497,2002
17,12,gender,ema_lr1e-2,0.01,0.0001,0.91063,0.51798,2002
17,12,gender,ema_lr5e-2,0.05,0.0001,3.08225,0.4965,2002
17,12,gender,ema_lr1e-2_wd1e-3,0.01,0.001,0.92559,0.51149,2002
17,12,gender,ema_d0.99,0.01,0.0001,0.9821,0.48302,2002
17,12,gender,ema_d0.9999,0.01,0.0001,0.92767,0.50749,2002
17,12,gender,mlp_h16,0.001,0.0,0.68854,0.54446,2002
17,12,gender,mlp_h32,0.001,0.0,0.68441,0.57293,2002
17,12,gender,mlp_h64,0.001,0.0,0.69986,0.52547,2002
17,12,gender,mlp_h128,0.001,0.0,0.73623,0.52398,2002
17,12,gender,attention,0.0001,1e-05,0.74136,0.53125,2002
17,12,gender,shuffled,0.01,0.0001,1.01418,0.503,2002
17,12,star_sign,ema_lr1e-3,0.001,0.0001,2.82261,0.06094,2002
17,12,star_sign,ema_lr5e-3,0.005,0.0001,2.62007,0.0964,2002
17,12,star_sign,ema_lr1e-2,0.01,0.0001,2.53471,0.11638,2002
17,12,star_sign,ema_lr5e-2,0.05,0.0001,2.34507,0.16883,2002
17,12,star_sign,ema_lr1e-2_wd1e-3,0.01,0.001,2.53882,0.11289,2002
17,12,star_sign,ema_d0.99,0.01,0.0001,2.48616,0.12188,2002
17,12,star_sign,ema_d0.9999,0.01,0.0001,2.55421,0.12388,2002
17,12,star_sign,mlp_h16,0.001,0.0,0.53103,1.0,2002
17,12,star_sign,mlp_h32,0.001,0.0,0.19617,1.0,2002
17,12,star_sign,mlp_h64,0.001,0.0,0.00997,1.0,2002
17,12,star_sign,mlp_h128,0.001,0.0,0.00101,1.0,2002
17,12,star_sign,attention,0.0001,1e-05,0.0,1.0,2002
17,12,star_sign,shuffled,0.01,0.0001,2.49257,0.14635,2002
17,16,age_bin,ema_lr1e-3,0.001,0.0001,1.20412,0.36613,2002
17,16,age_bin,ema_lr5e-3,0.005,0.0001,1.16091,0.35864,2002
17,16,age_bin,ema_lr1e-2,0.01,0.0001,1.29321,0.3007,2002
17,16,age_bin,ema_lr5e-2,0.05,0.0001,4.11385,0.27872,2002
17,16,age_bin,ema_lr1e-2_wd1e-3,0.01,0.001,1.25888,0.36763,2002
17,16,age_bin,ema_d0.99,0.01,0.0001,1.23061,0.32168,2002
17,16,age_bin,ema_d0.9999,0.01,0.0001,1.2581,0.31419,2002
17,16,age_bin,mlp_h16,0.001,0.0,1.08161,0.42557,2002
17,16,age_bin,mlp_h32,0.001,0.0,1.10441,0.42857,2002
17,16,age_bin,mlp_h64,0.001,0.0,1.12841,0.41209,2002
17,16,age_bin,mlp_h128,0.001,0.0,1.09054,0.39311,2002
17,16,age_bin,attention,0.0001,1e-05,1.17237,0.39062,2002
17,16,age_bin,shuffled,0.01,0.0001,1.23859,0.31868,2002
17,16,gender,ema_lr1e-3,0.001,0.0001,0.7893,0.47752,2002
17,16,gender,ema_lr5e-3,0.005,0.0001,0.80915,0.48452,2002
17,16,gender,ema_lr1e-2,0.01,0.0001,0.91885,0.49151,2002
17,16,gender,ema_lr5e-2,0.05,0.0001,3.00354,0.4965,2002
17,16,gender,ema_lr1e-2_wd1e-3,0.01,0.001,0.97311,0.47752,2002
17,16,gender,ema_d0.99,0.01,0.0001,0.89846,0.47802,2002
17,16,gender,ema_d0.9999,0.01,0.0001,0.9362,0.48302,2002
17,16,gender,mlp_h16,0.001,0.0,0.69755,0.51049,2002
17,16,gender,mlp_h32,0.001,0.0,0.68705,0.53097,2002
17,16,gender,mlp_h64,0.001,0.0,0.68631,0.54595,2002
17,16,gender,mlp_h128,0.001,0.0,0.70847,0.51948,2002
17,16,gender,attention,0.0001,1e-05,55.50811,0.46875,2002
17,16,gender,shuffled,0.01,0.0001,0.88443,0.5,2002
17,16,star_sign,ema_lr1e-3,0.001,0.0001,2.79579,0.07842,2002
17,16,star_sign,ema_lr5e-3,0.005,0.0001,2.60868,0.16384,2002
17,16,star_sign,ema_lr1e-2,0.01,0.0001,2.54977,0.12987,2002
17,16,star_sign,ema_lr5e-2,0.05,0.0001,2.32009,0.17383,2002
17,16,star_sign,ema_lr1e-2_wd1e-3,0.01,0.001,2.46429,0.13736,2002
17,16,star_sign,ema_d0.99,0.01,0.0001,2.50664,0.0969,2002
17,16,star_sign,ema_d0.9999,0.01,0.0001,2.50874,0.11538,2002
17,16,star_sign,mlp_h16,0.001,0.0,0.12447,1.0,2002
17,16,star_sign,mlp_h32,0.001,0.0,0.0484,1.0,2002
17,16,star_sign,mlp_h64,0.001,0.0,0.00331,1.0,2002
17,16,star_sign,mlp_h128,0.001,0.0,0.00047,1.0,2002
17,16,star_sign,attention,0.0001,1e-05,7e-05,1.0,2002
17,16,star_sign,shuffled,0.01,0.0001,2.55291,0.10789,2002
17,20,age_bin,ema_lr1e-3,0.001,0.0001,1.25307,0.34466,2002
17,20,age_bin,ema_lr5e-3,0.005,0.0001,1.22803,0.33467,2002
17,20,age_bin,ema_lr1e-2,0.01,0.0001,1.30016,0.32218,2002
17,20,age_bin,ema_lr5e-2,0.05,0.0001,3.41909,0.27822,2002
17,20,age_bin,ema_lr1e-2_wd1e-3,0.01,0.001,1.30985,0.31518,2002
17,20,age_bin,ema_d0.99,0.01,0.0001,1.2929,0.32218,2002
17,20,age_bin,ema_d0.9999,0.01,0.0001,1.32585,0.31369,2002
17,20,age_bin,mlp_h16,0.001,0.0,1.10042,0.42408,2002
17,20,age_bin,mlp_h32,0.001,0.0,1.08533,0.42657,2002
17,20,age_bin,mlp_h64,0.001,0.0,1.11981,0.42008,2002
17,20,age_bin,mlp_h128,0.001,0.0,1.11374,0.37662,2002
17,20,age_bin,attention,0.0001,1e-05,43.99723,0.40625,2002
17,20,age_bin,shuffled,0.01,0.0001,1.34725,0.35514,2002
17,20,gender,ema_lr1e-3,0.001,0.0001,0.82922,0.4955,2002
17,20,gender,ema_lr5e-3,0.005,0.0001,0.79271,0.5045,2002
17,20,gender,ema_lr1e-2,0.01,0.0001,0.96022,0.497,2002
17,20,gender,ema_lr5e-2,0.05,0.0001,2.91593,0.4965,2002
17,20,gender,ema_lr1e-2_wd1e-3,0.01,0.001,0.97764,0.48801,2002
17,20,gender,ema_d0.99,0.01,0.0001,0.96053,0.52148,2002
17,20,gender,ema_d0.9999,0.01,0.0001,0.89036,0.51149,2002
17,20,gender,mlp_h16,0.001,0.0,0.68843,0.53746,2002
17,20,gender,mlp_h32,0.001,0.0,0.68325,0.55894,2002
17,20,gender,mlp_h64,0.001,0.0,0.67205,0.59041,2002
17,20,gender,mlp_h128,0.001,0.0,0.67485,0.56593,2002
17,20,gender,attention,0.0001,1e-05,59.19192,0.46875,2002
17,20,gender,shuffled,0.01,0.0001,0.93168,0.50499,2002
17,20,star_sign,ema_lr1e-3,0.001,0.0001,2.87635,0.06194,2002
17,20,star_sign,ema_lr5e-3,0.005,0.0001,2.55478,0.12338,2002
17,20,star_sign,ema_lr1e-2,0.01,0.0001,2.61562,0.10739,2002
17,20,star_sign,ema_lr5e-2,0.05,0.0001,2.41087,0.13536,2002
17,20,star_sign,ema_lr1e-2_wd1e-3,0.01,0.001,2.59362,0.12987,2002
17,20,star_sign,ema_d0.99,0.01,0.0001,2.55043,0.13187,2002
17,20,star_sign,ema_d0.9999,0.01,0.0001,2.56928,0.12537,2002
17,20,star_sign,mlp_h16,0.001,0.0,1.09121,0.44755,2002
17,20,star_sign,mlp_h32,0.001,0.0,0.01484,1.0,2002
17,20,star_sign,mlp_h64,0.001,0.0,0.00444,1.0,2002
17,20,star_sign,mlp_h128,0.001,0.0,0.00054,1.0,2002
17,20,star_sign,attention,0.0001,1e-05,0.01228,1.0,2002
17,20,star_sign,shuffled,0.01,0.0001,2.5385,0.15335,2002
17,24,age_bin,ema_lr1e-3,0.001,0.0001,1.38315,0.33666,2002
17,24,age_bin,ema_lr5e-3,0.005,0.0001,1.31177,0.33566,2002
17,24,age_bin,ema_lr1e-2,0.01,0.0001,1.37552,0.31269,2002
17,24,age_bin,ema_lr5e-2,0.05,0.0001,2.11553,0.41109,2002
17,24,age_bin,ema_lr1e-2_wd1e-3,0.01,0.001,1.34691,0.31119,2002
17,24,age_bin,ema_d0.99,0.01,0.0001,1.34414,0.34466,2002
17,24,age_bin,ema_d0.9999,0.01,0.0001,1.36635,0.33217,2002
17,24,age_bin,mlp_h16,0.001,0.0,1.09195,0.41858,2002
17,24,age_bin,mlp_h32,0.001,0.0,1.09961,0.41858,2002
17,24,age_bin,mlp_h64,0.001,0.0,1.08862,0.37962,2002
17,24,age_bin,mlp_h128,0.001,0.0,1.07235,0.41608,2002
17,24,age_bin,attention,0.0001,1e-05,34.98222,0.24219,2002
17,24,age_bin,shuffled,0.01,0.0001,1.312,0.33417,2002
17,24,gender,ema_lr1e-3,0.001,0.0001,0.86399,0.52148,2002
17,24,gender,ema_lr5e-3,0.005,0.0001,0.86934,0.504,2002
17,24,gender,ema_lr1e-2,0.01,0.0001,0.91531,0.53197,2002
17,24,gender,ema_lr5e-2,0.05,0.0001,2.33847,0.50849,2002
17,24,gender,ema_lr1e-2_wd1e-3,0.01,0.001,0.93682,0.4965,2002
17,24,gender,ema_d0.99,0.01,0.0001,0.89196,0.51449,2002
17,24,gender,ema_d0.9999,0.01,0.0001,0.98366,0.48352,2002
17,24,gender,mlp_h16,0.001,0.0,0.66843,0.58142,2002
17,24,gender,mlp_h32,0.001,0.0,0.66915,0.58492,2002
17,24,gender,mlp_h64,0.001,0.0,0.66618,0.58292,2002
17,24,gender,mlp_h128,0.001,0.0,0.67177,0.57642,2002
17,24,gender,attention,0.0001,1e-05,25.69143,0.46875,2002
17,24,gender,shuffled,0.01,0.0001,0.96243,0.48501,2002
17,24,star_sign,ema_lr1e-3,0.001,0.0001,3.01491,0.07842,2002
17,24,star_sign,ema_lr5e-3,0.005,0.0001,2.73104,0.1009,2002
17,24,star_sign,ema_lr1e-2,0.01,0.0001,2.73378,0.10939,2002
17,24,star_sign,ema_lr5e-2,0.05,0.0001,2.36476,0.19031,2002
17,24,star_sign,ema_lr1e-2_wd1e-3,0.01,0.001,2.70222,0.10939,2002
17,24,star_sign,ema_d0.99,0.01,0.0001,2.67859,0.12488,2002
17,24,star_sign,ema_d0.9999,0.01,0.0001,2.72489,0.11039,2002
17,24,star_sign,mlp_h16,0.001,0.0,0.10095,1.0,2002
17,24,star_sign,mlp_h32,0.001,0.0,0.18659,1.0,2002
17,24,star_sign,mlp_h64,0.001,0.0,0.00776,1.0,2002
17,24,star_sign,mlp_h128,0.001,0.0,0.00023,1.0,2002
17,24,star_sign,attention,0.0001,1e-05,0.00143,1.0,2002
17,24,star_sign,shuffled,0.01,0.0001,2.71678,0.11538,2002
17,28,age_bin,ema_lr1e-3,0.001,0.0001,1.63745,0.31668,2002
17,28,age_bin,ema_lr5e-3,0.005,0.0001,1.56023,0.32468,2002
17,28,age_bin,ema_lr1e-2,0.01,0.0001,1.41568,0.34915,2002
17,28,age_bin,ema_lr5e-2,0.05,0.0001,1.30525,0.38511,2002
17,28,age_bin,ema_lr1e-2_wd1e-3,0.01,0.001,1.47132,0.35614,2002
17,28,age_bin,ema_d0.99,0.01,0.0001,1.40958,0.34615,2002
17,28,age_bin,ema_d0.9999,0.01,0.0001,1.51316,0.31718,2002
17,28,age_bin,mlp_h16,0.001,0.0,1.05492,0.42907,2002
17,28,age_bin,mlp_h32,0.001,0.0,1.05922,0.44755,2002
17,28,age_bin,mlp_h64,0.001,0.0,1.06764,0.45754,2002
17,28,age_bin,mlp_h128,0.001,0.0,1.06924,0.45654,2002
17,28,age_bin,attention,0.0001,1e-05,1.72685,0.39062,2002
17,28,age_bin,shuffled,0.01,0.0001,1.46544,0.32917,2002
17,28,gender,ema_lr1e-3,0.001,0.0001,1.07057,0.49251,2002
17,28,gender,ema_lr5e-3,0.005,0.0001,0.89287,0.54645,2002
17,28,gender,ema_lr1e-2,0.01,0.0001,0.92368,0.50999,2002
17,28,gender,ema_lr5e-2,0.05,0.0001,0.8174,0.52947,2002
17,28,gender,ema_lr1e-2_wd1e-3,0.01,0.001,0.9661,0.5045,2002
17,28,gender,ema_d0.99,0.01,0.0001,0.92565,0.51299,2002
17,28,gender,ema_d0.9999,0.01,0.0001,0.91252,0.51548,2002
17,28,gender,mlp_h16,0.001,0.0,0.65994,0.61489,2002
17,28,gender,mlp_h32,0.001,0.0,0.65322,0.6049,2002
17,28,gender,mlp_h64,0.001,0.0,0.66741,0.59391,2002
17,28,gender,mlp_h128,0.001,0.0,0.6719,0.58841,2002
17,28,gender,attention,0.0001,1e-05,1.12117,0.46875,2002
17,28,gender,shuffled,0.01,0.0001,0.94724,0.5025,2002
17,28,star_sign,ema_lr1e-3,0.001,0.0001,3.23306,0.1009,2002
17,28,star_sign,ema_lr5e-3,0.005,0.0001,3.11684,0.1034,2002
17,28,star_sign,ema_lr1e-2,0.01,0.0001,2.99807,0.1024,2002
17,28,star_sign,ema_lr5e-2,0.05,0.0001,2.36608,0.27822,2002
17,28,star_sign,ema_lr1e-2_wd1e-3,0.01,0.001,3.06812,0.09341,2002
17,28,star_sign,ema_d0.99,0.01,0.0001,3.04407,0.08242,2002
17,28,star_sign,ema_d0.9999,0.01,0.0001,2.97093,0.11588,2002
17,28,star_sign,mlp_h16,0.001,0.0,1.30212,0.77872,2002
17,28,star_sign,mlp_h32,0.001,0.0,0.91755,0.99451,2002
17,28,star_sign,mlp_h64,0.001,0.0,0.33806,1.0,2002
17,28,star_sign,mlp_h128,0.001,0.0,0.09031,1.0,2002
17,28,star_sign,attention,0.0001,1e-05,5e-05,1.0,2002
17,28,star_sign,shuffled,0.01,0.0001,3.11822,0.08392,2002
18,0,age_bin,ema_lr1e-3,0.001,0.0001,1.59547,0.33785,1918
18,0,age_bin,ema_lr5e-3,0.005,0.0001,1.47238,0.36392,1918
18,0,age_bin,ema_lr1e-2,0.01,0.0001,1.39971,0.32795,1918
18,0,age_bin,ema_lr5e-2,0.05,0.0001,1.4229,0.34984,1918
18,0,age_bin,ema_lr1e-2_wd1e-3,0.01,0.001,1.3784,0.34567,1918
18,0,age_bin,ema_d0.99,0.01,0.0001,1.41935,0.35036,1918
18,0,age_bin,ema_d0.9999,0.01,0.0001,1.42485,0.34411,1918
18,0,age_bin,mlp_h16,0.001,0.0,0.91299,0.65954,1918
18,0,age_bin,mlp_h32,0.001,0.0,0.94438,0.62513,1918
18,0,age_bin,mlp_h64,0.001,0.0,0.94449,0.61314,1918
18,0,age_bin,mlp_h128,0.001,0.0,0.9693,0.57195,1918
18,0,age_bin,attention,0.0001,1e-05,1.0676,0.59375,1918
18,0,age_bin,shuffled,0.01,0.0001,1.41116,0.36392,1918
18,0,gender,ema_lr1e-3,0.001,0.0001,1.04786,0.51877,1918
18,0,gender,ema_lr5e-3,0.005,0.0001,0.99031,0.49062,1918
18,0,gender,ema_lr1e-2,0.01,0.0001,0.93138,0.5292,1918
18,0,gender,ema_lr5e-2,0.05,0.0001,1.30252,0.50782,1918
18,0,gender,ema_lr1e-2_wd1e-3,0.01,0.001,0.88448,0.5245,1918
18,0,gender,ema_d0.99,0.01,0.0001,0.90143,0.52503,1918
18,0,gender,ema_d0.9999,0.01,0.0001,0.91108,0.48801,1918
18,0,gender,mlp_h16,0.001,0.0,0.70346,0.48332,1918
18,0,gender,mlp_h32,0.001,0.0,0.69695,0.52138,1918
18,0,gender,mlp_h64,0.001,0.0,0.69506,0.53233,1918
18,0,gender,mlp_h128,0.001,0.0,0.70103,0.52398,1918
18,0,gender,attention,0.0001,1e-05,0.69269,0.50781,1918
18,0,gender,shuffled,0.01,0.0001,0.84611,0.5219,1918
18,0,star_sign,ema_lr1e-3,0.001,0.0001,3.21802,0.07977,1918
18,0,star_sign,ema_lr5e-3,0.005,0.0001,3.16116,0.11105,1918
18,0,star_sign,ema_lr1e-2,0.01,0.0001,2.93824,0.09489,1918
18,0,star_sign,ema_lr5e-2,0.05,0.0001,2.18201,0.45047,1918
18,0,star_sign,ema_lr1e-2_wd1e-3,0.01,0.001,2.96019,0.12565,1918
18,0,star_sign,ema_d0.99,0.01,0.0001,2.93319,0.15224,1918
18,0,star_sign,ema_d0.9999,0.01,0.0001,2.94575,0.12044,1918
18,0,star_sign,mlp_h16,0.001,0.0,0.93279,0.94734,1918
18,0,star_sign,mlp_h32,0.001,0.0,0.14919,1.0,1918
18,0,star_sign,mlp_h64,0.001,0.0,0.10142,1.0,1918
18,0,star_sign,mlp_h128,0.001,0.0,0.04964,1.0,1918
18,0,star_sign,attention,0.0001,1e-05,2.36381,0.99219,1918
18,0,star_sign,shuffled,0.01,0.0001,2.91852,0.06778,1918
18,4,age_bin,ema_lr1e-3,0.001,0.0001,1.20732,0.3269,1918
18,4,age_bin,ema_lr5e-3,0.005,0.0001,1.21602,0.33837,1918
18,4,age_bin,ema_lr1e-2,0.01,0.0001,1.1781,0.3634,1918
18,4,age_bin,ema_lr5e-2,0.05,0.0001,2.74478,0.64703,1918
18,4,age_bin,ema_lr1e-2_wd1e-3,0.01,0.001,1.25729,0.32482,1918
18,4,age_bin,ema_d0.99,0.01,0.0001,1.2185,0.35454,1918
18,4,age_bin,ema_d0.9999,0.01,0.0001,1.21641,0.31856,1918
18,4,age_bin,mlp_h16,0.001,0.0,0.95932,0.66736,1918
18,4,age_bin,mlp_h32,0.001,0.0,0.91028,0.66528,1918
18,4,age_bin,mlp_h64,0.001,0.0,0.98742,0.65172,1918
18,4,age_bin,mlp_h128,0.001,0.0,0.94428,0.64494,1918
18,4,age_bin,attention,0.0001,1e-05,0.98773,0.57031,1918
18,4,age_bin,shuffled,0.01,0.0001,1.21704,0.33212,1918
18,4,gender,ema_lr1e-3,0.001,0.0001,0.80165,0.48592,1918
18,4,gender,ema_lr5e-3,0.005,0.0001,0.77152,0.49218,1918
18,4,gender,ema_lr1e-2,0.01,0.0001,0.84329,0.49896,1918
18,4,gender,ema_lr5e-2,0.05,0.0001,2.75437,0.54745,1918
18,4,gender,ema_lr1e-2_wd1e-3,0.01,0.001,0.86136,0.52294,1918
18,4,gender,ema_d0.99,0.01,0.0001,0.97005,0.48123,1918
18,4,gender,ema_d0.9999,0.01,0.0001,0.89778,0.49739,1918
18,4,gender,mlp_h16,0.001,0.0,0.69511,0.52815,1918
18,4,gender,mlp_h32,0.001,0.0,0.70333,0.47914,1918
18,4,gender,mlp_h64,0.001,0.0,0.69068,0.52294,1918
18,4,gender,mlp_h128,0.001,0.0,0.72144,0.48123,1918
18,4,gender,attention,0.0001,1e-05,0.68522,0.57812,1918
18,4,gender,shuffled,0.01,0.0001,0.98716,0.49687,1918
18,4,star_sign,ema_lr1e-3,0.001,0.0001,2.68566,0.05057,1918
18,4,star_sign,ema_lr5e-3,0.005,0.0001,2.56506,0.1194,1918
18,4,star_sign,ema_lr1e-2,0.01,0.0001,2.47868,0.14911,1918
18,4,star_sign,ema_lr5e-2,0.05,0.0001,2.72027,0.93274,1918
18,4,star_sign,ema_lr1e-2_wd1e-3,0.01,0.001,2.48207,0.1684,1918
18,4,star_sign,ema_d0.99,0.01,0.0001,2.46943,0.14494,1918
18,4,star_sign,ema_d0.9999,0.01,0.0001,2.47004,0.16788,1918
18,4,star_sign,mlp_h16,0.001,0.0,0.18525,1.0,1918
18,4,star_sign,mlp_h32,0.001,0.0,0.00772,1.0,1918
18,4,star_sign,mlp_h64,0.001,0.0,0.01192,1.0,1918
18,4,star_sign,mlp_h128,0.001,0.0,0.00036,1.0,1918
18,4,star_sign,attention,0.0001,1e-05,0.23142,1.0,1918
18,4,star_sign,shuffled,0.01,0.0001,2.49891,0.16006,1918
18,8,age_bin,ema_lr1e-3,0.001,0.0001,1.23085,0.33472,1918
18,8,age_bin,ema_lr5e-3,0.005,0.0001,1.24187,0.33837,1918
18,8,age_bin,ema_lr1e-2,0.01,0.0001,1.20763,0.41919,1918
18,8,age_bin,ema_lr5e-2,0.05,0.0001,2.81138,0.64546,1918
18,8,age_bin,ema_lr1e-2_wd1e-3,0.01,0.001,1.22981,0.40459,1918
18,8,age_bin,ema_d0.99,0.01,0.0001,1.24965,0.42284,1918
18,8,age_bin,ema_d0.9999,0.01,0.0001,1.25716,0.30448,1918
18,8,age_bin,mlp_h16,0.001,0.0,0.97562,0.62826,1918
18,8,age_bin,mlp_h32,0.001,0.0,0.94267,0.66528,1918
18,8,age_bin,mlp_h64,0.001,0.0,0.96032,0.59489,1918
18,8,age_bin,mlp_h128,0.001,0.0,0.96937,0.54953,1918
18,8,age_bin,attention,0.0001,1e-05,0.97391,0.52344,1918
18,8,age_bin,shuffled,0.01,0.0001,1.20227,0.33472,1918
18,8,gender,ema_lr1e-3,0.001,0.0001,0.79077,0.48697,1918
18,8,gender,ema_lr5e-3,0.005,0.0001,0.76019,0.51251,1918
18,8,gender,ema_lr1e-2,0.01,0.0001,0.87632,0.49322,1918
18,8,gender,ema_lr5e-2,0.05,0.0001,4.04049,0.45255,1918
18,8,gender,ema_lr1e-2_wd1e-3,0.01,0.001,0.98273,0.48853,1918
18,8,gender,ema_d0.99,0.01,0.0001,0.94181,0.48175,1918
18,8,gender,ema_d0.9999,0.01,0.0001,0.80956,0.54901,1918
18,8,gender,mlp_h16,0.001,0.0,0.69913,0.49844,1918
18,8,gender,mlp_h32,0.001,0.0,0.70619,0.48227,1918
18,8,gender,mlp_h64,0.001,0.0,0.70131,0.49687,1918
18,8,gender,mlp_h128,0.001,0.0,0.69975,0.55579,1918
18,8,gender,attention,0.0001,1e-05,0.68448,0.55469,1918
18,8,gender,shuffled,0.01,0.0001,0.82751,0.48749,1918
18,8,star_sign,ema_lr1e-3,0.001,0.0001,2.7009,0.11105,1918
18,8,star_sign,ema_lr5e-3,0.005,0.0001,2.6011,0.12774,1918
18,8,star_sign,ema_lr1e-2,0.01,0.0001,2.48694,0.16163,1918
18,8,star_sign,ema_lr5e-2,0.05,0.0001,2.51075,0.92857,1918
18,8,star_sign,ema_lr1e-2_wd1e-3,0.01,0.001,2.51742,0.17258,1918
18,8,star_sign,ema_d0.99,0.01,0.0001,2.53813,0.14964,1918
18,8,star_sign,ema_d0.9999,0.01,0.0001,2.52793,0.16319,1918
18,8,star_sign,mlp_h16,0.001,0.0,2.02665,0.06674,1918
18,8,star_sign,mlp_h32,0.001,0.0,0.33619,1.0,1918
18,8,star_sign,mlp_h64,0.001,0.0,0.00501,1.0,1918
18,8,star_sign,mlp_h128,0.001,0.0,0.00029,1.0,1918
18,8,star_sign,attention,0.0001,1e-05,0.0,1.0,1918
18,8,star_sign,shuffled,0.01,0.0001,2.52976,0.13504,1918
18,12,age_bin,ema_lr1e-3,0.001,0.0001,1.25428,0.32013,1918
18,12,age_bin,ema_lr5e-3,0.005,0.0001,1.17187,0.35819,1918
18,12,age_bin,ema_lr1e-2,0.01,0.0001,1.21672,0.4072,1918
18,12,age_bin,ema_lr5e-2,0.05,0.0001,2.98459,0.64651,1918
18,12,age_bin,ema_lr1e-2_wd1e-3,0.01,0.001,1.27849,0.43743,1918
18,12,age_bin,ema_d0.99,0.01,0.0001,1.2618,0.45047,1918
18,12,age_bin,ema_d0.9999,0.01,0.0001,1.29006,0.41867,1918
18,12,age_bin,mlp_h16,0.001,0.0,0.95513,0.66371,1918
18,12,age_bin,mlp_h32,0.001,0.0,0.93569,0.66736,1918
18,12,age_bin,mlp_h64,0.001,0.0,0.93199,0.66684,1918
18,12,age_bin,mlp_h128,0.001,0.0,1.02811,0.34254,1918
18,12,age_bin,attention,0.0001,1e-05,81.42157,0.46094,1918
18,12,age_bin,shuffled,0.01,0.0001,1.21792,0.30657,1918
18,12,gender,ema_lr1e-3,0.001,0.0001,0.78919,0.5073,1918
18,12,gender,ema_lr5e-3,0.005,0.0001,0.79435,0.49009,1918
18,12,gender,ema_lr1e-2,0.01,0.0001,0.94533,0.47602,1918
18,12,gender,ema_lr5e-2,0.05,0.0001,4.00831,0.45255,1918
18,12,gender,ema_lr1e-2_wd1e-3,0.01,0.001,0.84583,0.52294,1918
18,12,gender,ema_d0.99,0.01,0.0001,0.82868,0.52972,1918
18,12,gender,ema_d0.9999,0.01,0.0001,0.94577,0.48592,1918
18,12,gender,mlp_h16,0.001,0.0,0.70858,0.50156,1918
18,12,gender,mlp_h32,0.001,0.0,0.69698,0.50782,1918
18,12,gender,mlp_h64,0.001,0.0,0.746,0.4708,1918
18,12,gender,mlp_h128,0.001,0.0,0.77838,0.46142,1918
18,12,gender,attention,0.0001,1e-05,0.68544,0.5625,1918
18,12,gender,shuffled,0.01,0.0001,0.86417,0.53389,1918
18,12,star_sign,ema_lr1e-3,0.001,0.0001,2.7902,0.06048,1918
18,12,star_sign,ema_lr5e-3,0.005,0.0001,2.64305,0.08811,1918
18,12,star_sign,ema_lr1e-2,0.01,0.0001,2.48578,0.14442,1918
18,12,star_sign,ema_lr5e-2,0.05,0.0001,3.24448,0.93326,1918
18,12,star_sign,ema_lr1e-2_wd1e-3,0.01,0.001,2.52578,0.14494,1918
18,12,star_sign,ema_d0.99,0.01,0.0001,2.49839,0.13139,1918
18,12,star_sign,ema_d0.9999,0.01,0.0001,2.5536,0.15433,1918
18,12,star_sign,mlp_h16,0.001,0.0,0.46952,1.0,1918
18,12,star_sign,mlp_h32,0.001,0.0,0.15071,1.0,1918
18,12,star_sign,mlp_h64,0.001,0.0,0.00685,1.0,1918
18,12,star_sign,mlp_h128,0.001,0.0,0.00068,1.0,1918
18,12,star_sign,attention,0.0001,1e-05,0.0,1.0,1918
18,12,star_sign,shuffled,0.01,0.0001,2.49025,0.16475,1918
18,16,age_bin,ema_lr1e-3,0.001,0.0001,1.24328,0.32117,1918
18,16,age_bin,ema_lr5e-3,0.005,0.0001,1.17663,0.35245,1918
18,16,age_bin,ema_lr1e-2,0.01,0.0001,1.21518,0.4682,1918
18,16,age_bin,ema_lr5e-2,0.05,0.0001,2.73405,0.64651,1918
18,16,age_bin,ema_lr1e-2_wd1e-3,0.01,0.001,1.21387,0.34046,1918
18,16,age_bin,ema_d0.99,0.01,0.0001,1.18542,0.39364,1918
18,16,age_bin,ema_d0.9999,0.01,0.0001,1.25063,0.43587,1918
18,16,age_bin,mlp_h16,0.001,0.0,0.96729,0.64755,1918
18,16,age_bin,mlp_h32,0.001,0.0,0.93629,0.64494,1918
18,16,age_bin,mlp_h64,0.001,0.0,0.95534,0.56309,1918
18,16,age_bin,mlp_h128,0.001,0.0,0.97843,0.53337,1918
18,16,age_bin,attention,0.0001,1e-05,1.04078,0.5,1918
18,16,age_bin,shuffled,0.01,0.0001,1.24791,0.31752,1918
18,16,gender,ema_lr1e-3,0.001,0.0001,0.79782,0.48697,1918
18,16,gender,ema_lr5e-3,0.005,0.0001,0.73707,0.54223,1918
18,16,gender,ema_lr1e-2,0.01,0.0001,0.82809,0.53493,1918
18,16,gender,ema_lr5e-2,0.05,0.0001,4.08653,0.45255,1918
18,16,gender,ema_lr1e-2_wd1e-3,0.01,0.001,0.82648,0.54588,1918
18,16,gender,ema_d0.99,0.01,0.0001,0.96812,0.47393,1918
18,16,gender,ema_d0.9999,0.01,0.0001,0.96506,0.47914,1918
18,16,gender,mlp_h16,0.001,0.0,0.7071,0.4708,1918
18,16,gender,mlp_h32,0.001,0.0,0.71212,0.48071,1918
18,16,gender,mlp_h64,0.001,0.0,0.69167,0.54015,1918
18,16,gender,mlp_h128,0.001,0.0,0.7796,0.45933,1918
18,16,gender,attention,0.0001,1e-05,62.73005,0.50781,1918
18,16,gender,shuffled,0.01,0.0001,0.97029,0.5292,1918
18,16,star_sign,ema_lr1e-3,0.001,0.0001,2.81482,0.08707,1918
18,16,star_sign,ema_lr5e-3,0.005,0.0001,2.59933,0.16736,1918
18,16,star_sign,ema_lr1e-2,0.01,0.0001,2.49097,0.1757,1918
18,16,star_sign,ema_lr5e-2,0.05,0.0001,3.19741,0.93326,1918
18,16,star_sign,ema_lr1e-2_wd1e-3,0.01,0.001,2.49287,0.17049,1918
18,16,star_sign,ema_d0.99,0.01,0.0001,2.49476,0.12304,1918
18,16,star_sign,ema_d0.9999,0.01,0.0001,2.45992,0.16111,1918
18,16,star_sign,mlp_h16,0.001,0.0,0.09896,1.0,1918
18,16,star_sign,mlp_h32,0.001,0.0,0.0355,1.0,1918
18,16,star_sign,mlp_h64,0.001,0.0,0.00236,1.0,1918
18,16,star_sign,mlp_h128,0.001,0.0,0.00032,1.0,1918
18,16,star_sign,attention,0.0001,1e-05,0.0,1.0,1918
18,16,star_sign,shuffled,0.01,0.0001,2.51456,0.13556,1918
18,20,age_bin,ema_lr1e-3,0.001,0.0001,1.26034,0.33525,1918
18,20,age_bin,ema_lr5e-3,0.005,0.0001,1.23704,0.34984,1918
18,20,age_bin,ema_lr1e-2,0.01,0.0001,1.23222,0.34619,1918
18,20,age_bin,ema_lr5e-2,0.05,0.0001,2.31191,0.63452,1918
18,20,age_bin,ema_lr1e-2_wd1e-3,0.01,0.001,1.21212,0.37748,1918
18,20,age_bin,ema_d0.99,0.01,0.0001,1.26309,0.3196,1918
18,20,age_bin,ema_d0.9999,0.01,0.0001,1.22168,0.35871,1918
18,20,age_bin,mlp_h16,0.001,0.0,0.92362,0.64807,1918
18,20,age_bin,mlp_h32,0.001,0.0,0.96274,0.63347,1918
18,20,age_bin,mlp_h64,0.001,0.0,0.90295,0.65328,1918
18,20,age_bin,mlp_h128,0.001,0.0,1.06479,0.3879,1918
18,20,age_bin,attention,0.0001,1e-05,24.76038,0.60156,1918
18,20,age_bin,shuffled,0.01,0.0001,1.20886,0.35141,1918
18,20,gender,ema_lr1e-3,0.001,0.0001,0.84284,0.49531,1918
18,20,gender,ema_lr5e-3,0.005,0.0001,0.8332,0.47706,1918
18,20,gender,ema_lr1e-2,0.01,0.0001,0.86246,0.52398,1918
18,20,gender,ema_lr5e-2,0.05,0.0001,3.5504,0.45255,1918
18,20,gender,ema_lr1e-2_wd1e-3,0.01,0.001,0.96277,0.4708,1918
18,20,gender,ema_d0.99,0.01,0.0001,0.96406,0.48592,1918
18,20,gender,ema_d0.9999,0.01,0.0001,0.82537,0.55005,1918
18,20,gender,mlp_h16,0.001,0.0,0.68689,0.54275,1918
18,20,gender,mlp_h32,0.001,0.0,0.7017,0.52242,1918
18,20,gender,mlp_h64,0.001,0.0,0.70875,0.51616,1918
18,20,gender,mlp_h128,0.001,0.0,0.70116,0.51408,1918
18,20,gender,attention,0.0001,1e-05,65.41135,0.50781,1918
18,20,gender,shuffled,0.01,0.0001,0.90948,0.48227,1918
18,20,star_sign,ema_lr1e-3,0.001,0.0001,2.90711,0.06465,1918
18,20,star_sign,ema_lr5e-3,0.005,0.0001,2.66086,0.10688,1918
18,20,star_sign,ema_lr1e-2,0.01,0.0001,2.58449,0.11627,1918
18,20,star_sign,ema_lr5e-2,0.05,0.0001,3.05376,0.93326,1918
18,20,star_sign,ema_lr1e-2_wd1e-3,0.01,0.001,2.58338,0.14755,1918
18,20,star_sign,ema_d0.99,0.01,0.0001,2.55057,0.14755,1918
18,20,star_sign,ema_d0.9999,0.01,0.0001,2.57037,0.13347,1918
18,20,star_sign,mlp_h16,0.001,0.0,1.04365,0.65433,1918
18,20,star_sign,mlp_h32,0.001,0.0,0.01082,1.0,1918
18,20,star_sign,mlp_h64,0.001,0.0,0.00322,1.0,1918
18,20,star_sign,mlp_h128,0.001,0.0,0.00036,1.0,1918
18,20,star_sign,attention,0.0001,1e-05,0.01002,1.0,1918
18,20,star_sign,shuffled,0.01,0.0001,2.53997,0.15485,1918
18,24,age_bin,ema_lr1e-3,0.001,0.0001,1.34004,0.35506,1918
18,24,age_bin,ema_lr5e-3,0.005,0.0001,1.37177,0.34098,1918
18,24,age_bin,ema_lr1e-2,0.01,0.0001,1.38835,0.31804,1918
18,24,age_bin,ema_lr5e-2,0.05,0.0001,1.78991,0.22002,1918
18,24,age_bin,ema_lr1e-2_wd1e-3,0.01,0.001,1.31609,0.35401,1918
18,24,age_bin,ema_d0.99,0.01,0.0001,1.28353,0.35558,1918
18,24,age_bin,ema_d0.9999,0.01,0.0001,1.30105,0.35819,1918
18,24,age_bin,mlp_h16,0.001,0.0,0.943,0.6001,1918
18,24,age_bin,mlp_h32,0.001,0.0,0.94569,0.63034,1918
18,24,age_bin,mlp_h64,0.001,0.0,0.96848,0.54536,1918
18,24,age_bin,mlp_h128,0.001,0.0,0.98718,0.55892,1918
18,24,age_bin,attention,0.0001,1e-05,21.6392,0.60156,1918
18,24,age_bin,shuffled,0.01,0.0001,1.32047,0.3415,1918
18,24,gender,ema_lr1e-3,0.001,0.0001,0.80738,0.55683,1918
18,24,gender,ema_lr5e-3,0.005,0.0001,0.8887,0.51147,1918
18,24,gender,ema_lr1e-2,0.01,0.0001,0.90033,0.49166,1918
18,24,gender,ema_lr5e-2,0.05,0.0001,1.86378,0.52138,1918
18,24,gender,ema_lr1e-2_wd1e-3,0.01,0.001,0.89342,0.52294,1918
18,24,gender,ema_d0.99,0.01,0.0001,0.8835,0.50469,1918
18,24,gender,ema_d0.9999,0.01,0.0001,0.94084,0.48332,1918
18,24,gender,mlp_h16,0.001,0.0,0.69436,0.54797,1918
18,24,gender,mlp_h32,0.001,0.0,0.68548,0.56726,1918
18,24,gender,mlp_h64,0.001,0.0,0.69405,0.55787,1918
18,24,gender,mlp_h128,0.001,0.0,0.71913,0.53337,1918
18,24,gender,attention,0.0001,1e-05,20.2213,0.50781,1918
18,24,gender,shuffled,0.01,0.0001,0.92946,0.50365,1918
18,24,star_sign,ema_lr1e-3,0.001,0.0001,2.94629,0.1001,1918
18,24,star_sign,ema_lr5e-3,0.005,0.0001,2.77629,0.10271,1918
18,24,star_sign,ema_lr1e-2,0.01,0.0001,2.79097,0.12878,1918
18,24,star_sign,ema_lr5e-2,0.05,0.0001,2.63942,0.84098,1918
18,24,star_sign,ema_lr1e-2_wd1e-3,0.01,0.001,2.69876,0.12304,1918
18,24,star_sign,ema_d0.99,0.01,0.0001,2.76818,0.10219,1918
18,24,star_sign,ema_d0.9999,0.01,0.0001,2.75117,0.1048,1918
18,24,star_sign,mlp_h16,0.001,0.0,0.08403,1.0,1918
18,24,star_sign,mlp_h32,0.001,0.0,0.14808,1.0,1918
18,24,star_sign,mlp_h64,0.001,0.0,0.00601,1.0,1918
18,24,star_sign,mlp_h128,0.001,0.0,0.00019,1.0,1918
18,24,star_sign,attention,0.0001,1e-05,0.00029,1.0,1918
18,24,star_sign,shuffled,0.01,0.0001,2.80384,0.11053,1918
18,28,age_bin,ema_lr1e-3,0.001,0.0001,1.62516,0.32377,1918
18,28,age_bin,ema_lr5e-3,0.005,0.0001,1.46538,0.34463,1918
18,28,age_bin,ema_lr1e-2,0.01,0.0001,1.48836,0.33681,1918
18,28,age_bin,ema_lr5e-2,0.05,0.0001,1.23864,0.39781,1918
18,28,age_bin,ema_lr1e-2_wd1e-3,0.01,0.001,1.46363,0.37331,1918
18,28,age_bin,ema_d0.99,0.01,0.0001,1.47989,0.31178,1918
18,28,age_bin,ema_d0.9999,0.01,0.0001,1.45196,0.34202,1918
18,28,age_bin,mlp_h16,0.001,0.0,0.92758,0.60688,1918
18,28,age_bin,mlp_h32,0.001,0.0,0.9333,0.61418,1918
18,28,age_bin,mlp_h64,0.001,0.0,0.90844,0.62513,1918
18,28,age_bin,mlp_h128,0.001,0.0,0.90374,0.61001,1918
18,28,age_bin,attention,0.0001,1e-05,1.55788,0.44531,1918
18,28,age_bin,shuffled,0.01,0.0001,1.53303,0.32586,1918
18,28,gender,ema_lr1e-3,0.001,0.0001,1.04758,0.53545,1918
18,28,gender,ema_lr5e-3,0.005,0.0001,0.95001,0.51043,1918
18,28,gender,ema_lr1e-2,0.01,0.0001,0.87089,0.52138,1918
18,28,gender,ema_lr5e-2,0.05,0.0001,0.86009,0.54692,1918
18,28,gender,ema_lr1e-2_wd1e-3,0.01,0.001,0.92081,0.52659,1918
18,28,gender,ema_d0.99,0.01,0.0001,0.88311,0.54536,1918
18,28,gender,ema_d0.9999,0.01,0.0001,1.02421,0.49687,1918
18,28,gender,mlp_h16,0.001,0.0,0.70037,0.56309,1918
18,28,gender,mlp_h32,0.001,0.0,0.7123,0.55996,1918
18,28,gender,mlp_h64,0.001,0.0,0.71975,0.55579,1918
18,28,gender,mlp_h128,0.001,0.0,0.72801,0.5464,1918
18,28,gender,attention,0.0001,1e-05,1.01491,0.53906,1918
18,28,gender,shuffled,0.01,0.0001,0.95173,0.50365,1918
18,28,star_sign,ema_lr1e-3,0.001,0.0001,3.23869,0.10428,1918
18,28,star_sign,ema_lr5e-3,0.005,0.0001,3.1513,0.10949,1918
18,28,star_sign,ema_lr1e-2,0.01,0.0001,3.01878,0.09698,1918
18,28,star_sign,ema_lr5e-2,0.05,0.0001,2.33966,0.28571,1918
18,28,star_sign,ema_lr1e-2_wd1e-3,0.01,0.001,3.08362,0.08133,1918
18,28,star_sign,ema_d0.99,0.01,0.0001,3.01023,0.09176,1918
18,28,star_sign,ema_d0.9999,0.01,0.0001,3.04183,0.11262,1918
18,28,star_sign,mlp_h16,0.001,0.0,1.25374,0.7951,1918
18,28,star_sign,mlp_h32,0.001,0.0,0.84914,0.99635,1918
18,28,star_sign,mlp_h64,0.001,0.0,0.29496,1.0,1918
18,28,star_sign,mlp_h128,0.001,0.0,0.07512,1.0,1918
18,28,star_sign,attention,0.0001,1e-05,0.02821,0.98438,1918
18,28,star_sign,shuffled,0.01,0.0001,2.99706,0.09333,1918
19,0,age_bin,ema_lr1e-3,0.001,0.0001,1.55951,0.34854,1710
19,0,age_bin,ema_lr5e-3,0.005,0.0001,1.46745,0.35731,1710
19,0,age_bin,ema_lr1e-2,0.01,0.0001,1.4357,0.33801,1710
19,0,age_bin,ema_lr5e-2,0.05,0.0001,1.42441,0.36667,1710
19,0,age_bin,ema_lr1e-2_wd1e-3,0.01,0.001,1.41174,0.31228,1710
19,0,age_bin,ema_d0.99,0.01,0.0001,1.38609,0.33977,1710
19,0,age_bin,ema_d0.9999,0.01,0.0001,1.4,0.34094,1710
19,0,age_bin,mlp_h16,0.001,0.0,1.04483,0.49591,1710
19,0,age_bin,mlp_h32,0.001,0.0,1.05424,0.47719,1710
19,0,age_bin,mlp_h64,0.001,0.0,1.05692,0.4883,1710
19,0,age_bin,mlp_h128,0.001,0.0,1.05836,0.47661,1710
19,0,age_bin,attention,0.0001,1e-05,1.07029,0.5625,1710
19,0,age_bin,shuffled,0.01,0.0001,1.41581,0.34094,1710
19,0,gender,ema_lr1e-3,0.001,0.0001,1.08245,0.50819,1710
19,0,gender,ema_lr5e-3,0.005,0.0001,0.95257,0.48421,1710
19,0,gender,ema_lr1e-2,0.01,0.0001,0.93191,0.48187,1710
19,0,gender,ema_lr5e-2,0.05,0.0001,1.36216,0.49942,1710
19,0,gender,ema_lr1e-2_wd1e-3,0.01,0.001,0.88092,0.50234,1710
19,0,gender,ema_d0.99,0.01,0.0001,0.89916,0.49123,1710
19,0,gender,ema_d0.9999,0.01,0.0001,0.92114,0.48596,1710
19,0,gender,mlp_h16,0.001,0.0,0.70519,0.48889,1710
19,0,gender,mlp_h32,0.001,0.0,0.70219,0.50526,1710
19,0,gender,mlp_h64,0.001,0.0,0.70488,0.50877,1710
19,0,gender,mlp_h128,0.001,0.0,0.70472,0.50526,1710
19,0,gender,attention,0.0001,1e-05,0.69344,0.46094,1710
19,0,gender,shuffled,0.01,0.0001,0.84034,0.53626,1710
19,0,star_sign,ema_lr1e-3,0.001,0.0001,3.2204,0.09474,1710
19,0,star_sign,ema_lr5e-3,0.005,0.0001,3.09653,0.10585,1710
19,0,star_sign,ema_lr1e-2,0.01,0.0001,2.9103,0.09474,1710
19,0,star_sign,ema_lr5e-2,0.05,0.0001,2.09562,0.49766,1710
19,0,star_sign,ema_lr1e-2_wd1e-3,0.01,0.001,2.94277,0.14152,1710
19,0,star_sign,ema_d0.99,0.01,0.0001,2.88442,0.15263,1710
19,0,star_sign,ema_d0.9999,0.01,0.0001,2.92882,0.09766,1710
19,0,star_sign,mlp_h16,0.001,0.0,0.89055,0.95088,1710
19,0,star_sign,mlp_h32,0.001,0.0,0.12423,1.0,1710
19,0,star_sign,mlp_h64,0.001,0.0,0.07904,1.0,1710
19,0,star_sign,mlp_h128,0.001,0.0,0.0361,1.0,1710
19,0,star_sign,attention,0.0001,1e-05,2.35367,1.0,1710
19,0,star_sign,shuffled,0.01,0.0001,2.9189,0.07778,1710
19,4,age_bin,ema_lr1e-3,0.001,0.0001,1.22613,0.32281,1710
19,4,age_bin,ema_lr5e-3,0.005,0.0001,1.21291,0.33275,1710
19,4,age_bin,ema_lr1e-2,0.01,0.0001,1.21155,0.32632,1710
19,4,age_bin,ema_lr5e-2,0.05,0.0001,3.23641,0.28187,1710
19,4,age_bin,ema_lr1e-2_wd1e-3,0.01,0.001,1.27881,0.37193,1710
19,4,age_bin,ema_d0.99,0.01,0.0001,1.30378,0.39181,1710
19,4,age_bin,ema_d0.9999,0.01,0.0001,1.32604,0.35497,1710
19,4,age_bin,mlp_h16,0.001,0.0,1.04623,0.49649,1710
19,4,age_bin,mlp_h32,0.001,0.0,1.0505,0.5,1710
19,4,age_bin,mlp_h64,0.001,0.0,1.04848,0.47485,1710
19,4,age_bin,mlp_h128,0.001,0.0,1.04106,0.49883,1710
19,4,age_bin,attention,0.0001,1e-05,1.05599,0.50781,1710
19,4,age_bin,shuffled,0.01,0.0001,1.26366,0.35322,1710
19,4,gender,ema_lr1e-3,0.001,0.0001,0.76978,0.5193,1710
19,4,gender,ema_lr5e-3,0.005,0.0001,0.78781,0.50175,1710
19,4,gender,ema_lr1e-2,0.01,0.0001,0.90499,0.48947,1710
19,4,gender,ema_lr5e-2,0.05,0.0001,3.58466,0.48129,1710
19,4,gender,ema_lr1e-2_wd1e-3,0.01,0.001,0.89203,0.49942,1710
19,4,gender,ema_d0.99,0.01,0.0001,1.03124,0.49649,1710
19,4,gender,ema_d0.9999,0.01,0.0001,0.85932,0.49357,1710
19,4,gender,mlp_h16,0.001,0.0,0.6917,0.51228,1710
19,4,gender,mlp_h32,0.001,0.0,0.70061,0.51404,1710
19,4,gender,mlp_h64,0.001,0.0,0.69603,0.51345,1710
19,4,gender,mlp_h128,0.001,0.0,0.69772,0.52749,1710
19,4,gender,attention,0.0001,1e-05,0.71227,0.48438,1710
19,4,gender,shuffled,0.01,0.0001,0.98822,0.47836,1710
19,4,star_sign,ema_lr1e-3,0.001,0.0001,2.7008,0.05848,1710
19,4,star_sign,ema_lr5e-3,0.005,0.0001,2.58132,0.1,1710
19,4,star_sign,ema_lr1e-2,0.01,0.0001,2.492,0.16608,1710
19,4,star_sign,ema_lr5e-2,0.05,0.0001,2.03941,0.34737,1710
19,4,star_sign,ema_lr1e-2_wd1e-3,0.01,0.001,2.48542,0.17193,1710
19,4,star_sign,ema_d0.99,0.01,0.0001,2.46229,0.13918,1710
19,4,star_sign,ema_d0.9999,0.01,0.0001,2.47384,0.14795,1710
19,4,star_sign,mlp_h16,0.001,0.0,0.14974,1.0,1710
19,4,star_sign,mlp_h32,0.001,0.0,0.00574,1.0,1710
19,4,star_sign,mlp_h64,0.001,0.0,0.00822,1.0,1710
19,4,star_sign,mlp_h128,0.001,0.0,0.00023,1.0,1710
19,4,star_sign,attention,0.0001,1e-05,0.16083,1.0,1710
19,4,star_sign,shuffled,0.01,0.0001,2.48051,0.17251,1710
19,8,age_bin,ema_lr1e-3,0.001,0.0001,1.26554,0.29006,1710
19,8,age_bin,ema_lr5e-3,0.005,0.0001,1.23705,0.32222,1710
19,8,age_bin,ema_lr1e-2,0.01,0.0001,1.26239,0.3345,1710
19,8,age_bin,ema_lr5e-2,0.05,0.0001,3.07116,0.27485,1710
19,8,age_bin,ema_lr1e-2_wd1e-3,0.01,0.001,1.21137,0.32982,1710
19,8,age_bin,ema_d0.99,0.01,0.0001,1.19354,0.35556,1710
19,8,age_bin,ema_d0.9999,0.01,0.0001,1.25466,0.39708,1710
19,8,age_bin,mlp_h16,0.001,0.0,1.04908,0.48363,1710
19,8,age_bin,mlp_h32,0.001,0.0,1.04841,0.49474,1710
19,8,age_bin,mlp_h64,0.001,0.0,1.05392,0.49181,1710
19,8,age_bin,mlp_h128,0.001,0.0,1.07716,0.47836,1710
19,8,age_bin,attention,0.0001,1e-05,1.03679,0.53125,1710
19,8,age_bin,shuffled,0.01,0.0001,1.20467,0.33041,1710
19,8,gender,ema_lr1e-3,0.001,0.0001,0.8011,0.48889,1710
19,8,gender,ema_lr5e-3,0.005,0.0001,0.79179,0.4883,1710
19,8,gender,ema_lr1e-2,0.01,0.0001,0.88572,0.48772,1710
19,8,gender,ema_lr5e-2,0.05,0.0001,3.72062,0.51871,1710
19,8,gender,ema_lr1e-2_wd1e-3,0.01,0.001,1.00877,0.48596,1710
19,8,gender,ema_d0.99,0.01,0.0001,0.99461,0.5152,1710
19,8,gender,ema_d0.9999,0.01,0.0001,0.8968,0.47719,1710
19,8,gender,mlp_h16,0.001,0.0,0.7098,0.47251,1710
19,8,gender,mlp_h32,0.001,0.0,0.69955,0.49357,1710
19,8,gender,mlp_h64,0.001,0.0,0.72518,0.47251,1710
19,8,gender,mlp_h128,0.001,0.0,0.71401,0.51988,1710
19,8,gender,attention,0.0001,1e-05,0.70709,0.5625,1710
19,8,gender,shuffled,0.01,0.0001,0.90894,0.49766,1710
19,8,star_sign,ema_lr1e-3,0.001,0.0001,2.74592,0.10234,1710
19,8,star_sign,ema_lr5e-3,0.005,0.0001,2.66865,0.10702,1710
19,8,star_sign,ema_lr1e-2,0.01,0.0001,2.52812,0.15439,1710
19,8,star_sign,ema_lr5e-2,0.05,0.0001,2.05477,0.32807,1710
19,8,star_sign,ema_lr1e-2_wd1e-3,0.01,0.001,2.54131,0.14444,1710
19,8,star_sign,ema_d0.99,0.01,0.0001,2.48613,0.16842,1710
19,8,star_sign,ema_d0.9999,0.01,0.0001,2.55722,0.14211,1710
19,8,star_sign,mlp_h16,0.001,0.0,1.98395,0.07485,1710
19,8,star_sign,mlp_h32,0.001,0.0,0.27789,1.0,1710
19,8,star_sign,mlp_h64,0.001,0.0,0.00369,1.0,1710
19,8,star_sign,mlp_h128,0.001,0.0,0.0002,1.0,1710
19,8,star_sign,attention,0.0001,1e-05,0.0,1.0,1710
19,8,star_sign,shuffled,0.01,0.0001,2.54066,0.13743,1710
19,12,age_bin,ema_lr1e-3,0.001,0.0001,1.23485,0.33626,1710
19,12,age_bin,ema_lr5e-3,0.005,0.0001,1.25676,0.30819,1710
19,12,age_bin,ema_lr1e-2,0.01,0.0001,1.20883,0.3386,1710
19,12,age_bin,ema_lr5e-2,0.05,0.0001,2.97432,0.27485,1710
19,12,age_bin,ema_lr1e-2_wd1e-3,0.01,0.001,1.25039,0.33392,1710
19,12,age_bin,ema_d0.99,0.01,0.0001,1.2209,0.34327,1710
19,12,age_bin,ema_d0.9999,0.01,0.0001,1.26505,0.34386,1710
19,12,age_bin,mlp_h16,0.001,0.0,1.03751,0.49825,1710
19,12,age_bin,mlp_h32,0.001,0.0,1.04293,0.5,1710
19,12,age_bin,mlp_h64,0.001,0.0,1.06275,0.47778,1710
19,12,age_bin,mlp_h128,0.001,0.0,1.07199,0.44035,1710
19,12,age_bin,attention,0.0001,1e-05,64.09148,0.5625,1710
19,12,age_bin,shuffled,0.01,0.0001,1.25522,0.3538,1710
19,12,gender,ema_lr1e-3,0.001,0.0001,0.83627,0.46491,1710
19,12,gender,ema_lr5e-3,0.005,0.0001,0.80742,0.47485,1710
19,12,gender,ema_lr1e-2,0.01,0.0001,1.02153,0.49942,1710
19,12,gender,ema_lr5e-2,0.05,0.0001,3.79411,0.51871,1710
19,12,gender,ema_lr1e-2_wd1e-3,0.01,0.001,0.85798,0.49591,1710
19,12,gender,ema_d0.99,0.01,0.0001,0.88772,0.50526,1710
19,12,gender,ema_d0.9999,0.01,0.0001,0.99951,0.51111,1710
19,12,gender,mlp_h16,0.001,0.0,0.7083,0.50585,1710
19,12,gender,mlp_h32,0.001,0.0,0.70526,0.51813,1710
19,12,gender,mlp_h64,0.001,0.0,0.73974,0.47778,1710
19,12,gender,mlp_h128,0.001,0.0,0.74555,0.47251,1710
19,12,gender,attention,0.0001,1e-05,0.72429,0.5,1710
19,12,gender,shuffled,0.01,0.0001,0.89758,0.49708,1710
19,12,star_sign,ema_lr1e-3,0.001,0.0001,2.81334,0.0614,1710
19,12,star_sign,ema_lr5e-3,0.005,0.0001,2.59627,0.12982,1710
19,12,star_sign,ema_lr1e-2,0.01,0.0001,2.49135,0.14327,1710
19,12,star_sign,ema_lr5e-2,0.05,0.0001,2.09292,0.36901,1710
19,12,star_sign,ema_lr1e-2_wd1e-3,0.01,0.001,2.53317,0.16257,1710
19,12,star_sign,ema_d0.99,0.01,0.0001,2.50519,0.10994,1710
19,12,star_sign,ema_d0.9999,0.01,0.0001,2.53302,0.14854,1710
19,12,star_sign,mlp_h16,0.001,0.0,0.41272,1.0,1710
19,12,star_sign,mlp_h32,0.001,0.0,0.11412,1.0,1710
19,12,star_sign,mlp_h64,0.001,0.0,0.00479,1.0,1710
19,12,star_sign,mlp_h128,0.001,0.0,0.00047,1.0,1710
19,12,star_sign,attention,0.0001,1e-05,0.0,1.0,1710
19,12,star_sign,shuffled,0.01,0.0001,2.47935,0.15614,1710
19,16,age_bin,ema_lr1e-3,0.001,0.0001,1.24315,0.31404,1710
19,16,age_bin,ema_lr5e-3,0.005,0.0001,1.18035,0.35322,1710
19,16,age_bin,ema_lr1e-2,0.01,0.0001,1.2352,0.33626,1710
19,16,age_bin,ema_lr5e-2,0.05,0.0001,3.04941,0.28129,1710
19,16,age_bin,ema_lr1e-2_wd1e-3,0.01,0.001,1.25914,0.37368,1710
19,16,age_bin,ema_d0.99,0.01,0.0001,1.21657,0.32749,1710
19,16,age_bin,ema_d0.9999,0.01,0.0001,1.18254,0.35205,1710
19,16,age_bin,mlp_h16,0.001,0.0,1.04165,0.49298,1710
19,16,age_bin,mlp_h32,0.001,0.0,1.05561,0.4883,1710
19,16,age_bin,mlp_h64,0.001,0.0,1.05114,0.4883,1710
19,16,age_bin,mlp_h128,0.001,0.0,1.05331,0.47953,1710
19,16,age_bin,attention,0.0001,1e-05,1.0845,0.49219,1710
19,16,age_bin,shuffled,0.01,0.0001,1.21367,0.34971,1710
19,16,gender,ema_lr1e-3,0.001,0.0001,0.79771,0.51988,1710
19,16,gender,ema_lr5e-3,0.005,0.0001,0.7968,0.49123,1710
19,16,gender,ema_lr1e-2,0.01,0.0001,0.86241,0.49883,1710
19,16,gender,ema_lr5e-2,0.05,0.0001,3.80757,0.51871,1710
19,16,gender,ema_lr1e-2_wd1e-3,0.01,0.001,0.93788,0.46491,1710
19,16,gender,ema_d0.99,0.01,0.0001,0.95801,0.50526,1710
19,16,gender,ema_d0.9999,0.01,0.0001,0.973,0.51345,1710
19,16,gender,mlp_h16,0.001,0.0,0.69965,0.4848,1710
19,16,gender,mlp_h32,0.001,0.0,0.70949,0.49181,1710
19,16,gender,mlp_h64,0.001,0.0,0.69666,0.51053,1710
19,16,gender,mlp_h128,0.001,0.0,0.75444,0.49064,1710
19,16,gender,attention,0.0001,1e-05,78.92065,0.4375,1710
19,16,gender,shuffled,0.01,0.0001,0.93068,0.4731,1710
19,16,star_sign,ema_lr1e-3,0.001,0.0001,2.79932,0.07778,1710
19,16,star_sign,ema_lr5e-3,0.005,0.0001,2.66094,0.13743,1710
19,16,star_sign,ema_lr1e-2,0.01,0.0001,2.53051,0.16725,1710
19,16,star_sign,ema_lr5e-2,0.05,0.0001,2.09423,0.33158,1710
19,16,star_sign,ema_lr1e-2_wd1e-3,0.01,0.001,2.49442,0.1538,1710
19,16,star_sign,ema_d0.99,0.01,0.0001,2.48042,0.13977,1710
19,16,star_sign,ema_d0.9999,0.01,0.0001,2.48287,0.16199,1710
19,16,star_sign,mlp_h16,0.001,0.0,0.07811,1.0,1710
19,16,star_sign,mlp_h32,0.001,0.0,0.02628,1.0,1710
19,16,star_sign,mlp_h64,0.001,0.0,0.00172,1.0,1710
19,16,star_sign,mlp_h128,0.001,0.0,0.00022,1.0,1710
19,16,star_sign,attention,0.0001,1e-05,0.0,1.0,1710
19,16,star_sign,shuffled,0.01,0.0001,2.46888,0.16667,1710
19,20,age_bin,ema_lr1e-3,0.001,0.0001,1.3223,0.30994,1710
19,20,age_bin,ema_lr5e-3,0.005,0.0001,1.27305,0.34386,1710
19,20,age_bin,ema_lr1e-2,0.01,0.0001,1.30405,0.32456,1710
19,20,age_bin,ema_lr5e-2,0.05,0.0001,2.95538,0.27661,1710
19,20,age_bin,ema_lr1e-2_wd1e-3,0.01,0.001,1.21037,0.39357,1710
19,20,age_bin,ema_d0.99,0.01,0.0001,1.23183,0.35848,1710
19,20,age_bin,ema_d0.9999,0.01,0.0001,1.23348,0.32924,1710
19,20,age_bin,mlp_h16,0.001,0.0,1.03736,0.49415,1710
19,20,age_bin,mlp_h32,0.001,0.0,1.03686,0.50468,1710
19,20,age_bin,mlp_h64,0.001,0.0,1.05796,0.50058,1710
19,20,age_bin,mlp_h128,0.001,0.0,1.0723,0.42281,1710
19,20,age_bin,attention,0.0001,1e-05,33.53442,0.5625,1710
19,20,age_bin,shuffled,0.01,0.0001,1.24933,0.34211,1710
19,20,gender,ema_lr1e-3,0.001,0.0001,0.85447,0.48713,1710
19,20,gender,ema_lr5e-3,0.005,0.0001,0.77792,0.51228,1710
19,20,gender,ema_lr1e-2,0.01,0.0001,0.88495,0.48538,1710
19,20,gender,ema_lr5e-2,0.05,0.0001,3.60821,0.51871,1710
19,20,gender,ema_lr1e-2_wd1e-3,0.01,0.001,0.98507,0.51053,1710
19,20,gender,ema_d0.99,0.01,0.0001,0.98806,0.51637,1710
19,20,gender,ema_d0.9999,0.01,0.0001,0.83756,0.49942,1710
19,20,gender,mlp_h16,0.001,0.0,0.69232,0.52924,1710
19,20,gender,mlp_h32,0.001,0.0,0.71724,0.48363,1710
19,20,gender,mlp_h64,0.001,0.0,0.71506,0.5,1710
19,20,gender,mlp_h128,0.001,0.0,0.71404,0.49708,1710
19,20,gender,attention,0.0001,1e-05,82.35229,0.4375,1710
19,20,gender,shuffled,0.01,0.0001,0.95903,0.52339,1710
19,20,star_sign,ema_lr1e-3,0.001,0.0001,2.90877,0.05614,1710
19,20,star_sign,ema_lr5e-3,0.005,0.0001,2.68413,0.08772,1710
19,20,star_sign,ema_lr1e-2,0.01,0.0001,2.57959,0.11988,1710
19,20,star_sign,ema_lr5e-2,0.05,0.0001,2.08252,0.46667,1710
19,20,star_sign,ema_lr1e-2_wd1e-3,0.01,0.001,2.59554,0.15614,1710
19,20,star_sign,ema_d0.99,0.01,0.0001,2.58179,0.14795,1710
19,20,star_sign,ema_d0.9999,0.01,0.0001,2.59663,0.12456,1710
19,20,star_sign,mlp_h16,0.001,0.0,0.98857,0.87544,1710
19,20,star_sign,mlp_h32,0.001,0.0,0.00817,1.0,1710
19,20,star_sign,mlp_h64,0.001,0.0,0.00238,1.0,1710
19,20,star_sign,mlp_h128,0.001,0.0,0.00025,1.0,1710
19,20,star_sign,attention,0.0001,1e-05,0.00393,1.0,1710
19,20,star_sign,shuffled,0.01,0.0001,2.63936,0.10877,1710
19,24,age_bin,ema_lr1e-3,0.001,0.0001,1.41091,0.30175,1710
19,24,age_bin,ema_lr5e-3,0.005,0.0001,1.3359,0.34211,1710
19,24,age_bin,ema_lr1e-2,0.01,0.0001,1.3281,0.31228,1710
19,24,age_bin,ema_lr5e-2,0.05,0.0001,2.57965,0.47953,1710
19,24,age_bin,ema_lr1e-2_wd1e-3,0.01,0.001,1.30232,0.34211,1710
19,24,age_bin,ema_d0.99,0.01,0.0001,1.33251,0.31228,1710
19,24,age_bin,ema_d0.9999,0.01,0.0001,1.29471,0.34561,1710
19,24,age_bin,mlp_h16,0.001,0.0,1.04671,0.47427,1710
19,24,age_bin,mlp_h32,0.001,0.0,1.03659,0.48363,1710
19,24,age_bin,mlp_h64,0.001,0.0,1.03993,0.46725,1710
19,24,age_bin,mlp_h128,0.001,0.0,1.04246,0.46959,1710
19,24,age_bin,attention,0.0001,1e-05,22.89697,0.5625,1710
19,24,age_bin,shuffled,0.01,0.0001,1.34664,0.3269,1710
19,24,gender,ema_lr1e-3,0.001,0.0001,0.89613,0.48772,1710
19,24,gender,ema_lr5e-3,0.005,0.0001,0.86048,0.49415,1710
19,24,gender,ema_lr1e-2,0.01,0.0001,0.86615,0.51696,1710
19,24,gender,ema_lr5e-2,0.05,0.0001,2.09076,0.49532,1710
19,24,gender,ema_lr1e-2_wd1e-3,0.01,0.001,0.97429,0.49123,1710
19,24,gender,ema_d0.99,0.01,0.0001,0.84574,0.5117,1710
19,24,gender,ema_d0.9999,0.01,0.0001,0.91799,0.47836,1710
19,24,gender,mlp_h16,0.001,0.0,0.69474,0.52807,1710
19,24,gender,mlp_h32,0.001,0.0,0.6878,0.54269,1710
19,24,gender,mlp_h64,0.001,0.0,0.70125,0.5117,1710
19,24,gender,mlp_h128,0.001,0.0,0.71773,0.51871,1710
19,24,gender,attention,0.0001,1e-05,17.41415,0.4375,1710
19,24,gender,shuffled,0.01,0.0001,0.94432,0.48012,1710
19,24,star_sign,ema_lr1e-3,0.001,0.0001,2.93386,0.08304,1710
19,24,star_sign,ema_lr5e-3,0.005,0.0001,2.77684,0.10585,1710
19,24,star_sign,ema_lr1e-2,0.01,0.0001,2.69857,0.1152,1710
19,24,star_sign,ema_lr5e-2,0.05,0.0001,2.19896,0.53801,1710
19,24,star_sign,ema_lr1e-2_wd1e-3,0.01,0.001,2.66518,0.12749,1710
19,24,star_sign,ema_d0.99,0.01,0.0001,2.6432,0.13392,1710
19,24,star_sign,ema_d0.9999,0.01,0.0001,2.6876,0.11462,1710
19,24,star_sign,mlp_h16,0.001,0.0,0.06426,1.0,1710
19,24,star_sign,mlp_h32,0.001,0.0,0.11237,1.0,1710
19,24,star_sign,mlp_h64,0.001,0.0,0.00411,1.0,1710
19,24,star_sign,mlp_h128,0.001,0.0,0.00012,1.0,1710
19,24,star_sign,attention,0.0001,1e-05,0.00394,1.0,1710
19,24,star_sign,shuffled,0.01,0.0001,2.72377,0.09474,1710
19,28,age_bin,ema_lr1e-3,0.001,0.0001,1.57337,0.33743,1710
19,28,age_bin,ema_lr5e-3,0.005,0.0001,1.42252,0.35673,1710
19,28,age_bin,ema_lr1e-2,0.01,0.0001,1.36399,0.37251,1710
19,28,age_bin,ema_lr5e-2,0.05,0.0001,1.23909,0.38596,1710
19,28,age_bin,ema_lr1e-2_wd1e-3,0.01,0.001,1.49147,0.3462,1710
19,28,age_bin,ema_d0.99,0.01,0.0001,1.4521,0.32339,1710
19,28,age_bin,ema_d0.9999,0.01,0.0001,1.38206,0.36199,1710
19,28,age_bin,mlp_h16,0.001,0.0,1.01979,0.53041,1710
19,28,age_bin,mlp_h32,0.001,0.0,1.02479,0.52632,1710
19,28,age_bin,mlp_h64,0.001,0.0,1.02411,0.52398,1710
19,28,age_bin,mlp_h128,0.001,0.0,1.01731,0.52281,1710
19,28,age_bin,attention,0.0001,1e-05,1.51375,0.40625,1710
19,28,age_bin,shuffled,0.01,0.0001,1.47982,0.33392,1710
19,28,gender,ema_lr1e-3,0.001,0.0001,1.01422,0.51404,1710
19,28,gender,ema_lr5e-3,0.005,0.0001,1.00439,0.47485,1710
19,28,gender,ema_lr1e-2,0.01,0.0001,1.00811,0.45614,1710
19,28,gender,ema_lr5e-2,0.05,0.0001,0.86857,0.49064,1710
19,28,gender,ema_lr1e-2_wd1e-3,0.01,0.001,0.914,0.51462,1710
19,28,gender,ema_d0.99,0.01,0.0001,0.85321,0.53918,1710
19,28,gender,ema_d0.9999,0.01,0.0001,0.89378,0.51988,1710
19,28,gender,mlp_h16,0.001,0.0,0.71922,0.49883,1710
19,28,gender,mlp_h32,0.001,0.0,0.7335,0.49064,1710
19,28,gender,mlp_h64,0.001,0.0,0.74417,0.48538,1710
19,28,gender,mlp_h128,0.001,0.0,0.75239,0.47953,1710
19,28,gender,attention,0.0001,1e-05,1.17439,0.46875,1710
19,28,gender,shuffled,0.01,0.0001,0.94915,0.49649,1710
19,28,star_sign,ema_lr1e-3,0.001,0.0001,3.24725,0.10643,1710
19,28,star_sign,ema_lr5e-3,0.005,0.0001,3.07372,0.13743,1710
19,28,star_sign,ema_lr1e-2,0.01,0.0001,2.99627,0.09474,1710
19,28,star_sign,ema_lr5e-2,0.05,0.0001,2.15341,0.30175,1710
19,28,star_sign,ema_lr1e-2_wd1e-3,0.01,0.001,2.95509,0.09415,1710
19,28,star_sign,ema_d0.99,0.01,0.0001,2.96923,0.09591,1710
19,28,star_sign,ema_d0.9999,0.01,0.0001,2.93184,0.13041,1710
19,28,star_sign,mlp_h16,0.001,0.0,1.17741,0.83216,1710
19,28,star_sign,mlp_h32,0.001,0.0,0.77451,0.99708,1710
19,28,star_sign,mlp_h64,0.001,0.0,0.24625,1.0,1710
19,28,star_sign,mlp_h128,0.001,0.0,0.05521,1.0,1710
19,28,star_sign,attention,0.0001,1e-05,8e-05,1.0,1710
19,28,star_sign,shuffled,0.01,0.0001,3.05194,0.0924,1710
20,0,age_bin,ema_lr1e-3,0.001,0.0001,1.58317,0.34227,2089
20,0,age_bin,ema_lr5e-3,0.005,0.0001,1.46127,0.34275,2089
20,0,age_bin,ema_lr1e-2,0.01,0.0001,1.39193,0.36525,2089
20,0,age_bin,ema_lr5e-2,0.05,0.0001,1.45633,0.38104,2089
20,0,age_bin,ema_lr1e-2_wd1e-3,0.01,0.001,1.43039,0.35184,2089
20,0,age_bin,ema_d0.99,0.01,0.0001,1.4224,0.32504,2089
20,0,age_bin,ema_d0.9999,0.01,0.0001,1.43002,0.34514,2089
20,0,age_bin,mlp_h16,0.001,0.0,1.09074,0.44902,2089
20,0,age_bin,mlp_h32,0.001,0.0,1.0899,0.44663,2089
20,0,age_bin,mlp_h64,0.001,0.0,1.10017,0.44902,2089
20,0,age_bin,mlp_h128,0.001,0.0,1.10541,0.45093,2089
20,0,age_bin,attention,0.0001,1e-05,1.08254,0.46875,2089
20,0,age_bin,shuffled,0.01,0.0001,1.4391,0.34275,2089
20,0,gender,ema_lr1e-3,0.001,0.0001,1.09094,0.49737,2089
20,0,gender,ema_lr5e-3,0.005,0.0001,0.96822,0.49545,2089
20,0,gender,ema_lr1e-2,0.01,0.0001,0.91926,0.48971,2089
20,0,gender,ema_lr5e-2,0.05,0.0001,1.35482,0.50838,2089
20,0,gender,ema_lr1e-2_wd1e-3,0.01,0.001,0.87359,0.50933,2089
20,0,gender,ema_d0.99,0.01,0.0001,0.88713,0.4988,2089
20,0,gender,ema_d0.9999,0.01,0.0001,0.92703,0.49067,2089
20,0,gender,mlp_h16,0.001,0.0,0.7009,0.49641,2089
20,0,gender,mlp_h32,0.001,0.0,0.7041,0.50503,2089
20,0,gender,mlp_h64,0.001,0.0,0.70206,0.52082,2089
20,0,gender,mlp_h128,0.001,0.0,0.70519,0.51604,2089
20,0,gender,attention,0.0001,1e-05,0.69298,0.5,2089
20,0,gender,shuffled,0.01,0.0001,0.88596,0.5079,2089
20,0,star_sign,ema_lr1e-3,0.001,0.0001,3.20491,0.08377,2089
20,0,star_sign,ema_lr5e-3,0.005,0.0001,3.12399,0.12063,2089
20,0,star_sign,ema_lr1e-2,0.01,0.0001,2.9278,0.09861,2089
20,0,star_sign,ema_lr5e-2,0.05,0.0001,2.04056,0.53518,2089
20,0,star_sign,ema_lr1e-2_wd1e-3,0.01,0.001,2.9488,0.13547,2089
20,0,star_sign,ema_d0.99,0.01,0.0001,2.86716,0.15175,2089
20,0,star_sign,ema_d0.9999,0.01,0.0001,2.91866,0.09095,2089
20,0,star_sign,mlp_h16,0.001,0.0,0.8136,0.95357,2089
20,0,star_sign,mlp_h32,0.001,0.0,0.1127,1.0,2089
20,0,star_sign,mlp_h64,0.001,0.0,0.07003,1.0,2089
20,0,star_sign,mlp_h128,0.001,0.0,0.03419,1.0,2089
20,0,star_sign,attention,0.0001,1e-05,2.35245,1.0,2089
20,0,star_sign,shuffled,0.01,0.0001,2.92408,0.07946,2089
20,4,age_bin,ema_lr1e-3,0.001,0.0001,1.22354,0.3078,2089
20,4,age_bin,ema_lr5e-3,0.005,0.0001,1.21197,0.32121,2089
20,4,age_bin,ema_lr1e-2,0.01,0.0001,1.20153,0.3461,2089
20,4,age_bin,ema_lr5e-2,0.05,0.0001,3.60914,0.43705,2089
20,4,age_bin,ema_lr1e-2_wd1e-3,0.01,0.001,1.33874,0.28339,2089
20,4,age_bin,ema_d0.99,0.01,0.0001,1.33697,0.29536,2089
20,4,age_bin,ema_d0.9999,0.01,0.0001,1.29209,0.32312,2089
20,4,age_bin,mlp_h16,0.001,0.0,1.06942,0.44902,2089
20,4,age_bin,mlp_h32,0.001,0.0,1.09255,0.45189,2089
20,4,age_bin,mlp_h64,0.001,0.0,1.07601,0.44184,2089
20,4,age_bin,mlp_h128,0.001,0.0,1.07201,0.45189,2089
20,4,age_bin,attention,0.0001,1e-05,1.08362,0.49219,2089
20,4,age_bin,shuffled,0.01,0.0001,1.30453,0.30685,2089
20,4,gender,ema_lr1e-3,0.001,0.0001,0.78656,0.49162,2089
20,4,gender,ema_lr5e-3,0.005,0.0001,0.80384,0.47008,2089
20,4,gender,ema_lr1e-2,0.01,0.0001,0.88919,0.50646,2089
20,4,gender,ema_lr5e-2,0.05,0.0001,3.3824,0.52561,2089
20,4,gender,ema_lr1e-2_wd1e-3,0.01,0.001,0.89489,0.51412,2089
20,4,gender,ema_d0.99,0.01,0.0001,0.99877,0.50359,2089
20,4,gender,ema_d0.9999,0.01,0.0001,0.90902,0.52705,2089
20,4,gender,mlp_h16,0.001,0.0,0.69589,0.50646,2089
20,4,gender,mlp_h32,0.001,0.0,0.694,0.51843,2089
20,4,gender,mlp_h64,0.001,0.0,0.7044,0.48636,2089
20,4,gender,mlp_h128,0.001,0.0,0.7301,0.52417,2089
20,4,gender,attention,0.0001,1e-05,0.71059,0.51562,2089
20,4,gender,shuffled,0.01,0.0001,0.97107,0.51077,2089
20,4,star_sign,ema_lr1e-3,0.001,0.0001,2.704,0.06032,2089
20,4,star_sign,ema_lr5e-3,0.005,0.0001,2.57988,0.09909,2089
20,4,star_sign,ema_lr1e-2,0.01,0.0001,2.46239,0.14026,2089
20,4,star_sign,ema_lr5e-2,0.05,0.0001,2.29329,0.9349,2089
20,4,star_sign,ema_lr1e-2_wd1e-3,0.01,0.001,2.47121,0.14744,2089
20,4,star_sign,ema_d0.99,0.01,0.0001,2.50073,0.12111,2089
20,4,star_sign,ema_d0.9999,0.01,0.0001,2.49738,0.12733,2089
20,4,star_sign,mlp_h16,0.001,0.0,0.1289,1.0,2089
20,4,star_sign,mlp_h32,0.001,0.0,0.00478,1.0,2089
20,4,star_sign,mlp_h64,0.001,0.0,0.00638,1.0,2089
20,4,star_sign,mlp_h128,0.001,0.0,0.00019,1.0,2089
20,4,star_sign,attention,0.0001,1e-05,0.15239,1.0,2089
20,4,star_sign,shuffled,0.01,0.0001,2.483,0.14026,2089
20,8,age_bin,ema_lr1e-3,0.001,0.0001,1.25007,0.31929,2089
20,8,age_bin,ema_lr5e-3,0.005,0.0001,1.2083,0.36142,2089
20,8,age_bin,ema_lr1e-2,0.01,0.0001,1.28799,0.34801,2089
20,8,age_bin,ema_lr5e-2,0.05,0.0001,2.66959,0.42939,2089
20,8,age_bin,ema_lr1e-2_wd1e-3,0.01,0.001,1.22591,0.337,2089
20,8,age_bin,ema_d0.99,0.01,0.0001,1.24937,0.33461,2089
20,8,age_bin,ema_d0.9999,0.01,0.0001,1.30414,0.30541,2089
20,8,age_bin,mlp_h16,0.001,0.0,1.06613,0.45285,2089
20,8,age_bin,mlp_h32,0.001,0.0,1.09266,0.45189,2089
20,8,age_bin,mlp_h64,0.001,0.0,1.06728,0.45285,2089
20,8,age_bin,mlp_h128,0.001,0.0,1.11747,0.44758,2089
20,8,age_bin,attention,0.0001,1e-05,1.1318,0.47656,2089
20,8,age_bin,shuffled,0.01,0.0001,1.24477,0.35759,2089
20,8,gender,ema_lr1e-3,0.001,0.0001,0.78229,0.49545,2089
20,8,gender,ema_lr5e-3,0.005,0.0001,0.7749,0.5146,2089
20,8,gender,ema_lr1e-2,0.01,0.0001,0.93318,0.4921,2089
20,8,gender,ema_lr5e-2,0.05,0.0001,4.11916,0.47439,2089
20,8,gender,ema_lr1e-2_wd1e-3,0.01,0.001,0.99676,0.48301,2089
20,8,gender,ema_d0.99,0.01,0.0001,0.97715,0.49832,2089
20,8,gender,ema_d0.9999,0.01,0.0001,0.93104,0.48827,2089
20,8,gender,mlp_h16,0.001,0.0,0.70519,0.50455,2089
20,8,gender,mlp_h32,0.001,0.0,0.69395,0.51747,2089
20,8,gender,mlp_h64,0.001,0.0,0.72358,0.49976,2089
20,8,gender,mlp_h128,0.001,0.0,0.72687,0.52417,2089
20,8,gender,attention,0.0001,1e-05,0.72401,0.50781,2089
20,8,gender,shuffled,0.01,0.0001,0.9,0.50981,2089
20,8,star_sign,ema_lr1e-3,0.001,0.0001,2.67728,0.10962,2089
20,8,star_sign,ema_lr5e-3,0.005,0.0001,2.57351,0.12446,2089
20,8,star_sign,ema_lr1e-2,0.01,0.0001,2.50337,0.13308,2089
20,8,star_sign,ema_lr5e-2,0.05,0.0001,1.95557,0.68837,2089
20,8,star_sign,ema_lr1e-2_wd1e-3,0.01,0.001,2.48421,0.14074,2089
20,8,star_sign,ema_d0.99,0.01,0.0001,2.5318,0.12781,2089
20,8,star_sign,ema_d0.9999,0.01,0.0001,2.51229,0.13691,2089
20,8,star_sign,mlp_h16,0.001,0.0,1.9867,0.06127,2089
20,8,star_sign,mlp_h32,0.001,0.0,0.23717,1.0,2089
20,8,star_sign,mlp_h64,0.001,0.0,0.003,1.0,2089
20,8,star_sign,mlp_h128,0.001,0.0,0.00016,1.0,2089
20,8,star_sign,attention,0.0001,1e-05,0.0,1.0,2089
20,8,star_sign,shuffled,0.01,0.0001,2.51189,0.12015,2089
20,12,age_bin,ema_lr1e-3,0.001,0.0001,1.23308,0.33078,2089
20,12,age_bin,ema_lr5e-3,0.005,0.0001,1.21071,0.35807,2089
20,12,age_bin,ema_lr1e-2,0.01,0.0001,1.1876,0.32312,2089
20,12,age_bin,ema_lr5e-2,0.05,0.0001,2.80459,0.43992,2089
20,12,age_bin,ema_lr1e-2_wd1e-3,0.01,0.001,1.28982,0.3595,2089
20,12,age_bin,ema_d0.99,0.01,0.0001,1.21946,0.35089,2089
20,12,age_bin,ema_d0.9999,0.01,0.0001,1.26934,0.36716,2089
20,12,age_bin,mlp_h16,0.001,0.0,1.06396,0.45428,2089
20,12,age_bin,mlp_h32,0.001,0.0,1.09072,0.45189,2089
20,12,age_bin,mlp_h64,0.001,0.0,1.09342,0.4495,2089
20,12,age_bin,mlp_h128,0.001,0.0,1.09728,0.44998,2089
20,12,age_bin,attention,0.0001,1e-05,55.1,0.46875,2089
20,12,age_bin,shuffled,0.01,0.0001,1.23376,0.3236,2089
20,12,gender,ema_lr1e-3,0.001,0.0001,0.76778,0.52226,2089
20,12,gender,ema_lr5e-3,0.005,0.0001,0.83021,0.4495,2089
20,12,gender,ema_lr1e-2,0.01,0.0001,1.00199,0.47583,2089
20,12,gender,ema_lr5e-2,0.05,0.0001,4.07687,0.47439,2089
20,12,gender,ema_lr1e-2_wd1e-3,0.01,0.001,0.8834,0.53901,2089
20,12,gender,ema_d0.99,0.01,0.0001,0.89477,0.5146,2089
20,12,gender,ema_d0.9999,0.01,0.0001,0.982,0.49737,2089
20,12,gender,mlp_h16,0.001,0.0,0.69702,0.52082,2089
20,12,gender,mlp_h32,0.001,0.0,0.69456,0.52561,2089
20,12,gender,mlp_h64,0.001,0.0,0.70331,0.51652,2089
20,12,gender,mlp_h128,0.001,0.0,0.70482,0.51221,2089
20,12,gender,attention,0.0001,1e-05,0.71522,0.50781,2089
20,12,gender,shuffled,0.01,0.0001,0.91195,0.50168,2089
20,12,star_sign,ema_lr1e-3,0.001,0.0001,2.75189,0.06702,2089
20,12,star_sign,ema_lr5e-3,0.005,0.0001,2.5956,0.09047,2089
20,12,star_sign,ema_lr1e-2,0.01,0.0001,2.50624,0.10483,2089
20,12,star_sign,ema_lr5e-2,0.05,0.0001,2.35713,0.15797,2089
20,12,star_sign,ema_lr1e-2_wd1e-3,0.01,0.001,2.50642,0.1034,2089
20,12,star_sign,ema_d0.99,0.01,0.0001,2.48301,0.11202,2089
20,12,star_sign,ema_d0.9999,0.01,0.0001,2.49605,0.16371,2089
20,12,star_sign,mlp_h16,0.001,0.0,0.38018,1.0,2089
20,12,star_sign,mlp_h32,0.001,0.0,0.09092,1.0,2089
20,12,star_sign,mlp_h64,0.001,0.0,0.0038,1.0,2089
20,12,star_sign,mlp_h128,0.001,0.0,0.00038,1.0,2089
20,12,star_sign,attention,0.0001,1e-05,0.0,1.0,2089
20,12,star_sign,shuffled,0.01,0.0001,2.50124,0.15175,2089
20,16,age_bin,ema_lr1e-3,0.001,0.0001,1.21366,0.35424,2089
20,16,age_bin,ema_lr5e-3,0.005,0.0001,1.17551,0.35089,2089
20,16,age_bin,ema_lr1e-2,0.01,0.0001,1.28584,0.35041,2089
20,16,age_bin,ema_lr5e-2,0.05,0.0001,3.38297,0.43705,2089
20,16,age_bin,ema_lr1e-2_wd1e-3,0.01,0.001,1.33057,0.29153,2089
20,16,age_bin,ema_d0.99,0.01,0.0001,1.24751,0.31067,2089
20,16,age_bin,ema_d0.9999,0.01,0.0001,1.21661,0.36477,2089
20,16,age_bin,mlp_h16,0.001,0.0,1.06825,0.45333,2089
20,16,age_bin,mlp_h32,0.001,0.0,1.09721,0.44471,2089
20,16,age_bin,mlp_h64,0.001,0.0,1.07803,0.45285,2089
20,16,age_bin,mlp_h128,0.001,0.0,1.08187,0.45237,2089
20,16,age_bin,attention,0.0001,1e-05,1.12242,0.42188,2089
20,16,age_bin,shuffled,0.01,0.0001,1.20677,0.32504,2089
20,16,gender,ema_lr1e-3,0.001,0.0001,0.77295,0.50503,2089
20,16,gender,ema_lr5e-3,0.005,0.0001,0.77663,0.52322,2089
20,16,gender,ema_lr1e-2,0.01,0.0001,0.89654,0.52944,2089
20,16,gender,ema_lr5e-2,0.05,0.0001,4.07182,0.47439,2089
20,16,gender,ema_lr1e-2_wd1e-3,0.01,0.001,0.87491,0.53183,2089
20,16,gender,ema_d0.99,0.01,0.0001,0.99803,0.48396,2089
20,16,gender,ema_d0.9999,0.01,0.0001,0.97699,0.48971,2089
20,16,gender,mlp_h16,0.001,0.0,0.69795,0.5012,2089
20,16,gender,mlp_h32,0.001,0.0,0.70268,0.51364,2089
20,16,gender,mlp_h64,0.001,0.0,0.7034,0.52034,2089
20,16,gender,mlp_h128,0.001,0.0,0.72066,0.51364,2089
20,16,gender,attention,0.0001,1e-05,72.67007,0.50781,2089
20,16,gender,shuffled,0.01,0.0001,0.98662,0.52082,2089
20,16,star_sign,ema_lr1e-3,0.001,0.0001,2.74909,0.07851,2089
20,16,star_sign,ema_lr5e-3,0.005,0.0001,2.58225,0.15366,2089
20,16,star_sign,ema_lr1e-2,0.01,0.0001,2.53135,0.12303,2089
20,16,star_sign,ema_lr5e-2,0.05,0.0001,2.36647,0.15701,2089
20,16,star_sign,ema_lr1e-2_wd1e-3,0.01,0.001,2.49049,0.14217,2089
20,16,star_sign,ema_d0.99,0.01,0.0001,2.46793,0.12398,2089
20,16,star_sign,ema_d0.9999,0.01,0.0001,2.53121,0.10053,2089
20,16,star_sign,mlp_h16,0.001,0.0,0.0665,1.0,2089
20,16,star_sign,mlp_h32,0.001,0.0,0.02141,1.0,2089
20,16,star_sign,mlp_h64,0.001,0.0,0.00142,1.0,2089
20,16,star_sign,mlp_h128,0.001,0.0,0.00019,1.0,2089
20,16,star_sign,attention,0.0001,1e-05,0.0,1.0,2089
20,16,star_sign,shuffled,0.01,0.0001,2.46494,0.13068,2089
20,20,age_bin,ema_lr1e-3,0.001,0.0001,1.26113,0.35519,2089
20,20,age_bin,ema_lr5e-3,0.005,0.0001,1.25763,0.3461,2089
20,20,age_bin,ema_lr1e-2,0.01,0.0001,1.32029,0.32312,2089
20,20,age_bin,ema_lr5e-2,0.05,0.0001,2.69705,0.44327,2089
20,20,age_bin,ema_lr1e-2_wd1e-3,0.01,0.001,1.25127,0.33509,2089
20,20,age_bin,ema_d0.99,0.01,0.0001,1.29935,0.29631,2089
20,20,age_bin,ema_d0.9999,0.01,0.0001,1.21787,0.35328,2089
20,20,age_bin,mlp_h16,0.001,0.0,1.07276,0.45285,2089
20,20,age_bin,mlp_h32,0.001,0.0,1.05148,0.46673,2089
20,20,age_bin,mlp_h64,0.001,0.0,1.0868,0.45141,2089
20,20,age_bin,mlp_h128,0.001,0.0,1.0307,0.48779,2089
20,20,age_bin,attention,0.0001,1e-05,44.85814,0.46875,2089
20,20,age_bin,shuffled,0.01,0.0001,1.33553,0.37195,2089
20,20,gender,ema_lr1e-3,0.001,0.0001,0.82838,0.51699,2089
20,20,gender,ema_lr5e-3,0.005,0.0001,0.81178,0.48779,2089
20,20,gender,ema_lr1e-2,0.01,0.0001,0.89855,0.51412,2089
20,20,gender,ema_lr5e-2,0.05,0.0001,3.57723,0.47439,2089
20,20,gender,ema_lr1e-2_wd1e-3,0.01,0.001,1.03021,0.4629,2089
20,20,gender,ema_d0.99,0.01,0.0001,0.96714,0.48157,2089
20,20,gender,ema_d0.9999,0.01,0.0001,0.90227,0.49354,2089
20,20,gender,mlp_h16,0.001,0.0,0.69303,0.52848,2089
20,20,gender,mlp_h32,0.001,0.0,0.7029,0.51556,2089
20,20,gender,mlp_h64,0.001,0.0,0.70627,0.51316,2089
20,20,gender,mlp_h128,0.001,0.0,0.69969,0.53614,2089
20,20,gender,attention,0.0001,1e-05,74.17141,0.50781,2089
20,20,gender,shuffled,0.01,0.0001,1.01629,0.48013,2089
20,20,star_sign,ema_lr1e-3,0.001,0.0001,2.79493,0.06798,2089
20,20,star_sign,ema_lr5e-3,0.005,0.0001,2.59999,0.10723,2089
20,20,star_sign,ema_lr1e-2,0.01,0.0001,2.57556,0.10292,2089
20,20,star_sign,ema_lr5e-2,0.05,0.0001,2.55932,0.10866,2089
20,20,star_sign,ema_lr1e-2_wd1e-3,0.01,0.001,2.51577,0.14648,2089
20,20,star_sign,ema_d0.99,0.01,0.0001,2.5406,0.15606,2089
20,20,star_sign,ema_d0.9999,0.01,0.0001,2.56611,0.12398,2089
20,20,star_sign,mlp_h16,0.001,0.0,0.96324,0.97463,2089
20,20,star_sign,mlp_h32,0.001,0.0,0.00659,1.0,2089
20,20,star_sign,mlp_h64,0.001,0.0,0.00195,1.0,2089
20,20,star_sign,mlp_h128,0.001,0.0,0.0002,1.0,2089
20,20,star_sign,attention,0.0001,1e-05,0.00662,1.0,2089
20,20,star_sign,shuffled,0.01,0.0001,2.5573,0.1259,2089
20,24,age_bin,ema_lr1e-3,0.001,0.0001,1.34493,0.34801,2089
20,24,age_bin,ema_lr5e-3,0.005,0.0001,1.36005,0.34562,2089
20,24,age_bin,ema_lr1e-2,0.01,0.0001,1.35943,0.3461,2089
20,24,age_bin,ema_lr5e-2,0.05,0.0001,2.36409,0.25515,2089
20,24,age_bin,ema_lr1e-2_wd1e-3,0.01,0.001,1.39738,0.29201,2089
20,24,age_bin,ema_d0.99,0.01,0.0001,1.31109,0.34658,2089
20,24,age_bin,ema_d0.9999,0.01,0.0001,1.29289,0.36573,2089
20,24,age_bin,mlp_h16,0.001,0.0,1.05435,0.47487,2089
20,24,age_bin,mlp_h32,0.001,0.0,1.05554,0.47966,2089
20,24,age_bin,mlp_h64,0.001,0.0,1.04978,0.48205,2089
20,24,age_bin,mlp_h128,0.001,0.0,1.05689,0.48396,2089
20,24,age_bin,attention,0.0001,1e-05,26.16763,0.46875,2089
20,24,age_bin,shuffled,0.01,0.0001,1.3961,0.3145,2089
20,24,gender,ema_lr1e-3,0.001,0.0001,0.87701,0.50933,2089
20,24,gender,ema_lr5e-3,0.005,0.0001,0.89779,0.51173,2089
20,24,gender,ema_lr1e-2,0.01,0.0001,0.90418,0.51699,2089
20,24,gender,ema_lr5e-2,0.05,0.0001,2.25482,0.52322,2089
20,24,gender,ema_lr1e-2_wd1e-3,0.01,0.001,0.94953,0.50407,2089
20,24,gender,ema_d0.99,0.01,0.0001,0.86021,0.50694,2089
20,24,gender,ema_d0.9999,0.01,0.0001,0.95038,0.48971,2089
20,24,gender,mlp_h16,0.001,0.0,0.69295,0.5371,2089
20,24,gender,mlp_h32,0.001,0.0,0.69045,0.52944,2089
20,24,gender,mlp_h64,0.001,0.0,0.69363,0.53471,2089
20,24,gender,mlp_h128,0.001,0.0,0.70564,0.52082,2089
20,24,gender,attention,0.0001,1e-05,6.96922,0.50781,2089
20,24,gender,shuffled,0.01,0.0001,0.96205,0.51747,2089
20,24,star_sign,ema_lr1e-3,0.001,0.0001,2.9263,0.07707,2089
20,24,star_sign,ema_lr5e-3,0.005,0.0001,2.83567,0.08521,2089
20,24,star_sign,ema_lr1e-2,0.01,0.0001,2.66284,0.13547,2089
20,24,star_sign,ema_lr5e-2,0.05,0.0001,2.23481,0.23456,2089
20,24,star_sign,ema_lr1e-2_wd1e-3,0.01,0.001,2.74543,0.12111,2089
20,24,star_sign,ema_d0.99,0.01,0.0001,2.71265,0.12494,2089
20,24,star_sign,ema_d0.9999,0.01,0.0001,2.60818,0.12159,2089
20,24,star_sign,mlp_h16,0.001,0.0,0.05592,1.0,2089
20,24,star_sign,mlp_h32,0.001,0.0,0.09326,1.0,2089
20,24,star_sign,mlp_h64,0.001,0.0,0.0036,1.0,2089
20,24,star_sign,mlp_h128,0.001,0.0,0.00012,1.0,2089
20,24,star_sign,attention,0.0001,1e-05,0.08167,0.99219,2089
20,24,star_sign,shuffled,0.01,0.0001,2.6473,0.14696,2089
20,28,age_bin,ema_lr1e-3,0.001,0.0001,1.59628,0.33892,2089
20,28,age_bin,ema_lr5e-3,0.005,0.0001,1.42499,0.38248,2089
20,28,age_bin,ema_lr1e-2,0.01,0.0001,1.4213,0.39205,2089
20,28,age_bin,ema_lr5e-2,0.05,0.0001,1.25188,0.40977,2089
20,28,age_bin,ema_lr1e-2_wd1e-3,0.01,0.001,1.45774,0.36285,2089
20,28,age_bin,ema_d0.99,0.01,0.0001,1.42005,0.33844,2089
20,28,age_bin,ema_d0.9999,0.01,0.0001,1.39259,0.34945,2089
20,28,age_bin,mlp_h16,0.001,0.0,1.03598,0.4921,2089
20,28,age_bin,mlp_h32,0.001,0.0,1.02747,0.50215,2089
20,28,age_bin,mlp_h64,0.001,0.0,1.03512,0.49737,2089
20,28,age_bin,mlp_h128,0.001,0.0,1.05088,0.50694,2089
20,28,age_bin,attention,0.0001,1e-05,1.64501,0.36719,2089
20,28,age_bin,shuffled,0.01,0.0001,1.46842,0.33222,2089
20,28,gender,ema_lr1e-3,0.001,0.0001,1.12272,0.48492,2089
20,28,gender,ema_lr5e-3,0.005,0.0001,0.93206,0.51891,2089
20,28,gender,ema_lr1e-2,0.01,0.0001,0.89232,0.53471,2089
20,28,gender,ema_lr5e-2,0.05,0.0001,0.79669,0.5438,2089
20,28,gender,ema_lr1e-2_wd1e-3,0.01,0.001,0.97615,0.49306,2089
20,28,gender,ema_d0.99,0.01,0.0001,0.90545,0.50646,2089
20,28,gender,ema_d0.9999,0.01,0.0001,0.95518,0.50981,2089
20,28,gender,mlp_h16,0.001,0.0,0.69863,0.53375,2089
20,28,gender,mlp_h32,0.001,0.0,0.70186,0.52944,2089
20,28,gender,mlp_h64,0.001,0.0,0.68727,0.54045,2089
20,28,gender,mlp_h128,0.001,0.0,0.68515,0.55098,2089
20,28,gender,attention,0.0001,1e-05,1.04206,0.4375,2089
20,28,gender,shuffled,0.01,0.0001,0.96549,0.47726,2089
20,28,star_sign,ema_lr1e-3,0.001,0.0001,3.34949,0.09813,2089
20,28,star_sign,ema_lr5e-3,0.005,0.0001,3.10217,0.10723,2089
20,28,star_sign,ema_lr1e-2,0.01,0.0001,2.94168,0.10819,2089
20,28,star_sign,ema_lr5e-2,0.05,0.0001,2.2083,0.3236,2089
20,28,star_sign,ema_lr1e-2_wd1e-3,0.01,0.001,3.01783,0.10962,2089
20,28,star_sign,ema_d0.99,0.01,0.0001,2.97424,0.10483,2089
20,28,star_sign,ema_d0.9999,0.01,0.0001,2.95258,0.13451,2089
20,28,star_sign,mlp_h16,0.001,0.0,1.13236,0.83676,2089
20,28,star_sign,mlp_h32,0.001,0.0,0.72759,0.99713,2089
20,28,star_sign,mlp_h64,0.001,0.0,0.20456,1.0,2089
20,28,star_sign,mlp_h128,0.001,0.0,0.0443,1.0,2089
20,28,star_sign,attention,0.0001,1e-05,0.0154,0.99219,2089
20,28,star_sign,shuffled,0.01,0.0001,2.97892,0.09813,2089
21,0,age_bin,ema_lr1e-3,0.001,0.0001,1.555,0.34694,1911
21,0,age_bin,ema_lr5e-3,0.005,0.0001,1.47542,0.36525,1911
21,0,age_bin,ema_lr1e-2,0.01,0.0001,1.36264,0.36211,1911
21,0,age_bin,ema_lr5e-2,0.05,0.0001,1.37584,0.40921,1911
21,0,age_bin,ema_lr1e-2_wd1e-3,0.01,0.001,1.36136,0.34851,1911
21,0,age_bin,ema_d0.99,0.01,0.0001,1.35725,0.36996,1911
21,0,age_bin,ema_d0.9999,0.01,0.0001,1.4101,0.33176,1911
21,0,age_bin,mlp_h16,0.001,0.0,0.96268,0.58608,1911
21,0,age_bin,mlp_h32,0.001,0.0,0.96566,0.56934,1911
21,0,age_bin,mlp_h64,0.001,0.0,0.96858,0.56881,1911
21,0,age_bin,mlp_h128,0.001,0.0,0.96585,0.57509,1911
21,0,age_bin,attention,0.0001,1e-05,1.06888,0.53125,1911
21,0,age_bin,shuffled,0.01,0.0001,1.38188,0.36002,1911
21,0,gender,ema_lr1e-3,0.001,0.0001,1.10667,0.47043,1911
21,0,gender,ema_lr5e-3,0.005,0.0001,0.95839,0.4877,1911
21,0,gender,ema_lr1e-2,0.01,0.0001,0.93526,0.5034,1911
21,0,gender,ema_lr5e-2,0.05,0.0001,1.41635,0.49137,1911
21,0,gender,ema_lr1e-2_wd1e-3,0.01,0.001,0.91465,0.48247,1911
21,0,gender,ema_d0.99,0.01,0.0001,0.87709,0.50968,1911
21,0,gender,ema_d0.9999,0.01,0.0001,0.86637,0.52224,1911
21,0,gender,mlp_h16,0.001,0.0,0.69809,0.50392,1911
21,0,gender,mlp_h32,0.001,0.0,0.7081,0.47985,1911
21,0,gender,mlp_h64,0.001,0.0,0.70815,0.48666,1911
21,0,gender,mlp_h128,0.001,0.0,0.71158,0.52486,1911
21,0,gender,attention,0.0001,1e-05,0.6926,0.50781,1911
21,0,gender,shuffled,0.01,0.0001,0.86356,0.4966,1911
21,0,star_sign,ema_lr1e-3,0.001,0.0001,3.1922,0.09158,1911
21,0,star_sign,ema_lr5e-3,0.005,0.0001,3.03896,0.12925,1911
21,0,star_sign,ema_lr1e-2,0.01,0.0001,2.90848,0.09628,1911
21,0,star_sign,ema_lr5e-2,0.05,0.0001,2.0564,0.5191,1911
21,0,star_sign,ema_lr1e-2_wd1e-3,0.01,0.001,2.93364,0.11198,1911
21,0,star_sign,ema_d0.99,0.01,0.0001,2.88822,0.16222,1911
21,0,star_sign,ema_d0.9999,0.01,0.0001,2.89813,0.10047,1911
21,0,star_sign,mlp_h16,0.001,0.0,0.76933,0.95604,1911
21,0,star_sign,mlp_h32,0.001,0.0,0.09976,0.99948,1911
21,0,star_sign,mlp_h64,0.001,0.0,0.05801,1.0,1911
21,0,star_sign,mlp_h128,0.001,0.0,0.02766,1.0,1911
21,0,star_sign,attention,0.0001,1e-05,2.34075,0.99219,1911
21,0,star_sign,shuffled,0.01,0.0001,2.94041,0.0764,1911
21,4,age_bin,ema_lr1e-3,0.001,0.0001,1.21096,0.32391,1911
21,4,age_bin,ema_lr5e-3,0.005,0.0001,1.19192,0.34694,1911
21,4,age_bin,ema_lr1e-2,0.01,0.0001,1.22607,0.38985,1911
21,4,age_bin,ema_lr5e-2,0.05,0.0001,3.15386,0.33281,1911
21,4,age_bin,ema_lr1e-2_wd1e-3,0.01,0.001,1.24389,0.38932,1911
21,4,age_bin,ema_d0.99,0.01,0.0001,1.20928,0.38148,1911
21,4,age_bin,ema_d0.9999,0.01,0.0001,1.25887,0.37886,1911
21,4,age_bin,mlp_h16,0.001,0.0,1.00018,0.5866,1911
21,4,age_bin,mlp_h32,0.001,0.0,0.97434,0.59079,1911
21,4,age_bin,mlp_h64,0.001,0.0,0.97121,0.57509,1911
21,4,age_bin,mlp_h128,0.001,0.0,1.01796,0.58922,1911
21,4,age_bin,attention,0.0001,1e-05,1.00338,0.50781,1911
21,4,age_bin,shuffled,0.01,0.0001,1.23958,0.3574,1911
21,4,gender,ema_lr1e-3,0.001,0.0001,0.80056,0.48352,1911
21,4,gender,ema_lr5e-3,0.005,0.0001,0.78365,0.49137,1911
21,4,gender,ema_lr1e-2,0.01,0.0001,0.86582,0.52329,1911
21,4,gender,ema_lr5e-2,0.05,0.0001,2.91468,0.55416,1911
21,4,gender,ema_lr1e-2_wd1e-3,0.01,0.001,0.84687,0.54003,1911
21,4,gender,ema_d0.99,0.01,0.0001,0.90486,0.46886,1911
21,4,gender,ema_d0.9999,0.01,0.0001,0.88034,0.4966,1911
21,4,gender,mlp_h16,0.001,0.0,0.70328,0.46991,1911
21,4,gender,mlp_h32,0.001,0.0,0.69892,0.4809,1911
21,4,gender,mlp_h64,0.001,0.0,0.68747,0.55207,1911
21,4,gender,mlp_h128,0.001,0.0,0.81193,0.44165,1911
21,4,gender,attention,0.0001,1e-05,0.70603,0.53125,1911
21,4,gender,shuffled,0.01,0.0001,0.88502,0.48352,1911
21,4,star_sign,ema_lr1e-3,0.001,0.0001,2.71688,0.06332,1911
21,4,star_sign,ema_lr5e-3,0.005,0.0001,2.56127,0.11879,1911
21,4,star_sign,ema_lr1e-2,0.01,0.0001,2.44924,0.19833,1911
21,4,star_sign,ema_lr5e-2,0.05,0.0001,1.94256,0.49869,1911
21,4,star_sign,ema_lr1e-2_wd1e-3,0.01,0.001,2.47269,0.17844,1911
21,4,star_sign,ema_d0.99,0.01,0.0001,2.46907,0.17321,1911
21,4,star_sign,ema_d0.9999,0.01,0.0001,2.48001,0.17007,1911
21,4,star_sign,mlp_h16,0.001,0.0,0.10829,1.0,1911
21,4,star_sign,mlp_h32,0.001,0.0,0.0039,1.0,1911
21,4,star_sign,mlp_h64,0.001,0.0,0.00486,1.0,1911
21,4,star_sign,mlp_h128,0.001,0.0,0.00014,1.0,1911
21,4,star_sign,attention,0.0001,1e-05,0.12107,1.0,1911
21,4,star_sign,shuffled,0.01,0.0001,2.42421,0.20931,1911
21,8,age_bin,ema_lr1e-3,0.001,0.0001,1.21681,0.34956,1911
21,8,age_bin,ema_lr5e-3,0.005,0.0001,1.20125,0.36316,1911
21,8,age_bin,ema_lr1e-2,0.01,0.0001,1.19638,0.36211,1911
21,8,age_bin,ema_lr5e-2,0.05,0.0001,3.0596,0.33124,1911
21,8,age_bin,ema_lr1e-2_wd1e-3,0.01,0.001,1.26602,0.33386,1911
21,8,age_bin,ema_d0.99,0.01,0.0001,1.17091,0.36264,1911
21,8,age_bin,ema_d0.9999,0.01,0.0001,1.20628,0.37624,1911
21,8,age_bin,mlp_h16,0.001,0.0,0.96041,0.59079,1911
21,8,age_bin,mlp_h32,0.001,0.0,0.95153,0.59079,1911
21,8,age_bin,mlp_h64,0.001,0.0,0.97023,0.58242,1911
21,8,age_bin,mlp_h128,0.001,0.0,0.92921,0.5866,1911
21,8,age_bin,attention,0.0001,1e-05,0.95107,0.55469,1911
21,8,age_bin,shuffled,0.01,0.0001,1.232,0.34903,1911
21,8,gender,ema_lr1e-3,0.001,0.0001,0.7831,0.49817,1911
21,8,gender,ema_lr5e-3,0.005,0.0001,0.76831,0.48875,1911
21,8,gender,ema_lr1e-2,0.01,0.0001,0.85633,0.52486,1911
21,8,gender,ema_lr5e-2,0.05,0.0001,2.89378,0.44532,1911
21,8,gender,ema_lr1e-2_wd1e-3,0.01,0.001,0.8838,0.47933,1911
21,8,gender,ema_d0.99,0.01,0.0001,0.87552,0.48299,1911
21,8,gender,ema_d0.9999,0.01,0.0001,0.85026,0.5191,1911
21,8,gender,mlp_h16,0.001,0.0,0.69002,0.55154,1911
21,8,gender,mlp_h32,0.001,0.0,0.72467,0.46415,1911
21,8,gender,mlp_h64,0.001,0.0,0.68516,0.5573,1911
21,8,gender,mlp_h128,0.001,0.0,0.78749,0.44689,1911
21,8,gender,attention,0.0001,1e-05,0.69212,0.57812,1911
21,8,gender,shuffled,0.01,0.0001,0.87166,0.49922,1911
21,8,star_sign,ema_lr1e-3,0.001,0.0001,2.70958,0.10309,1911
21,8,star_sign,ema_lr5e-3,0.005,0.0001,2.59366,0.13762,1911
21,8,star_sign,ema_lr1e-2,0.01,0.0001,2.49395,0.17792,1911
21,8,star_sign,ema_lr5e-2,0.05,0.0001,1.98184,0.33333,1911
21,8,star_sign,ema_lr1e-2_wd1e-3,0.01,0.001,2.49916,0.18734,1911
21,8,star_sign,ema_d0.99,0.01,0.0001,2.4882,0.18681,1911
21,8,star_sign,ema_d0.9999,0.01,0.0001,2.49977,0.1685,1911
21,8,star_sign,mlp_h16,0.001,0.0,1.9482,0.06698,1911
21,8,star_sign,mlp_h32,0.001,0.0,0.19855,1.0,1911
21,8,star_sign,mlp_h64,0.001,0.0,0.00242,1.0,1911
21,8,star_sign,mlp_h128,0.001,0.0,0.00013,1.0,1911
21,8,star_sign,attention,0.0001,1e-05,0.0,1.0,1911
21,8,star_sign,shuffled,0.01,0.0001,2.48206,0.19048,1911
21,12,age_bin,ema_lr1e-3,0.001,0.0001,1.23393,0.34903,1911
21,12,age_bin,ema_lr5e-3,0.005,0.0001,1.19437,0.3574,1911
21,12,age_bin,ema_lr1e-2,0.01,0.0001,1.17756,0.35426,1911
21,12,age_bin,ema_lr5e-2,0.05,0.0001,3.21527,0.33176,1911
21,12,age_bin,ema_lr1e-2_wd1e-3,0.01,0.001,1.21337,0.32496,1911
21,12,age_bin,ema_d0.99,0.01,0.0001,1.23253,0.31345,1911
21,12,age_bin,ema_d0.9999,0.01,0.0001,1.18536,0.3349,1911
21,12,age_bin,mlp_h16,0.001,0.0,0.97062,0.59131,1911
21,12,age_bin,mlp_h32,0.001,0.0,0.94864,0.59079,1911
21,12,age_bin,mlp_h64,0.001,0.0,0.97537,0.59079,1911
21,12,age_bin,mlp_h128,0.001,0.0,0.93833,0.58974,1911
21,12,age_bin,attention,0.0001,1e-05,66.81028,0.53125,1911
21,12,age_bin,shuffled,0.01,0.0001,1.23835,0.39089,1911
21,12,gender,ema_lr1e-3,0.001,0.0001,0.77976,0.51387,1911
21,12,gender,ema_lr5e-3,0.005,0.0001,0.81726,0.45578,1911
21,12,gender,ema_lr1e-2,0.01,0.0001,0.85623,0.51282,1911
21,12,gender,ema_lr5e-2,0.05,0.0001,2.84939,0.44532,1911
21,12,gender,ema_lr1e-2_wd1e-3,0.01,0.001,0.84988,0.53166,1911
21,12,gender,ema_d0.99,0.01,0.0001,0.8192,0.53585,1911
21,12,gender,ema_d0.9999,0.01,0.0001,0.88221,0.47514,1911
21,12,gender,mlp_h16,0.001,0.0,0.69921,0.51805,1911
21,12,gender,mlp_h32,0.001,0.0,0.69426,0.53689,1911
21,12,gender,mlp_h64,0.001,0.0,0.68996,0.54526,1911
21,12,gender,mlp_h128,0.001,0.0,0.72447,0.49503,1911
21,12,gender,attention,0.0001,1e-05,0.74488,0.48438,1911
21,12,gender,shuffled,0.01,0.0001,0.94925,0.53428,1911
21,12,star_sign,ema_lr1e-3,0.001,0.0001,2.81353,0.06332,1911
21,12,star_sign,ema_lr5e-3,0.005,0.0001,2.57539,0.11722,1911
21,12,star_sign,ema_lr1e-2,0.01,0.0001,2.4705,0.16641,1911
21,12,star_sign,ema_lr5e-2,0.05,0.0001,3.21259,0.93302,1911
21,12,star_sign,ema_lr1e-2_wd1e-3,0.01,0.001,2.45477,0.19414,1911
21,12,star_sign,ema_d0.99,0.01,0.0001,2.49388,0.1596,1911
21,12,star_sign,ema_d0.9999,0.01,0.0001,2.5048,0.19466,1911
21,12,star_sign,mlp_h16,0.001,0.0,0.33291,1.0,1911
21,12,star_sign,mlp_h32,0.001,0.0,0.06992,1.0,1911
21,12,star_sign,mlp_h64,0.001,0.0,0.00287,1.0,1911
21,12,star_sign,mlp_h128,0.001,0.0,0.00029,1.0,1911
21,12,star_sign,attention,0.0001,1e-05,0.0,1.0,1911
21,12,star_sign,shuffled,0.01,0.0001,2.45867,0.18472,1911
21,16,age_bin,ema_lr1e-3,0.001,0.0001,1.21957,0.34956,1911
21,16,age_bin,ema_lr5e-3,0.005,0.0001,1.23768,0.33229,1911
21,16,age_bin,ema_lr1e-2,0.01,0.0001,1.17261,0.40241,1911
21,16,age_bin,ema_lr5e-2,0.05,0.0001,3.15553,0.33176,1911
21,16,age_bin,ema_lr1e-2_wd1e-3,0.01,0.001,1.22556,0.36787,1911
21,16,age_bin,ema_d0.99,0.01,0.0001,1.17777,0.37049,1911
21,16,age_bin,ema_d0.9999,0.01,0.0001,1.17854,0.36211,1911
21,16,age_bin,mlp_h16,0.001,0.0,0.95192,0.59079,1911
21,16,age_bin,mlp_h32,0.001,0.0,0.95949,0.58974,1911
21,16,age_bin,mlp_h64,0.001,0.0,0.95415,0.58922,1911
21,16,age_bin,mlp_h128,0.001,0.0,0.95095,0.58922,1911
21,16,age_bin,attention,0.0001,1e-05,1.08703,0.44531,1911
21,16,age_bin,shuffled,0.01,0.0001,1.19072,0.337,1911
21,16,gender,ema_lr1e-3,0.001,0.0001,0.78329,0.50759,1911
21,16,gender,ema_lr5e-3,0.005,0.0001,0.80399,0.47253,1911
21,16,gender,ema_lr1e-2,0.01,0.0001,0.84515,0.5191,1911
21,16,gender,ema_lr5e-2,0.05,0.0001,2.91301,0.44532,1911
21,16,gender,ema_lr1e-2_wd1e-3,0.01,0.001,0.88771,0.48404,1911
21,16,gender,ema_d0.99,0.01,0.0001,0.8471,0.48613,1911
21,16,gender,ema_d0.9999,0.01,0.0001,0.8825,0.46782,1911
21,16,gender,mlp_h16,0.001,0.0,0.68968,0.55311,1911
21,16,gender,mlp_h32,0.001,0.0,0.68756,0.5573,1911
21,16,gender,mlp_h64,0.001,0.0,0.71583,0.50078,1911
21,16,gender,mlp_h128,0.001,0.0,0.6886,0.55573,1911
21,16,gender,attention,0.0001,1e-05,67.78201,0.53906,1911
21,16,gender,shuffled,0.01,0.0001,0.8338,0.50759,1911
21,16,star_sign,ema_lr1e-3,0.001,0.0001,2.7971,0.09524,1911
21,16,star_sign,ema_lr5e-3,0.005,0.0001,2.61307,0.16327,1911
21,16,star_sign,ema_lr1e-2,0.01,0.0001,2.51454,0.15437,1911
21,16,star_sign,ema_lr5e-2,0.05,0.0001,3.2471,0.93302,1911
21,16,star_sign,ema_lr1e-2_wd1e-3,0.01,0.001,2.44617,0.18524,1911
21,16,star_sign,ema_d0.99,0.01,0.0001,2.49706,0.15856,1911
21,16,star_sign,ema_d0.9999,0.01,0.0001,2.50359,0.16641,1911
21,16,star_sign,mlp_h16,0.001,0.0,0.05366,1.0,1911
21,16,star_sign,mlp_h32,0.001,0.0,0.01639,1.0,1911
21,16,star_sign,mlp_h64,0.001,0.0,0.00108,1.0,1911
21,16,star_sign,mlp_h128,0.001,0.0,0.00014,1.0,1911
21,16,star_sign,attention,0.0001,1e-05,0.0,1.0,1911
21,16,star_sign,shuffled,0.01,0.0001,2.48408,0.16588,1911
21,20,age_bin,ema_lr1e-3,0.001,0.0001,1.20695,0.35531,1911
21,20,age_bin,ema_lr5e-3,0.005,0.0001,1.21226,0.37101,1911
21,20,age_bin,ema_lr1e-2,0.01,0.0001,1.22532,0.36578,1911
21,20,age_bin,ema_lr5e-2,0.05,0.0001,2.93373,0.33072,1911
21,20,age_bin,ema_lr1e-2_wd1e-3,0.01,0.001,1.25487,0.337,1911
21,20,age_bin,ema_d0.99,0.01,0.0001,1.25886,0.35322,1911
21,20,age_bin,ema_d0.9999,0.01,0.0001,1.22587,0.34171,1911
21,20,age_bin,mlp_h16,0.001,0.0,0.94726,0.59027,1911
21,20,age_bin,mlp_h32,0.001,0.0,0.95243,0.57875,1911
21,20,age_bin,mlp_h64,0.001,0.0,0.9574,0.58032,1911
21,20,age_bin,mlp_h128,0.001,0.0,0.98837,0.55154,1911
21,20,age_bin,attention,0.0001,1e-05,15.61583,0.45312,1911
21,20,age_bin,shuffled,0.01,0.0001,1.24604,0.32915,1911
21,20,gender,ema_lr1e-3,0.001,0.0001,0.85337,0.50445,1911
21,20,gender,ema_lr5e-3,0.005,0.0001,0.81151,0.48666,1911
21,20,gender,ema_lr1e-2,0.01,0.0001,0.85909,0.50235,1911
21,20,gender,ema_lr5e-2,0.05,0.0001,2.71124,0.44479,1911
21,20,gender,ema_lr1e-2_wd1e-3,0.01,0.001,0.94018,0.47567,1911
21,20,gender,ema_d0.99,0.01,0.0001,0.88979,0.50968,1911
21,20,gender,ema_d0.9999,0.01,0.0001,0.85857,0.53532,1911
21,20,gender,mlp_h16,0.001,0.0,0.69225,0.53689,1911
21,20,gender,mlp_h32,0.001,0.0,0.68165,0.56829,1911
21,20,gender,mlp_h64,0.001,0.0,0.68623,0.56881,1911
21,20,gender,mlp_h128,0.001,0.0,0.73322,0.4741,1911
21,20,gender,attention,0.0001,1e-05,68.87997,0.53906,1911
21,20,gender,shuffled,0.01,0.0001,0.84221,0.49503,1911
21,20,star_sign,ema_lr1e-3,0.001,0.0001,2.7978,0.07745,1911
21,20,star_sign,ema_lr5e-3,0.005,0.0001,2.65819,0.09628,1911
21,20,star_sign,ema_lr1e-2,0.01,0.0001,2.54822,0.14129,1911
21,20,star_sign,ema_lr5e-2,0.05,0.0001,3.01922,0.9325,1911
21,20,star_sign,ema_lr1e-2_wd1e-3,0.01,0.001,2.53876,0.17425,1911
21,20,star_sign,ema_d0.99,0.01,0.0001,2.53152,0.17687,1911
21,20,star_sign,ema_d0.9999,0.01,0.0001,2.51215,0.16117,1911
21,20,star_sign,mlp_h16,0.001,0.0,0.91263,0.99791,1911
21,20,star_sign,mlp_h32,0.001,0.0,0.00513,1.0,1911
21,20,star_sign,mlp_h64,0.001,0.0,0.00152,1.0,1911
21,20,star_sign,mlp_h128,0.001,0.0,0.00015,1.0,1911
21,20,star_sign,attention,0.0001,1e-05,0.00423,1.0,1911
21,20,star_sign,shuffled,0.01,0.0001,2.53512,0.15751,1911
21,24,age_bin,ema_lr1e-3,0.001,0.0001,1.33206,0.3438,1911
21,24,age_bin,ema_lr5e-3,0.005,0.0001,1.27698,0.35322,1911
21,24,age_bin,ema_lr1e-2,0.01,0.0001,1.29022,0.36368,1911
21,24,age_bin,ema_lr5e-2,0.05,0.0001,2.00913,0.54317,1911
21,24,age_bin,ema_lr1e-2_wd1e-3,0.01,0.001,1.36421,0.33176,1911
21,24,age_bin,ema_d0.99,0.01,0.0001,1.308,0.32182,1911
21,24,age_bin,ema_d0.9999,0.01,0.0001,1.34693,0.32548,1911
21,24,age_bin,mlp_h16,0.001,0.0,0.96124,0.55311,1911
21,24,age_bin,mlp_h32,0.001,0.0,0.95532,0.57718,1911
21,24,age_bin,mlp_h64,0.001,0.0,0.9597,0.56044,1911
21,24,age_bin,mlp_h128,0.001,0.0,0.95086,0.56986,1911
21,24,age_bin,attention,0.0001,1e-05,20.06811,0.53125,1911
21,24,age_bin,shuffled,0.01,0.0001,1.32959,0.33543,1911
21,24,gender,ema_lr1e-3,0.001,0.0001,0.84722,0.53271,1911
21,24,gender,ema_lr5e-3,0.005,0.0001,0.88234,0.49294,1911
21,24,gender,ema_lr1e-2,0.01,0.0001,0.83894,0.53637,1911
21,24,gender,ema_lr5e-2,0.05,0.0001,1.8199,0.56096,1911
21,24,gender,ema_lr1e-2_wd1e-3,0.01,0.001,0.89604,0.49608,1911
21,24,gender,ema_d0.99,0.01,0.0001,0.85929,0.51439,1911
21,24,gender,ema_d0.9999,0.01,0.0001,0.8962,0.50131,1911
21,24,gender,mlp_h16,0.001,0.0,0.6935,0.53898,1911
21,24,gender,mlp_h32,0.001,0.0,0.684,0.56724,1911
21,24,gender,mlp_h64,0.001,0.0,0.68343,0.56777,1911
21,24,gender,mlp_h128,0.001,0.0,0.68536,0.56149,1911
21,24,gender,attention,0.0001,1e-05,4.97491,0.48438,1911
21,24,gender,shuffled,0.01,0.0001,0.89821,0.49189,1911
21,24,star_sign,ema_lr1e-3,0.001,0.0001,2.92737,0.0989,1911
21,24,star_sign,ema_lr5e-3,0.005,0.0001,2.80614,0.09576,1911
21,24,star_sign,ema_lr1e-2,0.01,0.0001,2.6119,0.14076,1911
21,24,star_sign,ema_lr5e-2,0.05,0.0001,2.64114,0.87493,1911
21,24,star_sign,ema_lr1e-2_wd1e-3,0.01,0.001,2.74735,0.13187,1911
21,24,star_sign,ema_d0.99,0.01,0.0001,2.65527,0.12768,1911
21,24,star_sign,ema_d0.9999,0.01,0.0001,2.66228,0.13344,1911
21,24,star_sign,mlp_h16,0.001,0.0,0.04471,1.0,1911
21,24,star_sign,mlp_h32,0.001,0.0,0.07199,1.0,1911
21,24,star_sign,mlp_h64,0.001,0.0,0.00262,1.0,1911
21,24,star_sign,mlp_h128,0.001,0.0,8e-05,1.0,1911
21,24,star_sign,attention,0.0001,1e-05,8e-05,1.0,1911
21,24,star_sign,shuffled,0.01,0.0001,2.66435,0.12559,1911
21,28,age_bin,ema_lr1e-3,0.001,0.0001,1.64551,0.32077,1911
21,28,age_bin,ema_lr5e-3,0.005,0.0001,1.43083,0.37206,1911
21,28,age_bin,ema_lr1e-2,0.01,0.0001,1.39958,0.36316,1911
21,28,age_bin,ema_lr5e-2,0.05,0.0001,1.26571,0.3977,1911
21,28,age_bin,ema_lr1e-2_wd1e-3,0.01,0.001,1.47418,0.34485,1911
21,28,age_bin,ema_d0.99,0.01,0.0001,1.41206,0.35531,1911
21,28,age_bin,ema_d0.9999,0.01,0.0001,1.42354,0.34746,1911
21,28,age_bin,mlp_h16,0.001,0.0,0.9274,0.56463,1911
21,28,age_bin,mlp_h32,0.001,0.0,0.94074,0.56934,1911
21,28,age_bin,mlp_h64,0.001,0.0,0.93044,0.56672,1911
21,28,age_bin,mlp_h128,0.001,0.0,0.93514,0.55468,1911
21,28,age_bin,attention,0.0001,1e-05,1.4243,0.44531,1911
21,28,age_bin,shuffled,0.01,0.0001,1.46383,0.33386,1911
21,28,gender,ema_lr1e-3,0.001,0.0001,1.02252,0.50863,1911
21,28,gender,ema_lr5e-3,0.005,0.0001,0.95829,0.51544,1911
21,28,gender,ema_lr1e-2,0.01,0.0001,0.948,0.49503,1911
21,28,gender,ema_lr5e-2,0.05,0.0001,0.82948,0.52747,1911
21,28,gender,ema_lr1e-2_wd1e-3,0.01,0.001,0.89911,0.53166,1911
21,28,gender,ema_d0.99,0.01,0.0001,0.91031,0.49765,1911
21,28,gender,ema_d0.9999,0.01,0.0001,0.91204,0.51805,1911
21,28,gender,mlp_h16,0.001,0.0,0.67927,0.57352,1911
21,28,gender,mlp_h32,0.001,0.0,0.68156,0.57248,1911
21,28,gender,mlp_h64,0.001,0.0,0.68868,0.56044,1911
21,28,gender,mlp_h128,0.001,0.0,0.69594,0.55102,1911
21,28,gender,attention,0.0001,1e-05,1.07856,0.44531,1911
21,28,gender,shuffled,0.01,0.0001,0.92682,0.51439,1911
21,28,star_sign,ema_lr1e-3,0.001,0.0001,3.32483,0.10047,1911
21,28,star_sign,ema_lr5e-3,0.005,0.0001,3.1466,0.09838,1911
21,28,star_sign,ema_lr1e-2,0.01,0.0001,2.91656,0.11198,1911
21,28,star_sign,ema_lr5e-2,0.05,0.0001,2.05451,0.3752,1911
21,28,star_sign,ema_lr1e-2_wd1e-3,0.01,0.001,3.04367,0.08791,1911
21,28,star_sign,ema_d0.99,0.01,0.0001,3.0485,0.08582,1911
21,28,star_sign,ema_d0.9999,0.01,0.0001,2.89179,0.14966,1911
21,28,star_sign,mlp_h16,0.001,0.0,1.07105,0.8765,1911
21,28,star_sign,mlp_h32,0.001,0.0,0.65851,0.99791,1911
21,28,star_sign,mlp_h64,0.001,0.0,0.18305,1.0,1911
21,28,star_sign,mlp_h128,0.001,0.0,0.03772,1.0,1911
21,28,star_sign,attention,0.0001,1e-05,0.02535,0.99219,1911
21,28,star_sign,shuffled,0.01,0.0001,2.98783,0.10152,1911
22,0,age_bin,ema_lr1e-3,0.001,0.0001,1.53357,0.33571,1826
22,0,age_bin,ema_lr5e-3,0.005,0.0001,1.47354,0.33625,1826
22,0,age_bin,ema_lr1e-2,0.01,0.0001,1.38389,0.33735,1826
22,0,age_bin,ema_lr5e-2,0.05,0.0001,1.42709,0.37459,1826
22,0,age_bin,ema_lr1e-2_wd1e-3,0.01,0.001,1.39838,0.31271,1826
22,0,age_bin,ema_d0.99,0.01,0.0001,1.37981,0.35268,1826
22,0,age_bin,ema_d0.9999,0.01,0.0001,1.4301,0.31544,1826
22,0,age_bin,mlp_h16,0.001,0.0,1.03261,0.52683,1826
22,0,age_bin,mlp_h32,0.001,0.0,1.04055,0.51588,1826
22,0,age_bin,mlp_h64,0.001,0.0,1.0408,0.51862,1826
22,0,age_bin,mlp_h128,0.001,0.0,1.04957,0.51972,1826
22,0,age_bin,attention,0.0001,1e-05,1.07005,0.53125,1826
22,0,age_bin,shuffled,0.01,0.0001,1.40467,0.35542,1826
22,0,gender,ema_lr1e-3,0.001,0.0001,1.02256,0.51314,1826
22,0,gender,ema_lr5e-3,0.005,0.0001,0.96395,0.4885,1826
22,0,gender,ema_lr1e-2,0.01,0.0001,0.91652,0.50219,1826
22,0,gender,ema_lr5e-2,0.05,0.0001,1.33944,0.51972,1826
22,0,gender,ema_lr1e-2_wd1e-3,0.01,0.001,0.84669,0.51041,1826
22,0,gender,ema_d0.99,0.01,0.0001,0.89183,0.50055,1826
22,0,gender,ema_d0.9999,0.01,0.0001,0.91555,0.4874,1826
22,0,gender,mlp_h16,0.001,0.0,0.69769,0.51972,1826
22,0,gender,mlp_h32,0.001,0.0,0.69582,0.52574,1826
22,0,gender,mlp_h64,0.001,0.0,0.6935,0.52793,1826
22,0,gender,mlp_h128,0.001,0.0,0.69396,0.53614,1826
22,0,gender,attention,0.0001,1e-05,0.69316,0.45312,1826
22,0,gender,shuffled,0.01,0.0001,0.87997,0.4989,1826
22,0,star_sign,ema_lr1e-3,0.001,0.0001,3.13922,0.10789,1826
22,0,star_sign,ema_lr5e-3,0.005,0.0001,3.08167,0.12322,1826
22,0,star_sign,ema_lr1e-2,0.01,0.0001,2.90879,0.08324,1826
22,0,star_sign,ema_lr5e-2,0.05,0.0001,1.9841,0.54874,1826
22,0,star_sign,ema_lr1e-2_wd1e-3,0.01,0.001,2.88845,0.12103,1826
22,0,star_sign,ema_d0.99,0.01,0.0001,2.96516,0.13143,1826
22,0,star_sign,ema_d0.9999,0.01,0.0001,2.88062,0.0931,1826
22,0,star_sign,mlp_h16,0.001,0.0,0.71206,0.95564,1826
22,0,star_sign,mlp_h32,0.001,0.0,0.08458,1.0,1826
22,0,star_sign,mlp_h64,0.001,0.0,0.04712,1.0,1826
22,0,star_sign,mlp_h128,0.001,0.0,0.02187,1.0,1826
22,0,star_sign,attention,0.0001,1e-05,2.33511,1.0,1826
22,0,star_sign,shuffled,0.01,0.0001,2.93975,0.07886,1826
22,4,age_bin,ema_lr1e-3,0.001,0.0001,1.19857,0.33571,1826
22,4,age_bin,ema_lr5e-3,0.005,0.0001,1.21323,0.3253,1826
22,4,age_bin,ema_lr1e-2,0.01,0.0001,1.21344,0.3034,1826
22,4,age_bin,ema_lr5e-2,0.05,0.0001,4.25955,0.50876,1826
22,4,age_bin,ema_lr1e-2_wd1e-3,0.01,0.001,1.2187,0.33187,1826
22,4,age_bin,ema_d0.99,0.01,0.0001,1.22533,0.34392,1826
22,4,age_bin,ema_d0.9999,0.01,0.0001,1.21127,0.34666,1826
22,4,age_bin,mlp_h16,0.001,0.0,1.03133,0.52519,1826
22,4,age_bin,mlp_h32,0.001,0.0,1.02856,0.52738,1826
22,4,age_bin,mlp_h64,0.001,0.0,1.03471,0.51314,1826
22,4,age_bin,mlp_h128,0.001,0.0,1.0466,0.52957,1826
22,4,age_bin,attention,0.0001,1e-05,1.03529,0.53125,1826
22,4,age_bin,shuffled,0.01,0.0001,1.26698,0.32749,1826
22,4,gender,ema_lr1e-3,0.001,0.0001,0.7864,0.48138,1826
22,4,gender,ema_lr5e-3,0.005,0.0001,0.76837,0.50329,1826
22,4,gender,ema_lr1e-2,0.01,0.0001,0.93584,0.49233,1826
22,4,gender,ema_lr5e-2,0.05,0.0001,4.18107,0.48138,1826
22,4,gender,ema_lr1e-2_wd1e-3,0.01,0.001,0.959,0.48138,1826
22,4,gender,ema_d0.99,0.01,0.0001,0.94552,0.50548,1826
22,4,gender,ema_d0.9999,0.01,0.0001,0.91928,0.46988,1826
22,4,gender,mlp_h16,0.001,0.0,0.69548,0.52629,1826
22,4,gender,mlp_h32,0.001,0.0,0.69357,0.51752,1826
22,4,gender,mlp_h64,0.001,0.0,0.69071,0.52629,1826
22,4,gender,mlp_h128,0.001,0.0,0.73697,0.48302,1826
22,4,gender,attention,0.0001,1e-05,0.67019,0.55469,1826
22,4,gender,shuffled,0.01,0.0001,0.95064,0.5115,1826
22,4,star_sign,ema_lr1e-3,0.001,0.0001,2.70739,0.04436,1826
22,4,star_sign,ema_lr5e-3,0.005,0.0001,2.61533,0.10186,1826
22,4,star_sign,ema_lr1e-2,0.01,0.0001,2.46647,0.1506,1826
22,4,star_sign,ema_lr5e-2,0.05,0.0001,1.95559,0.40854,1826
22,4,star_sign,ema_lr1e-2_wd1e-3,0.01,0.001,2.4478,0.1988,1826
22,4,star_sign,ema_d0.99,0.01,0.0001,2.43336,0.15553,1826
22,4,star_sign,ema_d0.9999,0.01,0.0001,2.44777,0.16484,1826
22,4,star_sign,mlp_h16,0.001,0.0,0.09023,1.0,1826
22,4,star_sign,mlp_h32,0.001,0.0,0.00314,1.0,1826
22,4,star_sign,mlp_h64,0.001,0.0,0.00366,1.0,1826
22,4,star_sign,mlp_h128,0.001,0.0,0.0001,1.0,1826
22,4,star_sign,attention,0.0001,1e-05,0.10021,1.0,1826
22,4,star_sign,shuffled,0.01,0.0001,2.44645,0.17087,1826
22,8,age_bin,ema_lr1e-3,0.001,0.0001,1.27447,0.31271,1826
22,8,age_bin,ema_lr5e-3,0.005,0.0001,1.24375,0.31599,1826
22,8,age_bin,ema_lr1e-2,0.01,0.0001,1.18618,0.3494,1826
22,8,age_bin,ema_lr5e-2,0.05,0.0001,4.06215,0.50876,1826
22,8,age_bin,ema_lr1e-2_wd1e-3,0.01,0.001,1.27571,0.34392,1826
22,8,age_bin,ema_d0.99,0.01,0.0001,1.22728,0.31161,1826
22,8,age_bin,ema_d0.9999,0.01,0.0001,1.18052,0.33078,1826
22,8,age_bin,mlp_h16,0.001,0.0,1.02356,0.52738,1826
22,8,age_bin,mlp_h32,0.001,0.0,1.01568,0.52738,1826
22,8,age_bin,mlp_h64,0.001,0.0,1.02404,0.52683,1826
22,8,age_bin,mlp_h128,0.001,0.0,1.0328,0.52245,1826
22,8,age_bin,attention,0.0001,1e-05,1.0681,0.5,1826
22,8,age_bin,shuffled,0.01,0.0001,1.21231,0.36145,1826
22,8,gender,ema_lr1e-3,0.001,0.0001,0.7735,0.5115,1826
22,8,gender,ema_lr5e-3,0.005,0.0001,0.76722,0.52191,1826
22,8,gender,ema_lr1e-2,0.01,0.0001,0.94737,0.49671,1826
22,8,gender,ema_lr5e-2,0.05,0.0001,3.85966,0.51807,1826
22,8,gender,ema_lr1e-2_wd1e-3,0.01,0.001,0.94704,0.50986,1826
22,8,gender,ema_d0.99,0.01,0.0001,0.94099,0.49671,1826
22,8,gender,ema_d0.9999,0.01,0.0001,0.95508,0.50274,1826
22,8,gender,mlp_h16,0.001,0.0,0.68735,0.53724,1826
22,8,gender,mlp_h32,0.001,0.0,0.70311,0.50602,1826
22,8,gender,mlp_h64,0.001,0.0,0.69086,0.52848,1826
22,8,gender,mlp_h128,0.001,0.0,0.71984,0.50383,1826
22,8,gender,attention,0.0001,1e-05,0.738,0.51562,1826
22,8,gender,shuffled,0.01,0.0001,0.93689,0.50548,1826
22,8,star_sign,ema_lr1e-3,0.001,0.0001,2.71445,0.1161,1826
22,8,star_sign,ema_lr5e-3,0.005,0.0001,2.57809,0.13582,1826
22,8,star_sign,ema_lr1e-2,0.01,0.0001,2.46879,0.17579,1826
22,8,star_sign,ema_lr5e-2,0.05,0.0001,1.89972,0.51972,1826
22,8,star_sign,ema_lr1e-2_wd1e-3,0.01,0.001,2.46628,0.19003,1826
22,8,star_sign,ema_d0.99,0.01,0.0001,2.47679,0.17415,1826
22,8,star_sign,ema_d0.9999,0.01,0.0001,2.42168,0.20756,1826
22,8,star_sign,mlp_h16,0.001,0.0,1.91397,0.0701,1826
22,8,star_sign,mlp_h32,0.001,0.0,0.16348,1.0,1826
22,8,star_sign,mlp_h64,0.001,0.0,0.00189,1.0,1826
22,8,star_sign,mlp_h128,0.001,0.0,0.0001,1.0,1826
22,8,star_sign,attention,0.0001,1e-05,0.0,1.0,1826
22,8,star_sign,shuffled,0.01,0.0001,2.4817,0.13472,1826
22,12,age_bin,ema_lr1e-3,0.001,0.0001,1.23185,0.31654,1826
22,12,age_bin,ema_lr5e-3,0.005,0.0001,1.22305,0.34502,1826
22,12,age_bin,ema_lr1e-2,0.01,0.0001,1.20152,0.34009,1826
22,12,age_bin,ema_lr5e-2,0.05,0.0001,4.03172,0.50876,1826
22,12,age_bin,ema_lr1e-2_wd1e-3,0.01,0.001,1.17604,0.35816,1826
22,12,age_bin,ema_d0.99,0.01,0.0001,1.23695,0.35049,1826
22,12,age_bin,ema_d0.9999,0.01,0.0001,1.15437,0.38061,1826
22,12,age_bin,mlp_h16,0.001,0.0,1.02203,0.52848,1826
22,12,age_bin,mlp_h32,0.001,0.0,1.01991,0.52848,1826
22,12,age_bin,mlp_h64,0.001,0.0,1.02588,0.52738,1826
22,12,age_bin,mlp_h128,0.001,0.0,1.03943,0.5241,1826
22,12,age_bin,attention,0.0001,1e-05,41.12871,0.53125,1826
22,12,age_bin,shuffled,0.01,0.0001,1.2044,0.34228,1826
22,12,gender,ema_lr1e-3,0.001,0.0001,0.80076,0.49507,1826
22,12,gender,ema_lr5e-3,0.005,0.0001,0.78496,0.50219,1826
22,12,gender,ema_lr1e-2,0.01,0.0001,0.9242,0.5356,1826
22,12,gender,ema_lr5e-2,0.05,0.0001,3.8062,0.51807,1826
22,12,gender,ema_lr1e-2_wd1e-3,0.01,0.001,0.94325,0.49507,1826
22,12,gender,ema_d0.99,0.01,0.0001,0.94839,0.50712,1826
22,12,gender,ema_d0.9999,0.01,0.0001,0.90419,0.53834,1826
22,12,gender,mlp_h16,0.001,0.0,0.69473,0.53341,1826
22,12,gender,mlp_h32,0.001,0.0,0.68789,0.55586,1826
22,12,gender,mlp_h64,0.001,0.0,0.69631,0.54326,1826
22,12,gender,mlp_h128,0.001,0.0,0.73696,0.51533,1826
22,12,gender,attention,0.0001,1e-05,0.73082,0.47656,1826
22,12,gender,shuffled,0.01,0.0001,0.99604,0.48193,1826
22,12,star_sign,ema_lr1e-3,0.001,0.0001,2.78491,0.069,1826
22,12,star_sign,ema_lr5e-3,0.005,0.0001,2.57117,0.12815,1826
22,12,star_sign,ema_lr1e-2,0.01,0.0001,2.45869,0.1517,1826
22,12,star_sign,ema_lr5e-2,0.05,0.0001,1.96166,0.36747,1826
22,12,star_sign,ema_lr1e-2_wd1e-3,0.01,0.001,2.41677,0.19332,1826
22,12,star_sign,ema_d0.99,0.01,0.0001,2.46223,0.13527,1826
22,12,star_sign,ema_d0.9999,0.01,0.0001,2.45003,0.18346,1826
22,12,star_sign,mlp_h16,0.001,0.0,0.29497,1.0,1826
22,12,star_sign,mlp_h32,0.001,0.0,0.0534,1.0,1826
22,12,star_sign,mlp_h64,0.001,0.0,0.00215,1.0,1826
22,12,star_sign,mlp_h128,0.001,0.0,0.00022,1.0,1826
22,12,star_sign,attention,0.0001,1e-05,0.0,1.0,1826
22,12,star_sign,shuffled,0.01,0.0001,2.4444,0.17579,1826
22,16,age_bin,ema_lr1e-3,0.001,0.0001,1.23848,0.34118,1826
22,16,age_bin,ema_lr5e-3,0.005,0.0001,1.19773,0.33954,1826
22,16,age_bin,ema_lr1e-2,0.01,0.0001,1.19342,0.36309,1826
22,16,age_bin,ema_lr5e-2,0.05,0.0001,4.0954,0.50876,1826
22,16,age_bin,ema_lr1e-2_wd1e-3,0.01,0.001,1.24617,0.32092,1826
22,16,age_bin,ema_d0.99,0.01,0.0001,1.25029,0.29847,1826
22,16,age_bin,ema_d0.9999,0.01,0.0001,1.17975,0.33406,1826
22,16,age_bin,mlp_h16,0.001,0.0,1.01694,0.52738,1826
22,16,age_bin,mlp_h32,0.001,0.0,1.02335,0.52245,1826
22,16,age_bin,mlp_h64,0.001,0.0,1.03627,0.52738,1826
22,16,age_bin,mlp_h128,0.001,0.0,1.03559,0.52903,1826
22,16,age_bin,attention,0.0001,1e-05,1.05104,0.5,1826
22,16,age_bin,shuffled,0.01,0.0001,1.21726,0.33954,1826
22,16,gender,ema_lr1e-3,0.001,0.0001,0.77667,0.52081,1826
22,16,gender,ema_lr5e-3,0.005,0.0001,0.81052,0.47645,1826
22,16,gender,ema_lr1e-2,0.01,0.0001,0.93854,0.51807,1826
22,16,gender,ema_lr5e-2,0.05,0.0001,3.90883,0.51807,1826
22,16,gender,ema_lr1e-2_wd1e-3,0.01,0.001,0.94742,0.47919,1826
22,16,gender,ema_d0.99,0.01,0.0001,0.94123,0.50986,1826
22,16,gender,ema_d0.9999,0.01,0.0001,0.95896,0.48521,1826
22,16,gender,mlp_h16,0.001,0.0,0.68934,0.56517,1826
22,16,gender,mlp_h32,0.001,0.0,0.68748,0.54929,1826
22,16,gender,mlp_h64,0.001,0.0,0.69507,0.53724,1826
22,16,gender,mlp_h128,0.001,0.0,0.71508,0.52464,1826
22,16,gender,attention,0.0001,1e-05,76.2849,0.45312,1826
22,16,gender,shuffled,0.01,0.0001,0.93347,0.48631,1826
22,16,star_sign,ema_lr1e-3,0.001,0.0001,2.73415,0.09419,1826
22,16,star_sign,ema_lr5e-3,0.005,0.0001,2.57898,0.15991,1826
22,16,star_sign,ema_lr1e-2,0.01,0.0001,2.45557,0.17087,1826
22,16,star_sign,ema_lr5e-2,0.05,0.0001,2.00889,0.31325,1826
22,16,star_sign,ema_lr1e-2_wd1e-3,0.01,0.001,2.47197,0.15772,1826
22,16,star_sign,ema_d0.99,0.01,0.0001,2.48289,0.12212,1826
22,16,star_sign,ema_d0.9999,0.01,0.0001,2.48498,0.15553,1826
22,16,star_sign,mlp_h16,0.001,0.0,0.04341,1.0,1826
22,16,star_sign,mlp_h32,0.001,0.0,0.01258,1.0,1826
22,16,star_sign,mlp_h64,0.001,0.0,0.00083,1.0,1826
22,16,star_sign,mlp_h128,0.001,0.0,0.0001,1.0,1826
22,16,star_sign,attention,0.0001,1e-05,0.0,1.0,1826
22,16,star_sign,shuffled,0.01,0.0001,2.45297,0.16375,1826
22,20,age_bin,ema_lr1e-3,0.001,0.0001,1.22672,0.35542,1826
22,20,age_bin,ema_lr5e-3,0.005,0.0001,1.25922,0.31599,1826
22,20,age_bin,ema_lr1e-2,0.01,0.0001,1.25781,0.3368,1826
22,20,age_bin,ema_lr5e-2,0.05,0.0001,3.78442,0.50821,1826
22,20,age_bin,ema_lr1e-2_wd1e-3,0.01,0.001,1.28704,0.32475,1826
22,20,age_bin,ema_d0.99,0.01,0.0001,1.21255,0.35214,1826
22,20,age_bin,ema_d0.9999,0.01,0.0001,1.23246,0.36254,1826
22,20,age_bin,mlp_h16,0.001,0.0,1.01941,0.52793,1826
22,20,age_bin,mlp_h32,0.001,0.0,1.01211,0.52574,1826
22,20,age_bin,mlp_h64,0.001,0.0,1.04081,0.50821,1826
22,20,age_bin,mlp_h128,0.001,0.0,1.02486,0.53012,1826
22,20,age_bin,attention,0.0001,1e-05,32.38515,0.27344,1826
22,20,age_bin,shuffled,0.01,0.0001,1.21937,0.34611,1826
22,20,gender,ema_lr1e-3,0.001,0.0001,0.83207,0.49836,1826
22,20,gender,ema_lr5e-3,0.005,0.0001,0.7719,0.53231,1826
22,20,gender,ema_lr1e-2,0.01,0.0001,0.92157,0.49836,1826
22,20,gender,ema_lr5e-2,0.05,0.0001,3.34671,0.51807,1826
22,20,gender,ema_lr1e-2_wd1e-3,0.01,0.001,0.92581,0.51917,1826
22,20,gender,ema_d0.99,0.01,0.0001,0.91011,0.51041,1826
22,20,gender,ema_d0.9999,0.01,0.0001,0.93832,0.48467,1826
22,20,gender,mlp_h16,0.001,0.0,0.68561,0.5586,1826
22,20,gender,mlp_h32,0.001,0.0,0.68552,0.56517,1826
22,20,gender,mlp_h64,0.001,0.0,0.6897,0.55805,1826
22,20,gender,mlp_h128,0.001,0.0,0.69406,0.55422,1826
22,20,gender,attention,0.0001,1e-05,77.16743,0.45312,1826
22,20,gender,shuffled,0.01,0.0001,0.87494,0.4989,1826
22,20,star_sign,ema_lr1e-3,0.001,0.0001,2.84676,0.06846,1826
22,20,star_sign,ema_lr5e-3,0.005,0.0001,2.66879,0.1046,1826
22,20,star_sign,ema_lr1e-2,0.01,0.0001,2.50475,0.14239,1826
22,20,star_sign,ema_lr5e-2,0.05,0.0001,2.02127,0.40964,1826
22,20,star_sign,ema_lr1e-2_wd1e-3,0.01,0.001,2.50457,0.16101,1826
22,20,star_sign,ema_d0.99,0.01,0.0001,2.49496,0.15991,1826
22,20,star_sign,ema_d0.9999,0.01,0.0001,2.52951,0.13965,1826
22,20,star_sign,mlp_h16,0.001,0.0,0.86867,1.0,1826
22,20,star_sign,mlp_h32,0.001,0.0,0.00407,1.0,1826
22,20,star_sign,mlp_h64,0.001,0.0,0.00123,1.0,1826
22,20,star_sign,mlp_h128,0.001,0.0,0.00011,1.0,1826
22,20,star_sign,attention,0.0001,1e-05,0.00653,1.0,1826
22,20,star_sign,shuffled,0.01,0.0001,2.4986,0.14677,1826
22,24,age_bin,ema_lr1e-3,0.001,0.0001,1.32675,0.3713,1826
22,24,age_bin,ema_lr5e-3,0.005,0.0001,1.30719,0.34173,1826
22,24,age_bin,ema_lr1e-2,0.01,0.0001,1.24396,0.38007,1826
22,24,age_bin,ema_lr5e-2,0.05,0.0001,2.08625,0.23987,1826
22,24,age_bin,ema_lr1e-2_wd1e-3,0.01,0.001,1.32324,0.3494,1826
22,24,age_bin,ema_d0.99,0.01,0.0001,1.34365,0.3483,1826
22,24,age_bin,ema_d0.9999,0.01,0.0001,1.24234,0.37788,1826
22,24,age_bin,mlp_h16,0.001,0.0,1.0145,0.50657,1826
22,24,age_bin,mlp_h32,0.001,0.0,1.01548,0.52574,1826
22,24,age_bin,mlp_h64,0.001,0.0,1.02787,0.51533,1826
22,24,age_bin,mlp_h128,0.001,0.0,1.03026,0.51972,1826
22,24,age_bin,attention,0.0001,1e-05,15.73108,0.53125,1826
22,24,age_bin,shuffled,0.01,0.0001,1.32803,0.33954,1826
22,24,gender,ema_lr1e-3,0.001,0.0001,0.87333,0.53012,1826
22,24,gender,ema_lr5e-3,0.005,0.0001,0.81923,0.546,1826
22,24,gender,ema_lr1e-2,0.01,0.0001,0.88162,0.5345,1826
22,24,gender,ema_lr5e-2,0.05,0.0001,2.46804,0.49124,1826
22,24,gender,ema_lr1e-2_wd1e-3,0.01,0.001,0.88731,0.50931,1826
22,24,gender,ema_d0.99,0.01,0.0001,0.88553,0.52464,1826
22,24,gender,ema_d0.9999,0.01,0.0001,0.95247,0.48959,1826
22,24,gender,mlp_h16,0.001,0.0,0.68934,0.5471,1826
22,24,gender,mlp_h32,0.001,0.0,0.68269,0.55696,1826
22,24,gender,mlp_h64,0.001,0.0,0.67569,0.57777,1826
22,24,gender,mlp_h128,0.001,0.0,0.68934,0.55476,1826
22,24,gender,attention,0.0001,1e-05,10.86257,0.54688,1826
22,24,gender,shuffled,0.01,0.0001,1.01142,0.48631,1826
22,24,star_sign,ema_lr1e-3,0.001,0.0001,2.94146,0.09419,1826
22,24,star_sign,ema_lr5e-3,0.005,0.0001,2.81708,0.08434,1826
22,24,star_sign,ema_lr1e-2,0.01,0.0001,2.57983,0.1391,1826
22,24,star_sign,ema_lr5e-2,0.05,0.0001,2.07099,0.53888,1826
22,24,star_sign,ema_lr1e-2_wd1e-3,0.01,0.001,2.67568,0.13746,1826
22,24,star_sign,ema_d0.99,0.01,0.0001,2.69896,0.12322,1826
22,24,star_sign,ema_d0.9999,0.01,0.0001,2.63437,0.1287,1826
22,24,star_sign,mlp_h16,0.001,0.0,0.03813,1.0,1826
22,24,star_sign,mlp_h32,0.001,0.0,0.06031,1.0,1826
22,24,star_sign,mlp_h64,0.001,0.0,0.00235,1.0,1826
22,24,star_sign,mlp_h128,0.001,0.0,9e-05,1.0,1826
22,24,star_sign,attention,0.0001,1e-05,0.02609,0.99219,1826
22,24,star_sign,shuffled,0.01,0.0001,2.61645,0.14458,1826
22,28,age_bin,ema_lr1e-3,0.001,0.0001,1.57622,0.32804,1826
22,28,age_bin,ema_lr5e-3,0.005,0.0001,1.44196,0.36364,1826
22,28,age_bin,ema_lr1e-2,0.01,0.0001,1.43323,0.3483,1826
22,28,age_bin,ema_lr5e-2,0.05,0.0001,1.2437,0.40635,1826
22,28,age_bin,ema_lr1e-2_wd1e-3,0.01,0.001,1.37798,0.36692,1826
22,28,age_bin,ema_d0.99,0.01,0.0001,1.4951,0.32913,1826
22,28,age_bin,ema_d0.9999,0.01,0.0001,1.41644,0.3483,1826
22,28,age_bin,mlp_h16,0.001,0.0,1.01235,0.52245,1826
22,28,age_bin,mlp_h32,0.001,0.0,1.0132,0.52903,1826
22,28,age_bin,mlp_h64,0.001,0.0,1.02975,0.52519,1826
22,28,age_bin,mlp_h128,0.001,0.0,1.03558,0.5126,1826
22,28,age_bin,attention,0.0001,1e-05,1.45893,0.39844,1826
22,28,age_bin,shuffled,0.01,0.0001,1.49092,0.32147,1826
22,28,gender,ema_lr1e-3,0.001,0.0001,1.01249,0.5115,1826
22,28,gender,ema_lr5e-3,0.005,0.0001,0.97496,0.5,1826
22,28,gender,ema_lr1e-2,0.01,0.0001,0.88278,0.51533,1826
22,28,gender,ema_lr5e-2,0.05,0.0001,0.81265,0.53943,1826
22,28,gender,ema_lr1e-2_wd1e-3,0.01,0.001,0.92442,0.52519,1826
22,28,gender,ema_d0.99,0.01,0.0001,0.94839,0.4874,1826
22,28,gender,ema_d0.9999,0.01,0.0001,0.93505,0.50383,1826
22,28,gender,mlp_h16,0.001,0.0,0.68213,0.56079,1826
22,28,gender,mlp_h32,0.001,0.0,0.67607,0.5586,1826
22,28,gender,mlp_h64,0.001,0.0,0.68021,0.56079,1826
22,28,gender,mlp_h128,0.001,0.0,0.67503,0.57338,1826
22,28,gender,attention,0.0001,1e-05,1.02912,0.42969,1826
22,28,gender,shuffled,0.01,0.0001,0.93109,0.50329,1826
22,28,star_sign,ema_lr1e-3,0.001,0.0001,3.23474,0.10789,1826
22,28,star_sign,ema_lr5e-3,0.005,0.0001,3.11631,0.10898,1826
22,28,star_sign,ema_lr1e-2,0.01,0.0001,3.08498,0.09584,1826
22,28,star_sign,ema_lr5e-2,0.05,0.0001,2.09083,0.36528,1826
22,28,star_sign,ema_lr1e-2_wd1e-3,0.01,0.001,3.00257,0.10405,1826
22,28,star_sign,ema_d0.99,0.01,0.0001,3.03315,0.09858,1826
22,28,star_sign,ema_d0.9999,0.01,0.0001,3.06055,0.12212,1826
22,28,star_sign,mlp_h16,0.001,0.0,0.96417,0.89869,1826
22,28,star_sign,mlp_h32,0.001,0.0,0.56503,0.99945,1826
22,28,star_sign,mlp_h64,0.001,0.0,0.13791,1.0,1826
22,28,star_sign,mlp_h128,0.001,0.0,0.02852,1.0,1826
22,28,star_sign,attention,0.0001,1e-05,0.00015,1.0,1826
22,28,star_sign,shuffled,0.01,0.0001,2.95054,0.11336,1826
23,0,age_bin,ema_lr1e-3,0.001,0.0001,1.5536,0.328,1750
23,0,age_bin,ema_lr5e-3,0.005,0.0001,1.49124,0.32743,1750
23,0,age_bin,ema_lr1e-2,0.01,0.0001,1.43612,0.34057,1750
23,0,age_bin,ema_lr5e-2,0.05,0.0001,1.4303,0.38057,1750
23,0,age_bin,ema_lr1e-2_wd1e-3,0.01,0.001,1.38636,0.34171,1750
23,0,age_bin,ema_d0.99,0.01,0.0001,1.36581,0.35543,1750
23,0,age_bin,ema_d0.9999,0.01,0.0001,1.38496,0.34514,1750
23,0,age_bin,mlp_h16,0.001,0.0,1.04226,0.49257,1750
23,0,age_bin,mlp_h32,0.001,0.0,1.04441,0.49714,1750
23,0,age_bin,mlp_h64,0.001,0.0,1.04146,0.48686,1750
23,0,age_bin,mlp_h128,0.001,0.0,1.05519,0.48914,1750
23,0,age_bin,attention,0.0001,1e-05,1.07686,0.46875,1750
23,0,age_bin,shuffled,0.01,0.0001,1.40113,0.35886,1750
23,0,gender,ema_lr1e-3,0.001,0.0001,1.0923,0.48743,1750
23,0,gender,ema_lr5e-3,0.005,0.0001,0.93121,0.50171,1750
23,0,gender,ema_lr1e-2,0.01,0.0001,0.93766,0.51314,1750
23,0,gender,ema_lr5e-2,0.05,0.0001,1.19273,0.50914,1750
23,0,gender,ema_lr1e-2_wd1e-3,0.01,0.001,0.87582,0.5,1750
23,0,gender,ema_d0.99,0.01,0.0001,0.90751,0.496,1750
23,0,gender,ema_d0.9999,0.01,0.0001,0.89652,0.49886,1750
23,0,gender,mlp_h16,0.001,0.0,0.69599,0.512,1750
23,0,gender,mlp_h32,0.001,0.0,0.69841,0.51257,1750
23,0,gender,mlp_h64,0.001,0.0,0.70473,0.52171,1750
23,0,gender,mlp_h128,0.001,0.0,0.70436,0.50857,1750
23,0,gender,attention,0.0001,1e-05,0.69296,0.44531,1750
23,0,gender,shuffled,0.01,0.0001,0.86552,0.49086,1750
23,0,star_sign,ema_lr1e-3,0.001,0.0001,3.1843,0.092,1750
23,0,star_sign,ema_lr5e-3,0.005,0.0001,3.0871,0.12514,1750
23,0,star_sign,ema_lr1e-2,0.01,0.0001,2.85107,0.09771,1750
23,0,star_sign,ema_lr5e-2,0.05,0.0001,1.92669,0.56914,1750
23,0,star_sign,ema_lr1e-2_wd1e-3,0.01,0.001,2.86614,0.12343,1750
23,0,star_sign,ema_d0.99,0.01,0.0001,2.87726,0.14514,1750
23,0,star_sign,ema_d0.9999,0.01,0.0001,2.90557,0.09314,1750
23,0,star_sign,mlp_h16,0.001,0.0,0.70043,0.95886,1750
23,0,star_sign,mlp_h32,0.001,0.0,0.08518,1.0,1750
23,0,star_sign,mlp_h64,0.001,0.0,0.0458,1.0,1750
23,0,star_sign,mlp_h128,0.001,0.0,0.01982,1.0,1750
23,0,star_sign,attention,0.0001,1e-05,2.33199,0.98438,1750
23,0,star_sign,shuffled,0.01,0.0001,2.87014,0.08857,1750
23,4,age_bin,ema_lr1e-3,0.001,0.0001,1.21897,0.32114,1750
23,4,age_bin,ema_lr5e-3,0.005,0.0001,1.222,0.32686,1750
23,4,age_bin,ema_lr1e-2,0.01,0.0001,1.25556,0.37314,1750
23,4,age_bin,ema_lr5e-2,0.05,0.0001,3.40509,0.31371,1750
23,4,age_bin,ema_lr1e-2_wd1e-3,0.01,0.001,1.24564,0.33771,1750
23,4,age_bin,ema_d0.99,0.01,0.0001,1.20914,0.36114,1750
23,4,age_bin,ema_d0.9999,0.01,0.0001,1.23632,0.36,1750
23,4,age_bin,mlp_h16,0.001,0.0,1.04794,0.49886,1750
23,4,age_bin,mlp_h32,0.001,0.0,1.06236,0.49943,1750
23,4,age_bin,mlp_h64,0.001,0.0,1.05894,0.49771,1750
23,4,age_bin,mlp_h128,0.001,0.0,1.08934,0.49943,1750
23,4,age_bin,attention,0.0001,1e-05,1.0854,0.44531,1750
23,4,age_bin,shuffled,0.01,0.0001,1.28438,0.34514,1750
23,4,gender,ema_lr1e-3,0.001,0.0001,0.8001,0.49771,1750
23,4,gender,ema_lr5e-3,0.005,0.0001,0.75838,0.524,1750
23,4,gender,ema_lr1e-2,0.01,0.0001,0.98937,0.52,1750
23,4,gender,ema_lr5e-2,0.05,0.0001,3.83311,0.53657,1750
23,4,gender,ema_lr1e-2_wd1e-3,0.01,0.001,0.97997,0.52629,1750
23,4,gender,ema_d0.99,0.01,0.0001,0.91241,0.47657,1750
23,4,gender,ema_d0.9999,0.01,0.0001,0.98189,0.53314,1750
23,4,gender,mlp_h16,0.001,0.0,0.68935,0.52971,1750
23,4,gender,mlp_h32,0.001,0.0,0.69673,0.48514,1750
23,4,gender,mlp_h64,0.001,0.0,0.68993,0.54286,1750
23,4,gender,mlp_h128,0.001,0.0,0.7048,0.49429,1750
23,4,gender,attention,0.0001,1e-05,0.71132,0.46875,1750
23,4,gender,shuffled,0.01,0.0001,0.87364,0.50686,1750
23,4,star_sign,ema_lr1e-3,0.001,0.0001,2.69912,0.05714,1750
23,4,star_sign,ema_lr5e-3,0.005,0.0001,2.5365,0.12057,1750
23,4,star_sign,ema_lr1e-2,0.01,0.0001,2.45373,0.14857,1750
23,4,star_sign,ema_lr5e-2,0.05,0.0001,1.86313,0.69257,1750
23,4,star_sign,ema_lr1e-2_wd1e-3,0.01,0.001,2.44581,0.15543,1750
23,4,star_sign,ema_d0.99,0.01,0.0001,2.45098,0.14057,1750
23,4,star_sign,ema_d0.9999,0.01,0.0001,2.45611,0.16286,1750
23,4,star_sign,mlp_h16,0.001,0.0,0.07545,1.0,1750
23,4,star_sign,mlp_h32,0.001,0.0,0.00251,1.0,1750
23,4,star_sign,mlp_h64,0.001,0.0,0.00275,1.0,1750
23,4,star_sign,mlp_h128,0.001,0.0,8e-05,1.0,1750
23,4,star_sign,attention,0.0001,1e-05,0.08974,1.0,1750
23,4,star_sign,shuffled,0.01,0.0001,2.48621,0.15943,1750
23,8,age_bin,ema_lr1e-3,0.001,0.0001,1.26572,0.31429,1750
23,8,age_bin,ema_lr5e-3,0.005,0.0001,1.26469,0.32571,1750
23,8,age_bin,ema_lr1e-2,0.01,0.0001,1.22995,0.356,1750
23,8,age_bin,ema_lr5e-2,0.05,0.0001,3.32204,0.30743,1750
23,8,age_bin,ema_lr1e-2_wd1e-3,0.01,0.001,1.31647,0.32457,1750
23,8,age_bin,ema_d0.99,0.01,0.0001,1.29972,0.33029,1750
23,8,age_bin,ema_d0.9999,0.01,0.0001,1.22095,0.36514,1750
23,8,age_bin,mlp_h16,0.001,0.0,1.04689,0.49943,1750
23,8,age_bin,mlp_h32,0.001,0.0,1.03795,0.49886,1750
23,8,age_bin,mlp_h64,0.001,0.0,1.05433,0.49886,1750
23,8,age_bin,mlp_h128,0.001,0.0,1.07001,0.49886,1750
23,8,age_bin,attention,0.0001,1e-05,1.05449,0.51562,1750
23,8,age_bin,shuffled,0.01,0.0001,1.33018,0.31657,1750
23,8,gender,ema_lr1e-3,0.001,0.0001,0.77701,0.51314,1750
23,8,gender,ema_lr5e-3,0.005,0.0001,0.78443,0.48286,1750
23,8,gender,ema_lr1e-2,0.01,0.0001,0.96678,0.52629,1750
23,8,gender,ema_lr5e-2,0.05,0.0001,2.9484,0.46343,1750
23,8,gender,ema_lr1e-2_wd1e-3,0.01,0.001,0.89344,0.48629,1750
23,8,gender,ema_d0.99,0.01,0.0001,0.88559,0.50171,1750
23,8,gender,ema_d0.9999,0.01,0.0001,0.96802,0.52114,1750
23,8,gender,mlp_h16,0.001,0.0,0.68601,0.556,1750
23,8,gender,mlp_h32,0.001,0.0,0.69635,0.50971,1750
23,8,gender,mlp_h64,0.001,0.0,0.68436,0.55657,1750
23,8,gender,mlp_h128,0.001,0.0,0.68143,0.56857,1750
23,8,gender,attention,0.0001,1e-05,0.71868,0.53906,1750
23,8,gender,shuffled,0.01,0.0001,1.09472,0.46914,1750
23,8,star_sign,ema_lr1e-3,0.001,0.0001,2.72853,0.10171,1750
23,8,star_sign,ema_lr5e-3,0.005,0.0001,2.62626,0.13429,1750
23,8,star_sign,ema_lr1e-2,0.01,0.0001,2.4822,0.14,1750
23,8,star_sign,ema_lr5e-2,0.05,0.0001,2.11921,0.17486,1750
23,8,star_sign,ema_lr1e-2_wd1e-3,0.01,0.001,2.44995,0.15486,1750
23,8,star_sign,ema_d0.99,0.01,0.0001,2.47493,0.15086,1750
23,8,star_sign,ema_d0.9999,0.01,0.0001,2.487,0.17371,1750
23,8,star_sign,mlp_h16,0.001,0.0,1.87968,0.07314,1750
23,8,star_sign,mlp_h32,0.001,0.0,0.13374,1.0,1750
23,8,star_sign,mlp_h64,0.001,0.0,0.00148,1.0,1750
23,8,star_sign,mlp_h128,0.001,0.0,7e-05,1.0,1750
23,8,star_sign,attention,0.0001,1e-05,0.0,1.0,1750
23,8,star_sign,shuffled,0.01,0.0001,2.44055,0.16571,1750
23,12,age_bin,ema_lr1e-3,0.001,0.0001,1.2145,0.34343,1750
23,12,age_bin,ema_lr5e-3,0.005,0.0001,1.18887,0.36,1750
23,12,age_bin,ema_lr1e-2,0.01,0.0001,1.2483,0.29886,1750
23,12,age_bin,ema_lr5e-2,0.05,0.0001,3.33193,0.312,1750
23,12,age_bin,ema_lr1e-2_wd1e-3,0.01,0.001,1.22325,0.32914,1750
23,12,age_bin,ema_d0.99,0.01,0.0001,1.33917,0.32171,1750
23,12,age_bin,ema_d0.9999,0.01,0.0001,1.2327,0.344,1750
23,12,age_bin,mlp_h16,0.001,0.0,1.04187,0.49829,1750
23,12,age_bin,mlp_h32,0.001,0.0,1.03237,0.5,1750
23,12,age_bin,mlp_h64,0.001,0.0,1.04867,0.48686,1750
23,12,age_bin,mlp_h128,0.001,0.0,1.09266,0.49829,1750
23,12,age_bin,attention,0.0001,1e-05,32.86991,0.48438,1750
23,12,age_bin,shuffled,0.01,0.0001,1.25711,0.352,1750
23,12,gender,ema_lr1e-3,0.001,0.0001,0.78141,0.50343,1750
23,12,gender,ema_lr5e-3,0.005,0.0001,0.76435,0.52571,1750
23,12,gender,ema_lr1e-2,0.01,0.0001,0.88808,0.51143,1750
23,12,gender,ema_lr5e-2,0.05,0.0001,2.97433,0.464,1750
23,12,gender,ema_lr1e-2_wd1e-3,0.01,0.001,0.97671,0.512,1750
23,12,gender,ema_d0.99,0.01,0.0001,0.96242,0.52457,1750
23,12,gender,ema_d0.9999,0.01,0.0001,0.91128,0.47086,1750
23,12,gender,mlp_h16,0.001,0.0,0.69882,0.51886,1750
23,12,gender,mlp_h32,0.001,0.0,0.68832,0.53657,1750
23,12,gender,mlp_h64,0.001,0.0,0.71707,0.49429,1750
23,12,gender,mlp_h128,0.001,0.0,0.73053,0.48,1750
23,12,gender,attention,0.0001,1e-05,0.70688,0.53125,1750
23,12,gender,shuffled,0.01,0.0001,1.01279,0.51314,1750
23,12,star_sign,ema_lr1e-3,0.001,0.0001,2.79247,0.05086,1750
23,12,star_sign,ema_lr5e-3,0.005,0.0001,2.53756,0.112,1750
23,12,star_sign,ema_lr1e-2,0.01,0.0001,2.50789,0.12171,1750
23,12,star_sign,ema_lr5e-2,0.05,0.0001,2.09001,0.88171,1750
23,12,star_sign,ema_lr1e-2_wd1e-3,0.01,0.001,2.47169,0.14971,1750
23,12,star_sign,ema_d0.99,0.01,0.0001,2.49213,0.13486,1750
23,12,star_sign,ema_d0.9999,0.01,0.0001,2.50789,0.156,1750
23,12,star_sign,mlp_h16,0.001,0.0,0.25942,1.0,1750
23,12,star_sign,mlp_h32,0.001,0.0,0.04124,1.0,1750
23,12,star_sign,mlp_h64,0.001,0.0,0.00169,1.0,1750
23,12,star_sign,mlp_h128,0.001,0.0,0.00017,1.0,1750
23,12,star_sign,attention,0.0001,1e-05,0.0,1.0,1750
23,12,star_sign,shuffled,0.01,0.0001,2.5011,0.14629,1750
23,16,age_bin,ema_lr1e-3,0.001,0.0001,1.26582,0.33771,1750
23,16,age_bin,ema_lr5e-3,0.005,0.0001,1.20789,0.33886,1750
23,16,age_bin,ema_lr1e-2,0.01,0.0001,1.22409,0.32743,1750
23,16,age_bin,ema_lr5e-2,0.05,0.0001,3.3375,0.312,1750
23,16,age_bin,ema_lr1e-2_wd1e-3,0.01,0.001,1.24528,0.34686,1750
23,16,age_bin,ema_d0.99,0.01,0.0001,1.26289,0.324,1750
23,16,age_bin,ema_d0.9999,0.01,0.0001,1.2245,0.33829,1750
23,16,age_bin,mlp_h16,0.001,0.0,1.05405,0.49943,1750
23,16,age_bin,mlp_h32,0.001,0.0,1.03516,0.49943,1750
23,16,age_bin,mlp_h64,0.001,0.0,1.07944,0.49829,1750
23,16,age_bin,mlp_h128,0.001,0.0,1.08311,0.49943,1750
23,16,age_bin,attention,0.0001,1e-05,1.11264,0.4375,1750
23,16,age_bin,shuffled,0.01,0.0001,1.32016,0.29714,1750
23,16,gender,ema_lr1e-3,0.001,0.0001,0.7877,0.464,1750
23,16,gender,ema_lr5e-3,0.005,0.0001,0.842,0.45543,1750
23,16,gender,ema_lr1e-2,0.01,0.0001,0.97367,0.49829,1750
23,16,gender,ema_lr5e-2,0.05,0.0001,3.00365,0.46343,1750
23,16,gender,ema_lr1e-2_wd1e-3,0.01,0.001,1.00837,0.51429,1750
23,16,gender,ema_d0.99,0.01,0.0001,0.89176,0.53257,1750
23,16,gender,ema_d0.9999,0.01,0.0001,0.89143,0.492,1750
23,16,gender,mlp_h16,0.001,0.0,0.69255,0.53143,1750
23,16,gender,mlp_h32,0.001,0.0,0.69302,0.52457,1750
23,16,gender,mlp_h64,0.001,0.0,0.68541,0.55543,1750
23,16,gender,mlp_h128,0.001,0.0,0.72995,0.48514,1750
23,16,gender,attention,0.0001,1e-05,63.45005,0.47656,1750
23,16,gender,shuffled,0.01,0.0001,0.99682,0.50343,1750
23,16,star_sign,ema_lr1e-3,0.001,0.0001,2.72129,0.10629,1750
23,16,star_sign,ema_lr5e-3,0.005,0.0001,2.57773,0.15314,1750
23,16,star_sign,ema_lr1e-2,0.01,0.0001,2.47146,0.17314,1750
23,16,star_sign,ema_lr5e-2,0.05,0.0001,1.89957,0.66629,1750
23,16,star_sign,ema_lr1e-2_wd1e-3,0.01,0.001,2.44017,0.17714,1750
23,16,star_sign,ema_d0.99,0.01,0.0001,2.46624,0.12343,1750
23,16,star_sign,ema_d0.9999,0.01,0.0001,2.45752,0.144,1750
23,16,star_sign,mlp_h16,0.001,0.0,0.03559,1.0,1750
23,16,star_sign,mlp_h32,0.001,0.0,0.00985,1.0,1750
23,16,star_sign,mlp_h64,0.001,0.0,0.00066,1.0,1750
23,16,star_sign,mlp_h128,0.001,0.0,8e-05,1.0,1750
23,16,star_sign,attention,0.0001,1e-05,0.0,1.0,1750
23,16,star_sign,shuffled,0.01,0.0001,2.47002,0.13943,1750
23,20,age_bin,ema_lr1e-3,0.001,0.0001,1.28549,0.33143,1750
23,20,age_bin,ema_lr5e-3,0.005,0.0001,1.27838,0.33086,1750
23,20,age_bin,ema_lr1e-2,0.01,0.0001,1.25618,0.35314,1750
23,20,age_bin,ema_lr5e-2,0.05,0.0001,3.11552,0.30914,1750
23,20,age_bin,ema_lr1e-2_wd1e-3,0.01,0.001,1.33735,0.32914,1750
23,20,age_bin,ema_d0.99,0.01,0.0001,1.22139,0.36,1750
23,20,age_bin,ema_d0.9999,0.01,0.0001,1.30622,0.31429,1750
23,20,age_bin,mlp_h16,0.001,0.0,1.04047,0.5,1750
23,20,age_bin,mlp_h32,0.001,0.0,1.04757,0.49829,1750
23,20,age_bin,mlp_h64,0.001,0.0,1.06383,0.5,1750
23,20,age_bin,mlp_h128,0.001,0.0,1.10284,0.50114,1750
23,20,age_bin,attention,0.0001,1e-05,32.44053,0.30469,1750
23,20,age_bin,shuffled,0.01,0.0001,1.21943,0.34571,1750
23,20,gender,ema_lr1e-3,0.001,0.0001,0.85966,0.472,1750
23,20,gender,ema_lr5e-3,0.005,0.0001,0.80592,0.492,1750
23,20,gender,ema_lr1e-2,0.01,0.0001,1.00654,0.508,1750
23,20,gender,ema_lr5e-2,0.05,0.0001,2.85052,0.46286,1750
23,20,gender,ema_lr1e-2_wd1e-3,0.01,0.001,0.91587,0.48914,1750
23,20,gender,ema_d0.99,0.01,0.0001,0.91281,0.50743,1750
23,20,gender,ema_d0.9999,0.01,0.0001,0.97206,0.53257,1750
23,20,gender,mlp_h16,0.001,0.0,0.69101,0.52857,1750
23,20,gender,mlp_h32,0.001,0.0,0.68879,0.54457,1750
23,20,gender,mlp_h64,0.001,0.0,0.69719,0.53029,1750
23,20,gender,mlp_h128,0.001,0.0,0.69298,0.548,1750
23,20,gender,attention,0.0001,1e-05,64.28544,0.47656,1750
23,20,gender,shuffled,0.01,0.0001,0.91792,0.49257,1750
23,20,star_sign,ema_lr1e-3,0.001,0.0001,2.78623,0.08,1750
23,20,star_sign,ema_lr5e-3,0.005,0.0001,2.65624,0.10229,1750
23,20,star_sign,ema_lr1e-2,0.01,0.0001,2.53449,0.13086,1750
23,20,star_sign,ema_lr5e-2,0.05,0.0001,2.25695,0.19543,1750
23,20,star_sign,ema_lr1e-2_wd1e-3,0.01,0.001,2.5196,0.14914,1750
23,20,star_sign,ema_d0.99,0.01,0.0001,2.46818,0.17429,1750
23,20,star_sign,ema_d0.9999,0.01,0.0001,2.50972,0.15943,1750
23,20,star_sign,mlp_h16,0.001,0.0,0.82219,1.0,1750
23,20,star_sign,mlp_h32,0.001,0.0,0.00318,1.0,1750
23,20,star_sign,mlp_h64,0.001,0.0,0.00093,1.0,1750
23,20,star_sign,mlp_h128,0.001,0.0,8e-05,1.0,1750
23,20,star_sign,attention,0.0001,1e-05,0.00268,1.0,1750
23,20,star_sign,shuffled,0.01,0.0001,2.53743,0.14743,1750
23,24,age_bin,ema_lr1e-3,0.001,0.0001,1.36715,0.35086,1750
23,24,age_bin,ema_lr5e-3,0.005,0.0001,1.34407,0.33886,1750
23,24,age_bin,ema_lr1e-2,0.01,0.0001,1.26289,0.36571,1750
23,24,age_bin,ema_lr5e-2,0.05,0.0001,1.82586,0.30971,1750
23,24,age_bin,ema_lr1e-2_wd1e-3,0.01,0.001,1.27984,0.37314,1750
23,24,age_bin,ema_d0.99,0.01,0.0001,1.26487,0.37486,1750
23,24,age_bin,ema_d0.9999,0.01,0.0001,1.34262,0.33943,1750
23,24,age_bin,mlp_h16,0.001,0.0,1.0393,0.48743,1750
23,24,age_bin,mlp_h32,0.001,0.0,1.03949,0.49543,1750
23,24,age_bin,mlp_h64,0.001,0.0,1.05026,0.488,1750
23,24,age_bin,mlp_h128,0.001,0.0,1.06854,0.49657,1750
23,24,age_bin,attention,0.0001,1e-05,12.39096,0.42969,1750
23,24,age_bin,shuffled,0.01,0.0001,1.3173,0.33143,1750
23,24,gender,ema_lr1e-3,0.001,0.0001,0.91187,0.48629,1750
23,24,gender,ema_lr5e-3,0.005,0.0001,0.85464,0.50571,1750
23,24,gender,ema_lr1e-2,0.01,0.0001,0.92642,0.528,1750
23,24,gender,ema_lr5e-2,0.05,0.0001,2.46316,0.53714,1750
23,24,gender,ema_lr1e-2_wd1e-3,0.01,0.001,0.94176,0.45886,1750
23,24,gender,ema_d0.99,0.01,0.0001,0.94325,0.508,1750
23,24,gender,ema_d0.9999,0.01,0.0001,0.95145,0.50229,1750
23,24,gender,mlp_h16,0.001,0.0,0.69388,0.55657,1750
23,24,gender,mlp_h32,0.001,0.0,0.68647,0.56343,1750
23,24,gender,mlp_h64,0.001,0.0,0.69853,0.54229,1750
23,24,gender,mlp_h128,0.001,0.0,0.71697,0.52514,1750
23,24,gender,attention,0.0001,1e-05,14.20551,0.52344,1750
23,24,gender,shuffled,0.01,0.0001,0.99789,0.50343,1750
23,24,star_sign,ema_lr1e-3,0.001,0.0001,3.01701,0.07371,1750
23,24,star_sign,ema_lr5e-3,0.005,0.0001,2.78417,0.10743,1750
23,24,star_sign,ema_lr1e-2,0.01,0.0001,2.73577,0.12114,1750
23,24,star_sign,ema_lr5e-2,0.05,0.0001,2.13505,0.26629,1750
23,24,star_sign,ema_lr1e-2_wd1e-3,0.01,0.001,2.62131,0.13486,1750
23,24,star_sign,ema_d0.99,0.01,0.0001,2.66764,0.12286,1750
23,24,star_sign,ema_d0.9999,0.01,0.0001,2.65915,0.12343,1750
23,24,star_sign,mlp_h16,0.001,0.0,0.03089,1.0,1750
23,24,star_sign,mlp_h32,0.001,0.0,0.04578,1.0,1750
23,24,star_sign,mlp_h64,0.001,0.0,0.00169,1.0,1750
23,24,star_sign,mlp_h128,0.001,0.0,5e-05,1.0,1750
23,24,star_sign,attention,0.0001,1e-05,0.00099,1.0,1750
23,24,star_sign,shuffled,0.01,0.0001,2.64741,0.12457,1750
23,28,age_bin,ema_lr1e-3,0.001,0.0001,1.48372,0.35771,1750
23,28,age_bin,ema_lr5e-3,0.005,0.0001,1.47923,0.34686,1750
23,28,age_bin,ema_lr1e-2,0.01,0.0001,1.37543,0.35257,1750
23,28,age_bin,ema_lr5e-2,0.05,0.0001,1.28065,0.38686,1750
23,28,age_bin,ema_lr1e-2_wd1e-3,0.01,0.001,1.42941,0.36171,1750
23,28,age_bin,ema_d0.99,0.01,0.0001,1.38244,0.37143,1750
23,28,age_bin,ema_d0.9999,0.01,0.0001,1.4368,0.33657,1750
23,28,age_bin,mlp_h16,0.001,0.0,1.02824,0.49429,1750
23,28,age_bin,mlp_h32,0.001,0.0,1.04135,0.48114,1750
23,28,age_bin,mlp_h64,0.001,0.0,1.05315,0.49429,1750
23,28,age_bin,mlp_h128,0.001,0.0,1.06262,0.48629,1750
23,28,age_bin,attention,0.0001,1e-05,1.37864,0.4375,1750
23,28,age_bin,shuffled,0.01,0.0001,1.42601,0.34629,1750
23,28,gender,ema_lr1e-3,0.001,0.0001,1.09877,0.48,1750
23,28,gender,ema_lr5e-3,0.005,0.0001,0.94994,0.50229,1750
23,28,gender,ema_lr1e-2,0.01,0.0001,0.85896,0.54229,1750
23,28,gender,ema_lr5e-2,0.05,0.0001,0.80853,0.52971,1750
23,28,gender,ema_lr1e-2_wd1e-3,0.01,0.001,0.94825,0.48971,1750
23,28,gender,ema_d0.99,0.01,0.0001,0.87321,0.52857,1750
23,28,gender,ema_d0.9999,0.01,0.0001,0.85539,0.524,1750
23,28,gender,mlp_h16,0.001,0.0,0.68439,0.55371,1750
23,28,gender,mlp_h32,0.001,0.0,0.67961,0.55486,1750
23,28,gender,mlp_h64,0.001,0.0,0.68728,0.55029,1750
23,28,gender,mlp_h128,0.001,0.0,0.69256,0.55486,1750
23,28,gender,attention,0.0001,1e-05,0.89841,0.50781,1750
23,28,gender,shuffled,0.01,0.0001,0.95978,0.49143,1750
23,28,star_sign,ema_lr1e-3,0.001,0.0001,3.23765,0.11143,1750
23,28,star_sign,ema_lr5e-3,0.005,0.0001,3.25089,0.084,1750
23,28,star_sign,ema_lr1e-2,0.01,0.0001,2.99111,0.09829,1750
23,28,star_sign,ema_lr5e-2,0.05,0.0001,2.04507,0.36914,1750
23,28,star_sign,ema_lr1e-2_wd1e-3,0.01,0.001,2.95477,0.12229,1750
23,28,star_sign,ema_d0.99,0.01,0.0001,3.03711,0.07714,1750
23,28,star_sign,ema_d0.9999,0.01,0.0001,2.96509,0.10514,1750
23,28,star_sign,mlp_h16,0.001,0.0,0.94338,0.91771,1750
23,28,star_sign,mlp_h32,0.001,0.0,0.53347,1.0,1750
23,28,star_sign,mlp_h64,0.001,0.0,0.12386,1.0,1750
23,28,star_sign,mlp_h128,0.001,0.0,0.02413,1.0,1750
23,28,star_sign,attention,0.0001,1e-05,0.00016,1.0,1750
23,28,star_sign,shuffled,0.01,0.0001,3.06962,0.08857,1750
24,0,age_bin,ema_lr1e-3,0.001,0.0001,1.57544,0.32985,2198
24,0,age_bin,ema_lr5e-3,0.005,0.0001,1.46297,0.33076,2198
24,0,age_bin,ema_lr1e-2,0.01,0.0001,1.40992,0.34395,2198
24,0,age_bin,ema_lr5e-2,0.05,0.0001,1.39476,0.3717,2198
24,0,age_bin,ema_lr1e-2_wd1e-3,0.01,0.001,1.38027,0.33621,2198
24,0,age_bin,ema_d0.99,0.01,0.0001,1.36952,0.35487,2198
24,0,age_bin,ema_d0.9999,0.01,0.0001,1.39351,0.34258,2198
24,0,age_bin,mlp_h16,0.001,0.0,1.07299,0.46451,2198
24,0,age_bin,mlp_h32,0.001,0.0,1.07685,0.46133,2198
24,0,age_bin,mlp_h64,0.001,0.0,1.091,0.45223,2198
24,0,age_bin,mlp_h128,0.001,0.0,1.09505,0.46178,2198
24,0,age_bin,attention,0.0001,1e-05,1.07647,0.47656,2198
24,0,age_bin,shuffled,0.01,0.0001,1.39578,0.33576,2198
24,0,gender,ema_lr1e-3,0.001,0.0001,1.08428,0.49636,2198
24,0,gender,ema_lr5e-3,0.005,0.0001,0.97787,0.47953,2198
24,0,gender,ema_lr1e-2,0.01,0.0001,0.97562,0.4727,2198
24,0,gender,ema_lr5e-2,0.05,0.0001,1.3794,0.48908,2198
24,0,gender,ema_lr1e-2_wd1e-3,0.01,0.001,0.86407,0.48499,2198
24,0,gender,ema_d0.99,0.01,0.0001,0.86674,0.49818,2198
24,0,gender,ema_d0.9999,0.01,0.0001,0.87689,0.50182,2198
24,0,gender,mlp_h16,0.001,0.0,0.69783,0.48772,2198
24,0,gender,mlp_h32,0.001,0.0,0.70589,0.49682,2198
24,0,gender,mlp_h64,0.001,0.0,0.71081,0.49864,2198
24,0,gender,mlp_h128,0.001,0.0,0.70421,0.49955,2198
24,0,gender,attention,0.0001,1e-05,0.69269,0.53125,2198
24,0,gender,shuffled,0.01,0.0001,0.87132,0.48863,2198
24,0,star_sign,ema_lr1e-3,0.001,0.0001,3.22154,0.08098,2198
24,0,star_sign,ema_lr5e-3,0.005,0.0001,3.08753,0.12102,2198
24,0,star_sign,ema_lr1e-2,0.01,0.0001,2.83276,0.09782,2198
24,0,star_sign,ema_lr5e-2,0.05,0.0001,1.90081,0.57006,2198
24,0,star_sign,ema_lr1e-2_wd1e-3,0.01,0.001,2.88054,0.096,2198
24,0,star_sign,ema_d0.99,0.01,0.0001,2.82097,0.14968,2198
24,0,star_sign,ema_d0.9999,0.01,0.0001,2.79059,0.12102,2198
24,0,star_sign,mlp_h16,0.001,0.0,0.62011,0.96906,2198
24,0,star_sign,mlp_h32,0.001,0.0,0.07098,1.0,2198
24,0,star_sign,mlp_h64,0.001,0.0,0.03802,1.0,2198
24,0,star_sign,mlp_h128,0.001,0.0,0.01667,1.0,2198
24,0,star_sign,attention,0.0001,1e-05,2.31961,0.98438,2198
24,0,star_sign,shuffled,0.01,0.0001,2.85435,0.09827,2198
24,4,age_bin,ema_lr1e-3,0.001,0.0001,1.19952,0.32712,2198
24,4,age_bin,ema_lr5e-3,0.005,0.0001,1.18038,0.35259,2198
24,4,age_bin,ema_lr1e-2,0.01,0.0001,1.27916,0.29481,2198
24,4,age_bin,ema_lr5e-2,0.05,0.0001,3.2851,0.45177,2198
24,4,age_bin,ema_lr1e-2_wd1e-3,0.01,0.001,1.23462,0.33485,2198
24,4,age_bin,ema_d0.99,0.01,0.0001,1.22684,0.34167,2198
24,4,age_bin,ema_d0.9999,0.01,0.0001,1.25965,0.31893,2198
24,4,age_bin,mlp_h16,0.001,0.0,1.06395,0.46542,2198
24,4,age_bin,mlp_h32,0.001,0.0,1.05815,0.46451,2198
24,4,age_bin,mlp_h64,0.001,0.0,1.10969,0.46497,2198
24,4,age_bin,mlp_h128,0.001,0.0,1.07387,0.46588,2198
24,4,age_bin,attention,0.0001,1e-05,1.0846,0.49219,2198
24,4,age_bin,shuffled,0.01,0.0001,1.2898,0.31529,2198
24,4,gender,ema_lr1e-3,0.001,0.0001,0.80039,0.47725,2198
24,4,gender,ema_lr5e-3,0.005,0.0001,0.79706,0.48863,2198
24,4,gender,ema_lr1e-2,0.01,0.0001,0.81837,0.53185,2198
24,4,gender,ema_lr5e-2,0.05,0.0001,2.73565,0.51638,2198
24,4,gender,ema_lr1e-2_wd1e-3,0.01,0.001,0.83638,0.48999,2198
24,4,gender,ema_d0.99,0.01,0.0001,0.9898,0.50637,2198
24,4,gender,ema_d0.9999,0.01,0.0001,0.83926,0.5,2198
24,4,gender,mlp_h16,0.001,0.0,0.70333,0.48544,2198
24,4,gender,mlp_h32,0.001,0.0,0.69485,0.49591,2198
24,4,gender,mlp_h64,0.001,0.0,0.7013,0.49909,2198
24,4,gender,mlp_h128,0.001,0.0,0.70844,0.51001,2198
24,4,gender,attention,0.0001,1e-05,0.70877,0.53125,2198
24,4,gender,shuffled,0.01,0.0001,0.91935,0.52184,2198
24,4,star_sign,ema_lr1e-3,0.001,0.0001,2.71261,0.05641,2198
24,4,star_sign,ema_lr5e-3,0.005,0.0001,2.53322,0.12102,2198
24,4,star_sign,ema_lr1e-2,0.01,0.0001,2.43662,0.15287,2198
24,4,star_sign,ema_lr5e-2,0.05,0.0001,2.45425,0.09281,2198
24,4,star_sign,ema_lr1e-2_wd1e-3,0.01,0.001,2.43411,0.14832,2198
24,4,star_sign,ema_d0.99,0.01,0.0001,2.44063,0.14013,2198
24,4,star_sign,ema_d0.9999,0.01,0.0001,2.43604,0.15469,2198
24,4,star_sign,mlp_h16,0.001,0.0,0.06639,1.0,2198
24,4,star_sign,mlp_h32,0.001,0.0,0.00225,1.0,2198
24,4,star_sign,mlp_h64,0.001,0.0,0.00233,1.0,2198
24,4,star_sign,mlp_h128,0.001,0.0,7e-05,1.0,2198
24,4,star_sign,attention,0.0001,1e-05,0.0771,1.0,2198
24,4,star_sign,shuffled,0.01,0.0001,2.42612,0.17834,2198
24,8,age_bin,ema_lr1e-3,0.001,0.0001,1.21966,0.34395,2198
24,8,age_bin,ema_lr5e-3,0.005,0.0001,1.19474,0.35851,2198
24,8,age_bin,ema_lr1e-2,0.01,0.0001,1.26975,0.31119,2198
24,8,age_bin,ema_lr5e-2,0.05,0.0001,2.51334,0.44586,2198
24,8,age_bin,ema_lr1e-2_wd1e-3,0.01,0.001,1.19367,0.39536,2198
24,8,age_bin,ema_d0.99,0.01,0.0001,1.18446,0.35714,2198
24,8,age_bin,ema_d0.9999,0.01,0.0001,1.24085,0.33758,2198
24,8,age_bin,mlp_h16,0.001,0.0,1.08729,0.4636,2198
24,8,age_bin,mlp_h32,0.001,0.0,1.08698,0.4586,2198
24,8,age_bin,mlp_h64,0.001,0.0,1.06923,0.4636,2198
24,8,age_bin,mlp_h128,0.001,0.0,1.06891,0.46224,2198
24,8,age_bin,attention,0.0001,1e-05,1.0636,0.46094,2198
24,8,age_bin,shuffled,0.01,0.0001,1.23767,0.33712,2198
24,8,gender,ema_lr1e-3,0.001,0.0001,0.76979,0.5,2198
24,8,gender,ema_lr5e-3,0.005,0.0001,0.77712,0.50045,2198
24,8,gender,ema_lr1e-2,0.01,0.0001,0.83484,0.51638,2198
24,8,gender,ema_lr5e-2,0.05,0.0001,4.59311,0.48362,2198
24,8,gender,ema_lr1e-2_wd1e-3,0.01,0.001,1.01608,0.47634,2198
24,8,gender,ema_d0.99,0.01,0.0001,1.00698,0.49181,2198
24,8,gender,ema_d0.9999,0.01,0.0001,0.85679,0.48908,2198
24,8,gender,mlp_h16,0.001,0.0,0.6938,0.50455,2198
24,8,gender,mlp_h32,0.001,0.0,0.69141,0.5182,2198
24,8,gender,mlp_h64,0.001,0.0,0.68825,0.5232,2198
24,8,gender,mlp_h128,0.001,0.0,0.72514,0.51274,2198
24,8,gender,attention,0.0001,1e-05,0.73828,0.49219,2198
24,8,gender,shuffled,0.01,0.0001,1.01858,0.50591,2198
24,8,star_sign,ema_lr1e-3,0.001,0.0001,2.71992,0.09463,2198
24,8,star_sign,ema_lr5e-3,0.005,0.0001,2.54782,0.13103,2198
24,8,star_sign,ema_lr1e-2,0.01,0.0001,2.41522,0.16879,2198
24,8,star_sign,ema_lr5e-2,0.05,0.0001,2.59918,0.94177,2198
24,8,star_sign,ema_lr1e-2_wd1e-3,0.01,0.001,2.44791,0.14422,2198
24,8,star_sign,ema_d0.99,0.01,0.0001,2.45222,0.15605,2198
24,8,star_sign,ema_d0.9999,0.01,0.0001,2.43913,0.18062,2198
24,8,star_sign,mlp_h16,0.001,0.0,1.88167,0.05823,2198
24,8,star_sign,mlp_h32,0.001,0.0,0.11344,1.0,2198
24,8,star_sign,mlp_h64,0.001,0.0,0.00126,1.0,2198
24,8,star_sign,mlp_h128,0.001,0.0,6e-05,1.0,2198
24,8,star_sign,attention,0.0001,1e-05,0.0,1.0,2198
24,8,star_sign,shuffled,0.01,0.0001,2.43645,0.1465,2198
24,12,age_bin,ema_lr1e-3,0.001,0.0001,1.24123,0.33121,2198
24,12,age_bin,ema_lr5e-3,0.005,0.0001,1.18858,0.35214,2198
24,12,age_bin,ema_lr1e-2,0.01,0.0001,1.22198,0.34713,2198
24,12,age_bin,ema_lr5e-2,0.05,0.0001,2.94129,0.45177,2198
24,12,age_bin,ema_lr1e-2_wd1e-3,0.01,0.001,1.19392,0.36533,2198
24,12,age_bin,ema_d0.99,0.01,0.0001,1.21573,0.34895,2198
24,12,age_bin,ema_d0.9999,0.01,0.0001,1.21425,0.35441,2198
24,12,age_bin,mlp_h16,0.001,0.0,1.07612,0.46542,2198
24,12,age_bin,mlp_h32,0.001,0.0,1.08879,0.46406,2198
24,12,age_bin,mlp_h64,0.001,0.0,1.06123,0.46133,2198
24,12,age_bin,mlp_h128,0.001,0.0,1.0821,0.46451,2198
24,12,age_bin,attention,0.0001,1e-05,15.24262,0.40625,2198
24,12,age_bin,shuffled,0.01,0.0001,1.24958,0.31711,2198
24,12,gender,ema_lr1e-3,0.001,0.0001,0.79958,0.47179,2198
24,12,gender,ema_lr5e-3,0.005,0.0001,0.7734,0.50227,2198
24,12,gender,ema_lr1e-2,0.01,0.0001,0.97603,0.48772,2198
24,12,gender,ema_lr5e-2,0.05,0.0001,4.56894,0.48362,2198
24,12,gender,ema_lr1e-2_wd1e-3,0.01,0.001,0.81168,0.52821,2198
24,12,gender,ema_d0.99,0.01,0.0001,0.81124,0.53003,2198
24,12,gender,ema_d0.9999,0.01,0.0001,0.99178,0.51865,2198
24,12,gender,mlp_h16,0.001,0.0,0.69203,0.52502,2198
24,12,gender,mlp_h32,0.001,0.0,0.69606,0.51638,2198
24,12,gender,mlp_h64,0.001,0.0,0.69913,0.51319,2198
24,12,gender,mlp_h128,0.001,0.0,0.70414,0.52093,2198
24,12,gender,attention,0.0001,1e-05,0.70772,0.5625,2198
24,12,gender,shuffled,0.01,0.0001,0.92421,0.50409,2198
24,12,star_sign,ema_lr1e-3,0.001,0.0001,2.70592,0.07143,2198
24,12,star_sign,ema_lr5e-3,0.005,0.0001,2.56888,0.11146,2198
24,12,star_sign,ema_lr1e-2,0.01,0.0001,2.47577,0.12102,2198
24,12,star_sign,ema_lr5e-2,0.05,0.0001,2.35789,0.15287,2198
24,12,star_sign,ema_lr1e-2_wd1e-3,0.01,0.001,2.46667,0.14013,2198
24,12,star_sign,ema_d0.99,0.01,0.0001,2.4397,0.12693,2198
24,12,star_sign,ema_d0.9999,0.01,0.0001,2.49891,0.15787,2198
24,12,star_sign,mlp_h16,0.001,0.0,0.23641,1.0,2198
24,12,star_sign,mlp_h32,0.001,0.0,0.03322,1.0,2198
24,12,star_sign,mlp_h64,0.001,0.0,0.0014,1.0,2198
24,12,star_sign,mlp_h128,0.001,0.0,0.00014,1.0,2198
24,12,star_sign,attention,0.0001,1e-05,0.0,1.0,2198
24,12,star_sign,shuffled,0.01,0.0001,2.50328,0.14832,2198
24,16,age_bin,ema_lr1e-3,0.001,0.0001,1.27311,0.31301,2198
24,16,age_bin,ema_lr5e-3,0.005,0.0001,1.18822,0.33167,2198
24,16,age_bin,ema_lr1e-2,0.01,0.0001,1.23036,0.3353,2198
24,16,age_bin,ema_lr5e-2,0.05,0.0001,2.91238,0.45132,2198
24,16,age_bin,ema_lr1e-2_wd1e-3,0.01,0.001,1.23411,0.36533,2198
24,16,age_bin,ema_d0.99,0.01,0.0001,1.28716,0.29345,2198
24,16,age_bin,ema_d0.9999,0.01,0.0001,1.21757,0.33303,2198
24,16,age_bin,mlp_h16,0.001,0.0,1.10081,0.46497,2198
24,16,age_bin,mlp_h32,0.001,0.0,1.06646,0.46588,2198
24,16,age_bin,mlp_h64,0.001,0.0,1.06719,0.46497,2198
24,16,age_bin,mlp_h128,0.001,0.0,1.07787,0.46542,2198
24,16,age_bin,attention,0.0001,1e-05,1.10073,0.45312,2198
24,16,age_bin,shuffled,0.01,0.0001,1.21888,0.35714,2198
24,16,gender,ema_lr1e-3,0.001,0.0001,0.73527,0.55505,2198
24,16,gender,ema_lr5e-3,0.005,0.0001,0.78427,0.52275,2198
24,16,gender,ema_lr1e-2,0.01,0.0001,0.79031,0.53321,2198
24,16,gender,ema_lr5e-2,0.05,0.0001,4.58106,0.48362,2198
24,16,gender,ema_lr1e-2_wd1e-3,0.01,0.001,0.83155,0.50864,2198
24,16,gender,ema_d0.99,0.01,0.0001,1.02092,0.495,2198
24,16,gender,ema_d0.9999,0.01,0.0001,0.98897,0.48499,2198
24,16,gender,mlp_h16,0.001,0.0,0.69391,0.51865,2198
24,16,gender,mlp_h32,0.001,0.0,0.69075,0.52639,2198
24,16,gender,mlp_h64,0.001,0.0,0.70892,0.52093,2198
24,16,gender,mlp_h128,0.001,0.0,0.70287,0.51319,2198
24,16,gender,attention,0.0001,1e-05,46.94489,0.55469,2198
24,16,gender,shuffled,0.01,0.0001,0.96757,0.50136,2198
24,16,star_sign,ema_lr1e-3,0.001,0.0001,2.74826,0.08462,2198
24,16,star_sign,ema_lr5e-3,0.005,0.0001,2.47555,0.1838,2198
24,16,star_sign,ema_lr1e-2,0.01,0.0001,2.42346,0.15105,2198
24,16,star_sign,ema_lr5e-2,0.05,0.0001,2.5232,0.08781,2198
24,16,star_sign,ema_lr1e-2_wd1e-3,0.01,0.001,2.44991,0.15287,2198
24,16,star_sign,ema_d0.99,0.01,0.0001,2.45007,0.13876,2198
24,16,star_sign,ema_d0.9999,0.01,0.0001,2.42715,0.14195,2198
24,16,star_sign,mlp_h16,0.001,0.0,0.03123,1.0,2198
24,16,star_sign,mlp_h32,0.001,0.0,0.00852,1.0,2198
24,16,star_sign,mlp_h64,0.001,0.0,0.00059,1.0,2198
24,16,star_sign,mlp_h128,0.001,0.0,7e-05,1.0,2198
24,16,star_sign,attention,0.0001,1e-05,0.0,1.0,2198
24,16,star_sign,shuffled,0.01,0.0001,2.44136,0.16606,2198
24,20,age_bin,ema_lr1e-3,0.001,0.0001,1.25583,0.33712,2198
24,20,age_bin,ema_lr5e-3,0.005,0.0001,1.24486,0.33485,2198
24,20,age_bin,ema_lr1e-2,0.01,0.0001,1.22382,0.37216,2198
24,20,age_bin,ema_lr5e-2,0.05,0.0001,2.2435,0.41856,2198
24,20,age_bin,ema_lr1e-2_wd1e-3,0.01,0.001,1.24906,0.34577,2198
24,20,age_bin,ema_d0.99,0.01,0.0001,1.26612,0.32939,2198
24,20,age_bin,ema_d0.9999,0.01,0.0001,1.20718,0.36761,2198
24,20,age_bin,mlp_h16,0.001,0.0,1.08999,0.46451,2198
24,20,age_bin,mlp_h32,0.001,0.0,1.09906,0.46406,2198
24,20,age_bin,mlp_h64,0.001,0.0,1.05093,0.4636,2198
24,20,age_bin,mlp_h128,0.001,0.0,1.10542,0.46087,2198
24,20,age_bin,attention,0.0001,1e-05,35.24247,0.28906,2198
24,20,age_bin,shuffled,0.01,0.0001,1.22663,0.32985,2198
24,20,gender,ema_lr1e-3,0.001,0.0001,0.85623,0.47179,2198
24,20,gender,ema_lr5e-3,0.005,0.0001,0.84967,0.46269,2198
24,20,gender,ema_lr1e-2,0.01,0.0001,0.83038,0.52593,2198
24,20,gender,ema_lr5e-2,0.05,0.0001,4.01912,0.48362,2198
24,20,gender,ema_lr1e-2_wd1e-3,0.01,0.001,0.9759,0.51319,2198
24,20,gender,ema_d0.99,0.01,0.0001,0.99884,0.49227,2198
24,20,gender,ema_d0.9999,0.01,0.0001,0.86595,0.49864,2198
24,20,gender,mlp_h16,0.001,0.0,0.69147,0.53594,2198
24,20,gender,mlp_h32,0.001,0.0,0.68693,0.54368,2198
24,20,gender,mlp_h64,0.001,0.0,0.6885,0.53913,2198
24,20,gender,mlp_h128,0.001,0.0,0.69419,0.54595,2198
24,20,gender,attention,0.0001,1e-05,47.46217,0.55469,2198
24,20,gender,shuffled,0.01,0.0001,0.91358,0.4909,2198
24,20,star_sign,ema_lr1e-3,0.001,0.0001,2.88977,0.05369,2198
24,20,star_sign,ema_lr5e-3,0.005,0.0001,2.59729,0.10237,2198
24,20,star_sign,ema_lr1e-2,0.01,0.0001,2.52046,0.13694,2198
24,20,star_sign,ema_lr5e-2,0.05,0.0001,2.62022,0.94086,2198
24,20,star_sign,ema_lr1e-2_wd1e-3,0.01,0.001,2.46051,0.16333,2198
24,20,star_sign,ema_d0.99,0.01,0.0001,2.48694,0.17743,2198
24,20,star_sign,ema_d0.9999,0.01,0.0001,2.48576,0.15059,2198
24,20,star_sign,mlp_h16,0.001,0.0,0.79382,1.0,2198
24,20,star_sign,mlp_h32,0.001,0.0,0.00268,1.0,2198
24,20,star_sign,mlp_h64,0.001,0.0,0.0008,1.0,2198
24,20,star_sign,mlp_h128,0.001,0.0,7e-05,1.0,2198
24,20,star_sign,attention,0.0001,1e-05,0.00368,1.0,2198
24,20,star_sign,shuffled,0.01,0.0001,2.49188,0.15332,2198
24,24,age_bin,ema_lr1e-3,0.001,0.0001,1.40601,0.30619,2198
24,24,age_bin,ema_lr5e-3,0.005,0.0001,1.27487,0.36715,2198
24,24,age_bin,ema_lr1e-2,0.01,0.0001,1.3449,0.33303,2198
24,24,age_bin,ema_lr5e-2,0.05,0.0001,2.19693,0.32166,2198
24,24,age_bin,ema_lr1e-2_wd1e-3,0.01,0.001,1.30788,0.3576,2198
24,24,age_bin,ema_d0.99,0.01,0.0001,1.34511,0.33167,2198
24,24,age_bin,ema_d0.9999,0.01,0.0001,1.33513,0.3212,2198
24,24,age_bin,mlp_h16,0.001,0.0,1.05638,0.46406,2198
24,24,age_bin,mlp_h32,0.001,0.0,1.05944,0.47407,2198
24,24,age_bin,mlp_h64,0.001,0.0,1.03131,0.48544,2198
24,24,age_bin,mlp_h128,0.001,0.0,1.05543,0.47543,2198
24,24,age_bin,attention,0.0001,1e-05,26.69551,0.25,2198
24,24,age_bin,shuffled,0.01,0.0001,1.30064,0.33894,2198
24,24,gender,ema_lr1e-3,0.001,0.0001,0.92419,0.49454,2198
24,24,gender,ema_lr5e-3,0.005,0.0001,0.82489,0.52866,2198
24,24,gender,ema_lr1e-2,0.01,0.0001,0.87761,0.50318,2198
24,24,gender,ema_lr5e-2,0.05,0.0001,1.76482,0.52093,2198
24,24,gender,ema_lr1e-2_wd1e-3,0.01,0.001,0.97978,0.50819,2198
24,24,gender,ema_d0.99,0.01,0.0001,0.89035,0.48908,2198
24,24,gender,ema_d0.9999,0.01,0.0001,0.78455,0.56051,2198
24,24,gender,mlp_h16,0.001,0.0,0.68522,0.55505,2198
24,24,gender,mlp_h32,0.001,0.0,0.69258,0.53776,2198
24,24,gender,mlp_h64,0.001,0.0,0.68588,0.56005,2198
24,24,gender,mlp_h128,0.001,0.0,0.69683,0.55096,2198
24,24,gender,attention,0.0001,1e-05,16.92414,0.44531,2198
24,24,gender,shuffled,0.01,0.0001,0.92841,0.48863,2198
24,24,star_sign,ema_lr1e-3,0.001,0.0001,2.91432,0.0869,2198
24,24,star_sign,ema_lr5e-3,0.005,0.0001,2.7267,0.11101,2198
24,24,star_sign,ema_lr1e-2,0.01,0.0001,2.71706,0.1101,2198
24,24,star_sign,ema_lr5e-2,0.05,0.0001,2.28079,0.8899,2198
24,24,star_sign,ema_lr1e-2_wd1e-3,0.01,0.001,2.71601,0.13103,2198
24,24,star_sign,ema_d0.99,0.01,0.0001,2.60664,0.1424,2198
24,24,star_sign,ema_d0.9999,0.01,0.0001,2.74107,0.10601,2198
24,24,star_sign,mlp_h16,0.001,0.0,0.02724,1.0,2198
24,24,star_sign,mlp_h32,0.001,0.0,0.03776,1.0,2198
24,24,star_sign,mlp_h64,0.001,0.0,0.00147,1.0,2198
24,24,star_sign,mlp_h128,0.001,0.0,5e-05,1.0,2198
24,24,star_sign,attention,0.0001,1e-05,0.0002,1.0,2198
24,24,star_sign,shuffled,0.01,0.0001,2.73534,0.12784,2198
24,28,age_bin,ema_lr1e-3,0.001,0.0001,1.63016,0.33167,2198
24,28,age_bin,ema_lr5e-3,0.005,0.0001,1.61245,0.31665,2198
24,28,age_bin,ema_lr1e-2,0.01,0.0001,1.36085,0.37671,2198
24,28,age_bin,ema_lr5e-2,0.05,0.0001,1.25963,0.4131,2198
24,28,age_bin,ema_lr1e-2_wd1e-3,0.01,0.001,1.33148,0.39672,2198
24,28,age_bin,ema_d0.99,0.01,0.0001,1.43517,0.34304,2198
24,28,age_bin,ema_d0.9999,0.01,0.0001,1.41308,0.35305,2198
24,28,age_bin,mlp_h16,0.001,0.0,1.02914,0.50591,2198
24,28,age_bin,mlp_h32,0.001,0.0,1.0287,0.51137,2198
24,28,age_bin,mlp_h64,0.001,0.0,1.01241,0.52047,2198
24,28,age_bin,mlp_h128,0.001,0.0,1.01475,0.51183,2198
24,28,age_bin,attention,0.0001,1e-05,1.34348,0.41406,2198
24,28,age_bin,shuffled,0.01,0.0001,1.5151,0.31893,2198
24,28,gender,ema_lr1e-3,0.001,0.0001,0.95869,0.55278,2198
24,28,gender,ema_lr5e-3,0.005,0.0001,1.02769,0.43722,2198
24,28,gender,ema_lr1e-2,0.01,0.0001,0.86803,0.54004,2198
24,28,gender,ema_lr5e-2,0.05,0.0001,0.84058,0.51911,2198
24,28,gender,ema_lr1e-2_wd1e-3,0.01,0.001,0.94308,0.50773,2198
24,28,gender,ema_d0.99,0.01,0.0001,0.88825,0.505,2198
24,28,gender,ema_d0.9999,0.01,0.0001,0.97156,0.50955,2198
24,28,gender,mlp_h16,0.001,0.0,0.70609,0.53276,2198
24,28,gender,mlp_h32,0.001,0.0,0.70291,0.54231,2198
24,28,gender,mlp_h64,0.001,0.0,0.68346,0.57143,2198
24,28,gender,mlp_h128,0.001,0.0,0.69966,0.54823,2198
24,28,gender,attention,0.0001,1e-05,0.93228,0.45312,2198
24,28,gender,shuffled,0.01,0.0001,0.95427,0.49636,2198
24,28,star_sign,ema_lr1e-3,0.001,0.0001,3.24379,0.10419,2198
24,28,star_sign,ema_lr5e-3,0.005,0.0001,3.15245,0.08599,2198
24,28,star_sign,ema_lr1e-2,0.01,0.0001,2.96237,0.11692,2198
24,28,star_sign,ema_lr5e-2,0.05,0.0001,2.0306,0.37898,2198
24,28,star_sign,ema_lr1e-2_wd1e-3,0.01,0.001,2.92061,0.11783,2198
24,28,star_sign,ema_d0.99,0.01,0.0001,3.0261,0.09827,2198
24,28,star_sign,ema_d0.9999,0.01,0.0001,2.92884,0.12557,2198
24,28,star_sign,mlp_h16,0.001,0.0,0.90479,0.91583,2198
24,28,star_sign,mlp_h32,0.001,0.0,0.51661,1.0,2198
24,28,star_sign,mlp_h64,0.001,0.0,0.10888,1.0,2198
24,28,star_sign,mlp_h128,0.001,0.0,0.02163,1.0,2198
24,28,star_sign,attention,0.0001,1e-05,7e-05,1.0,2198
24,28,star_sign,shuffled,0.01,0.0001,2.97254,0.12056,2198
25,0,age_bin,ema_lr1e-3,0.001,0.0001,1.53131,0.34862,2137
25,0,age_bin,ema_lr5e-3,0.005,0.0001,1.43943,0.33973,2137
25,0,age_bin,ema_lr1e-2,0.01,0.0001,1.40376,0.35798,2137
25,0,age_bin,ema_lr5e-2,0.05,0.0001,1.33796,0.41507,2137
25,0,age_bin,ema_lr1e-2_wd1e-3,0.01,0.001,1.35697,0.35798,2137
25,0,age_bin,ema_d0.99,0.01,0.0001,1.40384,0.33318,2137
25,0,age_bin,ema_d0.9999,0.01,0.0001,1.4362,0.32663,2137
25,0,age_bin,mlp_h16,0.001,0.0,1.02371,0.51802,2137
25,0,age_bin,mlp_h32,0.001,0.0,1.02224,0.52363,2137
25,0,age_bin,mlp_h64,0.001,0.0,1.02448,0.51427,2137
25,0,age_bin,mlp_h128,0.001,0.0,1.01774,0.52504,2137
25,0,age_bin,attention,0.0001,1e-05,1.07319,0.47656,2137
25,0,age_bin,shuffled,0.01,0.0001,1.38031,0.33692,2137
25,0,gender,ema_lr1e-3,0.001,0.0001,1.04727,0.49462,2137
25,0,gender,ema_lr5e-3,0.005,0.0001,0.90683,0.51802,2137
25,0,gender,ema_lr1e-2,0.01,0.0001,0.89636,0.50023,2137
25,0,gender,ema_lr5e-2,0.05,0.0001,1.48202,0.50772,2137
25,0,gender,ema_lr1e-2_wd1e-3,0.01,0.001,0.8618,0.50117,2137
25,0,gender,ema_d0.99,0.01,0.0001,0.86018,0.50538,2137
25,0,gender,ema_d0.9999,0.01,0.0001,0.89256,0.4993,2137
25,0,gender,mlp_h16,0.001,0.0,0.6867,0.53533,2137
25,0,gender,mlp_h32,0.001,0.0,0.68886,0.56107,2137
25,0,gender,mlp_h64,0.001,0.0,0.69317,0.52737,2137
25,0,gender,mlp_h128,0.001,0.0,0.69054,0.54703,2137
25,0,gender,attention,0.0001,1e-05,0.69232,0.52344,2137
25,0,gender,shuffled,0.01,0.0001,0.87161,0.50211,2137
25,0,star_sign,ema_lr1e-3,0.001,0.0001,3.18616,0.08985,2137
25,0,star_sign,ema_lr5e-3,0.005,0.0001,3.05416,0.11558,2137
25,0,star_sign,ema_lr1e-2,0.01,0.0001,2.8533,0.10248,2137
25,0,star_sign,ema_lr5e-2,0.05,0.0001,1.90353,0.54375,2137
25,0,star_sign,ema_lr1e-2_wd1e-3,0.01,0.001,2.85062,0.08844,2137
25,0,star_sign,ema_d0.99,0.01,0.0001,2.90822,0.15115,2137
25,0,star_sign,ema_d0.9999,0.01,0.0001,2.81758,0.0978,2137
25,0,star_sign,mlp_h16,0.001,0.0,0.59507,0.96116,2137
25,0,star_sign,mlp_h32,0.001,0.0,0.07101,1.0,2137
25,0,star_sign,mlp_h64,0.001,0.0,0.03803,1.0,2137
25,0,star_sign,mlp_h128,0.001,0.0,0.01604,1.0,2137
25,0,star_sign,attention,0.0001,1e-05,2.31163,0.98438,2137
25,0,star_sign,shuffled,0.01,0.0001,2.8639,0.07908,2137
25,4,age_bin,ema_lr1e-3,0.001,0.0001,1.22162,0.31961,2137
25,4,age_bin,ema_lr5e-3,0.005,0.0001,1.19104,0.33973,2137
25,4,age_bin,ema_lr1e-2,0.01,0.0001,1.20393,0.38559,2137
25,4,age_bin,ema_lr5e-2,0.05,0.0001,2.95077,0.23397,2137
25,4,age_bin,ema_lr1e-2_wd1e-3,0.01,0.001,1.17659,0.38231,2137
25,4,age_bin,ema_d0.99,0.01,0.0001,1.16777,0.35377,2137
25,4,age_bin,ema_d0.9999,0.01,0.0001,1.14433,0.4015,2137
25,4,age_bin,mlp_h16,0.001,0.0,1.02108,0.5255,2137
25,4,age_bin,mlp_h32,0.001,0.0,1.01016,0.53533,2137
25,4,age_bin,mlp_h64,0.001,0.0,1.03057,0.53346,2137
25,4,age_bin,mlp_h128,0.001,0.0,1.01169,0.53346,2137
25,4,age_bin,attention,0.0001,1e-05,1.0956,0.4375,2137
25,4,age_bin,shuffled,0.01,0.0001,1.27203,0.4146,2137
25,4,gender,ema_lr1e-3,0.001,0.0001,0.75174,0.52784,2137
25,4,gender,ema_lr5e-3,0.005,0.0001,0.7886,0.47824,2137
25,4,gender,ema_lr1e-2,0.01,0.0001,0.81788,0.54703,2137
25,4,gender,ema_lr5e-2,0.05,0.0001,2.54229,0.60178,2137
25,4,gender,ema_lr1e-2_wd1e-3,0.01,0.001,0.79263,0.56481,2137
25,4,gender,ema_d0.99,0.01,0.0001,0.91868,0.44689,2137
25,4,gender,ema_d0.9999,0.01,0.0001,0.82766,0.50211,2137
25,4,gender,mlp_h16,0.001,0.0,0.67014,0.60599,2137
25,4,gender,mlp_h32,0.001,0.0,0.69297,0.49696,2137
25,4,gender,mlp_h64,0.001,0.0,0.67452,0.60505,2137
25,4,gender,mlp_h128,0.001,0.0,0.66171,0.60646,2137
25,4,gender,attention,0.0001,1e-05,0.72856,0.50781,2137
25,4,gender,shuffled,0.01,0.0001,0.80149,0.53486,2137
25,4,star_sign,ema_lr1e-3,0.001,0.0001,2.71526,0.05756,2137
25,4,star_sign,ema_lr5e-3,0.005,0.0001,2.5645,0.11418,2137
25,4,star_sign,ema_lr1e-2,0.01,0.0001,2.39796,0.24661,2137
25,4,star_sign,ema_lr5e-2,0.05,0.0001,2.84804,0.9401,2137
25,4,star_sign,ema_lr1e-2_wd1e-3,0.01,0.001,2.38251,0.2569,2137
25,4,star_sign,ema_d0.99,0.01,0.0001,2.41532,0.22087,2137
25,4,star_sign,ema_d0.9999,0.01,0.0001,2.39509,0.21853,2137
25,4,star_sign,mlp_h16,0.001,0.0,0.05747,1.0,2137
25,4,star_sign,mlp_h32,0.001,0.0,0.00194,1.0,2137
25,4,star_sign,mlp_h64,0.001,0.0,0.00191,1.0,2137
25,4,star_sign,mlp_h128,0.001,0.0,6e-05,1.0,2137
25,4,star_sign,attention,0.0001,1e-05,0.07796,1.0,2137
25,4,star_sign,shuffled,0.01,0.0001,2.39111,0.25971,2137
25,8,age_bin,ema_lr1e-3,0.001,0.0001,1.25563,0.32288,2137
25,8,age_bin,ema_lr5e-3,0.005,0.0001,1.27181,0.30884,2137
25,8,age_bin,ema_lr1e-2,0.01,0.0001,1.20901,0.365,2137
25,8,age_bin,ema_lr5e-2,0.05,0.0001,2.92341,0.23023,2137
25,8,age_bin,ema_lr1e-2_wd1e-3,0.01,0.001,1.21268,0.34909,2137
25,8,age_bin,ema_d0.99,0.01,0.0001,1.22299,0.31867,2137
25,8,age_bin,ema_d0.9999,0.01,0.0001,1.21701,0.36406,2137
25,8,age_bin,mlp_h16,0.001,0.0,1.01325,0.52831,2137
25,8,age_bin,mlp_h32,0.001,0.0,1.0168,0.52784,2137
25,8,age_bin,mlp_h64,0.001,0.0,1.00191,0.53346,2137
25,8,age_bin,mlp_h128,0.001,0.0,1.00814,0.53299,2137
25,8,age_bin,attention,0.0001,1e-05,1.111,0.44531,2137
25,8,age_bin,shuffled,0.01,0.0001,1.24585,0.31727,2137
25,8,gender,ema_lr1e-3,0.001,0.0001,0.79711,0.48479,2137
25,8,gender,ema_lr5e-3,0.005,0.0001,0.849,0.43987,2137
25,8,gender,ema_lr1e-2,0.01,0.0001,0.78833,0.55264,2137
25,8,gender,ema_lr5e-2,0.05,0.0001,2.56056,0.39822,2137
25,8,gender,ema_lr1e-2_wd1e-3,0.01,0.001,0.92767,0.44502,2137
25,8,gender,ema_d0.99,0.01,0.0001,0.84787,0.49555,2137
25,8,gender,ema_d0.9999,0.01,0.0001,0.78533,0.56013,2137
25,8,gender,mlp_h16,0.001,0.0,0.67064,0.62003,2137
25,8,gender,mlp_h32,0.001,0.0,0.65757,0.61862,2137
25,8,gender,mlp_h64,0.001,0.0,0.6887,0.54609,2137
25,8,gender,mlp_h128,0.001,0.0,0.66386,0.61067,2137
25,8,gender,attention,0.0001,1e-05,0.71243,0.52344,2137
25,8,gender,shuffled,0.01,0.0001,0.82591,0.4773,2137
25,8,star_sign,ema_lr1e-3,0.001,0.0001,2.70027,0.0992,2137
25,8,star_sign,ema_lr5e-3,0.005,0.0001,2.54499,0.15161,2137
25,8,star_sign,ema_lr1e-2,0.01,0.0001,2.4186,0.2059,2137
25,8,star_sign,ema_lr5e-2,0.05,0.0001,1.74648,0.7431,2137
25,8,star_sign,ema_lr1e-2_wd1e-3,0.01,0.001,2.39305,0.24052,2137
25,8,star_sign,ema_d0.99,0.01,0.0001,2.42544,0.22555,2137
25,8,star_sign,ema_d0.9999,0.01,0.0001,2.44879,0.22929,2137
25,8,star_sign,mlp_h16,0.001,0.0,1.84955,0.0599,2137
25,8,star_sign,mlp_h32,0.001,0.0,0.09575,1.0,2137
25,8,star_sign,mlp_h64,0.001,0.0,0.0011,1.0,2137
25,8,star_sign,mlp_h128,0.001,0.0,5e-05,1.0,2137
25,8,star_sign,attention,0.0001,1e-05,0.0,1.0,2137
25,8,star_sign,shuffled,0.01,0.0001,2.42254,0.22555,2137
25,12,age_bin,ema_lr1e-3,0.001,0.0001,1.24249,0.31399,2137
25,12,age_bin,ema_lr5e-3,0.005,0.0001,1.19482,0.35798,2137
25,12,age_bin,ema_lr1e-2,0.01,0.0001,1.24628,0.33318,2137
25,12,age_bin,ema_lr5e-2,0.05,0.0001,2.96305,0.23257,2137
25,12,age_bin,ema_lr1e-2_wd1e-3,0.01,0.001,1.22039,0.33271,2137
25,12,age_bin,ema_d0.99,0.01,0.0001,1.21494,0.32897,2137
25,12,age_bin,ema_d0.9999,0.01,0.0001,1.25376,0.34394,2137
25,12,age_bin,mlp_h16,0.001,0.0,1.01125,0.53439,2137
25,12,age_bin,mlp_h32,0.001,0.0,1.0139,0.52597,2137
25,12,age_bin,mlp_h64,0.001,0.0,1.00945,0.53112,2137
25,12,age_bin,mlp_h128,0.001,0.0,1.00855,0.54469,2137
25,12,age_bin,attention,0.0001,1e-05,5.92124,0.3125,2137
25,12,age_bin,shuffled,0.01,0.0001,1.2818,0.39541,2137
25,12,gender,ema_lr1e-3,0.001,0.0001,0.77701,0.50819,2137
25,12,gender,ema_lr5e-3,0.005,0.0001,0.80748,0.46701,2137
25,12,gender,ema_lr1e-2,0.01,0.0001,0.85717,0.51755,2137
25,12,gender,ema_lr5e-2,0.05,0.0001,2.55782,0.39916,2137
25,12,gender,ema_lr1e-2_wd1e-3,0.01,0.001,0.79042,0.53627,2137
25,12,gender,ema_d0.99,0.01,0.0001,0.80837,0.52082,2137
25,12,gender,ema_d0.9999,0.01,0.0001,0.86048,0.48152,2137
25,12,gender,mlp_h16,0.001,0.0,0.66834,0.6219,2137
25,12,gender,mlp_h32,0.001,0.0,0.65854,0.65653,2137
25,12,gender,mlp_h64,0.001,0.0,0.68269,0.57417,2137
25,12,gender,mlp_h128,0.001,0.0,0.67557,0.60927,2137
25,12,gender,attention,0.0001,1e-05,0.71815,0.49219,2137
25,12,gender,shuffled,0.01,0.0001,0.92663,0.52597,2137
25,12,star_sign,ema_lr1e-3,0.001,0.0001,2.69252,0.08002,2137
25,12,star_sign,ema_lr5e-3,0.005,0.0001,2.55722,0.11511,2137
25,12,star_sign,ema_lr1e-2,0.01,0.0001,2.3891,0.23257,2137
25,12,star_sign,ema_lr5e-2,0.05,0.0001,2.82077,0.9401,2137
25,12,star_sign,ema_lr1e-2_wd1e-3,0.01,0.001,2.43628,0.21947,2137
25,12,star_sign,ema_d0.99,0.01,0.0001,2.4267,0.18109,2137
25,12,star_sign,ema_d0.9999,0.01,0.0001,2.41553,0.22602,2137
25,12,star_sign,mlp_h16,0.001,0.0,0.21329,1.0,2137
25,12,star_sign,mlp_h32,0.001,0.0,0.02698,1.0,2137
25,12,star_sign,mlp_h64,0.001,0.0,0.00118,1.0,2137
25,12,star_sign,mlp_h128,0.001,0.0,0.00012,1.0,2137
25,12,star_sign,attention,0.0001,1e-05,0.0,1.0,2137
25,12,star_sign,shuffled,0.01,0.0001,2.44642,0.2059,2137
25,16,age_bin,ema_lr1e-3,0.001,0.0001,1.21247,0.36827,2137
25,16,age_bin,ema_lr5e-3,0.005,0.0001,1.17439,0.34768,2137
25,16,age_bin,ema_lr1e-2,0.01,0.0001,1.23258,0.30884,2137
25,16,age_bin,ema_lr5e-2,0.05,0.0001,2.97965,0.23304,2137
25,16,age_bin,ema_lr1e-2_wd1e-3,0.01,0.001,1.1937,0.34722,2137
25,16,age_bin,ema_d0.99,0.01,0.0001,1.21038,0.34441,2137
25,16,age_bin,ema_d0.9999,0.01,0.0001,1.17842,0.35798,2137
25,16,age_bin,mlp_h16,0.001,0.0,1.0168,0.53346,2137
25,16,age_bin,mlp_h32,0.001,0.0,1.00513,0.53393,2137
25,16,age_bin,mlp_h64,0.001,0.0,1.00976,0.54001,2137
25,16,age_bin,mlp_h128,0.001,0.0,1.00802,0.53252,2137
25,16,age_bin,attention,0.0001,1e-05,1.08694,0.44531,2137
25,16,age_bin,shuffled,0.01,0.0001,1.25022,0.31446,2137
25,16,gender,ema_lr1e-3,0.001,0.0001,0.7882,0.4876,2137
25,16,gender,ema_lr5e-3,0.005,0.0001,0.84069,0.44034,2137
25,16,gender,ema_lr1e-2,0.01,0.0001,0.73098,0.58166,2137
25,16,gender,ema_lr5e-2,0.05,0.0001,2.50967,0.39963,2137
25,16,gender,ema_lr1e-2_wd1e-3,0.01,0.001,0.83944,0.50491,2137
25,16,gender,ema_d0.99,0.01,0.0001,0.88101,0.45391,2137
25,16,gender,ema_d0.9999,0.01,0.0001,0.9175,0.43893,2137
25,16,gender,mlp_h16,0.001,0.0,0.68653,0.55873,2137
25,16,gender,mlp_h32,0.001,0.0,0.67261,0.61161,2137
25,16,gender,mlp_h64,0.001,0.0,0.64786,0.62284,2137
25,16,gender,mlp_h128,0.001,0.0,0.6786,0.58025,2137
25,16,gender,attention,0.0001,1e-05,40.47191,0.50781,2137
25,16,gender,shuffled,0.01,0.0001,0.91053,0.52737,2137
25,16,star_sign,ema_lr1e-3,0.001,0.0001,2.80863,0.07908,2137
25,16,star_sign,ema_lr5e-3,0.005,0.0001,2.51545,0.18297,2137
25,16,star_sign,ema_lr1e-2,0.01,0.0001,2.43508,0.23444,2137
25,16,star_sign,ema_lr5e-2,0.05,0.0001,2.84086,0.9401,2137
25,16,star_sign,ema_lr1e-2_wd1e-3,0.01,0.001,2.40736,0.21947,2137
25,16,star_sign,ema_d0.99,0.01,0.0001,2.43216,0.19981,2137
25,16,star_sign,ema_d0.9999,0.01,0.0001,2.41604,0.2087,2137
25,16,star_sign,mlp_h16,0.001,0.0,0.0262,1.0,2137
25,16,star_sign,mlp_h32,0.001,0.0,0.00704,1.0,2137
25,16,star_sign,mlp_h64,0.001,0.0,0.00049,1.0,2137
25,16,star_sign,mlp_h128,0.001,0.0,6e-05,1.0,2137
25,16,star_sign,attention,0.0001,1e-05,0.0,1.0,2137
25,16,star_sign,shuffled,0.01,0.0001,2.43067,0.22087,2137
25,20,age_bin,ema_lr1e-3,0.001,0.0001,1.25507,0.33037,2137
25,20,age_bin,ema_lr5e-3,0.005,0.0001,1.24164,0.33973,2137
25,20,age_bin,ema_lr1e-2,0.01,0.0001,1.21794,0.35611,2137
25,20,age_bin,ema_lr5e-2,0.05,0.0001,2.6557,0.23538,2137
25,20,age_bin,ema_lr1e-2_wd1e-3,0.01,0.001,1.21861,0.34488,2137
25,20,age_bin,ema_d0.99,0.01,0.0001,1.26911,0.34581,2137
25,20,age_bin,ema_d0.9999,0.01,0.0001,1.24361,0.34347,2137
25,20,age_bin,mlp_h16,0.001,0.0,1.01299,0.52925,2137
25,20,age_bin,mlp_h32,0.001,0.0,1.01492,0.53486,2137
25,20,age_bin,mlp_h64,0.001,0.0,1.0044,0.53673,2137
25,20,age_bin,mlp_h128,0.001,0.0,1.00254,0.52831,2137
25,20,age_bin,attention,0.0001,1e-05,26.65005,0.42969,2137
25,20,age_bin,shuffled,0.01,0.0001,1.22471,0.3299,2137
25,20,gender,ema_lr1e-3,0.001,0.0001,0.87551,0.44782,2137
25,20,gender,ema_lr5e-3,0.005,0.0001,0.81517,0.50445,2137
25,20,gender,ema_lr1e-2,0.01,0.0001,0.7875,0.53439,2137
25,20,gender,ema_lr5e-2,0.05,0.0001,2.49475,0.40056,2137
25,20,gender,ema_lr1e-2_wd1e-3,0.01,0.001,0.85659,0.49088,2137
25,20,gender,ema_d0.99,0.01,0.0001,0.89542,0.51193,2137
25,20,gender,ema_d0.9999,0.01,0.0001,0.77587,0.54048,2137
25,20,gender,mlp_h16,0.001,0.0,0.66462,0.61207,2137
25,20,gender,mlp_h32,0.001,0.0,0.66949,0.60365,2137
25,20,gender,mlp_h64,0.001,0.0,0.66173,0.62845,2137
25,20,gender,mlp_h128,0.001,0.0,0.65164,0.62985,2137
25,20,gender,attention,0.0001,1e-05,40.15112,0.50781,2137
25,20,gender,shuffled,0.01,0.0001,0.81604,0.51193,2137
25,20,star_sign,ema_lr1e-3,0.001,0.0001,2.80387,0.0613,2137
25,20,star_sign,ema_lr5e-3,0.005,0.0001,2.5819,0.13664,2137
25,20,star_sign,ema_lr1e-2,0.01,0.0001,2.46659,0.18343,2137
25,20,star_sign,ema_lr5e-2,0.05,0.0001,1.88993,0.68975,2137
25,20,star_sign,ema_lr1e-2_wd1e-3,0.01,0.001,2.46115,0.20122,2137
25,20,star_sign,ema_d0.99,0.01,0.0001,2.42318,0.21666,2137
25,20,star_sign,ema_d0.9999,0.01,0.0001,2.52617,0.17267,2137
25,20,star_sign,mlp_h16,0.001,0.0,0.7543,1.0,2137
25,20,star_sign,mlp_h32,0.001,0.0,0.00234,1.0,2137
25,20,star_sign,mlp_h64,0.001,0.0,0.00071,1.0,2137
25,20,star_sign,mlp_h128,0.001,0.0,6e-05,1.0,2137
25,20,star_sign,attention,0.0001,1e-05,0.0022,1.0,2137
25,20,star_sign,shuffled,0.01,0.0001,2.47068,0.18016,2137
25,24,age_bin,ema_lr1e-3,0.001,0.0001,1.3482,0.33131,2137
25,24,age_bin,ema_lr5e-3,0.005,0.0001,1.27451,0.35891,2137
25,24,age_bin,ema_lr1e-2,0.01,0.0001,1.31805,0.36266,2137
25,24,age_bin,ema_lr5e-2,0.05,0.0001,1.31514,0.46093,2137
25,24,age_bin,ema_lr1e-2_wd1e-3,0.01,0.001,1.32591,0.3416,2137
25,24,age_bin,ema_d0.99,0.01,0.0001,1.26382,0.37248,2137
25,24,age_bin,ema_d0.9999,0.01,0.0001,1.31274,0.35143,2137
25,24,age_bin,mlp_h16,0.001,0.0,0.98674,0.53299,2137
25,24,age_bin,mlp_h32,0.001,0.0,0.9869,0.55124,2137
25,24,age_bin,mlp_h64,0.001,0.0,0.98767,0.55873,2137
25,24,age_bin,mlp_h128,0.001,0.0,0.99997,0.54328,2137
25,24,age_bin,attention,0.0001,1e-05,29.18898,0.27344,2137
25,24,age_bin,shuffled,0.01,0.0001,1.29129,0.3519,2137
25,24,gender,ema_lr1e-3,0.001,0.0001,0.92116,0.48479,2137
25,24,gender,ema_lr5e-3,0.005,0.0001,0.88058,0.48666,2137
25,24,gender,ema_lr1e-2,0.01,0.0001,0.82969,0.54937,2137
25,24,gender,ema_lr5e-2,0.05,0.0001,1.45831,0.60739,2137
25,24,gender,ema_lr1e-2_wd1e-3,0.01,0.001,0.91453,0.49041,2137
25,24,gender,ema_d0.99,0.01,0.0001,0.79995,0.55358,2137
25,24,gender,ema_d0.9999,0.01,0.0001,0.77153,0.56341,2137
25,24,gender,mlp_h16,0.001,0.0,0.66686,0.62284,2137
25,24,gender,mlp_h32,0.001,0.0,0.65208,0.63079,2137
25,24,gender,mlp_h64,0.001,0.0,0.66967,0.60599,2137
25,24,gender,mlp_h128,0.001,0.0,0.6891,0.57651,2137
25,24,gender,attention,0.0001,1e-05,11.69134,0.49219,2137
25,24,gender,shuffled,0.01,0.0001,0.89837,0.50117,2137
25,24,star_sign,ema_lr1e-3,0.001,0.0001,2.87518,0.10108,2137
25,24,star_sign,ema_lr5e-3,0.005,0.0001,2.80123,0.08329,2137
25,24,star_sign,ema_lr1e-2,0.01,0.0001,2.58985,0.1577,2137
25,24,star_sign,ema_lr5e-2,0.05,0.0001,1.98346,0.67665,2137
25,24,star_sign,ema_lr1e-2_wd1e-3,0.01,0.001,2.73664,0.11324,2137
25,24,star_sign,ema_d0.99,0.01,0.0001,2.64225,0.12962,2137
25,24,star_sign,ema_d0.9999,0.01,0.0001,2.64512,0.1343,2137
25,24,star_sign,mlp_h16,0.001,0.0,0.02369,1.0,2137
25,24,star_sign,mlp_h32,0.001,0.0,0.03222,1.0,2137
25,24,star_sign,mlp_h64,0.001,0.0,0.00135,1.0,2137
25,24,star_sign,mlp_h128,0.001,0.0,5e-05,1.0,2137
25,24,star_sign,attention,0.0001,1e-05,4e-05,1.0,2137
25,24,star_sign,shuffled,0.01,0.0001,2.58027,0.14319,2137
25,28,age_bin,ema_lr1e-3,0.001,0.0001,1.4934,0.36219,2137
25,28,age_bin,ema_lr5e-3,0.005,0.0001,1.5121,0.3416,2137
25,28,age_bin,ema_lr1e-2,0.01,0.0001,1.44246,0.34956,2137
25,28,age_bin,ema_lr5e-2,0.05,0.0001,1.31704,0.37155,2137
25,28,age_bin,ema_lr1e-2_wd1e-3,0.01,0.001,1.44684,0.36219,2137
25,28,age_bin,ema_d0.99,0.01,0.0001,1.40886,0.35798,2137
25,28,age_bin,ema_d0.9999,0.01,0.0001,1.5593,0.30557,2137
25,28,age_bin,mlp_h16,0.001,0.0,1.00478,0.56153,2137
25,28,age_bin,mlp_h32,0.001,0.0,0.98838,0.57417,2137
25,28,age_bin,mlp_h64,0.001,0.0,0.98147,0.56294,2137
25,28,age_bin,mlp_h128,0.001,0.0,0.99168,0.54937,2137
25,28,age_bin,attention,0.0001,1e-05,1.44703,0.375,2137
25,28,age_bin,shuffled,0.01,0.0001,1.47841,0.32195,2137
25,28,gender,ema_lr1e-3,0.001,0.0001,0.98958,0.5227,2137
25,28,gender,ema_lr5e-3,0.005,0.0001,0.91045,0.51942,2137
25,28,gender,ema_lr1e-2,0.01,0.0001,0.92466,0.50679,2137
25,28,gender,ema_lr5e-2,0.05,0.0001,0.78465,0.55639,2137
25,28,gender,ema_lr1e-2_wd1e-3,0.01,0.001,0.88966,0.52363,2137
25,28,gender,ema_d0.99,0.01,0.0001,0.90256,0.5138,2137
25,28,gender,ema_d0.9999,0.01,0.0001,0.90907,0.50211,2137
25,28,gender,mlp_h16,0.001,0.0,0.65701,0.62143,2137
25,28,gender,mlp_h32,0.001,0.0,0.65593,0.61067,2137
25,28,gender,mlp_h64,0.001,0.0,0.67411,0.60178,2137
25,28,gender,mlp_h128,0.001,0.0,0.67175,0.59569,2137
25,28,gender,attention,0.0001,1e-05,0.93023,0.46094,2137
25,28,gender,shuffled,0.01,0.0001,0.92768,0.50023,2137
25,28,star_sign,ema_lr1e-3,0.001,0.0001,3.16712,0.12541,2137
25,28,star_sign,ema_lr5e-3,0.005,0.0001,3.04483,0.10295,2137
25,28,star_sign,ema_lr1e-2,0.01,0.0001,2.88702,0.10529,2137
25,28,star_sign,ema_lr5e-2,0.05,0.0001,1.94615,0.40197,2137
25,28,star_sign,ema_lr1e-2_wd1e-3,0.01,0.001,2.91222,0.11933,2137
25,28,star_sign,ema_d0.99,0.01,0.0001,2.92849,0.10903,2137
25,28,star_sign,ema_d0.9999,0.01,0.0001,2.87208,0.14132,2137
25,28,star_sign,mlp_h16,0.001,0.0,0.86599,0.93308,2137
25,28,star_sign,mlp_h32,0.001,0.0,0.45325,1.0,2137
25,28,star_sign,mlp_h64,0.001,0.0,0.09516,1.0,2137
25,28,star_sign,mlp_h128,0.001,0.0,0.01666,1.0,2137
25,28,star_sign,attention,0.0001,1e-05,7e-05,1.0,2137
25,28,star_sign,shuffled,0.01,0.0001,2.98658,0.10435,2137
26,0,age_bin,ema_lr1e-3,0.001,0.0001,1.58192,0.33883,1942
26,0,age_bin,ema_lr5e-3,0.005,0.0001,1.50042,0.33213,1942
26,0,age_bin,ema_lr1e-2,0.01,0.0001,1.4058,0.3517,1942
26,0,age_bin,ema_lr5e-2,0.05,0.0001,1.39065,0.37899,1942
26,0,age_bin,ema_lr1e-2_wd1e-3,0.01,0.001,1.38874,0.32853,1942
26,0,age_bin,ema_d0.99,0.01,0.0001,1.37204,0.36251,1942
26,0,age_bin,ema_d0.9999,0.01,0.0001,1.41694,0.33471,1942
26,0,age_bin,mlp_h16,0.001,0.0,1.01369,0.53965,1942
26,0,age_bin,mlp_h32,0.001,0.0,1.01209,0.53399,1942
26,0,age_bin,mlp_h64,0.001,0.0,1.01469,0.53193,1942
26,0,age_bin,mlp_h128,0.001,0.0,1.01584,0.52523,1942
26,0,age_bin,attention,0.0001,1e-05,1.06551,0.52344,1942
26,0,age_bin,shuffled,0.01,0.0001,1.34739,0.36148,1942
26,0,gender,ema_lr1e-3,0.001,0.0001,1.06076,0.49588,1942
26,0,gender,ema_lr5e-3,0.005,0.0001,0.92389,0.50772,1942
26,0,gender,ema_lr1e-2,0.01,0.0001,0.89158,0.49846,1942
26,0,gender,ema_lr5e-2,0.05,0.0001,1.28586,0.51442,1942
26,0,gender,ema_lr1e-2_wd1e-3,0.01,0.001,0.83403,0.52008,1942
26,0,gender,ema_d0.99,0.01,0.0001,0.84255,0.51133,1942
26,0,gender,ema_d0.9999,0.01,0.0001,0.86412,0.50978,1942
26,0,gender,mlp_h16,0.001,0.0,0.69268,0.52884,1942
26,0,gender,mlp_h32,0.001,0.0,0.69459,0.53553,1942
26,0,gender,mlp_h64,0.001,0.0,0.69223,0.53038,1942
26,0,gender,mlp_h128,0.001,0.0,0.70109,0.51184,1942
26,0,gender,attention,0.0001,1e-05,0.69304,0.46875,1942
26,0,gender,shuffled,0.01,0.0001,0.86392,0.48816,1942
26,0,star_sign,ema_lr1e-3,0.001,0.0001,3.13107,0.09475,1942
26,0,star_sign,ema_lr5e-3,0.005,0.0001,3.05526,0.11895,1942
26,0,star_sign,ema_lr1e-2,0.01,0.0001,2.81781,0.10968,1942
26,0,star_sign,ema_lr5e-2,0.05,0.0001,1.82133,0.61946,1942
26,0,star_sign,ema_lr1e-2_wd1e-3,0.01,0.001,2.81456,0.09423,1942
26,0,star_sign,ema_d0.99,0.01,0.0001,2.83372,0.15499,1942
26,0,star_sign,ema_d0.9999,0.01,0.0001,2.85831,0.09166,1942
26,0,star_sign,mlp_h16,0.001,0.0,0.53998,0.96447,1942
26,0,star_sign,mlp_h32,0.001,0.0,0.05369,1.0,1942
26,0,star_sign,mlp_h64,0.001,0.0,0.02624,1.0,1942
26,0,star_sign,mlp_h128,0.001,0.0,0.01095,1.0,1942
26,0,star_sign,attention,0.0001,1e-05,2.29643,1.0,1942
26,0,star_sign,shuffled,0.01,0.0001,2.8374,0.08393,1942
26,4,age_bin,ema_lr1e-3,0.001,0.0001,1.19441,0.32544,1942
26,4,age_bin,ema_lr5e-3,0.005,0.0001,1.20152,0.33728,1942
26,4,age_bin,ema_lr1e-2,0.01,0.0001,1.20513,0.32132,1942
26,4,age_bin,ema_lr5e-2,0.05,0.0001,3.66673,0.52729,1942
26,4,age_bin,ema_lr1e-2_wd1e-3,0.01,0.001,1.19967,0.35376,1942
26,4,age_bin,ema_d0.99,0.01,0.0001,1.20587,0.34449,1942
26,4,age_bin,ema_d0.9999,0.01,0.0001,1.21164,0.34192,1942
26,4,age_bin,mlp_h16,0.001,0.0,1.02578,0.52317,1942
26,4,age_bin,mlp_h32,0.001,0.0,1.01333,0.54016,1942
26,4,age_bin,mlp_h64,0.001,0.0,1.01424,0.54119,1942
26,4,age_bin,mlp_h128,0.001,0.0,1.00825,0.53811,1942
26,4,age_bin,attention,0.0001,1e-05,1.02853,0.48438,1942
26,4,age_bin,shuffled,0.01,0.0001,1.19298,0.34912,1942
26,4,gender,ema_lr1e-3,0.001,0.0001,0.78113,0.47786,1942
26,4,gender,ema_lr5e-3,0.005,0.0001,0.78624,0.51751,1942
26,4,gender,ema_lr1e-2,0.01,0.0001,0.8517,0.47734,1942
26,4,gender,ema_lr5e-2,0.05,0.0001,2.93735,0.5,1942
26,4,gender,ema_lr1e-2_wd1e-3,0.01,0.001,0.82524,0.49176,1942
26,4,gender,ema_d0.99,0.01,0.0001,1.00028,0.48919,1942
26,4,gender,ema_d0.9999,0.01,0.0001,0.78458,0.49073,1942
26,4,gender,mlp_h16,0.001,0.0,0.7007,0.50566,1942
26,4,gender,mlp_h32,0.001,0.0,0.69103,0.53553,1942
26,4,gender,mlp_h64,0.001,0.0,0.68986,0.5345,1942
26,4,gender,mlp_h128,0.001,0.0,0.76444,0.5,1942
26,4,gender,attention,0.0001,1e-05,0.72183,0.46875,1942
26,4,gender,shuffled,0.01,0.0001,0.84741,0.50309,1942
26,4,star_sign,ema_lr1e-3,0.001,0.0001,2.68718,0.05767,1942
26,4,star_sign,ema_lr5e-3,0.005,0.0001,2.53697,0.13491,1942
26,4,star_sign,ema_lr1e-2,0.01,0.0001,2.41637,0.2518,1942
26,4,star_sign,ema_lr5e-2,0.05,0.0001,1.80244,0.67456,1942
26,4,star_sign,ema_lr1e-2_wd1e-3,0.01,0.001,2.39743,0.25798,1942
26,4,star_sign,ema_d0.99,0.01,0.0001,2.41742,0.22606,1942
26,4,star_sign,ema_d0.9999,0.01,0.0001,2.43915,0.2379,1942
26,4,star_sign,mlp_h16,0.001,0.0,0.04993,1.0,1942
26,4,star_sign,mlp_h32,0.001,0.0,0.00169,1.0,1942
26,4,star_sign,mlp_h64,0.001,0.0,0.00157,1.0,1942
26,4,star_sign,mlp_h128,0.001,0.0,5e-05,1.0,1942
26,4,star_sign,attention,0.0001,1e-05,0.07033,1.0,1942
26,4,star_sign,shuffled,0.01,0.0001,2.42881,0.2518,1942
26,8,age_bin,ema_lr1e-3,0.001,0.0001,1.21966,0.35376,1942
26,8,age_bin,ema_lr5e-3,0.005,0.0001,1.2355,0.33728,1942
26,8,age_bin,ema_lr1e-2,0.01,0.0001,1.20697,0.33419,1942
26,8,age_bin,ema_lr5e-2,0.05,0.0001,3.45329,0.52729,1942
26,8,age_bin,ema_lr1e-2_wd1e-3,0.01,0.001,1.2666,0.41246,1942
26,8,age_bin,ema_d0.99,0.01,0.0001,1.25198,0.36097,1942
26,8,age_bin,ema_d0.9999,0.01,0.0001,1.22522,0.32132,1942
26,8,age_bin,mlp_h16,0.001,0.0,1.00697,0.5345,1942
26,8,age_bin,mlp_h32,0.001,0.0,1.00551,0.54068,1942
26,8,age_bin,mlp_h64,0.001,0.0,1.00875,0.53913,1942
26,8,age_bin,mlp_h128,0.001,0.0,1.03165,0.50824,1942
26,8,age_bin,attention,0.0001,1e-05,1.03024,0.50781,1942
26,8,age_bin,shuffled,0.01,0.0001,1.22467,0.38929,1942
26,8,gender,ema_lr1e-3,0.001,0.0001,0.76478,0.5103,1942
26,8,gender,ema_lr5e-3,0.005,0.0001,0.79387,0.49537,1942
26,8,gender,ema_lr1e-2,0.01,0.0001,0.7995,0.50824,1942
26,8,gender,ema_lr5e-2,0.05,0.0001,4.15491,0.50051,1942
26,8,gender,ema_lr1e-2_wd1e-3,0.01,0.001,0.98801,0.4897,1942
26,8,gender,ema_d0.99,0.01,0.0001,0.95702,0.49382,1942
26,8,gender,ema_d0.9999,0.01,0.0001,0.82591,0.51648,1942
26,8,gender,mlp_h16,0.001,0.0,0.68386,0.56591,1942
26,8,gender,mlp_h32,0.001,0.0,0.69856,0.52317,1942
26,8,gender,mlp_h64,0.001,0.0,0.67834,0.57724,1942
26,8,gender,mlp_h128,0.001,0.0,0.7529,0.5139,1942
26,8,gender,attention,0.0001,1e-05,0.72534,0.50781,1942
26,8,gender,shuffled,0.01,0.0001,0.85172,0.48455,1942
26,8,star_sign,ema_lr1e-3,0.001,0.0001,2.66585,0.11432,1942
26,8,star_sign,ema_lr5e-3,0.005,0.0001,2.58127,0.15551,1942
26,8,star_sign,ema_lr1e-2,0.01,0.0001,2.46023,0.22194,1942
26,8,star_sign,ema_lr5e-2,0.05,0.0001,1.8726,0.34449,1942
26,8,star_sign,ema_lr1e-2_wd1e-3,0.01,0.001,2.45556,0.23481,1942
26,8,star_sign,ema_d0.99,0.01,0.0001,2.44193,0.23532,1942
26,8,star_sign,ema_d0.9999,0.01,0.0001,2.46173,0.23429,1942
26,8,star_sign,mlp_h16,0.001,0.0,1.80758,0.06591,1942
26,8,star_sign,mlp_h32,0.001,0.0,0.07968,1.0,1942
26,8,star_sign,mlp_h64,0.001,0.0,0.00093,1.0,1942
26,8,star_sign,mlp_h128,0.001,0.0,4e-05,1.0,1942
26,8,star_sign,attention,0.0001,1e-05,0.0,1.0,1942
26,8,star_sign,shuffled,0.01,0.0001,2.44952,0.22039,1942
26,12,age_bin,ema_lr1e-3,0.001,0.0001,1.23522,0.32235,1942
26,12,age_bin,ema_lr5e-3,0.005,0.0001,1.24086,0.3069,1942
26,12,age_bin,ema_lr1e-2,0.01,0.0001,1.16422,0.38826,1942
26,12,age_bin,ema_lr5e-2,0.05,0.0001,3.49541,0.52729,1942
26,12,age_bin,ema_lr1e-2_wd1e-3,0.01,0.001,1.2376,0.36612,1942
26,12,age_bin,ema_d0.99,0.01,0.0001,1.24262,0.36406,1942
26,12,age_bin,ema_d0.9999,0.01,0.0001,1.22423,0.31823,1942
26,12,age_bin,mlp_h16,0.001,0.0,1.00341,0.54119,1942
26,12,age_bin,mlp_h32,0.001,0.0,1.0032,0.53553,1942
26,12,age_bin,mlp_h64,0.001,0.0,1.00837,0.53965,1942
26,12,age_bin,mlp_h128,0.001,0.0,1.04322,0.50566,1942
26,12,age_bin,attention,0.0001,1e-05,20.95379,0.29688,1942
26,12,age_bin,shuffled,0.01,0.0001,1.2079,0.33574,1942
26,12,gender,ema_lr1e-3,0.001,0.0001,0.78111,0.50824,1942
26,12,gender,ema_lr5e-3,0.005,0.0001,0.78353,0.50927,1942
26,12,gender,ema_lr1e-2,0.01,0.0001,0.92243,0.50566,1942
26,12,gender,ema_lr5e-2,0.05,0.0001,4.12889,0.50051,1942
26,12,gender,ema_lr1e-2_wd1e-3,0.01,0.001,0.80509,0.50875,1942
26,12,gender,ema_d0.99,0.01,0.0001,0.81335,0.52523,1942
26,12,gender,ema_d0.9999,0.01,0.0001,0.91864,0.54428,1942
26,12,gender,mlp_h16,0.001,0.0,0.68609,0.55098,1942
26,12,gender,mlp_h32,0.001,0.0,0.68877,0.54325,1942
26,12,gender,mlp_h64,0.001,0.0,0.68405,0.56797,1942
26,12,gender,mlp_h128,0.001,0.0,0.70576,0.54686,1942
26,12,gender,attention,0.0001,1e-05,0.71245,0.59375,1942
26,12,gender,shuffled,0.01,0.0001,0.87945,0.50154,1942
26,12,star_sign,ema_lr1e-3,0.001,0.0001,2.74631,0.06694,1942
26,12,star_sign,ema_lr5e-3,0.005,0.0001,2.55725,0.11586,1942
26,12,star_sign,ema_lr1e-2,0.01,0.0001,2.46046,0.1967,1942
26,12,star_sign,ema_lr5e-2,0.05,0.0001,1.84776,0.68229,1942
26,12,star_sign,ema_lr1e-2_wd1e-3,0.01,0.001,2.43022,0.22966,1942
26,12,star_sign,ema_d0.99,0.01,0.0001,2.40775,0.21215,1942
26,12,star_sign,ema_d0.9999,0.01,0.0001,2.43299,0.2276,1942
26,12,star_sign,mlp_h16,0.001,0.0,0.18575,1.0,1942
26,12,star_sign,mlp_h32,0.001,0.0,0.02115,1.0,1942
26,12,star_sign,mlp_h64,0.001,0.0,0.00094,1.0,1942
26,12,star_sign,mlp_h128,0.001,0.0,0.0001,1.0,1942
26,12,star_sign,attention,0.0001,1e-05,0.0,1.0,1942
26,12,star_sign,shuffled,0.01,0.0001,2.41814,0.24099,1942
26,16,age_bin,ema_lr1e-3,0.001,0.0001,1.24396,0.32286,1942
26,16,age_bin,ema_lr5e-3,0.005,0.0001,1.16981,0.3517,1942
26,16,age_bin,ema_lr1e-2,0.01,0.0001,1.19886,0.37436,1942
26,16,age_bin,ema_lr5e-2,0.05,0.0001,3.395,0.52729,1942
26,16,age_bin,ema_lr1e-2_wd1e-3,0.01,0.001,1.18835,0.33831,1942
26,16,age_bin,ema_d0.99,0.01,0.0001,1.20816,0.34243,1942
26,16,age_bin,ema_d0.9999,0.01,0.0001,1.21785,0.36663,1942
26,16,age_bin,mlp_h16,0.001,0.0,1.00113,0.54119,1942
26,16,age_bin,mlp_h32,0.001,0.0,1.00402,0.53965,1942
26,16,age_bin,mlp_h64,0.001,0.0,1.01088,0.53708,1942
26,16,age_bin,mlp_h128,0.001,0.0,1.019,0.51442,1942
26,16,age_bin,attention,0.0001,1e-05,1.12406,0.39844,1942
26,16,age_bin,shuffled,0.01,0.0001,1.26477,0.40165,1942
26,16,gender,ema_lr1e-3,0.001,0.0001,0.78951,0.49485,1942
26,16,gender,ema_lr5e-3,0.005,0.0001,0.80389,0.49537,1942
26,16,gender,ema_lr1e-2,0.01,0.0001,0.79794,0.52781,1942
26,16,gender,ema_lr5e-2,0.05,0.0001,4.20543,0.50051,1942
26,16,gender,ema_lr1e-2_wd1e-3,0.01,0.001,0.80727,0.50154,1942
26,16,gender,ema_d0.99,0.01,0.0001,0.98784,0.50206,1942
26,16,gender,ema_d0.9999,0.01,0.0001,0.94423,0.49691,1942
26,16,gender,mlp_h16,0.001,0.0,0.68996,0.55561,1942
26,16,gender,mlp_h32,0.001,0.0,0.67806,0.569,1942
26,16,gender,mlp_h64,0.001,0.0,0.71086,0.51854,1942
26,16,gender,mlp_h128,0.001,0.0,0.68231,0.57209,1942
26,16,gender,attention,0.0001,1e-05,29.41483,0.46875,1942
26,16,gender,shuffled,0.01,0.0001,0.89259,0.50154,1942
26,16,star_sign,ema_lr1e-3,0.001,0.0001,2.69228,0.09681,1942
26,16,star_sign,ema_lr5e-3,0.005,0.0001,2.5581,0.20134,1942
26,16,star_sign,ema_lr1e-2,0.01,0.0001,2.45885,0.23172,1942
26,16,star_sign,ema_lr5e-2,0.05,0.0001,1.75012,0.70597,1942
26,16,star_sign,ema_lr1e-2_wd1e-3,0.01,0.001,2.4549,0.21267,1942
26,16,star_sign,ema_d0.99,0.01,0.0001,2.42205,0.21112,1942
26,16,star_sign,ema_d0.9999,0.01,0.0001,2.42802,0.2137,1942
26,16,star_sign,mlp_h16,0.001,0.0,0.02229,1.0,1942
26,16,star_sign,mlp_h32,0.001,0.0,0.00578,1.0,1942
26,16,star_sign,mlp_h64,0.001,0.0,0.00042,1.0,1942
26,16,star_sign,mlp_h128,0.001,0.0,5e-05,1.0,1942
26,16,star_sign,attention,0.0001,1e-05,0.0,1.0,1942
26,16,star_sign,shuffled,0.01,0.0001,2.42472,0.24665,1942
26,20,age_bin,ema_lr1e-3,0.001,0.0001,1.24262,0.35376,1942
26,20,age_bin,ema_lr5e-3,0.005,0.0001,1.27342,0.3378,1942
26,20,age_bin,ema_lr1e-2,0.01,0.0001,1.20494,0.34295,1942
26,20,age_bin,ema_lr5e-2,0.05,0.0001,3.303,0.52678,1942
26,20,age_bin,ema_lr1e-2_wd1e-3,0.01,0.001,1.28628,0.35479,1942
26,20,age_bin,ema_d0.99,0.01,0.0001,1.22314,0.3378,1942
26,20,age_bin,ema_d0.9999,0.01,0.0001,1.25816,0.34346,1942
26,20,age_bin,mlp_h16,0.001,0.0,1.00485,0.52781,1942
26,20,age_bin,mlp_h32,0.001,0.0,1.00625,0.53965,1942
26,20,age_bin,mlp_h64,0.001,0.0,1.01219,0.53553,1942
26,20,age_bin,mlp_h128,0.001,0.0,1.00138,0.53347,1942
26,20,age_bin,attention,0.0001,1e-05,19.60674,0.53125,1942
26,20,age_bin,shuffled,0.01,0.0001,1.24813,0.32904,1942
26,20,gender,ema_lr1e-3,0.001,0.0001,0.82492,0.48764,1942
26,20,gender,ema_lr5e-3,0.005,0.0001,0.81238,0.48095,1942
26,20,gender,ema_lr1e-2,0.01,0.0001,0.82342,0.5103,1942
26,20,gender,ema_lr5e-2,0.05,0.0001,3.62408,0.50051,1942
26,20,gender,ema_lr1e-2_wd1e-3,0.01,0.001,0.94376,0.51236,1942
26,20,gender,ema_d0.99,0.01,0.0001,0.9272,0.50978,1942
26,20,gender,ema_d0.9999,0.01,0.0001,0.82338,0.50927,1942
26,20,gender,mlp_h16,0.001,0.0,0.69546,0.53141,1942
26,20,gender,mlp_h32,0.001,0.0,0.68036,0.56282,1942
26,20,gender,mlp_h64,0.001,0.0,0.68475,0.5551,1942
26,20,gender,mlp_h128,0.001,0.0,0.72216,0.51802,1942
26,20,gender,attention,0.0001,1e-05,29.7934,0.46875,1942
26,20,gender,shuffled,0.01,0.0001,0.85433,0.50566,1942
26,20,star_sign,ema_lr1e-3,0.001,0.0001,2.84072,0.07106,1942
26,20,star_sign,ema_lr5e-3,0.005,0.0001,2.59877,0.1277,1942
26,20,star_sign,ema_lr1e-2,0.01,0.0001,2.48586,0.1931,1942
26,20,star_sign,ema_lr5e-2,0.05,0.0001,1.80206,0.50875,1942
26,20,star_sign,ema_lr1e-2_wd1e-3,0.01,0.001,2.49573,0.19619,1942
26,20,star_sign,ema_d0.99,0.01,0.0001,2.51242,0.19773,1942
26,20,star_sign,ema_d0.9999,0.01,0.0001,2.44926,0.21524,1942
26,20,star_sign,mlp_h16,0.001,0.0,0.70787,1.0,1942
26,20,star_sign,mlp_h32,0.001,0.0,0.00197,1.0,1942
26,20,star_sign,mlp_h64,0.001,0.0,0.00059,1.0,1942
26,20,star_sign,mlp_h128,0.001,0.0,5e-05,1.0,1942
26,20,star_sign,attention,0.0001,1e-05,0.00352,1.0,1942
26,20,star_sign,shuffled,0.01,0.0001,2.51258,0.1792,1942
26,24,age_bin,ema_lr1e-3,0.001,0.0001,1.36403,0.34346,1942
26,24,age_bin,ema_lr5e-3,0.005,0.0001,1.28081,0.38157,1942
26,24,age_bin,ema_lr1e-2,0.01,0.0001,1.29581,0.33419,1942
26,24,age_bin,ema_lr5e-2,0.05,0.0001,1.90264,0.25695,1942
26,24,age_bin,ema_lr1e-2_wd1e-3,0.01,0.001,1.3173,0.34449,1942
26,24,age_bin,ema_d0.99,0.01,0.0001,1.33953,0.34089,1942
26,24,age_bin,ema_d0.9999,0.01,0.0001,1.31049,0.35427,1942
26,24,age_bin,mlp_h16,0.001,0.0,1.00825,0.51648,1942
26,24,age_bin,mlp_h32,0.001,0.0,0.99938,0.53605,1942
26,24,age_bin,mlp_h64,0.001,0.0,0.99906,0.52987,1942
26,24,age_bin,mlp_h128,0.001,0.0,1.00087,0.5309,1942
26,24,age_bin,attention,0.0001,1e-05,22.77596,0.3125,1942
26,24,age_bin,shuffled,0.01,0.0001,1.29338,0.34449,1942
26,24,gender,ema_lr1e-3,0.001,0.0001,0.92364,0.49331,1942
26,24,gender,ema_lr5e-3,0.005,0.0001,0.87465,0.49846,1942
26,24,gender,ema_lr1e-2,0.01,0.0001,0.83713,0.51236,1942
26,24,gender,ema_lr5e-2,0.05,0.0001,1.86811,0.51854,1942
26,24,gender,ema_lr1e-2_wd1e-3,0.01,0.001,0.92895,0.50257,1942
26,24,gender,ema_d0.99,0.01,0.0001,0.78474,0.54016,1942
26,24,gender,ema_d0.9999,0.01,0.0001,0.95158,0.42636,1942
26,24,gender,mlp_h16,0.001,0.0,0.67727,0.59423,1942
26,24,gender,mlp_h32,0.001,0.0,0.67758,0.58754,1942
26,24,gender,mlp_h64,0.001,0.0,0.6736,0.58187,1942
26,24,gender,mlp_h128,0.001,0.0,0.66737,0.59578,1942
26,24,gender,attention,0.0001,1e-05,4.94426,0.57031,1942
26,24,gender,shuffled,0.01,0.0001,0.92678,0.50566,1942
26,24,star_sign,ema_lr1e-3,0.001,0.0001,2.97511,0.07878,1942
26,24,star_sign,ema_lr5e-3,0.005,0.0001,2.77094,0.11123,1942
26,24,star_sign,ema_lr1e-2,0.01,0.0001,2.64563,0.14521,1942
26,24,star_sign,ema_lr5e-2,0.05,0.0001,1.88682,0.48507,1942
26,24,star_sign,ema_lr1e-2_wd1e-3,0.01,0.001,2.60062,0.14727,1942
26,24,star_sign,ema_d0.99,0.01,0.0001,2.69849,0.12049,1942
26,24,star_sign,ema_d0.9999,0.01,0.0001,2.62757,0.15757,1942
26,24,star_sign,mlp_h16,0.001,0.0,0.02072,1.0,1942
26,24,star_sign,mlp_h32,0.001,0.0,0.02652,1.0,1942
26,24,star_sign,mlp_h64,0.001,0.0,0.00113,1.0,1942
26,24,star_sign,mlp_h128,0.001,0.0,4e-05,1.0,1942
26,24,star_sign,attention,0.0001,1e-05,4e-05,1.0,1942
26,24,star_sign,shuffled,0.01,0.0001,2.62839,0.14367,1942
26,28,age_bin,ema_lr1e-3,0.001,0.0001,1.55921,0.34398,1942
26,28,age_bin,ema_lr5e-3,0.005,0.0001,1.54518,0.33883,1942
26,28,age_bin,ema_lr1e-2,0.01,0.0001,1.30315,0.39598,1942
26,28,age_bin,ema_lr5e-2,0.05,0.0001,1.24802,0.38671,1942
26,28,age_bin,ema_lr1e-2_wd1e-3,0.01,0.001,1.36277,0.38826,1942
26,28,age_bin,ema_d0.99,0.01,0.0001,1.49532,0.34037,1942
26,28,age_bin,ema_d0.9999,0.01,0.0001,1.40907,0.33265,1942
26,28,age_bin,mlp_h16,0.001,0.0,1.0065,0.53193,1942
26,28,age_bin,mlp_h32,0.001,0.0,0.99944,0.5345,1942
26,28,age_bin,mlp_h64,0.001,0.0,1.00504,0.52369,1942
26,28,age_bin,mlp_h128,0.001,0.0,1.01045,0.52317,1942
26,28,age_bin,attention,0.0001,1e-05,1.40837,0.41406,1942
26,28,age_bin,shuffled,0.01,0.0001,1.47175,0.33059,1942
26,28,gender,ema_lr1e-3,0.001,0.0001,1.07573,0.5103,1942
26,28,gender,ema_lr5e-3,0.005,0.0001,0.91469,0.50309,1942
26,28,gender,ema_lr1e-2,0.01,0.0001,0.83665,0.54377,1942
26,28,gender,ema_lr5e-2,0.05,0.0001,0.75839,0.57673,1942
26,28,gender,ema_lr1e-2_wd1e-3,0.01,0.001,0.94191,0.49949,1942
26,28,gender,ema_d0.99,0.01,0.0001,0.86804,0.5206,1942
26,28,gender,ema_d0.9999,0.01,0.0001,0.94415,0.47477,1942
26,28,gender,mlp_h16,0.001,0.0,0.66731,0.60505,1942
26,28,gender,mlp_h32,0.001,0.0,0.66242,0.59732,1942
26,28,gender,mlp_h64,0.001,0.0,0.66153,0.6102,1942
26,28,gender,mlp_h128,0.001,0.0,0.66017,0.61277,1942
26,28,gender,attention,0.0001,1e-05,0.94359,0.44531,1942
26,28,gender,shuffled,0.01,0.0001,0.91948,0.49588,1942
26,28,star_sign,ema_lr1e-3,0.001,0.0001,3.16489,0.1138,1942
26,28,star_sign,ema_lr5e-3,0.005,0.0001,3.22225,0.08805,1942
26,28,star_sign,ema_lr1e-2,0.01,0.0001,2.84011,0.12667,1942
26,28,star_sign,ema_lr5e-2,0.05,0.0001,1.90825,0.40319,1942
26,28,star_sign,ema_lr1e-2_wd1e-3,0.01,0.001,2.88198,0.12616,1942
26,28,star_sign,ema_d0.99,0.01,0.0001,2.90478,0.10711,1942
26,28,star_sign,ema_d0.9999,0.01,0.0001,2.93951,0.11174,1942
26,28,star_sign,mlp_h16,0.001,0.0,0.78688,0.94542,1942
26,28,star_sign,mlp_h32,0.001,0.0,0.38677,1.0,1942
26,28,star_sign,mlp_h64,0.001,0.0,0.07334,1.0,1942
26,28,star_sign,mlp_h128,0.001,0.0,0.01374,1.0,1942
26,28,star_sign,attention,0.0001,1e-05,2e-05,1.0,1942
26,28,star_sign,shuffled,0.01,0.0001,3.00305,0.09938,1942
27,0,age_bin,ema_lr1e-3,0.001,0.0001,1.52704,0.33081,1850
27,0,age_bin,ema_lr5e-3,0.005,0.0001,1.41392,0.35135,1850
27,0,age_bin,ema_lr1e-2,0.01,0.0001,1.35752,0.34757,1850
27,0,age_bin,ema_lr5e-2,0.05,0.0001,1.40325,0.40324,1850
27,0,age_bin,ema_lr1e-2_wd1e-3,0.01,0.001,1.4265,0.32054,1850
27,0,age_bin,ema_d0.99,0.01,0.0001,1.37475,0.33622,1850
27,0,age_bin,ema_d0.9999,0.01,0.0001,1.34645,0.35405,1850
27,0,age_bin,mlp_h16,0.001,0.0,1.04574,0.47405,1850
27,0,age_bin,mlp_h32,0.001,0.0,1.04819,0.48703,1850
27,0,age_bin,mlp_h64,0.001,0.0,1.04866,0.49081,1850
27,0,age_bin,mlp_h128,0.001,0.0,1.05604,0.48865,1850
27,0,age_bin,attention,0.0001,1e-05,1.0638,0.52344,1850
27,0,age_bin,shuffled,0.01,0.0001,1.35517,0.36973,1850
27,0,gender,ema_lr1e-3,0.001,0.0001,1.03401,0.50378,1850
27,0,gender,ema_lr5e-3,0.005,0.0001,0.88661,0.51838,1850
27,0,gender,ema_lr1e-2,0.01,0.0001,0.89632,0.49946,1850
27,0,gender,ema_lr5e-2,0.05,0.0001,1.31074,0.50486,1850
27,0,gender,ema_lr1e-2_wd1e-3,0.01,0.001,0.87532,0.48541,1850
27,0,gender,ema_d0.99,0.01,0.0001,0.85637,0.52811,1850
27,0,gender,ema_d0.9999,0.01,0.0001,0.90546,0.48919,1850
27,0,gender,mlp_h16,0.001,0.0,0.70183,0.50541,1850
27,0,gender,mlp_h32,0.001,0.0,0.70567,0.49351,1850
27,0,gender,mlp_h64,0.001,0.0,0.70107,0.48973,1850
27,0,gender,mlp_h128,0.001,0.0,0.71031,0.48324,1850
27,0,gender,attention,0.0001,1e-05,0.69506,0.40625,1850
27,0,gender,shuffled,0.01,0.0001,0.86841,0.51892,1850
27,0,star_sign,ema_lr1e-3,0.001,0.0001,3.18087,0.08865,1850
27,0,star_sign,ema_lr5e-3,0.005,0.0001,3.06292,0.11459,1850
27,0,star_sign,ema_lr1e-2,0.01,0.0001,2.79746,0.10703,1850
27,0,star_sign,ema_lr5e-2,0.05,0.0001,1.8095,0.61135,1850
27,0,star_sign,ema_lr1e-2_wd1e-3,0.01,0.001,2.84686,0.09838,1850
27,0,star_sign,ema_d0.99,0.01,0.0001,2.82025,0.15081,1850
27,0,star_sign,ema_d0.9999,0.01,0.0001,2.82081,0.11297,1850
27,0,star_sign,mlp_h16,0.001,0.0,0.53711,0.97189,1850
27,0,star_sign,mlp_h32,0.001,0.0,0.05603,0.99946,1850
27,0,star_sign,mlp_h64,0.001,0.0,0.02791,1.0,1850
27,0,star_sign,mlp_h128,0.001,0.0,0.01086,1.0,1850
27,0,star_sign,attention,0.0001,1e-05,2.29311,0.98438,1850
27,0,star_sign,shuffled,0.01,0.0001,2.78798,0.12216,1850
27,4,age_bin,ema_lr1e-3,0.001,0.0001,1.25157,0.31892,1850
27,4,age_bin,ema_lr5e-3,0.005,0.0001,1.19656,0.35081,1850
27,4,age_bin,ema_lr1e-2,0.01,0.0001,1.25003,0.36865,1850
27,4,age_bin,ema_lr5e-2,0.05,0.0001,2.90686,0.3227,1850
27,4,age_bin,ema_lr1e-2_wd1e-3,0.01,0.001,1.21517,0.36378,1850
27,4,age_bin,ema_d0.99,0.01,0.0001,1.21706,0.36108,1850
27,4,age_bin,ema_d0.9999,0.01,0.0001,1.23864,0.33838,1850
27,4,age_bin,mlp_h16,0.001,0.0,1.05077,0.48541,1850
27,4,age_bin,mlp_h32,0.001,0.0,1.04963,0.48649,1850
27,4,age_bin,mlp_h64,0.001,0.0,1.04172,0.48595,1850
27,4,age_bin,mlp_h128,0.001,0.0,1.04357,0.48378,1850
27,4,age_bin,attention,0.0001,1e-05,1.04314,0.50781,1850
27,4,age_bin,shuffled,0.01,0.0001,1.2285,0.37459,1850
27,4,gender,ema_lr1e-3,0.001,0.0001,0.78146,0.49459,1850
27,4,gender,ema_lr5e-3,0.005,0.0001,0.78156,0.50649,1850
27,4,gender,ema_lr1e-2,0.01,0.0001,0.96998,0.47135,1850
27,4,gender,ema_lr5e-2,0.05,0.0001,4.26719,0.44973,1850
27,4,gender,ema_lr1e-2_wd1e-3,0.01,0.001,0.9356,0.48432,1850
27,4,gender,ema_d0.99,0.01,0.0001,0.86729,0.53027,1850
27,4,gender,ema_d0.9999,0.01,0.0001,0.82178,0.48378,1850
27,4,gender,mlp_h16,0.001,0.0,0.7264,0.44919,1850
27,4,gender,mlp_h32,0.001,0.0,0.70846,0.44432,1850
27,4,gender,mlp_h64,0.001,0.0,0.70812,0.46649,1850
27,4,gender,mlp_h128,0.001,0.0,0.7997,0.44811,1850
27,4,gender,attention,0.0001,1e-05,0.71588,0.49219,1850
27,4,gender,shuffled,0.01,0.0001,0.88321,0.49297,1850
27,4,star_sign,ema_lr1e-3,0.001,0.0001,2.6812,0.06919,1850
27,4,star_sign,ema_lr5e-3,0.005,0.0001,2.53793,0.14108,1850
27,4,star_sign,ema_lr1e-2,0.01,0.0001,2.43307,0.21405,1850
27,4,star_sign,ema_lr5e-2,0.05,0.0001,2.00998,0.2227,1850
27,4,star_sign,ema_lr1e-2_wd1e-3,0.01,0.001,2.45901,0.22,1850
27,4,star_sign,ema_d0.99,0.01,0.0001,2.38892,0.21946,1850
27,4,star_sign,ema_d0.9999,0.01,0.0001,2.44207,0.19568,1850
27,4,star_sign,mlp_h16,0.001,0.0,0.04341,1.0,1850
27,4,star_sign,mlp_h32,0.001,0.0,0.00147,1.0,1850
27,4,star_sign,mlp_h64,0.001,0.0,0.00131,1.0,1850
27,4,star_sign,mlp_h128,0.001,0.0,4e-05,1.0,1850
27,4,star_sign,attention,0.0001,1e-05,0.05804,1.0,1850
27,4,star_sign,shuffled,0.01,0.0001,2.37862,0.24811,1850
27,8,age_bin,ema_lr1e-3,0.001,0.0001,1.24182,0.32649,1850
27,8,age_bin,ema_lr5e-3,0.005,0.0001,1.25942,0.31514,1850
27,8,age_bin,ema_lr1e-2,0.01,0.0001,1.24942,0.35946,1850
27,8,age_bin,ema_lr5e-2,0.05,0.0001,2.83823,0.32,1850
27,8,age_bin,ema_lr1e-2_wd1e-3,0.01,0.001,1.20664,0.33892,1850
27,8,age_bin,ema_d0.99,0.01,0.0001,1.23488,0.33081,1850
27,8,age_bin,ema_d0.9999,0.01,0.0001,1.23879,0.35784,1850
27,8,age_bin,mlp_h16,0.001,0.0,1.05593,0.48162,1850
27,8,age_bin,mlp_h32,0.001,0.0,1.04702,0.48541,1850
27,8,age_bin,mlp_h64,0.001,0.0,1.05236,0.49135,1850
27,8,age_bin,mlp_h128,0.001,0.0,1.05954,0.49189,1850
27,8,age_bin,attention,0.0001,1e-05,1.06764,0.49219,1850
27,8,age_bin,shuffled,0.01,0.0001,1.20725,0.33459,1850
27,8,gender,ema_lr1e-3,0.001,0.0001,0.8026,0.48216,1850
27,8,gender,ema_lr5e-3,0.005,0.0001,0.77013,0.51459,1850
27,8,gender,ema_lr1e-2,0.01,0.0001,0.91628,0.46757,1850
27,8,gender,ema_lr5e-2,0.05,0.0001,2.42747,0.54973,1850
27,8,gender,ema_lr1e-2_wd1e-3,0.01,0.001,0.87794,0.50919,1850
27,8,gender,ema_d0.99,0.01,0.0001,0.84652,0.52703,1850
27,8,gender,ema_d0.9999,0.01,0.0001,0.95188,0.46973,1850
27,8,gender,mlp_h16,0.001,0.0,0.71123,0.46865,1850
27,8,gender,mlp_h32,0.001,0.0,0.7601,0.45081,1850
27,8,gender,mlp_h64,0.001,0.0,0.7046,0.48486,1850
27,8,gender,mlp_h128,0.001,0.0,0.77385,0.45676,1850
27,8,gender,attention,0.0001,1e-05,0.70843,0.54688,1850
27,8,gender,shuffled,0.01,0.0001,0.85868,0.50324,1850
27,8,star_sign,ema_lr1e-3,0.001,0.0001,2.71331,0.10757,1850
27,8,star_sign,ema_lr5e-3,0.005,0.0001,2.54504,0.16703,1850
27,8,star_sign,ema_lr1e-2,0.01,0.0001,2.44128,0.20432,1850
27,8,star_sign,ema_lr5e-2,0.05,0.0001,1.94188,0.87784,1850
27,8,star_sign,ema_lr1e-2_wd1e-3,0.01,0.001,2.4102,0.23676,1850
27,8,star_sign,ema_d0.99,0.01,0.0001,2.47023,0.19405,1850
27,8,star_sign,ema_d0.9999,0.01,0.0001,2.42838,0.23081,1850
27,8,star_sign,mlp_h16,0.001,0.0,1.77042,0.06919,1850
27,8,star_sign,mlp_h32,0.001,0.0,0.06606,1.0,1850
27,8,star_sign,mlp_h64,0.001,0.0,0.0008,1.0,1850
27,8,star_sign,mlp_h128,0.001,0.0,4e-05,1.0,1850
27,8,star_sign,attention,0.0001,1e-05,0.0,1.0,1850
27,8,star_sign,shuffled,0.01,0.0001,2.44107,0.20541,1850
27,12,age_bin,ema_lr1e-3,0.001,0.0001,1.26658,0.31676,1850
27,12,age_bin,ema_lr5e-3,0.005,0.0001,1.22016,0.33027,1850
27,12,age_bin,ema_lr1e-2,0.01,0.0001,1.23606,0.31784,1850
27,12,age_bin,ema_lr5e-2,0.05,0.0001,2.81258,0.3227,1850
27,12,age_bin,ema_lr1e-2_wd1e-3,0.01,0.001,1.23553,0.32324,1850
27,12,age_bin,ema_d0.99,0.01,0.0001,1.19646,0.33946,1850
27,12,age_bin,ema_d0.9999,0.01,0.0001,1.18606,0.37189,1850
27,12,age_bin,mlp_h16,0.001,0.0,1.03904,0.48541,1850
27,12,age_bin,mlp_h32,0.001,0.0,1.03747,0.48541,1850
27,12,age_bin,mlp_h64,0.001,0.0,1.04643,0.48649,1850
27,12,age_bin,mlp_h128,0.001,0.0,1.0451,0.52,1850
27,12,age_bin,attention,0.0001,1e-05,37.82616,0.28906,1850
27,12,age_bin,shuffled,0.01,0.0001,1.25813,0.38919,1850
27,12,gender,ema_lr1e-3,0.001,0.0001,0.76848,0.51568,1850
27,12,gender,ema_lr5e-3,0.005,0.0001,0.79752,0.49135,1850
27,12,gender,ema_lr1e-2,0.01,0.0001,0.89314,0.50973,1850
27,12,gender,ema_lr5e-2,0.05,0.0001,2.48943,0.54973,1850
27,12,gender,ema_lr1e-2_wd1e-3,0.01,0.001,0.87073,0.50108,1850
27,12,gender,ema_d0.99,0.01,0.0001,0.91074,0.49838,1850
27,12,gender,ema_d0.9999,0.01,0.0001,0.85586,0.52703,1850
27,12,gender,mlp_h16,0.001,0.0,0.7318,0.45514,1850
27,12,gender,mlp_h32,0.001,0.0,0.71804,0.47135,1850
27,12,gender,mlp_h64,0.001,0.0,0.72595,0.47243,1850
27,12,gender,mlp_h128,0.001,0.0,0.76683,0.45405,1850
27,12,gender,attention,0.0001,1e-05,0.75461,0.48438,1850
27,12,gender,shuffled,0.01,0.0001,0.8793,0.48865,1850
27,12,star_sign,ema_lr1e-3,0.001,0.0001,2.74408,0.07243,1850
27,12,star_sign,ema_lr5e-3,0.005,0.0001,2.55148,0.13405,1850
27,12,star_sign,ema_lr1e-2,0.01,0.0001,2.42017,0.21568,1850
27,12,star_sign,ema_lr5e-2,0.05,0.0001,2.00502,0.29514,1850
27,12,star_sign,ema_lr1e-2_wd1e-3,0.01,0.001,2.42956,0.20054,1850
27,12,star_sign,ema_d0.99,0.01,0.0001,2.45887,0.17243,1850
27,12,star_sign,ema_d0.9999,0.01,0.0001,2.45044,0.19676,1850
27,12,star_sign,mlp_h16,0.001,0.0,0.16329,1.0,1850
27,12,star_sign,mlp_h32,0.001,0.0,0.01681,1.0,1850
27,12,star_sign,mlp_h64,0.001,0.0,0.00077,1.0,1850
27,12,star_sign,mlp_h128,0.001,0.0,8e-05,1.0,1850
27,12,star_sign,attention,0.0001,1e-05,0.0,1.0,1850
27,12,star_sign,shuffled,0.01,0.0001,2.43054,0.21081,1850
27,16,age_bin,ema_lr1e-3,0.001,0.0001,1.23951,0.32865,1850
27,16,age_bin,ema_lr5e-3,0.005,0.0001,1.20596,0.32811,1850
27,16,age_bin,ema_lr1e-2,0.01,0.0001,1.26651,0.30811,1850
27,16,age_bin,ema_lr5e-2,0.05,0.0001,2.85028,0.32162,1850
27,16,age_bin,ema_lr1e-2_wd1e-3,0.01,0.001,1.20108,0.32541,1850
27,16,age_bin,ema_d0.99,0.01,0.0001,1.23267,0.33135,1850
27,16,age_bin,ema_d0.9999,0.01,0.0001,1.22295,0.34432,1850
27,16,age_bin,mlp_h16,0.001,0.0,1.04248,0.48595,1850
27,16,age_bin,mlp_h32,0.001,0.0,1.04876,0.48865,1850
27,16,age_bin,mlp_h64,0.001,0.0,1.03591,0.49946,1850
27,16,age_bin,mlp_h128,0.001,0.0,1.03973,0.4973,1850
27,16,age_bin,attention,0.0001,1e-05,0.96994,0.5,1850
27,16,age_bin,shuffled,0.01,0.0001,1.24661,0.32486,1850
27,16,gender,ema_lr1e-3,0.001,0.0001,0.75998,0.52649,1850
27,16,gender,ema_lr5e-3,0.005,0.0001,0.78578,0.48865,1850
27,16,gender,ema_lr1e-2,0.01,0.0001,0.84837,0.51838,1850
27,16,gender,ema_lr5e-2,0.05,0.0001,2.4386,0.55081,1850
27,16,gender,ema_lr1e-2_wd1e-3,0.01,0.001,0.91473,0.48649,1850
27,16,gender,ema_d0.99,0.01,0.0001,0.83587,0.52757,1850
27,16,gender,ema_d0.9999,0.01,0.0001,0.84309,0.50865,1850
27,16,gender,mlp_h16,0.001,0.0,0.69323,0.52649,1850
27,16,gender,mlp_h32,0.001,0.0,0.7071,0.47459,1850
27,16,gender,mlp_h64,0.001,0.0,0.73583,0.45405,1850
27,16,gender,mlp_h128,0.001,0.0,0.73718,0.46324,1850
27,16,gender,attention,0.0001,1e-05,16.90795,0.45312,1850
27,16,gender,shuffled,0.01,0.0001,0.91279,0.50054,1850
27,16,star_sign,ema_lr1e-3,0.001,0.0001,2.68995,0.09676,1850
27,16,star_sign,ema_lr5e-3,0.005,0.0001,2.58748,0.18595,1850
27,16,star_sign,ema_lr1e-2,0.01,0.0001,2.3986,0.24541,1850
27,16,star_sign,ema_lr5e-2,0.05,0.0001,1.96841,0.36595,1850
27,16,star_sign,ema_lr1e-2_wd1e-3,0.01,0.001,2.42033,0.20919,1850
27,16,star_sign,ema_d0.99,0.01,0.0001,2.4206,0.20162,1850
27,16,star_sign,ema_d0.9999,0.01,0.0001,2.45723,0.19459,1850
27,16,star_sign,mlp_h16,0.001,0.0,0.01917,1.0,1850
27,16,star_sign,mlp_h32,0.001,0.0,0.00485,1.0,1850
27,16,star_sign,mlp_h64,0.001,0.0,0.00036,1.0,1850
27,16,star_sign,mlp_h128,0.001,0.0,4e-05,1.0,1850
27,16,star_sign,attention,0.0001,1e-05,0.0,1.0,1850
27,16,star_sign,shuffled,0.01,0.0001,2.40883,0.22595,1850
27,20,age_bin,ema_lr1e-3,0.001,0.0001,1.33747,0.27568,1850
27,20,age_bin,ema_lr5e-3,0.005,0.0001,1.26758,0.34108,1850
27,20,age_bin,ema_lr1e-2,0.01,0.0001,1.22109,0.36216,1850
27,20,age_bin,ema_lr5e-2,0.05,0.0001,2.53358,0.3173,1850
27,20,age_bin,ema_lr1e-2_wd1e-3,0.01,0.001,1.2499,0.34432,1850
27,20,age_bin,ema_d0.99,0.01,0.0001,1.22108,0.37189,1850
27,20,age_bin,ema_d0.9999,0.01,0.0001,1.22194,0.35135,1850
27,20,age_bin,mlp_h16,0.001,0.0,1.0336,0.47243,1850
27,20,age_bin,mlp_h32,0.001,0.0,1.03257,0.48919,1850
27,20,age_bin,mlp_h64,0.001,0.0,1.03418,0.49784,1850
27,20,age_bin,mlp_h128,0.001,0.0,1.03025,0.49892,1850
27,20,age_bin,attention,0.0001,1e-05,20.21003,0.52344,1850
27,20,age_bin,shuffled,0.01,0.0001,1.24355,0.31459,1850
27,20,gender,ema_lr1e-3,0.001,0.0001,0.83356,0.50486,1850
27,20,gender,ema_lr5e-3,0.005,0.0001,0.80135,0.50432,1850
27,20,gender,ema_lr1e-2,0.01,0.0001,0.86933,0.49838,1850
27,20,gender,ema_lr5e-2,0.05,0.0001,2.39159,0.55027,1850
27,20,gender,ema_lr1e-2_wd1e-3,0.01,0.001,0.86504,0.54162,1850
27,20,gender,ema_d0.99,0.01,0.0001,0.93841,0.48811,1850
27,20,gender,ema_d0.9999,0.01,0.0001,0.85692,0.52432,1850
27,20,gender,mlp_h16,0.001,0.0,0.71702,0.46541,1850
27,20,gender,mlp_h32,0.001,0.0,0.70814,0.5027,1850
27,20,gender,mlp_h64,0.001,0.0,0.72317,0.47459,1850
27,20,gender,mlp_h128,0.001,0.0,0.75742,0.45676,1850
27,20,gender,attention,0.0001,1e-05,16.51712,0.44531,1850
27,20,gender,shuffled,0.01,0.0001,0.96147,0.52162,1850
27,20,star_sign,ema_lr1e-3,0.001,0.0001,2.72632,0.09135,1850
27,20,star_sign,ema_lr5e-3,0.005,0.0001,2.60666,0.12324,1850
27,20,star_sign,ema_lr1e-2,0.01,0.0001,2.50157,0.17081,1850
27,20,star_sign,ema_lr5e-2,0.05,0.0001,1.83343,0.51351,1850
27,20,star_sign,ema_lr1e-2_wd1e-3,0.01,0.001,2.49206,0.17514,1850
27,20,star_sign,ema_d0.99,0.01,0.0001,2.48207,0.16703,1850
27,20,star_sign,ema_d0.9999,0.01,0.0001,2.47051,0.17189,1850
27,20,star_sign,mlp_h16,0.001,0.0,0.66687,1.0,1850
27,20,star_sign,mlp_h32,0.001,0.0,0.00174,1.0,1850
27,20,star_sign,mlp_h64,0.001,0.0,0.00053,1.0,1850
27,20,star_sign,mlp_h128,0.001,0.0,4e-05,1.0,1850
27,20,star_sign,attention,0.0001,1e-05,0.0018,1.0,1850
27,20,star_sign,shuffled,0.01,0.0001,2.4713,0.19081,1850
27,24,age_bin,ema_lr1e-3,0.001,0.0001,1.32313,0.35135,1850
27,24,age_bin,ema_lr5e-3,0.005,0.0001,1.34825,0.33189,1850
27,24,age_bin,ema_lr1e-2,0.01,0.0001,1.30825,0.34595,1850
27,24,age_bin,ema_lr5e-2,0.05,0.0001,2.6189,0.46541,1850
27,24,age_bin,ema_lr1e-2_wd1e-3,0.01,0.001,1.32484,0.32811,1850
27,24,age_bin,ema_d0.99,0.01,0.0001,1.30735,0.34486,1850
27,24,age_bin,ema_d0.9999,0.01,0.0001,1.31886,0.33892,1850
27,24,age_bin,mlp_h16,0.001,0.0,1.01977,0.48486,1850
27,24,age_bin,mlp_h32,0.001,0.0,1.03328,0.49838,1850
27,24,age_bin,mlp_h64,0.001,0.0,1.04024,0.50216,1850
27,24,age_bin,mlp_h128,0.001,0.0,1.01866,0.50486,1850
27,24,age_bin,attention,0.0001,1e-05,16.95801,0.28906,1850
27,24,age_bin,shuffled,0.01,0.0001,1.31424,0.33459,1850
27,24,gender,ema_lr1e-3,0.001,0.0001,0.88443,0.51081,1850
27,24,gender,ema_lr5e-3,0.005,0.0001,0.8563,0.5173,1850
27,24,gender,ema_lr1e-2,0.01,0.0001,0.88105,0.49946,1850
27,24,gender,ema_lr5e-2,0.05,0.0001,2.51649,0.45189,1850
27,24,gender,ema_lr1e-2_wd1e-3,0.01,0.001,0.87143,0.51622,1850
27,24,gender,ema_d0.99,0.01,0.0001,0.83641,0.51568,1850
27,24,gender,ema_d0.9999,0.01,0.0001,0.9229,0.49405,1850
27,24,gender,mlp_h16,0.001,0.0,0.73115,0.45243,1850
27,24,gender,mlp_h32,0.001,0.0,0.74277,0.46324,1850
27,24,gender,mlp_h64,0.001,0.0,0.73967,0.46486,1850
27,24,gender,mlp_h128,0.001,0.0,0.74173,0.47297,1850
27,24,gender,attention,0.0001,1e-05,3.69431,0.4375,1850
27,24,gender,shuffled,0.01,0.0001,0.92413,0.48216,1850
27,24,star_sign,ema_lr1e-3,0.001,0.0001,2.96159,0.08486,1850
27,24,star_sign,ema_lr5e-3,0.005,0.0001,2.77087,0.10486,1850
27,24,star_sign,ema_lr1e-2,0.01,0.0001,2.636,0.14108,1850
27,24,star_sign,ema_lr5e-2,0.05,0.0001,1.97848,0.33189,1850
27,24,star_sign,ema_lr1e-2_wd1e-3,0.01,0.001,2.63278,0.14595,1850
27,24,star_sign,ema_d0.99,0.01,0.0001,2.57208,0.15405,1850
27,24,star_sign,ema_d0.9999,0.01,0.0001,2.62,0.15081,1850
27,24,star_sign,mlp_h16,0.001,0.0,0.01727,1.0,1850
27,24,star_sign,mlp_h32,0.001,0.0,0.02204,1.0,1850
27,24,star_sign,mlp_h64,0.001,0.0,0.00097,1.0,1850
27,24,star_sign,mlp_h128,0.001,0.0,3e-05,1.0,1850
27,24,star_sign,attention,0.0001,1e-05,7e-05,1.0,1850
27,24,star_sign,shuffled,0.01,0.0001,2.64075,0.13351,1850
27,28,age_bin,ema_lr1e-3,0.001,0.0001,1.49024,0.36973,1850
27,28,age_bin,ema_lr5e-3,0.005,0.0001,1.46031,0.36324,1850
27,28,age_bin,ema_lr1e-2,0.01,0.0001,1.35496,0.3827,1850
27,28,age_bin,ema_lr5e-2,0.05,0.0001,1.24258,0.39027,1850
27,28,age_bin,ema_lr1e-2_wd1e-3,0.01,0.001,1.42062,0.35838,1850
27,28,age_bin,ema_d0.99,0.01,0.0001,1.40333,0.34757,1850
27,28,age_bin,ema_d0.9999,0.01,0.0001,1.39081,0.35892,1850
27,28,age_bin,mlp_h16,0.001,0.0,1.02822,0.49784,1850
27,28,age_bin,mlp_h32,0.001,0.0,1.01693,0.49946,1850
27,28,age_bin,mlp_h64,0.001,0.0,1.02392,0.49946,1850
27,28,age_bin,mlp_h128,0.001,0.0,1.04211,0.49784,1850
27,28,age_bin,attention,0.0001,1e-05,1.24162,0.42969,1850
27,28,age_bin,shuffled,0.01,0.0001,1.42639,0.33892,1850
27,28,gender,ema_lr1e-3,0.001,0.0001,1.00838,0.51459,1850
27,28,gender,ema_lr5e-3,0.005,0.0001,0.92784,0.52432,1850
27,28,gender,ema_lr1e-2,0.01,0.0001,0.98012,0.46324,1850
27,28,gender,ema_lr5e-2,0.05,0.0001,0.88608,0.46216,1850
27,28,gender,ema_lr1e-2_wd1e-3,0.01,0.001,0.89526,0.51622,1850
27,28,gender,ema_d0.99,0.01,0.0001,0.94046,0.48432,1850
27,28,gender,ema_d0.9999,0.01,0.0001,0.94494,0.5,1850
27,28,gender,mlp_h16,0.001,0.0,0.72433,0.48973,1850
27,28,gender,mlp_h32,0.001,0.0,0.72796,0.47568,1850
27,28,gender,mlp_h64,0.001,0.0,0.71936,0.5173,1850
27,28,gender,mlp_h128,0.001,0.0,0.72226,0.50541,1850
27,28,gender,attention,0.0001,1e-05,0.99801,0.45312,1850
27,28,gender,shuffled,0.01,0.0001,0.93792,0.48703,1850
27,28,star_sign,ema_lr1e-3,0.001,0.0001,3.32111,0.09946,1850
27,28,star_sign,ema_lr5e-3,0.005,0.0001,3.0986,0.11135,1850
27,28,star_sign,ema_lr1e-2,0.01,0.0001,2.90393,0.10216,1850
27,28,star_sign,ema_lr5e-2,0.05,0.0001,1.9257,0.41676,1850
27,28,star_sign,ema_lr1e-2_wd1e-3,0.01,0.001,2.89129,0.11405,1850
27,28,star_sign,ema_d0.99,0.01,0.0001,2.99864,0.09892,1850
27,28,star_sign,ema_d0.9999,0.01,0.0001,2.93284,0.11027,1850
27,28,star_sign,mlp_h16,0.001,0.0,0.73031,0.9373,1850
27,28,star_sign,mlp_h32,0.001,0.0,0.36045,1.0,1850
27,28,star_sign,mlp_h64,0.001,0.0,0.07073,1.0,1850
27,28,star_sign,mlp_h128,0.001,0.0,0.01348,1.0,1850
27,28,star_sign,attention,0.0001,1e-05,0.0001,1.0,1850
27,28,star_sign,shuffled,0.01,0.0001,2.98908,0.10865,1850
28,0,age_bin,ema_lr1e-3,0.001,0.0001,1.56413,0.32106,2009
28,0,age_bin,ema_lr5e-3,0.005,0.0001,1.44874,0.32554,2009
28,0,age_bin,ema_lr1e-2,0.01,0.0001,1.38227,0.35042,2009
28,0,age_bin,ema_lr5e-2,0.05,0.0001,1.40307,0.36735,2009
28,0,age_bin,ema_lr1e-2_wd1e-3,0.01,0.001,1.37072,0.33947,2009
28,0,age_bin,ema_d0.99,0.01,0.0001,1.40198,0.34843,2009
28,0,age_bin,ema_d0.9999,0.01,0.0001,1.47868,0.3335,2009
28,0,age_bin,mlp_h16,0.001,0.0,1.11041,0.40667,2009
28,0,age_bin,mlp_h32,0.001,0.0,1.11662,0.40617,2009
28,0,age_bin,mlp_h64,0.001,0.0,1.12268,0.40767,2009
28,0,age_bin,mlp_h128,0.001,0.0,1.13282,0.40717,2009
28,0,age_bin,attention,0.0001,1e-05,1.06655,0.49219,2009
28,0,age_bin,shuffled,0.01,0.0001,1.43723,0.31409,2009
28,0,gender,ema_lr1e-3,0.001,0.0001,1.02324,0.51618,2009
28,0,gender,ema_lr5e-3,0.005,0.0001,0.98666,0.4883,2009
28,0,gender,ema_lr1e-2,0.01,0.0001,0.8904,0.50672,2009
28,0,gender,ema_lr5e-2,0.05,0.0001,1.30663,0.49627,2009
28,0,gender,ema_lr1e-2_wd1e-3,0.01,0.001,0.86085,0.51717,2009
28,0,gender,ema_d0.99,0.01,0.0001,0.89224,0.51419,2009
28,0,gender,ema_d0.9999,0.01,0.0001,0.88855,0.50124,2009
28,0,gender,mlp_h16,0.001,0.0,0.70837,0.48183,2009
28,0,gender,mlp_h32,0.001,0.0,0.71129,0.47287,2009
28,0,gender,mlp_h64,0.001,0.0,0.70568,0.49278,2009
28,0,gender,mlp_h128,0.001,0.0,0.71886,0.47636,2009
28,0,gender,attention,0.0001,1e-05,0.69379,0.47656,2009
28,0,gender,shuffled,0.01,0.0001,0.8493,0.4888,2009
28,0,star_sign,ema_lr1e-3,0.001,0.0001,3.22339,0.08661,2009
28,0,star_sign,ema_lr5e-3,0.005,0.0001,3.00349,0.12544,2009
28,0,star_sign,ema_lr1e-2,0.01,0.0001,2.79147,0.10951,2009
28,0,star_sign,ema_lr5e-2,0.05,0.0001,1.75799,0.63514,2009
28,0,star_sign,ema_lr1e-2_wd1e-3,0.01,0.001,2.83007,0.10055,2009
28,0,star_sign,ema_d0.99,0.01,0.0001,2.7852,0.15928,2009
28,0,star_sign,ema_d0.9999,0.01,0.0001,2.82889,0.1324,2009
28,0,star_sign,mlp_h16,0.001,0.0,0.50129,0.97511,2009
28,0,star_sign,mlp_h32,0.001,0.0,0.05243,1.0,2009
28,0,star_sign,mlp_h64,0.001,0.0,0.02514,1.0,2009
28,0,star_sign,mlp_h128,0.001,0.0,0.00961,1.0,2009
28,0,star_sign,attention,0.0001,1e-05,2.28569,1.0,2009
28,0,star_sign,shuffled,0.01,0.0001,2.82283,0.11747,2009
28,4,age_bin,ema_lr1e-3,0.001,0.0001,1.22317,0.33649,2009
28,4,age_bin,ema_lr5e-3,0.005,0.0001,1.18317,0.35441,2009
28,4,age_bin,ema_lr1e-2,0.01,0.0001,1.34446,0.31707,2009
28,4,age_bin,ema_lr5e-2,0.05,0.0001,3.82762,0.39671,2009
28,4,age_bin,ema_lr1e-2_wd1e-3,0.01,0.001,1.27819,0.34644,2009
28,4,age_bin,ema_d0.99,0.01,0.0001,1.20463,0.3559,2009
28,4,age_bin,ema_d0.9999,0.01,0.0001,1.24764,0.33698,2009
28,4,age_bin,mlp_h16,0.001,0.0,1.11678,0.40866,2009
28,4,age_bin,mlp_h32,0.001,0.0,1.08866,0.40916,2009
28,4,age_bin,mlp_h64,0.001,0.0,1.09078,0.40966,2009
28,4,age_bin,mlp_h128,0.001,0.0,1.07462,0.41165,2009
28,4,age_bin,attention,0.0001,1e-05,1.032,0.49219,2009
28,4,age_bin,shuffled,0.01,0.0001,1.22997,0.31558,2009
28,4,gender,ema_lr1e-3,0.001,0.0001,0.79131,0.49228,2009
28,4,gender,ema_lr5e-3,0.005,0.0001,0.78882,0.47735,2009
28,4,gender,ema_lr1e-2,0.01,0.0001,0.94025,0.52016,2009
28,4,gender,ema_lr5e-2,0.05,0.0001,3.10137,0.54704,2009
28,4,gender,ema_lr1e-2_wd1e-3,0.01,0.001,0.93423,0.52563,2009
28,4,gender,ema_d0.99,0.01,0.0001,0.96783,0.46939,2009
28,4,gender,ema_d0.9999,0.01,0.0001,0.88863,0.50572,2009
28,4,gender,mlp_h16,0.001,0.0,0.71424,0.46292,2009
28,4,gender,mlp_h32,0.001,0.0,0.70327,0.46043,2009
28,4,gender,mlp_h64,0.001,0.0,0.6878,0.54306,2009
28,4,gender,mlp_h128,0.001,0.0,0.72857,0.46889,2009
28,4,gender,attention,0.0001,1e-05,0.70369,0.51562,2009
28,4,gender,shuffled,0.01,0.0001,0.88291,0.52115,2009
28,4,star_sign,ema_lr1e-3,0.001,0.0001,2.68631,0.06471,2009
28,4,star_sign,ema_lr5e-3,0.005,0.0001,2.54587,0.13539,2009
28,4,star_sign,ema_lr1e-2,0.01,0.0001,2.41697,0.16775,2009
28,4,star_sign,ema_lr5e-2,0.05,0.0001,2.85564,0.9343,2009
28,4,star_sign,ema_lr1e-2_wd1e-3,0.01,0.001,2.42332,0.18417,2009
28,4,star_sign,ema_d0.99,0.01,0.0001,2.38293,0.17173,2009
28,4,star_sign,ema_d0.9999,0.01,0.0001,2.39422,0.18815,2009
28,4,star_sign,mlp_h16,0.001,0.0,0.03786,1.0,2009
28,4,star_sign,mlp_h32,0.001,0.0,0.00129,1.0,2009
28,4,star_sign,mlp_h64,0.001,0.0,0.00109,1.0,2009
28,4,star_sign,mlp_h128,0.001,0.0,3e-05,1.0,2009
28,4,star_sign,attention,0.0001,1e-05,0.04449,1.0,2009
28,4,star_sign,shuffled,0.01,0.0001,2.38115,0.20557,2009
28,8,age_bin,ema_lr1e-3,0.001,0.0001,1.21417,0.34097,2009
28,8,age_bin,ema_lr5e-3,0.005,0.0001,1.24652,0.32703,2009
28,8,age_bin,ema_lr1e-2,0.01,0.0001,1.27806,0.34793,2009
28,8,age_bin,ema_lr5e-2,0.05,0.0001,3.3971,0.39671,2009
28,8,age_bin,ema_lr1e-2_wd1e-3,0.01,0.001,1.27679,0.32504,2009
28,8,age_bin,ema_d0.99,0.01,0.0001,1.21803,0.34793,2009
28,8,age_bin,ema_d0.9999,0.01,0.0001,1.32395,0.33201,2009
28,8,age_bin,mlp_h16,0.001,0.0,1.11198,0.40617,2009
28,8,age_bin,mlp_h32,0.001,0.0,1.11087,0.40866,2009
28,8,age_bin,mlp_h64,0.001,0.0,1.08539,0.41613,2009
28,8,age_bin,mlp_h128,0.001,0.0,1.08002,0.42857,2009
28,8,age_bin,attention,0.0001,1e-05,1.06167,0.44531,2009
28,8,age_bin,shuffled,0.01,0.0001,1.26132,0.34146,2009
28,8,gender,ema_lr1e-3,0.001,0.0001,0.78004,0.50423,2009
28,8,gender,ema_lr5e-3,0.005,0.0001,0.75858,0.53111,2009
28,8,gender,ema_lr1e-2,0.01,0.0001,0.92744,0.53758,2009
28,8,gender,ema_lr5e-2,0.05,0.0001,4.16323,0.45296,2009
28,8,gender,ema_lr1e-2_wd1e-3,0.01,0.001,0.9858,0.44848,2009
28,8,gender,ema_d0.99,0.01,0.0001,0.95757,0.49577,2009
28,8,gender,ema_d0.9999,0.01,0.0001,0.93333,0.52464,2009
28,8,gender,mlp_h16,0.001,0.0,0.70155,0.49925,2009
28,8,gender,mlp_h32,0.001,0.0,0.73354,0.46043,2009
28,8,gender,mlp_h64,0.001,0.0,0.69792,0.50971,2009
28,8,gender,mlp_h128,0.001,0.0,0.70205,0.51419,2009
28,8,gender,attention,0.0001,1e-05,0.74682,0.48438,2009
28,8,gender,shuffled,0.01,0.0001,0.9375,0.4878,2009
28,8,star_sign,ema_lr1e-3,0.001,0.0001,2.65668,0.11249,2009
28,8,star_sign,ema_lr5e-3,0.005,0.0001,2.56073,0.14335,2009
28,8,star_sign,ema_lr1e-2,0.01,0.0001,2.43484,0.15679,2009
28,8,star_sign,ema_lr5e-2,0.05,0.0001,2.15496,0.223,2009
28,8,star_sign,ema_lr1e-2_wd1e-3,0.01,0.001,2.38757,0.20209,2009
28,8,star_sign,ema_d0.99,0.01,0.0001,2.43298,0.17222,2009
28,8,star_sign,ema_d0.9999,0.01,0.0001,2.41007,0.19761,2009
28,8,star_sign,mlp_h16,0.001,0.0,1.74839,0.06371,2009
28,8,star_sign,mlp_h32,0.001,0.0,0.05601,1.0,2009
28,8,star_sign,mlp_h64,0.001,0.0,0.0007,1.0,2009
28,8,star_sign,mlp_h128,0.001,0.0,3e-05,1.0,2009
28,8,star_sign,attention,0.0001,1e-05,0.0,1.0,2009
28,8,star_sign,shuffled,0.01,0.0001,2.40428,0.19512,2009
28,12,age_bin,ema_lr1e-3,0.001,0.0001,1.20231,0.33549,2009
28,12,age_bin,ema_lr5e-3,0.005,0.0001,1.21736,0.32653,2009
28,12,age_bin,ema_lr1e-2,0.01,0.0001,1.228,0.32554,2009
28,12,age_bin,ema_lr5e-2,0.05,0.0001,3.55594,0.39671,2009
28,12,age_bin,ema_lr1e-2_wd1e-3,0.01,0.001,1.25409,0.35341,2009
28,12,age_bin,ema_d0.99,0.01,0.0001,1.2916,0.34893,2009
28,12,age_bin,ema_d0.9999,0.01,0.0001,1.23489,0.36038,2009
28,12,age_bin,mlp_h16,0.001,0.0,1.10061,0.40816,2009
28,12,age_bin,mlp_h32,0.001,0.0,1.10291,0.40866,2009
28,12,age_bin,mlp_h64,0.001,0.0,1.10655,0.40966,2009
28,12,age_bin,mlp_h128,0.001,0.0,1.06958,0.45445,2009
28,12,age_bin,attention,0.0001,1e-05,43.60377,0.30469,2009
28,12,age_bin,shuffled,0.01,0.0001,1.23334,0.31906,2009
28,12,gender,ema_lr1e-3,0.001,0.0001,0.77699,0.50324,2009
28,12,gender,ema_lr5e-3,0.005,0.0001,0.78346,0.4898,2009
28,12,gender,ema_lr1e-2,0.01,0.0001,0.98736,0.44848,2009
28,12,gender,ema_lr5e-2,0.05,0.0001,4.22681,0.45296,2009
28,12,gender,ema_lr1e-2_wd1e-3,0.01,0.001,0.90618,0.54455,2009
28,12,gender,ema_d0.99,0.01,0.0001,0.91723,0.54555,2009
28,12,gender,ema_d0.9999,0.01,0.0001,0.95634,0.46142,2009
28,12,gender,mlp_h16,0.001,0.0,0.72041,0.4674,2009
28,12,gender,mlp_h32,0.001,0.0,0.71156,0.47885,2009
28,12,gender,mlp_h64,0.001,0.0,0.72807,0.47287,2009
28,12,gender,mlp_h128,0.001,0.0,0.75501,0.46491,2009
28,12,gender,attention,0.0001,1e-05,0.74128,0.53125,2009
28,12,gender,shuffled,0.01,0.0001,0.88472,0.51916,2009
28,12,star_sign,ema_lr1e-3,0.001,0.0001,2.73456,0.06471,2009
28,12,star_sign,ema_lr5e-3,0.005,0.0001,2.55561,0.12195,2009
28,12,star_sign,ema_lr1e-2,0.01,0.0001,2.44173,0.16974,2009
28,12,star_sign,ema_lr5e-2,0.05,0.0001,2.92208,0.93629,2009
28,12,star_sign,ema_lr1e-2_wd1e-3,0.01,0.001,2.42265,0.16426,2009
28,12,star_sign,ema_d0.99,0.01,0.0001,2.40082,0.16376,2009
28,12,star_sign,ema_d0.9999,0.01,0.0001,2.44324,0.17969,2009
28,12,star_sign,mlp_h16,0.001,0.0,0.14696,1.0,2009
28,12,star_sign,mlp_h32,0.001,0.0,0.01406,1.0,2009
28,12,star_sign,mlp_h64,0.001,0.0,0.00067,1.0,2009
28,12,star_sign,mlp_h128,0.001,0.0,7e-05,1.0,2009
28,12,star_sign,attention,0.0001,1e-05,0.0,1.0,2009
28,12,star_sign,shuffled,0.01,0.0001,2.39812,0.18716,2009
28,16,age_bin,ema_lr1e-3,0.001,0.0001,1.23257,0.34495,2009
28,16,age_bin,ema_lr5e-3,0.005,0.0001,1.22334,0.28721,2009
28,16,age_bin,ema_lr1e-2,0.01,0.0001,1.21197,0.34047,2009
28,16,age_bin,ema_lr5e-2,0.05,0.0001,3.58763,0.39622,2009
28,16,age_bin,ema_lr1e-2_wd1e-3,0.01,0.001,1.21057,0.36834,2009
28,16,age_bin,ema_d0.99,0.01,0.0001,1.21047,0.36386,2009
28,16,age_bin,ema_d0.9999,0.01,0.0001,1.18874,0.37929,2009
28,16,age_bin,mlp_h16,0.001,0.0,1.09442,0.40816,2009
28,16,age_bin,mlp_h32,0.001,0.0,1.10333,0.41264,2009
28,16,age_bin,mlp_h64,0.001,0.0,1.06307,0.43106,2009
28,16,age_bin,mlp_h128,0.001,0.0,1.05956,0.45246,2009
28,16,age_bin,attention,0.0001,1e-05,1.11146,0.40625,2009
28,16,age_bin,shuffled,0.01,0.0001,1.30202,0.3564,2009
28,16,gender,ema_lr1e-3,0.001,0.0001,0.79594,0.49477,2009
28,16,gender,ema_lr5e-3,0.005,0.0001,0.7491,0.53061,2009
28,16,gender,ema_lr1e-2,0.01,0.0001,0.89345,0.55401,2009
28,16,gender,ema_lr5e-2,0.05,0.0001,4.2117,0.45296,2009
28,16,gender,ema_lr1e-2_wd1e-3,0.01,0.001,0.91264,0.52514,2009
28,16,gender,ema_d0.99,0.01,0.0001,0.96075,0.47038,2009
28,16,gender,ema_d0.9999,0.01,0.0001,0.93796,0.4888,2009
28,16,gender,mlp_h16,0.001,0.0,0.69908,0.47984,2009
28,16,gender,mlp_h32,0.001,0.0,0.71177,0.48283,2009
28,16,gender,mlp_h64,0.001,0.0,0.70789,0.50622,2009
28,16,gender,mlp_h128,0.001,0.0,0.74672,0.46989,2009
28,16,gender,attention,0.0001,1e-05,6.12041,0.46094,2009
28,16,gender,shuffled,0.01,0.0001,1.05708,0.50373,2009
28,16,star_sign,ema_lr1e-3,0.001,0.0001,2.72434,0.09856,2009
28,16,star_sign,ema_lr5e-3,0.005,0.0001,2.55746,0.16824,2009
28,16,star_sign,ema_lr1e-2,0.01,0.0001,2.39782,0.20757,2009
28,16,star_sign,ema_lr5e-2,0.05,0.0001,2.90186,0.93629,2009
28,16,star_sign,ema_lr1e-2_wd1e-3,0.01,0.001,2.39891,0.17571,2009
28,16,star_sign,ema_d0.99,0.01,0.0001,2.4224,0.16874,2009
28,16,star_sign,ema_d0.9999,0.01,0.0001,2.38889,0.18666,2009
28,16,star_sign,mlp_h16,0.001,0.0,0.01669,1.0,2009
28,16,star_sign,mlp_h32,0.001,0.0,0.00421,1.0,2009
28,16,star_sign,mlp_h64,0.001,0.0,0.00032,1.0,2009
28,16,star_sign,mlp_h128,0.001,0.0,4e-05,1.0,2009
28,16,star_sign,attention,0.0001,1e-05,0.0,1.0,2009
28,16,star_sign,shuffled,0.01,0.0001,2.43914,0.17372,2009
28,20,age_bin,ema_lr1e-3,0.001,0.0001,1.27327,0.32205,2009
28,20,age_bin,ema_lr5e-3,0.005,0.0001,1.29245,0.29567,2009
28,20,age_bin,ema_lr1e-2,0.01,0.0001,1.24479,0.34345,2009
28,20,age_bin,ema_lr5e-2,0.05,0.0001,2.64597,0.41215,2009
28,20,age_bin,ema_lr1e-2_wd1e-3,0.01,0.001,1.27695,0.33798,2009
28,20,age_bin,ema_d0.99,0.01,0.0001,1.32354,0.3101,2009
28,20,age_bin,ema_d0.9999,0.01,0.0001,1.24548,0.36088,2009
28,20,age_bin,mlp_h16,0.001,0.0,1.08454,0.40717,2009
28,20,age_bin,mlp_h32,0.001,0.0,1.0752,0.41314,2009
28,20,age_bin,mlp_h64,0.001,0.0,1.06851,0.41613,2009
28,20,age_bin,mlp_h128,0.001,0.0,1.06085,0.45246,2009
28,20,age_bin,attention,0.0001,1e-05,18.15481,0.49219,2009
28,20,age_bin,shuffled,0.01,0.0001,1.22999,0.33449,2009
28,20,gender,ema_lr1e-3,0.001,0.0001,0.75683,0.5565,2009
28,20,gender,ema_lr5e-3,0.005,0.0001,0.77779,0.5112,2009
28,20,gender,ema_lr1e-2,0.01,0.0001,0.90413,0.50821,2009
28,20,gender,ema_lr5e-2,0.05,0.0001,3.71816,0.45296,2009
28,20,gender,ema_lr1e-2_wd1e-3,0.01,0.001,0.93556,0.50274,2009
28,20,gender,ema_d0.99,0.01,0.0001,0.97634,0.45645,2009
28,20,gender,ema_d0.9999,0.01,0.0001,0.9372,0.49029,2009
28,20,gender,mlp_h16,0.001,0.0,0.7101,0.4898,2009
28,20,gender,mlp_h32,0.001,0.0,0.70607,0.50772,2009
28,20,gender,mlp_h64,0.001,0.0,0.7165,0.4888,2009
28,20,gender,mlp_h128,0.001,0.0,0.71579,0.50025,2009
28,20,gender,attention,0.0001,1e-05,6.20145,0.47656,2009
28,20,gender,shuffled,0.01,0.0001,0.96186,0.46839,2009
28,20,star_sign,ema_lr1e-3,0.001,0.0001,2.74742,0.09109,2009
28,20,star_sign,ema_lr5e-3,0.005,0.0001,2.59956,0.11299,2009
28,20,star_sign,ema_lr1e-2,0.01,0.0001,2.52319,0.13937,2009
28,20,star_sign,ema_lr5e-2,0.05,0.0001,2.13096,0.26132,2009
28,20,star_sign,ema_lr1e-2_wd1e-3,0.01,0.001,2.48722,0.17969,2009
28,20,star_sign,ema_d0.99,0.01,0.0001,2.41553,0.21105,2009
28,20,star_sign,ema_d0.9999,0.01,0.0001,2.50466,0.15928,2009
28,20,star_sign,mlp_h16,0.001,0.0,0.62978,1.0,2009
28,20,star_sign,mlp_h32,0.001,0.0,0.00152,1.0,2009
28,20,star_sign,mlp_h64,0.001,0.0,0.00046,1.0,2009
28,20,star_sign,mlp_h128,0.001,0.0,3e-05,1.0,2009
28,20,star_sign,attention,0.0001,1e-05,0.00184,1.0,2009
28,20,star_sign,shuffled,0.01,0.0001,2.43442,0.17571,2009
28,24,age_bin,ema_lr1e-3,0.001,0.0001,1.35955,0.34296,2009
28,24,age_bin,ema_lr5e-3,0.005,0.0001,1.35237,0.33151,2009
28,24,age_bin,ema_lr1e-2,0.01,0.0001,1.34874,0.32205,2009
28,24,age_bin,ema_lr5e-2,0.05,0.0001,2.33318,0.32255,2009
28,24,age_bin,ema_lr1e-2_wd1e-3,0.01,0.001,1.28107,0.34843,2009
28,24,age_bin,ema_d0.99,0.01,0.0001,1.31671,0.34146,2009
28,24,age_bin,ema_d0.9999,0.01,0.0001,1.33126,0.3335,2009
28,24,age_bin,mlp_h16,0.001,0.0,1.07942,0.40518,2009
28,24,age_bin,mlp_h32,0.001,0.0,1.08663,0.41065,2009
28,24,age_bin,mlp_h64,0.001,0.0,1.11121,0.41563,2009
28,24,age_bin,mlp_h128,0.001,0.0,1.08268,0.4226,2009
28,24,age_bin,attention,0.0001,1e-05,9.98576,0.39844,2009
28,24,age_bin,shuffled,0.01,0.0001,1.32934,0.32852,2009
28,24,gender,ema_lr1e-3,0.001,0.0001,0.94621,0.50373,2009
28,24,gender,ema_lr5e-3,0.005,0.0001,0.88819,0.4893,2009
28,24,gender,ema_lr1e-2,0.01,0.0001,0.91362,0.4878,2009
28,24,gender,ema_lr5e-2,0.05,0.0001,2.15778,0.5331,2009
28,24,gender,ema_lr1e-2_wd1e-3,0.01,0.001,0.85996,0.53509,2009
28,24,gender,ema_d0.99,0.01,0.0001,0.86154,0.5122,2009
28,24,gender,ema_d0.9999,0.01,0.0001,0.95631,0.48532,2009
28,24,gender,mlp_h16,0.001,0.0,0.71083,0.48731,2009
28,24,gender,mlp_h32,0.001,0.0,0.71706,0.50174,2009
28,24,gender,mlp_h64,0.001,0.0,0.72243,0.49925,2009
28,24,gender,mlp_h128,0.001,0.0,0.73837,0.49079,2009
28,24,gender,attention,0.0001,1e-05,7.68695,0.5,2009
28,24,gender,shuffled,0.01,0.0001,0.93429,0.50821,2009
28,24,star_sign,ema_lr1e-3,0.001,0.0001,2.94345,0.09159,2009
28,24,star_sign,ema_lr5e-3,0.005,0.0001,2.72534,0.09408,2009
28,24,star_sign,ema_lr1e-2,0.01,0.0001,2.68475,0.13589,2009
28,24,star_sign,ema_lr5e-2,0.05,0.0001,2.2642,0.88303,2009
28,24,star_sign,ema_lr1e-2_wd1e-3,0.01,0.001,2.62728,0.12245,2009
28,24,star_sign,ema_d0.99,0.01,0.0001,2.6129,0.12743,2009
28,24,star_sign,ema_d0.9999,0.01,0.0001,2.53734,0.15082,2009
28,24,star_sign,mlp_h16,0.001,0.0,0.01468,1.0,2009
28,24,star_sign,mlp_h32,0.001,0.0,0.01837,1.0,2009
28,24,star_sign,mlp_h64,0.001,0.0,0.00085,1.0,2009
28,24,star_sign,mlp_h128,0.001,0.0,3e-05,1.0,2009
28,24,star_sign,attention,0.0001,1e-05,3e-05,1.0,2009
28,24,star_sign,shuffled,0.01,0.0001,2.61923,0.14783,2009
28,28,age_bin,ema_lr1e-3,0.001,0.0001,1.74336,0.3116,2009
28,28,age_bin,ema_lr5e-3,0.005,0.0001,1.49371,0.35441,2009
28,28,age_bin,ema_lr1e-2,0.01,0.0001,1.28256,0.40418,2009
28,28,age_bin,ema_lr5e-2,0.05,0.0001,1.2038,0.42957,2009
28,28,age_bin,ema_lr1e-2_wd1e-3,0.01,0.001,1.43373,0.34694,2009
28,28,age_bin,ema_d0.99,0.01,0.0001,1.53522,0.32703,2009
28,28,age_bin,ema_d0.9999,0.01,0.0001,1.40939,0.34943,2009
28,28,age_bin,mlp_h16,0.001,0.0,1.07473,0.42857,2009
28,28,age_bin,mlp_h32,0.001,0.0,1.0848,0.43355,2009
28,28,age_bin,mlp_h64,0.001,0.0,1.09332,0.44251,2009
28,28,age_bin,mlp_h128,0.001,0.0,1.09062,0.44052,2009
28,28,age_bin,attention,0.0001,1e-05,1.41376,0.36719,2009
28,28,age_bin,shuffled,0.01,0.0001,1.48109,0.31906,2009
28,28,gender,ema_lr1e-3,0.001,0.0001,1.11852,0.50025,2009
28,28,gender,ema_lr5e-3,0.005,0.0001,0.91576,0.52066,2009
28,28,gender,ema_lr1e-2,0.01,0.0001,0.88219,0.52115,2009
28,28,gender,ema_lr5e-2,0.05,0.0001,0.76557,0.56595,2009
28,28,gender,ema_lr1e-2_wd1e-3,0.01,0.001,0.91753,0.50523,2009
28,28,gender,ema_d0.99,0.01,0.0001,0.93872,0.50523,2009
28,28,gender,ema_d0.9999,0.01,0.0001,0.93506,0.50423,2009
28,28,gender,mlp_h16,0.001,0.0,0.70127,0.53111,2009
28,28,gender,mlp_h32,0.001,0.0,0.70698,0.52514,2009
28,28,gender,mlp_h64,0.001,0.0,0.7059,0.52165,2009
28,28,gender,mlp_h128,0.001,0.0,0.71403,0.50075,2009
28,28,gender,attention,0.0001,1e-05,0.84402,0.48438,2009
28,28,gender,shuffled,0.01,0.0001,0.92927,0.50373,2009
28,28,star_sign,ema_lr1e-3,0.001,0.0001,3.28135,0.09258,2009
28,28,star_sign,ema_lr5e-3,0.005,0.0001,3.0561,0.11,2009
28,28,star_sign,ema_lr1e-2,0.01,0.0001,2.83027,0.11448,2009
28,28,star_sign,ema_lr5e-2,0.05,0.0001,1.91133,0.41762,2009
28,28,star_sign,ema_lr1e-2_wd1e-3,0.01,0.001,2.90487,0.10055,2009
28,28,star_sign,ema_d0.99,0.01,0.0001,2.91346,0.10901,2009
28,28,star_sign,ema_d0.9999,0.01,0.0001,2.89651,0.11648,2009
28,28,star_sign,mlp_h16,0.001,0.0,0.69994,0.95222,2009
28,28,star_sign,mlp_h32,0.001,0.0,0.31751,1.0,2009
28,28,star_sign,mlp_h64,0.001,0.0,0.05457,1.0,2009
28,28,star_sign,mlp_h128,0.001,0.0,0.01057,1.0,2009
28,28,star_sign,attention,0.0001,1e-05,1e-05,1.0,2009
28,28,star_sign,shuffled,0.01,0.0001,2.95838,0.10254,2009
29,0,age_bin,ema_lr1e-3,0.001,0.0001,1.48614,0.35007,2171
29,0,age_bin,ema_lr5e-3,0.005,0.0001,1.46142,0.3252,2171
29,0,age_bin,ema_lr1e-2,0.01,0.0001,1.32772,0.36849,2171
29,0,age_bin,ema_lr5e-2,0.05,0.0001,1.2909,0.41686,2171
29,0,age_bin,ema_lr1e-2_wd1e-3,0.01,0.001,1.37654,0.33118,2171
29,0,age_bin,ema_d0.99,0.01,0.0001,1.34738,0.34638,2171
29,0,age_bin,ema_d0.9999,0.01,0.0001,1.35127,0.36665,2171
29,0,age_bin,mlp_h16,0.001,0.0,1.01143,0.53984,2171
29,0,age_bin,mlp_h32,0.001,0.0,1.00608,0.54399,2171
29,0,age_bin,mlp_h64,0.001,0.0,1.00953,0.54169,2171
29,0,age_bin,mlp_h128,0.001,0.0,1.01514,0.53063,2171
29,0,age_bin,attention,0.0001,1e-05,1.06367,0.53125,2171
29,0,age_bin,shuffled,0.01,0.0001,1.37455,0.33763,2171
29,0,gender,ema_lr1e-3,0.001,0.0001,1.02533,0.49793,2171
29,0,gender,ema_lr5e-3,0.005,0.0001,0.91712,0.48871,2171
29,0,gender,ema_lr1e-2,0.01,0.0001,0.85996,0.51267,2171
29,0,gender,ema_lr5e-2,0.05,0.0001,1.44177,0.50668,2171
29,0,gender,ema_lr1e-2_wd1e-3,0.01,0.001,0.87585,0.49655,2171
29,0,gender,ema_d0.99,0.01,0.0001,0.86345,0.47536,2171
29,0,gender,ema_d0.9999,0.01,0.0001,0.85991,0.49701,2171
29,0,gender,mlp_h16,0.001,0.0,0.69584,0.50944,2171
29,0,gender,mlp_h32,0.001,0.0,0.70041,0.4947,2171
29,0,gender,mlp_h64,0.001,0.0,0.70554,0.50023,2171
29,0,gender,mlp_h128,0.001,0.0,0.68803,0.54537,2171
29,0,gender,attention,0.0001,1e-05,0.69234,0.53906,2171
29,0,gender,shuffled,0.01,0.0001,0.86813,0.46246,2171
29,0,star_sign,ema_lr1e-3,0.001,0.0001,3.21232,0.07692,2171
29,0,star_sign,ema_lr5e-3,0.005,0.0001,3.01507,0.11515,2171
29,0,star_sign,ema_lr1e-2,0.01,0.0001,2.79122,0.09857,2171
29,0,star_sign,ema_lr5e-2,0.05,0.0001,1.72902,0.68816,2171
29,0,star_sign,ema_lr1e-2_wd1e-3,0.01,0.001,2.79621,0.11515,2171
29,0,star_sign,ema_d0.99,0.01,0.0001,2.76324,0.15845,2171
29,0,star_sign,ema_d0.9999,0.01,0.0001,2.7764,0.10732,2171
29,0,star_sign,mlp_h16,0.001,0.0,0.46608,0.97927,2171
29,0,star_sign,mlp_h32,0.001,0.0,0.04278,0.99954,2171
29,0,star_sign,mlp_h64,0.001,0.0,0.02125,1.0,2171
29,0,star_sign,mlp_h128,0.001,0.0,0.00851,1.0,2171
29,0,star_sign,attention,0.0001,1e-05,2.26622,0.99219,2171
29,0,star_sign,shuffled,0.01,0.0001,2.80365,0.08153,2171
29,4,age_bin,ema_lr1e-3,0.001,0.0001,1.2054,0.33118,2171
29,4,age_bin,ema_lr5e-3,0.005,0.0001,1.19496,0.33717,2171
29,4,age_bin,ema_lr1e-2,0.01,0.0001,1.16487,0.35928,2171
29,4,age_bin,ema_lr5e-2,0.05,0.0001,3.30082,0.23538,2171
29,4,age_bin,ema_lr1e-2_wd1e-3,0.01,0.001,1.18191,0.386,2171
29,4,age_bin,ema_d0.99,0.01,0.0001,1.25208,0.3275,2171
29,4,age_bin,ema_d0.9999,0.01,0.0001,1.20063,0.34132,2171
29,4,age_bin,mlp_h16,0.001,0.0,1.01681,0.54261,2171
29,4,age_bin,mlp_h32,0.001,0.0,1.0135,0.54583,2171
29,4,age_bin,mlp_h64,0.001,0.0,1.03435,0.53432,2171
29,4,age_bin,mlp_h128,0.001,0.0,1.04922,0.50392,2171
29,4,age_bin,attention,0.0001,1e-05,1.07419,0.46094,2171
29,4,age_bin,shuffled,0.01,0.0001,1.20144,0.37126,2171
29,4,gender,ema_lr1e-3,0.001,0.0001,0.78072,0.49655,2171
29,4,gender,ema_lr5e-3,0.005,0.0001,0.77824,0.49655,2171
29,4,gender,ema_lr1e-2,0.01,0.0001,0.84273,0.53339,2171
29,4,gender,ema_lr5e-2,0.05,0.0001,2.7889,0.60064,2171
29,4,gender,ema_lr1e-2_wd1e-3,0.01,0.001,0.82407,0.538,2171
29,4,gender,ema_d0.99,0.01,0.0001,0.96634,0.44403,2171
29,4,gender,ema_d0.9999,0.01,0.0001,0.83727,0.52142,2171
29,4,gender,mlp_h16,0.001,0.0,0.68105,0.58268,2171
29,4,gender,mlp_h32,0.001,0.0,0.68421,0.59143,2171
29,4,gender,mlp_h64,0.001,0.0,0.70926,0.45601,2171
29,4,gender,mlp_h128,0.001,0.0,0.70192,0.49747,2171
29,4,gender,attention,0.0001,1e-05,0.74434,0.48438,2171
29,4,gender,shuffled,0.01,0.0001,0.92309,0.52188,2171
29,4,star_sign,ema_lr1e-3,0.001,0.0001,2.64908,0.07186,2171
29,4,star_sign,ema_lr5e-3,0.005,0.0001,2.52624,0.13542,2171
29,4,star_sign,ema_lr1e-2,0.01,0.0001,2.36101,0.21281,2171
29,4,star_sign,ema_lr5e-2,0.05,0.0001,1.7834,0.57255,2171
29,4,star_sign,ema_lr1e-2_wd1e-3,0.01,0.001,2.38377,0.21142,2171
29,4,star_sign,ema_d0.99,0.01,0.0001,2.3698,0.21695,2171
29,4,star_sign,ema_d0.9999,0.01,0.0001,2.3809,0.22294,2171
29,4,star_sign,mlp_h16,0.001,0.0,0.03444,1.0,2171
29,4,star_sign,mlp_h32,0.001,0.0,0.00124,1.0,2171
29,4,star_sign,mlp_h64,0.001,0.0,0.00101,1.0,2171
29,4,star_sign,mlp_h128,0.001,0.0,3e-05,1.0,2171
29,4,star_sign,attention,0.0001,1e-05,0.04084,1.0,2171
29,4,star_sign,shuffled,0.01,0.0001,2.35702,0.23353,2171
29,8,age_bin,ema_lr1e-3,0.001,0.0001,1.25085,0.31829,2171
29,8,age_bin,ema_lr5e-3,0.005,0.0001,1.18163,0.37218,2171
29,8,age_bin,ema_lr1e-2,0.01,0.0001,1.1871,0.36665,2171
29,8,age_bin,ema_lr5e-2,0.05,0.0001,3.32444,0.23538,2171
29,8,age_bin,ema_lr1e-2_wd1e-3,0.01,0.001,1.27644,0.31138,2171
29,8,age_bin,ema_d0.99,0.01,0.0001,1.26159,0.30355,2171
29,8,age_bin,ema_d0.9999,0.01,0.0001,1.17513,0.35606,2171
29,8,age_bin,mlp_h16,0.001,0.0,1.00528,0.54629,2171
29,8,age_bin,mlp_h32,0.001,0.0,1.00859,0.54629,2171
29,8,age_bin,mlp_h64,0.001,0.0,1.02186,0.53339,2171
29,8,age_bin,mlp_h128,0.001,0.0,1.03968,0.52418,2171
29,8,age_bin,attention,0.0001,1e-05,1.07505,0.45312,2171
29,8,age_bin,shuffled,0.01,0.0001,1.17523,0.33809,2171
29,8,gender,ema_lr1e-3,0.001,0.0001,0.7663,0.5228,2171
29,8,gender,ema_lr5e-3,0.005,0.0001,0.79813,0.48227,2171
29,8,gender,ema_lr1e-2,0.01,0.0001,0.8005,0.538,2171
29,8,gender,ema_lr5e-2,0.05,0.0001,3.06347,0.39936,2171
29,8,gender,ema_lr1e-2_wd1e-3,0.01,0.001,0.96207,0.44864,2171
29,8,gender,ema_d0.99,0.01,0.0001,0.94311,0.43805,2171
29,8,gender,ema_d0.9999,0.01,0.0001,0.85321,0.50438,2171
29,8,gender,mlp_h16,0.001,0.0,0.67998,0.57946,2171
29,8,gender,mlp_h32,0.001,0.0,0.66423,0.61032,2171
29,8,gender,mlp_h64,0.001,0.0,0.68078,0.57347,2171
29,8,gender,mlp_h128,0.001,0.0,0.74272,0.4293,2171
29,8,gender,attention,0.0001,1e-05,0.72049,0.52344,2171
29,8,gender,shuffled,0.01,0.0001,0.88805,0.47582,2171
29,8,star_sign,ema_lr1e-3,0.001,0.0001,2.7104,0.10088,2171
29,8,star_sign,ema_lr5e-3,0.005,0.0001,2.54809,0.13128,2171
29,8,star_sign,ema_lr1e-2,0.01,0.0001,2.36354,0.20267,2171
29,8,star_sign,ema_lr5e-2,0.05,0.0001,2.72747,0.94104,2171
29,8,star_sign,ema_lr1e-2_wd1e-3,0.01,0.001,2.36489,0.2105,2171
29,8,star_sign,ema_d0.99,0.01,0.0001,2.40857,0.17826,2171
29,8,star_sign,ema_d0.9999,0.01,0.0001,2.4357,0.20774,2171
29,8,star_sign,mlp_h16,0.001,0.0,1.72426,0.05896,2171
29,8,star_sign,mlp_h32,0.001,0.0,0.04929,1.0,2171
29,8,star_sign,mlp_h64,0.001,0.0,0.00067,1.0,2171
29,8,star_sign,mlp_h128,0.001,0.0,3e-05,1.0,2171
29,8,star_sign,attention,0.0001,1e-05,0.0,1.0,2171
29,8,star_sign,shuffled,0.01,0.0001,2.42481,0.19023,2171
29,12,age_bin,ema_lr1e-3,0.001,0.0001,1.229,0.3298,2171
29,12,age_bin,ema_lr5e-3,0.005,0.0001,1.17102,0.37725,2171
29,12,age_bin,ema_lr1e-2,0.01,0.0001,1.21814,0.33072,2171
29,12,age_bin,ema_lr5e-2,0.05,0.0001,3.28649,0.23538,2171
29,12,age_bin,ema_lr1e-2_wd1e-3,0.01,0.001,1.24158,0.32842,2171
29,12,age_bin,ema_d0.99,0.01,0.0001,1.22603,0.32566,2171
29,12,age_bin,ema_d0.9999,0.01,0.0001,1.20132,0.35606,2171
29,12,age_bin,mlp_h16,0.001,0.0,1.01057,0.54353,2171
29,12,age_bin,mlp_h32,0.001,0.0,1.00159,0.54583,2171
29,12,age_bin,mlp_h64,0.001,0.0,1.00351,0.54169,2171
29,12,age_bin,mlp_h128,0.001,0.0,1.02885,0.51267,2171
29,12,age_bin,attention,0.0001,1e-05,49.89544,0.21094,2171
29,12,age_bin,shuffled,0.01,0.0001,1.2236,0.38968,2171
29,12,gender,ema_lr1e-3,0.001,0.0001,0.80892,0.49793,2171
29,12,gender,ema_lr5e-3,0.005,0.0001,0.78073,0.50668,2171
29,12,gender,ema_lr1e-2,0.01,0.0001,0.9489,0.44265,2171
29,12,gender,ema_lr5e-2,0.05,0.0001,3.13391,0.39982,2171
29,12,gender,ema_lr1e-2_wd1e-3,0.01,0.001,0.79617,0.52418,2171
29,12,gender,ema_d0.99,0.01,0.0001,0.83783,0.52649,2171
29,12,gender,ema_d0.9999,0.01,0.0001,0.95867,0.44219,2171
29,12,gender,mlp_h16,0.001,0.0,0.66689,0.60433,2171
29,12,gender,mlp_h32,0.001,0.0,0.67791,0.5813,2171
29,12,gender,mlp_h64,0.001,0.0,0.66088,0.614,2171
29,12,gender,mlp_h128,0.001,0.0,0.66148,0.61861,2171
29,12,gender,attention,0.0001,1e-05,0.72693,0.53125,2171
29,12,gender,shuffled,0.01,0.0001,0.90542,0.5509,2171
29,12,star_sign,ema_lr1e-3,0.001,0.0001,2.70201,0.07877,2171
29,12,star_sign,ema_lr5e-3,0.005,0.0001,2.56045,0.11469,2171
29,12,star_sign,ema_lr1e-2,0.01,0.0001,2.35431,0.21096,2171
29,12,star_sign,ema_lr5e-2,0.05,0.0001,1.74769,0.60295,2171
29,12,star_sign,ema_lr1e-2_wd1e-3,0.01,0.001,2.40497,0.20175,2171
29,12,star_sign,ema_d0.99,0.01,0.0001,2.39491,0.17688,2171
29,12,star_sign,ema_d0.9999,0.01,0.0001,2.40012,0.22524,2171
29,12,star_sign,mlp_h16,0.001,0.0,0.13365,1.0,2171
29,12,star_sign,mlp_h32,0.001,0.0,0.012,1.0,2171
29,12,star_sign,mlp_h64,0.001,0.0,0.00061,1.0,2171
29,12,star_sign,mlp_h128,0.001,0.0,7e-05,1.0,2171
29,12,star_sign,attention,0.0001,1e-05,0.0,1.0,2171
29,12,star_sign,shuffled,0.01,0.0001,2.42812,0.19438,2171
29,16,age_bin,ema_lr1e-3,0.001,0.0001,1.21888,0.33395,2171
29,16,age_bin,ema_lr5e-3,0.005,0.0001,1.16379,0.36665,2171
29,16,age_bin,ema_lr1e-2,0.01,0.0001,1.20837,0.35514,2171
29,16,age_bin,ema_lr5e-2,0.05,0.0001,3.19245,0.23538,2171
29,16,age_bin,ema_lr1e-2_wd1e-3,0.01,0.001,1.23492,0.32658,2171
29,16,age_bin,ema_d0.99,0.01,0.0001,1.17295,0.36849,2171
29,16,age_bin,ema_d0.9999,0.01,0.0001,1.23779,0.31737,2171
29,16,age_bin,mlp_h16,0.001,0.0,1.01756,0.54076,2171
29,16,age_bin,mlp_h32,0.001,0.0,1.00434,0.54629,2171
29,16,age_bin,mlp_h64,0.001,0.0,1.02254,0.52234,2171
29,16,age_bin,mlp_h128,0.001,0.0,1.04059,0.48964,2171
29,16,age_bin,attention,0.0001,1e-05,1.12054,0.45312,2171
29,16,age_bin,shuffled,0.01,0.0001,1.24655,0.31967,2171
29,16,gender,ema_lr1e-3,0.001,0.0001,0.79247,0.49747,2171
29,16,gender,ema_lr5e-3,0.005,0.0001,0.80742,0.48042,2171
29,16,gender,ema_lr1e-2,0.01,0.0001,0.80386,0.5532,2171
29,16,gender,ema_lr5e-2,0.05,0.0001,3.08021,0.39936,2171
29,16,gender,ema_lr1e-2_wd1e-3,0.01,0.001,0.827,0.52695,2171
29,16,gender,ema_d0.99,0.01,0.0001,0.92566,0.47259,2171
29,16,gender,ema_d0.9999,0.01,0.0001,0.98873,0.42239,2171
29,16,gender,mlp_h16,0.001,0.0,0.68717,0.55044,2171
29,16,gender,mlp_h32,0.001,0.0,0.66757,0.60755,2171
29,16,gender,mlp_h64,0.001,0.0,0.71068,0.47444,2171
29,16,gender,mlp_h128,0.001,0.0,0.65892,0.61308,2171
29,16,gender,attention,0.0001,1e-05,16.29345,0.46875,2171
29,16,gender,shuffled,0.01,0.0001,0.8692,0.55136,2171
29,16,star_sign,ema_lr1e-3,0.001,0.0001,2.68616,0.09949,2171
29,16,star_sign,ema_lr5e-3,0.005,0.0001,2.55373,0.17503,2171
29,16,star_sign,ema_lr1e-2,0.01,0.0001,2.37505,0.22386,2171
29,16,star_sign,ema_lr5e-2,0.05,0.0001,1.70995,0.6398,2171
29,16,star_sign,ema_lr1e-2_wd1e-3,0.01,0.001,2.35083,0.20497,2171
29,16,star_sign,ema_d0.99,0.01,0.0001,2.4458,0.15615,2171
29,16,star_sign,ema_d0.9999,0.01,0.0001,2.36625,0.19668,2171
29,16,star_sign,mlp_h16,0.001,0.0,0.01507,1.0,2171
29,16,star_sign,mlp_h32,0.001,0.0,0.00375,1.0,2171
29,16,star_sign,mlp_h64,0.001,0.0,0.00029,1.0,2171
29,16,star_sign,mlp_h128,0.001,0.0,3e-05,1.0,2171
29,16,star_sign,attention,0.0001,1e-05,0.0,1.0,2171
29,16,star_sign,shuffled,0.01,0.0001,2.40449,0.19438,2171
29,20,age_bin,ema_lr1e-3,0.001,0.0001,1.28697,0.3146,2171
29,20,age_bin,ema_lr5e-3,0.005,0.0001,1.22073,0.35652,2171
29,20,age_bin,ema_lr1e-2,0.01,0.0001,1.26075,0.3579,2171
29,20,age_bin,ema_lr5e-2,0.05,0.0001,3.17126,0.23676,2171
29,20,age_bin,ema_lr1e-2_wd1e-3,0.01,0.001,1.27382,0.33257,2171
29,20,age_bin,ema_d0.99,0.01,0.0001,1.17958,0.37586,2171
29,20,age_bin,ema_d0.9999,0.01,0.0001,1.25248,0.34224,2171
29,20,age_bin,mlp_h16,0.001,0.0,1.00783,0.54076,2171
29,20,age_bin,mlp_h32,0.001,0.0,1.01958,0.52925,2171
29,20,age_bin,mlp_h64,0.001,0.0,1.0407,0.49286,2171
29,20,age_bin,mlp_h128,0.001,0.0,1.05247,0.46753,2171
29,20,age_bin,attention,0.0001,1e-05,14.53234,0.48438,2171
29,20,age_bin,shuffled,0.01,0.0001,1.25316,0.36251,2171
29,20,gender,ema_lr1e-3,0.001,0.0001,0.84667,0.47444,2171
29,20,gender,ema_lr5e-3,0.005,0.0001,0.76927,0.53386,2171
29,20,gender,ema_lr1e-2,0.01,0.0001,0.84048,0.51912,2171
29,20,gender,ema_lr5e-2,0.05,0.0001,2.96571,0.39982,2171
29,20,gender,ema_lr1e-2_wd1e-3,0.01,0.001,0.94974,0.46799,2171
29,20,gender,ema_d0.99,0.01,0.0001,0.92709,0.49701,2171
29,20,gender,ema_d0.9999,0.01,0.0001,0.84175,0.5099,2171
29,20,gender,mlp_h16,0.001,0.0,0.67219,0.59281,2171
29,20,gender,mlp_h32,0.001,0.0,0.68228,0.55965,2171
29,20,gender,mlp_h64,0.001,0.0,0.67437,0.59143,2171
29,20,gender,mlp_h128,0.001,0.0,0.69238,0.55136,2171
29,20,gender,attention,0.0001,1e-05,16.73813,0.46875,2171
29,20,gender,shuffled,0.01,0.0001,0.88833,0.47536,2171
29,20,star_sign,ema_lr1e-3,0.001,0.0001,2.76714,0.08521,2171
29,20,star_sign,ema_lr5e-3,0.005,0.0001,2.62724,0.10825,2171
29,20,star_sign,ema_lr1e-2,0.01,0.0001,2.44707,0.17596,2171
29,20,star_sign,ema_lr5e-2,0.05,0.0001,2.59004,0.94104,2171
29,20,star_sign,ema_lr1e-2_wd1e-3,0.01,0.001,2.44782,0.1907,2171
29,20,star_sign,ema_d0.99,0.01,0.0001,2.42129,0.17642,2171
29,20,star_sign,ema_d0.9999,0.01,0.0001,2.44735,0.16951,2171
29,20,star_sign,mlp_h16,0.001,0.0,0.59241,1.0,2171
29,20,star_sign,mlp_h32,0.001,0.0,0.00133,1.0,2171
29,20,star_sign,mlp_h64,0.001,0.0,0.00041,1.0,2171
29,20,star_sign,mlp_h128,0.001,0.0,3e-05,1.0,2171
29,20,star_sign,attention,0.0001,1e-05,0.00104,1.0,2171
29,20,star_sign,shuffled,0.01,0.0001,2.45406,0.16951,2171
29,24,age_bin,ema_lr1e-3,0.001,0.0001,1.36702,0.33763,2171
29,24,age_bin,ema_lr5e-3,0.005,0.0001,1.3243,0.33395,2171
29,24,age_bin,ema_lr1e-2,0.01,0.0001,1.26551,0.35283,2171
29,24,age_bin,ema_lr5e-2,0.05,0.0001,1.40423,0.50438,2171
29,24,age_bin,ema_lr1e-2_wd1e-3,0.01,0.001,1.31374,0.35053,2171
29,24,age_bin,ema_d0.99,0.01,0.0001,1.36087,0.32197,2171
29,24,age_bin,ema_d0.9999,0.01,0.0001,1.28602,0.36435,2171
29,24,age_bin,mlp_h16,0.001,0.0,1.00408,0.52464,2171
29,24,age_bin,mlp_h32,0.001,0.0,1.00667,0.54537,2171
29,24,age_bin,mlp_h64,0.001,0.0,0.99821,0.54721,2171
29,24,age_bin,mlp_h128,0.001,0.0,1.0181,0.52925,2171
29,24,age_bin,attention,0.0001,1e-05,14.51539,0.53125,2171
29,24,age_bin,shuffled,0.01,0.0001,1.32558,0.34362,2171
29,24,gender,ema_lr1e-3,0.001,0.0001,0.88893,0.50576,2171
29,24,gender,ema_lr5e-3,0.005,0.0001,0.86375,0.48918,2171
29,24,gender,ema_lr1e-2,0.01,0.0001,0.81944,0.53846,2171
29,24,gender,ema_lr5e-2,0.05,0.0001,1.60131,0.60663,2171
29,24,gender,ema_lr1e-2_wd1e-3,0.01,0.001,0.93634,0.47351,2171
29,24,gender,ema_d0.99,0.01,0.0001,0.78933,0.54445,2171
29,24,gender,ema_d0.9999,0.01,0.0001,0.87085,0.49839,2171
29,24,gender,mlp_h16,0.001,0.0,0.65929,0.63058,2171
29,24,gender,mlp_h32,0.001,0.0,0.65102,0.63795,2171
29,24,gender,mlp_h64,0.001,0.0,0.65759,0.61308,2171
29,24,gender,mlp_h128,0.001,0.0,0.65375,0.6246,2171
29,24,gender,attention,0.0001,1e-05,8.66414,0.53125,2171
29,24,gender,shuffled,0.01,0.0001,0.87503,0.51635,2171
29,24,star_sign,ema_lr1e-3,0.001,0.0001,2.9243,0.08429,2171
29,24,star_sign,ema_lr5e-3,0.005,0.0001,2.75318,0.09949,2171
29,24,star_sign,ema_lr1e-2,0.01,0.0001,2.55544,0.14141,2171
29,24,star_sign,ema_lr5e-2,0.05,0.0001,1.77264,0.61354,2171
29,24,star_sign,ema_lr1e-2_wd1e-3,0.01,0.001,2.56415,0.1497,2171
29,24,star_sign,ema_d0.99,0.01,0.0001,2.56431,0.1368,2171
29,24,star_sign,ema_d0.9999,0.01,0.0001,2.62924,0.1345,2171
29,24,star_sign,mlp_h16,0.001,0.0,0.01335,1.0,2171
29,24,star_sign,mlp_h32,0.001,0.0,0.01555,1.0,2171
29,24,star_sign,mlp_h64,0.001,0.0,0.00073,1.0,2171
29,24,star_sign,mlp_h128,0.001,0.0,3e-05,1.0,2171
29,24,star_sign,attention,0.0001,1e-05,2e-05,1.0,2171
29,24,star_sign,shuffled,0.01,0.0001,2.61743,0.13404,2171
29,28,age_bin,ema_lr1e-3,0.001,0.0001,1.58218,0.32335,2171
29,28,age_bin,ema_lr5e-3,0.005,0.0001,1.45772,0.34869,2171
29,28,age_bin,ema_lr1e-2,0.01,0.0001,1.41939,0.35145,2171
29,28,age_bin,ema_lr5e-2,0.05,0.0001,1.20861,0.38968,2171
29,28,age_bin,ema_lr1e-2_wd1e-3,0.01,0.001,1.33316,0.39659,2171
29,28,age_bin,ema_d0.99,0.01,0.0001,1.41783,0.34362,2171
29,28,age_bin,ema_d0.9999,0.01,0.0001,1.45663,0.32796,2171
29,28,age_bin,mlp_h16,0.001,0.0,1.00021,0.54813,2171
29,28,age_bin,mlp_h32,0.001,0.0,1.02221,0.53017,2171
29,28,age_bin,mlp_h64,0.001,0.0,1.02696,0.52464,2171
29,28,age_bin,mlp_h128,0.001,0.0,1.03328,0.51912,2171
29,28,age_bin,attention,0.0001,1e-05,1.09095,0.48438,2171
29,28,age_bin,shuffled,0.01,0.0001,1.41122,0.35421,2171
29,28,gender,ema_lr1e-3,0.001,0.0001,1.08393,0.47628,2171
29,28,gender,ema_lr5e-3,0.005,0.0001,1.00172,0.46384,2171
29,28,gender,ema_lr1e-2,0.01,0.0001,0.87487,0.51405,2171
29,28,gender,ema_lr5e-2,0.05,0.0001,0.75935,0.56103,2171
29,28,gender,ema_lr1e-2_wd1e-3,0.01,0.001,0.93222,0.50622,2171
29,28,gender,ema_d0.99,0.01,0.0001,0.88225,0.50668,2171
29,28,gender,ema_d0.9999,0.01,0.0001,0.87931,0.50668,2171
29,28,gender,mlp_h16,0.001,0.0,0.65207,0.61262,2171
29,28,gender,mlp_h32,0.001,0.0,0.65334,0.61078,2171
29,28,gender,mlp_h64,0.001,0.0,0.65968,0.59834,2171
29,28,gender,mlp_h128,0.001,0.0,0.66513,0.58498,2171
29,28,gender,attention,0.0001,1e-05,0.75196,0.5625,2171
29,28,gender,shuffled,0.01,0.0001,0.89741,0.51129,2171
29,28,star_sign,ema_lr1e-3,0.001,0.0001,3.19881,0.09212,2171
29,28,star_sign,ema_lr5e-3,0.005,0.0001,2.96815,0.12621,2171
29,28,star_sign,ema_lr1e-2,0.01,0.0001,2.92494,0.09995,2171
29,28,star_sign,ema_lr5e-2,0.05,0.0001,1.84268,0.44956,2171
29,28,star_sign,ema_lr1e-2_wd1e-3,0.01,0.001,2.90734,0.11377,2171
29,28,star_sign,ema_d0.99,0.01,0.0001,2.84864,0.12252,2171
29,28,star_sign,ema_d0.9999,0.01,0.0001,2.82532,0.14878,2171
29,28,star_sign,mlp_h16,0.001,0.0,0.66625,0.96039,2171
29,28,star_sign,mlp_h32,0.001,0.0,0.28696,1.0,2171
29,28,star_sign,mlp_h64,0.001,0.0,0.04856,1.0,2171
29,28,star_sign,mlp_h128,0.001,0.0,0.01005,1.0,2171
29,28,star_sign,attention,0.0001,1e-05,0.0011,1.0,2171
29,28,star_sign,shuffled,0.01,0.0001,2.94739,0.10134,2171
30,0,age_bin,ema_lr1e-3,0.001,0.0001,1.51867,0.34431,2277
30,0,age_bin,ema_lr5e-3,0.005,0.0001,1.44393,0.33158,2277
30,0,age_bin,ema_lr1e-2,0.01,0.0001,1.36639,0.35881,2277
30,0,age_bin,ema_lr5e-2,0.05,0.0001,1.3461,0.37593,2277
30,0,age_bin,ema_lr1e-2_wd1e-3,0.01,0.001,1.37368,0.33245,2277
30,0,age_bin,ema_d0.99,0.01,0.0001,1.37877,0.33377,2277
30,0,age_bin,ema_d0.9999,0.01,0.0001,1.3933,0.35485,2277
30,0,age_bin,mlp_h16,0.001,0.0,1.0639,0.47738,2277
30,0,age_bin,mlp_h32,0.001,0.0,1.06714,0.47255,2277
30,0,age_bin,mlp_h64,0.001,0.0,1.07571,0.47079,2277
30,0,age_bin,mlp_h128,0.001,0.0,1.07361,0.47167,2277
30,0,age_bin,attention,0.0001,1e-05,1.07156,0.49219,2277
30,0,age_bin,shuffled,0.01,0.0001,1.3555,0.35134,2277
30,0,gender,ema_lr1e-3,0.001,0.0001,1.03068,0.48792,2277
30,0,gender,ema_lr5e-3,0.005,0.0001,0.9421,0.49012,2277
30,0,gender,ema_lr1e-2,0.01,0.0001,0.88606,0.4989,2277
30,0,gender,ema_lr5e-2,0.05,0.0001,1.30789,0.51735,2277
30,0,gender,ema_lr1e-2_wd1e-3,0.01,0.001,0.83543,0.51603,2277
30,0,gender,ema_d0.99,0.01,0.0001,0.87621,0.49802,2277
30,0,gender,ema_d0.9999,0.01,0.0001,0.84726,0.51691,2277
30,0,gender,mlp_h16,0.001,0.0,0.69412,0.51691,2277
30,0,gender,mlp_h32,0.001,0.0,0.70434,0.51208,2277
30,0,gender,mlp_h64,0.001,0.0,0.70322,0.51823,2277
30,0,gender,mlp_h128,0.001,0.0,0.70008,0.51515,2277
30,0,gender,attention,0.0001,1e-05,0.69221,0.49219,2277
30,0,gender,shuffled,0.01,0.0001,0.87995,0.47694,2277
30,0,star_sign,ema_lr1e-3,0.001,0.0001,3.17492,0.09398,2277
30,0,star_sign,ema_lr5e-3,0.005,0.0001,3.0468,0.11155,2277
30,0,star_sign,ema_lr1e-2,0.01,0.0001,2.78677,0.14361,2277
30,0,star_sign,ema_lr5e-2,0.05,0.0001,1.68013,0.63417,2277
30,0,star_sign,ema_lr1e-2_wd1e-3,0.01,0.001,2.76333,0.18884,2277
30,0,star_sign,ema_d0.99,0.01,0.0001,2.73918,0.15679,2277
30,0,star_sign,ema_d0.9999,0.01,0.0001,2.80406,0.16776,2277
30,0,star_sign,mlp_h16,0.001,0.0,0.4532,0.97541,2277
30,0,star_sign,mlp_h32,0.001,0.0,0.03968,1.0,2277
30,0,star_sign,mlp_h64,0.001,0.0,0.01817,1.0,2277
30,0,star_sign,mlp_h128,0.001,0.0,0.0068,1.0,2277
30,0,star_sign,attention,0.0001,1e-05,2.25956,1.0,2277
30,0,star_sign,shuffled,0.01,0.0001,2.7433,0.13746,2277
30,4,age_bin,ema_lr1e-3,0.001,0.0001,1.20123,0.33597,2277
30,4,age_bin,ema_lr5e-3,0.005,0.0001,1.20305,0.33553,2277
30,4,age_bin,ema_lr1e-2,0.01,0.0001,1.18625,0.32587,2277
30,4,age_bin,ema_lr5e-2,0.05,0.0001,2.98492,0.46684,2277
30,4,age_bin,ema_lr1e-2_wd1e-3,0.01,0.001,1.19306,0.34695,2277
30,4,age_bin,ema_d0.99,0.01,0.0001,1.26159,0.39306,2277
30,4,age_bin,ema_d0.9999,0.01,0.0001,1.19966,0.35924,2277
30,4,age_bin,mlp_h16,0.001,0.0,1.05769,0.4787,2277
30,4,age_bin,mlp_h32,0.001,0.0,1.05385,0.47914,2277
30,4,age_bin,mlp_h64,0.001,0.0,1.05419,0.47738,2277
30,4,age_bin,mlp_h128,0.001,0.0,1.05599,0.47826,2277
30,4,age_bin,attention,0.0001,1e-05,1.02658,0.5,2277
30,4,age_bin,shuffled,0.01,0.0001,1.18067,0.3408,2277
30,4,gender,ema_lr1e-3,0.001,0.0001,0.7742,0.49583,2277
30,4,gender,ema_lr5e-3,0.005,0.0001,0.79663,0.49627,2277
30,4,gender,ema_lr1e-2,0.01,0.0001,0.83384,0.47607,2277
30,4,gender,ema_lr5e-2,0.05,0.0001,2.67213,0.51252,2277
30,4,gender,ema_lr1e-2_wd1e-3,0.01,0.001,0.83266,0.51032,2277
30,4,gender,ema_d0.99,0.01,0.0001,0.91909,0.50593,2277
30,4,gender,ema_d0.9999,0.01,0.0001,0.82727,0.5011,2277
30,4,gender,mlp_h16,0.001,0.0,0.69302,0.52042,2277
30,4,gender,mlp_h32,0.001,0.0,0.69675,0.51164,2277
30,4,gender,mlp_h64,0.001,0.0,0.6922,0.50725,2277
30,4,gender,mlp_h128,0.001,0.0,0.7026,0.51603,2277
30,4,gender,attention,0.0001,1e-05,0.6978,0.52344,2277
30,4,gender,shuffled,0.01,0.0001,0.87415,0.50856,2277
30,4,star_sign,ema_lr1e-3,0.001,0.0001,2.66604,0.07115,2277
30,4,star_sign,ema_lr5e-3,0.005,0.0001,2.51883,0.16249,2277
30,4,star_sign,ema_lr1e-2,0.01,0.0001,2.33143,0.26702,2277
30,4,star_sign,ema_lr5e-2,0.05,0.0001,2.37235,0.94335,2277
30,4,star_sign,ema_lr1e-2_wd1e-3,0.01,0.001,2.33273,0.2758,2277
30,4,star_sign,ema_d0.99,0.01,0.0001,2.37674,0.22705,2277
30,4,star_sign,ema_d0.9999,0.01,0.0001,2.34343,0.26877,2277
30,4,star_sign,mlp_h16,0.001,0.0,0.03072,1.0,2277
30,4,star_sign,mlp_h32,0.001,0.0,0.00113,1.0,2277
30,4,star_sign,mlp_h64,0.001,0.0,0.00088,1.0,2277
30,4,star_sign,mlp_h128,0.001,0.0,3e-05,1.0,2277
30,4,star_sign,attention,0.0001,1e-05,0.0405,1.0,2277
30,4,star_sign,shuffled,0.01,0.0001,2.35606,0.27229,2277
30,8,age_bin,ema_lr1e-3,0.001,0.0001,1.27167,0.29644,2277
30,8,age_bin,ema_lr5e-3,0.005,0.0001,1.20558,0.361,2277
30,8,age_bin,ema_lr1e-2,0.01,0.0001,1.19,0.35705,2277
30,8,age_bin,ema_lr5e-2,0.05,0.0001,2.8081,0.46728,2277
30,8,age_bin,ema_lr1e-2_wd1e-3,0.01,0.001,1.25852,0.37022,2277
30,8,age_bin,ema_d0.99,0.01,0.0001,1.24965,0.36144,2277
30,8,age_bin,ema_d0.9999,0.01,0.0001,1.17658,0.34914,2277
30,8,age_bin,mlp_h16,0.001,0.0,1.0451,0.47958,2277
30,8,age_bin,mlp_h32,0.001,0.0,1.04651,0.48002,2277
30,8,age_bin,mlp_h64,0.001,0.0,1.049,0.47387,2277
30,8,age_bin,mlp_h128,0.001,0.0,1.05629,0.47475,2277
30,8,age_bin,attention,0.0001,1e-05,1.08569,0.45312,2277
30,8,age_bin,shuffled,0.01,0.0001,1.19321,0.36978,2277
30,8,gender,ema_lr1e-3,0.001,0.0001,0.7904,0.48661,2277
30,8,gender,ema_lr5e-3,0.005,0.0001,0.80125,0.48836,2277
30,8,gender,ema_lr1e-2,0.01,0.0001,0.82641,0.51691,2277
30,8,gender,ema_lr5e-2,0.05,0.0001,3.57469,0.48792,2277
30,8,gender,ema_lr1e-2_wd1e-3,0.01,0.001,0.89044,0.50681,2277
30,8,gender,ema_d0.99,0.01,0.0001,0.90701,0.49978,2277
30,8,gender,ema_d0.9999,0.01,0.0001,0.84985,0.48836,2277
30,8,gender,mlp_h16,0.001,0.0,0.68973,0.52174,2277
30,8,gender,mlp_h32,0.001,0.0,0.68782,0.53096,2277
30,8,gender,mlp_h64,0.001,0.0,0.68823,0.5336,2277
30,8,gender,mlp_h128,0.001,0.0,0.72611,0.51691,2277
30,8,gender,attention,0.0001,1e-05,0.71958,0.59375,2277
30,8,gender,shuffled,0.01,0.0001,0.92379,0.48397,2277
30,8,star_sign,ema_lr1e-3,0.001,0.0001,2.64393,0.11594,2277
30,8,star_sign,ema_lr5e-3,0.005,0.0001,2.5314,0.16425,2277
30,8,star_sign,ema_lr1e-2,0.01,0.0001,2.3461,0.24155,2277
30,8,star_sign,ema_lr5e-2,0.05,0.0001,1.65646,0.72596,2277
30,8,star_sign,ema_lr1e-2_wd1e-3,0.01,0.001,2.37414,0.25736,2277
30,8,star_sign,ema_d0.99,0.01,0.0001,2.39637,0.21432,2277
30,8,star_sign,ema_d0.9999,0.01,0.0001,2.35977,0.2534,2277
30,8,star_sign,mlp_h16,0.001,0.0,1.6938,0.05621,2277
30,8,star_sign,mlp_h32,0.001,0.0,0.04204,1.0,2277
30,8,star_sign,mlp_h64,0.001,0.0,0.00059,1.0,2277
30,8,star_sign,mlp_h128,0.001,0.0,3e-05,1.0,2277
30,8,star_sign,attention,0.0001,1e-05,0.0,1.0,2277
30,8,star_sign,shuffled,0.01,0.0001,2.35376,0.23013,2277
30,12,age_bin,ema_lr1e-3,0.001,0.0001,1.25737,0.32675,2277
30,12,age_bin,ema_lr5e-3,0.005,0.0001,1.20701,0.32982,2277
30,12,age_bin,ema_lr1e-2,0.01,0.0001,1.21741,0.33553,2277
30,12,age_bin,ema_lr5e-2,0.05,0.0001,2.86368,0.46816,2277
30,12,age_bin,ema_lr1e-2_wd1e-3,0.01,0.001,1.26323,0.37242,2277
30,12,age_bin,ema_d0.99,0.01,0.0001,1.27303,0.38779,2277
30,12,age_bin,ema_d0.9999,0.01,0.0001,1.19659,0.38076,2277
30,12,age_bin,mlp_h16,0.001,0.0,1.0429,0.48002,2277
30,12,age_bin,mlp_h32,0.001,0.0,1.04705,0.48002,2277
30,12,age_bin,mlp_h64,0.001,0.0,1.04504,0.47914,2277
30,12,age_bin,mlp_h128,0.001,0.0,1.04441,0.47738,2277
30,12,age_bin,attention,0.0001,1e-05,39.20171,0.27344,2277
30,12,age_bin,shuffled,0.01,0.0001,1.1824,0.32675,2277
30,12,gender,ema_lr1e-3,0.001,0.0001,0.76631,0.51866,2277
30,12,gender,ema_lr5e-3,0.005,0.0001,0.77946,0.51076,2277
30,12,gender,ema_lr1e-2,0.01,0.0001,0.91377,0.48353,2277
30,12,gender,ema_lr5e-2,0.05,0.0001,3.59927,0.48792,2277
30,12,gender,ema_lr1e-2_wd1e-3,0.01,0.001,0.8455,0.48529,2277
30,12,gender,ema_d0.99,0.01,0.0001,0.8107,0.50856,2277
30,12,gender,ema_d0.9999,0.01,0.0001,0.91024,0.50812,2277
30,12,gender,mlp_h16,0.001,0.0,0.68974,0.52394,2277
30,12,gender,mlp_h32,0.001,0.0,0.69048,0.50373,2277
30,12,gender,mlp_h64,0.001,0.0,0.69221,0.52921,2277
30,12,gender,mlp_h128,0.001,0.0,0.69299,0.53491,2277
30,12,gender,attention,0.0001,1e-05,0.69531,0.53125,2277
30,12,gender,shuffled,0.01,0.0001,0.85637,0.49846,2277
30,12,star_sign,ema_lr1e-3,0.001,0.0001,2.71045,0.07115,2277
30,12,star_sign,ema_lr5e-3,0.005,0.0001,2.56913,0.12165,2277
30,12,star_sign,ema_lr1e-2,0.01,0.0001,2.37035,0.21871,2277
30,12,star_sign,ema_lr5e-2,0.05,0.0001,1.79495,0.92666,2277
30,12,star_sign,ema_lr1e-2_wd1e-3,0.01,0.001,2.39237,0.2152,2277
30,12,star_sign,ema_d0.99,0.01,0.0001,2.36094,0.2152,2277
30,12,star_sign,ema_d0.9999,0.01,0.0001,2.39816,0.23364,2277
30,12,star_sign,mlp_h16,0.001,0.0,0.12092,1.0,2277
30,12,star_sign,mlp_h32,0.001,0.0,0.01018,1.0,2277
30,12,star_sign,mlp_h64,0.001,0.0,0.00055,1.0,2277
30,12,star_sign,mlp_h128,0.001,0.0,6e-05,1.0,2277
30,12,star_sign,attention,0.0001,1e-05,0.0,1.0,2277
30,12,star_sign,shuffled,0.01,0.0001,2.3644,0.24155,2277
30,16,age_bin,ema_lr1e-3,0.001,0.0001,1.20887,0.35485,2277
30,16,age_bin,ema_lr5e-3,0.005,0.0001,1.2212,0.31401,2277
30,16,age_bin,ema_lr1e-2,0.01,0.0001,1.25656,0.31225,2277
30,16,age_bin,ema_lr5e-2,0.05,0.0001,2.81477,0.46772,2277
30,16,age_bin,ema_lr1e-2_wd1e-3,0.01,0.001,1.24235,0.38472,2277
30,16,age_bin,ema_d0.99,0.01,0.0001,1.23793,0.32367,2277
30,16,age_bin,ema_d0.9999,0.01,0.0001,1.24369,0.41063,2277
30,16,age_bin,mlp_h16,0.001,0.0,1.03457,0.4809,2277
30,16,age_bin,mlp_h32,0.001,0.0,1.02887,0.48704,2277
30,16,age_bin,mlp_h64,0.001,0.0,1.03277,0.48968,2277
30,16,age_bin,mlp_h128,0.001,0.0,1.03728,0.48441,2277
30,16,age_bin,attention,0.0001,1e-05,1.08307,0.42969,2277
30,16,age_bin,shuffled,0.01,0.0001,1.20632,0.33421,2277
30,16,gender,ema_lr1e-3,0.001,0.0001,0.80172,0.50154,2277
30,16,gender,ema_lr5e-3,0.005,0.0001,0.76247,0.52174,2277
30,16,gender,ema_lr1e-2,0.01,0.0001,0.80893,0.52525,2277
30,16,gender,ema_lr5e-2,0.05,0.0001,3.59965,0.48792,2277
30,16,gender,ema_lr1e-2_wd1e-3,0.01,0.001,0.81213,0.49231,2277
30,16,gender,ema_d0.99,0.01,0.0001,0.92561,0.49012,2277
30,16,gender,ema_d0.9999,0.01,0.0001,0.91618,0.48836,2277
30,16,gender,mlp_h16,0.001,0.0,0.69042,0.52657,2277
30,16,gender,mlp_h32,0.001,0.0,0.69424,0.52481,2277
30,16,gender,mlp_h64,0.001,0.0,0.69921,0.5235,2277
30,16,gender,mlp_h128,0.001,0.0,0.69404,0.5415,2277
30,16,gender,attention,0.0001,1e-05,24.53743,0.50781,2277
30,16,gender,shuffled,0.01,0.0001,0.83507,0.50637,2277
30,16,star_sign,ema_lr1e-3,0.001,0.0001,2.71477,0.09662,2277
30,16,star_sign,ema_lr5e-3,0.005,0.0001,2.44011,0.2455,2277
30,16,star_sign,ema_lr1e-2,0.01,0.0001,2.39105,0.22925,2277
30,16,star_sign,ema_lr5e-2,0.05,0.0001,2.07568,0.94379,2277
30,16,star_sign,ema_lr1e-2_wd1e-3,0.01,0.001,2.35715,0.23891,2277
30,16,star_sign,ema_d0.99,0.01,0.0001,2.39098,0.20334,2277
30,16,star_sign,ema_d0.9999,0.01,0.0001,2.37494,0.22398,2277
30,16,star_sign,mlp_h16,0.001,0.0,0.01374,1.0,2277
30,16,star_sign,mlp_h32,0.001,0.0,0.00343,1.0,2277
30,16,star_sign,mlp_h64,0.001,0.0,0.00028,1.0,2277
30,16,star_sign,mlp_h128,0.001,0.0,3e-05,1.0,2277
30,16,star_sign,attention,0.0001,1e-05,0.0,1.0,2277
30,16,star_sign,shuffled,0.01,0.0001,2.33662,0.23013,2277
30,20,age_bin,ema_lr1e-3,0.001,0.0001,1.28439,0.32718,2277
30,20,age_bin,ema_lr5e-3,0.005,0.0001,1.19831,0.37637,2277
30,20,age_bin,ema_lr1e-2,0.01,0.0001,1.25074,0.34036,2277
30,20,age_bin,ema_lr5e-2,0.05,0.0001,2.58577,0.47167,2277
30,20,age_bin,ema_lr1e-2_wd1e-3,0.01,0.001,1.25876,0.37374,2277
30,20,age_bin,ema_d0.99,0.01,0.0001,1.23163,0.32543,2277
30,20,age_bin,ema_d0.9999,0.01,0.0001,1.26283,0.37593,2277
30,20,age_bin,mlp_h16,0.001,0.0,1.03013,0.48529,2277
30,20,age_bin,mlp_h32,0.001,0.0,1.02994,0.50022,2277
30,20,age_bin,mlp_h64,0.001,0.0,1.03001,0.49451,2277
30,20,age_bin,mlp_h128,0.001,0.0,1.04339,0.46596,2277
30,20,age_bin,attention,0.0001,1e-05,9.44001,0.4375,2277
30,20,age_bin,shuffled,0.01,0.0001,1.22651,0.34036,2277
30,20,gender,ema_lr1e-3,0.001,0.0001,0.81736,0.51208,2277
30,20,gender,ema_lr5e-3,0.005,0.0001,0.80924,0.48046,2277
30,20,gender,ema_lr1e-2,0.01,0.0001,0.83336,0.50769,2277
30,20,gender,ema_lr5e-2,0.05,0.0001,3.13156,0.48792,2277
30,20,gender,ema_lr1e-2_wd1e-3,0.01,0.001,0.90343,0.50856,2277
30,20,gender,ema_d0.99,0.01,0.0001,0.89793,0.50154,2277
30,20,gender,ema_d0.9999,0.01,0.0001,0.83773,0.50681,2277
30,20,gender,mlp_h16,0.001,0.0,0.68459,0.55907,2277
30,20,gender,mlp_h32,0.001,0.0,0.68125,0.56478,2277
30,20,gender,mlp_h64,0.001,0.0,0.68714,0.55029,2277
30,20,gender,mlp_h128,0.001,0.0,0.6809,0.55336,2277
30,20,gender,attention,0.0001,1e-05,25.65945,0.50781,2277
30,20,gender,shuffled,0.01,0.0001,0.87614,0.491,2277
30,20,star_sign,ema_lr1e-3,0.001,0.0001,2.78169,0.08388,2277
30,20,star_sign,ema_lr5e-3,0.005,0.0001,2.57836,0.12912,2277
30,20,star_sign,ema_lr1e-2,0.01,0.0001,2.43098,0.1906,2277
30,20,star_sign,ema_lr5e-2,0.05,0.0001,1.69548,0.69741,2277
30,20,star_sign,ema_lr1e-2_wd1e-3,0.01,0.001,2.38901,0.24023,2277
30,20,star_sign,ema_d0.99,0.01,0.0001,2.40429,0.21344,2277
30,20,star_sign,ema_d0.9999,0.01,0.0001,2.3795,0.20729,2277
30,20,star_sign,mlp_h16,0.001,0.0,0.55696,1.0,2277
30,20,star_sign,mlp_h32,0.001,0.0,0.00126,1.0,2277
30,20,star_sign,mlp_h64,0.001,0.0,0.0004,1.0,2277
30,20,star_sign,mlp_h128,0.001,0.0,3e-05,1.0,2277
30,20,star_sign,attention,0.0001,1e-05,0.00155,1.0,2277
30,20,star_sign,shuffled,0.01,0.0001,2.41734,0.18357,2277
30,24,age_bin,ema_lr1e-3,0.001,0.0001,1.40317,0.30654,2277
30,24,age_bin,ema_lr5e-3,0.005,0.0001,1.29218,0.35573,2277
30,24,age_bin,ema_lr1e-2,0.01,0.0001,1.30968,0.33377,2277
30,24,age_bin,ema_lr5e-2,0.05,0.0001,2.0919,0.28722,2277
30,24,age_bin,ema_lr1e-2_wd1e-3,0.01,0.001,1.25711,0.36847,2277
30,24,age_bin,ema_d0.99,0.01,0.0001,1.29699,0.37857,2277
30,24,age_bin,ema_d0.9999,0.01,0.0001,1.29402,0.35002,2277
30,24,age_bin,mlp_h16,0.001,0.0,1.02812,0.491,2277
30,24,age_bin,mlp_h32,0.001,0.0,1.03102,0.49715,2277
30,24,age_bin,mlp_h64,0.001,0.0,1.02597,0.50769,2277
30,24,age_bin,mlp_h128,0.001,0.0,1.03246,0.5011,2277
30,24,age_bin,attention,0.0001,1e-05,15.83375,0.49219,2277
30,24,age_bin,shuffled,0.01,0.0001,1.32398,0.32982,2277
30,24,gender,ema_lr1e-3,0.001,0.0001,0.8782,0.49671,2277
30,24,gender,ema_lr5e-3,0.005,0.0001,0.8581,0.49846,2277
30,24,gender,ema_lr1e-2,0.01,0.0001,0.82698,0.50812,2277
30,24,gender,ema_lr5e-2,0.05,0.0001,1.66966,0.51823,2277
30,24,gender,ema_lr1e-2_wd1e-3,0.01,0.001,0.8812,0.50856,2277
30,24,gender,ema_d0.99,0.01,0.0001,0.8078,0.53887,2277
30,24,gender,ema_d0.9999,0.01,0.0001,0.85389,0.50154,2277
30,24,gender,mlp_h16,0.001,0.0,0.67711,0.56258,2277
30,24,gender,mlp_h32,0.001,0.0,0.67779,0.55292,2277
30,24,gender,mlp_h64,0.001,0.0,0.67115,0.56741,2277
30,24,gender,mlp_h128,0.001,0.0,0.66859,0.57268,2277
30,24,gender,attention,0.0001,1e-05,8.47619,0.49219,2277
30,24,gender,shuffled,0.01,0.0001,0.87846,0.49934,2277
30,24,star_sign,ema_lr1e-3,0.001,0.0001,2.89869,0.09179,2277
30,24,star_sign,ema_lr5e-3,0.005,0.0001,2.68048,0.12648,2277
30,24,star_sign,ema_lr1e-2,0.01,0.0001,2.59956,0.14273,2277
30,24,star_sign,ema_lr5e-2,0.05,0.0001,1.78162,0.45455,2277
30,24,star_sign,ema_lr1e-2_wd1e-3,0.01,0.001,2.57731,0.15547,2277
30,24,star_sign,ema_d0.99,0.01,0.0001,2.59653,0.16249,2277
30,24,star_sign,ema_d0.9999,0.01,0.0001,2.55346,0.17567,2277
30,24,star_sign,mlp_h16,0.001,0.0,0.01228,1.0,2277
30,24,star_sign,mlp_h32,0.001,0.0,0.01389,1.0,2277
30,24,star_sign,mlp_h64,0.001,0.0,0.00067,1.0,2277
30,24,star_sign,mlp_h128,0.001,0.0,2e-05,1.0,2277
30,24,star_sign,attention,0.0001,1e-05,7e-05,1.0,2277
30,24,star_sign,shuffled,0.01,0.0001,2.58945,0.15195,2277
30,28,age_bin,ema_lr1e-3,0.001,0.0001,1.58656,0.33333,2277
30,28,age_bin,ema_lr5e-3,0.005,0.0001,1.4692,0.33904,2277
30,28,age_bin,ema_lr1e-2,0.01,0.0001,1.41942,0.3487,2277
30,28,age_bin,ema_lr5e-2,0.05,0.0001,1.1595,0.44181,2277
30,28,age_bin,ema_lr1e-2_wd1e-3,0.01,0.001,1.44953,0.34607,2277
30,28,age_bin,ema_d0.99,0.01,0.0001,1.3976,0.34651,2277
30,28,age_bin,ema_d0.9999,0.01,0.0001,1.35547,0.36495,2277
30,28,age_bin,mlp_h16,0.001,0.0,1.02839,0.509,2277
30,28,age_bin,mlp_h32,0.001,0.0,1.02818,0.50154,2277
30,28,age_bin,mlp_h64,0.001,0.0,1.04693,0.49056,2277
30,28,age_bin,mlp_h128,0.001,0.0,1.06071,0.48265,2277
30,28,age_bin,attention,0.0001,1e-05,1.33397,0.38281,2277
30,28,age_bin,shuffled,0.01,0.0001,1.41851,0.33509,2277
30,28,gender,ema_lr1e-3,0.001,0.0001,1.0401,0.50417,2277
30,28,gender,ema_lr5e-3,0.005,0.0001,0.90624,0.5235,2277
30,28,gender,ema_lr1e-2,0.01,0.0001,0.88285,0.51735,2277
30,28,gender,ema_lr5e-2,0.05,0.0001,0.79943,0.53272,2277
30,28,gender,ema_lr1e-2_wd1e-3,0.01,0.001,0.88284,0.52481,2277
30,28,gender,ema_d0.99,0.01,0.0001,0.83503,0.53404,2277
30,28,gender,ema_d0.9999,0.01,0.0001,0.9758,0.45718,2277
30,28,gender,mlp_h16,0.001,0.0,0.66515,0.57005,2277
30,28,gender,mlp_h32,0.001,0.0,0.66269,0.56653,2277
30,28,gender,mlp_h64,0.001,0.0,0.66184,0.57927,2277
30,28,gender,mlp_h128,0.001,0.0,0.65738,0.59113,2277
30,28,gender,attention,0.0001,1e-05,0.82955,0.5625,2277
30,28,gender,shuffled,0.01,0.0001,0.87625,0.51998,2277
30,28,star_sign,ema_lr1e-3,0.001,0.0001,3.26597,0.09618,2277
30,28,star_sign,ema_lr5e-3,0.005,0.0001,2.95019,0.12516,2277
30,28,star_sign,ema_lr1e-2,0.01,0.0001,2.87493,0.11419,2277
30,28,star_sign,ema_lr5e-2,0.05,0.0001,1.75568,0.47036,2277
30,28,star_sign,ema_lr1e-2_wd1e-3,0.01,0.001,2.86629,0.11331,2277
30,28,star_sign,ema_d0.99,0.01,0.0001,2.85716,0.10672,2277
30,28,star_sign,ema_d0.9999,0.01,0.0001,2.81514,0.14361,2277
30,28,star_sign,mlp_h16,0.001,0.0,0.62236,0.96794,2277
30,28,star_sign,mlp_h32,0.001,0.0,0.25355,1.0,2277
30,28,star_sign,mlp_h64,0.001,0.0,0.04097,1.0,2277
30,28,star_sign,mlp_h128,0.001,0.0,0.00769,1.0,2277
30,28,star_sign,attention,0.0001,1e-05,0.0,1.0,2277
30,28,star_sign,shuffled,0.01,0.0001,2.88482,0.10101,2277
31,0,age_bin,ema_lr1e-3,0.001,0.0001,1.50236,0.34578,2169
31,0,age_bin,ema_lr5e-3,0.005,0.0001,1.46228,0.32688,2169
31,0,age_bin,ema_lr1e-2,0.01,0.0001,1.32987,0.38543,2169
31,0,age_bin,ema_lr5e-2,0.05,0.0001,1.28724,0.4154,2169
31,0,age_bin,ema_lr1e-2_wd1e-3,0.01,0.001,1.34929,0.3444,2169
31,0,age_bin,ema_d0.99,0.01,0.0001,1.35115,0.35131,2169
31,0,age_bin,ema_d0.9999,0.01,0.0001,1.36313,0.36238,2169
31,0,age_bin,mlp_h16,0.001,0.0,1.01017,0.52835,2169
31,0,age_bin,mlp_h32,0.001,0.0,1.01807,0.51913,2169
31,0,age_bin,mlp_h64,0.001,0.0,1.02993,0.52328,2169
31,0,age_bin,mlp_h128,0.001,0.0,1.02129,0.51683,2169
31,0,age_bin,attention,0.0001,1e-05,1.0476,0.57031,2169
31,0,age_bin,shuffled,0.01,0.0001,1.37085,0.34209,2169
31,0,gender,ema_lr1e-3,0.001,0.0001,0.99797,0.52513,2169
31,0,gender,ema_lr5e-3,0.005,0.0001,0.93168,0.50438,2169
31,0,gender,ema_lr1e-2,0.01,0.0001,0.89208,0.5053,2169
31,0,gender,ema_lr5e-2,0.05,0.0001,1.26198,0.51959,2169
31,0,gender,ema_lr1e-2_wd1e-3,0.01,0.001,0.84281,0.503,2169
31,0,gender,ema_d0.99,0.01,0.0001,0.85966,0.50761,2169
31,0,gender,ema_d0.9999,0.01,0.0001,0.86786,0.50254,2169
31,0,gender,mlp_h16,0.001,0.0,0.69638,0.50622,2169
31,0,gender,mlp_h32,0.001,0.0,0.7015,0.51406,2169
31,0,gender,mlp_h64,0.001,0.0,0.70078,0.49931,2169
31,0,gender,mlp_h128,0.001,0.0,0.70494,0.50069,2169
31,0,gender,attention,0.0001,1e-05,0.69308,0.49219,2169
31,0,gender,shuffled,0.01,0.0001,0.87558,0.50023,2169
31,0,star_sign,ema_lr1e-3,0.001,0.0001,3.16084,0.08391,2169
31,0,star_sign,ema_lr5e-3,0.005,0.0001,3.03058,0.10143,2169
31,0,star_sign,ema_lr1e-2,0.01,0.0001,2.76595,0.14892,2169
31,0,star_sign,ema_lr5e-2,0.05,0.0001,1.65586,0.6828,2169
31,0,star_sign,ema_lr1e-2_wd1e-3,0.01,0.001,2.72106,0.18857,2169
31,0,star_sign,ema_d0.99,0.01,0.0001,2.78398,0.16183,2169
31,0,star_sign,ema_d0.9999,0.01,0.0001,2.79619,0.11895,2169
31,0,star_sign,mlp_h16,0.001,0.0,0.41534,0.97741,2169
31,0,star_sign,mlp_h32,0.001,0.0,0.04007,1.0,2169
31,0,star_sign,mlp_h64,0.001,0.0,0.0189,0.99954,2169
31,0,star_sign,mlp_h128,0.001,0.0,0.0081,1.0,2169
31,0,star_sign,attention,0.0001,1e-05,2.25244,0.99219,2169
31,0,star_sign,shuffled,0.01,0.0001,2.76863,0.13186,2169
31,4,age_bin,ema_lr1e-3,0.001,0.0001,1.21879,0.32965,2169
31,4,age_bin,ema_lr5e-3,0.005,0.0001,1.17536,0.36284,2169
31,4,age_bin,ema_lr1e-2,0.01,0.0001,1.22527,0.36699,2169
31,4,age_bin,ema_lr5e-2,0.05,0.0001,2.62404,0.32826,2169
31,4,age_bin,ema_lr1e-2_wd1e-3,0.01,0.001,1.22821,0.37298,2169
31,4,age_bin,ema_d0.99,0.01,0.0001,1.20067,0.3195,2169
31,4,age_bin,ema_d0.9999,0.01,0.0001,1.2625,0.29737,2169
31,4,age_bin,mlp_h16,0.001,0.0,1.01171,0.52697,2169
31,4,age_bin,mlp_h32,0.001,0.0,1.00476,0.5325,2169
31,4,age_bin,mlp_h64,0.001,0.0,1.03091,0.5302,2169
31,4,age_bin,mlp_h128,0.001,0.0,1.01016,0.53296,2169
31,4,age_bin,attention,0.0001,1e-05,0.93299,0.57812,2169
31,4,age_bin,shuffled,0.01,0.0001,1.19953,0.36422,2169
31,4,gender,ema_lr1e-3,0.001,0.0001,0.81432,0.45505,2169
31,4,gender,ema_lr5e-3,0.005,0.0001,0.78495,0.48225,2169
31,4,gender,ema_lr1e-2,0.01,0.0001,0.8877,0.49331,2169
31,4,gender,ema_lr5e-2,0.05,0.0001,3.39592,0.44352,2169
31,4,gender,ema_lr1e-2_wd1e-3,0.01,0.001,0.87003,0.48179,2169
31,4,gender,ema_d0.99,0.01,0.0001,0.83986,0.53204,2169
31,4,gender,ema_d0.9999,0.01,0.0001,0.88203,0.47211,2169
31,4,gender,mlp_h16,0.001,0.0,0.69158,0.52605,2169
31,4,gender,mlp_h32,0.001,0.0,0.70279,0.46473,2169
31,4,gender,mlp_h64,0.001,0.0,0.68732,0.55187,2169
31,4,gender,mlp_h128,0.001,0.0,0.69123,0.55786,2169
31,4,gender,attention,0.0001,1e-05,0.6977,0.54688,2169
31,4,gender,shuffled,0.01,0.0001,0.89854,0.46934,2169
31,4,star_sign,ema_lr1e-3,0.001,0.0001,2.68781,0.07192,2169
31,4,star_sign,ema_lr5e-3,0.005,0.0001,2.50427,0.18349,2169
31,4,star_sign,ema_lr1e-2,0.01,0.0001,2.32763,0.3172,2169
31,4,star_sign,ema_lr5e-2,0.05,0.0001,1.63381,0.71692,2169
31,4,star_sign,ema_lr1e-2_wd1e-3,0.01,0.001,2.36547,0.29414,2169
31,4,star_sign,ema_d0.99,0.01,0.0001,2.36938,0.26971,2169
31,4,star_sign,ema_d0.9999,0.01,0.0001,2.34065,0.29553,2169
31,4,star_sign,mlp_h16,0.001,0.0,0.02769,1.0,2169
31,4,star_sign,mlp_h32,0.001,0.0,0.00106,1.0,2169
31,4,star_sign,mlp_h64,0.001,0.0,0.0008,1.0,2169
31,4,star_sign,mlp_h128,0.001,0.0,3e-05,1.0,2169
31,4,star_sign,attention,0.0001,1e-05,0.04435,1.0,2169
31,4,star_sign,shuffled,0.01,0.0001,2.35559,0.29,2169
31,8,age_bin,ema_lr1e-3,0.001,0.0001,1.20467,0.34763,2169
31,8,age_bin,ema_lr5e-3,0.005,0.0001,1.20846,0.34855,2169
31,8,age_bin,ema_lr1e-2,0.01,0.0001,1.24664,0.38036,2169
31,8,age_bin,ema_lr5e-2,0.05,0.0001,2.32798,0.30244,2169
31,8,age_bin,ema_lr1e-2_wd1e-3,0.01,0.001,1.1975,0.32965,2169
31,8,age_bin,ema_d0.99,0.01,0.0001,1.17348,0.34855,2169
31,8,age_bin,ema_d0.9999,0.01,0.0001,1.16343,0.37252,2169
31,8,age_bin,mlp_h16,0.001,0.0,1.01055,0.53158,2169
31,8,age_bin,mlp_h32,0.001,0.0,1.00723,0.53112,2169
31,8,age_bin,mlp_h64,0.001,0.0,1.00454,0.53066,2169
31,8,age_bin,mlp_h128,0.001,0.0,0.99552,0.5302,2169
31,8,age_bin,attention,0.0001,1e-05,1.0104,0.51562,2169
31,8,age_bin,shuffled,0.01,0.0001,1.20432,0.3467,2169
31,8,gender,ema_lr1e-3,0.001,0.0001,0.76986,0.51959,2169
31,8,gender,ema_lr5e-3,0.005,0.0001,0.74933,0.5385,2169
31,8,gender,ema_lr1e-2,0.01,0.0001,0.88466,0.47211,2169
31,8,gender,ema_lr5e-2,0.05,0.0001,2.40503,0.55648,2169
31,8,gender,ema_lr1e-2_wd1e-3,0.01,0.001,0.84913,0.51821,2169
31,8,gender,ema_d0.99,0.01,0.0001,0.8143,0.54126,2169
31,8,gender,ema_d0.9999,0.01,0.0001,0.85348,0.49055,2169
31,8,gender,mlp_h16,0.001,0.0,0.68281,0.57077,2169
31,8,gender,mlp_h32,0.001,0.0,0.67866,0.56754,2169
31,8,gender,mlp_h64,0.001,0.0,0.6827,0.56339,2169
31,8,gender,mlp_h128,0.001,0.0,0.69316,0.5574,2169
31,8,gender,attention,0.0001,1e-05,0.66764,0.61719,2169
31,8,gender,shuffled,0.01,0.0001,0.94752,0.52282,2169
31,8,star_sign,ema_lr1e-3,0.001,0.0001,2.69,0.11803,2169
31,8,star_sign,ema_lr5e-3,0.005,0.0001,2.52853,0.17289,2169
31,8,star_sign,ema_lr1e-2,0.01,0.0001,2.38063,0.26464,2169
31,8,star_sign,ema_lr5e-2,0.05,0.0001,1.67052,0.65191,2169
31,8,star_sign,ema_lr1e-2_wd1e-3,0.01,0.001,2.37928,0.27709,2169
31,8,star_sign,ema_d0.99,0.01,0.0001,2.39725,0.26325,2169
31,8,star_sign,ema_d0.9999,0.01,0.0001,2.40084,0.29092,2169
31,8,star_sign,mlp_h16,0.001,0.0,1.65206,0.05901,2169
31,8,star_sign,mlp_h32,0.001,0.0,0.0365,1.0,2169
31,8,star_sign,mlp_h64,0.001,0.0,0.00055,1.0,2169
31,8,star_sign,mlp_h128,0.001,0.0,3e-05,1.0,2169
31,8,star_sign,attention,0.0001,1e-05,0.0,1.0,2169
31,8,star_sign,shuffled,0.01,0.0001,2.43441,0.24297,2169
31,12,age_bin,ema_lr1e-3,0.001,0.0001,1.25525,0.30982,2169
31,12,age_bin,ema_lr5e-3,0.005,0.0001,1.19799,0.3527,2169
31,12,age_bin,ema_lr1e-2,0.01,0.0001,1.20101,0.32227,2169
31,12,age_bin,ema_lr5e-2,0.05,0.0001,2.37929,0.32872,2169
31,12,age_bin,ema_lr1e-2_wd1e-3,0.01,0.001,1.16532,0.35915,2169
31,12,age_bin,ema_d0.99,0.01,0.0001,1.16533,0.37344,2169
31,12,age_bin,ema_d0.9999,0.01,0.0001,1.23325,0.32965,2169
31,12,age_bin,mlp_h16,0.001,0.0,0.99932,0.53389,2169
31,12,age_bin,mlp_h32,0.001,0.0,1.02803,0.53389,2169
31,12,age_bin,mlp_h64,0.001,0.0,1.00581,0.53296,2169
31,12,age_bin,mlp_h128,0.001,0.0,0.99535,0.52605,2169
31,12,age_bin,attention,0.0001,1e-05,26.68017,0.26562,2169
31,12,age_bin,shuffled,0.01,0.0001,1.24602,0.36284,2169
31,12,gender,ema_lr1e-3,0.001,0.0001,0.79785,0.48271,2169
31,12,gender,ema_lr5e-3,0.005,0.0001,0.77746,0.49562,2169
31,12,gender,ema_lr1e-2,0.01,0.0001,0.83363,0.5302,2169
31,12,gender,ema_lr5e-2,0.05,0.0001,2.36315,0.55602,2169
31,12,gender,ema_lr1e-2_wd1e-3,0.01,0.001,0.87496,0.48317,2169
31,12,gender,ema_d0.99,0.01,0.0001,0.86628,0.48548,2169
31,12,gender,ema_d0.9999,0.01,0.0001,0.82685,0.52282,2169
31,12,gender,mlp_h16,0.001,0.0,0.68125,0.57215,2169
31,12,gender,mlp_h32,0.001,0.0,0.6776,0.58368,2169
31,12,gender,mlp_h64,0.001,0.0,0.68766,0.55417,2169
31,12,gender,mlp_h128,0.001,0.0,0.68411,0.57769,2169
31,12,gender,attention,0.0001,1e-05,0.68434,0.50781,2169
31,12,gender,shuffled,0.01,0.0001,0.85089,0.48133,2169
31,12,star_sign,ema_lr1e-3,0.001,0.0001,2.70081,0.07192,2169
31,12,star_sign,ema_lr5e-3,0.005,0.0001,2.54312,0.14338,2169
31,12,star_sign,ema_lr1e-2,0.01,0.0001,2.36245,0.26971,2169
31,12,star_sign,ema_lr5e-2,0.05,0.0001,1.61238,0.70632,2169
31,12,star_sign,ema_lr1e-2_wd1e-3,0.01,0.001,2.38498,0.24988,2169
31,12,star_sign,ema_d0.99,0.01,0.0001,2.40167,0.21992,2169
31,12,star_sign,ema_d0.9999,0.01,0.0001,2.36586,0.26787,2169
31,12,star_sign,mlp_h16,0.001,0.0,0.10893,1.0,2169
31,12,star_sign,mlp_h32,0.001,0.0,0.00876,1.0,2169
31,12,star_sign,mlp_h64,0.001,0.0,0.00049,1.0,2169
31,12,star_sign,mlp_h128,0.001,0.0,6e-05,1.0,2169
31,12,star_sign,attention,0.0001,1e-05,0.0,1.0,2169
31,12,star_sign,shuffled,0.01,0.0001,2.40831,0.24527,2169
31,16,age_bin,ema_lr1e-3,0.001,0.0001,1.22212,0.33195,2169
31,16,age_bin,ema_lr5e-3,0.005,0.0001,1.18769,0.34255,2169
31,16,age_bin,ema_lr1e-2,0.01,0.0001,1.16214,0.36745,2169
31,16,age_bin,ema_lr5e-2,0.05,0.0001,2.46211,0.32826,2169
31,16,age_bin,ema_lr1e-2_wd1e-3,0.01,0.001,1.15487,0.3799,2169
31,16,age_bin,ema_d0.99,0.01,0.0001,1.23542,0.3112,2169
31,16,age_bin,ema_d0.9999,0.01,0.0001,1.21309,0.32457,2169
31,16,age_bin,mlp_h16,0.001,0.0,1.01787,0.52882,2169
31,16,age_bin,mlp_h32,0.001,0.0,1.01369,0.53158,2169
31,16,age_bin,mlp_h64,0.001,0.0,0.99538,0.53757,2169
31,16,age_bin,mlp_h128,0.001,0.0,0.99232,0.53711,2169
31,16,age_bin,attention,0.0001,1e-05,1.01967,0.47656,2169
31,16,age_bin,shuffled,0.01,0.0001,1.20758,0.33333,2169
31,16,gender,ema_lr1e-3,0.001,0.0001,0.80058,0.49516,2169
31,16,gender,ema_lr5e-3,0.005,0.0001,0.78821,0.48087,2169
31,16,gender,ema_lr1e-2,0.01,0.0001,0.84685,0.49654,2169
31,16,gender,ema_lr5e-2,0.05,0.0001,2.40448,0.55694,2169
31,16,gender,ema_lr1e-2_wd1e-3,0.01,0.001,0.86336,0.49793,2169
31,16,gender,ema_d0.99,0.01,0.0001,0.79434,0.54587,2169
31,16,gender,ema_d0.9999,0.01,0.0001,0.81635,0.53343,2169
31,16,gender,mlp_h16,0.001,0.0,0.69836,0.48133,2169
31,16,gender,mlp_h32,0.001,0.0,0.68984,0.53343,2169
31,16,gender,mlp_h64,0.001,0.0,0.68302,0.5491,2169
31,16,gender,mlp_h128,0.001,0.0,0.68757,0.5491,2169
31,16,gender,attention,0.0001,1e-05,31.3723,0.51562,2169
31,16,gender,shuffled,0.01,0.0001,0.86686,0.48271,2169
31,16,star_sign,ema_lr1e-3,0.001,0.0001,2.66548,0.11342,2169
31,16,star_sign,ema_lr5e-3,0.005,0.0001,2.49391,0.22591,2169
31,16,star_sign,ema_lr1e-2,0.01,0.0001,2.41966,0.24942,2169
31,16,star_sign,ema_lr5e-2,0.05,0.0001,1.60685,0.72799,2169
31,16,star_sign,ema_lr1e-2_wd1e-3,0.01,0.001,2.35333,0.26971,2169
31,16,star_sign,ema_d0.99,0.01,0.0001,2.36579,0.25496,2169
31,16,star_sign,ema_d0.9999,0.01,0.0001,2.37427,0.27109,2169
31,16,star_sign,mlp_h16,0.001,0.0,0.01226,1.0,2169
31,16,star_sign,mlp_h32,0.001,0.0,0.00303,1.0,2169
31,16,star_sign,mlp_h64,0.001,0.0,0.00025,1.0,2169
31,16,star_sign,mlp_h128,0.001,0.0,3e-05,1.0,2169
31,16,star_sign,attention,0.0001,1e-05,0.0,1.0,2169
31,16,star_sign,shuffled,0.01,0.0001,2.39697,0.2379,2169
31,20,age_bin,ema_lr1e-3,0.001,0.0001,1.28588,0.31166,2169
31,20,age_bin,ema_lr5e-3,0.005,0.0001,1.24864,0.32965,2169
31,20,age_bin,ema_lr1e-2,0.01,0.0001,1.22775,0.33702,2169
31,20,age_bin,ema_lr5e-2,0.05,0.0001,2.44067,0.32596,2169
31,20,age_bin,ema_lr1e-2_wd1e-3,0.01,0.001,1.25576,0.32826,2169
31,20,age_bin,ema_d0.99,0.01,0.0001,1.23849,0.34624,2169
31,20,age_bin,ema_d0.9999,0.01,0.0001,1.19629,0.34624,2169
31,20,age_bin,mlp_h16,0.001,0.0,1.01547,0.53343,2169
31,20,age_bin,mlp_h32,0.001,0.0,1.01679,0.53158,2169
31,20,age_bin,mlp_h64,0.001,0.0,1.01455,0.5302,2169
31,20,age_bin,mlp_h128,0.001,0.0,1.04257,0.47026,2169
31,20,age_bin,attention,0.0001,1e-05,6.05729,0.26562,2169
31,20,age_bin,shuffled,0.01,0.0001,1.22736,0.36607,2169
31,20,gender,ema_lr1e-3,0.001,0.0001,0.81532,0.49793,2169
31,20,gender,ema_lr5e-3,0.005,0.0001,0.81277,0.48548,2169
31,20,gender,ema_lr1e-2,0.01,0.0001,0.84303,0.51498,2169
31,20,gender,ema_lr5e-2,0.05,0.0001,2.24374,0.55602,2169
31,20,gender,ema_lr1e-2_wd1e-3,0.01,0.001,0.83274,0.5408,2169
31,20,gender,ema_d0.99,0.01,0.0001,0.85786,0.53619,2169
31,20,gender,ema_d0.9999,0.01,0.0001,0.88273,0.47257,2169
31,20,gender,mlp_h16,0.001,0.0,0.68313,0.55325,2169
31,20,gender,mlp_h32,0.001,0.0,0.68789,0.55832,2169
31,20,gender,mlp_h64,0.001,0.0,0.68816,0.55832,2169
31,20,gender,mlp_h128,0.001,0.0,0.68307,0.56939,2169
31,20,gender,attention,0.0001,1e-05,31.8676,0.51562,2169
31,20,gender,shuffled,0.01,0.0001,0.81666,0.52052,2169
31,20,star_sign,ema_lr1e-3,0.001,0.0001,2.81381,0.06916,2169
31,20,star_sign,ema_lr5e-3,0.005,0.0001,2.59084,0.13831,2169
31,20,star_sign,ema_lr1e-2,0.01,0.0001,2.3816,0.23237,2169
31,20,star_sign,ema_lr5e-2,0.05,0.0001,1.70714,0.55878,2169
31,20,star_sign,ema_lr1e-2_wd1e-3,0.01,0.001,2.39744,0.22822,2169
31,20,star_sign,ema_d0.99,0.01,0.0001,2.38617,0.22868,2169
31,20,star_sign,ema_d0.9999,0.01,0.0001,2.43819,0.20931,2169
31,20,star_sign,mlp_h16,0.001,0.0,0.5181,1.0,2169
31,20,star_sign,mlp_h32,0.001,0.0,0.00115,1.0,2169
31,20,star_sign,mlp_h64,0.001,0.0,0.00036,1.0,2169
31,20,star_sign,mlp_h128,0.001,0.0,3e-05,1.0,2169
31,20,star_sign,attention,0.0001,1e-05,0.00277,1.0,2169
31,20,star_sign,shuffled,0.01,0.0001,2.46178,0.20609,2169
31,24,age_bin,ema_lr1e-3,0.001,0.0001,1.36834,0.31812,2169
31,24,age_bin,ema_lr5e-3,0.005,0.0001,1.29571,0.34809,2169
31,24,age_bin,ema_lr1e-2,0.01,0.0001,1.35895,0.31812,2169
31,24,age_bin,ema_lr5e-2,0.05,0.0001,1.63911,0.49147,2169
31,24,age_bin,ema_lr1e-2_wd1e-3,0.01,0.001,1.29014,0.34993,2169
31,24,age_bin,ema_d0.99,0.01,0.0001,1.30299,0.35869,2169
31,24,age_bin,ema_d0.9999,0.01,0.0001,1.30132,0.36007,2169
31,24,age_bin,mlp_h16,0.001,0.0,1.01463,0.49931,2169
31,24,age_bin,mlp_h32,0.001,0.0,1.0123,0.52974,2169
31,24,age_bin,mlp_h64,0.001,0.0,1.01135,0.53066,2169
31,24,age_bin,mlp_h128,0.001,0.0,1.01062,0.52743,2169
31,24,age_bin,attention,0.0001,1e-05,10.92093,0.57031,2169
31,24,age_bin,shuffled,0.01,0.0001,1.30469,0.34947,2169
31,24,gender,ema_lr1e-3,0.001,0.0001,0.88431,0.5136,2169
31,24,gender,ema_lr5e-3,0.005,0.0001,0.86685,0.49101,2169
31,24,gender,ema_lr1e-2,0.01,0.0001,0.82877,0.53296,2169
31,24,gender,ema_lr5e-2,0.05,0.0001,2.00106,0.45413,2169
31,24,gender,ema_lr1e-2_wd1e-3,0.01,0.001,0.86023,0.51176,2169
31,24,gender,ema_d0.99,0.01,0.0001,0.87842,0.49147,2169
31,24,gender,ema_d0.9999,0.01,0.0001,0.87423,0.49793,2169
31,24,gender,mlp_h16,0.001,0.0,0.68674,0.54726,2169
31,24,gender,mlp_h32,0.001,0.0,0.68839,0.56017,2169
31,24,gender,mlp_h64,0.001,0.0,0.70158,0.54034,2169
31,24,gender,mlp_h128,0.001,0.0,0.69978,0.55694,2169
31,24,gender,attention,0.0001,1e-05,4.14837,0.47656,2169
31,24,gender,shuffled,0.01,0.0001,0.92074,0.48317,2169
31,24,star_sign,ema_lr1e-3,0.001,0.0001,2.99878,0.08437,2169
31,24,star_sign,ema_lr5e-3,0.005,0.0001,2.711,0.12586,2169
31,24,star_sign,ema_lr1e-2,0.01,0.0001,2.58759,0.17473,2169
31,24,star_sign,ema_lr5e-2,0.05,0.0001,1.77363,0.71508,2169
31,24,star_sign,ema_lr1e-2_wd1e-3,0.01,0.001,2.53739,0.17981,2169
31,24,star_sign,ema_d0.99,0.01,0.0001,2.53273,0.18442,2169
31,24,star_sign,ema_d0.9999,0.01,0.0001,2.61878,0.1526,2169
31,24,star_sign,mlp_h16,0.001,0.0,0.01136,1.0,2169
31,24,star_sign,mlp_h32,0.001,0.0,0.01262,1.0,2169
31,24,star_sign,mlp_h64,0.001,0.0,0.00066,1.0,2169
31,24,star_sign,mlp_h128,0.001,0.0,3e-05,1.0,2169
31,24,star_sign,attention,0.0001,1e-05,2e-05,1.0,2169
31,24,star_sign,shuffled,0.01,0.0001,2.59717,0.15168,2169
31,28,age_bin,ema_lr1e-3,0.001,0.0001,1.59715,0.34209,2169
31,28,age_bin,ema_lr5e-3,0.005,0.0001,1.43113,0.36607,2169
31,28,age_bin,ema_lr1e-2,0.01,0.0001,1.38554,0.37437,2169
31,28,age_bin,ema_lr5e-2,0.05,0.0001,1.1583,0.43154,2169
31,28,age_bin,ema_lr1e-2_wd1e-3,0.01,0.001,1.32407,0.40065,2169
31,28,age_bin,ema_d0.99,0.01,0.0001,1.37886,0.36976,2169
31,28,age_bin,ema_d0.9999,0.01,0.0001,1.38932,0.34901,2169
31,28,age_bin,mlp_h16,0.001,0.0,0.99158,0.53942,2169
31,28,age_bin,mlp_h32,0.001,0.0,0.97954,0.55002,2169
31,28,age_bin,mlp_h64,0.001,0.0,0.98825,0.54034,2169
31,28,age_bin,mlp_h128,0.001,0.0,1.00198,0.53527,2169
31,28,age_bin,attention,0.0001,1e-05,1.11616,0.51562,2169
31,28,age_bin,shuffled,0.01,0.0001,1.37052,0.36745,2169
31,28,gender,ema_lr1e-3,0.001,0.0001,1.05424,0.49885,2169
31,28,gender,ema_lr5e-3,0.005,0.0001,0.90025,0.5242,2169
31,28,gender,ema_lr1e-2,0.01,0.0001,0.85729,0.53435,2169
31,28,gender,ema_lr5e-2,0.05,0.0001,0.80143,0.54311,2169
31,28,gender,ema_lr1e-2_wd1e-3,0.01,0.001,0.89305,0.53711,2169
31,28,gender,ema_d0.99,0.01,0.0001,0.85452,0.53988,2169
31,28,gender,ema_d0.9999,0.01,0.0001,0.85691,0.55048,2169
31,28,gender,mlp_h16,0.001,0.0,0.67434,0.59244,2169
31,28,gender,mlp_h32,0.001,0.0,0.68002,0.59474,2169
31,28,gender,mlp_h64,0.001,0.0,0.6799,0.58829,2169
31,28,gender,mlp_h128,0.001,0.0,0.68874,0.57215,2169
31,28,gender,attention,0.0001,1e-05,0.82103,0.53906,2169
31,28,gender,shuffled,0.01,0.0001,0.92669,0.50438,2169
31,28,star_sign,ema_lr1e-3,0.001,0.0001,3.36778,0.09959,2169
31,28,star_sign,ema_lr5e-3,0.005,0.0001,3.01113,0.12125,2169
31,28,star_sign,ema_lr1e-2,0.01,0.0001,2.91675,0.10373,2169
31,28,star_sign,ema_lr5e-2,0.05,0.0001,1.78998,0.46058,2169
31,28,star_sign,ema_lr1e-2_wd1e-3,0.01,0.001,2.84669,0.12633,2169
31,28,star_sign,ema_d0.99,0.01,0.0001,2.87123,0.10973,2169
31,28,star_sign,ema_d0.9999,0.01,0.0001,2.85289,0.13831,2169
31,28,star_sign,mlp_h16,0.001,0.0,0.59522,0.96727,2169
31,28,star_sign,mlp_h32,0.001,0.0,0.24466,1.0,2169
31,28,star_sign,mlp_h64,0.001,0.0,0.04367,1.0,2169
31,28,star_sign,mlp_h128,0.001,0.0,0.00849,1.0,2169
31,28,star_sign,attention,0.0001,1e-05,0.00012,1.0,2169
31,28,star_sign,shuffled,0.01,0.0001,2.91827,0.1148,2169
32,0,age_bin,ema_lr1e-3,0.001,0.0001,1.52888,0.33452,1970
32,0,age_bin,ema_lr5e-3,0.005,0.0001,1.42757,0.33655,1970
32,0,age_bin,ema_lr1e-2,0.01,0.0001,1.35441,0.37716,1970
32,0,age_bin,ema_lr5e-2,0.05,0.0001,1.41378,0.38376,1970
32,0,age_bin,ema_lr1e-2_wd1e-3,0.01,0.001,1.34574,0.33858,1970
32,0,age_bin,ema_d0.99,0.01,0.0001,1.35403,0.36193,1970
32,0,age_bin,ema_d0.9999,0.01,0.0001,1.37155,0.33655,1970
32,0,age_bin,mlp_h16,0.001,0.0,1.07448,0.42944,1970
32,0,age_bin,mlp_h32,0.001,0.0,1.08705,0.42538,1970
32,0,age_bin,mlp_h64,0.001,0.0,1.09574,0.43096,1970
32,0,age_bin,mlp_h128,0.001,0.0,1.08879,0.43147,1970
32,0,age_bin,attention,0.0001,1e-05,1.06699,0.47656,1970
32,0,age_bin,shuffled,0.01,0.0001,1.35663,0.34822,1970
32,0,gender,ema_lr1e-3,0.001,0.0001,1.04857,0.51371,1970
32,0,gender,ema_lr5e-3,0.005,0.0001,0.96089,0.47208,1970
32,0,gender,ema_lr1e-2,0.01,0.0001,0.93287,0.47766,1970
32,0,gender,ema_lr5e-2,0.05,0.0001,1.24211,0.51624,1970
32,0,gender,ema_lr1e-2_wd1e-3,0.01,0.001,0.81762,0.50711,1970
32,0,gender,ema_d0.99,0.01,0.0001,0.8648,0.49239,1970
32,0,gender,ema_d0.9999,0.01,0.0001,0.89469,0.46294,1970
32,0,gender,mlp_h16,0.001,0.0,0.69835,0.49036,1970
32,0,gender,mlp_h32,0.001,0.0,0.6955,0.52944,1970
32,0,gender,mlp_h64,0.001,0.0,0.68813,0.56802,1970
32,0,gender,mlp_h128,0.001,0.0,0.6904,0.54518,1970
32,0,gender,attention,0.0001,1e-05,0.69134,0.57031,1970
32,0,gender,shuffled,0.01,0.0001,0.85461,0.51827,1970
32,0,star_sign,ema_lr1e-3,0.001,0.0001,3.14775,0.09695,1970
32,0,star_sign,ema_lr5e-3,0.005,0.0001,3.00761,0.11066,1970
32,0,star_sign,ema_lr1e-2,0.01,0.0001,2.74183,0.16244,1970
32,0,star_sign,ema_lr5e-2,0.05,0.0001,1.60396,0.69289,1970
32,0,star_sign,ema_lr1e-2_wd1e-3,0.01,0.001,2.6855,0.22893,1970
32,0,star_sign,ema_d0.99,0.01,0.0001,2.76834,0.16345,1970
32,0,star_sign,ema_d0.9999,0.01,0.0001,2.73312,0.12386,1970
32,0,star_sign,mlp_h16,0.001,0.0,0.37675,0.97868,1970
32,0,star_sign,mlp_h32,0.001,0.0,0.03234,0.99898,1970
32,0,star_sign,mlp_h64,0.001,0.0,0.01486,1.0,1970
32,0,star_sign,mlp_h128,0.001,0.0,0.0063,1.0,1970
32,0,star_sign,attention,0.0001,1e-05,2.24035,1.0,1970
32,0,star_sign,shuffled,0.01,0.0001,2.76505,0.13096,1970
32,4,age_bin,ema_lr1e-3,0.001,0.0001,1.2277,0.32792,1970
32,4,age_bin,ema_lr5e-3,0.005,0.0001,1.19013,0.33198,1970
32,4,age_bin,ema_lr1e-2,0.01,0.0001,1.2123,0.34264,1970
32,4,age_bin,ema_lr5e-2,0.05,0.0001,3.20762,0.42132,1970
32,4,age_bin,ema_lr1e-2_wd1e-3,0.01,0.001,1.23248,0.33147,1970
32,4,age_bin,ema_d0.99,0.01,0.0001,1.20628,0.34061,1970
32,4,age_bin,ema_d0.9999,0.01,0.0001,1.1995,0.32792,1970
32,4,age_bin,mlp_h16,0.001,0.0,1.08964,0.42944,1970
32,4,age_bin,mlp_h32,0.001,0.0,1.07484,0.42944,1970
32,4,age_bin,mlp_h64,0.001,0.0,1.08829,0.42843,1970
32,4,age_bin,mlp_h128,0.001,0.0,1.08612,0.43452,1970
32,4,age_bin,attention,0.0001,1e-05,1.06956,0.45312,1970
32,4,age_bin,shuffled,0.01,0.0001,1.20381,0.3335,1970
32,4,gender,ema_lr1e-3,0.001,0.0001,0.7814,0.51827,1970
32,4,gender,ema_lr5e-3,0.005,0.0001,0.7582,0.51624,1970
32,4,gender,ema_lr1e-2,0.01,0.0001,0.94601,0.43756,1970
32,4,gender,ema_lr5e-2,0.05,0.0001,3.80409,0.39036,1970
32,4,gender,ema_lr1e-2_wd1e-3,0.01,0.001,0.95508,0.45279,1970
32,4,gender,ema_d0.99,0.01,0.0001,0.83578,0.56294,1970
32,4,gender,ema_d0.9999,0.01,0.0001,0.95567,0.43503,1970
32,4,gender,mlp_h16,0.001,0.0,0.70557,0.45533,1970
32,4,gender,mlp_h32,0.001,0.0,0.68045,0.6066,1970
32,4,gender,mlp_h64,0.001,0.0,0.69777,0.49239,1970
32,4,gender,mlp_h128,0.001,0.0,0.78334,0.38477,1970
32,4,gender,attention,0.0001,1e-05,0.73042,0.39844,1970
32,4,gender,shuffled,0.01,0.0001,0.93123,0.4467,1970
32,4,star_sign,ema_lr1e-3,0.001,0.0001,2.67997,0.0665,1970
32,4,star_sign,ema_lr5e-3,0.005,0.0001,2.51236,0.16091,1970
32,4,star_sign,ema_lr1e-2,0.01,0.0001,2.38961,0.29137,1970
32,4,star_sign,ema_lr5e-2,0.05,0.0001,1.6478,0.87157,1970
32,4,star_sign,ema_lr1e-2_wd1e-3,0.01,0.001,2.36594,0.31421,1970
32,4,star_sign,ema_d0.99,0.01,0.0001,2.36851,0.27056,1970
32,4,star_sign,ema_d0.9999,0.01,0.0001,2.37196,0.29188,1970
32,4,star_sign,mlp_h16,0.001,0.0,0.02492,1.0,1970
32,4,star_sign,mlp_h32,0.001,0.0,0.00096,1.0,1970
32,4,star_sign,mlp_h64,0.001,0.0,0.0007,1.0,1970
32,4,star_sign,mlp_h128,0.001,0.0,2e-05,1.0,1970
32,4,star_sign,attention,0.0001,1e-05,0.04398,1.0,1970
32,4,star_sign,shuffled,0.01,0.0001,2.38148,0.30254,1970
32,8,age_bin,ema_lr1e-3,0.001,0.0001,1.28834,0.29391,1970
32,8,age_bin,ema_lr5e-3,0.005,0.0001,1.22259,0.33807,1970
32,8,age_bin,ema_lr1e-2,0.01,0.0001,1.20775,0.34975,1970
32,8,age_bin,ema_lr5e-2,0.05,0.0001,3.05038,0.41574,1970
32,8,age_bin,ema_lr1e-2_wd1e-3,0.01,0.001,1.20007,0.36244,1970
32,8,age_bin,ema_d0.99,0.01,0.0001,1.21969,0.34315,1970
32,8,age_bin,ema_d0.9999,0.01,0.0001,1.16964,0.36497,1970
32,8,age_bin,mlp_h16,0.001,0.0,1.07689,0.43198,1970
32,8,age_bin,mlp_h32,0.001,0.0,1.08361,0.42995,1970
32,8,age_bin,mlp_h64,0.001,0.0,1.0697,0.42893,1970
32,8,age_bin,mlp_h128,0.001,0.0,1.0766,0.43198,1970
32,8,age_bin,attention,0.0001,1e-05,1.09062,0.41406,1970
32,8,age_bin,shuffled,0.01,0.0001,1.2006,0.34315,1970
32,8,gender,ema_lr1e-3,0.001,0.0001,0.79021,0.48477,1970
32,8,gender,ema_lr5e-3,0.005,0.0001,0.78883,0.5132,1970
32,8,gender,ema_lr1e-2,0.01,0.0001,0.94665,0.46548,1970
32,8,gender,ema_lr5e-2,0.05,0.0001,2.94825,0.60964,1970
32,8,gender,ema_lr1e-2_wd1e-3,0.01,0.001,0.81299,0.56904,1970
32,8,gender,ema_d0.99,0.01,0.0001,0.83674,0.55584,1970
32,8,gender,ema_d0.9999,0.01,0.0001,0.92512,0.47868,1970
32,8,gender,mlp_h16,0.001,0.0,0.68577,0.53756,1970
32,8,gender,mlp_h32,0.001,0.0,0.72785,0.42335,1970
32,8,gender,mlp_h64,0.001,0.0,0.682,0.55838,1970
32,8,gender,mlp_h128,0.001,0.0,0.75816,0.42386,1970
32,8,gender,attention,0.0001,1e-05,0.72394,0.49219,1970
32,8,gender,shuffled,0.01,0.0001,0.88418,0.54467,1970
32,8,star_sign,ema_lr1e-3,0.001,0.0001,2.65944,0.12487,1970
32,8,star_sign,ema_lr5e-3,0.005,0.0001,2.52538,0.19137,1970
32,8,star_sign,ema_lr1e-2,0.01,0.0001,2.39212,0.26091,1970
32,8,star_sign,ema_lr5e-2,0.05,0.0001,1.57544,0.76294,1970
32,8,star_sign,ema_lr1e-2_wd1e-3,0.01,0.001,2.36799,0.30051,1970
32,8,star_sign,ema_d0.99,0.01,0.0001,2.40822,0.27005,1970
32,8,star_sign,ema_d0.9999,0.01,0.0001,2.35033,0.32081,1970
32,8,star_sign,mlp_h16,0.001,0.0,1.60236,0.06497,1970
32,8,star_sign,mlp_h32,0.001,0.0,0.03103,1.0,1970
32,8,star_sign,mlp_h64,0.001,0.0,0.00048,1.0,1970
32,8,star_sign,mlp_h128,0.001,0.0,2e-05,1.0,1970
32,8,star_sign,attention,0.0001,1e-05,0.0,1.0,1970
32,8,star_sign,shuffled,0.01,0.0001,2.36776,0.28173,1970
32,12,age_bin,ema_lr1e-3,0.001,0.0001,1.21723,0.33452,1970
32,12,age_bin,ema_lr5e-3,0.005,0.0001,1.18516,0.35736,1970
32,12,age_bin,ema_lr1e-2,0.01,0.0001,1.24315,0.32741,1970
32,12,age_bin,ema_lr5e-2,0.05,0.0001,3.09795,0.41777,1970
32,12,age_bin,ema_lr1e-2_wd1e-3,0.01,0.001,1.16331,0.36091,1970
32,12,age_bin,ema_d0.99,0.01,0.0001,1.17325,0.34975,1970
32,12,age_bin,ema_d0.9999,0.01,0.0001,1.17993,0.38376,1970
32,12,age_bin,mlp_h16,0.001,0.0,1.07156,0.42893,1970
32,12,age_bin,mlp_h32,0.001,0.0,1.10574,0.43198,1970
32,12,age_bin,mlp_h64,0.001,0.0,1.08631,0.43046,1970
32,12,age_bin,mlp_h128,0.001,0.0,1.07502,0.43299,1970
32,12,age_bin,attention,0.0001,1e-05,9.73238,0.28125,1970
32,12,age_bin,shuffled,0.01,0.0001,1.27777,0.33756,1970
32,12,gender,ema_lr1e-3,0.001,0.0001,0.76081,0.53299,1970
32,12,gender,ema_lr5e-3,0.005,0.0001,0.77467,0.49645,1970
32,12,gender,ema_lr1e-2,0.01,0.0001,0.84378,0.54264,1970
32,12,gender,ema_lr5e-2,0.05,0.0001,2.92313,0.61015,1970
32,12,gender,ema_lr1e-2_wd1e-3,0.01,0.001,0.9449,0.47563,1970
32,12,gender,ema_d0.99,0.01,0.0001,0.94528,0.47005,1970
32,12,gender,ema_d0.9999,0.01,0.0001,0.83806,0.54213,1970
32,12,gender,mlp_h16,0.001,0.0,0.69121,0.5264,1970
32,12,gender,mlp_h32,0.001,0.0,0.69116,0.52843,1970
32,12,gender,mlp_h64,0.001,0.0,0.67957,0.55533,1970
32,12,gender,mlp_h128,0.001,0.0,0.71138,0.49645,1970
32,12,gender,attention,0.0001,1e-05,0.69321,0.55469,1970
32,12,gender,shuffled,0.01,0.0001,0.86922,0.45533,1970
32,12,star_sign,ema_lr1e-3,0.001,0.0001,2.75697,0.06244,1970
32,12,star_sign,ema_lr5e-3,0.005,0.0001,2.54879,0.15685,1970
32,12,star_sign,ema_lr1e-2,0.01,0.0001,2.34406,0.2868,1970
32,12,star_sign,ema_lr5e-2,0.05,0.0001,1.70561,0.86497,1970
32,12,star_sign,ema_lr1e-2_wd1e-3,0.01,0.001,2.37885,0.27614,1970
32,12,star_sign,ema_d0.99,0.01,0.0001,2.39025,0.26091,1970
32,12,star_sign,ema_d0.9999,0.01,0.0001,2.41161,0.27919,1970
32,12,star_sign,mlp_h16,0.001,0.0,0.09794,1.0,1970
32,12,star_sign,mlp_h32,0.001,0.0,0.00748,1.0,1970
32,12,star_sign,mlp_h64,0.001,0.0,0.00044,1.0,1970
32,12,star_sign,mlp_h128,0.001,0.0,5e-05,1.0,1970
32,12,star_sign,attention,0.0001,1e-05,0.0,1.0,1970
32,12,star_sign,shuffled,0.01,0.0001,2.35998,0.27462,1970
32,16,age_bin,ema_lr1e-3,0.001,0.0001,1.22922,0.33096,1970
32,16,age_bin,ema_lr5e-3,0.005,0.0001,1.21015,0.32843,1970
32,16,age_bin,ema_lr1e-2,0.01,0.0001,1.23152,0.36294,1970
32,16,age_bin,ema_lr5e-2,0.05,0.0001,3.10224,0.41421,1970
32,16,age_bin,ema_lr1e-2_wd1e-3,0.01,0.001,1.23508,0.3203,1970
32,16,age_bin,ema_d0.99,0.01,0.0001,1.23078,0.33706,1970
32,16,age_bin,ema_d0.9999,0.01,0.0001,1.2321,0.3264,1970
32,16,age_bin,mlp_h16,0.001,0.0,1.07894,0.42284,1970
32,16,age_bin,mlp_h32,0.001,0.0,1.08265,0.43096,1970
32,16,age_bin,mlp_h64,0.001,0.0,1.07379,0.43096,1970
32,16,age_bin,mlp_h128,0.001,0.0,1.0786,0.43096,1970
32,16,age_bin,attention,0.0001,1e-05,1.08559,0.48438,1970
32,16,age_bin,shuffled,0.01,0.0001,1.1943,0.33249,1970
32,16,gender,ema_lr1e-3,0.001,0.0001,0.81454,0.47157,1970
32,16,gender,ema_lr5e-3,0.005,0.0001,0.77009,0.50254,1970
32,16,gender,ema_lr1e-2,0.01,0.0001,0.93876,0.47157,1970
32,16,gender,ema_lr5e-2,0.05,0.0001,2.95479,0.60964,1970
32,16,gender,ema_lr1e-2_wd1e-3,0.01,0.001,0.90637,0.46751,1970
32,16,gender,ema_d0.99,0.01,0.0001,0.84117,0.54822,1970
32,16,gender,ema_d0.9999,0.01,0.0001,0.86737,0.52284,1970
32,16,gender,mlp_h16,0.001,0.0,0.67793,0.58426,1970
32,16,gender,mlp_h32,0.001,0.0,0.67484,0.57157,1970
32,16,gender,mlp_h64,0.001,0.0,0.72635,0.47107,1970
32,16,gender,mlp_h128,0.001,0.0,0.69556,0.52386,1970
32,16,gender,attention,0.0001,1e-05,36.85787,0.45312,1970
32,16,gender,shuffled,0.01,0.0001,0.89063,0.46396,1970
32,16,star_sign,ema_lr1e-3,0.001,0.0001,2.712,0.11421,1970
32,16,star_sign,ema_lr5e-3,0.005,0.0001,2.54389,0.19848,1970
32,16,star_sign,ema_lr1e-2,0.01,0.0001,2.42742,0.28376,1970
32,16,star_sign,ema_lr5e-2,0.05,0.0001,1.70863,0.87716,1970
32,16,star_sign,ema_lr1e-2_wd1e-3,0.01,0.001,2.35892,0.25025,1970
32,16,star_sign,ema_d0.99,0.01,0.0001,2.40226,0.23909,1970
32,16,star_sign,ema_d0.9999,0.01,0.0001,2.37275,0.24416,1970
32,16,star_sign,mlp_h16,0.001,0.0,0.01067,1.0,1970
32,16,star_sign,mlp_h32,0.001,0.0,0.00261,1.0,1970
32,16,star_sign,mlp_h64,0.001,0.0,0.00022,1.0,1970
32,16,star_sign,mlp_h128,0.001,0.0,2e-05,1.0,1970
32,16,star_sign,attention,0.0001,1e-05,0.0,1.0,1970
32,16,star_sign,shuffled,0.01,0.0001,2.3716,0.28883,1970
32,20,age_bin,ema_lr1e-3,0.001,0.0001,1.27848,0.33858,1970
32,20,age_bin,ema_lr5e-3,0.005,0.0001,1.26162,0.34264,1970
32,20,age_bin,ema_lr1e-2,0.01,0.0001,1.26109,0.35025,1970
32,20,age_bin,ema_lr5e-2,0.05,0.0001,2.85834,0.41472,1970
32,20,age_bin,ema_lr1e-2_wd1e-3,0.01,0.001,1.26025,0.33401,1970
32,20,age_bin,ema_d0.99,0.01,0.0001,1.23098,0.36244,1970
32,20,age_bin,ema_d0.9999,0.01,0.0001,1.20169,0.37157,1970
32,20,age_bin,mlp_h16,0.001,0.0,1.08665,0.4335,1970
32,20,age_bin,mlp_h32,0.001,0.0,1.08322,0.42741,1970
32,20,age_bin,mlp_h64,0.001,0.0,1.07984,0.43198,1970
32,20,age_bin,mlp_h128,0.001,0.0,1.07182,0.42843,1970
32,20,age_bin,attention,0.0001,1e-05,5.48977,0.24219,1970
32,20,age_bin,shuffled,0.01,0.0001,1.21938,0.34721,1970
32,20,gender,ema_lr1e-3,0.001,0.0001,0.82629,0.49289,1970
32,20,gender,ema_lr5e-3,0.005,0.0001,0.7926,0.49695,1970
32,20,gender,ema_lr1e-2,0.01,0.0001,0.96329,0.47157,1970
32,20,gender,ema_lr5e-2,0.05,0.0001,2.4968,0.61117,1970
32,20,gender,ema_lr1e-2_wd1e-3,0.01,0.001,0.84202,0.54365,1970
32,20,gender,ema_d0.99,0.01,0.0001,0.8126,0.53503,1970
32,20,gender,ema_d0.9999,0.01,0.0001,0.93899,0.4731,1970
32,20,gender,mlp_h16,0.001,0.0,0.68766,0.55076,1970
32,20,gender,mlp_h32,0.001,0.0,0.68252,0.54721,1970
32,20,gender,mlp_h64,0.001,0.0,0.68485,0.54416,1970
32,20,gender,mlp_h128,0.001,0.0,0.72773,0.45279,1970
32,20,gender,attention,0.0001,1e-05,37.82513,0.45312,1970
32,20,gender,shuffled,0.01,0.0001,0.88234,0.50711,1970
32,20,star_sign,ema_lr1e-3,0.001,0.0001,2.78746,0.08223,1970
32,20,star_sign,ema_lr5e-3,0.005,0.0001,2.52741,0.17919,1970
32,20,star_sign,ema_lr1e-2,0.01,0.0001,2.4259,0.2269,1970
32,20,star_sign,ema_lr5e-2,0.05,0.0001,1.81677,0.89289,1970
32,20,star_sign,ema_lr1e-2_wd1e-3,0.01,0.001,2.47833,0.23249,1970
32,20,star_sign,ema_d0.99,0.01,0.0001,2.44121,0.21472,1970
32,20,star_sign,ema_d0.9999,0.01,0.0001,2.4316,0.20863,1970
32,20,star_sign,mlp_h16,0.001,0.0,0.47362,1.0,1970
32,20,star_sign,mlp_h32,0.001,0.0,0.00103,1.0,1970
32,20,star_sign,mlp_h64,0.001,0.0,0.00032,1.0,1970
32,20,star_sign,mlp_h128,0.001,0.0,2e-05,1.0,1970
32,20,star_sign,attention,0.0001,1e-05,0.00159,1.0,1970
32,20,star_sign,shuffled,0.01,0.0001,2.45241,0.20558,1970
32,24,age_bin,ema_lr1e-3,0.001,0.0001,1.36075,0.34213,1970
32,24,age_bin,ema_lr5e-3,0.005,0.0001,1.35664,0.32538,1970
32,24,age_bin,ema_lr1e-2,0.01,0.0001,1.29169,0.34365,1970
32,24,age_bin,ema_lr5e-2,0.05,0.0001,2.17871,0.36904,1970
32,24,age_bin,ema_lr1e-2_wd1e-3,0.01,0.001,1.31291,0.33503,1970
32,24,age_bin,ema_d0.99,0.01,0.0001,1.32656,0.33096,1970
32,24,age_bin,ema_d0.9999,0.01,0.0001,1.28165,0.37462,1970
32,24,age_bin,mlp_h16,0.001,0.0,1.08491,0.41574,1970
32,24,age_bin,mlp_h32,0.001,0.0,1.08403,0.43858,1970
32,24,age_bin,mlp_h64,0.001,0.0,1.07742,0.43198,1970
32,24,age_bin,mlp_h128,0.001,0.0,1.07638,0.43858,1970
32,24,age_bin,attention,0.0001,1e-05,9.49389,0.44531,1970
32,24,age_bin,shuffled,0.01,0.0001,1.30896,0.33147,1970
32,24,gender,ema_lr1e-3,0.001,0.0001,0.92107,0.50457,1970
32,24,gender,ema_lr5e-3,0.005,0.0001,0.83929,0.51117,1970
32,24,gender,ema_lr1e-2,0.01,0.0001,0.93184,0.48223,1970
32,24,gender,ema_lr5e-2,0.05,0.0001,2.26246,0.41878,1970
32,24,gender,ema_lr1e-2_wd1e-3,0.01,0.001,0.83343,0.52183,1970
32,24,gender,ema_d0.99,0.01,0.0001,0.90764,0.48071,1970
32,24,gender,ema_d0.9999,0.01,0.0001,0.92666,0.50203,1970
32,24,gender,mlp_h16,0.001,0.0,0.66068,0.60051,1970
32,24,gender,mlp_h32,0.001,0.0,0.67267,0.58629,1970
32,24,gender,mlp_h64,0.001,0.0,0.67542,0.59036,1970
32,24,gender,mlp_h128,0.001,0.0,0.67549,0.59289,1970
32,24,gender,attention,0.0001,1e-05,4.11496,0.42969,1970
32,24,gender,shuffled,0.01,0.0001,0.87018,0.51168,1970
32,24,star_sign,ema_lr1e-3,0.001,0.0001,2.90441,0.09645,1970
32,24,star_sign,ema_lr5e-3,0.005,0.0001,2.69315,0.12234,1970
32,24,star_sign,ema_lr1e-2,0.01,0.0001,2.57665,0.16142,1970
32,24,star_sign,ema_lr5e-2,0.05,0.0001,1.66025,0.55584,1970
32,24,star_sign,ema_lr1e-2_wd1e-3,0.01,0.001,2.64323,0.15279,1970
32,24,star_sign,ema_d0.99,0.01,0.0001,2.58767,0.16193,1970
32,24,star_sign,ema_d0.9999,0.01,0.0001,2.54076,0.1802,1970
32,24,star_sign,mlp_h16,0.001,0.0,0.00961,1.0,1970
32,24,star_sign,mlp_h32,0.001,0.0,0.01052,1.0,1970
32,24,star_sign,mlp_h64,0.001,0.0,0.00057,1.0,1970
32,24,star_sign,mlp_h128,0.001,0.0,2e-05,1.0,1970
32,24,star_sign,attention,0.0001,1e-05,0.00013,1.0,1970
32,24,star_sign,shuffled,0.01,0.0001,2.58707,0.1665,1970
32,28,age_bin,ema_lr1e-3,0.001,0.0001,1.59408,0.32132,1970
32,28,age_bin,ema_lr5e-3,0.005,0.0001,1.4229,0.36396,1970
32,28,age_bin,ema_lr1e-2,0.01,0.0001,1.43861,0.32843,1970
32,28,age_bin,ema_lr5e-2,0.05,0.0001,1.24185,0.37411,1970
32,28,age_bin,ema_lr1e-2_wd1e-3,0.01,0.001,1.4345,0.35635,1970
32,28,age_bin,ema_d0.99,0.01,0.0001,1.33543,0.37411,1970
32,28,age_bin,ema_d0.9999,0.01,0.0001,1.37087,0.35939,1970
32,28,age_bin,mlp_h16,0.001,0.0,1.08103,0.45127,1970
32,28,age_bin,mlp_h32,0.001,0.0,1.0806,0.44416,1970
32,28,age_bin,mlp_h64,0.001,0.0,1.08467,0.43604,1970
32,28,age_bin,mlp_h128,0.001,0.0,1.08618,0.44924,1970
32,28,age_bin,attention,0.0001,1e-05,1.2292,0.44531,1970
32,28,age_bin,shuffled,0.01,0.0001,1.40486,0.34721,1970
32,28,gender,ema_lr1e-3,0.001,0.0001,0.99395,0.51015,1970
32,28,gender,ema_lr5e-3,0.005,0.0001,0.89385,0.5,1970
32,28,gender,ema_lr1e-2,0.01,0.0001,0.89989,0.50051,1970
32,28,gender,ema_lr5e-2,0.05,0.0001,0.75875,0.53553,1970
32,28,gender,ema_lr1e-2_wd1e-3,0.01,0.001,0.88881,0.52081,1970
32,28,gender,ema_d0.99,0.01,0.0001,0.8774,0.49848,1970
32,28,gender,ema_d0.9999,0.01,0.0001,0.89242,0.51523,1970
32,28,gender,mlp_h16,0.001,0.0,0.66701,0.58426,1970
32,28,gender,mlp_h32,0.001,0.0,0.66678,0.60406,1970
32,28,gender,mlp_h64,0.001,0.0,0.67532,0.58782,1970
32,28,gender,mlp_h128,0.001,0.0,0.6715,0.5868,1970
32,28,gender,attention,0.0001,1e-05,0.817,0.51562,1970
32,28,gender,shuffled,0.01,0.0001,0.91688,0.49188,1970
32,28,star_sign,ema_lr1e-3,0.001,0.0001,3.27494,0.10457,1970
32,28,star_sign,ema_lr5e-3,0.005,0.0001,3.03089,0.11472,1970
32,28,star_sign,ema_lr1e-2,0.01,0.0001,2.83292,0.12284,1970
32,28,star_sign,ema_lr5e-2,0.05,0.0001,1.72272,0.5,1970
32,28,star_sign,ema_lr1e-2_wd1e-3,0.01,0.001,2.86342,0.11421,1970
32,28,star_sign,ema_d0.99,0.01,0.0001,2.94576,0.10051,1970
32,28,star_sign,ema_d0.9999,0.01,0.0001,2.89471,0.12132,1970
32,28,star_sign,mlp_h16,0.001,0.0,0.57386,0.96599,1970
32,28,star_sign,mlp_h32,0.001,0.0,0.22369,1.0,1970
32,28,star_sign,mlp_h64,0.001,0.0,0.03655,1.0,1970
32,28,star_sign,mlp_h128,0.001,0.0,0.00727,1.0,1970
32,28,star_sign,attention,0.0001,1e-05,1e-05,1.0,1970
32,28,star_sign,shuffled,0.01,0.0001,2.85887,0.11574,1970
33,0,age_bin,ema_lr1e-3,0.001,0.0001,1.51704,0.33692,2137
33,0,age_bin,ema_lr5e-3,0.005,0.0001,1.39336,0.35096,2137
33,0,age_bin,ema_lr1e-2,0.01,0.0001,1.35991,0.35096,2137
33,0,age_bin,ema_lr5e-2,0.05,0.0001,1.41003,0.35891,2137
33,0,age_bin,ema_lr1e-2_wd1e-3,0.01,0.001,1.34523,0.36406,2137
33,0,age_bin,ema_d0.99,0.01,0.0001,1.37869,0.33458,2137
33,0,age_bin,ema_d0.9999,0.01,0.0001,1.38768,0.35236,2137
33,0,age_bin,mlp_h16,0.001,0.0,1.11353,0.40384,2137
33,0,age_bin,mlp_h32,0.001,0.0,1.11763,0.40337,2137
33,0,age_bin,mlp_h64,0.001,0.0,1.11281,0.41507,2137
33,0,age_bin,mlp_h128,0.001,0.0,1.11629,0.40571,2137
33,0,age_bin,attention,0.0001,1e-05,1.07064,0.48438,2137
33,0,age_bin,shuffled,0.01,0.0001,1.3728,0.32616,2137
33,0,gender,ema_lr1e-3,0.001,0.0001,1.03407,0.49275,2137
33,0,gender,ema_lr5e-3,0.005,0.0001,0.91822,0.4993,2137
33,0,gender,ema_lr1e-2,0.01,0.0001,0.92452,0.50164,2137
33,0,gender,ema_lr5e-2,0.05,0.0001,1.23838,0.50117,2137
33,0,gender,ema_lr1e-2_wd1e-3,0.01,0.001,0.86259,0.49649,2137
33,0,gender,ema_d0.99,0.01,0.0001,0.86428,0.50445,2137
33,0,gender,ema_d0.9999,0.01,0.0001,0.86229,0.52082,2137
33,0,gender,mlp_h16,0.001,0.0,0.69463,0.511,2137
33,0,gender,mlp_h32,0.001,0.0,0.69397,0.53673,2137
33,0,gender,mlp_h64,0.001,0.0,0.695,0.54422,2137
33,0,gender,mlp_h128,0.001,0.0,0.69549,0.52691,2137
33,0,gender,attention,0.0001,1e-05,0.69397,0.46875,2137
33,0,gender,shuffled,0.01,0.0001,0.87113,0.48666,2137
33,0,star_sign,ema_lr1e-3,0.001,0.0001,3.17832,0.09827,2137
33,0,star_sign,ema_lr5e-3,0.005,0.0001,3.00178,0.1109,2137
33,0,star_sign,ema_lr1e-2,0.01,0.0001,2.73372,0.1694,2137
33,0,star_sign,ema_lr5e-2,0.05,0.0001,1.59006,0.66963,2137
33,0,star_sign,ema_lr1e-2_wd1e-3,0.01,0.001,2.79238,0.21292,2137
33,0,star_sign,ema_d0.99,0.01,0.0001,2.756,0.15817,2137
33,0,star_sign,ema_d0.9999,0.01,0.0001,2.72056,0.17922,2137
33,0,star_sign,mlp_h16,0.001,0.0,0.36374,0.98315,2137
33,0,star_sign,mlp_h32,0.001,0.0,0.03367,1.0,2137
33,0,star_sign,mlp_h64,0.001,0.0,0.01395,1.0,2137
33,0,star_sign,mlp_h128,0.001,0.0,0.00475,1.0,2137
33,0,star_sign,attention,0.0001,1e-05,2.23925,1.0,2137
33,0,star_sign,shuffled,0.01,0.0001,2.72946,0.13102,2137
33,4,age_bin,ema_lr1e-3,0.001,0.0001,1.22641,0.31446,2137
33,4,age_bin,ema_lr5e-3,0.005,0.0001,1.19337,0.34815,2137
33,4,age_bin,ema_lr1e-2,0.01,0.0001,1.2882,0.3664,2137
33,4,age_bin,ema_lr5e-2,0.05,0.0001,2.87515,0.27702,2137
33,4,age_bin,ema_lr1e-2_wd1e-3,0.01,0.001,1.2469,0.38512,2137
33,4,age_bin,ema_d0.99,0.01,0.0001,1.18192,0.36547,2137
33,4,age_bin,ema_d0.9999,0.01,0.0001,1.22128,0.35049,2137
33,4,age_bin,mlp_h16,0.001,0.0,1.103,0.4146,2137
33,4,age_bin,mlp_h32,0.001,0.0,1.10791,0.41694,2137
33,4,age_bin,mlp_h64,0.001,0.0,1.0829,0.41226,2137
33,4,age_bin,mlp_h128,0.001,0.0,1.10432,0.41788,2137
33,4,age_bin,attention,0.0001,1e-05,1.07841,0.47656,2137
33,4,age_bin,shuffled,0.01,0.0001,1.24073,0.35377,2137
33,4,gender,ema_lr1e-3,0.001,0.0001,0.78702,0.50164,2137
33,4,gender,ema_lr5e-3,0.005,0.0001,0.75337,0.49977,2137
33,4,gender,ema_lr1e-2,0.01,0.0001,0.96573,0.51848,2137
33,4,gender,ema_lr5e-2,0.05,0.0001,3.446,0.53954,2137
33,4,gender,ema_lr1e-2_wd1e-3,0.01,0.001,0.94286,0.53205,2137
33,4,gender,ema_d0.99,0.01,0.0001,0.86132,0.49181,2137
33,4,gender,ema_d0.9999,0.01,0.0001,0.93286,0.50491,2137
33,4,gender,mlp_h16,0.001,0.0,0.69092,0.52036,2137
33,4,gender,mlp_h32,0.001,0.0,0.68705,0.5489,2137
33,4,gender,mlp_h64,0.001,0.0,0.68326,0.54796,2137
33,4,gender,mlp_h128,0.001,0.0,0.70954,0.48713,2137
33,4,gender,attention,0.0001,1e-05,0.71378,0.51562,2137
33,4,gender,shuffled,0.01,0.0001,0.91241,0.51708,2137
33,4,star_sign,ema_lr1e-3,0.001,0.0001,2.6676,0.0716,2137
33,4,star_sign,ema_lr5e-3,0.005,0.0001,2.47133,0.18297,2137
33,4,star_sign,ema_lr1e-2,0.01,0.0001,2.33983,0.27702,2137
33,4,star_sign,ema_lr5e-2,0.05,0.0001,2.05428,0.33084,2137
33,4,star_sign,ema_lr1e-2_wd1e-3,0.01,0.001,2.30919,0.28451,2137
33,4,star_sign,ema_d0.99,0.01,0.0001,2.33662,0.25971,2137
33,4,star_sign,ema_d0.9999,0.01,0.0001,2.33046,0.2686,2137
33,4,star_sign,mlp_h16,0.001,0.0,0.02243,1.0,2137
33,4,star_sign,mlp_h32,0.001,0.0,0.00089,1.0,2137
33,4,star_sign,mlp_h64,0.001,0.0,0.00062,1.0,2137
33,4,star_sign,mlp_h128,0.001,0.0,2e-05,1.0,2137
33,4,star_sign,attention,0.0001,1e-05,0.03768,1.0,2137
33,4,star_sign,shuffled,0.01,0.0001,2.35946,0.25737,2137
33,8,age_bin,ema_lr1e-3,0.001,0.0001,1.27209,0.30791,2137
33,8,age_bin,ema_lr5e-3,0.005,0.0001,1.21566,0.33786,2137
33,8,age_bin,ema_lr1e-2,0.01,0.0001,1.23333,0.35564,2137
33,8,age_bin,ema_lr5e-2,0.05,0.0001,2.78506,0.34207,2137
33,8,age_bin,ema_lr1e-2_wd1e-3,0.01,0.001,1.21823,0.343,2137
33,8,age_bin,ema_d0.99,0.01,0.0001,1.23306,0.36359,2137
33,8,age_bin,ema_d0.9999,0.01,0.0001,1.20224,0.35751,2137
33,8,age_bin,mlp_h16,0.001,0.0,1.07392,0.41834,2137
33,8,age_bin,mlp_h32,0.001,0.0,1.07205,0.41694,2137
33,8,age_bin,mlp_h64,0.001,0.0,1.08315,0.42255,2137
33,8,age_bin,mlp_h128,0.001,0.0,1.10631,0.41273,2137
33,8,age_bin,attention,0.0001,1e-05,1.13645,0.39844,2137
33,8,age_bin,shuffled,0.01,0.0001,1.25197,0.33131,2137
33,8,gender,ema_lr1e-3,0.001,0.0001,0.79174,0.50632,2137
33,8,gender,ema_lr5e-3,0.005,0.0001,0.78098,0.49462,2137
33,8,gender,ema_lr1e-2,0.01,0.0001,0.88701,0.54984,2137
33,8,gender,ema_lr5e-2,0.05,0.0001,2.91749,0.46046,2137
33,8,gender,ema_lr1e-2_wd1e-3,0.01,0.001,0.86291,0.49977,2137
33,8,gender,ema_d0.99,0.01,0.0001,0.86589,0.48245,2137
33,8,gender,ema_d0.9999,0.01,0.0001,0.91156,0.52363,2137
33,8,gender,mlp_h16,0.001,0.0,0.6784,0.58493,2137
33,8,gender,mlp_h32,0.001,0.0,0.69493,0.51895,2137
33,8,gender,mlp_h64,0.001,0.0,0.67355,0.57511,2137
33,8,gender,mlp_h128,0.001,0.0,0.67333,0.57323,2137
33,8,gender,attention,0.0001,1e-05,0.7036,0.57031,2137
33,8,gender,shuffled,0.01,0.0001,0.93002,0.46795,2137
33,8,star_sign,ema_lr1e-3,0.001,0.0001,2.65334,0.12167,2137
33,8,star_sign,ema_lr5e-3,0.005,0.0001,2.52204,0.16472,2137
33,8,star_sign,ema_lr1e-2,0.01,0.0001,2.39234,0.21479,2137
33,8,star_sign,ema_lr5e-2,0.05,0.0001,1.66357,0.89658,2137
33,8,star_sign,ema_lr1e-2_wd1e-3,0.01,0.001,2.35601,0.24801,2137
33,8,star_sign,ema_d0.99,0.01,0.0001,2.3796,0.24006,2137
33,8,star_sign,ema_d0.9999,0.01,0.0001,2.37574,0.25737,2137
33,8,star_sign,mlp_h16,0.001,0.0,1.57146,0.06036,2137
33,8,star_sign,mlp_h32,0.001,0.0,0.02767,1.0,2137
33,8,star_sign,mlp_h64,0.001,0.0,0.00046,1.0,2137
33,8,star_sign,mlp_h128,0.001,0.0,2e-05,1.0,2137
33,8,star_sign,attention,0.0001,1e-05,0.0,1.0,2137
33,8,star_sign,shuffled,0.01,0.0001,2.35799,0.24474,2137
33,12,age_bin,ema_lr1e-3,0.001,0.0001,1.24249,0.32429,2137
33,12,age_bin,ema_lr5e-3,0.005,0.0001,1.18848,0.36453,2137
33,12,age_bin,ema_lr1e-2,0.01,0.0001,1.19015,0.36313,2137
33,12,age_bin,ema_lr5e-2,0.05,0.0001,2.67481,0.28638,2137
33,12,age_bin,ema_lr1e-2_wd1e-3,0.01,0.001,1.18988,0.36032,2137
33,12,age_bin,ema_d0.99,0.01,0.0001,1.22237,0.31399,2137
33,12,age_bin,ema_d0.9999,0.01,0.0001,1.20491,0.34534,2137
33,12,age_bin,mlp_h16,0.001,0.0,1.07365,0.42068,2137
33,12,age_bin,mlp_h32,0.001,0.0,1.07024,0.41741,2137
33,12,age_bin,mlp_h64,0.001,0.0,1.08658,0.41554,2137
33,12,age_bin,mlp_h128,0.001,0.0,1.10932,0.42489,2137
33,12,age_bin,attention,0.0001,1e-05,6.47628,0.38281,2137
33,12,age_bin,shuffled,0.01,0.0001,1.24101,0.3416,2137
33,12,gender,ema_lr1e-3,0.001,0.0001,0.7896,0.51287,2137
33,12,gender,ema_lr5e-3,0.005,0.0001,0.78422,0.47871,2137
33,12,gender,ema_lr1e-2,0.01,0.0001,0.85982,0.50679,2137
33,12,gender,ema_lr5e-2,0.05,0.0001,2.93659,0.46046,2137
33,12,gender,ema_lr1e-2_wd1e-3,0.01,0.001,0.89558,0.52784,2137
33,12,gender,ema_d0.99,0.01,0.0001,0.91084,0.51334,2137
33,12,gender,ema_d0.9999,0.01,0.0001,0.8869,0.49415,2137
33,12,gender,mlp_h16,0.001,0.0,0.68651,0.54937,2137
33,12,gender,mlp_h32,0.001,0.0,0.68265,0.57557,2137
33,12,gender,mlp_h64,0.001,0.0,0.6799,0.57557,2137
33,12,gender,mlp_h128,0.001,0.0,0.69432,0.53346,2137
33,12,gender,attention,0.0001,1e-05,0.72603,0.53125,2137
33,12,gender,shuffled,0.01,0.0001,0.92654,0.51708,2137
33,12,star_sign,ema_lr1e-3,0.001,0.0001,2.77214,0.06036,2137
33,12,star_sign,ema_lr5e-3,0.005,0.0001,2.50565,0.16706,2137
33,12,star_sign,ema_lr1e-2,0.01,0.0001,2.38415,0.22321,2137
33,12,star_sign,ema_lr5e-2,0.05,0.0001,2.01675,0.30136,2137
33,12,star_sign,ema_lr1e-2_wd1e-3,0.01,0.001,2.34235,0.26018,2137
33,12,star_sign,ema_d0.99,0.01,0.0001,2.31397,0.25129,2137
33,12,star_sign,ema_d0.9999,0.01,0.0001,2.35813,0.24708,2137
33,12,star_sign,mlp_h16,0.001,0.0,0.08893,1.0,2137
33,12,star_sign,mlp_h32,0.001,0.0,0.00645,1.0,2137
33,12,star_sign,mlp_h64,0.001,0.0,0.0004,1.0,2137
33,12,star_sign,mlp_h128,0.001,0.0,5e-05,1.0,2137
33,12,star_sign,attention,0.0001,1e-05,0.0,1.0,2137
33,12,star_sign,shuffled,0.01,0.0001,2.35894,0.2307,2137
33,16,age_bin,ema_lr1e-3,0.001,0.0001,1.22849,0.33084,2137
33,16,age_bin,ema_lr5e-3,0.005,0.0001,1.19905,0.34862,2137
33,16,age_bin,ema_lr1e-2,0.01,0.0001,1.14586,0.3664,2137
33,16,age_bin,ema_lr5e-2,0.05,0.0001,2.64063,0.29574,2137
33,16,age_bin,ema_lr1e-2_wd1e-3,0.01,0.001,1.19883,0.35283,2137
33,16,age_bin,ema_d0.99,0.01,0.0001,1.19774,0.36921,2137
33,16,age_bin,ema_d0.9999,0.01,0.0001,1.24891,0.33973,2137
33,16,age_bin,mlp_h16,0.001,0.0,1.06237,0.42489,2137
33,16,age_bin,mlp_h32,0.001,0.0,1.06229,0.42957,2137
33,16,age_bin,mlp_h64,0.001,0.0,1.08286,0.42255,2137
33,16,age_bin,mlp_h128,0.001,0.0,1.08734,0.42817,2137
33,16,age_bin,attention,0.0001,1e-05,1.07213,0.46094,2137
33,16,age_bin,shuffled,0.01,0.0001,1.21975,0.34488,2137
33,16,gender,ema_lr1e-3,0.001,0.0001,0.79336,0.50819,2137
33,16,gender,ema_lr5e-3,0.005,0.0001,0.77464,0.48713,2137
33,16,gender,ema_lr1e-2,0.01,0.0001,0.92211,0.52176,2137
33,16,gender,ema_lr5e-2,0.05,0.0001,2.95113,0.46046,2137
33,16,gender,ema_lr1e-2_wd1e-3,0.01,0.001,0.93643,0.50023,2137
33,16,gender,ema_d0.99,0.01,0.0001,0.84391,0.48105,2137
33,16,gender,ema_d0.9999,0.01,0.0001,0.85537,0.50211,2137
33,16,gender,mlp_h16,0.001,0.0,0.67834,0.58493,2137
33,16,gender,mlp_h32,0.001,0.0,0.67694,0.58961,2137
33,16,gender,mlp_h64,0.001,0.0,0.67625,0.56575,2137
33,16,gender,mlp_h128,0.001,0.0,0.68372,0.55498,2137
33,16,gender,attention,0.0001,1e-05,28.98438,0.53906,2137
33,16,gender,shuffled,0.01,0.0001,0.85266,0.52176,2137
33,16,star_sign,ema_lr1e-3,0.001,0.0001,2.68787,0.12447,2137
33,16,star_sign,ema_lr5e-3,0.005,0.0001,2.49858,0.21572,2137
33,16,star_sign,ema_lr1e-2,0.01,0.0001,2.38279,0.23304,2137
33,16,star_sign,ema_lr5e-2,0.05,0.0001,1.96832,0.38933,2137
33,16,star_sign,ema_lr1e-2_wd1e-3,0.01,0.001,2.32407,0.24474,2137
33,16,star_sign,ema_d0.99,0.01,0.0001,2.34808,0.21713,2137
33,16,star_sign,ema_d0.9999,0.01,0.0001,2.35588,0.23023,2137
33,16,star_sign,mlp_h16,0.001,0.0,0.00998,1.0,2137
33,16,star_sign,mlp_h32,0.001,0.0,0.00243,1.0,2137
33,16,star_sign,mlp_h64,0.001,0.0,0.00021,1.0,2137
33,16,star_sign,mlp_h128,0.001,0.0,2e-05,1.0,2137
33,16,star_sign,attention,0.0001,1e-05,0.0,1.0,2137
33,16,star_sign,shuffled,0.01,0.0001,2.34747,0.24708,2137
33,20,age_bin,ema_lr1e-3,0.001,0.0001,1.28386,0.32007,2137
33,20,age_bin,ema_lr5e-3,0.005,0.0001,1.26613,0.32803,2137
33,20,age_bin,ema_lr1e-2,0.01,0.0001,1.25205,0.32616,2137
33,20,age_bin,ema_lr5e-2,0.05,0.0001,2.37892,0.28591,2137
33,20,age_bin,ema_lr1e-2_wd1e-3,0.01,0.001,1.24141,0.33786,2137
33,20,age_bin,ema_d0.99,0.01,0.0001,1.20285,0.35096,2137
33,20,age_bin,ema_d0.9999,0.01,0.0001,1.21616,0.3547,2137
33,20,age_bin,mlp_h16,0.001,0.0,1.05426,0.45204,2137
33,20,age_bin,mlp_h32,0.001,0.0,1.04625,0.4773,2137
33,20,age_bin,mlp_h64,0.001,0.0,1.06002,0.44502,2137
33,20,age_bin,mlp_h128,0.001,0.0,1.05371,0.46841,2137
33,20,age_bin,attention,0.0001,1e-05,12.0208,0.25781,2137
33,20,age_bin,shuffled,0.01,0.0001,1.23581,0.32522,2137
33,20,gender,ema_lr1e-3,0.001,0.0001,0.84202,0.47169,2137
33,20,gender,ema_lr5e-3,0.005,0.0001,0.77964,0.50211,2137
33,20,gender,ema_lr1e-2,0.01,0.0001,0.89531,0.53861,2137
33,20,gender,ema_lr5e-2,0.05,0.0001,2.73729,0.46186,2137
33,20,gender,ema_lr1e-2_wd1e-3,0.01,0.001,0.88254,0.48573,2137
33,20,gender,ema_d0.99,0.01,0.0001,0.84453,0.50117,2137
33,20,gender,ema_d0.9999,0.01,0.0001,0.88486,0.50912,2137
33,20,gender,mlp_h16,0.001,0.0,0.67711,0.5723,2137
33,20,gender,mlp_h32,0.001,0.0,0.66677,0.58868,2137
33,20,gender,mlp_h64,0.001,0.0,0.67025,0.59148,2137
33,20,gender,mlp_h128,0.001,0.0,0.69711,0.54516,2137
33,20,gender,attention,0.0001,1e-05,29.51124,0.53906,2137
33,20,gender,shuffled,0.01,0.0001,0.89375,0.50491,2137
33,20,star_sign,ema_lr1e-3,0.001,0.0001,2.7711,0.08329,2137
33,20,star_sign,ema_lr5e-3,0.005,0.0001,2.51744,0.16518,2137
33,20,star_sign,ema_lr1e-2,0.01,0.0001,2.3928,0.21479,2137
33,20,star_sign,ema_lr5e-2,0.05,0.0001,1.85566,0.41741,2137
33,20,star_sign,ema_lr1e-2_wd1e-3,0.01,0.001,2.40701,0.20964,2137
33,20,star_sign,ema_d0.99,0.01,0.0001,2.4141,0.2073,2137
33,20,star_sign,ema_d0.9999,0.01,0.0001,2.45463,0.18718,2137
33,20,star_sign,mlp_h16,0.001,0.0,0.43952,1.0,2137
33,20,star_sign,mlp_h32,0.001,0.0,0.00094,1.0,2137
33,20,star_sign,mlp_h64,0.001,0.0,0.0003,1.0,2137
33,20,star_sign,mlp_h128,0.001,0.0,2e-05,1.0,2137
33,20,star_sign,attention,0.0001,1e-05,0.00137,1.0,2137
33,20,star_sign,shuffled,0.01,0.0001,2.4619,0.17642,2137
33,24,age_bin,ema_lr1e-3,0.001,0.0001,1.33182,0.36079,2137
33,24,age_bin,ema_lr5e-3,0.005,0.0001,1.34015,0.31867,2137
33,24,age_bin,ema_lr1e-2,0.01,0.0001,1.24369,0.3767,2137
33,24,age_bin,ema_lr5e-2,0.05,0.0001,2.3421,0.40431,2137
33,24,age_bin,ema_lr1e-2_wd1e-3,0.01,0.001,1.31194,0.34394,2137
33,24,age_bin,ema_d0.99,0.01,0.0001,1.26336,0.35517,2137
33,24,age_bin,ema_d0.9999,0.01,0.0001,1.20795,0.38418,2137
33,24,age_bin,mlp_h16,0.001,0.0,1.01971,0.49883,2137
33,24,age_bin,mlp_h32,0.001,0.0,1.02624,0.47824,2137
33,24,age_bin,mlp_h64,0.001,0.0,1.01876,0.49462,2137
33,24,age_bin,mlp_h128,0.001,0.0,1.00764,0.511,2137
33,24,age_bin,attention,0.0001,1e-05,11.33273,0.29688,2137
33,24,age_bin,shuffled,0.01,0.0001,1.31332,0.33599,2137
33,24,gender,ema_lr1e-3,0.001,0.0001,0.87691,0.51427,2137
33,24,gender,ema_lr5e-3,0.005,0.0001,0.82959,0.53299,2137
33,24,gender,ema_lr1e-2,0.01,0.0001,0.89758,0.5489,2137
33,24,gender,ema_lr5e-2,0.05,0.0001,2.06216,0.54328,2137
33,24,gender,ema_lr1e-2_wd1e-3,0.01,0.001,0.83041,0.5372,2137
33,24,gender,ema_d0.99,0.01,0.0001,0.86065,0.54516,2137
33,24,gender,ema_d0.9999,0.01,0.0001,0.88578,0.52925,2137
33,24,gender,mlp_h16,0.001,0.0,0.65977,0.61628,2137
33,24,gender,mlp_h32,0.001,0.0,0.66566,0.59569,2137
33,24,gender,mlp_h64,0.001,0.0,0.6579,0.62705,2137
33,24,gender,mlp_h128,0.001,0.0,0.66066,0.60646,2137
33,24,gender,attention,0.0001,1e-05,5.25157,0.53906,2137
33,24,gender,shuffled,0.01,0.0001,0.89479,0.50912,2137
33,24,star_sign,ema_lr1e-3,0.001,0.0001,2.92115,0.10342,2137
33,24,star_sign,ema_lr5e-3,0.005,0.0001,2.72706,0.11839,2137
33,24,star_sign,ema_lr1e-2,0.01,0.0001,2.57071,0.15395,2137
33,24,star_sign,ema_lr5e-2,0.05,0.0001,1.58028,0.58634,2137
33,24,star_sign,ema_lr1e-2_wd1e-3,0.01,0.001,2.53024,0.18671,2137
33,24,star_sign,ema_d0.99,0.01,0.0001,2.53148,0.17782,2137
33,24,star_sign,ema_d0.9999,0.01,0.0001,2.59904,0.16378,2137
33,24,star_sign,mlp_h16,0.001,0.0,0.00863,1.0,2137
33,24,star_sign,mlp_h32,0.001,0.0,0.00943,1.0,2137
33,24,star_sign,mlp_h64,0.001,0.0,0.00054,1.0,2137
33,24,star_sign,mlp_h128,0.001,0.0,2e-05,1.0,2137
33,24,star_sign,attention,0.0001,1e-05,0.00019,1.0,2137
33,24,star_sign,shuffled,0.01,0.0001,2.53219,0.16659,2137
33,28,age_bin,ema_lr1e-3,0.001,0.0001,1.59634,0.32569,2137
33,28,age_bin,ema_lr5e-3,0.005,0.0001,1.41677,0.36547,2137
33,28,age_bin,ema_lr1e-2,0.01,0.0001,1.36372,0.37202,2137
33,28,age_bin,ema_lr5e-2,0.05,0.0001,1.17504,0.42396,2137
33,28,age_bin,ema_lr1e-2_wd1e-3,0.01,0.001,1.36391,0.36359,2137
33,28,age_bin,ema_d0.99,0.01,0.0001,1.36414,0.36125,2137
33,28,age_bin,ema_d0.9999,0.01,0.0001,1.35969,0.36313,2137
33,28,age_bin,mlp_h16,0.001,0.0,1.00256,0.52504,2137
33,28,age_bin,mlp_h32,0.001,0.0,1.00446,0.52129,2137
33,28,age_bin,mlp_h64,0.001,0.0,0.99804,0.53159,2137
33,28,age_bin,mlp_h128,0.001,0.0,0.99538,0.53065,2137
33,28,age_bin,attention,0.0001,1e-05,1.31169,0.42969,2137
33,28,age_bin,shuffled,0.01,0.0001,1.40305,0.34862,2137
33,28,gender,ema_lr1e-3,0.001,0.0001,1.08866,0.47216,2137
33,28,gender,ema_lr5e-3,0.005,0.0001,0.88049,0.50866,2137
33,28,gender,ema_lr1e-2,0.01,0.0001,0.89155,0.5255,2137
33,28,gender,ema_lr5e-2,0.05,0.0001,0.75144,0.57838,2137
33,28,gender,ema_lr1e-2_wd1e-3,0.01,0.001,0.89311,0.52082,2137
33,28,gender,ema_d0.99,0.01,0.0001,0.83543,0.53346,2137
33,28,gender,ema_d0.9999,0.01,0.0001,0.88146,0.52504,2137
33,28,gender,mlp_h16,0.001,0.0,0.66097,0.60365,2137
33,28,gender,mlp_h32,0.001,0.0,0.66428,0.60365,2137
33,28,gender,mlp_h64,0.001,0.0,0.66546,0.61394,2137
33,28,gender,mlp_h128,0.001,0.0,0.66096,0.61816,2137
33,28,gender,attention,0.0001,1e-05,0.8002,0.57812,2137
33,28,gender,shuffled,0.01,0.0001,0.88356,0.50585,2137
33,28,star_sign,ema_lr1e-3,0.001,0.0001,3.1967,0.10201,2137
33,28,star_sign,ema_lr5e-3,0.005,0.0001,2.96668,0.12494,2137
33,28,star_sign,ema_lr1e-2,0.01,0.0001,2.81192,0.11277,2137
33,28,star_sign,ema_lr5e-2,0.05,0.0001,1.62896,0.56107,2137
33,28,star_sign,ema_lr1e-2_wd1e-3,0.01,0.001,2.8299,0.13056,2137
33,28,star_sign,ema_d0.99,0.01,0.0001,2.84891,0.11605,2137
33,28,star_sign,ema_d0.9999,0.01,0.0001,2.82011,0.1109,2137
33,28,star_sign,mlp_h16,0.001,0.0,0.52985,0.97052,2137
33,28,star_sign,mlp_h32,0.001,0.0,0.19463,1.0,2137
33,28,star_sign,mlp_h64,0.001,0.0,0.03263,1.0,2137
33,28,star_sign,mlp_h128,0.001,0.0,0.00619,1.0,2137
33,28,star_sign,attention,0.0001,1e-05,0.00064,1.0,2137
33,28,star_sign,shuffled,0.01,0.0001,2.7591,0.12213,2137
34,0,age_bin,ema_lr1e-3,0.001,0.0001,1.53485,0.33762,1943
34,0,age_bin,ema_lr5e-3,0.005,0.0001,1.45193,0.32733,1943
34,0,age_bin,ema_lr1e-2,0.01,0.0001,1.36426,0.34637,1943
34,0,age_bin,ema_lr5e-2,0.05,0.0001,1.43924,0.39166,1943
34,0,age_bin,ema_lr1e-2_wd1e-3,0.01,0.001,1.34415,0.35564,1943
34,0,age_bin,ema_d0.99,0.01,0.0001,1.32795,0.37313,1943
34,0,age_bin,ema_d0.9999,0.01,0.0001,1.37312,0.35666,1943
34,0,age_bin,mlp_h16,0.001,0.0,1.03376,0.49151,1943
34,0,age_bin,mlp_h32,0.001,0.0,1.03498,0.51055,1943
34,0,age_bin,mlp_h64,0.001,0.0,1.03188,0.51518,1943
34,0,age_bin,mlp_h128,0.001,0.0,1.04518,0.46989,1943
34,0,age_bin,attention,0.0001,1e-05,1.06225,0.50781,1943
34,0,age_bin,shuffled,0.01,0.0001,1.37411,0.35049,1943
34,0,gender,ema_lr1e-3,0.001,0.0001,1.05702,0.48739,1943
34,0,gender,ema_lr5e-3,0.005,0.0001,0.90016,0.50901,1943
34,0,gender,ema_lr1e-2,0.01,0.0001,0.94521,0.48121,1943
34,0,gender,ema_lr5e-2,0.05,0.0001,1.47882,0.48739,1943
34,0,gender,ema_lr1e-2_wd1e-3,0.01,0.001,0.85468,0.50335,1943
34,0,gender,ema_d0.99,0.01,0.0001,0.85922,0.49357,1943
34,0,gender,ema_d0.9999,0.01,0.0001,0.86108,0.49974,1943
34,0,gender,mlp_h16,0.001,0.0,0.69217,0.52445,1943
34,0,gender,mlp_h32,0.001,0.0,0.70614,0.51879,1943
34,0,gender,mlp_h64,0.001,0.0,0.7133,0.53268,1943
34,0,gender,mlp_h128,0.001,0.0,0.69888,0.51981,1943
34,0,gender,attention,0.0001,1e-05,0.6934,0.49219,1943
34,0,gender,shuffled,0.01,0.0001,0.84617,0.49871,1943
34,0,star_sign,ema_lr1e-3,0.001,0.0001,3.12894,0.08852,1943
34,0,star_sign,ema_lr5e-3,0.005,0.0001,3.0226,0.10396,1943
34,0,star_sign,ema_lr1e-2,0.01,0.0001,2.71862,0.14514,1943
34,0,star_sign,ema_lr5e-2,0.05,0.0001,1.51656,0.74421,1943
34,0,star_sign,ema_lr1e-2_wd1e-3,0.01,0.001,2.68605,0.23314,1943
34,0,star_sign,ema_d0.99,0.01,0.0001,2.7366,0.15183,1943
34,0,star_sign,ema_d0.9999,0.01,0.0001,2.71096,0.13793,1943
34,0,star_sign,mlp_h16,0.001,0.0,0.34499,0.9861,1943
34,0,star_sign,mlp_h32,0.001,0.0,0.02922,1.0,1943
34,0,star_sign,mlp_h64,0.001,0.0,0.0128,1.0,1943
34,0,star_sign,mlp_h128,0.001,0.0,0.00452,1.0,1943
34,0,star_sign,attention,0.0001,1e-05,2.22161,1.0,1943
34,0,star_sign,shuffled,0.01,0.0001,2.73337,0.14462,1943
34,4,age_bin,ema_lr1e-3,0.001,0.0001,1.2244,0.32373,1943
34,4,age_bin,ema_lr5e-3,0.005,0.0001,1.19742,0.34431,1943
34,4,age_bin,ema_lr1e-2,0.01,0.0001,1.21568,0.32578,1943
34,4,age_bin,ema_lr5e-2,0.05,0.0001,2.6258,0.50849,1943
34,4,age_bin,ema_lr1e-2_wd1e-3,0.01,0.001,1.23294,0.32218,1943
34,4,age_bin,ema_d0.99,0.01,0.0001,1.15863,0.35666,1943
34,4,age_bin,ema_d0.9999,0.01,0.0001,1.20334,0.3438,1943
34,4,age_bin,mlp_h16,0.001,0.0,1.02821,0.52342,1943
34,4,age_bin,mlp_h32,0.001,0.0,1.01563,0.5229,1943
34,4,age_bin,mlp_h64,0.001,0.0,1.02699,0.51724,1943
34,4,age_bin,mlp_h128,0.001,0.0,1.01021,0.5229,1943
34,4,age_bin,attention,0.0001,1e-05,0.99556,0.48438,1943
34,4,age_bin,shuffled,0.01,0.0001,1.24705,0.3227,1943
34,4,gender,ema_lr1e-3,0.001,0.0001,0.79378,0.49408,1943
34,4,gender,ema_lr5e-3,0.005,0.0001,0.78058,0.50232,1943
34,4,gender,ema_lr1e-2,0.01,0.0001,0.81133,0.48996,1943
34,4,gender,ema_lr5e-2,0.05,0.0001,2.51971,0.48379,1943
34,4,gender,ema_lr1e-2_wd1e-3,0.01,0.001,0.81774,0.50695,1943
34,4,gender,ema_d0.99,0.01,0.0001,0.95358,0.52908,1943
34,4,gender,ema_d0.9999,0.01,0.0001,0.8281,0.48996,1943
34,4,gender,mlp_h16,0.001,0.0,0.68525,0.55121,1943
34,4,gender,mlp_h32,0.001,0.0,0.68819,0.54555,1943
34,4,gender,mlp_h64,0.001,0.0,0.68922,0.54195,1943
34,4,gender,mlp_h128,0.001,0.0,0.68724,0.54967,1943
34,4,gender,attention,0.0001,1e-05,0.72907,0.48438,1943
34,4,gender,shuffled,0.01,0.0001,0.9104,0.48019,1943
34,4,star_sign,ema_lr1e-3,0.001,0.0001,2.68119,0.07874,1943
34,4,star_sign,ema_lr5e-3,0.005,0.0001,2.47917,0.18374,1943
34,4,star_sign,ema_lr1e-2,0.01,0.0001,2.36527,0.2527,1943
34,4,star_sign,ema_lr5e-2,0.05,0.0001,2.98001,0.93412,1943
34,4,star_sign,ema_lr1e-2_wd1e-3,0.01,0.001,2.34909,0.29182,1943
34,4,star_sign,ema_d0.99,0.01,0.0001,2.35297,0.25219,1943
34,4,star_sign,ema_d0.9999,0.01,0.0001,2.33192,0.26917,1943
34,4,star_sign,mlp_h16,0.001,0.0,0.02047,1.0,1943
34,4,star_sign,mlp_h32,0.001,0.0,0.00084,1.0,1943
34,4,star_sign,mlp_h64,0.001,0.0,0.00058,1.0,1943
34,4,star_sign,mlp_h128,0.001,0.0,2e-05,1.0,1943
34,4,star_sign,attention,0.0001,1e-05,0.03258,1.0,1943
34,4,star_sign,shuffled,0.01,0.0001,2.34152,0.27946,1943
34,8,age_bin,ema_lr1e-3,0.001,0.0001,1.24781,0.31446,1943
34,8,age_bin,ema_lr5e-3,0.005,0.0001,1.24491,0.30314,1943
34,8,age_bin,ema_lr1e-2,0.01,0.0001,1.29228,0.2913,1943
34,8,age_bin,ema_lr5e-2,0.05,0.0001,2.60732,0.4982,1943
34,8,age_bin,ema_lr1e-2_wd1e-3,0.01,0.001,1.17177,0.37108,1943
34,8,age_bin,ema_d0.99,0.01,0.0001,1.17392,0.37674,1943
34,8,age_bin,ema_d0.9999,0.01,0.0001,1.27234,0.28049,1943
34,8,age_bin,mlp_h16,0.001,0.0,1.02737,0.51415,1943
34,8,age_bin,mlp_h32,0.001,0.0,1.02465,0.52187,1943
34,8,age_bin,mlp_h64,0.001,0.0,1.01043,0.51004,1943
34,8,age_bin,mlp_h128,0.001,0.0,1.0139,0.50695,1943
34,8,age_bin,attention,0.0001,1e-05,1.0286,0.46875,1943
34,8,age_bin,shuffled,0.01,0.0001,1.28105,0.4035,1943
34,8,gender,ema_lr1e-3,0.001,0.0001,0.79324,0.49768,1943
34,8,gender,ema_lr5e-3,0.005,0.0001,0.80021,0.49408,1943
34,8,gender,ema_lr1e-2,0.01,0.0001,0.81383,0.49871,1943
34,8,gender,ema_lr5e-2,0.05,0.0001,3.6501,0.51621,1943
34,8,gender,ema_lr1e-2_wd1e-3,0.01,0.001,0.92459,0.51724,1943
34,8,gender,ema_d0.99,0.01,0.0001,0.94197,0.52959,1943
34,8,gender,ema_d0.9999,0.01,0.0001,0.8374,0.50592,1943
34,8,gender,mlp_h16,0.001,0.0,0.68328,0.54915,1943
34,8,gender,mlp_h32,0.001,0.0,0.69227,0.51261,1943
34,8,gender,mlp_h64,0.001,0.0,0.68495,0.55378,1943
34,8,gender,mlp_h128,0.001,0.0,0.69426,0.5579,1943
34,8,gender,attention,0.0001,1e-05,0.72401,0.54688,1943
34,8,gender,shuffled,0.01,0.0001,0.88594,0.50077,1943
34,8,star_sign,ema_lr1e-3,0.001,0.0001,2.65196,0.12146,1943
34,8,star_sign,ema_lr5e-3,0.005,0.0001,2.53513,0.17859,1943
34,8,star_sign,ema_lr1e-2,0.01,0.0001,2.35618,0.25991,1943
34,8,star_sign,ema_lr5e-2,0.05,0.0001,1.66435,0.64385,1943
34,8,star_sign,ema_lr1e-2_wd1e-3,0.01,0.001,2.35148,0.27123,1943
34,8,star_sign,ema_d0.99,0.01,0.0001,2.38706,0.25682,1943
34,8,star_sign,ema_d0.9999,0.01,0.0001,2.37133,0.29388,1943
34,8,star_sign,mlp_h16,0.001,0.0,1.51982,0.06691,1943
34,8,star_sign,mlp_h32,0.001,0.0,0.02414,1.0,1943
34,8,star_sign,mlp_h64,0.001,0.0,0.00043,1.0,1943
34,8,star_sign,mlp_h128,0.001,0.0,2e-05,1.0,1943
34,8,star_sign,attention,0.0001,1e-05,0.0,1.0,1943
34,8,star_sign,shuffled,0.01,0.0001,2.35902,0.25064,1943
34,12,age_bin,ema_lr1e-3,0.001,0.0001,1.21985,0.35769,1943
34,12,age_bin,ema_lr5e-3,0.005,0.0001,1.18578,0.35872,1943
34,12,age_bin,ema_lr1e-2,0.01,0.0001,1.16201,0.37262,1943
34,12,age_bin,ema_lr5e-2,0.05,0.0001,2.56923,0.51004,1943
34,12,age_bin,ema_lr1e-2_wd1e-3,0.01,0.001,1.16887,0.37005,1943
34,12,age_bin,ema_d0.99,0.01,0.0001,1.21654,0.33968,1943
34,12,age_bin,ema_d0.9999,0.01,0.0001,1.16404,0.37159,1943
34,12,age_bin,mlp_h16,0.001,0.0,1.01533,0.5193,1943
34,12,age_bin,mlp_h32,0.001,0.0,1.01016,0.5229,1943
34,12,age_bin,mlp_h64,0.001,0.0,1.01811,0.51209,1943
34,12,age_bin,mlp_h128,0.001,0.0,1.00289,0.5054,1943
34,12,age_bin,attention,0.0001,1e-05,14.20369,0.49219,1943
34,12,age_bin,shuffled,0.01,0.0001,1.18215,0.33453,1943
34,12,gender,ema_lr1e-3,0.001,0.0001,0.79702,0.50077,1943
34,12,gender,ema_lr5e-3,0.005,0.0001,0.78618,0.48379,1943
34,12,gender,ema_lr1e-2,0.01,0.0001,0.94553,0.52342,1943
34,12,gender,ema_lr5e-2,0.05,0.0001,3.68565,0.51621,1943
34,12,gender,ema_lr1e-2_wd1e-3,0.01,0.001,0.85381,0.50129,1943
34,12,gender,ema_d0.99,0.01,0.0001,0.8433,0.47761,1943
34,12,gender,ema_d0.9999,0.01,0.0001,0.96953,0.49717,1943
34,12,gender,mlp_h16,0.001,0.0,0.68315,0.55275,1943
34,12,gender,mlp_h32,0.001,0.0,0.68395,0.54555,1943
34,12,gender,mlp_h64,0.001,0.0,0.68547,0.53062,1943
34,12,gender,mlp_h128,0.001,0.0,0.69384,0.52805,1943
34,12,gender,attention,0.0001,1e-05,0.69577,0.57031,1943
34,12,gender,shuffled,0.01,0.0001,0.8783,0.49357,1943
34,12,star_sign,ema_lr1e-3,0.001,0.0001,2.75015,0.08338,1943
34,12,star_sign,ema_lr5e-3,0.005,0.0001,2.52123,0.14771,1943
34,12,star_sign,ema_lr1e-2,0.01,0.0001,2.36157,0.25322,1943
34,12,star_sign,ema_lr5e-2,0.05,0.0001,2.95092,0.93412,1943
34,12,star_sign,ema_lr1e-2_wd1e-3,0.01,0.001,2.37464,0.26454,1943
34,12,star_sign,ema_d0.99,0.01,0.0001,2.37305,0.21822,1943
34,12,star_sign,ema_d0.9999,0.01,0.0001,2.32484,0.29079,1943
34,12,star_sign,mlp_h16,0.001,0.0,0.079,1.0,1943
34,12,star_sign,mlp_h32,0.001,0.0,0.00553,1.0,1943
34,12,star_sign,mlp_h64,0.001,0.0,0.00035,1.0,1943
34,12,star_sign,mlp_h128,0.001,0.0,4e-05,1.0,1943
34,12,star_sign,attention,0.0001,1e-05,0.0,1.0,1943
34,12,star_sign,shuffled,0.01,0.0001,2.33311,0.28821,1943
34,16,age_bin,ema_lr1e-3,0.001,0.0001,1.23028,0.3438,1943
34,16,age_bin,ema_lr5e-3,0.005,0.0001,1.22023,0.30726,1943
34,16,age_bin,ema_lr1e-2,0.01,0.0001,1.18484,0.33814,1943
34,16,age_bin,ema_lr5e-2,0.05,0.0001,2.36645,0.50952,1943
34,16,age_bin,ema_lr1e-2_wd1e-3,0.01,0.001,1.20857,0.38497,1943
34,16,age_bin,ema_d0.99,0.01,0.0001,1.19326,0.34122,1943
34,16,age_bin,ema_d0.9999,0.01,0.0001,1.19592,0.38806,1943
34,16,age_bin,mlp_h16,0.001,0.0,1.03112,0.50335,1943
34,16,age_bin,mlp_h32,0.001,0.0,1.01329,0.50849,1943
34,16,age_bin,mlp_h64,0.001,0.0,1.00422,0.51415,1943
34,16,age_bin,mlp_h128,0.001,0.0,1.00224,0.52136,1943
34,16,age_bin,attention,0.0001,1e-05,1.06958,0.44531,1943
34,16,age_bin,shuffled,0.01,0.0001,1.24362,0.34122,1943
34,16,gender,ema_lr1e-3,0.001,0.0001,0.79797,0.4982,1943
34,16,gender,ema_lr5e-3,0.005,0.0001,0.80312,0.47247,1943
34,16,gender,ema_lr1e-2,0.01,0.0001,0.8114,0.50849,1943
34,16,gender,ema_lr5e-2,0.05,0.0001,3.6907,0.51621,1943
34,16,gender,ema_lr1e-2_wd1e-3,0.01,0.001,0.83,0.47658,1943
34,16,gender,ema_d0.99,0.01,0.0001,0.94915,0.52856,1943
34,16,gender,ema_d0.9999,0.01,0.0001,0.93802,0.5157,1943
34,16,gender,mlp_h16,0.001,0.0,0.68413,0.56459,1943
34,16,gender,mlp_h32,0.001,0.0,0.68087,0.5579,1943
34,16,gender,mlp_h64,0.001,0.0,0.67962,0.57952,1943
34,16,gender,mlp_h128,0.001,0.0,0.68741,0.52856,1943
34,16,gender,attention,0.0001,1e-05,27.57297,0.51562,1943
34,16,gender,shuffled,0.01,0.0001,0.84373,0.51312,1943
34,16,star_sign,ema_lr1e-3,0.001,0.0001,2.67586,0.1333,1943
34,16,star_sign,ema_lr5e-3,0.005,0.0001,2.57438,0.20432,1943
34,16,star_sign,ema_lr1e-2,0.01,0.0001,2.39479,0.26248,1943
34,16,star_sign,ema_lr5e-2,0.05,0.0001,2.92447,0.93412,1943
34,16,star_sign,ema_lr1e-2_wd1e-3,0.01,0.001,2.35508,0.24704,1943
34,16,star_sign,ema_d0.99,0.01,0.0001,2.3314,0.2491,1943
34,16,star_sign,ema_d0.9999,0.01,0.0001,2.33931,0.25888,1943
34,16,star_sign,mlp_h16,0.001,0.0,0.00873,1.0,1943
34,16,star_sign,mlp_h32,0.001,0.0,0.00207,1.0,1943
34,16,star_sign,mlp_h64,0.001,0.0,0.00018,1.0,1943
34,16,star_sign,mlp_h128,0.001,0.0,2e-05,1.0,1943
34,16,star_sign,attention,0.0001,1e-05,0.0,1.0,1943
34,16,star_sign,shuffled,0.01,0.0001,2.38676,0.25373,1943
34,20,age_bin,ema_lr1e-3,0.001,0.0001,1.2683,0.3438,1943
34,20,age_bin,ema_lr5e-3,0.005,0.0001,1.22499,0.34946,1943
34,20,age_bin,ema_lr1e-2,0.01,0.0001,1.23679,0.35564,1943
34,20,age_bin,ema_lr5e-2,0.05,0.0001,2.34886,0.51055,1943
34,20,age_bin,ema_lr1e-2_wd1e-3,0.01,0.001,1.20552,0.35049,1943
34,20,age_bin,ema_d0.99,0.01,0.0001,1.21213,0.34894,1943
34,20,age_bin,ema_d0.9999,0.01,0.0001,1.20556,0.35872,1943
34,20,age_bin,mlp_h16,0.001,0.0,1.01593,0.5193,1943
34,20,age_bin,mlp_h32,0.001,0.0,1.02351,0.51107,1943
34,20,age_bin,mlp_h64,0.001,0.0,1.00448,0.51261,1943
34,20,age_bin,mlp_h128,0.001,0.0,0.99815,0.51004,1943
34,20,age_bin,attention,0.0001,1e-05,12.90201,0.1875,1943
34,20,age_bin,shuffled,0.01,0.0001,1.22441,0.32167,1943
34,20,gender,ema_lr1e-3,0.001,0.0001,0.81321,0.50489,1943
34,20,gender,ema_lr5e-3,0.005,0.0001,0.79766,0.48945,1943
34,20,gender,ema_lr1e-2,0.01,0.0001,0.82645,0.52548,1943
34,20,gender,ema_lr5e-2,0.05,0.0001,3.20789,0.51673,1943
34,20,gender,ema_lr1e-2_wd1e-3,0.01,0.001,0.9321,0.49871,1943
34,20,gender,ema_d0.99,0.01,0.0001,0.92725,0.51879,1943
34,20,gender,ema_d0.9999,0.01,0.0001,0.83138,0.49254,1943
34,20,gender,mlp_h16,0.001,0.0,0.68188,0.55121,1943
34,20,gender,mlp_h32,0.001,0.0,0.67473,0.57334,1943
34,20,gender,mlp_h64,0.001,0.0,0.67494,0.57334,1943
34,20,gender,mlp_h128,0.001,0.0,0.67928,0.55172,1943
34,20,gender,attention,0.0001,1e-05,28.39667,0.51562,1943
34,20,gender,shuffled,0.01,0.0001,0.89329,0.50129,1943
34,20,star_sign,ema_lr1e-3,0.001,0.0001,2.82187,0.0808,1943
34,20,star_sign,ema_lr5e-3,0.005,0.0001,2.56406,0.15286,1943
34,20,star_sign,ema_lr1e-2,0.01,0.0001,2.39255,0.21616,1943
34,20,star_sign,ema_lr5e-2,0.05,0.0001,2.72319,0.93361,1943
34,20,star_sign,ema_lr1e-2_wd1e-3,0.01,0.001,2.43832,0.21204,1943
34,20,star_sign,ema_d0.99,0.01,0.0001,2.44761,0.21153,1943
34,20,star_sign,ema_d0.9999,0.01,0.0001,2.41765,0.22491,1943
34,20,star_sign,mlp_h16,0.001,0.0,0.39824,1.0,1943
34,20,star_sign,mlp_h32,0.001,0.0,0.00083,1.0,1943
34,20,star_sign,mlp_h64,0.001,0.0,0.00026,1.0,1943
34,20,star_sign,mlp_h128,0.001,0.0,2e-05,1.0,1943
34,20,star_sign,attention,0.0001,1e-05,0.00105,1.0,1943
34,20,star_sign,shuffled,0.01,0.0001,2.44128,0.20844,1943
34,24,age_bin,ema_lr1e-3,0.001,0.0001,1.38508,0.31652,1943
34,24,age_bin,ema_lr5e-3,0.005,0.0001,1.30749,0.34586,1943
34,24,age_bin,ema_lr1e-2,0.01,0.0001,1.30456,0.35306,1943
34,24,age_bin,ema_lr5e-2,0.05,0.0001,2.18791,0.24086,1943
34,24,age_bin,ema_lr1e-2_wd1e-3,0.01,0.001,1.25514,0.36541,1943
34,24,age_bin,ema_d0.99,0.01,0.0001,1.24498,0.37674,1943
34,24,age_bin,ema_d0.9999,0.01,0.0001,1.33708,0.31704,1943
34,24,age_bin,mlp_h16,0.001,0.0,1.01843,0.48121,1943
34,24,age_bin,mlp_h32,0.001,0.0,1.0077,0.50592,1943
34,24,age_bin,mlp_h64,0.001,0.0,1.00822,0.48276,1943
34,24,age_bin,mlp_h128,0.001,0.0,1.01963,0.47555,1943
34,24,age_bin,attention,0.0001,1e-05,16.82043,0.17188,1943
34,24,age_bin,shuffled,0.01,0.0001,1.30898,0.34122,1943
34,24,gender,ema_lr1e-3,0.001,0.0001,0.89836,0.50077,1943
34,24,gender,ema_lr5e-3,0.005,0.0001,0.82212,0.53114,1943
34,24,gender,ema_lr1e-2,0.01,0.0001,0.81771,0.52084,1943
34,24,gender,ema_lr5e-2,0.05,0.0001,1.74946,0.48842,1943
34,24,gender,ema_lr1e-2_wd1e-3,0.01,0.001,0.87504,0.51827,1943
34,24,gender,ema_d0.99,0.01,0.0001,0.80784,0.53371,1943
34,24,gender,ema_d0.9999,0.01,0.0001,0.80632,0.53217,1943
34,24,gender,mlp_h16,0.001,0.0,0.67129,0.58929,1943
34,24,gender,mlp_h32,0.001,0.0,0.67558,0.56974,1943
34,24,gender,mlp_h64,0.001,0.0,0.66745,0.58981,1943
34,24,gender,mlp_h128,0.001,0.0,0.6752,0.56974,1943
34,24,gender,attention,0.0001,1e-05,7.27356,0.51562,1943
34,24,gender,shuffled,0.01,0.0001,0.88506,0.50026,1943
34,24,star_sign,ema_lr1e-3,0.001,0.0001,2.88295,0.0983,1943
34,24,star_sign,ema_lr5e-3,0.005,0.0001,2.64804,0.13278,1943
34,24,star_sign,ema_lr1e-2,0.01,0.0001,2.55323,0.17344,1943
34,24,star_sign,ema_lr5e-2,0.05,0.0001,1.74274,0.81266,1943
34,24,star_sign,ema_lr1e-2_wd1e-3,0.01,0.001,2.50482,0.19815,1943
34,24,star_sign,ema_d0.99,0.01,0.0001,2.56158,0.16624,1943
34,24,star_sign,ema_d0.9999,0.01,0.0001,2.57422,0.16675,1943
34,24,star_sign,mlp_h16,0.001,0.0,0.00814,1.0,1943
34,24,star_sign,mlp_h32,0.001,0.0,0.00865,1.0,1943
34,24,star_sign,mlp_h64,0.001,0.0,0.00049,1.0,1943
34,24,star_sign,mlp_h128,0.001,0.0,2e-05,1.0,1943
34,24,star_sign,attention,0.0001,1e-05,1e-05,1.0,1943
34,24,star_sign,shuffled,0.01,0.0001,2.6036,0.15852,1943
34,28,age_bin,ema_lr1e-3,0.001,0.0001,1.5962,0.32218,1943
34,28,age_bin,ema_lr5e-3,0.005,0.0001,1.45156,0.33865,1943
34,28,age_bin,ema_lr1e-2,0.01,0.0001,1.3587,0.3474,1943
34,28,age_bin,ema_lr5e-2,0.05,0.0001,1.19427,0.41945,1943
34,28,age_bin,ema_lr1e-2_wd1e-3,0.01,0.001,1.39001,0.37416,1943
34,28,age_bin,ema_d0.99,0.01,0.0001,1.4012,0.33762,1943
34,28,age_bin,ema_d0.9999,0.01,0.0001,1.35439,0.37777,1943
34,28,age_bin,mlp_h16,0.001,0.0,0.97283,0.54503,1943
34,28,age_bin,mlp_h32,0.001,0.0,0.96419,0.55069,1943
34,28,age_bin,mlp_h64,0.001,0.0,0.97444,0.53783,1943
34,28,age_bin,mlp_h128,0.001,0.0,0.99296,0.51312,1943
34,28,age_bin,attention,0.0001,1e-05,1.34367,0.42188,1943
34,28,age_bin,shuffled,0.01,0.0001,1.40756,0.33968,1943
34,28,gender,ema_lr1e-3,0.001,0.0001,1.01179,0.5229,1943
34,28,gender,ema_lr5e-3,0.005,0.0001,0.91521,0.50386,1943
34,28,gender,ema_lr1e-2,0.01,0.0001,0.84872,0.54143,1943
34,28,gender,ema_lr5e-2,0.05,0.0001,0.75039,0.57952,1943
34,28,gender,ema_lr1e-2_wd1e-3,0.01,0.001,0.90567,0.50232,1943
34,28,gender,ema_d0.99,0.01,0.0001,0.90278,0.48945,1943
34,28,gender,ema_d0.9999,0.01,0.0001,0.88788,0.50849,1943
34,28,gender,mlp_h16,0.001,0.0,0.66751,0.59341,1943
34,28,gender,mlp_h32,0.001,0.0,0.6605,0.5965,1943
34,28,gender,mlp_h64,0.001,0.0,0.65579,0.60319,1943
34,28,gender,mlp_h128,0.001,0.0,0.64586,0.60937,1943
34,28,gender,attention,0.0001,1e-05,0.84307,0.51562,1943
34,28,gender,shuffled,0.01,0.0001,0.9258,0.48688,1943
34,28,star_sign,ema_lr1e-3,0.001,0.0001,3.17532,0.1122,1943
34,28,star_sign,ema_lr5e-3,0.005,0.0001,3.08684,0.09727,1943
34,28,star_sign,ema_lr1e-2,0.01,0.0001,2.78967,0.13484,1943
34,28,star_sign,ema_lr5e-2,0.05,0.0001,1.61292,0.54606,1943
34,28,star_sign,ema_lr1e-2_wd1e-3,0.01,0.001,2.85858,0.11529,1943
34,28,star_sign,ema_d0.99,0.01,0.0001,2.89131,0.10396,1943
34,28,star_sign,ema_d0.9999,0.01,0.0001,2.90731,0.11631,1943
34,28,star_sign,mlp_h16,0.001,0.0,0.51976,0.97581,1943
34,28,star_sign,mlp_h32,0.001,0.0,0.18162,1.0,1943
34,28,star_sign,mlp_h64,0.001,0.0,0.03176,1.0,1943
34,28,star_sign,mlp_h128,0.001,0.0,0.00622,1.0,1943
34,28,star_sign,attention,0.0001,1e-05,0.0,1.0,1943
34,28,star_sign,shuffled,0.01,0.0001,2.77411,0.13948,1943
35,0,age_bin,ema_lr1e-3,0.001,0.0001,1.52216,0.33646,2131
35,0,age_bin,ema_lr5e-3,0.005,0.0001,1.41242,0.34866,2131
35,0,age_bin,ema_lr1e-2,0.01,0.0001,1.33888,0.39324,2131
35,0,age_bin,ema_lr5e-2,0.05,0.0001,1.39315,0.39653,2131
35,0,age_bin,ema_lr1e-2_wd1e-3,0.01,0.001,1.3354,0.34256,2131
35,0,age_bin,ema_d0.99,0.01,0.0001,1.35104,0.36086,2131
35,0,age_bin,ema_d0.9999,0.01,0.0001,1.34996,0.3679,2131
35,0,age_bin,mlp_h16,0.001,0.0,1.0373,0.47302,2131
35,0,age_bin,mlp_h32,0.001,0.0,1.04035,0.47489,2131
35,0,age_bin,mlp_h64,0.001,0.0,1.04175,0.47114,2131
35,0,age_bin,mlp_h128,0.001,0.0,1.04656,0.46504,2131
35,0,age_bin,attention,0.0001,1e-05,1.05814,0.50781,2131
35,0,age_bin,shuffled,0.01,0.0001,1.39368,0.33365,2131
35,0,gender,ema_lr1e-3,0.001,0.0001,1.00445,0.52604,2131
35,0,gender,ema_lr5e-3,0.005,0.0001,0.91617,0.50305,2131
35,0,gender,ema_lr1e-2,0.01,0.0001,0.86533,0.48616,2131
35,0,gender,ema_lr5e-2,0.05,0.0001,1.46639,0.50117,2131
35,0,gender,ema_lr1e-2_wd1e-3,0.01,0.001,0.82976,0.51056,2131
35,0,gender,ema_d0.99,0.01,0.0001,0.89157,0.48193,2131
35,0,gender,ema_d0.9999,0.01,0.0001,0.83376,0.51103,2131
35,0,gender,mlp_h16,0.001,0.0,0.68885,0.52182,2131
35,0,gender,mlp_h32,0.001,0.0,0.69118,0.54059,2131
35,0,gender,mlp_h64,0.001,0.0,0.68758,0.55561,2131
35,0,gender,mlp_h128,0.001,0.0,0.69155,0.54247,2131
35,0,gender,attention,0.0001,1e-05,0.69318,0.51562,2131
35,0,gender,shuffled,0.01,0.0001,0.83041,0.52088,2131
35,0,star_sign,ema_lr1e-3,0.001,0.0001,3.17189,0.09104,2131
35,0,star_sign,ema_lr5e-3,0.005,0.0001,2.96481,0.10324,2131
35,0,star_sign,ema_lr1e-2,0.01,0.0001,2.68229,0.19427,2131
35,0,star_sign,ema_lr5e-2,0.05,0.0001,1.5112,0.69826,2131
35,0,star_sign,ema_lr1e-2_wd1e-3,0.01,0.001,2.71281,0.22243,2131
35,0,star_sign,ema_d0.99,0.01,0.0001,2.69851,0.15439,2131
35,0,star_sign,ema_d0.9999,0.01,0.0001,2.71834,0.1389,2131
35,0,star_sign,mlp_h16,0.001,0.0,0.34073,0.98217,2131
35,0,star_sign,mlp_h32,0.001,0.0,0.02859,1.0,2131
35,0,star_sign,mlp_h64,0.001,0.0,0.01276,1.0,2131
35,0,star_sign,mlp_h128,0.001,0.0,0.00517,1.0,2131
35,0,star_sign,attention,0.0001,1e-05,2.21847,1.0,2131
35,0,star_sign,shuffled,0.01,0.0001,2.76648,0.12811,2131
35,4,age_bin,ema_lr1e-3,0.001,0.0001,1.19835,0.33787,2131
35,4,age_bin,ema_lr5e-3,0.005,0.0001,1.16536,0.36509,2131
35,4,age_bin,ema_lr1e-2,0.01,0.0001,1.2342,0.39183,2131
35,4,age_bin,ema_lr5e-2,0.05,0.0001,3.48302,0.40544,2131
35,4,age_bin,ema_lr1e-2_wd1e-3,0.01,0.001,1.21371,0.38198,2131
35,4,age_bin,ema_d0.99,0.01,0.0001,1.1817,0.35899,2131
35,4,age_bin,ema_d0.9999,0.01,0.0001,1.1856,0.33083,2131
35,4,age_bin,mlp_h16,0.001,0.0,1.04091,0.47724,2131
35,4,age_bin,mlp_h32,0.001,0.0,1.00935,0.47677,2131
35,4,age_bin,mlp_h64,0.001,0.0,1.0307,0.47771,2131
35,4,age_bin,mlp_h128,0.001,0.0,1.02019,0.47865,2131
35,4,age_bin,attention,0.0001,1e-05,1.00502,0.49219,2131
35,4,age_bin,shuffled,0.01,0.0001,1.22216,0.36462,2131
35,4,gender,ema_lr1e-3,0.001,0.0001,0.77323,0.51525,2131
35,4,gender,ema_lr5e-3,0.005,0.0001,0.74922,0.51666,2131
35,4,gender,ema_lr1e-2,0.01,0.0001,0.86988,0.54716,2131
35,4,gender,ema_lr5e-2,0.05,0.0001,3.98129,0.56922,2131
35,4,gender,ema_lr1e-2_wd1e-3,0.01,0.001,0.8957,0.55795,2131
35,4,gender,ema_d0.99,0.01,0.0001,0.85009,0.48569,2131
35,4,gender,ema_d0.9999,0.01,0.0001,0.87434,0.53637,2131
35,4,gender,mlp_h16,0.001,0.0,0.68561,0.55748,2131
35,4,gender,mlp_h32,0.001,0.0,0.68113,0.5786,2131
35,4,gender,mlp_h64,0.001,0.0,0.67718,0.57062,2131
35,4,gender,mlp_h128,0.001,0.0,0.67578,0.57532,2131
35,4,gender,attention,0.0001,1e-05,0.70819,0.5,2131
35,4,gender,shuffled,0.01,0.0001,0.86507,0.52886,2131
35,4,star_sign,ema_lr1e-3,0.001,0.0001,2.68528,0.06617,2131
35,4,star_sign,ema_lr5e-3,0.005,0.0001,2.46512,0.18348,2131
35,4,star_sign,ema_lr1e-2,0.01,0.0001,2.29881,0.25293,2131
35,4,star_sign,ema_lr5e-2,0.05,0.0001,1.85358,0.49273,2131
35,4,star_sign,ema_lr1e-2_wd1e-3,0.01,0.001,2.33372,0.27405,2131
35,4,star_sign,ema_d0.99,0.01,0.0001,2.34924,0.21351,2131
35,4,star_sign,ema_d0.9999,0.01,0.0001,2.332,0.22337,2131
35,4,star_sign,mlp_h16,0.001,0.0,0.01857,1.0,2131
35,4,star_sign,mlp_h32,0.001,0.0,0.00077,1.0,2131
35,4,star_sign,mlp_h64,0.001,0.0,0.00052,1.0,2131
35,4,star_sign,mlp_h128,0.001,0.0,2e-05,1.0,2131
35,4,star_sign,attention,0.0001,1e-05,0.03143,1.0,2131
35,4,star_sign,shuffled,0.01,0.0001,2.31013,0.26607,2131
35,8,age_bin,ema_lr1e-3,0.001,0.0001,1.20425,0.34209,2131
35,8,age_bin,ema_lr5e-3,0.005,0.0001,1.2214,0.33224,2131
35,8,age_bin,ema_lr1e-2,0.01,0.0001,1.27298,0.4092,2131
35,8,age_bin,ema_lr5e-2,0.05,0.0001,3.50032,0.14923,2131
35,8,age_bin,ema_lr1e-2_wd1e-3,0.01,0.001,1.21059,0.33505,2131
35,8,age_bin,ema_d0.99,0.01,0.0001,1.21274,0.35429,2131
35,8,age_bin,ema_d0.9999,0.01,0.0001,1.26701,0.3801,2131
35,8,age_bin,mlp_h16,0.001,0.0,1.02584,0.47114,2131
35,8,age_bin,mlp_h32,0.001,0.0,1.03092,0.4763,2131
35,8,age_bin,mlp_h64,0.001,0.0,1.00656,0.48053,2131
35,8,age_bin,mlp_h128,0.001,0.0,1.01017,0.47349,2131
35,8,age_bin,attention,0.0001,1e-05,1.05003,0.5,2131
35,8,age_bin,shuffled,0.01,0.0001,1.21937,0.35336,2131
35,8,gender,ema_lr1e-3,0.001,0.0001,0.78519,0.49413,2131
35,8,gender,ema_lr5e-3,0.005,0.0001,0.79788,0.47349,2131
35,8,gender,ema_lr1e-2,0.01,0.0001,0.90673,0.54669,2131
35,8,gender,ema_lr5e-2,0.05,0.0001,2.83383,0.43078,2131
35,8,gender,ema_lr1e-2_wd1e-3,0.01,0.001,0.8638,0.48053,2131
35,8,gender,ema_d0.99,0.01,0.0001,0.87612,0.4763,2131
35,8,gender,ema_d0.9999,0.01,0.0001,0.89726,0.51384,2131
35,8,gender,mlp_h16,0.001,0.0,0.6767,0.56734,2131
35,8,gender,mlp_h32,0.001,0.0,0.6835,0.57062,2131
35,8,gender,mlp_h64,0.001,0.0,0.67747,0.57672,2131
35,8,gender,mlp_h128,0.001,0.0,0.69102,0.57438,2131
35,8,gender,attention,0.0001,1e-05,0.72352,0.52344,2131
35,8,gender,shuffled,0.01,0.0001,0.91783,0.47067,2131
35,8,star_sign,ema_lr1e-3,0.001,0.0001,2.68343,0.10793,2131
35,8,star_sign,ema_lr5e-3,0.005,0.0001,2.51361,0.1816,2131
35,8,star_sign,ema_lr1e-2,0.01,0.0001,2.35707,0.22759,2131
35,8,star_sign,ema_lr5e-2,0.05,0.0001,2.61125,0.93993,2131
35,8,star_sign,ema_lr1e-2_wd1e-3,0.01,0.001,2.32321,0.25716,2131
35,8,star_sign,ema_d0.99,0.01,0.0001,2.29924,0.25669,2131
35,8,star_sign,ema_d0.9999,0.01,0.0001,2.34417,0.25763,2131
35,8,star_sign,mlp_h16,0.001,0.0,1.48585,0.06523,2131
35,8,star_sign,mlp_h32,0.001,0.0,0.02161,1.0,2131
35,8,star_sign,mlp_h64,0.001,0.0,0.00041,1.0,2131
35,8,star_sign,mlp_h128,0.001,0.0,2e-05,1.0,2131
35,8,star_sign,attention,0.0001,1e-05,0.0,1.0,2131
35,8,star_sign,shuffled,0.01,0.0001,2.33474,0.22337,2131
35,12,age_bin,ema_lr1e-3,0.001,0.0001,1.20262,0.35242,2131
35,12,age_bin,ema_lr5e-3,0.005,0.0001,1.20817,0.33224,2131
35,12,age_bin,ema_lr1e-2,0.01,0.0001,1.22175,0.34491,2131
35,12,age_bin,ema_lr5e-2,0.05,0.0001,3.34074,0.40591,2131
35,12,age_bin,ema_lr1e-2_wd1e-3,0.01,0.001,1.22892,0.36227,2131
35,12,age_bin,ema_d0.99,0.01,0.0001,1.25467,0.33834,2131
35,12,age_bin,ema_d0.9999,0.01,0.0001,1.20091,0.32191,2131
35,12,age_bin,mlp_h16,0.001,0.0,1.02556,0.47959,2131
35,12,age_bin,mlp_h32,0.001,0.0,1.02302,0.47724,2131
35,12,age_bin,mlp_h64,0.001,0.0,1.01105,0.4763,2131
35,12,age_bin,mlp_h128,0.001,0.0,0.99948,0.47724,2131
35,12,age_bin,attention,0.0001,1e-05,22.97556,0.49219,2131
35,12,age_bin,shuffled,0.01,0.0001,1.23419,0.374,2131
35,12,gender,ema_lr1e-3,0.001,0.0001,0.79212,0.47349,2131
35,12,gender,ema_lr5e-3,0.005,0.0001,0.78064,0.48803,2131
35,12,gender,ema_lr1e-2,0.01,0.0001,0.83103,0.49695,2131
35,12,gender,ema_lr5e-2,0.05,0.0001,2.74169,0.43078,2131
35,12,gender,ema_lr1e-2_wd1e-3,0.01,0.001,0.91992,0.52135,2131
35,12,gender,ema_d0.99,0.01,0.0001,0.88795,0.54951,2131
35,12,gender,ema_d0.9999,0.01,0.0001,0.86896,0.48334,2131
35,12,gender,mlp_h16,0.001,0.0,0.67887,0.57672,2131
35,12,gender,mlp_h32,0.001,0.0,0.67292,0.59315,2131
35,12,gender,mlp_h64,0.001,0.0,0.67686,0.57015,2131
35,12,gender,mlp_h128,0.001,0.0,0.68434,0.55936,2131
35,12,gender,attention,0.0001,1e-05,0.7264,0.53125,2131
35,12,gender,shuffled,0.01,0.0001,0.86756,0.52511,2131
35,12,star_sign,ema_lr1e-3,0.001,0.0001,2.72619,0.07321,2131
35,12,star_sign,ema_lr5e-3,0.005,0.0001,2.50362,0.15251,2131
35,12,star_sign,ema_lr1e-2,0.01,0.0001,2.3069,0.2595,2131
35,12,star_sign,ema_lr5e-2,0.05,0.0001,1.75473,0.54388,2131
35,12,star_sign,ema_lr1e-2_wd1e-3,0.01,0.001,2.31569,0.22525,2131
35,12,star_sign,ema_d0.99,0.01,0.0001,2.32203,0.21398,2131
35,12,star_sign,ema_d0.9999,0.01,0.0001,2.34776,0.24871,2131
35,12,star_sign,mlp_h16,0.001,0.0,0.07306,1.0,2131
35,12,star_sign,mlp_h32,0.001,0.0,0.00502,1.0,2131
35,12,star_sign,mlp_h64,0.001,0.0,0.00033,1.0,2131
35,12,star_sign,mlp_h128,0.001,0.0,4e-05,1.0,2131
35,12,star_sign,attention,0.0001,1e-05,0.0,1.0,2131
35,12,star_sign,shuffled,0.01,0.0001,2.3547,0.23229,2131
35,16,age_bin,ema_lr1e-3,0.001,0.0001,1.21064,0.32567,2131
35,16,age_bin,ema_lr5e-3,0.005,0.0001,1.18966,0.32426,2131
35,16,age_bin,ema_lr1e-2,0.01,0.0001,1.15973,0.35523,2131
35,16,age_bin,ema_lr5e-2,0.05,0.0001,3.06054,0.40169,2131
35,16,age_bin,ema_lr1e-2_wd1e-3,0.01,0.001,1.23854,0.35899,2131
35,16,age_bin,ema_d0.99,0.01,0.0001,1.1716,0.36039,2131
35,16,age_bin,ema_d0.9999,0.01,0.0001,1.19736,0.36603,2131
35,16,age_bin,mlp_h16,0.001,0.0,1.03957,0.4702,2131
35,16,age_bin,mlp_h32,0.001,0.0,1.01391,0.47677,2131
35,16,age_bin,mlp_h64,0.001,0.0,1.00577,0.48099,2131
35,16,age_bin,mlp_h128,0.001,0.0,1.00635,0.47959,2131
35,16,age_bin,attention,0.0001,1e-05,1.08884,0.48438,2131
35,16,age_bin,shuffled,0.01,0.0001,1.21839,0.36556,2131
35,16,gender,ema_lr1e-3,0.001,0.0001,0.80886,0.48381,2131
35,16,gender,ema_lr5e-3,0.005,0.0001,0.76001,0.51431,2131
35,16,gender,ema_lr1e-2,0.01,0.0001,0.85563,0.55045,2131
35,16,gender,ema_lr5e-2,0.05,0.0001,2.82089,0.43078,2131
35,16,gender,ema_lr1e-2_wd1e-3,0.01,0.001,0.8921,0.53121,2131
35,16,gender,ema_d0.99,0.01,0.0001,0.82137,0.51244,2131
35,16,gender,ema_d0.9999,0.01,0.0001,0.87818,0.46786,2131
35,16,gender,mlp_h16,0.001,0.0,0.67866,0.58799,2131
35,16,gender,mlp_h32,0.001,0.0,0.67436,0.60206,2131
35,16,gender,mlp_h64,0.001,0.0,0.67134,0.58564,2131
35,16,gender,mlp_h128,0.001,0.0,0.67385,0.57954,2131
35,16,gender,attention,0.0001,1e-05,22.64038,0.47656,2131
35,16,gender,shuffled,0.01,0.0001,0.89929,0.53308,2131
35,16,star_sign,ema_lr1e-3,0.001,0.0001,2.71752,0.11262,2131
35,16,star_sign,ema_lr5e-3,0.005,0.0001,2.53366,0.19991,2131
35,16,star_sign,ema_lr1e-2,0.01,0.0001,2.39474,0.20601,2131
35,16,star_sign,ema_lr5e-2,0.05,0.0001,1.76949,0.51525,2131
35,16,star_sign,ema_lr1e-2_wd1e-3,0.01,0.001,2.31276,0.22759,2131
35,16,star_sign,ema_d0.99,0.01,0.0001,2.33781,0.19287,2131
35,16,star_sign,ema_d0.9999,0.01,0.0001,2.33776,0.22806,2131
35,16,star_sign,mlp_h16,0.001,0.0,0.00831,1.0,2131
35,16,star_sign,mlp_h32,0.001,0.0,0.002,1.0,2131
35,16,star_sign,mlp_h64,0.001,0.0,0.00018,1.0,2131
35,16,star_sign,mlp_h128,0.001,0.0,2e-05,1.0,2131
35,16,star_sign,attention,0.0001,1e-05,0.0,1.0,2131
35,16,star_sign,shuffled,0.01,0.0001,2.35177,0.24261,2131
35,20,age_bin,ema_lr1e-3,0.001,0.0001,1.26738,0.33271,2131
35,20,age_bin,ema_lr5e-3,0.005,0.0001,1.22501,0.35242,2131
35,20,age_bin,ema_lr1e-2,0.01,0.0001,1.22807,0.33928,2131
35,20,age_bin,ema_lr5e-2,0.05,0.0001,2.96442,0.40497,2131
35,20,age_bin,ema_lr1e-2_wd1e-3,0.01,0.001,1.23795,0.33928,2131
35,20,age_bin,ema_d0.99,0.01,0.0001,1.269,0.36603,2131
35,20,age_bin,ema_d0.9999,0.01,0.0001,1.24658,0.33599,2131
35,20,age_bin,mlp_h16,0.001,0.0,1.04342,0.46598,2131
35,20,age_bin,mlp_h32,0.001,0.0,1.04005,0.46457,2131
35,20,age_bin,mlp_h64,0.001,0.0,1.01844,0.47536,2131
35,20,age_bin,mlp_h128,0.001,0.0,1.00897,0.47349,2131
35,20,age_bin,attention,0.0001,1e-05,7.36484,0.36719,2131
35,20,age_bin,shuffled,0.01,0.0001,1.24869,0.36086,2131
35,20,gender,ema_lr1e-3,0.001,0.0001,0.84404,0.48756,2131
35,20,gender,ema_lr5e-3,0.005,0.0001,0.78804,0.50399,2131
35,20,gender,ema_lr1e-2,0.01,0.0001,0.88341,0.5298,2131
35,20,gender,ema_lr5e-2,0.05,0.0001,2.55233,0.43266,2131
35,20,gender,ema_lr1e-2_wd1e-3,0.01,0.001,0.90047,0.48053,2131
35,20,gender,ema_d0.99,0.01,0.0001,0.88365,0.5068,2131
35,20,gender,ema_d0.9999,0.01,0.0001,0.87242,0.54012,2131
35,20,gender,mlp_h16,0.001,0.0,0.67848,0.57344,2131
35,20,gender,mlp_h32,0.001,0.0,0.66414,0.6016,2131
35,20,gender,mlp_h64,0.001,0.0,0.66513,0.60066,2131
35,20,gender,mlp_h128,0.001,0.0,0.67931,0.603,2131
35,20,gender,attention,0.0001,1e-05,23.30553,0.47656,2131
35,20,gender,shuffled,0.01,0.0001,0.94305,0.4763,2131
35,20,star_sign,ema_lr1e-3,0.001,0.0001,2.75382,0.08822,2131
35,20,star_sign,ema_lr5e-3,0.005,0.0001,2.52951,0.14641,2131
35,20,star_sign,ema_lr1e-2,0.01,0.0001,2.38047,0.1985,2131
35,20,star_sign,ema_lr5e-2,0.05,0.0001,1.6544,0.56969,2131
35,20,star_sign,ema_lr1e-2_wd1e-3,0.01,0.001,2.39266,0.21164,2131
35,20,star_sign,ema_d0.99,0.01,0.0001,2.40094,0.18864,2131
35,20,star_sign,ema_d0.9999,0.01,0.0001,2.43327,0.18114,2131
35,20,star_sign,mlp_h16,0.001,0.0,0.36802,1.0,2131
35,20,star_sign,mlp_h32,0.001,0.0,0.00082,1.0,2131
35,20,star_sign,mlp_h64,0.001,0.0,0.00026,1.0,2131
35,20,star_sign,mlp_h128,0.001,0.0,2e-05,1.0,2131
35,20,star_sign,attention,0.0001,1e-05,0.00148,1.0,2131
35,20,star_sign,shuffled,0.01,0.0001,2.411,0.17832,2131
35,24,age_bin,ema_lr1e-3,0.001,0.0001,1.3844,0.33834,2131
35,24,age_bin,ema_lr5e-3,0.005,0.0001,1.35837,0.32379,2131
35,24,age_bin,ema_lr1e-2,0.01,0.0001,1.25753,0.36462,2131
35,24,age_bin,ema_lr5e-2,0.05,0.0001,2.19044,0.46222,2131
35,24,age_bin,ema_lr1e-2_wd1e-3,0.01,0.001,1.26288,0.37963,2131
35,24,age_bin,ema_d0.99,0.01,0.0001,1.28752,0.34491,2131
35,24,age_bin,ema_d0.9999,0.01,0.0001,1.28419,0.35617,2131
35,24,age_bin,mlp_h16,0.001,0.0,1.04262,0.42938,2131
35,24,age_bin,mlp_h32,0.001,0.0,1.03489,0.45002,2131
35,24,age_bin,mlp_h64,0.001,0.0,1.01984,0.45002,2131
35,24,age_bin,mlp_h128,0.001,0.0,1.04232,0.44017,2131
35,24,age_bin,attention,0.0001,1e-05,15.64949,0.08594,2131
35,24,age_bin,shuffled,0.01,0.0001,1.27642,0.34256,2131
35,24,gender,ema_lr1e-3,0.001,0.0001,0.89862,0.49695,2131
35,24,gender,ema_lr5e-3,0.005,0.0001,0.84308,0.52933,2131
35,24,gender,ema_lr1e-2,0.01,0.0001,0.91228,0.50868,2131
35,24,gender,ema_lr5e-2,0.05,0.0001,2.34073,0.57485,2131
35,24,gender,ema_lr1e-2_wd1e-3,0.01,0.001,0.87119,0.49366,2131
35,24,gender,ema_d0.99,0.01,0.0001,0.82557,0.51947,2131
35,24,gender,ema_d0.9999,0.01,0.0001,0.8678,0.55936,2131
35,24,gender,mlp_h16,0.001,0.0,0.6546,0.59972,2131
35,24,gender,mlp_h32,0.001,0.0,0.66159,0.60676,2131
35,24,gender,mlp_h64,0.001,0.0,0.65548,0.603,2131
35,24,gender,mlp_h128,0.001,0.0,0.65556,0.60863,2131
35,24,gender,attention,0.0001,1e-05,4.627,0.5,2131
35,24,gender,shuffled,0.01,0.0001,0.86976,0.5068,2131
35,24,star_sign,ema_lr1e-3,0.001,0.0001,2.90255,0.09573,2131
35,24,star_sign,ema_lr5e-3,0.005,0.0001,2.69044,0.12389,2131
35,24,star_sign,ema_lr1e-2,0.01,0.0001,2.48523,0.17269,2131
35,24,star_sign,ema_lr5e-2,0.05,0.0001,1.73864,0.47583,2131
35,24,star_sign,ema_lr1e-2_wd1e-3,0.01,0.001,2.56235,0.15392,2131
35,24,star_sign,ema_d0.99,0.01,0.0001,2.57659,0.12576,2131
35,24,star_sign,ema_d0.9999,0.01,0.0001,2.56608,0.14172,2131
35,24,star_sign,mlp_h16,0.001,0.0,0.00737,1.0,2131
35,24,star_sign,mlp_h32,0.001,0.0,0.00777,1.0,2131
35,24,star_sign,mlp_h64,0.001,0.0,0.00046,1.0,2131
35,24,star_sign,mlp_h128,0.001,0.0,2e-05,1.0,2131
35,24,star_sign,attention,0.0001,1e-05,8e-05,1.0,2131
35,24,star_sign,shuffled,0.01,0.0001,2.56153,0.15251,2131
35,28,age_bin,ema_lr1e-3,0.001,0.0001,1.69177,0.31628,2131
35,28,age_bin,ema_lr5e-3,0.005,0.0001,1.43366,0.3496,2131
35,28,age_bin,ema_lr1e-2,0.01,0.0001,1.37243,0.34866,2131
35,28,age_bin,ema_lr5e-2,0.05,0.0001,1.14384,0.45143,2131
35,28,age_bin,ema_lr1e-2_wd1e-3,0.01,0.001,1.39315,0.35899,2131
35,28,age_bin,ema_d0.99,0.01,0.0001,1.39516,0.35289,2131
35,28,age_bin,ema_d0.9999,0.01,0.0001,1.44513,0.32426,2131
35,28,age_bin,mlp_h16,0.001,0.0,1.02641,0.46363,2131
35,28,age_bin,mlp_h32,0.001,0.0,1.01903,0.47302,2131
35,28,age_bin,mlp_h64,0.001,0.0,1.04915,0.45565,2131
35,28,age_bin,mlp_h128,0.001,0.0,1.06014,0.44345,2131
35,28,age_bin,attention,0.0001,1e-05,1.2649,0.40625,2131
35,28,age_bin,shuffled,0.01,0.0001,1.4347,0.33318,2131
35,28,gender,ema_lr1e-3,0.001,0.0001,1.0557,0.49648,2131
35,28,gender,ema_lr5e-3,0.005,0.0001,0.91734,0.51713,2131
35,28,gender,ema_lr1e-2,0.01,0.0001,0.79768,0.56124,2131
35,28,gender,ema_lr5e-2,0.05,0.0001,0.76395,0.54435,2131
35,28,gender,ema_lr1e-2_wd1e-3,0.01,0.001,0.87796,0.51994,2131
35,28,gender,ema_d0.99,0.01,0.0001,0.87998,0.51666,2131
35,28,gender,ema_d0.9999,0.01,0.0001,0.88451,0.50868,2131
35,28,gender,mlp_h16,0.001,0.0,0.65107,0.59878,2131
35,28,gender,mlp_h32,0.001,0.0,0.65003,0.61286,2131
35,28,gender,mlp_h64,0.001,0.0,0.6491,0.6077,2131
35,28,gender,mlp_h128,0.001,0.0,0.648,0.60347,2131
35,28,gender,attention,0.0001,1e-05,0.8932,0.53125,2131
35,28,gender,shuffled,0.01,0.0001,0.90187,0.49038,2131
35,28,star_sign,ema_lr1e-3,0.001,0.0001,3.29506,0.1023,2131
35,28,star_sign,ema_lr5e-3,0.005,0.0001,3.01243,0.11309,2131
35,28,star_sign,ema_lr1e-2,0.01,0.0001,2.75434,0.13233,2131
35,28,star_sign,ema_lr5e-2,0.05,0.0001,1.59648,0.55561,2131
35,28,star_sign,ema_lr1e-2_wd1e-3,0.01,0.001,2.76876,0.13984,2131
35,28,star_sign,ema_d0.99,0.01,0.0001,2.87143,0.11544,2131
35,28,star_sign,ema_d0.9999,0.01,0.0001,2.83462,0.14031,2131
35,28,star_sign,mlp_h16,0.001,0.0,0.50038,0.97278,2131
35,28,star_sign,mlp_h32,0.001,0.0,0.16305,1.0,2131
35,28,star_sign,mlp_h64,0.001,0.0,0.02758,1.0,2131
35,28,star_sign,mlp_h128,0.001,0.0,0.00515,1.0,2131
35,28,star_sign,attention,0.0001,1e-05,4e-05,1.0,2131
35,28,star_sign,shuffled,0.01,0.0001,2.90816,0.10183,2131
36,0,age_bin,ema_lr1e-3,0.001,0.0001,1.52512,0.3268,1836
36,0,age_bin,ema_lr5e-3,0.005,0.0001,1.4309,0.32298,1836
36,0,age_bin,ema_lr1e-2,0.01,0.0001,1.35183,0.37255,1836
36,0,age_bin,ema_lr5e-2,0.05,0.0001,1.42773,0.39488,1836
36,0,age_bin,ema_lr1e-2_wd1e-3,0.01,0.001,1.34351,0.33442,1836
36,0,age_bin,ema_d0.99,0.01,0.0001,1.36812,0.33007,1836
36,0,age_bin,ema_d0.9999,0.01,0.0001,1.36335,0.34913,1836
36,0,age_bin,mlp_h16,0.001,0.0,1.01305,0.51035,1836
36,0,age_bin,mlp_h32,0.001,0.0,1.01447,0.52015,1836
36,0,age_bin,mlp_h64,0.001,0.0,1.01782,0.51307,1836
36,0,age_bin,mlp_h128,0.001,0.0,1.01978,0.50926,1836
36,0,age_bin,attention,0.0001,1e-05,1.04909,0.54688,1836
36,0,age_bin,shuffled,0.01,0.0001,1.32349,0.33932,1836
36,0,gender,ema_lr1e-3,0.001,0.0001,1.06843,0.48039,1836
36,0,gender,ema_lr5e-3,0.005,0.0001,0.89685,0.50871,1836
36,0,gender,ema_lr1e-2,0.01,0.0001,0.88611,0.51525,1836
36,0,gender,ema_lr5e-2,0.05,0.0001,1.34383,0.51253,1836
36,0,gender,ema_lr1e-2_wd1e-3,0.01,0.001,0.86116,0.5,1836
36,0,gender,ema_d0.99,0.01,0.0001,0.85891,0.50763,1836
36,0,gender,ema_d0.9999,0.01,0.0001,0.86566,0.51688,1836
36,0,gender,mlp_h16,0.001,0.0,0.68925,0.54031,1836
36,0,gender,mlp_h32,0.001,0.0,0.69564,0.53976,1836
36,0,gender,mlp_h64,0.001,0.0,0.69159,0.54739,1836
36,0,gender,mlp_h128,0.001,0.0,0.68962,0.54956,1836
36,0,gender,attention,0.0001,1e-05,0.69224,0.48438,1836
36,0,gender,shuffled,0.01,0.0001,0.84105,0.51035,1836
36,0,star_sign,ema_lr1e-3,0.001,0.0001,3.14683,0.09532,1836
36,0,star_sign,ema_lr5e-3,0.005,0.0001,2.98406,0.1073,1836
36,0,star_sign,ema_lr1e-2,0.01,0.0001,2.7216,0.20479,1836
36,0,star_sign,ema_lr5e-2,0.05,0.0001,1.47345,0.77233,1836
36,0,star_sign,ema_lr1e-2_wd1e-3,0.01,0.001,2.73929,0.19935,1836
36,0,star_sign,ema_d0.99,0.01,0.0001,2.68205,0.16068,1836
36,0,star_sign,ema_d0.9999,0.01,0.0001,2.75667,0.12418,1836
36,0,star_sign,mlp_h16,0.001,0.0,0.31231,0.97985,1836
36,0,star_sign,mlp_h32,0.001,0.0,0.02538,0.99946,1836
36,0,star_sign,mlp_h64,0.001,0.0,0.01065,1.0,1836
36,0,star_sign,mlp_h128,0.001,0.0,0.00419,1.0,1836
36,0,star_sign,attention,0.0001,1e-05,2.2128,1.0,1836
36,0,star_sign,shuffled,0.01,0.0001,2.74936,0.13671,1836
36,4,age_bin,ema_lr1e-3,0.001,0.0001,1.21196,0.32407,1836
36,4,age_bin,ema_lr5e-3,0.005,0.0001,1.17059,0.37037,1836
36,4,age_bin,ema_lr1e-2,0.01,0.0001,1.1973,0.3415,1836
36,4,age_bin,ema_lr5e-2,0.05,0.0001,2.98934,0.50545,1836
36,4,age_bin,ema_lr1e-2_wd1e-3,0.01,0.001,1.20757,0.33932,1836
36,4,age_bin,ema_d0.99,0.01,0.0001,1.24215,0.35784,1836
36,4,age_bin,ema_d0.9999,0.01,0.0001,1.18997,0.36656,1836
36,4,age_bin,mlp_h16,0.001,0.0,1.02404,0.51362,1836
36,4,age_bin,mlp_h32,0.001,0.0,1.00363,0.52451,1836
36,4,age_bin,mlp_h64,0.001,0.0,1.00656,0.52233,1836
36,4,age_bin,mlp_h128,0.001,0.0,0.99742,0.51906,1836
36,4,age_bin,attention,0.0001,1e-05,0.98474,0.54688,1836
36,4,age_bin,shuffled,0.01,0.0001,1.255,0.32898,1836
36,4,gender,ema_lr1e-3,0.001,0.0001,0.7927,0.49673,1836
36,4,gender,ema_lr5e-3,0.005,0.0001,0.75236,0.53105,1836
36,4,gender,ema_lr1e-2,0.01,0.0001,0.8376,0.51525,1836
36,4,gender,ema_lr5e-2,0.05,0.0001,2.23472,0.46296,1836
36,4,gender,ema_lr1e-2_wd1e-3,0.01,0.001,0.84362,0.48856,1836
36,4,gender,ema_d0.99,0.01,0.0001,0.96155,0.51688,1836
36,4,gender,ema_d0.9999,0.01,0.0001,0.87647,0.47386,1836
36,4,gender,mlp_h16,0.001,0.0,0.68596,0.54466,1836
36,4,gender,mlp_h32,0.001,0.0,0.68824,0.54575,1836
36,4,gender,mlp_h64,0.001,0.0,0.69476,0.54739,1836
36,4,gender,mlp_h128,0.001,0.0,0.70612,0.53867,1836
36,4,gender,attention,0.0001,1e-05,0.7435,0.51562,1836
36,4,gender,shuffled,0.01,0.0001,0.86971,0.47821,1836
36,4,star_sign,ema_lr1e-3,0.001,0.0001,2.62821,0.0719,1836
36,4,star_sign,ema_lr5e-3,0.005,0.0001,2.47489,0.18791,1836
36,4,star_sign,ema_lr1e-2,0.01,0.0001,2.32552,0.26089,1836
36,4,star_sign,ema_lr5e-2,0.05,0.0001,3.15939,0.93028,1836
36,4,star_sign,ema_lr1e-2_wd1e-3,0.01,0.001,2.32337,0.2756,1836
36,4,star_sign,ema_d0.99,0.01,0.0001,2.30863,0.24237,1836
36,4,star_sign,ema_d0.9999,0.01,0.0001,2.34154,0.24401,1836
36,4,star_sign,mlp_h16,0.001,0.0,0.01716,1.0,1836
36,4,star_sign,mlp_h32,0.001,0.0,0.00074,1.0,1836
36,4,star_sign,mlp_h64,0.001,0.0,0.00048,1.0,1836
36,4,star_sign,mlp_h128,0.001,0.0,2e-05,1.0,1836
36,4,star_sign,attention,0.0001,1e-05,0.02101,1.0,1836
36,4,star_sign,shuffled,0.01,0.0001,2.3231,0.27669,1836
36,8,age_bin,ema_lr1e-3,0.001,0.0001,1.28252,0.29085,1836
36,8,age_bin,ema_lr5e-3,0.005,0.0001,1.21581,0.3415,1836
36,8,age_bin,ema_lr1e-2,0.01,0.0001,1.19485,0.34532,1836
36,8,age_bin,ema_lr5e-2,0.05,0.0001,2.97032,0.50218,1836
36,8,age_bin,ema_lr1e-2_wd1e-3,0.01,0.001,1.20264,0.34423,1836
36,8,age_bin,ema_d0.99,0.01,0.0001,1.22019,0.36547,1836
36,8,age_bin,ema_d0.9999,0.01,0.0001,1.22625,0.32516,1836
36,8,age_bin,mlp_h16,0.001,0.0,1.01685,0.49837,1836
36,8,age_bin,mlp_h32,0.001,0.0,1.01427,0.5207,1836
36,8,age_bin,mlp_h64,0.001,0.0,0.99165,0.51416,1836
36,8,age_bin,mlp_h128,0.001,0.0,0.99536,0.52015,1836
36,8,age_bin,attention,0.0001,1e-05,0.97983,0.5,1836
36,8,age_bin,shuffled,0.01,0.0001,1.22829,0.36275,1836
36,8,gender,ema_lr1e-3,0.001,0.0001,0.78196,0.49346,1836
36,8,gender,ema_lr5e-3,0.005,0.0001,0.79755,0.50545,1836
36,8,gender,ema_lr1e-2,0.01,0.0001,0.83749,0.50654,1836
36,8,gender,ema_lr5e-2,0.05,0.0001,3.86502,0.53595,1836
36,8,gender,ema_lr1e-2_wd1e-3,0.01,0.001,0.94029,0.51634,1836
36,8,gender,ema_d0.99,0.01,0.0001,0.93343,0.5354,1836
36,8,gender,ema_d0.9999,0.01,0.0001,0.875,0.5,1836
36,8,gender,mlp_h16,0.001,0.0,0.67755,0.54575,1836
36,8,gender,mlp_h32,0.001,0.0,0.67502,0.56155,1836
36,8,gender,mlp_h64,0.001,0.0,0.67228,0.56754,1836
36,8,gender,mlp_h128,0.001,0.0,0.71873,0.54793,1836
36,8,gender,attention,0.0001,1e-05,0.70889,0.51562,1836
36,8,gender,shuffled,0.01,0.0001,0.95726,0.5098,1836
36,8,star_sign,ema_lr1e-3,0.001,0.0001,2.67704,0.122,1836
36,8,star_sign,ema_lr5e-3,0.005,0.0001,2.56246,0.17102,1836
36,8,star_sign,ema_lr1e-2,0.01,0.0001,2.39044,0.21242,1836
36,8,star_sign,ema_lr5e-2,0.05,0.0001,1.52902,0.74619,1836
36,8,star_sign,ema_lr1e-2_wd1e-3,0.01,0.001,2.33629,0.26634,1836
36,8,star_sign,ema_d0.99,0.01,0.0001,2.35047,0.24292,1836
36,8,star_sign,ema_d0.9999,0.01,0.0001,2.38838,0.24074,1836
36,8,star_sign,mlp_h16,0.001,0.0,1.42599,0.1171,1836
36,8,star_sign,mlp_h32,0.001,0.0,0.01917,1.0,1836
36,8,star_sign,mlp_h64,0.001,0.0,0.00038,1.0,1836
36,8,star_sign,mlp_h128,0.001,0.0,2e-05,1.0,1836
36,8,star_sign,attention,0.0001,1e-05,0.0,1.0,1836
36,8,star_sign,shuffled,0.01,0.0001,2.35581,0.24183,1836
36,12,age_bin,ema_lr1e-3,0.001,0.0001,1.25672,0.32571,1836
36,12,age_bin,ema_lr5e-3,0.005,0.0001,1.23706,0.29902,1836
36,12,age_bin,ema_lr1e-2,0.01,0.0001,1.23959,0.35349,1836
36,12,age_bin,ema_lr5e-2,0.05,0.0001,2.99764,0.49891,1836
36,12,age_bin,ema_lr1e-2_wd1e-3,0.01,0.001,1.19276,0.36383,1836
36,12,age_bin,ema_d0.99,0.01,0.0001,1.18349,0.38998,1836
36,12,age_bin,ema_d0.9999,0.01,0.0001,1.17546,0.38072,1836
36,12,age_bin,mlp_h16,0.001,0.0,1.0061,0.52124,1836
36,12,age_bin,mlp_h32,0.001,0.0,1.01,0.51634,1836
36,12,age_bin,mlp_h64,0.001,0.0,1.00901,0.5207,1836
36,12,age_bin,mlp_h128,0.001,0.0,0.9894,0.52397,1836
36,12,age_bin,attention,0.0001,1e-05,19.85112,0.53125,1836
36,12,age_bin,shuffled,0.01,0.0001,1.20988,0.34096,1836
36,12,gender,ema_lr1e-3,0.001,0.0001,0.78333,0.5098,1836
36,12,gender,ema_lr5e-3,0.005,0.0001,0.76557,0.50708,1836
36,12,gender,ema_lr1e-2,0.01,0.0001,0.92881,0.5207,1836
36,12,gender,ema_lr5e-2,0.05,0.0001,3.8627,0.53595,1836
36,12,gender,ema_lr1e-2_wd1e-3,0.01,0.001,0.84678,0.51906,1836
36,12,gender,ema_d0.99,0.01,0.0001,0.85099,0.47767,1836
36,12,gender,ema_d0.9999,0.01,0.0001,0.9227,0.53813,1836
36,12,gender,mlp_h16,0.001,0.0,0.66974,0.58606,1836
36,12,gender,mlp_h32,0.001,0.0,0.6725,0.57516,1836
36,12,gender,mlp_h64,0.001,0.0,0.67376,0.58769,1836
36,12,gender,mlp_h128,0.001,0.0,0.67636,0.57625,1836
36,12,gender,attention,0.0001,1e-05,0.71291,0.53906,1836
36,12,gender,shuffled,0.01,0.0001,0.87448,0.47549,1836
36,12,star_sign,ema_lr1e-3,0.001,0.0001,2.77944,0.07407,1836
36,12,star_sign,ema_lr5e-3,0.005,0.0001,2.49557,0.15741,1836
36,12,star_sign,ema_lr1e-2,0.01,0.0001,2.3831,0.21569,1836
36,12,star_sign,ema_lr5e-2,0.05,0.0001,3.04263,0.93028,1836
36,12,star_sign,ema_lr1e-2_wd1e-3,0.01,0.001,2.33198,0.25599,1836
36,12,star_sign,ema_d0.99,0.01,0.0001,2.33406,0.20969,1836
36,12,star_sign,ema_d0.9999,0.01,0.0001,2.33124,0.2707,1836
36,12,star_sign,mlp_h16,0.001,0.0,0.06465,1.0,1836
36,12,star_sign,mlp_h32,0.001,0.0,0.00433,1.0,1836
36,12,star_sign,mlp_h64,0.001,0.0,0.0003,1.0,1836
36,12,star_sign,mlp_h128,0.001,0.0,3e-05,1.0,1836
36,12,star_sign,attention,0.0001,1e-05,0.0,1.0,1836
36,12,star_sign,shuffled,0.01,0.0001,2.37678,0.22277,1836
36,16,age_bin,ema_lr1e-3,0.001,0.0001,1.20082,0.32516,1836
36,16,age_bin,ema_lr5e-3,0.005,0.0001,1.16756,0.35621,1836
36,16,age_bin,ema_lr1e-2,0.01,0.0001,1.1755,0.36765,1836
36,16,age_bin,ema_lr5e-2,0.05,0.0001,2.99453,0.5098,1836
36,16,age_bin,ema_lr1e-2_wd1e-3,0.01,0.001,1.21231,0.3366,1836
36,16,age_bin,ema_d0.99,0.01,0.0001,1.20253,0.34041,1836
36,16,age_bin,ema_d0.9999,0.01,0.0001,1.18885,0.38235,1836
36,16,age_bin,mlp_h16,0.001,0.0,1.01392,0.51961,1836
36,16,age_bin,mlp_h32,0.001,0.0,1.00592,0.5049,1836
36,16,age_bin,mlp_h64,0.001,0.0,0.98821,0.52233,1836
36,16,age_bin,mlp_h128,0.001,0.0,0.98924,0.51035,1836
36,16,age_bin,attention,0.0001,1e-05,1.02439,0.50781,1836
36,16,age_bin,shuffled,0.01,0.0001,1.1636,0.35893,1836
36,16,gender,ema_lr1e-3,0.001,0.0001,0.79752,0.48366,1836
36,16,gender,ema_lr5e-3,0.005,0.0001,0.77879,0.47821,1836
36,16,gender,ema_lr1e-2,0.01,0.0001,0.87078,0.49673,1836
36,16,gender,ema_lr5e-2,0.05,0.0001,3.88841,0.53595,1836
36,16,gender,ema_lr1e-2_wd1e-3,0.01,0.001,0.84028,0.49237,1836
36,16,gender,ema_d0.99,0.01,0.0001,0.94265,0.52451,1836
36,16,gender,ema_d0.9999,0.01,0.0001,0.93083,0.5256,1836
36,16,gender,mlp_h16,0.001,0.0,0.68492,0.54793,1836
36,16,gender,mlp_h32,0.001,0.0,0.67693,0.57298,1836
36,16,gender,mlp_h64,0.001,0.0,0.6999,0.54466,1836
36,16,gender,mlp_h128,0.001,0.0,0.67326,0.56536,1836
36,16,gender,attention,0.0001,1e-05,11.84611,0.49219,1836
36,16,gender,shuffled,0.01,0.0001,0.95823,0.4744,1836
36,16,star_sign,ema_lr1e-3,0.001,0.0001,2.69632,0.11601,1836
36,16,star_sign,ema_lr5e-3,0.005,0.0001,2.57789,0.19227,1836
36,16,star_sign,ema_lr1e-2,0.01,0.0001,2.32539,0.24837,1836
36,16,star_sign,ema_lr5e-2,0.05,0.0001,3.07971,0.93028,1836
36,16,star_sign,ema_lr1e-2_wd1e-3,0.01,0.001,2.34663,0.24782,1836
36,16,star_sign,ema_d0.99,0.01,0.0001,2.33817,0.2146,1836
36,16,star_sign,ema_d0.9999,0.01,0.0001,2.36593,0.23312,1836
36,16,star_sign,mlp_h16,0.001,0.0,0.00731,1.0,1836
36,16,star_sign,mlp_h32,0.001,0.0,0.00174,1.0,1836
36,16,star_sign,mlp_h64,0.001,0.0,0.00016,1.0,1836
36,16,star_sign,mlp_h128,0.001,0.0,2e-05,1.0,1836
36,16,star_sign,attention,0.0001,1e-05,0.0,1.0,1836
36,16,star_sign,shuffled,0.01,0.0001,2.34636,0.23584,1836
36,20,age_bin,ema_lr1e-3,0.001,0.0001,1.31813,0.29303,1836
36,20,age_bin,ema_lr5e-3,0.005,0.0001,1.23788,0.34259,1836
36,20,age_bin,ema_lr1e-2,0.01,0.0001,1.24384,0.35458,1836
36,20,age_bin,ema_lr5e-2,0.05,0.0001,2.71798,0.50327,1836
36,20,age_bin,ema_lr1e-2_wd1e-3,0.01,0.001,1.25753,0.33442,1836
36,20,age_bin,ema_d0.99,0.01,0.0001,1.20724,0.36275,1836
36,20,age_bin,ema_d0.9999,0.01,0.0001,1.17565,0.37418,1836
36,20,age_bin,mlp_h16,0.001,0.0,0.99854,0.52015,1836
36,20,age_bin,mlp_h32,0.001,0.0,0.98766,0.52505,1836
36,20,age_bin,mlp_h64,0.001,0.0,0.99047,0.51688,1836
36,20,age_bin,mlp_h128,0.001,0.0,0.98143,0.51688,1836
36,20,age_bin,attention,0.0001,1e-05,6.35748,0.53906,1836
36,20,age_bin,shuffled,0.01,0.0001,1.2001,0.36874,1836
36,20,gender,ema_lr1e-3,0.001,0.0001,0.80057,0.52124,1836
36,20,gender,ema_lr5e-3,0.005,0.0001,0.79735,0.48475,1836
36,20,gender,ema_lr1e-2,0.01,0.0001,0.88895,0.51416,1836
36,20,gender,ema_lr5e-2,0.05,0.0001,3.33851,0.53595,1836
36,20,gender,ema_lr1e-2_wd1e-3,0.01,0.001,0.94352,0.54793,1836
36,20,gender,ema_d0.99,0.01,0.0001,0.92688,0.5158,1836
36,20,gender,ema_d0.9999,0.01,0.0001,0.87251,0.50817,1836
36,20,gender,mlp_h16,0.001,0.0,0.67799,0.55937,1836
36,20,gender,mlp_h32,0.001,0.0,0.67355,0.56209,1836
36,20,gender,mlp_h64,0.001,0.0,0.6715,0.56699,1836
36,20,gender,mlp_h128,0.001,0.0,0.67251,0.56754,1836
36,20,gender,attention,0.0001,1e-05,13.07883,0.49219,1836
36,20,gender,shuffled,0.01,0.0001,0.86339,0.52451,1836
36,20,star_sign,ema_lr1e-3,0.001,0.0001,2.7769,0.10403,1836
36,20,star_sign,ema_lr5e-3,0.005,0.0001,2.52488,0.1585,1836
36,20,star_sign,ema_lr1e-2,0.01,0.0001,2.41358,0.19172,1836
36,20,star_sign,ema_lr5e-2,0.05,0.0001,2.50477,0.92974,1836
36,20,star_sign,ema_lr1e-2_wd1e-3,0.01,0.001,2.3922,0.2195,1836
36,20,star_sign,ema_d0.99,0.01,0.0001,2.45064,0.20534,1836
36,20,star_sign,ema_d0.9999,0.01,0.0001,2.41385,0.19281,1836
36,20,star_sign,mlp_h16,0.001,0.0,0.32935,1.0,1836
36,20,star_sign,mlp_h32,0.001,0.0,0.00076,1.0,1836
36,20,star_sign,mlp_h64,0.001,0.0,0.00024,1.0,1836
36,20,star_sign,mlp_h128,0.001,0.0,2e-05,1.0,1836
36,20,star_sign,attention,0.0001,1e-05,0.0009,1.0,1836
36,20,star_sign,shuffled,0.01,0.0001,2.45263,0.19009,1836
36,24,age_bin,ema_lr1e-3,0.001,0.0001,1.32916,0.35839,1836
36,24,age_bin,ema_lr5e-3,0.005,0.0001,1.31867,0.3268,1836
36,24,age_bin,ema_lr1e-2,0.01,0.0001,1.30767,0.33279,1836
36,24,age_bin,ema_lr5e-2,0.05,0.0001,2.16543,0.32843,1836
36,24,age_bin,ema_lr1e-2_wd1e-3,0.01,0.001,1.29827,0.33061,1836
36,24,age_bin,ema_d0.99,0.01,0.0001,1.24596,0.36329,1836
36,24,age_bin,ema_d0.9999,0.01,0.0001,1.2261,0.38508,1836
36,24,age_bin,mlp_h16,0.001,0.0,1.02325,0.47222,1836
36,24,age_bin,mlp_h32,0.001,0.0,1.0154,0.50436,1836
36,24,age_bin,mlp_h64,0.001,0.0,1.02398,0.4744,1836
36,24,age_bin,mlp_h128,0.001,0.0,1.0085,0.50599,1836
36,24,age_bin,attention,0.0001,1e-05,4.75344,0.27344,1836
36,24,age_bin,shuffled,0.01,0.0001,1.31817,0.33824,1836
36,24,gender,ema_lr1e-3,0.001,0.0001,0.8952,0.51961,1836
36,24,gender,ema_lr5e-3,0.005,0.0001,0.83044,0.52887,1836
36,24,gender,ema_lr1e-2,0.01,0.0001,0.80491,0.5512,1836
36,24,gender,ema_lr5e-2,0.05,0.0001,1.67953,0.50545,1836
36,24,gender,ema_lr1e-2_wd1e-3,0.01,0.001,0.89396,0.52397,1836
36,24,gender,ema_d0.99,0.01,0.0001,0.88831,0.47821,1836
36,24,gender,ema_d0.9999,0.01,0.0001,0.88191,0.50163,1836
36,24,gender,mlp_h16,0.001,0.0,0.67578,0.56264,1836
36,24,gender,mlp_h32,0.001,0.0,0.68669,0.54847,1836
36,24,gender,mlp_h64,0.001,0.0,0.68165,0.55664,1836
36,24,gender,mlp_h128,0.001,0.0,0.67188,0.5719,1836
36,24,gender,attention,0.0001,1e-05,2.76845,0.48438,1836
36,24,gender,shuffled,0.01,0.0001,0.89103,0.50327,1836
36,24,star_sign,ema_lr1e-3,0.001,0.0001,2.84829,0.09586,1836
36,24,star_sign,ema_lr5e-3,0.005,0.0001,2.76215,0.10458,1836
36,24,star_sign,ema_lr1e-2,0.01,0.0001,2.57243,0.15741,1836
36,24,star_sign,ema_lr5e-2,0.05,0.0001,2.35902,0.91285,1836
36,24,star_sign,ema_lr1e-2_wd1e-3,0.01,0.001,2.51233,0.15904,1836
36,24,star_sign,ema_d0.99,0.01,0.0001,2.57754,0.14924,1836
36,24,star_sign,ema_d0.9999,0.01,0.0001,2.5287,0.15196,1836
36,24,star_sign,mlp_h16,0.001,0.0,0.00666,1.0,1836
36,24,star_sign,mlp_h32,0.001,0.0,0.00715,1.0,1836
36,24,star_sign,mlp_h64,0.001,0.0,0.00044,1.0,1836
36,24,star_sign,mlp_h128,0.001,0.0,2e-05,1.0,1836
36,24,star_sign,attention,0.0001,1e-05,1e-05,1.0,1836
36,24,star_sign,shuffled,0.01,0.0001,2.54724,0.1781,1836
36,28,age_bin,ema_lr1e-3,0.001,0.0001,1.60636,0.33388,1836
36,28,age_bin,ema_lr5e-3,0.005,0.0001,1.41181,0.36547,1836
36,28,age_bin,ema_lr1e-2,0.01,0.0001,1.36236,0.37309,1836
36,28,age_bin,ema_lr5e-2,0.05,0.0001,1.21375,0.41612,1836
36,28,age_bin,ema_lr1e-2_wd1e-3,0.01,0.001,1.33113,0.38235,1836
36,28,age_bin,ema_d0.99,0.01,0.0001,1.38453,0.34913,1836
36,28,age_bin,ema_d0.9999,0.01,0.0001,1.31906,0.37854,1836
36,28,age_bin,mlp_h16,0.001,0.0,0.97545,0.52778,1836
36,28,age_bin,mlp_h32,0.001,0.0,0.99038,0.52451,1836
36,28,age_bin,mlp_h64,0.001,0.0,0.99949,0.50545,1836
36,28,age_bin,mlp_h128,0.001,0.0,1.00632,0.49782,1836
36,28,age_bin,attention,0.0001,1e-05,1.23847,0.42969,1836
36,28,age_bin,shuffled,0.01,0.0001,1.38801,0.3366,1836
36,28,gender,ema_lr1e-3,0.001,0.0001,1.03857,0.50109,1836
36,28,gender,ema_lr5e-3,0.005,0.0001,0.89476,0.50272,1836
36,28,gender,ema_lr1e-2,0.01,0.0001,0.85478,0.51743,1836
36,28,gender,ema_lr5e-2,0.05,0.0001,0.77506,0.53595,1836
36,28,gender,ema_lr1e-2_wd1e-3,0.01,0.001,0.88831,0.53159,1836
36,28,gender,ema_d0.99,0.01,0.0001,0.83443,0.51797,1836
36,28,gender,ema_d0.9999,0.01,0.0001,0.9322,0.49728,1836
36,28,gender,mlp_h16,0.001,0.0,0.68584,0.5354,1836
36,28,gender,mlp_h32,0.001,0.0,0.67816,0.54956,1836
36,28,gender,mlp_h64,0.001,0.0,0.69195,0.52505,1836
36,28,gender,mlp_h128,0.001,0.0,0.68676,0.52941,1836
36,28,gender,attention,0.0001,1e-05,0.7692,0.57031,1836
36,28,gender,shuffled,0.01,0.0001,0.88883,0.50327,1836
36,28,star_sign,ema_lr1e-3,0.001,0.0001,3.27105,0.09967,1836
36,28,star_sign,ema_lr5e-3,0.005,0.0001,3.00632,0.11983,1836
36,28,star_sign,ema_lr1e-2,0.01,0.0001,2.72874,0.12527,1836
36,28,star_sign,ema_lr5e-2,0.05,0.0001,1.57258,0.58061,1836
36,28,star_sign,ema_lr1e-2_wd1e-3,0.01,0.001,2.72906,0.12854,1836
36,28,star_sign,ema_d0.99,0.01,0.0001,2.88016,0.10675,1836
36,28,star_sign,ema_d0.9999,0.01,0.0001,2.7875,0.12854,1836
36,28,star_sign,mlp_h16,0.001,0.0,0.42451,0.98856,1836
36,28,star_sign,mlp_h32,0.001,0.0,0.1223,1.0,1836
36,28,star_sign,mlp_h64,0.001,0.0,0.02016,1.0,1836
36,28,star_sign,mlp_h128,0.001,0.0,0.00385,1.0,1836
36,28,star_sign,attention,0.0001,1e-05,0.0,1.0,1836
36,28,star_sign,shuffled,0.01,0.0001,2.74387,0.12636,1836
37,0,age_bin,ema_lr1e-3,0.001,0.0001,1.5168,0.3471,1792
37,0,age_bin,ema_lr5e-3,0.005,0.0001,1.4256,0.33371,1792
37,0,age_bin,ema_lr1e-2,0.01,0.0001,1.31835,0.38002,1792
37,0,age_bin,ema_lr5e-2,0.05,0.0001,1.32439,0.42634,1792
37,0,age_bin,ema_lr1e-2_wd1e-3,0.01,0.001,1.33096,0.3471,1792
37,0,age_bin,ema_d0.99,0.01,0.0001,1.33733,0.35826,1792
37,0,age_bin,ema_d0.9999,0.01,0.0001,1.35959,0.38449,1792
37,0,age_bin,mlp_h16,0.001,0.0,0.97444,0.59766,1792
37,0,age_bin,mlp_h32,0.001,0.0,0.97686,0.57812,1792
37,0,age_bin,mlp_h64,0.001,0.0,0.96505,0.58371,1792
37,0,age_bin,mlp_h128,0.001,0.0,0.97479,0.57868,1792
37,0,age_bin,attention,0.0001,1e-05,1.04516,0.5625,1792
37,0,age_bin,shuffled,0.01,0.0001,1.35218,0.375,1792
37,0,gender,ema_lr1e-3,0.001,0.0001,1.02864,0.49777,1792
37,0,gender,ema_lr5e-3,0.005,0.0001,0.88204,0.53404,1792
37,0,gender,ema_lr1e-2,0.01,0.0001,0.83487,0.53739,1792
37,0,gender,ema_lr5e-2,0.05,0.0001,1.20538,0.50335,1792
37,0,gender,ema_lr1e-2_wd1e-3,0.01,0.001,0.85334,0.50614,1792
37,0,gender,ema_d0.99,0.01,0.0001,0.86881,0.51395,1792
37,0,gender,ema_d0.9999,0.01,0.0001,0.86442,0.50279,1792
37,0,gender,mlp_h16,0.001,0.0,0.70029,0.50167,1792
37,0,gender,mlp_h32,0.001,0.0,0.7131,0.4894,1792
37,0,gender,mlp_h64,0.001,0.0,0.7077,0.49107,1792
37,0,gender,mlp_h128,0.001,0.0,0.69508,0.5106,1792
37,0,gender,attention,0.0001,1e-05,0.6943,0.44531,1792
37,0,gender,shuffled,0.01,0.0001,0.89585,0.48493,1792
37,0,star_sign,ema_lr1e-3,0.001,0.0001,3.14463,0.0971,1792
37,0,star_sign,ema_lr5e-3,0.005,0.0001,2.91661,0.11272,1792
37,0,star_sign,ema_lr1e-2,0.01,0.0001,2.7329,0.14621,1792
37,0,star_sign,ema_lr5e-2,0.05,0.0001,1.4705,0.72321,1792
37,0,star_sign,ema_lr1e-2_wd1e-3,0.01,0.001,2.74935,0.18136,1792
37,0,star_sign,ema_d0.99,0.01,0.0001,2.73782,0.14844,1792
37,0,star_sign,ema_d0.9999,0.01,0.0001,2.73579,0.12054,1792
37,0,star_sign,mlp_h16,0.001,0.0,0.30068,0.97656,1792
37,0,star_sign,mlp_h32,0.001,0.0,0.02673,1.0,1792
37,0,star_sign,mlp_h64,0.001,0.0,0.01198,1.0,1792
37,0,star_sign,mlp_h128,0.001,0.0,0.00508,1.0,1792
37,0,star_sign,attention,0.0001,1e-05,2.21221,1.0,1792
37,0,star_sign,shuffled,0.01,0.0001,2.71897,0.09766,1792
37,4,age_bin,ema_lr1e-3,0.001,0.0001,1.20714,0.34096,1792
37,4,age_bin,ema_lr5e-3,0.005,0.0001,1.19434,0.32478,1792
37,4,age_bin,ema_lr1e-2,0.01,0.0001,1.21805,0.45647,1792
37,4,age_bin,ema_lr5e-2,0.05,0.0001,3.36095,0.17411,1792
37,4,age_bin,ema_lr1e-2_wd1e-3,0.01,0.001,1.29243,0.4375,1792
37,4,age_bin,ema_d0.99,0.01,0.0001,1.18638,0.4029,1792
37,4,age_bin,ema_d0.9999,0.01,0.0001,1.26999,0.29408,1792
37,4,age_bin,mlp_h16,0.001,0.0,0.98523,0.59821,1792
37,4,age_bin,mlp_h32,0.001,0.0,0.95405,0.60547,1792
37,4,age_bin,mlp_h64,0.001,0.0,0.95356,0.61272,1792
37,4,age_bin,mlp_h128,0.001,0.0,0.94915,0.60435,1792
37,4,age_bin,attention,0.0001,1e-05,1.02934,0.53125,1792
37,4,age_bin,shuffled,0.01,0.0001,1.1678,0.38672,1792
37,4,gender,ema_lr1e-3,0.001,0.0001,0.81589,0.47824,1792
37,4,gender,ema_lr5e-3,0.005,0.0001,0.77255,0.50837,1792
37,4,gender,ema_lr1e-2,0.01,0.0001,0.98671,0.44308,1792
37,4,gender,ema_lr5e-2,0.05,0.0001,4.85162,0.39788,1792
37,4,gender,ema_lr1e-2_wd1e-3,0.01,0.001,1.01064,0.46094,1792
37,4,gender,ema_d0.99,0.01,0.0001,0.89265,0.56864,1792
37,4,gender,ema_d0.9999,0.01,0.0001,0.99517,0.42969,1792
37,4,gender,mlp_h16,0.001,0.0,0.71797,0.42746,1792
37,4,gender,mlp_h32,0.001,0.0,0.70287,0.44475,1792
37,4,gender,mlp_h64,0.001,0.0,0.74765,0.41462,1792
37,4,gender,mlp_h128,0.001,0.0,0.81986,0.39007,1792
37,4,gender,attention,0.0001,1e-05,0.68888,0.54688,1792
37,4,gender,shuffled,0.01,0.0001,1.0048,0.44085,1792
37,4,star_sign,ema_lr1e-3,0.001,0.0001,2.66638,0.07143,1792
37,4,star_sign,ema_lr5e-3,0.005,0.0001,2.46953,0.17132,1792
37,4,star_sign,ema_lr1e-2,0.01,0.0001,2.33993,0.21205,1792
37,4,star_sign,ema_lr5e-2,0.05,0.0001,2.00175,0.31975,1792
37,4,star_sign,ema_lr1e-2_wd1e-3,0.01,0.001,2.35254,0.2115,1792
37,4,star_sign,ema_d0.99,0.01,0.0001,2.29388,0.23326,1792
37,4,star_sign,ema_d0.9999,0.01,0.0001,2.33478,0.2115,1792
37,4,star_sign,mlp_h16,0.001,0.0,0.01541,1.0,1792
37,4,star_sign,mlp_h32,0.001,0.0,0.00066,1.0,1792
37,4,star_sign,mlp_h64,0.001,0.0,0.00042,1.0,1792
37,4,star_sign,mlp_h128,0.001,0.0,1e-05,1.0,1792
37,4,star_sign,attention,0.0001,1e-05,0.02184,1.0,1792
37,4,star_sign,shuffled,0.01,0.0001,2.30463,0.2606,1792
37,8,age_bin,ema_lr1e-3,0.001,0.0001,1.25286,0.32254,1792
37,8,age_bin,ema_lr5e-3,0.005,0.0001,1.18856,0.35156,1792
37,8,age_bin,ema_lr1e-2,0.01,0.0001,1.20036,0.36217,1792
37,8,age_bin,ema_lr5e-2,0.05,0.0001,3.62372,0.14676,1792
37,8,age_bin,ema_lr1e-2_wd1e-3,0.01,0.001,1.23997,0.31138,1792
37,8,age_bin,ema_d0.99,0.01,0.0001,1.27208,0.32366,1792
37,8,age_bin,ema_d0.9999,0.01,0.0001,1.20892,0.34654,1792
37,8,age_bin,mlp_h16,0.001,0.0,0.97498,0.58929,1792
37,8,age_bin,mlp_h32,0.001,0.0,0.97718,0.60045,1792
37,8,age_bin,mlp_h64,0.001,0.0,0.93781,0.60379,1792
37,8,age_bin,mlp_h128,0.001,0.0,0.94781,0.59821,1792
37,8,age_bin,attention,0.0001,1e-05,1.07169,0.49219,1792
37,8,age_bin,shuffled,0.01,0.0001,1.26734,0.33873,1792
37,8,gender,ema_lr1e-3,0.001,0.0001,0.82797,0.45703,1792
37,8,gender,ema_lr5e-3,0.005,0.0001,0.78239,0.52455,1792
37,8,gender,ema_lr1e-2,0.01,0.0001,0.99411,0.44531,1792
37,8,gender,ema_lr5e-2,0.05,0.0001,2.92897,0.60212,1792
37,8,gender,ema_lr1e-2_wd1e-3,0.01,0.001,0.87583,0.56696,1792
37,8,gender,ema_d0.99,0.01,0.0001,0.89722,0.56864,1792
37,8,gender,ema_d0.9999,0.01,0.0001,0.99604,0.45257,1792
37,8,gender,mlp_h16,0.001,0.0,0.70784,0.48103,1792
37,8,gender,mlp_h32,0.001,0.0,0.71672,0.45703,1792
37,8,gender,mlp_h64,0.001,0.0,0.70875,0.48214,1792
37,8,gender,mlp_h128,0.001,0.0,0.80475,0.4202,1792
37,8,gender,attention,0.0001,1e-05,0.74026,0.51562,1792
37,8,gender,shuffled,0.01,0.0001,0.96561,0.5452,1792
37,8,star_sign,ema_lr1e-3,0.001,0.0001,2.70205,0.10714,1792
37,8,star_sign,ema_lr5e-3,0.005,0.0001,2.53928,0.1596,1792
37,8,star_sign,ema_lr1e-2,0.01,0.0001,2.35516,0.22098,1792
37,8,star_sign,ema_lr5e-2,0.05,0.0001,2.52306,0.92801,1792
37,8,star_sign,ema_lr1e-2_wd1e-3,0.01,0.001,2.35928,0.22154,1792
37,8,star_sign,ema_d0.99,0.01,0.0001,2.33644,0.21373,1792
37,8,star_sign,ema_d0.9999,0.01,0.0001,2.39373,0.20592,1792
37,8,star_sign,mlp_h16,0.001,0.0,1.3748,0.29632,1792
37,8,star_sign,mlp_h32,0.001,0.0,0.01661,1.0,1792
37,8,star_sign,mlp_h64,0.001,0.0,0.00034,1.0,1792
37,8,star_sign,mlp_h128,0.001,0.0,2e-05,1.0,1792
37,8,star_sign,attention,0.0001,1e-05,0.0,1.0,1792
37,8,star_sign,shuffled,0.01,0.0001,2.35537,0.20257,1792
37,12,age_bin,ema_lr1e-3,0.001,0.0001,1.24563,0.32589,1792
37,12,age_bin,ema_lr5e-3,0.005,0.0001,1.23095,0.32701,1792
37,12,age_bin,ema_lr1e-2,0.01,0.0001,1.16972,0.42411,1792
37,12,age_bin,ema_lr5e-2,0.05,0.0001,3.16242,0.21596,1792
37,12,age_bin,ema_lr1e-2_wd1e-3,0.01,0.001,1.28516,0.30413,1792
37,12,age_bin,ema_d0.99,0.01,0.0001,1.29803,0.3298,1792
37,12,age_bin,ema_d0.9999,0.01,0.0001,1.24198,0.32199,1792
37,12,age_bin,mlp_h16,0.001,0.0,0.97622,0.59766,1792
37,12,age_bin,mlp_h32,0.001,0.0,0.97582,0.57199,1792
37,12,age_bin,mlp_h64,0.001,0.0,0.97952,0.59375,1792
37,12,age_bin,mlp_h128,0.001,0.0,0.95468,0.5865,1792
37,12,age_bin,attention,0.0001,1e-05,19.69656,0.50781,1792
37,12,age_bin,shuffled,0.01,0.0001,1.36828,0.46931,1792
37,12,gender,ema_lr1e-3,0.001,0.0001,0.79156,0.50781,1792
37,12,gender,ema_lr5e-3,0.005,0.0001,0.77521,0.51004,1792
37,12,gender,ema_lr1e-2,0.01,0.0001,0.88771,0.56138,1792
37,12,gender,ema_lr5e-2,0.05,0.0001,2.98189,0.60212,1792
37,12,gender,ema_lr1e-2_wd1e-3,0.01,0.001,0.9497,0.4827,1792
37,12,gender,ema_d0.99,0.01,0.0001,0.9883,0.46373,1792
37,12,gender,ema_d0.9999,0.01,0.0001,0.8865,0.57478,1792
37,12,gender,mlp_h16,0.001,0.0,0.70904,0.47935,1792
37,12,gender,mlp_h32,0.001,0.0,0.71183,0.47377,1792
37,12,gender,mlp_h64,0.001,0.0,0.69687,0.52288,1792
37,12,gender,mlp_h128,0.001,0.0,0.73467,0.47042,1792
37,12,gender,attention,0.0001,1e-05,0.62854,0.63281,1792
37,12,gender,shuffled,0.01,0.0001,0.99754,0.45033,1792
37,12,star_sign,ema_lr1e-3,0.001,0.0001,2.70564,0.07701,1792
37,12,star_sign,ema_lr5e-3,0.005,0.0001,2.5049,0.15904,1792
37,12,star_sign,ema_lr1e-2,0.01,0.0001,2.36318,0.17801,1792
37,12,star_sign,ema_lr5e-2,0.05,0.0001,1.94221,0.34487,1792
37,12,star_sign,ema_lr1e-2_wd1e-3,0.01,0.001,2.33448,0.21094,1792
37,12,star_sign,ema_d0.99,0.01,0.0001,2.341,0.20871,1792
37,12,star_sign,ema_d0.9999,0.01,0.0001,2.3464,0.22991,1792
37,12,star_sign,mlp_h16,0.001,0.0,0.0588,1.0,1792
37,12,star_sign,mlp_h32,0.001,0.0,0.00385,1.0,1792
37,12,star_sign,mlp_h64,0.001,0.0,0.00027,1.0,1792
37,12,star_sign,mlp_h128,0.001,0.0,3e-05,1.0,1792
37,12,star_sign,attention,0.0001,1e-05,0.0,1.0,1792
37,12,star_sign,shuffled,0.01,0.0001,2.32126,0.23549,1792
37,16,age_bin,ema_lr1e-3,0.001,0.0001,1.24724,0.32478,1792
37,16,age_bin,ema_lr5e-3,0.005,0.0001,1.14067,0.3683,1792
37,16,age_bin,ema_lr1e-2,0.01,0.0001,1.23733,0.31696,1792
37,16,age_bin,ema_lr5e-2,0.05,0.0001,4.00606,0.29241,1792
37,16,age_bin,ema_lr1e-2_wd1e-3,0.01,0.001,1.2327,0.33315,1792
37,16,age_bin,ema_d0.99,0.01,0.0001,1.22466,0.3298,1792
37,16,age_bin,ema_d0.9999,0.01,0.0001,1.24301,0.33147,1792
37,16,age_bin,mlp_h16,0.001,0.0,0.96898,0.59487,1792
37,16,age_bin,mlp_h32,0.001,0.0,0.96699,0.58371,1792
37,16,age_bin,mlp_h64,0.001,0.0,0.94355,0.60045,1792
37,16,age_bin,mlp_h128,0.001,0.0,0.95658,0.58203,1792
37,16,age_bin,attention,0.0001,1e-05,1.0419,0.53906,1792
37,16,age_bin,shuffled,0.01,0.0001,1.16034,0.33984,1792
37,16,gender,ema_lr1e-3,0.001,0.0001,0.79638,0.48493,1792
37,16,gender,ema_lr5e-3,0.005,0.0001,0.76781,0.49609,1792
37,16,gender,ema_lr1e-2,0.01,0.0001,0.94421,0.45926,1792
37,16,gender,ema_lr5e-2,0.05,0.0001,2.98726,0.60156,1792
37,16,gender,ema_lr1e-2_wd1e-3,0.01,0.001,0.96796,0.45201,1792
37,16,gender,ema_d0.99,0.01,0.0001,0.91062,0.53404,1792
37,16,gender,ema_d0.9999,0.01,0.0001,0.88638,0.56362,1792
37,16,gender,mlp_h16,0.001,0.0,0.70437,0.46261,1792
37,16,gender,mlp_h32,0.001,0.0,0.6993,0.4827,1792
37,16,gender,mlp_h64,0.001,0.0,0.78109,0.4375,1792
37,16,gender,mlp_h128,0.001,0.0,0.72239,0.47768,1792
37,16,gender,attention,0.0001,1e-05,4.5455,0.50781,1792
37,16,gender,shuffled,0.01,0.0001,0.88883,0.46987,1792
37,16,star_sign,ema_lr1e-3,0.001,0.0001,2.69624,0.11217,1792
37,16,star_sign,ema_lr5e-3,0.005,0.0001,2.59986,0.1596,1792
37,16,star_sign,ema_lr1e-2,0.01,0.0001,2.34015,0.23772,1792
37,16,star_sign,ema_lr5e-2,0.05,0.0001,1.93172,0.41406,1792
37,16,star_sign,ema_lr1e-2_wd1e-3,0.01,0.001,2.34926,0.2115,1792
37,16,star_sign,ema_d0.99,0.01,0.0001,2.33193,0.19754,1792
37,16,star_sign,ema_d0.9999,0.01,0.0001,2.32552,0.21261,1792
37,16,star_sign,mlp_h16,0.001,0.0,0.00673,1.0,1792
37,16,star_sign,mlp_h32,0.001,0.0,0.0016,1.0,1792
37,16,star_sign,mlp_h64,0.001,0.0,0.00015,1.0,1792
37,16,star_sign,mlp_h128,0.001,0.0,2e-05,1.0,1792
37,16,star_sign,attention,0.0001,1e-05,0.0,1.0,1792
37,16,star_sign,shuffled,0.01,0.0001,2.33801,0.2115,1792
37,20,age_bin,ema_lr1e-3,0.001,0.0001,1.31178,0.29576,1792
37,20,age_bin,ema_lr5e-3,0.005,0.0001,1.25414,0.33203,1792
37,20,age_bin,ema_lr1e-2,0.01,0.0001,1.29968,0.31138,1792
37,20,age_bin,ema_lr5e-2,0.05,0.0001,2.87896,0.27176,1792
37,20,age_bin,ema_lr1e-2_wd1e-3,0.01,0.001,1.25097,0.31194,1792
37,20,age_bin,ema_d0.99,0.01,0.0001,1.26326,0.36049,1792
37,20,age_bin,ema_d0.9999,0.01,0.0001,1.25036,0.34654,1792
37,20,age_bin,mlp_h16,0.001,0.0,0.96907,0.59766,1792
37,20,age_bin,mlp_h32,0.001,0.0,0.95844,0.59319,1792
37,20,age_bin,mlp_h64,0.001,0.0,0.95963,0.58538,1792
37,20,age_bin,mlp_h128,0.001,0.0,0.94227,0.59933,1792
37,20,age_bin,attention,0.0001,1e-05,6.49204,0.5625,1792
37,20,age_bin,shuffled,0.01,0.0001,1.20402,0.38895,1792
37,20,gender,ema_lr1e-3,0.001,0.0001,0.78672,0.5385,1792
37,20,gender,ema_lr5e-3,0.005,0.0001,0.79979,0.50167,1792
37,20,gender,ema_lr1e-2,0.01,0.0001,0.93263,0.4933,1792
37,20,gender,ema_lr5e-2,0.05,0.0001,2.77146,0.60491,1792
37,20,gender,ema_lr1e-2_wd1e-3,0.01,0.001,0.90151,0.52846,1792
37,20,gender,ema_d0.99,0.01,0.0001,0.91967,0.51897,1792
37,20,gender,ema_d0.9999,0.01,0.0001,0.95254,0.49219,1792
37,20,gender,mlp_h16,0.001,0.0,0.69511,0.51842,1792
37,20,gender,mlp_h32,0.001,0.0,0.7137,0.48382,1792
37,20,gender,mlp_h64,0.001,0.0,0.71193,0.49275,1792
37,20,gender,mlp_h128,0.001,0.0,0.75155,0.45424,1792
37,20,gender,attention,0.0001,1e-05,5.16443,0.52344,1792
37,20,gender,shuffled,0.01,0.0001,0.94126,0.5173,1792
37,20,star_sign,ema_lr1e-3,0.001,0.0001,2.71735,0.09989,1792
37,20,star_sign,ema_lr5e-3,0.005,0.0001,2.5464,0.14174,1792
37,20,star_sign,ema_lr1e-2,0.01,0.0001,2.40494,0.17299,1792
37,20,star_sign,ema_lr5e-2,0.05,0.0001,1.90585,0.38337,1792
37,20,star_sign,ema_lr1e-2_wd1e-3,0.01,0.001,2.42703,0.19531,1792
37,20,star_sign,ema_d0.99,0.01,0.0001,2.38313,0.20145,1792
37,20,star_sign,ema_d0.9999,0.01,0.0001,2.41701,0.16964,1792
37,20,star_sign,mlp_h16,0.001,0.0,0.29434,1.0,1792
37,20,star_sign,mlp_h32,0.001,0.0,0.00066,1.0,1792
37,20,star_sign,mlp_h64,0.001,0.0,0.00021,1.0,1792
37,20,star_sign,mlp_h128,0.001,0.0,1e-05,1.0,1792
37,20,star_sign,attention,0.0001,1e-05,0.00096,1.0,1792
37,20,star_sign,shuffled,0.01,0.0001,2.36757,0.22489,1792
37,24,age_bin,ema_lr1e-3,0.001,0.0001,1.3927,0.32199,1792
37,24,age_bin,ema_lr5e-3,0.005,0.0001,1.29681,0.35156,1792
37,24,age_bin,ema_lr1e-2,0.01,0.0001,1.27903,0.351,1792
37,24,age_bin,ema_lr5e-2,0.05,0.0001,2.08329,0.5692,1792
37,24,age_bin,ema_lr1e-2_wd1e-3,0.01,0.001,1.26954,0.37444,1792
37,24,age_bin,ema_d0.99,0.01,0.0001,1.26842,0.34263,1792
37,24,age_bin,ema_d0.9999,0.01,0.0001,1.26884,0.36998,1792
37,24,age_bin,mlp_h16,0.001,0.0,0.96086,0.54799,1792
37,24,age_bin,mlp_h32,0.001,0.0,0.96568,0.56975,1792
37,24,age_bin,mlp_h64,0.001,0.0,0.97128,0.5279,1792
37,24,age_bin,mlp_h128,0.001,0.0,0.95707,0.5692,1792
37,24,age_bin,attention,0.0001,1e-05,4.26389,0.46094,1792
37,24,age_bin,shuffled,0.01,0.0001,1.28415,0.33761,1792
37,24,gender,ema_lr1e-3,0.001,0.0001,0.88586,0.5106,1792
37,24,gender,ema_lr5e-3,0.005,0.0001,0.86927,0.51451,1792
37,24,gender,ema_lr1e-2,0.01,0.0001,0.88173,0.55301,1792
37,24,gender,ema_lr5e-2,0.05,0.0001,2.55875,0.40904,1792
37,24,gender,ema_lr1e-2_wd1e-3,0.01,0.001,0.86787,0.53627,1792
37,24,gender,ema_d0.99,0.01,0.0001,0.9156,0.47154,1792
37,24,gender,ema_d0.9999,0.01,0.0001,0.89729,0.55078,1792
37,24,gender,mlp_h16,0.001,0.0,0.66692,0.58482,1792
37,24,gender,mlp_h32,0.001,0.0,0.65631,0.60156,1792
37,24,gender,mlp_h64,0.001,0.0,0.66727,0.57645,1792
37,24,gender,mlp_h128,0.001,0.0,0.66792,0.58817,1792
37,24,gender,attention,0.0001,1e-05,6.6788,0.40625,1792
37,24,gender,shuffled,0.01,0.0001,0.95199,0.47377,1792
37,24,star_sign,ema_lr1e-3,0.001,0.0001,2.9794,0.08482,1792
37,24,star_sign,ema_lr5e-3,0.005,0.0001,2.71667,0.12556,1792
37,24,star_sign,ema_lr1e-2,0.01,0.0001,2.50239,0.16685,1792
37,24,star_sign,ema_lr5e-2,0.05,0.0001,1.53352,0.60714,1792
37,24,star_sign,ema_lr1e-2_wd1e-3,0.01,0.001,2.51108,0.16127,1792
37,24,star_sign,ema_d0.99,0.01,0.0001,2.58221,0.13114,1792
37,24,star_sign,ema_d0.9999,0.01,0.0001,2.54245,0.13114,1792
37,24,star_sign,mlp_h16,0.001,0.0,0.00632,1.0,1792
37,24,star_sign,mlp_h32,0.001,0.0,0.00632,1.0,1792
37,24,star_sign,mlp_h64,0.001,0.0,0.00041,1.0,1792
37,24,star_sign,mlp_h128,0.001,0.0,2e-05,1.0,1792
37,24,star_sign,attention,0.0001,1e-05,4e-05,1.0,1792
37,24,star_sign,shuffled,0.01,0.0001,2.54111,0.15569,1792
37,28,age_bin,ema_lr1e-3,0.001,0.0001,1.55565,0.34766,1792
37,28,age_bin,ema_lr5e-3,0.005,0.0001,1.44108,0.34766,1792
37,28,age_bin,ema_lr1e-2,0.01,0.0001,1.39449,0.35156,1792
37,28,age_bin,ema_lr5e-2,0.05,0.0001,1.11382,0.45368,1792
37,28,age_bin,ema_lr1e-2_wd1e-3,0.01,0.001,1.464,0.34208,1792
37,28,age_bin,ema_d0.99,0.01,0.0001,1.28958,0.39788,1792
37,28,age_bin,ema_d0.9999,0.01,0.0001,1.3218,0.38114,1792
37,28,age_bin,mlp_h16,0.001,0.0,0.93128,0.58984,1792
37,28,age_bin,mlp_h32,0.001,0.0,0.91894,0.5971,1792
37,28,age_bin,mlp_h64,0.001,0.0,0.93144,0.57812,1792
37,28,age_bin,mlp_h128,0.001,0.0,0.94195,0.56696,1792
37,28,age_bin,attention,0.0001,1e-05,1.23052,0.46875,1792
37,28,age_bin,shuffled,0.01,0.0001,1.33843,0.35882,1792
37,28,gender,ema_lr1e-3,0.001,0.0001,1.0079,0.50279,1792
37,28,gender,ema_lr5e-3,0.005,0.0001,0.92097,0.49051,1792
37,28,gender,ema_lr1e-2,0.01,0.0001,0.81205,0.55804,1792
37,28,gender,ema_lr5e-2,0.05,0.0001,0.71848,0.60045,1792
37,28,gender,ema_lr1e-2_wd1e-3,0.01,0.001,0.86944,0.5346,1792
37,28,gender,ema_d0.99,0.01,0.0001,0.78619,0.56529,1792
37,28,gender,ema_d0.9999,0.01,0.0001,0.81585,0.54799,1792
37,28,gender,mlp_h16,0.001,0.0,0.64731,0.6183,1792
37,28,gender,mlp_h32,0.001,0.0,0.64343,0.62723,1792
37,28,gender,mlp_h64,0.001,0.0,0.63805,0.63895,1792
37,28,gender,mlp_h128,0.001,0.0,0.63968,0.63783,1792
37,28,gender,attention,0.0001,1e-05,0.74517,0.57031,1792
37,28,gender,shuffled,0.01,0.0001,0.87823,0.51228,1792
37,28,star_sign,ema_lr1e-3,0.001,0.0001,3.29299,0.101,1792
37,28,star_sign,ema_lr5e-3,0.005,0.0001,3.04319,0.12891,1792
37,28,star_sign,ema_lr1e-2,0.01,0.0001,2.81287,0.10826,1792
37,28,star_sign,ema_lr5e-2,0.05,0.0001,1.62506,0.5731,1792
37,28,star_sign,ema_lr1e-2_wd1e-3,0.01,0.001,2.73391,0.13002,1792
37,28,star_sign,ema_d0.99,0.01,0.0001,2.81855,0.12723,1792
37,28,star_sign,ema_d0.9999,0.01,0.0001,2.92062,0.12388,1792
37,28,star_sign,mlp_h16,0.001,0.0,0.4086,0.97489,1792
37,28,star_sign,mlp_h32,0.001,0.0,0.11951,1.0,1792
37,28,star_sign,mlp_h64,0.001,0.0,0.01925,1.0,1792
37,28,star_sign,mlp_h128,0.001,0.0,0.00365,1.0,1792
37,28,star_sign,attention,0.0001,1e-05,4e-05,1.0,1792
37,28,star_sign,shuffled,0.01,0.0001,2.87562,0.11719,1792
38,0,age_bin,ema_lr1e-3,0.001,0.0001,1.53505,0.34156,2026
38,0,age_bin,ema_lr5e-3,0.005,0.0001,1.38384,0.35587,2026
38,0,age_bin,ema_lr1e-2,0.01,0.0001,1.32286,0.3766,2026
38,0,age_bin,ema_lr5e-2,0.05,0.0001,1.34628,0.39635,2026
38,0,age_bin,ema_lr1e-2_wd1e-3,0.01,0.001,1.32019,0.33909,2026
38,0,age_bin,ema_d0.99,0.01,0.0001,1.32188,0.34304,2026
38,0,age_bin,ema_d0.9999,0.01,0.0001,1.32198,0.36525,2026
38,0,age_bin,mlp_h16,0.001,0.0,1.04365,0.47828,2026
38,0,age_bin,mlp_h32,0.001,0.0,1.04455,0.47384,2026
38,0,age_bin,mlp_h64,0.001,0.0,1.04833,0.47187,2026
38,0,age_bin,mlp_h128,0.001,0.0,1.04687,0.47039,2026
38,0,age_bin,attention,0.0001,1e-05,1.05261,0.5,2026
38,0,age_bin,shuffled,0.01,0.0001,1.374,0.34107,2026
38,0,gender,ema_lr1e-3,0.001,0.0001,0.98682,0.51629,2026
38,0,gender,ema_lr5e-3,0.005,0.0001,0.9316,0.50099,2026
38,0,gender,ema_lr1e-2,0.01,0.0001,0.86638,0.48815,2026
38,0,gender,ema_lr5e-2,0.05,0.0001,1.34926,0.48766,2026
38,0,gender,ema_lr1e-2_wd1e-3,0.01,0.001,0.81996,0.49654,2026
38,0,gender,ema_d0.99,0.01,0.0001,0.86548,0.49704,2026
38,0,gender,ema_d0.9999,0.01,0.0001,0.8357,0.48865,2026
38,0,gender,mlp_h16,0.001,0.0,0.70648,0.49358,2026
38,0,gender,mlp_h32,0.001,0.0,0.70719,0.49112,2026
38,0,gender,mlp_h64,0.001,0.0,0.7085,0.49951,2026
38,0,gender,mlp_h128,0.001,0.0,0.70478,0.50148,2026
38,0,gender,attention,0.0001,1e-05,0.69299,0.50781,2026
38,0,gender,shuffled,0.01,0.0001,0.81631,0.51135,2026
38,0,star_sign,ema_lr1e-3,0.001,0.0001,3.14791,0.10661,2026
38,0,star_sign,ema_lr5e-3,0.005,0.0001,2.97437,0.10958,2026
38,0,star_sign,ema_lr1e-2,0.01,0.0001,2.67427,0.14956,2026
38,0,star_sign,ema_lr5e-2,0.05,0.0001,1.4481,0.77887,2026
38,0,star_sign,ema_lr1e-2_wd1e-3,0.01,0.001,2.68274,0.18115,2026
38,0,star_sign,ema_d0.99,0.01,0.0001,2.68002,0.18411,2026
38,0,star_sign,ema_d0.9999,0.01,0.0001,2.65907,0.12093,2026
38,0,star_sign,mlp_h16,0.001,0.0,0.27192,0.9773,2026
38,0,star_sign,mlp_h32,0.001,0.0,0.02055,1.0,2026
38,0,star_sign,mlp_h64,0.001,0.0,0.00802,1.0,2026
38,0,star_sign,mlp_h128,0.001,0.0,0.00278,1.0,2026
38,0,star_sign,attention,0.0001,1e-05,2.18817,0.98438,2026
38,0,star_sign,shuffled,0.01,0.0001,2.64153,0.12093,2026
38,4,age_bin,ema_lr1e-3,0.001,0.0001,1.20549,0.33959,2026
38,4,age_bin,ema_lr5e-3,0.005,0.0001,1.18569,0.3465,2026
38,4,age_bin,ema_lr1e-2,0.01,0.0001,1.16734,0.36525,2026
38,4,age_bin,ema_lr5e-2,0.05,0.0001,3.58937,0.45903,2026
38,4,age_bin,ema_lr1e-2_wd1e-3,0.01,0.001,1.17689,0.35242,2026
38,4,age_bin,ema_d0.99,0.01,0.0001,1.2458,0.37019,2026
38,4,age_bin,ema_d0.9999,0.01,0.0001,1.25413,0.40375,2026
38,4,age_bin,mlp_h16,0.001,0.0,1.04944,0.47828,2026
38,4,age_bin,mlp_h32,0.001,0.0,1.03245,0.47878,2026
38,4,age_bin,mlp_h64,0.001,0.0,1.03771,0.47927,2026
38,4,age_bin,mlp_h128,0.001,0.0,1.03791,0.47779,2026
38,4,age_bin,attention,0.0001,1e-05,1.10496,0.46875,2026
38,4,age_bin,shuffled,0.01,0.0001,1.22052,0.32478,2026
38,4,gender,ema_lr1e-3,0.001,0.0001,0.79094,0.47779,2026
38,4,gender,ema_lr5e-3,0.005,0.0001,0.77925,0.50395,2026
38,4,gender,ema_lr1e-2,0.01,0.0001,0.89615,0.53653,2026
38,4,gender,ema_lr5e-2,0.05,0.0001,2.57137,0.55479,2026
38,4,gender,ema_lr1e-2_wd1e-3,0.01,0.001,0.87172,0.53603,2026
38,4,gender,ema_d0.99,0.01,0.0001,0.95456,0.46496,2026
38,4,gender,ema_d0.9999,0.01,0.0001,0.90481,0.54492,2026
38,4,gender,mlp_h16,0.001,0.0,0.71326,0.4689,2026
38,4,gender,mlp_h32,0.001,0.0,0.7014,0.47828,2026
38,4,gender,mlp_h64,0.001,0.0,0.71074,0.47779,2026
38,4,gender,mlp_h128,0.001,0.0,0.76098,0.45656,2026
38,4,gender,attention,0.0001,1e-05,0.73004,0.47656,2026
38,4,gender,shuffled,0.01,0.0001,0.90808,0.52369,2026
38,4,star_sign,ema_lr1e-3,0.001,0.0001,2.64405,0.07749,2026
38,4,star_sign,ema_lr5e-3,0.005,0.0001,2.50186,0.14511,2026
38,4,star_sign,ema_lr1e-2,0.01,0.0001,2.29338,0.24186,2026
38,4,star_sign,ema_lr5e-2,0.05,0.0001,2.75705,0.93682,2026
38,4,star_sign,ema_lr1e-2_wd1e-3,0.01,0.001,2.29816,0.22458,2026
38,4,star_sign,ema_d0.99,0.01,0.0001,2.31299,0.21076,2026
38,4,star_sign,ema_d0.9999,0.01,0.0001,2.29673,0.23396,2026
38,4,star_sign,mlp_h16,0.001,0.0,0.01455,1.0,2026
38,4,star_sign,mlp_h32,0.001,0.0,0.00066,1.0,2026
38,4,star_sign,mlp_h64,0.001,0.0,0.00041,1.0,2026
38,4,star_sign,mlp_h128,0.001,0.0,1e-05,1.0,2026
38,4,star_sign,attention,0.0001,1e-05,0.02361,1.0,2026
38,4,star_sign,shuffled,0.01,0.0001,2.29057,0.24432,2026
38,8,age_bin,ema_lr1e-3,0.001,0.0001,1.24431,0.31984,2026
38,8,age_bin,ema_lr5e-3,0.005,0.0001,1.20752,0.34008,2026
38,8,age_bin,ema_lr1e-2,0.01,0.0001,1.25345,0.35044,2026
38,8,age_bin,ema_lr5e-2,0.05,0.0001,3.68672,0.45903,2026
38,8,age_bin,ema_lr1e-2_wd1e-3,0.01,0.001,1.29096,0.40424,2026
38,8,age_bin,ema_d0.99,0.01,0.0001,1.29125,0.38203,2026
38,8,age_bin,ema_d0.9999,0.01,0.0001,1.2412,0.35439,2026
38,8,age_bin,mlp_h16,0.001,0.0,1.02733,0.47433,2026
38,8,age_bin,mlp_h32,0.001,0.0,1.02564,0.47976,2026
38,8,age_bin,mlp_h64,0.001,0.0,1.03043,0.48026,2026
38,8,age_bin,mlp_h128,0.001,0.0,1.0367,0.47878,2026
38,8,age_bin,attention,0.0001,1e-05,1.07914,0.46875,2026
38,8,age_bin,shuffled,0.01,0.0001,1.1851,0.3618,2026
38,8,gender,ema_lr1e-3,0.001,0.0001,0.79078,0.48075,2026
38,8,gender,ema_lr5e-3,0.005,0.0001,0.78284,0.51037,2026
38,8,gender,ema_lr1e-2,0.01,0.0001,0.91181,0.51037,2026
38,8,gender,ema_lr5e-2,0.05,0.0001,4.12172,0.4462,2026
38,8,gender,ema_lr1e-2_wd1e-3,0.01,0.001,0.95561,0.47631,2026
38,8,gender,ema_d0.99,0.01,0.0001,0.96341,0.47976,2026
38,8,gender,ema_d0.9999,0.01,0.0001,0.89901,0.53208,2026
38,8,gender,mlp_h16,0.001,0.0,0.71001,0.48421,2026
38,8,gender,mlp_h32,0.001,0.0,0.73116,0.45755,2026
38,8,gender,mlp_h64,0.001,0.0,0.70939,0.48519,2026
38,8,gender,mlp_h128,0.001,0.0,0.73892,0.46446,2026
38,8,gender,attention,0.0001,1e-05,0.73608,0.46875,2026
38,8,gender,shuffled,0.01,0.0001,0.99398,0.47137,2026
38,8,star_sign,ema_lr1e-3,0.001,0.0001,2.67428,0.11994,2026
38,8,star_sign,ema_lr5e-3,0.005,0.0001,2.51697,0.14314,2026
38,8,star_sign,ema_lr1e-2,0.01,0.0001,2.34309,0.21372,2026
38,8,star_sign,ema_lr5e-2,0.05,0.0001,2.19149,0.20138,2026
38,8,star_sign,ema_lr1e-2_wd1e-3,0.01,0.001,2.30642,0.25123,2026
38,8,star_sign,ema_d0.99,0.01,0.0001,2.33023,0.21915,2026
38,8,star_sign,ema_d0.9999,0.01,0.0001,2.31466,0.23988,2026
38,8,star_sign,mlp_h16,0.001,0.0,1.33884,0.74284,2026
38,8,star_sign,mlp_h32,0.001,0.0,0.01501,1.0,2026
38,8,star_sign,mlp_h64,0.001,0.0,0.00033,1.0,2026
38,8,star_sign,mlp_h128,0.001,0.0,1e-05,1.0,2026
38,8,star_sign,attention,0.0001,1e-05,0.0,1.0,2026
38,8,star_sign,shuffled,0.01,0.0001,2.3782,0.18756,2026
38,12,age_bin,ema_lr1e-3,0.001,0.0001,1.22713,0.3386,2026
38,12,age_bin,ema_lr5e-3,0.005,0.0001,1.1608,0.37216,2026
38,12,age_bin,ema_lr1e-2,0.01,0.0001,1.24086,0.32675,2026
38,12,age_bin,ema_lr5e-2,0.05,0.0001,3.39679,0.45805,2026
38,12,age_bin,ema_lr1e-2_wd1e-3,0.01,0.001,1.25973,0.3845,2026
38,12,age_bin,ema_d0.99,0.01,0.0001,1.24453,0.40869,2026
38,12,age_bin,ema_d0.9999,0.01,0.0001,1.17403,0.38746,2026
38,12,age_bin,mlp_h16,0.001,0.0,1.02379,0.48174,2026
38,12,age_bin,mlp_h32,0.001,0.0,1.03853,0.46249,2026
38,12,age_bin,mlp_h64,0.001,0.0,1.02931,0.47581,2026
38,12,age_bin,mlp_h128,0.001,0.0,1.02744,0.4773,2026
38,12,age_bin,attention,0.0001,1e-05,21.3152,0.28125,2026
38,12,age_bin,shuffled,0.01,0.0001,1.22907,0.31491,2026
38,12,gender,ema_lr1e-3,0.001,0.0001,0.76364,0.52221,2026
38,12,gender,ema_lr5e-3,0.005,0.0001,0.78345,0.49408,2026
38,12,gender,ema_lr1e-2,0.01,0.0001,0.93724,0.51086,2026
38,12,gender,ema_lr5e-2,0.05,0.0001,4.10967,0.4462,2026
38,12,gender,ema_lr1e-2_wd1e-3,0.01,0.001,0.87993,0.55281,2026
38,12,gender,ema_d0.99,0.01,0.0001,0.89079,0.52517,2026
38,12,gender,ema_d0.9999,0.01,0.0001,0.96771,0.49062,2026
38,12,gender,mlp_h16,0.001,0.0,0.71872,0.47384,2026
38,12,gender,mlp_h32,0.001,0.0,0.72209,0.47384,2026
38,12,gender,mlp_h64,0.001,0.0,0.71169,0.48914,2026
38,12,gender,mlp_h128,0.001,0.0,0.74095,0.46742,2026
38,12,gender,attention,0.0001,1e-05,0.7312,0.52344,2026
38,12,gender,shuffled,0.01,0.0001,0.91316,0.52764,2026
38,12,star_sign,ema_lr1e-3,0.001,0.0001,2.73001,0.07206,2026
38,12,star_sign,ema_lr5e-3,0.005,0.0001,2.50453,0.13228,2026
38,12,star_sign,ema_lr1e-2,0.01,0.0001,2.28861,0.21767,2026
38,12,star_sign,ema_lr5e-2,0.05,0.0001,2.71334,0.93682,2026
38,12,star_sign,ema_lr1e-2_wd1e-3,0.01,0.001,2.32067,0.21323,2026
38,12,star_sign,ema_d0.99,0.01,0.0001,2.28915,0.21767,2026
38,12,star_sign,ema_d0.9999,0.01,0.0001,2.32672,0.23643,2026
38,12,star_sign,mlp_h16,0.001,0.0,0.05475,1.0,2026
38,12,star_sign,mlp_h32,0.001,0.0,0.00352,1.0,2026
38,12,star_sign,mlp_h64,0.001,0.0,0.00026,1.0,2026
38,12,star_sign,mlp_h128,0.001,0.0,3e-05,1.0,2026
38,12,star_sign,attention,0.0001,1e-05,0.0,1.0,2026
38,12,star_sign,shuffled,0.01,0.0001,2.28909,0.24926,2026
38,16,age_bin,ema_lr1e-3,0.001,0.0001,1.22413,0.33416,2026
38,16,age_bin,ema_lr5e-3,0.005,0.0001,1.2089,0.31441,2026
38,16,age_bin,ema_lr1e-2,0.01,0.0001,1.19813,0.37019,2026
38,16,age_bin,ema_lr5e-2,0.05,0.0001,3.38591,0.46051,2026
38,16,age_bin,ema_lr1e-2_wd1e-3,0.01,0.001,1.22899,0.36624,2026
38,16,age_bin,ema_d0.99,0.01,0.0001,1.19395,0.3539,2026
38,16,age_bin,ema_d0.9999,0.01,0.0001,1.26286,0.41905,2026
38,16,age_bin,mlp_h16,0.001,0.0,1.02752,0.47927,2026
38,16,age_bin,mlp_h32,0.001,0.0,1.0212,0.47088,2026
38,16,age_bin,mlp_h64,0.001,0.0,1.02306,0.47878,2026
38,16,age_bin,mlp_h128,0.001,0.0,1.0172,0.47384,2026
38,16,age_bin,attention,0.0001,1e-05,1.0349,0.47656,2026
38,16,age_bin,shuffled,0.01,0.0001,1.19618,0.36772,2026
38,16,gender,ema_lr1e-3,0.001,0.0001,0.77271,0.50197,2026
38,16,gender,ema_lr5e-3,0.005,0.0001,0.75439,0.51234,2026
38,16,gender,ema_lr1e-2,0.01,0.0001,0.87811,0.54047,2026
38,16,gender,ema_lr5e-2,0.05,0.0001,4.10077,0.4462,2026
38,16,gender,ema_lr1e-2_wd1e-3,0.01,0.001,0.8713,0.55627,2026
38,16,gender,ema_d0.99,0.01,0.0001,0.9932,0.4615,2026
38,16,gender,ema_d0.9999,0.01,0.0001,0.97442,0.47631,2026
38,16,gender,mlp_h16,0.001,0.0,0.70607,0.46693,2026
38,16,gender,mlp_h32,0.001,0.0,0.70715,0.48223,2026
38,16,gender,mlp_h64,0.001,0.0,0.73015,0.47631,2026
38,16,gender,mlp_h128,0.001,0.0,0.72672,0.48026,2026
38,16,gender,attention,0.0001,1e-05,8.92621,0.53906,2026
38,16,gender,shuffled,0.01,0.0001,0.87902,0.52715,2026
38,16,star_sign,ema_lr1e-3,0.001,0.0001,2.73807,0.11204,2026
38,16,star_sign,ema_lr5e-3,0.005,0.0001,2.48094,0.18559,2026
38,16,star_sign,ema_lr1e-2,0.01,0.0001,2.31608,0.21718,2026
38,16,star_sign,ema_lr5e-2,0.05,0.0001,2.66623,0.93682,2026
38,16,star_sign,ema_lr1e-2_wd1e-3,0.01,0.001,2.31641,0.22557,2026
38,16,star_sign,ema_d0.99,0.01,0.0001,2.33629,0.20434,2026
38,16,star_sign,ema_d0.9999,0.01,0.0001,2.27471,0.22853,2026
38,16,star_sign,mlp_h16,0.001,0.0,0.00639,1.0,2026
38,16,star_sign,mlp_h32,0.001,0.0,0.00153,1.0,2026
38,16,star_sign,mlp_h64,0.001,0.0,0.00014,1.0,2026
38,16,star_sign,mlp_h128,0.001,0.0,2e-05,1.0,2026
38,16,star_sign,attention,0.0001,1e-05,0.0,1.0,2026
38,16,star_sign,shuffled,0.01,0.0001,2.27385,0.23396,2026
38,20,age_bin,ema_lr1e-3,0.001,0.0001,1.27877,0.31984,2026
38,20,age_bin,ema_lr5e-3,0.005,0.0001,1.23406,0.34255,2026
38,20,age_bin,ema_lr1e-2,0.01,0.0001,1.28539,0.38746,2026
38,20,age_bin,ema_lr5e-2,0.05,0.0001,3.12809,0.46347,2026
38,20,age_bin,ema_lr1e-2_wd1e-3,0.01,0.001,1.26633,0.3539,2026
38,20,age_bin,ema_d0.99,0.01,0.0001,1.25143,0.3465,2026
38,20,age_bin,ema_d0.9999,0.01,0.0001,1.24443,0.3766,2026
38,20,age_bin,mlp_h16,0.001,0.0,1.02237,0.47581,2026
38,20,age_bin,mlp_h32,0.001,0.0,1.0232,0.4773,2026
38,20,age_bin,mlp_h64,0.001,0.0,1.03234,0.47581,2026
38,20,age_bin,mlp_h128,0.001,0.0,1.03763,0.47976,2026
38,20,age_bin,attention,0.0001,1e-05,7.01835,0.41406,2026
38,20,age_bin,shuffled,0.01,0.0001,1.2219,0.33909,2026
38,20,gender,ema_lr1e-3,0.001,0.0001,0.8238,0.51135,2026
38,20,gender,ema_lr5e-3,0.005,0.0001,0.8009,0.47088,2026
38,20,gender,ema_lr1e-2,0.01,0.0001,0.88586,0.5074,2026
38,20,gender,ema_lr5e-2,0.05,0.0001,3.5233,0.4462,2026
38,20,gender,ema_lr1e-2_wd1e-3,0.01,0.001,0.97701,0.46693,2026
38,20,gender,ema_d0.99,0.01,0.0001,0.96473,0.47039,2026
38,20,gender,ema_d0.9999,0.01,0.0001,0.91876,0.50444,2026
38,20,gender,mlp_h16,0.001,0.0,0.7042,0.49457,2026
38,20,gender,mlp_h32,0.001,0.0,0.71157,0.50296,2026
38,20,gender,mlp_h64,0.001,0.0,0.71303,0.50296,2026
38,20,gender,mlp_h128,0.001,0.0,0.74032,0.46496,2026
38,20,gender,attention,0.0001,1e-05,8.54143,0.5625,2026
38,20,gender,shuffled,0.01,0.0001,0.94631,0.49852,2026
38,20,star_sign,ema_lr1e-3,0.001,0.0001,2.73348,0.10217,2026
38,20,star_sign,ema_lr5e-3,0.005,0.0001,2.54107,0.12093,2026
38,20,star_sign,ema_lr1e-2,0.01,0.0001,2.33632,0.192,2026
38,20,star_sign,ema_lr5e-2,0.05,0.0001,2.52551,0.93682,2026
38,20,star_sign,ema_lr1e-2_wd1e-3,0.01,0.001,2.35586,0.22557,2026
38,20,star_sign,ema_d0.99,0.01,0.0001,2.32966,0.24186,2026
38,20,star_sign,ema_d0.9999,0.01,0.0001,2.38242,0.17917,2026
38,20,star_sign,mlp_h16,0.001,0.0,0.26641,1.0,2026
38,20,star_sign,mlp_h32,0.001,0.0,0.00063,1.0,2026
38,20,star_sign,mlp_h64,0.001,0.0,0.0002,1.0,2026
38,20,star_sign,mlp_h128,0.001,0.0,1e-05,1.0,2026
38,20,star_sign,attention,0.0001,1e-05,0.00125,1.0,2026
38,20,star_sign,shuffled,0.01,0.0001,2.36127,0.19546,2026
38,24,age_bin,ema_lr1e-3,0.001,0.0001,1.39798,0.32626,2026
38,24,age_bin,ema_lr5e-3,0.005,0.0001,1.36724,0.30553,2026
38,24,age_bin,ema_lr1e-2,0.01,0.0001,1.29343,0.34304,2026
38,24,age_bin,ema_lr5e-2,0.05,0.0001,2.20302,0.23988,2026
38,24,age_bin,ema_lr1e-2_wd1e-3,0.01,0.001,1.28202,0.35735,2026
38,24,age_bin,ema_d0.99,0.01,0.0001,1.31312,0.36525,2026
38,24,age_bin,ema_d0.9999,0.01,0.0001,1.24802,0.38549,2026
38,24,age_bin,mlp_h16,0.001,0.0,1.0075,0.48815,2026
38,24,age_bin,mlp_h32,0.001,0.0,1.00375,0.50346,2026
38,24,age_bin,mlp_h64,0.001,0.0,1.0021,0.49803,2026
38,24,age_bin,mlp_h128,0.001,0.0,1.01259,0.49803,2026
38,24,age_bin,attention,0.0001,1e-05,7.8227,0.46094,2026
38,24,age_bin,shuffled,0.01,0.0001,1.32474,0.34057,2026
38,24,gender,ema_lr1e-3,0.001,0.0001,0.83154,0.5459,2026
38,24,gender,ema_lr5e-3,0.005,0.0001,0.863,0.50099,2026
38,24,gender,ema_lr1e-2,0.01,0.0001,0.93816,0.47878,2026
38,24,gender,ema_lr5e-2,0.05,0.0001,1.97756,0.54985,2026
38,24,gender,ema_lr1e-2_wd1e-3,0.01,0.001,0.97931,0.45805,2026
38,24,gender,ema_d0.99,0.01,0.0001,0.88917,0.50888,2026
38,24,gender,ema_d0.9999,0.01,0.0001,0.89412,0.5232,2026
38,24,gender,mlp_h16,0.001,0.0,0.69945,0.52122,2026
38,24,gender,mlp_h32,0.001,0.0,0.70507,0.51037,2026
38,24,gender,mlp_h64,0.001,0.0,0.71313,0.52172,2026
38,24,gender,mlp_h128,0.001,0.0,0.72127,0.51826,2026
38,24,gender,attention,0.0001,1e-05,6.66912,0.50781,2026
38,24,gender,shuffled,0.01,0.0001,0.90502,0.49605,2026
38,24,star_sign,ema_lr1e-3,0.001,0.0001,2.88129,0.09378,2026
38,24,star_sign,ema_lr5e-3,0.005,0.0001,2.66166,0.1155,2026
38,24,star_sign,ema_lr1e-2,0.01,0.0001,2.51692,0.18312,2026
38,24,star_sign,ema_lr5e-2,0.05,0.0001,1.57292,0.80948,2026
38,24,star_sign,ema_lr1e-2_wd1e-3,0.01,0.001,2.49825,0.15992,2026
38,24,star_sign,ema_d0.99,0.01,0.0001,2.49662,0.16041,2026
38,24,star_sign,ema_d0.9999,0.01,0.0001,2.46161,0.16831,2026
38,24,star_sign,mlp_h16,0.001,0.0,0.00557,1.0,2026
38,24,star_sign,mlp_h32,0.001,0.0,0.00557,1.0,2026
38,24,star_sign,mlp_h64,0.001,0.0,0.00036,1.0,2026
38,24,star_sign,mlp_h128,0.001,0.0,1e-05,1.0,2026
38,24,star_sign,attention,0.0001,1e-05,3e-05,1.0,2026
38,24,star_sign,shuffled,0.01,0.0001,2.51527,0.15597,2026
38,28,age_bin,ema_lr1e-3,0.001,0.0001,1.58643,0.33465,2026
38,28,age_bin,ema_lr5e-3,0.005,0.0001,1.3897,0.36575,2026
38,28,age_bin,ema_lr1e-2,0.01,0.0001,1.40297,0.34304,2026
38,28,age_bin,ema_lr5e-2,0.05,0.0001,1.23526,0.3924,2026
38,28,age_bin,ema_lr1e-2_wd1e-3,0.01,0.001,1.25241,0.42596,2026
38,28,age_bin,ema_d0.99,0.01,0.0001,1.34922,0.36229,2026
38,28,age_bin,ema_d0.9999,0.01,0.0001,1.32315,0.385,2026
38,28,age_bin,mlp_h16,0.001,0.0,1.01094,0.48174,2026
38,28,age_bin,mlp_h32,0.001,0.0,1.01162,0.48124,2026
38,28,age_bin,mlp_h64,0.001,0.0,1.0082,0.49457,2026
38,28,age_bin,mlp_h128,0.001,0.0,1.0119,0.48865,2026
38,28,age_bin,attention,0.0001,1e-05,1.20839,0.42969,2026
38,28,age_bin,shuffled,0.01,0.0001,1.36663,0.36328,2026
38,28,gender,ema_lr1e-3,0.001,0.0001,1.05241,0.49408,2026
38,28,gender,ema_lr5e-3,0.005,0.0001,0.85256,0.54047,2026
38,28,gender,ema_lr1e-2,0.01,0.0001,0.89467,0.49112,2026
38,28,gender,ema_lr5e-2,0.05,0.0001,0.79997,0.51974,2026
38,28,gender,ema_lr1e-2_wd1e-3,0.01,0.001,0.88169,0.52172,2026
38,28,gender,ema_d0.99,0.01,0.0001,0.84949,0.52863,2026
38,28,gender,ema_d0.9999,0.01,0.0001,0.8867,0.50691,2026
38,28,gender,mlp_h16,0.001,0.0,0.70762,0.52616,2026
38,28,gender,mlp_h32,0.001,0.0,0.70512,0.54689,2026
38,28,gender,mlp_h64,0.001,0.0,0.71399,0.51826,2026
38,28,gender,mlp_h128,0.001,0.0,0.71949,0.51728,2026
38,28,gender,attention,0.0001,1e-05,0.86937,0.44531,2026
38,28,gender,shuffled,0.01,0.0001,0.88553,0.51481,2026
38,28,star_sign,ema_lr1e-3,0.001,0.0001,3.37496,0.08786,2026
38,28,star_sign,ema_lr5e-3,0.005,0.0001,2.88013,0.14116,2026
38,28,star_sign,ema_lr1e-2,0.01,0.0001,2.72482,0.16091,2026
38,28,star_sign,ema_lr5e-2,0.05,0.0001,1.5355,0.58835,2026
38,28,star_sign,ema_lr1e-2_wd1e-3,0.01,0.001,2.74005,0.13722,2026
38,28,star_sign,ema_d0.99,0.01,0.0001,2.65246,0.14906,2026
38,28,star_sign,ema_d0.9999,0.01,0.0001,2.78138,0.12488,2026
38,28,star_sign,mlp_h16,0.001,0.0,0.39398,0.98322,2026
38,28,star_sign,mlp_h32,0.001,0.0,0.12215,1.0,2026
38,28,star_sign,mlp_h64,0.001,0.0,0.01952,1.0,2026
38,28,star_sign,mlp_h128,0.001,0.0,0.00422,1.0,2026
38,28,star_sign,attention,0.0001,1e-05,2e-05,1.0,2026
38,28,star_sign,shuffled,0.01,0.0001,2.85679,0.11303,2026
39,0,age_bin,ema_lr1e-3,0.001,0.0001,1.56085,0.32457,1636
39,0,age_bin,ema_lr5e-3,0.005,0.0001,1.40418,0.35575,1636
39,0,age_bin,ema_lr1e-2,0.01,0.0001,1.30671,0.39303,1636
39,0,age_bin,ema_lr5e-2,0.05,0.0001,1.38315,0.4022,1636
39,0,age_bin,ema_lr1e-2_wd1e-3,0.01,0.001,1.35485,0.33741,1636
39,0,age_bin,ema_d0.99,0.01,0.0001,1.32478,0.39548,1636
39,0,age_bin,ema_d0.9999,0.01,0.0001,1.3092,0.38264,1636
39,0,age_bin,mlp_h16,0.001,0.0,0.98443,0.58068,1636
39,0,age_bin,mlp_h32,0.001,0.0,0.99438,0.56663,1636
39,0,age_bin,mlp_h64,0.001,0.0,0.99557,0.57335,1636
39,0,age_bin,mlp_h128,0.001,0.0,0.99027,0.56418,1636
39,0,age_bin,attention,0.0001,1e-05,1.0491,0.55469,1636
39,0,age_bin,shuffled,0.01,0.0001,1.37024,0.34291,1636
39,0,gender,ema_lr1e-3,0.001,0.0001,0.9904,0.50795,1636
39,0,gender,ema_lr5e-3,0.005,0.0001,0.91331,0.49633,1636
39,0,gender,ema_lr1e-2,0.01,0.0001,0.84994,0.5165,1636
39,0,gender,ema_lr5e-2,0.05,0.0001,1.46713,0.49389,1636
39,0,gender,ema_lr1e-2_wd1e-3,0.01,0.001,0.84347,0.51589,1636
39,0,gender,ema_d0.99,0.01,0.0001,0.84727,0.51161,1636
39,0,gender,ema_d0.9999,0.01,0.0001,0.86946,0.48655,1636
39,0,gender,mlp_h16,0.001,0.0,0.70055,0.49022,1636
39,0,gender,mlp_h32,0.001,0.0,0.70733,0.49083,1636
39,0,gender,mlp_h64,0.001,0.0,0.71333,0.49817,1636
39,0,gender,mlp_h128,0.001,0.0,0.70931,0.49083,1636
39,0,gender,attention,0.0001,1e-05,0.69388,0.49219,1636
39,0,gender,shuffled,0.01,0.0001,0.8409,0.50734,1636
39,0,star_sign,ema_lr1e-3,0.001,0.0001,3.16585,0.09719,1636
39,0,star_sign,ema_lr5e-3,0.005,0.0001,2.97491,0.11369,1636
39,0,star_sign,ema_lr1e-2,0.01,0.0001,2.65333,0.20844,1636
39,0,star_sign,ema_lr5e-2,0.05,0.0001,1.379,0.73961,1636
39,0,star_sign,ema_lr1e-2_wd1e-3,0.01,0.001,2.69386,0.18826,1636
39,0,star_sign,ema_d0.99,0.01,0.0001,2.69913,0.16809,1636
39,0,star_sign,ema_d0.9999,0.01,0.0001,2.66051,0.17115,1636
39,0,star_sign,mlp_h16,0.001,0.0,0.24717,0.97616,1636
39,0,star_sign,mlp_h32,0.001,0.0,0.01492,1.0,1636
39,0,star_sign,mlp_h64,0.001,0.0,0.00546,1.0,1636
39,0,star_sign,mlp_h128,0.001,0.0,0.00164,1.0,1636
39,0,star_sign,attention,0.0001,1e-05,2.18664,0.99219,1636
39,0,star_sign,shuffled,0.01,0.0001,2.66477,0.16015,1636
39,4,age_bin,ema_lr1e-3,0.001,0.0001,1.2152,0.3533,1636
39,4,age_bin,ema_lr5e-3,0.005,0.0001,1.18129,0.36002,1636
39,4,age_bin,ema_lr1e-2,0.01,0.0001,1.25358,0.40526,1636
39,4,age_bin,ema_lr5e-2,0.05,0.0001,3.52819,0.21271,1636
39,4,age_bin,ema_lr1e-2_wd1e-3,0.01,0.001,1.18745,0.41443,1636
39,4,age_bin,ema_d0.99,0.01,0.0001,1.15749,0.37347,1636
39,4,age_bin,ema_d0.9999,0.01,0.0001,1.22516,0.33068,1636
39,4,age_bin,mlp_h16,0.001,0.0,0.99826,0.58435,1636
39,4,age_bin,mlp_h32,0.001,0.0,0.9826,0.58374,1636
39,4,age_bin,mlp_h64,0.001,0.0,0.98482,0.58557,1636
39,4,age_bin,mlp_h128,0.001,0.0,0.99315,0.57763,1636
39,4,age_bin,attention,0.0001,1e-05,0.96856,0.5625,1636
39,4,age_bin,shuffled,0.01,0.0001,1.24118,0.32702,1636
39,4,gender,ema_lr1e-3,0.001,0.0001,0.79345,0.49022,1636
39,4,gender,ema_lr5e-3,0.005,0.0001,0.80356,0.5,1636
39,4,gender,ema_lr1e-2,0.01,0.0001,0.8645,0.50489,1636
39,4,gender,ema_lr5e-2,0.05,0.0001,3.51656,0.48105,1636
39,4,gender,ema_lr1e-2_wd1e-3,0.01,0.001,0.84853,0.51161,1636
39,4,gender,ema_d0.99,0.01,0.0001,1.00781,0.5055,1636
39,4,gender,ema_d0.9999,0.01,0.0001,0.88472,0.48411,1636
39,4,gender,mlp_h16,0.001,0.0,0.70255,0.4945,1636
39,4,gender,mlp_h32,0.001,0.0,0.69656,0.49144,1636
39,4,gender,mlp_h64,0.001,0.0,0.69931,0.5,1636
39,4,gender,mlp_h128,0.001,0.0,0.71108,0.4835,1636
39,4,gender,attention,0.0001,1e-05,0.70771,0.5,1636
39,4,gender,shuffled,0.01,0.0001,0.9878,0.49083,1636
39,4,star_sign,ema_lr1e-3,0.001,0.0001,2.68597,0.06357,1636
39,4,star_sign,ema_lr5e-3,0.005,0.0001,2.47497,0.14976,1636
39,4,star_sign,ema_lr1e-2,0.01,0.0001,2.30615,0.26528,1636
39,4,star_sign,ema_lr5e-2,0.05,0.0001,1.66765,0.62592,1636
39,4,star_sign,ema_lr1e-2_wd1e-3,0.01,0.001,2.32006,0.27506,1636
39,4,star_sign,ema_d0.99,0.01,0.0001,2.30079,0.23533,1636
39,4,star_sign,ema_d0.9999,0.01,0.0001,2.28761,0.25856,1636
39,4,star_sign,mlp_h16,0.001,0.0,0.01333,1.0,1636
39,4,star_sign,mlp_h32,0.001,0.0,0.0006,1.0,1636
39,4,star_sign,mlp_h64,0.001,0.0,0.00037,1.0,1636
39,4,star_sign,mlp_h128,0.001,0.0,1e-05,1.0,1636
39,4,star_sign,attention,0.0001,1e-05,0.01789,1.0,1636
39,4,star_sign,shuffled,0.01,0.0001,2.30481,0.28973,1636
39,8,age_bin,ema_lr1e-3,0.001,0.0001,1.28912,0.29523,1636
39,8,age_bin,ema_lr5e-3,0.005,0.0001,1.18468,0.37653,1636
39,8,age_bin,ema_lr1e-2,0.01,0.0001,1.17356,0.35269,1636
39,8,age_bin,ema_lr5e-2,0.05,0.0001,3.20715,0.2121,1636
39,8,age_bin,ema_lr1e-2_wd1e-3,0.01,0.001,1.17836,0.36125,1636
39,8,age_bin,ema_d0.99,0.01,0.0001,1.19563,0.33191,1636
39,8,age_bin,ema_d0.9999,0.01,0.0001,1.15143,0.3643,1636
39,8,age_bin,mlp_h16,0.001,0.0,0.98369,0.58374,1636
39,8,age_bin,mlp_h32,0.001,0.0,0.97891,0.58496,1636
39,8,age_bin,mlp_h64,0.001,0.0,0.96804,0.58191,1636
39,8,age_bin,mlp_h128,0.001,0.0,0.97999,0.58252,1636
39,8,age_bin,attention,0.0001,1e-05,1.02447,0.51562,1636
39,8,age_bin,shuffled,0.01,0.0001,1.20618,0.33435,1636
39,8,gender,ema_lr1e-3,0.001,0.0001,0.79473,0.49572,1636
39,8,gender,ema_lr5e-3,0.005,0.0001,0.81549,0.48655,1636
39,8,gender,ema_lr1e-2,0.01,0.0001,0.85626,0.52262,1636
39,8,gender,ema_lr5e-2,0.05,0.0001,3.54356,0.51895,1636
39,8,gender,ema_lr1e-2_wd1e-3,0.01,0.001,0.96929,0.5165,1636
39,8,gender,ema_d0.99,0.01,0.0001,0.96746,0.50672,1636
39,8,gender,ema_d0.9999,0.01,0.0001,0.84539,0.50367,1636
39,8,gender,mlp_h16,0.001,0.0,0.69878,0.51406,1636
39,8,gender,mlp_h32,0.001,0.0,0.70396,0.50183,1636
39,8,gender,mlp_h64,0.001,0.0,0.69889,0.50734,1636
39,8,gender,mlp_h128,0.001,0.0,0.69972,0.52628,1636
39,8,gender,attention,0.0001,1e-05,0.74967,0.47656,1636
39,8,gender,shuffled,0.01,0.0001,0.95692,0.50306,1636
39,8,star_sign,ema_lr1e-3,0.001,0.0001,2.66317,0.11858,1636
39,8,star_sign,ema_lr5e-3,0.005,0.0001,2.55441,0.15098,1636
39,8,star_sign,ema_lr1e-2,0.01,0.0001,2.36371,0.23227,1636
39,8,star_sign,ema_lr5e-2,0.05,0.0001,3.06155,0.92176,1636
39,8,star_sign,ema_lr1e-2_wd1e-3,0.01,0.001,2.33353,0.25611,1636
39,8,star_sign,ema_d0.99,0.01,0.0001,2.31714,0.261,1636
39,8,star_sign,ema_d0.9999,0.01,0.0001,2.36335,0.26161,1636
39,8,star_sign,mlp_h16,0.001,0.0,1.26729,0.9835,1636
39,8,star_sign,mlp_h32,0.001,0.0,0.01318,1.0,1636
39,8,star_sign,mlp_h64,0.001,0.0,0.0003,1.0,1636
39,8,star_sign,mlp_h128,0.001,0.0,1e-05,1.0,1636
39,8,star_sign,attention,0.0001,1e-05,0.0,1.0,1636
39,8,star_sign,shuffled,0.01,0.0001,2.37639,0.23778,1636
39,12,age_bin,ema_lr1e-3,0.001,0.0001,1.26332,0.31663,1636
39,12,age_bin,ema_lr5e-3,0.005,0.0001,1.15655,0.37408,1636
39,12,age_bin,ema_lr1e-2,0.01,0.0001,1.17614,0.41198,1636
39,12,age_bin,ema_lr5e-2,0.05,0.0001,3.3333,0.2121,1636
39,12,age_bin,ema_lr1e-2_wd1e-3,0.01,0.001,1.16848,0.35758,1636
39,12,age_bin,ema_d0.99,0.01,0.0001,1.19166,0.3423,1636
39,12,age_bin,ema_d0.9999,0.01,0.0001,1.24792,0.33313,1636
39,12,age_bin,mlp_h16,0.001,0.0,0.97161,0.58435,1636
39,12,age_bin,mlp_h32,0.001,0.0,1.01395,0.55257,1636
39,12,age_bin,mlp_h64,0.001,0.0,0.99634,0.57335,1636
39,12,age_bin,mlp_h128,0.001,0.0,0.97721,0.58924,1636
39,12,age_bin,attention,0.0001,1e-05,18.31497,0.33594,1636
39,12,age_bin,shuffled,0.01,0.0001,1.27604,0.41015,1636
39,12,gender,ema_lr1e-3,0.001,0.0001,0.80088,0.50367,1636
39,12,gender,ema_lr5e-3,0.005,0.0001,0.78267,0.49389,1636
39,12,gender,ema_lr1e-2,0.01,0.0001,0.95953,0.52323,1636
39,12,gender,ema_lr5e-2,0.05,0.0001,3.63354,0.51895,1636
39,12,gender,ema_lr1e-2_wd1e-3,0.01,0.001,0.84668,0.48105,1636
39,12,gender,ema_d0.99,0.01,0.0001,0.85516,0.52262,1636
39,12,gender,ema_d0.9999,0.01,0.0001,0.98197,0.48411,1636
39,12,gender,mlp_h16,0.001,0.0,0.70938,0.49389,1636
39,12,gender,mlp_h32,0.001,0.0,0.70501,0.49022,1636
39,12,gender,mlp_h64,0.001,0.0,0.70577,0.489,1636
39,12,gender,mlp_h128,0.001,0.0,0.71464,0.4835,1636
39,12,gender,attention,0.0001,1e-05,0.71261,0.5,1636
39,12,gender,shuffled,0.01,0.0001,0.91212,0.47066,1636
39,12,star_sign,ema_lr1e-3,0.001,0.0001,2.70688,0.0923,1636
39,12,star_sign,ema_lr5e-3,0.005,0.0001,2.49517,0.13631,1636
39,12,star_sign,ema_lr1e-2,0.01,0.0001,2.33756,0.20782,1636
39,12,star_sign,ema_lr5e-2,0.05,0.0001,1.63656,0.63875,1636
39,12,star_sign,ema_lr1e-2_wd1e-3,0.01,0.001,2.33979,0.25122,1636
39,12,star_sign,ema_d0.99,0.01,0.0001,2.30049,0.24756,1636
39,12,star_sign,ema_d0.9999,0.01,0.0001,2.34803,0.25978,1636
39,12,star_sign,mlp_h16,0.001,0.0,0.04817,1.0,1636
39,12,star_sign,mlp_h32,0.001,0.0,0.00306,1.0,1636
39,12,star_sign,mlp_h64,0.001,0.0,0.00023,1.0,1636
39,12,star_sign,mlp_h128,0.001,0.0,3e-05,1.0,1636
39,12,star_sign,attention,0.0001,1e-05,0.0,1.0,1636
39,12,star_sign,shuffled,0.01,0.0001,2.32472,0.24572,1636
39,16,age_bin,ema_lr1e-3,0.001,0.0001,1.24525,0.33374,1636
39,16,age_bin,ema_lr5e-3,0.005,0.0001,1.21482,0.31601,1636
39,16,age_bin,ema_lr1e-2,0.01,0.0001,1.25428,0.30379,1636
39,16,age_bin,ema_lr5e-2,0.05,0.0001,3.04862,0.21394,1636
39,16,age_bin,ema_lr1e-2_wd1e-3,0.01,0.001,1.25396,0.33313,1636
39,16,age_bin,ema_d0.99,0.01,0.0001,1.26395,0.29156,1636
39,16,age_bin,ema_d0.9999,0.01,0.0001,1.17588,0.34291,1636
39,16,age_bin,mlp_h16,0.001,0.0,0.97141,0.58191,1636
39,16,age_bin,mlp_h32,0.001,0.0,0.98804,0.58191,1636
39,16,age_bin,mlp_h64,0.001,0.0,0.97318,0.58619,1636
39,16,age_bin,mlp_h128,0.001,0.0,0.98309,0.57824,1636
39,16,age_bin,attention,0.0001,1e-05,1.02049,0.54688,1636
39,16,age_bin,shuffled,0.01,0.0001,1.24837,0.3099,1636
39,16,gender,ema_lr1e-3,0.001,0.0001,0.78972,0.48961,1636
39,16,gender,ema_lr5e-3,0.005,0.0001,0.75859,0.51406,1636
39,16,gender,ema_lr1e-2,0.01,0.0001,0.86195,0.48411,1636
39,16,gender,ema_lr5e-2,0.05,0.0001,3.64825,0.51895,1636
39,16,gender,ema_lr1e-2_wd1e-3,0.01,0.001,0.87405,0.48044,1636
39,16,gender,ema_d0.99,0.01,0.0001,0.98332,0.48716,1636
39,16,gender,ema_d0.9999,0.01,0.0001,0.96799,0.5379,1636
39,16,gender,mlp_h16,0.001,0.0,0.69845,0.49511,1636
39,16,gender,mlp_h32,0.001,0.0,0.70204,0.49205,1636
39,16,gender,mlp_h64,0.001,0.0,0.70632,0.49939,1636
39,16,gender,mlp_h128,0.001,0.0,0.71125,0.49939,1636
39,16,gender,attention,0.0001,1e-05,15.71015,0.46094,1636
39,16,gender,shuffled,0.01,0.0001,0.85015,0.47555,1636
39,16,star_sign,ema_lr1e-3,0.001,0.0001,2.65736,0.13386,1636
39,16,star_sign,ema_lr5e-3,0.005,0.0001,2.57853,0.15587,1636
39,16,star_sign,ema_lr1e-2,0.01,0.0001,2.30838,0.24817,1636
39,16,star_sign,ema_lr5e-2,0.05,0.0001,1.65666,0.58068,1636
39,16,star_sign,ema_lr1e-2_wd1e-3,0.01,0.001,2.37246,0.21638,1636
39,16,star_sign,ema_d0.99,0.01,0.0001,2.30351,0.24939,1636
39,16,star_sign,ema_d0.9999,0.01,0.0001,2.31268,0.24511,1636
39,16,star_sign,mlp_h16,0.001,0.0,0.00566,1.0,1636
39,16,star_sign,mlp_h32,0.001,0.0,0.00134,1.0,1636
39,16,star_sign,mlp_h64,0.001,0.0,0.00013,1.0,1636
39,16,star_sign,mlp_h128,0.001,0.0,1e-05,1.0,1636
39,16,star_sign,attention,0.0001,1e-05,0.0,1.0,1636
39,16,star_sign,shuffled,0.01,0.0001,2.34239,0.25,1636
39,20,age_bin,ema_lr1e-3,0.001,0.0001,1.31483,0.30868,1636
39,20,age_bin,ema_lr5e-3,0.005,0.0001,1.22597,0.35636,1636
39,20,age_bin,ema_lr1e-2,0.01,0.0001,1.236,0.3313,1636
39,20,age_bin,ema_lr5e-2,0.05,0.0001,3.09877,0.24511,1636
39,20,age_bin,ema_lr1e-2_wd1e-3,0.01,0.001,1.26044,0.32213,1636
39,20,age_bin,ema_d0.99,0.01,0.0001,1.20893,0.33496,1636
39,20,age_bin,ema_d0.9999,0.01,0.0001,1.17821,0.37836,1636
39,20,age_bin,mlp_h16,0.001,0.0,0.98309,0.58496,1636
39,20,age_bin,mlp_h32,0.001,0.0,0.96789,0.58619,1636
39,20,age_bin,mlp_h64,0.001,0.0,0.99496,0.58313,1636
39,20,age_bin,mlp_h128,0.001,0.0,0.9858,0.58313,1636
39,20,age_bin,attention,0.0001,1e-05,9.36327,0.28906,1636
39,20,age_bin,shuffled,0.01,0.0001,1.24045,0.38631,1636
39,20,gender,ema_lr1e-3,0.001,0.0001,0.8681,0.47127,1636
39,20,gender,ema_lr5e-3,0.005,0.0001,0.78833,0.51467,1636
39,20,gender,ema_lr1e-2,0.01,0.0001,0.86001,0.50306,1636
39,20,gender,ema_lr5e-2,0.05,0.0001,3.41757,0.51956,1636
39,20,gender,ema_lr1e-2_wd1e-3,0.01,0.001,0.96269,0.49083,1636
39,20,gender,ema_d0.99,0.01,0.0001,0.9839,0.50183,1636
39,20,gender,ema_d0.9999,0.01,0.0001,0.84475,0.48655,1636
39,20,gender,mlp_h16,0.001,0.0,0.70331,0.50917,1636
39,20,gender,mlp_h32,0.001,0.0,0.70782,0.5055,1636
39,20,gender,mlp_h64,0.001,0.0,0.70544,0.49817,1636
39,20,gender,mlp_h128,0.001,0.0,0.71749,0.48411,1636
39,20,gender,attention,0.0001,1e-05,15.94791,0.46094,1636
39,20,gender,shuffled,0.01,0.0001,0.883,0.53178,1636
39,20,star_sign,ema_lr1e-3,0.001,0.0001,2.80401,0.07702,1636
39,20,star_sign,ema_lr5e-3,0.005,0.0001,2.58204,0.12836,1636
39,20,star_sign,ema_lr1e-2,0.01,0.0001,2.41002,0.19682,1636
39,20,star_sign,ema_lr5e-2,0.05,0.0001,1.57711,0.61797,1636
39,20,star_sign,ema_lr1e-2_wd1e-3,0.01,0.001,2.41462,0.21822,1636
39,20,star_sign,ema_d0.99,0.01,0.0001,2.47442,0.16076,1636
39,20,star_sign,ema_d0.9999,0.01,0.0001,2.43109,0.19988,1636
39,20,star_sign,mlp_h16,0.001,0.0,0.23363,1.0,1636
39,20,star_sign,mlp_h32,0.001,0.0,0.00059,1.0,1636
39,20,star_sign,mlp_h64,0.001,0.0,0.00018,1.0,1636
39,20,star_sign,mlp_h128,0.001,0.0,1e-05,1.0,1636
39,20,star_sign,attention,0.0001,1e-05,0.00089,1.0,1636
39,20,star_sign,shuffled,0.01,0.0001,2.48066,0.16137,1636
39,24,age_bin,ema_lr1e-3,0.001,0.0001,1.35855,0.33496,1636
39,24,age_bin,ema_lr5e-3,0.005,0.0001,1.34139,0.34963,1636
39,24,age_bin,ema_lr1e-2,0.01,0.0001,1.22314,0.38264,1636
39,24,age_bin,ema_lr5e-2,0.05,0.0001,1.62227,0.52078,1636
39,24,age_bin,ema_lr1e-2_wd1e-3,0.01,0.001,1.26891,0.35575,1636
39,24,age_bin,ema_d0.99,0.01,0.0001,1.28367,0.35269,1636
39,24,age_bin,ema_d0.9999,0.01,0.0001,1.25671,0.36247,1636
39,24,age_bin,mlp_h16,0.001,0.0,1.0037,0.51956,1636
39,24,age_bin,mlp_h32,0.001,0.0,1.00542,0.52934,1636
39,24,age_bin,mlp_h64,0.001,0.0,1.00385,0.52873,1636
39,24,age_bin,mlp_h128,0.001,0.0,0.99173,0.54462,1636
39,24,age_bin,attention,0.0001,1e-05,9.62849,0.39844,1636
39,24,age_bin,shuffled,0.01,0.0001,1.28671,0.34963,1636
39,24,gender,ema_lr1e-3,0.001,0.0001,0.87261,0.50489,1636
39,24,gender,ema_lr5e-3,0.005,0.0001,0.9001,0.49511,1636
39,24,gender,ema_lr1e-2,0.01,0.0001,0.88616,0.50917,1636
39,24,gender,ema_lr5e-2,0.05,0.0001,1.9364,0.50183,1636
39,24,gender,ema_lr1e-2_wd1e-3,0.01,0.001,0.9857,0.47616,1636
39,24,gender,ema_d0.99,0.01,0.0001,0.82267,0.51345,1636
39,24,gender,ema_d0.9999,0.01,0.0001,0.84297,0.52628,1636
39,24,gender,mlp_h16,0.001,0.0,0.71224,0.50917,1636
39,24,gender,mlp_h32,0.001,0.0,0.70402,0.53362,1636
39,24,gender,mlp_h64,0.001,0.0,0.70591,0.52506,1636
39,24,gender,mlp_h128,0.001,0.0,0.70991,0.5379,1636
39,24,gender,attention,0.0001,1e-05,4.88884,0.46875,1636
39,24,gender,shuffled,0.01,0.0001,0.9401,0.5,1636
39,24,star_sign,ema_lr1e-3,0.001,0.0001,2.83766,0.10147,1636
39,24,star_sign,ema_lr5e-3,0.005,0.0001,2.72722,0.10269,1636
39,24,star_sign,ema_lr1e-2,0.01,0.0001,2.50125,0.17665,1636
39,24,star_sign,ema_lr5e-2,0.05,0.0001,1.55579,0.57824,1636
39,24,star_sign,ema_lr1e-2_wd1e-3,0.01,0.001,2.41858,0.18093,1636
39,24,star_sign,ema_d0.99,0.01,0.0001,2.55516,0.14914,1636
39,24,star_sign,ema_d0.9999,0.01,0.0001,2.56511,0.13692,1636
39,24,star_sign,mlp_h16,0.001,0.0,0.00517,1.0,1636
39,24,star_sign,mlp_h32,0.001,0.0,0.00504,1.0,1636
39,24,star_sign,mlp_h64,0.001,0.0,0.00033,1.0,1636
39,24,star_sign,mlp_h128,0.001,0.0,1e-05,1.0,1636
39,24,star_sign,attention,0.0001,1e-05,3e-05,1.0,1636
39,24,star_sign,shuffled,0.01,0.0001,2.61171,0.1357,1636
39,28,age_bin,ema_lr1e-3,0.001,0.0001,1.50697,0.36858,1636
39,28,age_bin,ema_lr5e-3,0.005,0.0001,1.42772,0.35941,1636
39,28,age_bin,ema_lr1e-2,0.01,0.0001,1.38407,0.34597,1636
39,28,age_bin,ema_lr5e-2,0.05,0.0001,1.15432,0.44254,1636
39,28,age_bin,ema_lr1e-2_wd1e-3,0.01,0.001,1.38953,0.34719,1636
39,28,age_bin,ema_d0.99,0.01,0.0001,1.47751,0.31479,1636
39,28,age_bin,ema_d0.9999,0.01,0.0001,1.31648,0.35513,1636
39,28,age_bin,mlp_h16,0.001,0.0,0.97947,0.55134,1636
39,28,age_bin,mlp_h32,0.001,0.0,0.98562,0.55379,1636
39,28,age_bin,mlp_h64,0.001,0.0,0.99783,0.53545,1636
39,28,age_bin,mlp_h128,0.001,0.0,1.00933,0.51711,1636
39,28,age_bin,attention,0.0001,1e-05,1.16356,0.46094,1636
39,28,age_bin,shuffled,0.01,0.0001,1.40091,0.33863,1636
39,28,gender,ema_lr1e-3,0.001,0.0001,1.0198,0.52139,1636
39,28,gender,ema_lr5e-3,0.005,0.0001,0.96009,0.49511,1636
39,28,gender,ema_lr1e-2,0.01,0.0001,0.86185,0.51834,1636
39,28,gender,ema_lr5e-2,0.05,0.0001,0.81901,0.51345,1636
39,28,gender,ema_lr1e-2_wd1e-3,0.01,0.001,0.92036,0.49694,1636
39,28,gender,ema_d0.99,0.01,0.0001,0.89096,0.49939,1636
39,28,gender,ema_d0.9999,0.01,0.0001,0.93932,0.47922,1636
39,28,gender,mlp_h16,0.001,0.0,0.69779,0.53423,1636
39,28,gender,mlp_h32,0.001,0.0,0.70697,0.51895,1636
39,28,gender,mlp_h64,0.001,0.0,0.70671,0.53301,1636
39,28,gender,mlp_h128,0.001,0.0,0.70805,0.52873,1636
39,28,gender,attention,0.0001,1e-05,0.76334,0.52344,1636
39,28,gender,shuffled,0.01,0.0001,0.87899,0.50489,1636
39,28,star_sign,ema_lr1e-3,0.001,0.0001,3.24922,0.11858,1636
39,28,star_sign,ema_lr5e-3,0.005,0.0001,2.99371,0.13142,1636
39,28,star_sign,ema_lr1e-2,0.01,0.0001,2.72221,0.14609,1636
39,28,star_sign,ema_lr5e-2,0.05,0.0001,1.46509,0.62714,1636
39,28,star_sign,ema_lr1e-2_wd1e-3,0.01,0.001,2.73978,0.14609,1636
39,28,star_sign,ema_d0.99,0.01,0.0001,2.85506,0.10758,1636
39,28,star_sign,ema_d0.9999,0.01,0.0001,2.76258,0.16137,1636
39,28,star_sign,mlp_h16,0.001,0.0,0.37607,0.98411,1636
39,28,star_sign,mlp_h32,0.001,0.0,0.10471,1.0,1636
39,28,star_sign,mlp_h64,0.001,0.0,0.01852,1.0,1636
39,28,star_sign,mlp_h128,0.001,0.0,0.00387,1.0,1636
39,28,star_sign,attention,0.0001,1e-05,1e-05,1.0,1636
39,28,star_sign,shuffled,0.01,0.0001,2.79065,0.1302,1636
40,0,age_bin,ema_lr1e-3,0.001,0.0001,1.45043,0.39252,428
40,0,age_bin,ema_lr5e-3,0.005,0.0001,1.43298,0.33178,428
40,0,age_bin,ema_lr1e-2,0.01,0.0001,1.39191,0.33178,428
40,0,age_bin,ema_lr5e-2,0.05,0.0001,1.41098,0.3785,428
40,0,age_bin,ema_lr1e-2_wd1e-3,0.01,0.001,1.28218,0.3785,428
40,0,age_bin,ema_d0.99,0.01,0.0001,1.38485,0.3271,428
40,0,age_bin,ema_d0.9999,0.01,0.0001,1.29461,0.37383,428
40,0,age_bin,mlp_h16,0.001,0.0,1.1042,0.38551,428
40,0,age_bin,mlp_h32,0.001,0.0,1.08645,0.40187,428
40,0,age_bin,mlp_h64,0.001,0.0,1.08717,0.39486,428
40,0,age_bin,mlp_h128,0.001,0.0,1.09244,0.38785,428
40,0,age_bin,attention,0.0001,1e-05,1.08428,0.36667,428
40,0,age_bin,shuffled,0.01,0.0001,1.43456,0.33879,428
40,0,gender,ema_lr1e-3,0.001,0.0001,0.96143,0.51168,428
40,0,gender,ema_lr5e-3,0.005,0.0001,0.97496,0.47196,428
40,0,gender,ema_lr1e-2,0.01,0.0001,0.93348,0.46729,428
40,0,gender,ema_lr5e-2,0.05,0.0001,1.32637,0.51402,428
40,0,gender,ema_lr1e-2_wd1e-3,0.01,0.001,0.92369,0.48598,428
40,0,gender,ema_d0.99,0.01,0.0001,0.79919,0.51168,428
40,0,gender,ema_d0.9999,0.01,0.0001,0.92038,0.47196,428
40,0,gender,mlp_h16,0.001,0.0,0.68311,0.56075,428
40,0,gender,mlp_h32,0.001,0.0,0.71985,0.52336,428
40,0,gender,mlp_h64,0.001,0.0,0.72517,0.50935,428
40,0,gender,mlp_h128,0.001,0.0,0.69181,0.55607,428
40,0,gender,attention,0.0001,1e-05,0.69176,0.56667,428
40,0,gender,shuffled,0.01,0.0001,0.87669,0.51636,428
40,0,star_sign,ema_lr1e-3,0.001,0.0001,3.04805,0.1215,428
40,0,star_sign,ema_lr5e-3,0.005,0.0001,2.86434,0.12617,428
40,0,star_sign,ema_lr1e-2,0.01,0.0001,2.6902,0.20561,428
40,0,star_sign,ema_lr5e-2,0.05,0.0001,1.38281,0.82009,428
40,0,star_sign,ema_lr1e-2_wd1e-3,0.01,0.001,2.67341,0.20093,428
40,0,star_sign,ema_d0.99,0.01,0.0001,2.71993,0.17056,428
40,0,star_sign,ema_d0.9999,0.01,0.0001,2.68101,0.13785,428
40,0,star_sign,mlp_h16,0.001,0.0,0.23027,0.97897,428
40,0,star_sign,mlp_h32,0.001,0.0,0.02188,1.0,428
40,0,star_sign,mlp_h64,0.001,0.0,0.00799,1.0,428
40,0,star_sign,mlp_h128,0.001,0.0,0.00404,1.0,428
40,0,star_sign,attention,0.0001,1e-05,2.16165,1.0,428
40,0,star_sign,shuffled,0.01,0.0001,2.59152,0.16589,428
40,4,age_bin,ema_lr1e-3,0.001,0.0001,1.22692,0.32243,428
40,4,age_bin,ema_lr5e-3,0.005,0.0001,1.18759,0.33879,428
40,4,age_bin,ema_lr1e-2,0.01,0.0001,1.26353,0.31542,428
40,4,age_bin,ema_lr5e-2,0.05,0.0001,4.21095,0.37617,428
40,4,age_bin,ema_lr1e-2_wd1e-3,0.01,0.001,1.29969,0.31308,428
40,4,age_bin,ema_d0.99,0.01,0.0001,1.18206,0.33178,428
40,4,age_bin,ema_d0.9999,0.01,0.0001,1.28163,0.32243,428
40,4,age_bin,mlp_h16,0.001,0.0,1.09004,0.3972,428
40,4,age_bin,mlp_h32,0.001,0.0,1.07463,0.39019,428
40,4,age_bin,mlp_h64,0.001,0.0,1.08151,0.39019,428
40,4,age_bin,mlp_h128,0.001,0.0,1.07086,0.39486,428
40,4,age_bin,attention,0.0001,1e-05,1.05916,0.4,428
40,4,age_bin,shuffled,0.01,0.0001,1.39106,0.30607,428
40,4,gender,ema_lr1e-3,0.001,0.0001,0.85213,0.44159,428
40,4,gender,ema_lr5e-3,0.005,0.0001,0.81155,0.5,428
40,4,gender,ema_lr1e-2,0.01,0.0001,0.99428,0.46729,428
40,4,gender,ema_lr5e-2,0.05,0.0001,4.38927,0.38084,428
40,4,gender,ema_lr1e-2_wd1e-3,0.01,0.001,1.02395,0.43224,428
40,4,gender,ema_d0.99,0.01,0.0001,0.95289,0.57009,428
40,4,gender,ema_d0.9999,0.01,0.0001,0.97198,0.43224,428
40,4,gender,mlp_h16,0.001,0.0,0.68734,0.54907,428
40,4,gender,mlp_h32,0.001,0.0,0.69761,0.48131,428
40,4,gender,mlp_h64,0.001,0.0,0.74464,0.39486,428
40,4,gender,mlp_h128,0.001,0.0,0.7115,0.46495,428
40,4,gender,attention,0.0001,1e-05,0.65249,0.6,428
40,4,gender,shuffled,0.01,0.0001,1.10403,0.43692,428
40,4,star_sign,ema_lr1e-3,0.001,0.0001,2.69665,0.05841,428
40,4,star_sign,ema_lr5e-3,0.005,0.0001,2.49694,0.1472,428
40,4,star_sign,ema_lr1e-2,0.01,0.0001,2.35439,0.18224,428
40,4,star_sign,ema_lr5e-2,0.05,0.0001,3.01398,0.92991,428
40,4,star_sign,ema_lr1e-2_wd1e-3,0.01,0.001,2.25845,0.22897,428
40,4,star_sign,ema_d0.99,0.01,0.0001,2.36015,0.19626,428
40,4,star_sign,ema_d0.9999,0.01,0.0001,2.34155,0.17991,428
40,4,star_sign,mlp_h16,0.001,0.0,0.01259,1.0,428
40,4,star_sign,mlp_h32,0.001,0.0,0.00059,1.0,428
40,4,star_sign,mlp_h64,0.001,0.0,0.00036,1.0,428
40,4,star_sign,mlp_h128,0.001,0.0,1e-05,1.0,428
40,4,star_sign,attention,0.0001,1e-05,0.02109,1.0,428
40,4,star_sign,shuffled,0.01,0.0001,2.33761,0.1986,428
40,8,age_bin,ema_lr1e-3,0.001,0.0001,1.3039,0.31776,428
40,8,age_bin,ema_lr5e-3,0.005,0.0001,1.1965,0.36449,428
40,8,age_bin,ema_lr1e-2,0.01,0.0001,1.18774,0.37383,428
40,8,age_bin,ema_lr5e-2,0.05,0.0001,4.07326,0.3785,428
40,8,age_bin,ema_lr1e-2_wd1e-3,0.01,0.001,1.27188,0.33411,428
40,8,age_bin,ema_d0.99,0.01,0.0001,1.29475,0.28972,428
40,8,age_bin,ema_d0.9999,0.01,0.0001,1.24324,0.30841,428
40,8,age_bin,mlp_h16,0.001,0.0,1.06725,0.39252,428
40,8,age_bin,mlp_h32,0.001,0.0,1.04589,0.39486,428
40,8,age_bin,mlp_h64,0.001,0.0,1.08081,0.39019,428
40,8,age_bin,mlp_h128,0.001,0.0,1.06862,0.39252,428
40,8,age_bin,attention,0.0001,1e-05,1.06318,0.46667,428
40,8,age_bin,shuffled,0.01,0.0001,1.31211,0.38084,428
40,8,gender,ema_lr1e-3,0.001,0.0001,0.74792,0.53972,428
40,8,gender,ema_lr5e-3,0.005,0.0001,0.7432,0.57009,428
40,8,gender,ema_lr1e-2,0.01,0.0001,1.04346,0.47664,428
40,8,gender,ema_lr5e-2,0.05,0.0001,4.04833,0.61916,428
40,8,gender,ema_lr1e-2_wd1e-3,0.01,0.001,0.94319,0.56308,428
40,8,gender,ema_d0.99,0.01,0.0001,0.96161,0.56075,428
40,8,gender,ema_d0.9999,0.01,0.0001,1.02232,0.43925,428
40,8,gender,mlp_h16,0.001,0.0,0.6931,0.52103,428
40,8,gender,mlp_h32,0.001,0.0,0.6653,0.60514,428
40,8,gender,mlp_h64,0.001,0.0,0.73402,0.42056,428
40,8,gender,mlp_h128,0.001,0.0,0.78553,0.41121,428
40,8,gender,attention,0.0001,1e-05,0.64593,0.63333,428
40,8,gender,shuffled,0.01,0.0001,0.9586,0.57243,428
40,8,star_sign,ema_lr1e-3,0.001,0.0001,2.69248,0.08879,428
40,8,star_sign,ema_lr5e-3,0.005,0.0001,2.44694,0.16589,428
40,8,star_sign,ema_lr1e-2,0.01,0.0001,2.29259,0.22664,428
40,8,star_sign,ema_lr5e-2,0.05,0.0001,2.3946,0.10047,428
40,8,star_sign,ema_lr1e-2_wd1e-3,0.01,0.001,2.33219,0.24766,428
40,8,star_sign,ema_d0.99,0.01,0.0001,2.41613,0.13551,428
40,8,star_sign,ema_d0.9999,0.01,0.0001,2.34422,0.20561,428
40,8,star_sign,mlp_h16,0.001,0.0,1.23123,1.0,428
40,8,star_sign,mlp_h32,0.001,0.0,0.01255,1.0,428
40,8,star_sign,mlp_h64,0.001,0.0,0.00031,1.0,428
40,8,star_sign,mlp_h128,0.001,0.0,1e-05,1.0,428
40,8,star_sign,attention,0.0001,1e-05,0.0,1.0,428
40,8,star_sign,shuffled,0.01,0.0001,2.36387,0.17523,428
40,12,age_bin,ema_lr1e-3,0.001,0.0001,1.30096,0.31308,428
40,12,age_bin,ema_lr5e-3,0.005,0.0001,1.20598,0.3785,428
40,12,age_bin,ema_lr1e-2,0.01,0.0001,1.2095,0.38084,428
40,12,age_bin,ema_lr5e-2,0.05,0.0001,4.008,0.37617,428
40,12,age_bin,ema_lr1e-2_wd1e-3,0.01,0.001,1.27334,0.39019,428
40,12,age_bin,ema_d0.99,0.01,0.0001,1.23136,0.34112,428
40,12,age_bin,ema_d0.9999,0.01,0.0001,1.2688,0.31776,428
40,12,age_bin,mlp_h16,0.001,0.0,1.07838,0.39486,428
40,12,age_bin,mlp_h32,0.001,0.0,1.02703,0.40187,428
40,12,age_bin,mlp_h64,0.001,0.0,1.04204,0.39252,428
40,12,age_bin,mlp_h128,0.001,0.0,1.06371,0.39486,428
40,12,age_bin,attention,0.0001,1e-05,23.27552,0.4,428
40,12,age_bin,shuffled,0.01,0.0001,1.23503,0.38084,428
40,12,gender,ema_lr1e-3,0.001,0.0001,0.81476,0.47897,428
40,12,gender,ema_lr5e-3,0.005,0.0001,0.77918,0.49533,428
40,12,gender,ema_lr1e-2,0.01,0.0001,0.94717,0.57477,428
40,12,gender,ema_lr5e-2,0.05,0.0001,3.99703,0.61916,428
40,12,gender,ema_lr1e-2_wd1e-3,0.01,0.001,0.98947,0.45794,428
40,12,gender,ema_d0.99,0.01,0.0001,1.03214,0.47664,428
40,12,gender,ema_d0.9999,0.01,0.0001,0.98215,0.59346,428
40,12,gender,mlp_h16,0.001,0.0,0.68665,0.53037,428
40,12,gender,mlp_h32,0.001,0.0,0.68401,0.54206,428
40,12,gender,mlp_h64,0.001,0.0,0.69054,0.51636,428
40,12,gender,mlp_h128,0.001,0.0,0.6966,0.51869,428
40,12,gender,attention,0.0001,1e-05,0.69325,0.46667,428
40,12,gender,shuffled,0.01,0.0001,0.86269,0.46028,428
40,12,star_sign,ema_lr1e-3,0.001,0.0001,2.71006,0.06075,428
40,12,star_sign,ema_lr5e-3,0.005,0.0001,2.59823,0.10748,428
40,12,star_sign,ema_lr1e-2,0.01,0.0001,2.29132,0.18458,428
40,12,star_sign,ema_lr5e-2,0.05,0.0001,2.81419,0.92991,428
40,12,star_sign,ema_lr1e-2_wd1e-3,0.01,0.001,2.27616,0.19626,428
40,12,star_sign,ema_d0.99,0.01,0.0001,2.33262,0.17757,428
40,12,star_sign,ema_d0.9999,0.01,0.0001,2.33455,0.23364,428
40,12,star_sign,mlp_h16,0.001,0.0,0.04678,1.0,428
40,12,star_sign,mlp_h32,0.001,0.0,0.00301,1.0,428
40,12,star_sign,mlp_h64,0.001,0.0,0.00024,1.0,428
40,12,star_sign,mlp_h128,0.001,0.0,3e-05,1.0,428
40,12,star_sign,attention,0.0001,1e-05,0.0,1.0,428
40,12,star_sign,shuffled,0.01,0.0001,2.34668,0.1986,428
40,16,age_bin,ema_lr1e-3,0.001,0.0001,1.22003,0.35514,428
40,16,age_bin,ema_lr5e-3,0.005,0.0001,1.12202,0.40654,428
40,16,age_bin,ema_lr1e-2,0.01,0.0001,1.17731,0.42757,428
40,16,age_bin,ema_lr5e-2,0.05,0.0001,4.2419,0.37617,428
40,16,age_bin,ema_lr1e-2_wd1e-3,0.01,0.001,1.27429,0.3715,428
40,16,age_bin,ema_d0.99,0.01,0.0001,1.23584,0.3972,428
40,16,age_bin,ema_d0.9999,0.01,0.0001,1.20426,0.34579,428
40,16,age_bin,mlp_h16,0.001,0.0,1.09197,0.39019,428
40,16,age_bin,mlp_h32,0.001,0.0,1.05605,0.39019,428
40,16,age_bin,mlp_h64,0.001,0.0,1.06539,0.39019,428
40,16,age_bin,mlp_h128,0.001,0.0,1.06498,0.39019,428
40,16,age_bin,attention,0.0001,1e-05,1.18827,0.43333,428
40,16,age_bin,shuffled,0.01,0.0001,1.28509,0.3715,428
40,16,gender,ema_lr1e-3,0.001,0.0001,0.84876,0.46028,428
40,16,gender,ema_lr5e-3,0.005,0.0001,0.77917,0.49766,428
40,16,gender,ema_lr1e-2,0.01,0.0001,0.9554,0.49065,428
40,16,gender,ema_lr5e-2,0.05,0.0001,3.94487,0.61916,428
40,16,gender,ema_lr1e-2_wd1e-3,0.01,0.001,0.98963,0.43692,428
40,16,gender,ema_d0.99,0.01,0.0001,0.94484,0.6028,428
40,16,gender,ema_d0.9999,0.01,0.0001,0.93194,0.6285,428
40,16,gender,mlp_h16,0.001,0.0,0.67936,0.57944,428
40,16,gender,mlp_h32,0.001,0.0,0.69976,0.47897,428
40,16,gender,mlp_h64,0.001,0.0,0.75065,0.40654,428
40,16,gender,mlp_h128,0.001,0.0,0.69689,0.51636,428
40,16,gender,attention,0.0001,1e-05,15.60916,0.56667,428
40,16,gender,shuffled,0.01,0.0001,0.92583,0.48364,428
40,16,star_sign,ema_lr1e-3,0.001,0.0001,2.68189,0.13551,428
40,16,star_sign,ema_lr5e-3,0.005,0.0001,2.43168,0.19159,428
40,16,star_sign,ema_lr1e-2,0.01,0.0001,2.30075,0.19393,428
40,16,star_sign,ema_lr5e-2,0.05,0.0001,2.82364,0.92991,428
40,16,star_sign,ema_lr1e-2_wd1e-3,0.01,0.001,2.35003,0.17056,428
40,16,star_sign,ema_d0.99,0.01,0.0001,2.32116,0.16589,428
40,16,star_sign,ema_d0.9999,0.01,0.0001,2.2773,0.21495,428
40,16,star_sign,mlp_h16,0.001,0.0,0.00534,1.0,428
40,16,star_sign,mlp_h32,0.001,0.0,0.00127,1.0,428
40,16,star_sign,mlp_h64,0.001,0.0,0.00012,1.0,428
40,16,star_sign,mlp_h128,0.001,0.0,1e-05,1.0,428
40,16,star_sign,attention,0.0001,1e-05,0.0,1.0,428
40,16,star_sign,shuffled,0.01,0.0001,2.26974,0.23364,428
40,20,age_bin,ema_lr1e-3,0.001,0.0001,1.27423,0.31308,428
40,20,age_bin,ema_lr5e-3,0.005,0.0001,1.23036,0.3271,428
40,20,age_bin,ema_lr1e-2,0.01,0.0001,1.23436,0.36215,428
40,20,age_bin,ema_lr5e-2,0.05,0.0001,2.92487,0.39486,428
40,20,age_bin,ema_lr1e-2_wd1e-3,0.01,0.001,1.29578,0.35514,428
40,20,age_bin,ema_d0.99,0.01,0.0001,1.29441,0.33411,428
40,20,age_bin,ema_d0.9999,0.01,0.0001,1.27032,0.31542,428
40,20,age_bin,mlp_h16,0.001,0.0,1.04452,0.39019,428
40,20,age_bin,mlp_h32,0.001,0.0,1.075,0.39019,428
40,20,age_bin,mlp_h64,0.001,0.0,1.04671,0.39019,428
40,20,age_bin,mlp_h128,0.001,0.0,1.0492,0.3972,428
40,20,age_bin,attention,0.0001,1e-05,9.04658,0.43333,428
40,20,age_bin,shuffled,0.01,0.0001,1.32969,0.31075,428
40,20,gender,ema_lr1e-3,0.001,0.0001,0.84426,0.50234,428
40,20,gender,ema_lr5e-3,0.005,0.0001,0.81478,0.52103,428
40,20,gender,ema_lr1e-2,0.01,0.0001,0.9871,0.48598,428
40,20,gender,ema_lr5e-2,0.05,0.0001,3.4336,0.61916,428
40,20,gender,ema_lr1e-2_wd1e-3,0.01,0.001,0.92947,0.57477,428
40,20,gender,ema_d0.99,0.01,0.0001,0.93861,0.59579,428
40,20,gender,ema_d0.9999,0.01,0.0001,0.987,0.49065,428
40,20,gender,mlp_h16,0.001,0.0,0.67058,0.56075,428
40,20,gender,mlp_h32,0.001,0.0,0.68804,0.55374,428
40,20,gender,mlp_h64,0.001,0.0,0.67768,0.5771,428
40,20,gender,mlp_h128,0.001,0.0,0.66275,0.59346,428
40,20,gender,attention,0.0001,1e-05,15.65276,0.56667,428
40,20,gender,shuffled,0.01,0.0001,1.11395,0.52804,428
40,20,star_sign,ema_lr1e-3,0.001,0.0001,2.79942,0.11449,428
40,20,star_sign,ema_lr5e-3,0.005,0.0001,2.62085,0.13551,428
40,20,star_sign,ema_lr1e-2,0.01,0.0001,2.35492,0.19626,428
40,20,star_sign,ema_lr5e-2,0.05,0.0001,1.91762,0.91355,428
40,20,star_sign,ema_lr1e-2_wd1e-3,0.01,0.001,2.40873,0.17991,428
40,20,star_sign,ema_d0.99,0.01,0.0001,2.33483,0.19626,428
40,20,star_sign,ema_d0.9999,0.01,0.0001,2.41046,0.14486,428
40,20,star_sign,mlp_h16,0.001,0.0,0.2111,1.0,428
40,20,star_sign,mlp_h32,0.001,0.0,0.00059,1.0,428
40,20,star_sign,mlp_h64,0.001,0.0,0.00019,1.0,428
40,20,star_sign,mlp_h128,0.001,0.0,1e-05,1.0,428
40,20,star_sign,attention,0.0001,1e-05,0.00105,1.0,428
40,20,star_sign,shuffled,0.01,0.0001,2.41915,0.20327,428
40,24,age_bin,ema_lr1e-3,0.001,0.0001,1.31063,0.36449,428
40,24,age_bin,ema_lr5e-3,0.005,0.0001,1.35519,0.30607,428
40,24,age_bin,ema_lr1e-2,0.01,0.0001,1.18911,0.37383,428
40,24,age_bin,ema_lr5e-2,0.05,0.0001,2.56314,0.22196,428
40,24,age_bin,ema_lr1e-2_wd1e-3,0.01,0.001,1.25629,0.36916,428
40,24,age_bin,ema_d0.99,0.01,0.0001,1.28249,0.35047,428
40,24,age_bin,ema_d0.9999,0.01,0.0001,1.29616,0.36215,428
40,24,age_bin,mlp_h16,0.001,0.0,1.04334,0.42757,428
40,24,age_bin,mlp_h32,0.001,0.0,1.00658,0.44159,428
40,24,age_bin,mlp_h64,0.001,0.0,1.01219,0.43458,428
40,24,age_bin,mlp_h128,0.001,0.0,1.04255,0.42757,428
40,24,age_bin,attention,0.0001,1e-05,12.93753,0.26667,428
40,24,age_bin,shuffled,0.01,0.0001,1.36482,0.33645,428
40,24,gender,ema_lr1e-3,0.001,0.0001,0.89865,0.51636,428
40,24,gender,ema_lr5e-3,0.005,0.0001,0.7781,0.53972,428
40,24,gender,ema_lr1e-2,0.01,0.0001,0.92677,0.50935,428
40,24,gender,ema_lr5e-2,0.05,0.0001,2.83656,0.39252,428
40,24,gender,ema_lr1e-2_wd1e-3,0.01,0.001,0.93907,0.52103,428
40,24,gender,ema_d0.99,0.01,0.0001,0.75048,0.58879,428
40,24,gender,ema_d0.9999,0.01,0.0001,0.90891,0.51402,428
40,24,gender,mlp_h16,0.001,0.0,0.67827,0.56308,428
40,24,gender,mlp_h32,0.001,0.0,0.65567,0.61449,428
40,24,gender,mlp_h64,0.001,0.0,0.66345,0.60514,428
40,24,gender,mlp_h128,0.001,0.0,0.67415,0.58178,428
40,24,gender,attention,0.0001,1e-05,1.63041,0.66667,428
40,24,gender,shuffled,0.01,0.0001,0.92315,0.48131,428
40,24,star_sign,ema_lr1e-3,0.001,0.0001,2.92197,0.07944,428
40,24,star_sign,ema_lr5e-3,0.005,0.0001,2.61106,0.13318,428
40,24,star_sign,ema_lr1e-2,0.01,0.0001,2.5684,0.15654,428
40,24,star_sign,ema_lr5e-2,0.05,0.0001,2.18644,0.90654,428
40,24,star_sign,ema_lr1e-2_wd1e-3,0.01,0.001,2.50074,0.17757,428
40,24,star_sign,ema_d0.99,0.01,0.0001,2.47155,0.17757,428
40,24,star_sign,ema_d0.9999,0.01,0.0001,2.54907,0.14953,428
40,24,star_sign,mlp_h16,0.001,0.0,0.00502,1.0,428
40,24,star_sign,mlp_h32,0.001,0.0,0.00484,1.0,428
40,24,star_sign,mlp_h64,0.001,0.0,0.00032,1.0,428
40,24,star_sign,mlp_h128,0.001,0.0,1e-05,1.0,428
40,24,star_sign,attention,0.0001,1e-05,1e-05,1.0,428
40,24,star_sign,shuffled,0.01,0.0001,2.56325,0.17056,428
40,28,age_bin,ema_lr1e-3,0.001,0.0001,1.45146,0.36916,428
40,28,age_bin,ema_lr5e-3,0.005,0.0001,1.42477,0.3528,428
40,28,age_bin,ema_lr1e-2,0.01,0.0001,1.32888,0.36916,428
40,28,age_bin,ema_lr5e-2,0.05,0.0001,1.18673,0.38785,428
40,28,age_bin,ema_lr1e-2_wd1e-3,0.01,0.001,1.39819,0.31308,428
40,28,age_bin,ema_d0.99,0.01,0.0001,1.29121,0.3972,428
40,28,age_bin,ema_d0.9999,0.01,0.0001,1.2286,0.43458,428
40,28,age_bin,mlp_h16,0.001,0.0,1.01068,0.43692,428
40,28,age_bin,mlp_h32,0.001,0.0,1.03304,0.42523,428
40,28,age_bin,mlp_h64,0.001,0.0,1.0118,0.42757,428
40,28,age_bin,mlp_h128,0.001,0.0,1.01587,0.43224,428
40,28,age_bin,attention,0.0001,1e-05,1.38686,0.36667,428
40,28,age_bin,shuffled,0.01,0.0001,1.42812,0.29907,428
40,28,gender,ema_lr1e-3,0.001,0.0001,0.96449,0.54673,428
40,28,gender,ema_lr5e-3,0.005,0.0001,0.89442,0.50701,428
40,28,gender,ema_lr1e-2,0.01,0.0001,0.81831,0.56542,428
40,28,gender,ema_lr5e-2,0.05,0.0001,0.74294,0.57944,428
40,28,gender,ema_lr1e-2_wd1e-3,0.01,0.001,0.90131,0.50467,428
40,28,gender,ema_d0.99,0.01,0.0001,0.86272,0.54907,428
40,28,gender,ema_d0.9999,0.01,0.0001,0.93472,0.50701,428
40,28,gender,mlp_h16,0.001,0.0,0.6657,0.5771,428
40,28,gender,mlp_h32,0.001,0.0,0.66054,0.59346,428
40,28,gender,mlp_h64,0.001,0.0,0.66397,0.59813,428
40,28,gender,mlp_h128,0.001,0.0,0.64798,0.6215,428
40,28,gender,attention,0.0001,1e-05,0.71158,0.66667,428
40,28,gender,shuffled,0.01,0.0001,0.92767,0.46963,428
40,28,star_sign,ema_lr1e-3,0.001,0.0001,3.34956,0.11916,428
40,28,star_sign,ema_lr5e-3,0.005,0.0001,3.23448,0.08411,428
40,28,star_sign,ema_lr1e-2,0.01,0.0001,2.86537,0.1285,428
40,28,star_sign,ema_lr5e-2,0.05,0.0001,1.47534,0.60514,428
40,28,star_sign,ema_lr1e-2_wd1e-3,0.01,0.001,2.75374,0.14019,428
40,28,star_sign,ema_d0.99,0.01,0.0001,2.80114,0.10981,428
40,28,star_sign,ema_d0.9999,0.01,0.0001,2.86956,0.11215,428
40,28,star_sign,mlp_h16,0.001,0.0,0.35719,0.98832,428
40,28,star_sign,mlp_h32,0.001,0.0,0.09782,1.0,428
40,28,star_sign,mlp_h64,0.001,0.0,0.01605,1.0,428
40,28,star_sign,mlp_h128,0.001,0.0,0.003,1.0,428
40,28,star_sign,attention,0.0001,1e-05,9e-05,1.0,428
40,28,star_sign,shuffled,0.01,0.0001,2.78134,0.13318,428
