batch,loss_L0_age_bin,loss_L0_gender,loss_L0_star_sign,loss_L4_age_bin,loss_L4_gender,loss_L4_star_sign,loss_L8_age_bin,loss_L8_gender,loss_L8_star_sign,loss_L12_age_bin,loss_L12_gender,loss_L12_star_sign,loss_L16_age_bin,loss_L16_gender,loss_L16_star_sign,loss_L20_age_bin,loss_L20_gender,loss_L20_star_sign,loss_L24_age_bin,loss_L24_gender,loss_L24_star_sign
0,1.09932,0.69302,2.48521,1.10568,1.01699,2.52445,1.16631,0.71216,2.53009,1.09868,38.91319,69.40411,42.90303,0.69772,2.55063,1.09564,1.21588,52.55622,5.7387,6.70186,13.17031
1,1.09801,0.69225,2.4857,1.10441,4.31181,2.51694,1.12994,0.70788,2.49944,1.09449,36.80104,66.30033,39.8294,0.66399,2.54407,1.10484,1.21132,53.98605,4.1601,3.54732,12.02779
2,1.09772,0.69355,2.48489,1.09087,1.7557,2.49393,1.12579,0.67612,2.51228,1.09693,23.75964,60.19496,31.80029,0.70357,2.56639,1.06731,0.90051,43.82932,3.49549,3.19664,11.08294
3,1.09744,0.6938,2.48489,1.10055,1.11379,2.49329,1.10436,0.67927,2.48816,1.0833,14.52348,54.17255,23.87834,0.66692,2.51735,1.05032,0.81006,32.82572,3.17907,1.83573,9.224
4,1.0972,0.69286,2.4849,1.08788,1.80932,2.50048,1.08592,0.68021,2.51105,1.06255,2.28892,51.79462,18.57786,0.68234,2.52245,1.03611,0.81327,10.07118,3.40597,2.57064,9.71415
5,1.09592,0.69223,2.4849,1.07755,1.27782,2.50626,1.06606,0.68045,2.51784,1.05913,0.73718,50.84019,19.80516,0.67551,2.50765,1.04717,0.77863,3.58953,3.55536,3.08552,8.85727
6,1.09396,0.69185,2.48549,1.07141,0.75049,2.48438,1.06086,0.6638,2.50595,1.0472,0.72423,46.21339,18.65614,0.69497,2.55442,0.97444,0.70008,3.26572,3.85526,2.62795,8.47385
7,1.09568,0.6919,2.4835,1.08161,1.17463,2.49003,1.07517,0.66994,2.45997,1.06109,0.71118,36.24035,18.80173,0.7058,2.49321,1.03948,0.73123,3.31773,3.34155,2.21245,8.39986
8,1.09371,0.69321,2.48385,1.06571,1.11345,2.48376,1.0516,0.70024,2.48702,1.03934,0.72383,33.88322,15.34094,0.68145,2.51204,0.9452,0.79096,3.16459,3.35741,1.91263,7.0898
9,1.09449,0.69141,2.48315,1.07468,0.83893,2.47973,1.07197,0.67798,2.46358,1.05297,0.74043,29.67022,13.85232,0.67627,2.48752,0.97203,0.7922,3.22667,2.62597,1.95977,7.97445
10,1.09475,0.69244,2.48331,1.05772,0.75237,2.49634,1.05575,0.67878,2.48254,1.03741,0.72256,33.61416,10.77437,0.65277,2.46474,0.96181,0.74589,2.86568,3.05287,1.61319,7.98164
11,1.09096,0.69168,2.48264,1.06037,1.08028,2.48135,1.04503,0.67578,2.45227,1.04842,0.71173,27.05831,6.09842,0.68489,2.46655,1.00911,0.75164,3.01418,2.33813,1.98584,7.79142
12,1.09173,0.69633,2.48269,1.0507,1.208,2.4778,1.03758,0.69714,2.47376,1.02165,0.70533,23.76758,2.91871,0.6614,2.46102,0.96298,0.76548,2.73488,2.48439,2.40277,7.38772
13,1.08819,0.69424,2.48469,1.03482,0.73267,2.47652,1.02497,0.67221,2.50711,1.00428,0.70429,19.81355,3.45973,0.64874,2.51653,0.90348,0.73683,2.83241,1.83187,2.44655,7.13197
14,1.0936,0.69499,2.48332,1.07754,0.88323,2.48969,1.06575,0.66075,2.4864,1.04647,0.71469,20.13173,6.94229,0.62244,2.50405,1.02913,0.6443,2.79795,2.51673,1.84682,5.85093
15,1.0882,0.691,2.48392,1.04188,1.3166,2.48677,1.02165,0.64558,2.51313,1.00812,0.73514,16.33519,8.021,0.62652,2.51425,0.91371,0.67061,2.93834,2.67479,1.53622,6.53848
16,1.09651,0.69347,2.48142,1.07252,0.92113,2.46578,1.06518,0.66039,2.45672,1.01613,0.70497,14.05801,8.2202,0.62737,2.48804,0.93848,0.63703,2.68365,2.14993,1.62002,7.23393
17,1.09458,0.69131,2.48071,1.06911,0.78077,2.46382,1.06545,0.63728,2.4645,1.02887,0.72319,11.40051,8.78498,0.61173,2.49495,0.95925,0.68062,2.66523,1.85148,1.37593,5.89647
18,1.08647,0.69149,2.48456,1.04249,0.98025,2.49335,1.03636,0.6601,2.50127,1.03903,0.72211,15.34225,7.1873,0.62615,2.49618,0.9885,0.67825,2.84313,2.50211,1.3936,5.57799
19,1.09396,0.6905,2.48474,1.04992,1.1128,2.49183,1.05297,0.6599,2.51323,0.99693,0.72001,12.69544,5.76293,0.63867,2.51027,0.89805,0.70791,2.66298,2.05865,2.12021,6.64708
20,1.08757,0.69054,2.48398,1.0417,0.84369,2.49159,1.05574,0.65317,2.50733,1.03086,0.72235,12.37837,3.82107,0.61192,2.51595,0.99315,0.69655,2.81042,2.07877,1.76357,5.73459
21,1.08584,0.69143,2.48261,1.0307,0.70198,2.47321,1.0219,0.65079,2.47905,1.02149,0.70559,8.97753,4.44169,0.63826,2.46076,0.96103,0.72216,2.8234,1.71452,1.90599,5.58762
22,1.08163,0.68958,2.48565,1.02091,0.96652,2.49848,1.00837,0.65137,2.50975,1.01135,0.72997,6.99325,5.84606,0.63179,2.53368,0.98842,0.72529,2.67975,1.8804,1.90917,4.73163
23,1.09077,0.69194,2.48293,1.03146,0.98507,2.48948,1.00419,0.64725,2.49866,0.97936,0.72785,6.33546,4.99804,0.63286,2.5041,0.89911,0.65878,2.60404,2.09297,1.39877,5.53155
24,1.08227,0.69459,2.47989,1.0128,0.73077,2.45846,0.98312,0.64603,2.45629,0.96178,0.70823,7.87353,3.75805,0.6468,2.44482,0.90299,0.66048,2.67446,1.8763,1.29626,4.8997
25,1.0848,0.69133,2.47923,1.03664,0.71268,2.46638,1.02314,0.6726,2.46073,1.01209,0.72314,8.68187,1.9441,0.67376,2.45546,0.96375,0.67165,2.58522,2.00019,1.86254,4.60432
26,1.09186,0.69229,2.4811,1.06039,0.8229,2.47703,1.04116,0.66049,2.46946,1.02908,0.72563,8.58424,1.75713,0.67184,2.46543,0.99727,0.69877,2.63435,1.99269,1.49376,4.80187
27,1.09145,0.69536,2.47978,1.01708,0.78283,2.46729,1.00661,0.65519,2.47083,0.9634,0.71453,6.38526,2.78352,0.6292,2.47418,0.88807,0.70608,2.68767,1.82301,1.52196,4.73896
28,1.08677,0.69398,2.48406,1.00401,0.72144,2.49461,0.98352,0.634,2.48518,0.97663,0.71438,6.74585,2.5103,0.6422,2.50094,0.88241,0.64226,2.65545,1.72116,1.40519,4.31538
29,1.0878,0.69337,2.47958,1.01477,0.76491,2.46933,0.99861,0.64334,2.47433,0.96777,0.70965,6.39807,3.0431,0.60869,2.50928,0.88721,0.66389,2.61077,1.85922,1.40321,4.62407
30,1.08808,0.69447,2.48027,1.01413,0.80512,2.47495,0.98356,0.64299,2.482,0.979,0.70792,6.06525,2.90171,0.60337,2.4745,0.89434,0.64799,2.63098,1.90937,1.15329,4.91924
31,1.09581,0.6968,2.48101,1.00857,0.68668,2.46869,0.98732,0.64394,2.46906,0.96211,0.6955,5.69861,3.46296,0.62717,2.46507,0.8684,0.62305,2.64491,1.7144,1.30483,4.66815
32,1.08963,0.68757,2.47896,1.0048,0.69579,2.45383,0.97535,0.64641,2.46077,0.96212,0.73736,5.11342,3.46594,0.65059,2.45634,0.82872,0.61108,2.57032,1.48862,1.06534,4.33561
33,1.08304,0.69304,2.48198,1.0013,0.82807,2.47702,0.9665,0.62883,2.45472,0.94692,0.71878,5.69451,2.915,0.62349,2.44558,0.89329,0.64732,2.59647,1.43233,1.08666,4.4247
34,1.09079,0.69196,2.47895,0.99489,0.78776,2.46029,0.9727,0.64198,2.46974,0.94906,0.71478,4.8261,2.91224,0.60458,2.47356,0.86732,0.62492,2.49397,1.40931,1.02279,4.22313
35,1.09042,0.69242,2.47858,1.00109,0.73697,2.46807,0.98149,0.61897,2.457,0.97053,0.70919,5.35474,2.33759,0.59098,2.46336,0.93641,0.65242,2.5771,1.85829,1.09599,4.29456
36,1.08397,0.68792,2.47534,0.98094,0.79319,2.45557,0.96127,0.6564,2.45391,0.94529,0.74881,4.38171,1.94903,0.64286,2.45473,0.86403,0.67547,2.53774,1.45274,1.41905,4.19023
37,1.08715,0.69359,2.47275,1.02903,0.74234,2.4479,0.9813,0.59588,2.47234,0.9757,0.70852,5.087,1.59932,0.57186,2.48482,0.89983,0.57253,2.5436,1.55091,1.22404,4.26699
38,1.08198,0.68984,2.47513,0.99619,0.70365,2.44393,0.99358,0.61691,2.45087,0.96127,0.72258,4.56854,1.35105,0.621,2.44254,0.92803,0.59821,2.57948,1.63251,0.91828,3.82262
39,1.09372,0.69527,2.48699,0.96475,0.77003,2.49228,0.9189,0.64192,2.48838,0.90836,0.70924,4.79868,1.63131,0.62477,2.4813,0.84123,0.6335,2.5677,1.47098,1.11997,4.65881
40,1.07623,0.69462,2.48184,1.05646,0.75213,2.47557,1.05165,0.62919,2.48883,1.03314,0.70293,3.71644,2.27249,0.62558,2.43986,1.05467,0.60879,2.58763,1.96279,0.96445,4.05205
41,1.0767,0.69036,2.48137,1.02169,0.71928,2.48567,0.97191,0.60262,2.47517,0.96351,0.71009,3.42393,2.0757,0.60554,2.47054,0.93496,0.62845,2.62695,1.77622,1.21901,3.79473
42,1.08981,0.68949,2.48467,0.99126,0.79001,2.49812,0.98684,0.63653,2.48501,0.97802,0.73048,3.1833,1.73584,0.62897,2.46886,1.00065,0.62527,2.66418,1.79801,1.25927,3.60662
43,1.07954,0.69254,2.47854,0.95679,0.67246,2.46782,0.93692,0.60355,2.45629,0.91776,0.70309,3.37524,1.40455,0.627,2.45675,0.81953,0.67046,2.58624,1.32186,1.36181,3.89056
44,1.07777,0.69233,2.47766,0.96003,0.68091,2.46977,0.95751,0.67135,2.46875,0.94058,0.71389,3.84971,1.50059,0.65313,2.46074,0.84451,0.67332,2.5734,1.3845,1.17004,4.503
45,1.08615,0.69137,2.47521,1.00283,0.68632,2.45841,0.95862,0.64536,2.48286,0.94319,0.71414,3.8151,1.56566,0.64,2.45236,0.89581,0.648,2.50137,1.49286,1.07961,3.62825
46,1.07841,0.69511,2.49001,0.94659,0.75051,2.49829,0.92425,0.6354,2.48861,0.90608,0.70377,3.23954,1.46662,0.626,2.51794,0.81132,0.62176,2.66773,1.3639,0.85716,3.98687
47,1.07793,0.68989,2.47147,0.9913,0.72109,2.44542,0.95483,0.65649,2.45223,0.94645,0.70686,3.43325,1.35582,0.64254,2.46243,0.88074,0.71204,2.52082,1.60837,1.45691,4.25705
48,1.09192,0.69154,2.47483,0.98007,0.72705,2.46038,0.93819,0.6376,2.4682,0.95171,0.70888,3.5948,1.14291,0.63737,2.48454,0.83246,0.64448,2.58728,1.31967,1.24342,3.6352
49,1.08272,0.69552,2.48912,0.9901,0.68908,2.51883,0.93967,0.62518,2.5104,0.91891,0.68833,3.37731,1.14927,0.60672,2.52695,0.828,0.58249,2.58591,1.41532,0.90861,3.99073
50,1.07653,0.69008,2.47454,0.96424,0.72443,2.46937,0.9581,0.6163,2.47148,0.92851,0.71355,3.1618,1.19114,0.59325,2.47517,0.89714,0.63089,2.54708,1.34283,1.14953,4.54379
51,1.10102,0.69148,2.47912,0.96778,0.72252,2.46609,0.95372,0.68618,2.46685,0.94809,0.6902,2.89465,1.15903,0.6528,2.48469,0.89183,0.66014,2.58213,1.33439,1.12386,3.6273
52,1.08787,0.69074,2.4736,0.96067,0.7195,2.44332,0.91996,0.5975,2.45256,0.93368,0.68925,2.94717,1.19898,0.57852,2.43285,0.85579,0.60097,2.5379,1.31114,0.97081,3.72433
53,1.08875,0.68971,2.47326,0.94458,0.7291,2.44567,0.9611,0.62684,2.45366,0.94938,0.73019,2.89117,1.17375,0.59513,2.4381,0.8634,0.62025,2.52363,1.50853,0.93789,3.53095
54,1.07934,0.69015,2.48011,0.93713,0.74229,2.48017,0.93023,0.6768,2.46516,0.92439,0.71704,3.07155,1.19314,0.67758,2.49114,0.84483,0.67903,2.58522,1.17352,1.04269,3.06058
55,1.08253,0.69139,2.48683,0.98405,0.71876,2.47323,0.9771,0.60775,2.47776,0.94634,0.70985,3.0495,1.24464,0.61003,2.47128,0.93943,0.62369,2.55662,1.22621,1.01272,3.66113
56,1.06604,0.69078,2.47351,0.93709,0.72477,2.45274,0.86677,0.6663,2.45775,0.87322,0.71324,2.87963,1.22314,0.65004,2.43165,0.83371,0.64938,2.55741,1.23333,1.0566,3.36347
57,1.08795,0.69296,2.4768,0.99297,0.70583,2.47192,0.96862,0.6526,2.47536,0.95064,0.69669,3.10006,1.18072,0.64827,2.46685,0.85758,0.68685,2.61403,1.38561,1.21507,3.39216
58,1.09281,0.69424,2.48367,0.90603,0.6979,2.48556,0.86498,0.63023,2.46445,0.85067,0.70201,3.06677,1.1562,0.61967,2.4798,0.814,0.63335,2.53197,1.23969,0.95873,3.55348
59,1.07396,0.6911,2.46692,0.92334,0.71969,2.42932,0.89885,0.6136,2.43311,0.87859,0.70753,2.97429,1.20151,0.61847,2.40316,0.76832,0.61433,2.49551,1.25201,1.07247,3.29112
60,1.07281,0.69287,2.4716,0.92885,0.69402,2.44149,0.93886,0.63054,2.45357,0.90866,0.70053,2.75486,1.19943,0.62725,2.44514,0.84912,0.62578,2.48674,1.28803,0.94611,3.59988
61,1.09193,0.69115,2.46869,0.92833,0.71566,2.45852,0.92483,0.6074,2.45491,0.91476,0.69217,2.87006,1.12751,0.61145,2.44595,0.86842,0.62777,2.51183,1.24185,0.8594,3.4499
62,1.07061,0.69012,2.48925,0.91986,0.74065,2.49183,0.87373,0.66385,2.47719,0.88224,0.70522,2.96536,1.21337,0.64374,2.47581,0.85412,0.67586,2.56522,1.47078,0.90254,3.61115
63,1.06204,0.69424,2.46827,0.93296,0.69333,2.46805,0.90413,0.62757,2.45958,0.91088,0.68555,2.7936,1.25131,0.64825,2.47326,0.78428,0.62934,2.52231,1.04592,1.04422,3.64899
64,1.07763,0.69017,2.48178,0.94387,0.73322,2.44087,0.88423,0.64178,2.44981,0.88322,0.71292,2.91293,1.16013,0.63646,2.4248,0.82367,0.67338,2.54251,1.19718,1.05552,3.10158
65,1.07792,0.69422,2.47806,1.01156,0.70035,2.47359,0.97977,0.6462,2.4656,0.95939,0.68841,2.9128,1.17639,0.64665,2.47028,0.92452,0.66049,2.56804,1.18727,1.03859,3.39615
66,1.11369,0.69288,2.47792,0.91488,0.69583,2.41852,0.8298,0.59151,2.44571,0.84445,0.71317,2.92819,1.17405,0.59078,2.43065,0.82102,0.59426,2.51152,1.33911,0.99546,3.49214
67,1.09705,0.69553,2.45396,0.94018,0.68155,2.42199,0.96646,0.59859,2.41784,0.97417,0.69946,2.73019,1.18699,0.59412,2.4269,0.86923,0.57745,2.50949,1.04485,0.97189,3.92736
68,1.08084,0.69536,2.46921,0.93707,0.67826,2.46103,0.92872,0.63061,2.45776,0.92105,0.69615,2.66042,1.19548,0.62518,2.47857,0.85326,0.65579,2.52503,1.11738,0.94439,3.6425
69,1.09284,0.69059,2.47753,0.92898,0.71833,2.48224,0.94555,0.66581,2.47466,0.889,0.69408,2.63922,1.16669,0.6738,2.46399,0.79346,0.68431,2.56099,1.32777,1.12605,3.19957
70,1.08218,0.68968,2.46392,0.92742,0.73295,2.44423,0.88225,0.66144,2.43218,0.89231,0.69881,2.59796,1.17064,0.63414,2.40248,0.85152,0.67098,2.54592,0.94584,0.97534,2.92321
71,1.07914,0.69024,2.48179,0.98101,0.70677,2.49992,0.95681,0.57929,2.48796,0.97039,0.69832,2.76887,1.13118,0.55769,2.47634,0.93954,0.57355,2.51159,1.22335,0.88714,3.40324
72,1.08308,0.69359,2.47954,0.98955,0.68519,2.46874,0.98393,0.62153,2.46857,0.97825,0.69664,3.01957,1.15045,0.60437,2.45417,0.95151,0.60915,2.48897,1.30751,0.93106,3.29371
73,1.08751,0.69089,2.46547,0.91747,0.7116,2.44686,0.89482,0.62456,2.44853,0.87362,0.71566,2.74867,1.17601,0.64312,2.45218,0.84049,0.65275,2.55342,1.29676,1.15239,3.4811
74,1.07478,0.69015,2.48378,0.85824,0.7168,2.48069,0.86343,0.60581,2.48879,0.85851,0.72424,2.83398,1.18783,0.59832,2.49017,0.7957,0.58447,2.517,1.17126,0.79176,3.68376
75,1.09428,0.69095,2.46888,0.90451,0.71606,2.45003,0.90186,0.62176,2.4184,0.87934,0.72096,2.66036,1.17422,0.6195,2.42651,0.85147,0.59988,2.46578,1.0852,0.89023,3.36088
76,1.09338,0.68988,2.4735,0.94365,0.72246,2.45935,0.93385,0.61168,2.46881,0.92001,0.71372,2.72948,1.11471,0.59884,2.43183,0.83282,0.60215,2.5535,1.16462,0.82993,3.61331
77,1.05506,0.69161,2.47019,0.93401,0.69714,2.46977,0.93985,0.59593,2.4403,0.91131,0.71597,2.69736,1.15443,0.56793,2.44635,0.81384,0.59406,2.55453,1.45103,0.84432,3.45371
78,1.07885,0.69251,2.4801,0.90302,0.69202,2.44674,0.91971,0.62199,2.4675,0.8958,0.70067,2.77024,1.14339,0.62128,2.43867,0.79029,0.64179,2.57886,1.23767,0.86976,3.04395
79,1.05899,0.69133,2.47381,0.99279,0.70744,2.44528,0.9522,0.61933,2.45576,0.93473,0.70752,2.59114,1.18535,0.61258,2.4505,0.91049,0.63321,2.48638,1.18176,0.9246,3.34963
80,1.06067,0.69223,2.47289,0.90048,0.67891,2.45494,0.87651,0.6006,2.44714,0.87791,0.69607,2.62539,1.18336,0.58695,2.42138,0.80582,0.62252,2.45834,1.01642,0.73657,3.44588
81,1.07171,0.69081,2.4707,0.9493,0.71158,2.4419,0.94364,0.6145,2.44682,0.93056,0.69895,2.65192,1.14112,0.63202,2.42257,0.93827,0.59597,2.45871,1.25809,1.08097,3.40105
82,1.0659,0.69078,2.47541,0.93366,0.70214,2.44034,0.93476,0.6169,2.43923,0.90461,0.70395,2.65819,1.16028,0.62003,2.42921,0.8606,0.58322,2.49635,1.17598,0.9458,3.39062
83,1.08022,0.69078,2.4825,0.95157,0.71328,2.46907,0.95509,0.6284,2.48433,0.95462,0.70174,2.66861,1.11776,0.62972,2.44187,0.898,0.63788,2.48432,1.13298,0.89166,3.2328
84,1.06918,0.69056,2.46984,0.95062,0.72941,2.44988,0.95426,0.6139,2.43377,0.94817,0.70166,2.66861,1.13762,0.6166,2.40947,0.89743,0.6581,2.4503,1.1209,0.85569,3.41236
85,1.08431,0.69182,2.48821,0.91974,0.69051,2.48465,0.92677,0.65314,2.47229,0.89161,0.70953,2.66757,1.13156,0.65568,2.44252,0.85608,0.64482,2.53185,1.17747,0.92475,3.31737
86,1.05515,0.69226,2.45721,0.93427,0.69873,2.42138,0.92907,0.63895,2.42716,0.94691,0.6875,2.71828,1.12819,0.62021,2.43632,0.90901,0.60061,2.45167,1.47016,0.85877,3.40974
87,1.08663,0.69046,2.47114,0.89658,0.7075,2.43388,0.87521,0.59921,2.46179,0.84327,0.69618,2.66757,1.16427,0.56422,2.43051,0.72376,0.57964,2.47733,0.87123,0.92853,3.55613
88,1.07351,0.69068,2.48099,0.99648,0.71325,2.46938,0.98425,0.59523,2.47696,0.96823,0.69957,2.57962,1.16953,0.60074,2.48915,0.93518,0.60127,2.54296,1.25605,0.78597,3.34677
89,1.08297,0.69101,2.46251,0.96612,0.70164,2.46144,0.89466,0.58909,2.42458,0.92148,0.69322,2.59954,1.12386,0.56593,2.42871,0.81806,0.59124,2.4988,1.19048,1.08866,3.32033
90,1.09456,0.69094,2.49776,0.95793,0.70812,2.48211,0.91477,0.64835,2.49629,0.9035,0.70334,2.6556,1.13695,0.62916,2.49072,0.83036,0.67394,2.56615,1.34002,0.9575,3.18449
91,1.1075,0.69025,2.47001,0.99189,0.73129,2.43322,0.97999,0.61126,2.4374,0.96094,0.68284,2.6875,1.10391,0.60123,2.41054,0.89496,0.59912,2.50275,1.20795,0.92812,3.26668
92,1.09392,0.6911,2.47223,0.96888,0.70357,2.44315,0.9605,0.66938,2.45349,0.95354,0.68978,2.69214,1.10234,0.6608,2.43115,0.91806,0.68844,2.48884,1.18484,0.97962,3.25637
93,1.07642,0.69186,2.47011,0.95948,0.68527,2.47181,0.90559,0.61928,2.45106,0.92342,0.70051,2.64845,1.12403,0.61574,2.44511,0.85572,0.62889,2.51442,1.13854,0.80369,3.10297
94,1.06825,0.68958,2.49281,0.9452,0.71427,2.51454,0.92372,0.58323,2.49788,0.94487,0.69002,2.66467,1.11159,0.58282,2.48742,0.79918,0.57566,2.52602,0.92733,0.94344,3.2617
95,1.09379,0.69129,2.47714,0.88126,0.70044,2.46118,0.83861,0.62355,2.45455,0.8387,0.70098,2.67277,1.13738,0.5949,2.4671,0.74833,0.61268,2.54556,0.87422,0.86767,3.18114
96,1.08869,0.68962,2.45635,0.96797,0.71556,2.45004,0.88809,0.63451,2.44688,0.88674,0.71154,2.57078,1.09872,0.62964,2.43561,0.80729,0.64505,2.52666,1.18033,0.88523,2.94631
97,1.11076,0.68984,2.48403,0.92144,0.70553,2.47822,0.9126,0.59453,2.47103,0.89115,0.68505,2.56658,1.10116,0.58963,2.45668,0.80878,0.58436,2.49083,0.94879,0.82015,3.2269
98,1.0886,0.69146,2.47327,0.95461,0.7039,2.4347,0.90699,0.60384,2.42976,0.89799,0.69724,2.62397,1.12453,0.59619,2.4158,0.8649,0.58252,2.47334,1.29191,0.93296,3.36996
99,1.09548,0.68948,2.47361,0.98469,0.69414,2.47898,0.94278,0.59846,2.46646,0.91672,0.69388,2.64354,1.13729,0.59143,2.50295,0.87138,0.61069,2.57392,1.02511,0.90508,3.16944
100,1.07604,0.69162,2.48369,0.9535,0.69903,2.48792,0.93542,0.62005,2.47603,0.94888,0.70082,2.49385,1.12163,0.61862,2.50851,0.86431,0.63385,2.54648,1.13662,0.78351,3.08271
101,1.09916,0.69013,2.46022,0.97432,0.69715,2.44762,0.91863,0.60693,2.44813,0.92815,0.69869,2.60327,1.13525,0.58043,2.46698,0.90183,0.56684,2.4933,1.24954,0.79331,3.36249
102,1.07327,0.69134,2.47973,0.9041,0.69341,2.45563,0.86192,0.6275,2.46196,0.83993,0.70759,2.51604,1.11935,0.60924,2.42272,0.74981,0.606,2.51612,1.16422,0.88209,3.0775
103,1.08953,0.69123,2.47576,0.91303,0.71589,2.4758,0.91536,0.58033,2.44395,0.91234,0.70205,2.58114,1.11047,0.58225,2.42676,0.83891,0.58255,2.48143,0.99823,0.75091,3.01408
104,1.0844,0.68905,2.482,0.9604,0.69865,2.46134,0.93439,0.58247,2.44832,0.9133,0.68815,2.52582,1.09861,0.58694,2.44519,0.77586,0.59516,2.51899,0.94858,0.84839,3.19073
105,1.06589,0.69057,2.46419,0.91495,0.70502,2.43431,0.85228,0.62419,2.4526,0.86085,0.71935,2.51001,1.14548,0.61031,2.42477,0.75878,0.5931,2.49576,1.09515,0.85851,3.04468
106,1.08494,0.69109,2.47659,0.89517,0.70494,2.45995,0.91888,0.61528,2.45632,0.88329,0.69739,2.69865,1.11548,0.5993,2.44421,0.7946,0.61218,2.54661,1.0221,0.90958,2.99502
107,1.08547,0.69025,2.48048,0.91553,0.69388,2.45637,0.85541,0.59723,2.45006,0.86065,0.71445,2.59019,1.11588,0.57664,2.42574,0.81022,0.58655,2.49275,1.15085,0.72873,3.05042
108,1.05563,0.69067,2.46109,0.8828,0.70795,2.42873,0.88298,0.63794,2.42396,0.85599,0.68783,2.56101,1.14437,0.60449,2.43349,0.7918,0.61555,2.49757,1.03326,0.90589,3.04584
109,1.08025,0.69137,2.47949,0.95176,0.70261,2.44647,0.90604,0.59256,2.45336,0.90587,0.69654,2.53055,1.13296,0.60953,2.44187,0.85558,0.60978,2.51657,1.11833,0.81629,3.23269
110,1.07818,0.68987,2.4852,0.93271,0.71264,2.48104,0.9086,0.60211,2.45663,0.88101,0.70867,2.54414,1.1051,0.60189,2.4067,0.84903,0.64285,2.51226,1.21678,0.94637,3.14518
111,1.06756,0.69204,2.46931,0.94452,0.68943,2.44228,0.88045,0.63437,2.44529,0.88653,0.70463,2.62136,1.10344,0.60534,2.41787,0.79315,0.59393,2.48511,1.0512,0.82437,3.27096
112,1.06462,0.6902,2.46384,0.94167,0.6926,2.42658,0.93451,0.61347,2.42956,0.93204,0.68859,2.62151,1.13185,0.58524,2.41568,0.95192,0.59547,2.44252,1.18547,0.75312,2.94736
113,1.05724,0.691,2.45955,0.97829,0.7043,2.44497,0.94721,0.5883,2.43575,0.92773,0.69884,2.55843,1.08964,0.57614,2.43031,0.90866,0.56967,2.5284,1.11552,0.69856,3.07091
114,1.09391,0.69009,2.48055,0.87372,0.6976,2.46832,0.84651,0.65061,2.48535,0.83913,0.68774,2.599,1.1389,0.658,2.4716,0.7572,0.66239,2.51418,0.9392,0.86055,3.3392
115,1.06931,0.69214,2.46979,0.92057,0.69403,2.44805,0.90534,0.62582,2.4178,0.87997,0.69315,2.56011,1.08355,0.62124,2.42116,0.79036,0.61247,2.55076,1.00979,0.8432,3.06832
116,1.07193,0.68943,2.47247,0.90284,0.69709,2.41867,0.83648,0.58543,2.43482,0.83537,0.70528,2.56542,1.10772,0.55558,2.43651,0.78411,0.5463,2.49286,0.92012,0.69975,2.73317
117,1.0833,0.68819,2.46756,0.93438,0.6928,2.44085,0.88994,0.58353,2.41506,0.87859,0.69634,2.63044,1.13566,0.56739,2.39832,0.86742,0.55766,2.47109,1.07559,0.85619,3.00973
118,1.0891,0.68919,2.47123,0.93638,0.71356,2.44226,0.89228,0.66301,2.419,0.86957,0.70911,2.6685,1.09666,0.67056,2.41223,0.84097,0.68528,2.47406,1.17009,0.91135,2.99991
119,1.03708,0.69031,2.46491,0.8878,0.69527,2.4506,0.84791,0.61308,2.43825,0.82331,0.69991,2.6026,1.07509,0.61142,2.41909,0.821,0.63711,2.47021,1.0797,0.87949,3.1809
120,1.07913,0.6882,2.48055,0.93867,0.69179,2.46009,0.91194,0.58271,2.46918,0.92651,0.69529,2.61418,1.0859,0.57539,2.46797,0.86764,0.57435,2.54354,1.1602,0.86123,3.18864
121,1.08671,0.68983,2.47848,0.89509,0.69719,2.45886,0.89044,0.58585,2.46995,0.88093,0.70701,2.61332,1.10651,0.5802,2.43031,0.79833,0.55648,2.49709,1.23199,0.7937,3.17126
122,1.05994,0.68944,2.47943,0.9187,0.70705,2.49765,0.87639,0.63544,2.46241,0.86299,0.69636,2.59458,1.10465,0.64858,2.45886,0.81501,0.6604,2.47441,1.06124,0.87504,3.03881
123,1.08295,0.68853,2.49853,0.88181,0.69865,2.48739,0.82419,0.58738,2.47595,0.82054,0.68767,2.58681,1.11398,0.58653,2.47916,0.76533,0.59357,2.52331,1.1352,0.78609,3.36132
124,1.08392,0.68935,2.47047,0.88577,0.69958,2.41677,0.85042,0.59472,2.43036,0.84036,0.69207,2.61699,1.11919,0.60354,2.42778,0.80321,0.59488,2.48046,0.96928,0.77342,3.14531
125,1.07199,0.69172,2.47678,0.88975,0.70186,2.45079,0.87866,0.60957,2.44557,0.84394,0.68266,2.61298,1.11408,0.62803,2.41849,0.77111,0.62543,2.5567,1.03086,0.92726,3.11806
126,1.08429,0.69069,2.46118,0.91497,0.69053,2.45509,0.85358,0.58724,2.44379,0.86368,0.69659,2.63375,1.10357,0.58303,2.42919,0.81227,0.60924,2.47985,1.18294,0.70635,2.93095
127,1.05872,0.68908,2.47986,0.8998,0.69335,2.43611,0.86039,0.62149,2.43499,0.84232,0.69072,2.57847,1.08129,0.62058,2.42771,0.79221,0.63994,2.53169,1.0482,0.87162,2.93788
128,1.06398,0.69044,2.49656,0.91283,0.69009,2.4712,0.84074,0.60967,2.46021,0.84127,0.67551,2.61962,1.09692,0.609,2.43863,0.72667,0.61977,2.49204,0.85311,0.70596,3.06973
129,1.08339,0.68952,2.46242,0.91762,0.69707,2.42832,0.89662,0.61592,2.40772,0.88739,0.68659,2.56357,1.11618,0.60887,2.3825,0.84981,0.61892,2.50875,1.07081,0.85518,3.02659
130,1.07044,0.68716,2.4769,0.93202,0.69588,2.45137,0.89104,0.63519,2.45132,0.88786,0.69617,2.54879,1.10365,0.60248,2.40836,0.84816,0.60474,2.54616,1.10757,0.77296,3.32025
131,1.07891,0.68833,2.49407,0.93645,0.69881,2.47181,0.87317,0.59431,2.46562,0.84379,0.6847,2.65841,1.09563,0.57235,2.46472,0.8223,0.58939,2.50258,1.14335,0.62906,3.06643
132,1.08507,0.68999,2.46173,0.87675,0.68323,2.45466,0.87174,0.5757,2.42922,0.84741,0.68543,2.66578,1.12066,0.57038,2.40075,0.75331,0.55707,2.4659,1.12478,0.86227,2.90011
133,1.0785,0.69031,2.4647,0.8787,0.69544,2.41427,0.84944,0.61936,2.42993,0.85246,0.68722,2.67171,1.09684,0.63061,2.41424,0.83452,0.65361,2.513,0.96326,0.83114,3.04228
134,1.0872,0.68794,2.47332,0.90486,0.69457,2.47087,0.90692,0.64699,2.45556,0.8674,0.68654,2.56037,1.10683,0.65478,2.44894,0.84472,0.68123,2.50185,0.99038,0.81703,3.10654
135,1.10481,0.68853,2.4941,0.90863,0.69008,2.47266,0.87174,0.59548,2.45134,0.87632,0.68937,2.62343,1.12027,0.56637,2.45465,0.78533,0.57202,2.50383,0.97723,0.75186,3.02657
136,1.08655,0.68748,2.4768,0.90979,0.69654,2.44479,0.895,0.56609,2.42867,0.90383,0.69462,2.72503,1.10935,0.55892,2.42366,0.86165,0.58634,2.51433,1.02453,0.75561,3.10432
137,1.06544,0.69514,2.46488,0.98777,0.68086,2.47313,0.94647,0.65366,2.48078,0.95147,0.69091,2.59208,1.11055,0.64276,2.45041,0.90594,0.66048,2.50561,1.16151,0.92099,3.25527
138,1.08272,0.68827,2.46746,0.94733,0.69141,2.47427,0.89678,0.58802,2.4947,0.88412,0.68916,2.7714,1.07124,0.5995,2.4848,0.88465,0.59528,2.51023,0.92542,0.8245,3.02985
139,1.06263,0.68453,2.48553,0.89168,0.6868,2.48607,0.83918,0.62859,2.48798,0.83273,0.70244,2.60906,1.10153,0.60992,2.50464,0.78539,0.59236,2.54988,0.94338,0.96477,3.03968
140,1.05899,0.68807,2.46983,0.88283,0.68931,2.42911,0.85065,0.6507,2.42177,0.83231,0.70812,2.66554,1.10368,0.64075,2.43087,0.81279,0.65912,2.46545,1.08125,0.96459,3.08074
141,1.04551,0.6912,2.48363,0.88881,0.68304,2.45198,0.84375,0.62722,2.44629,0.84527,0.68706,2.6457,1.08411,0.6215,2.43097,0.78316,0.61765,2.53383,0.82689,0.86997,3.24581
142,1.1052,0.68882,2.45272,0.91549,0.69266,2.41075,0.90052,0.59605,2.41948,0.90328,0.68874,2.6107,1.0996,0.56736,2.37972,0.85681,0.57909,2.43818,1.15734,0.78036,2.90034
143,1.09872,0.68702,2.48131,0.95226,0.67902,2.47069,0.88875,0.58753,2.47064,0.91401,0.67853,2.6107,1.10652,0.56838,2.45974,0.77666,0.60095,2.55428,1.03438,0.83115,3.13713
144,1.08219,0.69146,2.45953,0.90428,0.67107,2.43916,0.87105,0.6023,2.44564,0.83263,0.69582,2.62338,1.09191,0.59652,2.41313,0.81767,0.59407,2.48087,1.12596,0.71978,3.00912
145,1.07507,0.68848,2.47143,0.90622,0.69646,2.47657,0.86564,0.5625,2.46451,0.87712,0.71033,2.60395,1.1082,0.54797,2.44641,0.75552,0.56951,2.4872,0.88198,0.73122,2.97553
146,1.06982,0.68736,2.48651,0.87656,0.69252,2.45883,0.86573,0.54421,2.44953,0.83346,0.6874,2.69731,1.10084,0.54462,2.42633,0.83142,0.53891,2.42869,0.94973,0.7943,2.95295
147,1.06582,0.68592,2.46557,0.86517,0.68865,2.43442,0.81659,0.60111,2.42496,0.83049,0.67944,2.59927,1.10052,0.5887,2.4351,0.76964,0.57281,2.49025,0.90282,0.98057,3.08032
148,1.06765,0.69031,2.4715,0.89263,0.67738,2.46547,0.84518,0.59305,2.45146,0.83123,0.67906,2.59863,1.09662,0.58724,2.43462,0.75082,0.6025,2.46129,1.03966,0.74148,3.11759
149,1.06314,0.69126,2.48248,0.91751,0.69401,2.42905,0.87037,0.61786,2.42974,0.85421,0.68714,2.66193,1.07822,0.6093,2.40487,0.86156,0.60634,2.5113,0.89804,1.00242,2.96968
150,1.07484,0.68347,2.4855,0.88245,0.68586,2.47354,0.81726,0.60351,2.44676,0.79323,0.69028,2.69043,1.08455,0.58598,2.39032,0.72886,0.60407,2.45525,0.92684,0.64885,2.86866
151,1.05992,0.69074,2.47318,0.93506,0.68663,2.44077,0.89571,0.64495,2.43515,0.89565,0.67843,2.62591,1.07623,0.63426,2.44503,0.82963,0.66183,2.47299,1.04888,0.95074,3.1197
152,1.07639,0.68661,2.45754,0.91476,0.70438,2.41615,0.90707,0.64271,2.40902,0.86893,0.70398,2.5937,1.0766,0.61441,2.39134,0.81708,0.63444,2.48421,0.97748,0.84019,2.93979
153,1.08565,0.69085,2.49085,0.90649,0.67938,2.50487,0.8247,0.61377,2.48516,0.8144,0.69215,2.58188,1.10542,0.62592,2.45747,0.75642,0.62803,2.57496,0.76232,0.80403,3.00319
154,1.07266,0.68709,2.47202,0.88493,0.69177,2.47404,0.86875,0.6216,2.46311,0.86955,0.68587,2.67127,1.10148,0.5821,2.47013,0.78258,0.63299,2.4514,0.96567,0.79018,2.99978
155,1.08819,0.68889,2.47617,0.93615,0.7007,2.45853,0.9132,0.5499,2.4668,0.89757,0.6824,2.60011,1.08288,0.54066,2.4764,0.88454,0.55577,2.51534,1.0257,0.74939,2.95497
156,1.09715,0.68729,2.47432,0.91366,0.70479,2.47353,0.88801,0.58688,2.46297,0.87953,0.68381,2.56859,1.09767,0.56729,2.46738,0.82911,0.61631,2.54836,1.03474,0.84948,2.84821
157,1.07835,0.69015,2.4619,0.93777,0.68859,2.45477,0.90993,0.55239,2.43362,0.91165,0.69076,2.64825,1.07842,0.5325,2.42398,0.82501,0.5222,2.4771,0.92844,0.60264,3.1836
158,1.07489,0.68493,2.46002,0.91622,0.68783,2.44426,0.94363,0.59631,2.43547,0.91391,0.68662,2.6069,1.09083,0.56617,2.44232,0.86841,0.58055,2.46288,1.13118,0.72916,3.1145
159,1.05883,0.68679,2.47022,0.79488,0.67208,2.45417,0.76578,0.58783,2.42626,0.74263,0.70181,2.65921,1.07198,0.57683,2.40972,0.6709,0.60345,2.45958,0.84683,0.66557,2.87825
160,1.07062,0.68584,2.47839,1.01608,0.67851,2.42995,0.95112,0.59127,2.41605,0.94911,0.68752,2.6546,1.09202,0.55723,2.41335,0.90648,0.55994,2.49831,1.17892,0.68436,2.9476
161,1.07149,0.68437,2.48714,0.95465,0.68455,2.47732,0.92594,0.58331,2.47258,0.90969,0.67754,2.59807,1.0966,0.56909,2.44657,0.85852,0.57147,2.4731,0.93533,0.70356,3.03601
162,1.06029,0.68853,2.47444,0.8804,0.67956,2.45948,0.80487,0.61693,2.43001,0.81377,0.68311,2.62515,1.07106,0.60344,2.45893,0.69735,0.62536,2.50569,0.81655,0.74026,2.95936
163,1.06044,0.68847,2.47255,0.91243,0.69062,2.46344,0.87875,0.62812,2.46667,0.85148,0.70288,2.50768,1.09009,0.62878,2.46374,0.82146,0.63629,2.45961,0.92214,0.73133,3.02691
164,1.06252,0.68883,2.47292,0.93741,0.69659,2.44426,0.89335,0.59873,2.42509,0.88335,0.69225,2.58842,1.09606,0.57146,2.4411,0.8054,0.57602,2.48465,1.02543,0.71446,2.97217
165,1.06381,0.68932,2.45149,0.89097,0.68046,2.41451,0.82635,0.60344,2.42343,0.83804,0.6947,2.56398,1.06531,0.58682,2.41042,0.76872,0.58748,2.50737,0.73924,0.63793,2.74911
166,1.06466,0.69396,2.45654,0.89927,0.69816,2.42761,0.87586,0.66814,2.41356,0.8635,0.69943,2.6334,1.06256,0.66239,2.41131,0.85139,0.67084,2.42195,1.03506,0.75388,2.83772
167,1.06798,0.68612,2.47512,0.85294,0.69305,2.44539,0.82971,0.60336,2.43984,0.81822,0.67911,2.52095,1.05396,0.60621,2.43279,0.81179,0.59358,2.47897,0.98917,0.84937,2.90733
168,1.07697,0.68954,2.47951,0.94129,0.69384,2.46349,0.9656,0.60279,2.48134,0.9436,0.68014,2.68828,1.08837,0.57546,2.44874,0.91286,0.63007,2.48899,0.94498,0.60753,3.26261
169,1.07472,0.68498,2.44894,0.8843,0.69116,2.41204,0.87363,0.6156,2.38526,0.84496,0.69626,2.60949,1.08937,0.61263,2.3896,0.82502,0.6182,2.45045,0.95443,0.83108,3.07
170,1.06304,0.68254,2.47521,0.88297,0.66828,2.46166,0.91007,0.58183,2.44701,0.87861,0.66819,2.59665,1.08445,0.57853,2.44483,0.84064,0.58083,2.51095,1.01762,0.69859,2.64045
171,1.06917,0.68516,2.46554,0.87502,0.69242,2.43907,0.89334,0.60363,2.43039,0.86904,0.6905,2.56977,1.05831,0.5903,2.41048,0.76668,0.61574,2.43564,0.98184,0.68426,2.7123
172,1.0926,0.68556,2.45996,0.87753,0.69133,2.4402,0.86739,0.57716,2.41306,0.837,0.69088,2.5557,1.10496,0.54123,2.39018,0.80688,0.57992,2.45667,0.91395,0.65588,2.98697
173,1.09756,0.6895,2.45285,0.99914,0.69545,2.40783,1.01381,0.58074,2.41121,0.95883,0.69199,2.58283,1.09203,0.54734,2.39207,0.88629,0.58953,2.4754,1.25261,0.69174,2.96307
174,1.0664,0.68825,2.47967,0.84257,0.68456,2.43968,0.82466,0.60753,2.41938,0.77872,0.67194,2.6384,1.06383,0.6097,2.44501,0.77235,0.59532,2.49701,0.85151,0.74185,2.92322
175,1.0749,0.68967,2.47614,0.91827,0.689,2.45293,0.87043,0.61989,2.44492,0.86733,0.67951,2.53667,1.07036,0.59499,2.4359,0.81932,0.60791,2.50546,0.97939,0.70672,2.94792
176,1.08513,0.68976,2.47013,0.93009,0.68512,2.46206,0.86614,0.65096,2.47149,0.85412,0.69385,2.63717,1.07167,0.6714,2.48865,0.81233,0.64696,2.51692,0.96814,0.7475,3.02896
177,1.06016,0.69013,2.49555,0.91836,0.67625,2.4714,0.91814,0.62602,2.47852,0.93524,0.6681,2.58469,1.06628,0.60298,2.46246,0.88501,0.60485,2.53819,0.9747,0.7383,2.92881
178,1.09208,0.68263,2.45601,0.87967,0.6824,2.44224,0.82788,0.62706,2.43734,0.8237,0.6795,2.49505,1.09394,0.59823,2.44238,0.76377,0.62039,2.48084,0.93549,0.70384,2.8406
179,1.06887,0.69135,2.4773,0.88071,0.69731,2.44511,0.8378,0.63188,2.45142,0.82228,0.69414,2.61902,1.05626,0.61688,2.42672,0.7678,0.66784,2.44898,0.78997,0.96348,2.90181
180,1.07235,0.68116,2.46349,0.94173,0.68271,2.44709,0.9397,0.60034,2.42881,0.9355,0.69209,2.70806,1.10226,0.55227,2.39655,0.90868,0.52076,2.51101,1.06873,0.72054,3.08652
181,1.07461,0.69158,2.45676,0.88346,0.70969,2.43923,0.87768,0.5982,2.41187,0.86878,0.67934,2.58414,1.08744,0.59431,2.36486,0.83694,0.58132,2.48884,1.00683,0.70408,2.83015
182,1.10093,0.68483,2.4754,0.99085,0.69318,2.4632,0.8823,0.60819,2.44671,0.89518,0.686,2.71756,1.10932,0.60359,2.40842,0.80851,0.59683,2.47825,0.89044,0.72385,2.86515
183,1.05782,0.692,2.49354,0.86427,0.69097,2.45297,0.83889,0.6167,2.44474,0.83976,0.70633,2.67274,1.05568,0.62363,2.42639,0.75423,0.61908,2.50187,0.79974,0.72171,2.83987
184,1.05835,0.6839,2.48796,0.85151,0.67414,2.45925,0.81135,0.61311,2.43713,0.76432,0.68646,2.60823,1.06282,0.58464,2.45809,0.72491,0.56943,2.49406,0.80096,0.76686,2.89539
185,1.10523,0.68568,2.50057,0.85434,0.68921,2.42959,0.81425,0.55879,2.42209,0.81243,0.67521,2.56913,1.10883,0.56198,2.4079,0.75052,0.5655,2.4306,0.90077,0.72321,3.00309
186,1.07726,0.68536,2.4623,0.9377,0.66997,2.43038,0.89756,0.56459,2.41554,0.87217,0.68567,2.56932,1.06444,0.5477,2.4194,0.87371,0.54926,2.47648,1.06618,0.77038,2.93566
187,1.07713,0.68809,2.4773,0.84957,0.68628,2.44153,0.81174,0.60455,2.41977,0.82104,0.67788,2.60797,1.09478,0.63567,2.4029,0.77751,0.61958,2.4707,0.87471,0.82156,2.78471
188,1.05936,0.68408,2.48485,0.92375,0.68793,2.4662,0.92478,0.55728,2.4231,0.87519,0.67089,2.60563,1.07141,0.55279,2.42865,0.81662,0.55522,2.46879,1.05529,0.65362,2.79552
189,1.06235,0.68746,2.45165,0.83884,0.6727,2.40496,0.80811,0.58867,2.36774,0.80203,0.67428,2.54789,1.0761,0.58297,2.36792,0.74592,0.58734,2.41153,0.96041,0.7356,2.9362
190,1.04431,0.69037,2.45302,0.85836,0.68432,2.42255,0.8304,0.62947,2.39964,0.81222,0.68972,2.60287,1.06151,0.62957,2.40145,0.76321,0.62735,2.42812,0.97208,0.75058,2.95567
191,1.06518,0.69111,2.45493,0.90938,0.71136,2.39556,0.81893,0.57101,2.40102,0.81611,0.68183,2.52406,1.06737,0.56951,2.40227,0.74701,0.55974,2.41051,0.96663,0.74957,2.92623
192,1.04943,0.68487,2.44816,0.84821,0.68458,2.38816,0.84986,0.58534,2.38376,0.83143,0.68323,2.5371,1.06249,0.57373,2.37281,0.79973,0.57648,2.39359,0.95865,0.61368,2.61202
193,1.08517,0.68451,2.48212,0.9569,0.68371,2.46067,0.96571,0.64698,2.4496,0.95325,0.67004,2.82595,1.07026,0.65392,2.41713,0.89545,0.62652,2.55056,1.25096,0.84431,3.03076
194,1.0656,0.68574,2.47457,0.88107,0.68685,2.45447,0.85661,0.56716,2.45783,0.84687,0.68256,2.73773,1.05823,0.53466,2.44323,0.74813,0.52972,2.50408,0.8969,0.767,2.88844
195,1.08165,0.6916,2.47493,0.82874,0.67889,2.44775,0.77958,0.56953,2.42945,0.78997,0.6706,2.49645,1.05789,0.57469,2.43383,0.72918,0.57025,2.49029,0.77518,0.70471,2.92496
196,1.07829,0.68412,2.48587,0.80358,0.66755,2.44852,0.80183,0.59106,2.45244,0.76952,0.67874,2.57269,1.07709,0.57107,2.45815,0.66787,0.56685,2.51038,0.76761,0.70656,2.77149
197,1.08058,0.68963,2.48571,0.87985,0.68798,2.468,0.81086,0.63009,2.45364,0.83538,0.67902,2.73728,1.07583,0.60299,2.46324,0.76763,0.62191,2.50507,0.98478,0.79025,2.92039
198,1.09298,0.68774,2.47457,1.00146,0.69598,2.41743,0.93945,0.58046,2.41899,0.90726,0.69321,2.82209,1.08626,0.59503,2.39632,0.81583,0.60373,2.50271,1.08645,0.74414,3.14345
199,1.07346,0.68054,2.44231,0.88498,0.68357,2.46092,0.86737,0.56155,2.43857,0.8574,0.68735,2.66901,1.06801,0.55153,2.42142,0.79395,0.57732,2.47378,0.86084,0.65296,3.21214
200,1.07627,0.68531,2.49125,0.92037,0.67403,2.46471,0.84522,0.6044,2.45653,0.86158,0.68641,2.53482,1.05755,0.58403,2.459,0.80636,0.62209,2.49742,0.8486,0.75866,2.80025
201,1.10267,0.68583,2.49199,0.97577,0.70821,2.44257,0.89933,0.61984,2.43787,0.88625,0.68489,2.59732,1.0685,0.59632,2.40447,0.78834,0.60468,2.46352,0.97279,0.68682,2.99463
202,1.07755,0.68541,2.44206,0.91337,0.68429,2.42895,0.86,0.60785,2.41859,0.8864,0.68211,2.5181,1.07553,0.58688,2.38645,0.82764,0.63575,2.40615,1.0075,0.81068,2.82999
203,1.08046,0.67854,2.49573,0.95156,0.67536,2.46267,0.96653,0.56386,2.45721,0.96143,0.6798,2.7984,1.07881,0.55163,2.46744,0.90656,0.55138,2.50351,1.02606,0.62241,3.01409
204,1.08283,0.68333,2.48618,0.85639,0.69541,2.46284,0.84974,0.53695,2.42876,0.83407,0.67705,2.61558,1.07373,0.5043,2.45312,0.79447,0.54203,2.49225,0.91791,0.58696,2.91027
205,1.08093,0.68216,2.48273,0.93197,0.67533,2.43314,0.88654,0.55051,2.39993,0.8613,0.66742,2.53987,1.08007,0.54259,2.39898,0.81253,0.52694,2.46491,0.94738,0.57945,2.75863
206,1.08941,0.68363,2.48061,0.96281,0.70778,2.47176,0.89215,0.59612,2.47857,0.89181,0.68462,2.70111,1.07888,0.61365,2.47178,0.82708,0.60346,2.49092,0.96558,0.81699,2.96123
207,1.03798,0.68357,2.44363,0.87643,0.69183,2.42701,0.85707,0.5574,2.39954,0.83046,0.66685,2.75375,1.03879,0.5838,2.40439,0.7645,0.56694,2.47024,0.96501,0.68141,2.9029
208,1.07018,0.68335,2.45652,0.88554,0.69283,2.39789,0.85419,0.5864,2.36873,0.81636,0.66886,2.64095,1.0549,0.59155,2.36748,0.81713,0.58909,2.421,1.03227,0.70495,2.91146
209,1.07094,0.68278,2.49504,0.90023,0.67486,2.45769,0.88509,0.57871,2.4367,0.84378,0.67769,2.57281,1.06851,0.56388,2.38938,0.79552,0.54639,2.48192,1.16447,0.59803,2.96463
210,1.04778,0.68708,2.45352,0.93629,0.67852,2.43534,0.92655,0.60271,2.41476,0.89166,0.68291,2.52655,1.0428,0.61037,2.4095,0.80754,0.59251,2.48629,0.98399,0.70544,3.06481
211,1.05095,0.68225,2.50222,0.89535,0.66764,2.47497,0.83878,0.58756,2.4593,0.82364,0.68373,2.66405,1.01903,0.59171,2.44138,0.78433,0.6017,2.51233,0.95457,0.78142,3.11386
212,1.07003,0.68251,2.48189,0.82619,0.69273,2.45602,0.80849,0.54451,2.42815,0.77285,0.68382,2.79753,1.04534,0.53836,2.42751,0.72929,0.5191,2.48793,0.88088,0.57692,2.99598
213,1.06421,0.68365,2.45568,0.9114,0.68099,2.40907,0.87633,0.52875,2.39895,0.87396,0.67651,2.53052,1.06204,0.5138,2.4055,0.85987,0.48783,2.45052,0.90328,0.62245,2.94898
214,1.08025,0.6814,2.48809,0.85533,0.66663,2.45409,0.82718,0.60442,2.45392,0.79604,0.69019,2.53238,1.06628,0.5768,2.44549,0.76756,0.57278,2.44202,0.79299,0.77265,2.95287
215,1.07624,0.67706,2.47637,0.94112,0.66316,2.47898,0.8947,0.57653,2.47071,0.88938,0.67745,2.55107,1.06201,0.54805,2.47424,0.89296,0.57537,2.52328,0.99359,0.70965,2.99962
216,1.06858,0.68912,2.48549,0.94966,0.68638,2.46488,0.88324,0.64347,2.45475,0.88759,0.67976,2.59361,1.07097,0.65973,2.47786,0.83424,0.68879,2.49575,0.91974,0.85117,3.04588
217,1.08119,0.69039,2.47849,0.88152,0.67239,2.41384,0.87549,0.63721,2.39936,0.84615,0.67554,2.79972,1.07325,0.64872,2.37742,0.81525,0.62932,2.38233,0.84864,0.80226,2.9504
218,1.10583,0.67934,2.46879,0.92,0.67696,2.43504,0.85982,0.56622,2.41734,0.86228,0.67528,2.64287,1.09227,0.55778,2.42965,0.77906,0.56613,2.47987,0.87983,0.74584,2.95427
219,1.06259,0.67863,2.47619,0.87229,0.67739,2.42392,0.82534,0.57569,2.40366,0.80886,0.67433,2.50104,1.06214,0.58066,2.38045,0.727,0.55031,2.45546,0.91096,0.6861,2.70229
220,1.05432,0.68669,2.45418,0.89828,0.6874,2.42605,0.828,0.59812,2.41811,0.84214,0.67989,2.60715,1.05397,0.59976,2.3929,0.76174,0.59667,2.47059,0.90352,0.81632,3.02734
221,1.07204,0.68816,2.49995,0.92619,0.69581,2.42215,0.90644,0.5369,2.41839,0.90113,0.6824,2.71544,1.03808,0.55898,2.38788,0.84628,0.54547,2.4616,0.97695,0.88262,2.97501
222,1.07798,0.69259,2.42523,0.9174,0.69273,2.36933,0.8364,0.65102,2.37063,0.85494,0.68158,2.45871,1.05962,0.67573,2.38735,0.75537,0.66527,2.44817,0.90422,0.74045,2.78011
223,1.07442,0.68976,2.48916,0.83825,0.69581,2.4284,0.75493,0.62792,2.40639,0.78897,0.68842,2.60658,1.04666,0.60731,2.39611,0.72792,0.60156,2.48079,0.82904,0.77699,2.84084
224,1.0715,0.68527,2.476,0.85567,0.68119,2.42359,0.8316,0.63023,2.43106,0.8391,0.65695,2.53938,1.04432,0.6526,2.4244,0.76888,0.6645,2.50008,0.90847,0.94876,3.01006
225,1.06577,0.6884,2.49653,0.89289,0.70003,2.47727,0.87161,0.6053,2.44881,0.87044,0.69178,2.66537,1.03249,0.59286,2.42742,0.80087,0.56839,2.4683,0.99131,0.82472,3.04567
226,1.07301,0.68191,2.45877,0.87821,0.70518,2.39139,0.85195,0.5552,2.3878,0.8185,0.67609,2.56885,1.05517,0.59077,2.37062,0.82726,0.57184,2.44925,0.96598,0.67085,2.89897
227,1.08218,0.68598,2.46624,0.85911,0.67419,2.43096,0.8656,0.56944,2.41664,0.84341,0.6633,2.63687,1.06569,0.5296,2.37563,0.8065,0.52009,2.41278,1.00411,0.75803,2.8725
228,1.07279,0.68502,2.46645,0.94049,0.69554,2.4418,0.89271,0.61903,2.43053,0.86327,0.68543,2.68252,1.04264,0.59936,2.39307,0.82268,0.63712,2.49639,0.93924,0.99385,2.84508
229,1.03267,0.68195,2.45086,0.90704,0.68583,2.40077,0.88206,0.58408,2.39212,0.85707,0.67127,2.55927,1.03032,0.57327,2.37305,0.78954,0.57975,2.45028,0.88717,0.78094,2.94055
230,1.07736,0.67921,2.46478,0.9055,0.67152,2.41498,0.8829,0.53027,2.40381,0.80446,0.65588,2.57893,1.05036,0.53909,2.40057,0.78471,0.54776,2.4105,0.87011,0.68841,3.01567
231,1.06578,0.68047,2.46692,0.91101,0.6719,2.43603,0.87974,0.53307,2.44032,0.86112,0.64881,2.60005,1.03387,0.52111,2.44822,0.81502,0.53147,2.47544,0.89152,0.63512,2.95755
232,1.06055,0.68858,2.4995,0.84784,0.66516,2.46701,0.78757,0.61262,2.4676,0.77073,0.68389,2.80515,1.04583,0.59666,2.45871,0.72219,0.59088,2.55027,0.76305,0.7316,3.07251
233,1.08613,0.67823,2.47881,0.84728,0.67094,2.43912,0.81659,0.58192,2.40752,0.78749,0.66206,2.67773,1.05925,0.54108,2.4205,0.72267,0.53586,2.43439,0.75012,0.70428,2.94889
234,1.05312,0.68511,2.4704,0.87532,0.69013,2.47302,0.8303,0.59546,2.42728,0.81456,0.68536,2.59078,1.0068,0.56489,2.4037,0.76128,0.57731,2.49296,0.84806,0.69494,2.95234
235,1.06762,0.68765,2.46015,0.84124,0.69844,2.39204,0.83476,0.65176,2.38682,0.80844,0.67623,2.60473,1.01489,0.61761,2.4088,0.7526,0.59984,2.44331,0.90564,0.74715,2.68853
236,1.03173,0.68664,2.46697,0.81571,0.68889,2.38789,0.78532,0.66526,2.35378,0.74503,0.66919,2.57413,1.02096,0.65126,2.35549,0.73315,0.65078,2.38935,0.92342,0.79627,2.80488
237,1.03906,0.67422,2.47503,0.89506,0.65706,2.4632,0.83196,0.51643,2.45188,0.81908,0.6682,2.70298,1.02714,0.4935,2.4536,0.75953,0.50577,2.51556,0.91097,0.61245,2.85461
238,1.06732,0.67622,2.49504,0.88055,0.687,2.47038,0.78727,0.61382,2.44506,0.75193,0.67538,2.60558,1.02807,0.59065,2.45341,0.66638,0.62314,2.48528,0.81452,0.7849,2.74233
239,1.03458,0.6755,2.46888,0.88441,0.66896,2.40682,0.89052,0.59176,2.40103,0.85318,0.67182,2.60953,1.02885,0.58983,2.36766,0.87266,0.59805,2.40497,1.01545,0.77673,2.66661
240,1.05139,0.68513,2.47752,0.81554,0.68923,2.44383,0.79747,0.56963,2.44444,0.78732,0.67967,2.62876,1.03255,0.55125,2.44077,0.72556,0.55897,2.50503,0.75224,0.70893,2.87099
241,1.0611,0.67823,2.49375,0.88654,0.67219,2.45976,0.84537,0.59077,2.41896,0.85505,0.6716,2.60604,1.03579,0.60689,2.44954,0.82018,0.60432,2.44869,1.03017,0.76852,2.80777
242,1.06604,0.67963,2.47635,0.86341,0.68024,2.43313,0.79477,0.54528,2.44075,0.80413,0.66158,2.658,1.04443,0.52604,2.42473,0.71512,0.51793,2.51748,0.86492,0.69289,2.7777
243,1.07376,0.68317,2.46115,0.84519,0.70638,2.40567,0.8551,0.61604,2.38469,0.81764,0.67384,2.56726,1.03018,0.59852,2.38236,0.73749,0.58724,2.42525,0.82032,0.76242,2.76833
244,1.06579,0.68987,2.46305,0.92798,0.68206,2.36242,0.84212,0.57141,2.36261,0.82844,0.67355,2.48801,1.05967,0.57268,2.34179,0.78923,0.5721,2.42303,1.00071,0.71244,2.73606
245,1.05943,0.68404,2.4905,0.94199,0.66404,2.41457,0.95793,0.61022,2.34951,0.92271,0.69137,2.5948,1.06158,0.60208,2.33661,0.88141,0.59664,2.41986,0.99428,0.62732,2.64473
246,1.07124,0.67073,2.48289,0.85941,0.68133,2.47902,0.83788,0.59286,2.43556,0.78763,0.67742,2.6266,1.04001,0.59597,2.46683,0.80838,0.6122,2.49845,0.94448,0.77655,2.92765
247,1.06721,0.67326,2.48323,0.85886,0.66393,2.46132,0.79849,0.5666,2.44986,0.78917,0.64885,2.52722,1.03558,0.57993,2.4273,0.7241,0.5804,2.44434,0.87726,0.66415,2.89265
248,1.09066,0.6773,2.48726,0.76923,0.67583,2.42923,0.76227,0.56186,2.3855,0.73952,0.67743,2.63111,1.0223,0.5705,2.3895,0.64261,0.55083,2.3831,0.85575,0.71585,2.69458
249,1.04167,0.68582,2.48741,0.81573,0.67437,2.42971,0.77372,0.58507,2.39767,0.76457,0.66869,2.51896,1.00843,0.57585,2.37637,0.73162,0.57153,2.44751,0.83847,0.56547,2.78982
250,1.06343,0.66852,2.47795,0.83673,0.68926,2.44445,0.86142,0.55209,2.40867,0.81415,0.67536,2.53434,1.05202,0.55504,2.40545,0.81982,0.54187,2.45921,1.00029,0.66922,2.76928
251,1.04464,0.67049,2.4752,0.86566,0.67068,2.4163,0.83228,0.54503,2.38785,0.8035,0.67355,2.74062,1.00567,0.53543,2.38297,0.81499,0.53627,2.43165,1.00793,0.79793,2.81322
252,1.04349,0.68109,2.44314,0.89721,0.68876,2.42406,0.81783,0.58078,2.40634,0.82542,0.67121,2.47462,1.02677,0.59534,2.39165,0.76853,0.58152,2.41729,0.98687,0.76518,2.77669
253,1.07008,0.67623,2.46368,0.92888,0.65221,2.43624,0.90748,0.55902,2.43005,0.88986,0.66919,2.5863,1.06354,0.56182,2.44678,0.88147,0.54466,2.47731,1.03429,0.73171,2.8213
254,1.07109,0.6809,2.47084,0.80423,0.68325,2.44773,0.74032,0.58531,2.44107,0.74265,0.67188,2.55795,1.04494,0.55694,2.43376,0.68558,0.58471,2.51933,0.85516,0.92226,2.78558
255,1.06429,0.67657,2.46955,0.89048,0.71273,2.41375,0.91808,0.55763,2.39606,0.86993,0.6834,2.56654,1.05094,0.52805,2.36164,0.84531,0.51205,2.48437,1.16278,0.71837,2.83508
256,1.06301,0.68249,2.48395,0.87752,0.68947,2.43657,0.77332,0.5892,2.4553,0.78361,0.67806,2.83338,1.0215,0.59574,2.43605,0.75216,0.60699,2.46803,0.90723,0.73793,3.02299
257,1.07753,0.67542,2.47095,0.9084,0.69817,2.40027,0.86992,0.61164,2.3974,0.86043,0.67473,2.6446,1.05961,0.61649,2.38811,0.80096,0.59941,2.46346,0.90609,0.86457,2.83358
258,1.05218,0.68782,2.46578,0.82593,0.71219,2.41629,0.79417,0.57821,2.40736,0.80523,0.70005,2.59747,1.03249,0.59598,2.3953,0.72839,0.58913,2.4515,0.76546,0.65394,2.727
259,1.03432,0.67474,2.47723,0.85127,0.67517,2.40659,0.84974,0.60693,2.38901,0.78461,0.66998,2.59027,1.00154,0.57926,2.37443,0.78892,0.57051,2.39199,0.95121,0.60565,2.65923
260,1.04866,0.68598,2.46054,0.96142,0.69214,2.43878,0.89854,0.61931,2.42682,0.87602,0.66883,2.6738,1.02619,0.60426,2.41004,0.79848,0.59471,2.47457,0.99729,0.79022,2.82875
261,1.09028,0.66465,2.4618,0.95011,0.6569,2.43094,0.84012,0.49815,2.42225,0.85833,0.64506,2.55353,1.04155,0.48755,2.4314,0.82119,0.50048,2.48191,0.83711,0.59043,2.98199
262,1.07332,0.6886,2.48714,0.94798,0.68226,2.4822,0.88552,0.65536,2.49606,0.87401,0.67979,2.69951,1.04522,0.63526,2.48458,0.8225,0.67326,2.55961,0.95607,0.79817,2.98717
263,1.05556,0.6956,2.47149,0.80877,0.67513,2.40301,0.73425,0.65081,2.35911,0.76874,0.6839,2.59297,1.01692,0.66474,2.34041,0.68717,0.67941,2.38893,0.85377,0.76435,2.74898
264,1.06589,0.68004,2.46727,0.85,0.69243,2.4306,0.81321,0.5678,2.40751,0.77075,0.66694,2.49299,1.03102,0.54473,2.38887,0.77179,0.56741,2.40512,0.92363,0.63802,2.61884
265,1.05193,0.68219,2.49611,0.92398,0.69681,2.50769,0.86035,0.61288,2.51644,0.84891,0.66581,2.84628,1.05842,0.62264,2.49072,0.80456,0.63134,2.5474,0.86359,0.83165,2.98127
266,1.05711,0.67037,2.47407,0.90031,0.67852,2.43303,0.85954,0.59666,2.4056,0.87653,0.68001,2.52852,1.02321,0.58498,2.38925,0.79818,0.58132,2.43653,1.1417,0.6872,2.83183
267,1.08955,0.67792,2.47389,0.92605,0.69413,2.4514,0.84244,0.5357,2.4372,0.80404,0.68042,2.65402,1.0294,0.52442,2.40556,0.74694,0.52348,2.48985,1.05079,0.59974,2.70683
268,1.07806,0.68014,2.45586,0.8941,0.68004,2.43101,0.84575,0.58086,2.40668,0.84582,0.67779,2.59923,1.0249,0.56392,2.42266,0.78786,0.57603,2.47819,0.89369,0.62886,2.82697
269,1.06315,0.68803,2.47263,0.86756,0.70404,2.43603,0.84961,0.59944,2.41451,0.84334,0.66667,2.61504,1.03057,0.58105,2.41186,0.81311,0.62498,2.47292,0.92837,0.65156,2.60716
270,1.04632,0.67174,2.47337,0.74418,0.66137,2.42961,0.71967,0.59659,2.40393,0.72419,0.67194,2.53845,1.00026,0.60375,2.39114,0.65483,0.61105,2.46155,0.88929,0.70444,2.71556
271,1.06988,0.68718,2.47142,0.95007,0.67855,2.43398,0.89342,0.65045,2.4159,0.86318,0.69346,2.67803,1.03718,0.66138,2.40433,0.74694,0.62124,2.45232,0.98302,0.7139,2.75021
272,1.07938,0.68903,2.49173,0.87563,0.67061,2.45289,0.875,0.57559,2.42961,0.85194,0.67974,2.62927,1.02291,0.55177,2.43465,0.76964,0.57288,2.51272,1.01285,0.60149,3.0247
273,1.0559,0.66841,2.44362,0.87857,0.68298,2.41101,0.8382,0.55332,2.38969,0.847,0.66419,2.44586,1.02079,0.52374,2.38334,0.80296,0.52246,2.43411,0.89929,0.53362,2.66483
274,1.05436,0.67631,2.46736,0.91398,0.68532,2.4176,0.87473,0.57256,2.39284,0.86537,0.66127,2.61804,1.04619,0.55594,2.42705,0.82885,0.54777,2.45241,1.10754,0.61332,2.64577
275,1.07257,0.69486,2.4863,0.93114,0.67981,2.45969,0.90962,0.59544,2.4551,0.85217,0.68634,2.63293,1.07432,0.58058,2.43775,0.77539,0.60573,2.47893,0.96399,0.68371,2.83962
276,1.0602,0.69057,2.47409,0.84667,0.70422,2.43615,0.82884,0.62416,2.40628,0.84676,0.67746,2.70646,1.03433,0.60223,2.38182,0.73855,0.60949,2.44735,0.92019,0.73046,2.77653
277,1.03182,0.67894,2.47343,0.88659,0.67952,2.41945,0.86784,0.55115,2.40015,0.87881,0.65853,2.56216,1.02874,0.5658,2.39843,0.76394,0.55833,2.44093,1.04186,0.62815,2.6703
278,1.09525,0.68573,2.48264,0.90744,0.69367,2.43605,0.87818,0.60594,2.43128,0.83193,0.66525,2.59075,1.02228,0.60078,2.41147,0.73109,0.60041,2.4731,1.0085,0.72677,2.80868
279,1.00991,0.68179,2.46218,0.83385,0.686,2.42498,0.78504,0.63994,2.39929,0.78446,0.67231,2.67913,0.99122,0.61267,2.36383,0.75817,0.63369,2.44649,0.7418,0.74304,2.56069
280,1.05272,0.67277,2.48353,0.94125,0.65194,2.46552,0.92676,0.57341,2.4686,0.9242,0.6626,2.63196,1.03488,0.56708,2.44651,0.85825,0.59054,2.49052,0.93231,0.69574,2.82939
281,1.08705,0.68126,2.47719,0.91858,0.69661,2.43267,0.88876,0.61726,2.42767,0.86236,0.67122,2.5456,1.03198,0.60154,2.41815,0.80531,0.62193,2.43403,1.02561,0.68752,2.74529
282,1.05944,0.67824,2.46411,0.87997,0.66695,2.43547,0.82089,0.61338,2.42277,0.81949,0.65315,2.53672,1.02379,0.6135,2.4181,0.79279,0.62146,2.41889,1.01847,0.72476,2.73753
283,1.06685,0.67625,2.49346,0.87699,0.67968,2.46118,0.87309,0.58849,2.44948,0.81285,0.67247,2.4566,1.00751,0.58106,2.42737,0.77899,0.5711,2.47785,0.91062,0.59776,2.66878
284,1.02679,0.68963,2.47973,0.81837,0.67772,2.45929,0.72421,0.62054,2.40514,0.71318,0.67595,2.57484,0.97403,0.5902,2.36527,0.6494,0.59779,2.46614,0.88915,0.72777,2.61422
285,1.06397,0.6827,2.45711,0.82696,0.67716,2.43846,0.81748,0.65046,2.40597,0.80049,0.67635,2.58635,1.03846,0.63272,2.40676,0.75108,0.6306,2.4872,0.83451,0.7404,2.71398
286,1.08153,0.6782,2.46838,0.86855,0.66359,2.43328,0.82697,0.5845,2.42954,0.79519,0.67069,2.58227,1.02018,0.56992,2.40365,0.77803,0.57472,2.44974,0.78893,0.64145,2.78218
287,1.08375,0.68048,2.48321,0.80991,0.69316,2.45438,0.82033,0.56507,2.43935,0.80778,0.67231,2.52218,1.01226,0.5517,2.43988,0.78196,0.56819,2.50484,0.96789,0.65361,2.69763
288,1.07507,0.68699,2.4473,0.85516,0.68199,2.42795,0.84212,0.60647,2.40823,0.80275,0.66862,2.55687,1.03442,0.58564,2.41349,0.77165,0.59756,2.41015,0.82514,0.6945,2.7162
289,1.07026,0.67673,2.46679,0.88653,0.66989,2.42766,0.86794,0.54505,2.39633,0.84074,0.66984,2.51222,1.02503,0.53658,2.39227,0.77756,0.51957,2.4604,0.91925,0.6493,2.6957
290,1.08721,0.68337,2.46445,0.90507,0.68381,2.4234,0.89158,0.60472,2.40543,0.90323,0.654,2.67432,1.05567,0.58683,2.40743,0.83276,0.57038,2.44547,0.89049,0.64721,2.80819
291,1.05544,0.67881,2.46858,0.89956,0.67998,2.41852,0.86884,0.60196,2.40857,0.8559,0.67978,2.48853,1.00247,0.57817,2.37341,0.83283,0.56146,2.41769,0.97008,0.60978,2.80783
292,1.05357,0.67824,2.45786,0.87836,0.67578,2.4311,0.78129,0.6128,2.42749,0.80817,0.67585,2.60442,1.01074,0.57875,2.40764,0.76401,0.56992,2.43558,0.9044,0.74279,2.76075
293,1.06298,0.66852,2.47051,0.77435,0.66896,2.39048,0.75168,0.50283,2.37279,0.70303,0.65745,2.47989,0.98181,0.51325,2.35658,0.72472,0.48684,2.43603,0.82308,0.6131,2.56368
294,1.0514,0.67976,2.47243,0.91515,0.69394,2.40717,0.83738,0.61016,2.41754,0.84473,0.67273,2.53823,0.9881,0.59986,2.42173,0.85921,0.60211,2.4141,0.86887,0.64283,2.88526
295,1.08166,0.6747,2.47891,0.83749,0.68596,2.47023,0.82475,0.55781,2.44934,0.83467,0.66485,2.58666,1.00725,0.51751,2.44386,0.7687,0.52083,2.43637,0.96281,0.75108,2.81518
296,1.08679,0.67075,2.47881,0.89127,0.6945,2.45867,0.84968,0.58579,2.45689,0.82625,0.68184,2.76945,1.01897,0.56202,2.44479,0.76912,0.57234,2.50559,0.94975,0.75361,2.85791
297,1.07823,0.67449,2.49522,0.88194,0.67033,2.48033,0.84097,0.58503,2.43891,0.83294,0.67818,2.59429,1.03834,0.57689,2.4735,0.80414,0.56037,2.46833,0.92625,0.67103,2.77513
298,1.06476,0.67388,2.48393,0.84194,0.68408,2.45804,0.78533,0.55902,2.44585,0.78618,0.6627,2.63289,1.03544,0.56937,2.43408,0.74253,0.55014,2.46973,0.78429,0.57519,2.88205
299,1.07049,0.69173,2.47111,0.90723,0.70375,2.40143,0.8603,0.59269,2.379,0.82404,0.68569,2.57994,1.02555,0.59316,2.37527,0.82669,0.60575,2.44267,0.82886,0.73166,2.86724
300,1.05005,0.67927,2.48236,0.86828,0.6877,2.44222,0.8509,0.55586,2.41802,0.82915,0.64923,2.67242,1.00408,0.53404,2.44092,0.80801,0.54038,2.43666,0.98147,0.64722,2.65437
301,1.07451,0.69531,2.46346,0.82794,0.69561,2.42634,0.81752,0.613,2.38328,0.79488,0.68759,2.75671,1.01219,0.60509,2.37198,0.75703,0.63069,2.44005,0.75466,0.74398,2.72182
302,1.05799,0.6817,2.47954,0.83916,0.68845,2.41614,0.8174,0.57462,2.40546,0.80269,0.65792,2.63967,0.99611,0.56374,2.39534,0.7619,0.55969,2.42829,0.94522,0.6261,2.79925
303,1.07118,0.68639,2.47638,0.90906,0.66219,2.46148,0.90959,0.65665,2.46392,0.89059,0.67182,2.70122,1.03161,0.63231,2.45432,0.89078,0.64593,2.46587,0.98247,0.80277,2.87087
304,1.08262,0.66563,2.4698,0.8891,0.67164,2.45118,0.84867,0.56543,2.43321,0.83452,0.6499,2.59475,1.00412,0.53919,2.42303,0.78902,0.51696,2.47198,0.81351,0.75549,2.67893
305,1.07557,0.68298,2.45171,0.91283,0.67228,2.37962,0.8976,0.56232,2.35828,0.87528,0.6691,2.5816,1.01235,0.56067,2.34731,0.81387,0.54165,2.36074,0.96045,0.6696,2.73852
306,1.06727,0.68923,2.4518,0.87002,0.71058,2.38424,0.8233,0.59736,2.3625,0.83689,0.67421,2.48375,1.0029,0.60281,2.35654,0.82144,0.60112,2.36329,0.82266,0.66693,2.68646
307,1.04431,0.67822,2.47912,0.84028,0.69184,2.43161,0.79051,0.61835,2.41631,0.74152,0.67121,2.56308,0.98775,0.60304,2.41783,0.69232,0.58459,2.46282,0.84352,0.71309,2.7397
308,1.05936,0.67863,2.48777,0.79292,0.67902,2.4835,0.75938,0.59516,2.444,0.75162,0.6718,2.63183,0.98653,0.54817,2.47045,0.71643,0.55717,2.49478,0.80941,0.70313,2.8335
309,1.07019,0.67932,2.50819,0.87616,0.67971,2.4599,0.82898,0.57956,2.43127,0.80847,0.65442,2.56587,0.98622,0.58964,2.41626,0.81393,0.60189,2.41944,0.82573,0.70099,2.66681
310,1.0436,0.68599,2.47662,0.92112,0.67681,2.44414,0.85497,0.56934,2.42011,0.84485,0.66365,2.53172,1.0009,0.57035,2.41061,0.86633,0.56955,2.47239,0.94498,0.58777,2.7139
311,1.07216,0.67543,2.47446,0.90777,0.68095,2.44328,0.82775,0.58249,2.41528,0.83381,0.67917,2.58794,1.02722,0.62598,2.4158,0.75885,0.66522,2.44814,0.83975,0.77099,2.86319
312,1.03338,0.67002,2.43953,0.81656,0.69783,2.39526,0.78043,0.56409,2.40657,0.76139,0.64877,2.51803,0.98755,0.55968,2.38735,0.7804,0.55678,2.45735,0.92268,0.76895,2.88946
313,1.06395,0.68956,2.47666,0.8453,0.70606,2.43608,0.85675,0.67395,2.38881,0.82312,0.66818,2.60892,0.99456,0.66802,2.37915,0.75435,0.67496,2.39638,0.87879,0.64902,2.70863
314,1.10139,0.67585,2.48868,0.89363,0.69416,2.45612,0.80586,0.58375,2.43438,0.78018,0.66096,2.63036,0.97751,0.58831,2.43527,0.75945,0.59212,2.50357,0.91734,0.78077,2.82115
315,1.05678,0.67972,2.45977,0.89687,0.6861,2.41422,0.91102,0.59017,2.37189,0.88798,0.67369,2.55741,1.01198,0.59455,2.37254,0.828,0.58751,2.39967,0.9123,0.8056,2.66104
316,1.06232,0.68925,2.44999,0.92798,0.6818,2.41187,0.87186,0.58237,2.36861,0.83088,0.66732,2.62112,1.01003,0.57992,2.36352,0.83621,0.5606,2.4084,0.85881,0.75181,2.81544
317,1.03197,0.67091,2.46616,0.86625,0.68553,2.42725,0.80712,0.59576,2.4202,0.82953,0.67928,2.50221,0.99437,0.58458,2.40591,0.78515,0.59237,2.47691,0.94376,0.62259,2.81925
318,1.06198,0.68411,2.48599,0.83985,0.69453,2.42444,0.79609,0.61228,2.41419,0.78971,0.67147,2.51551,1.00801,0.62143,2.42572,0.73898,0.63071,2.4695,0.83944,0.69208,2.78904
319,1.04549,0.67257,2.47841,0.82277,0.6744,2.46577,0.78525,0.54799,2.43959,0.77887,0.6576,2.62666,1.01252,0.57411,2.43007,0.77296,0.58682,2.4404,0.88317,0.71224,2.74094
320,1.05316,0.68107,2.46943,0.80133,0.67984,2.43766,0.75782,0.66171,2.42457,0.7317,0.6737,2.61935,0.99217,0.62543,2.42975,0.71827,0.61719,2.43893,0.83179,0.88331,2.78407
321,1.06936,0.6667,2.46724,0.91375,0.6748,2.44944,0.83114,0.5723,2.44425,0.82211,0.65157,2.62173,0.97912,0.57249,2.43567,0.7968,0.57112,2.48226,0.94577,0.58268,2.82055
322,1.06493,0.67401,2.47826,0.84218,0.67372,2.41336,0.76702,0.60041,2.42054,0.74699,0.65694,2.71996,0.96177,0.5803,2.41784,0.6972,0.59,2.46349,0.84857,0.85701,2.71544
323,1.02974,0.68272,2.47338,0.77386,0.67949,2.4348,0.78765,0.57386,2.40386,0.75772,0.67367,2.59791,0.94907,0.57838,2.40217,0.78037,0.56499,2.42205,0.7843,0.83044,2.78419
324,1.04743,0.68166,2.48041,0.85938,0.674,2.42399,0.80896,0.62088,2.42173,0.80876,0.66813,2.73988,0.95348,0.61524,2.42249,0.7967,0.60411,2.46948,0.78012,0.77259,2.74728
325,1.05708,0.68946,2.46868,2.06398,0.69425,2.44517,0.84583,0.61109,2.39354,0.83335,0.67775,2.72714,0.99908,0.59147,2.3963,0.86004,0.60019,2.4358,0.86649,0.69791,2.92828
326,1.04751,0.66081,2.47979,0.89845,0.691,2.46466,0.87534,0.57314,2.44883,0.83824,0.65364,2.62409,1.00101,0.55821,2.43674,0.81783,0.56397,2.46221,0.91652,0.67285,2.754
327,1.05622,0.67436,2.45736,0.88027,0.69035,2.38962,0.89926,0.61659,2.36423,0.86878,0.65709,2.51354,1.01332,0.60482,2.39987,0.88652,0.55732,2.38022,0.96441,0.84064,2.69518
328,1.075,0.68449,2.46708,0.86774,0.68295,2.43262,0.84624,0.5966,2.44337,0.80104,0.68501,2.76161,0.99346,0.57212,2.43711,0.78254,0.5558,2.45273,0.9478,0.66991,2.7146
329,1.05932,0.66642,2.461,0.81152,0.68891,2.4357,0.73884,0.5706,2.41195,0.7133,0.64419,2.71269,0.97716,0.54865,2.41014,0.65752,0.53432,2.47328,0.7318,0.59391,2.70206
330,1.03577,0.67306,2.46435,0.82571,0.67187,2.44527,0.75604,0.60631,2.42556,0.73433,0.67251,2.63176,0.98471,0.59571,2.43781,0.67174,0.58908,2.48127,0.82365,0.70606,2.90919
331,1.03661,0.66707,2.49267,0.86416,0.68309,2.45794,0.80054,0.55873,2.46166,0.81153,0.64082,2.67613,0.98048,0.56751,2.46464,0.77381,0.57795,2.49906,0.8415,0.5879,2.98251
332,1.0529,0.67957,2.46401,0.7922,0.68183,2.4082,0.74893,0.53051,2.37205,0.7445,0.65482,2.6228,0.97203,0.50709,2.35689,0.71303,0.52416,2.41165,0.75282,0.6324,2.65182
333,1.06009,0.67994,2.46971,0.79359,0.67194,2.45065,0.81163,0.62904,2.41911,0.77642,0.6968,2.62653,0.98613,0.62005,2.4338,0.78273,0.59936,2.45181,0.85578,0.72084,2.92508
334,1.06895,0.68088,2.47834,0.94667,0.69112,2.42283,0.88411,0.61718,2.39987,0.87391,0.66902,2.64722,1.03096,0.61376,2.39403,0.80653,0.61153,2.43046,0.84395,0.76193,2.69757
335,1.07122,0.66648,2.46301,0.88139,0.6779,2.40387,0.82291,0.56014,2.38755,0.81555,0.65011,2.55187,0.98996,0.55271,2.3506,0.71559,0.5616,2.38441,0.81574,0.69166,2.63554
336,1.04677,0.67291,2.50302,0.86098,0.67393,2.44584,0.82215,0.55693,2.44447,0.78362,0.66111,2.63312,0.99731,0.54013,2.42969,0.76844,0.54872,2.46212,0.89964,0.80965,2.5963
337,1.03249,0.67121,2.45395,0.86077,0.68629,2.36501,0.81033,0.56666,2.35815,0.76553,0.66718,2.51171,0.94568,0.54156,2.31576,0.78406,0.54201,2.43996,0.87205,0.66162,2.60734
338,1.04425,0.67452,2.47046,0.85002,0.68704,2.43011,0.82314,0.58949,2.429,0.82555,0.66551,2.65263,1.00913,0.58341,2.40154,0.83583,0.60318,2.4191,0.97768,0.64171,2.71546
339,1.06843,0.67154,2.471,0.95356,0.68997,2.45472,0.91271,0.58551,2.4316,0.86205,0.66822,2.56897,1.02828,0.58988,2.42995,0.81999,0.57855,2.42902,0.95093,0.71661,2.76504
340,1.05561,0.68489,2.46853,0.91347,0.68426,2.35984,0.88364,0.5763,2.34411,0.8866,0.67371,2.45147,1.01416,0.58582,2.31966,0.83856,0.55966,2.44208,0.9711,0.74556,2.65965
341,1.05062,0.67026,2.46855,0.85273,0.69648,2.44576,0.80753,0.59356,2.42479,0.82229,0.65538,2.63574,0.96788,0.56087,2.43492,0.72296,0.57881,2.44164,0.78463,0.73204,2.80554
342,1.03847,0.66453,2.47969,0.84555,0.67226,2.41003,0.81784,0.5389,2.39514,0.78814,0.63091,2.59557,0.98395,0.51609,2.37758,0.74226,0.51639,2.48527,0.75923,0.55816,2.7541
343,1.03884,0.69861,2.46819,0.85738,0.70463,2.41189,0.79488,0.5879,2.37479,0.7808,0.65946,2.56764,0.97413,0.56069,2.35256,0.77787,0.55466,2.40993,0.83968,0.6472,2.92936
344,1.06226,0.68151,2.47664,0.85254,0.67606,2.45172,0.82183,0.57865,2.41582,0.81326,0.67454,2.55303,0.9847,0.59417,2.42319,0.79237,0.58713,2.40026,0.85767,0.65402,2.67104
345,1.08016,0.68443,2.46938,0.79668,0.6829,2.43883,0.82875,0.59917,2.42749,0.82217,0.67239,2.77181,0.98392,0.57244,2.42307,0.77342,0.59572,2.48119,0.90585,0.6525,2.90794
346,1.03593,0.66646,2.47684,0.85214,0.66734,2.46879,0.8051,0.53448,2.46624,0.80113,0.64088,2.71386,0.92104,0.52521,2.45341,0.844,0.53655,2.5083,0.94668,0.56775,2.86749
347,1.03126,0.68499,2.46371,0.78681,0.67795,2.4181,0.76802,0.58468,2.3844,0.74153,0.66041,2.68466,0.95247,0.58609,2.38837,0.7496,0.5952,2.42386,0.78329,0.57532,2.85847
348,1.05366,0.67118,2.48488,0.84878,0.67402,2.46037,0.80225,0.58374,2.40612,0.81118,0.65726,2.63575,0.96791,0.59334,2.44186,0.76124,0.56639,2.44716,0.83125,0.63963,2.75364
349,1.04837,0.66268,2.4492,0.84672,0.67843,2.34622,0.83963,0.59364,2.34821,0.7843,0.65566,2.59262,0.9887,0.57634,2.31424,0.73314,0.57075,2.36993,0.79196,0.57295,2.64894
350,1.049,0.66949,2.47817,0.87081,0.68251,2.41796,0.84089,0.58725,2.42044,0.82693,0.66927,2.9805,1.00031,0.59815,2.40921,0.82001,0.57809,2.48712,0.8089,0.61266,2.97776
351,1.07182,0.68191,2.49121,0.87401,0.67507,2.45626,0.81253,0.59215,2.44017,0.82582,0.65399,2.62777,0.98441,0.61008,2.46423,0.78615,0.59679,2.50682,0.91879,0.70417,2.85237
352,1.05304,0.68923,2.47913,0.8609,0.67567,2.40945,0.82481,0.57231,2.37564,0.83212,0.67401,2.50715,0.98371,0.59521,2.35894,0.80257,0.59202,2.42987,0.9231,0.61995,2.63743
353,1.06325,0.65788,2.46977,0.90829,0.68366,2.41856,0.90334,0.58482,2.39843,0.88083,0.65612,2.71467,0.99504,0.55963,2.42048,0.85041,0.5682,2.46319,0.87301,0.63929,2.80252
354,1.04118,0.67475,2.47183,0.85402,0.68985,2.48149,0.79856,0.61208,2.46425,0.75265,0.67005,2.65402,0.9492,0.61414,2.41942,0.74308,0.60352,2.46013,0.87508,0.67077,2.73728
355,1.05547,0.68161,2.48371,0.9043,0.69134,2.46975,0.85782,0.63563,2.4714,0.88602,0.6552,2.65334,0.98703,0.61633,2.45508,0.76729,0.6219,2.49328,0.8502,0.67332,2.76569
356,1.05533,0.66781,2.45328,0.85561,0.66802,2.3189,0.79961,0.5845,2.29732,0.80271,0.66317,2.62982,0.97387,0.57981,2.3009,0.75372,0.55126,2.35642,0.86905,0.58219,2.77487
357,1.06059,0.67187,2.44608,0.88477,0.68038,2.4165,0.85657,0.58688,2.40214,0.86765,0.66119,2.58185,1.00274,0.60192,2.41153,0.82683,0.64235,2.46752,0.83653,0.74228,2.82213
358,1.03518,0.66921,2.48993,0.83701,0.66604,2.3965,0.79765,0.57746,2.37635,0.77232,0.65013,2.79196,0.95829,0.56653,2.35245,0.69928,0.56992,2.40445,0.76555,0.63875,2.81923
359,1.04651,0.68453,2.47523,0.8335,0.67226,2.45145,0.82742,0.58383,2.42512,0.81504,0.667,2.73995,0.95943,0.55555,2.40204,0.80174,0.54726,2.40135,0.91415,0.63823,2.82849
360,1.04421,0.68104,2.47336,0.85896,0.6835,2.42868,0.836,0.58554,2.4157,0.82305,0.66298,2.8252,0.96742,0.58051,2.39881,0.79402,0.58622,2.43928,0.79397,0.64473,2.77508
361,1.058,0.67351,2.47683,0.84613,0.69381,2.45746,0.82135,0.62149,2.44094,0.76642,0.66009,2.78749,0.97255,0.61431,2.45904,0.77472,0.60183,2.46958,0.87008,0.75638,2.95292
362,1.06351,0.68623,2.47946,0.83522,0.68863,4.79205,0.73331,0.58964,2.40453,0.77746,0.65873,2.62864,0.94313,0.55761,2.37194,0.72315,0.57038,2.48429,0.79943,0.60738,2.70324
363,1.02417,0.66318,2.46368,0.83772,0.68221,2.39538,0.75131,0.53307,2.38652,0.72978,0.65612,2.61336,0.95769,0.52771,2.39719,0.75267,0.52768,2.4456,0.89522,0.6672,2.64111
364,1.03321,0.68014,2.4851,0.82319,0.66863,2.40776,0.83389,0.63555,2.38917,0.79576,0.65716,2.66435,0.96199,0.64194,2.36912,0.7292,0.63153,2.44146,0.91079,0.87808,2.75097
365,1.06237,0.66332,2.48762,0.94457,0.6792,2.46851,0.87759,0.59695,2.42635,0.8404,0.66262,2.62176,0.99723,0.59816,2.41975,0.83943,0.60695,2.44808,0.86217,0.76805,2.61255
366,1.02241,0.66995,2.47296,0.88948,0.65985,2.40659,0.86426,0.58308,2.38037,0.84143,0.64505,2.60681,0.98769,0.57527,2.38065,0.87941,0.6049,2.39664,0.98209,0.66836,2.68348
367,1.05185,0.68261,2.46316,0.9196,0.67127,2.40471,0.85692,0.60032,2.36118,0.85836,0.64496,2.48641,1.01482,0.56709,2.30672,0.83168,0.57524,2.37865,0.84071,0.6081,2.57566
368,1.05021,0.65782,2.45547,0.96515,0.68215,2.43905,0.88093,0.58606,2.39525,0.87178,0.65332,2.6042,1.02112,0.5869,2.37581,0.84276,0.56934,2.3804,0.94869,0.67465,2.73829
369,1.0134,0.67979,2.47214,0.85635,0.68638,2.42732,0.81337,0.59152,2.41396,0.79231,0.65361,2.60122,0.94334,0.58637,2.4016,0.78522,0.60678,2.45121,0.93033,0.77594,2.88053
370,1.01372,0.66906,2.45998,0.82176,0.68097,2.42074,0.77398,0.56028,2.39396,0.74649,0.65366,2.5407,0.98115,0.55259,2.40419,0.7361,0.56089,2.43199,0.82486,0.67451,2.89357
371,1.03056,0.68032,2.47288,0.86676,0.69723,2.4082,0.83534,0.57559,2.37076,0.81069,0.67024,2.5264,0.94497,0.58435,2.39074,0.76334,0.56786,2.45866,0.84619,0.62011,2.78338
372,1.05099,0.67685,2.4478,0.86151,0.67914,2.38518,0.78586,0.55547,2.36765,0.76818,0.64477,2.59738,0.99272,0.52648,2.32854,0.73818,0.54007,2.41395,0.79335,0.61496,2.71139
373,1.03702,0.66988,2.44572,0.86796,0.69542,2.43326,0.83051,0.60399,2.37641,0.76868,0.65499,2.56228,0.97426,0.58582,2.38187,0.76451,0.55967,2.42539,0.81729,0.7665,2.49336
374,1.04332,0.69046,2.46034,0.90659,0.71067,2.41213,0.89287,0.61537,2.37208,0.87251,0.68451,2.51287,0.97845,0.61184,2.33902,0.88654,0.59198,2.369,0.97082,0.73489,2.57164
375,1.05572,0.66808,2.48375,1.02706,0.68395,2.45032,0.98366,0.58199,2.45387,0.99903,0.6492,2.59288,1.00176,0.55637,2.44163,0.91371,0.54549,2.47613,1.00104,0.59525,2.68136
376,1.03892,0.6986,2.47661,0.82192,0.67581,2.46132,0.78605,0.57181,2.42473,0.75715,0.65003,2.48486,1.00615,0.53868,2.38594,0.68775,0.53383,2.46342,0.78326,0.71044,2.72998
377,1.02685,0.67826,2.44734,0.85198,0.68877,2.40354,0.78349,0.56807,2.38933,0.76377,0.64752,2.66051,0.91987,0.56958,2.3672,0.71155,0.53714,2.42585,0.78715,0.65646,2.62837
378,1.01674,0.6767,2.45637,0.83276,0.67774,2.39935,0.82747,0.61488,2.37517,0.77127,0.64662,2.50452,0.95524,0.60762,2.37631,0.76392,0.57736,2.37161,0.88536,0.68661,2.77539
379,1.03744,0.67181,2.46656,0.83528,0.69262,2.46223,0.80988,0.55934,2.43961,0.78495,0.65387,2.49738,0.95377,0.55719,2.44325,0.75682,0.53739,2.51831,0.7429,0.65102,2.74278
380,1.0458,0.68092,2.43935,0.86276,0.68859,2.41733,0.81832,0.62713,2.40513,0.78332,0.67902,2.43291,1.0052,0.60359,2.41878,0.70565,0.57543,2.48393,0.81363,0.695,2.59044
381,1.05688,0.6718,2.4658,0.83166,0.68477,2.41923,0.77546,0.60741,2.4192,0.75903,0.67557,2.53612,0.9277,0.58248,2.39378,0.75728,0.59501,2.48182,0.87927,0.74066,2.67412
382,1.04314,0.66064,2.46008,0.90138,0.67977,2.39912,0.86767,0.59724,2.37368,0.87639,0.62728,2.57781,0.99102,0.57783,2.36509,0.80243,0.55363,2.45682,0.85313,0.63956,2.67176
383,1.07472,0.67626,2.48655,0.84216,0.671,2.46445,0.77152,0.61628,2.46135,0.74521,0.64319,2.61002,0.96881,0.62524,2.43696,0.72932,0.63382,2.42761,0.80099,0.69542,2.79909
384,1.01844,0.68067,2.4583,0.88044,0.68053,2.41532,0.86378,0.58377,2.33318,0.81261,0.6679,2.54667,0.96886,0.59915,2.31738,0.80551,0.61397,2.38067,0.87729,0.6887,2.62693
385,1.03645,0.6878,2.478,0.82641,0.69935,2.45636,0.83146,0.66507,2.43256,0.79113,0.6908,2.61,0.9815,0.6491,2.42303,0.809,0.6537,2.45523,0.88672,0.77904,2.69207
386,1.07649,0.6518,2.46754,0.82904,0.66028,2.45114,0.78822,0.54052,2.38775,0.77394,0.6315,2.55285,0.95273,0.51525,2.36141,0.74507,0.54529,2.38769,0.94526,0.6275,2.63156
387,1.02721,0.67913,2.47502,0.86012,0.68208,2.46684,0.86964,0.55642,2.41817,0.81294,0.65162,2.65014,0.96699,0.56116,2.45954,0.80698,0.53883,2.51579,0.96231,0.59263,2.87415
388,1.0766,0.66892,2.4454,0.88627,0.66428,2.39065,0.84392,0.50733,2.36758,0.80372,0.63929,2.52715,1.03404,0.48465,2.386,0.742,0.48632,2.40854,0.90136,0.59284,2.88798
389,1.0282,0.68716,2.47182,0.83053,0.68281,2.38272,0.77755,0.58974,2.37085,0.81007,0.65787,2.48888,0.9597,0.59208,2.3807,0.77099,0.59589,2.44767,0.77418,0.66011,2.64129
390,1.02427,0.6504,2.46669,0.89771,0.6718,2.44706,0.85802,0.54368,2.45472,0.82997,0.64072,2.62707,0.98317,0.53449,2.42231,0.78338,0.50738,2.41616,0.9709,0.62013,2.6232
391,1.03058,0.68848,2.47108,0.87896,0.69559,2.4452,0.82702,0.59299,2.42732,0.7855,0.67921,2.78486,0.94783,0.59856,2.39049,0.80347,0.60657,2.46942,0.80565,0.68019,2.87331
392,1.0341,0.6877,2.4988,0.92663,0.69509,2.43934,0.91438,0.62094,2.39083,0.87688,0.69231,2.60712,1.0033,0.58843,2.40387,0.87507,0.59773,2.45626,0.88495,0.69676,2.85695
393,1.04953,0.66548,2.45946,0.88769,0.67268,2.41985,0.90101,0.55797,2.42991,0.84202,0.6695,2.60706,1.00158,0.54635,2.41508,0.79726,0.56704,2.47794,0.94151,0.63521,3.06157
394,1.03107,0.66501,2.45179,0.7573,0.67945,2.43225,0.71333,0.58152,2.42389,0.67177,0.65754,2.59065,0.91337,0.57414,2.45009,0.63977,0.56737,2.47913,0.75826,0.73402,2.87359
395,1.04087,0.6778,2.47166,0.84673,0.67917,2.41317,0.77413,0.62206,2.3769,0.75444,0.67398,2.75409,0.9525,0.62723,2.38387,0.70107,0.61281,2.43785,0.74648,0.66857,2.74216
396,1.03164,0.66396,2.44495,0.85363,0.69445,2.42214,0.84178,0.61434,2.43031,0.87965,0.6698,2.67726,0.97106,0.58091,2.4081,0.84617,0.618,2.44435,0.97069,0.62968,2.78195
397,1.02389,0.6759,2.47331,0.82187,0.68123,2.38523,0.77197,0.58389,2.35943,0.78507,0.64936,2.59125,0.9539,0.56588,2.3482,0.72169,0.54426,2.43013,0.752,0.55736,2.64732
398,1.0086,0.67727,2.46884,0.78029,0.68675,2.39907,0.78024,0.58424,2.37915,0.7639,0.659,2.55198,0.92695,0.57072,2.36961,0.74914,0.56208,2.41062,0.77289,0.63362,2.69948
399,1.04958,0.67781,2.48179,0.86348,0.68688,2.45225,0.83574,0.58621,2.4209,0.84147,0.66383,2.69103,0.99445,0.56815,2.4437,0.73681,0.57677,2.48808,0.789,0.70746,2.64716
400,1.01675,0.66369,2.47982,0.79405,0.67728,2.4725,0.76595,0.5469,2.4286,0.749,0.64931,2.52968,0.94729,0.53877,2.41038,0.76321,0.54409,2.44538,0.82544,0.57675,2.6385
401,1.03043,0.66738,2.49463,0.88508,0.68649,2.44302,0.78004,0.53945,2.40441,0.77823,0.63454,2.64084,0.9713,0.52498,2.40885,0.73827,0.51192,2.48926,0.82724,0.55133,2.82089
402,1.0103,0.66775,2.46819,0.83032,0.65791,2.41863,0.81582,0.55446,2.40933,0.787,0.63832,2.60125,0.95513,0.55365,2.38167,0.80676,0.57927,2.41829,0.86897,0.74616,2.7797
403,1.03661,0.69404,2.47235,0.90931,0.67892,2.46095,0.85884,0.65373,2.40343,0.8774,0.6918,2.615,0.99839,0.64675,2.4382,0.85696,0.59685,2.44997,0.90364,0.66487,2.95917
404,1.014,0.68561,2.50172,0.85004,0.67982,2.43426,0.81778,0.61475,2.40616,0.8264,0.67963,2.58369,0.96194,0.58078,2.4055,0.75864,0.55076,2.45534,0.83531,0.63824,2.62902
405,1.02152,0.69705,2.46763,0.8829,0.68264,2.42451,0.8261,0.60346,2.37772,0.83956,0.64379,2.6003,0.96638,0.5883,2.38522,0.82245,0.57249,2.45055,0.92642,0.66652,2.62915
406,1.01815,0.68566,2.46587,0.84291,0.68216,2.38304,0.77345,0.59281,2.35336,0.74107,0.6687,2.7137,0.90718,0.59034,2.36465,0.73849,0.57801,2.42694,0.75989,0.68756,2.56504
407,1.0375,0.68312,2.45427,0.86941,0.67955,2.40942,0.82986,0.61379,2.33886,0.75812,0.66957,2.52879,0.98249,0.6094,2.40368,0.77103,0.61943,2.42405,0.79682,0.74843,2.73927
408,1.04497,0.68417,2.45941,0.90423,0.68929,2.39481,0.85362,0.54594,2.34684,0.85382,0.64922,2.4806,0.96584,0.56792,2.36666,0.85787,0.55785,2.37963,0.89401,0.66323,2.69324
409,1.0533,0.67998,2.47032,0.86031,0.69705,2.46042,0.80619,0.55645,2.43574,0.77186,0.6428,2.77539,0.94533,0.55227,2.42716,0.69308,0.56872,2.45771,0.79911,0.61526,2.63224
410,0.99422,0.68696,2.47977,0.80241,0.68037,2.44624,0.76688,0.63157,2.39943,0.76378,0.67498,2.75055,0.90722,0.61409,2.44022,0.75234,0.58742,2.48346,0.74236,0.74326,2.6619
411,1.04835,0.65973,2.47282,0.87338,0.68276,2.43591,0.83636,0.519,2.39289,0.77378,0.64208,2.582,0.98336,0.49462,2.37832,0.77856,0.51647,2.40997,0.79158,0.63103,2.78959
412,1.03502,0.68719,2.47579,0.80292,0.69156,2.42303,0.79372,0.58864,2.39599,0.76664,0.65992,2.53027,1.00226,0.58784,2.36743,0.82042,0.57707,2.42138,0.91334,0.66635,2.64183
413,1.03212,0.66249,2.44831,0.8681,0.66943,2.36519,0.80978,0.5789,2.33631,0.79753,0.63012,2.66112,0.94876,0.56688,2.31999,0.77772,0.55788,2.34007,0.78823,0.66864,2.4585
414,1.0367,0.66557,2.4939,0.84543,0.66548,2.46408,0.85557,0.57583,2.41047,0.81846,0.64686,2.81589,0.96916,0.56331,2.42088,0.85107,0.58298,2.42991,0.90407,0.66406,2.59513
415,1.02025,0.68562,2.4888,0.7847,0.69243,2.47223,0.77389,0.59654,2.46423,0.73411,0.66244,2.56619,0.89298,0.60214,2.42762,0.73109,0.59354,2.48286,0.95449,0.71265,2.58529
416,1.04452,0.6601,2.4642,0.86541,0.67952,2.42725,0.82927,0.56543,2.3951,0.80978,0.65413,2.5962,0.99047,0.54618,2.39371,0.82722,0.5222,2.41976,0.98428,0.60631,2.69654
417,1.04457,0.68542,2.48045,0.87479,0.68592,2.43716,0.85236,0.5564,2.42686,0.82572,0.65327,2.57901,0.97067,0.54461,2.39151,0.80379,0.53143,2.46485,0.89528,0.58721,2.78785
418,1.00622,0.68766,2.50159,0.73038,0.69053,2.45602,0.72859,0.61092,2.42536,0.71281,0.67838,2.55026,0.88719,0.58731,2.42595,0.70968,0.59978,2.48802,0.74524,0.71016,2.6883
419,1.0371,0.66463,2.46662,0.886,0.65335,2.38754,0.86244,0.559,2.36855,0.82761,0.63623,2.52108,0.98452,0.54313,2.36216,0.86369,0.52273,2.46207,0.83055,0.60692,2.65074
420,1.02432,0.67421,2.48693,0.82797,0.68764,2.47,0.783,0.61027,2.39843,0.79649,0.66876,2.75085,0.96994,0.57712,2.46079,0.76639,0.58722,2.49502,0.7549,0.65097,2.88016
421,1.02794,0.67944,2.44193,0.75824,0.67731,2.39217,0.74019,0.57211,2.3816,0.76841,0.64399,2.54822,0.9229,0.54125,2.36191,0.69898,0.56975,2.40597,0.7445,0.73647,2.5757
422,1.0348,0.66613,2.49716,0.82948,0.66845,2.4484,0.73832,0.55776,2.4041,0.72895,0.65112,2.59964,0.94571,0.55019,2.40991,0.72244,0.50582,2.51124,0.75924,0.58037,2.78787
423,1.02039,0.67838,2.44767,0.82943,0.68532,2.41119,0.79979,0.62754,2.37995,0.7848,0.65697,2.51344,0.97036,0.64205,2.36548,0.80067,0.6501,2.43861,0.84099,0.76461,2.62435
424,1.03992,0.6562,2.46159,0.87199,0.67717,2.45221,0.83972,0.61282,2.42615,0.75556,0.65668,2.64272,0.94768,0.6009,2.42173,0.71221,0.62986,2.51496,0.82664,0.70905,2.64582
425,1.02427,0.66205,2.45113,0.83221,0.67074,2.411,0.78696,0.57303,2.39439,0.75509,0.65468,2.66837,0.92895,0.56594,2.4264,0.74675,0.56895,2.4053,0.87229,0.62579,2.60246
426,1.02639,0.65945,2.46078,0.84984,0.67577,2.4478,0.83423,0.5924,2.37257,0.82851,0.67012,2.62997,0.94257,0.59453,2.40808,0.76906,0.5851,2.41976,0.8125,0.76668,2.79762
427,1.018,0.66784,2.47437,0.86936,0.6826,2.43579,0.8146,0.5508,2.39633,0.78165,0.66037,2.69683,0.9407,0.52548,2.39249,0.77216,0.53595,2.41222,0.8232,0.56438,2.78826
428,1.01634,0.6818,2.45441,0.86037,0.66364,2.40366,0.82817,0.59596,2.36068,0.7901,0.63939,2.5584,0.93933,0.58306,2.36682,0.74126,0.55149,2.41565,0.80088,0.64497,2.55398
429,1.00209,0.68163,2.45374,0.82016,0.68416,2.41823,0.81479,0.60713,2.36324,0.83042,0.6501,2.74083,0.93595,0.57082,2.37998,0.78533,0.62436,2.44111,0.81447,0.64728,2.64254
430,1.01338,0.65511,2.49218,0.82453,0.66956,2.40302,0.77198,0.55215,2.36867,0.74061,0.63455,2.52732,0.93447,0.53009,2.37984,0.73334,0.5162,2.45584,0.79945,0.7072,2.69698
431,1.03417,0.67783,2.48139,0.80653,0.67107,2.42479,0.79361,0.56569,2.37963,0.78635,0.64127,2.59609,0.93187,0.55604,2.39358,0.76491,0.55417,2.45057,0.79246,0.61849,2.65009
432,1.02399,0.65251,2.46289,0.83602,0.66675,2.42149,0.84347,0.49204,2.42149,0.82556,0.62341,2.58976,0.97574,0.46482,2.40137,0.81081,0.46944,2.44846,0.89881,0.44798,2.68516
433,0.99827,0.69918,2.48101,0.85157,0.71726,2.43472,0.78258,0.62556,2.41489,0.78897,0.67991,2.58707,0.97623,0.59825,2.38926,0.70169,0.64373,2.46338,0.84069,0.86693,2.46841
434,1.04243,0.6932,2.49802,0.84427,0.70275,2.45881,0.78327,0.59265,2.46066,0.76984,0.66503,2.72861,0.95181,0.57114,2.43508,0.7225,0.52438,2.48638,0.89879,0.8227,2.76252
435,0.99836,0.6619,2.43852,0.76302,0.67501,2.39905,0.73306,0.57712,2.37339,0.72179,0.6613,2.75463,0.91014,0.57826,2.35788,0.65873,0.56526,2.39451,0.7562,0.63814,2.76398
436,1.03935,0.6792,2.46914,0.79737,0.66191,2.38896,0.78514,0.55125,2.39867,0.73069,0.66269,2.50676,0.92301,0.54191,2.36651,0.71251,0.55975,2.4093,0.83399,0.62818,2.76863
437,1.06257,0.67912,2.47173,0.86479,0.70567,2.43189,0.86057,0.61031,2.35442,0.85675,0.68649,2.6097,1.0223,0.60926,2.38311,0.8047,0.60865,2.44214,0.95723,0.83966,2.73093
438,1.00787,0.68837,2.45691,0.82324,0.66847,2.36345,0.79721,0.61094,2.34539,0.78496,0.64247,2.53827,0.95849,0.59422,2.38614,0.76131,0.60611,2.42914,0.85514,0.68454,2.6047
439,1.0449,0.68921,2.46457,0.83211,0.69074,2.3938,0.77969,0.65765,2.38608,0.81474,0.67889,2.56119,0.93751,0.6812,2.41119,0.71151,0.6517,2.42616,0.85916,0.75962,2.72383
440,1.02141,0.65159,2.47328,0.8515,0.67438,2.41684,0.84102,0.56714,2.36845,0.83047,0.65205,2.59639,0.97984,0.57711,2.35493,0.80233,0.55858,2.41332,0.87831,0.63375,2.71829
441,1.01677,0.6591,2.47795,0.83037,0.66722,2.44699,0.78999,0.55626,2.42667,0.76613,0.61761,2.65505,0.94447,0.53676,2.43451,0.70787,0.54212,2.44621,0.79061,0.69848,2.7722
442,1.00115,0.66346,2.47366,0.75091,0.66951,2.40946,0.68661,0.55159,2.35981,0.65633,0.64476,2.45512,0.87419,0.56173,2.3396,0.62279,0.5649,2.40618,0.70103,0.75657,2.61465
443,1.02843,0.70146,2.43906,0.8549,0.68869,2.39516,0.81344,0.59242,2.37703,0.76853,0.66262,2.59888,0.94557,0.59112,2.33495,0.73771,0.63983,2.382,0.83515,0.66641,2.6724
444,1.01013,0.68194,2.46667,0.77412,0.68868,2.42062,0.74523,0.58784,2.35047,0.74763,0.672,2.55305,0.92603,0.59216,2.35019,0.67409,0.62584,2.41012,0.83716,0.67964,2.58321
445,0.99296,0.67634,2.46528,0.84416,0.68025,2.40848,0.80915,0.58262,2.36924,0.76803,0.64159,2.95147,0.9361,0.58296,2.39092,0.72367,0.56662,2.41339,0.84967,0.76827,2.81756
446,1.0205,0.6597,2.42915,0.85383,0.67038,2.36969,0.77926,0.52543,2.32609,0.76951,0.63826,2.49651,0.99106,0.50054,2.31933,0.75294,0.50974,2.36431,0.7997,0.67413,2.61187
447,1.03913,0.67285,2.46424,0.83847,0.69106,2.37305,0.81463,0.60801,2.31397,0.79986,0.66169,2.64792,0.93632,0.5948,2.33325,0.70942,0.59656,2.40373,0.82191,0.64018,2.59039
448,1.01661,0.66498,2.48135,0.88693,0.70099,2.4143,0.80643,0.60481,2.38906,0.80232,0.68718,2.80913,0.93599,0.61335,2.35648,0.77405,0.61242,2.42375,0.8089,0.8665,2.48564
449,0.98556,0.65506,2.48612,0.87709,0.66696,2.43194,0.8261,0.5777,2.39929,0.81255,0.62288,2.66152,0.95388,0.59677,2.36658,0.8026,0.57074,2.48683,0.78886,0.7764,2.50965
450,1.02088,0.66233,2.47873,0.8612,0.66948,2.45943,0.81292,0.58607,2.42294,0.77924,0.65123,2.72771,1.01809,0.59431,2.4463,0.72734,0.57447,2.44121,0.81766,0.65867,2.95628
451,1.02749,0.67376,2.46555,0.84379,0.68354,2.40295,0.79242,0.58067,2.36607,0.76938,0.65052,2.66449,0.93602,0.54183,2.36121,0.76313,0.54651,2.423,0.86701,0.61571,2.60534
452,1.03762,0.65661,2.47652,0.94026,0.67764,2.47706,0.97021,0.5483,2.458,0.91699,0.63836,2.62936,0.99373,0.54842,2.46863,0.8854,0.54781,2.47861,0.96988,0.71058,2.7271
453,0.99674,0.67537,2.44984,0.80106,0.66776,2.41106,0.73416,0.57683,2.3643,0.7314,0.64329,2.67932,0.91669,0.58792,2.38434,0.68714,0.57923,2.44012,0.70591,0.78471,2.57995
454,1.02414,0.67393,2.46677,0.92943,0.69109,2.42928,0.86145,0.58645,2.36511,0.83888,0.64729,2.68192,0.95572,0.57991,2.36902,0.79176,0.58014,2.41252,0.88848,0.63781,2.83893
455,1.00258,0.67637,2.47096,0.81231,0.68533,2.38254,0.76023,0.58806,2.30895,0.72964,0.65145,2.52825,0.88444,0.5722,2.3403,0.73386,0.58309,2.39736,0.86386,0.71018,2.733
456,0.99424,0.64998,2.47726,0.82554,0.67446,2.39833,0.79865,0.54439,2.38362,0.82321,0.64383,2.70755,0.90084,0.54485,2.40911,0.76977,0.53716,2.44401,0.87307,0.6492,2.79908
457,1.01386,0.67437,2.48941,0.87468,0.68971,2.45039,0.81345,0.56424,2.43857,0.82003,0.65474,2.74038,0.93316,0.5842,2.45361,0.79373,0.56145,2.455,0.89806,0.65195,2.6915
458,1.00631,0.67009,2.45196,0.87319,0.68042,2.40853,0.78607,0.6246,2.40454,0.7673,0.65292,2.71508,0.95303,0.56927,2.40249,0.70931,0.61337,2.42526,0.79767,0.7148,2.5897
459,1.0253,0.68084,2.45582,0.79717,0.67137,2.41293,0.74378,0.57016,2.40107,0.77104,0.63908,2.70606,0.91576,0.57448,2.37419,0.71259,0.55813,2.46353,0.84475,0.65331,2.57158
460,1.04897,0.68428,2.48433,0.84944,0.67513,2.45021,0.80371,0.57069,2.41883,0.78928,0.62188,2.56469,0.9656,0.5302,2.44038,0.79969,0.52909,2.4458,0.83547,0.62905,2.67699
461,1.08389,0.64685,2.48991,0.89523,0.66828,2.42972,0.89029,0.57529,2.41351,0.83886,0.64116,2.6372,1.00714,0.54856,2.35343,0.84888,0.58032,2.45923,0.93069,0.65577,2.61452
462,1.03459,0.68107,2.48279,0.86698,0.65774,2.39057,0.79634,0.53304,2.3633,0.79598,0.64734,2.76637,0.99068,0.52409,2.37669,0.75059,0.5216,2.3861,0.98389,0.63408,2.89895
463,1.03194,0.66803,2.46209,0.88022,0.66337,2.39828,0.83272,0.5743,2.38043,0.8304,0.63497,2.63387,0.97773,0.54213,2.33072,0.79393,0.56219,2.42172,0.89561,0.63245,2.6238
464,1.01343,0.69578,2.46797,0.86626,0.68668,2.42905,0.83737,0.62052,2.38623,0.80902,0.66332,2.63488,0.90298,0.6217,2.40975,0.77625,0.64325,2.3892,0.93058,0.68382,2.52543
465,1.02031,0.66485,2.48553,0.903,0.67502,2.41542,0.84918,0.54408,2.41599,0.81415,0.62568,2.61945,0.91668,0.52762,2.38885,0.81924,0.52533,2.42134,0.94639,0.5521,2.45661
466,1.03794,0.69091,2.46559,0.84741,0.68333,2.45819,0.8065,0.59027,2.41718,0.72273,0.65889,2.72009,0.94486,0.58151,2.41083,0.71401,0.58494,2.45905,0.72619,0.75391,2.52618
467,1.06505,0.63916,2.46915,0.92859,0.66033,2.35469,0.8515,0.56418,2.32576,0.86794,0.61575,2.53132,0.9822,0.55093,2.31373,0.84594,0.55792,2.41882,0.8601,0.66284,2.72708
468,1.01073,0.66699,2.45745,0.80497,0.67156,2.37292,0.73794,0.59377,2.35561,0.71603,0.66293,2.66988,0.92686,0.59974,2.33647,0.70577,0.58435,2.40309,0.86221,0.61313,2.42874
469,1.06392,0.69259,2.46136,0.9231,0.69123,2.39335,0.87175,0.60635,2.37506,0.85527,0.67634,2.63275,0.98368,0.62438,2.40461,0.84494,0.60411,2.40393,1.11342,0.67301,2.67001
470,1.01533,0.65986,2.46299,0.91143,0.66304,2.38912,0.83336,0.52117,2.39724,0.7793,0.61417,2.59075,0.93689,0.51898,2.39789,0.75767,0.52851,2.4211,0.87658,0.56387,2.57782
471,1.04299,0.67526,2.47348,0.84895,0.6643,2.41437,0.83193,0.55634,2.36411,0.77813,0.64524,2.64182,0.95274,0.55776,2.39618,0.77857,0.55129,2.4173,0.91785,0.59464,2.56854
472,0.98265,0.67544,2.46237,0.80718,0.6542,2.38858,0.76571,0.62312,2.35261,0.76152,0.66434,2.64368,0.89876,0.62665,2.33806,0.71668,0.61696,2.40361,0.78768,0.69524,2.47675
473,1.01457,0.6465,2.46534,0.92006,0.67864,2.3991,0.85731,0.55758,2.36365,0.84631,0.6315,2.46452,0.95129,0.56973,2.39181,0.80018,0.56061,2.43016,0.85626,0.746,2.51522
474,0.98357,0.68046,2.4465,0.80028,0.66257,2.41067,0.75401,0.55097,2.39641,0.74864,0.62812,2.52805,0.89164,0.54555,2.41154,0.7615,0.55721,2.4282,0.90353,0.66989,2.63741
475,1.00473,0.66593,2.47958,0.84008,0.65838,2.43877,0.80769,0.49684,2.45442,0.79762,0.63375,2.75214,0.92468,0.50026,2.40034,0.79839,0.51458,2.42662,0.83299,0.57451,2.70918
476,1.06935,0.67554,2.45247,0.9649,0.658,2.44954,0.88578,0.51993,2.41751,0.87196,0.63598,2.74024,0.99766,0.50938,2.46305,0.82114,0.47408,2.45555,0.91456,0.54799,2.62696
477,0.96607,0.64675,2.47591,0.84823,0.67125,2.39973,0.81136,0.50279,2.36535,0.76178,0.60851,2.55729,0.88524,0.49572,2.37557,0.75286,0.5205,2.43888,0.86266,0.53918,2.58408
478,1.0183,0.6904,2.41848,0.85917,0.66816,2.37105,0.78451,0.53563,2.35105,0.78964,0.64289,2.5577,0.94742,0.53963,2.30947,0.77201,0.52929,2.38122,0.81194,0.6496,2.57192
479,1.02162,0.66651,2.4631,0.81072,0.67254,2.43681,0.71732,0.55145,2.39369,0.7085,0.63477,2.64503,0.92899,0.56765,2.38963,0.716,0.55666,2.45341,0.89333,0.53969,2.62824
480,1.0242,0.66447,2.45997,0.84236,0.67441,2.29135,0.77432,0.55835,2.23607,0.70754,0.65475,2.69954,0.94049,0.53069,2.25024,0.67907,0.53972,2.34139,0.6681,0.57862,2.48136
481,1.0243,0.67556,2.47876,0.82044,0.69994,2.41269,0.76442,0.60636,2.39694,0.75085,0.64786,2.58593,0.89883,0.62345,2.39502,0.72729,0.63297,2.46456,0.76807,0.67314,2.77501
482,0.9994,0.65964,2.45638,0.79599,0.67906,2.40518,0.73508,0.63188,2.34761,0.7071,0.66561,2.54817,0.90576,0.65155,2.35102,0.67064,0.64407,2.41652,0.79093,0.76813,2.53111
483,0.99969,0.64941,2.46639,0.85572,0.65369,2.45205,0.83293,0.54333,2.41905,0.81213,0.62589,2.63683,0.9498,0.52622,2.40929,0.78609,0.52424,2.43202,0.85739,0.55828,2.62075
484,1.05929,0.67649,2.46817,0.93032,0.65318,2.42383,0.84911,0.58926,2.38311,0.83198,0.62753,2.61488,0.97205,0.59004,2.37131,0.75776,0.61513,2.446,0.94084,0.65621,2.5975
485,0.99372,0.67035,2.44552,0.81471,0.67074,2.3971,0.78145,0.60671,2.38505,0.78019,0.63723,2.70618,0.88152,0.57222,2.35071,0.7383,0.594,2.43682,0.77694,0.75866,2.55115
486,1.01955,0.66692,2.45729,0.81216,0.66447,2.39907,0.7751,0.52951,2.37806,0.76241,0.63197,2.51269,0.9631,0.53472,2.35227,0.73583,0.57738,2.45948,0.84538,0.65105,2.55277
487,0.98671,0.68111,2.46465,0.7526,0.68695,2.41893,0.75321,0.60302,2.3851,0.745,0.67453,2.57292,0.92968,0.55256,2.38922,0.71653,0.5942,2.48073,0.83005,0.69525,2.57804
488,1.00292,0.66705,2.46464,0.81895,0.67771,2.36339,0.78327,0.57701,2.29698,0.75597,0.63795,2.55958,0.94069,0.58146,2.29984,0.75615,0.61231,2.36321,0.85091,0.72779,2.55178
489,1.04596,0.66504,2.46225,0.89406,0.66203,2.42867,0.83759,0.55333,2.35895,0.81084,0.64458,2.60381,1.00296,0.56525,2.34591,0.80195,0.5439,2.41839,0.85279,0.65697,2.58067
490,1.00981,0.67426,2.48183,0.89441,0.66749,2.45065,0.82425,0.5805,2.42862,0.7934,0.62882,2.59425,0.95573,0.58353,2.42372,0.78826,0.62796,2.47549,0.92218,0.61813,2.67159
491,1.04358,0.68679,2.50097,0.80572,0.67651,2.45989,0.77218,0.58097,2.43578,0.77196,0.65062,2.568,0.94416,0.55691,2.41308,0.75036,0.57493,2.47975,0.8385,0.63156,2.77924
492,0.97388,0.65875,2.49028,0.79504,0.64256,2.41123,0.78087,0.50568,2.36289,0.76878,0.61653,2.64478,0.92009,0.50629,2.38275,0.67104,0.54089,2.40592,0.70356,0.55688,2.49375
493,1.02384,0.65973,2.46144,0.8426,0.65058,2.40878,0.80612,0.49748,2.35783,0.79748,0.61399,2.61834,0.96306,0.46482,2.33848,0.74928,0.48984,2.38318,0.77277,0.56316,2.60477
494,1.02754,0.67983,2.48557,0.80579,0.69839,2.44247,0.72295,0.62517,2.36895,0.74542,0.66008,2.51744,0.89767,0.60481,2.40905,0.67322,0.59538,2.46376,0.69176,0.75188,2.66976
495,1.04242,0.68005,2.46584,0.84568,0.65612,2.3856,0.75801,0.52023,2.34375,0.74212,0.61976,2.61745,0.91144,0.51467,2.34021,0.70566,0.50965,2.39808,0.87076,0.59116,2.61947
496,0.99766,0.68818,2.44264,0.79777,0.68858,2.40507,0.79937,0.65096,2.36611,0.76452,0.67509,2.53301,0.931,0.64369,2.42018,0.76305,0.63978,2.45507,0.7973,0.75876,2.77555
497,0.97713,0.65335,2.46785,0.79817,0.65284,2.38909,0.76122,0.54138,2.35029,0.74314,0.63456,2.61622,0.87964,0.53845,2.37115,0.73113,0.54501,2.4339,0.7659,0.69668,2.78485
498,1.00392,0.67885,2.46098,0.82086,0.67312,2.43134,0.81422,0.57868,2.42135,0.7842,0.66137,2.50653,0.93073,0.58373,2.41039,0.75386,0.58508,2.4763,0.84385,0.65797,2.55084
499,1.0136,0.6851,2.4918,0.88373,0.70326,2.46253,0.78969,0.56738,2.46379,0.76866,0.64315,2.6311,0.95008,0.54316,2.47237,0.79784,0.56531,2.51897,0.89091,0.6307,2.69614
500,0.97719,0.66726,2.4614,0.79045,0.66556,2.42111,0.76639,0.58532,2.38285,0.74154,0.63664,2.69274,0.89298,0.56849,2.36724,0.6448,0.52492,2.38337,0.72912,0.647,2.72224
501,0.9928,0.65952,2.43511,0.79308,0.67503,2.3633,0.73005,0.51199,2.34137,0.7285,0.63482,2.58334,0.85718,0.52773,2.3588,0.68483,0.54307,2.37781,0.80445,0.62548,2.50222
502,1.00654,0.66758,2.4835,0.80116,0.71227,2.43253,0.79307,0.62709,2.39296,0.7511,0.64571,2.52866,0.88227,0.57981,2.37308,0.74553,0.61302,2.44214,0.77845,0.64738,2.7229
503,1.00672,0.68445,2.43244,0.83591,0.6675,2.37989,0.78132,0.58301,2.35162,0.74782,0.63943,2.64367,0.95809,0.55145,2.37638,0.73638,0.54263,2.4051,0.80504,0.70667,2.63784
504,1.05476,0.69459,2.44671,0.8017,0.67534,2.41934,0.73486,0.59468,2.3762,0.71452,0.65298,2.55438,0.9304,0.58173,2.37477,0.67865,0.56792,2.3983,0.76375,0.62877,2.58942
505,0.98863,0.67717,2.478,0.82484,0.65489,2.46449,0.76035,0.52294,2.4186,0.72354,0.62281,2.7362,0.87163,0.52361,2.40679,0.67679,0.55923,2.42021,0.79136,0.58354,2.54747
506,0.99533,0.68932,2.49747,0.83326,0.6751,2.45876,0.77476,0.59451,2.43304,0.80155,0.66925,2.6575,0.96433,0.58136,2.43276,0.75981,0.58876,2.47965,0.83932,0.61062,2.54848
507,0.99594,0.6727,2.46331,0.79347,0.66728,2.4176,0.74672,0.57601,2.39679,0.75228,0.6472,2.69842,0.88837,0.58042,2.38619,0.78642,0.5452,2.44965,0.8382,0.61225,2.64063
508,1.01279,0.65204,2.50077,0.84916,0.66199,2.452,0.84086,0.54763,2.42994,0.78219,0.6246,2.59943,0.98522,0.54302,2.36691,0.7971,0.54391,2.43092,0.85667,0.56364,2.62407
509,1.00494,0.69763,2.46975,0.84653,0.70531,2.4272,0.80661,0.66232,2.40486,0.78802,0.69104,2.57267,0.93498,0.65865,2.4185,0.79253,0.64597,2.44482,0.80148,0.73087,2.52936
510,0.97774,0.66739,2.47002,0.81459,0.70733,2.40666,0.81662,0.64455,2.33204,0.76333,0.66565,2.61623,0.90976,0.64093,2.36054,0.74859,0.63242,2.4406,0.79574,0.68412,2.59806
511,1.00848,0.70152,2.4754,0.86973,0.67776,2.4097,0.84071,0.59168,2.40018,0.81255,0.65808,2.53036,0.93145,0.53434,2.32567,0.78436,0.55525,2.42497,0.85782,0.68331,2.66709
512,1.02196,0.64961,2.48533,0.84334,0.6721,2.44667,0.79415,0.59645,2.44983,0.74579,0.64443,2.66919,0.9412,0.58004,2.42371,0.76456,0.56225,2.48522,0.81479,0.66476,2.57211
513,1.03014,0.66236,2.49136,0.89702,0.70015,2.46742,0.85875,0.58998,2.41752,0.82276,0.65842,2.58613,0.97767,0.59422,2.43403,0.79997,0.56596,2.4804,0.91268,0.63542,2.73225
514,1.0562,0.68881,2.46207,0.88838,0.68847,2.37852,0.87059,0.59192,2.37676,0.86956,0.66378,2.43102,0.96234,0.5739,2.37917,0.82672,0.54856,2.4163,0.83528,0.55533,2.61923
515,1.01983,0.67109,2.4681,0.8443,0.68152,2.44205,0.81051,0.59187,2.39101,0.80078,0.63882,2.61532,0.95629,0.59042,2.35923,0.83926,0.58823,2.40762,0.91869,0.68088,2.54448
516,0.99534,0.66964,2.45355,0.85039,0.66422,2.3875,0.8177,0.55755,2.33663,0.77441,0.63782,2.59561,0.95613,0.56387,2.34053,0.75994,0.52571,2.42702,0.78823,0.68782,2.70224
517,1.02157,0.66188,2.46651,0.7764,0.65523,2.45879,0.75117,0.56322,2.38005,0.71639,0.63575,2.55311,0.88231,0.53492,2.3875,0.65437,0.53292,2.41327,0.72352,0.58218,2.553
518,1.01927,0.66581,2.44591,0.81213,0.65853,2.35721,0.74037,0.50921,2.27499,0.69003,0.62989,2.58845,0.89183,0.48226,2.2734,0.67553,0.47794,2.35343,0.82387,0.57648,2.46209
519,1.03035,0.67544,2.47168,0.91177,0.64553,2.38725,0.88902,0.56238,2.36815,0.87304,0.62369,2.72349,0.99475,0.58347,2.39455,0.89685,0.55288,2.43523,0.87518,0.67772,2.76965
520,1.04245,0.67907,2.47407,0.84358,0.65343,2.39106,0.77071,0.59984,2.3707,0.7653,0.63802,2.67569,0.93469,0.59283,2.35275,0.75319,0.6141,2.41346,0.82818,0.74575,2.55504
521,0.98229,0.67148,2.47154,0.77873,0.66384,2.42054,0.74619,0.58557,2.41455,0.69018,0.63967,2.55462,0.90386,0.54502,2.39629,0.67403,0.56155,2.44178,0.84217,0.6106,2.62917
522,1.01567,0.67302,2.46341,0.83155,0.67016,2.4034,0.78729,0.52874,2.36029,0.77248,0.63319,2.68732,0.91762,0.54133,2.33909,0.78874,0.55409,2.42554,0.86168,0.71112,2.55021
523,1.02523,0.68848,2.46416,0.84313,0.67574,2.36896,0.73205,0.67608,2.32662,0.725,0.65951,2.58787,0.91876,0.64424,2.34159,0.68534,0.61426,2.41524,0.7232,0.74926,2.68802
524,1.07092,0.66732,2.47463,0.97137,0.66324,2.40468,0.94463,0.5629,2.43121,0.97216,0.65903,2.83376,0.98929,0.57122,2.41732,0.97553,0.55214,2.40822,0.93488,0.60176,2.72935
525,0.99025,0.66863,2.48355,0.785,0.66473,2.41744,0.73791,0.58536,2.36095,0.73995,0.64206,2.91532,0.9335,0.60347,2.38974,0.69647,0.57425,2.438,0.80624,0.67553,2.6604
526,1.01348,0.6616,2.47576,0.80899,0.67192,2.42521,0.73882,0.52975,2.39906,0.73882,0.63473,2.77367,0.96955,0.55611,2.40024,0.70321,0.50123,2.41169,0.80209,0.5219,2.6368
527,0.98978,0.69348,2.49242,0.82345,0.65205,2.43843,0.76182,0.55856,2.41518,0.74541,0.66124,2.78819,0.88655,0.56868,2.40749,0.74849,0.56574,2.47498,0.75043,0.68394,2.58045
528,1.00595,0.65443,2.44838,0.85382,0.66253,2.40122,0.76275,0.58983,2.39429,0.73842,0.63081,2.72108,0.91502,0.594,2.38083,0.77602,0.55977,2.4182,0.81481,0.60248,2.53622
529,0.9534,0.67288,2.46568,0.76184,0.66563,2.39745,0.71838,0.56559,2.34785,0.74041,0.64715,2.82616,0.83319,0.53862,2.31492,0.69953,0.5091,2.38332,0.8403,0.66729,2.65938
530,0.98069,0.67531,2.45085,0.80575,0.64985,2.39093,0.82723,0.56524,2.36839,0.79403,0.63514,2.70184,0.92199,0.55471,2.35019,0.77131,0.52625,2.40091,0.87945,0.56273,2.76041
531,1.03891,0.67752,2.47784,0.84634,0.6737,2.43077,0.83151,0.63875,2.42695,0.78433,0.6584,2.78875,0.94979,0.63417,2.39771,0.75149,0.63813,2.44354,0.77394,0.62737,2.62562
532,0.98483,0.68457,2.47658,0.83501,0.65174,2.45876,0.76153,0.56101,2.40464,0.81833,0.63968,2.6611,0.95315,0.53405,2.3974,0.81365,0.56942,2.4495,0.88609,0.66368,2.56535
533,1.03213,0.65871,2.46957,0.86765,0.67233,2.41455,0.83122,0.58359,2.36761,0.81818,0.63097,2.63831,0.94346,0.57619,2.38441,0.79649,0.55547,2.47354,1.00707,0.5657,2.55731
534,1.03218,0.68999,2.44287,0.97128,0.68116,2.43412,0.8731,0.62147,2.42972,0.8613,0.66179,2.52876,0.99672,0.58046,2.39716,0.86234,0.6012,2.44385,0.88718,0.66799,2.67633
535,0.99342,0.68088,2.45923,0.80851,0.67027,2.3955,0.77166,0.5987,2.35233,0.72987,0.63917,2.62723,0.85764,0.60229,2.33272,0.70392,0.61676,2.42066,0.78318,0.60554,2.58335
536,0.99564,0.70116,2.4424,0.85061,0.67005,2.40323,0.78769,0.64229,2.37669,0.81145,0.67013,2.69544,0.95084,0.63544,2.39952,0.75468,0.64427,2.38759,0.99765,0.69837,2.41883
537,0.9762,0.69021,2.48125,0.81463,0.69016,2.38079,0.77087,0.57882,2.36083,0.75309,0.64381,2.56462,0.89346,0.58025,2.36671,0.71833,0.56866,2.38564,0.83595,0.62352,2.57902
538,1.0115,0.63514,2.47146,0.81514,0.65159,2.47909,0.7413,0.58544,2.45859,0.74771,0.62891,2.52079,0.89969,0.54455,2.44584,0.70196,0.53677,2.46258,0.80065,0.5863,2.69523
539,1.04704,0.67918,2.4569,0.83496,0.6833,2.342,0.7627,0.56445,2.30938,0.73481,0.63495,2.5368,0.90672,0.55076,2.2912,0.70707,0.56376,2.35899,0.81945,0.57172,2.4453
540,1.02668,0.66862,2.46185,0.86355,0.6543,2.3911,0.72455,0.56335,2.35418,0.74003,0.63321,2.62398,0.91219,0.54432,2.37913,0.72116,0.57461,2.38197,0.83275,0.57372,2.71538
541,0.97463,0.67231,2.46077,0.8458,0.69368,2.42163,0.78095,0.55015,2.39746,0.75131,0.64738,2.68174,0.89331,0.53881,2.39499,0.77846,0.54872,2.41856,0.91934,0.66616,2.70511
542,1.00615,0.67996,2.43664,0.77669,0.67262,2.35443,0.74676,0.56631,2.3264,0.70868,0.63556,2.57568,0.92299,0.55032,2.29164,0.68087,0.56206,2.36772,0.77359,0.5959,2.56625
543,1.02058,0.66236,2.46904,0.89219,0.67172,2.37415,0.87922,0.57091,2.36874,0.84785,0.64145,2.69331,1.00656,0.5611,2.32393,0.85009,0.56011,2.4235,0.84918,0.61236,2.57773
544,0.98785,0.66135,2.48598,0.78843,0.63935,2.44188,0.75429,0.56114,2.37968,0.73511,0.62328,2.72429,0.93033,0.55839,2.38631,0.68013,0.59846,2.4006,0.76441,0.56562,2.58037
545,0.98555,0.68678,2.42292,0.81701,0.71389,2.34657,0.76633,0.61006,2.31098,0.78484,0.65276,2.5345,0.92377,0.61175,2.32666,0.72843,0.58929,2.33353,0.76869,0.64739,2.59163
546,1.06704,0.67927,2.46944,0.92549,0.66203,2.4396,0.89502,0.61019,2.36244,0.82403,0.66145,2.53633,0.99012,0.6226,2.37693,0.78612,0.63141,2.39841,0.85266,0.78416,2.58402
547,0.97997,0.66777,2.45282,0.83064,0.68038,2.37905,0.86165,0.52496,2.32441,0.78749,0.63171,2.53863,0.91908,0.56167,2.33372,0.76837,0.55368,2.38808,0.81771,0.61205,2.55484
548,1.02377,0.67875,2.45031,0.8712,0.68124,2.37043,0.85463,0.57953,2.3341,0.81888,0.65497,2.5805,0.90454,0.57041,2.30659,0.76889,0.59379,2.38387,0.94151,0.60975,2.57663
549,0.98437,0.68574,2.48119,0.84787,0.69186,2.37639,0.81436,0.60367,2.38744,0.79233,0.6412,2.54835,0.91733,0.60203,2.3795,0.75226,0.62018,2.4114,0.75263,0.64666,2.49717
550,1.01669,0.70036,2.46924,0.89571,0.69591,2.38192,0.81311,0.66754,2.35806,0.76833,0.66282,2.5489,0.94025,0.63174,2.35467,0.79715,0.6043,2.4445,0.81677,0.685,2.63284
551,1.00469,0.66022,2.44517,0.80845,0.65282,2.35875,0.7457,0.57504,2.30311,0.7306,0.64524,2.62473,0.90743,0.55167,2.32881,0.67513,0.55683,2.34988,0.7938,0.60138,2.56601
552,1.01941,0.67187,2.48894,0.82305,0.69647,2.444,0.79685,0.59334,2.43988,0.78156,0.66166,2.69828,0.91986,0.62741,2.44083,0.80329,0.63238,2.47228,0.81519,0.62543,2.81371
553,0.98439,0.67075,2.44815,0.82573,0.67294,2.37068,0.78496,0.61156,2.30019,0.76849,0.62823,2.48622,0.87855,0.5559,2.29805,0.76316,0.5746,2.37123,0.90382,0.61354,2.65321
554,1.02296,0.67495,2.48162,0.84742,0.68689,2.39473,0.77456,0.55216,2.36541,0.78499,0.63952,2.58683,0.91177,0.52652,2.35929,0.71154,0.51273,2.45429,0.75259,0.59378,2.68453
555,1.04405,0.66526,2.43776,0.87654,0.66953,2.3739,0.83858,0.57209,2.36083,0.80894,0.65589,2.60433,0.92812,0.56191,2.35093,0.81318,0.54297,2.28477,0.88612,0.58269,2.44004
556,1.01855,0.66054,2.48522,0.82648,0.65604,2.48076,0.70961,0.5592,2.46711,0.69615,0.63747,2.83008,0.89701,0.53915,2.42187,0.67845,0.54194,2.47975,0.83664,0.60952,2.79088
557,0.99044,0.68424,2.48655,0.79062,0.66012,2.43102,0.76915,0.55675,2.3924,0.78268,0.65052,2.58492,0.8657,0.5621,2.41535,0.73905,0.58346,2.4828,0.76802,0.68307,2.79757
558,0.9919,0.67,2.47912,0.81621,0.67664,2.44145,0.75003,0.56505,2.39795,0.73231,0.63245,2.57884,0.90496,0.57074,2.4024,0.7301,0.59418,2.45406,0.7597,0.61024,2.6893
559,1.02158,0.6648,2.47784,0.85538,0.6475,2.39173,0.81073,0.51863,2.38525,0.78615,0.61274,2.68913,0.95447,0.51535,2.38672,0.76968,0.49451,2.42299,0.77833,0.5474,2.61908
560,1.05989,0.67798,2.46239,0.90431,0.66977,2.3951,0.79122,0.5896,2.37811,0.77708,0.64529,2.58471,0.88998,0.56842,2.34751,0.71405,0.58934,2.44592,0.80386,0.59172,2.69936
561,0.98053,0.68814,2.45533,0.83425,0.66755,2.39002,0.72207,0.65401,2.36374,0.72592,0.652,2.5935,0.90604,0.6249,2.35384,0.71064,0.63642,2.37441,0.78719,0.72947,2.5635
562,1.03264,0.65216,2.45812,0.92537,0.67373,2.40487,0.86631,0.54524,2.3871,0.84466,0.6316,2.6578,0.98677,0.54751,2.41395,0.82881,0.57067,2.45768,0.94364,0.67802,2.73568
563,0.99471,0.69699,2.46012,0.85849,0.68194,2.39721,0.82582,0.61245,2.36852,0.82408,0.64321,2.56,0.94977,0.57168,2.38264,0.80063,0.59159,2.4396,0.78888,0.61128,2.70483
564,1.00961,0.66007,2.47022,0.8141,0.66706,2.43401,0.78082,0.58429,2.40559,0.72676,0.62781,2.61283,0.91509,0.55483,2.39085,0.68882,0.56605,2.45922,0.83604,0.62109,2.54351
565,1.05101,0.678,2.47396,0.89663,0.63461,2.3947,0.81272,0.55731,2.33369,0.78786,0.6353,2.70351,0.92912,0.58595,2.36577,0.77125,0.58305,2.40406,0.73881,0.68161,2.59481
566,1.01073,0.6567,2.4679,0.78746,0.66904,2.4333,0.76586,0.54937,2.38334,0.78633,0.61301,2.69144,0.91353,0.5231,2.37498,0.73161,0.54351,2.45993,0.83852,0.60213,2.61111
567,1.02153,0.66501,2.50083,0.87929,0.65105,2.45343,0.86944,0.58409,2.33597,0.82685,0.64082,2.52815,0.9584,0.59017,2.38845,0.80247,0.61478,2.46499,0.8512,0.69362,2.60175
568,1.04669,0.66544,2.48324,0.92349,0.66272,2.41536,0.87483,0.54392,2.38129,0.84756,0.63629,2.6065,0.98153,0.52602,2.3589,0.81776,0.56322,2.41552,0.80217,0.61128,2.55365
569,1.0533,0.66949,2.46625,0.85308,0.67803,2.39586,0.74924,0.63438,2.38429,0.75626,0.65212,2.72805,0.91468,0.61809,2.39133,0.77366,0.61274,2.426,0.82706,0.72834,2.53584
570,1.0209,0.67478,2.47072,0.80755,0.67381,2.43663,0.76548,0.55583,2.39165,0.75601,0.64265,2.59026,0.90723,0.57667,2.4051,0.71265,0.54756,2.47446,0.79733,0.53761,2.78008
571,0.97217,0.66429,2.46015,0.86411,0.64432,2.40903,0.81181,0.58387,2.35874,0.78528,0.62738,2.52128,0.9091,0.54162,2.39906,0.75244,0.57511,2.41002,0.86466,0.68276,2.66662
572,0.98509,0.68,2.48734,0.85287,0.65454,2.39616,0.8377,0.55867,2.3555,0.79714,0.64981,2.64598,0.90888,0.56566,2.32751,0.76133,0.54837,2.38982,0.75071,0.72258,2.49659
573,1.02887,0.63215,2.47744,0.95965,0.67088,2.38979,0.86057,0.54677,2.39195,0.84177,0.60802,2.71832,0.95467,0.53042,2.36271,0.866,0.51534,2.41546,0.95659,0.58113,2.61066
574,0.99519,0.65439,2.4723,0.80947,0.63779,2.41811,0.76107,0.57319,2.40666,0.73843,0.62993,2.59738,0.84857,0.55938,2.40384,0.69809,0.57673,2.45155,0.74959,0.55609,2.50129
575,0.9943,0.6717,2.4848,0.81415,0.6594,2.43823,0.74918,0.55673,2.3888,0.71639,0.64434,2.56702,0.88688,0.55111,2.41686,0.70414,0.51323,2.44192,0.8059,0.59212,2.61731
576,1.07497,0.682,2.47555,0.91374,0.67883,2.47059,0.87404,0.61398,2.42,0.85695,0.65086,2.45921,0.92782,0.57672,2.43754,0.87845,0.58351,2.49942,0.94545,0.63051,2.6528
577,1.0263,0.6938,2.45469,0.87847,0.66612,2.36714,0.81962,0.57945,2.30978,0.81907,0.64373,2.50062,0.94709,0.57514,2.29596,0.7823,0.5443,2.38775,0.85274,0.5451,2.47747
578,1.03046,0.69434,2.47001,0.86448,0.71273,2.44758,0.75061,0.58377,2.40013,0.72908,0.65265,2.54547,0.87597,0.58127,2.37475,0.69351,0.59039,2.47413,0.71699,0.63379,2.63645
579,1.01203,0.66071,2.46304,0.86506,0.65813,2.41033,0.80272,0.52353,2.36785,0.80469,0.6262,2.56556,0.9498,0.50155,2.39108,0.81873,0.49673,2.43393,0.84406,0.56556,2.57587
580,0.99787,0.67384,2.47844,0.84975,0.71388,2.38033,0.77563,0.6013,2.34821,0.7701,0.66419,2.56173,0.90226,0.57903,2.33869,0.74744,0.58899,2.41393,0.81129,0.69009,2.69811
581,0.95949,0.6765,2.44089,0.89716,0.68481,2.39733,0.83663,0.64979,2.34108,0.81809,0.66935,2.52516,0.91225,0.65508,2.34332,0.84407,0.61429,2.40156,0.88701,0.74771,2.57538
582,1.00299,0.65141,2.47397,0.81556,0.65724,2.42617,0.78292,0.54919,2.41597,0.77983,0.61901,2.63199,0.91113,0.51344,2.4115,0.75604,0.52991,2.42768,0.80291,0.54089,2.67594
583,1.02869,0.68038,2.47752,0.83372,0.64813,2.42873,0.78086,0.58511,2.37013,0.76195,0.65585,2.67294,0.94982,0.57572,2.35778,0.80299,0.56773,2.40292,0.84306,0.62866,2.64858
584,0.98889,0.65907,2.4743,0.78857,0.67683,2.41948,0.69091,0.55983,2.34839,0.72473,0.62213,2.62953,0.87256,0.51916,2.3849,0.6697,0.50779,2.42561,0.83102,0.56997,2.66459
585,1.04319,0.69093,2.48031,0.90681,0.66401,2.44281,0.85056,0.57317,2.44727,0.82521,0.65567,2.67517,0.92794,0.57694,2.44389,0.81746,0.56065,2.47347,0.93383,0.59385,2.53976
586,1.02145,0.66293,2.47009,0.81319,0.64921,2.37577,0.69389,0.55816,2.32732,0.71456,0.61546,2.58491,0.88661,0.54004,2.33054,0.66268,0.5569,2.36319,0.7339,0.64363,2.60226
587,0.96289,0.67658,2.48022,0.83839,0.6565,2.43232,0.77062,0.5293,2.38735,0.75798,0.62553,2.73747,0.9058,0.54055,2.39882,0.71583,0.52083,2.45376,0.77914,0.54668,2.6511
588,1.02653,0.66299,2.44094,0.85708,0.67238,2.40248,0.81019,0.55296,2.36463,0.81513,0.64564,2.57136,0.91986,0.54896,2.38552,0.75799,0.55179,2.41276,0.78334,0.5125,2.6728
589,0.98735,0.68083,2.4716,0.82868,0.66499,2.4226,0.81427,0.54279,2.41065,0.81745,0.61519,2.67203,0.88149,0.52473,2.42376,0.83805,0.50435,2.4827,0.83077,0.50424,2.57752
590,0.96028,0.63802,2.46837,0.84116,0.66768,2.3816,0.78507,0.58584,2.34058,0.79007,0.63427,2.57307,0.90119,0.58516,2.35388,0.73289,0.59338,2.37337,0.84209,0.61578,2.59163
591,1.02966,0.66647,2.46513,0.83882,0.65689,2.41934,0.78062,0.53662,2.34791,0.78853,0.61891,2.63414,0.92449,0.53211,2.34058,0.7771,0.5175,2.39887,0.85738,0.54329,2.61098
592,1.02079,0.65775,2.48585,0.8534,0.66891,2.4167,0.82598,0.56035,2.39711,0.82175,0.62669,2.66821,0.96878,0.55149,2.38102,0.79556,0.53155,2.43954,0.83454,0.6092,2.94471
593,0.98643,0.69865,2.47215,0.78231,0.68472,2.34117,0.73029,0.58628,2.30926,0.69785,0.65853,2.59769,0.88505,0.6087,2.33114,0.67428,0.59381,2.36551,0.69722,0.64938,2.60218
594,1.06201,0.70879,2.47765,0.88766,0.68164,2.39798,0.87467,0.57921,2.33612,0.82567,0.67435,2.67038,0.95393,0.59076,2.33016,0.81045,0.60624,2.40036,0.79301,0.59187,2.52071
595,0.98554,0.67911,2.47895,0.78407,0.67097,2.45569,0.71811,0.60652,2.43867,0.70862,0.63733,2.85557,0.87345,0.57239,2.44156,0.67982,0.56554,2.48412,0.72367,0.63972,2.61317
596,1.07444,0.65837,2.48,0.91911,0.67071,2.47608,0.80782,0.55907,2.44035,0.75464,0.63393,2.67574,0.94453,0.54058,2.43248,0.73973,0.53914,2.46501,0.78444,0.60423,2.81028
597,0.97625,0.67861,2.43423,0.81283,0.6819,2.39594,0.77062,0.61519,2.30165,0.7268,0.63865,2.63867,0.8867,0.57525,2.31326,0.73163,0.5506,2.40458,0.89956,0.60547,2.50436
598,0.97943,0.66105,2.47189,0.81773,0.67558,2.42706,0.72528,0.62771,2.41719,0.72167,0.64915,2.72429,0.89127,0.56153,2.39021,0.69689,0.60749,2.43086,0.77923,0.67572,2.58345
599,1.02886,0.68,2.47733,0.8159,0.63764,2.42814,0.79639,0.60193,2.39234,0.77958,0.63403,2.71509,0.94643,0.61398,2.35317,0.783,0.61824,2.41661,0.85585,0.64041,2.55754
600,0.99832,0.65978,2.45294,0.85084,0.66527,2.4124,0.81394,0.55164,2.36464,0.77386,0.63643,2.58002,0.86323,0.5576,2.37239,0.78139,0.53967,2.38291,0.89697,0.58829,2.58381
601,1.03292,0.67637,2.46595,0.85636,0.67336,2.37877,0.84359,0.6495,2.30863,0.84139,0.65703,2.65154,0.92534,0.59738,2.31715,0.8192,0.60393,2.37903,0.91916,0.72089,2.49019
602,1.02066,0.69265,2.45578,0.81296,0.69388,2.38487,0.75616,0.58811,2.39948,0.73463,0.64872,2.5823,0.90055,0.59505,2.37394,0.70425,0.62961,2.43522,0.69977,0.67653,2.47081
603,1.03101,0.67796,2.45313,0.80632,0.67351,2.40171,0.73828,0.60711,2.35651,0.71286,0.65526,2.57759,0.90392,0.57553,2.34242,0.70771,0.57783,2.41354,0.73437,0.63733,2.5068
604,0.98463,0.68024,2.45661,0.77687,0.66609,2.37627,0.75262,0.57208,2.33671,0.71337,0.61803,2.54899,0.89413,0.57907,2.35442,0.69049,0.54359,2.40155,0.76824,0.66029,2.65256
605,1.03632,0.68186,2.48585,0.82738,0.67314,2.4378,0.72177,0.557,2.37027,0.6901,0.65516,2.75155,0.85972,0.56522,2.3782,0.6972,0.54087,2.42827,0.74584,0.61414,2.59695
606,1.04646,0.6586,2.4412,0.94305,0.65088,2.39257,0.8307,0.50643,2.30511,0.84122,0.59882,2.68515,0.97049,0.4876,2.32202,0.8293,0.49796,2.34508,0.88786,0.5199,2.44789
607,1.03325,0.67746,2.48206,0.79743,0.65702,2.465,0.73871,0.54021,2.41875,0.73259,0.64191,2.58626,0.89084,0.53451,2.47003,0.71005,0.51787,2.48745,0.81941,0.61008,2.62732
608,0.9434,0.64364,2.45589,0.77024,0.66013,2.42287,0.68523,0.54705,2.35566,0.67112,0.62078,2.56284,0.82619,0.52767,2.38374,0.6679,0.54196,2.45693,0.71895,0.58641,2.63119
609,1.05185,0.6599,2.44887,0.82464,0.6614,2.43946,0.76777,0.60741,2.36275,0.75535,0.62289,2.71865,0.89366,0.56847,2.39712,0.78647,0.53405,2.4363,0.79791,0.59149,2.58397
610,0.9311,0.62797,2.48437,0.73426,0.64992,2.47984,0.69671,0.57612,2.47776,0.67139,0.60851,2.69194,0.83235,0.54451,2.48594,0.65169,0.54775,2.51935,0.743,0.62349,2.61484
611,1.02152,0.66483,2.46659,0.85716,0.6816,2.39979,0.76652,0.5389,2.38119,0.79307,0.63631,2.52109,0.89994,0.50315,2.37003,0.68009,0.50378,2.45458,0.8239,0.5476,2.74701
612,1.00926,0.65386,2.47014,0.79102,0.65009,2.39552,0.74371,0.53626,2.27812,0.74029,0.62674,2.60642,0.86527,0.55405,2.36227,0.70277,0.60385,2.44884,0.75268,0.54208,2.64023
613,1.01216,0.66095,2.49673,0.84483,0.66302,2.47249,0.7527,0.61657,2.44608,0.77154,0.65429,2.6903,0.92609,0.5977,2.44033,0.79021,0.60405,2.50499,0.85057,0.6442,2.69446
614,0.98136,0.6679,2.47125,0.89124,0.67323,2.43379,0.84629,0.56596,2.42233,0.81546,0.62791,2.56146,0.904,0.57863,2.39851,0.82323,0.54719,2.42146,0.90656,0.56177,2.82531
615,0.95826,0.66538,2.44721,0.72059,0.6779,2.36578,0.63982,0.53074,2.33038,0.62688,0.60809,2.63102,0.81365,0.53438,2.32282,0.60461,0.56619,2.39469,0.79017,0.64103,2.53162
616,1.0106,0.6728,2.47993,0.90309,0.68574,2.4841,0.77999,0.57956,2.42244,0.79595,0.64543,2.57214,0.91793,0.59251,2.38842,0.75173,0.5673,2.45843,0.7361,0.63143,2.53522
617,1.01331,0.64592,2.46088,0.8273,0.66408,2.43277,0.74582,0.54149,2.36936,0.70878,0.6334,2.65504,0.83689,0.48839,2.40742,0.7251,0.50855,2.42715,0.87919,0.58115,2.55976
618,1.03395,0.65714,2.47458,0.8203,0.66193,2.3946,0.74599,0.52861,2.34286,0.7323,0.61915,2.58315,0.88532,0.52571,2.30987,0.68113,0.50591,2.36391,0.91957,0.51881,2.5825
619,0.98137,0.69105,2.47104,0.77428,0.66256,2.41762,0.74748,0.59424,2.38271,0.75525,0.65368,2.72617,0.90124,0.58904,2.41585,0.67851,0.61768,2.41756,0.71168,0.66554,2.56803
620,1.01017,0.67615,2.48689,0.80302,0.64882,2.44761,0.7898,0.53912,2.37193,0.76717,0.61407,2.73483,0.89418,0.51545,2.35578,0.75817,0.52327,2.43927,0.79898,0.5526,2.58439
621,0.97952,0.66899,2.46265,0.79928,0.66224,2.41749,0.75596,0.58668,2.40242,0.72855,0.63259,2.67954,0.84132,0.57217,2.38257,0.70053,0.55914,2.48524,0.82437,0.53856,2.62624
622,1.02684,0.66284,2.50022,0.92053,0.65968,2.45316,0.88856,0.59752,2.40799,0.83511,0.64475,2.70513,0.92163,0.57282,2.43012,0.82522,0.57141,2.46733,0.86623,0.65736,2.59308
623,1.00618,0.66016,2.50163,0.7853,0.66808,2.44311,0.71821,0.58845,2.39326,0.70854,0.64007,2.56748,0.8898,0.56744,2.41038,0.69734,0.56843,2.3717,0.74718,0.61727,2.4905
624,0.99045,0.64881,2.46508,0.8599,0.66532,2.40819,0.77882,0.60142,2.34937,0.75215,0.63402,2.7877,0.94766,0.61303,2.3998,0.8009,0.61434,2.44263,0.79401,0.65672,2.5966
625,1.02421,0.6941,2.47571,0.81054,0.6562,2.4006,0.75782,0.56259,2.38146,0.77027,0.64239,2.53789,0.90363,0.57231,2.34661,0.73245,0.54805,2.39974,0.87295,0.65922,2.51013
626,1.01077,0.67119,2.46505,0.84141,0.67853,2.34939,0.85464,0.6318,2.27922,0.80363,0.67266,2.5557,0.91334,0.60497,2.30492,0.8135,0.62337,2.38833,0.83655,0.68069,2.59433
627,0.99661,0.65604,2.49021,0.78439,0.63605,2.43668,0.7525,0.58308,2.41738,0.76394,0.64246,2.67283,0.91285,0.59663,2.41809,0.74584,0.57313,2.48406,0.81441,0.65672,2.60786
628,1.01052,0.67265,2.50022,0.85921,0.68314,2.42114,0.79048,0.6033,2.41928,0.7409,0.66477,2.72477,0.90804,0.61336,2.39443,0.69458,0.5984,2.45891,0.79529,0.70884,2.55775
629,1.0336,0.67173,2.49458,0.78714,0.65996,2.42137,0.72362,0.58492,2.41697,0.74915,0.63298,2.6657,0.88701,0.62043,2.34895,0.70285,0.60421,2.48029,0.80539,0.62444,2.65374
630,1.00953,0.66976,2.45277,0.83406,0.67806,2.38405,0.76558,0.59091,2.35539,0.75217,0.64753,2.65706,0.92365,0.5979,2.31877,0.73437,0.61118,2.37947,0.83079,0.71332,2.55867
631,0.9997,0.68014,2.48375,0.81638,0.68298,2.39434,0.76091,0.53488,2.3468,0.76043,0.6445,2.5578,0.8846,0.52345,2.32933,0.69896,0.5069,2.38129,0.86369,0.54806,2.46394
632,1.00999,0.63624,2.44656,0.84947,0.67269,2.42139,0.82836,0.545,2.38957,0.83037,0.6255,2.5635,0.92437,0.54457,2.37831,0.84677,0.54401,2.4171,0.93032,0.61724,2.55721
633,1.05684,0.67596,2.46191,0.85061,0.65569,2.41587,0.84145,0.58546,2.38276,0.7836,0.65121,2.53018,0.97258,0.58005,2.37541,0.77864,0.55183,2.40002,0.80694,0.61344,2.596
634,1.03581,0.71099,2.47235,0.87244,0.66546,2.40015,0.82442,0.5443,2.3236,0.76648,0.65768,2.61632,0.93115,0.55041,2.33449,0.76644,0.5342,2.41528,0.86595,0.60131,2.53702
635,1.01584,0.65227,2.49217,0.8256,0.63508,2.46996,0.82803,0.53518,2.41098,0.8394,0.61467,2.6145,0.89234,0.51931,2.37549,0.85321,0.53287,2.44351,0.85453,0.55094,2.58331
636,1.00176,0.64722,2.46648,0.85663,0.64915,2.37688,0.76758,0.55602,2.37088,0.7489,0.62259,2.52575,0.879,0.53892,2.36335,0.68864,0.51535,2.37155,0.7535,0.57627,2.55004
637,1.01337,0.683,2.48825,0.82824,0.65616,2.41092,0.77356,0.60246,2.3644,0.79569,0.64585,2.53423,0.89668,0.58883,2.39623,0.75584,0.59796,2.47656,0.84656,0.65259,2.51823
638,1.02341,0.66444,2.47944,0.84947,0.64839,2.43255,0.81128,0.55593,2.36791,0.79546,0.64411,2.57946,0.92178,0.5496,2.36456,0.794,0.53603,2.46006,0.91723,0.61317,2.55654
639,1.00561,0.69995,2.4596,0.84157,0.66658,2.40846,0.7399,0.55274,2.38664,0.75573,0.64241,2.70945,0.8566,0.54028,2.37128,0.70583,0.54829,2.41151,0.85246,0.60168,2.5967
640,1.09213,0.67359,2.47542,0.90728,0.66374,2.41353,0.86077,0.5971,2.34405,0.87189,0.65382,2.51681,0.93554,0.59274,2.33472,0.82176,0.60373,2.39997,0.84298,0.65822,2.48908
641,0.99906,0.66967,2.47151,0.81976,0.63292,2.42539,0.76399,0.51544,2.35591,0.80685,0.60632,2.74079,0.84628,0.51587,2.35312,0.78159,0.54432,2.39914,0.87602,0.59347,2.54337
642,1.01996,0.69348,2.45633,0.82414,0.64728,2.41675,0.7991,0.55039,2.3986,0.78362,0.61278,2.60191,0.90478,0.52084,2.35456,0.78003,0.52415,2.44174,0.8632,0.65749,2.629
643,1.01124,0.65306,2.48199,0.83492,0.64294,2.44265,0.77569,0.50685,2.33407,0.77172,0.58342,2.65,0.9181,0.50415,2.36295,0.7446,0.49951,2.4114,0.88866,0.52407,2.59974
644,1.02264,0.6706,2.50466,0.8467,0.65697,2.46155,0.7673,0.56915,2.41401,0.75647,0.62202,2.80393,0.87644,0.5626,2.42177,0.75699,0.5542,2.49462,0.88117,0.57039,2.61524
645,1.04749,0.68668,2.48781,0.85605,0.65893,2.42882,0.78561,0.53101,2.36839,0.773,0.63591,2.50734,0.94431,0.49587,2.39834,0.83576,0.47683,2.40541,0.80143,0.55767,2.52998
646,1.01168,0.67535,2.46616,0.81751,0.65982,2.37864,0.77267,0.59187,2.32941,0.77405,0.64434,2.63392,0.91768,0.5879,2.34738,0.83073,0.58222,2.37129,0.93214,0.60872,2.49886
647,0.96149,0.6797,2.46539,0.74812,0.65636,2.41239,0.71749,0.69437,2.39282,0.68903,0.68573,2.69665,0.8306,0.69652,2.38296,0.71329,0.71764,2.45208,0.86084,0.80346,2.59352
648,1.00347,0.67679,2.44863,0.85018,0.65461,2.36821,0.75886,0.59282,2.34017,0.77004,0.65685,2.56694,0.91771,0.60593,2.32495,0.71745,0.59665,2.40903,0.81949,0.65834,2.62918
649,0.96523,0.65167,2.44677,0.82896,0.63351,2.3815,0.76182,0.52952,2.33093,0.74535,0.61687,2.64473,0.906,0.50518,2.35237,0.74152,0.52071,2.36396,0.8148,0.54006,2.59885
650,1.01462,0.65337,2.47556,0.79625,0.64105,2.43483,0.74348,0.57944,2.35807,0.73834,0.63527,2.56622,0.92949,0.58281,2.35728,0.70094,0.57218,2.46768,0.75318,0.57066,2.57274
651,1.00219,0.67279,2.462,0.80219,0.63569,2.38614,0.74496,0.56549,2.35271,0.73125,0.6235,2.64302,0.88815,0.53557,2.34581,0.72645,0.54466,2.39532,0.80057,0.60946,2.58021
652,0.93771,0.6625,2.46418,0.8434,0.67451,2.42006,0.76659,0.60742,2.38999,0.72666,0.65048,2.72957,0.91457,0.61944,2.38009,0.78601,0.6238,2.42699,0.81435,0.62099,2.5549
653,1.02951,0.67647,2.46622,0.84994,0.62845,2.3992,0.73828,0.57026,2.32689,0.75185,0.62731,2.54934,0.89407,0.5525,2.3206,0.77576,0.54781,2.39054,0.83388,0.59711,2.66637
654,1.02653,0.62445,2.48324,0.84383,0.65509,2.42191,0.81974,0.56758,2.37447,0.77793,0.6063,2.5878,0.85936,0.55773,2.39686,0.73095,0.56478,2.43998,0.74627,0.58061,2.57572
655,1.00947,0.68547,2.46699,0.77164,0.66551,2.3863,0.72214,0.59583,2.33267,0.68998,0.66189,2.55402,0.85061,0.60337,2.34294,0.68404,0.6342,2.38027,0.71766,0.68066,2.50747
656,0.98649,0.67299,2.47066,0.84868,0.6645,2.4047,0.81425,0.54154,2.36544,0.7987,0.6345,2.64519,0.91267,0.51637,2.35537,0.79539,0.52951,2.43209,0.77382,0.56434,2.61554
657,1.01301,0.63632,2.48458,0.89111,0.61299,2.42116,0.82886,0.52148,2.3918,0.82449,0.59343,2.73662,0.91761,0.52696,2.40216,0.77095,0.54174,2.52454,0.93603,0.5608,2.69625
658,1.01195,0.66527,2.47079,0.81394,0.6891,2.45222,0.86049,0.58745,2.47168,0.80475,0.63945,2.6569,0.91267,0.58084,2.47672,0.83172,0.58248,2.44396,0.95161,0.61422,2.6856
659,0.9646,0.66455,2.46461,0.74609,0.63875,2.38644,0.75766,0.54896,2.35408,0.74421,0.61352,2.56024,0.84876,0.56613,2.3448,0.74319,0.54529,2.44342,0.72951,0.61653,2.65218
660,0.99397,0.62683,2.4827,0.8631,0.59906,2.46118,0.80991,0.55455,2.42312,0.86037,0.58798,2.61467,0.9104,0.55101,2.46815,0.81097,0.49523,2.49133,0.84431,0.56472,2.51564
661,1.06734,0.66499,2.4803,0.90964,0.63543,2.4139,0.83447,0.55379,2.34748,0.79612,0.60921,2.87238,0.97072,0.53618,2.3517,0.82833,0.54977,2.42995,0.92827,0.56333,2.75854
662,0.97905,0.65737,2.46349,0.76529,0.64655,2.35142,0.72595,0.52095,2.29945,0.70072,0.60927,2.48384,0.84269,0.5183,2.28574,0.68462,0.55898,2.33461,0.71472,0.56909,2.51739
663,0.99444,0.63354,2.49407,0.83808,0.62816,2.41901,0.72569,0.52754,2.36466,0.72408,0.57367,2.65915,0.89242,0.49771,2.35957,0.67872,0.51082,2.43166,0.73783,0.58492,2.72895
664,1.0121,0.66461,2.46188,0.87524,0.67432,2.33844,0.76408,0.53724,2.2801,0.76152,0.63263,2.56961,0.91158,0.52651,2.29391,0.72398,0.50842,2.37842,0.79134,0.61151,2.53618
665,1.07526,0.67238,2.46628,0.86106,0.6408,2.37536,0.74622,0.53935,2.2894,0.71659,0.6309,2.71974,0.8862,0.54748,2.33584,0.68072,0.51267,2.39584,0.81737,0.57862,2.43881
666,0.99354,0.68747,2.45155,0.77388,0.64562,2.39229,0.7134,0.55079,2.36244,0.70047,0.63207,2.61558,0.89748,0.58717,2.32126,0.6898,0.57749,2.42187,0.70755,0.59772,2.46059
667,1.03887,0.65829,2.50725,0.83046,0.62739,2.44072,0.75947,0.59739,2.41541,0.74991,0.62004,2.5091,0.89693,0.5468,2.38839,0.72216,0.5405,2.49203,0.76409,0.63575,2.65976
668,1.05831,0.69891,2.4795,0.85404,0.67549,2.41232,0.78399,0.59578,2.28246,0.79062,0.65677,2.66865,0.94646,0.56743,2.30851,0.77107,0.5506,2.4191,0.86936,0.75985,2.88144
669,0.97931,0.6719,2.4708,0.8964,0.63741,2.41252,0.83982,0.54306,2.34508,0.81684,0.60529,2.78338,0.90651,0.47786,2.3301,0.8518,0.50771,2.35774,0.91244,0.56636,2.62067
670,1.00614,0.67628,2.47499,0.85752,0.70496,2.39875,0.8047,0.54355,2.32744,0.75981,0.63598,2.64766,0.92781,0.53678,2.34014,0.78269,0.54326,2.40142,0.89819,0.63897,2.66135
671,1.0014,0.68748,2.48088,0.80172,0.65713,2.39936,0.74766,0.58128,2.35852,0.69953,0.6484,2.7673,0.90983,0.56142,2.35007,0.67281,0.57524,2.40067,0.77604,0.61951,2.54519
672,1.00865,0.69966,2.48799,0.87487,0.67745,2.42308,0.76775,0.57165,2.38587,0.77617,0.65895,2.80505,0.88433,0.58638,2.34508,0.73996,0.58707,2.39612,0.77611,0.68586,2.58632
673,0.98574,0.66631,2.4462,0.88175,0.68531,2.36702,0.81327,0.57197,2.31817,0.79323,0.6244,2.63432,0.89575,0.55538,2.30757,0.7839,0.56434,2.38802,0.80151,0.64451,2.51663
674,1.06779,0.68611,2.46415,0.83777,0.6444,2.40543,0.77601,0.55178,2.37269,0.80778,0.63137,2.76856,0.92438,0.58511,2.39946,0.80322,0.54392,2.38877,0.77581,0.53482,2.78319
675,0.98207,0.6632,2.46346,0.83919,0.64735,2.42676,0.80545,0.58005,2.3684,0.78058,0.62189,2.73067,0.85322,0.56609,2.34403,0.75244,0.58586,2.38996,0.74341,0.66435,2.55389
676,1.03807,0.67434,2.47269,0.84327,0.6602,2.45745,0.79064,0.59663,2.41282,0.77538,0.63235,2.72298,0.86589,0.55741,2.40643,0.74444,0.59853,2.41162,0.75608,0.58026,2.51479
677,1.03517,0.65269,2.49238,0.7972,0.6622,2.4217,0.78054,0.54953,2.37551,0.75727,0.59769,2.68601,0.93206,0.55409,2.36809,0.83044,0.55414,2.39316,0.83534,0.58313,2.51274
678,1.06309,0.66785,2.47371,0.88485,0.68083,2.39716,0.80212,0.59822,2.31949,0.79416,0.62721,2.61174,0.91798,0.55951,2.3297,0.7987,0.57661,2.37636,0.8677,0.62366,2.53516
679,1.003,0.67275,2.46983,0.80205,0.67039,2.36922,0.76884,0.6417,2.28482,0.77856,0.66045,2.62146,0.85435,0.62724,2.31817,0.69158,0.64314,2.3779,0.6719,0.66015,2.53735
680,1.0225,0.66864,2.46816,0.78877,0.66392,2.41779,0.73105,0.64267,2.4163,0.75486,0.63774,2.89162,0.87384,0.6077,2.37111,0.73145,0.64873,2.41538,0.80704,0.69452,2.57609
681,0.9803,0.6536,2.46402,0.81026,0.66157,2.38113,0.7011,0.57427,2.32928,0.7036,0.64645,2.62032,0.90362,0.55038,2.33017,0.74105,0.53342,2.41698,0.77321,0.59363,2.4859
682,1.03279,0.66689,2.45909,0.85014,0.6559,2.40071,0.79092,0.61082,2.3183,0.8027,0.63115,2.62448,0.90542,0.56873,2.30969,0.79254,0.56084,2.36342,0.87961,0.60463,2.4862
683,0.98648,0.66084,2.46852,0.82137,0.64456,2.42629,0.70864,0.6097,2.3727,0.71687,0.62434,2.65082,0.86439,0.60396,2.39401,0.63629,0.60975,2.42808,0.70847,0.74445,2.53738
684,0.98093,0.66661,2.49864,0.85253,0.66291,2.44469,0.76083,0.58089,2.35603,0.75846,0.65398,2.91735,0.93129,0.57139,2.38679,0.77574,0.59079,2.44833,0.84219,0.59861,2.71016
685,0.99971,0.65372,2.4822,0.88079,0.64642,2.47457,0.81149,0.57676,2.42814,0.81573,0.62398,2.71532,0.96917,0.5311,2.42136,0.78525,0.54978,2.40891,0.83732,0.63686,2.78536
686,1.05836,0.64836,2.46477,0.86684,0.65153,2.41796,0.79552,0.61704,2.38393,0.77041,0.64203,2.59024,0.91397,0.58239,2.41478,0.751,0.60765,2.43775,0.86184,0.68345,2.5977
687,0.97703,0.6642,2.47152,0.85473,0.67254,2.38008,0.79615,0.57249,2.36946,0.79047,0.62253,2.73058,0.87241,0.56878,2.35356,0.77132,0.55393,2.41956,0.74157,0.6674,2.5218
688,0.96977,0.66378,2.47206,0.84581,0.66182,2.457,0.80463,0.54377,2.44242,0.80873,0.61785,2.73633,0.91985,0.51269,2.40275,0.76977,0.50985,2.41891,0.81021,0.62937,2.45158
689,0.93649,0.6574,2.45224,0.79454,0.64883,2.37918,0.78868,0.5136,2.27315,0.79796,0.60647,2.61899,0.85748,0.47192,2.25815,0.76257,0.50636,2.33676,0.8378,0.63606,2.53163
690,1.03923,0.69266,2.48565,0.86104,0.67276,2.39415,0.84627,0.55774,2.34342,0.8167,0.65848,2.47561,0.92085,0.56432,2.33654,0.83977,0.56187,2.44223,0.89809,0.70038,2.51938
691,1.01873,0.65847,2.4749,0.85116,0.63589,2.44142,0.76072,0.52161,2.42916,0.73346,0.60965,2.5916,0.9335,0.48713,2.42854,0.77103,0.4937,2.43355,0.82871,0.5385,2.60619
692,0.99774,0.68936,2.46219,0.84083,0.69401,2.42277,0.76312,0.5934,2.37918,0.77771,0.65466,2.55404,0.88465,0.59025,2.34259,0.69733,0.5559,2.39752,0.77782,0.68851,2.49358
693,1.0227,0.65736,2.46916,0.80386,0.64617,2.40899,0.75921,0.57553,2.35692,0.72906,0.63447,2.59057,0.85269,0.56763,2.35635,0.72,0.56275,2.42192,0.67405,0.66002,2.44378
694,0.98158,0.66952,2.46056,0.8602,0.65332,2.39054,0.81911,0.53005,2.36022,0.78918,0.59811,2.52591,0.92361,0.53172,2.32097,0.79761,0.52215,2.37623,0.83436,0.70371,2.52167
695,1.00287,0.67157,2.47963,0.78294,0.66133,2.41756,0.74015,0.6208,2.36802,0.74341,0.63484,2.7139,0.87846,0.59586,2.37069,0.70774,0.63575,2.41701,0.75798,0.67463,2.62216
696,0.99109,0.64875,2.47888,0.84079,0.63382,2.44036,0.81332,0.52359,2.38153,0.81217,0.63433,2.70516,0.88758,0.4959,2.3933,0.78938,0.52723,2.40533,0.87263,0.59419,2.53154
697,0.98766,0.6532,2.4783,0.80448,0.66352,2.40975,0.73384,0.52547,2.36391,0.71418,0.60949,2.56916,0.87312,0.51495,2.36541,0.71258,0.50187,2.40828,0.74829,0.65664,2.57903
698,0.99801,0.65223,2.45472,0.81501,0.67487,2.35977,0.73648,0.58093,2.30639,0.7454,0.63102,2.53798,0.93607,0.57583,2.32991,0.73807,0.59115,2.35418,0.91634,0.82044,2.49311
699,0.93172,0.68002,2.47989,0.72008,0.68863,2.43521,0.7543,0.58604,2.36304,0.72094,0.64749,2.63884,0.81112,0.56637,2.40123,0.75874,0.58593,2.44709,0.78551,0.62221,2.5452
700,1.02854,0.70496,2.46636,0.87292,0.66331,2.4372,0.79811,0.54844,2.3822,0.78733,0.65213,2.76715,0.93125,0.52496,2.38198,0.76505,0.58075,2.4255,0.75762,0.66428,2.64606
701,1.00872,0.68585,2.45619,0.89345,0.65562,2.36351,0.77114,0.56132,2.32274,0.78655,0.65381,2.55691,0.93004,0.5503,2.31065,0.72836,0.53467,2.37692,0.8842,0.63839,2.48508
702,1.07393,0.65997,2.47259,0.87395,0.64496,2.38718,0.81092,0.54166,2.3352,0.77454,0.60296,2.59052,0.90516,0.50617,2.2891,0.80049,0.52029,2.36914,0.96336,0.72132,2.43083
703,1.07205,0.65812,2.46744,0.79982,0.65681,2.49041,0.76641,0.63659,2.46226,0.74625,0.64698,2.54957,0.90457,0.62848,2.43693,0.76907,0.58872,2.52207,0.8661,0.7584,2.55393
704,0.98817,0.6456,2.46288,0.78556,0.64186,2.38281,0.69444,0.49753,2.33204,0.68115,0.59848,2.68473,0.83765,0.48255,2.34552,0.68944,0.47614,2.38956,0.78028,0.53127,2.56521
705,1.03382,0.66051,2.44228,0.81464,0.67468,2.33098,0.74173,0.5317,2.28653,0.73815,0.62152,2.5585,0.89599,0.52501,2.27869,0.7667,0.5004,2.3215,1.106,0.82901,2.40215
706,0.98435,0.66551,2.4419,0.89998,0.66653,2.34026,0.8209,0.59345,2.32062,0.80534,0.63729,2.49491,0.91095,0.54139,2.32672,0.7813,0.54586,2.34515,0.99932,0.80884,2.45176
707,1.00376,0.6359,2.44333,0.82376,0.65889,2.39387,0.77466,0.53185,2.34081,0.74514,0.61635,2.61508,0.89699,0.51622,2.36411,0.74597,0.51822,2.39685,0.78605,0.55981,2.59086
708,1.02918,0.67311,2.47884,0.80495,0.671,2.42787,0.82828,0.59994,2.39349,0.79392,0.64752,2.69991,0.92642,0.59598,2.37905,0.80455,0.618,2.45101,0.90577,0.76242,2.75323
709,1.03723,0.6569,2.44659,0.86057,0.66918,2.41,0.8179,0.59803,2.3846,0.80724,0.65411,2.66559,0.91441,0.57079,2.39696,0.87839,0.55504,2.46244,1.04682,0.85424,2.60151
710,1.0004,0.7164,2.46062,0.82455,0.66318,2.43488,0.75023,0.55791,2.41933,0.77456,0.65641,2.96575,0.92593,0.541,2.39395,0.7521,0.54246,2.50751,0.85282,0.70108,2.66419
711,1.00855,0.6836,2.47914,0.83353,0.66152,2.46026,0.77384,0.59424,2.42709,0.79738,0.65786,2.53875,0.8792,0.62512,2.41859,0.77563,0.6091,2.51871,0.76174,0.6816,2.61626
712,1.05812,0.66221,2.46945,0.85015,0.64399,2.40662,0.77199,0.61643,2.28479,0.77338,0.63098,2.69764,0.92943,0.61227,2.33325,0.68204,0.78322,2.40794,0.88199,0.73829,2.42481
713,0.96781,0.66216,2.47633,0.81415,0.66041,2.40309,0.7426,0.57678,2.39613,0.75496,0.61757,2.71159,0.85006,0.56943,2.41312,0.74545,0.55955,2.45708,0.73849,0.70058,2.60447
714,1.01245,0.69243,2.48107,0.89546,0.68929,2.46987,0.82435,0.66437,2.43839,0.77247,0.67775,2.65089,0.95777,0.62876,2.48741,0.80495,0.61056,2.50759,0.91302,0.79113,2.61662
715,1.01339,0.70539,2.43035,0.82159,0.67542,2.34064,0.73983,0.61082,2.27576,0.71409,0.66932,2.50929,0.88764,0.58317,2.2807,0.71755,0.60661,2.30862,0.86532,0.7064,2.53909
716,1.05272,0.6725,2.45773,0.83369,0.67034,2.3293,0.81388,0.58212,2.28949,0.81092,0.63561,2.47643,0.91851,0.59263,2.29443,0.78931,0.57644,2.36506,0.9175,0.63469,2.50024
717,0.9897,0.67743,2.44177,0.78141,0.66478,2.34506,0.74361,0.57738,2.30816,0.68378,0.65068,2.66998,0.85902,0.58963,2.26664,0.69484,0.60715,2.31867,0.74421,0.71881,2.36751
718,0.98298,0.64371,2.47796,0.79485,0.62258,2.44215,0.75144,0.47928,2.404,0.77324,0.57477,2.55874,0.88387,0.49452,2.38654,0.72555,0.49769,2.41967,0.82745,0.49302,2.63517
719,1.01762,0.64616,2.45451,0.82715,0.62161,2.34522,0.80818,0.52939,2.28154,0.78221,0.61098,2.74527,0.92115,0.54522,2.2856,0.80038,0.57463,2.32511,0.80092,0.65084,2.5683
720,0.99331,0.6476,2.4766,0.84482,0.64303,2.39767,0.86148,0.58642,2.35245,0.81012,0.62655,2.69347,0.88315,0.59109,2.38361,0.82476,0.58341,2.3908,0.89498,0.5948,2.70424
721,0.96212,0.6496,2.45231,0.79196,0.67346,2.38606,0.70753,0.47782,2.3568,0.69962,0.59761,2.55832,0.86291,0.51797,2.37079,0.71237,0.51507,2.39213,0.87367,0.56432,2.53516
722,0.99184,0.65293,2.47428,0.82444,0.6524,2.41234,0.7859,0.5614,2.36683,0.79102,0.6113,2.64824,0.86033,0.54917,2.40596,0.80334,0.5768,2.40416,0.81911,0.60496,2.60717
723,0.98433,0.73063,2.44285,0.83406,0.6752,2.37902,0.78557,0.63047,2.30973,0.74866,0.70719,2.6125,0.94961,0.63341,2.38894,0.71233,0.59936,2.42546,0.7491,0.6714,2.62389
724,0.96699,0.65862,2.46276,0.81175,0.64855,2.38834,0.77634,0.55755,2.35535,0.7403,0.63281,2.54102,0.88271,0.51501,2.34153,0.68957,0.50385,2.36892,0.86959,0.57092,2.40665
725,1.02886,0.66246,2.47555,0.88424,0.65116,2.39125,0.87458,0.51955,2.33035,0.85564,0.59416,2.57687,0.97914,0.48865,2.31463,0.86877,0.52787,2.34444,1.03078,0.551,2.38678
726,1.01344,0.65139,2.44757,0.83197,0.6523,2.38188,0.72161,0.5179,2.31839,0.74331,0.58983,2.47682,0.89336,0.57266,2.31305,0.80476,0.56348,2.4094,0.75184,0.623,2.4992
727,1.03796,0.67049,2.45687,0.86736,0.68379,2.38041,0.76946,0.57121,2.34433,0.76232,0.66813,2.62427,0.91425,0.56395,2.3192,0.76418,0.54312,2.35051,0.84875,0.5687,2.51004
728,0.99448,0.65174,2.45959,0.85018,0.65757,2.41492,0.71325,0.58337,2.44194,0.74259,0.63206,2.5578,0.86539,0.5772,2.43755,0.75322,0.58801,2.50799,0.98417,0.65066,2.59201
729,0.97753,0.63172,2.48076,0.7993,0.67389,2.38663,0.72474,0.56853,2.37783,0.71854,0.62885,2.58361,0.86508,0.55132,2.3505,0.71601,0.56778,2.39897,0.8494,0.58454,2.51178
730,1.00474,0.66102,2.46949,0.8129,0.68721,2.4139,0.71974,0.57328,2.33991,0.65915,0.60742,2.55431,0.87045,0.56396,2.35005,0.66184,0.57573,2.44061,0.7112,0.64952,2.53738
731,1.01195,0.67249,2.48775,0.86126,0.65197,2.44842,0.81107,0.62933,2.39546,0.82019,0.6576,2.62074,0.91986,0.61084,2.40187,0.83397,0.64486,2.44921,0.96027,0.70016,2.73465
732,1.0514,0.67706,2.48213,0.79278,0.67419,2.43894,0.72725,0.63054,2.32827,0.72504,0.64261,2.47657,0.89953,0.64579,2.34951,0.72632,0.6448,2.43498,0.82212,0.69326,2.63435
733,0.98986,0.65459,2.46264,0.79414,0.65282,2.38001,0.72904,0.53465,2.36514,0.7725,0.60119,2.49211,0.80733,0.52722,2.34426,0.73752,0.51372,2.44394,0.72472,0.59775,2.6529
734,0.9606,0.65616,2.48104,0.88833,0.67686,2.41977,0.84818,0.55446,2.33274,0.83203,0.61211,2.50857,0.87285,0.54479,2.37318,0.73989,0.53648,2.44612,0.88377,0.70552,2.62532
735,1.01168,0.65261,2.48763,0.87239,0.65691,2.47873,0.76657,0.54824,2.42716,0.76958,0.63828,2.52018,0.90085,0.53173,2.3826,0.7616,0.52672,2.46706,0.86955,0.61351,2.4855
736,1.02517,0.67089,2.48161,0.84191,0.63643,2.3491,0.79352,0.5857,2.28824,0.7709,0.63683,2.42099,0.89589,0.55187,2.25445,0.76443,0.5472,2.35168,0.87553,0.61509,2.44043
737,0.99637,0.66984,2.50131,0.82624,0.6388,2.47212,0.76992,0.59083,2.4487,0.77828,0.61055,2.51444,0.93152,0.57407,2.4289,0.74228,0.57524,2.45454,0.78326,0.64882,2.63862
738,1.01676,0.67479,2.45151,0.84887,0.66768,2.36486,0.79471,0.5773,2.33366,0.78237,0.64195,2.56431,0.90589,0.58286,2.37353,0.77226,0.5735,2.37123,0.78546,0.62879,2.52209
739,0.97212,0.68665,2.46929,0.8469,0.69582,2.46922,0.74927,0.59711,2.45464,0.68399,0.65732,2.63055,0.86777,0.59149,2.44322,0.69944,0.61481,2.45399,0.703,0.64005,2.683
740,0.97104,0.65116,2.42688,0.79949,0.63156,2.35796,0.71333,0.58359,2.29435,0.73285,0.61961,2.46915,0.85525,0.55886,2.32376,0.74202,0.54926,2.32998,0.81706,0.60516,2.33687
741,1.01046,0.66653,2.47756,0.95076,0.65003,2.40848,0.91242,0.5697,2.38968,0.91,0.63345,2.54696,0.93309,0.56523,2.417,0.85369,0.58331,2.42148,0.92003,0.58159,2.58558
742,1.01719,0.67946,2.50141,0.77824,0.65023,2.44938,0.72021,0.59525,2.35778,0.69387,0.64367,2.69251,0.84067,0.55073,2.35716,0.70838,0.55997,2.40746,0.69437,0.6517,2.5205
743,1.01735,0.68557,2.47194,0.81023,0.65185,2.33651,0.76174,0.55618,2.26629,0.69997,0.62032,2.51322,0.90523,0.5658,2.31266,0.75321,0.52427,2.33946,0.86177,0.55774,2.43045
744,1.00644,0.66252,2.45411,0.75216,0.6602,2.4283,0.73111,0.53343,2.43449,0.70614,0.62829,2.5285,0.86446,0.57006,2.40821,0.65527,0.54906,2.46075,0.69185,0.57307,2.58803
745,1.0145,0.64274,2.47137,0.75999,0.66616,2.41371,0.68444,0.54634,2.34549,0.69894,0.63162,2.65345,0.83831,0.54989,2.37731,0.75958,0.5635,2.41329,0.75602,0.6367,2.5679
746,1.04187,0.64085,2.4389,0.83485,0.62297,2.33616,0.73686,0.49096,2.26936,0.74025,0.58755,2.60859,0.87321,0.47899,2.3243,0.683,0.46422,2.35309,0.72614,0.54491,2.49868
747,1.00783,0.69085,2.49325,0.90689,0.66357,2.46585,0.78416,0.54934,2.44235,0.79142,0.6466,2.62962,0.88561,0.5232,2.43411,0.83309,0.5307,2.4418,0.87878,0.62014,2.60522
748,1.08587,0.64737,2.46726,0.89757,0.67604,2.39793,0.87822,0.59786,2.35235,0.8842,0.63085,2.52908,0.93674,0.60276,2.32276,0.83635,0.59893,2.39521,0.88651,0.57114,2.45046
749,1.01274,0.68103,2.47073,0.87524,0.68085,2.43391,0.78478,0.57193,2.35537,0.77397,0.63218,2.60057,0.87801,0.56197,2.35953,0.73682,0.55862,2.40741,0.7911,0.60647,2.57325
750,1.03108,0.68011,2.44583,0.82349,0.64847,2.31489,0.77149,0.52666,2.25902,0.75496,0.61713,2.87334,0.90201,0.51698,2.224,0.76118,0.55295,2.32544,0.84598,0.53137,2.44964
751,1.01962,0.67298,2.46449,0.8177,0.66164,2.35172,0.72448,0.56696,2.33392,0.68865,0.61444,2.71562,0.87544,0.57244,2.32978,0.65203,0.55893,2.37794,0.69489,0.57142,2.58705
752,1.00874,0.67223,2.46608,0.88101,0.69224,2.39045,0.8533,0.60313,2.34505,0.81465,0.63595,2.67809,0.91153,0.58635,2.37067,0.82535,0.58955,2.40446,0.82181,0.57763,2.62877
753,0.96863,0.66208,2.47953,0.83186,0.64171,2.43619,0.79493,0.5454,2.36041,0.81624,0.59566,2.45826,0.88436,0.52787,2.40121,0.7394,0.55374,2.4275,0.87999,0.52603,2.58791
754,1.0493,0.67806,2.49386,0.87214,0.64272,2.40564,0.88494,0.5488,2.25694,0.84808,0.62149,2.60804,0.94355,0.54646,2.28732,0.82826,0.53303,2.42226,0.91175,0.55221,2.5558
755,0.96674,0.70769,2.46182,0.9012,0.69085,2.37251,0.8245,0.62776,2.30407,0.84467,0.70254,2.68906,0.92837,0.63686,2.30713,0.78495,0.63977,2.3934,0.86581,0.62252,2.37348
756,1.03752,0.70563,2.46593,0.75914,0.65108,2.3921,0.72855,0.57719,2.32016,0.72959,0.64325,2.65123,0.8682,0.5452,2.34977,0.71165,0.53019,2.36734,0.79008,0.65836,2.6182
757,0.97647,0.65523,2.46226,0.76771,0.65293,2.40287,0.71074,0.57514,2.4106,0.67886,0.62423,2.45398,0.86785,0.55804,2.39059,0.68743,0.5562,2.41939,0.6886,0.6476,2.67322
758,1.00944,0.68918,2.48069,0.88211,0.65042,2.43373,0.85086,0.5746,2.42861,0.82685,0.63096,2.72012,0.91552,0.54777,2.41124,0.78809,0.56629,2.39219,0.88662,0.57505,2.59099
759,1.01922,0.70463,2.45292,0.8129,0.66603,2.38163,0.76044,0.62733,2.23791,0.71568,0.68753,2.73945,0.84454,0.60734,2.26697,0.73933,0.59416,2.32979,0.7603,0.66264,2.56227
760,0.98177,0.68741,2.45573,0.77525,0.66662,2.35439,0.72901,0.50586,2.36189,0.72605,0.5927,2.66039,0.88196,0.50612,2.35281,0.72181,0.50393,2.41522,0.74796,0.51569,2.62719
761,1.00463,0.69419,2.46817,0.80606,0.66529,2.44952,0.75231,0.59023,2.38612,0.74046,0.6421,2.52908,0.84499,0.55383,2.45047,0.71324,0.57537,2.4075,0.77268,0.59008,2.58634
762,1.01376,0.68765,2.45106,0.77415,0.67417,2.41423,0.6814,0.56382,2.40497,0.62825,0.61742,2.53447,0.8581,0.55461,2.39696,0.63039,0.57952,2.40867,0.6924,0.62084,2.55841
763,0.97397,0.6911,2.42401,0.79246,0.64969,2.37097,0.74521,0.56639,2.35989,0.68988,0.62039,2.60729,0.89366,0.57408,2.36015,0.75282,0.58957,2.40253,0.79485,0.63747,2.50179
764,1.04055,0.64454,2.45347,0.86923,0.62777,2.45102,0.79621,0.52192,2.41413,0.79303,0.6067,2.54162,0.89974,0.54532,2.44283,0.79754,0.54865,2.47252,0.78723,0.59915,2.73782
765,1.09203,0.6649,2.45662,0.95583,0.65291,2.3972,0.89496,0.53038,2.35688,0.90172,0.59393,2.61422,1.02081,0.48246,2.33878,0.87487,0.49451,2.41718,0.93219,0.5198,2.51761
766,1.03416,0.69115,2.47316,0.77024,0.6924,2.45177,0.68164,0.62463,2.41566,0.66545,0.68232,2.62605,0.86867,0.64163,2.41306,0.64856,0.63473,2.44669,0.79752,0.71975,2.64913
767,1.00559,0.63793,2.47198,0.83147,0.64179,2.42985,0.78173,0.52745,2.44424,0.76717,0.59599,2.67584,0.86232,0.52969,2.39535,0.74736,0.52548,2.42192,0.80649,0.56486,2.50981
768,1.00802,0.70165,2.4548,0.84122,0.63337,2.36084,0.75999,0.60511,2.34637,0.72839,0.6577,2.59814,0.87362,0.60714,2.33239,0.73312,0.5976,2.41982,0.77466,0.77302,2.57829
769,0.9595,0.68086,2.47972,0.85575,0.65258,2.38845,0.80021,0.54662,2.3762,0.75944,0.6168,2.53432,0.84652,0.53493,2.35969,0.75357,0.53773,2.39414,0.84328,0.5868,2.5891
770,1.0526,0.69756,2.49224,0.88307,0.66839,2.38843,0.88148,0.55398,2.37753,0.86709,0.64306,2.68525,0.96533,0.54577,2.32759,0.82995,0.52846,2.35878,0.80111,0.61893,2.52435
771,0.98655,0.65273,2.47721,0.84125,0.62925,2.40849,0.82188,0.52393,2.36288,0.82471,0.607,2.73915,0.90785,0.51037,2.33098,0.81512,0.48119,2.44988,0.86611,0.67083,2.6551
772,1.00852,0.65433,2.45571,0.84798,0.67243,2.31671,0.80261,0.54679,2.29787,0.81524,0.63566,2.55078,0.87392,0.55745,2.28087,0.79346,0.54197,2.33605,0.8097,0.63095,2.38234
773,1.02029,0.67166,2.44508,0.83701,0.66721,2.41627,0.82861,0.55511,2.29539,0.76826,0.62997,2.71657,0.88995,0.56398,2.34347,0.76474,0.52373,2.36622,0.7941,0.55817,2.52206
774,0.98096,0.69635,2.42358,0.80105,0.68126,2.30514,0.75813,0.56516,2.26023,0.73263,0.64763,2.53266,0.8571,0.57304,2.26186,0.69344,0.55757,2.31655,0.8365,0.54603,2.46656
775,0.96524,0.68363,2.45967,0.84282,0.66887,2.43639,0.75767,0.62424,2.39053,0.74423,0.6702,2.68187,0.83997,0.61545,2.40379,0.71477,0.62713,2.4249,0.76521,0.65481,2.59435
776,0.97517,0.67051,2.47441,0.74152,0.64932,2.44552,0.72149,0.58751,2.38904,0.72399,0.62901,2.89116,0.85077,0.57608,2.4062,0.68596,0.61078,2.41042,0.80356,0.66434,2.6254
777,0.98651,0.66506,2.48523,0.76992,0.65235,2.39741,0.72979,0.53091,2.3482,0.72399,0.60935,2.8611,0.85419,0.55763,2.39877,0.75771,0.54306,2.41213,0.85138,0.57178,2.60146
778,0.9744,0.68137,2.49368,0.83472,0.68903,2.43372,0.72085,0.58744,2.39942,0.72827,0.63435,2.70704,0.85572,0.57253,2.37121,0.71458,0.59279,2.44255,0.73917,0.66588,2.52251
779,1.02472,0.73284,2.45848,0.90857,0.67887,2.41754,0.91076,0.59729,2.36586,0.89434,0.62485,2.65306,0.9666,0.57164,2.34483,0.83937,0.54599,2.37371,0.9791,0.64041,2.55425
780,1.00462,0.63838,2.49663,0.82238,0.65633,2.45816,0.78185,0.49506,2.35385,0.77123,0.61942,2.64356,0.87561,0.49432,2.35344,0.74093,0.50952,2.4557,0.90617,0.54813,2.55638
781,1.03694,0.64765,2.47473,0.87525,0.62301,2.46346,0.88491,0.61161,2.40033,0.83074,0.5915,2.72203,0.91857,0.67094,2.44962,0.74036,0.69806,2.5004,0.81947,0.60352,2.49643
