batch,layer,task,config,lr,wd,loss,batch_acc,n_tokens
0,0,age_bin,ema_lr1e-3,0.001,0.0001,1.53315,0.3833,3869
0,0,age_bin,ema_lr5e-3,0.005,0.0001,1.62648,0.40553,3869
0,0,age_bin,ema_lr1e-2,0.01,0.0001,1.55791,0.33471,3869
0,0,age_bin,ema_lr5e-2,0.05,0.0001,1.54914,0.38201,3869
0,0,age_bin,ema_lr1e-2_wd1e-3,0.01,0.001,1.58139,0.2962,3869
0,0,age_bin,ema_d0.99,0.01,0.0001,1.64205,0.38072,3869
0,0,age_bin,ema_d0.9999,0.01,0.0001,1.57793,0.30861,3869
0,0,age_bin,mlp_h16,0.001,0.0,1.19527,0.2091,3869
0,0,age_bin,mlp_h32,0.001,0.0,1.1828,0.06927,3869
0,0,age_bin,mlp_h64,0.001,0.0,1.04275,0.45438,3869
0,0,age_bin,mlp_h128,0.001,0.0,0.99483,0.59602,3869
0,0,age_bin,attention,0.0001,1e-05,1.09423,0.45312,3869
0,0,age_bin,shuffled,0.01,0.0001,1.55872,0.28948,3869
0,0,gender,ema_lr1e-3,0.001,0.0001,1.08861,0.49574,3869
0,0,gender,ema_lr5e-3,0.005,0.0001,1.09007,0.48927,3869
0,0,gender,ema_lr1e-2,0.01,0.0001,1.01727,0.50065,3869
0,0,gender,ema_lr5e-2,0.05,0.0001,1.05867,0.49108,3869
0,0,gender,ema_lr1e-2_wd1e-3,0.01,0.001,1.15214,0.50194,3869
0,0,gender,ema_d0.99,0.01,0.0001,1.0985,0.50194,3869
0,0,gender,ema_d0.9999,0.01,0.0001,1.09425,0.51124,3869
0,0,gender,mlp_h16,0.001,0.0,0.70548,0.5053,3869
0,0,gender,mlp_h32,0.001,0.0,0.71165,0.49987,3869
0,0,gender,mlp_h64,0.001,0.0,0.72665,0.50478,3869
0,0,gender,mlp_h128,0.001,0.0,0.70308,0.49677,3869
0,0,gender,attention,0.0001,1e-05,0.69249,0.50781,3869
0,0,gender,shuffled,0.01,0.0001,1.06617,0.50711,3869
0,0,star_sign,ema_lr1e-3,0.001,0.0001,3.2475,0.14422,3869
0,0,star_sign,ema_lr5e-3,0.005,0.0001,3.22044,0.07573,3869
0,0,star_sign,ema_lr1e-2,0.01,0.0001,3.21053,0.05893,3869
0,0,star_sign,ema_lr5e-2,0.05,0.0001,3.18507,0.11166,3869
0,0,star_sign,ema_lr1e-2_wd1e-3,0.01,0.001,3.24681,0.09201,3869
0,0,star_sign,ema_d0.99,0.01,0.0001,3.24199,0.07987,3869
0,0,star_sign,ema_d0.9999,0.01,0.0001,3.17672,0.1344,3869
0,0,star_sign,mlp_h16,0.001,0.0,2.11534,0.65857,3869
0,0,star_sign,mlp_h32,0.001,0.0,2.39845,0.02455,3869
0,0,star_sign,mlp_h64,0.001,0.0,2.6573,0.00155,3869
0,0,star_sign,mlp_h128,0.001,0.0,2.57647,0.01034,3869
0,0,star_sign,attention,0.0001,1e-05,2.47514,0.35156,3869
0,0,star_sign,shuffled,0.01,0.0001,3.26834,0.1238,3869
0,4,age_bin,ema_lr1e-3,0.001,0.0001,1.53094,0.4306,3869
0,4,age_bin,ema_lr5e-3,0.005,0.0001,1.54579,0.35927,3869
0,4,age_bin,ema_lr1e-2,0.01,0.0001,1.40251,0.33626,3869
0,4,age_bin,ema_lr5e-2,0.05,0.0001,1.62474,0.42647,3869
0,4,age_bin,ema_lr1e-2_wd1e-3,0.01,0.001,1.52074,0.37943,3869
0,4,age_bin,ema_d0.99,0.01,0.0001,1.80395,0.43215,3869
0,4,age_bin,ema_d0.9999,0.01,0.0001,1.52821,0.26648,3869
0,4,age_bin,mlp_h16,0.001,0.0,0.8904,0.81132,3869
0,4,age_bin,mlp_h32,0.001,0.0,1.18066,0.2122,3869
0,4,age_bin,mlp_h64,0.001,0.0,1.11014,0.23494,3869
0,4,age_bin,mlp_h128,0.001,0.0,1.21845,0.14474,3869
0,4,age_bin,attention,0.0001,1e-05,1.0382,0.21094,3869
0,4,age_bin,shuffled,0.01,0.0001,1.57533,0.31507,3869
0,4,gender,ema_lr1e-3,0.001,0.0001,0.99541,0.50039,3869
0,4,gender,ema_lr5e-3,0.005,0.0001,1.01909,0.50168,3869
0,4,gender,ema_lr1e-2,0.01,0.0001,1.11218,0.49987,3869
0,4,gender,ema_lr5e-2,0.05,0.0001,0.93493,0.49315,3869
0,4,gender,ema_lr1e-2_wd1e-3,0.01,0.001,1.1057,0.49005,3869
0,4,gender,ema_d0.99,0.01,0.0001,0.92743,0.48591,3869
0,4,gender,ema_d0.9999,0.01,0.0001,1.10969,0.48462,3869
0,4,gender,mlp_h16,0.001,0.0,0.69755,0.50142,3869
0,4,gender,mlp_h32,0.001,0.0,0.71035,0.51279,3869
0,4,gender,mlp_h64,0.001,0.0,0.70611,0.49677,3869
0,4,gender,mlp_h128,0.001,0.0,0.7007,0.5053,3869
0,4,gender,attention,0.0001,1e-05,0.72467,0.46094,3869
0,4,gender,shuffled,0.01,0.0001,1.0113,0.51409,3869
0,4,star_sign,ema_lr1e-3,0.001,0.0001,3.19365,0.10881,3869
0,4,star_sign,ema_lr5e-3,0.005,0.0001,3.18072,0.07599,3869
0,4,star_sign,ema_lr1e-2,0.01,0.0001,3.16283,0.08581,3869
0,4,star_sign,ema_lr5e-2,0.05,0.0001,3.15742,0.03877,3869
0,4,star_sign,ema_lr1e-2_wd1e-3,0.01,0.001,3.33274,0.08426,3869
0,4,star_sign,ema_d0.99,0.01,0.0001,3.17435,0.15973,3869
0,4,star_sign,ema_d0.9999,0.01,0.0001,3.12255,0.07857,3869
0,4,star_sign,mlp_h16,0.001,0.0,2.85429,0.0,3869
0,4,star_sign,mlp_h32,0.001,0.0,2.46494,0.02972,3869
0,4,star_sign,mlp_h64,0.001,0.0,2.82711,0.0,3869
0,4,star_sign,mlp_h128,0.001,0.0,2.70742,0.00284,3869
0,4,star_sign,attention,0.0001,1e-05,2.58775,0.0,3869
0,4,star_sign,shuffled,0.01,0.0001,3.15735,0.08245,3869
0,6,age_bin,ema_lr1e-3,0.001,0.0001,1.72317,0.28896,3869
0,6,age_bin,ema_lr5e-3,0.005,0.0001,1.70457,0.29439,3869
0,6,age_bin,ema_lr1e-2,0.01,0.0001,1.6715,0.32541,3869
0,6,age_bin,ema_lr5e-2,0.05,0.0001,1.5454,0.34427,3869
0,6,age_bin,ema_lr1e-2_wd1e-3,0.01,0.001,1.5894,0.30887,3869
0,6,age_bin,ema_d0.99,0.01,0.0001,1.65265,0.35668,3869
0,6,age_bin,ema_d0.9999,0.01,0.0001,1.55277,0.32024,3869
0,6,age_bin,mlp_h16,0.001,0.0,1.10173,0.29232,3869
0,6,age_bin,mlp_h32,0.001,0.0,1.17689,0.13027,3869
0,6,age_bin,mlp_h64,0.001,0.0,1.05335,0.44869,3869
0,6,age_bin,mlp_h128,0.001,0.0,1.09848,0.35384,3869
0,6,age_bin,attention,0.0001,1e-05,0.36117,0.92969,3869
0,6,age_bin,shuffled,0.01,0.0001,1.5456,0.30912,3869
0,6,gender,ema_lr1e-3,0.001,0.0001,1.03859,0.51951,3869
0,6,gender,ema_lr5e-3,0.005,0.0001,0.93488,0.5495,3869
0,6,gender,ema_lr1e-2,0.01,0.0001,1.02862,0.50788,3869
0,6,gender,ema_lr5e-2,0.05,0.0001,1.02034,0.47532,3869
0,6,gender,ema_lr1e-2_wd1e-3,0.01,0.001,1.1179,0.50013,3869
0,6,gender,ema_d0.99,0.01,0.0001,1.00903,0.51021,3869
0,6,gender,ema_d0.9999,0.01,0.0001,1.15865,0.46524,3869
0,6,gender,mlp_h16,0.001,0.0,0.70093,0.49935,3869
0,6,gender,mlp_h32,0.001,0.0,0.71037,0.49108,3869
0,6,gender,mlp_h64,0.001,0.0,0.71298,0.47842,3869
0,6,gender,mlp_h128,0.001,0.0,0.69982,0.51409,3869
0,6,gender,attention,0.0001,1e-05,4.20023,0.5,3869
0,6,gender,shuffled,0.01,0.0001,0.96757,0.5115,3869
0,6,star_sign,ema_lr1e-3,0.001,0.0001,3.20812,0.08814,3869
0,6,star_sign,ema_lr5e-3,0.005,0.0001,3.22349,0.11062,3869
0,6,star_sign,ema_lr1e-2,0.01,0.0001,3.28223,0.07366,3869
0,6,star_sign,ema_lr5e-2,0.05,0.0001,3.19556,0.09563,3869
0,6,star_sign,ema_lr1e-2_wd1e-3,0.01,0.001,3.22435,0.04523,3869
0,6,star_sign,ema_d0.99,0.01,0.0001,3.28013,0.06875,3869
0,6,star_sign,ema_d0.9999,0.01,0.0001,3.22494,0.07728,3869
0,6,star_sign,mlp_h16,0.001,0.0,2.7724,0.0031,3869
0,6,star_sign,mlp_h32,0.001,0.0,2.26338,0.26596,3869
0,6,star_sign,mlp_h64,0.001,0.0,2.70135,0.00103,3869
0,6,star_sign,mlp_h128,0.001,0.0,2.44873,0.14371,3869
0,6,star_sign,attention,0.0001,1e-05,12.54884,0.11719,3869
0,6,star_sign,shuffled,0.01,0.0001,3.22623,0.08659,3869
1,0,age_bin,ema_lr1e-3,0.001,0.0001,1.52345,0.38411,4392
1,0,age_bin,ema_lr5e-3,0.005,0.0001,1.60722,0.40961,4392
1,0,age_bin,ema_lr1e-2,0.01,0.0001,1.54703,0.37682,4392
1,0,age_bin,ema_lr5e-2,0.05,0.0001,1.5105,0.39344,4392
1,0,age_bin,ema_lr1e-2_wd1e-3,0.01,0.001,1.57905,0.28893,4392
1,0,age_bin,ema_d0.99,0.01,0.0001,1.61982,0.37546,4392
1,0,age_bin,ema_d0.9999,0.01,0.0001,1.57008,0.29463,4392
1,0,age_bin,mlp_h16,0.001,0.0,1.182,0.22587,4392
1,0,age_bin,mlp_h32,0.001,0.0,1.16036,0.08242,4392
1,0,age_bin,mlp_h64,0.001,0.0,1.00948,0.56056,4392
1,0,age_bin,mlp_h128,0.001,0.0,0.93215,0.77049,4392
1,0,age_bin,attention,0.0001,1e-05,1.09328,0.53906,4392
1,0,age_bin,shuffled,0.01,0.0001,1.54757,0.29645,4392
1,0,gender,ema_lr1e-3,0.001,0.0001,1.06858,0.49727,4392
1,0,gender,ema_lr5e-3,0.005,0.0001,1.06101,0.49112,4392
1,0,gender,ema_lr1e-2,0.01,0.0001,1.01208,0.49294,4392
1,0,gender,ema_lr5e-2,0.05,0.0001,1.03374,0.49818,4392
1,0,gender,ema_lr1e-2_wd1e-3,0.01,0.001,1.15881,0.51047,4392
1,0,gender,ema_d0.99,0.01,0.0001,1.0798,0.49681,4392
1,0,gender,ema_d0.9999,0.01,0.0001,1.09477,0.50182,4392
1,0,gender,mlp_h16,0.001,0.0,0.69725,0.51753,4392
1,0,gender,mlp_h32,0.001,0.0,0.70296,0.51366,4392
1,0,gender,mlp_h64,0.001,0.0,0.74928,0.44126,4392
1,0,gender,mlp_h128,0.001,0.0,0.70535,0.47063,4392
1,0,gender,attention,0.0001,1e-05,0.69366,0.45312,4392
1,0,gender,shuffled,0.01,0.0001,1.05738,0.49044,4392
1,0,star_sign,ema_lr1e-3,0.001,0.0001,3.25235,0.14185,4392
1,0,star_sign,ema_lr5e-3,0.005,0.0001,3.21742,0.08219,4392
1,0,star_sign,ema_lr1e-2,0.01,0.0001,3.18168,0.05419,4392
1,0,star_sign,ema_lr5e-2,0.05,0.0001,3.13596,0.12045,4392
1,0,star_sign,ema_lr1e-2_wd1e-3,0.01,0.001,3.21919,0.10747,4392
1,0,star_sign,ema_d0.99,0.01,0.0001,3.23143,0.07286,4392
1,0,star_sign,ema_d0.9999,0.01,0.0001,3.18479,0.1423,4392
1,0,star_sign,mlp_h16,0.001,0.0,2.08946,0.70788,4392
1,0,star_sign,mlp_h32,0.001,0.0,2.36754,0.03461,4392
1,0,star_sign,mlp_h64,0.001,0.0,2.60484,0.0025,4392
1,0,star_sign,mlp_h128,0.001,0.0,2.49018,0.08106,4392
1,0,star_sign,attention,0.0001,1e-05,2.47358,0.46875,4392
1,0,star_sign,shuffled,0.01,0.0001,3.30016,0.12773,4392
1,4,age_bin,ema_lr1e-3,0.001,0.0001,1.5149,0.42372,4392
1,4,age_bin,ema_lr5e-3,0.005,0.0001,1.51713,0.36225,4392
1,4,age_bin,ema_lr1e-2,0.01,0.0001,1.40952,0.33242,4392
1,4,age_bin,ema_lr5e-2,0.05,0.0001,1.54129,0.39458,4392
1,4,age_bin,ema_lr1e-2_wd1e-3,0.01,0.001,1.49336,0.38616,4392
1,4,age_bin,ema_d0.99,0.01,0.0001,1.76821,0.40323,4392
1,4,age_bin,ema_d0.9999,0.01,0.0001,1.52214,0.26366,4392
1,4,age_bin,mlp_h16,0.001,0.0,0.87823,0.81444,4392
1,4,age_bin,mlp_h32,0.001,0.0,1.1491,0.26935,4392
1,4,age_bin,mlp_h64,0.001,0.0,1.06856,0.3454,4392
1,4,age_bin,mlp_h128,0.001,0.0,1.13295,0.27459,4392
1,4,age_bin,attention,0.0001,1e-05,1.03804,0.1875,4392
1,4,age_bin,shuffled,0.01,0.0001,1.53615,0.32559,4392
1,4,gender,ema_lr1e-3,0.001,0.0001,0.98472,0.5041,4392
1,4,gender,ema_lr5e-3,0.005,0.0001,1.03923,0.49271,4392
1,4,gender,ema_lr1e-2,0.01,0.0001,1.15439,0.48588,4392
1,4,gender,ema_lr5e-2,0.05,0.0001,0.93533,0.4811,4392
1,4,gender,ema_lr1e-2_wd1e-3,0.01,0.001,1.07651,0.50865,4392
1,4,gender,ema_d0.99,0.01,0.0001,0.8795,0.50797,4392
1,4,gender,ema_d0.9999,0.01,0.0001,1.02443,0.52254,4392
1,4,gender,mlp_h16,0.001,0.0,0.69982,0.47837,4392
1,4,gender,mlp_h32,0.001,0.0,0.70103,0.50706,4392
1,4,gender,mlp_h64,0.001,0.0,0.71583,0.4531,4392
1,4,gender,mlp_h128,0.001,0.0,0.69996,0.51343,4392
1,4,gender,attention,0.0001,1e-05,0.68413,0.54688,4392
1,4,gender,shuffled,0.01,0.0001,0.99298,0.51366,4392
1,4,star_sign,ema_lr1e-3,0.001,0.0001,3.19686,0.10747,4392
1,4,star_sign,ema_lr5e-3,0.005,0.0001,3.15657,0.07696,4392
1,4,star_sign,ema_lr1e-2,0.01,0.0001,3.14774,0.08515,4392
1,4,star_sign,ema_lr5e-2,0.05,0.0001,3.11436,0.03142,4392
1,4,star_sign,ema_lr1e-2_wd1e-3,0.01,0.001,3.30437,0.07992,4392
1,4,star_sign,ema_d0.99,0.01,0.0001,3.17941,0.14071,4392
1,4,star_sign,ema_d0.9999,0.01,0.0001,3.09099,0.08015,4392
1,4,star_sign,mlp_h16,0.001,0.0,2.82775,0.00023,4392
1,4,star_sign,mlp_h32,0.001,0.0,2.43574,0.06148,4392
1,4,star_sign,mlp_h64,0.001,0.0,2.76175,0.00023,4392
1,4,star_sign,mlp_h128,0.001,0.0,2.60599,0.01002,4392
1,4,star_sign,attention,0.0001,1e-05,2.57601,0.0,4392
1,4,star_sign,shuffled,0.01,0.0001,3.13103,0.08675,4392
1,6,age_bin,ema_lr1e-3,0.001,0.0001,1.73517,0.29485,4392
1,6,age_bin,ema_lr5e-3,0.005,0.0001,1.7256,0.2969,4392
1,6,age_bin,ema_lr1e-2,0.01,0.0001,1.6384,0.35451,4392
1,6,age_bin,ema_lr5e-2,0.05,0.0001,1.40942,0.38456,4392
1,6,age_bin,ema_lr1e-2_wd1e-3,0.01,0.001,1.50472,0.34449,4392
1,6,age_bin,ema_d0.99,0.01,0.0001,1.62194,0.36726,4392
1,6,age_bin,ema_d0.9999,0.01,0.0001,1.52139,0.33994,4392
1,6,age_bin,mlp_h16,0.001,0.0,1.0879,0.30943,4392
1,6,age_bin,mlp_h32,0.001,0.0,1.15783,0.15141,4392
1,6,age_bin,mlp_h64,0.001,0.0,1.01489,0.551,4392
1,6,age_bin,mlp_h128,0.001,0.0,1.03704,0.50068,4392
1,6,age_bin,attention,0.0001,1e-05,0.46739,0.96094,4392
1,6,age_bin,shuffled,0.01,0.0001,1.55559,0.31626,4392
1,6,gender,ema_lr1e-3,0.001,0.0001,1.10573,0.48839,4392
1,6,gender,ema_lr5e-3,0.005,0.0001,0.98929,0.51503,4392
1,6,gender,ema_lr1e-2,0.01,0.0001,1.09743,0.47814,4392
1,6,gender,ema_lr5e-2,0.05,0.0001,0.98571,0.49636,4392
1,6,gender,ema_lr1e-2_wd1e-3,0.01,0.001,1.13971,0.46995,4392
1,6,gender,ema_d0.99,0.01,0.0001,1.03297,0.4852,4392
1,6,gender,ema_d0.9999,0.01,0.0001,1.13892,0.48862,4392
1,6,gender,mlp_h16,0.001,0.0,0.69951,0.51343,4392
1,6,gender,mlp_h32,0.001,0.0,0.71582,0.46266,4392
1,6,gender,mlp_h64,0.001,0.0,0.6931,0.53529,4392
1,6,gender,mlp_h128,0.001,0.0,0.72148,0.46015,4392
1,6,gender,attention,0.0001,1e-05,4.83284,0.45312,4392
1,6,gender,shuffled,0.01,0.0001,0.98221,0.49294,4392
1,6,star_sign,ema_lr1e-3,0.001,0.0001,3.20542,0.08424,4392
1,6,star_sign,ema_lr5e-3,0.005,0.0001,3.30179,0.09312,4392
1,6,star_sign,ema_lr1e-2,0.01,0.0001,3.30566,0.06466,4392
1,6,star_sign,ema_lr5e-2,0.05,0.0001,3.10157,0.09859,4392
1,6,star_sign,ema_lr1e-2_wd1e-3,0.01,0.001,3.14998,0.05943,4392
1,6,star_sign,ema_d0.99,0.01,0.0001,3.21517,0.07787,4392
1,6,star_sign,ema_d0.9999,0.01,0.0001,3.24262,0.08242,4392
1,6,star_sign,mlp_h16,0.001,0.0,2.75911,0.00433,4392
1,6,star_sign,mlp_h32,0.001,0.0,2.23831,0.33652,4392
1,6,star_sign,mlp_h64,0.001,0.0,2.64909,0.00342,4392
1,6,star_sign,mlp_h128,0.001,0.0,2.36149,0.24454,4392
1,6,star_sign,attention,0.0001,1e-05,10.66632,0.125,4392
1,6,star_sign,shuffled,0.01,0.0001,3.22217,0.08356,4392
2,0,age_bin,ema_lr1e-3,0.001,0.0001,1.52198,0.37786,3975
2,0,age_bin,ema_lr5e-3,0.005,0.0001,1.61636,0.42566,3975
2,0,age_bin,ema_lr1e-2,0.01,0.0001,1.53417,0.3673,3975
2,0,age_bin,ema_lr5e-2,0.05,0.0001,1.49016,0.39044,3975
2,0,age_bin,ema_lr1e-2_wd1e-3,0.01,0.001,1.57848,0.29811,3975
2,0,age_bin,ema_d0.99,0.01,0.0001,1.61831,0.37987,3975
2,0,age_bin,ema_d0.9999,0.01,0.0001,1.56271,0.30717,3975
2,0,age_bin,mlp_h16,0.001,0.0,1.16533,0.22792,3975
2,0,age_bin,mlp_h32,0.001,0.0,1.14051,0.16075,3975
2,0,age_bin,mlp_h64,0.001,0.0,0.97033,0.68403,3975
2,0,age_bin,mlp_h128,0.001,0.0,0.87376,0.87321,3975
2,0,age_bin,attention,0.0001,1e-05,1.09216,0.71094,3975
2,0,age_bin,shuffled,0.01,0.0001,1.53104,0.30214,3975
2,0,gender,ema_lr1e-3,0.001,0.0001,1.07469,0.50289,3975
2,0,gender,ema_lr5e-3,0.005,0.0001,1.08783,0.49459,3975
2,0,gender,ema_lr1e-2,0.01,0.0001,1.01277,0.50591,3975
2,0,gender,ema_lr5e-2,0.05,0.0001,1.0233,0.50138,3975
2,0,gender,ema_lr1e-2_wd1e-3,0.01,0.001,1.15352,0.49434,3975
2,0,gender,ema_d0.99,0.01,0.0001,1.07782,0.49987,3975
2,0,gender,ema_d0.9999,0.01,0.0001,1.08053,0.50013,3975
2,0,gender,mlp_h16,0.001,0.0,0.70617,0.4883,3975
2,0,gender,mlp_h32,0.001,0.0,0.7065,0.49987,3975
2,0,gender,mlp_h64,0.001,0.0,0.70776,0.51371,3975
2,0,gender,mlp_h128,0.001,0.0,0.70267,0.50214,3975
2,0,gender,attention,0.0001,1e-05,0.69277,0.51562,3975
2,0,gender,shuffled,0.01,0.0001,1.09172,0.48679,3975
2,0,star_sign,ema_lr1e-3,0.001,0.0001,3.22044,0.13686,3975
2,0,star_sign,ema_lr5e-3,0.005,0.0001,3.25672,0.08101,3975
2,0,star_sign,ema_lr1e-2,0.01,0.0001,3.1674,0.05736,3975
2,0,star_sign,ema_lr5e-2,0.05,0.0001,3.08709,0.12151,3975
2,0,star_sign,ema_lr1e-2_wd1e-3,0.01,0.001,3.20206,0.10717,3975
2,0,star_sign,ema_d0.99,0.01,0.0001,3.21698,0.08151,3975
2,0,star_sign,ema_d0.9999,0.01,0.0001,3.16251,0.14843,3975
2,0,star_sign,mlp_h16,0.001,0.0,2.07787,0.73358,3975
2,0,star_sign,mlp_h32,0.001,0.0,2.34128,0.04327,3975
2,0,star_sign,mlp_h64,0.001,0.0,2.55927,0.00553,3975
2,0,star_sign,mlp_h128,0.001,0.0,2.41102,0.13987,3975
2,0,star_sign,attention,0.0001,1e-05,2.47306,0.52344,3975
2,0,star_sign,shuffled,0.01,0.0001,3.24524,0.13484,3975
2,4,age_bin,ema_lr1e-3,0.001,0.0001,1.50909,0.44881,3975
2,4,age_bin,ema_lr5e-3,0.005,0.0001,1.54941,0.34969,3975
2,4,age_bin,ema_lr1e-2,0.01,0.0001,1.39816,0.33887,3975
2,4,age_bin,ema_lr5e-2,0.05,0.0001,1.45933,0.41509,3975
2,4,age_bin,ema_lr1e-2_wd1e-3,0.01,0.001,1.54114,0.35472,3975
2,4,age_bin,ema_d0.99,0.01,0.0001,1.71931,0.4478,3975
2,4,age_bin,ema_d0.9999,0.01,0.0001,1.51306,0.26264,3975
2,4,age_bin,mlp_h16,0.001,0.0,0.86039,0.8478,3975
2,4,age_bin,mlp_h32,0.001,0.0,1.1143,0.32855,3975
2,4,age_bin,mlp_h64,0.001,0.0,1.02237,0.46189,3975
2,4,age_bin,mlp_h128,0.001,0.0,1.06665,0.44428,3975
2,4,age_bin,attention,0.0001,1e-05,1.0205,0.375,3975
2,4,age_bin,shuffled,0.01,0.0001,1.53118,0.33535,3975
2,4,gender,ema_lr1e-3,0.001,0.0001,1.03177,0.48881,3975
2,4,gender,ema_lr5e-3,0.005,0.0001,1.04303,0.50189,3975
2,4,gender,ema_lr1e-2,0.01,0.0001,1.10647,0.49635,3975
2,4,gender,ema_lr5e-2,0.05,0.0001,0.89463,0.50969,3975
2,4,gender,ema_lr1e-2_wd1e-3,0.01,0.001,1.03671,0.51245,3975
2,4,gender,ema_d0.99,0.01,0.0001,0.87668,0.5117,3975
2,4,gender,ema_d0.9999,0.01,0.0001,1.0603,0.51044,3975
2,4,gender,mlp_h16,0.001,0.0,0.69332,0.52075,3975
2,4,gender,mlp_h32,0.001,0.0,0.70616,0.48805,3975
2,4,gender,mlp_h64,0.001,0.0,0.69582,0.51245,3975
2,4,gender,mlp_h128,0.001,0.0,0.69909,0.4961,3975
2,4,gender,attention,0.0001,1e-05,0.70548,0.49219,3975
2,4,gender,shuffled,0.01,0.0001,0.99731,0.50692,3975
2,4,star_sign,ema_lr1e-3,0.001,0.0001,3.19723,0.10642,3975
2,4,star_sign,ema_lr5e-3,0.005,0.0001,3.18973,0.0727,3975
2,4,star_sign,ema_lr1e-2,0.01,0.0001,3.13355,0.09283,3975
2,4,star_sign,ema_lr5e-2,0.05,0.0001,3.00964,0.04151,3975
2,4,star_sign,ema_lr1e-2_wd1e-3,0.01,0.001,3.2879,0.08805,3975
2,4,star_sign,ema_d0.99,0.01,0.0001,3.19028,0.1434,3975
2,4,star_sign,ema_d0.9999,0.01,0.0001,3.0882,0.08453,3975
2,4,star_sign,mlp_h16,0.001,0.0,2.79904,0.00126,3975
2,4,star_sign,mlp_h32,0.001,0.0,2.40293,0.0956,3975
2,4,star_sign,mlp_h64,0.001,0.0,2.71204,0.00226,3975
2,4,star_sign,mlp_h128,0.001,0.0,2.51282,0.0395,3975
2,4,star_sign,attention,0.0001,1e-05,2.5682,0.0,3975
2,4,star_sign,shuffled,0.01,0.0001,3.12928,0.0878,3975
2,6,age_bin,ema_lr1e-3,0.001,0.0001,1.68878,0.30289,3975
2,6,age_bin,ema_lr5e-3,0.005,0.0001,1.78726,0.28881,3975
2,6,age_bin,ema_lr1e-2,0.01,0.0001,1.66249,0.33585,3975
2,6,age_bin,ema_lr5e-2,0.05,0.0001,1.37615,0.38943,3975
2,6,age_bin,ema_lr1e-2_wd1e-3,0.01,0.001,1.53406,0.33761,3975
2,6,age_bin,ema_d0.99,0.01,0.0001,1.67013,0.35044,3975
2,6,age_bin,ema_d0.9999,0.01,0.0001,1.53802,0.34541,3975
2,6,age_bin,mlp_h16,0.001,0.0,1.08319,0.3195,3975
2,6,age_bin,mlp_h32,0.001,0.0,1.12356,0.20704,3975
2,6,age_bin,mlp_h64,0.001,0.0,0.97558,0.66314,3975
2,6,age_bin,mlp_h128,0.001,0.0,0.96828,0.67472,3975
2,6,age_bin,attention,0.0001,1e-05,0.39266,0.95312,3975
2,6,age_bin,shuffled,0.01,0.0001,1.57034,0.30491,3975
2,6,gender,ema_lr1e-3,0.001,0.0001,1.11926,0.47774,3975
2,6,gender,ema_lr5e-3,0.005,0.0001,1.01884,0.5195,3975
2,6,gender,ema_lr1e-2,0.01,0.0001,0.95205,0.53862,3975
2,6,gender,ema_lr5e-2,0.05,0.0001,0.91471,0.51849,3975
2,6,gender,ema_lr1e-2_wd1e-3,0.01,0.001,1.10926,0.4956,3975
2,6,gender,ema_d0.99,0.01,0.0001,1.01476,0.50365,3975
2,6,gender,ema_d0.9999,0.01,0.0001,1.09435,0.51069,3975
2,6,gender,mlp_h16,0.001,0.0,0.70009,0.50792,3975
2,6,gender,mlp_h32,0.001,0.0,0.71555,0.46239,3975
2,6,gender,mlp_h64,0.001,0.0,0.69585,0.51849,3975
2,6,gender,mlp_h128,0.001,0.0,0.71803,0.4556,3975
2,6,gender,attention,0.0001,1e-05,4.60698,0.50781,3975
2,6,gender,shuffled,0.01,0.0001,0.95422,0.51321,3975
2,6,star_sign,ema_lr1e-3,0.001,0.0001,3.31948,0.06994,3975
2,6,star_sign,ema_lr5e-3,0.005,0.0001,3.20821,0.10943,3975
2,6,star_sign,ema_lr1e-2,0.01,0.0001,3.25658,0.06667,3975
2,6,star_sign,ema_lr5e-2,0.05,0.0001,3.05983,0.10591,3975
2,6,star_sign,ema_lr1e-2_wd1e-3,0.01,0.001,3.25032,0.04755,3975
2,6,star_sign,ema_d0.99,0.01,0.0001,3.2068,0.08528,3975
2,6,star_sign,ema_d0.9999,0.01,0.0001,3.22786,0.07296,3975
2,6,star_sign,mlp_h16,0.001,0.0,2.72284,0.00629,3975
2,6,star_sign,mlp_h32,0.001,0.0,2.1955,0.40327,3975
2,6,star_sign,mlp_h64,0.001,0.0,2.59999,0.0083,3975
2,6,star_sign,mlp_h128,0.001,0.0,2.28135,0.37434,3975
2,6,star_sign,attention,0.0001,1e-05,10.98402,0.17188,3975
2,6,star_sign,shuffled,0.01,0.0001,3.18905,0.09786,3975
3,0,age_bin,ema_lr1e-3,0.001,0.0001,1.53868,0.37783,4322
3,0,age_bin,ema_lr5e-3,0.005,0.0001,1.60813,0.42503,4322
3,0,age_bin,ema_lr1e-2,0.01,0.0001,1.54143,0.36418,4322
3,0,age_bin,ema_lr5e-2,0.05,0.0001,1.44308,0.4218,4322
3,0,age_bin,ema_lr1e-2_wd1e-3,0.01,0.001,1.55771,0.29755,4322
3,0,age_bin,ema_d0.99,0.01,0.0001,1.58953,0.3864,4322
3,0,age_bin,ema_d0.9999,0.01,0.0001,1.57229,0.30403,4322
3,0,age_bin,mlp_h16,0.001,0.0,1.14229,0.25914,4322
3,0,age_bin,mlp_h32,0.001,0.0,1.11925,0.19736,4322
3,0,age_bin,mlp_h64,0.001,0.0,0.93846,0.73947,4322
3,0,age_bin,mlp_h128,0.001,0.0,0.82212,0.93776,4322
3,0,age_bin,attention,0.0001,1e-05,1.09067,0.70312,4322
3,0,age_bin,shuffled,0.01,0.0001,1.54316,0.29523,4322
3,0,gender,ema_lr1e-3,0.001,0.0001,1.06113,0.51527,4322
3,0,gender,ema_lr5e-3,0.005,0.0001,1.06948,0.5,4322
3,0,gender,ema_lr1e-2,0.01,0.0001,1.03784,0.4808,4322
3,0,gender,ema_lr5e-2,0.05,0.0001,0.99676,0.5081,4322
3,0,gender,ema_lr1e-2_wd1e-3,0.01,0.001,1.14387,0.5,4322
3,0,gender,ema_d0.99,0.01,0.0001,1.06703,0.50023,4322
3,0,gender,ema_d0.9999,0.01,0.0001,1.07627,0.5037,4322
3,0,gender,mlp_h16,0.001,0.0,0.69697,0.51527,4322
3,0,gender,mlp_h32,0.001,0.0,0.69989,0.51666,4322
3,0,gender,mlp_h64,0.001,0.0,0.7194,0.47385,4322
3,0,gender,mlp_h128,0.001,0.0,0.69717,0.51411,4322
3,0,gender,attention,0.0001,1e-05,0.69363,0.47656,4322
3,0,gender,shuffled,0.01,0.0001,1.07383,0.49028,4322
3,0,star_sign,ema_lr1e-3,0.001,0.0001,3.25666,0.12564,4322
3,0,star_sign,ema_lr5e-3,0.005,0.0001,3.19936,0.07844,4322
3,0,star_sign,ema_lr1e-2,0.01,0.0001,3.14716,0.06062,4322
3,0,star_sign,ema_lr5e-2,0.05,0.0001,3.04935,0.1342,4322
3,0,star_sign,ema_lr1e-2_wd1e-3,0.01,0.001,3.22104,0.10227,4322
3,0,star_sign,ema_d0.99,0.01,0.0001,3.21978,0.07658,4322
3,0,star_sign,ema_d0.9999,0.01,0.0001,3.11631,0.14438,4322
3,0,star_sign,mlp_h16,0.001,0.0,2.05233,0.73855,4322
3,0,star_sign,mlp_h32,0.001,0.0,2.31043,0.059,4322
3,0,star_sign,mlp_h64,0.001,0.0,2.50853,0.01411,4322
3,0,star_sign,mlp_h128,0.001,0.0,2.32715,0.2559,4322
3,0,star_sign,attention,0.0001,1e-05,2.47188,0.625,4322
3,0,star_sign,shuffled,0.01,0.0001,3.29853,0.12286,4322
3,4,age_bin,ema_lr1e-3,0.001,0.0001,1.53376,0.42226,4322
3,4,age_bin,ema_lr5e-3,0.005,0.0001,1.5313,0.35331,4322
3,4,age_bin,ema_lr1e-2,0.01,0.0001,1.40146,0.33758,4322
3,4,age_bin,ema_lr5e-2,0.05,0.0001,1.39266,0.40259,4322
3,4,age_bin,ema_lr1e-2_wd1e-3,0.01,0.001,1.48782,0.37645,4322
3,4,age_bin,ema_d0.99,0.01,0.0001,1.6914,0.4329,4322
3,4,age_bin,ema_d0.9999,0.01,0.0001,1.52363,0.25983,4322
3,4,age_bin,mlp_h16,0.001,0.0,0.84064,0.86279,4322
3,4,age_bin,mlp_h32,0.001,0.0,1.09312,0.37182,4322
3,4,age_bin,mlp_h64,0.001,0.0,0.99324,0.55113,4322
3,4,age_bin,mlp_h128,0.001,0.0,1.00035,0.62702,4322
3,4,age_bin,attention,0.0001,1e-05,1.0204,0.34375,4322
3,4,age_bin,shuffled,0.01,0.0001,1.52302,0.32739,4322
3,4,gender,ema_lr1e-3,0.001,0.0001,1.03257,0.47964,4322
3,4,gender,ema_lr5e-3,0.005,0.0001,1.04163,0.50185,4322
3,4,gender,ema_lr1e-2,0.01,0.0001,1.08006,0.5044,4322
3,4,gender,ema_lr5e-2,0.05,0.0001,0.83942,0.52985,4322
3,4,gender,ema_lr1e-2_wd1e-3,0.01,0.001,1.03211,0.5081,4322
3,4,gender,ema_d0.99,0.01,0.0001,0.90677,0.50231,4322
3,4,gender,ema_d0.9999,0.01,0.0001,1.03099,0.50949,4322
3,4,gender,mlp_h16,0.001,0.0,0.69865,0.49213,4322
3,4,gender,mlp_h32,0.001,0.0,0.70228,0.50671,4322
3,4,gender,mlp_h64,0.001,0.0,0.70118,0.48033,4322
3,4,gender,mlp_h128,0.001,0.0,0.70078,0.49098,4322
3,4,gender,attention,0.0001,1e-05,0.69517,0.53125,4322
3,4,gender,shuffled,0.01,0.0001,1.01109,0.50532,4322
3,4,star_sign,ema_lr1e-3,0.001,0.0001,3.24264,0.10088,4322
3,4,star_sign,ema_lr5e-3,0.005,0.0001,3.11314,0.08723,4322
3,4,star_sign,ema_lr1e-2,0.01,0.0001,3.08959,0.09,4322
3,4,star_sign,ema_lr5e-2,0.05,0.0001,2.94921,0.05275,4322
3,4,star_sign,ema_lr1e-2_wd1e-3,0.01,0.001,3.24365,0.08098,4322
3,4,star_sign,ema_d0.99,0.01,0.0001,3.14979,0.15571,4322
3,4,star_sign,ema_d0.9999,0.01,0.0001,3.07484,0.07936,4322
3,4,star_sign,mlp_h16,0.001,0.0,2.77984,0.01596,4322
3,4,star_sign,mlp_h32,0.001,0.0,2.36643,0.12726,4322
3,4,star_sign,mlp_h64,0.001,0.0,2.65648,0.00255,4322
3,4,star_sign,mlp_h128,0.001,0.0,2.42076,0.1261,4322
3,4,star_sign,attention,0.0001,1e-05,2.54275,0.0,4322
3,4,star_sign,shuffled,0.01,0.0001,3.10872,0.08908,4322
3,6,age_bin,ema_lr1e-3,0.001,0.0001,1.71095,0.29847,4322
3,6,age_bin,ema_lr5e-3,0.005,0.0001,1.75071,0.30403,4322
3,6,age_bin,ema_lr1e-2,0.01,0.0001,1.63903,0.34012,4322
3,6,age_bin,ema_lr5e-2,0.05,0.0001,1.38087,0.36765,4322
3,6,age_bin,ema_lr1e-2_wd1e-3,0.01,0.001,1.51841,0.33665,4322
3,6,age_bin,ema_d0.99,0.01,0.0001,1.70817,0.34105,4322
3,6,age_bin,ema_d0.9999,0.01,0.0001,1.58669,0.33364,4322
3,6,age_bin,mlp_h16,0.001,0.0,1.06099,0.3857,4322
3,6,age_bin,mlp_h32,0.001,0.0,1.11602,0.20777,4322
3,6,age_bin,mlp_h64,0.001,0.0,0.93614,0.7633,4322
3,6,age_bin,mlp_h128,0.001,0.0,0.90868,0.82439,4322
3,6,age_bin,attention,0.0001,1e-05,0.2674,0.94531,4322
3,6,age_bin,shuffled,0.01,0.0001,1.51379,0.32323,4322
3,6,gender,ema_lr1e-3,0.001,0.0001,1.17563,0.45997,4322
3,6,gender,ema_lr5e-3,0.005,0.0001,1.10522,0.47409,4322
3,6,gender,ema_lr1e-2,0.01,0.0001,1.06495,0.49491,4322
3,6,gender,ema_lr5e-2,0.05,0.0001,0.99948,0.48959,4322
3,6,gender,ema_lr1e-2_wd1e-3,0.01,0.001,1.01846,0.51157,4322
3,6,gender,ema_d0.99,0.01,0.0001,1.08433,0.47015,4322
3,6,gender,ema_d0.9999,0.01,0.0001,1.14515,0.48658,4322
3,6,gender,mlp_h16,0.001,0.0,0.69231,0.52267,4322
3,6,gender,mlp_h32,0.001,0.0,0.70601,0.5,4322
3,6,gender,mlp_h64,0.001,0.0,0.70388,0.5037,4322
3,6,gender,mlp_h128,0.001,0.0,0.71019,0.46714,4322
3,6,gender,attention,0.0001,1e-05,3.49039,0.5625,4322
3,6,gender,shuffled,0.01,0.0001,0.97541,0.5,4322
3,6,star_sign,ema_lr1e-3,0.001,0.0001,3.15541,0.10065,4322
3,6,star_sign,ema_lr5e-3,0.005,0.0001,3.27604,0.09926,4322
3,6,star_sign,ema_lr1e-2,0.01,0.0001,3.23883,0.06756,4322
3,6,star_sign,ema_lr5e-2,0.05,0.0001,3.08044,0.09995,4322
3,6,star_sign,ema_lr1e-2_wd1e-3,0.01,0.001,3.21667,0.04859,4322
3,6,star_sign,ema_d0.99,0.01,0.0001,3.1837,0.08792,4322
3,6,star_sign,ema_d0.9999,0.01,0.0001,3.19619,0.07936,4322
3,6,star_sign,mlp_h16,0.001,0.0,2.69059,0.01249,4322
3,6,star_sign,mlp_h32,0.001,0.0,2.17315,0.46182,4322
3,6,star_sign,mlp_h64,0.001,0.0,2.553,0.01689,4322
3,6,star_sign,mlp_h128,0.001,0.0,2.17582,0.55715,4322
3,6,star_sign,attention,0.0001,1e-05,11.04271,0.10156,4322
3,6,star_sign,shuffled,0.01,0.0001,3.13225,0.09,4322
4,0,age_bin,ema_lr1e-3,0.001,0.0001,1.54768,0.378,4037
4,0,age_bin,ema_lr5e-3,0.005,0.0001,1.61187,0.41516,4037
4,0,age_bin,ema_lr1e-2,0.01,0.0001,1.49246,0.3889,4037
4,0,age_bin,ema_lr5e-2,0.05,0.0001,1.3449,0.45331,4037
4,0,age_bin,ema_lr1e-2_wd1e-3,0.01,0.001,1.52355,0.31979,4037
4,0,age_bin,ema_d0.99,0.01,0.0001,1.61243,0.37255,4037
4,0,age_bin,ema_d0.9999,0.01,0.0001,1.57483,0.31236,4037
4,0,age_bin,mlp_h16,0.001,0.0,1.12596,0.28883,4037
4,0,age_bin,mlp_h32,0.001,0.0,1.08908,0.26554,4037
4,0,age_bin,mlp_h64,0.001,0.0,0.90122,0.78796,4037
4,0,age_bin,mlp_h128,0.001,0.0,0.76858,0.973,4037
4,0,age_bin,attention,0.0001,1e-05,1.08931,0.8125,4037
4,0,age_bin,shuffled,0.01,0.0001,1.52528,0.29725,4037
4,0,gender,ema_lr1e-3,0.001,0.0001,1.09147,0.48898,4037
4,0,gender,ema_lr5e-3,0.005,0.0001,1.06223,0.49839,4037
4,0,gender,ema_lr1e-2,0.01,0.0001,0.99577,0.49889,4037
4,0,gender,ema_lr5e-2,0.05,0.0001,0.9934,0.49145,4037
4,0,gender,ema_lr1e-2_wd1e-3,0.01,0.001,1.12538,0.50409,4037
4,0,gender,ema_d0.99,0.01,0.0001,1.04558,0.50334,4037
4,0,gender,ema_d0.9999,0.01,0.0001,1.08557,0.49616,4037
4,0,gender,mlp_h16,0.001,0.0,0.70219,0.50508,4037
4,0,gender,mlp_h32,0.001,0.0,0.70271,0.50929,4037
4,0,gender,mlp_h64,0.001,0.0,0.71086,0.50087,4037
4,0,gender,mlp_h128,0.001,0.0,0.7008,0.4922,4037
4,0,gender,attention,0.0001,1e-05,0.69317,0.48438,4037
4,0,gender,shuffled,0.01,0.0001,1.03452,0.50904,4037
4,0,star_sign,ema_lr1e-3,0.001,0.0001,3.21644,0.12608,4037
4,0,star_sign,ema_lr5e-3,0.005,0.0001,3.21485,0.07976,4037
4,0,star_sign,ema_lr1e-2,0.01,0.0001,3.17563,0.05301,4037
4,0,star_sign,ema_lr5e-2,0.05,0.0001,2.93924,0.14243,4037
4,0,star_sign,ema_lr1e-2_wd1e-3,0.01,0.001,3.22161,0.10007,4037
4,0,star_sign,ema_d0.99,0.01,0.0001,3.1894,0.08521,4037
4,0,star_sign,ema_d0.9999,0.01,0.0001,3.16302,0.13971,4037
4,0,star_sign,mlp_h16,0.001,0.0,2.02573,0.76195,4037
4,0,star_sign,mlp_h32,0.001,0.0,2.28086,0.06762,4037
4,0,star_sign,mlp_h64,0.001,0.0,2.45719,0.03443,4037
4,0,star_sign,mlp_h128,0.001,0.0,2.2417,0.4543,4037
4,0,star_sign,attention,0.0001,1e-05,2.46906,0.71875,4037
4,0,star_sign,shuffled,0.01,0.0001,3.20686,0.13029,4037
4,4,age_bin,ema_lr1e-3,0.001,0.0001,1.51528,0.42432,4037
4,4,age_bin,ema_lr5e-3,0.005,0.0001,1.50165,0.37156,4037
4,4,age_bin,ema_lr1e-2,0.01,0.0001,1.35315,0.35571,4037
4,4,age_bin,ema_lr5e-2,0.05,0.0001,1.3389,0.4164,4037
4,4,age_bin,ema_lr1e-2_wd1e-3,0.01,0.001,1.48219,0.36834,4037
4,4,age_bin,ema_d0.99,0.01,0.0001,1.72558,0.42086,4037
4,4,age_bin,ema_d0.9999,0.01,0.0001,1.43652,0.29106,4037
4,4,age_bin,mlp_h16,0.001,0.0,0.82738,0.88853,4037
4,4,age_bin,mlp_h32,0.001,0.0,1.04969,0.47114,4037
4,4,age_bin,mlp_h64,0.001,0.0,0.94764,0.67847,4037
4,4,age_bin,mlp_h128,0.001,0.0,0.93173,0.81372,4037
4,4,age_bin,attention,0.0001,1e-05,0.99585,0.49219,4037
4,4,age_bin,shuffled,0.01,0.0001,1.52213,0.33465,4037
4,4,gender,ema_lr1e-3,0.001,0.0001,0.97925,0.5078,4037
4,4,gender,ema_lr5e-3,0.005,0.0001,1.02251,0.51201,4037
4,4,gender,ema_lr1e-2,0.01,0.0001,1.11495,0.48204,4037
4,4,gender,ema_lr5e-2,0.05,0.0001,0.8531,0.50929,4037
4,4,gender,ema_lr1e-2_wd1e-3,0.01,0.001,1.06735,0.49195,4037
4,4,gender,ema_d0.99,0.01,0.0001,0.87915,0.50433,4037
4,4,gender,ema_d0.9999,0.01,0.0001,1.0498,0.50136,4037
4,4,gender,mlp_h16,0.001,0.0,0.69482,0.51548,4037
4,4,gender,mlp_h32,0.001,0.0,0.70835,0.4756,4037
4,4,gender,mlp_h64,0.001,0.0,0.70164,0.47684,4037
4,4,gender,mlp_h128,0.001,0.0,0.69994,0.47956,4037
4,4,gender,attention,0.0001,1e-05,0.6886,0.53906,4037
4,4,gender,shuffled,0.01,0.0001,1.00837,0.49517,4037
4,4,star_sign,ema_lr1e-3,0.001,0.0001,3.18468,0.10627,4037
4,4,star_sign,ema_lr5e-3,0.005,0.0001,3.21244,0.07159,4037
4,4,star_sign,ema_lr1e-2,0.01,0.0001,3.1543,0.0919,4037
4,4,star_sign,ema_lr5e-2,0.05,0.0001,2.8525,0.05722,4037
4,4,star_sign,ema_lr1e-2_wd1e-3,0.01,0.001,3.30857,0.07134,4037
4,4,star_sign,ema_d0.99,0.01,0.0001,3.11439,0.15655,4037
4,4,star_sign,ema_d0.9999,0.01,0.0001,3.05166,0.08397,4037
4,4,star_sign,mlp_h16,0.001,0.0,2.7529,0.0265,4037
4,4,star_sign,mlp_h32,0.001,0.0,2.33161,0.16795,4037
4,4,star_sign,mlp_h64,0.001,0.0,2.60925,0.00669,4037
4,4,star_sign,mlp_h128,0.001,0.0,2.32244,0.2648,4037
4,4,star_sign,attention,0.0001,1e-05,2.54592,0.0,4037
4,4,star_sign,shuffled,0.01,0.0001,3.09686,0.08595,4037
4,6,age_bin,ema_lr1e-3,0.001,0.0001,1.81688,0.28214,4037
4,6,age_bin,ema_lr5e-3,0.005,0.0001,1.61955,0.33069,4037
4,6,age_bin,ema_lr1e-2,0.01,0.0001,1.69793,0.31806,4037
4,6,age_bin,ema_lr5e-2,0.05,0.0001,1.38572,0.38073,4037
4,6,age_bin,ema_lr1e-2_wd1e-3,0.01,0.001,1.53596,0.32945,4037
4,6,age_bin,ema_d0.99,0.01,0.0001,1.59357,0.36834,4037
4,6,age_bin,ema_d0.9999,0.01,0.0001,1.51373,0.34283,4037
4,6,age_bin,mlp_h16,0.001,0.0,1.03081,0.45702,4037
4,6,age_bin,mlp_h32,0.001,0.0,1.08105,0.26926,4037
4,6,age_bin,mlp_h64,0.001,0.0,0.9029,0.8323,4037
4,6,age_bin,mlp_h128,0.001,0.0,0.84868,0.8972,4037
4,6,age_bin,attention,0.0001,1e-05,0.1774,0.95312,4037
4,6,age_bin,shuffled,0.01,0.0001,1.50686,0.32524,4037
4,6,gender,ema_lr1e-3,0.001,0.0001,1.01966,0.51945,4037
4,6,gender,ema_lr5e-3,0.005,0.0001,1.01629,0.51845,4037
4,6,gender,ema_lr1e-2,0.01,0.0001,1.04119,0.49467,4037
4,6,gender,ema_lr5e-2,0.05,0.0001,0.92503,0.50557,4037
4,6,gender,ema_lr1e-2_wd1e-3,0.01,0.001,1.10887,0.48353,4037
4,6,gender,ema_d0.99,0.01,0.0001,0.99944,0.50607,4037
4,6,gender,ema_d0.9999,0.01,0.0001,1.16414,0.4699,4037
4,6,gender,mlp_h16,0.001,0.0,0.70693,0.47411,4037
4,6,gender,mlp_h32,0.001,0.0,0.69824,0.51201,4037
4,6,gender,mlp_h64,0.001,0.0,0.70816,0.48477,4037
4,6,gender,mlp_h128,0.001,0.0,0.70217,0.49616,4037
4,6,gender,attention,0.0001,1e-05,4.93754,0.42188,4037
4,6,gender,shuffled,0.01,0.0001,1.0072,0.49071,4037
4,6,star_sign,ema_lr1e-3,0.001,0.0001,3.17606,0.08967,4037
4,6,star_sign,ema_lr5e-3,0.005,0.0001,3.18214,0.11246,4037
4,6,star_sign,ema_lr1e-2,0.01,0.0001,3.22417,0.06614,4037
4,6,star_sign,ema_lr5e-2,0.05,0.0001,2.97438,0.12088,4037
4,6,star_sign,ema_lr1e-2_wd1e-3,0.01,0.001,3.22657,0.04607,4037
4,6,star_sign,ema_d0.99,0.01,0.0001,3.18768,0.0758,4037
4,6,star_sign,ema_d0.9999,0.01,0.0001,3.19426,0.08719,4037
4,6,star_sign,mlp_h16,0.001,0.0,2.69556,0.00619,4037
4,6,star_sign,mlp_h32,0.001,0.0,2.14761,0.48204,4037
4,6,star_sign,mlp_h64,0.001,0.0,2.50668,0.02205,4037
4,6,star_sign,mlp_h128,0.001,0.0,2.09746,0.68615,4037
4,6,star_sign,attention,0.0001,1e-05,10.98057,0.14062,4037
4,6,star_sign,shuffled,0.01,0.0001,3.30285,0.07307,4037
5,0,age_bin,ema_lr1e-3,0.001,0.0001,1.52789,0.3834,3868
5,0,age_bin,ema_lr5e-3,0.005,0.0001,1.59126,0.42865,3868
5,0,age_bin,ema_lr1e-2,0.01,0.0001,1.5068,0.3741,3868
5,0,age_bin,ema_lr5e-2,0.05,0.0001,1.33045,0.44054,3868
5,0,age_bin,ema_lr1e-2_wd1e-3,0.01,0.001,1.52304,0.31075,3868
5,0,age_bin,ema_d0.99,0.01,0.0001,1.57556,0.38599,3868
5,0,age_bin,ema_d0.9999,0.01,0.0001,1.56586,0.30455,3868
5,0,age_bin,mlp_h16,0.001,0.0,1.11415,0.30145,3868
5,0,age_bin,mlp_h32,0.001,0.0,1.07426,0.34074,3868
5,0,age_bin,mlp_h64,0.001,0.0,0.86822,0.91443,3868
5,0,age_bin,mlp_h128,0.001,0.0,0.71579,0.99224,3868
5,0,age_bin,attention,0.0001,1e-05,1.08889,0.82812,3868
5,0,age_bin,shuffled,0.01,0.0001,1.51617,0.28775,3868
5,0,gender,ema_lr1e-3,0.001,0.0001,1.03638,0.51887,3868
5,0,gender,ema_lr5e-3,0.005,0.0001,1.06024,0.50026,3868
5,0,gender,ema_lr1e-2,0.01,0.0001,0.97775,0.51913,3868
5,0,gender,ema_lr5e-2,0.05,0.0001,0.97512,0.49767,3868
5,0,gender,ema_lr1e-2_wd1e-3,0.01,0.001,1.1424,0.49767,3868
5,0,gender,ema_d0.99,0.01,0.0001,1.05131,0.51189,3868
5,0,gender,ema_d0.9999,0.01,0.0001,1.03452,0.52146,3868
5,0,gender,mlp_h16,0.001,0.0,0.70273,0.50078,3868
5,0,gender,mlp_h32,0.001,0.0,0.70928,0.48035,3868
5,0,gender,mlp_h64,0.001,0.0,0.69761,0.53568,3868
5,0,gender,mlp_h128,0.001,0.0,0.70507,0.47466,3868
5,0,gender,attention,0.0001,1e-05,0.69264,0.57031,3868
5,0,gender,shuffled,0.01,0.0001,1.07021,0.49328,3868
5,0,star_sign,ema_lr1e-3,0.001,0.0001,3.2049,0.15357,3868
5,0,star_sign,ema_lr5e-3,0.005,0.0001,3.15795,0.09204,3868
5,0,star_sign,ema_lr1e-2,0.01,0.0001,3.11888,0.06153,3868
5,0,star_sign,ema_lr5e-2,0.05,0.0001,2.89613,0.14323,3868
5,0,star_sign,ema_lr1e-2_wd1e-3,0.01,0.001,3.1581,0.10962,3868
5,0,star_sign,ema_d0.99,0.01,0.0001,3.19428,0.08583,3868
5,0,star_sign,ema_d0.9999,0.01,0.0001,3.09349,0.15305,3868
5,0,star_sign,mlp_h16,0.001,0.0,2.00963,0.79886,3868
5,0,star_sign,mlp_h32,0.001,0.0,2.25127,0.09049,3868
5,0,star_sign,mlp_h64,0.001,0.0,2.41342,0.08893,3868
5,0,star_sign,mlp_h128,0.001,0.0,2.16023,0.68149,3868
5,0,star_sign,attention,0.0001,1e-05,2.46712,0.83594,3868
5,0,star_sign,shuffled,0.01,0.0001,3.20829,0.12952,3868
5,4,age_bin,ema_lr1e-3,0.001,0.0001,1.47891,0.44597,3868
5,4,age_bin,ema_lr5e-3,0.005,0.0001,1.55571,0.34178,3868
5,4,age_bin,ema_lr1e-2,0.01,0.0001,1.35751,0.34023,3868
5,4,age_bin,ema_lr5e-2,0.05,0.0001,1.23566,0.42115,3868
5,4,age_bin,ema_lr1e-2_wd1e-3,0.01,0.001,1.45221,0.37048,3868
5,4,age_bin,ema_d0.99,0.01,0.0001,1.63805,0.43692,3868
5,4,age_bin,ema_d0.9999,0.01,0.0001,1.46363,0.27378,3868
5,4,age_bin,mlp_h16,0.001,0.0,0.80227,0.91624,3868
5,4,age_bin,mlp_h32,0.001,0.0,1.03207,0.51448,3868
5,4,age_bin,mlp_h64,0.001,0.0,0.90388,0.77456,3868
5,4,age_bin,mlp_h128,0.001,0.0,0.88163,0.9152,3868
5,4,age_bin,attention,0.0001,1e-05,0.98478,0.65625,3868
5,4,age_bin,shuffled,0.01,0.0001,1.51046,0.32523,3868
5,4,gender,ema_lr1e-3,0.001,0.0001,0.96793,0.50103,3868
5,4,gender,ema_lr5e-3,0.005,0.0001,1.0642,0.47234,3868
5,4,gender,ema_lr1e-2,0.01,0.0001,1.07244,0.49586,3868
5,4,gender,ema_lr5e-2,0.05,0.0001,0.7832,0.54783,3868
5,4,gender,ema_lr1e-2_wd1e-3,0.01,0.001,1.04422,0.49612,3868
5,4,gender,ema_d0.99,0.01,0.0001,0.89963,0.50388,3868
5,4,gender,ema_d0.9999,0.01,0.0001,1.00438,0.51422,3868
5,4,gender,mlp_h16,0.001,0.0,0.6944,0.52094,3868
5,4,gender,mlp_h32,0.001,0.0,0.7024,0.49147,3868
5,4,gender,mlp_h64,0.001,0.0,0.69024,0.53542,3868
5,4,gender,mlp_h128,0.001,0.0,0.70205,0.50879,3868
5,4,gender,attention,0.0001,1e-05,0.7185,0.45312,3868
5,4,gender,shuffled,0.01,0.0001,1.01159,0.49793,3868
5,4,star_sign,ema_lr1e-3,0.001,0.0001,3.17434,0.11039,3868
5,4,star_sign,ema_lr5e-3,0.005,0.0001,3.10388,0.08738,3868
5,4,star_sign,ema_lr1e-2,0.01,0.0001,3.11964,0.07963,3868
5,4,star_sign,ema_lr5e-2,0.05,0.0001,2.79291,0.06101,3868
5,4,star_sign,ema_lr1e-2_wd1e-3,0.01,0.001,3.22078,0.09126,3868
5,4,star_sign,ema_d0.99,0.01,0.0001,3.16575,0.14995,3868
5,4,star_sign,ema_d0.9999,0.01,0.0001,3.03644,0.08351,3868
5,4,star_sign,mlp_h16,0.001,0.0,2.73476,0.02611,3868
5,4,star_sign,mlp_h32,0.001,0.0,2.30572,0.18795,3868
5,4,star_sign,mlp_h64,0.001,0.0,2.55474,0.01577,3868
5,4,star_sign,mlp_h128,0.001,0.0,2.24251,0.40538,3868
5,4,star_sign,attention,0.0001,1e-05,2.53059,0.0,3868
5,4,star_sign,shuffled,0.01,0.0001,3.05746,0.09824,3868
5,6,age_bin,ema_lr1e-3,0.001,0.0001,1.5868,0.33945,3868
5,6,age_bin,ema_lr5e-3,0.005,0.0001,1.72607,0.30377,3868
5,6,age_bin,ema_lr1e-2,0.01,0.0001,1.60786,0.34514,3868
5,6,age_bin,ema_lr5e-2,0.05,0.0001,1.38727,0.38082,3868
5,6,age_bin,ema_lr1e-2_wd1e-3,0.01,0.001,1.55664,0.31541,3868
5,6,age_bin,ema_d0.99,0.01,0.0001,1.61659,0.35677,3868
5,6,age_bin,ema_d0.9999,0.01,0.0001,1.5768,0.3242,3868
5,6,age_bin,mlp_h16,0.001,0.0,1.03462,0.44907,3868
5,6,age_bin,mlp_h32,0.001,0.0,1.05832,0.33325,3868
5,6,age_bin,mlp_h64,0.001,0.0,0.86855,0.88806,3868
5,6,age_bin,mlp_h128,0.001,0.0,0.79285,0.95631,3868
5,6,age_bin,attention,0.0001,1e-05,0.13391,0.96094,3868
5,6,age_bin,shuffled,0.01,0.0001,1.49675,0.32704,3868
5,6,gender,ema_lr1e-3,0.001,0.0001,1.09728,0.4938,3868
5,6,gender,ema_lr5e-3,0.005,0.0001,1.1396,0.47622,3868
5,6,gender,ema_lr1e-2,0.01,0.0001,1.1314,0.47363,3868
5,6,gender,ema_lr5e-2,0.05,0.0001,0.88658,0.5274,3868
5,6,gender,ema_lr1e-2_wd1e-3,0.01,0.001,1.10846,0.48294,3868
5,6,gender,ema_d0.99,0.01,0.0001,1.07186,0.47622,3868
5,6,gender,ema_d0.9999,0.01,0.0001,1.09347,0.48862,3868
5,6,gender,mlp_h16,0.001,0.0,0.70365,0.48811,3868
5,6,gender,mlp_h32,0.001,0.0,0.68377,0.55429,3868
5,6,gender,mlp_h64,0.001,0.0,0.70266,0.49095,3868
5,6,gender,mlp_h128,0.001,0.0,0.70271,0.49612,3868
5,6,gender,attention,0.0001,1e-05,3.83204,0.47656,3868
5,6,gender,shuffled,0.01,0.0001,1.00811,0.49897,3868
5,6,star_sign,ema_lr1e-3,0.001,0.0001,3.16231,0.10083,3868
5,6,star_sign,ema_lr5e-3,0.005,0.0001,3.28507,0.09953,3868
5,6,star_sign,ema_lr1e-2,0.01,0.0001,3.26917,0.0592,3868
5,6,star_sign,ema_lr5e-2,0.05,0.0001,2.90646,0.13366,3868
5,6,star_sign,ema_lr1e-2_wd1e-3,0.01,0.001,3.32852,0.04111,3868
5,6,star_sign,ema_d0.99,0.01,0.0001,3.09974,0.09617,3868
5,6,star_sign,ema_d0.9999,0.01,0.0001,3.08863,0.08299,3868
5,6,star_sign,mlp_h16,0.001,0.0,2.637,0.01732,3868
5,6,star_sign,mlp_h32,0.001,0.0,2.11116,0.5486,3868
5,6,star_sign,mlp_h64,0.001,0.0,2.46467,0.04654,3868
5,6,star_sign,mlp_h128,0.001,0.0,1.99383,0.82911,3868
5,6,star_sign,attention,0.0001,1e-05,7.88031,0.20312,3868
5,6,star_sign,shuffled,0.01,0.0001,3.2724,0.08402,3868
6,0,age_bin,ema_lr1e-3,0.001,0.0001,1.51019,0.38702,4098
6,0,age_bin,ema_lr5e-3,0.005,0.0001,1.57298,0.43167,4098
6,0,age_bin,ema_lr1e-2,0.01,0.0001,1.49754,0.38043,4098
6,0,age_bin,ema_lr5e-2,0.05,0.0001,1.30513,0.45046,4098
6,0,age_bin,ema_lr1e-2_wd1e-3,0.01,0.001,1.53489,0.30454,4098
6,0,age_bin,ema_d0.99,0.01,0.0001,1.60605,0.38604,4098
6,0,age_bin,ema_d0.9999,0.01,0.0001,1.53968,0.30698,4098
6,0,age_bin,mlp_h16,0.001,0.0,1.09755,0.31576,4098
6,0,age_bin,mlp_h32,0.001,0.0,1.05306,0.42826,4098
6,0,age_bin,mlp_h64,0.001,0.0,0.83492,0.93485,4098
6,0,age_bin,mlp_h128,0.001,0.0,0.66937,0.99683,4098
6,0,age_bin,attention,0.0001,1e-05,1.08732,0.89844,4098
6,0,age_bin,shuffled,0.01,0.0001,1.48771,0.29258,4098
6,0,gender,ema_lr1e-3,0.001,0.0001,1.06216,0.49878,4098
6,0,gender,ema_lr5e-3,0.005,0.0001,1.05954,0.5061,4098
6,0,gender,ema_lr1e-2,0.01,0.0001,0.98622,0.5039,4098
6,0,gender,ema_lr5e-2,0.05,0.0001,0.96237,0.4978,4098
6,0,gender,ema_lr1e-2_wd1e-3,0.01,0.001,1.17938,0.48682,4098
6,0,gender,ema_d0.99,0.01,0.0001,1.03432,0.5039,4098
6,0,gender,ema_d0.9999,0.01,0.0001,1.08501,0.49732,4098
6,0,gender,mlp_h16,0.001,0.0,0.69857,0.51,4098
6,0,gender,mlp_h32,0.001,0.0,0.70051,0.50659,4098
6,0,gender,mlp_h64,0.001,0.0,0.71168,0.48292,4098
6,0,gender,mlp_h128,0.001,0.0,0.69412,0.51977,4098
6,0,gender,attention,0.0001,1e-05,0.69302,0.50781,4098
6,0,gender,shuffled,0.01,0.0001,1.06478,0.49292,4098
6,0,star_sign,ema_lr1e-3,0.001,0.0001,3.23909,0.15032,4098
6,0,star_sign,ema_lr5e-3,0.005,0.0001,3.19151,0.08736,4098
6,0,star_sign,ema_lr1e-2,0.01,0.0001,3.13361,0.05735,4098
6,0,star_sign,ema_lr5e-2,0.05,0.0001,2.87644,0.14422,4098
6,0,star_sign,ema_lr1e-2_wd1e-3,0.01,0.001,3.18616,0.10249,4098
6,0,star_sign,ema_d0.99,0.01,0.0001,3.15983,0.08321,4098
6,0,star_sign,ema_d0.9999,0.01,0.0001,3.08804,0.15788,4098
6,0,star_sign,mlp_h16,0.001,0.0,1.98918,0.81064,4098
6,0,star_sign,mlp_h32,0.001,0.0,2.22697,0.14397,4098
6,0,star_sign,mlp_h64,0.001,0.0,2.35636,0.17521,4098
6,0,star_sign,mlp_h128,0.001,0.0,2.08057,0.78258,4098
6,0,star_sign,attention,0.0001,1e-05,2.46655,0.88281,4098
6,0,star_sign,shuffled,0.01,0.0001,3.22218,0.12884,4098
6,4,age_bin,ema_lr1e-3,0.001,0.0001,1.51572,0.42875,4098
6,4,age_bin,ema_lr5e-3,0.005,0.0001,1.50848,0.36774,4098
6,4,age_bin,ema_lr1e-2,0.01,0.0001,1.36926,0.33626,4098
6,4,age_bin,ema_lr5e-2,0.05,0.0001,1.22667,0.43021,4098
6,4,age_bin,ema_lr1e-2_wd1e-3,0.01,0.001,1.45363,0.36554,4098
6,4,age_bin,ema_d0.99,0.01,0.0001,1.64068,0.43021,4098
6,4,age_bin,ema_d0.9999,0.01,0.0001,1.44729,0.29795,4098
6,4,age_bin,mlp_h16,0.001,0.0,0.79833,0.91752,4098
6,4,age_bin,mlp_h32,0.001,0.0,0.99512,0.59541,4098
6,4,age_bin,mlp_h64,0.001,0.0,0.87531,0.82845,4098
6,4,age_bin,mlp_h128,0.001,0.0,0.82616,0.96755,4098
6,4,age_bin,attention,0.0001,1e-05,0.98147,0.65625,4098
6,4,age_bin,shuffled,0.01,0.0001,1.49435,0.32626,4098
6,4,gender,ema_lr1e-3,0.001,0.0001,0.94811,0.51049,4098
6,4,gender,ema_lr5e-3,0.005,0.0001,0.96624,0.52147,4098
6,4,gender,ema_lr1e-2,0.01,0.0001,1.02325,0.50903,4098
6,4,gender,ema_lr5e-2,0.05,0.0001,0.86971,0.49268,4098
6,4,gender,ema_lr1e-2_wd1e-3,0.01,0.001,1.01431,0.51611,4098
6,4,gender,ema_d0.99,0.01,0.0001,0.85772,0.51757,4098
6,4,gender,ema_d0.9999,0.01,0.0001,1.03298,0.48902,4098
6,4,gender,mlp_h16,0.001,0.0,0.69805,0.49073,4098
6,4,gender,mlp_h32,0.001,0.0,0.69682,0.50488,4098
6,4,gender,mlp_h64,0.001,0.0,0.69787,0.49,4098
6,4,gender,mlp_h128,0.001,0.0,0.69428,0.52465,4098
6,4,gender,attention,0.0001,1e-05,0.70116,0.53906,4098
6,4,gender,shuffled,0.01,0.0001,0.99542,0.50561,4098
6,4,star_sign,ema_lr1e-3,0.001,0.0001,3.24309,0.10444,4098
6,4,star_sign,ema_lr5e-3,0.005,0.0001,3.08984,0.08297,4098
6,4,star_sign,ema_lr1e-2,0.01,0.0001,3.01283,0.09614,4098
6,4,star_sign,ema_lr5e-2,0.05,0.0001,2.78016,0.07467,4098
6,4,star_sign,ema_lr1e-2_wd1e-3,0.01,0.001,3.13098,0.09858,4098
6,4,star_sign,ema_d0.99,0.01,0.0001,3.10155,0.15959,4098
6,4,star_sign,ema_d0.9999,0.01,0.0001,3.03428,0.08199,4098
6,4,star_sign,mlp_h16,0.001,0.0,2.72125,0.02465,4098
6,4,star_sign,mlp_h32,0.001,0.0,2.28123,0.23816,4098
6,4,star_sign,mlp_h64,0.001,0.0,2.49846,0.0366,4098
6,4,star_sign,mlp_h128,0.001,0.0,2.15235,0.56491,4098
6,4,star_sign,attention,0.0001,1e-05,2.51472,0.0,4098
6,4,star_sign,shuffled,0.01,0.0001,3.02634,0.10151,4098
6,6,age_bin,ema_lr1e-3,0.001,0.0001,1.75244,0.30527,4098
6,6,age_bin,ema_lr5e-3,0.005,0.0001,1.70341,0.31869,4098
6,6,age_bin,ema_lr1e-2,0.01,0.0001,1.47782,0.3958,4098
6,6,age_bin,ema_lr5e-2,0.05,0.0001,1.24619,0.42216,4098
6,6,age_bin,ema_lr1e-2_wd1e-3,0.01,0.001,1.44283,0.34968,4098
6,6,age_bin,ema_d0.99,0.01,0.0001,1.56465,0.35993,4098
6,6,age_bin,ema_d0.9999,0.01,0.0001,1.51705,0.32967,4098
6,6,age_bin,mlp_h16,0.001,0.0,1.01854,0.46925,4098
6,6,age_bin,mlp_h32,0.001,0.0,1.03755,0.36579,4098
6,6,age_bin,mlp_h64,0.001,0.0,0.83322,0.93216,4098
6,6,age_bin,mlp_h128,0.001,0.0,0.74413,0.97975,4098
6,6,age_bin,attention,0.0001,1e-05,0.3168,0.96094,4098
6,6,age_bin,shuffled,0.01,0.0001,1.54843,0.30722,4098
6,6,gender,ema_lr1e-3,0.001,0.0001,1.02999,0.51586,4098
6,6,gender,ema_lr5e-3,0.005,0.0001,1.07358,0.49732,4098
6,6,gender,ema_lr1e-2,0.01,0.0001,0.95654,0.52294,4098
6,6,gender,ema_lr5e-2,0.05,0.0001,0.95397,0.47584,4098
6,6,gender,ema_lr1e-2_wd1e-3,0.01,0.001,1.09652,0.47926,4098
6,6,gender,ema_d0.99,0.01,0.0001,0.95419,0.51342,4098
6,6,gender,ema_d0.9999,0.01,0.0001,1.09394,0.49439,4098
6,6,gender,mlp_h16,0.001,0.0,0.69769,0.50854,4098
6,6,gender,mlp_h32,0.001,0.0,0.70615,0.48878,4098
6,6,gender,mlp_h64,0.001,0.0,0.70079,0.49854,4098
6,6,gender,mlp_h128,0.001,0.0,0.68079,0.55905,4098
6,6,gender,attention,0.0001,1e-05,3.59606,0.47656,4098
6,6,gender,shuffled,0.01,0.0001,0.99411,0.49732,4098
6,6,star_sign,ema_lr1e-3,0.001,0.0001,3.2041,0.08809,4098
6,6,star_sign,ema_lr5e-3,0.005,0.0001,3.16039,0.10981,4098
6,6,star_sign,ema_lr1e-2,0.01,0.0001,3.23454,0.06979,4098
6,6,star_sign,ema_lr5e-2,0.05,0.0001,2.86375,0.1369,4098
6,6,star_sign,ema_lr1e-2_wd1e-3,0.01,0.001,3.15323,0.06223,4098
6,6,star_sign,ema_d0.99,0.01,0.0001,3.16571,0.08443,4098
6,6,star_sign,ema_d0.9999,0.01,0.0001,3.2271,0.07882,4098
6,6,star_sign,mlp_h16,0.001,0.0,2.63524,0.02147,4098
6,6,star_sign,mlp_h32,0.001,0.0,2.07342,0.64837,4098
6,6,star_sign,mlp_h64,0.001,0.0,2.39804,0.102,4098
6,6,star_sign,mlp_h128,0.001,0.0,1.91519,0.90068,4098
6,6,star_sign,attention,0.0001,1e-05,9.04385,0.21094,4098
6,6,star_sign,shuffled,0.01,0.0001,3.14372,0.10054,4098
7,0,age_bin,ema_lr1e-3,0.001,0.0001,1.52846,0.38009,4078
7,0,age_bin,ema_lr5e-3,0.005,0.0001,1.60483,0.42962,4078
7,0,age_bin,ema_lr1e-2,0.01,0.0001,1.47102,0.38352,4078
7,0,age_bin,ema_lr5e-2,0.05,0.0001,1.22982,0.48038,4078
7,0,age_bin,ema_lr1e-2_wd1e-3,0.01,0.001,1.5278,0.30039,4078
7,0,age_bin,ema_d0.99,0.01,0.0001,1.60167,0.37469,4078
7,0,age_bin,ema_d0.9999,0.01,0.0001,1.52815,0.30383,4078
7,0,age_bin,mlp_h16,0.001,0.0,1.08094,0.33252,4078
7,0,age_bin,mlp_h32,0.001,0.0,1.03608,0.48602,4078
7,0,age_bin,mlp_h64,0.001,0.0,0.80195,0.94998,4078
7,0,age_bin,mlp_h128,0.001,0.0,0.62535,0.99902,4078
7,0,age_bin,attention,0.0001,1e-05,1.08692,0.875,4078
7,0,age_bin,shuffled,0.01,0.0001,1.50606,0.30015,4078
7,0,gender,ema_lr1e-3,0.001,0.0001,1.03458,0.5076,4078
7,0,gender,ema_lr5e-3,0.005,0.0001,1.0388,0.51226,4078
7,0,gender,ema_lr1e-2,0.01,0.0001,0.99279,0.5,4078
7,0,gender,ema_lr5e-2,0.05,0.0001,0.96708,0.50368,4078
7,0,gender,ema_lr1e-2_wd1e-3,0.01,0.001,1.07767,0.50564,4078
7,0,gender,ema_d0.99,0.01,0.0001,1.06464,0.50981,4078
7,0,gender,ema_d0.9999,0.01,0.0001,1.04713,0.51275,4078
7,0,gender,mlp_h16,0.001,0.0,0.70083,0.49632,4078
7,0,gender,mlp_h32,0.001,0.0,0.70255,0.49044,4078
7,0,gender,mlp_h64,0.001,0.0,0.6931,0.52575,4078
7,0,gender,mlp_h128,0.001,0.0,0.69943,0.49215,4078
7,0,gender,attention,0.0001,1e-05,0.69307,0.49219,4078
7,0,gender,shuffled,0.01,0.0001,1.05465,0.52697,4078
7,0,star_sign,ema_lr1e-3,0.001,0.0001,3.23622,0.13904,4078
7,0,star_sign,ema_lr5e-3,0.005,0.0001,3.19566,0.09662,4078
7,0,star_sign,ema_lr1e-2,0.01,0.0001,3.15125,0.05861,4078
7,0,star_sign,ema_lr5e-2,0.05,0.0001,2.80062,0.17999,4078
7,0,star_sign,ema_lr1e-2_wd1e-3,0.01,0.001,3.18775,0.10348,4078
7,0,star_sign,ema_d0.99,0.01,0.0001,3.1581,0.08534,4078
7,0,star_sign,ema_d0.9999,0.01,0.0001,3.06688,0.14664,4078
7,0,star_sign,mlp_h16,0.001,0.0,1.96405,0.8411,4078
7,0,star_sign,mlp_h32,0.001,0.0,2.19966,0.15326,4078
7,0,star_sign,mlp_h64,0.001,0.0,2.3182,0.20255,4078
7,0,star_sign,mlp_h128,0.001,0.0,1.99908,0.86513,4078
7,0,star_sign,attention,0.0001,1e-05,2.46491,0.92969,4078
7,0,star_sign,shuffled,0.01,0.0001,3.22689,0.12065,4078
7,4,age_bin,ema_lr1e-3,0.001,0.0001,1.52738,0.41687,4078
7,4,age_bin,ema_lr5e-3,0.005,0.0001,1.53548,0.34036,4078
7,4,age_bin,ema_lr1e-2,0.01,0.0001,1.28755,0.38107,4078
7,4,age_bin,ema_lr5e-2,0.05,0.0001,1.2164,0.45243,4078
7,4,age_bin,ema_lr1e-2_wd1e-3,0.01,0.001,1.42838,0.35974,4078
7,4,age_bin,ema_d0.99,0.01,0.0001,1.59457,0.423,4078
7,4,age_bin,ema_d0.9999,0.01,0.0001,1.44033,0.28887,4078
7,4,age_bin,mlp_h16,0.001,0.0,0.78765,0.92374,4078
7,4,age_bin,mlp_h32,0.001,0.0,0.97512,0.6459,4078
7,4,age_bin,mlp_h64,0.001,0.0,0.83571,0.88867,4078
7,4,age_bin,mlp_h128,0.001,0.0,0.77371,0.98897,4078
7,4,age_bin,attention,0.0001,1e-05,0.97604,0.73438,4078
7,4,age_bin,shuffled,0.01,0.0001,1.40832,0.35115,4078
7,4,gender,ema_lr1e-3,0.001,0.0001,1.03715,0.47719,4078
7,4,gender,ema_lr5e-3,0.005,0.0001,1.04682,0.47548,4078
7,4,gender,ema_lr1e-2,0.01,0.0001,1.01268,0.49779,4078
7,4,gender,ema_lr5e-2,0.05,0.0001,0.86968,0.50074,4078
7,4,gender,ema_lr1e-2_wd1e-3,0.01,0.001,1.00704,0.49975,4078
7,4,gender,ema_d0.99,0.01,0.0001,0.86058,0.52575,4078
7,4,gender,ema_d0.9999,0.01,0.0001,1.00328,0.51202,4078
7,4,gender,mlp_h16,0.001,0.0,0.69278,0.52035,4078
7,4,gender,mlp_h32,0.001,0.0,0.69646,0.51275,4078
7,4,gender,mlp_h64,0.001,0.0,0.693,0.51005,4078
7,4,gender,mlp_h128,0.001,0.0,0.69498,0.50809,4078
7,4,gender,attention,0.0001,1e-05,0.71256,0.44531,4078
7,4,gender,shuffled,0.01,0.0001,1.02638,0.48921,4078
7,4,star_sign,ema_lr1e-3,0.001,0.0001,3.15911,0.10397,4078
7,4,star_sign,ema_lr5e-3,0.005,0.0001,3.16228,0.07577,4078
7,4,star_sign,ema_lr1e-2,0.01,0.0001,3.09412,0.09637,4078
7,4,star_sign,ema_lr5e-2,0.05,0.0001,2.76042,0.07087,4078
7,4,star_sign,ema_lr1e-2_wd1e-3,0.01,0.001,3.20606,0.08534,4078
7,4,star_sign,ema_d0.99,0.01,0.0001,3.01928,0.17361,4078
7,4,star_sign,ema_d0.9999,0.01,0.0001,3.00237,0.08901,4078
7,4,star_sign,mlp_h16,0.001,0.0,2.69824,0.02477,4078
7,4,star_sign,mlp_h32,0.001,0.0,2.24178,0.29917,4078
7,4,star_sign,mlp_h64,0.001,0.0,2.45758,0.05419,4078
7,4,star_sign,mlp_h128,0.001,0.0,2.06646,0.71113,4078
7,4,star_sign,attention,0.0001,1e-05,2.49535,0.01562,4078
7,4,star_sign,shuffled,0.01,0.0001,2.99594,0.09907,4078
7,6,age_bin,ema_lr1e-3,0.001,0.0001,1.73663,0.28372,4078
7,6,age_bin,ema_lr5e-3,0.005,0.0001,1.56034,0.35753,4078
7,6,age_bin,ema_lr1e-2,0.01,0.0001,1.61572,0.34723,4078
7,6,age_bin,ema_lr5e-2,0.05,0.0001,1.20996,0.42791,4078
7,6,age_bin,ema_lr1e-2_wd1e-3,0.01,0.001,1.51242,0.32982,4078
7,6,age_bin,ema_d0.99,0.01,0.0001,1.53864,0.38009,4078
7,6,age_bin,ema_d0.9999,0.01,0.0001,1.50076,0.34208,4078
7,6,age_bin,mlp_h16,0.001,0.0,0.99747,0.53384,4078
7,6,age_bin,mlp_h32,0.001,0.0,1.01989,0.40878,4078
7,6,age_bin,mlp_h64,0.001,0.0,0.80929,0.9485,4078
7,6,age_bin,mlp_h128,0.001,0.0,0.69959,0.99461,4078
7,6,age_bin,attention,0.0001,1e-05,0.27618,0.97656,4078
7,6,age_bin,shuffled,0.01,0.0001,1.50965,0.32688,4078
7,6,gender,ema_lr1e-3,0.001,0.0001,1.08517,0.49877,4078
7,6,gender,ema_lr5e-3,0.005,0.0001,1.01782,0.51717,4078
7,6,gender,ema_lr1e-2,0.01,0.0001,1.06374,0.4794,4078
7,6,gender,ema_lr5e-2,0.05,0.0001,0.83004,0.54782,4078
7,6,gender,ema_lr1e-2_wd1e-3,0.01,0.001,1.13664,0.46812,4078
7,6,gender,ema_d0.99,0.01,0.0001,1.01943,0.48553,4078
7,6,gender,ema_d0.9999,0.01,0.0001,1.03148,0.51275,4078
7,6,gender,mlp_h16,0.001,0.0,0.69383,0.51349,4078
7,6,gender,mlp_h32,0.001,0.0,0.68567,0.55272,4078
7,6,gender,mlp_h64,0.001,0.0,0.68756,0.54242,4078
7,6,gender,mlp_h128,0.001,0.0,0.69058,0.53654,4078
7,6,gender,attention,0.0001,1e-05,3.71389,0.46094,4078
7,6,gender,shuffled,0.01,0.0001,0.9647,0.4951,4078
7,6,star_sign,ema_lr1e-3,0.001,0.0001,3.24585,0.08607,4078
7,6,star_sign,ema_lr5e-3,0.005,0.0001,3.15855,0.1128,4078
7,6,star_sign,ema_lr1e-2,0.01,0.0001,3.13822,0.06891,4078
7,6,star_sign,ema_lr5e-2,0.05,0.0001,2.81141,0.13879,4078
7,6,star_sign,ema_lr1e-2_wd1e-3,0.01,0.001,3.19868,0.04487,4078
7,6,star_sign,ema_d0.99,0.01,0.0001,3.29005,0.06793,4078
7,6,star_sign,ema_d0.9999,0.01,0.0001,3.20156,0.07798,4078
7,6,star_sign,mlp_h16,0.001,0.0,2.61437,0.01864,4078
7,6,star_sign,mlp_h32,0.001,0.0,2.05177,0.66209,4078
7,6,star_sign,mlp_h64,0.001,0.0,2.35923,0.14566,4078
7,6,star_sign,mlp_h128,0.001,0.0,1.85407,0.94017,4078
7,6,star_sign,attention,0.0001,1e-05,8.59712,0.25,4078
7,6,star_sign,shuffled,0.01,0.0001,3.22739,0.07675,4078
8,0,age_bin,ema_lr1e-3,0.001,0.0001,1.50375,0.39412,4321
8,0,age_bin,ema_lr5e-3,0.005,0.0001,1.60762,0.41148,4321
8,0,age_bin,ema_lr1e-2,0.01,0.0001,1.49155,0.37445,4321
8,0,age_bin,ema_lr5e-2,0.05,0.0001,1.20014,0.50428,4321
8,0,age_bin,ema_lr1e-2_wd1e-3,0.01,0.001,1.48416,0.30988,4321
8,0,age_bin,ema_d0.99,0.01,0.0001,1.566,0.39343,4321
8,0,age_bin,ema_d0.9999,0.01,0.0001,1.47985,0.31243,4321
8,0,age_bin,mlp_h16,0.001,0.0,1.06408,0.36149,4321
8,0,age_bin,mlp_h32,0.001,0.0,1.00766,0.53923,4321
8,0,age_bin,mlp_h64,0.001,0.0,0.77396,0.96783,4321
8,0,age_bin,mlp_h128,0.001,0.0,0.5833,0.99977,4321
8,0,age_bin,attention,0.0001,1e-05,1.08544,0.95312,4321
8,0,age_bin,shuffled,0.01,0.0001,1.4767,0.29391,4321
8,0,gender,ema_lr1e-3,0.001,0.0001,1.08034,0.48484,4321
8,0,gender,ema_lr5e-3,0.005,0.0001,1.05076,0.51284,4321
8,0,gender,ema_lr1e-2,0.01,0.0001,1.03085,0.49572,4321
8,0,gender,ema_lr5e-2,0.05,0.0001,0.96485,0.50474,4321
8,0,gender,ema_lr1e-2_wd1e-3,0.01,0.001,1.17284,0.47929,4321
8,0,gender,ema_d0.99,0.01,0.0001,1.05316,0.50683,4321
8,0,gender,ema_d0.9999,0.01,0.0001,1.0831,0.49317,4321
8,0,gender,mlp_h16,0.001,0.0,0.71137,0.46309,4321
8,0,gender,mlp_h32,0.001,0.0,0.70417,0.47628,4321
8,0,gender,mlp_h64,0.001,0.0,0.68632,0.54756,4321
8,0,gender,mlp_h128,0.001,0.0,0.70355,0.46216,4321
8,0,gender,attention,0.0001,1e-05,0.69233,0.59375,4321
8,0,gender,shuffled,0.01,0.0001,1.05925,0.50127,4321
8,0,star_sign,ema_lr1e-3,0.001,0.0001,3.26458,0.14302,4321
8,0,star_sign,ema_lr5e-3,0.005,0.0001,3.17194,0.09049,4321
8,0,star_sign,ema_lr1e-2,0.01,0.0001,3.10381,0.0604,4321
8,0,star_sign,ema_lr5e-2,0.05,0.0001,2.72839,0.18653,4321
8,0,star_sign,ema_lr1e-2_wd1e-3,0.01,0.001,3.19166,0.10113,4321
8,0,star_sign,ema_d0.99,0.01,0.0001,3.10117,0.0847,4321
8,0,star_sign,ema_d0.9999,0.01,0.0001,3.13112,0.14511,4321
8,0,star_sign,mlp_h16,0.001,0.0,1.93615,0.87873,4321
8,0,star_sign,mlp_h32,0.001,0.0,2.16628,0.23328,4321
8,0,star_sign,mlp_h64,0.001,0.0,2.26526,0.27563,4321
8,0,star_sign,mlp_h128,0.001,0.0,1.91909,0.93937,4321
8,0,star_sign,attention,0.0001,1e-05,2.46298,0.95312,4321
8,0,star_sign,shuffled,0.01,0.0001,3.19346,0.12451,4321
8,4,age_bin,ema_lr1e-3,0.001,0.0001,1.50228,0.42745,4321
8,4,age_bin,ema_lr5e-3,0.005,0.0001,1.49204,0.36357,4321
8,4,age_bin,ema_lr1e-2,0.01,0.0001,1.29678,0.37514,4321
8,4,age_bin,ema_lr5e-2,0.05,0.0001,1.1755,0.45707,4321
8,4,age_bin,ema_lr1e-2_wd1e-3,0.01,0.001,1.36087,0.38648,4321
8,4,age_bin,ema_d0.99,0.01,0.0001,1.60701,0.40592,4321
8,4,age_bin,ema_d0.9999,0.01,0.0001,1.41549,0.30271,4321
8,4,age_bin,mlp_h16,0.001,0.0,0.76757,0.94423,4321
8,4,age_bin,mlp_h32,0.001,0.0,0.95044,0.69845,4321
8,4,age_bin,mlp_h64,0.001,0.0,0.81184,0.90928,4321
8,4,age_bin,mlp_h128,0.001,0.0,0.72936,0.99769,4321
8,4,age_bin,attention,0.0001,1e-05,0.96261,0.78125,4321
8,4,age_bin,shuffled,0.01,0.0001,1.43126,0.33812,4321
8,4,gender,ema_lr1e-3,0.001,0.0001,0.96809,0.514,4321
8,4,gender,ema_lr5e-3,0.005,0.0001,0.97557,0.51608,4321
8,4,gender,ema_lr1e-2,0.01,0.0001,0.99263,0.50937,4321
8,4,gender,ema_lr5e-2,0.05,0.0001,0.85247,0.50127,4321
8,4,gender,ema_lr1e-2_wd1e-3,0.01,0.001,1.0361,0.48716,4321
8,4,gender,ema_d0.99,0.01,0.0001,0.90384,0.49826,4321
8,4,gender,ema_d0.9999,0.01,0.0001,0.97614,0.4985,4321
8,4,gender,mlp_h16,0.001,0.0,0.69422,0.51284,4321
8,4,gender,mlp_h32,0.001,0.0,0.70424,0.48276,4321
8,4,gender,mlp_h64,0.001,0.0,0.69369,0.50914,4321
8,4,gender,mlp_h128,0.001,0.0,0.70081,0.49572,4321
8,4,gender,attention,0.0001,1e-05,0.71015,0.42969,4321
8,4,gender,shuffled,0.01,0.0001,0.98437,0.48924,4321
8,4,star_sign,ema_lr1e-3,0.001,0.0001,3.19833,0.10599,4321
8,4,star_sign,ema_lr5e-3,0.005,0.0001,3.13039,0.07915,4321
8,4,star_sign,ema_lr1e-2,0.01,0.0001,3.06997,0.09813,4321
8,4,star_sign,ema_lr5e-2,0.05,0.0001,2.67315,0.08887,4321
8,4,star_sign,ema_lr1e-2_wd1e-3,0.01,0.001,3.19137,0.08794,4321
8,4,star_sign,ema_d0.99,0.01,0.0001,3.05664,0.16154,4321
8,4,star_sign,ema_d0.9999,0.01,0.0001,2.9976,0.09257,4321
8,4,star_sign,mlp_h16,0.001,0.0,2.67728,0.02453,4321
8,4,star_sign,mlp_h32,0.001,0.0,2.22506,0.32631,4321
8,4,star_sign,mlp_h64,0.001,0.0,2.4014,0.09049,4321
8,4,star_sign,mlp_h128,0.001,0.0,2.00311,0.8174,4321
8,4,star_sign,attention,0.0001,1e-05,2.4884,0.02344,4321
8,4,star_sign,shuffled,0.01,0.0001,3.01804,0.08933,4321
8,6,age_bin,ema_lr1e-3,0.001,0.0001,1.84332,0.25781,4321
8,6,age_bin,ema_lr5e-3,0.005,0.0001,1.62764,0.32793,4321
8,6,age_bin,ema_lr1e-2,0.01,0.0001,1.45777,0.38625,4321
8,6,age_bin,ema_lr5e-2,0.05,0.0001,1.16242,0.47003,4321
8,6,age_bin,ema_lr1e-2_wd1e-3,0.01,0.001,1.48968,0.33441,4321
8,6,age_bin,ema_d0.99,0.01,0.0001,1.53746,0.37561,4321
8,6,age_bin,ema_d0.9999,0.01,0.0001,1.43949,0.35408,4321
8,6,age_bin,mlp_h16,0.001,0.0,0.97906,0.58574,4321
8,6,age_bin,mlp_h32,0.001,0.0,0.99246,0.4698,4321
8,6,age_bin,mlp_h64,0.001,0.0,0.78024,0.9713,4321
8,6,age_bin,mlp_h128,0.001,0.0,0.65499,0.99676,4321
8,6,age_bin,attention,0.0001,1e-05,0.45961,0.94531,4321
8,6,age_bin,shuffled,0.01,0.0001,1.51735,0.3196,4321
8,6,gender,ema_lr1e-3,0.001,0.0001,1.09022,0.50636,4321
8,6,gender,ema_lr5e-3,0.005,0.0001,1.01621,0.50451,4321
8,6,gender,ema_lr1e-2,0.01,0.0001,0.99384,0.50012,4321
8,6,gender,ema_lr5e-2,0.05,0.0001,0.85387,0.52812,4321
8,6,gender,ema_lr1e-2_wd1e-3,0.01,0.001,0.98785,0.5228,4321
8,6,gender,ema_d0.99,0.01,0.0001,0.96745,0.51446,4321
8,6,gender,ema_d0.9999,0.01,0.0001,1.11356,0.46216,4321
8,6,gender,mlp_h16,0.001,0.0,0.70661,0.48044,4321
8,6,gender,mlp_h32,0.001,0.0,0.69595,0.5177,4321
8,6,gender,mlp_h64,0.001,0.0,0.69843,0.4941,4321
8,6,gender,mlp_h128,0.001,0.0,0.70537,0.48901,4321
8,6,gender,attention,0.0001,1e-05,3.85547,0.50781,4321
8,6,gender,shuffled,0.01,0.0001,0.97,0.49572,4321
8,6,star_sign,ema_lr1e-3,0.001,0.0001,3.08666,0.09188,4321
8,6,star_sign,ema_lr5e-3,0.005,0.0001,3.17193,0.10345,4321
8,6,star_sign,ema_lr1e-2,0.01,0.0001,3.24572,0.0604,4321
8,6,star_sign,ema_lr5e-2,0.05,0.0001,2.84562,0.13677,4321
8,6,star_sign,ema_lr1e-2_wd1e-3,0.01,0.001,3.02306,0.07128,4321
8,6,star_sign,ema_d0.99,0.01,0.0001,3.2917,0.05901,4321
8,6,star_sign,ema_d0.9999,0.01,0.0001,3.23055,0.08817,4321
8,6,star_sign,mlp_h16,0.001,0.0,2.58971,0.02638,4321
8,6,star_sign,mlp_h32,0.001,0.0,2.02342,0.71234,4321
8,6,star_sign,mlp_h64,0.001,0.0,2.30854,0.24323,4321
8,6,star_sign,mlp_h128,0.001,0.0,1.76527,0.97339,4321
8,6,star_sign,attention,0.0001,1e-05,8.389,0.23438,4321
8,6,star_sign,shuffled,0.01,0.0001,3.0433,0.10299,4321
9,0,age_bin,ema_lr1e-3,0.001,0.0001,1.55058,0.3887,3787
9,0,age_bin,ema_lr5e-3,0.005,0.0001,1.57537,0.4188,3787
9,0,age_bin,ema_lr1e-2,0.01,0.0001,1.44541,0.38632,3787
9,0,age_bin,ema_lr5e-2,0.05,0.0001,1.16834,0.51624,3787
9,0,age_bin,ema_lr1e-2_wd1e-3,0.01,0.001,1.50282,0.29892,3787
9,0,age_bin,ema_d0.99,0.01,0.0001,1.55294,0.38896,3787
9,0,age_bin,ema_d0.9999,0.01,0.0001,1.52573,0.3071,3787
9,0,age_bin,mlp_h16,0.001,0.0,1.0555,0.37998,3787
9,0,age_bin,mlp_h32,0.001,0.0,0.98889,0.61051,3787
9,0,age_bin,mlp_h64,0.001,0.0,0.74441,0.97914,3787
9,0,age_bin,mlp_h128,0.001,0.0,0.54281,1.0,3787
9,0,age_bin,attention,0.0001,1e-05,1.084,0.96875,3787
9,0,age_bin,shuffled,0.01,0.0001,1.45583,0.3071,3787
9,0,gender,ema_lr1e-3,0.001,0.0001,1.08834,0.50013,3787
9,0,gender,ema_lr5e-3,0.005,0.0001,1.06822,0.49934,3787
9,0,gender,ema_lr1e-2,0.01,0.0001,1.0268,0.48218,3787
9,0,gender,ema_lr5e-2,0.05,0.0001,0.9341,0.50436,3787
9,0,gender,ema_lr1e-2_wd1e-3,0.01,0.001,1.1106,0.50198,3787
9,0,gender,ema_d0.99,0.01,0.0001,1.05795,0.49776,3787
9,0,gender,ema_d0.9999,0.01,0.0001,1.0342,0.51201,3787
9,0,gender,mlp_h16,0.001,0.0,0.69829,0.50489,3787
9,0,gender,mlp_h32,0.001,0.0,0.70053,0.51307,3787
9,0,gender,mlp_h64,0.001,0.0,0.70305,0.49221,3787
9,0,gender,mlp_h128,0.001,0.0,0.69683,0.51228,3787
9,0,gender,attention,0.0001,1e-05,0.69351,0.47656,3787
9,0,gender,shuffled,0.01,0.0001,1.0568,0.49432,3787
9,0,star_sign,ema_lr1e-3,0.001,0.0001,3.2181,0.14365,3787
9,0,star_sign,ema_lr5e-3,0.005,0.0001,3.19854,0.07658,3787
9,0,star_sign,ema_lr1e-2,0.01,0.0001,3.08385,0.06496,3787
9,0,star_sign,ema_lr5e-2,0.05,0.0001,2.68952,0.18696,3787
9,0,star_sign,ema_lr1e-2_wd1e-3,0.01,0.001,3.10064,0.10985,3787
9,0,star_sign,ema_d0.99,0.01,0.0001,3.07868,0.09189,3787
9,0,star_sign,ema_d0.9999,0.01,0.0001,3.11975,0.14365,3787
9,0,star_sign,mlp_h16,0.001,0.0,1.92776,0.87959,3787
9,0,star_sign,mlp_h32,0.001,0.0,2.14304,0.26855,3787
9,0,star_sign,mlp_h64,0.001,0.0,2.22762,0.30605,3787
9,0,star_sign,mlp_h128,0.001,0.0,1.84723,0.96488,3787
9,0,star_sign,attention,0.0001,1e-05,2.46169,0.95312,3787
9,0,star_sign,shuffled,0.01,0.0001,3.16124,0.13916,3787
9,4,age_bin,ema_lr1e-3,0.001,0.0001,1.4843,0.44309,3787
9,4,age_bin,ema_lr5e-3,0.005,0.0001,1.50796,0.35437,3787
9,4,age_bin,ema_lr1e-2,0.01,0.0001,1.29625,0.37998,3787
9,4,age_bin,ema_lr5e-2,0.05,0.0001,1.10849,0.48957,3787
9,4,age_bin,ema_lr1e-2_wd1e-3,0.01,0.001,1.40626,0.37866,3787
9,4,age_bin,ema_d0.99,0.01,0.0001,1.57403,0.42672,3787
9,4,age_bin,ema_d0.9999,0.01,0.0001,1.3764,0.30974,3787
9,4,age_bin,mlp_h16,0.001,0.0,0.75166,0.95458,3787
9,4,age_bin,mlp_h32,0.001,0.0,0.92478,0.74703,3787
9,4,age_bin,mlp_h64,0.001,0.0,0.77062,0.94824,3787
9,4,age_bin,mlp_h128,0.001,0.0,0.67394,0.99921,3787
9,4,age_bin,attention,0.0001,1e-05,0.94172,0.90625,3787
9,4,age_bin,shuffled,0.01,0.0001,1.42143,0.35384,3787
9,4,gender,ema_lr1e-3,0.001,0.0001,0.99476,0.49168,3787
9,4,gender,ema_lr5e-3,0.005,0.0001,0.97938,0.52073,3787
9,4,gender,ema_lr1e-2,0.01,0.0001,1.04128,0.50198,3787
9,4,gender,ema_lr5e-2,0.05,0.0001,0.8307,0.51201,3787
9,4,gender,ema_lr1e-2_wd1e-3,0.01,0.001,0.98443,0.51069,3787
9,4,gender,ema_d0.99,0.01,0.0001,0.85202,0.53076,3787
9,4,gender,ema_d0.9999,0.01,0.0001,0.98254,0.49828,3787
9,4,gender,mlp_h16,0.001,0.0,0.69587,0.50145,3787
9,4,gender,mlp_h32,0.001,0.0,0.68685,0.54661,3787
9,4,gender,mlp_h64,0.001,0.0,0.69159,0.52363,3787
9,4,gender,mlp_h128,0.001,0.0,0.69037,0.52839,3787
9,4,gender,attention,0.0001,1e-05,0.6883,0.53125,3787
9,4,gender,shuffled,0.01,0.0001,0.97751,0.50436,3787
9,4,star_sign,ema_lr1e-3,0.001,0.0001,3.15139,0.1183,3787
9,4,star_sign,ema_lr5e-3,0.005,0.0001,3.16706,0.07658,3787
9,4,star_sign,ema_lr1e-2,0.01,0.0001,3.06549,0.09137,3787
9,4,star_sign,ema_lr5e-2,0.05,0.0001,2.55986,0.11223,3787
9,4,star_sign,ema_lr1e-2_wd1e-3,0.01,0.001,3.21938,0.08767,3787
9,4,star_sign,ema_d0.99,0.01,0.0001,3.08558,0.16134,3787
9,4,star_sign,ema_d0.9999,0.01,0.0001,3.0454,0.08318,3787
9,4,star_sign,mlp_h16,0.001,0.0,2.65617,0.02746,3787
9,4,star_sign,mlp_h32,0.001,0.0,2.17941,0.41431,3787
9,4,star_sign,mlp_h64,0.001,0.0,2.36346,0.13626,3787
9,4,star_sign,mlp_h128,0.001,0.0,1.90429,0.91576,3787
9,4,star_sign,attention,0.0001,1e-05,2.48849,0.01562,3787
9,4,star_sign,shuffled,0.01,0.0001,3.05639,0.09321,3787
9,6,age_bin,ema_lr1e-3,0.001,0.0001,1.72201,0.29284,3787
9,6,age_bin,ema_lr5e-3,0.005,0.0001,1.63531,0.32057,3787
9,6,age_bin,ema_lr1e-2,0.01,0.0001,1.49694,0.37127,3787
9,6,age_bin,ema_lr5e-2,0.05,0.0001,1.10335,0.49353,3787
9,6,age_bin,ema_lr1e-2_wd1e-3,0.01,0.001,1.51374,0.32823,3787
9,6,age_bin,ema_d0.99,0.01,0.0001,1.52619,0.38764,3787
9,6,age_bin,ema_d0.9999,0.01,0.0001,1.44823,0.3446,3787
9,6,age_bin,mlp_h16,0.001,0.0,0.96792,0.61447,3787
9,6,age_bin,mlp_h32,0.001,0.0,0.97132,0.54634,3787
9,6,age_bin,mlp_h64,0.001,0.0,0.74398,0.9831,3787
9,6,age_bin,mlp_h128,0.001,0.0,0.6023,0.99894,3787
9,6,age_bin,attention,0.0001,1e-05,0.23767,0.96094,3787
9,6,age_bin,shuffled,0.01,0.0001,1.49705,0.32876,3787
9,6,gender,ema_lr1e-3,0.001,0.0001,1.06336,0.50885,3787
9,6,gender,ema_lr5e-3,0.005,0.0001,1.00018,0.51228,3787
9,6,gender,ema_lr1e-2,0.01,0.0001,1.0023,0.50726,3787
9,6,gender,ema_lr5e-2,0.05,0.0001,0.92593,0.48799,3787
9,6,gender,ema_lr1e-2_wd1e-3,0.01,0.001,0.99791,0.51677,3787
9,6,gender,ema_d0.99,0.01,0.0001,1.03684,0.46844,3787
9,6,gender,ema_d0.9999,0.01,0.0001,0.97447,0.54634,3787
9,6,gender,mlp_h16,0.001,0.0,0.68879,0.54027,3787
9,6,gender,mlp_h32,0.001,0.0,0.70245,0.49142,3787
9,6,gender,mlp_h64,0.001,0.0,0.68648,0.55215,3787
9,6,gender,mlp_h128,0.001,0.0,0.68453,0.55611,3787
9,6,gender,attention,0.0001,1e-05,3.53326,0.53125,3787
9,6,gender,shuffled,0.01,0.0001,0.99697,0.49327,3787
9,6,star_sign,ema_lr1e-3,0.001,0.0001,3.20839,0.09902,3787
9,6,star_sign,ema_lr5e-3,0.005,0.0001,3.17804,0.10298,3787
9,6,star_sign,ema_lr1e-2,0.01,0.0001,3.2286,0.07182,3787
9,6,star_sign,ema_lr5e-2,0.05,0.0001,2.66136,0.16213,3787
9,6,star_sign,ema_lr1e-2_wd1e-3,0.01,0.001,3.17484,0.05123,3787
9,6,star_sign,ema_d0.99,0.01,0.0001,2.99884,0.10008,3787
9,6,star_sign,ema_d0.9999,0.01,0.0001,2.99373,0.11038,3787
9,6,star_sign,mlp_h16,0.001,0.0,2.58082,0.03935,3787
9,6,star_sign,mlp_h32,0.001,0.0,1.9961,0.74967,3787
9,6,star_sign,mlp_h64,0.001,0.0,2.27077,0.30737,3787
9,6,star_sign,mlp_h128,0.001,0.0,1.68035,0.98785,3787
9,6,star_sign,attention,0.0001,1e-05,7.85099,0.28906,3787
9,6,star_sign,shuffled,0.01,0.0001,3.17209,0.0911,3787
10,0,age_bin,ema_lr1e-3,0.001,0.0001,1.5181,0.38344,3985
10,0,age_bin,ema_lr5e-3,0.005,0.0001,1.56805,0.42183,3985
10,0,age_bin,ema_lr1e-2,0.01,0.0001,1.46326,0.38319,3985
10,0,age_bin,ema_lr5e-2,0.05,0.0001,1.12237,0.533,3985
10,0,age_bin,ema_lr1e-2_wd1e-3,0.01,0.001,1.46985,0.31543,3985
10,0,age_bin,ema_d0.99,0.01,0.0001,1.5165,0.3995,3985
10,0,age_bin,ema_d0.9999,0.01,0.0001,1.49035,0.32572,3985
10,0,age_bin,mlp_h16,0.001,0.0,1.03791,0.39925,3985
10,0,age_bin,mlp_h32,0.001,0.0,0.97236,0.62208,3985
10,0,age_bin,mlp_h64,0.001,0.0,0.71162,0.99097,3985
10,0,age_bin,mlp_h128,0.001,0.0,0.50659,1.0,3985
10,0,age_bin,attention,0.0001,1e-05,1.08389,0.96875,3985
10,0,age_bin,shuffled,0.01,0.0001,1.43834,0.31443,3985
10,0,gender,ema_lr1e-3,0.001,0.0001,1.0398,0.52447,3985
10,0,gender,ema_lr5e-3,0.005,0.0001,1.06833,0.50238,3985
10,0,gender,ema_lr1e-2,0.01,0.0001,0.99721,0.49385,3985
10,0,gender,ema_lr5e-2,0.05,0.0001,0.93448,0.49737,3985
10,0,gender,ema_lr1e-2_wd1e-3,0.01,0.001,1.07277,0.51317,3985
10,0,gender,ema_d0.99,0.01,0.0001,1.0103,0.51167,3985
10,0,gender,ema_d0.9999,0.01,0.0001,1.04454,0.52246,3985
10,0,gender,mlp_h16,0.001,0.0,0.69693,0.50765,3985
10,0,gender,mlp_h32,0.001,0.0,0.69561,0.51217,3985
10,0,gender,mlp_h64,0.001,0.0,0.70044,0.49661,3985
10,0,gender,mlp_h128,0.001,0.0,0.69876,0.49486,3985
10,0,gender,attention,0.0001,1e-05,0.69308,0.50781,3985
10,0,gender,shuffled,0.01,0.0001,1.07016,0.4931,3985
10,0,star_sign,ema_lr1e-3,0.001,0.0001,3.3133,0.13476,3985
10,0,star_sign,ema_lr5e-3,0.005,0.0001,3.18071,0.09636,3985
10,0,star_sign,ema_lr1e-2,0.01,0.0001,3.11522,0.066,3985
10,0,star_sign,ema_lr5e-2,0.05,0.0001,2.67213,0.18745,3985
10,0,star_sign,ema_lr1e-2_wd1e-3,0.01,0.001,3.1357,0.09937,3985
10,0,star_sign,ema_d0.99,0.01,0.0001,3.12195,0.08783,3985
10,0,star_sign,ema_d0.9999,0.01,0.0001,3.1314,0.14881,3985
10,0,star_sign,mlp_h16,0.001,0.0,1.91241,0.89435,3985
10,0,star_sign,mlp_h32,0.001,0.0,2.11491,0.33501,3985
10,0,star_sign,mlp_h64,0.001,0.0,2.17752,0.39925,3985
10,0,star_sign,mlp_h128,0.001,0.0,1.77005,0.9862,3985
10,0,star_sign,attention,0.0001,1e-05,2.45955,0.96875,3985
10,0,star_sign,shuffled,0.01,0.0001,3.1673,0.13024,3985
10,4,age_bin,ema_lr1e-3,0.001,0.0001,1.55287,0.41506,3985
10,4,age_bin,ema_lr5e-3,0.005,0.0001,1.48427,0.3611,3985
10,4,age_bin,ema_lr1e-2,0.01,0.0001,1.28456,0.38469,3985
10,4,age_bin,ema_lr5e-2,0.05,0.0001,1.12705,0.48657,3985
10,4,age_bin,ema_lr1e-2_wd1e-3,0.01,0.001,1.34352,0.39297,3985
10,4,age_bin,ema_d0.99,0.01,0.0001,1.56247,0.41104,3985
10,4,age_bin,ema_d0.9999,0.01,0.0001,1.36902,0.32296,3985
10,4,age_bin,mlp_h16,0.001,0.0,0.74017,0.96512,3985
10,4,age_bin,mlp_h32,0.001,0.0,0.90284,0.79272,3985
10,4,age_bin,mlp_h64,0.001,0.0,0.74096,0.9601,3985
10,4,age_bin,mlp_h128,0.001,0.0,0.63093,0.99975,3985
10,4,age_bin,attention,0.0001,1e-05,0.93841,0.90625,3985
10,4,age_bin,shuffled,0.01,0.0001,1.41095,0.34529,3985
10,4,gender,ema_lr1e-3,0.001,0.0001,0.98448,0.50364,3985
10,4,gender,ema_lr5e-3,0.005,0.0001,1.03427,0.4921,3985
10,4,gender,ema_lr1e-2,0.01,0.0001,0.99909,0.50841,3985
10,4,gender,ema_lr5e-2,0.05,0.0001,0.84699,0.48959,3985
10,4,gender,ema_lr1e-2_wd1e-3,0.01,0.001,0.95764,0.5074,3985
10,4,gender,ema_d0.99,0.01,0.0001,0.84412,0.52522,3985
10,4,gender,ema_d0.9999,0.01,0.0001,0.99936,0.49084,3985
10,4,gender,mlp_h16,0.001,0.0,0.69543,0.50238,3985
10,4,gender,mlp_h32,0.001,0.0,0.69448,0.5197,3985
10,4,gender,mlp_h64,0.001,0.0,0.69111,0.52923,3985
10,4,gender,mlp_h128,0.001,0.0,0.69453,0.51744,3985
10,4,gender,attention,0.0001,1e-05,0.70251,0.50781,3985
10,4,gender,shuffled,0.01,0.0001,0.96776,0.49335,3985
10,4,star_sign,ema_lr1e-3,0.001,0.0001,3.15031,0.10615,3985
10,4,star_sign,ema_lr5e-3,0.005,0.0001,3.14796,0.08181,3985
10,4,star_sign,ema_lr1e-2,0.01,0.0001,3.04371,0.08959,3985
10,4,star_sign,ema_lr5e-2,0.05,0.0001,2.55243,0.11543,3985
10,4,star_sign,ema_lr1e-2_wd1e-3,0.01,0.001,3.18738,0.08934,3985
10,4,star_sign,ema_d0.99,0.01,0.0001,3.02656,0.17265,3985
10,4,star_sign,ema_d0.9999,0.01,0.0001,2.98536,0.08407,3985
10,4,star_sign,mlp_h16,0.001,0.0,2.63595,0.03036,3985
10,4,star_sign,mlp_h32,0.001,0.0,2.15593,0.44391,3985
10,4,star_sign,mlp_h64,0.001,0.0,2.3034,0.20753,3985
10,4,star_sign,mlp_h128,0.001,0.0,1.82446,0.96311,3985
10,4,star_sign,attention,0.0001,1e-05,2.47419,0.04688,3985
10,4,star_sign,shuffled,0.01,0.0001,2.97836,0.10263,3985
10,6,age_bin,ema_lr1e-3,0.001,0.0001,1.85772,0.26474,3985
10,6,age_bin,ema_lr5e-3,0.005,0.0001,1.52849,0.35834,3985
10,6,age_bin,ema_lr1e-2,0.01,0.0001,1.55032,0.35383,3985
10,6,age_bin,ema_lr5e-2,0.05,0.0001,1.04144,0.5202,3985
10,6,age_bin,ema_lr1e-2_wd1e-3,0.01,0.001,1.45506,0.34379,3985
10,6,age_bin,ema_d0.99,0.01,0.0001,1.48664,0.40602,3985
10,6,age_bin,ema_d0.9999,0.01,0.0001,1.43557,0.37114,3985
10,6,age_bin,mlp_h16,0.001,0.0,0.94242,0.67654,3985
10,6,age_bin,mlp_h32,0.001,0.0,0.95072,0.5877,3985
10,6,age_bin,mlp_h64,0.001,0.0,0.71575,0.98595,3985
10,6,age_bin,mlp_h128,0.001,0.0,0.55614,1.0,3985
10,6,age_bin,attention,0.0001,1e-05,0.22191,0.96875,3985
10,6,age_bin,shuffled,0.01,0.0001,1.45987,0.33275,3985
10,6,gender,ema_lr1e-3,0.001,0.0001,1.08643,0.49762,3985
10,6,gender,ema_lr5e-3,0.005,0.0001,1.11609,0.45872,3985
10,6,gender,ema_lr1e-2,0.01,0.0001,1.00551,0.49962,3985
10,6,gender,ema_lr5e-2,0.05,0.0001,0.8605,0.52698,3985
10,6,gender,ema_lr1e-2_wd1e-3,0.01,0.001,1.07038,0.49009,3985
10,6,gender,ema_d0.99,0.01,0.0001,1.01693,0.48808,3985
10,6,gender,ema_d0.9999,0.01,0.0001,1.11146,0.48808,3985
10,6,gender,mlp_h16,0.001,0.0,0.68535,0.54304,3985
10,6,gender,mlp_h32,0.001,0.0,0.69546,0.52798,3985
10,6,gender,mlp_h64,0.001,0.0,0.69684,0.50966,3985
10,6,gender,mlp_h128,0.001,0.0,0.69549,0.51192,3985
10,6,gender,attention,0.0001,1e-05,3.26014,0.54688,3985
10,6,gender,shuffled,0.01,0.0001,0.96354,0.48733,3985
10,6,star_sign,ema_lr1e-3,0.001,0.0001,3.19729,0.08206,3985
10,6,star_sign,ema_lr5e-3,0.005,0.0001,3.05448,0.12647,3985
10,6,star_sign,ema_lr1e-2,0.01,0.0001,3.18278,0.07277,3985
10,6,star_sign,ema_lr5e-2,0.05,0.0001,2.66133,0.16939,3985
10,6,star_sign,ema_lr1e-2_wd1e-3,0.01,0.001,3.11704,0.06524,3985
10,6,star_sign,ema_d0.99,0.01,0.0001,3.22711,0.07077,3985
10,6,star_sign,ema_d0.9999,0.01,0.0001,3.13224,0.08708,3985
10,6,star_sign,mlp_h16,0.001,0.0,2.55727,0.04768,3985
10,6,star_sign,mlp_h32,0.001,0.0,1.98209,0.7591,3985
10,6,star_sign,mlp_h64,0.001,0.0,2.2236,0.43513,3985
10,6,star_sign,mlp_h128,0.001,0.0,1.6056,0.99548,3985
10,6,star_sign,attention,0.0001,1e-05,7.96779,0.26562,3985
10,6,star_sign,shuffled,0.01,0.0001,3.16449,0.08582,3985
11,0,age_bin,ema_lr1e-3,0.001,0.0001,1.51699,0.37863,4136
11,0,age_bin,ema_lr5e-3,0.005,0.0001,1.57361,0.42722,4136
11,0,age_bin,ema_lr1e-2,0.01,0.0001,1.4413,0.38999,4136
11,0,age_bin,ema_lr5e-2,0.05,0.0001,1.12141,0.55077,4136
11,0,age_bin,ema_lr1e-2_wd1e-3,0.01,0.001,1.50247,0.30416,4136
11,0,age_bin,ema_d0.99,0.01,0.0001,1.51834,0.38661,4136
11,0,age_bin,ema_d0.9999,0.01,0.0001,1.4937,0.31431,4136
11,0,age_bin,mlp_h16,0.001,0.0,1.02263,0.42166,4136
11,0,age_bin,mlp_h32,0.001,0.0,0.95344,0.69125,4136
11,0,age_bin,mlp_h64,0.001,0.0,0.68604,0.9925,4136
11,0,age_bin,mlp_h128,0.001,0.0,0.46724,1.0,4136
11,0,age_bin,attention,0.0001,1e-05,1.08238,0.96094,4136
11,0,age_bin,shuffled,0.01,0.0001,1.45743,0.29376,4136
11,0,gender,ema_lr1e-3,0.001,0.0001,1.05553,0.51354,4136
11,0,gender,ema_lr5e-3,0.005,0.0001,1.05695,0.48791,4136
11,0,gender,ema_lr1e-2,0.01,0.0001,0.9595,0.4971,4136
11,0,gender,ema_lr5e-2,0.05,0.0001,0.96359,0.49081,4136
11,0,gender,ema_lr1e-2_wd1e-3,0.01,0.001,1.11014,0.50024,4136
11,0,gender,ema_d0.99,0.01,0.0001,1.0113,0.50532,4136
11,0,gender,ema_d0.9999,0.01,0.0001,1.06609,0.49516,4136
11,0,gender,mlp_h16,0.001,0.0,0.69781,0.51402,4136
11,0,gender,mlp_h32,0.001,0.0,0.70046,0.49807,4136
11,0,gender,mlp_h64,0.001,0.0,0.69957,0.50097,4136
11,0,gender,mlp_h128,0.001,0.0,0.69774,0.51161,4136
11,0,gender,attention,0.0001,1e-05,0.69292,0.49219,4136
11,0,gender,shuffled,0.01,0.0001,1.05677,0.50048,4136
11,0,star_sign,ema_lr1e-3,0.001,0.0001,3.2455,0.14241,4136
11,0,star_sign,ema_lr5e-3,0.005,0.0001,3.16272,0.09115,4136
11,0,star_sign,ema_lr1e-2,0.01,0.0001,3.07703,0.0602,4136
11,0,star_sign,ema_lr5e-2,0.05,0.0001,2.63482,0.25677,4136
11,0,star_sign,ema_lr1e-2_wd1e-3,0.01,0.001,3.11189,0.10469,4136
11,0,star_sign,ema_d0.99,0.01,0.0001,3.12676,0.08777,4136
11,0,star_sign,ema_d0.9999,0.01,0.0001,3.06697,0.1603,4136
11,0,star_sign,mlp_h16,0.001,0.0,1.8873,0.90208,4136
11,0,star_sign,mlp_h32,0.001,0.0,2.08541,0.3912,4136
11,0,star_sign,mlp_h64,0.001,0.0,2.13467,0.46567,4136
11,0,star_sign,mlp_h128,0.001,0.0,1.69244,0.99637,4136
11,0,star_sign,attention,0.0001,1e-05,2.45869,0.99219,4136
11,0,star_sign,shuffled,0.01,0.0001,3.15007,0.13757,4136
11,4,age_bin,ema_lr1e-3,0.001,0.0001,1.51825,0.42505,4136
11,4,age_bin,ema_lr5e-3,0.005,0.0001,1.43984,0.36291,4136
11,4,age_bin,ema_lr1e-2,0.01,0.0001,1.29033,0.37234,4136
11,4,age_bin,ema_lr5e-2,0.05,0.0001,1.07805,0.50508,4136
11,4,age_bin,ema_lr1e-2_wd1e-3,0.01,0.001,1.38867,0.36896,4136
11,4,age_bin,ema_d0.99,0.01,0.0001,1.50952,0.41779,4136
11,4,age_bin,ema_d0.9999,0.01,0.0001,1.35339,0.32785,4136
11,4,age_bin,mlp_h16,0.001,0.0,0.72927,0.97437,4136
11,4,age_bin,mlp_h32,0.001,0.0,0.88013,0.82108,4136
11,4,age_bin,mlp_h64,0.001,0.0,0.71029,0.9722,4136
11,4,age_bin,mlp_h128,0.001,0.0,0.59095,0.99976,4136
11,4,age_bin,attention,0.0001,1e-05,0.93028,0.97656,4136
11,4,age_bin,shuffled,0.01,0.0001,1.38174,0.34865,4136
11,4,gender,ema_lr1e-3,0.001,0.0001,1.00644,0.50919,4136
11,4,gender,ema_lr5e-3,0.005,0.0001,1.0016,0.50435,4136
11,4,gender,ema_lr1e-2,0.01,0.0001,0.97741,0.50411,4136
11,4,gender,ema_lr5e-2,0.05,0.0001,0.84305,0.49396,4136
11,4,gender,ema_lr1e-2_wd1e-3,0.01,0.001,0.97466,0.51088,4136
11,4,gender,ema_d0.99,0.01,0.0001,0.85088,0.51499,4136
11,4,gender,ema_d0.9999,0.01,0.0001,1.0001,0.47727,4136
11,4,gender,mlp_h16,0.001,0.0,0.69551,0.49903,4136
11,4,gender,mlp_h32,0.001,0.0,0.69437,0.5191,4136
11,4,gender,mlp_h64,0.001,0.0,0.69589,0.49903,4136
11,4,gender,mlp_h128,0.001,0.0,0.69082,0.54038,4136
11,4,gender,attention,0.0001,1e-05,0.69285,0.53125,4136
11,4,gender,shuffled,0.01,0.0001,0.94981,0.50145,4136
11,4,star_sign,ema_lr1e-3,0.001,0.0001,3.17026,0.10977,4136
11,4,star_sign,ema_lr5e-3,0.005,0.0001,3.13406,0.07108,4136
11,4,star_sign,ema_lr1e-2,0.01,0.0001,3.02616,0.09961,4136
11,4,star_sign,ema_lr5e-2,0.05,0.0001,2.49974,0.12597,4136
11,4,star_sign,ema_lr1e-2_wd1e-3,0.01,0.001,3.11433,0.0972,4136
11,4,star_sign,ema_d0.99,0.01,0.0001,2.99742,0.16538,4136
11,4,star_sign,ema_d0.9999,0.01,0.0001,2.97812,0.08825,4136
11,4,star_sign,mlp_h16,0.001,0.0,2.63079,0.0295,4136
11,4,star_sign,mlp_h32,0.001,0.0,2.126,0.50218,4136
11,4,star_sign,mlp_h64,0.001,0.0,2.25043,0.29836,4136
11,4,star_sign,mlp_h128,0.001,0.0,1.75534,0.98453,4136
11,4,star_sign,attention,0.0001,1e-05,2.46527,0.04688,4136
11,4,star_sign,shuffled,0.01,0.0001,2.99121,0.09889,4136
11,6,age_bin,ema_lr1e-3,0.001,0.0001,1.74803,0.29473,4136
11,6,age_bin,ema_lr5e-3,0.005,0.0001,1.65632,0.31431,4136
11,6,age_bin,ema_lr1e-2,0.01,0.0001,1.59495,0.33825,4136
11,6,age_bin,ema_lr5e-2,0.05,0.0001,1.10664,0.47461,4136
11,6,age_bin,ema_lr1e-2_wd1e-3,0.01,0.001,1.43618,0.36001,4136
11,6,age_bin,ema_d0.99,0.01,0.0001,1.49251,0.38806,4136
11,6,age_bin,ema_d0.9999,0.01,0.0001,1.36401,0.38588,4136
11,6,age_bin,mlp_h16,0.001,0.0,0.94044,0.67336,4136
11,6,age_bin,mlp_h32,0.001,0.0,0.9287,0.65184,4136
11,6,age_bin,mlp_h64,0.001,0.0,0.68424,0.99782,4136
11,6,age_bin,mlp_h128,0.001,0.0,0.52108,1.0,4136
11,6,age_bin,attention,0.0001,1e-05,0.01427,0.99219,4136
11,6,age_bin,shuffled,0.01,0.0001,1.42828,0.35155,4136
11,6,gender,ema_lr1e-3,0.001,0.0001,1.07987,0.50266,4136
11,6,gender,ema_lr5e-3,0.005,0.0001,1.04626,0.49686,4136
11,6,gender,ema_lr1e-2,0.01,0.0001,1.02977,0.4896,4136
11,6,gender,ema_lr5e-2,0.05,0.0001,0.82219,0.54038,4136
11,6,gender,ema_lr1e-2_wd1e-3,0.01,0.001,1.02962,0.50024,4136
11,6,gender,ema_d0.99,0.01,0.0001,0.92932,0.51886,4136
11,6,gender,ema_d0.9999,0.01,0.0001,1.05001,0.5087,4136
11,6,gender,mlp_h16,0.001,0.0,0.6979,0.51136,4136
11,6,gender,mlp_h32,0.001,0.0,0.69076,0.53191,4136
11,6,gender,mlp_h64,0.001,0.0,0.68857,0.55174,4136
11,6,gender,mlp_h128,0.001,0.0,0.68504,0.55803,4136
11,6,gender,attention,0.0001,1e-05,3.75335,0.45312,4136
11,6,gender,shuffled,0.01,0.0001,0.96568,0.50048,4136
11,6,star_sign,ema_lr1e-3,0.001,0.0001,3.31702,0.06697,4136
11,6,star_sign,ema_lr5e-3,0.005,0.0001,3.19861,0.11243,4136
11,6,star_sign,ema_lr1e-2,0.01,0.0001,3.09427,0.08245,4136
11,6,star_sign,ema_lr5e-2,0.05,0.0001,2.56993,0.19221,4136
11,6,star_sign,ema_lr1e-2_wd1e-3,0.01,0.001,3.05122,0.07302,4136
11,6,star_sign,ema_d0.99,0.01,0.0001,3.21657,0.08148,4136
11,6,star_sign,ema_d0.9999,0.01,0.0001,3.05259,0.09865,4136
11,6,star_sign,mlp_h16,0.001,0.0,2.51992,0.06286,4136
11,6,star_sign,mlp_h32,0.001,0.0,1.93107,0.8455,4136
11,6,star_sign,mlp_h64,0.001,0.0,2.1738,0.54594,4136
11,6,star_sign,mlp_h128,0.001,0.0,1.5068,0.99879,4136
11,6,star_sign,attention,0.0001,1e-05,7.68769,0.28906,4136
11,6,star_sign,shuffled,0.01,0.0001,3.17109,0.08293,4136
12,0,age_bin,ema_lr1e-3,0.001,0.0001,1.53712,0.38136,4282
12,0,age_bin,ema_lr5e-3,0.005,0.0001,1.561,0.42971,4282
12,0,age_bin,ema_lr1e-2,0.01,0.0001,1.44952,0.37739,4282
12,0,age_bin,ema_lr5e-2,0.05,0.0001,1.1013,0.5439,4282
12,0,age_bin,ema_lr1e-2_wd1e-3,0.01,0.001,1.5111,0.30243,4282
12,0,age_bin,ema_d0.99,0.01,0.0001,1.53188,0.40402,4282
12,0,age_bin,ema_d0.9999,0.01,0.0001,1.47273,0.32088,4282
12,0,age_bin,mlp_h16,0.001,0.0,1.00966,0.43951,4282
12,0,age_bin,mlp_h32,0.001,0.0,0.93507,0.73143,4282
12,0,age_bin,mlp_h64,0.001,0.0,0.65968,0.9972,4282
12,0,age_bin,mlp_h128,0.001,0.0,0.43473,1.0,4282
12,0,age_bin,attention,0.0001,1e-05,1.08127,1.0,4282
12,0,age_bin,shuffled,0.01,0.0001,1.4456,0.31784,4282
12,0,gender,ema_lr1e-3,0.001,0.0001,1.05836,0.52265,4282
12,0,gender,ema_lr5e-3,0.005,0.0001,1.05031,0.50163,4282
12,0,gender,ema_lr1e-2,0.01,0.0001,0.99053,0.50444,4282
12,0,gender,ema_lr5e-2,0.05,0.0001,0.91022,0.4965,4282
12,0,gender,ema_lr1e-2_wd1e-3,0.01,0.001,1.08199,0.51518,4282
12,0,gender,ema_d0.99,0.01,0.0001,1.01398,0.50654,4282
12,0,gender,ema_d0.9999,0.01,0.0001,1.07465,0.50841,4282
12,0,gender,mlp_h16,0.001,0.0,0.69693,0.49883,4282
12,0,gender,mlp_h32,0.001,0.0,0.69906,0.50047,4282
12,0,gender,mlp_h64,0.001,0.0,0.69823,0.50631,4282
12,0,gender,mlp_h128,0.001,0.0,0.70037,0.49206,4282
12,0,gender,attention,0.0001,1e-05,0.69347,0.4375,4282
12,0,gender,shuffled,0.01,0.0001,1.02804,0.5056,4282
12,0,star_sign,ema_lr1e-3,0.001,0.0001,3.22231,0.1497,4282
12,0,star_sign,ema_lr5e-3,0.005,0.0001,3.16244,0.09295,4282
12,0,star_sign,ema_lr1e-2,0.01,0.0001,3.08225,0.06866,4282
12,0,star_sign,ema_lr5e-2,0.05,0.0001,2.594,0.25455,4282
12,0,star_sign,ema_lr1e-2_wd1e-3,0.01,0.001,3.1023,0.11,4282
12,0,star_sign,ema_d0.99,0.01,0.0001,3.10491,0.08571,4282
12,0,star_sign,ema_d0.9999,0.01,0.0001,3.04571,0.14806,4282
12,0,star_sign,mlp_h16,0.001,0.0,1.86332,0.91242,4282
12,0,star_sign,mlp_h32,0.001,0.0,2.05685,0.44652,4282
12,0,star_sign,mlp_h64,0.001,0.0,2.09023,0.53853,4282
12,0,star_sign,mlp_h128,0.001,0.0,1.60948,0.9986,4282
12,0,star_sign,attention,0.0001,1e-05,2.45729,0.97656,4282
12,0,star_sign,shuffled,0.01,0.0001,3.13787,0.12588,4282
12,4,age_bin,ema_lr1e-3,0.001,0.0001,1.49926,0.4248,4282
12,4,age_bin,ema_lr5e-3,0.005,0.0001,1.52027,0.3482,4282
12,4,age_bin,ema_lr1e-2,0.01,0.0001,1.27773,0.38113,4282
12,4,age_bin,ema_lr5e-2,0.05,0.0001,1.00972,0.55068,4282
12,4,age_bin,ema_lr1e-2_wd1e-3,0.01,0.001,1.33313,0.39047,4282
12,4,age_bin,ema_d0.99,0.01,0.0001,1.50515,0.39631,4282
12,4,age_bin,ema_d0.9999,0.01,0.0001,1.41386,0.30406,4282
12,4,age_bin,mlp_h16,0.001,0.0,0.71402,0.97244,4282
12,4,age_bin,mlp_h32,0.001,0.0,0.85662,0.86548,4282
12,4,age_bin,mlp_h64,0.001,0.0,0.6776,0.98178,4282
12,4,age_bin,mlp_h128,0.001,0.0,0.55124,1.0,4282
12,4,age_bin,attention,0.0001,1e-05,0.91408,0.92188,4282
12,4,age_bin,shuffled,0.01,0.0001,1.40005,0.34353,4282
12,4,gender,ema_lr1e-3,0.001,0.0001,0.96652,0.51074,4282
12,4,gender,ema_lr5e-3,0.005,0.0001,1.01426,0.47711,4282
12,4,gender,ema_lr1e-2,0.01,0.0001,0.95103,0.51425,4282
12,4,gender,ema_lr5e-2,0.05,0.0001,0.85132,0.48552,4282
12,4,gender,ema_lr1e-2_wd1e-3,0.01,0.001,0.97895,0.50584,4282
12,4,gender,ema_d0.99,0.01,0.0001,0.85575,0.51588,4282
12,4,gender,ema_d0.9999,0.01,0.0001,0.98608,0.49136,4282
12,4,gender,mlp_h16,0.001,0.0,0.69393,0.50631,4282
12,4,gender,mlp_h32,0.001,0.0,0.68862,0.53316,4282
12,4,gender,mlp_h64,0.001,0.0,0.69174,0.52078,4282
12,4,gender,mlp_h128,0.001,0.0,0.68856,0.53363,4282
12,4,gender,attention,0.0001,1e-05,0.69572,0.53906,4282
12,4,gender,shuffled,0.01,0.0001,0.98026,0.49743,4282
12,4,star_sign,ema_lr1e-3,0.001,0.0001,3.16902,0.11397,4282
12,4,star_sign,ema_lr5e-3,0.005,0.0001,3.06602,0.08594,4282
12,4,star_sign,ema_lr1e-2,0.01,0.0001,2.95111,0.1128,4282
12,4,star_sign,ema_lr5e-2,0.05,0.0001,2.4146,0.14619,4282
12,4,star_sign,ema_lr1e-2_wd1e-3,0.01,0.001,3.10806,0.10369,4282
12,4,star_sign,ema_d0.99,0.01,0.0001,2.99328,0.16861,4282
12,4,star_sign,ema_d0.9999,0.01,0.0001,2.92081,0.09482,4282
12,4,star_sign,mlp_h16,0.001,0.0,2.61368,0.02896,4282
12,4,star_sign,mlp_h32,0.001,0.0,2.10336,0.5418,4282
12,4,star_sign,mlp_h64,0.001,0.0,2.20591,0.39047,4282
12,4,star_sign,mlp_h128,0.001,0.0,1.68316,0.99299,4282
12,4,star_sign,attention,0.0001,1e-05,2.45631,0.125,4282
12,4,star_sign,shuffled,0.01,0.0001,2.96486,0.09482,4282
12,6,age_bin,ema_lr1e-3,0.001,0.0001,1.65044,0.31924,4282
12,6,age_bin,ema_lr5e-3,0.005,0.0001,1.62325,0.32298,4282
12,6,age_bin,ema_lr1e-2,0.01,0.0001,1.45627,0.37272,4282
12,6,age_bin,ema_lr5e-2,0.05,0.0001,1.07224,0.50023,4282
12,6,age_bin,ema_lr1e-2_wd1e-3,0.01,0.001,1.44056,0.35147,4282
12,6,age_bin,ema_d0.99,0.01,0.0001,1.46731,0.39397,4282
12,6,age_bin,ema_d0.9999,0.01,0.0001,1.48908,0.34073,4282
12,6,age_bin,mlp_h16,0.001,0.0,0.92924,0.70107,4282
12,6,age_bin,mlp_h32,0.001,0.0,0.90167,0.72419,4282
12,6,age_bin,mlp_h64,0.001,0.0,0.66129,0.99696,4282
12,6,age_bin,mlp_h128,0.001,0.0,0.4783,1.0,4282
12,6,age_bin,attention,0.0001,1e-05,0.33984,0.96875,4282
12,6,age_bin,shuffled,0.01,0.0001,1.39098,0.35264,4282
12,6,gender,ema_lr1e-3,0.001,0.0001,1.09901,0.49136,4282
12,6,gender,ema_lr5e-3,0.005,0.0001,0.9504,0.52335,4282
12,6,gender,ema_lr1e-2,0.01,0.0001,0.92809,0.52032,4282
12,6,gender,ema_lr5e-2,0.05,0.0001,0.8414,0.52546,4282
12,6,gender,ema_lr1e-2_wd1e-3,0.01,0.001,1.09579,0.46754,4282
12,6,gender,ema_d0.99,0.01,0.0001,1.05196,0.46497,4282
12,6,gender,ema_d0.9999,0.01,0.0001,1.06332,0.49159,4282
12,6,gender,mlp_h16,0.001,0.0,0.6859,0.5439,4282
12,6,gender,mlp_h32,0.001,0.0,0.69814,0.5028,4282
12,6,gender,mlp_h64,0.001,0.0,0.68227,0.54507,4282
12,6,gender,mlp_h128,0.001,0.0,0.67959,0.55605,4282
12,6,gender,attention,0.0001,1e-05,3.18788,0.51562,4282
12,6,gender,shuffled,0.01,0.0001,0.97447,0.48295,4282
12,6,star_sign,ema_lr1e-3,0.001,0.0001,3.22658,0.08804,4282
12,6,star_sign,ema_lr5e-3,0.005,0.0001,3.22013,0.10135,4282
12,6,star_sign,ema_lr1e-2,0.01,0.0001,3.17424,0.07193,4282
12,6,star_sign,ema_lr5e-2,0.05,0.0001,2.60469,0.18099,4282
12,6,star_sign,ema_lr1e-2_wd1e-3,0.01,0.001,3.12521,0.06002,4282
12,6,star_sign,ema_d0.99,0.01,0.0001,3.09967,0.08407,4282
12,6,star_sign,ema_d0.9999,0.01,0.0001,3.09984,0.09155,4282
12,6,star_sign,mlp_h16,0.001,0.0,2.49526,0.07029,4282
12,6,star_sign,mlp_h32,0.001,0.0,1.91212,0.83746,4282
12,6,star_sign,mlp_h64,0.001,0.0,2.12301,0.65764,4282
12,6,star_sign,mlp_h128,0.001,0.0,1.43927,0.9993,4282
12,6,star_sign,attention,0.0001,1e-05,5.98412,0.35156,4282
12,6,star_sign,shuffled,0.01,0.0001,3.10029,0.10696,4282
13,0,age_bin,ema_lr1e-3,0.001,0.0001,1.5408,0.3808,4178
13,0,age_bin,ema_lr5e-3,0.005,0.0001,1.54213,0.43442,4178
13,0,age_bin,ema_lr1e-2,0.01,0.0001,1.41775,0.39421,4178
13,0,age_bin,ema_lr5e-2,0.05,0.0001,1.03682,0.62183,4178
13,0,age_bin,ema_lr1e-2_wd1e-3,0.01,0.001,1.43872,0.31762,4178
13,0,age_bin,ema_d0.99,0.01,0.0001,1.52754,0.4033,4178
13,0,age_bin,ema_d0.9999,0.01,0.0001,1.45803,0.32863,4178
13,0,age_bin,mlp_h16,0.001,0.0,0.99408,0.46123,4178
13,0,age_bin,mlp_h32,0.001,0.0,0.91811,0.76089,4178
13,0,age_bin,mlp_h64,0.001,0.0,0.62793,0.99761,4178
13,0,age_bin,mlp_h128,0.001,0.0,0.4017,1.0,4178
13,0,age_bin,attention,0.0001,1e-05,1.07935,0.98438,4178
13,0,age_bin,shuffled,0.01,0.0001,1.4331,0.30732,4178
13,0,gender,ema_lr1e-3,0.001,0.0001,1.0393,0.50383,4178
13,0,gender,ema_lr5e-3,0.005,0.0001,1.07395,0.4909,4178
13,0,gender,ema_lr1e-2,0.01,0.0001,0.95423,0.50838,4178
13,0,gender,ema_lr5e-2,0.05,0.0001,0.92282,0.49737,4178
13,0,gender,ema_lr1e-2_wd1e-3,0.01,0.001,1.07538,0.50407,4178
13,0,gender,ema_d0.99,0.01,0.0001,1.07603,0.48348,4178
13,0,gender,ema_d0.9999,0.01,0.0001,1.08058,0.50838,4178
13,0,gender,mlp_h16,0.001,0.0,0.69708,0.50574,4178
13,0,gender,mlp_h32,0.001,0.0,0.70055,0.49521,4178
13,0,gender,mlp_h64,0.001,0.0,0.69723,0.50168,4178
13,0,gender,mlp_h128,0.001,0.0,0.69605,0.50694,4178
13,0,gender,attention,0.0001,1e-05,0.69321,0.49219,4178
13,0,gender,shuffled,0.01,0.0001,1.06134,0.49545,4178
13,0,star_sign,ema_lr1e-3,0.001,0.0001,3.25179,0.1405,4178
13,0,star_sign,ema_lr5e-3,0.005,0.0001,3.18669,0.08425,4178
13,0,star_sign,ema_lr1e-2,0.01,0.0001,3.06062,0.06534,4178
13,0,star_sign,ema_lr5e-2,0.05,0.0001,2.56113,0.2585,4178
13,0,star_sign,ema_lr1e-2_wd1e-3,0.01,0.001,3.07279,0.10579,4178
13,0,star_sign,ema_d0.99,0.01,0.0001,3.0714,0.09071,4178
13,0,star_sign,ema_d0.9999,0.01,0.0001,3.04785,0.15414,4178
13,0,star_sign,mlp_h16,0.001,0.0,1.84781,0.92461,4178
13,0,star_sign,mlp_h32,0.001,0.0,2.03249,0.46745,4178
13,0,star_sign,mlp_h64,0.001,0.0,2.04165,0.65965,4178
13,0,star_sign,mlp_h128,0.001,0.0,1.53818,1.0,4178
13,0,star_sign,attention,0.0001,1e-05,2.45538,1.0,4178
13,0,star_sign,shuffled,0.01,0.0001,3.16437,0.13404,4178
13,4,age_bin,ema_lr1e-3,0.001,0.0001,1.49093,0.42915,4178
13,4,age_bin,ema_lr5e-3,0.005,0.0001,1.47412,0.35543,4178
13,4,age_bin,ema_lr1e-2,0.01,0.0001,1.2818,0.3753,4178
13,4,age_bin,ema_lr5e-2,0.05,0.0001,1.025,0.52226,4178
13,4,age_bin,ema_lr1e-2_wd1e-3,0.01,0.001,1.34037,0.38655,4178
13,4,age_bin,ema_d0.99,0.01,0.0001,1.45201,0.42389,4178
13,4,age_bin,ema_d0.9999,0.01,0.0001,1.35912,0.32863,4178
13,4,age_bin,mlp_h16,0.001,0.0,0.69817,0.98612,4178
13,4,age_bin,mlp_h32,0.001,0.0,0.83072,0.89134,4178
13,4,age_bin,mlp_h64,0.001,0.0,0.64842,0.98468,4178
13,4,age_bin,mlp_h128,0.001,0.0,0.51156,1.0,4178
13,4,age_bin,attention,0.0001,1e-05,0.89858,0.96094,4178
13,4,age_bin,shuffled,0.01,0.0001,1.37804,0.34203,4178
13,4,gender,ema_lr1e-3,0.001,0.0001,1.03732,0.4921,4178
13,4,gender,ema_lr5e-3,0.005,0.0001,0.98722,0.50168,4178
13,4,gender,ema_lr1e-2,0.01,0.0001,0.9741,0.49641,4178
13,4,gender,ema_lr5e-2,0.05,0.0001,0.82531,0.48923,4178
13,4,gender,ema_lr1e-2_wd1e-3,0.01,0.001,0.95989,0.50886,4178
13,4,gender,ema_d0.99,0.01,0.0001,0.84919,0.51628,4178
13,4,gender,ema_d0.9999,0.01,0.0001,0.96582,0.50694,4178
13,4,gender,mlp_h16,0.001,0.0,0.69342,0.52489,4178
13,4,gender,mlp_h32,0.001,0.0,0.69456,0.50718,4178
13,4,gender,mlp_h64,0.001,0.0,0.69727,0.49713,4178
13,4,gender,mlp_h128,0.001,0.0,0.69724,0.50407,4178
13,4,gender,attention,0.0001,1e-05,0.69876,0.47656,4178
13,4,gender,shuffled,0.01,0.0001,0.94277,0.50551,4178
13,4,star_sign,ema_lr1e-3,0.001,0.0001,3.19358,0.10866,4178
13,4,star_sign,ema_lr5e-3,0.005,0.0001,3.08571,0.07587,4178
13,4,star_sign,ema_lr1e-2,0.01,0.0001,2.93682,0.11584,4178
13,4,star_sign,ema_lr5e-2,0.05,0.0001,2.43281,0.1405,4178
13,4,star_sign,ema_lr1e-2_wd1e-3,0.01,0.001,3.0798,0.09382,4178
13,4,star_sign,ema_d0.99,0.01,0.0001,3.0134,0.16395,4178
13,4,star_sign,ema_d0.9999,0.01,0.0001,2.93467,0.09574,4178
13,4,star_sign,mlp_h16,0.001,0.0,2.59269,0.03423,4178
13,4,star_sign,mlp_h32,0.001,0.0,2.06652,0.62709,4178
13,4,star_sign,mlp_h64,0.001,0.0,2.15542,0.49114,4178
13,4,star_sign,mlp_h128,0.001,0.0,1.60104,0.99761,4178
13,4,star_sign,attention,0.0001,1e-05,2.44539,0.08594,4178
13,4,star_sign,shuffled,0.01,0.0001,2.89041,0.10795,4178
13,6,age_bin,ema_lr1e-3,0.001,0.0001,1.74384,0.29631,4178
13,6,age_bin,ema_lr5e-3,0.005,0.0001,1.57912,0.35472,4178
13,6,age_bin,ema_lr1e-2,0.01,0.0001,1.4961,0.38104,4178
13,6,age_bin,ema_lr5e-2,0.05,0.0001,0.96996,0.56175,4178
13,6,age_bin,ema_lr1e-2_wd1e-3,0.01,0.001,1.48079,0.33317,4178
13,6,age_bin,ema_d0.99,0.01,0.0001,1.53275,0.37769,4178
13,6,age_bin,ema_d0.9999,0.01,0.0001,1.45936,0.34873,4178
13,6,age_bin,mlp_h16,0.001,0.0,0.91322,0.72212,4178
13,6,age_bin,mlp_h32,0.001,0.0,0.89498,0.7439,4178
13,6,age_bin,mlp_h64,0.001,0.0,0.63124,0.99713,4178
13,6,age_bin,mlp_h128,0.001,0.0,0.44989,1.0,4178
13,6,age_bin,attention,0.0001,1e-05,0.28855,0.95312,4178
13,6,age_bin,shuffled,0.01,0.0001,1.41989,0.3461,4178
13,6,gender,ema_lr1e-3,0.001,0.0001,1.15814,0.4708,4178
13,6,gender,ema_lr5e-3,0.005,0.0001,0.98514,0.52034,4178
13,6,gender,ema_lr1e-2,0.01,0.0001,1.00627,0.5,4178
13,6,gender,ema_lr5e-2,0.05,0.0001,0.8947,0.50048,4178
13,6,gender,ema_lr1e-2_wd1e-3,0.01,0.001,1.02705,0.49809,4178
13,6,gender,ema_d0.99,0.01,0.0001,0.97714,0.50957,4178
13,6,gender,ema_d0.9999,0.01,0.0001,1.03738,0.50383,4178
13,6,gender,mlp_h16,0.001,0.0,0.69697,0.51292,4178
13,6,gender,mlp_h32,0.001,0.0,0.70006,0.51628,4178
13,6,gender,mlp_h64,0.001,0.0,0.69686,0.50359,4178
13,6,gender,mlp_h128,0.001,0.0,0.70595,0.50048,4178
13,6,gender,attention,0.0001,1e-05,2.59262,0.51562,4178
13,6,gender,shuffled,0.01,0.0001,0.97109,0.50622,4178
13,6,star_sign,ema_lr1e-3,0.001,0.0001,3.18842,0.09598,4178
13,6,star_sign,ema_lr5e-3,0.005,0.0001,3.17012,0.11249,4178
13,6,star_sign,ema_lr1e-2,0.01,0.0001,3.09505,0.0797,4178
13,6,star_sign,ema_lr5e-2,0.05,0.0001,2.52589,0.20273,4178
13,6,star_sign,ema_lr1e-2_wd1e-3,0.01,0.001,3.07496,0.06008,4178
13,6,star_sign,ema_d0.99,0.01,0.0001,3.12538,0.08449,4178
13,6,star_sign,ema_d0.9999,0.01,0.0001,3.09337,0.09,4178
13,6,star_sign,mlp_h16,0.001,0.0,2.48984,0.0797,4178
13,6,star_sign,mlp_h32,0.001,0.0,1.89569,0.85735,4178
13,6,star_sign,mlp_h64,0.001,0.0,2.07732,0.74701,4178
13,6,star_sign,mlp_h128,0.001,0.0,1.35671,1.0,4178
13,6,star_sign,attention,0.0001,1e-05,6.94773,0.28125,4178
13,6,star_sign,shuffled,0.01,0.0001,3.11632,0.09454,4178
14,0,age_bin,ema_lr1e-3,0.001,0.0001,1.54562,0.38015,3980
14,0,age_bin,ema_lr5e-3,0.005,0.0001,1.59304,0.42211,3980
14,0,age_bin,ema_lr1e-2,0.01,0.0001,1.39839,0.39523,3980
14,0,age_bin,ema_lr5e-2,0.05,0.0001,1.02967,0.62839,3980
14,0,age_bin,ema_lr1e-2_wd1e-3,0.01,0.001,1.43372,0.32211,3980
14,0,age_bin,ema_d0.99,0.01,0.0001,1.48709,0.40251,3980
14,0,age_bin,ema_d0.9999,0.01,0.0001,1.45319,0.3304,3980
14,0,age_bin,mlp_h16,0.001,0.0,0.97857,0.48467,3980
14,0,age_bin,mlp_h32,0.001,0.0,0.89146,0.79874,3980
14,0,age_bin,mlp_h64,0.001,0.0,0.60268,0.99874,3980
14,0,age_bin,mlp_h128,0.001,0.0,0.37233,1.0,3980
14,0,age_bin,attention,0.0001,1e-05,1.07914,0.99219,3980
14,0,age_bin,shuffled,0.01,0.0001,1.40265,0.31206,3980
14,0,gender,ema_lr1e-3,0.001,0.0001,1.05511,0.50452,3980
14,0,gender,ema_lr5e-3,0.005,0.0001,1.02212,0.51206,3980
14,0,gender,ema_lr1e-2,0.01,0.0001,0.99732,0.49221,3980
14,0,gender,ema_lr5e-2,0.05,0.0001,0.90092,0.49146,3980
14,0,gender,ema_lr1e-2_wd1e-3,0.01,0.001,1.11606,0.49397,3980
14,0,gender,ema_d0.99,0.01,0.0001,1.01313,0.51809,3980
14,0,gender,ema_d0.9999,0.01,0.0001,1.03567,0.51759,3980
14,0,gender,mlp_h16,0.001,0.0,0.69787,0.49849,3980
14,0,gender,mlp_h32,0.001,0.0,0.69722,0.4995,3980
14,0,gender,mlp_h64,0.001,0.0,0.69957,0.49296,3980
14,0,gender,mlp_h128,0.001,0.0,0.69674,0.51131,3980
14,0,gender,attention,0.0001,1e-05,0.69329,0.52344,3980
14,0,gender,shuffled,0.01,0.0001,1.03866,0.49874,3980
14,0,star_sign,ema_lr1e-3,0.001,0.0001,3.22167,0.14472,3980
14,0,star_sign,ema_lr5e-3,0.005,0.0001,3.16708,0.10176,3980
14,0,star_sign,ema_lr1e-2,0.01,0.0001,3.04495,0.05905,3980
14,0,star_sign,ema_lr5e-2,0.05,0.0001,2.48602,0.27538,3980
14,0,star_sign,ema_lr1e-2_wd1e-3,0.01,0.001,3.11106,0.10528,3980
14,0,star_sign,ema_d0.99,0.01,0.0001,3.06091,0.08819,3980
14,0,star_sign,ema_d0.9999,0.01,0.0001,3.06061,0.15,3980
14,0,star_sign,mlp_h16,0.001,0.0,1.81923,0.93543,3980
14,0,star_sign,mlp_h32,0.001,0.0,1.9975,0.52714,3980
14,0,star_sign,mlp_h64,0.001,0.0,1.9928,0.75402,3980
14,0,star_sign,mlp_h128,0.001,0.0,1.45904,1.0,3980
14,0,star_sign,attention,0.0001,1e-05,2.4532,1.0,3980
14,0,star_sign,shuffled,0.01,0.0001,3.0977,0.1299,3980
14,4,age_bin,ema_lr1e-3,0.001,0.0001,1.51285,0.42111,3980
14,4,age_bin,ema_lr5e-3,0.005,0.0001,1.4811,0.36055,3980
14,4,age_bin,ema_lr1e-2,0.01,0.0001,1.23716,0.39472,3980
14,4,age_bin,ema_lr5e-2,0.05,0.0001,0.97979,0.56281,3980
14,4,age_bin,ema_lr1e-2_wd1e-3,0.01,0.001,1.27925,0.40829,3980
14,4,age_bin,ema_d0.99,0.01,0.0001,1.50648,0.3902,3980
14,4,age_bin,ema_d0.9999,0.01,0.0001,1.39069,0.31985,3980
14,4,age_bin,mlp_h16,0.001,0.0,0.67847,0.98869,3980
14,4,age_bin,mlp_h32,0.001,0.0,0.8035,0.92613,3980
14,4,age_bin,mlp_h64,0.001,0.0,0.61457,0.99296,3980
14,4,age_bin,mlp_h128,0.001,0.0,0.46891,1.0,3980
14,4,age_bin,attention,0.0001,1e-05,0.88275,0.97656,3980
14,4,age_bin,shuffled,0.01,0.0001,1.38831,0.34774,3980
14,4,gender,ema_lr1e-3,0.001,0.0001,0.95407,0.5108,3980
14,4,gender,ema_lr5e-3,0.005,0.0001,0.96998,0.51307,3980
14,4,gender,ema_lr1e-2,0.01,0.0001,0.98641,0.48668,3980
14,4,gender,ema_lr5e-2,0.05,0.0001,0.81626,0.49724,3980
14,4,gender,ema_lr1e-2_wd1e-3,0.01,0.001,0.9924,0.48869,3980
14,4,gender,ema_d0.99,0.01,0.0001,0.89408,0.4892,3980
14,4,gender,ema_d0.9999,0.01,0.0001,0.97508,0.4804,3980
14,4,gender,mlp_h16,0.001,0.0,0.69191,0.52613,3980
14,4,gender,mlp_h32,0.001,0.0,0.69307,0.52965,3980
14,4,gender,mlp_h64,0.001,0.0,0.69002,0.53442,3980
14,4,gender,mlp_h128,0.001,0.0,0.6957,0.51432,3980
14,4,gender,attention,0.0001,1e-05,0.71014,0.46875,3980
14,4,gender,shuffled,0.01,0.0001,0.96125,0.48518,3980
14,4,star_sign,ema_lr1e-3,0.001,0.0001,3.08509,0.11935,3980
14,4,star_sign,ema_lr5e-3,0.005,0.0001,3.07752,0.07312,3980
14,4,star_sign,ema_lr1e-2,0.01,0.0001,3.06455,0.09422,3980
14,4,star_sign,ema_lr5e-2,0.05,0.0001,2.29857,0.18467,3980
14,4,star_sign,ema_lr1e-2_wd1e-3,0.01,0.001,3.12382,0.08492,3980
14,4,star_sign,ema_d0.99,0.01,0.0001,2.93857,0.17864,3980
14,4,star_sign,ema_d0.9999,0.01,0.0001,2.91623,0.10427,3980
14,4,star_sign,mlp_h16,0.001,0.0,2.57621,0.03668,3980
14,4,star_sign,mlp_h32,0.001,0.0,2.03656,0.66558,3980
14,4,star_sign,mlp_h64,0.001,0.0,2.10662,0.58844,3980
14,4,star_sign,mlp_h128,0.001,0.0,1.52445,0.99975,3980
14,4,star_sign,attention,0.0001,1e-05,2.43802,0.14062,3980
14,4,star_sign,shuffled,0.01,0.0001,2.98989,0.09196,3980
14,6,age_bin,ema_lr1e-3,0.001,0.0001,1.736,0.27638,3980
14,6,age_bin,ema_lr5e-3,0.005,0.0001,1.61152,0.3201,3980
14,6,age_bin,ema_lr1e-2,0.01,0.0001,1.50346,0.37236,3980
14,6,age_bin,ema_lr5e-2,0.05,0.0001,0.96851,0.5608,3980
14,6,age_bin,ema_lr1e-2_wd1e-3,0.01,0.001,1.47245,0.34246,3980
14,6,age_bin,ema_d0.99,0.01,0.0001,1.49956,0.37688,3980
14,6,age_bin,ema_d0.9999,0.01,0.0001,1.34224,0.38869,3980
14,6,age_bin,mlp_h16,0.001,0.0,0.90485,0.73668,3980
14,6,age_bin,mlp_h32,0.001,0.0,0.86642,0.79472,3980
14,6,age_bin,mlp_h64,0.001,0.0,0.6071,0.99975,3980
14,6,age_bin,mlp_h128,0.001,0.0,0.40405,1.0,3980
14,6,age_bin,attention,0.0001,1e-05,0.71587,0.9375,3980
14,6,age_bin,shuffled,0.01,0.0001,1.38416,0.35729,3980
14,6,gender,ema_lr1e-3,0.001,0.0001,1.08451,0.50075,3980
14,6,gender,ema_lr5e-3,0.005,0.0001,1.03922,0.51281,3980
14,6,gender,ema_lr1e-2,0.01,0.0001,0.94046,0.51005,3980
14,6,gender,ema_lr5e-2,0.05,0.0001,0.85505,0.52136,3980
14,6,gender,ema_lr1e-2_wd1e-3,0.01,0.001,1.08047,0.46935,3980
14,6,gender,ema_d0.99,0.01,0.0001,1.04137,0.47487,3980
14,6,gender,ema_d0.9999,0.01,0.0001,1.0676,0.48241,3980
14,6,gender,mlp_h16,0.001,0.0,0.6922,0.52161,3980
14,6,gender,mlp_h32,0.001,0.0,0.69336,0.52136,3980
14,6,gender,mlp_h64,0.001,0.0,0.69332,0.52136,3980
14,6,gender,mlp_h128,0.001,0.0,0.6921,0.53543,3980
14,6,gender,attention,0.0001,1e-05,2.40494,0.51562,3980
14,6,gender,shuffled,0.01,0.0001,0.94503,0.49372,3980
14,6,star_sign,ema_lr1e-3,0.001,0.0001,3.1482,0.08844,3980
14,6,star_sign,ema_lr5e-3,0.005,0.0001,3.17779,0.11307,3980
14,6,star_sign,ema_lr1e-2,0.01,0.0001,3.16663,0.08794,3980
14,6,star_sign,ema_lr5e-2,0.05,0.0001,2.50418,0.21206,3980
14,6,star_sign,ema_lr1e-2_wd1e-3,0.01,0.001,3.05894,0.06608,3980
14,6,star_sign,ema_d0.99,0.01,0.0001,3.14674,0.08141,3980
14,6,star_sign,ema_d0.9999,0.01,0.0001,3.13183,0.08668,3980
14,6,star_sign,mlp_h16,0.001,0.0,2.45721,0.10477,3980
14,6,star_sign,mlp_h32,0.001,0.0,1.85021,0.89598,3980
14,6,star_sign,mlp_h64,0.001,0.0,2.04459,0.80352,3980
14,6,star_sign,mlp_h128,0.001,0.0,1.28343,1.0,3980
14,6,star_sign,attention,0.0001,1e-05,6.7288,0.33594,3980
14,6,star_sign,shuffled,0.01,0.0001,3.12216,0.10427,3980
15,0,age_bin,ema_lr1e-3,0.001,0.0001,1.55767,0.37554,3925
15,0,age_bin,ema_lr5e-3,0.005,0.0001,1.57636,0.41732,3925
15,0,age_bin,ema_lr1e-2,0.01,0.0001,1.40299,0.38064,3925
15,0,age_bin,ema_lr5e-2,0.05,0.0001,0.97994,0.63669,3925
15,0,age_bin,ema_lr1e-2_wd1e-3,0.01,0.001,1.45577,0.3014,3925
15,0,age_bin,ema_d0.99,0.01,0.0001,1.49039,0.41325,3925
15,0,age_bin,ema_d0.9999,0.01,0.0001,1.45075,0.32051,3925
15,0,age_bin,mlp_h16,0.001,0.0,0.96451,0.48561,3925
15,0,age_bin,mlp_h32,0.001,0.0,0.87603,0.82268,3925
15,0,age_bin,mlp_h64,0.001,0.0,0.57557,0.99949,3925
15,0,age_bin,mlp_h128,0.001,0.0,0.34131,1.0,3925
15,0,age_bin,attention,0.0001,1e-05,1.07784,1.0,3925
15,0,age_bin,shuffled,0.01,0.0001,1.41718,0.30879,3925
15,0,gender,ema_lr1e-3,0.001,0.0001,1.10248,0.48229,3925
15,0,gender,ema_lr5e-3,0.005,0.0001,1.02662,0.50115,3925
15,0,gender,ema_lr1e-2,0.01,0.0001,0.96474,0.50395,3925
15,0,gender,ema_lr5e-2,0.05,0.0001,0.89986,0.4958,3925
15,0,gender,ema_lr1e-2_wd1e-3,0.01,0.001,1.10503,0.49809,3925
15,0,gender,ema_d0.99,0.01,0.0001,1.00556,0.50701,3925
15,0,gender,ema_d0.9999,0.01,0.0001,1.0817,0.4986,3925
15,0,gender,mlp_h16,0.001,0.0,0.69838,0.49631,3925
15,0,gender,mlp_h32,0.001,0.0,0.70259,0.49809,3925
15,0,gender,mlp_h64,0.001,0.0,0.70075,0.47822,3925
15,0,gender,mlp_h128,0.001,0.0,0.69732,0.49885,3925
15,0,gender,attention,0.0001,1e-05,0.69331,0.49219,3925
15,0,gender,shuffled,0.01,0.0001,1.0542,0.4851,3925
15,0,star_sign,ema_lr1e-3,0.001,0.0001,3.2083,0.14675,3925
15,0,star_sign,ema_lr5e-3,0.005,0.0001,3.16635,0.09096,3925
15,0,star_sign,ema_lr1e-2,0.01,0.0001,3.0478,0.06293,3925
15,0,star_sign,ema_lr5e-2,0.05,0.0001,2.4554,0.28866,3925
15,0,star_sign,ema_lr1e-2_wd1e-3,0.01,0.001,3.10305,0.11618,3925
15,0,star_sign,ema_d0.99,0.01,0.0001,3.0582,0.09172,3925
15,0,star_sign,ema_d0.9999,0.01,0.0001,3.05198,0.1572,3925
15,0,star_sign,mlp_h16,0.001,0.0,1.79686,0.94599,3925
15,0,star_sign,mlp_h32,0.001,0.0,1.97227,0.57197,3925
15,0,star_sign,mlp_h64,0.001,0.0,1.95221,0.79363,3925
15,0,star_sign,mlp_h128,0.001,0.0,1.38744,1.0,3925
15,0,star_sign,attention,0.0001,1e-05,2.45198,1.0,3925
15,0,star_sign,shuffled,0.01,0.0001,3.08243,0.14522,3925
15,4,age_bin,ema_lr1e-3,0.001,0.0001,1.54024,0.42293,3925
15,4,age_bin,ema_lr5e-3,0.005,0.0001,1.45812,0.35592,3925
15,4,age_bin,ema_lr1e-2,0.01,0.0001,1.26557,0.39338,3925
15,4,age_bin,ema_lr5e-2,0.05,0.0001,0.91178,0.58752,3925
15,4,age_bin,ema_lr1e-2_wd1e-3,0.01,0.001,1.31137,0.38497,3925
15,4,age_bin,ema_d0.99,0.01,0.0001,1.46465,0.40586,3925
15,4,age_bin,ema_d0.9999,0.01,0.0001,1.32001,0.34395,3925
15,4,age_bin,mlp_h16,0.001,0.0,0.66555,0.99006,3925
15,4,age_bin,mlp_h32,0.001,0.0,0.7829,0.93529,3925
15,4,age_bin,mlp_h64,0.001,0.0,0.58658,0.9949,3925
15,4,age_bin,mlp_h128,0.001,0.0,0.43324,1.0,3925
15,4,age_bin,attention,0.0001,1e-05,0.86771,0.98438,3925
15,4,age_bin,shuffled,0.01,0.0001,1.38153,0.34726,3925
15,4,gender,ema_lr1e-3,0.001,0.0001,0.97103,0.50242,3925
15,4,gender,ema_lr5e-3,0.005,0.0001,0.99898,0.5042,3925
15,4,gender,ema_lr1e-2,0.01,0.0001,0.96719,0.50064,3925
15,4,gender,ema_lr5e-2,0.05,0.0001,0.81038,0.49605,3925
15,4,gender,ema_lr1e-2_wd1e-3,0.01,0.001,0.98552,0.48764,3925
15,4,gender,ema_d0.99,0.01,0.0001,0.90849,0.47439,3925
15,4,gender,ema_d0.9999,0.01,0.0001,0.94135,0.51847,3925
15,4,gender,mlp_h16,0.001,0.0,0.69835,0.49401,3925
15,4,gender,mlp_h32,0.001,0.0,0.70205,0.48688,3925
15,4,gender,mlp_h64,0.001,0.0,0.69371,0.50395,3925
15,4,gender,mlp_h128,0.001,0.0,0.70078,0.50089,3925
15,4,gender,attention,0.0001,1e-05,0.69604,0.49219,3925
15,4,gender,shuffled,0.01,0.0001,0.94921,0.50726,3925
15,4,star_sign,ema_lr1e-3,0.001,0.0001,3.14853,0.11516,3925
15,4,star_sign,ema_lr5e-3,0.005,0.0001,3.0649,0.08713,3925
15,4,star_sign,ema_lr1e-2,0.01,0.0001,3.01018,0.09452,3925
15,4,star_sign,ema_lr5e-2,0.05,0.0001,2.25977,0.20535,3925
15,4,star_sign,ema_lr1e-2_wd1e-3,0.01,0.001,3.13352,0.0772,3925
15,4,star_sign,ema_d0.99,0.01,0.0001,2.98685,0.17554,3925
15,4,star_sign,ema_d0.9999,0.01,0.0001,2.93837,0.09783,3925
15,4,star_sign,mlp_h16,0.001,0.0,2.55337,0.0451,3925
15,4,star_sign,mlp_h32,0.001,0.0,1.99466,0.71975,3925
15,4,star_sign,mlp_h64,0.001,0.0,2.05387,0.6879,3925
15,4,star_sign,mlp_h128,0.001,0.0,1.43567,0.99898,3925
15,4,star_sign,attention,0.0001,1e-05,2.43224,0.13281,3925
15,4,star_sign,shuffled,0.01,0.0001,2.95464,0.1014,3925
15,6,age_bin,ema_lr1e-3,0.001,0.0001,1.69068,0.30726,3925
15,6,age_bin,ema_lr5e-3,0.005,0.0001,1.53309,0.34981,3925
15,6,age_bin,ema_lr1e-2,0.01,0.0001,1.46953,0.38573,3925
15,6,age_bin,ema_lr5e-2,0.05,0.0001,0.93764,0.57631,3925
15,6,age_bin,ema_lr1e-2_wd1e-3,0.01,0.001,1.46567,0.34242,3925
15,6,age_bin,ema_d0.99,0.01,0.0001,1.47317,0.40229,3925
15,6,age_bin,ema_d0.9999,0.01,0.0001,1.43867,0.35134,3925
15,6,age_bin,mlp_h16,0.001,0.0,0.88202,0.78242,3925
15,6,age_bin,mlp_h32,0.001,0.0,0.8432,0.84331,3925
15,6,age_bin,mlp_h64,0.001,0.0,0.57706,0.99949,3925
15,6,age_bin,mlp_h128,0.001,0.0,0.37366,1.0,3925
15,6,age_bin,attention,0.0001,1e-05,0.19464,0.95312,3925
15,6,age_bin,shuffled,0.01,0.0001,1.46799,0.33248,3925
15,6,gender,ema_lr1e-3,0.001,0.0001,1.06967,0.50217,3925
15,6,gender,ema_lr5e-3,0.005,0.0001,1.05107,0.48815,3925
15,6,gender,ema_lr1e-2,0.01,0.0001,0.99909,0.4828,3925
15,6,gender,ema_lr5e-2,0.05,0.0001,0.88272,0.48357,3925
15,6,gender,ema_lr1e-2_wd1e-3,0.01,0.001,1.03442,0.48688,3925
15,6,gender,ema_d0.99,0.01,0.0001,0.9008,0.54803,3925
15,6,gender,ema_d0.9999,0.01,0.0001,1.07087,0.48917,3925
15,6,gender,mlp_h16,0.001,0.0,0.6952,0.51363,3925
15,6,gender,mlp_h32,0.001,0.0,0.69928,0.5042,3925
15,6,gender,mlp_h64,0.001,0.0,0.69854,0.50471,3925
15,6,gender,mlp_h128,0.001,0.0,0.70193,0.50064,3925
15,6,gender,attention,0.0001,1e-05,2.9529,0.45312,3925
15,6,gender,shuffled,0.01,0.0001,0.95287,0.4958,3925
15,6,star_sign,ema_lr1e-3,0.001,0.0001,3.18178,0.09019,3925
15,6,star_sign,ema_lr5e-3,0.005,0.0001,3.05656,0.11516,3925
15,6,star_sign,ema_lr1e-2,0.01,0.0001,3.18276,0.08,3925
15,6,star_sign,ema_lr5e-2,0.05,0.0001,2.41684,0.23669,3925
15,6,star_sign,ema_lr1e-2_wd1e-3,0.01,0.001,3.11132,0.06828,3925
15,6,star_sign,ema_d0.99,0.01,0.0001,3.05121,0.09758,3925
15,6,star_sign,ema_d0.9999,0.01,0.0001,3.12157,0.08459,3925
15,6,star_sign,mlp_h16,0.001,0.0,2.43869,0.1042,3925
15,6,star_sign,mlp_h32,0.001,0.0,1.80757,0.93478,3925
15,6,star_sign,mlp_h64,0.001,0.0,1.99619,0.85987,3925
15,6,star_sign,mlp_h128,0.001,0.0,1.1833,1.0,3925
15,6,star_sign,attention,0.0001,1e-05,5.37649,0.33594,3925
15,6,star_sign,shuffled,0.01,0.0001,3.10051,0.10166,3925
16,0,age_bin,ema_lr1e-3,0.001,0.0001,1.52068,0.38203,3984
16,0,age_bin,ema_lr5e-3,0.005,0.0001,1.53932,0.42671,3984
16,0,age_bin,ema_lr1e-2,0.01,0.0001,1.39658,0.40562,3984
16,0,age_bin,ema_lr5e-2,0.05,0.0001,0.94305,0.66742,3984
16,0,age_bin,ema_lr1e-2_wd1e-3,0.01,0.001,1.42825,0.3248,3984
16,0,age_bin,ema_d0.99,0.01,0.0001,1.47078,0.40763,3984
16,0,age_bin,ema_d0.9999,0.01,0.0001,1.45536,0.32103,3984
16,0,age_bin,mlp_h16,0.001,0.0,0.95368,0.51205,3984
16,0,age_bin,mlp_h32,0.001,0.0,0.86355,0.84237,3984
16,0,age_bin,mlp_h64,0.001,0.0,0.55138,1.0,3984
16,0,age_bin,mlp_h128,0.001,0.0,0.3169,1.0,3984
16,0,age_bin,attention,0.0001,1e-05,1.07675,1.0,3984
16,0,age_bin,shuffled,0.01,0.0001,1.3929,0.31953,3984
16,0,gender,ema_lr1e-3,0.001,0.0001,1.11005,0.49824,3984
16,0,gender,ema_lr5e-3,0.005,0.0001,1.03242,0.50653,3984
16,0,gender,ema_lr1e-2,0.01,0.0001,0.97424,0.50377,3984
16,0,gender,ema_lr5e-2,0.05,0.0001,0.88358,0.49699,3984
16,0,gender,ema_lr1e-2_wd1e-3,0.01,0.001,1.11231,0.49699,3984
16,0,gender,ema_d0.99,0.01,0.0001,0.99745,0.50527,3984
16,0,gender,ema_d0.9999,0.01,0.0001,1.05476,0.49649,3984
16,0,gender,mlp_h16,0.001,0.0,0.69795,0.4877,3984
16,0,gender,mlp_h32,0.001,0.0,0.7009,0.47816,3984
16,0,gender,mlp_h64,0.001,0.0,0.69719,0.49423,3984
16,0,gender,mlp_h128,0.001,0.0,0.69798,0.49071,3984
16,0,gender,attention,0.0001,1e-05,0.69342,0.44531,3984
16,0,gender,shuffled,0.01,0.0001,1.05306,0.48996,3984
16,0,star_sign,ema_lr1e-3,0.001,0.0001,3.18868,0.15035,3984
16,0,star_sign,ema_lr5e-3,0.005,0.0001,3.13222,0.0886,3984
16,0,star_sign,ema_lr1e-2,0.01,0.0001,3.0534,0.06677,3984
16,0,star_sign,ema_lr5e-2,0.05,0.0001,2.39843,0.29493,3984
16,0,star_sign,ema_lr1e-2_wd1e-3,0.01,0.001,3.03258,0.11471,3984
16,0,star_sign,ema_d0.99,0.01,0.0001,3.04946,0.09488,3984
16,0,star_sign,ema_d0.9999,0.01,0.0001,2.99241,0.16441,3984
16,0,star_sign,mlp_h16,0.001,0.0,1.78006,0.95131,3984
16,0,star_sign,mlp_h32,0.001,0.0,1.94633,0.70884,3984
16,0,star_sign,mlp_h64,0.001,0.0,1.90905,0.83057,3984
16,0,star_sign,mlp_h128,0.001,0.0,1.31724,1.0,3984
16,0,star_sign,attention,0.0001,1e-05,2.45082,1.0,3984
16,0,star_sign,shuffled,0.01,0.0001,3.09706,0.13328,3984
16,4,age_bin,ema_lr1e-3,0.001,0.0001,1.47653,0.43976,3984
16,4,age_bin,ema_lr5e-3,0.005,0.0001,1.43381,0.35919,3984
16,4,age_bin,ema_lr1e-2,0.01,0.0001,1.2202,0.40261,3984
16,4,age_bin,ema_lr5e-2,0.05,0.0001,0.88258,0.61496,3984
16,4,age_bin,ema_lr1e-2_wd1e-3,0.01,0.001,1.3268,0.3745,3984
16,4,age_bin,ema_d0.99,0.01,0.0001,1.40759,0.41541,3984
16,4,age_bin,ema_d0.9999,0.01,0.0001,1.32051,0.3494,3984
16,4,age_bin,mlp_h16,0.001,0.0,0.6533,0.99096,3984
16,4,age_bin,mlp_h32,0.001,0.0,0.75163,0.96335,3984
16,4,age_bin,mlp_h64,0.001,0.0,0.55561,0.99623,3984
16,4,age_bin,mlp_h128,0.001,0.0,0.40534,1.0,3984
16,4,age_bin,attention,0.0001,1e-05,0.86346,0.99219,3984
16,4,age_bin,shuffled,0.01,0.0001,1.36703,0.34413,3984
16,4,gender,ema_lr1e-3,0.001,0.0001,0.9158,0.53489,3984
16,4,gender,ema_lr5e-3,0.005,0.0001,0.98418,0.51029,3984
16,4,gender,ema_lr1e-2,0.01,0.0001,1.01337,0.47189,3984
16,4,gender,ema_lr5e-2,0.05,0.0001,0.7838,0.5251,3984
16,4,gender,ema_lr1e-2_wd1e-3,0.01,0.001,1.024,0.48193,3984
16,4,gender,ema_d0.99,0.01,0.0001,0.86027,0.51004,3984
16,4,gender,ema_d0.9999,0.01,0.0001,0.93147,0.50929,3984
16,4,gender,mlp_h16,0.001,0.0,0.69761,0.49372,3984
16,4,gender,mlp_h32,0.001,0.0,0.69752,0.51104,3984
16,4,gender,mlp_h64,0.001,0.0,0.69568,0.50301,3984
16,4,gender,mlp_h128,0.001,0.0,0.70788,0.48092,3984
16,4,gender,attention,0.0001,1e-05,0.69209,0.53125,3984
16,4,gender,shuffled,0.01,0.0001,0.96859,0.49749,3984
16,4,star_sign,ema_lr1e-3,0.001,0.0001,3.17269,0.1117,3984
16,4,star_sign,ema_lr5e-3,0.005,0.0001,3.0254,0.0876,3984
16,4,star_sign,ema_lr1e-2,0.01,0.0001,2.96614,0.09739,3984
16,4,star_sign,ema_lr5e-2,0.05,0.0001,2.19647,0.21486,3984
16,4,star_sign,ema_lr1e-2_wd1e-3,0.01,0.001,3.04885,0.09764,3984
16,4,star_sign,ema_d0.99,0.01,0.0001,2.93386,0.17269,3984
16,4,star_sign,ema_d0.9999,0.01,0.0001,2.89399,0.10291,3984
16,4,star_sign,mlp_h16,0.001,0.0,2.54174,0.04342,3984
16,4,star_sign,mlp_h32,0.001,0.0,1.97193,0.74197,3984
16,4,star_sign,mlp_h64,0.001,0.0,2.00108,0.75728,3984
16,4,star_sign,mlp_h128,0.001,0.0,1.36264,1.0,3984
16,4,star_sign,attention,0.0001,1e-05,2.41552,0.28125,3984
16,4,star_sign,shuffled,0.01,0.0001,2.88922,0.10718,3984
16,6,age_bin,ema_lr1e-3,0.001,0.0001,1.5475,0.33685,3984
16,6,age_bin,ema_lr5e-3,0.005,0.0001,1.59238,0.313,3984
16,6,age_bin,ema_lr1e-2,0.01,0.0001,1.51128,0.36044,3984
16,6,age_bin,ema_lr5e-2,0.05,0.0001,0.90395,0.59739,3984
16,6,age_bin,ema_lr1e-2_wd1e-3,0.01,0.001,1.48623,0.33333,3984
16,6,age_bin,ema_d0.99,0.01,0.0001,1.42158,0.40989,3984
16,6,age_bin,ema_d0.9999,0.01,0.0001,1.40757,0.3627,3984
16,6,age_bin,mlp_h16,0.001,0.0,0.87435,0.80597,3984
16,6,age_bin,mlp_h32,0.001,0.0,0.82615,0.86044,3984
16,6,age_bin,mlp_h64,0.001,0.0,0.53889,1.0,3984
16,6,age_bin,mlp_h128,0.001,0.0,0.34547,1.0,3984
16,6,age_bin,attention,0.0001,1e-05,0.12881,0.96094,3984
16,6,age_bin,shuffled,0.01,0.0001,1.42065,0.34613,3984
16,6,gender,ema_lr1e-3,0.001,0.0001,1.09386,0.49749,3984
16,6,gender,ema_lr5e-3,0.005,0.0001,1.02167,0.50452,3984
16,6,gender,ema_lr1e-2,0.01,0.0001,1.01154,0.48594,3984
16,6,gender,ema_lr5e-2,0.05,0.0001,0.87365,0.47766,3984
16,6,gender,ema_lr1e-2_wd1e-3,0.01,0.001,1.02804,0.47113,3984
16,6,gender,ema_d0.99,0.01,0.0001,1.00069,0.46762,3984
16,6,gender,ema_d0.9999,0.01,0.0001,0.96605,0.54016,3984
16,6,gender,mlp_h16,0.001,0.0,0.70102,0.49473,3984
16,6,gender,mlp_h32,0.001,0.0,0.70844,0.47139,3984
16,6,gender,mlp_h64,0.001,0.0,0.70359,0.50276,3984
16,6,gender,mlp_h128,0.001,0.0,0.71581,0.46762,3984
16,6,gender,attention,0.0001,1e-05,3.24345,0.5,3984
16,6,gender,shuffled,0.01,0.0001,0.95124,0.49523,3984
16,6,star_sign,ema_lr1e-3,0.001,0.0001,3.14376,0.09137,3984
16,6,star_sign,ema_lr5e-3,0.005,0.0001,3.15573,0.11747,3984
16,6,star_sign,ema_lr1e-2,0.01,0.0001,3.04711,0.08208,3984
16,6,star_sign,ema_lr5e-2,0.05,0.0001,2.37465,0.23017,3984
16,6,star_sign,ema_lr1e-2_wd1e-3,0.01,0.001,3.19119,0.05171,3984
16,6,star_sign,ema_d0.99,0.01,0.0001,3.04871,0.09388,3984
16,6,star_sign,ema_d0.9999,0.01,0.0001,2.98288,0.10592,3984
16,6,star_sign,mlp_h16,0.001,0.0,2.41214,0.14232,3984
16,6,star_sign,mlp_h32,0.001,0.0,1.79221,0.93926,3984
16,6,star_sign,mlp_h64,0.001,0.0,1.93908,0.91165,3984
16,6,star_sign,mlp_h128,0.001,0.0,1.11407,1.0,3984
16,6,star_sign,attention,0.0001,1e-05,5.70183,0.46875,3984
16,6,star_sign,shuffled,0.01,0.0001,3.06568,0.0994,3984
17,0,age_bin,ema_lr1e-3,0.001,0.0001,1.54357,0.37957,3994
17,0,age_bin,ema_lr5e-3,0.005,0.0001,1.53617,0.4329,3994
17,0,age_bin,ema_lr1e-2,0.01,0.0001,1.38186,0.40085,3994
17,0,age_bin,ema_lr5e-2,0.05,0.0001,0.93223,0.67526,3994
17,0,age_bin,ema_lr1e-2_wd1e-3,0.01,0.001,1.43455,0.30471,3994
17,0,age_bin,ema_d0.99,0.01,0.0001,1.45719,0.40461,3994
17,0,age_bin,ema_d0.9999,0.01,0.0001,1.46357,0.31973,3994
17,0,age_bin,mlp_h16,0.001,0.0,0.93642,0.5999,3994
17,0,age_bin,mlp_h32,0.001,0.0,0.84129,0.87081,3994
17,0,age_bin,mlp_h64,0.001,0.0,0.53135,1.0,3994
17,0,age_bin,mlp_h128,0.001,0.0,0.2926,1.0,3994
17,0,age_bin,attention,0.0001,1e-05,1.07581,1.0,3994
17,0,age_bin,shuffled,0.01,0.0001,1.38143,0.30671,3994
17,0,gender,ema_lr1e-3,0.001,0.0001,1.04115,0.4995,3994
17,0,gender,ema_lr5e-3,0.005,0.0001,1.00162,0.50976,3994
17,0,gender,ema_lr1e-2,0.01,0.0001,0.97734,0.50951,3994
17,0,gender,ema_lr5e-2,0.05,0.0001,0.87226,0.5015,3994
17,0,gender,ema_lr1e-2_wd1e-3,0.01,0.001,1.05931,0.50075,3994
17,0,gender,ema_d0.99,0.01,0.0001,1.01601,0.50576,3994
17,0,gender,ema_d0.9999,0.01,0.0001,1.0333,0.50951,3994
17,0,gender,mlp_h16,0.001,0.0,0.69699,0.51602,3994
17,0,gender,mlp_h32,0.001,0.0,0.69436,0.52704,3994
17,0,gender,mlp_h64,0.001,0.0,0.69738,0.4975,3994
17,0,gender,mlp_h128,0.001,0.0,0.69157,0.5338,3994
17,0,gender,attention,0.0001,1e-05,0.69239,0.60938,3994
17,0,gender,shuffled,0.01,0.0001,1.01696,0.52679,3994
17,0,star_sign,ema_lr1e-3,0.001,0.0001,3.2522,0.14472,3994
17,0,star_sign,ema_lr5e-3,0.005,0.0001,3.13497,0.09614,3994
17,0,star_sign,ema_lr1e-2,0.01,0.0001,3.03053,0.06785,3994
17,0,star_sign,ema_lr5e-2,0.05,0.0001,2.34749,0.29219,3994
17,0,star_sign,ema_lr1e-2_wd1e-3,0.01,0.001,3.05237,0.11442,3994
17,0,star_sign,ema_d0.99,0.01,0.0001,3.04638,0.09364,3994
17,0,star_sign,ema_d0.9999,0.01,0.0001,3.04673,0.166,3994
17,0,star_sign,mlp_h16,0.001,0.0,1.76141,0.95844,3994
17,0,star_sign,mlp_h32,0.001,0.0,1.91628,0.71457,3994
17,0,star_sign,mlp_h64,0.001,0.0,1.86136,0.87832,3994
17,0,star_sign,mlp_h128,0.001,0.0,1.25036,1.0,3994
17,0,star_sign,attention,0.0001,1e-05,2.44976,1.0,3994
17,0,star_sign,shuffled,0.01,0.0001,3.13182,0.1352,3994
17,4,age_bin,ema_lr1e-3,0.001,0.0001,1.53073,0.42013,3994
17,4,age_bin,ema_lr5e-3,0.005,0.0001,1.42676,0.3643,3994
17,4,age_bin,ema_lr1e-2,0.01,0.0001,1.28154,0.38358,3994
17,4,age_bin,ema_lr5e-2,0.05,0.0001,0.86047,0.63245,3994
17,4,age_bin,ema_lr1e-2_wd1e-3,0.01,0.001,1.31045,0.37807,3994
17,4,age_bin,ema_d0.99,0.01,0.0001,1.38449,0.40786,3994
17,4,age_bin,ema_d0.9999,0.01,0.0001,1.36983,0.32799,3994
17,4,age_bin,mlp_h16,0.001,0.0,0.64091,0.99499,3994
17,4,age_bin,mlp_h32,0.001,0.0,0.74432,0.95669,3994
17,4,age_bin,mlp_h64,0.001,0.0,0.52873,0.99675,3994
17,4,age_bin,mlp_h128,0.001,0.0,0.37119,1.0,3994
17,4,age_bin,attention,0.0001,1e-05,0.84416,0.99219,3994
17,4,age_bin,shuffled,0.01,0.0001,1.34178,0.35403,3994
17,4,gender,ema_lr1e-3,0.001,0.0001,0.98634,0.49099,3994
17,4,gender,ema_lr5e-3,0.005,0.0001,1.01107,0.48197,3994
17,4,gender,ema_lr1e-2,0.01,0.0001,0.92917,0.51277,3994
17,4,gender,ema_lr5e-2,0.05,0.0001,0.81432,0.499,3994
17,4,gender,ema_lr1e-2_wd1e-3,0.01,0.001,0.97135,0.48848,3994
17,4,gender,ema_d0.99,0.01,0.0001,0.87625,0.48973,3994
17,4,gender,ema_d0.9999,0.01,0.0001,0.95366,0.49725,3994
17,4,gender,mlp_h16,0.001,0.0,0.69108,0.52954,3994
17,4,gender,mlp_h32,0.001,0.0,0.6972,0.50075,3994
17,4,gender,mlp_h64,0.001,0.0,0.69215,0.52278,3994
17,4,gender,mlp_h128,0.001,0.0,0.68506,0.55058,3994
17,4,gender,attention,0.0001,1e-05,0.70623,0.41406,3994
17,4,gender,shuffled,0.01,0.0001,0.94206,0.49449,3994
17,4,star_sign,ema_lr1e-3,0.001,0.0001,3.13663,0.11242,3994
17,4,star_sign,ema_lr5e-3,0.005,0.0001,3.04236,0.08988,3994
17,4,star_sign,ema_lr1e-2,0.01,0.0001,2.90029,0.11317,3994
17,4,star_sign,ema_lr5e-2,0.05,0.0001,2.20143,0.21883,3994
17,4,star_sign,ema_lr1e-2_wd1e-3,0.01,0.001,3.09257,0.08763,3994
17,4,star_sign,ema_d0.99,0.01,0.0001,2.96964,0.15824,3994
17,4,star_sign,ema_d0.9999,0.01,0.0001,2.86072,0.11042,3994
17,4,star_sign,mlp_h16,0.001,0.0,2.5243,0.05208,3994
17,4,star_sign,mlp_h32,0.001,0.0,1.92935,0.78643,3994
17,4,star_sign,mlp_h64,0.001,0.0,1.94885,0.82148,3994
17,4,star_sign,mlp_h128,0.001,0.0,1.29132,1.0,3994
17,4,star_sign,attention,0.0001,1e-05,2.41312,0.26562,3994
17,4,star_sign,shuffled,0.01,0.0001,2.94059,0.09014,3994
17,6,age_bin,ema_lr1e-3,0.001,0.0001,1.70715,0.29945,3994
17,6,age_bin,ema_lr5e-3,0.005,0.0001,1.64162,0.33375,3994
17,6,age_bin,ema_lr1e-2,0.01,0.0001,1.45098,0.39134,3994
17,6,age_bin,ema_lr5e-2,0.05,0.0001,0.86795,0.62243,3994
17,6,age_bin,ema_lr1e-2_wd1e-3,0.01,0.001,1.45559,0.34752,3994
17,6,age_bin,ema_d0.99,0.01,0.0001,1.54266,0.37006,3994
17,6,age_bin,ema_d0.9999,0.01,0.0001,1.35775,0.39059,3994
17,6,age_bin,mlp_h16,0.001,0.0,0.85839,0.81948,3994
17,6,age_bin,mlp_h32,0.001,0.0,0.80449,0.90185,3994
17,6,age_bin,mlp_h64,0.001,0.0,0.51904,1.0,3994
17,6,age_bin,mlp_h128,0.001,0.0,0.31826,1.0,3994
17,6,age_bin,attention,0.0001,1e-05,0.25715,0.97656,3994
17,6,age_bin,shuffled,0.01,0.0001,1.36906,0.35854,3994
17,6,gender,ema_lr1e-3,0.001,0.0001,1.06406,0.50976,3994
17,6,gender,ema_lr5e-3,0.005,0.0001,1.01311,0.49775,3994
17,6,gender,ema_lr1e-2,0.01,0.0001,0.97198,0.50851,3994
17,6,gender,ema_lr5e-2,0.05,0.0001,0.80271,0.54256,3994
17,6,gender,ema_lr1e-2_wd1e-3,0.01,0.001,1.01901,0.49524,3994
17,6,gender,ema_d0.99,0.01,0.0001,0.97623,0.49825,3994
17,6,gender,ema_d0.9999,0.01,0.0001,1.05546,0.48523,3994
17,6,gender,mlp_h16,0.001,0.0,0.69246,0.52779,3994
17,6,gender,mlp_h32,0.001,0.0,0.69255,0.51477,3994
17,6,gender,mlp_h64,0.001,0.0,0.67762,0.58087,3994
17,6,gender,mlp_h128,0.001,0.0,0.68615,0.55333,3994
17,6,gender,attention,0.0001,1e-05,3.08452,0.42969,3994
17,6,gender,shuffled,0.01,0.0001,0.97814,0.49349,3994
17,6,star_sign,ema_lr1e-3,0.001,0.0001,3.18807,0.08788,3994
17,6,star_sign,ema_lr5e-3,0.005,0.0001,3.14718,0.10941,3994
17,6,star_sign,ema_lr1e-2,0.01,0.0001,3.16579,0.07611,3994
17,6,star_sign,ema_lr5e-2,0.05,0.0001,2.3647,0.23435,3994
17,6,star_sign,ema_lr1e-2_wd1e-3,0.01,0.001,3.07908,0.05408,3994
17,6,star_sign,ema_d0.99,0.01,0.0001,3.12552,0.09614,3994
17,6,star_sign,ema_d0.9999,0.01,0.0001,2.98572,0.10491,3994
17,6,star_sign,mlp_h16,0.001,0.0,2.40896,0.14096,3994
17,6,star_sign,mlp_h32,0.001,0.0,1.75243,0.96345,3994
17,6,star_sign,mlp_h64,0.001,0.0,1.88572,0.94417,3994
17,6,star_sign,mlp_h128,0.001,0.0,1.05682,1.0,3994
17,6,star_sign,attention,0.0001,1e-05,3.87087,0.4375,3994
17,6,star_sign,shuffled,0.01,0.0001,3.04691,0.10591,3994
18,0,age_bin,ema_lr1e-3,0.001,0.0001,1.54707,0.37426,4390
18,0,age_bin,ema_lr5e-3,0.005,0.0001,1.56964,0.41959,4390
18,0,age_bin,ema_lr1e-2,0.01,0.0001,1.41493,0.39157,4390
18,0,age_bin,ema_lr5e-2,0.05,0.0001,0.88608,0.70205,4390
18,0,age_bin,ema_lr1e-2_wd1e-3,0.01,0.001,1.41157,0.31936,4390
18,0,age_bin,ema_d0.99,0.01,0.0001,1.485,0.40478,4390
18,0,age_bin,ema_d0.9999,0.01,0.0001,1.41533,0.32073,4390
18,0,age_bin,mlp_h16,0.001,0.0,0.92238,0.61686,4390
18,0,age_bin,mlp_h32,0.001,0.0,0.8238,0.91458,4390
18,0,age_bin,mlp_h64,0.001,0.0,0.50367,1.0,4390
18,0,age_bin,mlp_h128,0.001,0.0,0.27116,1.0,4390
18,0,age_bin,attention,0.0001,1e-05,1.07409,1.0,4390
18,0,age_bin,shuffled,0.01,0.0001,1.39263,0.30683,4390
18,0,gender,ema_lr1e-3,0.001,0.0001,1.06524,0.50683,4390
18,0,gender,ema_lr5e-3,0.005,0.0001,1.03553,0.49727,4390
18,0,gender,ema_lr1e-2,0.01,0.0001,0.98102,0.49112,4390
18,0,gender,ema_lr5e-2,0.05,0.0001,0.87381,0.49476,4390
18,0,gender,ema_lr1e-2_wd1e-3,0.01,0.001,1.04591,0.52255,4390
18,0,gender,ema_d0.99,0.01,0.0001,1.01689,0.49499,4390
18,0,gender,ema_d0.9999,0.01,0.0001,1.0272,0.50866,4390
18,0,gender,mlp_h16,0.001,0.0,0.6969,0.49727,4390
18,0,gender,mlp_h32,0.001,0.0,0.69677,0.49704,4390
18,0,gender,mlp_h64,0.001,0.0,0.69306,0.52323,4390
18,0,gender,mlp_h128,0.001,0.0,0.6976,0.48497,4390
18,0,gender,attention,0.0001,1e-05,0.69414,0.44531,4390
18,0,gender,shuffled,0.01,0.0001,1.05177,0.47836,4390
18,0,star_sign,ema_lr1e-3,0.001,0.0001,3.25735,0.14761,4390
18,0,star_sign,ema_lr5e-3,0.005,0.0001,3.09792,0.09841,4390
18,0,star_sign,ema_lr1e-2,0.01,0.0001,3.01585,0.0656,4390
18,0,star_sign,ema_lr5e-2,0.05,0.0001,2.32797,0.30091,4390
18,0,star_sign,ema_lr1e-2_wd1e-3,0.01,0.001,3.06907,0.11663,4390
18,0,star_sign,ema_d0.99,0.01,0.0001,3.00681,0.09294,4390
18,0,star_sign,ema_d0.9999,0.01,0.0001,3.0075,0.16606,4390
18,0,star_sign,mlp_h16,0.001,0.0,1.73575,0.96128,4390
18,0,star_sign,mlp_h32,0.001,0.0,1.88306,0.77585,4390
18,0,star_sign,mlp_h64,0.001,0.0,1.81247,0.89932,4390
18,0,star_sign,mlp_h128,0.001,0.0,1.17856,1.0,4390
18,0,star_sign,attention,0.0001,1e-05,2.44825,1.0,4390
18,0,star_sign,shuffled,0.01,0.0001,3.06957,0.13622,4390
18,4,age_bin,ema_lr1e-3,0.001,0.0001,1.44697,0.43645,4390
18,4,age_bin,ema_lr5e-3,0.005,0.0001,1.38426,0.36811,4390
18,4,age_bin,ema_lr1e-2,0.01,0.0001,1.20731,0.4221,4390
18,4,age_bin,ema_lr5e-2,0.05,0.0001,0.85321,0.64396,4390
18,4,age_bin,ema_lr1e-2_wd1e-3,0.01,0.001,1.28505,0.39408,4390
18,4,age_bin,ema_d0.99,0.01,0.0001,1.37553,0.4041,4390
18,4,age_bin,ema_d0.9999,0.01,0.0001,1.28646,0.36219,4390
18,4,age_bin,mlp_h16,0.001,0.0,0.63487,0.99544,4390
18,4,age_bin,mlp_h32,0.001,0.0,0.71635,0.97631,4390
18,4,age_bin,mlp_h64,0.001,0.0,0.51057,0.99795,4390
18,4,age_bin,mlp_h128,0.001,0.0,0.34914,1.0,4390
18,4,age_bin,attention,0.0001,1e-05,0.83923,0.98438,4390
18,4,age_bin,shuffled,0.01,0.0001,1.35108,0.34989,4390
18,4,gender,ema_lr1e-3,0.001,0.0001,0.99167,0.49727,4390
18,4,gender,ema_lr5e-3,0.005,0.0001,0.9896,0.50615,4390
18,4,gender,ema_lr1e-2,0.01,0.0001,0.97216,0.49749,4390
18,4,gender,ema_lr5e-2,0.05,0.0001,0.78856,0.52323,4390
18,4,gender,ema_lr1e-2_wd1e-3,0.01,0.001,0.94158,0.51663,4390
18,4,gender,ema_d0.99,0.01,0.0001,0.85463,0.50182,4390
18,4,gender,ema_d0.9999,0.01,0.0001,0.91819,0.51207,4390
18,4,gender,mlp_h16,0.001,0.0,0.69933,0.4861,4390
18,4,gender,mlp_h32,0.001,0.0,0.69131,0.52779,4390
18,4,gender,mlp_h64,0.001,0.0,0.68816,0.54442,4390
18,4,gender,mlp_h128,0.001,0.0,0.69517,0.50706,4390
18,4,gender,attention,0.0001,1e-05,0.68453,0.57812,4390
18,4,gender,shuffled,0.01,0.0001,0.94361,0.49203,4390
18,4,star_sign,ema_lr1e-3,0.001,0.0001,3.1275,0.11481,4390
18,4,star_sign,ema_lr5e-3,0.005,0.0001,2.98779,0.09134,4390
18,4,star_sign,ema_lr1e-2,0.01,0.0001,2.94044,0.09727,4390
18,4,star_sign,ema_lr5e-2,0.05,0.0001,2.1119,0.25421,4390
18,4,star_sign,ema_lr1e-2_wd1e-3,0.01,0.001,2.97255,0.10137,4390
18,4,star_sign,ema_d0.99,0.01,0.0001,2.91097,0.16629,4390
18,4,star_sign,ema_d0.9999,0.01,0.0001,2.8754,0.10182,4390
18,4,star_sign,mlp_h16,0.001,0.0,2.52048,0.05535,4390
18,4,star_sign,mlp_h32,0.001,0.0,1.92424,0.79636,4390
18,4,star_sign,mlp_h64,0.001,0.0,1.89159,0.86743,4390
18,4,star_sign,mlp_h128,0.001,0.0,1.22796,0.99977,4390
18,4,star_sign,attention,0.0001,1e-05,2.39213,0.44531,4390
18,4,star_sign,shuffled,0.01,0.0001,2.89261,0.10592,4390
18,6,age_bin,ema_lr1e-3,0.001,0.0001,1.66981,0.31321,4390
18,6,age_bin,ema_lr5e-3,0.005,0.0001,1.62061,0.3164,4390
18,6,age_bin,ema_lr1e-2,0.01,0.0001,1.40487,0.39658,4390
18,6,age_bin,ema_lr5e-2,0.05,0.0001,0.92909,0.56925,4390
18,6,age_bin,ema_lr1e-2_wd1e-3,0.01,0.001,1.37908,0.36811,4390
18,6,age_bin,ema_d0.99,0.01,0.0001,1.38814,0.41025,4390
18,6,age_bin,ema_d0.9999,0.01,0.0001,1.3337,0.39544,4390
18,6,age_bin,mlp_h16,0.001,0.0,0.84706,0.84169,4390
18,6,age_bin,mlp_h32,0.001,0.0,0.77726,0.93417,4390
18,6,age_bin,mlp_h64,0.001,0.0,0.4991,1.0,4390
18,6,age_bin,mlp_h128,0.001,0.0,0.29842,1.0,4390
18,6,age_bin,attention,0.0001,1e-05,0.22987,0.96875,4390
18,6,age_bin,shuffled,0.01,0.0001,1.45786,0.32984,4390
18,6,gender,ema_lr1e-3,0.001,0.0001,1.0896,0.49727,4390
18,6,gender,ema_lr5e-3,0.005,0.0001,1.16004,0.44032,4390
18,6,gender,ema_lr1e-2,0.01,0.0001,0.92264,0.52096,4390
18,6,gender,ema_lr5e-2,0.05,0.0001,0.78517,0.53667,4390
18,6,gender,ema_lr1e-2_wd1e-3,0.01,0.001,0.97746,0.50114,4390
18,6,gender,ema_d0.99,0.01,0.0001,0.98128,0.49203,4390
18,6,gender,ema_d0.9999,0.01,0.0001,1.02641,0.49818,4390
18,6,gender,mlp_h16,0.001,0.0,0.68737,0.54715,4390
18,6,gender,mlp_h32,0.001,0.0,0.68822,0.53394,4390
18,6,gender,mlp_h64,0.001,0.0,0.6908,0.53622,4390
18,6,gender,mlp_h128,0.001,0.0,0.68941,0.54784,4390
18,6,gender,attention,0.0001,1e-05,3.43455,0.42969,4390
18,6,gender,shuffled,0.01,0.0001,0.99876,0.48064,4390
18,6,star_sign,ema_lr1e-3,0.001,0.0001,3.15568,0.09203,4390
18,6,star_sign,ema_lr5e-3,0.005,0.0001,3.11252,0.12141,4390
18,6,star_sign,ema_lr1e-2,0.01,0.0001,3.07938,0.08314,4390
18,6,star_sign,ema_lr5e-2,0.05,0.0001,2.33791,0.25194,4390
18,6,star_sign,ema_lr1e-2_wd1e-3,0.01,0.001,2.97968,0.08018,4390
18,6,star_sign,ema_d0.99,0.01,0.0001,2.99709,0.10934,4390
18,6,star_sign,ema_d0.9999,0.01,0.0001,3.01863,0.10934,4390
18,6,star_sign,mlp_h16,0.001,0.0,2.37726,0.1615,4390
18,6,star_sign,mlp_h32,0.001,0.0,1.72761,0.96287,4390
18,6,star_sign,mlp_h64,0.001,0.0,1.84719,0.96378,4390
18,6,star_sign,mlp_h128,0.001,0.0,0.97785,1.0,4390
18,6,star_sign,attention,0.0001,1e-05,4.80457,0.46875,4390
18,6,star_sign,shuffled,0.01,0.0001,2.94356,0.13508,4390
19,0,age_bin,ema_lr1e-3,0.001,0.0001,1.46943,0.38374,3862
19,0,age_bin,ema_lr5e-3,0.005,0.0001,1.5271,0.43061,3862
19,0,age_bin,ema_lr1e-2,0.01,0.0001,1.35666,0.41015,3862
19,0,age_bin,ema_lr5e-2,0.05,0.0001,0.86668,0.70922,3862
19,0,age_bin,ema_lr1e-2_wd1e-3,0.01,0.001,1.39378,0.33998,3862
19,0,age_bin,ema_d0.99,0.01,0.0001,1.43521,0.41455,3862
19,0,age_bin,ema_d0.9999,0.01,0.0001,1.42363,0.32263,3862
19,0,age_bin,mlp_h16,0.001,0.0,0.91289,0.63206,3862
19,0,age_bin,mlp_h32,0.001,0.0,0.80608,0.9319,3862
19,0,age_bin,mlp_h64,0.001,0.0,0.47967,1.0,3862
19,0,age_bin,mlp_h128,0.001,0.0,0.24868,1.0,3862
19,0,age_bin,attention,0.0001,1e-05,1.07333,1.0,3862
19,0,age_bin,shuffled,0.01,0.0001,1.34701,0.33221,3862
19,0,gender,ema_lr1e-3,0.001,0.0001,1.07282,0.49275,3862
19,0,gender,ema_lr5e-3,0.005,0.0001,1.02786,0.49379,3862
19,0,gender,ema_lr1e-2,0.01,0.0001,0.97981,0.49922,3862
19,0,gender,ema_lr5e-2,0.05,0.0001,0.84658,0.51321,3862
19,0,gender,ema_lr1e-2_wd1e-3,0.01,0.001,1.07535,0.50337,3862
19,0,gender,ema_d0.99,0.01,0.0001,1.04307,0.48861,3862
19,0,gender,ema_d0.9999,0.01,0.0001,1.02761,0.50104,3862
19,0,gender,mlp_h16,0.001,0.0,0.69666,0.49275,3862
19,0,gender,mlp_h32,0.001,0.0,0.69713,0.49456,3862
19,0,gender,mlp_h64,0.001,0.0,0.69957,0.4899,3862
19,0,gender,mlp_h128,0.001,0.0,0.69523,0.50155,3862
19,0,gender,attention,0.0001,1e-05,0.69328,0.51562,3862
19,0,gender,shuffled,0.01,0.0001,1.03126,0.50466,3862
19,0,star_sign,ema_lr1e-3,0.001,0.0001,3.2303,0.14552,3862
19,0,star_sign,ema_lr5e-3,0.005,0.0001,3.1176,0.0914,3862
19,0,star_sign,ema_lr1e-2,0.01,0.0001,3.00279,0.10383,3862
19,0,star_sign,ema_lr5e-2,0.05,0.0001,2.22645,0.35422,3862
19,0,star_sign,ema_lr1e-2_wd1e-3,0.01,0.001,3.01901,0.11056,3862
19,0,star_sign,ema_d0.99,0.01,0.0001,2.99648,0.09788,3862
19,0,star_sign,ema_d0.9999,0.01,0.0001,2.98071,0.16908,3862
19,0,star_sign,mlp_h16,0.001,0.0,1.71365,0.96427,3862
19,0,star_sign,mlp_h32,0.001,0.0,1.86196,0.82082,3862
19,0,star_sign,mlp_h64,0.001,0.0,1.77621,0.93475,3862
19,0,star_sign,mlp_h128,0.001,0.0,1.11296,1.0,3862
19,0,star_sign,attention,0.0001,1e-05,2.44519,1.0,3862
19,0,star_sign,shuffled,0.01,0.0001,3.02351,0.145,3862
19,4,age_bin,ema_lr1e-3,0.001,0.0001,1.4343,0.45702,3862
19,4,age_bin,ema_lr5e-3,0.005,0.0001,1.4841,0.33506,3862
19,4,age_bin,ema_lr1e-2,0.01,0.0001,1.19196,0.41326,3862
19,4,age_bin,ema_lr5e-2,0.05,0.0001,0.81266,0.66701,3862
19,4,age_bin,ema_lr1e-2_wd1e-3,0.01,0.001,1.31086,0.37986,3862
19,4,age_bin,ema_d0.99,0.01,0.0001,1.31379,0.41585,3862
19,4,age_bin,ema_d0.9999,0.01,0.0001,1.30138,0.36302,3862
19,4,age_bin,mlp_h16,0.001,0.0,0.60574,0.99793,3862
19,4,age_bin,mlp_h32,0.001,0.0,0.70008,0.98006,3862
19,4,age_bin,mlp_h64,0.001,0.0,0.46717,0.99767,3862
19,4,age_bin,mlp_h128,0.001,0.0,0.30812,1.0,3862
19,4,age_bin,attention,0.0001,1e-05,0.80406,1.0,3862
19,4,age_bin,shuffled,0.01,0.0001,1.29118,0.35577,3862
19,4,gender,ema_lr1e-3,0.001,0.0001,1.00736,0.48265,3862
19,4,gender,ema_lr5e-3,0.005,0.0001,0.98444,0.50026,3862
19,4,gender,ema_lr1e-2,0.01,0.0001,0.94636,0.49922,3862
19,4,gender,ema_lr5e-2,0.05,0.0001,0.7825,0.51579,3862
19,4,gender,ema_lr1e-2_wd1e-3,0.01,0.001,0.94185,0.50699,3862
19,4,gender,ema_d0.99,0.01,0.0001,0.89678,0.48576,3862
19,4,gender,ema_d0.9999,0.01,0.0001,0.92013,0.50932,3862
19,4,gender,mlp_h16,0.001,0.0,0.69968,0.49327,3862
19,4,gender,mlp_h32,0.001,0.0,0.69834,0.50414,3862
19,4,gender,mlp_h64,0.001,0.0,0.69772,0.48912,3862
19,4,gender,mlp_h128,0.001,0.0,0.69885,0.50311,3862
19,4,gender,attention,0.0001,1e-05,0.70608,0.46094,3862
19,4,gender,shuffled,0.01,0.0001,0.92047,0.50129,3862
19,4,star_sign,ema_lr1e-3,0.001,0.0001,3.09993,0.1217,3862
19,4,star_sign,ema_lr5e-3,0.005,0.0001,3.07689,0.0769,3862
19,4,star_sign,ema_lr1e-2,0.01,0.0001,2.98081,0.09839,3862
19,4,star_sign,ema_lr5e-2,0.05,0.0001,2.1036,0.25634,3862
19,4,star_sign,ema_lr1e-2_wd1e-3,0.01,0.001,3.05585,0.09347,3862
19,4,star_sign,ema_d0.99,0.01,0.0001,2.9601,0.17193,3862
19,4,star_sign,ema_d0.9999,0.01,0.0001,2.86423,0.10953,3862
19,4,star_sign,mlp_h16,0.001,0.0,2.48581,0.07172,3862
19,4,star_sign,mlp_h32,0.001,0.0,1.86099,0.83247,3862
19,4,star_sign,mlp_h64,0.001,0.0,1.84674,0.90161,3862
19,4,star_sign,mlp_h128,0.001,0.0,1.12561,1.0,3862
19,4,star_sign,attention,0.0001,1e-05,2.39184,0.33594,3862
19,4,star_sign,shuffled,0.01,0.0001,2.88937,0.09891,3862
19,6,age_bin,ema_lr1e-3,0.001,0.0001,1.67325,0.29337,3862
19,6,age_bin,ema_lr5e-3,0.005,0.0001,1.55812,0.32677,3862
19,6,age_bin,ema_lr1e-2,0.01,0.0001,1.49722,0.35707,3862
19,6,age_bin,ema_lr5e-2,0.05,0.0001,0.8343,0.64423,3862
19,6,age_bin,ema_lr1e-2_wd1e-3,0.01,0.001,1.38415,0.36069,3862
19,6,age_bin,ema_d0.99,0.01,0.0001,1.53864,0.35085,3862
19,6,age_bin,ema_d0.9999,0.01,0.0001,1.39767,0.35137,3862
19,6,age_bin,mlp_h16,0.001,0.0,0.82659,0.87002,3862
19,6,age_bin,mlp_h32,0.001,0.0,0.76607,0.93216,3862
19,6,age_bin,mlp_h64,0.001,0.0,0.48157,1.0,3862
19,6,age_bin,mlp_h128,0.001,0.0,0.26906,1.0,3862
19,6,age_bin,attention,0.0001,1e-05,0.1492,0.96875,3862
19,6,age_bin,shuffled,0.01,0.0001,1.32482,0.3783,3862
19,6,gender,ema_lr1e-3,0.001,0.0001,1.08722,0.49508,3862
19,6,gender,ema_lr5e-3,0.005,0.0001,1.01884,0.49896,3862
19,6,gender,ema_lr1e-2,0.01,0.0001,0.9703,0.50129,3862
19,6,gender,ema_lr5e-2,0.05,0.0001,0.85014,0.49146,3862
19,6,gender,ema_lr1e-2_wd1e-3,0.01,0.001,0.99502,0.49871,3862
19,6,gender,ema_d0.99,0.01,0.0001,1.03934,0.45236,3862
19,6,gender,ema_d0.9999,0.01,0.0001,1.03329,0.49353,3862
19,6,gender,mlp_h16,0.001,0.0,0.7019,0.48602,3862
19,6,gender,mlp_h32,0.001,0.0,0.70078,0.50207,3862
19,6,gender,mlp_h64,0.001,0.0,0.70161,0.48757,3862
19,6,gender,mlp_h128,0.001,0.0,0.70532,0.49741,3862
19,6,gender,attention,0.0001,1e-05,3.09209,0.5,3862
19,6,gender,shuffled,0.01,0.0001,0.94613,0.50052,3862
19,6,star_sign,ema_lr1e-3,0.001,0.0001,3.17174,0.08778,3862
19,6,star_sign,ema_lr5e-3,0.005,0.0001,3.07372,0.11807,3862
19,6,star_sign,ema_lr1e-2,0.01,0.0001,3.12994,0.07872,3862
19,6,star_sign,ema_lr5e-2,0.05,0.0001,2.14406,0.30114,3862
19,6,star_sign,ema_lr1e-2_wd1e-3,0.01,0.001,3.06453,0.05955,3862
19,6,star_sign,ema_d0.99,0.01,0.0001,2.95362,0.10539,3862
19,6,star_sign,ema_d0.9999,0.01,0.0001,2.98278,0.09865,3862
19,6,star_sign,mlp_h16,0.001,0.0,2.35036,0.19549,3862
19,6,star_sign,mlp_h32,0.001,0.0,1.70305,0.97695,3862
19,6,star_sign,mlp_h64,0.001,0.0,1.80772,0.97851,3862
19,6,star_sign,mlp_h128,0.001,0.0,0.92684,1.0,3862
19,6,star_sign,attention,0.0001,1e-05,4.48726,0.5,3862
19,6,star_sign,shuffled,0.01,0.0001,3.10688,0.08959,3862
20,0,age_bin,ema_lr1e-3,0.001,0.0001,1.48582,0.38325,4060
20,0,age_bin,ema_lr5e-3,0.005,0.0001,1.51526,0.43325,4060
20,0,age_bin,ema_lr1e-2,0.01,0.0001,1.35318,0.41034,4060
20,0,age_bin,ema_lr5e-2,0.05,0.0001,0.84232,0.70862,4060
20,0,age_bin,ema_lr1e-2_wd1e-3,0.01,0.001,1.39075,0.38719,4060
20,0,age_bin,ema_d0.99,0.01,0.0001,1.422,0.42192,4060
20,0,age_bin,ema_d0.9999,0.01,0.0001,1.40855,0.32759,4060
20,0,age_bin,mlp_h16,0.001,0.0,0.90099,0.63473,4060
20,0,age_bin,mlp_h32,0.001,0.0,0.793,0.94138,4060
20,0,age_bin,mlp_h64,0.001,0.0,0.4584,1.0,4060
20,0,age_bin,mlp_h128,0.001,0.0,0.23099,1.0,4060
20,0,age_bin,attention,0.0001,1e-05,1.07169,0.99219,4060
20,0,age_bin,shuffled,0.01,0.0001,1.34807,0.34064,4060
20,0,gender,ema_lr1e-3,0.001,0.0001,1.04012,0.51429,4060
20,0,gender,ema_lr5e-3,0.005,0.0001,1.01307,0.49828,4060
20,0,gender,ema_lr1e-2,0.01,0.0001,0.9807,0.49409,4060
20,0,gender,ema_lr5e-2,0.05,0.0001,0.85711,0.51133,4060
20,0,gender,ema_lr1e-2_wd1e-3,0.01,0.001,1.02759,0.51798,4060
20,0,gender,ema_d0.99,0.01,0.0001,1.05094,0.50074,4060
20,0,gender,ema_d0.9999,0.01,0.0001,1.04733,0.49754,4060
20,0,gender,mlp_h16,0.001,0.0,0.69547,0.49754,4060
20,0,gender,mlp_h32,0.001,0.0,0.69838,0.49852,4060
20,0,gender,mlp_h64,0.001,0.0,0.6966,0.51527,4060
20,0,gender,mlp_h128,0.001,0.0,0.69778,0.49187,4060
20,0,gender,attention,0.0001,1e-05,0.69385,0.46094,4060
20,0,gender,shuffled,0.01,0.0001,1.02976,0.49877,4060
20,0,star_sign,ema_lr1e-3,0.001,0.0001,3.19677,0.15296,4060
20,0,star_sign,ema_lr5e-3,0.005,0.0001,3.0787,0.11429,4060
20,0,star_sign,ema_lr1e-2,0.01,0.0001,2.93455,0.10394,4060
20,0,star_sign,ema_lr5e-2,0.05,0.0001,2.19985,0.36823,4060
20,0,star_sign,ema_lr1e-2_wd1e-3,0.01,0.001,3.01166,0.11798,4060
20,0,star_sign,ema_d0.99,0.01,0.0001,3.0334,0.08793,4060
20,0,star_sign,ema_d0.9999,0.01,0.0001,2.93469,0.17685,4060
20,0,star_sign,mlp_h16,0.001,0.0,1.691,0.97635,4060
20,0,star_sign,mlp_h32,0.001,0.0,1.83642,0.84089,4060
20,0,star_sign,mlp_h64,0.001,0.0,1.72534,0.95616,4060
20,0,star_sign,mlp_h128,0.001,0.0,1.0545,1.0,4060
20,0,star_sign,attention,0.0001,1e-05,2.44463,1.0,4060
20,0,star_sign,shuffled,0.01,0.0001,3.06778,0.13448,4060
20,4,age_bin,ema_lr1e-3,0.001,0.0001,1.46419,0.42438,4060
20,4,age_bin,ema_lr5e-3,0.005,0.0001,1.42583,0.35222,4060
20,4,age_bin,ema_lr1e-2,0.01,0.0001,1.20046,0.41158,4060
20,4,age_bin,ema_lr5e-2,0.05,0.0001,0.7969,0.67069,4060
20,4,age_bin,ema_lr1e-2_wd1e-3,0.01,0.001,1.27442,0.37586,4060
20,4,age_bin,ema_d0.99,0.01,0.0001,1.25464,0.4532,4060
20,4,age_bin,ema_d0.9999,0.01,0.0001,1.30893,0.34729,4060
20,4,age_bin,mlp_h16,0.001,0.0,0.58919,0.99951,4060
20,4,age_bin,mlp_h32,0.001,0.0,0.6738,0.98399,4060
20,4,age_bin,mlp_h64,0.001,0.0,0.44416,0.99926,4060
20,4,age_bin,mlp_h128,0.001,0.0,0.28643,1.0,4060
20,4,age_bin,attention,0.0001,1e-05,0.80049,1.0,4060
20,4,age_bin,shuffled,0.01,0.0001,1.34699,0.33867,4060
20,4,gender,ema_lr1e-3,0.001,0.0001,1.03757,0.48547,4060
20,4,gender,ema_lr5e-3,0.005,0.0001,0.99845,0.49039,4060
20,4,gender,ema_lr1e-2,0.01,0.0001,0.94165,0.4968,4060
20,4,gender,ema_lr5e-2,0.05,0.0001,0.79701,0.50443,4060
20,4,gender,ema_lr1e-2_wd1e-3,0.01,0.001,0.92764,0.5101,4060
20,4,gender,ema_d0.99,0.01,0.0001,0.8583,0.50345,4060
20,4,gender,ema_d0.9999,0.01,0.0001,0.9168,0.51256,4060
20,4,gender,mlp_h16,0.001,0.0,0.69695,0.49729,4060
20,4,gender,mlp_h32,0.001,0.0,0.70368,0.47931,4060
20,4,gender,mlp_h64,0.001,0.0,0.69156,0.53005,4060
20,4,gender,mlp_h128,0.001,0.0,0.69705,0.51158,4060
20,4,gender,attention,0.0001,1e-05,0.68739,0.54688,4060
20,4,gender,shuffled,0.01,0.0001,0.96576,0.48719,4060
20,4,star_sign,ema_lr1e-3,0.001,0.0001,3.12893,0.11773,4060
20,4,star_sign,ema_lr5e-3,0.005,0.0001,3.00777,0.09261,4060
20,4,star_sign,ema_lr1e-2,0.01,0.0001,2.92914,0.11453,4060
20,4,star_sign,ema_lr5e-2,0.05,0.0001,2.04481,0.28522,4060
20,4,star_sign,ema_lr1e-2_wd1e-3,0.01,0.001,2.95347,0.11256,4060
20,4,star_sign,ema_d0.99,0.01,0.0001,2.83641,0.19828,4060
20,4,star_sign,ema_d0.9999,0.01,0.0001,2.83014,0.1101,4060
20,4,star_sign,mlp_h16,0.001,0.0,2.47992,0.07192,4060
20,4,star_sign,mlp_h32,0.001,0.0,1.83085,0.85567,4060
20,4,star_sign,mlp_h64,0.001,0.0,1.78537,0.92709,4060
20,4,star_sign,mlp_h128,0.001,0.0,1.04679,1.0,4060
20,4,star_sign,attention,0.0001,1e-05,2.3754,0.5,4060
20,4,star_sign,shuffled,0.01,0.0001,2.81479,0.11626,4060
20,6,age_bin,ema_lr1e-3,0.001,0.0001,1.73061,0.30197,4060
20,6,age_bin,ema_lr5e-3,0.005,0.0001,1.60003,0.32537,4060
20,6,age_bin,ema_lr1e-2,0.01,0.0001,1.48214,0.3564,4060
20,6,age_bin,ema_lr5e-2,0.05,0.0001,0.86159,0.62808,4060
20,6,age_bin,ema_lr1e-2_wd1e-3,0.01,0.001,1.35951,0.37808,4060
20,6,age_bin,ema_d0.99,0.01,0.0001,1.50094,0.37094,4060
20,6,age_bin,ema_d0.9999,0.01,0.0001,1.40812,0.36281,4060
20,6,age_bin,mlp_h16,0.001,0.0,0.81832,0.87734,4060
20,6,age_bin,mlp_h32,0.001,0.0,0.75164,0.94877,4060
20,6,age_bin,mlp_h64,0.001,0.0,0.44772,1.0,4060
20,6,age_bin,mlp_h128,0.001,0.0,0.24861,1.0,4060
20,6,age_bin,attention,0.0001,1e-05,0.28987,0.97656,4060
20,6,age_bin,shuffled,0.01,0.0001,1.28482,0.39064,4060
20,6,gender,ema_lr1e-3,0.001,0.0001,1.0951,0.4835,4060
20,6,gender,ema_lr5e-3,0.005,0.0001,0.98316,0.52635,4060
20,6,gender,ema_lr1e-2,0.01,0.0001,0.98814,0.49877,4060
20,6,gender,ema_lr5e-2,0.05,0.0001,0.78796,0.54163,4060
20,6,gender,ema_lr1e-2_wd1e-3,0.01,0.001,0.97319,0.51256,4060
20,6,gender,ema_d0.99,0.01,0.0001,0.98849,0.48916,4060
20,6,gender,ema_d0.9999,0.01,0.0001,1.04976,0.50443,4060
20,6,gender,mlp_h16,0.001,0.0,0.69476,0.51724,4060
20,6,gender,mlp_h32,0.001,0.0,0.68738,0.5367,4060
20,6,gender,mlp_h64,0.001,0.0,0.69216,0.52635,4060
20,6,gender,mlp_h128,0.001,0.0,0.69812,0.51552,4060
20,6,gender,attention,0.0001,1e-05,2.47079,0.49219,4060
20,6,gender,shuffled,0.01,0.0001,0.93773,0.5197,4060
20,6,star_sign,ema_lr1e-3,0.001,0.0001,3.17397,0.08473,4060
20,6,star_sign,ema_lr5e-3,0.005,0.0001,3.06283,0.1234,4060
20,6,star_sign,ema_lr1e-2,0.01,0.0001,3.06817,0.08448,4060
20,6,star_sign,ema_lr5e-2,0.05,0.0001,2.22188,0.27685,4060
20,6,star_sign,ema_lr1e-2_wd1e-3,0.01,0.001,3.01161,0.06798,4060
20,6,star_sign,ema_d0.99,0.01,0.0001,3.04095,0.09532,4060
20,6,star_sign,ema_d0.9999,0.01,0.0001,2.97222,0.10567,4060
20,6,star_sign,mlp_h16,0.001,0.0,2.33785,0.19926,4060
20,6,star_sign,mlp_h32,0.001,0.0,1.67652,0.97709,4060
20,6,star_sign,mlp_h64,0.001,0.0,1.74506,0.98202,4060
20,6,star_sign,mlp_h128,0.001,0.0,0.84953,1.0,4060
20,6,star_sign,attention,0.0001,1e-05,4.7129,0.44531,4060
20,6,star_sign,shuffled,0.01,0.0001,3.04558,0.10246,4060
21,0,age_bin,ema_lr1e-3,0.001,0.0001,1.51148,0.37874,4317
21,0,age_bin,ema_lr5e-3,0.005,0.0001,1.50846,0.41742,4317
21,0,age_bin,ema_lr1e-2,0.01,0.0001,1.34878,0.41858,4317
21,0,age_bin,ema_lr5e-2,0.05,0.0001,0.80776,0.71925,4317
21,0,age_bin,ema_lr1e-2_wd1e-3,0.01,0.001,1.37248,0.39101,4317
21,0,age_bin,ema_d0.99,0.01,0.0001,1.41641,0.41487,4317
21,0,age_bin,ema_d0.9999,0.01,0.0001,1.4062,0.3243,4317
21,0,age_bin,mlp_h16,0.001,0.0,0.88749,0.67732,4317
21,0,age_bin,mlp_h32,0.001,0.0,0.77177,0.94695,4317
21,0,age_bin,mlp_h64,0.001,0.0,0.43584,1.0,4317
21,0,age_bin,mlp_h128,0.001,0.0,0.21084,1.0,4317
21,0,age_bin,attention,0.0001,1e-05,1.07153,1.0,4317
21,0,age_bin,shuffled,0.01,0.0001,1.33428,0.33936,4317
21,0,gender,ema_lr1e-3,0.001,0.0001,1.04946,0.50614,4317
21,0,gender,ema_lr5e-3,0.005,0.0001,1.01809,0.5117,4317
21,0,gender,ema_lr1e-2,0.01,0.0001,0.95281,0.50336,4317
21,0,gender,ema_lr5e-2,0.05,0.0001,0.85445,0.4971,4317
21,0,gender,ema_lr1e-2_wd1e-3,0.01,0.001,1.08298,0.51448,4317
21,0,gender,ema_d0.99,0.01,0.0001,1.01172,0.50012,4317
21,0,gender,ema_d0.9999,0.01,0.0001,1.04584,0.50915,4317
21,0,gender,mlp_h16,0.001,0.0,0.69533,0.50243,4317
21,0,gender,mlp_h32,0.001,0.0,0.69836,0.48877,4317
21,0,gender,mlp_h64,0.001,0.0,0.69507,0.51448,4317
21,0,gender,mlp_h128,0.001,0.0,0.69629,0.49108,4317
21,0,gender,attention,0.0001,1e-05,0.69371,0.44531,4317
21,0,gender,shuffled,0.01,0.0001,1.03346,0.48714,4317
21,0,star_sign,ema_lr1e-3,0.001,0.0001,3.22092,0.14084,4317
21,0,star_sign,ema_lr5e-3,0.005,0.0001,3.104,0.09497,4317
21,0,star_sign,ema_lr1e-2,0.01,0.0001,2.98573,0.10123,4317
21,0,star_sign,ema_lr5e-2,0.05,0.0001,2.18981,0.36692,4317
21,0,star_sign,ema_lr1e-2_wd1e-3,0.01,0.001,2.97432,0.12069,4317
21,0,star_sign,ema_d0.99,0.01,0.0001,3.00936,0.09474,4317
21,0,star_sign,ema_d0.9999,0.01,0.0001,2.96475,0.164,4317
21,0,star_sign,mlp_h16,0.001,0.0,1.67093,0.97568,4317
21,0,star_sign,mlp_h32,0.001,0.0,1.8091,0.85522,4317
21,0,star_sign,mlp_h64,0.001,0.0,1.68155,0.96803,4317
21,0,star_sign,mlp_h128,0.001,0.0,0.98117,1.0,4317
21,0,star_sign,attention,0.0001,1e-05,2.44319,1.0,4317
21,0,star_sign,shuffled,0.01,0.0001,3.03875,0.1376,4317
21,4,age_bin,ema_lr1e-3,0.001,0.0001,1.4766,0.42761,4317
21,4,age_bin,ema_lr5e-3,0.005,0.0001,1.41891,0.35789,4317
21,4,age_bin,ema_lr1e-2,0.01,0.0001,1.21107,0.40954,4317
21,4,age_bin,ema_lr5e-2,0.05,0.0001,0.7693,0.69562,4317
21,4,age_bin,ema_lr1e-2_wd1e-3,0.01,0.001,1.26434,0.39518,4317
21,4,age_bin,ema_d0.99,0.01,0.0001,1.31347,0.4019,4317
21,4,age_bin,ema_d0.9999,0.01,0.0001,1.27491,0.3602,4317
21,4,age_bin,mlp_h16,0.001,0.0,0.58305,0.99884,4317
21,4,age_bin,mlp_h32,0.001,0.0,0.65336,0.99189,4317
21,4,age_bin,mlp_h64,0.001,0.0,0.42827,0.99861,4317
21,4,age_bin,mlp_h128,0.001,0.0,0.26454,1.0,4317
21,4,age_bin,attention,0.0001,1e-05,0.79885,0.99219,4317
21,4,age_bin,shuffled,0.01,0.0001,1.30314,0.35117,4317
21,4,gender,ema_lr1e-3,0.001,0.0001,0.97965,0.4978,4317
21,4,gender,ema_lr5e-3,0.005,0.0001,0.9938,0.48529,4317
21,4,gender,ema_lr1e-2,0.01,0.0001,0.9153,0.51054,4317
21,4,gender,ema_lr5e-2,0.05,0.0001,0.79256,0.48923,4317
21,4,gender,ema_lr1e-2_wd1e-3,0.01,0.001,0.95159,0.50591,4317
21,4,gender,ema_d0.99,0.01,0.0001,0.86604,0.50127,4317
21,4,gender,ema_d0.9999,0.01,0.0001,0.87933,0.5161,4317
21,4,gender,mlp_h16,0.001,0.0,0.69881,0.48969,4317
21,4,gender,mlp_h32,0.001,0.0,0.69999,0.49849,4317
21,4,gender,mlp_h64,0.001,0.0,0.69201,0.52351,4317
21,4,gender,mlp_h128,0.001,0.0,0.70305,0.48297,4317
21,4,gender,attention,0.0001,1e-05,0.69398,0.52344,4317
21,4,gender,shuffled,0.01,0.0001,0.92295,0.49386,4317
21,4,star_sign,ema_lr1e-3,0.001,0.0001,3.19334,0.10586,4317
21,4,star_sign,ema_lr5e-3,0.005,0.0001,3.00217,0.09289,4317
21,4,star_sign,ema_lr1e-2,0.01,0.0001,2.89531,0.11188,4317
21,4,star_sign,ema_lr5e-2,0.05,0.0001,2.00322,0.30646,4317
21,4,star_sign,ema_lr1e-2_wd1e-3,0.01,0.001,2.98805,0.10285,4317
21,4,star_sign,ema_d0.99,0.01,0.0001,2.9191,0.17211,4317
21,4,star_sign,ema_d0.9999,0.01,0.0001,2.81575,0.11026,4317
21,4,star_sign,mlp_h16,0.001,0.0,2.46385,0.07204,4317
21,4,star_sign,mlp_h32,0.001,0.0,1.79929,0.88696,4317
21,4,star_sign,mlp_h64,0.001,0.0,1.72095,0.95483,4317
21,4,star_sign,mlp_h128,0.001,0.0,0.98203,1.0,4317
21,4,star_sign,attention,0.0001,1e-05,2.36625,0.55469,4317
21,4,star_sign,shuffled,0.01,0.0001,2.83463,0.10517,4317
21,6,age_bin,ema_lr1e-3,0.001,0.0001,1.6949,0.30507,4317
21,6,age_bin,ema_lr5e-3,0.005,0.0001,1.54714,0.33727,4317
21,6,age_bin,ema_lr1e-2,0.01,0.0001,1.48908,0.35928,4317
21,6,age_bin,ema_lr5e-2,0.05,0.0001,0.75104,0.69307,4317
21,6,age_bin,ema_lr1e-2_wd1e-3,0.01,0.001,1.39055,0.36484,4317
21,6,age_bin,ema_d0.99,0.01,0.0001,1.35763,0.41302,4317
21,6,age_bin,ema_d0.9999,0.01,0.0001,1.36489,0.3748,4317
21,6,age_bin,mlp_h16,0.001,0.0,0.79363,0.90317,4317
21,6,age_bin,mlp_h32,0.001,0.0,0.72937,0.96363,4317
21,6,age_bin,mlp_h64,0.001,0.0,0.4215,1.0,4317
21,6,age_bin,mlp_h128,0.001,0.0,0.2288,1.0,4317
21,6,age_bin,attention,0.0001,1e-05,0.29775,0.95312,4317
21,6,age_bin,shuffled,0.01,0.0001,1.28584,0.3829,4317
21,6,gender,ema_lr1e-3,0.001,0.0001,1.0612,0.49479,4317
21,6,gender,ema_lr5e-3,0.005,0.0001,0.98649,0.5161,4317
21,6,gender,ema_lr1e-2,0.01,0.0001,0.96927,0.489,4317
21,6,gender,ema_lr5e-2,0.05,0.0001,0.8342,0.50313,4317
21,6,gender,ema_lr1e-2_wd1e-3,0.01,0.001,1.03215,0.47325,4317
21,6,gender,ema_d0.99,0.01,0.0001,0.96342,0.49293,4317
21,6,gender,ema_d0.9999,0.01,0.0001,0.98147,0.52884,4317
21,6,gender,mlp_h16,0.001,0.0,0.69851,0.49942,4317
21,6,gender,mlp_h32,0.001,0.0,0.69422,0.51262,4317
21,6,gender,mlp_h64,0.001,0.0,0.70718,0.48135,4317
21,6,gender,mlp_h128,0.001,0.0,0.70545,0.49293,4317
21,6,gender,attention,0.0001,1e-05,2.79704,0.46094,4317
21,6,gender,shuffled,0.01,0.0001,0.92192,0.51123,4317
21,6,star_sign,ema_lr1e-3,0.001,0.0001,3.12278,0.09382,4317
21,6,star_sign,ema_lr5e-3,0.005,0.0001,3.09027,0.1098,4317
21,6,star_sign,ema_lr1e-2,0.01,0.0001,3.06088,0.08061,4317
21,6,star_sign,ema_lr5e-2,0.05,0.0001,2.16817,0.27797,4317
21,6,star_sign,ema_lr1e-2_wd1e-3,0.01,0.001,3.05592,0.06,4317
21,6,star_sign,ema_d0.99,0.01,0.0001,3.05185,0.09196,4317
21,6,star_sign,ema_d0.9999,0.01,0.0001,2.9477,0.11953,4317
21,6,star_sign,mlp_h16,0.001,0.0,2.32338,0.21311,4317
21,6,star_sign,mlp_h32,0.001,0.0,1.64523,0.9861,4317
21,6,star_sign,mlp_h64,0.001,0.0,1.69937,0.99653,4317
21,6,star_sign,mlp_h128,0.001,0.0,0.78205,1.0,4317
21,6,star_sign,attention,0.0001,1e-05,4.0183,0.5,4317
21,6,star_sign,shuffled,0.01,0.0001,3.00178,0.1135,4317
22,0,age_bin,ema_lr1e-3,0.001,0.0001,1.55545,0.36686,4285
22,0,age_bin,ema_lr5e-3,0.005,0.0001,1.48253,0.43547,4285
22,0,age_bin,ema_lr1e-2,0.01,0.0001,1.35354,0.4077,4285
22,0,age_bin,ema_lr5e-2,0.05,0.0001,0.79351,0.72695,4285
22,0,age_bin,ema_lr1e-2_wd1e-3,0.01,0.001,1.369,0.38436,4285
22,0,age_bin,ema_d0.99,0.01,0.0001,1.44622,0.43501,4285
22,0,age_bin,ema_d0.9999,0.01,0.0001,1.41696,0.33186,4285
22,0,age_bin,mlp_h16,0.001,0.0,0.87165,0.68565,4285
22,0,age_bin,mlp_h32,0.001,0.0,0.7562,0.95753,4285
22,0,age_bin,mlp_h64,0.001,0.0,0.41432,1.0,4285
22,0,age_bin,mlp_h128,0.001,0.0,0.19566,1.0,4285
22,0,age_bin,attention,0.0001,1e-05,1.07065,1.0,4285
22,0,age_bin,shuffled,0.01,0.0001,1.33842,0.34049,4285
22,0,gender,ema_lr1e-3,0.001,0.0001,1.11963,0.49475,4285
22,0,gender,ema_lr5e-3,0.005,0.0001,1.02095,0.51155,4285
22,0,gender,ema_lr1e-2,0.01,0.0001,0.95025,0.49825,4285
22,0,gender,ema_lr5e-2,0.05,0.0001,0.87745,0.49988,4285
22,0,gender,ema_lr1e-2_wd1e-3,0.01,0.001,1.08755,0.49428,4285
22,0,gender,ema_d0.99,0.01,0.0001,0.98176,0.50362,4285
22,0,gender,ema_d0.9999,0.01,0.0001,1.06621,0.49008,4285
22,0,gender,mlp_h16,0.001,0.0,0.69891,0.49778,4285
22,0,gender,mlp_h32,0.001,0.0,0.70203,0.48938,4285
22,0,gender,mlp_h64,0.001,0.0,0.69883,0.49242,4285
22,0,gender,mlp_h128,0.001,0.0,0.69714,0.49312,4285
22,0,gender,attention,0.0001,1e-05,0.6938,0.45312,4285
22,0,gender,shuffled,0.01,0.0001,1.04486,0.49055,4285
22,0,star_sign,ema_lr1e-3,0.001,0.0001,3.2383,0.14072,4285
22,0,star_sign,ema_lr5e-3,0.005,0.0001,3.10886,0.10338,4285
22,0,star_sign,ema_lr1e-2,0.01,0.0001,2.97794,0.09988,4285
22,0,star_sign,ema_lr5e-2,0.05,0.0001,2.13138,0.38926,4285
22,0,star_sign,ema_lr1e-2_wd1e-3,0.01,0.001,3.03101,0.12205,4285
22,0,star_sign,ema_d0.99,0.01,0.0001,2.9629,0.09708,4285
22,0,star_sign,ema_d0.9999,0.01,0.0001,2.9252,0.17083,4285
22,0,star_sign,mlp_h16,0.001,0.0,1.65467,0.97993,4285
22,0,star_sign,mlp_h32,0.001,0.0,1.77246,0.87631,4285
22,0,star_sign,mlp_h64,0.001,0.0,1.62655,0.97783,4285
22,0,star_sign,mlp_h128,0.001,0.0,0.91477,1.0,4285
22,0,star_sign,attention,0.0001,1e-05,2.44207,1.0,4285
22,0,star_sign,shuffled,0.01,0.0001,3.03783,0.13466,4285
22,4,age_bin,ema_lr1e-3,0.001,0.0001,1.48528,0.42964,4285
22,4,age_bin,ema_lr5e-3,0.005,0.0001,1.38235,0.372,4285
22,4,age_bin,ema_lr1e-2,0.01,0.0001,1.19577,0.43081,4285
22,4,age_bin,ema_lr5e-2,0.05,0.0001,0.83321,0.65974,4285
22,4,age_bin,ema_lr1e-2_wd1e-3,0.01,0.001,1.22438,0.40513,4285
22,4,age_bin,ema_d0.99,0.01,0.0001,1.31499,0.40887,4285
22,4,age_bin,ema_d0.9999,0.01,0.0001,1.27219,0.36173,4285
22,4,age_bin,mlp_h16,0.001,0.0,0.58308,0.99533,4285
22,4,age_bin,mlp_h32,0.001,0.0,0.62773,0.98926,4285
22,4,age_bin,mlp_h64,0.001,0.0,0.40544,0.99977,4285
22,4,age_bin,mlp_h128,0.001,0.0,0.24579,1.0,4285
22,4,age_bin,attention,0.0001,1e-05,0.78778,0.99219,4285
22,4,age_bin,shuffled,0.01,0.0001,1.29466,0.35426,4285
22,4,gender,ema_lr1e-3,0.001,0.0001,0.93411,0.52322,4285
22,4,gender,ema_lr5e-3,0.005,0.0001,0.9657,0.50408,4285
22,4,gender,ema_lr1e-2,0.01,0.0001,0.90976,0.51855,4285
22,4,gender,ema_lr5e-2,0.05,0.0001,0.81435,0.49732,4285
22,4,gender,ema_lr1e-2_wd1e-3,0.01,0.001,0.95695,0.49125,4285
22,4,gender,ema_d0.99,0.01,0.0001,0.89831,0.47538,4285
22,4,gender,ema_d0.9999,0.01,0.0001,0.93169,0.49778,4285
22,4,gender,mlp_h16,0.001,0.0,0.7055,0.46254,4285
22,4,gender,mlp_h32,0.001,0.0,0.70537,0.47631,4285
22,4,gender,mlp_h64,0.001,0.0,0.69962,0.48728,4285
22,4,gender,mlp_h128,0.001,0.0,0.70481,0.47141,4285
22,4,gender,attention,0.0001,1e-05,0.69506,0.50781,4285
22,4,gender,shuffled,0.01,0.0001,0.9476,0.48611,4285
22,4,star_sign,ema_lr1e-3,0.001,0.0001,3.17987,0.11015,4285
22,4,star_sign,ema_lr5e-3,0.005,0.0001,2.98871,0.09102,4285
22,4,star_sign,ema_lr1e-2,0.01,0.0001,2.83929,0.11832,4285
22,4,star_sign,ema_lr5e-2,0.05,0.0001,1.97668,0.32042,4285
22,4,star_sign,ema_lr1e-2_wd1e-3,0.01,0.001,2.90891,0.11179,4285
22,4,star_sign,ema_d0.99,0.01,0.0001,2.84836,0.18063,4285
22,4,star_sign,ema_d0.9999,0.01,0.0001,2.79482,0.12042,4285
22,4,star_sign,mlp_h16,0.001,0.0,2.45933,0.06674,4285
22,4,star_sign,mlp_h32,0.001,0.0,1.77862,0.89755,4285
22,4,star_sign,mlp_h64,0.001,0.0,1.66472,0.96849,4285
22,4,star_sign,mlp_h128,0.001,0.0,0.92451,1.0,4285
22,4,star_sign,attention,0.0001,1e-05,2.35338,0.61719,4285
22,4,star_sign,shuffled,0.01,0.0001,2.76951,0.12649,4285
22,6,age_bin,ema_lr1e-3,0.001,0.0001,1.74488,0.27655,4285
22,6,age_bin,ema_lr5e-3,0.005,0.0001,1.51114,0.34982,4285
22,6,age_bin,ema_lr1e-2,0.01,0.0001,1.39337,0.39977,4285
22,6,age_bin,ema_lr5e-2,0.05,0.0001,0.7845,0.66394,4285
22,6,age_bin,ema_lr1e-2_wd1e-3,0.01,0.001,1.31096,0.37993,4285
22,6,age_bin,ema_d0.99,0.01,0.0001,1.38046,0.4098,4285
22,6,age_bin,ema_d0.9999,0.01,0.0001,1.36865,0.3818,4285
22,6,age_bin,mlp_h16,0.001,0.0,0.77833,0.91342,4285
22,6,age_bin,mlp_h32,0.001,0.0,0.71564,0.96009,4285
22,6,age_bin,mlp_h64,0.001,0.0,0.40517,1.0,4285
22,6,age_bin,mlp_h128,0.001,0.0,0.20868,1.0,4285
22,6,age_bin,attention,0.0001,1e-05,0.09039,0.98438,4285
22,6,age_bin,shuffled,0.01,0.0001,1.33517,0.37456,4285
22,6,gender,ema_lr1e-3,0.001,0.0001,1.02628,0.51482,4285
22,6,gender,ema_lr5e-3,0.005,0.0001,1.04967,0.48308,4285
22,6,gender,ema_lr1e-2,0.01,0.0001,0.93822,0.50992,4285
22,6,gender,ema_lr5e-2,0.05,0.0001,0.76528,0.55636,4285
22,6,gender,ema_lr1e-2_wd1e-3,0.01,0.001,1.0288,0.48191,4285
22,6,gender,ema_d0.99,0.01,0.0001,0.87628,0.53746,4285
22,6,gender,ema_d0.9999,0.01,0.0001,0.94895,0.53909,4285
22,6,gender,mlp_h16,0.001,0.0,0.70946,0.45671,4285
22,6,gender,mlp_h32,0.001,0.0,0.70658,0.48121,4285
22,6,gender,mlp_h64,0.001,0.0,0.70509,0.47748,4285
22,6,gender,mlp_h128,0.001,0.0,0.71003,0.47935,4285
22,6,gender,attention,0.0001,1e-05,2.76562,0.5,4285
22,6,gender,shuffled,0.01,0.0001,0.92869,0.50152,4285
22,6,star_sign,ema_lr1e-3,0.001,0.0001,3.17605,0.08775,4285
22,6,star_sign,ema_lr5e-3,0.005,0.0001,3.03498,0.12135,4285
22,6,star_sign,ema_lr1e-2,0.01,0.0001,3.0246,0.09545,4285
22,6,star_sign,ema_lr5e-2,0.05,0.0001,2.06743,0.32042,4285
22,6,star_sign,ema_lr1e-2_wd1e-3,0.01,0.001,2.95997,0.07865,4285
22,6,star_sign,ema_d0.99,0.01,0.0001,3.17835,0.08355,4285
22,6,star_sign,ema_d0.9999,0.01,0.0001,3.02012,0.11225,4285
22,6,star_sign,mlp_h16,0.001,0.0,2.30347,0.21797,4285
22,6,star_sign,mlp_h32,0.001,0.0,1.63649,0.98786,4285
22,6,star_sign,mlp_h64,0.001,0.0,1.63867,0.99673,4285
22,6,star_sign,mlp_h128,0.001,0.0,0.72309,1.0,4285
22,6,star_sign,attention,0.0001,1e-05,3.8414,0.49219,4285
22,6,star_sign,shuffled,0.01,0.0001,2.93954,0.10828,4285
23,0,age_bin,ema_lr1e-3,0.001,0.0001,1.55703,0.37513,3908
23,0,age_bin,ema_lr5e-3,0.005,0.0001,1.53119,0.42477,3908
23,0,age_bin,ema_lr1e-2,0.01,0.0001,1.35101,0.39765,3908
23,0,age_bin,ema_lr5e-2,0.05,0.0001,0.78076,0.74258,3908
23,0,age_bin,ema_lr1e-2_wd1e-3,0.01,0.001,1.37317,0.38101,3908
23,0,age_bin,ema_d0.99,0.01,0.0001,1.4278,0.42938,3908
23,0,age_bin,ema_d0.9999,0.01,0.0001,1.37199,0.34749,3908
23,0,age_bin,mlp_h16,0.001,0.0,0.85978,0.70931,3908
23,0,age_bin,mlp_h32,0.001,0.0,0.73375,0.96878,3908
23,0,age_bin,mlp_h64,0.001,0.0,0.39357,1.0,3908
23,0,age_bin,mlp_h128,0.001,0.0,0.17913,1.0,3908
23,0,age_bin,attention,0.0001,1e-05,1.06881,1.0,3908
23,0,age_bin,shuffled,0.01,0.0001,1.35651,0.31397,3908
23,0,gender,ema_lr1e-3,0.001,0.0001,1.04261,0.51638,3908
23,0,gender,ema_lr5e-3,0.005,0.0001,1.04794,0.48976,3908
23,0,gender,ema_lr1e-2,0.01,0.0001,0.96551,0.49002,3908
23,0,gender,ema_lr5e-2,0.05,0.0001,0.85329,0.49846,3908
23,0,gender,ema_lr1e-2_wd1e-3,0.01,0.001,1.05729,0.5064,3908
23,0,gender,ema_d0.99,0.01,0.0001,1.0096,0.50691,3908
23,0,gender,ema_d0.9999,0.01,0.0001,1.06547,0.48721,3908
23,0,gender,mlp_h16,0.001,0.0,0.69625,0.50793,3908
23,0,gender,mlp_h32,0.001,0.0,0.69394,0.50358,3908
23,0,gender,mlp_h64,0.001,0.0,0.69292,0.52226,3908
23,0,gender,mlp_h128,0.001,0.0,0.69092,0.52584,3908
23,0,gender,attention,0.0001,1e-05,0.69336,0.42188,3908
23,0,gender,shuffled,0.01,0.0001,1.04049,0.48414,3908
23,0,star_sign,ema_lr1e-3,0.001,0.0001,3.21767,0.1392,3908
23,0,star_sign,ema_lr5e-3,0.005,0.0001,3.11242,0.09852,3908
23,0,star_sign,ema_lr1e-2,0.01,0.0001,2.96224,0.1067,3908
23,0,star_sign,ema_lr5e-2,0.05,0.0001,2.0866,0.3915,3908
23,0,star_sign,ema_lr1e-2_wd1e-3,0.01,0.001,3.00201,0.1154,3908
23,0,star_sign,ema_d0.99,0.01,0.0001,2.97609,0.09698,3908
23,0,star_sign,ema_d0.9999,0.01,0.0001,3.0021,0.15558,3908
23,0,star_sign,mlp_h16,0.001,0.0,1.63128,0.97518,3908
23,0,star_sign,mlp_h32,0.001,0.0,1.73995,0.90558,3908
23,0,star_sign,mlp_h64,0.001,0.0,1.58233,0.98541,3908
23,0,star_sign,mlp_h128,0.001,0.0,0.85458,1.0,3908
23,0,star_sign,attention,0.0001,1e-05,2.44035,1.0,3908
23,0,star_sign,shuffled,0.01,0.0001,3.05007,0.12973,3908
23,4,age_bin,ema_lr1e-3,0.001,0.0001,1.55829,0.40507,3908
23,4,age_bin,ema_lr5e-3,0.005,0.0001,1.38381,0.36694,3908
23,4,age_bin,ema_lr1e-2,0.01,0.0001,1.22448,0.40532,3908
23,4,age_bin,ema_lr5e-2,0.05,0.0001,0.72584,0.74207,3908
23,4,age_bin,ema_lr1e-2_wd1e-3,0.01,0.001,1.22528,0.41044,3908
23,4,age_bin,ema_d0.99,0.01,0.0001,1.29017,0.41198,3908
23,4,age_bin,ema_d0.9999,0.01,0.0001,1.25808,0.36285,3908
23,4,age_bin,mlp_h16,0.001,0.0,0.56298,0.99923,3908
23,4,age_bin,mlp_h32,0.001,0.0,0.60953,0.99514,3908
23,4,age_bin,mlp_h64,0.001,0.0,0.3741,1.0,3908
23,4,age_bin,mlp_h128,0.001,0.0,0.22116,1.0,3908
23,4,age_bin,attention,0.0001,1e-05,0.7518,1.0,3908
23,4,age_bin,shuffled,0.01,0.0001,1.28993,0.36157,3908
23,4,gender,ema_lr1e-3,0.001,0.0001,0.96207,0.50307,3908
23,4,gender,ema_lr5e-3,0.005,0.0001,0.94815,0.51203,3908
23,4,gender,ema_lr1e-2,0.01,0.0001,0.91405,0.51382,3908
23,4,gender,ema_lr5e-2,0.05,0.0001,0.77996,0.50537,3908
23,4,gender,ema_lr1e-2_wd1e-3,0.01,0.001,0.93381,0.51535,3908
23,4,gender,ema_d0.99,0.01,0.0001,0.87203,0.48567,3908
23,4,gender,ema_d0.9999,0.01,0.0001,0.89365,0.50486,3908
23,4,gender,mlp_h16,0.001,0.0,0.68942,0.52943,3908
23,4,gender,mlp_h32,0.001,0.0,0.69401,0.5174,3908
23,4,gender,mlp_h64,0.001,0.0,0.68719,0.53992,3908
23,4,gender,mlp_h128,0.001,0.0,0.6935,0.51126,3908
23,4,gender,attention,0.0001,1e-05,0.68913,0.55469,3908
23,4,gender,shuffled,0.01,0.0001,0.91176,0.50921,3908
23,4,star_sign,ema_lr1e-3,0.001,0.0001,3.10129,0.12385,3908
23,4,star_sign,ema_lr5e-3,0.005,0.0001,3.04178,0.08777,3908
23,4,star_sign,ema_lr1e-2,0.01,0.0001,2.77907,0.12692,3908
23,4,star_sign,ema_lr5e-2,0.05,0.0001,1.95177,0.34161,3908
23,4,star_sign,ema_lr1e-2_wd1e-3,0.01,0.001,2.9267,0.11361,3908
23,4,star_sign,ema_d0.99,0.01,0.0001,2.82668,0.18961,3908
23,4,star_sign,ema_d0.9999,0.01,0.0001,2.77379,0.11847,3908
23,4,star_sign,mlp_h16,0.001,0.0,2.43424,0.07907,3908
23,4,star_sign,mlp_h32,0.001,0.0,1.72911,0.90558,3908
23,4,star_sign,mlp_h64,0.001,0.0,1.59879,0.97697,3908
23,4,star_sign,mlp_h128,0.001,0.0,0.8517,1.0,3908
23,4,star_sign,attention,0.0001,1e-05,2.36068,0.55469,3908
23,4,star_sign,shuffled,0.01,0.0001,2.84037,0.12359,3908
23,6,age_bin,ema_lr1e-3,0.001,0.0001,1.82109,0.26382,3908
23,6,age_bin,ema_lr5e-3,0.005,0.0001,1.60426,0.32472,3908
23,6,age_bin,ema_lr1e-2,0.01,0.0001,1.38467,0.39688,3908
23,6,age_bin,ema_lr5e-2,0.05,0.0001,0.76928,0.6978,3908
23,6,age_bin,ema_lr1e-2_wd1e-3,0.01,0.001,1.34398,0.36873,3908
23,6,age_bin,ema_d0.99,0.01,0.0001,1.39758,0.40481,3908
23,6,age_bin,ema_d0.9999,0.01,0.0001,1.32015,0.39688,3908
23,6,age_bin,mlp_h16,0.001,0.0,0.76667,0.92042,3908
23,6,age_bin,mlp_h32,0.001,0.0,0.69184,0.97671,3908
23,6,age_bin,mlp_h64,0.001,0.0,0.38813,1.0,3908
23,6,age_bin,mlp_h128,0.001,0.0,0.18857,1.0,3908
23,6,age_bin,attention,0.0001,1e-05,0.31021,0.96094,3908
23,6,age_bin,shuffled,0.01,0.0001,1.36899,0.34749,3908
23,6,gender,ema_lr1e-3,0.001,0.0001,1.18061,0.46341,3908
23,6,gender,ema_lr5e-3,0.005,0.0001,1.00402,0.50972,3908
23,6,gender,ema_lr1e-2,0.01,0.0001,0.96728,0.49898,3908
23,6,gender,ema_lr5e-2,0.05,0.0001,0.76848,0.5371,3908
23,6,gender,ema_lr1e-2_wd1e-3,0.01,0.001,0.92226,0.52712,3908
23,6,gender,ema_d0.99,0.01,0.0001,0.93706,0.52303,3908
23,6,gender,ema_d0.9999,0.01,0.0001,1.03428,0.49437,3908
23,6,gender,mlp_h16,0.001,0.0,0.69344,0.53199,3908
23,6,gender,mlp_h32,0.001,0.0,0.68651,0.55246,3908
23,6,gender,mlp_h64,0.001,0.0,0.69208,0.53889,3908
23,6,gender,mlp_h128,0.001,0.0,0.69395,0.54248,3908
23,6,gender,attention,0.0001,1e-05,2.06589,0.54688,3908
23,6,gender,shuffled,0.01,0.0001,0.93437,0.50384,3908
23,6,star_sign,ema_lr1e-3,0.001,0.0001,3.20701,0.08393,3908
23,6,star_sign,ema_lr5e-3,0.005,0.0001,3.05037,0.12052,3908
23,6,star_sign,ema_lr1e-2,0.01,0.0001,2.98442,0.09724,3908
23,6,star_sign,ema_lr5e-2,0.05,0.0001,2.13841,0.3173,3908
23,6,star_sign,ema_lr1e-2_wd1e-3,0.01,0.001,2.99396,0.08444,3908
23,6,star_sign,ema_d0.99,0.01,0.0001,3.11065,0.08112,3908
23,6,star_sign,ema_d0.9999,0.01,0.0001,2.96424,0.11592,3908
23,6,star_sign,mlp_h16,0.001,0.0,2.28651,0.24898,3908
23,6,star_sign,mlp_h32,0.001,0.0,1.55228,0.9936,3908
23,6,star_sign,mlp_h64,0.001,0.0,1.56681,0.99974,3908
23,6,star_sign,mlp_h128,0.001,0.0,0.66819,1.0,3908
23,6,star_sign,attention,0.0001,1e-05,3.91914,0.60156,3908
23,6,star_sign,shuffled,0.01,0.0001,2.98481,0.10645,3908
24,0,age_bin,ema_lr1e-3,0.001,0.0001,1.53638,0.37565,3876
24,0,age_bin,ema_lr5e-3,0.005,0.0001,1.52525,0.41228,3876
24,0,age_bin,ema_lr1e-2,0.01,0.0001,1.33019,0.41202,3876
24,0,age_bin,ema_lr5e-2,0.05,0.0001,0.75693,0.74226,3876
24,0,age_bin,ema_lr1e-2_wd1e-3,0.01,0.001,1.33016,0.39422,3876
24,0,age_bin,ema_d0.99,0.01,0.0001,1.42101,0.43111,3876
24,0,age_bin,ema_d0.9999,0.01,0.0001,1.39574,0.32895,3876
24,0,age_bin,mlp_h16,0.001,0.0,0.84589,0.76651,3876
24,0,age_bin,mlp_h32,0.001,0.0,0.71997,0.984,3876
24,0,age_bin,mlp_h64,0.001,0.0,0.37406,1.0,3876
24,0,age_bin,mlp_h128,0.001,0.0,0.16444,1.0,3876
24,0,age_bin,attention,0.0001,1e-05,1.06739,1.0,3876
24,0,age_bin,shuffled,0.01,0.0001,1.32196,0.33282,3876
24,0,gender,ema_lr1e-3,0.001,0.0001,1.03226,0.50748,3876
24,0,gender,ema_lr5e-3,0.005,0.0001,1.02969,0.49794,3876
24,0,gender,ema_lr1e-2,0.01,0.0001,0.9512,0.5098,3876
24,0,gender,ema_lr5e-2,0.05,0.0001,0.85519,0.48891,3876
24,0,gender,ema_lr1e-2_wd1e-3,0.01,0.001,1.07948,0.48633,3876
24,0,gender,ema_d0.99,0.01,0.0001,1.00528,0.50955,3876
24,0,gender,ema_d0.9999,0.01,0.0001,1.0004,0.50593,3876
24,0,gender,mlp_h16,0.001,0.0,0.69715,0.49716,3876
24,0,gender,mlp_h32,0.001,0.0,0.69583,0.51032,3876
24,0,gender,mlp_h64,0.001,0.0,0.69958,0.47601,3876
24,0,gender,mlp_h128,0.001,0.0,0.69904,0.49897,3876
24,0,gender,attention,0.0001,1e-05,0.69232,0.57031,3876
24,0,gender,shuffled,0.01,0.0001,1.05098,0.4871,3876
24,0,star_sign,ema_lr1e-3,0.001,0.0001,3.19013,0.14577,3876
24,0,star_sign,ema_lr5e-3,0.005,0.0001,3.089,0.10423,3876
24,0,star_sign,ema_lr1e-2,0.01,0.0001,2.93659,0.10604,3876
24,0,star_sign,ema_lr5e-2,0.05,0.0001,2.07191,0.44221,3876
24,0,star_sign,ema_lr1e-2_wd1e-3,0.01,0.001,2.99281,0.11171,3876
24,0,star_sign,ema_d0.99,0.01,0.0001,2.96407,0.09417,3876
24,0,star_sign,ema_d0.9999,0.01,0.0001,2.91453,0.16151,3876
24,0,star_sign,mlp_h16,0.001,0.0,1.60789,0.984,3876
24,0,star_sign,mlp_h32,0.001,0.0,1.71472,0.92879,3876
24,0,star_sign,mlp_h64,0.001,0.0,1.53706,0.98452,3876
24,0,star_sign,mlp_h128,0.001,0.0,0.79573,1.0,3876
24,0,star_sign,attention,0.0001,1e-05,2.43764,1.0,3876
24,0,star_sign,shuffled,0.01,0.0001,3.00314,0.13906,3876
24,4,age_bin,ema_lr1e-3,0.001,0.0001,1.48431,0.43163,3876
24,4,age_bin,ema_lr5e-3,0.005,0.0001,1.42896,0.34856,3876
24,4,age_bin,ema_lr1e-2,0.01,0.0001,1.18698,0.42441,3876
24,4,age_bin,ema_lr5e-2,0.05,0.0001,0.70914,0.75413,3876
24,4,age_bin,ema_lr1e-2_wd1e-3,0.01,0.001,1.22119,0.40273,3876
24,4,age_bin,ema_d0.99,0.01,0.0001,1.24271,0.41925,3876
24,4,age_bin,ema_d0.9999,0.01,0.0001,1.30079,0.35991,3876
24,4,age_bin,mlp_h16,0.001,0.0,0.54259,0.99974,3876
24,4,age_bin,mlp_h32,0.001,0.0,0.5961,0.99407,3876
24,4,age_bin,mlp_h64,0.001,0.0,0.34633,1.0,3876
24,4,age_bin,mlp_h128,0.001,0.0,0.19911,1.0,3876
24,4,age_bin,attention,0.0001,1e-05,0.75353,1.0,3876
24,4,age_bin,shuffled,0.01,0.0001,1.26229,0.37203,3876
24,4,gender,ema_lr1e-3,0.001,0.0001,0.97459,0.50439,3876
24,4,gender,ema_lr5e-3,0.005,0.0001,0.95145,0.50284,3876
24,4,gender,ema_lr1e-2,0.01,0.0001,0.93172,0.49458,3876
24,4,gender,ema_lr5e-2,0.05,0.0001,0.77733,0.51987,3876
24,4,gender,ema_lr1e-2_wd1e-3,0.01,0.001,0.89292,0.52683,3876
24,4,gender,ema_d0.99,0.01,0.0001,0.83656,0.5178,3876
24,4,gender,ema_d0.9999,0.01,0.0001,0.89613,0.51187,3876
24,4,gender,mlp_h16,0.001,0.0,0.69488,0.51187,3876
24,4,gender,mlp_h32,0.001,0.0,0.69607,0.51109,3876
24,4,gender,mlp_h64,0.001,0.0,0.69249,0.52012,3876
24,4,gender,mlp_h128,0.001,0.0,0.69056,0.52012,3876
24,4,gender,attention,0.0001,1e-05,0.69891,0.45312,3876
24,4,gender,shuffled,0.01,0.0001,0.94637,0.4902,3876
24,4,star_sign,ema_lr1e-3,0.001,0.0001,3.10791,0.11636,3876
24,4,star_sign,ema_lr5e-3,0.005,0.0001,3.02114,0.09185,3876
24,4,star_sign,ema_lr1e-2,0.01,0.0001,2.82208,0.12384,3876
24,4,star_sign,ema_lr5e-2,0.05,0.0001,1.87709,0.37178,3876
24,4,star_sign,ema_lr1e-2_wd1e-3,0.01,0.001,2.90497,0.11249,3876
24,4,star_sign,ema_d0.99,0.01,0.0001,2.84522,0.18137,3876
24,4,star_sign,ema_d0.9999,0.01,0.0001,2.78184,0.13209,3876
24,4,star_sign,mlp_h16,0.001,0.0,2.42391,0.08437,3876
24,4,star_sign,mlp_h32,0.001,0.0,1.69532,0.93008,3876
24,4,star_sign,mlp_h64,0.001,0.0,1.54863,0.97936,3876
24,4,star_sign,mlp_h128,0.001,0.0,0.77278,1.0,3876
24,4,star_sign,attention,0.0001,1e-05,2.34674,0.65625,3876
24,4,star_sign,shuffled,0.01,0.0001,2.81959,0.11068,3876
24,6,age_bin,ema_lr1e-3,0.001,0.0001,1.63115,0.31708,3876
24,6,age_bin,ema_lr5e-3,0.005,0.0001,1.52976,0.34365,3876
24,6,age_bin,ema_lr1e-2,0.01,0.0001,1.36162,0.38674,3876
24,6,age_bin,ema_lr5e-2,0.05,0.0001,0.74783,0.70588,3876
24,6,age_bin,ema_lr1e-2_wd1e-3,0.01,0.001,1.37879,0.35888,3876
24,6,age_bin,ema_d0.99,0.01,0.0001,1.43322,0.40789,3876
24,6,age_bin,ema_d0.9999,0.01,0.0001,1.34221,0.38184,3876
24,6,age_bin,mlp_h16,0.001,0.0,0.75551,0.93111,3876
24,6,age_bin,mlp_h32,0.001,0.0,0.66828,0.98375,3876
24,6,age_bin,mlp_h64,0.001,0.0,0.3728,1.0,3876
24,6,age_bin,mlp_h128,0.001,0.0,0.17273,1.0,3876
24,6,age_bin,attention,0.0001,1e-05,0.01096,0.99219,3876
24,6,age_bin,shuffled,0.01,0.0001,1.32238,0.37616,3876
24,6,gender,ema_lr1e-3,0.001,0.0001,1.04368,0.51935,3876
24,6,gender,ema_lr5e-3,0.005,0.0001,1.12386,0.46001,3876
24,6,gender,ema_lr1e-2,0.01,0.0001,0.95687,0.49897,3876
24,6,gender,ema_lr5e-2,0.05,0.0001,0.80402,0.52245,3876
24,6,gender,ema_lr1e-2_wd1e-3,0.01,0.001,0.94363,0.52064,3876
24,6,gender,ema_d0.99,0.01,0.0001,0.9408,0.52116,3876
24,6,gender,ema_d0.9999,0.01,0.0001,1.04646,0.47214,3876
24,6,gender,mlp_h16,0.001,0.0,0.70084,0.49149,3876
24,6,gender,mlp_h32,0.001,0.0,0.69031,0.52838,3876
24,6,gender,mlp_h64,0.001,0.0,0.69679,0.51367,3876
24,6,gender,mlp_h128,0.001,0.0,0.69675,0.51471,3876
24,6,gender,attention,0.0001,1e-05,2.75596,0.49219,3876
24,6,gender,shuffled,0.01,0.0001,0.95638,0.49045,3876
24,6,star_sign,ema_lr1e-3,0.001,0.0001,3.19334,0.08333,3876
24,6,star_sign,ema_lr5e-3,0.005,0.0001,3.03035,0.12487,3876
24,6,star_sign,ema_lr1e-2,0.01,0.0001,3.00408,0.09211,3876
24,6,star_sign,ema_lr5e-2,0.05,0.0001,2.13265,0.30547,3876
24,6,star_sign,ema_lr1e-2_wd1e-3,0.01,0.001,2.9806,0.06476,3876
24,6,star_sign,ema_d0.99,0.01,0.0001,2.93375,0.10268,3876
24,6,star_sign,ema_d0.9999,0.01,0.0001,2.96388,0.121,3876
24,6,star_sign,mlp_h16,0.001,0.0,2.24251,0.30547,3876
24,6,star_sign,mlp_h32,0.001,0.0,1.54882,0.9902,3876
24,6,star_sign,mlp_h64,0.001,0.0,1.52891,0.99845,3876
24,6,star_sign,mlp_h128,0.001,0.0,0.61616,1.0,3876
24,6,star_sign,attention,0.0001,1e-05,3.56565,0.57812,3876
24,6,star_sign,shuffled,0.01,0.0001,2.98521,0.11017,3876
25,0,age_bin,ema_lr1e-3,0.001,0.0001,1.54398,0.37405,3930
25,0,age_bin,ema_lr5e-3,0.005,0.0001,1.50064,0.43104,3930
25,0,age_bin,ema_lr1e-2,0.01,0.0001,1.32698,0.40763,3930
25,0,age_bin,ema_lr5e-2,0.05,0.0001,0.73581,0.77608,3930
25,0,age_bin,ema_lr1e-2_wd1e-3,0.01,0.001,1.34316,0.39491,3930
25,0,age_bin,ema_d0.99,0.01,0.0001,1.41611,0.42697,3930
25,0,age_bin,ema_d0.9999,0.01,0.0001,1.38881,0.32774,3930
25,0,age_bin,mlp_h16,0.001,0.0,0.82771,0.79771,3930
25,0,age_bin,mlp_h32,0.001,0.0,0.69785,0.9888,3930
25,0,age_bin,mlp_h64,0.001,0.0,0.3548,1.0,3930
25,0,age_bin,mlp_h128,0.001,0.0,0.15254,1.0,3930
25,0,age_bin,attention,0.0001,1e-05,1.06688,1.0,3930
25,0,age_bin,shuffled,0.01,0.0001,1.31783,0.32697,3930
25,0,gender,ema_lr1e-3,0.001,0.0001,1.08824,0.49924,3930
25,0,gender,ema_lr5e-3,0.005,0.0001,1.01736,0.49898,3930
25,0,gender,ema_lr1e-2,0.01,0.0001,0.94082,0.50789,3930
25,0,gender,ema_lr5e-2,0.05,0.0001,0.83631,0.49898,3930
25,0,gender,ema_lr1e-2_wd1e-3,0.01,0.001,1.05318,0.47939,3930
25,0,gender,ema_d0.99,0.01,0.0001,1.01877,0.49389,3930
25,0,gender,ema_d0.9999,0.01,0.0001,0.99591,0.50585,3930
25,0,gender,mlp_h16,0.001,0.0,0.69644,0.50382,3930
25,0,gender,mlp_h32,0.001,0.0,0.69648,0.50025,3930
25,0,gender,mlp_h64,0.001,0.0,0.69907,0.48855,3930
25,0,gender,mlp_h128,0.001,0.0,0.69765,0.5,3930
25,0,gender,attention,0.0001,1e-05,0.69284,0.48438,3930
25,0,gender,shuffled,0.01,0.0001,0.98008,0.52061,3930
25,0,star_sign,ema_lr1e-3,0.001,0.0001,3.20393,0.14198,3930
25,0,star_sign,ema_lr5e-3,0.005,0.0001,3.09096,0.09847,3930
25,0,star_sign,ema_lr1e-2,0.01,0.0001,2.9334,0.10102,3930
25,0,star_sign,ema_lr5e-2,0.05,0.0001,2.0196,0.45954,3930
25,0,star_sign,ema_lr1e-2_wd1e-3,0.01,0.001,2.989,0.1117,3930
25,0,star_sign,ema_d0.99,0.01,0.0001,2.93381,0.10051,3930
25,0,star_sign,ema_d0.9999,0.01,0.0001,2.94583,0.15725,3930
25,0,star_sign,mlp_h16,0.001,0.0,1.58394,0.98371,3930
25,0,star_sign,mlp_h32,0.001,0.0,1.68177,0.93562,3930
25,0,star_sign,mlp_h64,0.001,0.0,1.49445,0.98753,3930
25,0,star_sign,mlp_h128,0.001,0.0,0.73932,1.0,3930
25,0,star_sign,attention,0.0001,1e-05,2.43694,1.0,3930
25,0,star_sign,shuffled,0.01,0.0001,2.99985,0.13664,3930
25,4,age_bin,ema_lr1e-3,0.001,0.0001,1.49635,0.42748,3930
25,4,age_bin,ema_lr5e-3,0.005,0.0001,1.38622,0.36845,3930
25,4,age_bin,ema_lr1e-2,0.01,0.0001,1.15877,0.44224,3930
25,4,age_bin,ema_lr5e-2,0.05,0.0001,0.71831,0.7486,3930
25,4,age_bin,ema_lr1e-2_wd1e-3,0.01,0.001,1.20505,0.40789,3930
25,4,age_bin,ema_d0.99,0.01,0.0001,1.31098,0.38015,3930
25,4,age_bin,ema_d0.9999,0.01,0.0001,1.26769,0.36743,3930
25,4,age_bin,mlp_h16,0.001,0.0,0.53633,0.99924,3930
25,4,age_bin,mlp_h32,0.001,0.0,0.57181,0.9972,3930
25,4,age_bin,mlp_h64,0.001,0.0,0.33317,1.0,3930
25,4,age_bin,mlp_h128,0.001,0.0,0.18189,1.0,3930
25,4,age_bin,attention,0.0001,1e-05,0.72867,1.0,3930
25,4,age_bin,shuffled,0.01,0.0001,1.29763,0.34249,3930
25,4,gender,ema_lr1e-3,0.001,0.0001,1.03398,0.47659,3930
25,4,gender,ema_lr5e-3,0.005,0.0001,0.94918,0.50331,3930
25,4,gender,ema_lr1e-2,0.01,0.0001,0.94922,0.48346,3930
25,4,gender,ema_lr5e-2,0.05,0.0001,0.79877,0.48677,3930
25,4,gender,ema_lr1e-2_wd1e-3,0.01,0.001,0.89487,0.52392,3930
25,4,gender,ema_d0.99,0.01,0.0001,0.81907,0.52417,3930
25,4,gender,ema_d0.9999,0.01,0.0001,0.95438,0.47939,3930
25,4,gender,mlp_h16,0.001,0.0,0.69375,0.50967,3930
25,4,gender,mlp_h32,0.001,0.0,0.69234,0.51399,3930
25,4,gender,mlp_h64,0.001,0.0,0.69672,0.4916,3930
25,4,gender,mlp_h128,0.001,0.0,0.69589,0.51603,3930
25,4,gender,attention,0.0001,1e-05,0.69745,0.47656,3930
25,4,gender,shuffled,0.01,0.0001,0.91853,0.48753,3930
25,4,star_sign,ema_lr1e-3,0.001,0.0001,3.12503,0.12519,3930
25,4,star_sign,ema_lr5e-3,0.005,0.0001,3.04704,0.08193,3930
25,4,star_sign,ema_lr1e-2,0.01,0.0001,2.89119,0.11323,3930
25,4,star_sign,ema_lr5e-2,0.05,0.0001,1.8349,0.39389,3930
25,4,star_sign,ema_lr1e-2_wd1e-3,0.01,0.001,2.96562,0.10636,3930
25,4,star_sign,ema_d0.99,0.01,0.0001,2.79619,0.20076,3930
25,4,star_sign,ema_d0.9999,0.01,0.0001,2.79338,0.10585,3930
25,4,star_sign,mlp_h16,0.001,0.0,2.39952,0.09033,3930
25,4,star_sign,mlp_h32,0.001,0.0,1.66753,0.94529,3930
25,4,star_sign,mlp_h64,0.001,0.0,1.5103,0.9827,3930
25,4,star_sign,mlp_h128,0.001,0.0,0.73014,1.0,3930
25,4,star_sign,attention,0.0001,1e-05,2.34554,0.64844,3930
25,4,star_sign,shuffled,0.01,0.0001,2.82656,0.11476,3930
25,6,age_bin,ema_lr1e-3,0.001,0.0001,1.7337,0.27913,3930
25,6,age_bin,ema_lr5e-3,0.005,0.0001,1.50577,0.35089,3930
25,6,age_bin,ema_lr1e-2,0.01,0.0001,1.35932,0.40382,3930
25,6,age_bin,ema_lr5e-2,0.05,0.0001,0.71845,0.71425,3930
25,6,age_bin,ema_lr1e-2_wd1e-3,0.01,0.001,1.35991,0.3827,3930
25,6,age_bin,ema_d0.99,0.01,0.0001,1.38949,0.39771,3930
25,6,age_bin,ema_d0.9999,0.01,0.0001,1.36112,0.37506,3930
25,6,age_bin,mlp_h16,0.001,0.0,0.73164,0.943,3930
25,6,age_bin,mlp_h32,0.001,0.0,0.64776,0.98779,3930
25,6,age_bin,mlp_h64,0.001,0.0,0.34526,1.0,3930
25,6,age_bin,mlp_h128,0.001,0.0,0.15401,1.0,3930
25,6,age_bin,attention,0.0001,1e-05,0.14305,0.96875,3930
25,6,age_bin,shuffled,0.01,0.0001,1.25131,0.41323,3930
25,6,gender,ema_lr1e-3,0.001,0.0001,1.06331,0.49389,3930
25,6,gender,ema_lr5e-3,0.005,0.0001,1.01348,0.49746,3930
25,6,gender,ema_lr1e-2,0.01,0.0001,0.92172,0.51705,3930
25,6,gender,ema_lr5e-2,0.05,0.0001,0.82938,0.4799,3930
25,6,gender,ema_lr1e-2_wd1e-3,0.01,0.001,0.97196,0.49644,3930
25,6,gender,ema_d0.99,0.01,0.0001,0.97366,0.48779,3930
25,6,gender,ema_d0.9999,0.01,0.0001,1.05101,0.4659,3930
25,6,gender,mlp_h16,0.001,0.0,0.6917,0.52468,3930
25,6,gender,mlp_h32,0.001,0.0,0.69862,0.51018,3930
25,6,gender,mlp_h64,0.001,0.0,0.69514,0.51705,3930
25,6,gender,mlp_h128,0.001,0.0,0.69637,0.51501,3930
25,6,gender,attention,0.0001,1e-05,2.6362,0.50781,3930
25,6,gender,shuffled,0.01,0.0001,0.93841,0.49262,3930
25,6,star_sign,ema_lr1e-3,0.001,0.0001,3.15323,0.10585,3930
25,6,star_sign,ema_lr5e-3,0.005,0.0001,3.07655,0.13333,3930
25,6,star_sign,ema_lr1e-2,0.01,0.0001,3.01435,0.09517,3930
25,6,star_sign,ema_lr5e-2,0.05,0.0001,1.95482,0.36387,3930
25,6,star_sign,ema_lr1e-2_wd1e-3,0.01,0.001,2.91004,0.08957,3930
25,6,star_sign,ema_d0.99,0.01,0.0001,3.01605,0.11501,3930
25,6,star_sign,ema_d0.9999,0.01,0.0001,2.94146,0.11272,3930
25,6,star_sign,mlp_h16,0.001,0.0,2.22413,0.31959,3930
25,6,star_sign,mlp_h32,0.001,0.0,1.4787,0.99771,3930
25,6,star_sign,mlp_h64,0.001,0.0,1.4731,0.99898,3930
25,6,star_sign,mlp_h128,0.001,0.0,0.55838,1.0,3930
25,6,star_sign,attention,0.0001,1e-05,2.8972,0.57031,3930
25,6,star_sign,shuffled,0.01,0.0001,3.09456,0.09313,3930
26,0,age_bin,ema_lr1e-3,0.001,0.0001,1.51956,0.37844,3998
26,0,age_bin,ema_lr5e-3,0.005,0.0001,1.49394,0.42171,3998
26,0,age_bin,ema_lr1e-2,0.01,0.0001,1.32116,0.41696,3998
26,0,age_bin,ema_lr5e-2,0.05,0.0001,0.72317,0.77664,3998
26,0,age_bin,ema_lr1e-2_wd1e-3,0.01,0.001,1.33028,0.3917,3998
26,0,age_bin,ema_d0.99,0.01,0.0001,1.38544,0.44572,3998
26,0,age_bin,ema_d0.9999,0.01,0.0001,1.35028,0.33917,3998
26,0,age_bin,mlp_h16,0.001,0.0,0.81633,0.83067,3998
26,0,age_bin,mlp_h32,0.001,0.0,0.6819,0.99475,3998
26,0,age_bin,mlp_h64,0.001,0.0,0.33916,1.0,3998
26,0,age_bin,mlp_h128,0.001,0.0,0.14064,1.0,3998
26,0,age_bin,attention,0.0001,1e-05,1.06678,1.0,3998
26,0,age_bin,shuffled,0.01,0.0001,1.30673,0.33567,3998
26,0,gender,ema_lr1e-3,0.001,0.0001,1.04512,0.51301,3998
26,0,gender,ema_lr5e-3,0.005,0.0001,1.03036,0.50575,3998
26,0,gender,ema_lr1e-2,0.01,0.0001,0.97909,0.48574,3998
26,0,gender,ema_lr5e-2,0.05,0.0001,0.83108,0.51,3998
26,0,gender,ema_lr1e-2_wd1e-3,0.01,0.001,1.08335,0.49825,3998
26,0,gender,ema_d0.99,0.01,0.0001,1.0033,0.5095,3998
26,0,gender,ema_d0.9999,0.01,0.0001,1.02255,0.5045,3998
26,0,gender,mlp_h16,0.001,0.0,0.69764,0.504,3998
26,0,gender,mlp_h32,0.001,0.0,0.69499,0.49375,3998
26,0,gender,mlp_h64,0.001,0.0,0.68757,0.55478,3998
26,0,gender,mlp_h128,0.001,0.0,0.69093,0.52076,3998
26,0,gender,attention,0.0001,1e-05,0.6937,0.46094,3998
26,0,gender,shuffled,0.01,0.0001,0.98751,0.4965,3998
26,0,star_sign,ema_lr1e-3,0.001,0.0001,3.23851,0.14432,3998
26,0,star_sign,ema_lr5e-3,0.005,0.0001,3.08706,0.10105,3998
26,0,star_sign,ema_lr1e-2,0.01,0.0001,2.92459,0.1063,3998
26,0,star_sign,ema_lr5e-2,0.05,0.0001,1.96684,0.49375,3998
26,0,star_sign,ema_lr1e-2_wd1e-3,0.01,0.001,3.02131,0.11381,3998
26,0,star_sign,ema_d0.99,0.01,0.0001,2.95682,0.0918,3998
26,0,star_sign,ema_d0.9999,0.01,0.0001,2.93866,0.15083,3998
26,0,star_sign,mlp_h16,0.001,0.0,1.56436,0.98974,3998
26,0,star_sign,mlp_h32,0.001,0.0,1.65662,0.94622,3998
26,0,star_sign,mlp_h64,0.001,0.0,1.45292,0.99275,3998
26,0,star_sign,mlp_h128,0.001,0.0,0.69072,1.0,3998
26,0,star_sign,attention,0.0001,1e-05,2.43543,1.0,3998
26,0,star_sign,shuffled,0.01,0.0001,2.98864,0.14207,3998
26,4,age_bin,ema_lr1e-3,0.001,0.0001,1.50126,0.41671,3998
26,4,age_bin,ema_lr5e-3,0.005,0.0001,1.3586,0.37569,3998
26,4,age_bin,ema_lr1e-2,0.01,0.0001,1.15013,0.43947,3998
26,4,age_bin,ema_lr5e-2,0.05,0.0001,0.67721,0.76938,3998
26,4,age_bin,ema_lr1e-2_wd1e-3,0.01,0.001,1.16165,0.42621,3998
26,4,age_bin,ema_d0.99,0.01,0.0001,1.25786,0.41896,3998
26,4,age_bin,ema_d0.9999,0.01,0.0001,1.22177,0.39645,3998
26,4,age_bin,mlp_h16,0.001,0.0,0.52517,0.9995,3998
26,4,age_bin,mlp_h32,0.001,0.0,0.5559,0.997,3998
26,4,age_bin,mlp_h64,0.001,0.0,0.31543,1.0,3998
26,4,age_bin,mlp_h128,0.001,0.0,0.16564,1.0,3998
26,4,age_bin,attention,0.0001,1e-05,0.72379,1.0,3998
26,4,age_bin,shuffled,0.01,0.0001,1.24917,0.37744,3998
26,4,gender,ema_lr1e-3,0.001,0.0001,0.92298,0.52526,3998
26,4,gender,ema_lr5e-3,0.005,0.0001,0.94539,0.51176,3998
26,4,gender,ema_lr1e-2,0.01,0.0001,0.90872,0.51776,3998
26,4,gender,ema_lr5e-2,0.05,0.0001,0.78663,0.497,3998
26,4,gender,ema_lr1e-2_wd1e-3,0.01,0.001,0.94702,0.49975,3998
26,4,gender,ema_d0.99,0.01,0.0001,0.8466,0.5035,3998
26,4,gender,ema_d0.9999,0.01,0.0001,0.95224,0.46173,3998
26,4,gender,mlp_h16,0.001,0.0,0.69642,0.495,3998
26,4,gender,mlp_h32,0.001,0.0,0.69163,0.52976,3998
26,4,gender,mlp_h64,0.001,0.0,0.69094,0.52926,3998
26,4,gender,mlp_h128,0.001,0.0,0.69228,0.51976,3998
26,4,gender,attention,0.0001,1e-05,0.68359,0.60938,3998
26,4,gender,shuffled,0.01,0.0001,0.91509,0.50325,3998
26,4,star_sign,ema_lr1e-3,0.001,0.0001,3.1677,0.11431,3998
26,4,star_sign,ema_lr5e-3,0.005,0.0001,3.04036,0.08604,3998
26,4,star_sign,ema_lr1e-2,0.01,0.0001,2.77507,0.12806,3998
26,4,star_sign,ema_lr5e-2,0.05,0.0001,1.83543,0.4032,3998
26,4,star_sign,ema_lr1e-2_wd1e-3,0.01,0.001,2.9602,0.1013,3998
26,4,star_sign,ema_d0.99,0.01,0.0001,2.81926,0.18109,3998
26,4,star_sign,ema_d0.9999,0.01,0.0001,2.84161,0.11606,3998
26,4,star_sign,mlp_h16,0.001,0.0,2.39287,0.08829,3998
26,4,star_sign,mlp_h32,0.001,0.0,1.63651,0.95648,3998
26,4,star_sign,mlp_h64,0.001,0.0,1.4411,0.991,3998
26,4,star_sign,mlp_h128,0.001,0.0,0.65987,1.0,3998
26,4,star_sign,attention,0.0001,1e-05,2.33065,0.75781,3998
26,4,star_sign,shuffled,0.01,0.0001,2.79781,0.12431,3998
26,6,age_bin,ema_lr1e-3,0.001,0.0001,1.76677,0.28839,3998
26,6,age_bin,ema_lr5e-3,0.005,0.0001,1.49287,0.34517,3998
26,6,age_bin,ema_lr1e-2,0.01,0.0001,1.40024,0.38019,3998
26,6,age_bin,ema_lr5e-2,0.05,0.0001,0.67509,0.75113,3998
26,6,age_bin,ema_lr1e-2_wd1e-3,0.01,0.001,1.32206,0.37944,3998
26,6,age_bin,ema_d0.99,0.01,0.0001,1.36299,0.41296,3998
26,6,age_bin,ema_d0.9999,0.01,0.0001,1.32528,0.3917,3998
26,6,age_bin,mlp_h16,0.001,0.0,0.72426,0.94747,3998
26,6,age_bin,mlp_h32,0.001,0.0,0.64621,0.98399,3998
26,6,age_bin,mlp_h64,0.001,0.0,0.32811,1.0,3998
26,6,age_bin,mlp_h128,0.001,0.0,0.14746,1.0,3998
26,6,age_bin,attention,0.0001,1e-05,0.05603,0.99219,3998
26,6,age_bin,shuffled,0.01,0.0001,1.2506,0.4097,3998
26,6,gender,ema_lr1e-3,0.001,0.0001,1.02962,0.50675,3998
26,6,gender,ema_lr5e-3,0.005,0.0001,0.97745,0.52101,3998
26,6,gender,ema_lr1e-2,0.01,0.0001,0.99152,0.48299,3998
26,6,gender,ema_lr5e-2,0.05,0.0001,0.80928,0.50275,3998
26,6,gender,ema_lr1e-2_wd1e-3,0.01,0.001,0.95296,0.49425,3998
26,6,gender,ema_d0.99,0.01,0.0001,1.02392,0.45748,3998
26,6,gender,ema_d0.9999,0.01,0.0001,1.08899,0.46948,3998
26,6,gender,mlp_h16,0.001,0.0,0.68962,0.54677,3998
26,6,gender,mlp_h32,0.001,0.0,0.6937,0.51601,3998
26,6,gender,mlp_h64,0.001,0.0,0.69895,0.51176,3998
26,6,gender,mlp_h128,0.001,0.0,0.69321,0.52951,3998
26,6,gender,attention,0.0001,1e-05,2.25827,0.55469,3998
26,6,gender,shuffled,0.01,0.0001,0.91984,0.50875,3998
26,6,star_sign,ema_lr1e-3,0.001,0.0001,3.09558,0.09755,3998
26,6,star_sign,ema_lr5e-3,0.005,0.0001,3.09781,0.11856,3998
26,6,star_sign,ema_lr1e-2,0.01,0.0001,2.96094,0.09205,3998
26,6,star_sign,ema_lr5e-2,0.05,0.0001,1.93333,0.37644,3998
26,6,star_sign,ema_lr1e-2_wd1e-3,0.01,0.001,2.84037,0.0978,3998
26,6,star_sign,ema_d0.99,0.01,0.0001,2.99334,0.1003,3998
26,6,star_sign,ema_d0.9999,0.01,0.0001,2.89539,0.11406,3998
26,6,star_sign,mlp_h16,0.001,0.0,2.21985,0.32441,3998
26,6,star_sign,mlp_h32,0.001,0.0,1.48591,0.997,3998
26,6,star_sign,mlp_h64,0.001,0.0,1.44339,0.99975,3998
26,6,star_sign,mlp_h128,0.001,0.0,0.51172,1.0,3998
26,6,star_sign,attention,0.0001,1e-05,2.36705,0.6875,3998
26,6,star_sign,shuffled,0.01,0.0001,3.03645,0.09705,3998
27,0,age_bin,ema_lr1e-3,0.001,0.0001,1.48839,0.39333,4228
27,0,age_bin,ema_lr5e-3,0.005,0.0001,1.46949,0.43448,4228
27,0,age_bin,ema_lr1e-2,0.01,0.0001,1.32195,0.41178,4228
27,0,age_bin,ema_lr5e-2,0.05,0.0001,0.72985,0.77342,4228
27,0,age_bin,ema_lr1e-2_wd1e-3,0.01,0.001,1.34487,0.38221,4228
27,0,age_bin,ema_d0.99,0.01,0.0001,1.40099,0.43969,4228
27,0,age_bin,ema_d0.9999,0.01,0.0001,1.356,0.32923,4228
27,0,age_bin,mlp_h16,0.001,0.0,0.80803,0.85596,4228
27,0,age_bin,mlp_h32,0.001,0.0,0.66745,0.99503,4228
27,0,age_bin,mlp_h64,0.001,0.0,0.32137,1.0,4228
27,0,age_bin,mlp_h128,0.001,0.0,0.12938,1.0,4228
27,0,age_bin,attention,0.0001,1e-05,1.06459,1.0,4228
27,0,age_bin,shuffled,0.01,0.0001,1.31054,0.32711,4228
27,0,gender,ema_lr1e-3,0.001,0.0001,1.05154,0.50591,4228
27,0,gender,ema_lr5e-3,0.005,0.0001,0.99744,0.51537,4228
27,0,gender,ema_lr1e-2,0.01,0.0001,0.95407,0.50284,4228
27,0,gender,ema_lr5e-2,0.05,0.0001,0.82969,0.49007,4228
27,0,gender,ema_lr1e-2_wd1e-3,0.01,0.001,1.06313,0.49196,4228
27,0,gender,ema_d0.99,0.01,0.0001,0.98534,0.49219,4228
27,0,gender,ema_d0.9999,0.01,0.0001,0.96666,0.51159,4228
27,0,gender,mlp_h16,0.001,0.0,0.69675,0.50355,4228
27,0,gender,mlp_h32,0.001,0.0,0.69769,0.50686,4228
27,0,gender,mlp_h64,0.001,0.0,0.70082,0.47256,4228
27,0,gender,mlp_h128,0.001,0.0,0.69941,0.48794,4228
27,0,gender,attention,0.0001,1e-05,0.69281,0.53125,4228
27,0,gender,shuffled,0.01,0.0001,1.02042,0.50047,4228
27,0,star_sign,ema_lr1e-3,0.001,0.0001,3.1933,0.14286,4228
27,0,star_sign,ema_lr5e-3,0.005,0.0001,3.09432,0.10147,4228
27,0,star_sign,ema_lr1e-2,0.01,0.0001,2.9369,0.10028,4228
27,0,star_sign,ema_lr5e-2,0.05,0.0001,1.96129,0.47706,4228
27,0,star_sign,ema_lr1e-2_wd1e-3,0.01,0.001,2.91688,0.12275,4228
27,0,star_sign,ema_d0.99,0.01,0.0001,2.9521,0.10572,4228
27,0,star_sign,ema_d0.9999,0.01,0.0001,2.90067,0.16391,4228
27,0,star_sign,mlp_h16,0.001,0.0,1.53936,0.98557,4228
27,0,star_sign,mlp_h32,0.001,0.0,1.63373,0.95222,4228
27,0,star_sign,mlp_h64,0.001,0.0,1.40975,0.99669,4228
27,0,star_sign,mlp_h128,0.001,0.0,0.63765,1.0,4228
27,0,star_sign,attention,0.0001,1e-05,2.43388,1.0,4228
27,0,star_sign,shuffled,0.01,0.0001,3.01268,0.1386,4228
27,4,age_bin,ema_lr1e-3,0.001,0.0001,1.48414,0.43472,4228
27,4,age_bin,ema_lr5e-3,0.005,0.0001,1.3831,0.36589,4228
27,4,age_bin,ema_lr1e-2,0.01,0.0001,1.18581,0.43732,4228
27,4,age_bin,ema_lr5e-2,0.05,0.0001,0.68125,0.77673,4228
27,4,age_bin,ema_lr1e-2_wd1e-3,0.01,0.001,1.19825,0.4106,4228
27,4,age_bin,ema_d0.99,0.01,0.0001,1.23945,0.39853,4228
27,4,age_bin,ema_d0.9999,0.01,0.0001,1.21826,0.38387,4228
27,4,age_bin,mlp_h16,0.001,0.0,0.51619,0.99976,4228
27,4,age_bin,mlp_h32,0.001,0.0,0.53967,0.99929,4228
27,4,age_bin,mlp_h64,0.001,0.0,0.29435,1.0,4228
27,4,age_bin,mlp_h128,0.001,0.0,0.15496,1.0,4228
27,4,age_bin,attention,0.0001,1e-05,0.71566,1.0,4228
27,4,age_bin,shuffled,0.01,0.0001,1.27011,0.36566,4228
27,4,gender,ema_lr1e-3,0.001,0.0001,0.98856,0.4929,4228
27,4,gender,ema_lr5e-3,0.005,0.0001,0.96666,0.48746,4228
27,4,gender,ema_lr1e-2,0.01,0.0001,0.94655,0.47966,4228
27,4,gender,ema_lr5e-2,0.05,0.0001,0.7912,0.50378,4228
27,4,gender,ema_lr1e-2_wd1e-3,0.01,0.001,0.91521,0.51679,4228
27,4,gender,ema_d0.99,0.01,0.0001,0.83593,0.50828,4228
27,4,gender,ema_d0.9999,0.01,0.0001,0.84812,0.53098,4228
27,4,gender,mlp_h16,0.001,0.0,0.69384,0.51868,4228
27,4,gender,mlp_h32,0.001,0.0,0.69638,0.51183,4228
27,4,gender,mlp_h64,0.001,0.0,0.69601,0.50875,4228
27,4,gender,mlp_h128,0.001,0.0,0.69825,0.49551,4228
27,4,gender,attention,0.0001,1e-05,0.69396,0.5,4228
27,4,gender,shuffled,0.01,0.0001,0.92694,0.49527,4228
27,4,star_sign,ema_lr1e-3,0.001,0.0001,3.15772,0.10856,4228
27,4,star_sign,ema_lr5e-3,0.005,0.0001,2.95598,0.08775,4228
27,4,star_sign,ema_lr1e-2,0.01,0.0001,2.86451,0.11589,4228
27,4,star_sign,ema_lr5e-2,0.05,0.0001,1.7625,0.43851,4228
27,4,star_sign,ema_lr1e-2_wd1e-3,0.01,0.001,2.868,0.11897,4228
27,4,star_sign,ema_d0.99,0.01,0.0001,2.80377,0.19418,4228
27,4,star_sign,ema_d0.9999,0.01,0.0001,2.74166,0.12559,4228
27,4,star_sign,mlp_h16,0.001,0.0,2.38746,0.08609,4228
27,4,star_sign,mlp_h32,0.001,0.0,1.60516,0.96003,4228
27,4,star_sign,mlp_h64,0.001,0.0,1.39736,0.99622,4228
27,4,star_sign,mlp_h128,0.001,0.0,0.60428,1.0,4228
27,4,star_sign,attention,0.0001,1e-05,2.32367,0.85156,4228
27,4,star_sign,shuffled,0.01,0.0001,2.7824,0.12299,4228
27,6,age_bin,ema_lr1e-3,0.001,0.0001,1.67341,0.30298,4228
27,6,age_bin,ema_lr5e-3,0.005,0.0001,1.46602,0.37157,4228
27,6,age_bin,ema_lr1e-2,0.01,0.0001,1.4082,0.38269,4228
27,6,age_bin,ema_lr5e-2,0.05,0.0001,0.65259,0.77105,4228
27,6,age_bin,ema_lr1e-2_wd1e-3,0.01,0.001,1.28125,0.41533,4228
27,6,age_bin,ema_d0.99,0.01,0.0001,1.38465,0.40468,4228
27,6,age_bin,ema_d0.9999,0.01,0.0001,1.33737,0.37677,4228
27,6,age_bin,mlp_h16,0.001,0.0,0.70951,0.96121,4228
27,6,age_bin,mlp_h32,0.001,0.0,0.61311,0.99196,4228
27,6,age_bin,mlp_h64,0.001,0.0,0.30988,1.0,4228
27,6,age_bin,mlp_h128,0.001,0.0,0.13211,1.0,4228
27,6,age_bin,attention,0.0001,1e-05,0.01078,0.99219,4228
27,6,age_bin,shuffled,0.01,0.0001,1.28928,0.39711,4228
27,6,gender,ema_lr1e-3,0.001,0.0001,1.10029,0.49432,4228
27,6,gender,ema_lr5e-3,0.005,0.0001,1.1574,0.45009,4228
27,6,gender,ema_lr1e-2,0.01,0.0001,1.01638,0.46641,4228
27,6,gender,ema_lr5e-2,0.05,0.0001,0.77215,0.52649,4228
27,6,gender,ema_lr1e-2_wd1e-3,0.01,0.001,0.91905,0.52152,4228
27,6,gender,ema_d0.99,0.01,0.0001,0.9711,0.48817,4228
27,6,gender,ema_d0.9999,0.01,0.0001,1.0226,0.49456,4228
27,6,gender,mlp_h16,0.001,0.0,0.69762,0.49953,4228
27,6,gender,mlp_h32,0.001,0.0,0.69109,0.53264,4228
27,6,gender,mlp_h64,0.001,0.0,0.69559,0.51561,4228
27,6,gender,mlp_h128,0.001,0.0,0.69304,0.51372,4228
27,6,gender,attention,0.0001,1e-05,2.83848,0.42188,4228
27,6,gender,shuffled,0.01,0.0001,0.93079,0.49882,4228
27,6,star_sign,ema_lr1e-3,0.001,0.0001,3.22888,0.08396,4228
27,6,star_sign,ema_lr5e-3,0.005,0.0001,3.11576,0.11447,4228
27,6,star_sign,ema_lr1e-2,0.01,0.0001,3.06297,0.08065,4228
27,6,star_sign,ema_lr5e-2,0.05,0.0001,1.85548,0.41249,4228
27,6,star_sign,ema_lr1e-2_wd1e-3,0.01,0.001,2.91464,0.09059,4228
27,6,star_sign,ema_d0.99,0.01,0.0001,2.90531,0.1036,4228
27,6,star_sign,ema_d0.9999,0.01,0.0001,2.90264,0.11897,4228
27,6,star_sign,mlp_h16,0.001,0.0,2.1923,0.3517,4228
27,6,star_sign,mlp_h32,0.001,0.0,1.44389,0.99953,4228
27,6,star_sign,mlp_h64,0.001,0.0,1.37431,1.0,4228
27,6,star_sign,mlp_h128,0.001,0.0,0.47109,1.0,4228
27,6,star_sign,attention,0.0001,1e-05,3.21345,0.64062,4228
27,6,star_sign,shuffled,0.01,0.0001,3.01484,0.09745,4228
28,0,age_bin,ema_lr1e-3,0.001,0.0001,1.55057,0.38544,4107
28,0,age_bin,ema_lr5e-3,0.005,0.0001,1.50033,0.4188,4107
28,0,age_bin,ema_lr1e-2,0.01,0.0001,1.29604,0.42099,4107
28,0,age_bin,ema_lr5e-2,0.05,0.0001,0.68854,0.79158,4107
28,0,age_bin,ema_lr1e-2_wd1e-3,0.01,0.001,1.32446,0.39761,4107
28,0,age_bin,ema_d0.99,0.01,0.0001,1.42007,0.43097,4107
28,0,age_bin,ema_d0.9999,0.01,0.0001,1.32944,0.34673,4107
28,0,age_bin,mlp_h16,0.001,0.0,0.79229,0.8656,4107
28,0,age_bin,mlp_h32,0.001,0.0,0.64652,0.99781,4107
28,0,age_bin,mlp_h64,0.001,0.0,0.30172,1.0,4107
28,0,age_bin,mlp_h128,0.001,0.0,0.11946,1.0,4107
28,0,age_bin,attention,0.0001,1e-05,1.06344,1.0,4107
28,0,age_bin,shuffled,0.01,0.0001,1.28062,0.33723,4107
28,0,gender,ema_lr1e-3,0.001,0.0001,1.09646,0.48795,4107
28,0,gender,ema_lr5e-3,0.005,0.0001,1.02867,0.49452,4107
28,0,gender,ema_lr1e-2,0.01,0.0001,0.94401,0.4989,4107
28,0,gender,ema_lr5e-2,0.05,0.0001,0.80707,0.51084,4107
28,0,gender,ema_lr1e-2_wd1e-3,0.01,0.001,1.04453,0.49817,4107
28,0,gender,ema_d0.99,0.01,0.0001,1.00822,0.49696,4107
28,0,gender,ema_d0.9999,0.01,0.0001,1.02705,0.50548,4107
28,0,gender,mlp_h16,0.001,0.0,0.69522,0.50037,4107
28,0,gender,mlp_h32,0.001,0.0,0.69851,0.49525,4107
28,0,gender,mlp_h64,0.001,0.0,0.6963,0.50475,4107
28,0,gender,mlp_h128,0.001,0.0,0.69471,0.50645,4107
28,0,gender,attention,0.0001,1e-05,0.69292,0.55469,4107
28,0,gender,shuffled,0.01,0.0001,1.01252,0.48624,4107
28,0,star_sign,ema_lr1e-3,0.001,0.0001,3.17057,0.14195,4107
28,0,star_sign,ema_lr5e-3,0.005,0.0001,3.09735,0.09959,4107
28,0,star_sign,ema_lr1e-2,0.01,0.0001,2.9202,0.10056,4107
28,0,star_sign,ema_lr5e-2,0.05,0.0001,1.87169,0.51595,4107
28,0,star_sign,ema_lr1e-2_wd1e-3,0.01,0.001,2.93502,0.11882,4107
28,0,star_sign,ema_d0.99,0.01,0.0001,2.88539,0.10835,4107
28,0,star_sign,ema_d0.9999,0.01,0.0001,2.94685,0.1551,4107
28,0,star_sign,mlp_h16,0.001,0.0,1.512,0.99148,4107
28,0,star_sign,mlp_h32,0.001,0.0,1.59947,0.95836,4107
28,0,star_sign,mlp_h64,0.001,0.0,1.35856,0.99805,4107
28,0,star_sign,mlp_h128,0.001,0.0,0.58896,1.0,4107
28,0,star_sign,attention,0.0001,1e-05,2.43296,1.0,4107
28,0,star_sign,shuffled,0.01,0.0001,2.98749,0.1422,4107
28,4,age_bin,ema_lr1e-3,0.001,0.0001,1.47455,0.43219,4107
28,4,age_bin,ema_lr5e-3,0.005,0.0001,1.33975,0.38008,4107
28,4,age_bin,ema_lr1e-2,0.01,0.0001,1.10849,0.47796,4107
28,4,age_bin,ema_lr5e-2,0.05,0.0001,0.6422,0.79985,4107
28,4,age_bin,ema_lr1e-2_wd1e-3,0.01,0.001,1.18689,0.41782,4107
28,4,age_bin,ema_d0.99,0.01,0.0001,1.20267,0.42781,4107
28,4,age_bin,ema_d0.9999,0.01,0.0001,1.24614,0.36815,4107
28,4,age_bin,mlp_h16,0.001,0.0,0.50078,1.0,4107
28,4,age_bin,mlp_h32,0.001,0.0,0.52001,0.9983,4107
28,4,age_bin,mlp_h64,0.001,0.0,0.2768,1.0,4107
28,4,age_bin,mlp_h128,0.001,0.0,0.14055,1.0,4107
28,4,age_bin,attention,0.0001,1e-05,0.69853,1.0,4107
28,4,age_bin,shuffled,0.01,0.0001,1.22762,0.38033,4107
28,4,gender,ema_lr1e-3,0.001,0.0001,0.96717,0.51084,4107
28,4,gender,ema_lr5e-3,0.005,0.0001,0.94503,0.5028,4107
28,4,gender,ema_lr1e-2,0.01,0.0001,0.9197,0.51084,4107
28,4,gender,ema_lr5e-2,0.05,0.0001,0.83426,0.46238,4107
28,4,gender,ema_lr1e-2_wd1e-3,0.01,0.001,0.93829,0.49038,4107
28,4,gender,ema_d0.99,0.01,0.0001,0.84883,0.50377,4107
28,4,gender,ema_d0.9999,0.01,0.0001,0.93268,0.47918,4107
28,4,gender,mlp_h16,0.001,0.0,0.69863,0.48527,4107
28,4,gender,mlp_h32,0.001,0.0,0.69623,0.50061,4107
28,4,gender,mlp_h64,0.001,0.0,0.69834,0.49696,4107
28,4,gender,mlp_h128,0.001,0.0,0.69773,0.51254,4107
28,4,gender,attention,0.0001,1e-05,0.696,0.47656,4107
28,4,gender,shuffled,0.01,0.0001,0.92112,0.4972,4107
28,4,star_sign,ema_lr1e-3,0.001,0.0001,3.10669,0.11785,4107
28,4,star_sign,ema_lr5e-3,0.005,0.0001,2.99565,0.08035,4107
28,4,star_sign,ema_lr1e-2,0.01,0.0001,2.89947,0.10981,4107
28,4,star_sign,ema_lr5e-2,0.05,0.0001,1.72651,0.45824,4107
28,4,star_sign,ema_lr1e-2_wd1e-3,0.01,0.001,2.94299,0.11176,4107
28,4,star_sign,ema_d0.99,0.01,0.0001,2.81225,0.1943,4107
28,4,star_sign,ema_d0.9999,0.01,0.0001,2.74492,0.13002,4107
28,4,star_sign,mlp_h16,0.001,0.0,2.35858,0.10421,4107
28,4,star_sign,mlp_h32,0.001,0.0,1.56798,0.96689,4107
28,4,star_sign,mlp_h64,0.001,0.0,1.35048,0.99659,4107
28,4,star_sign,mlp_h128,0.001,0.0,0.56406,1.0,4107
28,4,star_sign,attention,0.0001,1e-05,2.31174,0.85156,4107
28,4,star_sign,shuffled,0.01,0.0001,2.77931,0.14049,4107
28,6,age_bin,ema_lr1e-3,0.001,0.0001,1.77786,0.29389,4107
28,6,age_bin,ema_lr5e-3,0.005,0.0001,1.43122,0.37497,4107
28,6,age_bin,ema_lr1e-2,0.01,0.0001,1.35494,0.402,4107
28,6,age_bin,ema_lr5e-2,0.05,0.0001,0.6307,0.78208,4107
28,6,age_bin,ema_lr1e-2_wd1e-3,0.01,0.001,1.3072,0.39226,4107
28,6,age_bin,ema_d0.99,0.01,0.0001,1.39611,0.40273,4107
28,6,age_bin,ema_d0.9999,0.01,0.0001,1.23089,0.42513,4107
28,6,age_bin,mlp_h16,0.001,0.0,0.69524,0.96129,4107
28,6,age_bin,mlp_h32,0.001,0.0,0.59195,0.9944,4107
28,6,age_bin,mlp_h64,0.001,0.0,0.3,1.0,4107
28,6,age_bin,mlp_h128,0.001,0.0,0.12026,1.0,4107
28,6,age_bin,attention,0.0001,1e-05,0.38919,0.97656,4107
28,6,age_bin,shuffled,0.01,0.0001,1.28482,0.39201,4107
28,6,gender,ema_lr1e-3,0.001,0.0001,1.09932,0.47431,4107
28,6,gender,ema_lr5e-3,0.005,0.0001,0.95732,0.53275,4107
28,6,gender,ema_lr1e-2,0.01,0.0001,0.90867,0.52837,4107
28,6,gender,ema_lr5e-2,0.05,0.0001,0.83872,0.48795,4107
28,6,gender,ema_lr1e-2_wd1e-3,0.01,0.001,1.02238,0.47334,4107
28,6,gender,ema_d0.99,0.01,0.0001,1.01676,0.46238,4107
28,6,gender,ema_d0.9999,0.01,0.0001,0.97427,0.50864,4107
28,6,gender,mlp_h16,0.001,0.0,0.69783,0.51157,4107
28,6,gender,mlp_h32,0.001,0.0,0.70136,0.49696,4107
28,6,gender,mlp_h64,0.001,0.0,0.70163,0.48649,4107
28,6,gender,mlp_h128,0.001,0.0,0.6959,0.5123,4107
28,6,gender,attention,0.0001,1e-05,2.71902,0.53125,4107
28,6,gender,shuffled,0.01,0.0001,0.94715,0.50037,4107
28,6,star_sign,ema_lr1e-3,0.001,0.0001,3.30924,0.07378,4107
28,6,star_sign,ema_lr5e-3,0.005,0.0001,2.99923,0.12101,4107
28,6,star_sign,ema_lr1e-2,0.01,0.0001,2.9491,0.10957,4107
28,6,star_sign,ema_lr5e-2,0.05,0.0001,1.87284,0.4093,4107
28,6,star_sign,ema_lr1e-2_wd1e-3,0.01,0.001,2.81384,0.09496,4107
28,6,star_sign,ema_d0.99,0.01,0.0001,2.93511,0.11346,4107
28,6,star_sign,ema_d0.9999,0.01,0.0001,2.88586,0.12247,4107
28,6,star_sign,mlp_h16,0.001,0.0,2.18369,0.35354,4107
28,6,star_sign,mlp_h32,0.001,0.0,1.41783,0.99708,4107
28,6,star_sign,mlp_h64,0.001,0.0,1.32058,1.0,4107
28,6,star_sign,mlp_h128,0.001,0.0,0.44052,1.0,4107
28,6,star_sign,attention,0.0001,1e-05,3.16045,0.58594,4107
28,6,star_sign,shuffled,0.01,0.0001,2.98408,0.09472,4107
29,0,age_bin,ema_lr1e-3,0.001,0.0001,1.48375,0.38667,4187
29,0,age_bin,ema_lr5e-3,0.005,0.0001,1.49981,0.41247,4187
29,0,age_bin,ema_lr1e-2,0.01,0.0001,1.2964,0.40936,4187
29,0,age_bin,ema_lr5e-2,0.05,0.0001,0.65486,0.80272,4187
29,0,age_bin,ema_lr1e-2_wd1e-3,0.01,0.001,1.3203,0.39694,4187
29,0,age_bin,ema_d0.99,0.01,0.0001,1.41712,0.44184,4187
29,0,age_bin,ema_d0.9999,0.01,0.0001,1.34705,0.33795,4187
29,0,age_bin,mlp_h16,0.001,0.0,0.78104,0.88942,4187
29,0,age_bin,mlp_h32,0.001,0.0,0.62712,0.99761,4187
29,0,age_bin,mlp_h64,0.001,0.0,0.28345,1.0,4187
29,0,age_bin,mlp_h128,0.001,0.0,0.10815,1.0,4187
29,0,age_bin,attention,0.0001,1e-05,1.06176,1.0,4187
29,0,age_bin,shuffled,0.01,0.0001,1.28926,0.33771,4187
29,0,gender,ema_lr1e-3,0.001,0.0001,1.0637,0.48889,4187
29,0,gender,ema_lr5e-3,0.005,0.0001,1.01636,0.49988,4187
29,0,gender,ema_lr1e-2,0.01,0.0001,0.96739,0.49343,4187
29,0,gender,ema_lr5e-2,0.05,0.0001,0.80819,0.50561,4187
29,0,gender,ema_lr1e-2_wd1e-3,0.01,0.001,1.05056,0.49678,4187
29,0,gender,ema_d0.99,0.01,0.0001,0.99232,0.50585,4187
29,0,gender,ema_d0.9999,0.01,0.0001,1.01662,0.50657,4187
29,0,gender,mlp_h16,0.001,0.0,0.69411,0.51087,4187
29,0,gender,mlp_h32,0.001,0.0,0.69687,0.50537,4187
29,0,gender,mlp_h64,0.001,0.0,0.69696,0.492,4187
29,0,gender,mlp_h128,0.001,0.0,0.69649,0.50848,4187
29,0,gender,attention,0.0001,1e-05,0.69283,0.53125,4187
29,0,gender,shuffled,0.01,0.0001,1.00343,0.50776,4187
29,0,star_sign,ema_lr1e-3,0.001,0.0001,3.18162,0.15381,4187
29,0,star_sign,ema_lr5e-3,0.005,0.0001,3.02297,0.11273,4187
29,0,star_sign,ema_lr1e-2,0.01,0.0001,2.87328,0.12921,4187
29,0,star_sign,ema_lr5e-2,0.05,0.0001,1.82301,0.52496,4187
29,0,star_sign,ema_lr1e-2_wd1e-3,0.01,0.001,2.95399,0.11894,4187
29,0,star_sign,ema_d0.99,0.01,0.0001,2.9453,0.09267,4187
29,0,star_sign,ema_d0.9999,0.01,0.0001,2.84474,0.16886,4187
29,0,star_sign,mlp_h16,0.001,0.0,1.48954,0.99164,4187
29,0,star_sign,mlp_h32,0.001,0.0,1.56339,0.97015,4187
29,0,star_sign,mlp_h64,0.001,0.0,1.30531,0.99952,4187
29,0,star_sign,mlp_h128,0.001,0.0,0.53929,1.0,4187
29,0,star_sign,attention,0.0001,1e-05,2.43058,1.0,4187
29,0,star_sign,shuffled,0.01,0.0001,2.9575,0.14282,4187
29,4,age_bin,ema_lr1e-3,0.001,0.0001,1.43522,0.44781,4187
29,4,age_bin,ema_lr5e-3,0.005,0.0001,1.40285,0.3561,4187
29,4,age_bin,ema_lr1e-2,0.01,0.0001,1.13841,0.44805,4187
29,4,age_bin,ema_lr5e-2,0.05,0.0001,0.58756,0.84165,4187
29,4,age_bin,ema_lr1e-2_wd1e-3,0.01,0.001,1.16907,0.42417,4187
29,4,age_bin,ema_d0.99,0.01,0.0001,1.15452,0.44543,4187
29,4,age_bin,ema_d0.9999,0.01,0.0001,1.2149,0.3819,4187
29,4,age_bin,mlp_h16,0.001,0.0,0.48016,0.99976,4187
29,4,age_bin,mlp_h32,0.001,0.0,0.49341,0.99904,4187
29,4,age_bin,mlp_h64,0.001,0.0,0.25429,1.0,4187
29,4,age_bin,mlp_h128,0.001,0.0,0.12545,1.0,4187
29,4,age_bin,attention,0.0001,1e-05,0.66069,1.0,4187
29,4,age_bin,shuffled,0.01,0.0001,1.22844,0.3721,4187
29,4,gender,ema_lr1e-3,0.001,0.0001,0.94345,0.52448,4187
29,4,gender,ema_lr5e-3,0.005,0.0001,0.97906,0.49773,4187
29,4,gender,ema_lr1e-2,0.01,0.0001,0.93574,0.48866,4187
29,4,gender,ema_lr5e-2,0.05,0.0001,0.78261,0.49916,4187
29,4,gender,ema_lr1e-2_wd1e-3,0.01,0.001,0.93242,0.49057,4187
29,4,gender,ema_d0.99,0.01,0.0001,0.86747,0.49558,4187
29,4,gender,ema_d0.9999,0.01,0.0001,0.88303,0.50107,4187
29,4,gender,mlp_h16,0.001,0.0,0.69524,0.50585,4187
29,4,gender,mlp_h32,0.001,0.0,0.69064,0.53093,4187
29,4,gender,mlp_h64,0.001,0.0,0.69416,0.5037,4187
29,4,gender,mlp_h128,0.001,0.0,0.69436,0.51302,4187
29,4,gender,attention,0.0001,1e-05,0.70175,0.45312,4187
29,4,gender,shuffled,0.01,0.0001,0.8948,0.50131,4187
29,4,star_sign,ema_lr1e-3,0.001,0.0001,3.13368,0.11416,4187
29,4,star_sign,ema_lr5e-3,0.005,0.0001,2.91477,0.10318,4187
29,4,star_sign,ema_lr1e-2,0.01,0.0001,2.8078,0.11989,4187
29,4,star_sign,ema_lr5e-2,0.05,0.0001,1.7159,0.46095,4187
29,4,star_sign,ema_lr1e-2_wd1e-3,0.01,0.001,2.90786,0.11201,4187
29,4,star_sign,ema_d0.99,0.01,0.0001,2.83009,0.17793,4187
29,4,star_sign,ema_d0.9999,0.01,0.0001,2.79483,0.11655,4187
29,4,star_sign,mlp_h16,0.001,0.0,2.34863,0.10485,4187
29,4,star_sign,mlp_h32,0.001,0.0,1.50125,0.97898,4187
29,4,star_sign,mlp_h64,0.001,0.0,1.25685,0.99857,4187
29,4,star_sign,mlp_h128,0.001,0.0,0.49619,1.0,4187
29,4,star_sign,attention,0.0001,1e-05,2.30737,0.82031,4187
29,4,star_sign,shuffled,0.01,0.0001,2.80367,0.12085,4187
29,6,age_bin,ema_lr1e-3,0.001,0.0001,1.67941,0.31025,4187
29,6,age_bin,ema_lr5e-3,0.005,0.0001,1.58348,0.31932,4187
29,6,age_bin,ema_lr1e-2,0.01,0.0001,1.40517,0.37569,4187
29,6,age_bin,ema_lr5e-2,0.05,0.0001,0.62783,0.78911,4187
29,6,age_bin,ema_lr1e-2_wd1e-3,0.01,0.001,1.21426,0.44567,4187
29,6,age_bin,ema_d0.99,0.01,0.0001,1.36827,0.4096,4187
29,6,age_bin,ema_d0.9999,0.01,0.0001,1.30837,0.39957,4187
29,6,age_bin,mlp_h16,0.001,0.0,0.68464,0.96298,4187
29,6,age_bin,mlp_h32,0.001,0.0,0.58123,0.99451,4187
29,6,age_bin,mlp_h64,0.001,0.0,0.2785,1.0,4187
29,6,age_bin,mlp_h128,0.001,0.0,0.11269,1.0,4187
29,6,age_bin,attention,0.0001,1e-05,0.02898,0.98438,4187
29,6,age_bin,shuffled,0.01,0.0001,1.25141,0.39694,4187
29,6,gender,ema_lr1e-3,0.001,0.0001,1.00292,0.52376,4187
29,6,gender,ema_lr5e-3,0.005,0.0001,1.0909,0.45116,4187
29,6,gender,ema_lr1e-2,0.01,0.0001,0.9301,0.50466,4187
29,6,gender,ema_lr5e-2,0.05,0.0001,0.77454,0.52663,4187
29,6,gender,ema_lr1e-2_wd1e-3,0.01,0.001,0.9534,0.49725,4187
29,6,gender,ema_d0.99,0.01,0.0001,0.96244,0.49009,4187
29,6,gender,ema_d0.9999,0.01,0.0001,1.00583,0.50442,4187
29,6,gender,mlp_h16,0.001,0.0,0.69322,0.51063,4187
29,6,gender,mlp_h32,0.001,0.0,0.69552,0.50418,4187
29,6,gender,mlp_h64,0.001,0.0,0.6864,0.5369,4187
29,6,gender,mlp_h128,0.001,0.0,0.69016,0.52854,4187
29,6,gender,attention,0.0001,1e-05,2.30836,0.55469,4187
29,6,gender,shuffled,0.01,0.0001,0.93969,0.50896,4187
29,6,star_sign,ema_lr1e-3,0.001,0.0001,3.26356,0.07834,4187
29,6,star_sign,ema_lr5e-3,0.005,0.0001,3.10215,0.11703,4187
29,6,star_sign,ema_lr1e-2,0.01,0.0001,2.91726,0.09577,4187
29,6,star_sign,ema_lr5e-2,0.05,0.0001,1.83498,0.41963,4187
29,6,star_sign,ema_lr1e-2_wd1e-3,0.01,0.001,2.96162,0.08646,4187
29,6,star_sign,ema_d0.99,0.01,0.0001,2.87104,0.13088,4187
29,6,star_sign,ema_d0.9999,0.01,0.0001,2.95179,0.10915,4187
29,6,star_sign,mlp_h16,0.001,0.0,2.14236,0.38476,4187
29,6,star_sign,mlp_h32,0.001,0.0,1.34191,0.99976,4187
29,6,star_sign,mlp_h64,0.001,0.0,1.269,1.0,4187
29,6,star_sign,mlp_h128,0.001,0.0,0.38126,1.0,4187
29,6,star_sign,attention,0.0001,1e-05,2.29627,0.67188,4187
29,6,star_sign,shuffled,0.01,0.0001,2.91813,0.1144,4187
30,0,age_bin,ema_lr1e-3,0.001,0.0001,1.54756,0.37838,4033
30,0,age_bin,ema_lr5e-3,0.005,0.0001,1.49396,0.41954,4033
30,0,age_bin,ema_lr1e-2,0.01,0.0001,1.28385,0.41706,4033
30,0,age_bin,ema_lr5e-2,0.05,0.0001,0.63368,0.80833,4033
30,0,age_bin,ema_lr1e-2_wd1e-3,0.01,0.001,1.32275,0.38235,4033
30,0,age_bin,ema_d0.99,0.01,0.0001,1.37681,0.45004,4033
30,0,age_bin,ema_d0.9999,0.01,0.0001,1.31315,0.34044,4033
30,0,age_bin,mlp_h16,0.001,0.0,0.76784,0.89933,4033
30,0,age_bin,mlp_h32,0.001,0.0,0.6125,0.99876,4033
30,0,age_bin,mlp_h64,0.001,0.0,0.26826,1.0,4033
30,0,age_bin,mlp_h128,0.001,0.0,0.0986,1.0,4033
30,0,age_bin,attention,0.0001,1e-05,1.06075,1.0,4033
30,0,age_bin,shuffled,0.01,0.0001,1.26267,0.34738,4033
30,0,gender,ema_lr1e-3,0.001,0.0001,1.04505,0.50905,4033
30,0,gender,ema_lr5e-3,0.005,0.0001,1.01547,0.50037,4033
30,0,gender,ema_lr1e-2,0.01,0.0001,0.98001,0.49194,4033
30,0,gender,ema_lr5e-2,0.05,0.0001,0.81062,0.49913,4033
30,0,gender,ema_lr1e-2_wd1e-3,0.01,0.001,1.03079,0.49442,4033
30,0,gender,ema_d0.99,0.01,0.0001,0.98442,0.49442,4033
30,0,gender,ema_d0.9999,0.01,0.0001,1.00289,0.51376,4033
30,0,gender,mlp_h16,0.001,0.0,0.69344,0.51451,4033
30,0,gender,mlp_h32,0.001,0.0,0.69437,0.51525,4033
30,0,gender,mlp_h64,0.001,0.0,0.695,0.48971,4033
30,0,gender,mlp_h128,0.001,0.0,0.69616,0.49591,4033
30,0,gender,attention,0.0001,1e-05,0.69279,0.57031,4033
30,0,gender,shuffled,0.01,0.0001,1.00311,0.50409,4033
30,0,star_sign,ema_lr1e-3,0.001,0.0001,3.20028,0.14927,4033
30,0,star_sign,ema_lr5e-3,0.005,0.0001,3.08389,0.1029,4033
30,0,star_sign,ema_lr1e-2,0.01,0.0001,2.88571,0.12199,4033
30,0,star_sign,ema_lr5e-2,0.05,0.0001,1.80831,0.52244,4033
30,0,star_sign,ema_lr1e-2_wd1e-3,0.01,0.001,2.90619,0.12497,4033
30,0,star_sign,ema_d0.99,0.01,0.0001,2.94023,0.09943,4033
30,0,star_sign,ema_d0.9999,0.01,0.0001,2.89433,0.16489,4033
30,0,star_sign,mlp_h16,0.001,0.0,1.46968,0.99182,4033
30,0,star_sign,mlp_h32,0.001,0.0,1.53098,0.96925,4033
30,0,star_sign,mlp_h64,0.001,0.0,1.26466,1.0,4033
30,0,star_sign,mlp_h128,0.001,0.0,0.48875,1.0,4033
30,0,star_sign,attention,0.0001,1e-05,2.42821,1.0,4033
30,0,star_sign,shuffled,0.01,0.0001,2.94095,0.15125,4033
30,4,age_bin,ema_lr1e-3,0.001,0.0001,1.42724,0.44285,4033
30,4,age_bin,ema_lr5e-3,0.005,0.0001,1.3238,0.38631,4033
30,4,age_bin,ema_lr1e-2,0.01,0.0001,1.14038,0.44285,4033
30,4,age_bin,ema_lr5e-2,0.05,0.0001,0.58932,0.84726,4033
30,4,age_bin,ema_lr1e-2_wd1e-3,0.01,0.001,1.2266,0.39896,4033
30,4,age_bin,ema_d0.99,0.01,0.0001,1.21455,0.41508,4033
30,4,age_bin,ema_d0.9999,0.01,0.0001,1.1879,0.4002,4033
30,4,age_bin,mlp_h16,0.001,0.0,0.47336,1.0,4033
30,4,age_bin,mlp_h32,0.001,0.0,0.47385,0.99926,4033
30,4,age_bin,mlp_h64,0.001,0.0,0.23914,1.0,4033
30,4,age_bin,mlp_h128,0.001,0.0,0.11494,1.0,4033
30,4,age_bin,attention,0.0001,1e-05,0.66432,1.0,4033
30,4,age_bin,shuffled,0.01,0.0001,1.25409,0.35755,4033
30,4,gender,ema_lr1e-3,0.001,0.0001,1.0278,0.47458,4033
30,4,gender,ema_lr5e-3,0.005,0.0001,0.95948,0.48103,4033
30,4,gender,ema_lr1e-2,0.01,0.0001,0.91439,0.49417,4033
30,4,gender,ema_lr5e-2,0.05,0.0001,0.76807,0.51376,4033
30,4,gender,ema_lr1e-2_wd1e-3,0.01,0.001,0.89799,0.50979,4033
30,4,gender,ema_d0.99,0.01,0.0001,0.85504,0.48698,4033
30,4,gender,ema_d0.9999,0.01,0.0001,0.83495,0.5336,4033
30,4,gender,mlp_h16,0.001,0.0,0.68743,0.54104,4033
30,4,gender,mlp_h32,0.001,0.0,0.6885,0.53781,4033
30,4,gender,mlp_h64,0.001,0.0,0.68416,0.55343,4033
30,4,gender,mlp_h128,0.001,0.0,0.68267,0.5579,4033
30,4,gender,attention,0.0001,1e-05,0.68964,0.50781,4033
30,4,gender,shuffled,0.01,0.0001,0.89954,0.50136,4033
30,4,star_sign,ema_lr1e-3,0.001,0.0001,3.17584,0.10538,4033
30,4,star_sign,ema_lr5e-3,0.005,0.0001,2.99122,0.08158,4033
30,4,star_sign,ema_lr1e-2,0.01,0.0001,2.75979,0.12695,4033
30,4,star_sign,ema_lr5e-2,0.05,0.0001,1.65138,0.51079,4033
30,4,star_sign,ema_lr1e-2_wd1e-3,0.01,0.001,2.87103,0.11133,4033
30,4,star_sign,ema_d0.99,0.01,0.0001,2.80124,0.19092,4033
30,4,star_sign,ema_d0.9999,0.01,0.0001,2.736,0.12001,4033
30,4,star_sign,mlp_h16,0.001,0.0,2.33363,0.11431,4033
30,4,star_sign,mlp_h32,0.001,0.0,1.47634,0.98215,4033
30,4,star_sign,mlp_h64,0.001,0.0,1.2204,0.99926,4033
30,4,star_sign,mlp_h128,0.001,0.0,0.451,1.0,4033
30,4,star_sign,attention,0.0001,1e-05,2.29776,0.88281,4033
30,4,star_sign,shuffled,0.01,0.0001,2.78018,0.121,4033
30,6,age_bin,ema_lr1e-3,0.001,0.0001,1.71743,0.30052,4033
30,6,age_bin,ema_lr5e-3,0.005,0.0001,1.53174,0.32879,4033
30,6,age_bin,ema_lr1e-2,0.01,0.0001,1.36143,0.39921,4033
30,6,age_bin,ema_lr5e-2,0.05,0.0001,0.59437,0.81577,4033
30,6,age_bin,ema_lr1e-2_wd1e-3,0.01,0.001,1.29877,0.38061,4033
30,6,age_bin,ema_d0.99,0.01,0.0001,1.27404,0.45053,4033
30,6,age_bin,ema_d0.9999,0.01,0.0001,1.24397,0.4121,4033
30,6,age_bin,mlp_h16,0.001,0.0,0.67205,0.97149,4033
30,6,age_bin,mlp_h32,0.001,0.0,0.55669,0.99628,4033
30,6,age_bin,mlp_h64,0.001,0.0,0.25411,1.0,4033
30,6,age_bin,mlp_h128,0.001,0.0,0.09998,1.0,4033
30,6,age_bin,attention,0.0001,1e-05,0.10303,0.98438,4033
30,6,age_bin,shuffled,0.01,0.0001,1.20341,0.41632,4033
30,6,gender,ema_lr1e-3,0.001,0.0001,1.03102,0.52864,4033
30,6,gender,ema_lr5e-3,0.005,0.0001,1.05662,0.47458,4033
30,6,gender,ema_lr1e-2,0.01,0.0001,0.88571,0.52963,4033
30,6,gender,ema_lr5e-2,0.05,0.0001,0.76549,0.52021,4033
30,6,gender,ema_lr1e-2_wd1e-3,0.01,0.001,0.96227,0.49938,4033
30,6,gender,ema_d0.99,0.01,0.0001,0.94507,0.50979,4033
30,6,gender,ema_d0.9999,0.01,0.0001,0.99886,0.49169,4033
30,6,gender,mlp_h16,0.001,0.0,0.68052,0.57277,4033
30,6,gender,mlp_h32,0.001,0.0,0.69239,0.51401,4033
30,6,gender,mlp_h64,0.001,0.0,0.68214,0.56087,4033
30,6,gender,mlp_h128,0.001,0.0,0.68173,0.56013,4033
30,6,gender,attention,0.0001,1e-05,2.0299,0.5625,4033
30,6,gender,shuffled,0.01,0.0001,0.94234,0.49293,4033
30,6,star_sign,ema_lr1e-3,0.001,0.0001,3.16187,0.10389,4033
30,6,star_sign,ema_lr5e-3,0.005,0.0001,3.08882,0.11803,4033
30,6,star_sign,ema_lr1e-2,0.01,0.0001,2.95853,0.091,4033
30,6,star_sign,ema_lr5e-2,0.05,0.0001,1.81723,0.4307,4033
30,6,star_sign,ema_lr1e-2_wd1e-3,0.01,0.001,2.86513,0.09348,4033
30,6,star_sign,ema_d0.99,0.01,0.0001,2.83704,0.12794,4033
30,6,star_sign,ema_d0.9999,0.01,0.0001,2.87197,0.12571,4033
30,6,star_sign,mlp_h16,0.001,0.0,2.13206,0.41309,4033
30,6,star_sign,mlp_h32,0.001,0.0,1.3456,0.99926,4033
30,6,star_sign,mlp_h64,0.001,0.0,1.20544,1.0,4033
30,6,star_sign,mlp_h128,0.001,0.0,0.3412,1.0,4033
30,6,star_sign,attention,0.0001,1e-05,3.33255,0.60156,4033
30,6,star_sign,shuffled,0.01,0.0001,2.83758,0.13613,4033
31,0,age_bin,ema_lr1e-3,0.001,0.0001,1.49497,0.37893,3911
31,0,age_bin,ema_lr5e-3,0.005,0.0001,1.46258,0.42777,3911
31,0,age_bin,ema_lr1e-2,0.01,0.0001,1.27301,0.41882,3911
31,0,age_bin,ema_lr5e-2,0.05,0.0001,0.61717,0.81999,3911
31,0,age_bin,ema_lr1e-2_wd1e-3,0.01,0.001,1.28327,0.40629,3911
31,0,age_bin,ema_d0.99,0.01,0.0001,1.35464,0.45155,3911
31,0,age_bin,ema_d0.9999,0.01,0.0001,1.31853,0.34262,3911
31,0,age_bin,mlp_h16,0.001,0.0,0.75476,0.90846,3911
31,0,age_bin,mlp_h32,0.001,0.0,0.59919,0.99898,3911
31,0,age_bin,mlp_h64,0.001,0.0,0.25529,1.0,3911
31,0,age_bin,mlp_h128,0.001,0.0,0.09283,1.0,3911
31,0,age_bin,attention,0.0001,1e-05,1.06,1.0,3911
31,0,age_bin,shuffled,0.01,0.0001,1.24502,0.38481,3911
31,0,gender,ema_lr1e-3,0.001,0.0001,1.05029,0.50447,3911
31,0,gender,ema_lr5e-3,0.005,0.0001,0.97553,0.51087,3911
31,0,gender,ema_lr1e-2,0.01,0.0001,0.94423,0.49578,3911
31,0,gender,ema_lr5e-2,0.05,0.0001,0.82042,0.49067,3911
31,0,gender,ema_lr1e-2_wd1e-3,0.01,0.001,1.03076,0.49859,3911
31,0,gender,ema_d0.99,0.01,0.0001,0.98724,0.50064,3911
31,0,gender,ema_d0.9999,0.01,0.0001,0.95929,0.51879,3911
31,0,gender,mlp_h16,0.001,0.0,0.69486,0.50703,3911
31,0,gender,mlp_h32,0.001,0.0,0.69681,0.50192,3911
31,0,gender,mlp_h64,0.001,0.0,0.69487,0.50882,3911
31,0,gender,mlp_h128,0.001,0.0,0.69568,0.50499,3911
31,0,gender,attention,0.0001,1e-05,0.69344,0.45312,3911
31,0,gender,shuffled,0.01,0.0001,0.96988,0.51394,3911
31,0,star_sign,ema_lr1e-3,0.001,0.0001,3.16823,0.15086,3911
31,0,star_sign,ema_lr5e-3,0.005,0.0001,3.01504,0.1125,3911
31,0,star_sign,ema_lr1e-2,0.01,0.0001,2.8703,0.12887,3911
31,0,star_sign,ema_lr5e-2,0.05,0.0001,1.73852,0.54078,3911
31,0,star_sign,ema_lr1e-2_wd1e-3,0.01,0.001,2.92385,0.11838,3911
31,0,star_sign,ema_d0.99,0.01,0.0001,2.88377,0.10279,3911
31,0,star_sign,ema_d0.9999,0.01,0.0001,2.8743,0.17336,3911
31,0,star_sign,mlp_h16,0.001,0.0,1.45465,0.99284,3911
31,0,star_sign,mlp_h32,0.001,0.0,1.50245,0.98108,3911
31,0,star_sign,mlp_h64,0.001,0.0,1.22281,0.99974,3911
31,0,star_sign,mlp_h128,0.001,0.0,0.45205,1.0,3911
31,0,star_sign,attention,0.0001,1e-05,2.42821,1.0,3911
31,0,star_sign,shuffled,0.01,0.0001,2.93174,0.146,3911
31,4,age_bin,ema_lr1e-3,0.001,0.0001,1.45613,0.44106,3911
31,4,age_bin,ema_lr5e-3,0.005,0.0001,1.359,0.36129,3911
31,4,age_bin,ema_lr1e-2,0.01,0.0001,1.10998,0.45947,3911
31,4,age_bin,ema_lr5e-2,0.05,0.0001,0.55702,0.86372,3911
31,4,age_bin,ema_lr1e-2_wd1e-3,0.01,0.001,1.18928,0.41166,3911
31,4,age_bin,ema_d0.99,0.01,0.0001,1.15281,0.43748,3911
31,4,age_bin,ema_d0.9999,0.01,0.0001,1.21497,0.37126,3911
31,4,age_bin,mlp_h16,0.001,0.0,0.45387,1.0,3911
31,4,age_bin,mlp_h32,0.001,0.0,0.45821,0.99974,3911
31,4,age_bin,mlp_h64,0.001,0.0,0.22203,1.0,3911
31,4,age_bin,mlp_h128,0.001,0.0,0.10447,1.0,3911
31,4,age_bin,attention,0.0001,1e-05,0.62947,1.0,3911
31,4,age_bin,shuffled,0.01,0.0001,1.2014,0.39172,3911
31,4,gender,ema_lr1e-3,0.001,0.0001,1.03753,0.47967,3911
31,4,gender,ema_lr5e-3,0.005,0.0001,0.96891,0.49118,3911
31,4,gender,ema_lr1e-2,0.01,0.0001,0.91672,0.49553,3911
31,4,gender,ema_lr5e-2,0.05,0.0001,0.78379,0.49271,3911
31,4,gender,ema_lr1e-2_wd1e-3,0.01,0.001,0.90568,0.50729,3911
31,4,gender,ema_d0.99,0.01,0.0001,0.84326,0.50268,3911
31,4,gender,ema_d0.9999,0.01,0.0001,0.86075,0.51061,3911
31,4,gender,mlp_h16,0.001,0.0,0.69479,0.5055,3911
31,4,gender,mlp_h32,0.001,0.0,0.69229,0.51598,3911
31,4,gender,mlp_h64,0.001,0.0,0.69239,0.52058,3911
31,4,gender,mlp_h128,0.001,0.0,0.69033,0.52467,3911
31,4,gender,attention,0.0001,1e-05,0.69015,0.50781,3911
31,4,gender,shuffled,0.01,0.0001,0.88183,0.50857,3911
31,4,star_sign,ema_lr1e-3,0.001,0.0001,3.10175,0.11838,3911
31,4,star_sign,ema_lr5e-3,0.005,0.0001,2.92106,0.10049,3911
31,4,star_sign,ema_lr1e-2,0.01,0.0001,2.77302,0.13168,3911
31,4,star_sign,ema_lr5e-2,0.05,0.0001,1.63025,0.51445,3911
31,4,star_sign,ema_lr1e-2_wd1e-3,0.01,0.001,2.84968,0.11941,3911
31,4,star_sign,ema_d0.99,0.01,0.0001,2.75463,0.21197,3911
31,4,star_sign,ema_d0.9999,0.01,0.0001,2.69687,0.13756,3911
31,4,star_sign,mlp_h16,0.001,0.0,2.31762,0.11634,3911
31,4,star_sign,mlp_h32,0.001,0.0,1.43443,0.98901,3911
31,4,star_sign,mlp_h64,0.001,0.0,1.16209,0.99974,3911
31,4,star_sign,mlp_h128,0.001,0.0,0.39872,1.0,3911
31,4,star_sign,attention,0.0001,1e-05,2.29423,0.89062,3911
31,4,star_sign,shuffled,0.01,0.0001,2.71863,0.13066,3911
31,6,age_bin,ema_lr1e-3,0.001,0.0001,1.78795,0.28126,3911
31,6,age_bin,ema_lr5e-3,0.005,0.0001,1.49687,0.33802,3911
31,6,age_bin,ema_lr1e-2,0.01,0.0001,1.23874,0.44004,3911
31,6,age_bin,ema_lr5e-2,0.05,0.0001,0.60446,0.81437,3911
31,6,age_bin,ema_lr1e-2_wd1e-3,0.01,0.001,1.2956,0.38967,3911
31,6,age_bin,ema_d0.99,0.01,0.0001,1.35645,0.39657,3911
31,6,age_bin,ema_d0.9999,0.01,0.0001,1.21604,0.42879,3911
31,6,age_bin,mlp_h16,0.001,0.0,0.66595,0.97418,3911
31,6,age_bin,mlp_h32,0.001,0.0,0.5383,0.99872,3911
31,6,age_bin,mlp_h64,0.001,0.0,0.24829,1.0,3911
31,6,age_bin,mlp_h128,0.001,0.0,0.0944,1.0,3911
31,6,age_bin,attention,0.0001,1e-05,0.12143,0.98438,3911
31,6,age_bin,shuffled,0.01,0.0001,1.22988,0.40859,3911
31,6,gender,ema_lr1e-3,0.001,0.0001,1.07331,0.4922,3911
31,6,gender,ema_lr5e-3,0.005,0.0001,1.10113,0.43953,3911
31,6,gender,ema_lr1e-2,0.01,0.0001,0.96423,0.47839,3911
31,6,gender,ema_lr5e-2,0.05,0.0001,0.77648,0.50857,3911
31,6,gender,ema_lr1e-2_wd1e-3,0.01,0.001,0.89604,0.52672,3911
31,6,gender,ema_d0.99,0.01,0.0001,0.91134,0.50754,3911
31,6,gender,ema_d0.9999,0.01,0.0001,0.94652,0.52058,3911
31,6,gender,mlp_h16,0.001,0.0,0.69401,0.51751,3911
31,6,gender,mlp_h32,0.001,0.0,0.69137,0.528,3911
31,6,gender,mlp_h64,0.001,0.0,0.69946,0.50115,3911
31,6,gender,mlp_h128,0.001,0.0,0.69333,0.5193,3911
31,6,gender,attention,0.0001,1e-05,2.13841,0.53125,3911
31,6,gender,shuffled,0.01,0.0001,0.91188,0.50473,3911
31,6,star_sign,ema_lr1e-3,0.001,0.0001,3.21161,0.08949,3911
31,6,star_sign,ema_lr5e-3,0.005,0.0001,2.97879,0.12682,3911
31,6,star_sign,ema_lr1e-2,0.01,0.0001,2.99406,0.10074,3911
31,6,star_sign,ema_lr5e-2,0.05,0.0001,1.73548,0.47839,3911
31,6,star_sign,ema_lr1e-2_wd1e-3,0.01,0.001,2.79671,0.11148,3911
31,6,star_sign,ema_d0.99,0.01,0.0001,2.9942,0.09639,3911
31,6,star_sign,ema_d0.9999,0.01,0.0001,2.87441,0.10662,3911
31,6,star_sign,mlp_h16,0.001,0.0,2.11702,0.42317,3911
31,6,star_sign,mlp_h32,0.001,0.0,1.30595,0.99923,3911
31,6,star_sign,mlp_h64,0.001,0.0,1.17028,1.0,3911
31,6,star_sign,mlp_h128,0.001,0.0,0.31403,1.0,3911
31,6,star_sign,attention,0.0001,1e-05,1.5515,0.78125,3911
31,6,star_sign,shuffled,0.01,0.0001,2.9194,0.10611,3911
32,0,age_bin,ema_lr1e-3,0.001,0.0001,1.53497,0.38603,4194
32,0,age_bin,ema_lr5e-3,0.005,0.0001,1.473,0.42179,4194
32,0,age_bin,ema_lr1e-2,0.01,0.0001,1.25416,0.43348,4194
32,0,age_bin,ema_lr5e-2,0.05,0.0001,0.60458,0.81903,4194
32,0,age_bin,ema_lr1e-2_wd1e-3,0.01,0.001,1.29452,0.38841,4194
32,0,age_bin,ema_d0.99,0.01,0.0001,1.36855,0.44754,4194
32,0,age_bin,ema_d0.9999,0.01,0.0001,1.32502,0.41273,4194
32,0,age_bin,mlp_h16,0.001,0.0,0.73881,0.92299,4194
32,0,age_bin,mlp_h32,0.001,0.0,0.57707,0.99928,4194
32,0,age_bin,mlp_h64,0.001,0.0,0.24069,1.0,4194
32,0,age_bin,mlp_h128,0.001,0.0,0.08645,1.0,4194
32,0,age_bin,attention,0.0001,1e-05,1.05839,1.0,4194
32,0,age_bin,shuffled,0.01,0.0001,1.26326,0.37101,4194
32,0,gender,ema_lr1e-3,0.001,0.0001,1.02178,0.51812,4194
32,0,gender,ema_lr5e-3,0.005,0.0001,1.01283,0.51264,4194
32,0,gender,ema_lr1e-2,0.01,0.0001,0.9377,0.50477,4194
32,0,gender,ema_lr5e-2,0.05,0.0001,0.8085,0.50191,4194
32,0,gender,ema_lr1e-2_wd1e-3,0.01,0.001,1.04539,0.50215,4194
32,0,gender,ema_d0.99,0.01,0.0001,0.98128,0.51431,4194
32,0,gender,ema_d0.9999,0.01,0.0001,1.00763,0.51288,4194
32,0,gender,mlp_h16,0.001,0.0,0.69353,0.52217,4194
32,0,gender,mlp_h32,0.001,0.0,0.69424,0.51073,4194
32,0,gender,mlp_h64,0.001,0.0,0.69325,0.51192,4194
32,0,gender,mlp_h128,0.001,0.0,0.69133,0.51764,4194
32,0,gender,attention,0.0001,1e-05,0.69326,0.49219,4194
32,0,gender,shuffled,0.01,0.0001,1.00151,0.50477,4194
32,0,star_sign,ema_lr1e-3,0.001,0.0001,3.20718,0.14449,4194
32,0,star_sign,ema_lr5e-3,0.005,0.0001,3.0432,0.1073,4194
32,0,star_sign,ema_lr1e-2,0.01,0.0001,2.84798,0.12971,4194
32,0,star_sign,ema_lr5e-2,0.05,0.0001,1.7537,0.53314,4194
32,0,star_sign,ema_lr1e-2_wd1e-3,0.01,0.001,2.90732,0.11612,4194
32,0,star_sign,ema_d0.99,0.01,0.0001,2.91433,0.09728,4194
32,0,star_sign,ema_d0.9999,0.01,0.0001,2.85375,0.1743,4194
32,0,star_sign,mlp_h16,0.001,0.0,1.43184,0.99237,4194
32,0,star_sign,mlp_h32,0.001,0.0,1.4713,0.98045,4194
32,0,star_sign,mlp_h64,0.001,0.0,1.1668,1.0,4194
32,0,star_sign,mlp_h128,0.001,0.0,0.41843,1.0,4194
32,0,star_sign,attention,0.0001,1e-05,2.42615,1.0,4194
32,0,star_sign,shuffled,0.01,0.0001,2.95615,0.1402,4194
32,4,age_bin,ema_lr1e-3,0.001,0.0001,1.44527,0.43085,4194
32,4,age_bin,ema_lr5e-3,0.005,0.0001,1.3378,0.37721,4194
32,4,age_bin,ema_lr1e-2,0.01,0.0001,1.15973,0.44826,4194
32,4,age_bin,ema_lr5e-2,0.05,0.0001,0.57642,0.85074,4194
32,4,age_bin,ema_lr1e-2_wd1e-3,0.01,0.001,1.13104,0.43753,4194
32,4,age_bin,ema_d0.99,0.01,0.0001,1.242,0.40153,4194
32,4,age_bin,ema_d0.9999,0.01,0.0001,1.22241,0.37983,4194
32,4,age_bin,mlp_h16,0.001,0.0,0.45227,1.0,4194
32,4,age_bin,mlp_h32,0.001,0.0,0.43146,0.99976,4194
32,4,age_bin,mlp_h64,0.001,0.0,0.20912,1.0,4194
32,4,age_bin,mlp_h128,0.001,0.0,0.09639,1.0,4194
32,4,age_bin,attention,0.0001,1e-05,0.61659,1.0,4194
32,4,age_bin,shuffled,0.01,0.0001,1.22623,0.38221,4194
32,4,gender,ema_lr1e-3,0.001,0.0001,0.97594,0.50429,4194
32,4,gender,ema_lr5e-3,0.005,0.0001,1.0163,0.47377,4194
32,4,gender,ema_lr1e-2,0.01,0.0001,0.91992,0.50835,4194
32,4,gender,ema_lr5e-2,0.05,0.0001,0.75384,0.51454,4194
32,4,gender,ema_lr1e-2_wd1e-3,0.01,0.001,0.90408,0.5062,4194
32,4,gender,ema_d0.99,0.01,0.0001,0.83586,0.50739,4194
32,4,gender,ema_d0.9999,0.01,0.0001,0.85613,0.51288,4194
32,4,gender,mlp_h16,0.001,0.0,0.69208,0.5217,4194
32,4,gender,mlp_h32,0.001,0.0,0.68994,0.52742,4194
32,4,gender,mlp_h64,0.001,0.0,0.68784,0.54626,4194
32,4,gender,mlp_h128,0.001,0.0,0.68807,0.54125,4194
32,4,gender,attention,0.0001,1e-05,0.69564,0.47656,4194
32,4,gender,shuffled,0.01,0.0001,0.8848,0.50215,4194
32,4,star_sign,ema_lr1e-3,0.001,0.0001,3.17302,0.10897,4194
32,4,star_sign,ema_lr5e-3,0.005,0.0001,2.97044,0.09204,4194
32,4,star_sign,ema_lr1e-2,0.01,0.0001,2.75623,0.13543,4194
32,4,star_sign,ema_lr5e-2,0.05,0.0001,1.60877,0.53433,4194
32,4,star_sign,ema_lr1e-2_wd1e-3,0.01,0.001,2.83062,0.11588,4194
32,4,star_sign,ema_d0.99,0.01,0.0001,2.80369,0.17835,4194
32,4,star_sign,ema_d0.9999,0.01,0.0001,2.7369,0.12136,4194
32,4,star_sign,mlp_h16,0.001,0.0,2.3042,0.13853,4194
32,4,star_sign,mlp_h32,0.001,0.0,1.3905,0.9938,4194
32,4,star_sign,mlp_h64,0.001,0.0,1.09696,0.99952,4194
32,4,star_sign,mlp_h128,0.001,0.0,0.36457,1.0,4194
32,4,star_sign,attention,0.0001,1e-05,2.29057,0.90625,4194
32,4,star_sign,shuffled,0.01,0.0001,2.77044,0.13186,4194
32,6,age_bin,ema_lr1e-3,0.001,0.0001,1.73327,0.29137,4194
32,6,age_bin,ema_lr5e-3,0.005,0.0001,1.59107,0.31187,4194
32,6,age_bin,ema_lr1e-2,0.01,0.0001,1.28263,0.43753,4194
32,6,age_bin,ema_lr5e-2,0.05,0.0001,0.59953,0.81283,4194
32,6,age_bin,ema_lr1e-2_wd1e-3,0.01,0.001,1.26258,0.4113,4194
32,6,age_bin,ema_d0.99,0.01,0.0001,1.28657,0.44134,4194
32,6,age_bin,ema_d0.9999,0.01,0.0001,1.25625,0.42132,4194
32,6,age_bin,mlp_h16,0.001,0.0,0.63464,0.97854,4194
32,6,age_bin,mlp_h32,0.001,0.0,0.52783,0.99762,4194
32,6,age_bin,mlp_h64,0.001,0.0,0.23103,1.0,4194
32,6,age_bin,mlp_h128,0.001,0.0,0.08861,1.0,4194
32,6,age_bin,attention,0.0001,1e-05,0.21765,0.96875,4194
32,6,age_bin,shuffled,0.01,0.0001,1.30317,0.38364,4194
32,6,gender,ema_lr1e-3,0.001,0.0001,1.02167,0.52694,4194
32,6,gender,ema_lr5e-3,0.005,0.0001,1.04439,0.47616,4194
32,6,gender,ema_lr1e-2,0.01,0.0001,0.94313,0.48665,4194
32,6,gender,ema_lr5e-2,0.05,0.0001,0.7412,0.5403,4194
32,6,gender,ema_lr1e-2_wd1e-3,0.01,0.001,0.92609,0.52194,4194
32,6,gender,ema_d0.99,0.01,0.0001,0.89964,0.53314,4194
32,6,gender,ema_d0.9999,0.01,0.0001,0.98245,0.49976,4194
32,6,gender,mlp_h16,0.001,0.0,0.69124,0.5267,4194
32,6,gender,mlp_h32,0.001,0.0,0.68381,0.56605,4194
32,6,gender,mlp_h64,0.001,0.0,0.68976,0.53577,4194
32,6,gender,mlp_h128,0.001,0.0,0.6859,0.53672,4194
32,6,gender,attention,0.0001,1e-05,2.53119,0.54688,4194
32,6,gender,shuffled,0.01,0.0001,0.91831,0.50429,4194
32,6,star_sign,ema_lr1e-3,0.001,0.0001,3.18465,0.09895,4194
32,6,star_sign,ema_lr5e-3,0.005,0.0001,3.03939,0.12637,4194
32,6,star_sign,ema_lr1e-2,0.01,0.0001,2.93797,0.09752,4194
32,6,star_sign,ema_lr5e-2,0.05,0.0001,1.67515,0.48617,4194
32,6,star_sign,ema_lr1e-2_wd1e-3,0.01,0.001,2.90333,0.09442,4194
32,6,star_sign,ema_d0.99,0.01,0.0001,2.87027,0.12923,4194
32,6,star_sign,ema_d0.9999,0.01,0.0001,2.92478,0.10682,4194
32,6,star_sign,mlp_h16,0.001,0.0,2.08703,0.45088,4194
32,6,star_sign,mlp_h32,0.001,0.0,1.26239,0.99976,4194
32,6,star_sign,mlp_h64,0.001,0.0,1.09327,1.0,4194
32,6,star_sign,mlp_h128,0.001,0.0,0.27963,1.0,4194
32,6,star_sign,attention,0.0001,1e-05,1.99197,0.6875,4194
32,6,star_sign,shuffled,0.01,0.0001,2.92823,0.11278,4194
33,0,age_bin,ema_lr1e-3,0.001,0.0001,1.49142,0.38372,4313
33,0,age_bin,ema_lr5e-3,0.005,0.0001,1.46073,0.42917,4313
33,0,age_bin,ema_lr1e-2,0.01,0.0001,1.26096,0.42685,4313
33,0,age_bin,ema_lr5e-2,0.05,0.0001,0.59329,0.82263,4313
33,0,age_bin,ema_lr1e-2_wd1e-3,0.01,0.001,1.27341,0.41433,4313
33,0,age_bin,ema_d0.99,0.01,0.0001,1.32488,0.45745,4313
33,0,age_bin,ema_d0.9999,0.01,0.0001,1.27871,0.42175,4313
33,0,age_bin,mlp_h16,0.001,0.0,0.72806,0.92418,4313
33,0,age_bin,mlp_h32,0.001,0.0,0.56385,0.99954,4313
33,0,age_bin,mlp_h64,0.001,0.0,0.22763,1.0,4313
33,0,age_bin,mlp_h128,0.001,0.0,0.07907,1.0,4313
33,0,age_bin,attention,0.0001,1e-05,1.05743,1.0,4313
33,0,age_bin,shuffled,0.01,0.0001,1.22729,0.38396,4313
33,0,gender,ema_lr1e-3,0.001,0.0001,1.02324,0.51009,4313
33,0,gender,ema_lr5e-3,0.005,0.0001,1.02554,0.49362,4313
33,0,gender,ema_lr1e-2,0.01,0.0001,0.94318,0.50035,4313
33,0,gender,ema_lr5e-2,0.05,0.0001,0.79616,0.50336,4313
33,0,gender,ema_lr1e-2_wd1e-3,0.01,0.001,1.04649,0.492,4313
33,0,gender,ema_d0.99,0.01,0.0001,0.98722,0.50591,4313
33,0,gender,ema_d0.9999,0.01,0.0001,0.97839,0.51125,4313
33,0,gender,mlp_h16,0.001,0.0,0.69359,0.51681,4313
33,0,gender,mlp_h32,0.001,0.0,0.69551,0.50684,4313
33,0,gender,mlp_h64,0.001,0.0,0.69382,0.50777,4313
33,0,gender,mlp_h128,0.001,0.0,0.694,0.51658,4313
33,0,gender,attention,0.0001,1e-05,0.69267,0.5625,4313
33,0,gender,shuffled,0.01,0.0001,0.99981,0.49386,4313
33,0,star_sign,ema_lr1e-3,0.001,0.0001,3.22531,0.13703,4313
33,0,star_sign,ema_lr5e-3,0.005,0.0001,3.02125,0.10434,4313
33,0,star_sign,ema_lr1e-2,0.01,0.0001,2.83217,0.13077,4313
33,0,star_sign,ema_lr5e-2,0.05,0.0001,1.72043,0.53513,4313
33,0,star_sign,ema_lr1e-2_wd1e-3,0.01,0.001,2.90764,0.11987,4313
33,0,star_sign,ema_d0.99,0.01,0.0001,2.89895,0.09854,4313
33,0,star_sign,ema_d0.9999,0.01,0.0001,2.85197,0.17134,4313
33,0,star_sign,mlp_h16,0.001,0.0,1.40346,0.99467,4313
33,0,star_sign,mlp_h32,0.001,0.0,1.44731,0.98122,4313
33,0,star_sign,mlp_h64,0.001,0.0,1.12806,0.99884,4313
33,0,star_sign,mlp_h128,0.001,0.0,0.37786,1.0,4313
33,0,star_sign,attention,0.0001,1e-05,2.42379,1.0,4313
33,0,star_sign,shuffled,0.01,0.0001,2.90725,0.14816,4313
33,4,age_bin,ema_lr1e-3,0.001,0.0001,1.47291,0.43056,4313
33,4,age_bin,ema_lr5e-3,0.005,0.0001,1.33421,0.36773,4313
33,4,age_bin,ema_lr1e-2,0.01,0.0001,1.12624,0.45977,4313
33,4,age_bin,ema_lr5e-2,0.05,0.0001,0.57879,0.84582,4313
33,4,age_bin,ema_lr1e-2_wd1e-3,0.01,0.001,1.147,0.43172,4313
33,4,age_bin,ema_d0.99,0.01,0.0001,1.22544,0.40598,4313
33,4,age_bin,ema_d0.9999,0.01,0.0001,1.22007,0.3828,4313
33,4,age_bin,mlp_h16,0.001,0.0,0.44143,1.0,4313
33,4,age_bin,mlp_h32,0.001,0.0,0.42123,0.99977,4313
33,4,age_bin,mlp_h64,0.001,0.0,0.19654,1.0,4313
33,4,age_bin,mlp_h128,0.001,0.0,0.08898,1.0,4313
33,4,age_bin,attention,0.0001,1e-05,0.60922,1.0,4313
33,4,age_bin,shuffled,0.01,0.0001,1.16469,0.39903,4313
33,4,gender,ema_lr1e-3,0.001,0.0001,0.97854,0.50104,4313
33,4,gender,ema_lr5e-3,0.005,0.0001,0.98497,0.48249,4313
33,4,gender,ema_lr1e-2,0.01,0.0001,0.9525,0.48203,4313
33,4,gender,ema_lr5e-2,0.05,0.0001,0.7596,0.51125,4313
33,4,gender,ema_lr1e-2_wd1e-3,0.01,0.001,0.91134,0.49641,4313
33,4,gender,ema_d0.99,0.01,0.0001,0.87109,0.48852,4313
33,4,gender,ema_d0.9999,0.01,0.0001,0.86067,0.5131,4313
33,4,gender,mlp_h16,0.001,0.0,0.69026,0.52539,4313
33,4,gender,mlp_h32,0.001,0.0,0.69412,0.51078,4313
33,4,gender,mlp_h64,0.001,0.0,0.69456,0.51472,4313
33,4,gender,mlp_h128,0.001,0.0,0.69454,0.51148,4313
33,4,gender,attention,0.0001,1e-05,0.69351,0.52344,4313
33,4,gender,shuffled,0.01,0.0001,0.87532,0.49594,4313
33,4,star_sign,ema_lr1e-3,0.001,0.0001,3.15061,0.10642,4313
33,4,star_sign,ema_lr5e-3,0.005,0.0001,2.94594,0.09135,4313
33,4,star_sign,ema_lr1e-2,0.01,0.0001,2.70152,0.14375,4313
33,4,star_sign,ema_lr5e-2,0.05,0.0001,1.56783,0.55066,4313
33,4,star_sign,ema_lr1e-2_wd1e-3,0.01,0.001,2.81063,0.131,4313
33,4,star_sign,ema_d0.99,0.01,0.0001,2.72667,0.2045,4313
33,4,star_sign,ema_d0.9999,0.01,0.0001,2.71865,0.1354,4313
33,4,star_sign,mlp_h16,0.001,0.0,2.29194,0.14792,4313
33,4,star_sign,mlp_h32,0.001,0.0,1.36251,0.99536,4313
33,4,star_sign,mlp_h64,0.001,0.0,1.05594,0.99977,4313
33,4,star_sign,mlp_h128,0.001,0.0,0.33374,1.0,4313
33,4,star_sign,attention,0.0001,1e-05,2.27999,0.91406,4313
33,4,star_sign,shuffled,0.01,0.0001,2.73757,0.13146,4313
33,6,age_bin,ema_lr1e-3,0.001,0.0001,1.77968,0.28565,4313
33,6,age_bin,ema_lr5e-3,0.005,0.0001,1.47237,0.35405,4313
33,6,age_bin,ema_lr1e-2,0.01,0.0001,1.28585,0.41804,4313
33,6,age_bin,ema_lr5e-2,0.05,0.0001,0.56646,0.84002,4313
33,6,age_bin,ema_lr1e-2_wd1e-3,0.01,0.001,1.3084,0.38372,4313
33,6,age_bin,ema_d0.99,0.01,0.0001,1.3212,0.43079,4313
33,6,age_bin,ema_d0.9999,0.01,0.0001,1.20561,0.43102,4313
33,6,age_bin,mlp_h16,0.001,0.0,0.62775,0.98099,4313
33,6,age_bin,mlp_h32,0.001,0.0,0.51537,0.99791,4313
33,6,age_bin,mlp_h64,0.001,0.0,0.22316,1.0,4313
33,6,age_bin,mlp_h128,0.001,0.0,0.08227,1.0,4313
33,6,age_bin,attention,0.0001,1e-05,4e-05,1.0,4313
33,6,age_bin,shuffled,0.01,0.0001,1.27091,0.39624,4313
33,6,gender,ema_lr1e-3,0.001,0.0001,1.14595,0.46951,4313
33,6,gender,ema_lr5e-3,0.005,0.0001,1.05602,0.47299,4313
33,6,gender,ema_lr1e-2,0.01,0.0001,0.95885,0.48505,4313
33,6,gender,ema_lr5e-2,0.05,0.0001,0.75985,0.52794,4313
33,6,gender,ema_lr1e-2_wd1e-3,0.01,0.001,0.93389,0.50823,4313
33,6,gender,ema_d0.99,0.01,0.0001,1.03501,0.45189,4313
33,6,gender,ema_d0.9999,0.01,0.0001,0.99043,0.49687,4313
33,6,gender,mlp_h16,0.001,0.0,0.69607,0.51495,4313
33,6,gender,mlp_h32,0.001,0.0,0.69046,0.52168,4313
33,6,gender,mlp_h64,0.001,0.0,0.69071,0.53443,4313
33,6,gender,mlp_h128,0.001,0.0,0.69121,0.52423,4313
33,6,gender,attention,0.0001,1e-05,2.28723,0.48438,4313
33,6,gender,shuffled,0.01,0.0001,0.90835,0.50591,4313
33,6,star_sign,ema_lr1e-3,0.001,0.0001,3.11485,0.10526,4313
33,6,star_sign,ema_lr5e-3,0.005,0.0001,3.03184,0.11941,4313
33,6,star_sign,ema_lr1e-2,0.01,0.0001,2.89281,0.10665,4313
33,6,star_sign,ema_lr5e-2,0.05,0.0001,1.67799,0.48783,4313
33,6,star_sign,ema_lr1e-2_wd1e-3,0.01,0.001,2.83044,0.08556,4313
33,6,star_sign,ema_d0.99,0.01,0.0001,3.05185,0.09413,4313
33,6,star_sign,ema_d0.9999,0.01,0.0001,2.88696,0.11987,4313
33,6,star_sign,mlp_h16,0.001,0.0,2.07741,0.45166,4313
33,6,star_sign,mlp_h32,0.001,0.0,1.25677,0.9993,4313
33,6,star_sign,mlp_h64,0.001,0.0,1.06411,1.0,4313
33,6,star_sign,mlp_h128,0.001,0.0,0.26007,1.0,4313
33,6,star_sign,attention,0.0001,1e-05,2.29793,0.6875,4313
33,6,star_sign,shuffled,0.01,0.0001,2.85725,0.12451,4313
34,0,age_bin,ema_lr1e-3,0.001,0.0001,1.52703,0.38037,4146
34,0,age_bin,ema_lr5e-3,0.005,0.0001,1.46729,0.4192,4146
34,0,age_bin,ema_lr1e-2,0.01,0.0001,1.27679,0.42595,4146
34,0,age_bin,ema_lr5e-2,0.05,0.0001,0.59163,0.82393,4146
34,0,age_bin,ema_lr1e-2_wd1e-3,0.01,0.001,1.28383,0.40617,4146
34,0,age_bin,ema_d0.99,0.01,0.0001,1.32437,0.45851,4146
34,0,age_bin,ema_d0.9999,0.01,0.0001,1.26814,0.42306,4146
34,0,age_bin,mlp_h16,0.001,0.0,0.71727,0.92354,4146
34,0,age_bin,mlp_h32,0.001,0.0,0.54983,1.0,4146
34,0,age_bin,mlp_h64,0.001,0.0,0.21667,1.0,4146
34,0,age_bin,mlp_h128,0.001,0.0,0.07378,1.0,4146
34,0,age_bin,attention,0.0001,1e-05,1.05742,1.0,4146
34,0,age_bin,shuffled,0.01,0.0001,1.26703,0.37603,4146
34,0,gender,ema_lr1e-3,0.001,0.0001,1.06052,0.50579,4146
34,0,gender,ema_lr5e-3,0.005,0.0001,1.00005,0.50289,4146
34,0,gender,ema_lr1e-2,0.01,0.0001,0.95026,0.49276,4146
34,0,gender,ema_lr5e-2,0.05,0.0001,0.81531,0.49325,4146
34,0,gender,ema_lr1e-2_wd1e-3,0.01,0.001,1.01943,0.50482,4146
34,0,gender,ema_d0.99,0.01,0.0001,0.98405,0.49469,4146
34,0,gender,ema_d0.9999,0.01,0.0001,0.97308,0.50531,4146
34,0,gender,mlp_h16,0.001,0.0,0.69357,0.50675,4146
34,0,gender,mlp_h32,0.001,0.0,0.69722,0.49638,4146
34,0,gender,mlp_h64,0.001,0.0,0.69398,0.50989,4146
34,0,gender,mlp_h128,0.001,0.0,0.69463,0.51495,4146
34,0,gender,attention,0.0001,1e-05,0.69291,0.50781,4146
34,0,gender,shuffled,0.01,0.0001,1.02599,0.49035,4146
34,0,star_sign,ema_lr1e-3,0.001,0.0001,3.18698,0.14279,4146
34,0,star_sign,ema_lr5e-3,0.005,0.0001,3.03124,0.10516,4146
34,0,star_sign,ema_lr1e-2,0.01,0.0001,2.82139,0.14279,4146
34,0,star_sign,ema_lr5e-2,0.05,0.0001,1.69275,0.53401,4146
34,0,star_sign,ema_lr1e-2_wd1e-3,0.01,0.001,2.83263,0.12542,4146
34,0,star_sign,ema_d0.99,0.01,0.0001,2.87803,0.11119,4146
34,0,star_sign,ema_d0.9999,0.01,0.0001,2.80314,0.16908,4146
34,0,star_sign,mlp_h16,0.001,0.0,1.38966,0.99638,4146
34,0,star_sign,mlp_h32,0.001,0.0,1.41838,0.99035,4146
34,0,star_sign,mlp_h64,0.001,0.0,1.08598,0.99976,4146
34,0,star_sign,mlp_h128,0.001,0.0,0.34365,1.0,4146
34,0,star_sign,attention,0.0001,1e-05,2.42186,1.0,4146
34,0,star_sign,shuffled,0.01,0.0001,2.96641,0.13845,4146
34,4,age_bin,ema_lr1e-3,0.001,0.0001,1.46027,0.42909,4146
34,4,age_bin,ema_lr5e-3,0.005,0.0001,1.34126,0.37699,4146
34,4,age_bin,ema_lr1e-2,0.01,0.0001,1.08244,0.47877,4146
34,4,age_bin,ema_lr5e-2,0.05,0.0001,0.55613,0.8671,4146
34,4,age_bin,ema_lr1e-2_wd1e-3,0.01,0.001,1.15574,0.43198,4146
34,4,age_bin,ema_d0.99,0.01,0.0001,1.15356,0.43102,4146
34,4,age_bin,ema_d0.9999,0.01,0.0001,1.19716,0.40159,4146
34,4,age_bin,mlp_h16,0.001,0.0,0.42564,1.0,4146
34,4,age_bin,mlp_h32,0.001,0.0,0.41262,1.0,4146
34,4,age_bin,mlp_h64,0.001,0.0,0.18026,1.0,4146
34,4,age_bin,mlp_h128,0.001,0.0,0.08213,1.0,4146
34,4,age_bin,attention,0.0001,1e-05,0.57271,1.0,4146
34,4,age_bin,shuffled,0.01,0.0001,1.19756,0.39677,4146
34,4,gender,ema_lr1e-3,0.001,0.0001,1.00882,0.48553,4146
34,4,gender,ema_lr5e-3,0.005,0.0001,0.98636,0.47492,4146
34,4,gender,ema_lr1e-2,0.01,0.0001,0.92647,0.48722,4146
34,4,gender,ema_lr5e-2,0.05,0.0001,0.75656,0.50362,4146
34,4,gender,ema_lr1e-2_wd1e-3,0.01,0.001,0.89338,0.51254,4146
34,4,gender,ema_d0.99,0.01,0.0001,0.85412,0.48842,4146
34,4,gender,ema_d0.9999,0.01,0.0001,0.88065,0.49349,4146
34,4,gender,mlp_h16,0.001,0.0,0.69392,0.5082,4146
34,4,gender,mlp_h32,0.001,0.0,0.6951,0.50699,4146
34,4,gender,mlp_h64,0.001,0.0,0.69627,0.49952,4146
34,4,gender,mlp_h128,0.001,0.0,0.69881,0.50651,4146
34,4,gender,attention,0.0001,1e-05,0.69067,0.53906,4146
34,4,gender,shuffled,0.01,0.0001,0.8831,0.50458,4146
34,4,star_sign,ema_lr1e-3,0.001,0.0001,3.1246,0.11626,4146
34,4,star_sign,ema_lr5e-3,0.005,0.0001,2.92333,0.09407,4146
34,4,star_sign,ema_lr1e-2,0.01,0.0001,2.75802,0.12952,4146
34,4,star_sign,ema_lr5e-2,0.05,0.0001,1.51153,0.59165,4146
34,4,star_sign,ema_lr1e-2_wd1e-3,0.01,0.001,2.8226,0.12566,4146
34,4,star_sign,ema_d0.99,0.01,0.0001,2.72699,0.20285,4146
34,4,star_sign,ema_d0.9999,0.01,0.0001,2.66381,0.13652,4146
34,4,star_sign,mlp_h16,0.001,0.0,2.27646,0.14906,4146
34,4,star_sign,mlp_h32,0.001,0.0,1.31774,0.99542,4146
34,4,star_sign,mlp_h64,0.001,0.0,1.00243,1.0,4146
34,4,star_sign,mlp_h128,0.001,0.0,0.29811,1.0,4146
34,4,star_sign,attention,0.0001,1e-05,2.27185,0.9375,4146
34,4,star_sign,shuffled,0.01,0.0001,2.70168,0.14062,4146
34,6,age_bin,ema_lr1e-3,0.001,0.0001,1.71633,0.29064,4146
34,6,age_bin,ema_lr5e-3,0.005,0.0001,1.47427,0.35263,4146
34,6,age_bin,ema_lr1e-2,0.01,0.0001,1.32047,0.40352,4146
34,6,age_bin,ema_lr5e-2,0.05,0.0001,0.55225,0.84684,4146
34,6,age_bin,ema_lr1e-2_wd1e-3,0.01,0.001,1.30526,0.38205,4146
34,6,age_bin,ema_d0.99,0.01,0.0001,1.28601,0.44911,4146
34,6,age_bin,ema_d0.9999,0.01,0.0001,1.19445,0.43994,4146
34,6,age_bin,mlp_h16,0.001,0.0,0.6176,0.97733,4146
34,6,age_bin,mlp_h32,0.001,0.0,0.49217,0.99807,4146
34,6,age_bin,mlp_h64,0.001,0.0,0.21241,1.0,4146
34,6,age_bin,mlp_h128,0.001,0.0,0.07754,1.0,4146
34,6,age_bin,attention,0.0001,1e-05,0.03744,0.99219,4146
34,6,age_bin,shuffled,0.01,0.0001,1.19027,0.41751,4146
34,6,gender,ema_lr1e-3,0.001,0.0001,1.06231,0.50458,4146
34,6,gender,ema_lr5e-3,0.005,0.0001,0.99521,0.49204,4146
34,6,gender,ema_lr1e-2,0.01,0.0001,0.93839,0.50145,4146
34,6,gender,ema_lr5e-2,0.05,0.0001,0.74311,0.54776,4146
34,6,gender,ema_lr1e-2_wd1e-3,0.01,0.001,0.97587,0.47998,4146
34,6,gender,ema_d0.99,0.01,0.0001,0.95609,0.4889,4146
34,6,gender,ema_d0.9999,0.01,0.0001,0.97731,0.49976,4146
34,6,gender,mlp_h16,0.001,0.0,0.695,0.50941,4146
34,6,gender,mlp_h32,0.001,0.0,0.69879,0.49928,4146
34,6,gender,mlp_h64,0.001,0.0,0.69496,0.51423,4146
34,6,gender,mlp_h128,0.001,0.0,0.69192,0.52557,4146
34,6,gender,attention,0.0001,1e-05,1.93557,0.58594,4146
34,6,gender,shuffled,0.01,0.0001,0.93476,0.50917,4146
34,6,star_sign,ema_lr1e-3,0.001,0.0001,3.26155,0.06561,4146
34,6,star_sign,ema_lr5e-3,0.005,0.0001,2.92811,0.14568,4146
34,6,star_sign,ema_lr1e-2,0.01,0.0001,2.89413,0.11095,4146
34,6,star_sign,ema_lr5e-2,0.05,0.0001,1.62667,0.51375,4146
34,6,star_sign,ema_lr1e-2_wd1e-3,0.01,0.001,2.78374,0.11384,4146
34,6,star_sign,ema_d0.99,0.01,0.0001,2.95165,0.1206,4146
34,6,star_sign,ema_d0.9999,0.01,0.0001,2.81319,0.12084,4146
34,6,star_sign,mlp_h16,0.001,0.0,2.05056,0.49228,4146
34,6,star_sign,mlp_h32,0.001,0.0,1.2154,1.0,4146
34,6,star_sign,mlp_h64,0.001,0.0,1.01148,1.0,4146
34,6,star_sign,mlp_h128,0.001,0.0,0.23985,1.0,4146
34,6,star_sign,attention,0.0001,1e-05,2.55429,0.70312,4146
34,6,star_sign,shuffled,0.01,0.0001,2.81794,0.13242,4146
35,0,age_bin,ema_lr1e-3,0.001,0.0001,1.51165,0.38019,3877
35,0,age_bin,ema_lr5e-3,0.005,0.0001,1.46653,0.41708,3877
35,0,age_bin,ema_lr1e-2,0.01,0.0001,1.23461,0.43384,3877
35,0,age_bin,ema_lr5e-2,0.05,0.0001,0.56006,0.84395,3877
35,0,age_bin,ema_lr1e-2_wd1e-3,0.01,0.001,1.26776,0.4034,3877
35,0,age_bin,ema_d0.99,0.01,0.0001,1.31385,0.45319,3877
35,0,age_bin,ema_d0.9999,0.01,0.0001,1.29441,0.41166,3877
35,0,age_bin,mlp_h16,0.001,0.0,0.71029,0.92597,3877
35,0,age_bin,mlp_h32,0.001,0.0,0.52939,0.99974,3877
35,0,age_bin,mlp_h64,0.001,0.0,0.20341,1.0,3877
35,0,age_bin,mlp_h128,0.001,0.0,0.06796,1.0,3877
35,0,age_bin,attention,0.0001,1e-05,1.05492,1.0,3877
35,0,age_bin,shuffled,0.01,0.0001,1.22436,0.37787,3877
35,0,gender,ema_lr1e-3,0.001,0.0001,1.07537,0.50529,3877
35,0,gender,ema_lr5e-3,0.005,0.0001,1.02102,0.49316,3877
35,0,gender,ema_lr1e-2,0.01,0.0001,0.94023,0.49316,3877
35,0,gender,ema_lr5e-2,0.05,0.0001,0.79099,0.51045,3877
35,0,gender,ema_lr1e-2_wd1e-3,0.01,0.001,1.0508,0.48775,3877
35,0,gender,ema_d0.99,0.01,0.0001,0.95275,0.50761,3877
35,0,gender,ema_d0.9999,0.01,0.0001,0.97097,0.51354,3877
35,0,gender,mlp_h16,0.001,0.0,0.69643,0.49678,3877
35,0,gender,mlp_h32,0.001,0.0,0.69357,0.50967,3877
35,0,gender,mlp_h64,0.001,0.0,0.69167,0.51844,3877
35,0,gender,mlp_h128,0.001,0.0,0.69508,0.51174,3877
35,0,gender,attention,0.0001,1e-05,0.6933,0.53906,3877
35,0,gender,shuffled,0.01,0.0001,0.97805,0.51251,3877
35,0,star_sign,ema_lr1e-3,0.001,0.0001,3.20574,0.14418,3877
35,0,star_sign,ema_lr5e-3,0.005,0.0001,3.02643,0.09776,3877
35,0,star_sign,ema_lr1e-2,0.01,0.0001,2.81983,0.13928,3877
35,0,star_sign,ema_lr5e-2,0.05,0.0001,1.64615,0.55765,3877
35,0,star_sign,ema_lr1e-2_wd1e-3,0.01,0.001,2.86955,0.12768,3877
35,0,star_sign,ema_d0.99,0.01,0.0001,2.876,0.10601,3877
35,0,star_sign,ema_d0.9999,0.01,0.0001,2.81637,0.17926,3877
35,0,star_sign,mlp_h16,0.001,0.0,1.36143,0.9969,3877
35,0,star_sign,mlp_h32,0.001,0.0,1.37537,0.99562,3877
35,0,star_sign,mlp_h64,0.001,0.0,1.03798,1.0,3877
35,0,star_sign,mlp_h128,0.001,0.0,0.31109,1.0,3877
35,0,star_sign,attention,0.0001,1e-05,2.42155,1.0,3877
35,0,star_sign,shuffled,0.01,0.0001,2.8884,0.15295,3877
35,4,age_bin,ema_lr1e-3,0.001,0.0001,1.49192,0.42456,3877
35,4,age_bin,ema_lr5e-3,0.005,0.0001,1.34974,0.374,3877
35,4,age_bin,ema_lr1e-2,0.01,0.0001,1.11926,0.45602,3877
35,4,age_bin,ema_lr5e-2,0.05,0.0001,0.51328,0.89554,3877
35,4,age_bin,ema_lr1e-2_wd1e-3,0.01,0.001,1.13411,0.44287,3877
35,4,age_bin,ema_d0.99,0.01,0.0001,1.1624,0.44235,3877
35,4,age_bin,ema_d0.9999,0.01,0.0001,1.16878,0.41475,3877
35,4,age_bin,mlp_h16,0.001,0.0,0.41141,1.0,3877
35,4,age_bin,mlp_h32,0.001,0.0,0.3882,0.99974,3877
35,4,age_bin,mlp_h64,0.001,0.0,0.16711,1.0,3877
35,4,age_bin,mlp_h128,0.001,0.0,0.07436,1.0,3877
35,4,age_bin,attention,0.0001,1e-05,0.55238,1.0,3877
35,4,age_bin,shuffled,0.01,0.0001,1.16802,0.39773,3877
35,4,gender,ema_lr1e-3,0.001,0.0001,1.01516,0.47614,3877
35,4,gender,ema_lr5e-3,0.005,0.0001,0.91652,0.52463,3877
35,4,gender,ema_lr1e-2,0.01,0.0001,0.91549,0.49084,3877
35,4,gender,ema_lr5e-2,0.05,0.0001,0.74345,0.51715,3877
35,4,gender,ema_lr1e-2_wd1e-3,0.01,0.001,0.8653,0.52257,3877
35,4,gender,ema_d0.99,0.01,0.0001,0.84239,0.504,3877
35,4,gender,ema_d0.9999,0.01,0.0001,0.83209,0.5218,3877
35,4,gender,mlp_h16,0.001,0.0,0.69243,0.50993,3877
35,4,gender,mlp_h32,0.001,0.0,0.68905,0.53289,3877
35,4,gender,mlp_h64,0.001,0.0,0.69092,0.52541,3877
35,4,gender,mlp_h128,0.001,0.0,0.6908,0.53031,3877
35,4,gender,attention,0.0001,1e-05,0.68915,0.52344,3877
35,4,gender,shuffled,0.01,0.0001,0.88747,0.496,3877
35,4,star_sign,ema_lr1e-3,0.001,0.0001,3.05779,0.12587,3877
35,4,star_sign,ema_lr5e-3,0.005,0.0001,2.95149,0.09337,3877
35,4,star_sign,ema_lr1e-2,0.01,0.0001,2.70224,0.13438,3877
35,4,star_sign,ema_lr5e-2,0.05,0.0001,1.46806,0.62703,3877
35,4,star_sign,ema_lr1e-2_wd1e-3,0.01,0.001,2.79837,0.11633,3877
35,4,star_sign,ema_d0.99,0.01,0.0001,2.76849,0.19577,3877
35,4,star_sign,ema_d0.9999,0.01,0.0001,2.65545,0.1398,3877
35,4,star_sign,mlp_h16,0.001,0.0,2.25443,0.16766,3877
35,4,star_sign,mlp_h32,0.001,0.0,1.26105,0.99768,3877
35,4,star_sign,mlp_h64,0.001,0.0,0.94469,0.99974,3877
35,4,star_sign,mlp_h128,0.001,0.0,0.26272,1.0,3877
35,4,star_sign,attention,0.0001,1e-05,2.26712,0.95312,3877
35,4,star_sign,shuffled,0.01,0.0001,2.74563,0.12381,3877
35,6,age_bin,ema_lr1e-3,0.001,0.0001,1.66405,0.29327,3877
35,6,age_bin,ema_lr5e-3,0.005,0.0001,1.53625,0.33841,3877
35,6,age_bin,ema_lr1e-2,0.01,0.0001,1.34744,0.39799,3877
35,6,age_bin,ema_lr5e-2,0.05,0.0001,0.5392,0.85917,3877
35,6,age_bin,ema_lr1e-2_wd1e-3,0.01,0.001,1.26677,0.40495,3877
35,6,age_bin,ema_d0.99,0.01,0.0001,1.29481,0.42404,3877
35,6,age_bin,ema_d0.9999,0.01,0.0001,1.24454,0.42198,3877
35,6,age_bin,mlp_h16,0.001,0.0,0.60304,0.98607,3877
35,6,age_bin,mlp_h32,0.001,0.0,0.47572,0.99897,3877
35,6,age_bin,mlp_h64,0.001,0.0,0.19249,1.0,3877
35,6,age_bin,mlp_h128,0.001,0.0,0.06869,1.0,3877
35,6,age_bin,attention,0.0001,1e-05,0.14535,0.98438,3877
35,6,age_bin,shuffled,0.01,0.0001,1.19354,0.42559,3877
35,6,gender,ema_lr1e-3,0.001,0.0001,1.00399,0.51612,3877
35,6,gender,ema_lr5e-3,0.005,0.0001,1.04394,0.4617,3877
35,6,gender,ema_lr1e-2,0.01,0.0001,0.91997,0.49936,3877
35,6,gender,ema_lr5e-2,0.05,0.0001,0.75288,0.52489,3877
35,6,gender,ema_lr1e-2_wd1e-3,0.01,0.001,0.94811,0.49316,3877
35,6,gender,ema_d0.99,0.01,0.0001,0.91804,0.50916,3877
35,6,gender,ema_d0.9999,0.01,0.0001,0.95051,0.50812,3877
35,6,gender,mlp_h16,0.001,0.0,0.69336,0.51689,3877
35,6,gender,mlp_h32,0.001,0.0,0.69204,0.52489,3877
35,6,gender,mlp_h64,0.001,0.0,0.69085,0.52721,3877
35,6,gender,mlp_h128,0.001,0.0,0.68934,0.52386,3877
35,6,gender,attention,0.0001,1e-05,1.81776,0.5,3877
35,6,gender,shuffled,0.01,0.0001,0.91558,0.50426,3877
35,6,star_sign,ema_lr1e-3,0.001,0.0001,3.10009,0.10343,3877
35,6,star_sign,ema_lr5e-3,0.005,0.0001,3.08535,0.12742,3877
35,6,star_sign,ema_lr1e-2,0.01,0.0001,2.97006,0.08589,3877
35,6,star_sign,ema_lr5e-2,0.05,0.0001,1.64141,0.50993,3877
35,6,star_sign,ema_lr1e-2_wd1e-3,0.01,0.001,2.93695,0.08383,3877
35,6,star_sign,ema_d0.99,0.01,0.0001,2.82244,0.12432,3877
35,6,star_sign,ema_d0.9999,0.01,0.0001,2.87061,0.122,3877
35,6,star_sign,mlp_h16,0.001,0.0,2.02562,0.52128,3877
35,6,star_sign,mlp_h32,0.001,0.0,1.16243,0.99974,3877
35,6,star_sign,mlp_h64,0.001,0.0,0.96405,1.0,3877
35,6,star_sign,mlp_h128,0.001,0.0,0.20664,1.0,3877
35,6,star_sign,attention,0.0001,1e-05,2.10424,0.70312,3877
35,6,star_sign,shuffled,0.01,0.0001,2.85791,0.11478,3877
36,0,age_bin,ema_lr1e-3,0.001,0.0001,1.50071,0.37959,3999
36,0,age_bin,ema_lr5e-3,0.005,0.0001,1.4535,0.4186,3999
36,0,age_bin,ema_lr1e-2,0.01,0.0001,1.25268,0.4136,3999
36,0,age_bin,ema_lr5e-2,0.05,0.0001,0.53745,0.87147,3999
36,0,age_bin,ema_lr1e-2_wd1e-3,0.01,0.001,1.24737,0.41785,3999
36,0,age_bin,ema_d0.99,0.01,0.0001,1.35231,0.44261,3999
36,0,age_bin,ema_d0.9999,0.01,0.0001,1.29862,0.40785,3999
36,0,age_bin,mlp_h16,0.001,0.0,0.68937,0.93823,3999
36,0,age_bin,mlp_h32,0.001,0.0,0.51354,1.0,3999
36,0,age_bin,mlp_h64,0.001,0.0,0.1892,1.0,3999
36,0,age_bin,mlp_h128,0.001,0.0,0.06319,1.0,3999
36,0,age_bin,attention,0.0001,1e-05,1.05408,1.0,3999
36,0,age_bin,shuffled,0.01,0.0001,1.21673,0.37659,3999
36,0,gender,ema_lr1e-3,0.001,0.0001,1.05531,0.49862,3999
36,0,gender,ema_lr5e-3,0.005,0.0001,1.02347,0.48662,3999
36,0,gender,ema_lr1e-2,0.01,0.0001,0.93152,0.50038,3999
36,0,gender,ema_lr5e-2,0.05,0.0001,0.79515,0.50338,3999
36,0,gender,ema_lr1e-2_wd1e-3,0.01,0.001,1.05203,0.49812,3999
36,0,gender,ema_d0.99,0.01,0.0001,0.95592,0.50688,3999
36,0,gender,ema_d0.9999,0.01,0.0001,0.99392,0.50738,3999
36,0,gender,mlp_h16,0.001,0.0,0.6935,0.50038,3999
36,0,gender,mlp_h32,0.001,0.0,0.69377,0.51588,3999
36,0,gender,mlp_h64,0.001,0.0,0.69585,0.49812,3999
36,0,gender,mlp_h128,0.001,0.0,0.69675,0.49512,3999
36,0,gender,attention,0.0001,1e-05,0.69288,0.53906,3999
36,0,gender,shuffled,0.01,0.0001,0.98257,0.49637,3999
36,0,star_sign,ema_lr1e-3,0.001,0.0001,3.23381,0.15154,3999
36,0,star_sign,ema_lr5e-3,0.005,0.0001,3.01643,0.10978,3999
36,0,star_sign,ema_lr1e-2,0.01,0.0001,2.77612,0.14204,3999
36,0,star_sign,ema_lr5e-2,0.05,0.0001,1.5971,0.56914,3999
36,0,star_sign,ema_lr1e-2_wd1e-3,0.01,0.001,2.89891,0.12353,3999
36,0,star_sign,ema_d0.99,0.01,0.0001,2.84069,0.10653,3999
36,0,star_sign,ema_d0.9999,0.01,0.0001,2.78271,0.1843,3999
36,0,star_sign,mlp_h16,0.001,0.0,1.3363,0.99625,3999
36,0,star_sign,mlp_h32,0.001,0.0,1.33336,0.9975,3999
36,0,star_sign,mlp_h64,0.001,0.0,0.98593,1.0,3999
36,0,star_sign,mlp_h128,0.001,0.0,0.28129,1.0,3999
36,0,star_sign,attention,0.0001,1e-05,2.4199,1.0,3999
36,0,star_sign,shuffled,0.01,0.0001,2.87335,0.14654,3999
36,4,age_bin,ema_lr1e-3,0.001,0.0001,1.50132,0.4191,3999
36,4,age_bin,ema_lr5e-3,0.005,0.0001,1.34873,0.37059,3999
36,4,age_bin,ema_lr1e-2,0.01,0.0001,1.08301,0.46887,3999
36,4,age_bin,ema_lr5e-2,0.05,0.0001,0.51598,0.89697,3999
36,4,age_bin,ema_lr1e-2_wd1e-3,0.01,0.001,1.12977,0.44236,3999
36,4,age_bin,ema_d0.99,0.01,0.0001,1.1928,0.42861,3999
36,4,age_bin,ema_d0.9999,0.01,0.0001,1.18128,0.3946,3999
36,4,age_bin,mlp_h16,0.001,0.0,0.40429,1.0,3999
36,4,age_bin,mlp_h32,0.001,0.0,0.3687,1.0,3999
36,4,age_bin,mlp_h64,0.001,0.0,0.15701,1.0,3999
36,4,age_bin,mlp_h128,0.001,0.0,0.06863,1.0,3999
36,4,age_bin,attention,0.0001,1e-05,0.54406,1.0,3999
36,4,age_bin,shuffled,0.01,0.0001,1.17241,0.39485,3999
36,4,gender,ema_lr1e-3,0.001,0.0001,0.94209,0.51788,3999
36,4,gender,ema_lr5e-3,0.005,0.0001,0.97197,0.47787,3999
36,4,gender,ema_lr1e-2,0.01,0.0001,0.92606,0.47962,3999
36,4,gender,ema_lr5e-2,0.05,0.0001,0.77119,0.49637,3999
36,4,gender,ema_lr1e-2_wd1e-3,0.01,0.001,0.91437,0.48462,3999
36,4,gender,ema_d0.99,0.01,0.0001,0.81494,0.52038,3999
36,4,gender,ema_d0.9999,0.01,0.0001,0.885,0.50138,3999
36,4,gender,mlp_h16,0.001,0.0,0.69319,0.52088,3999
36,4,gender,mlp_h32,0.001,0.0,0.69454,0.51338,3999
36,4,gender,mlp_h64,0.001,0.0,0.69186,0.53263,3999
36,4,gender,mlp_h128,0.001,0.0,0.69401,0.52113,3999
36,4,gender,attention,0.0001,1e-05,0.69498,0.52344,3999
36,4,gender,shuffled,0.01,0.0001,0.87454,0.49962,3999
36,4,star_sign,ema_lr1e-3,0.001,0.0001,3.1076,0.11003,3999
36,4,star_sign,ema_lr5e-3,0.005,0.0001,2.89704,0.10153,3999
36,4,star_sign,ema_lr1e-2,0.01,0.0001,2.66367,0.14904,3999
36,4,star_sign,ema_lr5e-2,0.05,0.0001,1.452,0.63516,3999
36,4,star_sign,ema_lr1e-2_wd1e-3,0.01,0.001,2.74464,0.13428,3999
36,4,star_sign,ema_d0.99,0.01,0.0001,2.7061,0.18755,3999
36,4,star_sign,ema_d0.9999,0.01,0.0001,2.65483,0.13303,3999
36,4,star_sign,mlp_h16,0.001,0.0,2.2535,0.16329,3999
36,4,star_sign,mlp_h32,0.001,0.0,1.23524,0.998,3999
36,4,star_sign,mlp_h64,0.001,0.0,0.89512,1.0,3999
36,4,star_sign,mlp_h128,0.001,0.0,0.23671,1.0,3999
36,4,star_sign,attention,0.0001,1e-05,2.25392,0.97656,3999
36,4,star_sign,shuffled,0.01,0.0001,2.65698,0.15079,3999
36,6,age_bin,ema_lr1e-3,0.001,0.0001,1.62317,0.30883,3999
36,6,age_bin,ema_lr5e-3,0.005,0.0001,1.46305,0.36634,3999
36,6,age_bin,ema_lr1e-2,0.01,0.0001,1.20108,0.46012,3999
36,6,age_bin,ema_lr5e-2,0.05,0.0001,0.54138,0.85846,3999
36,6,age_bin,ema_lr1e-2_wd1e-3,0.01,0.001,1.28645,0.4031,3999
36,6,age_bin,ema_d0.99,0.01,0.0001,1.33588,0.42311,3999
36,6,age_bin,ema_d0.9999,0.01,0.0001,1.22662,0.40835,3999
36,6,age_bin,mlp_h16,0.001,0.0,0.59587,0.98475,3999
36,6,age_bin,mlp_h32,0.001,0.0,0.4666,0.99925,3999
36,6,age_bin,mlp_h64,0.001,0.0,0.18756,1.0,3999
36,6,age_bin,mlp_h128,0.001,0.0,0.06496,1.0,3999
36,6,age_bin,attention,0.0001,1e-05,0.09027,0.97656,3999
36,6,age_bin,shuffled,0.01,0.0001,1.22447,0.4086,3999
36,6,gender,ema_lr1e-3,0.001,0.0001,1.05373,0.48662,3999
36,6,gender,ema_lr5e-3,0.005,0.0001,1.00321,0.49837,3999
36,6,gender,ema_lr1e-2,0.01,0.0001,0.90274,0.52438,3999
36,6,gender,ema_lr5e-2,0.05,0.0001,0.76086,0.52513,3999
36,6,gender,ema_lr1e-2_wd1e-3,0.01,0.001,0.97878,0.49212,3999
36,6,gender,ema_d0.99,0.01,0.0001,1.01129,0.46612,3999
36,6,gender,ema_d0.9999,0.01,0.0001,0.95988,0.50763,3999
36,6,gender,mlp_h16,0.001,0.0,0.6885,0.53238,3999
36,6,gender,mlp_h32,0.001,0.0,0.6935,0.52813,3999
36,6,gender,mlp_h64,0.001,0.0,0.68084,0.56989,3999
36,6,gender,mlp_h128,0.001,0.0,0.68431,0.55439,3999
36,6,gender,attention,0.0001,1e-05,2.25111,0.5,3999
36,6,gender,shuffled,0.01,0.0001,0.92098,0.49562,3999
36,6,star_sign,ema_lr1e-3,0.001,0.0001,3.11738,0.09677,3999
36,6,star_sign,ema_lr5e-3,0.005,0.0001,3.0149,0.12578,3999
36,6,star_sign,ema_lr1e-2,0.01,0.0001,2.87519,0.09877,3999
36,6,star_sign,ema_lr5e-2,0.05,0.0001,1.59745,0.53788,3999
36,6,star_sign,ema_lr1e-2_wd1e-3,0.01,0.001,2.85116,0.09127,3999
36,6,star_sign,ema_d0.99,0.01,0.0001,2.9217,0.11653,3999
36,6,star_sign,ema_d0.9999,0.01,0.0001,2.87643,0.11803,3999
36,6,star_sign,mlp_h16,0.001,0.0,1.99647,0.53988,3999
36,6,star_sign,mlp_h32,0.001,0.0,1.13044,1.0,3999
36,6,star_sign,mlp_h64,0.001,0.0,0.90767,1.0,3999
36,6,star_sign,mlp_h128,0.001,0.0,0.19917,1.0,3999
36,6,star_sign,attention,0.0001,1e-05,2.00922,0.74219,3999
36,6,star_sign,shuffled,0.01,0.0001,2.88234,0.11628,3999
37,0,age_bin,ema_lr1e-3,0.001,0.0001,1.4828,0.39338,4080
37,0,age_bin,ema_lr5e-3,0.005,0.0001,1.4579,0.41765,4080
37,0,age_bin,ema_lr1e-2,0.01,0.0001,1.22168,0.44118,4080
37,0,age_bin,ema_lr5e-2,0.05,0.0001,0.52543,0.8777,4080
37,0,age_bin,ema_lr1e-2_wd1e-3,0.01,0.001,1.22118,0.42328,4080
37,0,age_bin,ema_d0.99,0.01,0.0001,1.31826,0.44975,4080
37,0,age_bin,ema_d0.9999,0.01,0.0001,1.25623,0.41642,4080
37,0,age_bin,mlp_h16,0.001,0.0,0.68433,0.94167,4080
37,0,age_bin,mlp_h32,0.001,0.0,0.49998,0.99975,4080
37,0,age_bin,mlp_h64,0.001,0.0,0.18043,1.0,4080
37,0,age_bin,mlp_h128,0.001,0.0,0.05901,1.0,4080
37,0,age_bin,attention,0.0001,1e-05,1.05349,1.0,4080
37,0,age_bin,shuffled,0.01,0.0001,1.21573,0.37696,4080
37,0,gender,ema_lr1e-3,0.001,0.0001,1.04392,0.51936,4080
37,0,gender,ema_lr5e-3,0.005,0.0001,1.01738,0.49779,4080
37,0,gender,ema_lr1e-2,0.01,0.0001,0.92825,0.50368,4080
37,0,gender,ema_lr5e-2,0.05,0.0001,0.79087,0.49877,4080
37,0,gender,ema_lr1e-2_wd1e-3,0.01,0.001,1.03845,0.50833,4080
37,0,gender,ema_d0.99,0.01,0.0001,0.96144,0.50441,4080
37,0,gender,ema_d0.9999,0.01,0.0001,0.98675,0.50368,4080
37,0,gender,mlp_h16,0.001,0.0,0.69563,0.50074,4080
37,0,gender,mlp_h32,0.001,0.0,0.69496,0.4902,4080
37,0,gender,mlp_h64,0.001,0.0,0.69451,0.49608,4080
37,0,gender,mlp_h128,0.001,0.0,0.69454,0.49167,4080
37,0,gender,attention,0.0001,1e-05,0.69289,0.49219,4080
37,0,gender,shuffled,0.01,0.0001,0.97641,0.49167,4080
37,0,star_sign,ema_lr1e-3,0.001,0.0001,3.18379,0.14706,4080
37,0,star_sign,ema_lr5e-3,0.005,0.0001,3.00893,0.10784,4080
37,0,star_sign,ema_lr1e-2,0.01,0.0001,2.79889,0.14632,4080
37,0,star_sign,ema_lr5e-2,0.05,0.0001,1.53523,0.59338,4080
37,0,star_sign,ema_lr1e-2_wd1e-3,0.01,0.001,2.85586,0.12304,4080
37,0,star_sign,ema_d0.99,0.01,0.0001,2.82043,0.10907,4080
37,0,star_sign,ema_d0.9999,0.01,0.0001,2.77568,0.18529,4080
37,0,star_sign,mlp_h16,0.001,0.0,1.30965,0.99804,4080
37,0,star_sign,mlp_h32,0.001,0.0,1.31777,0.99632,4080
37,0,star_sign,mlp_h64,0.001,0.0,0.94688,1.0,4080
37,0,star_sign,mlp_h128,0.001,0.0,0.25886,1.0,4080
37,0,star_sign,attention,0.0001,1e-05,2.41755,1.0,4080
37,0,star_sign,shuffled,0.01,0.0001,2.85237,0.14853,4080
37,4,age_bin,ema_lr1e-3,0.001,0.0001,1.44609,0.42941,4080
37,4,age_bin,ema_lr5e-3,0.005,0.0001,1.33281,0.37892,4080
37,4,age_bin,ema_lr1e-2,0.01,0.0001,1.05407,0.48725,4080
37,4,age_bin,ema_lr5e-2,0.05,0.0001,0.48525,0.90711,4080
37,4,age_bin,ema_lr1e-2_wd1e-3,0.01,0.001,1.11707,0.44853,4080
37,4,age_bin,ema_d0.99,0.01,0.0001,1.11514,0.46029,4080
37,4,age_bin,ema_d0.9999,0.01,0.0001,1.1349,0.42819,4080
37,4,age_bin,mlp_h16,0.001,0.0,0.39051,1.0,4080
37,4,age_bin,mlp_h32,0.001,0.0,0.36122,1.0,4080
37,4,age_bin,mlp_h64,0.001,0.0,0.14478,1.0,4080
37,4,age_bin,mlp_h128,0.001,0.0,0.06414,1.0,4080
37,4,age_bin,attention,0.0001,1e-05,0.53064,1.0,4080
37,4,age_bin,shuffled,0.01,0.0001,1.17509,0.39118,4080
37,4,gender,ema_lr1e-3,0.001,0.0001,0.93112,0.51152,4080
37,4,gender,ema_lr5e-3,0.005,0.0001,0.94451,0.49412,4080
37,4,gender,ema_lr1e-2,0.01,0.0001,0.87871,0.51127,4080
37,4,gender,ema_lr5e-2,0.05,0.0001,0.74171,0.52549,4080
37,4,gender,ema_lr1e-2_wd1e-3,0.01,0.001,0.88651,0.50392,4080
37,4,gender,ema_d0.99,0.01,0.0001,0.85477,0.49069,4080
37,4,gender,ema_d0.9999,0.01,0.0001,0.89749,0.48922,4080
37,4,gender,mlp_h16,0.001,0.0,0.69537,0.50049,4080
37,4,gender,mlp_h32,0.001,0.0,0.69544,0.50466,4080
37,4,gender,mlp_h64,0.001,0.0,0.69438,0.51618,4080
37,4,gender,mlp_h128,0.001,0.0,0.69252,0.52574,4080
37,4,gender,attention,0.0001,1e-05,0.69599,0.5,4080
37,4,gender,shuffled,0.01,0.0001,0.87283,0.49387,4080
37,4,star_sign,ema_lr1e-3,0.001,0.0001,3.09172,0.11789,4080
37,4,star_sign,ema_lr5e-3,0.005,0.0001,2.91222,0.09461,4080
37,4,star_sign,ema_lr1e-2,0.01,0.0001,2.73441,0.14779,4080
37,4,star_sign,ema_lr5e-2,0.05,0.0001,1.40935,0.66397,4080
37,4,star_sign,ema_lr1e-2_wd1e-3,0.01,0.001,2.72284,0.13946,4080
37,4,star_sign,ema_d0.99,0.01,0.0001,2.68852,0.20515,4080
37,4,star_sign,ema_d0.9999,0.01,0.0001,2.57362,0.15539,4080
37,4,star_sign,mlp_h16,0.001,0.0,2.23248,0.18333,4080
37,4,star_sign,mlp_h32,0.001,0.0,1.20162,0.99951,4080
37,4,star_sign,mlp_h64,0.001,0.0,0.84935,1.0,4080
37,4,star_sign,mlp_h128,0.001,0.0,0.21248,1.0,4080
37,4,star_sign,attention,0.0001,1e-05,2.24432,0.98438,4080
37,4,star_sign,shuffled,0.01,0.0001,2.63133,0.14657,4080
37,6,age_bin,ema_lr1e-3,0.001,0.0001,1.76177,0.2652,4080
37,6,age_bin,ema_lr5e-3,0.005,0.0001,1.45538,0.3473,4080
37,6,age_bin,ema_lr1e-2,0.01,0.0001,1.31238,0.39779,4080
37,6,age_bin,ema_lr5e-2,0.05,0.0001,0.52456,0.87549,4080
37,6,age_bin,ema_lr1e-2_wd1e-3,0.01,0.001,1.26243,0.39926,4080
37,6,age_bin,ema_d0.99,0.01,0.0001,1.27532,0.44436,4080
37,6,age_bin,ema_d0.9999,0.01,0.0001,1.20149,0.42819,4080
37,6,age_bin,mlp_h16,0.001,0.0,0.57247,0.9875,4080
37,6,age_bin,mlp_h32,0.001,0.0,0.44298,0.99951,4080
37,6,age_bin,mlp_h64,0.001,0.0,0.1766,1.0,4080
37,6,age_bin,mlp_h128,0.001,0.0,0.05965,1.0,4080
37,6,age_bin,attention,0.0001,1e-05,0.0,1.0,4080
37,6,age_bin,shuffled,0.01,0.0001,1.17018,0.43554,4080
37,6,gender,ema_lr1e-3,0.001,0.0001,0.95383,0.55613,4080
37,6,gender,ema_lr5e-3,0.005,0.0001,0.99594,0.49142,4080
37,6,gender,ema_lr1e-2,0.01,0.0001,0.88492,0.52304,4080
37,6,gender,ema_lr5e-2,0.05,0.0001,0.80725,0.4674,4080
37,6,gender,ema_lr1e-2_wd1e-3,0.01,0.001,0.96743,0.48578,4080
37,6,gender,ema_d0.99,0.01,0.0001,0.93421,0.50343,4080
37,6,gender,ema_d0.9999,0.01,0.0001,0.94851,0.50784,4080
37,6,gender,mlp_h16,0.001,0.0,0.69082,0.53015,4080
37,6,gender,mlp_h32,0.001,0.0,0.69742,0.51912,4080
37,6,gender,mlp_h64,0.001,0.0,0.6956,0.52034,4080
37,6,gender,mlp_h128,0.001,0.0,0.69544,0.52279,4080
37,6,gender,attention,0.0001,1e-05,1.89167,0.61719,4080
37,6,gender,shuffled,0.01,0.0001,0.9186,0.50049,4080
37,6,star_sign,ema_lr1e-3,0.001,0.0001,3.13868,0.08701,4080
37,6,star_sign,ema_lr5e-3,0.005,0.0001,2.96759,0.13971,4080
37,6,star_sign,ema_lr1e-2,0.01,0.0001,2.84498,0.11887,4080
37,6,star_sign,ema_lr5e-2,0.05,0.0001,1.58754,0.53064,4080
37,6,star_sign,ema_lr1e-2_wd1e-3,0.01,0.001,2.81953,0.09412,4080
37,6,star_sign,ema_d0.99,0.01,0.0001,2.92472,0.11225,4080
37,6,star_sign,ema_d0.9999,0.01,0.0001,2.81902,0.11789,4080
37,6,star_sign,mlp_h16,0.001,0.0,1.98306,0.54779,4080
37,6,star_sign,mlp_h32,0.001,0.0,1.11059,1.0,4080
37,6,star_sign,mlp_h64,0.001,0.0,0.85939,1.0,4080
37,6,star_sign,mlp_h128,0.001,0.0,0.17815,1.0,4080
37,6,star_sign,attention,0.0001,1e-05,1.92802,0.77344,4080
37,6,star_sign,shuffled,0.01,0.0001,2.78461,0.14951,4080
38,0,age_bin,ema_lr1e-3,0.001,0.0001,1.47886,0.38449,4437
38,0,age_bin,ema_lr5e-3,0.005,0.0001,1.44524,0.42326,4437
38,0,age_bin,ema_lr1e-2,0.01,0.0001,1.22175,0.43723,4437
38,0,age_bin,ema_lr5e-2,0.05,0.0001,0.5097,0.8792,4437
38,0,age_bin,ema_lr1e-2_wd1e-3,0.01,0.001,1.21806,0.44039,4437
38,0,age_bin,ema_d0.99,0.01,0.0001,1.29778,0.45391,4437
38,0,age_bin,ema_d0.9999,0.01,0.0001,1.23012,0.42709,4437
38,0,age_bin,mlp_h16,0.001,0.0,0.67031,0.93915,4437
38,0,age_bin,mlp_h32,0.001,0.0,0.4842,0.99955,4437
38,0,age_bin,mlp_h64,0.001,0.0,0.16726,1.0,4437
38,0,age_bin,mlp_h128,0.001,0.0,0.05439,1.0,4437
38,0,age_bin,attention,0.0001,1e-05,1.05149,1.0,4437
38,0,age_bin,shuffled,0.01,0.0001,1.20154,0.3881,4437
38,0,gender,ema_lr1e-3,0.001,0.0001,1.05087,0.49583,4437
38,0,gender,ema_lr5e-3,0.005,0.0001,0.99429,0.50011,4437
38,0,gender,ema_lr1e-2,0.01,0.0001,0.94377,0.49313,4437
38,0,gender,ema_lr5e-2,0.05,0.0001,0.78419,0.51071,4437
38,0,gender,ema_lr1e-2_wd1e-3,0.01,0.001,0.99652,0.50597,4437
38,0,gender,ema_d0.99,0.01,0.0001,0.99316,0.49177,4437
38,0,gender,ema_d0.9999,0.01,0.0001,1.00727,0.49425,4437
38,0,gender,mlp_h16,0.001,0.0,0.69556,0.50327,4437
38,0,gender,mlp_h32,0.001,0.0,0.69532,0.50349,4437
38,0,gender,mlp_h64,0.001,0.0,0.6932,0.50755,4437
38,0,gender,mlp_h128,0.001,0.0,0.6934,0.50732,4437
38,0,gender,attention,0.0001,1e-05,0.69289,0.53906,4437
38,0,gender,shuffled,0.01,0.0001,0.97693,0.4929,4437
38,0,star_sign,ema_lr1e-3,0.001,0.0001,3.17971,0.1465,4437
38,0,star_sign,ema_lr5e-3,0.005,0.0001,3.03023,0.10751,4437
38,0,star_sign,ema_lr1e-2,0.01,0.0001,2.79251,0.13275,4437
38,0,star_sign,ema_lr5e-2,0.05,0.0001,1.54359,0.58869,4437
38,0,star_sign,ema_lr1e-2_wd1e-3,0.01,0.001,2.86589,0.12373,4437
38,0,star_sign,ema_d0.99,0.01,0.0001,2.82676,0.09736,4437
38,0,star_sign,ema_d0.9999,0.01,0.0001,2.77633,0.18999,4437
38,0,star_sign,mlp_h16,0.001,0.0,1.27571,0.99684,4437
38,0,star_sign,mlp_h32,0.001,0.0,1.28648,0.99707,4437
38,0,star_sign,mlp_h64,0.001,0.0,0.90104,1.0,4437
38,0,star_sign,mlp_h128,0.001,0.0,0.23492,1.0,4437
38,0,star_sign,attention,0.0001,1e-05,2.41666,1.0,4437
38,0,star_sign,shuffled,0.01,0.0001,2.88934,0.14988,4437
38,4,age_bin,ema_lr1e-3,0.001,0.0001,1.4605,0.42822,4437
38,4,age_bin,ema_lr5e-3,0.005,0.0001,1.30247,0.38224,4437
38,4,age_bin,ema_lr1e-2,0.01,0.0001,1.0715,0.48141,4437
38,4,age_bin,ema_lr5e-2,0.05,0.0001,0.48499,0.90962,4437
38,4,age_bin,ema_lr1e-2_wd1e-3,0.01,0.001,1.10325,0.45954,4437
38,4,age_bin,ema_d0.99,0.01,0.0001,1.1176,0.47239,4437
38,4,age_bin,ema_d0.9999,0.01,0.0001,1.18569,0.40523,4437
38,4,age_bin,mlp_h16,0.001,0.0,0.38266,1.0,4437
38,4,age_bin,mlp_h32,0.001,0.0,0.34634,1.0,4437
38,4,age_bin,mlp_h64,0.001,0.0,0.13773,1.0,4437
38,4,age_bin,mlp_h128,0.001,0.0,0.05908,1.0,4437
38,4,age_bin,attention,0.0001,1e-05,0.52422,1.0,4437
38,4,age_bin,shuffled,0.01,0.0001,1.13883,0.40365,4437
38,4,gender,ema_lr1e-3,0.001,0.0001,0.98634,0.48411,4437
38,4,gender,ema_lr5e-3,0.005,0.0001,0.96515,0.48298,4437
38,4,gender,ema_lr1e-2,0.01,0.0001,0.87304,0.51048,4437
38,4,gender,ema_lr5e-2,0.05,0.0001,0.75429,0.51116,4437
38,4,gender,ema_lr1e-2_wd1e-3,0.01,0.001,0.89958,0.4911,4437
38,4,gender,ema_d0.99,0.01,0.0001,0.8382,0.5062,4437
38,4,gender,ema_d0.9999,0.01,0.0001,0.87559,0.49538,4437
38,4,gender,mlp_h16,0.001,0.0,0.69424,0.51499,4437
38,4,gender,mlp_h32,0.001,0.0,0.69482,0.51814,4437
38,4,gender,mlp_h64,0.001,0.0,0.69177,0.53707,4437
38,4,gender,mlp_h128,0.001,0.0,0.69046,0.53121,4437
38,4,gender,attention,0.0001,1e-05,0.69897,0.39844,4437
38,4,gender,shuffled,0.01,0.0001,0.87619,0.49222,4437
38,4,star_sign,ema_lr1e-3,0.001,0.0001,3.13538,0.11314,4437
38,4,star_sign,ema_lr5e-3,0.005,0.0001,2.91069,0.08993,4437
38,4,star_sign,ema_lr1e-2,0.01,0.0001,2.71861,0.13478,4437
38,4,star_sign,ema_lr5e-2,0.05,0.0001,1.39384,0.67726,4437
38,4,star_sign,ema_lr1e-2_wd1e-3,0.01,0.001,2.75402,0.12554,4437
38,4,star_sign,ema_d0.99,0.01,0.0001,2.66044,0.20149,4437
38,4,star_sign,ema_d0.9999,0.01,0.0001,2.66294,0.1323,4437
38,4,star_sign,mlp_h16,0.001,0.0,2.2358,0.18075,4437
38,4,star_sign,mlp_h32,0.001,0.0,1.15996,0.99865,4437
38,4,star_sign,mlp_h64,0.001,0.0,0.7989,1.0,4437
38,4,star_sign,mlp_h128,0.001,0.0,0.189,1.0,4437
38,4,star_sign,attention,0.0001,1e-05,2.23857,0.96875,4437
38,4,star_sign,shuffled,0.01,0.0001,2.59864,0.14469,4437
38,6,age_bin,ema_lr1e-3,0.001,0.0001,1.66082,0.29705,4437
38,6,age_bin,ema_lr5e-3,0.005,0.0001,1.51419,0.32635,4437
38,6,age_bin,ema_lr1e-2,0.01,0.0001,1.22369,0.44625,4437
38,6,age_bin,ema_lr5e-2,0.05,0.0001,0.49584,0.88889,4437
38,6,age_bin,ema_lr1e-2_wd1e-3,0.01,0.001,1.23878,0.4174,4437
38,6,age_bin,ema_d0.99,0.01,0.0001,1.34987,0.40252,4437
38,6,age_bin,ema_d0.9999,0.01,0.0001,1.26484,0.39306,4437
38,6,age_bin,mlp_h16,0.001,0.0,0.57073,0.98963,4437
38,6,age_bin,mlp_h32,0.001,0.0,0.42876,0.99955,4437
38,6,age_bin,mlp_h64,0.001,0.0,0.16588,1.0,4437
38,6,age_bin,mlp_h128,0.001,0.0,0.05684,1.0,4437
38,6,age_bin,attention,0.0001,1e-05,0.08634,0.97656,4437
38,6,age_bin,shuffled,0.01,0.0001,1.17474,0.42394,4437
38,6,gender,ema_lr1e-3,0.001,0.0001,1.08331,0.49425,4437
38,6,gender,ema_lr5e-3,0.005,0.0001,1.08294,0.43768,4437
38,6,gender,ema_lr1e-2,0.01,0.0001,0.86587,0.53167,4437
38,6,gender,ema_lr5e-2,0.05,0.0001,0.76758,0.5062,4437
38,6,gender,ema_lr1e-2_wd1e-3,0.01,0.001,0.96968,0.47352,4437
38,6,gender,ema_d0.99,0.01,0.0001,0.9384,0.50011,4437
38,6,gender,ema_d0.9999,0.01,0.0001,0.96867,0.48096,4437
38,6,gender,mlp_h16,0.001,0.0,0.69924,0.49583,4437
38,6,gender,mlp_h32,0.001,0.0,0.69797,0.51206,4437
38,6,gender,mlp_h64,0.001,0.0,0.69737,0.51611,4437
38,6,gender,mlp_h128,0.001,0.0,0.69677,0.51927,4437
38,6,gender,attention,0.0001,1e-05,1.92773,0.53125,4437
38,6,gender,shuffled,0.01,0.0001,0.91731,0.49854,4437
38,6,star_sign,ema_lr1e-3,0.001,0.0001,3.07745,0.10074,4437
38,6,star_sign,ema_lr5e-3,0.005,0.0001,3.01011,0.1217,4437
38,6,star_sign,ema_lr1e-2,0.01,0.0001,2.84313,0.11877,4437
38,6,star_sign,ema_lr5e-2,0.05,0.0001,1.57891,0.52085,4437
38,6,star_sign,ema_lr1e-2_wd1e-3,0.01,0.001,2.82049,0.09173,4437
38,6,star_sign,ema_d0.99,0.01,0.0001,2.92284,0.12283,4437
38,6,star_sign,ema_d0.9999,0.01,0.0001,2.77028,0.13748,4437
38,6,star_sign,mlp_h16,0.001,0.0,1.9692,0.57268,4437
38,6,star_sign,mlp_h32,0.001,0.0,1.08777,1.0,4437
38,6,star_sign,mlp_h64,0.001,0.0,0.84208,1.0,4437
38,6,star_sign,mlp_h128,0.001,0.0,0.1618,1.0,4437
38,6,star_sign,attention,0.0001,1e-05,1.96937,0.78125,4437
38,6,star_sign,shuffled,0.01,0.0001,2.70473,0.16069,4437
39,0,age_bin,ema_lr1e-3,0.001,0.0001,1.51435,0.38445,4180
39,0,age_bin,ema_lr5e-3,0.005,0.0001,1.44883,0.41388,4180
39,0,age_bin,ema_lr1e-2,0.01,0.0001,1.23499,0.42201,4180
39,0,age_bin,ema_lr5e-2,0.05,0.0001,0.50656,0.88134,4180
39,0,age_bin,ema_lr1e-2_wd1e-3,0.01,0.001,1.23222,0.4134,4180
39,0,age_bin,ema_d0.99,0.01,0.0001,1.29407,0.46124,4180
39,0,age_bin,ema_d0.9999,0.01,0.0001,1.26541,0.41316,4180
39,0,age_bin,mlp_h16,0.001,0.0,0.65274,0.94904,4180
39,0,age_bin,mlp_h32,0.001,0.0,0.46747,1.0,4180
39,0,age_bin,mlp_h64,0.001,0.0,0.16088,1.0,4180
39,0,age_bin,mlp_h128,0.001,0.0,0.05142,1.0,4180
39,0,age_bin,attention,0.0001,1e-05,1.05097,1.0,4180
39,0,age_bin,shuffled,0.01,0.0001,1.20879,0.3756,4180
39,0,gender,ema_lr1e-3,0.001,0.0001,1.04311,0.50909,4180
39,0,gender,ema_lr5e-3,0.005,0.0001,1.01378,0.49306,4180
39,0,gender,ema_lr1e-2,0.01,0.0001,0.92521,0.50024,4180
39,0,gender,ema_lr5e-2,0.05,0.0001,0.78448,0.51268,4180
39,0,gender,ema_lr1e-2_wd1e-3,0.01,0.001,0.98931,0.51148,4180
39,0,gender,ema_d0.99,0.01,0.0001,0.98623,0.49426,4180
39,0,gender,ema_d0.9999,0.01,0.0001,0.98188,0.50598,4180
39,0,gender,mlp_h16,0.001,0.0,0.69479,0.50048,4180
39,0,gender,mlp_h32,0.001,0.0,0.69551,0.50287,4180
39,0,gender,mlp_h64,0.001,0.0,0.69423,0.5122,4180
39,0,gender,mlp_h128,0.001,0.0,0.69347,0.51842,4180
39,0,gender,attention,0.0001,1e-05,0.6932,0.46094,4180
39,0,gender,shuffled,0.01,0.0001,0.94814,0.51268,4180
39,0,star_sign,ema_lr1e-3,0.001,0.0001,3.17073,0.14498,4180
39,0,star_sign,ema_lr5e-3,0.005,0.0001,2.99087,0.12321,4180
39,0,star_sign,ema_lr1e-2,0.01,0.0001,2.7853,0.14378,4180
39,0,star_sign,ema_lr5e-2,0.05,0.0001,1.523,0.58828,4180
39,0,star_sign,ema_lr1e-2_wd1e-3,0.01,0.001,2.84425,0.1323,4180
39,0,star_sign,ema_d0.99,0.01,0.0001,2.80689,0.10048,4180
39,0,star_sign,ema_d0.9999,0.01,0.0001,2.81181,0.17727,4180
39,0,star_sign,mlp_h16,0.001,0.0,1.26489,0.99904,4180
39,0,star_sign,mlp_h32,0.001,0.0,1.25369,0.99904,4180
39,0,star_sign,mlp_h64,0.001,0.0,0.86554,1.0,4180
39,0,star_sign,mlp_h128,0.001,0.0,0.21368,1.0,4180
39,0,star_sign,attention,0.0001,1e-05,2.41545,1.0,4180
39,0,star_sign,shuffled,0.01,0.0001,2.86078,0.15407,4180
39,4,age_bin,ema_lr1e-3,0.001,0.0001,1.51975,0.39856,4180
39,4,age_bin,ema_lr5e-3,0.005,0.0001,1.30683,0.38852,4180
39,4,age_bin,ema_lr1e-2,0.01,0.0001,1.09897,0.47177,4180
39,4,age_bin,ema_lr5e-2,0.05,0.0001,0.48565,0.90885,4180
39,4,age_bin,ema_lr1e-2_wd1e-3,0.01,0.001,1.11235,0.44976,4180
39,4,age_bin,ema_d0.99,0.01,0.0001,1.17195,0.43206,4180
39,4,age_bin,ema_d0.9999,0.01,0.0001,1.15192,0.43014,4180
39,4,age_bin,mlp_h16,0.001,0.0,0.36935,1.0,4180
39,4,age_bin,mlp_h32,0.001,0.0,0.32299,1.0,4180
39,4,age_bin,mlp_h64,0.001,0.0,0.12599,1.0,4180
39,4,age_bin,mlp_h128,0.001,0.0,0.05337,1.0,4180
39,4,age_bin,attention,0.0001,1e-05,0.49212,1.0,4180
39,4,age_bin,shuffled,0.01,0.0001,1.13453,0.41483,4180
39,4,gender,ema_lr1e-3,0.001,0.0001,1.01133,0.48804,4180
39,4,gender,ema_lr5e-3,0.005,0.0001,0.92173,0.50407,4180
39,4,gender,ema_lr1e-2,0.01,0.0001,0.91213,0.49665,4180
39,4,gender,ema_lr5e-2,0.05,0.0001,0.74858,0.51411,4180
39,4,gender,ema_lr1e-2_wd1e-3,0.01,0.001,0.8499,0.52297,4180
39,4,gender,ema_d0.99,0.01,0.0001,0.83641,0.49904,4180
39,4,gender,ema_d0.9999,0.01,0.0001,0.86238,0.49904,4180
39,4,gender,mlp_h16,0.001,0.0,0.69503,0.51005,4180
39,4,gender,mlp_h32,0.001,0.0,0.69588,0.50861,4180
39,4,gender,mlp_h64,0.001,0.0,0.69307,0.51794,4180
39,4,gender,mlp_h128,0.001,0.0,0.69496,0.51531,4180
39,4,gender,attention,0.0001,1e-05,0.69502,0.53125,4180
39,4,gender,shuffled,0.01,0.0001,0.88622,0.50407,4180
39,4,star_sign,ema_lr1e-3,0.001,0.0001,3.16046,0.10622,4180
39,4,star_sign,ema_lr5e-3,0.005,0.0001,2.88256,0.10718,4180
39,4,star_sign,ema_lr1e-2,0.01,0.0001,2.6129,0.16555,4180
39,4,star_sign,ema_lr5e-2,0.05,0.0001,1.38175,0.67512,4180
39,4,star_sign,ema_lr1e-2_wd1e-3,0.01,0.001,2.72806,0.13732,4180
39,4,star_sign,ema_d0.99,0.01,0.0001,2.68332,0.20574,4180
39,4,star_sign,ema_d0.9999,0.01,0.0001,2.66723,0.14809,4180
39,4,star_sign,mlp_h16,0.001,0.0,2.20677,0.20813,4180
39,4,star_sign,mlp_h32,0.001,0.0,1.10695,0.99904,4180
39,4,star_sign,mlp_h64,0.001,0.0,0.74422,1.0,4180
39,4,star_sign,mlp_h128,0.001,0.0,0.17072,1.0,4180
39,4,star_sign,attention,0.0001,1e-05,2.24214,0.97656,4180
39,4,star_sign,shuffled,0.01,0.0001,2.74637,0.12799,4180
39,6,age_bin,ema_lr1e-3,0.001,0.0001,1.71159,0.29378,4180
39,6,age_bin,ema_lr5e-3,0.005,0.0001,1.4906,0.35239,4180
39,6,age_bin,ema_lr1e-2,0.01,0.0001,1.29223,0.41962,4180
39,6,age_bin,ema_lr5e-2,0.05,0.0001,0.48679,0.90048,4180
39,6,age_bin,ema_lr1e-2_wd1e-3,0.01,0.001,1.11604,0.48301,4180
39,6,age_bin,ema_d0.99,0.01,0.0001,1.25484,0.44211,4180
39,6,age_bin,ema_d0.9999,0.01,0.0001,1.18581,0.43612,4180
39,6,age_bin,mlp_h16,0.001,0.0,0.54651,0.99163,4180
39,6,age_bin,mlp_h32,0.001,0.0,0.4162,0.99976,4180
39,6,age_bin,mlp_h64,0.001,0.0,0.15384,1.0,4180
39,6,age_bin,mlp_h128,0.001,0.0,0.05109,1.0,4180
39,6,age_bin,attention,0.0001,1e-05,0.02149,0.99219,4180
39,6,age_bin,shuffled,0.01,0.0001,1.16748,0.43684,4180
39,6,gender,ema_lr1e-3,0.001,0.0001,1.0151,0.53014,4180
39,6,gender,ema_lr5e-3,0.005,0.0001,0.99534,0.49019,4180
39,6,gender,ema_lr1e-2,0.01,0.0001,0.90137,0.51459,4180
39,6,gender,ema_lr5e-2,0.05,0.0001,0.76848,0.51818,4180
39,6,gender,ema_lr1e-2_wd1e-3,0.01,0.001,0.94323,0.49187,4180
39,6,gender,ema_d0.99,0.01,0.0001,0.92551,0.49498,4180
39,6,gender,ema_d0.9999,0.01,0.0001,0.91033,0.53038,4180
39,6,gender,mlp_h16,0.001,0.0,0.69707,0.50502,4180
39,6,gender,mlp_h32,0.001,0.0,0.697,0.50622,4180
39,6,gender,mlp_h64,0.001,0.0,0.69615,0.51435,4180
39,6,gender,mlp_h128,0.001,0.0,0.69728,0.51722,4180
39,6,gender,attention,0.0001,1e-05,2.52772,0.42969,4180
39,6,gender,shuffled,0.01,0.0001,0.93316,0.49761,4180
39,6,star_sign,ema_lr1e-3,0.001,0.0001,3.251,0.08158,4180
39,6,star_sign,ema_lr5e-3,0.005,0.0001,3.02735,0.13254,4180
39,6,star_sign,ema_lr1e-2,0.01,0.0001,2.77644,0.12943,4180
39,6,star_sign,ema_lr5e-2,0.05,0.0001,1.42776,0.59952,4180
39,6,star_sign,ema_lr1e-2_wd1e-3,0.01,0.001,2.73914,0.11603,4180
39,6,star_sign,ema_d0.99,0.01,0.0001,2.87224,0.12847,4180
39,6,star_sign,ema_d0.9999,0.01,0.0001,2.8223,0.13589,4180
39,6,star_sign,mlp_h16,0.001,0.0,1.92634,0.6122,4180
39,6,star_sign,mlp_h32,0.001,0.0,1.02901,1.0,4180
39,6,star_sign,mlp_h64,0.001,0.0,0.76516,1.0,4180
39,6,star_sign,mlp_h128,0.001,0.0,0.14264,1.0,4180
39,6,star_sign,attention,0.0001,1e-05,2.2186,0.71875,4180
39,6,star_sign,shuffled,0.01,0.0001,2.84605,0.14043,4180
40,0,age_bin,ema_lr1e-3,0.001,0.0001,1.50548,0.39379,4251
40,0,age_bin,ema_lr5e-3,0.005,0.0001,1.455,0.42084,4251
40,0,age_bin,ema_lr1e-2,0.01,0.0001,1.21259,0.4326,4251
40,0,age_bin,ema_lr5e-2,0.05,0.0001,0.49497,0.88544,4251
40,0,age_bin,ema_lr1e-2_wd1e-3,0.01,0.001,1.20448,0.43049,4251
40,0,age_bin,ema_d0.99,0.01,0.0001,1.28807,0.45425,4251
40,0,age_bin,ema_d0.9999,0.01,0.0001,1.2247,0.42319,4251
40,0,age_bin,mlp_h16,0.001,0.0,0.64009,0.95483,4251
40,0,age_bin,mlp_h32,0.001,0.0,0.45203,1.0,4251
40,0,age_bin,mlp_h64,0.001,0.0,0.15109,1.0,4251
40,0,age_bin,mlp_h128,0.001,0.0,0.04809,1.0,4251
40,0,age_bin,attention,0.0001,1e-05,1.0501,1.0,4251
40,0,age_bin,shuffled,0.01,0.0001,1.166,0.38932,4251
40,0,gender,ema_lr1e-3,0.001,0.0001,1.0684,0.50694,4251
40,0,gender,ema_lr5e-3,0.005,0.0001,0.98808,0.51964,4251
40,0,gender,ema_lr1e-2,0.01,0.0001,0.92101,0.50435,4251
40,0,gender,ema_lr5e-2,0.05,0.0001,0.77811,0.50835,4251
40,0,gender,ema_lr1e-2_wd1e-3,0.01,0.001,1.02628,0.506,4251
40,0,gender,ema_d0.99,0.01,0.0001,0.97276,0.50294,4251
40,0,gender,ema_d0.9999,0.01,0.0001,0.9613,0.51541,4251
40,0,gender,mlp_h16,0.001,0.0,0.69183,0.52623,4251
40,0,gender,mlp_h32,0.001,0.0,0.69149,0.50765,4251
40,0,gender,mlp_h64,0.001,0.0,0.69589,0.49729,4251
40,0,gender,mlp_h128,0.001,0.0,0.69445,0.50129,4251
40,0,gender,attention,0.0001,1e-05,0.69322,0.53125,4251
40,0,gender,shuffled,0.01,0.0001,0.94901,0.51729,4251
40,0,star_sign,ema_lr1e-3,0.001,0.0001,3.18805,0.14303,4251
40,0,star_sign,ema_lr5e-3,0.005,0.0001,3.03191,0.1068,4251
40,0,star_sign,ema_lr1e-2,0.01,0.0001,2.7498,0.15173,4251
40,0,star_sign,ema_lr5e-2,0.05,0.0001,1.48443,0.61468,4251
40,0,star_sign,ema_lr1e-2_wd1e-3,0.01,0.001,2.87948,0.12703,4251
40,0,star_sign,ema_d0.99,0.01,0.0001,2.81288,0.10374,4251
40,0,star_sign,ema_d0.9999,0.01,0.0001,2.75598,0.17219,4251
40,0,star_sign,mlp_h16,0.001,0.0,1.23056,0.99882,4251
40,0,star_sign,mlp_h32,0.001,0.0,1.21828,0.99929,4251
40,0,star_sign,mlp_h64,0.001,0.0,0.81892,1.0,4251
40,0,star_sign,mlp_h128,0.001,0.0,0.19414,1.0,4251
40,0,star_sign,attention,0.0001,1e-05,2.41383,1.0,4251
40,0,star_sign,shuffled,0.01,0.0001,2.83627,0.1435,4251
40,4,age_bin,ema_lr1e-3,0.001,0.0001,1.43305,0.43025,4251
40,4,age_bin,ema_lr5e-3,0.005,0.0001,1.3132,0.37685,4251
40,4,age_bin,ema_lr1e-2,0.01,0.0001,1.1074,0.46695,4251
40,4,age_bin,ema_lr5e-2,0.05,0.0001,0.4589,0.92214,4251
40,4,age_bin,ema_lr1e-2_wd1e-3,0.01,0.001,1.11569,0.45566,4251
40,4,age_bin,ema_d0.99,0.01,0.0001,1.12493,0.46154,4251
40,4,age_bin,ema_d0.9999,0.01,0.0001,1.16662,0.40532,4251
40,4,age_bin,mlp_h16,0.001,0.0,0.36065,1.0,4251
40,4,age_bin,mlp_h32,0.001,0.0,0.31653,1.0,4251
40,4,age_bin,mlp_h64,0.001,0.0,0.12016,1.0,4251
40,4,age_bin,mlp_h128,0.001,0.0,0.05076,1.0,4251
40,4,age_bin,attention,0.0001,1e-05,0.50467,1.0,4251
40,4,age_bin,shuffled,0.01,0.0001,1.16991,0.39826,4251
40,4,gender,ema_lr1e-3,0.001,0.0001,1.02444,0.48106,4251
40,4,gender,ema_lr5e-3,0.005,0.0001,0.94562,0.486,4251
40,4,gender,ema_lr1e-2,0.01,0.0001,0.92559,0.48812,4251
40,4,gender,ema_lr5e-2,0.05,0.0001,0.73493,0.52882,4251
40,4,gender,ema_lr1e-2_wd1e-3,0.01,0.001,0.88573,0.50035,4251
40,4,gender,ema_d0.99,0.01,0.0001,0.81958,0.506,4251
40,4,gender,ema_d0.9999,0.01,0.0001,0.88654,0.48553,4251
40,4,gender,mlp_h16,0.001,0.0,0.69551,0.49235,4251
40,4,gender,mlp_h32,0.001,0.0,0.69116,0.51988,4251
40,4,gender,mlp_h64,0.001,0.0,0.68959,0.54128,4251
40,4,gender,mlp_h128,0.001,0.0,0.69218,0.52646,4251
40,4,gender,attention,0.0001,1e-05,0.6945,0.47656,4251
40,4,gender,shuffled,0.01,0.0001,0.87613,0.49824,4251
40,4,star_sign,ema_lr1e-3,0.001,0.0001,3.15404,0.10468,4251
40,4,star_sign,ema_lr5e-3,0.005,0.0001,2.87496,0.09739,4251
40,4,star_sign,ema_lr1e-2,0.01,0.0001,2.62963,0.15196,4251
40,4,star_sign,ema_lr5e-2,0.05,0.0001,1.33527,0.72171,4251
40,4,star_sign,ema_lr1e-2_wd1e-3,0.01,0.001,2.73678,0.13479,4251
40,4,star_sign,ema_d0.99,0.01,0.0001,2.62838,0.2176,4251
40,4,star_sign,ema_d0.9999,0.01,0.0001,2.66288,0.14655,4251
40,4,star_sign,mlp_h16,0.001,0.0,2.19136,0.22183,4251
40,4,star_sign,mlp_h32,0.001,0.0,1.08804,0.99953,4251
40,4,star_sign,mlp_h64,0.001,0.0,0.71582,1.0,4251
40,4,star_sign,mlp_h128,0.001,0.0,0.15784,1.0,4251
40,4,star_sign,attention,0.0001,1e-05,2.22448,1.0,4251
40,4,star_sign,shuffled,0.01,0.0001,2.65216,0.14279,4251
40,6,age_bin,ema_lr1e-3,0.001,0.0001,1.70362,0.29452,4251
40,6,age_bin,ema_lr5e-3,0.005,0.0001,1.52542,0.34039,4251
40,6,age_bin,ema_lr1e-2,0.01,0.0001,1.19436,0.46248,4251
40,6,age_bin,ema_lr5e-2,0.05,0.0001,0.47956,0.90567,4251
40,6,age_bin,ema_lr1e-2_wd1e-3,0.01,0.001,1.17257,0.45589,4251
40,6,age_bin,ema_d0.99,0.01,0.0001,1.30946,0.42555,4251
40,6,age_bin,ema_d0.9999,0.01,0.0001,1.26451,0.41637,4251
40,6,age_bin,mlp_h16,0.001,0.0,0.53657,0.99271,4251
40,6,age_bin,mlp_h32,0.001,0.0,0.40341,1.0,4251
40,6,age_bin,mlp_h64,0.001,0.0,0.14724,1.0,4251
40,6,age_bin,mlp_h128,0.001,0.0,0.04836,1.0,4251
40,6,age_bin,attention,0.0001,1e-05,0.13482,0.98438,4251
40,6,age_bin,shuffled,0.01,0.0001,1.18717,0.42696,4251
40,6,gender,ema_lr1e-3,0.001,0.0001,1.0778,0.49306,4251
40,6,gender,ema_lr5e-3,0.005,0.0001,1.05461,0.4773,4251
40,6,gender,ema_lr1e-2,0.01,0.0001,0.93465,0.50835,4251
40,6,gender,ema_lr5e-2,0.05,0.0001,0.7546,0.52505,4251
40,6,gender,ema_lr1e-2_wd1e-3,0.01,0.001,0.94455,0.50576,4251
40,6,gender,ema_d0.99,0.01,0.0001,0.95271,0.47706,4251
40,6,gender,ema_d0.9999,0.01,0.0001,0.9412,0.5067,4251
40,6,gender,mlp_h16,0.001,0.0,0.69065,0.52529,4251
40,6,gender,mlp_h32,0.001,0.0,0.6903,0.53964,4251
40,6,gender,mlp_h64,0.001,0.0,0.68294,0.5641,4251
40,6,gender,mlp_h128,0.001,0.0,0.68671,0.5514,4251
40,6,gender,attention,0.0001,1e-05,2.32391,0.47656,4251
40,6,gender,shuffled,0.01,0.0001,0.91277,0.49871,4251
40,6,star_sign,ema_lr1e-3,0.001,0.0001,3.12232,0.09433,4251
40,6,star_sign,ema_lr5e-3,0.005,0.0001,3.04576,0.13079,4251
40,6,star_sign,ema_lr1e-2,0.01,0.0001,2.77647,0.12115,4251
40,6,star_sign,ema_lr5e-2,0.05,0.0001,1.47721,0.57869,4251
40,6,star_sign,ema_lr1e-2_wd1e-3,0.01,0.001,2.79534,0.10115,4251
40,6,star_sign,ema_d0.99,0.01,0.0001,2.74569,0.14326,4251
40,6,star_sign,ema_d0.9999,0.01,0.0001,2.81736,0.12491,4251
40,6,star_sign,mlp_h16,0.001,0.0,1.89908,0.64032,4251
40,6,star_sign,mlp_h32,0.001,0.0,1.0056,1.0,4251
40,6,star_sign,mlp_h64,0.001,0.0,0.72583,1.0,4251
40,6,star_sign,mlp_h128,0.001,0.0,0.13313,1.0,4251
40,6,star_sign,attention,0.0001,1e-05,1.27094,0.86719,4251
40,6,star_sign,shuffled,0.01,0.0001,2.75701,0.15385,4251
41,0,age_bin,ema_lr1e-3,0.001,0.0001,1.51601,0.3788,4018
41,0,age_bin,ema_lr5e-3,0.005,0.0001,1.4027,0.43828,4018
41,0,age_bin,ema_lr1e-2,0.01,0.0001,1.21396,0.43828,4018
41,0,age_bin,ema_lr5e-2,0.05,0.0001,0.48048,0.90244,4018
41,0,age_bin,ema_lr1e-2_wd1e-3,0.01,0.001,1.22164,0.42285,4018
41,0,age_bin,ema_d0.99,0.01,0.0001,1.28445,0.444,4018
41,0,age_bin,ema_d0.9999,0.01,0.0001,1.2399,0.46466,4018
41,0,age_bin,mlp_h16,0.001,0.0,0.62963,0.95545,4018
41,0,age_bin,mlp_h32,0.001,0.0,0.44026,1.0,4018
41,0,age_bin,mlp_h64,0.001,0.0,0.14328,1.0,4018
41,0,age_bin,mlp_h128,0.001,0.0,0.04507,1.0,4018
41,0,age_bin,attention,0.0001,1e-05,1.04969,1.0,4018
41,0,age_bin,shuffled,0.01,0.0001,1.17539,0.38875,4018
41,0,gender,ema_lr1e-3,0.001,0.0001,1.07908,0.49253,4018
41,0,gender,ema_lr5e-3,0.005,0.0001,1.01136,0.49428,4018
41,0,gender,ema_lr1e-2,0.01,0.0001,0.93256,0.49452,4018
41,0,gender,ema_lr5e-2,0.05,0.0001,0.77689,0.51294,4018
41,0,gender,ema_lr1e-2_wd1e-3,0.01,0.001,1.01229,0.49751,4018
41,0,gender,ema_d0.99,0.01,0.0001,0.93802,0.51095,4018
41,0,gender,ema_d0.9999,0.01,0.0001,1.00585,0.50224,4018
41,0,gender,mlp_h16,0.001,0.0,0.69586,0.49701,4018
41,0,gender,mlp_h32,0.001,0.0,0.69499,0.51344,4018
41,0,gender,mlp_h64,0.001,0.0,0.69395,0.51145,4018
41,0,gender,mlp_h128,0.001,0.0,0.69466,0.50722,4018
41,0,gender,attention,0.0001,1e-05,0.693,0.53125,4018
41,0,gender,shuffled,0.01,0.0001,0.96183,0.50473,4018
41,0,star_sign,ema_lr1e-3,0.001,0.0001,3.20141,0.14136,4018
41,0,star_sign,ema_lr5e-3,0.005,0.0001,2.97034,0.10826,4018
41,0,star_sign,ema_lr1e-2,0.01,0.0001,2.72819,0.15057,4018
41,0,star_sign,ema_lr5e-2,0.05,0.0001,1.43796,0.63713,4018
41,0,star_sign,ema_lr1e-2_wd1e-3,0.01,0.001,2.79608,0.1324,4018
41,0,star_sign,ema_d0.99,0.01,0.0001,2.78382,0.10503,4018
41,0,star_sign,ema_d0.9999,0.01,0.0001,2.73692,0.17745,4018
41,0,star_sign,mlp_h16,0.001,0.0,1.22313,0.999,4018
41,0,star_sign,mlp_h32,0.001,0.0,1.19287,0.99975,4018
41,0,star_sign,mlp_h64,0.001,0.0,0.78559,1.0,4018
41,0,star_sign,mlp_h128,0.001,0.0,0.17897,1.0,4018
41,0,star_sign,attention,0.0001,1e-05,2.4119,1.0,4018
41,0,star_sign,shuffled,0.01,0.0001,2.84327,0.15132,4018
41,4,age_bin,ema_lr1e-3,0.001,0.0001,1.4582,0.41787,4018
41,4,age_bin,ema_lr5e-3,0.005,0.0001,1.29512,0.37805,4018
41,4,age_bin,ema_lr1e-2,0.01,0.0001,1.02845,0.51518,4018
41,4,age_bin,ema_lr5e-2,0.05,0.0001,0.44934,0.92708,4018
41,4,age_bin,ema_lr1e-2_wd1e-3,0.01,0.001,1.12308,0.44923,4018
41,4,age_bin,ema_d0.99,0.01,0.0001,1.05208,0.48955,4018
41,4,age_bin,ema_d0.9999,0.01,0.0001,1.12559,0.42434,4018
41,4,age_bin,mlp_h16,0.001,0.0,0.34674,1.0,4018
41,4,age_bin,mlp_h32,0.001,0.0,0.29683,1.0,4018
41,4,age_bin,mlp_h64,0.001,0.0,0.10977,1.0,4018
41,4,age_bin,mlp_h128,0.001,0.0,0.04594,1.0,4018
41,4,age_bin,attention,0.0001,1e-05,0.46758,1.0,4018
41,4,age_bin,shuffled,0.01,0.0001,1.13466,0.41389,4018
41,4,gender,ema_lr1e-3,0.001,0.0001,0.97503,0.49577,4018
41,4,gender,ema_lr5e-3,0.005,0.0001,0.95566,0.47885,4018
41,4,gender,ema_lr1e-2,0.01,0.0001,0.87875,0.5107,4018
41,4,gender,ema_lr5e-2,0.05,0.0001,0.76259,0.49428,4018
41,4,gender,ema_lr1e-2_wd1e-3,0.01,0.001,0.90097,0.48407,4018
41,4,gender,ema_d0.99,0.01,0.0001,0.80166,0.52613,4018
41,4,gender,ema_d0.9999,0.01,0.0001,0.90097,0.47661,4018
41,4,gender,mlp_h16,0.001,0.0,0.6987,0.48805,4018
41,4,gender,mlp_h32,0.001,0.0,0.70027,0.49776,4018
41,4,gender,mlp_h64,0.001,0.0,0.69698,0.49428,4018
41,4,gender,mlp_h128,0.001,0.0,0.69686,0.50348,4018
41,4,gender,attention,0.0001,1e-05,0.69707,0.40625,4018
41,4,gender,shuffled,0.01,0.0001,0.87404,0.49428,4018
41,4,star_sign,ema_lr1e-3,0.001,0.0001,3.06395,0.12494,4018
41,4,star_sign,ema_lr5e-3,0.005,0.0001,2.83479,0.10652,4018
41,4,star_sign,ema_lr1e-2,0.01,0.0001,2.68283,0.14709,4018
41,4,star_sign,ema_lr5e-2,0.05,0.0001,1.25053,0.75436,4018
41,4,star_sign,ema_lr1e-2_wd1e-3,0.01,0.001,2.70862,0.14211,4018
41,4,star_sign,ema_d0.99,0.01,0.0001,2.60679,0.21653,4018
41,4,star_sign,ema_d0.9999,0.01,0.0001,2.58423,0.15132,4018
41,4,star_sign,mlp_h16,0.001,0.0,2.1821,0.22872,4018
41,4,star_sign,mlp_h32,0.001,0.0,1.03398,0.99975,4018
41,4,star_sign,mlp_h64,0.001,0.0,0.65856,1.0,4018
41,4,star_sign,mlp_h128,0.001,0.0,0.13898,1.0,4018
41,4,star_sign,attention,0.0001,1e-05,2.21863,1.0,4018
41,4,star_sign,shuffled,0.01,0.0001,2.59826,0.14958,4018
41,6,age_bin,ema_lr1e-3,0.001,0.0001,1.63743,0.30861,4018
41,6,age_bin,ema_lr5e-3,0.005,0.0001,1.37072,0.38054,4018
41,6,age_bin,ema_lr1e-2,0.01,0.0001,1.29339,0.41439,4018
41,6,age_bin,ema_lr5e-2,0.05,0.0001,0.46254,0.91712,4018
41,6,age_bin,ema_lr1e-2_wd1e-3,0.01,0.001,1.15534,0.45918,4018
41,6,age_bin,ema_d0.99,0.01,0.0001,1.19674,0.47262,4018
41,6,age_bin,ema_d0.9999,0.01,0.0001,1.1533,0.45918,4018
41,6,age_bin,mlp_h16,0.001,0.0,0.52399,0.99328,4018
41,6,age_bin,mlp_h32,0.001,0.0,0.39038,1.0,4018
41,6,age_bin,mlp_h64,0.001,0.0,0.13997,1.0,4018
41,6,age_bin,mlp_h128,0.001,0.0,0.04634,1.0,4018
41,6,age_bin,attention,0.0001,1e-05,0.14845,0.97656,4018
41,6,age_bin,shuffled,0.01,0.0001,1.16852,0.44774,4018
41,6,gender,ema_lr1e-3,0.001,0.0001,1.08555,0.49253,4018
41,6,gender,ema_lr5e-3,0.005,0.0001,0.97038,0.51369,4018
41,6,gender,ema_lr1e-2,0.01,0.0001,0.94528,0.50423,4018
41,6,gender,ema_lr5e-2,0.05,0.0001,0.79141,0.48133,4018
41,6,gender,ema_lr1e-2_wd1e-3,0.01,0.001,0.92468,0.51419,4018
41,6,gender,ema_d0.99,0.01,0.0001,0.95386,0.48532,4018
41,6,gender,ema_d0.9999,0.01,0.0001,0.96803,0.49876,4018
41,6,gender,mlp_h16,0.001,0.0,0.69973,0.50597,4018
41,6,gender,mlp_h32,0.001,0.0,0.69595,0.50921,4018
41,6,gender,mlp_h64,0.001,0.0,0.69963,0.50199,4018
41,6,gender,mlp_h128,0.001,0.0,0.69514,0.51767,4018
41,6,gender,attention,0.0001,1e-05,2.13348,0.5,4018
41,6,gender,shuffled,0.01,0.0001,0.91339,0.50921,4018
41,6,star_sign,ema_lr1e-3,0.001,0.0001,3.26908,0.08288,4018
41,6,star_sign,ema_lr5e-3,0.005,0.0001,2.98336,0.13514,4018
41,6,star_sign,ema_lr1e-2,0.01,0.0001,2.78145,0.13166,4018
41,6,star_sign,ema_lr5e-2,0.05,0.0001,1.43637,0.60876,4018
41,6,star_sign,ema_lr1e-2_wd1e-3,0.01,0.001,2.9087,0.09681,4018
41,6,star_sign,ema_d0.99,0.01,0.0001,2.87666,0.12519,4018
41,6,star_sign,ema_d0.9999,0.01,0.0001,2.74844,0.14261,4018
41,6,star_sign,mlp_h16,0.001,0.0,1.89535,0.63489,4018
41,6,star_sign,mlp_h32,0.001,0.0,0.97122,1.0,4018
41,6,star_sign,mlp_h64,0.001,0.0,0.69135,1.0,4018
41,6,star_sign,mlp_h128,0.001,0.0,0.12477,1.0,4018
41,6,star_sign,attention,0.0001,1e-05,1.57593,0.80469,4018
41,6,star_sign,shuffled,0.01,0.0001,2.79568,0.1344,4018
42,0,age_bin,ema_lr1e-3,0.001,0.0001,1.54952,0.36757,3904
42,0,age_bin,ema_lr5e-3,0.005,0.0001,1.38652,0.43571,3904
42,0,age_bin,ema_lr1e-2,0.01,0.0001,1.2,0.4416,3904
42,0,age_bin,ema_lr5e-2,0.05,0.0001,0.46807,0.90266,3904
42,0,age_bin,ema_lr1e-2_wd1e-3,0.01,0.001,1.22672,0.41829,3904
42,0,age_bin,ema_d0.99,0.01,0.0001,1.27114,0.45415,3904
42,0,age_bin,ema_d0.9999,0.01,0.0001,1.21864,0.47029,3904
42,0,age_bin,mlp_h16,0.001,0.0,0.61951,0.9644,3904
42,0,age_bin,mlp_h32,0.001,0.0,0.42723,1.0,3904
42,0,age_bin,mlp_h64,0.001,0.0,0.13614,1.0,3904
42,0,age_bin,mlp_h128,0.001,0.0,0.04287,1.0,3904
42,0,age_bin,attention,0.0001,1e-05,1.04823,1.0,3904
42,0,age_bin,shuffled,0.01,0.0001,1.162,0.39831,3904
42,0,gender,ema_lr1e-3,0.001,0.0001,1.06316,0.50102,3904
42,0,gender,ema_lr5e-3,0.005,0.0001,0.99912,0.50051,3904
42,0,gender,ema_lr1e-2,0.01,0.0001,0.94075,0.49565,3904
42,0,gender,ema_lr5e-2,0.05,0.0001,0.78817,0.50384,3904
42,0,gender,ema_lr1e-2_wd1e-3,0.01,0.001,1.02041,0.49283,3904
42,0,gender,ema_d0.99,0.01,0.0001,0.95691,0.50743,3904
42,0,gender,ema_d0.9999,0.01,0.0001,0.9937,0.48847,3904
42,0,gender,mlp_h16,0.001,0.0,0.69477,0.49641,3904
42,0,gender,mlp_h32,0.001,0.0,0.69731,0.4936,3904
42,0,gender,mlp_h64,0.001,0.0,0.69479,0.5082,3904
42,0,gender,mlp_h128,0.001,0.0,0.69373,0.50205,3904
42,0,gender,attention,0.0001,1e-05,0.69345,0.46094,3904
42,0,gender,shuffled,0.01,0.0001,0.9657,0.49923,3904
42,0,star_sign,ema_lr1e-3,0.001,0.0001,3.14171,0.15548,3904
42,0,star_sign,ema_lr5e-3,0.005,0.0001,3.01038,0.11117,3904
42,0,star_sign,ema_lr1e-2,0.01,0.0001,2.75125,0.14472,3904
42,0,star_sign,ema_lr5e-2,0.05,0.0001,1.4087,0.65061,3904
42,0,star_sign,ema_lr1e-2_wd1e-3,0.01,0.001,2.78496,0.13806,3904
42,0,star_sign,ema_d0.99,0.01,0.0001,2.77643,0.10835,3904
42,0,star_sign,ema_d0.9999,0.01,0.0001,2.75973,0.18289,3904
42,0,star_sign,mlp_h16,0.001,0.0,1.20072,0.99821,3904
42,0,star_sign,mlp_h32,0.001,0.0,1.1663,0.99949,3904
42,0,star_sign,mlp_h64,0.001,0.0,0.75299,1.0,3904
42,0,star_sign,mlp_h128,0.001,0.0,0.16067,1.0,3904
42,0,star_sign,attention,0.0001,1e-05,2.41057,1.0,3904
42,0,star_sign,shuffled,0.01,0.0001,2.82219,0.16137,3904
42,4,age_bin,ema_lr1e-3,0.001,0.0001,1.48753,0.41829,3904
42,4,age_bin,ema_lr5e-3,0.005,0.0001,1.30824,0.38243,3904
42,4,age_bin,ema_lr1e-2,0.01,0.0001,1.07045,0.47387,3904
42,4,age_bin,ema_lr5e-2,0.05,0.0001,0.45714,0.92802,3904
42,4,age_bin,ema_lr1e-2_wd1e-3,0.01,0.001,1.09493,0.46235,3904
42,4,age_bin,ema_d0.99,0.01,0.0001,1.12165,0.44365,3904
42,4,age_bin,ema_d0.9999,0.01,0.0001,1.1299,0.43827,3904
42,4,age_bin,mlp_h16,0.001,0.0,0.33688,1.0,3904
42,4,age_bin,mlp_h32,0.001,0.0,0.28619,1.0,3904
42,4,age_bin,mlp_h64,0.001,0.0,0.10302,1.0,3904
42,4,age_bin,mlp_h128,0.001,0.0,0.04374,1.0,3904
42,4,age_bin,attention,0.0001,1e-05,0.44946,1.0,3904
42,4,age_bin,shuffled,0.01,0.0001,1.14158,0.396,3904
42,4,gender,ema_lr1e-3,0.001,0.0001,0.9762,0.48899,3904
42,4,gender,ema_lr5e-3,0.005,0.0001,0.94001,0.49718,3904
42,4,gender,ema_lr1e-2,0.01,0.0001,0.88709,0.51921,3904
42,4,gender,ema_lr5e-2,0.05,0.0001,0.76367,0.49795,3904
42,4,gender,ema_lr1e-2_wd1e-3,0.01,0.001,0.8764,0.51076,3904
42,4,gender,ema_d0.99,0.01,0.0001,0.80189,0.52254,3904
42,4,gender,ema_d0.9999,0.01,0.0001,0.83786,0.52638,3904
42,4,gender,mlp_h16,0.001,0.0,0.69132,0.52664,3904
42,4,gender,mlp_h32,0.001,0.0,0.69533,0.51101,3904
42,4,gender,mlp_h64,0.001,0.0,0.6933,0.52203,3904
42,4,gender,mlp_h128,0.001,0.0,0.69787,0.51588,3904
42,4,gender,attention,0.0001,1e-05,0.68879,0.54688,3904
42,4,gender,shuffled,0.01,0.0001,0.89004,0.47567,3904
42,4,star_sign,ema_lr1e-3,0.001,0.0001,3.12498,0.11706,3904
42,4,star_sign,ema_lr5e-3,0.005,0.0001,2.90419,0.09708,3904
42,4,star_sign,ema_lr1e-2,0.01,0.0001,2.63751,0.15471,3904
42,4,star_sign,ema_lr5e-2,0.05,0.0001,1.26588,0.74488,3904
42,4,star_sign,ema_lr1e-2_wd1e-3,0.01,0.001,2.67772,0.15446,3904
42,4,star_sign,ema_d0.99,0.01,0.0001,2.6229,0.23386,3904
42,4,star_sign,ema_d0.9999,0.01,0.0001,2.56621,0.16445,3904
42,4,star_sign,mlp_h16,0.001,0.0,2.15385,0.26178,3904
42,4,star_sign,mlp_h32,0.001,0.0,1.00139,0.99949,3904
42,4,star_sign,mlp_h64,0.001,0.0,0.639,1.0,3904
42,4,star_sign,mlp_h128,0.001,0.0,0.1284,1.0,3904
42,4,star_sign,attention,0.0001,1e-05,2.21374,0.98438,3904
42,4,star_sign,shuffled,0.01,0.0001,2.60363,0.1519,3904
42,6,age_bin,ema_lr1e-3,0.001,0.0001,1.7091,0.29944,3904
42,6,age_bin,ema_lr5e-3,0.005,0.0001,1.43222,0.36552,3904
42,6,age_bin,ema_lr1e-2,0.01,0.0001,1.19759,0.44851,3904
42,6,age_bin,ema_lr5e-2,0.05,0.0001,0.45898,0.91829,3904
42,6,age_bin,ema_lr1e-2_wd1e-3,0.01,0.001,1.16756,0.448,3904
42,6,age_bin,ema_d0.99,0.01,0.0001,1.25043,0.44057,3904
42,6,age_bin,ema_d0.9999,0.01,0.0001,1.21057,0.4229,3904
42,6,age_bin,mlp_h16,0.001,0.0,0.50975,0.99539,3904
42,6,age_bin,mlp_h32,0.001,0.0,0.37464,1.0,3904
42,6,age_bin,mlp_h64,0.001,0.0,0.13024,1.0,3904
42,6,age_bin,mlp_h128,0.001,0.0,0.04193,1.0,3904
42,6,age_bin,attention,0.0001,1e-05,0.16817,0.97656,3904
42,6,age_bin,shuffled,0.01,0.0001,1.18584,0.43315,3904
42,6,gender,ema_lr1e-3,0.001,0.0001,1.03708,0.51255,3904
42,6,gender,ema_lr5e-3,0.005,0.0001,0.93922,0.52177,3904
42,6,gender,ema_lr1e-2,0.01,0.0001,0.93219,0.49795,3904
42,6,gender,ema_lr5e-2,0.05,0.0001,0.78324,0.49488,3904
42,6,gender,ema_lr1e-2_wd1e-3,0.01,0.001,0.91518,0.51127,3904
42,6,gender,ema_d0.99,0.01,0.0001,0.91872,0.49974,3904
42,6,gender,ema_d0.9999,0.01,0.0001,0.98246,0.48668,3904
42,6,gender,mlp_h16,0.001,0.0,0.69976,0.49513,3904
42,6,gender,mlp_h32,0.001,0.0,0.69694,0.51639,3904
42,6,gender,mlp_h64,0.001,0.0,0.69643,0.52152,3904
42,6,gender,mlp_h128,0.001,0.0,0.70304,0.49641,3904
42,6,gender,attention,0.0001,1e-05,1.84566,0.5,3904
42,6,gender,shuffled,0.01,0.0001,0.88959,0.5105,3904
42,6,star_sign,ema_lr1e-3,0.001,0.0001,3.16505,0.10092,3904
42,6,star_sign,ema_lr5e-3,0.005,0.0001,3.01772,0.13345,3904
42,6,star_sign,ema_lr1e-2,0.01,0.0001,2.85203,0.12167,3904
42,6,star_sign,ema_lr5e-2,0.05,0.0001,1.32707,0.66726,3904
42,6,star_sign,ema_lr1e-2_wd1e-3,0.01,0.001,2.79176,0.10425,3904
42,6,star_sign,ema_d0.99,0.01,0.0001,2.73586,0.14857,3904
42,6,star_sign,ema_d0.9999,0.01,0.0001,2.63624,0.17674,3904
42,6,star_sign,mlp_h16,0.001,0.0,1.84766,0.67956,3904
42,6,star_sign,mlp_h32,0.001,0.0,0.96176,1.0,3904
42,6,star_sign,mlp_h64,0.001,0.0,0.63505,1.0,3904
42,6,star_sign,mlp_h128,0.001,0.0,0.11115,1.0,3904
42,6,star_sign,attention,0.0001,1e-05,1.68931,0.75781,3904
42,6,star_sign,shuffled,0.01,0.0001,2.84133,0.12244,3904
43,0,age_bin,ema_lr1e-3,0.001,0.0001,1.48109,0.39512,3814
43,0,age_bin,ema_lr5e-3,0.005,0.0001,1.41931,0.42318,3814
43,0,age_bin,ema_lr1e-2,0.01,0.0001,1.18913,0.44599,3814
43,0,age_bin,ema_lr5e-2,0.05,0.0001,0.45235,0.90587,3814
43,0,age_bin,ema_lr1e-2_wd1e-3,0.01,0.001,1.18222,0.4334,3814
43,0,age_bin,ema_d0.99,0.01,0.0001,1.30558,0.44546,3814
43,0,age_bin,ema_d0.9999,0.01,0.0001,1.21588,0.48401,3814
43,0,age_bin,mlp_h16,0.001,0.0,0.60582,0.96434,3814
43,0,age_bin,mlp_h32,0.001,0.0,0.41114,1.0,3814
43,0,age_bin,mlp_h64,0.001,0.0,0.12565,1.0,3814
43,0,age_bin,mlp_h128,0.001,0.0,0.03928,1.0,3814
43,0,age_bin,attention,0.0001,1e-05,1.04708,1.0,3814
43,0,age_bin,shuffled,0.01,0.0001,1.15018,0.40771,3814
43,0,gender,ema_lr1e-3,0.001,0.0001,1.08301,0.48715,3814
43,0,gender,ema_lr5e-3,0.005,0.0001,1.00302,0.49135,3814
43,0,gender,ema_lr1e-2,0.01,0.0001,0.94062,0.49161,3814
43,0,gender,ema_lr5e-2,0.05,0.0001,0.77142,0.50944,3814
43,0,gender,ema_lr1e-2_wd1e-3,0.01,0.001,1.0279,0.4764,3814
43,0,gender,ema_d0.99,0.01,0.0001,0.95275,0.50288,3814
43,0,gender,ema_d0.9999,0.01,0.0001,1.00967,0.48899,3814
43,0,gender,mlp_h16,0.001,0.0,0.69579,0.5021,3814
43,0,gender,mlp_h32,0.001,0.0,0.69727,0.50262,3814
43,0,gender,mlp_h64,0.001,0.0,0.69658,0.49397,3814
43,0,gender,mlp_h128,0.001,0.0,0.69571,0.50577,3814
43,0,gender,attention,0.0001,1e-05,0.69295,0.47656,3814
43,0,gender,shuffled,0.01,0.0001,0.96808,0.50131,3814
43,0,star_sign,ema_lr1e-3,0.001,0.0001,3.16728,0.14709,3814
43,0,star_sign,ema_lr5e-3,0.005,0.0001,3.00223,0.10068,3814
43,0,star_sign,ema_lr1e-2,0.01,0.0001,2.74885,0.1408,3814
43,0,star_sign,ema_lr5e-2,0.05,0.0001,1.37963,0.67016,3814
43,0,star_sign,ema_lr1e-2_wd1e-3,0.01,0.001,2.82416,0.12087,3814
43,0,star_sign,ema_d0.99,0.01,0.0001,2.75871,0.13818,3814
43,0,star_sign,ema_d0.9999,0.01,0.0001,2.80475,0.16754,3814
43,0,star_sign,mlp_h16,0.001,0.0,1.16581,0.99895,3814
43,0,star_sign,mlp_h32,0.001,0.0,1.13547,0.99948,3814
43,0,star_sign,mlp_h64,0.001,0.0,0.71272,1.0,3814
43,0,star_sign,mlp_h128,0.001,0.0,0.14735,1.0,3814
43,0,star_sign,attention,0.0001,1e-05,2.40904,1.0,3814
43,0,star_sign,shuffled,0.01,0.0001,2.78799,0.16203,3814
43,4,age_bin,ema_lr1e-3,0.001,0.0001,1.5365,0.40404,3814
43,4,age_bin,ema_lr5e-3,0.005,0.0001,1.28097,0.40168,3814
43,4,age_bin,ema_lr1e-2,0.01,0.0001,1.05918,0.48191,3814
43,4,age_bin,ema_lr5e-2,0.05,0.0001,0.42625,0.93943,3814
43,4,age_bin,ema_lr1e-2_wd1e-3,0.01,0.001,1.03693,0.49502,3814
43,4,age_bin,ema_d0.99,0.01,0.0001,1.16121,0.44179,3814
43,4,age_bin,ema_d0.9999,0.01,0.0001,1.10542,0.44782,3814
43,4,age_bin,mlp_h16,0.001,0.0,0.32843,1.0,3814
43,4,age_bin,mlp_h32,0.001,0.0,0.27001,1.0,3814
43,4,age_bin,mlp_h64,0.001,0.0,0.09568,1.0,3814
43,4,age_bin,mlp_h128,0.001,0.0,0.03909,1.0,3814
43,4,age_bin,attention,0.0001,1e-05,0.42553,1.0,3814
43,4,age_bin,shuffled,0.01,0.0001,1.12744,0.4043,3814
43,4,gender,ema_lr1e-3,0.001,0.0001,0.90552,0.53513,3814
43,4,gender,ema_lr5e-3,0.005,0.0001,0.92907,0.51259,3814
43,4,gender,ema_lr1e-2,0.01,0.0001,0.93847,0.47431,3814
43,4,gender,ema_lr5e-2,0.05,0.0001,0.76234,0.49633,3814
43,4,gender,ema_lr1e-2_wd1e-3,0.01,0.001,0.90552,0.48873,3814
43,4,gender,ema_d0.99,0.01,0.0001,0.84096,0.49554,3814
43,4,gender,ema_d0.9999,0.01,0.0001,0.85189,0.50498,3814
43,4,gender,mlp_h16,0.001,0.0,0.69694,0.49213,3814
43,4,gender,mlp_h32,0.001,0.0,0.7027,0.47981,3814
43,4,gender,mlp_h64,0.001,0.0,0.70508,0.46513,3814
43,4,gender,mlp_h128,0.001,0.0,0.70488,0.46906,3814
43,4,gender,attention,0.0001,1e-05,0.6961,0.51562,3814
43,4,gender,shuffled,0.01,0.0001,0.87669,0.49816,3814
43,4,star_sign,ema_lr1e-3,0.001,0.0001,3.1745,0.1054,3814
43,4,star_sign,ema_lr5e-3,0.005,0.0001,2.86694,0.10435,3814
43,4,star_sign,ema_lr1e-2,0.01,0.0001,2.62568,0.16125,3814
43,4,star_sign,ema_lr5e-2,0.05,0.0001,1.25603,0.75433,3814
43,4,star_sign,ema_lr1e-2_wd1e-3,0.01,0.001,2.72405,0.14106,3814
43,4,star_sign,ema_d0.99,0.01,0.0001,2.6625,0.20241,3814
43,4,star_sign,ema_d0.9999,0.01,0.0001,2.62243,0.14447,3814
43,4,star_sign,mlp_h16,0.001,0.0,2.1341,0.27084,3814
43,4,star_sign,mlp_h32,0.001,0.0,0.95899,0.99948,3814
43,4,star_sign,mlp_h64,0.001,0.0,0.59232,1.0,3814
43,4,star_sign,mlp_h128,0.001,0.0,0.11252,1.0,3814
43,4,star_sign,attention,0.0001,1e-05,2.20842,1.0,3814
43,4,star_sign,shuffled,0.01,0.0001,2.62278,0.15286,3814
43,6,age_bin,ema_lr1e-3,0.001,0.0001,1.75305,0.28264,3814
43,6,age_bin,ema_lr5e-3,0.005,0.0001,1.40445,0.3807,3814
43,6,age_bin,ema_lr1e-2,0.01,0.0001,1.25949,0.41741,3814
43,6,age_bin,ema_lr5e-2,0.05,0.0001,0.44054,0.92921,3814
43,6,age_bin,ema_lr1e-2_wd1e-3,0.01,0.001,1.25193,0.41295,3814
43,6,age_bin,ema_d0.99,0.01,0.0001,1.19762,0.46067,3814
43,6,age_bin,ema_d0.9999,0.01,0.0001,1.19786,0.42606,3814
43,6,age_bin,mlp_h16,0.001,0.0,0.48398,0.99738,3814
43,6,age_bin,mlp_h32,0.001,0.0,0.36427,1.0,3814
43,6,age_bin,mlp_h64,0.001,0.0,0.12294,1.0,3814
43,6,age_bin,mlp_h128,0.001,0.0,0.03934,1.0,3814
43,6,age_bin,attention,0.0001,1e-05,0.01275,0.99219,3814
43,6,age_bin,shuffled,0.01,0.0001,1.14382,0.42659,3814
43,6,gender,ema_lr1e-3,0.001,0.0001,1.13372,0.46801,3814
43,6,gender,ema_lr5e-3,0.005,0.0001,0.91734,0.5388,3814
43,6,gender,ema_lr1e-2,0.01,0.0001,0.91115,0.49869,3814
43,6,gender,ema_lr5e-2,0.05,0.0001,0.77956,0.48846,3814
43,6,gender,ema_lr1e-2_wd1e-3,0.01,0.001,0.93621,0.5,3814
43,6,gender,ema_d0.99,0.01,0.0001,1.00969,0.46067,3814
43,6,gender,ema_d0.9999,0.01,0.0001,0.95194,0.50918,3814
43,6,gender,mlp_h16,0.001,0.0,0.70641,0.47483,3814
43,6,gender,mlp_h32,0.001,0.0,0.70727,0.4764,3814
43,6,gender,mlp_h64,0.001,0.0,0.71091,0.47666,3814
43,6,gender,mlp_h128,0.001,0.0,0.70999,0.48243,3814
43,6,gender,attention,0.0001,1e-05,2.04695,0.51562,3814
43,6,gender,shuffled,0.01,0.0001,0.90884,0.50839,3814
43,6,star_sign,ema_lr1e-3,0.001,0.0001,3.17464,0.09177,3814
43,6,star_sign,ema_lr5e-3,0.005,0.0001,2.96119,0.13503,3814
43,6,star_sign,ema_lr1e-2,0.01,0.0001,2.69378,0.13922,3814
43,6,star_sign,ema_lr5e-2,0.05,0.0001,1.30846,0.66439,3814
43,6,star_sign,ema_lr1e-2_wd1e-3,0.01,0.001,2.73541,0.13608,3814
43,6,star_sign,ema_d0.99,0.01,0.0001,2.79102,0.13686,3814
43,6,star_sign,ema_d0.9999,0.01,0.0001,2.79559,0.13949,3814
43,6,star_sign,mlp_h16,0.001,0.0,1.85125,0.67357,3814
43,6,star_sign,mlp_h32,0.001,0.0,0.92231,1.0,3814
43,6,star_sign,mlp_h64,0.001,0.0,0.59005,1.0,3814
43,6,star_sign,mlp_h128,0.001,0.0,0.09811,1.0,3814
43,6,star_sign,attention,0.0001,1e-05,1.24332,0.78125,3814
43,6,star_sign,shuffled,0.01,0.0001,2.85331,0.12585,3814
44,0,age_bin,ema_lr1e-3,0.001,0.0001,1.49856,0.37928,4026
44,0,age_bin,ema_lr5e-3,0.005,0.0001,1.37814,0.44635,4026
44,0,age_bin,ema_lr1e-2,0.01,0.0001,1.17902,0.43939,4026
44,0,age_bin,ema_lr5e-2,0.05,0.0001,0.44008,0.92176,4026
44,0,age_bin,ema_lr1e-2_wd1e-3,0.01,0.001,1.1868,0.42027,4026
44,0,age_bin,ema_d0.99,0.01,0.0001,1.28046,0.45604,4026
44,0,age_bin,ema_d0.9999,0.01,0.0001,1.24936,0.46349,4026
44,0,age_bin,mlp_h16,0.001,0.0,0.59616,0.962,4026
44,0,age_bin,mlp_h32,0.001,0.0,0.39795,1.0,4026
44,0,age_bin,mlp_h64,0.001,0.0,0.12037,1.0,4026
44,0,age_bin,mlp_h128,0.001,0.0,0.03794,1.0,4026
44,0,age_bin,attention,0.0001,1e-05,1.04472,1.0,4026
44,0,age_bin,shuffled,0.01,0.0001,1.15511,0.4081,4026
44,0,gender,ema_lr1e-3,0.001,0.0001,1.0558,0.49478,4026
44,0,gender,ema_lr5e-3,0.005,0.0001,1.00488,0.50373,4026
44,0,gender,ema_lr1e-2,0.01,0.0001,0.93464,0.49727,4026
44,0,gender,ema_lr5e-2,0.05,0.0001,0.77183,0.50919,4026
44,0,gender,ema_lr1e-2_wd1e-3,0.01,0.001,0.99826,0.49801,4026
44,0,gender,ema_d0.99,0.01,0.0001,0.95962,0.50224,4026
44,0,gender,ema_d0.9999,0.01,0.0001,0.98052,0.5072,4026
44,0,gender,mlp_h16,0.001,0.0,0.69556,0.49776,4026
44,0,gender,mlp_h32,0.001,0.0,0.69575,0.49727,4026
44,0,gender,mlp_h64,0.001,0.0,0.69261,0.52484,4026
44,0,gender,mlp_h128,0.001,0.0,0.69509,0.50919,4026
44,0,gender,attention,0.0001,1e-05,0.69321,0.44531,4026
44,0,gender,shuffled,0.01,0.0001,0.94983,0.5231,4026
44,0,star_sign,ema_lr1e-3,0.001,0.0001,3.20134,0.15499,4026
44,0,star_sign,ema_lr5e-3,0.005,0.0001,3.00121,0.10904,4026
44,0,star_sign,ema_lr1e-2,0.01,0.0001,2.73685,0.14853,4026
44,0,star_sign,ema_lr5e-2,0.05,0.0001,1.34647,0.67784,4026
44,0,star_sign,ema_lr1e-2_wd1e-3,0.01,0.001,2.77737,0.12842,4026
44,0,star_sign,ema_d0.99,0.01,0.0001,2.75458,0.14034,4026
44,0,star_sign,ema_d0.9999,0.01,0.0001,2.72643,0.18877,4026
44,0,star_sign,mlp_h16,0.001,0.0,1.14597,0.9995,4026
44,0,star_sign,mlp_h32,0.001,0.0,1.10156,0.99925,4026
44,0,star_sign,mlp_h64,0.001,0.0,0.67618,1.0,4026
44,0,star_sign,mlp_h128,0.001,0.0,0.13887,1.0,4026
44,0,star_sign,attention,0.0001,1e-05,2.40843,1.0,4026
44,0,star_sign,shuffled,0.01,0.0001,2.82805,0.16095,4026
44,4,age_bin,ema_lr1e-3,0.001,0.0001,1.46577,0.42077,4026
44,4,age_bin,ema_lr5e-3,0.005,0.0001,1.26339,0.40636,4026
44,4,age_bin,ema_lr1e-2,0.01,0.0001,1.05897,0.48857,4026
44,4,age_bin,ema_lr5e-2,0.05,0.0001,0.41793,0.94138,4026
44,4,age_bin,ema_lr1e-2_wd1e-3,0.01,0.001,1.08036,0.48137,4026
44,4,age_bin,ema_d0.99,0.01,0.0001,1.09371,0.47616,4026
44,4,age_bin,ema_d0.9999,0.01,0.0001,1.07376,0.45877,4026
44,4,age_bin,mlp_h16,0.001,0.0,0.31933,1.0,4026
44,4,age_bin,mlp_h32,0.001,0.0,0.2519,1.0,4026
44,4,age_bin,mlp_h64,0.001,0.0,0.09155,1.0,4026
44,4,age_bin,mlp_h128,0.001,0.0,0.0374,1.0,4026
44,4,age_bin,attention,0.0001,1e-05,0.40083,1.0,4026
44,4,age_bin,shuffled,0.01,0.0001,1.12221,0.41182,4026
44,4,gender,ema_lr1e-3,0.001,0.0001,1.04883,0.46796,4026
44,4,gender,ema_lr5e-3,0.005,0.0001,0.95234,0.48758,4026
44,4,gender,ema_lr1e-2,0.01,0.0001,0.89358,0.49305,4026
44,4,gender,ema_lr5e-2,0.05,0.0001,0.74801,0.4995,4026
44,4,gender,ema_lr1e-2_wd1e-3,0.01,0.001,0.88404,0.48882,4026
44,4,gender,ema_d0.99,0.01,0.0001,0.81266,0.5082,4026
44,4,gender,ema_d0.9999,0.01,0.0001,0.8769,0.48733,4026
44,4,gender,mlp_h16,0.001,0.0,0.69377,0.51565,4026
44,4,gender,mlp_h32,0.001,0.0,0.69032,0.53328,4026
44,4,gender,mlp_h64,0.001,0.0,0.69109,0.52558,4026
44,4,gender,mlp_h128,0.001,0.0,0.69228,0.51962,4026
44,4,gender,attention,0.0001,1e-05,0.69304,0.49219,4026
44,4,gender,shuffled,0.01,0.0001,0.86032,0.5,4026
44,4,star_sign,ema_lr1e-3,0.001,0.0001,3.17327,0.11252,4026
44,4,star_sign,ema_lr5e-3,0.005,0.0001,2.91279,0.09141,4026
44,4,star_sign,ema_lr1e-2,0.01,0.0001,2.56716,0.18033,4026
44,4,star_sign,ema_lr5e-2,0.05,0.0001,1.21044,0.77546,4026
44,4,star_sign,ema_lr1e-2_wd1e-3,0.01,0.001,2.66824,0.14655,4026
44,4,star_sign,ema_d0.99,0.01,0.0001,2.62771,0.20616,4026
44,4,star_sign,ema_d0.9999,0.01,0.0001,2.5978,0.14804,4026
44,4,star_sign,mlp_h16,0.001,0.0,2.12082,0.28713,4026
44,4,star_sign,mlp_h32,0.001,0.0,0.90957,0.99975,4026
44,4,star_sign,mlp_h64,0.001,0.0,0.55545,1.0,4026
44,4,star_sign,mlp_h128,0.001,0.0,0.10399,1.0,4026
44,4,star_sign,attention,0.0001,1e-05,2.21013,0.97656,4026
44,4,star_sign,shuffled,0.01,0.0001,2.58517,0.15176,4026
44,6,age_bin,ema_lr1e-3,0.001,0.0001,1.74412,0.26379,4026
44,6,age_bin,ema_lr5e-3,0.005,0.0001,1.42365,0.3686,4026
44,6,age_bin,ema_lr1e-2,0.01,0.0001,1.19895,0.45529,4026
44,6,age_bin,ema_lr5e-2,0.05,0.0001,0.43274,0.93393,4026
44,6,age_bin,ema_lr1e-2_wd1e-3,0.01,0.001,1.1506,0.46448,4026
44,6,age_bin,ema_d0.99,0.01,0.0001,1.14564,0.48087,4026
44,6,age_bin,ema_d0.9999,0.01,0.0001,1.17185,0.44486,4026
44,6,age_bin,mlp_h16,0.001,0.0,0.47689,0.99652,4026
44,6,age_bin,mlp_h32,0.001,0.0,0.34529,1.0,4026
44,6,age_bin,mlp_h64,0.001,0.0,0.1128,1.0,4026
44,6,age_bin,mlp_h128,0.001,0.0,0.03719,1.0,4026
44,6,age_bin,attention,0.0001,1e-05,0.03196,0.99219,4026
44,6,age_bin,shuffled,0.01,0.0001,1.10713,0.45827,4026
44,6,gender,ema_lr1e-3,0.001,0.0001,1.10008,0.49528,4026
44,6,gender,ema_lr5e-3,0.005,0.0001,0.95416,0.51267,4026
44,6,gender,ema_lr1e-2,0.01,0.0001,0.90824,0.51391,4026
44,6,gender,ema_lr5e-2,0.05,0.0001,0.74462,0.52186,4026
44,6,gender,ema_lr1e-2_wd1e-3,0.01,0.001,0.86466,0.52956,4026
44,6,gender,ema_d0.99,0.01,0.0001,0.88962,0.50348,4026
44,6,gender,ema_d0.9999,0.01,0.0001,0.95942,0.49652,4026
44,6,gender,mlp_h16,0.001,0.0,0.69265,0.52012,4026
44,6,gender,mlp_h32,0.001,0.0,0.69192,0.52558,4026
44,6,gender,mlp_h64,0.001,0.0,0.68856,0.52881,4026
44,6,gender,mlp_h128,0.001,0.0,0.69468,0.52037,4026
44,6,gender,attention,0.0001,1e-05,2.17001,0.46875,4026
44,6,gender,shuffled,0.01,0.0001,0.90605,0.50124,4026
44,6,star_sign,ema_lr1e-3,0.001,0.0001,3.27429,0.08246,4026
44,6,star_sign,ema_lr5e-3,0.005,0.0001,2.95666,0.13115,4026
44,6,star_sign,ema_lr1e-2,0.01,0.0001,2.78777,0.12146,4026
44,6,star_sign,ema_lr5e-2,0.05,0.0001,1.3125,0.66791,4026
44,6,star_sign,ema_lr1e-2_wd1e-3,0.01,0.001,2.70452,0.13015,4026
44,6,star_sign,ema_d0.99,0.01,0.0001,2.73198,0.154,4026
44,6,star_sign,ema_d0.9999,0.01,0.0001,2.80828,0.13686,4026
44,6,star_sign,mlp_h16,0.001,0.0,1.83106,0.68679,4026
44,6,star_sign,mlp_h32,0.001,0.0,0.8785,1.0,4026
44,6,star_sign,mlp_h64,0.001,0.0,0.53804,1.0,4026
44,6,star_sign,mlp_h128,0.001,0.0,0.09239,1.0,4026
44,6,star_sign,attention,0.0001,1e-05,1.66829,0.8125,4026
44,6,star_sign,shuffled,0.01,0.0001,2.73998,0.14357,4026
45,0,age_bin,ema_lr1e-3,0.001,0.0001,1.48419,0.38314,4330
45,0,age_bin,ema_lr5e-3,0.005,0.0001,1.39813,0.4448,4330
45,0,age_bin,ema_lr1e-2,0.01,0.0001,1.14927,0.45889,4330
45,0,age_bin,ema_lr5e-2,0.05,0.0001,0.44309,0.9157,4330
45,0,age_bin,ema_lr1e-2_wd1e-3,0.01,0.001,1.20699,0.4164,4330
45,0,age_bin,ema_d0.99,0.01,0.0001,1.21657,0.47252,4330
45,0,age_bin,ema_d0.9999,0.01,0.0001,1.1958,0.48799,4330
45,0,age_bin,mlp_h16,0.001,0.0,0.58622,0.97298,4330
45,0,age_bin,mlp_h32,0.001,0.0,0.38156,1.0,4330
45,0,age_bin,mlp_h64,0.001,0.0,0.11148,1.0,4330
45,0,age_bin,mlp_h128,0.001,0.0,0.03433,1.0,4330
45,0,age_bin,attention,0.0001,1e-05,1.0445,1.0,4330
45,0,age_bin,shuffled,0.01,0.0001,1.12743,0.41224,4330
45,0,gender,ema_lr1e-3,0.001,0.0001,1.04001,0.51755,4330
45,0,gender,ema_lr5e-3,0.005,0.0001,1.01835,0.49838,4330
45,0,gender,ema_lr1e-2,0.01,0.0001,0.92855,0.49746,4330
45,0,gender,ema_lr5e-2,0.05,0.0001,0.7821,0.49284,4330
45,0,gender,ema_lr1e-2_wd1e-3,0.01,0.001,1.00014,0.50624,4330
45,0,gender,ema_d0.99,0.01,0.0001,0.93624,0.50947,4330
45,0,gender,ema_d0.9999,0.01,0.0001,0.9649,0.51801,4330
45,0,gender,mlp_h16,0.001,0.0,0.69538,0.49561,4330
45,0,gender,mlp_h32,0.001,0.0,0.69333,0.50716,4330
45,0,gender,mlp_h64,0.001,0.0,0.69757,0.47691,4330
45,0,gender,mlp_h128,0.001,0.0,0.69533,0.49954,4330
45,0,gender,attention,0.0001,1e-05,0.69313,0.50781,4330
45,0,gender,shuffled,0.01,0.0001,0.99364,0.49053,4330
45,0,star_sign,ema_lr1e-3,0.001,0.0001,3.1911,0.15982,4330
45,0,star_sign,ema_lr5e-3,0.005,0.0001,2.95195,0.11085,4330
45,0,star_sign,ema_lr1e-2,0.01,0.0001,2.72635,0.1448,4330
45,0,star_sign,ema_lr5e-2,0.05,0.0001,1.32081,0.69261,4330
45,0,star_sign,ema_lr1e-2_wd1e-3,0.01,0.001,2.7417,0.13233,4330
45,0,star_sign,ema_d0.99,0.01,0.0001,2.77973,0.14111,4330
45,0,star_sign,ema_d0.9999,0.01,0.0001,2.66442,0.20554,4330
45,0,star_sign,mlp_h16,0.001,0.0,1.11424,0.99977,4330
45,0,star_sign,mlp_h32,0.001,0.0,1.05291,0.99977,4330
45,0,star_sign,mlp_h64,0.001,0.0,0.62626,1.0,4330
45,0,star_sign,mlp_h128,0.001,0.0,0.12091,1.0,4330
45,0,star_sign,attention,0.0001,1e-05,2.4053,1.0,4330
45,0,star_sign,shuffled,0.01,0.0001,2.81793,0.15404,4330
45,4,age_bin,ema_lr1e-3,0.001,0.0001,1.43122,0.42679,4330
45,4,age_bin,ema_lr5e-3,0.005,0.0001,1.2776,0.38406,4330
45,4,age_bin,ema_lr1e-2,0.01,0.0001,1.02989,0.50323,4330
45,4,age_bin,ema_lr5e-2,0.05,0.0001,0.40792,0.9485,4330
45,4,age_bin,ema_lr1e-2_wd1e-3,0.01,0.001,1.08022,0.45866,4330
45,4,age_bin,ema_d0.99,0.01,0.0001,1.09394,0.47344,4330
45,4,age_bin,ema_d0.9999,0.01,0.0001,1.10295,0.44873,4330
45,4,age_bin,mlp_h16,0.001,0.0,0.30516,1.0,4330
45,4,age_bin,mlp_h32,0.001,0.0,0.25468,1.0,4330
45,4,age_bin,mlp_h64,0.001,0.0,0.08323,1.0,4330
45,4,age_bin,mlp_h128,0.001,0.0,0.03518,1.0,4330
45,4,age_bin,attention,0.0001,1e-05,0.4099,1.0,4330
45,4,age_bin,shuffled,0.01,0.0001,1.08372,0.44042,4330
45,4,gender,ema_lr1e-3,0.001,0.0001,0.95661,0.51201,4330
45,4,gender,ema_lr5e-3,0.005,0.0001,0.909,0.50993,4330
45,4,gender,ema_lr1e-2,0.01,0.0001,0.87989,0.51732,4330
45,4,gender,ema_lr5e-2,0.05,0.0001,0.75139,0.50508,4330
45,4,gender,ema_lr1e-2_wd1e-3,0.01,0.001,0.87356,0.49538,4330
45,4,gender,ema_d0.99,0.01,0.0001,0.8132,0.5097,4330
45,4,gender,ema_d0.9999,0.01,0.0001,0.84765,0.50462,4330
45,4,gender,mlp_h16,0.001,0.0,0.6927,0.50947,4330
45,4,gender,mlp_h32,0.001,0.0,0.69127,0.52217,4330
45,4,gender,mlp_h64,0.001,0.0,0.69377,0.51686,4330
45,4,gender,mlp_h128,0.001,0.0,0.69544,0.50993,4330
45,4,gender,attention,0.0001,1e-05,0.68879,0.53125,4330
45,4,gender,shuffled,0.01,0.0001,0.87711,0.47921,4330
45,4,star_sign,ema_lr1e-3,0.001,0.0001,3.11241,0.11201,4330
45,4,star_sign,ema_lr5e-3,0.005,0.0001,2.83719,0.09908,4330
45,4,star_sign,ema_lr1e-2,0.01,0.0001,2.61479,0.16028,4330
45,4,star_sign,ema_lr5e-2,0.05,0.0001,1.20406,0.78938,4330
45,4,star_sign,ema_lr1e-2_wd1e-3,0.01,0.001,2.62455,0.16467,4330
45,4,star_sign,ema_d0.99,0.01,0.0001,2.62929,0.21132,4330
45,4,star_sign,ema_d0.9999,0.01,0.0001,2.57524,0.16028,4330
45,4,star_sign,mlp_h16,0.001,0.0,2.11873,0.30924,4330
45,4,star_sign,mlp_h32,0.001,0.0,0.882,0.99977,4330
45,4,star_sign,mlp_h64,0.001,0.0,0.52199,1.0,4330
45,4,star_sign,mlp_h128,0.001,0.0,0.09393,1.0,4330
45,4,star_sign,attention,0.0001,1e-05,2.19224,1.0,4330
45,4,star_sign,shuffled,0.01,0.0001,2.5433,0.16212,4330
45,6,age_bin,ema_lr1e-3,0.001,0.0001,1.58,0.31062,4330
45,6,age_bin,ema_lr5e-3,0.005,0.0001,1.4486,0.3418,4330
45,6,age_bin,ema_lr1e-2,0.01,0.0001,1.10136,0.4843,4330
45,6,age_bin,ema_lr5e-2,0.05,0.0001,0.4257,0.93764,4330
45,6,age_bin,ema_lr1e-2_wd1e-3,0.01,0.001,1.18201,0.45289,4330
45,6,age_bin,ema_d0.99,0.01,0.0001,1.2977,0.42079,4330
45,6,age_bin,ema_d0.9999,0.01,0.0001,1.13774,0.45058,4330
45,6,age_bin,mlp_h16,0.001,0.0,0.49171,0.99284,4330
45,6,age_bin,mlp_h32,0.001,0.0,0.33168,1.0,4330
45,6,age_bin,mlp_h64,0.001,0.0,0.11082,1.0,4330
45,6,age_bin,mlp_h128,0.001,0.0,0.03521,1.0,4330
45,6,age_bin,attention,0.0001,1e-05,0.25581,0.98438,4330
45,6,age_bin,shuffled,0.01,0.0001,1.14091,0.44596,4330
45,6,gender,ema_lr1e-3,0.001,0.0001,1.11092,0.4873,4330
45,6,gender,ema_lr5e-3,0.005,0.0001,0.92914,0.51848,4330
45,6,gender,ema_lr1e-2,0.01,0.0001,0.94652,0.47829,4330
45,6,gender,ema_lr5e-2,0.05,0.0001,0.76762,0.50323,4330
45,6,gender,ema_lr1e-2_wd1e-3,0.01,0.001,0.87608,0.53095,4330
45,6,gender,ema_d0.99,0.01,0.0001,0.89098,0.51594,4330
45,6,gender,ema_d0.9999,0.01,0.0001,0.97768,0.48037,4330
45,6,gender,mlp_h16,0.001,0.0,0.69582,0.51432,4330
45,6,gender,mlp_h32,0.001,0.0,0.70407,0.48176,4330
45,6,gender,mlp_h64,0.001,0.0,0.70157,0.5,4330
45,6,gender,mlp_h128,0.001,0.0,0.70721,0.49192,4330
45,6,gender,attention,0.0001,1e-05,1.93818,0.48438,4330
45,6,gender,shuffled,0.01,0.0001,0.89003,0.51155,4330
45,6,star_sign,ema_lr1e-3,0.001,0.0001,3.15866,0.08591,4330
45,6,star_sign,ema_lr5e-3,0.005,0.0001,3.00649,0.13949,4330
45,6,star_sign,ema_lr1e-2,0.01,0.0001,2.81136,0.11109,4330
45,6,star_sign,ema_lr5e-2,0.05,0.0001,1.33746,0.66443,4330
45,6,star_sign,ema_lr1e-2_wd1e-3,0.01,0.001,2.75989,0.1157,4330
45,6,star_sign,ema_d0.99,0.01,0.0001,2.78571,0.14503,4330
45,6,star_sign,ema_d0.9999,0.01,0.0001,2.7149,0.14365,4330
45,6,star_sign,mlp_h16,0.001,0.0,1.78798,0.72171,4330
45,6,star_sign,mlp_h32,0.001,0.0,0.83033,1.0,4330
45,6,star_sign,mlp_h64,0.001,0.0,0.52689,1.0,4330
45,6,star_sign,mlp_h128,0.001,0.0,0.08879,1.0,4330
45,6,star_sign,attention,0.0001,1e-05,1.07642,0.85156,4330
45,6,star_sign,shuffled,0.01,0.0001,2.64149,0.16028,4330
46,0,age_bin,ema_lr1e-3,0.001,0.0001,1.46968,0.39556,4146
46,0,age_bin,ema_lr5e-3,0.005,0.0001,1.3725,0.4479,4146
46,0,age_bin,ema_lr1e-2,0.01,0.0001,1.17292,0.43681,4146
46,0,age_bin,ema_lr5e-2,0.05,0.0001,0.42958,0.92402,4146
46,0,age_bin,ema_lr1e-2_wd1e-3,0.01,0.001,1.17287,0.43247,4146
46,0,age_bin,ema_d0.99,0.01,0.0001,1.22088,0.4807,4146
46,0,age_bin,ema_d0.9999,0.01,0.0001,1.19379,0.48649,4146
46,0,age_bin,mlp_h16,0.001,0.0,0.5747,0.97226,4146
46,0,age_bin,mlp_h32,0.001,0.0,0.36521,0.99976,4146
46,0,age_bin,mlp_h64,0.001,0.0,0.10733,1.0,4146
46,0,age_bin,mlp_h128,0.001,0.0,0.03375,1.0,4146
46,0,age_bin,attention,0.0001,1e-05,1.04382,1.0,4146
46,0,age_bin,shuffled,0.01,0.0001,1.14439,0.38109,4146
46,0,gender,ema_lr1e-3,0.001,0.0001,1.03626,0.50844,4146
46,0,gender,ema_lr5e-3,0.005,0.0001,0.9987,0.49662,4146
46,0,gender,ema_lr1e-2,0.01,0.0001,0.93201,0.48577,4146
46,0,gender,ema_lr5e-2,0.05,0.0001,0.75914,0.51351,4146
46,0,gender,ema_lr1e-2_wd1e-3,0.01,0.001,1.02567,0.48915,4146
46,0,gender,ema_d0.99,0.01,0.0001,0.97284,0.50265,4146
46,0,gender,ema_d0.9999,0.01,0.0001,0.95081,0.51399,4146
46,0,gender,mlp_h16,0.001,0.0,0.69581,0.49686,4146
46,0,gender,mlp_h32,0.001,0.0,0.6954,0.50579,4146
46,0,gender,mlp_h64,0.001,0.0,0.69603,0.4959,4146
46,0,gender,mlp_h128,0.001,0.0,0.69526,0.50241,4146
46,0,gender,attention,0.0001,1e-05,0.69279,0.53906,4146
46,0,gender,shuffled,0.01,0.0001,0.97004,0.49662,4146
46,0,star_sign,ema_lr1e-3,0.001,0.0001,3.20887,0.14737,4146
46,0,star_sign,ema_lr5e-3,0.005,0.0001,2.96635,0.1218,4146
46,0,star_sign,ema_lr1e-2,0.01,0.0001,2.70714,0.14375,4146
46,0,star_sign,ema_lr5e-2,0.05,0.0001,1.30947,0.68234,4146
46,0,star_sign,ema_lr1e-2_wd1e-3,0.01,0.001,2.74023,0.13531,4146
46,0,star_sign,ema_d0.99,0.01,0.0001,2.73574,0.13821,4146
46,0,star_sign,ema_d0.9999,0.01,0.0001,2.69345,0.18886,4146
46,0,star_sign,mlp_h16,0.001,0.0,1.10067,0.99928,4146
46,0,star_sign,mlp_h32,0.001,0.0,1.03111,0.99976,4146
46,0,star_sign,mlp_h64,0.001,0.0,0.59736,1.0,4146
46,0,star_sign,mlp_h128,0.001,0.0,0.11306,1.0,4146
46,0,star_sign,attention,0.0001,1e-05,2.40436,1.0,4146
46,0,star_sign,shuffled,0.01,0.0001,2.77546,0.16257,4146
46,4,age_bin,ema_lr1e-3,0.001,0.0001,1.45166,0.4122,4146
46,4,age_bin,ema_lr5e-3,0.005,0.0001,1.26562,0.39122,4146
46,4,age_bin,ema_lr1e-2,0.01,0.0001,1.03896,0.49783,4146
46,4,age_bin,ema_lr5e-2,0.05,0.0001,0.41147,0.94983,4146
46,4,age_bin,ema_lr1e-2_wd1e-3,0.01,0.001,1.03564,0.49301,4146
46,4,age_bin,ema_d0.99,0.01,0.0001,1.09031,0.47178,4146
46,4,age_bin,ema_d0.9999,0.01,0.0001,1.07012,0.45827,4146
46,4,age_bin,mlp_h16,0.001,0.0,0.29692,1.0,4146
46,4,age_bin,mlp_h32,0.001,0.0,0.23408,1.0,4146
46,4,age_bin,mlp_h64,0.001,0.0,0.07885,1.0,4146
46,4,age_bin,mlp_h128,0.001,0.0,0.0324,1.0,4146
46,4,age_bin,attention,0.0001,1e-05,0.37364,1.0,4146
46,4,age_bin,shuffled,0.01,0.0001,1.04735,0.45441,4146
46,4,gender,ema_lr1e-3,0.001,0.0001,0.99002,0.49228,4146
46,4,gender,ema_lr5e-3,0.005,0.0001,0.92388,0.50169,4146
46,4,gender,ema_lr1e-2,0.01,0.0001,0.91908,0.49397,4146
46,4,gender,ema_lr5e-2,0.05,0.0001,0.76672,0.48215,4146
46,4,gender,ema_lr1e-2_wd1e-3,0.01,0.001,0.85561,0.50844,4146
46,4,gender,ema_d0.99,0.01,0.0001,0.81091,0.51495,4146
46,4,gender,ema_d0.9999,0.01,0.0001,0.86783,0.48939,4146
46,4,gender,mlp_h16,0.001,0.0,0.69685,0.49831,4146
46,4,gender,mlp_h32,0.001,0.0,0.69799,0.50362,4146
46,4,gender,mlp_h64,0.001,0.0,0.69673,0.49252,4146
46,4,gender,mlp_h128,0.001,0.0,0.69624,0.50507,4146
46,4,gender,attention,0.0001,1e-05,0.69015,0.52344,4146
46,4,gender,shuffled,0.01,0.0001,0.86032,0.50772,4146
46,4,star_sign,ema_lr1e-3,0.001,0.0001,3.12135,0.11384,4146
46,4,star_sign,ema_lr5e-3,0.005,0.0001,2.87604,0.09262,4146
46,4,star_sign,ema_lr1e-2,0.01,0.0001,2.57674,0.17173,4146
46,4,star_sign,ema_lr5e-2,0.05,0.0001,1.17208,0.80125,4146
46,4,star_sign,ema_lr1e-2_wd1e-3,0.01,0.001,2.67142,0.14351,4146
46,4,star_sign,ema_d0.99,0.01,0.0001,2.60048,0.21008,4146
46,4,star_sign,ema_d0.9999,0.01,0.0001,2.64176,0.14713,4146
46,4,star_sign,mlp_h16,0.001,0.0,2.10707,0.32031,4146
46,4,star_sign,mlp_h32,0.001,0.0,0.83245,1.0,4146
46,4,star_sign,mlp_h64,0.001,0.0,0.47691,1.0,4146
46,4,star_sign,mlp_h128,0.001,0.0,0.08366,1.0,4146
46,4,star_sign,attention,0.0001,1e-05,2.18758,1.0,4146
46,4,star_sign,shuffled,0.01,0.0001,2.6049,0.1575,4146
46,6,age_bin,ema_lr1e-3,0.001,0.0001,1.59101,0.33237,4146
46,6,age_bin,ema_lr5e-3,0.005,0.0001,1.52752,0.33092,4146
46,6,age_bin,ema_lr1e-2,0.01,0.0001,1.16487,0.47202,4146
46,6,age_bin,ema_lr5e-2,0.05,0.0001,0.42968,0.93464,4146
46,6,age_bin,ema_lr1e-2_wd1e-3,0.01,0.001,1.16659,0.44983,4146
46,6,age_bin,ema_d0.99,0.01,0.0001,1.15627,0.47612,4146
46,6,age_bin,ema_d0.9999,0.01,0.0001,1.1111,0.47226,4146
46,6,age_bin,mlp_h16,0.001,0.0,0.47094,0.99421,4146
46,6,age_bin,mlp_h32,0.001,0.0,0.32275,1.0,4146
46,6,age_bin,mlp_h64,0.001,0.0,0.10652,1.0,4146
46,6,age_bin,mlp_h128,0.001,0.0,0.03355,1.0,4146
46,6,age_bin,attention,0.0001,1e-05,0.09791,0.97656,4146
46,6,age_bin,shuffled,0.01,0.0001,1.18849,0.41076,4146
46,6,gender,ema_lr1e-3,0.001,0.0001,1.04325,0.50917,4146
46,6,gender,ema_lr5e-3,0.005,0.0001,0.94496,0.50699,4146
46,6,gender,ema_lr1e-2,0.01,0.0001,0.9242,0.49735,4146
46,6,gender,ema_lr5e-2,0.05,0.0001,0.76147,0.49976,4146
46,6,gender,ema_lr1e-2_wd1e-3,0.01,0.001,0.96289,0.47829,4146
46,6,gender,ema_d0.99,0.01,0.0001,1.00271,0.45707,4146
46,6,gender,ema_d0.9999,0.01,0.0001,0.98805,0.47733,4146
46,6,gender,mlp_h16,0.001,0.0,0.6936,0.51471,4146
46,6,gender,mlp_h32,0.001,0.0,0.69683,0.49855,4146
46,6,gender,mlp_h64,0.001,0.0,0.69209,0.50844,4146
46,6,gender,mlp_h128,0.001,0.0,0.69187,0.51881,4146
46,6,gender,attention,0.0001,1e-05,2.20695,0.50781,4146
46,6,gender,shuffled,0.01,0.0001,0.89726,0.50314,4146
46,6,star_sign,ema_lr1e-3,0.001,0.0001,3.16677,0.08201,4146
46,6,star_sign,ema_lr5e-3,0.005,0.0001,3.03878,0.11071,4146
46,6,star_sign,ema_lr1e-2,0.01,0.0001,2.75421,0.12759,4146
46,6,star_sign,ema_lr5e-2,0.05,0.0001,1.2559,0.69682,4146
46,6,star_sign,ema_lr1e-2_wd1e-3,0.01,0.001,2.73839,0.11746,4146
46,6,star_sign,ema_d0.99,0.01,0.0001,2.81434,0.13338,4146
46,6,star_sign,ema_d0.9999,0.01,0.0001,2.73482,0.14954,4146
46,6,star_sign,mlp_h16,0.001,0.0,1.77636,0.73758,4146
46,6,star_sign,mlp_h32,0.001,0.0,0.81679,1.0,4146
46,6,star_sign,mlp_h64,0.001,0.0,0.49471,1.0,4146
46,6,star_sign,mlp_h128,0.001,0.0,0.08251,1.0,4146
46,6,star_sign,attention,0.0001,1e-05,1.33709,0.79688,4146
46,6,star_sign,shuffled,0.01,0.0001,2.73015,0.1411,4146
47,0,age_bin,ema_lr1e-3,0.001,0.0001,1.47473,0.38745,4318
47,0,age_bin,ema_lr5e-3,0.005,0.0001,1.39396,0.434,4318
47,0,age_bin,ema_lr1e-2,0.01,0.0001,1.15243,0.43979,4318
47,0,age_bin,ema_lr5e-2,0.05,0.0001,0.40823,0.93724,4318
47,0,age_bin,ema_lr1e-2_wd1e-3,0.01,0.001,1.15321,0.44025,4318
47,0,age_bin,ema_d0.99,0.01,0.0001,1.20061,0.50926,4318
47,0,age_bin,ema_d0.9999,0.01,0.0001,1.17218,0.51783,4318
47,0,age_bin,mlp_h16,0.001,0.0,0.56462,0.97684,4318
47,0,age_bin,mlp_h32,0.001,0.0,0.3571,1.0,4318
47,0,age_bin,mlp_h64,0.001,0.0,0.10114,1.0,4318
47,0,age_bin,mlp_h128,0.001,0.0,0.03145,1.0,4318
47,0,age_bin,attention,0.0001,1e-05,1.04254,1.0,4318
47,0,age_bin,shuffled,0.01,0.0001,1.13677,0.42103,4318
47,0,gender,ema_lr1e-3,0.001,0.0001,1.0554,0.49467,4318
47,0,gender,ema_lr5e-3,0.005,0.0001,0.9596,0.50996,4318
47,0,gender,ema_lr1e-2,0.01,0.0001,0.91986,0.50672,4318
47,0,gender,ema_lr5e-2,0.05,0.0001,0.76782,0.49653,4318
47,0,gender,ema_lr1e-2_wd1e-3,0.01,0.001,0.98709,0.48587,4318
47,0,gender,ema_d0.99,0.01,0.0001,0.94319,0.51112,4318
47,0,gender,ema_d0.9999,0.01,0.0001,0.95617,0.50486,4318
47,0,gender,mlp_h16,0.001,0.0,0.69335,0.50903,4318
47,0,gender,mlp_h32,0.001,0.0,0.69449,0.52038,4318
47,0,gender,mlp_h64,0.001,0.0,0.69291,0.51251,4318
47,0,gender,mlp_h128,0.001,0.0,0.69373,0.51691,4318
47,0,gender,attention,0.0001,1e-05,0.69292,0.53125,4318
47,0,gender,shuffled,0.01,0.0001,0.95351,0.50996,4318
47,0,star_sign,ema_lr1e-3,0.001,0.0001,3.15533,0.1591,4318
47,0,star_sign,ema_lr5e-3,0.005,0.0001,2.93518,0.11232,4318
47,0,star_sign,ema_lr1e-2,0.01,0.0001,2.65899,0.14497,4318
47,0,star_sign,ema_lr5e-2,0.05,0.0001,1.2774,0.70079,4318
47,0,star_sign,ema_lr1e-2_wd1e-3,0.01,0.001,2.72794,0.13525,4318
47,0,star_sign,ema_d0.99,0.01,0.0001,2.74535,0.13432,4318
47,0,star_sign,ema_d0.9999,0.01,0.0001,2.70241,0.1899,4318
47,0,star_sign,mlp_h16,0.001,0.0,1.08258,1.0,4318
47,0,star_sign,mlp_h32,0.001,0.0,0.9978,1.0,4318
47,0,star_sign,mlp_h64,0.001,0.0,0.56924,1.0,4318
47,0,star_sign,mlp_h128,0.001,0.0,0.10405,1.0,4318
47,0,star_sign,attention,0.0001,1e-05,2.40315,1.0,4318
47,0,star_sign,shuffled,0.01,0.0001,2.77622,0.16582,4318
47,4,age_bin,ema_lr1e-3,0.001,0.0001,1.44959,0.40991,4318
47,4,age_bin,ema_lr5e-3,0.005,0.0001,1.28083,0.38953,4318
47,4,age_bin,ema_lr1e-2,0.01,0.0001,1.03362,0.50648,4318
47,4,age_bin,ema_lr5e-2,0.05,0.0001,0.39649,0.95669,4318
47,4,age_bin,ema_lr1e-2_wd1e-3,0.01,0.001,1.03496,0.4912,4318
47,4,age_bin,ema_d0.99,0.01,0.0001,1.08133,0.47151,4318
47,4,age_bin,ema_d0.9999,0.01,0.0001,1.10575,0.44048,4318
47,4,age_bin,mlp_h16,0.001,0.0,0.29044,1.0,4318
47,4,age_bin,mlp_h32,0.001,0.0,0.23052,1.0,4318
47,4,age_bin,mlp_h64,0.001,0.0,0.07274,1.0,4318
47,4,age_bin,mlp_h128,0.001,0.0,0.03045,1.0,4318
47,4,age_bin,attention,0.0001,1e-05,0.35407,1.0,4318
47,4,age_bin,shuffled,0.01,0.0001,1.06919,0.44187,4318
47,4,gender,ema_lr1e-3,0.001,0.0001,1.00133,0.48749,4318
47,4,gender,ema_lr5e-3,0.005,0.0001,0.92847,0.48819,4318
47,4,gender,ema_lr1e-2,0.01,0.0001,0.90656,0.48726,4318
47,4,gender,ema_lr5e-2,0.05,0.0001,0.7351,0.52339,4318
47,4,gender,ema_lr1e-2_wd1e-3,0.01,0.001,0.86911,0.49444,4318
47,4,gender,ema_d0.99,0.01,0.0001,0.83889,0.48657,4318
47,4,gender,ema_d0.9999,0.01,0.0001,0.82492,0.52015,4318
47,4,gender,mlp_h16,0.001,0.0,0.69198,0.52015,4318
47,4,gender,mlp_h32,0.001,0.0,0.69645,0.49745,4318
47,4,gender,mlp_h64,0.001,0.0,0.69395,0.51737,4318
47,4,gender,mlp_h128,0.001,0.0,0.6962,0.50509,4318
47,4,gender,attention,0.0001,1e-05,0.69691,0.4375,4318
47,4,gender,shuffled,0.01,0.0001,0.83257,0.50463,4318
47,4,star_sign,ema_lr1e-3,0.001,0.0001,3.15792,0.11093,4318
47,4,star_sign,ema_lr5e-3,0.005,0.0001,2.82811,0.10746,4318
47,4,star_sign,ema_lr1e-2,0.01,0.0001,2.606,0.15933,4318
47,4,star_sign,ema_lr5e-2,0.05,0.0001,1.12165,0.83025,4318
47,4,star_sign,ema_lr1e-2_wd1e-3,0.01,0.001,2.65833,0.15655,4318
47,4,star_sign,ema_d0.99,0.01,0.0001,2.59417,0.21885,4318
47,4,star_sign,ema_d0.9999,0.01,0.0001,2.51678,0.16651,4318
47,4,star_sign,mlp_h16,0.001,0.0,2.08445,0.3622,4318
47,4,star_sign,mlp_h32,0.001,0.0,0.80044,1.0,4318
47,4,star_sign,mlp_h64,0.001,0.0,0.45304,1.0,4318
47,4,star_sign,mlp_h128,0.001,0.0,0.07797,1.0,4318
47,4,star_sign,attention,0.0001,1e-05,2.18374,1.0,4318
47,4,star_sign,shuffled,0.01,0.0001,2.56926,0.15401,4318
47,6,age_bin,ema_lr1e-3,0.001,0.0001,1.6831,0.28555,4318
47,6,age_bin,ema_lr5e-3,0.005,0.0001,1.42678,0.3541,4318
47,6,age_bin,ema_lr1e-2,0.01,0.0001,1.15879,0.46202,4318
47,6,age_bin,ema_lr5e-2,0.05,0.0001,0.38508,0.95785,4318
47,6,age_bin,ema_lr1e-2_wd1e-3,0.01,0.001,1.17416,0.44604,4318
47,6,age_bin,ema_d0.99,0.01,0.0001,1.16325,0.46596,4318
47,6,age_bin,ema_d0.9999,0.01,0.0001,1.16655,0.42913,4318
47,6,age_bin,mlp_h16,0.001,0.0,0.45912,0.99606,4318
47,6,age_bin,mlp_h32,0.001,0.0,0.30268,1.0,4318
47,6,age_bin,mlp_h64,0.001,0.0,0.09891,1.0,4318
47,6,age_bin,mlp_h128,0.001,0.0,0.03205,1.0,4318
47,6,age_bin,attention,0.0001,1e-05,0.1154,0.99219,4318
47,6,age_bin,shuffled,0.01,0.0001,1.1357,0.45461,4318
47,6,gender,ema_lr1e-3,0.001,0.0001,1.10004,0.47893,4318
47,6,gender,ema_lr5e-3,0.005,0.0001,0.95867,0.49491,4318
47,6,gender,ema_lr1e-2,0.01,0.0001,0.87928,0.51135,4318
47,6,gender,ema_lr5e-2,0.05,0.0001,0.76365,0.49375,4318
47,6,gender,ema_lr1e-2_wd1e-3,0.01,0.001,0.91683,0.50139,4318
47,6,gender,ema_d0.99,0.01,0.0001,0.9138,0.49629,4318
47,6,gender,ema_d0.9999,0.01,0.0001,0.92925,0.50718,4318
47,6,gender,mlp_h16,0.001,0.0,0.69705,0.50486,4318
47,6,gender,mlp_h32,0.001,0.0,0.69176,0.52316,4318
47,6,gender,mlp_h64,0.001,0.0,0.69539,0.51158,4318
47,6,gender,mlp_h128,0.001,0.0,0.69877,0.50926,4318
47,6,gender,attention,0.0001,1e-05,1.62134,0.5625,4318
47,6,gender,shuffled,0.01,0.0001,0.91931,0.49722,4318
47,6,star_sign,ema_lr1e-3,0.001,0.0001,3.14294,0.09333,4318
47,6,star_sign,ema_lr5e-3,0.005,0.0001,2.96753,0.13293,4318
47,6,star_sign,ema_lr1e-2,0.01,0.0001,2.78765,0.12274,4318
47,6,star_sign,ema_lr5e-2,0.05,0.0001,1.26269,0.69013,4318
47,6,star_sign,ema_lr1e-2_wd1e-3,0.01,0.001,2.66615,0.12112,4318
47,6,star_sign,ema_d0.99,0.01,0.0001,2.81929,0.12367,4318
47,6,star_sign,ema_d0.9999,0.01,0.0001,2.76233,0.14984,4318
47,6,star_sign,mlp_h16,0.001,0.0,1.75516,0.74687,4318
47,6,star_sign,mlp_h32,0.001,0.0,0.79153,1.0,4318
47,6,star_sign,mlp_h64,0.001,0.0,0.46202,1.0,4318
47,6,star_sign,mlp_h128,0.001,0.0,0.07381,1.0,4318
47,6,star_sign,attention,0.0001,1e-05,1.65569,0.80469,4318
47,6,star_sign,shuffled,0.01,0.0001,2.69804,0.13617,4318
48,0,age_bin,ema_lr1e-3,0.001,0.0001,1.51261,0.38016,3780
48,0,age_bin,ema_lr5e-3,0.005,0.0001,1.38617,0.43307,3780
48,0,age_bin,ema_lr1e-2,0.01,0.0001,1.16003,0.44815,3780
48,0,age_bin,ema_lr5e-2,0.05,0.0001,0.41062,0.92989,3780
48,0,age_bin,ema_lr1e-2_wd1e-3,0.01,0.001,1.14776,0.42989,3780
48,0,age_bin,ema_d0.99,0.01,0.0001,1.22844,0.50503,3780
48,0,age_bin,ema_d0.9999,0.01,0.0001,1.17172,0.52037,3780
48,0,age_bin,mlp_h16,0.001,0.0,0.55311,0.9791,3780
48,0,age_bin,mlp_h32,0.001,0.0,0.34378,1.0,3780
48,0,age_bin,mlp_h64,0.001,0.0,0.09611,1.0,3780
48,0,age_bin,mlp_h128,0.001,0.0,0.02957,1.0,3780
48,0,age_bin,attention,0.0001,1e-05,1.04175,1.0,3780
48,0,age_bin,shuffled,0.01,0.0001,1.13382,0.42037,3780
48,0,gender,ema_lr1e-3,0.001,0.0001,1.08045,0.49868,3780
48,0,gender,ema_lr5e-3,0.005,0.0001,0.97545,0.51772,3780
48,0,gender,ema_lr1e-2,0.01,0.0001,0.95991,0.46799,3780
48,0,gender,ema_lr5e-2,0.05,0.0001,0.76316,0.50608,3780
48,0,gender,ema_lr1e-2_wd1e-3,0.01,0.001,0.99174,0.50079,3780
48,0,gender,ema_d0.99,0.01,0.0001,0.93835,0.50079,3780
48,0,gender,ema_d0.9999,0.01,0.0001,0.96183,0.49233,3780
48,0,gender,mlp_h16,0.001,0.0,0.69457,0.50423,3780
48,0,gender,mlp_h32,0.001,0.0,0.69641,0.49815,3780
48,0,gender,mlp_h64,0.001,0.0,0.69691,0.49127,3780
48,0,gender,mlp_h128,0.001,0.0,0.69544,0.50661,3780
48,0,gender,attention,0.0001,1e-05,0.69347,0.46875,3780
48,0,gender,shuffled,0.01,0.0001,0.9839,0.49762,3780
48,0,star_sign,ema_lr1e-3,0.001,0.0001,3.15592,0.15132,3780
48,0,star_sign,ema_lr5e-3,0.005,0.0001,2.97168,0.12884,3780
48,0,star_sign,ema_lr1e-2,0.01,0.0001,2.68102,0.15,3780
48,0,star_sign,ema_lr5e-2,0.05,0.0001,1.23755,0.70741,3780
48,0,star_sign,ema_lr1e-2_wd1e-3,0.01,0.001,2.71607,0.12989,3780
48,0,star_sign,ema_d0.99,0.01,0.0001,2.70484,0.1463,3780
48,0,star_sign,ema_d0.9999,0.01,0.0001,2.7,0.17857,3780
48,0,star_sign,mlp_h16,0.001,0.0,1.05652,1.0,3780
48,0,star_sign,mlp_h32,0.001,0.0,0.97717,1.0,3780
48,0,star_sign,mlp_h64,0.001,0.0,0.53724,1.0,3780
48,0,star_sign,mlp_h128,0.001,0.0,0.09586,1.0,3780
48,0,star_sign,attention,0.0001,1e-05,2.40117,1.0,3780
48,0,star_sign,shuffled,0.01,0.0001,2.81148,0.15741,3780
48,4,age_bin,ema_lr1e-3,0.001,0.0001,1.45082,0.43228,3780
48,4,age_bin,ema_lr5e-3,0.005,0.0001,1.29027,0.38968,3780
48,4,age_bin,ema_lr1e-2,0.01,0.0001,0.98678,0.52646,3780
48,4,age_bin,ema_lr5e-2,0.05,0.0001,0.39738,0.95582,3780
48,4,age_bin,ema_lr1e-2_wd1e-3,0.01,0.001,1.08742,0.46587,3780
48,4,age_bin,ema_d0.99,0.01,0.0001,1.08674,0.48889,3780
48,4,age_bin,ema_d0.9999,0.01,0.0001,1.06039,0.46376,3780
48,4,age_bin,mlp_h16,0.001,0.0,0.27658,1.0,3780
48,4,age_bin,mlp_h32,0.001,0.0,0.21749,1.0,3780
48,4,age_bin,mlp_h64,0.001,0.0,0.07017,1.0,3780
48,4,age_bin,mlp_h128,0.001,0.0,0.02841,1.0,3780
48,4,age_bin,attention,0.0001,1e-05,0.36031,1.0,3780
48,4,age_bin,shuffled,0.01,0.0001,1.02628,0.47249,3780
48,4,gender,ema_lr1e-3,0.001,0.0001,0.98524,0.48995,3780
48,4,gender,ema_lr5e-3,0.005,0.0001,0.95044,0.47989,3780
48,4,gender,ema_lr1e-2,0.01,0.0001,0.86336,0.51323,3780
48,4,gender,ema_lr5e-2,0.05,0.0001,0.74085,0.51561,3780
48,4,gender,ema_lr1e-2_wd1e-3,0.01,0.001,0.85693,0.50608,3780
48,4,gender,ema_d0.99,0.01,0.0001,0.84486,0.49153,3780
48,4,gender,ema_d0.9999,0.01,0.0001,0.84031,0.5037,3780
48,4,gender,mlp_h16,0.001,0.0,0.69704,0.50291,3780
48,4,gender,mlp_h32,0.001,0.0,0.69635,0.50952,3780
48,4,gender,mlp_h64,0.001,0.0,0.69834,0.49683,3780
48,4,gender,mlp_h128,0.001,0.0,0.69802,0.51508,3780
48,4,gender,attention,0.0001,1e-05,0.69007,0.52344,3780
48,4,gender,shuffled,0.01,0.0001,0.84404,0.49974,3780
48,4,star_sign,ema_lr1e-3,0.001,0.0001,3.15624,0.10503,3780
48,4,star_sign,ema_lr5e-3,0.005,0.0001,2.87253,0.09233,3780
48,4,star_sign,ema_lr1e-2,0.01,0.0001,2.61004,0.17011,3780
48,4,star_sign,ema_lr5e-2,0.05,0.0001,1.12951,0.82434,3780
48,4,star_sign,ema_lr1e-2_wd1e-3,0.01,0.001,2.63285,0.16852,3780
48,4,star_sign,ema_d0.99,0.01,0.0001,2.60486,0.21296,3780
48,4,star_sign,ema_d0.9999,0.01,0.0001,2.57329,0.16402,3780
48,4,star_sign,mlp_h16,0.001,0.0,2.05026,0.4127,3780
48,4,star_sign,mlp_h32,0.001,0.0,0.75993,1.0,3780
48,4,star_sign,mlp_h64,0.001,0.0,0.41803,1.0,3780
48,4,star_sign,mlp_h128,0.001,0.0,0.07154,1.0,3780
48,4,star_sign,attention,0.0001,1e-05,2.17584,0.97656,3780
48,4,star_sign,shuffled,0.01,0.0001,2.49852,0.17011,3780
48,6,age_bin,ema_lr1e-3,0.001,0.0001,1.67228,0.30159,3780
48,6,age_bin,ema_lr5e-3,0.005,0.0001,1.29235,0.39127,3780
48,6,age_bin,ema_lr1e-2,0.01,0.0001,1.22398,0.43439,3780
48,6,age_bin,ema_lr5e-2,0.05,0.0001,0.38323,0.95714,3780
48,6,age_bin,ema_lr1e-2_wd1e-3,0.01,0.001,1.15671,0.45397,3780
48,6,age_bin,ema_d0.99,0.01,0.0001,1.21367,0.46005,3780
48,6,age_bin,ema_d0.9999,0.01,0.0001,1.10878,0.47063,3780
48,6,age_bin,mlp_h16,0.001,0.0,0.43164,0.99762,3780
48,6,age_bin,mlp_h32,0.001,0.0,0.29797,1.0,3780
48,6,age_bin,mlp_h64,0.001,0.0,0.09319,1.0,3780
48,6,age_bin,mlp_h128,0.001,0.0,0.02977,1.0,3780
48,6,age_bin,attention,0.0001,1e-05,0.04988,0.99219,3780
48,6,age_bin,shuffled,0.01,0.0001,1.09913,0.47328,3780
48,6,gender,ema_lr1e-3,0.001,0.0001,1.01873,0.51217,3780
48,6,gender,ema_lr5e-3,0.005,0.0001,0.90995,0.52698,3780
48,6,gender,ema_lr1e-2,0.01,0.0001,0.92587,0.48889,3780
48,6,gender,ema_lr5e-2,0.05,0.0001,0.75106,0.49974,3780
48,6,gender,ema_lr1e-2_wd1e-3,0.01,0.001,0.89923,0.50265,3780
48,6,gender,ema_d0.99,0.01,0.0001,0.93724,0.48571,3780
48,6,gender,ema_d0.9999,0.01,0.0001,1.01566,0.47407,3780
48,6,gender,mlp_h16,0.001,0.0,0.69722,0.52063,3780
48,6,gender,mlp_h32,0.001,0.0,0.69795,0.50952,3780
48,6,gender,mlp_h64,0.001,0.0,0.70076,0.50185,3780
48,6,gender,mlp_h128,0.001,0.0,0.7006,0.5045,3780
48,6,gender,attention,0.0001,1e-05,2.10436,0.48438,3780
48,6,gender,shuffled,0.01,0.0001,0.89331,0.50159,3780
48,6,star_sign,ema_lr1e-3,0.001,0.0001,3.20441,0.08968,3780
48,6,star_sign,ema_lr5e-3,0.005,0.0001,2.85881,0.14259,3780
48,6,star_sign,ema_lr1e-2,0.01,0.0001,2.71798,0.12884,3780
48,6,star_sign,ema_lr5e-2,0.05,0.0001,1.23061,0.70979,3780
48,6,star_sign,ema_lr1e-2_wd1e-3,0.01,0.001,2.65747,0.13016,3780
48,6,star_sign,ema_d0.99,0.01,0.0001,2.81224,0.12831,3780
48,6,star_sign,ema_d0.9999,0.01,0.0001,2.71717,0.14762,3780
48,6,star_sign,mlp_h16,0.001,0.0,1.73198,0.75397,3780
48,6,star_sign,mlp_h32,0.001,0.0,0.78205,1.0,3780
48,6,star_sign,mlp_h64,0.001,0.0,0.42782,1.0,3780
48,6,star_sign,mlp_h128,0.001,0.0,0.07028,1.0,3780
48,6,star_sign,attention,0.0001,1e-05,0.97802,0.875,3780
48,6,star_sign,shuffled,0.01,0.0001,2.75428,0.15529,3780
49,0,age_bin,ema_lr1e-3,0.001,0.0001,1.49138,0.38261,4187
49,0,age_bin,ema_lr5e-3,0.005,0.0001,1.37094,0.43348,4187
49,0,age_bin,ema_lr1e-2,0.01,0.0001,1.13874,0.45331,4187
49,0,age_bin,ema_lr5e-2,0.05,0.0001,0.39634,0.94507,4187
49,0,age_bin,ema_lr1e-2_wd1e-3,0.01,0.001,1.14716,0.44567,4187
49,0,age_bin,ema_d0.99,0.01,0.0001,1.20721,0.49128,4187
49,0,age_bin,ema_d0.9999,0.01,0.0001,1.16864,0.52544,4187
49,0,age_bin,mlp_h16,0.001,0.0,0.53989,0.9871,4187
49,0,age_bin,mlp_h32,0.001,0.0,0.33107,1.0,4187
49,0,age_bin,mlp_h64,0.001,0.0,0.08987,1.0,4187
49,0,age_bin,mlp_h128,0.001,0.0,0.02818,1.0,4187
49,0,age_bin,attention,0.0001,1e-05,1.04076,1.0,4187
49,0,age_bin,shuffled,0.01,0.0001,1.11412,0.45379,4187
49,0,gender,ema_lr1e-3,0.001,0.0001,1.08016,0.49104,4187
49,0,gender,ema_lr5e-3,0.005,0.0001,0.97661,0.5037,4187
49,0,gender,ema_lr1e-2,0.01,0.0001,0.90233,0.50131,4187
49,0,gender,ema_lr5e-2,0.05,0.0001,0.76947,0.4846,4187
49,0,gender,ema_lr1e-2_wd1e-3,0.01,0.001,1.00915,0.4803,4187
49,0,gender,ema_d0.99,0.01,0.0001,0.93722,0.50513,4187
49,0,gender,ema_d0.9999,0.01,0.0001,0.96365,0.50394,4187
49,0,gender,mlp_h16,0.001,0.0,0.69397,0.50394,4187
49,0,gender,mlp_h32,0.001,0.0,0.69508,0.49845,4187
49,0,gender,mlp_h64,0.001,0.0,0.69186,0.51779,4187
49,0,gender,mlp_h128,0.001,0.0,0.69452,0.50633,4187
49,0,gender,attention,0.0001,1e-05,0.69309,0.50781,4187
49,0,gender,shuffled,0.01,0.0001,0.96131,0.50561,4187
49,0,star_sign,ema_lr1e-3,0.001,0.0001,3.17893,0.14784,4187
49,0,star_sign,ema_lr5e-3,0.005,0.0001,2.96288,0.12491,4187
49,0,star_sign,ema_lr1e-2,0.01,0.0001,2.65537,0.15333,4187
49,0,star_sign,ema_lr5e-2,0.05,0.0001,1.21348,0.73203,4187
49,0,star_sign,ema_lr1e-2_wd1e-3,0.01,0.001,2.6875,0.15262,4187
49,0,star_sign,ema_d0.99,0.01,0.0001,2.72089,0.14091,4187
49,0,star_sign,ema_d0.9999,0.01,0.0001,2.67356,0.18581,4187
49,0,star_sign,mlp_h16,0.001,0.0,1.03265,0.99952,4187
49,0,star_sign,mlp_h32,0.001,0.0,0.9423,1.0,4187
49,0,star_sign,mlp_h64,0.001,0.0,0.50082,1.0,4187
49,0,star_sign,mlp_h128,0.001,0.0,0.08872,1.0,4187
49,0,star_sign,attention,0.0001,1e-05,2.39894,1.0,4187
49,0,star_sign,shuffled,0.01,0.0001,2.75886,0.15668,4187
49,4,age_bin,ema_lr1e-3,0.001,0.0001,1.46339,0.41772,4187
49,4,age_bin,ema_lr5e-3,0.005,0.0001,1.28196,0.40339,4187
49,4,age_bin,ema_lr1e-2,0.01,0.0001,0.98585,0.53905,4187
49,4,age_bin,ema_lr5e-2,0.05,0.0001,0.38189,0.9594,4187
49,4,age_bin,ema_lr1e-2_wd1e-3,0.01,0.001,1.03121,0.49821,4187
49,4,age_bin,ema_d0.99,0.01,0.0001,1.07242,0.49367,4187
49,4,age_bin,ema_d0.9999,0.01,0.0001,1.08401,0.45761,4187
49,4,age_bin,mlp_h16,0.001,0.0,0.27146,1.0,4187
49,4,age_bin,mlp_h32,0.001,0.0,0.2057,1.0,4187
49,4,age_bin,mlp_h64,0.001,0.0,0.06419,1.0,4187
49,4,age_bin,mlp_h128,0.001,0.0,0.02783,1.0,4187
49,4,age_bin,attention,0.0001,1e-05,0.31252,1.0,4187
49,4,age_bin,shuffled,0.01,0.0001,1.08289,0.43301,4187
49,4,gender,ema_lr1e-3,0.001,0.0001,0.99834,0.49893,4187
49,4,gender,ema_lr5e-3,0.005,0.0001,0.87696,0.52066,4187
49,4,gender,ema_lr1e-2,0.01,0.0001,0.88444,0.49701,4187
49,4,gender,ema_lr5e-2,0.05,0.0001,0.75826,0.47982,4187
49,4,gender,ema_lr1e-2_wd1e-3,0.01,0.001,0.86064,0.50203,4187
49,4,gender,ema_d0.99,0.01,0.0001,0.80514,0.49893,4187
49,4,gender,ema_d0.9999,0.01,0.0001,0.87192,0.48077,4187
49,4,gender,mlp_h16,0.001,0.0,0.6987,0.48149,4187
49,4,gender,mlp_h32,0.001,0.0,0.70168,0.47624,4187
49,4,gender,mlp_h64,0.001,0.0,0.69832,0.48722,4187
49,4,gender,mlp_h128,0.001,0.0,0.69713,0.49749,4187
49,4,gender,attention,0.0001,1e-05,0.69443,0.49219,4187
49,4,gender,shuffled,0.01,0.0001,0.83819,0.5092,4187
49,4,star_sign,ema_lr1e-3,0.001,0.0001,3.0928,0.11154,4187
49,4,star_sign,ema_lr5e-3,0.005,0.0001,2.83534,0.10963,4187
49,4,star_sign,ema_lr1e-2,0.01,0.0001,2.56155,0.16384,4187
49,4,star_sign,ema_lr5e-2,0.05,0.0001,1.09816,0.84046,4187
49,4,star_sign,ema_lr1e-2_wd1e-3,0.01,0.001,2.59633,0.16838,4187
49,4,star_sign,ema_d0.99,0.01,0.0001,2.60298,0.21973,4187
49,4,star_sign,ema_d0.9999,0.01,0.0001,2.48848,0.17674,4187
49,4,star_sign,mlp_h16,0.001,0.0,2.04896,0.44137,4187
49,4,star_sign,mlp_h32,0.001,0.0,0.72878,1.0,4187
49,4,star_sign,mlp_h64,0.001,0.0,0.38811,1.0,4187
49,4,star_sign,mlp_h128,0.001,0.0,0.06652,1.0,4187
49,4,star_sign,attention,0.0001,1e-05,2.16278,1.0,4187
49,4,star_sign,shuffled,0.01,0.0001,2.52516,0.16169,4187
49,6,age_bin,ema_lr1e-3,0.001,0.0001,1.64205,0.32314,4187
49,6,age_bin,ema_lr5e-3,0.005,0.0001,1.44134,0.34846,4187
49,6,age_bin,ema_lr1e-2,0.01,0.0001,1.14827,0.46788,4187
49,6,age_bin,ema_lr5e-2,0.05,0.0001,0.37828,0.95534,4187
49,6,age_bin,ema_lr1e-2_wd1e-3,0.01,0.001,1.10335,0.48985,4187
49,6,age_bin,ema_d0.99,0.01,0.0001,1.18666,0.46,4187
49,6,age_bin,ema_d0.9999,0.01,0.0001,1.07319,0.50036,4187
49,6,age_bin,mlp_h16,0.001,0.0,0.435,0.99857,4187
49,6,age_bin,mlp_h32,0.001,0.0,0.28982,1.0,4187
49,6,age_bin,mlp_h64,0.001,0.0,0.09067,1.0,4187
49,6,age_bin,mlp_h128,0.001,0.0,0.02888,1.0,4187
49,6,age_bin,attention,0.0001,1e-05,0.02771,0.99219,4187
49,6,age_bin,shuffled,0.01,0.0001,1.14289,0.44996,4187
49,6,gender,ema_lr1e-3,0.001,0.0001,1.0399,0.50752,4187
49,6,gender,ema_lr5e-3,0.005,0.0001,0.98568,0.49487,4187
49,6,gender,ema_lr1e-2,0.01,0.0001,0.85653,0.51851,4187
49,6,gender,ema_lr5e-2,0.05,0.0001,0.75415,0.49582,4187
49,6,gender,ema_lr1e-2_wd1e-3,0.01,0.001,0.88476,0.51182,4187
49,6,gender,ema_d0.99,0.01,0.0001,0.91132,0.48006,4187
49,6,gender,ema_d0.9999,0.01,0.0001,0.98084,0.47504,4187
49,6,gender,mlp_h16,0.001,0.0,0.70271,0.48555,4187
49,6,gender,mlp_h32,0.001,0.0,0.70149,0.4951,4187
49,6,gender,mlp_h64,0.001,0.0,0.69821,0.49678,4187
49,6,gender,mlp_h128,0.001,0.0,0.69806,0.49582,4187
49,6,gender,attention,0.0001,1e-05,2.46503,0.42188,4187
49,6,gender,shuffled,0.01,0.0001,0.91498,0.50107,4187
49,6,star_sign,ema_lr1e-3,0.001,0.0001,3.12932,0.09912,4187
49,6,star_sign,ema_lr5e-3,0.005,0.0001,3.00102,0.12634,4187
49,6,star_sign,ema_lr1e-2,0.01,0.0001,2.64379,0.15142,4187
49,6,star_sign,ema_lr5e-2,0.05,0.0001,1.23419,0.70791,4187
49,6,star_sign,ema_lr1e-2_wd1e-3,0.01,0.001,2.70211,0.13327,4187
49,6,star_sign,ema_d0.99,0.01,0.0001,2.79874,0.13972,4187
49,6,star_sign,ema_d0.9999,0.01,0.0001,2.7036,0.15094,4187
49,6,star_sign,mlp_h16,0.001,0.0,1.69974,0.78457,4187
49,6,star_sign,mlp_h32,0.001,0.0,0.73122,1.0,4187
49,6,star_sign,mlp_h64,0.001,0.0,0.4026,1.0,4187
49,6,star_sign,mlp_h128,0.001,0.0,0.06433,1.0,4187
49,6,star_sign,attention,0.0001,1e-05,1.19222,0.82031,4187
49,6,star_sign,shuffled,0.01,0.0001,2.66954,0.15763,4187
50,0,age_bin,ema_lr1e-3,0.001,0.0001,1.51704,0.37928,4295
50,0,age_bin,ema_lr5e-3,0.005,0.0001,1.38816,0.43283,4295
50,0,age_bin,ema_lr1e-2,0.01,0.0001,1.13134,0.45308,4295
50,0,age_bin,ema_lr5e-2,0.05,0.0001,0.39648,0.93364,4295
50,0,age_bin,ema_lr1e-2_wd1e-3,0.01,0.001,1.14609,0.45425,4295
50,0,age_bin,ema_d0.99,0.01,0.0001,1.17331,0.51059,4295
50,0,age_bin,ema_d0.9999,0.01,0.0001,1.16875,0.53481,4295
50,0,age_bin,mlp_h16,0.001,0.0,0.52669,0.98463,4295
50,0,age_bin,mlp_h32,0.001,0.0,0.32192,1.0,4295
50,0,age_bin,mlp_h64,0.001,0.0,0.08679,1.0,4295
50,0,age_bin,mlp_h128,0.001,0.0,0.02728,1.0,4295
50,0,age_bin,attention,0.0001,1e-05,1.03905,1.0,4295
50,0,age_bin,shuffled,0.01,0.0001,1.10736,0.46682,4295
50,0,gender,ema_lr1e-3,0.001,0.0001,1.05473,0.49383,4295
50,0,gender,ema_lr5e-3,0.005,0.0001,1.00116,0.50012,4295
50,0,gender,ema_lr1e-2,0.01,0.0001,0.94649,0.48149,4295
50,0,gender,ema_lr5e-2,0.05,0.0001,0.75261,0.50943,4295
50,0,gender,ema_lr1e-2_wd1e-3,0.01,0.001,0.98728,0.49849,4295
50,0,gender,ema_d0.99,0.01,0.0001,0.96758,0.49499,4295
50,0,gender,ema_d0.9999,0.01,0.0001,0.94918,0.5064,4295
50,0,gender,mlp_h16,0.001,0.0,0.69644,0.48941,4295
50,0,gender,mlp_h32,0.001,0.0,0.69679,0.49383,4295
50,0,gender,mlp_h64,0.001,0.0,0.69428,0.50477,4295
50,0,gender,mlp_h128,0.001,0.0,0.69466,0.49825,4295
50,0,gender,attention,0.0001,1e-05,0.69346,0.46094,4295
50,0,gender,shuffled,0.01,0.0001,0.94141,0.50151,4295
50,0,star_sign,ema_lr1e-3,0.001,0.0001,3.19214,0.14622,4295
50,0,star_sign,ema_lr5e-3,0.005,0.0001,2.92221,0.13038,4295
50,0,star_sign,ema_lr1e-2,0.01,0.0001,2.69397,0.15576,4295
50,0,star_sign,ema_lr5e-2,0.05,0.0001,1.19852,0.73807,4295
50,0,star_sign,ema_lr1e-2_wd1e-3,0.01,0.001,2.74879,0.13597,4295
50,0,star_sign,ema_d0.99,0.01,0.0001,2.72732,0.12945,4295
50,0,star_sign,ema_d0.9999,0.01,0.0001,2.67996,0.17881,4295
50,0,star_sign,mlp_h16,0.001,0.0,1.01134,1.0,4295
50,0,star_sign,mlp_h32,0.001,0.0,0.9072,1.0,4295
50,0,star_sign,mlp_h64,0.001,0.0,0.47313,1.0,4295
50,0,star_sign,mlp_h128,0.001,0.0,0.08427,1.0,4295
50,0,star_sign,attention,0.0001,1e-05,2.39815,1.0,4295
50,0,star_sign,shuffled,0.01,0.0001,2.73898,0.15553,4295
50,4,age_bin,ema_lr1e-3,0.001,0.0001,1.43612,0.42864,4295
50,4,age_bin,ema_lr5e-3,0.005,0.0001,1.28671,0.39278,4295
50,4,age_bin,ema_lr1e-2,0.01,0.0001,1.05307,0.4922,4295
50,4,age_bin,ema_lr5e-2,0.05,0.0001,0.35856,0.96694,4295
50,4,age_bin,ema_lr1e-2_wd1e-3,0.01,0.001,1.01566,0.50547,4295
50,4,age_bin,ema_d0.99,0.01,0.0001,1.0563,0.49593,4295
50,4,age_bin,ema_d0.9999,0.01,0.0001,1.06017,0.46426,4295
50,4,age_bin,mlp_h16,0.001,0.0,0.2653,1.0,4295
50,4,age_bin,mlp_h32,0.001,0.0,0.19813,1.0,4295
50,4,age_bin,mlp_h64,0.001,0.0,0.06257,1.0,4295
50,4,age_bin,mlp_h128,0.001,0.0,0.0265,1.0,4295
50,4,age_bin,attention,0.0001,1e-05,0.3198,1.0,4295
50,4,age_bin,shuffled,0.01,0.0001,1.06305,0.44424,4295
50,4,gender,ema_lr1e-3,0.001,0.0001,0.97267,0.49639,4295
50,4,gender,ema_lr5e-3,0.005,0.0001,0.92542,0.50384,4295
50,4,gender,ema_lr1e-2,0.01,0.0001,0.90177,0.49546,4295
50,4,gender,ema_lr5e-2,0.05,0.0001,0.73432,0.51199,4295
50,4,gender,ema_lr1e-2_wd1e-3,0.01,0.001,0.86686,0.50244,4295
50,4,gender,ema_d0.99,0.01,0.0001,0.82463,0.49523,4295
50,4,gender,ema_d0.9999,0.01,0.0001,0.87843,0.48917,4295
50,4,gender,mlp_h16,0.001,0.0,0.69704,0.49872,4295
50,4,gender,mlp_h32,0.001,0.0,0.69421,0.51595,4295
50,4,gender,mlp_h64,0.001,0.0,0.6947,0.51153,4295
50,4,gender,mlp_h128,0.001,0.0,0.69244,0.522,4295
50,4,gender,attention,0.0001,1e-05,0.69108,0.57031,4295
50,4,gender,shuffled,0.01,0.0001,0.85205,0.49523,4295
50,4,star_sign,ema_lr1e-3,0.001,0.0001,3.10637,0.12037,4295
50,4,star_sign,ema_lr5e-3,0.005,0.0001,2.79148,0.10151,4295
50,4,star_sign,ema_lr1e-2,0.01,0.0001,2.54932,0.18021,4295
50,4,star_sign,ema_lr5e-2,0.05,0.0001,1.05186,0.86356,4295
50,4,star_sign,ema_lr1e-2_wd1e-3,0.01,0.001,2.60903,0.16135,4295
50,4,star_sign,ema_d0.99,0.01,0.0001,2.54507,0.22398,4295
50,4,star_sign,ema_d0.9999,0.01,0.0001,2.45528,0.18231,4295
50,4,star_sign,mlp_h16,0.001,0.0,2.02984,0.49662,4295
50,4,star_sign,mlp_h32,0.001,0.0,0.69764,1.0,4295
50,4,star_sign,mlp_h64,0.001,0.0,0.37365,1.0,4295
50,4,star_sign,mlp_h128,0.001,0.0,0.0624,1.0,4295
50,4,star_sign,attention,0.0001,1e-05,2.1607,1.0,4295
50,4,star_sign,shuffled,0.01,0.0001,2.49798,0.17485,4295
50,6,age_bin,ema_lr1e-3,0.001,0.0001,1.72132,0.29313,4295
50,6,age_bin,ema_lr5e-3,0.005,0.0001,1.3862,0.3674,4295
50,6,age_bin,ema_lr1e-2,0.01,0.0001,1.16548,0.45634,4295
50,6,age_bin,ema_lr5e-2,0.05,0.0001,0.37968,0.95995,4295
50,6,age_bin,ema_lr1e-2_wd1e-3,0.01,0.001,1.16263,0.45029,4295
50,6,age_bin,ema_d0.99,0.01,0.0001,1.19504,0.4475,4295
50,6,age_bin,ema_d0.9999,0.01,0.0001,1.11234,0.46915,4295
50,6,age_bin,mlp_h16,0.001,0.0,0.42018,0.99697,4295
50,6,age_bin,mlp_h32,0.001,0.0,0.28098,1.0,4295
50,6,age_bin,mlp_h64,0.001,0.0,0.08688,1.0,4295
50,6,age_bin,mlp_h128,0.001,0.0,0.02746,1.0,4295
50,6,age_bin,attention,0.0001,1e-05,0.11368,0.99219,4295
50,6,age_bin,shuffled,0.01,0.0001,1.14166,0.461,4295
50,6,gender,ema_lr1e-3,0.001,0.0001,1.10627,0.48009,4295
50,6,gender,ema_lr5e-3,0.005,0.0001,1.00649,0.49313,4295
50,6,gender,ema_lr1e-2,0.01,0.0001,0.9171,0.50803,4295
50,6,gender,ema_lr5e-2,0.05,0.0001,0.72088,0.53853,4295
50,6,gender,ema_lr1e-2_wd1e-3,0.01,0.001,0.88048,0.51641,4295
50,6,gender,ema_d0.99,0.01,0.0001,0.91407,0.50058,4295
50,6,gender,ema_d0.9999,0.01,0.0001,0.89802,0.52852,4295
50,6,gender,mlp_h16,0.001,0.0,0.69439,0.51083,4295
50,6,gender,mlp_h32,0.001,0.0,0.69002,0.53504,4295
50,6,gender,mlp_h64,0.001,0.0,0.68947,0.53132,4295
50,6,gender,mlp_h128,0.001,0.0,0.69039,0.52899,4295
50,6,gender,attention,0.0001,1e-05,1.77941,0.47656,4295
50,6,gender,shuffled,0.01,0.0001,0.90537,0.50454,4295
50,6,star_sign,ema_lr1e-3,0.001,0.0001,3.13787,0.09616,4295
50,6,star_sign,ema_lr5e-3,0.005,0.0001,2.89419,0.14785,4295
50,6,star_sign,ema_lr1e-2,0.01,0.0001,2.75387,0.12363,4295
50,6,star_sign,ema_lr5e-2,0.05,0.0001,1.16756,0.75111,4295
50,6,star_sign,ema_lr1e-2_wd1e-3,0.01,0.001,2.72631,0.13341,4295
50,6,star_sign,ema_d0.99,0.01,0.0001,2.76651,0.13108,4295
50,6,star_sign,ema_d0.9999,0.01,0.0001,2.71559,0.14924,4295
50,6,star_sign,mlp_h16,0.001,0.0,1.69423,0.77369,4295
50,6,star_sign,mlp_h32,0.001,0.0,0.70905,1.0,4295
50,6,star_sign,mlp_h64,0.001,0.0,0.37481,1.0,4295
50,6,star_sign,mlp_h128,0.001,0.0,0.06187,1.0,4295
50,6,star_sign,attention,0.0001,1e-05,1.30221,0.82812,4295
50,6,star_sign,shuffled,0.01,0.0001,2.72727,0.14878,4295
51,0,age_bin,ema_lr1e-3,0.001,0.0001,1.48482,0.37308,3908
51,0,age_bin,ema_lr5e-3,0.005,0.0001,1.33179,0.46238,3908
51,0,age_bin,ema_lr1e-2,0.01,0.0001,1.13664,0.44524,3908
51,0,age_bin,ema_lr5e-2,0.05,0.0001,0.37855,0.94678,3908
51,0,age_bin,ema_lr1e-2_wd1e-3,0.01,0.001,1.13481,0.43245,3908
51,0,age_bin,ema_d0.99,0.01,0.0001,1.18491,0.51228,3908
51,0,age_bin,ema_d0.9999,0.01,0.0001,1.15674,0.53147,3908
51,0,age_bin,mlp_h16,0.001,0.0,0.51256,0.98874,3908
51,0,age_bin,mlp_h32,0.001,0.0,0.30883,1.0,3908
51,0,age_bin,mlp_h64,0.001,0.0,0.08062,1.0,3908
51,0,age_bin,mlp_h128,0.001,0.0,0.02604,1.0,3908
51,0,age_bin,attention,0.0001,1e-05,1.03789,1.0,3908
51,0,age_bin,shuffled,0.01,0.0001,1.08116,0.46571,3908
51,0,gender,ema_lr1e-3,0.001,0.0001,1.00331,0.51638,3908
51,0,gender,ema_lr5e-3,0.005,0.0001,0.98031,0.49258,3908
51,0,gender,ema_lr1e-2,0.01,0.0001,0.9145,0.49923,3908
51,0,gender,ema_lr5e-2,0.05,0.0001,0.77505,0.47825,3908
51,0,gender,ema_lr1e-2_wd1e-3,0.01,0.001,0.96109,0.50819,3908
51,0,gender,ema_d0.99,0.01,0.0001,0.95514,0.49719,3908
51,0,gender,ema_d0.9999,0.01,0.0001,0.97335,0.48951,3908
51,0,gender,mlp_h16,0.001,0.0,0.69413,0.49207,3908
51,0,gender,mlp_h32,0.001,0.0,0.69636,0.4803,3908
51,0,gender,mlp_h64,0.001,0.0,0.69575,0.489,3908
51,0,gender,mlp_h128,0.001,0.0,0.69905,0.47339,3908
51,0,gender,attention,0.0001,1e-05,0.69227,0.58594,3908
51,0,gender,shuffled,0.01,0.0001,0.98323,0.49335,3908
51,0,star_sign,ema_lr1e-3,0.001,0.0001,3.21438,0.15072,3908
51,0,star_sign,ema_lr5e-3,0.005,0.0001,2.92413,0.1328,3908
51,0,star_sign,ema_lr1e-2,0.01,0.0001,2.62908,0.15404,3908
51,0,star_sign,ema_lr5e-2,0.05,0.0001,1.14298,0.76024,3908
51,0,star_sign,ema_lr1e-2_wd1e-3,0.01,0.001,2.7083,0.13869,3908
51,0,star_sign,ema_d0.99,0.01,0.0001,2.699,0.14048,3908
51,0,star_sign,ema_d0.9999,0.01,0.0001,2.64501,0.19703,3908
51,0,star_sign,mlp_h16,0.001,0.0,0.98406,1.0,3908
51,0,star_sign,mlp_h32,0.001,0.0,0.88462,1.0,3908
51,0,star_sign,mlp_h64,0.001,0.0,0.4393,1.0,3908
51,0,star_sign,mlp_h128,0.001,0.0,0.07636,1.0,3908
51,0,star_sign,attention,0.0001,1e-05,2.3972,1.0,3908
51,0,star_sign,shuffled,0.01,0.0001,2.73364,0.16786,3908
51,4,age_bin,ema_lr1e-3,0.001,0.0001,1.4524,0.42195,3908
51,4,age_bin,ema_lr5e-3,0.005,0.0001,1.2379,0.42093,3908
51,4,age_bin,ema_lr1e-2,0.01,0.0001,0.99206,0.52329,3908
51,4,age_bin,ema_lr5e-2,0.05,0.0001,0.36307,0.96878,3908
51,4,age_bin,ema_lr1e-2_wd1e-3,0.01,0.001,1.04881,0.48695,3908
51,4,age_bin,ema_d0.99,0.01,0.0001,1.03024,0.50793,3908
51,4,age_bin,ema_d0.9999,0.01,0.0001,1.0289,0.4849,3908
51,4,age_bin,mlp_h16,0.001,0.0,0.25808,1.0,3908
51,4,age_bin,mlp_h32,0.001,0.0,0.18126,1.0,3908
51,4,age_bin,mlp_h64,0.001,0.0,0.05747,1.0,3908
51,4,age_bin,mlp_h128,0.001,0.0,0.02487,1.0,3908
51,4,age_bin,attention,0.0001,1e-05,0.27036,1.0,3908
51,4,age_bin,shuffled,0.01,0.0001,1.0598,0.44473,3908
51,4,gender,ema_lr1e-3,0.001,0.0001,1.00919,0.48644,3908
51,4,gender,ema_lr5e-3,0.005,0.0001,0.86889,0.51766,3908
51,4,gender,ema_lr1e-2,0.01,0.0001,0.87082,0.50256,3908
51,4,gender,ema_lr5e-2,0.05,0.0001,0.73624,0.51177,3908
51,4,gender,ema_lr1e-2_wd1e-3,0.01,0.001,0.8208,0.52533,3908
51,4,gender,ema_d0.99,0.01,0.0001,0.8174,0.50435,3908
51,4,gender,ema_d0.9999,0.01,0.0001,0.8487,0.5,3908
51,4,gender,mlp_h16,0.001,0.0,0.69339,0.5174,3908
51,4,gender,mlp_h32,0.001,0.0,0.69887,0.48209,3908
51,4,gender,mlp_h64,0.001,0.0,0.69419,0.51868,3908
51,4,gender,mlp_h128,0.001,0.0,0.69593,0.50128,3908
51,4,gender,attention,0.0001,1e-05,0.68938,0.57031,3908
51,4,gender,shuffled,0.01,0.0001,0.84304,0.50102,3908
51,4,star_sign,ema_lr1e-3,0.001,0.0001,3.09628,0.12666,3908
51,4,star_sign,ema_lr5e-3,0.005,0.0001,2.85519,0.10517,3908
51,4,star_sign,ema_lr1e-2,0.01,0.0001,2.51931,0.18552,3908
51,4,star_sign,ema_lr5e-2,0.05,0.0001,1.0063,0.88767,3908
51,4,star_sign,ema_lr1e-2_wd1e-3,0.01,0.001,2.51231,0.19754,3908
51,4,star_sign,ema_d0.99,0.01,0.0001,2.52966,0.23618,3908
51,4,star_sign,ema_d0.9999,0.01,0.0001,2.51497,0.17247,3908
51,4,star_sign,mlp_h16,0.001,0.0,2.01308,0.52584,3908
51,4,star_sign,mlp_h32,0.001,0.0,0.66143,1.0,3908
51,4,star_sign,mlp_h64,0.001,0.0,0.3444,1.0,3908
51,4,star_sign,mlp_h128,0.001,0.0,0.0565,1.0,3908
51,4,star_sign,attention,0.0001,1e-05,2.15355,1.0,3908
51,4,star_sign,shuffled,0.01,0.0001,2.43018,0.19857,3908
51,6,age_bin,ema_lr1e-3,0.001,0.0001,1.64338,0.31602,3908
51,6,age_bin,ema_lr5e-3,0.005,0.0001,1.37675,0.37538,3908
51,6,age_bin,ema_lr1e-2,0.01,0.0001,1.15712,0.45496,3908
51,6,age_bin,ema_lr5e-2,0.05,0.0001,0.38115,0.95957,3908
51,6,age_bin,ema_lr1e-2_wd1e-3,0.01,0.001,1.13642,0.47032,3908
51,6,age_bin,ema_d0.99,0.01,0.0001,1.15026,0.48106,3908
51,6,age_bin,ema_d0.9999,0.01,0.0001,1.13709,0.4565,3908
51,6,age_bin,mlp_h16,0.001,0.0,0.40652,0.99846,3908
51,6,age_bin,mlp_h32,0.001,0.0,0.26964,0.99974,3908
51,6,age_bin,mlp_h64,0.001,0.0,0.07951,1.0,3908
51,6,age_bin,mlp_h128,0.001,0.0,0.02602,1.0,3908
51,6,age_bin,attention,0.0001,1e-05,0.00077,1.0,3908
51,6,age_bin,shuffled,0.01,0.0001,1.0855,0.47364,3908
51,6,gender,ema_lr1e-3,0.001,0.0001,1.10329,0.48081,3908
51,6,gender,ema_lr5e-3,0.005,0.0001,0.95268,0.5023,3908
51,6,gender,ema_lr1e-2,0.01,0.0001,0.86034,0.5261,3908
51,6,gender,ema_lr5e-2,0.05,0.0001,0.74387,0.51151,3908
51,6,gender,ema_lr1e-2_wd1e-3,0.01,0.001,0.90362,0.51868,3908
51,6,gender,ema_d0.99,0.01,0.0001,0.86192,0.52124,3908
51,6,gender,ema_d0.9999,0.01,0.0001,0.98086,0.48721,3908
51,6,gender,mlp_h16,0.001,0.0,0.69352,0.52073,3908
51,6,gender,mlp_h32,0.001,0.0,0.696,0.51919,3908
51,6,gender,mlp_h64,0.001,0.0,0.69565,0.51407,3908
51,6,gender,mlp_h128,0.001,0.0,0.69947,0.50589,3908
51,6,gender,attention,0.0001,1e-05,2.23698,0.53906,3908
51,6,gender,shuffled,0.01,0.0001,0.86852,0.51331,3908
51,6,star_sign,ema_lr1e-3,0.001,0.0001,3.10096,0.11694,3908
51,6,star_sign,ema_lr5e-3,0.005,0.0001,2.95881,0.13383,3908
51,6,star_sign,ema_lr1e-2,0.01,0.0001,2.66331,0.15302,3908
51,6,star_sign,ema_lr5e-2,0.05,0.0001,1.16603,0.75,3908
51,6,star_sign,ema_lr1e-2_wd1e-3,0.01,0.001,2.70861,0.12641,3908
51,6,star_sign,ema_d0.99,0.01,0.0001,2.73404,0.16018,3908
51,6,star_sign,ema_d0.9999,0.01,0.0001,2.64181,0.16325,3908
51,6,star_sign,mlp_h16,0.001,0.0,1.66584,0.80194,3908
51,6,star_sign,mlp_h32,0.001,0.0,0.66959,1.0,3908
51,6,star_sign,mlp_h64,0.001,0.0,0.34204,1.0,3908
51,6,star_sign,mlp_h128,0.001,0.0,0.05503,1.0,3908
51,6,star_sign,attention,0.0001,1e-05,0.90454,0.82031,3908
51,6,star_sign,shuffled,0.01,0.0001,2.72314,0.14867,3908
52,0,age_bin,ema_lr1e-3,0.001,0.0001,1.48446,0.38699,4274
52,0,age_bin,ema_lr5e-3,0.005,0.0001,1.3499,0.44572,4274
52,0,age_bin,ema_lr1e-2,0.01,0.0001,1.12265,0.45461,4274
52,0,age_bin,ema_lr5e-2,0.05,0.0001,0.37496,0.94759,4274
52,0,age_bin,ema_lr1e-2_wd1e-3,0.01,0.001,1.13516,0.43753,4274
52,0,age_bin,ema_d0.99,0.01,0.0001,1.20117,0.50959,4274
52,0,age_bin,ema_d0.9999,0.01,0.0001,1.16079,0.53556,4274
52,0,age_bin,mlp_h16,0.001,0.0,0.5013,0.989,4274
52,0,age_bin,mlp_h32,0.001,0.0,0.2913,1.0,4274
52,0,age_bin,mlp_h64,0.001,0.0,0.07599,1.0,4274
52,0,age_bin,mlp_h128,0.001,0.0,0.02401,1.0,4274
52,0,age_bin,attention,0.0001,1e-05,1.03663,1.0,4274
52,0,age_bin,shuffled,0.01,0.0001,1.10611,0.45765,4274
52,0,gender,ema_lr1e-3,0.001,0.0001,1.04406,0.51451,4274
52,0,gender,ema_lr5e-3,0.005,0.0001,0.99178,0.50047,4274
52,0,gender,ema_lr1e-2,0.01,0.0001,0.91558,0.49743,4274
52,0,gender,ema_lr5e-2,0.05,0.0001,0.75434,0.51076,4274
52,0,gender,ema_lr1e-2_wd1e-3,0.01,0.001,0.95724,0.5241,4274
52,0,gender,ema_d0.99,0.01,0.0001,0.94826,0.49579,4274
52,0,gender,ema_d0.9999,0.01,0.0001,0.95418,0.50328,4274
52,0,gender,mlp_h16,0.001,0.0,0.69586,0.49509,4274
52,0,gender,mlp_h32,0.001,0.0,0.69292,0.50679,4274
52,0,gender,mlp_h64,0.001,0.0,0.69327,0.51053,4274
52,0,gender,mlp_h128,0.001,0.0,0.69171,0.51568,4274
52,0,gender,attention,0.0001,1e-05,0.69339,0.52344,4274
52,0,gender,shuffled,0.01,0.0001,0.93605,0.50234,4274
52,0,star_sign,ema_lr1e-3,0.001,0.0001,3.19374,0.14881,4274
52,0,star_sign,ema_lr5e-3,0.005,0.0001,2.9579,0.12447,4274
52,0,star_sign,ema_lr1e-2,0.01,0.0001,2.6305,0.15583,4274
52,0,star_sign,ema_lr5e-2,0.05,0.0001,1.12983,0.74614,4274
52,0,star_sign,ema_lr1e-2_wd1e-3,0.01,0.001,2.69293,0.1453,4274
52,0,star_sign,ema_d0.99,0.01,0.0001,2.65978,0.14155,4274
52,0,star_sign,ema_d0.9999,0.01,0.0001,2.64182,0.19209,4274
52,0,star_sign,mlp_h16,0.001,0.0,0.95868,1.0,4274
52,0,star_sign,mlp_h32,0.001,0.0,0.8418,1.0,4274
52,0,star_sign,mlp_h64,0.001,0.0,0.41048,1.0,4274
52,0,star_sign,mlp_h128,0.001,0.0,0.0711,1.0,4274
52,0,star_sign,attention,0.0001,1e-05,2.39461,1.0,4274
52,0,star_sign,shuffled,0.01,0.0001,2.72885,0.16355,4274
52,4,age_bin,ema_lr1e-3,0.001,0.0001,1.45319,0.42583,4274
52,4,age_bin,ema_lr5e-3,0.005,0.0001,1.18627,0.43776,4274
52,4,age_bin,ema_lr1e-2,0.01,0.0001,1.01408,0.51942,4274
52,4,age_bin,ema_lr5e-2,0.05,0.0001,0.35757,0.96631,4274
52,4,age_bin,ema_lr1e-2_wd1e-3,0.01,0.001,1.04841,0.49041,4274
52,4,age_bin,ema_d0.99,0.01,0.0001,1.04677,0.49532,4274
52,4,age_bin,ema_d0.9999,0.01,0.0001,1.00818,0.50445,4274
52,4,age_bin,mlp_h16,0.001,0.0,0.25058,1.0,4274
52,4,age_bin,mlp_h32,0.001,0.0,0.17181,1.0,4274
52,4,age_bin,mlp_h64,0.001,0.0,0.05393,1.0,4274
52,4,age_bin,mlp_h128,0.001,0.0,0.02316,1.0,4274
52,4,age_bin,attention,0.0001,1e-05,0.3051,1.0,4274
52,4,age_bin,shuffled,0.01,0.0001,1.08411,0.43823,4274
52,4,gender,ema_lr1e-3,0.001,0.0001,0.96121,0.50608,4274
52,4,gender,ema_lr5e-3,0.005,0.0001,0.94029,0.49204,4274
52,4,gender,ema_lr1e-2,0.01,0.0001,0.88287,0.50562,4274
52,4,gender,ema_lr5e-2,0.05,0.0001,0.74071,0.50608,4274
52,4,gender,ema_lr1e-2_wd1e-3,0.01,0.001,0.84925,0.50655,4274
52,4,gender,ema_d0.99,0.01,0.0001,0.7833,0.53135,4274
52,4,gender,ema_d0.9999,0.01,0.0001,0.85948,0.50819,4274
52,4,gender,mlp_h16,0.001,0.0,0.69224,0.52082,4274
52,4,gender,mlp_h32,0.001,0.0,0.69144,0.53088,4274
52,4,gender,mlp_h64,0.001,0.0,0.68877,0.53556,4274
52,4,gender,mlp_h128,0.001,0.0,0.68751,0.53861,4274
52,4,gender,attention,0.0001,1e-05,0.68861,0.57031,4274
52,4,gender,shuffled,0.01,0.0001,0.8481,0.50304,4274
52,4,star_sign,ema_lr1e-3,0.001,0.0001,3.16975,0.10669,4274
52,4,star_sign,ema_lr5e-3,0.005,0.0001,2.8409,0.10342,4274
52,4,star_sign,ema_lr1e-2,0.01,0.0001,2.53068,0.18624,4274
52,4,star_sign,ema_lr5e-2,0.05,0.0001,1.02496,0.87365,4274
52,4,star_sign,ema_lr1e-2_wd1e-3,0.01,0.001,2.54857,0.18063,4274
52,4,star_sign,ema_d0.99,0.01,0.0001,2.50672,0.22906,4274
52,4,star_sign,ema_d0.9999,0.01,0.0001,2.50529,0.16963,4274
52,4,star_sign,mlp_h16,0.001,0.0,2.00787,0.55896,4274
52,4,star_sign,mlp_h32,0.001,0.0,0.63012,1.0,4274
52,4,star_sign,mlp_h64,0.001,0.0,0.3168,1.0,4274
52,4,star_sign,mlp_h128,0.001,0.0,0.05157,1.0,4274
52,4,star_sign,attention,0.0001,1e-05,2.14661,0.99219,4274
52,4,star_sign,shuffled,0.01,0.0001,2.53466,0.16706,4274
52,6,age_bin,ema_lr1e-3,0.001,0.0001,1.74501,0.27726,4274
52,6,age_bin,ema_lr5e-3,0.005,0.0001,1.40361,0.35564,4274
52,6,age_bin,ema_lr1e-2,0.01,0.0001,1.11051,0.47894,4274
52,6,age_bin,ema_lr5e-2,0.05,0.0001,0.35612,0.96561,4274
52,6,age_bin,ema_lr1e-2_wd1e-3,0.01,0.001,1.06868,0.50328,4274
52,6,age_bin,ema_d0.99,0.01,0.0001,1.10379,0.49158,4274
52,6,age_bin,ema_d0.9999,0.01,0.0001,1.15387,0.45461,4274
52,6,age_bin,mlp_h16,0.001,0.0,0.40267,0.99836,4274
52,6,age_bin,mlp_h32,0.001,0.0,0.26311,1.0,4274
52,6,age_bin,mlp_h64,0.001,0.0,0.07579,1.0,4274
52,6,age_bin,mlp_h128,0.001,0.0,0.02525,1.0,4274
52,6,age_bin,attention,0.0001,1e-05,0.3972,0.97656,4274
52,6,age_bin,shuffled,0.01,0.0001,1.05839,0.48924,4274
52,6,gender,ema_lr1e-3,0.001,0.0001,1.07127,0.48924,4274
52,6,gender,ema_lr5e-3,0.005,0.0001,0.98651,0.49134,4274
52,6,gender,ema_lr1e-2,0.01,0.0001,0.87281,0.50889,4274
52,6,gender,ema_lr5e-2,0.05,0.0001,0.73598,0.50912,4274
52,6,gender,ema_lr1e-2_wd1e-3,0.01,0.001,0.89431,0.50562,4274
52,6,gender,ema_d0.99,0.01,0.0001,1.00549,0.44197,4274
52,6,gender,ema_d0.9999,0.01,0.0001,0.91397,0.51217,4274
52,6,gender,mlp_h16,0.001,0.0,0.6892,0.53346,4274
52,6,gender,mlp_h32,0.001,0.0,0.68817,0.5379,4274
52,6,gender,mlp_h64,0.001,0.0,0.68667,0.5365,4274
52,6,gender,mlp_h128,0.001,0.0,0.68638,0.53673,4274
52,6,gender,attention,0.0001,1e-05,1.85263,0.5625,4274
52,6,gender,shuffled,0.01,0.0001,0.92012,0.49766,4274
52,6,star_sign,ema_lr1e-3,0.001,0.0001,3.19322,0.09312,4274
52,6,star_sign,ema_lr5e-3,0.005,0.0001,2.97679,0.13617,4274
52,6,star_sign,ema_lr1e-2,0.01,0.0001,2.76215,0.1226,4274
52,6,star_sign,ema_lr5e-2,0.05,0.0001,1.14004,0.76205,4274
52,6,star_sign,ema_lr1e-2_wd1e-3,0.01,0.001,2.63204,0.13617,4274
52,6,star_sign,ema_d0.99,0.01,0.0001,2.65126,0.16635,4274
52,6,star_sign,ema_d0.9999,0.01,0.0001,2.7387,0.15278,4274
52,6,star_sign,mlp_h16,0.001,0.0,1.62849,0.81586,4274
52,6,star_sign,mlp_h32,0.001,0.0,0.63415,1.0,4274
52,6,star_sign,mlp_h64,0.001,0.0,0.31842,1.0,4274
52,6,star_sign,mlp_h128,0.001,0.0,0.0536,1.0,4274
52,6,star_sign,attention,0.0001,1e-05,0.91162,0.86719,4274
52,6,star_sign,shuffled,0.01,0.0001,2.53775,0.19162,4274
53,0,age_bin,ema_lr1e-3,0.001,0.0001,1.48162,0.38421,4154
53,0,age_bin,ema_lr5e-3,0.005,0.0001,1.36036,0.44198,4154
53,0,age_bin,ema_lr1e-2,0.01,0.0001,1.11079,0.46076,4154
53,0,age_bin,ema_lr5e-2,0.05,0.0001,0.36113,0.95474,4154
53,0,age_bin,ema_lr1e-2_wd1e-3,0.01,0.001,1.13433,0.44078,4154
53,0,age_bin,ema_d0.99,0.01,0.0001,1.16448,0.52167,4154
53,0,age_bin,ema_d0.9999,0.01,0.0001,1.17282,0.51517,4154
53,0,age_bin,mlp_h16,0.001,0.0,0.49065,0.99085,4154
53,0,age_bin,mlp_h32,0.001,0.0,0.28431,1.0,4154
53,0,age_bin,mlp_h64,0.001,0.0,0.07441,1.0,4154
53,0,age_bin,mlp_h128,0.001,0.0,0.02328,1.0,4154
53,0,age_bin,attention,0.0001,1e-05,1.0366,1.0,4154
53,0,age_bin,shuffled,0.01,0.0001,1.07366,0.46846,4154
53,0,gender,ema_lr1e-3,0.001,0.0001,1.01872,0.50843,4154
53,0,gender,ema_lr5e-3,0.005,0.0001,0.96911,0.51035,4154
53,0,gender,ema_lr1e-2,0.01,0.0001,0.89262,0.51661,4154
53,0,gender,ema_lr5e-2,0.05,0.0001,0.7616,0.48844,4154
53,0,gender,ema_lr1e-2_wd1e-3,0.01,0.001,0.96389,0.50265,4154
53,0,gender,ema_d0.99,0.01,0.0001,0.95406,0.49904,4154
53,0,gender,ema_d0.9999,0.01,0.0001,0.91805,0.52817,4154
53,0,gender,mlp_h16,0.001,0.0,0.69345,0.49687,4154
53,0,gender,mlp_h32,0.001,0.0,0.69551,0.5012,4154
53,0,gender,mlp_h64,0.001,0.0,0.69442,0.48869,4154
53,0,gender,mlp_h128,0.001,0.0,0.69612,0.48387,4154
53,0,gender,attention,0.0001,1e-05,0.69222,0.60938,4154
53,0,gender,shuffled,0.01,0.0001,0.96162,0.50265,4154
53,0,star_sign,ema_lr1e-3,0.001,0.0001,3.19512,0.14757,4154
53,0,star_sign,ema_lr5e-3,0.005,0.0001,2.95075,0.13264,4154
53,0,star_sign,ema_lr1e-2,0.01,0.0001,2.62812,0.15286,4154
53,0,star_sign,ema_lr5e-2,0.05,0.0001,1.1335,0.76119,4154
53,0,star_sign,ema_lr1e-2_wd1e-3,0.01,0.001,2.69985,0.15166,4154
53,0,star_sign,ema_d0.99,0.01,0.0001,2.66753,0.1507,4154
53,0,star_sign,ema_d0.9999,0.01,0.0001,2.5976,0.19427,4154
53,0,star_sign,mlp_h16,0.001,0.0,0.95295,1.0,4154
53,0,star_sign,mlp_h32,0.001,0.0,0.8227,1.0,4154
53,0,star_sign,mlp_h64,0.001,0.0,0.39352,1.0,4154
53,0,star_sign,mlp_h128,0.001,0.0,0.06695,1.0,4154
53,0,star_sign,attention,0.0001,1e-05,2.39335,1.0,4154
53,0,star_sign,shuffled,0.01,0.0001,2.76184,0.1519,4154
53,4,age_bin,ema_lr1e-3,0.001,0.0001,1.42296,0.43909,4154
53,4,age_bin,ema_lr5e-3,0.005,0.0001,1.22309,0.41598,4154
53,4,age_bin,ema_lr1e-2,0.01,0.0001,0.99935,0.52407,4154
53,4,age_bin,ema_lr5e-2,0.05,0.0001,0.35868,0.9663,4154
53,4,age_bin,ema_lr1e-2_wd1e-3,0.01,0.001,1.05515,0.48002,4154
53,4,age_bin,ema_d0.99,0.01,0.0001,1.0113,0.51974,4154
53,4,age_bin,ema_d0.9999,0.01,0.0001,1.04987,0.4805,4154
53,4,age_bin,mlp_h16,0.001,0.0,0.23977,1.0,4154
53,4,age_bin,mlp_h32,0.001,0.0,0.17031,1.0,4154
53,4,age_bin,mlp_h64,0.001,0.0,0.05313,1.0,4154
53,4,age_bin,mlp_h128,0.001,0.0,0.02282,1.0,4154
53,4,age_bin,attention,0.0001,1e-05,0.27359,1.0,4154
53,4,age_bin,shuffled,0.01,0.0001,1.03763,0.46702,4154
53,4,gender,ema_lr1e-3,0.001,0.0001,0.96527,0.49591,4154
53,4,gender,ema_lr5e-3,0.005,0.0001,0.93594,0.48748,4154
53,4,gender,ema_lr1e-2,0.01,0.0001,0.87176,0.51059,4154
53,4,gender,ema_lr5e-2,0.05,0.0001,0.73121,0.51059,4154
53,4,gender,ema_lr1e-2_wd1e-3,0.01,0.001,0.87933,0.48869,4154
53,4,gender,ema_d0.99,0.01,0.0001,0.81583,0.51444,4154
53,4,gender,ema_d0.9999,0.01,0.0001,0.84646,0.51276,4154
53,4,gender,mlp_h16,0.001,0.0,0.69139,0.53298,4154
53,4,gender,mlp_h32,0.001,0.0,0.68969,0.53154,4154
53,4,gender,mlp_h64,0.001,0.0,0.68874,0.54429,4154
53,4,gender,mlp_h128,0.001,0.0,0.68798,0.55224,4154
53,4,gender,attention,0.0001,1e-05,0.69426,0.49219,4154
53,4,gender,shuffled,0.01,0.0001,0.82876,0.51709,4154
53,4,star_sign,ema_lr1e-3,0.001,0.0001,3.15256,0.11122,4154
53,4,star_sign,ema_lr5e-3,0.005,0.0001,2.78744,0.1117,4154
53,4,star_sign,ema_lr1e-2,0.01,0.0001,2.48724,0.18272,4154
53,4,star_sign,ema_lr5e-2,0.05,0.0001,1.0042,0.87626,4154
53,4,star_sign,ema_lr1e-2_wd1e-3,0.01,0.001,2.52682,0.18994,4154
53,4,star_sign,ema_d0.99,0.01,0.0001,2.56409,0.22027,4154
53,4,star_sign,ema_d0.9999,0.01,0.0001,2.49381,0.17477,4154
53,4,star_sign,mlp_h16,0.001,0.0,1.99178,0.59148,4154
53,4,star_sign,mlp_h32,0.001,0.0,0.5903,1.0,4154
53,4,star_sign,mlp_h64,0.001,0.0,0.29507,1.0,4154
53,4,star_sign,mlp_h128,0.001,0.0,0.05024,1.0,4154
53,4,star_sign,attention,0.0001,1e-05,2.14038,1.0,4154
53,4,star_sign,shuffled,0.01,0.0001,2.46342,0.18199,4154
53,6,age_bin,ema_lr1e-3,0.001,0.0001,1.61958,0.33414,4154
53,6,age_bin,ema_lr5e-3,0.005,0.0001,1.31952,0.38613,4154
53,6,age_bin,ema_lr1e-2,0.01,0.0001,1.1207,0.48435,4154
53,6,age_bin,ema_lr5e-2,0.05,0.0001,0.35112,0.97087,4154
53,6,age_bin,ema_lr1e-2_wd1e-3,0.01,0.001,1.058,0.51276,4154
53,6,age_bin,ema_d0.99,0.01,0.0001,1.19666,0.46582,4154
53,6,age_bin,ema_d0.9999,0.01,0.0001,1.05632,0.4923,4154
53,6,age_bin,mlp_h16,0.001,0.0,0.39243,0.99856,4154
53,6,age_bin,mlp_h32,0.001,0.0,0.24776,1.0,4154
53,6,age_bin,mlp_h64,0.001,0.0,0.07329,1.0,4154
53,6,age_bin,mlp_h128,0.001,0.0,0.02378,1.0,4154
53,6,age_bin,attention,0.0001,1e-05,0.21876,0.97656,4154
53,6,age_bin,shuffled,0.01,0.0001,1.11736,0.45932,4154
53,6,gender,ema_lr1e-3,0.001,0.0001,1.08703,0.48676,4154
53,6,gender,ema_lr5e-3,0.005,0.0001,1.01153,0.47978,4154
53,6,gender,ema_lr1e-2,0.01,0.0001,0.93367,0.49807,4154
53,6,gender,ema_lr5e-2,0.05,0.0001,0.73541,0.51613,4154
53,6,gender,ema_lr1e-2_wd1e-3,0.01,0.001,0.86905,0.52383,4154
53,6,gender,ema_d0.99,0.01,0.0001,0.93463,0.47617,4154
53,6,gender,ema_d0.9999,0.01,0.0001,0.94212,0.48844,4154
53,6,gender,mlp_h16,0.001,0.0,0.68778,0.54742,4154
53,6,gender,mlp_h32,0.001,0.0,0.68978,0.53828,4154
53,6,gender,mlp_h64,0.001,0.0,0.6856,0.552,4154
53,6,gender,mlp_h128,0.001,0.0,0.68585,0.57126,4154
53,6,gender,attention,0.0001,1e-05,2.27837,0.44531,4154
53,6,gender,shuffled,0.01,0.0001,0.89101,0.49856,4154
53,6,star_sign,ema_lr1e-3,0.001,0.0001,3.20508,0.07992,4154
53,6,star_sign,ema_lr5e-3,0.005,0.0001,2.97907,0.13577,4154
53,6,star_sign,ema_lr1e-2,0.01,0.0001,2.66522,0.13746,4154
53,6,star_sign,ema_lr5e-2,0.05,0.0001,1.10626,0.77564,4154
53,6,star_sign,ema_lr1e-2_wd1e-3,0.01,0.001,2.72687,0.12759,4154
53,6,star_sign,ema_d0.99,0.01,0.0001,2.71158,0.14468,4154
53,6,star_sign,ema_d0.9999,0.01,0.0001,2.56546,0.17766,4154
53,6,star_sign,mlp_h16,0.001,0.0,1.59341,0.84039,4154
53,6,star_sign,mlp_h32,0.001,0.0,0.61734,1.0,4154
53,6,star_sign,mlp_h64,0.001,0.0,0.30695,1.0,4154
53,6,star_sign,mlp_h128,0.001,0.0,0.05021,1.0,4154
53,6,star_sign,attention,0.0001,1e-05,0.7416,0.875,4154
53,6,star_sign,shuffled,0.01,0.0001,2.66119,0.14781,4154
54,0,age_bin,ema_lr1e-3,0.001,0.0001,1.48616,0.38125,4362
54,0,age_bin,ema_lr5e-3,0.005,0.0001,1.36465,0.43329,4362
54,0,age_bin,ema_lr1e-2,0.01,0.0001,1.11907,0.44865,4362
54,0,age_bin,ema_lr5e-2,0.05,0.0001,0.35634,0.95598,4362
54,0,age_bin,ema_lr1e-2_wd1e-3,0.01,0.001,1.10637,0.44635,4362
54,0,age_bin,ema_d0.99,0.01,0.0001,1.15761,0.52132,4362
54,0,age_bin,ema_d0.9999,0.01,0.0001,1.1365,0.53691,4362
54,0,age_bin,mlp_h16,0.001,0.0,0.48195,0.98923,4362
54,0,age_bin,mlp_h32,0.001,0.0,0.27278,1.0,4362
54,0,age_bin,mlp_h64,0.001,0.0,0.0694,1.0,4362
54,0,age_bin,mlp_h128,0.001,0.0,0.02228,1.0,4362
54,0,age_bin,attention,0.0001,1e-05,1.03526,1.0,4362
54,0,age_bin,shuffled,0.01,0.0001,1.07535,0.47387,4362
54,0,gender,ema_lr1e-3,0.001,0.0001,1.06615,0.50321,4362
54,0,gender,ema_lr5e-3,0.005,0.0001,0.96117,0.50917,4362
54,0,gender,ema_lr1e-2,0.01,0.0001,0.91078,0.49152,4362
54,0,gender,ema_lr5e-2,0.05,0.0001,0.77423,0.48281,4362
54,0,gender,ema_lr1e-2_wd1e-3,0.01,0.001,0.9635,0.50436,4362
54,0,gender,ema_d0.99,0.01,0.0001,0.9349,0.49931,4362
54,0,gender,ema_d0.9999,0.01,0.0001,0.96088,0.49358,4362
54,0,gender,mlp_h16,0.001,0.0,0.69442,0.49633,4362
54,0,gender,mlp_h32,0.001,0.0,0.69359,0.50642,4362
54,0,gender,mlp_h64,0.001,0.0,0.69434,0.50252,4362
54,0,gender,mlp_h128,0.001,0.0,0.6948,0.50252,4362
54,0,gender,attention,0.0001,1e-05,0.69406,0.42188,4362
54,0,gender,shuffled,0.01,0.0001,0.93647,0.511,4362
54,0,star_sign,ema_lr1e-3,0.001,0.0001,3.20671,0.15039,4362
54,0,star_sign,ema_lr5e-3,0.005,0.0001,2.93826,0.12838,4362
54,0,star_sign,ema_lr1e-2,0.01,0.0001,2.65616,0.15062,4362
54,0,star_sign,ema_lr5e-2,0.05,0.0001,1.07986,0.77854,4362
54,0,star_sign,ema_lr1e-2_wd1e-3,0.01,0.001,2.72532,0.14237,4362
54,0,star_sign,ema_d0.99,0.01,0.0001,2.61932,0.15177,4362
54,0,star_sign,ema_d0.9999,0.01,0.0001,2.64895,0.18661,4362
54,0,star_sign,mlp_h16,0.001,0.0,0.92178,0.99977,4362
54,0,star_sign,mlp_h32,0.001,0.0,0.79344,1.0,4362
54,0,star_sign,mlp_h64,0.001,0.0,0.36431,1.0,4362
54,0,star_sign,mlp_h128,0.001,0.0,0.06194,1.0,4362
54,0,star_sign,attention,0.0001,1e-05,2.39244,1.0,4362
54,0,star_sign,shuffled,0.01,0.0001,2.69145,0.16575,4362
54,4,age_bin,ema_lr1e-3,0.001,0.0001,1.4687,0.41541,4362
54,4,age_bin,ema_lr5e-3,0.005,0.0001,1.25024,0.40784,4362
54,4,age_bin,ema_lr1e-2,0.01,0.0001,0.96691,0.54677,4362
54,4,age_bin,ema_lr5e-2,0.05,0.0001,0.34826,0.96424,4362
54,4,age_bin,ema_lr1e-2_wd1e-3,0.01,0.001,1.00558,0.52247,4362
54,4,age_bin,ema_d0.99,0.01,0.0001,1.06586,0.49633,4362
54,4,age_bin,ema_d0.9999,0.01,0.0001,1.00931,0.50619,4362
54,4,age_bin,mlp_h16,0.001,0.0,0.24143,1.0,4362
54,4,age_bin,mlp_h32,0.001,0.0,0.16177,1.0,4362
54,4,age_bin,mlp_h64,0.001,0.0,0.04993,1.0,4362
54,4,age_bin,mlp_h128,0.001,0.0,0.02188,1.0,4362
54,4,age_bin,attention,0.0001,1e-05,0.259,1.0,4362
54,4,age_bin,shuffled,0.01,0.0001,1.02279,0.46905,4362
54,4,gender,ema_lr1e-3,0.001,0.0001,0.96617,0.50229,4362
54,4,gender,ema_lr5e-3,0.005,0.0001,0.93289,0.48991,4362
54,4,gender,ema_lr1e-2,0.01,0.0001,0.86115,0.50848,4362
54,4,gender,ema_lr5e-2,0.05,0.0001,0.74683,0.49587,4362
54,4,gender,ema_lr1e-2_wd1e-3,0.01,0.001,0.82428,0.51215,4362
54,4,gender,ema_d0.99,0.01,0.0001,0.83941,0.49106,4362
54,4,gender,ema_d0.9999,0.01,0.0001,0.82896,0.50802,4362
54,4,gender,mlp_h16,0.001,0.0,0.69404,0.50894,4362
54,4,gender,mlp_h32,0.001,0.0,0.69455,0.51467,4362
54,4,gender,mlp_h64,0.001,0.0,0.69623,0.49885,4362
54,4,gender,mlp_h128,0.001,0.0,0.69227,0.52682,4362
54,4,gender,attention,0.0001,1e-05,0.68687,0.57031,4362
54,4,gender,shuffled,0.01,0.0001,0.85241,0.49564,4362
54,4,star_sign,ema_lr1e-3,0.001,0.0001,3.07423,0.11807,4362
54,4,star_sign,ema_lr5e-3,0.005,0.0001,2.81845,0.10339,4362
54,4,star_sign,ema_lr1e-2,0.01,0.0001,2.52354,0.19005,4362
54,4,star_sign,ema_lr5e-2,0.05,0.0001,0.97532,0.89271,4362
54,4,star_sign,ema_lr1e-2_wd1e-3,0.01,0.001,2.58036,0.17675,4362
54,4,star_sign,ema_d0.99,0.01,0.0001,2.45171,0.25745,4362
54,4,star_sign,ema_d0.9999,0.01,0.0001,2.47989,0.18386,4362
54,4,star_sign,mlp_h16,0.001,0.0,1.9618,0.63801,4362
54,4,star_sign,mlp_h32,0.001,0.0,0.58155,1.0,4362
54,4,star_sign,mlp_h64,0.001,0.0,0.29155,1.0,4362
54,4,star_sign,mlp_h128,0.001,0.0,0.04812,1.0,4362
54,4,star_sign,attention,0.0001,1e-05,2.13166,1.0,4362
54,4,star_sign,shuffled,0.01,0.0001,2.45543,0.18661,4362
54,6,age_bin,ema_lr1e-3,0.001,0.0001,1.71593,0.28427,4362
54,6,age_bin,ema_lr5e-3,0.005,0.0001,1.40364,0.36039,4362
54,6,age_bin,ema_lr1e-2,0.01,0.0001,1.168,0.45575,4362
54,6,age_bin,ema_lr5e-2,0.05,0.0001,0.35438,0.96653,4362
54,6,age_bin,ema_lr1e-2_wd1e-3,0.01,0.001,1.11604,0.46768,4362
54,6,age_bin,ema_d0.99,0.01,0.0001,1.05756,0.52591,4362
54,6,age_bin,ema_d0.9999,0.01,0.0001,1.11908,0.45988,4362
54,6,age_bin,mlp_h16,0.001,0.0,0.37671,0.99862,4362
54,6,age_bin,mlp_h32,0.001,0.0,0.24335,1.0,4362
54,6,age_bin,mlp_h64,0.001,0.0,0.07074,1.0,4362
54,6,age_bin,mlp_h128,0.001,0.0,0.02361,1.0,4362
54,6,age_bin,attention,0.0001,1e-05,0.0,1.0,4362
54,6,age_bin,shuffled,0.01,0.0001,1.0649,0.48739,4362
54,6,gender,ema_lr1e-3,0.001,0.0001,1.09374,0.48006,4362
54,6,gender,ema_lr5e-3,0.005,0.0001,0.98456,0.49496,4362
54,6,gender,ema_lr1e-2,0.01,0.0001,0.94325,0.48006,4362
54,6,gender,ema_lr5e-2,0.05,0.0001,0.73557,0.51398,4362
54,6,gender,ema_lr1e-2_wd1e-3,0.01,0.001,0.84964,0.53508,4362
54,6,gender,ema_d0.99,0.01,0.0001,0.91753,0.49381,4362
54,6,gender,ema_d0.9999,0.01,0.0001,0.92692,0.4945,4362
54,6,gender,mlp_h16,0.001,0.0,0.694,0.5149,4362
54,6,gender,mlp_h32,0.001,0.0,0.69585,0.50757,4362
54,6,gender,mlp_h64,0.001,0.0,0.69448,0.51628,4362
54,6,gender,mlp_h128,0.001,0.0,0.70431,0.49175,4362
54,6,gender,attention,0.0001,1e-05,1.74287,0.55469,4362
54,6,gender,shuffled,0.01,0.0001,0.89797,0.49908,4362
54,6,star_sign,ema_lr1e-3,0.001,0.0001,3.03846,0.10958,4362
54,6,star_sign,ema_lr5e-3,0.005,0.0001,2.89957,0.14558,4362
54,6,star_sign,ema_lr1e-2,0.01,0.0001,2.654,0.14924,4362
54,6,star_sign,ema_lr5e-2,0.05,0.0001,1.06107,0.80261,4362
54,6,star_sign,ema_lr1e-2_wd1e-3,0.01,0.001,2.61359,0.1403,4362
54,6,star_sign,ema_d0.99,0.01,0.0001,2.69182,0.1458,4362
54,6,star_sign,ema_d0.9999,0.01,0.0001,2.70036,0.16392,4362
54,6,star_sign,mlp_h16,0.001,0.0,1.59979,0.8237,4362
54,6,star_sign,mlp_h32,0.001,0.0,0.5952,1.0,4362
54,6,star_sign,mlp_h64,0.001,0.0,0.27737,1.0,4362
54,6,star_sign,mlp_h128,0.001,0.0,0.04801,1.0,4362
54,6,star_sign,attention,0.0001,1e-05,0.80189,0.89062,4362
54,6,star_sign,shuffled,0.01,0.0001,2.69648,0.14282,4362
55,0,age_bin,ema_lr1e-3,0.001,0.0001,1.50392,0.37527,4109
55,0,age_bin,ema_lr5e-3,0.005,0.0001,1.35411,0.44269,4109
55,0,age_bin,ema_lr1e-2,0.01,0.0001,1.1059,0.44974,4109
55,0,age_bin,ema_lr5e-2,0.05,0.0001,0.34585,0.9613,4109
55,0,age_bin,ema_lr1e-2_wd1e-3,0.01,0.001,1.09219,0.45145,4109
55,0,age_bin,ema_d0.99,0.01,0.0001,1.12782,0.52275,4109
55,0,age_bin,ema_d0.9999,0.01,0.0001,1.16052,0.52324,4109
55,0,age_bin,mlp_h16,0.001,0.0,0.46971,0.99294,4109
55,0,age_bin,mlp_h32,0.001,0.0,0.26479,1.0,4109
55,0,age_bin,mlp_h64,0.001,0.0,0.06631,1.0,4109
55,0,age_bin,mlp_h128,0.001,0.0,0.02153,1.0,4109
55,0,age_bin,attention,0.0001,1e-05,1.03368,1.0,4109
55,0,age_bin,shuffled,0.01,0.0001,1.06034,0.48333,4109
55,0,gender,ema_lr1e-3,0.001,0.0001,1.04923,0.5045,4109
55,0,gender,ema_lr5e-3,0.005,0.0001,0.98683,0.49428,4109
55,0,gender,ema_lr1e-2,0.01,0.0001,0.89752,0.51253,4109
55,0,gender,ema_lr5e-2,0.05,0.0001,0.74784,0.50231,4109
55,0,gender,ema_lr1e-2_wd1e-3,0.01,0.001,0.9548,0.50718,4109
55,0,gender,ema_d0.99,0.01,0.0001,0.97067,0.49209,4109
55,0,gender,ema_d0.9999,0.01,0.0001,0.95537,0.4955,4109
55,0,gender,mlp_h16,0.001,0.0,0.69391,0.49963,4109
55,0,gender,mlp_h32,0.001,0.0,0.69356,0.50937,4109
55,0,gender,mlp_h64,0.001,0.0,0.69523,0.49355,4109
55,0,gender,mlp_h128,0.001,0.0,0.69616,0.49452,4109
55,0,gender,attention,0.0001,1e-05,0.69335,0.49219,4109
55,0,gender,shuffled,0.01,0.0001,0.93265,0.5191,4109
55,0,star_sign,ema_lr1e-3,0.001,0.0001,3.15891,0.14943,4109
55,0,star_sign,ema_lr5e-3,0.005,0.0001,2.92593,0.13385,4109
55,0,star_sign,ema_lr1e-2,0.01,0.0001,2.64758,0.14651,4109
55,0,star_sign,ema_lr5e-2,0.05,0.0001,1.07706,0.78876,4109
55,0,star_sign,ema_lr1e-2_wd1e-3,0.01,0.001,2.65583,0.14675,4109
55,0,star_sign,ema_d0.99,0.01,0.0001,2.63656,0.1487,4109
55,0,star_sign,ema_d0.9999,0.01,0.0001,2.61745,0.19469,4109
55,0,star_sign,mlp_h16,0.001,0.0,0.89535,1.0,4109
55,0,star_sign,mlp_h32,0.001,0.0,0.77213,1.0,4109
55,0,star_sign,mlp_h64,0.001,0.0,0.34405,1.0,4109
55,0,star_sign,mlp_h128,0.001,0.0,0.05799,1.0,4109
55,0,star_sign,attention,0.0001,1e-05,2.39038,1.0,4109
55,0,star_sign,shuffled,0.01,0.0001,2.68409,0.16938,4109
55,4,age_bin,ema_lr1e-3,0.001,0.0001,1.41625,0.43904,4109
55,4,age_bin,ema_lr5e-3,0.005,0.0001,1.24137,0.40983,4109
55,4,age_bin,ema_lr1e-2,0.01,0.0001,0.97811,0.53419,4109
55,4,age_bin,ema_lr5e-2,0.05,0.0001,0.35011,0.97055,4109
55,4,age_bin,ema_lr1e-2_wd1e-3,0.01,0.001,0.99408,0.52349,4109
55,4,age_bin,ema_d0.99,0.01,0.0001,0.98532,0.54417,4109
55,4,age_bin,ema_d0.9999,0.01,0.0001,1.02555,0.49355,4109
55,4,age_bin,mlp_h16,0.001,0.0,0.22145,1.0,4109
55,4,age_bin,mlp_h32,0.001,0.0,0.15368,1.0,4109
55,4,age_bin,mlp_h64,0.001,0.0,0.04621,1.0,4109
55,4,age_bin,mlp_h128,0.001,0.0,0.02025,1.0,4109
55,4,age_bin,attention,0.0001,1e-05,0.22805,1.0,4109
55,4,age_bin,shuffled,0.01,0.0001,1.02952,0.47067,4109
55,4,gender,ema_lr1e-3,0.001,0.0001,0.99344,0.49209,4109
55,4,gender,ema_lr5e-3,0.005,0.0001,0.92305,0.49379,4109
55,4,gender,ema_lr1e-2,0.01,0.0001,0.87885,0.50353,4109
55,4,gender,ema_lr5e-2,0.05,0.0001,0.74528,0.49379,4109
55,4,gender,ema_lr1e-2_wd1e-3,0.01,0.001,0.83072,0.5118,4109
55,4,gender,ema_d0.99,0.01,0.0001,0.81039,0.50888,4109
55,4,gender,ema_d0.9999,0.01,0.0001,0.82222,0.5247,4109
55,4,gender,mlp_h16,0.001,0.0,0.69236,0.51351,4109
55,4,gender,mlp_h32,0.001,0.0,0.69352,0.51034,4109
55,4,gender,mlp_h64,0.001,0.0,0.69488,0.50621,4109
55,4,gender,mlp_h128,0.001,0.0,0.69421,0.50864,4109
55,4,gender,attention,0.0001,1e-05,0.69307,0.47656,4109
55,4,gender,shuffled,0.01,0.0001,0.83689,0.50061,4109
55,4,star_sign,ema_lr1e-3,0.001,0.0001,3.07875,0.12558,4109
55,4,star_sign,ema_lr5e-3,0.005,0.0001,2.78091,0.1139,4109
55,4,star_sign,ema_lr1e-2,0.01,0.0001,2.4873,0.20784,4109
55,4,star_sign,ema_lr5e-2,0.05,0.0001,0.94266,0.90825,4109
55,4,star_sign,ema_lr1e-2_wd1e-3,0.01,0.001,2.49368,0.19396,4109
55,4,star_sign,ema_d0.99,0.01,0.0001,2.5241,0.2441,4109
55,4,star_sign,ema_d0.9999,0.01,0.0001,2.46063,0.17742,4109
55,4,star_sign,mlp_h16,0.001,0.0,1.92962,0.68946,4109
55,4,star_sign,mlp_h32,0.001,0.0,0.53908,1.0,4109
55,4,star_sign,mlp_h64,0.001,0.0,0.25732,1.0,4109
55,4,star_sign,mlp_h128,0.001,0.0,0.04244,1.0,4109
55,4,star_sign,attention,0.0001,1e-05,2.12364,1.0,4109
55,4,star_sign,shuffled,0.01,0.0001,2.36307,0.22,4109
55,6,age_bin,ema_lr1e-3,0.001,0.0001,1.66699,0.29983,4109
55,6,age_bin,ema_lr5e-3,0.005,0.0001,1.32685,0.38428,4109
55,6,age_bin,ema_lr1e-2,0.01,0.0001,1.08518,0.49209,4109
55,6,age_bin,ema_lr5e-2,0.05,0.0001,0.33753,0.97591,4109
55,6,age_bin,ema_lr1e-2_wd1e-3,0.01,0.001,1.07647,0.49671,4109
55,6,age_bin,ema_d0.99,0.01,0.0001,1.17774,0.46654,4109
55,6,age_bin,ema_d0.9999,0.01,0.0001,1.13981,0.44828,4109
55,6,age_bin,mlp_h16,0.001,0.0,0.37243,0.99805,4109
55,6,age_bin,mlp_h32,0.001,0.0,0.23115,1.0,4109
55,6,age_bin,mlp_h64,0.001,0.0,0.06541,1.0,4109
55,6,age_bin,mlp_h128,0.001,0.0,0.02149,1.0,4109
55,6,age_bin,attention,0.0001,1e-05,0.15515,0.98438,4109
55,6,age_bin,shuffled,0.01,0.0001,1.14722,0.44098,4109
55,6,gender,ema_lr1e-3,0.001,0.0001,1.09423,0.48163,4109
55,6,gender,ema_lr5e-3,0.005,0.0001,0.86323,0.54709,4109
55,6,gender,ema_lr1e-2,0.01,0.0001,0.92368,0.50085,4109
55,6,gender,ema_lr5e-2,0.05,0.0001,0.73604,0.51132,4109
55,6,gender,ema_lr1e-2_wd1e-3,0.01,0.001,0.93108,0.47992,4109
55,6,gender,ema_d0.99,0.01,0.0001,0.93822,0.47822,4109
55,6,gender,ema_d0.9999,0.01,0.0001,0.91414,0.51691,4109
55,6,gender,mlp_h16,0.001,0.0,0.69409,0.5191,4109
55,6,gender,mlp_h32,0.001,0.0,0.69424,0.52568,4109
55,6,gender,mlp_h64,0.001,0.0,0.69353,0.52835,4109
55,6,gender,mlp_h128,0.001,0.0,0.6959,0.51156,4109
55,6,gender,attention,0.0001,1e-05,2.08825,0.53125,4109
55,6,gender,shuffled,0.01,0.0001,0.90841,0.49744,4109
55,6,star_sign,ema_lr1e-3,0.001,0.0001,3.11045,0.09224,4109
55,6,star_sign,ema_lr5e-3,0.005,0.0001,2.96144,0.1431,4109
55,6,star_sign,ema_lr1e-2,0.01,0.0001,2.64368,0.14261,4109
55,6,star_sign,ema_lr5e-2,0.05,0.0001,1.04405,0.81309,4109
55,6,star_sign,ema_lr1e-2_wd1e-3,0.01,0.001,2.61638,0.14334,4109
55,6,star_sign,ema_d0.99,0.01,0.0001,2.6555,0.15503,4109
55,6,star_sign,ema_d0.9999,0.01,0.0001,2.56303,0.18277,4109
55,6,star_sign,mlp_h16,0.001,0.0,1.54853,0.84473,4109
55,6,star_sign,mlp_h32,0.001,0.0,0.58394,1.0,4109
55,6,star_sign,mlp_h64,0.001,0.0,0.26618,1.0,4109
55,6,star_sign,mlp_h128,0.001,0.0,0.04327,1.0,4109
55,6,star_sign,attention,0.0001,1e-05,0.815,0.86719,4109
55,6,star_sign,shuffled,0.01,0.0001,2.55238,0.17109,4109
56,0,age_bin,ema_lr1e-3,0.001,0.0001,1.50256,0.37549,3819
56,0,age_bin,ema_lr5e-3,0.005,0.0001,1.32856,0.44252,3819
56,0,age_bin,ema_lr1e-2,0.01,0.0001,1.09503,0.4585,3819
56,0,age_bin,ema_lr5e-2,0.05,0.0001,0.34566,0.96386,3819
56,0,age_bin,ema_lr1e-2_wd1e-3,0.01,0.001,1.08445,0.44828,3819
56,0,age_bin,ema_d0.99,0.01,0.0001,1.17893,0.5017,3819
56,0,age_bin,ema_d0.9999,0.01,0.0001,1.13499,0.54229,3819
56,0,age_bin,mlp_h16,0.001,0.0,0.46462,0.98743,3819
56,0,age_bin,mlp_h32,0.001,0.0,0.25228,1.0,3819
56,0,age_bin,mlp_h64,0.001,0.0,0.06427,1.0,3819
56,0,age_bin,mlp_h128,0.001,0.0,0.02101,1.0,3819
56,0,age_bin,attention,0.0001,1e-05,1.03198,1.0,3819
56,0,age_bin,shuffled,0.01,0.0001,1.06299,0.46609,3819
56,0,gender,ema_lr1e-3,0.001,0.0001,1.02839,0.50223,3819
56,0,gender,ema_lr5e-3,0.005,0.0001,0.97325,0.50013,3819
56,0,gender,ema_lr1e-2,0.01,0.0001,0.91035,0.50668,3819
56,0,gender,ema_lr5e-2,0.05,0.0001,0.76258,0.48206,3819
56,0,gender,ema_lr1e-2_wd1e-3,0.01,0.001,0.96352,0.4894,3819
56,0,gender,ema_d0.99,0.01,0.0001,0.92347,0.49961,3819
56,0,gender,ema_d0.9999,0.01,0.0001,0.96295,0.50589,3819
56,0,gender,mlp_h16,0.001,0.0,0.69273,0.50746,3819
56,0,gender,mlp_h32,0.001,0.0,0.69443,0.50196,3819
56,0,gender,mlp_h64,0.001,0.0,0.69634,0.48363,3819
56,0,gender,mlp_h128,0.001,0.0,0.69464,0.49908,3819
56,0,gender,attention,0.0001,1e-05,0.69285,0.53906,3819
56,0,gender,shuffled,0.01,0.0001,0.95717,0.50406,3819
56,0,star_sign,ema_lr1e-3,0.001,0.0001,3.1893,0.14664,3819
56,0,star_sign,ema_lr5e-3,0.005,0.0001,2.90279,0.13066,3819
56,0,star_sign,ema_lr1e-2,0.01,0.0001,2.59831,0.15685,3819
56,0,star_sign,ema_lr5e-2,0.05,0.0001,1.04672,0.79916,3819
56,0,star_sign,ema_lr1e-2_wd1e-3,0.01,0.001,2.64477,0.14559,3819
56,0,star_sign,ema_d0.99,0.01,0.0001,2.62788,0.15004,3819
56,0,star_sign,ema_d0.9999,0.01,0.0001,2.61244,0.19508,3819
56,0,star_sign,mlp_h16,0.001,0.0,0.87886,1.0,3819
56,0,star_sign,mlp_h32,0.001,0.0,0.733,1.0,3819
56,0,star_sign,mlp_h64,0.001,0.0,0.32209,1.0,3819
56,0,star_sign,mlp_h128,0.001,0.0,0.05451,1.0,3819
56,0,star_sign,attention,0.0001,1e-05,2.38792,1.0,3819
56,0,star_sign,shuffled,0.01,0.0001,2.73914,0.16025,3819
56,4,age_bin,ema_lr1e-3,0.001,0.0001,1.41862,0.43415,3819
56,4,age_bin,ema_lr5e-3,0.005,0.0001,1.23859,0.41739,3819
56,4,age_bin,ema_lr1e-2,0.01,0.0001,0.95152,0.56062,3819
56,4,age_bin,ema_lr5e-2,0.05,0.0001,0.32576,0.97696,3819
56,4,age_bin,ema_lr1e-2_wd1e-3,0.01,0.001,1.00636,0.49935,3819
56,4,age_bin,ema_d0.99,0.01,0.0001,0.98322,0.53836,3819
56,4,age_bin,ema_d0.9999,0.01,0.0001,1.00132,0.50458,3819
56,4,age_bin,mlp_h16,0.001,0.0,0.21725,1.0,3819
56,4,age_bin,mlp_h32,0.001,0.0,0.14375,1.0,3819
56,4,age_bin,mlp_h64,0.001,0.0,0.04381,1.0,3819
56,4,age_bin,mlp_h128,0.001,0.0,0.01914,1.0,3819
56,4,age_bin,attention,0.0001,1e-05,0.24545,1.0,3819
56,4,age_bin,shuffled,0.01,0.0001,1.01144,0.464,3819
56,4,gender,ema_lr1e-3,0.001,0.0001,1.05156,0.4585,3819
56,4,gender,ema_lr5e-3,0.005,0.0001,0.95542,0.46819,3819
56,4,gender,ema_lr1e-2,0.01,0.0001,0.89698,0.4784,3819
56,4,gender,ema_lr5e-2,0.05,0.0001,0.72404,0.52448,3819
56,4,gender,ema_lr1e-2_wd1e-3,0.01,0.001,0.84057,0.51191,3819
56,4,gender,ema_d0.99,0.01,0.0001,0.83288,0.49149,3819
56,4,gender,ema_d0.9999,0.01,0.0001,0.87537,0.48154,3819
56,4,gender,mlp_h16,0.001,0.0,0.69074,0.51925,3819
56,4,gender,mlp_h32,0.001,0.0,0.69445,0.50982,3819
56,4,gender,mlp_h64,0.001,0.0,0.69192,0.52239,3819
56,4,gender,mlp_h128,0.001,0.0,0.69643,0.50511,3819
56,4,gender,attention,0.0001,1e-05,0.69538,0.47656,3819
56,4,gender,shuffled,0.01,0.0001,0.85168,0.4907,3819
56,4,star_sign,ema_lr1e-3,0.001,0.0001,3.13152,0.11417,3819
56,4,star_sign,ema_lr5e-3,0.005,0.0001,2.81351,0.10317,3819
56,4,star_sign,ema_lr1e-2,0.01,0.0001,2.46699,0.20503,3819
56,4,star_sign,ema_lr5e-2,0.05,0.0001,0.93162,0.91254,3819
56,4,star_sign,ema_lr1e-2_wd1e-3,0.01,0.001,2.51578,0.18958,3819
56,4,star_sign,ema_d0.99,0.01,0.0001,2.48425,0.23959,3819
56,4,star_sign,ema_d0.9999,0.01,0.0001,2.46152,0.18356,3819
56,4,star_sign,mlp_h16,0.001,0.0,1.9313,0.70909,3819
56,4,star_sign,mlp_h32,0.001,0.0,0.50035,1.0,3819
56,4,star_sign,mlp_h64,0.001,0.0,0.23265,1.0,3819
56,4,star_sign,mlp_h128,0.001,0.0,0.03917,1.0,3819
56,4,star_sign,attention,0.0001,1e-05,2.11994,1.0,3819
56,4,star_sign,shuffled,0.01,0.0001,2.43657,0.19822,3819
56,6,age_bin,ema_lr1e-3,0.001,0.0001,1.65733,0.31893,3819
56,6,age_bin,ema_lr5e-3,0.005,0.0001,1.32852,0.3857,3819
56,6,age_bin,ema_lr1e-2,0.01,0.0001,1.16006,0.47133,3819
56,6,age_bin,ema_lr5e-2,0.05,0.0001,0.32882,0.978,3819
56,6,age_bin,ema_lr1e-2_wd1e-3,0.01,0.001,1.08833,0.4928,3819
56,6,age_bin,ema_d0.99,0.01,0.0001,1.1364,0.47656,3819
56,6,age_bin,ema_d0.9999,0.01,0.0001,1.06472,0.49856,3819
56,6,age_bin,mlp_h16,0.001,0.0,0.35797,0.99869,3819
56,6,age_bin,mlp_h32,0.001,0.0,0.22244,1.0,3819
56,6,age_bin,mlp_h64,0.001,0.0,0.06285,1.0,3819
56,6,age_bin,mlp_h128,0.001,0.0,0.0205,1.0,3819
56,6,age_bin,attention,0.0001,1e-05,0.00259,1.0,3819
56,6,age_bin,shuffled,0.01,0.0001,1.02865,0.50772,3819
56,6,gender,ema_lr1e-3,0.001,0.0001,1.01137,0.52893,3819
56,6,gender,ema_lr5e-3,0.005,0.0001,0.94815,0.49228,3819
56,6,gender,ema_lr1e-2,0.01,0.0001,0.89088,0.51846,3819
56,6,gender,ema_lr5e-2,0.05,0.0001,0.74187,0.51034,3819
56,6,gender,ema_lr1e-2_wd1e-3,0.01,0.001,0.88316,0.50196,3819
56,6,gender,ema_d0.99,0.01,0.0001,0.90426,0.48782,3819
56,6,gender,ema_d0.9999,0.01,0.0001,0.91783,0.49777,3819
56,6,gender,mlp_h16,0.001,0.0,0.6945,0.50039,3819
56,6,gender,mlp_h32,0.001,0.0,0.69417,0.52056,3819
56,6,gender,mlp_h64,0.001,0.0,0.69243,0.52265,3819
56,6,gender,mlp_h128,0.001,0.0,0.69819,0.49437,3819
56,6,gender,attention,0.0001,1e-05,2.14442,0.44531,3819
56,6,gender,shuffled,0.01,0.0001,0.88441,0.49856,3819
56,6,star_sign,ema_lr1e-3,0.001,0.0001,3.15284,0.09217,3819
56,6,star_sign,ema_lr5e-3,0.005,0.0001,2.88113,0.13459,3819
56,6,star_sign,ema_lr1e-2,0.01,0.0001,2.65042,0.15109,3819
56,6,star_sign,ema_lr5e-2,0.05,0.0001,1.01382,0.81618,3819
56,6,star_sign,ema_lr1e-2_wd1e-3,0.01,0.001,2.64082,0.12778,3819
56,6,star_sign,ema_d0.99,0.01,0.0001,2.67422,0.16313,3819
56,6,star_sign,ema_d0.9999,0.01,0.0001,2.57148,0.17753,3819
56,6,star_sign,mlp_h16,0.001,0.0,1.54986,0.84996,3819
56,6,star_sign,mlp_h32,0.001,0.0,0.5432,1.0,3819
56,6,star_sign,mlp_h64,0.001,0.0,0.23978,1.0,3819
56,6,star_sign,mlp_h128,0.001,0.0,0.04166,1.0,3819
56,6,star_sign,attention,0.0001,1e-05,0.6658,0.875,3819
56,6,star_sign,shuffled,0.01,0.0001,2.65229,0.15685,3819
57,0,age_bin,ema_lr1e-3,0.001,0.0001,1.51053,0.37153,3849
57,0,age_bin,ema_lr5e-3,0.005,0.0001,1.31067,0.44869,3849
57,0,age_bin,ema_lr1e-2,0.01,0.0001,1.09411,0.45882,3849
57,0,age_bin,ema_lr5e-2,0.05,0.0001,0.33692,0.96415,3849
57,0,age_bin,ema_lr1e-2_wd1e-3,0.01,0.001,1.10929,0.43804,3849
57,0,age_bin,ema_d0.99,0.01,0.0001,1.17309,0.51468,3849
57,0,age_bin,ema_d0.9999,0.01,0.0001,1.15075,0.56482,3849
57,0,age_bin,mlp_h16,0.001,0.0,0.45225,0.99091,3849
57,0,age_bin,mlp_h32,0.001,0.0,0.24134,1.0,3849
57,0,age_bin,mlp_h64,0.001,0.0,0.05956,1.0,3849
57,0,age_bin,mlp_h128,0.001,0.0,0.0195,1.0,3849
57,0,age_bin,attention,0.0001,1e-05,1.03176,1.0,3849
57,0,age_bin,shuffled,0.01,0.0001,1.05544,0.47155,3849
57,0,gender,ema_lr1e-3,0.001,0.0001,1.00977,0.51156,3849
57,0,gender,ema_lr5e-3,0.005,0.0001,0.96473,0.51,3849
57,0,gender,ema_lr1e-2,0.01,0.0001,0.91879,0.49,3849
57,0,gender,ema_lr5e-2,0.05,0.0001,0.74448,0.49883,3849
57,0,gender,ema_lr1e-2_wd1e-3,0.01,0.001,0.95053,0.50429,3849
57,0,gender,ema_d0.99,0.01,0.0001,0.95646,0.48116,3849
57,0,gender,ema_d0.9999,0.01,0.0001,0.92987,0.51052,3849
57,0,gender,mlp_h16,0.001,0.0,0.69469,0.5165,3849
57,0,gender,mlp_h32,0.001,0.0,0.69458,0.50247,3849
57,0,gender,mlp_h64,0.001,0.0,0.69432,0.5113,3849
57,0,gender,mlp_h128,0.001,0.0,0.69357,0.50818,3849
57,0,gender,attention,0.0001,1e-05,0.69287,0.55469,3849
57,0,gender,shuffled,0.01,0.0001,0.94769,0.49571,3849
57,0,star_sign,ema_lr1e-3,0.001,0.0001,3.16859,0.15952,3849
57,0,star_sign,ema_lr5e-3,0.005,0.0001,2.95265,0.12653,3849
57,0,star_sign,ema_lr1e-2,0.01,0.0001,2.59457,0.1564,3849
57,0,star_sign,ema_lr5e-2,0.05,0.0001,1.03054,0.8067,3849
57,0,star_sign,ema_lr1e-2_wd1e-3,0.01,0.001,2.65654,0.14783,3849
57,0,star_sign,ema_d0.99,0.01,0.0001,2.59688,0.14627,3849
57,0,star_sign,ema_d0.9999,0.01,0.0001,2.61306,0.19408,3849
57,0,star_sign,mlp_h16,0.001,0.0,0.85064,1.0,3849
57,0,star_sign,mlp_h32,0.001,0.0,0.70341,1.0,3849
57,0,star_sign,mlp_h64,0.001,0.0,0.30245,1.0,3849
57,0,star_sign,mlp_h128,0.001,0.0,0.05103,1.0,3849
57,0,star_sign,attention,0.0001,1e-05,2.38881,1.0,3849
57,0,star_sign,shuffled,0.01,0.0001,2.65051,0.17303,3849
57,4,age_bin,ema_lr1e-3,0.001,0.0001,1.43688,0.43102,3849
57,4,age_bin,ema_lr5e-3,0.005,0.0001,1.21357,0.43102,3849
57,4,age_bin,ema_lr1e-2,0.01,0.0001,0.96041,0.54845,3849
57,4,age_bin,ema_lr5e-2,0.05,0.0001,0.32498,0.97714,3849
57,4,age_bin,ema_lr1e-2_wd1e-3,0.01,0.001,0.98514,0.52715,3849
57,4,age_bin,ema_d0.99,0.01,0.0001,1.01034,0.5191,3849
57,4,age_bin,ema_d0.9999,0.01,0.0001,0.97076,0.52429,3849
57,4,age_bin,mlp_h16,0.001,0.0,0.21039,1.0,3849
57,4,age_bin,mlp_h32,0.001,0.0,0.13616,1.0,3849
57,4,age_bin,mlp_h64,0.001,0.0,0.04104,1.0,3849
57,4,age_bin,mlp_h128,0.001,0.0,0.01811,1.0,3849
57,4,age_bin,attention,0.0001,1e-05,0.18535,1.0,3849
57,4,age_bin,shuffled,0.01,0.0001,1.01736,0.47181,3849
57,4,gender,ema_lr1e-3,0.001,0.0001,1.00513,0.4835,3849
57,4,gender,ema_lr5e-3,0.005,0.0001,0.92271,0.48792,3849
57,4,gender,ema_lr1e-2,0.01,0.0001,0.84411,0.52014,3849
57,4,gender,ema_lr5e-2,0.05,0.0001,0.73916,0.48948,3849
57,4,gender,ema_lr1e-2_wd1e-3,0.01,0.001,0.82343,0.51832,3849
57,4,gender,ema_d0.99,0.01,0.0001,0.81453,0.49805,3849
57,4,gender,ema_d0.9999,0.01,0.0001,0.83032,0.50429,3849
57,4,gender,mlp_h16,0.001,0.0,0.69008,0.52325,3849
57,4,gender,mlp_h32,0.001,0.0,0.68742,0.53287,3849
57,4,gender,mlp_h64,0.001,0.0,0.68773,0.54326,3849
57,4,gender,mlp_h128,0.001,0.0,0.68761,0.54767,3849
57,4,gender,attention,0.0001,1e-05,0.694,0.54688,3849
57,4,gender,shuffled,0.01,0.0001,0.83177,0.50455,3849
57,4,star_sign,ema_lr1e-3,0.001,0.0001,3.09416,0.11613,3849
57,4,star_sign,ema_lr5e-3,0.005,0.0001,2.82899,0.09795,3849
57,4,star_sign,ema_lr1e-2,0.01,0.0001,2.51977,0.18888,3849
57,4,star_sign,ema_lr5e-2,0.05,0.0001,0.91348,0.91478,3849
57,4,star_sign,ema_lr1e-2_wd1e-3,0.01,0.001,2.4676,0.20005,3849
57,4,star_sign,ema_d0.99,0.01,0.0001,2.51022,0.22343,3849
57,4,star_sign,ema_d0.9999,0.01,0.0001,2.40182,0.1959,3849
57,4,star_sign,mlp_h16,0.001,0.0,1.90228,0.73811,3849
57,4,star_sign,mlp_h32,0.001,0.0,0.48143,1.0,3849
57,4,star_sign,mlp_h64,0.001,0.0,0.21606,1.0,3849
57,4,star_sign,mlp_h128,0.001,0.0,0.03758,1.0,3849
57,4,star_sign,attention,0.0001,1e-05,2.11884,1.0,3849
57,4,star_sign,shuffled,0.01,0.0001,2.38791,0.192,3849
57,6,age_bin,ema_lr1e-3,0.001,0.0001,1.62298,0.32164,3849
57,6,age_bin,ema_lr5e-3,0.005,0.0001,1.2711,0.40478,3849
57,6,age_bin,ema_lr1e-2,0.01,0.0001,1.10914,0.47155,3849
57,6,age_bin,ema_lr5e-2,0.05,0.0001,0.32757,0.9722,3849
57,6,age_bin,ema_lr1e-2_wd1e-3,0.01,0.001,1.081,0.50377,3849
57,6,age_bin,ema_d0.99,0.01,0.0001,1.09479,0.49571,3849
57,6,age_bin,ema_d0.9999,0.01,0.0001,1.04188,0.50299,3849
57,6,age_bin,mlp_h16,0.001,0.0,0.33749,0.99922,3849
57,6,age_bin,mlp_h32,0.001,0.0,0.21294,1.0,3849
57,6,age_bin,mlp_h64,0.001,0.0,0.05984,1.0,3849
57,6,age_bin,mlp_h128,0.001,0.0,0.01942,1.0,3849
57,6,age_bin,attention,0.0001,1e-05,0.0009,1.0,3849
57,6,age_bin,shuffled,0.01,0.0001,1.0313,0.5165,3849
57,6,gender,ema_lr1e-3,0.001,0.0001,1.09744,0.48714,3849
57,6,gender,ema_lr5e-3,0.005,0.0001,1.04136,0.47441,3849
57,6,gender,ema_lr1e-2,0.01,0.0001,0.88682,0.50948,3849
57,6,gender,ema_lr5e-2,0.05,0.0001,0.73955,0.50896,3849
57,6,gender,ema_lr1e-2_wd1e-3,0.01,0.001,0.89464,0.49857,3849
57,6,gender,ema_d0.99,0.01,0.0001,0.90664,0.4835,3849
57,6,gender,ema_d0.9999,0.01,0.0001,0.92484,0.48558,3849
57,6,gender,mlp_h16,0.001,0.0,0.68846,0.52455,3849
57,6,gender,mlp_h32,0.001,0.0,0.69067,0.52585,3849
57,6,gender,mlp_h64,0.001,0.0,0.69039,0.52663,3849
57,6,gender,mlp_h128,0.001,0.0,0.68994,0.53313,3849
57,6,gender,attention,0.0001,1e-05,1.99887,0.53125,3849
57,6,gender,shuffled,0.01,0.0001,0.90093,0.49519,3849
57,6,star_sign,ema_lr1e-3,0.001,0.0001,3.17552,0.09535,3849
57,6,star_sign,ema_lr5e-3,0.005,0.0001,2.83662,0.15043,3849
57,6,star_sign,ema_lr1e-2,0.01,0.0001,2.6658,0.13692,3849
57,6,star_sign,ema_lr5e-2,0.05,0.0001,0.97969,0.8397,3849
57,6,star_sign,ema_lr1e-2_wd1e-3,0.01,0.001,2.63492,0.14705,3849
57,6,star_sign,ema_d0.99,0.01,0.0001,2.66268,0.16394,3849
57,6,star_sign,ema_d0.9999,0.01,0.0001,2.62793,0.15926,3849
57,6,star_sign,mlp_h16,0.001,0.0,1.49734,0.87763,3849
57,6,star_sign,mlp_h32,0.001,0.0,0.51471,1.0,3849
57,6,star_sign,mlp_h64,0.001,0.0,0.21901,1.0,3849
57,6,star_sign,mlp_h128,0.001,0.0,0.03811,1.0,3849
57,6,star_sign,attention,0.0001,1e-05,0.80078,0.88281,3849
57,6,star_sign,shuffled,0.01,0.0001,2.63523,0.16186,3849
58,0,age_bin,ema_lr1e-3,0.001,0.0001,1.49633,0.38263,4064
58,0,age_bin,ema_lr5e-3,0.005,0.0001,1.36145,0.43455,4064
58,0,age_bin,ema_lr1e-2,0.01,0.0001,1.04975,0.52584,4064
58,0,age_bin,ema_lr5e-2,0.05,0.0001,0.33696,0.96112,4064
58,0,age_bin,ema_lr1e-2_wd1e-3,0.01,0.001,1.09956,0.47687,4064
58,0,age_bin,ema_d0.99,0.01,0.0001,1.1293,0.52608,4064
58,0,age_bin,ema_d0.9999,0.01,0.0001,1.09427,0.5812,4064
58,0,age_bin,mlp_h16,0.001,0.0,0.43814,0.99286,4064
58,0,age_bin,mlp_h32,0.001,0.0,0.2294,1.0,4064
58,0,age_bin,mlp_h64,0.001,0.0,0.05653,1.0,4064
58,0,age_bin,mlp_h128,0.001,0.0,0.01857,1.0,4064
58,0,age_bin,attention,0.0001,1e-05,1.03094,1.0,4064
58,0,age_bin,shuffled,0.01,0.0001,1.04778,0.47515,4064
58,0,gender,ema_lr1e-3,0.001,0.0001,1.0718,0.50172,4064
58,0,gender,ema_lr5e-3,0.005,0.0001,0.96651,0.50246,4064
58,0,gender,ema_lr1e-2,0.01,0.0001,0.88939,0.50763,4064
58,0,gender,ema_lr5e-2,0.05,0.0001,0.75193,0.49656,4064
58,0,gender,ema_lr1e-2_wd1e-3,0.01,0.001,0.95077,0.50714,4064
58,0,gender,ema_d0.99,0.01,0.0001,0.92674,0.51476,4064
58,0,gender,ema_d0.9999,0.01,0.0001,0.95301,0.4968,4064
58,0,gender,mlp_h16,0.001,0.0,0.69474,0.50369,4064
58,0,gender,mlp_h32,0.001,0.0,0.69409,0.51329,4064
58,0,gender,mlp_h64,0.001,0.0,0.69666,0.4904,4064
58,0,gender,mlp_h128,0.001,0.0,0.6945,0.5064,4064
58,0,gender,attention,0.0001,1e-05,0.69305,0.52344,4064
58,0,gender,shuffled,0.01,0.0001,0.94501,0.50049,4064
58,0,star_sign,ema_lr1e-3,0.001,0.0001,3.15888,0.15256,4064
58,0,star_sign,ema_lr5e-3,0.005,0.0001,2.89124,0.15945,4064
58,0,star_sign,ema_lr1e-2,0.01,0.0001,2.6169,0.15453,4064
58,0,star_sign,ema_lr5e-2,0.05,0.0001,1.00579,0.81693,4064
58,0,star_sign,ema_lr1e-2_wd1e-3,0.01,0.001,2.66481,0.14124,4064
58,0,star_sign,ema_d0.99,0.01,0.0001,2.62869,0.15945,4064
58,0,star_sign,ema_d0.9999,0.01,0.0001,2.62167,0.19783,4064
58,0,star_sign,mlp_h16,0.001,0.0,0.82594,1.0,4064
58,0,star_sign,mlp_h32,0.001,0.0,0.67359,1.0,4064
58,0,star_sign,mlp_h64,0.001,0.0,0.28189,1.0,4064
58,0,star_sign,mlp_h128,0.001,0.0,0.04696,1.0,4064
58,0,star_sign,attention,0.0001,1e-05,2.38614,1.0,4064
58,0,star_sign,shuffled,0.01,0.0001,2.66731,0.21654,4064
58,4,age_bin,ema_lr1e-3,0.001,0.0001,1.44431,0.42569,4064
58,4,age_bin,ema_lr5e-3,0.005,0.0001,1.22828,0.40945,4064
58,4,age_bin,ema_lr1e-2,0.01,0.0001,1.00805,0.52313,4064
58,4,age_bin,ema_lr5e-2,0.05,0.0001,0.31509,0.97958,4064
58,4,age_bin,ema_lr1e-2_wd1e-3,0.01,0.001,0.97397,0.53445,4064
58,4,age_bin,ema_d0.99,0.01,0.0001,1.01194,0.51821,4064
58,4,age_bin,ema_d0.9999,0.01,0.0001,1.02458,0.49163,4064
58,4,age_bin,mlp_h16,0.001,0.0,0.19885,1.0,4064
58,4,age_bin,mlp_h32,0.001,0.0,0.1282,1.0,4064
58,4,age_bin,mlp_h64,0.001,0.0,0.03707,1.0,4064
58,4,age_bin,mlp_h128,0.001,0.0,0.01652,1.0,4064
58,4,age_bin,attention,0.0001,1e-05,0.22629,1.0,4064
58,4,age_bin,shuffled,0.01,0.0001,1.00564,0.47761,4064
58,4,gender,ema_lr1e-3,0.001,0.0001,0.97339,0.49286,4064
58,4,gender,ema_lr5e-3,0.005,0.0001,0.91103,0.49139,4064
58,4,gender,ema_lr1e-2,0.01,0.0001,0.88092,0.4909,4064
58,4,gender,ema_lr5e-2,0.05,0.0001,0.73701,0.49311,4064
58,4,gender,ema_lr1e-2_wd1e-3,0.01,0.001,0.81624,0.51353,4064
58,4,gender,ema_d0.99,0.01,0.0001,0.81909,0.50763,4064
58,4,gender,ema_d0.9999,0.01,0.0001,0.82762,0.50689,4064
58,4,gender,mlp_h16,0.001,0.0,0.69644,0.49877,4064
58,4,gender,mlp_h32,0.001,0.0,0.69808,0.49557,4064
58,4,gender,mlp_h64,0.001,0.0,0.69427,0.51452,4064
58,4,gender,mlp_h128,0.001,0.0,0.6927,0.51993,4064
58,4,gender,attention,0.0001,1e-05,0.69137,0.50781,4064
58,4,gender,shuffled,0.01,0.0001,0.83391,0.50763,4064
58,4,star_sign,ema_lr1e-3,0.001,0.0001,3.07516,0.12254,4064
58,4,star_sign,ema_lr5e-3,0.005,0.0001,2.75427,0.1122,4064
58,4,star_sign,ema_lr1e-2,0.01,0.0001,2.52354,0.18282,4064
58,4,star_sign,ema_lr5e-2,0.05,0.0001,0.88489,0.9279,4064
58,4,star_sign,ema_lr1e-2_wd1e-3,0.01,0.001,2.49483,0.19218,4064
58,4,star_sign,ema_d0.99,0.01,0.0001,2.4745,0.23278,4064
58,4,star_sign,ema_d0.9999,0.01,0.0001,2.4047,0.20399,4064
58,4,star_sign,mlp_h16,0.001,0.0,1.87905,0.7719,4064
58,4,star_sign,mlp_h32,0.001,0.0,0.43664,1.0,4064
58,4,star_sign,mlp_h64,0.001,0.0,0.19579,1.0,4064
58,4,star_sign,mlp_h128,0.001,0.0,0.03358,1.0,4064
58,4,star_sign,attention,0.0001,1e-05,2.11213,1.0,4064
58,4,star_sign,shuffled,0.01,0.0001,2.45515,0.18578,4064
58,6,age_bin,ema_lr1e-3,0.001,0.0001,1.60612,0.30906,4064
58,6,age_bin,ema_lr5e-3,0.005,0.0001,1.24807,0.41191,4064
58,6,age_bin,ema_lr1e-2,0.01,0.0001,1.13921,0.48179,4064
58,6,age_bin,ema_lr5e-2,0.05,0.0001,0.3173,0.97662,4064
58,6,age_bin,ema_lr1e-2_wd1e-3,0.01,0.001,1.11093,0.47761,4064
58,6,age_bin,ema_d0.99,0.01,0.0001,1.13159,0.48179,4064
58,6,age_bin,ema_d0.9999,0.01,0.0001,1.10057,0.46629,4064
58,6,age_bin,mlp_h16,0.001,0.0,0.33634,0.99926,4064
58,6,age_bin,mlp_h32,0.001,0.0,0.20783,1.0,4064
58,6,age_bin,mlp_h64,0.001,0.0,0.05671,1.0,4064
58,6,age_bin,mlp_h128,0.001,0.0,0.01936,1.0,4064
58,6,age_bin,attention,0.0001,1e-05,0.00922,0.99219,4064
58,6,age_bin,shuffled,0.01,0.0001,1.02359,0.5096,4064
58,6,gender,ema_lr1e-3,0.001,0.0001,1.0448,0.51378,4064
58,6,gender,ema_lr5e-3,0.005,0.0001,0.95887,0.50295,4064
58,6,gender,ema_lr1e-2,0.01,0.0001,0.85614,0.5219,4064
58,6,gender,ema_lr5e-2,0.05,0.0001,0.71811,0.53519,4064
58,6,gender,ema_lr1e-2_wd1e-3,0.01,0.001,0.90764,0.49311,4064
58,6,gender,ema_d0.99,0.01,0.0001,0.9576,0.46457,4064
58,6,gender,ema_d0.9999,0.01,0.0001,0.91695,0.50837,4064
58,6,gender,mlp_h16,0.001,0.0,0.6952,0.5091,4064
58,6,gender,mlp_h32,0.001,0.0,0.68998,0.52682,4064
58,6,gender,mlp_h64,0.001,0.0,0.68748,0.54897,4064
58,6,gender,mlp_h128,0.001,0.0,0.69161,0.53199,4064
58,6,gender,attention,0.0001,1e-05,2.23868,0.44531,4064
58,6,gender,shuffled,0.01,0.0001,0.88969,0.50369,4064
58,6,star_sign,ema_lr1e-3,0.001,0.0001,3.13321,0.09818,4064
58,6,star_sign,ema_lr5e-3,0.005,0.0001,2.79388,0.15748,4064
58,6,star_sign,ema_lr1e-2,0.01,0.0001,2.73767,0.13706,4064
58,6,star_sign,ema_lr5e-2,0.05,0.0001,0.98867,0.83317,4064
58,6,star_sign,ema_lr1e-2_wd1e-3,0.01,0.001,2.66835,0.12721,4064
58,6,star_sign,ema_d0.99,0.01,0.0001,2.6019,0.16363,4064
58,6,star_sign,ema_d0.9999,0.01,0.0001,2.59539,0.16929,4064
58,6,star_sign,mlp_h16,0.001,0.0,1.51113,0.85261,4064
58,6,star_sign,mlp_h32,0.001,0.0,0.49556,1.0,4064
58,6,star_sign,mlp_h64,0.001,0.0,0.21134,1.0,4064
58,6,star_sign,mlp_h128,0.001,0.0,0.03875,1.0,4064
58,6,star_sign,attention,0.0001,1e-05,1.19171,0.85938,4064
58,6,star_sign,shuffled,0.01,0.0001,2.70791,0.1469,4064
59,0,age_bin,ema_lr1e-3,0.001,0.0001,1.51084,0.37223,3968
59,0,age_bin,ema_lr5e-3,0.005,0.0001,1.32973,0.44052,3968
59,0,age_bin,ema_lr1e-2,0.01,0.0001,1.08533,0.50806,3968
59,0,age_bin,ema_lr5e-2,0.05,0.0001,0.32854,0.96472,3968
59,0,age_bin,ema_lr1e-2_wd1e-3,0.01,0.001,1.09552,0.47152,3968
59,0,age_bin,ema_d0.99,0.01,0.0001,1.12663,0.52218,3968
59,0,age_bin,ema_d0.9999,0.01,0.0001,1.11779,0.56779,3968
59,0,age_bin,mlp_h16,0.001,0.0,0.43053,0.99168,3968
59,0,age_bin,mlp_h32,0.001,0.0,0.22397,1.0,3968
59,0,age_bin,mlp_h64,0.001,0.0,0.05523,1.0,3968
59,0,age_bin,mlp_h128,0.001,0.0,0.01811,1.0,3968
59,0,age_bin,attention,0.0001,1e-05,1.02904,1.0,3968
59,0,age_bin,shuffled,0.01,0.0001,1.04363,0.47455,3968
59,0,gender,ema_lr1e-3,0.001,0.0001,1.05987,0.49899,3968
59,0,gender,ema_lr5e-3,0.005,0.0001,1.00524,0.49924,3968
59,0,gender,ema_lr1e-2,0.01,0.0001,0.90384,0.50353,3968
59,0,gender,ema_lr5e-2,0.05,0.0001,0.7434,0.50554,3968
59,0,gender,ema_lr1e-2_wd1e-3,0.01,0.001,0.99639,0.48589,3968
59,0,gender,ema_d0.99,0.01,0.0001,0.92303,0.51184,3968
59,0,gender,ema_d0.9999,0.01,0.0001,0.94982,0.50882,3968
59,0,gender,mlp_h16,0.001,0.0,0.6943,0.49975,3968
59,0,gender,mlp_h32,0.001,0.0,0.69332,0.50806,3968
59,0,gender,mlp_h64,0.001,0.0,0.69652,0.49093,3968
59,0,gender,mlp_h128,0.001,0.0,0.69418,0.50353,3968
59,0,gender,attention,0.0001,1e-05,0.69314,0.51562,3968
59,0,gender,shuffled,0.01,0.0001,0.94718,0.49546,3968
59,0,star_sign,ema_lr1e-3,0.001,0.0001,3.16501,0.14541,3968
59,0,star_sign,ema_lr5e-3,0.005,0.0001,2.88998,0.15575,3968
59,0,star_sign,ema_lr1e-2,0.01,0.0001,2.5527,0.18246,3968
59,0,star_sign,ema_lr5e-2,0.05,0.0001,0.98897,0.82384,3968
59,0,star_sign,ema_lr1e-2_wd1e-3,0.01,0.001,2.62859,0.1434,3968
59,0,star_sign,ema_d0.99,0.01,0.0001,2.62776,0.16003,3968
59,0,star_sign,ema_d0.9999,0.01,0.0001,2.55862,0.22203,3968
59,0,star_sign,mlp_h16,0.001,0.0,0.81208,1.0,3968
59,0,star_sign,mlp_h32,0.001,0.0,0.65541,1.0,3968
59,0,star_sign,mlp_h64,0.001,0.0,0.26474,1.0,3968
59,0,star_sign,mlp_h128,0.001,0.0,0.0461,1.0,3968
59,0,star_sign,attention,0.0001,1e-05,2.38367,1.0,3968
59,0,star_sign,shuffled,0.01,0.0001,2.67805,0.20791,3968
59,4,age_bin,ema_lr1e-3,0.001,0.0001,1.39678,0.43851,3968
59,4,age_bin,ema_lr5e-3,0.005,0.0001,1.23102,0.41104,3968
59,4,age_bin,ema_lr1e-2,0.01,0.0001,0.93501,0.55393,3968
59,4,age_bin,ema_lr5e-2,0.05,0.0001,0.31681,0.98185,3968
59,4,age_bin,ema_lr1e-2_wd1e-3,0.01,0.001,1.0116,0.51537,3968
59,4,age_bin,ema_d0.99,0.01,0.0001,0.97811,0.53679,3968
59,4,age_bin,ema_d0.9999,0.01,0.0001,1.00745,0.49647,3968
59,4,age_bin,mlp_h16,0.001,0.0,0.19291,1.0,3968
59,4,age_bin,mlp_h32,0.001,0.0,0.12247,1.0,3968
59,4,age_bin,mlp_h64,0.001,0.0,0.03641,1.0,3968
59,4,age_bin,mlp_h128,0.001,0.0,0.01628,1.0,3968
59,4,age_bin,attention,0.0001,1e-05,0.22442,1.0,3968
59,4,age_bin,shuffled,0.01,0.0001,1.02008,0.47203,3968
59,4,gender,ema_lr1e-3,0.001,0.0001,0.94269,0.52193,3968
59,4,gender,ema_lr5e-3,0.005,0.0001,0.88257,0.5184,3968
59,4,gender,ema_lr1e-2,0.01,0.0001,0.89021,0.49168,3968
59,4,gender,ema_lr5e-2,0.05,0.0001,0.72457,0.50252,3968
59,4,gender,ema_lr1e-2_wd1e-3,0.01,0.001,0.86576,0.48059,3968
59,4,gender,ema_d0.99,0.01,0.0001,0.7988,0.5063,3968
59,4,gender,ema_d0.9999,0.01,0.0001,0.84578,0.50227,3968
59,4,gender,mlp_h16,0.001,0.0,0.6932,0.53251,3968
59,4,gender,mlp_h32,0.001,0.0,0.6939,0.5247,3968
59,4,gender,mlp_h64,0.001,0.0,0.69366,0.53201,3968
59,4,gender,mlp_h128,0.001,0.0,0.69425,0.52949,3968
59,4,gender,attention,0.0001,1e-05,0.69319,0.5,3968
59,4,gender,shuffled,0.01,0.0001,0.8348,0.49622,3968
59,4,star_sign,ema_lr1e-3,0.001,0.0001,3.07084,0.11744,3968
59,4,star_sign,ema_lr5e-3,0.005,0.0001,2.74079,0.11794,3968
59,4,star_sign,ema_lr1e-2,0.01,0.0001,2.48053,0.19204,3968
59,4,star_sign,ema_lr5e-2,0.05,0.0001,0.86554,0.93322,3968
59,4,star_sign,ema_lr1e-2_wd1e-3,0.01,0.001,2.42146,0.22203,3968
59,4,star_sign,ema_d0.99,0.01,0.0001,2.45127,0.24093,3968
59,4,star_sign,ema_d0.9999,0.01,0.0001,2.38246,0.18775,3968
59,4,star_sign,mlp_h16,0.001,0.0,1.86051,0.79335,3968
59,4,star_sign,mlp_h32,0.001,0.0,0.42007,1.0,3968
59,4,star_sign,mlp_h64,0.001,0.0,0.18219,1.0,3968
59,4,star_sign,mlp_h128,0.001,0.0,0.03215,1.0,3968
59,4,star_sign,attention,0.0001,1e-05,2.09888,1.0,3968
59,4,star_sign,shuffled,0.01,0.0001,2.3902,0.19556,3968
59,6,age_bin,ema_lr1e-3,0.001,0.0001,1.64102,0.31981,3968
59,6,age_bin,ema_lr5e-3,0.005,0.0001,1.33297,0.38861,3968
59,6,age_bin,ema_lr1e-2,0.01,0.0001,1.09215,0.4932,3968
59,6,age_bin,ema_lr5e-2,0.05,0.0001,0.32023,0.97732,3968
59,6,age_bin,ema_lr1e-2_wd1e-3,0.01,0.001,1.08916,0.49042,3968
59,6,age_bin,ema_d0.99,0.01,0.0001,1.13582,0.47228,3968
59,6,age_bin,ema_d0.9999,0.01,0.0001,1.0705,0.49849,3968
59,6,age_bin,mlp_h16,0.001,0.0,0.32495,0.9995,3968
59,6,age_bin,mlp_h32,0.001,0.0,0.19827,1.0,3968
59,6,age_bin,mlp_h64,0.001,0.0,0.05741,1.0,3968
59,6,age_bin,mlp_h128,0.001,0.0,0.01868,1.0,3968
59,6,age_bin,attention,0.0001,1e-05,0.00035,1.0,3968
59,6,age_bin,shuffled,0.01,0.0001,1.00711,0.53301,3968
59,6,gender,ema_lr1e-3,0.001,0.0001,1.09762,0.48185,3968
59,6,gender,ema_lr5e-3,0.005,0.0001,0.92979,0.50832,3968
59,6,gender,ema_lr1e-2,0.01,0.0001,0.85694,0.52697,3968
59,6,gender,ema_lr5e-2,0.05,0.0001,0.74571,0.49924,3968
59,6,gender,ema_lr1e-2_wd1e-3,0.01,0.001,0.95281,0.47303,3968
59,6,gender,ema_d0.99,0.01,0.0001,0.9126,0.49143,3968
59,6,gender,ema_d0.9999,0.01,0.0001,0.91105,0.51008,3968
59,6,gender,mlp_h16,0.001,0.0,0.69309,0.53453,3968
59,6,gender,mlp_h32,0.001,0.0,0.69299,0.53226,3968
59,6,gender,mlp_h64,0.001,0.0,0.69176,0.53654,3968
59,6,gender,mlp_h128,0.001,0.0,0.69616,0.51789,3968
59,6,gender,attention,0.0001,1e-05,1.58673,0.51562,3968
59,6,gender,shuffled,0.01,0.0001,0.87375,0.50554,3968
59,6,star_sign,ema_lr1e-3,0.001,0.0001,3.19159,0.09677,3968
59,6,star_sign,ema_lr5e-3,0.005,0.0001,2.84949,0.15701,3968
59,6,star_sign,ema_lr1e-2,0.01,0.0001,2.64447,0.14289,3968
59,6,star_sign,ema_lr5e-2,0.05,0.0001,0.97007,0.85131,3968
59,6,star_sign,ema_lr1e-2_wd1e-3,0.01,0.001,2.63572,0.15146,3968
59,6,star_sign,ema_d0.99,0.01,0.0001,2.66922,0.14844,3968
59,6,star_sign,ema_d0.9999,0.01,0.0001,2.55392,0.19078,3968
59,6,star_sign,mlp_h16,0.001,0.0,1.43173,0.8881,3968
59,6,star_sign,mlp_h32,0.001,0.0,0.47398,1.0,3968
59,6,star_sign,mlp_h64,0.001,0.0,0.19566,1.0,3968
59,6,star_sign,mlp_h128,0.001,0.0,0.03668,1.0,3968
59,6,star_sign,attention,0.0001,1e-05,0.90828,0.89844,3968
59,6,star_sign,shuffled,0.01,0.0001,2.57974,0.17314,3968
60,0,age_bin,ema_lr1e-3,0.001,0.0001,1.55028,0.37629,4276
60,0,age_bin,ema_lr5e-3,0.005,0.0001,1.33974,0.44668,4276
60,0,age_bin,ema_lr1e-2,0.01,0.0001,1.07705,0.51076,4276
60,0,age_bin,ema_lr5e-2,0.05,0.0001,0.32796,0.96445,4276
60,0,age_bin,ema_lr1e-2_wd1e-3,0.01,0.001,1.08831,0.47965,4276
60,0,age_bin,ema_d0.99,0.01,0.0001,1.13459,0.52268,4276
60,0,age_bin,ema_d0.9999,0.01,0.0001,1.10145,0.56805,4276
60,0,age_bin,mlp_h16,0.001,0.0,0.41346,0.99345,4276
60,0,age_bin,mlp_h32,0.001,0.0,0.21309,1.0,4276
60,0,age_bin,mlp_h64,0.001,0.0,0.05316,1.0,4276
60,0,age_bin,mlp_h128,0.001,0.0,0.01782,1.0,4276
60,0,age_bin,attention,0.0001,1e-05,1.0286,1.0,4276
60,0,age_bin,shuffled,0.01,0.0001,1.06709,0.46749,4276
60,0,gender,ema_lr1e-3,0.001,0.0001,1.07553,0.5007,4276
60,0,gender,ema_lr5e-3,0.005,0.0001,0.99305,0.50398,4276
60,0,gender,ema_lr1e-2,0.01,0.0001,0.9261,0.48573,4276
60,0,gender,ema_lr5e-2,0.05,0.0001,0.74324,0.49509,4276
60,0,gender,ema_lr1e-2_wd1e-3,0.01,0.001,0.93705,0.52666,4276
60,0,gender,ema_d0.99,0.01,0.0001,0.92621,0.50094,4276
60,0,gender,ema_d0.9999,0.01,0.0001,0.96541,0.49719,4276
60,0,gender,mlp_h16,0.001,0.0,0.69471,0.48924,4276
60,0,gender,mlp_h32,0.001,0.0,0.69583,0.50047,4276
60,0,gender,mlp_h64,0.001,0.0,0.69695,0.4834,4276
60,0,gender,mlp_h128,0.001,0.0,0.69822,0.48854,4276
60,0,gender,attention,0.0001,1e-05,0.69348,0.4375,4276
60,0,gender,shuffled,0.01,0.0001,0.93353,0.49673,4276
60,0,star_sign,ema_lr1e-3,0.001,0.0001,3.2211,0.13985,4276
60,0,star_sign,ema_lr5e-3,0.005,0.0001,2.90879,0.15108,4276
60,0,star_sign,ema_lr1e-2,0.01,0.0001,2.58612,0.18195,4276
60,0,star_sign,ema_lr5e-2,0.05,0.0001,0.96519,0.83396,4276
60,0,star_sign,ema_lr1e-2_wd1e-3,0.01,0.001,2.6617,0.13798,4276
60,0,star_sign,ema_d0.99,0.01,0.0001,2.61758,0.16441,4276
60,0,star_sign,ema_d0.9999,0.01,0.0001,2.598,0.20089,4276
60,0,star_sign,mlp_h16,0.001,0.0,0.79006,1.0,4276
60,0,star_sign,mlp_h32,0.001,0.0,0.62333,1.0,4276
60,0,star_sign,mlp_h64,0.001,0.0,0.25307,1.0,4276
60,0,star_sign,mlp_h128,0.001,0.0,0.04426,1.0,4276
60,0,star_sign,attention,0.0001,1e-05,2.38363,1.0,4276
60,0,star_sign,shuffled,0.01,0.0001,2.63392,0.22474,4276
60,4,age_bin,ema_lr1e-3,0.001,0.0001,1.48083,0.40435,4276
60,4,age_bin,ema_lr5e-3,0.005,0.0001,1.15745,0.44621,4276
60,4,age_bin,ema_lr1e-2,0.01,0.0001,0.96522,0.54537,4276
60,4,age_bin,ema_lr5e-2,0.05,0.0001,0.30674,0.97825,4276
60,4,age_bin,ema_lr1e-2_wd1e-3,0.01,0.001,0.97068,0.54303,4276
60,4,age_bin,ema_d0.99,0.01,0.0001,1.00713,0.5145,4276
60,4,age_bin,ema_d0.9999,0.01,0.0001,0.97733,0.52806,4276
60,4,age_bin,mlp_h16,0.001,0.0,0.19608,1.0,4276
60,4,age_bin,mlp_h32,0.001,0.0,0.11924,1.0,4276
60,4,age_bin,mlp_h64,0.001,0.0,0.03593,1.0,4276
60,4,age_bin,mlp_h128,0.001,0.0,0.01629,1.0,4276
60,4,age_bin,attention,0.0001,1e-05,0.18954,1.0,4276
60,4,age_bin,shuffled,0.01,0.0001,1.01028,0.47404,4276
60,4,gender,ema_lr1e-3,0.001,0.0001,0.99778,0.48246,4276
60,4,gender,ema_lr5e-3,0.005,0.0001,0.98478,0.46048,4276
60,4,gender,ema_lr1e-2,0.01,0.0001,0.85963,0.51006,4276
60,4,gender,ema_lr5e-2,0.05,0.0001,0.73313,0.50935,4276
60,4,gender,ema_lr1e-2_wd1e-3,0.01,0.001,0.84393,0.49579,4276
60,4,gender,ema_d0.99,0.01,0.0001,0.81194,0.50023,4276
60,4,gender,ema_d0.9999,0.01,0.0001,0.82618,0.50631,4276
60,4,gender,mlp_h16,0.001,0.0,0.69748,0.47591,4276
60,4,gender,mlp_h32,0.001,0.0,0.69641,0.50023,4276
60,4,gender,mlp_h64,0.001,0.0,0.69892,0.48784,4276
60,4,gender,mlp_h128,0.001,0.0,0.69839,0.48082,4276
60,4,gender,attention,0.0001,1e-05,0.68886,0.58594,4276
60,4,gender,shuffled,0.01,0.0001,0.8347,0.50444,4276
60,4,star_sign,ema_lr1e-3,0.001,0.0001,3.13336,0.11763,4276
60,4,star_sign,ema_lr5e-3,0.005,0.0001,2.79079,0.10664,4276
60,4,star_sign,ema_lr1e-2,0.01,0.0001,2.4473,0.21913,4276
60,4,star_sign,ema_lr5e-2,0.05,0.0001,0.85265,0.93288,4276
60,4,star_sign,ema_lr1e-2_wd1e-3,0.01,0.001,2.51988,0.19598,4276
60,4,star_sign,ema_d0.99,0.01,0.0001,2.46893,0.23363,4276
60,4,star_sign,ema_d0.9999,0.01,0.0001,2.45875,0.18195,4276
60,4,star_sign,mlp_h16,0.001,0.0,1.84618,0.8087,4276
60,4,star_sign,mlp_h32,0.001,0.0,0.40669,1.0,4276
60,4,star_sign,mlp_h64,0.001,0.0,0.17904,1.0,4276
60,4,star_sign,mlp_h128,0.001,0.0,0.03194,1.0,4276
60,4,star_sign,attention,0.0001,1e-05,2.10172,1.0,4276
60,4,star_sign,shuffled,0.01,0.0001,2.4429,0.17867,4276
60,6,age_bin,ema_lr1e-3,0.001,0.0001,1.7565,0.29397,4276
60,6,age_bin,ema_lr5e-3,0.005,0.0001,1.27597,0.40271,4276
60,6,age_bin,ema_lr1e-2,0.01,0.0001,1.10776,0.47732,4276
60,6,age_bin,ema_lr5e-2,0.05,0.0001,0.30735,0.97498,4276
60,6,age_bin,ema_lr1e-2_wd1e-3,0.01,0.001,1.06928,0.49298,4276
60,6,age_bin,ema_d0.99,0.01,0.0001,1.08713,0.50842,4276
60,6,age_bin,ema_d0.9999,0.01,0.0001,1.13125,0.46796,4276
60,6,age_bin,mlp_h16,0.001,0.0,0.32068,0.99906,4276
60,6,age_bin,mlp_h32,0.001,0.0,0.19563,1.0,4276
60,6,age_bin,mlp_h64,0.001,0.0,0.05495,1.0,4276
60,6,age_bin,mlp_h128,0.001,0.0,0.01785,1.0,4276
60,6,age_bin,attention,0.0001,1e-05,0.00084,1.0,4276
60,6,age_bin,shuffled,0.01,0.0001,1.0357,0.48644,4276
60,6,gender,ema_lr1e-3,0.001,0.0001,1.03313,0.50164,4276
60,6,gender,ema_lr5e-3,0.005,0.0001,0.95954,0.49205,4276
60,6,gender,ema_lr1e-2,0.01,0.0001,0.91644,0.49135,4276
60,6,gender,ema_lr5e-2,0.05,0.0001,0.73247,0.50164,4276
60,6,gender,ema_lr1e-2_wd1e-3,0.01,0.001,0.92066,0.48714,4276
60,6,gender,ema_d0.99,0.01,0.0001,0.91364,0.48667,4276
60,6,gender,ema_d0.9999,0.01,0.0001,0.91816,0.50655,4276
60,6,gender,mlp_h16,0.001,0.0,0.69503,0.51052,4276
60,6,gender,mlp_h32,0.001,0.0,0.69846,0.50912,4276
60,6,gender,mlp_h64,0.001,0.0,0.69415,0.50842,4276
60,6,gender,mlp_h128,0.001,0.0,0.69945,0.50889,4276
60,6,gender,attention,0.0001,1e-05,1.74884,0.54688,4276
60,6,gender,shuffled,0.01,0.0001,0.87485,0.50795,4276
60,6,star_sign,ema_lr1e-3,0.001,0.0001,3.09497,0.10126,4276
60,6,star_sign,ema_lr5e-3,0.005,0.0001,2.93942,0.1464,4276
60,6,star_sign,ema_lr1e-2,0.01,0.0001,2.62352,0.15201,4276
60,6,star_sign,ema_lr5e-2,0.05,0.0001,0.96131,0.84682,4276
60,6,star_sign,ema_lr1e-2_wd1e-3,0.01,0.001,2.5699,0.15856,4276
60,6,star_sign,ema_d0.99,0.01,0.0001,2.6117,0.15762,4276
60,6,star_sign,ema_d0.9999,0.01,0.0001,2.59744,0.1775,4276
60,6,star_sign,mlp_h16,0.001,0.0,1.44253,0.89336,4276
60,6,star_sign,mlp_h32,0.001,0.0,0.44562,1.0,4276
60,6,star_sign,mlp_h64,0.001,0.0,0.18684,1.0,4276
60,6,star_sign,mlp_h128,0.001,0.0,0.03467,1.0,4276
60,6,star_sign,attention,0.0001,1e-05,0.76529,0.89844,4276
60,6,star_sign,shuffled,0.01,0.0001,2.56357,0.18124,4276
61,0,age_bin,ema_lr1e-3,0.001,0.0001,1.48651,0.39434,3956
61,0,age_bin,ema_lr5e-3,0.005,0.0001,1.32156,0.44363,3956
61,0,age_bin,ema_lr1e-2,0.01,0.0001,1.1015,0.49444,3956
61,0,age_bin,ema_lr5e-2,0.05,0.0001,0.31782,0.9684,3956
61,0,age_bin,ema_lr1e-2_wd1e-3,0.01,0.001,1.10485,0.45829,3956
61,0,age_bin,ema_d0.99,0.01,0.0001,1.13424,0.52578,3956
61,0,age_bin,ema_d0.9999,0.01,0.0001,1.0891,0.56876,3956
61,0,age_bin,mlp_h16,0.001,0.0,0.40677,0.99343,3956
61,0,age_bin,mlp_h32,0.001,0.0,0.20734,1.0,3956
61,0,age_bin,mlp_h64,0.001,0.0,0.0507,1.0,3956
61,0,age_bin,mlp_h128,0.001,0.0,0.01714,1.0,3956
61,0,age_bin,attention,0.0001,1e-05,1.02654,1.0,3956
61,0,age_bin,shuffled,0.01,0.0001,1.0298,0.48357,3956
61,0,gender,ema_lr1e-3,0.001,0.0001,1.0746,0.49899,3956
61,0,gender,ema_lr5e-3,0.005,0.0001,0.99242,0.49798,3956
61,0,gender,ema_lr1e-2,0.01,0.0001,0.9051,0.49393,3956
61,0,gender,ema_lr5e-2,0.05,0.0001,0.74732,0.49798,3956
61,0,gender,ema_lr1e-2_wd1e-3,0.01,0.001,0.95341,0.50986,3956
61,0,gender,ema_d0.99,0.01,0.0001,0.9156,0.51314,3956
61,0,gender,ema_d0.9999,0.01,0.0001,0.95152,0.50278,3956
61,0,gender,mlp_h16,0.001,0.0,0.69602,0.49216,3956
61,0,gender,mlp_h32,0.001,0.0,0.69548,0.4909,3956
61,0,gender,mlp_h64,0.001,0.0,0.6944,0.49545,3956
61,0,gender,mlp_h128,0.001,0.0,0.69553,0.4909,3956
61,0,gender,attention,0.0001,1e-05,0.69337,0.46094,3956
61,0,gender,shuffled,0.01,0.0001,0.94056,0.49216,3956
61,0,star_sign,ema_lr1e-3,0.001,0.0001,3.17555,0.15748,3956
61,0,star_sign,ema_lr5e-3,0.005,0.0001,2.8733,0.15116,3956
61,0,star_sign,ema_lr1e-2,0.01,0.0001,2.5372,0.17821,3956
61,0,star_sign,ema_lr5e-2,0.05,0.0001,0.9332,0.83974,3956
61,0,star_sign,ema_lr1e-2_wd1e-3,0.01,0.001,2.59086,0.14788,3956
61,0,star_sign,ema_d0.99,0.01,0.0001,2.56068,0.17796,3956
61,0,star_sign,ema_d0.9999,0.01,0.0001,2.5566,0.21689,3956
61,0,star_sign,mlp_h16,0.001,0.0,0.78236,1.0,3956
61,0,star_sign,mlp_h32,0.001,0.0,0.59758,1.0,3956
61,0,star_sign,mlp_h64,0.001,0.0,0.23916,1.0,3956
61,0,star_sign,mlp_h128,0.001,0.0,0.04263,1.0,3956
61,0,star_sign,attention,0.0001,1e-05,2.38126,1.0,3956
61,0,star_sign,shuffled,0.01,0.0001,2.60058,0.21764,3956
61,4,age_bin,ema_lr1e-3,0.001,0.0001,1.4765,0.409,3956
61,4,age_bin,ema_lr5e-3,0.005,0.0001,1.2462,0.40293,3956
61,4,age_bin,ema_lr1e-2,0.01,0.0001,0.93356,0.56168,3956
61,4,age_bin,ema_lr5e-2,0.05,0.0001,0.30066,0.98483,3956
61,4,age_bin,ema_lr1e-2_wd1e-3,0.01,0.001,0.91824,0.55915,3956
61,4,age_bin,ema_d0.99,0.01,0.0001,0.97943,0.54879,3956
61,4,age_bin,ema_d0.9999,0.01,0.0001,0.97417,0.52022,3956
61,4,age_bin,mlp_h16,0.001,0.0,0.18647,1.0,3956
61,4,age_bin,mlp_h32,0.001,0.0,0.11576,1.0,3956
61,4,age_bin,mlp_h64,0.001,0.0,0.03529,1.0,3956
61,4,age_bin,mlp_h128,0.001,0.0,0.0161,1.0,3956
61,4,age_bin,attention,0.0001,1e-05,0.18695,1.0,3956
61,4,age_bin,shuffled,0.01,0.0001,0.97087,0.50354,3956
61,4,gender,ema_lr1e-3,0.001,0.0001,0.91002,0.50986,3956
61,4,gender,ema_lr5e-3,0.005,0.0001,0.88891,0.51163,3956
61,4,gender,ema_lr1e-2,0.01,0.0001,0.86856,0.4909,3956
61,4,gender,ema_lr5e-2,0.05,0.0001,0.71842,0.52755,3956
61,4,gender,ema_lr1e-2_wd1e-3,0.01,0.001,0.85105,0.48989,3956
61,4,gender,ema_d0.99,0.01,0.0001,0.81819,0.50202,3956
61,4,gender,ema_d0.9999,0.01,0.0001,0.83037,0.50607,3956
61,4,gender,mlp_h16,0.001,0.0,0.69642,0.50177,3956
61,4,gender,mlp_h32,0.001,0.0,0.69398,0.51441,3956
61,4,gender,mlp_h64,0.001,0.0,0.69548,0.50228,3956
61,4,gender,mlp_h128,0.001,0.0,0.69899,0.49924,3956
61,4,gender,attention,0.0001,1e-05,0.69574,0.51562,3956
61,4,gender,shuffled,0.01,0.0001,0.85116,0.49065,3956
61,4,star_sign,ema_lr1e-3,0.001,0.0001,3.1032,0.12664,3956
61,4,star_sign,ema_lr5e-3,0.005,0.0001,2.74306,0.11451,3956
61,4,star_sign,ema_lr1e-2,0.01,0.0001,2.43759,0.20956,3956
61,4,star_sign,ema_lr5e-2,0.05,0.0001,0.82519,0.94894,3956
61,4,star_sign,ema_lr1e-2_wd1e-3,0.01,0.001,2.50339,0.20298,3956
61,4,star_sign,ema_d0.99,0.01,0.0001,2.47327,0.22978,3956
61,4,star_sign,ema_d0.9999,0.01,0.0001,2.43043,0.18655,3956
61,4,star_sign,mlp_h16,0.001,0.0,1.83306,0.8319,3956
61,4,star_sign,mlp_h32,0.001,0.0,0.38788,1.0,3956
61,4,star_sign,mlp_h64,0.001,0.0,0.17056,1.0,3956
61,4,star_sign,mlp_h128,0.001,0.0,0.03189,1.0,3956
61,4,star_sign,attention,0.0001,1e-05,2.08824,0.99219,3956
61,4,star_sign,shuffled,0.01,0.0001,2.37108,0.18984,3956
61,6,age_bin,ema_lr1e-3,0.001,0.0001,1.57716,0.33721,3956
61,6,age_bin,ema_lr5e-3,0.005,0.0001,1.31768,0.38195,3956
61,6,age_bin,ema_lr1e-2,0.01,0.0001,1.05798,0.49747,3956
61,6,age_bin,ema_lr5e-2,0.05,0.0001,0.3017,0.98407,3956
61,6,age_bin,ema_lr1e-2_wd1e-3,0.01,0.001,1.0398,0.51011,3956
61,6,age_bin,ema_d0.99,0.01,0.0001,1.07099,0.50607,3956
61,6,age_bin,ema_d0.9999,0.01,0.0001,1.06067,0.48989,3956
61,6,age_bin,mlp_h16,0.001,0.0,0.3026,0.99949,3956
61,6,age_bin,mlp_h32,0.001,0.0,0.18013,1.0,3956
61,6,age_bin,mlp_h64,0.001,0.0,0.05046,1.0,3956
61,6,age_bin,mlp_h128,0.001,0.0,0.01691,1.0,3956
61,6,age_bin,attention,0.0001,1e-05,0.09853,0.98438,3956
61,6,age_bin,shuffled,0.01,0.0001,1.09843,0.45652,3956
61,6,gender,ema_lr1e-3,0.001,0.0001,1.02966,0.51416,3956
61,6,gender,ema_lr5e-3,0.005,0.0001,0.89673,0.52528,3956
61,6,gender,ema_lr1e-2,0.01,0.0001,0.83385,0.53033,3956
61,6,gender,ema_lr5e-2,0.05,0.0001,0.74369,0.50303,3956
61,6,gender,ema_lr1e-2_wd1e-3,0.01,0.001,0.90988,0.47978,3956
61,6,gender,ema_d0.99,0.01,0.0001,0.91191,0.49216,3956
61,6,gender,ema_d0.9999,0.01,0.0001,0.87552,0.52882,3956
61,6,gender,mlp_h16,0.001,0.0,0.69663,0.50556,3956
61,6,gender,mlp_h32,0.001,0.0,0.69995,0.51036,3956
61,6,gender,mlp_h64,0.001,0.0,0.69586,0.52452,3956
61,6,gender,mlp_h128,0.001,0.0,0.69595,0.52427,3956
61,6,gender,attention,0.0001,1e-05,1.73184,0.50781,3956
61,6,gender,shuffled,0.01,0.0001,0.88635,0.50025,3956
61,6,star_sign,ema_lr1e-3,0.001,0.0001,3.07132,0.10212,3956
61,6,star_sign,ema_lr5e-3,0.005,0.0001,2.8672,0.13701,3956
61,6,star_sign,ema_lr1e-2,0.01,0.0001,2.6153,0.16026,3956
61,6,star_sign,ema_lr5e-2,0.05,0.0001,0.90103,0.87917,3956
61,6,star_sign,ema_lr1e-2_wd1e-3,0.01,0.001,2.45945,0.16785,3956
61,6,star_sign,ema_d0.99,0.01,0.0001,2.6008,0.15774,3956
61,6,star_sign,ema_d0.9999,0.01,0.0001,2.50678,0.19211,3956
61,6,star_sign,mlp_h16,0.001,0.0,1.40894,0.9004,3956
61,6,star_sign,mlp_h32,0.001,0.0,0.44001,1.0,3956
61,6,star_sign,mlp_h64,0.001,0.0,0.1753,1.0,3956
61,6,star_sign,mlp_h128,0.001,0.0,0.03185,1.0,3956
61,6,star_sign,attention,0.0001,1e-05,0.81415,0.88281,3956
61,6,star_sign,shuffled,0.01,0.0001,2.62697,0.1547,3956
62,0,age_bin,ema_lr1e-3,0.001,0.0001,1.47748,0.38528,4145
62,0,age_bin,ema_lr5e-3,0.005,0.0001,1.31304,0.45235,4145
62,0,age_bin,ema_lr1e-2,0.01,0.0001,1.06959,0.51484,4145
62,0,age_bin,ema_lr5e-2,0.05,0.0001,0.3108,0.97274,4145
62,0,age_bin,ema_lr1e-2_wd1e-3,0.01,0.001,1.07014,0.4801,4145
62,0,age_bin,ema_d0.99,0.01,0.0001,1.13613,0.51194,4145
62,0,age_bin,ema_d0.9999,0.01,0.0001,1.08024,0.57467,4145
62,0,age_bin,mlp_h16,0.001,0.0,0.396,0.99373,4145
62,0,age_bin,mlp_h32,0.001,0.0,0.19708,1.0,4145
62,0,age_bin,mlp_h64,0.001,0.0,0.04855,1.0,4145
62,0,age_bin,mlp_h128,0.001,0.0,0.01629,1.0,4145
62,0,age_bin,attention,0.0001,1e-05,1.02623,1.0,4145
62,0,age_bin,shuffled,0.01,0.0001,1.01505,0.49554,4145
62,0,gender,ema_lr1e-3,0.001,0.0001,1.05213,0.49988,4145
62,0,gender,ema_lr5e-3,0.005,0.0001,0.99287,0.49843,4145
62,0,gender,ema_lr1e-2,0.01,0.0001,0.89225,0.50302,4145
62,0,gender,ema_lr5e-2,0.05,0.0001,0.74818,0.50181,4145
62,0,gender,ema_lr1e-2_wd1e-3,0.01,0.001,0.93881,0.50977,4145
62,0,gender,ema_d0.99,0.01,0.0001,0.93679,0.48975,4145
62,0,gender,ema_d0.9999,0.01,0.0001,0.97491,0.4854,4145
62,0,gender,mlp_h16,0.001,0.0,0.69498,0.49578,4145
62,0,gender,mlp_h32,0.001,0.0,0.69449,0.49578,4145
62,0,gender,mlp_h64,0.001,0.0,0.69581,0.48854,4145
62,0,gender,mlp_h128,0.001,0.0,0.69641,0.48372,4145
62,0,gender,attention,0.0001,1e-05,0.69327,0.46875,4145
62,0,gender,shuffled,0.01,0.0001,0.95194,0.51267,4145
62,0,star_sign,ema_lr1e-3,0.001,0.0001,3.13907,0.15078,4145
62,0,star_sign,ema_lr5e-3,0.005,0.0001,2.89832,0.14644,4145
62,0,star_sign,ema_lr1e-2,0.01,0.0001,2.54469,0.18408,4145
62,0,star_sign,ema_lr5e-2,0.05,0.0001,0.91458,0.85308,4145
62,0,star_sign,ema_lr1e-2_wd1e-3,0.01,0.001,2.60257,0.15006,4145
62,0,star_sign,ema_d0.99,0.01,0.0001,2.59819,0.16478,4145
62,0,star_sign,ema_d0.9999,0.01,0.0001,2.56373,0.2082,4145
62,0,star_sign,mlp_h16,0.001,0.0,0.75667,1.0,4145
62,0,star_sign,mlp_h32,0.001,0.0,0.57209,1.0,4145
62,0,star_sign,mlp_h64,0.001,0.0,0.22122,1.0,4145
62,0,star_sign,mlp_h128,0.001,0.0,0.03936,1.0,4145
62,0,star_sign,attention,0.0001,1e-05,2.37947,1.0,4145
62,0,star_sign,shuffled,0.01,0.0001,2.61151,0.22533,4145
62,4,age_bin,ema_lr1e-3,0.001,0.0001,1.44235,0.41062,4145
62,4,age_bin,ema_lr5e-3,0.005,0.0001,1.22262,0.41641,4145
62,4,age_bin,ema_lr1e-2,0.01,0.0001,0.95166,0.55006,4145
62,4,age_bin,ema_lr5e-2,0.05,0.0001,0.2996,0.98311,4145
62,4,age_bin,ema_lr1e-2_wd1e-3,0.01,0.001,0.95232,0.55754,4145
62,4,age_bin,ema_d0.99,0.01,0.0001,1.00286,0.53148,4145
62,4,age_bin,ema_d0.9999,0.01,0.0001,0.98044,0.53052,4145
62,4,age_bin,mlp_h16,0.001,0.0,0.18326,1.0,4145
62,4,age_bin,mlp_h32,0.001,0.0,0.1092,1.0,4145
62,4,age_bin,mlp_h64,0.001,0.0,0.033,1.0,4145
62,4,age_bin,mlp_h128,0.001,0.0,0.01522,1.0,4145
62,4,age_bin,attention,0.0001,1e-05,0.17316,1.0,4145
62,4,age_bin,shuffled,0.01,0.0001,0.96751,0.49843,4145
62,4,gender,ema_lr1e-3,0.001,0.0001,0.96207,0.4965,4145
62,4,gender,ema_lr5e-3,0.005,0.0001,0.87581,0.51797,4145
62,4,gender,ema_lr1e-2,0.01,0.0001,0.82923,0.50808,4145
62,4,gender,ema_lr5e-2,0.05,0.0001,0.72427,0.51749,4145
62,4,gender,ema_lr1e-2_wd1e-3,0.01,0.001,0.81236,0.51797,4145
62,4,gender,ema_d0.99,0.01,0.0001,0.78938,0.52256,4145
62,4,gender,ema_d0.9999,0.01,0.0001,0.8303,0.49964,4145
62,4,gender,mlp_h16,0.001,0.0,0.68974,0.5351,4145
62,4,gender,mlp_h32,0.001,0.0,0.69322,0.50856,4145
62,4,gender,mlp_h64,0.001,0.0,0.69314,0.5146,4145
62,4,gender,mlp_h128,0.001,0.0,0.69194,0.52039,4145
62,4,gender,attention,0.0001,1e-05,0.6905,0.55469,4145
62,4,gender,shuffled,0.01,0.0001,0.83405,0.5047,4145
62,4,star_sign,ema_lr1e-3,0.001,0.0001,3.10178,0.11725,4145
62,4,star_sign,ema_lr5e-3,0.005,0.0001,2.74707,0.11773,4145
62,4,star_sign,ema_lr1e-2,0.01,0.0001,2.44086,0.20965,4145
62,4,star_sign,ema_lr5e-2,0.05,0.0001,0.80104,0.94741,4145
62,4,star_sign,ema_lr1e-2_wd1e-3,0.01,0.001,2.45069,0.21134,4145
62,4,star_sign,ema_d0.99,0.01,0.0001,2.42236,0.25935,4145
62,4,star_sign,ema_d0.9999,0.01,0.0001,2.39594,0.21013,4145
62,4,star_sign,mlp_h16,0.001,0.0,1.81103,0.8456,4145
62,4,star_sign,mlp_h32,0.001,0.0,0.36213,1.0,4145
62,4,star_sign,mlp_h64,0.001,0.0,0.16147,1.0,4145
62,4,star_sign,mlp_h128,0.001,0.0,0.02936,1.0,4145
62,4,star_sign,attention,0.0001,1e-05,2.0854,1.0,4145
62,4,star_sign,shuffled,0.01,0.0001,2.44703,0.18432,4145
62,6,age_bin,ema_lr1e-3,0.001,0.0001,1.61597,0.31508,4145
62,6,age_bin,ema_lr5e-3,0.005,0.0001,1.36162,0.38456,4145
62,6,age_bin,ema_lr1e-2,0.01,0.0001,1.06335,0.49747,4145
62,6,age_bin,ema_lr5e-2,0.05,0.0001,0.29797,0.98335,4145
62,6,age_bin,ema_lr1e-2_wd1e-3,0.01,0.001,1.03267,0.5228,4145
62,6,age_bin,ema_d0.99,0.01,0.0001,1.0306,0.52859,4145
62,6,age_bin,ema_d0.9999,0.01,0.0001,1.03363,0.49771,4145
62,6,age_bin,mlp_h16,0.001,0.0,0.30976,0.99952,4145
62,6,age_bin,mlp_h32,0.001,0.0,0.17683,1.0,4145
62,6,age_bin,mlp_h64,0.001,0.0,0.0499,1.0,4145
62,6,age_bin,mlp_h128,0.001,0.0,0.01722,1.0,4145
62,6,age_bin,attention,0.0001,1e-05,0.09054,0.98438,4145
62,6,age_bin,shuffled,0.01,0.0001,1.06347,0.4924,4145
62,6,gender,ema_lr1e-3,0.001,0.0001,1.13257,0.47841,4145
62,6,gender,ema_lr5e-3,0.005,0.0001,0.81917,0.55344,4145
62,6,gender,ema_lr1e-2,0.01,0.0001,0.90281,0.50591,4145
62,6,gender,ema_lr5e-2,0.05,0.0001,0.72899,0.51749,4145
62,6,gender,ema_lr1e-2_wd1e-3,0.01,0.001,0.85778,0.51677,4145
62,6,gender,ema_d0.99,0.01,0.0001,0.85662,0.51677,4145
62,6,gender,ema_d0.9999,0.01,0.0001,0.89492,0.51628,4145
62,6,gender,mlp_h16,0.001,0.0,0.69421,0.50736,4145
62,6,gender,mlp_h32,0.001,0.0,0.69758,0.4953,4145
62,6,gender,mlp_h64,0.001,0.0,0.69551,0.50302,4145
62,6,gender,mlp_h128,0.001,0.0,0.70514,0.46948,4145
62,6,gender,attention,0.0001,1e-05,1.91977,0.42188,4145
62,6,gender,shuffled,0.01,0.0001,0.90627,0.48082,4145
62,6,star_sign,ema_lr1e-3,0.001,0.0001,3.26245,0.07624,4145
62,6,star_sign,ema_lr5e-3,0.005,0.0001,2.92481,0.14692,4145
62,6,star_sign,ema_lr1e-2,0.01,0.0001,2.58433,0.15151,4145
62,6,star_sign,ema_lr5e-2,0.05,0.0001,0.89138,0.8842,4145
62,6,star_sign,ema_lr1e-2_wd1e-3,0.01,0.001,2.5537,0.14138,4145
62,6,star_sign,ema_d0.99,0.01,0.0001,2.55686,0.16936,4145
62,6,star_sign,ema_d0.9999,0.01,0.0001,2.61521,0.15416,4145
62,6,star_sign,mlp_h16,0.001,0.0,1.37104,0.91628,4145
62,6,star_sign,mlp_h32,0.001,0.0,0.40896,1.0,4145
62,6,star_sign,mlp_h64,0.001,0.0,0.16664,1.0,4145
62,6,star_sign,mlp_h128,0.001,0.0,0.03252,1.0,4145
62,6,star_sign,attention,0.0001,1e-05,0.52009,0.89844,4145
62,6,star_sign,shuffled,0.01,0.0001,2.59347,0.15971,4145
63,0,age_bin,ema_lr1e-3,0.001,0.0001,1.49068,0.38504,4158
63,0,age_bin,ema_lr5e-3,0.005,0.0001,1.32302,0.44637,4158
63,0,age_bin,ema_lr1e-2,0.01,0.0001,1.06849,0.51106,4158
63,0,age_bin,ema_lr5e-2,0.05,0.0001,0.29944,0.97547,4158
63,0,age_bin,ema_lr1e-2_wd1e-3,0.01,0.001,1.06851,0.48076,4158
63,0,age_bin,ema_d0.99,0.01,0.0001,1.13005,0.51684,4158
63,0,age_bin,ema_d0.9999,0.01,0.0001,1.09038,0.56662,4158
63,0,age_bin,mlp_h16,0.001,0.0,0.38895,0.99351,4158
63,0,age_bin,mlp_h32,0.001,0.0,0.19149,1.0,4158
63,0,age_bin,mlp_h64,0.001,0.0,0.04645,1.0,4158
63,0,age_bin,mlp_h128,0.001,0.0,0.0161,1.0,4158
63,0,age_bin,attention,0.0001,1e-05,1.02592,1.0,4158
63,0,age_bin,shuffled,0.01,0.0001,1.02831,0.47066,4158
63,0,gender,ema_lr1e-3,0.001,0.0001,1.07277,0.50361,4158
63,0,gender,ema_lr5e-3,0.005,0.0001,0.9988,0.48701,4158
63,0,gender,ema_lr1e-2,0.01,0.0001,0.87933,0.49808,4158
63,0,gender,ema_lr5e-2,0.05,0.0001,0.73607,0.5077,4158
63,0,gender,ema_lr1e-2_wd1e-3,0.01,0.001,0.95803,0.50962,4158
63,0,gender,ema_d0.99,0.01,0.0001,0.94836,0.50048,4158
63,0,gender,ema_d0.9999,0.01,0.0001,0.92183,0.51539,4158
63,0,gender,mlp_h16,0.001,0.0,0.6936,0.49495,4158
63,0,gender,mlp_h32,0.001,0.0,0.69485,0.5101,4158
63,0,gender,mlp_h64,0.001,0.0,0.69582,0.50457,4158
63,0,gender,mlp_h128,0.001,0.0,0.69537,0.50096,4158
63,0,gender,attention,0.0001,1e-05,0.69307,0.54688,4158
63,0,gender,shuffled,0.01,0.0001,0.93766,0.49327,4158
63,0,star_sign,ema_lr1e-3,0.001,0.0001,3.16534,0.15176,4158
63,0,star_sign,ema_lr5e-3,0.005,0.0001,2.86702,0.16258,4158
63,0,star_sign,ema_lr1e-2,0.01,0.0001,2.52056,0.17725,4158
63,0,star_sign,ema_lr5e-2,0.05,0.0001,0.89344,0.86316,4158
63,0,star_sign,ema_lr1e-2_wd1e-3,0.01,0.001,2.57604,0.15368,4158
63,0,star_sign,ema_d0.99,0.01,0.0001,2.59247,0.16691,4158
63,0,star_sign,ema_d0.9999,0.01,0.0001,2.53685,0.21982,4158
63,0,star_sign,mlp_h16,0.001,0.0,0.73505,1.0,4158
63,0,star_sign,mlp_h32,0.001,0.0,0.55336,1.0,4158
63,0,star_sign,mlp_h64,0.001,0.0,0.20755,1.0,4158
63,0,star_sign,mlp_h128,0.001,0.0,0.03846,1.0,4158
63,0,star_sign,attention,0.0001,1e-05,2.37815,1.0,4158
63,0,star_sign,shuffled,0.01,0.0001,2.60171,0.22944,4158
63,4,age_bin,ema_lr1e-3,0.001,0.0001,1.44966,0.40789,4158
63,4,age_bin,ema_lr5e-3,0.005,0.0001,1.19011,0.43963,4158
63,4,age_bin,ema_lr1e-2,0.01,0.0001,0.93852,0.56638,4158
63,4,age_bin,ema_lr5e-2,0.05,0.0001,0.29276,0.98629,4158
63,4,age_bin,ema_lr1e-2_wd1e-3,0.01,0.001,0.95698,0.54377,4158
63,4,age_bin,ema_d0.99,0.01,0.0001,0.96162,0.5493,4158
63,4,age_bin,ema_d0.9999,0.01,0.0001,0.98108,0.52646,4158
63,4,age_bin,mlp_h16,0.001,0.0,0.17102,1.0,4158
63,4,age_bin,mlp_h32,0.001,0.0,0.10114,1.0,4158
63,4,age_bin,mlp_h64,0.001,0.0,0.03077,1.0,4158
63,4,age_bin,mlp_h128,0.001,0.0,0.0141,1.0,4158
63,4,age_bin,attention,0.0001,1e-05,0.16786,1.0,4158
63,4,age_bin,shuffled,0.01,0.0001,0.96355,0.5101,4158
63,4,gender,ema_lr1e-3,0.001,0.0001,0.94749,0.5214,4158
63,4,gender,ema_lr5e-3,0.005,0.0001,0.89331,0.50818,4158
63,4,gender,ema_lr1e-2,0.01,0.0001,0.85568,0.50481,4158
63,4,gender,ema_lr5e-2,0.05,0.0001,0.7389,0.50024,4158
63,4,gender,ema_lr1e-2_wd1e-3,0.01,0.001,0.84384,0.49351,4158
63,4,gender,ema_d0.99,0.01,0.0001,0.82359,0.49784,4158
63,4,gender,ema_d0.9999,0.01,0.0001,0.82909,0.51251,4158
63,4,gender,mlp_h16,0.001,0.0,0.6963,0.49832,4158
63,4,gender,mlp_h32,0.001,0.0,0.69304,0.52742,4158
63,4,gender,mlp_h64,0.001,0.0,0.69734,0.50481,4158
63,4,gender,mlp_h128,0.001,0.0,0.69504,0.50601,4158
63,4,gender,attention,0.0001,1e-05,0.68905,0.5,4158
63,4,gender,shuffled,0.01,0.0001,0.83749,0.48365,4158
63,4,star_sign,ema_lr1e-3,0.001,0.0001,3.11577,0.11592,4158
63,4,star_sign,ema_lr5e-3,0.005,0.0001,2.74494,0.10847,4158
63,4,star_sign,ema_lr1e-2,0.01,0.0001,2.41017,0.21525,4158
63,4,star_sign,ema_lr5e-2,0.05,0.0001,0.79542,0.95022,4158
63,4,star_sign,ema_lr1e-2_wd1e-3,0.01,0.001,2.47316,0.20443,4158
63,4,star_sign,ema_d0.99,0.01,0.0001,2.43213,0.24603,4158
63,4,star_sign,ema_d0.9999,0.01,0.0001,2.36247,0.20779,4158
63,4,star_sign,mlp_h16,0.001,0.0,1.77899,0.89105,4158
63,4,star_sign,mlp_h32,0.001,0.0,0.33587,1.0,4158
63,4,star_sign,mlp_h64,0.001,0.0,0.14307,1.0,4158
63,4,star_sign,mlp_h128,0.001,0.0,0.02653,1.0,4158
63,4,star_sign,attention,0.0001,1e-05,2.08094,1.0,4158
63,4,star_sign,shuffled,0.01,0.0001,2.41997,0.1912,4158
63,6,age_bin,ema_lr1e-3,0.001,0.0001,1.63852,0.30688,4158
63,6,age_bin,ema_lr5e-3,0.005,0.0001,1.30019,0.3937,4158
63,6,age_bin,ema_lr1e-2,0.01,0.0001,1.07313,0.49327,4158
63,6,age_bin,ema_lr5e-2,0.05,0.0001,0.29386,0.98557,4158
63,6,age_bin,ema_lr1e-2_wd1e-3,0.01,0.001,1.02186,0.51419,4158
63,6,age_bin,ema_d0.99,0.01,0.0001,1.04804,0.52573,4158
63,6,age_bin,ema_d0.9999,0.01,0.0001,1.01547,0.51178,4158
63,6,age_bin,mlp_h16,0.001,0.0,0.2961,0.9988,4158
63,6,age_bin,mlp_h32,0.001,0.0,0.17004,1.0,4158
63,6,age_bin,mlp_h64,0.001,0.0,0.04808,1.0,4158
63,6,age_bin,mlp_h128,0.001,0.0,0.01675,1.0,4158
63,6,age_bin,attention,0.0001,1e-05,0.00074,1.0,4158
63,6,age_bin,shuffled,0.01,0.0001,0.99829,0.52573,4158
63,6,gender,ema_lr1e-3,0.001,0.0001,1.08215,0.49543,4158
63,6,gender,ema_lr5e-3,0.005,0.0001,0.93715,0.50553,4158
63,6,gender,ema_lr1e-2,0.01,0.0001,0.90362,0.49351,4158
63,6,gender,ema_lr5e-2,0.05,0.0001,0.74279,0.48773,4158
63,6,gender,ema_lr1e-2_wd1e-3,0.01,0.001,0.86635,0.51419,4158
63,6,gender,ema_d0.99,0.01,0.0001,0.87457,0.50986,4158
63,6,gender,ema_d0.9999,0.01,0.0001,0.98813,0.45815,4158
63,6,gender,mlp_h16,0.001,0.0,0.6944,0.50866,4158
63,6,gender,mlp_h32,0.001,0.0,0.69957,0.49086,4158
63,6,gender,mlp_h64,0.001,0.0,0.70023,0.48798,4158
63,6,gender,mlp_h128,0.001,0.0,0.70039,0.50385,4158
63,6,gender,attention,0.0001,1e-05,1.38432,0.52344,4158
63,6,gender,shuffled,0.01,0.0001,0.87531,0.4911,4158
63,6,star_sign,ema_lr1e-3,0.001,0.0001,3.19904,0.09019,4158
63,6,star_sign,ema_lr5e-3,0.005,0.0001,2.89196,0.1431,4158
63,6,star_sign,ema_lr1e-2,0.01,0.0001,2.51859,0.16354,4158
63,6,star_sign,ema_lr5e-2,0.05,0.0001,0.92164,0.86436,4158
63,6,star_sign,ema_lr1e-2_wd1e-3,0.01,0.001,2.54037,0.15464,4158
63,6,star_sign,ema_d0.99,0.01,0.0001,2.67816,0.17027,4158
63,6,star_sign,ema_d0.9999,0.01,0.0001,2.60479,0.16041,4158
63,6,star_sign,mlp_h16,0.001,0.0,1.35536,0.91991,4158
63,6,star_sign,mlp_h32,0.001,0.0,0.38464,1.0,4158
63,6,star_sign,mlp_h64,0.001,0.0,0.1556,1.0,4158
63,6,star_sign,mlp_h128,0.001,0.0,0.03177,1.0,4158
63,6,star_sign,attention,0.0001,1e-05,0.69426,0.90625,4158
63,6,star_sign,shuffled,0.01,0.0001,2.56661,0.1847,4158
64,0,age_bin,ema_lr1e-3,0.001,0.0001,1.48126,0.39255,4244
64,0,age_bin,ema_lr5e-3,0.005,0.0001,1.33369,0.4418,4244
64,0,age_bin,ema_lr1e-2,0.01,0.0001,1.04147,0.53322,4244
64,0,age_bin,ema_lr5e-2,0.05,0.0001,0.29152,0.97926,4244
64,0,age_bin,ema_lr1e-2_wd1e-3,0.01,0.001,1.05004,0.49105,4244
64,0,age_bin,ema_d0.99,0.01,0.0001,1.10462,0.53087,4244
64,0,age_bin,ema_d0.9999,0.01,0.0001,1.05048,0.58247,4244
64,0,age_bin,mlp_h16,0.001,0.0,0.38194,0.99387,4244
64,0,age_bin,mlp_h32,0.001,0.0,0.18377,1.0,4244
64,0,age_bin,mlp_h64,0.001,0.0,0.04397,1.0,4244
64,0,age_bin,mlp_h128,0.001,0.0,0.01539,1.0,4244
64,0,age_bin,attention,0.0001,1e-05,1.02424,1.0,4244
64,0,age_bin,shuffled,0.01,0.0001,1.02985,0.47196,4244
64,0,gender,ema_lr1e-3,0.001,0.0001,1.02266,0.52521,4244
64,0,gender,ema_lr5e-3,0.005,0.0001,0.99973,0.49081,4244
64,0,gender,ema_lr1e-2,0.01,0.0001,0.914,0.48845,4244
64,0,gender,ema_lr5e-2,0.05,0.0001,0.748,0.50165,4244
64,0,gender,ema_lr1e-2_wd1e-3,0.01,0.001,0.93275,0.5139,4244
64,0,gender,ema_d0.99,0.01,0.0001,0.94761,0.49741,4244
64,0,gender,ema_d0.9999,0.01,0.0001,0.93926,0.50188,4244
64,0,gender,mlp_h16,0.001,0.0,0.69616,0.4868,4244
64,0,gender,mlp_h32,0.001,0.0,0.69641,0.49317,4244
64,0,gender,mlp_h64,0.001,0.0,0.69389,0.50801,4244
64,0,gender,mlp_h128,0.001,0.0,0.69479,0.51013,4244
64,0,gender,attention,0.0001,1e-05,0.69299,0.48438,4244
64,0,gender,shuffled,0.01,0.0001,0.91247,0.49788,4244
64,0,star_sign,ema_lr1e-3,0.001,0.0001,3.14865,0.14821,4244
64,0,star_sign,ema_lr5e-3,0.005,0.0001,2.86609,0.16023,4244
64,0,star_sign,ema_lr1e-2,0.01,0.0001,2.57799,0.17908,4244
64,0,star_sign,ema_lr5e-2,0.05,0.0001,0.86806,0.88101,4244
64,0,star_sign,ema_lr1e-2_wd1e-3,0.01,0.001,2.61177,0.14444,4244
64,0,star_sign,ema_d0.99,0.01,0.0001,2.54473,0.16965,4244
64,0,star_sign,ema_d0.9999,0.01,0.0001,2.58767,0.20641,4244
64,0,star_sign,mlp_h16,0.001,0.0,0.70664,1.0,4244
64,0,star_sign,mlp_h32,0.001,0.0,0.52556,1.0,4244
64,0,star_sign,mlp_h64,0.001,0.0,0.19446,1.0,4244
64,0,star_sign,mlp_h128,0.001,0.0,0.03603,1.0,4244
64,0,star_sign,attention,0.0001,1e-05,2.37801,1.0,4244
64,0,star_sign,shuffled,0.01,0.0001,2.58395,0.23633,4244
64,4,age_bin,ema_lr1e-3,0.001,0.0001,1.40799,0.4345,4244
64,4,age_bin,ema_lr5e-3,0.005,0.0001,1.1844,0.43096,4244
64,4,age_bin,ema_lr1e-2,0.01,0.0001,0.90979,0.58058,4244
64,4,age_bin,ema_lr5e-2,0.05,0.0001,0.2908,0.98044,4244
64,4,age_bin,ema_lr1e-2_wd1e-3,0.01,0.001,0.94456,0.55207,4244
64,4,age_bin,ema_d0.99,0.01,0.0001,0.96834,0.54901,4244
64,4,age_bin,ema_d0.9999,0.01,0.0001,0.9183,0.5648,4244
64,4,age_bin,mlp_h16,0.001,0.0,0.17108,1.0,4244
64,4,age_bin,mlp_h32,0.001,0.0,0.09882,1.0,4244
64,4,age_bin,mlp_h64,0.001,0.0,0.03014,1.0,4244
64,4,age_bin,mlp_h128,0.001,0.0,0.01392,1.0,4244
64,4,age_bin,attention,0.0001,1e-05,0.15906,1.0,4244
64,4,age_bin,shuffled,0.01,0.0001,0.9741,0.50566,4244
64,4,gender,ema_lr1e-3,0.001,0.0001,0.96784,0.50566,4244
64,4,gender,ema_lr5e-3,0.005,0.0001,0.89286,0.5132,4244
64,4,gender,ema_lr1e-2,0.01,0.0001,0.8516,0.51084,4244
64,4,gender,ema_lr5e-2,0.05,0.0001,0.72753,0.50848,4244
64,4,gender,ema_lr1e-2_wd1e-3,0.01,0.001,0.8149,0.52592,4244
64,4,gender,ema_d0.99,0.01,0.0001,0.81511,0.49788,4244
64,4,gender,ema_d0.9999,0.01,0.0001,0.89011,0.45853,4244
64,4,gender,mlp_h16,0.001,0.0,0.69597,0.49128,4244
64,4,gender,mlp_h32,0.001,0.0,0.69204,0.52733,4244
64,4,gender,mlp_h64,0.001,0.0,0.69116,0.52757,4244
64,4,gender,mlp_h128,0.001,0.0,0.69215,0.53275,4244
64,4,gender,attention,0.0001,1e-05,0.69593,0.41406,4244
64,4,gender,shuffled,0.01,0.0001,0.83336,0.50495,4244
64,4,star_sign,ema_lr1e-3,0.001,0.0001,3.04931,0.12842,4244
64,4,star_sign,ema_lr5e-3,0.005,0.0001,2.7808,0.10368,4244
64,4,star_sign,ema_lr1e-2,0.01,0.0001,2.40293,0.22667,4244
64,4,star_sign,ema_lr5e-2,0.05,0.0001,0.77305,0.95405,4244
64,4,star_sign,ema_lr1e-2_wd1e-3,0.01,0.001,2.45213,0.20146,4244
64,4,star_sign,ema_d0.99,0.01,0.0001,2.36928,0.2573,4244
64,4,star_sign,ema_d0.9999,0.01,0.0001,2.33372,0.21395,4244
64,4,star_sign,mlp_h16,0.001,0.0,1.75695,0.89986,4244
64,4,star_sign,mlp_h32,0.001,0.0,0.3228,1.0,4244
64,4,star_sign,mlp_h64,0.001,0.0,0.14008,1.0,4244
64,4,star_sign,mlp_h128,0.001,0.0,0.02717,1.0,4244
64,4,star_sign,attention,0.0001,1e-05,2.07426,1.0,4244
64,4,star_sign,shuffled,0.01,0.0001,2.40514,0.19109,4244
64,6,age_bin,ema_lr1e-3,0.001,0.0001,1.77699,0.27168,4244
64,6,age_bin,ema_lr5e-3,0.005,0.0001,1.31233,0.39467,4244
64,6,age_bin,ema_lr1e-2,0.01,0.0001,1.10791,0.48492,4244
64,6,age_bin,ema_lr5e-2,0.05,0.0001,0.28227,0.98704,4244
64,6,age_bin,ema_lr1e-2_wd1e-3,0.01,0.001,1.07495,0.48492,4244
64,6,age_bin,ema_d0.99,0.01,0.0001,1.03113,0.53322,4244
64,6,age_bin,ema_d0.9999,0.01,0.0001,1.01967,0.51508,4244
64,6,age_bin,mlp_h16,0.001,0.0,0.27487,0.99976,4244
64,6,age_bin,mlp_h32,0.001,0.0,0.16327,1.0,4244
64,6,age_bin,mlp_h64,0.001,0.0,0.04589,1.0,4244
64,6,age_bin,mlp_h128,0.001,0.0,0.01609,1.0,4244
64,6,age_bin,attention,0.0001,1e-05,0.00313,1.0,4244
64,6,age_bin,shuffled,0.01,0.0001,1.00059,0.53063,4244
64,6,gender,ema_lr1e-3,0.001,0.0001,1.05204,0.4894,4244
64,6,gender,ema_lr5e-3,0.005,0.0001,0.90417,0.51697,4244
64,6,gender,ema_lr1e-2,0.01,0.0001,0.87888,0.51084,4244
64,6,gender,ema_lr5e-2,0.05,0.0001,0.72399,0.51602,4244
64,6,gender,ema_lr1e-2_wd1e-3,0.01,0.001,0.85854,0.50919,4244
64,6,gender,ema_d0.99,0.01,0.0001,0.92005,0.4828,4244
64,6,gender,ema_d0.9999,0.01,0.0001,0.93801,0.48916,4244
64,6,gender,mlp_h16,0.001,0.0,0.69264,0.51296,4244
64,6,gender,mlp_h32,0.001,0.0,0.69488,0.51296,4244
64,6,gender,mlp_h64,0.001,0.0,0.69247,0.51555,4244
64,6,gender,mlp_h128,0.001,0.0,0.69543,0.50518,4244
64,6,gender,attention,0.0001,1e-05,1.53171,0.53906,4244
64,6,gender,shuffled,0.01,0.0001,0.91599,0.49458,4244
64,6,star_sign,ema_lr1e-3,0.001,0.0001,3.15676,0.08836,4244
64,6,star_sign,ema_lr5e-3,0.005,0.0001,2.79935,0.16093,4244
64,6,star_sign,ema_lr1e-2,0.01,0.0001,2.65203,0.14373,4244
64,6,star_sign,ema_lr5e-2,0.05,0.0001,0.88327,0.88124,4244
64,6,star_sign,ema_lr1e-2_wd1e-3,0.01,0.001,2.62923,0.14255,4244
64,6,star_sign,ema_d0.99,0.01,0.0001,2.6291,0.17059,4244
64,6,star_sign,ema_d0.9999,0.01,0.0001,2.57615,0.16588,4244
64,6,star_sign,mlp_h16,0.001,0.0,1.35924,0.90151,4244
64,6,star_sign,mlp_h32,0.001,0.0,0.39257,1.0,4244
64,6,star_sign,mlp_h64,0.001,0.0,0.14727,1.0,4244
64,6,star_sign,mlp_h128,0.001,0.0,0.03089,1.0,4244
64,6,star_sign,attention,0.0001,1e-05,0.59271,0.92188,4244
64,6,star_sign,shuffled,0.01,0.0001,2.51691,0.17601,4244
65,0,age_bin,ema_lr1e-3,0.001,0.0001,1.48641,0.38151,3743
65,0,age_bin,ema_lr5e-3,0.005,0.0001,1.29056,0.45765,3743
65,0,age_bin,ema_lr1e-2,0.01,0.0001,1.04636,0.52124,3743
65,0,age_bin,ema_lr5e-2,0.05,0.0001,0.2887,0.97649,3743
65,0,age_bin,ema_lr1e-2_wd1e-3,0.01,0.001,1.04865,0.49933,3743
65,0,age_bin,ema_d0.99,0.01,0.0001,1.1061,0.53112,3743
65,0,age_bin,ema_d0.9999,0.01,0.0001,1.07102,0.57441,3743
65,0,age_bin,mlp_h16,0.001,0.0,0.36709,0.99706,3743
65,0,age_bin,mlp_h32,0.001,0.0,0.17676,1.0,3743
65,0,age_bin,mlp_h64,0.001,0.0,0.04281,1.0,3743
65,0,age_bin,mlp_h128,0.001,0.0,0.01498,1.0,3743
65,0,age_bin,attention,0.0001,1e-05,1.02319,1.0,3743
65,0,age_bin,shuffled,0.01,0.0001,1.00675,0.48303,3743
65,0,gender,ema_lr1e-3,0.001,0.0001,1.03456,0.51055,3743
65,0,gender,ema_lr5e-3,0.005,0.0001,0.96524,0.50735,3743
65,0,gender,ema_lr1e-2,0.01,0.0001,0.88312,0.4996,3743
65,0,gender,ema_lr5e-2,0.05,0.0001,0.73944,0.49826,3743
65,0,gender,ema_lr1e-2_wd1e-3,0.01,0.001,0.97203,0.49105,3743
65,0,gender,ema_d0.99,0.01,0.0001,0.93193,0.49693,3743
65,0,gender,ema_d0.9999,0.01,0.0001,0.93715,0.50574,3743
65,0,gender,mlp_h16,0.001,0.0,0.69398,0.50628,3743
65,0,gender,mlp_h32,0.001,0.0,0.69625,0.49746,3743
65,0,gender,mlp_h64,0.001,0.0,0.69521,0.48704,3743
65,0,gender,mlp_h128,0.001,0.0,0.69644,0.49693,3743
65,0,gender,attention,0.0001,1e-05,0.69323,0.49219,3743
65,0,gender,shuffled,0.01,0.0001,0.93381,0.49452,3743
65,0,star_sign,ema_lr1e-3,0.001,0.0001,3.18173,0.15041,3743
65,0,star_sign,ema_lr5e-3,0.005,0.0001,2.88281,0.16137,3743
65,0,star_sign,ema_lr1e-2,0.01,0.0001,2.5126,0.19129,3743
65,0,star_sign,ema_lr5e-2,0.05,0.0001,0.84968,0.88298,3743
65,0,star_sign,ema_lr1e-2_wd1e-3,0.01,0.001,2.56712,0.1408,3743
65,0,star_sign,ema_d0.99,0.01,0.0001,2.53653,0.18247,3743
65,0,star_sign,ema_d0.9999,0.01,0.0001,2.52571,0.24472,3743
65,0,star_sign,mlp_h16,0.001,0.0,0.69263,1.0,3743
65,0,star_sign,mlp_h32,0.001,0.0,0.49947,1.0,3743
65,0,star_sign,mlp_h64,0.001,0.0,0.17863,1.0,3743
65,0,star_sign,mlp_h128,0.001,0.0,0.03526,1.0,3743
65,0,star_sign,attention,0.0001,1e-05,2.37482,1.0,3743
65,0,star_sign,shuffled,0.01,0.0001,2.58125,0.2319,3743
65,4,age_bin,ema_lr1e-3,0.001,0.0001,1.40451,0.44002,3743
65,4,age_bin,ema_lr5e-3,0.005,0.0001,1.20178,0.42559,3743
65,4,age_bin,ema_lr1e-2,0.01,0.0001,0.89582,0.58963,3743
65,4,age_bin,ema_lr5e-2,0.05,0.0001,0.286,0.9845,3743
65,4,age_bin,ema_lr1e-2_wd1e-3,0.01,0.001,0.9062,0.58295,3743
65,4,age_bin,ema_d0.99,0.01,0.0001,0.97805,0.54475,3743
65,4,age_bin,ema_d0.9999,0.01,0.0001,0.89507,0.58376,3743
65,4,age_bin,mlp_h16,0.001,0.0,0.16352,1.0,3743
65,4,age_bin,mlp_h32,0.001,0.0,0.09213,1.0,3743
65,4,age_bin,mlp_h64,0.001,0.0,0.02874,1.0,3743
65,4,age_bin,mlp_h128,0.001,0.0,0.0137,1.0,3743
65,4,age_bin,attention,0.0001,1e-05,0.13471,1.0,3743
65,4,age_bin,shuffled,0.01,0.0001,0.97152,0.49426,3743
65,4,gender,ema_lr1e-3,0.001,0.0001,0.98943,0.48998,3743
65,4,gender,ema_lr5e-3,0.005,0.0001,0.89672,0.50468,3743
65,4,gender,ema_lr1e-2,0.01,0.0001,0.85874,0.49452,3743
65,4,gender,ema_lr5e-2,0.05,0.0001,0.7358,0.48918,3743
65,4,gender,ema_lr1e-2_wd1e-3,0.01,0.001,0.82017,0.51135,3743
65,4,gender,ema_d0.99,0.01,0.0001,0.81076,0.49826,3743
65,4,gender,ema_d0.9999,0.01,0.0001,0.82438,0.50361,3743
65,4,gender,mlp_h16,0.001,0.0,0.69352,0.51483,3743
65,4,gender,mlp_h32,0.001,0.0,0.69405,0.50788,3743
65,4,gender,mlp_h64,0.001,0.0,0.6953,0.50521,3743
65,4,gender,mlp_h128,0.001,0.0,0.69739,0.49559,3743
65,4,gender,attention,0.0001,1e-05,0.69117,0.50781,3743
65,4,gender,shuffled,0.01,0.0001,0.84501,0.48143,3743
65,4,star_sign,ema_lr1e-3,0.001,0.0001,3.07807,0.11568,3743
65,4,star_sign,ema_lr5e-3,0.005,0.0001,2.74303,0.11835,3743
65,4,star_sign,ema_lr1e-2,0.01,0.0001,2.40527,0.21427,3743
65,4,star_sign,ema_lr5e-2,0.05,0.0001,0.76668,0.95325,3743
65,4,star_sign,ema_lr1e-2_wd1e-3,0.01,0.001,2.4512,0.21106,3743
65,4,star_sign,ema_d0.99,0.01,0.0001,2.42578,0.23377,3743
65,4,star_sign,ema_d0.9999,0.01,0.0001,2.37464,0.20358,3743
65,4,star_sign,mlp_h16,0.001,0.0,1.72745,0.91424,3743
65,4,star_sign,mlp_h32,0.001,0.0,0.30336,1.0,3743
65,4,star_sign,mlp_h64,0.001,0.0,0.12927,1.0,3743
65,4,star_sign,mlp_h128,0.001,0.0,0.02566,1.0,3743
65,4,star_sign,attention,0.0001,1e-05,2.06802,1.0,3743
65,4,star_sign,shuffled,0.01,0.0001,2.3766,0.1977,3743
65,6,age_bin,ema_lr1e-3,0.001,0.0001,1.67416,0.28426,3743
65,6,age_bin,ema_lr5e-3,0.005,0.0001,1.27132,0.41304,3743
65,6,age_bin,ema_lr1e-2,0.01,0.0001,1.05139,0.49719,3743
65,6,age_bin,ema_lr5e-2,0.05,0.0001,0.28573,0.98958,3743
65,6,age_bin,ema_lr1e-2_wd1e-3,0.01,0.001,1.0428,0.51322,3743
65,6,age_bin,ema_d0.99,0.01,0.0001,1.0063,0.54422,3743
65,6,age_bin,ema_d0.9999,0.01,0.0001,1.02797,0.49826,3743
65,6,age_bin,mlp_h16,0.001,0.0,0.2694,1.0,3743
65,6,age_bin,mlp_h32,0.001,0.0,0.1519,1.0,3743
65,6,age_bin,mlp_h64,0.001,0.0,0.04332,1.0,3743
65,6,age_bin,mlp_h128,0.001,0.0,0.01512,1.0,3743
65,6,age_bin,attention,0.0001,1e-05,1e-05,1.0,3743
65,6,age_bin,shuffled,0.01,0.0001,0.96785,0.53727,3743
65,6,gender,ema_lr1e-3,0.001,0.0001,1.0577,0.50387,3743
65,6,gender,ema_lr5e-3,0.005,0.0001,0.86999,0.54929,3743
65,6,gender,ema_lr1e-2,0.01,0.0001,0.85486,0.50922,3743
65,6,gender,ema_lr5e-2,0.05,0.0001,0.73084,0.51135,3743
65,6,gender,ema_lr1e-2_wd1e-3,0.01,0.001,0.88273,0.50521,3743
65,6,gender,ema_d0.99,0.01,0.0001,0.88809,0.49746,3743
65,6,gender,ema_d0.9999,0.01,0.0001,0.88865,0.50761,3743
65,6,gender,mlp_h16,0.001,0.0,0.69686,0.50494,3743
65,6,gender,mlp_h32,0.001,0.0,0.6981,0.49853,3743
65,6,gender,mlp_h64,0.001,0.0,0.69877,0.50361,3743
65,6,gender,mlp_h128,0.001,0.0,0.70188,0.49746,3743
65,6,gender,attention,0.0001,1e-05,1.82902,0.49219,3743
65,6,gender,shuffled,0.01,0.0001,0.88884,0.48731,3743
65,6,star_sign,ema_lr1e-3,0.001,0.0001,3.11358,0.10152,3743
65,6,star_sign,ema_lr5e-3,0.005,0.0001,2.88108,0.15122,3743
65,6,star_sign,ema_lr1e-2,0.01,0.0001,2.52302,0.17473,3743
65,6,star_sign,ema_lr5e-2,0.05,0.0001,0.81881,0.90756,3743
65,6,star_sign,ema_lr1e-2_wd1e-3,0.01,0.001,2.47149,0.17312,3743
65,6,star_sign,ema_d0.99,0.01,0.0001,2.50106,0.18648,3743
65,6,star_sign,ema_d0.9999,0.01,0.0001,2.61338,0.16484,3743
65,6,star_sign,mlp_h16,0.001,0.0,1.30909,0.92493,3743
65,6,star_sign,mlp_h32,0.001,0.0,0.36948,1.0,3743
65,6,star_sign,mlp_h64,0.001,0.0,0.1383,1.0,3743
65,6,star_sign,mlp_h128,0.001,0.0,0.0274,1.0,3743
65,6,star_sign,attention,0.0001,1e-05,0.57612,0.91406,3743
65,6,star_sign,shuffled,0.01,0.0001,2.51473,0.17633,3743
66,0,age_bin,ema_lr1e-3,0.001,0.0001,1.45483,0.39835,3871
66,0,age_bin,ema_lr5e-3,0.005,0.0001,1.31671,0.45673,3871
66,0,age_bin,ema_lr1e-2,0.01,0.0001,1.03533,0.51821,3871
66,0,age_bin,ema_lr5e-2,0.05,0.0001,0.28791,0.98114,3871
66,0,age_bin,ema_lr1e-2_wd1e-3,0.01,0.001,1.04781,0.49548,3871
66,0,age_bin,ema_d0.99,0.01,0.0001,1.08576,0.53552,3871
66,0,age_bin,ema_d0.9999,0.01,0.0001,1.06462,0.58073,3871
66,0,age_bin,mlp_h16,0.001,0.0,0.3632,0.99613,3871
66,0,age_bin,mlp_h32,0.001,0.0,0.16841,1.0,3871
66,0,age_bin,mlp_h64,0.001,0.0,0.0409,1.0,3871
66,0,age_bin,mlp_h128,0.001,0.0,0.01458,1.0,3871
66,0,age_bin,attention,0.0001,1e-05,1.02151,1.0,3871
66,0,age_bin,shuffled,0.01,0.0001,1.02723,0.47094,3871
66,0,gender,ema_lr1e-3,0.001,0.0001,1.04024,0.51227,3871
66,0,gender,ema_lr5e-3,0.005,0.0001,0.96737,0.51227,3871
66,0,gender,ema_lr1e-2,0.01,0.0001,0.90981,0.496,3871
66,0,gender,ema_lr5e-2,0.05,0.0001,0.74076,0.49109,3871
66,0,gender,ema_lr1e-2_wd1e-3,0.01,0.001,0.96444,0.49238,3871
66,0,gender,ema_d0.99,0.01,0.0001,0.92159,0.49806,3871
66,0,gender,ema_d0.9999,0.01,0.0001,0.93808,0.49858,3871
66,0,gender,mlp_h16,0.001,0.0,0.69088,0.52441,3871
66,0,gender,mlp_h32,0.001,0.0,0.69329,0.52002,3871
66,0,gender,mlp_h64,0.001,0.0,0.69268,0.51847,3871
66,0,gender,mlp_h128,0.001,0.0,0.69168,0.51563,3871
66,0,gender,attention,0.0001,1e-05,0.69319,0.50781,3871
66,0,gender,shuffled,0.01,0.0001,0.93836,0.50142,3871
66,0,star_sign,ema_lr1e-3,0.001,0.0001,3.1514,0.1519,3871
66,0,star_sign,ema_lr5e-3,0.005,0.0001,2.87201,0.15707,3871
66,0,star_sign,ema_lr1e-2,0.01,0.0001,2.49684,0.19142,3871
66,0,star_sign,ema_lr5e-2,0.05,0.0001,0.83173,0.89098,3871
66,0,star_sign,ema_lr1e-2_wd1e-3,0.01,0.001,2.54828,0.14415,3871
66,0,star_sign,ema_d0.99,0.01,0.0001,2.54867,0.17282,3871
66,0,star_sign,ema_d0.9999,0.01,0.0001,2.49473,0.248,3871
66,0,star_sign,mlp_h16,0.001,0.0,0.67738,1.0,3871
66,0,star_sign,mlp_h32,0.001,0.0,0.48686,1.0,3871
66,0,star_sign,mlp_h64,0.001,0.0,0.17044,1.0,3871
66,0,star_sign,mlp_h128,0.001,0.0,0.03339,1.0,3871
66,0,star_sign,attention,0.0001,1e-05,2.3737,1.0,3871
66,0,star_sign,shuffled,0.01,0.0001,2.61594,0.21338,3871
66,4,age_bin,ema_lr1e-3,0.001,0.0001,1.48011,0.4061,3871
66,4,age_bin,ema_lr5e-3,0.005,0.0001,1.18781,0.42625,3871
66,4,age_bin,ema_lr1e-2,0.01,0.0001,0.92087,0.57556,3871
66,4,age_bin,ema_lr5e-2,0.05,0.0001,0.27895,0.98579,3871
66,4,age_bin,ema_lr1e-2_wd1e-3,0.01,0.001,0.94544,0.55645,3871
66,4,age_bin,ema_d0.99,0.01,0.0001,0.97151,0.53888,3871
66,4,age_bin,ema_d0.9999,0.01,0.0001,0.97922,0.51821,3871
66,4,age_bin,mlp_h16,0.001,0.0,0.1601,1.0,3871
66,4,age_bin,mlp_h32,0.001,0.0,0.09084,1.0,3871
66,4,age_bin,mlp_h64,0.001,0.0,0.02828,1.0,3871
66,4,age_bin,mlp_h128,0.001,0.0,0.01344,1.0,3871
66,4,age_bin,attention,0.0001,1e-05,0.15411,1.0,3871
66,4,age_bin,shuffled,0.01,0.0001,0.97269,0.5071,3871
66,4,gender,ema_lr1e-3,0.001,0.0001,0.98111,0.4929,3871
66,4,gender,ema_lr5e-3,0.005,0.0001,0.92168,0.49367,3871
66,4,gender,ema_lr1e-2,0.01,0.0001,0.86731,0.49832,3871
66,4,gender,ema_lr5e-2,0.05,0.0001,0.72013,0.5177,3871
66,4,gender,ema_lr1e-2_wd1e-3,0.01,0.001,0.80156,0.51615,3871
66,4,gender,ema_d0.99,0.01,0.0001,0.80366,0.50736,3871
66,4,gender,ema_d0.9999,0.01,0.0001,0.80881,0.5208,3871
66,4,gender,mlp_h16,0.001,0.0,0.68975,0.52183,3871
66,4,gender,mlp_h32,0.001,0.0,0.68901,0.53552,3871
66,4,gender,mlp_h64,0.001,0.0,0.68743,0.5456,3871
66,4,gender,mlp_h128,0.001,0.0,0.68695,0.5412,3871
66,4,gender,attention,0.0001,1e-05,0.69703,0.48438,3871
66,4,gender,shuffled,0.01,0.0001,0.83075,0.49935,3871
66,4,star_sign,ema_lr1e-3,0.001,0.0001,3.07349,0.12012,3871
66,4,star_sign,ema_lr5e-3,0.005,0.0001,2.7513,0.11315,3871
66,4,star_sign,ema_lr1e-2,0.01,0.0001,2.44651,0.20331,3871
66,4,star_sign,ema_lr5e-2,0.05,0.0001,0.76227,0.95479,3871
66,4,star_sign,ema_lr1e-2_wd1e-3,0.01,0.001,2.47185,0.20718,3871
66,4,star_sign,ema_d0.99,0.01,0.0001,2.34593,0.26427,3871
66,4,star_sign,ema_d0.9999,0.01,0.0001,2.31558,0.22759,3871
66,4,star_sign,mlp_h16,0.001,0.0,1.7057,0.92715,3871
66,4,star_sign,mlp_h32,0.001,0.0,0.28659,1.0,3871
66,4,star_sign,mlp_h64,0.001,0.0,0.1254,1.0,3871
66,4,star_sign,mlp_h128,0.001,0.0,0.02547,1.0,3871
66,4,star_sign,attention,0.0001,1e-05,2.05832,1.0,3871
66,4,star_sign,shuffled,0.01,0.0001,2.41105,0.20305,3871
66,6,age_bin,ema_lr1e-3,0.001,0.0001,1.62407,0.31051,3871
66,6,age_bin,ema_lr5e-3,0.005,0.0001,1.30787,0.38982,3871
66,6,age_bin,ema_lr1e-2,0.01,0.0001,1.12548,0.4619,3871
66,6,age_bin,ema_lr5e-2,0.05,0.0001,0.2904,0.98373,3871
66,6,age_bin,ema_lr1e-2_wd1e-3,0.01,0.001,0.97628,0.56781,3871
66,6,age_bin,ema_d0.99,0.01,0.0001,1.00547,0.54844,3871
66,6,age_bin,ema_d0.9999,0.01,0.0001,0.98437,0.53345,3871
66,6,age_bin,mlp_h16,0.001,0.0,0.26291,1.0,3871
66,6,age_bin,mlp_h32,0.001,0.0,0.14747,1.0,3871
66,6,age_bin,mlp_h64,0.001,0.0,0.04098,1.0,3871
66,6,age_bin,mlp_h128,0.001,0.0,0.0149,1.0,3871
66,6,age_bin,attention,0.0001,1e-05,0.00453,1.0,3871
66,6,age_bin,shuffled,0.01,0.0001,0.9855,0.52235,3871
66,6,gender,ema_lr1e-3,0.001,0.0001,1.0322,0.5084,3871
66,6,gender,ema_lr5e-3,0.005,0.0001,0.96589,0.48153,3871
66,6,gender,ema_lr1e-2,0.01,0.0001,0.83163,0.53707,3871
66,6,gender,ema_lr5e-2,0.05,0.0001,0.72769,0.51124,3871
66,6,gender,ema_lr1e-2_wd1e-3,0.01,0.001,0.92191,0.4792,3871
66,6,gender,ema_d0.99,0.01,0.0001,0.88982,0.50452,3871
66,6,gender,ema_d0.9999,0.01,0.0001,0.92742,0.49729,3871
66,6,gender,mlp_h16,0.001,0.0,0.68617,0.54534,3871
66,6,gender,mlp_h32,0.001,0.0,0.68396,0.56135,3871
66,6,gender,mlp_h64,0.001,0.0,0.68448,0.54172,3871
66,6,gender,mlp_h128,0.001,0.0,0.68399,0.5518,3871
66,6,gender,attention,0.0001,1e-05,1.86976,0.46875,3871
66,6,gender,shuffled,0.01,0.0001,0.88328,0.50142,3871
66,6,star_sign,ema_lr1e-3,0.001,0.0001,3.10556,0.10256,3871
66,6,star_sign,ema_lr5e-3,0.005,0.0001,2.80598,0.16042,3871
66,6,star_sign,ema_lr1e-2,0.01,0.0001,2.57849,0.15939,3871
66,6,star_sign,ema_lr5e-2,0.05,0.0001,0.80695,0.90726,3871
66,6,star_sign,ema_lr1e-2_wd1e-3,0.01,0.001,2.51539,0.15629,3871
66,6,star_sign,ema_d0.99,0.01,0.0001,2.58461,0.18057,3871
66,6,star_sign,ema_d0.9999,0.01,0.0001,2.62309,0.15862,3871
66,6,star_sign,mlp_h16,0.001,0.0,1.28357,0.93232,3871
66,6,star_sign,mlp_h32,0.001,0.0,0.32984,1.0,3871
66,6,star_sign,mlp_h64,0.001,0.0,0.12578,1.0,3871
66,6,star_sign,mlp_h128,0.001,0.0,0.02709,1.0,3871
66,6,star_sign,attention,0.0001,1e-05,0.67532,0.88281,3871
66,6,star_sign,shuffled,0.01,0.0001,2.58574,0.16404,3871
67,0,age_bin,ema_lr1e-3,0.001,0.0001,1.4569,0.39763,3878
67,0,age_bin,ema_lr5e-3,0.005,0.0001,1.30242,0.46132,3878
67,0,age_bin,ema_lr1e-2,0.01,0.0001,1.02807,0.51444,3878
67,0,age_bin,ema_lr5e-2,0.05,0.0001,0.27949,0.97963,3878
67,0,age_bin,ema_lr1e-2_wd1e-3,0.01,0.001,1.0253,0.49458,3878
67,0,age_bin,ema_d0.99,0.01,0.0001,1.08131,0.54693,3878
67,0,age_bin,ema_d0.9999,0.01,0.0001,1.04557,0.5869,3878
67,0,age_bin,mlp_h16,0.001,0.0,0.34603,0.99587,3878
67,0,age_bin,mlp_h32,0.001,0.0,0.16264,1.0,3878
67,0,age_bin,mlp_h64,0.001,0.0,0.03939,1.0,3878
67,0,age_bin,mlp_h128,0.001,0.0,0.01378,1.0,3878
67,0,age_bin,attention,0.0001,1e-05,1.02116,1.0,3878
67,0,age_bin,shuffled,0.01,0.0001,0.99144,0.52347,3878
67,0,gender,ema_lr1e-3,0.001,0.0001,1.039,0.50077,3878
67,0,gender,ema_lr5e-3,0.005,0.0001,0.98492,0.50155,3878
67,0,gender,ema_lr1e-2,0.01,0.0001,0.89562,0.49613,3878
67,0,gender,ema_lr5e-2,0.05,0.0001,0.72919,0.50696,3878
67,0,gender,ema_lr1e-2_wd1e-3,0.01,0.001,0.93991,0.49871,3878
67,0,gender,ema_d0.99,0.01,0.0001,0.92549,0.49381,3878
67,0,gender,ema_d0.9999,0.01,0.0001,0.90067,0.51625,3878
67,0,gender,mlp_h16,0.001,0.0,0.69555,0.49974,3878
67,0,gender,mlp_h32,0.001,0.0,0.69646,0.49252,3878
67,0,gender,mlp_h64,0.001,0.0,0.69585,0.49484,3878
67,0,gender,mlp_h128,0.001,0.0,0.69768,0.48917,3878
67,0,gender,attention,0.0001,1e-05,0.69308,0.53906,3878
67,0,gender,shuffled,0.01,0.0001,0.9453,0.49381,3878
67,0,star_sign,ema_lr1e-3,0.001,0.0001,3.15849,0.15162,3878
67,0,star_sign,ema_lr5e-3,0.005,0.0001,2.85078,0.15962,3878
67,0,star_sign,ema_lr1e-2,0.01,0.0001,2.48946,0.17741,3878
67,0,star_sign,ema_lr5e-2,0.05,0.0001,0.82089,0.89273,3878
67,0,star_sign,ema_lr1e-2_wd1e-3,0.01,0.001,2.56372,0.14982,3878
67,0,star_sign,ema_d0.99,0.01,0.0001,2.53294,0.17767,3878
67,0,star_sign,ema_d0.9999,0.01,0.0001,2.50152,0.25013,3878
67,0,star_sign,mlp_h16,0.001,0.0,0.65287,1.0,3878
67,0,star_sign,mlp_h32,0.001,0.0,0.45959,1.0,3878
67,0,star_sign,mlp_h64,0.001,0.0,0.161,1.0,3878
67,0,star_sign,mlp_h128,0.001,0.0,0.03137,1.0,3878
67,0,star_sign,attention,0.0001,1e-05,2.37202,1.0,3878
67,0,star_sign,shuffled,0.01,0.0001,2.59187,0.22357,3878
67,4,age_bin,ema_lr1e-3,0.001,0.0001,1.39705,0.43192,3878
67,4,age_bin,ema_lr5e-3,0.005,0.0001,1.16415,0.45152,3878
67,4,age_bin,ema_lr1e-2,0.01,0.0001,0.90842,0.58561,3878
67,4,age_bin,ema_lr5e-2,0.05,0.0001,0.27539,0.98685,3878
67,4,age_bin,ema_lr1e-2_wd1e-3,0.01,0.001,0.91176,0.57916,3878
67,4,age_bin,ema_d0.99,0.01,0.0001,0.95535,0.55441,3878
67,4,age_bin,ema_d0.9999,0.01,0.0001,0.97442,0.53069,3878
67,4,age_bin,mlp_h16,0.001,0.0,0.14966,1.0,3878
67,4,age_bin,mlp_h32,0.001,0.0,0.08514,1.0,3878
67,4,age_bin,mlp_h64,0.001,0.0,0.02564,1.0,3878
67,4,age_bin,mlp_h128,0.001,0.0,0.01236,1.0,3878
67,4,age_bin,attention,0.0001,1e-05,0.14722,1.0,3878
67,4,age_bin,shuffled,0.01,0.0001,0.94852,0.52424,3878
67,4,gender,ema_lr1e-3,0.001,0.0001,0.98903,0.48685,3878
67,4,gender,ema_lr5e-3,0.005,0.0001,0.90575,0.49691,3878
67,4,gender,ema_lr1e-2,0.01,0.0001,0.87522,0.49123,3878
67,4,gender,ema_lr5e-2,0.05,0.0001,0.72838,0.50438,3878
67,4,gender,ema_lr1e-2_wd1e-3,0.01,0.001,0.80635,0.52785,3878
67,4,gender,ema_d0.99,0.01,0.0001,0.79384,0.5147,3878
67,4,gender,ema_d0.9999,0.01,0.0001,0.82382,0.49923,3878
67,4,gender,mlp_h16,0.001,0.0,0.69609,0.50696,3878
67,4,gender,mlp_h32,0.001,0.0,0.69503,0.50387,3878
67,4,gender,mlp_h64,0.001,0.0,0.69911,0.4884,3878
67,4,gender,mlp_h128,0.001,0.0,0.70233,0.47834,3878
67,4,gender,attention,0.0001,1e-05,0.69937,0.46094,3878
67,4,gender,shuffled,0.01,0.0001,0.82386,0.50026,3878
67,4,star_sign,ema_lr1e-3,0.001,0.0001,3.08015,0.12584,3878
67,4,star_sign,ema_lr5e-3,0.005,0.0001,2.72436,0.11191,3878
67,4,star_sign,ema_lr1e-2,0.01,0.0001,2.39118,0.23053,3878
67,4,star_sign,ema_lr5e-2,0.05,0.0001,0.72153,0.96235,3878
67,4,star_sign,ema_lr1e-2_wd1e-3,0.01,0.001,2.38432,0.2148,3878
67,4,star_sign,ema_d0.99,0.01,0.0001,2.42786,0.23311,3878
67,4,star_sign,ema_d0.9999,0.01,0.0001,2.32698,0.22692,3878
67,4,star_sign,mlp_h16,0.001,0.0,1.68809,0.9376,3878
67,4,star_sign,mlp_h32,0.001,0.0,0.26215,1.0,3878
67,4,star_sign,mlp_h64,0.001,0.0,0.11035,1.0,3878
67,4,star_sign,mlp_h128,0.001,0.0,0.02287,1.0,3878
67,4,star_sign,attention,0.0001,1e-05,2.052,1.0,3878
67,4,star_sign,shuffled,0.01,0.0001,2.35794,0.20397,3878
67,6,age_bin,ema_lr1e-3,0.001,0.0001,1.61791,0.33265,3878
67,6,age_bin,ema_lr5e-3,0.005,0.0001,1.34829,0.35972,3878
67,6,age_bin,ema_lr1e-2,0.01,0.0001,0.97038,0.54745,3878
67,6,age_bin,ema_lr5e-2,0.05,0.0001,0.27233,0.98633,3878
67,6,age_bin,ema_lr1e-2_wd1e-3,0.01,0.001,0.98967,0.53687,3878
67,6,age_bin,ema_d0.99,0.01,0.0001,1.06356,0.52114,3878
67,6,age_bin,ema_d0.9999,0.01,0.0001,1.04923,0.51444,3878
67,6,age_bin,mlp_h16,0.001,0.0,0.26454,0.99974,3878
67,6,age_bin,mlp_h32,0.001,0.0,0.14475,1.0,3878
67,6,age_bin,mlp_h64,0.001,0.0,0.03926,1.0,3878
67,6,age_bin,mlp_h128,0.001,0.0,0.01379,1.0,3878
67,6,age_bin,attention,0.0001,1e-05,0.00049,1.0,3878
67,6,age_bin,shuffled,0.01,0.0001,1.04455,0.4853,3878
67,6,gender,ema_lr1e-3,0.001,0.0001,1.03164,0.51031,3878
67,6,gender,ema_lr5e-3,0.005,0.0001,0.90633,0.51882,3878
67,6,gender,ema_lr1e-2,0.01,0.0001,0.86355,0.5067,3878
67,6,gender,ema_lr5e-2,0.05,0.0001,0.72357,0.51135,3878
67,6,gender,ema_lr1e-2_wd1e-3,0.01,0.001,0.87114,0.50026,3878
67,6,gender,ema_d0.99,0.01,0.0001,0.86127,0.51392,3878
67,6,gender,ema_d0.9999,0.01,0.0001,0.90358,0.49768,3878
67,6,gender,mlp_h16,0.001,0.0,0.69555,0.5116,3878
67,6,gender,mlp_h32,0.001,0.0,0.7008,0.49278,3878
67,6,gender,mlp_h64,0.001,0.0,0.70356,0.49742,3878
67,6,gender,mlp_h128,0.001,0.0,0.70334,0.4902,3878
67,6,gender,attention,0.0001,1e-05,1.76846,0.53125,3878
67,6,gender,shuffled,0.01,0.0001,0.87785,0.51186,3878
67,6,star_sign,ema_lr1e-3,0.001,0.0001,3.07461,0.09979,3878
67,6,star_sign,ema_lr5e-3,0.005,0.0001,2.88975,0.15162,3878
67,6,star_sign,ema_lr1e-2,0.01,0.0001,2.55744,0.164,3878
67,6,star_sign,ema_lr5e-2,0.05,0.0001,0.82652,0.89943,3878
67,6,star_sign,ema_lr1e-2_wd1e-3,0.01,0.001,2.50698,0.17251,3878
67,6,star_sign,ema_d0.99,0.01,0.0001,2.46439,0.19752,3878
67,6,star_sign,ema_d0.9999,0.01,0.0001,2.46798,0.1952,3878
67,6,star_sign,mlp_h16,0.001,0.0,1.26152,0.92883,3878
67,6,star_sign,mlp_h32,0.001,0.0,0.31966,1.0,3878
67,6,star_sign,mlp_h64,0.001,0.0,0.11798,1.0,3878
67,6,star_sign,mlp_h128,0.001,0.0,0.02494,1.0,3878
67,6,star_sign,attention,0.0001,1e-05,0.50384,0.9375,3878
67,6,star_sign,shuffled,0.01,0.0001,2.45527,0.19263,3878
68,0,age_bin,ema_lr1e-3,0.001,0.0001,1.47622,0.39094,3975
68,0,age_bin,ema_lr5e-3,0.005,0.0001,1.29788,0.45006,3975
68,0,age_bin,ema_lr1e-2,0.01,0.0001,1.05052,0.54491,3975
68,0,age_bin,ema_lr5e-2,0.05,0.0001,0.27591,0.98365,3975
68,0,age_bin,ema_lr1e-2_wd1e-3,0.01,0.001,1.03683,0.50113,3975
68,0,age_bin,ema_d0.99,0.01,0.0001,1.07251,0.52881,3975
68,0,age_bin,ema_d0.9999,0.01,0.0001,1.04246,0.59044,3975
68,0,age_bin,mlp_h16,0.001,0.0,0.3449,0.99698,3975
68,0,age_bin,mlp_h32,0.001,0.0,0.15693,1.0,3975
68,0,age_bin,mlp_h64,0.001,0.0,0.03824,1.0,3975
68,0,age_bin,mlp_h128,0.001,0.0,0.0137,1.0,3975
68,0,age_bin,attention,0.0001,1e-05,1.02028,1.0,3975
68,0,age_bin,shuffled,0.01,0.0001,1.00371,0.5122,3975
68,0,gender,ema_lr1e-3,0.001,0.0001,1.0525,0.50113,3975
68,0,gender,ema_lr5e-3,0.005,0.0001,0.94953,0.51421,3975
68,0,gender,ema_lr1e-2,0.01,0.0001,0.90248,0.50063,3975
68,0,gender,ema_lr5e-2,0.05,0.0001,0.73769,0.50063,3975
68,0,gender,ema_lr1e-2_wd1e-3,0.01,0.001,0.95557,0.50491,3975
68,0,gender,ema_d0.99,0.01,0.0001,0.9219,0.50289,3975
68,0,gender,ema_d0.9999,0.01,0.0001,0.92615,0.51245,3975
68,0,gender,mlp_h16,0.001,0.0,0.69414,0.51119,3975
68,0,gender,mlp_h32,0.001,0.0,0.69356,0.51748,3975
68,0,gender,mlp_h64,0.001,0.0,0.69208,0.51597,3975
68,0,gender,mlp_h128,0.001,0.0,0.69428,0.5205,3975
68,0,gender,attention,0.0001,1e-05,0.69342,0.46094,3975
68,0,gender,shuffled,0.01,0.0001,0.9428,0.50943,3975
68,0,star_sign,ema_lr1e-3,0.001,0.0001,3.16296,0.14566,3975
68,0,star_sign,ema_lr5e-3,0.005,0.0001,2.87478,0.15698,3975
68,0,star_sign,ema_lr1e-2,0.01,0.0001,2.49009,0.18516,3975
68,0,star_sign,ema_lr5e-2,0.05,0.0001,0.83132,0.8805,3975
68,0,star_sign,ema_lr1e-2_wd1e-3,0.01,0.001,2.52365,0.1839,3975
68,0,star_sign,ema_d0.99,0.01,0.0001,2.5304,0.17836,3975
68,0,star_sign,ema_d0.9999,0.01,0.0001,2.45951,0.24881,3975
68,0,star_sign,mlp_h16,0.001,0.0,0.65029,1.0,3975
68,0,star_sign,mlp_h32,0.001,0.0,0.44926,1.0,3975
68,0,star_sign,mlp_h64,0.001,0.0,0.153,1.0,3975
68,0,star_sign,mlp_h128,0.001,0.0,0.03067,1.0,3975
68,0,star_sign,attention,0.0001,1e-05,2.37068,1.0,3975
68,0,star_sign,shuffled,0.01,0.0001,2.56772,0.22239,3975
68,4,age_bin,ema_lr1e-3,0.001,0.0001,1.44122,0.42088,3975
68,4,age_bin,ema_lr5e-3,0.005,0.0001,1.22637,0.41384,3975
68,4,age_bin,ema_lr1e-2,0.01,0.0001,0.86026,0.6156,3975
68,4,age_bin,ema_lr5e-2,0.05,0.0001,0.26855,0.98868,3975
68,4,age_bin,ema_lr1e-2_wd1e-3,0.01,0.001,0.87024,0.60704,3975
68,4,age_bin,ema_d0.99,0.01,0.0001,0.97963,0.54969,3975
68,4,age_bin,ema_d0.9999,0.01,0.0001,0.98775,0.52453,3975
68,4,age_bin,mlp_h16,0.001,0.0,0.14521,1.0,3975
68,4,age_bin,mlp_h32,0.001,0.0,0.08267,1.0,3975
68,4,age_bin,mlp_h64,0.001,0.0,0.02561,1.0,3975
68,4,age_bin,mlp_h128,0.001,0.0,0.0121,1.0,3975
68,4,age_bin,attention,0.0001,1e-05,0.13394,1.0,3975
68,4,age_bin,shuffled,0.01,0.0001,0.8939,0.54868,3975
68,4,gender,ema_lr1e-3,0.001,0.0001,0.97798,0.49283,3975
68,4,gender,ema_lr5e-3,0.005,0.0001,0.91315,0.48906,3975
68,4,gender,ema_lr1e-2,0.01,0.0001,0.86795,0.49585,3975
68,4,gender,ema_lr5e-2,0.05,0.0001,0.72858,0.50138,3975
68,4,gender,ema_lr1e-2_wd1e-3,0.01,0.001,0.83222,0.49535,3975
68,4,gender,ema_d0.99,0.01,0.0001,0.83126,0.48654,3975
68,4,gender,ema_d0.9999,0.01,0.0001,0.80979,0.51874,3975
68,4,gender,mlp_h16,0.001,0.0,0.69519,0.49132,3975
68,4,gender,mlp_h32,0.001,0.0,0.69524,0.50314,3975
68,4,gender,mlp_h64,0.001,0.0,0.69379,0.50692,3975
68,4,gender,mlp_h128,0.001,0.0,0.69121,0.52302,3975
68,4,gender,attention,0.0001,1e-05,0.69028,0.57031,3975
68,4,gender,shuffled,0.01,0.0001,0.82372,0.50189,3975
68,4,star_sign,ema_lr1e-3,0.001,0.0001,3.07224,0.13031,3975
68,4,star_sign,ema_lr5e-3,0.005,0.0001,2.66049,0.13509,3975
68,4,star_sign,ema_lr1e-2,0.01,0.0001,2.45223,0.21333,3975
68,4,star_sign,ema_lr5e-2,0.05,0.0001,0.7092,0.96704,3975
68,4,star_sign,ema_lr1e-2_wd1e-3,0.01,0.001,2.37609,0.22189,3975
68,4,star_sign,ema_d0.99,0.01,0.0001,2.42948,0.22642,3975
68,4,star_sign,ema_d0.9999,0.01,0.0001,2.2907,0.22616,3975
68,4,star_sign,mlp_h16,0.001,0.0,1.6668,0.94717,3975
68,4,star_sign,mlp_h32,0.001,0.0,0.25181,1.0,3975
68,4,star_sign,mlp_h64,0.001,0.0,0.10647,1.0,3975
68,4,star_sign,mlp_h128,0.001,0.0,0.0225,1.0,3975
68,4,star_sign,attention,0.0001,1e-05,2.04155,1.0,3975
68,4,star_sign,shuffled,0.01,0.0001,2.31164,0.23296,3975
68,6,age_bin,ema_lr1e-3,0.001,0.0001,1.59199,0.32981,3975
68,6,age_bin,ema_lr5e-3,0.005,0.0001,1.25747,0.40528,3975
68,6,age_bin,ema_lr1e-2,0.01,0.0001,1.0142,0.51648,3975
68,6,age_bin,ema_lr5e-2,0.05,0.0001,0.26047,0.9917,3975
68,6,age_bin,ema_lr1e-2_wd1e-3,0.01,0.001,1.01696,0.52704,3975
68,6,age_bin,ema_d0.99,0.01,0.0001,1.01172,0.54692,3975
68,6,age_bin,ema_d0.9999,0.01,0.0001,1.01531,0.51447,3975
68,6,age_bin,mlp_h16,0.001,0.0,0.25611,0.99975,3975
68,6,age_bin,mlp_h32,0.001,0.0,0.14474,1.0,3975
68,6,age_bin,mlp_h64,0.001,0.0,0.04032,1.0,3975
68,6,age_bin,mlp_h128,0.001,0.0,0.0145,1.0,3975
68,6,age_bin,attention,0.0001,1e-05,0.05454,0.99219,3975
68,6,age_bin,shuffled,0.01,0.0001,1.06703,0.47698,3975
68,6,gender,ema_lr1e-3,0.001,0.0001,1.00237,0.51421,3975
68,6,gender,ema_lr5e-3,0.005,0.0001,0.9866,0.47774,3975
68,6,gender,ema_lr1e-2,0.01,0.0001,0.8963,0.50365,3975
68,6,gender,ema_lr5e-2,0.05,0.0001,0.73897,0.47623,3975
68,6,gender,ema_lr1e-2_wd1e-3,0.01,0.001,0.90268,0.48755,3975
68,6,gender,ema_d0.99,0.01,0.0001,0.93112,0.47094,3975
68,6,gender,ema_d0.9999,0.01,0.0001,0.90845,0.49182,3975
68,6,gender,mlp_h16,0.001,0.0,0.69218,0.52579,3975
68,6,gender,mlp_h32,0.001,0.0,0.6847,0.55648,3975
68,6,gender,mlp_h64,0.001,0.0,0.68869,0.53258,3975
68,6,gender,mlp_h128,0.001,0.0,0.68573,0.53987,3975
68,6,gender,attention,0.0001,1e-05,1.60887,0.46094,3975
68,6,gender,shuffled,0.01,0.0001,0.89021,0.50063,3975
68,6,star_sign,ema_lr1e-3,0.001,0.0001,3.03262,0.12226,3975
68,6,star_sign,ema_lr5e-3,0.005,0.0001,2.7777,0.14918,3975
68,6,star_sign,ema_lr1e-2,0.01,0.0001,2.44066,0.2,3975
68,6,star_sign,ema_lr5e-2,0.05,0.0001,0.80688,0.90868,3975
68,6,star_sign,ema_lr1e-2_wd1e-3,0.01,0.001,2.46406,0.17686,3975
68,6,star_sign,ema_d0.99,0.01,0.0001,2.56205,0.20075,3975
68,6,star_sign,ema_d0.9999,0.01,0.0001,2.58277,0.17107,3975
68,6,star_sign,mlp_h16,0.001,0.0,1.24711,0.93987,3975
68,6,star_sign,mlp_h32,0.001,0.0,0.33349,1.0,3975
68,6,star_sign,mlp_h64,0.001,0.0,0.12028,1.0,3975
68,6,star_sign,mlp_h128,0.001,0.0,0.02639,1.0,3975
68,6,star_sign,attention,0.0001,1e-05,0.66104,0.92969,3975
68,6,star_sign,shuffled,0.01,0.0001,2.51886,0.1839,3975
69,0,age_bin,ema_lr1e-3,0.001,0.0001,1.46879,0.38318,4220
69,0,age_bin,ema_lr5e-3,0.005,0.0001,1.27719,0.45924,4220
69,0,age_bin,ema_lr1e-2,0.01,0.0001,1.01814,0.55166,4220
69,0,age_bin,ema_lr5e-2,0.05,0.0001,0.26693,0.98341,4220
69,0,age_bin,ema_lr1e-2_wd1e-3,0.01,0.001,1.02788,0.49147,4220
69,0,age_bin,ema_d0.99,0.01,0.0001,1.06123,0.55237,4220
69,0,age_bin,ema_d0.9999,0.01,0.0001,1.02008,0.59787,4220
69,0,age_bin,mlp_h16,0.001,0.0,0.33333,0.99834,4220
69,0,age_bin,mlp_h32,0.001,0.0,0.15243,1.0,4220
69,0,age_bin,mlp_h64,0.001,0.0,0.03639,1.0,4220
69,0,age_bin,mlp_h128,0.001,0.0,0.01324,1.0,4220
69,0,age_bin,attention,0.0001,1e-05,1.01919,1.0,4220
69,0,age_bin,shuffled,0.01,0.0001,0.96747,0.58199,4220
69,0,gender,ema_lr1e-3,0.001,0.0001,1.08542,0.49242,4220
69,0,gender,ema_lr5e-3,0.005,0.0001,0.98287,0.49076,4220
69,0,gender,ema_lr1e-2,0.01,0.0001,0.91834,0.49597,4220
69,0,gender,ema_lr5e-2,0.05,0.0001,0.74313,0.47654,4220
69,0,gender,ema_lr1e-2_wd1e-3,0.01,0.001,0.94236,0.4981,4220
69,0,gender,ema_d0.99,0.01,0.0001,0.91755,0.49265,4220
69,0,gender,ema_d0.9999,0.01,0.0001,0.94229,0.49953,4220
69,0,gender,mlp_h16,0.001,0.0,0.69762,0.47204,4220
69,0,gender,mlp_h32,0.001,0.0,0.69801,0.46422,4220
69,0,gender,mlp_h64,0.001,0.0,0.69921,0.45948,4220
69,0,gender,mlp_h128,0.001,0.0,0.7048,0.44265,4220
69,0,gender,attention,0.0001,1e-05,0.69343,0.45312,4220
69,0,gender,shuffled,0.01,0.0001,0.93701,0.49763,4220
69,0,star_sign,ema_lr1e-3,0.001,0.0001,3.14917,0.14834,4220
69,0,star_sign,ema_lr5e-3,0.005,0.0001,2.8299,0.16232,4220
69,0,star_sign,ema_lr1e-2,0.01,0.0001,2.47668,0.18791,4220
69,0,star_sign,ema_lr5e-2,0.05,0.0001,0.79402,0.90261,4220
69,0,star_sign,ema_lr1e-2_wd1e-3,0.01,0.001,2.52892,0.18152,4220
69,0,star_sign,ema_d0.99,0.01,0.0001,2.52577,0.17962,4220
69,0,star_sign,ema_d0.9999,0.01,0.0001,2.4869,0.24336,4220
69,0,star_sign,mlp_h16,0.001,0.0,0.62005,1.0,4220
69,0,star_sign,mlp_h32,0.001,0.0,0.42499,1.0,4220
69,0,star_sign,mlp_h64,0.001,0.0,0.14359,1.0,4220
69,0,star_sign,mlp_h128,0.001,0.0,0.02901,1.0,4220
69,0,star_sign,attention,0.0001,1e-05,2.36927,1.0,4220
69,0,star_sign,shuffled,0.01,0.0001,2.55919,0.22938,4220
69,4,age_bin,ema_lr1e-3,0.001,0.0001,1.4195,0.41919,4220
69,4,age_bin,ema_lr5e-3,0.005,0.0001,1.16284,0.44858,4220
69,4,age_bin,ema_lr1e-2,0.01,0.0001,0.89896,0.59052,4220
69,4,age_bin,ema_lr5e-2,0.05,0.0001,0.26924,0.99242,4220
69,4,age_bin,ema_lr1e-2_wd1e-3,0.01,0.001,0.92769,0.56398,4220
69,4,age_bin,ema_d0.99,0.01,0.0001,0.96732,0.55379,4220
69,4,age_bin,ema_d0.9999,0.01,0.0001,0.91829,0.56256,4220
69,4,age_bin,mlp_h16,0.001,0.0,0.14209,1.0,4220
69,4,age_bin,mlp_h32,0.001,0.0,0.07854,1.0,4220
69,4,age_bin,mlp_h64,0.001,0.0,0.02409,1.0,4220
69,4,age_bin,mlp_h128,0.001,0.0,0.01181,1.0,4220
69,4,age_bin,attention,0.0001,1e-05,0.13588,1.0,4220
69,4,age_bin,shuffled,0.01,0.0001,0.92587,0.53389,4220
69,4,gender,ema_lr1e-3,0.001,0.0001,0.96484,0.4981,4220
69,4,gender,ema_lr5e-3,0.005,0.0001,0.88994,0.49739,4220
69,4,gender,ema_lr1e-2,0.01,0.0001,0.85655,0.49976,4220
69,4,gender,ema_lr5e-2,0.05,0.0001,0.73258,0.49479,4220
69,4,gender,ema_lr1e-2_wd1e-3,0.01,0.001,0.81046,0.51872,4220
69,4,gender,ema_d0.99,0.01,0.0001,0.80507,0.50427,4220
69,4,gender,ema_d0.9999,0.01,0.0001,0.80835,0.51943,4220
69,4,gender,mlp_h16,0.001,0.0,0.69814,0.48531,4220
69,4,gender,mlp_h32,0.001,0.0,0.69913,0.49005,4220
69,4,gender,mlp_h64,0.001,0.0,0.70222,0.47299,4220
69,4,gender,mlp_h128,0.001,0.0,0.70579,0.46825,4220
69,4,gender,attention,0.0001,1e-05,0.69155,0.51562,4220
69,4,gender,shuffled,0.01,0.0001,0.81887,0.48555,4220
69,4,star_sign,ema_lr1e-3,0.001,0.0001,3.10114,0.11445,4220
69,4,star_sign,ema_lr5e-3,0.005,0.0001,2.70412,0.12062,4220
69,4,star_sign,ema_lr1e-2,0.01,0.0001,2.32171,0.25166,4220
69,4,star_sign,ema_lr5e-2,0.05,0.0001,0.70632,0.96754,4220
69,4,star_sign,ema_lr1e-2_wd1e-3,0.01,0.001,2.31372,0.23981,4220
69,4,star_sign,ema_d0.99,0.01,0.0001,2.36735,0.2455,4220
69,4,star_sign,ema_d0.9999,0.01,0.0001,2.32318,0.22536,4220
69,4,star_sign,mlp_h16,0.001,0.0,1.64898,0.96185,4220
69,4,star_sign,mlp_h32,0.001,0.0,0.22824,1.0,4220
69,4,star_sign,mlp_h64,0.001,0.0,0.09917,1.0,4220
69,4,star_sign,mlp_h128,0.001,0.0,0.02131,1.0,4220
69,4,star_sign,attention,0.0001,1e-05,2.04275,1.0,4220
69,4,star_sign,shuffled,0.01,0.0001,2.33536,0.21232,4220
69,6,age_bin,ema_lr1e-3,0.001,0.0001,1.68965,0.29455,4220
69,6,age_bin,ema_lr5e-3,0.005,0.0001,1.25453,0.40592,4220
69,6,age_bin,ema_lr1e-2,0.01,0.0001,1.00884,0.5237,4220
69,6,age_bin,ema_lr5e-2,0.05,0.0001,0.26048,0.99242,4220
69,6,age_bin,ema_lr1e-2_wd1e-3,0.01,0.001,1.02011,0.52156,4220
69,6,age_bin,ema_d0.99,0.01,0.0001,0.99663,0.55427,4220
69,6,age_bin,ema_d0.9999,0.01,0.0001,0.98231,0.54076,4220
69,6,age_bin,mlp_h16,0.001,0.0,0.25249,0.99953,4220
69,6,age_bin,mlp_h32,0.001,0.0,0.13496,1.0,4220
69,6,age_bin,mlp_h64,0.001,0.0,0.03783,1.0,4220
69,6,age_bin,mlp_h128,0.001,0.0,0.01361,1.0,4220
69,6,age_bin,attention,0.0001,1e-05,0.00371,1.0,4220
69,6,age_bin,shuffled,0.01,0.0001,0.98737,0.52133,4220
69,6,gender,ema_lr1e-3,0.001,0.0001,1.01687,0.52062,4220
69,6,gender,ema_lr5e-3,0.005,0.0001,0.97431,0.48081,4220
69,6,gender,ema_lr1e-2,0.01,0.0001,0.8383,0.53009,4220
69,6,gender,ema_lr5e-2,0.05,0.0001,0.74194,0.47251,4220
69,6,gender,ema_lr1e-2_wd1e-3,0.01,0.001,0.86254,0.49716,4220
69,6,gender,ema_d0.99,0.01,0.0001,0.88581,0.48128,4220
69,6,gender,ema_d0.9999,0.01,0.0001,0.88293,0.50569,4220
69,6,gender,mlp_h16,0.001,0.0,0.69836,0.49763,4220
69,6,gender,mlp_h32,0.001,0.0,0.70289,0.46825,4220
69,6,gender,mlp_h64,0.001,0.0,0.70566,0.47441,4220
69,6,gender,mlp_h128,0.001,0.0,0.71259,0.45332,4220
69,6,gender,attention,0.0001,1e-05,1.71378,0.48438,4220
69,6,gender,shuffled,0.01,0.0001,0.88948,0.50284,4220
69,6,star_sign,ema_lr1e-3,0.001,0.0001,3.11125,0.08957,4220
69,6,star_sign,ema_lr5e-3,0.005,0.0001,2.83289,0.14929,4220
69,6,star_sign,ema_lr1e-2,0.01,0.0001,2.58709,0.16422,4220
69,6,star_sign,ema_lr5e-2,0.05,0.0001,0.76957,0.92559,4220
69,6,star_sign,ema_lr1e-2_wd1e-3,0.01,0.001,2.43394,0.17749,4220
69,6,star_sign,ema_d0.99,0.01,0.0001,2.57744,0.16967,4220
69,6,star_sign,ema_d0.9999,0.01,0.0001,2.47361,0.19384,4220
69,6,star_sign,mlp_h16,0.001,0.0,1.23593,0.93602,4220
69,6,star_sign,mlp_h32,0.001,0.0,0.30299,1.0,4220
69,6,star_sign,mlp_h64,0.001,0.0,0.10784,1.0,4220
69,6,star_sign,mlp_h128,0.001,0.0,0.02468,1.0,4220
69,6,star_sign,attention,0.0001,1e-05,0.69132,0.89062,4220
69,6,star_sign,shuffled,0.01,0.0001,2.46533,0.19289,4220
70,0,age_bin,ema_lr1e-3,0.001,0.0001,1.47818,0.38527,4493
70,0,age_bin,ema_lr5e-3,0.005,0.0001,1.29659,0.45115,4493
70,0,age_bin,ema_lr1e-2,0.01,0.0001,0.98639,0.57133,4493
70,0,age_bin,ema_lr5e-2,0.05,0.0001,0.26679,0.98108,4493
70,0,age_bin,ema_lr1e-2_wd1e-3,0.01,0.001,1.01152,0.501,4493
70,0,age_bin,ema_d0.99,0.01,0.0001,1.05329,0.54641,4493
70,0,age_bin,ema_d0.9999,0.01,0.0001,1.03232,0.58825,4493
70,0,age_bin,mlp_h16,0.001,0.0,0.32409,0.998,4493
70,0,age_bin,mlp_h32,0.001,0.0,0.14383,1.0,4493
70,0,age_bin,mlp_h64,0.001,0.0,0.03525,1.0,4493
70,0,age_bin,mlp_h128,0.001,0.0,0.01287,1.0,4493
70,0,age_bin,attention,0.0001,1e-05,1.01755,1.0,4493
70,0,age_bin,shuffled,0.01,0.0001,0.97905,0.5789,4493
70,0,gender,ema_lr1e-3,0.001,0.0001,1.03469,0.51213,4493
70,0,gender,ema_lr5e-3,0.005,0.0001,0.96523,0.50657,4493
70,0,gender,ema_lr1e-2,0.01,0.0001,0.88433,0.50122,4493
70,0,gender,ema_lr5e-2,0.05,0.0001,0.72885,0.52504,4493
70,0,gender,ema_lr1e-2_wd1e-3,0.01,0.001,0.94033,0.50434,4493
70,0,gender,ema_d0.99,0.01,0.0001,0.9221,0.50901,4493
70,0,gender,ema_d0.9999,0.01,0.0001,0.93671,0.50479,4493
70,0,gender,mlp_h16,0.001,0.0,0.6909,0.55019,4493
70,0,gender,mlp_h32,0.001,0.0,0.6893,0.55842,4493
70,0,gender,mlp_h64,0.001,0.0,0.68733,0.57267,4493
70,0,gender,mlp_h128,0.001,0.0,0.68268,0.58357,4493
70,0,gender,attention,0.0001,1e-05,0.69327,0.42969,4493
70,0,gender,shuffled,0.01,0.0001,0.91154,0.49588,4493
70,0,star_sign,ema_lr1e-3,0.001,0.0001,3.12826,0.15847,4493
70,0,star_sign,ema_lr5e-3,0.005,0.0001,2.83591,0.16069,4493
70,0,star_sign,ema_lr1e-2,0.01,0.0001,2.46022,0.18206,4493
70,0,star_sign,ema_lr5e-2,0.05,0.0001,0.77128,0.90741,4493
70,0,star_sign,ema_lr1e-2_wd1e-3,0.01,0.001,2.50876,0.18673,4493
70,0,star_sign,ema_d0.99,0.01,0.0001,2.50755,0.17561,4493
70,0,star_sign,ema_d0.9999,0.01,0.0001,2.44668,0.26196,4493
70,0,star_sign,mlp_h16,0.001,0.0,0.61502,1.0,4493
70,0,star_sign,mlp_h32,0.001,0.0,0.40337,1.0,4493
70,0,star_sign,mlp_h64,0.001,0.0,0.1364,1.0,4493
70,0,star_sign,mlp_h128,0.001,0.0,0.02841,1.0,4493
70,0,star_sign,attention,0.0001,1e-05,2.36712,1.0,4493
70,0,star_sign,shuffled,0.01,0.0001,2.51463,0.22769,4493
70,4,age_bin,ema_lr1e-3,0.001,0.0001,1.36767,0.44046,4493
70,4,age_bin,ema_lr5e-3,0.005,0.0001,1.18861,0.43201,4493
70,4,age_bin,ema_lr1e-2,0.01,0.0001,0.88703,0.58981,4493
70,4,age_bin,ema_lr5e-2,0.05,0.0001,0.26257,0.99132,4493
70,4,age_bin,ema_lr1e-2_wd1e-3,0.01,0.001,0.91459,0.57534,4493
70,4,age_bin,ema_d0.99,0.01,0.0001,0.92388,0.57467,4493
70,4,age_bin,ema_d0.9999,0.01,0.0001,0.92766,0.55175,4493
70,4,age_bin,mlp_h16,0.001,0.0,0.13651,1.0,4493
70,4,age_bin,mlp_h32,0.001,0.0,0.07585,1.0,4493
70,4,age_bin,mlp_h64,0.001,0.0,0.0231,1.0,4493
70,4,age_bin,mlp_h128,0.001,0.0,0.01134,1.0,4493
70,4,age_bin,attention,0.0001,1e-05,0.13632,1.0,4493
70,4,age_bin,shuffled,0.01,0.0001,0.92654,0.53172,4493
70,4,gender,ema_lr1e-3,0.001,0.0001,0.92687,0.52637,4493
70,4,gender,ema_lr5e-3,0.005,0.0001,0.88812,0.50924,4493
70,4,gender,ema_lr1e-2,0.01,0.0001,0.8617,0.49388,4493
70,4,gender,ema_lr5e-2,0.05,0.0001,0.72937,0.49366,4493
70,4,gender,ema_lr1e-2_wd1e-3,0.01,0.001,0.86085,0.46851,4493
70,4,gender,ema_d0.99,0.01,0.0001,0.80577,0.503,4493
70,4,gender,ema_d0.9999,0.01,0.0001,0.80839,0.51079,4493
70,4,gender,mlp_h16,0.001,0.0,0.69023,0.52326,4493
70,4,gender,mlp_h32,0.001,0.0,0.68958,0.54373,4493
70,4,gender,mlp_h64,0.001,0.0,0.68493,0.56488,4493
70,4,gender,mlp_h128,0.001,0.0,0.68279,0.57022,4493
70,4,gender,attention,0.0001,1e-05,0.69141,0.5625,4493
70,4,gender,shuffled,0.01,0.0001,0.81278,0.51035,4493
70,4,star_sign,ema_lr1e-3,0.001,0.0001,3.08774,0.12108,4493
70,4,star_sign,ema_lr5e-3,0.005,0.0001,2.62369,0.13577,4493
70,4,star_sign,ema_lr1e-2,0.01,0.0001,2.40682,0.21322,4493
70,4,star_sign,ema_lr5e-2,0.05,0.0001,0.68337,0.97507,4493
70,4,star_sign,ema_lr1e-2_wd1e-3,0.01,0.001,2.34901,0.24304,4493
70,4,star_sign,ema_d0.99,0.01,0.0001,2.37364,0.25083,4493
70,4,star_sign,ema_d0.9999,0.01,0.0001,2.28518,0.23058,4493
70,4,star_sign,mlp_h16,0.001,0.0,1.60766,0.96595,4493
70,4,star_sign,mlp_h32,0.001,0.0,0.2165,1.0,4493
70,4,star_sign,mlp_h64,0.001,0.0,0.09321,1.0,4493
70,4,star_sign,mlp_h128,0.001,0.0,0.02041,1.0,4493
70,4,star_sign,attention,0.0001,1e-05,2.03237,1.0,4493
70,4,star_sign,shuffled,0.01,0.0001,2.27021,0.23993,4493
70,6,age_bin,ema_lr1e-3,0.001,0.0001,1.63576,0.31627,4493
70,6,age_bin,ema_lr5e-3,0.005,0.0001,1.28414,0.41398,4493
70,6,age_bin,ema_lr1e-2,0.01,0.0001,1.0182,0.51213,4493
70,6,age_bin,ema_lr5e-2,0.05,0.0001,0.25231,0.99266,4493
70,6,age_bin,ema_lr1e-2_wd1e-3,0.01,0.001,0.98936,0.53928,4493
70,6,age_bin,ema_d0.99,0.01,0.0001,1.01529,0.53817,4493
70,6,age_bin,ema_d0.9999,0.01,0.0001,1.0618,0.49833,4493
70,6,age_bin,mlp_h16,0.001,0.0,0.24564,0.99955,4493
70,6,age_bin,mlp_h32,0.001,0.0,0.13454,1.0,4493
70,6,age_bin,mlp_h64,0.001,0.0,0.03588,1.0,4493
70,6,age_bin,mlp_h128,0.001,0.0,0.0131,1.0,4493
70,6,age_bin,attention,0.0001,1e-05,2e-05,1.0,4493
70,6,age_bin,shuffled,0.01,0.0001,0.99805,0.51391,4493
70,6,gender,ema_lr1e-3,0.001,0.0001,1.0428,0.49922,4493
70,6,gender,ema_lr5e-3,0.005,0.0001,0.93601,0.51057,4493
70,6,gender,ema_lr1e-2,0.01,0.0001,0.83979,0.52905,4493
70,6,gender,ema_lr5e-2,0.05,0.0001,0.70914,0.51858,4493
70,6,gender,ema_lr1e-2_wd1e-3,0.01,0.001,0.89696,0.48564,4493
70,6,gender,ema_d0.99,0.01,0.0001,0.90332,0.49343,4493
70,6,gender,ema_d0.9999,0.01,0.0001,0.93539,0.48653,4493
70,6,gender,mlp_h16,0.001,0.0,0.68656,0.54262,4493
70,6,gender,mlp_h32,0.001,0.0,0.6861,0.54841,4493
70,6,gender,mlp_h64,0.001,0.0,0.6814,0.56911,4493
70,6,gender,mlp_h128,0.001,0.0,0.68065,0.58491,4493
70,6,gender,attention,0.0001,1e-05,1.955,0.42969,4493
70,6,gender,shuffled,0.01,0.0001,0.86576,0.49655,4493
70,6,star_sign,ema_lr1e-3,0.001,0.0001,3.03082,0.1124,4493
70,6,star_sign,ema_lr5e-3,0.005,0.0001,2.89239,0.15246,4493
70,6,star_sign,ema_lr1e-2,0.01,0.0001,2.54391,0.17093,4493
70,6,star_sign,ema_lr5e-2,0.05,0.0001,0.73506,0.93434,4493
70,6,star_sign,ema_lr1e-2_wd1e-3,0.01,0.001,2.50119,0.17227,4493
70,6,star_sign,ema_d0.99,0.01,0.0001,2.56512,0.17205,4493
70,6,star_sign,ema_d0.9999,0.01,0.0001,2.47877,0.19564,4493
70,6,star_sign,mlp_h16,0.001,0.0,1.22272,0.93167,4493
70,6,star_sign,mlp_h32,0.001,0.0,0.29515,1.0,4493
70,6,star_sign,mlp_h64,0.001,0.0,0.10421,1.0,4493
70,6,star_sign,mlp_h128,0.001,0.0,0.02374,1.0,4493
70,6,star_sign,attention,0.0001,1e-05,0.49659,0.90625,4493
70,6,star_sign,shuffled,0.01,0.0001,2.38691,0.21166,4493
71,0,age_bin,ema_lr1e-3,0.001,0.0001,1.48321,0.38382,4239
71,0,age_bin,ema_lr5e-3,0.005,0.0001,1.28072,0.45931,4239
71,0,age_bin,ema_lr1e-2,0.01,0.0001,1.00088,0.55343,4239
71,0,age_bin,ema_lr5e-2,0.05,0.0001,0.25877,0.9875,4239
71,0,age_bin,ema_lr1e-2_wd1e-3,0.01,0.001,1.02247,0.49422,4239
71,0,age_bin,ema_d0.99,0.01,0.0001,1.05086,0.55744,4239
71,0,age_bin,ema_d0.9999,0.01,0.0001,1.03577,0.58174,4239
71,0,age_bin,mlp_h16,0.001,0.0,0.31571,0.99811,4239
71,0,age_bin,mlp_h32,0.001,0.0,0.14002,1.0,4239
71,0,age_bin,mlp_h64,0.001,0.0,0.03392,1.0,4239
71,0,age_bin,mlp_h128,0.001,0.0,0.01255,1.0,4239
71,0,age_bin,attention,0.0001,1e-05,1.01657,1.0,4239
71,0,age_bin,shuffled,0.01,0.0001,0.95772,0.58622,4239
71,0,gender,ema_lr1e-3,0.001,0.0001,1.07966,0.48809,4239
71,0,gender,ema_lr5e-3,0.005,0.0001,0.9599,0.50625,4239
71,0,gender,ema_lr1e-2,0.01,0.0001,0.8919,0.50696,4239
71,0,gender,ema_lr5e-2,0.05,0.0001,0.73919,0.48408,4239
71,0,gender,ema_lr1e-2_wd1e-3,0.01,0.001,0.92225,0.50507,4239
71,0,gender,ema_d0.99,0.01,0.0001,0.91752,0.49398,4239
71,0,gender,ema_d0.9999,0.01,0.0001,0.95106,0.48502,4239
71,0,gender,mlp_h16,0.001,0.0,0.69774,0.47771,4239
71,0,gender,mlp_h32,0.001,0.0,0.69911,0.47747,4239
71,0,gender,mlp_h64,0.001,0.0,0.7011,0.44893,4239
71,0,gender,mlp_h128,0.001,0.0,0.70318,0.44822,4239
71,0,gender,attention,0.0001,1e-05,0.69246,0.54688,4239
71,0,gender,shuffled,0.01,0.0001,0.91957,0.50861,4239
71,0,star_sign,ema_lr1e-3,0.001,0.0001,3.11853,0.15806,4239
71,0,star_sign,ema_lr5e-3,0.005,0.0001,2.82677,0.16419,4239
71,0,star_sign,ema_lr1e-2,0.01,0.0001,2.4537,0.20288,4239
71,0,star_sign,ema_lr5e-2,0.05,0.0001,0.7601,0.91154,4239
71,0,star_sign,ema_lr1e-2_wd1e-3,0.01,0.001,2.4952,0.19556,4239
71,0,star_sign,ema_d0.99,0.01,0.0001,2.49772,0.18967,4239
71,0,star_sign,ema_d0.9999,0.01,0.0001,2.47577,0.25761,4239
71,0,star_sign,mlp_h16,0.001,0.0,0.58867,1.0,4239
71,0,star_sign,mlp_h32,0.001,0.0,0.38992,1.0,4239
71,0,star_sign,mlp_h64,0.001,0.0,0.12948,1.0,4239
71,0,star_sign,mlp_h128,0.001,0.0,0.02767,1.0,4239
71,0,star_sign,attention,0.0001,1e-05,2.36684,1.0,4239
71,0,star_sign,shuffled,0.01,0.0001,2.51346,0.22906,4239
71,4,age_bin,ema_lr1e-3,0.001,0.0001,1.40061,0.42958,4239
71,4,age_bin,ema_lr5e-3,0.005,0.0001,1.13993,0.44751,4239
71,4,age_bin,ema_lr1e-2,0.01,0.0001,0.89526,0.58386,4239
71,4,age_bin,ema_lr5e-2,0.05,0.0001,0.25809,0.9908,4239
71,4,age_bin,ema_lr1e-2_wd1e-3,0.01,0.001,0.92267,0.57089,4239
71,4,age_bin,ema_d0.99,0.01,0.0001,0.92872,0.56664,4239
71,4,age_bin,ema_d0.9999,0.01,0.0001,0.90635,0.56853,4239
71,4,age_bin,mlp_h16,0.001,0.0,0.13425,1.0,4239
71,4,age_bin,mlp_h32,0.001,0.0,0.0724,1.0,4239
71,4,age_bin,mlp_h64,0.001,0.0,0.02235,1.0,4239
71,4,age_bin,mlp_h128,0.001,0.0,0.01101,1.0,4239
71,4,age_bin,attention,0.0001,1e-05,0.10712,1.0,4239
71,4,age_bin,shuffled,0.01,0.0001,0.91442,0.53763,4239
71,4,gender,ema_lr1e-3,0.001,0.0001,0.96195,0.49894,4239
71,4,gender,ema_lr5e-3,0.005,0.0001,0.8887,0.50201,4239
71,4,gender,ema_lr1e-2,0.01,0.0001,0.87318,0.48809,4239
71,4,gender,ema_lr5e-2,0.05,0.0001,0.73655,0.48761,4239
71,4,gender,ema_lr1e-2_wd1e-3,0.01,0.001,0.81941,0.51144,4239
71,4,gender,ema_d0.99,0.01,0.0001,0.789,0.52017,4239
71,4,gender,ema_d0.9999,0.01,0.0001,0.85732,0.46945,4239
71,4,gender,mlp_h16,0.001,0.0,0.69768,0.48644,4239
71,4,gender,mlp_h32,0.001,0.0,0.7037,0.45954,4239
71,4,gender,mlp_h64,0.001,0.0,0.70201,0.46284,4239
71,4,gender,mlp_h128,0.001,0.0,0.7044,0.46945,4239
71,4,gender,attention,0.0001,1e-05,0.69931,0.41406,4239
71,4,gender,shuffled,0.01,0.0001,0.82294,0.50767,4239
71,4,star_sign,ema_lr1e-3,0.001,0.0001,3.12663,0.11017,4239
71,4,star_sign,ema_lr5e-3,0.005,0.0001,2.69967,0.11394,4239
71,4,star_sign,ema_lr1e-2,0.01,0.0001,2.33462,0.24275,4239
71,4,star_sign,ema_lr5e-2,0.05,0.0001,0.68561,0.97358,4239
71,4,star_sign,ema_lr1e-2_wd1e-3,0.01,0.001,2.36715,0.22977,4239
71,4,star_sign,ema_d0.99,0.01,0.0001,2.35783,0.2444,4239
71,4,star_sign,ema_d0.9999,0.01,0.0001,2.303,0.23048,4239
71,4,star_sign,mlp_h16,0.001,0.0,1.58759,0.97381,4239
71,4,star_sign,mlp_h32,0.001,0.0,0.20313,1.0,4239
71,4,star_sign,mlp_h64,0.001,0.0,0.08694,1.0,4239
71,4,star_sign,mlp_h128,0.001,0.0,0.01918,1.0,4239
71,4,star_sign,attention,0.0001,1e-05,2.03063,1.0,4239
71,4,star_sign,shuffled,0.01,0.0001,2.31327,0.21868,4239
71,6,age_bin,ema_lr1e-3,0.001,0.0001,1.69049,0.30691,4239
71,6,age_bin,ema_lr5e-3,0.005,0.0001,1.29096,0.39113,4239
71,6,age_bin,ema_lr1e-2,0.01,0.0001,1.04873,0.51026,4239
71,6,age_bin,ema_lr5e-2,0.05,0.0001,0.25276,0.99222,4239
71,6,age_bin,ema_lr1e-2_wd1e-3,0.01,0.001,0.98663,0.54187,4239
71,6,age_bin,ema_d0.99,0.01,0.0001,0.99591,0.5539,4239
71,6,age_bin,ema_d0.9999,0.01,0.0001,0.96244,0.55178,4239
71,6,age_bin,mlp_h16,0.001,0.0,0.22816,1.0,4239
71,6,age_bin,mlp_h32,0.001,0.0,0.12482,1.0,4239
71,6,age_bin,mlp_h64,0.001,0.0,0.03382,1.0,4239
71,6,age_bin,mlp_h128,0.001,0.0,0.01244,1.0,4239
71,6,age_bin,attention,0.0001,1e-05,1e-05,1.0,4239
71,6,age_bin,shuffled,0.01,0.0001,0.92777,0.55933,4239
71,6,gender,ema_lr1e-3,0.001,0.0001,1.06801,0.49328,4239
71,6,gender,ema_lr5e-3,0.005,0.0001,0.84072,0.54565,4239
71,6,gender,ema_lr1e-2,0.01,0.0001,0.93295,0.477,4239
71,6,gender,ema_lr5e-2,0.05,0.0001,0.72597,0.50767,4239
71,6,gender,ema_lr1e-2_wd1e-3,0.01,0.001,0.87751,0.49682,4239
71,6,gender,ema_d0.99,0.01,0.0001,0.91475,0.4803,4239
71,6,gender,ema_d0.9999,0.01,0.0001,0.90544,0.49068,4239
71,6,gender,mlp_h16,0.001,0.0,0.69781,0.50295,4239
71,6,gender,mlp_h32,0.001,0.0,0.70038,0.4895,4239
71,6,gender,mlp_h64,0.001,0.0,0.7006,0.48927,4239
71,6,gender,mlp_h128,0.001,0.0,0.70294,0.47936,4239
71,6,gender,attention,0.0001,1e-05,1.42644,0.57031,4239
71,6,gender,shuffled,0.01,0.0001,0.91128,0.48714,4239
71,6,star_sign,ema_lr1e-3,0.001,0.0001,3.184,0.08894,4239
71,6,star_sign,ema_lr5e-3,0.005,0.0001,2.83301,0.15499,4239
71,6,star_sign,ema_lr1e-2,0.01,0.0001,2.49988,0.17079,4239
71,6,star_sign,ema_lr5e-2,0.05,0.0001,0.73908,0.93182,4239
71,6,star_sign,ema_lr1e-2_wd1e-3,0.01,0.001,2.43114,0.18424,4239
71,6,star_sign,ema_d0.99,0.01,0.0001,2.52586,0.17882,4239
71,6,star_sign,ema_d0.9999,0.01,0.0001,2.47697,0.1984,4239
71,6,star_sign,mlp_h16,0.001,0.0,1.14472,0.94739,4239
71,6,star_sign,mlp_h32,0.001,0.0,0.26604,1.0,4239
71,6,star_sign,mlp_h64,0.001,0.0,0.09386,1.0,4239
71,6,star_sign,mlp_h128,0.001,0.0,0.02249,1.0,4239
71,6,star_sign,attention,0.0001,1e-05,0.64115,0.91406,4239
71,6,star_sign,shuffled,0.01,0.0001,2.53463,0.17009,4239
72,0,age_bin,ema_lr1e-3,0.001,0.0001,1.49258,0.37442,4081
72,0,age_bin,ema_lr5e-3,0.005,0.0001,1.28164,0.45259,4081
72,0,age_bin,ema_lr1e-2,0.01,0.0001,1.00096,0.56628,4081
72,0,age_bin,ema_lr5e-2,0.05,0.0001,0.25137,0.98726,4081
72,0,age_bin,ema_lr1e-2_wd1e-3,0.01,0.001,1.00871,0.51507,4081
72,0,age_bin,ema_d0.99,0.01,0.0001,1.04364,0.54472,4081
72,0,age_bin,ema_d0.9999,0.01,0.0001,1.02968,0.58834,4081
72,0,age_bin,mlp_h16,0.001,0.0,0.31078,0.99779,4081
72,0,age_bin,mlp_h32,0.001,0.0,0.13478,1.0,4081
72,0,age_bin,mlp_h64,0.001,0.0,0.03282,1.0,4081
72,0,age_bin,mlp_h128,0.001,0.0,0.01211,1.0,4081
72,0,age_bin,attention,0.0001,1e-05,1.01548,1.0,4081
72,0,age_bin,shuffled,0.01,0.0001,0.98027,0.58246,4081
72,0,gender,ema_lr1e-3,0.001,0.0001,1.03839,0.50086,4081
72,0,gender,ema_lr5e-3,0.005,0.0001,0.93272,0.51115,4081
72,0,gender,ema_lr1e-2,0.01,0.0001,0.89131,0.50061,4081
72,0,gender,ema_lr5e-2,0.05,0.0001,0.73446,0.49547,4081
72,0,gender,ema_lr1e-2_wd1e-3,0.01,0.001,0.94598,0.50184,4081
72,0,gender,ema_d0.99,0.01,0.0001,0.90065,0.52242,4081
72,0,gender,ema_d0.9999,0.01,0.0001,0.92025,0.51948,4081
72,0,gender,mlp_h16,0.001,0.0,0.69248,0.51875,4081
72,0,gender,mlp_h32,0.001,0.0,0.69325,0.5163,4081
72,0,gender,mlp_h64,0.001,0.0,0.69296,0.51311,4081
72,0,gender,mlp_h128,0.001,0.0,0.69431,0.51409,4081
72,0,gender,attention,0.0001,1e-05,0.69236,0.53906,4081
72,0,gender,shuffled,0.01,0.0001,0.93802,0.49302,4081
72,0,star_sign,ema_lr1e-3,0.001,0.0001,3.15402,0.14972,4081
72,0,star_sign,ema_lr5e-3,0.005,0.0001,2.85402,0.16197,4081
72,0,star_sign,ema_lr1e-2,0.01,0.0001,2.45423,0.19603,4081
72,0,star_sign,ema_lr5e-2,0.05,0.0001,0.74063,0.91424,4081
72,0,star_sign,ema_lr1e-2_wd1e-3,0.01,0.001,2.46498,0.1926,4081
72,0,star_sign,ema_d0.99,0.01,0.0001,2.48535,0.18941,4081
72,0,star_sign,ema_d0.9999,0.01,0.0001,2.44846,0.26244,4081
72,0,star_sign,mlp_h16,0.001,0.0,0.56546,1.0,4081
72,0,star_sign,mlp_h32,0.001,0.0,0.36653,1.0,4081
72,0,star_sign,mlp_h64,0.001,0.0,0.1219,1.0,4081
72,0,star_sign,mlp_h128,0.001,0.0,0.02584,1.0,4081
72,0,star_sign,attention,0.0001,1e-05,2.36433,1.0,4081
72,0,star_sign,shuffled,0.01,0.0001,2.54026,0.22421,4081
72,4,age_bin,ema_lr1e-3,0.001,0.0001,1.39291,0.43445,4081
72,4,age_bin,ema_lr5e-3,0.005,0.0001,1.13068,0.45577,4081
72,4,age_bin,ema_lr1e-2,0.01,0.0001,0.86126,0.61505,4081
72,4,age_bin,ema_lr5e-2,0.05,0.0001,0.25641,0.99338,4081
72,4,age_bin,ema_lr1e-2_wd1e-3,0.01,0.001,0.93544,0.55869,4081
72,4,age_bin,ema_d0.99,0.01,0.0001,0.89854,0.60426,4081
72,4,age_bin,ema_d0.9999,0.01,0.0001,0.91016,0.57314,4081
72,4,age_bin,mlp_h16,0.001,0.0,0.13135,1.0,4081
72,4,age_bin,mlp_h32,0.001,0.0,0.07037,1.0,4081
72,4,age_bin,mlp_h64,0.001,0.0,0.02195,1.0,4081
72,4,age_bin,mlp_h128,0.001,0.0,0.01105,1.0,4081
72,4,age_bin,attention,0.0001,1e-05,0.11302,1.0,4081
72,4,age_bin,shuffled,0.01,0.0001,0.94536,0.51703,4081
72,4,gender,ema_lr1e-3,0.001,0.0001,0.97228,0.50135,4081
72,4,gender,ema_lr5e-3,0.005,0.0001,0.926,0.47488,4081
72,4,gender,ema_lr1e-2,0.01,0.0001,0.83283,0.51335,4081
72,4,gender,ema_lr5e-2,0.05,0.0001,0.72038,0.51139,4081
72,4,gender,ema_lr1e-2_wd1e-3,0.01,0.001,0.79918,0.5087,4081
72,4,gender,ema_d0.99,0.01,0.0001,0.78938,0.50992,4081
72,4,gender,ema_d0.9999,0.01,0.0001,0.82424,0.50453,4081
72,4,gender,mlp_h16,0.001,0.0,0.69076,0.53002,4081
72,4,gender,mlp_h32,0.001,0.0,0.69009,0.52904,4081
72,4,gender,mlp_h64,0.001,0.0,0.68896,0.53492,4081
72,4,gender,mlp_h128,0.001,0.0,0.69097,0.52732,4081
72,4,gender,attention,0.0001,1e-05,0.68957,0.57031,4081
72,4,gender,shuffled,0.01,0.0001,0.82527,0.50282,4081
72,4,star_sign,ema_lr1e-3,0.001,0.0001,3.03662,0.12963,4081
72,4,star_sign,ema_lr5e-3,0.005,0.0001,2.73049,0.10929,4081
72,4,star_sign,ema_lr1e-2,0.01,0.0001,2.37701,0.22274,4081
72,4,star_sign,ema_lr5e-2,0.05,0.0001,0.66312,0.97427,4081
72,4,star_sign,ema_lr1e-2_wd1e-3,0.01,0.001,2.36108,0.23426,4081
72,4,star_sign,ema_d0.99,0.01,0.0001,2.3012,0.27983,4081
72,4,star_sign,ema_d0.9999,0.01,0.0001,2.27983,0.22421,4081
72,4,star_sign,mlp_h16,0.001,0.0,1.55601,0.97623,4081
72,4,star_sign,mlp_h32,0.001,0.0,0.19727,1.0,4081
72,4,star_sign,mlp_h64,0.001,0.0,0.08451,1.0,4081
72,4,star_sign,mlp_h128,0.001,0.0,0.0195,1.0,4081
72,4,star_sign,attention,0.0001,1e-05,2.02106,1.0,4081
72,4,star_sign,shuffled,0.01,0.0001,2.2783,0.24283,4081
72,6,age_bin,ema_lr1e-3,0.001,0.0001,1.60382,0.32517,4081
72,6,age_bin,ema_lr5e-3,0.005,0.0001,1.32347,0.3825,4081
72,6,age_bin,ema_lr1e-2,0.01,0.0001,1.04996,0.50845,4081
72,6,age_bin,ema_lr5e-2,0.05,0.0001,0.25457,0.99338,4081
72,6,age_bin,ema_lr1e-2_wd1e-3,0.01,0.001,1.00011,0.53786,4081
72,6,age_bin,ema_d0.99,0.01,0.0001,1.00229,0.56089,4081
72,6,age_bin,ema_d0.9999,0.01,0.0001,0.96014,0.5506,4081
72,6,age_bin,mlp_h16,0.001,0.0,0.23652,1.0,4081
72,6,age_bin,mlp_h32,0.001,0.0,0.12444,1.0,4081
72,6,age_bin,mlp_h64,0.001,0.0,0.03444,1.0,4081
72,6,age_bin,mlp_h128,0.001,0.0,0.01304,1.0,4081
72,6,age_bin,attention,0.0001,1e-05,0.00702,0.99219,4081
72,6,age_bin,shuffled,0.01,0.0001,0.91813,0.57045,4081
72,6,gender,ema_lr1e-3,0.001,0.0001,1.0664,0.49743,4081
72,6,gender,ema_lr5e-3,0.005,0.0001,0.91982,0.51605,4081
72,6,gender,ema_lr1e-2,0.01,0.0001,0.8947,0.50012,4081
72,6,gender,ema_lr5e-2,0.05,0.0001,0.73902,0.49424,4081
72,6,gender,ema_lr1e-2_wd1e-3,0.01,0.001,0.8664,0.49473,4081
72,6,gender,ema_d0.99,0.01,0.0001,0.91523,0.47562,4081
72,6,gender,ema_d0.9999,0.01,0.0001,0.92111,0.49277,4081
72,6,gender,mlp_h16,0.001,0.0,0.68735,0.52463,4081
72,6,gender,mlp_h32,0.001,0.0,0.68693,0.52855,4081
72,6,gender,mlp_h64,0.001,0.0,0.68767,0.52561,4081
72,6,gender,mlp_h128,0.001,0.0,0.6881,0.53639,4081
72,6,gender,attention,0.0001,1e-05,1.87591,0.46875,4081
72,6,gender,shuffled,0.01,0.0001,0.87726,0.51139,4081
72,6,star_sign,ema_lr1e-3,0.001,0.0001,3.10438,0.111,4081
72,6,star_sign,ema_lr5e-3,0.005,0.0001,2.80879,0.15486,4081
72,6,star_sign,ema_lr1e-2,0.01,0.0001,2.48922,0.18598,4081
72,6,star_sign,ema_lr5e-2,0.05,0.0001,0.77206,0.91718,4081
72,6,star_sign,ema_lr1e-2_wd1e-3,0.01,0.001,2.46982,0.16222,4081
72,6,star_sign,ema_d0.99,0.01,0.0001,2.53858,0.18157,4081
72,6,star_sign,ema_d0.9999,0.01,0.0001,2.37964,0.21882,4081
72,6,star_sign,mlp_h16,0.001,0.0,1.17175,0.94193,4081
72,6,star_sign,mlp_h32,0.001,0.0,0.26368,1.0,4081
72,6,star_sign,mlp_h64,0.001,0.0,0.09387,1.0,4081
72,6,star_sign,mlp_h128,0.001,0.0,0.02363,1.0,4081
72,6,star_sign,attention,0.0001,1e-05,0.4101,0.9375,4081
72,6,star_sign,shuffled,0.01,0.0001,2.49433,0.18721,4081
73,0,age_bin,ema_lr1e-3,0.001,0.0001,1.45542,0.3844,3923
73,0,age_bin,ema_lr5e-3,0.005,0.0001,1.27041,0.45858,3923
73,0,age_bin,ema_lr1e-2,0.01,0.0001,1.00452,0.5845,3923
73,0,age_bin,ema_lr5e-2,0.05,0.0001,0.24984,0.98573,3923
73,0,age_bin,ema_lr1e-2_wd1e-3,0.01,0.001,1.00348,0.5167,3923
73,0,age_bin,ema_d0.99,0.01,0.0001,1.02998,0.55774,3923
73,0,age_bin,ema_d0.9999,0.01,0.0001,1.02078,0.58348,3923
73,0,age_bin,mlp_h16,0.001,0.0,0.30043,0.99898,3923
73,0,age_bin,mlp_h32,0.001,0.0,0.13102,1.0,3923
73,0,age_bin,mlp_h64,0.001,0.0,0.03236,1.0,3923
73,0,age_bin,mlp_h128,0.001,0.0,0.01206,1.0,3923
73,0,age_bin,attention,0.0001,1e-05,1.01494,1.0,3923
73,0,age_bin,shuffled,0.01,0.0001,0.94852,0.59903,3923
73,0,gender,ema_lr1e-3,0.001,0.0001,1.05531,0.50523,3923
73,0,gender,ema_lr5e-3,0.005,0.0001,0.94671,0.5037,3923
73,0,gender,ema_lr1e-2,0.01,0.0001,0.86624,0.50523,3923
73,0,gender,ema_lr5e-2,0.05,0.0001,0.7372,0.48713,3923
73,0,gender,ema_lr1e-2_wd1e-3,0.01,0.001,0.97658,0.48509,3923
73,0,gender,ema_d0.99,0.01,0.0001,0.91304,0.49503,3923
73,0,gender,ema_d0.9999,0.01,0.0001,0.92539,0.49656,3923
73,0,gender,mlp_h16,0.001,0.0,0.69462,0.49758,3923
73,0,gender,mlp_h32,0.001,0.0,0.6949,0.50956,3923
73,0,gender,mlp_h64,0.001,0.0,0.69613,0.4935,3923
73,0,gender,mlp_h128,0.001,0.0,0.69682,0.48917,3923
73,0,gender,attention,0.0001,1e-05,0.69319,0.52344,3923
73,0,gender,shuffled,0.01,0.0001,0.92273,0.50115,3923
73,0,star_sign,ema_lr1e-3,0.001,0.0001,3.16218,0.14989,3923
73,0,star_sign,ema_lr5e-3,0.005,0.0001,2.80531,0.15677,3923
73,0,star_sign,ema_lr1e-2,0.01,0.0001,2.4372,0.19755,3923
73,0,star_sign,ema_lr5e-2,0.05,0.0001,0.73159,0.92276,3923
73,0,star_sign,ema_lr1e-2_wd1e-3,0.01,0.001,2.46306,0.19704,3923
73,0,star_sign,ema_d0.99,0.01,0.0001,2.4556,0.20036,3923
73,0,star_sign,ema_d0.9999,0.01,0.0001,2.45109,0.24802,3923
73,0,star_sign,mlp_h16,0.001,0.0,0.55891,1.0,3923
73,0,star_sign,mlp_h32,0.001,0.0,0.35548,1.0,3923
73,0,star_sign,mlp_h64,0.001,0.0,0.11577,1.0,3923
73,0,star_sign,mlp_h128,0.001,0.0,0.02557,1.0,3923
73,0,star_sign,attention,0.0001,1e-05,2.36345,1.0,3923
73,0,star_sign,shuffled,0.01,0.0001,2.51047,0.2312,3923
73,4,age_bin,ema_lr1e-3,0.001,0.0001,1.41305,0.43003,3923
73,4,age_bin,ema_lr5e-3,0.005,0.0001,1.13993,0.44838,3923
73,4,age_bin,ema_lr1e-2,0.01,0.0001,0.86663,0.61637,3923
73,4,age_bin,ema_lr5e-2,0.05,0.0001,0.24045,0.99516,3923
73,4,age_bin,ema_lr1e-2_wd1e-3,0.01,0.001,0.90706,0.57609,3923
73,4,age_bin,ema_d0.99,0.01,0.0001,0.86704,0.62197,3923
73,4,age_bin,ema_d0.9999,0.01,0.0001,0.88736,0.5896,3923
73,4,age_bin,mlp_h16,0.001,0.0,0.12292,1.0,3923
73,4,age_bin,mlp_h32,0.001,0.0,0.06696,1.0,3923
73,4,age_bin,mlp_h64,0.001,0.0,0.02042,1.0,3923
73,4,age_bin,mlp_h128,0.001,0.0,0.01037,1.0,3923
73,4,age_bin,attention,0.0001,1e-05,0.11348,1.0,3923
73,4,age_bin,shuffled,0.01,0.0001,0.94585,0.52511,3923
73,4,gender,ema_lr1e-3,0.001,0.0001,0.96452,0.49758,3923
73,4,gender,ema_lr5e-3,0.005,0.0001,0.88496,0.50089,3923
73,4,gender,ema_lr1e-2,0.01,0.0001,0.87126,0.4833,3923
73,4,gender,ema_lr5e-2,0.05,0.0001,0.72698,0.49987,3923
73,4,gender,ema_lr1e-2_wd1e-3,0.01,0.001,0.79714,0.51797,3923
73,4,gender,ema_d0.99,0.01,0.0001,0.77867,0.53327,3923
73,4,gender,ema_d0.9999,0.01,0.0001,0.84311,0.48407,3923
73,4,gender,mlp_h16,0.001,0.0,0.69272,0.50701,3923
73,4,gender,mlp_h32,0.001,0.0,0.69321,0.51389,3923
73,4,gender,mlp_h64,0.001,0.0,0.69305,0.50803,3923
73,4,gender,mlp_h128,0.001,0.0,0.69375,0.49681,3923
73,4,gender,attention,0.0001,1e-05,0.69088,0.51562,3923
73,4,gender,shuffled,0.01,0.0001,0.81942,0.50293,3923
73,4,star_sign,ema_lr1e-3,0.001,0.0001,3.04119,0.11828,3923
73,4,star_sign,ema_lr5e-3,0.005,0.0001,2.6999,0.12363,3923
73,4,star_sign,ema_lr1e-2,0.01,0.0001,2.31503,0.24216,3923
73,4,star_sign,ema_lr5e-2,0.05,0.0001,0.64843,0.97833,3923
73,4,star_sign,ema_lr1e-2_wd1e-3,0.01,0.001,2.34929,0.23477,3923
73,4,star_sign,ema_d0.99,0.01,0.0001,2.31622,0.2674,3923
73,4,star_sign,ema_d0.9999,0.01,0.0001,2.25989,0.23936,3923
73,4,star_sign,mlp_h16,0.001,0.0,1.52984,0.98063,3923
73,4,star_sign,mlp_h32,0.001,0.0,0.17678,1.0,3923
73,4,star_sign,mlp_h64,0.001,0.0,0.07732,1.0,3923
73,4,star_sign,mlp_h128,0.001,0.0,0.01823,1.0,3923
73,4,star_sign,attention,0.0001,1e-05,2.01556,1.0,3923
73,4,star_sign,shuffled,0.01,0.0001,2.27716,0.22534,3923
73,6,age_bin,ema_lr1e-3,0.001,0.0001,1.58753,0.3194,3923
73,6,age_bin,ema_lr5e-3,0.005,0.0001,1.30191,0.39281,3923
73,6,age_bin,ema_lr1e-2,0.01,0.0001,1.04695,0.50242,3923
73,6,age_bin,ema_lr5e-2,0.05,0.0001,0.24914,0.99006,3923
73,6,age_bin,ema_lr1e-2_wd1e-3,0.01,0.001,0.96825,0.56742,3923
73,6,age_bin,ema_d0.99,0.01,0.0001,0.98406,0.55621,3923
73,6,age_bin,ema_d0.9999,0.01,0.0001,0.98952,0.54448,3923
73,6,age_bin,mlp_h16,0.001,0.0,0.22285,1.0,3923
73,6,age_bin,mlp_h32,0.001,0.0,0.11862,1.0,3923
73,6,age_bin,mlp_h64,0.001,0.0,0.03282,1.0,3923
73,6,age_bin,mlp_h128,0.001,0.0,0.01218,1.0,3923
73,6,age_bin,attention,0.0001,1e-05,0.0,1.0,3923
73,6,age_bin,shuffled,0.01,0.0001,0.96071,0.53887,3923
73,6,gender,ema_lr1e-3,0.001,0.0001,1.00464,0.53046,3923
73,6,gender,ema_lr5e-3,0.005,0.0001,0.93466,0.49758,3923
73,6,gender,ema_lr1e-2,0.01,0.0001,0.84137,0.53964,3923
73,6,gender,ema_lr5e-2,0.05,0.0001,0.71955,0.51364,3923
73,6,gender,ema_lr1e-2_wd1e-3,0.01,0.001,0.89886,0.49146,3923
73,6,gender,ema_d0.99,0.01,0.0001,0.88249,0.49375,3923
73,6,gender,ema_d0.9999,0.01,0.0001,0.89292,0.50293,3923
73,6,gender,mlp_h16,0.001,0.0,0.69569,0.51236,3923
73,6,gender,mlp_h32,0.001,0.0,0.69843,0.49936,3923
73,6,gender,mlp_h64,0.001,0.0,0.69508,0.51746,3923
73,6,gender,mlp_h128,0.001,0.0,0.69696,0.50599,3923
73,6,gender,attention,0.0001,1e-05,1.66418,0.57812,3923
73,6,gender,shuffled,0.01,0.0001,0.89482,0.49681,3923
73,6,star_sign,ema_lr1e-3,0.001,0.0001,3.17856,0.08973,3923
73,6,star_sign,ema_lr5e-3,0.005,0.0001,2.83736,0.15626,3923
73,6,star_sign,ema_lr1e-2,0.01,0.0001,2.43937,0.19832,3923
73,6,star_sign,ema_lr5e-2,0.05,0.0001,0.74495,0.93398,3923
73,6,star_sign,ema_lr1e-2_wd1e-3,0.01,0.001,2.52027,0.14963,3923
73,6,star_sign,ema_d0.99,0.01,0.0001,2.43069,0.20469,3923
73,6,star_sign,ema_d0.9999,0.01,0.0001,2.42129,0.19883,3923
73,6,star_sign,mlp_h16,0.001,0.0,1.13795,0.94978,3923
73,6,star_sign,mlp_h32,0.001,0.0,0.24702,1.0,3923
73,6,star_sign,mlp_h64,0.001,0.0,0.0858,1.0,3923
73,6,star_sign,mlp_h128,0.001,0.0,0.022,1.0,3923
73,6,star_sign,attention,0.0001,1e-05,0.60137,0.92188,3923
73,6,star_sign,shuffled,0.01,0.0001,2.44552,0.20393,3923
74,0,age_bin,ema_lr1e-3,0.001,0.0001,1.49623,0.38577,3922
74,0,age_bin,ema_lr5e-3,0.005,0.0001,1.26255,0.45869,3922
74,0,age_bin,ema_lr1e-2,0.01,0.0001,0.99775,0.58491,3922
74,0,age_bin,ema_lr5e-2,0.05,0.0001,0.24873,0.98649,3922
74,0,age_bin,ema_lr1e-2_wd1e-3,0.01,0.001,0.98933,0.51861,3922
74,0,age_bin,ema_d0.99,0.01,0.0001,1.04152,0.55584,3922
74,0,age_bin,ema_d0.9999,0.01,0.0001,1.01918,0.59791,3922
74,0,age_bin,mlp_h16,0.001,0.0,0.29083,0.99771,3922
74,0,age_bin,mlp_h32,0.001,0.0,0.12351,1.0,3922
74,0,age_bin,mlp_h64,0.001,0.0,0.03027,1.0,3922
74,0,age_bin,mlp_h128,0.001,0.0,0.01134,1.0,3922
74,0,age_bin,attention,0.0001,1e-05,1.01334,1.0,3922
74,0,age_bin,shuffled,0.01,0.0001,0.96214,0.59102,3922
74,0,gender,ema_lr1e-3,0.001,0.0001,1.04385,0.49567,3922
74,0,gender,ema_lr5e-3,0.005,0.0001,0.92268,0.50739,3922
74,0,gender,ema_lr1e-2,0.01,0.0001,0.88766,0.49439,3922
74,0,gender,ema_lr5e-2,0.05,0.0001,0.73691,0.49159,3922
74,0,gender,ema_lr1e-2_wd1e-3,0.01,0.001,0.92953,0.49643,3922
74,0,gender,ema_d0.99,0.01,0.0001,0.91536,0.49133,3922
74,0,gender,ema_d0.9999,0.01,0.0001,0.93423,0.50433,3922
74,0,gender,mlp_h16,0.001,0.0,0.69544,0.49745,3922
74,0,gender,mlp_h32,0.001,0.0,0.69328,0.50076,3922
74,0,gender,mlp_h64,0.001,0.0,0.69635,0.49108,3922
74,0,gender,mlp_h128,0.001,0.0,0.69557,0.49541,3922
74,0,gender,attention,0.0001,1e-05,0.69327,0.5,3922
74,0,gender,shuffled,0.01,0.0001,0.90875,0.50331,3922
74,0,star_sign,ema_lr1e-3,0.001,0.0001,3.12109,0.16191,3922
74,0,star_sign,ema_lr5e-3,0.005,0.0001,2.86594,0.16267,3922
74,0,star_sign,ema_lr1e-2,0.01,0.0001,2.43896,0.18383,3922
74,0,star_sign,ema_lr5e-2,0.05,0.0001,0.71931,0.92172,3922
74,0,star_sign,ema_lr1e-2_wd1e-3,0.01,0.001,2.46496,0.19556,3922
74,0,star_sign,ema_d0.99,0.01,0.0001,2.46932,0.19225,3922
74,0,star_sign,ema_d0.9999,0.01,0.0001,2.43688,0.25956,3922
74,0,star_sign,mlp_h16,0.001,0.0,0.53879,1.0,3922
74,0,star_sign,mlp_h32,0.001,0.0,0.32833,1.0,3922
74,0,star_sign,mlp_h64,0.001,0.0,0.10895,1.0,3922
74,0,star_sign,mlp_h128,0.001,0.0,0.02383,1.0,3922
74,0,star_sign,attention,0.0001,1e-05,2.36198,1.0,3922
74,0,star_sign,shuffled,0.01,0.0001,2.48967,0.22565,3922
74,4,age_bin,ema_lr1e-3,0.001,0.0001,1.42108,0.42631,3922
74,4,age_bin,ema_lr5e-3,0.005,0.0001,1.15602,0.44824,3922
74,4,age_bin,ema_lr1e-2,0.01,0.0001,0.86591,0.61652,3922
74,4,age_bin,ema_lr5e-2,0.05,0.0001,0.24596,0.99516,3922
74,4,age_bin,ema_lr1e-2_wd1e-3,0.01,0.001,0.91109,0.5793,3922
74,4,age_bin,ema_d0.99,0.01,0.0001,0.91355,0.5793,3922
74,4,age_bin,ema_d0.9999,0.01,0.0001,0.89545,0.58057,3922
74,4,age_bin,mlp_h16,0.001,0.0,0.11996,1.0,3922
74,4,age_bin,mlp_h32,0.001,0.0,0.06205,1.0,3922
74,4,age_bin,mlp_h64,0.001,0.0,0.02029,1.0,3922
74,4,age_bin,mlp_h128,0.001,0.0,0.01004,1.0,3922
74,4,age_bin,attention,0.0001,1e-05,0.09883,1.0,3922
74,4,age_bin,shuffled,0.01,0.0001,0.90295,0.55252,3922
74,4,gender,ema_lr1e-3,0.001,0.0001,0.96505,0.49694,3922
74,4,gender,ema_lr5e-3,0.005,0.0001,0.87927,0.49694,3922
74,4,gender,ema_lr1e-2,0.01,0.0001,0.88243,0.47884,3922
74,4,gender,ema_lr5e-2,0.05,0.0001,0.72391,0.49439,3922
74,4,gender,ema_lr1e-2_wd1e-3,0.01,0.001,0.84711,0.48496,3922
74,4,gender,ema_d0.99,0.01,0.0001,0.81844,0.47756,3922
74,4,gender,ema_d0.9999,0.01,0.0001,0.87912,0.45589,3922
74,4,gender,mlp_h16,0.001,0.0,0.69351,0.50459,3922
74,4,gender,mlp_h32,0.001,0.0,0.69384,0.50892,3922
74,4,gender,mlp_h64,0.001,0.0,0.6924,0.51836,3922
74,4,gender,mlp_h128,0.001,0.0,0.69184,0.52193,3922
74,4,gender,attention,0.0001,1e-05,0.70229,0.42188,3922
74,4,gender,shuffled,0.01,0.0001,0.81936,0.5028,3922
74,4,star_sign,ema_lr1e-3,0.001,0.0001,3.10442,0.11091,3922
74,4,star_sign,ema_lr5e-3,0.005,0.0001,2.67876,0.12188,3922
74,4,star_sign,ema_lr1e-2,0.01,0.0001,2.31226,0.24605,3922
74,4,star_sign,ema_lr5e-2,0.05,0.0001,0.6298,0.98062,3922
74,4,star_sign,ema_lr1e-2_wd1e-3,0.01,0.001,2.34405,0.23559,3922
74,4,star_sign,ema_d0.99,0.01,0.0001,2.33834,0.24809,3922
74,4,star_sign,ema_d0.9999,0.01,0.0001,2.27693,0.22922,3922
74,4,star_sign,mlp_h16,0.001,0.0,1.51941,0.98368,3922
74,4,star_sign,mlp_h32,0.001,0.0,0.1707,1.0,3922
74,4,star_sign,mlp_h64,0.001,0.0,0.07479,1.0,3922
74,4,star_sign,mlp_h128,0.001,0.0,0.0174,1.0,3922
74,4,star_sign,attention,0.0001,1e-05,2.00763,1.0,3922
74,4,star_sign,shuffled,0.01,0.0001,2.24504,0.24273,3922
74,6,age_bin,ema_lr1e-3,0.001,0.0001,1.56742,0.32891,3922
74,6,age_bin,ema_lr5e-3,0.005,0.0001,1.26515,0.39011,3922
74,6,age_bin,ema_lr1e-2,0.01,0.0001,0.98578,0.53493,3922
74,6,age_bin,ema_lr5e-2,0.05,0.0001,0.24654,0.99567,3922
74,6,age_bin,ema_lr1e-2_wd1e-3,0.01,0.001,0.94225,0.57573,3922
74,6,age_bin,ema_d0.99,0.01,0.0001,0.96978,0.55762,3922
74,6,age_bin,ema_d0.9999,0.01,0.0001,1.01424,0.51377,3922
74,6,age_bin,mlp_h16,0.001,0.0,0.21532,1.0,3922
74,6,age_bin,mlp_h32,0.001,0.0,0.11435,1.0,3922
74,6,age_bin,mlp_h64,0.001,0.0,0.03141,1.0,3922
74,6,age_bin,mlp_h128,0.001,0.0,0.01229,1.0,3922
74,6,age_bin,attention,0.0001,1e-05,0.00029,1.0,3922
74,6,age_bin,shuffled,0.01,0.0001,0.97159,0.53901,3922
74,6,gender,ema_lr1e-3,0.001,0.0001,1.08662,0.48164,3922
74,6,gender,ema_lr5e-3,0.005,0.0001,0.88654,0.52524,3922
74,6,gender,ema_lr1e-2,0.01,0.0001,0.90387,0.4847,3922
74,6,gender,ema_lr5e-2,0.05,0.0001,0.7138,0.51683,3922
74,6,gender,ema_lr1e-2_wd1e-3,0.01,0.001,0.835,0.51581,3922
74,6,gender,ema_d0.99,0.01,0.0001,0.91128,0.46966,3922
74,6,gender,ema_d0.9999,0.01,0.0001,0.88899,0.49592,3922
74,6,gender,mlp_h16,0.001,0.0,0.68726,0.54156,3922
74,6,gender,mlp_h32,0.001,0.0,0.68445,0.55711,3922
74,6,gender,mlp_h64,0.001,0.0,0.68789,0.53442,3922
74,6,gender,mlp_h128,0.001,0.0,0.68438,0.56119,3922
74,6,gender,attention,0.0001,1e-05,1.69769,0.53906,3922
74,6,gender,shuffled,0.01,0.0001,0.84877,0.51147,3922
74,6,star_sign,ema_lr1e-3,0.001,0.0001,3.14751,0.08899,3922
74,6,star_sign,ema_lr5e-3,0.005,0.0001,2.94564,0.13641,3922
74,6,star_sign,ema_lr1e-2,0.01,0.0001,2.45325,0.17823,3922
74,6,star_sign,ema_lr5e-2,0.05,0.0001,0.68783,0.95181,3922
74,6,star_sign,ema_lr1e-2_wd1e-3,0.01,0.001,2.45817,0.16344,3922
74,6,star_sign,ema_d0.99,0.01,0.0001,2.45742,0.19913,3922
74,6,star_sign,ema_d0.9999,0.01,0.0001,2.49987,0.18307,3922
74,6,star_sign,mlp_h16,0.001,0.0,1.08355,0.9615,3922
74,6,star_sign,mlp_h32,0.001,0.0,0.2383,1.0,3922
74,6,star_sign,mlp_h64,0.001,0.0,0.0841,1.0,3922
74,6,star_sign,mlp_h128,0.001,0.0,0.02082,1.0,3922
74,6,star_sign,attention,0.0001,1e-05,0.41657,0.96094,3922
74,6,star_sign,shuffled,0.01,0.0001,2.36492,0.22055,3922
75,0,age_bin,ema_lr1e-3,0.001,0.0001,1.46333,0.38119,4339
75,0,age_bin,ema_lr5e-3,0.005,0.0001,1.27905,0.45587,4339
75,0,age_bin,ema_lr1e-2,0.01,0.0001,0.95774,0.60475,4339
75,0,age_bin,ema_lr5e-2,0.05,0.0001,0.24549,0.99009,4339
75,0,age_bin,ema_lr1e-2_wd1e-3,0.01,0.001,0.99362,0.5091,4339
75,0,age_bin,ema_d0.99,0.01,0.0001,1.02631,0.56856,4339
75,0,age_bin,ema_d0.9999,0.01,0.0001,0.9735,0.6112,4339
75,0,age_bin,mlp_h16,0.001,0.0,0.28461,0.99839,4339
75,0,age_bin,mlp_h32,0.001,0.0,0.11829,1.0,4339
75,0,age_bin,mlp_h64,0.001,0.0,0.02993,1.0,4339
75,0,age_bin,mlp_h128,0.001,0.0,0.01127,1.0,4339
75,0,age_bin,attention,0.0001,1e-05,1.01202,1.0,4339
75,0,age_bin,shuffled,0.01,0.0001,0.96182,0.59369,4339
75,0,gender,ema_lr1e-3,0.001,0.0001,1.02803,0.50979,4339
75,0,gender,ema_lr5e-3,0.005,0.0001,0.93563,0.5068,4339
75,0,gender,ema_lr1e-2,0.01,0.0001,0.86464,0.50818,4339
75,0,gender,ema_lr5e-2,0.05,0.0001,0.73169,0.5015,4339
75,0,gender,ema_lr1e-2_wd1e-3,0.01,0.001,0.95068,0.4985,4339
75,0,gender,ema_d0.99,0.01,0.0001,0.89665,0.50634,4339
75,0,gender,ema_d0.9999,0.01,0.0001,0.90357,0.5015,4339
75,0,gender,mlp_h16,0.001,0.0,0.69301,0.51463,4339
75,0,gender,mlp_h32,0.001,0.0,0.69466,0.51855,4339
75,0,gender,mlp_h64,0.001,0.0,0.69402,0.5174,4339
75,0,gender,mlp_h128,0.001,0.0,0.69452,0.51256,4339
75,0,gender,attention,0.0001,1e-05,0.69289,0.58594,4339
75,0,gender,shuffled,0.01,0.0001,0.93065,0.47983,4339
75,0,star_sign,ema_lr1e-3,0.001,0.0001,3.14095,0.14957,4339
75,0,star_sign,ema_lr5e-3,0.005,0.0001,2.80838,0.15856,4339
75,0,star_sign,ema_lr1e-2,0.01,0.0001,2.42583,0.2148,4339
75,0,star_sign,ema_lr5e-2,0.05,0.0001,0.7188,0.91864,4339
75,0,star_sign,ema_lr1e-2_wd1e-3,0.01,0.001,2.47518,0.18875,4339
75,0,star_sign,ema_d0.99,0.01,0.0001,2.44103,0.19129,4339
75,0,star_sign,ema_d0.9999,0.01,0.0001,2.43407,0.25928,4339
75,0,star_sign,mlp_h16,0.001,0.0,0.52188,1.0,4339
75,0,star_sign,mlp_h32,0.001,0.0,0.31905,1.0,4339
75,0,star_sign,mlp_h64,0.001,0.0,0.10352,1.0,4339
75,0,star_sign,mlp_h128,0.001,0.0,0.02339,1.0,4339
75,0,star_sign,attention,0.0001,1e-05,2.36054,1.0,4339
75,0,star_sign,shuffled,0.01,0.0001,2.51516,0.236,4339
75,4,age_bin,ema_lr1e-3,0.001,0.0001,1.4205,0.41553,4339
75,4,age_bin,ema_lr5e-3,0.005,0.0001,1.16632,0.43789,4339
75,4,age_bin,ema_lr1e-2,0.01,0.0001,0.85838,0.61765,4339
75,4,age_bin,ema_lr5e-2,0.05,0.0001,0.23633,0.99309,4339
75,4,age_bin,ema_lr1e-2_wd1e-3,0.01,0.001,0.88358,0.59645,4339
75,4,age_bin,ema_d0.99,0.01,0.0001,0.8897,0.60429,4339
75,4,age_bin,ema_d0.9999,0.01,0.0001,0.88352,0.59806,4339
75,4,age_bin,mlp_h16,0.001,0.0,0.11959,1.0,4339
75,4,age_bin,mlp_h32,0.001,0.0,0.0619,1.0,4339
75,4,age_bin,mlp_h64,0.001,0.0,0.01998,1.0,4339
75,4,age_bin,mlp_h128,0.001,0.0,0.01013,1.0,4339
75,4,age_bin,attention,0.0001,1e-05,0.08888,1.0,4339
75,4,age_bin,shuffled,0.01,0.0001,0.87635,0.57202,4339
75,4,gender,ema_lr1e-3,0.001,0.0001,0.96175,0.50864,4339
75,4,gender,ema_lr5e-3,0.005,0.0001,0.91124,0.49689,4339
75,4,gender,ema_lr1e-2,0.01,0.0001,0.87345,0.48813,4339
75,4,gender,ema_lr5e-2,0.05,0.0001,0.72113,0.50611,4339
75,4,gender,ema_lr1e-2_wd1e-3,0.01,0.001,0.79845,0.528,4339
75,4,gender,ema_d0.99,0.01,0.0001,0.78455,0.5068,4339
75,4,gender,ema_d0.9999,0.01,0.0001,0.79509,0.52547,4339
75,4,gender,mlp_h16,0.001,0.0,0.69129,0.53008,4339
75,4,gender,mlp_h32,0.001,0.0,0.69078,0.52731,4339
75,4,gender,mlp_h64,0.001,0.0,0.68855,0.53814,4339
75,4,gender,mlp_h128,0.001,0.0,0.68859,0.5416,4339
75,4,gender,attention,0.0001,1e-05,0.69141,0.52344,4339
75,4,gender,shuffled,0.01,0.0001,0.81552,0.50173,4339
75,4,star_sign,ema_lr1e-3,0.001,0.0001,3.10691,0.11062,4339
75,4,star_sign,ema_lr5e-3,0.005,0.0001,2.66647,0.11685,4339
75,4,star_sign,ema_lr1e-2,0.01,0.0001,2.26213,0.26942,4339
75,4,star_sign,ema_lr5e-2,0.05,0.0001,0.61241,0.98571,4339
75,4,star_sign,ema_lr1e-2_wd1e-3,0.01,0.001,2.30418,0.24061,4339
75,4,star_sign,ema_d0.99,0.01,0.0001,2.28078,0.27011,4339
75,4,star_sign,ema_d0.9999,0.01,0.0001,2.27019,0.23508,4339
75,4,star_sign,mlp_h16,0.001,0.0,1.50479,0.98594,4339
75,4,star_sign,mlp_h32,0.001,0.0,0.161,1.0,4339
75,4,star_sign,mlp_h64,0.001,0.0,0.07331,1.0,4339
75,4,star_sign,mlp_h128,0.001,0.0,0.01773,1.0,4339
75,4,star_sign,attention,0.0001,1e-05,2.00339,1.0,4339
75,4,star_sign,shuffled,0.01,0.0001,2.25103,0.23761,4339
75,6,age_bin,ema_lr1e-3,0.001,0.0001,1.63965,0.30952,4339
75,6,age_bin,ema_lr5e-3,0.005,0.0001,1.29414,0.38603,4339
75,6,age_bin,ema_lr1e-2,0.01,0.0001,0.97043,0.5386,4339
75,6,age_bin,ema_lr5e-2,0.05,0.0001,0.24127,0.99562,4339
75,6,age_bin,ema_lr1e-2_wd1e-3,0.01,0.001,0.9654,0.55842,4339
75,6,age_bin,ema_d0.99,0.01,0.0001,0.97957,0.54782,4339
75,6,age_bin,ema_d0.9999,0.01,0.0001,0.93645,0.56004,4339
75,6,age_bin,mlp_h16,0.001,0.0,0.21169,1.0,4339
75,6,age_bin,mlp_h32,0.001,0.0,0.11028,1.0,4339
75,6,age_bin,mlp_h64,0.001,0.0,0.03069,1.0,4339
75,6,age_bin,mlp_h128,0.001,0.0,0.01142,1.0,4339
75,6,age_bin,attention,0.0001,1e-05,0.0946,0.99219,4339
75,6,age_bin,shuffled,0.01,0.0001,0.97515,0.52938,4339
75,6,gender,ema_lr1e-3,0.001,0.0001,1.021,0.50795,4339
75,6,gender,ema_lr5e-3,0.005,0.0001,0.94442,0.48859,4339
75,6,gender,ema_lr1e-2,0.01,0.0001,0.89627,0.47453,4339
75,6,gender,ema_lr5e-2,0.05,0.0001,0.71087,0.50542,4339
75,6,gender,ema_lr1e-2_wd1e-3,0.01,0.001,0.86724,0.50542,4339
75,6,gender,ema_d0.99,0.01,0.0001,0.90274,0.49044,4339
75,6,gender,ema_d0.9999,0.01,0.0001,0.85132,0.51256,4339
75,6,gender,mlp_h16,0.001,0.0,0.6866,0.54344,4339
75,6,gender,mlp_h32,0.001,0.0,0.68252,0.56649,4339
75,6,gender,mlp_h64,0.001,0.0,0.6865,0.53676,4339
75,6,gender,mlp_h128,0.001,0.0,0.68921,0.53353,4339
75,6,gender,attention,0.0001,1e-05,1.81153,0.52344,4339
75,6,gender,shuffled,0.01,0.0001,0.87609,0.49988,4339
75,6,star_sign,ema_lr1e-3,0.001,0.0001,3.15426,0.09288,4339
75,6,star_sign,ema_lr5e-3,0.005,0.0001,2.842,0.13759,4339
75,6,star_sign,ema_lr1e-2,0.01,0.0001,2.43316,0.18783,4339
75,6,star_sign,ema_lr5e-2,0.05,0.0001,0.65202,0.9569,4339
75,6,star_sign,ema_lr1e-2_wd1e-3,0.01,0.001,2.38163,0.18714,4339
75,6,star_sign,ema_d0.99,0.01,0.0001,2.52592,0.19083,4339
75,6,star_sign,ema_d0.9999,0.01,0.0001,2.50649,0.18253,4339
75,6,star_sign,mlp_h16,0.001,0.0,1.07461,0.96082,4339
75,6,star_sign,mlp_h32,0.001,0.0,0.22279,1.0,4339
75,6,star_sign,mlp_h64,0.001,0.0,0.08041,1.0,4339
75,6,star_sign,mlp_h128,0.001,0.0,0.02038,1.0,4339
75,6,star_sign,attention,0.0001,1e-05,0.28438,0.96875,4339
75,6,star_sign,shuffled,0.01,0.0001,2.42834,0.18991,4339
76,0,age_bin,ema_lr1e-3,0.001,0.0001,1.45348,0.3972,3935
76,0,age_bin,ema_lr5e-3,0.005,0.0001,1.29106,0.43634,3935
76,0,age_bin,ema_lr1e-2,0.01,0.0001,0.97493,0.5967,3935
76,0,age_bin,ema_lr5e-2,0.05,0.0001,0.24292,0.9906,3935
76,0,age_bin,ema_lr1e-2_wd1e-3,0.01,0.001,1.01025,0.51055,3935
76,0,age_bin,ema_d0.99,0.01,0.0001,1.02143,0.57001,3935
76,0,age_bin,ema_d0.9999,0.01,0.0001,1.0134,0.61067,3935
76,0,age_bin,mlp_h16,0.001,0.0,0.27594,0.99924,3935
76,0,age_bin,mlp_h32,0.001,0.0,0.11379,1.0,3935
76,0,age_bin,mlp_h64,0.001,0.0,0.02925,1.0,3935
76,0,age_bin,mlp_h128,0.001,0.0,0.01113,1.0,3935
76,0,age_bin,attention,0.0001,1e-05,1.01228,1.0,3935
76,0,age_bin,shuffled,0.01,0.0001,0.9605,0.60457,3935
76,0,gender,ema_lr1e-3,0.001,0.0001,1.05541,0.50724,3935
76,0,gender,ema_lr5e-3,0.005,0.0001,0.93916,0.51537,3935
76,0,gender,ema_lr1e-2,0.01,0.0001,0.88004,0.51055,3935
76,0,gender,ema_lr5e-2,0.05,0.0001,0.71894,0.52986,3935
76,0,gender,ema_lr1e-2_wd1e-3,0.01,0.001,0.91364,0.51588,3935
76,0,gender,ema_d0.99,0.01,0.0001,0.897,0.50165,3935
76,0,gender,ema_d0.9999,0.01,0.0001,0.92208,0.51461,3935
76,0,gender,mlp_h16,0.001,0.0,0.69219,0.52808,3935
76,0,gender,mlp_h32,0.001,0.0,0.69275,0.52249,3935
76,0,gender,mlp_h64,0.001,0.0,0.69106,0.53774,3935
76,0,gender,mlp_h128,0.001,0.0,0.69204,0.52783,3935
76,0,gender,attention,0.0001,1e-05,0.69352,0.4375,3935
76,0,gender,shuffled,0.01,0.0001,0.94204,0.48996,3935
76,0,star_sign,ema_lr1e-3,0.001,0.0001,3.11869,0.15629,3935
76,0,star_sign,ema_lr5e-3,0.005,0.0001,2.82322,0.16671,3935
76,0,star_sign,ema_lr1e-2,0.01,0.0001,2.45637,0.22516,3935
76,0,star_sign,ema_lr5e-2,0.05,0.0001,0.68717,0.93672,3935
76,0,star_sign,ema_lr1e-2_wd1e-3,0.01,0.001,2.44975,0.19822,3935
76,0,star_sign,ema_d0.99,0.01,0.0001,2.45683,0.20584,3935
76,0,star_sign,ema_d0.9999,0.01,0.0001,2.43626,0.24651,3935
76,0,star_sign,mlp_h16,0.001,0.0,0.51174,1.0,3935
76,0,star_sign,mlp_h32,0.001,0.0,0.30424,1.0,3935
76,0,star_sign,mlp_h64,0.001,0.0,0.10152,1.0,3935
76,0,star_sign,mlp_h128,0.001,0.0,0.02345,1.0,3935
76,0,star_sign,attention,0.0001,1e-05,2.35916,1.0,3935
76,0,star_sign,shuffled,0.01,0.0001,2.46956,0.23736,3935
76,4,age_bin,ema_lr1e-3,0.001,0.0001,1.39306,0.42567,3935
76,4,age_bin,ema_lr5e-3,0.005,0.0001,1.13051,0.4615,3935
76,4,age_bin,ema_lr1e-2,0.01,0.0001,0.84038,0.63914,3935
76,4,age_bin,ema_lr5e-2,0.05,0.0001,0.23019,0.99517,3935
76,4,age_bin,ema_lr1e-2_wd1e-3,0.01,0.001,0.86443,0.61118,3935
76,4,age_bin,ema_d0.99,0.01,0.0001,0.93462,0.56849,3935
76,4,age_bin,ema_d0.9999,0.01,0.0001,0.88817,0.59898,3935
76,4,age_bin,mlp_h16,0.001,0.0,0.1163,1.0,3935
76,4,age_bin,mlp_h32,0.001,0.0,0.06117,1.0,3935
76,4,age_bin,mlp_h64,0.001,0.0,0.01987,1.0,3935
76,4,age_bin,mlp_h128,0.001,0.0,0.01004,1.0,3935
76,4,age_bin,attention,0.0001,1e-05,0.10363,1.0,3935
76,4,age_bin,shuffled,0.01,0.0001,0.86129,0.57611,3935
76,4,gender,ema_lr1e-3,0.001,0.0001,0.93537,0.51588,3935
76,4,gender,ema_lr5e-3,0.005,0.0001,0.94826,0.47192,3935
76,4,gender,ema_lr1e-2,0.01,0.0001,0.83464,0.5141,3935
76,4,gender,ema_lr5e-2,0.05,0.0001,0.7092,0.52656,3935
76,4,gender,ema_lr1e-2_wd1e-3,0.01,0.001,0.83422,0.48564,3935
76,4,gender,ema_d0.99,0.01,0.0001,0.80322,0.49403,3935
76,4,gender,ema_d0.9999,0.01,0.0001,0.83412,0.48158,3935
76,4,gender,mlp_h16,0.001,0.0,0.69406,0.50902,3935
76,4,gender,mlp_h32,0.001,0.0,0.69029,0.53545,3935
76,4,gender,mlp_h64,0.001,0.0,0.68928,0.53825,3935
76,4,gender,mlp_h128,0.001,0.0,0.68926,0.54003,3935
76,4,gender,attention,0.0001,1e-05,0.69681,0.46094,3935
76,4,gender,shuffled,0.01,0.0001,0.82084,0.49276,3935
76,4,star_sign,ema_lr1e-3,0.001,0.0001,3.0602,0.1202,3935
76,4,star_sign,ema_lr5e-3,0.005,0.0001,2.65,0.12554,3935
76,4,star_sign,ema_lr1e-2,0.01,0.0001,2.33221,0.246,3935
76,4,star_sign,ema_lr5e-2,0.05,0.0001,0.60762,0.98602,3935
76,4,star_sign,ema_lr1e-2_wd1e-3,0.01,0.001,2.33729,0.24295,3935
76,4,star_sign,ema_d0.99,0.01,0.0001,2.32835,0.25083,3935
76,4,star_sign,ema_d0.9999,0.01,0.0001,2.2546,0.23659,3935
76,4,star_sign,mlp_h16,0.001,0.0,1.46342,0.98907,3935
76,4,star_sign,mlp_h32,0.001,0.0,0.15496,1.0,3935
76,4,star_sign,mlp_h64,0.001,0.0,0.07227,1.0,3935
76,4,star_sign,mlp_h128,0.001,0.0,0.01815,1.0,3935
76,4,star_sign,attention,0.0001,1e-05,1.9988,1.0,3935
76,4,star_sign,shuffled,0.01,0.0001,2.28111,0.22567,3935
76,6,age_bin,ema_lr1e-3,0.001,0.0001,1.60069,0.3108,3935
76,6,age_bin,ema_lr5e-3,0.005,0.0001,1.29004,0.39746,3935
76,6,age_bin,ema_lr1e-2,0.01,0.0001,0.96007,0.54384,3935
76,6,age_bin,ema_lr5e-2,0.05,0.0001,0.23605,0.99568,3935
76,6,age_bin,ema_lr1e-2_wd1e-3,0.01,0.001,1.02582,0.52376,3935
76,6,age_bin,ema_d0.99,0.01,0.0001,1.00312,0.5413,3935
76,6,age_bin,ema_d0.9999,0.01,0.0001,0.91276,0.56417,3935
76,6,age_bin,mlp_h16,0.001,0.0,0.19787,1.0,3935
76,6,age_bin,mlp_h32,0.001,0.0,0.10794,1.0,3935
76,6,age_bin,mlp_h64,0.001,0.0,0.02988,1.0,3935
76,6,age_bin,mlp_h128,0.001,0.0,0.01128,1.0,3935
76,6,age_bin,attention,0.0001,1e-05,0.00163,1.0,3935
76,6,age_bin,shuffled,0.01,0.0001,0.96456,0.54206,3935
76,6,gender,ema_lr1e-3,0.001,0.0001,1.07129,0.48691,3935
76,6,gender,ema_lr5e-3,0.005,0.0001,0.92886,0.49911,3935
76,6,gender,ema_lr1e-2,0.01,0.0001,0.94027,0.45947,3935
76,6,gender,ema_lr5e-2,0.05,0.0001,0.71844,0.51741,3935
76,6,gender,ema_lr1e-2_wd1e-3,0.01,0.001,0.8545,0.51614,3935
76,6,gender,ema_d0.99,0.01,0.0001,0.88055,0.5047,3935
76,6,gender,ema_d0.9999,0.01,0.0001,0.86867,0.50928,3935
76,6,gender,mlp_h16,0.001,0.0,0.68555,0.54943,3935
76,6,gender,mlp_h32,0.001,0.0,0.68784,0.53393,3935
76,6,gender,mlp_h64,0.001,0.0,0.68892,0.52427,3935
76,6,gender,mlp_h128,0.001,0.0,0.68612,0.53774,3935
76,6,gender,attention,0.0001,1e-05,1.7948,0.47656,3935
76,6,gender,shuffled,0.01,0.0001,0.85119,0.49708,3935
76,6,star_sign,ema_lr1e-3,0.001,0.0001,3.1155,0.09759,3935
76,6,star_sign,ema_lr5e-3,0.005,0.0001,2.71335,0.15654,3935
76,6,star_sign,ema_lr1e-2,0.01,0.0001,2.4343,0.20381,3935
76,6,star_sign,ema_lr5e-2,0.05,0.0001,0.672,0.94816,3935
76,6,star_sign,ema_lr1e-2_wd1e-3,0.01,0.001,2.39415,0.19593,3935
76,6,star_sign,ema_d0.99,0.01,0.0001,2.38233,0.22643,3935
76,6,star_sign,ema_d0.9999,0.01,0.0001,2.43595,0.19314,3935
76,6,star_sign,mlp_h16,0.001,0.0,1.06919,0.96442,3935
76,6,star_sign,mlp_h32,0.001,0.0,0.22035,1.0,3935
76,6,star_sign,mlp_h64,0.001,0.0,0.07783,1.0,3935
76,6,star_sign,mlp_h128,0.001,0.0,0.0198,1.0,3935
76,6,star_sign,attention,0.0001,1e-05,0.4061,0.95312,3935
76,6,star_sign,shuffled,0.01,0.0001,2.43006,0.19161,3935
77,0,age_bin,ema_lr1e-3,0.001,0.0001,1.46566,0.38355,4169
77,0,age_bin,ema_lr5e-3,0.005,0.0001,1.25865,0.45143,4169
77,0,age_bin,ema_lr1e-2,0.01,0.0001,0.97272,0.6047,4169
77,0,age_bin,ema_lr5e-2,0.05,0.0001,0.23157,0.99256,4169
77,0,age_bin,ema_lr1e-2_wd1e-3,0.01,0.001,0.94606,0.52938,4169
77,0,age_bin,ema_d0.99,0.01,0.0001,1.02302,0.57448,4169
77,0,age_bin,ema_d0.9999,0.01,0.0001,0.99626,0.61526,4169
77,0,age_bin,mlp_h16,0.001,0.0,0.27001,0.99952,4169
77,0,age_bin,mlp_h32,0.001,0.0,0.10939,1.0,4169
77,0,age_bin,mlp_h64,0.001,0.0,0.02776,1.0,4169
77,0,age_bin,mlp_h128,0.001,0.0,0.01064,1.0,4169
77,0,age_bin,attention,0.0001,1e-05,1.0108,1.0,4169
77,0,age_bin,shuffled,0.01,0.0001,0.94054,0.60374,4169
77,0,gender,ema_lr1e-3,0.001,0.0001,1.0562,0.49772,4169
77,0,gender,ema_lr5e-3,0.005,0.0001,0.9626,0.51283,4169
77,0,gender,ema_lr1e-2,0.01,0.0001,0.90499,0.48357,4169
77,0,gender,ema_lr5e-2,0.05,0.0001,0.72571,0.52818,4169
77,0,gender,ema_lr1e-2_wd1e-3,0.01,0.001,0.91335,0.51811,4169
77,0,gender,ema_d0.99,0.01,0.0001,0.89902,0.5078,4169
77,0,gender,ema_d0.9999,0.01,0.0001,0.94389,0.49316,4169
77,0,gender,mlp_h16,0.001,0.0,0.6906,0.53466,4169
77,0,gender,mlp_h32,0.001,0.0,0.69115,0.53322,4169
77,0,gender,mlp_h64,0.001,0.0,0.68965,0.53682,4169
77,0,gender,mlp_h128,0.001,0.0,0.69036,0.53394,4169
77,0,gender,attention,0.0001,1e-05,0.69316,0.45312,4169
77,0,gender,shuffled,0.01,0.0001,0.91093,0.497,4169
77,0,star_sign,ema_lr1e-3,0.001,0.0001,3.17371,0.15543,4169
77,0,star_sign,ema_lr5e-3,0.005,0.0001,2.84093,0.16071,4169
77,0,star_sign,ema_lr1e-2,0.01,0.0001,2.40298,0.22955,4169
77,0,star_sign,ema_lr5e-2,0.05,0.0001,0.66119,0.93763,4169
77,0,star_sign,ema_lr1e-2_wd1e-3,0.01,0.001,2.41954,0.18877,4169
77,0,star_sign,ema_d0.99,0.01,0.0001,2.41329,0.19885,4169
77,0,star_sign,ema_d0.9999,0.01,0.0001,2.42369,0.25977,4169
77,0,star_sign,mlp_h16,0.001,0.0,0.49701,1.0,4169
77,0,star_sign,mlp_h32,0.001,0.0,0.28954,1.0,4169
77,0,star_sign,mlp_h64,0.001,0.0,0.09348,1.0,4169
77,0,star_sign,mlp_h128,0.001,0.0,0.02195,1.0,4169
77,0,star_sign,attention,0.0001,1e-05,2.3574,1.0,4169
77,0,star_sign,shuffled,0.01,0.0001,2.45555,0.23363,4169
77,4,age_bin,ema_lr1e-3,0.001,0.0001,1.4235,0.41497,4169
77,4,age_bin,ema_lr5e-3,0.005,0.0001,1.13426,0.45191,4169
77,4,age_bin,ema_lr1e-2,0.01,0.0001,0.84576,0.63085,4169
77,4,age_bin,ema_lr5e-2,0.05,0.0001,0.23329,0.99592,4169
77,4,age_bin,ema_lr1e-2_wd1e-3,0.01,0.001,0.8999,0.59535,4169
77,4,age_bin,ema_d0.99,0.01,0.0001,0.87674,0.60926,4169
77,4,age_bin,ema_d0.9999,0.01,0.0001,0.88176,0.59367,4169
77,4,age_bin,mlp_h16,0.001,0.0,0.11102,1.0,4169
77,4,age_bin,mlp_h32,0.001,0.0,0.05748,1.0,4169
77,4,age_bin,mlp_h64,0.001,0.0,0.01858,1.0,4169
77,4,age_bin,mlp_h128,0.001,0.0,0.0095,1.0,4169
77,4,age_bin,attention,0.0001,1e-05,0.08209,1.0,4169
77,4,age_bin,shuffled,0.01,0.0001,0.88273,0.56704,4169
77,4,gender,ema_lr1e-3,0.001,0.0001,0.93416,0.52315,4169
77,4,gender,ema_lr5e-3,0.005,0.0001,0.90393,0.48981,4169
77,4,gender,ema_lr1e-2,0.01,0.0001,0.85464,0.50372,4169
77,4,gender,ema_lr5e-2,0.05,0.0001,0.72806,0.497,4169
77,4,gender,ema_lr1e-2_wd1e-3,0.01,0.001,0.82823,0.49556,4169
77,4,gender,ema_d0.99,0.01,0.0001,0.81939,0.47709,4169
77,4,gender,ema_d0.9999,0.01,0.0001,0.82869,0.49244,4169
77,4,gender,mlp_h16,0.001,0.0,0.69113,0.51259,4169
77,4,gender,mlp_h32,0.001,0.0,0.69063,0.53178,4169
77,4,gender,mlp_h64,0.001,0.0,0.69133,0.53274,4169
77,4,gender,mlp_h128,0.001,0.0,0.69194,0.52555,4169
77,4,gender,attention,0.0001,1e-05,0.69422,0.50781,4169
77,4,gender,shuffled,0.01,0.0001,0.80648,0.51211,4169
77,4,star_sign,ema_lr1e-3,0.001,0.0001,3.06743,0.12065,4169
77,4,star_sign,ema_lr5e-3,0.005,0.0001,2.68347,0.11681,4169
77,4,star_sign,ema_lr1e-2,0.01,0.0001,2.25592,0.25882,4169
77,4,star_sign,ema_lr5e-2,0.05,0.0001,0.5976,0.98681,4169
77,4,star_sign,ema_lr1e-2_wd1e-3,0.01,0.001,2.31711,0.24874,4169
77,4,star_sign,ema_d0.99,0.01,0.0001,2.28144,0.26553,4169
77,4,star_sign,ema_d0.9999,0.01,0.0001,2.25564,0.24083,4169
77,4,star_sign,mlp_h16,0.001,0.0,1.43755,0.99017,4169
77,4,star_sign,mlp_h32,0.001,0.0,0.14515,1.0,4169
77,4,star_sign,mlp_h64,0.001,0.0,0.06534,1.0,4169
77,4,star_sign,mlp_h128,0.001,0.0,0.01657,1.0,4169
77,4,star_sign,attention,0.0001,1e-05,1.99443,1.0,4169
77,4,star_sign,shuffled,0.01,0.0001,2.23668,0.24562,4169
77,6,age_bin,ema_lr1e-3,0.001,0.0001,1.58679,0.31878,4169
77,6,age_bin,ema_lr5e-3,0.005,0.0001,1.23331,0.41497,4169
77,6,age_bin,ema_lr1e-2,0.01,0.0001,0.96947,0.54521,4169
77,6,age_bin,ema_lr5e-2,0.05,0.0001,0.22537,0.9964,4169
77,6,age_bin,ema_lr1e-2_wd1e-3,0.01,0.001,0.96688,0.55001,4169
77,6,age_bin,ema_d0.99,0.01,0.0001,0.97585,0.55313,4169
77,6,age_bin,ema_d0.9999,0.01,0.0001,1.01149,0.50636,4169
77,6,age_bin,mlp_h16,0.001,0.0,0.20073,0.99952,4169
77,6,age_bin,mlp_h32,0.001,0.0,0.10705,1.0,4169
77,6,age_bin,mlp_h64,0.001,0.0,0.03035,1.0,4169
77,6,age_bin,mlp_h128,0.001,0.0,0.01137,1.0,4169
77,6,age_bin,attention,0.0001,1e-05,0.0201,0.99219,4169
77,6,age_bin,shuffled,0.01,0.0001,0.93092,0.55841,4169
77,6,gender,ema_lr1e-3,0.001,0.0001,0.99896,0.52075,4169
77,6,gender,ema_lr5e-3,0.005,0.0001,0.95338,0.49628,4169
77,6,gender,ema_lr1e-2,0.01,0.0001,0.86462,0.4946,4169
77,6,gender,ema_lr5e-2,0.05,0.0001,0.71836,0.51547,4169
77,6,gender,ema_lr1e-2_wd1e-3,0.01,0.001,0.89309,0.49436,4169
77,6,gender,ema_d0.99,0.01,0.0001,0.88202,0.49388,4169
77,6,gender,ema_d0.9999,0.01,0.0001,0.9177,0.48837,4169
77,6,gender,mlp_h16,0.001,0.0,0.69044,0.52315,4169
77,6,gender,mlp_h32,0.001,0.0,0.69228,0.52914,4169
77,6,gender,mlp_h64,0.001,0.0,0.6903,0.52818,4169
77,6,gender,mlp_h128,0.001,0.0,0.69347,0.51619,4169
77,6,gender,attention,0.0001,1e-05,1.44596,0.57031,4169
77,6,gender,shuffled,0.01,0.0001,0.85346,0.51091,4169
77,6,star_sign,ema_lr1e-3,0.001,0.0001,3.11089,0.09834,4169
77,6,star_sign,ema_lr5e-3,0.005,0.0001,2.90065,0.13912,4169
77,6,star_sign,ema_lr1e-2,0.01,0.0001,2.47878,0.18278,4169
77,6,star_sign,ema_lr5e-2,0.05,0.0001,0.66456,0.94723,4169
77,6,star_sign,ema_lr1e-2_wd1e-3,0.01,0.001,2.47024,0.17438,4169
77,6,star_sign,ema_d0.99,0.01,0.0001,2.47939,0.19549,4169
77,6,star_sign,ema_d0.9999,0.01,0.0001,2.3723,0.20245,4169
77,6,star_sign,mlp_h16,0.001,0.0,1.04191,0.96642,4169
77,6,star_sign,mlp_h32,0.001,0.0,0.20798,1.0,4169
77,6,star_sign,mlp_h64,0.001,0.0,0.07571,1.0,4169
77,6,star_sign,mlp_h128,0.001,0.0,0.02082,1.0,4169
77,6,star_sign,attention,0.0001,1e-05,0.57089,0.92969,4169
77,6,star_sign,shuffled,0.01,0.0001,2.43325,0.19813,4169
78,0,age_bin,ema_lr1e-3,0.001,0.0001,1.51624,0.35831,427
78,0,age_bin,ema_lr5e-3,0.005,0.0001,1.26847,0.42623,427
78,0,age_bin,ema_lr1e-2,0.01,0.0001,0.94191,0.6089,427
78,0,age_bin,ema_lr5e-2,0.05,0.0001,0.23973,0.98361,427
78,0,age_bin,ema_lr1e-2_wd1e-3,0.01,0.001,0.91369,0.59485,427
78,0,age_bin,ema_d0.99,0.01,0.0001,0.94864,0.60656,427
78,0,age_bin,ema_d0.9999,0.01,0.0001,0.9321,0.63466,427
78,0,age_bin,mlp_h16,0.001,0.0,0.25181,1.0,427
78,0,age_bin,mlp_h32,0.001,0.0,0.10394,1.0,427
78,0,age_bin,mlp_h64,0.001,0.0,0.02638,1.0,427
78,0,age_bin,mlp_h128,0.001,0.0,0.01045,1.0,427
78,0,age_bin,attention,0.0001,1e-05,1.00835,1.0,427
78,0,age_bin,shuffled,0.01,0.0001,0.93664,0.59953,427
78,0,gender,ema_lr1e-3,0.001,0.0001,1.00415,0.49883,427
78,0,gender,ema_lr5e-3,0.005,0.0001,0.97488,0.48712,427
78,0,gender,ema_lr1e-2,0.01,0.0001,0.88868,0.47541,427
78,0,gender,ema_lr5e-2,0.05,0.0001,0.74251,0.50351,427
78,0,gender,ema_lr1e-2_wd1e-3,0.01,0.001,0.92218,0.5082,427
78,0,gender,ema_d0.99,0.01,0.0001,0.87626,0.52927,427
78,0,gender,ema_d0.9999,0.01,0.0001,0.87128,0.5082,427
78,0,gender,mlp_h16,0.001,0.0,0.68446,0.59016,427
78,0,gender,mlp_h32,0.001,0.0,0.68798,0.5644,427
78,0,gender,mlp_h64,0.001,0.0,0.68309,0.5808,427
78,0,gender,mlp_h128,0.001,0.0,0.68593,0.57611,427
78,0,gender,attention,0.0001,1e-05,0.69246,0.375,427
78,0,gender,shuffled,0.01,0.0001,0.92623,0.47775,427
78,0,star_sign,ema_lr1e-3,0.001,0.0001,3.15195,0.15222,427
78,0,star_sign,ema_lr5e-3,0.005,0.0001,2.82648,0.15222,427
78,0,star_sign,ema_lr1e-2,0.01,0.0001,2.40741,0.22014,427
78,0,star_sign,ema_lr5e-2,0.05,0.0001,0.65743,0.94614,427
78,0,star_sign,ema_lr1e-2_wd1e-3,0.01,0.001,2.41636,0.17799,427
78,0,star_sign,ema_d0.99,0.01,0.0001,2.35538,0.20141,427
78,0,star_sign,ema_d0.9999,0.01,0.0001,2.46462,0.2459,427
78,0,star_sign,mlp_h16,0.001,0.0,0.5083,1.0,427
78,0,star_sign,mlp_h32,0.001,0.0,0.27254,1.0,427
78,0,star_sign,mlp_h64,0.001,0.0,0.08876,1.0,427
78,0,star_sign,mlp_h128,0.001,0.0,0.0212,1.0,427
78,0,star_sign,attention,0.0001,1e-05,2.35492,1.0,427
78,0,star_sign,shuffled,0.01,0.0001,2.49461,0.24122,427
78,4,age_bin,ema_lr1e-3,0.001,0.0001,1.45047,0.43794,427
78,4,age_bin,ema_lr5e-3,0.005,0.0001,1.16232,0.45433,427
78,4,age_bin,ema_lr1e-2,0.01,0.0001,0.82543,0.63466,427
78,4,age_bin,ema_lr5e-2,0.05,0.0001,0.22045,0.99766,427
78,4,age_bin,ema_lr1e-2_wd1e-3,0.01,0.001,0.87658,0.59953,427
78,4,age_bin,ema_d0.99,0.01,0.0001,0.79968,0.66276,427
78,4,age_bin,ema_d0.9999,0.01,0.0001,0.80552,0.62998,427
78,4,age_bin,mlp_h16,0.001,0.0,0.1115,1.0,427
78,4,age_bin,mlp_h32,0.001,0.0,0.06088,1.0,427
78,4,age_bin,mlp_h64,0.001,0.0,0.01923,1.0,427
78,4,age_bin,mlp_h128,0.001,0.0,0.01056,1.0,427
78,4,age_bin,attention,0.0001,1e-05,0.0764,1.0,427
78,4,age_bin,shuffled,0.01,0.0001,0.85591,0.57611,427
78,4,gender,ema_lr1e-3,0.001,0.0001,1.02314,0.45433,427
78,4,gender,ema_lr5e-3,0.005,0.0001,0.92884,0.48244,427
78,4,gender,ema_lr1e-2,0.01,0.0001,0.92016,0.46604,427
78,4,gender,ema_lr5e-2,0.05,0.0001,0.71922,0.51991,427
78,4,gender,ema_lr1e-2_wd1e-3,0.01,0.001,0.73508,0.51756,427
78,4,gender,ema_d0.99,0.01,0.0001,0.83262,0.49415,427
78,4,gender,ema_d0.9999,0.01,0.0001,0.74391,0.55504,427
78,4,gender,mlp_h16,0.001,0.0,0.6772,0.63934,427
78,4,gender,mlp_h32,0.001,0.0,0.67995,0.59485,427
78,4,gender,mlp_h64,0.001,0.0,0.68075,0.60422,427
78,4,gender,mlp_h128,0.001,0.0,0.68698,0.54333,427
78,4,gender,attention,0.0001,1e-05,0.68854,0.625,427
78,4,gender,shuffled,0.01,0.0001,0.82346,0.50351,427
78,4,star_sign,ema_lr1e-3,0.001,0.0001,2.94149,0.12881,427
78,4,star_sign,ema_lr5e-3,0.005,0.0001,2.72652,0.11944,427
78,4,star_sign,ema_lr1e-2,0.01,0.0001,2.20906,0.28571,427
78,4,star_sign,ema_lr5e-2,0.05,0.0001,0.61662,0.98361,427
78,4,star_sign,ema_lr1e-2_wd1e-3,0.01,0.001,2.36641,0.24122,427
78,4,star_sign,ema_d0.99,0.01,0.0001,2.11468,0.31148,427
78,4,star_sign,ema_d0.9999,0.01,0.0001,2.20423,0.26698,427
78,4,star_sign,mlp_h16,0.001,0.0,1.35602,0.99297,427
78,4,star_sign,mlp_h32,0.001,0.0,0.15027,1.0,427
78,4,star_sign,mlp_h64,0.001,0.0,0.0713,1.0,427
78,4,star_sign,mlp_h128,0.001,0.0,0.01842,1.0,427
78,4,star_sign,attention,0.0001,1e-05,1.99071,1.0,427
78,4,star_sign,shuffled,0.01,0.0001,2.14705,0.28337,427
78,6,age_bin,ema_lr1e-3,0.001,0.0001,1.71399,0.28571,427
78,6,age_bin,ema_lr5e-3,0.005,0.0001,1.1247,0.45433,427
78,6,age_bin,ema_lr1e-2,0.01,0.0001,1.0938,0.46136,427
78,6,age_bin,ema_lr5e-2,0.05,0.0001,0.23173,0.99297,427
78,6,age_bin,ema_lr1e-2_wd1e-3,0.01,0.001,0.9803,0.54567,427
78,6,age_bin,ema_d0.99,0.01,0.0001,1.13694,0.4637,427
78,6,age_bin,ema_d0.9999,0.01,0.0001,0.81469,0.637,427
78,6,age_bin,mlp_h16,0.001,0.0,0.20954,1.0,427
78,6,age_bin,mlp_h32,0.001,0.0,0.10652,1.0,427
78,6,age_bin,mlp_h64,0.001,0.0,0.03088,1.0,427
78,6,age_bin,mlp_h128,0.001,0.0,0.01087,1.0,427
78,6,age_bin,attention,0.0001,1e-05,0.0,1.0,427
78,6,age_bin,shuffled,0.01,0.0001,0.84669,0.61358,427
78,6,gender,ema_lr1e-3,0.001,0.0001,1.30295,0.40047,427
78,6,gender,ema_lr5e-3,0.005,0.0001,0.79495,0.57611,427
78,6,gender,ema_lr1e-2,0.01,0.0001,0.89652,0.47307,427
78,6,gender,ema_lr5e-2,0.05,0.0001,0.68578,0.53864,427
78,6,gender,ema_lr1e-2_wd1e-3,0.01,0.001,0.83116,0.53864,427
78,6,gender,ema_d0.99,0.01,0.0001,0.79265,0.54333,427
78,6,gender,ema_d0.9999,0.01,0.0001,0.7989,0.57377,427
78,6,gender,mlp_h16,0.001,0.0,0.68959,0.5363,427
78,6,gender,mlp_h32,0.001,0.0,0.67367,0.61358,427
78,6,gender,mlp_h64,0.001,0.0,0.68134,0.58782,427
78,6,gender,mlp_h128,0.001,0.0,0.67473,0.58782,427
78,6,gender,attention,0.0001,1e-05,1.8075,0.4375,427
78,6,gender,shuffled,0.01,0.0001,0.86618,0.51522,427
78,6,star_sign,ema_lr1e-3,0.001,0.0001,3.30195,0.05152,427
78,6,star_sign,ema_lr5e-3,0.005,0.0001,2.51531,0.1897,427
78,6,star_sign,ema_lr1e-2,0.01,0.0001,2.32792,0.22951,427
78,6,star_sign,ema_lr5e-2,0.05,0.0001,0.64284,0.96253,427
78,6,star_sign,ema_lr1e-2_wd1e-3,0.01,0.001,2.17831,0.26464,427
78,6,star_sign,ema_d0.99,0.01,0.0001,2.81692,0.13817,427
78,6,star_sign,ema_d0.9999,0.01,0.0001,2.25527,0.24122,427
78,6,star_sign,mlp_h16,0.001,0.0,1.0746,0.96253,427
78,6,star_sign,mlp_h32,0.001,0.0,0.21728,1.0,427
78,6,star_sign,mlp_h64,0.001,0.0,0.07101,1.0,427
78,6,star_sign,mlp_h128,0.001,0.0,0.01946,1.0,427
78,6,star_sign,attention,0.0001,1e-05,0.30492,0.9375,427
78,6,star_sign,shuffled,0.01,0.0001,2.42034,0.2178,427
