batch,layer,task,config,lr,wd,loss,batch_acc,n_tokens
0,0,age_bin,ema_lr1e-3,0.001,0.0001,1.64657,0.2591,4064
0,0,age_bin,ema_lr5e-3,0.005,0.0001,1.56482,0.3093,4064
0,0,age_bin,ema_lr1e-2,0.01,0.0001,1.61295,0.31348,4064
0,0,age_bin,ema_lr5e-2,0.05,0.0001,1.60735,0.30561,4064
0,0,age_bin,ema_lr1e-2_wd1e-3,0.01,0.001,1.56663,0.33292,4064
0,0,age_bin,ema_d0.99,0.01,0.0001,1.70037,0.32456,4064
0,0,age_bin,ema_d0.9999,0.01,0.0001,1.62508,0.4156,4064
0,0,age_bin,mlp_h16,0.001,0.0,1.15946,0.172,4064
0,0,age_bin,mlp_h32,0.001,0.0,1.09921,0.29995,4064
0,0,age_bin,mlp_h64,0.001,0.0,1.16992,0.1907,4064
0,0,age_bin,mlp_h128,0.001,0.0,0.92591,0.70497,4064
0,0,age_bin,attention,0.0001,1e-05,1.08288,0.97656,4064
0,0,age_bin,shuffled,0.01,0.0001,1.61188,0.3253,4064
0,0,gender,ema_lr1e-3,0.001,0.0001,1.10473,0.50049,4064
0,0,gender,ema_lr5e-3,0.005,0.0001,1.09863,0.49237,4064
0,0,gender,ema_lr1e-2,0.01,0.0001,1.04081,0.50517,4064
0,0,gender,ema_lr5e-2,0.05,0.0001,1.05266,0.50271,4064
0,0,gender,ema_lr1e-2_wd1e-3,0.01,0.001,1.08787,0.49483,4064
0,0,gender,ema_d0.99,0.01,0.0001,1.05273,0.48745,4064
0,0,gender,ema_d0.9999,0.01,0.0001,1.15628,0.49114,4064
0,0,gender,mlp_h16,0.001,0.0,0.7099,0.47687,4064
0,0,gender,mlp_h32,0.001,0.0,0.72477,0.46186,4064
0,0,gender,mlp_h64,0.001,0.0,0.70739,0.48917,4064
0,0,gender,mlp_h128,0.001,0.0,0.71005,0.49902,4064
0,0,gender,attention,0.0001,1e-05,0.69456,0.46094,4064
0,0,gender,shuffled,0.01,0.0001,1.03963,0.49951,4064
0,0,star_sign,ema_lr1e-3,0.001,0.0001,3.38136,0.06422,4064
0,0,star_sign,ema_lr5e-3,0.005,0.0001,3.24857,0.08194,4064
0,0,star_sign,ema_lr1e-2,0.01,0.0001,3.27142,0.07874,4064
0,0,star_sign,ema_lr5e-2,0.05,0.0001,3.26089,0.03346,4064
0,0,star_sign,ema_lr1e-2_wd1e-3,0.01,0.001,3.28323,0.12623,4064
0,0,star_sign,ema_d0.99,0.01,0.0001,3.29447,0.07259,4064
0,0,star_sign,ema_d0.9999,0.01,0.0001,3.28907,0.04552,4064
0,0,star_sign,mlp_h16,0.001,0.0,2.69691,0.00148,4064
0,0,star_sign,mlp_h32,0.001,0.0,2.23921,0.31865,4064
0,0,star_sign,mlp_h64,0.001,0.0,2.86957,0.0,4064
0,0,star_sign,mlp_h128,0.001,0.0,2.4358,0.08489,4064
0,0,star_sign,attention,0.0001,1e-05,2.49073,0.0,4064
0,0,star_sign,shuffled,0.01,0.0001,3.27165,0.07948,4064
0,4,age_bin,ema_lr1e-3,0.001,0.0001,1.47749,0.33735,4064
0,4,age_bin,ema_lr5e-3,0.005,0.0001,1.52049,0.30217,4064
0,4,age_bin,ema_lr1e-2,0.01,0.0001,1.738,0.24016,4064
0,4,age_bin,ema_lr5e-2,0.05,0.0001,1.53255,0.36319,4064
0,4,age_bin,ema_lr1e-2_wd1e-3,0.01,0.001,1.67827,0.35802,4064
0,4,age_bin,ema_d0.99,0.01,0.0001,1.60349,0.41929,4064
0,4,age_bin,ema_d0.9999,0.01,0.0001,1.65528,0.39739,4064
0,4,age_bin,mlp_h16,0.001,0.0,1.06503,0.42347,4064
0,4,age_bin,mlp_h32,0.001,0.0,1.11852,0.26206,4064
0,4,age_bin,mlp_h64,0.001,0.0,1.05137,0.42741,4064
0,4,age_bin,mlp_h128,0.001,0.0,1.13318,0.24114,4064
0,4,age_bin,attention,0.0001,1e-05,0.82713,1.0,4064
0,4,age_bin,shuffled,0.01,0.0001,1.87444,0.35015,4064
0,4,gender,ema_lr1e-3,0.001,0.0001,1.11393,0.48351,4064
0,4,gender,ema_lr5e-3,0.005,0.0001,1.14192,0.50344,4064
0,4,gender,ema_lr1e-2,0.01,0.0001,1.03477,0.50295,4064
0,4,gender,ema_lr5e-2,0.05,0.0001,0.98096,0.51476,4064
0,4,gender,ema_lr1e-2_wd1e-3,0.01,0.001,1.00419,0.51698,4064
0,4,gender,ema_d0.99,0.01,0.0001,0.99698,0.48081,4064
0,4,gender,ema_d0.9999,0.01,0.0001,0.95364,0.49434,4064
0,4,gender,mlp_h16,0.001,0.0,0.69434,0.55586,4064
0,4,gender,mlp_h32,0.001,0.0,0.70069,0.48401,4064
0,4,gender,mlp_h64,0.001,0.0,0.72585,0.44464,4064
0,4,gender,mlp_h128,0.001,0.0,0.70933,0.47687,4064
0,4,gender,attention,0.0001,1e-05,2.64595,0.4375,4064
0,4,gender,shuffled,0.01,0.0001,0.97073,0.50837,4064
0,4,star_sign,ema_lr1e-3,0.001,0.0001,3.20053,0.07677,4064
0,4,star_sign,ema_lr5e-3,0.005,0.0001,3.33621,0.09646,4064
0,4,star_sign,ema_lr1e-2,0.01,0.0001,3.08086,0.08784,4064
0,4,star_sign,ema_lr5e-2,0.05,0.0001,3.29692,0.06422,4064
0,4,star_sign,ema_lr1e-2_wd1e-3,0.01,0.001,3.11135,0.12451,4064
0,4,star_sign,ema_d0.99,0.01,0.0001,3.20155,0.07136,4064
0,4,star_sign,ema_d0.9999,0.01,0.0001,3.19518,0.05069,4064
0,4,star_sign,mlp_h16,0.001,0.0,2.50206,0.00787,4064
0,4,star_sign,mlp_h32,0.001,0.0,2.42492,0.10089,4064
0,4,star_sign,mlp_h64,0.001,0.0,2.38778,0.1095,4064
0,4,star_sign,mlp_h128,0.001,0.0,2.41707,0.08883,4064
0,4,star_sign,attention,0.0001,1e-05,2.59685,0.0,4064
0,4,star_sign,shuffled,0.01,0.0001,3.24451,0.11762,4064
0,6,age_bin,ema_lr1e-3,0.001,0.0001,1.58662,0.33465,4064
0,6,age_bin,ema_lr5e-3,0.005,0.0001,1.62973,0.33735,4064
0,6,age_bin,ema_lr1e-2,0.01,0.0001,1.64925,0.31398,4064
0,6,age_bin,ema_lr5e-2,0.05,0.0001,1.62188,0.2997,4064
0,6,age_bin,ema_lr1e-2_wd1e-3,0.01,0.001,1.64437,0.32013,4064
0,6,age_bin,ema_d0.99,0.01,0.0001,1.65128,0.31324,4064
0,6,age_bin,ema_d0.9999,0.01,0.0001,1.57893,0.32776,4064
0,6,age_bin,mlp_h16,0.001,0.0,0.89896,0.85605,4064
0,6,age_bin,mlp_h32,0.001,0.0,1.02105,0.38066,4064
0,6,age_bin,mlp_h64,0.001,0.0,1.06377,0.3312,4064
0,6,age_bin,mlp_h128,0.001,0.0,1.09846,0.35212,4064
0,6,age_bin,attention,0.0001,1e-05,8.6773,0.02344,4064
0,6,age_bin,shuffled,0.01,0.0001,1.58512,0.32751,4064
0,6,gender,ema_lr1e-3,0.001,0.0001,1.05521,0.48942,4064
0,6,gender,ema_lr5e-3,0.005,0.0001,0.96145,0.53322,4064
0,6,gender,ema_lr1e-2,0.01,0.0001,0.99289,0.51132,4064
0,6,gender,ema_lr5e-2,0.05,0.0001,1.023,0.48253,4064
0,6,gender,ema_lr1e-2_wd1e-3,0.01,0.001,1.06891,0.49434,4064
0,6,gender,ema_d0.99,0.01,0.0001,1.07797,0.5064,4064
0,6,gender,ema_d0.9999,0.01,0.0001,1.15937,0.47539,4064
0,6,gender,mlp_h16,0.001,0.0,0.72867,0.43209,4064
0,6,gender,mlp_h32,0.001,0.0,0.70341,0.53888,4064
0,6,gender,mlp_h64,0.001,0.0,0.70652,0.50541,4064
0,6,gender,mlp_h128,0.001,0.0,0.71908,0.46703,4064
0,6,gender,attention,0.0001,1e-05,3.06338,0.46875,4064
0,6,gender,shuffled,0.01,0.0001,1.07379,0.50369,4064
0,6,star_sign,ema_lr1e-3,0.001,0.0001,3.24704,0.0935,4064
0,6,star_sign,ema_lr5e-3,0.005,0.0001,3.26874,0.09055,4064
0,6,star_sign,ema_lr1e-2,0.01,0.0001,3.32384,0.07603,4064
0,6,star_sign,ema_lr5e-2,0.05,0.0001,3.21955,0.09966,4064
0,6,star_sign,ema_lr1e-2_wd1e-3,0.01,0.001,3.25633,0.10261,4064
0,6,star_sign,ema_d0.99,0.01,0.0001,3.25413,0.06324,4064
0,6,star_sign,ema_d0.9999,0.01,0.0001,3.30729,0.06275,4064
0,6,star_sign,mlp_h16,0.001,0.0,2.80356,0.00369,4064
0,6,star_sign,mlp_h32,0.001,0.0,2.69106,0.00172,4064
0,6,star_sign,mlp_h64,0.001,0.0,2.6673,0.01083,4064
0,6,star_sign,mlp_h128,0.001,0.0,2.48822,0.0529,4064
0,6,star_sign,attention,0.0001,1e-05,11.62792,0.00781,4064
0,6,star_sign,shuffled,0.01,0.0001,3.27519,0.07972,4064
1,0,age_bin,ema_lr1e-3,0.001,0.0001,1.64314,0.26586,4382
1,0,age_bin,ema_lr5e-3,0.005,0.0001,1.5646,0.30899,4382
1,0,age_bin,ema_lr1e-2,0.01,0.0001,1.57636,0.32656,4382
1,0,age_bin,ema_lr5e-2,0.05,0.0001,1.55301,0.30397,4382
1,0,age_bin,ema_lr1e-2_wd1e-3,0.01,0.001,1.55257,0.30009,4382
1,0,age_bin,ema_d0.99,0.01,0.0001,1.67476,0.32999,4382
1,0,age_bin,ema_d0.9999,0.01,0.0001,1.59205,0.41921,4382
1,0,age_bin,mlp_h16,0.001,0.0,1.13908,0.18371,4382
1,0,age_bin,mlp_h32,0.001,0.0,1.06619,0.43565,4382
1,0,age_bin,mlp_h64,0.001,0.0,1.11757,0.30237,4382
1,0,age_bin,mlp_h128,0.001,0.0,0.85011,0.88316,4382
1,0,age_bin,attention,0.0001,1e-05,1.08127,1.0,4382
1,0,age_bin,shuffled,0.01,0.0001,1.58368,0.32907,4382
1,0,gender,ema_lr1e-3,0.001,0.0001,1.08121,0.50913,4382
1,0,gender,ema_lr5e-3,0.005,0.0001,1.09806,0.49566,4382
1,0,gender,ema_lr1e-2,0.01,0.0001,1.04436,0.50707,4382
1,0,gender,ema_lr5e-2,0.05,0.0001,1.03177,0.49703,4382
1,0,gender,ema_lr1e-2_wd1e-3,0.01,0.001,1.08094,0.50091,4382
1,0,gender,ema_d0.99,0.01,0.0001,1.03859,0.49658,4382
1,0,gender,ema_d0.9999,0.01,0.0001,1.14732,0.49178,4382
1,0,gender,mlp_h16,0.001,0.0,0.70305,0.50434,4382
1,0,gender,mlp_h32,0.001,0.0,0.7067,0.49498,4382
1,0,gender,mlp_h64,0.001,0.0,0.70245,0.49133,4382
1,0,gender,mlp_h128,0.001,0.0,0.70267,0.49977,4382
1,0,gender,attention,0.0001,1e-05,0.69285,0.50781,4382
1,0,gender,shuffled,0.01,0.0001,1.05339,0.49772,4382
1,0,star_sign,ema_lr1e-3,0.001,0.0001,3.41811,0.05956,4382
1,0,star_sign,ema_lr5e-3,0.005,0.0001,3.24385,0.08695,4382
1,0,star_sign,ema_lr1e-2,0.01,0.0001,3.26471,0.08535,4382
1,0,star_sign,ema_lr5e-2,0.05,0.0001,3.16725,0.04336,4382
1,0,star_sign,ema_lr1e-2_wd1e-3,0.01,0.001,3.27412,0.12802,4382
1,0,star_sign,ema_d0.99,0.01,0.0001,3.26125,0.07485,4382
1,0,star_sign,ema_d0.9999,0.01,0.0001,3.27582,0.05933,4382
1,0,star_sign,mlp_h16,0.001,0.0,2.66887,0.00137,4382
1,0,star_sign,mlp_h32,0.001,0.0,2.19295,0.43336,4382
1,0,star_sign,mlp_h64,0.001,0.0,2.79379,0.00023,4382
1,0,star_sign,mlp_h128,0.001,0.0,2.32767,0.20721,4382
1,0,star_sign,attention,0.0001,1e-05,2.4882,0.0,4382
1,0,star_sign,shuffled,0.01,0.0001,3.24103,0.07554,4382
1,4,age_bin,ema_lr1e-3,0.001,0.0001,1.47619,0.34368,4382
1,4,age_bin,ema_lr5e-3,0.005,0.0001,1.51854,0.29941,4382
1,4,age_bin,ema_lr1e-2,0.01,0.0001,1.75327,0.24418,4382
1,4,age_bin,ema_lr5e-2,0.05,0.0001,1.45012,0.36422,4382
1,4,age_bin,ema_lr1e-2_wd1e-3,0.01,0.001,1.66485,0.36604,4382
1,4,age_bin,ema_d0.99,0.01,0.0001,1.56993,0.41374,4382
1,4,age_bin,ema_d0.9999,0.01,0.0001,1.6446,0.3859,4382
1,4,age_bin,mlp_h16,0.001,0.0,1.04043,0.53035,4382
1,4,age_bin,mlp_h32,0.001,0.0,1.07874,0.33021,4382
1,4,age_bin,mlp_h64,0.001,0.0,1.00263,0.53902,4382
1,4,age_bin,mlp_h128,0.001,0.0,1.0408,0.411,4382
1,4,age_bin,attention,0.0001,1e-05,0.81501,1.0,4382
1,4,age_bin,shuffled,0.01,0.0001,1.8426,0.33911,4382
1,4,gender,ema_lr1e-3,0.001,0.0001,1.10451,0.4927,4382
1,4,gender,ema_lr5e-3,0.005,0.0001,1.08977,0.50707,4382
1,4,gender,ema_lr1e-2,0.01,0.0001,1.04542,0.50342,4382
1,4,gender,ema_lr5e-2,0.05,0.0001,1.02304,0.48768,4382
1,4,gender,ema_lr1e-2_wd1e-3,0.01,0.001,0.95753,0.52396,4382
1,4,gender,ema_d0.99,0.01,0.0001,0.93428,0.51209,4382
1,4,gender,ema_d0.9999,0.01,0.0001,0.95812,0.48905,4382
1,4,gender,mlp_h16,0.001,0.0,0.71027,0.50251,4382
1,4,gender,mlp_h32,0.001,0.0,0.69674,0.51232,4382
1,4,gender,mlp_h64,0.001,0.0,0.7057,0.49156,4382
1,4,gender,mlp_h128,0.001,0.0,0.69954,0.50091,4382
1,4,gender,attention,0.0001,1e-05,2.10041,0.51562,4382
1,4,gender,shuffled,0.01,0.0001,0.95973,0.49361,4382
1,4,star_sign,ema_lr1e-3,0.001,0.0001,3.2085,0.0744,4382
1,4,star_sign,ema_lr5e-3,0.005,0.0001,3.29654,0.0963,4382
1,4,star_sign,ema_lr1e-2,0.01,0.0001,3.09262,0.0785,4382
1,4,star_sign,ema_lr5e-2,0.05,0.0001,3.12233,0.07622,4382
1,4,star_sign,ema_lr1e-2_wd1e-3,0.01,0.001,3.06889,0.12825,4382
1,4,star_sign,ema_d0.99,0.01,0.0001,3.14628,0.07554,4382
1,4,star_sign,ema_d0.9999,0.01,0.0001,3.16867,0.05819,4382
1,4,star_sign,mlp_h16,0.001,0.0,2.47135,0.00867,4382
1,4,star_sign,mlp_h32,0.001,0.0,2.36347,0.14856,4382
1,4,star_sign,mlp_h64,0.001,0.0,2.30587,0.24441,4382
1,4,star_sign,mlp_h128,0.001,0.0,2.29125,0.2613,4382
1,4,star_sign,attention,0.0001,1e-05,2.57427,0.0,4382
1,4,star_sign,shuffled,0.01,0.0001,3.1886,0.14126,4382
1,6,age_bin,ema_lr1e-3,0.001,0.0001,1.63442,0.32268,4382
1,6,age_bin,ema_lr5e-3,0.005,0.0001,1.65316,0.34459,4382
1,6,age_bin,ema_lr1e-2,0.01,0.0001,1.59586,0.32885,4382
1,6,age_bin,ema_lr5e-2,0.05,0.0001,1.53935,0.29576,4382
1,6,age_bin,ema_lr1e-2_wd1e-3,0.01,0.001,1.66473,0.31903,4382
1,6,age_bin,ema_d0.99,0.01,0.0001,1.66899,0.30602,4382
1,6,age_bin,ema_d0.9999,0.01,0.0001,1.52197,0.34026,4382
1,6,age_bin,mlp_h16,0.001,0.0,0.87864,0.89297,4382
1,6,age_bin,mlp_h32,0.001,0.0,0.99156,0.44911,4382
1,6,age_bin,mlp_h64,0.001,0.0,1.01435,0.4466,4382
1,6,age_bin,mlp_h128,0.001,0.0,1.01665,0.56139,4382
1,6,age_bin,attention,0.0001,1e-05,7.51046,0.0625,4382
1,6,age_bin,shuffled,0.01,0.0001,1.58062,0.31721,4382
1,6,gender,ema_lr1e-3,0.001,0.0001,1.12844,0.48654,4382
1,6,gender,ema_lr5e-3,0.005,0.0001,1.04115,0.49247,4382
1,6,gender,ema_lr1e-2,0.01,0.0001,1.03616,0.49064,4382
1,6,gender,ema_lr5e-2,0.05,0.0001,0.98843,0.49407,4382
1,6,gender,ema_lr1e-2_wd1e-3,0.01,0.001,1.06962,0.49042,4382
1,6,gender,ema_d0.99,0.01,0.0001,1.08168,0.50981,4382
1,6,gender,ema_d0.9999,0.01,0.0001,1.03713,0.52487,4382
1,6,gender,mlp_h16,0.001,0.0,0.70334,0.51141,4382
1,6,gender,mlp_h32,0.001,0.0,0.71252,0.49087,4382
1,6,gender,mlp_h64,0.001,0.0,0.70622,0.49133,4382
1,6,gender,mlp_h128,0.001,0.0,0.7039,0.49932,4382
1,6,gender,attention,0.0001,1e-05,2.46583,0.53125,4382
1,6,gender,shuffled,0.01,0.0001,1.05301,0.49133,4382
1,6,star_sign,ema_lr1e-3,0.001,0.0001,3.24221,0.09881,4382
1,6,star_sign,ema_lr5e-3,0.005,0.0001,3.23635,0.10224,4382
1,6,star_sign,ema_lr1e-2,0.01,0.0001,3.31135,0.06732,4382
1,6,star_sign,ema_lr5e-2,0.05,0.0001,3.09215,0.11456,4382
1,6,star_sign,ema_lr1e-2_wd1e-3,0.01,0.001,3.29968,0.09859,4382
1,6,star_sign,ema_d0.99,0.01,0.0001,3.25438,0.07371,4382
1,6,star_sign,ema_d0.9999,0.01,0.0001,3.27045,0.06732,4382
1,6,star_sign,mlp_h16,0.001,0.0,2.77964,0.00228,4382
1,6,star_sign,mlp_h32,0.001,0.0,2.66176,0.00342,4382
1,6,star_sign,mlp_h64,0.001,0.0,2.60495,0.03195,4382
1,6,star_sign,mlp_h128,0.001,0.0,2.37467,0.17138,4382
1,6,star_sign,attention,0.0001,1e-05,11.93446,0.01562,4382
1,6,star_sign,shuffled,0.01,0.0001,3.28179,0.06869,4382
2,0,age_bin,ema_lr1e-3,0.001,0.0001,1.64301,0.27385,4141
2,0,age_bin,ema_lr5e-3,0.005,0.0001,1.55895,0.30621,4141
2,0,age_bin,ema_lr1e-2,0.01,0.0001,1.55867,0.33108,4141
2,0,age_bin,ema_lr5e-2,0.05,0.0001,1.49236,0.29631,4141
2,0,age_bin,ema_lr1e-2_wd1e-3,0.01,0.001,1.57118,0.31901,4141
2,0,age_bin,ema_d0.99,0.01,0.0001,1.71056,0.31587,4141
2,0,age_bin,ema_d0.9999,0.01,0.0001,1.57173,0.39459,4141
2,0,age_bin,mlp_h16,0.001,0.0,1.11888,0.26346,4141
2,0,age_bin,mlp_h32,0.001,0.0,1.04107,0.59816,4141
2,0,age_bin,mlp_h64,0.001,0.0,1.06716,0.46462,4141
2,0,age_bin,mlp_h128,0.001,0.0,0.77708,0.95943,4141
2,0,age_bin,attention,0.0001,1e-05,1.07965,0.99219,4141
2,0,age_bin,shuffled,0.01,0.0001,1.61818,0.32359,4141
2,0,gender,ema_lr1e-3,0.001,0.0001,1.05415,0.50471,4141
2,0,gender,ema_lr5e-3,0.005,0.0001,1.08655,0.50278,4141
2,0,gender,ema_lr1e-2,0.01,0.0001,1.03234,0.51364,4141
2,0,gender,ema_lr5e-2,0.05,0.0001,1.01076,0.50085,4141
2,0,gender,ema_lr1e-2_wd1e-3,0.01,0.001,1.07448,0.5006,4141
2,0,gender,ema_d0.99,0.01,0.0001,1.02761,0.51606,4141
2,0,gender,ema_d0.9999,0.01,0.0001,1.08337,0.51316,4141
2,0,gender,mlp_h16,0.001,0.0,0.69552,0.53441,4141
2,0,gender,mlp_h32,0.001,0.0,0.69682,0.52041,4141
2,0,gender,mlp_h64,0.001,0.0,0.70421,0.47549,4141
2,0,gender,mlp_h128,0.001,0.0,0.7089,0.468,4141
2,0,gender,attention,0.0001,1e-05,0.69285,0.51562,4141
2,0,gender,shuffled,0.01,0.0001,1.05479,0.51678,4141
2,0,star_sign,ema_lr1e-3,0.001,0.0001,3.3592,0.06424,4141
2,0,star_sign,ema_lr5e-3,0.005,0.0001,3.23507,0.08138,4141
2,0,star_sign,ema_lr1e-2,0.01,0.0001,3.2685,0.08186,4141
2,0,star_sign,ema_lr5e-2,0.05,0.0001,3.16924,0.04419,4141
2,0,star_sign,ema_lr1e-2_wd1e-3,0.01,0.001,3.23871,0.12678,4141
2,0,star_sign,ema_d0.99,0.01,0.0001,3.24859,0.07414,4141
2,0,star_sign,ema_d0.9999,0.01,0.0001,3.26456,0.06037,4141
2,0,star_sign,mlp_h16,0.001,0.0,2.64146,0.00072,4141
2,0,star_sign,mlp_h32,0.001,0.0,2.15774,0.55542,4141
2,0,star_sign,mlp_h64,0.001,0.0,2.72484,0.00072,4141
2,0,star_sign,mlp_h128,0.001,0.0,2.21453,0.49167,4141
2,0,star_sign,attention,0.0001,1e-05,2.48628,0.0,4141
2,0,star_sign,shuffled,0.01,0.0001,3.21493,0.07679,4141
2,4,age_bin,ema_lr1e-3,0.001,0.0001,1.4897,0.3376,4141
2,4,age_bin,ema_lr5e-3,0.005,0.0001,1.49518,0.32697,4141
2,4,age_bin,ema_lr1e-2,0.01,0.0001,1.64837,0.26395,4141
2,4,age_bin,ema_lr5e-2,0.05,0.0001,1.39349,0.39725,4141
2,4,age_bin,ema_lr1e-2_wd1e-3,0.01,0.001,1.58963,0.37286,4141
2,4,age_bin,ema_d0.99,0.01,0.0001,1.57165,0.39918,4141
2,4,age_bin,ema_d0.9999,0.01,0.0001,1.57969,0.40449,4141
2,4,age_bin,mlp_h16,0.001,0.0,1.02534,0.56798,4141
2,4,age_bin,mlp_h32,0.001,0.0,1.0388,0.41391,4141
2,4,age_bin,mlp_h64,0.001,0.0,0.95291,0.66626,4141
2,4,age_bin,mlp_h128,0.001,0.0,0.9646,0.60734,4141
2,4,age_bin,attention,0.0001,1e-05,0.78319,1.0,4141
2,4,age_bin,shuffled,0.01,0.0001,1.76526,0.35619,4141
2,4,gender,ema_lr1e-3,0.001,0.0001,1.10239,0.49457,4141
2,4,gender,ema_lr5e-3,0.005,0.0001,1.09591,0.4936,4141
2,4,gender,ema_lr1e-2,0.01,0.0001,1.05234,0.49215,4141
2,4,gender,ema_lr5e-2,0.05,0.0001,0.98994,0.49457,4141
2,4,gender,ema_lr1e-2_wd1e-3,0.01,0.001,0.98738,0.50519,4141
2,4,gender,ema_d0.99,0.01,0.0001,0.93999,0.51823,4141
2,4,gender,ema_d0.9999,0.01,0.0001,0.9033,0.51727,4141
2,4,gender,mlp_h16,0.001,0.0,0.72347,0.46559,4141
2,4,gender,mlp_h32,0.001,0.0,0.69609,0.4965,4141
2,4,gender,mlp_h64,0.001,0.0,0.697,0.50785,4141
2,4,gender,mlp_h128,0.001,0.0,0.70768,0.47235,4141
2,4,gender,attention,0.0001,1e-05,1.80368,0.54688,4141
2,4,gender,shuffled,0.01,0.0001,0.94466,0.50423,4141
2,4,star_sign,ema_lr1e-3,0.001,0.0001,3.15534,0.0751,4141
2,4,star_sign,ema_lr5e-3,0.005,0.0001,3.24428,0.09635,4141
2,4,star_sign,ema_lr1e-2,0.01,0.0001,3.04184,0.08694,4141
2,4,star_sign,ema_lr5e-2,0.05,0.0001,3.02644,0.08428,4141
2,4,star_sign,ema_lr1e-2_wd1e-3,0.01,0.001,3.11787,0.12364,4141
2,4,star_sign,ema_d0.99,0.01,0.0001,3.15358,0.07583,4141
2,4,star_sign,ema_d0.9999,0.01,0.0001,3.16635,0.05337,4141
2,4,star_sign,mlp_h16,0.001,0.0,2.44584,0.0297,4141
2,4,star_sign,mlp_h32,0.001,0.0,2.31857,0.20985,4141
2,4,star_sign,mlp_h64,0.001,0.0,2.23274,0.34219,4141
2,4,star_sign,mlp_h128,0.001,0.0,2.17724,0.45931,4141
2,4,star_sign,attention,0.0001,1e-05,2.55494,0.0,4141
2,4,star_sign,shuffled,0.01,0.0001,3.15434,0.13861,4141
2,6,age_bin,ema_lr1e-3,0.001,0.0001,1.57046,0.34412,4141
2,6,age_bin,ema_lr5e-3,0.005,0.0001,1.65917,0.33688,4141
2,6,age_bin,ema_lr1e-2,0.01,0.0001,1.54562,0.35088,4141
2,6,age_bin,ema_lr5e-2,0.05,0.0001,1.43975,0.34315,4141
2,6,age_bin,ema_lr1e-2_wd1e-3,0.01,0.001,1.54808,0.34122,4141
2,6,age_bin,ema_d0.99,0.01,0.0001,1.55795,0.34871,4141
2,6,age_bin,ema_d0.9999,0.01,0.0001,1.56454,0.32528,4141
2,6,age_bin,mlp_h16,0.001,0.0,0.87006,0.90171,4141
2,6,age_bin,mlp_h32,0.001,0.0,0.95134,0.52548,4141
2,6,age_bin,mlp_h64,0.001,0.0,0.97362,0.5559,4141
2,6,age_bin,mlp_h128,0.001,0.0,0.94322,0.75006,4141
2,6,age_bin,attention,0.0001,1e-05,7.06662,0.10938,4141
2,6,age_bin,shuffled,0.01,0.0001,1.67204,0.31731,4141
2,6,gender,ema_lr1e-3,0.001,0.0001,1.09766,0.49577,4141
2,6,gender,ema_lr5e-3,0.005,0.0001,0.96207,0.5291,4141
2,6,gender,ema_lr1e-2,0.01,0.0001,1.02576,0.50543,4141
2,6,gender,ema_lr5e-2,0.05,0.0001,0.90157,0.52693,4141
2,6,gender,ema_lr1e-2_wd1e-3,0.01,0.001,1.06792,0.49336,4141
2,6,gender,ema_d0.99,0.01,0.0001,1.04487,0.51847,4141
2,6,gender,ema_d0.9999,0.01,0.0001,1.01785,0.5221,4141
2,6,gender,mlp_h16,0.001,0.0,0.69203,0.52572,4141
2,6,gender,mlp_h32,0.001,0.0,0.72976,0.4581,4141
2,6,gender,mlp_h64,0.001,0.0,0.72209,0.454,4141
2,6,gender,mlp_h128,0.001,0.0,0.6926,0.52982,4141
2,6,gender,attention,0.0001,1e-05,2.55893,0.49219,4141
2,6,gender,shuffled,0.01,0.0001,1.03135,0.50543,4141
2,6,star_sign,ema_lr1e-3,0.001,0.0001,3.23001,0.09418,4141
2,6,star_sign,ema_lr5e-3,0.005,0.0001,3.18474,0.09466,4141
2,6,star_sign,ema_lr1e-2,0.01,0.0001,3.27034,0.078,4141
2,6,star_sign,ema_lr5e-2,0.05,0.0001,3.13553,0.09273,4141
2,6,star_sign,ema_lr1e-2_wd1e-3,0.01,0.001,3.16637,0.11108,4141
2,6,star_sign,ema_d0.99,0.01,0.0001,3.20207,0.06762,4141
2,6,star_sign,ema_d0.9999,0.01,0.0001,3.32443,0.06593,4141
2,6,star_sign,mlp_h16,0.001,0.0,2.73485,0.00749,4141
2,6,star_sign,mlp_h32,0.001,0.0,2.61879,0.00894,4141
2,6,star_sign,mlp_h64,0.001,0.0,2.55095,0.05385,4141
2,6,star_sign,mlp_h128,0.001,0.0,2.28372,0.3277,4141
2,6,star_sign,attention,0.0001,1e-05,11.35326,0.02344,4141
2,6,star_sign,shuffled,0.01,0.0001,3.21519,0.07776,4141
3,0,age_bin,ema_lr1e-3,0.001,0.0001,1.67428,0.27834,4128
3,0,age_bin,ema_lr5e-3,0.005,0.0001,1.56341,0.30378,4128
3,0,age_bin,ema_lr1e-2,0.01,0.0001,1.53708,0.33503,4128
3,0,age_bin,ema_lr5e-2,0.05,0.0001,1.42492,0.34133,4128
3,0,age_bin,ema_lr1e-2_wd1e-3,0.01,0.001,1.53323,0.336,4128
3,0,age_bin,ema_d0.99,0.01,0.0001,1.63797,0.32922,4128
3,0,age_bin,ema_d0.9999,0.01,0.0001,1.61299,0.3939,4128
3,0,age_bin,mlp_h16,0.001,0.0,1.10357,0.39486,4128
3,0,age_bin,mlp_h32,0.001,0.0,1.01263,0.62984,4128
3,0,age_bin,mlp_h64,0.001,0.0,1.02517,0.58018,4128
3,0,age_bin,mlp_h128,0.001,0.0,0.71307,0.98062,4128
3,0,age_bin,attention,0.0001,1e-05,1.07857,1.0,4128
3,0,age_bin,shuffled,0.01,0.0001,1.57316,0.33115,4128
3,0,gender,ema_lr1e-3,0.001,0.0001,1.09296,0.49661,4128
3,0,gender,ema_lr5e-3,0.005,0.0001,1.10445,0.50097,4128
3,0,gender,ema_lr1e-2,0.01,0.0001,1.05067,0.50339,4128
3,0,gender,ema_lr5e-2,0.05,0.0001,0.99422,0.50048,4128
3,0,gender,ema_lr1e-2_wd1e-3,0.01,0.001,1.05047,0.50412,4128
3,0,gender,ema_d0.99,0.01,0.0001,1.03416,0.50654,4128
3,0,gender,ema_d0.9999,0.01,0.0001,1.10464,0.50945,4128
3,0,gender,mlp_h16,0.001,0.0,0.70309,0.4937,4128
3,0,gender,mlp_h32,0.001,0.0,0.70477,0.47287,4128
3,0,gender,mlp_h64,0.001,0.0,0.69687,0.50848,4128
3,0,gender,mlp_h128,0.001,0.0,0.69541,0.51768,4128
3,0,gender,attention,0.0001,1e-05,0.69252,0.5,4128
3,0,gender,shuffled,0.01,0.0001,1.04633,0.50751,4128
3,0,star_sign,ema_lr1e-3,0.001,0.0001,3.35805,0.06662,4128
3,0,star_sign,ema_lr5e-3,0.005,0.0001,3.25425,0.07897,4128
3,0,star_sign,ema_lr1e-2,0.01,0.0001,3.23508,0.13929,4128
3,0,star_sign,ema_lr5e-2,0.05,0.0001,3.09469,0.05862,4128
3,0,star_sign,ema_lr1e-2_wd1e-3,0.01,0.001,3.22984,0.125,4128
3,0,star_sign,ema_d0.99,0.01,0.0001,3.25908,0.07219,4128
3,0,star_sign,ema_d0.9999,0.01,0.0001,3.23441,0.0579,4128
3,0,star_sign,mlp_h16,0.001,0.0,2.60942,0.0017,4128
3,0,star_sign,mlp_h32,0.001,0.0,2.1165,0.63251,4128
3,0,star_sign,mlp_h64,0.001,0.0,2.66363,0.00121,4128
3,0,star_sign,mlp_h128,0.001,0.0,2.11327,0.61531,4128
3,0,star_sign,attention,0.0001,1e-05,2.48416,0.00781,4128
3,0,star_sign,shuffled,0.01,0.0001,3.20312,0.08794,4128
3,4,age_bin,ema_lr1e-3,0.001,0.0001,1.47747,0.33891,4128
3,4,age_bin,ema_lr5e-3,0.005,0.0001,1.43796,0.33091,4128
3,4,age_bin,ema_lr1e-2,0.01,0.0001,1.64096,0.26599,4128
3,4,age_bin,ema_lr5e-2,0.05,0.0001,1.33919,0.39341,4128
3,4,age_bin,ema_lr1e-2_wd1e-3,0.01,0.001,1.604,0.35732,4128
3,4,age_bin,ema_d0.99,0.01,0.0001,1.53066,0.40916,4128
3,4,age_bin,ema_d0.9999,0.01,0.0001,1.6244,0.36289,4128
3,4,age_bin,mlp_h16,0.001,0.0,1.00885,0.61289,4128
3,4,age_bin,mlp_h32,0.001,0.0,1.00221,0.51332,4128
3,4,age_bin,mlp_h64,0.001,0.0,0.91099,0.76187,4128
3,4,age_bin,mlp_h128,0.001,0.0,0.88738,0.78949,4128
3,4,age_bin,attention,0.0001,1e-05,0.75297,1.0,4128
3,4,age_bin,shuffled,0.01,0.0001,1.71309,0.3624,4128
3,4,gender,ema_lr1e-3,0.001,0.0001,1.10641,0.49588,4128
3,4,gender,ema_lr5e-3,0.005,0.0001,1.14148,0.48668,4128
3,4,gender,ema_lr1e-2,0.01,0.0001,1.02073,0.50533,4128
3,4,gender,ema_lr5e-2,0.05,0.0001,0.9262,0.51575,4128
3,4,gender,ema_lr1e-2_wd1e-3,0.01,0.001,1.00652,0.49685,4128
3,4,gender,ema_d0.99,0.01,0.0001,0.96812,0.49273,4128
3,4,gender,ema_d0.9999,0.01,0.0001,0.94433,0.49637,4128
3,4,gender,mlp_h16,0.001,0.0,0.69896,0.52907,4128
3,4,gender,mlp_h32,0.001,0.0,0.69459,0.50557,4128
3,4,gender,mlp_h64,0.001,0.0,0.69936,0.49201,4128
3,4,gender,mlp_h128,0.001,0.0,0.69502,0.50775,4128
3,4,gender,attention,0.0001,1e-05,1.84677,0.48438,4128
3,4,gender,shuffled,0.01,0.0001,0.98002,0.49176,4128
3,4,star_sign,ema_lr1e-3,0.001,0.0001,3.18828,0.07631,4128
3,4,star_sign,ema_lr5e-3,0.005,0.0001,3.32244,0.09375,4128
3,4,star_sign,ema_lr1e-2,0.01,0.0001,3.00073,0.09859,4128
3,4,star_sign,ema_lr5e-2,0.05,0.0001,3.00001,0.07994,4128
3,4,star_sign,ema_lr1e-2_wd1e-3,0.01,0.001,3.06167,0.125,4128
3,4,star_sign,ema_d0.99,0.01,0.0001,3.14058,0.07243,4128
3,4,star_sign,ema_d0.9999,0.01,0.0001,3.15636,0.05233,4128
3,4,star_sign,mlp_h16,0.001,0.0,2.42007,0.05693,4128
3,4,star_sign,mlp_h32,0.001,0.0,2.27628,0.26696,4128
3,4,star_sign,mlp_h64,0.001,0.0,2.16952,0.45349,4128
3,4,star_sign,mlp_h128,0.001,0.0,2.07079,0.6812,4128
3,4,star_sign,attention,0.0001,1e-05,2.53373,0.0,4128
3,4,star_sign,shuffled,0.01,0.0001,3.20272,0.12258,4128
3,6,age_bin,ema_lr1e-3,0.001,0.0001,1.59953,0.34084,4128
3,6,age_bin,ema_lr5e-3,0.005,0.0001,1.68734,0.31734,4128
3,6,age_bin,ema_lr1e-2,0.01,0.0001,1.6272,0.32897,4128
3,6,age_bin,ema_lr5e-2,0.05,0.0001,1.4388,0.3234,4128
3,6,age_bin,ema_lr1e-2_wd1e-3,0.01,0.001,1.62451,0.33309,4128
3,6,age_bin,ema_d0.99,0.01,0.0001,1.554,0.34496,4128
3,6,age_bin,ema_d0.9999,0.01,0.0001,1.54838,0.3251,4128
3,6,age_bin,mlp_h16,0.001,0.0,0.84885,0.92708,4128
3,6,age_bin,mlp_h32,0.001,0.0,0.93539,0.56492,4128
3,6,age_bin,mlp_h64,0.001,0.0,0.92761,0.67393,4128
3,6,age_bin,mlp_h128,0.001,0.0,0.87901,0.85998,4128
3,6,age_bin,attention,0.0001,1e-05,6.6159,0.10938,4128
3,6,age_bin,shuffled,0.01,0.0001,1.55409,0.3297,4128
3,6,gender,ema_lr1e-3,0.001,0.0001,1.04698,0.50799,4128
3,6,gender,ema_lr5e-3,0.005,0.0001,0.9249,0.53949,4128
3,6,gender,ema_lr1e-2,0.01,0.0001,1.0111,0.51744,4128
3,6,gender,ema_lr5e-2,0.05,0.0001,0.90955,0.5126,4128
3,6,gender,ema_lr1e-2_wd1e-3,0.01,0.001,1.03499,0.49201,4128
3,6,gender,ema_d0.99,0.01,0.0001,1.05178,0.52156,4128
3,6,gender,ema_d0.9999,0.01,0.0001,1.11931,0.4937,4128
3,6,gender,mlp_h16,0.001,0.0,0.7047,0.49976,4128
3,6,gender,mlp_h32,0.001,0.0,0.70103,0.52156,4128
3,6,gender,mlp_h64,0.001,0.0,0.70059,0.5063,4128
3,6,gender,mlp_h128,0.001,0.0,0.68931,0.54336,4128
3,6,gender,attention,0.0001,1e-05,2.2113,0.45312,4128
3,6,gender,shuffled,0.01,0.0001,1.01384,0.50363,4128
3,6,star_sign,ema_lr1e-3,0.001,0.0001,3.22429,0.09593,4128
3,6,star_sign,ema_lr5e-3,0.005,0.0001,3.27858,0.09205,4128
3,6,star_sign,ema_lr1e-2,0.01,0.0001,3.24097,0.07728,4128
3,6,star_sign,ema_lr5e-2,0.05,0.0001,3.05779,0.1204,4128
3,6,star_sign,ema_lr1e-2_wd1e-3,0.01,0.001,3.12602,0.11579,4128
3,6,star_sign,ema_d0.99,0.01,0.0001,3.18726,0.08454,4128
3,6,star_sign,ema_d0.9999,0.01,0.0001,3.29441,0.07243,4128
3,6,star_sign,mlp_h16,0.001,0.0,2.71549,0.00751,4128
3,6,star_sign,mlp_h32,0.001,0.0,2.57676,0.0109,4128
3,6,star_sign,mlp_h64,0.001,0.0,2.47985,0.09496,4128
3,6,star_sign,mlp_h128,0.001,0.0,2.18658,0.50848,4128
3,6,star_sign,attention,0.0001,1e-05,9.92799,0.02344,4128
3,6,star_sign,shuffled,0.01,0.0001,3.26113,0.07776,4128
4,0,age_bin,ema_lr1e-3,0.001,0.0001,1.66129,0.27444,3724
4,0,age_bin,ema_lr5e-3,0.005,0.0001,1.55079,0.31445,3724
4,0,age_bin,ema_lr1e-2,0.01,0.0001,1.56135,0.32975,3724
4,0,age_bin,ema_lr5e-2,0.05,0.0001,1.40421,0.36386,3724
4,0,age_bin,ema_lr1e-2_wd1e-3,0.01,0.001,1.50919,0.33861,3724
4,0,age_bin,ema_d0.99,0.01,0.0001,1.64596,0.33136,3724
4,0,age_bin,ema_d0.9999,0.01,0.0001,1.56144,0.40709,3724
4,0,age_bin,mlp_h16,0.001,0.0,1.08266,0.49168,3724
4,0,age_bin,mlp_h32,0.001,0.0,0.98499,0.66783,3724
4,0,age_bin,mlp_h64,0.001,0.0,0.97925,0.70247,3724
4,0,age_bin,mlp_h128,0.001,0.0,0.6539,0.99087,3724
4,0,age_bin,attention,0.0001,1e-05,1.07607,1.0,3724
4,0,age_bin,shuffled,0.01,0.0001,1.59329,0.34398,3724
4,0,gender,ema_lr1e-3,0.001,0.0001,1.07778,0.50269,3724
4,0,gender,ema_lr5e-3,0.005,0.0001,1.09668,0.50564,3724
4,0,gender,ema_lr1e-2,0.01,0.0001,1.0455,0.48845,3724
4,0,gender,ema_lr5e-2,0.05,0.0001,0.96806,0.49141,3724
4,0,gender,ema_lr1e-2_wd1e-3,0.01,0.001,1.03042,0.50591,3724
4,0,gender,ema_d0.99,0.01,0.0001,1.00954,0.50913,3724
4,0,gender,ema_d0.9999,0.01,0.0001,1.1098,0.48953,3724
4,0,gender,mlp_h16,0.001,0.0,0.69828,0.5102,3724
4,0,gender,mlp_h32,0.001,0.0,0.70853,0.46697,3724
4,0,gender,mlp_h64,0.001,0.0,0.69525,0.51987,3724
4,0,gender,mlp_h128,0.001,0.0,0.69397,0.53034,3724
4,0,gender,attention,0.0001,1e-05,0.69372,0.46094,3724
4,0,gender,shuffled,0.01,0.0001,1.06526,0.48845,3724
4,0,star_sign,ema_lr1e-3,0.001,0.0001,3.40765,0.06337,3724
4,0,star_sign,ema_lr5e-3,0.005,0.0001,3.1795,0.08217,3724
4,0,star_sign,ema_lr1e-2,0.01,0.0001,3.23791,0.13722,3724
4,0,star_sign,ema_lr5e-2,0.05,0.0001,2.98589,0.07143,3724
4,0,star_sign,ema_lr1e-2_wd1e-3,0.01,0.001,3.25127,0.12057,3724
4,0,star_sign,ema_d0.99,0.01,0.0001,3.24737,0.07814,3724
4,0,star_sign,ema_d0.9999,0.01,0.0001,3.22165,0.05424,3724
4,0,star_sign,mlp_h16,0.001,0.0,2.58052,0.00215,3724
4,0,star_sign,mlp_h32,0.001,0.0,2.07493,0.68743,3724
4,0,star_sign,mlp_h64,0.001,0.0,2.59489,0.05021,3724
4,0,star_sign,mlp_h128,0.001,0.0,2.0067,0.7696,3724
4,0,star_sign,attention,0.0001,1e-05,2.48173,0.01562,3724
4,0,star_sign,shuffled,0.01,0.0001,3.23723,0.06982,3724
4,4,age_bin,ema_lr1e-3,0.001,0.0001,1.49596,0.32975,3724
4,4,age_bin,ema_lr5e-3,0.005,0.0001,1.48684,0.31901,3724
4,4,age_bin,ema_lr1e-2,0.01,0.0001,1.55548,0.29189,3724
4,4,age_bin,ema_lr5e-2,0.05,0.0001,1.28594,0.41327,3724
4,4,age_bin,ema_lr1e-2_wd1e-3,0.01,0.001,1.57362,0.36547,3724
4,4,age_bin,ema_d0.99,0.01,0.0001,1.5257,0.40897,3724
4,4,age_bin,ema_d0.9999,0.01,0.0001,1.56364,0.40064,3724
4,4,age_bin,mlp_h16,0.001,0.0,0.98673,0.6732,3724
4,4,age_bin,mlp_h32,0.001,0.0,0.96697,0.61037,3724
4,4,age_bin,mlp_h64,0.001,0.0,0.86685,0.84882,3724
4,4,age_bin,mlp_h128,0.001,0.0,0.81021,0.92078,3724
4,4,age_bin,attention,0.0001,1e-05,0.71397,1.0,3724
4,4,age_bin,shuffled,0.01,0.0001,1.7561,0.34184,3724
4,4,gender,ema_lr1e-3,0.001,0.0001,1.05136,0.51477,3724
4,4,gender,ema_lr5e-3,0.005,0.0001,1.09439,0.5043,3724
4,4,gender,ema_lr1e-2,0.01,0.0001,1.01208,0.50215,3724
4,4,gender,ema_lr5e-2,0.05,0.0001,0.9227,0.51557,3724
4,4,gender,ema_lr1e-2_wd1e-3,0.01,0.001,1.00834,0.48013,3724
4,4,gender,ema_d0.99,0.01,0.0001,0.95068,0.49758,3724
4,4,gender,ema_d0.9999,0.01,0.0001,0.92292,0.50242,3724
4,4,gender,mlp_h16,0.001,0.0,0.68187,0.56606,3724
4,4,gender,mlp_h32,0.001,0.0,0.70012,0.47583,3724
4,4,gender,mlp_h64,0.001,0.0,0.69731,0.50483,3724
4,4,gender,mlp_h128,0.001,0.0,0.68845,0.53464,3724
4,4,gender,attention,0.0001,1e-05,1.87701,0.44531,3724
4,4,gender,shuffled,0.01,0.0001,0.93992,0.50322,3724
4,4,star_sign,ema_lr1e-3,0.001,0.0001,3.15042,0.07922,3724
4,4,star_sign,ema_lr5e-3,0.005,0.0001,3.36891,0.08835,3724
4,4,star_sign,ema_lr1e-2,0.01,0.0001,3.03106,0.09506,3724
4,4,star_sign,ema_lr5e-2,0.05,0.0001,2.87387,0.10607,3724
4,4,star_sign,ema_lr1e-2_wd1e-3,0.01,0.001,3.06634,0.13292,3724
4,4,star_sign,ema_d0.99,0.01,0.0001,3.13871,0.08217,3724
4,4,star_sign,ema_d0.9999,0.01,0.0001,3.14275,0.05532,3724
4,4,star_sign,mlp_h16,0.001,0.0,2.39382,0.06498,3724
4,4,star_sign,mlp_h32,0.001,0.0,2.22983,0.32975,3724
4,4,star_sign,mlp_h64,0.001,0.0,2.08666,0.60392,3724
4,4,star_sign,mlp_h128,0.001,0.0,1.95799,0.85875,3724
4,4,star_sign,attention,0.0001,1e-05,2.50752,0.0,3724
4,4,star_sign,shuffled,0.01,0.0001,3.2271,0.11681,3724
4,6,age_bin,ema_lr1e-3,0.001,0.0001,1.59407,0.337,3724
4,6,age_bin,ema_lr5e-3,0.005,0.0001,1.60198,0.3558,3724
4,6,age_bin,ema_lr1e-2,0.01,0.0001,1.60797,0.33351,3724
4,6,age_bin,ema_lr5e-2,0.05,0.0001,1.3468,0.34774,3724
4,6,age_bin,ema_lr1e-2_wd1e-3,0.01,0.001,1.60619,0.32089,3724
4,6,age_bin,ema_d0.99,0.01,0.0001,1.59721,0.33808,3724
4,6,age_bin,ema_d0.9999,0.01,0.0001,1.57186,0.3166,3724
4,6,age_bin,mlp_h16,0.001,0.0,0.82133,0.94227,3724
4,6,age_bin,mlp_h32,0.001,0.0,0.90047,0.6399,3724
4,6,age_bin,mlp_h64,0.001,0.0,0.89012,0.75403,3724
4,6,age_bin,mlp_h128,0.001,0.0,0.82504,0.9377,3724
4,6,age_bin,attention,0.0001,1e-05,5.14076,0.07031,3724
4,6,age_bin,shuffled,0.01,0.0001,1.53397,0.33566,3724
4,6,gender,ema_lr1e-3,0.001,0.0001,1.03306,0.52202,3724
4,6,gender,ema_lr5e-3,0.005,0.0001,1.03685,0.48792,3724
4,6,gender,ema_lr1e-2,0.01,0.0001,1.01569,0.49893,3724
4,6,gender,ema_lr5e-2,0.05,0.0001,0.88775,0.53383,3724
4,6,gender,ema_lr1e-2_wd1e-3,0.01,0.001,1.08047,0.47852,3724
4,6,gender,ema_d0.99,0.01,0.0001,1.05527,0.5196,3724
4,6,gender,ema_d0.9999,0.01,0.0001,1.09503,0.4812,3724
4,6,gender,mlp_h16,0.001,0.0,0.70565,0.48845,3724
4,6,gender,mlp_h32,0.001,0.0,0.68725,0.55371,3724
4,6,gender,mlp_h64,0.001,0.0,0.68717,0.5486,3724
4,6,gender,mlp_h128,0.001,0.0,0.69435,0.53518,3724
4,6,gender,attention,0.0001,1e-05,2.2293,0.55469,3724
4,6,gender,shuffled,0.01,0.0001,1.03239,0.49544,3724
4,6,star_sign,ema_lr1e-3,0.001,0.0001,3.18819,0.08969,3724
4,6,star_sign,ema_lr5e-3,0.005,0.0001,3.16176,0.09318,3724
4,6,star_sign,ema_lr1e-2,0.01,0.0001,3.30974,0.07653,3724
4,6,star_sign,ema_lr5e-2,0.05,0.0001,3.02575,0.11412,3724
4,6,star_sign,ema_lr1e-2_wd1e-3,0.01,0.001,3.23889,0.09882,3724
4,6,star_sign,ema_d0.99,0.01,0.0001,3.25226,0.0666,3724
4,6,star_sign,ema_d0.9999,0.01,0.0001,3.28284,0.06176,3724
4,6,star_sign,mlp_h16,0.001,0.0,2.69777,0.00832,3724
4,6,star_sign,mlp_h32,0.001,0.0,2.54357,0.01638,3724
4,6,star_sign,mlp_h64,0.001,0.0,2.42567,0.16971,3724
4,6,star_sign,mlp_h128,0.001,0.0,2.09742,0.68797,3724
4,6,star_sign,attention,0.0001,1e-05,9.62182,0.02344,3724
4,6,star_sign,shuffled,0.01,0.0001,3.25426,0.07223,3724
5,0,age_bin,ema_lr1e-3,0.001,0.0001,1.6295,0.28641,4085
5,0,age_bin,ema_lr5e-3,0.005,0.0001,1.52724,0.31971,4085
5,0,age_bin,ema_lr1e-2,0.01,0.0001,1.5571,0.32485,4085
5,0,age_bin,ema_lr5e-2,0.05,0.0001,1.33384,0.38825,4085
5,0,age_bin,ema_lr1e-2_wd1e-3,0.01,0.001,1.53445,0.33415,4085
5,0,age_bin,ema_d0.99,0.01,0.0001,1.59704,0.33464,4085
5,0,age_bin,ema_d0.9999,0.01,0.0001,1.57878,0.41053,4085
5,0,age_bin,mlp_h16,0.001,0.0,1.0649,0.51775,4085
5,0,age_bin,mlp_h32,0.001,0.0,0.96099,0.69425,4085
5,0,age_bin,mlp_h64,0.001,0.0,0.93907,0.77136,4085
5,0,age_bin,mlp_h128,0.001,0.0,0.59353,0.99535,4085
5,0,age_bin,attention,0.0001,1e-05,1.07564,1.0,4085
5,0,age_bin,shuffled,0.01,0.0001,1.53846,0.3295,4085
5,0,gender,ema_lr1e-3,0.001,0.0001,1.13639,0.49009,4085
5,0,gender,ema_lr5e-3,0.005,0.0001,1.06396,0.50502,4085
5,0,gender,ema_lr1e-2,0.01,0.0001,1.04614,0.49841,4085
5,0,gender,ema_lr5e-2,0.05,0.0001,0.95134,0.50086,4085
5,0,gender,ema_lr1e-2_wd1e-3,0.01,0.001,1.04926,0.5011,4085
5,0,gender,ema_d0.99,0.01,0.0001,1.02944,0.506,4085
5,0,gender,ema_d0.9999,0.01,0.0001,1.09725,0.49058,4085
5,0,gender,mlp_h16,0.001,0.0,0.70034,0.50428,4085
5,0,gender,mlp_h32,0.001,0.0,0.69755,0.50722,4085
5,0,gender,mlp_h64,0.001,0.0,0.70005,0.4918,4085
5,0,gender,mlp_h128,0.001,0.0,0.70065,0.50012,4085
5,0,gender,attention,0.0001,1e-05,0.69324,0.45312,4085
5,0,gender,shuffled,0.01,0.0001,1.08055,0.48666,4085
5,0,star_sign,ema_lr1e-3,0.001,0.0001,3.38719,0.06242,4085
5,0,star_sign,ema_lr5e-3,0.005,0.0001,3.20388,0.08127,4085
5,0,star_sign,ema_lr1e-2,0.01,0.0001,3.19961,0.16597,4085
5,0,star_sign,ema_lr5e-2,0.05,0.0001,2.91994,0.08029,4085
5,0,star_sign,ema_lr1e-2_wd1e-3,0.01,0.001,3.18353,0.13366,4085
5,0,star_sign,ema_d0.99,0.01,0.0001,3.21335,0.07687,4085
5,0,star_sign,ema_d0.9999,0.01,0.0001,3.24159,0.05386,4085
5,0,star_sign,mlp_h16,0.001,0.0,2.54884,0.00196,4085
5,0,star_sign,mlp_h32,0.001,0.0,2.03468,0.75741,4085
5,0,star_sign,mlp_h64,0.001,0.0,2.5295,0.10306,4085
5,0,star_sign,mlp_h128,0.001,0.0,1.90941,0.85581,4085
5,0,star_sign,attention,0.0001,1e-05,2.48069,0.01562,4085
5,0,star_sign,shuffled,0.01,0.0001,3.21056,0.07295,4085
5,4,age_bin,ema_lr1e-3,0.001,0.0001,1.49682,0.32803,4085
5,4,age_bin,ema_lr5e-3,0.005,0.0001,1.52863,0.30698,4085
5,4,age_bin,ema_lr1e-2,0.01,0.0001,1.54362,0.28984,4085
5,4,age_bin,ema_lr5e-2,0.05,0.0001,1.23675,0.42448,4085
5,4,age_bin,ema_lr1e-2_wd1e-3,0.01,0.001,1.53961,0.35447,4085
5,4,age_bin,ema_d0.99,0.01,0.0001,1.48653,0.40588,4085
5,4,age_bin,ema_d0.9999,0.01,0.0001,1.55538,0.38531,4085
5,4,age_bin,mlp_h16,0.001,0.0,0.96877,0.71946,4085
5,4,age_bin,mlp_h32,0.001,0.0,0.93745,0.69131,4085
5,4,age_bin,mlp_h64,0.001,0.0,0.83232,0.91065,4085
5,4,age_bin,mlp_h128,0.001,0.0,0.74385,0.97772,4085
5,4,age_bin,attention,0.0001,1e-05,0.68954,1.0,4085
5,4,age_bin,shuffled,0.01,0.0001,1.62256,0.36255,4085
5,4,gender,ema_lr1e-3,0.001,0.0001,1.08543,0.4989,4085
5,4,gender,ema_lr5e-3,0.005,0.0001,1.08365,0.49767,4085
5,4,gender,ema_lr1e-2,0.01,0.0001,1.00415,0.50159,4085
5,4,gender,ema_lr5e-2,0.05,0.0001,0.91947,0.48348,4085
5,4,gender,ema_lr1e-2_wd1e-3,0.01,0.001,0.94503,0.50624,4085
5,4,gender,ema_d0.99,0.01,0.0001,0.96279,0.49204,4085
5,4,gender,ema_d0.9999,0.01,0.0001,0.90764,0.51016,4085
5,4,gender,mlp_h16,0.001,0.0,0.70738,0.48739,4085
5,4,gender,mlp_h32,0.001,0.0,0.69579,0.50012,4085
5,4,gender,mlp_h64,0.001,0.0,0.69646,0.51506,4085
5,4,gender,mlp_h128,0.001,0.0,0.69821,0.51775,4085
5,4,gender,attention,0.0001,1e-05,1.63474,0.47656,4085
5,4,gender,shuffled,0.01,0.0001,0.93119,0.50747,4085
5,4,star_sign,ema_lr1e-3,0.001,0.0001,3.17745,0.07662,4085
5,4,star_sign,ema_lr5e-3,0.005,0.0001,3.23055,0.09914,4085
5,4,star_sign,ema_lr1e-2,0.01,0.0001,3.0069,0.10012,4085
5,4,star_sign,ema_lr5e-2,0.05,0.0001,2.81451,0.10477,4085
5,4,star_sign,ema_lr1e-2_wd1e-3,0.01,0.001,3.01962,0.12411,4085
5,4,star_sign,ema_d0.99,0.01,0.0001,3.1224,0.07442,4085
5,4,star_sign,ema_d0.9999,0.01,0.0001,3.07524,0.05263,4085
5,4,star_sign,mlp_h16,0.001,0.0,2.38256,0.06487,4085
5,4,star_sign,mlp_h32,0.001,0.0,2.18384,0.41028,4085
5,4,star_sign,mlp_h64,0.001,0.0,2.03904,0.70967,4085
5,4,star_sign,mlp_h128,0.001,0.0,1.85812,0.94933,4085
5,4,star_sign,attention,0.0001,1e-05,2.49149,0.0,4085
5,4,star_sign,shuffled,0.01,0.0001,3.07098,0.15202,4085
5,6,age_bin,ema_lr1e-3,0.001,0.0001,1.55225,0.35177,4085
5,6,age_bin,ema_lr5e-3,0.005,0.0001,1.66618,0.32338,4085
5,6,age_bin,ema_lr1e-2,0.01,0.0001,1.62938,0.32583,4085
5,6,age_bin,ema_lr5e-2,0.05,0.0001,1.26541,0.38629,4085
5,6,age_bin,ema_lr1e-2_wd1e-3,0.01,0.001,1.54693,0.37062,4085
5,6,age_bin,ema_d0.99,0.01,0.0001,1.60694,0.32044,4085
5,6,age_bin,ema_d0.9999,0.01,0.0001,1.52377,0.34247,4085
5,6,age_bin,mlp_h16,0.001,0.0,0.80407,0.96157,4085
5,6,age_bin,mlp_h32,0.001,0.0,0.87355,0.69229,4085
5,6,age_bin,mlp_h64,0.001,0.0,0.85317,0.82766,4085
5,6,age_bin,mlp_h128,0.001,0.0,0.76243,0.97283,4085
5,6,age_bin,attention,0.0001,1e-05,4.52218,0.19531,4085
5,6,age_bin,shuffled,0.01,0.0001,1.56996,0.3339,4085
5,6,gender,ema_lr1e-3,0.001,0.0001,1.02082,0.51897,4085
5,6,gender,ema_lr5e-3,0.005,0.0001,1.0585,0.50012,4085
5,6,gender,ema_lr1e-2,0.01,0.0001,1.05631,0.48862,4085
5,6,gender,ema_lr5e-2,0.05,0.0001,0.95318,0.49865,4085
5,6,gender,ema_lr1e-2_wd1e-3,0.01,0.001,0.98417,0.51701,4085
5,6,gender,ema_d0.99,0.01,0.0001,1.05718,0.50159,4085
5,6,gender,ema_d0.9999,0.01,0.0001,1.01584,0.52289,4085
5,6,gender,mlp_h16,0.001,0.0,0.70154,0.50551,4085
5,6,gender,mlp_h32,0.001,0.0,0.7084,0.50379,4085
5,6,gender,mlp_h64,0.001,0.0,0.7054,0.48372,4085
5,6,gender,mlp_h128,0.001,0.0,0.69813,0.5224,4085
5,6,gender,attention,0.0001,1e-05,2.47833,0.48438,4085
5,6,gender,shuffled,0.01,0.0001,1.01494,0.5011,4085
5,6,star_sign,ema_lr1e-3,0.001,0.0001,3.30026,0.09351,4085
5,6,star_sign,ema_lr5e-3,0.005,0.0001,3.21602,0.08494,4085
5,6,star_sign,ema_lr1e-2,0.01,0.0001,3.21969,0.07882,4085
5,6,star_sign,ema_lr5e-2,0.05,0.0001,2.90751,0.13341,4085
5,6,star_sign,ema_lr1e-2_wd1e-3,0.01,0.001,3.27511,0.09474,4085
5,6,star_sign,ema_d0.99,0.01,0.0001,3.1238,0.08103,4085
5,6,star_sign,ema_d0.9999,0.01,0.0001,3.23234,0.06928,4085
5,6,star_sign,mlp_h16,0.001,0.0,2.6696,0.0164,4085
5,6,star_sign,mlp_h32,0.001,0.0,2.50989,0.03599,4085
5,6,star_sign,mlp_h64,0.001,0.0,2.37067,0.23819,4085
5,6,star_sign,mlp_h128,0.001,0.0,1.97917,0.85312,4085
5,6,star_sign,attention,0.0001,1e-05,8.33952,0.02344,4085
5,6,star_sign,shuffled,0.01,0.0001,3.11956,0.09009,4085
6,0,age_bin,ema_lr1e-3,0.001,0.0001,1.64773,0.27865,4084
6,0,age_bin,ema_lr5e-3,0.005,0.0001,1.5269,0.30607,4084
6,0,age_bin,ema_lr1e-2,0.01,0.0001,1.52588,0.33448,4084
6,0,age_bin,ema_lr5e-2,0.05,0.0001,1.29415,0.38614,4084
6,0,age_bin,ema_lr1e-2_wd1e-3,0.01,0.001,1.50803,0.32909,4084
6,0,age_bin,ema_d0.99,0.01,0.0001,1.58192,0.33717,4084
6,0,age_bin,ema_d0.9999,0.01,0.0001,1.52723,0.4236,4084
6,0,age_bin,mlp_h16,0.001,0.0,1.05217,0.55118,4084
6,0,age_bin,mlp_h32,0.001,0.0,0.93338,0.75098,4084
6,0,age_bin,mlp_h64,0.001,0.0,0.89153,0.8379,4084
6,0,age_bin,mlp_h128,0.001,0.0,0.53829,0.99976,4084
6,0,age_bin,attention,0.0001,1e-05,1.07352,0.99219,4084
6,0,age_bin,shuffled,0.01,0.0001,1.52144,0.3379,4084
6,0,gender,ema_lr1e-3,0.001,0.0001,1.08628,0.48384,4084
6,0,gender,ema_lr5e-3,0.005,0.0001,1.04732,0.50808,4084
6,0,gender,ema_lr1e-2,0.01,0.0001,1.01233,0.49657,4084
6,0,gender,ema_lr5e-2,0.05,0.0001,0.92368,0.50784,4084
6,0,gender,ema_lr1e-2_wd1e-3,0.01,0.001,1.06012,0.48727,4084
6,0,gender,ema_d0.99,0.01,0.0001,1.01342,0.5071,4084
6,0,gender,ema_d0.9999,0.01,0.0001,1.07593,0.50171,4084
6,0,gender,mlp_h16,0.001,0.0,0.69835,0.50269,4084
6,0,gender,mlp_h32,0.001,0.0,0.70083,0.49755,4084
6,0,gender,mlp_h64,0.001,0.0,0.68909,0.54236,4084
6,0,gender,mlp_h128,0.001,0.0,0.68954,0.53526,4084
6,0,gender,attention,0.0001,1e-05,0.69337,0.50781,4084
6,0,gender,shuffled,0.01,0.0001,1.03021,0.49633,4084
6,0,star_sign,ema_lr1e-3,0.001,0.0001,3.37381,0.06734,4084
6,0,star_sign,ema_lr5e-3,0.005,0.0001,3.20028,0.08546,4084
6,0,star_sign,ema_lr1e-2,0.01,0.0001,3.18686,0.17581,4084
6,0,star_sign,ema_lr5e-2,0.05,0.0001,2.85261,0.09329,4084
6,0,star_sign,ema_lr1e-2_wd1e-3,0.01,0.001,3.1919,0.13369,4084
6,0,star_sign,ema_d0.99,0.01,0.0001,3.19112,0.07884,4084
6,0,star_sign,ema_d0.9999,0.01,0.0001,3.16144,0.05583,4084
6,0,star_sign,mlp_h16,0.001,0.0,2.52285,0.00367,4084
6,0,star_sign,mlp_h32,0.001,0.0,1.99314,0.79603,4084
6,0,star_sign,mlp_h64,0.001,0.0,2.46806,0.14936,4084
6,0,star_sign,mlp_h128,0.001,0.0,1.80545,0.90842,4084
6,0,star_sign,attention,0.0001,1e-05,2.47749,0.10938,4084
6,0,star_sign,shuffled,0.01,0.0001,3.21387,0.07297,4084
6,4,age_bin,ema_lr1e-3,0.001,0.0001,1.44139,0.33741,4084
6,4,age_bin,ema_lr5e-3,0.005,0.0001,1.46204,0.32297,4084
6,4,age_bin,ema_lr1e-2,0.01,0.0001,1.54909,0.28893,4084
6,4,age_bin,ema_lr5e-2,0.05,0.0001,1.23543,0.41577,4084
6,4,age_bin,ema_lr1e-2_wd1e-3,0.01,0.001,1.54763,0.36117,4084
6,4,age_bin,ema_d0.99,0.01,0.0001,1.43289,0.42826,4084
6,4,age_bin,ema_d0.9999,0.01,0.0001,1.56316,0.37929,4084
6,4,age_bin,mlp_h16,0.001,0.0,0.94925,0.77449,4084
6,4,age_bin,mlp_h32,0.001,0.0,0.9065,0.77302,4084
6,4,age_bin,mlp_h64,0.001,0.0,0.78445,0.95642,4084
6,4,age_bin,mlp_h128,0.001,0.0,0.67733,0.99412,4084
6,4,age_bin,attention,0.0001,1e-05,0.65704,1.0,4084
6,4,age_bin,shuffled,0.01,0.0001,1.64072,0.33717,4084
6,4,gender,ema_lr1e-3,0.001,0.0001,1.09142,0.49608,4084
6,4,gender,ema_lr5e-3,0.005,0.0001,1.07431,0.50563,4084
6,4,gender,ema_lr1e-2,0.01,0.0001,1.00357,0.50294,4084
6,4,gender,ema_lr5e-2,0.05,0.0001,0.91085,0.50073,4084
6,4,gender,ema_lr1e-2_wd1e-3,0.01,0.001,0.96157,0.51175,4084
6,4,gender,ema_d0.99,0.01,0.0001,0.93793,0.49633,4084
6,4,gender,ema_d0.9999,0.01,0.0001,0.88627,0.51053,4084
6,4,gender,mlp_h16,0.001,0.0,0.68481,0.55999,4084
6,4,gender,mlp_h32,0.001,0.0,0.69169,0.51861,4084
6,4,gender,mlp_h64,0.001,0.0,0.69368,0.52253,4084
6,4,gender,mlp_h128,0.001,0.0,0.68694,0.55558,4084
6,4,gender,attention,0.0001,1e-05,1.53082,0.45312,4084
6,4,gender,shuffled,0.01,0.0001,0.93545,0.50637,4084
6,4,star_sign,ema_lr1e-3,0.001,0.0001,3.21517,0.07223,4084
6,4,star_sign,ema_lr5e-3,0.005,0.0001,3.24152,0.10162,4084
6,4,star_sign,ema_lr1e-2,0.01,0.0001,3.00809,0.09794,4084
6,4,star_sign,ema_lr5e-2,0.05,0.0001,2.78212,0.11802,4084
6,4,star_sign,ema_lr1e-2_wd1e-3,0.01,0.001,2.98021,0.13883,4084
6,4,star_sign,ema_d0.99,0.01,0.0001,3.07589,0.07321,4084
6,4,star_sign,ema_d0.9999,0.01,0.0001,3.1427,0.05436,4084
6,4,star_sign,mlp_h16,0.001,0.0,2.34969,0.07003,4084
6,4,star_sign,mlp_h32,0.001,0.0,2.14217,0.47478,4084
6,4,star_sign,mlp_h64,0.001,0.0,1.9672,0.81783,4084
6,4,star_sign,mlp_h128,0.001,0.0,1.76046,0.9831,4084
6,4,star_sign,attention,0.0001,1e-05,2.46622,0.0,4084
6,4,star_sign,shuffled,0.01,0.0001,3.09501,0.14226,4084
6,6,age_bin,ema_lr1e-3,0.001,0.0001,1.57979,0.3379,4084
6,6,age_bin,ema_lr5e-3,0.005,0.0001,1.62377,0.34035,4084
6,6,age_bin,ema_lr1e-2,0.01,0.0001,1.58965,0.34035,4084
6,6,age_bin,ema_lr5e-2,0.05,0.0001,1.33713,0.35309,4084
6,6,age_bin,ema_lr1e-2_wd1e-3,0.01,0.001,1.57598,0.33913,4084
6,6,age_bin,ema_d0.99,0.01,0.0001,1.65413,0.31391,4084
6,6,age_bin,ema_d0.9999,0.01,0.0001,1.4749,0.34917,4084
6,6,age_bin,mlp_h16,0.001,0.0,0.78596,0.9716,4084
6,6,age_bin,mlp_h32,0.001,0.0,0.83956,0.7571,4084
6,6,age_bin,mlp_h64,0.001,0.0,0.81104,0.89961,4084
6,6,age_bin,mlp_h128,0.001,0.0,0.70143,0.99021,4084
6,6,age_bin,attention,0.0001,1e-05,3.63332,0.24219,4084
6,6,age_bin,shuffled,0.01,0.0001,1.48301,0.36386,4084
6,6,gender,ema_lr1e-3,0.001,0.0001,1.0815,0.49241,4084
6,6,gender,ema_lr5e-3,0.005,0.0001,0.93494,0.53257,4084
6,6,gender,ema_lr1e-2,0.01,0.0001,0.95169,0.51787,4084
6,6,gender,ema_lr5e-2,0.05,0.0001,0.85103,0.5311,4084
6,6,gender,ema_lr1e-2_wd1e-3,0.01,0.001,1.01823,0.49829,4084
6,6,gender,ema_d0.99,0.01,0.0001,1.08831,0.48996,4084
6,6,gender,ema_d0.9999,0.01,0.0001,1.13438,0.47282,4084
6,6,gender,mlp_h16,0.001,0.0,0.70708,0.49706,4084
6,6,gender,mlp_h32,0.001,0.0,0.68846,0.5453,4084
6,6,gender,mlp_h64,0.001,0.0,0.69008,0.54163,4084
6,6,gender,mlp_h128,0.001,0.0,0.6817,0.55215,4084
6,6,gender,attention,0.0001,1e-05,1.71893,0.57812,4084
6,6,gender,shuffled,0.01,0.0001,1.0248,0.51249,4084
6,6,star_sign,ema_lr1e-3,0.001,0.0001,3.30937,0.0999,4084
6,6,star_sign,ema_lr5e-3,0.005,0.0001,3.21237,0.09672,4084
6,6,star_sign,ema_lr1e-2,0.01,0.0001,3.3124,0.07395,4084
6,6,star_sign,ema_lr5e-2,0.05,0.0001,2.86892,0.12929,4084
6,6,star_sign,ema_lr1e-2_wd1e-3,0.01,0.001,3.25954,0.09892,4084
6,6,star_sign,ema_d0.99,0.01,0.0001,3.19549,0.07076,4084
6,6,star_sign,ema_d0.9999,0.01,0.0001,3.27305,0.05828,4084
6,6,star_sign,mlp_h16,0.001,0.0,2.64228,0.02277,4084
6,6,star_sign,mlp_h32,0.001,0.0,2.47716,0.04236,4084
6,6,star_sign,mlp_h64,0.001,0.0,2.30149,0.37218,4084
6,6,star_sign,mlp_h128,0.001,0.0,1.88499,0.93462,4084
6,6,star_sign,attention,0.0001,1e-05,7.54824,0.03125,4084
6,6,star_sign,shuffled,0.01,0.0001,3.23402,0.07027,4084
7,0,age_bin,ema_lr1e-3,0.001,0.0001,1.63355,0.2769,4247
7,0,age_bin,ema_lr5e-3,0.005,0.0001,1.54592,0.30657,4247
7,0,age_bin,ema_lr1e-2,0.01,0.0001,1.51236,0.33482,4247
7,0,age_bin,ema_lr5e-2,0.05,0.0001,1.22324,0.40452,4247
7,0,age_bin,ema_lr1e-2_wd1e-3,0.01,0.001,1.48379,0.33977,4247
7,0,age_bin,ema_d0.99,0.01,0.0001,1.56711,0.35178,4247
7,0,age_bin,ema_d0.9999,0.01,0.0001,1.51997,0.41983,4247
7,0,age_bin,mlp_h16,0.001,0.0,1.03523,0.59501,4247
7,0,age_bin,mlp_h32,0.001,0.0,0.91425,0.7902,4247
7,0,age_bin,mlp_h64,0.001,0.0,0.8594,0.86673,4247
7,0,age_bin,mlp_h128,0.001,0.0,0.49152,1.0,4247
7,0,age_bin,attention,0.0001,1e-05,1.07159,1.0,4247
7,0,age_bin,shuffled,0.01,0.0001,1.52843,0.34165,4247
7,0,gender,ema_lr1e-3,0.001,0.0001,1.09019,0.49894,4247
7,0,gender,ema_lr5e-3,0.005,0.0001,1.06102,0.50648,4247
7,0,gender,ema_lr1e-2,0.01,0.0001,1.00127,0.49541,4247
7,0,gender,ema_lr5e-2,0.05,0.0001,0.9617,0.49517,4247
7,0,gender,ema_lr1e-2_wd1e-3,0.01,0.001,1.062,0.494,4247
7,0,gender,ema_d0.99,0.01,0.0001,1.01236,0.50718,4247
7,0,gender,ema_d0.9999,0.01,0.0001,1.08445,0.49352,4247
7,0,gender,mlp_h16,0.001,0.0,0.69952,0.49776,4247
7,0,gender,mlp_h32,0.001,0.0,0.70007,0.49776,4247
7,0,gender,mlp_h64,0.001,0.0,0.69063,0.5458,4247
7,0,gender,mlp_h128,0.001,0.0,0.69149,0.53167,4247
7,0,gender,attention,0.0001,1e-05,0.69335,0.45312,4247
7,0,gender,shuffled,0.01,0.0001,1.03249,0.48999,4247
7,0,star_sign,ema_lr1e-3,0.001,0.0001,3.3925,0.0631,4247
7,0,star_sign,ema_lr5e-3,0.005,0.0001,3.22095,0.0817,4247
7,0,star_sign,ema_lr1e-2,0.01,0.0001,3.15844,0.16671,4247
7,0,star_sign,ema_lr5e-2,0.05,0.0001,2.83067,0.15211,4247
7,0,star_sign,ema_lr1e-2_wd1e-3,0.01,0.001,3.1977,0.12526,4247
7,0,star_sign,ema_d0.99,0.01,0.0001,3.19177,0.07558,4247
7,0,star_sign,ema_d0.9999,0.01,0.0001,3.14433,0.0631,4247
7,0,star_sign,mlp_h16,0.001,0.0,2.50108,0.00636,4247
7,0,star_sign,mlp_h32,0.001,0.0,1.95185,0.82811,4247
7,0,star_sign,mlp_h64,0.001,0.0,2.42142,0.15517,4247
7,0,star_sign,mlp_h128,0.001,0.0,1.72115,0.95102,4247
7,0,star_sign,attention,0.0001,1e-05,2.47494,0.17188,4247
7,0,star_sign,shuffled,0.01,0.0001,3.19389,0.07417,4247
7,4,age_bin,ema_lr1e-3,0.001,0.0001,1.4844,0.33176,4247
7,4,age_bin,ema_lr5e-3,0.005,0.0001,1.46099,0.3287,4247
7,4,age_bin,ema_lr1e-2,0.01,0.0001,1.54353,0.28161,4247
7,4,age_bin,ema_lr5e-2,0.05,0.0001,1.14471,0.47398,4247
7,4,age_bin,ema_lr1e-2_wd1e-3,0.01,0.001,1.56278,0.33906,4247
7,4,age_bin,ema_d0.99,0.01,0.0001,1.45622,0.38639,4247
7,4,age_bin,ema_d0.9999,0.01,0.0001,1.51705,0.37956,4247
7,4,age_bin,mlp_h16,0.001,0.0,0.9351,0.81399,4247
7,4,age_bin,mlp_h32,0.001,0.0,0.88135,0.82529,4247
7,4,age_bin,mlp_h64,0.001,0.0,0.75224,0.97834,4247
7,4,age_bin,mlp_h128,0.001,0.0,0.61596,0.99906,4247
7,4,age_bin,attention,0.0001,1e-05,0.64247,1.0,4247
7,4,age_bin,shuffled,0.01,0.0001,1.61004,0.34236,4247
7,4,gender,ema_lr1e-3,0.001,0.0001,1.06324,0.50224,4247
7,4,gender,ema_lr5e-3,0.005,0.0001,1.08075,0.48693,4247
7,4,gender,ema_lr1e-2,0.01,0.0001,0.98494,0.49847,4247
7,4,gender,ema_lr5e-2,0.05,0.0001,0.90568,0.49965,4247
7,4,gender,ema_lr1e-2_wd1e-3,0.01,0.001,0.99967,0.47728,4247
7,4,gender,ema_d0.99,0.01,0.0001,0.94402,0.49517,4247
7,4,gender,ema_d0.9999,0.01,0.0001,0.93256,0.48199,4247
7,4,gender,mlp_h16,0.001,0.0,0.68998,0.5498,4247
7,4,gender,mlp_h32,0.001,0.0,0.69457,0.50341,4247
7,4,gender,mlp_h64,0.001,0.0,0.69532,0.50506,4247
7,4,gender,mlp_h128,0.001,0.0,0.69276,0.52508,4247
7,4,gender,attention,0.0001,1e-05,1.37214,0.45312,4247
7,4,gender,shuffled,0.01,0.0001,0.94722,0.50436,4247
7,4,star_sign,ema_lr1e-3,0.001,0.0001,3.18679,0.07182,4247
7,4,star_sign,ema_lr5e-3,0.005,0.0001,3.21204,0.10172,4247
7,4,star_sign,ema_lr1e-2,0.01,0.0001,2.94345,0.10713,4247
7,4,star_sign,ema_lr5e-2,0.05,0.0001,2.71783,0.12432,4247
7,4,star_sign,ema_lr1e-2_wd1e-3,0.01,0.001,3.00887,0.13045,4247
7,4,star_sign,ema_d0.99,0.01,0.0001,3.07492,0.0704,4247
7,4,star_sign,ema_d0.9999,0.01,0.0001,3.08875,0.05157,4247
7,4,star_sign,mlp_h16,0.001,0.0,2.34152,0.07252,4247
7,4,star_sign,mlp_h32,0.001,0.0,2.11014,0.51613,4247
7,4,star_sign,mlp_h64,0.001,0.0,1.90548,0.89569,4247
7,4,star_sign,mlp_h128,0.001,0.0,1.65717,0.99435,4247
7,4,star_sign,attention,0.0001,1e-05,2.44867,0.0,4247
7,4,star_sign,shuffled,0.01,0.0001,3.0473,0.1434,4247
7,6,age_bin,ema_lr1e-3,0.001,0.0001,1.61512,0.332,4247
7,6,age_bin,ema_lr5e-3,0.005,0.0001,1.56323,0.35884,4247
7,6,age_bin,ema_lr1e-2,0.01,0.0001,1.53845,0.3466,4247
7,6,age_bin,ema_lr5e-2,0.05,0.0001,1.25172,0.38898,4247
7,6,age_bin,ema_lr1e-2_wd1e-3,0.01,0.001,1.59222,0.33012,4247
7,6,age_bin,ema_d0.99,0.01,0.0001,1.60434,0.33059,4247
7,6,age_bin,ema_d0.9999,0.01,0.0001,1.48431,0.34377,4247
7,6,age_bin,mlp_h16,0.001,0.0,0.77457,0.97528,4247
7,6,age_bin,mlp_h32,0.001,0.0,0.81276,0.80975,4247
7,6,age_bin,mlp_h64,0.001,0.0,0.7815,0.93996,4247
7,6,age_bin,mlp_h128,0.001,0.0,0.65044,0.99694,4247
7,6,age_bin,attention,0.0001,1e-05,3.11275,0.30469,4247
7,6,age_bin,shuffled,0.01,0.0001,1.49414,0.3546,4247
7,6,gender,ema_lr1e-3,0.001,0.0001,1.05539,0.50365,4247
7,6,gender,ema_lr5e-3,0.005,0.0001,1.00068,0.50671,4247
7,6,gender,ema_lr1e-2,0.01,0.0001,0.98633,0.51377,4247
7,6,gender,ema_lr5e-2,0.05,0.0001,0.86615,0.51825,4247
7,6,gender,ema_lr1e-2_wd1e-3,0.01,0.001,0.95058,0.53049,4247
7,6,gender,ema_d0.99,0.01,0.0001,1.03201,0.51495,4247
7,6,gender,ema_d0.9999,0.01,0.0001,1.12964,0.46527,4247
7,6,gender,mlp_h16,0.001,0.0,0.70913,0.47987,4247
7,6,gender,mlp_h32,0.001,0.0,0.68728,0.54533,4247
7,6,gender,mlp_h64,0.001,0.0,0.69091,0.54486,4247
7,6,gender,mlp_h128,0.001,0.0,0.69052,0.54697,4247
7,6,gender,attention,0.0001,1e-05,1.95577,0.48438,4247
7,6,gender,shuffled,0.01,0.0001,1.04439,0.48976,4247
7,6,star_sign,ema_lr1e-3,0.001,0.0001,3.22424,0.09324,4247
7,6,star_sign,ema_lr5e-3,0.005,0.0001,3.20128,0.08076,4247
7,6,star_sign,ema_lr1e-2,0.01,0.0001,3.24473,0.07441,4247
7,6,star_sign,ema_lr5e-2,0.05,0.0001,2.80779,0.14151,4247
7,6,star_sign,ema_lr1e-2_wd1e-3,0.01,0.001,3.23459,0.10643,4247
7,6,star_sign,ema_d0.99,0.01,0.0001,3.10953,0.089,4247
7,6,star_sign,ema_d0.9999,0.01,0.0001,3.18737,0.06875,4247
7,6,star_sign,mlp_h16,0.001,0.0,2.61157,0.02567,4247
7,6,star_sign,mlp_h32,0.001,0.0,2.44507,0.06122,4247
7,6,star_sign,mlp_h64,0.001,0.0,2.24257,0.45703,4247
7,6,star_sign,mlp_h128,0.001,0.0,1.79871,0.96892,4247
7,6,star_sign,attention,0.0001,1e-05,7.25687,0.04688,4247
7,6,star_sign,shuffled,0.01,0.0001,3.2261,0.07252,4247
8,0,age_bin,ema_lr1e-3,0.001,0.0001,1.63757,0.27385,4192
8,0,age_bin,ema_lr5e-3,0.005,0.0001,1.50004,0.33135,4192
8,0,age_bin,ema_lr1e-2,0.01,0.0001,1.52173,0.32323,4192
8,0,age_bin,ema_lr5e-2,0.05,0.0001,1.1992,0.40386,4192
8,0,age_bin,ema_lr1e-2_wd1e-3,0.01,0.001,1.49536,0.33802,4192
8,0,age_bin,ema_d0.99,0.01,0.0001,1.57411,0.32801,4192
8,0,age_bin,ema_d0.9999,0.01,0.0001,1.53747,0.41341,4192
8,0,age_bin,mlp_h16,0.001,0.0,1.01794,0.64027,4192
8,0,age_bin,mlp_h32,0.001,0.0,0.89472,0.82991,4192
8,0,age_bin,mlp_h64,0.001,0.0,0.81919,0.90792,4192
8,0,age_bin,mlp_h128,0.001,0.0,0.44353,1.0,4192
8,0,age_bin,attention,0.0001,1e-05,1.07147,0.99219,4192
8,0,age_bin,shuffled,0.01,0.0001,1.52883,0.33564,4192
8,0,gender,ema_lr1e-3,0.001,0.0001,1.08465,0.50644,4192
8,0,gender,ema_lr5e-3,0.005,0.0001,1.09766,0.49642,4192
8,0,gender,ema_lr1e-2,0.01,0.0001,0.99876,0.50716,4192
8,0,gender,ema_lr5e-2,0.05,0.0001,0.94153,0.50668,4192
8,0,gender,ema_lr1e-2_wd1e-3,0.01,0.001,1.02042,0.50048,4192
8,0,gender,ema_d0.99,0.01,0.0001,1.02714,0.49809,4192
8,0,gender,ema_d0.9999,0.01,0.0001,1.0902,0.49141,4192
8,0,gender,mlp_h16,0.001,0.0,0.69831,0.49905,4192
8,0,gender,mlp_h32,0.001,0.0,0.69733,0.51598,4192
8,0,gender,mlp_h64,0.001,0.0,0.69445,0.53268,4192
8,0,gender,mlp_h128,0.001,0.0,0.69067,0.54151,4192
8,0,gender,attention,0.0001,1e-05,0.69311,0.47656,4192
8,0,gender,shuffled,0.01,0.0001,1.04413,0.48593,4192
8,0,star_sign,ema_lr1e-3,0.001,0.0001,3.39505,0.06202,4192
8,0,star_sign,ema_lr5e-3,0.005,0.0001,3.1669,0.08898,4192
8,0,star_sign,ema_lr1e-2,0.01,0.0001,3.17712,0.16794,4192
8,0,star_sign,ema_lr5e-2,0.05,0.0001,2.76975,0.14766,4192
8,0,star_sign,ema_lr1e-2_wd1e-3,0.01,0.001,3.1693,0.12524,4192
8,0,star_sign,ema_d0.99,0.01,0.0001,3.17144,0.08063,4192
8,0,star_sign,ema_d0.9999,0.01,0.0001,3.17767,0.06298,4192
8,0,star_sign,mlp_h16,0.001,0.0,2.47541,0.00859,4192
8,0,star_sign,mlp_h32,0.001,0.0,1.91796,0.88478,4192
8,0,star_sign,mlp_h64,0.001,0.0,2.3634,0.23664,4192
8,0,star_sign,mlp_h128,0.001,0.0,1.62969,0.97996,4192
8,0,star_sign,attention,0.0001,1e-05,2.47361,0.23438,4192
8,0,star_sign,shuffled,0.01,0.0001,3.18137,0.07371,4192
8,4,age_bin,ema_lr1e-3,0.001,0.0001,1.46693,0.3385,4192
8,4,age_bin,ema_lr5e-3,0.005,0.0001,1.48995,0.30439,4192
8,4,age_bin,ema_lr1e-2,0.01,0.0001,1.48414,0.30749,4192
8,4,age_bin,ema_lr5e-2,0.05,0.0001,1.12607,0.4697,4192
8,4,age_bin,ema_lr1e-2_wd1e-3,0.01,0.001,1.55196,0.35234,4192
8,4,age_bin,ema_d0.99,0.01,0.0001,1.42034,0.40553,4192
8,4,age_bin,ema_d0.9999,0.01,0.0001,1.54774,0.37381,4192
8,4,age_bin,mlp_h16,0.001,0.0,0.91072,0.84876,4192
8,4,age_bin,mlp_h32,0.001,0.0,0.85124,0.86904,4192
8,4,age_bin,mlp_h64,0.001,0.0,0.71787,0.9907,4192
8,4,age_bin,mlp_h128,0.001,0.0,0.55948,0.99976,4192
8,4,age_bin,attention,0.0001,1e-05,0.58262,1.0,4192
8,4,age_bin,shuffled,0.01,0.0001,1.56504,0.33826,4192
8,4,gender,ema_lr1e-3,0.001,0.0001,1.03263,0.51097,4192
8,4,gender,ema_lr5e-3,0.005,0.0001,1.06408,0.49881,4192
8,4,gender,ema_lr1e-2,0.01,0.0001,1.02823,0.49308,4192
8,4,gender,ema_lr5e-2,0.05,0.0001,0.90294,0.50048,4192
8,4,gender,ema_lr1e-2_wd1e-3,0.01,0.001,0.97073,0.48807,4192
8,4,gender,ema_d0.99,0.01,0.0001,0.96192,0.49117,4192
8,4,gender,ema_d0.9999,0.01,0.0001,0.9444,0.48402,4192
8,4,gender,mlp_h16,0.001,0.0,0.69025,0.5396,4192
8,4,gender,mlp_h32,0.001,0.0,0.69463,0.51097,4192
8,4,gender,mlp_h64,0.001,0.0,0.69794,0.5062,4192
8,4,gender,mlp_h128,0.001,0.0,0.69458,0.52362,4192
8,4,gender,attention,0.0001,1e-05,1.29644,0.46875,4192
8,4,gender,shuffled,0.01,0.0001,0.94633,0.50906,4192
8,4,star_sign,ema_lr1e-3,0.001,0.0001,3.19001,0.06846,4192
8,4,star_sign,ema_lr5e-3,0.005,0.0001,3.25742,0.0885,4192
8,4,star_sign,ema_lr1e-2,0.01,0.0001,3.01157,0.0947,4192
8,4,star_sign,ema_lr5e-2,0.05,0.0001,2.62925,0.13979,4192
8,4,star_sign,ema_lr1e-2_wd1e-3,0.01,0.001,2.93079,0.13931,4192
8,4,star_sign,ema_d0.99,0.01,0.0001,3.04958,0.08325,4192
8,4,star_sign,ema_d0.9999,0.01,0.0001,3.01165,0.0594,4192
8,4,star_sign,mlp_h16,0.001,0.0,2.32304,0.07586,4192
8,4,star_sign,mlp_h32,0.001,0.0,2.06379,0.59709,4192
8,4,star_sign,mlp_h64,0.001,0.0,1.83944,0.94346,4192
8,4,star_sign,mlp_h128,0.001,0.0,1.55436,0.99857,4192
8,4,star_sign,attention,0.0001,1e-05,2.42349,0.02344,4192
8,4,star_sign,shuffled,0.01,0.0001,3.09303,0.14098,4192
8,6,age_bin,ema_lr1e-3,0.001,0.0001,1.54402,0.34995,4192
8,6,age_bin,ema_lr5e-3,0.005,0.0001,1.61305,0.34781,4192
8,6,age_bin,ema_lr1e-2,0.01,0.0001,1.52325,0.35258,4192
8,6,age_bin,ema_lr5e-2,0.05,0.0001,1.19855,0.41794,4192
8,6,age_bin,ema_lr1e-2_wd1e-3,0.01,0.001,1.49322,0.36904,4192
8,6,age_bin,ema_d0.99,0.01,0.0001,1.69657,0.29103,4192
8,6,age_bin,ema_d0.9999,0.01,0.0001,1.4596,0.35186,4192
8,6,age_bin,mlp_h16,0.001,0.0,0.74947,0.98115,4192
8,6,age_bin,mlp_h32,0.001,0.0,0.79106,0.84542,4192
8,6,age_bin,mlp_h64,0.001,0.0,0.72684,0.97376,4192
8,6,age_bin,mlp_h128,0.001,0.0,0.59453,0.99905,4192
8,6,age_bin,attention,0.0001,1e-05,2.37466,0.39844,4192
8,6,age_bin,shuffled,0.01,0.0001,1.44868,0.3552,4192
8,6,gender,ema_lr1e-3,0.001,0.0001,1.06014,0.5167,4192
8,6,gender,ema_lr5e-3,0.005,0.0001,1.00007,0.50501,4192
8,6,gender,ema_lr1e-2,0.01,0.0001,0.98664,0.51885,4192
8,6,gender,ema_lr5e-2,0.05,0.0001,0.91378,0.4907,4192
8,6,gender,ema_lr1e-2_wd1e-3,0.01,0.001,0.99381,0.50501,4192
8,6,gender,ema_d0.99,0.01,0.0001,1.0226,0.51765,4192
8,6,gender,ema_d0.9999,0.01,0.0001,1.12105,0.46183,4192
8,6,gender,mlp_h16,0.001,0.0,0.71006,0.47114,4192
8,6,gender,mlp_h32,0.001,0.0,0.69082,0.54151,4192
8,6,gender,mlp_h64,0.001,0.0,0.69641,0.52552,4192
8,6,gender,mlp_h128,0.001,0.0,0.70297,0.526,4192
8,6,gender,attention,0.0001,1e-05,2.24917,0.46094,4192
8,6,gender,shuffled,0.01,0.0001,1.01276,0.49809,4192
8,6,star_sign,ema_lr1e-3,0.001,0.0001,3.38173,0.07848,4192
8,6,star_sign,ema_lr5e-3,0.005,0.0001,3.15395,0.09447,4192
8,6,star_sign,ema_lr1e-2,0.01,0.0001,3.21888,0.09518,4192
8,6,star_sign,ema_lr5e-2,0.05,0.0001,2.86256,0.13216,4192
8,6,star_sign,ema_lr1e-2_wd1e-3,0.01,0.001,3.14324,0.10138,4192
8,6,star_sign,ema_d0.99,0.01,0.0001,3.21936,0.06703,4192
8,6,star_sign,ema_d0.9999,0.01,0.0001,3.12962,0.07705,4192
8,6,star_sign,mlp_h16,0.001,0.0,2.58093,0.04556,4192
8,6,star_sign,mlp_h32,0.001,0.0,2.39467,0.10186,4192
8,6,star_sign,mlp_h64,0.001,0.0,2.20045,0.53745,4192
8,6,star_sign,mlp_h128,0.001,0.0,1.70358,0.98736,4192
8,6,star_sign,attention,0.0001,1e-05,6.33425,0.08594,4192
8,6,star_sign,shuffled,0.01,0.0001,3.04171,0.09136,4192
9,0,age_bin,ema_lr1e-3,0.001,0.0001,1.64896,0.27564,3929
9,0,age_bin,ema_lr5e-3,0.005,0.0001,1.5099,0.3184,3929
9,0,age_bin,ema_lr1e-2,0.01,0.0001,1.4734,0.34309,3929
9,0,age_bin,ema_lr5e-2,0.05,0.0001,1.15563,0.42021,3929
9,0,age_bin,ema_lr1e-2_wd1e-3,0.01,0.001,1.50097,0.32833,3929
9,0,age_bin,ema_d0.99,0.01,0.0001,1.53585,0.38458,3929
9,0,age_bin,ema_d0.9999,0.01,0.0001,1.5079,0.40977,3929
9,0,age_bin,mlp_h16,0.001,0.0,1.00355,0.69102,3929
9,0,age_bin,mlp_h32,0.001,0.0,0.86915,0.86129,3929
9,0,age_bin,mlp_h64,0.001,0.0,0.78335,0.93103,3929
9,0,age_bin,mlp_h128,0.001,0.0,0.39629,1.0,3929
9,0,age_bin,attention,0.0001,1e-05,1.06967,1.0,3929
9,0,age_bin,shuffled,0.01,0.0001,1.49986,0.32858,3929
9,0,gender,ema_lr1e-3,0.001,0.0001,1.08319,0.49326,3929
9,0,gender,ema_lr5e-3,0.005,0.0001,1.09497,0.49707,3929
9,0,gender,ema_lr1e-2,0.01,0.0001,1.00613,0.49096,3929
9,0,gender,ema_lr5e-2,0.05,0.0001,0.90935,0.50496,3929
9,0,gender,ema_lr1e-2_wd1e-3,0.01,0.001,1.03725,0.49402,3929
9,0,gender,ema_d0.99,0.01,0.0001,1.00217,0.50725,3929
9,0,gender,ema_d0.9999,0.01,0.0001,1.05974,0.50751,3929
9,0,gender,mlp_h16,0.001,0.0,0.69285,0.51311,3929
9,0,gender,mlp_h32,0.001,0.0,0.69371,0.52125,3929
9,0,gender,mlp_h64,0.001,0.0,0.69038,0.54034,3929
9,0,gender,mlp_h128,0.001,0.0,0.68762,0.54619,3929
9,0,gender,attention,0.0001,1e-05,0.69278,0.50781,3929
9,0,gender,shuffled,0.01,0.0001,1.02661,0.4902,3929
9,0,star_sign,ema_lr1e-3,0.001,0.0001,3.37911,0.06668,3929
9,0,star_sign,ema_lr5e-3,0.005,0.0001,3.16044,0.08399,3929
9,0,star_sign,ema_lr1e-2,0.01,0.0001,3.16745,0.1718,3929
9,0,star_sign,ema_lr5e-2,0.05,0.0001,2.67897,0.18707,3929
9,0,star_sign,ema_lr1e-2_wd1e-3,0.01,0.001,3.17038,0.12904,3929
9,0,star_sign,ema_d0.99,0.01,0.0001,3.17496,0.07763,3929
9,0,star_sign,ema_d0.9999,0.01,0.0001,3.1426,0.05854,3929
9,0,star_sign,mlp_h16,0.001,0.0,2.44422,0.01069,3929
9,0,star_sign,mlp_h32,0.001,0.0,1.87227,0.89997,3929
9,0,star_sign,mlp_h64,0.001,0.0,2.30075,0.2876,3929
9,0,star_sign,mlp_h128,0.001,0.0,1.52436,0.98956,3929
9,0,star_sign,attention,0.0001,1e-05,2.47159,0.42188,3929
9,0,star_sign,shuffled,0.01,0.0001,3.16557,0.07025,3929
9,4,age_bin,ema_lr1e-3,0.001,0.0001,1.49479,0.32655,3929
9,4,age_bin,ema_lr5e-3,0.005,0.0001,1.4521,0.32069,3929
9,4,age_bin,ema_lr1e-2,0.01,0.0001,1.49423,0.30364,3929
9,4,age_bin,ema_lr5e-2,0.05,0.0001,1.09846,0.48435,3929
9,4,age_bin,ema_lr1e-2_wd1e-3,0.01,0.001,1.49462,0.35734,3929
9,4,age_bin,ema_d0.99,0.01,0.0001,1.3824,0.41461,3929
9,4,age_bin,ema_d0.9999,0.01,0.0001,1.51874,0.36854,3929
9,4,age_bin,mlp_h16,0.001,0.0,0.89852,0.86078,3929
9,4,age_bin,mlp_h32,0.001,0.0,0.82078,0.90888,3929
9,4,age_bin,mlp_h64,0.001,0.0,0.68011,0.99593,3929
9,4,age_bin,mlp_h128,0.001,0.0,0.50219,1.0,3929
9,4,age_bin,attention,0.0001,1e-05,0.56035,1.0,3929
9,4,age_bin,shuffled,0.01,0.0001,1.53121,0.34767,3929
9,4,gender,ema_lr1e-3,0.001,0.0001,1.0831,0.48893,3929
9,4,gender,ema_lr5e-3,0.005,0.0001,1.02534,0.49529,3929
9,4,gender,ema_lr1e-2,0.01,0.0001,0.96737,0.51718,3929
9,4,gender,ema_lr5e-2,0.05,0.0001,0.84179,0.52609,3929
9,4,gender,ema_lr1e-2_wd1e-3,0.01,0.001,0.96967,0.48842,3929
9,4,gender,ema_d0.99,0.01,0.0001,0.99352,0.46806,3929
9,4,gender,ema_d0.9999,0.01,0.0001,0.9389,0.48231,3929
9,4,gender,mlp_h16,0.001,0.0,0.68545,0.5607,3929
9,4,gender,mlp_h32,0.001,0.0,0.6927,0.52482,3929
9,4,gender,mlp_h64,0.001,0.0,0.68645,0.5551,3929
9,4,gender,mlp_h128,0.001,0.0,0.68912,0.54365,3929
9,4,gender,attention,0.0001,1e-05,1.11904,0.46094,3929
9,4,gender,shuffled,0.01,0.0001,0.92772,0.5014,3929
9,4,star_sign,ema_lr1e-3,0.001,0.0001,3.1695,0.07432,3929
9,4,star_sign,ema_lr5e-3,0.005,0.0001,3.22701,0.10232,3929
9,4,star_sign,ema_lr1e-2,0.01,0.0001,2.92783,0.10384,3929
9,4,star_sign,ema_lr5e-2,0.05,0.0001,2.59747,0.14609,3929
9,4,star_sign,ema_lr1e-2_wd1e-3,0.01,0.001,2.97301,0.12904,3929
9,4,star_sign,ema_d0.99,0.01,0.0001,3.06566,0.07356,3929
9,4,star_sign,ema_d0.9999,0.01,0.0001,3.03811,0.06261,3929
9,4,star_sign,mlp_h16,0.001,0.0,2.30565,0.08119,3929
9,4,star_sign,mlp_h32,0.001,0.0,2.02588,0.6564,3929
9,4,star_sign,mlp_h64,0.001,0.0,1.76866,0.96666,3929
9,4,star_sign,mlp_h128,0.001,0.0,1.44066,0.99975,3929
9,4,star_sign,attention,0.0001,1e-05,2.41198,0.03125,3929
9,4,star_sign,shuffled,0.01,0.0001,3.04764,0.14024,3929
9,6,age_bin,ema_lr1e-3,0.001,0.0001,1.6413,0.32349,3929
9,6,age_bin,ema_lr5e-3,0.005,0.0001,1.59589,0.34589,3929
9,6,age_bin,ema_lr1e-2,0.01,0.0001,1.53015,0.34691,3929
9,6,age_bin,ema_lr5e-2,0.05,0.0001,1.15623,0.43064,3929
9,6,age_bin,ema_lr1e-2_wd1e-3,0.01,0.001,1.52612,0.35709,3929
9,6,age_bin,ema_d0.99,0.01,0.0001,1.62512,0.32502,3929
9,6,age_bin,ema_d0.9999,0.01,0.0001,1.4715,0.35123,3929
9,6,age_bin,mlp_h16,0.001,0.0,0.73463,0.98778,3929
9,6,age_bin,mlp_h32,0.001,0.0,0.76317,0.86358,3929
9,6,age_bin,mlp_h64,0.001,0.0,0.70336,0.97862,3929
9,6,age_bin,mlp_h128,0.001,0.0,0.55083,1.0,3929
9,6,age_bin,attention,0.0001,1e-05,2.32699,0.44531,3929
9,6,age_bin,shuffled,0.01,0.0001,1.43268,0.37134,3929
9,6,gender,ema_lr1e-3,0.001,0.0001,1.00824,0.54543,3929
9,6,gender,ema_lr5e-3,0.005,0.0001,0.97189,0.51769,3929
9,6,gender,ema_lr1e-2,0.01,0.0001,0.98727,0.51234,3929
9,6,gender,ema_lr5e-2,0.05,0.0001,0.83261,0.53576,3929
9,6,gender,ema_lr1e-2_wd1e-3,0.01,0.001,0.98431,0.50802,3929
9,6,gender,ema_d0.99,0.01,0.0001,0.9925,0.52812,3929
9,6,gender,ema_d0.9999,0.01,0.0001,1.08088,0.47824,3929
9,6,gender,mlp_h16,0.001,0.0,0.70064,0.50293,3929
9,6,gender,mlp_h32,0.001,0.0,0.68281,0.56401,3929
9,6,gender,mlp_h64,0.001,0.0,0.68109,0.57012,3929
9,6,gender,mlp_h128,0.001,0.0,0.68104,0.57216,3929
9,6,gender,attention,0.0001,1e-05,1.6534,0.60156,3929
9,6,gender,shuffled,0.01,0.0001,1.03034,0.50369,3929
9,6,star_sign,ema_lr1e-3,0.001,0.0001,3.34911,0.08348,3929
9,6,star_sign,ema_lr5e-3,0.005,0.0001,3.30587,0.08246,3929
9,6,star_sign,ema_lr1e-2,0.01,0.0001,3.2667,0.07356,3929
9,6,star_sign,ema_lr5e-2,0.05,0.0001,2.68985,0.17205,3929
9,6,star_sign,ema_lr1e-2_wd1e-3,0.01,0.001,3.1917,0.10257,3929
9,6,star_sign,ema_d0.99,0.01,0.0001,3.11156,0.08425,3929
9,6,star_sign,ema_d0.9999,0.01,0.0001,3.10437,0.08043,3929
9,6,star_sign,mlp_h16,0.001,0.0,2.57132,0.05039,3929
9,6,star_sign,mlp_h32,0.001,0.0,2.37503,0.13235,3929
9,6,star_sign,mlp_h64,0.001,0.0,2.13344,0.65946,3929
9,6,star_sign,mlp_h128,0.001,0.0,1.61235,0.99364,3929
9,6,star_sign,attention,0.0001,1e-05,5.15516,0.14062,3929
9,6,star_sign,shuffled,0.01,0.0001,3.2231,0.07636,3929
10,0,age_bin,ema_lr1e-3,0.001,0.0001,1.62402,0.29025,4186
10,0,age_bin,ema_lr5e-3,0.005,0.0001,1.5224,0.31534,4186
10,0,age_bin,ema_lr1e-2,0.01,0.0001,1.50077,0.33445,4186
10,0,age_bin,ema_lr5e-2,0.05,0.0001,1.11081,0.41591,4186
10,0,age_bin,ema_lr1e-2_wd1e-3,0.01,0.001,1.48274,0.33899,4186
10,0,age_bin,ema_d0.99,0.01,0.0001,1.55512,0.36479,4186
10,0,age_bin,ema_d0.9999,0.01,0.0001,1.50092,0.41448,4186
10,0,age_bin,mlp_h16,0.001,0.0,0.99003,0.70664,4186
10,0,age_bin,mlp_h32,0.001,0.0,0.85209,0.88915,4186
10,0,age_bin,mlp_h64,0.001,0.0,0.74906,0.95485,4186
10,0,age_bin,mlp_h128,0.001,0.0,0.35922,1.0,4186
10,0,age_bin,attention,0.0001,1e-05,1.06781,1.0,4186
10,0,age_bin,shuffled,0.01,0.0001,1.49893,0.3354,4186
10,0,gender,ema_lr1e-3,0.001,0.0001,1.11346,0.48782,4186
10,0,gender,ema_lr5e-3,0.005,0.0001,1.05204,0.50932,4186
10,0,gender,ema_lr1e-2,0.01,0.0001,1.01738,0.48567,4186
10,0,gender,ema_lr5e-2,0.05,0.0001,0.88539,0.51266,4186
10,0,gender,ema_lr1e-2_wd1e-3,0.01,0.001,1.04378,0.4914,4186
10,0,gender,ema_d0.99,0.01,0.0001,1.02655,0.48997,4186
10,0,gender,ema_d0.9999,0.01,0.0001,1.05022,0.49403,4186
10,0,gender,mlp_h16,0.001,0.0,0.69227,0.52174,4186
10,0,gender,mlp_h32,0.001,0.0,0.69193,0.52269,4186
10,0,gender,mlp_h64,0.001,0.0,0.68424,0.55805,4186
10,0,gender,mlp_h128,0.001,0.0,0.68542,0.55662,4186
10,0,gender,attention,0.0001,1e-05,0.69336,0.46875,4186
10,0,gender,shuffled,0.01,0.0001,1.0097,0.49403,4186
10,0,star_sign,ema_lr1e-3,0.001,0.0001,3.35172,0.06928,4186
10,0,star_sign,ema_lr5e-3,0.005,0.0001,3.17757,0.07931,4186
10,0,star_sign,ema_lr1e-2,0.01,0.0001,3.20449,0.172,4186
10,0,star_sign,ema_lr5e-2,0.05,0.0001,2.71471,0.1904,4186
10,0,star_sign,ema_lr1e-2_wd1e-3,0.01,0.001,3.14336,0.13426,4186
10,0,star_sign,ema_d0.99,0.01,0.0001,3.17403,0.07358,4186
10,0,star_sign,ema_d0.9999,0.01,0.0001,3.1584,0.05829,4186
10,0,star_sign,mlp_h16,0.001,0.0,2.42589,0.02222,4186
10,0,star_sign,mlp_h32,0.001,0.0,1.84368,0.92547,4186
10,0,star_sign,mlp_h64,0.001,0.0,2.2496,0.36718,4186
10,0,star_sign,mlp_h128,0.001,0.0,1.44923,0.99713,4186
10,0,star_sign,attention,0.0001,1e-05,2.4694,0.5625,4186
10,0,star_sign,shuffled,0.01,0.0001,3.11637,0.07907,4186
10,4,age_bin,ema_lr1e-3,0.001,0.0001,1.45706,0.34209,4186
10,4,age_bin,ema_lr5e-3,0.005,0.0001,1.4314,0.32967,4186
10,4,age_bin,ema_lr1e-2,0.01,0.0001,1.41336,0.33421,4186
10,4,age_bin,ema_lr5e-2,0.05,0.0001,1.07381,0.48758,4186
10,4,age_bin,ema_lr1e-2_wd1e-3,0.01,0.001,1.46672,0.3667,4186
10,4,age_bin,ema_d0.99,0.01,0.0001,1.41277,0.39417,4186
10,4,age_bin,ema_d0.9999,0.01,0.0001,1.50272,0.37339,4186
10,4,age_bin,mlp_h16,0.001,0.0,0.87775,0.89584,4186
10,4,age_bin,mlp_h32,0.001,0.0,0.79677,0.93693,4186
10,4,age_bin,mlp_h64,0.001,0.0,0.63961,0.99904,4186
10,4,age_bin,mlp_h128,0.001,0.0,0.45057,1.0,4186
10,4,age_bin,attention,0.0001,1e-05,0.52696,1.0,4186
10,4,age_bin,shuffled,0.01,0.0001,1.45952,0.3569,4186
10,4,gender,ema_lr1e-3,0.001,0.0001,1.04875,0.51171,4186
10,4,gender,ema_lr5e-3,0.005,0.0001,1.02956,0.51099,4186
10,4,gender,ema_lr1e-2,0.01,0.0001,0.99891,0.49259,4186
10,4,gender,ema_lr5e-2,0.05,0.0001,0.84567,0.50956,4186
10,4,gender,ema_lr1e-2_wd1e-3,0.01,0.001,0.9364,0.50645,4186
10,4,gender,ema_d0.99,0.01,0.0001,0.93469,0.50215,4186
10,4,gender,ema_d0.9999,0.01,0.0001,0.91513,0.50478,4186
10,4,gender,mlp_h16,0.001,0.0,0.68017,0.57477,4186
10,4,gender,mlp_h32,0.001,0.0,0.68798,0.55184,4186
10,4,gender,mlp_h64,0.001,0.0,0.68271,0.55805,4186
10,4,gender,mlp_h128,0.001,0.0,0.68389,0.56426,4186
10,4,gender,attention,0.0001,1e-05,1.17173,0.41406,4186
10,4,gender,shuffled,0.01,0.0001,0.93487,0.49833,4186
10,4,star_sign,ema_lr1e-3,0.001,0.0001,3.14853,0.07621,4186
10,4,star_sign,ema_lr5e-3,0.005,0.0001,3.19625,0.09986,4186
10,4,star_sign,ema_lr1e-2,0.01,0.0001,2.93046,0.10248,4186
10,4,star_sign,ema_lr5e-2,0.05,0.0001,2.58723,0.14811,4186
10,4,star_sign,ema_lr1e-2_wd1e-3,0.01,0.001,2.96482,0.1345,4186
10,4,star_sign,ema_d0.99,0.01,0.0001,3.03744,0.07262,4186
10,4,star_sign,ema_d0.9999,0.01,0.0001,3.02876,0.06331,4186
10,4,star_sign,mlp_h16,0.001,0.0,2.28793,0.08815,4186
10,4,star_sign,mlp_h32,0.001,0.0,1.97927,0.72814,4186
10,4,star_sign,mlp_h64,0.001,0.0,1.71512,0.98638,4186
10,4,star_sign,mlp_h128,0.001,0.0,1.34372,1.0,4186
10,4,star_sign,attention,0.0001,1e-05,2.37934,0.07031,4186
10,4,star_sign,shuffled,0.01,0.0001,3.12212,0.12685,4186
10,6,age_bin,ema_lr1e-3,0.001,0.0001,1.57734,0.34759,4186
10,6,age_bin,ema_lr5e-3,0.005,0.0001,1.56946,0.34735,4186
10,6,age_bin,ema_lr1e-2,0.01,0.0001,1.54959,0.3483,4186
10,6,age_bin,ema_lr5e-2,0.05,0.0001,1.11257,0.45533,4186
10,6,age_bin,ema_lr1e-2_wd1e-3,0.01,0.001,1.51271,0.35547,4186
10,6,age_bin,ema_d0.99,0.01,0.0001,1.43103,0.3913,4186
10,6,age_bin,ema_d0.9999,0.01,0.0001,1.44845,0.35571,4186
10,6,age_bin,mlp_h16,0.001,0.0,0.72096,0.98543,4186
10,6,age_bin,mlp_h32,0.001,0.0,0.73243,0.90468,4186
10,6,age_bin,mlp_h64,0.001,0.0,0.66299,0.98973,4186
10,6,age_bin,mlp_h128,0.001,0.0,0.49978,1.0,4186
10,6,age_bin,attention,0.0001,1e-05,1.95471,0.52344,4186
10,6,age_bin,shuffled,0.01,0.0001,1.54976,0.32585,4186
10,6,gender,ema_lr1e-3,0.001,0.0001,1.14036,0.48925,4186
10,6,gender,ema_lr5e-3,0.005,0.0001,0.97612,0.51003,4186
10,6,gender,ema_lr1e-2,0.01,0.0001,0.99746,0.49785,4186
10,6,gender,ema_lr5e-2,0.05,0.0001,0.86798,0.51266,4186
10,6,gender,ema_lr1e-2_wd1e-3,0.01,0.001,0.95049,0.52461,4186
10,6,gender,ema_d0.99,0.01,0.0001,0.94553,0.54037,4186
10,6,gender,ema_d0.9999,0.01,0.0001,1.11809,0.47229,4186
10,6,gender,mlp_h16,0.001,0.0,0.69085,0.52269,4186
10,6,gender,mlp_h32,0.001,0.0,0.67966,0.57047,4186
10,6,gender,mlp_h64,0.001,0.0,0.67526,0.57573,4186
10,6,gender,mlp_h128,0.001,0.0,0.6719,0.586,4186
10,6,gender,attention,0.0001,1e-05,2.30394,0.51562,4186
10,6,gender,shuffled,0.01,0.0001,1.01031,0.49618,4186
10,6,star_sign,ema_lr1e-3,0.001,0.0001,3.23477,0.10463,4186
10,6,star_sign,ema_lr5e-3,0.005,0.0001,3.3027,0.0915,4186
10,6,star_sign,ema_lr1e-2,0.01,0.0001,3.1695,0.08433,4186
10,6,star_sign,ema_lr5e-2,0.05,0.0001,2.70337,0.16316,4186
10,6,star_sign,ema_lr1e-2_wd1e-3,0.01,0.001,3.07039,0.11562,4186
10,6,star_sign,ema_d0.99,0.01,0.0001,3.0799,0.08552,4186
10,6,star_sign,ema_d0.9999,0.01,0.0001,3.29794,0.06163,4186
10,6,star_sign,mlp_h16,0.001,0.0,2.52974,0.06307,4186
10,6,star_sign,mlp_h32,0.001,0.0,2.33769,0.17606,4186
10,6,star_sign,mlp_h64,0.001,0.0,2.07032,0.74869,4186
10,6,star_sign,mlp_h128,0.001,0.0,1.52634,0.99618,4186
10,6,star_sign,attention,0.0001,1e-05,5.08225,0.125,4186
10,6,star_sign,shuffled,0.01,0.0001,3.14611,0.08481,4186
11,0,age_bin,ema_lr1e-3,0.001,0.0001,1.64686,0.26963,3935
11,0,age_bin,ema_lr5e-3,0.005,0.0001,1.5267,0.30343,3935
11,0,age_bin,ema_lr1e-2,0.01,0.0001,1.44162,0.3418,3935
11,0,age_bin,ema_lr5e-2,0.05,0.0001,1.07803,0.43787,3935
11,0,age_bin,ema_lr1e-2_wd1e-3,0.01,0.001,1.46014,0.34485,3935
11,0,age_bin,ema_d0.99,0.01,0.0001,1.52773,0.37382,3935
11,0,age_bin,ema_d0.9999,0.01,0.0001,1.48393,0.41652,3935
11,0,age_bin,mlp_h16,0.001,0.0,0.97126,0.74206,3935
11,0,age_bin,mlp_h32,0.001,0.0,0.82899,0.92427,3935
11,0,age_bin,mlp_h64,0.001,0.0,0.72292,0.97814,3935
11,0,age_bin,mlp_h128,0.001,0.0,0.32251,1.0,3935
11,0,age_bin,attention,0.0001,1e-05,1.06565,1.0,3935
11,0,age_bin,shuffled,0.01,0.0001,1.4665,0.35781,3935
11,0,gender,ema_lr1e-3,0.001,0.0001,1.11227,0.49911,3935
11,0,gender,ema_lr5e-3,0.005,0.0001,1.08075,0.48539,3935
11,0,gender,ema_lr1e-2,0.01,0.0001,0.98991,0.51334,3935
11,0,gender,ema_lr5e-2,0.05,0.0001,0.89707,0.49454,3935
11,0,gender,ema_lr1e-2_wd1e-3,0.01,0.001,0.98977,0.51842,3935
11,0,gender,ema_d0.99,0.01,0.0001,1.03896,0.47268,3935
11,0,gender,ema_d0.9999,0.01,0.0001,1.07984,0.5075,3935
11,0,gender,mlp_h16,0.001,0.0,0.70323,0.49022,3935
11,0,gender,mlp_h32,0.001,0.0,0.70192,0.47217,3935
11,0,gender,mlp_h64,0.001,0.0,0.70898,0.47751,3935
11,0,gender,mlp_h128,0.001,0.0,0.71711,0.45718,3935
11,0,gender,attention,0.0001,1e-05,0.69254,0.51562,3935
11,0,gender,shuffled,0.01,0.0001,1.01944,0.5108,3935
11,0,star_sign,ema_lr1e-3,0.001,0.0001,3.38591,0.06353,3935
11,0,star_sign,ema_lr5e-3,0.005,0.0001,3.18643,0.08158,3935
11,0,star_sign,ema_lr1e-2,0.01,0.0001,3.09025,0.17484,3935
11,0,star_sign,ema_lr5e-2,0.05,0.0001,2.61176,0.21321,3935
11,0,star_sign,ema_lr1e-2_wd1e-3,0.01,0.001,3.16863,0.12173,3935
11,0,star_sign,ema_d0.99,0.01,0.0001,3.17039,0.08107,3935
11,0,star_sign,ema_d0.9999,0.01,0.0001,3.09429,0.06861,3935
11,0,star_sign,mlp_h16,0.001,0.0,2.39982,0.07751,3935
11,0,star_sign,mlp_h32,0.001,0.0,1.79702,0.94333,3935
11,0,star_sign,mlp_h64,0.001,0.0,2.18996,0.47573,3935
11,0,star_sign,mlp_h128,0.001,0.0,1.35812,0.99898,3935
11,0,star_sign,attention,0.0001,1e-05,2.46673,0.75781,3935
11,0,star_sign,shuffled,0.01,0.0001,3.09918,0.07954,3935
11,4,age_bin,ema_lr1e-3,0.001,0.0001,1.41411,0.33952,3935
11,4,age_bin,ema_lr5e-3,0.005,0.0001,1.46459,0.31029,3935
11,4,age_bin,ema_lr1e-2,0.01,0.0001,1.39123,0.34307,3935
11,4,age_bin,ema_lr5e-2,0.05,0.0001,1.01558,0.52478,3935
11,4,age_bin,ema_lr1e-2_wd1e-3,0.01,0.001,1.41408,0.37992,3935
11,4,age_bin,ema_d0.99,0.01,0.0001,1.4055,0.3784,3935
11,4,age_bin,ema_d0.9999,0.01,0.0001,1.47729,0.38348,3935
11,4,age_bin,mlp_h16,0.001,0.0,0.86503,0.91614,3935
11,4,age_bin,mlp_h32,0.001,0.0,0.76696,0.95934,3935
11,4,age_bin,mlp_h64,0.001,0.0,0.60566,0.99975,3935
11,4,age_bin,mlp_h128,0.001,0.0,0.40521,1.0,3935
11,4,age_bin,attention,0.0001,1e-05,0.48579,1.0,3935
11,4,age_bin,shuffled,0.01,0.0001,1.49499,0.33926,3935
11,4,gender,ema_lr1e-3,0.001,0.0001,1.0583,0.50801,3935
11,4,gender,ema_lr5e-3,0.005,0.0001,0.98878,0.52681,3935
11,4,gender,ema_lr1e-2,0.01,0.0001,0.96578,0.51537,3935
11,4,gender,ema_lr5e-2,0.05,0.0001,0.84185,0.50318,3935
11,4,gender,ema_lr1e-2_wd1e-3,0.01,0.001,0.94828,0.49911,3935
11,4,gender,ema_d0.99,0.01,0.0001,0.91167,0.51741,3935
11,4,gender,ema_d0.9999,0.01,0.0001,0.93928,0.48183,3935
11,4,gender,mlp_h16,0.001,0.0,0.70829,0.46963,3935
11,4,gender,mlp_h32,0.001,0.0,0.69602,0.50597,3935
11,4,gender,mlp_h64,0.001,0.0,0.70558,0.48513,3935
11,4,gender,mlp_h128,0.001,0.0,0.7085,0.48564,3935
11,4,gender,attention,0.0001,1e-05,0.88867,0.55469,3935
11,4,gender,shuffled,0.01,0.0001,0.92167,0.49784,3935
11,4,star_sign,ema_lr1e-3,0.001,0.0001,3.17508,0.07598,3935
11,4,star_sign,ema_lr5e-3,0.005,0.0001,3.18346,0.09835,3935
11,4,star_sign,ema_lr1e-2,0.01,0.0001,2.9261,0.10521,3935
11,4,star_sign,ema_lr5e-2,0.05,0.0001,2.4869,0.17484,3935
11,4,star_sign,ema_lr1e-2_wd1e-3,0.01,0.001,2.94469,0.12961,3935
11,4,star_sign,ema_d0.99,0.01,0.0001,3.03074,0.07726,3935
11,4,star_sign,ema_d0.9999,0.01,0.0001,2.97,0.06607,3935
11,4,star_sign,mlp_h16,0.001,0.0,2.26886,0.09428,3935
11,4,star_sign,mlp_h32,0.001,0.0,1.94209,0.78094,3935
11,4,star_sign,mlp_h64,0.001,0.0,1.64066,0.9906,3935
11,4,star_sign,mlp_h128,0.001,0.0,1.242,1.0,3935
11,4,star_sign,attention,0.0001,1e-05,2.36472,0.10938,3935
11,4,star_sign,shuffled,0.01,0.0001,3.06166,0.12808,3935
11,6,age_bin,ema_lr1e-3,0.001,0.0001,1.66651,0.31258,3935
11,6,age_bin,ema_lr5e-3,0.005,0.0001,1.54638,0.36442,3935
11,6,age_bin,ema_lr1e-2,0.01,0.0001,1.65426,0.29555,3935
11,6,age_bin,ema_lr5e-2,0.05,0.0001,1.04296,0.4859,3935
11,6,age_bin,ema_lr1e-2_wd1e-3,0.01,0.001,1.49596,0.34003,3935
11,6,age_bin,ema_d0.99,0.01,0.0001,1.61191,0.32681,3935
11,6,age_bin,ema_d0.9999,0.01,0.0001,1.50344,0.32656,3935
11,6,age_bin,mlp_h16,0.001,0.0,0.69463,0.99238,3935
11,6,age_bin,mlp_h32,0.001,0.0,0.72321,0.91207,3935
11,6,age_bin,mlp_h64,0.001,0.0,0.63569,0.99416,3935
11,6,age_bin,mlp_h128,0.001,0.0,0.45815,1.0,3935
11,6,age_bin,attention,0.0001,1e-05,1.40663,0.5625,3935
11,6,age_bin,shuffled,0.01,0.0001,1.43465,0.36722,3935
11,6,gender,ema_lr1e-3,0.001,0.0001,1.02017,0.52986,3935
11,6,gender,ema_lr5e-3,0.005,0.0001,0.96013,0.50572,3935
11,6,gender,ema_lr1e-2,0.01,0.0001,0.97554,0.50801,3935
11,6,gender,ema_lr5e-2,0.05,0.0001,0.8124,0.53647,3935
11,6,gender,ema_lr1e-2_wd1e-3,0.01,0.001,0.97633,0.50064,3935
11,6,gender,ema_d0.99,0.01,0.0001,0.9689,0.53062,3935
11,6,gender,ema_d0.9999,0.01,0.0001,1.06623,0.49327,3935
11,6,gender,mlp_h16,0.001,0.0,0.69257,0.53164,3935
11,6,gender,mlp_h32,0.001,0.0,0.70344,0.50064,3935
11,6,gender,mlp_h64,0.001,0.0,0.69905,0.50165,3935
11,6,gender,mlp_h128,0.001,0.0,0.71156,0.50318,3935
11,6,gender,attention,0.0001,1e-05,1.76715,0.58594,3935
11,6,gender,shuffled,0.01,0.0001,1.00137,0.49682,3935
11,6,star_sign,ema_lr1e-3,0.001,0.0001,3.23581,0.09962,3935
11,6,star_sign,ema_lr5e-3,0.005,0.0001,3.11445,0.12554,3935
11,6,star_sign,ema_lr1e-2,0.01,0.0001,3.1143,0.08945,3935
11,6,star_sign,ema_lr5e-2,0.05,0.0001,2.61973,0.17179,3935
11,6,star_sign,ema_lr1e-2_wd1e-3,0.01,0.001,3.128,0.11512,3935
11,6,star_sign,ema_d0.99,0.01,0.0001,3.08676,0.0798,3935
11,6,star_sign,ema_d0.9999,0.01,0.0001,3.14397,0.07929,3935
11,6,star_sign,mlp_h16,0.001,0.0,2.49329,0.09123,3935
11,6,star_sign,mlp_h32,0.001,0.0,2.31437,0.21474,3935
11,6,star_sign,mlp_h64,0.001,0.0,2.01568,0.8122,3935
11,6,star_sign,mlp_h128,0.001,0.0,1.42707,0.99975,3935
11,6,star_sign,attention,0.0001,1e-05,4.73345,0.17969,3935
11,6,star_sign,shuffled,0.01,0.0001,3.10478,0.08132,3935
12,0,age_bin,ema_lr1e-3,0.001,0.0001,1.63113,0.27481,4112
12,0,age_bin,ema_lr5e-3,0.005,0.0001,1.51896,0.30788,4112
12,0,age_bin,ema_lr1e-2,0.01,0.0001,1.4665,0.33876,4112
12,0,age_bin,ema_lr5e-2,0.05,0.0001,1.04541,0.46547,4112
12,0,age_bin,ema_lr1e-2_wd1e-3,0.01,0.001,1.48283,0.32782,4112
12,0,age_bin,ema_d0.99,0.01,0.0001,1.48147,0.393,4112
12,0,age_bin,ema_d0.9999,0.01,0.0001,1.47988,0.42121,4112
12,0,age_bin,mlp_h16,0.001,0.0,0.95958,0.75973,4112
12,0,age_bin,mlp_h32,0.001,0.0,0.80692,0.93726,4112
12,0,age_bin,mlp_h64,0.001,0.0,0.68207,0.9876,4112
12,0,age_bin,mlp_h128,0.001,0.0,0.28662,1.0,4112
12,0,age_bin,attention,0.0001,1e-05,1.06431,1.0,4112
12,0,age_bin,shuffled,0.01,0.0001,1.47865,0.33804,4112
12,0,gender,ema_lr1e-3,0.001,0.0001,1.0927,0.48444,4112
12,0,gender,ema_lr5e-3,0.005,0.0001,1.07037,0.4983,4112
12,0,gender,ema_lr1e-2,0.01,0.0001,1.01316,0.48881,4112
12,0,gender,ema_lr5e-2,0.05,0.0001,0.89737,0.5,4112
12,0,gender,ema_lr1e-2_wd1e-3,0.01,0.001,1.01281,0.49538,4112
12,0,gender,ema_d0.99,0.01,0.0001,0.98595,0.5124,4112
12,0,gender,ema_d0.9999,0.01,0.0001,1.06156,0.4983,4112
12,0,gender,mlp_h16,0.001,0.0,0.69565,0.5107,4112
12,0,gender,mlp_h32,0.001,0.0,0.69796,0.50365,4112
12,0,gender,mlp_h64,0.001,0.0,0.70093,0.49878,4112
12,0,gender,mlp_h128,0.001,0.0,0.70491,0.50413,4112
12,0,gender,attention,0.0001,1e-05,0.69251,0.55469,4112
12,0,gender,shuffled,0.01,0.0001,0.99236,0.49854,4112
12,0,star_sign,ema_lr1e-3,0.001,0.0001,3.41108,0.06469,4112
12,0,star_sign,ema_lr5e-3,0.005,0.0001,3.17099,0.09193,4112
12,0,star_sign,ema_lr1e-2,0.01,0.0001,3.12936,0.17048,4112
12,0,star_sign,ema_lr5e-2,0.05,0.0001,2.56228,0.23517,4112
12,0,star_sign,ema_lr1e-2_wd1e-3,0.01,0.001,3.14638,0.12865,4112
12,0,star_sign,ema_d0.99,0.01,0.0001,3.13319,0.07661,4112
12,0,star_sign,ema_d0.9999,0.01,0.0001,3.12934,0.06128,4112
12,0,star_sign,mlp_h16,0.001,0.0,2.37269,0.09849,4112
12,0,star_sign,mlp_h32,0.001,0.0,1.75351,0.95623,4112
12,0,star_sign,mlp_h64,0.001,0.0,2.13023,0.5445,4112
12,0,star_sign,mlp_h128,0.001,0.0,1.25378,1.0,4112
12,0,star_sign,attention,0.0001,1e-05,2.46449,0.82031,4112
12,0,star_sign,shuffled,0.01,0.0001,3.12373,0.08268,4112
12,4,age_bin,ema_lr1e-3,0.001,0.0001,1.44002,0.3519,4112
12,4,age_bin,ema_lr5e-3,0.005,0.0001,1.45856,0.32344,4112
12,4,age_bin,ema_lr1e-2,0.01,0.0001,1.39716,0.32928,4112
12,4,age_bin,ema_lr5e-2,0.05,0.0001,1.0039,0.54548,4112
12,4,age_bin,ema_lr1e-2_wd1e-3,0.01,0.001,1.45209,0.35652,4112
12,4,age_bin,ema_d0.99,0.01,0.0001,1.38938,0.37354,4112
12,4,age_bin,ema_d0.9999,0.01,0.0001,1.4403,0.38959,4112
12,4,age_bin,mlp_h16,0.001,0.0,0.84283,0.92729,4112
12,4,age_bin,mlp_h32,0.001,0.0,0.74526,0.97009,4112
12,4,age_bin,mlp_h64,0.001,0.0,0.56603,1.0,4112
12,4,age_bin,mlp_h128,0.001,0.0,0.3553,1.0,4112
12,4,age_bin,attention,0.0001,1e-05,0.44337,1.0,4112
12,4,age_bin,shuffled,0.01,0.0001,1.46056,0.32831,4112
12,4,gender,ema_lr1e-3,0.001,0.0001,1.0602,0.50219,4112
12,4,gender,ema_lr5e-3,0.005,0.0001,1.06726,0.48541,4112
12,4,gender,ema_lr1e-2,0.01,0.0001,1.00753,0.48371,4112
12,4,gender,ema_lr5e-2,0.05,0.0001,0.80681,0.52432,4112
12,4,gender,ema_lr1e-2_wd1e-3,0.01,0.001,0.96873,0.49052,4112
12,4,gender,ema_d0.99,0.01,0.0001,0.96591,0.47082,4112
12,4,gender,ema_d0.9999,0.01,0.0001,0.90549,0.4966,4112
12,4,gender,mlp_h16,0.001,0.0,0.69664,0.51265,4112
12,4,gender,mlp_h32,0.001,0.0,0.69344,0.52797,4112
12,4,gender,mlp_h64,0.001,0.0,0.70047,0.51313,4112
12,4,gender,mlp_h128,0.001,0.0,0.69875,0.51775,4112
12,4,gender,attention,0.0001,1e-05,0.94152,0.5,4112
12,4,gender,shuffled,0.01,0.0001,0.92114,0.49976,4112
12,4,star_sign,ema_lr1e-3,0.001,0.0001,3.22146,0.07125,4112
12,4,star_sign,ema_lr5e-3,0.005,0.0001,3.17712,0.10044,4112
12,4,star_sign,ema_lr1e-2,0.01,0.0001,2.95394,0.10627,4112
12,4,star_sign,ema_lr5e-2,0.05,0.0001,2.45462,0.17607,4112
12,4,star_sign,ema_lr1e-2_wd1e-3,0.01,0.001,2.91618,0.13448,4112
12,4,star_sign,ema_d0.99,0.01,0.0001,2.97718,0.0839,4112
12,4,star_sign,ema_d0.9999,0.01,0.0001,2.98836,0.06177,4112
12,4,star_sign,mlp_h16,0.001,0.0,2.25269,0.10749,4112
12,4,star_sign,mlp_h32,0.001,0.0,1.89113,0.82393,4112
12,4,star_sign,mlp_h64,0.001,0.0,1.56774,0.9966,4112
12,4,star_sign,mlp_h128,0.001,0.0,1.13862,1.0,4112
12,4,star_sign,attention,0.0001,1e-05,2.32909,0.27344,4112
12,4,star_sign,shuffled,0.01,0.0001,2.97656,0.1447,4112
12,6,age_bin,ema_lr1e-3,0.001,0.0001,1.64485,0.32879,4112
12,6,age_bin,ema_lr5e-3,0.005,0.0001,1.62057,0.33293,4112
12,6,age_bin,ema_lr1e-2,0.01,0.0001,1.54308,0.3429,4112
12,6,age_bin,ema_lr5e-2,0.05,0.0001,1.08212,0.47933,4112
12,6,age_bin,ema_lr1e-2_wd1e-3,0.01,0.001,1.51851,0.3412,4112
12,6,age_bin,ema_d0.99,0.01,0.0001,1.51654,0.34217,4112
12,6,age_bin,ema_d0.9999,0.01,0.0001,1.4075,0.3553,4112
12,6,age_bin,mlp_h16,0.001,0.0,0.68577,0.99441,4112
12,6,age_bin,mlp_h32,0.001,0.0,0.69708,0.93166,4112
12,6,age_bin,mlp_h64,0.001,0.0,0.6016,0.99587,4112
12,6,age_bin,mlp_h128,0.001,0.0,0.41809,1.0,4112
12,6,age_bin,attention,0.0001,1e-05,1.27873,0.64844,4112
12,6,age_bin,shuffled,0.01,0.0001,1.47014,0.34411,4112
12,6,gender,ema_lr1e-3,0.001,0.0001,1.04557,0.51483,4112
12,6,gender,ema_lr5e-3,0.005,0.0001,0.99906,0.50219,4112
12,6,gender,ema_lr1e-2,0.01,0.0001,1.02003,0.48492,4112
12,6,gender,ema_lr5e-2,0.05,0.0001,0.86586,0.50243,4112
12,6,gender,ema_lr1e-2_wd1e-3,0.01,0.001,0.98973,0.49805,4112
12,6,gender,ema_d0.99,0.01,0.0001,0.96621,0.52554,4112
12,6,gender,ema_d0.9999,0.01,0.0001,0.99119,0.5107,4112
12,6,gender,mlp_h16,0.001,0.0,0.68939,0.54013,4112
12,6,gender,mlp_h32,0.001,0.0,0.69348,0.53429,4112
12,6,gender,mlp_h64,0.001,0.0,0.6935,0.52359,4112
12,6,gender,mlp_h128,0.001,0.0,0.69534,0.54718,4112
12,6,gender,attention,0.0001,1e-05,1.91136,0.50781,4112
12,6,gender,shuffled,0.01,0.0001,0.98772,0.50486,4112
12,6,star_sign,ema_lr1e-3,0.001,0.0001,3.27741,0.0946,4112
12,6,star_sign,ema_lr5e-3,0.005,0.0001,3.10608,0.10798,4112
12,6,star_sign,ema_lr1e-2,0.01,0.0001,3.20016,0.0805,4112
12,6,star_sign,ema_lr5e-2,0.05,0.0001,2.60759,0.16853,4112
12,6,star_sign,ema_lr1e-2_wd1e-3,0.01,0.001,3.15727,0.10019,4112
12,6,star_sign,ema_d0.99,0.01,0.0001,3.0857,0.08196,4112
12,6,star_sign,ema_d0.9999,0.01,0.0001,3.14481,0.07004,4112
12,6,star_sign,mlp_h16,0.001,0.0,2.47934,0.10506,4112
12,6,star_sign,mlp_h32,0.001,0.0,2.26802,0.27943,4112
12,6,star_sign,mlp_h64,0.001,0.0,1.95283,0.87986,4112
12,6,star_sign,mlp_h128,0.001,0.0,1.34102,0.99976,4112
12,6,star_sign,attention,0.0001,1e-05,3.7394,0.23438,4112
12,6,star_sign,shuffled,0.01,0.0001,3.18411,0.07952,4112
13,0,age_bin,ema_lr1e-3,0.001,0.0001,1.62119,0.28517,3903
13,0,age_bin,ema_lr5e-3,0.005,0.0001,1.50689,0.30617,3903
13,0,age_bin,ema_lr1e-2,0.01,0.0001,1.48501,0.33333,3903
13,0,age_bin,ema_lr5e-2,0.05,0.0001,1.01573,0.5032,3903
13,0,age_bin,ema_lr1e-2_wd1e-3,0.01,0.001,1.44586,0.34512,3903
13,0,age_bin,ema_d0.99,0.01,0.0001,1.49728,0.38048,3903
13,0,age_bin,ema_d0.9999,0.01,0.0001,1.43742,0.42736,3903
13,0,age_bin,mlp_h16,0.001,0.0,0.94247,0.78094,3903
13,0,age_bin,mlp_h32,0.001,0.0,0.78389,0.95234,3903
13,0,age_bin,mlp_h64,0.001,0.0,0.65052,0.99334,3903
13,0,age_bin,mlp_h128,0.001,0.0,0.25641,1.0,3903
13,0,age_bin,attention,0.0001,1e-05,1.06258,1.0,3903
13,0,age_bin,shuffled,0.01,0.0001,1.4607,0.34307,3903
13,0,gender,ema_lr1e-3,0.001,0.0001,1.09641,0.48911,3903
13,0,gender,ema_lr5e-3,0.005,0.0001,1.08296,0.49705,3903
13,0,gender,ema_lr1e-2,0.01,0.0001,0.98565,0.50833,3903
13,0,gender,ema_lr5e-2,0.05,0.0001,0.88743,0.505,3903
13,0,gender,ema_lr1e-2_wd1e-3,0.01,0.001,1.00841,0.49347,3903
13,0,gender,ema_d0.99,0.01,0.0001,1.02524,0.50961,3903
13,0,gender,ema_d0.9999,0.01,0.0001,1.0352,0.50269,3903
13,0,gender,mlp_h16,0.001,0.0,0.70004,0.48809,3903
13,0,gender,mlp_h32,0.001,0.0,0.70376,0.48296,3903
13,0,gender,mlp_h64,0.001,0.0,0.70892,0.4845,3903
13,0,gender,mlp_h128,0.001,0.0,0.71378,0.48347,3903
13,0,gender,attention,0.0001,1e-05,0.69356,0.51562,3903
13,0,gender,shuffled,0.01,0.0001,1.03197,0.49731,3903
13,0,star_sign,ema_lr1e-3,0.001,0.0001,3.41265,0.0679,3903
13,0,star_sign,ema_lr5e-3,0.005,0.0001,3.16577,0.08532,3903
13,0,star_sign,ema_lr1e-2,0.01,0.0001,3.1311,0.17192,3903
13,0,star_sign,ema_lr5e-2,0.05,0.0001,2.5105,0.32565,3903
13,0,star_sign,ema_lr1e-2_wd1e-3,0.01,0.001,3.13867,0.12631,3903
13,0,star_sign,ema_d0.99,0.01,0.0001,3.14152,0.0866,3903
13,0,star_sign,ema_d0.9999,0.01,0.0001,3.07777,0.07866,3903
13,0,star_sign,mlp_h16,0.001,0.0,2.34102,0.13554,3903
13,0,star_sign,mlp_h32,0.001,0.0,1.71499,0.95952,3903
13,0,star_sign,mlp_h64,0.001,0.0,2.07644,0.59646,3903
13,0,star_sign,mlp_h128,0.001,0.0,1.17064,1.0,3903
13,0,star_sign,attention,0.0001,1e-05,2.46209,0.86719,3903
13,0,star_sign,shuffled,0.01,0.0001,3.10367,0.08916,3903
13,4,age_bin,ema_lr1e-3,0.001,0.0001,1.50682,0.3259,3903
13,4,age_bin,ema_lr5e-3,0.005,0.0001,1.44321,0.32693,3903
13,4,age_bin,ema_lr1e-2,0.01,0.0001,1.39504,0.33256,3903
13,4,age_bin,ema_lr5e-2,0.05,0.0001,0.9598,0.55573,3903
13,4,age_bin,ema_lr1e-2_wd1e-3,0.01,0.001,1.4191,0.36767,3903
13,4,age_bin,ema_d0.99,0.01,0.0001,1.34865,0.39252,3903
13,4,age_bin,ema_d0.9999,0.01,0.0001,1.42541,0.39124,3903
13,4,age_bin,mlp_h16,0.001,0.0,0.8243,0.9462,3903
13,4,age_bin,mlp_h32,0.001,0.0,0.71429,0.98104,3903
13,4,age_bin,mlp_h64,0.001,0.0,0.52698,1.0,3903
13,4,age_bin,mlp_h128,0.001,0.0,0.31408,1.0,3903
13,4,age_bin,attention,0.0001,1e-05,0.42345,1.0,3903
13,4,age_bin,shuffled,0.01,0.0001,1.44964,0.32385,3903
13,4,gender,ema_lr1e-3,0.001,0.0001,1.07718,0.49321,3903
13,4,gender,ema_lr5e-3,0.005,0.0001,1.00604,0.51063,3903
13,4,gender,ema_lr1e-2,0.01,0.0001,1.00579,0.48271,3903
13,4,gender,ema_lr5e-2,0.05,0.0001,0.85898,0.49321,3903
13,4,gender,ema_lr1e-2_wd1e-3,0.01,0.001,0.92679,0.5073,3903
13,4,gender,ema_d0.99,0.01,0.0001,0.94099,0.48476,3903
13,4,gender,ema_d0.9999,0.01,0.0001,0.92652,0.48552,3903
13,4,gender,mlp_h16,0.001,0.0,0.70284,0.49219,3903
13,4,gender,mlp_h32,0.001,0.0,0.69747,0.49936,3903
13,4,gender,mlp_h64,0.001,0.0,0.7136,0.47553,3903
13,4,gender,mlp_h128,0.001,0.0,0.70875,0.49065,3903
13,4,gender,attention,0.0001,1e-05,0.79806,0.53906,3903
13,4,gender,shuffled,0.01,0.0001,0.95054,0.48322,3903
13,4,star_sign,ema_lr1e-3,0.001,0.0001,3.19766,0.06687,3903
13,4,star_sign,ema_lr5e-3,0.005,0.0001,3.15276,0.10658,3903
13,4,star_sign,ema_lr1e-2,0.01,0.0001,2.90665,0.11325,3903
13,4,star_sign,ema_lr5e-2,0.05,0.0001,2.36597,0.19395,3903
13,4,star_sign,ema_lr1e-2_wd1e-3,0.01,0.001,2.95074,0.12708,3903
13,4,star_sign,ema_d0.99,0.01,0.0001,2.97006,0.07763,3903
13,4,star_sign,ema_d0.9999,0.01,0.0001,2.96148,0.06354,3903
13,4,star_sign,mlp_h16,0.001,0.0,2.23458,0.11555,3903
13,4,star_sign,mlp_h32,0.001,0.0,1.85192,0.85703,3903
13,4,star_sign,mlp_h64,0.001,0.0,1.47808,0.99923,3903
13,4,star_sign,mlp_h128,0.001,0.0,1.03703,1.0,3903
13,4,star_sign,attention,0.0001,1e-05,2.31391,0.27344,3903
13,4,star_sign,shuffled,0.01,0.0001,2.96549,0.1486,3903
13,6,age_bin,ema_lr1e-3,0.001,0.0001,1.53683,0.34819,3903
13,6,age_bin,ema_lr5e-3,0.005,0.0001,1.70671,0.30848,3903
13,6,age_bin,ema_lr1e-2,0.01,0.0001,1.55544,0.33,3903
13,6,age_bin,ema_lr5e-2,0.05,0.0001,1.05184,0.4886,3903
13,6,age_bin,ema_lr1e-2_wd1e-3,0.01,0.001,1.42767,0.3792,3903
13,6,age_bin,ema_d0.99,0.01,0.0001,1.49801,0.34281,3903
13,6,age_bin,ema_d0.9999,0.01,0.0001,1.43309,0.35434,3903
13,6,age_bin,mlp_h16,0.001,0.0,0.64988,0.99616,3903
13,6,age_bin,mlp_h32,0.001,0.0,0.66638,0.94824,3903
13,6,age_bin,mlp_h64,0.001,0.0,0.56986,0.99795,3903
13,6,age_bin,mlp_h128,0.001,0.0,0.37798,1.0,3903
13,6,age_bin,attention,0.0001,1e-05,1.09079,0.6875,3903
13,6,age_bin,shuffled,0.01,0.0001,1.43674,0.35511,3903
13,6,gender,ema_lr1e-3,0.001,0.0001,1.08774,0.50705,3903
13,6,gender,ema_lr5e-3,0.005,0.0001,0.96437,0.51499,3903
13,6,gender,ema_lr1e-2,0.01,0.0001,1.08731,0.46913,3903
13,6,gender,ema_lr5e-2,0.05,0.0001,0.90139,0.48552,3903
13,6,gender,ema_lr1e-2_wd1e-3,0.01,0.001,0.96267,0.51371,3903
13,6,gender,ema_d0.99,0.01,0.0001,1.0724,0.47758,3903
13,6,gender,ema_d0.9999,0.01,0.0001,0.9396,0.53164,3903
13,6,gender,mlp_h16,0.001,0.0,0.70505,0.49398,3903
13,6,gender,mlp_h32,0.001,0.0,0.71041,0.4909,3903
13,6,gender,mlp_h64,0.001,0.0,0.71743,0.47912,3903
13,6,gender,mlp_h128,0.001,0.0,0.73131,0.49449,3903
13,6,gender,attention,0.0001,1e-05,1.90605,0.49219,3903
13,6,gender,shuffled,0.01,0.0001,0.95156,0.5073,3903
13,6,star_sign,ema_lr1e-3,0.001,0.0001,3.26467,0.09557,3903
13,6,star_sign,ema_lr5e-3,0.005,0.0001,3.1169,0.10095,3903
13,6,star_sign,ema_lr1e-2,0.01,0.0001,3.12007,0.08839,3903
13,6,star_sign,ema_lr5e-2,0.05,0.0001,2.44332,0.21957,3903
13,6,star_sign,ema_lr1e-2_wd1e-3,0.01,0.001,3.17498,0.10325,3903
13,6,star_sign,ema_d0.99,0.01,0.0001,3.11598,0.07558,3903
13,6,star_sign,ema_d0.9999,0.01,0.0001,3.08516,0.08967,3903
13,6,star_sign,mlp_h16,0.001,0.0,2.47518,0.10787,3903
13,6,star_sign,mlp_h32,0.001,0.0,2.23825,0.33743,3903
13,6,star_sign,mlp_h64,0.001,0.0,1.90088,0.91366,3903
13,6,star_sign,mlp_h128,0.001,0.0,1.23377,1.0,3903
13,6,star_sign,attention,0.0001,1e-05,3.04502,0.3125,3903
13,6,star_sign,shuffled,0.01,0.0001,3.14037,0.08378,3903
14,0,age_bin,ema_lr1e-3,0.001,0.0001,1.58434,0.29397,4048
14,0,age_bin,ema_lr5e-3,0.005,0.0001,1.49521,0.31497,4048
14,0,age_bin,ema_lr1e-2,0.01,0.0001,1.46073,0.33226,4048
14,0,age_bin,ema_lr5e-2,0.05,0.0001,0.97641,0.58844,4048
14,0,age_bin,ema_lr1e-2_wd1e-3,0.01,0.001,1.43801,0.34363,4048
14,0,age_bin,ema_d0.99,0.01,0.0001,1.49338,0.38439,4048
14,0,age_bin,ema_d0.9999,0.01,0.0001,1.42097,0.42342,4048
14,0,age_bin,mlp_h16,0.001,0.0,0.93242,0.79891,4048
14,0,age_bin,mlp_h32,0.001,0.0,0.76731,0.95949,4048
14,0,age_bin,mlp_h64,0.001,0.0,0.61961,0.99506,4048
14,0,age_bin,mlp_h128,0.001,0.0,0.22847,1.0,4048
14,0,age_bin,attention,0.0001,1e-05,1.06215,1.0,4048
14,0,age_bin,shuffled,0.01,0.0001,1.4784,0.32708,4048
14,0,gender,ema_lr1e-3,0.001,0.0001,1.09403,0.49975,4048
14,0,gender,ema_lr5e-3,0.005,0.0001,1.07155,0.49234,4048
14,0,gender,ema_lr1e-2,0.01,0.0001,0.99269,0.49185,4048
14,0,gender,ema_lr5e-2,0.05,0.0001,0.86824,0.52372,4048
14,0,gender,ema_lr1e-2_wd1e-3,0.01,0.001,0.9876,0.50543,4048
14,0,gender,ema_d0.99,0.01,0.0001,0.98861,0.51136,4048
14,0,gender,ema_d0.9999,0.01,0.0001,1.03559,0.49457,4048
14,0,gender,mlp_h16,0.001,0.0,0.69025,0.53458,4048
14,0,gender,mlp_h32,0.001,0.0,0.68852,0.55114,4048
14,0,gender,mlp_h64,0.001,0.0,0.68136,0.58004,4048
14,0,gender,mlp_h128,0.001,0.0,0.68297,0.57164,4048
14,0,gender,attention,0.0001,1e-05,0.69286,0.53906,4048
14,0,gender,shuffled,0.01,0.0001,1.00337,0.48073,4048
14,0,star_sign,ema_lr1e-3,0.001,0.0001,3.33776,0.06497,4048
14,0,star_sign,ema_lr5e-3,0.005,0.0001,3.15451,0.07831,4048
14,0,star_sign,ema_lr1e-2,0.01,0.0001,3.07966,0.18281,4048
14,0,star_sign,ema_lr5e-2,0.05,0.0001,2.4758,0.33622,4048
14,0,star_sign,ema_lr1e-2_wd1e-3,0.01,0.001,3.08736,0.13883,4048
14,0,star_sign,ema_d0.99,0.01,0.0001,3.16874,0.07312,4048
14,0,star_sign,ema_d0.9999,0.01,0.0001,3.05117,0.07016,4048
14,0,star_sign,mlp_h16,0.001,0.0,2.30969,0.15539,4048
14,0,star_sign,mlp_h32,0.001,0.0,1.67932,0.96542,4048
14,0,star_sign,mlp_h64,0.001,0.0,2.0125,0.6544,4048
14,0,star_sign,mlp_h128,0.001,0.0,1.09259,1.0,4048
14,0,star_sign,attention,0.0001,1e-05,2.4606,0.91406,4048
14,0,star_sign,shuffled,0.01,0.0001,3.09806,0.08671,4048
14,4,age_bin,ema_lr1e-3,0.001,0.0001,1.50509,0.31769,4048
14,4,age_bin,ema_lr5e-3,0.005,0.0001,1.37101,0.35623,4048
14,4,age_bin,ema_lr1e-2,0.01,0.0001,1.35697,0.35227,4048
14,4,age_bin,ema_lr5e-2,0.05,0.0001,0.94216,0.56645,4048
14,4,age_bin,ema_lr1e-2_wd1e-3,0.01,0.001,1.43205,0.36858,4048
14,4,age_bin,ema_d0.99,0.01,0.0001,1.37003,0.37969,4048
14,4,age_bin,ema_d0.9999,0.01,0.0001,1.3971,0.39847,4048
14,4,age_bin,mlp_h16,0.001,0.0,0.8025,0.96344,4048
14,4,age_bin,mlp_h32,0.001,0.0,0.6898,0.98419,4048
14,4,age_bin,mlp_h64,0.001,0.0,0.48965,1.0,4048
14,4,age_bin,mlp_h128,0.001,0.0,0.27737,1.0,4048
14,4,age_bin,attention,0.0001,1e-05,0.36789,1.0,4048
14,4,age_bin,shuffled,0.01,0.0001,1.3942,0.33622,4048
14,4,gender,ema_lr1e-3,0.001,0.0001,1.13114,0.47431,4048
14,4,gender,ema_lr5e-3,0.005,0.0001,1.03248,0.49531,4048
14,4,gender,ema_lr1e-2,0.01,0.0001,1.00802,0.48962,4048
14,4,gender,ema_lr5e-2,0.05,0.0001,0.84405,0.49827,4048
14,4,gender,ema_lr1e-2_wd1e-3,0.01,0.001,0.93168,0.5,4048
14,4,gender,ema_d0.99,0.01,0.0001,0.90249,0.5168,4048
14,4,gender,ema_d0.9999,0.01,0.0001,0.89739,0.50049,4048
14,4,gender,mlp_h16,0.001,0.0,0.68453,0.56423,4048
14,4,gender,mlp_h32,0.001,0.0,0.68499,0.56522,4048
14,4,gender,mlp_h64,0.001,0.0,0.68539,0.56966,4048
14,4,gender,mlp_h128,0.001,0.0,0.68525,0.56374,4048
14,4,gender,attention,0.0001,1e-05,0.82118,0.48438,4048
14,4,gender,shuffled,0.01,0.0001,0.93283,0.49284,4048
14,4,star_sign,ema_lr1e-3,0.001,0.0001,3.13515,0.08078,4048
14,4,star_sign,ema_lr5e-3,0.005,0.0001,3.185,0.10375,4048
14,4,star_sign,ema_lr1e-2,0.01,0.0001,2.9098,0.11537,4048
14,4,star_sign,ema_lr5e-2,0.05,0.0001,2.34237,0.20479,4048
14,4,star_sign,ema_lr1e-2_wd1e-3,0.01,0.001,2.89703,0.14575,4048
14,4,star_sign,ema_d0.99,0.01,0.0001,2.95312,0.08869,4048
14,4,star_sign,ema_d0.9999,0.01,0.0001,2.93212,0.07535,4048
14,4,star_sign,mlp_h16,0.001,0.0,2.21262,0.14032,4048
14,4,star_sign,mlp_h32,0.001,0.0,1.80405,0.89748,4048
14,4,star_sign,mlp_h64,0.001,0.0,1.42837,0.99901,4048
14,4,star_sign,mlp_h128,0.001,0.0,0.94359,1.0,4048
14,4,star_sign,attention,0.0001,1e-05,2.29196,0.42188,4048
14,4,star_sign,shuffled,0.01,0.0001,2.972,0.14081,4048
14,6,age_bin,ema_lr1e-3,0.001,0.0001,1.51723,0.34832,4048
14,6,age_bin,ema_lr5e-3,0.005,0.0001,1.60361,0.33844,4048
14,6,age_bin,ema_lr1e-2,0.01,0.0001,1.41356,0.38488,4048
14,6,age_bin,ema_lr5e-2,0.05,0.0001,0.98666,0.54644,4048
14,6,age_bin,ema_lr1e-2_wd1e-3,0.01,0.001,1.46599,0.36092,4048
14,6,age_bin,ema_d0.99,0.01,0.0001,1.39942,0.38908,4048
14,6,age_bin,ema_d0.9999,0.01,0.0001,1.42785,0.3498,4048
14,6,age_bin,mlp_h16,0.001,0.0,0.64572,0.99728,4048
14,6,age_bin,mlp_h32,0.001,0.0,0.63342,0.97036,4048
14,6,age_bin,mlp_h64,0.001,0.0,0.53215,0.99901,4048
14,6,age_bin,mlp_h128,0.001,0.0,0.33506,1.0,4048
14,6,age_bin,attention,0.0001,1e-05,0.84543,0.78906,4048
14,6,age_bin,shuffled,0.01,0.0001,1.46648,0.33819,4048
14,6,gender,ema_lr1e-3,0.001,0.0001,1.06037,0.51383,4048
14,6,gender,ema_lr5e-3,0.005,0.0001,0.98726,0.51087,4048
14,6,gender,ema_lr1e-2,0.01,0.0001,0.99101,0.49852,4048
14,6,gender,ema_lr5e-2,0.05,0.0001,0.82785,0.51902,4048
14,6,gender,ema_lr1e-2_wd1e-3,0.01,0.001,0.97261,0.5,4048
14,6,gender,ema_d0.99,0.01,0.0001,1.01182,0.51087,4048
14,6,gender,ema_d0.9999,0.01,0.0001,1.05724,0.48987,4048
14,6,gender,mlp_h16,0.001,0.0,0.69359,0.5163,4048
14,6,gender,mlp_h32,0.001,0.0,0.687,0.54002,4048
14,6,gender,mlp_h64,0.001,0.0,0.69343,0.53211,4048
14,6,gender,mlp_h128,0.001,0.0,0.68907,0.55385,4048
14,6,gender,attention,0.0001,1e-05,2.75939,0.47656,4048
14,6,gender,shuffled,0.01,0.0001,0.94941,0.5042,4048
14,6,star_sign,ema_lr1e-3,0.001,0.0001,3.246,0.10054,4048
14,6,star_sign,ema_lr5e-3,0.005,0.0001,3.03808,0.11339,4048
14,6,star_sign,ema_lr1e-2,0.01,0.0001,3.10701,0.0877,4048
14,6,star_sign,ema_lr5e-2,0.05,0.0001,2.48293,0.20825,4048
14,6,star_sign,ema_lr1e-2_wd1e-3,0.01,0.001,3.07677,0.12327,4048
14,6,star_sign,ema_d0.99,0.01,0.0001,3.08264,0.08127,4048
14,6,star_sign,ema_d0.9999,0.01,0.0001,3.11478,0.07213,4048
14,6,star_sign,mlp_h16,0.001,0.0,2.43941,0.13562,4048
14,6,star_sign,mlp_h32,0.001,0.0,2.19274,0.41848,4048
14,6,star_sign,mlp_h64,0.001,0.0,1.835,0.94541,4048
14,6,star_sign,mlp_h128,0.001,0.0,1.16649,1.0,4048
14,6,star_sign,attention,0.0001,1e-05,3.39453,0.28906,4048
14,6,star_sign,shuffled,0.01,0.0001,3.08171,0.08745,4048
15,0,age_bin,ema_lr1e-3,0.001,0.0001,1.58421,0.29386,4366
15,0,age_bin,ema_lr5e-3,0.005,0.0001,1.47833,0.3257,4366
15,0,age_bin,ema_lr1e-2,0.01,0.0001,1.4119,0.34013,4366
15,0,age_bin,ema_lr5e-2,0.05,0.0001,0.94504,0.60719,4366
15,0,age_bin,ema_lr1e-2_wd1e-3,0.01,0.001,1.42595,0.33852,4366
15,0,age_bin,ema_d0.99,0.01,0.0001,1.46069,0.39006,4366
15,0,age_bin,ema_d0.9999,0.01,0.0001,1.44946,0.41777,4366
15,0,age_bin,mlp_h16,0.001,0.0,0.91816,0.82158,4366
15,0,age_bin,mlp_h32,0.001,0.0,0.74291,0.97526,4366
15,0,age_bin,mlp_h64,0.001,0.0,0.59364,0.99725,4366
15,0,age_bin,mlp_h128,0.001,0.0,0.20464,1.0,4366
15,0,age_bin,attention,0.0001,1e-05,1.06008,1.0,4366
15,0,age_bin,shuffled,0.01,0.0001,1.42428,0.35295,4366
15,0,gender,ema_lr1e-3,0.001,0.0001,1.06283,0.50435,4366
15,0,gender,ema_lr5e-3,0.005,0.0001,1.05713,0.49977,4366
15,0,gender,ema_lr1e-2,0.01,0.0001,0.95498,0.52451,4366
15,0,gender,ema_lr5e-2,0.05,0.0001,0.8845,0.49313,4366
15,0,gender,ema_lr1e-2_wd1e-3,0.01,0.001,0.98773,0.5016,4366
15,0,gender,ema_d0.99,0.01,0.0001,0.98453,0.50504,4366
15,0,gender,ema_d0.9999,0.01,0.0001,1.03688,0.50458,4366
15,0,gender,mlp_h16,0.001,0.0,0.69996,0.49336,4366
15,0,gender,mlp_h32,0.001,0.0,0.70211,0.49107,4366
15,0,gender,mlp_h64,0.001,0.0,0.70647,0.47572,4366
15,0,gender,mlp_h128,0.001,0.0,0.70607,0.49107,4366
15,0,gender,attention,0.0001,1e-05,0.69364,0.46094,4366
15,0,gender,shuffled,0.01,0.0001,0.96506,0.51603,4366
15,0,star_sign,ema_lr1e-3,0.001,0.0001,3.3198,0.0765,4366
15,0,star_sign,ema_lr5e-3,0.005,0.0001,3.20799,0.08062,4366
15,0,star_sign,ema_lr1e-2,0.01,0.0001,3.06823,0.18255,4366
15,0,star_sign,ema_lr5e-2,0.05,0.0001,2.42301,0.38158,4366
15,0,star_sign,ema_lr1e-2_wd1e-3,0.01,0.001,3.1008,0.13811,4366
15,0,star_sign,ema_d0.99,0.01,0.0001,3.08382,0.08452,4366
15,0,star_sign,ema_d0.9999,0.01,0.0001,3.10398,0.06963,4366
15,0,star_sign,mlp_h16,0.001,0.0,2.2853,0.15667,4366
15,0,star_sign,mlp_h32,0.001,0.0,1.63866,0.97595,4366
15,0,star_sign,mlp_h64,0.001,0.0,1.96274,0.70156,4366
15,0,star_sign,mlp_h128,0.001,0.0,1.01784,1.0,4366
15,0,star_sign,attention,0.0001,1e-05,2.45843,0.95312,4366
15,0,star_sign,shuffled,0.01,0.0001,3.08397,0.08337,4366
15,4,age_bin,ema_lr1e-3,0.001,0.0001,1.47251,0.3344,4366
15,4,age_bin,ema_lr5e-3,0.005,0.0001,1.47948,0.30417,4366
15,4,age_bin,ema_lr1e-2,0.01,0.0001,1.38263,0.33532,4366
15,4,age_bin,ema_lr5e-2,0.05,0.0001,0.93881,0.57994,4366
15,4,age_bin,ema_lr1e-2_wd1e-3,0.01,0.001,1.4338,0.37082,4366
15,4,age_bin,ema_d0.99,0.01,0.0001,1.29119,0.40105,4366
15,4,age_bin,ema_d0.9999,0.01,0.0001,1.45346,0.36967,4366
15,4,age_bin,mlp_h16,0.001,0.0,0.79361,0.97022,4366
15,4,age_bin,mlp_h32,0.001,0.0,0.65861,0.99244,4366
15,4,age_bin,mlp_h64,0.001,0.0,0.46554,1.0,4366
15,4,age_bin,mlp_h128,0.001,0.0,0.24828,1.0,4366
15,4,age_bin,attention,0.0001,1e-05,0.3387,1.0,4366
15,4,age_bin,shuffled,0.01,0.0001,1.42158,0.33417,4366
15,4,gender,ema_lr1e-3,0.001,0.0001,1.0508,0.50687,4366
15,4,gender,ema_lr5e-3,0.005,0.0001,1.03714,0.48305,4366
15,4,gender,ema_lr1e-2,0.01,0.0001,0.93137,0.51947,4366
15,4,gender,ema_lr5e-2,0.05,0.0001,0.8371,0.49954,4366
15,4,gender,ema_lr1e-2_wd1e-3,0.01,0.001,0.95334,0.48924,4366
15,4,gender,ema_d0.99,0.01,0.0001,0.9539,0.48557,4366
15,4,gender,ema_d0.9999,0.01,0.0001,0.92867,0.48236,4366
15,4,gender,mlp_h16,0.001,0.0,0.70584,0.48626,4366
15,4,gender,mlp_h32,0.001,0.0,0.70451,0.47641,4366
15,4,gender,mlp_h64,0.001,0.0,0.71455,0.47962,4366
15,4,gender,mlp_h128,0.001,0.0,0.71402,0.48351,4366
15,4,gender,attention,0.0001,1e-05,0.89012,0.46875,4366
15,4,gender,shuffled,0.01,0.0001,0.94714,0.49175,4366
15,4,star_sign,ema_lr1e-3,0.001,0.0001,3.19878,0.06711,4366
15,4,star_sign,ema_lr5e-3,0.005,0.0001,3.11667,0.10421,4366
15,4,star_sign,ema_lr1e-2,0.01,0.0001,2.92408,0.11406,4366
15,4,star_sign,ema_lr5e-2,0.05,0.0001,2.29394,0.22881,4366
15,4,star_sign,ema_lr1e-2_wd1e-3,0.01,0.001,2.81015,0.1514,4366
15,4,star_sign,ema_d0.99,0.01,0.0001,2.97285,0.0836,4366
15,4,star_sign,ema_d0.9999,0.01,0.0001,2.91185,0.06825,4366
15,4,star_sign,mlp_h16,0.001,0.0,2.20776,0.15644,4366
15,4,star_sign,mlp_h32,0.001,0.0,1.76201,0.91319,4366
15,4,star_sign,mlp_h64,0.001,0.0,1.37498,0.99977,4366
15,4,star_sign,mlp_h128,0.001,0.0,0.86332,1.0,4366
15,4,star_sign,attention,0.0001,1e-05,2.28253,0.50781,4366
15,4,star_sign,shuffled,0.01,0.0001,2.91064,0.15163,4366
15,6,age_bin,ema_lr1e-3,0.001,0.0001,1.55468,0.34998,4366
15,6,age_bin,ema_lr5e-3,0.005,0.0001,1.45827,0.38846,4366
15,6,age_bin,ema_lr1e-2,0.01,0.0001,1.46997,0.36235,4366
15,6,age_bin,ema_lr5e-2,0.05,0.0001,0.97436,0.54375,4366
15,6,age_bin,ema_lr1e-2_wd1e-3,0.01,0.001,1.44869,0.37792,4366
15,6,age_bin,ema_d0.99,0.01,0.0001,1.47013,0.36716,4366
15,6,age_bin,ema_d0.9999,0.01,0.0001,1.46787,0.33852,4366
15,6,age_bin,mlp_h16,0.001,0.0,0.62121,0.99794,4366
15,6,age_bin,mlp_h32,0.001,0.0,0.6189,0.96931,4366
15,6,age_bin,mlp_h64,0.001,0.0,0.50315,0.99954,4366
15,6,age_bin,mlp_h128,0.001,0.0,0.29994,1.0,4366
15,6,age_bin,attention,0.0001,1e-05,0.64758,0.80469,4366
15,6,age_bin,shuffled,0.01,0.0001,1.41127,0.37678,4366
15,6,gender,ema_lr1e-3,0.001,0.0001,1.07952,0.5055,4366
15,6,gender,ema_lr5e-3,0.005,0.0001,1.03203,0.48649,4366
15,6,gender,ema_lr1e-2,0.01,0.0001,0.97146,0.50023,4366
15,6,gender,ema_lr5e-2,0.05,0.0001,0.89056,0.4842,4366
15,6,gender,ema_lr1e-2_wd1e-3,0.01,0.001,1.0489,0.46771,4366
15,6,gender,ema_d0.99,0.01,0.0001,0.96623,0.52932,4366
15,6,gender,ema_d0.9999,0.01,0.0001,1.14533,0.44274,4366
15,6,gender,mlp_h16,0.001,0.0,0.71515,0.46656,4366
15,6,gender,mlp_h32,0.001,0.0,0.71341,0.48122,4366
15,6,gender,mlp_h64,0.001,0.0,0.71434,0.49175,4366
15,6,gender,mlp_h128,0.001,0.0,0.74064,0.46473,4366
15,6,gender,attention,0.0001,1e-05,2.29244,0.49219,4366
15,6,gender,shuffled,0.01,0.0001,1.01107,0.49565,4366
15,6,star_sign,ema_lr1e-3,0.001,0.0001,3.30428,0.08864,4366
15,6,star_sign,ema_lr5e-3,0.005,0.0001,3.24051,0.09208,4366
15,6,star_sign,ema_lr1e-2,0.01,0.0001,3.14352,0.08566,4366
15,6,star_sign,ema_lr5e-2,0.05,0.0001,2.37807,0.23454,4366
15,6,star_sign,ema_lr1e-2_wd1e-3,0.01,0.001,3.13905,0.11521,4366
15,6,star_sign,ema_d0.99,0.01,0.0001,3.04227,0.0852,4366
15,6,star_sign,ema_d0.9999,0.01,0.0001,3.10857,0.08291,4366
15,6,star_sign,mlp_h16,0.001,0.0,2.41477,0.17247,4366
15,6,star_sign,mlp_h32,0.001,0.0,2.15056,0.47641,4366
15,6,star_sign,mlp_h64,0.001,0.0,1.78872,0.959,4366
15,6,star_sign,mlp_h128,0.001,0.0,1.04339,1.0,4366
15,6,star_sign,attention,0.0001,1e-05,2.96879,0.38281,4366
15,6,star_sign,shuffled,0.01,0.0001,3.06628,0.10192,4366
16,0,age_bin,ema_lr1e-3,0.001,0.0001,1.62849,0.2792,4076
16,0,age_bin,ema_lr5e-3,0.005,0.0001,1.47605,0.31501,4076
16,0,age_bin,ema_lr1e-2,0.01,0.0001,1.42915,0.34004,4076
16,0,age_bin,ema_lr5e-2,0.05,0.0001,0.91784,0.59764,4076
16,0,age_bin,ema_lr1e-2_wd1e-3,0.01,0.001,1.37976,0.35868,4076
16,0,age_bin,ema_d0.99,0.01,0.0001,1.48251,0.38003,4076
16,0,age_bin,ema_d0.9999,0.01,0.0001,1.40263,0.42885,4076
16,0,age_bin,mlp_h16,0.001,0.0,0.90202,0.87095,4076
16,0,age_bin,mlp_h32,0.001,0.0,0.72374,0.98013,4076
16,0,age_bin,mlp_h64,0.001,0.0,0.56122,0.99681,4076
16,0,age_bin,mlp_h128,0.001,0.0,0.18031,1.0,4076
16,0,age_bin,attention,0.0001,1e-05,1.05832,1.0,4076
16,0,age_bin,shuffled,0.01,0.0001,1.43347,0.34838,4076
16,0,gender,ema_lr1e-3,0.001,0.0001,1.07601,0.49092,4076
16,0,gender,ema_lr5e-3,0.005,0.0001,1.04418,0.50466,4076
16,0,gender,ema_lr1e-2,0.01,0.0001,0.9597,0.50221,4076
16,0,gender,ema_lr5e-2,0.05,0.0001,0.85834,0.50687,4076
16,0,gender,ema_lr1e-2_wd1e-3,0.01,0.001,1.0036,0.48651,4076
16,0,gender,ema_d0.99,0.01,0.0001,0.98999,0.50196,4076
16,0,gender,ema_d0.9999,0.01,0.0001,1.04006,0.4897,4076
16,0,gender,mlp_h16,0.001,0.0,0.69106,0.52601,4076
16,0,gender,mlp_h32,0.001,0.0,0.69045,0.53631,4076
16,0,gender,mlp_h64,0.001,0.0,0.69016,0.54858,4076
16,0,gender,mlp_h128,0.001,0.0,0.68956,0.54293,4076
16,0,gender,attention,0.0001,1e-05,0.6932,0.51562,4076
16,0,gender,shuffled,0.01,0.0001,0.96865,0.50172,4076
16,0,star_sign,ema_lr1e-3,0.001,0.0001,3.35133,0.06232,4076
16,0,star_sign,ema_lr5e-3,0.005,0.0001,3.14052,0.0866,4076
16,0,star_sign,ema_lr1e-2,0.01,0.0001,3.09858,0.17247,4076
16,0,star_sign,ema_lr5e-2,0.05,0.0001,2.39306,0.37831,4076
16,0,star_sign,ema_lr1e-2_wd1e-3,0.01,0.001,3.09818,0.14156,4076
16,0,star_sign,ema_d0.99,0.01,0.0001,3.0943,0.08489,4076
16,0,star_sign,ema_d0.9999,0.01,0.0001,3.07666,0.07115,4076
16,0,star_sign,mlp_h16,0.001,0.0,2.25916,0.17812,4076
16,0,star_sign,mlp_h32,0.001,0.0,1.59815,0.98037,4076
16,0,star_sign,mlp_h64,0.001,0.0,1.90045,0.76644,4076
16,0,star_sign,mlp_h128,0.001,0.0,0.92851,1.0,4076
16,0,star_sign,attention,0.0001,1e-05,2.45662,0.98438,4076
16,0,star_sign,shuffled,0.01,0.0001,3.02041,0.08881,4076
16,4,age_bin,ema_lr1e-3,0.001,0.0001,1.44103,0.33366,4076
16,4,age_bin,ema_lr5e-3,0.005,0.0001,1.39356,0.33881,4076
16,4,age_bin,ema_lr1e-2,0.01,0.0001,1.33254,0.36114,4076
16,4,age_bin,ema_lr5e-2,0.05,0.0001,0.91391,0.58734,4076
16,4,age_bin,ema_lr1e-2_wd1e-3,0.01,0.001,1.41291,0.36605,4076
16,4,age_bin,ema_d0.99,0.01,0.0001,1.31756,0.38543,4076
16,4,age_bin,ema_d0.9999,0.01,0.0001,1.38929,0.40039,4076
16,4,age_bin,mlp_h16,0.001,0.0,0.76814,0.97939,4076
16,4,age_bin,mlp_h32,0.001,0.0,0.63822,0.99509,4076
16,4,age_bin,mlp_h64,0.001,0.0,0.42653,1.0,4076
16,4,age_bin,mlp_h128,0.001,0.0,0.21758,1.0,4076
16,4,age_bin,attention,0.0001,1e-05,0.28886,1.0,4076
16,4,age_bin,shuffled,0.01,0.0001,1.35103,0.35819,4076
16,4,gender,ema_lr1e-3,0.001,0.0001,1.07783,0.48675,4076
16,4,gender,ema_lr5e-3,0.005,0.0001,1.00983,0.49706,4076
16,4,gender,ema_lr1e-2,0.01,0.0001,0.96833,0.49485,4076
16,4,gender,ema_lr5e-2,0.05,0.0001,0.82586,0.50687,4076
16,4,gender,ema_lr1e-2_wd1e-3,0.01,0.001,0.89617,0.51398,4076
16,4,gender,ema_d0.99,0.01,0.0001,0.93473,0.47988,4076
16,4,gender,ema_d0.9999,0.01,0.0001,0.86395,0.51325,4076
16,4,gender,mlp_h16,0.001,0.0,0.69073,0.53778,4076
16,4,gender,mlp_h32,0.001,0.0,0.68941,0.53288,4076
16,4,gender,mlp_h64,0.001,0.0,0.69293,0.53508,4076
16,4,gender,mlp_h128,0.001,0.0,0.69188,0.53754,4076
16,4,gender,attention,0.0001,1e-05,0.88609,0.42188,4076
16,4,gender,shuffled,0.01,0.0001,0.90693,0.50957,4076
16,4,star_sign,ema_lr1e-3,0.001,0.0001,3.12826,0.07679,4076
16,4,star_sign,ema_lr5e-3,0.005,0.0001,3.12184,0.10942,4076
16,4,star_sign,ema_lr1e-2,0.01,0.0001,2.81089,0.12316,4076
16,4,star_sign,ema_lr5e-2,0.05,0.0001,2.2228,0.23921,4076
16,4,star_sign,ema_lr1e-2_wd1e-3,0.01,0.001,2.88929,0.1423,4076
16,4,star_sign,ema_d0.99,0.01,0.0001,2.92531,0.08832,4076
16,4,star_sign,ema_d0.9999,0.01,0.0001,2.94662,0.06673,4076
16,4,star_sign,mlp_h16,0.001,0.0,2.17636,0.17934,4076
16,4,star_sign,mlp_h32,0.001,0.0,1.70063,0.94431,4076
16,4,star_sign,mlp_h64,0.001,0.0,1.28367,0.99975,4076
16,4,star_sign,mlp_h128,0.001,0.0,0.75673,1.0,4076
16,4,star_sign,attention,0.0001,1e-05,2.25593,0.61719,4076
16,4,star_sign,shuffled,0.01,0.0001,2.97541,0.14303,4076
16,6,age_bin,ema_lr1e-3,0.001,0.0001,1.59373,0.32066,4076
16,6,age_bin,ema_lr5e-3,0.005,0.0001,1.48269,0.38027,4076
16,6,age_bin,ema_lr1e-2,0.01,0.0001,1.38291,0.38445,4076
16,6,age_bin,ema_lr5e-2,0.05,0.0001,0.91963,0.58513,4076
16,6,age_bin,ema_lr1e-2_wd1e-3,0.01,0.001,1.48378,0.33513,4076
16,6,age_bin,ema_d0.99,0.01,0.0001,1.44306,0.37807,4076
16,6,age_bin,ema_d0.9999,0.01,0.0001,1.41135,0.36335,4076
16,6,age_bin,mlp_h16,0.001,0.0,0.60323,0.99951,4076
16,6,age_bin,mlp_h32,0.001,0.0,0.59348,0.9816,4076
16,6,age_bin,mlp_h64,0.001,0.0,0.46973,0.99975,4076
16,6,age_bin,mlp_h128,0.001,0.0,0.27957,1.0,4076
16,6,age_bin,attention,0.0001,1e-05,0.39076,0.85156,4076
16,6,age_bin,shuffled,0.01,0.0001,1.40871,0.35942,4076
16,6,gender,ema_lr1e-3,0.001,0.0001,1.0747,0.50393,4076
16,6,gender,ema_lr5e-3,0.005,0.0001,1.01001,0.4843,4076
16,6,gender,ema_lr1e-2,0.01,0.0001,0.98742,0.48724,4076
16,6,gender,ema_lr5e-2,0.05,0.0001,0.84712,0.50343,4076
16,6,gender,ema_lr1e-2_wd1e-3,0.01,0.001,0.96257,0.51129,4076
16,6,gender,ema_d0.99,0.01,0.0001,0.99809,0.50442,4076
16,6,gender,ema_d0.9999,0.01,0.0001,1.02475,0.50883,4076
16,6,gender,mlp_h16,0.001,0.0,0.69969,0.50589,4076
16,6,gender,mlp_h32,0.001,0.0,0.69698,0.52085,4076
16,6,gender,mlp_h64,0.001,0.0,0.69587,0.5287,4076
16,6,gender,mlp_h128,0.001,0.0,0.69867,0.54342,4076
16,6,gender,attention,0.0001,1e-05,2.15631,0.49219,4076
16,6,gender,shuffled,0.01,0.0001,0.95993,0.51055,4076
16,6,star_sign,ema_lr1e-3,0.001,0.0001,3.13645,0.11114,4076
16,6,star_sign,ema_lr5e-3,0.005,0.0001,3.1408,0.1104,4076
16,6,star_sign,ema_lr1e-2,0.01,0.0001,3.06508,0.10746,4076
16,6,star_sign,ema_lr5e-2,0.05,0.0001,2.32898,0.25368,4076
16,6,star_sign,ema_lr1e-2_wd1e-3,0.01,0.001,3.08181,0.11286,4076
16,6,star_sign,ema_d0.99,0.01,0.0001,3.10284,0.07483,4076
16,6,star_sign,ema_d0.9999,0.01,0.0001,3.01044,0.09691,4076
16,6,star_sign,mlp_h16,0.001,0.0,2.36827,0.20461,4076
16,6,star_sign,mlp_h32,0.001,0.0,2.12594,0.53288,4076
16,6,star_sign,mlp_h64,0.001,0.0,1.72162,0.98062,4076
16,6,star_sign,mlp_h128,0.001,0.0,0.98429,1.0,4076
16,6,star_sign,attention,0.0001,1e-05,2.10956,0.50781,4076
16,6,star_sign,shuffled,0.01,0.0001,3.10785,0.09298,4076
17,0,age_bin,ema_lr1e-3,0.001,0.0001,1.59893,0.28805,4409
17,0,age_bin,ema_lr5e-3,0.005,0.0001,1.4539,0.33364,4409
17,0,age_bin,ema_lr1e-2,0.01,0.0001,1.43357,0.33999,4409
17,0,age_bin,ema_lr5e-2,0.05,0.0001,0.88295,0.62622,4409
17,0,age_bin,ema_lr1e-2_wd1e-3,0.01,0.001,1.42075,0.34316,4409
17,0,age_bin,ema_d0.99,0.01,0.0001,1.44938,0.38875,4409
17,0,age_bin,ema_d0.9999,0.01,0.0001,1.40597,0.44568,4409
17,0,age_bin,mlp_h16,0.001,0.0,0.88815,0.89998,4409
17,0,age_bin,mlp_h32,0.001,0.0,0.70371,0.9848,4409
17,0,age_bin,mlp_h64,0.001,0.0,0.53129,0.99773,4409
17,0,age_bin,mlp_h128,0.001,0.0,0.15972,1.0,4409
17,0,age_bin,attention,0.0001,1e-05,1.0563,1.0,4409
17,0,age_bin,shuffled,0.01,0.0001,1.4207,0.40826,4409
17,0,gender,ema_lr1e-3,0.001,0.0001,1.06466,0.50057,4409
17,0,gender,ema_lr5e-3,0.005,0.0001,1.06037,0.49422,4409
17,0,gender,ema_lr1e-2,0.01,0.0001,0.95893,0.50011,4409
17,0,gender,ema_lr5e-2,0.05,0.0001,0.86083,0.50601,4409
17,0,gender,ema_lr1e-2_wd1e-3,0.01,0.001,0.99846,0.49172,4409
17,0,gender,ema_d0.99,0.01,0.0001,0.97352,0.51123,4409
17,0,gender,ema_d0.9999,0.01,0.0001,1.03566,0.48968,4409
17,0,gender,mlp_h16,0.001,0.0,0.69325,0.52506,4409
17,0,gender,mlp_h32,0.001,0.0,0.68938,0.55046,4409
17,0,gender,mlp_h64,0.001,0.0,0.68994,0.55046,4409
17,0,gender,mlp_h128,0.001,0.0,0.68926,0.5491,4409
17,0,gender,attention,0.0001,1e-05,0.69278,0.53125,4409
17,0,gender,shuffled,0.01,0.0001,0.9739,0.50034,4409
17,0,star_sign,ema_lr1e-3,0.001,0.0001,3.34664,0.07076,4409
17,0,star_sign,ema_lr5e-3,0.005,0.0001,3.1119,0.09367,4409
17,0,star_sign,ema_lr1e-2,0.01,0.0001,3.06134,0.18349,4409
17,0,star_sign,ema_lr5e-2,0.05,0.0001,2.34814,0.38013,4409
17,0,star_sign,ema_lr1e-2_wd1e-3,0.01,0.001,3.06399,0.14266,4409
17,0,star_sign,ema_d0.99,0.01,0.0001,3.08148,0.07689,4409
17,0,star_sign,ema_d0.9999,0.01,0.0001,3.11136,0.05897,4409
17,0,star_sign,mlp_h16,0.001,0.0,2.23215,0.1946,4409
17,0,star_sign,mlp_h32,0.001,0.0,1.55054,0.98707,4409
17,0,star_sign,mlp_h64,0.001,0.0,1.85107,0.80426,4409
17,0,star_sign,mlp_h128,0.001,0.0,0.85027,1.0,4409
17,0,star_sign,attention,0.0001,1e-05,2.45391,0.99219,4409
17,0,star_sign,shuffled,0.01,0.0001,3.10077,0.07326,4409
17,4,age_bin,ema_lr1e-3,0.001,0.0001,1.41968,0.35428,4409
17,4,age_bin,ema_lr5e-3,0.005,0.0001,1.43529,0.33409,4409
17,4,age_bin,ema_lr1e-2,0.01,0.0001,1.32799,0.34838,4409
17,4,age_bin,ema_lr5e-2,0.05,0.0001,0.86807,0.62236,4409
17,4,age_bin,ema_lr1e-2_wd1e-3,0.01,0.001,1.3652,0.37922,4409
17,4,age_bin,ema_d0.99,0.01,0.0001,1.25677,0.41347,4409
17,4,age_bin,ema_d0.9999,0.01,0.0001,1.36191,0.3985,4409
17,4,age_bin,mlp_h16,0.001,0.0,0.75054,0.98548,4409
17,4,age_bin,mlp_h32,0.001,0.0,0.60993,0.99796,4409
17,4,age_bin,mlp_h64,0.001,0.0,0.40028,1.0,4409
17,4,age_bin,mlp_h128,0.001,0.0,0.18937,1.0,4409
17,4,age_bin,attention,0.0001,1e-05,0.2701,1.0,4409
17,4,age_bin,shuffled,0.01,0.0001,1.33486,0.36675,4409
17,4,gender,ema_lr1e-3,0.001,0.0001,1.08564,0.48242,4409
17,4,gender,ema_lr5e-3,0.005,0.0001,1.0005,0.50737,4409
17,4,gender,ema_lr1e-2,0.01,0.0001,0.9382,0.49785,4409
17,4,gender,ema_lr5e-2,0.05,0.0001,0.81466,0.50329,4409
17,4,gender,ema_lr1e-2_wd1e-3,0.01,0.001,0.93852,0.49762,4409
17,4,gender,ema_d0.99,0.01,0.0001,0.89095,0.5178,4409
17,4,gender,ema_d0.9999,0.01,0.0001,0.88078,0.50442,4409
17,4,gender,mlp_h16,0.001,0.0,0.68821,0.53958,4409
17,4,gender,mlp_h32,0.001,0.0,0.68727,0.55319,4409
17,4,gender,mlp_h64,0.001,0.0,0.68807,0.54253,4409
17,4,gender,mlp_h128,0.001,0.0,0.69168,0.52075,4409
17,4,gender,attention,0.0001,1e-05,0.79047,0.46094,4409
17,4,gender,shuffled,0.01,0.0001,0.89471,0.51667,4409
17,4,star_sign,ema_lr1e-3,0.001,0.0001,3.15424,0.0821,4409
17,4,star_sign,ema_lr5e-3,0.005,0.0001,3.09164,0.11114,4409
17,4,star_sign,ema_lr1e-2,0.01,0.0001,2.87794,0.11998,4409
17,4,star_sign,ema_lr5e-2,0.05,0.0001,2.23473,0.23679,4409
17,4,star_sign,ema_lr1e-2_wd1e-3,0.01,0.001,2.86251,0.13835,4409
17,4,star_sign,ema_d0.99,0.01,0.0001,2.88665,0.09594,4409
17,4,star_sign,ema_d0.9999,0.01,0.0001,2.8822,0.07394,4409
17,4,star_sign,mlp_h16,0.001,0.0,2.17467,0.19165,4409
17,4,star_sign,mlp_h32,0.001,0.0,1.66534,0.96598,4409
17,4,star_sign,mlp_h64,0.001,0.0,1.21786,1.0,4409
17,4,star_sign,mlp_h128,0.001,0.0,0.6743,1.0,4409
17,4,star_sign,attention,0.0001,1e-05,2.23546,0.80469,4409
17,4,star_sign,shuffled,0.01,0.0001,2.89973,0.1472,4409
17,6,age_bin,ema_lr1e-3,0.001,0.0001,1.56382,0.35246,4409
17,6,age_bin,ema_lr5e-3,0.005,0.0001,1.51395,0.37514,4409
17,6,age_bin,ema_lr1e-2,0.01,0.0001,1.49701,0.35337,4409
17,6,age_bin,ema_lr5e-2,0.05,0.0001,0.91638,0.57269,4409
17,6,age_bin,ema_lr1e-2_wd1e-3,0.01,0.001,1.47452,0.36811,4409
17,6,age_bin,ema_d0.99,0.01,0.0001,1.50176,0.35065,4409
17,6,age_bin,ema_d0.9999,0.01,0.0001,1.42768,0.36516,4409
17,6,age_bin,mlp_h16,0.001,0.0,0.58551,0.99864,4409
17,6,age_bin,mlp_h32,0.001,0.0,0.56686,0.98662,4409
17,6,age_bin,mlp_h64,0.001,0.0,0.45133,1.0,4409
17,6,age_bin,mlp_h128,0.001,0.0,0.24743,1.0,4409
17,6,age_bin,attention,0.0001,1e-05,0.48828,0.83594,4409
17,6,age_bin,shuffled,0.01,0.0001,1.41185,0.36947,4409
17,6,gender,ema_lr1e-3,0.001,0.0001,1.06321,0.50057,4409
17,6,gender,ema_lr5e-3,0.005,0.0001,1.00719,0.49354,4409
17,6,gender,ema_lr1e-2,0.01,0.0001,0.93044,0.52801,4409
17,6,gender,ema_lr5e-2,0.05,0.0001,0.83978,0.50397,4409
17,6,gender,ema_lr1e-2_wd1e-3,0.01,0.001,1.05665,0.47017,4409
17,6,gender,ema_d0.99,0.01,0.0001,1.00245,0.50465,4409
17,6,gender,ema_d0.9999,0.01,0.0001,1.09487,0.47358,4409
17,6,gender,mlp_h16,0.001,0.0,0.69006,0.53844,4409
17,6,gender,mlp_h32,0.001,0.0,0.68979,0.54343,4409
17,6,gender,mlp_h64,0.001,0.0,0.69146,0.54117,4409
17,6,gender,mlp_h128,0.001,0.0,0.69195,0.53822,4409
17,6,gender,attention,0.0001,1e-05,1.7617,0.60156,4409
17,6,gender,shuffled,0.01,0.0001,0.97628,0.50147,4409
17,6,star_sign,ema_lr1e-3,0.001,0.0001,3.34043,0.08505,4409
17,6,star_sign,ema_lr5e-3,0.005,0.0001,3.27123,0.09095,4409
17,6,star_sign,ema_lr1e-2,0.01,0.0001,3.11331,0.08528,4409
17,6,star_sign,ema_lr5e-2,0.05,0.0001,2.34175,0.2504,4409
17,6,star_sign,ema_lr1e-2_wd1e-3,0.01,0.001,3.11563,0.11182,4409
17,6,star_sign,ema_d0.99,0.01,0.0001,3.06687,0.09254,4409
17,6,star_sign,ema_d0.9999,0.01,0.0001,3.10181,0.07825,4409
17,6,star_sign,mlp_h16,0.001,0.0,2.34863,0.24586,4409
17,6,star_sign,mlp_h32,0.001,0.0,2.07566,0.61397,4409
17,6,star_sign,mlp_h64,0.001,0.0,1.64046,0.99252,4409
17,6,star_sign,mlp_h128,0.001,0.0,0.88753,1.0,4409
17,6,star_sign,attention,0.0001,1e-05,1.6856,0.53906,4409
17,6,star_sign,shuffled,0.01,0.0001,3.09235,0.09685,4409
18,0,age_bin,ema_lr1e-3,0.001,0.0001,1.64509,0.27175,3908
18,0,age_bin,ema_lr5e-3,0.005,0.0001,1.46982,0.31858,3908
18,0,age_bin,ema_lr1e-2,0.01,0.0001,1.41911,0.3498,3908
18,0,age_bin,ema_lr5e-2,0.05,0.0001,0.85282,0.64739,3908
18,0,age_bin,ema_lr1e-2_wd1e-3,0.01,0.001,1.35717,0.35798,3908
18,0,age_bin,ema_d0.99,0.01,0.0001,1.44666,0.39048,3908
18,0,age_bin,ema_d0.9999,0.01,0.0001,1.41333,0.42144,3908
18,0,age_bin,mlp_h16,0.001,0.0,0.86862,0.91991,3908
18,0,age_bin,mlp_h32,0.001,0.0,0.68177,0.98746,3908
18,0,age_bin,mlp_h64,0.001,0.0,0.50309,0.99974,3908
18,0,age_bin,mlp_h128,0.001,0.0,0.14145,1.0,3908
18,0,age_bin,attention,0.0001,1e-05,1.05562,1.0,3908
18,0,age_bin,shuffled,0.01,0.0001,1.4081,0.39765,3908
18,0,gender,ema_lr1e-3,0.001,0.0001,1.08508,0.50486,3908
18,0,gender,ema_lr5e-3,0.005,0.0001,1.06664,0.49232,3908
18,0,gender,ema_lr1e-2,0.01,0.0001,0.9631,0.50896,3908
18,0,gender,ema_lr5e-2,0.05,0.0001,0.85539,0.49386,3908
18,0,gender,ema_lr1e-2_wd1e-3,0.01,0.001,0.9812,0.50077,3908
18,0,gender,ema_d0.99,0.01,0.0001,0.99047,0.50281,3908
18,0,gender,ema_d0.9999,0.01,0.0001,1.0353,0.50512,3908
18,0,gender,mlp_h16,0.001,0.0,0.6961,0.51151,3908
18,0,gender,mlp_h32,0.001,0.0,0.69821,0.50716,3908
18,0,gender,mlp_h64,0.001,0.0,0.69606,0.51356,3908
18,0,gender,mlp_h128,0.001,0.0,0.69664,0.51663,3908
18,0,gender,attention,0.0001,1e-05,0.69282,0.54688,3908
18,0,gender,shuffled,0.01,0.0001,0.98984,0.50307,3908
18,0,star_sign,ema_lr1e-3,0.001,0.0001,3.40528,0.06295,3908
18,0,star_sign,ema_lr5e-3,0.005,0.0001,3.14004,0.08265,3908
18,0,star_sign,ema_lr1e-2,0.01,0.0001,3.04527,0.17375,3908
18,0,star_sign,ema_lr5e-2,0.05,0.0001,2.27528,0.39253,3908
18,0,star_sign,ema_lr1e-2_wd1e-3,0.01,0.001,3.07739,0.13792,3908
18,0,star_sign,ema_d0.99,0.01,0.0001,3.07697,0.08393,3908
18,0,star_sign,ema_d0.9999,0.01,0.0001,3.05605,0.07037,3908
18,0,star_sign,mlp_h16,0.001,0.0,2.20661,0.20368,3908
18,0,star_sign,mlp_h32,0.001,0.0,1.50696,0.99079,3908
18,0,star_sign,mlp_h64,0.001,0.0,1.79164,0.85031,3908
18,0,star_sign,mlp_h128,0.001,0.0,0.77034,1.0,3908
18,0,star_sign,attention,0.0001,1e-05,2.45155,1.0,3908
18,0,star_sign,shuffled,0.01,0.0001,3.04551,0.0824,3908
18,4,age_bin,ema_lr1e-3,0.001,0.0001,1.47595,0.32549,3908
18,4,age_bin,ema_lr5e-3,0.005,0.0001,1.37693,0.34903,3908
18,4,age_bin,ema_lr1e-2,0.01,0.0001,1.29706,0.35926,3908
18,4,age_bin,ema_lr5e-2,0.05,0.0001,0.82338,0.64893,3908
18,4,age_bin,ema_lr1e-2_wd1e-3,0.01,0.001,1.39612,0.36745,3908
18,4,age_bin,ema_d0.99,0.01,0.0001,1.29978,0.3915,3908
18,4,age_bin,ema_d0.9999,0.01,0.0001,1.40373,0.37794,3908
18,4,age_bin,mlp_h16,0.001,0.0,0.73093,0.98951,3908
18,4,age_bin,mlp_h32,0.001,0.0,0.58317,0.99795,3908
18,4,age_bin,mlp_h64,0.001,0.0,0.36659,1.0,3908
18,4,age_bin,mlp_h128,0.001,0.0,0.16485,1.0,3908
18,4,age_bin,attention,0.0001,1e-05,0.21831,1.0,3908
18,4,age_bin,shuffled,0.01,0.0001,1.3471,0.3718,3908
18,4,gender,ema_lr1e-3,0.001,0.0001,1.07302,0.49872,3908
18,4,gender,ema_lr5e-3,0.005,0.0001,1.01432,0.49616,3908
18,4,gender,ema_lr1e-2,0.01,0.0001,0.93497,0.49923,3908
18,4,gender,ema_lr5e-2,0.05,0.0001,0.79699,0.50461,3908
18,4,gender,ema_lr1e-2_wd1e-3,0.01,0.001,0.9054,0.50896,3908
18,4,gender,ema_d0.99,0.01,0.0001,0.91428,0.49053,3908
18,4,gender,ema_d0.9999,0.01,0.0001,0.88868,0.49207,3908
18,4,gender,mlp_h16,0.001,0.0,0.69623,0.51075,3908
18,4,gender,mlp_h32,0.001,0.0,0.69208,0.52277,3908
18,4,gender,mlp_h64,0.001,0.0,0.6966,0.52559,3908
18,4,gender,mlp_h128,0.001,0.0,0.69415,0.51791,3908
18,4,gender,attention,0.0001,1e-05,0.76951,0.48438,3908
18,4,gender,shuffled,0.01,0.0001,0.90373,0.49667,3908
18,4,star_sign,ema_lr1e-3,0.001,0.0001,3.22662,0.08214,3908
18,4,star_sign,ema_lr5e-3,0.005,0.0001,3.16637,0.09749,3908
18,4,star_sign,ema_lr1e-2,0.01,0.0001,2.87676,0.11336,3908
18,4,star_sign,ema_lr5e-2,0.05,0.0001,2.11343,0.28199,3908
18,4,star_sign,ema_lr1e-2_wd1e-3,0.01,0.001,2.88087,0.14304,3908
18,4,star_sign,ema_d0.99,0.01,0.0001,2.90769,0.0934,3908
18,4,star_sign,ema_d0.9999,0.01,0.0001,2.92936,0.06064,3908
18,4,star_sign,mlp_h16,0.001,0.0,2.14094,0.24693,3908
18,4,star_sign,mlp_h32,0.001,0.0,1.62614,0.96955,3908
18,4,star_sign,mlp_h64,0.001,0.0,1.13585,1.0,3908
18,4,star_sign,mlp_h128,0.001,0.0,0.5935,1.0,3908
18,4,star_sign,attention,0.0001,1e-05,2.21538,0.78125,3908
18,4,star_sign,shuffled,0.01,0.0001,2.92923,0.14713,3908
18,6,age_bin,ema_lr1e-3,0.001,0.0001,1.50593,0.37845,3908
18,6,age_bin,ema_lr5e-3,0.005,0.0001,1.62862,0.32779,3908
18,6,age_bin,ema_lr1e-2,0.01,0.0001,1.45529,0.35082,3908
18,6,age_bin,ema_lr5e-2,0.05,0.0001,0.90029,0.58802,3908
18,6,age_bin,ema_lr1e-2_wd1e-3,0.01,0.001,1.41072,0.36285,3908
18,6,age_bin,ema_d0.99,0.01,0.0001,1.45145,0.36515,3908
18,6,age_bin,ema_d0.9999,0.01,0.0001,1.34462,0.37436,3908
18,6,age_bin,mlp_h16,0.001,0.0,0.57755,0.99949,3908
18,6,age_bin,mlp_h32,0.001,0.0,0.55223,0.99284,3908
18,6,age_bin,mlp_h64,0.001,0.0,0.41683,1.0,3908
18,6,age_bin,mlp_h128,0.001,0.0,0.22762,1.0,3908
18,6,age_bin,attention,0.0001,1e-05,0.22194,0.89062,3908
18,6,age_bin,shuffled,0.01,0.0001,1.35849,0.3869,3908
18,6,gender,ema_lr1e-3,0.001,0.0001,1.02045,0.5151,3908
18,6,gender,ema_lr5e-3,0.005,0.0001,0.93424,0.52866,3908
18,6,gender,ema_lr1e-2,0.01,0.0001,0.98812,0.48874,3908
18,6,gender,ema_lr5e-2,0.05,0.0001,0.82128,0.51254,3908
18,6,gender,ema_lr1e-2_wd1e-3,0.01,0.001,0.97675,0.50051,3908
18,6,gender,ema_d0.99,0.01,0.0001,1.01559,0.50512,3908
18,6,gender,ema_d0.9999,0.01,0.0001,1.09575,0.45471,3908
18,6,gender,mlp_h16,0.001,0.0,0.70635,0.47416,3908
18,6,gender,mlp_h32,0.001,0.0,0.70022,0.51868,3908
18,6,gender,mlp_h64,0.001,0.0,0.70265,0.51433,3908
18,6,gender,mlp_h128,0.001,0.0,0.71148,0.49846,3908
18,6,gender,attention,0.0001,1e-05,1.97009,0.50781,3908
18,6,gender,shuffled,0.01,0.0001,0.96879,0.50026,3908
18,6,star_sign,ema_lr1e-3,0.001,0.0001,3.27952,0.09161,3908
18,6,star_sign,ema_lr5e-3,0.005,0.0001,2.96967,0.13025,3908
18,6,star_sign,ema_lr1e-2,0.01,0.0001,3.16882,0.09263,3908
18,6,star_sign,ema_lr5e-2,0.05,0.0001,2.36857,0.24002,3908
18,6,star_sign,ema_lr1e-2_wd1e-3,0.01,0.001,3.02001,0.11489,3908
18,6,star_sign,ema_d0.99,0.01,0.0001,3.08973,0.07958,3908
18,6,star_sign,ema_d0.9999,0.01,0.0001,3.02693,0.09493,3908
18,6,star_sign,mlp_h16,0.001,0.0,2.33708,0.24079,3908
18,6,star_sign,mlp_h32,0.001,0.0,2.05266,0.652,3908
18,6,star_sign,mlp_h64,0.001,0.0,1.61201,0.9936,3908
18,6,star_sign,mlp_h128,0.001,0.0,0.84183,1.0,3908
18,6,star_sign,attention,0.0001,1e-05,1.45001,0.625,3908
18,6,star_sign,shuffled,0.01,0.0001,3.07956,0.09596,3908
19,0,age_bin,ema_lr1e-3,0.001,0.0001,1.56279,0.30459,4140
19,0,age_bin,ema_lr5e-3,0.005,0.0001,1.4693,0.32923,4140
19,0,age_bin,ema_lr1e-2,0.01,0.0001,1.35535,0.3529,4140
19,0,age_bin,ema_lr5e-2,0.05,0.0001,0.81278,0.70966,4140
19,0,age_bin,ema_lr1e-2_wd1e-3,0.01,0.001,1.3645,0.35338,4140
19,0,age_bin,ema_d0.99,0.01,0.0001,1.43641,0.38696,4140
19,0,age_bin,ema_d0.9999,0.01,0.0001,1.38374,0.42367,4140
19,0,age_bin,mlp_h16,0.001,0.0,0.85894,0.92705,4140
19,0,age_bin,mlp_h32,0.001,0.0,0.6628,0.99106,4140
19,0,age_bin,mlp_h64,0.001,0.0,0.47372,1.0,4140
19,0,age_bin,mlp_h128,0.001,0.0,0.12536,1.0,4140
19,0,age_bin,attention,0.0001,1e-05,1.05358,1.0,4140
19,0,age_bin,shuffled,0.01,0.0001,1.42056,0.45918,4140
19,0,gender,ema_lr1e-3,0.001,0.0001,1.05426,0.49976,4140
19,0,gender,ema_lr5e-3,0.005,0.0001,1.02399,0.49783,4140
19,0,gender,ema_lr1e-2,0.01,0.0001,0.94302,0.50797,4140
19,0,gender,ema_lr5e-2,0.05,0.0001,0.84649,0.5186,4140
19,0,gender,ema_lr1e-2_wd1e-3,0.01,0.001,0.99185,0.4872,4140
19,0,gender,ema_d0.99,0.01,0.0001,0.9849,0.49783,4140
19,0,gender,ema_d0.9999,0.01,0.0001,0.99164,0.50338,4140
19,0,gender,mlp_h16,0.001,0.0,0.6886,0.55797,4140
19,0,gender,mlp_h32,0.001,0.0,0.67949,0.59082,4140
19,0,gender,mlp_h64,0.001,0.0,0.68127,0.57536,4140
19,0,gender,mlp_h128,0.001,0.0,0.68133,0.57367,4140
19,0,gender,attention,0.0001,1e-05,0.69258,0.5625,4140
19,0,gender,shuffled,0.01,0.0001,0.9635,0.49251,4140
19,0,star_sign,ema_lr1e-3,0.001,0.0001,3.3096,0.07681,4140
19,0,star_sign,ema_lr5e-3,0.005,0.0001,3.12456,0.08744,4140
19,0,star_sign,ema_lr1e-2,0.01,0.0001,3.05945,0.18261,4140
19,0,star_sign,ema_lr5e-2,0.05,0.0001,2.20699,0.4099,4140
19,0,star_sign,ema_lr1e-2_wd1e-3,0.01,0.001,3.07431,0.13986,4140
19,0,star_sign,ema_d0.99,0.01,0.0001,3.02926,0.08406,4140
19,0,star_sign,ema_d0.9999,0.01,0.0001,3.01285,0.07126,4140
19,0,star_sign,mlp_h16,0.001,0.0,2.17457,0.22488,4140
19,0,star_sign,mlp_h32,0.001,0.0,1.47779,0.98913,4140
19,0,star_sign,mlp_h64,0.001,0.0,1.72694,0.88333,4140
19,0,star_sign,mlp_h128,0.001,0.0,0.70175,1.0,4140
19,0,star_sign,attention,0.0001,1e-05,2.4499,1.0,4140
19,0,star_sign,shuffled,0.01,0.0001,3.02493,0.08116,4140
19,4,age_bin,ema_lr1e-3,0.001,0.0001,1.4843,0.32657,4140
19,4,age_bin,ema_lr5e-3,0.005,0.0001,1.41314,0.31667,4140
19,4,age_bin,ema_lr1e-2,0.01,0.0001,1.30526,0.36473,4140
19,4,age_bin,ema_lr5e-2,0.05,0.0001,0.82343,0.66111,4140
19,4,age_bin,ema_lr1e-2_wd1e-3,0.01,0.001,1.34082,0.38937,4140
19,4,age_bin,ema_d0.99,0.01,0.0001,1.25806,0.40797,4140
19,4,age_bin,ema_d0.9999,0.01,0.0001,1.37092,0.39517,4140
19,4,age_bin,mlp_h16,0.001,0.0,0.70715,0.99396,4140
19,4,age_bin,mlp_h32,0.001,0.0,0.55941,0.99831,4140
19,4,age_bin,mlp_h64,0.001,0.0,0.339,1.0,4140
19,4,age_bin,mlp_h128,0.001,0.0,0.14535,1.0,4140
19,4,age_bin,attention,0.0001,1e-05,0.17477,1.0,4140
19,4,age_bin,shuffled,0.01,0.0001,1.34289,0.36932,4140
19,4,gender,ema_lr1e-3,0.001,0.0001,1.11301,0.47585,4140
19,4,gender,ema_lr5e-3,0.005,0.0001,1.06164,0.48623,4140
19,4,gender,ema_lr1e-2,0.01,0.0001,0.9435,0.4942,4140
19,4,gender,ema_lr5e-2,0.05,0.0001,0.78984,0.51739,4140
19,4,gender,ema_lr1e-2_wd1e-3,0.01,0.001,0.9392,0.493,4140
19,4,gender,ema_d0.99,0.01,0.0001,0.8832,0.51328,4140
19,4,gender,ema_d0.9999,0.01,0.0001,0.89966,0.4785,4140
19,4,gender,mlp_h16,0.001,0.0,0.68015,0.58406,4140
19,4,gender,mlp_h32,0.001,0.0,0.68097,0.57343,4140
19,4,gender,mlp_h64,0.001,0.0,0.68219,0.57657,4140
19,4,gender,mlp_h128,0.001,0.0,0.6835,0.55362,4140
19,4,gender,attention,0.0001,1e-05,0.85765,0.39062,4140
19,4,gender,shuffled,0.01,0.0001,0.93051,0.48913,4140
19,4,star_sign,ema_lr1e-3,0.001,0.0001,3.05476,0.08865,4140
19,4,star_sign,ema_lr5e-3,0.005,0.0001,3.12493,0.10845,4140
19,4,star_sign,ema_lr1e-2,0.01,0.0001,2.81073,0.13671,4140
19,4,star_sign,ema_lr5e-2,0.05,0.0001,2.14133,0.27633,4140
19,4,star_sign,ema_lr1e-2_wd1e-3,0.01,0.001,2.84277,0.14686,4140
19,4,star_sign,ema_d0.99,0.01,0.0001,2.87738,0.09638,4140
19,4,star_sign,ema_d0.9999,0.01,0.0001,2.86781,0.07609,4140
19,4,star_sign,mlp_h16,0.001,0.0,2.1244,0.26111,4140
19,4,star_sign,mlp_h32,0.001,0.0,1.5588,0.98068,4140
19,4,star_sign,mlp_h64,0.001,0.0,1.07822,0.99976,4140
19,4,star_sign,mlp_h128,0.001,0.0,0.52523,1.0,4140
19,4,star_sign,attention,0.0001,1e-05,2.18979,0.90625,4140
19,4,star_sign,shuffled,0.01,0.0001,2.97222,0.13865,4140
19,6,age_bin,ema_lr1e-3,0.001,0.0001,1.56628,0.33841,4140
19,6,age_bin,ema_lr5e-3,0.005,0.0001,1.4996,0.37899,4140
19,6,age_bin,ema_lr1e-2,0.01,0.0001,1.40655,0.38599,4140
19,6,age_bin,ema_lr5e-2,0.05,0.0001,0.83531,0.63188,4140
19,6,age_bin,ema_lr1e-2_wd1e-3,0.01,0.001,1.48532,0.34493,4140
19,6,age_bin,ema_d0.99,0.01,0.0001,1.43806,0.37657,4140
19,6,age_bin,ema_d0.9999,0.01,0.0001,1.34299,0.39589,4140
19,6,age_bin,mlp_h16,0.001,0.0,0.54907,1.0,4140
19,6,age_bin,mlp_h32,0.001,0.0,0.52017,0.99517,4140
19,6,age_bin,mlp_h64,0.001,0.0,0.38718,1.0,4140
19,6,age_bin,mlp_h128,0.001,0.0,0.20028,1.0,4140
19,6,age_bin,attention,0.0001,1e-05,0.22942,0.91406,4140
19,6,age_bin,shuffled,0.01,0.0001,1.40438,0.35773,4140
19,6,gender,ema_lr1e-3,0.001,0.0001,1.15713,0.46763,4140
19,6,gender,ema_lr5e-3,0.005,0.0001,0.94865,0.52077,4140
19,6,gender,ema_lr1e-2,0.01,0.0001,0.96133,0.51087,4140
19,6,gender,ema_lr5e-2,0.05,0.0001,0.78179,0.54106,4140
19,6,gender,ema_lr1e-2_wd1e-3,0.01,0.001,0.95934,0.49783,4140
19,6,gender,ema_d0.99,0.01,0.0001,0.94255,0.51208,4140
19,6,gender,ema_d0.9999,0.01,0.0001,0.93145,0.53768,4140
19,6,gender,mlp_h16,0.001,0.0,0.68424,0.55,4140
19,6,gender,mlp_h32,0.001,0.0,0.67268,0.58986,4140
19,6,gender,mlp_h64,0.001,0.0,0.67568,0.58527,4140
19,6,gender,mlp_h128,0.001,0.0,0.66737,0.60918,4140
19,6,gender,attention,0.0001,1e-05,1.82091,0.55469,4140
19,6,gender,shuffled,0.01,0.0001,0.99353,0.49106,4140
19,6,star_sign,ema_lr1e-3,0.001,0.0001,3.186,0.10145,4140
19,6,star_sign,ema_lr5e-3,0.005,0.0001,3.15067,0.10097,4140
19,6,star_sign,ema_lr1e-2,0.01,0.0001,3.11985,0.09155,4140
19,6,star_sign,ema_lr5e-2,0.05,0.0001,2.18918,0.30217,4140
19,6,star_sign,ema_lr1e-2_wd1e-3,0.01,0.001,3.01931,0.14444,4140
19,6,star_sign,ema_d0.99,0.01,0.0001,3.00021,0.09783,4140
19,6,star_sign,ema_d0.9999,0.01,0.0001,3.07032,0.08502,4140
19,6,star_sign,mlp_h16,0.001,0.0,2.3073,0.2744,4140
19,6,star_sign,mlp_h32,0.001,0.0,2.0047,0.71304,4140
19,6,star_sign,mlp_h64,0.001,0.0,1.53066,0.99638,4140
19,6,star_sign,mlp_h128,0.001,0.0,0.74584,1.0,4140
19,6,star_sign,attention,0.0001,1e-05,0.94188,0.66406,4140
19,6,star_sign,shuffled,0.01,0.0001,3.10408,0.07899,4140
20,0,age_bin,ema_lr1e-3,0.001,0.0001,1.63011,0.27451,4091
20,0,age_bin,ema_lr5e-3,0.005,0.0001,1.48168,0.31606,4091
20,0,age_bin,ema_lr1e-2,0.01,0.0001,1.38997,0.35199,4091
20,0,age_bin,ema_lr5e-2,0.05,0.0001,0.80085,0.71132,4091
20,0,age_bin,ema_lr1e-2_wd1e-3,0.01,0.001,1.37812,0.34661,4091
20,0,age_bin,ema_d0.99,0.01,0.0001,1.45172,0.38255,4091
20,0,age_bin,ema_d0.9999,0.01,0.0001,1.36563,0.43388,4091
20,0,age_bin,mlp_h16,0.001,0.0,0.84543,0.93913,4091
20,0,age_bin,mlp_h32,0.001,0.0,0.64663,0.99487,4091
20,0,age_bin,mlp_h64,0.001,0.0,0.44731,1.0,4091
20,0,age_bin,mlp_h128,0.001,0.0,0.11019,1.0,4091
20,0,age_bin,attention,0.0001,1e-05,1.05293,1.0,4091
20,0,age_bin,shuffled,0.01,0.0001,1.43803,0.44439,4091
20,0,gender,ema_lr1e-3,0.001,0.0001,1.09742,0.49401,4091
20,0,gender,ema_lr5e-3,0.005,0.0001,1.09211,0.47397,4091
20,0,gender,ema_lr1e-2,0.01,0.0001,0.97642,0.48717,4091
20,0,gender,ema_lr5e-2,0.05,0.0001,0.83228,0.52188,4091
20,0,gender,ema_lr1e-2_wd1e-3,0.01,0.001,0.97388,0.47763,4091
20,0,gender,ema_d0.99,0.01,0.0001,0.98515,0.50574,4091
20,0,gender,ema_d0.9999,0.01,0.0001,1.02483,0.49694,4091
20,0,gender,mlp_h16,0.001,0.0,0.69244,0.53605,4091
20,0,gender,mlp_h32,0.001,0.0,0.68892,0.55463,4091
20,0,gender,mlp_h64,0.001,0.0,0.68692,0.55634,4091
20,0,gender,mlp_h128,0.001,0.0,0.69106,0.5429,4091
20,0,gender,attention,0.0001,1e-05,0.69242,0.54688,4091
20,0,gender,shuffled,0.01,0.0001,0.99024,0.49474,4091
20,0,star_sign,ema_lr1e-3,0.001,0.0001,3.32263,0.06795,4091
20,0,star_sign,ema_lr5e-3,0.005,0.0001,3.11176,0.0836,4091
20,0,star_sign,ema_lr1e-2,0.01,0.0001,3.056,0.17575,4091
20,0,star_sign,ema_lr5e-2,0.05,0.0001,2.21821,0.40381,4091
20,0,star_sign,ema_lr1e-2_wd1e-3,0.01,0.001,2.99964,0.1496,4091
20,0,star_sign,ema_d0.99,0.01,0.0001,3.08328,0.077,4091
20,0,star_sign,ema_d0.9999,0.01,0.0001,3.0355,0.07749,4091
20,0,star_sign,mlp_h16,0.001,0.0,2.14972,0.23271,4091
20,0,star_sign,mlp_h32,0.001,0.0,1.43181,0.99536,4091
20,0,star_sign,mlp_h64,0.001,0.0,1.67133,0.91225,4091
20,0,star_sign,mlp_h128,0.001,0.0,0.63262,1.0,4091
20,0,star_sign,attention,0.0001,1e-05,2.44804,1.0,4091
20,0,star_sign,shuffled,0.01,0.0001,3.07427,0.07675,4091
20,4,age_bin,ema_lr1e-3,0.001,0.0001,1.45591,0.3339,4091
20,4,age_bin,ema_lr5e-3,0.005,0.0001,1.36064,0.35199,4091
20,4,age_bin,ema_lr1e-2,0.01,0.0001,1.28571,0.35981,4091
20,4,age_bin,ema_lr5e-2,0.05,0.0001,0.79228,0.68321,4091
20,4,age_bin,ema_lr1e-2_wd1e-3,0.01,0.001,1.37089,0.38499,4091
20,4,age_bin,ema_d0.99,0.01,0.0001,1.28426,0.40724,4091
20,4,age_bin,ema_d0.9999,0.01,0.0001,1.36434,0.38939,4091
20,4,age_bin,mlp_h16,0.001,0.0,0.69081,0.99389,4091
20,4,age_bin,mlp_h32,0.001,0.0,0.53213,0.99878,4091
20,4,age_bin,mlp_h64,0.001,0.0,0.31049,1.0,4091
20,4,age_bin,mlp_h128,0.001,0.0,0.12528,1.0,4091
20,4,age_bin,attention,0.0001,1e-05,0.14758,1.0,4091
20,4,age_bin,shuffled,0.01,0.0001,1.3174,0.38035,4091
20,4,gender,ema_lr1e-3,0.001,0.0001,1.10594,0.48179,4091
20,4,gender,ema_lr5e-3,0.005,0.0001,0.96519,0.50477,4091
20,4,gender,ema_lr1e-2,0.01,0.0001,0.91569,0.52188,4091
20,4,gender,ema_lr5e-2,0.05,0.0001,0.81221,0.49108,4091
20,4,gender,ema_lr1e-2_wd1e-3,0.01,0.001,0.8929,0.51137,4091
20,4,gender,ema_d0.99,0.01,0.0001,0.87343,0.51112,4091
20,4,gender,ema_d0.9999,0.01,0.0001,0.87524,0.50061,4091
20,4,gender,mlp_h16,0.001,0.0,0.68797,0.55317,4091
20,4,gender,mlp_h32,0.001,0.0,0.68562,0.55952,4091
20,4,gender,mlp_h64,0.001,0.0,0.68499,0.56343,4091
20,4,gender,mlp_h128,0.001,0.0,0.68825,0.54754,4091
20,4,gender,attention,0.0001,1e-05,0.78584,0.44531,4091
20,4,gender,shuffled,0.01,0.0001,0.90842,0.49548,4091
20,4,star_sign,ema_lr1e-3,0.001,0.0001,3.23753,0.06453,4091
20,4,star_sign,ema_lr5e-3,0.005,0.0001,3.08523,0.10511,4091
20,4,star_sign,ema_lr1e-2,0.01,0.0001,2.82435,0.12075,4091
20,4,star_sign,ema_lr5e-2,0.05,0.0001,2.06998,0.30848,4091
20,4,star_sign,ema_lr1e-2_wd1e-3,0.01,0.001,2.86319,0.13811,4091
20,4,star_sign,ema_d0.99,0.01,0.0001,2.8435,0.1034,4091
20,4,star_sign,ema_d0.9999,0.01,0.0001,2.89881,0.07113,4091
20,4,star_sign,mlp_h16,0.001,0.0,2.10399,0.2899,4091
20,4,star_sign,mlp_h32,0.001,0.0,1.51431,0.98851,4091
20,4,star_sign,mlp_h64,0.001,0.0,0.99647,1.0,4091
20,4,star_sign,mlp_h128,0.001,0.0,0.4545,1.0,4091
20,4,star_sign,attention,0.0001,1e-05,2.17095,0.94531,4091
20,4,star_sign,shuffled,0.01,0.0001,2.89457,0.15351,4091
20,6,age_bin,ema_lr1e-3,0.001,0.0001,1.56887,0.34515,4091
20,6,age_bin,ema_lr5e-3,0.005,0.0001,1.59304,0.33708,4091
20,6,age_bin,ema_lr1e-2,0.01,0.0001,1.46653,0.34735,4091
20,6,age_bin,ema_lr5e-2,0.05,0.0001,0.88464,0.6045,4091
20,6,age_bin,ema_lr1e-2_wd1e-3,0.01,0.001,1.46454,0.3493,4091
20,6,age_bin,ema_d0.99,0.01,0.0001,1.41677,0.37888,4091
20,6,age_bin,ema_d0.9999,0.01,0.0001,1.32966,0.38279,4091
20,6,age_bin,mlp_h16,0.001,0.0,0.54053,0.99951,4091
20,6,age_bin,mlp_h32,0.001,0.0,0.50691,0.99682,4091
20,6,age_bin,mlp_h64,0.001,0.0,0.36691,1.0,4091
20,6,age_bin,mlp_h128,0.001,0.0,0.18215,1.0,4091
20,6,age_bin,attention,0.0001,1e-05,0.36211,0.90625,4091
20,6,age_bin,shuffled,0.01,0.0001,1.43952,0.35395,4091
20,6,gender,ema_lr1e-3,0.001,0.0001,1.02035,0.52579,4091
20,6,gender,ema_lr5e-3,0.005,0.0001,0.91766,0.54559,4091
20,6,gender,ema_lr1e-2,0.01,0.0001,1.02156,0.48326,4091
20,6,gender,ema_lr5e-2,0.05,0.0001,0.83788,0.48081,4091
20,6,gender,ema_lr1e-2_wd1e-3,0.01,0.001,1.01426,0.48668,4091
20,6,gender,ema_d0.99,0.01,0.0001,1.00939,0.50501,4091
20,6,gender,ema_d0.9999,0.01,0.0001,0.97012,0.5121,4091
20,6,gender,mlp_h16,0.001,0.0,0.69205,0.51699,4091
20,6,gender,mlp_h32,0.001,0.0,0.68235,0.56001,4091
20,6,gender,mlp_h64,0.001,0.0,0.68302,0.55757,4091
20,6,gender,mlp_h128,0.001,0.0,0.68273,0.5649,4091
20,6,gender,attention,0.0001,1e-05,1.45349,0.65625,4091
20,6,gender,shuffled,0.01,0.0001,0.92628,0.51552,4091
20,6,star_sign,ema_lr1e-3,0.001,0.0001,3.2973,0.09606,4091
20,6,star_sign,ema_lr5e-3,0.005,0.0001,3.18626,0.09704,4091
20,6,star_sign,ema_lr1e-2,0.01,0.0001,3.0626,0.09289,4091
20,6,star_sign,ema_lr5e-2,0.05,0.0001,2.23317,0.29479,4091
20,6,star_sign,ema_lr1e-2_wd1e-3,0.01,0.001,2.87649,0.14397,4091
20,6,star_sign,ema_d0.99,0.01,0.0001,2.9707,0.0924,4091
20,6,star_sign,ema_d0.9999,0.01,0.0001,3.09388,0.08262,4091
20,6,star_sign,mlp_h16,0.001,0.0,2.27292,0.32168,4091
20,6,star_sign,mlp_h32,0.001,0.0,1.98159,0.73943,4091
20,6,star_sign,mlp_h64,0.001,0.0,1.46618,0.9978,4091
20,6,star_sign,mlp_h128,0.001,0.0,0.67781,1.0,4091
20,6,star_sign,attention,0.0001,1e-05,0.95751,0.73438,4091
20,6,star_sign,shuffled,0.01,0.0001,2.98236,0.12051,4091
21,0,age_bin,ema_lr1e-3,0.001,0.0001,1.6239,0.27703,4032
21,0,age_bin,ema_lr5e-3,0.005,0.0001,1.45049,0.32267,4032
21,0,age_bin,ema_lr1e-2,0.01,0.0001,1.38487,0.34648,4032
21,0,age_bin,ema_lr5e-2,0.05,0.0001,0.77868,0.72197,4032
21,0,age_bin,ema_lr1e-2_wd1e-3,0.01,0.001,1.36056,0.35169,4032
21,0,age_bin,ema_d0.99,0.01,0.0001,1.38181,0.40278,4032
21,0,age_bin,ema_d0.9999,0.01,0.0001,1.39857,0.4246,4032
21,0,age_bin,mlp_h16,0.001,0.0,0.82892,0.94271,4032
21,0,age_bin,mlp_h32,0.001,0.0,0.62273,0.99628,4032
21,0,age_bin,mlp_h64,0.001,0.0,0.42572,1.0,4032
21,0,age_bin,mlp_h128,0.001,0.0,0.09745,1.0,4032
21,0,age_bin,attention,0.0001,1e-05,1.05101,1.0,4032
21,0,age_bin,shuffled,0.01,0.0001,1.38232,0.45213,4032
21,0,gender,ema_lr1e-3,0.001,0.0001,1.11371,0.49082,4032
21,0,gender,ema_lr5e-3,0.005,0.0001,1.02732,0.49851,4032
21,0,gender,ema_lr1e-2,0.01,0.0001,0.94957,0.49702,4032
21,0,gender,ema_lr5e-2,0.05,0.0001,0.84849,0.49876,4032
21,0,gender,ema_lr1e-2_wd1e-3,0.01,0.001,0.96474,0.50174,4032
21,0,gender,ema_d0.99,0.01,0.0001,0.97097,0.49826,4032
21,0,gender,ema_d0.9999,0.01,0.0001,1.00402,0.51364,4032
21,0,gender,mlp_h16,0.001,0.0,0.69466,0.51811,4032
21,0,gender,mlp_h32,0.001,0.0,0.69356,0.52778,4032
21,0,gender,mlp_h64,0.001,0.0,0.69445,0.52381,4032
21,0,gender,mlp_h128,0.001,0.0,0.69259,0.52555,4032
21,0,gender,attention,0.0001,1e-05,0.6932,0.48438,4032
21,0,gender,shuffled,0.01,0.0001,0.95579,0.4995,4032
21,0,star_sign,ema_lr1e-3,0.001,0.0001,3.35746,0.062,4032
21,0,star_sign,ema_lr5e-3,0.005,0.0001,3.10405,0.08333,4032
21,0,star_sign,ema_lr1e-2,0.01,0.0001,3.0162,0.17808,4032
21,0,star_sign,ema_lr5e-2,0.05,0.0001,2.15116,0.42039,4032
21,0,star_sign,ema_lr1e-2_wd1e-3,0.01,0.001,3.01968,0.14707,4032
21,0,star_sign,ema_d0.99,0.01,0.0001,3.02373,0.08333,4032
21,0,star_sign,ema_d0.9999,0.01,0.0001,3.00837,0.07019,4032
21,0,star_sign,mlp_h16,0.001,0.0,2.12598,0.28919,4032
21,0,star_sign,mlp_h32,0.001,0.0,1.39245,0.99653,4032
21,0,star_sign,mlp_h64,0.001,0.0,1.61656,0.93502,4032
21,0,star_sign,mlp_h128,0.001,0.0,0.57368,1.0,4032
21,0,star_sign,attention,0.0001,1e-05,2.44597,1.0,4032
21,0,star_sign,shuffled,0.01,0.0001,2.99601,0.08681,4032
21,4,age_bin,ema_lr1e-3,0.001,0.0001,1.4668,0.33284,4032
21,4,age_bin,ema_lr5e-3,0.005,0.0001,1.3732,0.34871,4032
21,4,age_bin,ema_lr1e-2,0.01,0.0001,1.27571,0.37178,4032
21,4,age_bin,ema_lr5e-2,0.05,0.0001,0.76629,0.69568,4032
21,4,age_bin,ema_lr1e-2_wd1e-3,0.01,0.001,1.35579,0.38641,4032
21,4,age_bin,ema_d0.99,0.01,0.0001,1.28244,0.40749,4032
21,4,age_bin,ema_d0.9999,0.01,0.0001,1.32021,0.4065,4032
21,4,age_bin,mlp_h16,0.001,0.0,0.67305,0.99603,4032
21,4,age_bin,mlp_h32,0.001,0.0,0.51616,0.99901,4032
21,4,age_bin,mlp_h64,0.001,0.0,0.28707,1.0,4032
21,4,age_bin,mlp_h128,0.001,0.0,0.11042,1.0,4032
21,4,age_bin,attention,0.0001,1e-05,0.13246,1.0,4032
21,4,age_bin,shuffled,0.01,0.0001,1.34338,0.36037,4032
21,4,gender,ema_lr1e-3,0.001,0.0001,1.04929,0.51414,4032
21,4,gender,ema_lr5e-3,0.005,0.0001,1.05199,0.4809,4032
21,4,gender,ema_lr1e-2,0.01,0.0001,0.93013,0.50595,4032
21,4,gender,ema_lr5e-2,0.05,0.0001,0.80997,0.48884,4032
21,4,gender,ema_lr1e-2_wd1e-3,0.01,0.001,0.88731,0.51687,4032
21,4,gender,ema_d0.99,0.01,0.0001,0.89613,0.5062,4032
21,4,gender,ema_d0.9999,0.01,0.0001,0.89032,0.49678,4032
21,4,gender,mlp_h16,0.001,0.0,0.69534,0.52381,4032
21,4,gender,mlp_h32,0.001,0.0,0.69786,0.51711,4032
21,4,gender,mlp_h64,0.001,0.0,0.69347,0.53175,4032
21,4,gender,mlp_h128,0.001,0.0,0.69332,0.53075,4032
21,4,gender,attention,0.0001,1e-05,0.69429,0.54688,4032
21,4,gender,shuffled,0.01,0.0001,0.90134,0.50298,4032
21,4,star_sign,ema_lr1e-3,0.001,0.0001,3.16934,0.07887,4032
21,4,star_sign,ema_lr5e-3,0.005,0.0001,3.08762,0.10615,4032
21,4,star_sign,ema_lr1e-2,0.01,0.0001,2.75277,0.13641,4032
21,4,star_sign,ema_lr5e-2,0.05,0.0001,2.03051,0.33135,4032
21,4,star_sign,ema_lr1e-2_wd1e-3,0.01,0.001,2.83615,0.14038,4032
21,4,star_sign,ema_d0.99,0.01,0.0001,2.88942,0.09226,4032
21,4,star_sign,ema_d0.9999,0.01,0.0001,2.8846,0.06225,4032
21,4,star_sign,mlp_h16,0.001,0.0,2.08096,0.33433,4032
21,4,star_sign,mlp_h32,0.001,0.0,1.45763,0.98859,4032
21,4,star_sign,mlp_h64,0.001,0.0,0.93887,1.0,4032
21,4,star_sign,mlp_h128,0.001,0.0,0.39644,1.0,4032
21,4,star_sign,attention,0.0001,1e-05,2.14899,0.96094,4032
21,4,star_sign,shuffled,0.01,0.0001,2.91347,0.14807,4032
21,6,age_bin,ema_lr1e-3,0.001,0.0001,1.61663,0.32763,4032
21,6,age_bin,ema_lr5e-3,0.005,0.0001,1.57619,0.34846,4032
21,6,age_bin,ema_lr1e-2,0.01,0.0001,1.39579,0.39633,4032
21,6,age_bin,ema_lr5e-2,0.05,0.0001,0.86674,0.60838,4032
21,6,age_bin,ema_lr1e-2_wd1e-3,0.01,0.001,1.44591,0.35962,4032
21,6,age_bin,ema_d0.99,0.01,0.0001,1.46202,0.35813,4032
21,6,age_bin,ema_d0.9999,0.01,0.0001,1.28005,0.40997,4032
21,6,age_bin,mlp_h16,0.001,0.0,0.52776,0.9995,4032
21,6,age_bin,mlp_h32,0.001,0.0,0.48644,0.99653,4032
21,6,age_bin,mlp_h64,0.001,0.0,0.34896,1.0,4032
21,6,age_bin,mlp_h128,0.001,0.0,0.16705,1.0,4032
21,6,age_bin,attention,0.0001,1e-05,0.30146,0.92969,4032
21,6,age_bin,shuffled,0.01,0.0001,1.38865,0.37153,4032
21,6,gender,ema_lr1e-3,0.001,0.0001,1.14143,0.46404,4032
21,6,gender,ema_lr5e-3,0.005,0.0001,1.021,0.4938,4032
21,6,gender,ema_lr1e-2,0.01,0.0001,0.94049,0.49876,4032
21,6,gender,ema_lr5e-2,0.05,0.0001,0.82422,0.49851,4032
21,6,gender,ema_lr1e-2_wd1e-3,0.01,0.001,0.93037,0.50942,4032
21,6,gender,ema_d0.99,0.01,0.0001,0.9613,0.5191,4032
21,6,gender,ema_d0.9999,0.01,0.0001,0.97883,0.51314,4032
21,6,gender,mlp_h16,0.001,0.0,0.70093,0.50918,4032
21,6,gender,mlp_h32,0.001,0.0,0.69661,0.52158,4032
21,6,gender,mlp_h64,0.001,0.0,0.69221,0.53373,4032
21,6,gender,mlp_h128,0.001,0.0,0.69649,0.53224,4032
21,6,gender,attention,0.0001,1e-05,2.09338,0.48438,4032
21,6,gender,shuffled,0.01,0.0001,0.96048,0.50794,4032
21,6,star_sign,ema_lr1e-3,0.001,0.0001,3.18688,0.09573,4032
21,6,star_sign,ema_lr5e-3,0.005,0.0001,3.19108,0.10838,4032
21,6,star_sign,ema_lr1e-2,0.01,0.0001,3.07588,0.09325,4032
21,6,star_sign,ema_lr5e-2,0.05,0.0001,2.15895,0.28844,4032
21,6,star_sign,ema_lr1e-2_wd1e-3,0.01,0.001,2.93506,0.12822,4032
21,6,star_sign,ema_d0.99,0.01,0.0001,2.91852,0.1064,4032
21,6,star_sign,ema_d0.9999,0.01,0.0001,3.06249,0.09102,4032
21,6,star_sign,mlp_h16,0.001,0.0,2.26993,0.32614,4032
21,6,star_sign,mlp_h32,0.001,0.0,1.93561,0.78323,4032
21,6,star_sign,mlp_h64,0.001,0.0,1.41974,0.9995,4032
21,6,star_sign,mlp_h128,0.001,0.0,0.62129,1.0,4032
21,6,star_sign,attention,0.0001,1e-05,0.98428,0.71875,4032
21,6,star_sign,shuffled,0.01,0.0001,3.15336,0.0811,4032
22,0,age_bin,ema_lr1e-3,0.001,0.0001,1.63451,0.27135,3829
22,0,age_bin,ema_lr5e-3,0.005,0.0001,1.45017,0.3309,3829
22,0,age_bin,ema_lr1e-2,0.01,0.0001,1.3568,0.35074,3829
22,0,age_bin,ema_lr5e-2,0.05,0.0001,0.75687,0.73544,3829
22,0,age_bin,ema_lr1e-2_wd1e-3,0.01,0.001,1.33644,0.36694,3829
22,0,age_bin,ema_d0.99,0.01,0.0001,1.43377,0.38235,3829
22,0,age_bin,ema_d0.9999,0.01,0.0001,1.37888,0.41839,3829
22,0,age_bin,mlp_h16,0.001,0.0,0.81467,0.95377,3829
22,0,age_bin,mlp_h32,0.001,0.0,0.60408,0.99922,3829
22,0,age_bin,mlp_h64,0.001,0.0,0.40161,1.0,3829
22,0,age_bin,mlp_h128,0.001,0.0,0.08627,1.0,3829
22,0,age_bin,attention,0.0001,1e-05,1.04902,1.0,3829
22,0,age_bin,shuffled,0.01,0.0001,1.41044,0.44868,3829
22,0,gender,ema_lr1e-3,0.001,0.0001,1.07785,0.50379,3829
22,0,gender,ema_lr5e-3,0.005,0.0001,1.04654,0.49882,3829
22,0,gender,ema_lr1e-2,0.01,0.0001,0.96661,0.49595,3829
22,0,gender,ema_lr5e-2,0.05,0.0001,0.83737,0.50144,3829
22,0,gender,ema_lr1e-2_wd1e-3,0.01,0.001,0.99041,0.49282,3829
22,0,gender,ema_d0.99,0.01,0.0001,0.97658,0.49621,3829
22,0,gender,ema_d0.9999,0.01,0.0001,1.00319,0.49543,3829
22,0,gender,mlp_h16,0.001,0.0,0.69134,0.52703,3829
22,0,gender,mlp_h32,0.001,0.0,0.69128,0.53147,3829
22,0,gender,mlp_h64,0.001,0.0,0.69266,0.52834,3829
22,0,gender,mlp_h128,0.001,0.0,0.6915,0.53382,3829
22,0,gender,attention,0.0001,1e-05,0.69232,0.53906,3829
22,0,gender,shuffled,0.01,0.0001,0.98364,0.48812,3829
22,0,star_sign,ema_lr1e-3,0.001,0.0001,3.34462,0.06895,3829
22,0,star_sign,ema_lr5e-3,0.005,0.0001,3.06629,0.09533,3829
22,0,star_sign,ema_lr1e-2,0.01,0.0001,2.99522,0.17341,3829
22,0,star_sign,ema_lr5e-2,0.05,0.0001,2.09256,0.43144,3829
22,0,star_sign,ema_lr1e-2_wd1e-3,0.01,0.001,3.0277,0.13633,3829
22,0,star_sign,ema_d0.99,0.01,0.0001,3.00469,0.08618,3829
22,0,star_sign,ema_d0.9999,0.01,0.0001,2.98863,0.08227,3829
22,0,star_sign,mlp_h16,0.001,0.0,2.09233,0.31575,3829
22,0,star_sign,mlp_h32,0.001,0.0,1.34099,0.99739,3829
22,0,star_sign,mlp_h64,0.001,0.0,1.55306,0.95952,3829
22,0,star_sign,mlp_h128,0.001,0.0,0.50345,1.0,3829
22,0,star_sign,attention,0.0001,1e-05,2.44318,1.0,3829
22,0,star_sign,shuffled,0.01,0.0001,3.00783,0.08357,3829
22,4,age_bin,ema_lr1e-3,0.001,0.0001,1.45247,0.32881,3829
22,4,age_bin,ema_lr5e-3,0.005,0.0001,1.33465,0.34369,3829
22,4,age_bin,ema_lr1e-2,0.01,0.0001,1.24742,0.37791,3829
22,4,age_bin,ema_lr5e-2,0.05,0.0001,0.74849,0.69992,3829
22,4,age_bin,ema_lr1e-2_wd1e-3,0.01,0.001,1.35725,0.39018,3829
22,4,age_bin,ema_d0.99,0.01,0.0001,1.28993,0.40141,3829
22,4,age_bin,ema_d0.9999,0.01,0.0001,1.31913,0.3894,3829
22,4,age_bin,mlp_h16,0.001,0.0,0.65105,0.99739,3829
22,4,age_bin,mlp_h32,0.001,0.0,0.48804,0.99974,3829
22,4,age_bin,mlp_h64,0.001,0.0,0.26157,1.0,3829
22,4,age_bin,mlp_h128,0.001,0.0,0.09562,1.0,3829
22,4,age_bin,attention,0.0001,1e-05,0.11009,1.0,3829
22,4,age_bin,shuffled,0.01,0.0001,1.31,0.37477,3829
22,4,gender,ema_lr1e-3,0.001,0.0001,1.0894,0.48315,3829
22,4,gender,ema_lr5e-3,0.005,0.0001,0.96685,0.51058,3829
22,4,gender,ema_lr1e-2,0.01,0.0001,0.96638,0.4842,3829
22,4,gender,ema_lr5e-2,0.05,0.0001,0.78494,0.50509,3829
22,4,gender,ema_lr1e-2_wd1e-3,0.01,0.001,0.88695,0.5192,3829
22,4,gender,ema_d0.99,0.01,0.0001,0.87607,0.51815,3829
22,4,gender,ema_d0.9999,0.01,0.0001,0.90138,0.48498,3829
22,4,gender,mlp_h16,0.001,0.0,0.68944,0.54035,3829
22,4,gender,mlp_h32,0.001,0.0,0.69062,0.52808,3829
22,4,gender,mlp_h64,0.001,0.0,0.6887,0.54166,3829
22,4,gender,mlp_h128,0.001,0.0,0.68657,0.54348,3829
22,4,gender,attention,0.0001,1e-05,0.6999,0.52344,3829
22,4,gender,shuffled,0.01,0.0001,0.90412,0.49804,3829
22,4,star_sign,ema_lr1e-3,0.001,0.0001,3.12436,0.08044,3829
22,4,star_sign,ema_lr5e-3,0.005,0.0001,3.1029,0.10864,3829
22,4,star_sign,ema_lr1e-2,0.01,0.0001,2.78239,0.13685,3829
22,4,star_sign,ema_lr5e-2,0.05,0.0001,1.98912,0.34134,3829
22,4,star_sign,ema_lr1e-2_wd1e-3,0.01,0.001,2.82408,0.15539,3829
22,4,star_sign,ema_d0.99,0.01,0.0001,2.85585,0.09454,3829
22,4,star_sign,ema_d0.9999,0.01,0.0001,2.87123,0.07025,3829
22,4,star_sign,mlp_h16,0.001,0.0,2.05943,0.36432,3829
22,4,star_sign,mlp_h32,0.001,0.0,1.41046,0.99373,3829
22,4,star_sign,mlp_h64,0.001,0.0,0.8582,1.0,3829
22,4,star_sign,mlp_h128,0.001,0.0,0.3333,1.0,3829
22,4,star_sign,attention,0.0001,1e-05,2.12816,0.96875,3829
22,4,star_sign,shuffled,0.01,0.0001,2.90868,0.152,3829
22,6,age_bin,ema_lr1e-3,0.001,0.0001,1.58285,0.34709,3829
22,6,age_bin,ema_lr5e-3,0.005,0.0001,1.57472,0.33116,3829
22,6,age_bin,ema_lr1e-2,0.01,0.0001,1.36558,0.37947,3829
22,6,age_bin,ema_lr5e-2,0.05,0.0001,0.75885,0.67955,3829
22,6,age_bin,ema_lr1e-2_wd1e-3,0.01,0.001,1.37225,0.38182,3829
22,6,age_bin,ema_d0.99,0.01,0.0001,1.41226,0.37268,3829
22,6,age_bin,ema_d0.9999,0.01,0.0001,1.33288,0.37608,3829
22,6,age_bin,mlp_h16,0.001,0.0,0.50223,0.99974,3829
22,6,age_bin,mlp_h32,0.001,0.0,0.46649,0.99843,3829
22,6,age_bin,mlp_h64,0.001,0.0,0.31972,1.0,3829
22,6,age_bin,mlp_h128,0.001,0.0,0.14797,1.0,3829
22,6,age_bin,attention,0.0001,1e-05,0.06216,0.97656,3829
22,6,age_bin,shuffled,0.01,0.0001,1.31714,0.39122,3829
22,6,gender,ema_lr1e-3,0.001,0.0001,1.09201,0.49386,3829
22,6,gender,ema_lr5e-3,0.005,0.0001,0.93427,0.51815,3829
22,6,gender,ema_lr1e-2,0.01,0.0001,0.95321,0.50849,3829
22,6,gender,ema_lr5e-2,0.05,0.0001,0.78085,0.52572,3829
22,6,gender,ema_lr1e-2_wd1e-3,0.01,0.001,0.93567,0.51032,3829
22,6,gender,ema_d0.99,0.01,0.0001,0.92843,0.52677,3829
22,6,gender,ema_d0.9999,0.01,0.0001,0.9903,0.50718,3829
22,6,gender,mlp_h16,0.001,0.0,0.68919,0.52886,3829
22,6,gender,mlp_h32,0.001,0.0,0.68786,0.53983,3829
22,6,gender,mlp_h64,0.001,0.0,0.68557,0.54531,3829
22,6,gender,mlp_h128,0.001,0.0,0.6863,0.54714,3829
22,6,gender,attention,0.0001,1e-05,1.84703,0.51562,3829
22,6,gender,shuffled,0.01,0.0001,0.91667,0.50405,3829
22,6,star_sign,ema_lr1e-3,0.001,0.0001,3.19405,0.09611,3829
22,6,star_sign,ema_lr5e-3,0.005,0.0001,2.93511,0.12223,3829
22,6,star_sign,ema_lr1e-2,0.01,0.0001,3.05512,0.07966,3829
22,6,star_sign,ema_lr5e-2,0.05,0.0001,2.17997,0.2865,3829
22,6,star_sign,ema_lr1e-2_wd1e-3,0.01,0.001,2.95332,0.12745,3829
22,6,star_sign,ema_d0.99,0.01,0.0001,3.03826,0.07652,3829
22,6,star_sign,ema_d0.9999,0.01,0.0001,3.00825,0.08645,3829
22,6,star_sign,mlp_h16,0.001,0.0,2.24329,0.35571,3829
22,6,star_sign,mlp_h32,0.001,0.0,1.90221,0.82397,3829
22,6,star_sign,mlp_h64,0.001,0.0,1.38328,0.99896,3829
22,6,star_sign,mlp_h128,0.001,0.0,0.56717,1.0,3829
22,6,star_sign,attention,0.0001,1e-05,0.47927,0.84375,3829
22,6,star_sign,shuffled,0.01,0.0001,3.06778,0.0948,3829
23,0,age_bin,ema_lr1e-3,0.001,0.0001,1.59233,0.28427,3764
23,0,age_bin,ema_lr5e-3,0.005,0.0001,1.45677,0.32917,3764
23,0,age_bin,ema_lr1e-2,0.01,0.0001,1.33011,0.36637,3764
23,0,age_bin,ema_lr5e-2,0.05,0.0001,0.73397,0.78374,3764
23,0,age_bin,ema_lr1e-2_wd1e-3,0.01,0.001,1.3405,0.34325,3764
23,0,age_bin,ema_d0.99,0.01,0.0001,1.41507,0.38443,3764
23,0,age_bin,ema_d0.9999,0.01,0.0001,1.3736,0.42109,3764
23,0,age_bin,mlp_h16,0.001,0.0,0.8015,0.96413,3764
23,0,age_bin,mlp_h32,0.001,0.0,0.58275,0.99894,3764
23,0,age_bin,mlp_h64,0.001,0.0,0.37552,1.0,3764
23,0,age_bin,mlp_h128,0.001,0.0,0.07669,1.0,3764
23,0,age_bin,attention,0.0001,1e-05,1.04643,1.0,3764
23,0,age_bin,shuffled,0.01,0.0001,1.36613,0.46174,3764
23,0,gender,ema_lr1e-3,0.001,0.0001,1.07305,0.50452,3764
23,0,gender,ema_lr5e-3,0.005,0.0001,1.03743,0.50399,3764
23,0,gender,ema_lr1e-2,0.01,0.0001,0.94074,0.51408,3764
23,0,gender,ema_lr5e-2,0.05,0.0001,0.84772,0.48061,3764
23,0,gender,ema_lr1e-2_wd1e-3,0.01,0.001,0.95367,0.50452,3764
23,0,gender,ema_d0.99,0.01,0.0001,0.95623,0.49522,3764
23,0,gender,ema_d0.9999,0.01,0.0001,0.97838,0.51275,3764
23,0,gender,mlp_h16,0.001,0.0,0.70895,0.46918,3764
23,0,gender,mlp_h32,0.001,0.0,0.71543,0.45191,3764
23,0,gender,mlp_h64,0.001,0.0,0.71127,0.45962,3764
23,0,gender,mlp_h128,0.001,0.0,0.70944,0.45935,3764
23,0,gender,attention,0.0001,1e-05,0.69351,0.4375,3764
23,0,gender,shuffled,0.01,0.0001,0.98407,0.49655,3764
23,0,star_sign,ema_lr1e-3,0.001,0.0001,3.33895,0.06243,3764
23,0,star_sign,ema_lr5e-3,0.005,0.0001,3.08237,0.09511,3764
23,0,star_sign,ema_lr1e-2,0.01,0.0001,3.01651,0.2051,3764
23,0,star_sign,ema_lr5e-2,0.05,0.0001,2.0395,0.44872,3764
23,0,star_sign,ema_lr1e-2_wd1e-3,0.01,0.001,2.99601,0.13974,3764
23,0,star_sign,ema_d0.99,0.01,0.0001,3.0302,0.0805,3764
23,0,star_sign,ema_d0.9999,0.01,0.0001,2.98262,0.07253,3764
23,0,star_sign,mlp_h16,0.001,0.0,2.06359,0.38496,3764
23,0,star_sign,mlp_h32,0.001,0.0,1.29711,0.9992,3764
23,0,star_sign,mlp_h64,0.001,0.0,1.4929,0.97184,3764
23,0,star_sign,mlp_h128,0.001,0.0,0.45353,1.0,3764
23,0,star_sign,attention,0.0001,1e-05,2.44026,1.0,3764
23,0,star_sign,shuffled,0.01,0.0001,3.00719,0.07864,3764
23,4,age_bin,ema_lr1e-3,0.001,0.0001,1.42203,0.339,3764
23,4,age_bin,ema_lr5e-3,0.005,0.0001,1.41018,0.31854,3764
23,4,age_bin,ema_lr1e-2,0.01,0.0001,1.26368,0.37434,3764
23,4,age_bin,ema_lr5e-2,0.05,0.0001,0.70918,0.73804,3764
23,4,age_bin,ema_lr1e-2_wd1e-3,0.01,0.001,1.27796,0.41525,3764
23,4,age_bin,ema_d0.99,0.01,0.0001,1.23297,0.43039,3764
23,4,age_bin,ema_d0.9999,0.01,0.0001,1.27361,0.42349,3764
23,4,age_bin,mlp_h16,0.001,0.0,0.62977,0.9992,3764
23,4,age_bin,mlp_h32,0.001,0.0,0.45731,1.0,3764
23,4,age_bin,mlp_h64,0.001,0.0,0.23545,1.0,3764
23,4,age_bin,mlp_h128,0.001,0.0,0.08604,1.0,3764
23,4,age_bin,attention,0.0001,1e-05,0.08152,1.0,3764
23,4,age_bin,shuffled,0.01,0.0001,1.29483,0.38921,3764
23,4,gender,ema_lr1e-3,0.001,0.0001,1.03837,0.51169,3764
23,4,gender,ema_lr5e-3,0.005,0.0001,1.00435,0.49787,3764
23,4,gender,ema_lr1e-2,0.01,0.0001,0.93829,0.4907,3764
23,4,gender,ema_lr5e-2,0.05,0.0001,0.78076,0.51063,3764
23,4,gender,ema_lr1e-2_wd1e-3,0.01,0.001,0.90548,0.49655,3764
23,4,gender,ema_d0.99,0.01,0.0001,0.90439,0.49362,3764
23,4,gender,ema_d0.9999,0.01,0.0001,0.88433,0.49416,3764
23,4,gender,mlp_h16,0.001,0.0,0.70873,0.45723,3764
23,4,gender,mlp_h32,0.001,0.0,0.70964,0.46838,3764
23,4,gender,mlp_h64,0.001,0.0,0.7158,0.4466,3764
23,4,gender,mlp_h128,0.001,0.0,0.70823,0.46785,3764
23,4,gender,attention,0.0001,1e-05,0.70509,0.54688,3764
23,4,gender,shuffled,0.01,0.0001,0.88431,0.51913,3764
23,4,star_sign,ema_lr1e-3,0.001,0.0001,3.18094,0.07226,3764
23,4,star_sign,ema_lr5e-3,0.005,0.0001,3.07894,0.10893,3764
23,4,star_sign,ema_lr1e-2,0.01,0.0001,2.7505,0.14214,3764
23,4,star_sign,ema_lr5e-2,0.05,0.0001,1.9583,0.35813,3764
23,4,star_sign,ema_lr1e-2_wd1e-3,0.01,0.001,2.82763,0.14772,3764
23,4,star_sign,ema_d0.99,0.01,0.0001,2.85495,0.09538,3764
23,4,star_sign,ema_d0.9999,0.01,0.0001,2.85352,0.06243,3764
23,4,star_sign,mlp_h16,0.001,0.0,2.0332,0.39665,3764
23,4,star_sign,mlp_h32,0.001,0.0,1.36053,0.99814,3764
23,4,star_sign,mlp_h64,0.001,0.0,0.79574,1.0,3764
23,4,star_sign,mlp_h128,0.001,0.0,0.29546,1.0,3764
23,4,star_sign,attention,0.0001,1e-05,2.09981,0.99219,3764
23,4,star_sign,shuffled,0.01,0.0001,2.87076,0.15701,3764
23,6,age_bin,ema_lr1e-3,0.001,0.0001,1.63023,0.32147,3764
23,6,age_bin,ema_lr5e-3,0.005,0.0001,1.46413,0.37434,3764
23,6,age_bin,ema_lr1e-2,0.01,0.0001,1.39627,0.37912,3764
23,6,age_bin,ema_lr5e-2,0.05,0.0001,0.72624,0.70377,3764
23,6,age_bin,ema_lr1e-2_wd1e-3,0.01,0.001,1.45938,0.33289,3764
23,6,age_bin,ema_d0.99,0.01,0.0001,1.46114,0.35999,3764
23,6,age_bin,ema_d0.9999,0.01,0.0001,1.27402,0.41525,3764
23,6,age_bin,mlp_h16,0.001,0.0,0.4853,1.0,3764
23,6,age_bin,mlp_h32,0.001,0.0,0.43695,0.99894,3764
23,6,age_bin,mlp_h64,0.001,0.0,0.2995,1.0,3764
23,6,age_bin,mlp_h128,0.001,0.0,0.12607,1.0,3764
23,6,age_bin,attention,0.0001,1e-05,0.07339,0.98438,3764
23,6,age_bin,shuffled,0.01,0.0001,1.43993,0.36397,3764
23,6,gender,ema_lr1e-3,0.001,0.0001,1.00763,0.5271,3764
23,6,gender,ema_lr5e-3,0.005,0.0001,0.99784,0.48512,3764
23,6,gender,ema_lr1e-2,0.01,0.0001,0.97423,0.48326,3764
23,6,gender,ema_lr5e-2,0.05,0.0001,0.88943,0.46121,3764
23,6,gender,ema_lr1e-2_wd1e-3,0.01,0.001,0.95868,0.49708,3764
23,6,gender,ema_d0.99,0.01,0.0001,0.97285,0.49097,3764
23,6,gender,ema_d0.9999,0.01,0.0001,0.98436,0.50372,3764
23,6,gender,mlp_h16,0.001,0.0,0.70712,0.48751,3764
23,6,gender,mlp_h32,0.001,0.0,0.71747,0.45351,3764
23,6,gender,mlp_h64,0.001,0.0,0.72301,0.45377,3764
23,6,gender,mlp_h128,0.001,0.0,0.71427,0.4822,3764
23,6,gender,attention,0.0001,1e-05,2.02577,0.5,3764
23,6,gender,shuffled,0.01,0.0001,0.96568,0.49123,3764
23,6,star_sign,ema_lr1e-3,0.001,0.0001,3.17017,0.09219,3764
23,6,star_sign,ema_lr5e-3,0.005,0.0001,3.08841,0.10547,3764
23,6,star_sign,ema_lr1e-2,0.01,0.0001,3.0349,0.09511,3764
23,6,star_sign,ema_lr5e-2,0.05,0.0001,2.09688,0.32253,3764
23,6,star_sign,ema_lr1e-2_wd1e-3,0.01,0.001,3.00301,0.13417,3764
23,6,star_sign,ema_d0.99,0.01,0.0001,2.87302,0.11265,3764
23,6,star_sign,ema_d0.9999,0.01,0.0001,3.02431,0.08528,3764
23,6,star_sign,mlp_h16,0.001,0.0,2.19236,0.40648,3764
23,6,star_sign,mlp_h32,0.001,0.0,1.85281,0.85414,3764
23,6,star_sign,mlp_h64,0.001,0.0,1.27949,1.0,3764
23,6,star_sign,mlp_h128,0.001,0.0,0.47429,1.0,3764
23,6,star_sign,attention,0.0001,1e-05,0.53247,0.86719,3764
23,6,star_sign,shuffled,0.01,0.0001,3.0939,0.08369,3764
24,0,age_bin,ema_lr1e-3,0.001,0.0001,1.62895,0.27539,4056
24,0,age_bin,ema_lr5e-3,0.005,0.0001,1.43394,0.33506,4056
24,0,age_bin,ema_lr1e-2,0.01,0.0001,1.3405,0.35281,4056
24,0,age_bin,ema_lr5e-2,0.05,0.0001,0.72974,0.76208,4056
24,0,age_bin,ema_lr1e-2_wd1e-3,0.01,0.001,1.32173,0.34961,4056
24,0,age_bin,ema_d0.99,0.01,0.0001,1.39647,0.38609,4056
24,0,age_bin,ema_d0.9999,0.01,0.0001,1.35609,0.42579,4056
24,0,age_bin,mlp_h16,0.001,0.0,0.78328,0.97756,4056
24,0,age_bin,mlp_h32,0.001,0.0,0.56148,0.99975,4056
24,0,age_bin,mlp_h64,0.001,0.0,0.3516,1.0,4056
24,0,age_bin,mlp_h128,0.001,0.0,0.06756,1.0,4056
24,0,age_bin,attention,0.0001,1e-05,1.04533,1.0,4056
24,0,age_bin,shuffled,0.01,0.0001,1.31532,0.47461,4056
24,0,gender,ema_lr1e-3,0.001,0.0001,1.06839,0.4931,4056
24,0,gender,ema_lr5e-3,0.005,0.0001,1.04888,0.49803,4056
24,0,gender,ema_lr1e-2,0.01,0.0001,0.96008,0.48767,4056
24,0,gender,ema_lr5e-2,0.05,0.0001,0.82653,0.50814,4056
24,0,gender,ema_lr1e-2_wd1e-3,0.01,0.001,0.95037,0.49655,4056
24,0,gender,ema_d0.99,0.01,0.0001,0.96761,0.49877,4056
24,0,gender,ema_d0.9999,0.01,0.0001,0.96413,0.50321,4056
24,0,gender,mlp_h16,0.001,0.0,0.69574,0.51036,4056
24,0,gender,mlp_h32,0.001,0.0,0.69899,0.51603,4056
24,0,gender,mlp_h64,0.001,0.0,0.69599,0.51183,4056
24,0,gender,mlp_h128,0.001,0.0,0.69615,0.51183,4056
24,0,gender,attention,0.0001,1e-05,0.69301,0.47656,4056
24,0,gender,shuffled,0.01,0.0001,0.97294,0.49112,4056
24,0,star_sign,ema_lr1e-3,0.001,0.0001,3.35722,0.06336,4056
24,0,star_sign,ema_lr5e-3,0.005,0.0001,3.08991,0.09344,4056
24,0,star_sign,ema_lr1e-2,0.01,0.0001,2.96495,0.21844,4056
24,0,star_sign,ema_lr5e-2,0.05,0.0001,2.01759,0.45094,4056
24,0,star_sign,ema_lr1e-2_wd1e-3,0.01,0.001,2.95299,0.14571,4056
24,0,star_sign,ema_d0.99,0.01,0.0001,2.93441,0.0932,4056
24,0,star_sign,ema_d0.9999,0.01,0.0001,2.95621,0.0789,4056
24,0,star_sign,mlp_h16,0.001,0.0,2.03165,0.41716,4056
24,0,star_sign,mlp_h32,0.001,0.0,1.25865,0.99778,4056
24,0,star_sign,mlp_h64,0.001,0.0,1.43202,0.97756,4056
24,0,star_sign,mlp_h128,0.001,0.0,0.40275,1.0,4056
24,0,star_sign,attention,0.0001,1e-05,2.43862,1.0,4056
24,0,star_sign,shuffled,0.01,0.0001,2.97866,0.08999,4056
24,4,age_bin,ema_lr1e-3,0.001,0.0001,1.41479,0.34393,4056
24,4,age_bin,ema_lr5e-3,0.005,0.0001,1.36943,0.34246,4056
24,4,age_bin,ema_lr1e-2,0.01,0.0001,1.24198,0.39053,4056
24,4,age_bin,ema_lr5e-2,0.05,0.0001,0.71928,0.73496,4056
24,4,age_bin,ema_lr1e-2_wd1e-3,0.01,0.001,1.3208,0.41001,4056
24,4,age_bin,ema_d0.99,0.01,0.0001,1.18581,0.43886,4056
24,4,age_bin,ema_d0.9999,0.01,0.0001,1.34457,0.39004,4056
24,4,age_bin,mlp_h16,0.001,0.0,0.61792,0.99901,4056
24,4,age_bin,mlp_h32,0.001,0.0,0.44087,1.0,4056
24,4,age_bin,mlp_h64,0.001,0.0,0.21645,1.0,4056
24,4,age_bin,mlp_h128,0.001,0.0,0.07313,1.0,4056
24,4,age_bin,attention,0.0001,1e-05,0.0794,1.0,4056
24,4,age_bin,shuffled,0.01,0.0001,1.30463,0.37179,4056
24,4,gender,ema_lr1e-3,0.001,0.0001,1.0582,0.50049,4056
24,4,gender,ema_lr5e-3,0.005,0.0001,1.02052,0.49137,4056
24,4,gender,ema_lr1e-2,0.01,0.0001,0.91816,0.50616,4056
24,4,gender,ema_lr5e-2,0.05,0.0001,0.78673,0.4931,4056
24,4,gender,ema_lr1e-2_wd1e-3,0.01,0.001,0.87397,0.52096,4056
24,4,gender,ema_d0.99,0.01,0.0001,0.87784,0.50321,4056
24,4,gender,ema_d0.9999,0.01,0.0001,0.87392,0.4963,4056
24,4,gender,mlp_h16,0.001,0.0,0.69692,0.51159,4056
24,4,gender,mlp_h32,0.001,0.0,0.69504,0.50863,4056
24,4,gender,mlp_h64,0.001,0.0,0.69812,0.51282,4056
24,4,gender,mlp_h128,0.001,0.0,0.69626,0.51775,4056
24,4,gender,attention,0.0001,1e-05,0.71405,0.50781,4056
24,4,gender,shuffled,0.01,0.0001,0.87225,0.50715,4056
24,4,star_sign,ema_lr1e-3,0.001,0.0001,3.17382,0.07717,4056
24,4,star_sign,ema_lr5e-3,0.005,0.0001,3.04858,0.1001,4056
24,4,star_sign,ema_lr1e-2,0.01,0.0001,2.75385,0.14127,4056
24,4,star_sign,ema_lr5e-2,0.05,0.0001,1.86198,0.38955,4056
24,4,star_sign,ema_lr1e-2_wd1e-3,0.01,0.001,2.79147,0.14275,4056
24,4,star_sign,ema_d0.99,0.01,0.0001,2.79488,0.10232,4056
24,4,star_sign,ema_d0.9999,0.01,0.0001,2.81919,0.06953,4056
24,4,star_sign,mlp_h16,0.001,0.0,2.02302,0.43762,4056
24,4,star_sign,mlp_h32,0.001,0.0,1.31426,0.99704,4056
24,4,star_sign,mlp_h64,0.001,0.0,0.73304,1.0,4056
24,4,star_sign,mlp_h128,0.001,0.0,0.24478,1.0,4056
24,4,star_sign,attention,0.0001,1e-05,2.08799,0.99219,4056
24,4,star_sign,shuffled,0.01,0.0001,2.85281,0.15582,4056
24,6,age_bin,ema_lr1e-3,0.001,0.0001,1.53661,0.3533,4056
24,6,age_bin,ema_lr5e-3,0.005,0.0001,1.44476,0.38042,4056
24,6,age_bin,ema_lr1e-2,0.01,0.0001,1.34471,0.39892,4056
24,6,age_bin,ema_lr5e-2,0.05,0.0001,0.75577,0.69773,4056
24,6,age_bin,ema_lr1e-2_wd1e-3,0.01,0.001,1.35163,0.3856,4056
24,6,age_bin,ema_d0.99,0.01,0.0001,1.44966,0.35133,4056
24,6,age_bin,ema_d0.9999,0.01,0.0001,1.3575,0.37007,4056
24,6,age_bin,mlp_h16,0.001,0.0,0.46121,1.0,4056
24,6,age_bin,mlp_h32,0.001,0.0,0.41458,0.99852,4056
24,6,age_bin,mlp_h64,0.001,0.0,0.27171,1.0,4056
24,6,age_bin,mlp_h128,0.001,0.0,0.11298,1.0,4056
24,6,age_bin,attention,0.0001,1e-05,0.04902,0.97656,4056
24,6,age_bin,shuffled,0.01,0.0001,1.30266,0.40878,4056
24,6,gender,ema_lr1e-3,0.001,0.0001,1.18188,0.45143,4056
24,6,gender,ema_lr5e-3,0.005,0.0001,0.9548,0.51923,4056
24,6,gender,ema_lr1e-2,0.01,0.0001,0.92959,0.50518,4056
24,6,gender,ema_lr5e-2,0.05,0.0001,0.78561,0.5106,4056
24,6,gender,ema_lr1e-2_wd1e-3,0.01,0.001,0.90533,0.52392,4056
24,6,gender,ema_d0.99,0.01,0.0001,0.96537,0.50863,4056
24,6,gender,ema_d0.9999,0.01,0.0001,1.01385,0.48817,4056
24,6,gender,mlp_h16,0.001,0.0,0.69948,0.50814,4056
24,6,gender,mlp_h32,0.001,0.0,0.70127,0.50345,4056
24,6,gender,mlp_h64,0.001,0.0,0.69791,0.50616,4056
24,6,gender,mlp_h128,0.001,0.0,0.69739,0.52465,4056
24,6,gender,attention,0.0001,1e-05,1.76969,0.53906,4056
24,6,gender,shuffled,0.01,0.0001,0.93293,0.51036,4056
24,6,star_sign,ema_lr1e-3,0.001,0.0001,3.32062,0.09541,4056
24,6,star_sign,ema_lr5e-3,0.005,0.0001,3.16881,0.1033,4056
24,6,star_sign,ema_lr1e-2,0.01,0.0001,3.0857,0.08235,4056
24,6,star_sign,ema_lr5e-2,0.05,0.0001,1.99232,0.35084,4056
24,6,star_sign,ema_lr1e-2_wd1e-3,0.01,0.001,3.01457,0.1319,4056
24,6,star_sign,ema_d0.99,0.01,0.0001,2.98323,0.10035,4056
24,6,star_sign,ema_d0.9999,0.01,0.0001,3.01618,0.09147,4056
24,6,star_sign,mlp_h16,0.001,0.0,2.1774,0.42382,4056
24,6,star_sign,mlp_h32,0.001,0.0,1.81623,0.87278,4056
24,6,star_sign,mlp_h64,0.001,0.0,1.23094,0.99975,4056
24,6,star_sign,mlp_h128,0.001,0.0,0.41903,1.0,4056
24,6,star_sign,attention,0.0001,1e-05,0.6759,0.875,4056
24,6,star_sign,shuffled,0.01,0.0001,2.96768,0.11021,4056
25,0,age_bin,ema_lr1e-3,0.001,0.0001,1.62481,0.28578,4416
25,0,age_bin,ema_lr5e-3,0.005,0.0001,1.4432,0.34035,4416
25,0,age_bin,ema_lr1e-2,0.01,0.0001,1.31797,0.36051,4416
25,0,age_bin,ema_lr5e-2,0.05,0.0001,0.68863,0.7971,4416
25,0,age_bin,ema_lr1e-2_wd1e-3,0.01,0.001,1.30972,0.40602,4416
25,0,age_bin,ema_d0.99,0.01,0.0001,1.37337,0.3938,4416
25,0,age_bin,ema_d0.9999,0.01,0.0001,1.35649,0.42595,4416
25,0,age_bin,mlp_h16,0.001,0.0,0.76652,0.97577,4416
25,0,age_bin,mlp_h32,0.001,0.0,0.54609,0.99977,4416
25,0,age_bin,mlp_h64,0.001,0.0,0.33542,1.0,4416
25,0,age_bin,mlp_h128,0.001,0.0,0.06088,1.0,4416
25,0,age_bin,attention,0.0001,1e-05,1.04433,1.0,4416
25,0,age_bin,shuffled,0.01,0.0001,1.36294,0.46264,4416
25,0,gender,ema_lr1e-3,0.001,0.0001,1.05993,0.50272,4416
25,0,gender,ema_lr5e-3,0.005,0.0001,1.04263,0.50453,4416
25,0,gender,ema_lr1e-2,0.01,0.0001,0.95706,0.50068,4416
25,0,gender,ema_lr5e-2,0.05,0.0001,0.8388,0.49275,4416
25,0,gender,ema_lr1e-2_wd1e-3,0.01,0.001,0.94539,0.50543,4416
25,0,gender,ema_d0.99,0.01,0.0001,0.96975,0.49366,4416
25,0,gender,ema_d0.9999,0.01,0.0001,0.98119,0.50498,4416
25,0,gender,mlp_h16,0.001,0.0,0.70426,0.48528,4416
25,0,gender,mlp_h32,0.001,0.0,0.70664,0.47464,4416
25,0,gender,mlp_h64,0.001,0.0,0.70401,0.476,4416
25,0,gender,mlp_h128,0.001,0.0,0.70307,0.47985,4416
25,0,gender,attention,0.0001,1e-05,0.69374,0.45312,4416
25,0,gender,shuffled,0.01,0.0001,0.9765,0.4966,4416
25,0,star_sign,ema_lr1e-3,0.001,0.0001,3.38129,0.06318,4416
25,0,star_sign,ema_lr5e-3,0.005,0.0001,3.09924,0.08899,4416
25,0,star_sign,ema_lr1e-2,0.01,0.0001,2.94892,0.20992,4416
25,0,star_sign,ema_lr5e-2,0.05,0.0001,1.98036,0.44429,4416
25,0,star_sign,ema_lr1e-2_wd1e-3,0.01,0.001,2.98812,0.14515,4416
25,0,star_sign,ema_d0.99,0.01,0.0001,2.98638,0.08832,4416
25,0,star_sign,ema_d0.9999,0.01,0.0001,2.98061,0.07269,4416
25,0,star_sign,mlp_h16,0.001,0.0,2.00698,0.4452,4416
25,0,star_sign,mlp_h32,0.001,0.0,1.21842,0.99932,4416
25,0,star_sign,mlp_h64,0.001,0.0,1.39055,0.98596,4416
25,0,star_sign,mlp_h128,0.001,0.0,0.36107,1.0,4416
25,0,star_sign,attention,0.0001,1e-05,2.4369,1.0,4416
25,0,star_sign,shuffled,0.01,0.0001,2.94616,0.08696,4416
25,4,age_bin,ema_lr1e-3,0.001,0.0001,1.41073,0.34601,4416
25,4,age_bin,ema_lr5e-3,0.005,0.0001,1.3663,0.34375,4416
25,4,age_bin,ema_lr1e-2,0.01,0.0001,1.26376,0.37183,4416
25,4,age_bin,ema_lr5e-2,0.05,0.0001,0.68865,0.7577,4416
25,4,age_bin,ema_lr1e-2_wd1e-3,0.01,0.001,1.32373,0.39629,4416
25,4,age_bin,ema_d0.99,0.01,0.0001,1.26697,0.40897,4416
25,4,age_bin,ema_d0.9999,0.01,0.0001,1.3281,0.37409,4416
25,4,age_bin,mlp_h16,0.001,0.0,0.60028,0.99932,4416
25,4,age_bin,mlp_h32,0.001,0.0,0.41502,1.0,4416
25,4,age_bin,mlp_h64,0.001,0.0,0.19671,1.0,4416
25,4,age_bin,mlp_h128,0.001,0.0,0.06576,1.0,4416
25,4,age_bin,attention,0.0001,1e-05,0.06608,1.0,4416
25,4,age_bin,shuffled,0.01,0.0001,1.26428,0.39493,4416
25,4,gender,ema_lr1e-3,0.001,0.0001,1.04757,0.49321,4416
25,4,gender,ema_lr5e-3,0.005,0.0001,1.01259,0.48868,4416
25,4,gender,ema_lr1e-2,0.01,0.0001,0.90451,0.50091,4416
25,4,gender,ema_lr5e-2,0.05,0.0001,0.77543,0.51268,4416
25,4,gender,ema_lr1e-2_wd1e-3,0.01,0.001,0.92243,0.48664,4416
25,4,gender,ema_d0.99,0.01,0.0001,0.90308,0.50385,4416
25,4,gender,ema_d0.9999,0.01,0.0001,0.88423,0.48619,4416
25,4,gender,mlp_h16,0.001,0.0,0.7066,0.47056,4416
25,4,gender,mlp_h32,0.001,0.0,0.70908,0.4649,4416
25,4,gender,mlp_h64,0.001,0.0,0.711,0.47486,4416
25,4,gender,mlp_h128,0.001,0.0,0.70721,0.47622,4416
25,4,gender,attention,0.0001,1e-05,0.69623,0.54688,4416
25,4,gender,shuffled,0.01,0.0001,0.90356,0.49615,4416
25,4,star_sign,ema_lr1e-3,0.001,0.0001,3.1579,0.07382,4416
25,4,star_sign,ema_lr5e-3,0.005,0.0001,2.97476,0.10915,4416
25,4,star_sign,ema_lr1e-2,0.01,0.0001,2.75858,0.14198,4416
25,4,star_sign,ema_lr5e-2,0.05,0.0001,1.84912,0.40942,4416
25,4,star_sign,ema_lr1e-2_wd1e-3,0.01,0.001,2.7626,0.15014,4416
25,4,star_sign,ema_d0.99,0.01,0.0001,2.80651,0.10326,4416
25,4,star_sign,ema_d0.9999,0.01,0.0001,2.79552,0.08084,4416
25,4,star_sign,mlp_h16,0.001,0.0,2.01179,0.43659,4416
25,4,star_sign,mlp_h32,0.001,0.0,1.26693,0.99706,4416
25,4,star_sign,mlp_h64,0.001,0.0,0.68117,1.0,4416
25,4,star_sign,mlp_h128,0.001,0.0,0.21643,1.0,4416
25,4,star_sign,attention,0.0001,1e-05,2.06963,1.0,4416
25,4,star_sign,shuffled,0.01,0.0001,2.82587,0.14878,4416
25,6,age_bin,ema_lr1e-3,0.001,0.0001,1.62647,0.32473,4416
25,6,age_bin,ema_lr5e-3,0.005,0.0001,1.52966,0.37047,4416
25,6,age_bin,ema_lr1e-2,0.01,0.0001,1.3436,0.39312,4416
25,6,age_bin,ema_lr5e-2,0.05,0.0001,0.75378,0.68048,4416
25,6,age_bin,ema_lr1e-2_wd1e-3,0.01,0.001,1.33803,0.3904,4416
25,6,age_bin,ema_d0.99,0.01,0.0001,1.39663,0.36685,4416
25,6,age_bin,ema_d0.9999,0.01,0.0001,1.33365,0.39674,4416
25,6,age_bin,mlp_h16,0.001,0.0,0.4478,1.0,4416
25,6,age_bin,mlp_h32,0.001,0.0,0.40079,0.99955,4416
25,6,age_bin,mlp_h64,0.001,0.0,0.26189,1.0,4416
25,6,age_bin,mlp_h128,0.001,0.0,0.10578,1.0,4416
25,6,age_bin,attention,0.0001,1e-05,0.14845,0.96094,4416
25,6,age_bin,shuffled,0.01,0.0001,1.3768,0.37319,4416
25,6,gender,ema_lr1e-3,0.001,0.0001,1.17427,0.46535,4416
25,6,gender,ema_lr5e-3,0.005,0.0001,1.01297,0.47622,4416
25,6,gender,ema_lr1e-2,0.01,0.0001,0.88083,0.53125,4416
25,6,gender,ema_lr5e-2,0.05,0.0001,0.80961,0.49977,4416
25,6,gender,ema_lr1e-2_wd1e-3,0.01,0.001,0.91269,0.53487,4416
25,6,gender,ema_d0.99,0.01,0.0001,0.97938,0.49683,4416
25,6,gender,ema_d0.9999,0.01,0.0001,1.07703,0.47396,4416
25,6,gender,mlp_h16,0.001,0.0,0.7172,0.45652,4416
25,6,gender,mlp_h32,0.001,0.0,0.71845,0.45245,4416
25,6,gender,mlp_h64,0.001,0.0,0.72247,0.44701,4416
25,6,gender,mlp_h128,0.001,0.0,0.725,0.44271,4416
25,6,gender,attention,0.0001,1e-05,1.88277,0.46875,4416
25,6,gender,shuffled,0.01,0.0001,0.98675,0.48483,4416
25,6,star_sign,ema_lr1e-3,0.001,0.0001,3.32422,0.08809,4416
25,6,star_sign,ema_lr5e-3,0.005,0.0001,3.1771,0.10394,4416
25,6,star_sign,ema_lr1e-2,0.01,0.0001,2.96359,0.10439,4416
25,6,star_sign,ema_lr5e-2,0.05,0.0001,1.95711,0.3707,4416
25,6,star_sign,ema_lr1e-2_wd1e-3,0.01,0.001,2.99823,0.12274,4416
25,6,star_sign,ema_d0.99,0.01,0.0001,2.92522,0.09964,4416
25,6,star_sign,ema_d0.9999,0.01,0.0001,3.02888,0.08696,4416
25,6,star_sign,mlp_h16,0.001,0.0,2.13788,0.47849,4416
25,6,star_sign,mlp_h32,0.001,0.0,1.78195,0.89991,4416
25,6,star_sign,mlp_h64,0.001,0.0,1.18211,0.99977,4416
25,6,star_sign,mlp_h128,0.001,0.0,0.37946,1.0,4416
25,6,star_sign,attention,0.0001,1e-05,0.65463,0.85156,4416
25,6,star_sign,shuffled,0.01,0.0001,2.92966,0.11639,4416
26,0,age_bin,ema_lr1e-3,0.001,0.0001,1.60238,0.28189,4257
26,0,age_bin,ema_lr5e-3,0.005,0.0001,1.44922,0.33615,4257
26,0,age_bin,ema_lr1e-2,0.01,0.0001,1.30812,0.35706,4257
26,0,age_bin,ema_lr5e-2,0.05,0.0001,0.67622,0.81301,4257
26,0,age_bin,ema_lr1e-2_wd1e-3,0.01,0.001,1.28106,0.41907,4257
26,0,age_bin,ema_d0.99,0.01,0.0001,1.36308,0.39911,4257
26,0,age_bin,ema_d0.9999,0.01,0.0001,1.3332,0.43012,4257
26,0,age_bin,mlp_h16,0.001,0.0,0.76118,0.97299,4257
26,0,age_bin,mlp_h32,0.001,0.0,0.53014,0.99977,4257
26,0,age_bin,mlp_h64,0.001,0.0,0.31663,1.0,4257
26,0,age_bin,mlp_h128,0.001,0.0,0.0561,1.0,4257
26,0,age_bin,attention,0.0001,1e-05,1.04356,1.0,4257
26,0,age_bin,shuffled,0.01,0.0001,1.36664,0.4623,4257
26,0,gender,ema_lr1e-3,0.001,0.0001,1.08571,0.49965,4257
26,0,gender,ema_lr5e-3,0.005,0.0001,1.04569,0.49237,4257
26,0,gender,ema_lr1e-2,0.01,0.0001,0.95182,0.49753,4257
26,0,gender,ema_lr5e-2,0.05,0.0001,0.78393,0.53113,4257
26,0,gender,ema_lr1e-2_wd1e-3,0.01,0.001,0.97584,0.4832,4257
26,0,gender,ema_d0.99,0.01,0.0001,0.97133,0.49354,4257
26,0,gender,ema_d0.9999,0.01,0.0001,0.98576,0.498,4257
26,0,gender,mlp_h16,0.001,0.0,0.6923,0.52807,4257
26,0,gender,mlp_h32,0.001,0.0,0.69152,0.53277,4257
26,0,gender,mlp_h64,0.001,0.0,0.69276,0.53089,4257
26,0,gender,mlp_h128,0.001,0.0,0.69212,0.52149,4257
26,0,gender,attention,0.0001,1e-05,0.69351,0.47656,4257
26,0,gender,shuffled,0.01,0.0001,0.9637,0.49377,4257
26,0,star_sign,ema_lr1e-3,0.001,0.0001,3.31588,0.07141,4257
26,0,star_sign,ema_lr5e-3,0.005,0.0001,3.10024,0.08903,4257
26,0,star_sign,ema_lr1e-2,0.01,0.0001,2.98423,0.20883,4257
26,0,star_sign,ema_lr5e-2,0.05,0.0001,1.93524,0.47005,4257
26,0,star_sign,ema_lr1e-2_wd1e-3,0.01,0.001,2.94902,0.14635,4257
26,0,star_sign,ema_d0.99,0.01,0.0001,2.9406,0.09279,4257
26,0,star_sign,ema_d0.9999,0.01,0.0001,2.95792,0.074,4257
26,0,star_sign,mlp_h16,0.001,0.0,1.97606,0.50904,4257
26,0,star_sign,mlp_h32,0.001,0.0,1.18332,1.0,4257
26,0,star_sign,mlp_h64,0.001,0.0,1.3402,0.98426,4257
26,0,star_sign,mlp_h128,0.001,0.0,0.32531,1.0,4257
26,0,star_sign,attention,0.0001,1e-05,2.43511,1.0,4257
26,0,star_sign,shuffled,0.01,0.0001,2.95827,0.09349,4257
26,4,age_bin,ema_lr1e-3,0.001,0.0001,1.43434,0.35236,4257
26,4,age_bin,ema_lr5e-3,0.005,0.0001,1.35771,0.35377,4257
26,4,age_bin,ema_lr1e-2,0.01,0.0001,1.22642,0.3923,4257
26,4,age_bin,ema_lr5e-2,0.05,0.0001,0.65738,0.77613,4257
26,4,age_bin,ema_lr1e-2_wd1e-3,0.01,0.001,1.32569,0.39136,4257
26,4,age_bin,ema_d0.99,0.01,0.0001,1.20699,0.42918,4257
26,4,age_bin,ema_d0.9999,0.01,0.0001,1.321,0.38008,4257
26,4,age_bin,mlp_h16,0.001,0.0,0.58103,0.99977,4257
26,4,age_bin,mlp_h32,0.001,0.0,0.39795,0.99977,4257
26,4,age_bin,mlp_h64,0.001,0.0,0.18406,1.0,4257
26,4,age_bin,mlp_h128,0.001,0.0,0.05869,1.0,4257
26,4,age_bin,attention,0.0001,1e-05,0.05013,1.0,4257
26,4,age_bin,shuffled,0.01,0.0001,1.25605,0.39112,4257
26,4,gender,ema_lr1e-3,0.001,0.0001,1.03672,0.50998,4257
26,4,gender,ema_lr5e-3,0.005,0.0001,0.9582,0.50975,4257
26,4,gender,ema_lr1e-2,0.01,0.0001,0.94353,0.48814,4257
26,4,gender,ema_lr5e-2,0.05,0.0001,0.77735,0.51092,4257
26,4,gender,ema_lr1e-2_wd1e-3,0.01,0.001,0.89002,0.50411,4257
26,4,gender,ema_d0.99,0.01,0.0001,0.899,0.48955,4257
26,4,gender,ema_d0.9999,0.01,0.0001,0.90469,0.48978,4257
26,4,gender,mlp_h16,0.001,0.0,0.69139,0.54405,4257
26,4,gender,mlp_h32,0.001,0.0,0.69107,0.53512,4257
26,4,gender,mlp_h64,0.001,0.0,0.69002,0.54358,4257
26,4,gender,mlp_h128,0.001,0.0,0.69247,0.52901,4257
26,4,gender,attention,0.0001,1e-05,0.68759,0.50781,4257
26,4,gender,shuffled,0.01,0.0001,0.9134,0.49918,4257
26,4,star_sign,ema_lr1e-3,0.001,0.0001,3.11893,0.07681,4257
26,4,star_sign,ema_lr5e-3,0.005,0.0001,3.06969,0.11111,4257
26,4,star_sign,ema_lr1e-2,0.01,0.0001,2.74953,0.14682,4257
26,4,star_sign,ema_lr5e-2,0.05,0.0001,1.76489,0.44797,4257
26,4,star_sign,ema_lr1e-2_wd1e-3,0.01,0.001,2.75202,0.15292,4257
26,4,star_sign,ema_d0.99,0.01,0.0001,2.79777,0.10148,4257
26,4,star_sign,ema_d0.9999,0.01,0.0001,2.78245,0.08551,4257
26,4,star_sign,mlp_h16,0.001,0.0,1.97738,0.50012,4257
26,4,star_sign,mlp_h32,0.001,0.0,1.22174,0.99883,4257
26,4,star_sign,mlp_h64,0.001,0.0,0.63426,1.0,4257
26,4,star_sign,mlp_h128,0.001,0.0,0.18716,1.0,4257
26,4,star_sign,attention,0.0001,1e-05,2.05522,1.0,4257
26,4,star_sign,shuffled,0.01,0.0001,2.8799,0.14893,4257
26,6,age_bin,ema_lr1e-3,0.001,0.0001,1.70012,0.30115,4257
26,6,age_bin,ema_lr5e-3,0.005,0.0001,1.49662,0.3728,4257
26,6,age_bin,ema_lr1e-2,0.01,0.0001,1.3208,0.41367,4257
26,6,age_bin,ema_lr5e-2,0.05,0.0001,0.73075,0.70918,4257
26,6,age_bin,ema_lr1e-2_wd1e-3,0.01,0.001,1.38254,0.38008,4257
26,6,age_bin,ema_d0.99,0.01,0.0001,1.40499,0.3836,4257
26,6,age_bin,ema_d0.9999,0.01,0.0001,1.33214,0.39558,4257
26,6,age_bin,mlp_h16,0.001,0.0,0.42566,0.99977,4257
26,6,age_bin,mlp_h32,0.001,0.0,0.38448,0.99977,4257
26,6,age_bin,mlp_h64,0.001,0.0,0.24021,1.0,4257
26,6,age_bin,mlp_h128,0.001,0.0,0.09433,1.0,4257
26,6,age_bin,attention,0.0001,1e-05,0.17883,0.96875,4257
26,6,age_bin,shuffled,0.01,0.0001,1.2745,0.40451,4257
26,6,gender,ema_lr1e-3,0.001,0.0001,1.0751,0.49518,4257
26,6,gender,ema_lr5e-3,0.005,0.0001,0.95534,0.50623,4257
26,6,gender,ema_lr1e-2,0.01,0.0001,0.92006,0.51515,4257
26,6,gender,ema_lr5e-2,0.05,0.0001,0.78629,0.51163,4257
26,6,gender,ema_lr1e-2_wd1e-3,0.01,0.001,0.9481,0.50834,4257
26,6,gender,ema_d0.99,0.01,0.0001,0.96335,0.49753,4257
26,6,gender,ema_d0.9999,0.01,0.0001,1.03057,0.47968,4257
26,6,gender,mlp_h16,0.001,0.0,0.69399,0.52925,4257
26,6,gender,mlp_h32,0.001,0.0,0.70074,0.50716,4257
26,6,gender,mlp_h64,0.001,0.0,0.69129,0.52572,4257
26,6,gender,mlp_h128,0.001,0.0,0.70019,0.51257,4257
26,6,gender,attention,0.0001,1e-05,1.71585,0.49219,4257
26,6,gender,shuffled,0.01,0.0001,0.92617,0.51233,4257
26,6,star_sign,ema_lr1e-3,0.001,0.0001,3.34225,0.08527,4257
26,6,star_sign,ema_lr5e-3,0.005,0.0001,3.01263,0.1198,4257
26,6,star_sign,ema_lr1e-2,0.01,0.0001,3.00409,0.10007,4257
26,6,star_sign,ema_lr5e-2,0.05,0.0001,1.92849,0.38055,4257
26,6,star_sign,ema_lr1e-2_wd1e-3,0.01,0.001,2.92239,0.14376,4257
26,6,star_sign,ema_d0.99,0.01,0.0001,2.89439,0.11041,4257
26,6,star_sign,ema_d0.9999,0.01,0.0001,2.91578,0.09796,4257
26,6,star_sign,mlp_h16,0.001,0.0,2.12835,0.49471,4257
26,6,star_sign,mlp_h32,0.001,0.0,1.73,0.92295,4257
26,6,star_sign,mlp_h64,0.001,0.0,1.11951,1.0,4257
26,6,star_sign,mlp_h128,0.001,0.0,0.34672,1.0,4257
26,6,star_sign,attention,0.0001,1e-05,0.58094,0.85938,4257
26,6,star_sign,shuffled,0.01,0.0001,2.99548,0.09279,4257
27,0,age_bin,ema_lr1e-3,0.001,0.0001,1.58573,0.28972,4211
27,0,age_bin,ema_lr5e-3,0.005,0.0001,1.45098,0.34505,4211
27,0,age_bin,ema_lr1e-2,0.01,0.0001,1.34557,0.34386,4211
27,0,age_bin,ema_lr5e-2,0.05,0.0001,0.66083,0.81952,4211
27,0,age_bin,ema_lr1e-2_wd1e-3,0.01,0.001,1.31456,0.40537,4211
27,0,age_bin,ema_d0.99,0.01,0.0001,1.35003,0.38756,4211
27,0,age_bin,ema_d0.9999,0.01,0.0001,1.28451,0.4569,4211
27,0,age_bin,mlp_h16,0.001,0.0,0.74284,0.98124,4211
27,0,age_bin,mlp_h32,0.001,0.0,0.51763,1.0,4211
27,0,age_bin,mlp_h64,0.001,0.0,0.29562,1.0,4211
27,0,age_bin,mlp_h128,0.001,0.0,0.05052,1.0,4211
27,0,age_bin,attention,0.0001,1e-05,1.04194,1.0,4211
27,0,age_bin,shuffled,0.01,0.0001,1.34491,0.45381,4211
27,0,gender,ema_lr1e-3,0.001,0.0001,1.0926,0.48635,4211
27,0,gender,ema_lr5e-3,0.005,0.0001,1.00487,0.50131,4211
27,0,gender,ema_lr1e-2,0.01,0.0001,0.94047,0.50321,4211
27,0,gender,ema_lr5e-2,0.05,0.0001,0.82929,0.4873,4211
27,0,gender,ema_lr1e-2_wd1e-3,0.01,0.001,0.94639,0.49679,4211
27,0,gender,ema_d0.99,0.01,0.0001,0.94538,0.50249,4211
27,0,gender,ema_d0.9999,0.01,0.0001,1.02042,0.49109,4211
27,0,gender,mlp_h16,0.001,0.0,0.70166,0.49062,4211
27,0,gender,mlp_h32,0.001,0.0,0.69787,0.50226,4211
27,0,gender,mlp_h64,0.001,0.0,0.69558,0.50558,4211
27,0,gender,mlp_h128,0.001,0.0,0.69724,0.50439,4211
27,0,gender,attention,0.0001,1e-05,0.69353,0.50781,4211
27,0,gender,shuffled,0.01,0.0001,0.95843,0.49893,4211
27,0,star_sign,ema_lr1e-3,0.001,0.0001,3.29075,0.07765,4211
27,0,star_sign,ema_lr5e-3,0.005,0.0001,3.08726,0.09048,4211
27,0,star_sign,ema_lr1e-2,0.01,0.0001,2.9397,0.21966,4211
27,0,star_sign,ema_lr5e-2,0.05,0.0001,1.93807,0.47257,4211
27,0,star_sign,ema_lr1e-2_wd1e-3,0.01,0.001,2.94107,0.14581,4211
27,0,star_sign,ema_d0.99,0.01,0.0001,2.97022,0.08383,4211
27,0,star_sign,ema_d0.9999,0.01,0.0001,2.94756,0.10378,4211
27,0,star_sign,mlp_h16,0.001,0.0,1.95232,0.51294,4211
27,0,star_sign,mlp_h32,0.001,0.0,1.14871,0.99953,4211
27,0,star_sign,mlp_h64,0.001,0.0,1.28606,0.99264,4211
27,0,star_sign,mlp_h128,0.001,0.0,0.29204,1.0,4211
27,0,star_sign,attention,0.0001,1e-05,2.43357,1.0,4211
27,0,star_sign,shuffled,0.01,0.0001,2.93428,0.0957,4211
27,4,age_bin,ema_lr1e-3,0.001,0.0001,1.4462,0.33555,4211
27,4,age_bin,ema_lr5e-3,0.005,0.0001,1.37881,0.3384,4211
27,4,age_bin,ema_lr1e-2,0.01,0.0001,1.23869,0.37996,4211
27,4,age_bin,ema_lr5e-2,0.05,0.0001,0.66521,0.77393,4211
27,4,age_bin,ema_lr1e-2_wd1e-3,0.01,0.001,1.31746,0.40062,4211
27,4,age_bin,ema_d0.99,0.01,0.0001,1.20517,0.42531,4211
27,4,age_bin,ema_d0.9999,0.01,0.0001,1.25436,0.42389,4211
27,4,age_bin,mlp_h16,0.001,0.0,0.55767,0.99953,4211
27,4,age_bin,mlp_h32,0.001,0.0,0.37469,1.0,4211
27,4,age_bin,mlp_h64,0.001,0.0,0.16167,1.0,4211
27,4,age_bin,mlp_h128,0.001,0.0,0.05025,1.0,4211
27,4,age_bin,attention,0.0001,1e-05,0.03565,1.0,4211
27,4,age_bin,shuffled,0.01,0.0001,1.2471,0.40228,4211
27,4,gender,ema_lr1e-3,0.001,0.0001,1.0425,0.50202,4211
27,4,gender,ema_lr5e-3,0.005,0.0001,0.97795,0.50914,4211
27,4,gender,ema_lr1e-2,0.01,0.0001,0.92467,0.49584,4211
27,4,gender,ema_lr5e-2,0.05,0.0001,0.78171,0.49964,4211
27,4,gender,ema_lr1e-2_wd1e-3,0.01,0.001,0.92002,0.47803,4211
27,4,gender,ema_d0.99,0.01,0.0001,0.90655,0.49466,4211
27,4,gender,ema_d0.9999,0.01,0.0001,0.88271,0.48516,4211
27,4,gender,mlp_h16,0.001,0.0,0.69586,0.50677,4211
27,4,gender,mlp_h32,0.001,0.0,0.695,0.51935,4211
27,4,gender,mlp_h64,0.001,0.0,0.6966,0.50914,4211
27,4,gender,mlp_h128,0.001,0.0,0.69598,0.5127,4211
27,4,gender,attention,0.0001,1e-05,0.70563,0.45312,4211
27,4,gender,shuffled,0.01,0.0001,0.87685,0.50938,4211
27,4,star_sign,ema_lr1e-3,0.001,0.0001,3.06592,0.09214,4211
27,4,star_sign,ema_lr5e-3,0.005,0.0001,3.04099,0.10211,4211
27,4,star_sign,ema_lr1e-2,0.01,0.0001,2.75897,0.14201,4211
27,4,star_sign,ema_lr5e-2,0.05,0.0001,1.78261,0.43196,4211
27,4,star_sign,ema_lr1e-2_wd1e-3,0.01,0.001,2.75123,0.15246,4211
27,4,star_sign,ema_d0.99,0.01,0.0001,2.81578,0.0976,4211
27,4,star_sign,ema_d0.9999,0.01,0.0001,2.79061,0.08312,4211
27,4,star_sign,mlp_h16,0.001,0.0,1.95369,0.51935,4211
27,4,star_sign,mlp_h32,0.001,0.0,1.14734,0.99905,4211
27,4,star_sign,mlp_h64,0.001,0.0,0.56035,1.0,4211
27,4,star_sign,mlp_h128,0.001,0.0,0.15547,1.0,4211
27,4,star_sign,attention,0.0001,1e-05,2.03018,1.0,4211
27,4,star_sign,shuffled,0.01,0.0001,2.77141,0.16979,4211
27,6,age_bin,ema_lr1e-3,0.001,0.0001,1.54076,0.36191,4211
27,6,age_bin,ema_lr5e-3,0.005,0.0001,1.53034,0.35312,4211
27,6,age_bin,ema_lr1e-2,0.01,0.0001,1.28606,0.41178,4211
27,6,age_bin,ema_lr5e-2,0.05,0.0001,0.68623,0.7421,4211
27,6,age_bin,ema_lr1e-2_wd1e-3,0.01,0.001,1.38511,0.3745,4211
27,6,age_bin,ema_d0.99,0.01,0.0001,1.32834,0.41083,4211
27,6,age_bin,ema_d0.9999,0.01,0.0001,1.32298,0.39729,4211
27,6,age_bin,mlp_h16,0.001,0.0,0.4315,1.0,4211
27,6,age_bin,mlp_h32,0.001,0.0,0.36459,0.99976,4211
27,6,age_bin,mlp_h64,0.001,0.0,0.21888,1.0,4211
27,6,age_bin,mlp_h128,0.001,0.0,0.08355,1.0,4211
27,6,age_bin,attention,0.0001,1e-05,0.04677,0.97656,4211
27,6,age_bin,shuffled,0.01,0.0001,1.32805,0.39349,4211
27,6,gender,ema_lr1e-3,0.001,0.0001,0.98231,0.53859,4211
27,6,gender,ema_lr5e-3,0.005,0.0001,0.99235,0.49917,4211
27,6,gender,ema_lr1e-2,0.01,0.0001,0.95993,0.48468,4211
27,6,gender,ema_lr5e-2,0.05,0.0001,0.83294,0.47043,4211
27,6,gender,ema_lr1e-2_wd1e-3,0.01,0.001,0.98976,0.48611,4211
27,6,gender,ema_d0.99,0.01,0.0001,0.95808,0.50154,4211
27,6,gender,ema_d0.9999,0.01,0.0001,1.0229,0.49679,4211
27,6,gender,mlp_h16,0.001,0.0,0.69545,0.52078,4211
27,6,gender,mlp_h32,0.001,0.0,0.69693,0.5146,4211
27,6,gender,mlp_h64,0.001,0.0,0.69621,0.52007,4211
27,6,gender,mlp_h128,0.001,0.0,0.70115,0.51128,4211
27,6,gender,attention,0.0001,1e-05,1.74829,0.51562,4211
27,6,gender,shuffled,0.01,0.0001,0.93794,0.51081,4211
27,6,star_sign,ema_lr1e-3,0.001,0.0001,3.26172,0.09855,4211
27,6,star_sign,ema_lr5e-3,0.005,0.0001,3.26208,0.08644,4211
27,6,star_sign,ema_lr1e-2,0.01,0.0001,3.01132,0.09808,4211
27,6,star_sign,ema_lr5e-2,0.05,0.0001,1.89901,0.38304,4211
27,6,star_sign,ema_lr1e-2_wd1e-3,0.01,0.001,2.87687,0.13892,4211
27,6,star_sign,ema_d0.99,0.01,0.0001,2.92392,0.10924,4211
27,6,star_sign,ema_d0.9999,0.01,0.0001,3.02946,0.09523,4211
27,6,star_sign,mlp_h16,0.001,0.0,2.08785,0.54215,4211
27,6,star_sign,mlp_h32,0.001,0.0,1.68535,0.9252,4211
27,6,star_sign,mlp_h64,0.001,0.0,1.04026,1.0,4211
27,6,star_sign,mlp_h128,0.001,0.0,0.29708,1.0,4211
27,6,star_sign,attention,0.0001,1e-05,0.37791,0.89844,4211
27,6,star_sign,shuffled,0.01,0.0001,2.95874,0.09404,4211
28,0,age_bin,ema_lr1e-3,0.001,0.0001,1.58409,0.29397,4242
28,0,age_bin,ema_lr5e-3,0.005,0.0001,1.40659,0.34842,4242
28,0,age_bin,ema_lr1e-2,0.01,0.0001,1.27054,0.36752,4242
28,0,age_bin,ema_lr5e-2,0.05,0.0001,0.64524,0.82532,4242
28,0,age_bin,ema_lr1e-2_wd1e-3,0.01,0.001,1.3035,0.4149,4242
28,0,age_bin,ema_d0.99,0.01,0.0001,1.3525,0.39321,4242
28,0,age_bin,ema_d0.9999,0.01,0.0001,1.28279,0.46016,4242
28,0,age_bin,mlp_h16,0.001,0.0,0.72582,0.98727,4242
28,0,age_bin,mlp_h32,0.001,0.0,0.48737,1.0,4242
28,0,age_bin,mlp_h64,0.001,0.0,0.27218,1.0,4242
28,0,age_bin,mlp_h128,0.001,0.0,0.04465,1.0,4242
28,0,age_bin,attention,0.0001,1e-05,1.03874,1.0,4242
28,0,age_bin,shuffled,0.01,0.0001,1.28466,0.48208,4242
28,0,gender,ema_lr1e-3,0.001,0.0001,1.08412,0.49364,4242
28,0,gender,ema_lr5e-3,0.005,0.0001,1.02563,0.49293,4242
28,0,gender,ema_lr1e-2,0.01,0.0001,0.93183,0.49246,4242
28,0,gender,ema_lr5e-2,0.05,0.0001,0.83054,0.49387,4242
28,0,gender,ema_lr1e-2_wd1e-3,0.01,0.001,0.93052,0.49623,4242
28,0,gender,ema_d0.99,0.01,0.0001,0.89802,0.51886,4242
28,0,gender,ema_d0.9999,0.01,0.0001,0.98689,0.51414,4242
28,0,gender,mlp_h16,0.001,0.0,0.69528,0.51179,4242
28,0,gender,mlp_h32,0.001,0.0,0.69585,0.51933,4242
28,0,gender,mlp_h64,0.001,0.0,0.69398,0.51438,4242
28,0,gender,mlp_h128,0.001,0.0,0.69761,0.50684,4242
28,0,gender,attention,0.0001,1e-05,0.6934,0.50781,4242
28,0,gender,shuffled,0.01,0.0001,0.96615,0.49222,4242
28,0,star_sign,ema_lr1e-3,0.001,0.0001,3.33825,0.06624,4242
28,0,star_sign,ema_lr5e-3,0.005,0.0001,3.06791,0.09312,4242
28,0,star_sign,ema_lr1e-2,0.01,0.0001,2.93643,0.22348,4242
28,0,star_sign,ema_lr5e-2,0.05,0.0001,1.84618,0.50189,4242
28,0,star_sign,ema_lr1e-2_wd1e-3,0.01,0.001,2.92612,0.15064,4242
28,0,star_sign,ema_d0.99,0.01,0.0001,2.92173,0.09194,4242
28,0,star_sign,ema_d0.9999,0.01,0.0001,2.93283,0.10773,4242
28,0,star_sign,mlp_h16,0.001,0.0,1.90743,0.58157,4242
28,0,star_sign,mlp_h32,0.001,0.0,1.08559,0.99976,4242
28,0,star_sign,mlp_h64,0.001,0.0,1.21024,0.99434,4242
28,0,star_sign,mlp_h128,0.001,0.0,0.25451,1.0,4242
28,0,star_sign,attention,0.0001,1e-05,2.43005,1.0,4242
28,0,star_sign,shuffled,0.01,0.0001,2.92639,0.08887,4242
28,4,age_bin,ema_lr1e-3,0.001,0.0001,1.43758,0.33121,4242
28,4,age_bin,ema_lr5e-3,0.005,0.0001,1.37074,0.33781,4242
28,4,age_bin,ema_lr1e-2,0.01,0.0001,1.21898,0.39463,4242
28,4,age_bin,ema_lr5e-2,0.05,0.0001,0.62467,0.80104,4242
28,4,age_bin,ema_lr1e-2_wd1e-3,0.01,0.001,1.24113,0.43211,4242
28,4,age_bin,ema_d0.99,0.01,0.0001,1.20786,0.4248,4242
28,4,age_bin,ema_d0.9999,0.01,0.0001,1.26453,0.40146,4242
28,4,age_bin,mlp_h16,0.001,0.0,0.53881,1.0,4242
28,4,age_bin,mlp_h32,0.001,0.0,0.35671,1.0,4242
28,4,age_bin,mlp_h64,0.001,0.0,0.14586,1.0,4242
28,4,age_bin,mlp_h128,0.001,0.0,0.04497,1.0,4242
28,4,age_bin,attention,0.0001,1e-05,0.0313,1.0,4242
28,4,age_bin,shuffled,0.01,0.0001,1.23961,0.40193,4242
28,4,gender,ema_lr1e-3,0.001,0.0001,1.04018,0.50519,4242
28,4,gender,ema_lr5e-3,0.005,0.0001,1.03252,0.47619,4242
28,4,gender,ema_lr1e-2,0.01,0.0001,0.8442,0.53065,4242
28,4,gender,ema_lr5e-2,0.05,0.0001,0.77089,0.50802,4242
28,4,gender,ema_lr1e-2_wd1e-3,0.01,0.001,0.89643,0.49505,4242
28,4,gender,ema_d0.99,0.01,0.0001,0.89067,0.49128,4242
28,4,gender,ema_d0.9999,0.01,0.0001,0.85579,0.50401,4242
28,4,gender,mlp_h16,0.001,0.0,0.69503,0.51839,4242
28,4,gender,mlp_h32,0.001,0.0,0.69571,0.52216,4242
28,4,gender,mlp_h64,0.001,0.0,0.69658,0.51014,4242
28,4,gender,mlp_h128,0.001,0.0,0.69687,0.50566,4242
28,4,gender,attention,0.0001,1e-05,0.70302,0.45312,4242
28,4,gender,shuffled,0.01,0.0001,0.87943,0.49717,4242
28,4,star_sign,ema_lr1e-3,0.001,0.0001,3.14132,0.06483,4242
28,4,star_sign,ema_lr5e-3,0.005,0.0001,3.00533,0.1075,4242
28,4,star_sign,ema_lr1e-2,0.01,0.0001,2.74527,0.14734,4242
28,4,star_sign,ema_lr5e-2,0.05,0.0001,1.74486,0.46558,4242
28,4,star_sign,ema_lr1e-2_wd1e-3,0.01,0.001,2.7,0.16714,4242
28,4,star_sign,ema_d0.99,0.01,0.0001,2.79578,0.09925,4242
28,4,star_sign,ema_d0.9999,0.01,0.0001,2.75851,0.08628,4242
28,4,star_sign,mlp_h16,0.001,0.0,1.92372,0.56742,4242
28,4,star_sign,mlp_h32,0.001,0.0,1.10768,0.99976,4242
28,4,star_sign,mlp_h64,0.001,0.0,0.51479,1.0,4242
28,4,star_sign,mlp_h128,0.001,0.0,0.13517,1.0,4242
28,4,star_sign,attention,0.0001,1e-05,2.00763,1.0,4242
28,4,star_sign,shuffled,0.01,0.0001,2.76313,0.17751,4242
28,6,age_bin,ema_lr1e-3,0.001,0.0001,1.62991,0.32744,4242
28,6,age_bin,ema_lr5e-3,0.005,0.0001,1.46747,0.3852,4242
28,6,age_bin,ema_lr1e-2,0.01,0.0001,1.34135,0.40453,4242
28,6,age_bin,ema_lr5e-2,0.05,0.0001,0.66666,0.74705,4242
28,6,age_bin,ema_lr1e-2_wd1e-3,0.01,0.001,1.39339,0.37364,4242
28,6,age_bin,ema_d0.99,0.01,0.0001,1.40487,0.37034,4242
28,6,age_bin,ema_d0.9999,0.01,0.0001,1.24214,0.42881,4242
28,6,age_bin,mlp_h16,0.001,0.0,0.40288,1.0,4242
28,6,age_bin,mlp_h32,0.001,0.0,0.34278,1.0,4242
28,6,age_bin,mlp_h64,0.001,0.0,0.20449,1.0,4242
28,6,age_bin,mlp_h128,0.001,0.0,0.07352,1.0,4242
28,6,age_bin,attention,0.0001,1e-05,0.17061,0.96094,4242
28,6,age_bin,shuffled,0.01,0.0001,1.30853,0.40618,4242
28,6,gender,ema_lr1e-3,0.001,0.0001,1.07553,0.49764,4242
28,6,gender,ema_lr5e-3,0.005,0.0001,1.08313,0.4545,4242
28,6,gender,ema_lr1e-2,0.01,0.0001,0.96684,0.49128,4242
28,6,gender,ema_lr5e-2,0.05,0.0001,0.78543,0.51556,4242
28,6,gender,ema_lr1e-2_wd1e-3,0.01,0.001,0.91046,0.50919,4242
28,6,gender,ema_d0.99,0.01,0.0001,0.94633,0.50754,4242
28,6,gender,ema_d0.9999,0.01,0.0001,0.95969,0.51744,4242
28,6,gender,mlp_h16,0.001,0.0,0.69884,0.52169,4242
28,6,gender,mlp_h32,0.001,0.0,0.69395,0.53772,4242
28,6,gender,mlp_h64,0.001,0.0,0.68791,0.5587,4242
28,6,gender,mlp_h128,0.001,0.0,0.68991,0.55045,4242
28,6,gender,attention,0.0001,1e-05,1.89543,0.42969,4242
28,6,gender,shuffled,0.01,0.0001,0.94566,0.49953,4242
28,6,star_sign,ema_lr1e-3,0.001,0.0001,3.1876,0.1082,4242
28,6,star_sign,ema_lr5e-3,0.005,0.0001,3.09448,0.10608,4242
28,6,star_sign,ema_lr1e-2,0.01,0.0001,2.98285,0.10514,4242
28,6,star_sign,ema_lr5e-2,0.05,0.0001,1.85041,0.4215,4242
28,6,star_sign,ema_lr1e-2_wd1e-3,0.01,0.001,3.03023,0.11999,4242
28,6,star_sign,ema_d0.99,0.01,0.0001,2.91158,0.1075,4242
28,6,star_sign,ema_d0.9999,0.01,0.0001,3.00535,0.09005,4242
28,6,star_sign,mlp_h16,0.001,0.0,2.06477,0.55304,4242
28,6,star_sign,mlp_h32,0.001,0.0,1.62678,0.95002,4242
28,6,star_sign,mlp_h64,0.001,0.0,0.96377,1.0,4242
28,6,star_sign,mlp_h128,0.001,0.0,0.24866,1.0,4242
28,6,star_sign,attention,0.0001,1e-05,0.24102,0.92969,4242
28,6,star_sign,shuffled,0.01,0.0001,2.97734,0.1016,4242
29,0,age_bin,ema_lr1e-3,0.001,0.0001,1.58919,0.2941,4002
29,0,age_bin,ema_lr5e-3,0.005,0.0001,1.4393,0.33608,4002
29,0,age_bin,ema_lr1e-2,0.01,0.0001,1.27961,0.4068,4002
29,0,age_bin,ema_lr5e-2,0.05,0.0001,0.62644,0.83208,4002
29,0,age_bin,ema_lr1e-2_wd1e-3,0.01,0.001,1.30791,0.4058,4002
29,0,age_bin,ema_d0.99,0.01,0.0001,1.33078,0.39555,4002
29,0,age_bin,ema_d0.9999,0.01,0.0001,1.28291,0.46052,4002
29,0,age_bin,mlp_h16,0.001,0.0,0.71314,0.98851,4002
29,0,age_bin,mlp_h32,0.001,0.0,0.47499,1.0,4002
29,0,age_bin,mlp_h64,0.001,0.0,0.26122,1.0,4002
29,0,age_bin,mlp_h128,0.001,0.0,0.04084,1.0,4002
29,0,age_bin,attention,0.0001,1e-05,1.03999,1.0,4002
29,0,age_bin,shuffled,0.01,0.0001,1.34229,0.45752,4002
29,0,gender,ema_lr1e-3,0.001,0.0001,1.0447,0.51549,4002
29,0,gender,ema_lr5e-3,0.005,0.0001,1.02737,0.50325,4002
29,0,gender,ema_lr1e-2,0.01,0.0001,0.93938,0.4995,4002
29,0,gender,ema_lr5e-2,0.05,0.0001,0.8121,0.49725,4002
29,0,gender,ema_lr1e-2_wd1e-3,0.01,0.001,0.92615,0.50675,4002
29,0,gender,ema_d0.99,0.01,0.0001,0.9739,0.49625,4002
29,0,gender,ema_d0.9999,0.01,0.0001,0.98186,0.50725,4002
29,0,gender,mlp_h16,0.001,0.0,0.69715,0.5055,4002
29,0,gender,mlp_h32,0.001,0.0,0.69795,0.49975,4002
29,0,gender,mlp_h64,0.001,0.0,0.69549,0.502,4002
29,0,gender,mlp_h128,0.001,0.0,0.69572,0.497,4002
29,0,gender,attention,0.0001,1e-05,0.69284,0.51562,4002
29,0,gender,shuffled,0.01,0.0001,0.97305,0.49875,4002
29,0,star_sign,ema_lr1e-3,0.001,0.0001,3.34773,0.06297,4002
29,0,star_sign,ema_lr5e-3,0.005,0.0001,3.08228,0.0952,4002
29,0,star_sign,ema_lr1e-2,0.01,0.0001,2.96776,0.21689,4002
29,0,star_sign,ema_lr5e-2,0.05,0.0001,1.81776,0.501,4002
29,0,star_sign,ema_lr1e-2_wd1e-3,0.01,0.001,2.90549,0.15067,4002
29,0,star_sign,ema_d0.99,0.01,0.0001,2.95099,0.09945,4002
29,0,star_sign,ema_d0.9999,0.01,0.0001,2.92584,0.0977,4002
29,0,star_sign,mlp_h16,0.001,0.0,1.88666,0.60695,4002
29,0,star_sign,mlp_h32,0.001,0.0,1.05541,0.99975,4002
29,0,star_sign,mlp_h64,0.001,0.0,1.1603,0.99825,4002
29,0,star_sign,mlp_h128,0.001,0.0,0.22419,1.0,4002
29,0,star_sign,attention,0.0001,1e-05,2.42848,1.0,4002
29,0,star_sign,shuffled,0.01,0.0001,2.96015,0.07721,4002
29,4,age_bin,ema_lr1e-3,0.001,0.0001,1.41797,0.34608,4002
29,4,age_bin,ema_lr5e-3,0.005,0.0001,1.29681,0.37806,4002
29,4,age_bin,ema_lr1e-2,0.01,0.0001,1.22089,0.3943,4002
29,4,age_bin,ema_lr5e-2,0.05,0.0001,0.61789,0.81059,4002
29,4,age_bin,ema_lr1e-2_wd1e-3,0.01,0.001,1.26459,0.42179,4002
29,4,age_bin,ema_d0.99,0.01,0.0001,1.22035,0.41904,4002
29,4,age_bin,ema_d0.9999,0.01,0.0001,1.24577,0.4073,4002
29,4,age_bin,mlp_h16,0.001,0.0,0.52219,1.0,4002
29,4,age_bin,mlp_h32,0.001,0.0,0.3398,1.0,4002
29,4,age_bin,mlp_h64,0.001,0.0,0.13459,1.0,4002
29,4,age_bin,mlp_h128,0.001,0.0,0.04052,1.0,4002
29,4,age_bin,attention,0.0001,1e-05,0.0264,1.0,4002
29,4,age_bin,shuffled,0.01,0.0001,1.27748,0.38656,4002
29,4,gender,ema_lr1e-3,0.001,0.0001,1.05541,0.492,4002
29,4,gender,ema_lr5e-3,0.005,0.0001,0.98247,0.50475,4002
29,4,gender,ema_lr1e-2,0.01,0.0001,0.87432,0.52674,4002
29,4,gender,ema_lr5e-2,0.05,0.0001,0.77287,0.50375,4002
29,4,gender,ema_lr1e-2_wd1e-3,0.01,0.001,0.88515,0.506,4002
29,4,gender,ema_d0.99,0.01,0.0001,0.88083,0.494,4002
29,4,gender,ema_d0.9999,0.01,0.0001,0.82352,0.52599,4002
29,4,gender,mlp_h16,0.001,0.0,0.69569,0.51099,4002
29,4,gender,mlp_h32,0.001,0.0,0.69654,0.5015,4002
29,4,gender,mlp_h64,0.001,0.0,0.69472,0.51899,4002
29,4,gender,mlp_h128,0.001,0.0,0.69481,0.50525,4002
29,4,gender,attention,0.0001,1e-05,0.71305,0.46094,4002
29,4,gender,shuffled,0.01,0.0001,0.89181,0.49425,4002
29,4,star_sign,ema_lr1e-3,0.001,0.0001,3.12222,0.07621,4002
29,4,star_sign,ema_lr5e-3,0.005,0.0001,3.03725,0.11319,4002
29,4,star_sign,ema_lr1e-2,0.01,0.0001,2.70505,0.15092,4002
29,4,star_sign,ema_lr5e-2,0.05,0.0001,1.69815,0.48151,4002
29,4,star_sign,ema_lr1e-2_wd1e-3,0.01,0.001,2.76007,0.16017,4002
29,4,star_sign,ema_d0.99,0.01,0.0001,2.78844,0.10895,4002
29,4,star_sign,ema_d0.9999,0.01,0.0001,2.82987,0.06672,4002
29,4,star_sign,mlp_h16,0.001,0.0,1.89589,0.58796,4002
29,4,star_sign,mlp_h32,0.001,0.0,1.05467,0.999,4002
29,4,star_sign,mlp_h64,0.001,0.0,0.46466,1.0,4002
29,4,star_sign,mlp_h128,0.001,0.0,0.11551,1.0,4002
29,4,star_sign,attention,0.0001,1e-05,1.99546,1.0,4002
29,4,star_sign,shuffled,0.01,0.0001,2.77982,0.17266,4002
29,6,age_bin,ema_lr1e-3,0.001,0.0001,1.58298,0.32734,4002
29,6,age_bin,ema_lr5e-3,0.005,0.0001,1.4208,0.39805,4002
29,6,age_bin,ema_lr1e-2,0.01,0.0001,1.36171,0.38281,4002
29,6,age_bin,ema_lr5e-2,0.05,0.0001,0.64764,0.77461,4002
29,6,age_bin,ema_lr1e-2_wd1e-3,0.01,0.001,1.36159,0.38256,4002
29,6,age_bin,ema_d0.99,0.01,0.0001,1.33764,0.3928,4002
29,6,age_bin,ema_d0.9999,0.01,0.0001,1.22656,0.42529,4002
29,6,age_bin,mlp_h16,0.001,0.0,0.38672,1.0,4002
29,6,age_bin,mlp_h32,0.001,0.0,0.33696,1.0,4002
29,6,age_bin,mlp_h64,0.001,0.0,0.19522,1.0,4002
29,6,age_bin,mlp_h128,0.001,0.0,0.0682,1.0,4002
29,6,age_bin,attention,0.0001,1e-05,0.13068,0.95312,4002
29,6,age_bin,shuffled,0.01,0.0001,1.35628,0.38281,4002
29,6,gender,ema_lr1e-3,0.001,0.0001,0.99067,0.51599,4002
29,6,gender,ema_lr5e-3,0.005,0.0001,0.93035,0.50775,4002
29,6,gender,ema_lr1e-2,0.01,0.0001,0.99782,0.46477,4002
29,6,gender,ema_lr5e-2,0.05,0.0001,0.76123,0.52999,4002
29,6,gender,ema_lr1e-2_wd1e-3,0.01,0.001,0.96815,0.49475,4002
29,6,gender,ema_d0.99,0.01,0.0001,0.94092,0.51199,4002
29,6,gender,ema_d0.9999,0.01,0.0001,0.96267,0.5085,4002
29,6,gender,mlp_h16,0.001,0.0,0.69769,0.51549,4002
29,6,gender,mlp_h32,0.001,0.0,0.69588,0.52099,4002
29,6,gender,mlp_h64,0.001,0.0,0.70046,0.5,4002
29,6,gender,mlp_h128,0.001,0.0,0.70418,0.48351,4002
29,6,gender,attention,0.0001,1e-05,1.9408,0.4375,4002
29,6,gender,shuffled,0.01,0.0001,0.91849,0.51399,4002
29,6,star_sign,ema_lr1e-3,0.001,0.0001,3.24317,0.0952,4002
29,6,star_sign,ema_lr5e-3,0.005,0.0001,3.06821,0.11269,4002
29,6,star_sign,ema_lr1e-2,0.01,0.0001,3.08064,0.09545,4002
29,6,star_sign,ema_lr5e-2,0.05,0.0001,1.79988,0.43828,4002
29,6,star_sign,ema_lr1e-2_wd1e-3,0.01,0.001,2.96393,0.13393,4002
29,6,star_sign,ema_d0.99,0.01,0.0001,2.91512,0.09845,4002
29,6,star_sign,ema_d0.9999,0.01,0.0001,2.92633,0.1047,4002
29,6,star_sign,mlp_h16,0.001,0.0,2.04916,0.58746,4002
29,6,star_sign,mlp_h32,0.001,0.0,1.60035,0.95577,4002
29,6,star_sign,mlp_h64,0.001,0.0,0.93156,1.0,4002
29,6,star_sign,mlp_h128,0.001,0.0,0.23021,1.0,4002
29,6,star_sign,attention,0.0001,1e-05,0.247,0.9375,4002
29,6,star_sign,shuffled,0.01,0.0001,2.7935,0.12844,4002
30,0,age_bin,ema_lr1e-3,0.001,0.0001,1.60368,0.27609,4082
30,0,age_bin,ema_lr5e-3,0.005,0.0001,1.45112,0.32754,4082
30,0,age_bin,ema_lr1e-2,0.01,0.0001,1.28585,0.41352,4082
30,0,age_bin,ema_lr5e-2,0.05,0.0001,0.60467,0.84468,4082
30,0,age_bin,ema_lr1e-2_wd1e-3,0.01,0.001,1.2871,0.40764,4082
30,0,age_bin,ema_d0.99,0.01,0.0001,1.35434,0.39172,4082
30,0,age_bin,ema_d0.9999,0.01,0.0001,1.30226,0.44512,4082
30,0,age_bin,mlp_h16,0.001,0.0,0.70331,0.99118,4082
30,0,age_bin,mlp_h32,0.001,0.0,0.45937,1.0,4082
30,0,age_bin,mlp_h64,0.001,0.0,0.24235,1.0,4082
30,0,age_bin,mlp_h128,0.001,0.0,0.0366,1.0,4082
30,0,age_bin,attention,0.0001,1e-05,1.03774,1.0,4082
30,0,age_bin,shuffled,0.01,0.0001,1.34591,0.45076,4082
30,0,gender,ema_lr1e-3,0.001,0.0001,1.07528,0.50122,4082
30,0,gender,ema_lr5e-3,0.005,0.0001,1.03834,0.50661,4082
30,0,gender,ema_lr1e-2,0.01,0.0001,0.91581,0.50784,4082
30,0,gender,ema_lr5e-2,0.05,0.0001,0.81486,0.48849,4082
30,0,gender,ema_lr1e-2_wd1e-3,0.01,0.001,0.91252,0.53038,4082
30,0,gender,ema_d0.99,0.01,0.0001,0.95982,0.48236,4082
30,0,gender,ema_d0.9999,0.01,0.0001,1.00362,0.49265,4082
30,0,gender,mlp_h16,0.001,0.0,0.70373,0.45247,4082
30,0,gender,mlp_h32,0.001,0.0,0.71211,0.44757,4082
30,0,gender,mlp_h64,0.001,0.0,0.70385,0.47011,4082
30,0,gender,mlp_h128,0.001,0.0,0.7006,0.47991,4082
30,0,gender,attention,0.0001,1e-05,0.69395,0.44531,4082
30,0,gender,shuffled,0.01,0.0001,0.96106,0.50661,4082
30,0,star_sign,ema_lr1e-3,0.001,0.0001,3.33084,0.07129,4082
30,0,star_sign,ema_lr5e-3,0.005,0.0001,3.03089,0.09285,4082
30,0,star_sign,ema_lr1e-2,0.01,0.0001,2.95149,0.21166,4082
30,0,star_sign,ema_lr5e-2,0.05,0.0001,1.78319,0.5049,4082
30,0,star_sign,ema_lr1e-2_wd1e-3,0.01,0.001,2.90491,0.14919,4082
30,0,star_sign,ema_d0.99,0.01,0.0001,2.91653,0.09652,4082
30,0,star_sign,ema_d0.9999,0.01,0.0001,2.90085,0.10804,4082
30,0,star_sign,mlp_h16,0.001,0.0,1.86098,0.62739,4082
30,0,star_sign,mlp_h32,0.001,0.0,1.01126,1.0,4082
30,0,star_sign,mlp_h64,0.001,0.0,1.09795,0.99902,4082
30,0,star_sign,mlp_h128,0.001,0.0,0.20216,1.0,4082
30,0,star_sign,attention,0.0001,1e-05,2.42633,1.0,4082
30,0,star_sign,shuffled,0.01,0.0001,2.90229,0.09015,4082
30,4,age_bin,ema_lr1e-3,0.001,0.0001,1.44153,0.33341,4082
30,4,age_bin,ema_lr5e-3,0.005,0.0001,1.31372,0.36085,4082
30,4,age_bin,ema_lr1e-2,0.01,0.0001,1.20716,0.39368,4082
30,4,age_bin,ema_lr5e-2,0.05,0.0001,0.59107,0.82656,4082
30,4,age_bin,ema_lr1e-2_wd1e-3,0.01,0.001,1.23193,0.43606,4082
30,4,age_bin,ema_d0.99,0.01,0.0001,1.19309,0.4368,4082
30,4,age_bin,ema_d0.9999,0.01,0.0001,1.19312,0.42994,4082
30,4,age_bin,mlp_h16,0.001,0.0,0.49919,1.0,4082
30,4,age_bin,mlp_h32,0.001,0.0,0.32055,1.0,4082
30,4,age_bin,mlp_h64,0.001,0.0,0.1192,1.0,4082
30,4,age_bin,mlp_h128,0.001,0.0,0.03635,1.0,4082
30,4,age_bin,attention,0.0001,1e-05,0.02355,1.0,4082
30,4,age_bin,shuffled,0.01,0.0001,1.21713,0.41058,4082
30,4,gender,ema_lr1e-3,0.001,0.0001,1.03994,0.50441,4082
30,4,gender,ema_lr5e-3,0.005,0.0001,0.9817,0.48922,4082
30,4,gender,ema_lr1e-2,0.01,0.0001,0.8991,0.49902,4082
30,4,gender,ema_lr5e-2,0.05,0.0001,0.75368,0.52964,4082
30,4,gender,ema_lr1e-2_wd1e-3,0.01,0.001,0.91124,0.49363,4082
30,4,gender,ema_d0.99,0.01,0.0001,0.88894,0.49608,4082
30,4,gender,ema_d0.9999,0.01,0.0001,0.87259,0.50147,4082
30,4,gender,mlp_h16,0.001,0.0,0.7045,0.45321,4082
30,4,gender,mlp_h32,0.001,0.0,0.70644,0.4461,4082
30,4,gender,mlp_h64,0.001,0.0,0.70003,0.49045,4082
30,4,gender,mlp_h128,0.001,0.0,0.69715,0.51029,4082
30,4,gender,attention,0.0001,1e-05,0.69981,0.5625,4082
30,4,gender,shuffled,0.01,0.0001,0.86476,0.50539,4082
30,4,star_sign,ema_lr1e-3,0.001,0.0001,3.11063,0.08893,4082
30,4,star_sign,ema_lr5e-3,0.005,0.0001,3.02905,0.10926,4082
30,4,star_sign,ema_lr1e-2,0.01,0.0001,2.73802,0.14601,4082
30,4,star_sign,ema_lr5e-2,0.05,0.0001,1.70478,0.48285,4082
30,4,star_sign,ema_lr1e-2_wd1e-3,0.01,0.001,2.72646,0.14895,4082
30,4,star_sign,ema_d0.99,0.01,0.0001,2.79441,0.09701,4082
30,4,star_sign,ema_d0.9999,0.01,0.0001,2.76515,0.08011,4082
30,4,star_sign,mlp_h16,0.001,0.0,1.88106,0.61759,4082
30,4,star_sign,mlp_h32,0.001,0.0,1.0064,0.99975,4082
30,4,star_sign,mlp_h64,0.001,0.0,0.41882,1.0,4082
30,4,star_sign,mlp_h128,0.001,0.0,0.10055,1.0,4082
30,4,star_sign,attention,0.0001,1e-05,1.96258,1.0,4082
30,4,star_sign,shuffled,0.01,0.0001,2.83932,0.16512,4082
30,6,age_bin,ema_lr1e-3,0.001,0.0001,1.52375,0.36183,4082
30,6,age_bin,ema_lr5e-3,0.005,0.0001,1.43978,0.38584,4082
30,6,age_bin,ema_lr1e-2,0.01,0.0001,1.30779,0.41328,4082
30,6,age_bin,ema_lr5e-2,0.05,0.0001,0.64565,0.77585,4082
30,6,age_bin,ema_lr1e-2_wd1e-3,0.01,0.001,1.33632,0.39172,4082
30,6,age_bin,ema_d0.99,0.01,0.0001,1.3641,0.3998,4082
30,6,age_bin,ema_d0.9999,0.01,0.0001,1.24513,0.41499,4082
30,6,age_bin,mlp_h16,0.001,0.0,0.37171,0.99975,4082
30,6,age_bin,mlp_h32,0.001,0.0,0.32085,1.0,4082
30,6,age_bin,mlp_h64,0.001,0.0,0.17699,1.0,4082
30,6,age_bin,mlp_h128,0.001,0.0,0.06195,1.0,4082
30,6,age_bin,attention,0.0001,1e-05,0.05119,0.98438,4082
30,6,age_bin,shuffled,0.01,0.0001,1.28549,0.39784,4082
30,6,gender,ema_lr1e-3,0.001,0.0001,1.04842,0.50955,4082
30,6,gender,ema_lr5e-3,0.005,0.0001,0.94566,0.51421,4082
30,6,gender,ema_lr1e-2,0.01,0.0001,0.93424,0.50343,4082
30,6,gender,ema_lr5e-2,0.05,0.0001,0.7933,0.50318,4082
30,6,gender,ema_lr1e-2_wd1e-3,0.01,0.001,0.95959,0.48163,4082
30,6,gender,ema_d0.99,0.01,0.0001,0.94978,0.51347,4082
30,6,gender,ema_d0.9999,0.01,0.0001,0.93604,0.5169,4082
30,6,gender,mlp_h16,0.001,0.0,0.71704,0.46031,4082
30,6,gender,mlp_h32,0.001,0.0,0.70933,0.47624,4082
30,6,gender,mlp_h64,0.001,0.0,0.70869,0.48089,4082
30,6,gender,mlp_h128,0.001,0.0,0.70321,0.49535,4082
30,6,gender,attention,0.0001,1e-05,1.28742,0.57812,4082
30,6,gender,shuffled,0.01,0.0001,0.9372,0.48971,4082
30,6,star_sign,ema_lr1e-3,0.001,0.0001,3.10587,0.12004,4082
30,6,star_sign,ema_lr5e-3,0.005,0.0001,3.11544,0.10485,4082
30,6,star_sign,ema_lr1e-2,0.01,0.0001,3.01632,0.09799,4082
30,6,star_sign,ema_lr5e-2,0.05,0.0001,1.74005,0.46742,4082
30,6,star_sign,ema_lr1e-2_wd1e-3,0.01,0.001,2.82784,0.14282,4082
30,6,star_sign,ema_d0.99,0.01,0.0001,2.91109,0.09946,4082
30,6,star_sign,ema_d0.9999,0.01,0.0001,2.97509,0.08231,4082
30,6,star_sign,mlp_h16,0.001,0.0,2.01836,0.60485,4082
30,6,star_sign,mlp_h32,0.001,0.0,1.54578,0.9657,4082
30,6,star_sign,mlp_h64,0.001,0.0,0.87206,1.0,4082
30,6,star_sign,mlp_h128,0.001,0.0,0.20723,1.0,4082
30,6,star_sign,attention,0.0001,1e-05,0.24111,0.94531,4082
30,6,star_sign,shuffled,0.01,0.0001,2.93244,0.10559,4082
31,0,age_bin,ema_lr1e-3,0.001,0.0001,1.60767,0.29238,4200
31,0,age_bin,ema_lr5e-3,0.005,0.0001,1.40766,0.33833,4200
31,0,age_bin,ema_lr1e-2,0.01,0.0001,1.29477,0.42143,4200
31,0,age_bin,ema_lr5e-2,0.05,0.0001,0.57108,0.86643,4200
31,0,age_bin,ema_lr1e-2_wd1e-3,0.01,0.001,1.26828,0.40119,4200
31,0,age_bin,ema_d0.99,0.01,0.0001,1.30644,0.40048,4200
31,0,age_bin,ema_d0.9999,0.01,0.0001,1.27324,0.46286,4200
31,0,age_bin,mlp_h16,0.001,0.0,0.68844,0.99381,4200
31,0,age_bin,mlp_h32,0.001,0.0,0.44038,0.99976,4200
31,0,age_bin,mlp_h64,0.001,0.0,0.2281,1.0,4200
31,0,age_bin,mlp_h128,0.001,0.0,0.03283,1.0,4200
31,0,age_bin,attention,0.0001,1e-05,1.03576,1.0,4200
31,0,age_bin,shuffled,0.01,0.0001,1.29981,0.48762,4200
31,0,gender,ema_lr1e-3,0.001,0.0001,1.10457,0.49214,4200
31,0,gender,ema_lr5e-3,0.005,0.0001,1.04156,0.50262,4200
31,0,gender,ema_lr1e-2,0.01,0.0001,0.9239,0.51524,4200
31,0,gender,ema_lr5e-2,0.05,0.0001,0.81997,0.475,4200
31,0,gender,ema_lr1e-2_wd1e-3,0.01,0.001,0.92933,0.51167,4200
31,0,gender,ema_d0.99,0.01,0.0001,0.94399,0.48667,4200
31,0,gender,ema_d0.9999,0.01,0.0001,1.02322,0.49048,4200
31,0,gender,mlp_h16,0.001,0.0,0.70672,0.45595,4200
31,0,gender,mlp_h32,0.001,0.0,0.71182,0.44548,4200
31,0,gender,mlp_h64,0.001,0.0,0.69957,0.4869,4200
31,0,gender,mlp_h128,0.001,0.0,0.69512,0.51119,4200
31,0,gender,attention,0.0001,1e-05,0.69365,0.39062,4200
31,0,gender,shuffled,0.01,0.0001,0.93658,0.51667,4200
31,0,star_sign,ema_lr1e-3,0.001,0.0001,3.31233,0.06286,4200
31,0,star_sign,ema_lr5e-3,0.005,0.0001,3.04724,0.10143,4200
31,0,star_sign,ema_lr1e-2,0.01,0.0001,2.92635,0.20429,4200
31,0,star_sign,ema_lr5e-2,0.05,0.0001,1.72976,0.52714,4200
31,0,star_sign,ema_lr1e-2_wd1e-3,0.01,0.001,2.92875,0.14976,4200
31,0,star_sign,ema_d0.99,0.01,0.0001,2.93605,0.09024,4200
31,0,star_sign,ema_d0.9999,0.01,0.0001,2.9177,0.09738,4200
31,0,star_sign,mlp_h16,0.001,0.0,1.82419,0.66976,4200
31,0,star_sign,mlp_h32,0.001,0.0,0.96538,1.0,4200
31,0,star_sign,mlp_h64,0.001,0.0,1.03411,0.99881,4200
31,0,star_sign,mlp_h128,0.001,0.0,0.17399,1.0,4200
31,0,star_sign,attention,0.0001,1e-05,2.42442,1.0,4200
31,0,star_sign,shuffled,0.01,0.0001,2.86799,0.09857,4200
31,4,age_bin,ema_lr1e-3,0.001,0.0001,1.43825,0.345,4200
31,4,age_bin,ema_lr5e-3,0.005,0.0001,1.32295,0.36214,4200
31,4,age_bin,ema_lr1e-2,0.01,0.0001,1.17271,0.4131,4200
31,4,age_bin,ema_lr5e-2,0.05,0.0001,0.57975,0.83095,4200
31,4,age_bin,ema_lr1e-2_wd1e-3,0.01,0.001,1.23984,0.42976,4200
31,4,age_bin,ema_d0.99,0.01,0.0001,1.18053,0.4369,4200
31,4,age_bin,ema_d0.9999,0.01,0.0001,1.18511,0.435,4200
31,4,age_bin,mlp_h16,0.001,0.0,0.48448,1.0,4200
31,4,age_bin,mlp_h32,0.001,0.0,0.30702,1.0,4200
31,4,age_bin,mlp_h64,0.001,0.0,0.11077,1.0,4200
31,4,age_bin,mlp_h128,0.001,0.0,0.03318,1.0,4200
31,4,age_bin,attention,0.0001,1e-05,0.02166,1.0,4200
31,4,age_bin,shuffled,0.01,0.0001,1.26413,0.3869,4200
31,4,gender,ema_lr1e-3,0.001,0.0001,1.0676,0.49357,4200
31,4,gender,ema_lr5e-3,0.005,0.0001,0.98877,0.49262,4200
31,4,gender,ema_lr1e-2,0.01,0.0001,0.92048,0.48571,4200
31,4,gender,ema_lr5e-2,0.05,0.0001,0.78404,0.48762,4200
31,4,gender,ema_lr1e-2_wd1e-3,0.01,0.001,0.89706,0.49,4200
31,4,gender,ema_d0.99,0.01,0.0001,0.89678,0.4769,4200
31,4,gender,ema_d0.9999,0.01,0.0001,0.87533,0.48929,4200
31,4,gender,mlp_h16,0.001,0.0,0.70932,0.4431,4200
31,4,gender,mlp_h32,0.001,0.0,0.70953,0.42833,4200
31,4,gender,mlp_h64,0.001,0.0,0.69855,0.4881,4200
31,4,gender,mlp_h128,0.001,0.0,0.6953,0.51405,4200
31,4,gender,attention,0.0001,1e-05,0.68866,0.52344,4200
31,4,gender,shuffled,0.01,0.0001,0.8696,0.51048,4200
31,4,star_sign,ema_lr1e-3,0.001,0.0001,3.11312,0.08262,4200
31,4,star_sign,ema_lr5e-3,0.005,0.0001,3.01332,0.11286,4200
31,4,star_sign,ema_lr1e-2,0.01,0.0001,2.69033,0.15119,4200
31,4,star_sign,ema_lr5e-2,0.05,0.0001,1.6386,0.51333,4200
31,4,star_sign,ema_lr1e-2_wd1e-3,0.01,0.001,2.75542,0.1381,4200
31,4,star_sign,ema_d0.99,0.01,0.0001,2.78002,0.09762,4200
31,4,star_sign,ema_d0.9999,0.01,0.0001,2.76795,0.0831,4200
31,4,star_sign,mlp_h16,0.001,0.0,1.84523,0.65857,4200
31,4,star_sign,mlp_h32,0.001,0.0,0.95961,1.0,4200
31,4,star_sign,mlp_h64,0.001,0.0,0.38718,1.0,4200
31,4,star_sign,mlp_h128,0.001,0.0,0.08742,1.0,4200
31,4,star_sign,attention,0.0001,1e-05,1.95508,1.0,4200
31,4,star_sign,shuffled,0.01,0.0001,2.8254,0.17119,4200
31,6,age_bin,ema_lr1e-3,0.001,0.0001,1.61309,0.32214,4200
31,6,age_bin,ema_lr5e-3,0.005,0.0001,1.48025,0.3719,4200
31,6,age_bin,ema_lr1e-2,0.01,0.0001,1.28176,0.41833,4200
31,6,age_bin,ema_lr5e-2,0.05,0.0001,0.63128,0.78,4200
31,6,age_bin,ema_lr1e-2_wd1e-3,0.01,0.001,1.38163,0.36429,4200
31,6,age_bin,ema_d0.99,0.01,0.0001,1.32214,0.40738,4200
31,6,age_bin,ema_d0.9999,0.01,0.0001,1.23275,0.42071,4200
31,6,age_bin,mlp_h16,0.001,0.0,0.35269,1.0,4200
31,6,age_bin,mlp_h32,0.001,0.0,0.2976,1.0,4200
31,6,age_bin,mlp_h64,0.001,0.0,0.16682,1.0,4200
31,6,age_bin,mlp_h128,0.001,0.0,0.05599,1.0,4200
31,6,age_bin,attention,0.0001,1e-05,0.05001,0.97656,4200
31,6,age_bin,shuffled,0.01,0.0001,1.27431,0.40167,4200
31,6,gender,ema_lr1e-3,0.001,0.0001,1.0898,0.48643,4200
31,6,gender,ema_lr5e-3,0.005,0.0001,0.90715,0.54071,4200
31,6,gender,ema_lr1e-2,0.01,0.0001,0.94855,0.49167,4200
31,6,gender,ema_lr5e-2,0.05,0.0001,0.79168,0.50143,4200
31,6,gender,ema_lr1e-2_wd1e-3,0.01,0.001,0.92132,0.51333,4200
31,6,gender,ema_d0.99,0.01,0.0001,0.93322,0.51548,4200
31,6,gender,ema_d0.9999,0.01,0.0001,0.99358,0.48952,4200
31,6,gender,mlp_h16,0.001,0.0,0.69672,0.50786,4200
31,6,gender,mlp_h32,0.001,0.0,0.7031,0.48048,4200
31,6,gender,mlp_h64,0.001,0.0,0.69716,0.49524,4200
31,6,gender,mlp_h128,0.001,0.0,0.67994,0.55286,4200
31,6,gender,attention,0.0001,1e-05,1.31045,0.51562,4200
31,6,gender,shuffled,0.01,0.0001,0.91815,0.48929,4200
31,6,star_sign,ema_lr1e-3,0.001,0.0001,3.19298,0.09976,4200
31,6,star_sign,ema_lr5e-3,0.005,0.0001,2.99156,0.11357,4200
31,6,star_sign,ema_lr1e-2,0.01,0.0001,2.91197,0.11143,4200
31,6,star_sign,ema_lr5e-2,0.05,0.0001,1.76717,0.45405,4200
31,6,star_sign,ema_lr1e-2_wd1e-3,0.01,0.001,2.83762,0.1531,4200
31,6,star_sign,ema_d0.99,0.01,0.0001,2.8721,0.10929,4200
31,6,star_sign,ema_d0.9999,0.01,0.0001,2.91254,0.10214,4200
31,6,star_sign,mlp_h16,0.001,0.0,1.99222,0.63881,4200
31,6,star_sign,mlp_h32,0.001,0.0,1.51063,0.96881,4200
31,6,star_sign,mlp_h64,0.001,0.0,0.82558,1.0,4200
31,6,star_sign,mlp_h128,0.001,0.0,0.18398,1.0,4200
31,6,star_sign,attention,0.0001,1e-05,0.26898,0.92188,4200
31,6,star_sign,shuffled,0.01,0.0001,2.90497,0.11548,4200
32,0,age_bin,ema_lr1e-3,0.001,0.0001,1.61964,0.28428,4070
32,0,age_bin,ema_lr5e-3,0.005,0.0001,1.41755,0.36265,4070
32,0,age_bin,ema_lr1e-2,0.01,0.0001,1.2803,0.42703,4070
32,0,age_bin,ema_lr5e-2,0.05,0.0001,0.566,0.85946,4070
32,0,age_bin,ema_lr1e-2_wd1e-3,0.01,0.001,1.26154,0.42629,4070
32,0,age_bin,ema_d0.99,0.01,0.0001,1.31116,0.40369,4070
32,0,age_bin,ema_d0.9999,0.01,0.0001,1.28597,0.457,4070
32,0,age_bin,mlp_h16,0.001,0.0,0.67022,0.99263,4070
32,0,age_bin,mlp_h32,0.001,0.0,0.42093,1.0,4070
32,0,age_bin,mlp_h64,0.001,0.0,0.21201,1.0,4070
32,0,age_bin,mlp_h128,0.001,0.0,0.03008,1.0,4070
32,0,age_bin,attention,0.0001,1e-05,1.03397,1.0,4070
32,0,age_bin,shuffled,0.01,0.0001,1.28978,0.48256,4070
32,0,gender,ema_lr1e-3,0.001,0.0001,1.07613,0.48894,4070
32,0,gender,ema_lr5e-3,0.005,0.0001,1.0181,0.49091,4070
32,0,gender,ema_lr1e-2,0.01,0.0001,0.92474,0.48673,4070
32,0,gender,ema_lr5e-2,0.05,0.0001,0.80811,0.49656,4070
32,0,gender,ema_lr1e-2_wd1e-3,0.01,0.001,0.93177,0.49312,4070
32,0,gender,ema_d0.99,0.01,0.0001,0.91378,0.53096,4070
32,0,gender,ema_d0.9999,0.01,0.0001,0.97398,0.49779,4070
32,0,gender,mlp_h16,0.001,0.0,0.69037,0.5312,4070
32,0,gender,mlp_h32,0.001,0.0,0.68872,0.53391,4070
32,0,gender,mlp_h64,0.001,0.0,0.6944,0.51499,4070
32,0,gender,mlp_h128,0.001,0.0,0.69809,0.48059,4070
32,0,gender,attention,0.0001,1e-05,0.69238,0.57031,4070
32,0,gender,shuffled,0.01,0.0001,0.95793,0.48722,4070
32,0,star_sign,ema_lr1e-3,0.001,0.0001,3.33008,0.06806,4070
32,0,star_sign,ema_lr5e-3,0.005,0.0001,3.06847,0.08993,4070
32,0,star_sign,ema_lr1e-2,0.01,0.0001,2.90981,0.21032,4070
32,0,star_sign,ema_lr5e-2,0.05,0.0001,1.71997,0.52236,4070
32,0,star_sign,ema_lr1e-2_wd1e-3,0.01,0.001,2.90658,0.13931,4070
32,0,star_sign,ema_d0.99,0.01,0.0001,2.90339,0.09656,4070
32,0,star_sign,ema_d0.9999,0.01,0.0001,2.87346,0.10418,4070
32,0,star_sign,mlp_h16,0.001,0.0,1.79573,0.69214,4070
32,0,star_sign,mlp_h32,0.001,0.0,0.92622,1.0,4070
32,0,star_sign,mlp_h64,0.001,0.0,0.98954,1.0,4070
32,0,star_sign,mlp_h128,0.001,0.0,0.15623,1.0,4070
32,0,star_sign,attention,0.0001,1e-05,2.42237,1.0,4070
32,0,star_sign,shuffled,0.01,0.0001,2.86294,0.09754,4070
32,4,age_bin,ema_lr1e-3,0.001,0.0001,1.42846,0.35651,4070
32,4,age_bin,ema_lr5e-3,0.005,0.0001,1.28304,0.37543,4070
32,4,age_bin,ema_lr1e-2,0.01,0.0001,1.1849,0.40885,4070
32,4,age_bin,ema_lr5e-2,0.05,0.0001,0.55758,0.85012,4070
32,4,age_bin,ema_lr1e-2_wd1e-3,0.01,0.001,1.27677,0.41057,4070
32,4,age_bin,ema_d0.99,0.01,0.0001,1.1886,0.42998,4070
32,4,age_bin,ema_d0.9999,0.01,0.0001,1.21524,0.42113,4070
32,4,age_bin,mlp_h16,0.001,0.0,0.46604,1.0,4070
32,4,age_bin,mlp_h32,0.001,0.0,0.28004,1.0,4070
32,4,age_bin,mlp_h64,0.001,0.0,0.09806,1.0,4070
32,4,age_bin,mlp_h128,0.001,0.0,0.02963,1.0,4070
32,4,age_bin,attention,0.0001,1e-05,0.01809,1.0,4070
32,4,age_bin,shuffled,0.01,0.0001,1.2091,0.4059,4070
32,4,gender,ema_lr1e-3,0.001,0.0001,1.05018,0.47936,4070
32,4,gender,ema_lr5e-3,0.005,0.0001,0.99353,0.49705,4070
32,4,gender,ema_lr1e-2,0.01,0.0001,0.89577,0.50393,4070
32,4,gender,ema_lr5e-2,0.05,0.0001,0.78151,0.49754,4070
32,4,gender,ema_lr1e-2_wd1e-3,0.01,0.001,0.93293,0.47666,4070
32,4,gender,ema_d0.99,0.01,0.0001,0.88488,0.4914,4070
32,4,gender,ema_d0.9999,0.01,0.0001,0.8515,0.51032,4070
32,4,gender,mlp_h16,0.001,0.0,0.68931,0.54423,4070
32,4,gender,mlp_h32,0.001,0.0,0.68888,0.54816,4070
32,4,gender,mlp_h64,0.001,0.0,0.69451,0.51278,4070
32,4,gender,mlp_h128,0.001,0.0,0.6944,0.51548,4070
32,4,gender,attention,0.0001,1e-05,0.69757,0.54688,4070
32,4,gender,shuffled,0.01,0.0001,0.88227,0.49533,4070
32,4,star_sign,ema_lr1e-3,0.001,0.0001,3.11246,0.07199,4070
32,4,star_sign,ema_lr5e-3,0.005,0.0001,2.98304,0.10835,4070
32,4,star_sign,ema_lr1e-2,0.01,0.0001,2.64598,0.1629,4070
32,4,star_sign,ema_lr5e-2,0.05,0.0001,1.5971,0.53366,4070
32,4,star_sign,ema_lr1e-2_wd1e-3,0.01,0.001,2.68982,0.15283,4070
32,4,star_sign,ema_d0.99,0.01,0.0001,2.75035,0.10246,4070
32,4,star_sign,ema_d0.9999,0.01,0.0001,2.78186,0.08698,4070
32,4,star_sign,mlp_h16,0.001,0.0,1.82226,0.67346,4070
32,4,star_sign,mlp_h32,0.001,0.0,0.91043,0.99975,4070
32,4,star_sign,mlp_h64,0.001,0.0,0.34032,1.0,4070
32,4,star_sign,mlp_h128,0.001,0.0,0.0745,1.0,4070
32,4,star_sign,attention,0.0001,1e-05,1.92912,1.0,4070
32,4,star_sign,shuffled,0.01,0.0001,2.73148,0.18206,4070
32,6,age_bin,ema_lr1e-3,0.001,0.0001,1.56944,0.33366,4070
32,6,age_bin,ema_lr5e-3,0.005,0.0001,1.52856,0.35086,4070
32,6,age_bin,ema_lr1e-2,0.01,0.0001,1.23118,0.43243,4070
32,6,age_bin,ema_lr5e-2,0.05,0.0001,0.5941,0.80958,4070
32,6,age_bin,ema_lr1e-2_wd1e-3,0.01,0.001,1.36267,0.37125,4070
32,6,age_bin,ema_d0.99,0.01,0.0001,1.33082,0.39681,4070
32,6,age_bin,ema_d0.9999,0.01,0.0001,1.26997,0.38821,4070
32,6,age_bin,mlp_h16,0.001,0.0,0.34685,1.0,4070
32,6,age_bin,mlp_h32,0.001,0.0,0.28845,1.0,4070
32,6,age_bin,mlp_h64,0.001,0.0,0.15487,1.0,4070
32,6,age_bin,mlp_h128,0.001,0.0,0.05268,1.0,4070
32,6,age_bin,attention,0.0001,1e-05,0.05168,0.99219,4070
32,6,age_bin,shuffled,0.01,0.0001,1.28419,0.41179,4070
32,6,gender,ema_lr1e-3,0.001,0.0001,1.05113,0.50713,4070
32,6,gender,ema_lr5e-3,0.005,0.0001,1.00343,0.48501,4070
32,6,gender,ema_lr1e-2,0.01,0.0001,1.02165,0.46093,4070
32,6,gender,ema_lr5e-2,0.05,0.0001,0.77633,0.50983,4070
32,6,gender,ema_lr1e-2_wd1e-3,0.01,0.001,0.98497,0.47297,4070
32,6,gender,ema_d0.99,0.01,0.0001,1.02281,0.47518,4070
32,6,gender,ema_d0.9999,0.01,0.0001,0.89003,0.52531,4070
32,6,gender,mlp_h16,0.001,0.0,0.68611,0.55184,4070
32,6,gender,mlp_h32,0.001,0.0,0.68725,0.54939,4070
32,6,gender,mlp_h64,0.001,0.0,0.68596,0.54963,4070
32,6,gender,mlp_h128,0.001,0.0,0.69671,0.52187,4070
32,6,gender,attention,0.0001,1e-05,2.43955,0.42969,4070
32,6,gender,shuffled,0.01,0.0001,0.92731,0.49435,4070
32,6,star_sign,ema_lr1e-3,0.001,0.0001,3.15324,0.09902,4070
32,6,star_sign,ema_lr5e-3,0.005,0.0001,3.01676,0.12064,4070
32,6,star_sign,ema_lr1e-2,0.01,0.0001,2.86789,0.11204,4070
32,6,star_sign,ema_lr5e-2,0.05,0.0001,1.71862,0.47666,4070
32,6,star_sign,ema_lr1e-2_wd1e-3,0.01,0.001,2.8917,0.13268,4070
32,6,star_sign,ema_d0.99,0.01,0.0001,2.83604,0.1199,4070
32,6,star_sign,ema_d0.9999,0.01,0.0001,2.92562,0.10147,4070
32,6,star_sign,mlp_h16,0.001,0.0,1.97938,0.64644,4070
32,6,star_sign,mlp_h32,0.001,0.0,1.4676,0.97125,4070
32,6,star_sign,mlp_h64,0.001,0.0,0.79076,1.0,4070
32,6,star_sign,mlp_h128,0.001,0.0,0.16463,1.0,4070
32,6,star_sign,attention,0.0001,1e-05,0.18118,0.9375,4070
32,6,star_sign,shuffled,0.01,0.0001,2.92422,0.1,4070
33,0,age_bin,ema_lr1e-3,0.001,0.0001,1.63484,0.27724,4332
33,0,age_bin,ema_lr5e-3,0.005,0.0001,1.43409,0.35849,4332
33,0,age_bin,ema_lr1e-2,0.01,0.0001,1.25518,0.42729,4332
33,0,age_bin,ema_lr5e-2,0.05,0.0001,0.54166,0.87419,4332
33,0,age_bin,ema_lr1e-2_wd1e-3,0.01,0.001,1.26444,0.41113,4332
33,0,age_bin,ema_d0.99,0.01,0.0001,1.32327,0.38989,4332
33,0,age_bin,ema_d0.9999,0.01,0.0001,1.30261,0.45914,4332
33,0,age_bin,mlp_h16,0.001,0.0,0.65431,0.99538,4332
33,0,age_bin,mlp_h32,0.001,0.0,0.4038,1.0,4332
33,0,age_bin,mlp_h64,0.001,0.0,0.19766,1.0,4332
33,0,age_bin,mlp_h128,0.001,0.0,0.0273,1.0,4332
33,0,age_bin,attention,0.0001,1e-05,1.03201,1.0,4332
33,0,age_bin,shuffled,0.01,0.0001,1.3183,0.46537,4332
33,0,gender,ema_lr1e-3,0.001,0.0001,1.07126,0.48984,4332
33,0,gender,ema_lr5e-3,0.005,0.0001,1.02093,0.50669,4332
33,0,gender,ema_lr1e-2,0.01,0.0001,0.93321,0.49354,4332
33,0,gender,ema_lr5e-2,0.05,0.0001,0.79297,0.49954,4332
33,0,gender,ema_lr1e-2_wd1e-3,0.01,0.001,0.92183,0.51108,4332
33,0,gender,ema_d0.99,0.01,0.0001,0.9487,0.4843,4332
33,0,gender,ema_d0.9999,0.01,0.0001,0.96518,0.50808,4332
33,0,gender,mlp_h16,0.001,0.0,0.69793,0.48638,4332
33,0,gender,mlp_h32,0.001,0.0,0.69718,0.48961,4332
33,0,gender,mlp_h64,0.001,0.0,0.69678,0.494,4332
33,0,gender,mlp_h128,0.001,0.0,0.6934,0.5247,4332
33,0,gender,attention,0.0001,1e-05,0.69339,0.51562,4332
33,0,gender,shuffled,0.01,0.0001,0.94521,0.49931,4332
33,0,star_sign,ema_lr1e-3,0.001,0.0001,3.32206,0.06464,4332
33,0,star_sign,ema_lr5e-3,0.005,0.0001,3.00831,0.09118,4332
33,0,star_sign,ema_lr1e-2,0.01,0.0001,2.87312,0.21745,4332
33,0,star_sign,ema_lr5e-2,0.05,0.0001,1.6688,0.55656,4332
33,0,star_sign,ema_lr1e-2_wd1e-3,0.01,0.001,2.88087,0.14381,4332
33,0,star_sign,ema_d0.99,0.01,0.0001,2.87117,0.10365,4332
33,0,star_sign,ema_d0.9999,0.01,0.0001,2.86524,0.11288,4332
33,0,star_sign,mlp_h16,0.001,0.0,1.76671,0.71283,4332
33,0,star_sign,mlp_h32,0.001,0.0,0.88003,1.0,4332
33,0,star_sign,mlp_h64,0.001,0.0,0.93249,1.0,4332
33,0,star_sign,mlp_h128,0.001,0.0,0.13657,1.0,4332
33,0,star_sign,attention,0.0001,1e-05,2.41935,1.0,4332
33,0,star_sign,shuffled,0.01,0.0001,2.88746,0.09349,4332
33,4,age_bin,ema_lr1e-3,0.001,0.0001,1.42799,0.34857,4332
33,4,age_bin,ema_lr5e-3,0.005,0.0001,1.30423,0.35873,4332
33,4,age_bin,ema_lr1e-2,0.01,0.0001,1.14427,0.42544,4332
33,4,age_bin,ema_lr5e-2,0.05,0.0001,0.5547,0.86704,4332
33,4,age_bin,ema_lr1e-2_wd1e-3,0.01,0.001,1.26578,0.41898,4332
33,4,age_bin,ema_d0.99,0.01,0.0001,1.17785,0.42936,4332
33,4,age_bin,ema_d0.9999,0.01,0.0001,1.2016,0.41759,4332
33,4,age_bin,mlp_h16,0.001,0.0,0.44708,1.0,4332
33,4,age_bin,mlp_h32,0.001,0.0,0.26502,1.0,4332
33,4,age_bin,mlp_h64,0.001,0.0,0.0885,1.0,4332
33,4,age_bin,mlp_h128,0.001,0.0,0.02633,1.0,4332
33,4,age_bin,attention,0.0001,1e-05,0.02348,1.0,4332
33,4,age_bin,shuffled,0.01,0.0001,1.16506,0.43306,4332
33,4,gender,ema_lr1e-3,0.001,0.0001,1.05064,0.494,4332
33,4,gender,ema_lr5e-3,0.005,0.0001,0.96967,0.50508,4332
33,4,gender,ema_lr1e-2,0.01,0.0001,0.9003,0.50623,4332
33,4,gender,ema_lr5e-2,0.05,0.0001,0.75153,0.51547,4332
33,4,gender,ema_lr1e-2_wd1e-3,0.01,0.001,0.89434,0.49423,4332
33,4,gender,ema_d0.99,0.01,0.0001,0.8515,0.51662,4332
33,4,gender,ema_d0.9999,0.01,0.0001,0.83288,0.52078,4332
33,4,gender,mlp_h16,0.001,0.0,0.69879,0.48407,4332
33,4,gender,mlp_h32,0.001,0.0,0.6996,0.49146,4332
33,4,gender,mlp_h64,0.001,0.0,0.69809,0.50185,4332
33,4,gender,mlp_h128,0.001,0.0,0.69626,0.50669,4332
33,4,gender,attention,0.0001,1e-05,0.69662,0.53125,4332
33,4,gender,shuffled,0.01,0.0001,0.88419,0.50439,4332
33,4,star_sign,ema_lr1e-3,0.001,0.0001,3.10281,0.07987,4332
33,4,star_sign,ema_lr5e-3,0.005,0.0001,2.96199,0.11057,4332
33,4,star_sign,ema_lr1e-2,0.01,0.0001,2.65358,0.1669,4332
33,4,star_sign,ema_lr5e-2,0.05,0.0001,1.55663,0.55448,4332
33,4,star_sign,ema_lr1e-2_wd1e-3,0.01,0.001,2.70627,0.15512,4332
33,4,star_sign,ema_d0.99,0.01,0.0001,2.72167,0.10342,4332
33,4,star_sign,ema_d0.9999,0.01,0.0001,2.72451,0.08841,4332
33,4,star_sign,mlp_h16,0.001,0.0,1.79625,0.69945,4332
33,4,star_sign,mlp_h32,0.001,0.0,0.84953,0.99977,4332
33,4,star_sign,mlp_h64,0.001,0.0,0.30493,1.0,4332
33,4,star_sign,mlp_h128,0.001,0.0,0.06385,1.0,4332
33,4,star_sign,attention,0.0001,1e-05,1.90453,1.0,4332
33,4,star_sign,shuffled,0.01,0.0001,2.73235,0.19229,4332
33,6,age_bin,ema_lr1e-3,0.001,0.0001,1.52894,0.34095,4332
33,6,age_bin,ema_lr5e-3,0.005,0.0001,1.48381,0.36196,4332
33,6,age_bin,ema_lr1e-2,0.01,0.0001,1.30998,0.40282,4332
33,6,age_bin,ema_lr5e-2,0.05,0.0001,0.56323,0.83356,4332
33,6,age_bin,ema_lr1e-2_wd1e-3,0.01,0.001,1.31371,0.37696,4332
33,6,age_bin,ema_d0.99,0.01,0.0001,1.31478,0.40097,4332
33,6,age_bin,ema_d0.9999,0.01,0.0001,1.25355,0.40905,4332
33,6,age_bin,mlp_h16,0.001,0.0,0.32854,1.0,4332
33,6,age_bin,mlp_h32,0.001,0.0,0.27148,0.99977,4332
33,6,age_bin,mlp_h64,0.001,0.0,0.14232,1.0,4332
33,6,age_bin,mlp_h128,0.001,0.0,0.04566,1.0,4332
33,6,age_bin,attention,0.0001,1e-05,0.07743,0.97656,4332
33,6,age_bin,shuffled,0.01,0.0001,1.32334,0.38943,4332
33,6,gender,ema_lr1e-3,0.001,0.0001,1.09051,0.49307,4332
33,6,gender,ema_lr5e-3,0.005,0.0001,0.99993,0.47853,4332
33,6,gender,ema_lr1e-2,0.01,0.0001,0.90329,0.51039,4332
33,6,gender,ema_lr5e-2,0.05,0.0001,0.79413,0.5,4332
33,6,gender,ema_lr1e-2_wd1e-3,0.01,0.001,0.9137,0.51847,4332
33,6,gender,ema_d0.99,0.01,0.0001,0.89348,0.53186,4332
33,6,gender,ema_d0.9999,0.01,0.0001,1.0185,0.48038,4332
33,6,gender,mlp_h16,0.001,0.0,0.70331,0.48777,4332
33,6,gender,mlp_h32,0.001,0.0,0.70184,0.497,4332
33,6,gender,mlp_h64,0.001,0.0,0.69959,0.50623,4332
33,6,gender,mlp_h128,0.001,0.0,0.70276,0.49377,4332
33,6,gender,attention,0.0001,1e-05,1.95472,0.50781,4332
33,6,gender,shuffled,0.01,0.0001,0.91206,0.51293,4332
33,6,star_sign,ema_lr1e-3,0.001,0.0001,3.14259,0.10734,4332
33,6,star_sign,ema_lr5e-3,0.005,0.0001,2.99613,0.12281,4332
33,6,star_sign,ema_lr1e-2,0.01,0.0001,2.9142,0.11911,4332
33,6,star_sign,ema_lr5e-2,0.05,0.0001,1.70185,0.48823,4332
33,6,star_sign,ema_lr1e-2_wd1e-3,0.01,0.001,2.78742,0.14589,4332
33,6,star_sign,ema_d0.99,0.01,0.0001,2.82551,0.11542,4332
33,6,star_sign,ema_d0.9999,0.01,0.0001,2.96084,0.09441,4332
33,6,star_sign,mlp_h16,0.001,0.0,1.94441,0.69114,4332
33,6,star_sign,mlp_h32,0.001,0.0,1.41689,0.97692,4332
33,6,star_sign,mlp_h64,0.001,0.0,0.72863,1.0,4332
33,6,star_sign,mlp_h128,0.001,0.0,0.14065,1.0,4332
33,6,star_sign,attention,0.0001,1e-05,0.01622,1.0,4332
33,6,star_sign,shuffled,0.01,0.0001,2.8703,0.12119,4332
34,0,age_bin,ema_lr1e-3,0.001,0.0001,1.59407,0.28731,3853
34,0,age_bin,ema_lr5e-3,0.005,0.0001,1.40747,0.36543,3853
34,0,age_bin,ema_lr1e-2,0.01,0.0001,1.24449,0.43628,3853
34,0,age_bin,ema_lr5e-2,0.05,0.0001,0.55271,0.87386,3853
34,0,age_bin,ema_lr1e-2_wd1e-3,0.01,0.001,1.23071,0.41786,3853
34,0,age_bin,ema_d0.99,0.01,0.0001,1.25788,0.41189,3853
34,0,age_bin,ema_d0.9999,0.01,0.0001,1.24164,0.4747,3853
34,0,age_bin,mlp_h16,0.001,0.0,0.63787,0.99611,3853
34,0,age_bin,mlp_h32,0.001,0.0,0.38926,1.0,3853
34,0,age_bin,mlp_h64,0.001,0.0,0.1855,1.0,3853
34,0,age_bin,mlp_h128,0.001,0.0,0.02497,1.0,3853
34,0,age_bin,attention,0.0001,1e-05,1.03232,1.0,3853
34,0,age_bin,shuffled,0.01,0.0001,1.25764,0.51285,3853
34,0,gender,ema_lr1e-3,0.001,0.0001,1.08855,0.50143,3853
34,0,gender,ema_lr5e-3,0.005,0.0001,1.01783,0.49157,3853
34,0,gender,ema_lr1e-2,0.01,0.0001,0.91581,0.49364,3853
34,0,gender,ema_lr5e-2,0.05,0.0001,0.79471,0.50792,3853
34,0,gender,ema_lr1e-2_wd1e-3,0.01,0.001,0.94244,0.483,3853
34,0,gender,ema_d0.99,0.01,0.0001,0.94573,0.50532,3853
34,0,gender,ema_d0.9999,0.01,0.0001,0.94133,0.51259,3853
34,0,gender,mlp_h16,0.001,0.0,0.69565,0.50973,3853
34,0,gender,mlp_h32,0.001,0.0,0.69423,0.51518,3853
34,0,gender,mlp_h64,0.001,0.0,0.69784,0.48534,3853
34,0,gender,mlp_h128,0.001,0.0,0.69751,0.49312,3853
34,0,gender,attention,0.0001,1e-05,0.69276,0.53125,3853
34,0,gender,shuffled,0.01,0.0001,0.9426,0.49494,3853
34,0,star_sign,ema_lr1e-3,0.001,0.0001,3.39233,0.06748,3853
34,0,star_sign,ema_lr5e-3,0.005,0.0001,3.04281,0.09317,3853
34,0,star_sign,ema_lr1e-2,0.01,0.0001,2.87234,0.21749,3853
34,0,star_sign,ema_lr5e-2,0.05,0.0001,1.6275,0.56268,3853
34,0,star_sign,ema_lr1e-2_wd1e-3,0.01,0.001,2.94895,0.14145,3853
34,0,star_sign,ema_d0.99,0.01,0.0001,2.87065,0.10018,3853
34,0,star_sign,ema_d0.9999,0.01,0.0001,2.85516,0.10433,3853
34,0,star_sign,mlp_h16,0.001,0.0,1.72338,0.77524,3853
34,0,star_sign,mlp_h32,0.001,0.0,0.83938,0.99974,3853
34,0,star_sign,mlp_h64,0.001,0.0,0.88055,1.0,3853
34,0,star_sign,mlp_h128,0.001,0.0,0.11976,1.0,3853
34,0,star_sign,attention,0.0001,1e-05,2.41884,1.0,3853
34,0,star_sign,shuffled,0.01,0.0001,2.88057,0.08772,3853
34,4,age_bin,ema_lr1e-3,0.001,0.0001,1.44706,0.33325,3853
34,4,age_bin,ema_lr5e-3,0.005,0.0001,1.33011,0.34363,3853
34,4,age_bin,ema_lr1e-2,0.01,0.0001,1.12315,0.43317,3853
34,4,age_bin,ema_lr5e-2,0.05,0.0001,0.52922,0.87231,3853
34,4,age_bin,ema_lr1e-2_wd1e-3,0.01,0.001,1.19818,0.44018,3853
34,4,age_bin,ema_d0.99,0.01,0.0001,1.15835,0.44744,3853
34,4,age_bin,ema_d0.9999,0.01,0.0001,1.21877,0.42564,3853
34,4,age_bin,mlp_h16,0.001,0.0,0.43611,1.0,3853
34,4,age_bin,mlp_h32,0.001,0.0,0.25207,1.0,3853
34,4,age_bin,mlp_h64,0.001,0.0,0.08308,1.0,3853
34,4,age_bin,mlp_h128,0.001,0.0,0.0254,1.0,3853
34,4,age_bin,attention,0.0001,1e-05,0.01477,1.0,3853
34,4,age_bin,shuffled,0.01,0.0001,1.21197,0.40722,3853
34,4,gender,ema_lr1e-3,0.001,0.0001,1.04619,0.48949,3853
34,4,gender,ema_lr5e-3,0.005,0.0001,0.98859,0.48482,3853
34,4,gender,ema_lr1e-2,0.01,0.0001,0.88914,0.49857,3853
34,4,gender,ema_lr5e-2,0.05,0.0001,0.74762,0.53647,3853
34,4,gender,ema_lr1e-2_wd1e-3,0.01,0.001,0.88406,0.49727,3853
34,4,gender,ema_d0.99,0.01,0.0001,0.86982,0.50792,3853
34,4,gender,ema_d0.9999,0.01,0.0001,0.89722,0.46899,3853
34,4,gender,mlp_h16,0.001,0.0,0.69252,0.5196,3853
34,4,gender,mlp_h32,0.001,0.0,0.69159,0.52816,3853
34,4,gender,mlp_h64,0.001,0.0,0.69573,0.50895,3853
34,4,gender,mlp_h128,0.001,0.0,0.6983,0.49676,3853
34,4,gender,attention,0.0001,1e-05,0.69811,0.49219,3853
34,4,gender,shuffled,0.01,0.0001,0.86596,0.49208,3853
34,4,star_sign,ema_lr1e-3,0.001,0.0001,3.1689,0.06956,3853
34,4,star_sign,ema_lr5e-3,0.005,0.0001,2.98678,0.10174,3853
34,4,star_sign,ema_lr1e-2,0.01,0.0001,2.65785,0.16117,3853
34,4,star_sign,ema_lr5e-2,0.05,0.0001,1.49468,0.59953,3853
34,4,star_sign,ema_lr1e-2_wd1e-3,0.01,0.001,2.6599,0.16455,3853
34,4,star_sign,ema_d0.99,0.01,0.0001,2.68631,0.1251,3853
34,4,star_sign,ema_d0.9999,0.01,0.0001,2.70073,0.09058,3853
34,4,star_sign,mlp_h16,0.001,0.0,1.76336,0.73942,3853
34,4,star_sign,mlp_h32,0.001,0.0,0.81719,1.0,3853
34,4,star_sign,mlp_h64,0.001,0.0,0.28183,1.0,3853
34,4,star_sign,mlp_h128,0.001,0.0,0.0604,1.0,3853
34,4,star_sign,attention,0.0001,1e-05,1.88386,1.0,3853
34,4,star_sign,shuffled,0.01,0.0001,2.75057,0.18609,3853
34,6,age_bin,ema_lr1e-3,0.001,0.0001,1.53274,0.34596,3853
34,6,age_bin,ema_lr5e-3,0.005,0.0001,1.44103,0.37815,3853
34,6,age_bin,ema_lr1e-2,0.01,0.0001,1.3563,0.38022,3853
34,6,age_bin,ema_lr5e-2,0.05,0.0001,0.55462,0.84635,3853
34,6,age_bin,ema_lr1e-2_wd1e-3,0.01,0.001,1.27736,0.40332,3853
34,6,age_bin,ema_d0.99,0.01,0.0001,1.27658,0.41578,3853
34,6,age_bin,ema_d0.9999,0.01,0.0001,1.27214,0.40099,3853
34,6,age_bin,mlp_h16,0.001,0.0,0.30683,1.0,3853
34,6,age_bin,mlp_h32,0.001,0.0,0.25879,1.0,3853
34,6,age_bin,mlp_h64,0.001,0.0,0.13434,1.0,3853
34,6,age_bin,mlp_h128,0.001,0.0,0.04184,1.0,3853
34,6,age_bin,attention,0.0001,1e-05,0.03199,0.98438,3853
34,6,age_bin,shuffled,0.01,0.0001,1.25041,0.42564,3853
34,6,gender,ema_lr1e-3,0.001,0.0001,1.07533,0.49182,3853
34,6,gender,ema_lr5e-3,0.005,0.0001,0.95142,0.51596,3853
34,6,gender,ema_lr1e-2,0.01,0.0001,0.89603,0.51077,3853
34,6,gender,ema_lr5e-2,0.05,0.0001,0.79903,0.47989,3853
34,6,gender,ema_lr1e-2_wd1e-3,0.01,0.001,0.87564,0.53257,3853
34,6,gender,ema_d0.99,0.01,0.0001,0.92068,0.50688,3853
34,6,gender,ema_d0.9999,0.01,0.0001,0.96701,0.49883,3853
34,6,gender,mlp_h16,0.001,0.0,0.69206,0.51985,3853
34,6,gender,mlp_h32,0.001,0.0,0.68767,0.55048,3853
34,6,gender,mlp_h64,0.001,0.0,0.68771,0.54036,3853
34,6,gender,mlp_h128,0.001,0.0,0.693,0.51752,3853
34,6,gender,attention,0.0001,1e-05,1.80691,0.44531,3853
34,6,gender,shuffled,0.01,0.0001,0.8952,0.51207,3853
34,6,star_sign,ema_lr1e-3,0.001,0.0001,3.23578,0.09291,3853
34,6,star_sign,ema_lr5e-3,0.005,0.0001,3.05357,0.11264,3853
34,6,star_sign,ema_lr1e-2,0.01,0.0001,2.99847,0.09525,3853
34,6,star_sign,ema_lr5e-2,0.05,0.0001,1.61681,0.5388,3853
34,6,star_sign,ema_lr1e-2_wd1e-3,0.01,0.001,2.82991,0.15209,3853
34,6,star_sign,ema_d0.99,0.01,0.0001,2.84887,0.11264,3853
34,6,star_sign,ema_d0.9999,0.01,0.0001,2.8505,0.11446,3853
34,6,star_sign,mlp_h16,0.001,0.0,1.90708,0.72723,3853
34,6,star_sign,mlp_h32,0.001,0.0,1.36195,0.98495,3853
34,6,star_sign,mlp_h64,0.001,0.0,0.68455,1.0,3853
34,6,star_sign,mlp_h128,0.001,0.0,0.12422,1.0,3853
34,6,star_sign,attention,0.0001,1e-05,0.29832,0.95312,3853
34,6,star_sign,shuffled,0.01,0.0001,2.89461,0.11575,3853
35,0,age_bin,ema_lr1e-3,0.001,0.0001,1.60709,0.29334,4309
35,0,age_bin,ema_lr5e-3,0.005,0.0001,1.39947,0.38663,4309
35,0,age_bin,ema_lr1e-2,0.01,0.0001,1.25024,0.42748,4309
35,0,age_bin,ema_lr5e-2,0.05,0.0001,0.51764,0.89882,4309
35,0,age_bin,ema_lr1e-2_wd1e-3,0.01,0.001,1.23846,0.41286,4309
35,0,age_bin,ema_d0.99,0.01,0.0001,1.26653,0.40868,4309
35,0,age_bin,ema_d0.9999,0.01,0.0001,1.24604,0.47041,4309
35,0,age_bin,mlp_h16,0.001,0.0,0.63361,0.99675,4309
35,0,age_bin,mlp_h32,0.001,0.0,0.37361,1.0,4309
35,0,age_bin,mlp_h64,0.001,0.0,0.1723,1.0,4309
35,0,age_bin,mlp_h128,0.001,0.0,0.02301,1.0,4309
35,0,age_bin,attention,0.0001,1e-05,1.02994,1.0,4309
35,0,age_bin,shuffled,0.01,0.0001,1.2798,0.51706,4309
35,0,gender,ema_lr1e-3,0.001,0.0001,1.05394,0.4978,4309
35,0,gender,ema_lr5e-3,0.005,0.0001,1.01835,0.5036,4309
35,0,gender,ema_lr1e-2,0.01,0.0001,0.9202,0.50244,4309
35,0,gender,ema_lr5e-2,0.05,0.0001,0.80672,0.49037,4309
35,0,gender,ema_lr1e-2_wd1e-3,0.01,0.001,0.93377,0.5022,4309
35,0,gender,ema_d0.99,0.01,0.0001,0.94045,0.49014,4309
35,0,gender,ema_d0.9999,0.01,0.0001,0.97773,0.50406,4309
35,0,gender,mlp_h16,0.001,0.0,0.69948,0.47412,4309
35,0,gender,mlp_h32,0.001,0.0,0.69905,0.47389,4309
35,0,gender,mlp_h64,0.001,0.0,0.69271,0.51613,4309
35,0,gender,mlp_h128,0.001,0.0,0.68958,0.52796,4309
35,0,gender,attention,0.0001,1e-05,0.6934,0.46875,4309
35,0,gender,shuffled,0.01,0.0001,0.93459,0.5094,4309
35,0,star_sign,ema_lr1e-3,0.001,0.0001,3.33711,0.06452,4309
35,0,star_sign,ema_lr5e-3,0.005,0.0001,3.03858,0.08796,4309
35,0,star_sign,ema_lr1e-2,0.01,0.0001,2.8474,0.22557,4309
35,0,star_sign,ema_lr5e-2,0.05,0.0001,1.59572,0.57809,4309
35,0,star_sign,ema_lr1e-2_wd1e-3,0.01,0.001,2.8152,0.165,4309
35,0,star_sign,ema_d0.99,0.01,0.0001,2.89533,0.09886,4309
35,0,star_sign,ema_d0.9999,0.01,0.0001,2.82329,0.10815,4309
35,0,star_sign,mlp_h16,0.001,0.0,1.68747,0.77628,4309
35,0,star_sign,mlp_h32,0.001,0.0,0.80536,1.0,4309
35,0,star_sign,mlp_h64,0.001,0.0,0.82662,1.0,4309
35,0,star_sign,mlp_h128,0.001,0.0,0.10844,1.0,4309
35,0,star_sign,attention,0.0001,1e-05,2.41623,1.0,4309
35,0,star_sign,shuffled,0.01,0.0001,2.86304,0.09028,4309
35,4,age_bin,ema_lr1e-3,0.001,0.0001,1.4647,0.32397,4309
35,4,age_bin,ema_lr5e-3,0.005,0.0001,1.32981,0.34927,4309
35,4,age_bin,ema_lr1e-2,0.01,0.0001,1.1374,0.43421,4309
35,4,age_bin,ema_lr5e-2,0.05,0.0001,0.54052,0.86888,4309
35,4,age_bin,ema_lr1e-2_wd1e-3,0.01,0.001,1.24919,0.41379,4309
35,4,age_bin,ema_d0.99,0.01,0.0001,1.12903,0.46925,4309
35,4,age_bin,ema_d0.9999,0.01,0.0001,1.18417,0.42469,4309
35,4,age_bin,mlp_h16,0.001,0.0,0.41417,0.99977,4309
35,4,age_bin,mlp_h32,0.001,0.0,0.23516,1.0,4309
35,4,age_bin,mlp_h64,0.001,0.0,0.07397,1.0,4309
35,4,age_bin,mlp_h128,0.001,0.0,0.02207,1.0,4309
35,4,age_bin,attention,0.0001,1e-05,0.01187,1.0,4309
35,4,age_bin,shuffled,0.01,0.0001,1.16519,0.42794,4309
35,4,gender,ema_lr1e-3,0.001,0.0001,0.99364,0.52588,4309
35,4,gender,ema_lr5e-3,0.005,0.0001,1.00349,0.48364,4309
35,4,gender,ema_lr1e-2,0.01,0.0001,0.85648,0.5282,4309
35,4,gender,ema_lr5e-2,0.05,0.0001,0.75973,0.51891,4309
35,4,gender,ema_lr1e-2_wd1e-3,0.01,0.001,0.90223,0.479,4309
35,4,gender,ema_d0.99,0.01,0.0001,0.89858,0.47552,4309
35,4,gender,ema_d0.9999,0.01,0.0001,0.86183,0.49896,4309
35,4,gender,mlp_h16,0.001,0.0,0.70131,0.48109,4309
35,4,gender,mlp_h32,0.001,0.0,0.70113,0.48016,4309
35,4,gender,mlp_h64,0.001,0.0,0.69266,0.51636,4309
35,4,gender,mlp_h128,0.001,0.0,0.69084,0.52123,4309
35,4,gender,attention,0.0001,1e-05,0.69818,0.51562,4309
35,4,gender,shuffled,0.01,0.0001,0.87527,0.50592,4309
35,4,star_sign,ema_lr1e-3,0.001,0.0001,3.11532,0.08215,4309
35,4,star_sign,ema_lr5e-3,0.005,0.0001,2.98853,0.11047,4309
35,4,star_sign,ema_lr1e-2,0.01,0.0001,2.67414,0.15433,4309
35,4,star_sign,ema_lr5e-2,0.05,0.0001,1.47554,0.61406,4309
35,4,star_sign,ema_lr1e-2_wd1e-3,0.01,0.001,2.67703,0.1592,4309
35,4,star_sign,ema_d0.99,0.01,0.0001,2.65694,0.12369,4309
35,4,star_sign,ema_d0.9999,0.01,0.0001,2.7117,0.08749,4309
35,4,star_sign,mlp_h16,0.001,0.0,1.73895,0.76584,4309
35,4,star_sign,mlp_h32,0.001,0.0,0.76524,0.99977,4309
35,4,star_sign,mlp_h64,0.001,0.0,0.24847,1.0,4309
35,4,star_sign,mlp_h128,0.001,0.0,0.05108,1.0,4309
35,4,star_sign,attention,0.0001,1e-05,1.8715,1.0,4309
35,4,star_sign,shuffled,0.01,0.0001,2.72389,0.19355,4309
35,6,age_bin,ema_lr1e-3,0.001,0.0001,1.53851,0.34648,4309
35,6,age_bin,ema_lr5e-3,0.005,0.0001,1.4664,0.39035,4309
35,6,age_bin,ema_lr1e-2,0.01,0.0001,1.3191,0.39267,4309
35,6,age_bin,ema_lr5e-2,0.05,0.0001,0.56777,0.8285,4309
35,6,age_bin,ema_lr1e-2_wd1e-3,0.01,0.001,1.23538,0.43049,4309
35,6,age_bin,ema_d0.99,0.01,0.0001,1.27926,0.42191,4309
35,6,age_bin,ema_d0.9999,0.01,0.0001,1.2032,0.43351,4309
35,6,age_bin,mlp_h16,0.001,0.0,0.29563,1.0,4309
35,6,age_bin,mlp_h32,0.001,0.0,0.24134,1.0,4309
35,6,age_bin,mlp_h64,0.001,0.0,0.1225,1.0,4309
35,6,age_bin,mlp_h128,0.001,0.0,0.03862,1.0,4309
35,6,age_bin,attention,0.0001,1e-05,0.04848,0.99219,4309
35,6,age_bin,shuffled,0.01,0.0001,1.25137,0.411,4309
35,6,gender,ema_lr1e-3,0.001,0.0001,1.0886,0.49385,4309
35,6,gender,ema_lr5e-3,0.005,0.0001,1.02941,0.46623,4309
35,6,gender,ema_lr1e-2,0.01,0.0001,0.91818,0.50545,4309
35,6,gender,ema_lr5e-2,0.05,0.0001,0.77906,0.49617,4309
35,6,gender,ema_lr1e-2_wd1e-3,0.01,0.001,0.92059,0.50476,4309
35,6,gender,ema_d0.99,0.01,0.0001,0.88156,0.53516,4309
35,6,gender,ema_d0.9999,0.01,0.0001,1.06125,0.47853,4309
35,6,gender,mlp_h16,0.001,0.0,0.69713,0.50522,4309
35,6,gender,mlp_h32,0.001,0.0,0.69951,0.49339,4309
35,6,gender,mlp_h64,0.001,0.0,0.69233,0.51961,4309
35,6,gender,mlp_h128,0.001,0.0,0.6845,0.52913,4309
35,6,gender,attention,0.0001,1e-05,1.54297,0.50781,4309
35,6,gender,shuffled,0.01,0.0001,0.91135,0.50499,4309
35,6,star_sign,ema_lr1e-3,0.001,0.0001,3.20454,0.09353,4309
35,6,star_sign,ema_lr5e-3,0.005,0.0001,3.06475,0.10536,4309
35,6,star_sign,ema_lr1e-2,0.01,0.0001,2.93551,0.10606,4309
35,6,star_sign,ema_lr5e-2,0.05,0.0001,1.59331,0.5456,4309
35,6,star_sign,ema_lr1e-2_wd1e-3,0.01,0.001,2.88695,0.13275,4309
35,6,star_sign,ema_d0.99,0.01,0.0001,2.78927,0.11604,4309
35,6,star_sign,ema_d0.9999,0.01,0.0001,2.88746,0.10768,4309
35,6,star_sign,mlp_h16,0.001,0.0,1.89567,0.72383,4309
35,6,star_sign,mlp_h32,0.001,0.0,1.32019,0.98468,4309
35,6,star_sign,mlp_h64,0.001,0.0,0.62338,1.0,4309
35,6,star_sign,mlp_h128,0.001,0.0,0.11029,1.0,4309
35,6,star_sign,attention,0.0001,1e-05,0.185,0.95312,4309
35,6,star_sign,shuffled,0.01,0.0001,2.80558,0.12718,4309
36,0,age_bin,ema_lr1e-3,0.001,0.0001,1.62275,0.28436,4023
36,0,age_bin,ema_lr5e-3,0.005,0.0001,1.39631,0.36838,4023
36,0,age_bin,ema_lr1e-2,0.01,0.0001,1.28111,0.42158,4023
36,0,age_bin,ema_lr5e-2,0.05,0.0001,0.51812,0.88889,4023
36,0,age_bin,ema_lr1e-2_wd1e-3,0.01,0.001,1.24645,0.40268,4023
36,0,age_bin,ema_d0.99,0.01,0.0001,1.27892,0.40492,4023
36,0,age_bin,ema_d0.9999,0.01,0.0001,1.268,0.45588,4023
36,0,age_bin,mlp_h16,0.001,0.0,0.61511,0.99851,4023
36,0,age_bin,mlp_h32,0.001,0.0,0.36105,1.0,4023
36,0,age_bin,mlp_h64,0.001,0.0,0.16391,1.0,4023
36,0,age_bin,mlp_h128,0.001,0.0,0.0219,1.0,4023
36,0,age_bin,attention,0.0001,1e-05,1.0282,1.0,4023
36,0,age_bin,shuffled,0.01,0.0001,1.28651,0.50808,4023
36,0,gender,ema_lr1e-3,0.001,0.0001,1.10236,0.48894,4023
36,0,gender,ema_lr5e-3,0.005,0.0001,1.03158,0.49714,4023
36,0,gender,ema_lr1e-2,0.01,0.0001,0.917,0.5041,4023
36,0,gender,ema_lr5e-2,0.05,0.0001,0.78898,0.5041,4023
36,0,gender,ema_lr1e-2_wd1e-3,0.01,0.001,0.93119,0.4949,4023
36,0,gender,ema_d0.99,0.01,0.0001,0.92226,0.51007,4023
36,0,gender,ema_d0.9999,0.01,0.0001,0.96965,0.49838,4023
36,0,gender,mlp_h16,0.001,0.0,0.69552,0.50336,4023
36,0,gender,mlp_h32,0.001,0.0,0.6954,0.50932,4023
36,0,gender,mlp_h64,0.001,0.0,0.694,0.51404,4023
36,0,gender,mlp_h128,0.001,0.0,0.69495,0.52051,4023
36,0,gender,attention,0.0001,1e-05,0.69287,0.52344,4023
36,0,gender,shuffled,0.01,0.0001,0.93647,0.50435,4023
36,0,star_sign,ema_lr1e-3,0.001,0.0001,3.30705,0.07631,4023
36,0,star_sign,ema_lr5e-3,0.005,0.0001,2.99565,0.09993,4023
36,0,star_sign,ema_lr1e-2,0.01,0.0001,2.86676,0.21576,4023
36,0,star_sign,ema_lr5e-2,0.05,0.0001,1.57134,0.58091,4023
36,0,star_sign,ema_lr1e-2_wd1e-3,0.01,0.001,2.8873,0.13746,4023
36,0,star_sign,ema_d0.99,0.01,0.0001,2.87633,0.10291,4023
36,0,star_sign,ema_d0.9999,0.01,0.0001,2.87725,0.10539,4023
36,0,star_sign,mlp_h16,0.001,0.0,1.67409,0.77728,4023
36,0,star_sign,mlp_h32,0.001,0.0,0.77043,1.0,4023
36,0,star_sign,mlp_h64,0.001,0.0,0.78078,1.0,4023
36,0,star_sign,mlp_h128,0.001,0.0,0.09954,1.0,4023
36,0,star_sign,attention,0.0001,1e-05,2.41361,1.0,4023
36,0,star_sign,shuffled,0.01,0.0001,2.84666,0.0952,4023
36,4,age_bin,ema_lr1e-3,0.001,0.0001,1.47914,0.3214,4023
36,4,age_bin,ema_lr5e-3,0.005,0.0001,1.31615,0.3475,4023
36,4,age_bin,ema_lr1e-2,0.01,0.0001,1.12365,0.44966,4023
36,4,age_bin,ema_lr5e-2,0.05,0.0001,0.51509,0.88441,4023
36,4,age_bin,ema_lr1e-2_wd1e-3,0.01,0.001,1.20115,0.435,4023
36,4,age_bin,ema_d0.99,0.01,0.0001,1.16334,0.43649,4023
36,4,age_bin,ema_d0.9999,0.01,0.0001,1.15022,0.4432,4023
36,4,age_bin,mlp_h16,0.001,0.0,0.39834,1.0,4023
36,4,age_bin,mlp_h32,0.001,0.0,0.21645,1.0,4023
36,4,age_bin,mlp_h64,0.001,0.0,0.06659,1.0,4023
36,4,age_bin,mlp_h128,0.001,0.0,0.02031,1.0,4023
36,4,age_bin,attention,0.0001,1e-05,0.01228,1.0,4023
36,4,age_bin,shuffled,0.01,0.0001,1.18465,0.41586,4023
36,4,gender,ema_lr1e-3,0.001,0.0001,1.02955,0.49441,4023
36,4,gender,ema_lr5e-3,0.005,0.0001,0.98112,0.50012,4023
36,4,gender,ema_lr1e-2,0.01,0.0001,0.88546,0.49863,4023
36,4,gender,ema_lr5e-2,0.05,0.0001,0.75468,0.50708,4023
36,4,gender,ema_lr1e-2_wd1e-3,0.01,0.001,0.8864,0.49938,4023
36,4,gender,ema_d0.99,0.01,0.0001,0.86114,0.49615,4023
36,4,gender,ema_d0.9999,0.01,0.0001,0.84037,0.50385,4023
36,4,gender,mlp_h16,0.001,0.0,0.69373,0.50559,4023
36,4,gender,mlp_h32,0.001,0.0,0.6946,0.51355,4023
36,4,gender,mlp_h64,0.001,0.0,0.69573,0.49988,4023
36,4,gender,mlp_h128,0.001,0.0,0.69698,0.4949,4023
36,4,gender,attention,0.0001,1e-05,0.69156,0.53125,4023
36,4,gender,shuffled,0.01,0.0001,0.88533,0.48571,4023
36,4,star_sign,ema_lr1e-3,0.001,0.0001,3.12457,0.08402,4023
36,4,star_sign,ema_lr5e-3,0.005,0.0001,2.9939,0.10788,4023
36,4,star_sign,ema_lr1e-2,0.01,0.0001,2.62882,0.15337,4023
36,4,star_sign,ema_lr5e-2,0.05,0.0001,1.45518,0.6182,4023
36,4,star_sign,ema_lr1e-2_wd1e-3,0.01,0.001,2.67051,0.1648,4023
36,4,star_sign,ema_d0.99,0.01,0.0001,2.6837,0.11832,4023
36,4,star_sign,ema_d0.9999,0.01,0.0001,2.69948,0.08625,4023
36,4,star_sign,mlp_h16,0.001,0.0,1.69861,0.79244,4023
36,4,star_sign,mlp_h32,0.001,0.0,0.71011,1.0,4023
36,4,star_sign,mlp_h64,0.001,0.0,0.21749,1.0,4023
36,4,star_sign,mlp_h128,0.001,0.0,0.04407,1.0,4023
36,4,star_sign,attention,0.0001,1e-05,1.84888,1.0,4023
36,4,star_sign,shuffled,0.01,0.0001,2.69476,0.18991,4023
36,6,age_bin,ema_lr1e-3,0.001,0.0001,1.5808,0.33706,4023
36,6,age_bin,ema_lr5e-3,0.005,0.0001,1.47823,0.35844,4023
36,6,age_bin,ema_lr1e-2,0.01,0.0001,1.28378,0.41312,4023
36,6,age_bin,ema_lr5e-2,0.05,0.0001,0.53579,0.85856,4023
36,6,age_bin,ema_lr1e-2_wd1e-3,0.01,0.001,1.2449,0.41312,4023
36,6,age_bin,ema_d0.99,0.01,0.0001,1.29767,0.4002,4023
36,6,age_bin,ema_d0.9999,0.01,0.0001,1.20872,0.43152,4023
36,6,age_bin,mlp_h16,0.001,0.0,0.28838,1.0,4023
36,6,age_bin,mlp_h32,0.001,0.0,0.23193,1.0,4023
36,6,age_bin,mlp_h64,0.001,0.0,0.1153,1.0,4023
36,6,age_bin,mlp_h128,0.001,0.0,0.03642,1.0,4023
36,6,age_bin,attention,0.0001,1e-05,0.05732,0.98438,4023
36,6,age_bin,shuffled,0.01,0.0001,1.2123,0.42928,4023
36,6,gender,ema_lr1e-3,0.001,0.0001,0.99016,0.53144,4023
36,6,gender,ema_lr5e-3,0.005,0.0001,0.97488,0.48596,4023
36,6,gender,ema_lr1e-2,0.01,0.0001,0.93636,0.48123,4023
36,6,gender,ema_lr5e-2,0.05,0.0001,0.75719,0.51206,4023
36,6,gender,ema_lr1e-2_wd1e-3,0.01,0.001,0.92758,0.50783,4023
36,6,gender,ema_d0.99,0.01,0.0001,0.9104,0.50808,4023
36,6,gender,ema_d0.9999,0.01,0.0001,0.93492,0.51131,4023
36,6,gender,mlp_h16,0.001,0.0,0.68614,0.5384,4023
36,6,gender,mlp_h32,0.001,0.0,0.68596,0.54611,4023
36,6,gender,mlp_h64,0.001,0.0,0.69063,0.51404,4023
36,6,gender,mlp_h128,0.001,0.0,0.69168,0.53095,4023
36,6,gender,attention,0.0001,1e-05,1.76752,0.46875,4023
36,6,gender,shuffled,0.01,0.0001,0.89577,0.50684,4023
36,6,star_sign,ema_lr1e-3,0.001,0.0001,3.19844,0.09495,4023
36,6,star_sign,ema_lr5e-3,0.005,0.0001,3.02331,0.11459,4023
36,6,star_sign,ema_lr1e-2,0.01,0.0001,2.93388,0.10316,4023
36,6,star_sign,ema_lr5e-2,0.05,0.0001,1.58249,0.5476,4023
36,6,star_sign,ema_lr1e-2_wd1e-3,0.01,0.001,2.78973,0.15063,4023
36,6,star_sign,ema_d0.99,0.01,0.0001,2.79073,0.12851,4023
36,6,star_sign,ema_d0.9999,0.01,0.0001,2.83269,0.11484,4023
36,6,star_sign,mlp_h16,0.001,0.0,1.85964,0.76808,4023
36,6,star_sign,mlp_h32,0.001,0.0,1.26516,0.98881,4023
36,6,star_sign,mlp_h64,0.001,0.0,0.59695,1.0,4023
36,6,star_sign,mlp_h128,0.001,0.0,0.09918,1.0,4023
36,6,star_sign,attention,0.0001,1e-05,0.31886,0.96875,4023
36,6,star_sign,shuffled,0.01,0.0001,2.87648,0.10117,4023
37,0,age_bin,ema_lr1e-3,0.001,0.0001,1.58013,0.30307,4009
37,0,age_bin,ema_lr5e-3,0.005,0.0001,1.35114,0.38912,4009
37,0,age_bin,ema_lr1e-2,0.01,0.0001,1.22019,0.43303,4009
37,0,age_bin,ema_lr5e-2,0.05,0.0001,0.49989,0.90097,4009
37,0,age_bin,ema_lr1e-2_wd1e-3,0.01,0.001,1.22997,0.40733,4009
37,0,age_bin,ema_d0.99,0.01,0.0001,1.24312,0.41831,4009
37,0,age_bin,ema_d0.9999,0.01,0.0001,1.22747,0.4677,4009
37,0,age_bin,mlp_h16,0.001,0.0,0.60096,0.99825,4009
37,0,age_bin,mlp_h32,0.001,0.0,0.33862,1.0,4009
37,0,age_bin,mlp_h64,0.001,0.0,0.15025,1.0,4009
37,0,age_bin,mlp_h128,0.001,0.0,0.01989,1.0,4009
37,0,age_bin,attention,0.0001,1e-05,1.02656,1.0,4009
37,0,age_bin,shuffled,0.01,0.0001,1.24107,0.52108,4009
37,0,gender,ema_lr1e-3,0.001,0.0001,1.09778,0.48217,4009
37,0,gender,ema_lr5e-3,0.005,0.0001,1.03894,0.4879,4009
37,0,gender,ema_lr1e-2,0.01,0.0001,0.93787,0.48765,4009
37,0,gender,ema_lr5e-2,0.05,0.0001,0.79364,0.50312,4009
37,0,gender,ema_lr1e-2_wd1e-3,0.01,0.001,0.94736,0.49489,4009
37,0,gender,ema_d0.99,0.01,0.0001,0.93891,0.49613,4009
37,0,gender,ema_d0.9999,0.01,0.0001,0.94415,0.5101,4009
37,0,gender,mlp_h16,0.001,0.0,0.69353,0.50886,4009
37,0,gender,mlp_h32,0.001,0.0,0.69386,0.51609,4009
37,0,gender,mlp_h64,0.001,0.0,0.69456,0.50237,4009
37,0,gender,mlp_h128,0.001,0.0,0.6982,0.51085,4009
37,0,gender,attention,0.0001,1e-05,0.69255,0.51562,4009
37,0,gender,shuffled,0.01,0.0001,0.9477,0.49539,4009
37,0,star_sign,ema_lr1e-3,0.001,0.0001,3.29558,0.07159,4009
37,0,star_sign,ema_lr5e-3,0.005,0.0001,3.00243,0.09578,4009
37,0,star_sign,ema_lr1e-2,0.01,0.0001,2.83428,0.21976,4009
37,0,star_sign,ema_lr5e-2,0.05,0.0001,1.52067,0.60215,4009
37,0,star_sign,ema_lr1e-2_wd1e-3,0.01,0.001,2.82867,0.15715,4009
37,0,star_sign,ema_d0.99,0.01,0.0001,2.84954,0.10551,4009
37,0,star_sign,ema_d0.9999,0.01,0.0001,2.82611,0.09853,4009
37,0,star_sign,mlp_h16,0.001,0.0,1.62584,0.8017,4009
37,0,star_sign,mlp_h32,0.001,0.0,0.72378,1.0,4009
37,0,star_sign,mlp_h64,0.001,0.0,0.72393,1.0,4009
37,0,star_sign,mlp_h128,0.001,0.0,0.08572,1.0,4009
37,0,star_sign,attention,0.0001,1e-05,2.41165,1.0,4009
37,0,star_sign,shuffled,0.01,0.0001,2.85419,0.07982,4009
37,4,age_bin,ema_lr1e-3,0.001,0.0001,1.37344,0.34921,4009
37,4,age_bin,ema_lr5e-3,0.005,0.0001,1.27756,0.36917,4009
37,4,age_bin,ema_lr1e-2,0.01,0.0001,1.12462,0.44849,4009
37,4,age_bin,ema_lr5e-2,0.05,0.0001,0.51061,0.88501,4009
37,4,age_bin,ema_lr1e-2_wd1e-3,0.01,0.001,1.18438,0.44325,4009
37,4,age_bin,ema_d0.99,0.01,0.0001,1.13939,0.46271,4009
37,4,age_bin,ema_d0.9999,0.01,0.0001,1.17223,0.43253,4009
37,4,age_bin,mlp_h16,0.001,0.0,0.38581,1.0,4009
37,4,age_bin,mlp_h32,0.001,0.0,0.20469,1.0,4009
37,4,age_bin,mlp_h64,0.001,0.0,0.06121,1.0,4009
37,4,age_bin,mlp_h128,0.001,0.0,0.01893,1.0,4009
37,4,age_bin,attention,0.0001,1e-05,0.00571,1.0,4009
37,4,age_bin,shuffled,0.01,0.0001,1.17372,0.4228,4009
37,4,gender,ema_lr1e-3,0.001,0.0001,1.08686,0.47917,4009
37,4,gender,ema_lr5e-3,0.005,0.0001,0.95101,0.50037,4009
37,4,gender,ema_lr1e-2,0.01,0.0001,0.87573,0.51609,4009
37,4,gender,ema_lr5e-2,0.05,0.0001,0.77837,0.47942,4009
37,4,gender,ema_lr1e-2_wd1e-3,0.01,0.001,0.89885,0.48391,4009
37,4,gender,ema_d0.99,0.01,0.0001,0.84895,0.51434,4009
37,4,gender,ema_d0.9999,0.01,0.0001,0.84077,0.49314,4009
37,4,gender,mlp_h16,0.001,0.0,0.69267,0.51559,4009
37,4,gender,mlp_h32,0.001,0.0,0.69231,0.51783,4009
37,4,gender,mlp_h64,0.001,0.0,0.69362,0.51709,4009
37,4,gender,mlp_h128,0.001,0.0,0.69803,0.50162,4009
37,4,gender,attention,0.0001,1e-05,0.69721,0.46875,4009
37,4,gender,shuffled,0.01,0.0001,0.86596,0.5091,4009
37,4,star_sign,ema_lr1e-3,0.001,0.0001,3.11312,0.08182,4009
37,4,star_sign,ema_lr5e-3,0.005,0.0001,3.00063,0.112,4009
37,4,star_sign,ema_lr1e-2,0.01,0.0001,2.61309,0.17311,4009
37,4,star_sign,ema_lr5e-2,0.05,0.0001,1.44229,0.62435,4009
37,4,star_sign,ema_lr1e-2_wd1e-3,0.01,0.001,2.66464,0.15565,4009
37,4,star_sign,ema_d0.99,0.01,0.0001,2.66827,0.12247,4009
37,4,star_sign,ema_d0.9999,0.01,0.0001,2.71748,0.08805,4009
37,4,star_sign,mlp_h16,0.001,0.0,1.67427,0.81068,4009
37,4,star_sign,mlp_h32,0.001,0.0,0.6688,1.0,4009
37,4,star_sign,mlp_h64,0.001,0.0,0.20171,1.0,4009
37,4,star_sign,mlp_h128,0.001,0.0,0.04051,1.0,4009
37,4,star_sign,attention,0.0001,1e-05,1.83225,1.0,4009
37,4,star_sign,shuffled,0.01,0.0001,2.69639,0.20753,4009
37,6,age_bin,ema_lr1e-3,0.001,0.0001,1.50837,0.3537,4009
37,6,age_bin,ema_lr5e-3,0.005,0.0001,1.39312,0.4021,4009
37,6,age_bin,ema_lr1e-2,0.01,0.0001,1.24299,0.42928,4009
37,6,age_bin,ema_lr5e-2,0.05,0.0001,0.52152,0.86131,4009
37,6,age_bin,ema_lr1e-2_wd1e-3,0.01,0.001,1.23425,0.44076,4009
37,6,age_bin,ema_d0.99,0.01,0.0001,1.27925,0.41282,4009
37,6,age_bin,ema_d0.9999,0.01,0.0001,1.25591,0.40733,4009
37,6,age_bin,mlp_h16,0.001,0.0,0.27296,1.0,4009
37,6,age_bin,mlp_h32,0.001,0.0,0.21401,1.0,4009
37,6,age_bin,mlp_h64,0.001,0.0,0.10419,1.0,4009
37,6,age_bin,mlp_h128,0.001,0.0,0.03196,1.0,4009
37,6,age_bin,attention,0.0001,1e-05,0.00303,1.0,4009
37,6,age_bin,shuffled,0.01,0.0001,1.23296,0.43826,4009
37,6,gender,ema_lr1e-3,0.001,0.0001,0.96014,0.53904,4009
37,6,gender,ema_lr5e-3,0.005,0.0001,0.92924,0.52033,4009
37,6,gender,ema_lr1e-2,0.01,0.0001,0.91497,0.50636,4009
37,6,gender,ema_lr5e-2,0.05,0.0001,0.78944,0.49289,4009
37,6,gender,ema_lr1e-2_wd1e-3,0.01,0.001,0.87744,0.53006,4009
37,6,gender,ema_d0.99,0.01,0.0001,0.93569,0.4899,4009
37,6,gender,ema_d0.9999,0.01,0.0001,1.03532,0.45647,4009
37,6,gender,mlp_h16,0.001,0.0,0.69479,0.51933,4009
37,6,gender,mlp_h32,0.001,0.0,0.69596,0.51459,4009
37,6,gender,mlp_h64,0.001,0.0,0.70111,0.4889,4009
37,6,gender,mlp_h128,0.001,0.0,0.70524,0.49988,4009
37,6,gender,attention,0.0001,1e-05,1.623,0.51562,4009
37,6,gender,shuffled,0.01,0.0001,0.9196,0.50137,4009
37,6,star_sign,ema_lr1e-3,0.001,0.0001,3.21695,0.09005,4009
37,6,star_sign,ema_lr5e-3,0.005,0.0001,3.17205,0.10427,4009
37,6,star_sign,ema_lr1e-2,0.01,0.0001,2.91814,0.10751,4009
37,6,star_sign,ema_lr5e-2,0.05,0.0001,1.51987,0.58768,4009
37,6,star_sign,ema_lr1e-2_wd1e-3,0.01,0.001,2.71183,0.16862,4009
37,6,star_sign,ema_d0.99,0.01,0.0001,2.72683,0.1342,4009
37,6,star_sign,ema_d0.9999,0.01,0.0001,2.83109,0.10801,4009
37,6,star_sign,mlp_h16,0.001,0.0,1.8171,0.778,4009
37,6,star_sign,mlp_h32,0.001,0.0,1.23517,0.99376,4009
37,6,star_sign,mlp_h64,0.001,0.0,0.54701,1.0,4009
37,6,star_sign,mlp_h128,0.001,0.0,0.08797,1.0,4009
37,6,star_sign,attention,0.0001,1e-05,0.21499,0.98438,4009
37,6,star_sign,shuffled,0.01,0.0001,2.80802,0.12123,4009
38,0,age_bin,ema_lr1e-3,0.001,0.0001,1.60934,0.28803,4017
38,0,age_bin,ema_lr5e-3,0.005,0.0001,1.38562,0.37142,4017
38,0,age_bin,ema_lr1e-2,0.01,0.0001,1.2312,0.44312,4017
38,0,age_bin,ema_lr5e-2,0.05,0.0001,0.49036,0.91262,4017
38,0,age_bin,ema_lr1e-2_wd1e-3,0.01,0.001,1.21735,0.41051,4017
38,0,age_bin,ema_d0.99,0.01,0.0001,1.22407,0.43241,4017
38,0,age_bin,ema_d0.9999,0.01,0.0001,1.23068,0.471,4017
38,0,age_bin,mlp_h16,0.001,0.0,0.58943,0.99801,4017
38,0,age_bin,mlp_h32,0.001,0.0,0.33446,1.0,4017
38,0,age_bin,mlp_h64,0.001,0.0,0.14478,1.0,4017
38,0,age_bin,mlp_h128,0.001,0.0,0.01945,1.0,4017
38,0,age_bin,attention,0.0001,1e-05,1.02657,1.0,4017
38,0,age_bin,shuffled,0.01,0.0001,1.27234,0.51232,4017
38,0,gender,ema_lr1e-3,0.001,0.0001,1.07171,0.50062,4017
38,0,gender,ema_lr5e-3,0.005,0.0001,1.03844,0.50236,4017
38,0,gender,ema_lr1e-2,0.01,0.0001,0.93215,0.49266,4017
38,0,gender,ema_lr5e-2,0.05,0.0001,0.7814,0.48892,4017
38,0,gender,ema_lr1e-2_wd1e-3,0.01,0.001,0.93591,0.50934,4017
38,0,gender,ema_d0.99,0.01,0.0001,0.9224,0.48942,4017
38,0,gender,ema_d0.9999,0.01,0.0001,0.97017,0.49017,4017
38,0,gender,mlp_h16,0.001,0.0,0.69596,0.50585,4017
38,0,gender,mlp_h32,0.001,0.0,0.69843,0.4944,4017
38,0,gender,mlp_h64,0.001,0.0,0.69294,0.51705,4017
38,0,gender,mlp_h128,0.001,0.0,0.69408,0.50884,4017
38,0,gender,attention,0.0001,1e-05,0.69302,0.48438,4017
38,0,gender,shuffled,0.01,0.0001,0.93434,0.50635,4017
38,0,star_sign,ema_lr1e-3,0.001,0.0001,3.28831,0.07891,4017
38,0,star_sign,ema_lr5e-3,0.005,0.0001,3.04175,0.08389,4017
38,0,star_sign,ema_lr1e-2,0.01,0.0001,2.8756,0.20936,4017
38,0,star_sign,ema_lr5e-2,0.05,0.0001,1.51827,0.59149,4017
38,0,star_sign,ema_lr1e-2_wd1e-3,0.01,0.001,2.85808,0.15086,4017
38,0,star_sign,ema_d0.99,0.01,0.0001,2.8988,0.10007,4017
38,0,star_sign,ema_d0.9999,0.01,0.0001,2.82708,0.10929,4017
38,0,star_sign,mlp_h16,0.001,0.0,1.61272,0.80533,4017
38,0,star_sign,mlp_h32,0.001,0.0,0.71072,1.0,4017
38,0,star_sign,mlp_h64,0.001,0.0,0.69599,1.0,4017
38,0,star_sign,mlp_h128,0.001,0.0,0.08406,1.0,4017
38,0,star_sign,attention,0.0001,1e-05,2.41046,1.0,4017
38,0,star_sign,shuffled,0.01,0.0001,2.85951,0.08887,4017
38,4,age_bin,ema_lr1e-3,0.001,0.0001,1.48127,0.31392,4017
38,4,age_bin,ema_lr5e-3,0.005,0.0001,1.28029,0.37466,4017
38,4,age_bin,ema_lr1e-2,0.01,0.0001,1.14432,0.42843,4017
38,4,age_bin,ema_lr5e-2,0.05,0.0001,0.4945,0.90092,4017
38,4,age_bin,ema_lr1e-2_wd1e-3,0.01,0.001,1.20813,0.43689,4017
38,4,age_bin,ema_d0.99,0.01,0.0001,1.13183,0.45034,4017
38,4,age_bin,ema_d0.9999,0.01,0.0001,1.15785,0.43988,4017
38,4,age_bin,mlp_h16,0.001,0.0,0.36609,1.0,4017
38,4,age_bin,mlp_h32,0.001,0.0,0.19481,1.0,4017
38,4,age_bin,mlp_h64,0.001,0.0,0.05544,1.0,4017
38,4,age_bin,mlp_h128,0.001,0.0,0.01709,1.0,4017
38,4,age_bin,attention,0.0001,1e-05,0.01073,1.0,4017
38,4,age_bin,shuffled,0.01,0.0001,1.1826,0.42544,4017
38,4,gender,ema_lr1e-3,0.001,0.0001,1.0189,0.51282,4017
38,4,gender,ema_lr5e-3,0.005,0.0001,0.96476,0.49017,4017
38,4,gender,ema_lr1e-2,0.01,0.0001,0.90311,0.49689,4017
38,4,gender,ema_lr5e-2,0.05,0.0001,0.75667,0.50685,4017
38,4,gender,ema_lr1e-2_wd1e-3,0.01,0.001,0.87878,0.49166,4017
38,4,gender,ema_d0.99,0.01,0.0001,0.85558,0.49913,4017
38,4,gender,ema_d0.9999,0.01,0.0001,0.84211,0.50734,4017
38,4,gender,mlp_h16,0.001,0.0,0.69581,0.50187,4017
38,4,gender,mlp_h32,0.001,0.0,0.69845,0.4812,4017
38,4,gender,mlp_h64,0.001,0.0,0.69482,0.50759,4017
38,4,gender,mlp_h128,0.001,0.0,0.6927,0.51705,4017
38,4,gender,attention,0.0001,1e-05,0.68445,0.53125,4017
38,4,gender,shuffled,0.01,0.0001,0.87728,0.49764,4017
38,4,star_sign,ema_lr1e-3,0.001,0.0001,3.09493,0.0814,4017
38,4,star_sign,ema_lr5e-3,0.005,0.0001,2.94272,0.10978,4017
38,4,star_sign,ema_lr1e-2,0.01,0.0001,2.58252,0.18372,4017
38,4,star_sign,ema_lr5e-2,0.05,0.0001,1.42058,0.63231,4017
38,4,star_sign,ema_lr1e-2_wd1e-3,0.01,0.001,2.66818,0.15609,4017
38,4,star_sign,ema_d0.99,0.01,0.0001,2.646,0.1165,4017
38,4,star_sign,ema_d0.9999,0.01,0.0001,2.69466,0.08987,4017
38,4,star_sign,mlp_h16,0.001,0.0,1.63878,0.84615,4017
38,4,star_sign,mlp_h32,0.001,0.0,0.62694,1.0,4017
38,4,star_sign,mlp_h64,0.001,0.0,0.17794,1.0,4017
38,4,star_sign,mlp_h128,0.001,0.0,0.03649,1.0,4017
38,4,star_sign,attention,0.0001,1e-05,1.81078,1.0,4017
38,4,star_sign,shuffled,0.01,0.0001,2.7193,0.19218,4017
38,6,age_bin,ema_lr1e-3,0.001,0.0001,1.49559,0.36271,4017
38,6,age_bin,ema_lr5e-3,0.005,0.0001,1.39021,0.39806,4017
38,6,age_bin,ema_lr1e-2,0.01,0.0001,1.28994,0.411,4017
38,6,age_bin,ema_lr5e-2,0.05,0.0001,0.50181,0.87777,4017
38,6,age_bin,ema_lr1e-2_wd1e-3,0.01,0.001,1.20128,0.42893,4017
38,6,age_bin,ema_d0.99,0.01,0.0001,1.26303,0.42519,4017
38,6,age_bin,ema_d0.9999,0.01,0.0001,1.17114,0.45407,4017
38,6,age_bin,mlp_h16,0.001,0.0,0.2739,1.0,4017
38,6,age_bin,mlp_h32,0.001,0.0,0.21361,1.0,4017
38,6,age_bin,mlp_h64,0.001,0.0,0.09931,1.0,4017
38,6,age_bin,mlp_h128,0.001,0.0,0.03127,1.0,4017
38,6,age_bin,attention,0.0001,1e-05,0.0719,0.98438,4017
38,6,age_bin,shuffled,0.01,0.0001,1.24439,0.42918,4017
38,6,gender,ema_lr1e-3,0.001,0.0001,1.07319,0.4949,4017
38,6,gender,ema_lr5e-3,0.005,0.0001,1.02752,0.46652,4017
38,6,gender,ema_lr1e-2,0.01,0.0001,0.92385,0.48992,4017
38,6,gender,ema_lr5e-2,0.05,0.0001,0.75962,0.51606,4017
38,6,gender,ema_lr1e-2_wd1e-3,0.01,0.001,0.94408,0.48992,4017
38,6,gender,ema_d0.99,0.01,0.0001,0.9344,0.48967,4017
38,6,gender,ema_d0.9999,0.01,0.0001,0.93194,0.50759,4017
38,6,gender,mlp_h16,0.001,0.0,0.71031,0.46577,4017
38,6,gender,mlp_h32,0.001,0.0,0.7007,0.48793,4017
38,6,gender,mlp_h64,0.001,0.0,0.69865,0.49863,4017
38,6,gender,mlp_h128,0.001,0.0,0.70042,0.52701,4017
38,6,gender,attention,0.0001,1e-05,1.57021,0.51562,4017
38,6,gender,shuffled,0.01,0.0001,0.91046,0.50187,4017
38,6,star_sign,ema_lr1e-3,0.001,0.0001,3.14432,0.11327,4017
38,6,star_sign,ema_lr5e-3,0.005,0.0001,3.09481,0.11277,4017
38,6,star_sign,ema_lr1e-2,0.01,0.0001,2.84951,0.11202,4017
38,6,star_sign,ema_lr5e-2,0.05,0.0001,1.50051,0.58153,4017
38,6,star_sign,ema_lr1e-2_wd1e-3,0.01,0.001,2.81002,0.15335,4017
38,6,star_sign,ema_d0.99,0.01,0.0001,2.71491,0.14563,4017
38,6,star_sign,ema_d0.9999,0.01,0.0001,2.86096,0.10431,4017
38,6,star_sign,mlp_h16,0.001,0.0,1.82126,0.78317,4017
38,6,star_sign,mlp_h32,0.001,0.0,1.17311,0.99079,4017
38,6,star_sign,mlp_h64,0.001,0.0,0.50119,1.0,4017
38,6,star_sign,mlp_h128,0.001,0.0,0.08072,1.0,4017
38,6,star_sign,attention,0.0001,1e-05,0.10564,0.96875,4017
38,6,star_sign,shuffled,0.01,0.0001,2.71052,0.14563,4017
39,0,age_bin,ema_lr1e-3,0.001,0.0001,1.59331,0.29184,4451
39,0,age_bin,ema_lr5e-3,0.005,0.0001,1.3661,0.37834,4451
39,0,age_bin,ema_lr1e-2,0.01,0.0001,1.21967,0.42844,4451
39,0,age_bin,ema_lr5e-2,0.05,0.0001,0.47767,0.92137,4451
39,0,age_bin,ema_lr1e-2_wd1e-3,0.01,0.001,1.20133,0.41766,4451
39,0,age_bin,ema_d0.99,0.01,0.0001,1.24885,0.4053,4451
39,0,age_bin,ema_d0.9999,0.01,0.0001,1.20612,0.48888,4451
39,0,age_bin,mlp_h16,0.001,0.0,0.57257,0.9991,4451
39,0,age_bin,mlp_h32,0.001,0.0,0.31326,1.0,4451
39,0,age_bin,mlp_h64,0.001,0.0,0.13145,1.0,4451
39,0,age_bin,mlp_h128,0.001,0.0,0.01729,1.0,4451
39,0,age_bin,attention,0.0001,1e-05,1.02367,1.0,4451
39,0,age_bin,shuffled,0.01,0.0001,1.25552,0.51202,4451
39,0,gender,ema_lr1e-3,0.001,0.0001,1.0733,0.50124,4451
39,0,gender,ema_lr5e-3,0.005,0.0001,1.00201,0.50236,4451
39,0,gender,ema_lr1e-2,0.01,0.0001,0.91553,0.48933,4451
39,0,gender,ema_lr5e-2,0.05,0.0001,0.78094,0.51157,4451
39,0,gender,ema_lr1e-2_wd1e-3,0.01,0.001,0.88634,0.50595,4451
39,0,gender,ema_d0.99,0.01,0.0001,0.91598,0.51224,4451
39,0,gender,ema_d0.9999,0.01,0.0001,0.99085,0.48349,4451
39,0,gender,mlp_h16,0.001,0.0,0.69339,0.51517,4451
39,0,gender,mlp_h32,0.001,0.0,0.69484,0.49899,4451
39,0,gender,mlp_h64,0.001,0.0,0.70257,0.46619,4451
39,0,gender,mlp_h128,0.001,0.0,0.7084,0.46012,4451
39,0,gender,attention,0.0001,1e-05,0.6926,0.53125,4451
39,0,gender,shuffled,0.01,0.0001,0.92111,0.49944,4451
39,0,star_sign,ema_lr1e-3,0.001,0.0001,3.31912,0.06628,4451
39,0,star_sign,ema_lr5e-3,0.005,0.0001,3.03547,0.10065,4451
39,0,star_sign,ema_lr1e-2,0.01,0.0001,2.79582,0.23433,4451
39,0,star_sign,ema_lr5e-2,0.05,0.0001,1.45893,0.61155,4451
39,0,star_sign,ema_lr1e-2_wd1e-3,0.01,0.001,2.82422,0.14806,4451
39,0,star_sign,ema_d0.99,0.01,0.0001,2.83379,0.1038,4451
39,0,star_sign,ema_d0.9999,0.01,0.0001,2.78195,0.11368,4451
39,0,star_sign,mlp_h16,0.001,0.0,1.57842,0.82453,4451
39,0,star_sign,mlp_h32,0.001,0.0,0.65598,1.0,4451
39,0,star_sign,mlp_h64,0.001,0.0,0.63185,1.0,4451
39,0,star_sign,mlp_h128,0.001,0.0,0.07091,1.0,4451
39,0,star_sign,attention,0.0001,1e-05,2.40698,1.0,4451
39,0,star_sign,shuffled,0.01,0.0001,2.77692,0.1038,4451
39,4,age_bin,ema_lr1e-3,0.001,0.0001,1.41097,0.35026,4451
39,4,age_bin,ema_lr5e-3,0.005,0.0001,1.2962,0.35835,4451
39,4,age_bin,ema_lr1e-2,0.01,0.0001,1.13347,0.44058,4451
39,4,age_bin,ema_lr5e-2,0.05,0.0001,0.48184,0.90766,4451
39,4,age_bin,ema_lr1e-2_wd1e-3,0.01,0.001,1.21875,0.43136,4451
39,4,age_bin,ema_d0.99,0.01,0.0001,1.15136,0.44844,4451
39,4,age_bin,ema_d0.9999,0.01,0.0001,1.17199,0.42575,4451
39,4,age_bin,mlp_h16,0.001,0.0,0.35294,1.0,4451
39,4,age_bin,mlp_h32,0.001,0.0,0.18351,1.0,4451
39,4,age_bin,mlp_h64,0.001,0.0,0.05154,1.0,4451
39,4,age_bin,mlp_h128,0.001,0.0,0.01629,1.0,4451
39,4,age_bin,attention,0.0001,1e-05,0.01068,1.0,4451
39,4,age_bin,shuffled,0.01,0.0001,1.14796,0.43855,4451
39,4,gender,ema_lr1e-3,0.001,0.0001,1.01061,0.50124,4451
39,4,gender,ema_lr5e-3,0.005,0.0001,0.93993,0.50798,4451
39,4,gender,ema_lr1e-2,0.01,0.0001,0.89034,0.49337,4451
39,4,gender,ema_lr5e-2,0.05,0.0001,0.75491,0.49719,4451
39,4,gender,ema_lr1e-2_wd1e-3,0.01,0.001,0.85174,0.50326,4451
39,4,gender,ema_d0.99,0.01,0.0001,0.85041,0.50528,4451
39,4,gender,ema_d0.9999,0.01,0.0001,0.8488,0.49921,4451
39,4,gender,mlp_h16,0.001,0.0,0.69223,0.52101,4451
39,4,gender,mlp_h32,0.001,0.0,0.69477,0.51045,4451
39,4,gender,mlp_h64,0.001,0.0,0.70429,0.47765,4451
39,4,gender,mlp_h128,0.001,0.0,0.7075,0.45158,4451
39,4,gender,attention,0.0001,1e-05,0.69218,0.53125,4451
39,4,gender,shuffled,0.01,0.0001,0.85253,0.50932,4451
39,4,star_sign,ema_lr1e-3,0.001,0.0001,3.11541,0.07908,4451
39,4,star_sign,ema_lr5e-3,0.005,0.0001,2.90805,0.1202,4451
39,4,star_sign,ema_lr1e-2,0.01,0.0001,2.64888,0.16603,4451
39,4,star_sign,ema_lr5e-2,0.05,0.0001,1.36721,0.67917,4451
39,4,star_sign,ema_lr1e-2_wd1e-3,0.01,0.001,2.56828,0.17547,4451
39,4,star_sign,ema_d0.99,0.01,0.0001,2.64082,0.12132,4451
39,4,star_sign,ema_d0.9999,0.01,0.0001,2.64259,0.10829,4451
39,4,star_sign,mlp_h16,0.001,0.0,1.61525,0.86003,4451
39,4,star_sign,mlp_h32,0.001,0.0,0.59852,1.0,4451
39,4,star_sign,mlp_h64,0.001,0.0,0.16045,1.0,4451
39,4,star_sign,mlp_h128,0.001,0.0,0.03301,1.0,4451
39,4,star_sign,attention,0.0001,1e-05,1.79065,1.0,4451
39,4,star_sign,shuffled,0.01,0.0001,2.70322,0.19883,4451
39,6,age_bin,ema_lr1e-3,0.001,0.0001,1.48294,0.35655,4451
39,6,age_bin,ema_lr5e-3,0.005,0.0001,1.48099,0.388,4451
39,6,age_bin,ema_lr1e-2,0.01,0.0001,1.24536,0.42687,4451
39,6,age_bin,ema_lr5e-2,0.05,0.0001,0.49062,0.89149,4451
39,6,age_bin,ema_lr1e-2_wd1e-3,0.01,0.001,1.13943,0.47293,4451
39,6,age_bin,ema_d0.99,0.01,0.0001,1.28136,0.41564,4451
39,6,age_bin,ema_d0.9999,0.01,0.0001,1.1819,0.44372,4451
39,6,age_bin,mlp_h16,0.001,0.0,0.25993,1.0,4451
39,6,age_bin,mlp_h32,0.001,0.0,0.19824,1.0,4451
39,6,age_bin,mlp_h64,0.001,0.0,0.09162,1.0,4451
39,6,age_bin,mlp_h128,0.001,0.0,0.02835,1.0,4451
39,6,age_bin,attention,0.0001,1e-05,0.07222,0.99219,4451
39,6,age_bin,shuffled,0.01,0.0001,1.2324,0.41856,4451
39,6,gender,ema_lr1e-3,0.001,0.0001,1.05719,0.49787,4451
39,6,gender,ema_lr5e-3,0.005,0.0001,0.99834,0.48214,4451
39,6,gender,ema_lr1e-2,0.01,0.0001,0.91534,0.50326,4451
39,6,gender,ema_lr5e-2,0.05,0.0001,0.77026,0.50977,4451
39,6,gender,ema_lr1e-2_wd1e-3,0.01,0.001,0.93829,0.49382,4451
39,6,gender,ema_d0.99,0.01,0.0001,0.93233,0.49562,4451
39,6,gender,ema_d0.9999,0.01,0.0001,0.93427,0.51224,4451
39,6,gender,mlp_h16,0.001,0.0,0.69401,0.51741,4451
39,6,gender,mlp_h32,0.001,0.0,0.69791,0.50887,4451
39,6,gender,mlp_h64,0.001,0.0,0.70467,0.48214,4451
39,6,gender,mlp_h128,0.001,0.0,0.71167,0.48057,4451
39,6,gender,attention,0.0001,1e-05,1.86913,0.47656,4451
39,6,gender,shuffled,0.01,0.0001,0.89136,0.50618,4451
39,6,star_sign,ema_lr1e-3,0.001,0.0001,3.18484,0.10627,4451
39,6,star_sign,ema_lr5e-3,0.005,0.0001,2.96108,0.12626,4451
39,6,star_sign,ema_lr1e-2,0.01,0.0001,2.83688,0.12649,4451
39,6,star_sign,ema_lr5e-2,0.05,0.0001,1.513,0.59088,4451
39,6,star_sign,ema_lr1e-2_wd1e-3,0.01,0.001,2.75348,0.16266,4451
39,6,star_sign,ema_d0.99,0.01,0.0001,2.80257,0.11233,4451
39,6,star_sign,ema_d0.9999,0.01,0.0001,2.76981,0.11885,4451
39,6,star_sign,mlp_h16,0.001,0.0,1.7747,0.80656,4451
39,6,star_sign,mlp_h32,0.001,0.0,1.15025,0.99393,4451
39,6,star_sign,mlp_h64,0.001,0.0,0.46971,1.0,4451
39,6,star_sign,mlp_h128,0.001,0.0,0.07203,1.0,4451
39,6,star_sign,attention,0.0001,1e-05,0.1528,0.98438,4451
39,6,star_sign,shuffled,0.01,0.0001,2.72427,0.13278,4451
40,0,age_bin,ema_lr1e-3,0.001,0.0001,1.61556,0.26584,4104
40,0,age_bin,ema_lr5e-3,0.005,0.0001,1.36893,0.37086,4104
40,0,age_bin,ema_lr1e-2,0.01,0.0001,1.22634,0.44055,4104
40,0,age_bin,ema_lr5e-2,0.05,0.0001,0.47074,0.92398,4104
40,0,age_bin,ema_lr1e-2_wd1e-3,0.01,0.001,1.20709,0.42666,4104
40,0,age_bin,ema_d0.99,0.01,0.0001,1.22209,0.43348,4104
40,0,age_bin,ema_d0.9999,0.01,0.0001,1.20106,0.46881,4104
40,0,age_bin,mlp_h16,0.001,0.0,0.56037,1.0,4104
40,0,age_bin,mlp_h32,0.001,0.0,0.30132,1.0,4104
40,0,age_bin,mlp_h64,0.001,0.0,0.12422,1.0,4104
40,0,age_bin,mlp_h128,0.001,0.0,0.01632,1.0,4104
40,0,age_bin,attention,0.0001,1e-05,1.02253,1.0,4104
40,0,age_bin,shuffled,0.01,0.0001,1.26769,0.50926,4104
40,0,gender,ema_lr1e-3,0.001,0.0001,1.08226,0.49927,4104
40,0,gender,ema_lr5e-3,0.005,0.0001,1.03328,0.48733,4104
40,0,gender,ema_lr1e-2,0.01,0.0001,0.9086,0.50073,4104
40,0,gender,ema_lr5e-2,0.05,0.0001,0.78803,0.49488,4104
40,0,gender,ema_lr1e-2_wd1e-3,0.01,0.001,0.91532,0.49951,4104
40,0,gender,ema_d0.99,0.01,0.0001,0.90798,0.49854,4104
40,0,gender,ema_d0.9999,0.01,0.0001,0.95956,0.49756,4104
40,0,gender,mlp_h16,0.001,0.0,0.69143,0.51876,4104
40,0,gender,mlp_h32,0.001,0.0,0.69025,0.53631,4104
40,0,gender,mlp_h64,0.001,0.0,0.68921,0.53192,4104
40,0,gender,mlp_h128,0.001,0.0,0.6879,0.53631,4104
40,0,gender,attention,0.0001,1e-05,0.69291,0.48438,4104
40,0,gender,shuffled,0.01,0.0001,0.93624,0.5078,4104
40,0,star_sign,ema_lr1e-3,0.001,0.0001,3.28405,0.07846,4104
40,0,star_sign,ema_lr5e-3,0.005,0.0001,3.01962,0.08918,4104
40,0,star_sign,ema_lr1e-2,0.01,0.0001,2.86277,0.21418,4104
40,0,star_sign,ema_lr5e-2,0.05,0.0001,1.44235,0.62524,4104
40,0,star_sign,ema_lr1e-2_wd1e-3,0.01,0.001,2.81632,0.15327,4104
40,0,star_sign,ema_d0.99,0.01,0.0001,2.78881,0.10843,4104
40,0,star_sign,ema_d0.9999,0.01,0.0001,2.79116,0.10892,4104
40,0,star_sign,mlp_h16,0.001,0.0,1.53195,0.84357,4104
40,0,star_sign,mlp_h32,0.001,0.0,0.62053,1.0,4104
40,0,star_sign,mlp_h64,0.001,0.0,0.59494,1.0,4104
40,0,star_sign,mlp_h128,0.001,0.0,0.06733,1.0,4104
40,0,star_sign,attention,0.0001,1e-05,2.40529,1.0,4104
40,0,star_sign,shuffled,0.01,0.0001,2.80229,0.09186,4104
40,4,age_bin,ema_lr1e-3,0.001,0.0001,1.45249,0.33894,4104
40,4,age_bin,ema_lr5e-3,0.005,0.0001,1.31084,0.34552,4104
40,4,age_bin,ema_lr1e-2,0.01,0.0001,1.10437,0.44664,4104
40,4,age_bin,ema_lr5e-2,0.05,0.0001,0.46312,0.92227,4104
40,4,age_bin,ema_lr1e-2_wd1e-3,0.01,0.001,1.19011,0.44737,4104
40,4,age_bin,ema_d0.99,0.01,0.0001,1.09861,0.46954,4104
40,4,age_bin,ema_d0.9999,0.01,0.0001,1.13911,0.44128,4104
40,4,age_bin,mlp_h16,0.001,0.0,0.33544,1.0,4104
40,4,age_bin,mlp_h32,0.001,0.0,0.16798,1.0,4104
40,4,age_bin,mlp_h64,0.001,0.0,0.04645,1.0,4104
40,4,age_bin,mlp_h128,0.001,0.0,0.01481,1.0,4104
40,4,age_bin,attention,0.0001,1e-05,0.01495,1.0,4104
40,4,age_bin,shuffled,0.01,0.0001,1.14268,0.43592,4104
40,4,gender,ema_lr1e-3,0.001,0.0001,1.03848,0.49513,4104
40,4,gender,ema_lr5e-3,0.005,0.0001,0.9377,0.50146,4104
40,4,gender,ema_lr1e-2,0.01,0.0001,0.87564,0.50682,4104
40,4,gender,ema_lr5e-2,0.05,0.0001,0.74738,0.50902,4104
40,4,gender,ema_lr1e-2_wd1e-3,0.01,0.001,0.85119,0.5117,4104
40,4,gender,ema_d0.99,0.01,0.0001,0.82842,0.52315,4104
40,4,gender,ema_d0.9999,0.01,0.0001,0.84253,0.50195,4104
40,4,gender,mlp_h16,0.001,0.0,0.69193,0.51462,4104
40,4,gender,mlp_h32,0.001,0.0,0.6919,0.52071,4104
40,4,gender,mlp_h64,0.001,0.0,0.68919,0.5346,4104
40,4,gender,mlp_h128,0.001,0.0,0.68882,0.54045,4104
40,4,gender,attention,0.0001,1e-05,0.7051,0.46875,4104
40,4,gender,shuffled,0.01,0.0001,0.88585,0.49415,4104
40,4,star_sign,ema_lr1e-3,0.001,0.0001,3.09949,0.08212,4104
40,4,star_sign,ema_lr5e-3,0.005,0.0001,2.93349,0.10721,4104
40,4,star_sign,ema_lr1e-2,0.01,0.0001,2.57319,0.18519,4104
40,4,star_sign,ema_lr5e-2,0.05,0.0001,1.34969,0.69079,4104
40,4,star_sign,ema_lr1e-2_wd1e-3,0.01,0.001,2.57347,0.17519,4104
40,4,star_sign,ema_d0.99,0.01,0.0001,2.64384,0.12597,4104
40,4,star_sign,ema_d0.9999,0.01,0.0001,2.62131,0.10867,4104
40,4,star_sign,mlp_h16,0.001,0.0,1.57354,0.88962,4104
40,4,star_sign,mlp_h32,0.001,0.0,0.55182,1.0,4104
40,4,star_sign,mlp_h64,0.001,0.0,0.1428,1.0,4104
40,4,star_sign,mlp_h128,0.001,0.0,0.02913,1.0,4104
40,4,star_sign,attention,0.0001,1e-05,1.7729,1.0,4104
40,4,star_sign,shuffled,0.01,0.0001,2.70618,0.2059,4104
40,6,age_bin,ema_lr1e-3,0.001,0.0001,1.51952,0.35404,4104
40,6,age_bin,ema_lr5e-3,0.005,0.0001,1.46303,0.36647,4104
40,6,age_bin,ema_lr1e-2,0.01,0.0001,1.18957,0.45151,4104
40,6,age_bin,ema_lr5e-2,0.05,0.0001,0.48663,0.89206,4104
40,6,age_bin,ema_lr1e-2_wd1e-3,0.01,0.001,1.19959,0.44737,4104
40,6,age_bin,ema_d0.99,0.01,0.0001,1.21322,0.43787,4104
40,6,age_bin,ema_d0.9999,0.01,0.0001,1.16073,0.45029,4104
40,6,age_bin,mlp_h16,0.001,0.0,0.24662,1.0,4104
40,6,age_bin,mlp_h32,0.001,0.0,0.19041,1.0,4104
40,6,age_bin,mlp_h64,0.001,0.0,0.08467,1.0,4104
40,6,age_bin,mlp_h128,0.001,0.0,0.02712,1.0,4104
40,6,age_bin,attention,0.0001,1e-05,0.02264,0.98438,4104
40,6,age_bin,shuffled,0.01,0.0001,1.16505,0.44518,4104
40,6,gender,ema_lr1e-3,0.001,0.0001,1.0045,0.5268,4104
40,6,gender,ema_lr5e-3,0.005,0.0001,0.95665,0.50707,4104
40,6,gender,ema_lr1e-2,0.01,0.0001,0.90762,0.5134,4104
40,6,gender,ema_lr5e-2,0.05,0.0001,0.74939,0.53168,4104
40,6,gender,ema_lr1e-2_wd1e-3,0.01,0.001,0.91503,0.50999,4104
40,6,gender,ema_d0.99,0.01,0.0001,0.93979,0.50439,4104
40,6,gender,ema_d0.9999,0.01,0.0001,0.99536,0.47173,4104
40,6,gender,mlp_h16,0.001,0.0,0.67694,0.58845,4104
40,6,gender,mlp_h32,0.001,0.0,0.68731,0.54142,4104
40,6,gender,mlp_h64,0.001,0.0,0.68193,0.57115,4104
40,6,gender,mlp_h128,0.001,0.0,0.68232,0.55409,4104
40,6,gender,attention,0.0001,1e-05,1.75167,0.48438,4104
40,6,gender,shuffled,0.01,0.0001,0.93009,0.48319,4104
40,6,star_sign,ema_lr1e-3,0.001,0.0001,3.20118,0.09844,4104
40,6,star_sign,ema_lr5e-3,0.005,0.0001,3.14102,0.09844,4104
40,6,star_sign,ema_lr1e-2,0.01,0.0001,2.92786,0.11062,4104
40,6,star_sign,ema_lr5e-2,0.05,0.0001,1.42369,0.6345,4104
40,6,star_sign,ema_lr1e-2_wd1e-3,0.01,0.001,2.80491,0.14693,4104
40,6,star_sign,ema_d0.99,0.01,0.0001,2.78182,0.12792,4104
40,6,star_sign,ema_d0.9999,0.01,0.0001,2.88785,0.0999,4104
40,6,star_sign,mlp_h16,0.001,0.0,1.76024,0.81725,4104
40,6,star_sign,mlp_h32,0.001,0.0,1.08689,0.9961,4104
40,6,star_sign,mlp_h64,0.001,0.0,0.42447,1.0,4104
40,6,star_sign,mlp_h128,0.001,0.0,0.0666,1.0,4104
40,6,star_sign,attention,0.0001,1e-05,0.05969,0.98438,4104
40,6,star_sign,shuffled,0.01,0.0001,2.82828,0.1345,4104
41,0,age_bin,ema_lr1e-3,0.001,0.0001,1.59845,0.27099,4192
41,0,age_bin,ema_lr5e-3,0.005,0.0001,1.37486,0.427,4192
41,0,age_bin,ema_lr1e-2,0.01,0.0001,1.2061,0.44108,4192
41,0,age_bin,ema_lr5e-2,0.05,0.0001,0.45234,0.92677,4192
41,0,age_bin,ema_lr1e-2_wd1e-3,0.01,0.001,1.19486,0.4239,4192
41,0,age_bin,ema_d0.99,0.01,0.0001,1.22338,0.43989,4192
41,0,age_bin,ema_d0.9999,0.01,0.0001,1.21369,0.45754,4192
41,0,age_bin,mlp_h16,0.001,0.0,0.54655,0.99928,4192
41,0,age_bin,mlp_h32,0.001,0.0,0.29061,1.0,4192
41,0,age_bin,mlp_h64,0.001,0.0,0.11762,1.0,4192
41,0,age_bin,mlp_h128,0.001,0.0,0.01538,1.0,4192
41,0,age_bin,attention,0.0001,1e-05,1.02134,1.0,4192
41,0,age_bin,shuffled,0.01,0.0001,1.22565,0.51527,4192
41,0,gender,ema_lr1e-3,0.001,0.0001,1.06807,0.50215,4192
41,0,gender,ema_lr5e-3,0.005,0.0001,1.00561,0.50668,4192
41,0,gender,ema_lr1e-2,0.01,0.0001,0.88768,0.51813,4192
41,0,gender,ema_lr5e-2,0.05,0.0001,0.79078,0.49141,4192
41,0,gender,ema_lr1e-2_wd1e-3,0.01,0.001,0.91585,0.51121,4192
41,0,gender,ema_d0.99,0.01,0.0001,0.92997,0.49809,4192
41,0,gender,ema_d0.9999,0.01,0.0001,0.97261,0.49952,4192
41,0,gender,mlp_h16,0.001,0.0,0.69424,0.50954,4192
41,0,gender,mlp_h32,0.001,0.0,0.69341,0.52552,4192
41,0,gender,mlp_h64,0.001,0.0,0.69136,0.52552,4192
41,0,gender,mlp_h128,0.001,0.0,0.69158,0.52004,4192
41,0,gender,attention,0.0001,1e-05,0.69378,0.49219,4192
41,0,gender,shuffled,0.01,0.0001,0.94077,0.48998,4192
41,0,star_sign,ema_lr1e-3,0.001,0.0001,3.32915,0.0761,4192
41,0,star_sign,ema_lr5e-3,0.005,0.0001,3.03632,0.09136,4192
41,0,star_sign,ema_lr1e-2,0.01,0.0001,2.83773,0.21493,4192
41,0,star_sign,ema_lr5e-2,0.05,0.0001,1.40753,0.63001,4192
41,0,star_sign,ema_lr1e-2_wd1e-3,0.01,0.001,2.79919,0.15553,4192
41,0,star_sign,ema_d0.99,0.01,0.0001,2.81071,0.09781,4192
41,0,star_sign,ema_d0.9999,0.01,0.0001,2.79899,0.16555,4192
41,0,star_sign,mlp_h16,0.001,0.0,1.49473,0.84971,4192
41,0,star_sign,mlp_h32,0.001,0.0,0.59733,1.0,4192
41,0,star_sign,mlp_h64,0.001,0.0,0.55884,1.0,4192
41,0,star_sign,mlp_h128,0.001,0.0,0.05947,1.0,4192
41,0,star_sign,attention,0.0001,1e-05,2.40368,1.0,4192
41,0,star_sign,shuffled,0.01,0.0001,2.79465,0.09327,4192
41,4,age_bin,ema_lr1e-3,0.001,0.0001,1.4396,0.33826,4192
41,4,age_bin,ema_lr5e-3,0.005,0.0001,1.3375,0.35639,4192
41,4,age_bin,ema_lr1e-2,0.01,0.0001,1.12708,0.44108,4192
41,4,age_bin,ema_lr5e-2,0.05,0.0001,0.45461,0.92152,4192
41,4,age_bin,ema_lr1e-2_wd1e-3,0.01,0.001,1.164,0.45134,4192
41,4,age_bin,ema_d0.99,0.01,0.0001,1.08529,0.47805,4192
41,4,age_bin,ema_d0.9999,0.01,0.0001,1.16398,0.44823,4192
41,4,age_bin,mlp_h16,0.001,0.0,0.32105,1.0,4192
41,4,age_bin,mlp_h32,0.001,0.0,0.15911,1.0,4192
41,4,age_bin,mlp_h64,0.001,0.0,0.04354,1.0,4192
41,4,age_bin,mlp_h128,0.001,0.0,0.0144,1.0,4192
41,4,age_bin,attention,0.0001,1e-05,0.00796,1.0,4192
41,4,age_bin,shuffled,0.01,0.0001,1.14304,0.43106,4192
41,4,gender,ema_lr1e-3,0.001,0.0001,1.0543,0.49332,4192
41,4,gender,ema_lr5e-3,0.005,0.0001,0.95485,0.49857,4192
41,4,gender,ema_lr1e-2,0.01,0.0001,0.89347,0.48378,4192
41,4,gender,ema_lr5e-2,0.05,0.0001,0.76062,0.50382,4192
41,4,gender,ema_lr1e-2_wd1e-3,0.01,0.001,0.83714,0.50978,4192
41,4,gender,ema_d0.99,0.01,0.0001,0.83037,0.5136,4192
41,4,gender,ema_d0.9999,0.01,0.0001,0.85392,0.49523,4192
41,4,gender,mlp_h16,0.001,0.0,0.69013,0.53149,4192
41,4,gender,mlp_h32,0.001,0.0,0.68954,0.53507,4192
41,4,gender,mlp_h64,0.001,0.0,0.68549,0.55105,4192
41,4,gender,mlp_h128,0.001,0.0,0.6848,0.55844,4192
41,4,gender,attention,0.0001,1e-05,0.70821,0.40625,4192
41,4,gender,shuffled,0.01,0.0001,0.87711,0.49332,4192
41,4,star_sign,ema_lr1e-3,0.001,0.0001,3.09791,0.07729,4192
41,4,star_sign,ema_lr5e-3,0.005,0.0001,2.9021,0.11617,4192
41,4,star_sign,ema_lr1e-2,0.01,0.0001,2.58168,0.17343,4192
41,4,star_sign,ema_lr5e-2,0.05,0.0001,1.28512,0.72781,4192
41,4,star_sign,ema_lr1e-2_wd1e-3,0.01,0.001,2.56643,0.17748,4192
41,4,star_sign,ema_d0.99,0.01,0.0001,2.60708,0.12953,4192
41,4,star_sign,ema_d0.9999,0.01,0.0001,2.63784,0.10138,4192
41,4,star_sign,mlp_h16,0.001,0.0,1.52634,0.90625,4192
41,4,star_sign,mlp_h32,0.001,0.0,0.5282,1.0,4192
41,4,star_sign,mlp_h64,0.001,0.0,0.1312,1.0,4192
41,4,star_sign,mlp_h128,0.001,0.0,0.02695,1.0,4192
41,4,star_sign,attention,0.0001,1e-05,1.74222,1.0,4192
41,4,star_sign,shuffled,0.01,0.0001,2.612,0.2073,4192
41,6,age_bin,ema_lr1e-3,0.001,0.0001,1.5826,0.34089,4192
41,6,age_bin,ema_lr5e-3,0.005,0.0001,1.33554,0.40219,4192
41,6,age_bin,ema_lr1e-2,0.01,0.0001,1.23786,0.42963,4192
41,6,age_bin,ema_lr5e-2,0.05,0.0001,0.4657,0.90577,4192
41,6,age_bin,ema_lr1e-2_wd1e-3,0.01,0.001,1.25551,0.42128,4192
41,6,age_bin,ema_d0.99,0.01,0.0001,1.2466,0.4301,4192
41,6,age_bin,ema_d0.9999,0.01,0.0001,1.17333,0.45301,4192
41,6,age_bin,mlp_h16,0.001,0.0,0.22944,1.0,4192
41,6,age_bin,mlp_h32,0.001,0.0,0.17345,1.0,4192
41,6,age_bin,mlp_h64,0.001,0.0,0.08168,1.0,4192
41,6,age_bin,mlp_h128,0.001,0.0,0.02483,1.0,4192
41,6,age_bin,attention,0.0001,1e-05,0.04842,0.99219,4192
41,6,age_bin,shuffled,0.01,0.0001,1.22769,0.42009,4192
41,6,gender,ema_lr1e-3,0.001,0.0001,1.06334,0.48044,4192
41,6,gender,ema_lr5e-3,0.005,0.0001,0.89394,0.53459,4192
41,6,gender,ema_lr1e-2,0.01,0.0001,0.93632,0.48092,4192
41,6,gender,ema_lr5e-2,0.05,0.0001,0.74999,0.51718,4192
41,6,gender,ema_lr1e-2_wd1e-3,0.01,0.001,0.90795,0.50262,4192
41,6,gender,ema_d0.99,0.01,0.0001,0.86706,0.52147,4192
41,6,gender,ema_d0.9999,0.01,0.0001,0.91213,0.51932,4192
41,6,gender,mlp_h16,0.001,0.0,0.68488,0.54628,4192
41,6,gender,mlp_h32,0.001,0.0,0.68179,0.55701,4192
41,6,gender,mlp_h64,0.001,0.0,0.67837,0.55654,4192
41,6,gender,mlp_h128,0.001,0.0,0.68296,0.54151,4192
41,6,gender,attention,0.0001,1e-05,1.58878,0.48438,4192
41,6,gender,shuffled,0.01,0.0001,0.89694,0.5062,4192
41,6,star_sign,ema_lr1e-3,0.001,0.0001,3.12794,0.10281,4192
41,6,star_sign,ema_lr5e-3,0.005,0.0001,3.07312,0.11522,4192
41,6,star_sign,ema_lr1e-2,0.01,0.0001,2.83803,0.12118,4192
41,6,star_sign,ema_lr5e-2,0.05,0.0001,1.36781,0.66341,4192
41,6,star_sign,ema_lr1e-2_wd1e-3,0.01,0.001,2.92564,0.14432,4192
41,6,star_sign,ema_d0.99,0.01,0.0001,2.81741,0.13144,4192
41,6,star_sign,ema_d0.9999,0.01,0.0001,2.7429,0.12047,4192
41,6,star_sign,mlp_h16,0.001,0.0,1.73954,0.83182,4192
41,6,star_sign,mlp_h32,0.001,0.0,1.04668,0.99714,4192
41,6,star_sign,mlp_h64,0.001,0.0,0.39567,1.0,4192
41,6,star_sign,mlp_h128,0.001,0.0,0.05889,1.0,4192
41,6,star_sign,attention,0.0001,1e-05,0.09074,0.97656,4192
41,6,star_sign,shuffled,0.01,0.0001,2.7329,0.13168,4192
42,0,age_bin,ema_lr1e-3,0.001,0.0001,1.60953,0.28012,4134
42,0,age_bin,ema_lr5e-3,0.005,0.0001,1.38181,0.4163,4134
42,0,age_bin,ema_lr1e-2,0.01,0.0001,1.18584,0.4342,4134
42,0,age_bin,ema_lr5e-2,0.05,0.0001,0.44492,0.9313,4134
42,0,age_bin,ema_lr1e-2_wd1e-3,0.01,0.001,1.17179,0.42864,4134
42,0,age_bin,ema_d0.99,0.01,0.0001,1.2185,0.41679,4134
42,0,age_bin,ema_d0.9999,0.01,0.0001,1.17819,0.48307,4134
42,0,age_bin,mlp_h16,0.001,0.0,0.53615,0.99952,4134
42,0,age_bin,mlp_h32,0.001,0.0,0.27451,1.0,4134
42,0,age_bin,mlp_h64,0.001,0.0,0.10826,1.0,4134
42,0,age_bin,mlp_h128,0.001,0.0,0.01416,1.0,4134
42,0,age_bin,attention,0.0001,1e-05,1.01996,1.0,4134
42,0,age_bin,shuffled,0.01,0.0001,1.23156,0.51645,4134
42,0,gender,ema_lr1e-3,0.001,0.0001,1.06475,0.50847,4134
42,0,gender,ema_lr5e-3,0.005,0.0001,0.98484,0.51959,4134
42,0,gender,ema_lr1e-2,0.01,0.0001,0.91665,0.49782,4134
42,0,gender,ema_lr5e-2,0.05,0.0001,0.77592,0.48791,4134
42,0,gender,ema_lr1e-2_wd1e-3,0.01,0.001,0.90384,0.51693,4134
42,0,gender,ema_d0.99,0.01,0.0001,0.92713,0.49153,4134
42,0,gender,ema_d0.9999,0.01,0.0001,0.96034,0.5046,4134
42,0,gender,mlp_h16,0.001,0.0,0.69308,0.51403,4134
42,0,gender,mlp_h32,0.001,0.0,0.69266,0.52443,4134
42,0,gender,mlp_h64,0.001,0.0,0.69034,0.52927,4134
42,0,gender,mlp_h128,0.001,0.0,0.68938,0.53895,4134
42,0,gender,attention,0.0001,1e-05,0.69368,0.46875,4134
42,0,gender,shuffled,0.01,0.0001,0.90862,0.51161,4134
42,0,star_sign,ema_lr1e-3,0.001,0.0001,3.27594,0.07837,4134
42,0,star_sign,ema_lr5e-3,0.005,0.0001,3.00931,0.08829,4134
42,0,star_sign,ema_lr1e-2,0.01,0.0001,2.83248,0.22303,4134
42,0,star_sign,ema_lr5e-2,0.05,0.0001,1.37041,0.63764,4134
42,0,star_sign,ema_lr1e-2_wd1e-3,0.01,0.001,2.80409,0.16522,4134
42,0,star_sign,ema_d0.99,0.01,0.0001,2.80732,0.09845,4134
42,0,star_sign,ema_d0.9999,0.01,0.0001,2.78256,0.15893,4134
42,0,star_sign,mlp_h16,0.001,0.0,1.46171,0.86696,4134
42,0,star_sign,mlp_h32,0.001,0.0,0.56026,1.0,4134
42,0,star_sign,mlp_h64,0.001,0.0,0.51779,1.0,4134
42,0,star_sign,mlp_h128,0.001,0.0,0.05388,1.0,4134
42,0,star_sign,attention,0.0001,1e-05,2.40175,1.0,4134
42,0,star_sign,shuffled,0.01,0.0001,2.79053,0.08732,4134
42,4,age_bin,ema_lr1e-3,0.001,0.0001,1.48588,0.31205,4134
42,4,age_bin,ema_lr5e-3,0.005,0.0001,1.26796,0.37083,4134
42,4,age_bin,ema_lr1e-2,0.01,0.0001,1.0919,0.46105,4134
42,4,age_bin,ema_lr5e-2,0.05,0.0001,0.44355,0.93009,4134
42,4,age_bin,ema_lr1e-2_wd1e-3,0.01,0.001,1.12176,0.4746,4134
42,4,age_bin,ema_d0.99,0.01,0.0001,1.12062,0.46009,4134
42,4,age_bin,ema_d0.9999,0.01,0.0001,1.12417,0.45985,4134
42,4,age_bin,mlp_h16,0.001,0.0,0.30536,1.0,4134
42,4,age_bin,mlp_h32,0.001,0.0,0.15079,1.0,4134
42,4,age_bin,mlp_h64,0.001,0.0,0.03935,1.0,4134
42,4,age_bin,mlp_h128,0.001,0.0,0.01292,1.0,4134
42,4,age_bin,attention,0.0001,1e-05,0.01179,1.0,4134
42,4,age_bin,shuffled,0.01,0.0001,1.13187,0.44219,4134
42,4,gender,ema_lr1e-3,0.001,0.0001,0.99746,0.51863,4134
42,4,gender,ema_lr5e-3,0.005,0.0001,0.94852,0.49444,4134
42,4,gender,ema_lr1e-2,0.01,0.0001,0.85816,0.50871,4134
42,4,gender,ema_lr5e-2,0.05,0.0001,0.74264,0.51234,4134
42,4,gender,ema_lr1e-2_wd1e-3,0.01,0.001,0.86129,0.49589,4134
42,4,gender,ema_d0.99,0.01,0.0001,0.86647,0.49492,4134
42,4,gender,ema_d0.9999,0.01,0.0001,0.86366,0.4867,4134
42,4,gender,mlp_h16,0.001,0.0,0.6944,0.51016,4134
42,4,gender,mlp_h32,0.001,0.0,0.69268,0.51887,4134
42,4,gender,mlp_h64,0.001,0.0,0.68641,0.54233,4134
42,4,gender,mlp_h128,0.001,0.0,0.68423,0.55225,4134
42,4,gender,attention,0.0001,1e-05,0.68993,0.51562,4134
42,4,gender,shuffled,0.01,0.0001,0.86834,0.50556,4134
42,4,star_sign,ema_lr1e-3,0.001,0.0001,3.02778,0.10184,4134
42,4,star_sign,ema_lr5e-3,0.005,0.0001,2.8991,0.11538,4134
42,4,star_sign,ema_lr1e-2,0.01,0.0001,2.52498,0.19037,4134
42,4,star_sign,ema_lr5e-2,0.05,0.0001,1.2751,0.73149,4134
42,4,star_sign,ema_lr1e-2_wd1e-3,0.01,0.001,2.61455,0.17175,4134
42,4,star_sign,ema_d0.99,0.01,0.0001,2.64519,0.12288,4134
42,4,star_sign,ema_d0.9999,0.01,0.0001,2.59269,0.09918,4134
42,4,star_sign,mlp_h16,0.001,0.0,1.50394,0.91074,4134
42,4,star_sign,mlp_h32,0.001,0.0,0.48375,0.99976,4134
42,4,star_sign,mlp_h64,0.001,0.0,0.11818,1.0,4134
42,4,star_sign,mlp_h128,0.001,0.0,0.02409,1.0,4134
42,4,star_sign,attention,0.0001,1e-05,1.73273,1.0,4134
42,4,star_sign,shuffled,0.01,0.0001,2.61738,0.20755,4134
42,6,age_bin,ema_lr1e-3,0.001,0.0001,1.67041,0.3118,4134
42,6,age_bin,ema_lr5e-3,0.005,0.0001,1.41401,0.38728,4134
42,6,age_bin,ema_lr1e-2,0.01,0.0001,1.194,0.44872,4134
42,6,age_bin,ema_lr5e-2,0.05,0.0001,0.46098,0.89598,4134
42,6,age_bin,ema_lr1e-2_wd1e-3,0.01,0.001,1.23917,0.41558,4134
42,6,age_bin,ema_d0.99,0.01,0.0001,1.25386,0.44461,4134
42,6,age_bin,ema_d0.9999,0.01,0.0001,1.12335,0.47121,4134
42,6,age_bin,mlp_h16,0.001,0.0,0.22714,1.0,4134
42,6,age_bin,mlp_h32,0.001,0.0,0.16758,1.0,4134
42,6,age_bin,mlp_h64,0.001,0.0,0.0746,1.0,4134
42,6,age_bin,mlp_h128,0.001,0.0,0.02316,1.0,4134
42,6,age_bin,attention,0.0001,1e-05,0.0996,0.99219,4134
42,6,age_bin,shuffled,0.01,0.0001,1.15339,0.4521,4134
42,6,gender,ema_lr1e-3,0.001,0.0001,1.14632,0.47775,4134
42,6,gender,ema_lr5e-3,0.005,0.0001,0.99021,0.49081,4134
42,6,gender,ema_lr1e-2,0.01,0.0001,0.88366,0.51959,4134
42,6,gender,ema_lr5e-2,0.05,0.0001,0.72938,0.55104,4134
42,6,gender,ema_lr1e-2_wd1e-3,0.01,0.001,0.91412,0.49831,4134
42,6,gender,ema_d0.99,0.01,0.0001,0.87081,0.52032,4134
42,6,gender,ema_d0.9999,0.01,0.0001,0.93691,0.50822,4134
42,6,gender,mlp_h16,0.001,0.0,0.68828,0.54233,4134
42,6,gender,mlp_h32,0.001,0.0,0.68246,0.55443,4134
42,6,gender,mlp_h64,0.001,0.0,0.67767,0.56991,4134
42,6,gender,mlp_h128,0.001,0.0,0.67506,0.58297,4134
42,6,gender,attention,0.0001,1e-05,1.70664,0.47656,4134
42,6,gender,shuffled,0.01,0.0001,0.90149,0.49274,4134
42,6,star_sign,ema_lr1e-3,0.001,0.0001,3.22817,0.09289,4134
42,6,star_sign,ema_lr5e-3,0.005,0.0001,3.05934,0.10982,4134
42,6,star_sign,ema_lr1e-2,0.01,0.0001,2.78141,0.13135,4134
42,6,star_sign,ema_lr5e-2,0.05,0.0001,1.3996,0.63691,4134
42,6,star_sign,ema_lr1e-2_wd1e-3,0.01,0.001,2.80034,0.15143,4134
42,6,star_sign,ema_d0.99,0.01,0.0001,2.80481,0.1195,4134
42,6,star_sign,ema_d0.9999,0.01,0.0001,2.83391,0.1074,4134
42,6,star_sign,mlp_h16,0.001,0.0,1.69314,0.85849,4134
42,6,star_sign,mlp_h32,0.001,0.0,1.00044,0.99565,4134
42,6,star_sign,mlp_h64,0.001,0.0,0.35679,1.0,4134
42,6,star_sign,mlp_h128,0.001,0.0,0.05341,1.0,4134
42,6,star_sign,attention,0.0001,1e-05,0.19619,0.96875,4134
42,6,star_sign,shuffled,0.01,0.0001,2.77264,0.13546,4134
43,0,age_bin,ema_lr1e-3,0.001,0.0001,1.58542,0.29875,4087
43,0,age_bin,ema_lr5e-3,0.005,0.0001,1.34711,0.41889,4087
43,0,age_bin,ema_lr1e-2,0.01,0.0001,1.21826,0.45363,4087
43,0,age_bin,ema_lr5e-2,0.05,0.0001,0.44198,0.93076,4087
43,0,age_bin,ema_lr1e-2_wd1e-3,0.01,0.001,1.18714,0.41473,4087
43,0,age_bin,ema_d0.99,0.01,0.0001,1.20158,0.42305,4087
43,0,age_bin,ema_d0.9999,0.01,0.0001,1.18506,0.48104,4087
43,0,age_bin,mlp_h16,0.001,0.0,0.51444,0.99976,4087
43,0,age_bin,mlp_h32,0.001,0.0,0.25864,1.0,4087
43,0,age_bin,mlp_h64,0.001,0.0,0.09981,1.0,4087
43,0,age_bin,mlp_h128,0.001,0.0,0.013,1.0,4087
43,0,age_bin,attention,0.0001,1e-05,1.01729,1.0,4087
43,0,age_bin,shuffled,0.01,0.0001,1.2106,0.52386,4087
43,0,gender,ema_lr1e-3,0.001,0.0001,1.05697,0.5033,4087
43,0,gender,ema_lr5e-3,0.005,0.0001,1.00631,0.50648,4087
43,0,gender,ema_lr1e-2,0.01,0.0001,0.89725,0.50135,4087
43,0,gender,ema_lr5e-2,0.05,0.0001,0.77207,0.50746,4087
43,0,gender,ema_lr1e-2_wd1e-3,0.01,0.001,0.89997,0.51505,4087
43,0,gender,ema_d0.99,0.01,0.0001,0.91338,0.50575,4087
43,0,gender,ema_d0.9999,0.01,0.0001,0.96101,0.48544,4087
43,0,gender,mlp_h16,0.001,0.0,0.69562,0.5011,4087
43,0,gender,mlp_h32,0.001,0.0,0.69682,0.49621,4087
43,0,gender,mlp_h64,0.001,0.0,0.69832,0.4918,4087
43,0,gender,mlp_h128,0.001,0.0,0.69937,0.48667,4087
43,0,gender,attention,0.0001,1e-05,0.69245,0.5625,4087
43,0,gender,shuffled,0.01,0.0001,0.90837,0.49816,4087
43,0,star_sign,ema_lr1e-3,0.001,0.0001,3.3348,0.07169,4087
43,0,star_sign,ema_lr5e-3,0.005,0.0001,2.99084,0.09812,4087
43,0,star_sign,ema_lr1e-2,0.01,0.0001,2.7575,0.24272,4087
43,0,star_sign,ema_lr5e-2,0.05,0.0001,1.33909,0.68118,4087
43,0,star_sign,ema_lr1e-2_wd1e-3,0.01,0.001,2.76552,0.16345,4087
43,0,star_sign,ema_d0.99,0.01,0.0001,2.76673,0.11231,4087
43,0,star_sign,ema_d0.9999,0.01,0.0001,2.73715,0.15659,4087
43,0,star_sign,mlp_h16,0.001,0.0,1.43424,0.87301,4087
43,0,star_sign,mlp_h32,0.001,0.0,0.52075,1.0,4087
43,0,star_sign,mlp_h64,0.001,0.0,0.46739,1.0,4087
43,0,star_sign,mlp_h128,0.001,0.0,0.04758,1.0,4087
43,0,star_sign,attention,0.0001,1e-05,2.39781,1.0,4087
43,0,star_sign,shuffled,0.01,0.0001,2.7522,0.09714,4087
43,4,age_bin,ema_lr1e-3,0.001,0.0001,1.38064,0.35307,4087
43,4,age_bin,ema_lr5e-3,0.005,0.0001,1.29953,0.35527,4087
43,4,age_bin,ema_lr1e-2,0.01,0.0001,1.08976,0.4666,4087
43,4,age_bin,ema_lr5e-2,0.05,0.0001,0.4422,0.9266,4087
43,4,age_bin,ema_lr1e-2_wd1e-3,0.01,0.001,1.14251,0.46244,4087
43,4,age_bin,ema_d0.99,0.01,0.0001,1.07349,0.49156,4087
43,4,age_bin,ema_d0.9999,0.01,0.0001,1.11964,0.45951,4087
43,4,age_bin,mlp_h16,0.001,0.0,0.29467,1.0,4087
43,4,age_bin,mlp_h32,0.001,0.0,0.13644,1.0,4087
43,4,age_bin,mlp_h64,0.001,0.0,0.03604,1.0,4087
43,4,age_bin,mlp_h128,0.001,0.0,0.01217,1.0,4087
43,4,age_bin,attention,0.0001,1e-05,0.00494,1.0,4087
43,4,age_bin,shuffled,0.01,0.0001,1.1294,0.44067,4087
43,4,gender,ema_lr1e-3,0.001,0.0001,1.01536,0.50502,4087
43,4,gender,ema_lr5e-3,0.005,0.0001,0.97423,0.48838,4087
43,4,gender,ema_lr1e-2,0.01,0.0001,0.88144,0.50061,4087
43,4,gender,ema_lr5e-2,0.05,0.0001,0.76411,0.49498,4087
43,4,gender,ema_lr1e-2_wd1e-3,0.01,0.001,0.88054,0.49131,4087
43,4,gender,ema_d0.99,0.01,0.0001,0.85831,0.50208,4087
43,4,gender,ema_d0.9999,0.01,0.0001,0.84833,0.49621,4087
43,4,gender,mlp_h16,0.001,0.0,0.69456,0.5082,4087
43,4,gender,mlp_h32,0.001,0.0,0.69459,0.49865,4087
43,4,gender,mlp_h64,0.001,0.0,0.69931,0.49376,4087
43,4,gender,mlp_h128,0.001,0.0,0.69618,0.49572,4087
43,4,gender,attention,0.0001,1e-05,0.68466,0.5625,4087
43,4,gender,shuffled,0.01,0.0001,0.87587,0.49303,4087
43,4,star_sign,ema_lr1e-3,0.001,0.0001,3.12404,0.07585,4087
43,4,star_sign,ema_lr5e-3,0.005,0.0001,2.89029,0.12503,4087
43,4,star_sign,ema_lr1e-2,0.01,0.0001,2.55661,0.18473,4087
43,4,star_sign,ema_lr5e-2,0.05,0.0001,1.24532,0.7541,4087
43,4,star_sign,ema_lr1e-2_wd1e-3,0.01,0.001,2.57398,0.18253,4087
43,4,star_sign,ema_d0.99,0.01,0.0001,2.64051,0.12136,4087
43,4,star_sign,ema_d0.9999,0.01,0.0001,2.60518,0.11231,4087
43,4,star_sign,mlp_h16,0.001,0.0,1.46502,0.93076,4087
43,4,star_sign,mlp_h32,0.001,0.0,0.44291,1.0,4087
43,4,star_sign,mlp_h64,0.001,0.0,0.10667,1.0,4087
43,4,star_sign,mlp_h128,0.001,0.0,0.02165,1.0,4087
43,4,star_sign,attention,0.0001,1e-05,1.71513,1.0,4087
43,4,star_sign,shuffled,0.01,0.0001,2.6089,0.21483,4087
43,6,age_bin,ema_lr1e-3,0.001,0.0001,1.57556,0.33129,4087
43,6,age_bin,ema_lr5e-3,0.005,0.0001,1.42747,0.40176,4087
43,6,age_bin,ema_lr1e-2,0.01,0.0001,1.15753,0.45951,4087
43,6,age_bin,ema_lr5e-2,0.05,0.0001,0.45938,0.90042,4087
43,6,age_bin,ema_lr1e-2_wd1e-3,0.01,0.001,1.24749,0.42134,4087
43,6,age_bin,ema_d0.99,0.01,0.0001,1.27445,0.41864,4087
43,6,age_bin,ema_d0.9999,0.01,0.0001,1.17602,0.43602,4087
43,6,age_bin,mlp_h16,0.001,0.0,0.21574,1.0,4087
43,6,age_bin,mlp_h32,0.001,0.0,0.15638,1.0,4087
43,6,age_bin,mlp_h64,0.001,0.0,0.07001,1.0,4087
43,6,age_bin,mlp_h128,0.001,0.0,0.02122,1.0,4087
43,6,age_bin,attention,0.0001,1e-05,0.0725,0.97656,4087
43,6,age_bin,shuffled,0.01,0.0001,1.12663,0.46048,4087
43,6,gender,ema_lr1e-3,0.001,0.0001,1.06655,0.49082,4087
43,6,gender,ema_lr5e-3,0.005,0.0001,0.93761,0.51333,4087
43,6,gender,ema_lr1e-2,0.01,0.0001,0.94374,0.47981,4087
43,6,gender,ema_lr5e-2,0.05,0.0001,0.769,0.4967,4087
43,6,gender,ema_lr1e-2_wd1e-3,0.01,0.001,0.93174,0.48813,4087
43,6,gender,ema_d0.99,0.01,0.0001,0.88342,0.52508,4087
43,6,gender,ema_d0.9999,0.01,0.0001,0.95788,0.49768,4087
43,6,gender,mlp_h16,0.001,0.0,0.69605,0.50893,4087
43,6,gender,mlp_h32,0.001,0.0,0.69631,0.51701,4087
43,6,gender,mlp_h64,0.001,0.0,0.70085,0.49082,4087
43,6,gender,mlp_h128,0.001,0.0,0.70306,0.50135,4087
43,6,gender,attention,0.0001,1e-05,1.65625,0.53906,4087
43,6,gender,shuffled,0.01,0.0001,0.90388,0.49572,4087
43,6,star_sign,ema_lr1e-3,0.001,0.0001,3.24708,0.09053,4087
43,6,star_sign,ema_lr5e-3,0.005,0.0001,3.07186,0.1035,4087
43,6,star_sign,ema_lr1e-2,0.01,0.0001,2.81872,0.11965,4087
43,6,star_sign,ema_lr5e-2,0.05,0.0001,1.34353,0.67311,4087
43,6,star_sign,ema_lr1e-2_wd1e-3,0.01,0.001,2.7181,0.16369,4087
43,6,star_sign,ema_d0.99,0.01,0.0001,2.78088,0.11965,4087
43,6,star_sign,ema_d0.9999,0.01,0.0001,2.85531,0.11378,4087
43,6,star_sign,mlp_h16,0.001,0.0,1.64889,0.87424,4087
43,6,star_sign,mlp_h32,0.001,0.0,0.97326,0.99731,4087
43,6,star_sign,mlp_h64,0.001,0.0,0.32399,1.0,4087
43,6,star_sign,mlp_h128,0.001,0.0,0.04647,1.0,4087
43,6,star_sign,attention,0.0001,1e-05,0.0977,0.98438,4087
43,6,star_sign,shuffled,0.01,0.0001,2.80249,0.12405,4087
44,0,age_bin,ema_lr1e-3,0.001,0.0001,1.58205,0.29067,3977
44,0,age_bin,ema_lr5e-3,0.005,0.0001,1.33701,0.42771,3977
44,0,age_bin,ema_lr1e-2,0.01,0.0001,1.15481,0.47951,3977
44,0,age_bin,ema_lr5e-2,0.05,0.0001,0.42749,0.94016,3977
44,0,age_bin,ema_lr1e-2_wd1e-3,0.01,0.001,1.14715,0.43324,3977
44,0,age_bin,ema_d0.99,0.01,0.0001,1.18512,0.42771,3977
44,0,age_bin,ema_d0.9999,0.01,0.0001,1.18588,0.47926,3977
44,0,age_bin,mlp_h16,0.001,0.0,0.49912,0.99975,3977
44,0,age_bin,mlp_h32,0.001,0.0,0.24357,1.0,3977
44,0,age_bin,mlp_h64,0.001,0.0,0.09376,1.0,3977
44,0,age_bin,mlp_h128,0.001,0.0,0.01237,1.0,3977
44,0,age_bin,attention,0.0001,1e-05,1.01592,1.0,3977
44,0,age_bin,shuffled,0.01,0.0001,1.1867,0.53407,3977
44,0,gender,ema_lr1e-3,0.001,0.0001,1.0866,0.48906,3977
44,0,gender,ema_lr5e-3,0.005,0.0001,1.01502,0.4878,3977
44,0,gender,ema_lr1e-2,0.01,0.0001,0.89995,0.50339,3977
44,0,gender,ema_lr5e-2,0.05,0.0001,0.7766,0.50943,3977
44,0,gender,ema_lr1e-2_wd1e-3,0.01,0.001,0.92119,0.47951,3977
44,0,gender,ema_d0.99,0.01,0.0001,0.92066,0.51446,3977
44,0,gender,ema_d0.9999,0.01,0.0001,0.95855,0.48831,3977
44,0,gender,mlp_h16,0.001,0.0,0.69632,0.50742,3977
44,0,gender,mlp_h32,0.001,0.0,0.69908,0.47649,3977
44,0,gender,mlp_h64,0.001,0.0,0.70284,0.46517,3977
44,0,gender,mlp_h128,0.001,0.0,0.70241,0.47096,3977
44,0,gender,attention,0.0001,1e-05,0.69228,0.54688,3977
44,0,gender,shuffled,0.01,0.0001,0.92462,0.48956,3977
44,0,star_sign,ema_lr1e-3,0.001,0.0001,3.35424,0.0694,3977
44,0,star_sign,ema_lr5e-3,0.005,0.0001,2.97883,0.0958,3977
44,0,star_sign,ema_lr1e-2,0.01,0.0001,2.78879,0.22127,3977
44,0,star_sign,ema_lr5e-2,0.05,0.0001,1.29408,0.69424,3977
44,0,star_sign,ema_lr1e-2_wd1e-3,0.01,0.001,2.79969,0.15036,3977
44,0,star_sign,ema_d0.99,0.01,0.0001,2.76031,0.10712,3977
44,0,star_sign,ema_d0.9999,0.01,0.0001,2.71193,0.16344,3977
44,0,star_sign,mlp_h16,0.001,0.0,1.38311,0.89615,3977
44,0,star_sign,mlp_h32,0.001,0.0,0.48905,1.0,3977
44,0,star_sign,mlp_h64,0.001,0.0,0.43262,1.0,3977
44,0,star_sign,mlp_h128,0.001,0.0,0.04363,1.0,3977
44,0,star_sign,attention,0.0001,1e-05,2.39607,1.0,3977
44,0,star_sign,shuffled,0.01,0.0001,2.75589,0.09781,3977
44,4,age_bin,ema_lr1e-3,0.001,0.0001,1.38742,0.35152,3977
44,4,age_bin,ema_lr5e-3,0.005,0.0001,1.30391,0.35303,3977
44,4,age_bin,ema_lr1e-2,0.01,0.0001,1.07791,0.45964,3977
44,4,age_bin,ema_lr5e-2,0.05,0.0001,0.42634,0.93613,3977
44,4,age_bin,ema_lr1e-2_wd1e-3,0.01,0.001,1.11064,0.48554,3977
44,4,age_bin,ema_d0.99,0.01,0.0001,1.07909,0.49309,3977
44,4,age_bin,ema_d0.9999,0.01,0.0001,1.11776,0.46869,3977
44,4,age_bin,mlp_h16,0.001,0.0,0.28139,1.0,3977
44,4,age_bin,mlp_h32,0.001,0.0,0.12914,1.0,3977
44,4,age_bin,mlp_h64,0.001,0.0,0.03398,1.0,3977
44,4,age_bin,mlp_h128,0.001,0.0,0.01166,1.0,3977
44,4,age_bin,attention,0.0001,1e-05,0.0078,1.0,3977
44,4,age_bin,shuffled,0.01,0.0001,1.11866,0.42796,3977
44,4,gender,ema_lr1e-3,0.001,0.0001,1.03052,0.49686,3977
44,4,gender,ema_lr5e-3,0.005,0.0001,0.92455,0.51396,3977
44,4,gender,ema_lr1e-2,0.01,0.0001,0.88833,0.49485,3977
44,4,gender,ema_lr5e-2,0.05,0.0001,0.76371,0.48378,3977
44,4,gender,ema_lr1e-2_wd1e-3,0.01,0.001,0.88679,0.48177,3977
44,4,gender,ema_d0.99,0.01,0.0001,0.87147,0.49107,3977
44,4,gender,ema_d0.9999,0.01,0.0001,0.84728,0.50138,3977
44,4,gender,mlp_h16,0.001,0.0,0.69649,0.48378,3977
44,4,gender,mlp_h32,0.001,0.0,0.69978,0.47926,3977
44,4,gender,mlp_h64,0.001,0.0,0.70597,0.47196,3977
44,4,gender,mlp_h128,0.001,0.0,0.70629,0.46191,3977
44,4,gender,attention,0.0001,1e-05,0.6913,0.49219,3977
44,4,gender,shuffled,0.01,0.0001,0.84414,0.50867,3977
44,4,star_sign,ema_lr1e-3,0.001,0.0001,3.16069,0.07267,3977
44,4,star_sign,ema_lr5e-3,0.005,0.0001,2.90432,0.11843,3977
44,4,star_sign,ema_lr1e-2,0.01,0.0001,2.57451,0.17677,3977
44,4,star_sign,ema_lr5e-2,0.05,0.0001,1.21075,0.77169,3977
44,4,star_sign,ema_lr1e-2_wd1e-3,0.01,0.001,2.52327,0.19738,3977
44,4,star_sign,ema_d0.99,0.01,0.0001,2.59069,0.12975,3977
44,4,star_sign,ema_d0.9999,0.01,0.0001,2.55562,0.1139,3977
44,4,star_sign,mlp_h16,0.001,0.0,1.42961,0.95147,3977
44,4,star_sign,mlp_h32,0.001,0.0,0.42003,1.0,3977
44,4,star_sign,mlp_h64,0.001,0.0,0.09564,1.0,3977
44,4,star_sign,mlp_h128,0.001,0.0,0.02002,1.0,3977
44,4,star_sign,attention,0.0001,1e-05,1.6837,1.0,3977
44,4,star_sign,shuffled,0.01,0.0001,2.5992,0.2175,3977
44,6,age_bin,ema_lr1e-3,0.001,0.0001,1.51876,0.34247,3977
44,6,age_bin,ema_lr5e-3,0.005,0.0001,1.44255,0.36535,3977
44,6,age_bin,ema_lr1e-2,0.01,0.0001,1.24945,0.40508,3977
44,6,age_bin,ema_lr5e-2,0.05,0.0001,0.42634,0.92281,3977
44,6,age_bin,ema_lr1e-2_wd1e-3,0.01,0.001,1.15925,0.47448,3977
44,6,age_bin,ema_d0.99,0.01,0.0001,1.24626,0.42318,3977
44,6,age_bin,ema_d0.9999,0.01,0.0001,1.20218,0.42142,3977
44,6,age_bin,mlp_h16,0.001,0.0,0.20103,1.0,3977
44,6,age_bin,mlp_h32,0.001,0.0,0.14939,1.0,3977
44,6,age_bin,mlp_h64,0.001,0.0,0.06468,1.0,3977
44,6,age_bin,mlp_h128,0.001,0.0,0.02017,1.0,3977
44,6,age_bin,attention,0.0001,1e-05,0.03045,0.98438,3977
44,6,age_bin,shuffled,0.01,0.0001,1.15724,0.44707,3977
44,6,gender,ema_lr1e-3,0.001,0.0001,1.02765,0.51748,3977
44,6,gender,ema_lr5e-3,0.005,0.0001,0.95766,0.49736,3977
44,6,gender,ema_lr1e-2,0.01,0.0001,0.86019,0.52954,3977
44,6,gender,ema_lr5e-2,0.05,0.0001,0.73497,0.5313,3977
44,6,gender,ema_lr1e-2_wd1e-3,0.01,0.001,0.90239,0.50314,3977
44,6,gender,ema_d0.99,0.01,0.0001,0.90905,0.50717,3977
44,6,gender,ema_d0.9999,0.01,0.0001,0.95876,0.48831,3977
44,6,gender,mlp_h16,0.001,0.0,0.69552,0.5127,3977
44,6,gender,mlp_h32,0.001,0.0,0.69801,0.51873,3977
44,6,gender,mlp_h64,0.001,0.0,0.70256,0.5049,3977
44,6,gender,mlp_h128,0.001,0.0,0.71171,0.49183,3977
44,6,gender,attention,0.0001,1e-05,1.42333,0.53906,3977
44,6,gender,shuffled,0.01,0.0001,0.89995,0.49359,3977
44,6,star_sign,ema_lr1e-3,0.001,0.0001,3.29715,0.08901,3977
44,6,star_sign,ema_lr5e-3,0.005,0.0001,2.94285,0.13729,3977
44,6,star_sign,ema_lr1e-2,0.01,0.0001,2.84451,0.11994,3977
44,6,star_sign,ema_lr5e-2,0.05,0.0001,1.30257,0.69701,3977
44,6,star_sign,ema_lr1e-2_wd1e-3,0.01,0.001,2.89286,0.13427,3977
44,6,star_sign,ema_d0.99,0.01,0.0001,2.70692,0.13855,3977
44,6,star_sign,ema_d0.9999,0.01,0.0001,2.70046,0.13276,3977
44,6,star_sign,mlp_h16,0.001,0.0,1.63821,0.8778,3977
44,6,star_sign,mlp_h32,0.001,0.0,0.91585,0.99874,3977
44,6,star_sign,mlp_h64,0.001,0.0,0.30226,1.0,3977
44,6,star_sign,mlp_h128,0.001,0.0,0.04565,1.0,3977
44,6,star_sign,attention,0.0001,1e-05,0.16237,0.98438,3977
44,6,star_sign,shuffled,0.01,0.0001,2.76383,0.13654,3977
45,0,age_bin,ema_lr1e-3,0.001,0.0001,1.56286,0.29246,4322
45,0,age_bin,ema_lr5e-3,0.005,0.0001,1.36679,0.42318,4322
45,0,age_bin,ema_lr1e-2,0.01,0.0001,1.17749,0.47547,4322
45,0,age_bin,ema_lr5e-2,0.05,0.0001,0.42726,0.93221,4322
45,0,age_bin,ema_lr1e-2_wd1e-3,0.01,0.001,1.16607,0.43198,4322
45,0,age_bin,ema_d0.99,0.01,0.0001,1.18927,0.43221,4322
45,0,age_bin,ema_d0.9999,0.01,0.0001,1.17776,0.52152,4322
45,0,age_bin,mlp_h16,0.001,0.0,0.48997,0.99954,4322
45,0,age_bin,mlp_h32,0.001,0.0,0.23428,1.0,4322
45,0,age_bin,mlp_h64,0.001,0.0,0.08938,1.0,4322
45,0,age_bin,mlp_h128,0.001,0.0,0.01182,1.0,4322
45,0,age_bin,attention,0.0001,1e-05,1.01525,1.0,4322
45,0,age_bin,shuffled,0.01,0.0001,1.19575,0.51411,4322
45,0,gender,ema_lr1e-3,0.001,0.0001,1.02634,0.51249,4322
45,0,gender,ema_lr5e-3,0.005,0.0001,0.98578,0.50393,4322
45,0,gender,ema_lr1e-2,0.01,0.0001,0.87479,0.51643,4322
45,0,gender,ema_lr5e-2,0.05,0.0001,0.777,0.49514,4322
45,0,gender,ema_lr1e-2_wd1e-3,0.01,0.001,0.92094,0.49884,4322
45,0,gender,ema_d0.99,0.01,0.0001,0.90321,0.50602,4322
45,0,gender,ema_d0.9999,0.01,0.0001,0.93984,0.50578,4322
45,0,gender,mlp_h16,0.001,0.0,0.69352,0.51111,4322
45,0,gender,mlp_h32,0.001,0.0,0.6924,0.51828,4322
45,0,gender,mlp_h64,0.001,0.0,0.69259,0.52453,4322
45,0,gender,mlp_h128,0.001,0.0,0.69441,0.51087,4322
45,0,gender,attention,0.0001,1e-05,0.69345,0.48438,4322
45,0,gender,shuffled,0.01,0.0001,0.90824,0.51018,4322
45,0,star_sign,ema_lr1e-3,0.001,0.0001,3.29073,0.07381,4322
45,0,star_sign,ema_lr5e-3,0.005,0.0001,2.97078,0.09463,4322
45,0,star_sign,ema_lr1e-2,0.01,0.0001,2.78802,0.22652,4322
45,0,star_sign,ema_lr5e-2,0.05,0.0001,1.27897,0.70338,4322
45,0,star_sign,ema_lr1e-2_wd1e-3,0.01,0.001,2.73989,0.16312,4322
45,0,star_sign,ema_d0.99,0.01,0.0001,2.79766,0.10574,4322
45,0,star_sign,ema_d0.9999,0.01,0.0001,2.75375,0.15595,4322
45,0,star_sign,mlp_h16,0.001,0.0,1.36497,0.9211,4322
45,0,star_sign,mlp_h32,0.001,0.0,0.46969,1.0,4322
45,0,star_sign,mlp_h64,0.001,0.0,0.40792,1.0,4322
45,0,star_sign,mlp_h128,0.001,0.0,0.04073,1.0,4322
45,0,star_sign,attention,0.0001,1e-05,2.39489,1.0,4322
45,0,star_sign,shuffled,0.01,0.0001,2.75947,0.09209,4322
45,4,age_bin,ema_lr1e-3,0.001,0.0001,1.43344,0.33225,4322
45,4,age_bin,ema_lr5e-3,0.005,0.0001,1.28786,0.35794,4322
45,4,age_bin,ema_lr1e-2,0.01,0.0001,1.06668,0.47663,4322
45,4,age_bin,ema_lr5e-2,0.05,0.0001,0.42116,0.93707,4322
45,4,age_bin,ema_lr1e-2_wd1e-3,0.01,0.001,1.14486,0.46391,4322
45,4,age_bin,ema_d0.99,0.01,0.0001,1.08196,0.48565,4322
45,4,age_bin,ema_d0.9999,0.01,0.0001,1.10671,0.4646,4322
45,4,age_bin,mlp_h16,0.001,0.0,0.26508,1.0,4322
45,4,age_bin,mlp_h32,0.001,0.0,0.12205,1.0,4322
45,4,age_bin,mlp_h64,0.001,0.0,0.03113,1.0,4322
45,4,age_bin,mlp_h128,0.001,0.0,0.01083,1.0,4322
45,4,age_bin,attention,0.0001,1e-05,0.00633,1.0,4322
45,4,age_bin,shuffled,0.01,0.0001,1.08848,0.45812,4322
45,4,gender,ema_lr1e-3,0.001,0.0001,1.02016,0.50023,4322
45,4,gender,ema_lr5e-3,0.005,0.0001,0.92448,0.51411,4322
45,4,gender,ema_lr1e-2,0.01,0.0001,0.85881,0.50278,4322
45,4,gender,ema_lr5e-2,0.05,0.0001,0.76378,0.49352,4322
45,4,gender,ema_lr1e-2_wd1e-3,0.01,0.001,0.86388,0.50416,4322
45,4,gender,ema_d0.99,0.01,0.0001,0.84602,0.51064,4322
45,4,gender,ema_d0.9999,0.01,0.0001,0.84633,0.49931,4322
45,4,gender,mlp_h16,0.001,0.0,0.69476,0.50116,4322
45,4,gender,mlp_h32,0.001,0.0,0.69505,0.49537,4322
45,4,gender,mlp_h64,0.001,0.0,0.69199,0.52591,4322
45,4,gender,mlp_h128,0.001,0.0,0.69434,0.49792,4322
45,4,gender,attention,0.0001,1e-05,0.70369,0.48438,4322
45,4,gender,shuffled,0.01,0.0001,0.8779,0.49375,4322
45,4,star_sign,ema_lr1e-3,0.001,0.0001,3.05727,0.08908,4322
45,4,star_sign,ema_lr5e-3,0.005,0.0001,2.88683,0.11291,4322
45,4,star_sign,ema_lr1e-2,0.01,0.0001,2.51107,0.18926,4322
45,4,star_sign,ema_lr5e-2,0.05,0.0001,1.20834,0.76539,4322
45,4,star_sign,ema_lr1e-2_wd1e-3,0.01,0.001,2.5521,0.17816,4322
45,4,star_sign,ema_d0.99,0.01,0.0001,2.6265,0.12425,4322
45,4,star_sign,ema_d0.9999,0.01,0.0001,2.61883,0.09903,4322
45,4,star_sign,mlp_h16,0.001,0.0,1.3881,0.9609,4322
45,4,star_sign,mlp_h32,0.001,0.0,0.37919,1.0,4322
45,4,star_sign,mlp_h64,0.001,0.0,0.08582,1.0,4322
45,4,star_sign,mlp_h128,0.001,0.0,0.01925,1.0,4322
45,4,star_sign,attention,0.0001,1e-05,1.68124,1.0,4322
45,4,star_sign,shuffled,0.01,0.0001,2.62743,0.2124,4322
45,6,age_bin,ema_lr1e-3,0.001,0.0001,1.548,0.34961,4322
45,6,age_bin,ema_lr5e-3,0.005,0.0001,1.40205,0.38778,4322
45,6,age_bin,ema_lr1e-2,0.01,0.0001,1.19398,0.44609,4322
45,6,age_bin,ema_lr5e-2,0.05,0.0001,0.42915,0.92735,4322
45,6,age_bin,ema_lr1e-2_wd1e-3,0.01,0.001,1.24255,0.4218,4322
45,6,age_bin,ema_d0.99,0.01,0.0001,1.19336,0.45882,4322
45,6,age_bin,ema_d0.9999,0.01,0.0001,1.03623,0.51018,4322
45,6,age_bin,mlp_h16,0.001,0.0,0.1945,1.0,4322
45,6,age_bin,mlp_h32,0.001,0.0,0.13646,1.0,4322
45,6,age_bin,mlp_h64,0.001,0.0,0.05894,1.0,4322
45,6,age_bin,mlp_h128,0.001,0.0,0.01822,1.0,4322
45,6,age_bin,attention,0.0001,1e-05,0.03099,0.97656,4322
45,6,age_bin,shuffled,0.01,0.0001,1.25576,0.40861,4322
45,6,gender,ema_lr1e-3,0.001,0.0001,0.99287,0.5273,4322
45,6,gender,ema_lr5e-3,0.005,0.0001,0.95411,0.49584,4322
45,6,gender,ema_lr1e-2,0.01,0.0001,0.91795,0.49907,4322
45,6,gender,ema_lr5e-2,0.05,0.0001,0.76267,0.49884,4322
45,6,gender,ema_lr1e-2_wd1e-3,0.01,0.001,0.8879,0.51157,4322
45,6,gender,ema_d0.99,0.01,0.0001,0.92678,0.50463,4322
45,6,gender,ema_d0.9999,0.01,0.0001,0.97134,0.48242,4322
45,6,gender,mlp_h16,0.001,0.0,0.69819,0.50301,4322
45,6,gender,mlp_h32,0.001,0.0,0.6933,0.51828,4322
45,6,gender,mlp_h64,0.001,0.0,0.69316,0.50995,4322
45,6,gender,mlp_h128,0.001,0.0,0.69788,0.50231,4322
45,6,gender,attention,0.0001,1e-05,1.58598,0.50781,4322
45,6,gender,shuffled,0.01,0.0001,0.92107,0.48866,4322
45,6,star_sign,ema_lr1e-3,0.001,0.0001,3.07963,0.10898,4322
45,6,star_sign,ema_lr5e-3,0.005,0.0001,3.01528,0.13188,4322
45,6,star_sign,ema_lr1e-2,0.01,0.0001,2.80821,0.11546,4322
45,6,star_sign,ema_lr5e-2,0.05,0.0001,1.27783,0.70546,4322
45,6,star_sign,ema_lr1e-2_wd1e-3,0.01,0.001,2.69286,0.16937,4322
45,6,star_sign,ema_d0.99,0.01,0.0001,2.68861,0.1423,4322
45,6,star_sign,ema_d0.9999,0.01,0.0001,2.87916,0.09741,4322
45,6,star_sign,mlp_h16,0.001,0.0,1.59201,0.89958,4322
45,6,star_sign,mlp_h32,0.001,0.0,0.85044,0.99861,4322
45,6,star_sign,mlp_h64,0.001,0.0,0.26812,1.0,4322
45,6,star_sign,mlp_h128,0.001,0.0,0.03834,1.0,4322
45,6,star_sign,attention,0.0001,1e-05,0.10736,0.96875,4322
45,6,star_sign,shuffled,0.01,0.0001,2.69481,0.146,4322
46,0,age_bin,ema_lr1e-3,0.001,0.0001,1.56304,0.29084,4016
46,0,age_bin,ema_lr5e-3,0.005,0.0001,1.35352,0.42256,4016
46,0,age_bin,ema_lr1e-2,0.01,0.0001,1.1347,0.47983,4016
46,0,age_bin,ema_lr5e-2,0.05,0.0001,0.41636,0.94148,4016
46,0,age_bin,ema_lr1e-2_wd1e-3,0.01,0.001,1.14278,0.42605,4016
46,0,age_bin,ema_d0.99,0.01,0.0001,1.18415,0.4497,4016
46,0,age_bin,ema_d0.9999,0.01,0.0001,1.15159,0.53884,4016
46,0,age_bin,mlp_h16,0.001,0.0,0.4745,1.0,4016
46,0,age_bin,mlp_h32,0.001,0.0,0.22163,1.0,4016
46,0,age_bin,mlp_h64,0.001,0.0,0.08274,1.0,4016
46,0,age_bin,mlp_h128,0.001,0.0,0.01147,1.0,4016
46,0,age_bin,attention,0.0001,1e-05,1.01389,1.0,4016
46,0,age_bin,shuffled,0.01,0.0001,1.19864,0.5259,4016
46,0,gender,ema_lr1e-3,0.001,0.0001,1.05502,0.5005,4016
46,0,gender,ema_lr5e-3,0.005,0.0001,1.02333,0.48381,4016
46,0,gender,ema_lr1e-2,0.01,0.0001,0.90237,0.4883,4016
46,0,gender,ema_lr5e-2,0.05,0.0001,0.77098,0.50523,4016
46,0,gender,ema_lr1e-2_wd1e-3,0.01,0.001,0.89507,0.49253,4016
46,0,gender,ema_d0.99,0.01,0.0001,0.90924,0.51046,4016
46,0,gender,ema_d0.9999,0.01,0.0001,0.94306,0.49502,4016
46,0,gender,mlp_h16,0.001,0.0,0.69535,0.50647,4016
46,0,gender,mlp_h32,0.001,0.0,0.70037,0.46688,4016
46,0,gender,mlp_h64,0.001,0.0,0.7019,0.47112,4016
46,0,gender,mlp_h128,0.001,0.0,0.69686,0.49676,4016
46,0,gender,attention,0.0001,1e-05,0.69257,0.53906,4016
46,0,gender,shuffled,0.01,0.0001,0.91876,0.48033,4016
46,0,star_sign,ema_lr1e-3,0.001,0.0001,3.25362,0.07171,4016
46,0,star_sign,ema_lr5e-3,0.005,0.0001,2.97645,0.08865,4016
46,0,star_sign,ema_lr1e-2,0.01,0.0001,2.74592,0.22834,4016
46,0,star_sign,ema_lr5e-2,0.05,0.0001,1.25648,0.70194,4016
46,0,star_sign,ema_lr1e-2_wd1e-3,0.01,0.001,2.74686,0.15886,4016
46,0,star_sign,ema_d0.99,0.01,0.0001,2.76047,0.10159,4016
46,0,star_sign,ema_d0.9999,0.01,0.0001,2.73147,0.16584,4016
46,0,star_sign,mlp_h16,0.001,0.0,1.31248,0.93675,4016
46,0,star_sign,mlp_h32,0.001,0.0,0.43176,1.0,4016
46,0,star_sign,mlp_h64,0.001,0.0,0.37663,1.0,4016
46,0,star_sign,mlp_h128,0.001,0.0,0.03781,1.0,4016
46,0,star_sign,attention,0.0001,1e-05,2.39356,1.0,4016
46,0,star_sign,shuffled,0.01,0.0001,2.72129,0.08591,4016
46,4,age_bin,ema_lr1e-3,0.001,0.0001,1.42038,0.33815,4016
46,4,age_bin,ema_lr5e-3,0.005,0.0001,1.26902,0.36554,4016
46,4,age_bin,ema_lr1e-2,0.01,0.0001,1.04537,0.48879,4016
46,4,age_bin,ema_lr5e-2,0.05,0.0001,0.41375,0.94522,4016
46,4,age_bin,ema_lr1e-2_wd1e-3,0.01,0.001,1.10679,0.47734,4016
46,4,age_bin,ema_d0.99,0.01,0.0001,1.07264,0.49726,4016
46,4,age_bin,ema_d0.9999,0.01,0.0001,1.09134,0.46638,4016
46,4,age_bin,mlp_h16,0.001,0.0,0.25451,1.0,4016
46,4,age_bin,mlp_h32,0.001,0.0,0.11508,1.0,4016
46,4,age_bin,mlp_h64,0.001,0.0,0.02977,1.0,4016
46,4,age_bin,mlp_h128,0.001,0.0,0.01063,1.0,4016
46,4,age_bin,attention,0.0001,1e-05,0.00488,1.0,4016
46,4,age_bin,shuffled,0.01,0.0001,1.1092,0.45095,4016
46,4,gender,ema_lr1e-3,0.001,0.0001,1.01879,0.49253,4016
46,4,gender,ema_lr5e-3,0.005,0.0001,0.9264,0.51394,4016
46,4,gender,ema_lr1e-2,0.01,0.0001,0.86531,0.49502,4016
46,4,gender,ema_lr5e-2,0.05,0.0001,0.75287,0.50374,4016
46,4,gender,ema_lr1e-2_wd1e-3,0.01,0.001,0.86831,0.49776,4016
46,4,gender,ema_d0.99,0.01,0.0001,0.82477,0.5137,4016
46,4,gender,ema_d0.9999,0.01,0.0001,0.82151,0.51046,4016
46,4,gender,mlp_h16,0.001,0.0,0.68992,0.53536,4016
46,4,gender,mlp_h32,0.001,0.0,0.69064,0.52689,4016
46,4,gender,mlp_h64,0.001,0.0,0.69942,0.48879,4016
46,4,gender,mlp_h128,0.001,0.0,0.69638,0.50075,4016
46,4,gender,attention,0.0001,1e-05,0.68673,0.5625,4016
46,4,gender,shuffled,0.01,0.0001,0.86217,0.49676,4016
46,4,star_sign,ema_lr1e-3,0.001,0.0001,3.04888,0.08466,4016
46,4,star_sign,ema_lr5e-3,0.005,0.0001,2.8718,0.12326,4016
46,4,star_sign,ema_lr1e-2,0.01,0.0001,2.56301,0.18376,4016
46,4,star_sign,ema_lr5e-2,0.05,0.0001,1.17628,0.77988,4016
46,4,star_sign,ema_lr1e-2_wd1e-3,0.01,0.001,2.52976,0.18352,4016
46,4,star_sign,ema_d0.99,0.01,0.0001,2.6121,0.11952,4016
46,4,star_sign,ema_d0.9999,0.01,0.0001,2.5199,0.12375,4016
46,4,star_sign,mlp_h16,0.001,0.0,1.36134,0.9629,4016
46,4,star_sign,mlp_h32,0.001,0.0,0.36465,1.0,4016
46,4,star_sign,mlp_h64,0.001,0.0,0.08232,1.0,4016
46,4,star_sign,mlp_h128,0.001,0.0,0.01838,1.0,4016
46,4,star_sign,attention,0.0001,1e-05,1.66326,1.0,4016
46,4,star_sign,shuffled,0.01,0.0001,2.63508,0.21439,4016
46,6,age_bin,ema_lr1e-3,0.001,0.0001,1.5962,0.33391,4016
46,6,age_bin,ema_lr5e-3,0.005,0.0001,1.33668,0.40961,4016
46,6,age_bin,ema_lr1e-2,0.01,0.0001,1.19371,0.44771,4016
46,6,age_bin,ema_lr5e-2,0.05,0.0001,0.42253,0.93053,4016
46,6,age_bin,ema_lr1e-2_wd1e-3,0.01,0.001,1.18433,0.44671,4016
46,6,age_bin,ema_d0.99,0.01,0.0001,1.23644,0.42928,4016
46,6,age_bin,ema_d0.9999,0.01,0.0001,1.11709,0.46987,4016
46,6,age_bin,mlp_h16,0.001,0.0,0.18244,1.0,4016
46,6,age_bin,mlp_h32,0.001,0.0,0.13432,1.0,4016
46,6,age_bin,mlp_h64,0.001,0.0,0.05833,1.0,4016
46,6,age_bin,mlp_h128,0.001,0.0,0.01759,1.0,4016
46,6,age_bin,attention,0.0001,1e-05,0.01037,1.0,4016
46,6,age_bin,shuffled,0.01,0.0001,1.12226,0.47634,4016
46,6,gender,ema_lr1e-3,0.001,0.0001,1.02778,0.52166,4016
46,6,gender,ema_lr5e-3,0.005,0.0001,0.95202,0.50349,4016
46,6,gender,ema_lr1e-2,0.01,0.0001,0.92033,0.48157,4016
46,6,gender,ema_lr5e-2,0.05,0.0001,0.75277,0.50274,4016
46,6,gender,ema_lr1e-2_wd1e-3,0.01,0.001,0.92641,0.48282,4016
46,6,gender,ema_d0.99,0.01,0.0001,0.89715,0.51868,4016
46,6,gender,ema_d0.9999,0.01,0.0001,0.97134,0.4863,4016
46,6,gender,mlp_h16,0.001,0.0,0.69529,0.51096,4016
46,6,gender,mlp_h32,0.001,0.0,0.69939,0.50299,4016
46,6,gender,mlp_h64,0.001,0.0,0.69824,0.5117,4016
46,6,gender,mlp_h128,0.001,0.0,0.69906,0.50722,4016
46,6,gender,attention,0.0001,1e-05,1.37446,0.54688,4016
46,6,gender,shuffled,0.01,0.0001,0.88723,0.49353,4016
46,6,star_sign,ema_lr1e-3,0.001,0.0001,3.22927,0.10159,4016
46,6,star_sign,ema_lr5e-3,0.005,0.0001,3.03639,0.10508,4016
46,6,star_sign,ema_lr1e-2,0.01,0.0001,2.82279,0.11877,4016
46,6,star_sign,ema_lr5e-2,0.05,0.0001,1.25133,0.7134,4016
46,6,star_sign,ema_lr1e-2_wd1e-3,0.01,0.001,2.71252,0.16335,4016
46,6,star_sign,ema_d0.99,0.01,0.0001,2.76524,0.13147,4016
46,6,star_sign,ema_d0.9999,0.01,0.0001,2.77956,0.124,4016
46,6,star_sign,mlp_h16,0.001,0.0,1.55968,0.91335,4016
46,6,star_sign,mlp_h32,0.001,0.0,0.83839,0.9995,4016
46,6,star_sign,mlp_h64,0.001,0.0,0.2568,1.0,4016
46,6,star_sign,mlp_h128,0.001,0.0,0.03739,1.0,4016
46,6,star_sign,attention,0.0001,1e-05,0.02354,0.98438,4016
46,6,star_sign,shuffled,0.01,0.0001,2.75752,0.13596,4016
47,0,age_bin,ema_lr1e-3,0.001,0.0001,1.62013,0.28094,3983
47,0,age_bin,ema_lr5e-3,0.005,0.0001,1.34564,0.42882,3983
47,0,age_bin,ema_lr1e-2,0.01,0.0001,1.15474,0.47602,3983
47,0,age_bin,ema_lr5e-2,0.05,0.0001,0.40786,0.94477,3983
47,0,age_bin,ema_lr1e-2_wd1e-3,0.01,0.001,1.15982,0.43259,3983
47,0,age_bin,ema_d0.99,0.01,0.0001,1.17495,0.44539,3983
47,0,age_bin,ema_d0.9999,0.01,0.0001,1.14189,0.54406,3983
47,0,age_bin,mlp_h16,0.001,0.0,0.46078,0.99975,3983
47,0,age_bin,mlp_h32,0.001,0.0,0.21071,1.0,3983
47,0,age_bin,mlp_h64,0.001,0.0,0.07888,1.0,3983
47,0,age_bin,mlp_h128,0.001,0.0,0.01079,1.0,3983
47,0,age_bin,attention,0.0001,1e-05,1.0126,1.0,3983
47,0,age_bin,shuffled,0.01,0.0001,1.20412,0.51745,3983
47,0,gender,ema_lr1e-3,0.001,0.0001,1.07482,0.49837,3983
47,0,gender,ema_lr5e-3,0.005,0.0001,0.95997,0.51695,3983
47,0,gender,ema_lr1e-2,0.01,0.0001,0.88051,0.49711,3983
47,0,gender,ema_lr5e-2,0.05,0.0001,0.77127,0.48958,3983
47,0,gender,ema_lr1e-2_wd1e-3,0.01,0.001,0.90403,0.50992,3983
47,0,gender,ema_d0.99,0.01,0.0001,0.90774,0.49586,3983
47,0,gender,ema_d0.9999,0.01,0.0001,0.94664,0.50314,3983
47,0,gender,mlp_h16,0.001,0.0,0.69152,0.52423,3983
47,0,gender,mlp_h32,0.001,0.0,0.69141,0.51896,3983
47,0,gender,mlp_h64,0.001,0.0,0.69166,0.53151,3983
47,0,gender,mlp_h128,0.001,0.0,0.69367,0.50264,3983
47,0,gender,attention,0.0001,1e-05,0.69367,0.46875,3983
47,0,gender,shuffled,0.01,0.0001,0.93451,0.4936,3983
47,0,star_sign,ema_lr1e-3,0.001,0.0001,3.31814,0.07256,3983
47,0,star_sign,ema_lr5e-3,0.005,0.0001,2.95463,0.10218,3983
47,0,star_sign,ema_lr1e-2,0.01,0.0001,2.71486,0.23952,3983
47,0,star_sign,ema_lr5e-2,0.05,0.0001,1.23266,0.72784,3983
47,0,star_sign,ema_lr1e-2_wd1e-3,0.01,0.001,2.73072,0.16144,3983
47,0,star_sign,ema_d0.99,0.01,0.0001,2.72428,0.1165,3983
47,0,star_sign,ema_d0.9999,0.01,0.0001,2.69655,0.17098,3983
47,0,star_sign,mlp_h16,0.001,0.0,1.29393,0.93096,3983
47,0,star_sign,mlp_h32,0.001,0.0,0.41697,1.0,3983
47,0,star_sign,mlp_h64,0.001,0.0,0.34884,1.0,3983
47,0,star_sign,mlp_h128,0.001,0.0,0.03556,1.0,3983
47,0,star_sign,attention,0.0001,1e-05,2.39094,1.0,3983
47,0,star_sign,shuffled,0.01,0.0001,2.74559,0.08888,3983
47,4,age_bin,ema_lr1e-3,0.001,0.0001,1.40279,0.35526,3983
47,4,age_bin,ema_lr5e-3,0.005,0.0001,1.25622,0.37309,3983
47,4,age_bin,ema_lr1e-2,0.01,0.0001,1.06483,0.47477,3983
47,4,age_bin,ema_lr5e-2,0.05,0.0001,0.39629,0.95205,3983
47,4,age_bin,ema_lr1e-2_wd1e-3,0.01,0.001,1.12382,0.4818,3983
47,4,age_bin,ema_d0.99,0.01,0.0001,1.03415,0.52322,3983
47,4,age_bin,ema_d0.9999,0.01,0.0001,1.11016,0.45694,3983
47,4,age_bin,mlp_h16,0.001,0.0,0.24282,1.0,3983
47,4,age_bin,mlp_h32,0.001,0.0,0.10954,1.0,3983
47,4,age_bin,mlp_h64,0.001,0.0,0.02822,1.0,3983
47,4,age_bin,mlp_h128,0.001,0.0,0.01017,1.0,3983
47,4,age_bin,attention,0.0001,1e-05,0.00516,1.0,3983
47,4,age_bin,shuffled,0.01,0.0001,1.0743,0.47452,3983
47,4,gender,ema_lr1e-3,0.001,0.0001,1.00428,0.50967,3983
47,4,gender,ema_lr5e-3,0.005,0.0001,1.00299,0.46272,3983
47,4,gender,ema_lr1e-2,0.01,0.0001,0.8851,0.48506,3983
47,4,gender,ema_lr5e-2,0.05,0.0001,0.75704,0.48782,3983
47,4,gender,ema_lr1e-2_wd1e-3,0.01,0.001,0.87916,0.48883,3983
47,4,gender,ema_d0.99,0.01,0.0001,0.84956,0.48707,3983
47,4,gender,ema_d0.9999,0.01,0.0001,0.82255,0.50741,3983
47,4,gender,mlp_h16,0.001,0.0,0.68919,0.54381,3983
47,4,gender,mlp_h32,0.001,0.0,0.6893,0.53176,3983
47,4,gender,mlp_h64,0.001,0.0,0.68984,0.54105,3983
47,4,gender,mlp_h128,0.001,0.0,0.69128,0.53302,3983
47,4,gender,attention,0.0001,1e-05,0.69886,0.46094,3983
47,4,gender,shuffled,0.01,0.0001,0.86635,0.49109,3983
47,4,star_sign,ema_lr1e-3,0.001,0.0001,3.06697,0.07909,3983
47,4,star_sign,ema_lr5e-3,0.005,0.0001,2.8572,0.1175,3983
47,4,star_sign,ema_lr1e-2,0.01,0.0001,2.53429,0.18905,3983
47,4,star_sign,ema_lr5e-2,0.05,0.0001,1.12315,0.81471,3983
47,4,star_sign,ema_lr1e-2_wd1e-3,0.01,0.001,2.53216,0.177,3983
47,4,star_sign,ema_d0.99,0.01,0.0001,2.57618,0.13055,3983
47,4,star_sign,ema_d0.9999,0.01,0.0001,2.582,0.11599,3983
47,4,star_sign,mlp_h16,0.001,0.0,1.30294,0.97414,3983
47,4,star_sign,mlp_h32,0.001,0.0,0.34303,1.0,3983
47,4,star_sign,mlp_h64,0.001,0.0,0.07537,1.0,3983
47,4,star_sign,mlp_h128,0.001,0.0,0.01692,1.0,3983
47,4,star_sign,attention,0.0001,1e-05,1.64046,1.0,3983
47,4,star_sign,shuffled,0.01,0.0001,2.62304,0.20311,3983
47,6,age_bin,ema_lr1e-3,0.001,0.0001,1.54974,0.34723,3983
47,6,age_bin,ema_lr5e-3,0.005,0.0001,1.3751,0.39418,3983
47,6,age_bin,ema_lr1e-2,0.01,0.0001,1.1787,0.44464,3983
47,6,age_bin,ema_lr5e-2,0.05,0.0001,0.40769,0.93171,3983
47,6,age_bin,ema_lr1e-2_wd1e-3,0.01,0.001,1.15439,0.45694,3983
47,6,age_bin,ema_d0.99,0.01,0.0001,1.23855,0.42506,3983
47,6,age_bin,ema_d0.9999,0.01,0.0001,1.18505,0.43133,3983
47,6,age_bin,mlp_h16,0.001,0.0,0.17856,1.0,3983
47,6,age_bin,mlp_h32,0.001,0.0,0.12955,1.0,3983
47,6,age_bin,mlp_h64,0.001,0.0,0.05512,1.0,3983
47,6,age_bin,mlp_h128,0.001,0.0,0.01756,1.0,3983
47,6,age_bin,attention,0.0001,1e-05,0.12559,0.99219,3983
47,6,age_bin,shuffled,0.01,0.0001,1.13569,0.46774,3983
47,6,gender,ema_lr1e-3,0.001,0.0001,1.04167,0.50063,3983
47,6,gender,ema_lr5e-3,0.005,0.0001,0.91763,0.51193,3983
47,6,gender,ema_lr1e-2,0.01,0.0001,0.91145,0.49661,3983
47,6,gender,ema_lr5e-2,0.05,0.0001,0.74113,0.51393,3983
47,6,gender,ema_lr1e-2_wd1e-3,0.01,0.001,0.8745,0.5172,3983
47,6,gender,ema_d0.99,0.01,0.0001,0.91335,0.50113,3983
47,6,gender,ema_d0.9999,0.01,0.0001,0.96674,0.49084,3983
47,6,gender,mlp_h16,0.001,0.0,0.68513,0.5413,3983
47,6,gender,mlp_h32,0.001,0.0,0.68464,0.54657,3983
47,6,gender,mlp_h64,0.001,0.0,0.68338,0.56063,3983
47,6,gender,mlp_h128,0.001,0.0,0.68428,0.5418,3983
47,6,gender,attention,0.0001,1e-05,1.4102,0.48438,3983
47,6,gender,shuffled,0.01,0.0001,0.91155,0.49335,3983
47,6,star_sign,ema_lr1e-3,0.001,0.0001,3.1888,0.09817,3983
47,6,star_sign,ema_lr5e-3,0.005,0.0001,2.95926,0.12629,3983
47,6,star_sign,ema_lr1e-2,0.01,0.0001,2.7724,0.12277,3983
47,6,star_sign,ema_lr5e-2,0.05,0.0001,1.23844,0.72433,3983
47,6,star_sign,ema_lr1e-2_wd1e-3,0.01,0.001,2.76099,0.16344,3983
47,6,star_sign,ema_d0.99,0.01,0.0001,2.7798,0.12428,3983
47,6,star_sign,ema_d0.9999,0.01,0.0001,2.67769,0.14713,3983
47,6,star_sign,mlp_h16,0.001,0.0,1.56088,0.9179,3983
47,6,star_sign,mlp_h32,0.001,0.0,0.80617,0.9995,3983
47,6,star_sign,mlp_h64,0.001,0.0,0.24091,1.0,3983
47,6,star_sign,mlp_h128,0.001,0.0,0.03564,1.0,3983
47,6,star_sign,attention,0.0001,1e-05,0.01547,0.99219,3983
47,6,star_sign,shuffled,0.01,0.0001,2.71115,0.14863,3983
48,0,age_bin,ema_lr1e-3,0.001,0.0001,1.58481,0.29595,4396
48,0,age_bin,ema_lr5e-3,0.005,0.0001,1.32771,0.43517,4396
48,0,age_bin,ema_lr1e-2,0.01,0.0001,1.12249,0.55096,4396
48,0,age_bin,ema_lr5e-2,0.05,0.0001,0.39107,0.94563,4396
48,0,age_bin,ema_lr1e-2_wd1e-3,0.01,0.001,1.12463,0.43676,4396
48,0,age_bin,ema_d0.99,0.01,0.0001,1.16255,0.4354,4396
48,0,age_bin,ema_d0.9999,0.01,0.0001,1.1444,0.54186,4396
48,0,age_bin,mlp_h16,0.001,0.0,0.44619,1.0,4396
48,0,age_bin,mlp_h32,0.001,0.0,0.19821,1.0,4396
48,0,age_bin,mlp_h64,0.001,0.0,0.07323,1.0,4396
48,0,age_bin,mlp_h128,0.001,0.0,0.01004,1.0,4396
48,0,age_bin,attention,0.0001,1e-05,1.01004,1.0,4396
48,0,age_bin,shuffled,0.01,0.0001,1.17658,0.53367,4396
48,0,gender,ema_lr1e-3,0.001,0.0001,1.07643,0.505,4396
48,0,gender,ema_lr5e-3,0.005,0.0001,1.00784,0.48726,4396
48,0,gender,ema_lr1e-2,0.01,0.0001,0.87446,0.49841,4396
48,0,gender,ema_lr5e-2,0.05,0.0001,0.76074,0.5182,4396
48,0,gender,ema_lr1e-2_wd1e-3,0.01,0.001,0.92693,0.48089,4396
48,0,gender,ema_d0.99,0.01,0.0001,0.89432,0.51479,4396
48,0,gender,ema_d0.9999,0.01,0.0001,0.92277,0.5025,4396
48,0,gender,mlp_h16,0.001,0.0,0.69527,0.50159,4396
48,0,gender,mlp_h32,0.001,0.0,0.69407,0.49727,4396
48,0,gender,mlp_h64,0.001,0.0,0.69516,0.49295,4396
48,0,gender,mlp_h128,0.001,0.0,0.69476,0.51001,4396
48,0,gender,attention,0.0001,1e-05,0.69217,0.53906,4396
48,0,gender,shuffled,0.01,0.0001,0.92929,0.48135,4396
48,0,star_sign,ema_lr1e-3,0.001,0.0001,3.34318,0.06233,4396
48,0,star_sign,ema_lr5e-3,0.005,0.0001,2.9779,0.09941,4396
48,0,star_sign,ema_lr1e-2,0.01,0.0001,2.69227,0.26046,4396
48,0,star_sign,ema_lr5e-2,0.05,0.0001,1.19307,0.73999,4396
48,0,star_sign,ema_lr1e-2_wd1e-3,0.01,0.001,2.70339,0.1647,4396
48,0,star_sign,ema_d0.99,0.01,0.0001,2.69966,0.11397,4396
48,0,star_sign,ema_d0.9999,0.01,0.0001,2.69542,0.16401,4396
48,0,star_sign,mlp_h16,0.001,0.0,1.25464,0.94495,4396
48,0,star_sign,mlp_h32,0.001,0.0,0.38508,1.0,4396
48,0,star_sign,mlp_h64,0.001,0.0,0.31584,1.0,4396
48,0,star_sign,mlp_h128,0.001,0.0,0.03189,1.0,4396
48,0,star_sign,attention,0.0001,1e-05,2.38825,1.0,4396
48,0,star_sign,shuffled,0.01,0.0001,2.70574,0.0985,4396
48,4,age_bin,ema_lr1e-3,0.001,0.0001,1.40677,0.35692,4396
48,4,age_bin,ema_lr5e-3,0.005,0.0001,1.26082,0.35828,4396
48,4,age_bin,ema_lr1e-2,0.01,0.0001,1.04344,0.48544,4396
48,4,age_bin,ema_lr5e-2,0.05,0.0001,0.38372,0.95951,4396
48,4,age_bin,ema_lr1e-2_wd1e-3,0.01,0.001,1.12764,0.46383,4396
48,4,age_bin,ema_d0.99,0.01,0.0001,1.05207,0.51638,4396
48,4,age_bin,ema_d0.9999,0.01,0.0001,1.13347,0.4454,4396
48,4,age_bin,mlp_h16,0.001,0.0,0.2317,1.0,4396
48,4,age_bin,mlp_h32,0.001,0.0,0.10016,1.0,4396
48,4,age_bin,mlp_h64,0.001,0.0,0.02559,1.0,4396
48,4,age_bin,mlp_h128,0.001,0.0,0.00952,1.0,4396
48,4,age_bin,attention,0.0001,1e-05,0.00538,1.0,4396
48,4,age_bin,shuffled,0.01,0.0001,1.06577,0.46633,4396
48,4,gender,ema_lr1e-3,0.001,0.0001,1.035,0.49386,4396
48,4,gender,ema_lr5e-3,0.005,0.0001,0.93639,0.49977,4396
48,4,gender,ema_lr1e-2,0.01,0.0001,0.8212,0.53185,4396
48,4,gender,ema_lr5e-2,0.05,0.0001,0.7449,0.50819,4396
48,4,gender,ema_lr1e-2_wd1e-3,0.01,0.001,0.83948,0.51319,4396
48,4,gender,ema_d0.99,0.01,0.0001,0.8792,0.47634,4396
48,4,gender,ema_d0.9999,0.01,0.0001,0.78299,0.54163,4396
48,4,gender,mlp_h16,0.001,0.0,0.6921,0.52138,4396
48,4,gender,mlp_h32,0.001,0.0,0.69373,0.50205,4396
48,4,gender,mlp_h64,0.001,0.0,0.69428,0.51024,4396
48,4,gender,mlp_h128,0.001,0.0,0.69122,0.52207,4396
48,4,gender,attention,0.0001,1e-05,0.70218,0.46875,4396
48,4,gender,shuffled,0.01,0.0001,0.84964,0.50091,4396
48,4,star_sign,ema_lr1e-3,0.001,0.0001,3.08569,0.07643,4396
48,4,star_sign,ema_lr5e-3,0.005,0.0001,2.86912,0.12511,4396
48,4,star_sign,ema_lr1e-2,0.01,0.0001,2.4769,0.20632,4396
48,4,star_sign,ema_lr5e-2,0.05,0.0001,1.09484,0.83735,4396
48,4,star_sign,ema_lr1e-2_wd1e-3,0.01,0.001,2.52863,0.18289,4396
48,4,star_sign,ema_d0.99,0.01,0.0001,2.54515,0.14195,4396
48,4,star_sign,ema_d0.9999,0.01,0.0001,2.53796,0.1258,4396
48,4,star_sign,mlp_h16,0.001,0.0,1.27543,0.98044,4396
48,4,star_sign,mlp_h32,0.001,0.0,0.3109,1.0,4396
48,4,star_sign,mlp_h64,0.001,0.0,0.06845,1.0,4396
48,4,star_sign,mlp_h128,0.001,0.0,0.0154,1.0,4396
48,4,star_sign,attention,0.0001,1e-05,1.62025,1.0,4396
48,4,star_sign,shuffled,0.01,0.0001,2.63089,0.2202,4396
48,6,age_bin,ema_lr1e-3,0.001,0.0001,1.60754,0.31961,4396
48,6,age_bin,ema_lr5e-3,0.005,0.0001,1.44266,0.37216,4396
48,6,age_bin,ema_lr1e-2,0.01,0.0001,1.14765,0.46542,4396
48,6,age_bin,ema_lr5e-2,0.05,0.0001,0.41885,0.92789,4396
48,6,age_bin,ema_lr1e-2_wd1e-3,0.01,0.001,1.11636,0.46815,4396
48,6,age_bin,ema_d0.99,0.01,0.0001,1.26205,0.42493,4396
48,6,age_bin,ema_d0.9999,0.01,0.0001,1.09029,0.4859,4396
48,6,age_bin,mlp_h16,0.001,0.0,0.16215,1.0,4396
48,6,age_bin,mlp_h32,0.001,0.0,0.1179,1.0,4396
48,6,age_bin,mlp_h64,0.001,0.0,0.04957,1.0,4396
48,6,age_bin,mlp_h128,0.001,0.0,0.01573,1.0,4396
48,6,age_bin,attention,0.0001,1e-05,0.01058,0.99219,4396
48,6,age_bin,shuffled,0.01,0.0001,1.14774,0.46247,4396
48,6,gender,ema_lr1e-3,0.001,0.0001,1.041,0.50159,4396
48,6,gender,ema_lr5e-3,0.005,0.0001,0.8858,0.53207,4396
48,6,gender,ema_lr1e-2,0.01,0.0001,0.9562,0.46133,4396
48,6,gender,ema_lr5e-2,0.05,0.0001,0.7474,0.50682,4396
48,6,gender,ema_lr1e-2_wd1e-3,0.01,0.001,0.91577,0.50205,4396
48,6,gender,ema_d0.99,0.01,0.0001,0.97343,0.48294,4396
48,6,gender,ema_d0.9999,0.01,0.0001,0.96849,0.49659,4396
48,6,gender,mlp_h16,0.001,0.0,0.6895,0.52912,4396
48,6,gender,mlp_h32,0.001,0.0,0.68805,0.54459,4396
48,6,gender,mlp_h64,0.001,0.0,0.68804,0.53844,4396
48,6,gender,mlp_h128,0.001,0.0,0.68247,0.55755,4396
48,6,gender,attention,0.0001,1e-05,1.61216,0.50781,4396
48,6,gender,shuffled,0.01,0.0001,0.89535,0.49454,4396
48,6,star_sign,ema_lr1e-3,0.001,0.0001,3.2846,0.0853,4396
48,6,star_sign,ema_lr5e-3,0.005,0.0001,3.00618,0.12466,4396
48,6,star_sign,ema_lr1e-2,0.01,0.0001,2.71773,0.14991,4396
48,6,star_sign,ema_lr5e-2,0.05,0.0001,1.20109,0.74045,4396
48,6,star_sign,ema_lr1e-2_wd1e-3,0.01,0.001,2.69193,0.18517,4396
48,6,star_sign,ema_d0.99,0.01,0.0001,2.64729,0.15446,4396
48,6,star_sign,ema_d0.9999,0.01,0.0001,2.73131,0.12261,4396
48,6,star_sign,mlp_h16,0.001,0.0,1.50376,0.92698,4396
48,6,star_sign,mlp_h32,0.001,0.0,0.75856,0.99955,4396
48,6,star_sign,mlp_h64,0.001,0.0,0.21255,1.0,4396
48,6,star_sign,mlp_h128,0.001,0.0,0.0321,1.0,4396
48,6,star_sign,attention,0.0001,1e-05,0.05536,0.99219,4396
48,6,star_sign,shuffled,0.01,0.0001,2.73008,0.12147,4396
49,0,age_bin,ema_lr1e-3,0.001,0.0001,1.60236,0.29377,3707
49,0,age_bin,ema_lr5e-3,0.005,0.0001,1.32725,0.41273,3707
49,0,age_bin,ema_lr1e-2,0.01,0.0001,1.14326,0.53844,3707
49,0,age_bin,ema_lr5e-2,0.05,0.0001,0.38846,0.94605,3707
49,0,age_bin,ema_lr1e-2_wd1e-3,0.01,0.001,1.12471,0.43728,3707
49,0,age_bin,ema_d0.99,0.01,0.0001,1.14554,0.4567,3707
49,0,age_bin,ema_d0.9999,0.01,0.0001,1.15492,0.52576,3707
49,0,age_bin,mlp_h16,0.001,0.0,0.43593,1.0,3707
49,0,age_bin,mlp_h32,0.001,0.0,0.19408,1.0,3707
49,0,age_bin,mlp_h64,0.001,0.0,0.06973,1.0,3707
49,0,age_bin,mlp_h128,0.001,0.0,0.00995,1.0,3707
49,0,age_bin,attention,0.0001,1e-05,1.00861,1.0,3707
49,0,age_bin,shuffled,0.01,0.0001,1.17178,0.53224,3707
49,0,gender,ema_lr1e-3,0.001,0.0001,1.09562,0.48907,3707
49,0,gender,ema_lr5e-3,0.005,0.0001,0.99432,0.49906,3707
49,0,gender,ema_lr1e-2,0.01,0.0001,0.90248,0.49042,3707
49,0,gender,ema_lr5e-2,0.05,0.0001,0.76189,0.49798,3707
49,0,gender,ema_lr1e-2_wd1e-3,0.01,0.001,0.91743,0.49879,3707
49,0,gender,ema_d0.99,0.01,0.0001,0.89856,0.49636,3707
49,0,gender,ema_d0.9999,0.01,0.0001,0.9353,0.50472,3707
49,0,gender,mlp_h16,0.001,0.0,0.69359,0.51093,3707
49,0,gender,mlp_h32,0.001,0.0,0.69256,0.52684,3707
49,0,gender,mlp_h64,0.001,0.0,0.69192,0.52145,3707
49,0,gender,mlp_h128,0.001,0.0,0.69649,0.4942,3707
49,0,gender,attention,0.0001,1e-05,0.6936,0.46094,3707
49,0,gender,shuffled,0.01,0.0001,0.88243,0.51929,3707
49,0,star_sign,ema_lr1e-3,0.001,0.0001,3.28102,0.07553,3707
49,0,star_sign,ema_lr5e-3,0.005,0.0001,2.95084,0.10224,3707
49,0,star_sign,ema_lr1e-2,0.01,0.0001,2.69519,0.26356,3707
49,0,star_sign,ema_lr5e-2,0.05,0.0001,1.17813,0.75614,3707
49,0,star_sign,ema_lr1e-2_wd1e-3,0.01,0.001,2.7282,0.16186,3707
49,0,star_sign,ema_d0.99,0.01,0.0001,2.73794,0.10521,3707
49,0,star_sign,ema_d0.9999,0.01,0.0001,2.69151,0.17373,3707
49,0,star_sign,mlp_h16,0.001,0.0,1.23797,0.94416,3707
49,0,star_sign,mlp_h32,0.001,0.0,0.37215,1.0,3707
49,0,star_sign,mlp_h64,0.001,0.0,0.30018,1.0,3707
49,0,star_sign,mlp_h128,0.001,0.0,0.03139,1.0,3707
49,0,star_sign,attention,0.0001,1e-05,2.38561,1.0,3707
49,0,star_sign,shuffled,0.01,0.0001,2.7109,0.1017,3707
49,4,age_bin,ema_lr1e-3,0.001,0.0001,1.39521,0.35959,3707
49,4,age_bin,ema_lr5e-3,0.005,0.0001,1.20367,0.39385,3707
49,4,age_bin,ema_lr1e-2,0.01,0.0001,1.01925,0.49717,3707
49,4,age_bin,ema_lr5e-2,0.05,0.0001,0.38725,0.95603,3707
49,4,age_bin,ema_lr1e-2_wd1e-3,0.01,0.001,1.07407,0.49879,3707
49,4,age_bin,ema_d0.99,0.01,0.0001,1.03235,0.51659,3707
49,4,age_bin,ema_d0.9999,0.01,0.0001,1.06401,0.49528,3707
49,4,age_bin,mlp_h16,0.001,0.0,0.22115,1.0,3707
49,4,age_bin,mlp_h32,0.001,0.0,0.09404,1.0,3707
49,4,age_bin,mlp_h64,0.001,0.0,0.02335,1.0,3707
49,4,age_bin,mlp_h128,0.001,0.0,0.00864,1.0,3707
49,4,age_bin,attention,0.0001,1e-05,0.00773,1.0,3707
49,4,age_bin,shuffled,0.01,0.0001,1.05436,0.48854,3707
49,4,gender,ema_lr1e-3,0.001,0.0001,1.01593,0.51362,3707
49,4,gender,ema_lr5e-3,0.005,0.0001,0.95821,0.49555,3707
49,4,gender,ema_lr1e-2,0.01,0.0001,0.87621,0.49015,3707
49,4,gender,ema_lr5e-2,0.05,0.0001,0.7432,0.50958,3707
49,4,gender,ema_lr1e-2_wd1e-3,0.01,0.001,0.83683,0.50553,3707
49,4,gender,ema_d0.99,0.01,0.0001,0.84906,0.50283,3707
49,4,gender,ema_d0.9999,0.01,0.0001,0.8485,0.49285,3707
49,4,gender,mlp_h16,0.001,0.0,0.69183,0.52549,3707
49,4,gender,mlp_h32,0.001,0.0,0.6909,0.51686,3707
49,4,gender,mlp_h64,0.001,0.0,0.69368,0.51443,3707
49,4,gender,mlp_h128,0.001,0.0,0.69331,0.51551,3707
49,4,gender,attention,0.0001,1e-05,0.70043,0.46875,3707
49,4,gender,shuffled,0.01,0.0001,0.85741,0.49906,3707
49,4,star_sign,ema_lr1e-3,0.001,0.0001,3.07647,0.0874,3707
49,4,star_sign,ema_lr5e-3,0.005,0.0001,2.90001,0.12112,3707
49,4,star_sign,ema_lr1e-2,0.01,0.0001,2.51514,0.19045,3707
49,4,star_sign,ema_lr5e-2,0.05,0.0001,1.08794,0.82708,3707
49,4,star_sign,ema_lr1e-2_wd1e-3,0.01,0.001,2.55543,0.17426,3707
49,4,star_sign,ema_d0.99,0.01,0.0001,2.5288,0.14918,3707
49,4,star_sign,ema_d0.9999,0.01,0.0001,2.59843,0.10602,3707
49,4,star_sign,mlp_h16,0.001,0.0,1.22495,0.98597,3707
49,4,star_sign,mlp_h32,0.001,0.0,0.28966,1.0,3707
49,4,star_sign,mlp_h64,0.001,0.0,0.06138,1.0,3707
49,4,star_sign,mlp_h128,0.001,0.0,0.01385,1.0,3707
49,4,star_sign,attention,0.0001,1e-05,1.58622,1.0,3707
49,4,star_sign,shuffled,0.01,0.0001,2.59125,0.21311,3707
49,6,age_bin,ema_lr1e-3,0.001,0.0001,1.5437,0.34125,3707
49,6,age_bin,ema_lr5e-3,0.005,0.0001,1.44588,0.36364,3707
49,6,age_bin,ema_lr1e-2,0.01,0.0001,1.11966,0.48206,3707
49,6,age_bin,ema_lr5e-2,0.05,0.0001,0.3866,0.942,3707
49,6,age_bin,ema_lr1e-2_wd1e-3,0.01,0.001,1.10801,0.46911,3707
49,6,age_bin,ema_d0.99,0.01,0.0001,1.15028,0.46345,3707
49,6,age_bin,ema_d0.9999,0.01,0.0001,1.0767,0.48557,3707
49,6,age_bin,mlp_h16,0.001,0.0,0.16262,1.0,3707
49,6,age_bin,mlp_h32,0.001,0.0,0.11467,1.0,3707
49,6,age_bin,mlp_h64,0.001,0.0,0.04875,1.0,3707
49,6,age_bin,mlp_h128,0.001,0.0,0.01536,1.0,3707
49,6,age_bin,attention,0.0001,1e-05,0.00929,0.99219,3707
49,6,age_bin,shuffled,0.01,0.0001,1.18436,0.43108,3707
49,6,gender,ema_lr1e-3,0.001,0.0001,1.08352,0.48152,3707
49,6,gender,ema_lr5e-3,0.005,0.0001,0.93906,0.51767,3707
49,6,gender,ema_lr1e-2,0.01,0.0001,0.91799,0.4826,3707
49,6,gender,ema_lr5e-2,0.05,0.0001,0.77984,0.46372,3707
49,6,gender,ema_lr1e-2_wd1e-3,0.01,0.001,0.91209,0.50121,3707
49,6,gender,ema_d0.99,0.01,0.0001,0.87988,0.51227,3707
49,6,gender,ema_d0.9999,0.01,0.0001,0.95444,0.49609,3707
49,6,gender,mlp_h16,0.001,0.0,0.6973,0.4969,3707
49,6,gender,mlp_h32,0.001,0.0,0.69101,0.51713,3707
49,6,gender,mlp_h64,0.001,0.0,0.69203,0.49906,3707
49,6,gender,mlp_h128,0.001,0.0,0.69865,0.51254,3707
49,6,gender,attention,0.0001,1e-05,1.88143,0.45312,3707
49,6,gender,shuffled,0.01,0.0001,0.86592,0.51173,3707
49,6,star_sign,ema_lr1e-3,0.001,0.0001,3.17443,0.10062,3707
49,6,star_sign,ema_lr5e-3,0.005,0.0001,2.87336,0.1481,3707
49,6,star_sign,ema_lr1e-2,0.01,0.0001,2.75975,0.13218,3707
49,6,star_sign,ema_lr5e-2,0.05,0.0001,1.19872,0.74993,3707
49,6,star_sign,ema_lr1e-2_wd1e-3,0.01,0.001,2.6718,0.17534,3707
49,6,star_sign,ema_d0.99,0.01,0.0001,2.72635,0.13218,3707
49,6,star_sign,ema_d0.9999,0.01,0.0001,2.77824,0.12706,3707
49,6,star_sign,mlp_h16,0.001,0.0,1.47813,0.93984,3707
49,6,star_sign,mlp_h32,0.001,0.0,0.72761,1.0,3707
49,6,star_sign,mlp_h64,0.001,0.0,0.19813,1.0,3707
49,6,star_sign,mlp_h128,0.001,0.0,0.02998,1.0,3707
49,6,star_sign,attention,0.0001,1e-05,0.27882,0.96875,3707
49,6,star_sign,shuffled,0.01,0.0001,2.71206,0.13893,3707
50,0,age_bin,ema_lr1e-3,0.001,0.0001,1.59307,0.28666,4092
50,0,age_bin,ema_lr5e-3,0.005,0.0001,1.32621,0.43133,4092
50,0,age_bin,ema_lr1e-2,0.01,0.0001,1.13161,0.55425,4092
50,0,age_bin,ema_lr5e-2,0.05,0.0001,0.36946,0.95601,4092
50,0,age_bin,ema_lr1e-2_wd1e-3,0.01,0.001,1.14877,0.42326,4092
50,0,age_bin,ema_d0.99,0.01,0.0001,1.14505,0.45577,4092
50,0,age_bin,ema_d0.9999,0.01,0.0001,1.1162,0.54594,4092
50,0,age_bin,mlp_h16,0.001,0.0,0.42758,0.99976,4092
50,0,age_bin,mlp_h32,0.001,0.0,0.18436,1.0,4092
50,0,age_bin,mlp_h64,0.001,0.0,0.0664,1.0,4092
50,0,age_bin,mlp_h128,0.001,0.0,0.00949,1.0,4092
50,0,age_bin,attention,0.0001,1e-05,1.0082,1.0,4092
50,0,age_bin,shuffled,0.01,0.0001,1.19685,0.52566,4092
50,0,gender,ema_lr1e-3,0.001,0.0001,1.07719,0.4956,4092
50,0,gender,ema_lr5e-3,0.005,0.0001,0.97864,0.4934,4092
50,0,gender,ema_lr1e-2,0.01,0.0001,0.88584,0.50562,4092
50,0,gender,ema_lr5e-2,0.05,0.0001,0.77659,0.49804,4092
50,0,gender,ema_lr1e-2_wd1e-3,0.01,0.001,0.90002,0.48705,4092
50,0,gender,ema_d0.99,0.01,0.0001,0.92376,0.50464,4092
50,0,gender,ema_d0.9999,0.01,0.0001,0.92007,0.50098,4092
50,0,gender,mlp_h16,0.001,0.0,0.69844,0.49047,4092
50,0,gender,mlp_h32,0.001,0.0,0.6972,0.49804,4092
50,0,gender,mlp_h64,0.001,0.0,0.69861,0.48631,4092
50,0,gender,mlp_h128,0.001,0.0,0.69927,0.49365,4092
50,0,gender,attention,0.0001,1e-05,0.69338,0.46875,4092
50,0,gender,shuffled,0.01,0.0001,0.9295,0.4846,4092
50,0,star_sign,ema_lr1e-3,0.001,0.0001,3.25326,0.07283,4092
50,0,star_sign,ema_lr5e-3,0.005,0.0001,2.9518,0.09115,4092
50,0,star_sign,ema_lr1e-2,0.01,0.0001,2.71735,0.24633,4092
50,0,star_sign,ema_lr5e-2,0.05,0.0001,1.13313,0.76637,4092
50,0,star_sign,ema_lr1e-2_wd1e-3,0.01,0.001,2.68838,0.16447,4092
50,0,star_sign,ema_d0.99,0.01,0.0001,2.73328,0.10802,4092
50,0,star_sign,ema_d0.9999,0.01,0.0001,2.68688,0.17131,4092
50,0,star_sign,mlp_h16,0.001,0.0,1.19928,0.95626,4092
50,0,star_sign,mlp_h32,0.001,0.0,0.34849,1.0,4092
50,0,star_sign,mlp_h64,0.001,0.0,0.27727,1.0,4092
50,0,star_sign,mlp_h128,0.001,0.0,0.02917,1.0,4092
50,0,star_sign,attention,0.0001,1e-05,2.38425,1.0,4092
50,0,star_sign,shuffled,0.01,0.0001,2.71709,0.09555,4092
50,4,age_bin,ema_lr1e-3,0.001,0.0001,1.42106,0.34922,4092
50,4,age_bin,ema_lr5e-3,0.005,0.0001,1.2463,0.38025,4092
50,4,age_bin,ema_lr1e-2,0.01,0.0001,1.02771,0.48974,4092
50,4,age_bin,ema_lr5e-2,0.05,0.0001,0.37607,0.95919,4092
50,4,age_bin,ema_lr1e-2_wd1e-3,0.01,0.001,1.10488,0.48094,4092
50,4,age_bin,ema_d0.99,0.01,0.0001,1.04479,0.50538,4092
50,4,age_bin,ema_d0.9999,0.01,0.0001,1.04486,0.5022,4092
50,4,age_bin,mlp_h16,0.001,0.0,0.20848,1.0,4092
50,4,age_bin,mlp_h32,0.001,0.0,0.08884,1.0,4092
50,4,age_bin,mlp_h64,0.001,0.0,0.02165,1.0,4092
50,4,age_bin,mlp_h128,0.001,0.0,0.0084,1.0,4092
50,4,age_bin,attention,0.0001,1e-05,0.00415,1.0,4092
50,4,age_bin,shuffled,0.01,0.0001,1.04664,0.47043,4092
50,4,gender,ema_lr1e-3,0.001,0.0001,1.03349,0.49902,4092
50,4,gender,ema_lr5e-3,0.005,0.0001,0.96992,0.48338,4092
50,4,gender,ema_lr1e-2,0.01,0.0001,0.84174,0.51344,4092
50,4,gender,ema_lr5e-2,0.05,0.0001,0.76118,0.48705,4092
50,4,gender,ema_lr1e-2_wd1e-3,0.01,0.001,0.88781,0.47923,4092
50,4,gender,ema_d0.99,0.01,0.0001,0.86894,0.47923,4092
50,4,gender,ema_d0.9999,0.01,0.0001,0.85529,0.48118,4092
50,4,gender,mlp_h16,0.001,0.0,0.69833,0.48094,4092
50,4,gender,mlp_h32,0.001,0.0,0.69827,0.48412,4092
50,4,gender,mlp_h64,0.001,0.0,0.69865,0.49365,4092
50,4,gender,mlp_h128,0.001,0.0,0.70161,0.47703,4092
50,4,gender,attention,0.0001,1e-05,0.68114,0.60156,4092
50,4,gender,shuffled,0.01,0.0001,0.84786,0.50147,4092
50,4,star_sign,ema_lr1e-3,0.001,0.0001,3.13574,0.07991,4092
50,4,star_sign,ema_lr5e-3,0.005,0.0001,2.83663,0.12146,4092
50,4,star_sign,ema_lr1e-2,0.01,0.0001,2.52294,0.18988,4092
50,4,star_sign,ema_lr5e-2,0.05,0.0001,1.06382,0.84946,4092
50,4,star_sign,ema_lr1e-2_wd1e-3,0.01,0.001,2.53039,0.17424,4092
50,4,star_sign,ema_d0.99,0.01,0.0001,2.58406,0.13025,4092
50,4,star_sign,ema_d0.9999,0.01,0.0001,2.58454,0.11437,4092
50,4,star_sign,mlp_h16,0.001,0.0,1.18266,0.98998,4092
50,4,star_sign,mlp_h32,0.001,0.0,0.26208,1.0,4092
50,4,star_sign,mlp_h64,0.001,0.0,0.05726,1.0,4092
50,4,star_sign,mlp_h128,0.001,0.0,0.01329,1.0,4092
50,4,star_sign,attention,0.0001,1e-05,1.57079,1.0,4092
50,4,star_sign,shuffled,0.01,0.0001,2.55361,0.23021,4092
50,6,age_bin,ema_lr1e-3,0.001,0.0001,1.4017,0.38416,4092
50,6,age_bin,ema_lr5e-3,0.005,0.0001,1.36957,0.40347,4092
50,6,age_bin,ema_lr1e-2,0.01,0.0001,1.16373,0.46872,4092
50,6,age_bin,ema_lr5e-2,0.05,0.0001,0.39639,0.93891,4092
50,6,age_bin,ema_lr1e-2_wd1e-3,0.01,0.001,1.1671,0.46114,4092
50,6,age_bin,ema_d0.99,0.01,0.0001,1.17878,0.44404,4092
50,6,age_bin,ema_d0.9999,0.01,0.0001,1.10897,0.4697,4092
50,6,age_bin,mlp_h16,0.001,0.0,0.15575,1.0,4092
50,6,age_bin,mlp_h32,0.001,0.0,0.11339,1.0,4092
50,6,age_bin,mlp_h64,0.001,0.0,0.04603,1.0,4092
50,6,age_bin,mlp_h128,0.001,0.0,0.01478,1.0,4092
50,6,age_bin,attention,0.0001,1e-05,0.13289,0.97656,4092
50,6,age_bin,shuffled,0.01,0.0001,1.09217,0.47581,4092
50,6,gender,ema_lr1e-3,0.001,0.0001,1.05021,0.49487,4092
50,6,gender,ema_lr5e-3,0.005,0.0001,0.90662,0.52199,4092
50,6,gender,ema_lr1e-2,0.01,0.0001,0.89743,0.5022,4092
50,6,gender,ema_lr5e-2,0.05,0.0001,0.74567,0.51002,4092
50,6,gender,ema_lr1e-2_wd1e-3,0.01,0.001,0.89036,0.52248,4092
50,6,gender,ema_d0.99,0.01,0.0001,0.91989,0.48656,4092
50,6,gender,ema_d0.9999,0.01,0.0001,0.99439,0.46725,4092
50,6,gender,mlp_h16,0.001,0.0,0.69352,0.52615,4092
50,6,gender,mlp_h32,0.001,0.0,0.69405,0.52737,4092
50,6,gender,mlp_h64,0.001,0.0,0.69469,0.53226,4092
50,6,gender,mlp_h128,0.001,0.0,0.69259,0.53006,4092
50,6,gender,attention,0.0001,1e-05,1.48004,0.55469,4092
50,6,gender,shuffled,0.01,0.0001,0.87959,0.50244,4092
50,6,star_sign,ema_lr1e-3,0.001,0.0001,3.19737,0.11193,4092
50,6,star_sign,ema_lr5e-3,0.005,0.0001,3.04456,0.11364,4092
50,6,star_sign,ema_lr1e-2,0.01,0.0001,2.71936,0.1305,4092
50,6,star_sign,ema_lr5e-2,0.05,0.0001,1.16441,0.75709,4092
50,6,star_sign,ema_lr1e-2_wd1e-3,0.01,0.001,2.64293,0.16593,4092
50,6,star_sign,ema_d0.99,0.01,0.0001,2.69277,0.13734,4092
50,6,star_sign,ema_d0.9999,0.01,0.0001,2.73505,0.12146,4092
50,6,star_sign,mlp_h16,0.001,0.0,1.44233,0.94941,4092
50,6,star_sign,mlp_h32,0.001,0.0,0.68106,1.0,4092
50,6,star_sign,mlp_h64,0.001,0.0,0.18978,1.0,4092
50,6,star_sign,mlp_h128,0.001,0.0,0.02952,1.0,4092
50,6,star_sign,attention,0.0001,1e-05,0.08471,0.99219,4092
50,6,star_sign,shuffled,0.01,0.0001,2.67052,0.15176,4092
51,0,age_bin,ema_lr1e-3,0.001,0.0001,1.59061,0.2904,4208
51,0,age_bin,ema_lr5e-3,0.005,0.0001,1.31387,0.42609,4208
51,0,age_bin,ema_lr1e-2,0.01,0.0001,1.13202,0.54682,4208
51,0,age_bin,ema_lr5e-2,0.05,0.0001,0.36448,0.95746,4208
51,0,age_bin,ema_lr1e-2_wd1e-3,0.01,0.001,1.11717,0.43988,4208
51,0,age_bin,ema_d0.99,0.01,0.0001,1.13431,0.45318,4208
51,0,age_bin,ema_d0.9999,0.01,0.0001,1.15141,0.5385,4208
51,0,age_bin,mlp_h16,0.001,0.0,0.40734,1.0,4208
51,0,age_bin,mlp_h32,0.001,0.0,0.17529,1.0,4208
51,0,age_bin,mlp_h64,0.001,0.0,0.06233,1.0,4208
51,0,age_bin,mlp_h128,0.001,0.0,0.00911,1.0,4208
51,0,age_bin,attention,0.0001,1e-05,1.00542,1.0,4208
51,0,age_bin,shuffled,0.01,0.0001,1.1704,0.5221,4208
51,0,gender,ema_lr1e-3,0.001,0.0001,1.05555,0.50238,4208
51,0,gender,ema_lr5e-3,0.005,0.0001,0.98649,0.50071,4208
51,0,gender,ema_lr1e-2,0.01,0.0001,0.88931,0.49596,4208
51,0,gender,ema_lr5e-2,0.05,0.0001,0.76934,0.48883,4208
51,0,gender,ema_lr1e-2_wd1e-3,0.01,0.001,0.90169,0.50784,4208
51,0,gender,ema_d0.99,0.01,0.0001,0.90692,0.4924,4208
51,0,gender,ema_d0.9999,0.01,0.0001,0.95004,0.50309,4208
51,0,gender,mlp_h16,0.001,0.0,0.69201,0.52353,4208
51,0,gender,mlp_h32,0.001,0.0,0.69219,0.51996,4208
51,0,gender,mlp_h64,0.001,0.0,0.69223,0.52115,4208
51,0,gender,mlp_h128,0.001,0.0,0.70058,0.49192,4208
51,0,gender,attention,0.0001,1e-05,0.69407,0.40625,4208
51,0,gender,shuffled,0.01,0.0001,0.91251,0.50594,4208
51,0,star_sign,ema_lr1e-3,0.001,0.0001,3.32397,0.07034,4208
51,0,star_sign,ema_lr5e-3,0.005,0.0001,2.94669,0.09529,4208
51,0,star_sign,ema_lr1e-2,0.01,0.0001,2.71435,0.25238,4208
51,0,star_sign,ema_lr5e-2,0.05,0.0001,1.11705,0.78208,4208
51,0,star_sign,ema_lr1e-2_wd1e-3,0.01,0.001,2.67574,0.17704,4208
51,0,star_sign,ema_d0.99,0.01,0.0001,2.7096,0.1067,4208
51,0,star_sign,ema_d0.9999,0.01,0.0001,2.66628,0.16635,4208
51,0,star_sign,mlp_h16,0.001,0.0,1.16062,0.96507,4208
51,0,star_sign,mlp_h32,0.001,0.0,0.32703,1.0,4208
51,0,star_sign,mlp_h64,0.001,0.0,0.2551,1.0,4208
51,0,star_sign,mlp_h128,0.001,0.0,0.0272,1.0,4208
51,0,star_sign,attention,0.0001,1e-05,2.38153,1.0,4208
51,0,star_sign,shuffled,0.01,0.0001,2.68625,0.0991,4208
51,4,age_bin,ema_lr1e-3,0.001,0.0001,1.37001,0.34696,4208
51,4,age_bin,ema_lr5e-3,0.005,0.0001,1.22814,0.38855,4208
51,4,age_bin,ema_lr1e-2,0.01,0.0001,1.0458,0.47933,4208
51,4,age_bin,ema_lr5e-2,0.05,0.0001,0.3706,0.96198,4208
51,4,age_bin,ema_lr1e-2_wd1e-3,0.01,0.001,1.09209,0.48099,4208
51,4,age_bin,ema_d0.99,0.01,0.0001,1.07783,0.48432,4208
51,4,age_bin,ema_d0.9999,0.01,0.0001,1.07901,0.47814,4208
51,4,age_bin,mlp_h16,0.001,0.0,0.19979,1.0,4208
51,4,age_bin,mlp_h32,0.001,0.0,0.08137,1.0,4208
51,4,age_bin,mlp_h64,0.001,0.0,0.02088,1.0,4208
51,4,age_bin,mlp_h128,0.001,0.0,0.0082,1.0,4208
51,4,age_bin,attention,0.0001,1e-05,0.00453,1.0,4208
51,4,age_bin,shuffled,0.01,0.0001,1.02727,0.48645,4208
51,4,gender,ema_lr1e-3,0.001,0.0001,1.04473,0.48717,4208
51,4,gender,ema_lr5e-3,0.005,0.0001,0.9042,0.50594,4208
51,4,gender,ema_lr1e-2,0.01,0.0001,0.88823,0.48384,4208
51,4,gender,ema_lr5e-2,0.05,0.0001,0.75915,0.48503,4208
51,4,gender,ema_lr1e-2_wd1e-3,0.01,0.001,0.86095,0.48883,4208
51,4,gender,ema_d0.99,0.01,0.0001,0.82723,0.50951,4208
51,4,gender,ema_d0.9999,0.01,0.0001,0.84832,0.49311,4208
51,4,gender,mlp_h16,0.001,0.0,0.69374,0.50879,4208
51,4,gender,mlp_h32,0.001,0.0,0.68968,0.53565,4208
51,4,gender,mlp_h64,0.001,0.0,0.69004,0.5347,4208
51,4,gender,mlp_h128,0.001,0.0,0.6944,0.51117,4208
51,4,gender,attention,0.0001,1e-05,0.70671,0.45312,4208
51,4,gender,shuffled,0.01,0.0001,0.85635,0.49477,4208
51,4,star_sign,ema_lr1e-3,0.001,0.0001,3.05631,0.08698,4208
51,4,star_sign,ema_lr5e-3,0.005,0.0001,2.76041,0.13617,4208
51,4,star_sign,ema_lr1e-2,0.01,0.0001,2.50373,0.19558,4208
51,4,star_sign,ema_lr5e-2,0.05,0.0001,1.04023,0.86977,4208
51,4,star_sign,ema_lr1e-2_wd1e-3,0.01,0.001,2.47243,0.1932,4208
51,4,star_sign,ema_d0.99,0.01,0.0001,2.54341,0.14354,4208
51,4,star_sign,ema_d0.9999,0.01,0.0001,2.52223,0.13427,4208
51,4,star_sign,mlp_h16,0.001,0.0,1.15318,0.99192,4208
51,4,star_sign,mlp_h32,0.001,0.0,0.24429,1.0,4208
51,4,star_sign,mlp_h64,0.001,0.0,0.05248,1.0,4208
51,4,star_sign,mlp_h128,0.001,0.0,0.01283,1.0,4208
51,4,star_sign,attention,0.0001,1e-05,1.5448,1.0,4208
51,4,star_sign,shuffled,0.01,0.0001,2.53384,0.22552,4208
51,6,age_bin,ema_lr1e-3,0.001,0.0001,1.4618,0.36502,4208
51,6,age_bin,ema_lr5e-3,0.005,0.0001,1.39845,0.3914,4208
51,6,age_bin,ema_lr1e-2,0.01,0.0001,1.08907,0.48931,4208
51,6,age_bin,ema_lr5e-2,0.05,0.0001,0.36079,0.95746,4208
51,6,age_bin,ema_lr1e-2_wd1e-3,0.01,0.001,1.11919,0.47386,4208
51,6,age_bin,ema_d0.99,0.01,0.0001,1.15252,0.46625,4208
51,6,age_bin,ema_d0.9999,0.01,0.0001,1.04426,0.50689,4208
51,6,age_bin,mlp_h16,0.001,0.0,0.14824,1.0,4208
51,6,age_bin,mlp_h32,0.001,0.0,0.1023,1.0,4208
51,6,age_bin,mlp_h64,0.001,0.0,0.04371,1.0,4208
51,6,age_bin,mlp_h128,0.001,0.0,0.01348,1.0,4208
51,6,age_bin,attention,0.0001,1e-05,0.01437,0.99219,4208
51,6,age_bin,shuffled,0.01,0.0001,1.13775,0.46198,4208
51,6,gender,ema_lr1e-3,0.001,0.0001,1.07085,0.48931,4208
51,6,gender,ema_lr5e-3,0.005,0.0001,0.91435,0.53066,4208
51,6,gender,ema_lr1e-2,0.01,0.0001,0.84943,0.51426,4208
51,6,gender,ema_lr5e-2,0.05,0.0001,0.71861,0.53969,4208
51,6,gender,ema_lr1e-2_wd1e-3,0.01,0.001,0.88784,0.51093,4208
51,6,gender,ema_d0.99,0.01,0.0001,0.89869,0.51664,4208
51,6,gender,ema_d0.9999,0.01,0.0001,0.89698,0.52495,4208
51,6,gender,mlp_h16,0.001,0.0,0.69281,0.52994,4208
51,6,gender,mlp_h32,0.001,0.0,0.68863,0.53755,4208
51,6,gender,mlp_h64,0.001,0.0,0.68926,0.53731,4208
51,6,gender,mlp_h128,0.001,0.0,0.69619,0.51188,4208
51,6,gender,attention,0.0001,1e-05,1.39017,0.53125,4208
51,6,gender,shuffled,0.01,0.0001,0.91398,0.48337,4208
51,6,star_sign,ema_lr1e-3,0.001,0.0001,3.1778,0.10124,4208
51,6,star_sign,ema_lr5e-3,0.005,0.0001,3.08903,0.10813,4208
51,6,star_sign,ema_lr1e-2,0.01,0.0001,2.70894,0.13546,4208
51,6,star_sign,ema_lr5e-2,0.05,0.0001,1.14243,0.77662,4208
51,6,star_sign,ema_lr1e-2_wd1e-3,0.01,0.001,2.71037,0.17395,4208
51,6,star_sign,ema_d0.99,0.01,0.0001,2.73843,0.13569,4208
51,6,star_sign,ema_d0.9999,0.01,0.0001,2.74888,0.11716,4208
51,6,star_sign,mlp_h16,0.001,0.0,1.4008,0.94796,4208
51,6,star_sign,mlp_h32,0.001,0.0,0.64666,0.99976,4208
51,6,star_sign,mlp_h64,0.001,0.0,0.1617,1.0,4208
51,6,star_sign,mlp_h128,0.001,0.0,0.02451,1.0,4208
51,6,star_sign,attention,0.0001,1e-05,0.10052,0.99219,4208
51,6,star_sign,shuffled,0.01,0.0001,2.70915,0.13688,4208
52,0,age_bin,ema_lr1e-3,0.001,0.0001,1.57184,0.29585,3975
52,0,age_bin,ema_lr5e-3,0.005,0.0001,1.30527,0.42994,3975
52,0,age_bin,ema_lr1e-2,0.01,0.0001,1.11624,0.55925,3975
52,0,age_bin,ema_lr5e-2,0.05,0.0001,0.35891,0.95673,3975
52,0,age_bin,ema_lr1e-2_wd1e-3,0.01,0.001,1.11213,0.45057,3975
52,0,age_bin,ema_d0.99,0.01,0.0001,1.12892,0.48075,3975
52,0,age_bin,ema_d0.9999,0.01,0.0001,1.13103,0.54918,3975
52,0,age_bin,mlp_h16,0.001,0.0,0.4037,1.0,3975
52,0,age_bin,mlp_h32,0.001,0.0,0.16862,1.0,3975
52,0,age_bin,mlp_h64,0.001,0.0,0.05962,1.0,3975
52,0,age_bin,mlp_h128,0.001,0.0,0.00871,1.0,3975
52,0,age_bin,attention,0.0001,1e-05,1.00634,1.0,3975
52,0,age_bin,shuffled,0.01,0.0001,1.1677,0.52755,3975
52,0,gender,ema_lr1e-3,0.001,0.0001,1.07976,0.49887,3975
52,0,gender,ema_lr5e-3,0.005,0.0001,1.01165,0.49409,3975
52,0,gender,ema_lr1e-2,0.01,0.0001,0.88431,0.50164,3975
52,0,gender,ema_lr5e-2,0.05,0.0001,0.76887,0.49031,3975
52,0,gender,ema_lr1e-2_wd1e-3,0.01,0.001,0.90452,0.49107,3975
52,0,gender,ema_d0.99,0.01,0.0001,0.91564,0.4878,3975
52,0,gender,ema_d0.9999,0.01,0.0001,0.97181,0.4966,3975
52,0,gender,mlp_h16,0.001,0.0,0.69722,0.49358,3975
52,0,gender,mlp_h32,0.001,0.0,0.6965,0.50063,3975
52,0,gender,mlp_h64,0.001,0.0,0.69621,0.49811,3975
52,0,gender,mlp_h128,0.001,0.0,0.70037,0.49057,3975
52,0,gender,attention,0.0001,1e-05,0.69309,0.47656,3975
52,0,gender,shuffled,0.01,0.0001,0.88983,0.51119,3975
52,0,star_sign,ema_lr1e-3,0.001,0.0001,3.22665,0.08377,3975
52,0,star_sign,ema_lr5e-3,0.005,0.0001,2.91873,0.10289,3975
52,0,star_sign,ema_lr1e-2,0.01,0.0001,2.67721,0.25836,3975
52,0,star_sign,ema_lr5e-2,0.05,0.0001,1.09157,0.78365,3975
52,0,star_sign,ema_lr1e-2_wd1e-3,0.01,0.001,2.69249,0.16151,3975
52,0,star_sign,ema_d0.99,0.01,0.0001,2.71782,0.10264,3975
52,0,star_sign,ema_d0.9999,0.01,0.0001,2.65156,0.17057,3975
52,0,star_sign,mlp_h16,0.001,0.0,1.12823,0.96478,3975
52,0,star_sign,mlp_h32,0.001,0.0,0.31121,1.0,3975
52,0,star_sign,mlp_h64,0.001,0.0,0.24004,1.0,3975
52,0,star_sign,mlp_h128,0.001,0.0,0.02573,1.0,3975
52,0,star_sign,attention,0.0001,1e-05,2.38127,1.0,3975
52,0,star_sign,shuffled,0.01,0.0001,2.68167,0.10516,3975
52,4,age_bin,ema_lr1e-3,0.001,0.0001,1.4245,0.34465,3975
52,4,age_bin,ema_lr5e-3,0.005,0.0001,1.2084,0.3995,3975
52,4,age_bin,ema_lr1e-2,0.01,0.0001,1.03555,0.48226,3975
52,4,age_bin,ema_lr5e-2,0.05,0.0001,0.35134,0.97082,3975
52,4,age_bin,ema_lr1e-2_wd1e-3,0.01,0.001,1.07026,0.50164,3975
52,4,age_bin,ema_d0.99,0.01,0.0001,1.01332,0.53006,3975
52,4,age_bin,ema_d0.9999,0.01,0.0001,1.0355,0.49736,3975
52,4,age_bin,mlp_h16,0.001,0.0,0.18938,1.0,3975
52,4,age_bin,mlp_h32,0.001,0.0,0.07978,1.0,3975
52,4,age_bin,mlp_h64,0.001,0.0,0.01983,1.0,3975
52,4,age_bin,mlp_h128,0.001,0.0,0.00771,1.0,3975
52,4,age_bin,attention,0.0001,1e-05,0.005,1.0,3975
52,4,age_bin,shuffled,0.01,0.0001,1.04281,0.49132,3975
52,4,gender,ema_lr1e-3,0.001,0.0001,1.00769,0.50314,3975
52,4,gender,ema_lr5e-3,0.005,0.0001,0.95228,0.49107,3975
52,4,gender,ema_lr1e-2,0.01,0.0001,0.84851,0.50918,3975
52,4,gender,ema_lr5e-2,0.05,0.0001,0.75954,0.48377,3975
52,4,gender,ema_lr1e-2_wd1e-3,0.01,0.001,0.88392,0.48428,3975
52,4,gender,ema_d0.99,0.01,0.0001,0.87297,0.48403,3975
52,4,gender,ema_d0.9999,0.01,0.0001,0.85541,0.49409,3975
52,4,gender,mlp_h16,0.001,0.0,0.69705,0.48377,3975
52,4,gender,mlp_h32,0.001,0.0,0.6953,0.50465,3975
52,4,gender,mlp_h64,0.001,0.0,0.69808,0.48528,3975
52,4,gender,mlp_h128,0.001,0.0,0.70242,0.48,3975
52,4,gender,attention,0.0001,1e-05,0.69786,0.50781,3975
52,4,gender,shuffled,0.01,0.0001,0.8443,0.49635,3975
52,4,star_sign,ema_lr1e-3,0.001,0.0001,3.05782,0.08327,3975
52,4,star_sign,ema_lr5e-3,0.005,0.0001,2.9009,0.11195,3975
52,4,star_sign,ema_lr1e-2,0.01,0.0001,2.48782,0.20528,3975
52,4,star_sign,ema_lr5e-2,0.05,0.0001,1.01624,0.87195,3975
52,4,star_sign,ema_lr1e-2_wd1e-3,0.01,0.001,2.50081,0.18566,3975
52,4,star_sign,ema_d0.99,0.01,0.0001,2.51341,0.1366,3975
52,4,star_sign,ema_d0.9999,0.01,0.0001,2.50519,0.12654,3975
52,4,star_sign,mlp_h16,0.001,0.0,1.11535,0.99648,3975
52,4,star_sign,mlp_h32,0.001,0.0,0.22892,1.0,3975
52,4,star_sign,mlp_h64,0.001,0.0,0.04885,1.0,3975
52,4,star_sign,mlp_h128,0.001,0.0,0.01196,1.0,3975
52,4,star_sign,attention,0.0001,1e-05,1.53942,1.0,3975
52,4,star_sign,shuffled,0.01,0.0001,2.59701,0.22767,3975
52,6,age_bin,ema_lr1e-3,0.001,0.0001,1.57646,0.3278,3975
52,6,age_bin,ema_lr5e-3,0.005,0.0001,1.31533,0.42491,3975
52,6,age_bin,ema_lr1e-2,0.01,0.0001,1.14568,0.47145,3975
52,6,age_bin,ema_lr5e-2,0.05,0.0001,0.38596,0.94591,3975
52,6,age_bin,ema_lr1e-2_wd1e-3,0.01,0.001,1.19381,0.43119,3975
52,6,age_bin,ema_d0.99,0.01,0.0001,1.1435,0.4634,3975
52,6,age_bin,ema_d0.9999,0.01,0.0001,1.05904,0.49711,3975
52,6,age_bin,mlp_h16,0.001,0.0,0.14254,1.0,3975
52,6,age_bin,mlp_h32,0.001,0.0,0.09967,1.0,3975
52,6,age_bin,mlp_h64,0.001,0.0,0.04146,1.0,3975
52,6,age_bin,mlp_h128,0.001,0.0,0.01334,1.0,3975
52,6,age_bin,attention,0.0001,1e-05,0.07026,0.99219,3975
52,6,age_bin,shuffled,0.01,0.0001,1.14849,0.46415,3975
52,6,gender,ema_lr1e-3,0.001,0.0001,1.01073,0.51748,3975
52,6,gender,ema_lr5e-3,0.005,0.0001,0.96318,0.50843,3975
52,6,gender,ema_lr1e-2,0.01,0.0001,0.87316,0.49786,3975
52,6,gender,ema_lr5e-2,0.05,0.0001,0.74621,0.51371,3975
52,6,gender,ema_lr1e-2_wd1e-3,0.01,0.001,0.88188,0.50818,3975
52,6,gender,ema_d0.99,0.01,0.0001,0.90313,0.50943,3975
52,6,gender,ema_d0.9999,0.01,0.0001,0.9691,0.49031,3975
52,6,gender,mlp_h16,0.001,0.0,0.70534,0.48528,3975
52,6,gender,mlp_h32,0.001,0.0,0.70151,0.48528,3975
52,6,gender,mlp_h64,0.001,0.0,0.70557,0.48881,3975
52,6,gender,mlp_h128,0.001,0.0,0.71197,0.47774,3975
52,6,gender,attention,0.0001,1e-05,1.54873,0.44531,3975
52,6,gender,shuffled,0.01,0.0001,0.89988,0.49937,3975
52,6,star_sign,ema_lr1e-3,0.001,0.0001,3.20936,0.10365,3975
52,6,star_sign,ema_lr5e-3,0.005,0.0001,2.87344,0.12453,3975
52,6,star_sign,ema_lr1e-2,0.01,0.0001,2.66254,0.15019,3975
52,6,star_sign,ema_lr5e-2,0.05,0.0001,1.14801,0.76931,3975
52,6,star_sign,ema_lr1e-2_wd1e-3,0.01,0.001,2.67456,0.17484,3975
52,6,star_sign,ema_d0.99,0.01,0.0001,2.63495,0.14918,3975
52,6,star_sign,ema_d0.9999,0.01,0.0001,2.64326,0.14767,3975
52,6,star_sign,mlp_h16,0.001,0.0,1.38546,0.95975,3975
52,6,star_sign,mlp_h32,0.001,0.0,0.62234,1.0,3975
52,6,star_sign,mlp_h64,0.001,0.0,0.15871,1.0,3975
52,6,star_sign,mlp_h128,0.001,0.0,0.02694,1.0,3975
52,6,star_sign,attention,0.0001,1e-05,0.00451,1.0,3975
52,6,star_sign,shuffled,0.01,0.0001,2.69122,0.1439,3975
53,0,age_bin,ema_lr1e-3,0.001,0.0001,1.60257,0.28939,3998
53,0,age_bin,ema_lr5e-3,0.005,0.0001,1.31826,0.41796,3998
53,0,age_bin,ema_lr1e-2,0.01,0.0001,1.12698,0.56003,3998
53,0,age_bin,ema_lr5e-2,0.05,0.0001,0.3491,0.96323,3998
53,0,age_bin,ema_lr1e-2_wd1e-3,0.01,0.001,1.10059,0.46048,3998
53,0,age_bin,ema_d0.99,0.01,0.0001,1.10975,0.49275,3998
53,0,age_bin,ema_d0.9999,0.01,0.0001,1.11525,0.55778,3998
53,0,age_bin,mlp_h16,0.001,0.0,0.38247,1.0,3998
53,0,age_bin,mlp_h32,0.001,0.0,0.15603,1.0,3998
53,0,age_bin,mlp_h64,0.001,0.0,0.05549,1.0,3998
53,0,age_bin,mlp_h128,0.001,0.0,0.00828,1.0,3998
53,0,age_bin,attention,0.0001,1e-05,1.00326,1.0,3998
53,0,age_bin,shuffled,0.01,0.0001,1.14956,0.53102,3998
53,0,gender,ema_lr1e-3,0.001,0.0001,1.07085,0.5,3998
53,0,gender,ema_lr5e-3,0.005,0.0001,0.99016,0.50475,3998
53,0,gender,ema_lr1e-2,0.01,0.0001,0.88368,0.48974,3998
53,0,gender,ema_lr5e-2,0.05,0.0001,0.76277,0.48724,3998
53,0,gender,ema_lr1e-2_wd1e-3,0.01,0.001,0.87011,0.51501,3998
53,0,gender,ema_d0.99,0.01,0.0001,0.90859,0.48649,3998
53,0,gender,ema_d0.9999,0.01,0.0001,0.92776,0.49875,3998
53,0,gender,mlp_h16,0.001,0.0,0.69191,0.52426,3998
53,0,gender,mlp_h32,0.001,0.0,0.69419,0.50975,3998
53,0,gender,mlp_h64,0.001,0.0,0.69454,0.5035,3998
53,0,gender,mlp_h128,0.001,0.0,0.70047,0.48574,3998
53,0,gender,attention,0.0001,1e-05,0.69373,0.45312,3998
53,0,gender,shuffled,0.01,0.0001,0.90141,0.5075,3998
53,0,star_sign,ema_lr1e-3,0.001,0.0001,3.31508,0.07279,3998
53,0,star_sign,ema_lr5e-3,0.005,0.0001,2.94724,0.09905,3998
53,0,star_sign,ema_lr1e-2,0.01,0.0001,2.67191,0.25763,3998
53,0,star_sign,ema_lr5e-2,0.05,0.0001,1.06334,0.8099,3998
53,0,star_sign,ema_lr1e-2_wd1e-3,0.01,0.001,2.70299,0.16233,3998
53,0,star_sign,ema_d0.99,0.01,0.0001,2.66294,0.13557,3998
53,0,star_sign,ema_d0.9999,0.01,0.0001,2.64931,0.17484,3998
53,0,star_sign,mlp_h16,0.001,0.0,1.10489,0.97274,3998
53,0,star_sign,mlp_h32,0.001,0.0,0.28643,1.0,3998
53,0,star_sign,mlp_h64,0.001,0.0,0.21605,1.0,3998
53,0,star_sign,mlp_h128,0.001,0.0,0.02346,1.0,3998
53,0,star_sign,attention,0.0001,1e-05,2.37775,1.0,3998
53,0,star_sign,shuffled,0.01,0.0001,2.65496,0.10505,3998
53,4,age_bin,ema_lr1e-3,0.001,0.0001,1.43519,0.33417,3998
53,4,age_bin,ema_lr5e-3,0.005,0.0001,1.24312,0.37744,3998
53,4,age_bin,ema_lr1e-2,0.01,0.0001,1.02006,0.494,3998
53,4,age_bin,ema_lr5e-2,0.05,0.0001,0.3528,0.97374,3998
53,4,age_bin,ema_lr1e-2_wd1e-3,0.01,0.001,1.04863,0.51101,3998
53,4,age_bin,ema_d0.99,0.01,0.0001,1.03103,0.51076,3998
53,4,age_bin,ema_d0.9999,0.01,0.0001,1.03712,0.501,3998
53,4,age_bin,mlp_h16,0.001,0.0,0.18062,1.0,3998
53,4,age_bin,mlp_h32,0.001,0.0,0.07446,1.0,3998
53,4,age_bin,mlp_h64,0.001,0.0,0.01861,1.0,3998
53,4,age_bin,mlp_h128,0.001,0.0,0.00748,1.0,3998
53,4,age_bin,attention,0.0001,1e-05,0.00331,1.0,3998
53,4,age_bin,shuffled,0.01,0.0001,1.02493,0.49825,3998
53,4,gender,ema_lr1e-3,0.001,0.0001,1.04851,0.49175,3998
53,4,gender,ema_lr5e-3,0.005,0.0001,0.89548,0.51926,3998
53,4,gender,ema_lr1e-2,0.01,0.0001,0.8709,0.48924,3998
53,4,gender,ema_lr5e-2,0.05,0.0001,0.73092,0.51501,3998
53,4,gender,ema_lr1e-2_wd1e-3,0.01,0.001,0.85392,0.49025,3998
53,4,gender,ema_d0.99,0.01,0.0001,0.84469,0.50225,3998
53,4,gender,ema_d0.9999,0.01,0.0001,0.8669,0.48074,3998
53,4,gender,mlp_h16,0.001,0.0,0.69136,0.52476,3998
53,4,gender,mlp_h32,0.001,0.0,0.69241,0.51501,3998
53,4,gender,mlp_h64,0.001,0.0,0.68905,0.53902,3998
53,4,gender,mlp_h128,0.001,0.0,0.69273,0.51201,3998
53,4,gender,attention,0.0001,1e-05,0.69832,0.46094,3998
53,4,gender,shuffled,0.01,0.0001,0.83864,0.49975,3998
53,4,star_sign,ema_lr1e-3,0.001,0.0001,3.13868,0.07904,3998
53,4,star_sign,ema_lr5e-3,0.005,0.0001,2.76921,0.12956,3998
53,4,star_sign,ema_lr1e-2,0.01,0.0001,2.46808,0.20335,3998
53,4,star_sign,ema_lr5e-2,0.05,0.0001,0.99345,0.88519,3998
53,4,star_sign,ema_lr1e-2_wd1e-3,0.01,0.001,2.45648,0.19235,3998
53,4,star_sign,ema_d0.99,0.01,0.0001,2.4954,0.14657,3998
53,4,star_sign,ema_d0.9999,0.01,0.0001,2.47402,0.14107,3998
53,4,star_sign,mlp_h16,0.001,0.0,1.07356,0.99575,3998
53,4,star_sign,mlp_h32,0.001,0.0,0.21252,1.0,3998
53,4,star_sign,mlp_h64,0.001,0.0,0.0446,1.0,3998
53,4,star_sign,mlp_h128,0.001,0.0,0.01115,1.0,3998
53,4,star_sign,attention,0.0001,1e-05,1.499,1.0,3998
53,4,star_sign,shuffled,0.01,0.0001,2.50842,0.23887,3998
53,6,age_bin,ema_lr1e-3,0.001,0.0001,1.48852,0.36818,3998
53,6,age_bin,ema_lr5e-3,0.005,0.0001,1.42926,0.38019,3998
53,6,age_bin,ema_lr1e-2,0.01,0.0001,1.08331,0.492,3998
53,6,age_bin,ema_lr5e-2,0.05,0.0001,0.3507,0.96473,3998
53,6,age_bin,ema_lr1e-2_wd1e-3,0.01,0.001,1.15751,0.44847,3998
53,6,age_bin,ema_d0.99,0.01,0.0001,1.10915,0.48624,3998
53,6,age_bin,ema_d0.9999,0.01,0.0001,1.07837,0.4935,3998
53,6,age_bin,mlp_h16,0.001,0.0,0.13871,1.0,3998
53,6,age_bin,mlp_h32,0.001,0.0,0.09382,1.0,3998
53,6,age_bin,mlp_h64,0.001,0.0,0.03895,1.0,3998
53,6,age_bin,mlp_h128,0.001,0.0,0.01262,1.0,3998
53,6,age_bin,attention,0.0001,1e-05,0.03233,0.98438,3998
53,6,age_bin,shuffled,0.01,0.0001,1.11602,0.47024,3998
53,6,gender,ema_lr1e-3,0.001,0.0001,1.06349,0.49375,3998
53,6,gender,ema_lr5e-3,0.005,0.0001,0.92101,0.50775,3998
53,6,gender,ema_lr1e-2,0.01,0.0001,0.90565,0.5005,3998
53,6,gender,ema_lr5e-2,0.05,0.0001,0.72749,0.53177,3998
53,6,gender,ema_lr1e-2_wd1e-3,0.01,0.001,0.9156,0.48874,3998
53,6,gender,ema_d0.99,0.01,0.0001,0.90823,0.49275,3998
53,6,gender,ema_d0.9999,0.01,0.0001,0.96146,0.47824,3998
53,6,gender,mlp_h16,0.001,0.0,0.68941,0.53077,3998
53,6,gender,mlp_h32,0.001,0.0,0.68471,0.53952,3998
53,6,gender,mlp_h64,0.001,0.0,0.68331,0.55153,3998
53,6,gender,mlp_h128,0.001,0.0,0.68646,0.54502,3998
53,6,gender,attention,0.0001,1e-05,1.54865,0.4375,3998
53,6,gender,shuffled,0.01,0.0001,0.88045,0.50075,3998
53,6,star_sign,ema_lr1e-3,0.001,0.0001,3.20593,0.0933,3998
53,6,star_sign,ema_lr5e-3,0.005,0.0001,2.87475,0.14232,3998
53,6,star_sign,ema_lr1e-2,0.01,0.0001,2.67835,0.13782,3998
53,6,star_sign,ema_lr5e-2,0.05,0.0001,1.1046,0.7919,3998
53,6,star_sign,ema_lr1e-2_wd1e-3,0.01,0.001,2.6608,0.18009,3998
53,6,star_sign,ema_d0.99,0.01,0.0001,2.6254,0.14982,3998
53,6,star_sign,ema_d0.9999,0.01,0.0001,2.72531,0.13032,3998
53,6,star_sign,mlp_h16,0.001,0.0,1.34317,0.96498,3998
53,6,star_sign,mlp_h32,0.001,0.0,0.57982,1.0,3998
53,6,star_sign,mlp_h64,0.001,0.0,0.14154,1.0,3998
53,6,star_sign,mlp_h128,0.001,0.0,0.02353,1.0,3998
53,6,star_sign,attention,0.0001,1e-05,0.07493,0.97656,3998
53,6,star_sign,shuffled,0.01,0.0001,2.76831,0.12056,3998
54,0,age_bin,ema_lr1e-3,0.001,0.0001,1.58164,0.29351,4160
54,0,age_bin,ema_lr5e-3,0.005,0.0001,1.32898,0.43678,4160
54,0,age_bin,ema_lr1e-2,0.01,0.0001,1.11959,0.55673,4160
54,0,age_bin,ema_lr5e-2,0.05,0.0001,0.3482,0.95889,4160
54,0,age_bin,ema_lr1e-2_wd1e-3,0.01,0.001,1.08759,0.46442,4160
54,0,age_bin,ema_d0.99,0.01,0.0001,1.10411,0.48654,4160
54,0,age_bin,ema_d0.9999,0.01,0.0001,1.09716,0.56034,4160
54,0,age_bin,mlp_h16,0.001,0.0,0.37555,1.0,4160
54,0,age_bin,mlp_h32,0.001,0.0,0.15125,1.0,4160
54,0,age_bin,mlp_h64,0.001,0.0,0.0539,1.0,4160
54,0,age_bin,mlp_h128,0.001,0.0,0.00832,1.0,4160
54,0,age_bin,attention,0.0001,1e-05,1.0014,1.0,4160
54,0,age_bin,shuffled,0.01,0.0001,1.15745,0.51514,4160
54,0,gender,ema_lr1e-3,0.001,0.0001,1.03638,0.50841,4160
54,0,gender,ema_lr5e-3,0.005,0.0001,0.97655,0.50793,4160
54,0,gender,ema_lr1e-2,0.01,0.0001,0.8815,0.49784,4160
54,0,gender,ema_lr5e-2,0.05,0.0001,0.76369,0.49976,4160
54,0,gender,ema_lr1e-2_wd1e-3,0.01,0.001,0.90289,0.49567,4160
54,0,gender,ema_d0.99,0.01,0.0001,0.89457,0.50625,4160
54,0,gender,ema_d0.9999,0.01,0.0001,0.93051,0.50457,4160
54,0,gender,mlp_h16,0.001,0.0,0.69695,0.49303,4160
54,0,gender,mlp_h32,0.001,0.0,0.69614,0.48413,4160
54,0,gender,mlp_h64,0.001,0.0,0.69475,0.5125,4160
54,0,gender,mlp_h128,0.001,0.0,0.69204,0.52548,4160
54,0,gender,attention,0.0001,1e-05,0.69191,0.59375,4160
54,0,gender,shuffled,0.01,0.0001,0.89025,0.50337,4160
54,0,star_sign,ema_lr1e-3,0.001,0.0001,3.31605,0.07308,4160
54,0,star_sign,ema_lr5e-3,0.005,0.0001,2.9162,0.10769,4160
54,0,star_sign,ema_lr1e-2,0.01,0.0001,2.66353,0.26274,4160
54,0,star_sign,ema_lr5e-2,0.05,0.0001,1.06335,0.80553,4160
54,0,star_sign,ema_lr1e-2_wd1e-3,0.01,0.001,2.67063,0.16274,4160
54,0,star_sign,ema_d0.99,0.01,0.0001,2.67339,0.18005,4160
54,0,star_sign,ema_d0.9999,0.01,0.0001,2.62881,0.17404,4160
54,0,star_sign,mlp_h16,0.001,0.0,1.06819,0.96899,4160
54,0,star_sign,mlp_h32,0.001,0.0,0.26744,1.0,4160
54,0,star_sign,mlp_h64,0.001,0.0,0.20338,1.0,4160
54,0,star_sign,mlp_h128,0.001,0.0,0.02376,1.0,4160
54,0,star_sign,attention,0.0001,1e-05,2.37511,1.0,4160
54,0,star_sign,shuffled,0.01,0.0001,2.65753,0.10841,4160
54,4,age_bin,ema_lr1e-3,0.001,0.0001,1.39611,0.34832,4160
54,4,age_bin,ema_lr5e-3,0.005,0.0001,1.23753,0.3762,4160
54,4,age_bin,ema_lr1e-2,0.01,0.0001,1.03249,0.48654,4160
54,4,age_bin,ema_lr5e-2,0.05,0.0001,0.3499,0.97212,4160
54,4,age_bin,ema_lr1e-2_wd1e-3,0.01,0.001,1.05369,0.4988,4160
54,4,age_bin,ema_d0.99,0.01,0.0001,0.98742,0.5375,4160
54,4,age_bin,ema_d0.9999,0.01,0.0001,1.07552,0.49159,4160
54,4,age_bin,mlp_h16,0.001,0.0,0.18023,1.0,4160
54,4,age_bin,mlp_h32,0.001,0.0,0.072,1.0,4160
54,4,age_bin,mlp_h64,0.001,0.0,0.0188,1.0,4160
54,4,age_bin,mlp_h128,0.001,0.0,0.00786,1.0,4160
54,4,age_bin,attention,0.0001,1e-05,0.00478,1.0,4160
54,4,age_bin,shuffled,0.01,0.0001,1.02595,0.50192,4160
54,4,gender,ema_lr1e-3,0.001,0.0001,1.00448,0.50168,4160
54,4,gender,ema_lr5e-3,0.005,0.0001,0.92931,0.49663,4160
54,4,gender,ema_lr1e-2,0.01,0.0001,0.87374,0.49351,4160
54,4,gender,ema_lr5e-2,0.05,0.0001,0.719,0.53365,4160
54,4,gender,ema_lr1e-2_wd1e-3,0.01,0.001,0.83877,0.49687,4160
54,4,gender,ema_d0.99,0.01,0.0001,0.83272,0.50601,4160
54,4,gender,ema_d0.9999,0.01,0.0001,0.84248,0.49543,4160
54,4,gender,mlp_h16,0.001,0.0,0.69213,0.51923,4160
54,4,gender,mlp_h32,0.001,0.0,0.69499,0.50745,4160
54,4,gender,mlp_h64,0.001,0.0,0.69149,0.52428,4160
54,4,gender,mlp_h128,0.001,0.0,0.69017,0.53726,4160
54,4,gender,attention,0.0001,1e-05,0.69517,0.59375,4160
54,4,gender,shuffled,0.01,0.0001,0.84894,0.50433,4160
54,4,star_sign,ema_lr1e-3,0.001,0.0001,3.15842,0.06827,4160
54,4,star_sign,ema_lr5e-3,0.005,0.0001,2.80706,0.12837,4160
54,4,star_sign,ema_lr1e-2,0.01,0.0001,2.51236,0.18702,4160
54,4,star_sign,ema_lr5e-2,0.05,0.0001,0.97232,0.88942,4160
54,4,star_sign,ema_lr1e-2_wd1e-3,0.01,0.001,2.42631,0.20505,4160
54,4,star_sign,ema_d0.99,0.01,0.0001,2.43464,0.17019,4160
54,4,star_sign,ema_d0.9999,0.01,0.0001,2.47392,0.13462,4160
54,4,star_sign,mlp_h16,0.001,0.0,1.06055,0.99832,4160
54,4,star_sign,mlp_h32,0.001,0.0,0.2112,1.0,4160
54,4,star_sign,mlp_h64,0.001,0.0,0.0466,1.0,4160
54,4,star_sign,mlp_h128,0.001,0.0,0.01212,1.0,4160
54,4,star_sign,attention,0.0001,1e-05,1.48296,1.0,4160
54,4,star_sign,shuffled,0.01,0.0001,2.4746,0.24519,4160
54,6,age_bin,ema_lr1e-3,0.001,0.0001,1.52049,0.34712,4160
54,6,age_bin,ema_lr5e-3,0.005,0.0001,1.36604,0.37909,4160
54,6,age_bin,ema_lr1e-2,0.01,0.0001,1.12127,0.45913,4160
54,6,age_bin,ema_lr5e-2,0.05,0.0001,0.35482,0.96082,4160
54,6,age_bin,ema_lr1e-2_wd1e-3,0.01,0.001,1.13543,0.4649,4160
54,6,age_bin,ema_d0.99,0.01,0.0001,1.18461,0.45216,4160
54,6,age_bin,ema_d0.9999,0.01,0.0001,1.10088,0.49519,4160
54,6,age_bin,mlp_h16,0.001,0.0,0.12958,1.0,4160
54,6,age_bin,mlp_h32,0.001,0.0,0.09044,1.0,4160
54,6,age_bin,mlp_h64,0.001,0.0,0.03857,1.0,4160
54,6,age_bin,mlp_h128,0.001,0.0,0.01247,1.0,4160
54,6,age_bin,attention,0.0001,1e-05,0.00906,1.0,4160
54,6,age_bin,shuffled,0.01,0.0001,1.07869,0.4887,4160
54,6,gender,ema_lr1e-3,0.001,0.0001,1.04736,0.51899,4160
54,6,gender,ema_lr5e-3,0.005,0.0001,1.02138,0.44904,4160
54,6,gender,ema_lr1e-2,0.01,0.0001,0.93307,0.47067,4160
54,6,gender,ema_lr5e-2,0.05,0.0001,0.71227,0.54832,4160
54,6,gender,ema_lr1e-2_wd1e-3,0.01,0.001,0.82007,0.5375,4160
54,6,gender,ema_d0.99,0.01,0.0001,0.86071,0.5226,4160
54,6,gender,ema_d0.9999,0.01,0.0001,0.90872,0.50673,4160
54,6,gender,mlp_h16,0.001,0.0,0.68192,0.55192,4160
54,6,gender,mlp_h32,0.001,0.0,0.6817,0.53726,4160
54,6,gender,mlp_h64,0.001,0.0,0.68046,0.54543,4160
54,6,gender,mlp_h128,0.001,0.0,0.67822,0.57236,4160
54,6,gender,attention,0.0001,1e-05,1.43174,0.46875,4160
54,6,gender,shuffled,0.01,0.0001,0.87799,0.50168,4160
54,6,star_sign,ema_lr1e-3,0.001,0.0001,3.26757,0.09615,4160
54,6,star_sign,ema_lr5e-3,0.005,0.0001,3.1292,0.09447,4160
54,6,star_sign,ema_lr1e-2,0.01,0.0001,2.81494,0.12188,4160
54,6,star_sign,ema_lr5e-2,0.05,0.0001,1.04182,0.81707,4160
54,6,star_sign,ema_lr1e-2_wd1e-3,0.01,0.001,2.78096,0.16058,4160
54,6,star_sign,ema_d0.99,0.01,0.0001,2.68938,0.14904,4160
54,6,star_sign,ema_d0.9999,0.01,0.0001,2.64322,0.13822,4160
54,6,star_sign,mlp_h16,0.001,0.0,1.30937,0.97188,4160
54,6,star_sign,mlp_h32,0.001,0.0,0.57345,1.0,4160
54,6,star_sign,mlp_h64,0.001,0.0,0.13467,1.0,4160
54,6,star_sign,mlp_h128,0.001,0.0,0.02322,1.0,4160
54,6,star_sign,attention,0.0001,1e-05,0.12244,0.96875,4160
54,6,star_sign,shuffled,0.01,0.0001,2.80573,0.13702,4160
55,0,age_bin,ema_lr1e-3,0.001,0.0001,1.58386,0.27761,3984
55,0,age_bin,ema_lr5e-3,0.005,0.0001,1.31856,0.42595,3984
55,0,age_bin,ema_lr1e-2,0.01,0.0001,1.08275,0.56401,3984
55,0,age_bin,ema_lr5e-2,0.05,0.0001,0.34058,0.96486,3984
55,0,age_bin,ema_lr1e-2_wd1e-3,0.01,0.001,1.06523,0.46938,3984
55,0,age_bin,ema_d0.99,0.01,0.0001,1.11123,0.49849,3984
55,0,age_bin,ema_d0.9999,0.01,0.0001,1.09883,0.56526,3984
55,0,age_bin,mlp_h16,0.001,0.0,0.36487,1.0,3984
55,0,age_bin,mlp_h32,0.001,0.0,0.13997,1.0,3984
55,0,age_bin,mlp_h64,0.001,0.0,0.04979,1.0,3984
55,0,age_bin,mlp_h128,0.001,0.0,0.00772,1.0,3984
55,0,age_bin,attention,0.0001,1e-05,1.0007,1.0,3984
55,0,age_bin,shuffled,0.01,0.0001,1.13809,0.52811,3984
55,0,gender,ema_lr1e-3,0.001,0.0001,1.04011,0.50728,3984
55,0,gender,ema_lr5e-3,0.005,0.0001,0.95883,0.51355,3984
55,0,gender,ema_lr1e-2,0.01,0.0001,0.86803,0.50427,3984
55,0,gender,ema_lr5e-2,0.05,0.0001,0.75726,0.50075,3984
55,0,gender,ema_lr1e-2_wd1e-3,0.01,0.001,0.87953,0.51305,3984
55,0,gender,ema_d0.99,0.01,0.0001,0.89114,0.49649,3984
55,0,gender,ema_d0.9999,0.01,0.0001,0.92235,0.50577,3984
55,0,gender,mlp_h16,0.001,0.0,0.69512,0.50678,3984
55,0,gender,mlp_h32,0.001,0.0,0.69305,0.51933,3984
55,0,gender,mlp_h64,0.001,0.0,0.69415,0.50929,3984
55,0,gender,mlp_h128,0.001,0.0,0.69595,0.50176,3984
55,0,gender,attention,0.0001,1e-05,0.69321,0.51562,3984
55,0,gender,shuffled,0.01,0.0001,0.90282,0.49824,3984
55,0,star_sign,ema_lr1e-3,0.001,0.0001,3.33896,0.07204,3984
55,0,star_sign,ema_lr5e-3,0.005,0.0001,2.88024,0.09613,3984
55,0,star_sign,ema_lr1e-2,0.01,0.0001,2.67711,0.24623,3984
55,0,star_sign,ema_lr5e-2,0.05,0.0001,1.01913,0.83961,3984
55,0,star_sign,ema_lr1e-2_wd1e-3,0.01,0.001,2.66575,0.16817,3984
55,0,star_sign,ema_d0.99,0.01,0.0001,2.65384,0.19202,3984
55,0,star_sign,ema_d0.9999,0.01,0.0001,2.59403,0.19177,3984
55,0,star_sign,mlp_h16,0.001,0.0,1.03384,0.9754,3984
55,0,star_sign,mlp_h32,0.001,0.0,0.25186,1.0,3984
55,0,star_sign,mlp_h64,0.001,0.0,0.18787,1.0,3984
55,0,star_sign,mlp_h128,0.001,0.0,0.02082,1.0,3984
55,0,star_sign,attention,0.0001,1e-05,2.37309,1.0,3984
55,0,star_sign,shuffled,0.01,0.0001,2.62128,0.11471,3984
55,4,age_bin,ema_lr1e-3,0.001,0.0001,1.42583,0.3386,3984
55,4,age_bin,ema_lr5e-3,0.005,0.0001,1.17215,0.40311,3984
55,4,age_bin,ema_lr1e-2,0.01,0.0001,0.97463,0.52108,3984
55,4,age_bin,ema_lr5e-2,0.05,0.0001,0.33862,0.97766,3984
55,4,age_bin,ema_lr1e-2_wd1e-3,0.01,0.001,1.02325,0.52736,3984
55,4,age_bin,ema_d0.99,0.01,0.0001,1.007,0.53288,3984
55,4,age_bin,ema_d0.9999,0.01,0.0001,1.0626,0.50502,3984
55,4,age_bin,mlp_h16,0.001,0.0,0.16403,1.0,3984
55,4,age_bin,mlp_h32,0.001,0.0,0.06675,1.0,3984
55,4,age_bin,mlp_h64,0.001,0.0,0.017,1.0,3984
55,4,age_bin,mlp_h128,0.001,0.0,0.00699,1.0,3984
55,4,age_bin,attention,0.0001,1e-05,0.00988,1.0,3984
55,4,age_bin,shuffled,0.01,0.0001,0.99238,0.50954,3984
55,4,gender,ema_lr1e-3,0.001,0.0001,1.0091,0.49649,3984
55,4,gender,ema_lr5e-3,0.005,0.0001,0.89097,0.50828,3984
55,4,gender,ema_lr1e-2,0.01,0.0001,0.86971,0.48845,3984
55,4,gender,ema_lr5e-2,0.05,0.0001,0.73076,0.50678,3984
55,4,gender,ema_lr1e-2_wd1e-3,0.01,0.001,0.85937,0.4877,3984
55,4,gender,ema_d0.99,0.01,0.0001,0.77015,0.54267,3984
55,4,gender,ema_d0.9999,0.01,0.0001,0.83066,0.50979,3984
55,4,gender,mlp_h16,0.001,0.0,0.69297,0.51506,3984
55,4,gender,mlp_h32,0.001,0.0,0.69263,0.51406,3984
55,4,gender,mlp_h64,0.001,0.0,0.69069,0.52861,3984
55,4,gender,mlp_h128,0.001,0.0,0.69334,0.51682,3984
55,4,gender,attention,0.0001,1e-05,0.71402,0.45312,3984
55,4,gender,shuffled,0.01,0.0001,0.83592,0.49498,3984
55,4,star_sign,ema_lr1e-3,0.001,0.0001,3.09362,0.07756,3984
55,4,star_sign,ema_lr5e-3,0.005,0.0001,2.7898,0.12274,3984
55,4,star_sign,ema_lr1e-2,0.01,0.0001,2.43686,0.2003,3984
55,4,star_sign,ema_lr5e-2,0.05,0.0001,0.92159,0.9134,3984
55,4,star_sign,ema_lr1e-2_wd1e-3,0.01,0.001,2.4765,0.19302,3984
55,4,star_sign,ema_d0.99,0.01,0.0001,2.44547,0.15462,3984
55,4,star_sign,ema_d0.9999,0.01,0.0001,2.49146,0.14332,3984
55,4,star_sign,mlp_h16,0.001,0.0,0.99703,0.999,3984
55,4,star_sign,mlp_h32,0.001,0.0,0.1851,1.0,3984
55,4,star_sign,mlp_h64,0.001,0.0,0.0391,1.0,3984
55,4,star_sign,mlp_h128,0.001,0.0,0.01076,1.0,3984
55,4,star_sign,attention,0.0001,1e-05,1.45354,1.0,3984
55,4,star_sign,shuffled,0.01,0.0001,2.54486,0.23645,3984
55,6,age_bin,ema_lr1e-3,0.001,0.0001,1.52339,0.34664,3984
55,6,age_bin,ema_lr5e-3,0.005,0.0001,1.35938,0.40437,3984
55,6,age_bin,ema_lr1e-2,0.01,0.0001,1.15756,0.45206,3984
55,6,age_bin,ema_lr5e-2,0.05,0.0001,0.36045,0.9616,3984
55,6,age_bin,ema_lr1e-2_wd1e-3,0.01,0.001,1.10714,0.46185,3984
55,6,age_bin,ema_d0.99,0.01,0.0001,1.14804,0.46737,3984
55,6,age_bin,ema_d0.9999,0.01,0.0001,1.09632,0.45758,3984
55,6,age_bin,mlp_h16,0.001,0.0,0.12367,1.0,3984
55,6,age_bin,mlp_h32,0.001,0.0,0.08765,1.0,3984
55,6,age_bin,mlp_h64,0.001,0.0,0.03611,1.0,3984
55,6,age_bin,mlp_h128,0.001,0.0,0.01202,1.0,3984
55,6,age_bin,attention,0.0001,1e-05,0.09418,0.97656,3984
55,6,age_bin,shuffled,0.01,0.0001,1.08952,0.48268,3984
55,6,gender,ema_lr1e-3,0.001,0.0001,1.06399,0.49172,3984
55,6,gender,ema_lr5e-3,0.005,0.0001,0.93027,0.51606,3984
55,6,gender,ema_lr1e-2,0.01,0.0001,0.83828,0.51606,3984
55,6,gender,ema_lr5e-2,0.05,0.0001,0.73274,0.52485,3984
55,6,gender,ema_lr1e-2_wd1e-3,0.01,0.001,0.87341,0.51506,3984
55,6,gender,ema_d0.99,0.01,0.0001,0.81882,0.53263,3984
55,6,gender,ema_d0.9999,0.01,0.0001,0.92717,0.47766,3984
55,6,gender,mlp_h16,0.001,0.0,0.68647,0.53941,3984
55,6,gender,mlp_h32,0.001,0.0,0.68698,0.54116,3984
55,6,gender,mlp_h64,0.001,0.0,0.68951,0.53715,3984
55,6,gender,mlp_h128,0.001,0.0,0.68846,0.53941,3984
55,6,gender,attention,0.0001,1e-05,1.46382,0.44531,3984
55,6,gender,shuffled,0.01,0.0001,0.85682,0.50427,3984
55,6,star_sign,ema_lr1e-3,0.001,0.0001,3.14852,0.11069,3984
55,6,star_sign,ema_lr5e-3,0.005,0.0001,2.89085,0.13479,3984
55,6,star_sign,ema_lr1e-2,0.01,0.0001,2.6464,0.15085,3984
55,6,star_sign,ema_lr5e-2,0.05,0.0001,1.01816,0.82831,3984
55,6,star_sign,ema_lr1e-2_wd1e-3,0.01,0.001,2.58615,0.17395,3984
55,6,star_sign,ema_d0.99,0.01,0.0001,2.69141,0.13404,3984
55,6,star_sign,ema_d0.9999,0.01,0.0001,2.70128,0.13404,3984
55,6,star_sign,mlp_h16,0.001,0.0,1.28153,0.97139,3984
55,6,star_sign,mlp_h32,0.001,0.0,0.53268,1.0,3984
55,6,star_sign,mlp_h64,0.001,0.0,0.12879,1.0,3984
55,6,star_sign,mlp_h128,0.001,0.0,0.02249,1.0,3984
55,6,star_sign,attention,0.0001,1e-05,0.03399,0.98438,3984
55,6,star_sign,shuffled,0.01,0.0001,2.63208,0.15939,3984
56,0,age_bin,ema_lr1e-3,0.001,0.0001,1.57236,0.29337,4104
56,0,age_bin,ema_lr5e-3,0.005,0.0001,1.31225,0.42982,4104
56,0,age_bin,ema_lr1e-2,0.01,0.0001,1.10069,0.55288,4104
56,0,age_bin,ema_lr5e-2,0.05,0.0001,0.33691,0.96418,4104
56,0,age_bin,ema_lr1e-2_wd1e-3,0.01,0.001,1.07536,0.46491,4104
56,0,age_bin,ema_d0.99,0.01,0.0001,1.08847,0.48367,4104
56,0,age_bin,ema_d0.9999,0.01,0.0001,1.07313,0.57334,4104
56,0,age_bin,mlp_h16,0.001,0.0,0.35172,1.0,4104
56,0,age_bin,mlp_h32,0.001,0.0,0.13604,1.0,4104
56,0,age_bin,mlp_h64,0.001,0.0,0.04648,1.0,4104
56,0,age_bin,mlp_h128,0.001,0.0,0.0073,1.0,4104
56,0,age_bin,attention,0.0001,1e-05,0.9994,1.0,4104
56,0,age_bin,shuffled,0.01,0.0001,1.14252,0.53168,4104
56,0,gender,ema_lr1e-3,0.001,0.0001,1.07995,0.50073,4104
56,0,gender,ema_lr5e-3,0.005,0.0001,0.94319,0.51559,4104
56,0,gender,ema_lr1e-2,0.01,0.0001,0.84556,0.51072,4104
56,0,gender,ema_lr5e-2,0.05,0.0001,0.75439,0.50024,4104
56,0,gender,ema_lr1e-2_wd1e-3,0.01,0.001,0.89944,0.49586,4104
56,0,gender,ema_d0.99,0.01,0.0001,0.87604,0.50146,4104
56,0,gender,ema_d0.9999,0.01,0.0001,0.91483,0.49903,4104
56,0,gender,mlp_h16,0.001,0.0,0.69683,0.48635,4104
56,0,gender,mlp_h32,0.001,0.0,0.6953,0.50195,4104
56,0,gender,mlp_h64,0.001,0.0,0.69568,0.49878,4104
56,0,gender,mlp_h128,0.001,0.0,0.6938,0.51291,4104
56,0,gender,attention,0.0001,1e-05,0.69311,0.46875,4104
56,0,gender,shuffled,0.01,0.0001,0.9072,0.49513,4104
56,0,star_sign,ema_lr1e-3,0.001,0.0001,3.25705,0.07383,4104
56,0,star_sign,ema_lr5e-3,0.005,0.0001,2.90424,0.13109,4104
56,0,star_sign,ema_lr1e-2,0.01,0.0001,2.65408,0.2556,4104
56,0,star_sign,ema_lr5e-2,0.05,0.0001,1.02764,0.82383,4104
56,0,star_sign,ema_lr1e-2_wd1e-3,0.01,0.001,2.64503,0.16764,4104
56,0,star_sign,ema_d0.99,0.01,0.0001,2.64672,0.19639,4104
56,0,star_sign,ema_d0.9999,0.01,0.0001,2.63168,0.17251,4104
56,0,star_sign,mlp_h16,0.001,0.0,1.014,0.97612,4104
56,0,star_sign,mlp_h32,0.001,0.0,0.23795,1.0,4104
56,0,star_sign,mlp_h64,0.001,0.0,0.17416,1.0,4104
56,0,star_sign,mlp_h128,0.001,0.0,0.01981,1.0,4104
56,0,star_sign,attention,0.0001,1e-05,2.37245,1.0,4104
56,0,star_sign,shuffled,0.01,0.0001,2.60395,0.1133,4104
56,4,age_bin,ema_lr1e-3,0.001,0.0001,1.41221,0.34381,4104
56,4,age_bin,ema_lr5e-3,0.005,0.0001,1.17901,0.40692,4104
56,4,age_bin,ema_lr1e-2,0.01,0.0001,0.95795,0.53338,4104
56,4,age_bin,ema_lr5e-2,0.05,0.0001,0.32697,0.97661,4104
56,4,age_bin,ema_lr1e-2_wd1e-3,0.01,0.001,1.05098,0.51754,4104
56,4,age_bin,ema_d0.99,0.01,0.0001,0.99258,0.53826,4104
56,4,age_bin,ema_d0.9999,0.01,0.0001,1.04527,0.49976,4104
56,4,age_bin,mlp_h16,0.001,0.0,0.15654,1.0,4104
56,4,age_bin,mlp_h32,0.001,0.0,0.06325,1.0,4104
56,4,age_bin,mlp_h64,0.001,0.0,0.01632,1.0,4104
56,4,age_bin,mlp_h128,0.001,0.0,0.00698,1.0,4104
56,4,age_bin,attention,0.0001,1e-05,0.0047,1.0,4104
56,4,age_bin,shuffled,0.01,0.0001,0.96876,0.53046,4104
56,4,gender,ema_lr1e-3,0.001,0.0001,0.99394,0.51316,4104
56,4,gender,ema_lr5e-3,0.005,0.0001,0.9471,0.4922,4104
56,4,gender,ema_lr1e-2,0.01,0.0001,0.82507,0.51511,4104
56,4,gender,ema_lr5e-2,0.05,0.0001,0.73872,0.50365,4104
56,4,gender,ema_lr1e-2_wd1e-3,0.01,0.001,0.87843,0.48733,4104
56,4,gender,ema_d0.99,0.01,0.0001,0.81881,0.4961,4104
56,4,gender,ema_d0.9999,0.01,0.0001,0.80314,0.52339,4104
56,4,gender,mlp_h16,0.001,0.0,0.69538,0.48709,4104
56,4,gender,mlp_h32,0.001,0.0,0.69522,0.50365,4104
56,4,gender,mlp_h64,0.001,0.0,0.69506,0.50341,4104
56,4,gender,mlp_h128,0.001,0.0,0.6959,0.49147,4104
56,4,gender,attention,0.0001,1e-05,0.68921,0.52344,4104
56,4,gender,shuffled,0.01,0.0001,0.80432,0.51949,4104
56,4,star_sign,ema_lr1e-3,0.001,0.0001,3.01327,0.09235,4104
56,4,star_sign,ema_lr5e-3,0.005,0.0001,2.8752,0.11574,4104
56,4,star_sign,ema_lr1e-2,0.01,0.0001,2.42899,0.21686,4104
56,4,star_sign,ema_lr5e-2,0.05,0.0001,0.93429,0.91009,4104
56,4,star_sign,ema_lr1e-2_wd1e-3,0.01,0.001,2.41946,0.21345,4104
56,4,star_sign,ema_d0.99,0.01,0.0001,2.49139,0.15205,4104
56,4,star_sign,ema_d0.9999,0.01,0.0001,2.48793,0.13548,4104
56,4,star_sign,mlp_h16,0.001,0.0,0.96242,0.99976,4104
56,4,star_sign,mlp_h32,0.001,0.0,0.16843,1.0,4104
56,4,star_sign,mlp_h64,0.001,0.0,0.03783,1.0,4104
56,4,star_sign,mlp_h128,0.001,0.0,0.01061,1.0,4104
56,4,star_sign,attention,0.0001,1e-05,1.44159,1.0,4104
56,4,star_sign,shuffled,0.01,0.0001,2.61158,0.21442,4104
56,6,age_bin,ema_lr1e-3,0.001,0.0001,1.50947,0.35404,4104
56,6,age_bin,ema_lr5e-3,0.005,0.0001,1.30263,0.42593,4104
56,6,age_bin,ema_lr1e-2,0.01,0.0001,1.08232,0.48928,4104
56,6,age_bin,ema_lr5e-2,0.05,0.0001,0.33592,0.96345,4104
56,6,age_bin,ema_lr1e-2_wd1e-3,0.01,0.001,1.09925,0.47466,4104
56,6,age_bin,ema_d0.99,0.01,0.0001,1.1104,0.50073,4104
56,6,age_bin,ema_d0.9999,0.01,0.0001,1.05702,0.50999,4104
56,6,age_bin,mlp_h16,0.001,0.0,0.12336,1.0,4104
56,6,age_bin,mlp_h32,0.001,0.0,0.08261,1.0,4104
56,6,age_bin,mlp_h64,0.001,0.0,0.0335,1.0,4104
56,6,age_bin,mlp_h128,0.001,0.0,0.0113,1.0,4104
56,6,age_bin,attention,0.0001,1e-05,0.06179,0.98438,4104
56,6,age_bin,shuffled,0.01,0.0001,1.07217,0.48904,4104
56,6,gender,ema_lr1e-3,0.001,0.0001,1.06751,0.47831,4104
56,6,gender,ema_lr5e-3,0.005,0.0001,0.96381,0.49172,4104
56,6,gender,ema_lr1e-2,0.01,0.0001,0.89991,0.48684,4104
56,6,gender,ema_lr5e-2,0.05,0.0001,0.74915,0.50365,4104
56,6,gender,ema_lr1e-2_wd1e-3,0.01,0.001,0.86022,0.52144,4104
56,6,gender,ema_d0.99,0.01,0.0001,0.8469,0.52022,4104
56,6,gender,ema_d0.9999,0.01,0.0001,0.92176,0.4944,4104
56,6,gender,mlp_h16,0.001,0.0,0.69528,0.50171,4104
56,6,gender,mlp_h32,0.001,0.0,0.69803,0.5,4104
56,6,gender,mlp_h64,0.001,0.0,0.69951,0.50122,4104
56,6,gender,mlp_h128,0.001,0.0,0.70605,0.4922,4104
56,6,gender,attention,0.0001,1e-05,1.53124,0.52344,4104
56,6,gender,shuffled,0.01,0.0001,0.86093,0.50341,4104
56,6,star_sign,ema_lr1e-3,0.001,0.0001,3.12035,0.11111,4104
56,6,star_sign,ema_lr5e-3,0.005,0.0001,2.90244,0.13718,4104
56,6,star_sign,ema_lr1e-2,0.01,0.0001,2.68213,0.1367,4104
56,6,star_sign,ema_lr5e-2,0.05,0.0001,1.05426,0.81384,4104
56,6,star_sign,ema_lr1e-2_wd1e-3,0.01,0.001,2.49538,0.19932,4104
56,6,star_sign,ema_d0.99,0.01,0.0001,2.68977,0.14547,4104
56,6,star_sign,ema_d0.9999,0.01,0.0001,2.6224,0.14157,4104
56,6,star_sign,mlp_h16,0.001,0.0,1.26889,0.98124,4104
56,6,star_sign,mlp_h32,0.001,0.0,0.49284,1.0,4104
56,6,star_sign,mlp_h64,0.001,0.0,0.11676,1.0,4104
56,6,star_sign,mlp_h128,0.001,0.0,0.02015,1.0,4104
56,6,star_sign,attention,0.0001,1e-05,0.02961,0.99219,4104
56,6,star_sign,shuffled,0.01,0.0001,2.52088,0.17617,4104
57,0,age_bin,ema_lr1e-3,0.001,0.0001,1.57633,0.29337,4254
57,0,age_bin,ema_lr5e-3,0.005,0.0001,1.30134,0.43841,4254
57,0,age_bin,ema_lr1e-2,0.01,0.0001,1.10018,0.56911,4254
57,0,age_bin,ema_lr5e-2,0.05,0.0001,0.32209,0.97156,4254
57,0,age_bin,ema_lr1e-2_wd1e-3,0.01,0.001,1.05926,0.47814,4254
57,0,age_bin,ema_d0.99,0.01,0.0001,1.09681,0.49483,4254
57,0,age_bin,ema_d0.9999,0.01,0.0001,1.075,0.56441,4254
57,0,age_bin,mlp_h16,0.001,0.0,0.33828,1.0,4254
57,0,age_bin,mlp_h32,0.001,0.0,0.12895,1.0,4254
57,0,age_bin,mlp_h64,0.001,0.0,0.04649,1.0,4254
57,0,age_bin,mlp_h128,0.001,0.0,0.00759,1.0,4254
57,0,age_bin,attention,0.0001,1e-05,0.99823,1.0,4254
57,0,age_bin,shuffled,0.01,0.0001,1.08691,0.54678,4254
57,0,gender,ema_lr1e-3,0.001,0.0001,1.08404,0.48425,4254
57,0,gender,ema_lr5e-3,0.005,0.0001,0.9851,0.49412,4254
57,0,gender,ema_lr1e-2,0.01,0.0001,0.87795,0.49741,4254
57,0,gender,ema_lr5e-2,0.05,0.0001,0.74739,0.5047,4254
57,0,gender,ema_lr1e-2_wd1e-3,0.01,0.001,0.89594,0.48566,4254
57,0,gender,ema_d0.99,0.01,0.0001,0.88868,0.50635,4254
57,0,gender,ema_d0.9999,0.01,0.0001,0.9381,0.48707,4254
57,0,gender,mlp_h16,0.001,0.0,0.6962,0.49013,4254
57,0,gender,mlp_h32,0.001,0.0,0.69661,0.50165,4254
57,0,gender,mlp_h64,0.001,0.0,0.69344,0.52069,4254
57,0,gender,mlp_h128,0.001,0.0,0.69361,0.51434,4254
57,0,gender,attention,0.0001,1e-05,0.69252,0.54688,4254
57,0,gender,shuffled,0.01,0.0001,0.89701,0.48496,4254
57,0,star_sign,ema_lr1e-3,0.001,0.0001,3.25289,0.0724,4254
57,0,star_sign,ema_lr5e-3,0.005,0.0001,2.94621,0.126,4254
57,0,star_sign,ema_lr1e-2,0.01,0.0001,2.61126,0.26352,4254
57,0,star_sign,ema_lr5e-2,0.05,0.0001,0.98448,0.84297,4254
57,0,star_sign,ema_lr1e-2_wd1e-3,0.01,0.001,2.60867,0.17066,4254
57,0,star_sign,ema_d0.99,0.01,0.0001,2.62213,0.22826,4254
57,0,star_sign,ema_d0.9999,0.01,0.0001,2.58645,0.18688,4254
57,0,star_sign,mlp_h16,0.001,0.0,0.98294,0.97978,4254
57,0,star_sign,mlp_h32,0.001,0.0,0.22721,1.0,4254
57,0,star_sign,mlp_h64,0.001,0.0,0.1642,1.0,4254
57,0,star_sign,mlp_h128,0.001,0.0,0.02062,1.0,4254
57,0,star_sign,attention,0.0001,1e-05,2.36959,1.0,4254
57,0,star_sign,shuffled,0.01,0.0001,2.61069,0.11119,4254
57,4,age_bin,ema_lr1e-3,0.001,0.0001,1.41464,0.34391,4254
57,4,age_bin,ema_lr5e-3,0.005,0.0001,1.19326,0.39915,4254
57,4,age_bin,ema_lr1e-2,0.01,0.0001,0.97075,0.52257,4254
57,4,age_bin,ema_lr5e-2,0.05,0.0001,0.32647,0.97508,4254
57,4,age_bin,ema_lr1e-2_wd1e-3,0.01,0.001,1.05393,0.49318,4254
57,4,age_bin,ema_d0.99,0.01,0.0001,1.00847,0.52492,4254
57,4,age_bin,ema_d0.9999,0.01,0.0001,1.03293,0.50564,4254
57,4,age_bin,mlp_h16,0.001,0.0,0.15119,1.0,4254
57,4,age_bin,mlp_h32,0.001,0.0,0.05932,1.0,4254
57,4,age_bin,mlp_h64,0.001,0.0,0.01521,1.0,4254
57,4,age_bin,mlp_h128,0.001,0.0,0.00655,1.0,4254
57,4,age_bin,attention,0.0001,1e-05,0.00607,1.0,4254
57,4,age_bin,shuffled,0.01,0.0001,0.97113,0.5315,4254
57,4,gender,ema_lr1e-3,0.001,0.0001,1.03449,0.48872,4254
57,4,gender,ema_lr5e-3,0.005,0.0001,0.90779,0.50964,4254
57,4,gender,ema_lr1e-2,0.01,0.0001,0.83126,0.50987,4254
57,4,gender,ema_lr5e-2,0.05,0.0001,0.73707,0.50917,4254
57,4,gender,ema_lr1e-2_wd1e-3,0.01,0.001,0.84765,0.49412,4254
57,4,gender,ema_d0.99,0.01,0.0001,0.81269,0.50823,4254
57,4,gender,ema_d0.9999,0.01,0.0001,0.81354,0.50611,4254
57,4,gender,mlp_h16,0.001,0.0,0.69509,0.5,4254
57,4,gender,mlp_h32,0.001,0.0,0.694,0.51293,4254
57,4,gender,mlp_h64,0.001,0.0,0.69449,0.51551,4254
57,4,gender,mlp_h128,0.001,0.0,0.69302,0.52022,4254
57,4,gender,attention,0.0001,1e-05,0.69827,0.5,4254
57,4,gender,shuffled,0.01,0.0001,0.84567,0.49647,4254
57,4,star_sign,ema_lr1e-3,0.001,0.0001,3.03469,0.09191,4254
57,4,star_sign,ema_lr5e-3,0.005,0.0001,2.84761,0.1079,4254
57,4,star_sign,ema_lr1e-2,0.01,0.0001,2.41285,0.23037,4254
57,4,star_sign,ema_lr5e-2,0.05,0.0001,0.92247,0.90809,4254
57,4,star_sign,ema_lr1e-2_wd1e-3,0.01,0.001,2.39224,0.21862,4254
57,4,star_sign,ema_d0.99,0.01,0.0001,2.46484,0.15538,4254
57,4,star_sign,ema_d0.9999,0.01,0.0001,2.47804,0.1347,4254
57,4,star_sign,mlp_h16,0.001,0.0,0.93367,0.99929,4254
57,4,star_sign,mlp_h32,0.001,0.0,0.16027,1.0,4254
57,4,star_sign,mlp_h64,0.001,0.0,0.03476,1.0,4254
57,4,star_sign,mlp_h128,0.001,0.0,0.00948,1.0,4254
57,4,star_sign,attention,0.0001,1e-05,1.42285,1.0,4254
57,4,star_sign,shuffled,0.01,0.0001,2.48768,0.23695,4254
57,6,age_bin,ema_lr1e-3,0.001,0.0001,1.48046,0.36389,4254
57,6,age_bin,ema_lr5e-3,0.005,0.0001,1.35637,0.40221,4254
57,6,age_bin,ema_lr1e-2,0.01,0.0001,1.04791,0.51434,4254
57,6,age_bin,ema_lr5e-2,0.05,0.0001,0.3373,0.96968,4254
57,6,age_bin,ema_lr1e-2_wd1e-3,0.01,0.001,1.0782,0.49365,4254
57,6,age_bin,ema_d0.99,0.01,0.0001,1.12369,0.47743,4254
57,6,age_bin,ema_d0.9999,0.01,0.0001,1.05796,0.5094,4254
57,6,age_bin,mlp_h16,0.001,0.0,0.11647,1.0,4254
57,6,age_bin,mlp_h32,0.001,0.0,0.07571,1.0,4254
57,6,age_bin,mlp_h64,0.001,0.0,0.03058,1.0,4254
57,6,age_bin,mlp_h128,0.001,0.0,0.01061,1.0,4254
57,6,age_bin,attention,0.0001,1e-05,0.01703,0.99219,4254
57,6,age_bin,shuffled,0.01,0.0001,1.06016,0.49765,4254
57,6,gender,ema_lr1e-3,0.001,0.0001,1.05131,0.50658,4254
57,6,gender,ema_lr5e-3,0.005,0.0001,0.98447,0.4685,4254
57,6,gender,ema_lr1e-2,0.01,0.0001,0.88965,0.4906,4254
57,6,gender,ema_lr5e-2,0.05,0.0001,0.77738,0.4645,4254
57,6,gender,ema_lr1e-2_wd1e-3,0.01,0.001,0.90877,0.48472,4254
57,6,gender,ema_d0.99,0.01,0.0001,0.85615,0.52586,4254
57,6,gender,ema_d0.9999,0.01,0.0001,0.90886,0.50141,4254
57,6,gender,mlp_h16,0.001,0.0,0.70134,0.49177,4254
57,6,gender,mlp_h32,0.001,0.0,0.69897,0.50611,4254
57,6,gender,mlp_h64,0.001,0.0,0.70352,0.49741,4254
57,6,gender,mlp_h128,0.001,0.0,0.69732,0.51646,4254
57,6,gender,attention,0.0001,1e-05,1.19181,0.57031,4254
57,6,gender,shuffled,0.01,0.0001,0.86296,0.50212,4254
57,6,star_sign,ema_lr1e-3,0.001,0.0001,3.18773,0.10602,4254
57,6,star_sign,ema_lr5e-3,0.005,0.0001,2.95877,0.12811,4254
57,6,star_sign,ema_lr1e-2,0.01,0.0001,2.66373,0.14222,4254
57,6,star_sign,ema_lr5e-2,0.05,0.0001,1.00745,0.84039,4254
57,6,star_sign,ema_lr1e-2_wd1e-3,0.01,0.001,2.57698,0.19723,4254
57,6,star_sign,ema_d0.99,0.01,0.0001,2.56594,0.16314,4254
57,6,star_sign,ema_d0.9999,0.01,0.0001,2.62916,0.1441,4254
57,6,star_sign,mlp_h16,0.001,0.0,1.23742,0.97908,4254
57,6,star_sign,mlp_h32,0.001,0.0,0.46322,1.0,4254
57,6,star_sign,mlp_h64,0.001,0.0,0.10527,1.0,4254
57,6,star_sign,mlp_h128,0.001,0.0,0.01958,1.0,4254
57,6,star_sign,attention,0.0001,1e-05,0.00067,1.0,4254
57,6,star_sign,shuffled,0.01,0.0001,2.58537,0.16455,4254
58,0,age_bin,ema_lr1e-3,0.001,0.0001,1.58506,0.28232,3744
58,0,age_bin,ema_lr5e-3,0.005,0.0001,1.28746,0.44872,3744
58,0,age_bin,ema_lr1e-2,0.01,0.0001,1.07372,0.57105,3744
58,0,age_bin,ema_lr5e-2,0.05,0.0001,0.31973,0.97302,3744
58,0,age_bin,ema_lr1e-2_wd1e-3,0.01,0.001,1.07434,0.46528,3744
58,0,age_bin,ema_d0.99,0.01,0.0001,1.07644,0.50374,3744
58,0,age_bin,ema_d0.9999,0.01,0.0001,1.05226,0.57452,3744
58,0,age_bin,mlp_h16,0.001,0.0,0.32995,1.0,3744
58,0,age_bin,mlp_h32,0.001,0.0,0.12375,1.0,3744
58,0,age_bin,mlp_h64,0.001,0.0,0.04299,1.0,3744
58,0,age_bin,mlp_h128,0.001,0.0,0.00693,1.0,3744
58,0,age_bin,attention,0.0001,1e-05,0.99635,1.0,3744
58,0,age_bin,shuffled,0.01,0.0001,1.11736,0.56464,3744
58,0,gender,ema_lr1e-3,0.001,0.0001,1.07988,0.5024,3744
58,0,gender,ema_lr5e-3,0.005,0.0001,0.99997,0.47837,3744
58,0,gender,ema_lr1e-2,0.01,0.0001,0.87249,0.51255,3744
58,0,gender,ema_lr5e-2,0.05,0.0001,0.75029,0.51416,3744
58,0,gender,ema_lr1e-2_wd1e-3,0.01,0.001,0.87104,0.49332,3744
58,0,gender,ema_d0.99,0.01,0.0001,0.87201,0.53178,3744
58,0,gender,ema_d0.9999,0.01,0.0001,0.94831,0.47409,3744
58,0,gender,mlp_h16,0.001,0.0,0.69817,0.46234,3744
58,0,gender,mlp_h32,0.001,0.0,0.69841,0.48745,3744
58,0,gender,mlp_h64,0.001,0.0,0.68944,0.53072,3744
58,0,gender,mlp_h128,0.001,0.0,0.69246,0.50053,3744
58,0,gender,attention,0.0001,1e-05,0.69195,0.57812,3744
58,0,gender,shuffled,0.01,0.0001,0.89443,0.48291,3744
58,0,star_sign,ema_lr1e-3,0.001,0.0001,3.27112,0.07959,3744
58,0,star_sign,ema_lr5e-3,0.005,0.0001,2.90936,0.13649,3744
58,0,star_sign,ema_lr1e-2,0.01,0.0001,2.60002,0.26015,3744
58,0,star_sign,ema_lr5e-2,0.05,0.0001,0.9614,0.8571,3744
58,0,star_sign,ema_lr1e-2_wd1e-3,0.01,0.001,2.62836,0.16747,3744
58,0,star_sign,ema_d0.99,0.01,0.0001,2.6535,0.22062,3744
58,0,star_sign,ema_d0.9999,0.01,0.0001,2.56786,0.19418,3744
58,0,star_sign,mlp_h16,0.001,0.0,0.95473,0.97997,3744
58,0,star_sign,mlp_h32,0.001,0.0,0.21208,1.0,3744
58,0,star_sign,mlp_h64,0.001,0.0,0.15099,1.0,3744
58,0,star_sign,mlp_h128,0.001,0.0,0.01852,1.0,3744
58,0,star_sign,attention,0.0001,1e-05,2.36668,1.0,3744
58,0,star_sign,shuffled,0.01,0.0001,2.60902,0.11031,3744
58,4,age_bin,ema_lr1e-3,0.001,0.0001,1.43126,0.32612,3744
58,4,age_bin,ema_lr5e-3,0.005,0.0001,1.2018,0.39343,3744
58,4,age_bin,ema_lr1e-2,0.01,0.0001,0.95215,0.53659,3744
58,4,age_bin,ema_lr5e-2,0.05,0.0001,0.32609,0.98024,3744
58,4,age_bin,ema_lr1e-2_wd1e-3,0.01,0.001,1.0588,0.50962,3744
58,4,age_bin,ema_d0.99,0.01,0.0001,0.99027,0.54915,3744
58,4,age_bin,ema_d0.9999,0.01,0.0001,0.98117,0.53606,3744
58,4,age_bin,mlp_h16,0.001,0.0,0.14471,1.0,3744
58,4,age_bin,mlp_h32,0.001,0.0,0.05737,1.0,3744
58,4,age_bin,mlp_h64,0.001,0.0,0.01494,1.0,3744
58,4,age_bin,mlp_h128,0.001,0.0,0.00656,1.0,3744
58,4,age_bin,attention,0.0001,1e-05,0.00279,1.0,3744
58,4,age_bin,shuffled,0.01,0.0001,0.982,0.5227,3744
58,4,gender,ema_lr1e-3,0.001,0.0001,1.03403,0.48665,3744
58,4,gender,ema_lr5e-3,0.005,0.0001,0.90614,0.51255,3744
58,4,gender,ema_lr1e-2,0.01,0.0001,0.82771,0.50988,3744
58,4,gender,ema_lr5e-2,0.05,0.0001,0.73051,0.50935,3744
58,4,gender,ema_lr1e-2_wd1e-3,0.01,0.001,0.82853,0.51362,3744
58,4,gender,ema_d0.99,0.01,0.0001,0.85257,0.47676,3744
58,4,gender,ema_d0.9999,0.01,0.0001,0.82089,0.50614,3744
58,4,gender,mlp_h16,0.001,0.0,0.69129,0.52244,3744
58,4,gender,mlp_h32,0.001,0.0,0.69396,0.50401,3744
58,4,gender,mlp_h64,0.001,0.0,0.69038,0.53098,3744
58,4,gender,mlp_h128,0.001,0.0,0.6894,0.54647,3744
58,4,gender,attention,0.0001,1e-05,0.68696,0.53906,3744
58,4,gender,shuffled,0.01,0.0001,0.852,0.50427,3744
58,4,star_sign,ema_lr1e-3,0.001,0.0001,3.05225,0.0836,3744
58,4,star_sign,ema_lr5e-3,0.005,0.0001,2.82212,0.1242,3744
58,4,star_sign,ema_lr1e-2,0.01,0.0001,2.43436,0.21234,3744
58,4,star_sign,ema_lr5e-2,0.05,0.0001,0.89026,0.92708,3744
58,4,star_sign,ema_lr1e-2_wd1e-3,0.01,0.001,2.43902,0.19071,3744
58,4,star_sign,ema_d0.99,0.01,0.0001,2.4442,0.15999,3744
58,4,star_sign,ema_d0.9999,0.01,0.0001,2.46388,0.13649,3744
58,4,star_sign,mlp_h16,0.001,0.0,0.88317,0.9992,3744
58,4,star_sign,mlp_h32,0.001,0.0,0.15027,1.0,3744
58,4,star_sign,mlp_h64,0.001,0.0,0.03379,1.0,3744
58,4,star_sign,mlp_h128,0.001,0.0,0.00972,1.0,3744
58,4,star_sign,attention,0.0001,1e-05,1.36521,1.0,3744
58,4,star_sign,shuffled,0.01,0.0001,2.46827,0.25561,3744
58,6,age_bin,ema_lr1e-3,0.001,0.0001,1.51516,0.34963,3744
58,6,age_bin,ema_lr5e-3,0.005,0.0001,1.32031,0.41106,3744
58,6,age_bin,ema_lr1e-2,0.01,0.0001,1.05774,0.50321,3744
58,6,age_bin,ema_lr5e-2,0.05,0.0001,0.33906,0.96608,3744
58,6,age_bin,ema_lr1e-2_wd1e-3,0.01,0.001,1.10255,0.47837,3744
58,6,age_bin,ema_d0.99,0.01,0.0001,1.08298,0.49786,3744
58,6,age_bin,ema_d0.9999,0.01,0.0001,1.09172,0.47489,3744
58,6,age_bin,mlp_h16,0.001,0.0,0.10839,1.0,3744
58,6,age_bin,mlp_h32,0.001,0.0,0.07502,1.0,3744
58,6,age_bin,mlp_h64,0.001,0.0,0.02954,1.0,3744
58,6,age_bin,mlp_h128,0.001,0.0,0.01044,1.0,3744
58,6,age_bin,attention,0.0001,1e-05,0.01435,0.98438,3744
58,6,age_bin,shuffled,0.01,0.0001,1.05041,0.50187,3744
58,6,gender,ema_lr1e-3,0.001,0.0001,1.06046,0.50454,3744
58,6,gender,ema_lr5e-3,0.005,0.0001,0.90234,0.51282,3744
58,6,gender,ema_lr1e-2,0.01,0.0001,0.87692,0.49546,3744
58,6,gender,ema_lr5e-2,0.05,0.0001,0.74492,0.51282,3744
58,6,gender,ema_lr1e-2_wd1e-3,0.01,0.001,0.88598,0.5,3744
58,6,gender,ema_d0.99,0.01,0.0001,0.88927,0.48691,3744
58,6,gender,ema_d0.9999,0.01,0.0001,0.83428,0.53793,3744
58,6,gender,mlp_h16,0.001,0.0,0.68821,0.53739,3744
58,6,gender,mlp_h32,0.001,0.0,0.68679,0.5406,3744
58,6,gender,mlp_h64,0.001,0.0,0.68606,0.54754,3744
58,6,gender,mlp_h128,0.001,0.0,0.6763,0.58066,3744
58,6,gender,attention,0.0001,1e-05,1.61263,0.47656,3744
58,6,gender,shuffled,0.01,0.0001,0.87541,0.49092,3744
58,6,star_sign,ema_lr1e-3,0.001,0.0001,3.06708,0.11165,3744
58,6,star_sign,ema_lr5e-3,0.005,0.0001,3.00828,0.11245,3744
58,6,star_sign,ema_lr1e-2,0.01,0.0001,2.7168,0.12981,3744
58,6,star_sign,ema_lr5e-2,0.05,0.0001,0.9752,0.85897,3744
58,6,star_sign,ema_lr1e-2_wd1e-3,0.01,0.001,2.53645,0.19097,3744
58,6,star_sign,ema_d0.99,0.01,0.0001,2.62966,0.15465,3744
58,6,star_sign,ema_d0.9999,0.01,0.0001,2.69695,0.13568,3744
58,6,star_sign,mlp_h16,0.001,0.0,1.2134,0.98317,3744
58,6,star_sign,mlp_h32,0.001,0.0,0.43488,1.0,3744
58,6,star_sign,mlp_h64,0.001,0.0,0.0984,1.0,3744
58,6,star_sign,mlp_h128,0.001,0.0,0.0186,1.0,3744
58,6,star_sign,attention,0.0001,1e-05,0.06148,0.98438,3744
58,6,star_sign,shuffled,0.01,0.0001,2.61806,0.15385,3744
59,0,age_bin,ema_lr1e-3,0.001,0.0001,1.56163,0.2904,3719
59,0,age_bin,ema_lr5e-3,0.005,0.0001,1.29366,0.44797,3719
59,0,age_bin,ema_lr1e-2,0.01,0.0001,1.06188,0.5722,3719
59,0,age_bin,ema_lr5e-2,0.05,0.0001,0.31212,0.97365,3719
59,0,age_bin,ema_lr1e-2_wd1e-3,0.01,0.001,1.06251,0.46222,3719
59,0,age_bin,ema_d0.99,0.01,0.0001,1.09291,0.49825,3719
59,0,age_bin,ema_d0.9999,0.01,0.0001,1.07516,0.5687,3719
59,0,age_bin,mlp_h16,0.001,0.0,0.31952,1.0,3719
59,0,age_bin,mlp_h32,0.001,0.0,0.11493,1.0,3719
59,0,age_bin,mlp_h64,0.001,0.0,0.04167,1.0,3719
59,0,age_bin,mlp_h128,0.001,0.0,0.00707,1.0,3719
59,0,age_bin,attention,0.0001,1e-05,0.99477,1.0,3719
59,0,age_bin,shuffled,0.01,0.0001,1.08962,0.58053,3719
59,0,gender,ema_lr1e-3,0.001,0.0001,1.0341,0.51707,3719
59,0,gender,ema_lr5e-3,0.005,0.0001,0.99185,0.4961,3719
59,0,gender,ema_lr1e-2,0.01,0.0001,0.8699,0.50793,3719
59,0,gender,ema_lr5e-2,0.05,0.0001,0.74707,0.51385,3719
59,0,gender,ema_lr1e-2_wd1e-3,0.01,0.001,0.86076,0.50255,3719
59,0,gender,ema_d0.99,0.01,0.0001,0.8674,0.51681,3719
59,0,gender,ema_d0.9999,0.01,0.0001,0.92832,0.49933,3719
59,0,gender,mlp_h16,0.001,0.0,0.69294,0.51681,3719
59,0,gender,mlp_h32,0.001,0.0,0.69353,0.51089,3719
59,0,gender,mlp_h64,0.001,0.0,0.6912,0.51923,3719
59,0,gender,mlp_h128,0.001,0.0,0.69141,0.52756,3719
59,0,gender,attention,0.0001,1e-05,0.69254,0.52344,3719
59,0,gender,shuffled,0.01,0.0001,0.88802,0.50363,3719
59,0,star_sign,ema_lr1e-3,0.001,0.0001,3.21171,0.07878,3719
59,0,star_sign,ema_lr5e-3,0.005,0.0001,2.91791,0.13337,3719
59,0,star_sign,ema_lr1e-2,0.01,0.0001,2.60891,0.2498,3719
59,0,star_sign,ema_lr5e-2,0.05,0.0001,0.95281,0.85453,3719
59,0,star_sign,ema_lr1e-2_wd1e-3,0.01,0.001,2.6114,0.17478,3719
59,0,star_sign,ema_d0.99,0.01,0.0001,2.62395,0.2221,3719
59,0,star_sign,ema_d0.9999,0.01,0.0001,2.58533,0.178,3719
59,0,star_sign,mlp_h16,0.001,0.0,0.91478,0.98252,3719
59,0,star_sign,mlp_h32,0.001,0.0,0.20448,1.0,3719
59,0,star_sign,mlp_h64,0.001,0.0,0.14408,1.0,3719
59,0,star_sign,mlp_h128,0.001,0.0,0.01864,1.0,3719
59,0,star_sign,attention,0.0001,1e-05,2.36566,1.0,3719
59,0,star_sign,shuffled,0.01,0.0001,2.62227,0.10944,3719
59,4,age_bin,ema_lr1e-3,0.001,0.0001,1.43087,0.33853,3719
59,4,age_bin,ema_lr5e-3,0.005,0.0001,1.19061,0.39742,3719
59,4,age_bin,ema_lr1e-2,0.01,0.0001,0.98689,0.52837,3719
59,4,age_bin,ema_lr5e-2,0.05,0.0001,0.30662,0.98037,3719
59,4,age_bin,ema_lr1e-2_wd1e-3,0.01,0.001,0.96734,0.54262,3719
59,4,age_bin,ema_d0.99,0.01,0.0001,0.98427,0.53993,3719
59,4,age_bin,ema_d0.9999,0.01,0.0001,1.02128,0.52541,3719
59,4,age_bin,mlp_h16,0.001,0.0,0.13699,1.0,3719
59,4,age_bin,mlp_h32,0.001,0.0,0.05365,1.0,3719
59,4,age_bin,mlp_h64,0.001,0.0,0.01423,1.0,3719
59,4,age_bin,mlp_h128,0.001,0.0,0.00627,1.0,3719
59,4,age_bin,attention,0.0001,1e-05,0.0096,1.0,3719
59,4,age_bin,shuffled,0.01,0.0001,0.99091,0.52837,3719
59,4,gender,ema_lr1e-3,0.001,0.0001,0.99923,0.50471,3719
59,4,gender,ema_lr5e-3,0.005,0.0001,0.94892,0.47701,3719
59,4,gender,ema_lr1e-2,0.01,0.0001,0.80508,0.52675,3719
59,4,gender,ema_lr5e-2,0.05,0.0001,0.72641,0.52407,3719
59,4,gender,ema_lr1e-2_wd1e-3,0.01,0.001,0.85769,0.48185,3719
59,4,gender,ema_d0.99,0.01,0.0001,0.87452,0.46706,3719
59,4,gender,ema_d0.9999,0.01,0.0001,0.83779,0.48212,3719
59,4,gender,mlp_h16,0.001,0.0,0.68998,0.52407,3719
59,4,gender,mlp_h32,0.001,0.0,0.69027,0.53455,3719
59,4,gender,mlp_h64,0.001,0.0,0.6887,0.54074,3719
59,4,gender,mlp_h128,0.001,0.0,0.69073,0.5203,3719
59,4,gender,attention,0.0001,1e-05,0.7007,0.46094,3719
59,4,gender,shuffled,0.01,0.0001,0.83112,0.50847,3719
59,4,star_sign,ema_lr1e-3,0.001,0.0001,3.08772,0.07852,3719
59,4,star_sign,ema_lr5e-3,0.005,0.0001,2.8178,0.1253,3719
59,4,star_sign,ema_lr1e-2,0.01,0.0001,2.44016,0.22398,3719
59,4,star_sign,ema_lr5e-2,0.05,0.0001,0.87674,0.92874,3719
59,4,star_sign,ema_lr1e-2_wd1e-3,0.01,0.001,2.39778,0.20946,3719
59,4,star_sign,ema_d0.99,0.01,0.0001,2.43863,0.15461,3719
59,4,star_sign,ema_d0.9999,0.01,0.0001,2.39905,0.16348,3719
59,4,star_sign,mlp_h16,0.001,0.0,0.84277,0.99946,3719
59,4,star_sign,mlp_h32,0.001,0.0,0.13934,1.0,3719
59,4,star_sign,mlp_h64,0.001,0.0,0.03189,1.0,3719
59,4,star_sign,mlp_h128,0.001,0.0,0.00939,1.0,3719
59,4,star_sign,attention,0.0001,1e-05,1.32039,1.0,3719
59,4,star_sign,shuffled,0.01,0.0001,2.45098,0.24039,3719
59,6,age_bin,ema_lr1e-3,0.001,0.0001,1.6571,0.30707,3719
59,6,age_bin,ema_lr5e-3,0.005,0.0001,1.23802,0.44797,3719
59,6,age_bin,ema_lr1e-2,0.01,0.0001,1.05951,0.50551,3719
59,6,age_bin,ema_lr5e-2,0.05,0.0001,0.31741,0.96854,3719
59,6,age_bin,ema_lr1e-2_wd1e-3,0.01,0.001,1.10673,0.47755,3719
59,6,age_bin,ema_d0.99,0.01,0.0001,1.06247,0.50417,3719
59,6,age_bin,ema_d0.9999,0.01,0.0001,1.05531,0.49906,3719
59,6,age_bin,mlp_h16,0.001,0.0,0.10535,1.0,3719
59,6,age_bin,mlp_h32,0.001,0.0,0.07047,1.0,3719
59,6,age_bin,mlp_h64,0.001,0.0,0.02986,1.0,3719
59,6,age_bin,mlp_h128,0.001,0.0,0.00995,1.0,3719
59,6,age_bin,attention,0.0001,1e-05,0.00139,1.0,3719
59,6,age_bin,shuffled,0.01,0.0001,1.00856,0.52084,3719
59,6,gender,ema_lr1e-3,0.001,0.0001,1.00199,0.51089,3719
59,6,gender,ema_lr5e-3,0.005,0.0001,0.88894,0.53159,3719
59,6,gender,ema_lr1e-2,0.01,0.0001,0.90781,0.48803,3719
59,6,gender,ema_lr5e-2,0.05,0.0001,0.73141,0.51412,3719
59,6,gender,ema_lr1e-2_wd1e-3,0.01,0.001,0.92053,0.49798,3719
59,6,gender,ema_d0.99,0.01,0.0001,0.80863,0.55956,3719
59,6,gender,ema_d0.9999,0.01,0.0001,0.9371,0.48669,3719
59,6,gender,mlp_h16,0.001,0.0,0.69167,0.51788,3719
59,6,gender,mlp_h32,0.001,0.0,0.69113,0.53025,3719
59,6,gender,mlp_h64,0.001,0.0,0.68708,0.53805,3719
59,6,gender,mlp_h128,0.001,0.0,0.69197,0.52487,3719
59,6,gender,attention,0.0001,1e-05,1.57265,0.46094,3719
59,6,gender,shuffled,0.01,0.0001,0.89036,0.50148,3719
59,6,star_sign,ema_lr1e-3,0.001,0.0001,3.25457,0.09492,3719
59,6,star_sign,ema_lr5e-3,0.005,0.0001,3.0172,0.10594,3719
59,6,star_sign,ema_lr1e-2,0.01,0.0001,2.67899,0.13928,3719
59,6,star_sign,ema_lr5e-2,0.05,0.0001,0.92514,0.86582,3719
59,6,star_sign,ema_lr1e-2_wd1e-3,0.01,0.001,2.65966,0.16537,3719
59,6,star_sign,ema_d0.99,0.01,0.0001,2.59862,0.16644,3719
59,6,star_sign,ema_d0.9999,0.01,0.0001,2.59851,0.14654,3719
59,6,star_sign,mlp_h16,0.001,0.0,1.16309,0.98736,3719
59,6,star_sign,mlp_h32,0.001,0.0,0.42155,1.0,3719
59,6,star_sign,mlp_h64,0.001,0.0,0.09619,1.0,3719
59,6,star_sign,mlp_h128,0.001,0.0,0.0176,1.0,3719
59,6,star_sign,attention,0.0001,1e-05,0.05738,0.99219,3719
59,6,star_sign,shuffled,0.01,0.0001,2.68622,0.14305,3719
60,0,age_bin,ema_lr1e-3,0.001,0.0001,1.58726,0.28075,4260
60,0,age_bin,ema_lr5e-3,0.005,0.0001,1.29492,0.44671,4260
60,0,age_bin,ema_lr1e-2,0.01,0.0001,1.06168,0.56808,4260
60,0,age_bin,ema_lr5e-2,0.05,0.0001,0.3076,0.97582,4260
60,0,age_bin,ema_lr1e-2_wd1e-3,0.01,0.001,1.05731,0.45399,4260
60,0,age_bin,ema_d0.99,0.01,0.0001,1.08302,0.49718,4260
60,0,age_bin,ema_d0.9999,0.01,0.0001,1.06137,0.60728,4260
60,0,age_bin,mlp_h16,0.001,0.0,0.30656,1.0,4260
60,0,age_bin,mlp_h32,0.001,0.0,0.11217,1.0,4260
60,0,age_bin,mlp_h64,0.001,0.0,0.03841,1.0,4260
60,0,age_bin,mlp_h128,0.001,0.0,0.00651,1.0,4260
60,0,age_bin,attention,0.0001,1e-05,0.99284,1.0,4260
60,0,age_bin,shuffled,0.01,0.0001,1.08532,0.57441,4260
60,0,gender,ema_lr1e-3,0.001,0.0001,1.02464,0.51268,4260
60,0,gender,ema_lr5e-3,0.005,0.0001,1.00206,0.48357,4260
60,0,gender,ema_lr1e-2,0.01,0.0001,0.85158,0.50939,4260
60,0,gender,ema_lr5e-2,0.05,0.0001,0.74592,0.51174,4260
60,0,gender,ema_lr1e-2_wd1e-3,0.01,0.001,0.89644,0.49554,4260
60,0,gender,ema_d0.99,0.01,0.0001,0.90511,0.4946,4260
60,0,gender,ema_d0.9999,0.01,0.0001,0.92201,0.50587,4260
60,0,gender,mlp_h16,0.001,0.0,0.69362,0.50141,4260
60,0,gender,mlp_h32,0.001,0.0,0.69248,0.51901,4260
60,0,gender,mlp_h64,0.001,0.0,0.69251,0.52277,4260
60,0,gender,mlp_h128,0.001,0.0,0.69391,0.51737,4260
60,0,gender,attention,0.0001,1e-05,0.69312,0.46094,4260
60,0,gender,shuffled,0.01,0.0001,0.8998,0.50023,4260
60,0,star_sign,ema_lr1e-3,0.001,0.0001,3.28563,0.07371,4260
60,0,star_sign,ema_lr5e-3,0.005,0.0001,2.87752,0.12934,4260
60,0,star_sign,ema_lr1e-2,0.01,0.0001,2.58753,0.26432,4260
60,0,star_sign,ema_lr5e-2,0.05,0.0001,0.93217,0.85892,4260
60,0,star_sign,ema_lr1e-2_wd1e-3,0.01,0.001,2.5922,0.16901,4260
60,0,star_sign,ema_d0.99,0.01,0.0001,2.5871,0.23803,4260
60,0,star_sign,ema_d0.9999,0.01,0.0001,2.55098,0.18216,4260
60,0,star_sign,mlp_h16,0.001,0.0,0.89871,0.98404,4260
60,0,star_sign,mlp_h32,0.001,0.0,0.1877,1.0,4260
60,0,star_sign,mlp_h64,0.001,0.0,0.12981,1.0,4260
60,0,star_sign,mlp_h128,0.001,0.0,0.01665,1.0,4260
60,0,star_sign,attention,0.0001,1e-05,2.36372,1.0,4260
60,0,star_sign,shuffled,0.01,0.0001,2.61951,0.1,4260
60,4,age_bin,ema_lr1e-3,0.001,0.0001,1.40174,0.34413,4260
60,4,age_bin,ema_lr5e-3,0.005,0.0001,1.18658,0.40704,4260
60,4,age_bin,ema_lr1e-2,0.01,0.0001,0.94253,0.54531,4260
60,4,age_bin,ema_lr5e-2,0.05,0.0001,0.30835,0.9831,4260
60,4,age_bin,ema_lr1e-2_wd1e-3,0.01,0.001,1.03904,0.50352,4260
60,4,age_bin,ema_d0.99,0.01,0.0001,1.00829,0.52981,4260
60,4,age_bin,ema_d0.9999,0.01,0.0001,1.01585,0.52418,4260
60,4,age_bin,mlp_h16,0.001,0.0,0.12757,1.0,4260
60,4,age_bin,mlp_h32,0.001,0.0,0.0492,1.0,4260
60,4,age_bin,mlp_h64,0.001,0.0,0.01278,1.0,4260
60,4,age_bin,mlp_h128,0.001,0.0,0.00565,1.0,4260
60,4,age_bin,attention,0.0001,1e-05,0.00657,1.0,4260
60,4,age_bin,shuffled,0.01,0.0001,0.99477,0.50822,4260
60,4,gender,ema_lr1e-3,0.001,0.0001,0.98784,0.50704,4260
60,4,gender,ema_lr5e-3,0.005,0.0001,0.88981,0.51338,4260
60,4,gender,ema_lr1e-2,0.01,0.0001,0.83632,0.50047,4260
60,4,gender,ema_lr5e-2,0.05,0.0001,0.73768,0.51103,4260
60,4,gender,ema_lr1e-2_wd1e-3,0.01,0.001,0.82002,0.51033,4260
60,4,gender,ema_d0.99,0.01,0.0001,0.83134,0.49507,4260
60,4,gender,ema_d0.9999,0.01,0.0001,0.79005,0.52911,4260
60,4,gender,mlp_h16,0.001,0.0,0.68941,0.54131,4260
60,4,gender,mlp_h32,0.001,0.0,0.68954,0.52723,4260
60,4,gender,mlp_h64,0.001,0.0,0.69016,0.53239,4260
60,4,gender,mlp_h128,0.001,0.0,0.69,0.53615,4260
60,4,gender,attention,0.0001,1e-05,0.6978,0.46094,4260
60,4,gender,shuffled,0.01,0.0001,0.84675,0.49413,4260
60,4,star_sign,ema_lr1e-3,0.001,0.0001,3.09294,0.08192,4260
60,4,star_sign,ema_lr5e-3,0.005,0.0001,2.77269,0.12911,4260
60,4,star_sign,ema_lr1e-2,0.01,0.0001,2.40552,0.2223,4260
60,4,star_sign,ema_lr5e-2,0.05,0.0001,0.86841,0.93099,4260
60,4,star_sign,ema_lr1e-2_wd1e-3,0.01,0.001,2.37653,0.2162,4260
60,4,star_sign,ema_d0.99,0.01,0.0001,2.4452,0.15587,4260
60,4,star_sign,ema_d0.9999,0.01,0.0001,2.43782,0.15211,4260
60,4,star_sign,mlp_h16,0.001,0.0,0.79685,0.99977,4260
60,4,star_sign,mlp_h32,0.001,0.0,0.1212,1.0,4260
60,4,star_sign,mlp_h64,0.001,0.0,0.02844,1.0,4260
60,4,star_sign,mlp_h128,0.001,0.0,0.00814,1.0,4260
60,4,star_sign,attention,0.0001,1e-05,1.31898,1.0,4260
60,4,star_sign,shuffled,0.01,0.0001,2.45562,0.25376,4260
60,6,age_bin,ema_lr1e-3,0.001,0.0001,1.46963,0.36338,4260
60,6,age_bin,ema_lr5e-3,0.005,0.0001,1.30488,0.42136,4260
60,6,age_bin,ema_lr1e-2,0.01,0.0001,1.0547,0.50775,4260
60,6,age_bin,ema_lr5e-2,0.05,0.0001,0.32508,0.97254,4260
60,6,age_bin,ema_lr1e-2_wd1e-3,0.01,0.001,1.09091,0.47864,4260
60,6,age_bin,ema_d0.99,0.01,0.0001,1.08642,0.49484,4260
60,6,age_bin,ema_d0.9999,0.01,0.0001,1.0466,0.49531,4260
60,6,age_bin,mlp_h16,0.001,0.0,0.10452,1.0,4260
60,6,age_bin,mlp_h32,0.001,0.0,0.07041,1.0,4260
60,6,age_bin,mlp_h64,0.001,0.0,0.02835,1.0,4260
60,6,age_bin,mlp_h128,0.001,0.0,0.00983,1.0,4260
60,6,age_bin,attention,0.0001,1e-05,0.00975,1.0,4260
60,6,age_bin,shuffled,0.01,0.0001,1.07815,0.50164,4260
60,6,gender,ema_lr1e-3,0.001,0.0001,1.06555,0.48897,4260
60,6,gender,ema_lr5e-3,0.005,0.0001,0.96982,0.47676,4260
60,6,gender,ema_lr1e-2,0.01,0.0001,0.89125,0.48333,4260
60,6,gender,ema_lr5e-2,0.05,0.0001,0.74249,0.50258,4260
60,6,gender,ema_lr1e-2_wd1e-3,0.01,0.001,0.92043,0.46714,4260
60,6,gender,ema_d0.99,0.01,0.0001,0.79902,0.55235,4260
60,6,gender,ema_d0.9999,0.01,0.0001,0.91551,0.48991,4260
60,6,gender,mlp_h16,0.001,0.0,0.69052,0.52465,4260
60,6,gender,mlp_h32,0.001,0.0,0.69114,0.52606,4260
60,6,gender,mlp_h64,0.001,0.0,0.68973,0.53404,4260
60,6,gender,mlp_h128,0.001,0.0,0.68771,0.54577,4260
60,6,gender,attention,0.0001,1e-05,1.44876,0.53906,4260
60,6,gender,shuffled,0.01,0.0001,0.89205,0.49601,4260
60,6,star_sign,ema_lr1e-3,0.001,0.0001,3.14845,0.10117,4260
60,6,star_sign,ema_lr5e-3,0.005,0.0001,3.01815,0.1115,4260
60,6,star_sign,ema_lr1e-2,0.01,0.0001,2.62621,0.15282,4260
60,6,star_sign,ema_lr5e-2,0.05,0.0001,0.93347,0.87535,4260
60,6,star_sign,ema_lr1e-2_wd1e-3,0.01,0.001,2.53262,0.19648,4260
60,6,star_sign,ema_d0.99,0.01,0.0001,2.54919,0.17183,4260
60,6,star_sign,ema_d0.9999,0.01,0.0001,2.5991,0.14906,4260
60,6,star_sign,mlp_h16,0.001,0.0,1.13834,0.98897,4260
60,6,star_sign,mlp_h32,0.001,0.0,0.39947,1.0,4260
60,6,star_sign,mlp_h64,0.001,0.0,0.08976,1.0,4260
60,6,star_sign,mlp_h128,0.001,0.0,0.01706,1.0,4260
60,6,star_sign,attention,0.0001,1e-05,0.01301,0.99219,4260
60,6,star_sign,shuffled,0.01,0.0001,2.5258,0.17512,4260
61,0,age_bin,ema_lr1e-3,0.001,0.0001,1.58847,0.29055,4051
61,0,age_bin,ema_lr5e-3,0.005,0.0001,1.2944,0.44656,4051
61,0,age_bin,ema_lr1e-2,0.01,0.0001,1.06622,0.57813,4051
61,0,age_bin,ema_lr5e-2,0.05,0.0001,0.30341,0.97457,4051
61,0,age_bin,ema_lr1e-2_wd1e-3,0.01,0.001,1.07918,0.45816,4051
61,0,age_bin,ema_d0.99,0.01,0.0001,1.06691,0.49864,4051
61,0,age_bin,ema_d0.9999,0.01,0.0001,1.07844,0.59862,4051
61,0,age_bin,mlp_h16,0.001,0.0,0.30081,1.0,4051
61,0,age_bin,mlp_h32,0.001,0.0,0.1061,1.0,4051
61,0,age_bin,mlp_h64,0.001,0.0,0.03728,1.0,4051
61,0,age_bin,mlp_h128,0.001,0.0,0.00645,1.0,4051
61,0,age_bin,attention,0.0001,1e-05,0.99215,1.0,4051
61,0,age_bin,shuffled,0.01,0.0001,1.09316,0.57566,4051
61,0,gender,ema_lr1e-3,0.001,0.0001,1.04517,0.4979,4051
61,0,gender,ema_lr5e-3,0.005,0.0001,0.98325,0.50062,4051
61,0,gender,ema_lr1e-2,0.01,0.0001,0.85478,0.50407,4051
61,0,gender,ema_lr5e-2,0.05,0.0001,0.75056,0.49148,4051
61,0,gender,ema_lr1e-2_wd1e-3,0.01,0.001,0.89188,0.50778,4051
61,0,gender,ema_d0.99,0.01,0.0001,0.88675,0.49815,4051
61,0,gender,ema_d0.9999,0.01,0.0001,0.928,0.50062,4051
61,0,gender,mlp_h16,0.001,0.0,0.69311,0.51716,4051
61,0,gender,mlp_h32,0.001,0.0,0.69344,0.51222,4051
61,0,gender,mlp_h64,0.001,0.0,0.69767,0.47914,4051
61,0,gender,mlp_h128,0.001,0.0,0.69772,0.48976,4051
61,0,gender,attention,0.0001,1e-05,0.69347,0.45312,4051
61,0,gender,shuffled,0.01,0.0001,0.87528,0.51222,4051
61,0,star_sign,ema_lr1e-3,0.001,0.0001,3.24139,0.07652,4051
61,0,star_sign,ema_lr5e-3,0.005,0.0001,2.88915,0.13947,4051
61,0,star_sign,ema_lr1e-2,0.01,0.0001,2.58851,0.26932,4051
61,0,star_sign,ema_lr5e-2,0.05,0.0001,0.89871,0.87114,4051
61,0,star_sign,ema_lr1e-2_wd1e-3,0.01,0.001,2.60689,0.18934,4051
61,0,star_sign,ema_d0.99,0.01,0.0001,2.60556,0.21772,4051
61,0,star_sign,ema_d0.9999,0.01,0.0001,2.56952,0.17601,4051
61,0,star_sign,mlp_h16,0.001,0.0,0.85627,0.98963,4051
61,0,star_sign,mlp_h32,0.001,0.0,0.17704,1.0,4051
61,0,star_sign,mlp_h64,0.001,0.0,0.12263,1.0,4051
61,0,star_sign,mlp_h128,0.001,0.0,0.01627,1.0,4051
61,0,star_sign,attention,0.0001,1e-05,2.36179,1.0,4051
61,0,star_sign,shuffled,0.01,0.0001,2.61185,0.10812,4051
61,4,age_bin,ema_lr1e-3,0.001,0.0001,1.38604,0.35942,4051
61,4,age_bin,ema_lr5e-3,0.005,0.0001,1.19506,0.3962,4051
61,4,age_bin,ema_lr1e-2,0.01,0.0001,0.98632,0.52333,4051
61,4,age_bin,ema_lr5e-2,0.05,0.0001,0.30933,0.98223,4051
61,4,age_bin,ema_lr1e-2_wd1e-3,0.01,0.001,0.99681,0.52975,4051
61,4,age_bin,ema_d0.99,0.01,0.0001,0.95503,0.56233,4051
61,4,age_bin,ema_d0.9999,0.01,0.0001,0.98971,0.53641,4051
61,4,age_bin,mlp_h16,0.001,0.0,0.12786,1.0,4051
61,4,age_bin,mlp_h32,0.001,0.0,0.04938,1.0,4051
61,4,age_bin,mlp_h64,0.001,0.0,0.0132,1.0,4051
61,4,age_bin,mlp_h128,0.001,0.0,0.00598,1.0,4051
61,4,age_bin,attention,0.0001,1e-05,0.00164,1.0,4051
61,4,age_bin,shuffled,0.01,0.0001,0.97639,0.53888,4051
61,4,gender,ema_lr1e-3,0.001,0.0001,0.96198,0.52308,4051
61,4,gender,ema_lr5e-3,0.005,0.0001,0.92904,0.49469,4051
61,4,gender,ema_lr1e-2,0.01,0.0001,0.83022,0.5095,4051
61,4,gender,ema_lr5e-2,0.05,0.0001,0.7374,0.50778,4051
61,4,gender,ema_lr1e-2_wd1e-3,0.01,0.001,0.82616,0.51345,4051
61,4,gender,ema_d0.99,0.01,0.0001,0.83277,0.49864,4051
61,4,gender,ema_d0.9999,0.01,0.0001,0.80833,0.51592,4051
61,4,gender,mlp_h16,0.001,0.0,0.6929,0.51642,4051
61,4,gender,mlp_h32,0.001,0.0,0.6945,0.50654,4051
61,4,gender,mlp_h64,0.001,0.0,0.69564,0.50185,4051
61,4,gender,mlp_h128,0.001,0.0,0.69694,0.50086,4051
61,4,gender,attention,0.0001,1e-05,0.71184,0.39844,4051
61,4,gender,shuffled,0.01,0.0001,0.84661,0.49716,4051
61,4,star_sign,ema_lr1e-3,0.001,0.0001,3.08213,0.08294,4051
61,4,star_sign,ema_lr5e-3,0.005,0.0001,2.75863,0.13157,4051
61,4,star_sign,ema_lr1e-2,0.01,0.0001,2.38151,0.23747,4051
61,4,star_sign,ema_lr5e-2,0.05,0.0001,0.83633,0.93705,4051
61,4,star_sign,ema_lr1e-2_wd1e-3,0.01,0.001,2.39879,0.20588,4051
61,4,star_sign,ema_d0.99,0.01,0.0001,2.36402,0.18539,4051
61,4,star_sign,ema_d0.9999,0.01,0.0001,2.42321,0.15675,4051
61,4,star_sign,mlp_h16,0.001,0.0,0.78676,1.0,4051
61,4,star_sign,mlp_h32,0.001,0.0,0.12604,1.0,4051
61,4,star_sign,mlp_h64,0.001,0.0,0.0292,1.0,4051
61,4,star_sign,mlp_h128,0.001,0.0,0.00886,1.0,4051
61,4,star_sign,attention,0.0001,1e-05,1.27439,1.0,4051
61,4,star_sign,shuffled,0.01,0.0001,2.401,0.26265,4051
61,6,age_bin,ema_lr1e-3,0.001,0.0001,1.56979,0.33942,4051
61,6,age_bin,ema_lr5e-3,0.005,0.0001,1.30131,0.42187,4051
61,6,age_bin,ema_lr1e-2,0.01,0.0001,1.11828,0.47149,4051
61,6,age_bin,ema_lr5e-2,0.05,0.0001,0.31137,0.97359,4051
61,6,age_bin,ema_lr1e-2_wd1e-3,0.01,0.001,1.06596,0.49124,4051
61,6,age_bin,ema_d0.99,0.01,0.0001,1.1083,0.48951,4051
61,6,age_bin,ema_d0.9999,0.01,0.0001,0.99746,0.53765,4051
61,6,age_bin,mlp_h16,0.001,0.0,0.0984,1.0,4051
61,6,age_bin,mlp_h32,0.001,0.0,0.06474,1.0,4051
61,6,age_bin,mlp_h64,0.001,0.0,0.02697,1.0,4051
61,6,age_bin,mlp_h128,0.001,0.0,0.00917,1.0,4051
61,6,age_bin,attention,0.0001,1e-05,0.02734,0.98438,4051
61,6,age_bin,shuffled,0.01,0.0001,1.05811,0.50309,4051
61,6,gender,ema_lr1e-3,0.001,0.0001,1.06505,0.4905,4051
61,6,gender,ema_lr5e-3,0.005,0.0001,0.97348,0.4863,4051
61,6,gender,ema_lr1e-2,0.01,0.0001,0.91819,0.47075,4051
61,6,gender,ema_lr5e-2,0.05,0.0001,0.74049,0.4942,4051
61,6,gender,ema_lr1e-2_wd1e-3,0.01,0.001,0.88126,0.5058,4051
61,6,gender,ema_d0.99,0.01,0.0001,0.89234,0.48605,4051
61,6,gender,ema_d0.9999,0.01,0.0001,0.90327,0.49914,4051
61,6,gender,mlp_h16,0.001,0.0,0.69557,0.51098,4051
61,6,gender,mlp_h32,0.001,0.0,0.69336,0.51493,4051
61,6,gender,mlp_h64,0.001,0.0,0.69215,0.51024,4051
61,6,gender,mlp_h128,0.001,0.0,0.69873,0.49494,4051
61,6,gender,attention,0.0001,1e-05,1.3145,0.48438,4051
61,6,gender,shuffled,0.01,0.0001,0.89952,0.49963,4051
61,6,star_sign,ema_lr1e-3,0.001,0.0001,3.15008,0.10195,4051
61,6,star_sign,ema_lr5e-3,0.005,0.0001,2.90112,0.13478,4051
61,6,star_sign,ema_lr1e-2,0.01,0.0001,2.6462,0.14564,4051
61,6,star_sign,ema_lr5e-2,0.05,0.0001,0.94375,0.85584,4051
61,6,star_sign,ema_lr1e-2_wd1e-3,0.01,0.001,2.58616,0.18711,4051
61,6,star_sign,ema_d0.99,0.01,0.0001,2.59067,0.15996,4051
61,6,star_sign,ema_d0.9999,0.01,0.0001,2.52661,0.15971,4051
61,6,star_sign,mlp_h16,0.001,0.0,1.11038,0.99111,4051
61,6,star_sign,mlp_h32,0.001,0.0,0.36549,1.0,4051
61,6,star_sign,mlp_h64,0.001,0.0,0.08039,1.0,4051
61,6,star_sign,mlp_h128,0.001,0.0,0.016,1.0,4051
61,6,star_sign,attention,0.0001,1e-05,0.03201,0.98438,4051
61,6,star_sign,shuffled,0.01,0.0001,2.69401,0.13725,4051
62,0,age_bin,ema_lr1e-3,0.001,0.0001,1.5878,0.26964,3920
62,0,age_bin,ema_lr5e-3,0.005,0.0001,1.32025,0.43291,3920
62,0,age_bin,ema_lr1e-2,0.01,0.0001,1.03458,0.58903,3920
62,0,age_bin,ema_lr5e-2,0.05,0.0001,0.29547,0.97474,3920
62,0,age_bin,ema_lr1e-2_wd1e-3,0.01,0.001,1.01497,0.50408,3920
62,0,age_bin,ema_d0.99,0.01,0.0001,1.05361,0.57423,3920
62,0,age_bin,ema_d0.9999,0.01,0.0001,1.04007,0.60357,3920
62,0,age_bin,mlp_h16,0.001,0.0,0.29026,1.0,3920
62,0,age_bin,mlp_h32,0.001,0.0,0.09863,1.0,3920
62,0,age_bin,mlp_h64,0.001,0.0,0.0352,1.0,3920
62,0,age_bin,mlp_h128,0.001,0.0,0.00623,1.0,3920
62,0,age_bin,attention,0.0001,1e-05,0.98949,1.0,3920
62,0,age_bin,shuffled,0.01,0.0001,1.09573,0.56403,3920
62,0,gender,ema_lr1e-3,0.001,0.0001,1.05045,0.50536,3920
62,0,gender,ema_lr5e-3,0.005,0.0001,1.00009,0.49949,3920
62,0,gender,ema_lr1e-2,0.01,0.0001,0.87948,0.49056,3920
62,0,gender,ema_lr5e-2,0.05,0.0001,0.7417,0.51276,3920
62,0,gender,ema_lr1e-2_wd1e-3,0.01,0.001,0.88285,0.49286,3920
62,0,gender,ema_d0.99,0.01,0.0001,0.90474,0.48418,3920
62,0,gender,ema_d0.9999,0.01,0.0001,0.89837,0.51454,3920
62,0,gender,mlp_h16,0.001,0.0,0.69205,0.5125,3920
62,0,gender,mlp_h32,0.001,0.0,0.69356,0.50408,3920
62,0,gender,mlp_h64,0.001,0.0,0.69426,0.50153,3920
62,0,gender,mlp_h128,0.001,0.0,0.69546,0.50689,3920
62,0,gender,attention,0.0001,1e-05,0.69404,0.42969,3920
62,0,gender,shuffled,0.01,0.0001,0.8913,0.49566,3920
62,0,star_sign,ema_lr1e-3,0.001,0.0001,3.28121,0.07372,3920
62,0,star_sign,ema_lr5e-3,0.005,0.0001,2.87117,0.13776,3920
62,0,star_sign,ema_lr1e-2,0.01,0.0001,2.5971,0.26556,3920
62,0,star_sign,ema_lr5e-2,0.05,0.0001,0.87852,0.88087,3920
62,0,star_sign,ema_lr1e-2_wd1e-3,0.01,0.001,2.58631,0.18036,3920
62,0,star_sign,ema_d0.99,0.01,0.0001,2.59472,0.22551,3920
62,0,star_sign,ema_d0.9999,0.01,0.0001,2.55535,0.18291,3920
62,0,star_sign,mlp_h16,0.001,0.0,0.83357,0.99031,3920
62,0,star_sign,mlp_h32,0.001,0.0,0.16672,1.0,3920
62,0,star_sign,mlp_h64,0.001,0.0,0.11148,1.0,3920
62,0,star_sign,mlp_h128,0.001,0.0,0.01574,1.0,3920
62,0,star_sign,attention,0.0001,1e-05,2.35816,1.0,3920
62,0,star_sign,shuffled,0.01,0.0001,2.58333,0.10663,3920
62,4,age_bin,ema_lr1e-3,0.001,0.0001,1.43787,0.33571,3920
62,4,age_bin,ema_lr5e-3,0.005,0.0001,1.15143,0.40918,3920
62,4,age_bin,ema_lr1e-2,0.01,0.0001,0.95357,0.54388,3920
62,4,age_bin,ema_lr5e-2,0.05,0.0001,0.29518,0.98699,3920
62,4,age_bin,ema_lr1e-2_wd1e-3,0.01,0.001,0.95794,0.55357,3920
62,4,age_bin,ema_d0.99,0.01,0.0001,0.97104,0.54592,3920
62,4,age_bin,ema_d0.9999,0.01,0.0001,0.96353,0.54617,3920
62,4,age_bin,mlp_h16,0.001,0.0,0.11837,1.0,3920
62,4,age_bin,mlp_h32,0.001,0.0,0.04586,1.0,3920
62,4,age_bin,mlp_h64,0.001,0.0,0.01198,1.0,3920
62,4,age_bin,mlp_h128,0.001,0.0,0.00542,1.0,3920
62,4,age_bin,attention,0.0001,1e-05,0.00601,1.0,3920
62,4,age_bin,shuffled,0.01,0.0001,1.00516,0.50816,3920
62,4,gender,ema_lr1e-3,0.001,0.0001,1.01577,0.4824,3920
62,4,gender,ema_lr5e-3,0.005,0.0001,0.89146,0.50459,3920
62,4,gender,ema_lr1e-2,0.01,0.0001,0.82783,0.49286,3920
62,4,gender,ema_lr5e-2,0.05,0.0001,0.73782,0.50893,3920
62,4,gender,ema_lr1e-2_wd1e-3,0.01,0.001,0.81776,0.51556,3920
62,4,gender,ema_d0.99,0.01,0.0001,0.82039,0.5102,3920
62,4,gender,ema_d0.9999,0.01,0.0001,0.82341,0.49439,3920
62,4,gender,mlp_h16,0.001,0.0,0.68902,0.53852,3920
62,4,gender,mlp_h32,0.001,0.0,0.68879,0.53163,3920
62,4,gender,mlp_h64,0.001,0.0,0.69155,0.5324,3920
62,4,gender,mlp_h128,0.001,0.0,0.69268,0.51684,3920
62,4,gender,attention,0.0001,1e-05,0.70201,0.4375,3920
62,4,gender,shuffled,0.01,0.0001,0.8434,0.49566,3920
62,4,star_sign,ema_lr1e-3,0.001,0.0001,3.04064,0.08342,3920
62,4,star_sign,ema_lr5e-3,0.005,0.0001,2.74512,0.12985,3920
62,4,star_sign,ema_lr1e-2,0.01,0.0001,2.30207,0.26735,3920
62,4,star_sign,ema_lr5e-2,0.05,0.0001,0.81357,0.94566,3920
62,4,star_sign,ema_lr1e-2_wd1e-3,0.01,0.001,2.43173,0.18929,3920
62,4,star_sign,ema_d0.99,0.01,0.0001,2.41626,0.17015,3920
62,4,star_sign,ema_d0.9999,0.01,0.0001,2.41443,0.16097,3920
62,4,star_sign,mlp_h16,0.001,0.0,0.73363,0.99949,3920
62,4,star_sign,mlp_h32,0.001,0.0,0.109,1.0,3920
62,4,star_sign,mlp_h64,0.001,0.0,0.02635,1.0,3920
62,4,star_sign,mlp_h128,0.001,0.0,0.0077,1.0,3920
62,4,star_sign,attention,0.0001,1e-05,1.2233,1.0,3920
62,4,star_sign,shuffled,0.01,0.0001,2.39169,0.26199,3920
62,6,age_bin,ema_lr1e-3,0.001,0.0001,1.63736,0.31301,3920
62,6,age_bin,ema_lr5e-3,0.005,0.0001,1.2873,0.41837,3920
62,6,age_bin,ema_lr1e-2,0.01,0.0001,1.06583,0.50995,3920
62,6,age_bin,ema_lr5e-2,0.05,0.0001,0.31426,0.97551,3920
62,6,age_bin,ema_lr1e-2_wd1e-3,0.01,0.001,1.12396,0.46352,3920
62,6,age_bin,ema_d0.99,0.01,0.0001,1.03706,0.52245,3920
62,6,age_bin,ema_d0.9999,0.01,0.0001,0.99084,0.5301,3920
62,6,age_bin,mlp_h16,0.001,0.0,0.09211,1.0,3920
62,6,age_bin,mlp_h32,0.001,0.0,0.06199,1.0,3920
62,6,age_bin,mlp_h64,0.001,0.0,0.02565,1.0,3920
62,6,age_bin,mlp_h128,0.001,0.0,0.0091,1.0,3920
62,6,age_bin,attention,0.0001,1e-05,0.04223,0.97656,3920
62,6,age_bin,shuffled,0.01,0.0001,1.06174,0.48724,3920
62,6,gender,ema_lr1e-3,0.001,0.0001,1.06438,0.49005,3920
62,6,gender,ema_lr5e-3,0.005,0.0001,0.94444,0.48546,3920
62,6,gender,ema_lr1e-2,0.01,0.0001,0.90912,0.47526,3920
62,6,gender,ema_lr5e-2,0.05,0.0001,0.75803,0.48495,3920
62,6,gender,ema_lr1e-2_wd1e-3,0.01,0.001,0.82048,0.5375,3920
62,6,gender,ema_d0.99,0.01,0.0001,0.88398,0.49158,3920
62,6,gender,ema_d0.9999,0.01,0.0001,0.88758,0.50612,3920
62,6,gender,mlp_h16,0.001,0.0,0.69285,0.53036,3920
62,6,gender,mlp_h32,0.001,0.0,0.69391,0.52653,3920
62,6,gender,mlp_h64,0.001,0.0,0.69802,0.51352,3920
62,6,gender,mlp_h128,0.001,0.0,0.7016,0.51403,3920
62,6,gender,attention,0.0001,1e-05,1.42797,0.53906,3920
62,6,gender,shuffled,0.01,0.0001,0.85861,0.49821,3920
62,6,star_sign,ema_lr1e-3,0.001,0.0001,3.10592,0.11582,3920
62,6,star_sign,ema_lr5e-3,0.005,0.0001,2.87496,0.13138,3920
62,6,star_sign,ema_lr1e-2,0.01,0.0001,2.59583,0.15485,3920
62,6,star_sign,ema_lr5e-2,0.05,0.0001,0.86714,0.89515,3920
62,6,star_sign,ema_lr1e-2_wd1e-3,0.01,0.001,2.56336,0.19847,3920
62,6,star_sign,ema_d0.99,0.01,0.0001,2.4648,0.19719,3920
62,6,star_sign,ema_d0.9999,0.01,0.0001,2.57756,0.15026,3920
62,6,star_sign,mlp_h16,0.001,0.0,1.08798,0.99133,3920
62,6,star_sign,mlp_h32,0.001,0.0,0.3483,1.0,3920
62,6,star_sign,mlp_h64,0.001,0.0,0.07772,1.0,3920
62,6,star_sign,mlp_h128,0.001,0.0,0.01618,1.0,3920
62,6,star_sign,attention,0.0001,1e-05,0.00064,1.0,3920
62,6,star_sign,shuffled,0.01,0.0001,2.65242,0.15816,3920
63,0,age_bin,ema_lr1e-3,0.001,0.0001,1.58162,0.28575,3867
63,0,age_bin,ema_lr5e-3,0.005,0.0001,1.24086,0.45824,3867
63,0,age_bin,ema_lr1e-2,0.01,0.0001,1.04022,0.59736,3867
63,0,age_bin,ema_lr5e-2,0.05,0.0001,0.29314,0.97983,3867
63,0,age_bin,ema_lr1e-2_wd1e-3,0.01,0.001,1.03291,0.49547,3867
63,0,age_bin,ema_d0.99,0.01,0.0001,1.06503,0.56452,3867
63,0,age_bin,ema_d0.9999,0.01,0.0001,1.05887,0.60745,3867
63,0,age_bin,mlp_h16,0.001,0.0,0.27386,1.0,3867
63,0,age_bin,mlp_h32,0.001,0.0,0.09468,1.0,3867
63,0,age_bin,mlp_h64,0.001,0.0,0.03391,1.0,3867
63,0,age_bin,mlp_h128,0.001,0.0,0.00623,1.0,3867
63,0,age_bin,attention,0.0001,1e-05,0.98804,1.0,3867
63,0,age_bin,shuffled,0.01,0.0001,1.08308,0.57642,3867
63,0,gender,ema_lr1e-3,0.001,0.0001,1.05957,0.49728,3867
63,0,gender,ema_lr5e-3,0.005,0.0001,0.95924,0.50685,3867
63,0,gender,ema_lr1e-2,0.01,0.0001,0.85625,0.50142,3867
63,0,gender,ema_lr5e-2,0.05,0.0001,0.74027,0.49935,3867
63,0,gender,ema_lr1e-2_wd1e-3,0.01,0.001,0.8556,0.50608,3867
63,0,gender,ema_d0.99,0.01,0.0001,0.87285,0.50349,3867
63,0,gender,ema_d0.9999,0.01,0.0001,0.89725,0.50892,3867
63,0,gender,mlp_h16,0.001,0.0,0.69416,0.5084,3867
63,0,gender,mlp_h32,0.001,0.0,0.69421,0.50349,3867
63,0,gender,mlp_h64,0.001,0.0,0.69592,0.50246,3867
63,0,gender,mlp_h128,0.001,0.0,0.69588,0.50866,3867
63,0,gender,attention,0.0001,1e-05,0.69334,0.46875,3867
63,0,gender,shuffled,0.01,0.0001,0.8923,0.50815,3867
63,0,star_sign,ema_lr1e-3,0.001,0.0001,3.2178,0.08198,3867
63,0,star_sign,ema_lr5e-3,0.005,0.0001,2.84727,0.13938,3867
63,0,star_sign,ema_lr1e-2,0.01,0.0001,2.61187,0.26377,3867
63,0,star_sign,ema_lr5e-2,0.05,0.0001,0.87489,0.88156,3867
63,0,star_sign,ema_lr1e-2_wd1e-3,0.01,0.001,2.56738,0.17921,3867
63,0,star_sign,ema_d0.99,0.01,0.0001,2.61375,0.22783,3867
63,0,star_sign,ema_d0.9999,0.01,0.0001,2.55666,0.18542,3867
63,0,star_sign,mlp_h16,0.001,0.0,0.80352,0.99224,3867
63,0,star_sign,mlp_h32,0.001,0.0,0.15572,1.0,3867
63,0,star_sign,mlp_h64,0.001,0.0,0.10472,1.0,3867
63,0,star_sign,mlp_h128,0.001,0.0,0.01589,1.0,3867
63,0,star_sign,attention,0.0001,1e-05,2.35495,1.0,3867
63,0,star_sign,shuffled,0.01,0.0001,2.54569,0.11766,3867
63,4,age_bin,ema_lr1e-3,0.001,0.0001,1.40646,0.33902,3867
63,4,age_bin,ema_lr5e-3,0.005,0.0001,1.16221,0.41091,3867
63,4,age_bin,ema_lr1e-2,0.01,0.0001,0.9457,0.53659,3867
63,4,age_bin,ema_lr5e-2,0.05,0.0001,0.2934,0.98681,3867
63,4,age_bin,ema_lr1e-2_wd1e-3,0.01,0.001,0.94952,0.5609,3867
63,4,age_bin,ema_d0.99,0.01,0.0001,0.96426,0.55495,3867
63,4,age_bin,ema_d0.9999,0.01,0.0001,0.96608,0.5503,3867
63,4,age_bin,mlp_h16,0.001,0.0,0.11531,1.0,3867
63,4,age_bin,mlp_h32,0.001,0.0,0.04436,1.0,3867
63,4,age_bin,mlp_h64,0.001,0.0,0.01176,1.0,3867
63,4,age_bin,mlp_h128,0.001,0.0,0.00546,1.0,3867
63,4,age_bin,attention,0.0001,1e-05,0.00398,1.0,3867
63,4,age_bin,shuffled,0.01,0.0001,0.94615,0.54978,3867
63,4,gender,ema_lr1e-3,0.001,0.0001,1.01029,0.48642,3867
63,4,gender,ema_lr5e-3,0.005,0.0001,0.91047,0.50194,3867
63,4,gender,ema_lr1e-2,0.01,0.0001,0.84884,0.50789,3867
63,4,gender,ema_lr5e-2,0.05,0.0001,0.73226,0.51021,3867
63,4,gender,ema_lr1e-2_wd1e-3,0.01,0.001,0.84405,0.49444,3867
63,4,gender,ema_d0.99,0.01,0.0001,0.84867,0.48384,3867
63,4,gender,ema_d0.9999,0.01,0.0001,0.8199,0.50116,3867
63,4,gender,mlp_h16,0.001,0.0,0.69149,0.51952,3867
63,4,gender,mlp_h32,0.001,0.0,0.69233,0.51487,3867
63,4,gender,mlp_h64,0.001,0.0,0.6917,0.51875,3867
63,4,gender,mlp_h128,0.001,0.0,0.69245,0.51409,3867
63,4,gender,attention,0.0001,1e-05,0.69471,0.47656,3867
63,4,gender,shuffled,0.01,0.0001,0.84098,0.49341,3867
63,4,star_sign,ema_lr1e-3,0.001,0.0001,3.02275,0.09542,3867
63,4,star_sign,ema_lr5e-3,0.005,0.0001,2.76998,0.12361,3867
63,4,star_sign,ema_lr1e-2,0.01,0.0001,2.33844,0.26093,3867
63,4,star_sign,ema_lr5e-2,0.05,0.0001,0.7991,0.95216,3867
63,4,star_sign,ema_lr1e-2_wd1e-3,0.01,0.001,2.41155,0.19628,3867
63,4,star_sign,ema_d0.99,0.01,0.0001,2.37954,0.17378,3867
63,4,star_sign,ema_d0.9999,0.01,0.0001,2.39134,0.16162,3867
63,4,star_sign,mlp_h16,0.001,0.0,0.71192,1.0,3867
63,4,star_sign,mlp_h32,0.001,0.0,0.10269,1.0,3867
63,4,star_sign,mlp_h64,0.001,0.0,0.02511,1.0,3867
63,4,star_sign,mlp_h128,0.001,0.0,0.00777,1.0,3867
63,4,star_sign,attention,0.0001,1e-05,1.17659,1.0,3867
63,4,star_sign,shuffled,0.01,0.0001,2.4161,0.26118,3867
63,6,age_bin,ema_lr1e-3,0.001,0.0001,1.61624,0.30773,3867
63,6,age_bin,ema_lr5e-3,0.005,0.0001,1.23958,0.44531,3867
63,6,age_bin,ema_lr1e-2,0.01,0.0001,1.04157,0.5203,3867
63,6,age_bin,ema_lr5e-2,0.05,0.0001,0.31079,0.97336,3867
63,6,age_bin,ema_lr1e-2_wd1e-3,0.01,0.001,1.07559,0.49211,3867
63,6,age_bin,ema_d0.99,0.01,0.0001,1.06663,0.51125,3867
63,6,age_bin,ema_d0.9999,0.01,0.0001,1.01111,0.52082,3867
63,6,age_bin,mlp_h16,0.001,0.0,0.09056,1.0,3867
63,6,age_bin,mlp_h32,0.001,0.0,0.05845,1.0,3867
63,6,age_bin,mlp_h64,0.001,0.0,0.02399,1.0,3867
63,6,age_bin,mlp_h128,0.001,0.0,0.00848,1.0,3867
63,6,age_bin,attention,0.0001,1e-05,0.047,0.99219,3867
63,6,age_bin,shuffled,0.01,0.0001,1.0215,0.50815,3867
63,6,gender,ema_lr1e-3,0.001,0.0001,1.0697,0.4916,3867
63,6,gender,ema_lr5e-3,0.005,0.0001,0.93245,0.49237,3867
63,6,gender,ema_lr1e-2,0.01,0.0001,0.85718,0.50582,3867
63,6,gender,ema_lr5e-2,0.05,0.0001,0.71768,0.53064,3867
63,6,gender,ema_lr1e-2_wd1e-3,0.01,0.001,0.89473,0.48513,3867
63,6,gender,ema_d0.99,0.01,0.0001,0.87376,0.50608,3867
63,6,gender,ema_d0.9999,0.01,0.0001,0.94515,0.4797,3867
63,6,gender,mlp_h16,0.001,0.0,0.69522,0.51073,3867
63,6,gender,mlp_h32,0.001,0.0,0.69315,0.51823,3867
63,6,gender,mlp_h64,0.001,0.0,0.69044,0.52832,3867
63,6,gender,mlp_h128,0.001,0.0,0.69385,0.51927,3867
63,6,gender,attention,0.0001,1e-05,1.38683,0.5,3867
63,6,gender,shuffled,0.01,0.0001,0.86511,0.49004,3867
63,6,star_sign,ema_lr1e-3,0.001,0.0001,3.18936,0.10318,3867
63,6,star_sign,ema_lr5e-3,0.005,0.0001,2.95135,0.1187,3867
63,6,star_sign,ema_lr1e-2,0.01,0.0001,2.62428,0.14818,3867
63,6,star_sign,ema_lr5e-2,0.05,0.0001,0.85568,0.90794,3867
63,6,star_sign,ema_lr1e-2_wd1e-3,0.01,0.001,2.56814,0.18878,3867
63,6,star_sign,ema_d0.99,0.01,0.0001,2.51268,0.18516,3867
63,6,star_sign,ema_d0.9999,0.01,0.0001,2.58242,0.13887,3867
63,6,star_sign,mlp_h16,0.001,0.0,1.06193,0.99379,3867
63,6,star_sign,mlp_h32,0.001,0.0,0.32706,1.0,3867
63,6,star_sign,mlp_h64,0.001,0.0,0.06991,1.0,3867
63,6,star_sign,mlp_h128,0.001,0.0,0.01509,1.0,3867
63,6,star_sign,attention,0.0001,1e-05,0.0119,0.99219,3867
63,6,star_sign,shuffled,0.01,0.0001,2.60495,0.15904,3867
64,0,age_bin,ema_lr1e-3,0.001,0.0001,1.56701,0.28791,3911
64,0,age_bin,ema_lr5e-3,0.005,0.0001,1.26909,0.43979,3911
64,0,age_bin,ema_lr1e-2,0.01,0.0001,1.02303,0.58374,3911
64,0,age_bin,ema_lr5e-2,0.05,0.0001,0.28582,0.9821,3911
64,0,age_bin,ema_lr1e-2_wd1e-3,0.01,0.001,1.04747,0.48376,3911
64,0,age_bin,ema_d0.99,0.01,0.0001,1.05622,0.56354,3911
64,0,age_bin,ema_d0.9999,0.01,0.0001,1.03754,0.60803,3911
64,0,age_bin,mlp_h16,0.001,0.0,0.2678,1.0,3911
64,0,age_bin,mlp_h32,0.001,0.0,0.09228,1.0,3911
64,0,age_bin,mlp_h64,0.001,0.0,0.03306,1.0,3911
64,0,age_bin,mlp_h128,0.001,0.0,0.00613,1.0,3911
64,0,age_bin,attention,0.0001,1e-05,0.98803,1.0,3911
64,0,age_bin,shuffled,0.01,0.0001,1.09371,0.5597,3911
64,0,gender,ema_lr1e-3,0.001,0.0001,1.05148,0.49322,3911
64,0,gender,ema_lr5e-3,0.005,0.0001,0.99651,0.51112,3911
64,0,gender,ema_lr1e-2,0.01,0.0001,0.89695,0.47354,3911
64,0,gender,ema_lr5e-2,0.05,0.0001,0.73811,0.49271,3911
64,0,gender,ema_lr1e-2_wd1e-3,0.01,0.001,0.85741,0.52595,3911
64,0,gender,ema_d0.99,0.01,0.0001,0.88124,0.48658,3911
64,0,gender,ema_d0.9999,0.01,0.0001,0.91289,0.51394,3911
64,0,gender,mlp_h16,0.001,0.0,0.69271,0.4968,3911
64,0,gender,mlp_h32,0.001,0.0,0.69353,0.49271,3911
64,0,gender,mlp_h64,0.001,0.0,0.69959,0.46714,3911
64,0,gender,mlp_h128,0.001,0.0,0.69967,0.48734,3911
64,0,gender,attention,0.0001,1e-05,0.69432,0.39844,3911
64,0,gender,shuffled,0.01,0.0001,0.88335,0.50601,3911
64,0,star_sign,ema_lr1e-3,0.001,0.0001,3.22494,0.08642,3911
64,0,star_sign,ema_lr5e-3,0.005,0.0001,2.8712,0.14088,3911
64,0,star_sign,ema_lr1e-2,0.01,0.0001,2.59992,0.27308,3911
64,0,star_sign,ema_lr5e-2,0.05,0.0001,0.83716,0.90156,3911
64,0,star_sign,ema_lr1e-2_wd1e-3,0.01,0.001,2.54776,0.1864,3911
64,0,star_sign,ema_d0.99,0.01,0.0001,2.58663,0.22373,3911
64,0,star_sign,ema_d0.9999,0.01,0.0001,2.54407,0.17975,3911
64,0,star_sign,mlp_h16,0.001,0.0,0.78485,0.9931,3911
64,0,star_sign,mlp_h32,0.001,0.0,0.15202,1.0,3911
64,0,star_sign,mlp_h64,0.001,0.0,0.10209,1.0,3911
64,0,star_sign,mlp_h128,0.001,0.0,0.01499,1.0,3911
64,0,star_sign,attention,0.0001,1e-05,2.35552,1.0,3911
64,0,star_sign,shuffled,0.01,0.0001,2.55478,0.10892,3911
64,4,age_bin,ema_lr1e-3,0.001,0.0001,1.4218,0.33956,3911
64,4,age_bin,ema_lr5e-3,0.005,0.0001,1.17718,0.40143,3911
64,4,age_bin,ema_lr1e-2,0.01,0.0001,0.91169,0.56814,3911
64,4,age_bin,ema_lr5e-2,0.05,0.0001,0.28363,0.99054,3911
64,4,age_bin,ema_lr1e-2_wd1e-3,0.01,0.001,0.95554,0.56124,3911
64,4,age_bin,ema_d0.99,0.01,0.0001,0.96093,0.55433,3911
64,4,age_bin,ema_d0.9999,0.01,0.0001,0.96688,0.54692,3911
64,4,age_bin,mlp_h16,0.001,0.0,0.10961,1.0,3911
64,4,age_bin,mlp_h32,0.001,0.0,0.04217,1.0,3911
64,4,age_bin,mlp_h64,0.001,0.0,0.01163,1.0,3911
64,4,age_bin,mlp_h128,0.001,0.0,0.00542,1.0,3911
64,4,age_bin,attention,0.0001,1e-05,0.00429,1.0,3911
64,4,age_bin,shuffled,0.01,0.0001,0.94444,0.54078,3911
64,4,gender,ema_lr1e-3,0.001,0.0001,1.01969,0.50575,3911
64,4,gender,ema_lr5e-3,0.005,0.0001,0.93247,0.47763,3911
64,4,gender,ema_lr1e-2,0.01,0.0001,0.85558,0.48044,3911
64,4,gender,ema_lr5e-2,0.05,0.0001,0.73662,0.49425,3911
64,4,gender,ema_lr1e-2_wd1e-3,0.01,0.001,0.81413,0.50933,3911
64,4,gender,ema_d0.99,0.01,0.0001,0.79137,0.52877,3911
64,4,gender,ema_d0.9999,0.01,0.0001,0.82536,0.50959,3911
64,4,gender,mlp_h16,0.001,0.0,0.69072,0.51521,3911
64,4,gender,mlp_h32,0.001,0.0,0.68891,0.52774,3911
64,4,gender,mlp_h64,0.001,0.0,0.69528,0.49808,3911
64,4,gender,mlp_h128,0.001,0.0,0.69545,0.50294,3911
64,4,gender,attention,0.0001,1e-05,0.7018,0.46875,3911
64,4,gender,shuffled,0.01,0.0001,0.85411,0.4807,3911
64,4,star_sign,ema_lr1e-3,0.001,0.0001,3.0919,0.08029,3911
64,4,star_sign,ema_lr5e-3,0.005,0.0001,2.73647,0.13909,3911
64,4,star_sign,ema_lr1e-2,0.01,0.0001,2.38284,0.236,3911
64,4,star_sign,ema_lr5e-2,0.05,0.0001,0.7737,0.95577,3911
64,4,star_sign,ema_lr1e-2_wd1e-3,0.01,0.001,2.3138,0.22219,3911
64,4,star_sign,ema_d0.99,0.01,0.0001,2.38234,0.1662,3911
64,4,star_sign,ema_d0.9999,0.01,0.0001,2.34861,0.18052,3911
64,4,star_sign,mlp_h16,0.001,0.0,0.65921,1.0,3911
64,4,star_sign,mlp_h32,0.001,0.0,0.10085,1.0,3911
64,4,star_sign,mlp_h64,0.001,0.0,0.02464,1.0,3911
64,4,star_sign,mlp_h128,0.001,0.0,0.00773,1.0,3911
64,4,star_sign,attention,0.0001,1e-05,1.12414,1.0,3911
64,4,star_sign,shuffled,0.01,0.0001,2.40588,0.2764,3911
64,6,age_bin,ema_lr1e-3,0.001,0.0001,1.56997,0.33777,3911
64,6,age_bin,ema_lr5e-3,0.005,0.0001,1.3292,0.40578,3911
64,6,age_bin,ema_lr1e-2,0.01,0.0001,1.02395,0.52186,3911
64,6,age_bin,ema_lr5e-2,0.05,0.0001,0.29398,0.97954,3911
64,6,age_bin,ema_lr1e-2_wd1e-3,0.01,0.001,1.0339,0.50805,3911
64,6,age_bin,ema_d0.99,0.01,0.0001,1.04962,0.50959,3911
64,6,age_bin,ema_d0.9999,0.01,0.0001,0.9841,0.53618,3911
64,6,age_bin,mlp_h16,0.001,0.0,0.08761,1.0,3911
64,6,age_bin,mlp_h32,0.001,0.0,0.05837,1.0,3911
64,6,age_bin,mlp_h64,0.001,0.0,0.02356,1.0,3911
64,6,age_bin,mlp_h128,0.001,0.0,0.00842,1.0,3911
64,6,age_bin,attention,0.0001,1e-05,0.00325,1.0,3911
64,6,age_bin,shuffled,0.01,0.0001,1.04838,0.49757,3911
64,6,gender,ema_lr1e-3,0.001,0.0001,1.11622,0.4651,3911
64,6,gender,ema_lr5e-3,0.005,0.0001,0.89776,0.52698,3911
64,6,gender,ema_lr1e-2,0.01,0.0001,0.89069,0.48939,3911
64,6,gender,ema_lr5e-2,0.05,0.0001,0.73071,0.50371,3911
64,6,gender,ema_lr1e-2_wd1e-3,0.01,0.001,0.88093,0.50166,3911
64,6,gender,ema_d0.99,0.01,0.0001,0.851,0.51419,3911
64,6,gender,ema_d0.9999,0.01,0.0001,0.86878,0.52058,3911
64,6,gender,mlp_h16,0.001,0.0,0.68718,0.53439,3911
64,6,gender,mlp_h32,0.001,0.0,0.68843,0.52877,3911
64,6,gender,mlp_h64,0.001,0.0,0.6896,0.53209,3911
64,6,gender,mlp_h128,0.001,0.0,0.68862,0.53234,3911
64,6,gender,attention,0.0001,1e-05,1.40605,0.53125,3911
64,6,gender,shuffled,0.01,0.0001,0.86742,0.49808,3911
64,6,star_sign,ema_lr1e-3,0.001,0.0001,3.17806,0.1056,3911
64,6,star_sign,ema_lr5e-3,0.005,0.0001,2.83772,0.14293,3911
64,6,star_sign,ema_lr1e-2,0.01,0.0001,2.57459,0.15623,3911
64,6,star_sign,ema_lr5e-2,0.05,0.0001,0.85147,0.89721,3911
64,6,star_sign,ema_lr1e-2_wd1e-3,0.01,0.001,2.54,0.19765,3911
64,6,star_sign,ema_d0.99,0.01,0.0001,2.55693,0.17208,3911
64,6,star_sign,ema_d0.9999,0.01,0.0001,2.50149,0.16364,3911
64,6,star_sign,mlp_h16,0.001,0.0,1.02583,0.99284,3911
64,6,star_sign,mlp_h32,0.001,0.0,0.31396,1.0,3911
64,6,star_sign,mlp_h64,0.001,0.0,0.06883,1.0,3911
64,6,star_sign,mlp_h128,0.001,0.0,0.01473,1.0,3911
64,6,star_sign,attention,0.0001,1e-05,0.08523,0.98438,3911
64,6,star_sign,shuffled,0.01,0.0001,2.54905,0.17336,3911
65,0,age_bin,ema_lr1e-3,0.001,0.0001,1.55257,0.30322,3908
65,0,age_bin,ema_lr5e-3,0.005,0.0001,1.28207,0.4455,3908
65,0,age_bin,ema_lr1e-2,0.01,0.0001,1.039,0.60645,3908
65,0,age_bin,ema_lr5e-2,0.05,0.0001,0.28415,0.97697,3908
65,0,age_bin,ema_lr1e-2_wd1e-3,0.01,0.001,1.02458,0.51663,3908
65,0,age_bin,ema_d0.99,0.01,0.0001,1.05038,0.57779,3908
65,0,age_bin,ema_d0.9999,0.01,0.0001,1.07952,0.60415,3908
65,0,age_bin,mlp_h16,0.001,0.0,0.25795,1.0,3908
65,0,age_bin,mlp_h32,0.001,0.0,0.08832,1.0,3908
65,0,age_bin,mlp_h64,0.001,0.0,0.03152,1.0,3908
65,0,age_bin,mlp_h128,0.001,0.0,0.00584,1.0,3908
65,0,age_bin,attention,0.0001,1e-05,0.98544,1.0,3908
65,0,age_bin,shuffled,0.01,0.0001,1.06443,0.57728,3908
65,0,gender,ema_lr1e-3,0.001,0.0001,1.05729,0.4977,3908
65,0,gender,ema_lr5e-3,0.005,0.0001,0.97514,0.48746,3908
65,0,gender,ema_lr1e-2,0.01,0.0001,0.88371,0.5,3908
65,0,gender,ema_lr5e-2,0.05,0.0001,0.75667,0.49488,3908
65,0,gender,ema_lr1e-2_wd1e-3,0.01,0.001,0.86403,0.49821,3908
65,0,gender,ema_d0.99,0.01,0.0001,0.88048,0.50537,3908
65,0,gender,ema_d0.9999,0.01,0.0001,0.86624,0.51638,3908
65,0,gender,mlp_h16,0.001,0.0,0.69569,0.49207,3908
65,0,gender,mlp_h32,0.001,0.0,0.69536,0.49028,3908
65,0,gender,mlp_h64,0.001,0.0,0.69373,0.50819,3908
65,0,gender,mlp_h128,0.001,0.0,0.69707,0.48541,3908
65,0,gender,attention,0.0001,1e-05,0.69246,0.53125,3908
65,0,gender,shuffled,0.01,0.0001,0.89729,0.51024,3908
65,0,star_sign,ema_lr1e-3,0.001,0.0001,3.25348,0.0806,3908
65,0,star_sign,ema_lr5e-3,0.005,0.0001,2.87329,0.14637,3908
65,0,star_sign,ema_lr1e-2,0.01,0.0001,2.53761,0.27277,3908
65,0,star_sign,ema_lr5e-2,0.05,0.0001,0.82073,0.89816,3908
65,0,star_sign,ema_lr1e-2_wd1e-3,0.01,0.001,2.55363,0.19038,3908
65,0,star_sign,ema_d0.99,0.01,0.0001,2.51732,0.22799,3908
65,0,star_sign,ema_d0.9999,0.01,0.0001,2.54247,0.19678,3908
65,0,star_sign,mlp_h16,0.001,0.0,0.75293,0.99488,3908
65,0,star_sign,mlp_h32,0.001,0.0,0.14354,1.0,3908
65,0,star_sign,mlp_h64,0.001,0.0,0.09337,1.0,3908
65,0,star_sign,mlp_h128,0.001,0.0,0.01426,1.0,3908
65,0,star_sign,attention,0.0001,1e-05,2.35277,1.0,3908
65,0,star_sign,shuffled,0.01,0.0001,2.54533,0.11285,3908
65,4,age_bin,ema_lr1e-3,0.001,0.0001,1.39246,0.34775,3908
65,4,age_bin,ema_lr5e-3,0.005,0.0001,1.14402,0.41249,3908
65,4,age_bin,ema_lr1e-2,0.01,0.0001,0.9503,0.53378,3908
65,4,age_bin,ema_lr5e-2,0.05,0.0001,0.28231,0.98797,3908
65,4,age_bin,ema_lr1e-2_wd1e-3,0.01,0.001,0.96282,0.54376,3908
65,4,age_bin,ema_d0.99,0.01,0.0001,0.95861,0.56627,3908
65,4,age_bin,ema_d0.9999,0.01,0.0001,0.97742,0.53685,3908
65,4,age_bin,mlp_h16,0.001,0.0,0.10483,1.0,3908
65,4,age_bin,mlp_h32,0.001,0.0,0.03976,1.0,3908
65,4,age_bin,mlp_h64,0.001,0.0,0.011,1.0,3908
65,4,age_bin,mlp_h128,0.001,0.0,0.00512,1.0,3908
65,4,age_bin,attention,0.0001,1e-05,0.00386,1.0,3908
65,4,age_bin,shuffled,0.01,0.0001,0.95401,0.53864,3908
65,4,gender,ema_lr1e-3,0.001,0.0001,1.03837,0.47518,3908
65,4,gender,ema_lr5e-3,0.005,0.0001,0.89253,0.51228,3908
65,4,gender,ema_lr1e-2,0.01,0.0001,0.83142,0.49411,3908
65,4,gender,ema_lr5e-2,0.05,0.0001,0.73436,0.50077,3908
65,4,gender,ema_lr1e-2_wd1e-3,0.01,0.001,0.80248,0.51842,3908
65,4,gender,ema_d0.99,0.01,0.0001,0.7953,0.51638,3908
65,4,gender,ema_d0.9999,0.01,0.0001,0.7963,0.51151,3908
65,4,gender,mlp_h16,0.001,0.0,0.6934,0.5151,3908
65,4,gender,mlp_h32,0.001,0.0,0.69562,0.50947,3908
65,4,gender,mlp_h64,0.001,0.0,0.6943,0.51356,3908
65,4,gender,mlp_h128,0.001,0.0,0.69544,0.51459,3908
65,4,gender,attention,0.0001,1e-05,0.69836,0.46094,3908
65,4,gender,shuffled,0.01,0.0001,0.84167,0.4913,3908
65,4,star_sign,ema_lr1e-3,0.001,0.0001,3.06251,0.08802,3908
65,4,star_sign,ema_lr5e-3,0.005,0.0001,2.82606,0.10926,3908
65,4,star_sign,ema_lr1e-2,0.01,0.0001,2.28443,0.26663,3908
65,4,star_sign,ema_lr5e-2,0.05,0.0001,0.77769,0.95778,3908
65,4,star_sign,ema_lr1e-2_wd1e-3,0.01,0.001,2.33587,0.23695,3908
65,4,star_sign,ema_d0.99,0.01,0.0001,2.4182,0.15686,3908
65,4,star_sign,ema_d0.9999,0.01,0.0001,2.39004,0.17323,3908
65,4,star_sign,mlp_h16,0.001,0.0,0.64058,1.0,3908
65,4,star_sign,mlp_h32,0.001,0.0,0.09265,1.0,3908
65,4,star_sign,mlp_h64,0.001,0.0,0.023,1.0,3908
65,4,star_sign,mlp_h128,0.001,0.0,0.00714,1.0,3908
65,4,star_sign,attention,0.0001,1e-05,1.07168,1.0,3908
65,4,star_sign,shuffled,0.01,0.0001,2.41528,0.2651,3908
65,6,age_bin,ema_lr1e-3,0.001,0.0001,1.4907,0.36259,3908
65,6,age_bin,ema_lr5e-3,0.005,0.0001,1.32646,0.40839,3908
65,6,age_bin,ema_lr1e-2,0.01,0.0001,1.04173,0.51356,3908
65,6,age_bin,ema_lr5e-2,0.05,0.0001,0.29003,0.98311,3908
65,6,age_bin,ema_lr1e-2_wd1e-3,0.01,0.001,1.01485,0.52021,3908
65,6,age_bin,ema_d0.99,0.01,0.0001,1.09768,0.49258,3908
65,6,age_bin,ema_d0.9999,0.01,0.0001,0.9944,0.53582,3908
65,6,age_bin,mlp_h16,0.001,0.0,0.0831,1.0,3908
65,6,age_bin,mlp_h32,0.001,0.0,0.05436,1.0,3908
65,6,age_bin,mlp_h64,0.001,0.0,0.02283,1.0,3908
65,6,age_bin,mlp_h128,0.001,0.0,0.00832,1.0,3908
65,6,age_bin,attention,0.0001,1e-05,0.00315,1.0,3908
65,6,age_bin,shuffled,0.01,0.0001,1.05151,0.50051,3908
65,6,gender,ema_lr1e-3,0.001,0.0001,1.08542,0.47774,3908
65,6,gender,ema_lr5e-3,0.005,0.0001,0.922,0.50947,3908
65,6,gender,ema_lr1e-2,0.01,0.0001,0.86144,0.50333,3908
65,6,gender,ema_lr5e-2,0.05,0.0001,0.73285,0.5064,3908
65,6,gender,ema_lr1e-2_wd1e-3,0.01,0.001,0.84143,0.50998,3908
65,6,gender,ema_d0.99,0.01,0.0001,0.86703,0.5023,3908
65,6,gender,ema_d0.9999,0.01,0.0001,0.88982,0.51075,3908
65,6,gender,mlp_h16,0.001,0.0,0.68746,0.52712,3908
65,6,gender,mlp_h32,0.001,0.0,0.68186,0.56627,3908
65,6,gender,mlp_h64,0.001,0.0,0.68787,0.54299,3908
65,6,gender,mlp_h128,0.001,0.0,0.68964,0.53327,3908
65,6,gender,attention,0.0001,1e-05,1.29417,0.52344,3908
65,6,gender,shuffled,0.01,0.0001,0.87399,0.48951,3908
65,6,star_sign,ema_lr1e-3,0.001,0.0001,3.34463,0.08777,3908
65,6,star_sign,ema_lr5e-3,0.005,0.0001,2.91626,0.1346,3908
65,6,star_sign,ema_lr1e-2,0.01,0.0001,2.52867,0.16991,3908
65,6,star_sign,ema_lr5e-2,0.05,0.0001,0.82367,0.91786,3908
65,6,star_sign,ema_lr1e-2_wd1e-3,0.01,0.001,2.47467,0.21111,3908
65,6,star_sign,ema_d0.99,0.01,0.0001,2.47073,0.19857,3908
65,6,star_sign,ema_d0.9999,0.01,0.0001,2.58937,0.1543,3908
65,6,star_sign,mlp_h16,0.001,0.0,0.99143,0.99386,3908
65,6,star_sign,mlp_h32,0.001,0.0,0.29579,1.0,3908
65,6,star_sign,mlp_h64,0.001,0.0,0.06349,1.0,3908
65,6,star_sign,mlp_h128,0.001,0.0,0.01389,1.0,3908
65,6,star_sign,attention,0.0001,1e-05,0.00121,1.0,3908
65,6,star_sign,shuffled,0.01,0.0001,2.58955,0.17247,3908
66,0,age_bin,ema_lr1e-3,0.001,0.0001,1.55119,0.29875,4174
66,0,age_bin,ema_lr5e-3,0.005,0.0001,1.27087,0.47532,4174
66,0,age_bin,ema_lr1e-2,0.01,0.0001,1.01225,0.63201,4174
66,0,age_bin,ema_lr5e-2,0.05,0.0001,0.27426,0.98323,4174
66,0,age_bin,ema_lr1e-2_wd1e-3,0.01,0.001,1.02449,0.52036,4174
66,0,age_bin,ema_d0.99,0.01,0.0001,1.05163,0.57595,4174
66,0,age_bin,ema_d0.9999,0.01,0.0001,1.02966,0.62482,4174
66,0,age_bin,mlp_h16,0.001,0.0,0.24755,1.0,4174
66,0,age_bin,mlp_h32,0.001,0.0,0.08325,1.0,4174
66,0,age_bin,mlp_h64,0.001,0.0,0.02994,1.0,4174
66,0,age_bin,mlp_h128,0.001,0.0,0.00559,1.0,4174
66,0,age_bin,attention,0.0001,1e-05,0.98411,1.0,4174
66,0,age_bin,shuffled,0.01,0.0001,1.05499,0.59104,4174
66,0,gender,ema_lr1e-3,0.001,0.0001,1.0893,0.4885,4174
66,0,gender,ema_lr5e-3,0.005,0.0001,0.97729,0.50551,4174
66,0,gender,ema_lr1e-2,0.01,0.0001,0.85284,0.50264,4174
66,0,gender,ema_lr5e-2,0.05,0.0001,0.74404,0.49353,4174
66,0,gender,ema_lr1e-2_wd1e-3,0.01,0.001,0.8744,0.49641,4174
66,0,gender,ema_d0.99,0.01,0.0001,0.884,0.50455,4174
66,0,gender,ema_d0.9999,0.01,0.0001,0.92497,0.50048,4174
66,0,gender,mlp_h16,0.001,0.0,0.6931,0.50575,4174
66,0,gender,mlp_h32,0.001,0.0,0.69398,0.50791,4174
66,0,gender,mlp_h64,0.001,0.0,0.6935,0.51629,4174
66,0,gender,mlp_h128,0.001,0.0,0.69442,0.50695,4174
66,0,gender,attention,0.0001,1e-05,0.69366,0.47656,4174
66,0,gender,shuffled,0.01,0.0001,0.88188,0.51366,4174
66,0,star_sign,ema_lr1e-3,0.001,0.0001,3.3134,0.06564,4174
66,0,star_sign,ema_lr5e-3,0.005,0.0001,2.8691,0.13321,4174
66,0,star_sign,ema_lr1e-2,0.01,0.0001,2.56541,0.27456,4174
66,0,star_sign,ema_lr5e-2,0.05,0.0001,0.81115,0.89698,4174
66,0,star_sign,ema_lr1e-2_wd1e-3,0.01,0.001,2.57296,0.18184,4174
66,0,star_sign,ema_d0.99,0.01,0.0001,2.50902,0.23886,4174
66,0,star_sign,ema_d0.9999,0.01,0.0001,2.4926,0.21634,4174
66,0,star_sign,mlp_h16,0.001,0.0,0.72422,0.99449,4174
66,0,star_sign,mlp_h32,0.001,0.0,0.13246,1.0,4174
66,0,star_sign,mlp_h64,0.001,0.0,0.08958,1.0,4174
66,0,star_sign,mlp_h128,0.001,0.0,0.0135,1.0,4174
66,0,star_sign,attention,0.0001,1e-05,2.34993,1.0,4174
66,0,star_sign,shuffled,0.01,0.0001,2.5375,0.11979,4174
66,4,age_bin,ema_lr1e-3,0.001,0.0001,1.39786,0.34715,4174
66,4,age_bin,ema_lr5e-3,0.005,0.0001,1.16205,0.41136,4174
66,4,age_bin,ema_lr1e-2,0.01,0.0001,0.93743,0.54025,4174
66,4,age_bin,ema_lr5e-2,0.05,0.0001,0.28299,0.98922,4174
66,4,age_bin,ema_lr1e-2_wd1e-3,0.01,0.001,0.99091,0.52731,4174
66,4,age_bin,ema_d0.99,0.01,0.0001,0.93394,0.5793,4174
66,4,age_bin,ema_d0.9999,0.01,0.0001,0.96733,0.56085,4174
66,4,age_bin,mlp_h16,0.001,0.0,0.09965,1.0,4174
66,4,age_bin,mlp_h32,0.001,0.0,0.03818,1.0,4174
66,4,age_bin,mlp_h64,0.001,0.0,0.01047,1.0,4174
66,4,age_bin,mlp_h128,0.001,0.0,0.00498,1.0,4174
66,4,age_bin,attention,0.0001,1e-05,0.00604,1.0,4174
66,4,age_bin,shuffled,0.01,0.0001,0.96545,0.53354,4174
66,4,gender,ema_lr1e-3,0.001,0.0001,0.989,0.50862,4174
66,4,gender,ema_lr5e-3,0.005,0.0001,0.92998,0.48778,4174
66,4,gender,ema_lr1e-2,0.01,0.0001,0.84736,0.49138,4174
66,4,gender,ema_lr5e-2,0.05,0.0001,0.72267,0.52156,4174
66,4,gender,ema_lr1e-2_wd1e-3,0.01,0.001,0.83512,0.49952,4174
66,4,gender,ema_d0.99,0.01,0.0001,0.82953,0.49497,4174
66,4,gender,ema_d0.9999,0.01,0.0001,0.8402,0.49305,4174
66,4,gender,mlp_h16,0.001,0.0,0.69075,0.52683,4174
66,4,gender,mlp_h32,0.001,0.0,0.69065,0.52276,4174
66,4,gender,mlp_h64,0.001,0.0,0.68973,0.52755,4174
66,4,gender,mlp_h128,0.001,0.0,0.6888,0.53426,4174
66,4,gender,attention,0.0001,1e-05,0.68386,0.55469,4174
66,4,gender,shuffled,0.01,0.0001,0.82862,0.50791,4174
66,4,star_sign,ema_lr1e-3,0.001,0.0001,3.0711,0.08769,4174
66,4,star_sign,ema_lr5e-3,0.005,0.0001,2.71203,0.13321,4174
66,4,star_sign,ema_lr1e-2,0.01,0.0001,2.33766,0.24724,4174
66,4,star_sign,ema_lr5e-2,0.05,0.0001,0.73372,0.96526,4174
66,4,star_sign,ema_lr1e-2_wd1e-3,0.01,0.001,2.36262,0.21993,4174
66,4,star_sign,ema_d0.99,0.01,0.0001,2.37448,0.16291,4174
66,4,star_sign,ema_d0.9999,0.01,0.0001,2.36108,0.17897,4174
66,4,star_sign,mlp_h16,0.001,0.0,0.60217,1.0,4174
66,4,star_sign,mlp_h32,0.001,0.0,0.0844,1.0,4174
66,4,star_sign,mlp_h64,0.001,0.0,0.02228,1.0,4174
66,4,star_sign,mlp_h128,0.001,0.0,0.00718,1.0,4174
66,4,star_sign,attention,0.0001,1e-05,1.02719,1.0,4174
66,4,star_sign,shuffled,0.01,0.0001,2.42792,0.25803,4174
66,6,age_bin,ema_lr1e-3,0.001,0.0001,1.50923,0.35913,4174
66,6,age_bin,ema_lr5e-3,0.005,0.0001,1.33361,0.40201,4174
66,6,age_bin,ema_lr1e-2,0.01,0.0001,1.0401,0.51366,4174
66,6,age_bin,ema_lr5e-2,0.05,0.0001,0.28877,0.98107,4174
66,6,age_bin,ema_lr1e-2_wd1e-3,0.01,0.001,1.02943,0.52132,4174
66,6,age_bin,ema_d0.99,0.01,0.0001,1.04536,0.51629,4174
66,6,age_bin,ema_d0.9999,0.01,0.0001,0.99343,0.53354,4174
66,6,age_bin,mlp_h16,0.001,0.0,0.081,1.0,4174
66,6,age_bin,mlp_h32,0.001,0.0,0.05208,1.0,4174
66,6,age_bin,mlp_h64,0.001,0.0,0.02167,1.0,4174
66,6,age_bin,mlp_h128,0.001,0.0,0.00773,1.0,4174
66,6,age_bin,attention,0.0001,1e-05,0.07485,0.97656,4174
66,6,age_bin,shuffled,0.01,0.0001,1.01124,0.53737,4174
66,6,gender,ema_lr1e-3,0.001,0.0001,0.99089,0.52228,4174
66,6,gender,ema_lr5e-3,0.005,0.0001,0.90216,0.51318,4174
66,6,gender,ema_lr1e-2,0.01,0.0001,0.86452,0.50455,4174
66,6,gender,ema_lr5e-2,0.05,0.0001,0.7325,0.51725,4174
66,6,gender,ema_lr1e-2_wd1e-3,0.01,0.001,0.90033,0.49545,4174
66,6,gender,ema_d0.99,0.01,0.0001,0.85564,0.50096,4174
66,6,gender,ema_d0.9999,0.01,0.0001,0.91922,0.49209,4174
66,6,gender,mlp_h16,0.001,0.0,0.69361,0.5321,4174
66,6,gender,mlp_h32,0.001,0.0,0.69121,0.53115,4174
66,6,gender,mlp_h64,0.001,0.0,0.69532,0.51677,4174
66,6,gender,mlp_h128,0.001,0.0,0.69216,0.5345,4174
66,6,gender,attention,0.0001,1e-05,1.14704,0.57031,4174
66,6,gender,shuffled,0.01,0.0001,0.87065,0.50072,4174
66,6,star_sign,ema_lr1e-3,0.001,0.0001,3.21603,0.10086,4174
66,6,star_sign,ema_lr5e-3,0.005,0.0001,2.90789,0.13081,4174
66,6,star_sign,ema_lr1e-2,0.01,0.0001,2.59791,0.15908,4174
66,6,star_sign,ema_lr5e-2,0.05,0.0001,0.81645,0.9116,4174
66,6,star_sign,ema_lr1e-2_wd1e-3,0.01,0.001,2.57575,0.18016,4174
66,6,star_sign,ema_d0.99,0.01,0.0001,2.51579,0.17106,4174
66,6,star_sign,ema_d0.9999,0.01,0.0001,2.54461,0.15309,4174
66,6,star_sign,mlp_h16,0.001,0.0,0.96682,0.99545,4174
66,6,star_sign,mlp_h32,0.001,0.0,0.27197,1.0,4174
66,6,star_sign,mlp_h64,0.001,0.0,0.05979,1.0,4174
66,6,star_sign,mlp_h128,0.001,0.0,0.01353,1.0,4174
66,6,star_sign,attention,0.0001,1e-05,0.05365,0.98438,4174
66,6,star_sign,shuffled,0.01,0.0001,2.5515,0.16699,4174
67,0,age_bin,ema_lr1e-3,0.001,0.0001,1.56757,0.29252,3822
67,0,age_bin,ema_lr5e-3,0.005,0.0001,1.25492,0.49712,3822
67,0,age_bin,ema_lr1e-2,0.01,0.0001,1.03439,0.61748,3822
67,0,age_bin,ema_lr5e-2,0.05,0.0001,0.27236,0.98221,3822
67,0,age_bin,ema_lr1e-2_wd1e-3,0.01,0.001,1.03276,0.52512,3822
67,0,age_bin,ema_d0.99,0.01,0.0001,1.06667,0.56567,3822
67,0,age_bin,ema_d0.9999,0.01,0.0001,1.02361,0.62585,3822
67,0,age_bin,mlp_h16,0.001,0.0,0.23977,1.0,3822
67,0,age_bin,mlp_h32,0.001,0.0,0.08027,1.0,3822
67,0,age_bin,mlp_h64,0.001,0.0,0.02847,1.0,3822
67,0,age_bin,mlp_h128,0.001,0.0,0.0054,1.0,3822
67,0,age_bin,attention,0.0001,1e-05,0.98313,1.0,3822
67,0,age_bin,shuffled,0.01,0.0001,1.06336,0.58268,3822
67,0,gender,ema_lr1e-3,0.001,0.0001,1.06559,0.50314,3822
67,0,gender,ema_lr5e-3,0.005,0.0001,0.95107,0.51125,3822
67,0,gender,ema_lr1e-2,0.01,0.0001,0.844,0.50942,3822
67,0,gender,ema_lr5e-2,0.05,0.0001,0.73786,0.49137,3822
67,0,gender,ema_lr1e-2_wd1e-3,0.01,0.001,0.87779,0.5102,3822
67,0,gender,ema_d0.99,0.01,0.0001,0.90249,0.47828,3822
67,0,gender,ema_d0.9999,0.01,0.0001,0.92878,0.50654,3822
67,0,gender,mlp_h16,0.001,0.0,0.69363,0.50785,3822
67,0,gender,mlp_h32,0.001,0.0,0.69313,0.5157,3822
67,0,gender,mlp_h64,0.001,0.0,0.69658,0.48953,3822
67,0,gender,mlp_h128,0.001,0.0,0.69319,0.52329,3822
67,0,gender,attention,0.0001,1e-05,0.69424,0.42969,3822
67,0,gender,shuffled,0.01,0.0001,0.87583,0.51465,3822
67,0,star_sign,ema_lr1e-3,0.001,0.0001,3.24667,0.08294,3822
67,0,star_sign,ema_lr5e-3,0.005,0.0001,2.81443,0.14861,3822
67,0,star_sign,ema_lr1e-2,0.01,0.0001,2.56274,0.27499,3822
67,0,star_sign,ema_lr5e-2,0.05,0.0001,0.78877,0.91313,3822
67,0,star_sign,ema_lr1e-2_wd1e-3,0.01,0.001,2.51513,0.19806,3822
67,0,star_sign,ema_d0.99,0.01,0.0001,2.54316,0.22658,3822
67,0,star_sign,ema_d0.9999,0.01,0.0001,2.50381,0.19649,3822
67,0,star_sign,mlp_h16,0.001,0.0,0.70291,0.99529,3822
67,0,star_sign,mlp_h32,0.001,0.0,0.12708,1.0,3822
67,0,star_sign,mlp_h64,0.001,0.0,0.08308,1.0,3822
67,0,star_sign,mlp_h128,0.001,0.0,0.01292,1.0,3822
67,0,star_sign,attention,0.0001,1e-05,2.34918,1.0,3822
67,0,star_sign,shuffled,0.01,0.0001,2.49422,0.118,3822
67,4,age_bin,ema_lr1e-3,0.001,0.0001,1.40294,0.34249,3822
67,4,age_bin,ema_lr5e-3,0.005,0.0001,1.16914,0.3977,3822
67,4,age_bin,ema_lr1e-2,0.01,0.0001,0.9049,0.57352,3822
67,4,age_bin,ema_lr5e-2,0.05,0.0001,0.27309,0.99346,3822
67,4,age_bin,ema_lr1e-2_wd1e-3,0.01,0.001,0.95394,0.57378,3822
67,4,age_bin,ema_d0.99,0.01,0.0001,0.93407,0.57248,3822
67,4,age_bin,ema_d0.9999,0.01,0.0001,0.96996,0.55181,3822
67,4,age_bin,mlp_h16,0.001,0.0,0.09531,1.0,3822
67,4,age_bin,mlp_h32,0.001,0.0,0.03775,1.0,3822
67,4,age_bin,mlp_h64,0.001,0.0,0.0105,1.0,3822
67,4,age_bin,mlp_h128,0.001,0.0,0.00502,1.0,3822
67,4,age_bin,attention,0.0001,1e-05,0.00301,1.0,3822
67,4,age_bin,shuffled,0.01,0.0001,0.93688,0.5539,3822
67,4,gender,ema_lr1e-3,0.001,0.0001,1.00718,0.50497,3822
67,4,gender,ema_lr5e-3,0.005,0.0001,0.90094,0.49869,3822
67,4,gender,ema_lr1e-2,0.01,0.0001,0.84158,0.49163,3822
67,4,gender,ema_lr5e-2,0.05,0.0001,0.73227,0.51387,3822
67,4,gender,ema_lr1e-2_wd1e-3,0.01,0.001,0.80941,0.51256,3822
67,4,gender,ema_d0.99,0.01,0.0001,0.78939,0.5157,3822
67,4,gender,ema_d0.9999,0.01,0.0001,0.80907,0.50994,3822
67,4,gender,mlp_h16,0.001,0.0,0.69169,0.52041,3822
67,4,gender,mlp_h32,0.001,0.0,0.69087,0.53035,3822
67,4,gender,mlp_h64,0.001,0.0,0.69323,0.51413,3822
67,4,gender,mlp_h128,0.001,0.0,0.68958,0.53218,3822
67,4,gender,attention,0.0001,1e-05,0.6977,0.5,3822
67,4,gender,shuffled,0.01,0.0001,0.83707,0.50078,3822
67,4,star_sign,ema_lr1e-3,0.001,0.0001,3.00041,0.08896,3822
67,4,star_sign,ema_lr5e-3,0.005,0.0001,2.71508,0.12821,3822
67,4,star_sign,ema_lr1e-2,0.01,0.0001,2.34805,0.25118,3822
67,4,star_sign,ema_lr5e-2,0.05,0.0001,0.73079,0.96546,3822
67,4,star_sign,ema_lr1e-2_wd1e-3,0.01,0.001,2.36263,0.20801,3822
67,4,star_sign,ema_d0.99,0.01,0.0001,2.34367,0.18001,3822
67,4,star_sign,ema_d0.9999,0.01,0.0001,2.3369,0.18106,3822
67,4,star_sign,mlp_h16,0.001,0.0,0.57392,1.0,3822
67,4,star_sign,mlp_h32,0.001,0.0,0.08414,1.0,3822
67,4,star_sign,mlp_h64,0.001,0.0,0.02209,1.0,3822
67,4,star_sign,mlp_h128,0.001,0.0,0.00725,1.0,3822
67,4,star_sign,attention,0.0001,1e-05,0.88368,1.0,3822
67,4,star_sign,shuffled,0.01,0.0001,2.41129,0.26478,3822
67,6,age_bin,ema_lr1e-3,0.001,0.0001,1.54152,0.33647,3822
67,6,age_bin,ema_lr5e-3,0.005,0.0001,1.28729,0.42569,3822
67,6,age_bin,ema_lr1e-2,0.01,0.0001,0.98907,0.53297,3822
67,6,age_bin,ema_lr5e-2,0.05,0.0001,0.28193,0.98012,3822
67,6,age_bin,ema_lr1e-2_wd1e-3,0.01,0.001,1.0002,0.5382,3822
67,6,age_bin,ema_d0.99,0.01,0.0001,1.07777,0.49974,3822
67,6,age_bin,ema_d0.9999,0.01,0.0001,1.00595,0.51622,3822
67,6,age_bin,mlp_h16,0.001,0.0,0.08059,1.0,3822
67,6,age_bin,mlp_h32,0.001,0.0,0.05054,1.0,3822
67,6,age_bin,mlp_h64,0.001,0.0,0.02145,1.0,3822
67,6,age_bin,mlp_h128,0.001,0.0,0.0079,1.0,3822
67,6,age_bin,attention,0.0001,1e-05,0.0015,1.0,3822
67,6,age_bin,shuffled,0.01,0.0001,1.0038,0.528,3822
67,6,gender,ema_lr1e-3,0.001,0.0001,1.03344,0.50497,3822
67,6,gender,ema_lr5e-3,0.005,0.0001,0.92553,0.49477,3822
67,6,gender,ema_lr1e-2,0.01,0.0001,0.85954,0.50471,3822
67,6,gender,ema_lr5e-2,0.05,0.0001,0.72636,0.51413,3822
67,6,gender,ema_lr1e-2_wd1e-3,0.01,0.001,0.84595,0.51413,3822
67,6,gender,ema_d0.99,0.01,0.0001,0.86317,0.50968,3822
67,6,gender,ema_d0.9999,0.01,0.0001,0.94143,0.47985,3822
67,6,gender,mlp_h16,0.001,0.0,0.69123,0.52145,3822
67,6,gender,mlp_h32,0.001,0.0,0.68852,0.53114,3822
67,6,gender,mlp_h64,0.001,0.0,0.69126,0.52773,3822
67,6,gender,mlp_h128,0.001,0.0,0.69185,0.51701,3822
67,6,gender,attention,0.0001,1e-05,1.5274,0.41406,3822
67,6,gender,shuffled,0.01,0.0001,0.84413,0.5102,3822
67,6,star_sign,ema_lr1e-3,0.001,0.0001,3.17476,0.10466,3822
67,6,star_sign,ema_lr5e-3,0.005,0.0001,2.88512,0.13605,3822
67,6,star_sign,ema_lr1e-2,0.01,0.0001,2.56601,0.16013,3822
67,6,star_sign,ema_lr5e-2,0.05,0.0001,0.8072,0.91287,3822
67,6,star_sign,ema_lr1e-2_wd1e-3,0.01,0.001,2.48151,0.21219,3822
67,6,star_sign,ema_d0.99,0.01,0.0001,2.55086,0.16065,3822
67,6,star_sign,ema_d0.9999,0.01,0.0001,2.50145,0.16457,3822
67,6,star_sign,mlp_h16,0.001,0.0,0.94358,0.99738,3822
67,6,star_sign,mlp_h32,0.001,0.0,0.26492,1.0,3822
67,6,star_sign,mlp_h64,0.001,0.0,0.05803,1.0,3822
67,6,star_sign,mlp_h128,0.001,0.0,0.01331,1.0,3822
67,6,star_sign,attention,0.0001,1e-05,0.0017,1.0,3822
67,6,star_sign,shuffled,0.01,0.0001,2.59403,0.16327,3822
68,0,age_bin,ema_lr1e-3,0.001,0.0001,1.53468,0.30346,3928
68,0,age_bin,ema_lr5e-3,0.005,0.0001,1.2753,0.47429,3928
68,0,age_bin,ema_lr1e-2,0.01,0.0001,1.01558,0.62424,3928
68,0,age_bin,ema_lr5e-2,0.05,0.0001,0.2663,0.98422,3928
68,0,age_bin,ema_lr1e-2_wd1e-3,0.01,0.001,1.0113,0.5947,3928
68,0,age_bin,ema_d0.99,0.01,0.0001,1.03591,0.57739,3928
68,0,age_bin,ema_d0.9999,0.01,0.0001,1.01405,0.62806,3928
68,0,age_bin,mlp_h16,0.001,0.0,0.22695,1.0,3928
68,0,age_bin,mlp_h32,0.001,0.0,0.07451,1.0,3928
68,0,age_bin,mlp_h64,0.001,0.0,0.02728,1.0,3928
68,0,age_bin,mlp_h128,0.001,0.0,0.00521,1.0,3928
68,0,age_bin,attention,0.0001,1e-05,0.98093,1.0,3928
68,0,age_bin,shuffled,0.01,0.0001,1.05221,0.58732,3928
68,0,gender,ema_lr1e-3,0.001,0.0001,1.0466,0.50942,3928
68,0,gender,ema_lr5e-3,0.005,0.0001,0.9701,0.50967,3928
68,0,gender,ema_lr1e-2,0.01,0.0001,0.85505,0.49109,3928
68,0,gender,ema_lr5e-2,0.05,0.0001,0.73787,0.49949,3928
68,0,gender,ema_lr1e-2_wd1e-3,0.01,0.001,0.88588,0.51095,3928
68,0,gender,ema_d0.99,0.01,0.0001,0.88111,0.49567,3928
68,0,gender,ema_d0.9999,0.01,0.0001,0.87045,0.51706,3928
68,0,gender,mlp_h16,0.001,0.0,0.69441,0.50076,3928
68,0,gender,mlp_h32,0.001,0.0,0.69365,0.50916,3928
68,0,gender,mlp_h64,0.001,0.0,0.69436,0.50407,3928
68,0,gender,mlp_h128,0.001,0.0,0.69358,0.51578,3928
68,0,gender,attention,0.0001,1e-05,0.69288,0.47656,3928
68,0,gender,shuffled,0.01,0.0001,0.8728,0.50484,3928
68,0,star_sign,ema_lr1e-3,0.001,0.0001,3.28611,0.07179,3928
68,0,star_sign,ema_lr5e-3,0.005,0.0001,2.84998,0.13875,3928
68,0,star_sign,ema_lr1e-2,0.01,0.0001,2.53825,0.2724,3928
68,0,star_sign,ema_lr5e-2,0.05,0.0001,0.77054,0.91446,3928
68,0,star_sign,ema_lr1e-2_wd1e-3,0.01,0.001,2.50087,0.19654,3928
68,0,star_sign,ema_d0.99,0.01,0.0001,2.5099,0.222,3928
68,0,star_sign,ema_d0.9999,0.01,0.0001,2.49097,0.19577,3928
68,0,star_sign,mlp_h16,0.001,0.0,0.66854,0.99542,3928
68,0,star_sign,mlp_h32,0.001,0.0,0.11556,1.0,3928
68,0,star_sign,mlp_h64,0.001,0.0,0.0782,1.0,3928
68,0,star_sign,mlp_h128,0.001,0.0,0.01244,1.0,3928
68,0,star_sign,attention,0.0001,1e-05,2.34582,1.0,3928
68,0,star_sign,shuffled,0.01,0.0001,2.513,0.16522,3928
68,4,age_bin,ema_lr1e-3,0.001,0.0001,1.42602,0.33478,3928
68,4,age_bin,ema_lr5e-3,0.005,0.0001,1.17978,0.39053,3928
68,4,age_bin,ema_lr1e-2,0.01,0.0001,0.91383,0.56619,3928
68,4,age_bin,ema_lr5e-2,0.05,0.0001,0.26779,0.9944,3928
68,4,age_bin,ema_lr1e-2_wd1e-3,0.01,0.001,0.94883,0.56517,3928
68,4,age_bin,ema_d0.99,0.01,0.0001,0.89705,0.60031,3928
68,4,age_bin,ema_d0.9999,0.01,0.0001,0.94371,0.57612,3928
68,4,age_bin,mlp_h16,0.001,0.0,0.09273,1.0,3928
68,4,age_bin,mlp_h32,0.001,0.0,0.03655,1.0,3928
68,4,age_bin,mlp_h64,0.001,0.0,0.01038,1.0,3928
68,4,age_bin,mlp_h128,0.001,0.0,0.00508,1.0,3928
68,4,age_bin,attention,0.0001,1e-05,0.00193,1.0,3928
68,4,age_bin,shuffled,0.01,0.0001,0.94171,0.54633,3928
68,4,gender,ema_lr1e-3,0.001,0.0001,0.97841,0.5084,3928
68,4,gender,ema_lr5e-3,0.005,0.0001,0.91863,0.49465,3928
68,4,gender,ema_lr1e-2,0.01,0.0001,0.81929,0.49924,3928
68,4,gender,ema_lr5e-2,0.05,0.0001,0.7363,0.49975,3928
68,4,gender,ema_lr1e-2_wd1e-3,0.01,0.001,0.8145,0.51502,3928
68,4,gender,ema_d0.99,0.01,0.0001,0.84463,0.48218,3928
68,4,gender,ema_d0.9999,0.01,0.0001,0.82143,0.49007,3928
68,4,gender,mlp_h16,0.001,0.0,0.69114,0.51629,3928
68,4,gender,mlp_h32,0.001,0.0,0.6924,0.50815,3928
68,4,gender,mlp_h64,0.001,0.0,0.69554,0.50356,3928
68,4,gender,mlp_h128,0.001,0.0,0.6944,0.50687,3928
68,4,gender,attention,0.0001,1e-05,0.70258,0.46094,3928
68,4,gender,shuffled,0.01,0.0001,0.8276,0.49847,3928
68,4,star_sign,ema_lr1e-3,0.001,0.0001,3.06772,0.08885,3928
68,4,star_sign,ema_lr5e-3,0.005,0.0001,2.72957,0.13569,3928
68,4,star_sign,ema_lr1e-2,0.01,0.0001,2.34392,0.24745,3928
68,4,star_sign,ema_lr5e-2,0.05,0.0001,0.70336,0.97734,3928
68,4,star_sign,ema_lr1e-2_wd1e-3,0.01,0.001,2.34388,0.22989,3928
68,4,star_sign,ema_d0.99,0.01,0.0001,2.35307,0.18152,3928
68,4,star_sign,ema_d0.9999,0.01,0.0001,2.33654,0.18254,3928
68,4,star_sign,mlp_h16,0.001,0.0,0.54154,1.0,3928
68,4,star_sign,mlp_h32,0.001,0.0,0.08172,1.0,3928
68,4,star_sign,mlp_h64,0.001,0.0,0.02141,1.0,3928
68,4,star_sign,mlp_h128,0.001,0.0,0.00725,1.0,3928
68,4,star_sign,attention,0.0001,1e-05,0.83732,1.0,3928
68,4,star_sign,shuffled,0.01,0.0001,2.40808,0.26604,3928
68,6,age_bin,ema_lr1e-3,0.001,0.0001,1.56501,0.33961,3928
68,6,age_bin,ema_lr5e-3,0.005,0.0001,1.28434,0.42363,3928
68,6,age_bin,ema_lr1e-2,0.01,0.0001,1.03011,0.52342,3928
68,6,age_bin,ema_lr5e-2,0.05,0.0001,0.27675,0.98574,3928
68,6,age_bin,ema_lr1e-2_wd1e-3,0.01,0.001,1.01724,0.52037,3928
68,6,age_bin,ema_d0.99,0.01,0.0001,1.02062,0.5303,3928
68,6,age_bin,ema_d0.9999,0.01,0.0001,0.93715,0.57816,3928
68,6,age_bin,mlp_h16,0.001,0.0,0.07362,1.0,3928
68,6,age_bin,mlp_h32,0.001,0.0,0.04746,1.0,3928
68,6,age_bin,mlp_h64,0.001,0.0,0.02012,1.0,3928
68,6,age_bin,mlp_h128,0.001,0.0,0.00755,1.0,3928
68,6,age_bin,attention,0.0001,1e-05,0.00145,1.0,3928
68,6,age_bin,shuffled,0.01,0.0001,0.994,0.5415,3928
68,6,gender,ema_lr1e-3,0.001,0.0001,1.01763,0.50815,3928
68,6,gender,ema_lr5e-3,0.005,0.0001,0.91685,0.49949,3928
68,6,gender,ema_lr1e-2,0.01,0.0001,0.89851,0.46996,3928
68,6,gender,ema_lr5e-2,0.05,0.0001,0.72428,0.51349,3928
68,6,gender,ema_lr1e-2_wd1e-3,0.01,0.001,0.82892,0.53641,3928
68,6,gender,ema_d0.99,0.01,0.0001,0.82868,0.5252,3928
68,6,gender,ema_d0.9999,0.01,0.0001,0.94787,0.47327,3928
68,6,gender,mlp_h16,0.001,0.0,0.69489,0.50942,3928
68,6,gender,mlp_h32,0.001,0.0,0.69099,0.50535,3928
68,6,gender,mlp_h64,0.001,0.0,0.69165,0.51273,3928
68,6,gender,mlp_h128,0.001,0.0,0.69408,0.50891,3928
68,6,gender,attention,0.0001,1e-05,1.40342,0.46094,3928
68,6,gender,shuffled,0.01,0.0001,0.82947,0.51018,3928
68,6,star_sign,ema_lr1e-3,0.001,0.0001,3.27748,0.09318,3928
68,6,star_sign,ema_lr5e-3,0.005,0.0001,2.88304,0.13747,3928
68,6,star_sign,ema_lr1e-2,0.01,0.0001,2.54158,0.17337,3928
68,6,star_sign,ema_lr5e-2,0.05,0.0001,0.76443,0.92464,3928
68,6,star_sign,ema_lr1e-2_wd1e-3,0.01,0.001,2.44174,0.21767,3928
68,6,star_sign,ema_d0.99,0.01,0.0001,2.5624,0.17363,3928
68,6,star_sign,ema_d0.9999,0.01,0.0001,2.54812,0.15759,3928
68,6,star_sign,mlp_h16,0.001,0.0,0.90606,0.99745,3928
68,6,star_sign,mlp_h32,0.001,0.0,0.24973,1.0,3928
68,6,star_sign,mlp_h64,0.001,0.0,0.05411,1.0,3928
68,6,star_sign,mlp_h128,0.001,0.0,0.01278,1.0,3928
68,6,star_sign,attention,0.0001,1e-05,0.0239,0.99219,3928
68,6,star_sign,shuffled,0.01,0.0001,2.46773,0.19221,3928
69,0,age_bin,ema_lr1e-3,0.001,0.0001,1.5593,0.30361,4351
69,0,age_bin,ema_lr5e-3,0.005,0.0001,1.23969,0.49161,4351
69,0,age_bin,ema_lr1e-2,0.01,0.0001,1.00482,0.64123,4351
69,0,age_bin,ema_lr5e-2,0.05,0.0001,0.26056,0.98575,4351
69,0,age_bin,ema_lr1e-2_wd1e-3,0.01,0.001,1.00761,0.58906,4351
69,0,age_bin,ema_d0.99,0.01,0.0001,1.00846,0.58699,4351
69,0,age_bin,ema_d0.9999,0.01,0.0001,1.00189,0.641,4351
69,0,age_bin,mlp_h16,0.001,0.0,0.22622,1.0,4351
69,0,age_bin,mlp_h32,0.001,0.0,0.07237,1.0,4351
69,0,age_bin,mlp_h64,0.001,0.0,0.02763,1.0,4351
69,0,age_bin,mlp_h128,0.001,0.0,0.00553,1.0,4351
69,0,age_bin,attention,0.0001,1e-05,0.98091,1.0,4351
69,0,age_bin,shuffled,0.01,0.0001,1.03568,0.59641,4351
69,0,gender,ema_lr1e-3,0.001,0.0001,1.02688,0.51505,4351
69,0,gender,ema_lr5e-3,0.005,0.0001,0.96762,0.4946,4351
69,0,gender,ema_lr1e-2,0.01,0.0001,0.84675,0.5077,4351
69,0,gender,ema_lr5e-2,0.05,0.0001,0.73512,0.50241,4351
69,0,gender,ema_lr1e-2_wd1e-3,0.01,0.001,0.871,0.49069,4351
69,0,gender,ema_d0.99,0.01,0.0001,0.89232,0.50724,4351
69,0,gender,ema_d0.9999,0.01,0.0001,0.88851,0.49322,4351
69,0,gender,mlp_h16,0.001,0.0,0.69768,0.48265,4351
69,0,gender,mlp_h32,0.001,0.0,0.69824,0.49345,4351
69,0,gender,mlp_h64,0.001,0.0,0.69778,0.49943,4351
69,0,gender,mlp_h128,0.001,0.0,0.7058,0.4615,4351
69,0,gender,attention,0.0001,1e-05,0.6916,0.57812,4351
69,0,gender,shuffled,0.01,0.0001,0.86716,0.49736,4351
69,0,star_sign,ema_lr1e-3,0.001,0.0001,3.24506,0.07332,4351
69,0,star_sign,ema_lr5e-3,0.005,0.0001,2.83698,0.13077,4351
69,0,star_sign,ema_lr1e-2,0.01,0.0001,2.51402,0.28246,4351
69,0,star_sign,ema_lr5e-2,0.05,0.0001,0.77202,0.91818,4351
69,0,star_sign,ema_lr1e-2_wd1e-3,0.01,0.001,2.52744,0.18524,4351
69,0,star_sign,ema_d0.99,0.01,0.0001,2.51971,0.23673,4351
69,0,star_sign,ema_d0.9999,0.01,0.0001,2.46147,0.20961,4351
69,0,star_sign,mlp_h16,0.001,0.0,0.65324,0.99288,4351
69,0,star_sign,mlp_h32,0.001,0.0,0.11327,1.0,4351
69,0,star_sign,mlp_h64,0.001,0.0,0.07505,1.0,4351
69,0,star_sign,mlp_h128,0.001,0.0,0.01373,1.0,4351
69,0,star_sign,attention,0.0001,1e-05,2.3443,1.0,4351
69,0,star_sign,shuffled,0.01,0.0001,2.51123,0.17306,4351
69,4,age_bin,ema_lr1e-3,0.001,0.0001,1.39768,0.34728,4351
69,4,age_bin,ema_lr5e-3,0.005,0.0001,1.15569,0.40336,4351
69,4,age_bin,ema_lr1e-2,0.01,0.0001,0.92358,0.56493,4351
69,4,age_bin,ema_lr5e-2,0.05,0.0001,0.26204,0.9915,4351
69,4,age_bin,ema_lr1e-2_wd1e-3,0.01,0.001,0.96401,0.5493,4351
69,4,age_bin,ema_d0.99,0.01,0.0001,0.92167,0.58102,4351
69,4,age_bin,ema_d0.9999,0.01,0.0001,0.95729,0.56332,4351
69,4,age_bin,mlp_h16,0.001,0.0,0.08991,1.0,4351
69,4,age_bin,mlp_h32,0.001,0.0,0.03422,1.0,4351
69,4,age_bin,mlp_h64,0.001,0.0,0.00986,1.0,4351
69,4,age_bin,mlp_h128,0.001,0.0,0.00488,1.0,4351
69,4,age_bin,attention,0.0001,1e-05,0.00892,1.0,4351
69,4,age_bin,shuffled,0.01,0.0001,0.93384,0.55114,4351
69,4,gender,ema_lr1e-3,0.001,0.0001,0.96561,0.50402,4351
69,4,gender,ema_lr5e-3,0.005,0.0001,0.90324,0.49299,4351
69,4,gender,ema_lr1e-2,0.01,0.0001,0.8497,0.48908,4351
69,4,gender,ema_lr5e-2,0.05,0.0001,0.74105,0.49069,4351
69,4,gender,ema_lr1e-2_wd1e-3,0.01,0.001,0.81575,0.50678,4351
69,4,gender,ema_d0.99,0.01,0.0001,0.78135,0.53091,4351
69,4,gender,ema_d0.9999,0.01,0.0001,0.82171,0.49966,4351
69,4,gender,mlp_h16,0.001,0.0,0.7005,0.47759,4351
69,4,gender,mlp_h32,0.001,0.0,0.69899,0.49644,4351
69,4,gender,mlp_h64,0.001,0.0,0.69955,0.49851,4351
69,4,gender,mlp_h128,0.001,0.0,0.70278,0.49115,4351
69,4,gender,attention,0.0001,1e-05,0.6983,0.50781,4351
69,4,gender,shuffled,0.01,0.0001,0.84156,0.50011,4351
69,4,star_sign,ema_lr1e-3,0.001,0.0001,3.07224,0.08481,4351
69,4,star_sign,ema_lr5e-3,0.005,0.0001,2.66904,0.13629,4351
69,4,star_sign,ema_lr1e-2,0.01,0.0001,2.28267,0.27327,4351
69,4,star_sign,ema_lr5e-2,0.05,0.0001,0.70128,0.97449,4351
69,4,star_sign,ema_lr1e-2_wd1e-3,0.01,0.001,2.31326,0.22845,4351
69,4,star_sign,ema_d0.99,0.01,0.0001,2.34158,0.1795,4351
69,4,star_sign,ema_d0.9999,0.01,0.0001,2.34066,0.18685,4351
69,4,star_sign,mlp_h16,0.001,0.0,0.52177,1.0,4351
69,4,star_sign,mlp_h32,0.001,0.0,0.076,1.0,4351
69,4,star_sign,mlp_h64,0.001,0.0,0.0202,1.0,4351
69,4,star_sign,mlp_h128,0.001,0.0,0.00695,1.0,4351
69,4,star_sign,attention,0.0001,1e-05,0.7679,1.0,4351
69,4,star_sign,shuffled,0.01,0.0001,2.32565,0.2781,4351
69,6,age_bin,ema_lr1e-3,0.001,0.0001,1.52274,0.35992,4351
69,6,age_bin,ema_lr5e-3,0.005,0.0001,1.3061,0.41255,4351
69,6,age_bin,ema_lr1e-2,0.01,0.0001,0.96439,0.55527,4351
69,6,age_bin,ema_lr5e-2,0.05,0.0001,0.25669,0.99104,4351
69,6,age_bin,ema_lr1e-2_wd1e-3,0.01,0.001,1.07014,0.49299,4351
69,6,age_bin,ema_d0.99,0.01,0.0001,1.02912,0.52678,4351
69,6,age_bin,ema_d0.9999,0.01,0.0001,0.98545,0.54171,4351
69,6,age_bin,mlp_h16,0.001,0.0,0.07259,1.0,4351
69,6,age_bin,mlp_h32,0.001,0.0,0.04526,1.0,4351
69,6,age_bin,mlp_h64,0.001,0.0,0.01971,1.0,4351
69,6,age_bin,mlp_h128,0.001,0.0,0.00738,1.0,4351
69,6,age_bin,attention,0.0001,1e-05,0.08322,0.98438,4351
69,6,age_bin,shuffled,0.01,0.0001,0.98042,0.53436,4351
69,6,gender,ema_lr1e-3,0.001,0.0001,1.00829,0.50563,4351
69,6,gender,ema_lr5e-3,0.005,0.0001,0.89313,0.52333,4351
69,6,gender,ema_lr1e-2,0.01,0.0001,0.82329,0.53689,4351
69,6,gender,ema_lr5e-2,0.05,0.0001,0.73374,0.50609,4351
69,6,gender,ema_lr1e-2_wd1e-3,0.01,0.001,0.90956,0.47943,4351
69,6,gender,ema_d0.99,0.01,0.0001,0.89566,0.49552,4351
69,6,gender,ema_d0.9999,0.01,0.0001,0.94854,0.46909,4351
69,6,gender,mlp_h16,0.001,0.0,0.69994,0.53137,4351
69,6,gender,mlp_h32,0.001,0.0,0.70158,0.53091,4351
69,6,gender,mlp_h64,0.001,0.0,0.70792,0.51345,4351
69,6,gender,mlp_h128,0.001,0.0,0.71021,0.51046,4351
69,6,gender,attention,0.0001,1e-05,1.35559,0.48438,4351
69,6,gender,shuffled,0.01,0.0001,0.85615,0.50724,4351
69,6,star_sign,ema_lr1e-3,0.001,0.0001,3.17645,0.10365,4351
69,6,star_sign,ema_lr5e-3,0.005,0.0001,2.87475,0.12963,4351
69,6,star_sign,ema_lr1e-2,0.01,0.0001,2.59469,0.15307,4351
69,6,star_sign,ema_lr5e-2,0.05,0.0001,0.74748,0.93358,4351
69,6,star_sign,ema_lr1e-2_wd1e-3,0.01,0.001,2.6284,0.18134,4351
69,6,star_sign,ema_d0.99,0.01,0.0001,2.51763,0.18111,4351
69,6,star_sign,ema_d0.9999,0.01,0.0001,2.5872,0.15445,4351
69,6,star_sign,mlp_h16,0.001,0.0,0.87739,0.9977,4351
69,6,star_sign,mlp_h32,0.001,0.0,0.23473,1.0,4351
69,6,star_sign,mlp_h64,0.001,0.0,0.05022,1.0,4351
69,6,star_sign,mlp_h128,0.001,0.0,0.01246,1.0,4351
69,6,star_sign,attention,0.0001,1e-05,0.02157,0.99219,4351
69,6,star_sign,shuffled,0.01,0.0001,2.52488,0.1818,4351
70,0,age_bin,ema_lr1e-3,0.001,0.0001,1.53228,0.30533,4428
70,0,age_bin,ema_lr5e-3,0.005,0.0001,1.25209,0.49368,4428
70,0,age_bin,ema_lr1e-2,0.01,0.0001,1.00192,0.64566,4428
70,0,age_bin,ema_lr5e-2,0.05,0.0001,0.25784,0.9869,4428
70,0,age_bin,ema_lr1e-2_wd1e-3,0.01,0.001,1.00833,0.6154,4428
70,0,age_bin,ema_d0.99,0.01,0.0001,0.98796,0.5944,4428
70,0,age_bin,ema_d0.9999,0.01,0.0001,1.01477,0.62873,4428
70,0,age_bin,mlp_h16,0.001,0.0,0.21721,1.0,4428
70,0,age_bin,mlp_h32,0.001,0.0,0.07049,1.0,4428
70,0,age_bin,mlp_h64,0.001,0.0,0.02614,1.0,4428
70,0,age_bin,mlp_h128,0.001,0.0,0.00531,1.0,4428
70,0,age_bin,attention,0.0001,1e-05,0.9795,1.0,4428
70,0,age_bin,shuffled,0.01,0.0001,1.0338,0.59417,4428
70,0,gender,ema_lr1e-3,0.001,0.0001,1.03272,0.50542,4428
70,0,gender,ema_lr5e-3,0.005,0.0001,0.94894,0.51807,4428
70,0,gender,ema_lr1e-2,0.01,0.0001,0.83909,0.49797,4428
70,0,gender,ema_lr5e-2,0.05,0.0001,0.74213,0.49503,4428
70,0,gender,ema_lr1e-2_wd1e-3,0.01,0.001,0.88044,0.507,4428
70,0,gender,ema_d0.99,0.01,0.0001,0.87538,0.49006,4428
70,0,gender,ema_d0.9999,0.01,0.0001,0.90341,0.49977,4428
70,0,gender,mlp_h16,0.001,0.0,0.69542,0.50971,4428
70,0,gender,mlp_h32,0.001,0.0,0.69677,0.49729,4428
70,0,gender,mlp_h64,0.001,0.0,0.69721,0.4878,4428
70,0,gender,mlp_h128,0.001,0.0,0.69632,0.51107,4428
70,0,gender,attention,0.0001,1e-05,0.6932,0.49219,4428
70,0,gender,shuffled,0.01,0.0001,0.88949,0.48329,4428
70,0,star_sign,ema_lr1e-3,0.001,0.0001,3.24915,0.07678,4428
70,0,star_sign,ema_lr5e-3,0.005,0.0001,2.8688,0.12963,4428
70,0,star_sign,ema_lr1e-2,0.01,0.0001,2.51311,0.27846,4428
70,0,star_sign,ema_lr5e-2,0.05,0.0001,0.75345,0.92254,4428
70,0,star_sign,ema_lr1e-2_wd1e-3,0.01,0.001,2.52074,0.18564,4428
70,0,star_sign,ema_d0.99,0.01,0.0001,2.50757,0.24345,4428
70,0,star_sign,ema_d0.9999,0.01,0.0001,2.46904,0.21274,4428
70,0,star_sign,mlp_h16,0.001,0.0,0.63375,0.99729,4428
70,0,star_sign,mlp_h32,0.001,0.0,0.10841,1.0,4428
70,0,star_sign,mlp_h64,0.001,0.0,0.07181,1.0,4428
70,0,star_sign,mlp_h128,0.001,0.0,0.01262,1.0,4428
70,0,star_sign,attention,0.0001,1e-05,2.34183,1.0,4428
70,0,star_sign,shuffled,0.01,0.0001,2.51762,0.17186,4428
70,4,age_bin,ema_lr1e-3,0.001,0.0001,1.39256,0.34824,4428
70,4,age_bin,ema_lr5e-3,0.005,0.0001,1.1298,0.42864,4428
70,4,age_bin,ema_lr1e-2,0.01,0.0001,0.91962,0.56165,4428
70,4,age_bin,ema_lr5e-2,0.05,0.0001,0.26445,0.99029,4428
70,4,age_bin,ema_lr1e-2_wd1e-3,0.01,0.001,0.98401,0.52755,4428
70,4,age_bin,ema_d0.99,0.01,0.0001,0.92609,0.58062,4428
70,4,age_bin,ema_d0.9999,0.01,0.0001,0.96691,0.54607,4428
70,4,age_bin,mlp_h16,0.001,0.0,0.08527,1.0,4428
70,4,age_bin,mlp_h32,0.001,0.0,0.03248,1.0,4428
70,4,age_bin,mlp_h64,0.001,0.0,0.00949,1.0,4428
70,4,age_bin,mlp_h128,0.001,0.0,0.00471,1.0,4428
70,4,age_bin,attention,0.0001,1e-05,0.00439,1.0,4428
70,4,age_bin,shuffled,0.01,0.0001,0.92599,0.55668,4428
70,4,gender,ema_lr1e-3,0.001,0.0001,0.99829,0.49368,4428
70,4,gender,ema_lr5e-3,0.005,0.0001,0.90298,0.50113,4428
70,4,gender,ema_lr1e-2,0.01,0.0001,0.82823,0.50407,4428
70,4,gender,ema_lr5e-2,0.05,0.0001,0.7364,0.49977,4428
70,4,gender,ema_lr1e-2_wd1e-3,0.01,0.001,0.85739,0.47809,4428
70,4,gender,ema_d0.99,0.01,0.0001,0.78802,0.52529,4428
70,4,gender,ema_d0.9999,0.01,0.0001,0.83834,0.48238,4428
70,4,gender,mlp_h16,0.001,0.0,0.69669,0.49142,4428
70,4,gender,mlp_h32,0.001,0.0,0.69599,0.49819,4428
70,4,gender,mlp_h64,0.001,0.0,0.70136,0.48713,4428
70,4,gender,mlp_h128,0.001,0.0,0.70002,0.50068,4428
70,4,gender,attention,0.0001,1e-05,0.69997,0.4375,4428
70,4,gender,shuffled,0.01,0.0001,0.82371,0.50316,4428
70,4,star_sign,ema_lr1e-3,0.001,0.0001,3.06502,0.07836,4428
70,4,star_sign,ema_lr5e-3,0.005,0.0001,2.71761,0.13415,4428
70,4,star_sign,ema_lr1e-2,0.01,0.0001,2.28765,0.26649,4428
70,4,star_sign,ema_lr5e-2,0.05,0.0001,0.69425,0.97674,4428
70,4,star_sign,ema_lr1e-2_wd1e-3,0.01,0.001,2.30534,0.23871,4428
70,4,star_sign,ema_d0.99,0.01,0.0001,2.3684,0.17977,4428
70,4,star_sign,ema_d0.9999,0.01,0.0001,2.3223,0.18202,4428
70,4,star_sign,mlp_h16,0.001,0.0,0.49112,1.0,4428
70,4,star_sign,mlp_h32,0.001,0.0,0.07139,1.0,4428
70,4,star_sign,mlp_h64,0.001,0.0,0.01928,1.0,4428
70,4,star_sign,mlp_h128,0.001,0.0,0.00671,1.0,4428
70,4,star_sign,attention,0.0001,1e-05,0.6898,1.0,4428
70,4,star_sign,shuffled,0.01,0.0001,2.36653,0.27529,4428
70,6,age_bin,ema_lr1e-3,0.001,0.0001,1.4888,0.34869,4428
70,6,age_bin,ema_lr5e-3,0.005,0.0001,1.30899,0.40447,4428
70,6,age_bin,ema_lr1e-2,0.01,0.0001,0.92963,0.57317,4428
70,6,age_bin,ema_lr5e-2,0.05,0.0001,0.25723,0.98713,4428
70,6,age_bin,ema_lr1e-2_wd1e-3,0.01,0.001,0.95884,0.54855,4428
70,6,age_bin,ema_d0.99,0.01,0.0001,1.04978,0.50655,4428
70,6,age_bin,ema_d0.9999,0.01,0.0001,0.97026,0.55601,4428
70,6,age_bin,mlp_h16,0.001,0.0,0.07375,1.0,4428
70,6,age_bin,mlp_h32,0.001,0.0,0.04603,1.0,4428
70,6,age_bin,mlp_h64,0.001,0.0,0.01985,1.0,4428
70,6,age_bin,mlp_h128,0.001,0.0,0.00748,1.0,4428
70,6,age_bin,attention,0.0001,1e-05,0.00276,1.0,4428
70,6,age_bin,shuffled,0.01,0.0001,1.02854,0.51084,4428
70,6,gender,ema_lr1e-3,0.001,0.0001,1.10317,0.47019,4428
70,6,gender,ema_lr5e-3,0.005,0.0001,0.91051,0.50181,4428
70,6,gender,ema_lr1e-2,0.01,0.0001,0.87243,0.48645,4428
70,6,gender,ema_lr5e-2,0.05,0.0001,0.74117,0.50113,4428
70,6,gender,ema_lr1e-2_wd1e-3,0.01,0.001,0.80126,0.54426,4428
70,6,gender,ema_d0.99,0.01,0.0001,0.86255,0.50903,4428
70,6,gender,ema_d0.9999,0.01,0.0001,0.89365,0.50045,4428
70,6,gender,mlp_h16,0.001,0.0,0.71202,0.47696,4428
70,6,gender,mlp_h32,0.001,0.0,0.7062,0.48442,4428
70,6,gender,mlp_h64,0.001,0.0,0.70977,0.47945,4428
70,6,gender,mlp_h128,0.001,0.0,0.71299,0.48509,4428
70,6,gender,attention,0.0001,1e-05,1.53278,0.48438,4428
70,6,gender,shuffled,0.01,0.0001,0.84484,0.50723,4428
70,6,star_sign,ema_lr1e-3,0.001,0.0001,3.16516,0.10569,4428
70,6,star_sign,ema_lr5e-3,0.005,0.0001,2.86445,0.13618,4428
70,6,star_sign,ema_lr1e-2,0.01,0.0001,2.55439,0.15944,4428
70,6,star_sign,ema_lr5e-2,0.05,0.0001,0.75916,0.93225,4428
70,6,star_sign,ema_lr1e-2_wd1e-3,0.01,0.001,2.52203,0.20822,4428
70,6,star_sign,ema_d0.99,0.01,0.0001,2.5387,0.17164,4428
70,6,star_sign,ema_d0.9999,0.01,0.0001,2.47588,0.17322,4428
70,6,star_sign,mlp_h16,0.001,0.0,0.87556,0.9939,4428
70,6,star_sign,mlp_h32,0.001,0.0,0.23442,1.0,4428
70,6,star_sign,mlp_h64,0.001,0.0,0.05112,1.0,4428
70,6,star_sign,mlp_h128,0.001,0.0,0.01296,1.0,4428
70,6,star_sign,attention,0.0001,1e-05,0.00348,1.0,4428
70,6,star_sign,shuffled,0.01,0.0001,2.41447,0.2037,4428
71,0,age_bin,ema_lr1e-3,0.001,0.0001,1.5605,0.28554,4017
71,0,age_bin,ema_lr5e-3,0.005,0.0001,1.24346,0.49116,4017
71,0,age_bin,ema_lr1e-2,0.01,0.0001,0.9649,0.64924,4017
71,0,age_bin,ema_lr5e-2,0.05,0.0001,0.25058,0.98855,4017
71,0,age_bin,ema_lr1e-2_wd1e-3,0.01,0.001,0.96811,0.63306,4017
71,0,age_bin,ema_d0.99,0.01,0.0001,1.00315,0.58252,4017
71,0,age_bin,ema_d0.9999,0.01,0.0001,1.00623,0.63331,4017
71,0,age_bin,mlp_h16,0.001,0.0,0.20562,1.0,4017
71,0,age_bin,mlp_h32,0.001,0.0,0.0661,1.0,4017
71,0,age_bin,mlp_h64,0.001,0.0,0.02477,1.0,4017
71,0,age_bin,mlp_h128,0.001,0.0,0.00488,1.0,4017
71,0,age_bin,attention,0.0001,1e-05,0.97647,1.0,4017
71,0,age_bin,shuffled,0.01,0.0001,1.00727,0.60518,4017
71,0,gender,ema_lr1e-3,0.001,0.0001,1.05759,0.48718,4017
71,0,gender,ema_lr5e-3,0.005,0.0001,0.96706,0.51307,4017
71,0,gender,ema_lr1e-2,0.01,0.0001,0.85592,0.47996,4017
71,0,gender,ema_lr5e-2,0.05,0.0001,0.72823,0.51332,4017
71,0,gender,ema_lr1e-2_wd1e-3,0.01,0.001,0.84667,0.52128,4017
71,0,gender,ema_d0.99,0.01,0.0001,0.88855,0.48793,4017
71,0,gender,ema_d0.9999,0.01,0.0001,0.87287,0.51979,4017
71,0,gender,mlp_h16,0.001,0.0,0.6907,0.52925,4017
71,0,gender,mlp_h32,0.001,0.0,0.69175,0.52054,4017
71,0,gender,mlp_h64,0.001,0.0,0.69206,0.50909,4017
71,0,gender,mlp_h128,0.001,0.0,0.68902,0.52975,4017
71,0,gender,attention,0.0001,1e-05,0.693,0.48438,4017
71,0,gender,shuffled,0.01,0.0001,0.89808,0.48967,4017
71,0,star_sign,ema_lr1e-3,0.001,0.0001,3.31579,0.07045,4017
71,0,star_sign,ema_lr5e-3,0.005,0.0001,2.83412,0.13891,4017
71,0,star_sign,ema_lr1e-2,0.01,0.0001,2.4613,0.28827,4017
71,0,star_sign,ema_lr5e-2,0.05,0.0001,0.7259,0.92582,4017
71,0,star_sign,ema_lr1e-2_wd1e-3,0.01,0.001,2.50785,0.19642,4017
71,0,star_sign,ema_d0.99,0.01,0.0001,2.50317,0.22305,4017
71,0,star_sign,ema_d0.9999,0.01,0.0001,2.45709,0.20513,4017
71,0,star_sign,mlp_h16,0.001,0.0,0.61001,0.99776,4017
71,0,star_sign,mlp_h32,0.001,0.0,0.10033,1.0,4017
71,0,star_sign,mlp_h64,0.001,0.0,0.06672,1.0,4017
71,0,star_sign,mlp_h128,0.001,0.0,0.01173,1.0,4017
71,0,star_sign,attention,0.0001,1e-05,2.33871,1.0,4017
71,0,star_sign,shuffled,0.01,0.0001,2.46912,0.16754,4017
71,4,age_bin,ema_lr1e-3,0.001,0.0001,1.34832,0.3652,4017
71,4,age_bin,ema_lr5e-3,0.005,0.0001,1.13947,0.42295,4017
71,4,age_bin,ema_lr1e-2,0.01,0.0001,0.8949,0.57456,4017
71,4,age_bin,ema_lr5e-2,0.05,0.0001,0.25978,0.99353,4017
71,4,age_bin,ema_lr1e-2_wd1e-3,0.01,0.001,0.92619,0.57232,4017
71,4,age_bin,ema_d0.99,0.01,0.0001,0.90279,0.60767,4017
71,4,age_bin,ema_d0.9999,0.01,0.0001,0.92266,0.58352,4017
71,4,age_bin,mlp_h16,0.001,0.0,0.0819,1.0,4017
71,4,age_bin,mlp_h32,0.001,0.0,0.03096,1.0,4017
71,4,age_bin,mlp_h64,0.001,0.0,0.00893,1.0,4017
71,4,age_bin,mlp_h128,0.001,0.0,0.00452,1.0,4017
71,4,age_bin,attention,0.0001,1e-05,0.00509,1.0,4017
71,4,age_bin,shuffled,0.01,0.0001,0.92411,0.56087,4017
71,4,gender,ema_lr1e-3,0.001,0.0001,0.98551,0.49614,4017
71,4,gender,ema_lr5e-3,0.005,0.0001,0.88694,0.5066,4017
71,4,gender,ema_lr1e-2,0.01,0.0001,0.85676,0.47872,4017
71,4,gender,ema_lr5e-2,0.05,0.0001,0.73544,0.49216,4017
71,4,gender,ema_lr1e-2_wd1e-3,0.01,0.001,0.79386,0.52228,4017
71,4,gender,ema_d0.99,0.01,0.0001,0.79208,0.51307,4017
71,4,gender,ema_d0.9999,0.01,0.0001,0.81039,0.5056,4017
71,4,gender,mlp_h16,0.001,0.0,0.68934,0.53025,4017
71,4,gender,mlp_h32,0.001,0.0,0.69216,0.52477,4017
71,4,gender,mlp_h64,0.001,0.0,0.69231,0.52377,4017
71,4,gender,mlp_h128,0.001,0.0,0.68952,0.53846,4017
71,4,gender,attention,0.0001,1e-05,0.69377,0.53125,4017
71,4,gender,shuffled,0.01,0.0001,0.8266,0.50212,4017
71,4,star_sign,ema_lr1e-3,0.001,0.0001,3.06826,0.07518,4017
71,4,star_sign,ema_lr5e-3,0.005,0.0001,2.66328,0.13742,4017
71,4,star_sign,ema_lr1e-2,0.01,0.0001,2.29589,0.26039,4017
71,4,star_sign,ema_lr5e-2,0.05,0.0001,0.66043,0.97984,4017
71,4,star_sign,ema_lr1e-2_wd1e-3,0.01,0.001,2.34373,0.21832,4017
71,4,star_sign,ema_d0.99,0.01,0.0001,2.30435,0.19816,4017
71,4,star_sign,ema_d0.9999,0.01,0.0001,2.34038,0.17526,4017
71,4,star_sign,mlp_h16,0.001,0.0,0.45992,1.0,4017
71,4,star_sign,mlp_h32,0.001,0.0,0.06605,1.0,4017
71,4,star_sign,mlp_h64,0.001,0.0,0.01876,1.0,4017
71,4,star_sign,mlp_h128,0.001,0.0,0.00652,1.0,4017
71,4,star_sign,attention,0.0001,1e-05,0.53443,1.0,4017
71,4,star_sign,shuffled,0.01,0.0001,2.31044,0.29076,4017
71,6,age_bin,ema_lr1e-3,0.001,0.0001,1.5464,0.34155,4017
71,6,age_bin,ema_lr5e-3,0.005,0.0001,1.34581,0.39258,4017
71,6,age_bin,ema_lr1e-2,0.01,0.0001,0.97578,0.55863,4017
71,6,age_bin,ema_lr5e-2,0.05,0.0001,0.26866,0.98581,4017
71,6,age_bin,ema_lr1e-2_wd1e-3,0.01,0.001,0.99758,0.52527,4017
71,6,age_bin,ema_d0.99,0.01,0.0001,1.04194,0.52054,4017
71,6,age_bin,ema_d0.9999,0.01,0.0001,0.96818,0.55116,4017
71,6,age_bin,mlp_h16,0.001,0.0,0.06833,1.0,4017
71,6,age_bin,mlp_h32,0.001,0.0,0.04269,1.0,4017
71,6,age_bin,mlp_h64,0.001,0.0,0.01906,1.0,4017
71,6,age_bin,mlp_h128,0.001,0.0,0.00725,1.0,4017
71,6,age_bin,attention,0.0001,1e-05,0.00606,1.0,4017
71,6,age_bin,shuffled,0.01,0.0001,0.99909,0.53722,4017
71,6,gender,ema_lr1e-3,0.001,0.0001,1.03671,0.4944,4017
71,6,gender,ema_lr5e-3,0.005,0.0001,0.94922,0.50709,4017
71,6,gender,ema_lr1e-2,0.01,0.0001,0.87709,0.49042,4017
71,6,gender,ema_lr5e-2,0.05,0.0001,0.73402,0.50037,4017
71,6,gender,ema_lr1e-2_wd1e-3,0.01,0.001,0.83312,0.51655,4017
71,6,gender,ema_d0.99,0.01,0.0001,0.82142,0.52801,4017
71,6,gender,ema_d0.9999,0.01,0.0001,0.86643,0.50709,4017
71,6,gender,mlp_h16,0.001,0.0,0.67853,0.57008,4017
71,6,gender,mlp_h32,0.001,0.0,0.67865,0.56983,4017
71,6,gender,mlp_h64,0.001,0.0,0.67915,0.55116,4017
71,6,gender,mlp_h128,0.001,0.0,0.67929,0.57033,4017
71,6,gender,attention,0.0001,1e-05,1.25837,0.5625,4017
71,6,gender,shuffled,0.01,0.0001,0.86458,0.50685,4017
71,6,star_sign,ema_lr1e-3,0.001,0.0001,3.25271,0.09933,4017
71,6,star_sign,ema_lr5e-3,0.005,0.0001,2.79934,0.15559,4017
71,6,star_sign,ema_lr1e-2,0.01,0.0001,2.47469,0.18745,4017
71,6,star_sign,ema_lr5e-2,0.05,0.0001,0.72308,0.94872,4017
71,6,star_sign,ema_lr1e-2_wd1e-3,0.01,0.001,2.5081,0.18969,4017
71,6,star_sign,ema_d0.99,0.01,0.0001,2.4925,0.1775,4017
71,6,star_sign,ema_d0.9999,0.01,0.0001,2.54738,0.16156,4017
71,6,star_sign,mlp_h16,0.001,0.0,0.82417,0.99751,4017
71,6,star_sign,mlp_h32,0.001,0.0,0.21531,1.0,4017
71,6,star_sign,mlp_h64,0.001,0.0,0.04706,1.0,4017
71,6,star_sign,mlp_h128,0.001,0.0,0.01168,1.0,4017
71,6,star_sign,attention,0.0001,1e-05,0.022,0.99219,4017
71,6,star_sign,shuffled,0.01,0.0001,2.61386,0.16405,4017
72,0,age_bin,ema_lr1e-3,0.001,0.0001,1.54163,0.29148,3942
72,0,age_bin,ema_lr5e-3,0.005,0.0001,1.21071,0.49797,3942
72,0,age_bin,ema_lr1e-2,0.01,0.0001,0.98556,0.64282,3942
72,0,age_bin,ema_lr5e-2,0.05,0.0001,0.24958,0.98808,3942
72,0,age_bin,ema_lr1e-2_wd1e-3,0.01,0.001,0.96838,0.62354,3942
72,0,age_bin,ema_d0.99,0.01,0.0001,0.99751,0.58346,3942
72,0,age_bin,ema_d0.9999,0.01,0.0001,1.00178,0.63369,3942
72,0,age_bin,mlp_h16,0.001,0.0,0.20108,1.0,3942
72,0,age_bin,mlp_h32,0.001,0.0,0.06474,1.0,3942
72,0,age_bin,mlp_h64,0.001,0.0,0.02462,1.0,3942
72,0,age_bin,mlp_h128,0.001,0.0,0.00494,1.0,3942
72,0,age_bin,attention,0.0001,1e-05,0.97685,1.0,3942
72,0,age_bin,shuffled,0.01,0.0001,1.01738,0.60198,3942
72,0,gender,ema_lr1e-3,0.001,0.0001,1.02278,0.52029,3942
72,0,gender,ema_lr5e-3,0.005,0.0001,0.96534,0.49873,3942
72,0,gender,ema_lr1e-2,0.01,0.0001,0.85921,0.50609,3942
72,0,gender,ema_lr5e-2,0.05,0.0001,0.73458,0.49696,3942
72,0,gender,ema_lr1e-2_wd1e-3,0.01,0.001,0.8793,0.48985,3942
72,0,gender,ema_d0.99,0.01,0.0001,0.8959,0.50228,3942
72,0,gender,ema_d0.9999,0.01,0.0001,0.89272,0.49619,3942
72,0,gender,mlp_h16,0.001,0.0,0.69635,0.4896,3942
72,0,gender,mlp_h32,0.001,0.0,0.69377,0.5,3942
72,0,gender,mlp_h64,0.001,0.0,0.6947,0.49949,3942
72,0,gender,mlp_h128,0.001,0.0,0.70017,0.48529,3942
72,0,gender,attention,0.0001,1e-05,0.69235,0.53906,3942
72,0,gender,shuffled,0.01,0.0001,0.85835,0.51471,3942
72,0,star_sign,ema_lr1e-3,0.001,0.0001,3.24558,0.08676,3942
72,0,star_sign,ema_lr5e-3,0.005,0.0001,2.83152,0.13724,3942
72,0,star_sign,ema_lr1e-2,0.01,0.0001,2.52288,0.2727,3942
72,0,star_sign,ema_lr5e-2,0.05,0.0001,0.71743,0.93303,3942
72,0,star_sign,ema_lr1e-2_wd1e-3,0.01,0.001,2.45682,0.19711,3942
72,0,star_sign,ema_d0.99,0.01,0.0001,2.44985,0.23288,3942
72,0,star_sign,ema_d0.9999,0.01,0.0001,2.47857,0.19787,3942
72,0,star_sign,mlp_h16,0.001,0.0,0.58742,0.99721,3942
72,0,star_sign,mlp_h32,0.001,0.0,0.09739,1.0,3942
72,0,star_sign,mlp_h64,0.001,0.0,0.06316,1.0,3942
72,0,star_sign,mlp_h128,0.001,0.0,0.01188,1.0,3942
72,0,star_sign,attention,0.0001,1e-05,2.33838,1.0,3942
72,0,star_sign,shuffled,0.01,0.0001,2.50339,0.16743,3942
72,4,age_bin,ema_lr1e-3,0.001,0.0001,1.36957,0.35921,3942
72,4,age_bin,ema_lr5e-3,0.005,0.0001,1.16901,0.39929,3942
72,4,age_bin,ema_lr1e-2,0.01,0.0001,0.88295,0.59614,3942
72,4,age_bin,ema_lr5e-2,0.05,0.0001,0.24856,0.99569,3942
72,4,age_bin,ema_lr1e-2_wd1e-3,0.01,0.001,0.92418,0.57027,3942
72,4,age_bin,ema_d0.99,0.01,0.0001,0.88048,0.61339,3942
72,4,age_bin,ema_d0.9999,0.01,0.0001,0.93603,0.56139,3942
72,4,age_bin,mlp_h16,0.001,0.0,0.07966,1.0,3942
72,4,age_bin,mlp_h32,0.001,0.0,0.03064,1.0,3942
72,4,age_bin,mlp_h64,0.001,0.0,0.00923,1.0,3942
72,4,age_bin,mlp_h128,0.001,0.0,0.00467,1.0,3942
72,4,age_bin,attention,0.0001,1e-05,0.0023,1.0,3942
72,4,age_bin,shuffled,0.01,0.0001,0.86045,0.60426,3942
72,4,gender,ema_lr1e-3,0.001,0.0001,0.99992,0.5,3942
72,4,gender,ema_lr5e-3,0.005,0.0001,0.88422,0.5137,3942
72,4,gender,ema_lr1e-2,0.01,0.0001,0.79773,0.53272,3942
72,4,gender,ema_lr5e-2,0.05,0.0001,0.71645,0.51573,3942
72,4,gender,ema_lr1e-2_wd1e-3,0.01,0.001,0.82438,0.49214,3942
72,4,gender,ema_d0.99,0.01,0.0001,0.82476,0.49391,3942
72,4,gender,ema_d0.9999,0.01,0.0001,0.78874,0.51294,3942
72,4,gender,mlp_h16,0.001,0.0,0.69173,0.51421,3942
72,4,gender,mlp_h32,0.001,0.0,0.69288,0.50279,3942
72,4,gender,mlp_h64,0.001,0.0,0.69231,0.51243,3942
72,4,gender,mlp_h128,0.001,0.0,0.6973,0.50279,3942
72,4,gender,attention,0.0001,1e-05,0.69517,0.46875,3942
72,4,gender,shuffled,0.01,0.0001,0.82474,0.49493,3942
72,4,star_sign,ema_lr1e-3,0.001,0.0001,3.10584,0.07458,3942
72,4,star_sign,ema_lr5e-3,0.005,0.0001,2.73693,0.12811,3942
72,4,star_sign,ema_lr1e-2,0.01,0.0001,2.27514,0.26585,3942
72,4,star_sign,ema_lr5e-2,0.05,0.0001,0.65899,0.97971,3942
72,4,star_sign,ema_lr1e-2_wd1e-3,0.01,0.001,2.26232,0.24658,3942
72,4,star_sign,ema_d0.99,0.01,0.0001,2.25625,0.21182,3942
72,4,star_sign,ema_d0.9999,0.01,0.0001,2.31185,0.18417,3942
72,4,star_sign,mlp_h16,0.001,0.0,0.44451,1.0,3942
72,4,star_sign,mlp_h32,0.001,0.0,0.06808,1.0,3942
72,4,star_sign,mlp_h64,0.001,0.0,0.01897,1.0,3942
72,4,star_sign,mlp_h128,0.001,0.0,0.00674,1.0,3942
72,4,star_sign,attention,0.0001,1e-05,0.46085,1.0,3942
72,4,star_sign,shuffled,0.01,0.0001,2.34131,0.26991,3942
72,6,age_bin,ema_lr1e-3,0.001,0.0001,1.48461,0.35819,3942
72,6,age_bin,ema_lr5e-3,0.005,0.0001,1.29533,0.41984,3942
72,6,age_bin,ema_lr1e-2,0.01,0.0001,1.01881,0.5175,3942
72,6,age_bin,ema_lr5e-2,0.05,0.0001,0.24796,0.99061,3942
72,6,age_bin,ema_lr1e-2_wd1e-3,0.01,0.001,1.0014,0.52917,3942
72,6,age_bin,ema_d0.99,0.01,0.0001,1.08497,0.47793,3942
72,6,age_bin,ema_d0.9999,0.01,0.0001,0.95424,0.55581,3942
72,6,age_bin,mlp_h16,0.001,0.0,0.06548,1.0,3942
72,6,age_bin,mlp_h32,0.001,0.0,0.04117,1.0,3942
72,6,age_bin,mlp_h64,0.001,0.0,0.01765,1.0,3942
72,6,age_bin,mlp_h128,0.001,0.0,0.00682,1.0,3942
72,6,age_bin,attention,0.0001,1e-05,0.00672,1.0,3942
72,6,age_bin,shuffled,0.01,0.0001,0.97335,0.55226,3942
72,6,gender,ema_lr1e-3,0.001,0.0001,1.03999,0.50101,3942
72,6,gender,ema_lr5e-3,0.005,0.0001,0.9005,0.51624,3942
72,6,gender,ema_lr1e-2,0.01,0.0001,0.86506,0.50812,3942
72,6,gender,ema_lr5e-2,0.05,0.0001,0.74404,0.49467,3942
72,6,gender,ema_lr1e-2_wd1e-3,0.01,0.001,0.80067,0.54262,3942
72,6,gender,ema_d0.99,0.01,0.0001,0.86885,0.51446,3942
72,6,gender,ema_d0.9999,0.01,0.0001,0.86244,0.52156,3942
72,6,gender,mlp_h16,0.001,0.0,0.69351,0.52486,3942
72,6,gender,mlp_h32,0.001,0.0,0.69052,0.52892,3942
72,6,gender,mlp_h64,0.001,0.0,0.69538,0.52055,3942
72,6,gender,mlp_h128,0.001,0.0,0.69843,0.51142,3942
72,6,gender,attention,0.0001,1e-05,1.32227,0.48438,3942
72,6,gender,shuffled,0.01,0.0001,0.84317,0.50989,3942
72,6,star_sign,ema_lr1e-3,0.001,0.0001,3.22441,0.10046,3942
72,6,star_sign,ema_lr5e-3,0.005,0.0001,2.8748,0.14206,3942
72,6,star_sign,ema_lr1e-2,0.01,0.0001,2.53072,0.16388,3942
72,6,star_sign,ema_lr5e-2,0.05,0.0001,0.73055,0.94292,3942
72,6,star_sign,ema_lr1e-2_wd1e-3,0.01,0.001,2.41345,0.22451,3942
72,6,star_sign,ema_d0.99,0.01,0.0001,2.47164,0.18417,3942
72,6,star_sign,ema_d0.9999,0.01,0.0001,2.41728,0.18798,3942
72,6,star_sign,mlp_h16,0.001,0.0,0.79941,0.99797,3942
72,6,star_sign,mlp_h32,0.001,0.0,0.1991,1.0,3942
72,6,star_sign,mlp_h64,0.001,0.0,0.04425,1.0,3942
72,6,star_sign,mlp_h128,0.001,0.0,0.01185,1.0,3942
72,6,star_sign,attention,0.0001,1e-05,0.17963,0.97656,3942
72,6,star_sign,shuffled,0.01,0.0001,2.45032,0.18569,3942
73,0,age_bin,ema_lr1e-3,0.001,0.0001,1.5166,0.30938,4063
73,0,age_bin,ema_lr5e-3,0.005,0.0001,1.2223,0.50062,4063
73,0,age_bin,ema_lr1e-2,0.01,0.0001,0.99555,0.64214,4063
73,0,age_bin,ema_lr5e-2,0.05,0.0001,0.25192,0.98819,4063
73,0,age_bin,ema_lr1e-2_wd1e-3,0.01,0.001,0.98747,0.62048,4063
73,0,age_bin,ema_d0.99,0.01,0.0001,0.99234,0.58725,4063
73,0,age_bin,ema_d0.9999,0.01,0.0001,0.97468,0.6793,4063
73,0,age_bin,mlp_h16,0.001,0.0,0.19225,1.0,4063
73,0,age_bin,mlp_h32,0.001,0.0,0.06076,1.0,4063
73,0,age_bin,mlp_h64,0.001,0.0,0.02396,1.0,4063
73,0,age_bin,mlp_h128,0.001,0.0,0.0049,1.0,4063
73,0,age_bin,attention,0.0001,1e-05,0.97468,1.0,4063
73,0,age_bin,shuffled,0.01,0.0001,1.02337,0.59734,4063
73,0,gender,ema_lr1e-3,0.001,0.0001,1.05653,0.50751,4063
73,0,gender,ema_lr5e-3,0.005,0.0001,0.95153,0.50258,4063
73,0,gender,ema_lr1e-2,0.01,0.0001,0.84874,0.49003,4063
73,0,gender,ema_lr5e-2,0.05,0.0001,0.73736,0.48388,4063
73,0,gender,ema_lr1e-2_wd1e-3,0.01,0.001,0.85566,0.51612,4063
73,0,gender,ema_d0.99,0.01,0.0001,0.87887,0.48954,4063
73,0,gender,ema_d0.9999,0.01,0.0001,0.87463,0.50997,4063
73,0,gender,mlp_h16,0.001,0.0,0.69166,0.52917,4063
73,0,gender,mlp_h32,0.001,0.0,0.69114,0.51834,4063
73,0,gender,mlp_h64,0.001,0.0,0.69214,0.52129,4063
73,0,gender,mlp_h128,0.001,0.0,0.68954,0.53606,4063
73,0,gender,attention,0.0001,1e-05,0.69334,0.47656,4063
73,0,gender,shuffled,0.01,0.0001,0.85548,0.51415,4063
73,0,star_sign,ema_lr1e-3,0.001,0.0001,3.26231,0.07039,4063
73,0,star_sign,ema_lr5e-3,0.005,0.0001,2.7737,0.15014,4063
73,0,star_sign,ema_lr1e-2,0.01,0.0001,2.47523,0.28132,4063
73,0,star_sign,ema_lr5e-2,0.05,0.0001,0.71041,0.92666,4063
73,0,star_sign,ema_lr1e-2_wd1e-3,0.01,0.001,2.48837,0.21191,4063
73,0,star_sign,ema_d0.99,0.01,0.0001,2.46125,0.22988,4063
73,0,star_sign,ema_d0.9999,0.01,0.0001,2.44121,0.24735,4063
73,0,star_sign,mlp_h16,0.001,0.0,0.57111,0.99803,4063
73,0,star_sign,mlp_h32,0.001,0.0,0.0921,1.0,4063
73,0,star_sign,mlp_h64,0.001,0.0,0.06172,1.0,4063
73,0,star_sign,mlp_h128,0.001,0.0,0.01137,1.0,4063
73,0,star_sign,attention,0.0001,1e-05,2.33596,1.0,4063
73,0,star_sign,shuffled,0.01,0.0001,2.46225,0.16933,4063
73,4,age_bin,ema_lr1e-3,0.001,0.0001,1.3731,0.35737,4063
73,4,age_bin,ema_lr5e-3,0.005,0.0001,1.14426,0.42038,4063
73,4,age_bin,ema_lr1e-2,0.01,0.0001,0.89852,0.58061,4063
73,4,age_bin,ema_lr5e-2,0.05,0.0001,0.25095,0.99532,4063
73,4,age_bin,ema_lr1e-2_wd1e-3,0.01,0.001,0.93173,0.56559,4063
73,4,age_bin,ema_d0.99,0.01,0.0001,0.89871,0.60103,4063
73,4,age_bin,ema_d0.9999,0.01,0.0001,0.91371,0.59463,4063
73,4,age_bin,mlp_h16,0.001,0.0,0.07662,1.0,4063
73,4,age_bin,mlp_h32,0.001,0.0,0.03019,1.0,4063
73,4,age_bin,mlp_h64,0.001,0.0,0.00873,1.0,4063
73,4,age_bin,mlp_h128,0.001,0.0,0.00442,1.0,4063
73,4,age_bin,attention,0.0001,1e-05,0.00144,1.0,4063
73,4,age_bin,shuffled,0.01,0.0001,0.90993,0.57667,4063
73,4,gender,ema_lr1e-3,0.001,0.0001,0.96995,0.508,4063
73,4,gender,ema_lr5e-3,0.005,0.0001,0.92399,0.47822,4063
73,4,gender,ema_lr1e-2,0.01,0.0001,0.81833,0.50529,4063
73,4,gender,ema_lr5e-2,0.05,0.0001,0.71888,0.5176,4063
73,4,gender,ema_lr1e-2_wd1e-3,0.01,0.001,0.82184,0.51292,4063
73,4,gender,ema_d0.99,0.01,0.0001,0.79511,0.5176,4063
73,4,gender,ema_d0.9999,0.01,0.0001,0.80241,0.50948,4063
73,4,gender,mlp_h16,0.001,0.0,0.6885,0.54664,4063
73,4,gender,mlp_h32,0.001,0.0,0.68979,0.52572,4063
73,4,gender,mlp_h64,0.001,0.0,0.68624,0.54713,4063
73,4,gender,mlp_h128,0.001,0.0,0.68762,0.54516,4063
73,4,gender,attention,0.0001,1e-05,0.6996,0.48438,4063
73,4,gender,shuffled,0.01,0.0001,0.83563,0.48782,4063
73,4,star_sign,ema_lr1e-3,0.001,0.0001,3.08162,0.08171,4063
73,4,star_sign,ema_lr5e-3,0.005,0.0001,2.65731,0.14989,4063
73,4,star_sign,ema_lr1e-2,0.01,0.0001,2.29702,0.2732,4063
73,4,star_sign,ema_lr5e-2,0.05,0.0001,0.64079,0.98449,4063
73,4,star_sign,ema_lr1e-2_wd1e-3,0.01,0.001,2.30003,0.23751,4063
73,4,star_sign,ema_d0.99,0.01,0.0001,2.31117,0.18828,4063
73,4,star_sign,ema_d0.9999,0.01,0.0001,2.3259,0.18336,4063
73,4,star_sign,mlp_h16,0.001,0.0,0.42092,1.0,4063
73,4,star_sign,mlp_h32,0.001,0.0,0.06388,1.0,4063
73,4,star_sign,mlp_h64,0.001,0.0,0.01792,1.0,4063
73,4,star_sign,mlp_h128,0.001,0.0,0.00629,1.0,4063
73,4,star_sign,attention,0.0001,1e-05,0.35785,1.0,4063
73,4,star_sign,shuffled,0.01,0.0001,2.32905,0.27246,4063
73,6,age_bin,ema_lr1e-3,0.001,0.0001,1.52567,0.34728,4063
73,6,age_bin,ema_lr5e-3,0.005,0.0001,1.23603,0.43835,4063
73,6,age_bin,ema_lr1e-2,0.01,0.0001,0.9606,0.55649,4063
73,6,age_bin,ema_lr5e-2,0.05,0.0001,0.248,0.98868,4063
73,6,age_bin,ema_lr1e-2_wd1e-3,0.01,0.001,0.96328,0.54639,4063
73,6,age_bin,ema_d0.99,0.01,0.0001,1.01957,0.53015,4063
73,6,age_bin,ema_d0.9999,0.01,0.0001,0.96587,0.56239,4063
73,6,age_bin,mlp_h16,0.001,0.0,0.06342,1.0,4063
73,6,age_bin,mlp_h32,0.001,0.0,0.04091,1.0,4063
73,6,age_bin,mlp_h64,0.001,0.0,0.01769,1.0,4063
73,6,age_bin,mlp_h128,0.001,0.0,0.00682,1.0,4063
73,6,age_bin,attention,0.0001,1e-05,0.00552,1.0,4063
73,6,age_bin,shuffled,0.01,0.0001,0.96953,0.55673,4063
73,6,gender,ema_lr1e-3,0.001,0.0001,1.06195,0.47945,4063
73,6,gender,ema_lr5e-3,0.005,0.0001,0.94951,0.49323,4063
73,6,gender,ema_lr1e-2,0.01,0.0001,0.84649,0.50726,4063
73,6,gender,ema_lr5e-2,0.05,0.0001,0.71013,0.5299,4063
73,6,gender,ema_lr1e-2_wd1e-3,0.01,0.001,0.84138,0.5208,4063
73,6,gender,ema_d0.99,0.01,0.0001,0.84964,0.50209,4063
73,6,gender,ema_d0.9999,0.01,0.0001,0.94273,0.46345,4063
73,6,gender,mlp_h16,0.001,0.0,0.68835,0.53335,4063
73,6,gender,mlp_h32,0.001,0.0,0.68769,0.54295,4063
73,6,gender,mlp_h64,0.001,0.0,0.68261,0.54935,4063
73,6,gender,mlp_h128,0.001,0.0,0.68408,0.54689,4063
73,6,gender,attention,0.0001,1e-05,1.30754,0.46875,4063
73,6,gender,shuffled,0.01,0.0001,0.86298,0.48609,4063
73,6,star_sign,ema_lr1e-3,0.001,0.0001,3.20634,0.09254,4063
73,6,star_sign,ema_lr5e-3,0.005,0.0001,2.96277,0.11125,4063
73,6,star_sign,ema_lr1e-2,0.01,0.0001,2.51938,0.16244,4063
73,6,star_sign,ema_lr5e-2,0.05,0.0001,0.69164,0.94708,4063
73,6,star_sign,ema_lr1e-2_wd1e-3,0.01,0.001,2.47938,0.20896,4063
73,6,star_sign,ema_d0.99,0.01,0.0001,2.48858,0.18533,4063
73,6,star_sign,ema_d0.9999,0.01,0.0001,2.50654,0.18189,4063
73,6,star_sign,mlp_h16,0.001,0.0,0.77866,0.99828,4063
73,6,star_sign,mlp_h32,0.001,0.0,0.19353,1.0,4063
73,6,star_sign,mlp_h64,0.001,0.0,0.04322,1.0,4063
73,6,star_sign,mlp_h128,0.001,0.0,0.01139,1.0,4063
73,6,star_sign,attention,0.0001,1e-05,0.07598,0.96875,4063
73,6,star_sign,shuffled,0.01,0.0001,2.51437,0.17721,4063
74,0,age_bin,ema_lr1e-3,0.001,0.0001,1.56585,0.28823,4205
74,0,age_bin,ema_lr5e-3,0.005,0.0001,1.22652,0.50654,4205
74,0,age_bin,ema_lr1e-2,0.01,0.0001,0.9798,0.64994,4205
74,0,age_bin,ema_lr5e-2,0.05,0.0001,0.243,0.98977,4205
74,0,age_bin,ema_lr1e-2_wd1e-3,0.01,0.001,0.98909,0.6176,4205
74,0,age_bin,ema_d0.99,0.01,0.0001,0.9938,0.57717,4205
74,0,age_bin,ema_d0.9999,0.01,0.0001,0.9956,0.66159,4205
74,0,age_bin,mlp_h16,0.001,0.0,0.18726,1.0,4205
74,0,age_bin,mlp_h32,0.001,0.0,0.05806,1.0,4205
74,0,age_bin,mlp_h64,0.001,0.0,0.02242,1.0,4205
74,0,age_bin,mlp_h128,0.001,0.0,0.00463,1.0,4205
74,0,age_bin,attention,0.0001,1e-05,0.97204,1.0,4205
74,0,age_bin,shuffled,0.01,0.0001,1.00338,0.60024,4205
74,0,gender,ema_lr1e-3,0.001,0.0001,1.07393,0.49061,4205
74,0,gender,ema_lr5e-3,0.005,0.0001,0.93951,0.5063,4205
74,0,gender,ema_lr1e-2,0.01,0.0001,0.84242,0.49608,4205
74,0,gender,ema_lr5e-2,0.05,0.0001,0.72793,0.50868,4205
74,0,gender,ema_lr1e-2_wd1e-3,0.01,0.001,0.85202,0.5063,4205
74,0,gender,ema_d0.99,0.01,0.0001,0.87287,0.50844,4205
74,0,gender,ema_d0.9999,0.01,0.0001,0.89669,0.50844,4205
74,0,gender,mlp_h16,0.001,0.0,0.69522,0.50273,4205
74,0,gender,mlp_h32,0.001,0.0,0.69251,0.51201,4205
74,0,gender,mlp_h64,0.001,0.0,0.69537,0.49917,4205
74,0,gender,mlp_h128,0.001,0.0,0.69469,0.5044,4205
74,0,gender,attention,0.0001,1e-05,0.69284,0.52344,4205
74,0,gender,shuffled,0.01,0.0001,0.87541,0.49346,4205
74,0,star_sign,ema_lr1e-3,0.001,0.0001,3.30774,0.07444,4205
74,0,star_sign,ema_lr5e-3,0.005,0.0001,2.80945,0.1453,4205
74,0,star_sign,ema_lr1e-2,0.01,0.0001,2.48799,0.27325,4205
74,0,star_sign,ema_lr5e-2,0.05,0.0001,0.67306,0.94293,4205
74,0,star_sign,ema_lr1e-2_wd1e-3,0.01,0.001,2.45437,0.20547,4205
74,0,star_sign,ema_d0.99,0.01,0.0001,2.49167,0.23424,4205
74,0,star_sign,ema_d0.9999,0.01,0.0001,2.44303,0.2371,4205
74,0,star_sign,mlp_h16,0.001,0.0,0.55343,0.9962,4205
74,0,star_sign,mlp_h32,0.001,0.0,0.08781,1.0,4205
74,0,star_sign,mlp_h64,0.001,0.0,0.05594,1.0,4205
74,0,star_sign,mlp_h128,0.001,0.0,0.01081,1.0,4205
74,0,star_sign,attention,0.0001,1e-05,2.33307,1.0,4205
74,0,star_sign,shuffled,0.01,0.0001,2.4295,0.17503,4205
74,4,age_bin,ema_lr1e-3,0.001,0.0001,1.40865,0.34055,4205
74,4,age_bin,ema_lr5e-3,0.005,0.0001,1.12397,0.43353,4205
74,4,age_bin,ema_lr1e-2,0.01,0.0001,0.88076,0.58882,4205
74,4,age_bin,ema_lr5e-2,0.05,0.0001,0.24461,0.99405,4205
74,4,age_bin,ema_lr1e-2_wd1e-3,0.01,0.001,0.92579,0.58074,4205
74,4,age_bin,ema_d0.99,0.01,0.0001,0.88954,0.60761,4205
74,4,age_bin,ema_d0.9999,0.01,0.0001,0.8894,0.60428,4205
74,4,age_bin,mlp_h16,0.001,0.0,0.07199,1.0,4205
74,4,age_bin,mlp_h32,0.001,0.0,0.02827,1.0,4205
74,4,age_bin,mlp_h64,0.001,0.0,0.00829,1.0,4205
74,4,age_bin,mlp_h128,0.001,0.0,0.00426,1.0,4205
74,4,age_bin,attention,0.0001,1e-05,0.00346,1.0,4205
74,4,age_bin,shuffled,0.01,0.0001,0.89171,0.57979,4205
74,4,gender,ema_lr1e-3,0.001,0.0001,0.96432,0.51581,4205
74,4,gender,ema_lr5e-3,0.005,0.0001,0.88877,0.49798,4205
74,4,gender,ema_lr1e-2,0.01,0.0001,0.82382,0.4887,4205
74,4,gender,ema_lr5e-2,0.05,0.0001,0.73559,0.49203,4205
74,4,gender,ema_lr1e-2_wd1e-3,0.01,0.001,0.85166,0.48894,4205
74,4,gender,ema_d0.99,0.01,0.0001,0.81119,0.50892,4205
74,4,gender,ema_d0.9999,0.01,0.0001,0.8147,0.49227,4205
74,4,gender,mlp_h16,0.001,0.0,0.69459,0.50392,4205
74,4,gender,mlp_h32,0.001,0.0,0.69518,0.50036,4205
74,4,gender,mlp_h64,0.001,0.0,0.69737,0.5063,4205
74,4,gender,mlp_h128,0.001,0.0,0.69582,0.50678,4205
74,4,gender,attention,0.0001,1e-05,0.69408,0.50781,4205
74,4,gender,shuffled,0.01,0.0001,0.83248,0.49465,4205
74,4,star_sign,ema_lr1e-3,0.001,0.0001,3.02833,0.08989,4205
74,4,star_sign,ema_lr5e-3,0.005,0.0001,2.7003,0.12794,4205
74,4,star_sign,ema_lr1e-2,0.01,0.0001,2.25602,0.28537,4205
74,4,star_sign,ema_lr5e-2,0.05,0.0001,0.64076,0.98002,4205
74,4,star_sign,ema_lr1e-2_wd1e-3,0.01,0.001,2.30822,0.24162,4205
74,4,star_sign,ema_d0.99,0.01,0.0001,2.29522,0.19952,4205
74,4,star_sign,ema_d0.9999,0.01,0.0001,2.29144,0.19429,4205
74,4,star_sign,mlp_h16,0.001,0.0,0.38311,1.0,4205
74,4,star_sign,mlp_h32,0.001,0.0,0.0579,1.0,4205
74,4,star_sign,mlp_h64,0.001,0.0,0.01688,1.0,4205
74,4,star_sign,mlp_h128,0.001,0.0,0.00609,1.0,4205
74,4,star_sign,attention,0.0001,1e-05,0.32027,1.0,4205
74,4,star_sign,shuffled,0.01,0.0001,2.28578,0.28942,4205
74,6,age_bin,ema_lr1e-3,0.001,0.0001,1.46903,0.36623,4205
74,6,age_bin,ema_lr5e-3,0.005,0.0001,1.30084,0.41451,4205
74,6,age_bin,ema_lr1e-2,0.01,0.0001,1.0041,0.5327,4205
74,6,age_bin,ema_lr5e-2,0.05,0.0001,0.24621,0.99191,4205
74,6,age_bin,ema_lr1e-2_wd1e-3,0.01,0.001,0.96031,0.56124,4205
74,6,age_bin,ema_d0.99,0.01,0.0001,1.03457,0.52081,4205
74,6,age_bin,ema_d0.9999,0.01,0.0001,0.99893,0.53793,4205
74,6,age_bin,mlp_h16,0.001,0.0,0.06233,1.0,4205
74,6,age_bin,mlp_h32,0.001,0.0,0.03992,1.0,4205
74,6,age_bin,mlp_h64,0.001,0.0,0.01693,1.0,4205
74,6,age_bin,mlp_h128,0.001,0.0,0.00662,1.0,4205
74,6,age_bin,attention,0.0001,1e-05,0.01062,0.99219,4205
74,6,age_bin,shuffled,0.01,0.0001,0.97833,0.5453,4205
74,6,gender,ema_lr1e-3,0.001,0.0001,1.01305,0.50535,4205
74,6,gender,ema_lr5e-3,0.005,0.0001,0.96721,0.47206,4205
74,6,gender,ema_lr1e-2,0.01,0.0001,0.85355,0.50488,4205
74,6,gender,ema_lr5e-2,0.05,0.0001,0.72435,0.50678,4205
74,6,gender,ema_lr1e-2_wd1e-3,0.01,0.001,0.8526,0.5082,4205
74,6,gender,ema_d0.99,0.01,0.0001,0.87487,0.48656,4205
74,6,gender,ema_d0.9999,0.01,0.0001,0.9124,0.4849,4205
74,6,gender,mlp_h16,0.001,0.0,0.69672,0.49845,4205
74,6,gender,mlp_h32,0.001,0.0,0.69771,0.5082,4205
74,6,gender,mlp_h64,0.001,0.0,0.69429,0.5113,4205
74,6,gender,mlp_h128,0.001,0.0,0.69483,0.51677,4205
74,6,gender,attention,0.0001,1e-05,1.21671,0.55469,4205
74,6,gender,shuffled,0.01,0.0001,0.86899,0.48537,4205
74,6,star_sign,ema_lr1e-3,0.001,0.0001,3.14401,0.09703,4205
74,6,star_sign,ema_lr5e-3,0.005,0.0001,2.75487,0.14958,4205
74,6,star_sign,ema_lr1e-2,0.01,0.0001,2.46439,0.17979,4205
74,6,star_sign,ema_lr5e-2,0.05,0.0001,0.67736,0.95268,4205
74,6,star_sign,ema_lr1e-2_wd1e-3,0.01,0.001,2.51747,0.19952,4205
74,6,star_sign,ema_d0.99,0.01,0.0001,2.38718,0.20404,4205
74,6,star_sign,ema_d0.9999,0.01,0.0001,2.41688,0.1874,4205
74,6,star_sign,mlp_h16,0.001,0.0,0.76383,0.99834,4205
74,6,star_sign,mlp_h32,0.001,0.0,0.18208,1.0,4205
74,6,star_sign,mlp_h64,0.001,0.0,0.04202,1.0,4205
74,6,star_sign,mlp_h128,0.001,0.0,0.01128,1.0,4205
74,6,star_sign,attention,0.0001,1e-05,0.00618,1.0,4205
74,6,star_sign,shuffled,0.01,0.0001,2.4247,0.2,4205
75,0,age_bin,ema_lr1e-3,0.001,0.0001,1.55363,0.29779,3939
75,0,age_bin,ema_lr5e-3,0.005,0.0001,1.21695,0.50241,3939
75,0,age_bin,ema_lr1e-2,0.01,0.0001,0.95554,0.66184,3939
75,0,age_bin,ema_lr5e-2,0.05,0.0001,0.23437,0.99061,3939
75,0,age_bin,ema_lr1e-2_wd1e-3,0.01,0.001,0.94834,0.62706,3939
75,0,age_bin,ema_d0.99,0.01,0.0001,0.97809,0.59051,3939
75,0,age_bin,ema_d0.9999,0.01,0.0001,0.98456,0.66235,3939
75,0,age_bin,mlp_h16,0.001,0.0,0.17883,1.0,3939
75,0,age_bin,mlp_h32,0.001,0.0,0.05722,1.0,3939
75,0,age_bin,mlp_h64,0.001,0.0,0.02175,1.0,3939
75,0,age_bin,mlp_h128,0.001,0.0,0.00461,1.0,3939
75,0,age_bin,attention,0.0001,1e-05,0.97202,1.0,3939
75,0,age_bin,shuffled,0.01,0.0001,1.00418,0.60142,3939
75,0,gender,ema_lr1e-3,0.001,0.0001,1.05058,0.50876,3939
75,0,gender,ema_lr5e-3,0.005,0.0001,0.95978,0.4986,3939
75,0,gender,ema_lr1e-2,0.01,0.0001,0.85017,0.50165,3939
75,0,gender,ema_lr5e-2,0.05,0.0001,0.7317,0.51028,3939
75,0,gender,ema_lr1e-2_wd1e-3,0.01,0.001,0.86395,0.50774,3939
75,0,gender,ema_d0.99,0.01,0.0001,0.85169,0.5113,3939
75,0,gender,ema_d0.9999,0.01,0.0001,0.90004,0.50698,3939
75,0,gender,mlp_h16,0.001,0.0,0.69237,0.52196,3939
75,0,gender,mlp_h32,0.001,0.0,0.69321,0.51815,3939
75,0,gender,mlp_h64,0.001,0.0,0.69124,0.52932,3939
75,0,gender,mlp_h128,0.001,0.0,0.69221,0.52298,3939
75,0,gender,attention,0.0001,1e-05,0.69324,0.48438,3939
75,0,gender,shuffled,0.01,0.0001,0.84943,0.51206,3939
75,0,star_sign,ema_lr1e-3,0.001,0.0001,3.25291,0.07718,3939
75,0,star_sign,ema_lr5e-3,0.005,0.0001,2.80108,0.13734,3939
75,0,star_sign,ema_lr1e-2,0.01,0.0001,2.50744,0.2592,3939
75,0,star_sign,ema_lr5e-2,0.05,0.0001,0.66951,0.94669,3939
75,0,star_sign,ema_lr1e-2_wd1e-3,0.01,0.001,2.43349,0.20919,3939
75,0,star_sign,ema_d0.99,0.01,0.0001,2.48118,0.23458,3939
75,0,star_sign,ema_d0.9999,0.01,0.0001,2.42013,0.24016,3939
75,0,star_sign,mlp_h16,0.001,0.0,0.52719,0.99873,3939
75,0,star_sign,mlp_h32,0.001,0.0,0.08593,1.0,3939
75,0,star_sign,mlp_h64,0.001,0.0,0.05602,1.0,3939
75,0,star_sign,mlp_h128,0.001,0.0,0.01097,1.0,3939
75,0,star_sign,attention,0.0001,1e-05,2.33216,1.0,3939
75,0,star_sign,shuffled,0.01,0.0001,2.42076,0.18482,3939
75,4,age_bin,ema_lr1e-3,0.001,0.0001,1.41896,0.34171,3939
75,4,age_bin,ema_lr5e-3,0.005,0.0001,1.12578,0.41381,3939
75,4,age_bin,ema_lr1e-2,0.01,0.0001,0.86338,0.59964,3939
75,4,age_bin,ema_lr5e-2,0.05,0.0001,0.23992,0.99492,3939
75,4,age_bin,ema_lr1e-2_wd1e-3,0.01,0.001,0.91338,0.57705,3939
75,4,age_bin,ema_d0.99,0.01,0.0001,0.89832,0.59736,3939
75,4,age_bin,ema_d0.9999,0.01,0.0001,0.90144,0.59101,3939
75,4,age_bin,mlp_h16,0.001,0.0,0.06927,1.0,3939
75,4,age_bin,mlp_h32,0.001,0.0,0.02721,1.0,3939
75,4,age_bin,mlp_h64,0.001,0.0,0.00807,1.0,3939
75,4,age_bin,mlp_h128,0.001,0.0,0.00411,1.0,3939
75,4,age_bin,attention,0.0001,1e-05,0.00205,1.0,3939
75,4,age_bin,shuffled,0.01,0.0001,0.88712,0.59127,3939
75,4,gender,ema_lr1e-3,0.001,0.0001,1.01095,0.50114,3939
75,4,gender,ema_lr5e-3,0.005,0.0001,0.87563,0.50927,3939
75,4,gender,ema_lr1e-2,0.01,0.0001,0.81179,0.49733,3939
75,4,gender,ema_lr5e-2,0.05,0.0001,0.72501,0.51206,3939
75,4,gender,ema_lr1e-2_wd1e-3,0.01,0.001,0.80027,0.52221,3939
75,4,gender,ema_d0.99,0.01,0.0001,0.79711,0.51003,3939
75,4,gender,ema_d0.9999,0.01,0.0001,0.81531,0.50038,3939
75,4,gender,mlp_h16,0.001,0.0,0.69629,0.48896,3939
75,4,gender,mlp_h32,0.001,0.0,0.69373,0.50749,3939
75,4,gender,mlp_h64,0.001,0.0,0.69485,0.50267,3939
75,4,gender,mlp_h128,0.001,0.0,0.69525,0.51663,3939
75,4,gender,attention,0.0001,1e-05,0.69496,0.5,3939
75,4,gender,shuffled,0.01,0.0001,0.81595,0.50698,3939
75,4,star_sign,ema_lr1e-3,0.001,0.0001,3.0256,0.09342,3939
75,4,star_sign,ema_lr5e-3,0.005,0.0001,2.67776,0.13252,3939
75,4,star_sign,ema_lr1e-2,0.01,0.0001,2.25112,0.27545,3939
75,4,star_sign,ema_lr5e-2,0.05,0.0001,0.62388,0.98477,3939
75,4,star_sign,ema_lr1e-2_wd1e-3,0.01,0.001,2.28501,0.25057,3939
75,4,star_sign,ema_d0.99,0.01,0.0001,2.27539,0.19548,3939
75,4,star_sign,ema_d0.9999,0.01,0.0001,2.28301,0.19954,3939
75,4,star_sign,mlp_h16,0.001,0.0,0.37137,1.0,3939
75,4,star_sign,mlp_h32,0.001,0.0,0.05473,1.0,3939
75,4,star_sign,mlp_h64,0.001,0.0,0.01583,1.0,3939
75,4,star_sign,mlp_h128,0.001,0.0,0.00584,1.0,3939
75,4,star_sign,attention,0.0001,1e-05,0.20746,1.0,3939
75,4,star_sign,shuffled,0.01,0.0001,2.27824,0.29728,3939
75,6,age_bin,ema_lr1e-3,0.001,0.0001,1.54902,0.33409,3939
75,6,age_bin,ema_lr5e-3,0.005,0.0001,1.24215,0.43844,3939
75,6,age_bin,ema_lr1e-2,0.01,0.0001,0.97997,0.55395,3939
75,6,age_bin,ema_lr5e-2,0.05,0.0001,0.25719,0.98883,3939
75,6,age_bin,ema_lr1e-2_wd1e-3,0.01,0.001,0.95705,0.55344,3939
75,6,age_bin,ema_d0.99,0.01,0.0001,0.96726,0.54506,3939
75,6,age_bin,ema_d0.9999,0.01,0.0001,0.90144,0.59406,3939
75,6,age_bin,mlp_h16,0.001,0.0,0.05998,1.0,3939
75,6,age_bin,mlp_h32,0.001,0.0,0.03896,1.0,3939
75,6,age_bin,mlp_h64,0.001,0.0,0.0164,1.0,3939
75,6,age_bin,mlp_h128,0.001,0.0,0.00657,1.0,3939
75,6,age_bin,attention,0.0001,1e-05,0.01392,0.99219,3939
75,6,age_bin,shuffled,0.01,0.0001,0.97958,0.5476,3939
75,6,gender,ema_lr1e-3,0.001,0.0001,1.04046,0.49784,3939
75,6,gender,ema_lr5e-3,0.005,0.0001,0.93551,0.48769,3939
75,6,gender,ema_lr1e-2,0.01,0.0001,0.83386,0.51079,3939
75,6,gender,ema_lr5e-2,0.05,0.0001,0.7475,0.48185,3939
75,6,gender,ema_lr1e-2_wd1e-3,0.01,0.001,0.83699,0.51257,3939
75,6,gender,ema_d0.99,0.01,0.0001,0.82965,0.52805,3939
75,6,gender,ema_d0.9999,0.01,0.0001,0.8686,0.50317,3939
75,6,gender,mlp_h16,0.001,0.0,0.69162,0.52044,3939
75,6,gender,mlp_h32,0.001,0.0,0.69598,0.49581,3939
75,6,gender,mlp_h64,0.001,0.0,0.69331,0.52221,3939
75,6,gender,mlp_h128,0.001,0.0,0.69558,0.52272,3939
75,6,gender,attention,0.0001,1e-05,1.52173,0.42969,3939
75,6,gender,shuffled,0.01,0.0001,0.84752,0.4915,3939
75,6,star_sign,ema_lr1e-3,0.001,0.0001,3.15415,0.10307,3939
75,6,star_sign,ema_lr5e-3,0.005,0.0001,2.8589,0.14166,3939
75,6,star_sign,ema_lr1e-2,0.01,0.0001,2.54792,0.16349,3939
75,6,star_sign,ema_lr5e-2,0.05,0.0001,0.67975,0.95786,3939
75,6,star_sign,ema_lr1e-2_wd1e-3,0.01,0.001,2.42519,0.22087,3939
75,6,star_sign,ema_d0.99,0.01,0.0001,2.47278,0.1866,3939
75,6,star_sign,ema_d0.9999,0.01,0.0001,2.4516,0.18939,3939
75,6,star_sign,mlp_h16,0.001,0.0,0.72479,0.99873,3939
75,6,star_sign,mlp_h32,0.001,0.0,0.17537,1.0,3939
75,6,star_sign,mlp_h64,0.001,0.0,0.04003,1.0,3939
75,6,star_sign,mlp_h128,0.001,0.0,0.01105,1.0,3939
75,6,star_sign,attention,0.0001,1e-05,0.05776,0.99219,3939
75,6,star_sign,shuffled,0.01,0.0001,2.41681,0.19472,3939
76,0,age_bin,ema_lr1e-3,0.001,0.0001,1.54985,0.2978,4419
76,0,age_bin,ema_lr5e-3,0.005,0.0001,1.20814,0.50758,4419
76,0,age_bin,ema_lr1e-2,0.01,0.0001,0.94714,0.65988,4419
76,0,age_bin,ema_lr5e-2,0.05,0.0001,0.23436,0.9905,4419
76,0,age_bin,ema_lr1e-2_wd1e-3,0.01,0.001,0.97921,0.62367,4419
76,0,age_bin,ema_d0.99,0.01,0.0001,0.98436,0.58497,4419
76,0,age_bin,ema_d0.9999,0.01,0.0001,0.99484,0.66689,4419
76,0,age_bin,mlp_h16,0.001,0.0,0.17511,1.0,4419
76,0,age_bin,mlp_h32,0.001,0.0,0.05505,1.0,4419
76,0,age_bin,mlp_h64,0.001,0.0,0.02144,1.0,4419
76,0,age_bin,mlp_h128,0.001,0.0,0.00471,1.0,4419
76,0,age_bin,attention,0.0001,1e-05,0.96991,1.0,4419
76,0,age_bin,shuffled,0.01,0.0001,0.99452,0.60579,4419
76,0,gender,ema_lr1e-3,0.001,0.0001,1.0424,0.49921,4419
76,0,gender,ema_lr5e-3,0.005,0.0001,0.98209,0.49446,4419
76,0,gender,ema_lr1e-2,0.01,0.0001,0.8327,0.50984,4419
76,0,gender,ema_lr5e-2,0.05,0.0001,0.72671,0.50441,4419
76,0,gender,ema_lr1e-2_wd1e-3,0.01,0.001,0.87665,0.4974,4419
76,0,gender,ema_d0.99,0.01,0.0001,0.89551,0.49016,4419
76,0,gender,ema_d0.9999,0.01,0.0001,0.88174,0.50305,4419
76,0,gender,mlp_h16,0.001,0.0,0.69472,0.50419,4419
76,0,gender,mlp_h32,0.001,0.0,0.6933,0.51052,4419
76,0,gender,mlp_h64,0.001,0.0,0.69517,0.50645,4419
76,0,gender,mlp_h128,0.001,0.0,0.69657,0.506,4419
76,0,gender,attention,0.0001,1e-05,0.69328,0.51562,4419
76,0,gender,shuffled,0.01,0.0001,0.87255,0.49604,4419
76,0,star_sign,ema_lr1e-3,0.001,0.0001,3.24338,0.0826,4419
76,0,star_sign,ema_lr5e-3,0.005,0.0001,2.80302,0.13849,4419
76,0,star_sign,ema_lr1e-2,0.01,0.0001,2.47005,0.27495,4419
76,0,star_sign,ema_lr5e-2,0.05,0.0001,0.65848,0.94614,4419
76,0,star_sign,ema_lr1e-2_wd1e-3,0.01,0.001,2.41466,0.21951,4419
76,0,star_sign,ema_d0.99,0.01,0.0001,2.45381,0.23919,4419
76,0,star_sign,ema_d0.9999,0.01,0.0001,2.39898,0.31274,4419
76,0,star_sign,mlp_h16,0.001,0.0,0.51148,0.99774,4419
76,0,star_sign,mlp_h32,0.001,0.0,0.08298,1.0,4419
76,0,star_sign,mlp_h64,0.001,0.0,0.05348,1.0,4419
76,0,star_sign,mlp_h128,0.001,0.0,0.01095,1.0,4419
76,0,star_sign,attention,0.0001,1e-05,2.32926,1.0,4419
76,0,star_sign,shuffled,0.01,0.0001,2.42516,0.18443,4419
76,4,age_bin,ema_lr1e-3,0.001,0.0001,1.36211,0.36094,4419
76,4,age_bin,ema_lr5e-3,0.005,0.0001,1.14394,0.41344,4419
76,4,age_bin,ema_lr1e-2,0.01,0.0001,0.87436,0.60172,4419
76,4,age_bin,ema_lr5e-2,0.05,0.0001,0.24,0.99366,4419
76,4,age_bin,ema_lr1e-2_wd1e-3,0.01,0.001,0.93113,0.57208,4419
76,4,age_bin,ema_d0.99,0.01,0.0001,0.88662,0.60489,4419
76,4,age_bin,ema_d0.9999,0.01,0.0001,0.88553,0.60081,4419
76,4,age_bin,mlp_h16,0.001,0.0,0.06839,1.0,4419
76,4,age_bin,mlp_h32,0.001,0.0,0.02653,1.0,4419
76,4,age_bin,mlp_h64,0.001,0.0,0.00803,1.0,4419
76,4,age_bin,mlp_h128,0.001,0.0,0.0042,1.0,4419
76,4,age_bin,attention,0.0001,1e-05,0.00445,1.0,4419
76,4,age_bin,shuffled,0.01,0.0001,0.86791,0.59697,4419
76,4,gender,ema_lr1e-3,0.001,0.0001,1.01599,0.48789,4419
76,4,gender,ema_lr5e-3,0.005,0.0001,0.87748,0.49921,4419
76,4,gender,ema_lr1e-2,0.01,0.0001,0.83222,0.5026,4419
76,4,gender,ema_lr5e-2,0.05,0.0001,0.74013,0.48857,4419
76,4,gender,ema_lr1e-2_wd1e-3,0.01,0.001,0.81299,0.49446,4419
76,4,gender,ema_d0.99,0.01,0.0001,0.80869,0.49853,4419
76,4,gender,ema_d0.9999,0.01,0.0001,0.82005,0.49355,4419
76,4,gender,mlp_h16,0.001,0.0,0.69423,0.50803,4419
76,4,gender,mlp_h32,0.001,0.0,0.69334,0.50419,4419
76,4,gender,mlp_h64,0.001,0.0,0.69391,0.506,4419
76,4,gender,mlp_h128,0.001,0.0,0.69291,0.5232,4419
76,4,gender,attention,0.0001,1e-05,0.6992,0.47656,4419
76,4,gender,shuffled,0.01,0.0001,0.81971,0.50441,4419
76,4,star_sign,ema_lr1e-3,0.001,0.0001,3.03363,0.08486,4419
76,4,star_sign,ema_lr5e-3,0.005,0.0001,2.65733,0.13736,4419
76,4,star_sign,ema_lr1e-2,0.01,0.0001,2.25113,0.2883,4419
76,4,star_sign,ema_lr5e-2,0.05,0.0001,0.61797,0.98801,4419
76,4,star_sign,ema_lr1e-2_wd1e-3,0.01,0.001,2.24373,0.26341,4419
76,4,star_sign,ema_d0.99,0.01,0.0001,2.31013,0.19348,4419
76,4,star_sign,ema_d0.9999,0.01,0.0001,2.25992,0.20299,4419
76,4,star_sign,mlp_h16,0.001,0.0,0.35296,1.0,4419
76,4,star_sign,mlp_h32,0.001,0.0,0.05411,1.0,4419
76,4,star_sign,mlp_h64,0.001,0.0,0.01632,1.0,4419
76,4,star_sign,mlp_h128,0.001,0.0,0.00626,1.0,4419
76,4,star_sign,attention,0.0001,1e-05,0.1715,1.0,4419
76,4,star_sign,shuffled,0.01,0.0001,2.25248,0.2978,4419
76,6,age_bin,ema_lr1e-3,0.001,0.0001,1.51834,0.33967,4419
76,6,age_bin,ema_lr5e-3,0.005,0.0001,1.26551,0.42634,4419
76,6,age_bin,ema_lr1e-2,0.01,0.0001,0.9721,0.54356,4419
76,6,age_bin,ema_lr5e-2,0.05,0.0001,0.23335,0.9914,4419
76,6,age_bin,ema_lr1e-2_wd1e-3,0.01,0.001,0.96336,0.55533,4419
76,6,age_bin,ema_d0.99,0.01,0.0001,0.94639,0.56597,4419
76,6,age_bin,ema_d0.9999,0.01,0.0001,0.9618,0.56506,4419
76,6,age_bin,mlp_h16,0.001,0.0,0.06009,1.0,4419
76,6,age_bin,mlp_h32,0.001,0.0,0.03783,1.0,4419
76,6,age_bin,mlp_h64,0.001,0.0,0.01588,1.0,4419
76,6,age_bin,mlp_h128,0.001,0.0,0.00636,1.0,4419
76,6,age_bin,attention,0.0001,1e-05,0.0022,1.0,4419
76,6,age_bin,shuffled,0.01,0.0001,0.92474,0.57819,4419
76,6,gender,ema_lr1e-3,0.001,0.0001,0.97451,0.53587,4419
76,6,gender,ema_lr5e-3,0.005,0.0001,0.8799,0.52931,4419
76,6,gender,ema_lr1e-2,0.01,0.0001,0.85058,0.51233,4419
76,6,gender,ema_lr5e-2,0.05,0.0001,0.72359,0.5198,4419
76,6,gender,ema_lr1e-2_wd1e-3,0.01,0.001,0.89879,0.47296,4419
76,6,gender,ema_d0.99,0.01,0.0001,0.84141,0.50645,4419
76,6,gender,ema_d0.9999,0.01,0.0001,0.84107,0.52682,4419
76,6,gender,mlp_h16,0.001,0.0,0.68719,0.53677,4419
76,6,gender,mlp_h32,0.001,0.0,0.68733,0.54945,4419
76,6,gender,mlp_h64,0.001,0.0,0.69276,0.51935,4419
76,6,gender,mlp_h128,0.001,0.0,0.69398,0.5327,4419
76,6,gender,attention,0.0001,1e-05,1.30682,0.5625,4419
76,6,gender,shuffled,0.01,0.0001,0.8378,0.50011,4419
76,6,star_sign,ema_lr1e-3,0.001,0.0001,3.08681,0.11677,4419
76,6,star_sign,ema_lr5e-3,0.005,0.0001,2.93327,0.11699,4419
76,6,star_sign,ema_lr1e-2,0.01,0.0001,2.59542,0.15524,4419
76,6,star_sign,ema_lr5e-2,0.05,0.0001,0.66353,0.95632,4419
76,6,star_sign,ema_lr1e-2_wd1e-3,0.01,0.001,2.365,0.23671,4419
76,6,star_sign,ema_d0.99,0.01,0.0001,2.30575,0.23671,4419
76,6,star_sign,ema_d0.9999,0.01,0.0001,2.48282,0.16678,4419
76,6,star_sign,mlp_h16,0.001,0.0,0.70347,0.99864,4419
76,6,star_sign,mlp_h32,0.001,0.0,0.16147,1.0,4419
76,6,star_sign,mlp_h64,0.001,0.0,0.03839,1.0,4419
76,6,star_sign,mlp_h128,0.001,0.0,0.01064,1.0,4419
76,6,star_sign,attention,0.0001,1e-05,0.01793,0.99219,4419
76,6,star_sign,shuffled,0.01,0.0001,2.43971,0.19823,4419
77,0,age_bin,ema_lr1e-3,0.001,0.0001,1.57448,0.29117,3898
77,0,age_bin,ema_lr5e-3,0.005,0.0001,1.22457,0.50385,3898
77,0,age_bin,ema_lr1e-2,0.01,0.0001,0.94886,0.66521,3898
77,0,age_bin,ema_lr5e-2,0.05,0.0001,0.23041,0.99153,3898
77,0,age_bin,ema_lr1e-2_wd1e-3,0.01,0.001,0.9712,0.61801,3898
77,0,age_bin,ema_d0.99,0.01,0.0001,0.96401,0.60416,3898
77,0,age_bin,ema_d0.9999,0.01,0.0001,0.96399,0.67368,3898
77,0,age_bin,mlp_h16,0.001,0.0,0.16843,1.0,3898
77,0,age_bin,mlp_h32,0.001,0.0,0.05213,1.0,3898
77,0,age_bin,mlp_h64,0.001,0.0,0.02045,1.0,3898
77,0,age_bin,mlp_h128,0.001,0.0,0.00448,1.0,3898
77,0,age_bin,attention,0.0001,1e-05,0.96895,1.0,3898
77,0,age_bin,shuffled,0.01,0.0001,0.97866,0.63032,3898
77,0,gender,ema_lr1e-3,0.001,0.0001,1.03768,0.50231,3898
77,0,gender,ema_lr5e-3,0.005,0.0001,0.96396,0.48666,3898
77,0,gender,ema_lr1e-2,0.01,0.0001,0.85532,0.5077,3898
77,0,gender,ema_lr5e-2,0.05,0.0001,0.73635,0.50077,3898
77,0,gender,ema_lr1e-2_wd1e-3,0.01,0.001,0.84859,0.50257,3898
77,0,gender,ema_d0.99,0.01,0.0001,0.8651,0.50128,3898
77,0,gender,ema_d0.9999,0.01,0.0001,0.91129,0.49307,3898
77,0,gender,mlp_h16,0.001,0.0,0.69368,0.51103,3898
77,0,gender,mlp_h32,0.001,0.0,0.6935,0.50872,3898
77,0,gender,mlp_h64,0.001,0.0,0.69333,0.5077,3898
77,0,gender,mlp_h128,0.001,0.0,0.69621,0.50462,3898
77,0,gender,attention,0.0001,1e-05,0.69371,0.4375,3898
77,0,gender,shuffled,0.01,0.0001,0.87122,0.49641,3898
77,0,star_sign,ema_lr1e-3,0.001,0.0001,3.23839,0.07671,3898
77,0,star_sign,ema_lr5e-3,0.005,0.0001,2.77462,0.14161,3898
77,0,star_sign,ema_lr1e-2,0.01,0.0001,2.40978,0.28681,3898
77,0,star_sign,ema_lr5e-2,0.05,0.0001,0.65194,0.94433,3898
77,0,star_sign,ema_lr1e-2_wd1e-3,0.01,0.001,2.43931,0.20934,3898
77,0,star_sign,ema_d0.99,0.01,0.0001,2.43373,0.24038,3898
77,0,star_sign,ema_d0.9999,0.01,0.0001,2.39072,0.30939,3898
77,0,star_sign,mlp_h16,0.001,0.0,0.48933,0.99897,3898
77,0,star_sign,mlp_h32,0.001,0.0,0.07922,1.0,3898
77,0,star_sign,mlp_h64,0.001,0.0,0.05052,1.0,3898
77,0,star_sign,mlp_h128,0.001,0.0,0.01041,1.0,3898
77,0,star_sign,attention,0.0001,1e-05,2.32704,1.0,3898
77,0,star_sign,shuffled,0.01,0.0001,2.41394,0.19318,3898
77,4,age_bin,ema_lr1e-3,0.001,0.0001,1.38922,0.35121,3898
77,4,age_bin,ema_lr5e-3,0.005,0.0001,1.08113,0.44741,3898
77,4,age_bin,ema_lr1e-2,0.01,0.0001,0.86925,0.60877,3898
77,4,age_bin,ema_lr5e-2,0.05,0.0001,0.23822,0.99538,3898
77,4,age_bin,ema_lr1e-2_wd1e-3,0.01,0.001,0.93353,0.56285,3898
77,4,age_bin,ema_d0.99,0.01,0.0001,0.85851,0.62853,3898
77,4,age_bin,ema_d0.9999,0.01,0.0001,0.91518,0.59415,3898
77,4,age_bin,mlp_h16,0.001,0.0,0.06468,1.0,3898
77,4,age_bin,mlp_h32,0.001,0.0,0.02536,1.0,3898
77,4,age_bin,mlp_h64,0.001,0.0,0.00797,1.0,3898
77,4,age_bin,mlp_h128,0.001,0.0,0.00408,1.0,3898
77,4,age_bin,attention,0.0001,1e-05,0.00623,1.0,3898
77,4,age_bin,shuffled,0.01,0.0001,0.87457,0.60493,3898
77,4,gender,ema_lr1e-3,0.001,0.0001,0.9567,0.51077,3898
77,4,gender,ema_lr5e-3,0.005,0.0001,0.89469,0.49974,3898
77,4,gender,ema_lr1e-2,0.01,0.0001,0.82081,0.50462,3898
77,4,gender,ema_lr5e-2,0.05,0.0001,0.71594,0.5195,3898
77,4,gender,ema_lr1e-2_wd1e-3,0.01,0.001,0.83236,0.49128,3898
77,4,gender,ema_d0.99,0.01,0.0001,0.82335,0.48589,3898
77,4,gender,ema_d0.9999,0.01,0.0001,0.80547,0.5059,3898
77,4,gender,mlp_h16,0.001,0.0,0.69098,0.52617,3898
77,4,gender,mlp_h32,0.001,0.0,0.68924,0.53232,3898
77,4,gender,mlp_h64,0.001,0.0,0.68812,0.54207,3898
77,4,gender,mlp_h128,0.001,0.0,0.68983,0.53361,3898
77,4,gender,attention,0.0001,1e-05,0.69918,0.46875,3898
77,4,gender,shuffled,0.01,0.0001,0.82765,0.4959,3898
77,4,star_sign,ema_lr1e-3,0.001,0.0001,2.99196,0.09723,3898
77,4,star_sign,ema_lr5e-3,0.005,0.0001,2.68985,0.13699,3898
77,4,star_sign,ema_lr1e-2,0.01,0.0001,2.20313,0.28887,3898
77,4,star_sign,ema_lr5e-2,0.05,0.0001,0.60698,0.98846,3898
77,4,star_sign,ema_lr1e-2_wd1e-3,0.01,0.001,2.23765,0.25834,3898
77,4,star_sign,ema_d0.99,0.01,0.0001,2.282,0.20677,3898
77,4,star_sign,ema_d0.9999,0.01,0.0001,2.29018,0.19985,3898
77,4,star_sign,mlp_h16,0.001,0.0,0.33181,1.0,3898
77,4,star_sign,mlp_h32,0.001,0.0,0.05172,1.0,3898
77,4,star_sign,mlp_h64,0.001,0.0,0.01582,1.0,3898
77,4,star_sign,mlp_h128,0.001,0.0,0.00578,1.0,3898
77,4,star_sign,attention,0.0001,1e-05,0.12684,1.0,3898
77,4,star_sign,shuffled,0.01,0.0001,2.34326,0.27476,3898
77,6,age_bin,ema_lr1e-3,0.001,0.0001,1.53035,0.35146,3898
77,6,age_bin,ema_lr5e-3,0.005,0.0001,1.19382,0.46357,3898
77,6,age_bin,ema_lr1e-2,0.01,0.0001,0.90401,0.59749,3898
77,6,age_bin,ema_lr5e-2,0.05,0.0001,0.23833,0.99359,3898
77,6,age_bin,ema_lr1e-2_wd1e-3,0.01,0.001,0.97277,0.54028,3898
77,6,age_bin,ema_d0.99,0.01,0.0001,0.9691,0.54772,3898
77,6,age_bin,ema_d0.9999,0.01,0.0001,0.90083,0.59466,3898
77,6,age_bin,mlp_h16,0.001,0.0,0.05838,1.0,3898
77,6,age_bin,mlp_h32,0.001,0.0,0.0353,1.0,3898
77,6,age_bin,mlp_h64,0.001,0.0,0.01529,1.0,3898
77,6,age_bin,mlp_h128,0.001,0.0,0.00624,1.0,3898
77,6,age_bin,attention,0.0001,1e-05,0.10707,0.98438,3898
77,6,age_bin,shuffled,0.01,0.0001,0.90561,0.58004,3898
77,6,gender,ema_lr1e-3,0.001,0.0001,0.96179,0.52514,3898
77,6,gender,ema_lr5e-3,0.005,0.0001,0.92402,0.50949,3898
77,6,gender,ema_lr1e-2,0.01,0.0001,0.89675,0.47409,3898
77,6,gender,ema_lr5e-2,0.05,0.0001,0.72921,0.51385,3898
77,6,gender,ema_lr1e-2_wd1e-3,0.01,0.001,0.87151,0.48794,3898
77,6,gender,ema_d0.99,0.01,0.0001,0.83718,0.51129,3898
77,6,gender,ema_d0.9999,0.01,0.0001,0.88419,0.49615,3898
77,6,gender,mlp_h16,0.001,0.0,0.6854,0.54618,3898
77,6,gender,mlp_h32,0.001,0.0,0.68857,0.54849,3898
77,6,gender,mlp_h64,0.001,0.0,0.6872,0.54695,3898
77,6,gender,mlp_h128,0.001,0.0,0.68817,0.55259,3898
77,6,gender,attention,0.0001,1e-05,1.04445,0.57031,3898
77,6,gender,shuffled,0.01,0.0001,0.85461,0.49769,3898
77,6,star_sign,ema_lr1e-3,0.001,0.0001,3.18414,0.09723,3898
77,6,star_sign,ema_lr5e-3,0.005,0.0001,2.91724,0.12648,3898
77,6,star_sign,ema_lr1e-2,0.01,0.0001,2.44781,0.18214,3898
77,6,star_sign,ema_lr5e-2,0.05,0.0001,0.6495,0.96203,3898
77,6,star_sign,ema_lr1e-2_wd1e-3,0.01,0.001,2.31823,0.24243,3898
77,6,star_sign,ema_d0.99,0.01,0.0001,2.41122,0.20626,3898
77,6,star_sign,ema_d0.9999,0.01,0.0001,2.49793,0.16162,3898
77,6,star_sign,mlp_h16,0.001,0.0,0.69126,0.99846,3898
77,6,star_sign,mlp_h32,0.001,0.0,0.15467,1.0,3898
77,6,star_sign,mlp_h64,0.001,0.0,0.03666,1.0,3898
77,6,star_sign,mlp_h128,0.001,0.0,0.01,1.0,3898
77,6,star_sign,attention,0.0001,1e-05,0.05285,0.97656,3898
77,6,star_sign,shuffled,0.01,0.0001,2.4098,0.20344,3898
78,0,age_bin,ema_lr1e-3,0.001,0.0001,1.53152,0.28785,535
78,0,age_bin,ema_lr5e-3,0.005,0.0001,1.1324,0.52897,535
78,0,age_bin,ema_lr1e-2,0.01,0.0001,0.9295,0.68037,535
78,0,age_bin,ema_lr5e-2,0.05,0.0001,0.23551,0.99065,535
78,0,age_bin,ema_lr1e-2_wd1e-3,0.01,0.001,0.94486,0.64486,535
78,0,age_bin,ema_d0.99,0.01,0.0001,0.95671,0.57757,535
78,0,age_bin,ema_d0.9999,0.01,0.0001,0.95333,0.65981,535
78,0,age_bin,mlp_h16,0.001,0.0,0.15964,1.0,535
78,0,age_bin,mlp_h32,0.001,0.0,0.04805,1.0,535
78,0,age_bin,mlp_h64,0.001,0.0,0.01895,1.0,535
78,0,age_bin,mlp_h128,0.001,0.0,0.00428,1.0,535
78,0,age_bin,attention,0.0001,1e-05,0.96471,1.0,535
78,0,age_bin,shuffled,0.01,0.0001,0.95502,0.61869,535
78,0,gender,ema_lr1e-3,0.001,0.0001,1.09601,0.49533,535
78,0,gender,ema_lr5e-3,0.005,0.0001,0.95466,0.48598,535
78,0,gender,ema_lr1e-2,0.01,0.0001,0.8661,0.49533,535
78,0,gender,ema_lr5e-2,0.05,0.0001,0.72426,0.4785,535
78,0,gender,ema_lr1e-2_wd1e-3,0.01,0.001,0.84257,0.52523,535
78,0,gender,ema_d0.99,0.01,0.0001,0.86614,0.48411,535
78,0,gender,ema_d0.9999,0.01,0.0001,0.91381,0.49346,535
78,0,gender,mlp_h16,0.001,0.0,0.68725,0.58505,535
78,0,gender,mlp_h32,0.001,0.0,0.68997,0.55888,535
78,0,gender,mlp_h64,0.001,0.0,0.68338,0.58692,535
78,0,gender,mlp_h128,0.001,0.0,0.68405,0.56075,535
78,0,gender,attention,0.0001,1e-05,0.69446,0.5,535
78,0,gender,shuffled,0.01,0.0001,0.8518,0.51589,535
78,0,star_sign,ema_lr1e-3,0.001,0.0001,3.251,0.06916,535
78,0,star_sign,ema_lr5e-3,0.005,0.0001,2.69499,0.1514,535
78,0,star_sign,ema_lr1e-2,0.01,0.0001,2.49134,0.26168,535
78,0,star_sign,ema_lr5e-2,0.05,0.0001,0.6208,0.96449,535
78,0,star_sign,ema_lr1e-2_wd1e-3,0.01,0.001,2.39443,0.22617,535
78,0,star_sign,ema_d0.99,0.01,0.0001,2.39595,0.22991,535
78,0,star_sign,ema_d0.9999,0.01,0.0001,2.38392,0.28972,535
78,0,star_sign,mlp_h16,0.001,0.0,0.4655,1.0,535
78,0,star_sign,mlp_h32,0.001,0.0,0.06727,1.0,535
78,0,star_sign,mlp_h64,0.001,0.0,0.04727,1.0,535
78,0,star_sign,mlp_h128,0.001,0.0,0.01,1.0,535
78,0,star_sign,attention,0.0001,1e-05,2.32282,1.0,535
78,0,star_sign,shuffled,0.01,0.0001,2.40423,0.19065,535
78,4,age_bin,ema_lr1e-3,0.001,0.0001,1.38928,0.34579,535
78,4,age_bin,ema_lr5e-3,0.005,0.0001,1.13781,0.41869,535
78,4,age_bin,ema_lr1e-2,0.01,0.0001,0.84006,0.60561,535
78,4,age_bin,ema_lr5e-2,0.05,0.0001,0.23184,0.99813,535
78,4,age_bin,ema_lr1e-2_wd1e-3,0.01,0.001,0.8729,0.6243,535
78,4,age_bin,ema_d0.99,0.01,0.0001,0.82473,0.67664,535
78,4,age_bin,ema_d0.9999,0.01,0.0001,0.87401,0.60374,535
78,4,age_bin,mlp_h16,0.001,0.0,0.06338,1.0,535
78,4,age_bin,mlp_h32,0.001,0.0,0.02433,1.0,535
78,4,age_bin,mlp_h64,0.001,0.0,0.00736,1.0,535
78,4,age_bin,mlp_h128,0.001,0.0,0.00401,1.0,535
78,4,age_bin,attention,0.0001,1e-05,0.01762,1.0,535
78,4,age_bin,shuffled,0.01,0.0001,0.89166,0.57009,535
78,4,gender,ema_lr1e-3,0.001,0.0001,0.96135,0.52897,535
78,4,gender,ema_lr5e-3,0.005,0.0001,0.87588,0.48037,535
78,4,gender,ema_lr1e-2,0.01,0.0001,0.75499,0.53458,535
78,4,gender,ema_lr5e-2,0.05,0.0001,0.73071,0.48972,535
78,4,gender,ema_lr1e-2_wd1e-3,0.01,0.001,0.82041,0.47664,535
78,4,gender,ema_d0.99,0.01,0.0001,0.84516,0.46168,535
78,4,gender,ema_d0.9999,0.01,0.0001,0.83256,0.48785,535
78,4,gender,mlp_h16,0.001,0.0,0.68219,0.56075,535
78,4,gender,mlp_h32,0.001,0.0,0.67825,0.58131,535
78,4,gender,mlp_h64,0.001,0.0,0.6869,0.56075,535
78,4,gender,mlp_h128,0.001,0.0,0.68174,0.57757,535
78,4,gender,attention,0.0001,1e-05,0.69846,0.375,535
78,4,gender,shuffled,0.01,0.0001,0.78332,0.53084,535
78,4,star_sign,ema_lr1e-3,0.001,0.0001,2.99985,0.08972,535
78,4,star_sign,ema_lr5e-3,0.005,0.0001,2.53743,0.1514,535
78,4,star_sign,ema_lr1e-2,0.01,0.0001,2.23292,0.28037,535
78,4,star_sign,ema_lr5e-2,0.05,0.0001,0.57763,0.98879,535
78,4,star_sign,ema_lr1e-2_wd1e-3,0.01,0.001,2.24332,0.2243,535
78,4,star_sign,ema_d0.99,0.01,0.0001,2.3722,0.17009,535
78,4,star_sign,ema_d0.9999,0.01,0.0001,2.2626,0.19252,535
78,4,star_sign,mlp_h16,0.001,0.0,0.30106,1.0,535
78,4,star_sign,mlp_h32,0.001,0.0,0.04909,1.0,535
78,4,star_sign,mlp_h64,0.001,0.0,0.01456,1.0,535
78,4,star_sign,mlp_h128,0.001,0.0,0.00547,1.0,535
78,4,star_sign,attention,0.0001,1e-05,0.12022,1.0,535
78,4,star_sign,shuffled,0.01,0.0001,2.16984,0.3215,535
78,6,age_bin,ema_lr1e-3,0.001,0.0001,1.49905,0.36822,535
78,6,age_bin,ema_lr5e-3,0.005,0.0001,1.27728,0.38879,535
78,6,age_bin,ema_lr1e-2,0.01,0.0001,0.90345,0.58318,535
78,6,age_bin,ema_lr5e-2,0.05,0.0001,0.20555,0.99813,535
78,6,age_bin,ema_lr1e-2_wd1e-3,0.01,0.001,0.90002,0.60374,535
78,6,age_bin,ema_d0.99,0.01,0.0001,0.85549,0.6486,535
78,6,age_bin,ema_d0.9999,0.01,0.0001,0.89801,0.63178,535
78,6,age_bin,mlp_h16,0.001,0.0,0.0542,1.0,535
78,6,age_bin,mlp_h32,0.001,0.0,0.03293,1.0,535
78,6,age_bin,mlp_h64,0.001,0.0,0.01554,1.0,535
78,6,age_bin,mlp_h128,0.001,0.0,0.00585,1.0,535
78,6,age_bin,attention,0.0001,1e-05,1e-05,1.0,535
78,6,age_bin,shuffled,0.01,0.0001,0.88553,0.6,535
78,6,gender,ema_lr1e-3,0.001,0.0001,1.02562,0.50841,535
78,6,gender,ema_lr5e-3,0.005,0.0001,1.08994,0.4,535
78,6,gender,ema_lr1e-2,0.01,0.0001,0.95436,0.41682,535
78,6,gender,ema_lr5e-2,0.05,0.0001,0.69463,0.56822,535
78,6,gender,ema_lr1e-2_wd1e-3,0.01,0.001,0.93893,0.43551,535
78,6,gender,ema_d0.99,0.01,0.0001,0.87467,0.4729,535
78,6,gender,ema_d0.9999,0.01,0.0001,0.79067,0.54579,535
78,6,gender,mlp_h16,0.001,0.0,0.68491,0.52897,535
78,6,gender,mlp_h32,0.001,0.0,0.68126,0.56822,535
78,6,gender,mlp_h64,0.001,0.0,0.67779,0.55327,535
78,6,gender,mlp_h128,0.001,0.0,0.67231,0.58879,535
78,6,gender,attention,0.0001,1e-05,1.2577,0.625,535
78,6,gender,shuffled,0.01,0.0001,0.80567,0.49907,535
78,6,star_sign,ema_lr1e-3,0.001,0.0001,3.15108,0.09533,535
78,6,star_sign,ema_lr5e-3,0.005,0.0001,2.65608,0.19813,535
78,6,star_sign,ema_lr1e-2,0.01,0.0001,2.3015,0.20374,535
78,6,star_sign,ema_lr5e-2,0.05,0.0001,0.62514,0.96636,535
78,6,star_sign,ema_lr1e-2_wd1e-3,0.01,0.001,2.48747,0.20748,535
78,6,star_sign,ema_d0.99,0.01,0.0001,2.44678,0.19439,535
78,6,star_sign,ema_d0.9999,0.01,0.0001,2.32545,0.16262,535
78,6,star_sign,mlp_h16,0.001,0.0,0.66647,1.0,535
78,6,star_sign,mlp_h32,0.001,0.0,0.15053,1.0,535
78,6,star_sign,mlp_h64,0.001,0.0,0.03595,1.0,535
78,6,star_sign,mlp_h128,0.001,0.0,0.00923,1.0,535
78,6,star_sign,attention,0.0001,1e-05,0.00287,1.0,535
78,6,star_sign,shuffled,0.01,0.0001,2.48533,0.21495,535
