batch,layer,task,config,lr,wd,loss,batch_acc,n_tokens
0,0,age_bin,ema_lr1e-3,0.001,0.0001,1.61473,0.27896,4101
0,0,age_bin,ema_lr5e-3,0.005,0.0001,1.59558,0.41673,4101
0,0,age_bin,ema_lr1e-2,0.01,0.0001,1.62723,0.33919,4101
0,0,age_bin,ema_lr5e-2,0.05,0.0001,1.64027,0.35869,4101
0,0,age_bin,ema_lr1e-2_wd1e-3,0.01,0.001,1.58762,0.25969,4101
0,0,age_bin,ema_d0.99,0.01,0.0001,1.60383,0.37259,4101
0,0,age_bin,ema_d0.9999,0.01,0.0001,1.62769,0.23458,4101
0,0,age_bin,mlp_h16,0.001,0.0,0.92214,0.70178,4101
0,0,age_bin,mlp_h32,0.001,0.0,1.18166,0.13728,4101
0,0,age_bin,mlp_h64,0.001,0.0,1.05555,0.505,4101
0,0,age_bin,mlp_h128,0.001,0.0,1.09277,0.36942,4101
0,0,age_bin,attention,0.0001,1e-05,1.10163,0.03125,4101
0,0,age_bin,shuffled,0.01,0.0001,1.57464,0.30846,4101
0,0,gender,ema_lr1e-3,0.001,0.0001,0.98633,0.51817,4101
0,0,gender,ema_lr5e-3,0.005,0.0001,1.04649,0.49744,4101
0,0,gender,ema_lr1e-2,0.01,0.0001,1.00598,0.51475,4101
0,0,gender,ema_lr5e-2,0.05,0.0001,1.07625,0.47525,4101
0,0,gender,ema_lr1e-2_wd1e-3,0.01,0.001,1.04262,0.49939,4101
0,0,gender,ema_d0.99,0.01,0.0001,1.03876,0.5011,4101
0,0,gender,ema_d0.9999,0.01,0.0001,1.03669,0.51939,4101
0,0,gender,mlp_h16,0.001,0.0,0.70103,0.4911,4101
0,0,gender,mlp_h32,0.001,0.0,0.70011,0.48452,4101
0,0,gender,mlp_h64,0.001,0.0,0.72294,0.42575,4101
0,0,gender,mlp_h128,0.001,0.0,0.68977,0.54694,4101
0,0,gender,attention,0.0001,1e-05,0.69235,0.61719,4101
0,0,gender,shuffled,0.01,0.0001,1.12318,0.50159,4101
0,0,star_sign,ema_lr1e-3,0.001,0.0001,3.29822,0.0495,4101
0,0,star_sign,ema_lr5e-3,0.005,0.0001,3.31359,0.06194,4101
0,0,star_sign,ema_lr1e-2,0.01,0.0001,3.2503,0.0417,4101
0,0,star_sign,ema_lr5e-2,0.05,0.0001,3.32211,0.08851,4101
0,0,star_sign,ema_lr1e-2_wd1e-3,0.01,0.001,3.2645,0.08973,4101
0,0,star_sign,ema_d0.99,0.01,0.0001,3.3132,0.11583,4101
0,0,star_sign,ema_d0.9999,0.01,0.0001,3.32574,0.04194,4101
0,0,star_sign,mlp_h16,0.001,0.0,2.22691,0.30529,4101
0,0,star_sign,mlp_h32,0.001,0.0,2.59576,0.01219,4101
0,0,star_sign,mlp_h64,0.001,0.0,2.37708,0.08144,4101
0,0,star_sign,mlp_h128,0.001,0.0,2.51287,0.03804,4101
0,0,star_sign,attention,0.0001,1e-05,2.48148,0.125,4101
0,0,star_sign,shuffled,0.01,0.0001,3.29779,0.03511,4101
0,4,age_bin,ema_lr1e-3,0.001,0.0001,1.57524,0.35504,4101
0,4,age_bin,ema_lr5e-3,0.005,0.0001,1.52085,0.31748,4101
0,4,age_bin,ema_lr1e-2,0.01,0.0001,1.53564,0.32285,4101
0,4,age_bin,ema_lr5e-2,0.05,0.0001,1.56142,0.34772,4101
0,4,age_bin,ema_lr1e-2_wd1e-3,0.01,0.001,1.52528,0.32285,4101
0,4,age_bin,ema_d0.99,0.01,0.0001,1.54943,0.30919,4101
0,4,age_bin,ema_d0.9999,0.01,0.0001,1.50952,0.35552,4101
0,4,age_bin,mlp_h16,0.001,0.0,1.13474,0.17996,4101
0,4,age_bin,mlp_h32,0.001,0.0,1.18611,0.11924,4101
0,4,age_bin,mlp_h64,0.001,0.0,1.08938,0.34065,4101
0,4,age_bin,mlp_h128,0.001,0.0,1.20574,0.09851,4101
0,4,age_bin,attention,0.0001,1e-05,0.00865,1.0,4101
0,4,age_bin,shuffled,0.01,0.0001,1.54815,0.36942,4101
0,4,gender,ema_lr1e-3,0.001,0.0001,0.96083,0.50744,4101
0,4,gender,ema_lr5e-3,0.005,0.0001,1.01145,0.51207,4101
0,4,gender,ema_lr1e-2,0.01,0.0001,0.97894,0.49744,4101
0,4,gender,ema_lr5e-2,0.05,0.0001,1.00222,0.49232,4101
0,4,gender,ema_lr1e-2_wd1e-3,0.01,0.001,0.97158,0.49086,4101
0,4,gender,ema_d0.99,0.01,0.0001,1.02978,0.49744,4101
0,4,gender,ema_d0.9999,0.01,0.0001,1.06355,0.51987,4101
0,4,gender,mlp_h16,0.001,0.0,0.69879,0.52256,4101
0,4,gender,mlp_h32,0.001,0.0,0.70977,0.46769,4101
0,4,gender,mlp_h64,0.001,0.0,0.69341,0.52402,4101
0,4,gender,mlp_h128,0.001,0.0,0.69367,0.52353,4101
0,4,gender,attention,0.0001,1e-05,6.37205,0.59375,4101
0,4,gender,shuffled,0.01,0.0001,0.95528,0.50817,4101
0,4,star_sign,ema_lr1e-3,0.001,0.0001,3.36355,0.06828,4101
0,4,star_sign,ema_lr5e-3,0.005,0.0001,3.11918,0.08461,4101
0,4,star_sign,ema_lr1e-2,0.01,0.0001,3.19134,0.07218,4101
0,4,star_sign,ema_lr5e-2,0.05,0.0001,3.13217,0.06413,4101
0,4,star_sign,ema_lr1e-2_wd1e-3,0.01,0.001,3.16663,0.08413,4101
0,4,star_sign,ema_d0.99,0.01,0.0001,3.11335,0.07145,4101
0,4,star_sign,ema_d0.9999,0.01,0.0001,3.26624,0.0951,4101
0,4,star_sign,mlp_h16,0.001,0.0,2.52531,0.00658,4101
0,4,star_sign,mlp_h32,0.001,0.0,2.7186,0.00341,4101
0,4,star_sign,mlp_h64,0.001,0.0,2.55382,0.01487,4101
0,4,star_sign,mlp_h128,0.001,0.0,2.50137,0.03438,4101
0,4,star_sign,attention,0.0001,1e-05,1.52642,0.42188,4101
0,4,star_sign,shuffled,0.01,0.0001,3.19636,0.06486,4101
0,8,age_bin,ema_lr1e-3,0.001,0.0001,1.59132,0.37649,4101
0,8,age_bin,ema_lr5e-3,0.005,0.0001,1.80566,0.38137,4101
0,8,age_bin,ema_lr1e-2,0.01,0.0001,1.49681,0.32992,4101
0,8,age_bin,ema_lr5e-2,0.05,0.0001,1.70811,0.28798,4101
0,8,age_bin,ema_lr1e-2_wd1e-3,0.01,0.001,1.62963,0.35162,4101
0,8,age_bin,ema_d0.99,0.01,0.0001,1.74515,0.42258,4101
0,8,age_bin,ema_d0.9999,0.01,0.0001,1.59001,0.30871,4101
0,8,age_bin,mlp_h16,0.001,0.0,1.19491,0.03706,4101
0,8,age_bin,mlp_h32,0.001,0.0,1.15123,0.16264,4101
0,8,age_bin,mlp_h64,0.001,0.0,1.05272,0.42673,4101
0,8,age_bin,mlp_h128,0.001,0.0,1.11846,0.31383,4101
0,8,age_bin,attention,0.0001,1e-05,0.0,1.0,4101
0,8,age_bin,shuffled,0.01,0.0001,1.62419,0.35723,4101
0,8,gender,ema_lr1e-3,0.001,0.0001,1.03746,0.49256,4101
0,8,gender,ema_lr5e-3,0.005,0.0001,1.08039,0.47549,4101
0,8,gender,ema_lr1e-2,0.01,0.0001,1.13121,0.47988,4101
0,8,gender,ema_lr5e-2,0.05,0.0001,1.03784,0.48622,4101
0,8,gender,ema_lr1e-2_wd1e-3,0.01,0.001,1.02246,0.50159,4101
0,8,gender,ema_d0.99,0.01,0.0001,1.00989,0.52573,4101
0,8,gender,ema_d0.9999,0.01,0.0001,0.97623,0.50207,4101
0,8,gender,mlp_h16,0.001,0.0,0.84316,0.3604,4101
0,8,gender,mlp_h32,0.001,0.0,0.71654,0.4711,4101
0,8,gender,mlp_h64,0.001,0.0,0.68855,0.53962,4101
0,8,gender,mlp_h128,0.001,0.0,0.72539,0.43477,4101
0,8,gender,attention,0.0001,1e-05,0.7264,0.42188,4101
0,8,gender,shuffled,0.01,0.0001,1.176,0.50524,4101
0,8,star_sign,ema_lr1e-3,0.001,0.0001,3.25167,0.07388,4101
0,8,star_sign,ema_lr5e-3,0.005,0.0001,3.36293,0.07681,4101
0,8,star_sign,ema_lr1e-2,0.01,0.0001,3.28911,0.07437,4101
0,8,star_sign,ema_lr5e-2,0.05,0.0001,3.21297,0.07827,4101
0,8,star_sign,ema_lr1e-2_wd1e-3,0.01,0.001,3.32428,0.05999,4101
0,8,star_sign,ema_d0.99,0.01,0.0001,3.35014,0.0712,4101
0,8,star_sign,ema_d0.9999,0.01,0.0001,3.24854,0.07876,4101
0,8,star_sign,mlp_h16,0.001,0.0,2.63457,0.00171,4101
0,8,star_sign,mlp_h32,0.001,0.0,2.59999,0.01536,4101
0,8,star_sign,mlp_h64,0.001,0.0,2.66094,0.00317,4101
0,8,star_sign,mlp_h128,0.001,0.0,2.27621,0.2297,4101
0,8,star_sign,attention,0.0001,1e-05,118.8936,0.0,4101
0,8,star_sign,shuffled,0.01,0.0001,3.24493,0.05633,4101
0,12,age_bin,ema_lr1e-3,0.001,0.0001,1.52909,0.32017,4101
0,12,age_bin,ema_lr5e-3,0.005,0.0001,1.61401,0.34845,4101
0,12,age_bin,ema_lr1e-2,0.01,0.0001,1.63092,0.33723,4101
0,12,age_bin,ema_lr5e-2,0.05,0.0001,1.54127,0.34577,4101
0,12,age_bin,ema_lr1e-2_wd1e-3,0.01,0.001,1.69336,0.37674,4101
0,12,age_bin,ema_d0.99,0.01,0.0001,1.60811,0.34796,4101
0,12,age_bin,ema_d0.9999,0.01,0.0001,1.61548,0.31505,4101
0,12,age_bin,mlp_h16,0.001,0.0,0.97341,0.65179,4101
0,12,age_bin,mlp_h32,0.001,0.0,0.9221,0.82931,4101
0,12,age_bin,mlp_h64,0.001,0.0,1.22509,0.14557,4101
0,12,age_bin,mlp_h128,0.001,0.0,1.00063,0.60961,4101
0,12,age_bin,attention,0.0001,1e-05,1.24734,0.24219,4101
0,12,age_bin,shuffled,0.01,0.0001,1.67557,0.33163,4101
0,12,gender,ema_lr1e-3,0.001,0.0001,1.11846,0.49963,4101
0,12,gender,ema_lr5e-3,0.005,0.0001,0.99942,0.50207,4101
0,12,gender,ema_lr1e-2,0.01,0.0001,1.0631,0.5011,4101
0,12,gender,ema_lr5e-2,0.05,0.0001,1.07778,0.49232,4101
0,12,gender,ema_lr1e-2_wd1e-3,0.01,0.001,1.00107,0.50305,4101
0,12,gender,ema_d0.99,0.01,0.0001,1.00605,0.49573,4101
0,12,gender,ema_d0.9999,0.01,0.0001,1.02803,0.50354,4101
0,12,gender,mlp_h16,0.001,0.0,0.70079,0.51329,4101
0,12,gender,mlp_h32,0.001,0.0,0.71441,0.45282,4101
0,12,gender,mlp_h64,0.001,0.0,0.67076,0.60619,4101
0,12,gender,mlp_h128,0.001,0.0,0.69896,0.50329,4101
0,12,gender,attention,0.0001,1e-05,0.74492,0.57031,4101
0,12,gender,shuffled,0.01,0.0001,1.15512,0.51622,4101
0,12,star_sign,ema_lr1e-3,0.001,0.0001,3.2823,0.10071,4101
0,12,star_sign,ema_lr5e-3,0.005,0.0001,3.35339,0.09071,4101
0,12,star_sign,ema_lr1e-2,0.01,0.0001,3.25015,0.08973,4101
0,12,star_sign,ema_lr5e-2,0.05,0.0001,3.32428,0.07852,4101
0,12,star_sign,ema_lr1e-2_wd1e-3,0.01,0.001,3.39579,0.08803,4101
0,12,star_sign,ema_d0.99,0.01,0.0001,3.31311,0.07681,4101
0,12,star_sign,ema_d0.9999,0.01,0.0001,3.30798,0.08193,4101
0,12,star_sign,mlp_h16,0.001,0.0,2.32619,0.2358,4101
0,12,star_sign,mlp_h32,0.001,0.0,2.69768,0.00634,4101
0,12,star_sign,mlp_h64,0.001,0.0,2.36841,0.14582,4101
0,12,star_sign,mlp_h128,0.001,0.0,2.40928,0.07193,4101
0,12,star_sign,attention,0.0001,1e-05,2.88201,0.0,4101
0,12,star_sign,shuffled,0.01,0.0001,3.2488,0.06194,4101
0,16,age_bin,ema_lr1e-3,0.001,0.0001,1.62897,0.33309,4101
0,16,age_bin,ema_lr5e-3,0.005,0.0001,1.61718,0.35211,4101
0,16,age_bin,ema_lr1e-2,0.01,0.0001,1.63617,0.34406,4101
0,16,age_bin,ema_lr5e-2,0.05,0.0001,1.60222,0.32358,4101
0,16,age_bin,ema_lr1e-2_wd1e-3,0.01,0.001,1.62027,0.35845,4101
0,16,age_bin,ema_d0.99,0.01,0.0001,1.63959,0.29042,4101
0,16,age_bin,ema_d0.9999,0.01,0.0001,1.56678,0.34187,4101
0,16,age_bin,mlp_h16,0.001,0.0,1.35453,0.01219,4101
0,16,age_bin,mlp_h32,0.001,0.0,0.99081,0.5862,4101
0,16,age_bin,mlp_h64,0.001,0.0,0.87005,0.8654,4101
0,16,age_bin,mlp_h128,0.001,0.0,1.02725,0.5367,4101
0,16,age_bin,attention,0.0001,1e-05,0.49329,0.85156,4101
0,16,age_bin,shuffled,0.01,0.0001,1.69115,0.32382,4101
0,16,gender,ema_lr1e-3,0.001,0.0001,1.01261,0.51865,4101
0,16,gender,ema_lr5e-3,0.005,0.0001,1.09811,0.49744,4101
0,16,gender,ema_lr1e-2,0.01,0.0001,1.0272,0.50866,4101
0,16,gender,ema_lr5e-2,0.05,0.0001,1.07258,0.47769,4101
0,16,gender,ema_lr1e-2_wd1e-3,0.01,0.001,1.07396,0.49744,4101
0,16,gender,ema_d0.99,0.01,0.0001,1.07604,0.47184,4101
0,16,gender,ema_d0.9999,0.01,0.0001,1.03157,0.50792,4101
0,16,gender,mlp_h16,0.001,0.0,0.7372,0.42404,4101
0,16,gender,mlp_h32,0.001,0.0,0.7247,0.4377,4101
0,16,gender,mlp_h64,0.001,0.0,0.77933,0.36991,4101
0,16,gender,mlp_h128,0.001,0.0,0.71956,0.45745,4101
0,16,gender,attention,0.0001,1e-05,0.97969,0.46875,4101
0,16,gender,shuffled,0.01,0.0001,1.08678,0.5011,4101
0,16,star_sign,ema_lr1e-3,0.001,0.0001,3.28658,0.05852,4101
0,16,star_sign,ema_lr5e-3,0.005,0.0001,3.3027,0.10534,4101
0,16,star_sign,ema_lr1e-2,0.01,0.0001,3.36569,0.08022,4101
0,16,star_sign,ema_lr5e-2,0.05,0.0001,3.32772,0.0673,4101
0,16,star_sign,ema_lr1e-2_wd1e-3,0.01,0.001,3.31288,0.07803,4101
0,16,star_sign,ema_d0.99,0.01,0.0001,3.29494,0.07388,4101
0,16,star_sign,ema_d0.9999,0.01,0.0001,3.36161,0.0912,4101
0,16,star_sign,mlp_h16,0.001,0.0,2.50828,0.02073,4101
0,16,star_sign,mlp_h32,0.001,0.0,2.5982,0.0295,4101
0,16,star_sign,mlp_h64,0.001,0.0,2.73369,0.00268,4101
0,16,star_sign,mlp_h128,0.001,0.0,2.20678,0.41917,4101
0,16,star_sign,attention,0.0001,1e-05,4.78156,0.0,4101
0,16,star_sign,shuffled,0.01,0.0001,3.34293,0.07827,4101
1,0,age_bin,ema_lr1e-3,0.001,0.0001,1.62072,0.2815,4071
1,0,age_bin,ema_lr5e-3,0.005,0.0001,1.55367,0.37067,4071
1,0,age_bin,ema_lr1e-2,0.01,0.0001,1.58547,0.34807,4071
1,0,age_bin,ema_lr5e-2,0.05,0.0001,1.53008,0.38958,4071
1,0,age_bin,ema_lr1e-2_wd1e-3,0.01,0.001,1.53137,0.25669,4071
1,0,age_bin,ema_d0.99,0.01,0.0001,1.5684,0.37239,4071
1,0,age_bin,ema_d0.9999,0.01,0.0001,1.62145,0.24294,4071
1,0,age_bin,mlp_h16,0.001,0.0,0.85457,0.85876,4071
1,0,age_bin,mlp_h32,0.001,0.0,1.08514,0.32793,4071
1,0,age_bin,mlp_h64,0.001,0.0,0.92714,0.72464,4071
1,0,age_bin,mlp_h128,0.001,0.0,0.92053,0.76787,4071
1,0,age_bin,attention,0.0001,1e-05,1.09732,0.25781,4071
1,0,age_bin,shuffled,0.01,0.0001,1.54501,0.31172,4071
1,0,gender,ema_lr1e-3,0.001,0.0001,1.00622,0.50209,4071
1,0,gender,ema_lr5e-3,0.005,0.0001,1.05575,0.48907,4071
1,0,gender,ema_lr1e-2,0.01,0.0001,1.03372,0.47875,4071
1,0,gender,ema_lr5e-2,0.05,0.0001,1.00623,0.50528,4071
1,0,gender,ema_lr1e-2_wd1e-3,0.01,0.001,0.98464,0.50528,4071
1,0,gender,ema_d0.99,0.01,0.0001,1.01607,0.50111,4071
1,0,gender,ema_d0.9999,0.01,0.0001,1.00561,0.50823,4071
1,0,gender,mlp_h16,0.001,0.0,0.70273,0.48244,4071
1,0,gender,mlp_h32,0.001,0.0,0.71893,0.49202,4071
1,0,gender,mlp_h64,0.001,0.0,0.7022,0.48612,4071
1,0,gender,mlp_h128,0.001,0.0,0.77426,0.47187,4071
1,0,gender,attention,0.0001,1e-05,0.69351,0.4375,4071
1,0,gender,shuffled,0.01,0.0001,1.119,0.5043,4071
1,0,star_sign,ema_lr1e-3,0.001,0.0001,3.29592,0.04667,4071
1,0,star_sign,ema_lr5e-3,0.005,0.0001,3.30185,0.06043,4071
1,0,star_sign,ema_lr1e-2,0.01,0.0001,3.23611,0.03439,4071
1,0,star_sign,ema_lr5e-2,0.05,0.0001,3.15648,0.1636,4071
1,0,star_sign,ema_lr1e-2_wd1e-3,0.01,0.001,3.26013,0.08401,4071
1,0,star_sign,ema_d0.99,0.01,0.0001,3.28215,0.11742,4071
1,0,star_sign,ema_d0.9999,0.01,0.0001,3.30527,0.03955,4071
1,0,star_sign,mlp_h16,0.001,0.0,2.12806,0.52248,4071
1,0,star_sign,mlp_h32,0.001,0.0,2.474,0.05527,4071
1,0,star_sign,mlp_h64,0.001,0.0,2.20974,0.34218,4071
1,0,star_sign,mlp_h128,0.001,0.0,2.24969,0.37902,4071
1,0,star_sign,attention,0.0001,1e-05,2.47476,0.70312,4071
1,0,star_sign,shuffled,0.01,0.0001,3.25367,0.03758,4071
1,4,age_bin,ema_lr1e-3,0.001,0.0001,1.52395,0.37116,4071
1,4,age_bin,ema_lr5e-3,0.005,0.0001,1.48414,0.30484,4071
1,4,age_bin,ema_lr1e-2,0.01,0.0001,1.50634,0.33456,4071
1,4,age_bin,ema_lr5e-2,0.05,0.0001,1.73727,0.21616,4071
1,4,age_bin,ema_lr1e-2_wd1e-3,0.01,0.001,1.45355,0.33849,4071
1,4,age_bin,ema_d0.99,0.01,0.0001,1.49104,0.32596,4071
1,4,age_bin,ema_d0.9999,0.01,0.0001,1.46454,0.36281,4071
1,4,age_bin,mlp_h16,0.001,0.0,1.07129,0.31147,4071
1,4,age_bin,mlp_h32,0.001,0.0,1.12969,0.23459,4071
1,4,age_bin,mlp_h64,0.001,0.0,0.99158,0.7185,4071
1,4,age_bin,mlp_h128,0.001,0.0,1.11442,0.41145,4071
1,4,age_bin,attention,0.0001,1e-05,0.0,1.0,4071
1,4,age_bin,shuffled,0.01,0.0001,1.51205,0.32719,4071
1,4,gender,ema_lr1e-3,0.001,0.0001,0.91944,0.52002,4071
1,4,gender,ema_lr5e-3,0.005,0.0001,0.95893,0.50626,4071
1,4,gender,ema_lr1e-2,0.01,0.0001,0.9662,0.50798,4071
1,4,gender,ema_lr5e-2,0.05,0.0001,0.92543,0.50897,4071
1,4,gender,ema_lr1e-2_wd1e-3,0.01,0.001,0.96399,0.49496,4071
1,4,gender,ema_d0.99,0.01,0.0001,0.97645,0.50233,4071
1,4,gender,ema_d0.9999,0.01,0.0001,1.05724,0.46524,4071
1,4,gender,mlp_h16,0.001,0.0,0.72481,0.49251,4071
1,4,gender,mlp_h32,0.001,0.0,0.70217,0.50553,4071
1,4,gender,mlp_h64,0.001,0.0,0.80699,0.48809,4071
1,4,gender,mlp_h128,0.001,0.0,0.77431,0.47237,4071
1,4,gender,attention,0.0001,1e-05,4.46491,0.44531,4071
1,4,gender,shuffled,0.01,0.0001,1.00073,0.48809,4071
1,4,star_sign,ema_lr1e-3,0.001,0.0001,3.36315,0.07271,4071
1,4,star_sign,ema_lr5e-3,0.005,0.0001,3.09913,0.08352,4071
1,4,star_sign,ema_lr1e-2,0.01,0.0001,3.14697,0.07345,4071
1,4,star_sign,ema_lr5e-2,0.05,0.0001,3.02406,0.07615,4071
1,4,star_sign,ema_lr1e-2_wd1e-3,0.01,0.001,3.1416,0.0732,4071
1,4,star_sign,ema_d0.99,0.01,0.0001,3.08966,0.06829,4071
1,4,star_sign,ema_d0.9999,0.01,0.0001,3.1374,0.10071,4071
1,4,star_sign,mlp_h16,0.001,0.0,2.46104,0.01155,4071
1,4,star_sign,mlp_h32,0.001,0.0,2.642,0.00344,4071
1,4,star_sign,mlp_h64,0.001,0.0,2.47169,0.07983,4071
1,4,star_sign,mlp_h128,0.001,0.0,2.30222,0.18767,4071
1,4,star_sign,attention,0.0001,1e-05,1.32573,0.74219,4071
1,4,star_sign,shuffled,0.01,0.0001,3.11315,0.08671,4071
1,8,age_bin,ema_lr1e-3,0.001,0.0001,1.55743,0.38074,4071
1,8,age_bin,ema_lr5e-3,0.005,0.0001,1.73992,0.37583,4071
1,8,age_bin,ema_lr1e-2,0.01,0.0001,1.48056,0.32965,4071
1,8,age_bin,ema_lr5e-2,0.05,0.0001,1.67135,0.44412,4071
1,8,age_bin,ema_lr1e-2_wd1e-3,0.01,0.001,1.5386,0.35102,4071
1,8,age_bin,ema_d0.99,0.01,0.0001,1.59752,0.41636,4071
1,8,age_bin,ema_d0.9999,0.01,0.0001,1.50463,0.33088,4071
1,8,age_bin,mlp_h16,0.001,0.0,1.20523,0.028,4071
1,8,age_bin,mlp_h32,0.001,0.0,1.05989,0.28371,4071
1,8,age_bin,mlp_h64,0.001,0.0,0.93113,0.64947,4071
1,8,age_bin,mlp_h128,0.001,0.0,0.95756,0.74404,4071
1,8,age_bin,attention,0.0001,1e-05,0.0,1.0,4071
1,8,age_bin,shuffled,0.01,0.0001,1.49662,0.32302,4071
1,8,gender,ema_lr1e-3,0.001,0.0001,0.92743,0.53206,4071
1,8,gender,ema_lr5e-3,0.005,0.0001,0.99578,0.52076,4071
1,8,gender,ema_lr1e-2,0.01,0.0001,1.02512,0.49988,4071
1,8,gender,ema_lr5e-2,0.05,0.0001,1.26586,0.50184,4071
1,8,gender,ema_lr1e-2_wd1e-3,0.01,0.001,1.01542,0.48588,4071
1,8,gender,ema_d0.99,0.01,0.0001,0.96562,0.52051,4071
1,8,gender,ema_d0.9999,0.01,0.0001,0.93258,0.49914,4071
1,8,gender,mlp_h16,0.001,0.0,0.73282,0.53992,4071
1,8,gender,mlp_h32,0.001,0.0,0.79988,0.507,4071
1,8,gender,mlp_h64,0.001,0.0,0.73249,0.47654,4071
1,8,gender,mlp_h128,0.001,0.0,0.78417,0.51977,4071
1,8,gender,attention,0.0001,1e-05,0.74626,0.42188,4071
1,8,gender,shuffled,0.01,0.0001,1.05415,0.50111,4071
1,8,star_sign,ema_lr1e-3,0.001,0.0001,3.20948,0.06902,4071
1,8,star_sign,ema_lr5e-3,0.005,0.0001,3.29813,0.08057,4071
1,8,star_sign,ema_lr1e-2,0.01,0.0001,3.20552,0.06902,4071
1,8,star_sign,ema_lr5e-2,0.05,0.0001,3.0732,0.06755,4071
1,8,star_sign,ema_lr1e-2_wd1e-3,0.01,0.001,3.24985,0.07983,4071
1,8,star_sign,ema_d0.99,0.01,0.0001,3.24862,0.06976,4071
1,8,star_sign,ema_d0.9999,0.01,0.0001,3.23215,0.07639,4071
1,8,star_sign,mlp_h16,0.001,0.0,2.61099,0.00565,4071
1,8,star_sign,mlp_h32,0.001,0.0,2.52492,0.03169,4071
1,8,star_sign,mlp_h64,0.001,0.0,2.54408,0.02702,4071
1,8,star_sign,mlp_h128,0.001,0.0,2.06827,0.59592,4071
1,8,star_sign,attention,0.0001,1e-05,110.47605,0.0,4071
1,8,star_sign,shuffled,0.01,0.0001,3.19924,0.06338,4071
1,12,age_bin,ema_lr1e-3,0.001,0.0001,1.5089,0.32056,4071
1,12,age_bin,ema_lr5e-3,0.005,0.0001,1.64054,0.33702,4071
1,12,age_bin,ema_lr1e-2,0.01,0.0001,1.6353,0.33825,4071
1,12,age_bin,ema_lr5e-2,0.05,0.0001,1.53676,0.3407,4071
1,12,age_bin,ema_lr1e-2_wd1e-3,0.01,0.001,1.6645,0.35397,4071
1,12,age_bin,ema_d0.99,0.01,0.0001,1.52884,0.36993,4071
1,12,age_bin,ema_d0.9999,0.01,0.0001,1.57662,0.32031,4071
1,12,age_bin,mlp_h16,0.001,0.0,0.91166,0.76026,4071
1,12,age_bin,mlp_h32,0.001,0.0,0.86081,0.89462,4071
1,12,age_bin,mlp_h64,0.001,0.0,1.11162,0.27463,4071
1,12,age_bin,mlp_h128,0.001,0.0,0.81907,0.91132,4071
1,12,age_bin,attention,0.0001,1e-05,0.90294,0.53906,4071
1,12,age_bin,shuffled,0.01,0.0001,1.60071,0.35863,4071
1,12,gender,ema_lr1e-3,0.001,0.0001,1.08303,0.49791,4071
1,12,gender,ema_lr5e-3,0.005,0.0001,0.9423,0.52051,4071
1,12,gender,ema_lr1e-2,0.01,0.0001,1.02732,0.48538,4071
1,12,gender,ema_lr5e-2,0.05,0.0001,1.03887,0.46745,4071
1,12,gender,ema_lr1e-2_wd1e-3,0.01,0.001,0.98493,0.50258,4071
1,12,gender,ema_d0.99,0.01,0.0001,0.95846,0.50749,4071
1,12,gender,ema_d0.9999,0.01,0.0001,0.97405,0.52346,4071
1,12,gender,mlp_h16,0.001,0.0,0.70274,0.49742,4071
1,12,gender,mlp_h32,0.001,0.0,0.71324,0.49251,4071
1,12,gender,mlp_h64,0.001,0.0,0.77167,0.4704,4071
1,12,gender,mlp_h128,0.001,0.0,0.76567,0.48342,4071
1,12,gender,attention,0.0001,1e-05,0.70822,0.53906,4071
1,12,gender,shuffled,0.01,0.0001,1.10213,0.49054,4071
1,12,star_sign,ema_lr1e-3,0.001,0.0001,3.30046,0.09408,4071
1,12,star_sign,ema_lr5e-3,0.005,0.0001,3.35583,0.08597,4071
1,12,star_sign,ema_lr1e-2,0.01,0.0001,3.23769,0.08597,4071
1,12,star_sign,ema_lr5e-2,0.05,0.0001,3.17437,0.07467,4071
1,12,star_sign,ema_lr1e-2_wd1e-3,0.01,0.001,3.29238,0.08794,4071
1,12,star_sign,ema_d0.99,0.01,0.0001,3.28972,0.06952,4071
1,12,star_sign,ema_d0.9999,0.01,0.0001,3.21589,0.08818,4071
1,12,star_sign,mlp_h16,0.001,0.0,2.23372,0.4085,4071
1,12,star_sign,mlp_h32,0.001,0.0,2.59504,0.01449,4071
1,12,star_sign,mlp_h64,0.001,0.0,2.2004,0.32695,4071
1,12,star_sign,mlp_h128,0.001,0.0,2.1923,0.25817,4071
1,12,star_sign,attention,0.0001,1e-05,2.18106,0.01562,4071
1,12,star_sign,shuffled,0.01,0.0001,3.17443,0.07689,4071
1,16,age_bin,ema_lr1e-3,0.001,0.0001,1.70423,0.3267,4071
1,16,age_bin,ema_lr5e-3,0.005,0.0001,1.59726,0.35102,4071
1,16,age_bin,ema_lr1e-2,0.01,0.0001,1.63781,0.32302,4071
1,16,age_bin,ema_lr5e-2,0.05,0.0001,1.55966,0.31073,4071
1,16,age_bin,ema_lr1e-2_wd1e-3,0.01,0.001,1.67237,0.34169,4071
1,16,age_bin,ema_d0.99,0.01,0.0001,1.5871,0.3073,4071
1,16,age_bin,ema_d0.9999,0.01,0.0001,1.53586,0.33088,4071
1,16,age_bin,mlp_h16,0.001,0.0,1.2871,0.03857,4071
1,16,age_bin,mlp_h32,0.001,0.0,0.8836,0.83395,4071
1,16,age_bin,mlp_h64,0.001,0.0,0.71451,0.97716,4071
1,16,age_bin,mlp_h128,0.001,0.0,0.79489,0.92876,4071
1,16,age_bin,attention,0.0001,1e-05,0.23526,0.94531,4071
1,16,age_bin,shuffled,0.01,0.0001,1.70275,0.32277,4071
1,16,gender,ema_lr1e-3,0.001,0.0001,1.05462,0.48833,4071
1,16,gender,ema_lr5e-3,0.005,0.0001,1.14472,0.4817,4071
1,16,gender,ema_lr1e-2,0.01,0.0001,0.98089,0.52788,4071
1,16,gender,ema_lr5e-2,0.05,0.0001,1.05337,0.46917,4071
1,16,gender,ema_lr1e-2_wd1e-3,0.01,0.001,1.03916,0.49939,4071
1,16,gender,ema_d0.99,0.01,0.0001,0.99936,0.51805,4071
1,16,gender,ema_d0.9999,0.01,0.0001,1.02605,0.48858,4071
1,16,gender,mlp_h16,0.001,0.0,0.7076,0.50921,4071
1,16,gender,mlp_h32,0.001,0.0,0.70861,0.49447,4071
1,16,gender,mlp_h64,0.001,0.0,0.70275,0.52002,4071
1,16,gender,mlp_h128,0.001,0.0,0.71925,0.51486,4071
1,16,gender,attention,0.0001,1e-05,0.90388,0.53906,4071
1,16,gender,shuffled,0.01,0.0001,1.09158,0.48833,4071
1,16,star_sign,ema_lr1e-3,0.001,0.0001,3.29301,0.06632,4071
1,16,star_sign,ema_lr5e-3,0.005,0.0001,3.33811,0.08352,4071
1,16,star_sign,ema_lr1e-2,0.01,0.0001,3.37052,0.07001,4071
1,16,star_sign,ema_lr5e-2,0.05,0.0001,3.19966,0.07664,4071
1,16,star_sign,ema_lr1e-2_wd1e-3,0.01,0.001,3.22947,0.08892,4071
1,16,star_sign,ema_d0.99,0.01,0.0001,3.3021,0.06853,4071
1,16,star_sign,ema_d0.9999,0.01,0.0001,3.39545,0.0759,4071
1,16,star_sign,mlp_h16,0.001,0.0,2.41264,0.05208,4071
1,16,star_sign,mlp_h32,0.001,0.0,2.46897,0.08573,4071
1,16,star_sign,mlp_h64,0.001,0.0,2.53801,0.06976,4071
1,16,star_sign,mlp_h128,0.001,0.0,1.8866,0.87227,4071
1,16,star_sign,attention,0.0001,1e-05,3.5512,0.02344,4071
1,16,star_sign,shuffled,0.01,0.0001,3.30663,0.08229,4071
2,0,age_bin,ema_lr1e-3,0.001,0.0001,1.61277,0.28175,4181
2,0,age_bin,ema_lr5e-3,0.005,0.0001,1.57062,0.41115,4181
2,0,age_bin,ema_lr1e-2,0.01,0.0001,1.58333,0.3437,4181
2,0,age_bin,ema_lr5e-2,0.05,0.0001,1.43031,0.4542,4181
2,0,age_bin,ema_lr1e-2_wd1e-3,0.01,0.001,1.53727,0.25616,4181
2,0,age_bin,ema_d0.99,0.01,0.0001,1.5265,0.38436,4181
2,0,age_bin,ema_d0.9999,0.01,0.0001,1.56472,0.24253,4181
2,0,age_bin,mlp_h16,0.001,0.0,0.78946,0.90624,4181
2,0,age_bin,mlp_h32,0.001,0.0,0.98881,0.58551,4181
2,0,age_bin,mlp_h64,0.001,0.0,0.80156,0.88543,4181
2,0,age_bin,mlp_h128,0.001,0.0,0.76232,0.92801,4181
2,0,age_bin,attention,0.0001,1e-05,1.09163,0.77344,4181
2,0,age_bin,shuffled,0.01,0.0001,1.52676,0.31619,4181
2,0,gender,ema_lr1e-3,0.001,0.0001,1.01184,0.5049,4181
2,0,gender,ema_lr5e-3,0.005,0.0001,1.02891,0.49366,4181
2,0,gender,ema_lr1e-2,0.01,0.0001,1.01225,0.50084,4181
2,0,gender,ema_lr5e-2,0.05,0.0001,0.99486,0.49868,4181
2,0,gender,ema_lr1e-2_wd1e-3,0.01,0.001,0.98637,0.50658,4181
2,0,gender,ema_d0.99,0.01,0.0001,1.02206,0.48792,4181
2,0,gender,ema_d0.9999,0.01,0.0001,1.02777,0.50634,4181
2,0,gender,mlp_h16,0.001,0.0,0.70036,0.50897,4181
2,0,gender,mlp_h32,0.001,0.0,0.69937,0.52045,4181
2,0,gender,mlp_h64,0.001,0.0,0.70992,0.50993,4181
2,0,gender,mlp_h128,0.001,0.0,0.72416,0.51017,4181
2,0,gender,attention,0.0001,1e-05,0.69277,0.53125,4181
2,0,gender,shuffled,0.01,0.0001,1.03916,0.50179,4181
2,0,star_sign,ema_lr1e-3,0.001,0.0001,3.3065,0.05023,4181
2,0,star_sign,ema_lr5e-3,0.005,0.0001,3.30223,0.05979,4181
2,0,star_sign,ema_lr1e-2,0.01,0.0001,3.22008,0.04162,4181
2,0,star_sign,ema_lr5e-2,0.05,0.0001,3.10614,0.15379,4181
2,0,star_sign,ema_lr1e-2_wd1e-3,0.01,0.001,3.18848,0.09208,4181
2,0,star_sign,ema_d0.99,0.01,0.0001,3.23841,0.12126,4181
2,0,star_sign,ema_d0.9999,0.01,0.0001,3.25709,0.04162,4181
2,0,star_sign,mlp_h16,0.001,0.0,2.01835,0.67041,4181
2,0,star_sign,mlp_h32,0.001,0.0,2.33393,0.11433,4181
2,0,star_sign,mlp_h64,0.001,0.0,2.03347,0.53839,4181
2,0,star_sign,mlp_h128,0.001,0.0,1.99337,0.6563,4181
2,0,star_sign,attention,0.0001,1e-05,2.46743,0.98438,4181
2,0,star_sign,shuffled,0.01,0.0001,3.24116,0.04018,4181
2,4,age_bin,ema_lr1e-3,0.001,0.0001,1.56875,0.34346,4181
2,4,age_bin,ema_lr5e-3,0.005,0.0001,1.48453,0.30806,4181
2,4,age_bin,ema_lr1e-2,0.01,0.0001,1.42771,0.36044,4181
2,4,age_bin,ema_lr5e-2,0.05,0.0001,1.5601,0.27697,4181
2,4,age_bin,ema_lr1e-2_wd1e-3,0.01,0.001,1.46483,0.32983,4181
2,4,age_bin,ema_d0.99,0.01,0.0001,1.46133,0.34178,4181
2,4,age_bin,ema_d0.9999,0.01,0.0001,1.43574,0.36116,4181
2,4,age_bin,mlp_h16,0.001,0.0,0.98177,0.52523,4181
2,4,age_bin,mlp_h32,0.001,0.0,1.04897,0.43363,4181
2,4,age_bin,mlp_h64,0.001,0.0,0.81383,0.90816,4181
2,4,age_bin,mlp_h128,0.001,0.0,0.90019,0.80603,4181
2,4,age_bin,attention,0.0001,1e-05,0.0,1.0,4181
2,4,age_bin,shuffled,0.01,0.0001,1.41938,0.34968,4181
2,4,gender,ema_lr1e-3,0.001,0.0001,0.99648,0.49007,4181
2,4,gender,ema_lr5e-3,0.005,0.0001,0.94296,0.51112,4181
2,4,gender,ema_lr1e-2,0.01,0.0001,0.9451,0.49773,4181
2,4,gender,ema_lr5e-2,0.05,0.0001,1.27382,0.48888,4181
2,4,gender,ema_lr1e-2_wd1e-3,0.01,0.001,0.94011,0.49486,4181
2,4,gender,ema_d0.99,0.01,0.0001,0.94447,0.50729,4181
2,4,gender,ema_d0.9999,0.01,0.0001,0.96668,0.50873,4181
2,4,gender,mlp_h16,0.001,0.0,0.69982,0.49892,4181
2,4,gender,mlp_h32,0.001,0.0,0.70246,0.49486,4181
2,4,gender,mlp_h64,0.001,0.0,0.71655,0.52499,4181
2,4,gender,mlp_h128,0.001,0.0,0.8994,0.53887,4181
2,4,gender,attention,0.0001,1e-05,0.86141,0.49219,4181
2,4,gender,shuffled,0.01,0.0001,0.95891,0.49892,4181
2,4,star_sign,ema_lr1e-3,0.001,0.0001,3.32502,0.07797,4181
2,4,star_sign,ema_lr5e-3,0.005,0.0001,3.06523,0.0885,4181
2,4,star_sign,ema_lr1e-2,0.01,0.0001,3.09588,0.07462,4181
2,4,star_sign,ema_lr5e-2,0.05,0.0001,3.04871,0.08563,4181
2,4,star_sign,ema_lr1e-2_wd1e-3,0.01,0.001,3.09803,0.07391,4181
2,4,star_sign,ema_d0.99,0.01,0.0001,3.04417,0.07151,4181
2,4,star_sign,ema_d0.9999,0.01,0.0001,3.09795,0.09902,4181
2,4,star_sign,mlp_h16,0.001,0.0,2.36685,0.05549,4181
2,4,star_sign,mlp_h32,0.001,0.0,2.46551,0.04066,4181
2,4,star_sign,mlp_h64,0.001,0.0,2.21679,0.2198,4181
2,4,star_sign,mlp_h128,0.001,0.0,2.00971,0.71347,4181
2,4,star_sign,attention,0.0001,1e-05,1.11629,0.95312,4181
2,4,star_sign,shuffled,0.01,0.0001,3.0927,0.08228,4181
2,8,age_bin,ema_lr1e-3,0.001,0.0001,1.59553,0.3712,4181
2,8,age_bin,ema_lr5e-3,0.005,0.0001,1.6594,0.37359,4181
2,8,age_bin,ema_lr1e-2,0.01,0.0001,1.47399,0.34848,4181
2,8,age_bin,ema_lr5e-2,0.05,0.0001,1.58211,0.34824,4181
2,8,age_bin,ema_lr1e-2_wd1e-3,0.01,0.001,1.53364,0.33676,4181
2,8,age_bin,ema_d0.99,0.01,0.0001,1.56634,0.38005,4181
2,8,age_bin,ema_d0.9999,0.01,0.0001,1.43978,0.36211,4181
2,8,age_bin,mlp_h16,0.001,0.0,1.14987,0.06003,4181
2,8,age_bin,mlp_h32,0.001,0.0,0.9536,0.45563,4181
2,8,age_bin,mlp_h64,0.001,0.0,0.78224,0.9017,4181
2,8,age_bin,mlp_h128,0.001,0.0,0.79145,0.95193,4181
2,8,age_bin,attention,0.0001,1e-05,0.0,1.0,4181
2,8,age_bin,shuffled,0.01,0.0001,1.44993,0.34083,4181
2,8,gender,ema_lr1e-3,0.001,0.0001,1.0029,0.50538,4181
2,8,gender,ema_lr5e-3,0.005,0.0001,0.94725,0.53073,4181
2,8,gender,ema_lr1e-2,0.01,0.0001,0.96881,0.50873,4181
2,8,gender,ema_lr5e-2,0.05,0.0001,1.1555,0.50084,4181
2,8,gender,ema_lr1e-2_wd1e-3,0.01,0.001,0.98482,0.49605,4181
2,8,gender,ema_d0.99,0.01,0.0001,0.9753,0.50586,4181
2,8,gender,ema_d0.9999,0.01,0.0001,0.95568,0.49797,4181
2,8,gender,mlp_h16,0.001,0.0,0.76299,0.46185,4181
2,8,gender,mlp_h32,0.001,0.0,0.72245,0.49486,4181
2,8,gender,mlp_h64,0.001,0.0,0.75097,0.52834,4181
2,8,gender,mlp_h128,0.001,0.0,0.75629,0.51686,4181
2,8,gender,attention,0.0001,1e-05,0.71314,0.50781,4181
2,8,gender,shuffled,0.01,0.0001,1.01638,0.49103,4181
2,8,star_sign,ema_lr1e-3,0.001,0.0001,3.21974,0.07271,4181
2,8,star_sign,ema_lr5e-3,0.005,0.0001,3.18725,0.0763,4181
2,8,star_sign,ema_lr1e-2,0.01,0.0001,3.18159,0.07702,4181
2,8,star_sign,ema_lr5e-2,0.05,0.0001,2.96252,0.09256,4181
2,8,star_sign,ema_lr1e-2_wd1e-3,0.01,0.001,3.23199,0.07773,4181
2,8,star_sign,ema_d0.99,0.01,0.0001,3.19683,0.07247,4181
2,8,star_sign,ema_d0.9999,0.01,0.0001,3.18324,0.07989,4181
2,8,star_sign,mlp_h16,0.001,0.0,2.5144,0.01148,4181
2,8,star_sign,mlp_h32,0.001,0.0,2.39326,0.09735,4181
2,8,star_sign,mlp_h64,0.001,0.0,2.35286,0.15451,4181
2,8,star_sign,mlp_h128,0.001,0.0,1.86712,0.92394,4181
2,8,star_sign,attention,0.0001,1e-05,101.73715,0.0,4181
2,8,star_sign,shuffled,0.01,0.0001,3.20296,0.07056,4181
2,12,age_bin,ema_lr1e-3,0.001,0.0001,1.50658,0.31667,4181
2,12,age_bin,ema_lr5e-3,0.005,0.0001,1.627,0.34155,4181
2,12,age_bin,ema_lr1e-2,0.01,0.0001,1.51101,0.34896,4181
2,12,age_bin,ema_lr5e-2,0.05,0.0001,1.40506,0.40875,4181
2,12,age_bin,ema_lr1e-2_wd1e-3,0.01,0.001,1.56032,0.38197,4181
2,12,age_bin,ema_d0.99,0.01,0.0001,1.54848,0.3547,4181
2,12,age_bin,ema_d0.9999,0.01,0.0001,1.48146,0.35159,4181
2,12,age_bin,mlp_h16,0.001,0.0,0.83685,0.86821,4181
2,12,age_bin,mlp_h32,0.001,0.0,0.78046,0.96986,4181
2,12,age_bin,mlp_h64,0.001,0.0,0.99721,0.48075,4181
2,12,age_bin,mlp_h128,0.001,0.0,0.6494,0.96699,4181
2,12,age_bin,attention,0.0001,1e-05,0.60501,0.82812,4181
2,12,age_bin,shuffled,0.01,0.0001,1.58978,0.3425,4181
2,12,gender,ema_lr1e-3,0.001,0.0001,1.02292,0.51614,4181
2,12,gender,ema_lr5e-3,0.005,0.0001,1.03003,0.47788,4181
2,12,gender,ema_lr1e-2,0.01,0.0001,0.98762,0.51088,4181
2,12,gender,ema_lr5e-2,0.05,0.0001,0.96528,0.49534,4181
2,12,gender,ema_lr1e-2_wd1e-3,0.01,0.001,1.00221,0.50921,4181
2,12,gender,ema_d0.99,0.01,0.0001,0.98426,0.49558,4181
2,12,gender,ema_d0.9999,0.01,0.0001,1.05043,0.4951,4181
2,12,gender,mlp_h16,0.001,0.0,0.70209,0.50203,4181
2,12,gender,mlp_h32,0.001,0.0,0.71644,0.51017,4181
2,12,gender,mlp_h64,0.001,0.0,0.69961,0.53719,4181
2,12,gender,mlp_h128,0.001,0.0,0.72773,0.53504,4181
2,12,gender,attention,0.0001,1e-05,0.78301,0.45312,4181
2,12,gender,shuffled,0.01,0.0001,1.0727,0.49534,4181
2,12,star_sign,ema_lr1e-3,0.001,0.0001,3.30483,0.09806,4181
2,12,star_sign,ema_lr5e-3,0.005,0.0001,3.31677,0.08299,4181
2,12,star_sign,ema_lr1e-2,0.01,0.0001,3.19465,0.08945,4181
2,12,star_sign,ema_lr5e-2,0.05,0.0001,3.10771,0.08467,4181
2,12,star_sign,ema_lr1e-2_wd1e-3,0.01,0.001,3.24771,0.0885,4181
2,12,star_sign,ema_d0.99,0.01,0.0001,3.25234,0.07367,4181
2,12,star_sign,ema_d0.9999,0.01,0.0001,3.23279,0.08539,4181
2,12,star_sign,mlp_h16,0.001,0.0,2.11288,0.53169,4181
2,12,star_sign,mlp_h32,0.001,0.0,2.47968,0.06769,4181
2,12,star_sign,mlp_h64,0.001,0.0,2.0154,0.62282,4181
2,12,star_sign,mlp_h128,0.001,0.0,1.94164,0.57403,4181
2,12,star_sign,attention,0.0001,1e-05,1.64816,0.07812,4181
2,12,star_sign,shuffled,0.01,0.0001,3.23962,0.06864,4181
2,16,age_bin,ema_lr1e-3,0.001,0.0001,1.68605,0.31787,4181
2,16,age_bin,ema_lr5e-3,0.005,0.0001,1.6015,0.34729,4181
2,16,age_bin,ema_lr1e-2,0.01,0.0001,1.63936,0.31643,4181
2,16,age_bin,ema_lr5e-2,0.05,0.0001,1.41104,0.35231,4181
2,16,age_bin,ema_lr1e-2_wd1e-3,0.01,0.001,1.5913,0.34561,4181
2,16,age_bin,ema_d0.99,0.01,0.0001,1.53892,0.31619,4181
2,16,age_bin,ema_d0.9999,0.01,0.0001,1.53963,0.33246,4181
2,16,age_bin,mlp_h16,0.001,0.0,1.21355,0.10285,4181
2,16,age_bin,mlp_h32,0.001,0.0,0.78447,0.93136,4181
2,16,age_bin,mlp_h64,0.001,0.0,0.57719,0.99593,4181
2,16,age_bin,mlp_h128,0.001,0.0,0.61838,0.98589,4181
2,16,age_bin,attention,0.0001,1e-05,0.08469,0.97656,4181
2,16,age_bin,shuffled,0.01,0.0001,1.65292,0.31595,4181
2,16,gender,ema_lr1e-3,0.001,0.0001,1.03799,0.50729,4181
2,16,gender,ema_lr5e-3,0.005,0.0001,1.08718,0.50586,4181
2,16,gender,ema_lr1e-2,0.01,0.0001,1.05165,0.48218,4181
2,16,gender,ema_lr5e-2,0.05,0.0001,1.01081,0.48888,4181
2,16,gender,ema_lr1e-2_wd1e-3,0.01,0.001,1.09912,0.47309,4181
2,16,gender,ema_d0.99,0.01,0.0001,1.01066,0.49414,4181
2,16,gender,ema_d0.9999,0.01,0.0001,1.04057,0.49486,4181
2,16,gender,mlp_h16,0.001,0.0,0.70726,0.50155,4181
2,16,gender,mlp_h32,0.001,0.0,0.69973,0.51614,4181
2,16,gender,mlp_h64,0.001,0.0,0.71786,0.50897,4181
2,16,gender,mlp_h128,0.001,0.0,0.71689,0.5116,4181
2,16,gender,attention,0.0001,1e-05,0.95747,0.47656,4181
2,16,gender,shuffled,0.01,0.0001,1.00481,0.49558,4181
2,16,star_sign,ema_lr1e-3,0.001,0.0001,3.30163,0.05932,4181
2,16,star_sign,ema_lr5e-3,0.005,0.0001,3.24917,0.09208,4181
2,16,star_sign,ema_lr1e-2,0.01,0.0001,3.31388,0.07797,4181
2,16,star_sign,ema_lr5e-2,0.05,0.0001,3.07251,0.08443,4181
2,16,star_sign,ema_lr1e-2_wd1e-3,0.01,0.001,3.24503,0.09902,4181
2,16,star_sign,ema_d0.99,0.01,0.0001,3.30163,0.07558,4181
2,16,star_sign,ema_d0.9999,0.01,0.0001,3.38809,0.07965,4181
2,16,star_sign,mlp_h16,0.001,0.0,2.33348,0.11074,4181
2,16,star_sign,mlp_h32,0.001,0.0,2.3384,0.18154,4181
2,16,star_sign,mlp_h64,0.001,0.0,2.34737,0.21191,4181
2,16,star_sign,mlp_h128,0.001,0.0,1.56284,0.97608,4181
2,16,star_sign,attention,0.0001,1e-05,2.10212,0.24219,4181
2,16,star_sign,shuffled,0.01,0.0001,3.32326,0.08228,4181
3,0,age_bin,ema_lr1e-3,0.001,0.0001,1.6205,0.27811,3664
3,0,age_bin,ema_lr5e-3,0.005,0.0001,1.55003,0.42959,3664
3,0,age_bin,ema_lr1e-2,0.01,0.0001,1.55207,0.33897,3664
3,0,age_bin,ema_lr5e-2,0.05,0.0001,1.36595,0.47489,3664
3,0,age_bin,ema_lr1e-2_wd1e-3,0.01,0.001,1.52078,0.26447,3664
3,0,age_bin,ema_d0.99,0.01,0.0001,1.52483,0.378,3664
3,0,age_bin,ema_d0.9999,0.01,0.0001,1.59629,0.2339,3664
3,0,age_bin,mlp_h16,0.001,0.0,0.73551,0.92822,3664
3,0,age_bin,mlp_h32,0.001,0.0,0.90286,0.75519,3664
3,0,age_bin,mlp_h64,0.001,0.0,0.69436,0.95005,3664
3,0,age_bin,mlp_h128,0.001,0.0,0.62314,0.9809,3664
3,0,age_bin,attention,0.0001,1e-05,1.08718,0.97656,3664
3,0,age_bin,shuffled,0.01,0.0001,1.51827,0.32587,3664
3,0,gender,ema_lr1e-3,0.001,0.0001,0.98033,0.51583,3664
3,0,gender,ema_lr5e-3,0.005,0.0001,0.99829,0.50409,3664
3,0,gender,ema_lr1e-2,0.01,0.0001,0.97253,0.51174,3664
3,0,gender,ema_lr5e-2,0.05,0.0001,0.97188,0.51255,3664
3,0,gender,ema_lr1e-2_wd1e-3,0.01,0.001,0.95855,0.50273,3664
3,0,gender,ema_d0.99,0.01,0.0001,1.03451,0.48826,3664
3,0,gender,ema_d0.9999,0.01,0.0001,1.02664,0.49672,3664
3,0,gender,mlp_h16,0.001,0.0,0.69866,0.50873,3664
3,0,gender,mlp_h32,0.001,0.0,0.7055,0.49563,3664
3,0,gender,mlp_h64,0.001,0.0,0.70289,0.50246,3664
3,0,gender,mlp_h128,0.001,0.0,0.72147,0.49973,3664
3,0,gender,attention,0.0001,1e-05,0.6943,0.44531,3664
3,0,gender,shuffled,0.01,0.0001,1.08799,0.49481,3664
3,0,star_sign,ema_lr1e-3,0.001,0.0001,3.29483,0.04449,3664
3,0,star_sign,ema_lr5e-3,0.005,0.0001,3.31022,0.05486,3664
3,0,star_sign,ema_lr1e-2,0.01,0.0001,3.21452,0.04094,3664
3,0,star_sign,ema_lr5e-2,0.05,0.0001,3.06253,0.20224,3664
3,0,star_sign,ema_lr1e-2_wd1e-3,0.01,0.001,3.23046,0.07915,3664
3,0,star_sign,ema_d0.99,0.01,0.0001,3.2267,0.11981,3664
3,0,star_sign,ema_d0.9999,0.01,0.0001,3.23668,0.04367,3664
3,0,star_sign,mlp_h16,0.001,0.0,1.92252,0.78221,3664
3,0,star_sign,mlp_h32,0.001,0.0,2.19554,0.24099,3664
3,0,star_sign,mlp_h64,0.001,0.0,1.86866,0.69487,3664
3,0,star_sign,mlp_h128,0.001,0.0,1.77089,0.83433,3664
3,0,star_sign,attention,0.0001,1e-05,2.46098,1.0,3664
3,0,star_sign,shuffled,0.01,0.0001,3.19987,0.03548,3664
3,4,age_bin,ema_lr1e-3,0.001,0.0001,1.5487,0.34279,3664
3,4,age_bin,ema_lr5e-3,0.005,0.0001,1.47406,0.30977,3664
3,4,age_bin,ema_lr1e-2,0.01,0.0001,1.45947,0.35235,3664
3,4,age_bin,ema_lr5e-2,0.05,0.0001,1.66746,0.58051,3664
3,4,age_bin,ema_lr1e-2_wd1e-3,0.01,0.001,1.39316,0.35098,3664
3,4,age_bin,ema_d0.99,0.01,0.0001,1.44609,0.34634,3664
3,4,age_bin,ema_d0.9999,0.01,0.0001,1.41998,0.36763,3664
3,4,age_bin,mlp_h16,0.001,0.0,0.89386,0.73553,3664
3,4,age_bin,mlp_h32,0.001,0.0,0.95815,0.72434,3664
3,4,age_bin,mlp_h64,0.001,0.0,0.66784,0.97926,3664
3,4,age_bin,mlp_h128,0.001,0.0,0.70298,0.98581,3664
3,4,age_bin,attention,0.0001,1e-05,0.0,1.0,3664
3,4,age_bin,shuffled,0.01,0.0001,1.45111,0.32041,3664
3,4,gender,ema_lr1e-3,0.001,0.0001,0.9818,0.49236,3664
3,4,gender,ema_lr5e-3,0.005,0.0001,0.97124,0.50464,3664
3,4,gender,ema_lr1e-2,0.01,0.0001,0.95494,0.50983,3664
3,4,gender,ema_lr5e-2,0.05,0.0001,1.23752,0.50382,3664
3,4,gender,ema_lr1e-2_wd1e-3,0.01,0.001,0.98742,0.47134,3664
3,4,gender,ema_d0.99,0.01,0.0001,0.96245,0.50901,3664
3,4,gender,ema_d0.9999,0.01,0.0001,0.95123,0.50764,3664
3,4,gender,mlp_h16,0.001,0.0,0.70549,0.50655,3664
3,4,gender,mlp_h32,0.001,0.0,0.70335,0.50082,3664
3,4,gender,mlp_h64,0.001,0.0,0.72963,0.49973,3664
3,4,gender,mlp_h128,0.001,0.0,0.87786,0.4839,3664
3,4,gender,attention,0.0001,1e-05,2.85073,0.53125,3664
3,4,gender,shuffled,0.01,0.0001,0.95298,0.50573,3664
3,4,star_sign,ema_lr1e-3,0.001,0.0001,3.3733,0.07342,3664
3,4,star_sign,ema_lr5e-3,0.005,0.0001,3.07862,0.0988,3664
3,4,star_sign,ema_lr1e-2,0.01,0.0001,2.97498,0.09198,3664
3,4,star_sign,ema_lr5e-2,0.05,0.0001,2.84474,0.09552,3664
3,4,star_sign,ema_lr1e-2_wd1e-3,0.01,0.001,3.07099,0.0786,3664
3,4,star_sign,ema_d0.99,0.01,0.0001,2.98747,0.07669,3664
3,4,star_sign,ema_d0.9999,0.01,0.0001,3.10604,0.09607,3664
3,4,star_sign,mlp_h16,0.001,0.0,2.27319,0.11245,3664
3,4,star_sign,mlp_h32,0.001,0.0,2.28597,0.10944,3664
3,4,star_sign,mlp_h64,0.001,0.0,1.98708,0.53248,3664
3,4,star_sign,mlp_h128,0.001,0.0,1.67266,0.98553,3664
3,4,star_sign,attention,0.0001,1e-05,0.93975,1.0,3664
3,4,star_sign,shuffled,0.01,0.0001,3.1096,0.08925,3664
3,8,age_bin,ema_lr1e-3,0.001,0.0001,1.59549,0.35753,3664
3,8,age_bin,ema_lr5e-3,0.005,0.0001,1.61309,0.3619,3664
3,8,age_bin,ema_lr1e-2,0.01,0.0001,1.47261,0.33106,3664
3,8,age_bin,ema_lr5e-2,0.05,0.0001,1.51626,0.3185,3664
3,8,age_bin,ema_lr1e-2_wd1e-3,0.01,0.001,1.49329,0.3357,3664
3,8,age_bin,ema_d0.99,0.01,0.0001,1.50712,0.37391,3664
3,8,age_bin,ema_d0.9999,0.01,0.0001,1.44323,0.35562,3664
3,8,age_bin,mlp_h16,0.001,0.0,1.1303,0.08051,3664
3,8,age_bin,mlp_h32,0.001,0.0,0.81816,0.71288,3664
3,8,age_bin,mlp_h64,0.001,0.0,0.6225,0.98772,3664
3,8,age_bin,mlp_h128,0.001,0.0,0.62102,0.99809,3664
3,8,age_bin,attention,0.0001,1e-05,0.0,1.0,3664
3,8,age_bin,shuffled,0.01,0.0001,1.43854,0.33624,3664
3,8,gender,ema_lr1e-3,0.001,0.0001,0.96321,0.50409,3664
3,8,gender,ema_lr5e-3,0.005,0.0001,0.98655,0.50491,3664
3,8,gender,ema_lr1e-2,0.01,0.0001,1.01172,0.4929,3664
3,8,gender,ema_lr5e-2,0.05,0.0001,1.15189,0.51365,3664
3,8,gender,ema_lr1e-2_wd1e-3,0.01,0.001,0.98522,0.50409,3664
3,8,gender,ema_d0.99,0.01,0.0001,1.00034,0.48117,3664
3,8,gender,ema_d0.9999,0.01,0.0001,0.92368,0.50273,3664
3,8,gender,mlp_h16,0.001,0.0,0.72623,0.52456,3664
3,8,gender,mlp_h32,0.001,0.0,0.74336,0.50519,3664
3,8,gender,mlp_h64,0.001,0.0,0.76414,0.49481,3664
3,8,gender,mlp_h128,0.001,0.0,0.75634,0.49891,3664
3,8,gender,attention,0.0001,1e-05,0.7265,0.44531,3664
3,8,gender,shuffled,0.01,0.0001,0.96781,0.50164,3664
3,8,star_sign,ema_lr1e-3,0.001,0.0001,3.26021,0.06878,3664
3,8,star_sign,ema_lr5e-3,0.005,0.0001,3.20742,0.06796,3664
3,8,star_sign,ema_lr1e-2,0.01,0.0001,3.11963,0.0696,3664
3,8,star_sign,ema_lr5e-2,0.05,0.0001,2.89347,0.10317,3664
3,8,star_sign,ema_lr1e-2_wd1e-3,0.01,0.001,3.1372,0.08215,3664
3,8,star_sign,ema_d0.99,0.01,0.0001,3.14975,0.07697,3664
3,8,star_sign,ema_d0.9999,0.01,0.0001,3.19378,0.07615,3664
3,8,star_sign,mlp_h16,0.001,0.0,2.41867,0.0464,3664
3,8,star_sign,mlp_h32,0.001,0.0,2.24695,0.23062,3664
3,8,star_sign,mlp_h64,0.001,0.0,2.12514,0.48526,3664
3,8,star_sign,mlp_h128,0.001,0.0,1.53182,0.99645,3664
3,8,star_sign,attention,0.0001,1e-05,93.41735,0.0,3664
3,8,star_sign,shuffled,0.01,0.0001,3.12612,0.07096,3664
3,12,age_bin,ema_lr1e-3,0.001,0.0001,1.52271,0.31441,3664
3,12,age_bin,ema_lr5e-3,0.005,0.0001,1.5844,0.34471,3664
3,12,age_bin,ema_lr1e-2,0.01,0.0001,1.49922,0.35426,3664
3,12,age_bin,ema_lr5e-2,0.05,0.0001,1.41648,0.34907,3664
3,12,age_bin,ema_lr1e-2_wd1e-3,0.01,0.001,1.55354,0.35699,3664
3,12,age_bin,ema_d0.99,0.01,0.0001,1.53487,0.35289,3664
3,12,age_bin,ema_d0.9999,0.01,0.0001,1.46267,0.35508,3664
3,12,age_bin,mlp_h16,0.001,0.0,0.76335,0.93204,3664
3,12,age_bin,mlp_h32,0.001,0.0,0.7067,0.99345,3664
3,12,age_bin,mlp_h64,0.001,0.0,0.86507,0.75437,3664
3,12,age_bin,mlp_h128,0.001,0.0,0.47953,0.99973,3664
3,12,age_bin,attention,0.0001,1e-05,0.36969,0.96875,3664
3,12,age_bin,shuffled,0.01,0.0001,1.60385,0.33188,3664
3,12,gender,ema_lr1e-3,0.001,0.0001,1.05478,0.51938,3664
3,12,gender,ema_lr5e-3,0.005,0.0001,0.95919,0.51174,3664
3,12,gender,ema_lr1e-2,0.01,0.0001,0.98209,0.50737,3664
3,12,gender,ema_lr5e-2,0.05,0.0001,1.03902,0.50682,3664
3,12,gender,ema_lr1e-2_wd1e-3,0.01,0.001,1.00724,0.49045,3664
3,12,gender,ema_d0.99,0.01,0.0001,0.97955,0.4929,3664
3,12,gender,ema_d0.9999,0.01,0.0001,1.07441,0.45988,3664
3,12,gender,mlp_h16,0.001,0.0,0.70638,0.48062,3664
3,12,gender,mlp_h32,0.001,0.0,0.71812,0.48717,3664
3,12,gender,mlp_h64,0.001,0.0,0.74522,0.46616,3664
3,12,gender,mlp_h128,0.001,0.0,0.76812,0.47189,3664
3,12,gender,attention,0.0001,1e-05,0.7916,0.53906,3664
3,12,gender,shuffled,0.01,0.0001,0.98921,0.49973,3664
3,12,star_sign,ema_lr1e-3,0.001,0.0001,3.31898,0.09416,3664
3,12,star_sign,ema_lr5e-3,0.005,0.0001,3.18185,0.09743,3664
3,12,star_sign,ema_lr1e-2,0.01,0.0001,3.14791,0.09716,3664
3,12,star_sign,ema_lr5e-2,0.05,0.0001,3.01017,0.10098,3664
3,12,star_sign,ema_lr1e-2_wd1e-3,0.01,0.001,3.28631,0.08761,3664
3,12,star_sign,ema_d0.99,0.01,0.0001,3.30872,0.0726,3664
3,12,star_sign,ema_d0.9999,0.01,0.0001,3.20975,0.08979,3664
3,12,star_sign,mlp_h16,0.001,0.0,1.98831,0.64465,3664
3,12,star_sign,mlp_h32,0.001,0.0,2.36185,0.15584,3664
3,12,star_sign,mlp_h64,0.001,0.0,1.79251,0.8679,3664
3,12,star_sign,mlp_h128,0.001,0.0,1.66101,0.8911,3664
3,12,star_sign,attention,0.0001,1e-05,1.15742,0.40625,3664
3,12,star_sign,shuffled,0.01,0.0001,3.1732,0.06932,3664
3,16,age_bin,ema_lr1e-3,0.001,0.0001,1.64318,0.3286,3664
3,16,age_bin,ema_lr5e-3,0.005,0.0001,1.48556,0.36954,3664
3,16,age_bin,ema_lr1e-2,0.01,0.0001,1.57806,0.31059,3664
3,16,age_bin,ema_lr5e-2,0.05,0.0001,1.37266,0.36627,3664
3,16,age_bin,ema_lr1e-2_wd1e-3,0.01,0.001,1.49061,0.369,3664
3,16,age_bin,ema_d0.99,0.01,0.0001,1.48298,0.34061,3664
3,16,age_bin,ema_d0.9999,0.01,0.0001,1.55004,0.30922,3664
3,16,age_bin,mlp_h16,0.001,0.0,1.12476,0.28139,3664
3,16,age_bin,mlp_h32,0.001,0.0,0.67292,0.97052,3664
3,16,age_bin,mlp_h64,0.001,0.0,0.4451,0.99754,3664
3,16,age_bin,mlp_h128,0.001,0.0,0.44345,0.99672,3664
3,16,age_bin,attention,0.0001,1e-05,0.03415,0.99219,3664
3,16,age_bin,shuffled,0.01,0.0001,1.57154,0.32505,3664
3,16,gender,ema_lr1e-3,0.001,0.0001,1.00351,0.5131,3664
3,16,gender,ema_lr5e-3,0.005,0.0001,1.04522,0.50928,3664
3,16,gender,ema_lr1e-2,0.01,0.0001,1.01615,0.49973,3664
3,16,gender,ema_lr5e-2,0.05,0.0001,0.98397,0.48881,3664
3,16,gender,ema_lr1e-2_wd1e-3,0.01,0.001,1.03315,0.48444,3664
3,16,gender,ema_d0.99,0.01,0.0001,1.02673,0.48226,3664
3,16,gender,ema_d0.9999,0.01,0.0001,1.01816,0.48526,3664
3,16,gender,mlp_h16,0.001,0.0,0.71856,0.48826,3664
3,16,gender,mlp_h32,0.001,0.0,0.71578,0.48881,3664
3,16,gender,mlp_h64,0.001,0.0,0.7239,0.48226,3664
3,16,gender,mlp_h128,0.001,0.0,0.75753,0.46916,3664
3,16,gender,attention,0.0001,1e-05,0.87994,0.46094,3664
3,16,gender,shuffled,0.01,0.0001,0.97429,0.503,3664
3,16,star_sign,ema_lr1e-3,0.001,0.0001,3.2508,0.07669,3664
3,16,star_sign,ema_lr5e-3,0.005,0.0001,3.22595,0.09552,3664
3,16,star_sign,ema_lr1e-2,0.01,0.0001,3.26904,0.09116,3664
3,16,star_sign,ema_lr5e-2,0.05,0.0001,2.96932,0.11135,3664
3,16,star_sign,ema_lr1e-2_wd1e-3,0.01,0.001,3.19504,0.08952,3664
3,16,star_sign,ema_d0.99,0.01,0.0001,3.26538,0.07724,3664
3,16,star_sign,ema_d0.9999,0.01,0.0001,3.29626,0.08242,3664
3,16,star_sign,mlp_h16,0.001,0.0,2.22652,0.21698,3664
3,16,star_sign,mlp_h32,0.001,0.0,2.18776,0.30431,3664
3,16,star_sign,mlp_h64,0.001,0.0,2.1283,0.43341,3664
3,16,star_sign,mlp_h128,0.001,0.0,1.23509,0.99427,3664
3,16,star_sign,attention,0.0001,1e-05,1.0943,0.60938,3664
3,16,star_sign,shuffled,0.01,0.0001,3.27176,0.07778,3664
4,0,age_bin,ema_lr1e-3,0.001,0.0001,1.60363,0.29031,3634
4,0,age_bin,ema_lr5e-3,0.005,0.0001,1.54578,0.3847,3634
4,0,age_bin,ema_lr1e-2,0.01,0.0001,1.51001,0.34893,3634
4,0,age_bin,ema_lr5e-2,0.05,0.0001,1.29124,0.42983,3634
4,0,age_bin,ema_lr1e-2_wd1e-3,0.01,0.001,1.49152,0.25509,3634
4,0,age_bin,ema_d0.99,0.01,0.0001,1.52311,0.38167,3634
4,0,age_bin,ema_d0.9999,0.01,0.0001,1.53823,0.24298,3634
4,0,age_bin,mlp_h16,0.001,0.0,0.6773,0.94359,3634
4,0,age_bin,mlp_h32,0.001,0.0,0.8053,0.85801,3634
4,0,age_bin,mlp_h64,0.001,0.0,0.58733,0.98431,3634
4,0,age_bin,mlp_h128,0.001,0.0,0.49177,0.9989,3634
4,0,age_bin,attention,0.0001,1e-05,1.08289,1.0,3634
4,0,age_bin,shuffled,0.01,0.0001,1.51685,0.32251,3634
4,0,gender,ema_lr1e-3,0.001,0.0001,1.00049,0.50633,3634
4,0,gender,ema_lr5e-3,0.005,0.0001,1.02146,0.49615,3634
4,0,gender,ema_lr1e-2,0.01,0.0001,0.9793,0.49285,3634
4,0,gender,ema_lr5e-2,0.05,0.0001,0.95342,0.49945,3634
4,0,gender,ema_lr1e-2_wd1e-3,0.01,0.001,0.9743,0.49587,3634
4,0,gender,ema_d0.99,0.01,0.0001,0.98916,0.51348,3634
4,0,gender,ema_d0.9999,0.01,0.0001,0.97316,0.4978,3634
4,0,gender,mlp_h16,0.001,0.0,0.70328,0.48652,3634
4,0,gender,mlp_h32,0.001,0.0,0.71024,0.46615,3634
4,0,gender,mlp_h64,0.001,0.0,0.71194,0.48459,3634
4,0,gender,mlp_h128,0.001,0.0,0.72,0.47744,3634
4,0,gender,attention,0.0001,1e-05,0.69433,0.41406,3634
4,0,gender,shuffled,0.01,0.0001,0.99117,0.52284,3634
4,0,star_sign,ema_lr1e-3,0.001,0.0001,3.32505,0.04458,3634
4,0,star_sign,ema_lr5e-3,0.005,0.0001,3.27441,0.05916,3634
4,0,star_sign,ema_lr1e-2,0.01,0.0001,3.15561,0.04045,3634
4,0,star_sign,ema_lr5e-2,0.05,0.0001,2.93494,0.18685,3634
4,0,star_sign,ema_lr1e-2_wd1e-3,0.01,0.001,3.18213,0.08338,3634
4,0,star_sign,ema_d0.99,0.01,0.0001,3.24009,0.11805,3634
4,0,star_sign,ema_d0.9999,0.01,0.0001,3.20041,0.04568,3634
4,0,star_sign,mlp_h16,0.001,0.0,1.82612,0.84783,3634
4,0,star_sign,mlp_h32,0.001,0.0,2.07088,0.44166,3634
4,0,star_sign,mlp_h64,0.001,0.0,1.69179,0.81343,3634
4,0,star_sign,mlp_h128,0.001,0.0,1.51447,0.95405,3634
4,0,star_sign,attention,0.0001,1e-05,2.45377,1.0,3634
4,0,star_sign,shuffled,0.01,0.0001,3.17532,0.04128,3634
4,4,age_bin,ema_lr1e-3,0.001,0.0001,1.54646,0.33792,3634
4,4,age_bin,ema_lr5e-3,0.005,0.0001,1.4874,0.29499,3634
4,4,age_bin,ema_lr1e-2,0.01,0.0001,1.45088,0.35195,3634
4,4,age_bin,ema_lr5e-2,0.05,0.0001,1.44133,0.30627,3634
4,4,age_bin,ema_lr1e-2_wd1e-3,0.01,0.001,1.43409,0.3415,3634
4,4,age_bin,ema_d0.99,0.01,0.0001,1.42915,0.33792,3634
4,4,age_bin,ema_d0.9999,0.01,0.0001,1.42684,0.35883,3634
4,4,age_bin,mlp_h16,0.001,0.0,0.81381,0.8847,3634
4,4,age_bin,mlp_h32,0.001,0.0,0.86396,0.89791,3634
4,4,age_bin,mlp_h64,0.001,0.0,0.51244,0.99945,3634
4,4,age_bin,mlp_h128,0.001,0.0,0.50404,1.0,3634
4,4,age_bin,attention,0.0001,1e-05,0.0,1.0,3634
4,4,age_bin,shuffled,0.01,0.0001,1.38119,0.34397,3634
4,4,gender,ema_lr1e-3,0.001,0.0001,0.98296,0.48266,3634
4,4,gender,ema_lr5e-3,0.005,0.0001,0.96638,0.49642,3634
4,4,gender,ema_lr1e-2,0.01,0.0001,0.98438,0.47964,3634
4,4,gender,ema_lr5e-2,0.05,0.0001,1.25673,0.53715,3634
4,4,gender,ema_lr1e-2_wd1e-3,0.01,0.001,0.93722,0.49862,3634
4,4,gender,ema_d0.99,0.01,0.0001,0.92833,0.51458,3634
4,4,gender,ema_d0.9999,0.01,0.0001,0.96757,0.49422,3634
4,4,gender,mlp_h16,0.001,0.0,0.70131,0.52669,3634
4,4,gender,mlp_h32,0.001,0.0,0.70855,0.46395,3634
4,4,gender,mlp_h64,0.001,0.0,0.71811,0.5,3634
4,4,gender,mlp_h128,0.001,0.0,0.718,0.47854,3634
4,4,gender,attention,0.0001,1e-05,3.41948,0.57031,3634
4,4,gender,shuffled,0.01,0.0001,0.95248,0.5022,3634
4,4,star_sign,ema_lr1e-3,0.001,0.0001,3.30039,0.06907,3634
4,4,star_sign,ema_lr5e-3,0.005,0.0001,3.04305,0.08943,3634
4,4,star_sign,ema_lr1e-2,0.01,0.0001,2.98638,0.08393,3634
4,4,star_sign,ema_lr5e-2,0.05,0.0001,2.88279,0.12328,3634
4,4,star_sign,ema_lr1e-2_wd1e-3,0.01,0.001,3.03414,0.08365,3634
4,4,star_sign,ema_d0.99,0.01,0.0001,2.9592,0.08971,3634
4,4,star_sign,ema_d0.9999,0.01,0.0001,3.06347,0.09274,3634
4,4,star_sign,mlp_h16,0.001,0.0,2.17332,0.14777,3634
4,4,star_sign,mlp_h32,0.001,0.0,2.09789,0.35003,3634
4,4,star_sign,mlp_h64,0.001,0.0,1.72708,0.86544,3634
4,4,star_sign,mlp_h128,0.001,0.0,1.32425,1.0,3634
4,4,star_sign,attention,0.0001,1e-05,0.75486,1.0,3634
4,4,star_sign,shuffled,0.01,0.0001,3.03357,0.08971,3634
4,8,age_bin,ema_lr1e-3,0.001,0.0001,1.57227,0.36874,3634
4,8,age_bin,ema_lr5e-3,0.005,0.0001,1.60043,0.33352,3634
4,8,age_bin,ema_lr1e-2,0.01,0.0001,1.42286,0.35911,3634
4,8,age_bin,ema_lr5e-2,0.05,0.0001,1.65773,0.49642,3634
4,8,age_bin,ema_lr1e-2_wd1e-3,0.01,0.001,1.51837,0.32719,3634
4,8,age_bin,ema_d0.99,0.01,0.0001,1.43614,0.35581,3634
4,8,age_bin,ema_d0.9999,0.01,0.0001,1.44424,0.35085,3634
4,8,age_bin,mlp_h16,0.001,0.0,1.112,0.09163,3634
4,8,age_bin,mlp_h32,0.001,0.0,0.70064,0.8891,3634
4,8,age_bin,mlp_h64,0.001,0.0,0.48885,1.0,3634
4,8,age_bin,mlp_h128,0.001,0.0,0.45791,1.0,3634
4,8,age_bin,attention,0.0001,1e-05,0.0,1.0,3634
4,8,age_bin,shuffled,0.01,0.0001,1.43887,0.34425,3634
4,8,gender,ema_lr1e-3,0.001,0.0001,0.96243,0.51651,3634
4,8,gender,ema_lr5e-3,0.005,0.0001,0.96975,0.50688,3634
4,8,gender,ema_lr1e-2,0.01,0.0001,0.96318,0.50853,3634
4,8,gender,ema_lr5e-2,0.05,0.0001,1.2834,0.4656,3634
4,8,gender,ema_lr1e-2_wd1e-3,0.01,0.001,0.92436,0.52284,3634
4,8,gender,ema_d0.99,0.01,0.0001,0.97692,0.50028,3634
4,8,gender,ema_d0.9999,0.01,0.0001,0.95402,0.49285,3634
4,8,gender,mlp_h16,0.001,0.0,0.68888,0.582,3634
4,8,gender,mlp_h32,0.001,0.0,0.75098,0.50055,3634
4,8,gender,mlp_h64,0.001,0.0,0.73003,0.48927,3634
4,8,gender,mlp_h128,0.001,0.0,0.71818,0.50715,3634
4,8,gender,attention,0.0001,1e-05,0.71916,0.45312,3634
4,8,gender,shuffled,0.01,0.0001,0.97441,0.49587,3634
4,8,star_sign,ema_lr1e-3,0.001,0.0001,3.17636,0.08613,3634
4,8,star_sign,ema_lr5e-3,0.005,0.0001,3.12135,0.0809,3634
4,8,star_sign,ema_lr1e-2,0.01,0.0001,3.06404,0.08145,3634
4,8,star_sign,ema_lr5e-2,0.05,0.0001,2.89981,0.11723,3634
4,8,star_sign,ema_lr1e-2_wd1e-3,0.01,0.001,3.16234,0.08228,3634
4,8,star_sign,ema_d0.99,0.01,0.0001,3.16216,0.08145,3634
4,8,star_sign,ema_d0.9999,0.01,0.0001,3.09877,0.09274,3634
4,8,star_sign,mlp_h16,0.001,0.0,2.30889,0.13897,3634
4,8,star_sign,mlp_h32,0.001,0.0,2.12131,0.46175,3634
4,8,star_sign,mlp_h64,0.001,0.0,1.9012,0.82636,3634
4,8,star_sign,mlp_h128,0.001,0.0,1.22667,0.99972,3634
4,8,star_sign,attention,0.0001,1e-05,84.27769,0.0,3634
4,8,star_sign,shuffled,0.01,0.0001,3.13497,0.07567,3634
4,12,age_bin,ema_lr1e-3,0.001,0.0001,1.47984,0.32499,3634
4,12,age_bin,ema_lr5e-3,0.005,0.0001,1.57213,0.3492,3634
4,12,age_bin,ema_lr1e-2,0.01,0.0001,1.49012,0.35416,3634
4,12,age_bin,ema_lr5e-2,0.05,0.0001,1.30971,0.39736,3634
4,12,age_bin,ema_lr1e-2_wd1e-3,0.01,0.001,1.45413,0.38305,3634
4,12,age_bin,ema_d0.99,0.01,0.0001,1.52677,0.3503,3634
4,12,age_bin,ema_d0.9999,0.01,0.0001,1.44891,0.35443,3634
4,12,age_bin,mlp_h16,0.001,0.0,0.6858,0.97303,3634
4,12,age_bin,mlp_h32,0.001,0.0,0.62117,0.9989,3634
4,12,age_bin,mlp_h64,0.001,0.0,0.72799,0.92735,3634
4,12,age_bin,mlp_h128,0.001,0.0,0.35685,1.0,3634
4,12,age_bin,attention,0.0001,1e-05,0.20477,0.99219,3634
4,12,age_bin,shuffled,0.01,0.0001,1.53021,0.34645,3634
4,12,gender,ema_lr1e-3,0.001,0.0001,1.09739,0.48734,3634
4,12,gender,ema_lr5e-3,0.005,0.0001,0.99973,0.48899,3634
4,12,gender,ema_lr1e-2,0.01,0.0001,0.99476,0.49147,3634
4,12,gender,ema_lr5e-2,0.05,0.0001,1.01953,0.48982,3634
4,12,gender,ema_lr1e-2_wd1e-3,0.01,0.001,1.04551,0.4956,3634
4,12,gender,ema_d0.99,0.01,0.0001,0.96187,0.50688,3634
4,12,gender,ema_d0.9999,0.01,0.0001,0.9457,0.51954,3634
4,12,gender,mlp_h16,0.001,0.0,0.70152,0.49532,3634
4,12,gender,mlp_h32,0.001,0.0,0.71157,0.47303,3634
4,12,gender,mlp_h64,0.001,0.0,0.72807,0.46615,3634
4,12,gender,mlp_h128,0.001,0.0,0.73038,0.48074,3634
4,12,gender,attention,0.0001,1e-05,0.72966,0.52344,3634
4,12,gender,shuffled,0.01,0.0001,0.95526,0.51651,3634
4,12,star_sign,ema_lr1e-3,0.001,0.0001,3.30331,0.09301,3634
4,12,star_sign,ema_lr5e-3,0.005,0.0001,3.2678,0.09521,3634
4,12,star_sign,ema_lr1e-2,0.01,0.0001,3.16586,0.08723,3634
4,12,star_sign,ema_lr5e-2,0.05,0.0001,2.92804,0.12796,3634
4,12,star_sign,ema_lr1e-2_wd1e-3,0.01,0.001,3.20139,0.09191,3634
4,12,star_sign,ema_d0.99,0.01,0.0001,3.13275,0.07485,3634
4,12,star_sign,ema_d0.9999,0.01,0.0001,3.16841,0.09081,3634
4,12,star_sign,mlp_h16,0.001,0.0,1.8883,0.7295,3634
4,12,star_sign,mlp_h32,0.001,0.0,2.22466,0.29362,3634
4,12,star_sign,mlp_h64,0.001,0.0,1.58262,0.95129,3634
4,12,star_sign,mlp_h128,0.001,0.0,1.38345,0.98211,3634
4,12,star_sign,attention,0.0001,1e-05,0.69972,0.85156,3634
4,12,star_sign,shuffled,0.01,0.0001,3.16067,0.07595,3634
4,16,age_bin,ema_lr1e-3,0.001,0.0001,1.66469,0.31893,3634
4,16,age_bin,ema_lr5e-3,0.005,0.0001,1.56337,0.35663,3634
4,16,age_bin,ema_lr1e-2,0.01,0.0001,1.554,0.33214,3634
4,16,age_bin,ema_lr5e-2,0.05,0.0001,1.34142,0.38828,3634
4,16,age_bin,ema_lr1e-2_wd1e-3,0.01,0.001,1.51562,0.35553,3634
4,16,age_bin,ema_d0.99,0.01,0.0001,1.5314,0.31425,3634
4,16,age_bin,ema_d0.9999,0.01,0.0001,1.51454,0.33049,3634
4,16,age_bin,mlp_h16,0.001,0.0,1.05317,0.41855,3634
4,16,age_bin,mlp_h32,0.001,0.0,0.57369,0.98624,3634
4,16,age_bin,mlp_h64,0.001,0.0,0.32158,1.0,3634
4,16,age_bin,mlp_h128,0.001,0.0,0.29848,1.0,3634
4,16,age_bin,attention,0.0001,1e-05,0.01006,1.0,3634
4,16,age_bin,shuffled,0.01,0.0001,1.5302,0.34783,3634
4,16,gender,ema_lr1e-3,0.001,0.0001,1.08062,0.48349,3634
4,16,gender,ema_lr5e-3,0.005,0.0001,1.10733,0.48734,3634
4,16,gender,ema_lr1e-2,0.01,0.0001,0.97459,0.50605,3634
4,16,gender,ema_lr5e-2,0.05,0.0001,0.93926,0.49862,3634
4,16,gender,ema_lr1e-2_wd1e-3,0.01,0.001,0.9536,0.5066,3634
4,16,gender,ema_d0.99,0.01,0.0001,0.98444,0.49367,3634
4,16,gender,ema_d0.9999,0.01,0.0001,0.97723,0.51596,3634
4,16,gender,mlp_h16,0.001,0.0,0.70931,0.51046,3634
4,16,gender,mlp_h32,0.001,0.0,0.72267,0.48789,3634
4,16,gender,mlp_h64,0.001,0.0,0.71654,0.49587,3634
4,16,gender,mlp_h128,0.001,0.0,0.74027,0.48817,3634
4,16,gender,attention,0.0001,1e-05,0.77131,0.55469,3634
4,16,gender,shuffled,0.01,0.0001,0.97867,0.50165,3634
4,16,star_sign,ema_lr1e-3,0.001,0.0001,3.25221,0.07375,3634
4,16,star_sign,ema_lr5e-3,0.005,0.0001,3.22217,0.09824,3634
4,16,star_sign,ema_lr1e-2,0.01,0.0001,3.21622,0.07292,3634
4,16,star_sign,ema_lr5e-2,0.05,0.0001,2.91529,0.12245,3634
4,16,star_sign,ema_lr1e-2_wd1e-3,0.01,0.001,3.26237,0.09411,3634
4,16,star_sign,ema_d0.99,0.01,0.0001,3.14643,0.08668,3634
4,16,star_sign,ema_d0.9999,0.01,0.0001,3.22516,0.09136,3634
4,16,star_sign,mlp_h16,0.001,0.0,2.12387,0.33764,3634
4,16,star_sign,mlp_h32,0.001,0.0,2.03198,0.41442,3634
4,16,star_sign,mlp_h64,0.001,0.0,1.92934,0.58751,3634
4,16,star_sign,mlp_h128,0.001,0.0,0.91013,0.99945,3634
4,16,star_sign,attention,0.0001,1e-05,0.39364,0.9375,3634
4,16,star_sign,shuffled,0.01,0.0001,3.26401,0.08916,3634
5,0,age_bin,ema_lr1e-3,0.001,0.0001,1.64585,0.27185,4039
5,0,age_bin,ema_lr5e-3,0.005,0.0001,1.50785,0.44714,4039
5,0,age_bin,ema_lr1e-2,0.01,0.0001,1.46834,0.36866,4039
5,0,age_bin,ema_lr5e-2,0.05,0.0001,1.25557,0.49591,4039
5,0,age_bin,ema_lr1e-2_wd1e-3,0.01,0.001,1.50119,0.29463,4039
5,0,age_bin,ema_d0.99,0.01,0.0001,1.49388,0.38524,4039
5,0,age_bin,ema_d0.9999,0.01,0.0001,1.50743,0.28621,4039
5,0,age_bin,mlp_h16,0.001,0.0,0.6249,0.97351,4039
5,0,age_bin,mlp_h32,0.001,0.0,0.73471,0.92201,4039
5,0,age_bin,mlp_h64,0.001,0.0,0.50374,0.99505,4039
5,0,age_bin,mlp_h128,0.001,0.0,0.39396,0.99975,4039
5,0,age_bin,attention,0.0001,1e-05,1.07698,1.0,4039
5,0,age_bin,shuffled,0.01,0.0001,1.4765,0.31691,4039
5,0,gender,ema_lr1e-3,0.001,0.0001,1.02681,0.49591,4039
5,0,gender,ema_lr5e-3,0.005,0.0001,1.0332,0.4927,4039
5,0,gender,ema_lr1e-2,0.01,0.0001,0.98044,0.50136,4039
5,0,gender,ema_lr5e-2,0.05,0.0001,0.96598,0.49542,4039
5,0,gender,ema_lr1e-2_wd1e-3,0.01,0.001,0.97413,0.49294,4039
5,0,gender,ema_d0.99,0.01,0.0001,0.96734,0.50582,4039
5,0,gender,ema_d0.9999,0.01,0.0001,1.01279,0.49443,4039
5,0,gender,mlp_h16,0.001,0.0,0.70095,0.49938,4039
5,0,gender,mlp_h32,0.001,0.0,0.70437,0.49369,4039
5,0,gender,mlp_h64,0.001,0.0,0.70502,0.49369,4039
5,0,gender,mlp_h128,0.001,0.0,0.71186,0.50433,4039
5,0,gender,attention,0.0001,1e-05,0.69269,0.47656,4039
5,0,gender,shuffled,0.01,0.0001,1.00948,0.49492,4039
5,0,star_sign,ema_lr1e-3,0.001,0.0001,3.28799,0.05496,4039
5,0,star_sign,ema_lr5e-3,0.005,0.0001,3.2458,0.06363,4039
5,0,star_sign,ema_lr1e-2,0.01,0.0001,3.1751,0.03714,4039
5,0,star_sign,ema_lr5e-2,0.05,0.0001,2.90796,0.22382,4039
5,0,star_sign,ema_lr1e-2_wd1e-3,0.01,0.001,3.13794,0.08765,4039
5,0,star_sign,ema_d0.99,0.01,0.0001,3.20841,0.15227,4039
5,0,star_sign,ema_d0.9999,0.01,0.0001,3.18117,0.04655,4039
5,0,star_sign,mlp_h16,0.001,0.0,1.75314,0.87794,4039
5,0,star_sign,mlp_h32,0.001,0.0,1.96177,0.55855,4039
5,0,star_sign,mlp_h64,0.001,0.0,1.55801,0.89948,4039
5,0,star_sign,mlp_h128,0.001,0.0,1.30875,0.98539,4039
5,0,star_sign,attention,0.0001,1e-05,2.44749,1.0,4039
5,0,star_sign,shuffled,0.01,0.0001,3.16153,0.03788,4039
5,4,age_bin,ema_lr1e-3,0.001,0.0001,1.46683,0.35925,4039
5,4,age_bin,ema_lr5e-3,0.005,0.0001,1.44993,0.30973,4039
5,4,age_bin,ema_lr1e-2,0.01,0.0001,1.40442,0.36544,4039
5,4,age_bin,ema_lr5e-2,0.05,0.0001,1.56938,0.24635,4039
5,4,age_bin,ema_lr1e-2_wd1e-3,0.01,0.001,1.39074,0.36073,4039
5,4,age_bin,ema_d0.99,0.01,0.0001,1.48561,0.31716,4039
5,4,age_bin,ema_d0.9999,0.01,0.0001,1.4254,0.36816,4039
5,4,age_bin,mlp_h16,0.001,0.0,0.73922,0.95568,4039
5,4,age_bin,mlp_h32,0.001,0.0,0.78982,0.95915,4039
5,4,age_bin,mlp_h64,0.001,0.0,0.39544,0.99975,4039
5,4,age_bin,mlp_h128,0.001,0.0,0.35635,1.0,4039
5,4,age_bin,attention,0.0001,1e-05,0.0,1.0,4039
5,4,age_bin,shuffled,0.01,0.0001,1.40491,0.32359,4039
5,4,gender,ema_lr1e-3,0.001,0.0001,0.9644,0.49567,4039
5,4,gender,ema_lr5e-3,0.005,0.0001,0.93559,0.51671,4039
5,4,gender,ema_lr1e-2,0.01,0.0001,0.96618,0.49765,4039
5,4,gender,ema_lr5e-2,0.05,0.0001,1.20861,0.50978,4039
5,4,gender,ema_lr1e-2_wd1e-3,0.01,0.001,0.92435,0.50384,4039
5,4,gender,ema_d0.99,0.01,0.0001,0.9329,0.50978,4039
5,4,gender,ema_d0.9999,0.01,0.0001,0.99744,0.47883,4039
5,4,gender,mlp_h16,0.001,0.0,0.70715,0.50582,4039
5,4,gender,mlp_h32,0.001,0.0,0.69927,0.51795,4039
5,4,gender,mlp_h64,0.001,0.0,0.72231,0.50532,4039
5,4,gender,mlp_h128,0.001,0.0,0.86255,0.50483,4039
5,4,gender,attention,0.0001,1e-05,3.5917,0.51562,4039
5,4,gender,shuffled,0.01,0.0001,0.97659,0.48824,4039
5,4,star_sign,ema_lr1e-3,0.001,0.0001,3.31256,0.06412,4039
5,4,star_sign,ema_lr5e-3,0.005,0.0001,2.98079,0.10027,4039
5,4,star_sign,ema_lr1e-2,0.01,0.0001,2.98649,0.09458,4039
5,4,star_sign,ema_lr5e-2,0.05,0.0001,2.834,0.23545,4039
5,4,star_sign,ema_lr1e-2_wd1e-3,0.01,0.001,3.01345,0.08393,4039
5,4,star_sign,ema_d0.99,0.01,0.0001,2.93725,0.09903,4039
5,4,star_sign,ema_d0.9999,0.01,0.0001,3.01265,0.08839,4039
5,4,star_sign,mlp_h16,0.001,0.0,2.10037,0.19213,4039
5,4,star_sign,mlp_h32,0.001,0.0,1.93941,0.64669,4039
5,4,star_sign,mlp_h64,0.001,0.0,1.53093,0.97277,4039
5,4,star_sign,mlp_h128,0.001,0.0,1.04139,1.0,4039
5,4,star_sign,attention,0.0001,1e-05,0.60691,1.0,4039
5,4,star_sign,shuffled,0.01,0.0001,3.03573,0.0973,4039
5,8,age_bin,ema_lr1e-3,0.001,0.0001,1.58326,0.3637,4039
5,8,age_bin,ema_lr5e-3,0.005,0.0001,1.51211,0.3543,4039
5,8,age_bin,ema_lr1e-2,0.01,0.0001,1.45061,0.35578,4039
5,8,age_bin,ema_lr5e-2,0.05,0.0001,1.45767,0.34439,4039
5,8,age_bin,ema_lr1e-2_wd1e-3,0.01,0.001,1.41561,0.37113,4039
5,8,age_bin,ema_d0.99,0.01,0.0001,1.43032,0.35578,4039
5,8,age_bin,ema_d0.9999,0.01,0.0001,1.38004,0.37782,4039
5,8,age_bin,mlp_h16,0.001,0.0,1.09494,0.10844,4039
5,8,age_bin,mlp_h32,0.001,0.0,0.60983,0.97376,4039
5,8,age_bin,mlp_h64,0.001,0.0,0.38452,1.0,4039
5,8,age_bin,mlp_h128,0.001,0.0,0.34061,1.0,4039
5,8,age_bin,attention,0.0001,1e-05,0.0,1.0,4039
5,8,age_bin,shuffled,0.01,0.0001,1.39726,0.34811,4039
5,8,gender,ema_lr1e-3,0.001,0.0001,1.00091,0.49344,4039
5,8,gender,ema_lr5e-3,0.005,0.0001,0.99217,0.49864,4039
5,8,gender,ema_lr1e-2,0.01,0.0001,1.00009,0.49171,4039
5,8,gender,ema_lr5e-2,0.05,0.0001,1.13159,0.5125,4039
5,8,gender,ema_lr1e-2_wd1e-3,0.01,0.001,0.96669,0.49864,4039
5,8,gender,ema_d0.99,0.01,0.0001,0.96936,0.49369,4039
5,8,gender,ema_d0.9999,0.01,0.0001,0.92641,0.50384,4039
5,8,gender,mlp_h16,0.001,0.0,0.72295,0.51374,4039
5,8,gender,mlp_h32,0.001,0.0,0.72748,0.52785,4039
5,8,gender,mlp_h64,0.001,0.0,0.7082,0.50557,4039
5,8,gender,mlp_h128,0.001,0.0,0.73433,0.51176,4039
5,8,gender,attention,0.0001,1e-05,0.6994,0.52344,4039
5,8,gender,shuffled,0.01,0.0001,0.98201,0.50359,4039
5,8,star_sign,ema_lr1e-3,0.001,0.0001,3.22503,0.06685,4039
5,8,star_sign,ema_lr5e-3,0.005,0.0001,3.14115,0.0723,4039
5,8,star_sign,ema_lr1e-2,0.01,0.0001,3.03196,0.08839,4039
5,8,star_sign,ema_lr5e-2,0.05,0.0001,2.83279,0.15573,4039
5,8,star_sign,ema_lr1e-2_wd1e-3,0.01,0.001,3.04465,0.09086,4039
5,8,star_sign,ema_d0.99,0.01,0.0001,3.12625,0.07576,4039
5,8,star_sign,ema_d0.9999,0.01,0.0001,3.07128,0.10448,4039
5,8,star_sign,mlp_h16,0.001,0.0,2.22733,0.26294,4039
5,8,star_sign,mlp_h32,0.001,0.0,2.02407,0.67641,4039
5,8,star_sign,mlp_h64,0.001,0.0,1.70836,0.92919,4039
5,8,star_sign,mlp_h128,0.001,0.0,0.96375,1.0,4039
5,8,star_sign,attention,0.0001,1e-05,75.62232,0.0,4039
5,8,star_sign,shuffled,0.01,0.0001,3.09966,0.07551,4039
5,12,age_bin,ema_lr1e-3,0.001,0.0001,1.51047,0.3283,4039
5,12,age_bin,ema_lr5e-3,0.005,0.0001,1.56577,0.33944,4039
5,12,age_bin,ema_lr1e-2,0.01,0.0001,1.54458,0.34365,4039
5,12,age_bin,ema_lr5e-2,0.05,0.0001,1.33875,0.46992,4039
5,12,age_bin,ema_lr1e-2_wd1e-3,0.01,0.001,1.5652,0.34538,4039
5,12,age_bin,ema_d0.99,0.01,0.0001,1.52997,0.34984,4039
5,12,age_bin,ema_d0.9999,0.01,0.0001,1.4558,0.35974,4039
5,12,age_bin,mlp_h16,0.001,0.0,0.62173,0.97945,4039
5,12,age_bin,mlp_h32,0.001,0.0,0.56076,0.99975,4039
5,12,age_bin,mlp_h64,0.001,0.0,0.6187,0.97871,4039
5,12,age_bin,mlp_h128,0.001,0.0,0.25519,1.0,4039
5,12,age_bin,attention,0.0001,1e-05,0.12157,1.0,4039
5,12,age_bin,shuffled,0.01,0.0001,1.46545,0.36717,4039
5,12,gender,ema_lr1e-3,0.001,0.0001,1.09223,0.48477,4039
5,12,gender,ema_lr5e-3,0.005,0.0001,1.0032,0.47784,4039
5,12,gender,ema_lr1e-2,0.01,0.0001,0.95091,0.5026,4039
5,12,gender,ema_lr5e-2,0.05,0.0001,1.04396,0.50953,4039
5,12,gender,ema_lr1e-2_wd1e-3,0.01,0.001,0.98149,0.4922,4039
5,12,gender,ema_d0.99,0.01,0.0001,0.97053,0.48873,4039
5,12,gender,ema_d0.9999,0.01,0.0001,1.01924,0.46918,4039
5,12,gender,mlp_h16,0.001,0.0,0.69863,0.51721,4039
5,12,gender,mlp_h32,0.001,0.0,0.70303,0.53058,4039
5,12,gender,mlp_h64,0.001,0.0,0.70617,0.52835,4039
5,12,gender,mlp_h128,0.001,0.0,0.71025,0.5385,4039
5,12,gender,attention,0.0001,1e-05,0.72714,0.5625,4039
5,12,gender,shuffled,0.01,0.0001,0.98368,0.50334,4039
5,12,star_sign,ema_lr1e-3,0.001,0.0001,3.17607,0.10696,4039
5,12,star_sign,ema_lr5e-3,0.005,0.0001,3.26559,0.08839,4039
5,12,star_sign,ema_lr1e-2,0.01,0.0001,3.17763,0.07997,4039
5,12,star_sign,ema_lr5e-2,0.05,0.0001,2.85218,0.12379,4039
5,12,star_sign,ema_lr1e-2_wd1e-3,0.01,0.001,3.15975,0.08839,4039
5,12,star_sign,ema_d0.99,0.01,0.0001,3.14877,0.07972,4039
5,12,star_sign,ema_d0.9999,0.01,0.0001,3.12394,0.09086,4039
5,12,star_sign,mlp_h16,0.001,0.0,1.74166,0.82347,4039
5,12,star_sign,mlp_h32,0.001,0.0,2.10779,0.47215,4039
5,12,star_sign,mlp_h64,0.001,0.0,1.39331,0.98465,4039
5,12,star_sign,mlp_h128,0.001,0.0,1.13411,0.9953,4039
5,12,star_sign,attention,0.0001,1e-05,0.3955,0.96875,4039
5,12,star_sign,shuffled,0.01,0.0001,3.16278,0.08418,4039
5,16,age_bin,ema_lr1e-3,0.001,0.0001,1.72055,0.30255,4039
5,16,age_bin,ema_lr5e-3,0.005,0.0001,1.60906,0.33548,4039
5,16,age_bin,ema_lr1e-2,0.01,0.0001,1.53852,0.33152,4039
5,16,age_bin,ema_lr5e-2,0.05,0.0001,1.24709,0.42535,4039
5,16,age_bin,ema_lr1e-2_wd1e-3,0.01,0.001,1.43903,0.38401,4039
5,16,age_bin,ema_d0.99,0.01,0.0001,1.5652,0.31122,4039
5,16,age_bin,ema_d0.9999,0.01,0.0001,1.479,0.34142,4039
5,16,age_bin,mlp_h16,0.001,0.0,0.97956,0.5484,4039
5,16,age_bin,mlp_h32,0.001,0.0,0.47179,0.99629,4039
5,16,age_bin,mlp_h64,0.001,0.0,0.24035,1.0,4039
5,16,age_bin,mlp_h128,0.001,0.0,0.20125,1.0,4039
5,16,age_bin,attention,0.0001,1e-05,0.00337,1.0,4039
5,16,age_bin,shuffled,0.01,0.0001,1.52445,0.34563,4039
5,16,gender,ema_lr1e-3,0.001,0.0001,1.05414,0.48973,4039
5,16,gender,ema_lr5e-3,0.005,0.0001,1.05723,0.49839,4039
5,16,gender,ema_lr1e-2,0.01,0.0001,1.01213,0.48824,4039
5,16,gender,ema_lr5e-2,0.05,0.0001,0.88921,0.49988,4039
5,16,gender,ema_lr1e-2_wd1e-3,0.01,0.001,1.01752,0.48626,4039
5,16,gender,ema_d0.99,0.01,0.0001,0.91726,0.53578,4039
5,16,gender,ema_d0.9999,0.01,0.0001,0.94725,0.51721,4039
5,16,gender,mlp_h16,0.001,0.0,0.69522,0.53578,4039
5,16,gender,mlp_h32,0.001,0.0,0.697,0.52488,4039
5,16,gender,mlp_h64,0.001,0.0,0.70251,0.54023,4039
5,16,gender,mlp_h128,0.001,0.0,0.69716,0.5385,4039
5,16,gender,attention,0.0001,1e-05,0.82976,0.47656,4039
5,16,gender,shuffled,0.01,0.0001,0.94054,0.51498,4039
5,16,star_sign,ema_lr1e-3,0.001,0.0001,3.23308,0.06462,4039
5,16,star_sign,ema_lr5e-3,0.005,0.0001,3.16588,0.09854,4039
5,16,star_sign,ema_lr1e-2,0.01,0.0001,3.2535,0.07824,4039
5,16,star_sign,ema_lr5e-2,0.05,0.0001,2.86998,0.13493,4039
5,16,star_sign,ema_lr1e-2_wd1e-3,0.01,0.001,3.27211,0.07081,4039
5,16,star_sign,ema_d0.99,0.01,0.0001,3.19453,0.07898,4039
5,16,star_sign,ema_d0.9999,0.01,0.0001,3.29295,0.08443,4039
5,16,star_sign,mlp_h16,0.001,0.0,2.00179,0.46373,4039
5,16,star_sign,mlp_h32,0.001,0.0,1.88823,0.51547,4039
5,16,star_sign,mlp_h64,0.001,0.0,1.72847,0.70116,4039
5,16,star_sign,mlp_h128,0.001,0.0,0.65075,1.0,4039
5,16,star_sign,attention,0.0001,1e-05,0.12095,0.98438,4039
5,16,star_sign,shuffled,0.01,0.0001,3.19464,0.08839,4039
6,0,age_bin,ema_lr1e-3,0.001,0.0001,1.62713,0.27319,4345
6,0,age_bin,ema_lr5e-3,0.005,0.0001,1.52924,0.38389,4345
6,0,age_bin,ema_lr1e-2,0.01,0.0001,1.5104,0.34753,4345
6,0,age_bin,ema_lr5e-2,0.05,0.0001,1.21725,0.47572,4345
6,0,age_bin,ema_lr1e-2_wd1e-3,0.01,0.001,1.47462,0.30288,4345
6,0,age_bin,ema_d0.99,0.01,0.0001,1.46342,0.38366,4345
6,0,age_bin,ema_d0.9999,0.01,0.0001,1.51533,0.28677,4345
6,0,age_bin,mlp_h16,0.001,0.0,0.57903,0.9901,4345
6,0,age_bin,mlp_h32,0.001,0.0,0.65977,0.95098,4345
6,0,age_bin,mlp_h64,0.001,0.0,0.42515,0.99793,4345
6,0,age_bin,mlp_h128,0.001,0.0,0.30297,1.0,4345
6,0,age_bin,attention,0.0001,1e-05,1.07231,1.0,4345
6,0,age_bin,shuffled,0.01,0.0001,1.42992,0.32635,4345
6,0,gender,ema_lr1e-3,0.001,0.0001,1.00398,0.49298,4345
6,0,gender,ema_lr5e-3,0.005,0.0001,0.96197,0.4962,4345
6,0,gender,ema_lr1e-2,0.01,0.0001,0.9604,0.49206,4345
6,0,gender,ema_lr5e-2,0.05,0.0001,0.89474,0.50817,4345
6,0,gender,ema_lr1e-2_wd1e-3,0.01,0.001,0.98564,0.4962,4345
6,0,gender,ema_d0.99,0.01,0.0001,0.97479,0.487,4345
6,0,gender,ema_d0.9999,0.01,0.0001,0.9954,0.49597,4345
6,0,gender,mlp_h16,0.001,0.0,0.70205,0.49413,4345
6,0,gender,mlp_h32,0.001,0.0,0.70372,0.4962,4345
6,0,gender,mlp_h64,0.001,0.0,0.70596,0.49114,4345
6,0,gender,mlp_h128,0.001,0.0,0.71426,0.49712,4345
6,0,gender,attention,0.0001,1e-05,0.69315,0.50781,4345
6,0,gender,shuffled,0.01,0.0001,0.98905,0.50311,4345
6,0,star_sign,ema_lr1e-3,0.001,0.0001,3.27023,0.05132,4345
6,0,star_sign,ema_lr5e-3,0.005,0.0001,3.26254,0.06467,4345
6,0,star_sign,ema_lr1e-2,0.01,0.0001,3.15613,0.0389,4345
6,0,star_sign,ema_lr5e-2,0.05,0.0001,2.8424,0.26789,4345
6,0,star_sign,ema_lr1e-2_wd1e-3,0.01,0.001,3.13597,0.08677,4345
6,0,star_sign,ema_d0.99,0.01,0.0001,3.15288,0.15765,4345
6,0,star_sign,ema_d0.9999,0.01,0.0001,3.16503,0.0389,4345
6,0,star_sign,mlp_h16,0.001,0.0,1.66892,0.91692,4345
6,0,star_sign,mlp_h32,0.001,0.0,1.82826,0.62325,4345
6,0,star_sign,mlp_h64,0.001,0.0,1.41336,0.95006,4345
6,0,star_sign,mlp_h128,0.001,0.0,1.08761,0.9977,4345
6,0,star_sign,attention,0.0001,1e-05,2.44089,1.0,4345
6,0,star_sign,shuffled,0.01,0.0001,3.16744,0.03959,4345
6,4,age_bin,ema_lr1e-3,0.001,0.0001,1.50617,0.3473,4345
6,4,age_bin,ema_lr5e-3,0.005,0.0001,1.49098,0.29045,4345
6,4,age_bin,ema_lr1e-2,0.01,0.0001,1.42178,0.36018,4345
6,4,age_bin,ema_lr5e-2,0.05,0.0001,1.53633,0.59448,4345
6,4,age_bin,ema_lr1e-2_wd1e-3,0.01,0.001,1.42383,0.33717,4345
6,4,age_bin,ema_d0.99,0.01,0.0001,1.42189,0.33487,4345
6,4,age_bin,ema_d0.9999,0.01,0.0001,1.35766,0.38274,4345
6,4,age_bin,mlp_h16,0.001,0.0,0.66722,0.98504,4345
6,4,age_bin,mlp_h32,0.001,0.0,0.71944,0.98872,4345
6,4,age_bin,mlp_h64,0.001,0.0,0.29784,1.0,4345
6,4,age_bin,mlp_h128,0.001,0.0,0.25201,1.0,4345
6,4,age_bin,attention,0.0001,1e-05,0.0,1.0,4345
6,4,age_bin,shuffled,0.01,0.0001,1.42028,0.33349,4345
6,4,gender,ema_lr1e-3,0.001,0.0001,0.96828,0.50334,4345
6,4,gender,ema_lr5e-3,0.005,0.0001,0.95297,0.50242,4345
6,4,gender,ema_lr1e-2,0.01,0.0001,0.97423,0.49275,4345
6,4,gender,ema_lr5e-2,0.05,0.0001,1.13709,0.49735,4345
6,4,gender,ema_lr1e-2_wd1e-3,0.01,0.001,0.88182,0.53395,4345
6,4,gender,ema_d0.99,0.01,0.0001,0.94913,0.50288,4345
6,4,gender,ema_d0.9999,0.01,0.0001,0.96396,0.49574,4345
6,4,gender,mlp_h16,0.001,0.0,0.70826,0.49482,4345
6,4,gender,mlp_h32,0.001,0.0,0.70397,0.50196,4345
6,4,gender,mlp_h64,0.001,0.0,0.71584,0.49666,4345
6,4,gender,mlp_h128,0.001,0.0,0.8316,0.5084,4345
6,4,gender,attention,0.0001,1e-05,2.73729,0.48438,4345
6,4,gender,shuffled,0.01,0.0001,0.953,0.50058,4345
6,4,star_sign,ema_lr1e-3,0.001,0.0001,3.25786,0.07181,4345
6,4,star_sign,ema_lr5e-3,0.005,0.0001,3.04616,0.09114,4345
6,4,star_sign,ema_lr1e-2,0.01,0.0001,2.93882,0.09229,4345
6,4,star_sign,ema_lr5e-2,0.05,0.0001,2.70724,0.20598,4345
6,4,star_sign,ema_lr1e-2_wd1e-3,0.01,0.001,3.0192,0.07986,4345
6,4,star_sign,ema_d0.99,0.01,0.0001,2.9925,0.08285,4345
6,4,star_sign,ema_d0.9999,0.01,0.0001,3.01699,0.087,4345
6,4,star_sign,mlp_h16,0.001,0.0,2.02066,0.25685,4345
6,4,star_sign,mlp_h32,0.001,0.0,1.76703,0.8458,4345
6,4,star_sign,mlp_h64,0.001,0.0,1.30581,0.99701,4345
6,4,star_sign,mlp_h128,0.001,0.0,0.77395,1.0,4345
6,4,star_sign,attention,0.0001,1e-05,0.49706,1.0,4345
6,4,star_sign,shuffled,0.01,0.0001,3.00364,0.09597,4345
6,8,age_bin,ema_lr1e-3,0.001,0.0001,1.49208,0.38274,4345
6,8,age_bin,ema_lr5e-3,0.005,0.0001,1.47434,0.34545,4345
6,8,age_bin,ema_lr1e-2,0.01,0.0001,1.42302,0.35972,4345
6,8,age_bin,ema_lr5e-2,0.05,0.0001,1.49606,0.31254,4345
6,8,age_bin,ema_lr1e-2_wd1e-3,0.01,0.001,1.47137,0.3588,4345
6,8,age_bin,ema_d0.99,0.01,0.0001,1.39055,0.37054,4345
6,8,age_bin,ema_d0.9999,0.01,0.0001,1.42197,0.36433,4345
6,8,age_bin,mlp_h16,0.001,0.0,1.06985,0.11899,4345
6,8,age_bin,mlp_h32,0.001,0.0,0.52553,0.99494,4345
6,8,age_bin,mlp_h64,0.001,0.0,0.29516,1.0,4345
6,8,age_bin,mlp_h128,0.001,0.0,0.24653,1.0,4345
6,8,age_bin,attention,0.0001,1e-05,0.0,1.0,4345
6,8,age_bin,shuffled,0.01,0.0001,1.39779,0.35075,4345
6,8,gender,ema_lr1e-3,0.001,0.0001,0.99776,0.49413,4345
6,8,gender,ema_lr5e-3,0.005,0.0001,0.95863,0.50771,4345
6,8,gender,ema_lr1e-2,0.01,0.0001,0.94112,0.51185,4345
6,8,gender,ema_lr5e-2,0.05,0.0001,1.1211,0.49505,4345
6,8,gender,ema_lr1e-2_wd1e-3,0.01,0.001,0.98285,0.48285,4345
6,8,gender,ema_d0.99,0.01,0.0001,0.93517,0.5061,4345
6,8,gender,ema_d0.9999,0.01,0.0001,0.9488,0.49436,4345
6,8,gender,mlp_h16,0.001,0.0,0.72789,0.49712,4345
6,8,gender,mlp_h32,0.001,0.0,0.71803,0.484,4345
6,8,gender,mlp_h64,0.001,0.0,0.70993,0.50472,4345
6,8,gender,mlp_h128,0.001,0.0,0.71154,0.51277,4345
6,8,gender,attention,0.0001,1e-05,0.73399,0.44531,4345
6,8,gender,shuffled,0.01,0.0001,0.95857,0.50541,4345
6,8,star_sign,ema_lr1e-3,0.001,0.0001,3.17371,0.07756,4345
6,8,star_sign,ema_lr5e-3,0.005,0.0001,3.04232,0.08792,4345
6,8,star_sign,ema_lr1e-2,0.01,0.0001,3.07555,0.08239,4345
6,8,star_sign,ema_lr5e-2,0.05,0.0001,2.73162,0.15535,4345
6,8,star_sign,ema_lr1e-2_wd1e-3,0.01,0.001,3.06077,0.09275,4345
6,8,star_sign,ema_d0.99,0.01,0.0001,3.06601,0.09114,4345
6,8,star_sign,ema_d0.9999,0.01,0.0001,3.05235,0.10196,4345
6,8,star_sign,mlp_h16,0.001,0.0,2.12773,0.45086,4345
6,8,star_sign,mlp_h32,0.001,0.0,1.89377,0.8023,4345
6,8,star_sign,mlp_h64,0.001,0.0,1.50195,0.98642,4345
6,8,star_sign,mlp_h128,0.001,0.0,0.73331,1.0,4345
6,8,star_sign,attention,0.0001,1e-05,67.6189,0.0,4345
6,8,star_sign,shuffled,0.01,0.0001,3.08164,0.07641,4345
6,12,age_bin,ema_lr1e-3,0.001,0.0001,1.5491,0.29781,4345
6,12,age_bin,ema_lr5e-3,0.005,0.0001,1.5801,0.3328,4345
6,12,age_bin,ema_lr1e-2,0.01,0.0001,1.51766,0.342,4345
6,12,age_bin,ema_lr5e-2,0.05,0.0001,1.23506,0.42624,4345
6,12,age_bin,ema_lr1e-2_wd1e-3,0.01,0.001,1.43791,0.36133,4345
6,12,age_bin,ema_d0.99,0.01,0.0001,1.50276,0.35972,4345
6,12,age_bin,ema_d0.9999,0.01,0.0001,1.47256,0.34914,4345
6,12,age_bin,mlp_h16,0.001,0.0,0.55959,0.99402,4345
6,12,age_bin,mlp_h32,0.001,0.0,0.50025,1.0,4345
6,12,age_bin,mlp_h64,0.001,0.0,0.53471,0.99171,4345
6,12,age_bin,mlp_h128,0.001,0.0,0.18343,1.0,4345
6,12,age_bin,attention,0.0001,1e-05,0.08411,1.0,4345
6,12,age_bin,shuffled,0.01,0.0001,1.49057,0.36663,4345
6,12,gender,ema_lr1e-3,0.001,0.0001,1.10785,0.46789,4345
6,12,gender,ema_lr5e-3,0.005,0.0001,0.96765,0.50564,4345
6,12,gender,ema_lr1e-2,0.01,0.0001,0.96119,0.50633,4345
6,12,gender,ema_lr5e-2,0.05,0.0001,0.97184,0.49436,4345
6,12,gender,ema_lr1e-2_wd1e-3,0.01,0.001,0.96755,0.50012,4345
6,12,gender,ema_d0.99,0.01,0.0001,0.91273,0.51853,4345
6,12,gender,ema_d0.9999,0.01,0.0001,0.91971,0.53188,4345
6,12,gender,mlp_h16,0.001,0.0,0.70067,0.49942,4345
6,12,gender,mlp_h32,0.001,0.0,0.7058,0.50679,4345
6,12,gender,mlp_h64,0.001,0.0,0.71582,0.50403,4345
6,12,gender,mlp_h128,0.001,0.0,0.72935,0.50127,4345
6,12,gender,attention,0.0001,1e-05,0.77741,0.49219,4345
6,12,gender,shuffled,0.01,0.0001,0.95199,0.51185,4345
6,12,star_sign,ema_lr1e-3,0.001,0.0001,3.14549,0.10587,4345
6,12,star_sign,ema_lr5e-3,0.005,0.0001,3.17571,0.09896,4345
6,12,star_sign,ema_lr1e-2,0.01,0.0001,3.12413,0.087,4345
6,12,star_sign,ema_lr5e-2,0.05,0.0001,2.86133,0.13763,4345
6,12,star_sign,ema_lr1e-2_wd1e-3,0.01,0.001,3.16869,0.0794,4345
6,12,star_sign,ema_d0.99,0.01,0.0001,3.10082,0.07917,4345
6,12,star_sign,ema_d0.9999,0.01,0.0001,3.14753,0.08585,4345
6,12,star_sign,mlp_h16,0.001,0.0,1.6486,0.85616,4345
6,12,star_sign,mlp_h32,0.001,0.0,1.99432,0.62808,4345
6,12,star_sign,mlp_h64,0.001,0.0,1.1848,0.99448,4345
6,12,star_sign,mlp_h128,0.001,0.0,0.90337,0.99977,4345
6,12,star_sign,attention,0.0001,1e-05,0.22684,1.0,4345
6,12,star_sign,shuffled,0.01,0.0001,3.15774,0.07733,4345
6,16,age_bin,ema_lr1e-3,0.001,0.0001,1.62896,0.33326,4345
6,16,age_bin,ema_lr5e-3,0.005,0.0001,1.57452,0.3565,4345
6,16,age_bin,ema_lr1e-2,0.01,0.0001,1.44568,0.35098,4345
6,16,age_bin,ema_lr5e-2,0.05,0.0001,1.23837,0.42301,4345
6,16,age_bin,ema_lr1e-2_wd1e-3,0.01,0.001,1.50771,0.3687,4345
6,16,age_bin,ema_d0.99,0.01,0.0001,1.4952,0.33625,4345
6,16,age_bin,ema_d0.9999,0.01,0.0001,1.42548,0.35443,4345
6,16,age_bin,mlp_h16,0.001,0.0,0.89555,0.65409,4345
6,16,age_bin,mlp_h32,0.001,0.0,0.39297,0.99724,4345
6,16,age_bin,mlp_h64,0.001,0.0,0.17312,1.0,4345
6,16,age_bin,mlp_h128,0.001,0.0,0.13363,1.0,4345
6,16,age_bin,attention,0.0001,1e-05,0.00273,1.0,4345
6,16,age_bin,shuffled,0.01,0.0001,1.51056,0.35075,4345
6,16,gender,ema_lr1e-3,0.001,0.0001,1.07194,0.48976,4345
6,16,gender,ema_lr5e-3,0.005,0.0001,1.04247,0.49873,4345
6,16,gender,ema_lr1e-2,0.01,0.0001,0.98843,0.49919,4345
6,16,gender,ema_lr5e-2,0.05,0.0001,0.90861,0.49551,4345
6,16,gender,ema_lr1e-2_wd1e-3,0.01,0.001,0.97648,0.50817,4345
6,16,gender,ema_d0.99,0.01,0.0001,0.89169,0.52681,4345
6,16,gender,ema_d0.9999,0.01,0.0001,0.94536,0.52382,4345
6,16,gender,mlp_h16,0.001,0.0,0.71492,0.51323,4345
6,16,gender,mlp_h32,0.001,0.0,0.71767,0.49344,4345
6,16,gender,mlp_h64,0.001,0.0,0.72171,0.50518,4345
6,16,gender,mlp_h128,0.001,0.0,0.72618,0.50656,4345
6,16,gender,attention,0.0001,1e-05,0.80214,0.48438,4345
6,16,gender,shuffled,0.01,0.0001,0.96928,0.49643,4345
6,16,star_sign,ema_lr1e-3,0.001,0.0001,3.25462,0.06951,4345
6,16,star_sign,ema_lr5e-3,0.005,0.0001,3.26977,0.09896,4345
6,16,star_sign,ema_lr1e-2,0.01,0.0001,3.19344,0.09275,4345
6,16,star_sign,ema_lr5e-2,0.05,0.0001,2.80546,0.14753,4345
6,16,star_sign,ema_lr1e-2_wd1e-3,0.01,0.001,3.24147,0.0794,4345
6,16,star_sign,ema_d0.99,0.01,0.0001,3.13254,0.08999,4345
6,16,star_sign,ema_d0.9999,0.01,0.0001,3.27487,0.08354,4345
6,16,star_sign,mlp_h16,0.001,0.0,1.9007,0.54407,4345
6,16,star_sign,mlp_h32,0.001,0.0,1.73583,0.61266,4345
6,16,star_sign,mlp_h64,0.001,0.0,1.53374,0.8023,4345
6,16,star_sign,mlp_h128,0.001,0.0,0.45129,1.0,4345
6,16,star_sign,attention,0.0001,1e-05,0.0553,0.98438,4345
6,16,star_sign,shuffled,0.01,0.0001,3.18175,0.08976,4345
7,0,age_bin,ema_lr1e-3,0.001,0.0001,1.57618,0.28564,3893
7,0,age_bin,ema_lr5e-3,0.005,0.0001,1.51358,0.38813,3893
7,0,age_bin,ema_lr1e-2,0.01,0.0001,1.48896,0.35243,3893
7,0,age_bin,ema_lr5e-2,0.05,0.0001,1.19663,0.51503,3893
7,0,age_bin,ema_lr1e-2_wd1e-3,0.01,0.001,1.43804,0.27871,3893
7,0,age_bin,ema_d0.99,0.01,0.0001,1.47071,0.37144,3893
7,0,age_bin,ema_d0.9999,0.01,0.0001,1.50869,0.26458,3893
7,0,age_bin,mlp_h16,0.001,0.0,0.52864,0.99127,3893
7,0,age_bin,mlp_h32,0.001,0.0,0.58395,0.97662,3893
7,0,age_bin,mlp_h64,0.001,0.0,0.35566,0.99949,3893
7,0,age_bin,mlp_h128,0.001,0.0,0.229,1.0,3893
7,0,age_bin,attention,0.0001,1e-05,1.06719,1.0,3893
7,0,age_bin,shuffled,0.01,0.0001,1.47928,0.31878,3893
7,0,gender,ema_lr1e-3,0.001,0.0001,1.00882,0.49653,3893
7,0,gender,ema_lr5e-3,0.005,0.0001,0.99655,0.50655,3893
7,0,gender,ema_lr1e-2,0.01,0.0001,0.9485,0.50501,3893
7,0,gender,ema_lr5e-2,0.05,0.0001,0.89995,0.49422,3893
7,0,gender,ema_lr1e-2_wd1e-3,0.01,0.001,0.97545,0.48574,3893
7,0,gender,ema_d0.99,0.01,0.0001,0.99403,0.49268,3893
7,0,gender,ema_d0.9999,0.01,0.0001,0.98882,0.49602,3893
7,0,gender,mlp_h16,0.001,0.0,0.69555,0.51169,3893
7,0,gender,mlp_h32,0.001,0.0,0.70074,0.51143,3893
7,0,gender,mlp_h64,0.001,0.0,0.70371,0.50706,3893
7,0,gender,mlp_h128,0.001,0.0,0.70697,0.51554,3893
7,0,gender,attention,0.0001,1e-05,0.69303,0.52344,3893
7,0,gender,shuffled,0.01,0.0001,1.00012,0.48857,3893
7,0,star_sign,ema_lr1e-3,0.001,0.0001,3.26417,0.04649,3893
7,0,star_sign,ema_lr5e-3,0.005,0.0001,3.20654,0.06011,3893
7,0,star_sign,ema_lr1e-2,0.01,0.0001,3.14806,0.04136,3893
7,0,star_sign,ema_lr5e-2,0.05,0.0001,2.80803,0.25687,3893
7,0,star_sign,ema_lr1e-2_wd1e-3,0.01,0.001,3.15432,0.08913,3893
7,0,star_sign,ema_d0.99,0.01,0.0001,3.14498,0.16286,3893
7,0,star_sign,ema_d0.9999,0.01,0.0001,3.17548,0.03904,3893
7,0,star_sign,mlp_h16,0.001,0.0,1.56053,0.94734,3893
7,0,star_sign,mlp_h32,0.001,0.0,1.69196,0.69253,3893
7,0,star_sign,mlp_h64,0.001,0.0,1.25872,0.97765,3893
7,0,star_sign,mlp_h128,0.001,0.0,0.87929,0.99949,3893
7,0,star_sign,attention,0.0001,1e-05,2.43203,1.0,3893
7,0,star_sign,shuffled,0.01,0.0001,3.13327,0.0411,3893
7,4,age_bin,ema_lr1e-3,0.001,0.0001,1.51648,0.33907,3893
7,4,age_bin,ema_lr5e-3,0.005,0.0001,1.4394,0.32058,3893
7,4,age_bin,ema_lr1e-2,0.01,0.0001,1.41355,0.35654,3893
7,4,age_bin,ema_lr5e-2,0.05,0.0001,1.4359,0.38274,3893
7,4,age_bin,ema_lr1e-2_wd1e-3,0.01,0.001,1.37022,0.35705,3893
7,4,age_bin,ema_d0.99,0.01,0.0001,1.4117,0.34729,3893
7,4,age_bin,ema_d0.9999,0.01,0.0001,1.39272,0.36424,3893
7,4,age_bin,mlp_h16,0.001,0.0,0.58432,0.99486,3893
7,4,age_bin,mlp_h32,0.001,0.0,0.6418,0.99743,3893
7,4,age_bin,mlp_h64,0.001,0.0,0.21153,1.0,3893
7,4,age_bin,mlp_h128,0.001,0.0,0.16587,1.0,3893
7,4,age_bin,attention,0.0001,1e-05,0.0,1.0,3893
7,4,age_bin,shuffled,0.01,0.0001,1.39183,0.34601,3893
7,4,gender,ema_lr1e-3,0.001,0.0001,0.90012,0.5307,3893
7,4,gender,ema_lr5e-3,0.005,0.0001,0.94729,0.49936,3893
7,4,gender,ema_lr1e-2,0.01,0.0001,0.94057,0.51066,3893
7,4,gender,ema_lr5e-2,0.05,0.0001,1.1738,0.50321,3893
7,4,gender,ema_lr1e-2_wd1e-3,0.01,0.001,0.88608,0.52607,3893
7,4,gender,ema_d0.99,0.01,0.0001,0.92877,0.49499,3893
7,4,gender,ema_d0.9999,0.01,0.0001,0.95843,0.50141,3893
7,4,gender,mlp_h16,0.001,0.0,0.69484,0.53352,3893
7,4,gender,mlp_h32,0.001,0.0,0.68871,0.54508,3893
7,4,gender,mlp_h64,0.001,0.0,0.70849,0.52633,3893
7,4,gender,mlp_h128,0.001,0.0,0.74893,0.53095,3893
7,4,gender,attention,0.0001,1e-05,1.13392,0.49219,3893
7,4,gender,shuffled,0.01,0.0001,0.96624,0.49679,3893
7,4,star_sign,ema_lr1e-3,0.001,0.0001,3.29072,0.06858,3893
7,4,star_sign,ema_lr5e-3,0.005,0.0001,2.95748,0.09581,3893
7,4,star_sign,ema_lr1e-2,0.01,0.0001,2.89409,0.0989,3893
7,4,star_sign,ema_lr5e-2,0.05,0.0001,2.72275,0.20396,3893
7,4,star_sign,ema_lr1e-2_wd1e-3,0.01,0.001,2.98404,0.09556,3893
7,4,star_sign,ema_d0.99,0.01,0.0001,2.95626,0.08631,3893
7,4,star_sign,ema_d0.9999,0.01,0.0001,2.94065,0.11354,3893
7,4,star_sign,mlp_h16,0.001,0.0,1.91757,0.3776,3893
7,4,star_sign,mlp_h32,0.001,0.0,1.58007,0.95453,3893
7,4,star_sign,mlp_h64,0.001,0.0,1.08906,0.99974,3893
7,4,star_sign,mlp_h128,0.001,0.0,0.5448,1.0,3893
7,4,star_sign,attention,0.0001,1e-05,0.36658,1.0,3893
7,4,star_sign,shuffled,0.01,0.0001,2.9846,0.09633,3893
7,8,age_bin,ema_lr1e-3,0.001,0.0001,1.55111,0.36604,3893
7,8,age_bin,ema_lr5e-3,0.005,0.0001,1.53093,0.33342,3893
7,8,age_bin,ema_lr1e-2,0.01,0.0001,1.44704,0.34652,3893
7,8,age_bin,ema_lr5e-2,0.05,0.0001,1.43294,0.52838,3893
7,8,age_bin,ema_lr1e-2_wd1e-3,0.01,0.001,1.42025,0.34113,3893
7,8,age_bin,ema_d0.99,0.01,0.0001,1.41034,0.35911,3893
7,8,age_bin,ema_d0.9999,0.01,0.0001,1.36589,0.37889,3893
7,8,age_bin,mlp_h16,0.001,0.0,1.03535,0.1328,3893
7,8,age_bin,mlp_h32,0.001,0.0,0.42821,0.99974,3893
7,8,age_bin,mlp_h64,0.001,0.0,0.21677,1.0,3893
7,8,age_bin,mlp_h128,0.001,0.0,0.16836,1.0,3893
7,8,age_bin,attention,0.0001,1e-05,0.0,1.0,3893
7,8,age_bin,shuffled,0.01,0.0001,1.40014,0.35268,3893
7,8,gender,ema_lr1e-3,0.001,0.0001,0.91568,0.53404,3893
7,8,gender,ema_lr5e-3,0.005,0.0001,0.98172,0.50193,3893
7,8,gender,ema_lr1e-2,0.01,0.0001,0.95068,0.50963,3893
7,8,gender,ema_lr5e-2,0.05,0.0001,1.09001,0.51349,3893
7,8,gender,ema_lr1e-2_wd1e-3,0.01,0.001,0.99633,0.49139,3893
7,8,gender,ema_d0.99,0.01,0.0001,0.94828,0.50758,3893
7,8,gender,ema_d0.9999,0.01,0.0001,0.91023,0.51503,3893
7,8,gender,mlp_h16,0.001,0.0,0.70981,0.50527,3893
7,8,gender,mlp_h32,0.001,0.0,0.69575,0.54148,3893
7,8,gender,mlp_h64,0.001,0.0,0.688,0.55279,3893
7,8,gender,mlp_h128,0.001,0.0,0.7039,0.53763,3893
7,8,gender,attention,0.0001,1e-05,0.71977,0.4375,3893
7,8,gender,shuffled,0.01,0.0001,0.95099,0.50732,3893
7,8,star_sign,ema_lr1e-3,0.001,0.0001,3.16135,0.08066,3893
7,8,star_sign,ema_lr5e-3,0.005,0.0001,3.05938,0.0917,3893
7,8,star_sign,ema_lr1e-2,0.01,0.0001,3.06538,0.0858,3893
7,8,star_sign,ema_lr5e-2,0.05,0.0001,2.73104,0.15387,3893
7,8,star_sign,ema_lr1e-2_wd1e-3,0.01,0.001,3.07323,0.08888,3893
7,8,star_sign,ema_d0.99,0.01,0.0001,3.10774,0.09376,3893
7,8,star_sign,ema_d0.9999,0.01,0.0001,3.06788,0.08271,3893
7,8,star_sign,mlp_h16,0.001,0.0,2.02141,0.58644,3893
7,8,star_sign,mlp_h32,0.001,0.0,1.76136,0.90239,3893
7,8,star_sign,mlp_h64,0.001,0.0,1.29525,0.99512,3893
7,8,star_sign,mlp_h128,0.001,0.0,0.50257,1.0,3893
7,8,star_sign,attention,0.0001,1e-05,58.94979,0.0,3893
7,8,star_sign,shuffled,0.01,0.0001,3.07315,0.08246,3893
7,12,age_bin,ema_lr1e-3,0.001,0.0001,1.48083,0.32982,3893
7,12,age_bin,ema_lr5e-3,0.005,0.0001,1.56425,0.34934,3893
7,12,age_bin,ema_lr1e-2,0.01,0.0001,1.4064,0.38967,3893
7,12,age_bin,ema_lr5e-2,0.05,0.0001,1.2271,0.45954,3893
7,12,age_bin,ema_lr1e-2_wd1e-3,0.01,0.001,1.44427,0.37067,3893
7,12,age_bin,ema_d0.99,0.01,0.0001,1.39992,0.38839,3893
7,12,age_bin,ema_d0.9999,0.01,0.0001,1.50053,0.32546,3893
7,12,age_bin,mlp_h16,0.001,0.0,0.49456,0.99486,3893
7,12,age_bin,mlp_h32,0.001,0.0,0.43934,1.0,3893
7,12,age_bin,mlp_h64,0.001,0.0,0.44439,0.99846,3893
7,12,age_bin,mlp_h128,0.001,0.0,0.12447,1.0,3893
7,12,age_bin,attention,0.0001,1e-05,0.05046,1.0,3893
7,12,age_bin,shuffled,0.01,0.0001,1.4191,0.36912,3893
7,12,gender,ema_lr1e-3,0.001,0.0001,1.08428,0.48497,3893
7,12,gender,ema_lr5e-3,0.005,0.0001,0.93422,0.52171,3893
7,12,gender,ema_lr1e-2,0.01,0.0001,0.94256,0.51451,3893
7,12,gender,ema_lr5e-2,0.05,0.0001,0.98418,0.51272,3893
7,12,gender,ema_lr1e-2_wd1e-3,0.01,0.001,1.00282,0.48574,3893
7,12,gender,ema_d0.99,0.01,0.0001,0.94077,0.50347,3893
7,12,gender,ema_d0.9999,0.01,0.0001,0.98312,0.4955,3893
7,12,gender,mlp_h16,0.001,0.0,0.67497,0.57,3893
7,12,gender,mlp_h32,0.001,0.0,0.66953,0.58156,3893
7,12,gender,mlp_h64,0.001,0.0,0.67035,0.57513,3893
7,12,gender,mlp_h128,0.001,0.0,0.68296,0.54868,3893
7,12,gender,attention,0.0001,1e-05,0.72159,0.52344,3893
7,12,gender,shuffled,0.01,0.0001,0.98712,0.49268,3893
7,12,star_sign,ema_lr1e-3,0.001,0.0001,3.27748,0.09967,3893
7,12,star_sign,ema_lr5e-3,0.005,0.0001,3.16973,0.10301,3893
7,12,star_sign,ema_lr1e-2,0.01,0.0001,3.14593,0.08888,3893
7,12,star_sign,ema_lr5e-2,0.05,0.0001,2.71344,0.16799,3893
7,12,star_sign,ema_lr1e-2_wd1e-3,0.01,0.001,3.14977,0.08811,3893
7,12,star_sign,ema_d0.99,0.01,0.0001,3.16955,0.07732,3893
7,12,star_sign,ema_d0.9999,0.01,0.0001,3.075,0.10403,3893
7,12,star_sign,mlp_h16,0.001,0.0,1.54699,0.89777,3893
7,12,star_sign,mlp_h32,0.001,0.0,1.84787,0.77755,3893
7,12,star_sign,mlp_h64,0.001,0.0,0.99858,0.99897,3893
7,12,star_sign,mlp_h128,0.001,0.0,0.68615,1.0,3893
7,12,star_sign,attention,0.0001,1e-05,0.12024,1.0,3893
7,12,star_sign,shuffled,0.01,0.0001,3.07058,0.08528,3893
7,16,age_bin,ema_lr1e-3,0.001,0.0001,1.5146,0.35012,3893
7,16,age_bin,ema_lr5e-3,0.005,0.0001,1.46898,0.36501,3893
7,16,age_bin,ema_lr1e-2,0.01,0.0001,1.54507,0.32032,3893
7,16,age_bin,ema_lr5e-2,0.05,0.0001,1.19153,0.44079,3893
7,16,age_bin,ema_lr1e-2_wd1e-3,0.01,0.001,1.42107,0.36989,3893
7,16,age_bin,ema_d0.99,0.01,0.0001,1.43579,0.3478,3893
7,16,age_bin,ema_d0.9999,0.01,0.0001,1.4241,0.34909,3893
7,16,age_bin,mlp_h16,0.001,0.0,0.82672,0.72489,3893
7,16,age_bin,mlp_h32,0.001,0.0,0.32892,0.99897,3893
7,16,age_bin,mlp_h64,0.001,0.0,0.12549,1.0,3893
7,16,age_bin,mlp_h128,0.001,0.0,0.09083,1.0,3893
7,16,age_bin,attention,0.0001,1e-05,0.00171,1.0,3893
7,16,age_bin,shuffled,0.01,0.0001,1.45041,0.35474,3893
7,16,gender,ema_lr1e-3,0.001,0.0001,1.06109,0.48883,3893
7,16,gender,ema_lr5e-3,0.005,0.0001,1.09294,0.48395,3893
7,16,gender,ema_lr1e-2,0.01,0.0001,0.93889,0.52068,3893
7,16,gender,ema_lr5e-2,0.05,0.0001,0.86424,0.51349,3893
7,16,gender,ema_lr1e-2_wd1e-3,0.01,0.001,0.99563,0.4878,3893
7,16,gender,ema_d0.99,0.01,0.0001,1.01118,0.47547,3893
7,16,gender,ema_d0.9999,0.01,0.0001,0.97212,0.50938,3893
7,16,gender,mlp_h16,0.001,0.0,0.68243,0.55176,3893
7,16,gender,mlp_h32,0.001,0.0,0.67327,0.57976,3893
7,16,gender,mlp_h64,0.001,0.0,0.69482,0.54688,3893
7,16,gender,mlp_h128,0.001,0.0,0.70858,0.5271,3893
7,16,gender,attention,0.0001,1e-05,0.88849,0.40625,3893
7,16,gender,shuffled,0.01,0.0001,0.96142,0.50578,3893
7,16,star_sign,ema_lr1e-3,0.001,0.0001,3.24206,0.06987,3893
7,16,star_sign,ema_lr5e-3,0.005,0.0001,3.11542,0.10095,3893
7,16,star_sign,ema_lr1e-2,0.01,0.0001,3.18151,0.08425,3893
7,16,star_sign,ema_lr5e-2,0.05,0.0001,2.73845,0.15361,3893
7,16,star_sign,ema_lr1e-2_wd1e-3,0.01,0.001,3.11408,0.09504,3893
7,16,star_sign,ema_d0.99,0.01,0.0001,3.09153,0.08759,3893
7,16,star_sign,ema_d0.9999,0.01,0.0001,3.23502,0.08759,3893
7,16,star_sign,mlp_h16,0.001,0.0,1.79361,0.60468,3893
7,16,star_sign,mlp_h32,0.001,0.0,1.60891,0.68662,3893
7,16,star_sign,mlp_h64,0.001,0.0,1.32157,0.88364,3893
7,16,star_sign,mlp_h128,0.001,0.0,0.30763,1.0,3893
7,16,star_sign,attention,0.0001,1e-05,0.04223,0.99219,3893
7,16,star_sign,shuffled,0.01,0.0001,3.14485,0.09145,3893
8,0,age_bin,ema_lr1e-3,0.001,0.0001,1.58602,0.29242,4408
8,0,age_bin,ema_lr5e-3,0.005,0.0001,1.50812,0.38725,4408
8,0,age_bin,ema_lr1e-2,0.01,0.0001,1.45984,0.37182,4408
8,0,age_bin,ema_lr5e-2,0.05,0.0001,1.14527,0.51928,4408
8,0,age_bin,ema_lr1e-2_wd1e-3,0.01,0.001,1.44421,0.32532,4408
8,0,age_bin,ema_d0.99,0.01,0.0001,1.45357,0.3902,4408
8,0,age_bin,ema_d0.9999,0.01,0.0001,1.50109,0.29741,4408
8,0,age_bin,mlp_h16,0.001,0.0,0.48035,0.99546,4408
8,0,age_bin,mlp_h32,0.001,0.0,0.51948,0.98253,4408
8,0,age_bin,mlp_h64,0.001,0.0,0.29494,0.99887,4408
8,0,age_bin,mlp_h128,0.001,0.0,0.17094,1.0,4408
8,0,age_bin,attention,0.0001,1e-05,1.06266,1.0,4408
8,0,age_bin,shuffled,0.01,0.0001,1.45465,0.30966,4408
8,0,gender,ema_lr1e-3,0.001,0.0001,1.00347,0.50703,4408
8,0,gender,ema_lr5e-3,0.005,0.0001,1.03156,0.50045,4408
8,0,gender,ema_lr1e-2,0.01,0.0001,0.96871,0.50907,4408
8,0,gender,ema_lr5e-2,0.05,0.0001,0.90561,0.49887,4408
8,0,gender,ema_lr1e-2_wd1e-3,0.01,0.001,0.97854,0.50181,4408
8,0,gender,ema_d0.99,0.01,0.0001,0.96006,0.49569,4408
8,0,gender,ema_d0.9999,0.01,0.0001,0.99528,0.48798,4408
8,0,gender,mlp_h16,0.001,0.0,0.70634,0.46892,4408
8,0,gender,mlp_h32,0.001,0.0,0.71002,0.47595,4408
8,0,gender,mlp_h64,0.001,0.0,0.71315,0.4721,4408
8,0,gender,mlp_h128,0.001,0.0,0.73476,0.46053,4408
8,0,gender,attention,0.0001,1e-05,0.69293,0.52344,4408
8,0,gender,shuffled,0.01,0.0001,0.97152,0.49319,4408
8,0,star_sign,ema_lr1e-3,0.001,0.0001,3.29888,0.04719,4408
8,0,star_sign,ema_lr5e-3,0.005,0.0001,3.23809,0.06715,4408
8,0,star_sign,ema_lr1e-2,0.01,0.0001,3.14921,0.04152,4408
8,0,star_sign,ema_lr5e-2,0.05,0.0001,2.70706,0.27495,4408
8,0,star_sign,ema_lr1e-2_wd1e-3,0.01,0.001,3.14352,0.09052,4408
8,0,star_sign,ema_d0.99,0.01,0.0001,3.13259,0.16243,4408
8,0,star_sign,ema_d0.9999,0.01,0.0001,3.1714,0.04809,4408
8,0,star_sign,mlp_h16,0.001,0.0,1.48545,0.96098,4408
8,0,star_sign,mlp_h32,0.001,0.0,1.57733,0.74841,4408
8,0,star_sign,mlp_h64,0.001,0.0,1.11497,0.99229,4408
8,0,star_sign,mlp_h128,0.001,0.0,0.69623,1.0,4408
8,0,star_sign,attention,0.0001,1e-05,2.42666,1.0,4408
8,0,star_sign,shuffled,0.01,0.0001,3.12321,0.04061,4408
8,4,age_bin,ema_lr1e-3,0.001,0.0001,1.44142,0.36683,4408
8,4,age_bin,ema_lr5e-3,0.005,0.0001,1.40043,0.31874,4408
8,4,age_bin,ema_lr1e-2,0.01,0.0001,1.39715,0.35073,4408
8,4,age_bin,ema_lr5e-2,0.05,0.0001,1.5469,0.24796,4408
8,4,age_bin,ema_lr1e-2_wd1e-3,0.01,0.001,1.39541,0.36502,4408
8,4,age_bin,ema_d0.99,0.01,0.0001,1.35087,0.35277,4408
8,4,age_bin,ema_d0.9999,0.01,0.0001,1.41188,0.35867,4408
8,4,age_bin,mlp_h16,0.001,0.0,0.52606,0.99887,4408
8,4,age_bin,mlp_h32,0.001,0.0,0.58597,0.99932,4408
8,4,age_bin,mlp_h64,0.001,0.0,0.15787,1.0,4408
8,4,age_bin,mlp_h128,0.001,0.0,0.11161,1.0,4408
8,4,age_bin,attention,0.0001,1e-05,0.0,1.0,4408
8,4,age_bin,shuffled,0.01,0.0001,1.34452,0.35912,4408
8,4,gender,ema_lr1e-3,0.001,0.0001,0.99302,0.49637,4408
8,4,gender,ema_lr5e-3,0.005,0.0001,0.96791,0.48593,4408
8,4,gender,ema_lr1e-2,0.01,0.0001,0.93128,0.50907,4408
8,4,gender,ema_lr5e-2,0.05,0.0001,1.26827,0.46529,4408
8,4,gender,ema_lr1e-2_wd1e-3,0.01,0.001,0.91715,0.50204,4408
8,4,gender,ema_d0.99,0.01,0.0001,0.93332,0.50295,4408
8,4,gender,ema_d0.9999,0.01,0.0001,0.96259,0.49047,4408
8,4,gender,mlp_h16,0.001,0.0,0.71115,0.47936,4408
8,4,gender,mlp_h32,0.001,0.0,0.71474,0.46484,4408
8,4,gender,mlp_h64,0.001,0.0,0.72422,0.473,4408
8,4,gender,mlp_h128,0.001,0.0,0.71941,0.48798,4408
8,4,gender,attention,0.0001,1e-05,1.10486,0.55469,4408
8,4,gender,shuffled,0.01,0.0001,0.95601,0.50181,4408
8,4,star_sign,ema_lr1e-3,0.001,0.0001,3.26377,0.07078,4408
8,4,star_sign,ema_lr5e-3,0.005,0.0001,3.00614,0.09279,4408
8,4,star_sign,ema_lr1e-2,0.01,0.0001,2.96719,0.09415,4408
8,4,star_sign,ema_lr5e-2,0.05,0.0001,2.64233,0.16901,4408
8,4,star_sign,ema_lr1e-2_wd1e-3,0.01,0.001,3.00146,0.08394,4408
8,4,star_sign,ema_d0.99,0.01,0.0001,2.93434,0.08825,4408
8,4,star_sign,ema_d0.9999,0.01,0.0001,2.95338,0.09755,4408
8,4,star_sign,mlp_h16,0.001,0.0,1.84653,0.47346,4408
8,4,star_sign,mlp_h32,0.001,0.0,1.43941,0.98026,4408
8,4,star_sign,mlp_h64,0.001,0.0,0.92565,0.99955,4408
8,4,star_sign,mlp_h128,0.001,0.0,0.385,1.0,4408
8,4,star_sign,attention,0.0001,1e-05,0.29571,1.0,4408
8,4,star_sign,shuffled,0.01,0.0001,2.93481,0.09574,4408
8,8,age_bin,ema_lr1e-3,0.001,0.0001,1.57719,0.35141,4408
8,8,age_bin,ema_lr5e-3,0.005,0.0001,1.50077,0.33711,4408
8,8,age_bin,ema_lr1e-2,0.01,0.0001,1.35779,0.37863,4408
8,8,age_bin,ema_lr5e-2,0.05,0.0001,1.36242,0.37364,4408
8,8,age_bin,ema_lr1e-2_wd1e-3,0.01,0.001,1.46036,0.34642,4408
8,8,age_bin,ema_d0.99,0.01,0.0001,1.39543,0.36661,4408
8,8,age_bin,ema_d0.9999,0.01,0.0001,1.39926,0.36366,4408
8,8,age_bin,mlp_h16,0.001,0.0,1.01407,0.13521,4408
8,8,age_bin,mlp_h32,0.001,0.0,0.37375,0.99955,4408
8,8,age_bin,mlp_h64,0.001,0.0,0.17145,1.0,4408
8,8,age_bin,mlp_h128,0.001,0.0,0.12596,1.0,4408
8,8,age_bin,attention,0.0001,1e-05,0.0,1.0,4408
8,8,age_bin,shuffled,0.01,0.0001,1.3644,0.36842,4408
8,8,gender,ema_lr1e-3,0.001,0.0001,1.01158,0.48639,4408
8,8,gender,ema_lr5e-3,0.005,0.0001,0.96523,0.51066,4408
8,8,gender,ema_lr1e-2,0.01,0.0001,0.95743,0.49932,4408
8,8,gender,ema_lr5e-2,0.05,0.0001,1.11533,0.51112,4408
8,8,gender,ema_lr1e-2_wd1e-3,0.01,0.001,0.94979,0.49546,4408
8,8,gender,ema_d0.99,0.01,0.0001,0.93112,0.51202,4408
8,8,gender,ema_d0.9999,0.01,0.0001,0.89086,0.51951,4408
8,8,gender,mlp_h16,0.001,0.0,0.72381,0.46688,4408
8,8,gender,mlp_h32,0.001,0.0,0.74129,0.47346,4408
8,8,gender,mlp_h64,0.001,0.0,0.71757,0.49161,4408
8,8,gender,mlp_h128,0.001,0.0,0.73475,0.47641,4408
8,8,gender,attention,0.0001,1e-05,0.72568,0.46875,4408
8,8,gender,shuffled,0.01,0.0001,0.95697,0.50023,4408
8,8,star_sign,ema_lr1e-3,0.001,0.0001,3.26165,0.0608,4408
8,8,star_sign,ema_lr5e-3,0.005,0.0001,3.11531,0.07532,4408
8,8,star_sign,ema_lr1e-2,0.01,0.0001,3.04872,0.08779,4408
8,8,star_sign,ema_lr5e-2,0.05,0.0001,2.63684,0.15041,4408
8,8,star_sign,ema_lr1e-2_wd1e-3,0.01,0.001,3.03827,0.09097,4408
8,8,star_sign,ema_d0.99,0.01,0.0001,3.00457,0.09256,4408
8,8,star_sign,ema_d0.9999,0.01,0.0001,3.01634,0.09846,4408
8,8,star_sign,mlp_h16,0.001,0.0,1.93382,0.68081,4408
8,8,star_sign,mlp_h32,0.001,0.0,1.66969,0.93603,4408
8,8,star_sign,mlp_h64,0.001,0.0,1.13808,0.99887,4408
8,8,star_sign,mlp_h128,0.001,0.0,0.36413,1.0,4408
8,8,star_sign,attention,0.0001,1e-05,50.21976,0.0,4408
8,8,star_sign,shuffled,0.01,0.0001,3.03587,0.08507,4408
8,12,age_bin,ema_lr1e-3,0.001,0.0001,1.55044,0.3049,4408
8,12,age_bin,ema_lr5e-3,0.005,0.0001,1.5486,0.33893,4408
8,12,age_bin,ema_lr1e-2,0.01,0.0001,1.45507,0.3632,4408
8,12,age_bin,ema_lr5e-2,0.05,0.0001,1.29334,0.39065,4408
8,12,age_bin,ema_lr1e-2_wd1e-3,0.01,0.001,1.43956,0.36887,4408
8,12,age_bin,ema_d0.99,0.01,0.0001,1.42235,0.38203,4408
8,12,age_bin,ema_d0.9999,0.01,0.0001,1.44479,0.35073,4408
8,12,age_bin,mlp_h16,0.001,0.0,0.44427,0.99796,4408
8,12,age_bin,mlp_h32,0.001,0.0,0.38994,1.0,4408
8,12,age_bin,mlp_h64,0.001,0.0,0.38704,0.99932,4408
8,12,age_bin,mlp_h128,0.001,0.0,0.09256,1.0,4408
8,12,age_bin,attention,0.0001,1e-05,0.03767,1.0,4408
8,12,age_bin,shuffled,0.01,0.0001,1.49342,0.36184,4408
8,12,gender,ema_lr1e-3,0.001,0.0001,1.08381,0.47845,4408
8,12,gender,ema_lr5e-3,0.005,0.0001,0.93076,0.52291,4408
8,12,gender,ema_lr1e-2,0.01,0.0001,0.95826,0.50181,4408
8,12,gender,ema_lr5e-2,0.05,0.0001,0.93593,0.51792,4408
8,12,gender,ema_lr1e-2_wd1e-3,0.01,0.001,0.97534,0.49206,4408
8,12,gender,ema_d0.99,0.01,0.0001,0.95533,0.49569,4408
8,12,gender,ema_d0.9999,0.01,0.0001,0.99506,0.48389,4408
8,12,gender,mlp_h16,0.001,0.0,0.7105,0.48321,4408
8,12,gender,mlp_h32,0.001,0.0,0.7092,0.49955,4408
8,12,gender,mlp_h64,0.001,0.0,0.72597,0.48752,4408
8,12,gender,mlp_h128,0.001,0.0,0.7444,0.47482,4408
8,12,gender,attention,0.0001,1e-05,0.70324,0.5625,4408
8,12,gender,shuffled,0.01,0.0001,0.95149,0.50159,4408
8,12,star_sign,ema_lr1e-3,0.001,0.0001,3.18578,0.11275,4408
8,12,star_sign,ema_lr5e-3,0.005,0.0001,3.1407,0.10277,4408
8,12,star_sign,ema_lr1e-2,0.01,0.0001,3.12666,0.08507,4408
8,12,star_sign,ema_lr5e-2,0.05,0.0001,2.7784,0.16221,4408
8,12,star_sign,ema_lr1e-2_wd1e-3,0.01,0.001,3.06194,0.09052,4408
8,12,star_sign,ema_d0.99,0.01,0.0001,3.1048,0.08802,4408
8,12,star_sign,ema_d0.9999,0.01,0.0001,3.18253,0.07464,4408
8,12,star_sign,mlp_h16,0.001,0.0,1.46814,0.91901,4408
8,12,star_sign,mlp_h32,0.001,0.0,1.74208,0.85481,4408
8,12,star_sign,mlp_h64,0.001,0.0,0.83628,0.99932,4408
8,12,star_sign,mlp_h128,0.001,0.0,0.53661,1.0,4408
8,12,star_sign,attention,0.0001,1e-05,0.07001,1.0,4408
8,12,star_sign,shuffled,0.01,0.0001,3.09842,0.08485,4408
8,16,age_bin,ema_lr1e-3,0.001,0.0001,1.57468,0.33076,4408
8,16,age_bin,ema_lr5e-3,0.005,0.0001,1.58734,0.33008,4408
8,16,age_bin,ema_lr1e-2,0.01,0.0001,1.44434,0.35095,4408
8,16,age_bin,ema_lr5e-2,0.05,0.0001,1.18652,0.45508,4408
8,16,age_bin,ema_lr1e-2_wd1e-3,0.01,0.001,1.44998,0.375,4408
8,16,age_bin,ema_d0.99,0.01,0.0001,1.4767,0.32872,4408
8,16,age_bin,ema_d0.9999,0.01,0.0001,1.47402,0.34279,4408
8,16,age_bin,mlp_h16,0.001,0.0,0.77401,0.76656,4408
8,16,age_bin,mlp_h32,0.001,0.0,0.28252,0.99932,4408
8,16,age_bin,mlp_h64,0.001,0.0,0.09577,1.0,4408
8,16,age_bin,mlp_h128,0.001,0.0,0.06486,1.0,4408
8,16,age_bin,attention,0.0001,1e-05,0.0012,1.0,4408
8,16,age_bin,shuffled,0.01,0.0001,1.49434,0.34415,4408
8,16,gender,ema_lr1e-3,0.001,0.0001,1.04745,0.49614,4408
8,16,gender,ema_lr5e-3,0.005,0.0001,0.95052,0.53244,4408
8,16,gender,ema_lr1e-2,0.01,0.0001,1.06186,0.47187,4408
8,16,gender,ema_lr5e-2,0.05,0.0001,0.95819,0.50272,4408
8,16,gender,ema_lr1e-2_wd1e-3,0.01,0.001,0.92213,0.52836,4408
8,16,gender,ema_d0.99,0.01,0.0001,0.95313,0.49093,4408
8,16,gender,ema_d0.9999,0.01,0.0001,0.99284,0.49115,4408
8,16,gender,mlp_h16,0.001,0.0,0.73473,0.4755,4408
8,16,gender,mlp_h32,0.001,0.0,0.73679,0.46416,4408
8,16,gender,mlp_h64,0.001,0.0,0.7411,0.47663,4408
8,16,gender,mlp_h128,0.001,0.0,0.76711,0.46075,4408
8,16,gender,attention,0.0001,1e-05,0.82071,0.51562,4408
8,16,gender,shuffled,0.01,0.0001,0.93401,0.50272,4408
8,16,star_sign,ema_lr1e-3,0.001,0.0001,3.2652,0.07033,4408
8,16,star_sign,ema_lr5e-3,0.005,0.0001,3.27564,0.08666,4408
8,16,star_sign,ema_lr1e-2,0.01,0.0001,3.12277,0.08825,4408
8,16,star_sign,ema_lr5e-2,0.05,0.0001,2.75809,0.17287,4408
8,16,star_sign,ema_lr1e-2_wd1e-3,0.01,0.001,3.19835,0.08779,4408
8,16,star_sign,ema_d0.99,0.01,0.0001,3.09277,0.09959,4408
8,16,star_sign,ema_d0.9999,0.01,0.0001,3.0429,0.11184,4408
8,16,star_sign,mlp_h16,0.001,0.0,1.71214,0.63067,4408
8,16,star_sign,mlp_h32,0.001,0.0,1.47748,0.73752,4408
8,16,star_sign,mlp_h64,0.001,0.0,1.17591,0.92173,4408
8,16,star_sign,mlp_h128,0.001,0.0,0.21814,1.0,4408
8,16,star_sign,attention,0.0001,1e-05,0.00869,1.0,4408
8,16,star_sign,shuffled,0.01,0.0001,3.16126,0.09006,4408
9,0,age_bin,ema_lr1e-3,0.001,0.0001,1.57117,0.28255,4102
9,0,age_bin,ema_lr5e-3,0.005,0.0001,1.50567,0.38079,4102
9,0,age_bin,ema_lr1e-2,0.01,0.0001,1.48302,0.40492,4102
9,0,age_bin,ema_lr5e-2,0.05,0.0001,1.10752,0.54632,4102
9,0,age_bin,ema_lr1e-2_wd1e-3,0.01,0.001,1.40921,0.32326,4102
9,0,age_bin,ema_d0.99,0.01,0.0001,1.44865,0.3803,4102
9,0,age_bin,ema_d0.9999,0.01,0.0001,1.44986,0.27011,4102
9,0,age_bin,mlp_h16,0.001,0.0,0.44747,0.99756,4102
9,0,age_bin,mlp_h32,0.001,0.0,0.46088,0.99537,4102
9,0,age_bin,mlp_h64,0.001,0.0,0.2473,0.99951,4102
9,0,age_bin,mlp_h128,0.001,0.0,0.12892,1.0,4102
9,0,age_bin,attention,0.0001,1e-05,1.05786,1.0,4102
9,0,age_bin,shuffled,0.01,0.0001,1.41518,0.36811,4102
9,0,gender,ema_lr1e-3,0.001,0.0001,0.996,0.50293,4102
9,0,gender,ema_lr5e-3,0.005,0.0001,1.00707,0.49464,4102
9,0,gender,ema_lr1e-2,0.01,0.0001,0.98268,0.49464,4102
9,0,gender,ema_lr5e-2,0.05,0.0001,0.93729,0.48879,4102
9,0,gender,ema_lr1e-2_wd1e-3,0.01,0.001,0.95502,0.50146,4102
9,0,gender,ema_d0.99,0.01,0.0001,0.96393,0.49781,4102
9,0,gender,ema_d0.9999,0.01,0.0001,0.97536,0.49561,4102
9,0,gender,mlp_h16,0.001,0.0,0.70073,0.49781,4102
9,0,gender,mlp_h32,0.001,0.0,0.70581,0.49391,4102
9,0,gender,mlp_h64,0.001,0.0,0.70495,0.50829,4102
9,0,gender,mlp_h128,0.001,0.0,0.71699,0.48415,4102
9,0,gender,attention,0.0001,1e-05,0.69306,0.5,4102
9,0,gender,shuffled,0.01,0.0001,0.97787,0.49025,4102
9,0,star_sign,ema_lr1e-3,0.001,0.0001,3.28625,0.04705,4102
9,0,star_sign,ema_lr5e-3,0.005,0.0001,3.18725,0.0707,4102
9,0,star_sign,ema_lr1e-2,0.01,0.0001,3.09487,0.05436,4102
9,0,star_sign,ema_lr5e-2,0.05,0.0001,2.69138,0.2979,4102
9,0,star_sign,ema_lr1e-2_wd1e-3,0.01,0.001,3.15342,0.09069,4102
9,0,star_sign,ema_d0.99,0.01,0.0001,3.13552,0.15407,4102
9,0,star_sign,ema_d0.9999,0.01,0.0001,3.09901,0.05071,4102
9,0,star_sign,mlp_h16,0.001,0.0,1.40912,0.96758,4102
9,0,star_sign,mlp_h32,0.001,0.0,1.46694,0.8157,4102
9,0,star_sign,mlp_h64,0.001,0.0,0.9931,0.99537,4102
9,0,star_sign,mlp_h128,0.001,0.0,0.53998,1.0,4102
9,0,star_sign,attention,0.0001,1e-05,2.4208,1.0,4102
9,0,star_sign,shuffled,0.01,0.0001,3.12282,0.03925,4102
9,4,age_bin,ema_lr1e-3,0.001,0.0001,1.47759,0.33788,4102
9,4,age_bin,ema_lr5e-3,0.005,0.0001,1.42051,0.31887,4102
9,4,age_bin,ema_lr1e-2,0.01,0.0001,1.40144,0.36592,4102
9,4,age_bin,ema_lr5e-2,0.05,0.0001,1.37578,0.6253,4102
9,4,age_bin,ema_lr1e-2_wd1e-3,0.01,0.001,1.35752,0.37299,4102
9,4,age_bin,ema_d0.99,0.01,0.0001,1.37712,0.35836,4102
9,4,age_bin,ema_d0.9999,0.01,0.0001,1.38125,0.36568,4102
9,4,age_bin,mlp_h16,0.001,0.0,0.45037,0.99976,4102
9,4,age_bin,mlp_h32,0.001,0.0,0.51942,0.99976,4102
9,4,age_bin,mlp_h64,0.001,0.0,0.10709,1.0,4102
9,4,age_bin,mlp_h128,0.001,0.0,0.07094,1.0,4102
9,4,age_bin,attention,0.0001,1e-05,0.0,1.0,4102
9,4,age_bin,shuffled,0.01,0.0001,1.33625,0.37275,4102
9,4,gender,ema_lr1e-3,0.001,0.0001,0.98301,0.49171,4102
9,4,gender,ema_lr5e-3,0.005,0.0001,0.95657,0.49391,4102
9,4,gender,ema_lr1e-2,0.01,0.0001,0.89116,0.52292,4102
9,4,gender,ema_lr5e-2,0.05,0.0001,1.13449,0.50902,4102
9,4,gender,ema_lr1e-2_wd1e-3,0.01,0.001,0.90596,0.5039,4102
9,4,gender,ema_d0.99,0.01,0.0001,0.94496,0.48172,4102
9,4,gender,ema_d0.9999,0.01,0.0001,0.93315,0.49756,4102
9,4,gender,mlp_h16,0.001,0.0,0.71206,0.46806,4102
9,4,gender,mlp_h32,0.001,0.0,0.71143,0.47294,4102
9,4,gender,mlp_h64,0.001,0.0,0.72455,0.47221,4102
9,4,gender,mlp_h128,0.001,0.0,0.77547,0.46831,4102
9,4,gender,attention,0.0001,1e-05,1.18812,0.58594,4102
9,4,gender,shuffled,0.01,0.0001,0.96139,0.5,4102
9,4,star_sign,ema_lr1e-3,0.001,0.0001,3.23036,0.07557,4102
9,4,star_sign,ema_lr5e-3,0.005,0.0001,3.00952,0.09337,4102
9,4,star_sign,ema_lr1e-2,0.01,0.0001,2.91966,0.1041,4102
9,4,star_sign,ema_lr5e-2,0.05,0.0001,2.60516,0.1704,4102
9,4,star_sign,ema_lr1e-2_wd1e-3,0.01,0.001,2.93507,0.09459,4102
9,4,star_sign,ema_d0.99,0.01,0.0001,2.92189,0.08825,4102
9,4,star_sign,ema_d0.9999,0.01,0.0001,2.9796,0.09483,4102
9,4,star_sign,mlp_h16,0.001,0.0,1.75455,0.59873,4102
9,4,star_sign,mlp_h32,0.001,0.0,1.26635,0.99415,4102
9,4,star_sign,mlp_h64,0.001,0.0,0.74353,0.99976,4102
9,4,star_sign,mlp_h128,0.001,0.0,0.24344,1.0,4102
9,4,star_sign,attention,0.0001,1e-05,0.22719,1.0,4102
9,4,star_sign,shuffled,0.01,0.0001,3.00338,0.09361,4102
9,8,age_bin,ema_lr1e-3,0.001,0.0001,1.53045,0.37591,4102
9,8,age_bin,ema_lr5e-3,0.005,0.0001,1.48885,0.34544,4102
9,8,age_bin,ema_lr1e-2,0.01,0.0001,1.37527,0.38591,4102
9,8,age_bin,ema_lr5e-2,0.05,0.0001,1.31936,0.37372,4102
9,8,age_bin,ema_lr1e-2_wd1e-3,0.01,0.001,1.38149,0.36689,4102
9,8,age_bin,ema_d0.99,0.01,0.0001,1.41055,0.37128,4102
9,8,age_bin,ema_d0.9999,0.01,0.0001,1.35815,0.37591,4102
9,8,age_bin,mlp_h16,0.001,0.0,0.98288,0.15163,4102
9,8,age_bin,mlp_h32,0.001,0.0,0.29907,1.0,4102
9,8,age_bin,mlp_h64,0.001,0.0,0.12311,1.0,4102
9,8,age_bin,mlp_h128,0.001,0.0,0.0813,1.0,4102
9,8,age_bin,attention,0.0001,1e-05,0.0,1.0,4102
9,8,age_bin,shuffled,0.01,0.0001,1.37759,0.35861,4102
9,8,gender,ema_lr1e-3,0.001,0.0001,0.96982,0.50414,4102
9,8,gender,ema_lr5e-3,0.005,0.0001,0.97305,0.49951,4102
9,8,gender,ema_lr1e-2,0.01,0.0001,0.95116,0.49244,4102
9,8,gender,ema_lr5e-2,0.05,0.0001,1.04365,0.4922,4102
9,8,gender,ema_lr1e-2_wd1e-3,0.01,0.001,0.94041,0.51121,4102
9,8,gender,ema_d0.99,0.01,0.0001,0.99473,0.47099,4102
9,8,gender,ema_d0.9999,0.01,0.0001,0.9298,0.49391,4102
9,8,gender,mlp_h16,0.001,0.0,0.71583,0.48586,4102
9,8,gender,mlp_h32,0.001,0.0,0.74078,0.46051,4102
9,8,gender,mlp_h64,0.001,0.0,0.72381,0.47001,4102
9,8,gender,mlp_h128,0.001,0.0,0.73682,0.47294,4102
9,8,gender,attention,0.0001,1e-05,0.72454,0.5,4102
9,8,gender,shuffled,0.01,0.0001,0.9575,0.51048,4102
9,8,star_sign,ema_lr1e-3,0.001,0.0001,3.15441,0.07972,4102
9,8,star_sign,ema_lr5e-3,0.005,0.0001,3.08664,0.08508,4102
9,8,star_sign,ema_lr1e-2,0.01,0.0001,3.0239,0.09191,4102
9,8,star_sign,ema_lr5e-2,0.05,0.0001,2.60677,0.17162,4102
9,8,star_sign,ema_lr1e-2_wd1e-3,0.01,0.001,2.99586,0.09946,4102
9,8,star_sign,ema_d0.99,0.01,0.0001,2.97814,0.08825,4102
9,8,star_sign,ema_d0.9999,0.01,0.0001,3.01531,0.108,4102
9,8,star_sign,mlp_h16,0.001,0.0,1.82783,0.76792,4102
9,8,star_sign,mlp_h32,0.001,0.0,1.52671,0.97465,4102
9,8,star_sign,mlp_h64,0.001,0.0,0.9191,0.99927,4102
9,8,star_sign,mlp_h128,0.001,0.0,0.23024,1.0,4102
9,8,star_sign,attention,0.0001,1e-05,41.36163,0.0,4102
9,8,star_sign,shuffled,0.01,0.0001,2.98314,0.09386,4102
9,12,age_bin,ema_lr1e-3,0.001,0.0001,1.54674,0.30619,4102
9,12,age_bin,ema_lr5e-3,0.005,0.0001,1.46452,0.3725,4102
9,12,age_bin,ema_lr1e-2,0.01,0.0001,1.39015,0.3764,4102
9,12,age_bin,ema_lr5e-2,0.05,0.0001,1.32464,0.47757,4102
9,12,age_bin,ema_lr1e-2_wd1e-3,0.01,0.001,1.48829,0.36958,4102
9,12,age_bin,ema_d0.99,0.01,0.0001,1.35986,0.40371,4102
9,12,age_bin,ema_d0.9999,0.01,0.0001,1.44027,0.35227,4102
9,12,age_bin,mlp_h16,0.001,0.0,0.37904,0.99829,4102
9,12,age_bin,mlp_h32,0.001,0.0,0.33053,1.0,4102
9,12,age_bin,mlp_h64,0.001,0.0,0.31,1.0,4102
9,12,age_bin,mlp_h128,0.001,0.0,0.06162,1.0,4102
9,12,age_bin,attention,0.0001,1e-05,0.02539,1.0,4102
9,12,age_bin,shuffled,0.01,0.0001,1.52044,0.34422,4102
9,12,gender,ema_lr1e-3,0.001,0.0001,1.00239,0.53291,4102
9,12,gender,ema_lr5e-3,0.005,0.0001,0.94377,0.50488,4102
9,12,gender,ema_lr1e-2,0.01,0.0001,0.99211,0.49366,4102
9,12,gender,ema_lr5e-2,0.05,0.0001,0.94397,0.5078,4102
9,12,gender,ema_lr1e-2_wd1e-3,0.01,0.001,0.98071,0.49244,4102
9,12,gender,ema_d0.99,0.01,0.0001,0.91726,0.49878,4102
9,12,gender,ema_d0.9999,0.01,0.0001,0.95658,0.5078,4102
9,12,gender,mlp_h16,0.001,0.0,0.71747,0.47148,4102
9,12,gender,mlp_h32,0.001,0.0,0.72209,0.46416,4102
9,12,gender,mlp_h64,0.001,0.0,0.73022,0.48464,4102
9,12,gender,mlp_h128,0.001,0.0,0.7443,0.48659,4102
9,12,gender,attention,0.0001,1e-05,0.80554,0.4375,4102
9,12,gender,shuffled,0.01,0.0001,0.93707,0.50683,4102
9,12,star_sign,ema_lr1e-3,0.001,0.0001,3.23449,0.09922,4102
9,12,star_sign,ema_lr5e-3,0.005,0.0001,3.1772,0.09946,4102
9,12,star_sign,ema_lr1e-2,0.01,0.0001,3.0988,0.07923,4102
9,12,star_sign,ema_lr5e-2,0.05,0.0001,2.63396,0.17796,4102
9,12,star_sign,ema_lr1e-2_wd1e-3,0.01,0.001,3.14392,0.08362,4102
9,12,star_sign,ema_d0.99,0.01,0.0001,3.11579,0.08557,4102
9,12,star_sign,ema_d0.9999,0.01,0.0001,3.07986,0.09678,4102
9,12,star_sign,mlp_h16,0.001,0.0,1.32291,0.93613,4102
9,12,star_sign,mlp_h32,0.001,0.0,1.61123,0.91199,4102
9,12,star_sign,mlp_h64,0.001,0.0,0.66254,1.0,4102
9,12,star_sign,mlp_h128,0.001,0.0,0.38097,0.99976,4102
9,12,star_sign,attention,0.0001,1e-05,0.03932,1.0,4102
9,12,star_sign,shuffled,0.01,0.0001,3.06094,0.07996,4102
9,16,age_bin,ema_lr1e-3,0.001,0.0001,1.58563,0.33179,4102
9,16,age_bin,ema_lr5e-3,0.005,0.0001,1.48909,0.36738,4102
9,16,age_bin,ema_lr1e-2,0.01,0.0001,1.46799,0.33398,4102
9,16,age_bin,ema_lr5e-2,0.05,0.0001,1.13652,0.45978,4102
9,16,age_bin,ema_lr1e-2_wd1e-3,0.01,0.001,1.46929,0.36616,4102
9,16,age_bin,ema_d0.99,0.01,0.0001,1.42107,0.34959,4102
9,16,age_bin,ema_d0.9999,0.01,0.0001,1.42415,0.36177,4102
9,16,age_bin,mlp_h16,0.001,0.0,0.70733,0.81326,4102
9,16,age_bin,mlp_h32,0.001,0.0,0.22592,0.99951,4102
9,16,age_bin,mlp_h64,0.001,0.0,0.06926,1.0,4102
9,16,age_bin,mlp_h128,0.001,0.0,0.04492,1.0,4102
9,16,age_bin,attention,0.0001,1e-05,0.00048,1.0,4102
9,16,age_bin,shuffled,0.01,0.0001,1.44368,0.36202,4102
9,16,gender,ema_lr1e-3,0.001,0.0001,0.9832,0.51731,4102
9,16,gender,ema_lr5e-3,0.005,0.0001,1.03141,0.50878,4102
9,16,gender,ema_lr1e-2,0.01,0.0001,0.95409,0.52292,4102
9,16,gender,ema_lr5e-2,0.05,0.0001,0.87287,0.51365,4102
9,16,gender,ema_lr1e-2_wd1e-3,0.01,0.001,0.99862,0.49,4102
9,16,gender,ema_d0.99,0.01,0.0001,0.96033,0.49781,4102
9,16,gender,ema_d0.9999,0.01,0.0001,0.9441,0.51804,4102
9,16,gender,mlp_h16,0.001,0.0,0.71682,0.5078,4102
9,16,gender,mlp_h32,0.001,0.0,0.71776,0.50317,4102
9,16,gender,mlp_h64,0.001,0.0,0.72841,0.50585,4102
9,16,gender,mlp_h128,0.001,0.0,0.74268,0.49634,4102
9,16,gender,attention,0.0001,1e-05,0.80741,0.5,4102
9,16,gender,shuffled,0.01,0.0001,0.95364,0.49707,4102
9,16,star_sign,ema_lr1e-3,0.001,0.0001,3.28319,0.07411,4102
9,16,star_sign,ema_lr5e-3,0.005,0.0001,3.30575,0.08703,4102
9,16,star_sign,ema_lr1e-2,0.01,0.0001,3.13966,0.10531,4102
9,16,star_sign,ema_lr5e-2,0.05,0.0001,2.68664,0.17918,4102
9,16,star_sign,ema_lr1e-2_wd1e-3,0.01,0.001,3.18056,0.09239,4102
9,16,star_sign,ema_d0.99,0.01,0.0001,3.10993,0.10312,4102
9,16,star_sign,ema_d0.9999,0.01,0.0001,3.12602,0.09849,4102
9,16,star_sign,mlp_h16,0.001,0.0,1.57502,0.72404,4102
9,16,star_sign,mlp_h32,0.001,0.0,1.32867,0.82033,4102
9,16,star_sign,mlp_h64,0.001,0.0,0.97707,0.95271,4102
9,16,star_sign,mlp_h128,0.001,0.0,0.14888,1.0,4102
9,16,star_sign,attention,0.0001,1e-05,0.00341,1.0,4102
9,16,star_sign,shuffled,0.01,0.0001,3.10117,0.09824,4102
10,0,age_bin,ema_lr1e-3,0.001,0.0001,1.58237,0.29149,4182
10,0,age_bin,ema_lr5e-3,0.005,0.0001,1.46498,0.39,4182
10,0,age_bin,ema_lr1e-2,0.01,0.0001,1.44296,0.36657,4182
10,0,age_bin,ema_lr5e-2,0.05,0.0001,1.05726,0.58465,4182
10,0,age_bin,ema_lr1e-2_wd1e-3,0.01,0.001,1.42005,0.26901,4182
10,0,age_bin,ema_d0.99,0.01,0.0001,1.38834,0.34505,4182
10,0,age_bin,ema_d0.9999,0.01,0.0001,1.4382,0.29818,4182
10,0,age_bin,mlp_h16,0.001,0.0,0.39309,0.99809,4182
10,0,age_bin,mlp_h32,0.001,0.0,0.39362,0.99761,4182
10,0,age_bin,mlp_h64,0.001,0.0,0.1976,0.99952,4182
10,0,age_bin,mlp_h128,0.001,0.0,0.0901,1.0,4182
10,0,age_bin,attention,0.0001,1e-05,1.05253,1.0,4182
10,0,age_bin,shuffled,0.01,0.0001,1.39937,0.33979,4182
10,0,gender,ema_lr1e-3,0.001,0.0001,0.96665,0.49904,4182
10,0,gender,ema_lr5e-3,0.005,0.0001,0.97733,0.50598,4182
10,0,gender,ema_lr1e-2,0.01,0.0001,0.94312,0.47681,4182
10,0,gender,ema_lr5e-2,0.05,0.0001,0.88492,0.48828,4182
10,0,gender,ema_lr1e-2_wd1e-3,0.01,0.001,0.95385,0.50167,4182
10,0,gender,ema_d0.99,0.01,0.0001,0.94459,0.50837,4182
10,0,gender,ema_d0.9999,0.01,0.0001,0.9744,0.50359,4182
10,0,gender,mlp_h16,0.001,0.0,0.6983,0.51076,4182
10,0,gender,mlp_h32,0.001,0.0,0.69742,0.5208,4182
10,0,gender,mlp_h64,0.001,0.0,0.71003,0.50717,4182
10,0,gender,mlp_h128,0.001,0.0,0.70878,0.51722,4182
10,0,gender,attention,0.0001,1e-05,0.69326,0.49219,4182
10,0,gender,shuffled,0.01,0.0001,0.95355,0.51626,4182
10,0,star_sign,ema_lr1e-3,0.001,0.0001,3.25087,0.044,4182
10,0,star_sign,ema_lr5e-3,0.005,0.0001,3.20468,0.06624,4182
10,0,star_sign,ema_lr1e-2,0.01,0.0001,3.07414,0.06337,4182
10,0,star_sign,ema_lr5e-2,0.05,0.0001,2.6253,0.25992,4182
10,0,star_sign,ema_lr1e-2_wd1e-3,0.01,0.001,3.08309,0.09756,4182
10,0,star_sign,ema_d0.99,0.01,0.0001,3.13996,0.15662,4182
10,0,star_sign,ema_d0.9999,0.01,0.0001,3.08149,0.04782,4182
10,0,star_sign,mlp_h16,0.001,0.0,1.31016,0.98494,4182
10,0,star_sign,mlp_h32,0.001,0.0,1.31427,0.88714,4182
10,0,star_sign,mlp_h64,0.001,0.0,0.84037,0.99713,4182
10,0,star_sign,mlp_h128,0.001,0.0,0.39473,1.0,4182
10,0,star_sign,attention,0.0001,1e-05,2.41136,1.0,4182
10,0,star_sign,shuffled,0.01,0.0001,3.12061,0.04735,4182
10,4,age_bin,ema_lr1e-3,0.001,0.0001,1.48766,0.33859,4182
10,4,age_bin,ema_lr5e-3,0.005,0.0001,1.43925,0.31157,4182
10,4,age_bin,ema_lr1e-2,0.01,0.0001,1.4142,0.35796,4182
10,4,age_bin,ema_lr5e-2,0.05,0.0001,1.27135,0.35892,4182
10,4,age_bin,ema_lr1e-2_wd1e-3,0.01,0.001,1.33759,0.3704,4182
10,4,age_bin,ema_d0.99,0.01,0.0001,1.39053,0.33979,4182
10,4,age_bin,ema_d0.9999,0.01,0.0001,1.3519,0.37088,4182
10,4,age_bin,mlp_h16,0.001,0.0,0.39267,0.99976,4182
10,4,age_bin,mlp_h32,0.001,0.0,0.45653,1.0,4182
10,4,age_bin,mlp_h64,0.001,0.0,0.0751,1.0,4182
10,4,age_bin,mlp_h128,0.001,0.0,0.04619,1.0,4182
10,4,age_bin,attention,0.0001,1e-05,0.0,1.0,4182
10,4,age_bin,shuffled,0.01,0.0001,1.33143,0.36729,4182
10,4,gender,ema_lr1e-3,0.001,0.0001,0.9861,0.49067,4182
10,4,gender,ema_lr5e-3,0.005,0.0001,0.93833,0.49283,4182
10,4,gender,ema_lr1e-2,0.01,0.0001,0.93224,0.50956,4182
10,4,gender,ema_lr5e-2,0.05,0.0001,1.27704,0.53802,4182
10,4,gender,ema_lr1e-2_wd1e-3,0.01,0.001,0.94931,0.478,4182
10,4,gender,ema_d0.99,0.01,0.0001,0.91071,0.51172,4182
10,4,gender,ema_d0.9999,0.01,0.0001,0.92685,0.48517,4182
10,4,gender,mlp_h16,0.001,0.0,0.69439,0.52559,4182
10,4,gender,mlp_h32,0.001,0.0,0.69388,0.52272,4182
10,4,gender,mlp_h64,0.001,0.0,0.71299,0.511,4182
10,4,gender,mlp_h128,0.001,0.0,0.75147,0.49044,4182
10,4,gender,attention,0.0001,1e-05,0.95044,0.46875,4182
10,4,gender,shuffled,0.01,0.0001,0.95684,0.48231,4182
10,4,star_sign,ema_lr1e-3,0.001,0.0001,3.3079,0.06552,4182
10,4,star_sign,ema_lr5e-3,0.005,0.0001,2.99652,0.08991,4182
10,4,star_sign,ema_lr1e-2,0.01,0.0001,2.86919,0.10402,4182
10,4,star_sign,ema_lr5e-2,0.05,0.0001,2.53978,0.15949,4182
10,4,star_sign,ema_lr1e-2_wd1e-3,0.01,0.001,2.89998,0.10163,4182
10,4,star_sign,ema_d0.99,0.01,0.0001,2.91381,0.0978,4182
10,4,star_sign,ema_d0.9999,0.01,0.0001,2.92778,0.11095,4182
10,4,star_sign,mlp_h16,0.001,0.0,1.66884,0.68938,4182
10,4,star_sign,mlp_h32,0.001,0.0,1.11116,0.99833,4182
10,4,star_sign,mlp_h64,0.001,0.0,0.58521,1.0,4182
10,4,star_sign,mlp_h128,0.001,0.0,0.15265,1.0,4182
10,4,star_sign,attention,0.0001,1e-05,0.15717,1.0,4182
10,4,star_sign,shuffled,0.01,0.0001,2.96671,0.09206,4182
10,8,age_bin,ema_lr1e-3,0.001,0.0001,1.58235,0.35509,4182
10,8,age_bin,ema_lr5e-3,0.005,0.0001,1.45502,0.34768,4182
10,8,age_bin,ema_lr1e-2,0.01,0.0001,1.42319,0.35581,4182
10,8,age_bin,ema_lr5e-2,0.05,0.0001,1.20518,0.58776,4182
10,8,age_bin,ema_lr1e-2_wd1e-3,0.01,0.001,1.37486,0.37255,4182
10,8,age_bin,ema_d0.99,0.01,0.0001,1.39369,0.37494,4182
10,8,age_bin,ema_d0.9999,0.01,0.0001,1.34749,0.37614,4182
10,8,age_bin,mlp_h16,0.001,0.0,0.95183,0.17384,4182
10,8,age_bin,mlp_h32,0.001,0.0,0.2551,1.0,4182
10,8,age_bin,mlp_h64,0.001,0.0,0.09227,1.0,4182
10,8,age_bin,mlp_h128,0.001,0.0,0.05837,1.0,4182
10,8,age_bin,attention,0.0001,1e-05,0.0,1.0,4182
10,8,age_bin,shuffled,0.01,0.0001,1.36991,0.35725,4182
10,8,gender,ema_lr1e-3,0.001,0.0001,0.90797,0.52535,4182
10,8,gender,ema_lr5e-3,0.005,0.0001,0.99236,0.49163,4182
10,8,gender,ema_lr1e-2,0.01,0.0001,0.96174,0.47872,4182
10,8,gender,ema_lr5e-2,0.05,0.0001,1.07531,0.48924,4182
10,8,gender,ema_lr1e-2_wd1e-3,0.01,0.001,0.97039,0.48374,4182
10,8,gender,ema_d0.99,0.01,0.0001,0.96796,0.49689,4182
10,8,gender,ema_d0.9999,0.01,0.0001,0.89624,0.51267,4182
10,8,gender,mlp_h16,0.001,0.0,0.70472,0.49641,4182
10,8,gender,mlp_h32,0.001,0.0,0.72086,0.50933,4182
10,8,gender,mlp_h64,0.001,0.0,0.70443,0.52176,4182
10,8,gender,mlp_h128,0.001,0.0,0.73307,0.51267,4182
10,8,gender,attention,0.0001,1e-05,0.68266,0.5,4182
10,8,gender,shuffled,0.01,0.0001,0.93452,0.50335,4182
10,8,star_sign,ema_lr1e-3,0.001,0.0001,3.19223,0.07102,4182
10,8,star_sign,ema_lr5e-3,0.005,0.0001,3.04746,0.0868,4182
10,8,star_sign,ema_lr1e-2,0.01,0.0001,3.00492,0.09278,4182
10,8,star_sign,ema_lr5e-2,0.05,0.0001,2.50021,0.18388,4182
10,8,star_sign,ema_lr1e-2_wd1e-3,0.01,0.001,3.0209,0.08991,4182
10,8,star_sign,ema_d0.99,0.01,0.0001,3.01126,0.09613,4182
10,8,star_sign,ema_d0.9999,0.01,0.0001,2.95506,0.11454,4182
10,8,star_sign,mlp_h16,0.001,0.0,1.7333,0.82209,4182
10,8,star_sign,mlp_h32,0.001,0.0,1.41311,0.99044,4182
10,8,star_sign,mlp_h64,0.001,0.0,0.7678,1.0,4182
10,8,star_sign,mlp_h128,0.001,0.0,0.15221,1.0,4182
10,8,star_sign,attention,0.0001,1e-05,32.86009,0.0,4182
10,8,star_sign,shuffled,0.01,0.0001,2.99971,0.09326,4182
10,12,age_bin,ema_lr1e-3,0.001,0.0001,1.55592,0.29675,4182
10,12,age_bin,ema_lr5e-3,0.005,0.0001,1.4722,0.35772,4182
10,12,age_bin,ema_lr1e-2,0.01,0.0001,1.4317,0.35988,4182
10,12,age_bin,ema_lr5e-2,0.05,0.0001,1.13452,0.46294,4182
10,12,age_bin,ema_lr1e-2_wd1e-3,0.01,0.001,1.46383,0.36394,4182
10,12,age_bin,ema_d0.99,0.01,0.0001,1.39716,0.37398,4182
10,12,age_bin,ema_d0.9999,0.01,0.0001,1.41707,0.36538,4182
10,12,age_bin,mlp_h16,0.001,0.0,0.33124,0.99976,4182
10,12,age_bin,mlp_h32,0.001,0.0,0.28255,1.0,4182
10,12,age_bin,mlp_h64,0.001,0.0,0.25711,1.0,4182
10,12,age_bin,mlp_h128,0.001,0.0,0.04269,1.0,4182
10,12,age_bin,attention,0.0001,1e-05,0.01707,1.0,4182
10,12,age_bin,shuffled,0.01,0.0001,1.40543,0.38116,4182
10,12,gender,ema_lr1e-3,0.001,0.0001,1.04572,0.5067,4182
10,12,gender,ema_lr5e-3,0.005,0.0001,0.96106,0.49928,4182
10,12,gender,ema_lr1e-2,0.01,0.0001,0.93535,0.51076,4182
10,12,gender,ema_lr5e-2,0.05,0.0001,0.97676,0.46891,4182
10,12,gender,ema_lr1e-2_wd1e-3,0.01,0.001,0.92469,0.52224,4182
10,12,gender,ema_d0.99,0.01,0.0001,0.96302,0.48039,4182
10,12,gender,ema_d0.9999,0.01,0.0001,0.92949,0.51148,4182
10,12,gender,mlp_h16,0.001,0.0,0.69145,0.52152,4182
10,12,gender,mlp_h32,0.001,0.0,0.69373,0.52248,4182
10,12,gender,mlp_h64,0.001,0.0,0.70825,0.52391,4182
10,12,gender,mlp_h128,0.001,0.0,0.71571,0.52774,4182
10,12,gender,attention,0.0001,1e-05,0.73057,0.51562,4182
10,12,gender,shuffled,0.01,0.0001,0.97054,0.49163,4182
10,12,star_sign,ema_lr1e-3,0.001,0.0001,3.23817,0.10091,4182
10,12,star_sign,ema_lr5e-3,0.005,0.0001,3.08799,0.10115,4182
10,12,star_sign,ema_lr1e-2,0.01,0.0001,2.99814,0.10258,4182
10,12,star_sign,ema_lr5e-2,0.05,0.0001,2.5826,0.18341,4182
10,12,star_sign,ema_lr1e-2_wd1e-3,0.01,0.001,3.08592,0.08297,4182
10,12,star_sign,ema_d0.99,0.01,0.0001,3.12152,0.08178,4182
10,12,star_sign,ema_d0.9999,0.01,0.0001,3.06296,0.0856,4182
10,12,star_sign,mlp_h16,0.001,0.0,1.23214,0.93711,4182
10,12,star_sign,mlp_h32,0.001,0.0,1.48652,0.94859,4182
10,12,star_sign,mlp_h64,0.001,0.0,0.52317,1.0,4182
10,12,star_sign,mlp_h128,0.001,0.0,0.26655,1.0,4182
10,12,star_sign,attention,0.0001,1e-05,0.02129,1.0,4182
10,12,star_sign,shuffled,0.01,0.0001,2.98949,0.0911,4182
10,16,age_bin,ema_lr1e-3,0.001,0.0001,1.62266,0.31803,4182
10,16,age_bin,ema_lr5e-3,0.005,0.0001,1.48562,0.37016,4182
10,16,age_bin,ema_lr1e-2,0.01,0.0001,1.40578,0.35581,4182
10,16,age_bin,ema_lr5e-2,0.05,0.0001,1.09664,0.48685,4182
10,16,age_bin,ema_lr1e-2_wd1e-3,0.01,0.001,1.42773,0.38546,4182
10,16,age_bin,ema_d0.99,0.01,0.0001,1.45247,0.34625,4182
10,16,age_bin,ema_d0.9999,0.01,0.0001,1.44314,0.33405,4182
10,16,age_bin,mlp_h16,0.001,0.0,0.63064,0.86729,4182
10,16,age_bin,mlp_h32,0.001,0.0,0.18432,1.0,4182
10,16,age_bin,mlp_h64,0.001,0.0,0.04934,1.0,4182
10,16,age_bin,mlp_h128,0.001,0.0,0.02933,1.0,4182
10,16,age_bin,attention,0.0001,1e-05,0.00045,1.0,4182
10,16,age_bin,shuffled,0.01,0.0001,1.46142,0.36848,4182
10,16,gender,ema_lr1e-3,0.001,0.0001,1.08213,0.46772,4182
10,16,gender,ema_lr5e-3,0.005,0.0001,1.02504,0.49665,4182
10,16,gender,ema_lr1e-2,0.01,0.0001,1.00081,0.49952,4182
10,16,gender,ema_lr5e-2,0.05,0.0001,0.88842,0.49952,4182
10,16,gender,ema_lr1e-2_wd1e-3,0.01,0.001,0.94532,0.50215,4182
10,16,gender,ema_d0.99,0.01,0.0001,0.93851,0.49952,4182
10,16,gender,ema_d0.9999,0.01,0.0001,1.02325,0.47035,4182
10,16,gender,mlp_h16,0.001,0.0,0.71356,0.50383,4182
10,16,gender,mlp_h32,0.001,0.0,0.70805,0.5055,4182
10,16,gender,mlp_h64,0.001,0.0,0.73203,0.49546,4182
10,16,gender,mlp_h128,0.001,0.0,0.73091,0.51674,4182
10,16,gender,attention,0.0001,1e-05,0.83887,0.48438,4182
10,16,gender,shuffled,0.01,0.0001,0.92194,0.51028,4182
10,16,star_sign,ema_lr1e-3,0.001,0.0001,3.32051,0.05691,4182
10,16,star_sign,ema_lr5e-3,0.005,0.0001,3.25704,0.09421,4182
10,16,star_sign,ema_lr1e-2,0.01,0.0001,3.11746,0.09278,4182
10,16,star_sign,ema_lr5e-2,0.05,0.0001,2.71702,0.17384,4182
10,16,star_sign,ema_lr1e-2_wd1e-3,0.01,0.001,3.12903,0.09804,4182
10,16,star_sign,ema_d0.99,0.01,0.0001,3.08208,0.09971,4182
10,16,star_sign,ema_d0.9999,0.01,0.0001,3.01218,0.11669,4182
10,16,star_sign,mlp_h16,0.001,0.0,1.46935,0.77021,4182
10,16,star_sign,mlp_h32,0.001,0.0,1.19338,0.87924,4182
10,16,star_sign,mlp_h64,0.001,0.0,0.82166,0.97274,4182
10,16,star_sign,mlp_h128,0.001,0.0,0.09638,1.0,4182
10,16,star_sign,attention,0.0001,1e-05,0.00292,1.0,4182
10,16,star_sign,shuffled,0.01,0.0001,3.19022,0.08369,4182
11,0,age_bin,ema_lr1e-3,0.001,0.0001,1.59993,0.28186,4119
11,0,age_bin,ema_lr5e-3,0.005,0.0001,1.46642,0.39548,4119
11,0,age_bin,ema_lr1e-2,0.01,0.0001,1.42826,0.42729,4119
11,0,age_bin,ema_lr5e-2,0.05,0.0001,1.0322,0.63195,4119
11,0,age_bin,ema_lr1e-2_wd1e-3,0.01,0.001,1.39834,0.32581,4119
11,0,age_bin,ema_d0.99,0.01,0.0001,1.40719,0.3797,4119
11,0,age_bin,ema_d0.9999,0.01,0.0001,1.46046,0.29716,4119
11,0,age_bin,mlp_h16,0.001,0.0,0.35746,0.99879,4119
11,0,age_bin,mlp_h32,0.001,0.0,0.34422,0.99782,4119
11,0,age_bin,mlp_h64,0.001,0.0,0.16289,0.99903,4119
11,0,age_bin,mlp_h128,0.001,0.0,0.06837,1.0,4119
11,0,age_bin,attention,0.0001,1e-05,1.04808,1.0,4119
11,0,age_bin,shuffled,0.01,0.0001,1.38172,0.38383,4119
11,0,gender,ema_lr1e-3,0.001,0.0001,0.99174,0.49624,4119
11,0,gender,ema_lr5e-3,0.005,0.0001,0.94472,0.5227,4119
11,0,gender,ema_lr1e-2,0.01,0.0001,0.94016,0.49721,4119
11,0,gender,ema_lr5e-2,0.05,0.0001,0.90277,0.48434,4119
11,0,gender,ema_lr1e-2_wd1e-3,0.01,0.001,0.96931,0.48992,4119
11,0,gender,ema_d0.99,0.01,0.0001,0.95297,0.49357,4119
11,0,gender,ema_d0.9999,0.01,0.0001,0.98025,0.49041,4119
11,0,gender,mlp_h16,0.001,0.0,0.70187,0.49721,4119
11,0,gender,mlp_h32,0.001,0.0,0.70615,0.48774,4119
11,0,gender,mlp_h64,0.001,0.0,0.70861,0.49162,4119
11,0,gender,mlp_h128,0.001,0.0,0.71359,0.49575,4119
11,0,gender,attention,0.0001,1e-05,0.69281,0.53906,4119
11,0,gender,shuffled,0.01,0.0001,0.96294,0.49381,4119
11,0,star_sign,ema_lr1e-3,0.001,0.0001,3.26279,0.04588,4119
11,0,star_sign,ema_lr5e-3,0.005,0.0001,3.21558,0.05778,4119
11,0,star_sign,ema_lr1e-2,0.01,0.0001,3.10171,0.06191,4119
11,0,star_sign,ema_lr5e-2,0.05,0.0001,2.55373,0.30857,4119
11,0,star_sign,ema_lr1e-2_wd1e-3,0.01,0.001,3.06912,0.09808,4119
11,0,star_sign,ema_d0.99,0.01,0.0001,3.05875,0.16412,4119
11,0,star_sign,ema_d0.9999,0.01,0.0001,3.05227,0.05632,4119
11,0,star_sign,mlp_h16,0.001,0.0,1.23826,0.98446,4119
11,0,star_sign,mlp_h32,0.001,0.0,1.21688,0.92571,4119
11,0,star_sign,mlp_h64,0.001,0.0,0.72888,0.99854,4119
11,0,star_sign,mlp_h128,0.001,0.0,0.29147,1.0,4119
11,0,star_sign,attention,0.0001,1e-05,2.40584,1.0,4119
11,0,star_sign,shuffled,0.01,0.0001,3.0526,0.05511,4119
11,4,age_bin,ema_lr1e-3,0.001,0.0001,1.43822,0.35931,4119
11,4,age_bin,ema_lr5e-3,0.005,0.0001,1.43703,0.31367,4119
11,4,age_bin,ema_lr1e-2,0.01,0.0001,1.36421,0.36659,4119
11,4,age_bin,ema_lr5e-2,0.05,0.0001,1.06195,0.50012,4119
11,4,age_bin,ema_lr1e-2_wd1e-3,0.01,0.001,1.31226,0.38189,4119
11,4,age_bin,ema_d0.99,0.01,0.0001,1.36466,0.336,4119
11,4,age_bin,ema_d0.9999,0.01,0.0001,1.36796,0.36101,4119
11,4,age_bin,mlp_h16,0.001,0.0,0.34088,1.0,4119
11,4,age_bin,mlp_h32,0.001,0.0,0.40386,1.0,4119
11,4,age_bin,mlp_h64,0.001,0.0,0.05385,1.0,4119
11,4,age_bin,mlp_h128,0.001,0.0,0.03152,1.0,4119
11,4,age_bin,attention,0.0001,1e-05,0.0,1.0,4119
11,4,age_bin,shuffled,0.01,0.0001,1.32383,0.36198,4119
11,4,gender,ema_lr1e-3,0.001,0.0001,1.00935,0.47827,4119
11,4,gender,ema_lr5e-3,0.005,0.0001,0.95078,0.49599,4119
11,4,gender,ema_lr1e-2,0.01,0.0001,0.92569,0.50449,4119
11,4,gender,ema_lr5e-2,0.05,0.0001,1.08714,0.52853,4119
11,4,gender,ema_lr1e-2_wd1e-3,0.01,0.001,0.93341,0.49041,4119
11,4,gender,ema_d0.99,0.01,0.0001,0.94738,0.49357,4119
11,4,gender,ema_d0.9999,0.01,0.0001,0.93577,0.49769,4119
11,4,gender,mlp_h16,0.001,0.0,0.69415,0.52974,4119
11,4,gender,mlp_h32,0.001,0.0,0.68939,0.54601,4119
11,4,gender,mlp_h64,0.001,0.0,0.6925,0.55547,4119
11,4,gender,mlp_h128,0.001,0.0,0.70771,0.54698,4119
11,4,gender,attention,0.0001,1e-05,0.68696,0.54688,4119
11,4,gender,shuffled,0.01,0.0001,0.94207,0.50231,4119
11,4,star_sign,ema_lr1e-3,0.001,0.0001,3.26033,0.06846,4119
11,4,star_sign,ema_lr5e-3,0.005,0.0001,2.984,0.09274,4119
11,4,star_sign,ema_lr1e-2,0.01,0.0001,2.93071,0.09371,4119
11,4,star_sign,ema_lr5e-2,0.05,0.0001,2.46161,0.20636,4119
11,4,star_sign,ema_lr1e-2_wd1e-3,0.01,0.001,3.00095,0.08133,4119
11,4,star_sign,ema_d0.99,0.01,0.0001,2.93404,0.09347,4119
11,4,star_sign,ema_d0.9999,0.01,0.0001,2.93512,0.10269,4119
11,4,star_sign,mlp_h16,0.001,0.0,1.59106,0.77907,4119
11,4,star_sign,mlp_h32,0.001,0.0,0.97069,0.99927,4119
11,4,star_sign,mlp_h64,0.001,0.0,0.46298,1.0,4119
11,4,star_sign,mlp_h128,0.001,0.0,0.0969,1.0,4119
11,4,star_sign,attention,0.0001,1e-05,0.11632,1.0,4119
11,4,star_sign,shuffled,0.01,0.0001,2.95755,0.10415,4119
11,8,age_bin,ema_lr1e-3,0.001,0.0001,1.51505,0.36344,4119
11,8,age_bin,ema_lr5e-3,0.005,0.0001,1.48281,0.3343,4119
11,8,age_bin,ema_lr1e-2,0.01,0.0001,1.35977,0.378,4119
11,8,age_bin,ema_lr5e-2,0.05,0.0001,1.23599,0.40932,4119
11,8,age_bin,ema_lr1e-2_wd1e-3,0.01,0.001,1.39602,0.35931,4119
11,8,age_bin,ema_d0.99,0.01,0.0001,1.42824,0.35737,4119
11,8,age_bin,ema_d0.9999,0.01,0.0001,1.35926,0.37485,4119
11,8,age_bin,mlp_h16,0.001,0.0,0.92198,0.19641,4119
11,8,age_bin,mlp_h32,0.001,0.0,0.2071,1.0,4119
11,8,age_bin,mlp_h64,0.001,0.0,0.0674,1.0,4119
11,8,age_bin,mlp_h128,0.001,0.0,0.04029,1.0,4119
11,8,age_bin,attention,0.0001,1e-05,0.0,1.0,4119
11,8,age_bin,shuffled,0.01,0.0001,1.37695,0.34717,4119
11,8,gender,ema_lr1e-3,0.001,0.0001,0.94925,0.51056,4119
11,8,gender,ema_lr5e-3,0.005,0.0001,0.94179,0.5091,4119
11,8,gender,ema_lr1e-2,0.01,0.0001,0.88435,0.52294,4119
11,8,gender,ema_lr5e-2,0.05,0.0001,1.04545,0.52998,4119
11,8,gender,ema_lr1e-2_wd1e-3,0.01,0.001,0.94416,0.50109,4119
11,8,gender,ema_d0.99,0.01,0.0001,0.92732,0.50279,4119
11,8,gender,ema_d0.9999,0.01,0.0001,0.95118,0.48167,4119
11,8,gender,mlp_h16,0.001,0.0,0.70663,0.49721,4119
11,8,gender,mlp_h32,0.001,0.0,0.69463,0.53678,4119
11,8,gender,mlp_h64,0.001,0.0,0.69028,0.53775,4119
11,8,gender,mlp_h128,0.001,0.0,0.69259,0.54091,4119
11,8,gender,attention,0.0001,1e-05,0.70863,0.54688,4119
11,8,gender,shuffled,0.01,0.0001,0.9548,0.49284,4119
11,8,star_sign,ema_lr1e-3,0.001,0.0001,3.18993,0.07647,4119
11,8,star_sign,ema_lr5e-3,0.005,0.0001,3.06454,0.08667,4119
11,8,star_sign,ema_lr1e-2,0.01,0.0001,2.99984,0.09978,4119
11,8,star_sign,ema_lr5e-2,0.05,0.0001,2.52593,0.18208,4119
11,8,star_sign,ema_lr1e-2_wd1e-3,0.01,0.001,3.03211,0.08813,4119
11,8,star_sign,ema_d0.99,0.01,0.0001,2.96965,0.09784,4119
11,8,star_sign,ema_d0.9999,0.01,0.0001,2.97944,0.10949,4119
11,8,star_sign,mlp_h16,0.001,0.0,1.62868,0.86235,4119
11,8,star_sign,mlp_h32,0.001,0.0,1.29312,0.99466,4119
11,8,star_sign,mlp_h64,0.001,0.0,0.62061,1.0,4119
11,8,star_sign,mlp_h128,0.001,0.0,0.09677,1.0,4119
11,8,star_sign,attention,0.0001,1e-05,24.23898,0.0,4119
11,8,star_sign,shuffled,0.01,0.0001,2.98958,0.08764,4119
11,12,age_bin,ema_lr1e-3,0.001,0.0001,1.53364,0.31003,4119
11,12,age_bin,ema_lr5e-3,0.005,0.0001,1.49919,0.35203,4119
11,12,age_bin,ema_lr1e-2,0.01,0.0001,1.43167,0.353,4119
11,12,age_bin,ema_lr5e-2,0.05,0.0001,1.06909,0.50546,4119
11,12,age_bin,ema_lr1e-2_wd1e-3,0.01,0.001,1.46231,0.36368,4119
11,12,age_bin,ema_d0.99,0.01,0.0001,1.39411,0.37995,4119
11,12,age_bin,ema_d0.9999,0.01,0.0001,1.39346,0.36368,4119
11,12,age_bin,mlp_h16,0.001,0.0,0.28867,0.99903,4119
11,12,age_bin,mlp_h32,0.001,0.0,0.24376,1.0,4119
11,12,age_bin,mlp_h64,0.001,0.0,0.21085,1.0,4119
11,12,age_bin,mlp_h128,0.001,0.0,0.03127,1.0,4119
11,12,age_bin,attention,0.0001,1e-05,0.0136,1.0,4119
11,12,age_bin,shuffled,0.01,0.0001,1.38588,0.39209,4119
11,12,gender,ema_lr1e-3,0.001,0.0001,1.03621,0.49478,4119
11,12,gender,ema_lr5e-3,0.005,0.0001,0.89419,0.521,4119
11,12,gender,ema_lr1e-2,0.01,0.0001,0.90962,0.52391,4119
11,12,gender,ema_lr5e-2,0.05,0.0001,0.97154,0.50352,4119
11,12,gender,ema_lr1e-2_wd1e-3,0.01,0.001,1.00289,0.48458,4119
11,12,gender,ema_d0.99,0.01,0.0001,0.91639,0.50182,4119
11,12,gender,ema_d0.9999,0.01,0.0001,0.99196,0.47463,4119
11,12,gender,mlp_h16,0.001,0.0,0.69004,0.54868,4119
11,12,gender,mlp_h32,0.001,0.0,0.69114,0.53193,4119
11,12,gender,mlp_h64,0.001,0.0,0.69727,0.53532,4119
11,12,gender,mlp_h128,0.001,0.0,0.70207,0.52731,4119
11,12,gender,attention,0.0001,1e-05,0.74219,0.57031,4119
11,12,gender,shuffled,0.01,0.0001,0.9522,0.50182,4119
11,12,star_sign,ema_lr1e-3,0.001,0.0001,3.27039,0.10269,4119
11,12,star_sign,ema_lr5e-3,0.005,0.0001,3.10557,0.10415,4119
11,12,star_sign,ema_lr1e-2,0.01,0.0001,3.05701,0.09493,4119
11,12,star_sign,ema_lr5e-2,0.05,0.0001,2.54031,0.19277,4119
11,12,star_sign,ema_lr1e-2_wd1e-3,0.01,0.001,3.073,0.09007,4119
11,12,star_sign,ema_d0.99,0.01,0.0001,3.05881,0.07745,4119
11,12,star_sign,ema_d0.9999,0.01,0.0001,3.11561,0.08254,4119
11,12,star_sign,mlp_h16,0.001,0.0,1.14407,0.95727,4119
11,12,star_sign,mlp_h32,0.001,0.0,1.37481,0.97669,4119
11,12,star_sign,mlp_h64,0.001,0.0,0.40518,1.0,4119
11,12,star_sign,mlp_h128,0.001,0.0,0.18265,1.0,4119
11,12,star_sign,attention,0.0001,1e-05,0.0103,1.0,4119
11,12,star_sign,shuffled,0.01,0.0001,3.02641,0.08376,4119
11,16,age_bin,ema_lr1e-3,0.001,0.0001,1.65576,0.30687,4119
11,16,age_bin,ema_lr5e-3,0.005,0.0001,1.43938,0.35664,4119
11,16,age_bin,ema_lr1e-2,0.01,0.0001,1.38034,0.35518,4119
11,16,age_bin,ema_lr5e-2,0.05,0.0001,1.05897,0.49915,4119
11,16,age_bin,ema_lr1e-2_wd1e-3,0.01,0.001,1.38149,0.39087,4119
11,16,age_bin,ema_d0.99,0.01,0.0001,1.37631,0.36271,4119
11,16,age_bin,ema_d0.9999,0.01,0.0001,1.41638,0.3411,4119
11,16,age_bin,mlp_h16,0.001,0.0,0.56759,0.89318,4119
11,16,age_bin,mlp_h32,0.001,0.0,0.15309,1.0,4119
11,16,age_bin,mlp_h64,0.001,0.0,0.03631,1.0,4119
11,16,age_bin,mlp_h128,0.001,0.0,0.02142,1.0,4119
11,16,age_bin,attention,0.0001,1e-05,0.00029,1.0,4119
11,16,age_bin,shuffled,0.01,0.0001,1.39923,0.37533,4119
11,16,gender,ema_lr1e-3,0.001,0.0001,1.07521,0.48871,4119
11,16,gender,ema_lr5e-3,0.005,0.0001,1.00194,0.49769,4119
11,16,gender,ema_lr1e-2,0.01,0.0001,0.95645,0.50886,4119
11,16,gender,ema_lr5e-2,0.05,0.0001,0.8153,0.54406,4119
11,16,gender,ema_lr1e-2_wd1e-3,0.01,0.001,0.94797,0.50012,4119
11,16,gender,ema_d0.99,0.01,0.0001,0.97139,0.48798,4119
11,16,gender,ema_d0.9999,0.01,0.0001,0.98068,0.48191,4119
11,16,gender,mlp_h16,0.001,0.0,0.69043,0.5528,4119
11,16,gender,mlp_h32,0.001,0.0,0.69266,0.54795,4119
11,16,gender,mlp_h64,0.001,0.0,0.69434,0.5596,4119
11,16,gender,mlp_h128,0.001,0.0,0.70493,0.55305,4119
11,16,gender,attention,0.0001,1e-05,0.77621,0.58594,4119
11,16,gender,shuffled,0.01,0.0001,0.9386,0.48653,4119
11,16,star_sign,ema_lr1e-3,0.001,0.0001,3.19745,0.07623,4119
11,16,star_sign,ema_lr5e-3,0.005,0.0001,3.14267,0.09784,4119
11,16,star_sign,ema_lr1e-2,0.01,0.0001,3.12561,0.09323,4119
11,16,star_sign,ema_lr5e-2,0.05,0.0001,2.58302,0.19446,4119
11,16,star_sign,ema_lr1e-2_wd1e-3,0.01,0.001,3.16461,0.09104,4119
11,16,star_sign,ema_d0.99,0.01,0.0001,3.07271,0.09687,4119
11,16,star_sign,ema_d0.9999,0.01,0.0001,3.06925,0.10852,4119
11,16,star_sign,mlp_h16,0.001,0.0,1.35311,0.81913,4119
11,16,star_sign,mlp_h32,0.001,0.0,1.05915,0.9109,4119
11,16,star_sign,mlp_h64,0.001,0.0,0.68387,0.9864,4119
11,16,star_sign,mlp_h128,0.001,0.0,0.06365,1.0,4119
11,16,star_sign,attention,0.0001,1e-05,0.00038,1.0,4119
11,16,star_sign,shuffled,0.01,0.0001,3.05484,0.09031,4119
12,0,age_bin,ema_lr1e-3,0.001,0.0001,1.60727,0.27619,4019
12,0,age_bin,ema_lr5e-3,0.005,0.0001,1.48166,0.40806,4019
12,0,age_bin,ema_lr1e-2,0.01,0.0001,1.39455,0.43046,4019
12,0,age_bin,ema_lr5e-2,0.05,0.0001,1.00795,0.64842,4019
12,0,age_bin,ema_lr1e-2_wd1e-3,0.01,0.001,1.406,0.32496,4019
12,0,age_bin,ema_d0.99,0.01,0.0001,1.42753,0.39935,4019
12,0,age_bin,ema_d0.9999,0.01,0.0001,1.42602,0.30555,4019
12,0,age_bin,mlp_h16,0.001,0.0,0.3205,0.9995,4019
12,0,age_bin,mlp_h32,0.001,0.0,0.29653,0.99975,4019
12,0,age_bin,mlp_h64,0.001,0.0,0.13391,1.0,4019
12,0,age_bin,mlp_h128,0.001,0.0,0.05016,1.0,4019
12,0,age_bin,attention,0.0001,1e-05,1.04342,1.0,4019
12,0,age_bin,shuffled,0.01,0.0001,1.41837,0.37447,4019
12,0,gender,ema_lr1e-3,0.001,0.0001,0.99874,0.49241,4019
12,0,gender,ema_lr5e-3,0.005,0.0001,1.02343,0.48992,4019
12,0,gender,ema_lr1e-2,0.01,0.0001,0.96457,0.49067,4019
12,0,gender,ema_lr5e-2,0.05,0.0001,0.88142,0.49664,4019
12,0,gender,ema_lr1e-2_wd1e-3,0.01,0.001,0.96723,0.4832,4019
12,0,gender,ema_d0.99,0.01,0.0001,0.93493,0.50435,4019
12,0,gender,ema_d0.9999,0.01,0.0001,0.97575,0.48967,4019
12,0,gender,mlp_h16,0.001,0.0,0.69947,0.5046,4019
12,0,gender,mlp_h32,0.001,0.0,0.70167,0.5046,4019
12,0,gender,mlp_h64,0.001,0.0,0.70127,0.51232,4019
12,0,gender,mlp_h128,0.001,0.0,0.70482,0.51456,4019
12,0,gender,attention,0.0001,1e-05,0.69355,0.44531,4019
12,0,gender,shuffled,0.01,0.0001,0.95102,0.49166,4019
12,0,star_sign,ema_lr1e-3,0.001,0.0001,3.30569,0.04454,4019
12,0,star_sign,ema_lr5e-3,0.005,0.0001,3.16134,0.06867,4019
12,0,star_sign,ema_lr1e-2,0.01,0.0001,3.05509,0.06569,4019
12,0,star_sign,ema_lr5e-2,0.05,0.0001,2.53525,0.36402,4019
12,0,star_sign,ema_lr1e-2_wd1e-3,0.01,0.001,3.05843,0.09331,4019
12,0,star_sign,ema_d0.99,0.01,0.0001,3.08989,0.15775,4019
12,0,star_sign,ema_d0.9999,0.01,0.0001,3.07969,0.04976,4019
12,0,star_sign,mlp_h16,0.001,0.0,1.15339,0.99104,4019
12,0,star_sign,mlp_h32,0.001,0.0,1.09621,0.96218,4019
12,0,star_sign,mlp_h64,0.001,0.0,0.62094,0.99975,4019
12,0,star_sign,mlp_h128,0.001,0.0,0.21081,1.0,4019
12,0,star_sign,attention,0.0001,1e-05,2.39911,1.0,4019
12,0,star_sign,shuffled,0.01,0.0001,3.05982,0.08534,4019
12,4,age_bin,ema_lr1e-3,0.001,0.0001,1.46082,0.34586,4019
12,4,age_bin,ema_lr5e-3,0.005,0.0001,1.42252,0.31426,4019
12,4,age_bin,ema_lr1e-2,0.01,0.0001,1.39298,0.369,4019
12,4,age_bin,ema_lr5e-2,0.05,0.0001,1.30694,0.72456,4019
12,4,age_bin,ema_lr1e-2_wd1e-3,0.01,0.001,1.38485,0.34461,4019
12,4,age_bin,ema_d0.99,0.01,0.0001,1.35056,0.35407,4019
12,4,age_bin,ema_d0.9999,0.01,0.0001,1.34816,0.37895,4019
12,4,age_bin,mlp_h16,0.001,0.0,0.28982,1.0,4019
12,4,age_bin,mlp_h32,0.001,0.0,0.35189,1.0,4019
12,4,age_bin,mlp_h64,0.001,0.0,0.03803,1.0,4019
12,4,age_bin,mlp_h128,0.001,0.0,0.02065,1.0,4019
12,4,age_bin,attention,0.0001,1e-05,0.0,1.0,4019
12,4,age_bin,shuffled,0.01,0.0001,1.31525,0.36352,4019
12,4,gender,ema_lr1e-3,0.001,0.0001,0.94742,0.51157,4019
12,4,gender,ema_lr5e-3,0.005,0.0001,0.9458,0.49266,4019
12,4,gender,ema_lr1e-2,0.01,0.0001,0.95283,0.49117,4019
12,4,gender,ema_lr5e-2,0.05,0.0001,1.18272,0.52849,4019
12,4,gender,ema_lr1e-2_wd1e-3,0.01,0.001,0.86797,0.52277,4019
12,4,gender,ema_d0.99,0.01,0.0001,0.90422,0.50908,4019
12,4,gender,ema_d0.9999,0.01,0.0001,0.93074,0.49664,4019
12,4,gender,mlp_h16,0.001,0.0,0.70315,0.50709,4019
12,4,gender,mlp_h32,0.001,0.0,0.71179,0.48271,4019
12,4,gender,mlp_h64,0.001,0.0,0.72522,0.49166,4019
12,4,gender,mlp_h128,0.001,0.0,0.73828,0.48097,4019
12,4,gender,attention,0.0001,1e-05,0.71079,0.46875,4019
12,4,gender,shuffled,0.01,0.0001,0.94845,0.49739,4019
12,4,star_sign,ema_lr1e-3,0.001,0.0001,3.26306,0.06942,4019
12,4,star_sign,ema_lr5e-3,0.005,0.0001,3.01427,0.09704,4019
12,4,star_sign,ema_lr1e-2,0.01,0.0001,2.92018,0.09356,4019
12,4,star_sign,ema_lr5e-2,0.05,0.0001,2.44645,0.18686,4019
12,4,star_sign,ema_lr1e-2_wd1e-3,0.01,0.001,2.91579,0.10027,4019
12,4,star_sign,ema_d0.99,0.01,0.0001,2.92437,0.09405,4019
12,4,star_sign,ema_d0.9999,0.01,0.0001,2.91787,0.11247,4019
12,4,star_sign,mlp_h16,0.001,0.0,1.5034,0.85469,4019
12,4,star_sign,mlp_h32,0.001,0.0,0.83173,1.0,4019
12,4,star_sign,mlp_h64,0.001,0.0,0.35095,1.0,4019
12,4,star_sign,mlp_h128,0.001,0.0,0.05854,1.0,4019
12,4,star_sign,attention,0.0001,1e-05,0.07237,1.0,4019
12,4,star_sign,shuffled,0.01,0.0001,2.95761,0.10027,4019
12,8,age_bin,ema_lr1e-3,0.001,0.0001,1.5812,0.35481,4019
12,8,age_bin,ema_lr5e-3,0.005,0.0001,1.50068,0.32297,4019
12,8,age_bin,ema_lr1e-2,0.01,0.0001,1.37379,0.38019,4019
12,8,age_bin,ema_lr5e-2,0.05,0.0001,1.22398,0.42274,4019
12,8,age_bin,ema_lr1e-2_wd1e-3,0.01,0.001,1.38739,0.36726,4019
12,8,age_bin,ema_d0.99,0.01,0.0001,1.41237,0.35506,4019
12,8,age_bin,ema_d0.9999,0.01,0.0001,1.37274,0.37422,4019
12,8,age_bin,mlp_h16,0.001,0.0,0.88639,0.23339,4019
12,8,age_bin,mlp_h32,0.001,0.0,0.171,1.0,4019
12,8,age_bin,mlp_h64,0.001,0.0,0.0496,1.0,4019
12,8,age_bin,mlp_h128,0.001,0.0,0.02847,1.0,4019
12,8,age_bin,attention,0.0001,1e-05,0.0,1.0,4019
12,8,age_bin,shuffled,0.01,0.0001,1.34102,0.37422,4019
12,8,gender,ema_lr1e-3,0.001,0.0001,0.98215,0.49565,4019
12,8,gender,ema_lr5e-3,0.005,0.0001,0.9852,0.49589,4019
12,8,gender,ema_lr1e-2,0.01,0.0001,0.91885,0.51406,4019
12,8,gender,ema_lr5e-2,0.05,0.0001,1.06245,0.49938,4019
12,8,gender,ema_lr1e-2_wd1e-3,0.01,0.001,0.91986,0.51729,4019
12,8,gender,ema_d0.99,0.01,0.0001,0.95259,0.4939,4019
12,8,gender,ema_d0.9999,0.01,0.0001,0.93904,0.49191,4019
12,8,gender,mlp_h16,0.001,0.0,0.6993,0.50958,4019
12,8,gender,mlp_h32,0.001,0.0,0.71474,0.50112,4019
12,8,gender,mlp_h64,0.001,0.0,0.71368,0.5046,4019
12,8,gender,mlp_h128,0.001,0.0,0.73084,0.49714,4019
12,8,gender,attention,0.0001,1e-05,0.70628,0.48438,4019
12,8,gender,shuffled,0.01,0.0001,0.9619,0.49988,4019
12,8,star_sign,ema_lr1e-3,0.001,0.0001,3.18866,0.07539,4019
12,8,star_sign,ema_lr5e-3,0.005,0.0001,3.06064,0.08908,4019
12,8,star_sign,ema_lr1e-2,0.01,0.0001,2.9688,0.08933,4019
12,8,star_sign,ema_lr5e-2,0.05,0.0001,2.50334,0.18263,4019
12,8,star_sign,ema_lr1e-2_wd1e-3,0.01,0.001,2.94501,0.10898,4019
12,8,star_sign,ema_d0.99,0.01,0.0001,3.00216,0.09978,4019
12,8,star_sign,ema_d0.9999,0.01,0.0001,2.97426,0.10301,4019
12,8,star_sign,mlp_h16,0.001,0.0,1.53318,0.88106,4019
12,8,star_sign,mlp_h32,0.001,0.0,1.16515,0.99851,4019
12,8,star_sign,mlp_h64,0.001,0.0,0.48752,1.0,4019
12,8,star_sign,mlp_h128,0.001,0.0,0.05986,1.0,4019
12,8,star_sign,attention,0.0001,1e-05,15.59558,0.0,4019
12,8,star_sign,shuffled,0.01,0.0001,2.99451,0.08982,4019
12,12,age_bin,ema_lr1e-3,0.001,0.0001,1.52756,0.31625,4019
12,12,age_bin,ema_lr5e-3,0.005,0.0001,1.47348,0.35705,4019
12,12,age_bin,ema_lr1e-2,0.01,0.0001,1.37018,0.38467,4019
12,12,age_bin,ema_lr5e-2,0.05,0.0001,1.13555,0.45658,4019
12,12,age_bin,ema_lr1e-2_wd1e-3,0.01,0.001,1.47919,0.35681,4019
12,12,age_bin,ema_d0.99,0.01,0.0001,1.3773,0.39662,4019
12,12,age_bin,ema_d0.9999,0.01,0.0001,1.39887,0.36576,4019
12,12,age_bin,mlp_h16,0.001,0.0,0.24743,0.99975,4019
12,12,age_bin,mlp_h32,0.001,0.0,0.20326,1.0,4019
12,12,age_bin,mlp_h64,0.001,0.0,0.16869,1.0,4019
12,12,age_bin,mlp_h128,0.001,0.0,0.02103,1.0,4019
12,12,age_bin,attention,0.0001,1e-05,0.0094,1.0,4019
12,12,age_bin,shuffled,0.01,0.0001,1.36909,0.3792,4019
12,12,gender,ema_lr1e-3,0.001,0.0001,0.98364,0.52127,4019
12,12,gender,ema_lr5e-3,0.005,0.0001,0.97204,0.48644,4019
12,12,gender,ema_lr1e-2,0.01,0.0001,0.93528,0.50286,4019
12,12,gender,ema_lr5e-2,0.05,0.0001,0.9655,0.49614,4019
12,12,gender,ema_lr1e-2_wd1e-3,0.01,0.001,1.00075,0.47325,4019
12,12,gender,ema_d0.99,0.01,0.0001,0.96295,0.47773,4019
12,12,gender,ema_d0.9999,0.01,0.0001,0.94374,0.50261,4019
12,12,gender,mlp_h16,0.001,0.0,0.6994,0.51779,4019
12,12,gender,mlp_h32,0.001,0.0,0.70588,0.50834,4019
12,12,gender,mlp_h64,0.001,0.0,0.6972,0.54168,4019
12,12,gender,mlp_h128,0.001,0.0,0.70678,0.53819,4019
12,12,gender,attention,0.0001,1e-05,0.71639,0.50781,4019
12,12,gender,shuffled,0.01,0.0001,0.94765,0.50336,4019
12,12,star_sign,ema_lr1e-3,0.001,0.0001,3.16757,0.10699,4019
12,12,star_sign,ema_lr5e-3,0.005,0.0001,3.16363,0.0948,4019
12,12,star_sign,ema_lr1e-2,0.01,0.0001,3.06672,0.0953,4019
12,12,star_sign,ema_lr5e-2,0.05,0.0001,2.50801,0.19532,4019
12,12,star_sign,ema_lr1e-2_wd1e-3,0.01,0.001,3.01632,0.08908,4019
12,12,star_sign,ema_d0.99,0.01,0.0001,3.07676,0.09704,4019
12,12,star_sign,ema_d0.9999,0.01,0.0001,3.02399,0.09704,4019
12,12,star_sign,mlp_h16,0.001,0.0,1.05664,0.96467,4019
12,12,star_sign,mlp_h32,0.001,0.0,1.24291,0.98507,4019
12,12,star_sign,mlp_h64,0.001,0.0,0.304,1.0,4019
12,12,star_sign,mlp_h128,0.001,0.0,0.12148,1.0,4019
12,12,star_sign,attention,0.0001,1e-05,0.00705,1.0,4019
12,12,star_sign,shuffled,0.01,0.0001,3.07668,0.08286,4019
12,16,age_bin,ema_lr1e-3,0.001,0.0001,1.59323,0.3272,4019
12,16,age_bin,ema_lr5e-3,0.005,0.0001,1.54874,0.34959,4019
12,16,age_bin,ema_lr1e-2,0.01,0.0001,1.44376,0.34063,4019
12,16,age_bin,ema_lr5e-2,0.05,0.0001,0.99577,0.53969,4019
12,16,age_bin,ema_lr1e-2_wd1e-3,0.01,0.001,1.44018,0.37771,4019
12,16,age_bin,ema_d0.99,0.01,0.0001,1.43148,0.34984,4019
12,16,age_bin,ema_d0.9999,0.01,0.0001,1.41398,0.35083,4019
12,16,age_bin,mlp_h16,0.001,0.0,0.52701,0.90794,4019
12,16,age_bin,mlp_h32,0.001,0.0,0.12979,1.0,4019
12,16,age_bin,mlp_h64,0.001,0.0,0.02747,1.0,4019
12,16,age_bin,mlp_h128,0.001,0.0,0.01559,1.0,4019
12,16,age_bin,attention,0.0001,1e-05,0.00019,1.0,4019
12,16,age_bin,shuffled,0.01,0.0001,1.45409,0.36352,4019
12,16,gender,ema_lr1e-3,0.001,0.0001,0.99368,0.52948,4019
12,16,gender,ema_lr5e-3,0.005,0.0001,1.02618,0.48793,4019
12,16,gender,ema_lr1e-2,0.01,0.0001,0.94095,0.50858,4019
12,16,gender,ema_lr5e-2,0.05,0.0001,0.88692,0.50908,4019
12,16,gender,ema_lr1e-2_wd1e-3,0.01,0.001,0.95474,0.48719,4019
12,16,gender,ema_d0.99,0.01,0.0001,0.95101,0.50012,4019
12,16,gender,ema_d0.9999,0.01,0.0001,0.97246,0.49838,4019
12,16,gender,mlp_h16,0.001,0.0,0.7051,0.51829,4019
12,16,gender,mlp_h32,0.001,0.0,0.69807,0.54018,4019
12,16,gender,mlp_h64,0.001,0.0,0.71022,0.52774,4019
12,16,gender,mlp_h128,0.001,0.0,0.71683,0.51779,4019
12,16,gender,attention,0.0001,1e-05,0.90866,0.42188,4019
12,16,gender,shuffled,0.01,0.0001,0.90889,0.50411,4019
12,16,star_sign,ema_lr1e-3,0.001,0.0001,3.22114,0.07788,4019
12,16,star_sign,ema_lr5e-3,0.005,0.0001,3.22466,0.09356,4019
12,16,star_sign,ema_lr1e-2,0.01,0.0001,3.10649,0.08957,4019
12,16,star_sign,ema_lr5e-2,0.05,0.0001,2.59794,0.18562,4019
12,16,star_sign,ema_lr1e-2_wd1e-3,0.01,0.001,3.04973,0.10351,4019
12,16,star_sign,ema_d0.99,0.01,0.0001,3.12768,0.08783,4019
12,16,star_sign,ema_d0.9999,0.01,0.0001,3.16218,0.09405,4019
12,16,star_sign,mlp_h16,0.001,0.0,1.2588,0.85693,4019
12,16,star_sign,mlp_h32,0.001,0.0,0.95057,0.93531,4019
12,16,star_sign,mlp_h64,0.001,0.0,0.57723,0.99453,4019
12,16,star_sign,mlp_h128,0.001,0.0,0.044,1.0,4019
12,16,star_sign,attention,0.0001,1e-05,0.00092,1.0,4019
12,16,star_sign,shuffled,0.01,0.0001,3.20705,0.08335,4019
13,0,age_bin,ema_lr1e-3,0.001,0.0001,1.61069,0.31849,4358
13,0,age_bin,ema_lr5e-3,0.005,0.0001,1.46452,0.40592,4358
13,0,age_bin,ema_lr1e-2,0.01,0.0001,1.36227,0.43414,4358
13,0,age_bin,ema_lr5e-2,0.05,0.0001,0.98143,0.67439,4358
13,0,age_bin,ema_lr1e-2_wd1e-3,0.01,0.001,1.37332,0.35016,4358
13,0,age_bin,ema_d0.99,0.01,0.0001,1.41494,0.43644,4358
13,0,age_bin,ema_d0.9999,0.01,0.0001,1.40064,0.31987,4358
13,0,age_bin,mlp_h16,0.001,0.0,0.28443,0.99954,4358
13,0,age_bin,mlp_h32,0.001,0.0,0.25382,0.99977,4358
13,0,age_bin,mlp_h64,0.001,0.0,0.10688,1.0,4358
13,0,age_bin,mlp_h128,0.001,0.0,0.03675,1.0,4358
13,0,age_bin,attention,0.0001,1e-05,1.04006,1.0,4358
13,0,age_bin,shuffled,0.01,0.0001,1.4276,0.35406,4358
13,0,gender,ema_lr1e-3,0.001,0.0001,0.96253,0.52019,4358
13,0,gender,ema_lr5e-3,0.005,0.0001,0.98325,0.50161,4358
13,0,gender,ema_lr1e-2,0.01,0.0001,0.94048,0.51354,4358
13,0,gender,ema_lr5e-2,0.05,0.0001,0.87729,0.49289,4358
13,0,gender,ema_lr1e-2_wd1e-3,0.01,0.001,0.91734,0.5156,4358
13,0,gender,ema_d0.99,0.01,0.0001,0.94863,0.5078,4358
13,0,gender,ema_d0.9999,0.01,0.0001,0.94467,0.49656,4358
13,0,gender,mlp_h16,0.001,0.0,0.69669,0.50138,4358
13,0,gender,mlp_h32,0.001,0.0,0.7034,0.49656,4358
13,0,gender,mlp_h64,0.001,0.0,0.70402,0.50321,4358
13,0,gender,mlp_h128,0.001,0.0,0.70582,0.50229,4358
13,0,gender,attention,0.0001,1e-05,0.69341,0.47656,4358
13,0,gender,shuffled,0.01,0.0001,0.95332,0.5,4358
13,0,star_sign,ema_lr1e-3,0.001,0.0001,3.25289,0.04796,4358
13,0,star_sign,ema_lr5e-3,0.005,0.0001,3.14491,0.06173,4358
13,0,star_sign,ema_lr1e-2,0.01,0.0001,3.0493,0.06586,4358
13,0,star_sign,ema_lr5e-2,0.05,0.0001,2.46105,0.36852,4358
13,0,star_sign,ema_lr1e-2_wd1e-3,0.01,0.001,3.04659,0.09454,4358
13,0,star_sign,ema_d0.99,0.01,0.0001,3.06048,0.16292,4358
13,0,star_sign,ema_d0.9999,0.01,0.0001,3.04371,0.05874,4358
13,0,star_sign,mlp_h16,0.001,0.0,1.07379,0.99656,4358
13,0,star_sign,mlp_h32,0.001,0.0,0.98572,0.97017,4358
13,0,star_sign,mlp_h64,0.001,0.0,0.51817,0.99931,4358
13,0,star_sign,mlp_h128,0.001,0.0,0.14773,1.0,4358
13,0,star_sign,attention,0.0001,1e-05,2.39381,1.0,4358
13,0,star_sign,shuffled,0.01,0.0001,3.0219,0.08765,4358
13,4,age_bin,ema_lr1e-3,0.001,0.0001,1.45781,0.34534,4358
13,4,age_bin,ema_lr5e-3,0.005,0.0001,1.4473,0.30427,4358
13,4,age_bin,ema_lr1e-2,0.01,0.0001,1.34453,0.38343,4358
13,4,age_bin,ema_lr5e-2,0.05,0.0001,1.05273,0.50023,4358
13,4,age_bin,ema_lr1e-2_wd1e-3,0.01,0.001,1.28054,0.40615,4358
13,4,age_bin,ema_d0.99,0.01,0.0001,1.31245,0.35934,4358
13,4,age_bin,ema_d0.9999,0.01,0.0001,1.32306,0.38802,4358
13,4,age_bin,mlp_h16,0.001,0.0,0.25353,1.0,4358
13,4,age_bin,mlp_h32,0.001,0.0,0.31042,1.0,4358
13,4,age_bin,mlp_h64,0.001,0.0,0.02811,1.0,4358
13,4,age_bin,mlp_h128,0.001,0.0,0.01468,1.0,4358
13,4,age_bin,attention,0.0001,1e-05,0.0,1.0,4358
13,4,age_bin,shuffled,0.01,0.0001,1.30043,0.36255,4358
13,4,gender,ema_lr1e-3,0.001,0.0001,0.948,0.51056,4358
13,4,gender,ema_lr5e-3,0.005,0.0001,0.93696,0.49839,4358
13,4,gender,ema_lr1e-2,0.01,0.0001,0.91425,0.5101,4358
13,4,gender,ema_lr5e-2,0.05,0.0001,1.08043,0.51446,4358
13,4,gender,ema_lr1e-2_wd1e-3,0.01,0.001,0.91949,0.49174,4358
13,4,gender,ema_d0.99,0.01,0.0001,0.89866,0.49954,4358
13,4,gender,ema_d0.9999,0.01,0.0001,0.93927,0.49335,4358
13,4,gender,mlp_h16,0.001,0.0,0.70007,0.51721,4358
13,4,gender,mlp_h32,0.001,0.0,0.69722,0.52226,4358
13,4,gender,mlp_h64,0.001,0.0,0.69986,0.52524,4358
13,4,gender,mlp_h128,0.001,0.0,0.73181,0.51744,4358
13,4,gender,attention,0.0001,1e-05,0.72777,0.44531,4358
13,4,gender,shuffled,0.01,0.0001,0.95427,0.49495,4358
13,4,star_sign,ema_lr1e-3,0.001,0.0001,3.22099,0.07412,4358
13,4,star_sign,ema_lr5e-3,0.005,0.0001,2.9371,0.09615,4358
13,4,star_sign,ema_lr1e-2,0.01,0.0001,2.88811,0.09913,4358
13,4,star_sign,ema_lr5e-2,0.05,0.0001,2.38941,0.23291,4358
13,4,star_sign,ema_lr1e-2_wd1e-3,0.01,0.001,2.88263,0.10234,4358
13,4,star_sign,ema_d0.99,0.01,0.0001,2.9032,0.09821,4358
13,4,star_sign,ema_d0.9999,0.01,0.0001,2.9013,0.10716,4358
13,4,star_sign,mlp_h16,0.001,0.0,1.43844,0.88963,4358
13,4,star_sign,mlp_h32,0.001,0.0,0.72027,1.0,4358
13,4,star_sign,mlp_h64,0.001,0.0,0.27289,1.0,4358
13,4,star_sign,mlp_h128,0.001,0.0,0.03785,1.0,4358
13,4,star_sign,attention,0.0001,1e-05,0.05652,1.0,4358
13,4,star_sign,shuffled,0.01,0.0001,2.93516,0.10326,4358
13,8,age_bin,ema_lr1e-3,0.001,0.0001,1.51395,0.35544,4358
13,8,age_bin,ema_lr5e-3,0.005,0.0001,1.48496,0.33708,4358
13,8,age_bin,ema_lr1e-2,0.01,0.0001,1.31784,0.39995,4358
13,8,age_bin,ema_lr5e-2,0.05,0.0001,1.14363,0.64617,4358
13,8,age_bin,ema_lr1e-2_wd1e-3,0.01,0.001,1.36763,0.36645,4358
13,8,age_bin,ema_d0.99,0.01,0.0001,1.34337,0.38527,4358
13,8,age_bin,ema_d0.9999,0.01,0.0001,1.34777,0.37242,4358
13,8,age_bin,mlp_h16,0.001,0.0,0.85412,0.2967,4358
13,8,age_bin,mlp_h32,0.001,0.0,0.13802,1.0,4358
13,8,age_bin,mlp_h64,0.001,0.0,0.03778,1.0,4358
13,8,age_bin,mlp_h128,0.001,0.0,0.02018,1.0,4358
13,8,age_bin,attention,0.0001,1e-05,0.0,1.0,4358
13,8,age_bin,shuffled,0.01,0.0001,1.35109,0.36278,4358
13,8,gender,ema_lr1e-3,0.001,0.0001,0.96194,0.50849,4358
13,8,gender,ema_lr5e-3,0.005,0.0001,0.99536,0.49013,4358
13,8,gender,ema_lr1e-2,0.01,0.0001,0.92101,0.50138,4358
13,8,gender,ema_lr5e-2,0.05,0.0001,1.07499,0.51606,4358
13,8,gender,ema_lr1e-2_wd1e-3,0.01,0.001,0.97014,0.48417,4358
13,8,gender,ema_d0.99,0.01,0.0001,0.94877,0.48876,4358
13,8,gender,ema_d0.9999,0.01,0.0001,0.92057,0.4938,4358
13,8,gender,mlp_h16,0.001,0.0,0.7046,0.50069,4358
13,8,gender,mlp_h32,0.001,0.0,0.70958,0.52685,4358
13,8,gender,mlp_h64,0.001,0.0,0.70009,0.52639,4358
13,8,gender,mlp_h128,0.001,0.0,0.71275,0.52111,4358
13,8,gender,attention,0.0001,1e-05,0.72829,0.47656,4358
13,8,gender,shuffled,0.01,0.0001,0.95285,0.49312,4358
13,8,star_sign,ema_lr1e-3,0.001,0.0001,3.1614,0.0771,4358
13,8,star_sign,ema_lr5e-3,0.005,0.0001,2.99926,0.0911,4358
13,8,star_sign,ema_lr1e-2,0.01,0.0001,2.96341,0.10073,4358
13,8,star_sign,ema_lr5e-2,0.05,0.0001,2.3813,0.21363,4358
13,8,star_sign,ema_lr1e-2_wd1e-3,0.01,0.001,2.94662,0.08788,4358
13,8,star_sign,ema_d0.99,0.01,0.0001,2.97531,0.08398,4358
13,8,star_sign,ema_d0.9999,0.01,0.0001,2.9725,0.10808,4358
13,8,star_sign,mlp_h16,0.001,0.0,1.42709,0.90087,4358
13,8,star_sign,mlp_h32,0.001,0.0,1.06898,0.99885,4358
13,8,star_sign,mlp_h64,0.001,0.0,0.37529,1.0,4358
13,8,star_sign,mlp_h128,0.001,0.0,0.03856,1.0,4358
13,8,star_sign,attention,0.0001,1e-05,7.46372,0.0,4358
13,8,star_sign,shuffled,0.01,0.0001,2.97081,0.09867,4358
13,12,age_bin,ema_lr1e-3,0.001,0.0001,1.53051,0.30381,4358
13,12,age_bin,ema_lr5e-3,0.005,0.0001,1.50736,0.34695,4358
13,12,age_bin,ema_lr1e-2,0.01,0.0001,1.41605,0.36232,4358
13,12,age_bin,ema_lr5e-2,0.05,0.0001,1.04109,0.60028,4358
13,12,age_bin,ema_lr1e-2_wd1e-3,0.01,0.001,1.38835,0.39078,4358
13,12,age_bin,ema_d0.99,0.01,0.0001,1.38595,0.38687,4358
13,12,age_bin,ema_d0.9999,0.01,0.0001,1.38131,0.36691,4358
13,12,age_bin,mlp_h16,0.001,0.0,0.21457,0.99977,4358
13,12,age_bin,mlp_h32,0.001,0.0,0.17368,1.0,4358
13,12,age_bin,mlp_h64,0.001,0.0,0.14001,1.0,4358
13,12,age_bin,mlp_h128,0.001,0.0,0.01598,1.0,4358
13,12,age_bin,attention,0.0001,1e-05,0.00692,1.0,4358
13,12,age_bin,shuffled,0.01,0.0001,1.38313,0.38183,4358
13,12,gender,ema_lr1e-3,0.001,0.0001,0.98457,0.51423,4358
13,12,gender,ema_lr5e-3,0.005,0.0001,0.95719,0.49862,4358
13,12,gender,ema_lr1e-2,0.01,0.0001,0.89823,0.51308,4358
13,12,gender,ema_lr5e-2,0.05,0.0001,0.95774,0.52157,4358
13,12,gender,ema_lr1e-2_wd1e-3,0.01,0.001,0.9817,0.47637,4358
13,12,gender,ema_d0.99,0.01,0.0001,0.93111,0.51147,4358
13,12,gender,ema_d0.9999,0.01,0.0001,1.00049,0.47476,4358
13,12,gender,mlp_h16,0.001,0.0,0.69088,0.54979,4358
13,12,gender,mlp_h32,0.001,0.0,0.69129,0.54268,4358
13,12,gender,mlp_h64,0.001,0.0,0.69258,0.53809,4358
13,12,gender,mlp_h128,0.001,0.0,0.69897,0.53786,4358
13,12,gender,attention,0.0001,1e-05,0.73474,0.54688,4358
13,12,gender,shuffled,0.01,0.0001,0.95518,0.4961,4358
13,12,star_sign,ema_lr1e-3,0.001,0.0001,3.23661,0.09408,4358
13,12,star_sign,ema_lr5e-3,0.005,0.0001,3.16901,0.09729,4358
13,12,star_sign,ema_lr1e-2,0.01,0.0001,2.97426,0.09637,4358
13,12,star_sign,ema_lr5e-2,0.05,0.0001,2.42041,0.22441,4358
13,12,star_sign,ema_lr1e-2_wd1e-3,0.01,0.001,3.05745,0.09041,4358
13,12,star_sign,ema_d0.99,0.01,0.0001,3.03854,0.09064,4358
13,12,star_sign,ema_d0.9999,0.01,0.0001,3.04919,0.09339,4358
13,12,star_sign,mlp_h16,0.001,0.0,0.95225,0.97705,4358
13,12,star_sign,mlp_h32,0.001,0.0,1.12288,0.99449,4358
13,12,star_sign,mlp_h64,0.001,0.0,0.23752,1.0,4358
13,12,star_sign,mlp_h128,0.001,0.0,0.08826,1.0,4358
13,12,star_sign,attention,0.0001,1e-05,0.00512,1.0,4358
13,12,star_sign,shuffled,0.01,0.0001,2.97133,0.09523,4358
13,16,age_bin,ema_lr1e-3,0.001,0.0001,1.59432,0.33754,4358
13,16,age_bin,ema_lr5e-3,0.005,0.0001,1.50622,0.34144,4358
13,16,age_bin,ema_lr1e-2,0.01,0.0001,1.45817,0.33525,4358
13,16,age_bin,ema_lr5e-2,0.05,0.0001,0.99781,0.53098,4358
13,16,age_bin,ema_lr1e-2_wd1e-3,0.01,0.001,1.37505,0.39238,4358
13,16,age_bin,ema_d0.99,0.01,0.0001,1.41954,0.34878,4358
13,16,age_bin,ema_d0.9999,0.01,0.0001,1.37618,0.34718,4358
13,16,age_bin,mlp_h16,0.001,0.0,0.47253,0.94149,4358
13,16,age_bin,mlp_h32,0.001,0.0,0.10811,1.0,4358
13,16,age_bin,mlp_h64,0.001,0.0,0.02034,1.0,4358
13,16,age_bin,mlp_h128,0.001,0.0,0.01122,1.0,4358
13,16,age_bin,attention,0.0001,1e-05,0.00012,1.0,4358
13,16,age_bin,shuffled,0.01,0.0001,1.3723,0.37953,4358
13,16,gender,ema_lr1e-3,0.001,0.0001,0.94287,0.52685,4358
13,16,gender,ema_lr5e-3,0.005,0.0001,1.01043,0.50665,4358
13,16,gender,ema_lr1e-2,0.01,0.0001,0.90093,0.52983,4358
13,16,gender,ema_lr5e-2,0.05,0.0001,0.83781,0.5335,4358
13,16,gender,ema_lr1e-2_wd1e-3,0.01,0.001,0.92548,0.50964,4358
13,16,gender,ema_d0.99,0.01,0.0001,0.96616,0.47155,4358
13,16,gender,ema_d0.9999,0.01,0.0001,0.98376,0.48302,4358
13,16,gender,mlp_h16,0.001,0.0,0.69,0.54497,4358
13,16,gender,mlp_h32,0.001,0.0,0.69043,0.54475,4358
13,16,gender,mlp_h64,0.001,0.0,0.6996,0.53671,4358
13,16,gender,mlp_h128,0.001,0.0,0.70684,0.53327,4358
13,16,gender,attention,0.0001,1e-05,0.75166,0.54688,4358
13,16,gender,shuffled,0.01,0.0001,0.91674,0.50964,4358
13,16,star_sign,ema_lr1e-3,0.001,0.0001,3.22466,0.07182,4358
13,16,star_sign,ema_lr5e-3,0.005,0.0001,3.10214,0.09959,4358
13,16,star_sign,ema_lr1e-2,0.01,0.0001,3.06243,0.09752,4358
13,16,star_sign,ema_lr5e-2,0.05,0.0001,2.4164,0.22556,4358
13,16,star_sign,ema_lr1e-2_wd1e-3,0.01,0.001,3.01806,0.12093,4358
13,16,star_sign,ema_d0.99,0.01,0.0001,3.09715,0.08811,4358
13,16,star_sign,ema_d0.9999,0.01,0.0001,3.17047,0.0966,4358
13,16,star_sign,mlp_h16,0.001,0.0,1.16533,0.88274,4358
13,16,star_sign,mlp_h32,0.001,0.0,0.86466,0.95801,4358
13,16,star_sign,mlp_h64,0.001,0.0,0.47375,0.99771,4358
13,16,star_sign,mlp_h128,0.001,0.0,0.03203,1.0,4358
13,16,star_sign,attention,0.0001,1e-05,0.00015,1.0,4358
13,16,star_sign,shuffled,0.01,0.0001,3.07949,0.09798,4358
14,0,age_bin,ema_lr1e-3,0.001,0.0001,1.59335,0.31852,4006
14,0,age_bin,ema_lr5e-3,0.005,0.0001,1.43003,0.42411,4006
14,0,age_bin,ema_lr1e-2,0.01,0.0001,1.42879,0.41687,4006
14,0,age_bin,ema_lr5e-2,0.05,0.0001,0.92507,0.6665,4006
14,0,age_bin,ema_lr1e-2_wd1e-3,0.01,0.001,1.39837,0.29955,4006
14,0,age_bin,ema_d0.99,0.01,0.0001,1.3728,0.43385,4006
14,0,age_bin,ema_d0.9999,0.01,0.0001,1.39432,0.37319,4006
14,0,age_bin,mlp_h16,0.001,0.0,0.2564,0.9995,4006
14,0,age_bin,mlp_h32,0.001,0.0,0.214,0.99975,4006
14,0,age_bin,mlp_h64,0.001,0.0,0.08703,1.0,4006
14,0,age_bin,mlp_h128,0.001,0.0,0.02659,1.0,4006
14,0,age_bin,attention,0.0001,1e-05,1.0339,1.0,4006
14,0,age_bin,shuffled,0.01,0.0001,1.35654,0.3994,4006
14,0,gender,ema_lr1e-3,0.001,0.0001,0.97066,0.50399,4006
14,0,gender,ema_lr5e-3,0.005,0.0001,0.96301,0.50474,4006
14,0,gender,ema_lr1e-2,0.01,0.0001,0.93522,0.499,4006
14,0,gender,ema_lr5e-2,0.05,0.0001,0.88917,0.48952,4006
14,0,gender,ema_lr1e-2_wd1e-3,0.01,0.001,0.92608,0.50899,4006
14,0,gender,ema_d0.99,0.01,0.0001,0.94559,0.51023,4006
14,0,gender,ema_d0.9999,0.01,0.0001,0.95288,0.49626,4006
14,0,gender,mlp_h16,0.001,0.0,0.69985,0.50325,4006
14,0,gender,mlp_h32,0.001,0.0,0.70101,0.51098,4006
14,0,gender,mlp_h64,0.001,0.0,0.7031,0.51548,4006
14,0,gender,mlp_h128,0.001,0.0,0.70517,0.51123,4006
14,0,gender,attention,0.0001,1e-05,0.69309,0.49219,4006
14,0,gender,shuffled,0.01,0.0001,0.92794,0.50824,4006
14,0,star_sign,ema_lr1e-3,0.001,0.0001,3.24054,0.04818,4006
14,0,star_sign,ema_lr5e-3,0.005,0.0001,3.12973,0.06266,4006
14,0,star_sign,ema_lr1e-2,0.01,0.0001,3.04691,0.10085,4006
14,0,star_sign,ema_lr5e-2,0.05,0.0001,2.39231,0.38792,4006
14,0,star_sign,ema_lr1e-2_wd1e-3,0.01,0.001,3.03151,0.08787,4006
14,0,star_sign,ema_d0.99,0.01,0.0001,3.04277,0.15552,4006
14,0,star_sign,ema_d0.9999,0.01,0.0001,3.02306,0.04843,4006
14,0,star_sign,mlp_h16,0.001,0.0,0.99636,0.9975,4006
14,0,star_sign,mlp_h32,0.001,0.0,0.86181,0.98328,4006
14,0,star_sign,mlp_h64,0.001,0.0,0.42617,1.0,4006
14,0,star_sign,mlp_h128,0.001,0.0,0.10522,1.0,4006
14,0,star_sign,attention,0.0001,1e-05,2.38558,1.0,4006
14,0,star_sign,shuffled,0.01,0.0001,3.02863,0.08762,4006
14,4,age_bin,ema_lr1e-3,0.001,0.0001,1.46386,0.33325,4006
14,4,age_bin,ema_lr5e-3,0.005,0.0001,1.38724,0.32926,4006
14,4,age_bin,ema_lr1e-2,0.01,0.0001,1.34847,0.38043,4006
14,4,age_bin,ema_lr5e-2,0.05,0.0001,1.23988,0.77783,4006
14,4,age_bin,ema_lr1e-2_wd1e-3,0.01,0.001,1.28858,0.39591,4006
14,4,age_bin,ema_d0.99,0.01,0.0001,1.32979,0.35522,4006
14,4,age_bin,ema_d0.9999,0.01,0.0001,1.33676,0.36895,4006
14,4,age_bin,mlp_h16,0.001,0.0,0.21192,1.0,4006
14,4,age_bin,mlp_h32,0.001,0.0,0.2674,1.0,4006
14,4,age_bin,mlp_h64,0.001,0.0,0.02018,1.0,4006
14,4,age_bin,mlp_h128,0.001,0.0,0.00985,1.0,4006
14,4,age_bin,attention,0.0001,1e-05,0.0,1.0,4006
14,4,age_bin,shuffled,0.01,0.0001,1.31309,0.36645,4006
14,4,gender,ema_lr1e-3,0.001,0.0001,0.96926,0.50075,4006
14,4,gender,ema_lr5e-3,0.005,0.0001,0.91055,0.50899,4006
14,4,gender,ema_lr1e-2,0.01,0.0001,0.89225,0.51747,4006
14,4,gender,ema_lr5e-2,0.05,0.0001,1.12181,0.49975,4006
14,4,gender,ema_lr1e-2_wd1e-3,0.01,0.001,0.88539,0.5025,4006
14,4,gender,ema_d0.99,0.01,0.0001,0.89908,0.49451,4006
14,4,gender,ema_d0.9999,0.01,0.0001,0.93403,0.49476,4006
14,4,gender,mlp_h16,0.001,0.0,0.70186,0.51323,4006
14,4,gender,mlp_h32,0.001,0.0,0.70165,0.51648,4006
14,4,gender,mlp_h64,0.001,0.0,0.71017,0.50774,4006
14,4,gender,mlp_h128,0.001,0.0,0.73881,0.51473,4006
14,4,gender,attention,0.0001,1e-05,0.70355,0.57031,4006
14,4,gender,shuffled,0.01,0.0001,0.94205,0.4975,4006
14,4,star_sign,ema_lr1e-3,0.001,0.0001,3.21747,0.07314,4006
14,4,star_sign,ema_lr5e-3,0.005,0.0001,2.98596,0.0976,4006
14,4,star_sign,ema_lr1e-2,0.01,0.0001,2.86186,0.11433,4006
14,4,star_sign,ema_lr5e-2,0.05,0.0001,2.29525,0.24114,4006
14,4,star_sign,ema_lr1e-2_wd1e-3,0.01,0.001,2.8956,0.1026,4006
14,4,star_sign,ema_d0.99,0.01,0.0001,2.85835,0.10409,4006
14,4,star_sign,ema_d0.9999,0.01,0.0001,2.88062,0.11433,4006
14,4,star_sign,mlp_h16,0.001,0.0,1.35092,0.94034,4006
14,4,star_sign,mlp_h32,0.001,0.0,0.59983,1.0,4006
14,4,star_sign,mlp_h64,0.001,0.0,0.20018,1.0,4006
14,4,star_sign,mlp_h128,0.001,0.0,0.0236,1.0,4006
14,4,star_sign,attention,0.0001,1e-05,0.03355,1.0,4006
14,4,star_sign,shuffled,0.01,0.0001,2.86372,0.11857,4006
14,8,age_bin,ema_lr1e-3,0.001,0.0001,1.54305,0.35497,4006
14,8,age_bin,ema_lr5e-3,0.005,0.0001,1.46526,0.33874,4006
14,8,age_bin,ema_lr1e-2,0.01,0.0001,1.29182,0.40464,4006
14,8,age_bin,ema_lr5e-2,0.05,0.0001,1.12192,0.47104,4006
14,8,age_bin,ema_lr1e-2_wd1e-3,0.01,0.001,1.3833,0.35996,4006
14,8,age_bin,ema_d0.99,0.01,0.0001,1.32319,0.39291,4006
14,8,age_bin,ema_d0.9999,0.01,0.0001,1.32726,0.37394,4006
14,8,age_bin,mlp_h16,0.001,0.0,0.81536,0.35921,4006
14,8,age_bin,mlp_h32,0.001,0.0,0.10733,1.0,4006
14,8,age_bin,mlp_h64,0.001,0.0,0.02692,1.0,4006
14,8,age_bin,mlp_h128,0.001,0.0,0.0138,1.0,4006
14,8,age_bin,attention,0.0001,1e-05,0.0,1.0,4006
14,8,age_bin,shuffled,0.01,0.0001,1.35617,0.36046,4006
14,8,gender,ema_lr1e-3,0.001,0.0001,0.97119,0.51173,4006
14,8,gender,ema_lr5e-3,0.005,0.0001,0.9279,0.51123,4006
14,8,gender,ema_lr1e-2,0.01,0.0001,0.88881,0.51073,4006
14,8,gender,ema_lr5e-2,0.05,0.0001,1.04091,0.50025,4006
14,8,gender,ema_lr1e-2_wd1e-3,0.01,0.001,0.93057,0.51448,4006
14,8,gender,ema_d0.99,0.01,0.0001,0.93312,0.50449,4006
14,8,gender,ema_d0.9999,0.01,0.0001,0.90773,0.50599,4006
14,8,gender,mlp_h16,0.001,0.0,0.69864,0.51872,4006
14,8,gender,mlp_h32,0.001,0.0,0.71958,0.50499,4006
14,8,gender,mlp_h64,0.001,0.0,0.70148,0.52421,4006
14,8,gender,mlp_h128,0.001,0.0,0.70916,0.52396,4006
14,8,gender,attention,0.0001,1e-05,0.71081,0.48438,4006
14,8,gender,shuffled,0.01,0.0001,0.94336,0.50899,4006
14,8,star_sign,ema_lr1e-3,0.001,0.0001,3.14938,0.07439,4006
14,8,star_sign,ema_lr5e-3,0.005,0.0001,3.00917,0.09411,4006
14,8,star_sign,ema_lr1e-2,0.01,0.0001,2.93979,0.10359,4006
14,8,star_sign,ema_lr5e-2,0.05,0.0001,2.33322,0.22891,4006
14,8,star_sign,ema_lr1e-2_wd1e-3,0.01,0.001,2.91527,0.11108,4006
14,8,star_sign,ema_d0.99,0.01,0.0001,2.89516,0.10509,4006
14,8,star_sign,ema_d0.9999,0.01,0.0001,2.98999,0.0971,4006
14,8,star_sign,mlp_h16,0.001,0.0,1.31146,0.90989,4006
14,8,star_sign,mlp_h32,0.001,0.0,0.92445,0.99925,4006
14,8,star_sign,mlp_h64,0.001,0.0,0.27836,1.0,4006
14,8,star_sign,mlp_h128,0.001,0.0,0.02341,1.0,4006
14,8,star_sign,attention,0.0001,1e-05,0.79257,0.71875,4006
14,8,star_sign,shuffled,0.01,0.0001,2.95759,0.09261,4006
14,12,age_bin,ema_lr1e-3,0.001,0.0001,1.48551,0.32526,4006
14,12,age_bin,ema_lr5e-3,0.005,0.0001,1.41453,0.37868,4006
14,12,age_bin,ema_lr1e-2,0.01,0.0001,1.39636,0.37194,4006
14,12,age_bin,ema_lr5e-2,0.05,0.0001,0.96841,0.53719,4006
14,12,age_bin,ema_lr1e-2_wd1e-3,0.01,0.001,1.3353,0.38717,4006
14,12,age_bin,ema_d0.99,0.01,0.0001,1.32577,0.4014,4006
14,12,age_bin,ema_d0.9999,0.01,0.0001,1.37994,0.36171,4006
14,12,age_bin,mlp_h16,0.001,0.0,0.17631,1.0,4006
14,12,age_bin,mlp_h32,0.001,0.0,0.13889,1.0,4006
14,12,age_bin,mlp_h64,0.001,0.0,0.10746,1.0,4006
14,12,age_bin,mlp_h128,0.001,0.0,0.01048,1.0,4006
14,12,age_bin,attention,0.0001,1e-05,0.00539,1.0,4006
14,12,age_bin,shuffled,0.01,0.0001,1.41924,0.36321,4006
14,12,gender,ema_lr1e-3,0.001,0.0001,0.9909,0.52147,4006
14,12,gender,ema_lr5e-3,0.005,0.0001,0.93651,0.51323,4006
14,12,gender,ema_lr1e-2,0.01,0.0001,0.90645,0.51573,4006
14,12,gender,ema_lr5e-2,0.05,0.0001,0.90613,0.50549,4006
14,12,gender,ema_lr1e-2_wd1e-3,0.01,0.001,0.96619,0.48727,4006
14,12,gender,ema_d0.99,0.01,0.0001,0.95184,0.49076,4006
14,12,gender,ema_d0.9999,0.01,0.0001,0.92666,0.49601,4006
14,12,gender,mlp_h16,0.001,0.0,0.70214,0.51448,4006
14,12,gender,mlp_h32,0.001,0.0,0.70086,0.51273,4006
14,12,gender,mlp_h64,0.001,0.0,0.70208,0.5302,4006
14,12,gender,mlp_h128,0.001,0.0,0.71263,0.52421,4006
14,12,gender,attention,0.0001,1e-05,0.70598,0.54688,4006
14,12,gender,shuffled,0.01,0.0001,0.93186,0.499,4006
14,12,star_sign,ema_lr1e-3,0.001,0.0001,3.23678,0.10235,4006
14,12,star_sign,ema_lr5e-3,0.005,0.0001,3.12031,0.10135,4006
14,12,star_sign,ema_lr1e-2,0.01,0.0001,2.94358,0.10584,4006
14,12,star_sign,ema_lr5e-2,0.05,0.0001,2.3804,0.2354,4006
14,12,star_sign,ema_lr1e-2_wd1e-3,0.01,0.001,2.96449,0.09161,4006
14,12,star_sign,ema_d0.99,0.01,0.0001,3.01497,0.09161,4006
14,12,star_sign,ema_d0.9999,0.01,0.0001,3.00831,0.10409,4006
14,12,star_sign,mlp_h16,0.001,0.0,0.86579,0.97803,4006
14,12,star_sign,mlp_h32,0.001,0.0,0.98649,0.9985,4006
14,12,star_sign,mlp_h64,0.001,0.0,0.16671,1.0,4006
14,12,star_sign,mlp_h128,0.001,0.0,0.05344,1.0,4006
14,12,star_sign,attention,0.0001,1e-05,0.00296,1.0,4006
14,12,star_sign,shuffled,0.01,0.0001,2.94793,0.1016,4006
14,16,age_bin,ema_lr1e-3,0.001,0.0001,1.61517,0.32676,4006
14,16,age_bin,ema_lr5e-3,0.005,0.0001,1.44723,0.36995,4006
14,16,age_bin,ema_lr1e-2,0.01,0.0001,1.42135,0.35397,4006
14,16,age_bin,ema_lr5e-2,0.05,0.0001,0.94392,0.56365,4006
14,16,age_bin,ema_lr1e-2_wd1e-3,0.01,0.001,1.3225,0.40864,4006
14,16,age_bin,ema_d0.99,0.01,0.0001,1.34793,0.38342,4006
14,16,age_bin,ema_d0.9999,0.01,0.0001,1.33681,0.37119,4006
14,16,age_bin,mlp_h16,0.001,0.0,0.41893,0.94858,4006
14,16,age_bin,mlp_h32,0.001,0.0,0.08968,1.0,4006
14,16,age_bin,mlp_h64,0.001,0.0,0.01607,1.0,4006
14,16,age_bin,mlp_h128,0.001,0.0,0.00793,1.0,4006
14,16,age_bin,attention,0.0001,1e-05,0.00047,1.0,4006
14,16,age_bin,shuffled,0.01,0.0001,1.35441,0.38417,4006
14,16,gender,ema_lr1e-3,0.001,0.0001,1.09269,0.4643,4006
14,16,gender,ema_lr5e-3,0.005,0.0001,1.00819,0.5005,4006
14,16,gender,ema_lr1e-2,0.01,0.0001,0.94189,0.49426,4006
14,16,gender,ema_lr5e-2,0.05,0.0001,0.86146,0.51672,4006
14,16,gender,ema_lr1e-2_wd1e-3,0.01,0.001,0.96717,0.48902,4006
14,16,gender,ema_d0.99,0.01,0.0001,0.91548,0.51073,4006
14,16,gender,ema_d0.9999,0.01,0.0001,0.96291,0.50924,4006
14,16,gender,mlp_h16,0.001,0.0,0.71413,0.51922,4006
14,16,gender,mlp_h32,0.001,0.0,0.70634,0.5342,4006
14,16,gender,mlp_h64,0.001,0.0,0.71782,0.52097,4006
14,16,gender,mlp_h128,0.001,0.0,0.71074,0.53095,4006
14,16,gender,attention,0.0001,1e-05,0.7456,0.53125,4006
14,16,gender,shuffled,0.01,0.0001,0.92579,0.49401,4006
14,16,star_sign,ema_lr1e-3,0.001,0.0001,3.22919,0.06291,4006
14,16,star_sign,ema_lr5e-3,0.005,0.0001,2.97523,0.11483,4006
14,16,star_sign,ema_lr1e-2,0.01,0.0001,3.11174,0.0976,4006
14,16,star_sign,ema_lr5e-2,0.05,0.0001,2.30079,0.26286,4006
14,16,star_sign,ema_lr1e-2_wd1e-3,0.01,0.001,3.06561,0.09536,4006
14,16,star_sign,ema_d0.99,0.01,0.0001,3.04615,0.09511,4006
14,16,star_sign,ema_d0.9999,0.01,0.0001,3.08263,0.09611,4006
14,16,star_sign,mlp_h16,0.001,0.0,1.06319,0.91013,4006
14,16,star_sign,mlp_h32,0.001,0.0,0.74999,0.9638,4006
14,16,star_sign,mlp_h64,0.001,0.0,0.36946,0.99975,4006
14,16,star_sign,mlp_h128,0.001,0.0,0.02279,1.0,4006
14,16,star_sign,attention,0.0001,1e-05,9e-05,1.0,4006
14,16,star_sign,shuffled,0.01,0.0001,3.06925,0.08937,4006
15,0,age_bin,ema_lr1e-3,0.001,0.0001,1.53901,0.32766,3937
15,0,age_bin,ema_lr5e-3,0.005,0.0001,1.4341,0.40132,3937
15,0,age_bin,ema_lr1e-2,0.01,0.0001,1.39756,0.38532,3937
15,0,age_bin,ema_lr5e-2,0.05,0.0001,0.91839,0.69723,3937
15,0,age_bin,ema_lr1e-2_wd1e-3,0.01,0.001,1.38254,0.33426,3937
15,0,age_bin,ema_d0.99,0.01,0.0001,1.38724,0.41072,3937
15,0,age_bin,ema_d0.9999,0.01,0.0001,1.3687,0.36068,3937
15,0,age_bin,mlp_h16,0.001,0.0,0.23066,0.99949,3937
15,0,age_bin,mlp_h32,0.001,0.0,0.18533,0.99949,3937
15,0,age_bin,mlp_h64,0.001,0.0,0.07094,1.0,3937
15,0,age_bin,mlp_h128,0.001,0.0,0.02028,1.0,3937
15,0,age_bin,attention,0.0001,1e-05,1.02789,1.0,3937
15,0,age_bin,shuffled,0.01,0.0001,1.35828,0.44933,3937
15,0,gender,ema_lr1e-3,0.001,0.0001,0.97177,0.50521,3937
15,0,gender,ema_lr5e-3,0.005,0.0001,1.00889,0.48184,3937
15,0,gender,ema_lr1e-2,0.01,0.0001,0.9367,0.52553,3937
15,0,gender,ema_lr5e-2,0.05,0.0001,0.88616,0.46304,3937
15,0,gender,ema_lr1e-2_wd1e-3,0.01,0.001,0.93226,0.49682,3937
15,0,gender,ema_d0.99,0.01,0.0001,0.89672,0.52477,3937
15,0,gender,ema_d0.9999,0.01,0.0001,0.96451,0.49505,3937
15,0,gender,mlp_h16,0.001,0.0,0.69994,0.49911,3937
15,0,gender,mlp_h32,0.001,0.0,0.70594,0.48946,3937
15,0,gender,mlp_h64,0.001,0.0,0.70339,0.49403,3937
15,0,gender,mlp_h128,0.001,0.0,0.70369,0.51105,3937
15,0,gender,attention,0.0001,1e-05,0.69258,0.5625,3937
15,0,gender,shuffled,0.01,0.0001,0.95923,0.49682,3937
15,0,star_sign,ema_lr1e-3,0.001,0.0001,3.25357,0.04978,3937
15,0,star_sign,ema_lr5e-3,0.005,0.0001,3.16339,0.06604,3937
15,0,star_sign,ema_lr1e-2,0.01,0.0001,3.01815,0.09627,3937
15,0,star_sign,ema_lr5e-2,0.05,0.0001,2.35674,0.39268,3937
15,0,star_sign,ema_lr1e-2_wd1e-3,0.01,0.001,2.99458,0.10998,3937
15,0,star_sign,ema_d0.99,0.01,0.0001,2.99766,0.12014,3937
15,0,star_sign,ema_d0.9999,0.01,0.0001,3.03552,0.08026,3937
15,0,star_sign,mlp_h16,0.001,0.0,0.91878,0.99949,3937
15,0,star_sign,mlp_h32,0.001,0.0,0.77508,0.98984,3937
15,0,star_sign,mlp_h64,0.001,0.0,0.3546,1.0,3937
15,0,star_sign,mlp_h128,0.001,0.0,0.07675,1.0,3937
15,0,star_sign,attention,0.0001,1e-05,2.37677,1.0,3937
15,0,star_sign,shuffled,0.01,0.0001,3.01199,0.08915,3937
15,4,age_bin,ema_lr1e-3,0.001,0.0001,1.45385,0.3368,3937
15,4,age_bin,ema_lr5e-3,0.005,0.0001,1.39077,0.32868,3937
15,4,age_bin,ema_lr1e-2,0.01,0.0001,1.31143,0.39014,3937
15,4,age_bin,ema_lr5e-2,0.05,0.0001,1.07909,0.47066,3937
15,4,age_bin,ema_lr1e-2_wd1e-3,0.01,0.001,1.32337,0.37821,3937
15,4,age_bin,ema_d0.99,0.01,0.0001,1.29604,0.37998,3937
15,4,age_bin,ema_d0.9999,0.01,0.0001,1.31812,0.3876,3937
15,4,age_bin,mlp_h16,0.001,0.0,0.17791,1.0,3937
15,4,age_bin,mlp_h32,0.001,0.0,0.22697,1.0,3937
15,4,age_bin,mlp_h64,0.001,0.0,0.01474,1.0,3937
15,4,age_bin,mlp_h128,0.001,0.0,0.00697,1.0,3937
15,4,age_bin,attention,0.0001,1e-05,0.0,1.0,3937
15,4,age_bin,shuffled,0.01,0.0001,1.30626,0.37389,3937
15,4,gender,ema_lr1e-3,0.001,0.0001,0.96439,0.50216,3937
15,4,gender,ema_lr5e-3,0.005,0.0001,0.9569,0.49911,3937
15,4,gender,ema_lr1e-2,0.01,0.0001,0.96364,0.48387,3937
15,4,gender,ema_lr5e-2,0.05,0.0001,1.21235,0.53493,3937
15,4,gender,ema_lr1e-2_wd1e-3,0.01,0.001,0.89161,0.50572,3937
15,4,gender,ema_d0.99,0.01,0.0001,0.86502,0.53823,3937
15,4,gender,ema_d0.9999,0.01,0.0001,0.95504,0.492,3937
15,4,gender,mlp_h16,0.001,0.0,0.69452,0.51765,3937
15,4,gender,mlp_h32,0.001,0.0,0.69086,0.53213,3937
15,4,gender,mlp_h64,0.001,0.0,0.69166,0.54178,3937
15,4,gender,mlp_h128,0.001,0.0,0.6918,0.54051,3937
15,4,gender,attention,0.0001,1e-05,0.76528,0.36719,3937
15,4,gender,shuffled,0.01,0.0001,0.94522,0.47981,3937
15,4,star_sign,ema_lr1e-3,0.001,0.0001,3.22807,0.07468,3937
15,4,star_sign,ema_lr5e-3,0.005,0.0001,2.9832,0.08509,3937
15,4,star_sign,ema_lr1e-2,0.01,0.0001,2.87474,0.095,3937
15,4,star_sign,ema_lr5e-2,0.05,0.0001,2.29512,0.2474,3937
15,4,star_sign,ema_lr1e-2_wd1e-3,0.01,0.001,2.8822,0.09677,3937
15,4,star_sign,ema_d0.99,0.01,0.0001,2.86104,0.10008,3937
15,4,star_sign,ema_d0.9999,0.01,0.0001,2.96544,0.09474,3937
15,4,star_sign,mlp_h16,0.001,0.0,1.26438,0.9685,3937
15,4,star_sign,mlp_h32,0.001,0.0,0.49664,1.0,3937
15,4,star_sign,mlp_h64,0.001,0.0,0.14856,1.0,3937
15,4,star_sign,mlp_h128,0.001,0.0,0.01457,1.0,3937
15,4,star_sign,attention,0.0001,1e-05,0.02304,1.0,3937
15,4,star_sign,shuffled,0.01,0.0001,2.92288,0.10389,3937
15,8,age_bin,ema_lr1e-3,0.001,0.0001,1.49949,0.35789,3937
15,8,age_bin,ema_lr5e-3,0.005,0.0001,1.41804,0.36525,3937
15,8,age_bin,ema_lr1e-2,0.01,0.0001,1.36989,0.38481,3937
15,8,age_bin,ema_lr5e-2,0.05,0.0001,1.29061,0.36474,3937
15,8,age_bin,ema_lr1e-2_wd1e-3,0.01,0.001,1.38637,0.3622,3937
15,8,age_bin,ema_d0.99,0.01,0.0001,1.32673,0.38151,3937
15,8,age_bin,ema_d0.9999,0.01,0.0001,1.29227,0.39776,3937
15,8,age_bin,mlp_h16,0.001,0.0,0.77872,0.46609,3937
15,8,age_bin,mlp_h32,0.001,0.0,0.08975,1.0,3937
15,8,age_bin,mlp_h64,0.001,0.0,0.02106,1.0,3937
15,8,age_bin,mlp_h128,0.001,0.0,0.01028,1.0,3937
15,8,age_bin,attention,0.0001,1e-05,0.0,1.0,3937
15,8,age_bin,shuffled,0.01,0.0001,1.3032,0.3843,3937
15,8,gender,ema_lr1e-3,0.001,0.0001,0.99737,0.48743,3937
15,8,gender,ema_lr5e-3,0.005,0.0001,0.91846,0.51994,3937
15,8,gender,ema_lr1e-2,0.01,0.0001,0.91109,0.50191,3937
15,8,gender,ema_lr5e-2,0.05,0.0001,1.13411,0.44958,3937
15,8,gender,ema_lr1e-2_wd1e-3,0.01,0.001,0.93698,0.49174,3937
15,8,gender,ema_d0.99,0.01,0.0001,0.94443,0.49174,3937
15,8,gender,ema_d0.9999,0.01,0.0001,0.88409,0.50775,3937
15,8,gender,mlp_h16,0.001,0.0,0.70325,0.49403,3937
15,8,gender,mlp_h32,0.001,0.0,0.70382,0.53747,3937
15,8,gender,mlp_h64,0.001,0.0,0.6959,0.53467,3937
15,8,gender,mlp_h128,0.001,0.0,0.70584,0.52883,3937
15,8,gender,attention,0.0001,1e-05,0.68959,0.5625,3937
15,8,gender,shuffled,0.01,0.0001,0.93604,0.51562,3937
15,8,star_sign,ema_lr1e-3,0.001,0.0001,3.16606,0.0729,3937
15,8,star_sign,ema_lr5e-3,0.005,0.0001,3.05107,0.09169,3937
15,8,star_sign,ema_lr1e-2,0.01,0.0001,2.8997,0.10973,3937
15,8,star_sign,ema_lr5e-2,0.05,0.0001,2.33939,0.24206,3937
15,8,star_sign,ema_lr1e-2_wd1e-3,0.01,0.001,2.93381,0.10846,3937
15,8,star_sign,ema_d0.99,0.01,0.0001,2.98472,0.10185,3937
15,8,star_sign,ema_d0.9999,0.01,0.0001,2.89764,0.10922,3937
15,8,star_sign,mlp_h16,0.001,0.0,1.23066,0.91085,3937
15,8,star_sign,mlp_h32,0.001,0.0,0.82869,1.0,3937
15,8,star_sign,mlp_h64,0.001,0.0,0.21453,1.0,3937
15,8,star_sign,mlp_h128,0.001,0.0,0.01572,1.0,3937
15,8,star_sign,attention,0.0001,1e-05,0.00084,1.0,3937
15,8,star_sign,shuffled,0.01,0.0001,2.97326,0.08966,3937
15,12,age_bin,ema_lr1e-3,0.001,0.0001,1.46093,0.32766,3937
15,12,age_bin,ema_lr5e-3,0.005,0.0001,1.52062,0.34341,3937
15,12,age_bin,ema_lr1e-2,0.01,0.0001,1.34581,0.38456,3937
15,12,age_bin,ema_lr5e-2,0.05,0.0001,1.01336,0.51029,3937
15,12,age_bin,ema_lr1e-2_wd1e-3,0.01,0.001,1.39843,0.397,3937
15,12,age_bin,ema_d0.99,0.01,0.0001,1.3767,0.37871,3937
15,12,age_bin,ema_d0.9999,0.01,0.0001,1.36115,0.36754,3937
15,12,age_bin,mlp_h16,0.001,0.0,0.15168,1.0,3937
15,12,age_bin,mlp_h32,0.001,0.0,0.11988,1.0,3937
15,12,age_bin,mlp_h64,0.001,0.0,0.0899,1.0,3937
15,12,age_bin,mlp_h128,0.001,0.0,0.00824,1.0,3937
15,12,age_bin,attention,0.0001,1e-05,0.00458,1.0,3937
15,12,age_bin,shuffled,0.01,0.0001,1.4037,0.36678,3937
15,12,gender,ema_lr1e-3,0.001,0.0001,0.99765,0.49784,3937
15,12,gender,ema_lr5e-3,0.005,0.0001,0.94489,0.4981,3937
15,12,gender,ema_lr1e-2,0.01,0.0001,0.92569,0.49428,3937
15,12,gender,ema_lr5e-2,0.05,0.0001,0.98621,0.48311,3937
15,12,gender,ema_lr1e-2_wd1e-3,0.01,0.001,0.96389,0.48158,3937
15,12,gender,ema_d0.99,0.01,0.0001,0.88683,0.5207,3937
15,12,gender,ema_d0.9999,0.01,0.0001,0.95438,0.49225,3937
15,12,gender,mlp_h16,0.001,0.0,0.6886,0.5395,3937
15,12,gender,mlp_h32,0.001,0.0,0.69236,0.53594,3937
15,12,gender,mlp_h64,0.001,0.0,0.68788,0.54153,3937
15,12,gender,mlp_h128,0.001,0.0,0.68611,0.55677,3937
15,12,gender,attention,0.0001,1e-05,0.77577,0.46094,3937
15,12,gender,shuffled,0.01,0.0001,0.94201,0.49886,3937
15,12,star_sign,ema_lr1e-3,0.001,0.0001,3.2655,0.08966,3937
15,12,star_sign,ema_lr5e-3,0.005,0.0001,3.12501,0.09576,3937
15,12,star_sign,ema_lr1e-2,0.01,0.0001,2.99058,0.09474,3937
15,12,star_sign,ema_lr5e-2,0.05,0.0001,2.37378,0.24816,3937
15,12,star_sign,ema_lr1e-2_wd1e-3,0.01,0.001,2.92417,0.10262,3937
15,12,star_sign,ema_d0.99,0.01,0.0001,2.95457,0.09728,3937
15,12,star_sign,ema_d0.9999,0.01,0.0001,3.01447,0.09576,3937
15,12,star_sign,mlp_h16,0.001,0.0,0.80558,0.98197,3937
15,12,star_sign,mlp_h32,0.001,0.0,0.88757,0.99873,3937
15,12,star_sign,mlp_h64,0.001,0.0,0.12926,1.0,3937
15,12,star_sign,mlp_h128,0.001,0.0,0.03899,1.0,3937
15,12,star_sign,attention,0.0001,1e-05,0.00221,1.0,3937
15,12,star_sign,shuffled,0.01,0.0001,3.01848,0.08255,3937
15,16,age_bin,ema_lr1e-3,0.001,0.0001,1.60576,0.31547,3937
15,16,age_bin,ema_lr5e-3,0.005,0.0001,1.42445,0.36271,3937
15,16,age_bin,ema_lr1e-2,0.01,0.0001,1.35307,0.37186,3937
15,16,age_bin,ema_lr5e-2,0.05,0.0001,0.92974,0.58217,3937
15,16,age_bin,ema_lr1e-2_wd1e-3,0.01,0.001,1.37328,0.37262,3937
15,16,age_bin,ema_d0.99,0.01,0.0001,1.38093,0.36855,3937
15,16,age_bin,ema_d0.9999,0.01,0.0001,1.38014,0.34417,3937
15,16,age_bin,mlp_h16,0.001,0.0,0.36795,0.96749,3937
15,16,age_bin,mlp_h32,0.001,0.0,0.06791,1.0,3937
15,16,age_bin,mlp_h64,0.001,0.0,0.01131,1.0,3937
15,16,age_bin,mlp_h128,0.001,0.0,0.00547,1.0,3937
15,16,age_bin,attention,0.0001,1e-05,9e-05,1.0,3937
15,16,age_bin,shuffled,0.01,0.0001,1.39397,0.36601,3937
15,16,gender,ema_lr1e-3,0.001,0.0001,0.98779,0.51588,3937
15,16,gender,ema_lr5e-3,0.005,0.0001,1.02679,0.48844,3937
15,16,gender,ema_lr1e-2,0.01,0.0001,0.94604,0.50241,3937
15,16,gender,ema_lr5e-2,0.05,0.0001,0.87935,0.51232,3937
15,16,gender,ema_lr1e-2_wd1e-3,0.01,0.001,0.93199,0.49759,3937
15,16,gender,ema_d0.99,0.01,0.0001,0.90291,0.51638,3937
15,16,gender,ema_d0.9999,0.01,0.0001,0.88568,0.52451,3937
15,16,gender,mlp_h16,0.001,0.0,0.68712,0.56109,3937
15,16,gender,mlp_h32,0.001,0.0,0.68732,0.55194,3937
15,16,gender,mlp_h64,0.001,0.0,0.6947,0.53239,3937
15,16,gender,mlp_h128,0.001,0.0,0.69802,0.54229,3937
15,16,gender,attention,0.0001,1e-05,0.78492,0.48438,3937
15,16,gender,shuffled,0.01,0.0001,0.92157,0.4892,3937
15,16,star_sign,ema_lr1e-3,0.001,0.0001,3.2035,0.06858,3937
15,16,star_sign,ema_lr5e-3,0.005,0.0001,3.07981,0.09322,3937
15,16,star_sign,ema_lr1e-2,0.01,0.0001,2.9968,0.10363,3937
15,16,star_sign,ema_lr5e-2,0.05,0.0001,2.32255,0.25349,3937
15,16,star_sign,ema_lr1e-2_wd1e-3,0.01,0.001,3.05328,0.10363,3937
15,16,star_sign,ema_d0.99,0.01,0.0001,2.99128,0.1016,3937
15,16,star_sign,ema_d0.9999,0.01,0.0001,2.96853,0.11963,3937
15,16,star_sign,mlp_h16,0.001,0.0,0.9486,0.92888,3937
15,16,star_sign,mlp_h32,0.001,0.0,0.64702,0.97968,3937
15,16,star_sign,mlp_h64,0.001,0.0,0.29017,1.0,3937
15,16,star_sign,mlp_h128,0.001,0.0,0.01456,1.0,3937
15,16,star_sign,attention,0.0001,1e-05,7e-05,1.0,3937
15,16,star_sign,shuffled,0.01,0.0001,3.02586,0.10211,3937
16,0,age_bin,ema_lr1e-3,0.001,0.0001,1.57454,0.31694,4127
16,0,age_bin,ema_lr5e-3,0.005,0.0001,1.38552,0.4158,4127
16,0,age_bin,ema_lr1e-2,0.01,0.0001,1.3687,0.41992,4127
16,0,age_bin,ema_lr5e-2,0.05,0.0001,0.87546,0.76351,4127
16,0,age_bin,ema_lr1e-2_wd1e-3,0.01,0.001,1.30439,0.40635,4127
16,0,age_bin,ema_d0.99,0.01,0.0001,1.35781,0.46693,4127
16,0,age_bin,ema_d0.9999,0.01,0.0001,1.36886,0.39787,4127
16,0,age_bin,mlp_h16,0.001,0.0,0.19899,1.0,4127
16,0,age_bin,mlp_h32,0.001,0.0,0.15189,0.99976,4127
16,0,age_bin,mlp_h64,0.001,0.0,0.05595,1.0,4127
16,0,age_bin,mlp_h128,0.001,0.0,0.0144,1.0,4127
16,0,age_bin,attention,0.0001,1e-05,1.02346,1.0,4127
16,0,age_bin,shuffled,0.01,0.0001,1.37717,0.45069,4127
16,0,gender,ema_lr1e-3,0.001,0.0001,0.97924,0.50133,4127
16,0,gender,ema_lr5e-3,0.005,0.0001,0.98595,0.4977,4127
16,0,gender,ema_lr1e-2,0.01,0.0001,0.9251,0.50691,4127
16,0,gender,ema_lr5e-2,0.05,0.0001,0.85357,0.50012,4127
16,0,gender,ema_lr1e-2_wd1e-3,0.01,0.001,0.92005,0.50666,4127
16,0,gender,ema_d0.99,0.01,0.0001,0.92897,0.50545,4127
16,0,gender,ema_d0.9999,0.01,0.0001,0.94245,0.51345,4127
16,0,gender,mlp_h16,0.001,0.0,0.70155,0.48413,4127
16,0,gender,mlp_h32,0.001,0.0,0.70815,0.49794,4127
16,0,gender,mlp_h64,0.001,0.0,0.71166,0.48704,4127
16,0,gender,mlp_h128,0.001,0.0,0.71575,0.48074,4127
16,0,gender,attention,0.0001,1e-05,0.69417,0.4375,4127
16,0,gender,shuffled,0.01,0.0001,0.91301,0.50279,4127
16,0,star_sign,ema_lr1e-3,0.001,0.0001,3.21893,0.05113,4127
16,0,star_sign,ema_lr5e-3,0.005,0.0001,3.13685,0.06494,4127
16,0,star_sign,ema_lr1e-2,0.01,0.0001,2.99899,0.09498,4127
16,0,star_sign,ema_lr5e-2,0.05,0.0001,2.28549,0.41119,4127
16,0,star_sign,ema_lr1e-2_wd1e-3,0.01,0.001,3.0227,0.10807,4127
16,0,star_sign,ema_d0.99,0.01,0.0001,3.0363,0.16404,4127
16,0,star_sign,ema_d0.9999,0.01,0.0001,3.01725,0.08166,4127
16,0,star_sign,mlp_h16,0.001,0.0,0.84215,0.99952,4127
16,0,star_sign,mlp_h32,0.001,0.0,0.66858,0.99491,4127
16,0,star_sign,mlp_h64,0.001,0.0,0.27641,1.0,4127
16,0,star_sign,mlp_h128,0.001,0.0,0.05021,1.0,4127
16,0,star_sign,attention,0.0001,1e-05,2.37044,1.0,4127
16,0,star_sign,shuffled,0.01,0.0001,2.99403,0.0945,4127
16,4,age_bin,ema_lr1e-3,0.001,0.0001,1.4274,0.33923,4127
16,4,age_bin,ema_lr5e-3,0.005,0.0001,1.36746,0.33705,4127
16,4,age_bin,ema_lr1e-2,0.01,0.0001,1.31724,0.38236,4127
16,4,age_bin,ema_lr5e-2,0.05,0.0001,0.88538,0.60601,4127
16,4,age_bin,ema_lr1e-2_wd1e-3,0.01,0.001,1.28602,0.39593,4127
16,4,age_bin,ema_d0.99,0.01,0.0001,1.29078,0.36661,4127
16,4,age_bin,ema_d0.9999,0.01,0.0001,1.27264,0.38745,4127
16,4,age_bin,mlp_h16,0.001,0.0,0.14894,1.0,4127
16,4,age_bin,mlp_h32,0.001,0.0,0.19204,1.0,4127
16,4,age_bin,mlp_h64,0.001,0.0,0.0109,1.0,4127
16,4,age_bin,mlp_h128,0.001,0.0,0.00486,1.0,4127
16,4,age_bin,attention,0.0001,1e-05,0.0,1.0,4127
16,4,age_bin,shuffled,0.01,0.0001,1.26218,0.38793,4127
16,4,gender,ema_lr1e-3,0.001,0.0001,0.94161,0.50787,4127
16,4,gender,ema_lr5e-3,0.005,0.0001,0.94242,0.4977,4127
16,4,gender,ema_lr1e-2,0.01,0.0001,0.9385,0.49746,4127
16,4,gender,ema_lr5e-2,0.05,0.0001,1.12961,0.51563,4127
16,4,gender,ema_lr1e-2_wd1e-3,0.01,0.001,0.89312,0.50327,4127
16,4,gender,ema_d0.99,0.01,0.0001,0.86891,0.51805,4127
16,4,gender,ema_d0.9999,0.01,0.0001,0.94124,0.48801,4127
16,4,gender,mlp_h16,0.001,0.0,0.70754,0.49673,4127
16,4,gender,mlp_h32,0.001,0.0,0.71004,0.48849,4127
16,4,gender,mlp_h64,0.001,0.0,0.72626,0.46886,4127
16,4,gender,mlp_h128,0.001,0.0,0.72706,0.48655,4127
16,4,gender,attention,0.0001,1e-05,0.74228,0.42969,4127
16,4,gender,shuffled,0.01,0.0001,0.90992,0.50957,4127
16,4,star_sign,ema_lr1e-3,0.001,0.0001,3.14214,0.07221,4127
16,4,star_sign,ema_lr5e-3,0.005,0.0001,2.95154,0.0928,4127
16,4,star_sign,ema_lr1e-2,0.01,0.0001,2.84328,0.11025,4127
16,4,star_sign,ema_lr5e-2,0.05,0.0001,2.21844,0.38551,4127
16,4,star_sign,ema_lr1e-2_wd1e-3,0.01,0.001,2.82606,0.10225,4127
16,4,star_sign,ema_d0.99,0.01,0.0001,2.86447,0.10443,4127
16,4,star_sign,ema_d0.9999,0.01,0.0001,2.87078,0.10492,4127
16,4,star_sign,mlp_h16,0.001,0.0,1.19459,0.98401,4127
16,4,star_sign,mlp_h32,0.001,0.0,0.40624,1.0,4127
16,4,star_sign,mlp_h64,0.001,0.0,0.10902,1.0,4127
16,4,star_sign,mlp_h128,0.001,0.0,0.00932,1.0,4127
16,4,star_sign,attention,0.0001,1e-05,0.01528,1.0,4127
16,4,star_sign,shuffled,0.01,0.0001,2.85982,0.10976,4127
16,8,age_bin,ema_lr1e-3,0.001,0.0001,1.48617,0.36734,4127
16,8,age_bin,ema_lr5e-3,0.005,0.0001,1.43643,0.35934,4127
16,8,age_bin,ema_lr1e-2,0.01,0.0001,1.31848,0.39133,4127
16,8,age_bin,ema_lr5e-2,0.05,0.0001,1.02788,0.67313,4127
16,8,age_bin,ema_lr1e-2_wd1e-3,0.01,0.001,1.33243,0.39229,4127
16,8,age_bin,ema_d0.99,0.01,0.0001,1.28795,0.39714,4127
16,8,age_bin,ema_d0.9999,0.01,0.0001,1.35591,0.36467,4127
16,8,age_bin,mlp_h16,0.001,0.0,0.74168,0.61473,4127
16,8,age_bin,mlp_h32,0.001,0.0,0.07299,1.0,4127
16,8,age_bin,mlp_h64,0.001,0.0,0.01626,1.0,4127
16,8,age_bin,mlp_h128,0.001,0.0,0.00784,1.0,4127
16,8,age_bin,attention,0.0001,1e-05,0.0,1.0,4127
16,8,age_bin,shuffled,0.01,0.0001,1.25876,0.39738,4127
16,8,gender,ema_lr1e-3,0.001,0.0001,0.98607,0.50497,4127
16,8,gender,ema_lr5e-3,0.005,0.0001,0.94169,0.5149,4127
16,8,gender,ema_lr1e-2,0.01,0.0001,0.92777,0.49237,4127
16,8,gender,ema_lr5e-2,0.05,0.0001,1.05385,0.50569,4127
16,8,gender,ema_lr1e-2_wd1e-3,0.01,0.001,0.95044,0.48679,4127
16,8,gender,ema_d0.99,0.01,0.0001,0.94209,0.48994,4127
16,8,gender,ema_d0.9999,0.01,0.0001,0.87034,0.51805,4127
16,8,gender,mlp_h16,0.001,0.0,0.69403,0.52266,4127
16,8,gender,mlp_h32,0.001,0.0,0.71051,0.51636,4127
16,8,gender,mlp_h64,0.001,0.0,0.71279,0.51757,4127
16,8,gender,mlp_h128,0.001,0.0,0.7216,0.51345,4127
16,8,gender,attention,0.0001,1e-05,0.74215,0.4375,4127
16,8,gender,shuffled,0.01,0.0001,0.92229,0.504,4127
16,8,star_sign,ema_lr1e-3,0.001,0.0001,3.1832,0.07051,4127
16,8,star_sign,ema_lr5e-3,0.005,0.0001,3.03328,0.08457,4127
16,8,star_sign,ema_lr1e-2,0.01,0.0001,2.91649,0.1088,4127
16,8,star_sign,ema_lr5e-2,0.05,0.0001,2.31162,0.29561,4127
16,8,star_sign,ema_lr1e-2_wd1e-3,0.01,0.001,2.9117,0.11631,4127
16,8,star_sign,ema_d0.99,0.01,0.0001,2.90656,0.10371,4127
16,8,star_sign,ema_d0.9999,0.01,0.0001,2.94896,0.10274,4127
16,8,star_sign,mlp_h16,0.001,0.0,1.13695,0.91543,4127
16,8,star_sign,mlp_h32,0.001,0.0,0.74097,1.0,4127
16,8,star_sign,mlp_h64,0.001,0.0,0.16411,1.0,4127
16,8,star_sign,mlp_h128,0.001,0.0,0.01058,1.0,4127
16,8,star_sign,attention,0.0001,1e-05,0.0,1.0,4127
16,8,star_sign,shuffled,0.01,0.0001,2.92706,0.10904,4127
16,12,age_bin,ema_lr1e-3,0.001,0.0001,1.46355,0.32736,4127
16,12,age_bin,ema_lr5e-3,0.005,0.0001,1.4297,0.36685,4127
16,12,age_bin,ema_lr1e-2,0.01,0.0001,1.34769,0.38769,4127
16,12,age_bin,ema_lr5e-2,0.05,0.0001,0.96633,0.64502,4127
16,12,age_bin,ema_lr1e-2_wd1e-3,0.01,0.001,1.36636,0.38115,4127
16,12,age_bin,ema_d0.99,0.01,0.0001,1.30298,0.40029,4127
16,12,age_bin,ema_d0.9999,0.01,0.0001,1.37272,0.36152,4127
16,12,age_bin,mlp_h16,0.001,0.0,0.13031,1.0,4127
16,12,age_bin,mlp_h32,0.001,0.0,0.10138,1.0,4127
16,12,age_bin,mlp_h64,0.001,0.0,0.07302,1.0,4127
16,12,age_bin,mlp_h128,0.001,0.0,0.00651,1.0,4127
16,12,age_bin,attention,0.0001,1e-05,0.00328,1.0,4127
16,12,age_bin,shuffled,0.01,0.0001,1.39154,0.37,4127
16,12,gender,ema_lr1e-3,0.001,0.0001,0.99038,0.50569,4127
16,12,gender,ema_lr5e-3,0.005,0.0001,0.95311,0.50739,4127
16,12,gender,ema_lr1e-2,0.01,0.0001,0.89335,0.51951,4127
16,12,gender,ema_lr5e-2,0.05,0.0001,0.92575,0.50618,4127
16,12,gender,ema_lr1e-2_wd1e-3,0.01,0.001,0.92177,0.504,4127
16,12,gender,ema_d0.99,0.01,0.0001,0.89119,0.49939,4127
16,12,gender,ema_d0.9999,0.01,0.0001,0.90784,0.51563,4127
16,12,gender,mlp_h16,0.001,0.0,0.69781,0.52072,4127
16,12,gender,mlp_h32,0.001,0.0,0.69883,0.52144,4127
16,12,gender,mlp_h64,0.001,0.0,0.70579,0.52508,4127
16,12,gender,mlp_h128,0.001,0.0,0.71486,0.51926,4127
16,12,gender,attention,0.0001,1e-05,0.76541,0.49219,4127
16,12,gender,shuffled,0.01,0.0001,0.90221,0.51006,4127
16,12,star_sign,ema_lr1e-3,0.001,0.0001,3.30544,0.08772,4127
16,12,star_sign,ema_lr5e-3,0.005,0.0001,3.07553,0.10783,4127
16,12,star_sign,ema_lr1e-2,0.01,0.0001,2.95435,0.10153,4127
16,12,star_sign,ema_lr5e-2,0.05,0.0001,2.35285,0.24061,4127
16,12,star_sign,ema_lr1e-2_wd1e-3,0.01,0.001,2.99487,0.10371,4127
16,12,star_sign,ema_d0.99,0.01,0.0001,2.95118,0.10346,4127
16,12,star_sign,ema_d0.9999,0.01,0.0001,2.98025,0.10419,4127
16,12,star_sign,mlp_h16,0.001,0.0,0.72119,0.98788,4127
16,12,star_sign,mlp_h32,0.001,0.0,0.78874,0.99952,4127
16,12,star_sign,mlp_h64,0.001,0.0,0.09658,1.0,4127
16,12,star_sign,mlp_h128,0.001,0.0,0.02858,1.0,4127
16,12,star_sign,attention,0.0001,1e-05,0.00091,1.0,4127
16,12,star_sign,shuffled,0.01,0.0001,2.93529,0.1025,4127
16,16,age_bin,ema_lr1e-3,0.001,0.0001,1.56021,0.35062,4127
16,16,age_bin,ema_lr5e-3,0.005,0.0001,1.44419,0.35983,4127
16,16,age_bin,ema_lr1e-2,0.01,0.0001,1.35176,0.37776,4127
16,16,age_bin,ema_lr5e-2,0.05,0.0001,0.89259,0.59292,4127
16,16,age_bin,ema_lr1e-2_wd1e-3,0.01,0.001,1.38355,0.38188,4127
16,16,age_bin,ema_d0.99,0.01,0.0001,1.36226,0.36564,4127
16,16,age_bin,ema_d0.9999,0.01,0.0001,1.33112,0.37146,4127
16,16,age_bin,mlp_h16,0.001,0.0,0.34777,0.96995,4127
16,16,age_bin,mlp_h32,0.001,0.0,0.06184,1.0,4127
16,16,age_bin,mlp_h64,0.001,0.0,0.01051,1.0,4127
16,16,age_bin,mlp_h128,0.001,0.0,0.00554,1.0,4127
16,16,age_bin,attention,0.0001,1e-05,0.00018,1.0,4127
16,16,age_bin,shuffled,0.01,0.0001,1.35976,0.38818,4127
16,16,gender,ema_lr1e-3,0.001,0.0001,0.9709,0.52193,4127
16,16,gender,ema_lr5e-3,0.005,0.0001,1.03311,0.49261,4127
16,16,gender,ema_lr1e-2,0.01,0.0001,0.90332,0.51248,4127
16,16,gender,ema_lr5e-2,0.05,0.0001,0.83968,0.52266,4127
16,16,gender,ema_lr1e-2_wd1e-3,0.01,0.001,0.86258,0.53671,4127
16,16,gender,ema_d0.99,0.01,0.0001,0.88517,0.50836,4127
16,16,gender,ema_d0.9999,0.01,0.0001,0.94544,0.49309,4127
16,16,gender,mlp_h16,0.001,0.0,0.7047,0.52362,4127
16,16,gender,mlp_h32,0.001,0.0,0.69775,0.53865,4127
16,16,gender,mlp_h64,0.001,0.0,0.71129,0.5229,4127
16,16,gender,mlp_h128,0.001,0.0,0.71192,0.52677,4127
16,16,gender,attention,0.0001,1e-05,0.8142,0.47656,4127
16,16,gender,shuffled,0.01,0.0001,0.89786,0.51102,4127
16,16,star_sign,ema_lr1e-3,0.001,0.0001,3.24316,0.06252,4127
16,16,star_sign,ema_lr5e-3,0.005,0.0001,3.11816,0.09862,4127
16,16,star_sign,ema_lr1e-2,0.01,0.0001,3.00978,0.10274,4127
16,16,star_sign,ema_lr5e-2,0.05,0.0001,2.27879,0.27768,4127
16,16,star_sign,ema_lr1e-2_wd1e-3,0.01,0.001,2.991,0.11291,4127
16,16,star_sign,ema_d0.99,0.01,0.0001,2.93813,0.12721,4127
16,16,star_sign,ema_d0.9999,0.01,0.0001,3.00806,0.10976,4127
16,16,star_sign,mlp_h16,0.001,0.0,0.89097,0.937,4127
16,16,star_sign,mlp_h32,0.001,0.0,0.58844,0.98595,4127
16,16,star_sign,mlp_h64,0.001,0.0,0.2539,1.0,4127
16,16,star_sign,mlp_h128,0.001,0.0,0.0137,1.0,4127
16,16,star_sign,attention,0.0001,1e-05,4e-05,1.0,4127
16,16,star_sign,shuffled,0.01,0.0001,2.97268,0.10589,4127
17,0,age_bin,ema_lr1e-3,0.001,0.0001,1.58254,0.31444,4004
17,0,age_bin,ema_lr5e-3,0.005,0.0001,1.41971,0.39436,4004
17,0,age_bin,ema_lr1e-2,0.01,0.0001,1.34108,0.43806,4004
17,0,age_bin,ema_lr5e-2,0.05,0.0001,0.85412,0.75724,4004
17,0,age_bin,ema_lr1e-2_wd1e-3,0.01,0.001,1.30277,0.40659,4004
17,0,age_bin,ema_d0.99,0.01,0.0001,1.36579,0.4543,4004
17,0,age_bin,ema_d0.9999,0.01,0.0001,1.37675,0.40609,4004
17,0,age_bin,mlp_h16,0.001,0.0,0.17607,1.0,4004
17,0,age_bin,mlp_h32,0.001,0.0,0.12807,1.0,4004
17,0,age_bin,mlp_h64,0.001,0.0,0.04525,1.0,4004
17,0,age_bin,mlp_h128,0.001,0.0,0.0111,1.0,4004
17,0,age_bin,attention,0.0001,1e-05,1.01898,1.0,4004
17,0,age_bin,shuffled,0.01,0.0001,1.35901,0.44156,4004
17,0,gender,ema_lr1e-3,0.001,0.0001,0.98966,0.50175,4004
17,0,gender,ema_lr5e-3,0.005,0.0001,0.95849,0.48751,4004
17,0,gender,ema_lr1e-2,0.01,0.0001,0.92869,0.50699,4004
17,0,gender,ema_lr5e-2,0.05,0.0001,0.84103,0.46878,4004
17,0,gender,ema_lr1e-2_wd1e-3,0.01,0.001,0.91554,0.4965,4004
17,0,gender,ema_d0.99,0.01,0.0001,0.9284,0.50524,4004
17,0,gender,ema_d0.9999,0.01,0.0001,0.9412,0.49076,4004
17,0,gender,mlp_h16,0.001,0.0,0.69738,0.51523,4004
17,0,gender,mlp_h32,0.001,0.0,0.69772,0.52323,4004
17,0,gender,mlp_h64,0.001,0.0,0.69513,0.52897,4004
17,0,gender,mlp_h128,0.001,0.0,0.70214,0.52897,4004
17,0,gender,attention,0.0001,1e-05,0.69221,0.54688,4004
17,0,gender,shuffled,0.01,0.0001,0.94038,0.4965,4004
17,0,star_sign,ema_lr1e-3,0.001,0.0001,3.2499,0.04221,4004
17,0,star_sign,ema_lr5e-3,0.005,0.0001,3.12568,0.06369,4004
17,0,star_sign,ema_lr1e-2,0.01,0.0001,2.99341,0.1024,4004
17,0,star_sign,ema_lr5e-2,0.05,0.0001,2.257,0.45904,4004
17,0,star_sign,ema_lr1e-2_wd1e-3,0.01,0.001,2.99819,0.11039,4004
17,0,star_sign,ema_d0.99,0.01,0.0001,3.05411,0.15634,4004
17,0,star_sign,ema_d0.9999,0.01,0.0001,3.00066,0.08017,4004
17,0,star_sign,mlp_h16,0.001,0.0,0.77244,0.9995,4004
17,0,star_sign,mlp_h32,0.001,0.0,0.57683,0.99575,4004
17,0,star_sign,mlp_h64,0.001,0.0,0.2225,1.0,4004
17,0,star_sign,mlp_h128,0.001,0.0,0.03665,1.0,4004
17,0,star_sign,attention,0.0001,1e-05,2.36267,1.0,4004
17,0,star_sign,shuffled,0.01,0.0001,2.99952,0.09515,4004
17,4,age_bin,ema_lr1e-3,0.001,0.0001,1.43409,0.35215,4004
17,4,age_bin,ema_lr5e-3,0.005,0.0001,1.37259,0.31918,4004
17,4,age_bin,ema_lr1e-2,0.01,0.0001,1.3054,0.39286,4004
17,4,age_bin,ema_lr5e-2,0.05,0.0001,0.97915,0.71429,4004
17,4,age_bin,ema_lr1e-2_wd1e-3,0.01,0.001,1.28518,0.39311,4004
17,4,age_bin,ema_d0.99,0.01,0.0001,1.29493,0.37912,4004
17,4,age_bin,ema_d0.9999,0.01,0.0001,1.30779,0.38412,4004
17,4,age_bin,mlp_h16,0.001,0.0,0.12747,1.0,4004
17,4,age_bin,mlp_h32,0.001,0.0,0.16424,1.0,4004
17,4,age_bin,mlp_h64,0.001,0.0,0.00842,1.0,4004
17,4,age_bin,mlp_h128,0.001,0.0,0.0036,1.0,4004
17,4,age_bin,attention,0.0001,1e-05,0.0,1.0,4004
17,4,age_bin,shuffled,0.01,0.0001,1.27663,0.38686,4004
17,4,gender,ema_lr1e-3,0.001,0.0001,0.95855,0.50999,4004
17,4,gender,ema_lr5e-3,0.005,0.0001,0.9259,0.49725,4004
17,4,gender,ema_lr1e-2,0.01,0.0001,0.93006,0.48776,4004
17,4,gender,ema_lr5e-2,0.05,0.0001,1.11538,0.53022,4004
17,4,gender,ema_lr1e-2_wd1e-3,0.01,0.001,0.89402,0.502,4004
17,4,gender,ema_d0.99,0.01,0.0001,0.89854,0.49201,4004
17,4,gender,ema_d0.9999,0.01,0.0001,0.92491,0.4995,4004
17,4,gender,mlp_h16,0.001,0.0,0.69149,0.53721,4004
17,4,gender,mlp_h32,0.001,0.0,0.6883,0.53646,4004
17,4,gender,mlp_h64,0.001,0.0,0.69647,0.52997,4004
17,4,gender,mlp_h128,0.001,0.0,0.71784,0.53397,4004
17,4,gender,attention,0.0001,1e-05,0.72796,0.50781,4004
17,4,gender,shuffled,0.01,0.0001,0.90755,0.50874,4004
17,4,star_sign,ema_lr1e-3,0.001,0.0001,3.14785,0.08067,4004
17,4,star_sign,ema_lr5e-3,0.005,0.0001,2.9285,0.10415,4004
17,4,star_sign,ema_lr1e-2,0.01,0.0001,2.85061,0.10939,4004
17,4,star_sign,ema_lr5e-2,0.05,0.0001,2.20963,0.2992,4004
17,4,star_sign,ema_lr1e-2_wd1e-3,0.01,0.001,2.87783,0.09965,4004
17,4,star_sign,ema_d0.99,0.01,0.0001,2.83432,0.0999,4004
17,4,star_sign,ema_d0.9999,0.01,0.0001,2.86238,0.11039,4004
17,4,star_sign,mlp_h16,0.001,0.0,1.11505,0.99151,4004
17,4,star_sign,mlp_h32,0.001,0.0,0.33767,1.0,4004
17,4,star_sign,mlp_h64,0.001,0.0,0.08199,1.0,4004
17,4,star_sign,mlp_h128,0.001,0.0,0.00629,1.0,4004
17,4,star_sign,attention,0.0001,1e-05,0.01182,1.0,4004
17,4,star_sign,shuffled,0.01,0.0001,2.82354,0.12238,4004
17,8,age_bin,ema_lr1e-3,0.001,0.0001,1.50373,0.3479,4004
17,8,age_bin,ema_lr5e-3,0.005,0.0001,1.46723,0.34166,4004
17,8,age_bin,ema_lr1e-2,0.01,0.0001,1.29773,0.39985,4004
17,8,age_bin,ema_lr5e-2,0.05,0.0001,1.09338,0.44955,4004
17,8,age_bin,ema_lr1e-2_wd1e-3,0.01,0.001,1.32638,0.38012,4004
17,8,age_bin,ema_d0.99,0.01,0.0001,1.33722,0.38561,4004
17,8,age_bin,ema_d0.9999,0.01,0.0001,1.26932,0.4021,4004
17,8,age_bin,mlp_h16,0.001,0.0,0.69857,0.75999,4004
17,8,age_bin,mlp_h32,0.001,0.0,0.06012,1.0,4004
17,8,age_bin,mlp_h64,0.001,0.0,0.01262,1.0,4004
17,8,age_bin,mlp_h128,0.001,0.0,0.00583,1.0,4004
17,8,age_bin,attention,0.0001,1e-05,0.0,1.0,4004
17,8,age_bin,shuffled,0.01,0.0001,1.29545,0.39411,4004
17,8,gender,ema_lr1e-3,0.001,0.0001,0.95186,0.50225,4004
17,8,gender,ema_lr5e-3,0.005,0.0001,0.98069,0.49026,4004
17,8,gender,ema_lr1e-2,0.01,0.0001,0.87556,0.51099,4004
17,8,gender,ema_lr5e-2,0.05,0.0001,1.08163,0.48002,4004
17,8,gender,ema_lr1e-2_wd1e-3,0.01,0.001,0.912,0.51374,4004
17,8,gender,ema_d0.99,0.01,0.0001,0.85429,0.53397,4004
17,8,gender,ema_d0.9999,0.01,0.0001,0.91761,0.47827,4004
17,8,gender,mlp_h16,0.001,0.0,0.69822,0.51798,4004
17,8,gender,mlp_h32,0.001,0.0,0.69333,0.54271,4004
17,8,gender,mlp_h64,0.001,0.0,0.69026,0.5507,4004
17,8,gender,mlp_h128,0.001,0.0,0.69448,0.54371,4004
17,8,gender,attention,0.0001,1e-05,0.68343,0.58594,4004
17,8,gender,shuffled,0.01,0.0001,0.93662,0.4985,4004
17,8,star_sign,ema_lr1e-3,0.001,0.0001,3.13969,0.07068,4004
17,8,star_sign,ema_lr5e-3,0.005,0.0001,2.98368,0.09491,4004
17,8,star_sign,ema_lr1e-2,0.01,0.0001,2.91237,0.10539,4004
17,8,star_sign,ema_lr5e-2,0.05,0.0001,2.2269,0.27822,4004
17,8,star_sign,ema_lr1e-2_wd1e-3,0.01,0.001,2.97474,0.1019,4004
17,8,star_sign,ema_d0.99,0.01,0.0001,2.94427,0.09565,4004
17,8,star_sign,ema_d0.9999,0.01,0.0001,2.92427,0.10914,4004
17,8,star_sign,mlp_h16,0.001,0.0,1.05438,0.91409,4004
17,8,star_sign,mlp_h32,0.001,0.0,0.64623,1.0,4004
17,8,star_sign,mlp_h64,0.001,0.0,0.1228,1.0,4004
17,8,star_sign,mlp_h128,0.001,0.0,0.00726,1.0,4004
17,8,star_sign,attention,0.0001,1e-05,0.0,1.0,4004
17,8,star_sign,shuffled,0.01,0.0001,2.90067,0.10739,4004
17,12,age_bin,ema_lr1e-3,0.001,0.0001,1.48456,0.32268,4004
17,12,age_bin,ema_lr5e-3,0.005,0.0001,1.47851,0.3549,4004
17,12,age_bin,ema_lr1e-2,0.01,0.0001,1.3523,0.37088,4004
17,12,age_bin,ema_lr5e-2,0.05,0.0001,0.93493,0.56044,4004
17,12,age_bin,ema_lr1e-2_wd1e-3,0.01,0.001,1.38627,0.37737,4004
17,12,age_bin,ema_d0.99,0.01,0.0001,1.29637,0.40085,4004
17,12,age_bin,ema_d0.9999,0.01,0.0001,1.33361,0.38087,4004
17,12,age_bin,mlp_h16,0.001,0.0,0.11097,1.0,4004
17,12,age_bin,mlp_h32,0.001,0.0,0.08342,1.0,4004
17,12,age_bin,mlp_h64,0.001,0.0,0.05713,1.0,4004
17,12,age_bin,mlp_h128,0.001,0.0,0.00478,1.0,4004
17,12,age_bin,attention,0.0001,1e-05,0.00266,1.0,4004
17,12,age_bin,shuffled,0.01,0.0001,1.36632,0.37762,4004
17,12,gender,ema_lr1e-3,0.001,0.0001,1.04076,0.48726,4004
17,12,gender,ema_lr5e-3,0.005,0.0001,0.93985,0.49925,4004
17,12,gender,ema_lr1e-2,0.01,0.0001,0.93049,0.50924,4004
17,12,gender,ema_lr5e-2,0.05,0.0001,0.89849,0.51723,4004
17,12,gender,ema_lr1e-2_wd1e-3,0.01,0.001,0.92358,0.50425,4004
17,12,gender,ema_d0.99,0.01,0.0001,0.87203,0.52098,4004
17,12,gender,ema_d0.9999,0.01,0.0001,0.92293,0.51299,4004
17,12,gender,mlp_h16,0.001,0.0,0.68576,0.5452,4004
17,12,gender,mlp_h32,0.001,0.0,0.69283,0.54221,4004
17,12,gender,mlp_h64,0.001,0.0,0.69468,0.55345,4004
17,12,gender,mlp_h128,0.001,0.0,0.6929,0.55844,4004
17,12,gender,attention,0.0001,1e-05,0.71773,0.53906,4004
17,12,gender,shuffled,0.01,0.0001,0.94183,0.49226,4004
17,12,star_sign,ema_lr1e-3,0.001,0.0001,3.21786,0.10115,4004
17,12,star_sign,ema_lr5e-3,0.005,0.0001,3.10475,0.0984,4004
17,12,star_sign,ema_lr1e-2,0.01,0.0001,2.92999,0.10714,4004
17,12,star_sign,ema_lr5e-2,0.05,0.0001,2.23414,0.27572,4004
17,12,star_sign,ema_lr1e-2_wd1e-3,0.01,0.001,2.94942,0.09765,4004
17,12,star_sign,ema_d0.99,0.01,0.0001,2.94655,0.10664,4004
17,12,star_sign,ema_d0.9999,0.01,0.0001,2.94985,0.10789,4004
17,12,star_sign,mlp_h16,0.001,0.0,0.63731,0.98976,4004
17,12,star_sign,mlp_h32,0.001,0.0,0.68604,0.99975,4004
17,12,star_sign,mlp_h64,0.001,0.0,0.07204,1.0,4004
17,12,star_sign,mlp_h128,0.001,0.0,0.01905,1.0,4004
17,12,star_sign,attention,0.0001,1e-05,0.00123,1.0,4004
17,12,star_sign,shuffled,0.01,0.0001,2.95666,0.10165,4004
17,16,age_bin,ema_lr1e-3,0.001,0.0001,1.60096,0.33167,4004
17,16,age_bin,ema_lr5e-3,0.005,0.0001,1.45993,0.34091,4004
17,16,age_bin,ema_lr1e-2,0.01,0.0001,1.39526,0.35465,4004
17,16,age_bin,ema_lr5e-2,0.05,0.0001,0.88666,0.61663,4004
17,16,age_bin,ema_lr1e-2_wd1e-3,0.01,0.001,1.39414,0.37662,4004
17,16,age_bin,ema_d0.99,0.01,0.0001,1.34027,0.36788,4004
17,16,age_bin,ema_d0.9999,0.01,0.0001,1.30282,0.36763,4004
17,16,age_bin,mlp_h16,0.001,0.0,0.31564,0.97003,4004
17,16,age_bin,mlp_h32,0.001,0.0,0.05207,1.0,4004
17,16,age_bin,mlp_h64,0.001,0.0,0.00795,1.0,4004
17,16,age_bin,mlp_h128,0.001,0.0,0.00382,1.0,4004
17,16,age_bin,attention,0.0001,1e-05,3e-05,1.0,4004
17,16,age_bin,shuffled,0.01,0.0001,1.34615,0.37837,4004
17,16,gender,ema_lr1e-3,0.001,0.0001,1.01847,0.48951,4004
17,16,gender,ema_lr5e-3,0.005,0.0001,1.01368,0.49026,4004
17,16,gender,ema_lr1e-2,0.01,0.0001,0.9085,0.51474,4004
17,16,gender,ema_lr5e-2,0.05,0.0001,0.81478,0.53372,4004
17,16,gender,ema_lr1e-2_wd1e-3,0.01,0.001,0.90153,0.51374,4004
17,16,gender,ema_d0.99,0.01,0.0001,0.93985,0.49201,4004
17,16,gender,ema_d0.9999,0.01,0.0001,0.96162,0.4965,4004
17,16,gender,mlp_h16,0.001,0.0,0.70451,0.53447,4004
17,16,gender,mlp_h32,0.001,0.0,0.69301,0.54221,4004
17,16,gender,mlp_h64,0.001,0.0,0.69468,0.5482,4004
17,16,gender,mlp_h128,0.001,0.0,0.69281,0.5457,4004
17,16,gender,attention,0.0001,1e-05,0.80453,0.48438,4004
17,16,gender,shuffled,0.01,0.0001,0.90315,0.49051,4004
17,16,star_sign,ema_lr1e-3,0.001,0.0001,3.35412,0.06344,4004
17,16,star_sign,ema_lr5e-3,0.005,0.0001,3.15847,0.08067,4004
17,16,star_sign,ema_lr1e-2,0.01,0.0001,3.01033,0.11489,4004
17,16,star_sign,ema_lr5e-2,0.05,0.0001,2.25108,0.27423,4004
17,16,star_sign,ema_lr1e-2_wd1e-3,0.01,0.001,2.98871,0.10739,4004
17,16,star_sign,ema_d0.99,0.01,0.0001,2.96476,0.10514,4004
17,16,star_sign,ema_d0.9999,0.01,0.0001,3.00485,0.10664,4004
17,16,star_sign,mlp_h16,0.001,0.0,0.81812,0.9478,4004
17,16,star_sign,mlp_h32,0.001,0.0,0.52666,0.98951,4004
17,16,star_sign,mlp_h64,0.001,0.0,0.20853,1.0,4004
17,16,star_sign,mlp_h128,0.001,0.0,0.00897,1.0,4004
17,16,star_sign,attention,0.0001,1e-05,5e-05,1.0,4004
17,16,star_sign,shuffled,0.01,0.0001,3.01904,0.10689,4004
18,0,age_bin,ema_lr1e-3,0.001,0.0001,1.58191,0.30828,3393
18,0,age_bin,ema_lr5e-3,0.005,0.0001,1.42785,0.45623,3393
18,0,age_bin,ema_lr1e-2,0.01,0.0001,1.35851,0.42912,3393
18,0,age_bin,ema_lr5e-2,0.05,0.0001,0.83141,0.77454,3393
18,0,age_bin,ema_lr1e-2_wd1e-3,0.01,0.001,1.31392,0.40613,3393
18,0,age_bin,ema_d0.99,0.01,0.0001,1.32647,0.45623,3393
18,0,age_bin,ema_d0.9999,0.01,0.0001,1.36575,0.40878,3393
18,0,age_bin,mlp_h16,0.001,0.0,0.15678,1.0,3393
18,0,age_bin,mlp_h32,0.001,0.0,0.11089,0.99971,3393
18,0,age_bin,mlp_h64,0.001,0.0,0.03758,1.0,3393
18,0,age_bin,mlp_h128,0.001,0.0,0.00885,1.0,3393
18,0,age_bin,attention,0.0001,1e-05,1.01267,1.0,3393
18,0,age_bin,shuffled,0.01,0.0001,1.33643,0.44798,3393
18,0,gender,ema_lr1e-3,0.001,0.0001,0.95858,0.51105,3393
18,0,gender,ema_lr5e-3,0.005,0.0001,0.97566,0.49042,3393
18,0,gender,ema_lr1e-2,0.01,0.0001,0.91809,0.51665,3393
18,0,gender,ema_lr5e-2,0.05,0.0001,0.83191,0.52255,3393
18,0,gender,ema_lr1e-2_wd1e-3,0.01,0.001,0.90156,0.48806,3393
18,0,gender,ema_d0.99,0.01,0.0001,0.9068,0.50251,3393
18,0,gender,ema_d0.9999,0.01,0.0001,0.91788,0.51105,3393
18,0,gender,mlp_h16,0.001,0.0,0.69292,0.51488,3393
18,0,gender,mlp_h32,0.001,0.0,0.69441,0.52196,3393
18,0,gender,mlp_h64,0.001,0.0,0.69161,0.53905,3393
18,0,gender,mlp_h128,0.001,0.0,0.69642,0.54082,3393
18,0,gender,attention,0.0001,1e-05,0.69159,0.59375,3393
18,0,gender,shuffled,0.01,0.0001,0.93825,0.49602,3393
18,0,star_sign,ema_lr1e-3,0.001,0.0001,3.23137,0.04627,3393
18,0,star_sign,ema_lr5e-3,0.005,0.0001,3.10821,0.07339,3393
18,0,star_sign,ema_lr1e-2,0.01,0.0001,2.98138,0.1061,3393
18,0,star_sign,ema_lr5e-2,0.05,0.0001,2.24243,0.47657,3393
18,0,star_sign,ema_lr1e-2_wd1e-3,0.01,0.001,2.99487,0.09814,3393
18,0,star_sign,ema_d0.99,0.01,0.0001,2.9863,0.16622,3393
18,0,star_sign,ema_d0.9999,0.01,0.0001,3.01733,0.07486,3393
18,0,star_sign,mlp_h16,0.001,0.0,0.71058,0.99971,3393
18,0,star_sign,mlp_h32,0.001,0.0,0.50561,0.99587,3393
18,0,star_sign,mlp_h64,0.001,0.0,0.18184,1.0,3393
18,0,star_sign,mlp_h128,0.001,0.0,0.0273,1.0,3393
18,0,star_sign,attention,0.0001,1e-05,2.35445,1.0,3393
18,0,star_sign,shuffled,0.01,0.0001,2.98873,0.13646,3393
18,4,age_bin,ema_lr1e-3,0.001,0.0001,1.45199,0.34306,3393
18,4,age_bin,ema_lr5e-3,0.005,0.0001,1.35962,0.34188,3393
18,4,age_bin,ema_lr1e-2,0.01,0.0001,1.33016,0.38314,3393
18,4,age_bin,ema_lr5e-2,0.05,0.0001,1.18491,0.39346,3393
18,4,age_bin,ema_lr1e-2_wd1e-3,0.01,0.001,1.28406,0.37135,3393
18,4,age_bin,ema_d0.99,0.01,0.0001,1.26788,0.36752,3393
18,4,age_bin,ema_d0.9999,0.01,0.0001,1.30622,0.38078,3393
18,4,age_bin,mlp_h16,0.001,0.0,0.10374,1.0,3393
18,4,age_bin,mlp_h32,0.001,0.0,0.13766,1.0,3393
18,4,age_bin,mlp_h64,0.001,0.0,0.00645,1.0,3393
18,4,age_bin,mlp_h128,0.001,0.0,0.00265,1.0,3393
18,4,age_bin,attention,0.0001,1e-05,0.0,1.0,3393
18,4,age_bin,shuffled,0.01,0.0001,1.28556,0.37518,3393
18,4,gender,ema_lr1e-3,0.001,0.0001,0.96013,0.49042,3393
18,4,gender,ema_lr5e-3,0.005,0.0001,0.93664,0.49749,3393
18,4,gender,ema_lr1e-2,0.01,0.0001,0.93061,0.51017,3393
18,4,gender,ema_lr5e-2,0.05,0.0001,1.17285,0.48187,3393
18,4,gender,ema_lr1e-2_wd1e-3,0.01,0.001,0.87359,0.51901,3393
18,4,gender,ema_d0.99,0.01,0.0001,0.88142,0.51135,3393
18,4,gender,ema_d0.9999,0.01,0.0001,0.90041,0.50015,3393
18,4,gender,mlp_h16,0.001,0.0,0.68277,0.56174,3393
18,4,gender,mlp_h32,0.001,0.0,0.68503,0.5529,3393
18,4,gender,mlp_h64,0.001,0.0,0.68394,0.56292,3393
18,4,gender,mlp_h128,0.001,0.0,0.70617,0.54701,3393
18,4,gender,attention,0.0001,1e-05,0.73754,0.47656,3393
18,4,gender,shuffled,0.01,0.0001,0.90419,0.50516,3393
18,4,star_sign,ema_lr1e-3,0.001,0.0001,3.19046,0.07044,3393
18,4,star_sign,ema_lr5e-3,0.005,0.0001,3.00074,0.08341,3393
18,4,star_sign,ema_lr1e-2,0.01,0.0001,2.80648,0.11376,3393
18,4,star_sign,ema_lr5e-2,0.05,0.0001,2.17807,0.28205,3393
18,4,star_sign,ema_lr1e-2_wd1e-3,0.01,0.001,2.90463,0.09372,3393
18,4,star_sign,ema_d0.99,0.01,0.0001,2.87404,0.09549,3393
18,4,star_sign,ema_d0.9999,0.01,0.0001,2.84739,0.10315,3393
18,4,star_sign,mlp_h16,0.001,0.0,1.01463,0.99853,3393
18,4,star_sign,mlp_h32,0.001,0.0,0.2698,1.0,3393
18,4,star_sign,mlp_h64,0.001,0.0,0.05904,1.0,3393
18,4,star_sign,mlp_h128,0.001,0.0,0.00424,1.0,3393
18,4,star_sign,attention,0.0001,1e-05,0.00839,1.0,3393
18,4,star_sign,shuffled,0.01,0.0001,2.84522,0.11671,3393
18,8,age_bin,ema_lr1e-3,0.001,0.0001,1.50272,0.36251,3393
18,8,age_bin,ema_lr5e-3,0.005,0.0001,1.43476,0.35455,3393
18,8,age_bin,ema_lr1e-2,0.01,0.0001,1.27656,0.4023,3393
18,8,age_bin,ema_lr5e-2,0.05,0.0001,1.23085,0.6814,3393
18,8,age_bin,ema_lr1e-2_wd1e-3,0.01,0.001,1.40079,0.34984,3393
18,8,age_bin,ema_d0.99,0.01,0.0001,1.33124,0.38992,3393
18,8,age_bin,ema_d0.9999,0.01,0.0001,1.2941,0.38697,3393
18,8,age_bin,mlp_h16,0.001,0.0,0.65581,0.85647,3393
18,8,age_bin,mlp_h32,0.001,0.0,0.04936,1.0,3393
18,8,age_bin,mlp_h64,0.001,0.0,0.01011,1.0,3393
18,8,age_bin,mlp_h128,0.001,0.0,0.00461,1.0,3393
18,8,age_bin,attention,0.0001,1e-05,0.0,1.0,3393
18,8,age_bin,shuffled,0.01,0.0001,1.34331,0.36163,3393
18,8,gender,ema_lr1e-3,0.001,0.0001,1.00466,0.48423,3393
18,8,gender,ema_lr5e-3,0.005,0.0001,0.94039,0.50987,3393
18,8,gender,ema_lr1e-2,0.01,0.0001,0.87648,0.51901,3393
18,8,gender,ema_lr5e-2,0.05,0.0001,1.11121,0.53227,3393
18,8,gender,ema_lr1e-2_wd1e-3,0.01,0.001,0.8955,0.51871,3393
18,8,gender,ema_d0.99,0.01,0.0001,0.94859,0.49455,3393
18,8,gender,ema_d0.9999,0.01,0.0001,0.87469,0.52284,3393
18,8,gender,mlp_h16,0.001,0.0,0.68668,0.54789,3393
18,8,gender,mlp_h32,0.001,0.0,0.69987,0.53581,3393
18,8,gender,mlp_h64,0.001,0.0,0.68698,0.55438,3393
18,8,gender,mlp_h128,0.001,0.0,0.69814,0.54229,3393
18,8,gender,attention,0.0001,1e-05,0.69224,0.57031,3393
18,8,gender,shuffled,0.01,0.0001,0.91533,0.51282,3393
18,8,star_sign,ema_lr1e-3,0.001,0.0001,3.18718,0.07073,3393
18,8,star_sign,ema_lr5e-3,0.005,0.0001,2.98021,0.10109,3393
18,8,star_sign,ema_lr1e-2,0.01,0.0001,2.87254,0.11111,3393
18,8,star_sign,ema_lr5e-2,0.05,0.0001,2.23135,0.27468,3393
18,8,star_sign,ema_lr1e-2_wd1e-3,0.01,0.001,2.86531,0.11141,3393
18,8,star_sign,ema_d0.99,0.01,0.0001,2.89144,0.11317,3393
18,8,star_sign,ema_d0.9999,0.01,0.0001,2.82986,0.12172,3393
18,8,star_sign,mlp_h16,0.001,0.0,0.97711,0.90628,3393
18,8,star_sign,mlp_h32,0.001,0.0,0.54559,1.0,3393
18,8,star_sign,mlp_h64,0.001,0.0,0.09244,1.0,3393
18,8,star_sign,mlp_h128,0.001,0.0,0.00525,1.0,3393
18,8,star_sign,attention,0.0001,1e-05,0.0,1.0,3393
18,8,star_sign,shuffled,0.01,0.0001,2.93996,0.10197,3393
18,12,age_bin,ema_lr1e-3,0.001,0.0001,1.54556,0.30003,3393
18,12,age_bin,ema_lr5e-3,0.005,0.0001,1.50287,0.35455,3393
18,12,age_bin,ema_lr1e-2,0.01,0.0001,1.35258,0.37518,3393
18,12,age_bin,ema_lr5e-2,0.05,0.0001,0.98122,0.63248,3393
18,12,age_bin,ema_lr1e-2_wd1e-3,0.01,0.001,1.38616,0.36546,3393
18,12,age_bin,ema_d0.99,0.01,0.0001,1.32787,0.37342,3393
18,12,age_bin,ema_d0.9999,0.01,0.0001,1.34645,0.37371,3393
18,12,age_bin,mlp_h16,0.001,0.0,0.10207,1.0,3393
18,12,age_bin,mlp_h32,0.001,0.0,0.07341,1.0,3393
18,12,age_bin,mlp_h64,0.001,0.0,0.04945,1.0,3393
18,12,age_bin,mlp_h128,0.001,0.0,0.00402,1.0,3393
18,12,age_bin,attention,0.0001,1e-05,0.00355,1.0,3393
18,12,age_bin,shuffled,0.01,0.0001,1.27693,0.40967,3393
18,12,gender,ema_lr1e-3,0.001,0.0001,0.98524,0.51695,3393
18,12,gender,ema_lr5e-3,0.005,0.0001,0.9277,0.50309,3393
18,12,gender,ema_lr1e-2,0.01,0.0001,0.87654,0.52431,3393
18,12,gender,ema_lr5e-2,0.05,0.0001,0.95564,0.49897,3393
18,12,gender,ema_lr1e-2_wd1e-3,0.01,0.001,0.90762,0.50309,3393
18,12,gender,ema_d0.99,0.01,0.0001,0.88912,0.4972,3393
18,12,gender,ema_d0.9999,0.01,0.0001,0.86375,0.53316,3393
18,12,gender,mlp_h16,0.001,0.0,0.68036,0.57088,3393
18,12,gender,mlp_h32,0.001,0.0,0.68275,0.56263,3393
18,12,gender,mlp_h64,0.001,0.0,0.68469,0.55939,3393
18,12,gender,mlp_h128,0.001,0.0,0.67952,0.57707,3393
18,12,gender,attention,0.0001,1e-05,0.74664,0.49219,3393
18,12,gender,shuffled,0.01,0.0001,0.92717,0.49278,3393
18,12,star_sign,ema_lr1e-3,0.001,0.0001,3.39778,0.08518,3393
18,12,star_sign,ema_lr5e-3,0.005,0.0001,3.04891,0.10139,3393
18,12,star_sign,ema_lr1e-2,0.01,0.0001,2.90962,0.1061,3393
18,12,star_sign,ema_lr5e-2,0.05,0.0001,2.21495,0.27881,3393
18,12,star_sign,ema_lr1e-2_wd1e-3,0.01,0.001,2.8599,0.11258,3393
18,12,star_sign,ema_d0.99,0.01,0.0001,3.00811,0.09549,3393
18,12,star_sign,ema_d0.9999,0.01,0.0001,2.94443,0.11317,3393
18,12,star_sign,mlp_h16,0.001,0.0,0.66205,0.98821,3393
18,12,star_sign,mlp_h32,0.001,0.0,0.636,1.0,3393
18,12,star_sign,mlp_h64,0.001,0.0,0.05802,1.0,3393
18,12,star_sign,mlp_h128,0.001,0.0,0.01513,1.0,3393
18,12,star_sign,attention,0.0001,1e-05,0.00049,1.0,3393
18,12,star_sign,shuffled,0.01,0.0001,2.97733,0.09431,3393
18,16,age_bin,ema_lr1e-3,0.001,0.0001,1.57761,0.31329,3393
18,16,age_bin,ema_lr5e-3,0.005,0.0001,1.33622,0.38904,3393
18,16,age_bin,ema_lr1e-2,0.01,0.0001,1.27153,0.39581,3393
18,16,age_bin,ema_lr5e-2,0.05,0.0001,0.87862,0.61715,3393
18,16,age_bin,ema_lr1e-2_wd1e-3,0.01,0.001,1.32768,0.39228,3393
18,16,age_bin,ema_d0.99,0.01,0.0001,1.28225,0.38609,3393
18,16,age_bin,ema_d0.9999,0.01,0.0001,1.33707,0.35131,3393
18,16,age_bin,mlp_h16,0.001,0.0,0.2689,0.98261,3393
18,16,age_bin,mlp_h32,0.001,0.0,0.04386,1.0,3393
18,16,age_bin,mlp_h64,0.001,0.0,0.0066,1.0,3393
18,16,age_bin,mlp_h128,0.001,0.0,0.00315,1.0,3393
18,16,age_bin,attention,0.0001,1e-05,3e-05,1.0,3393
18,16,age_bin,shuffled,0.01,0.0001,1.37111,0.36428,3393
18,16,gender,ema_lr1e-3,0.001,0.0001,1.02983,0.48983,3393
18,16,gender,ema_lr5e-3,0.005,0.0001,0.9215,0.52225,3393
18,16,gender,ema_lr1e-2,0.01,0.0001,0.90559,0.52019,3393
18,16,gender,ema_lr5e-2,0.05,0.0001,0.79295,0.53168,3393
18,16,gender,ema_lr1e-2_wd1e-3,0.01,0.001,0.93957,0.48836,3393
18,16,gender,ema_d0.99,0.01,0.0001,0.90176,0.49838,3393
18,16,gender,ema_d0.9999,0.01,0.0001,0.86547,0.53699,3393
18,16,gender,mlp_h16,0.001,0.0,0.68184,0.55762,3393
18,16,gender,mlp_h32,0.001,0.0,0.68403,0.55585,3393
18,16,gender,mlp_h64,0.001,0.0,0.67909,0.56558,3393
18,16,gender,mlp_h128,0.001,0.0,0.68221,0.56233,3393
18,16,gender,attention,0.0001,1e-05,0.77127,0.42969,3393
18,16,gender,shuffled,0.01,0.0001,0.8874,0.50015,3393
18,16,star_sign,ema_lr1e-3,0.001,0.0001,3.19044,0.07191,3393
18,16,star_sign,ema_lr5e-3,0.005,0.0001,2.99469,0.10669,3393
18,16,star_sign,ema_lr1e-2,0.01,0.0001,2.97913,0.1061,3393
18,16,star_sign,ema_lr5e-2,0.05,0.0001,2.27001,0.24934,3393
18,16,star_sign,ema_lr1e-2_wd1e-3,0.01,0.001,2.95095,0.11406,3393
18,16,star_sign,ema_d0.99,0.01,0.0001,3.01988,0.09254,3393
18,16,star_sign,ema_d0.9999,0.01,0.0001,2.98982,0.10581,3393
18,16,star_sign,mlp_h16,0.001,0.0,0.74306,0.95491,3393
18,16,star_sign,mlp_h32,0.001,0.0,0.43289,0.99646,3393
18,16,star_sign,mlp_h64,0.001,0.0,0.15019,1.0,3393
18,16,star_sign,mlp_h128,0.001,0.0,0.0071,1.0,3393
18,16,star_sign,attention,0.0001,1e-05,2e-05,1.0,3393
18,16,star_sign,shuffled,0.01,0.0001,2.96906,0.09903,3393
19,0,age_bin,ema_lr1e-3,0.001,0.0001,1.57992,0.327,3893
19,0,age_bin,ema_lr5e-3,0.005,0.0001,1.40407,0.41202,3893
19,0,age_bin,ema_lr1e-2,0.01,0.0001,1.34427,0.44336,3893
19,0,age_bin,ema_lr5e-2,0.05,0.0001,0.8121,0.77883,3893
19,0,age_bin,ema_lr1e-2_wd1e-3,0.01,0.001,1.32368,0.40611,3893
19,0,age_bin,ema_d0.99,0.01,0.0001,1.34359,0.50141,3893
19,0,age_bin,ema_d0.9999,0.01,0.0001,1.36094,0.40586,3893
19,0,age_bin,mlp_h16,0.001,0.0,0.13934,1.0,3893
19,0,age_bin,mlp_h32,0.001,0.0,0.09567,1.0,3893
19,0,age_bin,mlp_h64,0.001,0.0,0.03129,1.0,3893
19,0,age_bin,mlp_h128,0.001,0.0,0.00698,1.0,3893
19,0,age_bin,attention,0.0001,1e-05,1.0088,1.0,3893
19,0,age_bin,shuffled,0.01,0.0001,1.31757,0.45004,3893
19,0,gender,ema_lr1e-3,0.001,0.0001,0.96746,0.50501,3893
19,0,gender,ema_lr5e-3,0.005,0.0001,0.96687,0.50501,3893
19,0,gender,ema_lr1e-2,0.01,0.0001,0.9246,0.49011,3893
19,0,gender,ema_lr5e-2,0.05,0.0001,0.8344,0.49884,3893
19,0,gender,ema_lr1e-2_wd1e-3,0.01,0.001,0.93451,0.49217,3893
19,0,gender,ema_d0.99,0.01,0.0001,0.91924,0.49525,3893
19,0,gender,ema_d0.9999,0.01,0.0001,0.92007,0.50629,3893
19,0,gender,mlp_h16,0.001,0.0,0.69802,0.4973,3893
19,0,gender,mlp_h32,0.001,0.0,0.70319,0.49396,3893
19,0,gender,mlp_h64,0.001,0.0,0.70569,0.49884,3893
19,0,gender,mlp_h128,0.001,0.0,0.71105,0.50141,3893
19,0,gender,attention,0.0001,1e-05,0.69337,0.46875,3893
19,0,gender,shuffled,0.01,0.0001,0.93543,0.50372,3893
19,0,star_sign,ema_lr1e-3,0.001,0.0001,3.25621,0.04752,3893
19,0,star_sign,ema_lr5e-3,0.005,0.0001,3.11111,0.06756,3893
19,0,star_sign,ema_lr1e-2,0.01,0.0001,2.99917,0.09864,3893
19,0,star_sign,ema_lr5e-2,0.05,0.0001,2.15373,0.51605,3893
19,0,star_sign,ema_lr1e-2_wd1e-3,0.01,0.001,2.95913,0.10455,3893
19,0,star_sign,ema_d0.99,0.01,0.0001,2.98169,0.16902,3893
19,0,star_sign,ema_d0.9999,0.01,0.0001,2.98803,0.0899,3893
19,0,star_sign,mlp_h16,0.001,0.0,0.64812,0.99949,3893
19,0,star_sign,mlp_h32,0.001,0.0,0.44047,0.99897,3893
19,0,star_sign,mlp_h64,0.001,0.0,0.1464,1.0,3893
19,0,star_sign,mlp_h128,0.001,0.0,0.02073,1.0,3893
19,0,star_sign,attention,0.0001,1e-05,2.34934,1.0,3893
19,0,star_sign,shuffled,0.01,0.0001,2.99433,0.12535,3893
19,4,age_bin,ema_lr1e-3,0.001,0.0001,1.48336,0.33599,3893
19,4,age_bin,ema_lr5e-3,0.005,0.0001,1.39352,0.31724,3893
19,4,age_bin,ema_lr1e-2,0.01,0.0001,1.28674,0.39943,3893
19,4,age_bin,ema_lr5e-2,0.05,0.0001,1.27577,0.7439,3893
19,4,age_bin,ema_lr1e-2_wd1e-3,0.01,0.001,1.26956,0.402,3893
19,4,age_bin,ema_d0.99,0.01,0.0001,1.2646,0.37966,3893
19,4,age_bin,ema_d0.9999,0.01,0.0001,1.29676,0.38248,3893
19,4,age_bin,mlp_h16,0.001,0.0,0.09015,1.0,3893
19,4,age_bin,mlp_h32,0.001,0.0,0.11556,1.0,3893
19,4,age_bin,mlp_h64,0.001,0.0,0.00508,1.0,3893
19,4,age_bin,mlp_h128,0.001,0.0,0.00205,1.0,3893
19,4,age_bin,attention,0.0001,1e-05,0.0,1.0,3893
19,4,age_bin,shuffled,0.01,0.0001,1.28018,0.38685,3893
19,4,gender,ema_lr1e-3,0.001,0.0001,0.91674,0.52453,3893
19,4,gender,ema_lr5e-3,0.005,0.0001,0.96917,0.47881,3893
19,4,gender,ema_lr1e-2,0.01,0.0001,0.92054,0.49396,3893
19,4,gender,ema_lr5e-2,0.05,0.0001,1.16487,0.52248,3893
19,4,gender,ema_lr1e-2_wd1e-3,0.01,0.001,0.89293,0.50809,3893
19,4,gender,ema_d0.99,0.01,0.0001,0.91875,0.50321,3893
19,4,gender,ema_d0.9999,0.01,0.0001,0.97911,0.47855,3893
19,4,gender,mlp_h16,0.001,0.0,0.69406,0.54637,3893
19,4,gender,mlp_h32,0.001,0.0,0.69489,0.54765,3893
19,4,gender,mlp_h64,0.001,0.0,0.70331,0.5402,3893
19,4,gender,mlp_h128,0.001,0.0,0.70143,0.53481,3893
19,4,gender,attention,0.0001,1e-05,0.70694,0.47656,3893
19,4,gender,shuffled,0.01,0.0001,0.93447,0.49396,3893
19,4,star_sign,ema_lr1e-3,0.001,0.0001,3.20433,0.06525,3893
19,4,star_sign,ema_lr5e-3,0.005,0.0001,2.9353,0.10609,3893
19,4,star_sign,ema_lr1e-2,0.01,0.0001,2.79957,0.11688,3893
19,4,star_sign,ema_lr5e-2,0.05,0.0001,2.15504,0.45363,3893
19,4,star_sign,ema_lr1e-2_wd1e-3,0.01,0.001,2.83519,0.10712,3893
19,4,star_sign,ema_d0.99,0.01,0.0001,2.8486,0.11482,3893
19,4,star_sign,ema_d0.9999,0.01,0.0001,2.85319,0.11431,3893
19,4,star_sign,mlp_h16,0.001,0.0,0.96015,0.99846,3893
19,4,star_sign,mlp_h32,0.001,0.0,0.21989,1.0,3893
19,4,star_sign,mlp_h64,0.001,0.0,0.04521,1.0,3893
19,4,star_sign,mlp_h128,0.001,0.0,0.00304,1.0,3893
19,4,star_sign,attention,0.0001,1e-05,0.0052,1.0,3893
19,4,star_sign,shuffled,0.01,0.0001,2.82528,0.12022,3893
19,8,age_bin,ema_lr1e-3,0.001,0.0001,1.52259,0.33881,3893
19,8,age_bin,ema_lr5e-3,0.005,0.0001,1.43193,0.35397,3893
19,8,age_bin,ema_lr1e-2,0.01,0.0001,1.27322,0.41228,3893
19,8,age_bin,ema_lr5e-2,0.05,0.0001,1.17093,0.42178,3893
19,8,age_bin,ema_lr1e-2_wd1e-3,0.01,0.001,1.34687,0.37452,3893
19,8,age_bin,ema_d0.99,0.01,0.0001,1.31421,0.38839,3893
19,8,age_bin,ema_d0.9999,0.01,0.0001,1.28288,0.40021,3893
19,8,age_bin,mlp_h16,0.001,0.0,0.60778,0.94554,3893
19,8,age_bin,mlp_h32,0.001,0.0,0.03968,1.0,3893
19,8,age_bin,mlp_h64,0.001,0.0,0.00782,1.0,3893
19,8,age_bin,mlp_h128,0.001,0.0,0.00341,1.0,3893
19,8,age_bin,attention,0.0001,1e-05,0.0,1.0,3893
19,8,age_bin,shuffled,0.01,0.0001,1.304,0.38788,3893
19,8,gender,ema_lr1e-3,0.001,0.0001,0.95158,0.51246,3893
19,8,gender,ema_lr5e-3,0.005,0.0001,0.98751,0.48908,3893
19,8,gender,ema_lr1e-2,0.01,0.0001,0.91844,0.49011,3893
19,8,gender,ema_lr5e-2,0.05,0.0001,1.21925,0.50039,3893
19,8,gender,ema_lr1e-2_wd1e-3,0.01,0.001,0.90031,0.52582,3893
19,8,gender,ema_d0.99,0.01,0.0001,0.89338,0.514,3893
19,8,gender,ema_d0.9999,0.01,0.0001,0.8708,0.51169,3893
19,8,gender,mlp_h16,0.001,0.0,0.70528,0.49062,3893
19,8,gender,mlp_h32,0.001,0.0,0.72273,0.50861,3893
19,8,gender,mlp_h64,0.001,0.0,0.70728,0.53378,3893
19,8,gender,mlp_h128,0.001,0.0,0.71675,0.50938,3893
19,8,gender,attention,0.0001,1e-05,0.7396,0.5,3893
19,8,gender,shuffled,0.01,0.0001,0.93123,0.49037,3893
19,8,star_sign,ema_lr1e-3,0.001,0.0001,3.15743,0.07064,3893
19,8,star_sign,ema_lr5e-3,0.005,0.0001,3.02068,0.09042,3893
19,8,star_sign,ema_lr1e-2,0.01,0.0001,2.88675,0.11379,3893
19,8,star_sign,ema_lr5e-2,0.05,0.0001,2.21393,0.37169,3893
19,8,star_sign,ema_lr1e-2_wd1e-3,0.01,0.001,2.88208,0.11097,3893
19,8,star_sign,ema_d0.99,0.01,0.0001,2.91104,0.10917,3893
19,8,star_sign,ema_d0.9999,0.01,0.0001,2.9192,0.12176,3893
19,8,star_sign,mlp_h16,0.001,0.0,0.87367,0.92474,3893
19,8,star_sign,mlp_h32,0.001,0.0,0.47515,1.0,3893
19,8,star_sign,mlp_h64,0.001,0.0,0.06772,1.0,3893
19,8,star_sign,mlp_h128,0.001,0.0,0.00364,1.0,3893
19,8,star_sign,attention,0.0001,1e-05,0.0,1.0,3893
19,8,star_sign,shuffled,0.01,0.0001,2.91876,0.10557,3893
19,12,age_bin,ema_lr1e-3,0.001,0.0001,1.5305,0.31903,3893
19,12,age_bin,ema_lr5e-3,0.005,0.0001,1.44489,0.36861,3893
19,12,age_bin,ema_lr1e-2,0.01,0.0001,1.3123,0.39918,3893
19,12,age_bin,ema_lr5e-2,0.05,0.0001,1.05381,0.48703,3893
19,12,age_bin,ema_lr1e-2_wd1e-3,0.01,0.001,1.37338,0.3925,3893
19,12,age_bin,ema_d0.99,0.01,0.0001,1.35369,0.3794,3893
19,12,age_bin,ema_d0.9999,0.01,0.0001,1.37413,0.36116,3893
19,12,age_bin,mlp_h16,0.001,0.0,0.081,1.0,3893
19,12,age_bin,mlp_h32,0.001,0.0,0.05754,1.0,3893
19,12,age_bin,mlp_h64,0.001,0.0,0.0387,1.0,3893
19,12,age_bin,mlp_h128,0.001,0.0,0.00308,1.0,3893
19,12,age_bin,attention,0.0001,1e-05,0.00229,1.0,3893
19,12,age_bin,shuffled,0.01,0.0001,1.35041,0.39789,3893
19,12,gender,ema_lr1e-3,0.001,0.0001,1.04028,0.4896,3893
19,12,gender,ema_lr5e-3,0.005,0.0001,0.93547,0.5027,3893
19,12,gender,ema_lr1e-2,0.01,0.0001,0.87736,0.52171,3893
19,12,gender,ema_lr5e-2,0.05,0.0001,1.05685,0.49242,3893
19,12,gender,ema_lr1e-2_wd1e-3,0.01,0.001,0.93061,0.49936,3893
19,12,gender,ema_d0.99,0.01,0.0001,0.91385,0.48728,3893
19,12,gender,ema_d0.9999,0.01,0.0001,0.91302,0.49859,3893
19,12,gender,mlp_h16,0.001,0.0,0.68447,0.54688,3893
19,12,gender,mlp_h32,0.001,0.0,0.685,0.54816,3893
19,12,gender,mlp_h64,0.001,0.0,0.69272,0.55561,3893
19,12,gender,mlp_h128,0.001,0.0,0.70378,0.55741,3893
19,12,gender,attention,0.0001,1e-05,0.7432,0.49219,3893
19,12,gender,shuffled,0.01,0.0001,0.93397,0.486,3893
19,12,star_sign,ema_lr1e-3,0.001,0.0001,3.24159,0.08862,3893
19,12,star_sign,ema_lr5e-3,0.005,0.0001,3.01757,0.11123,3893
19,12,star_sign,ema_lr1e-2,0.01,0.0001,2.8926,0.11071,3893
19,12,star_sign,ema_lr5e-2,0.05,0.0001,2.23526,0.28744,3893
19,12,star_sign,ema_lr1e-2_wd1e-3,0.01,0.001,2.89839,0.10198,3893
19,12,star_sign,ema_d0.99,0.01,0.0001,2.97556,0.10634,3893
19,12,star_sign,ema_d0.9999,0.01,0.0001,2.97114,0.11636,3893
19,12,star_sign,mlp_h16,0.001,0.0,0.52106,0.99075,3893
19,12,star_sign,mlp_h32,0.001,0.0,0.50713,1.0,3893
19,12,star_sign,mlp_h64,0.001,0.0,0.04084,1.0,3893
19,12,star_sign,mlp_h128,0.001,0.0,0.01001,1.0,3893
19,12,star_sign,attention,0.0001,1e-05,0.00037,1.0,3893
19,12,star_sign,shuffled,0.01,0.0001,2.99582,0.11662,3893
19,16,age_bin,ema_lr1e-3,0.001,0.0001,1.60856,0.33496,3893
19,16,age_bin,ema_lr5e-3,0.005,0.0001,1.45753,0.36578,3893
19,16,age_bin,ema_lr1e-2,0.01,0.0001,1.28071,0.39995,3893
19,16,age_bin,ema_lr5e-2,0.05,0.0001,0.86269,0.62959,3893
19,16,age_bin,ema_lr1e-2_wd1e-3,0.01,0.001,1.349,0.39327,3893
19,16,age_bin,ema_d0.99,0.01,0.0001,1.36052,0.35628,3893
19,16,age_bin,ema_d0.9999,0.01,0.0001,1.27476,0.3961,3893
19,16,age_bin,mlp_h16,0.001,0.0,0.25647,0.98741,3893
19,16,age_bin,mlp_h32,0.001,0.0,0.03655,1.0,3893
19,16,age_bin,mlp_h64,0.001,0.0,0.00502,1.0,3893
19,16,age_bin,mlp_h128,0.001,0.0,0.00243,1.0,3893
19,16,age_bin,attention,0.0001,1e-05,2e-05,1.0,3893
19,16,age_bin,shuffled,0.01,0.0001,1.37817,0.383,3893
19,16,gender,ema_lr1e-3,0.001,0.0001,1.02478,0.48857,3893
19,16,gender,ema_lr5e-3,0.005,0.0001,0.99728,0.49756,3893
19,16,gender,ema_lr1e-2,0.01,0.0001,0.91866,0.4955,3893
19,16,gender,ema_lr5e-2,0.05,0.0001,0.81921,0.52761,3893
19,16,gender,ema_lr1e-2_wd1e-3,0.01,0.001,0.94705,0.50321,3893
19,16,gender,ema_d0.99,0.01,0.0001,0.90883,0.49371,3893
19,16,gender,ema_d0.9999,0.01,0.0001,0.89469,0.51939,3893
19,16,gender,mlp_h16,0.001,0.0,0.67072,0.57539,3893
19,16,gender,mlp_h32,0.001,0.0,0.67908,0.5849,3893
19,16,gender,mlp_h64,0.001,0.0,0.67551,0.58413,3893
19,16,gender,mlp_h128,0.001,0.0,0.67952,0.58798,3893
19,16,gender,attention,0.0001,1e-05,0.74912,0.49219,3893
19,16,gender,shuffled,0.01,0.0001,0.91277,0.50835,3893
19,16,star_sign,ema_lr1e-3,0.001,0.0001,3.2553,0.07064,3893
19,16,star_sign,ema_lr5e-3,0.005,0.0001,3.0929,0.09967,3893
19,16,star_sign,ema_lr1e-2,0.01,0.0001,3.05266,0.10044,3893
19,16,star_sign,ema_lr5e-2,0.05,0.0001,2.24603,0.31955,3893
19,16,star_sign,ema_lr1e-2_wd1e-3,0.01,0.001,3.00628,0.1179,3893
19,16,star_sign,ema_d0.99,0.01,0.0001,2.98765,0.09992,3893
19,16,star_sign,ema_d0.9999,0.01,0.0001,2.99324,0.10789,3893
19,16,star_sign,mlp_h16,0.001,0.0,0.68143,0.96943,3893
19,16,star_sign,mlp_h32,0.001,0.0,0.39756,0.99358,3893
19,16,star_sign,mlp_h64,0.001,0.0,0.13236,1.0,3893
19,16,star_sign,mlp_h128,0.001,0.0,0.00488,1.0,3893
19,16,star_sign,attention,0.0001,1e-05,4e-05,1.0,3893
19,16,star_sign,shuffled,0.01,0.0001,3.03485,0.09812,3893
20,0,age_bin,ema_lr1e-3,0.001,0.0001,1.56947,0.31822,4013
20,0,age_bin,ema_lr5e-3,0.005,0.0001,1.42109,0.40892,4013
20,0,age_bin,ema_lr1e-2,0.01,0.0001,1.3346,0.44281,4013
20,0,age_bin,ema_lr5e-2,0.05,0.0001,0.78379,0.80837,4013
20,0,age_bin,ema_lr1e-2_wd1e-3,0.01,0.001,1.33722,0.39397,4013
20,0,age_bin,ema_d0.99,0.01,0.0001,1.30925,0.48991,4013
20,0,age_bin,ema_d0.9999,0.01,0.0001,1.28821,0.43334,4013
20,0,age_bin,mlp_h16,0.001,0.0,0.12328,1.0,4013
20,0,age_bin,mlp_h32,0.001,0.0,0.08266,1.0,4013
20,0,age_bin,mlp_h64,0.001,0.0,0.02603,1.0,4013
20,0,age_bin,mlp_h128,0.001,0.0,0.00563,1.0,4013
20,0,age_bin,attention,0.0001,1e-05,1.00198,1.0,4013
20,0,age_bin,shuffled,0.01,0.0001,1.3035,0.45826,4013
20,0,gender,ema_lr1e-3,0.001,0.0001,0.98935,0.49938,4013
20,0,gender,ema_lr5e-3,0.005,0.0001,0.96074,0.49863,4013
20,0,gender,ema_lr1e-2,0.01,0.0001,0.89584,0.51782,4013
20,0,gender,ema_lr5e-2,0.05,0.0001,0.83327,0.52679,4013
20,0,gender,ema_lr1e-2_wd1e-3,0.01,0.001,0.92448,0.50062,4013
20,0,gender,ema_d0.99,0.01,0.0001,0.91048,0.5091,4013
20,0,gender,ema_d0.9999,0.01,0.0001,0.92713,0.50461,4013
20,0,gender,mlp_h16,0.001,0.0,0.69138,0.53775,4013
20,0,gender,mlp_h32,0.001,0.0,0.69415,0.52928,4013
20,0,gender,mlp_h64,0.001,0.0,0.6936,0.54049,4013
20,0,gender,mlp_h128,0.001,0.0,0.69725,0.53725,4013
20,0,gender,attention,0.0001,1e-05,0.692,0.57812,4013
20,0,gender,shuffled,0.01,0.0001,0.90953,0.49913,4013
20,0,star_sign,ema_lr1e-3,0.001,0.0001,3.23772,0.0456,4013
20,0,star_sign,ema_lr5e-3,0.005,0.0001,3.12264,0.07027,4013
20,0,star_sign,ema_lr1e-2,0.01,0.0001,2.96242,0.09968,4013
20,0,star_sign,ema_lr5e-2,0.05,0.0001,2.10369,0.5228,4013
20,0,star_sign,ema_lr1e-2_wd1e-3,0.01,0.001,2.91788,0.10989,4013
20,0,star_sign,ema_d0.99,0.01,0.0001,2.95205,0.16721,4013
20,0,star_sign,ema_d0.9999,0.01,0.0001,2.97709,0.08572,4013
20,0,star_sign,mlp_h16,0.001,0.0,0.58684,0.99975,4013
20,0,star_sign,mlp_h32,0.001,0.0,0.3836,0.999,4013
20,0,star_sign,mlp_h64,0.001,0.0,0.11765,1.0,4013
20,0,star_sign,mlp_h128,0.001,0.0,0.01542,1.0,4013
20,0,star_sign,attention,0.0001,1e-05,2.33822,1.0,4013
20,0,star_sign,shuffled,0.01,0.0001,2.9489,0.1231,4013
20,4,age_bin,ema_lr1e-3,0.001,0.0001,1.4608,0.34114,4013
20,4,age_bin,ema_lr5e-3,0.005,0.0001,1.36923,0.33715,4013
20,4,age_bin,ema_lr1e-2,0.01,0.0001,1.32068,0.38001,4013
20,4,age_bin,ema_lr5e-2,0.05,0.0001,1.06643,0.4625,4013
20,4,age_bin,ema_lr1e-2_wd1e-3,0.01,0.001,1.29325,0.37752,4013
20,4,age_bin,ema_d0.99,0.01,0.0001,1.2906,0.38076,4013
20,4,age_bin,ema_d0.9999,0.01,0.0001,1.26786,0.40344,4013
20,4,age_bin,mlp_h16,0.001,0.0,0.07863,1.0,4013
20,4,age_bin,mlp_h32,0.001,0.0,0.09944,1.0,4013
20,4,age_bin,mlp_h64,0.001,0.0,0.00431,1.0,4013
20,4,age_bin,mlp_h128,0.001,0.0,0.00168,1.0,4013
20,4,age_bin,attention,0.0001,1e-05,0.0,1.0,4013
20,4,age_bin,shuffled,0.01,0.0001,1.25936,0.39945,4013
20,4,gender,ema_lr1e-3,0.001,0.0001,0.99144,0.47795,4013
20,4,gender,ema_lr5e-3,0.005,0.0001,0.92302,0.49813,4013
20,4,gender,ema_lr1e-2,0.01,0.0001,0.94555,0.47869,4013
20,4,gender,ema_lr5e-2,0.05,0.0001,1.12707,0.461,4013
20,4,gender,ema_lr1e-2_wd1e-3,0.01,0.001,0.87877,0.50386,4013
20,4,gender,ema_d0.99,0.01,0.0001,0.88162,0.5076,4013
20,4,gender,ema_d0.9999,0.01,0.0001,0.84892,0.53476,4013
20,4,gender,mlp_h16,0.001,0.0,0.69578,0.53127,4013
20,4,gender,mlp_h32,0.001,0.0,0.69568,0.538,4013
20,4,gender,mlp_h64,0.001,0.0,0.69555,0.54299,4013
20,4,gender,mlp_h128,0.001,0.0,0.70931,0.52155,4013
20,4,gender,attention,0.0001,1e-05,0.74263,0.40625,4013
20,4,gender,shuffled,0.01,0.0001,0.9092,0.50611,4013
20,4,star_sign,ema_lr1e-3,0.001,0.0001,3.21417,0.07202,4013
20,4,star_sign,ema_lr5e-3,0.005,0.0001,2.9299,0.10516,4013
20,4,star_sign,ema_lr1e-2,0.01,0.0001,2.82791,0.11637,4013
20,4,star_sign,ema_lr5e-2,0.05,0.0001,2.08418,0.36282,4013
20,4,star_sign,ema_lr1e-2_wd1e-3,0.01,0.001,2.76483,0.12709,4013
20,4,star_sign,ema_d0.99,0.01,0.0001,2.80867,0.11164,4013
20,4,star_sign,ema_d0.9999,0.01,0.0001,2.82355,0.11463,4013
20,4,star_sign,mlp_h16,0.001,0.0,0.89696,0.99975,4013
20,4,star_sign,mlp_h32,0.001,0.0,0.18359,1.0,4013
20,4,star_sign,mlp_h64,0.001,0.0,0.03661,1.0,4013
20,4,star_sign,mlp_h128,0.001,0.0,0.00232,1.0,4013
20,4,star_sign,attention,0.0001,1e-05,0.0049,1.0,4013
20,4,star_sign,shuffled,0.01,0.0001,2.80318,0.12659,4013
20,8,age_bin,ema_lr1e-3,0.001,0.0001,1.45621,0.35235,4013
20,8,age_bin,ema_lr5e-3,0.005,0.0001,1.42764,0.36357,4013
20,8,age_bin,ema_lr1e-2,0.01,0.0001,1.28941,0.38624,4013
20,8,age_bin,ema_lr5e-2,0.05,0.0001,1.02715,0.68652,4013
20,8,age_bin,ema_lr1e-2_wd1e-3,0.01,0.001,1.33171,0.36457,4013
20,8,age_bin,ema_d0.99,0.01,0.0001,1.29582,0.38799,4013
20,8,age_bin,ema_d0.9999,0.01,0.0001,1.27071,0.39571,4013
20,8,age_bin,mlp_h16,0.001,0.0,0.56724,0.97957,4013
20,8,age_bin,mlp_h32,0.001,0.0,0.03453,1.0,4013
20,8,age_bin,mlp_h64,0.001,0.0,0.00643,1.0,4013
20,8,age_bin,mlp_h128,0.001,0.0,0.00276,1.0,4013
20,8,age_bin,attention,0.0001,1e-05,0.0,1.0,4013
20,8,age_bin,shuffled,0.01,0.0001,1.30074,0.37403,4013
20,8,gender,ema_lr1e-3,0.001,0.0001,0.96389,0.49614,4013
20,8,gender,ema_lr5e-3,0.005,0.0001,0.99575,0.47197,4013
20,8,gender,ema_lr1e-2,0.01,0.0001,0.9339,0.47745,4013
20,8,gender,ema_lr5e-2,0.05,0.0001,1.01799,0.51508,4013
20,8,gender,ema_lr1e-2_wd1e-3,0.01,0.001,0.89322,0.51034,4013
20,8,gender,ema_d0.99,0.01,0.0001,0.89339,0.50785,4013
20,8,gender,ema_d0.9999,0.01,0.0001,0.8975,0.48692,4013
20,8,gender,mlp_h16,0.001,0.0,0.6946,0.54598,4013
20,8,gender,mlp_h32,0.001,0.0,0.70123,0.5375,4013
20,8,gender,mlp_h64,0.001,0.0,0.70029,0.54074,4013
20,8,gender,mlp_h128,0.001,0.0,0.70562,0.5395,4013
20,8,gender,attention,0.0001,1e-05,0.66591,0.55469,4013
20,8,gender,shuffled,0.01,0.0001,0.90304,0.49439,4013
20,8,star_sign,ema_lr1e-3,0.001,0.0001,3.07326,0.07974,4013
20,8,star_sign,ema_lr5e-3,0.005,0.0001,2.96316,0.10142,4013
20,8,star_sign,ema_lr1e-2,0.01,0.0001,2.93485,0.10366,4013
20,8,star_sign,ema_lr5e-2,0.05,0.0001,2.15074,0.31174,4013
20,8,star_sign,ema_lr1e-2_wd1e-3,0.01,0.001,2.88354,0.11463,4013
20,8,star_sign,ema_d0.99,0.01,0.0001,2.90163,0.11039,4013
20,8,star_sign,ema_d0.9999,0.01,0.0001,2.82201,0.12584,4013
20,8,star_sign,mlp_h16,0.001,0.0,0.79389,0.93795,4013
20,8,star_sign,mlp_h32,0.001,0.0,0.40875,1.0,4013
20,8,star_sign,mlp_h64,0.001,0.0,0.05189,1.0,4013
20,8,star_sign,mlp_h128,0.001,0.0,0.00279,1.0,4013
20,8,star_sign,attention,0.0001,1e-05,0.0,1.0,4013
20,8,star_sign,shuffled,0.01,0.0001,2.83737,0.11812,4013
20,12,age_bin,ema_lr1e-3,0.001,0.0001,1.51687,0.31722,4013
20,12,age_bin,ema_lr5e-3,0.005,0.0001,1.43031,0.37528,4013
20,12,age_bin,ema_lr1e-2,0.01,0.0001,1.29895,0.4002,4013
20,12,age_bin,ema_lr5e-2,0.05,0.0001,0.92515,0.66808,4013
20,12,age_bin,ema_lr1e-2_wd1e-3,0.01,0.001,1.33678,0.39546,4013
20,12,age_bin,ema_d0.99,0.01,0.0001,1.32103,0.38724,4013
20,12,age_bin,ema_d0.9999,0.01,0.0001,1.2974,0.40169,4013
20,12,age_bin,mlp_h16,0.001,0.0,0.06881,1.0,4013
20,12,age_bin,mlp_h32,0.001,0.0,0.04803,1.0,4013
20,12,age_bin,mlp_h64,0.001,0.0,0.0314,1.0,4013
20,12,age_bin,mlp_h128,0.001,0.0,0.00249,1.0,4013
20,12,age_bin,attention,0.0001,1e-05,0.00181,1.0,4013
20,12,age_bin,shuffled,0.01,0.0001,1.32582,0.39173,4013
20,12,gender,ema_lr1e-3,0.001,0.0001,1.06341,0.47695,4013
20,12,gender,ema_lr5e-3,0.005,0.0001,0.92784,0.5091,4013
20,12,gender,ema_lr1e-2,0.01,0.0001,0.91646,0.49041,4013
20,12,gender,ema_lr5e-2,0.05,0.0001,0.90341,0.51383,4013
20,12,gender,ema_lr1e-2_wd1e-3,0.01,0.001,0.94739,0.48443,4013
20,12,gender,ema_d0.99,0.01,0.0001,0.89732,0.51358,4013
20,12,gender,ema_d0.9999,0.01,0.0001,0.89587,0.51433,4013
20,12,gender,mlp_h16,0.001,0.0,0.69684,0.52828,4013
20,12,gender,mlp_h32,0.001,0.0,0.7038,0.51458,4013
20,12,gender,mlp_h64,0.001,0.0,0.71041,0.51906,4013
20,12,gender,mlp_h128,0.001,0.0,0.72283,0.51134,4013
20,12,gender,attention,0.0001,1e-05,0.75499,0.46094,4013
20,12,gender,shuffled,0.01,0.0001,0.9289,0.4934,4013
20,12,star_sign,ema_lr1e-3,0.001,0.0001,3.22322,0.09793,4013
20,12,star_sign,ema_lr5e-3,0.005,0.0001,3.03416,0.1074,4013
20,12,star_sign,ema_lr1e-2,0.01,0.0001,2.91219,0.11263,4013
20,12,star_sign,ema_lr5e-2,0.05,0.0001,2.18756,0.38624,4013
20,12,star_sign,ema_lr1e-2_wd1e-3,0.01,0.001,2.89655,0.10416,4013
20,12,star_sign,ema_d0.99,0.01,0.0001,2.87407,0.11214,4013
20,12,star_sign,ema_d0.9999,0.01,0.0001,2.90671,0.11861,4013
20,12,star_sign,mlp_h16,0.001,0.0,0.47474,0.99228,4013
20,12,star_sign,mlp_h32,0.001,0.0,0.44174,1.0,4013
20,12,star_sign,mlp_h64,0.001,0.0,0.03134,1.0,4013
20,12,star_sign,mlp_h128,0.001,0.0,0.00762,1.0,4013
20,12,star_sign,attention,0.0001,1e-05,0.00186,1.0,4013
20,12,star_sign,shuffled,0.01,0.0001,2.90391,0.11812,4013
20,16,age_bin,ema_lr1e-3,0.001,0.0001,1.59399,0.33541,4013
20,16,age_bin,ema_lr5e-3,0.005,0.0001,1.47367,0.34264,4013
20,16,age_bin,ema_lr1e-2,0.01,0.0001,1.31935,0.38923,4013
20,16,age_bin,ema_lr5e-2,0.05,0.0001,0.80942,0.6606,4013
20,16,age_bin,ema_lr1e-2_wd1e-3,0.01,0.001,1.33494,0.39247,4013
20,16,age_bin,ema_d0.99,0.01,0.0001,1.26935,0.38824,4013
20,16,age_bin,ema_d0.9999,0.01,0.0001,1.2831,0.38874,4013
20,16,age_bin,mlp_h16,0.001,0.0,0.21932,0.99352,4013
20,16,age_bin,mlp_h32,0.001,0.0,0.03107,1.0,4013
20,16,age_bin,mlp_h64,0.001,0.0,0.004,1.0,4013
20,16,age_bin,mlp_h128,0.001,0.0,0.00187,1.0,4013
20,16,age_bin,attention,0.0001,1e-05,2e-05,1.0,4013
20,16,age_bin,shuffled,0.01,0.0001,1.35624,0.36681,4013
20,16,gender,ema_lr1e-3,0.001,0.0001,1.00269,0.49888,4013
20,16,gender,ema_lr5e-3,0.005,0.0001,0.94889,0.51308,4013
20,16,gender,ema_lr1e-2,0.01,0.0001,0.87643,0.51956,4013
20,16,gender,ema_lr5e-2,0.05,0.0001,0.86898,0.49689,4013
20,16,gender,ema_lr1e-2_wd1e-3,0.01,0.001,0.91862,0.50361,4013
20,16,gender,ema_d0.99,0.01,0.0001,0.89379,0.50735,4013
20,16,gender,ema_d0.9999,0.01,0.0001,0.91819,0.50959,4013
20,16,gender,mlp_h16,0.001,0.0,0.70851,0.52704,4013
20,16,gender,mlp_h32,0.001,0.0,0.71285,0.51408,4013
20,16,gender,mlp_h64,0.001,0.0,0.71813,0.52778,4013
20,16,gender,mlp_h128,0.001,0.0,0.72081,0.52106,4013
20,16,gender,attention,0.0001,1e-05,0.73482,0.5,4013
20,16,gender,shuffled,0.01,0.0001,0.8991,0.5071,4013
20,16,star_sign,ema_lr1e-3,0.001,0.0001,3.14923,0.07501,4013
20,16,star_sign,ema_lr5e-3,0.005,0.0001,3.04193,0.10616,4013
20,16,star_sign,ema_lr1e-2,0.01,0.0001,2.89489,0.1231,4013
20,16,star_sign,ema_lr5e-2,0.05,0.0001,2.11235,0.33915,4013
20,16,star_sign,ema_lr1e-2_wd1e-3,0.01,0.001,2.96243,0.12908,4013
20,16,star_sign,ema_d0.99,0.01,0.0001,2.87463,0.1226,4013
20,16,star_sign,ema_d0.9999,0.01,0.0001,2.95902,0.12185,4013
20,16,star_sign,mlp_h16,0.001,0.0,0.60287,0.98006,4013
20,16,star_sign,mlp_h32,0.001,0.0,0.3352,0.99576,4013
20,16,star_sign,mlp_h64,0.001,0.0,0.10334,1.0,4013
20,16,star_sign,mlp_h128,0.001,0.0,0.00409,1.0,4013
20,16,star_sign,attention,0.0001,1e-05,2e-05,1.0,4013
20,16,star_sign,shuffled,0.01,0.0001,2.95547,0.10267,4013
21,0,age_bin,ema_lr1e-3,0.001,0.0001,1.56407,0.3207,4116
21,0,age_bin,ema_lr5e-3,0.005,0.0001,1.42574,0.41569,4116
21,0,age_bin,ema_lr1e-2,0.01,0.0001,1.30535,0.44849,4116
21,0,age_bin,ema_lr5e-2,0.05,0.0001,0.76591,0.8122,4116
21,0,age_bin,ema_lr1e-2_wd1e-3,0.01,0.001,1.31819,0.38678,4116
21,0,age_bin,ema_d0.99,0.01,0.0001,1.31041,0.50024,4116
21,0,age_bin,ema_d0.9999,0.01,0.0001,1.3044,0.43173,4116
21,0,age_bin,mlp_h16,0.001,0.0,0.10522,1.0,4116
21,0,age_bin,mlp_h32,0.001,0.0,0.06712,0.99976,4116
21,0,age_bin,mlp_h64,0.001,0.0,0.02087,1.0,4116
21,0,age_bin,mlp_h128,0.001,0.0,0.00428,1.0,4116
21,0,age_bin,attention,0.0001,1e-05,0.99891,1.0,4116
21,0,age_bin,shuffled,0.01,0.0001,1.27662,0.46234,4116
21,0,gender,ema_lr1e-3,0.001,0.0001,0.97373,0.49733,4116
21,0,gender,ema_lr5e-3,0.005,0.0001,0.96576,0.49004,4116
21,0,gender,ema_lr1e-2,0.01,0.0001,0.91607,0.50972,4116
21,0,gender,ema_lr5e-2,0.05,0.0001,0.83068,0.50656,4116
21,0,gender,ema_lr1e-2_wd1e-3,0.01,0.001,0.91124,0.50389,4116
21,0,gender,ema_d0.99,0.01,0.0001,0.90432,0.50729,4116
21,0,gender,ema_d0.9999,0.01,0.0001,0.934,0.50097,4116
21,0,gender,mlp_h16,0.001,0.0,0.69553,0.50996,4116
21,0,gender,mlp_h32,0.001,0.0,0.69772,0.51822,4116
21,0,gender,mlp_h64,0.001,0.0,0.70045,0.51288,4116
21,0,gender,mlp_h128,0.001,0.0,0.7072,0.51701,4116
21,0,gender,attention,0.0001,1e-05,0.69174,0.55469,4116
21,0,gender,shuffled,0.01,0.0001,0.92231,0.48882,4116
21,0,star_sign,ema_lr1e-3,0.001,0.0001,3.24307,0.04397,4116
21,0,star_sign,ema_lr5e-3,0.005,0.0001,3.11169,0.0673,4116
21,0,star_sign,ema_lr1e-2,0.01,0.0001,2.93906,0.09767,4116
21,0,star_sign,ema_lr5e-2,0.05,0.0001,2.04416,0.54592,4116
21,0,star_sign,ema_lr1e-2_wd1e-3,0.01,0.001,2.91846,0.10617,4116
21,0,star_sign,ema_d0.99,0.01,0.0001,2.93498,0.16642,4116
21,0,star_sign,ema_d0.9999,0.01,0.0001,2.94093,0.08868,4116
21,0,star_sign,mlp_h16,0.001,0.0,0.52791,1.0,4116
21,0,star_sign,mlp_h32,0.001,0.0,0.31468,0.99903,4116
21,0,star_sign,mlp_h64,0.001,0.0,0.0901,0.99976,4116
21,0,star_sign,mlp_h128,0.001,0.0,0.01113,1.0,4116
21,0,star_sign,attention,0.0001,1e-05,2.33448,1.0,4116
21,0,star_sign,shuffled,0.01,0.0001,2.95685,0.1742,4116
21,4,age_bin,ema_lr1e-3,0.001,0.0001,1.44524,0.3535,4116
21,4,age_bin,ema_lr5e-3,0.005,0.0001,1.38553,0.32532,4116
21,4,age_bin,ema_lr1e-2,0.01,0.0001,1.24414,0.41229,4116
21,4,age_bin,ema_lr5e-2,0.05,0.0001,1.09382,0.8139,4116
21,4,age_bin,ema_lr1e-2_wd1e-3,0.01,0.001,1.23049,0.41375,4116
21,4,age_bin,ema_d0.99,0.01,0.0001,1.26387,0.38314,4116
21,4,age_bin,ema_d0.9999,0.01,0.0001,1.25164,0.40476,4116
21,4,age_bin,mlp_h16,0.001,0.0,0.06464,1.0,4116
21,4,age_bin,mlp_h32,0.001,0.0,0.0813,1.0,4116
21,4,age_bin,mlp_h64,0.001,0.0,0.00317,1.0,4116
21,4,age_bin,mlp_h128,0.001,0.0,0.00118,1.0,4116
21,4,age_bin,attention,0.0001,1e-05,0.0,1.0,4116
21,4,age_bin,shuffled,0.01,0.0001,1.21238,0.40258,4116
21,4,gender,ema_lr1e-3,0.001,0.0001,0.97219,0.50486,4116
21,4,gender,ema_lr5e-3,0.005,0.0001,0.90496,0.50656,4116
21,4,gender,ema_lr1e-2,0.01,0.0001,0.90483,0.51239,4116
21,4,gender,ema_lr5e-2,0.05,0.0001,1.15493,0.50559,4116
21,4,gender,ema_lr1e-2_wd1e-3,0.01,0.001,0.87258,0.49757,4116
21,4,gender,ema_d0.99,0.01,0.0001,0.88918,0.49636,4116
21,4,gender,ema_d0.9999,0.01,0.0001,0.9404,0.48397,4116
21,4,gender,mlp_h16,0.001,0.0,0.69682,0.52867,4116
21,4,gender,mlp_h32,0.001,0.0,0.69932,0.52284,4116
21,4,gender,mlp_h64,0.001,0.0,0.70394,0.51506,4116
21,4,gender,mlp_h128,0.001,0.0,0.71615,0.51628,4116
21,4,gender,attention,0.0001,1e-05,0.72904,0.47656,4116
21,4,gender,shuffled,0.01,0.0001,0.93198,0.48469,4116
21,4,star_sign,ema_lr1e-3,0.001,0.0001,3.20831,0.06535,4116
21,4,star_sign,ema_lr5e-3,0.005,0.0001,2.87376,0.11249,4116
21,4,star_sign,ema_lr1e-2,0.01,0.0001,2.76075,0.11467,4116
21,4,star_sign,ema_lr5e-2,0.05,0.0001,2.01255,0.35811,4116
21,4,star_sign,ema_lr1e-2_wd1e-3,0.01,0.001,2.77446,0.11467,4116
21,4,star_sign,ema_d0.99,0.01,0.0001,2.80675,0.11103,4116
21,4,star_sign,ema_d0.9999,0.01,0.0001,2.75692,0.11832,4116
21,4,star_sign,mlp_h16,0.001,0.0,0.81432,0.99976,4116
21,4,star_sign,mlp_h32,0.001,0.0,0.14352,1.0,4116
21,4,star_sign,mlp_h64,0.001,0.0,0.02654,1.0,4116
21,4,star_sign,mlp_h128,0.001,0.0,0.00149,1.0,4116
21,4,star_sign,attention,0.0001,1e-05,0.00374,1.0,4116
21,4,star_sign,shuffled,0.01,0.0001,2.84605,0.11978,4116
21,8,age_bin,ema_lr1e-3,0.001,0.0001,1.51788,0.34257,4116
21,8,age_bin,ema_lr5e-3,0.005,0.0001,1.42253,0.36152,4116
21,8,age_bin,ema_lr1e-2,0.01,0.0001,1.27751,0.40743,4116
21,8,age_bin,ema_lr5e-2,0.05,0.0001,1.013,0.51531,4116
21,8,age_bin,ema_lr1e-2_wd1e-3,0.01,0.001,1.21063,0.4191,4116
21,8,age_bin,ema_d0.99,0.01,0.0001,1.27858,0.40573,4116
21,8,age_bin,ema_d0.9999,0.01,0.0001,1.2426,0.41375,4116
21,8,age_bin,mlp_h16,0.001,0.0,0.52051,0.99271,4116
21,8,age_bin,mlp_h32,0.001,0.0,0.0283,1.0,4116
21,8,age_bin,mlp_h64,0.001,0.0,0.00521,1.0,4116
21,8,age_bin,mlp_h128,0.001,0.0,0.0022,1.0,4116
21,8,age_bin,attention,0.0001,1e-05,0.0,1.0,4116
21,8,age_bin,shuffled,0.01,0.0001,1.26758,0.39091,4116
21,8,gender,ema_lr1e-3,0.001,0.0001,0.92434,0.51871,4116
21,8,gender,ema_lr5e-3,0.005,0.0001,0.96894,0.49368,4116
21,8,gender,ema_lr1e-2,0.01,0.0001,0.90982,0.49684,4116
21,8,gender,ema_lr5e-2,0.05,0.0001,1.09547,0.49611,4116
21,8,gender,ema_lr1e-2_wd1e-3,0.01,0.001,0.9319,0.48907,4116
21,8,gender,ema_d0.99,0.01,0.0001,0.93561,0.48955,4116
21,8,gender,ema_d0.9999,0.01,0.0001,0.89954,0.49684,4116
21,8,gender,mlp_h16,0.001,0.0,0.69579,0.52478,4116
21,8,gender,mlp_h32,0.001,0.0,0.70214,0.52624,4116
21,8,gender,mlp_h64,0.001,0.0,0.70486,0.52017,4116
21,8,gender,mlp_h128,0.001,0.0,0.70385,0.52357,4116
21,8,gender,attention,0.0001,1e-05,0.69001,0.57812,4116
21,8,gender,shuffled,0.01,0.0001,0.91986,0.50753,4116
21,8,star_sign,ema_lr1e-3,0.001,0.0001,3.19181,0.07313,4116
21,8,star_sign,ema_lr5e-3,0.005,0.0001,2.98504,0.09402,4116
21,8,star_sign,ema_lr1e-2,0.01,0.0001,2.77863,0.12196,4116
21,8,star_sign,ema_lr5e-2,0.05,0.0001,2.06442,0.31948,4116
21,8,star_sign,ema_lr1e-2_wd1e-3,0.01,0.001,2.88386,0.10253,4116
21,8,star_sign,ema_d0.99,0.01,0.0001,2.87897,0.11905,4116
21,8,star_sign,ema_d0.9999,0.01,0.0001,2.85083,0.1188,4116
21,8,star_sign,mlp_h16,0.001,0.0,0.71642,0.94631,4116
21,8,star_sign,mlp_h32,0.001,0.0,0.34657,1.0,4116
21,8,star_sign,mlp_h64,0.001,0.0,0.03874,1.0,4116
21,8,star_sign,mlp_h128,0.001,0.0,0.00198,1.0,4116
21,8,star_sign,attention,0.0001,1e-05,0.0,1.0,4116
21,8,star_sign,shuffled,0.01,0.0001,2.81748,0.1137,4116
21,12,age_bin,ema_lr1e-3,0.001,0.0001,1.52298,0.30879,4116
21,12,age_bin,ema_lr5e-3,0.005,0.0001,1.43116,0.35593,4116
21,12,age_bin,ema_lr1e-2,0.01,0.0001,1.28761,0.40792,4116
21,12,age_bin,ema_lr5e-2,0.05,0.0001,0.8861,0.59572,4116
21,12,age_bin,ema_lr1e-2_wd1e-3,0.01,0.001,1.32817,0.40403,4116
21,12,age_bin,ema_d0.99,0.01,0.0001,1.26056,0.40452,4116
21,12,age_bin,ema_d0.9999,0.01,0.0001,1.27227,0.39529,4116
21,12,age_bin,mlp_h16,0.001,0.0,0.05944,1.0,4116
21,12,age_bin,mlp_h32,0.001,0.0,0.04066,1.0,4116
21,12,age_bin,mlp_h64,0.001,0.0,0.02634,1.0,4116
21,12,age_bin,mlp_h128,0.001,0.0,0.00206,1.0,4116
21,12,age_bin,attention,0.0001,1e-05,0.00139,1.0,4116
21,12,age_bin,shuffled,0.01,0.0001,1.27362,0.41132,4116
21,12,gender,ema_lr1e-3,0.001,0.0001,1.06123,0.48032,4116
21,12,gender,ema_lr5e-3,0.005,0.0001,0.92465,0.51166,4116
21,12,gender,ema_lr1e-2,0.01,0.0001,0.86749,0.52211,4116
21,12,gender,ema_lr5e-2,0.05,0.0001,0.92027,0.52648,4116
21,12,gender,ema_lr1e-2_wd1e-3,0.01,0.001,0.8998,0.50948,4116
21,12,gender,ema_d0.99,0.01,0.0001,0.88497,0.5102,4116
21,12,gender,ema_d0.9999,0.01,0.0001,0.85423,0.53304,4116
21,12,gender,mlp_h16,0.001,0.0,0.69153,0.52745,4116
21,12,gender,mlp_h32,0.001,0.0,0.6914,0.53912,4116
21,12,gender,mlp_h64,0.001,0.0,0.69586,0.53912,4116
21,12,gender,mlp_h128,0.001,0.0,0.7024,0.52648,4116
21,12,gender,attention,0.0001,1e-05,0.74207,0.53125,4116
21,12,gender,shuffled,0.01,0.0001,0.90076,0.50292,4116
21,12,star_sign,ema_lr1e-3,0.001,0.0001,3.1884,0.09913,4116
21,12,star_sign,ema_lr5e-3,0.005,0.0001,3.06202,0.10666,4116
21,12,star_sign,ema_lr1e-2,0.01,0.0001,2.90773,0.10423,4116
21,12,star_sign,ema_lr5e-2,0.05,0.0001,2.06859,0.37148,4116
21,12,star_sign,ema_lr1e-2_wd1e-3,0.01,0.001,2.87346,0.1103,4116
21,12,star_sign,ema_d0.99,0.01,0.0001,2.92115,0.0984,4116
21,12,star_sign,ema_d0.9999,0.01,0.0001,2.89095,0.112,4116
21,12,star_sign,mlp_h16,0.001,0.0,0.40571,0.99514,4116
21,12,star_sign,mlp_h32,0.001,0.0,0.37071,1.0,4116
21,12,star_sign,mlp_h64,0.001,0.0,0.02428,1.0,4116
21,12,star_sign,mlp_h128,0.001,0.0,0.00588,1.0,4116
21,12,star_sign,attention,0.0001,1e-05,0.00033,1.0,4116
21,12,star_sign,shuffled,0.01,0.0001,2.89017,0.11832,4116
21,16,age_bin,ema_lr1e-3,0.001,0.0001,1.70233,0.28256,4116
21,16,age_bin,ema_lr5e-3,0.005,0.0001,1.44222,0.35228,4116
21,16,age_bin,ema_lr1e-2,0.01,0.0001,1.31234,0.39067,4116
21,16,age_bin,ema_lr5e-2,0.05,0.0001,0.75979,0.69922,4116
21,16,age_bin,ema_lr1e-2_wd1e-3,0.01,0.001,1.31263,0.41497,4116
21,16,age_bin,ema_d0.99,0.01,0.0001,1.27271,0.38678,4116
21,16,age_bin,ema_d0.9999,0.01,0.0001,1.26599,0.3965,4116
21,16,age_bin,mlp_h16,0.001,0.0,0.21305,0.98834,4116
21,16,age_bin,mlp_h32,0.001,0.0,0.02896,1.0,4116
21,16,age_bin,mlp_h64,0.001,0.0,0.00409,1.0,4116
21,16,age_bin,mlp_h128,0.001,0.0,0.00183,1.0,4116
21,16,age_bin,attention,0.0001,1e-05,1e-05,1.0,4116
21,16,age_bin,shuffled,0.01,0.0001,1.37351,0.37488,4116
21,16,gender,ema_lr1e-3,0.001,0.0001,1.01639,0.49611,4116
21,16,gender,ema_lr5e-3,0.005,0.0001,0.97965,0.4881,4116
21,16,gender,ema_lr1e-2,0.01,0.0001,0.88879,0.51506,4116
21,16,gender,ema_lr5e-2,0.05,0.0001,0.78957,0.55321,4116
21,16,gender,ema_lr1e-2_wd1e-3,0.01,0.001,0.92781,0.4932,4116
21,16,gender,ema_d0.99,0.01,0.0001,0.90047,0.50875,4116
21,16,gender,ema_d0.9999,0.01,0.0001,0.92263,0.49538,4116
21,16,gender,mlp_h16,0.001,0.0,0.68784,0.54155,4116
21,16,gender,mlp_h32,0.001,0.0,0.68932,0.54057,4116
21,16,gender,mlp_h64,0.001,0.0,0.69101,0.5413,4116
21,16,gender,mlp_h128,0.001,0.0,0.68785,0.55005,4116
21,16,gender,attention,0.0001,1e-05,0.76522,0.50781,4116
21,16,gender,shuffled,0.01,0.0001,0.89869,0.49684,4116
21,16,star_sign,ema_lr1e-3,0.001,0.0001,3.17255,0.06584,4116
21,16,star_sign,ema_lr5e-3,0.005,0.0001,3.06605,0.10423,4116
21,16,star_sign,ema_lr1e-2,0.01,0.0001,2.85269,0.13192,4116
21,16,star_sign,ema_lr5e-2,0.05,0.0001,2.06681,0.35982,4116
21,16,star_sign,ema_lr1e-2_wd1e-3,0.01,0.001,2.91027,0.12682,4116
21,16,star_sign,ema_d0.99,0.01,0.0001,2.92867,0.10423,4116
21,16,star_sign,ema_d0.9999,0.01,0.0001,2.90454,0.12318,4116
21,16,star_sign,mlp_h16,0.001,0.0,0.54138,0.98251,4116
21,16,star_sign,mlp_h32,0.001,0.0,0.31603,0.99563,4116
21,16,star_sign,mlp_h64,0.001,0.0,0.09532,1.0,4116
21,16,star_sign,mlp_h128,0.001,0.0,0.00409,1.0,4116
21,16,star_sign,attention,0.0001,1e-05,1e-05,1.0,4116
21,16,star_sign,shuffled,0.01,0.0001,2.94191,0.11783,4116
22,0,age_bin,ema_lr1e-3,0.001,0.0001,1.56639,0.32571,4154
22,0,age_bin,ema_lr5e-3,0.005,0.0001,1.41859,0.41334,4154
22,0,age_bin,ema_lr1e-2,0.01,0.0001,1.32927,0.4935,4154
22,0,age_bin,ema_lr5e-2,0.05,0.0001,0.73579,0.83582,4154
22,0,age_bin,ema_lr1e-2_wd1e-3,0.01,0.001,1.28998,0.43332,4154
22,0,age_bin,ema_d0.99,0.01,0.0001,1.32248,0.50578,4154
22,0,age_bin,ema_d0.9999,0.01,0.0001,1.32197,0.42778,4154
22,0,age_bin,mlp_h16,0.001,0.0,0.09316,1.0,4154
22,0,age_bin,mlp_h32,0.001,0.0,0.06011,1.0,4154
22,0,age_bin,mlp_h64,0.001,0.0,0.01821,1.0,4154
22,0,age_bin,mlp_h128,0.001,0.0,0.00374,1.0,4154
22,0,age_bin,attention,0.0001,1e-05,0.99309,1.0,4154
22,0,age_bin,shuffled,0.01,0.0001,1.28742,0.47882,4154
22,0,gender,ema_lr1e-3,0.001,0.0001,1.0029,0.48748,4154
22,0,gender,ema_lr5e-3,0.005,0.0001,0.94456,0.49422,4154
22,0,gender,ema_lr1e-2,0.01,0.0001,0.91177,0.49687,4154
22,0,gender,ema_lr5e-2,0.05,0.0001,0.81234,0.50602,4154
22,0,gender,ema_lr1e-2_wd1e-3,0.01,0.001,0.94036,0.48387,4154
22,0,gender,ema_d0.99,0.01,0.0001,0.91214,0.4988,4154
22,0,gender,ema_d0.9999,0.01,0.0001,0.94281,0.48604,4154
22,0,gender,mlp_h16,0.001,0.0,0.69842,0.49663,4154
22,0,gender,mlp_h32,0.001,0.0,0.70237,0.48893,4154
22,0,gender,mlp_h64,0.001,0.0,0.70962,0.49519,4154
22,0,gender,mlp_h128,0.001,0.0,0.71688,0.49133,4154
22,0,gender,attention,0.0001,1e-05,0.69372,0.47656,4154
22,0,gender,shuffled,0.01,0.0001,0.91345,0.49928,4154
22,0,star_sign,ema_lr1e-3,0.001,0.0001,3.2121,0.04646,4154
22,0,star_sign,ema_lr5e-3,0.005,0.0001,3.06783,0.07872,4154
22,0,star_sign,ema_lr1e-2,0.01,0.0001,2.94692,0.09148,4154
22,0,star_sign,ema_lr5e-2,0.05,0.0001,2.03777,0.54911,4154
22,0,star_sign,ema_lr1e-2_wd1e-3,0.01,0.001,2.92047,0.10568,4154
22,0,star_sign,ema_d0.99,0.01,0.0001,2.95654,0.16635,4154
22,0,star_sign,ema_d0.9999,0.01,0.0001,2.93776,0.10809,4154
22,0,star_sign,mlp_h16,0.001,0.0,0.48439,0.99976,4154
22,0,star_sign,mlp_h32,0.001,0.0,0.27212,0.99904,4154
22,0,star_sign,mlp_h64,0.001,0.0,0.07526,1.0,4154
22,0,star_sign,mlp_h128,0.001,0.0,0.00913,1.0,4154
22,0,star_sign,attention,0.0001,1e-05,2.32595,1.0,4154
22,0,star_sign,shuffled,0.01,0.0001,2.9435,0.12662,4154
22,4,age_bin,ema_lr1e-3,0.001,0.0001,1.47388,0.34497,4154
22,4,age_bin,ema_lr5e-3,0.005,0.0001,1.36257,0.33895,4154
22,4,age_bin,ema_lr1e-2,0.01,0.0001,1.27293,0.40274,4154
22,4,age_bin,ema_lr5e-2,0.05,0.0001,0.99447,0.5012,4154
22,4,age_bin,ema_lr1e-2_wd1e-3,0.01,0.001,1.24678,0.40467,4154
22,4,age_bin,ema_d0.99,0.01,0.0001,1.25532,0.39456,4154
22,4,age_bin,ema_d0.9999,0.01,0.0001,1.21685,0.42297,4154
22,4,age_bin,mlp_h16,0.001,0.0,0.05722,1.0,4154
22,4,age_bin,mlp_h32,0.001,0.0,0.0713,1.0,4154
22,4,age_bin,mlp_h64,0.001,0.0,0.0029,1.0,4154
22,4,age_bin,mlp_h128,0.001,0.0,0.00107,1.0,4154
22,4,age_bin,attention,0.0001,1e-05,0.0,1.0,4154
22,4,age_bin,shuffled,0.01,0.0001,1.22499,0.40443,4154
22,4,gender,ema_lr1e-3,0.001,0.0001,0.94908,0.49567,4154
22,4,gender,ema_lr5e-3,0.005,0.0001,0.88971,0.513,4154
22,4,gender,ema_lr1e-2,0.01,0.0001,0.92037,0.50915,4154
22,4,gender,ema_lr5e-2,0.05,0.0001,1.17315,0.5195,4154
22,4,gender,ema_lr1e-2_wd1e-3,0.01,0.001,0.84928,0.52239,4154
22,4,gender,ema_d0.99,0.01,0.0001,0.9019,0.49061,4154
22,4,gender,ema_d0.9999,0.01,0.0001,0.88354,0.50409,4154
22,4,gender,mlp_h16,0.001,0.0,0.71011,0.49952,4154
22,4,gender,mlp_h32,0.001,0.0,0.70848,0.49639,4154
22,4,gender,mlp_h64,0.001,0.0,0.70596,0.51348,4154
22,4,gender,mlp_h128,0.001,0.0,0.71511,0.51011,4154
22,4,gender,attention,0.0001,1e-05,0.72305,0.53125,4154
22,4,gender,shuffled,0.01,0.0001,0.89929,0.50337,4154
22,4,star_sign,ema_lr1e-3,0.001,0.0001,3.19489,0.0662,4154
22,4,star_sign,ema_lr5e-3,0.005,0.0001,2.88685,0.10688,4154
22,4,star_sign,ema_lr1e-2,0.01,0.0001,2.74517,0.12229,4154
22,4,star_sign,ema_lr5e-2,0.05,0.0001,2.09099,0.55079,4154
22,4,star_sign,ema_lr1e-2_wd1e-3,0.01,0.001,2.83183,0.09966,4154
22,4,star_sign,ema_d0.99,0.01,0.0001,2.76211,0.12013,4154
22,4,star_sign,ema_d0.9999,0.01,0.0001,2.76028,0.12975,4154
22,4,star_sign,mlp_h16,0.001,0.0,0.7673,1.0,4154
22,4,star_sign,mlp_h32,0.001,0.0,0.12314,1.0,4154
22,4,star_sign,mlp_h64,0.001,0.0,0.02262,1.0,4154
22,4,star_sign,mlp_h128,0.001,0.0,0.0013,1.0,4154
22,4,star_sign,attention,0.0001,1e-05,0.00251,1.0,4154
22,4,star_sign,shuffled,0.01,0.0001,2.85346,0.11483,4154
22,8,age_bin,ema_lr1e-3,0.001,0.0001,1.4827,0.34256,4154
22,8,age_bin,ema_lr5e-3,0.005,0.0001,1.3991,0.36952,4154
22,8,age_bin,ema_lr1e-2,0.01,0.0001,1.26267,0.40274,4154
22,8,age_bin,ema_lr5e-2,0.05,0.0001,0.98113,0.72821,4154
22,8,age_bin,ema_lr1e-2_wd1e-3,0.01,0.001,1.27789,0.40106,4154
22,8,age_bin,ema_d0.99,0.01,0.0001,1.276,0.40732,4154
22,8,age_bin,ema_d0.9999,0.01,0.0001,1.3006,0.38854,4154
22,8,age_bin,mlp_h16,0.001,0.0,0.4766,0.99735,4154
22,8,age_bin,mlp_h32,0.001,0.0,0.02532,1.0,4154
22,8,age_bin,mlp_h64,0.001,0.0,0.00465,1.0,4154
22,8,age_bin,mlp_h128,0.001,0.0,0.00196,1.0,4154
22,8,age_bin,attention,0.0001,1e-05,0.0,1.0,4154
22,8,age_bin,shuffled,0.01,0.0001,1.24898,0.39649,4154
22,8,gender,ema_lr1e-3,0.001,0.0001,0.96762,0.4947,4154
22,8,gender,ema_lr5e-3,0.005,0.0001,0.94644,0.49278,4154
22,8,gender,ema_lr1e-2,0.01,0.0001,0.86226,0.51493,4154
22,8,gender,ema_lr5e-2,0.05,0.0001,0.95964,0.49639,4154
22,8,gender,ema_lr1e-2_wd1e-3,0.01,0.001,0.9065,0.50891,4154
22,8,gender,ema_d0.99,0.01,0.0001,0.92468,0.49567,4154
22,8,gender,ema_d0.9999,0.01,0.0001,0.90082,0.4817,4154
22,8,gender,mlp_h16,0.001,0.0,0.70283,0.50987,4154
22,8,gender,mlp_h32,0.001,0.0,0.71763,0.49519,4154
22,8,gender,mlp_h64,0.001,0.0,0.71133,0.50048,4154
22,8,gender,mlp_h128,0.001,0.0,0.70839,0.51156,4154
22,8,gender,attention,0.0001,1e-05,0.71076,0.53125,4154
22,8,gender,shuffled,0.01,0.0001,0.9115,0.50241,4154
22,8,star_sign,ema_lr1e-3,0.001,0.0001,3.17021,0.0715,4154
22,8,star_sign,ema_lr5e-3,0.005,0.0001,3.00807,0.08787,4154
22,8,star_sign,ema_lr1e-2,0.01,0.0001,2.84962,0.11411,4154
22,8,star_sign,ema_lr5e-2,0.05,0.0001,2.10504,0.41598,4154
22,8,star_sign,ema_lr1e-2_wd1e-3,0.01,0.001,2.87634,0.12157,4154
22,8,star_sign,ema_d0.99,0.01,0.0001,2.87466,0.10592,4154
22,8,star_sign,ema_d0.9999,0.01,0.0001,2.82334,0.12494,4154
22,8,star_sign,mlp_h16,0.001,0.0,0.65697,0.95209,4154
22,8,star_sign,mlp_h32,0.001,0.0,0.30446,1.0,4154
22,8,star_sign,mlp_h64,0.001,0.0,0.03268,1.0,4154
22,8,star_sign,mlp_h128,0.001,0.0,0.00174,1.0,4154
22,8,star_sign,attention,0.0001,1e-05,0.0,1.0,4154
22,8,star_sign,shuffled,0.01,0.0001,2.84764,0.11098,4154
22,12,age_bin,ema_lr1e-3,0.001,0.0001,1.53371,0.31632,4154
22,12,age_bin,ema_lr5e-3,0.005,0.0001,1.36873,0.38397,4154
22,12,age_bin,ema_lr1e-2,0.01,0.0001,1.30753,0.40034,4154
22,12,age_bin,ema_lr5e-2,0.05,0.0001,0.79924,0.70559,4154
22,12,age_bin,ema_lr1e-2_wd1e-3,0.01,0.001,1.36044,0.38036,4154
22,12,age_bin,ema_d0.99,0.01,0.0001,1.31555,0.38565,4154
22,12,age_bin,ema_d0.9999,0.01,0.0001,1.27831,0.3883,4154
22,12,age_bin,mlp_h16,0.001,0.0,0.05381,1.0,4154
22,12,age_bin,mlp_h32,0.001,0.0,0.03641,1.0,4154
22,12,age_bin,mlp_h64,0.001,0.0,0.02283,1.0,4154
22,12,age_bin,mlp_h128,0.001,0.0,0.00197,1.0,4154
22,12,age_bin,attention,0.0001,1e-05,0.00214,1.0,4154
22,12,age_bin,shuffled,0.01,0.0001,1.26969,0.41261,4154
22,12,gender,ema_lr1e-3,0.001,0.0001,0.99196,0.50818,4154
22,12,gender,ema_lr5e-3,0.005,0.0001,0.9255,0.50385,4154
22,12,gender,ema_lr1e-2,0.01,0.0001,0.90431,0.50072,4154
22,12,gender,ema_lr5e-2,0.05,0.0001,0.85195,0.49494,4154
22,12,gender,ema_lr1e-2_wd1e-3,0.01,0.001,0.9378,0.49013,4154
22,12,gender,ema_d0.99,0.01,0.0001,0.93939,0.47641,4154
22,12,gender,ema_d0.9999,0.01,0.0001,0.9144,0.50313,4154
22,12,gender,mlp_h16,0.001,0.0,0.70573,0.49831,4154
22,12,gender,mlp_h32,0.001,0.0,0.70567,0.49398,4154
22,12,gender,mlp_h64,0.001,0.0,0.72114,0.49278,4154
22,12,gender,mlp_h128,0.001,0.0,0.72438,0.49133,4154
22,12,gender,attention,0.0001,1e-05,0.77057,0.51562,4154
22,12,gender,shuffled,0.01,0.0001,0.88689,0.5195,4154
22,12,star_sign,ema_lr1e-3,0.001,0.0001,3.17801,0.10327,4154
22,12,star_sign,ema_lr5e-3,0.005,0.0001,3.00071,0.10376,4154
22,12,star_sign,ema_lr1e-2,0.01,0.0001,2.84133,0.11146,4154
22,12,star_sign,ema_lr5e-2,0.05,0.0001,2.01958,0.36784,4154
22,12,star_sign,ema_lr1e-2_wd1e-3,0.01,0.001,2.95022,0.11338,4154
22,12,star_sign,ema_d0.99,0.01,0.0001,2.86129,0.11411,4154
22,12,star_sign,ema_d0.9999,0.01,0.0001,2.86619,0.11603,4154
22,12,star_sign,mlp_h16,0.001,0.0,0.39329,0.9935,4154
22,12,star_sign,mlp_h32,0.001,0.0,0.3305,1.0,4154
22,12,star_sign,mlp_h64,0.001,0.0,0.02063,1.0,4154
22,12,star_sign,mlp_h128,0.001,0.0,0.00497,1.0,4154
22,12,star_sign,attention,0.0001,1e-05,0.00022,1.0,4154
22,12,star_sign,shuffled,0.01,0.0001,2.89844,0.10833,4154
22,16,age_bin,ema_lr1e-3,0.001,0.0001,1.61431,0.31993,4154
22,16,age_bin,ema_lr5e-3,0.005,0.0001,1.44287,0.36375,4154
22,16,age_bin,ema_lr1e-2,0.01,0.0001,1.31601,0.37241,4154
22,16,age_bin,ema_lr5e-2,0.05,0.0001,0.7761,0.67838,4154
22,16,age_bin,ema_lr1e-2_wd1e-3,0.01,0.001,1.31216,0.41261,4154
22,16,age_bin,ema_d0.99,0.01,0.0001,1.28823,0.39769,4154
22,16,age_bin,ema_d0.9999,0.01,0.0001,1.27525,0.39841,4154
22,16,age_bin,mlp_h16,0.001,0.0,0.18717,0.99543,4154
22,16,age_bin,mlp_h32,0.001,0.0,0.02568,1.0,4154
22,16,age_bin,mlp_h64,0.001,0.0,0.00328,1.0,4154
22,16,age_bin,mlp_h128,0.001,0.0,0.00155,1.0,4154
22,16,age_bin,attention,0.0001,1e-05,2e-05,1.0,4154
22,16,age_bin,shuffled,0.01,0.0001,1.27777,0.40852,4154
22,16,gender,ema_lr1e-3,0.001,0.0001,0.989,0.50169,4154
22,16,gender,ema_lr5e-3,0.005,0.0001,1.05155,0.46293,4154
22,16,gender,ema_lr1e-2,0.01,0.0001,0.93671,0.50987,4154
22,16,gender,ema_lr5e-2,0.05,0.0001,0.84647,0.4988,4154
22,16,gender,ema_lr1e-2_wd1e-3,0.01,0.001,0.93696,0.49133,4154
22,16,gender,ema_d0.99,0.01,0.0001,0.92661,0.50144,4154
22,16,gender,ema_d0.9999,0.01,0.0001,0.91248,0.50409,4154
22,16,gender,mlp_h16,0.001,0.0,0.71953,0.48532,4154
22,16,gender,mlp_h32,0.001,0.0,0.71989,0.4923,4154
22,16,gender,mlp_h64,0.001,0.0,0.72081,0.49326,4154
22,16,gender,mlp_h128,0.001,0.0,0.71986,0.50096,4154
22,16,gender,attention,0.0001,1e-05,0.80292,0.46094,4154
22,16,gender,shuffled,0.01,0.0001,0.91635,0.50385,4154
22,16,star_sign,ema_lr1e-3,0.001,0.0001,3.27387,0.06909,4154
22,16,star_sign,ema_lr5e-3,0.005,0.0001,3.12125,0.10327,4154
22,16,star_sign,ema_lr1e-2,0.01,0.0001,2.97094,0.11507,4154
22,16,star_sign,ema_lr5e-2,0.05,0.0001,2.06287,0.35412,4154
22,16,star_sign,ema_lr1e-2_wd1e-3,0.01,0.001,2.90699,0.12759,4154
22,16,star_sign,ema_d0.99,0.01,0.0001,2.91446,0.12061,4154
22,16,star_sign,ema_d0.9999,0.01,0.0001,3.01528,0.11916,4154
22,16,star_sign,mlp_h16,0.001,0.0,0.50433,0.98748,4154
22,16,star_sign,mlp_h32,0.001,0.0,0.27213,0.99831,4154
22,16,star_sign,mlp_h64,0.001,0.0,0.07545,1.0,4154
22,16,star_sign,mlp_h128,0.001,0.0,0.00295,1.0,4154
22,16,star_sign,attention,0.0001,1e-05,1e-05,1.0,4154
22,16,star_sign,shuffled,0.01,0.0001,2.99974,0.10544,4154
23,0,age_bin,ema_lr1e-3,0.001,0.0001,1.53609,0.32712,4295
23,0,age_bin,ema_lr5e-3,0.005,0.0001,1.39158,0.42864,4295
23,0,age_bin,ema_lr1e-2,0.01,0.0001,1.28082,0.51688,4295
23,0,age_bin,ema_lr5e-2,0.05,0.0001,0.71646,0.83609,4295
23,0,age_bin,ema_lr1e-2_wd1e-3,0.01,0.001,1.25019,0.44261,4295
23,0,age_bin,ema_d0.99,0.01,0.0001,1.27978,0.52014,4295
23,0,age_bin,ema_d0.9999,0.01,0.0001,1.30685,0.44214,4295
23,0,age_bin,mlp_h16,0.001,0.0,0.07866,1.0,4295
23,0,age_bin,mlp_h32,0.001,0.0,0.0488,1.0,4295
23,0,age_bin,mlp_h64,0.001,0.0,0.0146,1.0,4295
23,0,age_bin,mlp_h128,0.001,0.0,0.00279,1.0,4295
23,0,age_bin,attention,0.0001,1e-05,0.98844,1.0,4295
23,0,age_bin,shuffled,0.01,0.0001,1.2897,0.47939,4295
23,0,gender,ema_lr1e-3,0.001,0.0001,0.97446,0.49476,4295
23,0,gender,ema_lr5e-3,0.005,0.0001,0.94729,0.52433,4295
23,0,gender,ema_lr1e-2,0.01,0.0001,0.92275,0.48661,4295
23,0,gender,ema_lr5e-2,0.05,0.0001,0.82504,0.52386,4295
23,0,gender,ema_lr1e-2_wd1e-3,0.01,0.001,0.90487,0.50035,4295
23,0,gender,ema_d0.99,0.01,0.0001,0.92137,0.51036,4295
23,0,gender,ema_d0.9999,0.01,0.0001,0.93076,0.48033,4295
23,0,gender,mlp_h16,0.001,0.0,0.7055,0.46682,4295
23,0,gender,mlp_h32,0.001,0.0,0.70899,0.48242,4295
23,0,gender,mlp_h64,0.001,0.0,0.71849,0.47194,4295
23,0,gender,mlp_h128,0.001,0.0,0.72121,0.47544,4295
23,0,gender,attention,0.0001,1e-05,0.6927,0.49219,4295
23,0,gender,shuffled,0.01,0.0001,0.90906,0.51013,4295
23,0,star_sign,ema_lr1e-3,0.001,0.0001,3.22495,0.05332,4295
23,0,star_sign,ema_lr5e-3,0.005,0.0001,3.06595,0.07404,4295
23,0,star_sign,ema_lr1e-2,0.01,0.0001,2.93268,0.10477,4295
23,0,star_sign,ema_lr5e-2,0.05,0.0001,1.97368,0.57276,4295
23,0,star_sign,ema_lr1e-2_wd1e-3,0.01,0.001,2.95452,0.10081,4295
23,0,star_sign,ema_d0.99,0.01,0.0001,2.94751,0.16321,4295
23,0,star_sign,ema_d0.9999,0.01,0.0001,2.91505,0.10058,4295
23,0,star_sign,mlp_h16,0.001,0.0,0.42373,0.99977,4295
23,0,star_sign,mlp_h32,0.001,0.0,0.22322,1.0,4295
23,0,star_sign,mlp_h64,0.001,0.0,0.05698,1.0,4295
23,0,star_sign,mlp_h128,0.001,0.0,0.00622,1.0,4295
23,0,star_sign,attention,0.0001,1e-05,2.3193,1.0,4295
23,0,star_sign,shuffled,0.01,0.0001,2.90959,0.11898,4295
23,4,age_bin,ema_lr1e-3,0.001,0.0001,1.42569,0.35064,4295
23,4,age_bin,ema_lr5e-3,0.005,0.0001,1.36821,0.32573,4295
23,4,age_bin,ema_lr1e-2,0.01,0.0001,1.24891,0.40768,4295
23,4,age_bin,ema_lr5e-2,0.05,0.0001,1.09107,0.80373,4295
23,4,age_bin,ema_lr1e-2_wd1e-3,0.01,0.001,1.21978,0.42002,4295
23,4,age_bin,ema_d0.99,0.01,0.0001,1.20798,0.40605,4295
23,4,age_bin,ema_d0.9999,0.01,0.0001,1.2326,0.41397,4295
23,4,age_bin,mlp_h16,0.001,0.0,0.04982,1.0,4295
23,4,age_bin,mlp_h32,0.001,0.0,0.05916,1.0,4295
23,4,age_bin,mlp_h64,0.001,0.0,0.00233,1.0,4295
23,4,age_bin,mlp_h128,0.001,0.0,0.00086,1.0,4295
23,4,age_bin,attention,0.0001,1e-05,0.0,1.0,4295
23,4,age_bin,shuffled,0.01,0.0001,1.21572,0.41467,4295
23,4,gender,ema_lr1e-3,0.001,0.0001,0.98478,0.4936,4295
23,4,gender,ema_lr5e-3,0.005,0.0001,0.87355,0.5213,4295
23,4,gender,ema_lr1e-2,0.01,0.0001,0.91912,0.49034,4295
23,4,gender,ema_lr5e-2,0.05,0.0001,1.10457,0.47776,4295
23,4,gender,ema_lr1e-2_wd1e-3,0.01,0.001,0.87437,0.50524,4295
23,4,gender,ema_d0.99,0.01,0.0001,0.88015,0.51059,4295
23,4,gender,ema_d0.9999,0.01,0.0001,0.8905,0.50454,4295
23,4,gender,mlp_h16,0.001,0.0,0.72061,0.47311,4295
23,4,gender,mlp_h32,0.001,0.0,0.71774,0.47544,4295
23,4,gender,mlp_h64,0.001,0.0,0.71931,0.48289,4295
23,4,gender,mlp_h128,0.001,0.0,0.72234,0.47893,4295
23,4,gender,attention,0.0001,1e-05,0.68684,0.54688,4295
23,4,gender,shuffled,0.01,0.0001,0.89728,0.50407,4295
23,4,star_sign,ema_lr1e-3,0.001,0.0001,3.16538,0.06915,4295
23,4,star_sign,ema_lr5e-3,0.005,0.0001,2.88734,0.09965,4295
23,4,star_sign,ema_lr1e-2,0.01,0.0001,2.80025,0.11362,4295
23,4,star_sign,ema_lr5e-2,0.05,0.0001,1.9554,0.48987,4295
23,4,star_sign,ema_lr1e-2_wd1e-3,0.01,0.001,2.77396,0.11665,4295
23,4,star_sign,ema_d0.99,0.01,0.0001,2.7997,0.11129,4295
23,4,star_sign,ema_d0.9999,0.01,0.0001,2.74462,0.11665,4295
23,4,star_sign,mlp_h16,0.001,0.0,0.70317,0.99977,4295
23,4,star_sign,mlp_h32,0.001,0.0,0.10075,1.0,4295
23,4,star_sign,mlp_h64,0.001,0.0,0.01765,1.0,4295
23,4,star_sign,mlp_h128,0.001,0.0,0.00093,1.0,4295
23,4,star_sign,attention,0.0001,1e-05,0.00209,1.0,4295
23,4,star_sign,shuffled,0.01,0.0001,2.7771,0.12456,4295
23,8,age_bin,ema_lr1e-3,0.001,0.0001,1.44644,0.35157,4295
23,8,age_bin,ema_lr5e-3,0.005,0.0001,1.36526,0.36321,4295
23,8,age_bin,ema_lr1e-2,0.01,0.0001,1.27777,0.3986,4295
23,8,age_bin,ema_lr5e-2,0.05,0.0001,0.94106,0.55739,4295
23,8,age_bin,ema_lr1e-2_wd1e-3,0.01,0.001,1.33241,0.383,4295
23,8,age_bin,ema_d0.99,0.01,0.0001,1.27835,0.41094,4295
23,8,age_bin,ema_d0.9999,0.01,0.0001,1.26183,0.41118,4295
23,8,age_bin,mlp_h16,0.001,0.0,0.43001,0.99977,4295
23,8,age_bin,mlp_h32,0.001,0.0,0.02154,1.0,4295
23,8,age_bin,mlp_h64,0.001,0.0,0.00381,1.0,4295
23,8,age_bin,mlp_h128,0.001,0.0,0.00159,1.0,4295
23,8,age_bin,attention,0.0001,1e-05,0.0,1.0,4295
23,8,age_bin,shuffled,0.01,0.0001,1.25804,0.3979,4295
23,8,gender,ema_lr1e-3,0.001,0.0001,0.91874,0.51874,4295
23,8,gender,ema_lr5e-3,0.005,0.0001,0.9355,0.50105,4295
23,8,gender,ema_lr1e-2,0.01,0.0001,0.90565,0.49453,4295
23,8,gender,ema_lr5e-2,0.05,0.0001,1.05893,0.5213,4295
23,8,gender,ema_lr1e-2_wd1e-3,0.01,0.001,0.94154,0.4773,4295
23,8,gender,ema_d0.99,0.01,0.0001,0.95592,0.46286,4295
23,8,gender,ema_d0.9999,0.01,0.0001,0.89251,0.49988,4295
23,8,gender,mlp_h16,0.001,0.0,0.71398,0.47497,4295
23,8,gender,mlp_h32,0.001,0.0,0.73767,0.46589,4295
23,8,gender,mlp_h64,0.001,0.0,0.73586,0.46333,4295
23,8,gender,mlp_h128,0.001,0.0,0.73815,0.46473,4295
23,8,gender,attention,0.0001,1e-05,0.7061,0.50781,4295
23,8,gender,shuffled,0.01,0.0001,0.91006,0.49546,4295
23,8,star_sign,ema_lr1e-3,0.001,0.0001,3.13412,0.08056,4295
23,8,star_sign,ema_lr5e-3,0.005,0.0001,2.95881,0.09686,4295
23,8,star_sign,ema_lr1e-2,0.01,0.0001,2.86061,0.1099,4295
23,8,star_sign,ema_lr5e-2,0.05,0.0001,2.00911,0.39558,4295
23,8,star_sign,ema_lr1e-2_wd1e-3,0.01,0.001,2.90636,0.1078,4295
23,8,star_sign,ema_d0.99,0.01,0.0001,2.87225,0.09919,4295
23,8,star_sign,ema_d0.9999,0.01,0.0001,2.78,0.12829,4295
23,8,star_sign,mlp_h16,0.001,0.0,0.59226,0.96438,4295
23,8,star_sign,mlp_h32,0.001,0.0,0.25731,1.0,4295
23,8,star_sign,mlp_h64,0.001,0.0,0.02517,1.0,4295
23,8,star_sign,mlp_h128,0.001,0.0,0.00132,1.0,4295
23,8,star_sign,attention,0.0001,1e-05,0.0,1.0,4295
23,8,star_sign,shuffled,0.01,0.0001,2.86897,0.10803,4295
23,12,age_bin,ema_lr1e-3,0.001,0.0001,1.49147,0.31665,4295
23,12,age_bin,ema_lr5e-3,0.005,0.0001,1.40366,0.36997,4295
23,12,age_bin,ema_lr1e-2,0.01,0.0001,1.22578,0.42398,4295
23,12,age_bin,ema_lr5e-2,0.05,0.0001,0.84951,0.6305,4295
23,12,age_bin,ema_lr1e-2_wd1e-3,0.01,0.001,1.28968,0.41397,4295
23,12,age_bin,ema_d0.99,0.01,0.0001,1.28457,0.38859,4295
23,12,age_bin,ema_d0.9999,0.01,0.0001,1.3371,0.37579,4295
23,12,age_bin,mlp_h16,0.001,0.0,0.04631,1.0,4295
23,12,age_bin,mlp_h32,0.001,0.0,0.03063,1.0,4295
23,12,age_bin,mlp_h64,0.001,0.0,0.01889,1.0,4295
23,12,age_bin,mlp_h128,0.001,0.0,0.00151,1.0,4295
23,12,age_bin,attention,0.0001,1e-05,0.00108,1.0,4295
23,12,age_bin,shuffled,0.01,0.0001,1.27859,0.4,4295
23,12,gender,ema_lr1e-3,0.001,0.0001,0.99766,0.5071,4295
23,12,gender,ema_lr5e-3,0.005,0.0001,0.90202,0.51432,4295
23,12,gender,ema_lr1e-2,0.01,0.0001,0.91568,0.49919,4295
23,12,gender,ema_lr5e-2,0.05,0.0001,0.95918,0.49802,4295
23,12,gender,ema_lr1e-2_wd1e-3,0.01,0.001,0.88281,0.51059,4295
23,12,gender,ema_d0.99,0.01,0.0001,0.8919,0.50314,4295
23,12,gender,ema_d0.9999,0.01,0.0001,0.85837,0.53504,4295
23,12,gender,mlp_h16,0.001,0.0,0.71948,0.46705,4295
23,12,gender,mlp_h32,0.001,0.0,0.72384,0.47893,4295
23,12,gender,mlp_h64,0.001,0.0,0.73821,0.47334,4295
23,12,gender,mlp_h128,0.001,0.0,0.74507,0.46449,4295
23,12,gender,attention,0.0001,1e-05,0.73797,0.50781,4295
23,12,gender,shuffled,0.01,0.0001,0.92094,0.49104,4295
23,12,star_sign,ema_lr1e-3,0.001,0.0001,3.23201,0.08638,4295
23,12,star_sign,ema_lr5e-3,0.005,0.0001,3.03322,0.11036,4295
23,12,star_sign,ema_lr1e-2,0.01,0.0001,2.89157,0.10431,4295
23,12,star_sign,ema_lr5e-2,0.05,0.0001,2.04222,0.3532,4295
23,12,star_sign,ema_lr1e-2_wd1e-3,0.01,0.001,2.88222,0.11688,4295
23,12,star_sign,ema_d0.99,0.01,0.0001,2.87579,0.12433,4295
23,12,star_sign,ema_d0.9999,0.01,0.0001,2.91094,0.11106,4295
23,12,star_sign,mlp_h16,0.001,0.0,0.34145,0.99371,4295
23,12,star_sign,mlp_h32,0.001,0.0,0.27086,1.0,4295
23,12,star_sign,mlp_h64,0.001,0.0,0.01562,1.0,4295
23,12,star_sign,mlp_h128,0.001,0.0,0.0036,1.0,4295
23,12,star_sign,attention,0.0001,1e-05,0.00011,1.0,4295
23,12,star_sign,shuffled,0.01,0.0001,2.87959,0.11129,4295
23,16,age_bin,ema_lr1e-3,0.001,0.0001,1.485,0.36834,4295
23,16,age_bin,ema_lr5e-3,0.005,0.0001,1.49097,0.34645,4295
23,16,age_bin,ema_lr1e-2,0.01,0.0001,1.25972,0.41187,4295
23,16,age_bin,ema_lr5e-2,0.05,0.0001,0.72645,0.7241,4295
23,16,age_bin,ema_lr1e-2_wd1e-3,0.01,0.001,1.30535,0.39767,4295
23,16,age_bin,ema_d0.99,0.01,0.0001,1.26305,0.39488,4295
23,16,age_bin,ema_d0.9999,0.01,0.0001,1.32466,0.36927,4295
23,16,age_bin,mlp_h16,0.001,0.0,0.17432,0.99581,4295
23,16,age_bin,mlp_h32,0.001,0.0,0.02236,1.0,4295
23,16,age_bin,mlp_h64,0.001,0.0,0.0028,1.0,4295
23,16,age_bin,mlp_h128,0.001,0.0,0.00126,1.0,4295
23,16,age_bin,attention,0.0001,1e-05,1e-05,1.0,4295
23,16,age_bin,shuffled,0.01,0.0001,1.28198,0.40326,4295
23,16,gender,ema_lr1e-3,0.001,0.0001,1.01088,0.48428,4295
23,16,gender,ema_lr5e-3,0.005,0.0001,0.98834,0.4766,4295
23,16,gender,ema_lr1e-2,0.01,0.0001,0.92926,0.49686,4295
23,16,gender,ema_lr5e-2,0.05,0.0001,0.84761,0.50128,4295
23,16,gender,ema_lr1e-2_wd1e-3,0.01,0.001,0.89718,0.5064,4295
23,16,gender,ema_d0.99,0.01,0.0001,0.89629,0.50454,4295
23,16,gender,ema_d0.9999,0.01,0.0001,0.91322,0.49756,4295
23,16,gender,mlp_h16,0.001,0.0,0.7312,0.47218,4295
23,16,gender,mlp_h32,0.001,0.0,0.73524,0.4766,4295
23,16,gender,mlp_h64,0.001,0.0,0.74746,0.46868,4295
23,16,gender,mlp_h128,0.001,0.0,0.75277,0.46286,4295
23,16,gender,attention,0.0001,1e-05,0.73975,0.55469,4295
23,16,gender,shuffled,0.01,0.0001,0.87749,0.50268,4295
23,16,star_sign,ema_lr1e-3,0.001,0.0001,3.17862,0.08009,4295
23,16,star_sign,ema_lr5e-3,0.005,0.0001,3.17989,0.08917,4295
23,16,star_sign,ema_lr1e-2,0.01,0.0001,2.91207,0.12014,4295
23,16,star_sign,ema_lr5e-2,0.05,0.0001,2.03855,0.36577,4295
23,16,star_sign,ema_lr1e-2_wd1e-3,0.01,0.001,2.89743,0.12317,4295
23,16,star_sign,ema_d0.99,0.01,0.0001,2.90826,0.11478,4295
23,16,star_sign,ema_d0.9999,0.01,0.0001,2.87953,0.13038,4295
23,16,star_sign,mlp_h16,0.001,0.0,0.47089,0.98813,4295
23,16,star_sign,mlp_h32,0.001,0.0,0.24203,0.9986,4295
23,16,star_sign,mlp_h64,0.001,0.0,0.06632,1.0,4295
23,16,star_sign,mlp_h128,0.001,0.0,0.00235,1.0,4295
23,16,star_sign,attention,0.0001,1e-05,0.0,1.0,4295
23,16,star_sign,shuffled,0.01,0.0001,2.98512,0.10244,4295
24,0,age_bin,ema_lr1e-3,0.001,0.0001,1.57484,0.31247,3898
24,0,age_bin,ema_lr5e-3,0.005,0.0001,1.40518,0.45254,3898
24,0,age_bin,ema_lr1e-2,0.01,0.0001,1.31521,0.50436,3898
24,0,age_bin,ema_lr5e-2,0.05,0.0001,0.69995,0.853,3898
24,0,age_bin,ema_lr1e-2_wd1e-3,0.01,0.001,1.25375,0.43894,3898
24,0,age_bin,ema_d0.99,0.01,0.0001,1.28158,0.50077,3898
24,0,age_bin,ema_d0.9999,0.01,0.0001,1.30094,0.48717,3898
24,0,age_bin,mlp_h16,0.001,0.0,0.07151,1.0,3898
24,0,age_bin,mlp_h32,0.001,0.0,0.04336,1.0,3898
24,0,age_bin,mlp_h64,0.001,0.0,0.01272,1.0,3898
24,0,age_bin,mlp_h128,0.001,0.0,0.00249,1.0,3898
24,0,age_bin,attention,0.0001,1e-05,0.98204,1.0,3898
24,0,age_bin,shuffled,0.01,0.0001,1.30087,0.45716,3898
24,0,gender,ema_lr1e-3,0.001,0.0001,0.96674,0.50487,3898
24,0,gender,ema_lr5e-3,0.005,0.0001,0.93195,0.50564,3898
24,0,gender,ema_lr1e-2,0.01,0.0001,0.92147,0.47819,3898
24,0,gender,ema_lr5e-2,0.05,0.0001,0.84489,0.49025,3898
24,0,gender,ema_lr1e-2_wd1e-3,0.01,0.001,0.89575,0.50513,3898
24,0,gender,ema_d0.99,0.01,0.0001,0.91039,0.49846,3898
24,0,gender,ema_d0.9999,0.01,0.0001,0.90722,0.49076,3898
24,0,gender,mlp_h16,0.001,0.0,0.70641,0.47768,3898
24,0,gender,mlp_h32,0.001,0.0,0.71301,0.46768,3898
24,0,gender,mlp_h64,0.001,0.0,0.71713,0.47948,3898
24,0,gender,mlp_h128,0.001,0.0,0.72618,0.47871,3898
24,0,gender,attention,0.0001,1e-05,0.69399,0.45312,3898
24,0,gender,shuffled,0.01,0.0001,0.89612,0.51616,3898
24,0,star_sign,ema_lr1e-3,0.001,0.0001,3.26668,0.04361,3898
24,0,star_sign,ema_lr5e-3,0.005,0.0001,3.06589,0.07132,3898
24,0,star_sign,ema_lr1e-2,0.01,0.0001,2.91306,0.10595,3898
24,0,star_sign,ema_lr5e-2,0.05,0.0001,1.97173,0.58543,3898
24,0,star_sign,ema_lr1e-2_wd1e-3,0.01,0.001,2.86148,0.11596,3898
24,0,star_sign,ema_d0.99,0.01,0.0001,2.92144,0.17188,3898
24,0,star_sign,ema_d0.9999,0.01,0.0001,2.93112,0.10621,3898
24,0,star_sign,mlp_h16,0.001,0.0,0.39224,1.0,3898
24,0,star_sign,mlp_h32,0.001,0.0,0.19168,0.99949,3898
24,0,star_sign,mlp_h64,0.001,0.0,0.04754,1.0,3898
24,0,star_sign,mlp_h128,0.001,0.0,0.0055,1.0,3898
24,0,star_sign,attention,0.0001,1e-05,2.30898,1.0,3898
24,0,star_sign,shuffled,0.01,0.0001,2.87102,0.14392,3898
24,4,age_bin,ema_lr1e-3,0.001,0.0001,1.45945,0.33992,3898
24,4,age_bin,ema_lr5e-3,0.005,0.0001,1.34212,0.33479,3898
24,4,age_bin,ema_lr1e-2,0.01,0.0001,1.27619,0.40405,3898
24,4,age_bin,ema_lr5e-2,0.05,0.0001,0.9279,0.5626,3898
24,4,age_bin,ema_lr1e-2_wd1e-3,0.01,0.001,1.22354,0.40149,3898
24,4,age_bin,ema_d0.99,0.01,0.0001,1.23939,0.39123,3898
24,4,age_bin,ema_d0.9999,0.01,0.0001,1.23104,0.42227,3898
24,4,age_bin,mlp_h16,0.001,0.0,0.04192,1.0,3898
24,4,age_bin,mlp_h32,0.001,0.0,0.05072,1.0,3898
24,4,age_bin,mlp_h64,0.001,0.0,0.00197,1.0,3898
24,4,age_bin,mlp_h128,0.001,0.0,0.00071,1.0,3898
24,4,age_bin,attention,0.0001,1e-05,0.0,1.0,3898
24,4,age_bin,shuffled,0.01,0.0001,1.24875,0.39148,3898
24,4,gender,ema_lr1e-3,0.001,0.0001,0.97018,0.49051,3898
24,4,gender,ema_lr5e-3,0.005,0.0001,0.91225,0.50924,3898
24,4,gender,ema_lr1e-2,0.01,0.0001,0.90618,0.51283,3898
24,4,gender,ema_lr5e-2,0.05,0.0001,1.21828,0.53053,3898
24,4,gender,ema_lr1e-2_wd1e-3,0.01,0.001,0.897,0.48692,3898
24,4,gender,ema_d0.99,0.01,0.0001,0.9272,0.48435,3898
24,4,gender,ema_d0.9999,0.01,0.0001,0.89898,0.49718,3898
24,4,gender,mlp_h16,0.001,0.0,0.71376,0.48307,3898
24,4,gender,mlp_h32,0.001,0.0,0.71707,0.47024,3898
24,4,gender,mlp_h64,0.001,0.0,0.71677,0.48615,3898
24,4,gender,mlp_h128,0.001,0.0,0.72169,0.49795,3898
24,4,gender,attention,0.0001,1e-05,0.70949,0.52344,3898
24,4,gender,shuffled,0.01,0.0001,0.91659,0.49256,3898
24,4,star_sign,ema_lr1e-3,0.001,0.0001,3.13281,0.08184,3898
24,4,star_sign,ema_lr5e-3,0.005,0.0001,2.90607,0.09723,3898
24,4,star_sign,ema_lr1e-2,0.01,0.0001,2.71456,0.12904,3898
24,4,star_sign,ema_lr5e-2,0.05,0.0001,1.92338,0.42663,3898
24,4,star_sign,ema_lr1e-2_wd1e-3,0.01,0.001,2.81645,0.10518,3898
24,4,star_sign,ema_d0.99,0.01,0.0001,2.77039,0.12134,3898
24,4,star_sign,ema_d0.9999,0.01,0.0001,2.76867,0.12648,3898
24,4,star_sign,mlp_h16,0.001,0.0,0.62378,1.0,3898
24,4,star_sign,mlp_h32,0.001,0.0,0.08112,1.0,3898
24,4,star_sign,mlp_h64,0.001,0.0,0.01424,1.0,3898
24,4,star_sign,mlp_h128,0.001,0.0,0.00072,1.0,3898
24,4,star_sign,attention,0.0001,1e-05,0.00162,1.0,3898
24,4,star_sign,shuffled,0.01,0.0001,2.7802,0.12032,3898
24,8,age_bin,ema_lr1e-3,0.001,0.0001,1.47286,0.34582,3898
24,8,age_bin,ema_lr5e-3,0.005,0.0001,1.4104,0.36326,3898
24,8,age_bin,ema_lr1e-2,0.01,0.0001,1.25687,0.41432,3898
24,8,age_bin,ema_lr5e-2,0.05,0.0001,0.97699,0.76886,3898
24,8,age_bin,ema_lr1e-2_wd1e-3,0.01,0.001,1.28813,0.38302,3898
24,8,age_bin,ema_d0.99,0.01,0.0001,1.25416,0.41637,3898
24,8,age_bin,ema_d0.9999,0.01,0.0001,1.24295,0.4156,3898
24,8,age_bin,mlp_h16,0.001,0.0,0.38473,1.0,3898
24,8,age_bin,mlp_h32,0.001,0.0,0.01852,1.0,3898
24,8,age_bin,mlp_h64,0.001,0.0,0.00333,1.0,3898
24,8,age_bin,mlp_h128,0.001,0.0,0.00138,1.0,3898
24,8,age_bin,attention,0.0001,1e-05,0.0,1.0,3898
24,8,age_bin,shuffled,0.01,0.0001,1.2714,0.39046,3898
24,8,gender,ema_lr1e-3,0.001,0.0001,0.92301,0.51668,3898
24,8,gender,ema_lr5e-3,0.005,0.0001,0.95114,0.48999,3898
24,8,gender,ema_lr1e-2,0.01,0.0001,0.8686,0.51514,3898
24,8,gender,ema_lr5e-2,0.05,0.0001,0.93305,0.4882,3898
24,8,gender,ema_lr1e-2_wd1e-3,0.01,0.001,0.92013,0.48717,3898
24,8,gender,ema_d0.99,0.01,0.0001,0.91524,0.50564,3898
24,8,gender,ema_d0.9999,0.01,0.0001,0.89238,0.49872,3898
24,8,gender,mlp_h16,0.001,0.0,0.71948,0.46768,3898
24,8,gender,mlp_h32,0.001,0.0,0.72858,0.47101,3898
24,8,gender,mlp_h64,0.001,0.0,0.7289,0.47948,3898
24,8,gender,mlp_h128,0.001,0.0,0.72699,0.47563,3898
24,8,gender,attention,0.0001,1e-05,0.71918,0.44531,3898
24,8,gender,shuffled,0.01,0.0001,0.93265,0.49076,3898
24,8,star_sign,ema_lr1e-3,0.001,0.0001,3.17087,0.07645,3898
24,8,star_sign,ema_lr5e-3,0.005,0.0001,2.95435,0.10441,3898
24,8,star_sign,ema_lr1e-2,0.01,0.0001,2.86743,0.11185,3898
24,8,star_sign,ema_lr5e-2,0.05,0.0001,1.96951,0.35942,3898
24,8,star_sign,ema_lr1e-2_wd1e-3,0.01,0.001,2.88069,0.1116,3898
24,8,star_sign,ema_d0.99,0.01,0.0001,2.81835,0.11185,3898
24,8,star_sign,ema_d0.9999,0.01,0.0001,2.7659,0.13443,3898
24,8,star_sign,mlp_h16,0.001,0.0,0.54535,0.96511,3898
24,8,star_sign,mlp_h32,0.001,0.0,0.21473,1.0,3898
24,8,star_sign,mlp_h64,0.001,0.0,0.0205,1.0,3898
24,8,star_sign,mlp_h128,0.001,0.0,0.00109,1.0,3898
24,8,star_sign,attention,0.0001,1e-05,0.0,1.0,3898
24,8,star_sign,shuffled,0.01,0.0001,2.84904,0.11313,3898
24,12,age_bin,ema_lr1e-3,0.001,0.0001,1.57474,0.29425,3898
24,12,age_bin,ema_lr5e-3,0.005,0.0001,1.41997,0.35736,3898
24,12,age_bin,ema_lr1e-2,0.01,0.0001,1.2834,0.40688,3898
24,12,age_bin,ema_lr5e-2,0.05,0.0001,0.82657,0.74859,3898
24,12,age_bin,ema_lr1e-2_wd1e-3,0.01,0.001,1.26656,0.4138,3898
24,12,age_bin,ema_d0.99,0.01,0.0001,1.30772,0.38045,3898
24,12,age_bin,ema_d0.9999,0.01,0.0001,1.28675,0.39046,3898
24,12,age_bin,mlp_h16,0.001,0.0,0.03862,1.0,3898
24,12,age_bin,mlp_h32,0.001,0.0,0.02692,1.0,3898
24,12,age_bin,mlp_h64,0.001,0.0,0.01592,1.0,3898
24,12,age_bin,mlp_h128,0.001,0.0,0.00133,1.0,3898
24,12,age_bin,attention,0.0001,1e-05,0.00131,1.0,3898
24,12,age_bin,shuffled,0.01,0.0001,1.26761,0.4038,3898
24,12,gender,ema_lr1e-3,0.001,0.0001,1.00822,0.49641,3898
24,12,gender,ema_lr5e-3,0.005,0.0001,0.93294,0.48923,3898
24,12,gender,ema_lr1e-2,0.01,0.0001,0.92408,0.47178,3898
24,12,gender,ema_lr5e-2,0.05,0.0001,0.83939,0.49384,3898
24,12,gender,ema_lr1e-2_wd1e-3,0.01,0.001,0.92468,0.4923,3898
24,12,gender,ema_d0.99,0.01,0.0001,0.8799,0.50385,3898
24,12,gender,ema_d0.9999,0.01,0.0001,0.88023,0.51693,3898
24,12,gender,mlp_h16,0.001,0.0,0.71071,0.48717,3898
24,12,gender,mlp_h32,0.001,0.0,0.71029,0.48512,3898
24,12,gender,mlp_h64,0.001,0.0,0.72301,0.49025,3898
24,12,gender,mlp_h128,0.001,0.0,0.72572,0.47691,3898
24,12,gender,attention,0.0001,1e-05,0.69652,0.53906,3898
24,12,gender,shuffled,0.01,0.0001,0.90065,0.5,3898
24,12,star_sign,ema_lr1e-3,0.001,0.0001,3.2562,0.08851,3898
24,12,star_sign,ema_lr5e-3,0.005,0.0001,3.06006,0.10287,3898
24,12,star_sign,ema_lr1e-2,0.01,0.0001,2.86878,0.10723,3898
24,12,star_sign,ema_lr5e-2,0.05,0.0001,1.95531,0.37737,3898
24,12,star_sign,ema_lr1e-2_wd1e-3,0.01,0.001,2.8762,0.12237,3898
24,12,star_sign,ema_d0.99,0.01,0.0001,2.91242,0.10646,3898
24,12,star_sign,ema_d0.9999,0.01,0.0001,2.97554,0.10493,3898
24,12,star_sign,mlp_h16,0.001,0.0,0.31503,0.99307,3898
24,12,star_sign,mlp_h32,0.001,0.0,0.23695,1.0,3898
24,12,star_sign,mlp_h64,0.001,0.0,0.01319,1.0,3898
24,12,star_sign,mlp_h128,0.001,0.0,0.00302,1.0,3898
24,12,star_sign,attention,0.0001,1e-05,0.00014,1.0,3898
24,12,star_sign,shuffled,0.01,0.0001,2.84598,0.1175,3898
24,16,age_bin,ema_lr1e-3,0.001,0.0001,1.46593,0.36172,3898
24,16,age_bin,ema_lr5e-3,0.005,0.0001,1.3426,0.36942,3898
24,16,age_bin,ema_lr1e-2,0.01,0.0001,1.24446,0.4138,3898
24,16,age_bin,ema_lr5e-2,0.05,0.0001,0.76878,0.70087,3898
24,16,age_bin,ema_lr1e-2_wd1e-3,0.01,0.001,1.30813,0.38763,3898
24,16,age_bin,ema_d0.99,0.01,0.0001,1.27867,0.39046,3898
24,16,age_bin,ema_d0.9999,0.01,0.0001,1.24496,0.39738,3898
24,16,age_bin,mlp_h16,0.001,0.0,0.16487,0.99436,3898
24,16,age_bin,mlp_h32,0.001,0.0,0.0205,1.0,3898
24,16,age_bin,mlp_h64,0.001,0.0,0.00277,1.0,3898
24,16,age_bin,mlp_h128,0.001,0.0,0.00121,1.0,3898
24,16,age_bin,attention,0.0001,1e-05,0.00108,1.0,3898
24,16,age_bin,shuffled,0.01,0.0001,1.34362,0.39277,3898
24,16,gender,ema_lr1e-3,0.001,0.0001,0.95895,0.52155,3898
24,16,gender,ema_lr5e-3,0.005,0.0001,0.92182,0.52129,3898
24,16,gender,ema_lr1e-2,0.01,0.0001,0.91512,0.50693,3898
24,16,gender,ema_lr5e-2,0.05,0.0001,0.8285,0.53284,3898
24,16,gender,ema_lr1e-2_wd1e-3,0.01,0.001,0.90374,0.50154,3898
24,16,gender,ema_d0.99,0.01,0.0001,0.87983,0.49513,3898
24,16,gender,ema_d0.9999,0.01,0.0001,0.90288,0.50872,3898
24,16,gender,mlp_h16,0.001,0.0,0.71226,0.49743,3898
24,16,gender,mlp_h32,0.001,0.0,0.71481,0.50026,3898
24,16,gender,mlp_h64,0.001,0.0,0.72139,0.49564,3898
24,16,gender,mlp_h128,0.001,0.0,0.72866,0.47973,3898
24,16,gender,attention,0.0001,1e-05,0.76729,0.5,3898
24,16,gender,shuffled,0.01,0.0001,0.90524,0.4941,3898
24,16,star_sign,ema_lr1e-3,0.001,0.0001,3.2419,0.07568,3898
24,16,star_sign,ema_lr5e-3,0.005,0.0001,3.05422,0.09595,3898
24,16,star_sign,ema_lr1e-2,0.01,0.0001,2.89572,0.11724,3898
24,16,star_sign,ema_lr5e-2,0.05,0.0001,1.97349,0.38225,3898
24,16,star_sign,ema_lr1e-2_wd1e-3,0.01,0.001,2.98367,0.11339,3898
24,16,star_sign,ema_d0.99,0.01,0.0001,2.95509,0.11544,3898
24,16,star_sign,ema_d0.9999,0.01,0.0001,2.86939,0.13238,3898
24,16,star_sign,mlp_h16,0.001,0.0,0.42789,0.99333,3898
24,16,star_sign,mlp_h32,0.001,0.0,0.21687,0.99949,3898
24,16,star_sign,mlp_h64,0.001,0.0,0.05544,1.0,3898
24,16,star_sign,mlp_h128,0.001,0.0,0.00242,1.0,3898
24,16,star_sign,attention,0.0001,1e-05,0.0,1.0,3898
24,16,star_sign,shuffled,0.01,0.0001,2.96367,0.11211,3898
25,0,age_bin,ema_lr1e-3,0.001,0.0001,1.55995,0.31833,3889
25,0,age_bin,ema_lr5e-3,0.005,0.0001,1.37764,0.47467,3889
25,0,age_bin,ema_lr1e-2,0.01,0.0001,1.27561,0.52507,3889
25,0,age_bin,ema_lr5e-2,0.05,0.0001,0.68531,0.8344,3889
25,0,age_bin,ema_lr1e-2_wd1e-3,0.01,0.001,1.26085,0.44304,3889
25,0,age_bin,ema_d0.99,0.01,0.0001,1.25475,0.52379,3889
25,0,age_bin,ema_d0.9999,0.01,0.0001,1.25006,0.48727,3889
25,0,age_bin,mlp_h16,0.001,0.0,0.06492,1.0,3889
25,0,age_bin,mlp_h32,0.001,0.0,0.03766,1.0,3889
25,0,age_bin,mlp_h64,0.001,0.0,0.01074,1.0,3889
25,0,age_bin,mlp_h128,0.001,0.0,0.00212,1.0,3889
25,0,age_bin,attention,0.0001,1e-05,0.97988,1.0,3889
25,0,age_bin,shuffled,0.01,0.0001,1.25771,0.48084,3889
25,0,gender,ema_lr1e-3,0.001,0.0001,0.96965,0.49087,3889
25,0,gender,ema_lr5e-3,0.005,0.0001,0.96069,0.51427,3889
25,0,gender,ema_lr1e-2,0.01,0.0001,0.90393,0.48959,3889
25,0,gender,ema_lr5e-2,0.05,0.0001,0.83583,0.53844,3889
25,0,gender,ema_lr1e-2_wd1e-3,0.01,0.001,0.88728,0.51427,3889
25,0,gender,ema_d0.99,0.01,0.0001,0.89244,0.50116,3889
25,0,gender,ema_d0.9999,0.01,0.0001,0.9266,0.47904,3889
25,0,gender,mlp_h16,0.001,0.0,0.70824,0.44742,3889
25,0,gender,mlp_h32,0.001,0.0,0.71345,0.46079,3889
25,0,gender,mlp_h64,0.001,0.0,0.71352,0.46542,3889
25,0,gender,mlp_h128,0.001,0.0,0.71851,0.46824,3889
25,0,gender,attention,0.0001,1e-05,0.69479,0.42969,3889
25,0,gender,shuffled,0.01,0.0001,0.89245,0.5135,3889
25,0,star_sign,ema_lr1e-3,0.001,0.0001,3.23163,0.04448,3889
25,0,star_sign,ema_lr5e-3,0.005,0.0001,3.09168,0.08563,3889
25,0,star_sign,ema_lr1e-2,0.01,0.0001,2.90246,0.10183,3889
25,0,star_sign,ema_lr5e-2,0.05,0.0001,1.88236,0.60401,3889
25,0,star_sign,ema_lr1e-2_wd1e-3,0.01,0.001,2.88557,0.1746,3889
25,0,star_sign,ema_d0.99,0.01,0.0001,2.92919,0.15968,3889
25,0,star_sign,ema_d0.9999,0.01,0.0001,2.90177,0.14657,3889
25,0,star_sign,mlp_h16,0.001,0.0,0.35878,1.0,3889
25,0,star_sign,mlp_h32,0.001,0.0,0.16589,1.0,3889
25,0,star_sign,mlp_h64,0.001,0.0,0.03953,1.0,3889
25,0,star_sign,mlp_h128,0.001,0.0,0.00432,1.0,3889
25,0,star_sign,attention,0.0001,1e-05,2.30567,1.0,3889
25,0,star_sign,shuffled,0.01,0.0001,2.89573,0.18385,3889
25,4,age_bin,ema_lr1e-3,0.001,0.0001,1.42376,0.35536,3889
25,4,age_bin,ema_lr5e-3,0.005,0.0001,1.35164,0.33042,3889
25,4,age_bin,ema_lr1e-2,0.01,0.0001,1.23929,0.41296,3889
25,4,age_bin,ema_lr5e-2,0.05,0.0001,1.08208,0.83055,3889
25,4,age_bin,ema_lr1e-2_wd1e-3,0.01,0.001,1.21133,0.42942,3889
25,4,age_bin,ema_d0.99,0.01,0.0001,1.2475,0.38982,3889
25,4,age_bin,ema_d0.9999,0.01,0.0001,1.23486,0.41785,3889
25,4,age_bin,mlp_h16,0.001,0.0,0.03641,1.0,3889
25,4,age_bin,mlp_h32,0.001,0.0,0.04247,1.0,3889
25,4,age_bin,mlp_h64,0.001,0.0,0.00169,1.0,3889
25,4,age_bin,mlp_h128,0.001,0.0,0.00059,1.0,3889
25,4,age_bin,attention,0.0001,1e-05,0.0,1.0,3889
25,4,age_bin,shuffled,0.01,0.0001,1.24734,0.39907,3889
25,4,gender,ema_lr1e-3,0.001,0.0001,0.94942,0.50039,3889
25,4,gender,ema_lr5e-3,0.005,0.0001,0.93548,0.48161,3889
25,4,gender,ema_lr1e-2,0.01,0.0001,0.92563,0.48856,3889
25,4,gender,ema_lr5e-2,0.05,0.0001,1.12653,0.45847,3889
25,4,gender,ema_lr1e-2_wd1e-3,0.01,0.001,0.89037,0.47879,3889
25,4,gender,ema_d0.99,0.01,0.0001,0.8884,0.50939,3889
25,4,gender,ema_d0.9999,0.01,0.0001,0.89515,0.50141,3889
25,4,gender,mlp_h16,0.001,0.0,0.7084,0.49139,3889
25,4,gender,mlp_h32,0.001,0.0,0.70325,0.49319,3889
25,4,gender,mlp_h64,0.001,0.0,0.69832,0.5153,3889
25,4,gender,mlp_h128,0.001,0.0,0.70037,0.53021,3889
25,4,gender,attention,0.0001,1e-05,0.69988,0.5625,3889
25,4,gender,shuffled,0.01,0.0001,0.91126,0.49936,3889
25,4,star_sign,ema_lr1e-3,0.001,0.0001,3.15083,0.07457,3889
25,4,star_sign,ema_lr5e-3,0.005,0.0001,2.92515,0.10131,3889
25,4,star_sign,ema_lr1e-2,0.01,0.0001,2.76665,0.12214,3889
25,4,star_sign,ema_lr5e-2,0.05,0.0001,1.89614,0.40962,3889
25,4,star_sign,ema_lr1e-2_wd1e-3,0.01,0.001,2.76327,0.11134,3889
25,4,star_sign,ema_d0.99,0.01,0.0001,2.75176,0.11365,3889
25,4,star_sign,ema_d0.9999,0.01,0.0001,2.74439,0.12728,3889
25,4,star_sign,mlp_h16,0.001,0.0,0.55732,1.0,3889
25,4,star_sign,mlp_h32,0.001,0.0,0.06665,1.0,3889
25,4,star_sign,mlp_h64,0.001,0.0,0.01126,1.0,3889
25,4,star_sign,mlp_h128,0.001,0.0,0.00058,1.0,3889
25,4,star_sign,attention,0.0001,1e-05,0.00108,1.0,3889
25,4,star_sign,shuffled,0.01,0.0001,2.75229,0.12882,3889
25,8,age_bin,ema_lr1e-3,0.001,0.0001,1.49752,0.34019,3889
25,8,age_bin,ema_lr5e-3,0.005,0.0001,1.4008,0.36513,3889
25,8,age_bin,ema_lr1e-2,0.01,0.0001,1.2584,0.4163,3889
25,8,age_bin,ema_lr5e-2,0.05,0.0001,0.94959,0.5459,3889
25,8,age_bin,ema_lr1e-2_wd1e-3,0.01,0.001,1.25161,0.42222,3889
25,8,age_bin,ema_d0.99,0.01,0.0001,1.21967,0.42839,3889
25,8,age_bin,ema_d0.9999,0.01,0.0001,1.2722,0.39342,3889
25,8,age_bin,mlp_h16,0.001,0.0,0.33627,1.0,3889
25,8,age_bin,mlp_h32,0.001,0.0,0.01499,1.0,3889
25,8,age_bin,mlp_h64,0.001,0.0,0.00256,1.0,3889
25,8,age_bin,mlp_h128,0.001,0.0,0.00106,1.0,3889
25,8,age_bin,attention,0.0001,1e-05,0.0,1.0,3889
25,8,age_bin,shuffled,0.01,0.0001,1.24987,0.4109,3889
25,8,gender,ema_lr1e-3,0.001,0.0001,0.95589,0.51067,3889
25,8,gender,ema_lr5e-3,0.005,0.0001,0.93567,0.50321,3889
25,8,gender,ema_lr1e-2,0.01,0.0001,0.85381,0.51247,3889
25,8,gender,ema_lr5e-2,0.05,0.0001,1.15963,0.55618,3889
25,8,gender,ema_lr1e-2_wd1e-3,0.01,0.001,0.92717,0.47904,3889
25,8,gender,ema_d0.99,0.01,0.0001,0.90716,0.5153,3889
25,8,gender,ema_d0.9999,0.01,0.0001,0.89822,0.48419,3889
25,8,gender,mlp_h16,0.001,0.0,0.71226,0.4703,3889
25,8,gender,mlp_h32,0.001,0.0,0.71041,0.5099,3889
25,8,gender,mlp_h64,0.001,0.0,0.70681,0.51607,3889
25,8,gender,mlp_h128,0.001,0.0,0.70183,0.52147,3889
25,8,gender,attention,0.0001,1e-05,0.7045,0.53125,3889
25,8,gender,shuffled,0.01,0.0001,0.89836,0.49807,3889
25,8,star_sign,ema_lr1e-3,0.001,0.0001,3.13367,0.08511,3889
25,8,star_sign,ema_lr5e-3,0.005,0.0001,2.9704,0.1008,3889
25,8,star_sign,ema_lr1e-2,0.01,0.0001,2.81165,0.1224,3889
25,8,star_sign,ema_lr5e-2,0.05,0.0001,1.88523,0.39702,3889
25,8,star_sign,ema_lr1e-2_wd1e-3,0.01,0.001,2.8293,0.117,3889
25,8,star_sign,ema_d0.99,0.01,0.0001,2.82349,0.1116,3889
25,8,star_sign,ema_d0.9999,0.01,0.0001,2.7902,0.12677,3889
25,8,star_sign,mlp_h16,0.001,0.0,0.4648,0.96709,3889
25,8,star_sign,mlp_h32,0.001,0.0,0.17099,1.0,3889
25,8,star_sign,mlp_h64,0.001,0.0,0.0146,1.0,3889
25,8,star_sign,mlp_h128,0.001,0.0,0.00077,1.0,3889
25,8,star_sign,attention,0.0001,1e-05,0.0,1.0,3889
25,8,star_sign,shuffled,0.01,0.0001,2.82598,0.11494,3889
25,12,age_bin,ema_lr1e-3,0.001,0.0001,1.53852,0.31191,3889
25,12,age_bin,ema_lr5e-3,0.005,0.0001,1.36352,0.37105,3889
25,12,age_bin,ema_lr1e-2,0.01,0.0001,1.27926,0.40602,3889
25,12,age_bin,ema_lr5e-2,0.05,0.0001,0.83964,0.62098,3889
25,12,age_bin,ema_lr1e-2_wd1e-3,0.01,0.001,1.27306,0.43147,3889
25,12,age_bin,ema_d0.99,0.01,0.0001,1.22632,0.42196,3889
25,12,age_bin,ema_d0.9999,0.01,0.0001,1.23048,0.41476,3889
25,12,age_bin,mlp_h16,0.001,0.0,0.03272,1.0,3889
25,12,age_bin,mlp_h32,0.001,0.0,0.02276,1.0,3889
25,12,age_bin,mlp_h64,0.001,0.0,0.01334,1.0,3889
25,12,age_bin,mlp_h128,0.001,0.0,0.00111,1.0,3889
25,12,age_bin,attention,0.0001,1e-05,0.00099,1.0,3889
25,12,age_bin,shuffled,0.01,0.0001,1.24246,0.42659,3889
25,12,gender,ema_lr1e-3,0.001,0.0001,1.01875,0.51221,3889
25,12,gender,ema_lr5e-3,0.005,0.0001,0.91431,0.51324,3889
25,12,gender,ema_lr1e-2,0.01,0.0001,0.88214,0.50141,3889
25,12,gender,ema_lr5e-2,0.05,0.0001,0.92796,0.56056,3889
25,12,gender,ema_lr1e-2_wd1e-3,0.01,0.001,0.86778,0.5225,3889
25,12,gender,ema_d0.99,0.01,0.0001,0.84476,0.53047,3889
25,12,gender,ema_d0.9999,0.01,0.0001,0.93268,0.4901,3889
25,12,gender,mlp_h16,0.001,0.0,0.6994,0.50553,3889
25,12,gender,mlp_h32,0.001,0.0,0.70236,0.52224,3889
25,12,gender,mlp_h64,0.001,0.0,0.70965,0.52224,3889
25,12,gender,mlp_h128,0.001,0.0,0.70338,0.53484,3889
25,12,gender,attention,0.0001,1e-05,0.66145,0.625,3889
25,12,gender,shuffled,0.01,0.0001,0.92993,0.50064,3889
25,12,star_sign,ema_lr1e-3,0.001,0.0001,3.21825,0.0954,3889
25,12,star_sign,ema_lr5e-3,0.005,0.0001,3.05537,0.10363,3889
25,12,star_sign,ema_lr1e-2,0.01,0.0001,2.84223,0.11288,3889
25,12,star_sign,ema_lr5e-2,0.05,0.0001,1.91338,0.38005,3889
25,12,star_sign,ema_lr1e-2_wd1e-3,0.01,0.001,2.83447,0.12188,3889
25,12,star_sign,ema_d0.99,0.01,0.0001,2.90286,0.10774,3889
25,12,star_sign,ema_d0.9999,0.01,0.0001,2.7892,0.14014,3889
25,12,star_sign,mlp_h16,0.001,0.0,0.26713,0.99589,3889
25,12,star_sign,mlp_h32,0.001,0.0,0.18981,1.0,3889
25,12,star_sign,mlp_h64,0.001,0.0,0.01021,1.0,3889
25,12,star_sign,mlp_h128,0.001,0.0,0.00229,1.0,3889
25,12,star_sign,attention,0.0001,1e-05,0.00013,1.0,3889
25,12,star_sign,shuffled,0.01,0.0001,2.9003,0.10671,3889
25,16,age_bin,ema_lr1e-3,0.001,0.0001,1.56248,0.33376,3889
25,16,age_bin,ema_lr5e-3,0.005,0.0001,1.41804,0.36076,3889
25,16,age_bin,ema_lr1e-2,0.01,0.0001,1.26591,0.40422,3889
25,16,age_bin,ema_lr5e-2,0.05,0.0001,0.72581,0.72975,3889
25,16,age_bin,ema_lr1e-2_wd1e-3,0.01,0.001,1.24883,0.43559,3889
25,16,age_bin,ema_d0.99,0.01,0.0001,1.29697,0.38519,3889
25,16,age_bin,ema_d0.9999,0.01,0.0001,1.28954,0.38416,3889
25,16,age_bin,mlp_h16,0.001,0.0,0.13945,0.99717,3889
25,16,age_bin,mlp_h32,0.001,0.0,0.01767,1.0,3889
25,16,age_bin,mlp_h64,0.001,0.0,0.00223,1.0,3889
25,16,age_bin,mlp_h128,0.001,0.0,0.001,1.0,3889
25,16,age_bin,attention,0.0001,1e-05,1e-05,1.0,3889
25,16,age_bin,shuffled,0.01,0.0001,1.27217,0.41605,3889
25,16,gender,ema_lr1e-3,0.001,0.0001,0.99812,0.49987,3889
25,16,gender,ema_lr5e-3,0.005,0.0001,0.93266,0.51967,3889
25,16,gender,ema_lr1e-2,0.01,0.0001,0.93127,0.51401,3889
25,16,gender,ema_lr5e-2,0.05,0.0001,0.81259,0.52713,3889
25,16,gender,ema_lr1e-2_wd1e-3,0.01,0.001,0.90069,0.51504,3889
25,16,gender,ema_d0.99,0.01,0.0001,0.92729,0.50013,3889
25,16,gender,ema_d0.9999,0.01,0.0001,0.91158,0.5081,3889
25,16,gender,mlp_h16,0.001,0.0,0.70322,0.52558,3889
25,16,gender,mlp_h32,0.001,0.0,0.70487,0.52893,3889
25,16,gender,mlp_h64,0.001,0.0,0.70232,0.52764,3889
25,16,gender,mlp_h128,0.001,0.0,0.71389,0.51607,3889
25,16,gender,attention,0.0001,1e-05,0.70248,0.53125,3889
25,16,gender,shuffled,0.01,0.0001,0.89758,0.5045,3889
25,16,star_sign,ema_lr1e-3,0.001,0.0001,3.27661,0.06223,3889
25,16,star_sign,ema_lr5e-3,0.005,0.0001,3.06739,0.09154,3889
25,16,star_sign,ema_lr1e-2,0.01,0.0001,2.94734,0.1224,3889
25,16,star_sign,ema_lr5e-2,0.05,0.0001,1.89965,0.4127,3889
25,16,star_sign,ema_lr1e-2_wd1e-3,0.01,0.001,2.80113,0.13988,3889
25,16,star_sign,ema_d0.99,0.01,0.0001,2.89537,0.1206,3889
25,16,star_sign,ema_d0.9999,0.01,0.0001,2.81066,0.15171,3889
25,16,star_sign,mlp_h16,0.001,0.0,0.37394,0.99409,3889
25,16,star_sign,mlp_h32,0.001,0.0,0.16887,0.99923,3889
25,16,star_sign,mlp_h64,0.001,0.0,0.04267,1.0,3889
25,16,star_sign,mlp_h128,0.001,0.0,0.00177,1.0,3889
25,16,star_sign,attention,0.0001,1e-05,0.00012,1.0,3889
25,16,star_sign,shuffled,0.01,0.0001,2.8559,0.12934,3889
26,0,age_bin,ema_lr1e-3,0.001,0.0001,1.54882,0.32738,4252
26,0,age_bin,ema_lr5e-3,0.005,0.0001,1.38457,0.47766,4252
26,0,age_bin,ema_lr1e-2,0.01,0.0001,1.26158,0.52493,4252
26,0,age_bin,ema_lr5e-2,0.05,0.0001,0.66994,0.81162,4252
26,0,age_bin,ema_lr1e-2_wd1e-3,0.01,0.001,1.27247,0.43674,4252
26,0,age_bin,ema_d0.99,0.01,0.0001,1.24617,0.53269,4252
26,0,age_bin,ema_d0.9999,0.01,0.0001,1.28095,0.47883,4252
26,0,age_bin,mlp_h16,0.001,0.0,0.05667,1.0,4252
26,0,age_bin,mlp_h32,0.001,0.0,0.0338,1.0,4252
26,0,age_bin,mlp_h64,0.001,0.0,0.00965,1.0,4252
26,0,age_bin,mlp_h128,0.001,0.0,0.00182,1.0,4252
26,0,age_bin,attention,0.0001,1e-05,0.97449,1.0,4252
26,0,age_bin,shuffled,0.01,0.0001,1.24112,0.48918,4252
26,0,gender,ema_lr1e-3,0.001,0.0001,0.92454,0.51905,4252
26,0,gender,ema_lr5e-3,0.005,0.0001,0.93815,0.49694,4252
26,0,gender,ema_lr1e-2,0.01,0.0001,0.91804,0.49859,4252
26,0,gender,ema_lr5e-2,0.05,0.0001,0.80674,0.52164,4252
26,0,gender,ema_lr1e-2_wd1e-3,0.01,0.001,0.91191,0.49459,4252
26,0,gender,ema_d0.99,0.01,0.0001,0.88412,0.50659,4252
26,0,gender,ema_d0.9999,0.01,0.0001,0.90797,0.4953,4252
26,0,gender,mlp_h16,0.001,0.0,0.69211,0.52728,4252
26,0,gender,mlp_h32,0.001,0.0,0.69712,0.51623,4252
26,0,gender,mlp_h64,0.001,0.0,0.69881,0.51317,4252
26,0,gender,mlp_h128,0.001,0.0,0.7018,0.50541,4252
26,0,gender,attention,0.0001,1e-05,0.69198,0.53906,4252
26,0,gender,shuffled,0.01,0.0001,0.92745,0.49012,4252
26,0,star_sign,ema_lr1e-3,0.001,0.0001,3.23479,0.04774,4252
26,0,star_sign,ema_lr5e-3,0.005,0.0001,3.06729,0.09125,4252
26,0,star_sign,ema_lr1e-2,0.01,0.0001,2.90055,0.13311,4252
26,0,star_sign,ema_lr5e-2,0.05,0.0001,1.87137,0.59995,4252
26,0,star_sign,ema_lr1e-2_wd1e-3,0.01,0.001,2.83216,0.17827,4252
26,0,star_sign,ema_d0.99,0.01,0.0001,2.90854,0.15898,4252
26,0,star_sign,ema_d0.9999,0.01,0.0001,2.84192,0.15028,4252
26,0,star_sign,mlp_h16,0.001,0.0,0.32137,1.0,4252
26,0,star_sign,mlp_h32,0.001,0.0,0.14257,0.99929,4252
26,0,star_sign,mlp_h64,0.001,0.0,0.03226,1.0,4252
26,0,star_sign,mlp_h128,0.001,0.0,0.00367,1.0,4252
26,0,star_sign,attention,0.0001,1e-05,2.29794,1.0,4252
26,0,star_sign,shuffled,0.01,0.0001,2.90244,0.17709,4252
26,4,age_bin,ema_lr1e-3,0.001,0.0001,1.4125,0.36265,4252
26,4,age_bin,ema_lr5e-3,0.005,0.0001,1.3103,0.34995,4252
26,4,age_bin,ema_lr1e-2,0.01,0.0001,1.21528,0.43321,4252
26,4,age_bin,ema_lr5e-2,0.05,0.0001,0.97917,0.51058,4252
26,4,age_bin,ema_lr1e-2_wd1e-3,0.01,0.001,1.19617,0.44097,4252
26,4,age_bin,ema_d0.99,0.01,0.0001,1.22615,0.40169,4252
26,4,age_bin,ema_d0.9999,0.01,0.0001,1.21905,0.4151,4252
26,4,age_bin,mlp_h16,0.001,0.0,0.03349,1.0,4252
26,4,age_bin,mlp_h32,0.001,0.0,0.03845,1.0,4252
26,4,age_bin,mlp_h64,0.001,0.0,0.00161,1.0,4252
26,4,age_bin,mlp_h128,0.001,0.0,0.00057,1.0,4252
26,4,age_bin,attention,0.0001,1e-05,0.0,1.0,4252
26,4,age_bin,shuffled,0.01,0.0001,1.18496,0.41863,4252
26,4,gender,ema_lr1e-3,0.001,0.0001,0.93762,0.50541,4252
26,4,gender,ema_lr5e-3,0.005,0.0001,0.88834,0.5207,4252
26,4,gender,ema_lr1e-2,0.01,0.0001,0.90518,0.49765,4252
26,4,gender,ema_lr5e-2,0.05,0.0001,1.18871,0.47554,4252
26,4,gender,ema_lr1e-2_wd1e-3,0.01,0.001,0.87639,0.51199,4252
26,4,gender,ema_d0.99,0.01,0.0001,0.88852,0.5087,4252
26,4,gender,ema_d0.9999,0.01,0.0001,0.89035,0.51364,4252
26,4,gender,mlp_h16,0.001,0.0,0.68367,0.5635,4252
26,4,gender,mlp_h32,0.001,0.0,0.68452,0.54398,4252
26,4,gender,mlp_h64,0.001,0.0,0.69223,0.53904,4252
26,4,gender,mlp_h128,0.001,0.0,0.69821,0.52117,4252
26,4,gender,attention,0.0001,1e-05,0.73208,0.47656,4252
26,4,gender,shuffled,0.01,0.0001,0.91716,0.49694,4252
26,4,star_sign,ema_lr1e-3,0.001,0.0001,3.17866,0.07079,4252
26,4,star_sign,ema_lr5e-3,0.005,0.0001,2.88355,0.10889,4252
26,4,star_sign,ema_lr1e-2,0.01,0.0001,2.77039,0.12582,4252
26,4,star_sign,ema_lr5e-2,0.05,0.0001,1.97058,0.6691,4252
26,4,star_sign,ema_lr1e-2_wd1e-3,0.01,0.001,2.79264,0.09572,4252
26,4,star_sign,ema_d0.99,0.01,0.0001,2.76618,0.11642,4252
26,4,star_sign,ema_d0.9999,0.01,0.0001,2.77987,0.12418,4252
26,4,star_sign,mlp_h16,0.001,0.0,0.52344,1.0,4252
26,4,star_sign,mlp_h32,0.001,0.0,0.05953,1.0,4252
26,4,star_sign,mlp_h64,0.001,0.0,0.01036,1.0,4252
26,4,star_sign,mlp_h128,0.001,0.0,0.00054,1.0,4252
26,4,star_sign,attention,0.0001,1e-05,0.00121,1.0,4252
26,4,star_sign,shuffled,0.01,0.0001,2.75504,0.12512,4252
26,8,age_bin,ema_lr1e-3,0.001,0.0001,1.5124,0.33608,4252
26,8,age_bin,ema_lr5e-3,0.005,0.0001,1.41994,0.35536,4252
26,8,age_bin,ema_lr1e-2,0.01,0.0001,1.23531,0.41392,4252
26,8,age_bin,ema_lr5e-2,0.05,0.0001,0.88823,0.7834,4252
26,8,age_bin,ema_lr1e-2_wd1e-3,0.01,0.001,1.28162,0.39323,4252
26,8,age_bin,ema_d0.99,0.01,0.0001,1.28928,0.39605,4252
26,8,age_bin,ema_d0.9999,0.01,0.0001,1.24037,0.4191,4252
26,8,age_bin,mlp_h16,0.001,0.0,0.305,1.0,4252
26,8,age_bin,mlp_h32,0.001,0.0,0.01422,1.0,4252
26,8,age_bin,mlp_h64,0.001,0.0,0.00251,1.0,4252
26,8,age_bin,mlp_h128,0.001,0.0,0.00104,1.0,4252
26,8,age_bin,attention,0.0001,1e-05,0.0,1.0,4252
26,8,age_bin,shuffled,0.01,0.0001,1.2418,0.40381,4252
26,8,gender,ema_lr1e-3,0.001,0.0001,0.96063,0.49412,4252
26,8,gender,ema_lr5e-3,0.005,0.0001,0.95448,0.48989,4252
26,8,gender,ema_lr1e-2,0.01,0.0001,0.88543,0.49906,4252
26,8,gender,ema_lr5e-2,0.05,0.0001,0.96892,0.51105,4252
26,8,gender,ema_lr1e-2_wd1e-3,0.01,0.001,0.87809,0.50917,4252
26,8,gender,ema_d0.99,0.01,0.0001,0.87545,0.52422,4252
26,8,gender,ema_d0.9999,0.01,0.0001,0.84299,0.52352,4252
26,8,gender,mlp_h16,0.001,0.0,0.6813,0.56326,4252
26,8,gender,mlp_h32,0.001,0.0,0.68949,0.55668,4252
26,8,gender,mlp_h64,0.001,0.0,0.6906,0.55644,4252
26,8,gender,mlp_h128,0.001,0.0,0.69975,0.53928,4252
26,8,gender,attention,0.0001,1e-05,0.69328,0.54688,4252
26,8,gender,shuffled,0.01,0.0001,0.90274,0.50447,4252
26,8,star_sign,ema_lr1e-3,0.001,0.0001,3.12493,0.0849,4252
26,8,star_sign,ema_lr5e-3,0.005,0.0001,2.94224,0.10136,4252
26,8,star_sign,ema_lr1e-2,0.01,0.0001,2.75712,0.14182,4252
26,8,star_sign,ema_lr5e-2,0.05,0.0001,1.91148,0.45202,4252
26,8,star_sign,ema_lr1e-2_wd1e-3,0.01,0.001,2.79489,0.12559,4252
26,8,star_sign,ema_d0.99,0.01,0.0001,2.8087,0.11853,4252
26,8,star_sign,ema_d0.9999,0.01,0.0001,2.79087,0.12747,4252
26,8,star_sign,mlp_h16,0.001,0.0,0.42766,0.9699,4252
26,8,star_sign,mlp_h32,0.001,0.0,0.15516,1.0,4252
26,8,star_sign,mlp_h64,0.001,0.0,0.01368,1.0,4252
26,8,star_sign,mlp_h128,0.001,0.0,0.00075,1.0,4252
26,8,star_sign,attention,0.0001,1e-05,0.0,1.0,4252
26,8,star_sign,shuffled,0.01,0.0001,2.8239,0.10936,4252
26,12,age_bin,ema_lr1e-3,0.001,0.0001,1.44784,0.33184,4252
26,12,age_bin,ema_lr5e-3,0.005,0.0001,1.48576,0.33443,4252
26,12,age_bin,ema_lr1e-2,0.01,0.0001,1.31464,0.40075,4252
26,12,age_bin,ema_lr5e-2,0.05,0.0001,0.7855,0.7119,4252
26,12,age_bin,ema_lr1e-2_wd1e-3,0.01,0.001,1.29035,0.41392,4252
26,12,age_bin,ema_d0.99,0.01,0.0001,1.28879,0.39581,4252
26,12,age_bin,ema_d0.9999,0.01,0.0001,1.32832,0.37112,4252
26,12,age_bin,mlp_h16,0.001,0.0,0.03013,1.0,4252
26,12,age_bin,mlp_h32,0.001,0.0,0.02,1.0,4252
26,12,age_bin,mlp_h64,0.001,0.0,0.01196,1.0,4252
26,12,age_bin,mlp_h128,0.001,0.0,0.00099,1.0,4252
26,12,age_bin,attention,0.0001,1e-05,0.00091,1.0,4252
26,12,age_bin,shuffled,0.01,0.0001,1.23926,0.43015,4252
26,12,gender,ema_lr1e-3,0.001,0.0001,0.98179,0.51105,4252
26,12,gender,ema_lr5e-3,0.005,0.0001,0.90177,0.51834,4252
26,12,gender,ema_lr1e-2,0.01,0.0001,0.90891,0.50024,4252
26,12,gender,ema_lr5e-2,0.05,0.0001,0.84567,0.5381,4252
26,12,gender,ema_lr1e-2_wd1e-3,0.01,0.001,0.90698,0.50564,4252
26,12,gender,ema_d0.99,0.01,0.0001,0.89053,0.50259,4252
26,12,gender,ema_d0.9999,0.01,0.0001,0.92298,0.50024,4252
26,12,gender,mlp_h16,0.001,0.0,0.68277,0.55386,4252
26,12,gender,mlp_h32,0.001,0.0,0.68066,0.56044,4252
26,12,gender,mlp_h64,0.001,0.0,0.68174,0.56797,4252
26,12,gender,mlp_h128,0.001,0.0,0.68566,0.56021,4252
26,12,gender,attention,0.0001,1e-05,0.69757,0.58594,4252
26,12,gender,shuffled,0.01,0.0001,0.91962,0.49882,4252
26,12,star_sign,ema_lr1e-3,0.001,0.0001,3.18225,0.09854,4252
26,12,star_sign,ema_lr5e-3,0.005,0.0001,3.1011,0.10583,4252
26,12,star_sign,ema_lr1e-2,0.01,0.0001,2.84477,0.11806,4252
26,12,star_sign,ema_lr5e-2,0.05,0.0001,1.97739,0.3977,4252
26,12,star_sign,ema_lr1e-2_wd1e-3,0.01,0.001,2.88903,0.10677,4252
26,12,star_sign,ema_d0.99,0.01,0.0001,2.79122,0.13852,4252
26,12,star_sign,ema_d0.9999,0.01,0.0001,2.92862,0.11289,4252
26,12,star_sign,mlp_h16,0.001,0.0,0.24306,0.99506,4252
26,12,star_sign,mlp_h32,0.001,0.0,0.16482,1.0,4252
26,12,star_sign,mlp_h64,0.001,0.0,0.00895,1.0,4252
26,12,star_sign,mlp_h128,0.001,0.0,0.00203,1.0,4252
26,12,star_sign,attention,0.0001,1e-05,0.00023,1.0,4252
26,12,star_sign,shuffled,0.01,0.0001,2.86729,0.12441,4252
26,16,age_bin,ema_lr1e-3,0.001,0.0001,1.56956,0.32079,4252
26,16,age_bin,ema_lr5e-3,0.005,0.0001,1.41015,0.36524,4252
26,16,age_bin,ema_lr1e-2,0.01,0.0001,1.28014,0.40781,4252
26,16,age_bin,ema_lr5e-2,0.05,0.0001,0.74278,0.72131,4252
26,16,age_bin,ema_lr1e-2_wd1e-3,0.01,0.001,1.35083,0.38382,4252
26,16,age_bin,ema_d0.99,0.01,0.0001,1.23673,0.4191,4252
26,16,age_bin,ema_d0.9999,0.01,0.0001,1.26723,0.38735,4252
26,16,age_bin,mlp_h16,0.001,0.0,0.13857,0.99577,4252
26,16,age_bin,mlp_h32,0.001,0.0,0.01685,1.0,4252
26,16,age_bin,mlp_h64,0.001,0.0,0.00203,1.0,4252
26,16,age_bin,mlp_h128,0.001,0.0,0.00095,1.0,4252
26,16,age_bin,attention,0.0001,1e-05,1e-05,1.0,4252
26,16,age_bin,shuffled,0.01,0.0001,1.31501,0.40005,4252
26,16,gender,ema_lr1e-3,0.001,0.0001,0.96034,0.52023,4252
26,16,gender,ema_lr5e-3,0.005,0.0001,0.97264,0.50353,4252
26,16,gender,ema_lr1e-2,0.01,0.0001,0.92022,0.50047,4252
26,16,gender,ema_lr5e-2,0.05,0.0001,0.79986,0.52822,4252
26,16,gender,ema_lr1e-2_wd1e-3,0.01,0.001,0.93483,0.49012,4252
26,16,gender,ema_d0.99,0.01,0.0001,0.87842,0.51105,4252
26,16,gender,ema_d0.9999,0.01,0.0001,0.88689,0.51929,4252
26,16,gender,mlp_h16,0.001,0.0,0.68429,0.56044,4252
26,16,gender,mlp_h32,0.001,0.0,0.68269,0.55668,4252
26,16,gender,mlp_h64,0.001,0.0,0.69021,0.55127,4252
26,16,gender,mlp_h128,0.001,0.0,0.69794,0.53293,4252
26,16,gender,attention,0.0001,1e-05,0.78037,0.48438,4252
26,16,gender,shuffled,0.01,0.0001,0.89768,0.49812,4252
26,16,star_sign,ema_lr1e-3,0.001,0.0001,3.30235,0.07573,4252
26,16,star_sign,ema_lr5e-3,0.005,0.0001,3.06458,0.09666,4252
26,16,star_sign,ema_lr1e-2,0.01,0.0001,2.89545,0.11947,4252
26,16,star_sign,ema_lr5e-2,0.05,0.0001,1.93934,0.41463,4252
26,16,star_sign,ema_lr1e-2_wd1e-3,0.01,0.001,2.90665,0.12535,4252
26,16,star_sign,ema_d0.99,0.01,0.0001,2.93794,0.10489,4252
26,16,star_sign,ema_d0.9999,0.01,0.0001,3.00251,0.115,4252
26,16,star_sign,mlp_h16,0.001,0.0,0.35158,0.99483,4252
26,16,star_sign,mlp_h32,0.001,0.0,0.16469,0.99976,4252
26,16,star_sign,mlp_h64,0.001,0.0,0.03902,1.0,4252
26,16,star_sign,mlp_h128,0.001,0.0,0.00163,1.0,4252
26,16,star_sign,attention,0.0001,1e-05,0.0,1.0,4252
26,16,star_sign,shuffled,0.01,0.0001,2.85908,0.12112,4252
27,0,age_bin,ema_lr1e-3,0.001,0.0001,1.52235,0.32599,4129
27,0,age_bin,ema_lr5e-3,0.005,0.0001,1.35162,0.48874,4129
27,0,age_bin,ema_lr1e-2,0.01,0.0001,1.28544,0.5086,4129
27,0,age_bin,ema_lr5e-2,0.05,0.0001,0.65247,0.85348,4129
27,0,age_bin,ema_lr1e-2_wd1e-3,0.01,0.001,1.26125,0.46355,4129
27,0,age_bin,ema_d0.99,0.01,0.0001,1.27403,0.51441,4129
27,0,age_bin,ema_d0.9999,0.01,0.0001,1.27073,0.48414,4129
27,0,age_bin,mlp_h16,0.001,0.0,0.05295,1.0,4129
27,0,age_bin,mlp_h32,0.001,0.0,0.02973,1.0,4129
27,0,age_bin,mlp_h64,0.001,0.0,0.00841,1.0,4129
27,0,age_bin,mlp_h128,0.001,0.0,0.00162,1.0,4129
27,0,age_bin,attention,0.0001,1e-05,0.96996,1.0,4129
27,0,age_bin,shuffled,0.01,0.0001,1.2754,0.48414,4129
27,0,gender,ema_lr1e-3,0.001,0.0001,0.99289,0.48171,4129
27,0,gender,ema_lr5e-3,0.005,0.0001,0.96266,0.51489,4129
27,0,gender,ema_lr1e-2,0.01,0.0001,0.89029,0.49358,4129
27,0,gender,ema_lr5e-2,0.05,0.0001,0.82183,0.53742,4129
27,0,gender,ema_lr1e-2_wd1e-3,0.01,0.001,0.93131,0.4931,4129
27,0,gender,ema_d0.99,0.01,0.0001,0.90565,0.50521,4129
27,0,gender,ema_d0.9999,0.01,0.0001,0.91952,0.49504,4129
27,0,gender,mlp_h16,0.001,0.0,0.70439,0.47154,4129
27,0,gender,mlp_h32,0.001,0.0,0.70627,0.48147,4129
27,0,gender,mlp_h64,0.001,0.0,0.69521,0.54202,4129
27,0,gender,mlp_h128,0.001,0.0,0.70545,0.51998,4129
27,0,gender,attention,0.0001,1e-05,0.6956,0.41406,4129
27,0,gender,shuffled,0.01,0.0001,0.9101,0.49043,4129
27,0,star_sign,ema_lr1e-3,0.001,0.0001,3.23082,0.0482,4129
27,0,star_sign,ema_lr5e-3,0.005,0.0001,3.05953,0.0884,4129
27,0,star_sign,ema_lr1e-2,0.01,0.0001,2.90292,0.10511,4129
27,0,star_sign,ema_lr5e-2,0.05,0.0001,1.85284,0.61104,4129
27,0,star_sign,ema_lr1e-2_wd1e-3,0.01,0.001,2.89314,0.11916,4129
27,0,star_sign,ema_d0.99,0.01,0.0001,2.92021,0.1596,4129
27,0,star_sign,ema_d0.9999,0.01,0.0001,2.88583,0.14531,4129
27,0,star_sign,mlp_h16,0.001,0.0,0.29216,1.0,4129
27,0,star_sign,mlp_h32,0.001,0.0,0.12422,1.0,4129
27,0,star_sign,mlp_h64,0.001,0.0,0.02796,1.0,4129
27,0,star_sign,mlp_h128,0.001,0.0,0.00308,1.0,4129
27,0,star_sign,attention,0.0001,1e-05,2.29098,1.0,4129
27,0,star_sign,shuffled,0.01,0.0001,2.8592,0.17922,4129
27,4,age_bin,ema_lr1e-3,0.001,0.0001,1.42387,0.34972,4129
27,4,age_bin,ema_lr5e-3,0.005,0.0001,1.39196,0.32429,4129
27,4,age_bin,ema_lr1e-2,0.01,0.0001,1.22869,0.4139,4129
27,4,age_bin,ema_lr5e-2,0.05,0.0001,0.99745,0.8232,4129
27,4,age_bin,ema_lr1e-2_wd1e-3,0.01,0.001,1.21792,0.42068,4129
27,4,age_bin,ema_d0.99,0.01,0.0001,1.24139,0.38629,4129
27,4,age_bin,ema_d0.9999,0.01,0.0001,1.22504,0.40882,4129
27,4,age_bin,mlp_h16,0.001,0.0,0.02919,1.0,4129
27,4,age_bin,mlp_h32,0.001,0.0,0.03303,1.0,4129
27,4,age_bin,mlp_h64,0.001,0.0,0.00137,1.0,4129
27,4,age_bin,mlp_h128,0.001,0.0,0.00048,1.0,4129
27,4,age_bin,attention,0.0001,1e-05,0.0,1.0,4129
27,4,age_bin,shuffled,0.01,0.0001,1.19025,0.40688,4129
27,4,gender,ema_lr1e-3,0.001,0.0001,0.98612,0.48971,4129
27,4,gender,ema_lr5e-3,0.005,0.0001,0.92638,0.49721,4129
27,4,gender,ema_lr1e-2,0.01,0.0001,0.91012,0.49818,4129
27,4,gender,ema_lr5e-2,0.05,0.0001,1.11,0.43328,4129
27,4,gender,ema_lr1e-2_wd1e-3,0.01,0.001,0.88257,0.50642,4129
27,4,gender,ema_d0.99,0.01,0.0001,0.92424,0.49092,4129
27,4,gender,ema_d0.9999,0.01,0.0001,0.88126,0.50545,4129
27,4,gender,mlp_h16,0.001,0.0,0.6931,0.52604,4129
27,4,gender,mlp_h32,0.001,0.0,0.69061,0.52604,4129
27,4,gender,mlp_h64,0.001,0.0,0.68882,0.55001,4129
27,4,gender,mlp_h128,0.001,0.0,0.68085,0.57544,4129
27,4,gender,attention,0.0001,1e-05,0.68547,0.57812,4129
27,4,gender,shuffled,0.01,0.0001,0.89385,0.49721,4129
27,4,star_sign,ema_lr1e-3,0.001,0.0001,3.12143,0.07314,4129
27,4,star_sign,ema_lr5e-3,0.005,0.0001,2.93003,0.09542,4129
27,4,star_sign,ema_lr1e-2,0.01,0.0001,2.74182,0.12545,4129
27,4,star_sign,ema_lr5e-2,0.05,0.0001,1.87784,0.59046,4129
27,4,star_sign,ema_lr1e-2_wd1e-3,0.01,0.001,2.73935,0.12158,4129
27,4,star_sign,ema_d0.99,0.01,0.0001,2.72993,0.11819,4129
27,4,star_sign,ema_d0.9999,0.01,0.0001,2.74818,0.12279,4129
27,4,star_sign,mlp_h16,0.001,0.0,0.46871,1.0,4129
27,4,star_sign,mlp_h32,0.001,0.0,0.04918,1.0,4129
27,4,star_sign,mlp_h64,0.001,0.0,0.00858,1.0,4129
27,4,star_sign,mlp_h128,0.001,0.0,0.00045,1.0,4129
27,4,star_sign,attention,0.0001,1e-05,0.00094,1.0,4129
27,4,star_sign,shuffled,0.01,0.0001,2.77029,0.13296,4129
27,8,age_bin,ema_lr1e-3,0.001,0.0001,1.48618,0.34415,4129
27,8,age_bin,ema_lr5e-3,0.005,0.0001,1.40171,0.35747,4129
27,8,age_bin,ema_lr1e-2,0.01,0.0001,1.25605,0.40252,4129
27,8,age_bin,ema_lr5e-2,0.05,0.0001,0.88694,0.5907,4129
27,8,age_bin,ema_lr1e-2_wd1e-3,0.01,0.001,1.26652,0.39671,4129
27,8,age_bin,ema_d0.99,0.01,0.0001,1.27301,0.39961,4129
27,8,age_bin,ema_d0.9999,0.01,0.0001,1.22156,0.41584,4129
27,8,age_bin,mlp_h16,0.001,0.0,0.27164,1.0,4129
27,8,age_bin,mlp_h32,0.001,0.0,0.01351,1.0,4129
27,8,age_bin,mlp_h64,0.001,0.0,0.00247,1.0,4129
27,8,age_bin,mlp_h128,0.001,0.0,0.00104,1.0,4129
27,8,age_bin,attention,0.0001,1e-05,0.0,1.0,4129
27,8,age_bin,shuffled,0.01,0.0001,1.24242,0.39767,4129
27,8,gender,ema_lr1e-3,0.001,0.0001,0.94673,0.52143,4129
27,8,gender,ema_lr5e-3,0.005,0.0001,0.93607,0.50618,4129
27,8,gender,ema_lr1e-2,0.01,0.0001,0.90361,0.49358,4129
27,8,gender,ema_lr5e-2,0.05,0.0001,1.04356,0.55946,4129
27,8,gender,ema_lr1e-2_wd1e-3,0.01,0.001,0.88203,0.50327,4129
27,8,gender,ema_d0.99,0.01,0.0001,0.88378,0.50908,4129
27,8,gender,ema_d0.9999,0.01,0.0001,0.87814,0.50836,4129
27,8,gender,mlp_h16,0.001,0.0,0.71534,0.46452,4129
27,8,gender,mlp_h32,0.001,0.0,0.70128,0.51877,4129
27,8,gender,mlp_h64,0.001,0.0,0.69467,0.53039,4129
27,8,gender,mlp_h128,0.001,0.0,0.68432,0.56091,4129
27,8,gender,attention,0.0001,1e-05,0.68226,0.55469,4129
27,8,gender,shuffled,0.01,0.0001,0.91289,0.49721,4129
27,8,star_sign,ema_lr1e-3,0.001,0.0001,3.09557,0.09227,4129
27,8,star_sign,ema_lr5e-3,0.005,0.0001,2.94186,0.10511,4129
27,8,star_sign,ema_lr1e-2,0.01,0.0001,2.78548,0.12933,4129
27,8,star_sign,ema_lr5e-2,0.05,0.0001,1.79339,0.43885,4129
27,8,star_sign,ema_lr1e-2_wd1e-3,0.01,0.001,2.89881,0.10584,4129
27,8,star_sign,ema_d0.99,0.01,0.0001,2.80141,0.12182,4129
27,8,star_sign,ema_d0.9999,0.01,0.0001,2.74489,0.13902,4129
27,8,star_sign,mlp_h16,0.001,0.0,0.39724,0.969,4129
27,8,star_sign,mlp_h32,0.001,0.0,0.1355,1.0,4129
27,8,star_sign,mlp_h64,0.001,0.0,0.01248,1.0,4129
27,8,star_sign,mlp_h128,0.001,0.0,0.00072,1.0,4129
27,8,star_sign,attention,0.0001,1e-05,0.0,1.0,4129
27,8,star_sign,shuffled,0.01,0.0001,2.80341,0.11843,4129
27,12,age_bin,ema_lr1e-3,0.001,0.0001,1.48044,0.33325,4129
27,12,age_bin,ema_lr5e-3,0.005,0.0001,1.3533,0.38387,4129
27,12,age_bin,ema_lr1e-2,0.01,0.0001,1.18768,0.44636,4129
27,12,age_bin,ema_lr5e-2,0.05,0.0001,0.75517,0.69024,4129
27,12,age_bin,ema_lr1e-2_wd1e-3,0.01,0.001,1.29521,0.40155,4129
27,12,age_bin,ema_d0.99,0.01,0.0001,1.23419,0.42238,4129
27,12,age_bin,ema_d0.9999,0.01,0.0001,1.23057,0.4139,4129
27,12,age_bin,mlp_h16,0.001,0.0,0.02619,1.0,4129
27,12,age_bin,mlp_h32,0.001,0.0,0.01743,1.0,4129
27,12,age_bin,mlp_h64,0.001,0.0,0.01073,1.0,4129
27,12,age_bin,mlp_h128,0.001,0.0,0.00093,1.0,4129
27,12,age_bin,attention,0.0001,1e-05,0.00125,1.0,4129
27,12,age_bin,shuffled,0.01,0.0001,1.24174,0.41511,4129
27,12,gender,ema_lr1e-3,0.001,0.0001,0.96734,0.52168,4129
27,12,gender,ema_lr5e-3,0.005,0.0001,0.8805,0.52482,4129
27,12,gender,ema_lr1e-2,0.01,0.0001,0.888,0.51271,4129
27,12,gender,ema_lr5e-2,0.05,0.0001,0.91501,0.54372,4129
27,12,gender,ema_lr1e-2_wd1e-3,0.01,0.001,0.89227,0.50714,4129
27,12,gender,ema_d0.99,0.01,0.0001,0.89215,0.49237,4129
27,12,gender,ema_d0.9999,0.01,0.0001,0.97324,0.46549,4129
27,12,gender,mlp_h16,0.001,0.0,0.71031,0.46186,4129
27,12,gender,mlp_h32,0.001,0.0,0.71076,0.48123,4129
27,12,gender,mlp_h64,0.001,0.0,0.72136,0.47566,4129
27,12,gender,mlp_h128,0.001,0.0,0.6986,0.53136,4129
27,12,gender,attention,0.0001,1e-05,0.68133,0.57812,4129
27,12,gender,shuffled,0.01,0.0001,0.90469,0.50569,4129
27,12,star_sign,ema_lr1e-3,0.001,0.0001,3.19249,0.09179,4129
27,12,star_sign,ema_lr5e-3,0.005,0.0001,3.01618,0.10535,4129
27,12,star_sign,ema_lr1e-2,0.01,0.0001,2.85581,0.11504,4129
27,12,star_sign,ema_lr5e-2,0.05,0.0001,1.83851,0.41996,4129
27,12,star_sign,ema_lr1e-2_wd1e-3,0.01,0.001,2.89894,0.11407,4129
27,12,star_sign,ema_d0.99,0.01,0.0001,2.85128,0.12521,4129
27,12,star_sign,ema_d0.9999,0.01,0.0001,2.94871,0.11359,4129
27,12,star_sign,mlp_h16,0.001,0.0,0.23109,0.99637,4129
27,12,star_sign,mlp_h32,0.001,0.0,0.148,1.0,4129
27,12,star_sign,mlp_h64,0.001,0.0,0.00762,1.0,4129
27,12,star_sign,mlp_h128,0.001,0.0,0.00177,1.0,4129
27,12,star_sign,attention,0.0001,1e-05,0.00012,1.0,4129
27,12,star_sign,shuffled,0.01,0.0001,2.86076,0.11165,4129
27,16,age_bin,ema_lr1e-3,0.001,0.0001,1.51391,0.34415,4129
27,16,age_bin,ema_lr5e-3,0.005,0.0001,1.45258,0.34875,4129
27,16,age_bin,ema_lr1e-2,0.01,0.0001,1.25918,0.403,4129
27,16,age_bin,ema_lr5e-2,0.05,0.0001,0.68238,0.75345,4129
27,16,age_bin,ema_lr1e-2_wd1e-3,0.01,0.001,1.26721,0.40639,4129
27,16,age_bin,ema_d0.99,0.01,0.0001,1.26018,0.40276,4129
27,16,age_bin,ema_d0.9999,0.01,0.0001,1.30298,0.38339,4129
27,16,age_bin,mlp_h16,0.001,0.0,0.12351,0.99685,4129
27,16,age_bin,mlp_h32,0.001,0.0,0.01512,1.0,4129
27,16,age_bin,mlp_h64,0.001,0.0,0.00184,1.0,4129
27,16,age_bin,mlp_h128,0.001,0.0,0.00084,1.0,4129
27,16,age_bin,attention,0.0001,1e-05,1e-05,1.0,4129
27,16,age_bin,shuffled,0.01,0.0001,1.25608,0.42601,4129
27,16,gender,ema_lr1e-3,0.001,0.0001,1.02603,0.48365,4129
27,16,gender,ema_lr5e-3,0.005,0.0001,0.96469,0.50496,4129
27,16,gender,ema_lr1e-2,0.01,0.0001,0.91857,0.49964,4129
27,16,gender,ema_lr5e-2,0.05,0.0001,0.83494,0.50836,4129
27,16,gender,ema_lr1e-2_wd1e-3,0.01,0.001,0.90282,0.49818,4129
27,16,gender,ema_d0.99,0.01,0.0001,0.9053,0.50182,4129
27,16,gender,ema_d0.9999,0.01,0.0001,0.87576,0.52047,4129
27,16,gender,mlp_h16,0.001,0.0,0.71523,0.49867,4129
27,16,gender,mlp_h32,0.001,0.0,0.71168,0.50061,4129
27,16,gender,mlp_h64,0.001,0.0,0.70131,0.53136,4129
27,16,gender,mlp_h128,0.001,0.0,0.7078,0.5132,4129
27,16,gender,attention,0.0001,1e-05,0.71612,0.55469,4129
27,16,gender,shuffled,0.01,0.0001,0.90367,0.49455,4129
27,16,star_sign,ema_lr1e-3,0.001,0.0001,3.23325,0.06878,4129
27,16,star_sign,ema_lr5e-3,0.005,0.0001,3.08242,0.10269,4129
27,16,star_sign,ema_lr1e-2,0.01,0.0001,2.93248,0.11649,4129
27,16,star_sign,ema_lr5e-2,0.05,0.0001,1.85785,0.41293,4129
27,16,star_sign,ema_lr1e-2_wd1e-3,0.01,0.001,2.82429,0.14289,4129
27,16,star_sign,ema_d0.99,0.01,0.0001,2.96047,0.10947,4129
27,16,star_sign,ema_d0.9999,0.01,0.0001,2.91062,0.11795,4129
27,16,star_sign,mlp_h16,0.001,0.0,0.32516,0.99758,4129
27,16,star_sign,mlp_h32,0.001,0.0,0.14854,1.0,4129
27,16,star_sign,mlp_h64,0.001,0.0,0.03314,1.0,4129
27,16,star_sign,mlp_h128,0.001,0.0,0.00152,1.0,4129
27,16,star_sign,attention,0.0001,1e-05,0.0,1.0,4129
27,16,star_sign,shuffled,0.01,0.0001,2.87851,0.12134,4129
28,0,age_bin,ema_lr1e-3,0.001,0.0001,1.5761,0.32664,4280
28,0,age_bin,ema_lr5e-3,0.005,0.0001,1.36377,0.47757,4280
28,0,age_bin,ema_lr1e-2,0.01,0.0001,1.25429,0.53879,4280
28,0,age_bin,ema_lr5e-2,0.05,0.0001,0.63915,0.87734,4280
28,0,age_bin,ema_lr1e-2_wd1e-3,0.01,0.001,1.2502,0.48902,4280
28,0,age_bin,ema_d0.99,0.01,0.0001,1.23473,0.52967,4280
28,0,age_bin,ema_d0.9999,0.01,0.0001,1.24707,0.50023,4280
28,0,age_bin,mlp_h16,0.001,0.0,0.0456,1.0,4280
28,0,age_bin,mlp_h32,0.001,0.0,0.02552,1.0,4280
28,0,age_bin,mlp_h64,0.001,0.0,0.00726,1.0,4280
28,0,age_bin,mlp_h128,0.001,0.0,0.0014,1.0,4280
28,0,age_bin,attention,0.0001,1e-05,0.96106,1.0,4280
28,0,age_bin,shuffled,0.01,0.0001,1.21896,0.50421,4280
28,0,gender,ema_lr1e-3,0.001,0.0001,0.96499,0.49813,4280
28,0,gender,ema_lr5e-3,0.005,0.0001,0.93364,0.49486,4280
28,0,gender,ema_lr1e-2,0.01,0.0001,0.89859,0.50537,4280
28,0,gender,ema_lr5e-2,0.05,0.0001,0.80361,0.51121,4280
28,0,gender,ema_lr1e-2_wd1e-3,0.01,0.001,0.87875,0.5014,4280
28,0,gender,ema_d0.99,0.01,0.0001,0.88451,0.50584,4280
28,0,gender,ema_d0.9999,0.01,0.0001,0.91149,0.49065,4280
28,0,gender,mlp_h16,0.001,0.0,0.69745,0.5035,4280
28,0,gender,mlp_h32,0.001,0.0,0.70001,0.5007,4280
28,0,gender,mlp_h64,0.001,0.0,0.70678,0.49556,4280
28,0,gender,mlp_h128,0.001,0.0,0.71179,0.48995,4280
28,0,gender,attention,0.0001,1e-05,0.69351,0.5,4280
28,0,gender,shuffled,0.01,0.0001,0.90662,0.5007,4280
28,0,star_sign,ema_lr1e-3,0.001,0.0001,3.20487,0.05023,4280
28,0,star_sign,ema_lr5e-3,0.005,0.0001,3.06316,0.08621,4280
28,0,star_sign,ema_lr1e-2,0.01,0.0001,2.83156,0.10794,4280
28,0,star_sign,ema_lr5e-2,0.05,0.0001,1.78758,0.63435,4280
28,0,star_sign,ema_lr1e-2_wd1e-3,0.01,0.001,2.82315,0.13341,4280
28,0,star_sign,ema_d0.99,0.01,0.0001,2.86196,0.17664,4280
28,0,star_sign,ema_d0.9999,0.01,0.0001,2.85541,0.10888,4280
28,0,star_sign,mlp_h16,0.001,0.0,0.256,1.0,4280
28,0,star_sign,mlp_h32,0.001,0.0,0.10262,1.0,4280
28,0,star_sign,mlp_h64,0.001,0.0,0.02269,1.0,4280
28,0,star_sign,mlp_h128,0.001,0.0,0.00253,1.0,4280
28,0,star_sign,attention,0.0001,1e-05,2.27681,1.0,4280
28,0,star_sign,shuffled,0.01,0.0001,2.84438,0.15841,4280
28,4,age_bin,ema_lr1e-3,0.001,0.0001,1.47735,0.3229,4280
28,4,age_bin,ema_lr5e-3,0.005,0.0001,1.34029,0.34416,4280
28,4,age_bin,ema_lr1e-2,0.01,0.0001,1.25744,0.41051,4280
28,4,age_bin,ema_lr5e-2,0.05,0.0001,0.92233,0.56682,4280
28,4,age_bin,ema_lr1e-2_wd1e-3,0.01,0.001,1.2049,0.42944,4280
28,4,age_bin,ema_d0.99,0.01,0.0001,1.16543,0.42944,4280
28,4,age_bin,ema_d0.9999,0.01,0.0001,1.24106,0.39907,4280
28,4,age_bin,mlp_h16,0.001,0.0,0.02602,1.0,4280
28,4,age_bin,mlp_h32,0.001,0.0,0.02822,1.0,4280
28,4,age_bin,mlp_h64,0.001,0.0,0.00123,1.0,4280
28,4,age_bin,mlp_h128,0.001,0.0,0.00043,1.0,4280
28,4,age_bin,attention,0.0001,1e-05,0.0,1.0,4280
28,4,age_bin,shuffled,0.01,0.0001,1.16375,0.43481,4280
28,4,gender,ema_lr1e-3,0.001,0.0001,0.94362,0.50397,4280
28,4,gender,ema_lr5e-3,0.005,0.0001,0.89815,0.50935,4280
28,4,gender,ema_lr1e-2,0.01,0.0001,0.91166,0.48949,4280
28,4,gender,ema_lr5e-2,0.05,0.0001,1.22241,0.50537,4280
28,4,gender,ema_lr1e-2_wd1e-3,0.01,0.001,0.8858,0.5021,4280
28,4,gender,ema_d0.99,0.01,0.0001,0.91326,0.49112,4280
28,4,gender,ema_d0.9999,0.01,0.0001,0.91594,0.47944,4280
28,4,gender,mlp_h16,0.001,0.0,0.70012,0.51799,4280
28,4,gender,mlp_h32,0.001,0.0,0.69806,0.52266,4280
28,4,gender,mlp_h64,0.001,0.0,0.70654,0.50911,4280
28,4,gender,mlp_h128,0.001,0.0,0.72574,0.50748,4280
28,4,gender,attention,0.0001,1e-05,0.7076,0.50781,4280
28,4,gender,shuffled,0.01,0.0001,0.894,0.50257,4280
28,4,star_sign,ema_lr1e-3,0.001,0.0001,3.13187,0.07173,4280
28,4,star_sign,ema_lr5e-3,0.005,0.0001,2.91567,0.09603,4280
28,4,star_sign,ema_lr1e-2,0.01,0.0001,2.78814,0.11986,4280
28,4,star_sign,ema_lr5e-2,0.05,0.0001,1.79975,0.49883,4280
28,4,star_sign,ema_lr1e-2_wd1e-3,0.01,0.001,2.74509,0.11612,4280
28,4,star_sign,ema_d0.99,0.01,0.0001,2.71201,0.1229,4280
28,4,star_sign,ema_d0.9999,0.01,0.0001,2.74856,0.11472,4280
28,4,star_sign,mlp_h16,0.001,0.0,0.42253,1.0,4280
28,4,star_sign,mlp_h32,0.001,0.0,0.04218,1.0,4280
28,4,star_sign,mlp_h64,0.001,0.0,0.00734,1.0,4280
28,4,star_sign,mlp_h128,0.001,0.0,0.00036,1.0,4280
28,4,star_sign,attention,0.0001,1e-05,0.00068,1.0,4280
28,4,star_sign,shuffled,0.01,0.0001,2.73109,0.13154,4280
28,8,age_bin,ema_lr1e-3,0.001,0.0001,1.52533,0.34065,4280
28,8,age_bin,ema_lr5e-3,0.005,0.0001,1.39812,0.35748,4280
28,8,age_bin,ema_lr1e-2,0.01,0.0001,1.22314,0.43248,4280
28,8,age_bin,ema_lr5e-2,0.05,0.0001,0.81515,0.80771,4280
28,8,age_bin,ema_lr1e-2_wd1e-3,0.01,0.001,1.23304,0.40678,4280
28,8,age_bin,ema_d0.99,0.01,0.0001,1.23072,0.40888,4280
28,8,age_bin,ema_d0.9999,0.01,0.0001,1.24687,0.40678,4280
28,8,age_bin,mlp_h16,0.001,0.0,0.23998,1.0,4280
28,8,age_bin,mlp_h32,0.001,0.0,0.01154,1.0,4280
28,8,age_bin,mlp_h64,0.001,0.0,0.0021,1.0,4280
28,8,age_bin,mlp_h128,0.001,0.0,0.00086,1.0,4280
28,8,age_bin,attention,0.0001,1e-05,0.0,1.0,4280
28,8,age_bin,shuffled,0.01,0.0001,1.24321,0.40164,4280
28,8,gender,ema_lr1e-3,0.001,0.0001,0.99458,0.49579,4280
28,8,gender,ema_lr5e-3,0.005,0.0001,0.93042,0.50187,4280
28,8,gender,ema_lr1e-2,0.01,0.0001,0.9152,0.49346,4280
28,8,gender,ema_lr5e-2,0.05,0.0001,0.93245,0.50304,4280
28,8,gender,ema_lr1e-2_wd1e-3,0.01,0.001,0.89044,0.51776,4280
28,8,gender,ema_d0.99,0.01,0.0001,0.87583,0.51939,4280
28,8,gender,ema_d0.9999,0.01,0.0001,0.85904,0.51051,4280
28,8,gender,mlp_h16,0.001,0.0,0.69095,0.53411,4280
28,8,gender,mlp_h32,0.001,0.0,0.70021,0.525,4280
28,8,gender,mlp_h64,0.001,0.0,0.70405,0.51846,4280
28,8,gender,mlp_h128,0.001,0.0,0.71321,0.51051,4280
28,8,gender,attention,0.0001,1e-05,0.70286,0.48438,4280
28,8,gender,shuffled,0.01,0.0001,0.91074,0.4965,4280
28,8,star_sign,ema_lr1e-3,0.001,0.0001,3.104,0.08224,4280
28,8,star_sign,ema_lr5e-3,0.005,0.0001,2.91978,0.10584,4280
28,8,star_sign,ema_lr1e-2,0.01,0.0001,2.80389,0.1264,4280
28,8,star_sign,ema_lr5e-2,0.05,0.0001,1.79851,0.43879,4280
28,8,star_sign,ema_lr1e-2_wd1e-3,0.01,0.001,2.83891,0.11659,4280
28,8,star_sign,ema_d0.99,0.01,0.0001,2.83407,0.10818,4280
28,8,star_sign,ema_d0.9999,0.01,0.0001,2.76047,0.13715,4280
28,8,star_sign,mlp_h16,0.001,0.0,0.35546,0.97009,4280
28,8,star_sign,mlp_h32,0.001,0.0,0.11398,1.0,4280
28,8,star_sign,mlp_h64,0.001,0.0,0.01028,1.0,4280
28,8,star_sign,mlp_h128,0.001,0.0,0.0006,1.0,4280
28,8,star_sign,attention,0.0001,1e-05,0.0,1.0,4280
28,8,star_sign,shuffled,0.01,0.0001,2.76688,0.12664,4280
28,12,age_bin,ema_lr1e-3,0.001,0.0001,1.51011,0.31612,4280
28,12,age_bin,ema_lr5e-3,0.005,0.0001,1.36147,0.3757,4280
28,12,age_bin,ema_lr1e-2,0.01,0.0001,1.2954,0.40537,4280
28,12,age_bin,ema_lr5e-2,0.05,0.0001,0.69205,0.79346,4280
28,12,age_bin,ema_lr1e-2_wd1e-3,0.01,0.001,1.2329,0.42126,4280
28,12,age_bin,ema_d0.99,0.01,0.0001,1.22763,0.42033,4280
28,12,age_bin,ema_d0.9999,0.01,0.0001,1.25527,0.38855,4280
28,12,age_bin,mlp_h16,0.001,0.0,0.02362,1.0,4280
28,12,age_bin,mlp_h32,0.001,0.0,0.01553,1.0,4280
28,12,age_bin,mlp_h64,0.001,0.0,0.00906,1.0,4280
28,12,age_bin,mlp_h128,0.001,0.0,0.00082,1.0,4280
28,12,age_bin,attention,0.0001,1e-05,0.00073,1.0,4280
28,12,age_bin,shuffled,0.01,0.0001,1.24135,0.41542,4280
28,12,gender,ema_lr1e-3,0.001,0.0001,1.01343,0.50397,4280
28,12,gender,ema_lr5e-3,0.005,0.0001,0.9262,0.50958,4280
28,12,gender,ema_lr1e-2,0.01,0.0001,0.88122,0.50537,4280
28,12,gender,ema_lr5e-2,0.05,0.0001,0.8473,0.51776,4280
28,12,gender,ema_lr1e-2_wd1e-3,0.01,0.001,0.92207,0.49369,4280
28,12,gender,ema_d0.99,0.01,0.0001,0.88375,0.50047,4280
28,12,gender,ema_d0.9999,0.01,0.0001,0.91833,0.48645,4280
28,12,gender,mlp_h16,0.001,0.0,0.68764,0.54486,4280
28,12,gender,mlp_h32,0.001,0.0,0.69229,0.52523,4280
28,12,gender,mlp_h64,0.001,0.0,0.69764,0.5222,4280
28,12,gender,mlp_h128,0.001,0.0,0.707,0.51472,4280
28,12,gender,attention,0.0001,1e-05,0.74151,0.49219,4280
28,12,gender,shuffled,0.01,0.0001,0.89072,0.50958,4280
28,12,star_sign,ema_lr1e-3,0.001,0.0001,3.1537,0.10374,4280
28,12,star_sign,ema_lr5e-3,0.005,0.0001,3.00914,0.11238,4280
28,12,star_sign,ema_lr1e-2,0.01,0.0001,2.85006,0.11285,4280
28,12,star_sign,ema_lr5e-2,0.05,0.0001,1.7454,0.46098,4280
28,12,star_sign,ema_lr1e-2_wd1e-3,0.01,0.001,2.75968,0.12991,4280
28,12,star_sign,ema_d0.99,0.01,0.0001,2.78144,0.13037,4280
28,12,star_sign,ema_d0.9999,0.01,0.0001,2.85328,0.12313,4280
28,12,star_sign,mlp_h16,0.001,0.0,0.19901,0.9965,4280
28,12,star_sign,mlp_h32,0.001,0.0,0.11759,1.0,4280
28,12,star_sign,mlp_h64,0.001,0.0,0.00625,1.0,4280
28,12,star_sign,mlp_h128,0.001,0.0,0.00144,1.0,4280
28,12,star_sign,attention,0.0001,1e-05,6e-05,1.0,4280
28,12,star_sign,shuffled,0.01,0.0001,2.83822,0.11402,4280
28,16,age_bin,ema_lr1e-3,0.001,0.0001,1.55353,0.33902,4280
28,16,age_bin,ema_lr5e-3,0.005,0.0001,1.39855,0.35584,4280
28,16,age_bin,ema_lr1e-2,0.01,0.0001,1.2349,0.41121,4280
28,16,age_bin,ema_lr5e-2,0.05,0.0001,0.66996,0.76916,4280
28,16,age_bin,ema_lr1e-2_wd1e-3,0.01,0.001,1.22936,0.41893,4280
28,16,age_bin,ema_d0.99,0.01,0.0001,1.2678,0.38178,4280
28,16,age_bin,ema_d0.9999,0.01,0.0001,1.27848,0.39299,4280
28,16,age_bin,mlp_h16,0.001,0.0,0.10751,0.9986,4280
28,16,age_bin,mlp_h32,0.001,0.0,0.01293,1.0,4280
28,16,age_bin,mlp_h64,0.001,0.0,0.00155,1.0,4280
28,16,age_bin,mlp_h128,0.001,0.0,0.00073,1.0,4280
28,16,age_bin,attention,0.0001,1e-05,1e-05,1.0,4280
28,16,age_bin,shuffled,0.01,0.0001,1.33904,0.38107,4280
28,16,gender,ema_lr1e-3,0.001,0.0001,0.98358,0.49696,4280
28,16,gender,ema_lr5e-3,0.005,0.0001,0.98819,0.48201,4280
28,16,gender,ema_lr1e-2,0.01,0.0001,0.95965,0.47313,4280
28,16,gender,ema_lr5e-2,0.05,0.0001,0.80625,0.50794,4280
28,16,gender,ema_lr1e-2_wd1e-3,0.01,0.001,0.8765,0.51729,4280
28,16,gender,ema_d0.99,0.01,0.0001,0.8615,0.53551,4280
28,16,gender,ema_d0.9999,0.01,0.0001,0.87203,0.525,4280
28,16,gender,mlp_h16,0.001,0.0,0.70109,0.52687,4280
28,16,gender,mlp_h32,0.001,0.0,0.69311,0.54533,4280
28,16,gender,mlp_h64,0.001,0.0,0.70382,0.51659,4280
28,16,gender,mlp_h128,0.001,0.0,0.69846,0.52103,4280
28,16,gender,attention,0.0001,1e-05,0.81992,0.47656,4280
28,16,gender,shuffled,0.01,0.0001,0.89349,0.50093,4280
28,16,star_sign,ema_lr1e-3,0.001,0.0001,3.23698,0.06215,4280
28,16,star_sign,ema_lr5e-3,0.005,0.0001,3.05846,0.11051,4280
28,16,star_sign,ema_lr1e-2,0.01,0.0001,2.91389,0.11495,4280
28,16,star_sign,ema_lr5e-2,0.05,0.0001,1.92925,0.39136,4280
28,16,star_sign,ema_lr1e-2_wd1e-3,0.01,0.001,2.92789,0.1264,4280
28,16,star_sign,ema_d0.99,0.01,0.0001,2.95297,0.10841,4280
28,16,star_sign,ema_d0.9999,0.01,0.0001,2.79147,0.13551,4280
28,16,star_sign,mlp_h16,0.001,0.0,0.29435,0.9965,4280
28,16,star_sign,mlp_h32,0.001,0.0,0.12743,0.99953,4280
28,16,star_sign,mlp_h64,0.001,0.0,0.02695,1.0,4280
28,16,star_sign,mlp_h128,0.001,0.0,0.00119,1.0,4280
28,16,star_sign,attention,0.0001,1e-05,1e-05,1.0,4280
28,16,star_sign,shuffled,0.01,0.0001,2.86122,0.11916,4280
29,0,age_bin,ema_lr1e-3,0.001,0.0001,1.53589,0.31887,3895
29,0,age_bin,ema_lr5e-3,0.005,0.0001,1.36464,0.48139,3895
29,0,age_bin,ema_lr1e-2,0.01,0.0001,1.25073,0.52683,3895
29,0,age_bin,ema_lr5e-2,0.05,0.0001,0.64103,0.86264,3895
29,0,age_bin,ema_lr1e-2_wd1e-3,0.01,0.001,1.23947,0.56996,3895
29,0,age_bin,ema_d0.99,0.01,0.0001,1.22232,0.53633,3895
29,0,age_bin,ema_d0.9999,0.01,0.0001,1.23393,0.50167,3895
29,0,age_bin,mlp_h16,0.001,0.0,0.04101,1.0,3895
29,0,age_bin,mlp_h32,0.001,0.0,0.02296,1.0,3895
29,0,age_bin,mlp_h64,0.001,0.0,0.00662,1.0,3895
29,0,age_bin,mlp_h128,0.001,0.0,0.00126,1.0,3895
29,0,age_bin,attention,0.0001,1e-05,0.9588,1.0,3895
29,0,age_bin,shuffled,0.01,0.0001,1.22187,0.49371,3895
29,0,gender,ema_lr1e-3,0.001,0.0001,0.99575,0.50295,3895
29,0,gender,ema_lr5e-3,0.005,0.0001,0.93607,0.48267,3895
29,0,gender,ema_lr1e-2,0.01,0.0001,0.88302,0.51399,3895
29,0,gender,ema_lr5e-2,0.05,0.0001,0.82083,0.46213,3895
29,0,gender,ema_lr1e-2_wd1e-3,0.01,0.001,0.88849,0.49576,3895
29,0,gender,ema_d0.99,0.01,0.0001,0.8844,0.49371,3895
29,0,gender,ema_d0.9999,0.01,0.0001,0.91027,0.48986,3895
29,0,gender,mlp_h16,0.001,0.0,0.69323,0.50578,3895
29,0,gender,mlp_h32,0.001,0.0,0.69824,0.49012,3895
29,0,gender,mlp_h64,0.001,0.0,0.72172,0.457,3895
29,0,gender,mlp_h128,0.001,0.0,0.72471,0.45956,3895
29,0,gender,attention,0.0001,1e-05,0.69028,0.60938,3895
29,0,gender,shuffled,0.01,0.0001,0.92073,0.50064,3895
29,0,star_sign,ema_lr1e-3,0.001,0.0001,3.17526,0.05623,3895
29,0,star_sign,ema_lr5e-3,0.005,0.0001,3.05214,0.08344,3895
29,0,star_sign,ema_lr1e-2,0.01,0.0001,2.85992,0.15635,3895
29,0,star_sign,ema_lr5e-2,0.05,0.0001,1.76447,0.63158,3895
29,0,star_sign,ema_lr1e-2_wd1e-3,0.01,0.001,2.86485,0.16329,3895
29,0,star_sign,ema_d0.99,0.01,0.0001,2.84735,0.17125,3895
29,0,star_sign,ema_d0.9999,0.01,0.0001,2.86926,0.14968,3895
29,0,star_sign,mlp_h16,0.001,0.0,0.23479,1.0,3895
29,0,star_sign,mlp_h32,0.001,0.0,0.08962,1.0,3895
29,0,star_sign,mlp_h64,0.001,0.0,0.0195,1.0,3895
29,0,star_sign,mlp_h128,0.001,0.0,0.00231,1.0,3895
29,0,star_sign,attention,0.0001,1e-05,2.27392,1.0,3895
29,0,star_sign,shuffled,0.01,0.0001,2.82407,0.2113,3895
29,4,age_bin,ema_lr1e-3,0.001,0.0001,1.42772,0.35969,3895
29,4,age_bin,ema_lr5e-3,0.005,0.0001,1.3319,0.34275,3895
29,4,age_bin,ema_lr1e-2,0.01,0.0001,1.14173,0.46264,3895
29,4,age_bin,ema_lr5e-2,0.05,0.0001,0.88945,0.84467,3895
29,4,age_bin,ema_lr1e-2_wd1e-3,0.01,0.001,1.17692,0.44313,3895
29,4,age_bin,ema_d0.99,0.01,0.0001,1.18386,0.41001,3895
29,4,age_bin,ema_d0.9999,0.01,0.0001,1.19646,0.43594,3895
29,4,age_bin,mlp_h16,0.001,0.0,0.02222,1.0,3895
29,4,age_bin,mlp_h32,0.001,0.0,0.02331,1.0,3895
29,4,age_bin,mlp_h64,0.001,0.0,0.00103,1.0,3895
29,4,age_bin,mlp_h128,0.001,0.0,0.00035,1.0,3895
29,4,age_bin,attention,0.0001,1e-05,0.0,1.0,3895
29,4,age_bin,shuffled,0.01,0.0001,1.2155,0.40616,3895
29,4,gender,ema_lr1e-3,0.001,0.0001,0.96181,0.50244,3895
29,4,gender,ema_lr5e-3,0.005,0.0001,0.93997,0.48139,3895
29,4,gender,ema_lr1e-2,0.01,0.0001,0.89228,0.50526,3895
29,4,gender,ema_lr5e-2,0.05,0.0001,1.0234,0.5638,3895
29,4,gender,ema_lr1e-2_wd1e-3,0.01,0.001,0.88612,0.51091,3895
29,4,gender,ema_d0.99,0.01,0.0001,0.87635,0.51322,3895
29,4,gender,ema_d0.9999,0.01,0.0001,0.94123,0.46752,3895
29,4,gender,mlp_h16,0.001,0.0,0.73097,0.44134,3895
29,4,gender,mlp_h32,0.001,0.0,0.7323,0.43543,3895
29,4,gender,mlp_h64,0.001,0.0,0.7473,0.419,3895
29,4,gender,mlp_h128,0.001,0.0,0.77347,0.40385,3895
29,4,gender,attention,0.0001,1e-05,0.73148,0.4375,3895
29,4,gender,shuffled,0.01,0.0001,0.9111,0.49525,3895
29,4,star_sign,ema_lr1e-3,0.001,0.0001,3.16324,0.06598,3895
29,4,star_sign,ema_lr5e-3,0.005,0.0001,2.87337,0.10449,3895
29,4,star_sign,ema_lr1e-2,0.01,0.0001,2.74084,0.1335,3895
29,4,star_sign,ema_lr5e-2,0.05,0.0001,1.74666,0.47959,3895
29,4,star_sign,ema_lr1e-2_wd1e-3,0.01,0.001,2.76762,0.10963,3895
29,4,star_sign,ema_d0.99,0.01,0.0001,2.69794,0.12683,3895
29,4,star_sign,ema_d0.9999,0.01,0.0001,2.73789,0.12863,3895
29,4,star_sign,mlp_h16,0.001,0.0,0.36014,1.0,3895
29,4,star_sign,mlp_h32,0.001,0.0,0.0339,1.0,3895
29,4,star_sign,mlp_h64,0.001,0.0,0.00587,1.0,3895
29,4,star_sign,mlp_h128,0.001,0.0,0.00029,1.0,3895
29,4,star_sign,attention,0.0001,1e-05,0.00054,1.0,3895
29,4,star_sign,shuffled,0.01,0.0001,2.73207,0.13607,3895
29,8,age_bin,ema_lr1e-3,0.001,0.0001,1.41941,0.37253,3895
29,8,age_bin,ema_lr5e-3,0.005,0.0001,1.33332,0.39641,3895
29,8,age_bin,ema_lr1e-2,0.01,0.0001,1.22371,0.419,3895
29,8,age_bin,ema_lr5e-2,0.05,0.0001,0.87055,0.59795,3895
29,8,age_bin,ema_lr1e-2_wd1e-3,0.01,0.001,1.27205,0.39024,3895
29,8,age_bin,ema_d0.99,0.01,0.0001,1.23199,0.41694,3895
29,8,age_bin,ema_d0.9999,0.01,0.0001,1.22139,0.42131,3895
29,8,age_bin,mlp_h16,0.001,0.0,0.20131,1.0,3895
29,8,age_bin,mlp_h32,0.001,0.0,0.01006,1.0,3895
29,8,age_bin,mlp_h64,0.001,0.0,0.0018,1.0,3895
29,8,age_bin,mlp_h128,0.001,0.0,0.00075,1.0,3895
29,8,age_bin,attention,0.0001,1e-05,0.0,1.0,3895
29,8,age_bin,shuffled,0.01,0.0001,1.18251,0.4303,3895
29,8,gender,ema_lr1e-3,0.001,0.0001,0.98528,0.49114,3895
29,8,gender,ema_lr5e-3,0.005,0.0001,0.95502,0.48678,3895
29,8,gender,ema_lr1e-2,0.01,0.0001,0.87102,0.5068,3895
29,8,gender,ema_lr5e-2,0.05,0.0001,1.09377,0.42747,3895
29,8,gender,ema_lr1e-2_wd1e-3,0.01,0.001,0.89459,0.4973,3895
29,8,gender,ema_d0.99,0.01,0.0001,0.93558,0.48678,3895
29,8,gender,ema_d0.9999,0.01,0.0001,0.86502,0.52118,3895
29,8,gender,mlp_h16,0.001,0.0,0.6966,0.53094,3895
29,8,gender,mlp_h32,0.001,0.0,0.729,0.47086,3895
29,8,gender,mlp_h64,0.001,0.0,0.74171,0.46085,3895
29,8,gender,mlp_h128,0.001,0.0,0.75481,0.4249,3895
29,8,gender,attention,0.0001,1e-05,0.75522,0.40625,3895
29,8,gender,shuffled,0.01,0.0001,0.90361,0.50295,3895
29,8,star_sign,ema_lr1e-3,0.001,0.0001,3.09404,0.08806,3895
29,8,star_sign,ema_lr5e-3,0.005,0.0001,2.87875,0.1086,3895
29,8,star_sign,ema_lr1e-2,0.01,0.0001,2.77971,0.1353,3895
29,8,star_sign,ema_lr5e-2,0.05,0.0001,1.7726,0.5371,3895
29,8,star_sign,ema_lr1e-2_wd1e-3,0.01,0.001,2.83312,0.12323,3895
29,8,star_sign,ema_d0.99,0.01,0.0001,2.8166,0.11348,3895
29,8,star_sign,ema_d0.9999,0.01,0.0001,2.79577,0.12092,3895
29,8,star_sign,mlp_h16,0.001,0.0,0.31839,0.96714,3895
29,8,star_sign,mlp_h32,0.001,0.0,0.09113,1.0,3895
29,8,star_sign,mlp_h64,0.001,0.0,0.00839,1.0,3895
29,8,star_sign,mlp_h128,0.001,0.0,0.00053,1.0,3895
29,8,star_sign,attention,0.0001,1e-05,0.0,1.0,3895
29,8,star_sign,shuffled,0.01,0.0001,2.83524,0.11476,3895
29,12,age_bin,ema_lr1e-3,0.001,0.0001,1.46372,0.32092,3895
29,12,age_bin,ema_lr5e-3,0.005,0.0001,1.36557,0.36868,3895
29,12,age_bin,ema_lr1e-2,0.01,0.0001,1.23373,0.41643,3895
29,12,age_bin,ema_lr5e-2,0.05,0.0001,0.72482,0.72375,3895
29,12,age_bin,ema_lr1e-2_wd1e-3,0.01,0.001,1.22576,0.42336,3895
29,12,age_bin,ema_d0.99,0.01,0.0001,1.2613,0.39589,3895
29,12,age_bin,ema_d0.9999,0.01,0.0001,1.25818,0.39846,3895
29,12,age_bin,mlp_h16,0.001,0.0,0.02031,1.0,3895
29,12,age_bin,mlp_h32,0.001,0.0,0.01332,1.0,3895
29,12,age_bin,mlp_h64,0.001,0.0,0.00793,1.0,3895
29,12,age_bin,mlp_h128,0.001,0.0,0.00066,1.0,3895
29,12,age_bin,attention,0.0001,1e-05,0.00084,1.0,3895
29,12,age_bin,shuffled,0.01,0.0001,1.25529,0.42747,3895
29,12,gender,ema_lr1e-3,0.001,0.0001,0.97831,0.52349,3895
29,12,gender,ema_lr5e-3,0.005,0.0001,0.92802,0.49397,3895
29,12,gender,ema_lr1e-2,0.01,0.0001,0.87173,0.50783,3895
29,12,gender,ema_lr5e-2,0.05,0.0001,0.93107,0.47497,3895
29,12,gender,ema_lr1e-2_wd1e-3,0.01,0.001,0.94707,0.47522,3895
29,12,gender,ema_d0.99,0.01,0.0001,0.89606,0.48139,3895
29,12,gender,ema_d0.9999,0.01,0.0001,0.91637,0.4801,3895
29,12,gender,mlp_h16,0.001,0.0,0.68573,0.56457,3895
29,12,gender,mlp_h32,0.001,0.0,0.69355,0.52067,3895
29,12,gender,mlp_h64,0.001,0.0,0.70616,0.50526,3895
29,12,gender,mlp_h128,0.001,0.0,0.74401,0.4706,3895
29,12,gender,attention,0.0001,1e-05,0.73581,0.50781,3895
29,12,gender,shuffled,0.01,0.0001,0.90357,0.49705,3895
29,12,star_sign,ema_lr1e-3,0.001,0.0001,3.24525,0.08549,3895
29,12,star_sign,ema_lr5e-3,0.005,0.0001,3.00332,0.11065,3895
29,12,star_sign,ema_lr1e-2,0.01,0.0001,2.78778,0.1181,3895
29,12,star_sign,ema_lr5e-2,0.05,0.0001,1.72742,0.48498,3895
29,12,star_sign,ema_lr1e-2_wd1e-3,0.01,0.001,2.79869,0.12015,3895
29,12,star_sign,ema_d0.99,0.01,0.0001,2.81611,0.11553,3895
29,12,star_sign,ema_d0.9999,0.01,0.0001,2.77745,0.13299,3895
29,12,star_sign,mlp_h16,0.001,0.0,0.17612,0.99846,3895
29,12,star_sign,mlp_h32,0.001,0.0,0.10075,1.0,3895
29,12,star_sign,mlp_h64,0.001,0.0,0.00533,1.0,3895
29,12,star_sign,mlp_h128,0.001,0.0,0.00123,1.0,3895
29,12,star_sign,attention,0.0001,1e-05,0.00014,1.0,3895
29,12,star_sign,shuffled,0.01,0.0001,2.88148,0.1068,3895
29,16,age_bin,ema_lr1e-3,0.001,0.0001,1.5671,0.32401,3895
29,16,age_bin,ema_lr5e-3,0.005,0.0001,1.36043,0.38228,3895
29,16,age_bin,ema_lr1e-2,0.01,0.0001,1.22908,0.41053,3895
29,16,age_bin,ema_lr5e-2,0.05,0.0001,0.63402,0.78999,3895
29,16,age_bin,ema_lr1e-2_wd1e-3,0.01,0.001,1.22578,0.42901,3895
29,16,age_bin,ema_d0.99,0.01,0.0001,1.19757,0.42798,3895
29,16,age_bin,ema_d0.9999,0.01,0.0001,1.18023,0.43286,3895
29,16,age_bin,mlp_h16,0.001,0.0,0.09806,0.99872,3895
29,16,age_bin,mlp_h32,0.001,0.0,0.01108,1.0,3895
29,16,age_bin,mlp_h64,0.001,0.0,0.00144,1.0,3895
29,16,age_bin,mlp_h128,0.001,0.0,0.00065,1.0,3895
29,16,age_bin,attention,0.0001,1e-05,1e-05,1.0,3895
29,16,age_bin,shuffled,0.01,0.0001,1.22111,0.42747,3895
29,16,gender,ema_lr1e-3,0.001,0.0001,0.96829,0.51014,3895
29,16,gender,ema_lr5e-3,0.005,0.0001,0.92646,0.51245,3895
29,16,gender,ema_lr1e-2,0.01,0.0001,0.89873,0.51784,3895
29,16,gender,ema_lr5e-2,0.05,0.0001,0.81901,0.51836,3895
29,16,gender,ema_lr1e-2_wd1e-3,0.01,0.001,0.90692,0.49807,3895
29,16,gender,ema_d0.99,0.01,0.0001,0.90373,0.48909,3895
29,16,gender,ema_d0.9999,0.01,0.0001,0.96956,0.47677,3895
29,16,gender,mlp_h16,0.001,0.0,0.71352,0.49987,3895
29,16,gender,mlp_h32,0.001,0.0,0.71932,0.47343,3895
29,16,gender,mlp_h64,0.001,0.0,0.73848,0.46906,3895
29,16,gender,mlp_h128,0.001,0.0,0.72449,0.48267,3895
29,16,gender,attention,0.0001,1e-05,0.86874,0.39844,3895
29,16,gender,shuffled,0.01,0.0001,0.89733,0.48575,3895
29,16,star_sign,ema_lr1e-3,0.001,0.0001,3.27535,0.06393,3895
29,16,star_sign,ema_lr5e-3,0.005,0.0001,2.9864,0.11348,3895
29,16,star_sign,ema_lr1e-2,0.01,0.0001,2.80043,0.13017,3895
29,16,star_sign,ema_lr5e-2,0.05,0.0001,1.72315,0.48113,3895
29,16,star_sign,ema_lr1e-2_wd1e-3,0.01,0.001,2.74882,0.16252,3895
29,16,star_sign,ema_d0.99,0.01,0.0001,2.70766,0.13659,3895
29,16,star_sign,ema_d0.9999,0.01,0.0001,2.84477,0.13659,3895
29,16,star_sign,mlp_h16,0.001,0.0,0.25277,0.99641,3895
29,16,star_sign,mlp_h32,0.001,0.0,0.10746,1.0,3895
29,16,star_sign,mlp_h64,0.001,0.0,0.02371,1.0,3895
29,16,star_sign,mlp_h128,0.001,0.0,0.00114,1.0,3895
29,16,star_sign,attention,0.0001,1e-05,0.0,1.0,3895
29,16,star_sign,shuffled,0.01,0.0001,2.76036,0.13941,3895
30,0,age_bin,ema_lr1e-3,0.001,0.0001,1.54312,0.32267,4001
30,0,age_bin,ema_lr5e-3,0.005,0.0001,1.35878,0.48213,4001
30,0,age_bin,ema_lr1e-2,0.01,0.0001,1.25626,0.51837,4001
30,0,age_bin,ema_lr5e-2,0.05,0.0001,0.60265,0.88853,4001
30,0,age_bin,ema_lr1e-2_wd1e-3,0.01,0.001,1.21122,0.57911,4001
30,0,age_bin,ema_d0.99,0.01,0.0001,1.22304,0.53287,4001
30,0,age_bin,ema_d0.9999,0.01,0.0001,1.23802,0.49538,4001
30,0,age_bin,mlp_h16,0.001,0.0,0.03651,1.0,4001
30,0,age_bin,mlp_h32,0.001,0.0,0.02017,1.0,4001
30,0,age_bin,mlp_h64,0.001,0.0,0.00569,1.0,4001
30,0,age_bin,mlp_h128,0.001,0.0,0.0011,1.0,4001
30,0,age_bin,attention,0.0001,1e-05,0.95435,1.0,4001
30,0,age_bin,shuffled,0.01,0.0001,1.21238,0.53537,4001
30,0,gender,ema_lr1e-3,0.001,0.0001,0.98083,0.49738,4001
30,0,gender,ema_lr5e-3,0.005,0.0001,0.93922,0.48963,4001
30,0,gender,ema_lr1e-2,0.01,0.0001,0.89991,0.49838,4001
30,0,gender,ema_lr5e-2,0.05,0.0001,0.82695,0.50687,4001
30,0,gender,ema_lr1e-2_wd1e-3,0.01,0.001,0.90138,0.50237,4001
30,0,gender,ema_d0.99,0.01,0.0001,0.89606,0.51137,4001
30,0,gender,ema_d0.9999,0.01,0.0001,0.88951,0.51162,4001
30,0,gender,mlp_h16,0.001,0.0,0.6937,0.51937,4001
30,0,gender,mlp_h32,0.001,0.0,0.6965,0.51287,4001
30,0,gender,mlp_h64,0.001,0.0,0.70775,0.49313,4001
30,0,gender,mlp_h128,0.001,0.0,0.71036,0.49488,4001
30,0,gender,attention,0.0001,1e-05,0.69087,0.57031,4001
30,0,gender,shuffled,0.01,0.0001,0.8968,0.51037,4001
30,0,star_sign,ema_lr1e-3,0.001,0.0001,3.1995,0.05049,4001
30,0,star_sign,ema_lr5e-3,0.005,0.0001,3.03907,0.14921,4001
30,0,star_sign,ema_lr1e-2,0.01,0.0001,2.78621,0.18745,4001
30,0,star_sign,ema_lr5e-2,0.05,0.0001,1.72001,0.65484,4001
30,0,star_sign,ema_lr1e-2_wd1e-3,0.01,0.001,2.84143,0.19345,4001
30,0,star_sign,ema_d0.99,0.01,0.0001,2.85285,0.16796,4001
30,0,star_sign,ema_d0.9999,0.01,0.0001,2.83169,0.14496,4001
30,0,star_sign,mlp_h16,0.001,0.0,0.20587,1.0,4001
30,0,star_sign,mlp_h32,0.001,0.0,0.07511,0.9995,4001
30,0,star_sign,mlp_h64,0.001,0.0,0.01632,1.0,4001
30,0,star_sign,mlp_h128,0.001,0.0,0.00196,1.0,4001
30,0,star_sign,attention,0.0001,1e-05,2.26638,1.0,4001
30,0,star_sign,shuffled,0.01,0.0001,2.81857,0.20445,4001
30,4,age_bin,ema_lr1e-3,0.001,0.0001,1.41599,0.35666,4001
30,4,age_bin,ema_lr5e-3,0.005,0.0001,1.31441,0.35191,4001
30,4,age_bin,ema_lr1e-2,0.01,0.0001,1.18146,0.43189,4001
30,4,age_bin,ema_lr5e-2,0.05,0.0001,0.97983,0.50462,4001
30,4,age_bin,ema_lr1e-2_wd1e-3,0.01,0.001,1.18318,0.42789,4001
30,4,age_bin,ema_d0.99,0.01,0.0001,1.16907,0.41615,4001
30,4,age_bin,ema_d0.9999,0.01,0.0001,1.17723,0.44089,4001
30,4,age_bin,mlp_h16,0.001,0.0,0.02,1.0,4001
30,4,age_bin,mlp_h32,0.001,0.0,0.02065,1.0,4001
30,4,age_bin,mlp_h64,0.001,0.0,0.00093,1.0,4001
30,4,age_bin,mlp_h128,0.001,0.0,0.00032,1.0,4001
30,4,age_bin,attention,0.0001,1e-05,0.0,1.0,4001
30,4,age_bin,shuffled,0.01,0.0001,1.17704,0.43464,4001
30,4,gender,ema_lr1e-3,0.001,0.0001,0.97275,0.49213,4001
30,4,gender,ema_lr5e-3,0.005,0.0001,0.9255,0.49713,4001
30,4,gender,ema_lr1e-2,0.01,0.0001,0.87236,0.51412,4001
30,4,gender,ema_lr5e-2,0.05,0.0001,1.13804,0.48238,4001
30,4,gender,ema_lr1e-2_wd1e-3,0.01,0.001,0.8813,0.50312,4001
30,4,gender,ema_d0.99,0.01,0.0001,0.85961,0.51937,4001
30,4,gender,ema_d0.9999,0.01,0.0001,0.91008,0.49863,4001
30,4,gender,mlp_h16,0.001,0.0,0.70538,0.50512,4001
30,4,gender,mlp_h32,0.001,0.0,0.70583,0.50387,4001
30,4,gender,mlp_h64,0.001,0.0,0.71415,0.49563,4001
30,4,gender,mlp_h128,0.001,0.0,0.72282,0.49163,4001
30,4,gender,attention,0.0001,1e-05,0.72059,0.42969,4001
30,4,gender,shuffled,0.01,0.0001,0.9003,0.49888,4001
30,4,star_sign,ema_lr1e-3,0.001,0.0001,3.09659,0.07673,4001
30,4,star_sign,ema_lr5e-3,0.005,0.0001,2.85943,0.10972,4001
30,4,star_sign,ema_lr1e-2,0.01,0.0001,2.7889,0.11297,4001
30,4,star_sign,ema_lr5e-2,0.05,0.0001,1.77714,0.68583,4001
30,4,star_sign,ema_lr1e-2_wd1e-3,0.01,0.001,2.69914,0.11997,4001
30,4,star_sign,ema_d0.99,0.01,0.0001,2.69313,0.12772,4001
30,4,star_sign,ema_d0.9999,0.01,0.0001,2.70898,0.12772,4001
30,4,star_sign,mlp_h16,0.001,0.0,0.32263,1.0,4001
30,4,star_sign,mlp_h32,0.001,0.0,0.02952,1.0,4001
30,4,star_sign,mlp_h64,0.001,0.0,0.00512,1.0,4001
30,4,star_sign,mlp_h128,0.001,0.0,0.00026,1.0,4001
30,4,star_sign,attention,0.0001,1e-05,0.00048,1.0,4001
30,4,star_sign,shuffled,0.01,0.0001,2.68722,0.13697,4001
30,8,age_bin,ema_lr1e-3,0.001,0.0001,1.48451,0.35716,4001
30,8,age_bin,ema_lr5e-3,0.005,0.0001,1.38666,0.37866,4001
30,8,age_bin,ema_lr1e-2,0.01,0.0001,1.15129,0.45314,4001
30,8,age_bin,ema_lr5e-2,0.05,0.0001,0.8188,0.8163,4001
30,8,age_bin,ema_lr1e-2_wd1e-3,0.01,0.001,1.24334,0.40415,4001
30,8,age_bin,ema_d0.99,0.01,0.0001,1.22514,0.42989,4001
30,8,age_bin,ema_d0.9999,0.01,0.0001,1.24445,0.4179,4001
30,8,age_bin,mlp_h16,0.001,0.0,0.17787,1.0,4001
30,8,age_bin,mlp_h32,0.001,0.0,0.00887,1.0,4001
30,8,age_bin,mlp_h64,0.001,0.0,0.00158,1.0,4001
30,8,age_bin,mlp_h128,0.001,0.0,0.00063,1.0,4001
30,8,age_bin,attention,0.0001,1e-05,0.0,1.0,4001
30,8,age_bin,shuffled,0.01,0.0001,1.19605,0.42764,4001
30,8,gender,ema_lr1e-3,0.001,0.0001,0.94973,0.51137,4001
30,8,gender,ema_lr5e-3,0.005,0.0001,0.92554,0.51562,4001
30,8,gender,ema_lr1e-2,0.01,0.0001,0.89148,0.50937,4001
30,8,gender,ema_lr5e-2,0.05,0.0001,1.07744,0.52662,4001
30,8,gender,ema_lr1e-2_wd1e-3,0.01,0.001,0.88566,0.50962,4001
30,8,gender,ema_d0.99,0.01,0.0001,0.88937,0.50287,4001
30,8,gender,ema_d0.9999,0.01,0.0001,0.88993,0.48513,4001
30,8,gender,mlp_h16,0.001,0.0,0.69158,0.53837,4001
30,8,gender,mlp_h32,0.001,0.0,0.71278,0.50187,4001
30,8,gender,mlp_h64,0.001,0.0,0.71458,0.51412,4001
30,8,gender,mlp_h128,0.001,0.0,0.72934,0.48863,4001
30,8,gender,attention,0.0001,1e-05,0.71052,0.52344,4001
30,8,gender,shuffled,0.01,0.0001,0.91746,0.48588,4001
30,8,star_sign,ema_lr1e-3,0.001,0.0001,3.07014,0.08648,4001
30,8,star_sign,ema_lr5e-3,0.005,0.0001,2.93695,0.10122,4001
30,8,star_sign,ema_lr1e-2,0.01,0.0001,2.80685,0.12247,4001
30,8,star_sign,ema_lr5e-2,0.05,0.0001,1.74091,0.45889,4001
30,8,star_sign,ema_lr1e-2_wd1e-3,0.01,0.001,2.83006,0.12347,4001
30,8,star_sign,ema_d0.99,0.01,0.0001,2.74274,0.12022,4001
30,8,star_sign,ema_d0.9999,0.01,0.0001,2.7836,0.12447,4001
30,8,star_sign,mlp_h16,0.001,0.0,0.2869,0.96801,4001
30,8,star_sign,mlp_h32,0.001,0.0,0.07779,1.0,4001
30,8,star_sign,mlp_h64,0.001,0.0,0.00675,1.0,4001
30,8,star_sign,mlp_h128,0.001,0.0,0.0004,1.0,4001
30,8,star_sign,attention,0.0001,1e-05,0.0,1.0,4001
30,8,star_sign,shuffled,0.01,0.0001,2.79625,0.11522,4001
30,12,age_bin,ema_lr1e-3,0.001,0.0001,1.52431,0.29343,4001
30,12,age_bin,ema_lr5e-3,0.005,0.0001,1.36642,0.37341,4001
30,12,age_bin,ema_lr1e-2,0.01,0.0001,1.25235,0.40865,4001
30,12,age_bin,ema_lr5e-2,0.05,0.0001,0.6811,0.78755,4001
30,12,age_bin,ema_lr1e-2_wd1e-3,0.01,0.001,1.23305,0.42589,4001
30,12,age_bin,ema_d0.99,0.01,0.0001,1.21099,0.42939,4001
30,12,age_bin,ema_d0.9999,0.01,0.0001,1.19821,0.43389,4001
30,12,age_bin,mlp_h16,0.001,0.0,0.01917,1.0,4001
30,12,age_bin,mlp_h32,0.001,0.0,0.01235,1.0,4001
30,12,age_bin,mlp_h64,0.001,0.0,0.00726,1.0,4001
30,12,age_bin,mlp_h128,0.001,0.0,0.00068,1.0,4001
30,12,age_bin,attention,0.0001,1e-05,0.00093,1.0,4001
30,12,age_bin,shuffled,0.01,0.0001,1.22841,0.42664,4001
30,12,gender,ema_lr1e-3,0.001,0.0001,0.99237,0.51862,4001
30,12,gender,ema_lr5e-3,0.005,0.0001,0.93175,0.50187,4001
30,12,gender,ema_lr1e-2,0.01,0.0001,0.87182,0.51362,4001
30,12,gender,ema_lr5e-2,0.05,0.0001,0.91865,0.52012,4001
30,12,gender,ema_lr1e-2_wd1e-3,0.01,0.001,0.90145,0.49363,4001
30,12,gender,ema_d0.99,0.01,0.0001,0.8639,0.51962,4001
30,12,gender,ema_d0.9999,0.01,0.0001,0.85426,0.52712,4001
30,12,gender,mlp_h16,0.001,0.0,0.68774,0.56136,4001
30,12,gender,mlp_h32,0.001,0.0,0.6867,0.55361,4001
30,12,gender,mlp_h64,0.001,0.0,0.69516,0.53362,4001
30,12,gender,mlp_h128,0.001,0.0,0.71578,0.50712,4001
30,12,gender,attention,0.0001,1e-05,0.71971,0.53906,4001
30,12,gender,shuffled,0.01,0.0001,0.87164,0.52037,4001
30,12,star_sign,ema_lr1e-3,0.001,0.0001,3.13973,0.10322,4001
30,12,star_sign,ema_lr5e-3,0.005,0.0001,3.00654,0.11497,4001
30,12,star_sign,ema_lr1e-2,0.01,0.0001,2.86172,0.10647,4001
30,12,star_sign,ema_lr5e-2,0.05,0.0001,1.78173,0.44189,4001
30,12,star_sign,ema_lr1e-2_wd1e-3,0.01,0.001,2.83918,0.11372,4001
30,12,star_sign,ema_d0.99,0.01,0.0001,2.81333,0.11847,4001
30,12,star_sign,ema_d0.9999,0.01,0.0001,2.76975,0.13672,4001
30,12,star_sign,mlp_h16,0.001,0.0,0.1626,0.99975,4001
30,12,star_sign,mlp_h32,0.001,0.0,0.09164,1.0,4001
30,12,star_sign,mlp_h64,0.001,0.0,0.00474,1.0,4001
30,12,star_sign,mlp_h128,0.001,0.0,0.00112,1.0,4001
30,12,star_sign,attention,0.0001,1e-05,0.00012,1.0,4001
30,12,star_sign,shuffled,0.01,0.0001,2.85277,0.12247,4001
30,16,age_bin,ema_lr1e-3,0.001,0.0001,1.55846,0.33667,4001
30,16,age_bin,ema_lr5e-3,0.005,0.0001,1.36975,0.36841,4001
30,16,age_bin,ema_lr1e-2,0.01,0.0001,1.2016,0.4159,4001
30,16,age_bin,ema_lr5e-2,0.05,0.0001,0.65388,0.77906,4001
30,16,age_bin,ema_lr1e-2_wd1e-3,0.01,0.001,1.22658,0.43214,4001
30,16,age_bin,ema_d0.99,0.01,0.0001,1.23709,0.41965,4001
30,16,age_bin,ema_d0.9999,0.01,0.0001,1.18628,0.42989,4001
30,16,age_bin,mlp_h16,0.001,0.0,0.09297,0.999,4001
30,16,age_bin,mlp_h32,0.001,0.0,0.01168,1.0,4001
30,16,age_bin,mlp_h64,0.001,0.0,0.00157,1.0,4001
30,16,age_bin,mlp_h128,0.001,0.0,0.00067,1.0,4001
30,16,age_bin,attention,0.0001,1e-05,1e-05,1.0,4001
30,16,age_bin,shuffled,0.01,0.0001,1.19625,0.44389,4001
30,16,gender,ema_lr1e-3,0.001,0.0001,0.98078,0.49788,4001
30,16,gender,ema_lr5e-3,0.005,0.0001,0.9501,0.50287,4001
30,16,gender,ema_lr1e-2,0.01,0.0001,0.89024,0.50287,4001
30,16,gender,ema_lr5e-2,0.05,0.0001,0.81034,0.51312,4001
30,16,gender,ema_lr1e-2_wd1e-3,0.01,0.001,0.87486,0.52262,4001
30,16,gender,ema_d0.99,0.01,0.0001,0.86505,0.51212,4001
30,16,gender,ema_d0.9999,0.01,0.0001,0.87652,0.49563,4001
30,16,gender,mlp_h16,0.001,0.0,0.69688,0.53637,4001
30,16,gender,mlp_h32,0.001,0.0,0.69812,0.53262,4001
30,16,gender,mlp_h64,0.001,0.0,0.71484,0.49888,4001
30,16,gender,mlp_h128,0.001,0.0,0.71584,0.50312,4001
30,16,gender,attention,0.0001,1e-05,0.79541,0.5,4001
30,16,gender,shuffled,0.01,0.0001,0.88649,0.49488,4001
30,16,star_sign,ema_lr1e-3,0.001,0.0001,3.301,0.06698,4001
30,16,star_sign,ema_lr5e-3,0.005,0.0001,3.10827,0.09348,4001
30,16,star_sign,ema_lr1e-2,0.01,0.0001,2.82002,0.12897,4001
30,16,star_sign,ema_lr5e-2,0.05,0.0001,1.77801,0.46613,4001
30,16,star_sign,ema_lr1e-2_wd1e-3,0.01,0.001,2.85966,0.12997,4001
30,16,star_sign,ema_d0.99,0.01,0.0001,2.8639,0.12347,4001
30,16,star_sign,ema_d0.9999,0.01,0.0001,2.93981,0.11222,4001
30,16,star_sign,mlp_h16,0.001,0.0,0.23806,0.997,4001
30,16,star_sign,mlp_h32,0.001,0.0,0.10279,1.0,4001
30,16,star_sign,mlp_h64,0.001,0.0,0.02344,1.0,4001
30,16,star_sign,mlp_h128,0.001,0.0,0.00113,1.0,4001
30,16,star_sign,attention,0.0001,1e-05,1e-05,1.0,4001
30,16,star_sign,shuffled,0.01,0.0001,2.89177,0.12247,4001
31,0,age_bin,ema_lr1e-3,0.001,0.0001,1.51584,0.32681,4192
31,0,age_bin,ema_lr5e-3,0.005,0.0001,1.35467,0.47829,4192
31,0,age_bin,ema_lr1e-2,0.01,0.0001,1.20657,0.54461,4192
31,0,age_bin,ema_lr5e-2,0.05,0.0001,0.58191,0.88931,4192
31,0,age_bin,ema_lr1e-2_wd1e-3,0.01,0.001,1.20992,0.56942,4192
31,0,age_bin,ema_d0.99,0.01,0.0001,1.22048,0.57109,4192
31,0,age_bin,ema_d0.9999,0.01,0.0001,1.21019,0.55654,4192
31,0,age_bin,mlp_h16,0.001,0.0,0.03276,1.0,4192
31,0,age_bin,mlp_h32,0.001,0.0,0.01828,1.0,4192
31,0,age_bin,mlp_h64,0.001,0.0,0.00525,1.0,4192
31,0,age_bin,mlp_h128,0.001,0.0,0.00098,1.0,4192
31,0,age_bin,attention,0.0001,1e-05,0.94772,1.0,4192
31,0,age_bin,shuffled,0.01,0.0001,1.20631,0.54127,4192
31,0,gender,ema_lr1e-3,0.001,0.0001,0.9618,0.50024,4192
31,0,gender,ema_lr5e-3,0.005,0.0001,0.94548,0.49666,4192
31,0,gender,ema_lr1e-2,0.01,0.0001,0.89311,0.49714,4192
31,0,gender,ema_lr5e-2,0.05,0.0001,0.82721,0.49213,4192
31,0,gender,ema_lr1e-2_wd1e-3,0.01,0.001,0.8798,0.5136,4192
31,0,gender,ema_d0.99,0.01,0.0001,0.89394,0.50191,4192
31,0,gender,ema_d0.9999,0.01,0.0001,0.89603,0.49714,4192
31,0,gender,mlp_h16,0.001,0.0,0.69618,0.50835,4192
31,0,gender,mlp_h32,0.001,0.0,0.70181,0.50549,4192
31,0,gender,mlp_h64,0.001,0.0,0.70495,0.50716,4192
31,0,gender,mlp_h128,0.001,0.0,0.70861,0.49594,4192
31,0,gender,attention,0.0001,1e-05,0.69347,0.49219,4192
31,0,gender,shuffled,0.01,0.0001,0.88861,0.49475,4192
31,0,star_sign,ema_lr1e-3,0.001,0.0001,3.20244,0.05439,4192
31,0,star_sign,ema_lr5e-3,0.005,0.0001,3.03285,0.1801,4192
31,0,star_sign,ema_lr1e-2,0.01,0.0001,2.79909,0.18631,4192
31,0,star_sign,ema_lr5e-2,0.05,0.0001,1.66824,0.67605,4192
31,0,star_sign,ema_lr1e-2_wd1e-3,0.01,0.001,2.7764,0.24165,4192
31,0,star_sign,ema_d0.99,0.01,0.0001,2.79871,0.17176,4192
31,0,star_sign,ema_d0.9999,0.01,0.0001,2.8547,0.17557,4192
31,0,star_sign,mlp_h16,0.001,0.0,0.18626,1.0,4192
31,0,star_sign,mlp_h32,0.001,0.0,0.06569,1.0,4192
31,0,star_sign,mlp_h64,0.001,0.0,0.01448,1.0,4192
31,0,star_sign,mlp_h128,0.001,0.0,0.00166,1.0,4192
31,0,star_sign,attention,0.0001,1e-05,2.2571,1.0,4192
31,0,star_sign,shuffled,0.01,0.0001,2.81893,0.20396,4192
31,4,age_bin,ema_lr1e-3,0.001,0.0001,1.39,0.36975,4192
31,4,age_bin,ema_lr5e-3,0.005,0.0001,1.33008,0.34948,4192
31,4,age_bin,ema_lr1e-2,0.01,0.0001,1.19294,0.42677,4192
31,4,age_bin,ema_lr5e-2,0.05,0.0001,0.84272,0.82872,4192
31,4,age_bin,ema_lr1e-2_wd1e-3,0.01,0.001,1.16962,0.43511,4192
31,4,age_bin,ema_d0.99,0.01,0.0001,1.16206,0.43273,4192
31,4,age_bin,ema_d0.9999,0.01,0.0001,1.18227,0.43249,4192
31,4,age_bin,mlp_h16,0.001,0.0,0.01833,1.0,4192
31,4,age_bin,mlp_h32,0.001,0.0,0.0183,1.0,4192
31,4,age_bin,mlp_h64,0.001,0.0,0.00088,1.0,4192
31,4,age_bin,mlp_h128,0.001,0.0,0.00029,1.0,4192
31,4,age_bin,attention,0.0001,1e-05,0.0,1.0,4192
31,4,age_bin,shuffled,0.01,0.0001,1.16745,0.42891,4192
31,4,gender,ema_lr1e-3,0.001,0.0001,0.97659,0.47638,4192
31,4,gender,ema_lr5e-3,0.005,0.0001,0.91403,0.48449,4192
31,4,gender,ema_lr1e-2,0.01,0.0001,0.87793,0.51097,4192
31,4,gender,ema_lr5e-2,0.05,0.0001,1.00579,0.53053,4192
31,4,gender,ema_lr1e-2_wd1e-3,0.01,0.001,0.89591,0.4926,4192
31,4,gender,ema_d0.99,0.01,0.0001,0.91426,0.4697,4192
31,4,gender,ema_d0.9999,0.01,0.0001,0.91793,0.47829,4192
31,4,gender,mlp_h16,0.001,0.0,0.70419,0.52099,4192
31,4,gender,mlp_h32,0.001,0.0,0.70283,0.52099,4192
31,4,gender,mlp_h64,0.001,0.0,0.70885,0.51455,4192
31,4,gender,mlp_h128,0.001,0.0,0.70926,0.50859,4192
31,4,gender,attention,0.0001,1e-05,0.69463,0.53125,4192
31,4,gender,shuffled,0.01,0.0001,0.89127,0.50501,4192
31,4,star_sign,ema_lr1e-3,0.001,0.0001,3.14443,0.06751,4192
31,4,star_sign,ema_lr5e-3,0.005,0.0001,2.84729,0.09828,4192
31,4,star_sign,ema_lr1e-2,0.01,0.0001,2.68274,0.12953,4192
31,4,star_sign,ema_lr5e-2,0.05,0.0001,1.67456,0.55868,4192
31,4,star_sign,ema_lr1e-2_wd1e-3,0.01,0.001,2.6699,0.12739,4192
31,4,star_sign,ema_d0.99,0.01,0.0001,2.67808,0.13693,4192
31,4,star_sign,ema_d0.9999,0.01,0.0001,2.69181,0.12739,4192
31,4,star_sign,mlp_h16,0.001,0.0,0.29318,1.0,4192
31,4,star_sign,mlp_h32,0.001,0.0,0.02576,1.0,4192
31,4,star_sign,mlp_h64,0.001,0.0,0.00454,1.0,4192
31,4,star_sign,mlp_h128,0.001,0.0,0.00023,1.0,4192
31,4,star_sign,attention,0.0001,1e-05,0.00062,1.0,4192
31,4,star_sign,shuffled,0.01,0.0001,2.69823,0.13764,4192
31,8,age_bin,ema_lr1e-3,0.001,0.0001,1.44211,0.36307,4192
31,8,age_bin,ema_lr5e-3,0.005,0.0001,1.33086,0.38764,4192
31,8,age_bin,ema_lr1e-2,0.01,0.0001,1.20152,0.43535,4192
31,8,age_bin,ema_lr5e-2,0.05,0.0001,0.84192,0.62667,4192
31,8,age_bin,ema_lr1e-2_wd1e-3,0.01,0.001,1.23786,0.41221,4192
31,8,age_bin,ema_d0.99,0.01,0.0001,1.16782,0.4499,4192
31,8,age_bin,ema_d0.9999,0.01,0.0001,1.15866,0.44251,4192
31,8,age_bin,mlp_h16,0.001,0.0,0.15437,1.0,4192
31,8,age_bin,mlp_h32,0.001,0.0,0.00846,1.0,4192
31,8,age_bin,mlp_h64,0.001,0.0,0.00155,1.0,4192
31,8,age_bin,mlp_h128,0.001,0.0,0.00062,1.0,4192
31,8,age_bin,attention,0.0001,1e-05,0.0,1.0,4192
31,8,age_bin,shuffled,0.01,0.0001,1.16217,0.43297,4192
31,8,gender,ema_lr1e-3,0.001,0.0001,0.91472,0.53101,4192
31,8,gender,ema_lr5e-3,0.005,0.0001,0.96499,0.48044,4192
31,8,gender,ema_lr1e-2,0.01,0.0001,0.86393,0.50477,4192
31,8,gender,ema_lr5e-2,0.05,0.0001,1.03396,0.53578,4192
31,8,gender,ema_lr1e-2_wd1e-3,0.01,0.001,0.89878,0.49547,4192
31,8,gender,ema_d0.99,0.01,0.0001,0.85816,0.51718,4192
31,8,gender,ema_d0.9999,0.01,0.0001,0.84041,0.51026,4192
31,8,gender,mlp_h16,0.001,0.0,0.69073,0.5396,4192
31,8,gender,mlp_h32,0.001,0.0,0.69315,0.54103,4192
31,8,gender,mlp_h64,0.001,0.0,0.69729,0.53817,4192
31,8,gender,mlp_h128,0.001,0.0,0.70407,0.52696,4192
31,8,gender,attention,0.0001,1e-05,0.71811,0.46875,4192
31,8,gender,shuffled,0.01,0.0001,0.89842,0.50859,4192
31,8,star_sign,ema_lr1e-3,0.001,0.0001,3.11823,0.07753,4192
31,8,star_sign,ema_lr5e-3,0.005,0.0001,2.89869,0.11188,4192
31,8,star_sign,ema_lr1e-2,0.01,0.0001,2.81298,0.12261,4192
31,8,star_sign,ema_lr5e-2,0.05,0.0001,1.73057,0.58683,4192
31,8,star_sign,ema_lr1e-2_wd1e-3,0.01,0.001,2.73612,0.14146,4192
31,8,star_sign,ema_d0.99,0.01,0.0001,2.75839,0.10854,4192
31,8,star_sign,ema_d0.9999,0.01,0.0001,2.76507,0.13001,4192
31,8,star_sign,mlp_h16,0.001,0.0,0.25977,0.96947,4192
31,8,star_sign,mlp_h32,0.001,0.0,0.06781,1.0,4192
31,8,star_sign,mlp_h64,0.001,0.0,0.00638,1.0,4192
31,8,star_sign,mlp_h128,0.001,0.0,0.00039,1.0,4192
31,8,star_sign,attention,0.0001,1e-05,0.0,1.0,4192
31,8,star_sign,shuffled,0.01,0.0001,2.76067,0.12333,4192
31,12,age_bin,ema_lr1e-3,0.001,0.0001,1.45342,0.33087,4192
31,12,age_bin,ema_lr5e-3,0.005,0.0001,1.39265,0.35878,4192
31,12,age_bin,ema_lr1e-2,0.01,0.0001,1.25185,0.41913,4192
31,12,age_bin,ema_lr5e-2,0.05,0.0001,0.7225,0.71302,4192
31,12,age_bin,ema_lr1e-2_wd1e-3,0.01,0.001,1.28497,0.39289,4192
31,12,age_bin,ema_d0.99,0.01,0.0001,1.21069,0.41818,4192
31,12,age_bin,ema_d0.9999,0.01,0.0001,1.18311,0.42844,4192
31,12,age_bin,mlp_h16,0.001,0.0,0.01685,1.0,4192
31,12,age_bin,mlp_h32,0.001,0.0,0.01125,1.0,4192
31,12,age_bin,mlp_h64,0.001,0.0,0.00661,1.0,4192
31,12,age_bin,mlp_h128,0.001,0.0,0.00061,1.0,4192
31,12,age_bin,attention,0.0001,1e-05,0.0007,1.0,4192
31,12,age_bin,shuffled,0.01,0.0001,1.23106,0.427,4192
31,12,gender,ema_lr1e-3,0.001,0.0001,1.04854,0.49499,4192
31,12,gender,ema_lr5e-3,0.005,0.0001,0.8814,0.52266,4192
31,12,gender,ema_lr1e-2,0.01,0.0001,0.8791,0.51121,4192
31,12,gender,ema_lr5e-2,0.05,0.0001,0.91154,0.52457,4192
31,12,gender,ema_lr1e-2_wd1e-3,0.01,0.001,0.86666,0.50978,4192
31,12,gender,ema_d0.99,0.01,0.0001,0.8315,0.54437,4192
31,12,gender,ema_d0.9999,0.01,0.0001,0.88673,0.50501,4192
31,12,gender,mlp_h16,0.001,0.0,0.68373,0.55248,4192
31,12,gender,mlp_h32,0.001,0.0,0.67747,0.573,4192
31,12,gender,mlp_h64,0.001,0.0,0.67526,0.57419,4192
31,12,gender,mlp_h128,0.001,0.0,0.69789,0.552,4192
31,12,gender,attention,0.0001,1e-05,0.67225,0.60156,4192
31,12,gender,shuffled,0.01,0.0001,0.88037,0.50334,4192
31,12,star_sign,ema_lr1e-3,0.001,0.0001,3.19935,0.09375,4192
31,12,star_sign,ema_lr5e-3,0.005,0.0001,3.04879,0.11164,4192
31,12,star_sign,ema_lr1e-2,0.01,0.0001,2.82275,0.11474,4192
31,12,star_sign,ema_lr5e-2,0.05,0.0001,1.72995,0.50573,4192
31,12,star_sign,ema_lr1e-2_wd1e-3,0.01,0.001,2.78186,0.12691,4192
31,12,star_sign,ema_d0.99,0.01,0.0001,2.75698,0.13025,4192
31,12,star_sign,ema_d0.9999,0.01,0.0001,2.85523,0.12381,4192
31,12,star_sign,mlp_h16,0.001,0.0,0.14683,1.0,4192
31,12,star_sign,mlp_h32,0.001,0.0,0.07565,1.0,4192
31,12,star_sign,mlp_h64,0.001,0.0,0.00425,1.0,4192
31,12,star_sign,mlp_h128,0.001,0.0,0.00093,1.0,4192
31,12,star_sign,attention,0.0001,1e-05,4e-05,1.0,4192
31,12,star_sign,shuffled,0.01,0.0001,2.77735,0.13597,4192
31,16,age_bin,ema_lr1e-3,0.001,0.0001,1.6492,0.30367,4192
31,16,age_bin,ema_lr5e-3,0.005,0.0001,1.36994,0.37285,4192
31,16,age_bin,ema_lr1e-2,0.01,0.0001,1.24161,0.41531,4192
31,16,age_bin,ema_lr5e-2,0.05,0.0001,0.6246,0.79604,4192
31,16,age_bin,ema_lr1e-2_wd1e-3,0.01,0.001,1.2069,0.43034,4192
31,16,age_bin,ema_d0.99,0.01,0.0001,1.1814,0.42867,4192
31,16,age_bin,ema_d0.9999,0.01,0.0001,1.17044,0.43344,4192
31,16,age_bin,mlp_h16,0.001,0.0,0.08156,0.99905,4192
31,16,age_bin,mlp_h32,0.001,0.0,0.00998,1.0,4192
31,16,age_bin,mlp_h64,0.001,0.0,0.00123,1.0,4192
31,16,age_bin,mlp_h128,0.001,0.0,0.00058,1.0,4192
31,16,age_bin,attention,0.0001,1e-05,1e-05,1.0,4192
31,16,age_bin,shuffled,0.01,0.0001,1.29826,0.40482,4192
31,16,gender,ema_lr1e-3,0.001,0.0001,0.95436,0.50692,4192
31,16,gender,ema_lr5e-3,0.005,0.0001,0.94652,0.49213,4192
31,16,gender,ema_lr1e-2,0.01,0.0001,0.87408,0.51527,4192
31,16,gender,ema_lr5e-2,0.05,0.0001,0.78206,0.54008,4192
31,16,gender,ema_lr1e-2_wd1e-3,0.01,0.001,0.84215,0.53602,4192
31,16,gender,ema_d0.99,0.01,0.0001,0.8637,0.51622,4192
31,16,gender,ema_d0.9999,0.01,0.0001,0.85446,0.52242,4192
31,16,gender,mlp_h16,0.001,0.0,0.67919,0.57323,4192
31,16,gender,mlp_h32,0.001,0.0,0.67754,0.57896,4192
31,16,gender,mlp_h64,0.001,0.0,0.68209,0.57634,4192
31,16,gender,mlp_h128,0.001,0.0,0.67851,0.56823,4192
31,16,gender,attention,0.0001,1e-05,0.7019,0.53125,4192
31,16,gender,shuffled,0.01,0.0001,0.89642,0.48235,4192
31,16,star_sign,ema_lr1e-3,0.001,0.0001,3.25228,0.06656,4192
31,16,star_sign,ema_lr5e-3,0.005,0.0001,2.99734,0.10949,4192
31,16,star_sign,ema_lr1e-2,0.01,0.0001,2.8272,0.1188,4192
31,16,star_sign,ema_lr5e-2,0.05,0.0001,1.74653,0.47519,4192
31,16,star_sign,ema_lr1e-2_wd1e-3,0.01,0.001,2.92505,0.11808,4192
31,16,star_sign,ema_d0.99,0.01,0.0001,2.88212,0.11116,4192
31,16,star_sign,ema_d0.9999,0.01,0.0001,2.78386,0.13907,4192
31,16,star_sign,mlp_h16,0.001,0.0,0.21648,0.99928,4192
31,16,star_sign,mlp_h32,0.001,0.0,0.08593,1.0,4192
31,16,star_sign,mlp_h64,0.001,0.0,0.01907,1.0,4192
31,16,star_sign,mlp_h128,0.001,0.0,0.00104,1.0,4192
31,16,star_sign,attention,0.0001,1e-05,0.0,1.0,4192
31,16,star_sign,shuffled,0.01,0.0001,2.78648,0.13573,4192
32,0,age_bin,ema_lr1e-3,0.001,0.0001,1.51228,0.33248,4313
32,0,age_bin,ema_lr5e-3,0.005,0.0001,1.35467,0.47531,4313
32,0,age_bin,ema_lr1e-2,0.01,0.0001,1.21155,0.54997,4313
32,0,age_bin,ema_lr5e-2,0.05,0.0001,0.56776,0.89914,4313
32,0,age_bin,ema_lr1e-2_wd1e-3,0.01,0.001,1.19432,0.57361,4313
32,0,age_bin,ema_d0.99,0.01,0.0001,1.18597,0.57872,4313
32,0,age_bin,ema_d0.9999,0.01,0.0001,1.19799,0.55669,4313
32,0,age_bin,mlp_h16,0.001,0.0,0.03013,1.0,4313
32,0,age_bin,mlp_h32,0.001,0.0,0.01647,1.0,4313
32,0,age_bin,mlp_h64,0.001,0.0,0.00462,1.0,4313
32,0,age_bin,mlp_h128,0.001,0.0,0.00089,1.0,4313
32,0,age_bin,attention,0.0001,1e-05,0.94263,1.0,4313
32,0,age_bin,shuffled,0.01,0.0001,1.19251,0.54649,4313
32,0,gender,ema_lr1e-3,0.001,0.0001,0.97752,0.49687,4313
32,0,gender,ema_lr5e-3,0.005,0.0001,0.95444,0.49223,4313
32,0,gender,ema_lr1e-2,0.01,0.0001,0.90378,0.50777,4313
32,0,gender,ema_lr5e-2,0.05,0.0001,0.81759,0.52237,4313
32,0,gender,ema_lr1e-2_wd1e-3,0.01,0.001,0.89184,0.49687,4313
32,0,gender,ema_d0.99,0.01,0.0001,0.88882,0.50638,4313
32,0,gender,ema_d0.9999,0.01,0.0001,0.89921,0.48783,4313
32,0,gender,mlp_h16,0.001,0.0,0.69515,0.51217,4313
32,0,gender,mlp_h32,0.001,0.0,0.7007,0.50267,4313
32,0,gender,mlp_h64,0.001,0.0,0.70755,0.48574,4313
32,0,gender,mlp_h128,0.001,0.0,0.71093,0.48319,4313
32,0,gender,attention,0.0001,1e-05,0.69108,0.54688,4313
32,0,gender,shuffled,0.01,0.0001,0.89506,0.48806,4313
32,0,star_sign,ema_lr1e-3,0.001,0.0001,3.26303,0.05472,4313
32,0,star_sign,ema_lr5e-3,0.005,0.0001,2.98377,0.18363,4313
32,0,star_sign,ema_lr1e-2,0.01,0.0001,2.80446,0.19082,4313
32,0,star_sign,ema_lr5e-2,0.05,0.0001,1.638,0.6703,4313
32,0,star_sign,ema_lr1e-2_wd1e-3,0.01,0.001,2.79352,0.24299,4313
32,0,star_sign,ema_d0.99,0.01,0.0001,2.82514,0.16647,4313
32,0,star_sign,ema_d0.9999,0.01,0.0001,2.79508,0.18247,4313
32,0,star_sign,mlp_h16,0.001,0.0,0.16554,1.0,4313
32,0,star_sign,mlp_h32,0.001,0.0,0.05639,1.0,4313
32,0,star_sign,mlp_h64,0.001,0.0,0.01202,1.0,4313
32,0,star_sign,mlp_h128,0.001,0.0,0.00144,1.0,4313
32,0,star_sign,attention,0.0001,1e-05,2.24959,1.0,4313
32,0,star_sign,shuffled,0.01,0.0001,2.81755,0.26432,4313
32,4,age_bin,ema_lr1e-3,0.001,0.0001,1.45078,0.3457,4313
32,4,age_bin,ema_lr5e-3,0.005,0.0001,1.30355,0.35915,4313
32,4,age_bin,ema_lr1e-2,0.01,0.0001,1.21376,0.42662,4313
32,4,age_bin,ema_lr5e-2,0.05,0.0001,0.89945,0.58683,4313
32,4,age_bin,ema_lr1e-2_wd1e-3,0.01,0.001,1.16341,0.44401,4313
32,4,age_bin,ema_d0.99,0.01,0.0001,1.18549,0.42082,4313
32,4,age_bin,ema_d0.9999,0.01,0.0001,1.16266,0.43751,4313
32,4,age_bin,mlp_h16,0.001,0.0,0.01692,1.0,4313
32,4,age_bin,mlp_h32,0.001,0.0,0.0164,1.0,4313
32,4,age_bin,mlp_h64,0.001,0.0,0.0008,1.0,4313
32,4,age_bin,mlp_h128,0.001,0.0,0.00027,1.0,4313
32,4,age_bin,attention,0.0001,1e-05,0.0,1.0,4313
32,4,age_bin,shuffled,0.01,0.0001,1.15451,0.43427,4313
32,4,gender,ema_lr1e-3,0.001,0.0001,0.93199,0.50243,4313
32,4,gender,ema_lr5e-3,0.005,0.0001,0.87585,0.51264,4313
32,4,gender,ema_lr1e-2,0.01,0.0001,0.87826,0.50614,4313
32,4,gender,ema_lr5e-2,0.05,0.0001,1.06619,0.49478,4313
32,4,gender,ema_lr1e-2_wd1e-3,0.01,0.001,0.84978,0.50336,4313
32,4,gender,ema_d0.99,0.01,0.0001,0.88144,0.49942,4313
32,4,gender,ema_d0.9999,0.01,0.0001,0.91103,0.48736,4313
32,4,gender,mlp_h16,0.001,0.0,0.70193,0.49896,4313
32,4,gender,mlp_h32,0.001,0.0,0.69857,0.50684,4313
32,4,gender,mlp_h64,0.001,0.0,0.70964,0.49965,4313
32,4,gender,mlp_h128,0.001,0.0,0.70221,0.51866,4313
32,4,gender,attention,0.0001,1e-05,0.73913,0.45312,4313
32,4,gender,shuffled,0.01,0.0001,0.90424,0.50035,4313
32,4,star_sign,ema_lr1e-3,0.001,0.0001,3.13519,0.07025,4313
32,4,star_sign,ema_lr5e-3,0.005,0.0001,2.87526,0.11268,4313
32,4,star_sign,ema_lr1e-2,0.01,0.0001,2.69672,0.12799,4313
32,4,star_sign,ema_lr5e-2,0.05,0.0001,1.66473,0.52145,4313
32,4,star_sign,ema_lr1e-2_wd1e-3,0.01,0.001,2.71159,0.12984,4313
32,4,star_sign,ema_d0.99,0.01,0.0001,2.65471,0.13285,4313
32,4,star_sign,ema_d0.9999,0.01,0.0001,2.66388,0.131,4313
32,4,star_sign,mlp_h16,0.001,0.0,0.25934,1.0,4313
32,4,star_sign,mlp_h32,0.001,0.0,0.02289,1.0,4313
32,4,star_sign,mlp_h64,0.001,0.0,0.00416,1.0,4313
32,4,star_sign,mlp_h128,0.001,0.0,0.0002,1.0,4313
32,4,star_sign,attention,0.0001,1e-05,0.00056,1.0,4313
32,4,star_sign,shuffled,0.01,0.0001,2.68601,0.1368,4313
32,8,age_bin,ema_lr1e-3,0.001,0.0001,1.50512,0.33411,4313
32,8,age_bin,ema_lr5e-3,0.005,0.0001,1.35849,0.37051,4313
32,8,age_bin,ema_lr1e-2,0.01,0.0001,1.17353,0.44957,4313
32,8,age_bin,ema_lr5e-2,0.05,0.0001,0.70288,0.80895,4313
32,8,age_bin,ema_lr1e-2_wd1e-3,0.01,0.001,1.18538,0.43079,4313
32,8,age_bin,ema_d0.99,0.01,0.0001,1.2081,0.43473,4313
32,8,age_bin,ema_d0.9999,0.01,0.0001,1.1809,0.43798,4313
32,8,age_bin,mlp_h16,0.001,0.0,0.13338,1.0,4313
32,8,age_bin,mlp_h32,0.001,0.0,0.00745,1.0,4313
32,8,age_bin,mlp_h64,0.001,0.0,0.00139,1.0,4313
32,8,age_bin,mlp_h128,0.001,0.0,0.00056,1.0,4313
32,8,age_bin,attention,0.0001,1e-05,0.0,1.0,4313
32,8,age_bin,shuffled,0.01,0.0001,1.16048,0.44285,4313
32,8,gender,ema_lr1e-3,0.001,0.0001,1.02699,0.47879,4313
32,8,gender,ema_lr5e-3,0.005,0.0001,0.94888,0.48667,4313
32,8,gender,ema_lr1e-2,0.01,0.0001,0.88696,0.49107,4313
32,8,gender,ema_lr5e-2,0.05,0.0001,0.98885,0.53582,4313
32,8,gender,ema_lr1e-2_wd1e-3,0.01,0.001,0.83514,0.53837,4313
32,8,gender,ema_d0.99,0.01,0.0001,0.89848,0.49942,4313
32,8,gender,ema_d0.9999,0.01,0.0001,0.87388,0.4971,4313
32,8,gender,mlp_h16,0.001,0.0,0.69268,0.54139,4313
32,8,gender,mlp_h32,0.001,0.0,0.70956,0.50591,4313
32,8,gender,mlp_h64,0.001,0.0,0.70615,0.51426,4313
32,8,gender,mlp_h128,0.001,0.0,0.71589,0.49502,4313
32,8,gender,attention,0.0001,1e-05,0.68401,0.55469,4313
32,8,gender,shuffled,0.01,0.0001,0.89607,0.50383,4313
32,8,star_sign,ema_lr1e-3,0.001,0.0001,3.06394,0.08115,4313
32,8,star_sign,ema_lr5e-3,0.005,0.0001,2.95387,0.09692,4313
32,8,star_sign,ema_lr1e-2,0.01,0.0001,2.75564,0.12775,4313
32,8,star_sign,ema_lr5e-2,0.05,0.0001,1.66254,0.51611,4313
32,8,star_sign,ema_lr1e-2_wd1e-3,0.01,0.001,2.74775,0.14027,4313
32,8,star_sign,ema_d0.99,0.01,0.0001,2.75225,0.12173,4313
32,8,star_sign,ema_d0.9999,0.01,0.0001,2.73444,0.13888,4313
32,8,star_sign,mlp_h16,0.001,0.0,0.22954,0.97032,4313
32,8,star_sign,mlp_h32,0.001,0.0,0.05735,1.0,4313
32,8,star_sign,mlp_h64,0.001,0.0,0.00561,1.0,4313
32,8,star_sign,mlp_h128,0.001,0.0,0.00034,1.0,4313
32,8,star_sign,attention,0.0001,1e-05,0.0,1.0,4313
32,8,star_sign,shuffled,0.01,0.0001,2.72677,0.13425,4313
32,12,age_bin,ema_lr1e-3,0.001,0.0001,1.52351,0.30536,4313
32,12,age_bin,ema_lr5e-3,0.005,0.0001,1.35547,0.38975,4313
32,12,age_bin,ema_lr1e-2,0.01,0.0001,1.20293,0.4396,4313
32,12,age_bin,ema_lr5e-2,0.05,0.0001,0.60519,0.81637,4313
32,12,age_bin,ema_lr1e-2_wd1e-3,0.01,0.001,1.17905,0.44586,4313
32,12,age_bin,ema_d0.99,0.01,0.0001,1.18426,0.42615,4313
32,12,age_bin,ema_d0.9999,0.01,0.0001,1.22477,0.40436,4313
32,12,age_bin,mlp_h16,0.001,0.0,0.01474,1.0,4313
32,12,age_bin,mlp_h32,0.001,0.0,0.00977,1.0,4313
32,12,age_bin,mlp_h64,0.001,0.0,0.00576,1.0,4313
32,12,age_bin,mlp_h128,0.001,0.0,0.00053,1.0,4313
32,12,age_bin,attention,0.0001,1e-05,0.00054,1.0,4313
32,12,age_bin,shuffled,0.01,0.0001,1.19861,0.43172,4313
32,12,gender,ema_lr1e-3,0.001,0.0001,1.04161,0.47716,4313
32,12,gender,ema_lr5e-3,0.005,0.0001,0.92757,0.49154,4313
32,12,gender,ema_lr1e-2,0.01,0.0001,0.8882,0.50777,4313
32,12,gender,ema_lr5e-2,0.05,0.0001,0.84422,0.53258,4313
32,12,gender,ema_lr1e-2_wd1e-3,0.01,0.001,0.89686,0.50568,4313
32,12,gender,ema_d0.99,0.01,0.0001,0.86802,0.5131,4313
32,12,gender,ema_d0.9999,0.01,0.0001,0.9212,0.48296,4313
32,12,gender,mlp_h16,0.001,0.0,0.67125,0.59193,4313
32,12,gender,mlp_h32,0.001,0.0,0.67627,0.58706,4313
32,12,gender,mlp_h64,0.001,0.0,0.68762,0.56179,4313
32,12,gender,mlp_h128,0.001,0.0,0.70727,0.52539,4313
32,12,gender,attention,0.0001,1e-05,0.67571,0.625,4313
32,12,gender,shuffled,0.01,0.0001,0.90298,0.49919,4313
32,12,star_sign,ema_lr1e-3,0.001,0.0001,3.17853,0.10132,4313
32,12,star_sign,ema_lr5e-3,0.005,0.0001,3.00441,0.11338,4313
32,12,star_sign,ema_lr1e-2,0.01,0.0001,2.73565,0.131,4313
32,12,star_sign,ema_lr5e-2,0.05,0.0001,1.66271,0.50777,4313
32,12,star_sign,ema_lr1e-2_wd1e-3,0.01,0.001,2.77522,0.12474,4313
32,12,star_sign,ema_d0.99,0.01,0.0001,2.77268,0.131,4313
32,12,star_sign,ema_d0.9999,0.01,0.0001,2.81986,0.12822,4313
32,12,star_sign,mlp_h16,0.001,0.0,0.12426,1.0,4313
32,12,star_sign,mlp_h32,0.001,0.0,0.06374,1.0,4313
32,12,star_sign,mlp_h64,0.001,0.0,0.00345,1.0,4313
32,12,star_sign,mlp_h128,0.001,0.0,0.00082,1.0,4313
32,12,star_sign,attention,0.0001,1e-05,6e-05,1.0,4313
32,12,star_sign,shuffled,0.01,0.0001,2.76587,0.13193,4313
32,16,age_bin,ema_lr1e-3,0.001,0.0001,1.56671,0.33225,4313
32,16,age_bin,ema_lr5e-3,0.005,0.0001,1.35708,0.37909,4313
32,16,age_bin,ema_lr1e-2,0.01,0.0001,1.20826,0.42523,4313
32,16,age_bin,ema_lr5e-2,0.05,0.0001,0.58389,0.82495,4313
32,16,age_bin,ema_lr1e-2_wd1e-3,0.01,0.001,1.18143,0.45861,4313
32,16,age_bin,ema_d0.99,0.01,0.0001,1.21229,0.4185,4313
32,16,age_bin,ema_d0.9999,0.01,0.0001,1.18025,0.43149,4313
32,16,age_bin,mlp_h16,0.001,0.0,0.08141,0.9993,4313
32,16,age_bin,mlp_h32,0.001,0.0,0.01038,1.0,4313
32,16,age_bin,mlp_h64,0.001,0.0,0.00126,1.0,4313
32,16,age_bin,mlp_h128,0.001,0.0,0.00058,1.0,4313
32,16,age_bin,attention,0.0001,1e-05,0.0,1.0,4313
32,16,age_bin,shuffled,0.01,0.0001,1.25109,0.42244,4313
32,16,gender,ema_lr1e-3,0.001,0.0001,0.96863,0.508,4313
32,16,gender,ema_lr5e-3,0.005,0.0001,0.9482,0.508,4313
32,16,gender,ema_lr1e-2,0.01,0.0001,0.90479,0.5022,4313
32,16,gender,ema_lr5e-2,0.05,0.0001,0.7737,0.54301,4313
32,16,gender,ema_lr1e-2_wd1e-3,0.01,0.001,0.905,0.4971,4313
32,16,gender,ema_d0.99,0.01,0.0001,0.83349,0.5335,4313
32,16,gender,ema_d0.9999,0.01,0.0001,0.89397,0.50638,4313
32,16,gender,mlp_h16,0.001,0.0,0.6918,0.54208,4313
32,16,gender,mlp_h32,0.001,0.0,0.68964,0.54579,4313
32,16,gender,mlp_h64,0.001,0.0,0.70083,0.53304,4313
32,16,gender,mlp_h128,0.001,0.0,0.70085,0.53582,4313
32,16,gender,attention,0.0001,1e-05,0.72583,0.51562,4313
32,16,gender,shuffled,0.01,0.0001,0.89483,0.49594,4313
32,16,star_sign,ema_lr1e-3,0.001,0.0001,3.23227,0.06469,4313
32,16,star_sign,ema_lr5e-3,0.005,0.0001,3.04155,0.0946,4313
32,16,star_sign,ema_lr1e-2,0.01,0.0001,2.80589,0.13656,4313
32,16,star_sign,ema_lr5e-2,0.05,0.0001,1.67419,0.51125,4313
32,16,star_sign,ema_lr1e-2_wd1e-3,0.01,0.001,2.79831,0.14236,4313
32,16,star_sign,ema_d0.99,0.01,0.0001,2.76028,0.13772,4313
32,16,star_sign,ema_d0.9999,0.01,0.0001,2.83163,0.13146,4313
32,16,star_sign,mlp_h16,0.001,0.0,0.20283,0.99838,4313
32,16,star_sign,mlp_h32,0.001,0.0,0.08144,1.0,4313
32,16,star_sign,mlp_h64,0.001,0.0,0.0179,1.0,4313
32,16,star_sign,mlp_h128,0.001,0.0,0.00081,1.0,4313
32,16,star_sign,attention,0.0001,1e-05,2e-05,1.0,4313
32,16,star_sign,shuffled,0.01,0.0001,2.84633,0.12057,4313
33,0,age_bin,ema_lr1e-3,0.001,0.0001,1.53372,0.32373,4476
33,0,age_bin,ema_lr5e-3,0.005,0.0001,1.33678,0.48213,4476
33,0,age_bin,ema_lr1e-2,0.01,0.0001,1.21775,0.57998,4476
33,0,age_bin,ema_lr5e-2,0.05,0.0001,0.55752,0.89053,4476
33,0,age_bin,ema_lr1e-2_wd1e-3,0.01,0.001,1.18372,0.56278,4476
33,0,age_bin,ema_d0.99,0.01,0.0001,1.18175,0.58244,4476
33,0,age_bin,ema_d0.9999,0.01,0.0001,1.22909,0.57149,4476
33,0,age_bin,mlp_h16,0.001,0.0,0.02762,1.0,4476
33,0,age_bin,mlp_h32,0.001,0.0,0.01536,1.0,4476
33,0,age_bin,mlp_h64,0.001,0.0,0.00444,1.0,4476
33,0,age_bin,mlp_h128,0.001,0.0,0.00088,1.0,4476
33,0,age_bin,attention,0.0001,1e-05,0.94041,1.0,4476
33,0,age_bin,shuffled,0.01,0.0001,1.20668,0.54468,4476
33,0,gender,ema_lr1e-3,0.001,0.0001,0.96454,0.50201,4476
33,0,gender,ema_lr5e-3,0.005,0.0001,0.95037,0.49419,4476
33,0,gender,ema_lr1e-2,0.01,0.0001,0.88318,0.50447,4476
33,0,gender,ema_lr5e-2,0.05,0.0001,0.82479,0.48749,4476
33,0,gender,ema_lr1e-2_wd1e-3,0.01,0.001,0.87375,0.50201,4476
33,0,gender,ema_d0.99,0.01,0.0001,0.8676,0.51609,4476
33,0,gender,ema_d0.9999,0.01,0.0001,0.89987,0.49933,4476
33,0,gender,mlp_h16,0.001,0.0,0.69984,0.50045,4476
33,0,gender,mlp_h32,0.001,0.0,0.69956,0.50268,4476
33,0,gender,mlp_h64,0.001,0.0,0.70402,0.49486,4476
33,0,gender,mlp_h128,0.001,0.0,0.70593,0.49263,4476
33,0,gender,attention,0.0001,1e-05,0.69296,0.49219,4476
33,0,gender,shuffled,0.01,0.0001,0.89757,0.48928,4476
33,0,star_sign,ema_lr1e-3,0.001,0.0001,3.22663,0.04982,4476
33,0,star_sign,ema_lr5e-3,0.005,0.0001,3.00706,0.19593,4476
33,0,star_sign,ema_lr1e-2,0.01,0.0001,2.79157,0.18521,4476
33,0,star_sign,ema_lr5e-2,0.05,0.0001,1.60029,0.67337,4476
33,0,star_sign,ema_lr1e-2_wd1e-3,0.01,0.001,2.79831,0.22676,4476
33,0,star_sign,ema_d0.99,0.01,0.0001,2.81198,0.16086,4476
33,0,star_sign,ema_d0.9999,0.01,0.0001,2.81933,0.18566,4476
33,0,star_sign,mlp_h16,0.001,0.0,0.15451,1.0,4476
33,0,star_sign,mlp_h32,0.001,0.0,0.05192,1.0,4476
33,0,star_sign,mlp_h64,0.001,0.0,0.01129,1.0,4476
33,0,star_sign,mlp_h128,0.001,0.0,0.00145,1.0,4476
33,0,star_sign,attention,0.0001,1e-05,2.24642,1.0,4476
33,0,star_sign,shuffled,0.01,0.0001,2.7821,0.26117,4476
33,4,age_bin,ema_lr1e-3,0.001,0.0001,1.41893,0.36126,4476
33,4,age_bin,ema_lr5e-3,0.005,0.0001,1.35189,0.33266,4476
33,4,age_bin,ema_lr1e-2,0.01,0.0001,1.15239,0.4571,4476
33,4,age_bin,ema_lr5e-2,0.05,0.0001,0.71879,0.86483,4476
33,4,age_bin,ema_lr1e-2_wd1e-3,0.01,0.001,1.1564,0.437,4476
33,4,age_bin,ema_d0.99,0.01,0.0001,1.14583,0.4399,4476
33,4,age_bin,ema_d0.9999,0.01,0.0001,1.14525,0.44303,4476
33,4,age_bin,mlp_h16,0.001,0.0,0.01559,1.0,4476
33,4,age_bin,mlp_h32,0.001,0.0,0.01483,1.0,4476
33,4,age_bin,mlp_h64,0.001,0.0,0.00078,1.0,4476
33,4,age_bin,mlp_h128,0.001,0.0,0.00027,1.0,4476
33,4,age_bin,attention,0.0001,1e-05,0.0,1.0,4476
33,4,age_bin,shuffled,0.01,0.0001,1.12627,0.45398,4476
33,4,gender,ema_lr1e-3,0.001,0.0001,0.94812,0.50648,4476
33,4,gender,ema_lr5e-3,0.005,0.0001,0.89903,0.49866,4476
33,4,gender,ema_lr1e-2,0.01,0.0001,0.91844,0.47945,4476
33,4,gender,ema_lr5e-2,0.05,0.0001,1.05609,0.5248,4476
33,4,gender,ema_lr1e-2_wd1e-3,0.01,0.001,0.84677,0.50916,4476
33,4,gender,ema_d0.99,0.01,0.0001,0.8619,0.50871,4476
33,4,gender,ema_d0.9999,0.01,0.0001,0.89678,0.50536,4476
33,4,gender,mlp_h16,0.001,0.0,0.70015,0.5029,4476
33,4,gender,mlp_h32,0.001,0.0,0.69653,0.51028,4476
33,4,gender,mlp_h64,0.001,0.0,0.70159,0.50022,4476
33,4,gender,mlp_h128,0.001,0.0,0.6984,0.52346,4476
33,4,gender,attention,0.0001,1e-05,0.71685,0.42969,4476
33,4,gender,shuffled,0.01,0.0001,0.89283,0.50447,4476
33,4,star_sign,ema_lr1e-3,0.001,0.0001,3.088,0.08155,4476
33,4,star_sign,ema_lr5e-3,0.005,0.0001,2.92453,0.10076,4476
33,4,star_sign,ema_lr1e-2,0.01,0.0001,2.65305,0.13963,4476
33,4,star_sign,ema_lr5e-2,0.05,0.0001,1.71676,0.75648,4476
33,4,star_sign,ema_lr1e-2_wd1e-3,0.01,0.001,2.70237,0.12757,4476
33,4,star_sign,ema_d0.99,0.01,0.0001,2.68699,0.13047,4476
33,4,star_sign,ema_d0.9999,0.01,0.0001,2.69107,0.12712,4476
33,4,star_sign,mlp_h16,0.001,0.0,0.23023,1.0,4476
33,4,star_sign,mlp_h32,0.001,0.0,0.02064,1.0,4476
33,4,star_sign,mlp_h64,0.001,0.0,0.00378,1.0,4476
33,4,star_sign,mlp_h128,0.001,0.0,0.00019,1.0,4476
33,4,star_sign,attention,0.0001,1e-05,0.00066,1.0,4476
33,4,star_sign,shuffled,0.01,0.0001,2.7165,0.1336,4476
33,8,age_bin,ema_lr1e-3,0.001,0.0001,1.47735,0.34495,4476
33,8,age_bin,ema_lr5e-3,0.005,0.0001,1.37112,0.36238,4476
33,8,age_bin,ema_lr1e-2,0.01,0.0001,1.15096,0.46649,4476
33,8,age_bin,ema_lr5e-2,0.05,0.0001,0.8005,0.6613,4476
33,8,age_bin,ema_lr1e-2_wd1e-3,0.01,0.001,1.16144,0.44191,4476
33,8,age_bin,ema_d0.99,0.01,0.0001,1.21824,0.42046,4476
33,8,age_bin,ema_d0.9999,0.01,0.0001,1.14956,0.4513,4476
33,8,age_bin,mlp_h16,0.001,0.0,0.11398,1.0,4476
33,8,age_bin,mlp_h32,0.001,0.0,0.00723,1.0,4476
33,8,age_bin,mlp_h64,0.001,0.0,0.00134,1.0,4476
33,8,age_bin,mlp_h128,0.001,0.0,0.00056,1.0,4476
33,8,age_bin,attention,0.0001,1e-05,0.0,1.0,4476
33,8,age_bin,shuffled,0.01,0.0001,1.15554,0.43298,4476
33,8,gender,ema_lr1e-3,0.001,0.0001,0.95896,0.49017,4476
33,8,gender,ema_lr5e-3,0.005,0.0001,0.93821,0.49017,4476
33,8,gender,ema_lr1e-2,0.01,0.0001,0.87443,0.5067,4476
33,8,gender,ema_lr5e-2,0.05,0.0001,0.983,0.50603,4476
33,8,gender,ema_lr1e-2_wd1e-3,0.01,0.001,0.88292,0.50357,4476
33,8,gender,ema_d0.99,0.01,0.0001,0.89726,0.50335,4476
33,8,gender,ema_d0.9999,0.01,0.0001,0.85338,0.51139,4476
33,8,gender,mlp_h16,0.001,0.0,0.68903,0.54647,4476
33,8,gender,mlp_h32,0.001,0.0,0.69744,0.51765,4476
33,8,gender,mlp_h64,0.001,0.0,0.69292,0.53664,4476
33,8,gender,mlp_h128,0.001,0.0,0.69631,0.52882,4476
33,8,gender,attention,0.0001,1e-05,0.6991,0.53125,4476
33,8,gender,shuffled,0.01,0.0001,0.89167,0.50089,4476
33,8,star_sign,ema_lr1e-3,0.001,0.0001,3.06155,0.084,4476
33,8,star_sign,ema_lr5e-3,0.005,0.0001,2.9158,0.10567,4476
33,8,star_sign,ema_lr1e-2,0.01,0.0001,2.70461,0.13919,4476
33,8,star_sign,ema_lr5e-2,0.05,0.0001,1.6347,0.51787,4476
33,8,star_sign,ema_lr1e-2_wd1e-3,0.01,0.001,2.73343,0.13427,4476
33,8,star_sign,ema_d0.99,0.01,0.0001,2.69021,0.13807,4476
33,8,star_sign,ema_d0.9999,0.01,0.0001,2.73364,0.13941,4476
33,8,star_sign,mlp_h16,0.001,0.0,0.20854,0.9714,4476
33,8,star_sign,mlp_h32,0.001,0.0,0.05169,1.0,4476
33,8,star_sign,mlp_h64,0.001,0.0,0.0052,1.0,4476
33,8,star_sign,mlp_h128,0.001,0.0,0.00035,1.0,4476
33,8,star_sign,attention,0.0001,1e-05,0.0,1.0,4476
33,8,star_sign,shuffled,0.01,0.0001,2.7108,0.13584,4476
33,12,age_bin,ema_lr1e-3,0.001,0.0001,1.4796,0.31725,4476
33,12,age_bin,ema_lr5e-3,0.005,0.0001,1.31514,0.39768,4476
33,12,age_bin,ema_lr1e-2,0.01,0.0001,1.2123,0.42158,4476
33,12,age_bin,ema_lr5e-2,0.05,0.0001,0.64356,0.78642,4476
33,12,age_bin,ema_lr1e-2_wd1e-3,0.01,0.001,1.18638,0.44214,4476
33,12,age_bin,ema_d0.99,0.01,0.0001,1.12137,0.4504,4476
33,12,age_bin,ema_d0.9999,0.01,0.0001,1.18952,0.43074,4476
33,12,age_bin,mlp_h16,0.001,0.0,0.01426,1.0,4476
33,12,age_bin,mlp_h32,0.001,0.0,0.00916,1.0,4476
33,12,age_bin,mlp_h64,0.001,0.0,0.00554,1.0,4476
33,12,age_bin,mlp_h128,0.001,0.0,0.00056,1.0,4476
33,12,age_bin,attention,0.0001,1e-05,0.00065,1.0,4476
33,12,age_bin,shuffled,0.01,0.0001,1.227,0.40907,4476
33,12,gender,ema_lr1e-3,0.001,0.0001,1.00004,0.50782,4476
33,12,gender,ema_lr5e-3,0.005,0.0001,0.9127,0.49464,4476
33,12,gender,ema_lr1e-2,0.01,0.0001,0.86662,0.51184,4476
33,12,gender,ema_lr5e-2,0.05,0.0001,0.88858,0.50559,4476
33,12,gender,ema_lr1e-2_wd1e-3,0.01,0.001,0.91084,0.50022,4476
33,12,gender,ema_d0.99,0.01,0.0001,0.84217,0.51966,4476
33,12,gender,ema_d0.9999,0.01,0.0001,0.88182,0.51229,4476
33,12,gender,mlp_h16,0.001,0.0,0.67711,0.56524,4476
33,12,gender,mlp_h32,0.001,0.0,0.68337,0.55451,4476
33,12,gender,mlp_h64,0.001,0.0,0.687,0.55094,4476
33,12,gender,mlp_h128,0.001,0.0,0.69794,0.53217,4476
33,12,gender,attention,0.0001,1e-05,0.71918,0.5,4476
33,12,gender,shuffled,0.01,0.0001,0.89229,0.49397,4476
33,12,star_sign,ema_lr1e-3,0.001,0.0001,3.10833,0.09964,4476
33,12,star_sign,ema_lr5e-3,0.005,0.0001,2.97029,0.11394,4476
33,12,star_sign,ema_lr1e-2,0.01,0.0001,2.78584,0.1307,4476
33,12,star_sign,ema_lr5e-2,0.05,0.0001,1.6155,0.52614,4476
33,12,star_sign,ema_lr1e-2_wd1e-3,0.01,0.001,2.78121,0.11372,4476
33,12,star_sign,ema_d0.99,0.01,0.0001,2.7165,0.13718,4476
33,12,star_sign,ema_d0.9999,0.01,0.0001,2.72533,0.13829,4476
33,12,star_sign,mlp_h16,0.001,0.0,0.12215,1.0,4476
33,12,star_sign,mlp_h32,0.001,0.0,0.05994,1.0,4476
33,12,star_sign,mlp_h64,0.001,0.0,0.00354,1.0,4476
33,12,star_sign,mlp_h128,0.001,0.0,0.00081,1.0,4476
33,12,star_sign,attention,0.0001,1e-05,7e-05,1.0,4476
33,12,star_sign,shuffled,0.01,0.0001,2.74958,0.1307,4476
33,16,age_bin,ema_lr1e-3,0.001,0.0001,1.54285,0.334,4476
33,16,age_bin,ema_lr5e-3,0.005,0.0001,1.33201,0.39433,4476
33,16,age_bin,ema_lr1e-2,0.01,0.0001,1.16137,0.43253,4476
33,16,age_bin,ema_lr5e-2,0.05,0.0001,0.55556,0.84786,4476
33,16,age_bin,ema_lr1e-2_wd1e-3,0.01,0.001,1.23656,0.41935,4476
33,16,age_bin,ema_d0.99,0.01,0.0001,1.17276,0.43767,4476
33,16,age_bin,ema_d0.9999,0.01,0.0001,1.15384,0.437,4476
33,16,age_bin,mlp_h16,0.001,0.0,0.06931,0.99888,4476
33,16,age_bin,mlp_h32,0.001,0.0,0.00833,1.0,4476
33,16,age_bin,mlp_h64,0.001,0.0,0.00112,1.0,4476
33,16,age_bin,mlp_h128,0.001,0.0,0.00052,1.0,4476
33,16,age_bin,attention,0.0001,1e-05,3e-05,1.0,4476
33,16,age_bin,shuffled,0.01,0.0001,1.216,0.42672,4476
33,16,gender,ema_lr1e-3,0.001,0.0001,0.89906,0.53686,4476
33,16,gender,ema_lr5e-3,0.005,0.0001,0.95039,0.50179,4476
33,16,gender,ema_lr1e-2,0.01,0.0001,0.88512,0.51586,4476
33,16,gender,ema_lr5e-2,0.05,0.0001,0.77904,0.53083,4476
33,16,gender,ema_lr1e-2_wd1e-3,0.01,0.001,0.85925,0.52212,4476
33,16,gender,ema_d0.99,0.01,0.0001,0.84801,0.52346,4476
33,16,gender,ema_d0.9999,0.01,0.0001,0.87767,0.51944,4476
33,16,gender,mlp_h16,0.001,0.0,0.69463,0.54088,4476
33,16,gender,mlp_h32,0.001,0.0,0.68866,0.52726,4476
33,16,gender,mlp_h64,0.001,0.0,0.69723,0.52324,4476
33,16,gender,mlp_h128,0.001,0.0,0.69638,0.5391,4476
33,16,gender,attention,0.0001,1e-05,0.78237,0.5,4476
33,16,gender,shuffled,0.01,0.0001,0.87295,0.49955,4476
33,16,star_sign,ema_lr1e-3,0.001,0.0001,3.28582,0.05608,4476
33,16,star_sign,ema_lr5e-3,0.005,0.0001,3.0665,0.10545,4476
33,16,star_sign,ema_lr1e-2,0.01,0.0001,2.87457,0.1269,4476
33,16,star_sign,ema_lr5e-2,0.05,0.0001,1.62024,0.53843,4476
33,16,star_sign,ema_lr1e-2_wd1e-3,0.01,0.001,2.77755,0.14589,4476
33,16,star_sign,ema_d0.99,0.01,0.0001,2.75131,0.14008,4476
33,16,star_sign,ema_d0.9999,0.01,0.0001,2.80123,0.13941,4476
33,16,star_sign,mlp_h16,0.001,0.0,0.17576,0.99911,4476
33,16,star_sign,mlp_h32,0.001,0.0,0.067,1.0,4476
33,16,star_sign,mlp_h64,0.001,0.0,0.01473,1.0,4476
33,16,star_sign,mlp_h128,0.001,0.0,0.00085,1.0,4476
33,16,star_sign,attention,0.0001,1e-05,0.0,1.0,4476
33,16,star_sign,shuffled,0.01,0.0001,2.74447,0.14254,4476
34,0,age_bin,ema_lr1e-3,0.001,0.0001,1.49868,0.33787,4117
34,0,age_bin,ema_lr5e-3,0.005,0.0001,1.31926,0.48579,4117
34,0,age_bin,ema_lr1e-2,0.01,0.0001,1.19755,0.57761,4117
34,0,age_bin,ema_lr5e-2,0.05,0.0001,0.53126,0.9145,4117
34,0,age_bin,ema_lr1e-2_wd1e-3,0.01,0.001,1.17825,0.57323,4117
34,0,age_bin,ema_d0.99,0.01,0.0001,1.17921,0.57688,4117
34,0,age_bin,ema_d0.9999,0.01,0.0001,1.20197,0.58416,4117
34,0,age_bin,mlp_h16,0.001,0.0,0.02478,1.0,4117
34,0,age_bin,mlp_h32,0.001,0.0,0.01353,1.0,4117
34,0,age_bin,mlp_h64,0.001,0.0,0.00386,1.0,4117
34,0,age_bin,mlp_h128,0.001,0.0,0.00075,1.0,4117
34,0,age_bin,attention,0.0001,1e-05,0.93281,1.0,4117
34,0,age_bin,shuffled,0.01,0.0001,1.17404,0.57518,4117
34,0,gender,ema_lr1e-3,0.001,0.0001,0.93196,0.52975,4117
34,0,gender,ema_lr5e-3,0.005,0.0001,0.90859,0.50984,4117
34,0,gender,ema_lr1e-2,0.01,0.0001,0.85863,0.53461,4117
34,0,gender,ema_lr5e-2,0.05,0.0001,0.80371,0.5385,4117
34,0,gender,ema_lr1e-2_wd1e-3,0.01,0.001,0.87376,0.50182,4117
34,0,gender,ema_d0.99,0.01,0.0001,0.86845,0.49988,4117
34,0,gender,ema_d0.9999,0.01,0.0001,0.88457,0.50061,4117
34,0,gender,mlp_h16,0.001,0.0,0.68855,0.51057,4117
34,0,gender,mlp_h32,0.001,0.0,0.69576,0.50279,4117
34,0,gender,mlp_h64,0.001,0.0,0.70007,0.49721,4117
34,0,gender,mlp_h128,0.001,0.0,0.70483,0.50547,4117
34,0,gender,attention,0.0001,1e-05,0.69057,0.57031,4117
34,0,gender,shuffled,0.01,0.0001,0.90623,0.49065,4117
34,0,star_sign,ema_lr1e-3,0.001,0.0001,3.22044,0.05538,4117
34,0,star_sign,ema_lr5e-3,0.005,0.0001,2.99926,0.15594,4117
34,0,star_sign,ema_lr1e-2,0.01,0.0001,2.78931,0.15715,4117
34,0,star_sign,ema_lr5e-2,0.05,0.0001,1.5329,0.7129,4117
34,0,star_sign,ema_lr1e-2_wd1e-3,0.01,0.001,2.78727,0.21132,4117
34,0,star_sign,ema_d0.99,0.01,0.0001,2.80597,0.16298,4117
34,0,star_sign,ema_d0.9999,0.01,0.0001,2.75749,0.26524,4117
34,0,star_sign,mlp_h16,0.001,0.0,0.13681,1.0,4117
34,0,star_sign,mlp_h32,0.001,0.0,0.04408,1.0,4117
34,0,star_sign,mlp_h64,0.001,0.0,0.00948,1.0,4117
34,0,star_sign,mlp_h128,0.001,0.0,0.00114,1.0,4117
34,0,star_sign,attention,0.0001,1e-05,2.23431,1.0,4117
34,0,star_sign,shuffled,0.01,0.0001,2.76358,0.26548,4117
34,4,age_bin,ema_lr1e-3,0.001,0.0001,1.41302,0.35074,4117
34,4,age_bin,ema_lr5e-3,0.005,0.0001,1.32911,0.33665,4117
34,4,age_bin,ema_lr1e-2,0.01,0.0001,1.17603,0.4428,4117
34,4,age_bin,ema_lr5e-2,0.05,0.0001,0.85951,0.6274,4117
34,4,age_bin,ema_lr1e-2_wd1e-3,0.01,0.001,1.13685,0.45276,4117
34,4,age_bin,ema_d0.99,0.01,0.0001,1.15893,0.42385,4117
34,4,age_bin,ema_d0.9999,0.01,0.0001,1.13734,0.453,4117
34,4,age_bin,mlp_h16,0.001,0.0,0.01433,1.0,4117
34,4,age_bin,mlp_h32,0.001,0.0,0.01299,1.0,4117
34,4,age_bin,mlp_h64,0.001,0.0,0.00072,1.0,4117
34,4,age_bin,mlp_h128,0.001,0.0,0.00023,1.0,4117
34,4,age_bin,attention,0.0001,1e-05,0.0,1.0,4117
34,4,age_bin,shuffled,0.01,0.0001,1.12611,0.44911,4117
34,4,gender,ema_lr1e-3,0.001,0.0001,0.97362,0.49405,4117
34,4,gender,ema_lr5e-3,0.005,0.0001,0.88259,0.51397,4117
34,4,gender,ema_lr1e-2,0.01,0.0001,0.86631,0.50765,4117
34,4,gender,ema_lr5e-2,0.05,0.0001,1.07902,0.45421,4117
34,4,gender,ema_lr1e-2_wd1e-3,0.01,0.001,0.83583,0.52125,4117
34,4,gender,ema_d0.99,0.01,0.0001,0.85911,0.50692,4117
34,4,gender,ema_d0.9999,0.01,0.0001,0.89184,0.50061,4117
34,4,gender,mlp_h16,0.001,0.0,0.70862,0.48045,4117
34,4,gender,mlp_h32,0.001,0.0,0.7056,0.48433,4117
34,4,gender,mlp_h64,0.001,0.0,0.70504,0.50401,4117
34,4,gender,mlp_h128,0.001,0.0,0.68197,0.56667,4117
34,4,gender,attention,0.0001,1e-05,0.70463,0.55469,4117
34,4,gender,shuffled,0.01,0.0001,0.89542,0.49526,4117
34,4,star_sign,ema_lr1e-3,0.001,0.0001,3.16066,0.0719,4117
34,4,star_sign,ema_lr5e-3,0.005,0.0001,2.86024,0.1042,4117
34,4,star_sign,ema_lr1e-2,0.01,0.0001,2.66006,0.14307,4117
34,4,star_sign,ema_lr5e-2,0.05,0.0001,1.61907,0.68399,4117
34,4,star_sign,ema_lr1e-2_wd1e-3,0.01,0.001,2.62533,0.14987,4117
34,4,star_sign,ema_d0.99,0.01,0.0001,2.65658,0.14477,4117
34,4,star_sign,ema_d0.9999,0.01,0.0001,2.63701,0.14258,4117
34,4,star_sign,mlp_h16,0.001,0.0,0.1964,1.0,4117
34,4,star_sign,mlp_h32,0.001,0.0,0.0181,1.0,4117
34,4,star_sign,mlp_h64,0.001,0.0,0.00339,1.0,4117
34,4,star_sign,mlp_h128,0.001,0.0,0.00018,1.0,4117
34,4,star_sign,attention,0.0001,1e-05,0.00046,1.0,4117
34,4,star_sign,shuffled,0.01,0.0001,2.65768,0.15958,4117
34,8,age_bin,ema_lr1e-3,0.001,0.0001,1.42969,0.3709,4117
34,8,age_bin,ema_lr5e-3,0.005,0.0001,1.33048,0.38232,4117
34,8,age_bin,ema_lr1e-2,0.01,0.0001,1.16406,0.45664,4117
34,8,age_bin,ema_lr5e-2,0.05,0.0001,0.6519,0.82074,4117
34,8,age_bin,ema_lr1e-2_wd1e-3,0.01,0.001,1.15994,0.43697,4117
34,8,age_bin,ema_d0.99,0.01,0.0001,1.18651,0.43405,4117
34,8,age_bin,ema_d0.9999,0.01,0.0001,1.18782,0.42239,4117
34,8,age_bin,mlp_h16,0.001,0.0,0.09759,1.0,4117
34,8,age_bin,mlp_h32,0.001,0.0,0.00651,1.0,4117
34,8,age_bin,mlp_h64,0.001,0.0,0.00125,1.0,4117
34,8,age_bin,mlp_h128,0.001,0.0,0.00051,1.0,4117
34,8,age_bin,attention,0.0001,1e-05,0.0,1.0,4117
34,8,age_bin,shuffled,0.01,0.0001,1.16508,0.43721,4117
34,8,gender,ema_lr1e-3,0.001,0.0001,0.92833,0.5249,4117
34,8,gender,ema_lr5e-3,0.005,0.0001,0.8865,0.5181,4117
34,8,gender,ema_lr1e-2,0.01,0.0001,0.86568,0.50692,4117
34,8,gender,ema_lr5e-2,0.05,0.0001,0.95818,0.5674,4117
34,8,gender,ema_lr1e-2_wd1e-3,0.01,0.001,0.90772,0.48652,4117
34,8,gender,ema_d0.99,0.01,0.0001,0.88678,0.49089,4117
34,8,gender,ema_d0.9999,0.01,0.0001,0.85822,0.51882,4117
34,8,gender,mlp_h16,0.001,0.0,0.70153,0.53024,4117
34,8,gender,mlp_h32,0.001,0.0,0.71464,0.49381,4117
34,8,gender,mlp_h64,0.001,0.0,0.69436,0.53631,4117
34,8,gender,mlp_h128,0.001,0.0,0.70476,0.51955,4117
34,8,gender,attention,0.0001,1e-05,0.71309,0.47656,4117
34,8,gender,shuffled,0.01,0.0001,0.88751,0.50328,4117
34,8,star_sign,ema_lr1e-3,0.001,0.0001,3.10583,0.07967,4117
34,8,star_sign,ema_lr5e-3,0.005,0.0001,2.89175,0.11756,4117
34,8,star_sign,ema_lr1e-2,0.01,0.0001,2.73846,0.13626,4117
34,8,star_sign,ema_lr5e-2,0.05,0.0001,1.69044,0.63128,4117
34,8,star_sign,ema_lr1e-2_wd1e-3,0.01,0.001,2.73448,0.13408,4117
34,8,star_sign,ema_d0.99,0.01,0.0001,2.68048,0.13748,4117
34,8,star_sign,ema_d0.9999,0.01,0.0001,2.74152,0.14404,4117
34,8,star_sign,mlp_h16,0.001,0.0,0.19617,0.96891,4117
34,8,star_sign,mlp_h32,0.001,0.0,0.0434,1.0,4117
34,8,star_sign,mlp_h64,0.001,0.0,0.0045,1.0,4117
34,8,star_sign,mlp_h128,0.001,0.0,0.00031,1.0,4117
34,8,star_sign,attention,0.0001,1e-05,0.0,1.0,4117
34,8,star_sign,shuffled,0.01,0.0001,2.70717,0.13214,4117
34,12,age_bin,ema_lr1e-3,0.001,0.0001,1.48116,0.31333,4117
34,12,age_bin,ema_lr5e-3,0.005,0.0001,1.33246,0.37114,4117
34,12,age_bin,ema_lr1e-2,0.01,0.0001,1.2182,0.40904,4117
34,12,age_bin,ema_lr5e-2,0.05,0.0001,0.59011,0.84285,4117
34,12,age_bin,ema_lr1e-2_wd1e-3,0.01,0.001,1.16069,0.44085,4117
34,12,age_bin,ema_d0.99,0.01,0.0001,1.20181,0.41802,4117
34,12,age_bin,ema_d0.9999,0.01,0.0001,1.17488,0.42628,4117
34,12,age_bin,mlp_h16,0.001,0.0,0.01235,1.0,4117
34,12,age_bin,mlp_h32,0.001,0.0,0.00819,1.0,4117
34,12,age_bin,mlp_h64,0.001,0.0,0.00497,1.0,4117
34,12,age_bin,mlp_h128,0.001,0.0,0.00049,1.0,4117
34,12,age_bin,attention,0.0001,1e-05,0.00054,1.0,4117
34,12,age_bin,shuffled,0.01,0.0001,1.20251,0.43357,4117
34,12,gender,ema_lr1e-3,0.001,0.0001,0.98826,0.50862,4117
34,12,gender,ema_lr5e-3,0.005,0.0001,0.88288,0.51227,4117
34,12,gender,ema_lr1e-2,0.01,0.0001,0.88085,0.50619,4117
34,12,gender,ema_lr5e-2,0.05,0.0001,0.88657,0.51712,4117
34,12,gender,ema_lr1e-2_wd1e-3,0.01,0.001,0.89503,0.48555,4117
34,12,gender,ema_d0.99,0.01,0.0001,0.86029,0.51858,4117
34,12,gender,ema_d0.9999,0.01,0.0001,0.90966,0.48773,4117
34,12,gender,mlp_h16,0.001,0.0,0.68914,0.5572,4117
34,12,gender,mlp_h32,0.001,0.0,0.69327,0.53777,4117
34,12,gender,mlp_h64,0.001,0.0,0.70916,0.50279,4117
34,12,gender,mlp_h128,0.001,0.0,0.72681,0.47875,4117
34,12,gender,attention,0.0001,1e-05,0.68551,0.54688,4117
34,12,gender,shuffled,0.01,0.0001,0.90903,0.49211,4117
34,12,star_sign,ema_lr1e-3,0.001,0.0001,3.18005,0.09862,4117
34,12,star_sign,ema_lr5e-3,0.005,0.0001,3.03396,0.1059,4117
34,12,star_sign,ema_lr1e-2,0.01,0.0001,2.789,0.11999,4117
34,12,star_sign,ema_lr5e-2,0.05,0.0001,1.60902,0.53923,4117
34,12,star_sign,ema_lr1e-2_wd1e-3,0.01,0.001,2.71673,0.13092,4117
34,12,star_sign,ema_d0.99,0.01,0.0001,2.71119,0.12898,4117
34,12,star_sign,ema_d0.9999,0.01,0.0001,2.73721,0.13966,4117
34,12,star_sign,mlp_h16,0.001,0.0,0.1084,1.0,4117
34,12,star_sign,mlp_h32,0.001,0.0,0.05025,1.0,4117
34,12,star_sign,mlp_h64,0.001,0.0,0.0031,1.0,4117
34,12,star_sign,mlp_h128,0.001,0.0,0.00071,1.0,4117
34,12,star_sign,attention,0.0001,1e-05,6e-05,1.0,4117
34,12,star_sign,shuffled,0.01,0.0001,2.83823,0.11513,4117
34,16,age_bin,ema_lr1e-3,0.001,0.0001,1.52564,0.34151,4117
34,16,age_bin,ema_lr5e-3,0.005,0.0001,1.35844,0.38135,4117
34,16,age_bin,ema_lr1e-2,0.01,0.0001,1.1952,0.43527,4117
34,16,age_bin,ema_lr5e-2,0.05,0.0001,0.57179,0.83726,4117
34,16,age_bin,ema_lr1e-2_wd1e-3,0.01,0.001,1.2444,0.41316,4117
34,16,age_bin,ema_d0.99,0.01,0.0001,1.20441,0.42142,4117
34,16,age_bin,ema_d0.9999,0.01,0.0001,1.22365,0.41365,4117
34,16,age_bin,mlp_h16,0.001,0.0,0.0657,0.99976,4117
34,16,age_bin,mlp_h32,0.001,0.0,0.00905,1.0,4117
34,16,age_bin,mlp_h64,0.001,0.0,0.00122,1.0,4117
34,16,age_bin,mlp_h128,0.001,0.0,0.00053,1.0,4117
34,16,age_bin,attention,0.0001,1e-05,1e-05,1.0,4117
34,16,age_bin,shuffled,0.01,0.0001,1.22907,0.41511,4117
34,16,gender,ema_lr1e-3,0.001,0.0001,0.97149,0.51348,4117
34,16,gender,ema_lr5e-3,0.005,0.0001,0.95449,0.49696,4117
34,16,gender,ema_lr1e-2,0.01,0.0001,0.88808,0.49721,4117
34,16,gender,ema_lr5e-2,0.05,0.0001,0.80602,0.52514,4117
34,16,gender,ema_lr1e-2_wd1e-3,0.01,0.001,0.90617,0.50522,4117
34,16,gender,ema_d0.99,0.01,0.0001,0.91127,0.49089,4117
34,16,gender,ema_d0.9999,0.01,0.0001,0.85555,0.52174,4117
34,16,gender,mlp_h16,0.001,0.0,0.70735,0.51129,4117
34,16,gender,mlp_h32,0.001,0.0,0.70024,0.5147,4117
34,16,gender,mlp_h64,0.001,0.0,0.70837,0.49283,4117
34,16,gender,mlp_h128,0.001,0.0,0.70834,0.50061,4117
34,16,gender,attention,0.0001,1e-05,0.77267,0.54688,4117
34,16,gender,shuffled,0.01,0.0001,0.87224,0.50449,4117
34,16,star_sign,ema_lr1e-3,0.001,0.0001,3.28471,0.06267,4117
34,16,star_sign,ema_lr5e-3,0.005,0.0001,2.93363,0.10857,4117
34,16,star_sign,ema_lr1e-2,0.01,0.0001,2.79343,0.13456,4117
34,16,star_sign,ema_lr5e-2,0.05,0.0001,1.6641,0.51834,4117
34,16,star_sign,ema_lr1e-2_wd1e-3,0.01,0.001,2.73675,0.14549,4117
34,16,star_sign,ema_d0.99,0.01,0.0001,2.79579,0.13408,4117
34,16,star_sign,ema_d0.9999,0.01,0.0001,2.8011,0.12679,4117
34,16,star_sign,mlp_h16,0.001,0.0,0.1678,0.99903,4117
34,16,star_sign,mlp_h32,0.001,0.0,0.06877,1.0,4117
34,16,star_sign,mlp_h64,0.001,0.0,0.01447,1.0,4117
34,16,star_sign,mlp_h128,0.001,0.0,0.0009,1.0,4117
34,16,star_sign,attention,0.0001,1e-05,1e-05,1.0,4117
34,16,star_sign,shuffled,0.01,0.0001,2.7443,0.13845,4117
35,0,age_bin,ema_lr1e-3,0.001,0.0001,1.51313,0.31907,3996
35,0,age_bin,ema_lr5e-3,0.005,0.0001,1.34563,0.49199,3996
35,0,age_bin,ema_lr1e-2,0.01,0.0001,1.18025,0.58383,3996
35,0,age_bin,ema_lr5e-2,0.05,0.0001,0.53648,0.90165,3996
35,0,age_bin,ema_lr1e-2_wd1e-3,0.01,0.001,1.20657,0.59234,3996
35,0,age_bin,ema_d0.99,0.01,0.0001,1.17353,0.57282,3996
35,0,age_bin,ema_d0.9999,0.01,0.0001,1.20546,0.58108,3996
35,0,age_bin,mlp_h16,0.001,0.0,0.02226,1.0,3996
35,0,age_bin,mlp_h32,0.001,0.0,0.01237,1.0,3996
35,0,age_bin,mlp_h64,0.001,0.0,0.00359,1.0,3996
35,0,age_bin,mlp_h128,0.001,0.0,0.0007,1.0,3996
35,0,age_bin,attention,0.0001,1e-05,0.92878,1.0,3996
35,0,age_bin,shuffled,0.01,0.0001,1.1723,0.56582,3996
35,0,gender,ema_lr1e-3,0.001,0.0001,0.97322,0.5015,3996
35,0,gender,ema_lr5e-3,0.005,0.0001,0.95108,0.50275,3996
35,0,gender,ema_lr1e-2,0.01,0.0001,0.88484,0.50826,3996
35,0,gender,ema_lr5e-2,0.05,0.0001,0.8113,0.48148,3996
35,0,gender,ema_lr1e-2_wd1e-3,0.01,0.001,0.86807,0.50676,3996
35,0,gender,ema_d0.99,0.01,0.0001,0.87296,0.50826,3996
35,0,gender,ema_d0.9999,0.01,0.0001,0.87732,0.51076,3996
35,0,gender,mlp_h16,0.001,0.0,0.69438,0.52728,3996
35,0,gender,mlp_h32,0.001,0.0,0.69818,0.50075,3996
35,0,gender,mlp_h64,0.001,0.0,0.69994,0.52853,3996
35,0,gender,mlp_h128,0.001,0.0,0.70225,0.52127,3996
35,0,gender,attention,0.0001,1e-05,0.69107,0.54688,3996
35,0,gender,shuffled,0.01,0.0001,0.88581,0.49575,3996
35,0,star_sign,ema_lr1e-3,0.001,0.0001,3.24469,0.04505,3996
35,0,star_sign,ema_lr5e-3,0.005,0.0001,3.00232,0.16016,3996
35,0,star_sign,ema_lr1e-2,0.01,0.0001,2.7921,0.11236,3996
35,0,star_sign,ema_lr5e-2,0.05,0.0001,1.53359,0.70345,3996
35,0,star_sign,ema_lr1e-2_wd1e-3,0.01,0.001,2.80191,0.20796,3996
35,0,star_sign,ema_d0.99,0.01,0.0001,2.8027,0.17167,3996
35,0,star_sign,ema_d0.9999,0.01,0.0001,2.79799,0.25075,3996
35,0,star_sign,mlp_h16,0.001,0.0,0.12437,1.0,3996
35,0,star_sign,mlp_h32,0.001,0.0,0.0391,1.0,3996
35,0,star_sign,mlp_h64,0.001,0.0,0.00835,1.0,3996
35,0,star_sign,mlp_h128,0.001,0.0,0.00106,1.0,3996
35,0,star_sign,attention,0.0001,1e-05,2.22723,1.0,3996
35,0,star_sign,shuffled,0.01,0.0001,2.75291,0.27152,3996
35,4,age_bin,ema_lr1e-3,0.001,0.0001,1.40006,0.36211,3996
35,4,age_bin,ema_lr5e-3,0.005,0.0001,1.29334,0.36236,3996
35,4,age_bin,ema_lr1e-2,0.01,0.0001,1.17368,0.44144,3996
35,4,age_bin,ema_lr5e-2,0.05,0.0001,0.73921,0.87337,3996
35,4,age_bin,ema_lr1e-2_wd1e-3,0.01,0.001,1.14953,0.43644,3996
35,4,age_bin,ema_d0.99,0.01,0.0001,1.15803,0.41892,3996
35,4,age_bin,ema_d0.9999,0.01,0.0001,1.17534,0.43844,3996
35,4,age_bin,mlp_h16,0.001,0.0,0.0128,1.0,3996
35,4,age_bin,mlp_h32,0.001,0.0,0.01134,1.0,3996
35,4,age_bin,mlp_h64,0.001,0.0,0.00066,1.0,3996
35,4,age_bin,mlp_h128,0.001,0.0,0.00021,1.0,3996
35,4,age_bin,attention,0.0001,1e-05,0.0,1.0,3996
35,4,age_bin,shuffled,0.01,0.0001,1.16222,0.43669,3996
35,4,gender,ema_lr1e-3,0.001,0.0001,0.94596,0.51401,3996
35,4,gender,ema_lr5e-3,0.005,0.0001,0.8992,0.50325,3996
35,4,gender,ema_lr1e-2,0.01,0.0001,0.93198,0.48649,3996
35,4,gender,ema_lr5e-2,0.05,0.0001,1.1876,0.54279,3996
35,4,gender,ema_lr1e-2_wd1e-3,0.01,0.001,0.83076,0.52678,3996
35,4,gender,ema_d0.99,0.01,0.0001,0.87835,0.5045,3996
35,4,gender,ema_d0.9999,0.01,0.0001,0.88468,0.50075,3996
35,4,gender,mlp_h16,0.001,0.0,0.70367,0.49825,3996
35,4,gender,mlp_h32,0.001,0.0,0.70007,0.503,3996
35,4,gender,mlp_h64,0.001,0.0,0.70071,0.50275,3996
35,4,gender,mlp_h128,0.001,0.0,0.70113,0.54379,3996
35,4,gender,attention,0.0001,1e-05,0.71172,0.50781,3996
35,4,gender,shuffled,0.01,0.0001,0.88926,0.49124,3996
35,4,star_sign,ema_lr1e-3,0.001,0.0001,3.12597,0.07382,3996
35,4,star_sign,ema_lr5e-3,0.005,0.0001,2.89822,0.1016,3996
35,4,star_sign,ema_lr1e-2,0.01,0.0001,2.6607,0.13589,3996
35,4,star_sign,ema_lr5e-2,0.05,0.0001,1.53134,0.6041,3996
35,4,star_sign,ema_lr1e-2_wd1e-3,0.01,0.001,2.64977,0.13363,3996
35,4,star_sign,ema_d0.99,0.01,0.0001,2.63677,0.14164,3996
35,4,star_sign,ema_d0.9999,0.01,0.0001,2.71167,0.11812,3996
35,4,star_sign,mlp_h16,0.001,0.0,0.16917,1.0,3996
35,4,star_sign,mlp_h32,0.001,0.0,0.01585,1.0,3996
35,4,star_sign,mlp_h64,0.001,0.0,0.00307,1.0,3996
35,4,star_sign,mlp_h128,0.001,0.0,0.00015,1.0,3996
35,4,star_sign,attention,0.0001,1e-05,0.00051,1.0,3996
35,4,star_sign,shuffled,0.01,0.0001,2.67646,0.14289,3996
35,8,age_bin,ema_lr1e-3,0.001,0.0001,1.42697,0.36612,3996
35,8,age_bin,ema_lr5e-3,0.005,0.0001,1.29389,0.3989,3996
35,8,age_bin,ema_lr1e-2,0.01,0.0001,1.15823,0.45621,3996
35,8,age_bin,ema_lr5e-2,0.05,0.0001,0.83113,0.63714,3996
35,8,age_bin,ema_lr1e-2_wd1e-3,0.01,0.001,1.19675,0.41667,3996
35,8,age_bin,ema_d0.99,0.01,0.0001,1.18688,0.43343,3996
35,8,age_bin,ema_d0.9999,0.01,0.0001,1.17353,0.44319,3996
35,8,age_bin,mlp_h16,0.001,0.0,0.08264,1.0,3996
35,8,age_bin,mlp_h32,0.001,0.0,0.00573,1.0,3996
35,8,age_bin,mlp_h64,0.001,0.0,0.00109,1.0,3996
35,8,age_bin,mlp_h128,0.001,0.0,0.00046,1.0,3996
35,8,age_bin,attention,0.0001,1e-05,0.0,1.0,3996
35,8,age_bin,shuffled,0.01,0.0001,1.16588,0.43719,3996
35,8,gender,ema_lr1e-3,0.001,0.0001,0.98301,0.49149,3996
35,8,gender,ema_lr5e-3,0.005,0.0001,0.91243,0.5025,3996
35,8,gender,ema_lr1e-2,0.01,0.0001,0.85764,0.51276,3996
35,8,gender,ema_lr5e-2,0.05,0.0001,0.97756,0.51476,3996
35,8,gender,ema_lr1e-2_wd1e-3,0.01,0.001,0.87131,0.5015,3996
35,8,gender,ema_d0.99,0.01,0.0001,0.86364,0.51376,3996
35,8,gender,ema_d0.9999,0.01,0.0001,0.89222,0.48098,3996
35,8,gender,mlp_h16,0.001,0.0,0.70535,0.4985,3996
35,8,gender,mlp_h32,0.001,0.0,0.70832,0.48649,3996
35,8,gender,mlp_h64,0.001,0.0,0.70585,0.51602,3996
35,8,gender,mlp_h128,0.001,0.0,0.70573,0.51376,3996
35,8,gender,attention,0.0001,1e-05,0.70614,0.55469,3996
35,8,gender,shuffled,0.01,0.0001,0.89601,0.50926,3996
35,8,star_sign,ema_lr1e-3,0.001,0.0001,3.08573,0.08884,3996
35,8,star_sign,ema_lr5e-3,0.005,0.0001,2.92801,0.0956,3996
35,8,star_sign,ema_lr1e-2,0.01,0.0001,2.6974,0.13964,3996
35,8,star_sign,ema_lr5e-2,0.05,0.0001,1.5953,0.54129,3996
35,8,star_sign,ema_lr1e-2_wd1e-3,0.01,0.001,2.74398,0.13614,3996
35,8,star_sign,ema_d0.99,0.01,0.0001,2.77936,0.12462,3996
35,8,star_sign,ema_d0.9999,0.01,0.0001,2.6717,0.1544,3996
35,8,star_sign,mlp_h16,0.001,0.0,0.17686,0.96797,3996
35,8,star_sign,mlp_h32,0.001,0.0,0.0368,1.0,3996
35,8,star_sign,mlp_h64,0.001,0.0,0.00386,1.0,3996
35,8,star_sign,mlp_h128,0.001,0.0,0.00026,1.0,3996
35,8,star_sign,attention,0.0001,1e-05,0.0,1.0,3996
35,8,star_sign,shuffled,0.01,0.0001,2.73536,0.12513,3996
35,12,age_bin,ema_lr1e-3,0.001,0.0001,1.47119,0.32132,3996
35,12,age_bin,ema_lr5e-3,0.005,0.0001,1.36035,0.37262,3996
35,12,age_bin,ema_lr1e-2,0.01,0.0001,1.21338,0.43193,3996
35,12,age_bin,ema_lr5e-2,0.05,0.0001,0.63547,0.78854,3996
35,12,age_bin,ema_lr1e-2_wd1e-3,0.01,0.001,1.20457,0.42593,3996
35,12,age_bin,ema_d0.99,0.01,0.0001,1.20407,0.41692,3996
35,12,age_bin,ema_d0.9999,0.01,0.0001,1.24323,0.3974,3996
35,12,age_bin,mlp_h16,0.001,0.0,0.01105,1.0,3996
35,12,age_bin,mlp_h32,0.001,0.0,0.00729,1.0,3996
35,12,age_bin,mlp_h64,0.001,0.0,0.0044,1.0,3996
35,12,age_bin,mlp_h128,0.001,0.0,0.00046,1.0,3996
35,12,age_bin,attention,0.0001,1e-05,0.00046,1.0,3996
35,12,age_bin,shuffled,0.01,0.0001,1.17216,0.44419,3996
35,12,gender,ema_lr1e-3,0.001,0.0001,1.00154,0.50075,3996
35,12,gender,ema_lr5e-3,0.005,0.0001,0.95826,0.47673,3996
35,12,gender,ema_lr1e-2,0.01,0.0001,0.87483,0.50025,3996
35,12,gender,ema_lr5e-2,0.05,0.0001,0.87832,0.50175,3996
35,12,gender,ema_lr1e-2_wd1e-3,0.01,0.001,0.91382,0.48549,3996
35,12,gender,ema_d0.99,0.01,0.0001,0.84328,0.51777,3996
35,12,gender,ema_d0.9999,0.01,0.0001,0.87136,0.50501,3996
35,12,gender,mlp_h16,0.001,0.0,0.68768,0.54955,3996
35,12,gender,mlp_h32,0.001,0.0,0.69416,0.51702,3996
35,12,gender,mlp_h64,0.001,0.0,0.70299,0.51927,3996
35,12,gender,mlp_h128,0.001,0.0,0.70562,0.51752,3996
35,12,gender,attention,0.0001,1e-05,0.72482,0.51562,3996
35,12,gender,shuffled,0.01,0.0001,0.88859,0.4955,3996
35,12,star_sign,ema_lr1e-3,0.001,0.0001,3.22118,0.09835,3996
35,12,star_sign,ema_lr5e-3,0.005,0.0001,2.94983,0.12888,3996
35,12,star_sign,ema_lr1e-2,0.01,0.0001,2.78052,0.12212,3996
35,12,star_sign,ema_lr5e-2,0.05,0.0001,1.61418,0.52728,3996
35,12,star_sign,ema_lr1e-2_wd1e-3,0.01,0.001,2.76859,0.11587,3996
35,12,star_sign,ema_d0.99,0.01,0.0001,2.79362,0.12863,3996
35,12,star_sign,ema_d0.9999,0.01,0.0001,2.78809,0.12563,3996
35,12,star_sign,mlp_h16,0.001,0.0,0.09697,1.0,3996
35,12,star_sign,mlp_h32,0.001,0.0,0.04232,1.0,3996
35,12,star_sign,mlp_h64,0.001,0.0,0.00269,1.0,3996
35,12,star_sign,mlp_h128,0.001,0.0,0.00063,1.0,3996
35,12,star_sign,attention,0.0001,1e-05,3e-05,1.0,3996
35,12,star_sign,shuffled,0.01,0.0001,2.76138,0.11912,3996
35,16,age_bin,ema_lr1e-3,0.001,0.0001,1.50225,0.36236,3996
35,16,age_bin,ema_lr5e-3,0.005,0.0001,1.39749,0.35911,3996
35,16,age_bin,ema_lr1e-2,0.01,0.0001,1.18241,0.43944,3996
35,16,age_bin,ema_lr5e-2,0.05,0.0001,0.55507,0.85085,3996
35,16,age_bin,ema_lr1e-2_wd1e-3,0.01,0.001,1.20389,0.44044,3996
35,16,age_bin,ema_d0.99,0.01,0.0001,1.17644,0.43468,3996
35,16,age_bin,ema_d0.9999,0.01,0.0001,1.20408,0.41091,3996
35,16,age_bin,mlp_h16,0.001,0.0,0.06068,0.99925,3996
35,16,age_bin,mlp_h32,0.001,0.0,0.00829,1.0,3996
35,16,age_bin,mlp_h64,0.001,0.0,0.00107,1.0,3996
35,16,age_bin,mlp_h128,0.001,0.0,0.00045,1.0,3996
35,16,age_bin,attention,0.0001,1e-05,0.0,1.0,3996
35,16,age_bin,shuffled,0.01,0.0001,1.24754,0.41416,3996
35,16,gender,ema_lr1e-3,0.001,0.0001,0.98081,0.498,3996
35,16,gender,ema_lr5e-3,0.005,0.0001,0.95709,0.49199,3996
35,16,gender,ema_lr1e-2,0.01,0.0001,0.91248,0.49374,3996
35,16,gender,ema_lr5e-2,0.05,0.0001,0.85099,0.50976,3996
35,16,gender,ema_lr1e-2_wd1e-3,0.01,0.001,0.85686,0.51552,3996
35,16,gender,ema_d0.99,0.01,0.0001,0.89015,0.49274,3996
35,16,gender,ema_d0.9999,0.01,0.0001,0.88316,0.52352,3996
35,16,gender,mlp_h16,0.001,0.0,0.69966,0.50826,3996
35,16,gender,mlp_h32,0.001,0.0,0.69774,0.51276,3996
35,16,gender,mlp_h64,0.001,0.0,0.70365,0.51126,3996
35,16,gender,mlp_h128,0.001,0.0,0.70655,0.50225,3996
35,16,gender,attention,0.0001,1e-05,0.72059,0.53906,3996
35,16,gender,shuffled,0.01,0.0001,0.86631,0.499,3996
35,16,star_sign,ema_lr1e-3,0.001,0.0001,3.19518,0.06331,3996
35,16,star_sign,ema_lr5e-3,0.005,0.0001,2.9193,0.11136,3996
35,16,star_sign,ema_lr1e-2,0.01,0.0001,2.80975,0.12838,3996
35,16,star_sign,ema_lr5e-2,0.05,0.0001,1.58982,0.56031,3996
35,16,star_sign,ema_lr1e-2_wd1e-3,0.01,0.001,2.81713,0.13338,3996
35,16,star_sign,ema_d0.99,0.01,0.0001,2.75023,0.14064,3996
35,16,star_sign,ema_d0.9999,0.01,0.0001,2.77188,0.13964,3996
35,16,star_sign,mlp_h16,0.001,0.0,0.15042,1.0,3996
35,16,star_sign,mlp_h32,0.001,0.0,0.05645,1.0,3996
35,16,star_sign,mlp_h64,0.001,0.0,0.01244,1.0,3996
35,16,star_sign,mlp_h128,0.001,0.0,0.00081,1.0,3996
35,16,star_sign,attention,0.0001,1e-05,0.0,1.0,3996
35,16,star_sign,shuffled,0.01,0.0001,2.78345,0.13814,3996
36,0,age_bin,ema_lr1e-3,0.001,0.0001,1.54302,0.32214,4020
36,0,age_bin,ema_lr5e-3,0.005,0.0001,1.30798,0.48756,4020
36,0,age_bin,ema_lr1e-2,0.01,0.0001,1.17859,0.62015,4020
36,0,age_bin,ema_lr5e-2,0.05,0.0001,0.51085,0.92537,4020
36,0,age_bin,ema_lr1e-2_wd1e-3,0.01,0.001,1.16047,0.61891,4020
36,0,age_bin,ema_d0.99,0.01,0.0001,1.16649,0.57786,4020
36,0,age_bin,ema_d0.9999,0.01,0.0001,1.18781,0.59179,4020
36,0,age_bin,mlp_h16,0.001,0.0,0.02141,1.0,4020
36,0,age_bin,mlp_h32,0.001,0.0,0.01213,1.0,4020
36,0,age_bin,mlp_h64,0.001,0.0,0.00346,1.0,4020
36,0,age_bin,mlp_h128,0.001,0.0,0.00066,1.0,4020
36,0,age_bin,attention,0.0001,1e-05,0.92,1.0,4020
36,0,age_bin,shuffled,0.01,0.0001,1.16161,0.58333,4020
36,0,gender,ema_lr1e-3,0.001,0.0001,0.94169,0.50896,4020
36,0,gender,ema_lr5e-3,0.005,0.0001,0.92424,0.50647,4020
36,0,gender,ema_lr1e-2,0.01,0.0001,0.87602,0.48706,4020
36,0,gender,ema_lr5e-2,0.05,0.0001,0.78958,0.4903,4020
36,0,gender,ema_lr1e-2_wd1e-3,0.01,0.001,0.85809,0.49975,4020
36,0,gender,ema_d0.99,0.01,0.0001,0.88545,0.5,4020
36,0,gender,ema_d0.9999,0.01,0.0001,0.89112,0.50199,4020
36,0,gender,mlp_h16,0.001,0.0,0.70029,0.48433,4020
36,0,gender,mlp_h32,0.001,0.0,0.69842,0.49179,4020
36,0,gender,mlp_h64,0.001,0.0,0.70752,0.49403,4020
36,0,gender,mlp_h128,0.001,0.0,0.70883,0.4908,4020
36,0,gender,attention,0.0001,1e-05,0.69325,0.48438,4020
36,0,gender,shuffled,0.01,0.0001,0.88139,0.49527,4020
36,0,star_sign,ema_lr1e-3,0.001,0.0001,3.23305,0.0495,4020
36,0,star_sign,ema_lr5e-3,0.005,0.0001,2.97856,0.1495,4020
36,0,star_sign,ema_lr1e-2,0.01,0.0001,2.77384,0.14254,4020
36,0,star_sign,ema_lr5e-2,0.05,0.0001,1.50002,0.71194,4020
36,0,star_sign,ema_lr1e-2_wd1e-3,0.01,0.001,2.74499,0.16642,4020
36,0,star_sign,ema_d0.99,0.01,0.0001,2.79286,0.17985,4020
36,0,star_sign,ema_d0.9999,0.01,0.0001,2.74978,0.26393,4020
36,0,star_sign,mlp_h16,0.001,0.0,0.11482,1.0,4020
36,0,star_sign,mlp_h32,0.001,0.0,0.03794,1.0,4020
36,0,star_sign,mlp_h64,0.001,0.0,0.008,1.0,4020
36,0,star_sign,mlp_h128,0.001,0.0,0.00098,1.0,4020
36,0,star_sign,attention,0.0001,1e-05,2.21465,1.0,4020
36,0,star_sign,shuffled,0.01,0.0001,2.7366,0.23458,4020
36,4,age_bin,ema_lr1e-3,0.001,0.0001,1.4126,0.36393,4020
36,4,age_bin,ema_lr5e-3,0.005,0.0001,1.22465,0.3796,4020
36,4,age_bin,ema_lr1e-2,0.01,0.0001,1.16068,0.45,4020
36,4,age_bin,ema_lr5e-2,0.05,0.0001,0.8958,0.57836,4020
36,4,age_bin,ema_lr1e-2_wd1e-3,0.01,0.001,1.11046,0.4709,4020
36,4,age_bin,ema_d0.99,0.01,0.0001,1.12081,0.45149,4020
36,4,age_bin,ema_d0.9999,0.01,0.0001,1.14394,0.44303,4020
36,4,age_bin,mlp_h16,0.001,0.0,0.01206,1.0,4020
36,4,age_bin,mlp_h32,0.001,0.0,0.01062,1.0,4020
36,4,age_bin,mlp_h64,0.001,0.0,0.00063,1.0,4020
36,4,age_bin,mlp_h128,0.001,0.0,0.0002,1.0,4020
36,4,age_bin,attention,0.0001,1e-05,0.0,1.0,4020
36,4,age_bin,shuffled,0.01,0.0001,1.12781,0.45249,4020
36,4,gender,ema_lr1e-3,0.001,0.0001,0.92267,0.51891,4020
36,4,gender,ema_lr5e-3,0.005,0.0001,0.88393,0.50771,4020
36,4,gender,ema_lr1e-2,0.01,0.0001,0.89596,0.49204,4020
36,4,gender,ema_lr5e-2,0.05,0.0001,1.015,0.53781,4020
36,4,gender,ema_lr1e-2_wd1e-3,0.01,0.001,0.86336,0.50498,4020
36,4,gender,ema_d0.99,0.01,0.0001,0.90578,0.48483,4020
36,4,gender,ema_d0.9999,0.01,0.0001,0.86815,0.50522,4020
36,4,gender,mlp_h16,0.001,0.0,0.69265,0.53781,4020
36,4,gender,mlp_h32,0.001,0.0,0.68873,0.55174,4020
36,4,gender,mlp_h64,0.001,0.0,0.70025,0.51294,4020
36,4,gender,mlp_h128,0.001,0.0,0.73097,0.4791,4020
36,4,gender,attention,0.0001,1e-05,0.69926,0.54688,4020
36,4,gender,shuffled,0.01,0.0001,0.85919,0.50672,4020
36,4,star_sign,ema_lr1e-3,0.001,0.0001,3.08902,0.07139,4020
36,4,star_sign,ema_lr5e-3,0.005,0.0001,2.85229,0.10348,4020
36,4,star_sign,ema_lr1e-2,0.01,0.0001,2.68702,0.13383,4020
36,4,star_sign,ema_lr5e-2,0.05,0.0001,1.5075,0.63881,4020
36,4,star_sign,ema_lr1e-2_wd1e-3,0.01,0.001,2.60589,0.14701,4020
36,4,star_sign,ema_d0.99,0.01,0.0001,2.6409,0.1408,4020
36,4,star_sign,ema_d0.9999,0.01,0.0001,2.61211,0.15075,4020
36,4,star_sign,mlp_h16,0.001,0.0,0.15154,1.0,4020
36,4,star_sign,mlp_h32,0.001,0.0,0.01438,1.0,4020
36,4,star_sign,mlp_h64,0.001,0.0,0.00282,1.0,4020
36,4,star_sign,mlp_h128,0.001,0.0,0.00014,1.0,4020
36,4,star_sign,attention,0.0001,1e-05,0.00093,1.0,4020
36,4,star_sign,shuffled,0.01,0.0001,2.66153,0.15647,4020
36,8,age_bin,ema_lr1e-3,0.001,0.0001,1.5194,0.32786,4020
36,8,age_bin,ema_lr5e-3,0.005,0.0001,1.33048,0.38358,4020
36,8,age_bin,ema_lr1e-2,0.01,0.0001,1.17483,0.45473,4020
36,8,age_bin,ema_lr5e-2,0.05,0.0001,0.58185,0.83756,4020
36,8,age_bin,ema_lr1e-2_wd1e-3,0.01,0.001,1.14569,0.44602,4020
36,8,age_bin,ema_d0.99,0.01,0.0001,1.14198,0.46269,4020
36,8,age_bin,ema_d0.9999,0.01,0.0001,1.17339,0.4495,4020
36,8,age_bin,mlp_h16,0.001,0.0,0.07406,1.0,4020
36,8,age_bin,mlp_h32,0.001,0.0,0.00547,1.0,4020
36,8,age_bin,mlp_h64,0.001,0.0,0.00106,1.0,4020
36,8,age_bin,mlp_h128,0.001,0.0,0.00042,1.0,4020
36,8,age_bin,attention,0.0001,1e-05,0.0,1.0,4020
36,8,age_bin,shuffled,0.01,0.0001,1.16427,0.44925,4020
36,8,gender,ema_lr1e-3,0.001,0.0001,0.95757,0.49577,4020
36,8,gender,ema_lr5e-3,0.005,0.0001,0.9441,0.4898,4020
36,8,gender,ema_lr1e-2,0.01,0.0001,0.84941,0.51791,4020
36,8,gender,ema_lr5e-2,0.05,0.0001,1.04184,0.50423,4020
36,8,gender,ema_lr1e-2_wd1e-3,0.01,0.001,0.86279,0.51542,4020
36,8,gender,ema_d0.99,0.01,0.0001,0.88803,0.49602,4020
36,8,gender,ema_d0.9999,0.01,0.0001,0.8419,0.51542,4020
36,8,gender,mlp_h16,0.001,0.0,0.69413,0.53483,4020
36,8,gender,mlp_h32,0.001,0.0,0.69137,0.54328,4020
36,8,gender,mlp_h64,0.001,0.0,0.71165,0.50896,4020
36,8,gender,mlp_h128,0.001,0.0,0.70182,0.52214,4020
36,8,gender,attention,0.0001,1e-05,0.70358,0.53906,4020
36,8,gender,shuffled,0.01,0.0001,0.88778,0.50373,4020
36,8,star_sign,ema_lr1e-3,0.001,0.0001,3.11964,0.07587,4020
36,8,star_sign,ema_lr5e-3,0.005,0.0001,2.93351,0.09453,4020
36,8,star_sign,ema_lr1e-2,0.01,0.0001,2.71005,0.14005,4020
36,8,star_sign,ema_lr5e-2,0.05,0.0001,1.5627,0.5505,4020
36,8,star_sign,ema_lr1e-2_wd1e-3,0.01,0.001,2.65907,0.14353,4020
36,8,star_sign,ema_d0.99,0.01,0.0001,2.72105,0.13184,4020
36,8,star_sign,ema_d0.9999,0.01,0.0001,2.69977,0.13507,4020
36,8,star_sign,mlp_h16,0.001,0.0,0.16462,0.96816,4020
36,8,star_sign,mlp_h32,0.001,0.0,0.03334,1.0,4020
36,8,star_sign,mlp_h64,0.001,0.0,0.00364,1.0,4020
36,8,star_sign,mlp_h128,0.001,0.0,0.00023,1.0,4020
36,8,star_sign,attention,0.0001,1e-05,0.0,1.0,4020
36,8,star_sign,shuffled,0.01,0.0001,2.73768,0.13483,4020
36,12,age_bin,ema_lr1e-3,0.001,0.0001,1.43189,0.34925,4020
36,12,age_bin,ema_lr5e-3,0.005,0.0001,1.35751,0.37065,4020
36,12,age_bin,ema_lr1e-2,0.01,0.0001,1.19908,0.42786,4020
36,12,age_bin,ema_lr5e-2,0.05,0.0001,0.57631,0.84229,4020
36,12,age_bin,ema_lr1e-2_wd1e-3,0.01,0.001,1.15417,0.46318,4020
36,12,age_bin,ema_d0.99,0.01,0.0001,1.17409,0.43781,4020
36,12,age_bin,ema_d0.9999,0.01,0.0001,1.19455,0.41443,4020
36,12,age_bin,mlp_h16,0.001,0.0,0.01103,1.0,4020
36,12,age_bin,mlp_h32,0.001,0.0,0.00699,1.0,4020
36,12,age_bin,mlp_h64,0.001,0.0,0.00427,1.0,4020
36,12,age_bin,mlp_h128,0.001,0.0,0.00045,1.0,4020
36,12,age_bin,attention,0.0001,1e-05,0.00061,1.0,4020
36,12,age_bin,shuffled,0.01,0.0001,1.14715,0.46219,4020
36,12,gender,ema_lr1e-3,0.001,0.0001,1.027,0.49104,4020
36,12,gender,ema_lr5e-3,0.005,0.0001,0.94764,0.48284,4020
36,12,gender,ema_lr1e-2,0.01,0.0001,0.82368,0.53607,4020
36,12,gender,ema_lr5e-2,0.05,0.0001,0.90368,0.50697,4020
36,12,gender,ema_lr1e-2_wd1e-3,0.01,0.001,0.8595,0.50721,4020
36,12,gender,ema_d0.99,0.01,0.0001,0.8656,0.50821,4020
36,12,gender,ema_d0.9999,0.01,0.0001,0.84841,0.52214,4020
36,12,gender,mlp_h16,0.001,0.0,0.68773,0.54005,4020
36,12,gender,mlp_h32,0.001,0.0,0.68578,0.55871,4020
36,12,gender,mlp_h64,0.001,0.0,0.68698,0.55945,4020
36,12,gender,mlp_h128,0.001,0.0,0.69293,0.55274,4020
36,12,gender,attention,0.0001,1e-05,0.76404,0.5,4020
36,12,gender,shuffled,0.01,0.0001,0.87726,0.4995,4020
36,12,star_sign,ema_lr1e-3,0.001,0.0001,3.12808,0.11119,4020
36,12,star_sign,ema_lr5e-3,0.005,0.0001,2.95738,0.12114,4020
36,12,star_sign,ema_lr1e-2,0.01,0.0001,2.77606,0.11841,4020
36,12,star_sign,ema_lr5e-2,0.05,0.0001,1.54602,0.56493,4020
36,12,star_sign,ema_lr1e-2_wd1e-3,0.01,0.001,2.65018,0.14876,4020
36,12,star_sign,ema_d0.99,0.01,0.0001,2.72343,0.12886,4020
36,12,star_sign,ema_d0.9999,0.01,0.0001,2.71351,0.14353,4020
36,12,star_sign,mlp_h16,0.001,0.0,0.09696,1.0,4020
36,12,star_sign,mlp_h32,0.001,0.0,0.04006,1.0,4020
36,12,star_sign,mlp_h64,0.001,0.0,0.00261,1.0,4020
36,12,star_sign,mlp_h128,0.001,0.0,0.00066,1.0,4020
36,12,star_sign,attention,0.0001,1e-05,0.00024,1.0,4020
36,12,star_sign,shuffled,0.01,0.0001,2.69566,0.14652,4020
36,16,age_bin,ema_lr1e-3,0.001,0.0001,1.56359,0.33209,4020
36,16,age_bin,ema_lr5e-3,0.005,0.0001,1.32207,0.39328,4020
36,16,age_bin,ema_lr1e-2,0.01,0.0001,1.17528,0.43806,4020
36,16,age_bin,ema_lr5e-2,0.05,0.0001,0.52899,0.8709,4020
36,16,age_bin,ema_lr1e-2_wd1e-3,0.01,0.001,1.18283,0.43856,4020
36,16,age_bin,ema_d0.99,0.01,0.0001,1.17868,0.41816,4020
36,16,age_bin,ema_d0.9999,0.01,0.0001,1.18915,0.42289,4020
36,16,age_bin,mlp_h16,0.001,0.0,0.05357,1.0,4020
36,16,age_bin,mlp_h32,0.001,0.0,0.00734,1.0,4020
36,16,age_bin,mlp_h64,0.001,0.0,0.00098,1.0,4020
36,16,age_bin,mlp_h128,0.001,0.0,0.00046,1.0,4020
36,16,age_bin,attention,0.0001,1e-05,1e-05,1.0,4020
36,16,age_bin,shuffled,0.01,0.0001,1.23432,0.41965,4020
36,16,gender,ema_lr1e-3,0.001,0.0001,1.04616,0.46617,4020
36,16,gender,ema_lr5e-3,0.005,0.0001,0.93894,0.501,4020
36,16,gender,ema_lr1e-2,0.01,0.0001,0.86433,0.52388,4020
36,16,gender,ema_lr5e-2,0.05,0.0001,0.79529,0.51617,4020
36,16,gender,ema_lr1e-2_wd1e-3,0.01,0.001,0.89699,0.4903,4020
36,16,gender,ema_d0.99,0.01,0.0001,0.87581,0.49975,4020
36,16,gender,ema_d0.9999,0.01,0.0001,0.9016,0.49726,4020
36,16,gender,mlp_h16,0.001,0.0,0.68291,0.56741,4020
36,16,gender,mlp_h32,0.001,0.0,0.68659,0.55373,4020
36,16,gender,mlp_h64,0.001,0.0,0.68843,0.55448,4020
36,16,gender,mlp_h128,0.001,0.0,0.68598,0.55721,4020
36,16,gender,attention,0.0001,1e-05,0.77422,0.5,4020
36,16,gender,shuffled,0.01,0.0001,0.87656,0.4903,4020
36,16,star_sign,ema_lr1e-3,0.001,0.0001,3.20281,0.07612,4020
36,16,star_sign,ema_lr5e-3,0.005,0.0001,2.8943,0.11194,4020
36,16,star_sign,ema_lr1e-2,0.01,0.0001,2.73672,0.14179,4020
36,16,star_sign,ema_lr5e-2,0.05,0.0001,1.53989,0.59254,4020
36,16,star_sign,ema_lr1e-2_wd1e-3,0.01,0.001,2.75215,0.15224,4020
36,16,star_sign,ema_d0.99,0.01,0.0001,2.76248,0.13333,4020
36,16,star_sign,ema_d0.9999,0.01,0.0001,2.75711,0.14826,4020
36,16,star_sign,mlp_h16,0.001,0.0,0.14263,0.9995,4020
36,16,star_sign,mlp_h32,0.001,0.0,0.05061,1.0,4020
36,16,star_sign,mlp_h64,0.001,0.0,0.0114,1.0,4020
36,16,star_sign,mlp_h128,0.001,0.0,0.00073,1.0,4020
36,16,star_sign,attention,0.0001,1e-05,1e-05,1.0,4020
36,16,star_sign,shuffled,0.01,0.0001,2.78998,0.12562,4020
37,0,age_bin,ema_lr1e-3,0.001,0.0001,1.52586,0.31861,4121
37,0,age_bin,ema_lr5e-3,0.005,0.0001,1.3246,0.49648,4121
37,0,age_bin,ema_lr1e-2,0.01,0.0001,1.15716,0.61854,4121
37,0,age_bin,ema_lr5e-2,0.05,0.0001,0.50545,0.91191,4121
37,0,age_bin,ema_lr1e-2_wd1e-3,0.01,0.001,1.15447,0.61441,4121
37,0,age_bin,ema_d0.99,0.01,0.0001,1.18537,0.58602,4121
37,0,age_bin,ema_d0.9999,0.01,0.0001,1.15403,0.59888,4121
37,0,age_bin,mlp_h16,0.001,0.0,0.01939,1.0,4121
37,0,age_bin,mlp_h32,0.001,0.0,0.0105,1.0,4121
37,0,age_bin,mlp_h64,0.001,0.0,0.00312,1.0,4121
37,0,age_bin,mlp_h128,0.001,0.0,0.0006,1.0,4121
37,0,age_bin,attention,0.0001,1e-05,0.919,1.0,4121
37,0,age_bin,shuffled,0.01,0.0001,1.14118,0.59015,4121
37,0,gender,ema_lr1e-3,0.001,0.0001,0.97345,0.49915,4121
37,0,gender,ema_lr5e-3,0.005,0.0001,0.92409,0.51395,4121
37,0,gender,ema_lr1e-2,0.01,0.0001,0.87203,0.50061,4121
37,0,gender,ema_lr5e-2,0.05,0.0001,0.81096,0.52633,4121
37,0,gender,ema_lr1e-2_wd1e-3,0.01,0.001,0.8702,0.50886,4121
37,0,gender,ema_d0.99,0.01,0.0001,0.86585,0.51201,4121
37,0,gender,ema_d0.9999,0.01,0.0001,0.87493,0.48678,4121
37,0,gender,mlp_h16,0.001,0.0,0.69954,0.49066,4121
37,0,gender,mlp_h32,0.001,0.0,0.69973,0.49454,4121
37,0,gender,mlp_h64,0.001,0.0,0.71038,0.49333,4121
37,0,gender,mlp_h128,0.001,0.0,0.71232,0.48896,4121
37,0,gender,attention,0.0001,1e-05,0.6936,0.47656,4121
37,0,gender,shuffled,0.01,0.0001,0.86296,0.50522,4121
37,0,star_sign,ema_lr1e-3,0.001,0.0001,3.2413,0.05144,4121
37,0,star_sign,ema_lr5e-3,0.005,0.0001,2.97371,0.15482,4121
37,0,star_sign,ema_lr1e-2,0.01,0.0001,2.721,0.20917,4121
37,0,star_sign,ema_lr5e-2,0.05,0.0001,1.45136,0.73623,4121
37,0,star_sign,ema_lr1e-2_wd1e-3,0.01,0.001,2.74651,0.23417,4121
37,0,star_sign,ema_d0.99,0.01,0.0001,2.77876,0.18127,4121
37,0,star_sign,ema_d0.9999,0.01,0.0001,2.76642,0.26207,4121
37,0,star_sign,mlp_h16,0.001,0.0,0.10182,1.0,4121
37,0,star_sign,mlp_h32,0.001,0.0,0.03149,1.0,4121
37,0,star_sign,mlp_h64,0.001,0.0,0.00705,1.0,4121
37,0,star_sign,mlp_h128,0.001,0.0,0.00089,1.0,4121
37,0,star_sign,attention,0.0001,1e-05,2.21204,1.0,4121
37,0,star_sign,shuffled,0.01,0.0001,2.75525,0.28197,4121
37,4,age_bin,ema_lr1e-3,0.001,0.0001,1.43329,0.34579,4121
37,4,age_bin,ema_lr5e-3,0.005,0.0001,1.28659,0.36472,4121
37,4,age_bin,ema_lr1e-2,0.01,0.0001,1.13438,0.45547,4121
37,4,age_bin,ema_lr5e-2,0.05,0.0001,0.61563,0.8743,4121
37,4,age_bin,ema_lr1e-2_wd1e-3,0.01,0.001,1.09706,0.48168,4121
37,4,age_bin,ema_d0.99,0.01,0.0001,1.12997,0.43994,4121
37,4,age_bin,ema_d0.9999,0.01,0.0001,1.11717,0.46785,4121
37,4,age_bin,mlp_h16,0.001,0.0,0.01123,1.0,4121
37,4,age_bin,mlp_h32,0.001,0.0,0.00961,1.0,4121
37,4,age_bin,mlp_h64,0.001,0.0,0.00059,1.0,4121
37,4,age_bin,mlp_h128,0.001,0.0,0.00019,1.0,4121
37,4,age_bin,attention,0.0001,1e-05,0.0,1.0,4121
37,4,age_bin,shuffled,0.01,0.0001,1.08956,0.46785,4121
37,4,gender,ema_lr1e-3,0.001,0.0001,0.91406,0.50983,4121
37,4,gender,ema_lr5e-3,0.005,0.0001,0.89072,0.50449,4121
37,4,gender,ema_lr1e-2,0.01,0.0001,0.87813,0.49527,4121
37,4,gender,ema_lr5e-2,0.05,0.0001,1.13846,0.48095,4121
37,4,gender,ema_lr1e-2_wd1e-3,0.01,0.001,0.86384,0.50473,4121
37,4,gender,ema_d0.99,0.01,0.0001,0.88741,0.5108,4121
37,4,gender,ema_d0.9999,0.01,0.0001,0.87214,0.50206,4121
37,4,gender,mlp_h16,0.001,0.0,0.69616,0.51759,4121
37,4,gender,mlp_h32,0.001,0.0,0.69431,0.5205,4121
37,4,gender,mlp_h64,0.001,0.0,0.7033,0.50255,4121
37,4,gender,mlp_h128,0.001,0.0,0.74367,0.47003,4121
37,4,gender,attention,0.0001,1e-05,0.70135,0.53125,4121
37,4,gender,shuffled,0.01,0.0001,0.88374,0.49333,4121
37,4,star_sign,ema_lr1e-3,0.001,0.0001,3.07197,0.08226,4121
37,4,star_sign,ema_lr5e-3,0.005,0.0001,2.77934,0.11623,4121
37,4,star_sign,ema_lr1e-2,0.01,0.0001,2.62347,0.14365,4121
37,4,star_sign,ema_lr5e-2,0.05,0.0001,1.52516,0.59913,4121
37,4,star_sign,ema_lr1e-2_wd1e-3,0.01,0.001,2.65851,0.12667,4121
37,4,star_sign,ema_d0.99,0.01,0.0001,2.65149,0.1354,4121
37,4,star_sign,ema_d0.9999,0.01,0.0001,2.60558,0.1439,4121
37,4,star_sign,mlp_h16,0.001,0.0,0.13117,1.0,4121
37,4,star_sign,mlp_h32,0.001,0.0,0.01319,1.0,4121
37,4,star_sign,mlp_h64,0.001,0.0,0.00258,1.0,4121
37,4,star_sign,mlp_h128,0.001,0.0,0.00013,1.0,4121
37,4,star_sign,attention,0.0001,1e-05,0.00037,1.0,4121
37,4,star_sign,shuffled,0.01,0.0001,2.6312,0.15142,4121
37,8,age_bin,ema_lr1e-3,0.001,0.0001,1.50352,0.34166,4121
37,8,age_bin,ema_lr5e-3,0.005,0.0001,1.28465,0.40306,4121
37,8,age_bin,ema_lr1e-2,0.01,0.0001,1.13817,0.46591,4121
37,8,age_bin,ema_lr5e-2,0.05,0.0001,0.76045,0.69983,4121
37,8,age_bin,ema_lr1e-2_wd1e-3,0.01,0.001,1.14984,0.44528,4121
37,8,age_bin,ema_d0.99,0.01,0.0001,1.14963,0.45596,4121
37,8,age_bin,ema_d0.9999,0.01,0.0001,1.13026,0.45377,4121
37,8,age_bin,mlp_h16,0.001,0.0,0.06321,1.0,4121
37,8,age_bin,mlp_h32,0.001,0.0,0.00521,1.0,4121
37,8,age_bin,mlp_h64,0.001,0.0,0.00101,1.0,4121
37,8,age_bin,mlp_h128,0.001,0.0,0.00041,1.0,4121
37,8,age_bin,attention,0.0001,1e-05,0.0,1.0,4121
37,8,age_bin,shuffled,0.01,0.0001,1.16178,0.438,4121
37,8,gender,ema_lr1e-3,0.001,0.0001,0.8923,0.53798,4121
37,8,gender,ema_lr5e-3,0.005,0.0001,0.88891,0.5091,4121
37,8,gender,ema_lr1e-2,0.01,0.0001,0.86153,0.51759,4121
37,8,gender,ema_lr5e-2,0.05,0.0001,0.97715,0.55302,4121
37,8,gender,ema_lr1e-2_wd1e-3,0.01,0.001,0.89758,0.48726,4121
37,8,gender,ema_d0.99,0.01,0.0001,0.90215,0.49721,4121
37,8,gender,ema_d0.9999,0.01,0.0001,0.87066,0.4892,4121
37,8,gender,mlp_h16,0.001,0.0,0.69318,0.53094,4121
37,8,gender,mlp_h32,0.001,0.0,0.69687,0.52512,4121
37,8,gender,mlp_h64,0.001,0.0,0.73014,0.48532,4121
37,8,gender,mlp_h128,0.001,0.0,0.71334,0.49284,4121
37,8,gender,attention,0.0001,1e-05,0.71899,0.46094,4121
37,8,gender,shuffled,0.01,0.0001,0.89441,0.50619,4121
37,8,star_sign,ema_lr1e-3,0.001,0.0001,3.07564,0.08542,4121
37,8,star_sign,ema_lr5e-3,0.005,0.0001,2.88744,0.10895,4121
37,8,star_sign,ema_lr1e-2,0.01,0.0001,2.66283,0.14244,4121
37,8,star_sign,ema_lr5e-2,0.05,0.0001,1.60566,0.73963,4121
37,8,star_sign,ema_lr1e-2_wd1e-3,0.01,0.001,2.70219,0.14317,4121
37,8,star_sign,ema_d0.99,0.01,0.0001,2.67265,0.13735,4121
37,8,star_sign,ema_d0.9999,0.01,0.0001,2.68543,0.14657,4121
37,8,star_sign,mlp_h16,0.001,0.0,0.15121,0.96894,4121
37,8,star_sign,mlp_h32,0.001,0.0,0.0298,1.0,4121
37,8,star_sign,mlp_h64,0.001,0.0,0.00341,1.0,4121
37,8,star_sign,mlp_h128,0.001,0.0,0.00024,1.0,4121
37,8,star_sign,attention,0.0001,1e-05,0.0,1.0,4121
37,8,star_sign,shuffled,0.01,0.0001,2.66513,0.14171,4121
37,12,age_bin,ema_lr1e-3,0.001,0.0001,1.5068,0.3026,4121
37,12,age_bin,ema_lr5e-3,0.005,0.0001,1.33721,0.38826,4121
37,12,age_bin,ema_lr1e-2,0.01,0.0001,1.18887,0.43946,4121
37,12,age_bin,ema_lr5e-2,0.05,0.0001,0.63118,0.79981,4121
37,12,age_bin,ema_lr1e-2_wd1e-3,0.01,0.001,1.18079,0.44091,4121
37,12,age_bin,ema_d0.99,0.01,0.0001,1.1465,0.45984,4121
37,12,age_bin,ema_d0.9999,0.01,0.0001,1.12024,0.46615,4121
37,12,age_bin,mlp_h16,0.001,0.0,0.01007,1.0,4121
37,12,age_bin,mlp_h32,0.001,0.0,0.00667,1.0,4121
37,12,age_bin,mlp_h64,0.001,0.0,0.00408,1.0,4121
37,12,age_bin,mlp_h128,0.001,0.0,0.00043,1.0,4121
37,12,age_bin,attention,0.0001,1e-05,0.00046,1.0,4121
37,12,age_bin,shuffled,0.01,0.0001,1.16583,0.45984,4121
37,12,gender,ema_lr1e-3,0.001,0.0001,1.0126,0.49915,4121
37,12,gender,ema_lr5e-3,0.005,0.0001,0.90875,0.5074,4121
37,12,gender,ema_lr1e-2,0.01,0.0001,0.87748,0.50085,4121
37,12,gender,ema_lr5e-2,0.05,0.0001,0.83551,0.57098,4121
37,12,gender,ema_lr1e-2_wd1e-3,0.01,0.001,0.90474,0.47828,4121
37,12,gender,ema_d0.99,0.01,0.0001,0.81296,0.53628,4121
37,12,gender,ema_d0.9999,0.01,0.0001,0.84493,0.52342,4121
37,12,gender,mlp_h16,0.001,0.0,0.67919,0.56248,4121
37,12,gender,mlp_h32,0.001,0.0,0.67534,0.57292,4121
37,12,gender,mlp_h64,0.001,0.0,0.67304,0.57996,4121
37,12,gender,mlp_h128,0.001,0.0,0.6816,0.56782,4121
37,12,gender,attention,0.0001,1e-05,0.73122,0.5,4121
37,12,gender,shuffled,0.01,0.0001,0.88766,0.50109,4121
37,12,star_sign,ema_lr1e-3,0.001,0.0001,3.17571,0.09876,4121
37,12,star_sign,ema_lr5e-3,0.005,0.0001,2.95243,0.11502,4121
37,12,star_sign,ema_lr1e-2,0.01,0.0001,2.76217,0.12036,4121
37,12,star_sign,ema_lr5e-2,0.05,0.0001,1.51284,0.57996,4121
37,12,star_sign,ema_lr1e-2_wd1e-3,0.01,0.001,2.72944,0.13637,4121
37,12,star_sign,ema_d0.99,0.01,0.0001,2.69489,0.14438,4121
37,12,star_sign,ema_d0.9999,0.01,0.0001,2.69299,0.13977,4121
37,12,star_sign,mlp_h16,0.001,0.0,0.08566,1.0,4121
37,12,star_sign,mlp_h32,0.001,0.0,0.03573,1.0,4121
37,12,star_sign,mlp_h64,0.001,0.0,0.0024,1.0,4121
37,12,star_sign,mlp_h128,0.001,0.0,0.00058,1.0,4121
37,12,star_sign,attention,0.0001,1e-05,4e-05,1.0,4121
37,12,star_sign,shuffled,0.01,0.0001,2.71357,0.1274,4121
37,16,age_bin,ema_lr1e-3,0.001,0.0001,1.52272,0.33657,4121
37,16,age_bin,ema_lr5e-3,0.005,0.0001,1.31249,0.39432,4121
37,16,age_bin,ema_lr1e-2,0.01,0.0001,1.18567,0.43582,4121
37,16,age_bin,ema_lr5e-2,0.05,0.0001,0.51233,0.87697,4121
37,16,age_bin,ema_lr1e-2_wd1e-3,0.01,0.001,1.20218,0.43485,4121
37,16,age_bin,ema_d0.99,0.01,0.0001,1.13934,0.4545,4121
37,16,age_bin,ema_d0.9999,0.01,0.0001,1.16706,0.4346,4121
37,16,age_bin,mlp_h16,0.001,0.0,0.05123,1.0,4121
37,16,age_bin,mlp_h32,0.001,0.0,0.00733,1.0,4121
37,16,age_bin,mlp_h64,0.001,0.0,0.00091,1.0,4121
37,16,age_bin,mlp_h128,0.001,0.0,0.00043,1.0,4121
37,16,age_bin,attention,0.0001,1e-05,1e-05,1.0,4121
37,16,age_bin,shuffled,0.01,0.0001,1.14639,0.45402,4121
37,16,gender,ema_lr1e-3,0.001,0.0001,0.98118,0.50934,4121
37,16,gender,ema_lr5e-3,0.005,0.0001,0.94263,0.496,4121
37,16,gender,ema_lr1e-2,0.01,0.0001,0.83964,0.54113,4121
37,16,gender,ema_lr5e-2,0.05,0.0001,0.72949,0.56297,4121
37,16,gender,ema_lr1e-2_wd1e-3,0.01,0.001,0.7957,0.55035,4121
37,16,gender,ema_d0.99,0.01,0.0001,0.8242,0.53167,4121
37,16,gender,ema_d0.9999,0.01,0.0001,0.87761,0.51056,4121
37,16,gender,mlp_h16,0.001,0.0,0.66305,0.59719,4121
37,16,gender,mlp_h32,0.001,0.0,0.66618,0.59039,4121
37,16,gender,mlp_h64,0.001,0.0,0.66801,0.59136,4121
37,16,gender,mlp_h128,0.001,0.0,0.67066,0.57802,4121
37,16,gender,attention,0.0001,1e-05,0.7613,0.51562,4121
37,16,gender,shuffled,0.01,0.0001,0.86277,0.5108,4121
37,16,star_sign,ema_lr1e-3,0.001,0.0001,3.19146,0.06722,4121
37,16,star_sign,ema_lr5e-3,0.005,0.0001,2.9756,0.10798,4121
37,16,star_sign,ema_lr1e-2,0.01,0.0001,2.71532,0.15773,4121
37,16,star_sign,ema_lr5e-2,0.05,0.0001,1.5035,0.61636,4121
37,16,star_sign,ema_lr1e-2_wd1e-3,0.01,0.001,2.7494,0.14924,4121
37,16,star_sign,ema_d0.99,0.01,0.0001,2.76909,0.13055,4121
37,16,star_sign,ema_d0.9999,0.01,0.0001,2.65604,0.15894,4121
37,16,star_sign,mlp_h16,0.001,0.0,0.13097,0.99951,4121
37,16,star_sign,mlp_h32,0.001,0.0,0.05045,1.0,4121
37,16,star_sign,mlp_h64,0.001,0.0,0.01077,1.0,4121
37,16,star_sign,mlp_h128,0.001,0.0,0.00064,1.0,4121
37,16,star_sign,attention,0.0001,1e-05,0.0,1.0,4121
37,16,star_sign,shuffled,0.01,0.0001,2.77821,0.13516,4121
38,0,age_bin,ema_lr1e-3,0.001,0.0001,1.5383,0.31643,3944
38,0,age_bin,ema_lr5e-3,0.005,0.0001,1.2963,0.49087,3944
38,0,age_bin,ema_lr1e-2,0.01,0.0001,1.15229,0.6212,3944
38,0,age_bin,ema_lr5e-2,0.05,0.0001,0.48051,0.92901,3944
38,0,age_bin,ema_lr1e-2_wd1e-3,0.01,0.001,1.15913,0.61182,3944
38,0,age_bin,ema_d0.99,0.01,0.0001,1.14517,0.60396,3944
38,0,age_bin,ema_d0.9999,0.01,0.0001,1.14748,0.59457,3944
38,0,age_bin,mlp_h16,0.001,0.0,0.01796,1.0,3944
38,0,age_bin,mlp_h32,0.001,0.0,0.00989,1.0,3944
38,0,age_bin,mlp_h64,0.001,0.0,0.00302,1.0,3944
38,0,age_bin,mlp_h128,0.001,0.0,0.00061,1.0,3944
38,0,age_bin,attention,0.0001,1e-05,0.91354,1.0,3944
38,0,age_bin,shuffled,0.01,0.0001,1.15051,0.60142,3944
38,0,gender,ema_lr1e-3,0.001,0.0001,0.9829,0.49113,3944
38,0,gender,ema_lr5e-3,0.005,0.0001,0.93769,0.48377,3944
38,0,gender,ema_lr1e-2,0.01,0.0001,0.85965,0.51318,3944
38,0,gender,ema_lr5e-2,0.05,0.0001,0.79062,0.50989,3944
38,0,gender,ema_lr1e-2_wd1e-3,0.01,0.001,0.87783,0.49366,3944
38,0,gender,ema_d0.99,0.01,0.0001,0.87949,0.49544,3944
38,0,gender,ema_d0.9999,0.01,0.0001,0.87748,0.51217,3944
38,0,gender,mlp_h16,0.001,0.0,0.69272,0.52561,3944
38,0,gender,mlp_h32,0.001,0.0,0.69817,0.51952,3944
38,0,gender,mlp_h64,0.001,0.0,0.70108,0.51623,3944
38,0,gender,mlp_h128,0.001,0.0,0.70082,0.51724,3944
38,0,gender,attention,0.0001,1e-05,0.69395,0.48438,3944
38,0,gender,shuffled,0.01,0.0001,0.88341,0.49746,3944
38,0,star_sign,ema_lr1e-3,0.001,0.0001,3.17226,0.05046,3944
38,0,star_sign,ema_lr5e-3,0.005,0.0001,2.94283,0.19219,3944
38,0,star_sign,ema_lr1e-2,0.01,0.0001,2.71743,0.24569,3944
38,0,star_sign,ema_lr5e-2,0.05,0.0001,1.4182,0.74391,3944
38,0,star_sign,ema_lr1e-2_wd1e-3,0.01,0.001,2.71669,0.19701,3944
38,0,star_sign,ema_d0.99,0.01,0.0001,2.75866,0.1818,3944
38,0,star_sign,ema_d0.9999,0.01,0.0001,2.7079,0.29817,3944
38,0,star_sign,mlp_h16,0.001,0.0,0.09661,1.0,3944
38,0,star_sign,mlp_h32,0.001,0.0,0.02903,1.0,3944
38,0,star_sign,mlp_h64,0.001,0.0,0.0065,1.0,3944
38,0,star_sign,mlp_h128,0.001,0.0,0.00092,1.0,3944
38,0,star_sign,attention,0.0001,1e-05,2.20398,1.0,3944
38,0,star_sign,shuffled,0.01,0.0001,2.72178,0.28245,3944
38,4,age_bin,ema_lr1e-3,0.001,0.0001,1.39003,0.36283,3944
38,4,age_bin,ema_lr5e-3,0.005,0.0001,1.29011,0.35725,3944
38,4,age_bin,ema_lr1e-2,0.01,0.0001,1.11404,0.47921,3944
38,4,age_bin,ema_lr5e-2,0.05,0.0001,0.87869,0.60928,3944
38,4,age_bin,ema_lr1e-2_wd1e-3,0.01,0.001,1.11742,0.46526,3944
38,4,age_bin,ema_d0.99,0.01,0.0001,1.0728,0.48707,3944
38,4,age_bin,ema_d0.9999,0.01,0.0001,1.10581,0.47515,3944
38,4,age_bin,mlp_h16,0.001,0.0,0.01035,1.0,3944
38,4,age_bin,mlp_h32,0.001,0.0,0.00846,1.0,3944
38,4,age_bin,mlp_h64,0.001,0.0,0.00054,1.0,3944
38,4,age_bin,mlp_h128,0.001,0.0,0.00018,1.0,3944
38,4,age_bin,attention,0.0001,1e-05,0.0,1.0,3944
38,4,age_bin,shuffled,0.01,0.0001,1.11227,0.45943,3944
38,4,gender,ema_lr1e-3,0.001,0.0001,0.93332,0.49949,3944
38,4,gender,ema_lr5e-3,0.005,0.0001,0.90261,0.49975,3944
38,4,gender,ema_lr1e-2,0.01,0.0001,0.87661,0.49823,3944
38,4,gender,ema_lr5e-2,0.05,0.0001,1.18522,0.47414,3944
38,4,gender,ema_lr1e-2_wd1e-3,0.01,0.001,0.86897,0.49544,3944
38,4,gender,ema_d0.99,0.01,0.0001,0.88213,0.49391,3944
38,4,gender,ema_d0.9999,0.01,0.0001,0.86963,0.51471,3944
38,4,gender,mlp_h16,0.001,0.0,0.69774,0.52535,3944
38,4,gender,mlp_h32,0.001,0.0,0.69942,0.52282,3944
38,4,gender,mlp_h64,0.001,0.0,0.704,0.52789,3944
38,4,gender,mlp_h128,0.001,0.0,0.72783,0.51978,3944
38,4,gender,attention,0.0001,1e-05,0.70479,0.46094,3944
38,4,gender,shuffled,0.01,0.0001,0.86894,0.50761,3944
38,4,star_sign,ema_lr1e-3,0.001,0.0001,3.06738,0.07759,3944
38,4,star_sign,ema_lr5e-3,0.005,0.0001,2.79804,0.12576,3944
38,4,star_sign,ema_lr1e-2,0.01,0.0001,2.6425,0.14528,3944
38,4,star_sign,ema_lr5e-2,0.05,0.0001,1.62984,0.82353,3944
38,4,star_sign,ema_lr1e-2_wd1e-3,0.01,0.001,2.61419,0.14528,3944
38,4,star_sign,ema_d0.99,0.01,0.0001,2.6477,0.13261,3944
38,4,star_sign,ema_d0.9999,0.01,0.0001,2.63012,0.13641,3944
38,4,star_sign,mlp_h16,0.001,0.0,0.11173,1.0,3944
38,4,star_sign,mlp_h32,0.001,0.0,0.01171,1.0,3944
38,4,star_sign,mlp_h64,0.001,0.0,0.00236,1.0,3944
38,4,star_sign,mlp_h128,0.001,0.0,0.00013,1.0,3944
38,4,star_sign,attention,0.0001,1e-05,0.00033,1.0,3944
38,4,star_sign,shuffled,0.01,0.0001,2.6346,0.15213,3944
38,8,age_bin,ema_lr1e-3,0.001,0.0001,1.4738,0.35269,3944
38,8,age_bin,ema_lr5e-3,0.005,0.0001,1.31337,0.39097,3944
38,8,age_bin,ema_lr1e-2,0.01,0.0001,1.13637,0.48327,3944
38,8,age_bin,ema_lr5e-2,0.05,0.0001,0.53823,0.87246,3944
38,8,age_bin,ema_lr1e-2_wd1e-3,0.01,0.001,1.1438,0.44929,3944
38,8,age_bin,ema_d0.99,0.01,0.0001,1.14182,0.45664,3944
38,8,age_bin,ema_d0.9999,0.01,0.0001,1.16314,0.43357,3944
38,8,age_bin,mlp_h16,0.001,0.0,0.0526,1.0,3944
38,8,age_bin,mlp_h32,0.001,0.0,0.00455,1.0,3944
38,8,age_bin,mlp_h64,0.001,0.0,0.00087,1.0,3944
38,8,age_bin,mlp_h128,0.001,0.0,0.00036,1.0,3944
38,8,age_bin,attention,0.0001,1e-05,0.0,1.0,3944
38,8,age_bin,shuffled,0.01,0.0001,1.15306,0.45461,3944
38,8,gender,ema_lr1e-3,0.001,0.0001,0.96048,0.50609,3944
38,8,gender,ema_lr5e-3,0.005,0.0001,0.88904,0.50507,3944
38,8,gender,ema_lr1e-2,0.01,0.0001,0.88237,0.48149,3944
38,8,gender,ema_lr5e-2,0.05,0.0001,0.98916,0.51014,3944
38,8,gender,ema_lr1e-2_wd1e-3,0.01,0.001,0.89597,0.48758,3944
38,8,gender,ema_d0.99,0.01,0.0001,0.86926,0.50558,3944
38,8,gender,ema_d0.9999,0.01,0.0001,0.85242,0.51775,3944
38,8,gender,mlp_h16,0.001,0.0,0.70284,0.50786,3944
38,8,gender,mlp_h32,0.001,0.0,0.70804,0.49823,3944
38,8,gender,mlp_h64,0.001,0.0,0.73396,0.50482,3944
38,8,gender,mlp_h128,0.001,0.0,0.71916,0.50735,3944
38,8,gender,attention,0.0001,1e-05,0.74494,0.4375,3944
38,8,gender,shuffled,0.01,0.0001,0.89668,0.49138,3944
38,8,star_sign,ema_lr1e-3,0.001,0.0001,3.07534,0.08646,3944
38,8,star_sign,ema_lr5e-3,0.005,0.0001,2.92173,0.09863,3944
38,8,star_sign,ema_lr1e-2,0.01,0.0001,2.66947,0.14097,3944
38,8,star_sign,ema_lr5e-2,0.05,0.0001,1.49583,0.64731,3944
38,8,star_sign,ema_lr1e-2_wd1e-3,0.01,0.001,2.65892,0.14782,3944
38,8,star_sign,ema_d0.99,0.01,0.0001,2.68641,0.12601,3944
38,8,star_sign,ema_d0.9999,0.01,0.0001,2.70658,0.13742,3944
38,8,star_sign,mlp_h16,0.001,0.0,0.13747,0.96755,3944
38,8,star_sign,mlp_h32,0.001,0.0,0.02454,1.0,3944
38,8,star_sign,mlp_h64,0.001,0.0,0.00277,1.0,3944
38,8,star_sign,mlp_h128,0.001,0.0,0.00019,1.0,3944
38,8,star_sign,attention,0.0001,1e-05,0.0,1.0,3944
38,8,star_sign,shuffled,0.01,0.0001,2.7706,0.13261,3944
38,12,age_bin,ema_lr1e-3,0.001,0.0001,1.4444,0.33164,3944
38,12,age_bin,ema_lr5e-3,0.005,0.0001,1.31113,0.39275,3944
38,12,age_bin,ema_lr1e-2,0.01,0.0001,1.18074,0.44878,3944
38,12,age_bin,ema_lr5e-2,0.05,0.0001,0.51351,0.87373,3944
38,12,age_bin,ema_lr1e-2_wd1e-3,0.01,0.001,1.17812,0.45157,3944
38,12,age_bin,ema_d0.99,0.01,0.0001,1.15629,0.44422,3944
38,12,age_bin,ema_d0.9999,0.01,0.0001,1.15434,0.43585,3944
38,12,age_bin,mlp_h16,0.001,0.0,0.00897,1.0,3944
38,12,age_bin,mlp_h32,0.001,0.0,0.00582,1.0,3944
38,12,age_bin,mlp_h64,0.001,0.0,0.00358,1.0,3944
38,12,age_bin,mlp_h128,0.001,0.0,0.00039,1.0,3944
38,12,age_bin,attention,0.0001,1e-05,0.00075,1.0,3944
38,12,age_bin,shuffled,0.01,0.0001,1.15035,0.46577,3944
38,12,gender,ema_lr1e-3,0.001,0.0001,1.04215,0.48124,3944
38,12,gender,ema_lr5e-3,0.005,0.0001,0.89718,0.50431,3944
38,12,gender,ema_lr1e-2,0.01,0.0001,0.88235,0.49062,3944
38,12,gender,ema_lr5e-2,0.05,0.0001,0.91257,0.48479,3944
38,12,gender,ema_lr1e-2_wd1e-3,0.01,0.001,0.87012,0.5033,3944
38,12,gender,ema_d0.99,0.01,0.0001,0.86439,0.50025,3944
38,12,gender,ema_d0.9999,0.01,0.0001,0.90036,0.49315,3944
38,12,gender,mlp_h16,0.001,0.0,0.70356,0.51192,3944
38,12,gender,mlp_h32,0.001,0.0,0.71217,0.49975,3944
38,12,gender,mlp_h64,0.001,0.0,0.7159,0.49391,3944
38,12,gender,mlp_h128,0.001,0.0,0.72819,0.49391,3944
38,12,gender,attention,0.0001,1e-05,0.74382,0.50781,3944
38,12,gender,shuffled,0.01,0.0001,0.89173,0.48758,3944
38,12,star_sign,ema_lr1e-3,0.001,0.0001,3.17322,0.09635,3944
38,12,star_sign,ema_lr5e-3,0.005,0.0001,2.91583,0.12855,3944
38,12,star_sign,ema_lr1e-2,0.01,0.0001,2.69578,0.12601,3944
38,12,star_sign,ema_lr5e-2,0.05,0.0001,1.4863,0.62576,3944
38,12,star_sign,ema_lr1e-2_wd1e-3,0.01,0.001,2.70268,0.13261,3944
38,12,star_sign,ema_d0.99,0.01,0.0001,2.74166,0.14275,3944
38,12,star_sign,ema_d0.9999,0.01,0.0001,2.68665,0.14655,3944
38,12,star_sign,mlp_h16,0.001,0.0,0.07604,1.0,3944
38,12,star_sign,mlp_h32,0.001,0.0,0.03024,1.0,3944
38,12,star_sign,mlp_h64,0.001,0.0,0.00208,1.0,3944
38,12,star_sign,mlp_h128,0.001,0.0,0.00049,1.0,3944
38,12,star_sign,attention,0.0001,1e-05,5e-05,1.0,3944
38,12,star_sign,shuffled,0.01,0.0001,2.69945,0.14047,3944
38,16,age_bin,ema_lr1e-3,0.001,0.0001,1.55879,0.33342,3944
38,16,age_bin,ema_lr5e-3,0.005,0.0001,1.36304,0.38489,3944
38,16,age_bin,ema_lr1e-2,0.01,0.0001,1.16527,0.44777,3944
38,16,age_bin,ema_lr5e-2,0.05,0.0001,0.49968,0.88768,3944
38,16,age_bin,ema_lr1e-2_wd1e-3,0.01,0.001,1.18961,0.44016,3944
38,16,age_bin,ema_d0.99,0.01,0.0001,1.14685,0.44118,3944
38,16,age_bin,ema_d0.9999,0.01,0.0001,1.12715,0.47642,3944
38,16,age_bin,mlp_h16,0.001,0.0,0.04571,1.0,3944
38,16,age_bin,mlp_h32,0.001,0.0,0.0063,1.0,3944
38,16,age_bin,mlp_h64,0.001,0.0,0.00081,1.0,3944
38,16,age_bin,mlp_h128,0.001,0.0,0.00037,1.0,3944
38,16,age_bin,attention,0.0001,1e-05,1e-05,1.0,3944
38,16,age_bin,shuffled,0.01,0.0001,1.2159,0.42216,3944
38,16,gender,ema_lr1e-3,0.001,0.0001,0.94259,0.51673,3944
38,16,gender,ema_lr5e-3,0.005,0.0001,0.96364,0.48707,3944
38,16,gender,ema_lr1e-2,0.01,0.0001,0.86844,0.51826,3944
38,16,gender,ema_lr5e-2,0.05,0.0001,0.8692,0.46755,3944
38,16,gender,ema_lr1e-2_wd1e-3,0.01,0.001,0.94613,0.48986,3944
38,16,gender,ema_d0.99,0.01,0.0001,0.86688,0.50254,3944
38,16,gender,ema_d0.9999,0.01,0.0001,0.87652,0.50558,3944
38,16,gender,mlp_h16,0.001,0.0,0.72202,0.49265,3944
38,16,gender,mlp_h32,0.001,0.0,0.72235,0.49239,3944
38,16,gender,mlp_h64,0.001,0.0,0.72633,0.49772,3944
38,16,gender,mlp_h128,0.001,0.0,0.72306,0.49975,3944
38,16,gender,attention,0.0001,1e-05,0.78685,0.46875,3944
38,16,gender,shuffled,0.01,0.0001,0.88104,0.49569,3944
38,16,star_sign,ema_lr1e-3,0.001,0.0001,3.21393,0.0753,3944
38,16,star_sign,ema_lr5e-3,0.005,0.0001,2.97639,0.11258,3944
38,16,star_sign,ema_lr1e-2,0.01,0.0001,2.79225,0.13438,3944
38,16,star_sign,ema_lr5e-2,0.05,0.0001,1.46583,0.63438,3944
38,16,star_sign,ema_lr1e-2_wd1e-3,0.01,0.001,2.67541,0.15999,3944
38,16,star_sign,ema_d0.99,0.01,0.0001,2.76432,0.14528,3944
38,16,star_sign,ema_d0.9999,0.01,0.0001,2.75626,0.14782,3944
38,16,star_sign,mlp_h16,0.001,0.0,0.11167,0.99975,3944
38,16,star_sign,mlp_h32,0.001,0.0,0.03843,1.0,3944
38,16,star_sign,mlp_h64,0.001,0.0,0.00906,1.0,3944
38,16,star_sign,mlp_h128,0.001,0.0,0.00058,1.0,3944
38,16,star_sign,attention,0.0001,1e-05,0.0,1.0,3944
38,16,star_sign,shuffled,0.01,0.0001,2.73198,0.14427,3944
39,0,age_bin,ema_lr1e-3,0.001,0.0001,1.53345,0.32321,4282
39,0,age_bin,ema_lr5e-3,0.005,0.0001,1.30418,0.48879,4282
39,0,age_bin,ema_lr1e-2,0.01,0.0001,1.1735,0.63171,4282
39,0,age_bin,ema_lr5e-2,0.05,0.0001,0.48498,0.91499,4282
39,0,age_bin,ema_lr1e-2_wd1e-3,0.01,0.001,1.16334,0.60836,4282
39,0,age_bin,ema_d0.99,0.01,0.0001,1.15049,0.58337,4282
39,0,age_bin,ema_d0.9999,0.01,0.0001,1.18019,0.58991,4282
39,0,age_bin,mlp_h16,0.001,0.0,0.01758,1.0,4282
39,0,age_bin,mlp_h32,0.001,0.0,0.00986,1.0,4282
39,0,age_bin,mlp_h64,0.001,0.0,0.00299,1.0,4282
39,0,age_bin,mlp_h128,0.001,0.0,0.00063,1.0,4282
39,0,age_bin,attention,0.0001,1e-05,0.90391,1.0,4282
39,0,age_bin,shuffled,0.01,0.0001,1.1295,0.59902,4282
39,0,gender,ema_lr1e-3,0.001,0.0001,0.96224,0.50117,4282
39,0,gender,ema_lr5e-3,0.005,0.0001,0.91425,0.51098,4282
39,0,gender,ema_lr1e-2,0.01,0.0001,0.87852,0.50514,4282
39,0,gender,ema_lr5e-2,0.05,0.0001,0.79658,0.49206,4282
39,0,gender,ema_lr1e-2_wd1e-3,0.01,0.001,0.88523,0.5,4282
39,0,gender,ema_d0.99,0.01,0.0001,0.87414,0.4972,4282
39,0,gender,ema_d0.9999,0.01,0.0001,0.89737,0.4993,4282
39,0,gender,mlp_h16,0.001,0.0,0.69861,0.50327,4282
39,0,gender,mlp_h32,0.001,0.0,0.69984,0.51051,4282
39,0,gender,mlp_h64,0.001,0.0,0.70385,0.5049,4282
39,0,gender,mlp_h128,0.001,0.0,0.70518,0.49743,4282
39,0,gender,attention,0.0001,1e-05,0.69195,0.51562,4282
39,0,gender,shuffled,0.01,0.0001,0.88231,0.49206,4282
39,0,star_sign,ema_lr1e-3,0.001,0.0001,3.17764,0.05068,4282
39,0,star_sign,ema_lr5e-3,0.005,0.0001,2.96979,0.17585,4282
39,0,star_sign,ema_lr1e-2,0.01,0.0001,2.72594,0.22933,4282
39,0,star_sign,ema_lr5e-2,0.05,0.0001,1.41648,0.75666,4282
39,0,star_sign,ema_lr1e-2_wd1e-3,0.01,0.001,2.72134,0.20388,4282
39,0,star_sign,ema_d0.99,0.01,0.0001,2.78719,0.16114,4282
39,0,star_sign,ema_d0.9999,0.01,0.0001,2.72325,0.24615,4282
39,0,star_sign,mlp_h16,0.001,0.0,0.08786,1.0,4282
39,0,star_sign,mlp_h32,0.001,0.0,0.02748,1.0,4282
39,0,star_sign,mlp_h64,0.001,0.0,0.00638,1.0,4282
39,0,star_sign,mlp_h128,0.001,0.0,0.00099,1.0,4282
39,0,star_sign,attention,0.0001,1e-05,2.19001,1.0,4282
39,0,star_sign,shuffled,0.01,0.0001,2.70479,0.2347,4282
39,4,age_bin,ema_lr1e-3,0.001,0.0001,1.39142,0.35264,4282
39,4,age_bin,ema_lr5e-3,0.005,0.0001,1.27858,0.36548,4282
39,4,age_bin,ema_lr1e-2,0.01,0.0001,1.1351,0.45843,4282
39,4,age_bin,ema_lr5e-2,0.05,0.0001,0.54112,0.87926,4282
39,4,age_bin,ema_lr1e-2_wd1e-3,0.01,0.001,1.10007,0.48692,4282
39,4,age_bin,ema_d0.99,0.01,0.0001,1.10917,0.45119,4282
39,4,age_bin,ema_d0.9999,0.01,0.0001,1.12549,0.4631,4282
39,4,age_bin,mlp_h16,0.001,0.0,0.00987,1.0,4282
39,4,age_bin,mlp_h32,0.001,0.0,0.00817,1.0,4282
39,4,age_bin,mlp_h64,0.001,0.0,0.00054,1.0,4282
39,4,age_bin,mlp_h128,0.001,0.0,0.00018,1.0,4282
39,4,age_bin,attention,0.0001,1e-05,0.0,1.0,4282
39,4,age_bin,shuffled,0.01,0.0001,1.11555,0.4561,4282
39,4,gender,ema_lr1e-3,0.001,0.0001,0.94301,0.49159,4282
39,4,gender,ema_lr5e-3,0.005,0.0001,0.91948,0.48926,4282
39,4,gender,ema_lr1e-2,0.01,0.0001,0.90447,0.48832,4282
39,4,gender,ema_lr5e-2,0.05,0.0001,1.12494,0.51611,4282
39,4,gender,ema_lr1e-2_wd1e-3,0.01,0.001,0.88181,0.4951,4282
39,4,gender,ema_d0.99,0.01,0.0001,0.87433,0.50747,4282
39,4,gender,ema_d0.9999,0.01,0.0001,0.87151,0.49837,4282
39,4,gender,mlp_h16,0.001,0.0,0.70275,0.51471,4282
39,4,gender,mlp_h32,0.001,0.0,0.70239,0.5028,4282
39,4,gender,mlp_h64,0.001,0.0,0.708,0.51074,4282
39,4,gender,mlp_h128,0.001,0.0,0.72464,0.51495,4282
39,4,gender,attention,0.0001,1e-05,0.69449,0.46875,4282
39,4,gender,shuffled,0.01,0.0001,0.87116,0.5007,4282
39,4,star_sign,ema_lr1e-3,0.001,0.0001,3.0922,0.08197,4282
39,4,star_sign,ema_lr5e-3,0.005,0.0001,2.81864,0.11677,4282
39,4,star_sign,ema_lr1e-2,0.01,0.0001,2.59621,0.149,4282
39,4,star_sign,ema_lr5e-2,0.05,0.0001,1.42464,0.70458,4282
39,4,star_sign,ema_lr1e-2_wd1e-3,0.01,0.001,2.61503,0.14222,4282
39,4,star_sign,ema_d0.99,0.01,0.0001,2.59412,0.14806,4282
39,4,star_sign,ema_d0.9999,0.01,0.0001,2.6087,0.14316,4282
39,4,star_sign,mlp_h16,0.001,0.0,0.10031,1.0,4282
39,4,star_sign,mlp_h32,0.001,0.0,0.011,1.0,4282
39,4,star_sign,mlp_h64,0.001,0.0,0.00227,1.0,4282
39,4,star_sign,mlp_h128,0.001,0.0,0.00012,1.0,4282
39,4,star_sign,attention,0.0001,1e-05,0.00038,1.0,4282
39,4,star_sign,shuffled,0.01,0.0001,2.62385,0.1581,4282
39,8,age_bin,ema_lr1e-3,0.001,0.0001,1.50382,0.33466,4282
39,8,age_bin,ema_lr5e-3,0.005,0.0001,1.34167,0.37973,4282
39,8,age_bin,ema_lr1e-2,0.01,0.0001,1.1546,0.4589,4282
39,8,age_bin,ema_lr5e-2,0.05,0.0001,0.72551,0.71602,4282
39,8,age_bin,ema_lr1e-2_wd1e-3,0.01,0.001,1.15782,0.44255,4282
39,8,age_bin,ema_d0.99,0.01,0.0001,1.10687,0.47291,4282
39,8,age_bin,ema_d0.9999,0.01,0.0001,1.17583,0.44232,4282
39,8,age_bin,mlp_h16,0.001,0.0,0.04751,1.0,4282
39,8,age_bin,mlp_h32,0.001,0.0,0.00451,1.0,4282
39,8,age_bin,mlp_h64,0.001,0.0,0.00093,1.0,4282
39,8,age_bin,mlp_h128,0.001,0.0,0.00037,1.0,4282
39,8,age_bin,attention,0.0001,1e-05,0.0,1.0,4282
39,8,age_bin,shuffled,0.01,0.0001,1.12084,0.44956,4282
39,8,gender,ema_lr1e-3,0.001,0.0001,0.953,0.49883,4282
39,8,gender,ema_lr5e-3,0.005,0.0001,0.9446,0.49089,4282
39,8,gender,ema_lr1e-2,0.01,0.0001,0.86439,0.51611,4282
39,8,gender,ema_lr5e-2,0.05,0.0001,0.99908,0.50934,4282
39,8,gender,ema_lr1e-2_wd1e-3,0.01,0.001,0.84188,0.52405,4282
39,8,gender,ema_d0.99,0.01,0.0001,0.86865,0.51004,4282
39,8,gender,ema_d0.9999,0.01,0.0001,0.84838,0.52172,4282
39,8,gender,mlp_h16,0.001,0.0,0.70275,0.51238,4282
39,8,gender,mlp_h32,0.001,0.0,0.70461,0.51308,4282
39,8,gender,mlp_h64,0.001,0.0,0.71778,0.52032,4282
39,8,gender,mlp_h128,0.001,0.0,0.70678,0.53013,4282
39,8,gender,attention,0.0001,1e-05,0.71842,0.47656,4282
39,8,gender,shuffled,0.01,0.0001,0.8803,0.50304,4282
39,8,star_sign,ema_lr1e-3,0.001,0.0001,3.0788,0.08384,4282
39,8,star_sign,ema_lr5e-3,0.005,0.0001,2.89809,0.10719,4282
39,8,star_sign,ema_lr1e-2,0.01,0.0001,2.65534,0.149,4282
39,8,star_sign,ema_lr5e-2,0.05,0.0001,1.45827,0.61163,4282
39,8,star_sign,ema_lr1e-2_wd1e-3,0.01,0.001,2.69533,0.14222,4282
39,8,star_sign,ema_d0.99,0.01,0.0001,2.66197,0.13312,4282
39,8,star_sign,ema_d0.9999,0.01,0.0001,2.71155,0.13942,4282
39,8,star_sign,mlp_h16,0.001,0.0,0.12711,0.97011,4282
39,8,star_sign,mlp_h32,0.001,0.0,0.02374,1.0,4282
39,8,star_sign,mlp_h64,0.001,0.0,0.00297,1.0,4282
39,8,star_sign,mlp_h128,0.001,0.0,0.00021,1.0,4282
39,8,star_sign,attention,0.0001,1e-05,0.0,1.0,4282
39,8,star_sign,shuffled,0.01,0.0001,2.68271,0.14129,4282
39,12,age_bin,ema_lr1e-3,0.001,0.0001,1.46551,0.33559,4282
39,12,age_bin,ema_lr5e-3,0.005,0.0001,1.31536,0.38603,4282
39,12,age_bin,ema_lr1e-2,0.01,0.0001,1.15462,0.45656,4282
39,12,age_bin,ema_lr5e-2,0.05,0.0001,0.49734,0.8872,4282
39,12,age_bin,ema_lr1e-2_wd1e-3,0.01,0.001,1.15203,0.46287,4282
39,12,age_bin,ema_d0.99,0.01,0.0001,1.12459,0.4624,4282
39,12,age_bin,ema_d0.9999,0.01,0.0001,1.18958,0.42574,4282
39,12,age_bin,mlp_h16,0.001,0.0,0.009,1.0,4282
39,12,age_bin,mlp_h32,0.001,0.0,0.00602,1.0,4282
39,12,age_bin,mlp_h64,0.001,0.0,0.00367,1.0,4282
39,12,age_bin,mlp_h128,0.001,0.0,0.00044,1.0,4282
39,12,age_bin,attention,0.0001,1e-05,0.00053,1.0,4282
39,12,age_bin,shuffled,0.01,0.0001,1.17086,0.44745,4282
39,12,gender,ema_lr1e-3,0.001,0.0001,0.96782,0.52219,4282
39,12,gender,ema_lr5e-3,0.005,0.0001,0.90476,0.5028,4282
39,12,gender,ema_lr1e-2,0.01,0.0001,0.85017,0.52546,4282
39,12,gender,ema_lr5e-2,0.05,0.0001,0.90148,0.48225,4282
39,12,gender,ema_lr1e-2_wd1e-3,0.01,0.001,0.85142,0.51471,4282
39,12,gender,ema_d0.99,0.01,0.0001,0.87747,0.50397,4282
39,12,gender,ema_d0.9999,0.01,0.0001,0.87426,0.50747,4282
39,12,gender,mlp_h16,0.001,0.0,0.70277,0.51962,4282
39,12,gender,mlp_h32,0.001,0.0,0.70542,0.5049,4282
39,12,gender,mlp_h64,0.001,0.0,0.70512,0.51915,4282
39,12,gender,mlp_h128,0.001,0.0,0.71815,0.51028,4282
39,12,gender,attention,0.0001,1e-05,0.71207,0.50781,4282
39,12,gender,shuffled,0.01,0.0001,0.87896,0.50957,4282
39,12,star_sign,ema_lr1e-3,0.001,0.0001,3.20096,0.08851,4282
39,12,star_sign,ema_lr5e-3,0.005,0.0001,2.96534,0.12214,4282
39,12,star_sign,ema_lr1e-2,0.01,0.0001,2.65752,0.15227,4282
39,12,star_sign,ema_lr5e-2,0.05,0.0001,1.44429,0.60509,4282
39,12,star_sign,ema_lr1e-2_wd1e-3,0.01,0.001,2.71589,0.13008,4282
39,12,star_sign,ema_d0.99,0.01,0.0001,2.76933,0.12891,4282
39,12,star_sign,ema_d0.9999,0.01,0.0001,2.7616,0.14362,4282
39,12,star_sign,mlp_h16,0.001,0.0,0.07392,1.0,4282
39,12,star_sign,mlp_h32,0.001,0.0,0.03123,1.0,4282
39,12,star_sign,mlp_h64,0.001,0.0,0.00222,1.0,4282
39,12,star_sign,mlp_h128,0.001,0.0,0.00057,1.0,4282
39,12,star_sign,attention,0.0001,1e-05,9e-05,1.0,4282
39,12,star_sign,shuffled,0.01,0.0001,2.73991,0.13101,4282
39,16,age_bin,ema_lr1e-3,0.001,0.0001,1.52799,0.3489,4282
39,16,age_bin,ema_lr5e-3,0.005,0.0001,1.37931,0.35965,4282
39,16,age_bin,ema_lr1e-2,0.01,0.0001,1.1619,0.44535,4282
39,16,age_bin,ema_lr5e-2,0.05,0.0001,0.48773,0.89444,4282
39,16,age_bin,ema_lr1e-2_wd1e-3,0.01,0.001,1.17536,0.45072,4282
39,16,age_bin,ema_d0.99,0.01,0.0001,1.14451,0.44699,4282
39,16,age_bin,ema_d0.9999,0.01,0.0001,1.12539,0.4603,4282
39,16,age_bin,mlp_h16,0.001,0.0,0.04585,1.0,4282
39,16,age_bin,mlp_h32,0.001,0.0,0.00647,1.0,4282
39,16,age_bin,mlp_h64,0.001,0.0,0.00088,1.0,4282
39,16,age_bin,mlp_h128,0.001,0.0,0.00041,1.0,4282
39,16,age_bin,attention,0.0001,1e-05,1e-05,1.0,4282
39,16,age_bin,shuffled,0.01,0.0001,1.13762,0.47338,4282
39,16,gender,ema_lr1e-3,0.001,0.0001,1.0129,0.47314,4282
39,16,gender,ema_lr5e-3,0.005,0.0001,0.94406,0.48856,4282
39,16,gender,ema_lr1e-2,0.01,0.0001,0.87233,0.50981,4282
39,16,gender,ema_lr5e-2,0.05,0.0001,0.79573,0.50887,4282
39,16,gender,ema_lr1e-2_wd1e-3,0.01,0.001,0.89075,0.4979,4282
39,16,gender,ema_d0.99,0.01,0.0001,0.8578,0.51448,4282
39,16,gender,ema_d0.9999,0.01,0.0001,0.87471,0.49369,4282
39,16,gender,mlp_h16,0.001,0.0,0.70485,0.51681,4282
39,16,gender,mlp_h32,0.001,0.0,0.70162,0.51938,4282
39,16,gender,mlp_h64,0.001,0.0,0.70745,0.50911,4282
39,16,gender,mlp_h128,0.001,0.0,0.7073,0.51238,4282
39,16,gender,attention,0.0001,1e-05,0.70354,0.55469,4282
39,16,gender,shuffled,0.01,0.0001,0.8577,0.5028,4282
39,16,star_sign,ema_lr1e-3,0.001,0.0001,3.20534,0.0745,4282
39,16,star_sign,ema_lr5e-3,0.005,0.0001,2.87519,0.12121,4282
39,16,star_sign,ema_lr1e-2,0.01,0.0001,2.74285,0.14503,4282
39,16,star_sign,ema_lr5e-2,0.05,0.0001,1.46447,0.62214,4282
39,16,star_sign,ema_lr1e-2_wd1e-3,0.01,0.001,2.71925,0.16348,4282
39,16,star_sign,ema_d0.99,0.01,0.0001,2.71721,0.14409,4282
39,16,star_sign,ema_d0.9999,0.01,0.0001,2.8219,0.13288,4282
39,16,star_sign,mlp_h16,0.001,0.0,0.1102,0.99977,4282
39,16,star_sign,mlp_h32,0.001,0.0,0.04015,1.0,4282
39,16,star_sign,mlp_h64,0.001,0.0,0.00868,1.0,4282
39,16,star_sign,mlp_h128,0.001,0.0,0.00059,1.0,4282
39,16,star_sign,attention,0.0001,1e-05,0.0,1.0,4282
39,16,star_sign,shuffled,0.01,0.0001,2.66968,0.15787,4282
40,0,age_bin,ema_lr1e-3,0.001,0.0001,1.54768,0.31785,4285
40,0,age_bin,ema_lr5e-3,0.005,0.0001,1.32207,0.50268,4285
40,0,age_bin,ema_lr1e-2,0.01,0.0001,1.13888,0.64644,4285
40,0,age_bin,ema_lr5e-2,0.05,0.0001,0.47326,0.92462,4285
40,0,age_bin,ema_lr1e-2_wd1e-3,0.01,0.001,1.16236,0.61657,4285
40,0,age_bin,ema_d0.99,0.01,0.0001,1.10544,0.60723,4285
40,0,age_bin,ema_d0.9999,0.01,0.0001,1.15487,0.60047,4285
40,0,age_bin,mlp_h16,0.001,0.0,0.01568,1.0,4285
40,0,age_bin,mlp_h32,0.001,0.0,0.00905,1.0,4285
40,0,age_bin,mlp_h64,0.001,0.0,0.00281,1.0,4285
40,0,age_bin,mlp_h128,0.001,0.0,0.00056,1.0,4285
40,0,age_bin,attention,0.0001,1e-05,0.8984,1.0,4285
40,0,age_bin,shuffled,0.01,0.0001,1.13901,0.6028,4285
40,0,gender,ema_lr1e-3,0.001,0.0001,0.95415,0.50338,4285
40,0,gender,ema_lr5e-3,0.005,0.0001,0.93602,0.51435,4285
40,0,gender,ema_lr1e-2,0.01,0.0001,0.88422,0.48868,4285
40,0,gender,ema_lr5e-2,0.05,0.0001,0.80567,0.48308,4285
40,0,gender,ema_lr1e-2_wd1e-3,0.01,0.001,0.87081,0.51015,4285
40,0,gender,ema_d0.99,0.01,0.0001,0.87969,0.49778,4285
40,0,gender,ema_d0.9999,0.01,0.0001,0.86032,0.50082,4285
40,0,gender,mlp_h16,0.001,0.0,0.69935,0.49452,4285
40,0,gender,mlp_h32,0.001,0.0,0.70175,0.48845,4285
40,0,gender,mlp_h64,0.001,0.0,0.70928,0.48331,4285
40,0,gender,mlp_h128,0.001,0.0,0.70996,0.47865,4285
40,0,gender,attention,0.0001,1e-05,0.6922,0.50781,4285
40,0,gender,shuffled,0.01,0.0001,0.88209,0.49965,4285
40,0,star_sign,ema_lr1e-3,0.001,0.0001,3.19746,0.05554,4285
40,0,star_sign,ema_lr5e-3,0.005,0.0001,2.94879,0.18273,4285
40,0,star_sign,ema_lr1e-2,0.01,0.0001,2.67924,0.24177,4285
40,0,star_sign,ema_lr5e-2,0.05,0.0001,1.38314,0.75263,4285
40,0,star_sign,ema_lr1e-2_wd1e-3,0.01,0.001,2.71594,0.21167,4285
40,0,star_sign,ema_d0.99,0.01,0.0001,2.70328,0.2273,4285
40,0,star_sign,ema_d0.9999,0.01,0.0001,2.7146,0.31155,4285
40,0,star_sign,mlp_h16,0.001,0.0,0.07772,1.0,4285
40,0,star_sign,mlp_h32,0.001,0.0,0.02563,1.0,4285
40,0,star_sign,mlp_h64,0.001,0.0,0.0056,1.0,4285
40,0,star_sign,mlp_h128,0.001,0.0,0.00084,1.0,4285
40,0,star_sign,attention,0.0001,1e-05,2.18122,1.0,4285
40,0,star_sign,shuffled,0.01,0.0001,2.66785,0.24527,4285
40,4,age_bin,ema_lr1e-3,0.001,0.0001,1.43144,0.33746,4285
40,4,age_bin,ema_lr5e-3,0.005,0.0001,1.27195,0.36663,4285
40,4,age_bin,ema_lr1e-2,0.01,0.0001,1.09131,0.47655,4285
40,4,age_bin,ema_lr5e-2,0.05,0.0001,0.74731,0.72299,4285
40,4,age_bin,ema_lr1e-2_wd1e-3,0.01,0.001,1.12312,0.47281,4285
40,4,age_bin,ema_d0.99,0.01,0.0001,1.09043,0.48145,4285
40,4,age_bin,ema_d0.9999,0.01,0.0001,1.09023,0.48145,4285
40,4,age_bin,mlp_h16,0.001,0.0,0.00922,1.0,4285
40,4,age_bin,mlp_h32,0.001,0.0,0.00755,1.0,4285
40,4,age_bin,mlp_h64,0.001,0.0,0.00052,1.0,4285
40,4,age_bin,mlp_h128,0.001,0.0,0.00017,1.0,4285
40,4,age_bin,attention,0.0001,1e-05,0.0,1.0,4285
40,4,age_bin,shuffled,0.01,0.0001,1.10666,0.46581,4285
40,4,gender,ema_lr1e-3,0.001,0.0001,0.94488,0.50758,4285
40,4,gender,ema_lr5e-3,0.005,0.0001,0.87298,0.51225,4285
40,4,gender,ema_lr1e-2,0.01,0.0001,0.86091,0.52252,4285
40,4,gender,ema_lr5e-2,0.05,0.0001,1.01968,0.51809,4285
40,4,gender,ema_lr1e-2_wd1e-3,0.01,0.001,0.87326,0.49965,4285
40,4,gender,ema_d0.99,0.01,0.0001,0.8573,0.50875,4285
40,4,gender,ema_d0.9999,0.01,0.0001,0.89237,0.50082,4285
40,4,gender,mlp_h16,0.001,0.0,0.7091,0.48635,4285
40,4,gender,mlp_h32,0.001,0.0,0.70147,0.50618,4285
40,4,gender,mlp_h64,0.001,0.0,0.71814,0.47491,4285
40,4,gender,mlp_h128,0.001,0.0,0.72785,0.47748,4285
40,4,gender,attention,0.0001,1e-05,0.70513,0.49219,4285
40,4,gender,shuffled,0.01,0.0001,0.88687,0.47865,4285
40,4,star_sign,ema_lr1e-3,0.001,0.0001,3.07312,0.07795,4285
40,4,star_sign,ema_lr5e-3,0.005,0.0001,2.89223,0.09615,4285
40,4,star_sign,ema_lr1e-2,0.01,0.0001,2.6222,0.14912,4285
40,4,star_sign,ema_lr5e-2,0.05,0.0001,1.46023,0.64551,4285
40,4,star_sign,ema_lr1e-2_wd1e-3,0.01,0.001,2.65004,0.13069,4285
40,4,star_sign,ema_d0.99,0.01,0.0001,2.57174,0.15823,4285
40,4,star_sign,ema_d0.9999,0.01,0.0001,2.65906,0.13816,4285
40,4,star_sign,mlp_h16,0.001,0.0,0.0897,1.0,4285
40,4,star_sign,mlp_h32,0.001,0.0,0.01012,1.0,4285
40,4,star_sign,mlp_h64,0.001,0.0,0.00211,1.0,4285
40,4,star_sign,mlp_h128,0.001,0.0,0.00012,1.0,4285
40,4,star_sign,attention,0.0001,1e-05,0.00037,1.0,4285
40,4,star_sign,shuffled,0.01,0.0001,2.60409,0.15449,4285
40,8,age_bin,ema_lr1e-3,0.001,0.0001,1.50841,0.33559,4285
40,8,age_bin,ema_lr5e-3,0.005,0.0001,1.35549,0.36756,4285
40,8,age_bin,ema_lr1e-2,0.01,0.0001,1.11371,0.47188,4285
40,8,age_bin,ema_lr5e-2,0.05,0.0001,0.51009,0.86744,4285
40,8,age_bin,ema_lr1e-2_wd1e-3,0.01,0.001,1.16177,0.44154,4285
40,8,age_bin,ema_d0.99,0.01,0.0001,1.1237,0.47258,4285
40,8,age_bin,ema_d0.9999,0.01,0.0001,1.15152,0.45648,4285
40,8,age_bin,mlp_h16,0.001,0.0,0.04403,1.0,4285
40,8,age_bin,mlp_h32,0.001,0.0,0.0045,1.0,4285
40,8,age_bin,mlp_h64,0.001,0.0,0.00091,1.0,4285
40,8,age_bin,mlp_h128,0.001,0.0,0.00037,1.0,4285
40,8,age_bin,attention,0.0001,1e-05,0.0,1.0,4285
40,8,age_bin,shuffled,0.01,0.0001,1.06945,0.48961,4285
40,8,gender,ema_lr1e-3,0.001,0.0001,0.92255,0.51995,4285
40,8,gender,ema_lr5e-3,0.005,0.0001,0.89492,0.51809,4285
40,8,gender,ema_lr1e-2,0.01,0.0001,0.84216,0.51785,4285
40,8,gender,ema_lr5e-2,0.05,0.0001,0.993,0.48565,4285
40,8,gender,ema_lr1e-2_wd1e-3,0.01,0.001,0.89941,0.48751,4285
40,8,gender,ema_d0.99,0.01,0.0001,0.88379,0.49942,4285
40,8,gender,ema_d0.9999,0.01,0.0001,0.83576,0.51972,4285
40,8,gender,mlp_h16,0.001,0.0,0.6963,0.52882,4285
40,8,gender,mlp_h32,0.001,0.0,0.70916,0.49778,4285
40,8,gender,mlp_h64,0.001,0.0,0.72782,0.48518,4285
40,8,gender,mlp_h128,0.001,0.0,0.72463,0.48681,4285
40,8,gender,attention,0.0001,1e-05,0.67479,0.55469,4285
40,8,gender,shuffled,0.01,0.0001,0.87551,0.50455,4285
40,8,star_sign,ema_lr1e-3,0.001,0.0001,3.0485,0.09008,4285
40,8,star_sign,ema_lr5e-3,0.005,0.0001,2.87475,0.11575,4285
40,8,star_sign,ema_lr1e-2,0.01,0.0001,2.6781,0.13512,4285
40,8,star_sign,ema_lr5e-2,0.05,0.0001,1.53306,0.76383,4285
40,8,star_sign,ema_lr1e-2_wd1e-3,0.01,0.001,2.66476,0.14166,4285
40,8,star_sign,ema_d0.99,0.01,0.0001,2.69748,0.12299,4285
40,8,star_sign,ema_d0.9999,0.01,0.0001,2.65876,0.15286,4285
40,8,star_sign,mlp_h16,0.001,0.0,0.12153,0.97013,4285
40,8,star_sign,mlp_h32,0.001,0.0,0.02229,1.0,4285
40,8,star_sign,mlp_h64,0.001,0.0,0.00283,1.0,4285
40,8,star_sign,mlp_h128,0.001,0.0,0.00021,1.0,4285
40,8,star_sign,attention,0.0001,1e-05,0.0,1.0,4285
40,8,star_sign,shuffled,0.01,0.0001,2.70871,0.13022,4285
40,12,age_bin,ema_lr1e-3,0.001,0.0001,1.45626,0.34096,4285
40,12,age_bin,ema_lr5e-3,0.005,0.0001,1.32858,0.3755,4285
40,12,age_bin,ema_lr1e-2,0.01,0.0001,1.1633,0.45368,4285
40,12,age_bin,ema_lr5e-2,0.05,0.0001,0.49387,0.91109,4285
40,12,age_bin,ema_lr1e-2_wd1e-3,0.01,0.001,1.1545,0.44644,4285
40,12,age_bin,ema_d0.99,0.01,0.0001,1.18683,0.43337,4285
40,12,age_bin,ema_d0.9999,0.01,0.0001,1.17237,0.43664,4285
40,12,age_bin,mlp_h16,0.001,0.0,0.0085,1.0,4285
40,12,age_bin,mlp_h32,0.001,0.0,0.00548,1.0,4285
40,12,age_bin,mlp_h64,0.001,0.0,0.00349,1.0,4285
40,12,age_bin,mlp_h128,0.001,0.0,0.00039,1.0,4285
40,12,age_bin,attention,0.0001,1e-05,0.00045,1.0,4285
40,12,age_bin,shuffled,0.01,0.0001,1.17971,0.44597,4285
40,12,gender,ema_lr1e-3,0.001,0.0001,0.99275,0.49382,4285
40,12,gender,ema_lr5e-3,0.005,0.0001,0.90214,0.50128,4285
40,12,gender,ema_lr1e-2,0.01,0.0001,0.86015,0.51342,4285
40,12,gender,ema_lr5e-2,0.05,0.0001,0.87223,0.49475,4285
40,12,gender,ema_lr1e-2_wd1e-3,0.01,0.001,0.86625,0.50898,4285
40,12,gender,ema_d0.99,0.01,0.0001,0.8392,0.51902,4285
40,12,gender,ema_d0.9999,0.01,0.0001,0.83089,0.53186,4285
40,12,gender,mlp_h16,0.001,0.0,0.68851,0.53279,4285
40,12,gender,mlp_h32,0.001,0.0,0.68584,0.56219,4285
40,12,gender,mlp_h64,0.001,0.0,0.69154,0.53979,4285
40,12,gender,mlp_h128,0.001,0.0,0.70027,0.54259,4285
40,12,gender,attention,0.0001,1e-05,0.70252,0.52344,4285
40,12,gender,shuffled,0.01,0.0001,0.8618,0.50292,4285
40,12,star_sign,ema_lr1e-3,0.001,0.0001,3.17351,0.08915,4285
40,12,star_sign,ema_lr5e-3,0.005,0.0001,3.00829,0.10922,4285
40,12,star_sign,ema_lr1e-2,0.01,0.0001,2.63972,0.14726,4285
40,12,star_sign,ema_lr5e-2,0.05,0.0001,1.42084,0.66511,4285
40,12,star_sign,ema_lr1e-2_wd1e-3,0.01,0.001,2.70559,0.13839,4285
40,12,star_sign,ema_d0.99,0.01,0.0001,2.70564,0.13652,4285
40,12,star_sign,ema_d0.9999,0.01,0.0001,2.73268,0.14096,4285
40,12,star_sign,mlp_h16,0.001,0.0,0.06705,1.0,4285
40,12,star_sign,mlp_h32,0.001,0.0,0.02624,1.0,4285
40,12,star_sign,mlp_h64,0.001,0.0,0.00203,1.0,4285
40,12,star_sign,mlp_h128,0.001,0.0,0.0005,1.0,4285
40,12,star_sign,attention,0.0001,1e-05,4e-05,1.0,4285
40,12,star_sign,shuffled,0.01,0.0001,2.72401,0.12882,4285
40,16,age_bin,ema_lr1e-3,0.001,0.0001,1.49994,0.35076,4285
40,16,age_bin,ema_lr5e-3,0.005,0.0001,1.36073,0.3797,4285
40,16,age_bin,ema_lr1e-2,0.01,0.0001,1.10882,0.46908,4285
40,16,age_bin,ema_lr5e-2,0.05,0.0001,0.48695,0.88658,4285
40,16,age_bin,ema_lr1e-2_wd1e-3,0.01,0.001,1.13722,0.46441,4285
40,16,age_bin,ema_d0.99,0.01,0.0001,1.15109,0.45671,4285
40,16,age_bin,ema_d0.9999,0.01,0.0001,1.14258,0.45694,4285
40,16,age_bin,mlp_h16,0.001,0.0,0.04186,0.99977,4285
40,16,age_bin,mlp_h32,0.001,0.0,0.00616,1.0,4285
40,16,age_bin,mlp_h64,0.001,0.0,0.00083,1.0,4285
40,16,age_bin,mlp_h128,0.001,0.0,0.00039,1.0,4285
40,16,age_bin,attention,0.0001,1e-05,0.00011,1.0,4285
40,16,age_bin,shuffled,0.01,0.0001,1.20296,0.42917,4285
40,16,gender,ema_lr1e-3,0.001,0.0001,0.99384,0.49568,4285
40,16,gender,ema_lr5e-3,0.005,0.0001,0.92048,0.50922,4285
40,16,gender,ema_lr1e-2,0.01,0.0001,0.85966,0.52112,4285
40,16,gender,ema_lr5e-2,0.05,0.0001,0.81776,0.50058,4285
40,16,gender,ema_lr1e-2_wd1e-3,0.01,0.001,0.8762,0.50852,4285
40,16,gender,ema_d0.99,0.01,0.0001,0.80594,0.55169,4285
40,16,gender,ema_d0.9999,0.01,0.0001,0.88699,0.50945,4285
40,16,gender,mlp_h16,0.001,0.0,0.69208,0.55333,4285
40,16,gender,mlp_h32,0.001,0.0,0.69509,0.54492,4285
40,16,gender,mlp_h64,0.001,0.0,0.69247,0.54726,4285
40,16,gender,mlp_h128,0.001,0.0,0.69252,0.54796,4285
40,16,gender,attention,0.0001,1e-05,0.75265,0.50781,4285
40,16,gender,shuffled,0.01,0.0001,0.87893,0.50268,4285
40,16,star_sign,ema_lr1e-3,0.001,0.0001,3.20389,0.07281,4285
40,16,star_sign,ema_lr5e-3,0.005,0.0001,3.00497,0.10782,4285
40,16,star_sign,ema_lr1e-2,0.01,0.0001,2.76163,0.13442,4285
40,16,star_sign,ema_lr5e-2,0.05,0.0001,1.47096,0.63057,4285
40,16,star_sign,ema_lr1e-2_wd1e-3,0.01,0.001,2.79075,0.14236,4285
40,16,star_sign,ema_d0.99,0.01,0.0001,2.73944,0.14212,4285
40,16,star_sign,ema_d0.9999,0.01,0.0001,2.70228,0.14259,4285
40,16,star_sign,mlp_h16,0.001,0.0,0.10629,1.0,4285
40,16,star_sign,mlp_h32,0.001,0.0,0.03744,0.99977,4285
40,16,star_sign,mlp_h64,0.001,0.0,0.00875,1.0,4285
40,16,star_sign,mlp_h128,0.001,0.0,0.00053,1.0,4285
40,16,star_sign,attention,0.0001,1e-05,1e-05,1.0,4285
40,16,star_sign,shuffled,0.01,0.0001,2.71904,0.13162,4285
41,0,age_bin,ema_lr1e-3,0.001,0.0001,1.48949,0.3274,3934
41,0,age_bin,ema_lr5e-3,0.005,0.0001,1.28644,0.49746,3934
41,0,age_bin,ema_lr1e-2,0.01,0.0001,1.13774,0.64489,3934
41,0,age_bin,ema_lr5e-2,0.05,0.0001,0.47437,0.91993,3934
41,0,age_bin,ema_lr1e-2_wd1e-3,0.01,0.001,1.12571,0.61464,3934
41,0,age_bin,ema_d0.99,0.01,0.0001,1.13049,0.59049,3934
41,0,age_bin,ema_d0.9999,0.01,0.0001,1.15381,0.59049,3934
41,0,age_bin,mlp_h16,0.001,0.0,0.0148,1.0,3934
41,0,age_bin,mlp_h32,0.001,0.0,0.00819,1.0,3934
41,0,age_bin,mlp_h64,0.001,0.0,0.00247,1.0,3934
41,0,age_bin,mlp_h128,0.001,0.0,0.00052,1.0,3934
41,0,age_bin,attention,0.0001,1e-05,0.89438,1.0,3934
41,0,age_bin,shuffled,0.01,0.0001,1.12674,0.60066,3934
41,0,gender,ema_lr1e-3,0.001,0.0001,0.95659,0.50102,3934
41,0,gender,ema_lr5e-3,0.005,0.0001,0.90135,0.51703,3934
41,0,gender,ema_lr1e-2,0.01,0.0001,0.86883,0.50381,3934
41,0,gender,ema_lr5e-2,0.05,0.0001,0.80468,0.49339,3934
41,0,gender,ema_lr1e-2_wd1e-3,0.01,0.001,0.8558,0.49644,3934
41,0,gender,ema_d0.99,0.01,0.0001,0.8693,0.48856,3934
41,0,gender,ema_d0.9999,0.01,0.0001,0.8877,0.50458,3934
41,0,gender,mlp_h16,0.001,0.0,0.69698,0.51195,3934
41,0,gender,mlp_h32,0.001,0.0,0.69471,0.51754,3934
41,0,gender,mlp_h64,0.001,0.0,0.69692,0.51932,3934
41,0,gender,mlp_h128,0.001,0.0,0.69989,0.49873,3934
41,0,gender,attention,0.0001,1e-05,0.69258,0.51562,3934
41,0,gender,shuffled,0.01,0.0001,0.8668,0.49517,3934
41,0,star_sign,ema_lr1e-3,0.001,0.0001,3.19791,0.05084,3934
41,0,star_sign,ema_lr5e-3,0.005,0.0001,2.9288,0.15506,3934
41,0,star_sign,ema_lr1e-2,0.01,0.0001,2.69289,0.27758,3934
41,0,star_sign,ema_lr5e-2,0.05,0.0001,1.32078,0.7847,3934
41,0,star_sign,ema_lr1e-2_wd1e-3,0.01,0.001,2.68786,0.2486,3934
41,0,star_sign,ema_d0.99,0.01,0.0001,2.70825,0.22267,3934
41,0,star_sign,ema_d0.9999,0.01,0.0001,2.70765,0.29715,3934
41,0,star_sign,mlp_h16,0.001,0.0,0.07153,1.0,3934
41,0,star_sign,mlp_h32,0.001,0.0,0.02124,1.0,3934
41,0,star_sign,mlp_h64,0.001,0.0,0.00512,1.0,3934
41,0,star_sign,mlp_h128,0.001,0.0,0.00077,1.0,3934
41,0,star_sign,attention,0.0001,1e-05,2.1719,1.0,3934
41,0,star_sign,shuffled,0.01,0.0001,2.69091,0.28546,3934
41,4,age_bin,ema_lr1e-3,0.001,0.0001,1.43162,0.35079,3934
41,4,age_bin,ema_lr5e-3,0.005,0.0001,1.28493,0.36553,3934
41,4,age_bin,ema_lr1e-2,0.01,0.0001,1.10413,0.47306,3934
41,4,age_bin,ema_lr5e-2,0.05,0.0001,0.53086,0.89451,3934
41,4,age_bin,ema_lr1e-2_wd1e-3,0.01,0.001,1.08618,0.49415,3934
41,4,age_bin,ema_d0.99,0.01,0.0001,1.1004,0.46467,3934
41,4,age_bin,ema_d0.9999,0.01,0.0001,1.08259,0.48475,3934
41,4,age_bin,mlp_h16,0.001,0.0,0.00861,1.0,3934
41,4,age_bin,mlp_h32,0.001,0.0,0.00665,1.0,3934
41,4,age_bin,mlp_h64,0.001,0.0,0.00048,1.0,3934
41,4,age_bin,mlp_h128,0.001,0.0,0.00015,1.0,3934
41,4,age_bin,attention,0.0001,1e-05,0.0,1.0,3934
41,4,age_bin,shuffled,0.01,0.0001,1.08817,0.46365,3934
41,4,gender,ema_lr1e-3,0.001,0.0001,0.92965,0.50839,3934
41,4,gender,ema_lr5e-3,0.005,0.0001,0.86059,0.52161,3934
41,4,gender,ema_lr1e-2,0.01,0.0001,0.86772,0.50483,3934
41,4,gender,ema_lr5e-2,0.05,0.0001,1.00922,0.52262,3934
41,4,gender,ema_lr1e-2_wd1e-3,0.01,0.001,0.81354,0.53025,3934
41,4,gender,ema_d0.99,0.01,0.0001,0.86291,0.49568,3934
41,4,gender,ema_d0.9999,0.01,0.0001,0.87258,0.51195,3934
41,4,gender,mlp_h16,0.001,0.0,0.68054,0.55897,3934
41,4,gender,mlp_h32,0.001,0.0,0.68442,0.5577,3934
41,4,gender,mlp_h64,0.001,0.0,0.68296,0.55084,3934
41,4,gender,mlp_h128,0.001,0.0,0.68321,0.56279,3934
41,4,gender,attention,0.0001,1e-05,0.69318,0.51562,3934
41,4,gender,shuffled,0.01,0.0001,0.87962,0.49924,3934
41,4,star_sign,ema_lr1e-3,0.001,0.0001,3.11716,0.0821,3934
41,4,star_sign,ema_lr5e-3,0.005,0.0001,2.78022,0.1271,3934
41,4,star_sign,ema_lr1e-2,0.01,0.0001,2.60997,0.1487,3934
41,4,star_sign,ema_lr5e-2,0.05,0.0001,1.55807,0.8457,3934
41,4,star_sign,ema_lr1e-2_wd1e-3,0.01,0.001,2.59353,0.14057,3934
41,4,star_sign,ema_d0.99,0.01,0.0001,2.57267,0.14286,3934
41,4,star_sign,ema_d0.9999,0.01,0.0001,2.59263,0.15277,3934
41,4,star_sign,mlp_h16,0.001,0.0,0.07578,1.0,3934
41,4,star_sign,mlp_h32,0.001,0.0,0.0094,1.0,3934
41,4,star_sign,mlp_h64,0.001,0.0,0.00195,1.0,3934
41,4,star_sign,mlp_h128,0.001,0.0,9e-05,1.0,3934
41,4,star_sign,attention,0.0001,1e-05,0.00025,1.0,3934
41,4,star_sign,shuffled,0.01,0.0001,2.61536,0.1576,3934
41,8,age_bin,ema_lr1e-3,0.001,0.0001,1.48506,0.34901,3934
41,8,age_bin,ema_lr5e-3,0.005,0.0001,1.31678,0.3907,3934
41,8,age_bin,ema_lr1e-2,0.01,0.0001,1.07637,0.50178,3934
41,8,age_bin,ema_lr5e-2,0.05,0.0001,0.60928,0.81368,3934
41,8,age_bin,ema_lr1e-2_wd1e-3,0.01,0.001,1.16297,0.44204,3934
41,8,age_bin,ema_d0.99,0.01,0.0001,1.11167,0.4789,3934
41,8,age_bin,ema_d0.9999,0.01,0.0001,1.13437,0.45577,3934
41,8,age_bin,mlp_h16,0.001,0.0,0.03567,1.0,3934
41,8,age_bin,mlp_h32,0.001,0.0,0.00387,1.0,3934
41,8,age_bin,mlp_h64,0.001,0.0,0.00079,1.0,3934
41,8,age_bin,mlp_h128,0.001,0.0,0.00032,1.0,3934
41,8,age_bin,attention,0.0001,1e-05,0.0,1.0,3934
41,8,age_bin,shuffled,0.01,0.0001,1.16042,0.43493,3934
41,8,gender,ema_lr1e-3,0.001,0.0001,0.94668,0.51373,3934
41,8,gender,ema_lr5e-3,0.005,0.0001,0.90258,0.51551,3934
41,8,gender,ema_lr1e-2,0.01,0.0001,0.80989,0.53305,3934
41,8,gender,ema_lr5e-2,0.05,0.0001,1.06339,0.51729,3934
41,8,gender,ema_lr1e-2_wd1e-3,0.01,0.001,0.87202,0.49644,3934
41,8,gender,ema_d0.99,0.01,0.0001,0.85108,0.50737,3934
41,8,gender,ema_d0.9999,0.01,0.0001,0.82323,0.52084,3934
41,8,gender,mlp_h16,0.001,0.0,0.67964,0.56329,3934
41,8,gender,mlp_h32,0.001,0.0,0.67974,0.56507,3934
41,8,gender,mlp_h64,0.001,0.0,0.67048,0.58617,3934
41,8,gender,mlp_h128,0.001,0.0,0.6778,0.56609,3934
41,8,gender,attention,0.0001,1e-05,0.69692,0.52344,3934
41,8,gender,shuffled,0.01,0.0001,0.88632,0.49187,3934
41,8,star_sign,ema_lr1e-3,0.001,0.0001,3.0686,0.08821,3934
41,8,star_sign,ema_lr5e-3,0.005,0.0001,2.86121,0.10625,3934
41,8,star_sign,ema_lr1e-2,0.01,0.0001,2.65948,0.14362,3934
41,8,star_sign,ema_lr5e-2,0.05,0.0001,1.40833,0.69065,3934
41,8,star_sign,ema_lr1e-2_wd1e-3,0.01,0.001,2.66663,0.15125,3934
41,8,star_sign,ema_d0.99,0.01,0.0001,2.68404,0.12735,3934
41,8,star_sign,ema_d0.9999,0.01,0.0001,2.65939,0.15175,3934
41,8,star_sign,mlp_h16,0.001,0.0,0.1145,0.96746,3934
41,8,star_sign,mlp_h32,0.001,0.0,0.01836,1.0,3934
41,8,star_sign,mlp_h64,0.001,0.0,0.0023,1.0,3934
41,8,star_sign,mlp_h128,0.001,0.0,0.00016,1.0,3934
41,8,star_sign,attention,0.0001,1e-05,0.0,1.0,3934
41,8,star_sign,shuffled,0.01,0.0001,2.68991,0.13955,3934
41,12,age_bin,ema_lr1e-3,0.001,0.0001,1.43345,0.33299,3934
41,12,age_bin,ema_lr5e-3,0.005,0.0001,1.26502,0.41307,3934
41,12,age_bin,ema_lr1e-2,0.01,0.0001,1.1294,0.46594,3934
41,12,age_bin,ema_lr5e-2,0.05,0.0001,0.54019,0.8635,3934
41,12,age_bin,ema_lr1e-2_wd1e-3,0.01,0.001,1.15523,0.45704,3934
41,12,age_bin,ema_d0.99,0.01,0.0001,1.12201,0.44713,3934
41,12,age_bin,ema_d0.9999,0.01,0.0001,1.12711,0.46772,3934
41,12,age_bin,mlp_h16,0.001,0.0,0.00744,1.0,3934
41,12,age_bin,mlp_h32,0.001,0.0,0.00499,1.0,3934
41,12,age_bin,mlp_h64,0.001,0.0,0.00308,1.0,3934
41,12,age_bin,mlp_h128,0.001,0.0,0.00036,1.0,3934
41,12,age_bin,attention,0.0001,1e-05,0.00043,1.0,3934
41,12,age_bin,shuffled,0.01,0.0001,1.12246,0.46263,3934
41,12,gender,ema_lr1e-3,0.001,0.0001,0.99508,0.4967,3934
41,12,gender,ema_lr5e-3,0.005,0.0001,0.89226,0.50966,3934
41,12,gender,ema_lr1e-2,0.01,0.0001,0.83162,0.53838,3934
41,12,gender,ema_lr5e-2,0.05,0.0001,0.91414,0.56202,3934
41,12,gender,ema_lr1e-2_wd1e-3,0.01,0.001,0.83327,0.52211,3934
41,12,gender,ema_d0.99,0.01,0.0001,0.83467,0.52389,3934
41,12,gender,ema_d0.9999,0.01,0.0001,0.84816,0.51652,3934
41,12,gender,mlp_h16,0.001,0.0,0.6715,0.58617,3934
41,12,gender,mlp_h32,0.001,0.0,0.67714,0.5816,3934
41,12,gender,mlp_h64,0.001,0.0,0.66899,0.59583,3934
41,12,gender,mlp_h128,0.001,0.0,0.66545,0.58922,3934
41,12,gender,attention,0.0001,1e-05,0.70879,0.51562,3934
41,12,gender,shuffled,0.01,0.0001,0.87587,0.50102,3934
41,12,star_sign,ema_lr1e-3,0.001,0.0001,3.13438,0.10346,3934
41,12,star_sign,ema_lr5e-3,0.005,0.0001,2.92799,0.11261,3934
41,12,star_sign,ema_lr1e-2,0.01,0.0001,2.68704,0.12786,3934
41,12,star_sign,ema_lr5e-2,0.05,0.0001,1.35098,0.68683,3934
41,12,star_sign,ema_lr1e-2_wd1e-3,0.01,0.001,2.70598,0.1304,3934
41,12,star_sign,ema_d0.99,0.01,0.0001,2.64434,0.14311,3934
41,12,star_sign,ema_d0.9999,0.01,0.0001,2.65706,0.15608,3934
41,12,star_sign,mlp_h16,0.001,0.0,0.06271,1.0,3934
41,12,star_sign,mlp_h32,0.001,0.0,0.02272,1.0,3934
41,12,star_sign,mlp_h64,0.001,0.0,0.00176,1.0,3934
41,12,star_sign,mlp_h128,0.001,0.0,0.00043,1.0,3934
41,12,star_sign,attention,0.0001,1e-05,4e-05,1.0,3934
41,12,star_sign,shuffled,0.01,0.0001,2.72393,0.12989,3934
41,16,age_bin,ema_lr1e-3,0.001,0.0001,1.56445,0.32384,3934
41,16,age_bin,ema_lr5e-3,0.005,0.0001,1.3442,0.37112,3934
41,16,age_bin,ema_lr1e-2,0.01,0.0001,1.10202,0.47483,3934
41,16,age_bin,ema_lr5e-2,0.05,0.0001,0.47445,0.90417,3934
41,16,age_bin,ema_lr1e-2_wd1e-3,0.01,0.001,1.13626,0.46187,3934
41,16,age_bin,ema_d0.99,0.01,0.0001,1.104,0.46848,3934
41,16,age_bin,ema_d0.9999,0.01,0.0001,1.10943,0.46772,3934
41,16,age_bin,mlp_h16,0.001,0.0,0.03892,1.0,3934
41,16,age_bin,mlp_h32,0.001,0.0,0.00612,1.0,3934
41,16,age_bin,mlp_h64,0.001,0.0,0.00091,1.0,3934
41,16,age_bin,mlp_h128,0.001,0.0,0.00044,1.0,3934
41,16,age_bin,attention,0.0001,1e-05,0.0,1.0,3934
41,16,age_bin,shuffled,0.01,0.0001,1.12486,0.46162,3934
41,16,gender,ema_lr1e-3,0.001,0.0001,0.98062,0.50585,3934
41,16,gender,ema_lr5e-3,0.005,0.0001,0.89675,0.5211,3934
41,16,gender,ema_lr1e-2,0.01,0.0001,0.85658,0.52288,3934
41,16,gender,ema_lr5e-2,0.05,0.0001,0.76827,0.57067,3934
41,16,gender,ema_lr1e-2_wd1e-3,0.01,0.001,0.86299,0.52008,3934
41,16,gender,ema_d0.99,0.01,0.0001,0.86309,0.51754,3934
41,16,gender,ema_d0.9999,0.01,0.0001,0.84982,0.51856,3934
41,16,gender,mlp_h16,0.001,0.0,0.66942,0.5788,3934
41,16,gender,mlp_h32,0.001,0.0,0.67086,0.56863,3934
41,16,gender,mlp_h64,0.001,0.0,0.66731,0.58693,3934
41,16,gender,mlp_h128,0.001,0.0,0.6667,0.58617,3934
41,16,gender,attention,0.0001,1e-05,0.76875,0.54688,3934
41,16,gender,shuffled,0.01,0.0001,0.8767,0.49873,3934
41,16,star_sign,ema_lr1e-3,0.001,0.0001,3.24044,0.06584,3934
41,16,star_sign,ema_lr5e-3,0.005,0.0001,2.94919,0.106,3934
41,16,star_sign,ema_lr1e-2,0.01,0.0001,2.69282,0.15048,3934
41,16,star_sign,ema_lr5e-2,0.05,0.0001,1.35667,0.67616,3934
41,16,star_sign,ema_lr1e-2_wd1e-3,0.01,0.001,2.66465,0.16218,3934
41,16,star_sign,ema_d0.99,0.01,0.0001,2.67138,0.14591,3934
41,16,star_sign,ema_d0.9999,0.01,0.0001,2.65855,0.1604,3934
41,16,star_sign,mlp_h16,0.001,0.0,0.0964,0.99975,3934
41,16,star_sign,mlp_h32,0.001,0.0,0.03615,1.0,3934
41,16,star_sign,mlp_h64,0.001,0.0,0.0081,1.0,3934
41,16,star_sign,mlp_h128,0.001,0.0,0.00067,1.0,3934
41,16,star_sign,attention,0.0001,1e-05,0.0,1.0,3934
41,16,star_sign,shuffled,0.01,0.0001,2.71042,0.14692,3934
42,0,age_bin,ema_lr1e-3,0.001,0.0001,1.50515,0.32861,4090
42,0,age_bin,ema_lr5e-3,0.005,0.0001,1.30598,0.4846,4090
42,0,age_bin,ema_lr1e-2,0.01,0.0001,1.17104,0.63032,4090
42,0,age_bin,ema_lr5e-2,0.05,0.0001,0.452,0.92934,4090
42,0,age_bin,ema_lr1e-2_wd1e-3,0.01,0.001,1.13826,0.61638,4090
42,0,age_bin,ema_d0.99,0.01,0.0001,1.15492,0.57066,4090
42,0,age_bin,ema_d0.9999,0.01,0.0001,1.12728,0.59755,4090
42,0,age_bin,mlp_h16,0.001,0.0,0.01416,1.0,4090
42,0,age_bin,mlp_h32,0.001,0.0,0.00768,1.0,4090
42,0,age_bin,mlp_h64,0.001,0.0,0.00239,1.0,4090
42,0,age_bin,mlp_h128,0.001,0.0,0.0005,1.0,4090
42,0,age_bin,attention,0.0001,1e-05,0.89125,1.0,4090
42,0,age_bin,shuffled,0.01,0.0001,1.12554,0.61467,4090
42,0,gender,ema_lr1e-3,0.001,0.0001,0.98174,0.50024,4090
42,0,gender,ema_lr5e-3,0.005,0.0001,0.94282,0.50342,4090
42,0,gender,ema_lr1e-2,0.01,0.0001,0.8701,0.50831,4090
42,0,gender,ema_lr5e-2,0.05,0.0001,0.77505,0.52421,4090
42,0,gender,ema_lr1e-2_wd1e-3,0.01,0.001,0.87047,0.50367,4090
42,0,gender,ema_d0.99,0.01,0.0001,0.878,0.50049,4090
42,0,gender,ema_d0.9999,0.01,0.0001,0.88709,0.48924,4090
42,0,gender,mlp_h16,0.001,0.0,0.69505,0.5176,4090
42,0,gender,mlp_h32,0.001,0.0,0.69553,0.52225,4090
42,0,gender,mlp_h64,0.001,0.0,0.69663,0.52176,4090
42,0,gender,mlp_h128,0.001,0.0,0.69704,0.52494,4090
42,0,gender,attention,0.0001,1e-05,0.69342,0.49219,4090
42,0,gender,shuffled,0.01,0.0001,0.88608,0.49853,4090
42,0,star_sign,ema_lr1e-3,0.001,0.0001,3.1614,0.0555,4090
42,0,star_sign,ema_lr5e-3,0.005,0.0001,2.96287,0.19071,4090
42,0,star_sign,ema_lr1e-2,0.01,0.0001,2.71537,0.27653,4090
42,0,star_sign,ema_lr5e-2,0.05,0.0001,1.30263,0.78729,4090
42,0,star_sign,ema_lr1e-2_wd1e-3,0.01,0.001,2.6944,0.2467,4090
42,0,star_sign,ema_d0.99,0.01,0.0001,2.68952,0.25232,4090
42,0,star_sign,ema_d0.9999,0.01,0.0001,2.7082,0.29364,4090
42,0,star_sign,mlp_h16,0.001,0.0,0.06547,1.0,4090
42,0,star_sign,mlp_h32,0.001,0.0,0.01966,1.0,4090
42,0,star_sign,mlp_h64,0.001,0.0,0.00487,1.0,4090
42,0,star_sign,mlp_h128,0.001,0.0,0.00066,1.0,4090
42,0,star_sign,attention,0.0001,1e-05,2.16842,1.0,4090
42,0,star_sign,shuffled,0.01,0.0001,2.67028,0.28337,4090
42,4,age_bin,ema_lr1e-3,0.001,0.0001,1.42257,0.35648,4090
42,4,age_bin,ema_lr5e-3,0.005,0.0001,1.28923,0.3599,4090
42,4,age_bin,ema_lr1e-2,0.01,0.0001,1.11991,0.46626,4090
42,4,age_bin,ema_lr5e-2,0.05,0.0001,0.81521,0.65575,4090
42,4,age_bin,ema_lr1e-2_wd1e-3,0.01,0.001,1.08654,0.48337,4090
42,4,age_bin,ema_d0.99,0.01,0.0001,1.08438,0.47995,4090
42,4,age_bin,ema_d0.9999,0.01,0.0001,1.07726,0.49242,4090
42,4,age_bin,mlp_h16,0.001,0.0,0.00819,1.0,4090
42,4,age_bin,mlp_h32,0.001,0.0,0.00627,1.0,4090
42,4,age_bin,mlp_h64,0.001,0.0,0.00048,1.0,4090
42,4,age_bin,mlp_h128,0.001,0.0,0.00016,1.0,4090
42,4,age_bin,attention,0.0001,1e-05,0.0,1.0,4090
42,4,age_bin,shuffled,0.01,0.0001,1.07958,0.46455,4090
42,4,gender,ema_lr1e-3,0.001,0.0001,0.92875,0.50929,4090
42,4,gender,ema_lr5e-3,0.005,0.0001,0.88194,0.5,4090
42,4,gender,ema_lr1e-2,0.01,0.0001,0.88923,0.50244,4090
42,4,gender,ema_lr5e-2,0.05,0.0001,1.20375,0.48655,4090
42,4,gender,ema_lr1e-2_wd1e-3,0.01,0.001,0.85914,0.49829,4090
42,4,gender,ema_d0.99,0.01,0.0001,0.84904,0.50782,4090
42,4,gender,ema_d0.9999,0.01,0.0001,0.90071,0.48949,4090
42,4,gender,mlp_h16,0.001,0.0,0.68932,0.53399,4090
42,4,gender,mlp_h32,0.001,0.0,0.69117,0.53521,4090
42,4,gender,mlp_h64,0.001,0.0,0.69001,0.53692,4090
42,4,gender,mlp_h128,0.001,0.0,0.68978,0.54303,4090
42,4,gender,attention,0.0001,1e-05,0.68449,0.50781,4090
42,4,gender,shuffled,0.01,0.0001,0.89127,0.50122,4090
42,4,star_sign,ema_lr1e-3,0.001,0.0001,3.1208,0.08044,4090
42,4,star_sign,ema_lr5e-3,0.005,0.0001,2.82974,0.11076,4090
42,4,star_sign,ema_lr1e-2,0.01,0.0001,2.53899,0.15819,4090
42,4,star_sign,ema_lr5e-2,0.05,0.0001,1.35537,0.72274,4090
42,4,star_sign,ema_lr1e-2_wd1e-3,0.01,0.001,2.5744,0.15501,4090
42,4,star_sign,ema_d0.99,0.01,0.0001,2.58818,0.15501,4090
42,4,star_sign,ema_d0.9999,0.01,0.0001,2.60039,0.1555,4090
42,4,star_sign,mlp_h16,0.001,0.0,0.06844,1.0,4090
42,4,star_sign,mlp_h32,0.001,0.0,0.00879,1.0,4090
42,4,star_sign,mlp_h64,0.001,0.0,0.00193,1.0,4090
42,4,star_sign,mlp_h128,0.001,0.0,0.0001,1.0,4090
42,4,star_sign,attention,0.0001,1e-05,0.00022,1.0,4090
42,4,star_sign,shuffled,0.01,0.0001,2.58076,0.16161,4090
42,8,age_bin,ema_lr1e-3,0.001,0.0001,1.44307,0.35892,4090
42,8,age_bin,ema_lr5e-3,0.005,0.0001,1.32515,0.37995,4090
42,8,age_bin,ema_lr1e-2,0.01,0.0001,1.10444,0.48729,4090
42,8,age_bin,ema_lr5e-2,0.05,0.0001,0.48764,0.90489,4090
42,8,age_bin,ema_lr1e-2_wd1e-3,0.01,0.001,1.10062,0.47775,4090
42,8,age_bin,ema_d0.99,0.01,0.0001,1.09812,0.47995,4090
42,8,age_bin,ema_d0.9999,0.01,0.0001,1.1443,0.46112,4090
42,8,age_bin,mlp_h16,0.001,0.0,0.03153,1.0,4090
42,8,age_bin,mlp_h32,0.001,0.0,0.00362,1.0,4090
42,8,age_bin,mlp_h64,0.001,0.0,0.00073,1.0,4090
42,8,age_bin,mlp_h128,0.001,0.0,0.0003,1.0,4090
42,8,age_bin,attention,0.0001,1e-05,0.0,1.0,4090
42,8,age_bin,shuffled,0.01,0.0001,1.1277,0.45941,4090
42,8,gender,ema_lr1e-3,0.001,0.0001,0.99202,0.48191,4090
42,8,gender,ema_lr5e-3,0.005,0.0001,0.90857,0.49071,4090
42,8,gender,ema_lr1e-2,0.01,0.0001,0.861,0.51051,4090
42,8,gender,ema_lr5e-2,0.05,0.0001,1.00423,0.50367,4090
42,8,gender,ema_lr1e-2_wd1e-3,0.01,0.001,0.89361,0.48924,4090
42,8,gender,ema_d0.99,0.01,0.0001,0.88253,0.50611,4090
42,8,gender,ema_d0.9999,0.01,0.0001,0.83775,0.51296,4090
42,8,gender,mlp_h16,0.001,0.0,0.69662,0.53227,4090
42,8,gender,mlp_h32,0.001,0.0,0.69321,0.53936,4090
42,8,gender,mlp_h64,0.001,0.0,0.69735,0.52934,4090
42,8,gender,mlp_h128,0.001,0.0,0.69729,0.53936,4090
42,8,gender,attention,0.0001,1e-05,0.71277,0.49219,4090
42,8,gender,shuffled,0.01,0.0001,0.88025,0.51296,4090
42,8,star_sign,ema_lr1e-3,0.001,0.0001,3.04347,0.09731,4090
42,8,star_sign,ema_lr5e-3,0.005,0.0001,2.91539,0.09633,4090
42,8,star_sign,ema_lr1e-2,0.01,0.0001,2.67256,0.1511,4090
42,8,star_sign,ema_lr5e-2,0.05,0.0001,1.41275,0.63276,4090
42,8,star_sign,ema_lr1e-2_wd1e-3,0.01,0.001,2.68529,0.14548,4090
42,8,star_sign,ema_d0.99,0.01,0.0001,2.68388,0.13447,4090
42,8,star_sign,ema_d0.9999,0.01,0.0001,2.59726,0.15697,4090
42,8,star_sign,mlp_h16,0.001,0.0,0.10402,0.9687,4090
42,8,star_sign,mlp_h32,0.001,0.0,0.01628,1.0,4090
42,8,star_sign,mlp_h64,0.001,0.0,0.00212,1.0,4090
42,8,star_sign,mlp_h128,0.001,0.0,0.00016,1.0,4090
42,8,star_sign,attention,0.0001,1e-05,0.0,1.0,4090
42,8,star_sign,shuffled,0.01,0.0001,2.59643,0.15526,4090
42,12,age_bin,ema_lr1e-3,0.001,0.0001,1.44379,0.34279,4090
42,12,age_bin,ema_lr5e-3,0.005,0.0001,1.32682,0.38166,4090
42,12,age_bin,ema_lr1e-2,0.01,0.0001,1.12973,0.46479,4090
42,12,age_bin,ema_lr5e-2,0.05,0.0001,0.46145,0.90587,4090
42,12,age_bin,ema_lr1e-2_wd1e-3,0.01,0.001,1.16188,0.45159,4090
42,12,age_bin,ema_d0.99,0.01,0.0001,1.10874,0.46406,4090
42,12,age_bin,ema_d0.9999,0.01,0.0001,1.15993,0.4401,4090
42,12,age_bin,mlp_h16,0.001,0.0,0.00723,1.0,4090
42,12,age_bin,mlp_h32,0.001,0.0,0.00469,1.0,4090
42,12,age_bin,mlp_h64,0.001,0.0,0.003,1.0,4090
42,12,age_bin,mlp_h128,0.001,0.0,0.00034,1.0,4090
42,12,age_bin,attention,0.0001,1e-05,0.00037,1.0,4090
42,12,age_bin,shuffled,0.01,0.0001,1.14248,0.44108,4090
42,12,gender,ema_lr1e-3,0.001,0.0001,0.94248,0.51638,4090
42,12,gender,ema_lr5e-3,0.005,0.0001,0.91945,0.49438,4090
42,12,gender,ema_lr1e-2,0.01,0.0001,0.86543,0.50465,4090
42,12,gender,ema_lr5e-2,0.05,0.0001,0.8594,0.50391,4090
42,12,gender,ema_lr1e-2_wd1e-3,0.01,0.001,0.86327,0.5044,4090
42,12,gender,ema_d0.99,0.01,0.0001,0.91033,0.478,4090
42,12,gender,ema_d0.9999,0.01,0.0001,0.86402,0.50538,4090
42,12,gender,mlp_h16,0.001,0.0,0.69325,0.52861,4090
42,12,gender,mlp_h32,0.001,0.0,0.69551,0.52029,4090
42,12,gender,mlp_h64,0.001,0.0,0.69726,0.51516,4090
42,12,gender,mlp_h128,0.001,0.0,0.70209,0.52885,4090
42,12,gender,attention,0.0001,1e-05,0.65757,0.57031,4090
42,12,gender,shuffled,0.01,0.0001,0.86056,0.49242,4090
42,12,star_sign,ema_lr1e-3,0.001,0.0001,3.19894,0.09413,4090
42,12,star_sign,ema_lr5e-3,0.005,0.0001,2.9731,0.12054,4090
42,12,star_sign,ema_lr1e-2,0.01,0.0001,2.67703,0.13985,4090
42,12,star_sign,ema_lr5e-2,0.05,0.0001,1.32595,0.68264,4090
42,12,star_sign,ema_lr1e-2_wd1e-3,0.01,0.001,2.68855,0.13472,4090
42,12,star_sign,ema_d0.99,0.01,0.0001,2.63093,0.14866,4090
42,12,star_sign,ema_d0.9999,0.01,0.0001,2.67977,0.14352,4090
42,12,star_sign,mlp_h16,0.001,0.0,0.0563,1.0,4090
42,12,star_sign,mlp_h32,0.001,0.0,0.02087,1.0,4090
42,12,star_sign,mlp_h64,0.001,0.0,0.00179,1.0,4090
42,12,star_sign,mlp_h128,0.001,0.0,0.00046,1.0,4090
42,12,star_sign,attention,0.0001,1e-05,4e-05,1.0,4090
42,12,star_sign,shuffled,0.01,0.0001,2.68655,0.1511,4090
42,16,age_bin,ema_lr1e-3,0.001,0.0001,1.50743,0.34523,4090
42,16,age_bin,ema_lr5e-3,0.005,0.0001,1.36405,0.37286,4090
42,16,age_bin,ema_lr1e-2,0.01,0.0001,1.1253,0.46259,4090
42,16,age_bin,ema_lr5e-2,0.05,0.0001,0.45261,0.91296,4090
42,16,age_bin,ema_lr1e-2_wd1e-3,0.01,0.001,1.15634,0.45575,4090
42,16,age_bin,ema_d0.99,0.01,0.0001,1.10303,0.4802,4090
42,16,age_bin,ema_d0.9999,0.01,0.0001,1.12317,0.46161,4090
42,16,age_bin,mlp_h16,0.001,0.0,0.03329,1.0,4090
42,16,age_bin,mlp_h32,0.001,0.0,0.00486,1.0,4090
42,16,age_bin,mlp_h64,0.001,0.0,0.00071,1.0,4090
42,16,age_bin,mlp_h128,0.001,0.0,0.00033,1.0,4090
42,16,age_bin,attention,0.0001,1e-05,0.0,1.0,4090
42,16,age_bin,shuffled,0.01,0.0001,1.20956,0.41491,4090
42,16,gender,ema_lr1e-3,0.001,0.0001,1.00531,0.48289,4090
42,16,gender,ema_lr5e-3,0.005,0.0001,0.91412,0.50685,4090
42,16,gender,ema_lr1e-2,0.01,0.0001,0.91984,0.48851,4090
42,16,gender,ema_lr5e-2,0.05,0.0001,0.80602,0.51443,4090
42,16,gender,ema_lr1e-2_wd1e-3,0.01,0.001,0.88667,0.51002,4090
42,16,gender,ema_d0.99,0.01,0.0001,0.87895,0.5044,4090
42,16,gender,ema_d0.9999,0.01,0.0001,0.8928,0.49976,4090
42,16,gender,mlp_h16,0.001,0.0,0.70135,0.52078,4090
42,16,gender,mlp_h32,0.001,0.0,0.69879,0.52347,4090
42,16,gender,mlp_h64,0.001,0.0,0.70219,0.53325,4090
42,16,gender,mlp_h128,0.001,0.0,0.70064,0.52616,4090
42,16,gender,attention,0.0001,1e-05,0.7265,0.57031,4090
42,16,gender,shuffled,0.01,0.0001,0.8785,0.5066,4090
42,16,star_sign,ema_lr1e-3,0.001,0.0001,3.24565,0.0643,4090
42,16,star_sign,ema_lr5e-3,0.005,0.0001,2.89389,0.12127,4090
42,16,star_sign,ema_lr1e-2,0.01,0.0001,2.72917,0.1401,4090
42,16,star_sign,ema_lr5e-2,0.05,0.0001,1.33095,0.68582,4090
42,16,star_sign,ema_lr1e-2_wd1e-3,0.01,0.001,2.77134,0.14425,4090
42,16,star_sign,ema_d0.99,0.01,0.0001,2.67388,0.14963,4090
42,16,star_sign,ema_d0.9999,0.01,0.0001,2.67839,0.15844,4090
42,16,star_sign,mlp_h16,0.001,0.0,0.08204,1.0,4090
42,16,star_sign,mlp_h32,0.001,0.0,0.0301,1.0,4090
42,16,star_sign,mlp_h64,0.001,0.0,0.00704,1.0,4090
42,16,star_sign,mlp_h128,0.001,0.0,0.00056,1.0,4090
42,16,star_sign,attention,0.0001,1e-05,0.0,1.0,4090
42,16,star_sign,shuffled,0.01,0.0001,2.69929,0.14499,4090
43,0,age_bin,ema_lr1e-3,0.001,0.0001,1.49438,0.32487,4334
43,0,age_bin,ema_lr5e-3,0.005,0.0001,1.31012,0.49539,4334
43,0,age_bin,ema_lr1e-2,0.01,0.0001,1.10544,0.65251,4334
43,0,age_bin,ema_lr5e-2,0.05,0.0001,0.43385,0.93909,4334
43,0,age_bin,ema_lr1e-2_wd1e-3,0.01,0.001,1.0904,0.63152,4334
43,0,age_bin,ema_d0.99,0.01,0.0001,1.094,0.60175,4334
43,0,age_bin,ema_d0.9999,0.01,0.0001,1.10734,0.61444,4334
43,0,age_bin,mlp_h16,0.001,0.0,0.01323,1.0,4334
43,0,age_bin,mlp_h32,0.001,0.0,0.00758,1.0,4334
43,0,age_bin,mlp_h64,0.001,0.0,0.00235,1.0,4334
43,0,age_bin,mlp_h128,0.001,0.0,0.00049,1.0,4334
43,0,age_bin,attention,0.0001,1e-05,0.88255,1.0,4334
43,0,age_bin,shuffled,0.01,0.0001,1.11297,0.61237,4334
43,0,gender,ema_lr1e-3,0.001,0.0001,0.97361,0.48593,4334
43,0,gender,ema_lr5e-3,0.005,0.0001,0.92066,0.49539,4334
43,0,gender,ema_lr1e-2,0.01,0.0001,0.88087,0.49954,4334
43,0,gender,ema_lr5e-2,0.05,0.0001,0.82145,0.52538,4334
43,0,gender,ema_lr1e-2_wd1e-3,0.01,0.001,0.86305,0.503,4334
43,0,gender,ema_d0.99,0.01,0.0001,0.84721,0.50461,4334
43,0,gender,ema_d0.9999,0.01,0.0001,0.89014,0.485,4334
43,0,gender,mlp_h16,0.001,0.0,0.70774,0.45108,4334
43,0,gender,mlp_h32,0.001,0.0,0.70513,0.47,4334
43,0,gender,mlp_h64,0.001,0.0,0.71114,0.44716,4334
43,0,gender,mlp_h128,0.001,0.0,0.71576,0.47808,4334
43,0,gender,attention,0.0001,1e-05,0.69728,0.40625,4334
43,0,gender,shuffled,0.01,0.0001,0.88223,0.50461,4334
43,0,star_sign,ema_lr1e-3,0.001,0.0001,3.19524,0.04961,4334
43,0,star_sign,ema_lr5e-3,0.005,0.0001,2.95997,0.18828,4334
43,0,star_sign,ema_lr1e-2,0.01,0.0001,2.66547,0.29119,4334
43,0,star_sign,ema_lr5e-2,0.05,0.0001,1.29219,0.7988,4334
43,0,star_sign,ema_lr1e-2_wd1e-3,0.01,0.001,2.66678,0.24988,4334
43,0,star_sign,ema_d0.99,0.01,0.0001,2.68364,0.24804,4334
43,0,star_sign,ema_d0.9999,0.01,0.0001,2.67713,0.29811,4334
43,0,star_sign,mlp_h16,0.001,0.0,0.06229,1.0,4334
43,0,star_sign,mlp_h32,0.001,0.0,0.01955,1.0,4334
43,0,star_sign,mlp_h64,0.001,0.0,0.00458,1.0,4334
43,0,star_sign,mlp_h128,0.001,0.0,0.00076,1.0,4334
43,0,star_sign,attention,0.0001,1e-05,2.15575,1.0,4334
43,0,star_sign,shuffled,0.01,0.0001,2.67414,0.28103,4334
43,4,age_bin,ema_lr1e-3,0.001,0.0001,1.46519,0.33456,4334
43,4,age_bin,ema_lr5e-3,0.005,0.0001,1.27187,0.3701,4334
43,4,age_bin,ema_lr1e-2,0.01,0.0001,1.12359,0.46101,4334
43,4,age_bin,ema_lr5e-2,0.05,0.0001,0.51228,0.89156,4334
43,4,age_bin,ema_lr1e-2_wd1e-3,0.01,0.001,1.10546,0.47693,4334
43,4,age_bin,ema_d0.99,0.01,0.0001,1.11233,0.46493,4334
43,4,age_bin,ema_d0.9999,0.01,0.0001,1.09216,0.48985,4334
43,4,age_bin,mlp_h16,0.001,0.0,0.00783,1.0,4334
43,4,age_bin,mlp_h32,0.001,0.0,0.00607,1.0,4334
43,4,age_bin,mlp_h64,0.001,0.0,0.00046,1.0,4334
43,4,age_bin,mlp_h128,0.001,0.0,0.00015,1.0,4334
43,4,age_bin,attention,0.0001,1e-05,0.0,1.0,4334
43,4,age_bin,shuffled,0.01,0.0001,1.08347,0.47024,4334
43,4,gender,ema_lr1e-3,0.001,0.0001,0.96457,0.48892,4334
43,4,gender,ema_lr5e-3,0.005,0.0001,0.91829,0.48731,4334
43,4,gender,ema_lr1e-2,0.01,0.0001,0.87286,0.50138,4334
43,4,gender,ema_lr5e-2,0.05,0.0001,1.11542,0.44255,4334
43,4,gender,ema_lr1e-2_wd1e-3,0.01,0.001,0.83346,0.51846,4334
43,4,gender,ema_d0.99,0.01,0.0001,0.87369,0.48823,4334
43,4,gender,ema_d0.9999,0.01,0.0001,0.84605,0.51384,4334
43,4,gender,mlp_h16,0.001,0.0,0.72117,0.44716,4334
43,4,gender,mlp_h32,0.001,0.0,0.71082,0.47047,4334
43,4,gender,mlp_h64,0.001,0.0,0.72692,0.44485,4334
43,4,gender,mlp_h128,0.001,0.0,0.70735,0.49492,4334
43,4,gender,attention,0.0001,1e-05,0.70246,0.47656,4334
43,4,gender,shuffled,0.01,0.0001,0.86973,0.50577,4334
43,4,star_sign,ema_lr1e-3,0.001,0.0001,3.10831,0.07383,4334
43,4,star_sign,ema_lr5e-3,0.005,0.0001,2.79897,0.12229,4334
43,4,star_sign,ema_lr1e-2,0.01,0.0001,2.55475,0.15644,4334
43,4,star_sign,ema_lr5e-2,0.05,0.0001,1.42209,0.67236,4334
43,4,star_sign,ema_lr1e-2_wd1e-3,0.01,0.001,2.55641,0.15713,4334
43,4,star_sign,ema_d0.99,0.01,0.0001,2.5814,0.15621,4334
43,4,star_sign,ema_d0.9999,0.01,0.0001,2.54917,0.15874,4334
43,4,star_sign,mlp_h16,0.001,0.0,0.06241,1.0,4334
43,4,star_sign,mlp_h32,0.001,0.0,0.00831,1.0,4334
43,4,star_sign,mlp_h64,0.001,0.0,0.00181,1.0,4334
43,4,star_sign,mlp_h128,0.001,0.0,0.0001,1.0,4334
43,4,star_sign,attention,0.0001,1e-05,0.0007,1.0,4334
43,4,star_sign,shuffled,0.01,0.0001,2.56304,0.17397,4334
43,8,age_bin,ema_lr1e-3,0.001,0.0001,1.48726,0.34564,4334
43,8,age_bin,ema_lr5e-3,0.005,0.0001,1.33612,0.38832,4334
43,8,age_bin,ema_lr1e-2,0.01,0.0001,1.07875,0.49216,4334
43,8,age_bin,ema_lr5e-2,0.05,0.0001,0.67127,0.76581,4334
43,8,age_bin,ema_lr1e-2_wd1e-3,0.01,0.001,1.10829,0.46608,4334
43,8,age_bin,ema_d0.99,0.01,0.0001,1.1052,0.46631,4334
43,8,age_bin,ema_d0.9999,0.01,0.0001,1.13349,0.45893,4334
43,8,age_bin,mlp_h16,0.001,0.0,0.03034,1.0,4334
43,8,age_bin,mlp_h32,0.001,0.0,0.00383,1.0,4334
43,8,age_bin,mlp_h64,0.001,0.0,0.0008,1.0,4334
43,8,age_bin,mlp_h128,0.001,0.0,0.00032,1.0,4334
43,8,age_bin,attention,0.0001,1e-05,0.0,1.0,4334
43,8,age_bin,shuffled,0.01,0.0001,1.12038,0.46724,4334
43,8,gender,ema_lr1e-3,0.001,0.0001,0.95518,0.49423,4334
43,8,gender,ema_lr5e-3,0.005,0.0001,0.86094,0.527,4334
43,8,gender,ema_lr1e-2,0.01,0.0001,0.86972,0.49677,4334
43,8,gender,ema_lr5e-2,0.05,0.0001,0.98808,0.52238,4334
43,8,gender,ema_lr1e-2_wd1e-3,0.01,0.001,0.87643,0.49216,4334
43,8,gender,ema_d0.99,0.01,0.0001,0.8914,0.49216,4334
43,8,gender,ema_d0.9999,0.01,0.0001,0.831,0.52515,4334
43,8,gender,mlp_h16,0.001,0.0,0.70344,0.50185,4334
43,8,gender,mlp_h32,0.001,0.0,0.72054,0.47647,4334
43,8,gender,mlp_h64,0.001,0.0,0.70642,0.50254,4334
43,8,gender,mlp_h128,0.001,0.0,0.72698,0.46839,4334
43,8,gender,attention,0.0001,1e-05,0.69783,0.51562,4334
43,8,gender,shuffled,0.01,0.0001,0.87714,0.49492,4334
43,8,star_sign,ema_lr1e-3,0.001,0.0001,3.07902,0.07799,4334
43,8,star_sign,ema_lr5e-3,0.005,0.0001,2.84889,0.11629,4334
43,8,star_sign,ema_lr1e-2,0.01,0.0001,2.67688,0.14421,4334
43,8,star_sign,ema_lr5e-2,0.05,0.0001,1.44178,0.80618,4334
43,8,star_sign,ema_lr1e-2_wd1e-3,0.01,0.001,2.69502,0.14652,4334
43,8,star_sign,ema_d0.99,0.01,0.0001,2.66897,0.1306,4334
43,8,star_sign,ema_d0.9999,0.01,0.0001,2.57306,0.1772,4334
43,8,star_sign,mlp_h16,0.001,0.0,0.10028,0.97047,4334
43,8,star_sign,mlp_h32,0.001,0.0,0.01668,1.0,4334
43,8,star_sign,mlp_h64,0.001,0.0,0.00229,1.0,4334
43,8,star_sign,mlp_h128,0.001,0.0,0.00017,1.0,4334
43,8,star_sign,attention,0.0001,1e-05,0.0,1.0,4334
43,8,star_sign,shuffled,0.01,0.0001,2.64199,0.14098,4334
43,12,age_bin,ema_lr1e-3,0.001,0.0001,1.46608,0.32764,4334
43,12,age_bin,ema_lr5e-3,0.005,0.0001,1.35119,0.3821,4334
43,12,age_bin,ema_lr1e-2,0.01,0.0001,1.16839,0.44301,4334
43,12,age_bin,ema_lr5e-2,0.05,0.0001,0.52418,0.8754,4334
43,12,age_bin,ema_lr1e-2_wd1e-3,0.01,0.001,1.16645,0.44162,4334
43,12,age_bin,ema_d0.99,0.01,0.0001,1.15069,0.44439,4334
43,12,age_bin,ema_d0.9999,0.01,0.0001,1.11242,0.46354,4334
43,12,age_bin,mlp_h16,0.001,0.0,0.007,1.0,4334
43,12,age_bin,mlp_h32,0.001,0.0,0.00448,1.0,4334
43,12,age_bin,mlp_h64,0.001,0.0,0.00284,1.0,4334
43,12,age_bin,mlp_h128,0.001,0.0,0.00032,1.0,4334
43,12,age_bin,attention,0.0001,1e-05,0.00044,1.0,4334
43,12,age_bin,shuffled,0.01,0.0001,1.1239,0.46124,4334
43,12,gender,ema_lr1e-3,0.001,0.0001,0.96405,0.51223,4334
43,12,gender,ema_lr5e-3,0.005,0.0001,0.89498,0.50508,4334
43,12,gender,ema_lr1e-2,0.01,0.0001,0.83184,0.51984,4334
43,12,gender,ema_lr5e-2,0.05,0.0001,0.88136,0.52054,4334
43,12,gender,ema_lr1e-2_wd1e-3,0.01,0.001,0.90173,0.48569,4334
43,12,gender,ema_d0.99,0.01,0.0001,0.86155,0.50185,4334
43,12,gender,ema_d0.9999,0.01,0.0001,0.88494,0.50392,4334
43,12,gender,mlp_h16,0.001,0.0,0.70371,0.50623,4334
43,12,gender,mlp_h32,0.001,0.0,0.69824,0.52584,4334
43,12,gender,mlp_h64,0.001,0.0,0.70821,0.52446,4334
43,12,gender,mlp_h128,0.001,0.0,0.73345,0.48939,4334
43,12,gender,attention,0.0001,1e-05,0.678,0.5625,4334
43,12,gender,shuffled,0.01,0.0001,0.87285,0.50185,4334
43,12,star_sign,ema_lr1e-3,0.001,0.0001,3.14031,0.09968,4334
43,12,star_sign,ema_lr5e-3,0.005,0.0001,2.90863,0.11767,4334
43,12,star_sign,ema_lr1e-2,0.01,0.0001,2.66864,0.14513,4334
43,12,star_sign,ema_lr5e-2,0.05,0.0001,1.34734,0.67259,4334
43,12,star_sign,ema_lr1e-2_wd1e-3,0.01,0.001,2.66647,0.14836,4334
43,12,star_sign,ema_d0.99,0.01,0.0001,2.63186,0.15136,4334
43,12,star_sign,ema_d0.9999,0.01,0.0001,2.71246,0.14305,4334
43,12,star_sign,mlp_h16,0.001,0.0,0.05367,1.0,4334
43,12,star_sign,mlp_h32,0.001,0.0,0.01901,1.0,4334
43,12,star_sign,mlp_h64,0.001,0.0,0.00172,1.0,4334
43,12,star_sign,mlp_h128,0.001,0.0,0.00044,1.0,4334
43,12,star_sign,attention,0.0001,1e-05,4e-05,1.0,4334
43,12,star_sign,shuffled,0.01,0.0001,2.66509,0.14075,4334
43,16,age_bin,ema_lr1e-3,0.001,0.0001,1.51675,0.34218,4334
43,16,age_bin,ema_lr5e-3,0.005,0.0001,1.31778,0.38486,4334
43,16,age_bin,ema_lr1e-2,0.01,0.0001,1.10603,0.47116,4334
43,16,age_bin,ema_lr5e-2,0.05,0.0001,0.46078,0.91763,4334
43,16,age_bin,ema_lr1e-2_wd1e-3,0.01,0.001,1.13235,0.45893,4334
43,16,age_bin,ema_d0.99,0.01,0.0001,1.09952,0.47554,4334
43,16,age_bin,ema_d0.9999,0.01,0.0001,1.16335,0.44232,4334
43,16,age_bin,mlp_h16,0.001,0.0,0.03513,1.0,4334
43,16,age_bin,mlp_h32,0.001,0.0,0.00536,1.0,4334
43,16,age_bin,mlp_h64,0.001,0.0,0.00072,1.0,4334
43,16,age_bin,mlp_h128,0.001,0.0,0.00034,1.0,4334
43,16,age_bin,attention,0.0001,1e-05,1e-05,1.0,4334
43,16,age_bin,shuffled,0.01,0.0001,1.09405,0.49377,4334
43,16,gender,ema_lr1e-3,0.001,0.0001,0.94949,0.51592,4334
43,16,gender,ema_lr5e-3,0.005,0.0001,0.90555,0.51938,4334
43,16,gender,ema_lr1e-2,0.01,0.0001,0.88891,0.50784,4334
43,16,gender,ema_lr5e-2,0.05,0.0001,0.81541,0.50784,4334
43,16,gender,ema_lr1e-2_wd1e-3,0.01,0.001,0.88043,0.50092,4334
43,16,gender,ema_d0.99,0.01,0.0001,0.86791,0.49631,4334
43,16,gender,ema_d0.9999,0.01,0.0001,0.88315,0.497,4334
43,16,gender,mlp_h16,0.001,0.0,0.70749,0.51638,4334
43,16,gender,mlp_h32,0.001,0.0,0.71131,0.524,4334
43,16,gender,mlp_h64,0.001,0.0,0.72338,0.49331,4334
43,16,gender,mlp_h128,0.001,0.0,0.72228,0.49492,4334
43,16,gender,attention,0.0001,1e-05,0.69829,0.53906,4334
43,16,gender,shuffled,0.01,0.0001,0.87495,0.49631,4334
43,16,star_sign,ema_lr1e-3,0.001,0.0001,3.17774,0.07476,4334
43,16,star_sign,ema_lr5e-3,0.005,0.0001,2.92112,0.1066,4334
43,16,star_sign,ema_lr1e-2,0.01,0.0001,2.73963,0.13659,4334
43,16,star_sign,ema_lr5e-2,0.05,0.0001,1.31653,0.69682,4334
43,16,star_sign,ema_lr1e-2_wd1e-3,0.01,0.001,2.65386,0.15436,4334
43,16,star_sign,ema_d0.99,0.01,0.0001,2.64265,0.17074,4334
43,16,star_sign,ema_d0.9999,0.01,0.0001,2.67339,0.15021,4334
43,16,star_sign,mlp_h16,0.001,0.0,0.08404,1.0,4334
43,16,star_sign,mlp_h32,0.001,0.0,0.02929,1.0,4334
43,16,star_sign,mlp_h64,0.001,0.0,0.00696,1.0,4334
43,16,star_sign,mlp_h128,0.001,0.0,0.0005,1.0,4334
43,16,star_sign,attention,0.0001,1e-05,3e-05,1.0,4334
43,16,star_sign,shuffled,0.01,0.0001,2.70684,0.14213,4334
44,0,age_bin,ema_lr1e-3,0.001,0.0001,1.48028,0.33465,4058
44,0,age_bin,ema_lr5e-3,0.005,0.0001,1.28396,0.49606,4058
44,0,age_bin,ema_lr1e-2,0.01,0.0001,1.11627,0.65377,4058
44,0,age_bin,ema_lr5e-2,0.05,0.0001,0.4267,0.94086,4058
44,0,age_bin,ema_lr1e-2_wd1e-3,0.01,0.001,1.11837,0.61878,4058
44,0,age_bin,ema_d0.99,0.01,0.0001,1.09095,0.6067,4058
44,0,age_bin,ema_d0.9999,0.01,0.0001,1.11992,0.62568,4058
44,0,age_bin,mlp_h16,0.001,0.0,0.01238,1.0,4058
44,0,age_bin,mlp_h32,0.001,0.0,0.00691,1.0,4058
44,0,age_bin,mlp_h64,0.001,0.0,0.00226,1.0,4058
44,0,age_bin,mlp_h128,0.001,0.0,0.00047,1.0,4058
44,0,age_bin,attention,0.0001,1e-05,0.8752,1.0,4058
44,0,age_bin,shuffled,0.01,0.0001,1.09857,0.61656,4058
44,0,gender,ema_lr1e-3,0.001,0.0001,0.96994,0.49113,4058
44,0,gender,ema_lr5e-3,0.005,0.0001,0.93059,0.5,4058
44,0,gender,ema_lr1e-2,0.01,0.0001,0.86126,0.50739,4058
44,0,gender,ema_lr5e-2,0.05,0.0001,0.80558,0.51158,4058
44,0,gender,ema_lr1e-2_wd1e-3,0.01,0.001,0.86389,0.49359,4058
44,0,gender,ema_d0.99,0.01,0.0001,0.8715,0.49384,4058
44,0,gender,ema_d0.9999,0.01,0.0001,0.84956,0.49359,4058
44,0,gender,mlp_h16,0.001,0.0,0.69899,0.5106,4058
44,0,gender,mlp_h32,0.001,0.0,0.69796,0.50148,4058
44,0,gender,mlp_h64,0.001,0.0,0.70021,0.49877,4058
44,0,gender,mlp_h128,0.001,0.0,0.70347,0.49261,4058
44,0,gender,attention,0.0001,1e-05,0.6907,0.5625,4058
44,0,gender,shuffled,0.01,0.0001,0.86447,0.50296,4058
44,0,star_sign,ema_lr1e-3,0.001,0.0001,3.21233,0.04805,4058
44,0,star_sign,ema_lr5e-3,0.005,0.0001,2.93488,0.1831,4058
44,0,star_sign,ema_lr1e-2,0.01,0.0001,2.6774,0.28241,4058
44,0,star_sign,ema_lr5e-2,0.05,0.0001,1.25859,0.80064,4058
44,0,star_sign,ema_lr1e-2_wd1e-3,0.01,0.001,2.689,0.25333,4058
44,0,star_sign,ema_d0.99,0.01,0.0001,2.70968,0.24667,4058
44,0,star_sign,ema_d0.9999,0.01,0.0001,2.69254,0.29325,4058
44,0,star_sign,mlp_h16,0.001,0.0,0.05544,1.0,4058
44,0,star_sign,mlp_h32,0.001,0.0,0.0169,1.0,4058
44,0,star_sign,mlp_h64,0.001,0.0,0.00414,1.0,4058
44,0,star_sign,mlp_h128,0.001,0.0,0.00063,1.0,4058
44,0,star_sign,attention,0.0001,1e-05,2.14209,1.0,4058
44,0,star_sign,shuffled,0.01,0.0001,2.67148,0.28659,4058
44,4,age_bin,ema_lr1e-3,0.001,0.0001,1.41612,0.35313,4058
44,4,age_bin,ema_lr5e-3,0.005,0.0001,1.26942,0.36323,4058
44,4,age_bin,ema_lr1e-2,0.01,0.0001,1.10534,0.4756,4058
44,4,age_bin,ema_lr5e-2,0.05,0.0001,0.64136,0.81715,4058
44,4,age_bin,ema_lr1e-2_wd1e-3,0.01,0.001,1.0716,0.4968,4058
44,4,age_bin,ema_d0.99,0.01,0.0001,1.08197,0.4862,4058
44,4,age_bin,ema_d0.9999,0.01,0.0001,1.08798,0.47585,4058
44,4,age_bin,mlp_h16,0.001,0.0,0.00738,1.0,4058
44,4,age_bin,mlp_h32,0.001,0.0,0.00559,1.0,4058
44,4,age_bin,mlp_h64,0.001,0.0,0.00045,1.0,4058
44,4,age_bin,mlp_h128,0.001,0.0,0.00014,1.0,4058
44,4,age_bin,attention,0.0001,1e-05,0.0,1.0,4058
44,4,age_bin,shuffled,0.01,0.0001,1.09582,0.46057,4058
44,4,gender,ema_lr1e-3,0.001,0.0001,0.96126,0.4931,4058
44,4,gender,ema_lr5e-3,0.005,0.0001,0.90203,0.4862,4058
44,4,gender,ema_lr1e-2,0.01,0.0001,0.86808,0.50517,4058
44,4,gender,ema_lr5e-2,0.05,0.0001,1.05375,0.49877,4058
44,4,gender,ema_lr1e-2_wd1e-3,0.01,0.001,0.83351,0.51281,4058
44,4,gender,ema_d0.99,0.01,0.0001,0.86752,0.49778,4058
44,4,gender,ema_d0.9999,0.01,0.0001,0.84613,0.51651,4058
44,4,gender,mlp_h16,0.001,0.0,0.6956,0.51848,4058
44,4,gender,mlp_h32,0.001,0.0,0.69983,0.51947,4058
44,4,gender,mlp_h64,0.001,0.0,0.70239,0.51355,4058
44,4,gender,mlp_h128,0.001,0.0,0.70732,0.51158,4058
44,4,gender,attention,0.0001,1e-05,0.68336,0.53906,4058
44,4,gender,shuffled,0.01,0.0001,0.87115,0.5069,4058
44,4,star_sign,ema_lr1e-3,0.001,0.0001,3.11723,0.07762,4058
44,4,star_sign,ema_lr5e-3,0.005,0.0001,2.83344,0.11952,4058
44,4,star_sign,ema_lr1e-2,0.01,0.0001,2.53504,0.16806,4058
44,4,star_sign,ema_lr5e-2,0.05,0.0001,1.44902,0.86989,4058
44,4,star_sign,ema_lr1e-2_wd1e-3,0.01,0.001,2.60748,0.14761,4058
44,4,star_sign,ema_d0.99,0.01,0.0001,2.57283,0.15944,4058
44,4,star_sign,ema_d0.9999,0.01,0.0001,2.59611,0.15303,4058
44,4,star_sign,mlp_h16,0.001,0.0,0.05332,1.0,4058
44,4,star_sign,mlp_h32,0.001,0.0,0.00792,1.0,4058
44,4,star_sign,mlp_h64,0.001,0.0,0.00167,1.0,4058
44,4,star_sign,mlp_h128,0.001,0.0,9e-05,1.0,4058
44,4,star_sign,attention,0.0001,1e-05,0.00022,1.0,4058
44,4,star_sign,shuffled,0.01,0.0001,2.58988,0.16708,4058
44,8,age_bin,ema_lr1e-3,0.001,0.0001,1.50935,0.34155,4058
44,8,age_bin,ema_lr5e-3,0.005,0.0001,1.30241,0.39305,4058
44,8,age_bin,ema_lr1e-2,0.01,0.0001,1.10845,0.47314,4058
44,8,age_bin,ema_lr5e-2,0.05,0.0001,0.50146,0.88196,4058
44,8,age_bin,ema_lr1e-2_wd1e-3,0.01,0.001,1.11674,0.47634,4058
44,8,age_bin,ema_d0.99,0.01,0.0001,1.13288,0.4655,4058
44,8,age_bin,ema_d0.9999,0.01,0.0001,1.10351,0.46969,4058
44,8,age_bin,mlp_h16,0.001,0.0,0.02722,1.0,4058
44,8,age_bin,mlp_h32,0.001,0.0,0.00376,1.0,4058
44,8,age_bin,mlp_h64,0.001,0.0,0.00081,1.0,4058
44,8,age_bin,mlp_h128,0.001,0.0,0.00034,1.0,4058
44,8,age_bin,attention,0.0001,1e-05,0.0,1.0,4058
44,8,age_bin,shuffled,0.01,0.0001,1.06582,0.49187,4058
44,8,gender,ema_lr1e-3,0.001,0.0001,0.92223,0.51651,4058
44,8,gender,ema_lr5e-3,0.005,0.0001,0.88453,0.5069,4058
44,8,gender,ema_lr1e-2,0.01,0.0001,0.84875,0.51528,4058
44,8,gender,ema_lr5e-2,0.05,0.0001,0.98976,0.50739,4058
44,8,gender,ema_lr1e-2_wd1e-3,0.01,0.001,0.8825,0.5032,4058
44,8,gender,ema_d0.99,0.01,0.0001,0.86528,0.51134,4058
44,8,gender,ema_d0.9999,0.01,0.0001,0.85237,0.5032,4058
44,8,gender,mlp_h16,0.001,0.0,0.70377,0.52464,4058
44,8,gender,mlp_h32,0.001,0.0,0.70152,0.5308,4058
44,8,gender,mlp_h64,0.001,0.0,0.70622,0.51257,4058
44,8,gender,mlp_h128,0.001,0.0,0.70141,0.51429,4058
44,8,gender,attention,0.0001,1e-05,0.69889,0.55469,4058
44,8,gender,shuffled,0.01,0.0001,0.88557,0.49285,4058
44,8,star_sign,ema_lr1e-3,0.001,0.0001,3.14142,0.08034,4058
44,8,star_sign,ema_lr5e-3,0.005,0.0001,2.84448,0.1205,4058
44,8,star_sign,ema_lr1e-2,0.01,0.0001,2.63683,0.15254,4058
44,8,star_sign,ema_lr5e-2,0.05,0.0001,1.33014,0.73238,4058
44,8,star_sign,ema_lr1e-2_wd1e-3,0.01,0.001,2.62306,0.15229,4058
44,8,star_sign,ema_d0.99,0.01,0.0001,2.60831,0.15278,4058
44,8,star_sign,ema_d0.9999,0.01,0.0001,2.62557,0.15032,4058
44,8,star_sign,mlp_h16,0.001,0.0,0.10012,0.96846,4058
44,8,star_sign,mlp_h32,0.001,0.0,0.01543,1.0,4058
44,8,star_sign,mlp_h64,0.001,0.0,0.00237,1.0,4058
44,8,star_sign,mlp_h128,0.001,0.0,0.00019,1.0,4058
44,8,star_sign,attention,0.0001,1e-05,0.0,1.0,4058
44,8,star_sign,shuffled,0.01,0.0001,2.67255,0.14342,4058
44,12,age_bin,ema_lr1e-3,0.001,0.0001,1.47967,0.32676,4058
44,12,age_bin,ema_lr5e-3,0.005,0.0001,1.34005,0.3657,4058
44,12,age_bin,ema_lr1e-2,0.01,0.0001,1.11878,0.46649,4058
44,12,age_bin,ema_lr5e-2,0.05,0.0001,0.44724,0.91449,4058
44,12,age_bin,ema_lr1e-2_wd1e-3,0.01,0.001,1.15564,0.44283,4058
44,12,age_bin,ema_d0.99,0.01,0.0001,1.10493,0.46402,4058
44,12,age_bin,ema_d0.9999,0.01,0.0001,1.12716,0.44776,4058
44,12,age_bin,mlp_h16,0.001,0.0,0.0062,1.0,4058
44,12,age_bin,mlp_h32,0.001,0.0,0.00417,1.0,4058
44,12,age_bin,mlp_h64,0.001,0.0,0.00264,1.0,4058
44,12,age_bin,mlp_h128,0.001,0.0,0.00032,1.0,4058
44,12,age_bin,attention,0.0001,1e-05,0.0004,1.0,4058
44,12,age_bin,shuffled,0.01,0.0001,1.14808,0.44948,4058
44,12,gender,ema_lr1e-3,0.001,0.0001,1.02962,0.48152,4058
44,12,gender,ema_lr5e-3,0.005,0.0001,0.92593,0.49729,4058
44,12,gender,ema_lr1e-2,0.01,0.0001,0.85689,0.50173,4058
44,12,gender,ema_lr5e-2,0.05,0.0001,0.90249,0.49088,4058
44,12,gender,ema_lr1e-2_wd1e-3,0.01,0.001,0.89497,0.49187,4058
44,12,gender,ema_d0.99,0.01,0.0001,0.86823,0.5101,4058
44,12,gender,ema_d0.9999,0.01,0.0001,0.89356,0.48817,4058
44,12,gender,mlp_h16,0.001,0.0,0.69014,0.54337,4058
44,12,gender,mlp_h32,0.001,0.0,0.698,0.54312,4058
44,12,gender,mlp_h64,0.001,0.0,0.70663,0.52711,4058
44,12,gender,mlp_h128,0.001,0.0,0.7121,0.52316,4058
44,12,gender,attention,0.0001,1e-05,0.74102,0.46875,4058
44,12,gender,shuffled,0.01,0.0001,0.86913,0.49828,4058
44,12,star_sign,ema_lr1e-3,0.001,0.0001,3.19844,0.09906,4058
44,12,star_sign,ema_lr5e-3,0.005,0.0001,2.95826,0.1205,4058
44,12,star_sign,ema_lr1e-2,0.01,0.0001,2.64637,0.15328,4058
44,12,star_sign,ema_lr5e-2,0.05,0.0001,1.29235,0.70404,4058
44,12,star_sign,ema_lr1e-2_wd1e-3,0.01,0.001,2.68899,0.14884,4058
44,12,star_sign,ema_d0.99,0.01,0.0001,2.64207,0.1449,4058
44,12,star_sign,ema_d0.9999,0.01,0.0001,2.65092,0.15278,4058
44,12,star_sign,mlp_h16,0.001,0.0,0.04993,1.0,4058
44,12,star_sign,mlp_h32,0.001,0.0,0.01783,1.0,4058
44,12,star_sign,mlp_h64,0.001,0.0,0.00154,1.0,4058
44,12,star_sign,mlp_h128,0.001,0.0,0.00038,1.0,4058
44,12,star_sign,attention,0.0001,1e-05,4e-05,1.0,4058
44,12,star_sign,shuffled,0.01,0.0001,2.70269,0.14022,4058
44,16,age_bin,ema_lr1e-3,0.001,0.0001,1.49904,0.35535,4058
44,16,age_bin,ema_lr5e-3,0.005,0.0001,1.35652,0.37531,4058
44,16,age_bin,ema_lr1e-2,0.01,0.0001,1.05737,0.49359,4058
44,16,age_bin,ema_lr5e-2,0.05,0.0001,0.44241,0.9209,4058
44,16,age_bin,ema_lr1e-2_wd1e-3,0.01,0.001,1.11917,0.46846,4058
44,16,age_bin,ema_d0.99,0.01,0.0001,1.10716,0.47289,4058
44,16,age_bin,ema_d0.9999,0.01,0.0001,1.10055,0.46747,4058
44,16,age_bin,mlp_h16,0.001,0.0,0.03202,1.0,4058
44,16,age_bin,mlp_h32,0.001,0.0,0.00522,1.0,4058
44,16,age_bin,mlp_h64,0.001,0.0,0.00074,1.0,4058
44,16,age_bin,mlp_h128,0.001,0.0,0.00038,1.0,4058
44,16,age_bin,attention,0.0001,1e-05,0.0,1.0,4058
44,16,age_bin,shuffled,0.01,0.0001,1.09888,0.48078,4058
44,16,gender,ema_lr1e-3,0.001,0.0001,1.03711,0.47043,4058
44,16,gender,ema_lr5e-3,0.005,0.0001,0.8886,0.52932,4058
44,16,gender,ema_lr1e-2,0.01,0.0001,0.88317,0.5138,4058
44,16,gender,ema_lr5e-2,0.05,0.0001,0.82661,0.4862,4058
44,16,gender,ema_lr1e-2_wd1e-3,0.01,0.001,0.87868,0.49162,4058
44,16,gender,ema_d0.99,0.01,0.0001,0.86607,0.517,4058
44,16,gender,ema_d0.9999,0.01,0.0001,0.85619,0.51207,4058
44,16,gender,mlp_h16,0.001,0.0,0.71662,0.50838,4058
44,16,gender,mlp_h32,0.001,0.0,0.70957,0.52612,4058
44,16,gender,mlp_h64,0.001,0.0,0.71462,0.51873,4058
44,16,gender,mlp_h128,0.001,0.0,0.71508,0.52267,4058
44,16,gender,attention,0.0001,1e-05,0.73212,0.53906,4058
44,16,gender,shuffled,0.01,0.0001,0.88693,0.48349,4058
44,16,star_sign,ema_lr1e-3,0.001,0.0001,3.22255,0.06752,4058
44,16,star_sign,ema_lr5e-3,0.005,0.0001,3.03741,0.10867,4058
44,16,star_sign,ema_lr1e-2,0.01,0.0001,2.65508,0.15771,4058
44,16,star_sign,ema_lr5e-2,0.05,0.0001,1.33236,0.7033,4058
44,16,star_sign,ema_lr1e-2_wd1e-3,0.01,0.001,2.72187,0.15032,4058
44,16,star_sign,ema_d0.99,0.01,0.0001,2.69086,0.15205,4058
44,16,star_sign,ema_d0.9999,0.01,0.0001,2.6354,0.16437,4058
44,16,star_sign,mlp_h16,0.001,0.0,0.07557,0.99975,4058
44,16,star_sign,mlp_h32,0.001,0.0,0.0269,0.99975,4058
44,16,star_sign,mlp_h64,0.001,0.0,0.00634,1.0,4058
44,16,star_sign,mlp_h128,0.001,0.0,0.00055,1.0,4058
44,16,star_sign,attention,0.0001,1e-05,0.0,1.0,4058
44,16,star_sign,shuffled,0.01,0.0001,2.7651,0.12518,4058
45,0,age_bin,ema_lr1e-3,0.001,0.0001,1.51581,0.31716,4102
45,0,age_bin,ema_lr5e-3,0.005,0.0001,1.27332,0.49586,4102
45,0,age_bin,ema_lr1e-2,0.01,0.0001,1.12453,0.64091,4102
45,0,age_bin,ema_lr5e-2,0.05,0.0001,0.42626,0.9371,4102
45,0,age_bin,ema_lr1e-2_wd1e-3,0.01,0.001,1.09425,0.62238,4102
45,0,age_bin,ema_d0.99,0.01,0.0001,1.10797,0.59776,4102
45,0,age_bin,ema_d0.9999,0.01,0.0001,1.11251,0.63237,4102
45,0,age_bin,mlp_h16,0.001,0.0,0.01142,1.0,4102
45,0,age_bin,mlp_h32,0.001,0.0,0.00653,1.0,4102
45,0,age_bin,mlp_h64,0.001,0.0,0.00209,1.0,4102
45,0,age_bin,mlp_h128,0.001,0.0,0.00041,1.0,4102
45,0,age_bin,attention,0.0001,1e-05,0.86964,1.0,4102
45,0,age_bin,shuffled,0.01,0.0001,1.10997,0.61848,4102
45,0,gender,ema_lr1e-3,0.001,0.0001,0.95458,0.50878,4102
45,0,gender,ema_lr5e-3,0.005,0.0001,0.90258,0.51804,4102
45,0,gender,ema_lr1e-2,0.01,0.0001,0.87463,0.51536,4102
45,0,gender,ema_lr5e-2,0.05,0.0001,0.81413,0.46099,4102
45,0,gender,ema_lr1e-2_wd1e-3,0.01,0.001,0.86793,0.51048,4102
45,0,gender,ema_d0.99,0.01,0.0001,0.85714,0.5078,4102
45,0,gender,ema_d0.9999,0.01,0.0001,0.877,0.49805,4102
45,0,gender,mlp_h16,0.001,0.0,0.68607,0.55851,4102
45,0,gender,mlp_h32,0.001,0.0,0.69078,0.50804,4102
45,0,gender,mlp_h64,0.001,0.0,0.69616,0.49707,4102
45,0,gender,mlp_h128,0.001,0.0,0.69723,0.50536,4102
45,0,gender,attention,0.0001,1e-05,0.68913,0.57031,4102
45,0,gender,shuffled,0.01,0.0001,0.88162,0.49537,4102
45,0,star_sign,ema_lr1e-3,0.001,0.0001,3.20755,0.04729,4102
45,0,star_sign,ema_lr5e-3,0.005,0.0001,2.88944,0.19356,4102
45,0,star_sign,ema_lr1e-2,0.01,0.0001,2.66068,0.28742,4102
45,0,star_sign,ema_lr5e-2,0.05,0.0001,1.2405,0.80254,4102
45,0,star_sign,ema_lr1e-2_wd1e-3,0.01,0.001,2.70862,0.24183,4102
45,0,star_sign,ema_d0.99,0.01,0.0001,2.7158,0.24647,4102
45,0,star_sign,ema_d0.9999,0.01,0.0001,2.65214,0.29035,4102
45,0,star_sign,mlp_h16,0.001,0.0,0.05139,1.0,4102
45,0,star_sign,mlp_h32,0.001,0.0,0.01657,1.0,4102
45,0,star_sign,mlp_h64,0.001,0.0,0.00381,1.0,4102
45,0,star_sign,mlp_h128,0.001,0.0,0.0006,1.0,4102
45,0,star_sign,attention,0.0001,1e-05,2.13543,1.0,4102
45,0,star_sign,shuffled,0.01,0.0001,2.64848,0.28376,4102
45,4,age_bin,ema_lr1e-3,0.001,0.0001,1.4383,0.33033,4102
45,4,age_bin,ema_lr5e-3,0.005,0.0001,1.25003,0.37299,4102
45,4,age_bin,ema_lr1e-2,0.01,0.0001,1.10129,0.47196,4102
45,4,age_bin,ema_lr5e-2,0.05,0.0001,0.43338,0.9237,4102
45,4,age_bin,ema_lr1e-2_wd1e-3,0.01,0.001,1.07485,0.49927,4102
45,4,age_bin,ema_d0.99,0.01,0.0001,1.05412,0.48781,4102
45,4,age_bin,ema_d0.9999,0.01,0.0001,1.1077,0.47075,4102
45,4,age_bin,mlp_h16,0.001,0.0,0.00713,1.0,4102
45,4,age_bin,mlp_h32,0.001,0.0,0.00514,1.0,4102
45,4,age_bin,mlp_h64,0.001,0.0,0.00043,1.0,4102
45,4,age_bin,mlp_h128,0.001,0.0,0.00014,1.0,4102
45,4,age_bin,attention,0.0001,1e-05,0.0,1.0,4102
45,4,age_bin,shuffled,0.01,0.0001,1.05781,0.4822,4102
45,4,gender,ema_lr1e-3,0.001,0.0001,0.92866,0.50707,4102
45,4,gender,ema_lr5e-3,0.005,0.0001,0.88643,0.50024,4102
45,4,gender,ema_lr1e-2,0.01,0.0001,0.8499,0.5078,4102
45,4,gender,ema_lr5e-2,0.05,0.0001,1.01378,0.56412,4102
45,4,gender,ema_lr1e-2_wd1e-3,0.01,0.001,0.85615,0.49196,4102
45,4,gender,ema_d0.99,0.01,0.0001,0.84513,0.51365,4102
45,4,gender,ema_d0.9999,0.01,0.0001,0.88311,0.48781,4102
45,4,gender,mlp_h16,0.001,0.0,0.67458,0.58801,4102
45,4,gender,mlp_h32,0.001,0.0,0.67889,0.58435,4102
45,4,gender,mlp_h64,0.001,0.0,0.67756,0.59044,4102
45,4,gender,mlp_h128,0.001,0.0,0.6952,0.53169,4102
45,4,gender,attention,0.0001,1e-05,0.69984,0.54688,4102
45,4,gender,shuffled,0.01,0.0001,0.88355,0.49902,4102
45,4,star_sign,ema_lr1e-3,0.001,0.0001,3.10123,0.07533,4102
45,4,star_sign,ema_lr5e-3,0.005,0.0001,2.82339,0.1136,4102
45,4,star_sign,ema_lr1e-2,0.01,0.0001,2.53387,0.16772,4102
45,4,star_sign,ema_lr5e-2,0.05,0.0001,1.2612,0.75646,4102
45,4,star_sign,ema_lr1e-2_wd1e-3,0.01,0.001,2.557,0.15236,4102
45,4,star_sign,ema_d0.99,0.01,0.0001,2.54539,0.16553,4102
45,4,star_sign,ema_d0.9999,0.01,0.0001,2.5753,0.15431,4102
45,4,star_sign,mlp_h16,0.001,0.0,0.04624,1.0,4102
45,4,star_sign,mlp_h32,0.001,0.0,0.00716,1.0,4102
45,4,star_sign,mlp_h64,0.001,0.0,0.00159,1.0,4102
45,4,star_sign,mlp_h128,0.001,0.0,9e-05,1.0,4102
45,4,star_sign,attention,0.0001,1e-05,0.00039,1.0,4102
45,4,star_sign,shuffled,0.01,0.0001,2.58274,0.15992,4102
45,8,age_bin,ema_lr1e-3,0.001,0.0001,1.42731,0.35982,4102
45,8,age_bin,ema_lr5e-3,0.005,0.0001,1.29475,0.39542,4102
45,8,age_bin,ema_lr1e-2,0.01,0.0001,1.11466,0.48367,4102
45,8,age_bin,ema_lr5e-2,0.05,0.0001,0.61916,0.81667,4102
45,8,age_bin,ema_lr1e-2_wd1e-3,0.01,0.001,1.15076,0.44174,4102
45,8,age_bin,ema_d0.99,0.01,0.0001,1.08886,0.47343,4102
45,8,age_bin,ema_d0.9999,0.01,0.0001,1.10678,0.46953,4102
45,8,age_bin,mlp_h16,0.001,0.0,0.02269,1.0,4102
45,8,age_bin,mlp_h32,0.001,0.0,0.00351,1.0,4102
45,8,age_bin,mlp_h64,0.001,0.0,0.00074,1.0,4102
45,8,age_bin,mlp_h128,0.001,0.0,0.00032,1.0,4102
45,8,age_bin,attention,0.0001,1e-05,0.0,1.0,4102
45,8,age_bin,shuffled,0.01,0.0001,1.09945,0.48123,4102
45,8,gender,ema_lr1e-3,0.001,0.0001,0.93917,0.52048,4102
45,8,gender,ema_lr5e-3,0.005,0.0001,0.88938,0.50634,4102
45,8,gender,ema_lr1e-2,0.01,0.0001,0.86343,0.49805,4102
45,8,gender,ema_lr5e-2,0.05,0.0001,1.06946,0.47001,4102
45,8,gender,ema_lr1e-2_wd1e-3,0.01,0.001,0.80881,0.53242,4102
45,8,gender,ema_d0.99,0.01,0.0001,0.86498,0.49854,4102
45,8,gender,ema_d0.9999,0.01,0.0001,0.82176,0.52925,4102
45,8,gender,mlp_h16,0.001,0.0,0.68209,0.56314,4102
45,8,gender,mlp_h32,0.001,0.0,0.67557,0.58289,4102
45,8,gender,mlp_h64,0.001,0.0,0.68603,0.55875,4102
45,8,gender,mlp_h128,0.001,0.0,0.67471,0.59166,4102
45,8,gender,attention,0.0001,1e-05,0.67308,0.60156,4102
45,8,gender,shuffled,0.01,0.0001,0.87818,0.5078,4102
45,8,star_sign,ema_lr1e-3,0.001,0.0001,3.0785,0.07996,4102
45,8,star_sign,ema_lr5e-3,0.005,0.0001,2.86827,0.1097,4102
45,8,star_sign,ema_lr1e-2,0.01,0.0001,2.67548,0.15041,4102
45,8,star_sign,ema_lr5e-2,0.05,0.0001,1.30508,0.69088,4102
45,8,star_sign,ema_lr1e-2_wd1e-3,0.01,0.001,2.63705,0.14749,4102
45,8,star_sign,ema_d0.99,0.01,0.0001,2.55802,0.15651,4102
45,8,star_sign,ema_d0.9999,0.01,0.0001,2.61827,0.15358,4102
45,8,star_sign,mlp_h16,0.001,0.0,0.09267,0.9688,4102
45,8,star_sign,mlp_h32,0.001,0.0,0.0137,1.0,4102
45,8,star_sign,mlp_h64,0.001,0.0,0.00209,1.0,4102
45,8,star_sign,mlp_h128,0.001,0.0,0.00016,1.0,4102
45,8,star_sign,attention,0.0001,1e-05,0.0,1.0,4102
45,8,star_sign,shuffled,0.01,0.0001,2.64963,0.14188,4102
45,12,age_bin,ema_lr1e-3,0.001,0.0001,1.48188,0.31789,4102
45,12,age_bin,ema_lr5e-3,0.005,0.0001,1.29275,0.38225,4102
45,12,age_bin,ema_lr1e-2,0.01,0.0001,1.12588,0.46075,4102
45,12,age_bin,ema_lr5e-2,0.05,0.0001,0.45442,0.92004,4102
45,12,age_bin,ema_lr1e-2_wd1e-3,0.01,0.001,1.10696,0.47513,4102
45,12,age_bin,ema_d0.99,0.01,0.0001,1.07697,0.47903,4102
45,12,age_bin,ema_d0.9999,0.01,0.0001,1.07509,0.47465,4102
45,12,age_bin,mlp_h16,0.001,0.0,0.0061,1.0,4102
45,12,age_bin,mlp_h32,0.001,0.0,0.00418,1.0,4102
45,12,age_bin,mlp_h64,0.001,0.0,0.00262,1.0,4102
45,12,age_bin,mlp_h128,0.001,0.0,0.00033,1.0,4102
45,12,age_bin,attention,0.0001,1e-05,0.00063,1.0,4102
45,12,age_bin,shuffled,0.01,0.0001,1.10461,0.46319,4102
45,12,gender,ema_lr1e-3,0.001,0.0001,0.982,0.51024,4102
45,12,gender,ema_lr5e-3,0.005,0.0001,0.92125,0.51024,4102
45,12,gender,ema_lr1e-2,0.01,0.0001,0.92119,0.47294,4102
45,12,gender,ema_lr5e-2,0.05,0.0001,0.93405,0.50853,4102
45,12,gender,ema_lr1e-2_wd1e-3,0.01,0.001,0.86292,0.50951,4102
45,12,gender,ema_d0.99,0.01,0.0001,0.83325,0.51243,4102
45,12,gender,ema_d0.9999,0.01,0.0001,0.87903,0.49537,4102
45,12,gender,mlp_h16,0.001,0.0,0.68285,0.55388,4102
45,12,gender,mlp_h32,0.001,0.0,0.68232,0.55436,4102
45,12,gender,mlp_h64,0.001,0.0,0.68027,0.54827,4102
45,12,gender,mlp_h128,0.001,0.0,0.68094,0.56338,4102
45,12,gender,attention,0.0001,1e-05,0.73536,0.46094,4102
45,12,gender,shuffled,0.01,0.0001,0.86059,0.51048,4102
45,12,star_sign,ema_lr1e-3,0.001,0.0001,3.10923,0.108,4102
45,12,star_sign,ema_lr5e-3,0.005,0.0001,2.90188,0.11848,4102
45,12,star_sign,ema_lr1e-2,0.01,0.0001,2.62961,0.1548,4102
45,12,star_sign,ema_lr5e-2,0.05,0.0001,1.26926,0.72574,4102
45,12,star_sign,ema_lr1e-2_wd1e-3,0.01,0.001,2.67863,0.14578,4102
45,12,star_sign,ema_d0.99,0.01,0.0001,2.57488,0.15992,4102
45,12,star_sign,ema_d0.9999,0.01,0.0001,2.68085,0.14773,4102
45,12,star_sign,mlp_h16,0.001,0.0,0.04875,1.0,4102
45,12,star_sign,mlp_h32,0.001,0.0,0.01678,1.0,4102
45,12,star_sign,mlp_h64,0.001,0.0,0.00152,1.0,4102
45,12,star_sign,mlp_h128,0.001,0.0,0.0004,1.0,4102
45,12,star_sign,attention,0.0001,1e-05,0.00021,1.0,4102
45,12,star_sign,shuffled,0.01,0.0001,2.62707,0.1492,4102
45,16,age_bin,ema_lr1e-3,0.001,0.0001,1.45495,0.35251,4102
45,16,age_bin,ema_lr5e-3,0.005,0.0001,1.32726,0.37348,4102
45,16,age_bin,ema_lr1e-2,0.01,0.0001,1.07659,0.48294,4102
45,16,age_bin,ema_lr5e-2,0.05,0.0001,0.4091,0.9354,4102
45,16,age_bin,ema_lr1e-2_wd1e-3,0.01,0.001,1.10876,0.47123,4102
45,16,age_bin,ema_d0.99,0.01,0.0001,1.05803,0.48952,4102
45,16,age_bin,ema_d0.9999,0.01,0.0001,1.13191,0.4471,4102
45,16,age_bin,mlp_h16,0.001,0.0,0.03021,0.99976,4102
45,16,age_bin,mlp_h32,0.001,0.0,0.0048,1.0,4102
45,16,age_bin,mlp_h64,0.001,0.0,0.00072,1.0,4102
45,16,age_bin,mlp_h128,0.001,0.0,0.00031,1.0,4102
45,16,age_bin,attention,0.0001,1e-05,0.0,1.0,4102
45,16,age_bin,shuffled,0.01,0.0001,1.13428,0.47587,4102
45,16,gender,ema_lr1e-3,0.001,0.0001,0.90254,0.53437,4102
45,16,gender,ema_lr5e-3,0.005,0.0001,0.86097,0.53608,4102
45,16,gender,ema_lr1e-2,0.01,0.0001,0.88521,0.50634,4102
45,16,gender,ema_lr5e-2,0.05,0.0001,0.78876,0.53632,4102
45,16,gender,ema_lr1e-2_wd1e-3,0.01,0.001,0.84684,0.51609,4102
45,16,gender,ema_d0.99,0.01,0.0001,0.93519,0.46538,4102
45,16,gender,ema_d0.9999,0.01,0.0001,0.85706,0.51999,4102
45,16,gender,mlp_h16,0.001,0.0,0.69628,0.53096,4102
45,16,gender,mlp_h32,0.001,0.0,0.69383,0.53462,4102
45,16,gender,mlp_h64,0.001,0.0,0.69112,0.54315,4102
45,16,gender,mlp_h128,0.001,0.0,0.68319,0.54998,4102
45,16,gender,attention,0.0001,1e-05,0.7277,0.52344,4102
45,16,gender,shuffled,0.01,0.0001,0.84634,0.5156,4102
45,16,star_sign,ema_lr1e-3,0.001,0.0001,3.13341,0.07411,4102
45,16,star_sign,ema_lr5e-3,0.005,0.0001,2.89173,0.10531,4102
45,16,star_sign,ema_lr1e-2,0.01,0.0001,2.63316,0.1626,4102
45,16,star_sign,ema_lr5e-2,0.05,0.0001,1.24813,0.74525,4102
45,16,star_sign,ema_lr1e-2_wd1e-3,0.01,0.001,2.67578,0.1587,4102
45,16,star_sign,ema_d0.99,0.01,0.0001,2.64654,0.16797,4102
45,16,star_sign,ema_d0.9999,0.01,0.0001,2.63188,0.16065,4102
45,16,star_sign,mlp_h16,0.001,0.0,0.07277,0.99927,4102
45,16,star_sign,mlp_h32,0.001,0.0,0.02431,1.0,4102
45,16,star_sign,mlp_h64,0.001,0.0,0.00574,1.0,4102
45,16,star_sign,mlp_h128,0.001,0.0,0.00048,1.0,4102
45,16,star_sign,attention,0.0001,1e-05,0.0,1.0,4102
45,16,star_sign,shuffled,0.01,0.0001,2.63587,0.14456,4102
46,0,age_bin,ema_lr1e-3,0.001,0.0001,1.48876,0.32555,3938
46,0,age_bin,ema_lr5e-3,0.005,0.0001,1.27317,0.49771,3938
46,0,age_bin,ema_lr1e-2,0.01,0.0001,1.08926,0.66252,3938
46,0,age_bin,ema_lr5e-2,0.05,0.0001,0.40135,0.95251,3938
46,0,age_bin,ema_lr1e-2_wd1e-3,0.01,0.001,1.07587,0.64982,3938
46,0,age_bin,ema_d0.99,0.01,0.0001,1.06266,0.61935,3938
46,0,age_bin,ema_d0.9999,0.01,0.0001,1.11628,0.61833,3938
46,0,age_bin,mlp_h16,0.001,0.0,0.01124,1.0,3938
46,0,age_bin,mlp_h32,0.001,0.0,0.0065,1.0,3938
46,0,age_bin,mlp_h64,0.001,0.0,0.00209,1.0,3938
46,0,age_bin,mlp_h128,0.001,0.0,0.00044,1.0,3938
46,0,age_bin,attention,0.0001,1e-05,0.86932,1.0,3938
46,0,age_bin,shuffled,0.01,0.0001,1.11241,0.61326,3938
46,0,gender,ema_lr1e-3,0.001,0.0001,0.94128,0.50178,3938
46,0,gender,ema_lr5e-3,0.005,0.0001,0.93263,0.48349,3938
46,0,gender,ema_lr1e-2,0.01,0.0001,0.84252,0.48857,3938
46,0,gender,ema_lr5e-2,0.05,0.0001,0.79293,0.45404,3938
46,0,gender,ema_lr1e-2_wd1e-3,0.01,0.001,0.84081,0.49594,3938
46,0,gender,ema_d0.99,0.01,0.0001,0.84256,0.51549,3938
46,0,gender,ema_d0.9999,0.01,0.0001,0.86101,0.49391,3938
46,0,gender,mlp_h16,0.001,0.0,0.70153,0.4642,3938
46,0,gender,mlp_h32,0.001,0.0,0.69896,0.49746,3938
46,0,gender,mlp_h64,0.001,0.0,0.69624,0.52565,3938
46,0,gender,mlp_h128,0.001,0.0,0.70083,0.51143,3938
46,0,gender,attention,0.0001,1e-05,0.69763,0.39062,3938
46,0,gender,shuffled,0.01,0.0001,0.86911,0.49416,3938
46,0,star_sign,ema_lr1e-3,0.001,0.0001,3.21896,0.0518,3938
46,0,star_sign,ema_lr5e-3,0.005,0.0001,2.97443,0.18207,3938
46,0,star_sign,ema_lr1e-2,0.01,0.0001,2.66036,0.28111,3938
46,0,star_sign,ema_lr5e-2,0.05,0.0001,1.18408,0.82504,3938
46,0,star_sign,ema_lr1e-2_wd1e-3,0.01,0.001,2.64953,0.27476,3938
46,0,star_sign,ema_d0.99,0.01,0.0001,2.68507,0.25267,3938
46,0,star_sign,ema_d0.9999,0.01,0.0001,2.63318,0.29837,3938
46,0,star_sign,mlp_h16,0.001,0.0,0.04819,1.0,3938
46,0,star_sign,mlp_h32,0.001,0.0,0.01582,1.0,3938
46,0,star_sign,mlp_h64,0.001,0.0,0.00384,1.0,3938
46,0,star_sign,mlp_h128,0.001,0.0,0.00058,1.0,3938
46,0,star_sign,attention,0.0001,1e-05,2.13229,1.0,3938
46,0,star_sign,shuffled,0.01,0.0001,2.62945,0.29101,3938
46,4,age_bin,ema_lr1e-3,0.001,0.0001,1.39694,0.36389,3938
46,4,age_bin,ema_lr5e-3,0.005,0.0001,1.24218,0.38421,3938
46,4,age_bin,ema_lr1e-2,0.01,0.0001,1.08058,0.48629,3938
46,4,age_bin,ema_lr5e-2,0.05,0.0001,0.63988,0.80574,3938
46,4,age_bin,ema_lr1e-2_wd1e-3,0.01,0.001,1.08173,0.47689,3938
46,4,age_bin,ema_d0.99,0.01,0.0001,1.05985,0.49264,3938
46,4,age_bin,ema_d0.9999,0.01,0.0001,1.07531,0.50584,3938
46,4,age_bin,mlp_h16,0.001,0.0,0.00689,1.0,3938
46,4,age_bin,mlp_h32,0.001,0.0,0.00487,1.0,3938
46,4,age_bin,mlp_h64,0.001,0.0,0.00043,1.0,3938
46,4,age_bin,mlp_h128,0.001,0.0,0.00014,1.0,3938
46,4,age_bin,attention,0.0001,1e-05,0.0,1.0,3938
46,4,age_bin,shuffled,0.01,0.0001,1.05277,0.47842,3938
46,4,gender,ema_lr1e-3,0.001,0.0001,0.9573,0.4967,3938
46,4,gender,ema_lr5e-3,0.005,0.0001,0.8768,0.51117,3938
46,4,gender,ema_lr1e-2,0.01,0.0001,0.89239,0.48629,3938
46,4,gender,ema_lr5e-2,0.05,0.0001,1.11348,0.59116,3938
46,4,gender,ema_lr1e-2_wd1e-3,0.01,0.001,0.82006,0.51092,3938
46,4,gender,ema_d0.99,0.01,0.0001,0.81485,0.5353,3938
46,4,gender,ema_d0.9999,0.01,0.0001,0.84978,0.51422,3938
46,4,gender,mlp_h16,0.001,0.0,0.6991,0.50102,3938
46,4,gender,mlp_h32,0.001,0.0,0.69313,0.5132,3938
46,4,gender,mlp_h64,0.001,0.0,0.70576,0.49568,3938
46,4,gender,mlp_h128,0.001,0.0,0.66132,0.62113,3938
46,4,gender,attention,0.0001,1e-05,0.67289,0.5625,3938
46,4,gender,shuffled,0.01,0.0001,0.87656,0.49289,3938
46,4,star_sign,ema_lr1e-3,0.001,0.0001,3.08935,0.08101,3938
46,4,star_sign,ema_lr5e-3,0.005,0.0001,2.81937,0.11122,3938
46,4,star_sign,ema_lr1e-2,0.01,0.0001,2.52283,0.16861,3938
46,4,star_sign,ema_lr5e-2,0.05,0.0001,1.31097,0.72702,3938
46,4,star_sign,ema_lr1e-2_wd1e-3,0.01,0.001,2.53253,0.17039,3938
46,4,star_sign,ema_d0.99,0.01,0.0001,2.52633,0.1643,3938
46,4,star_sign,ema_d0.9999,0.01,0.0001,2.5521,0.16176,3938
46,4,star_sign,mlp_h16,0.001,0.0,0.04252,1.0,3938
46,4,star_sign,mlp_h32,0.001,0.0,0.00695,1.0,3938
46,4,star_sign,mlp_h64,0.001,0.0,0.00157,1.0,3938
46,4,star_sign,mlp_h128,0.001,0.0,0.0001,1.0,3938
46,4,star_sign,attention,0.0001,1e-05,0.00037,1.0,3938
46,4,star_sign,shuffled,0.01,0.0001,2.54776,0.18207,3938
46,8,age_bin,ema_lr1e-3,0.001,0.0001,1.42645,0.36338,3938
46,8,age_bin,ema_lr5e-3,0.005,0.0001,1.29967,0.39106,3938
46,8,age_bin,ema_lr1e-2,0.01,0.0001,1.0877,0.4906,3938
46,8,age_bin,ema_lr5e-2,0.05,0.0001,0.40804,0.93474,3938
46,8,age_bin,ema_lr1e-2_wd1e-3,0.01,0.001,1.07927,0.48299,3938
46,8,age_bin,ema_d0.99,0.01,0.0001,1.11232,0.46877,3938
46,8,age_bin,ema_d0.9999,0.01,0.0001,1.09225,0.47105,3938
46,8,age_bin,mlp_h16,0.001,0.0,0.02121,1.0,3938
46,8,age_bin,mlp_h32,0.001,0.0,0.00325,1.0,3938
46,8,age_bin,mlp_h64,0.001,0.0,0.0007,1.0,3938
46,8,age_bin,mlp_h128,0.001,0.0,0.00029,1.0,3938
46,8,age_bin,attention,0.0001,1e-05,0.0,1.0,3938
46,8,age_bin,shuffled,0.01,0.0001,1.07214,0.47765,3938
46,8,gender,ema_lr1e-3,0.001,0.0001,0.95565,0.50686,3938
46,8,gender,ema_lr5e-3,0.005,0.0001,0.85712,0.5325,3938
46,8,gender,ema_lr1e-2,0.01,0.0001,0.82047,0.52743,3938
46,8,gender,ema_lr5e-2,0.05,0.0001,0.92891,0.49391,3938
46,8,gender,ema_lr1e-2_wd1e-3,0.01,0.001,0.82879,0.52209,3938
46,8,gender,ema_d0.99,0.01,0.0001,0.83953,0.53047,3938
46,8,gender,ema_d0.9999,0.01,0.0001,0.81504,0.53123,3938
46,8,gender,mlp_h16,0.001,0.0,0.68368,0.55612,3938
46,8,gender,mlp_h32,0.001,0.0,0.69033,0.5358,3938
46,8,gender,mlp_h64,0.001,0.0,0.65359,0.61478,3938
46,8,gender,mlp_h128,0.001,0.0,0.68832,0.53174,3938
46,8,gender,attention,0.0001,1e-05,0.63744,0.64844,3938
46,8,gender,shuffled,0.01,0.0001,0.86831,0.50482,3938
46,8,star_sign,ema_lr1e-3,0.001,0.0001,3.10125,0.08532,3938
46,8,star_sign,ema_lr5e-3,0.005,0.0001,2.83235,0.11224,3938
46,8,star_sign,ema_lr1e-2,0.01,0.0001,2.58665,0.15998,3938
46,8,star_sign,ema_lr5e-2,0.05,0.0001,1.3922,0.839,3938
46,8,star_sign,ema_lr1e-2_wd1e-3,0.01,0.001,2.63625,0.15998,3938
46,8,star_sign,ema_d0.99,0.01,0.0001,2.65388,0.1257,3938
46,8,star_sign,ema_d0.9999,0.01,0.0001,2.52954,0.17598,3938
46,8,star_sign,mlp_h16,0.001,0.0,0.08816,0.9675,3938
46,8,star_sign,mlp_h32,0.001,0.0,0.01254,1.0,3938
46,8,star_sign,mlp_h64,0.001,0.0,0.00188,1.0,3938
46,8,star_sign,mlp_h128,0.001,0.0,0.00016,1.0,3938
46,8,star_sign,attention,0.0001,1e-05,0.0,1.0,3938
46,8,star_sign,shuffled,0.01,0.0001,2.61853,0.14804,3938
46,12,age_bin,ema_lr1e-3,0.001,0.0001,1.50446,0.31818,3938
46,12,age_bin,ema_lr5e-3,0.005,0.0001,1.27218,0.41493,3938
46,12,age_bin,ema_lr1e-2,0.01,0.0001,1.11442,0.4642,3938
46,12,age_bin,ema_lr5e-2,0.05,0.0001,0.43376,0.92179,3938
46,12,age_bin,ema_lr1e-2_wd1e-3,0.01,0.001,1.12083,0.46927,3938
46,12,age_bin,ema_d0.99,0.01,0.0001,1.09482,0.47334,3938
46,12,age_bin,ema_d0.9999,0.01,0.0001,1.10763,0.45124,3938
46,12,age_bin,mlp_h16,0.001,0.0,0.00628,1.0,3938
46,12,age_bin,mlp_h32,0.001,0.0,0.00414,1.0,3938
46,12,age_bin,mlp_h64,0.001,0.0,0.00265,1.0,3938
46,12,age_bin,mlp_h128,0.001,0.0,0.00036,1.0,3938
46,12,age_bin,attention,0.0001,1e-05,0.00041,1.0,3938
46,12,age_bin,shuffled,0.01,0.0001,1.09708,0.47892,3938
46,12,gender,ema_lr1e-3,0.001,0.0001,0.98181,0.51701,3938
46,12,gender,ema_lr5e-3,0.005,0.0001,0.83628,0.54393,3938
46,12,gender,ema_lr1e-2,0.01,0.0001,0.86265,0.51193,3938
46,12,gender,ema_lr5e-2,0.05,0.0001,0.83288,0.52362,3938
46,12,gender,ema_lr1e-2_wd1e-3,0.01,0.001,0.82833,0.53403,3938
46,12,gender,ema_d0.99,0.01,0.0001,0.78476,0.55485,3938
46,12,gender,ema_d0.9999,0.01,0.0001,0.86619,0.51371,3938
46,12,gender,mlp_h16,0.001,0.0,0.67345,0.5711,3938
46,12,gender,mlp_h32,0.001,0.0,0.66804,0.61021,3938
46,12,gender,mlp_h64,0.001,0.0,0.67167,0.59878,3938
46,12,gender,mlp_h128,0.001,0.0,0.66928,0.58862,3938
46,12,gender,attention,0.0001,1e-05,0.63212,0.625,3938
46,12,gender,shuffled,0.01,0.0001,0.87575,0.49746,3938
46,12,star_sign,ema_lr1e-3,0.001,0.0001,3.2351,0.08253,3938
46,12,star_sign,ema_lr5e-3,0.005,0.0001,2.84728,0.12265,3938
46,12,star_sign,ema_lr1e-2,0.01,0.0001,2.69518,0.15109,3938
46,12,star_sign,ema_lr5e-2,0.05,0.0001,1.20525,0.74048,3938
46,12,star_sign,ema_lr1e-2_wd1e-3,0.01,0.001,2.58062,0.16709,3938
46,12,star_sign,ema_d0.99,0.01,0.0001,2.59976,0.15363,3938
46,12,star_sign,ema_d0.9999,0.01,0.0001,2.58939,0.1648,3938
46,12,star_sign,mlp_h16,0.001,0.0,0.04785,1.0,3938
46,12,star_sign,mlp_h32,0.001,0.0,0.01618,1.0,3938
46,12,star_sign,mlp_h64,0.001,0.0,0.00159,1.0,3938
46,12,star_sign,mlp_h128,0.001,0.0,0.00043,1.0,3938
46,12,star_sign,attention,0.0001,1e-05,3e-05,1.0,3938
46,12,star_sign,shuffled,0.01,0.0001,2.65461,0.15414,3938
46,16,age_bin,ema_lr1e-3,0.001,0.0001,1.49369,0.34611,3938
46,16,age_bin,ema_lr5e-3,0.005,0.0001,1.31847,0.38624,3938
46,16,age_bin,ema_lr1e-2,0.01,0.0001,1.06284,0.49543,3938
46,16,age_bin,ema_lr5e-2,0.05,0.0001,0.44455,0.91925,3938
46,16,age_bin,ema_lr1e-2_wd1e-3,0.01,0.001,1.13717,0.468,3938
46,16,age_bin,ema_d0.99,0.01,0.0001,1.13062,0.46318,3938
46,16,age_bin,ema_d0.9999,0.01,0.0001,1.0806,0.48375,3938
46,16,age_bin,mlp_h16,0.001,0.0,0.02816,1.0,3938
46,16,age_bin,mlp_h32,0.001,0.0,0.00458,1.0,3938
46,16,age_bin,mlp_h64,0.001,0.0,0.00068,1.0,3938
46,16,age_bin,mlp_h128,0.001,0.0,0.00036,1.0,3938
46,16,age_bin,attention,0.0001,1e-05,0.0,1.0,3938
46,16,age_bin,shuffled,0.01,0.0001,1.13816,0.47461,3938
46,16,gender,ema_lr1e-3,0.001,0.0001,0.92832,0.51701,3938
46,16,gender,ema_lr5e-3,0.005,0.0001,0.90187,0.52565,3938
46,16,gender,ema_lr1e-2,0.01,0.0001,0.83022,0.53733,3938
46,16,gender,ema_lr5e-2,0.05,0.0001,0.77282,0.57237,3938
46,16,gender,ema_lr1e-2_wd1e-3,0.01,0.001,0.79251,0.55155,3938
46,16,gender,ema_d0.99,0.01,0.0001,0.78835,0.54444,3938
46,16,gender,ema_d0.9999,0.01,0.0001,0.78806,0.56526,3938
46,16,gender,mlp_h16,0.001,0.0,0.66741,0.59751,3938
46,16,gender,mlp_h32,0.001,0.0,0.66771,0.59497,3938
46,16,gender,mlp_h64,0.001,0.0,0.66778,0.59116,3938
46,16,gender,mlp_h128,0.001,0.0,0.67256,0.59192,3938
46,16,gender,attention,0.0001,1e-05,0.73656,0.51562,3938
46,16,gender,shuffled,0.01,0.0001,0.85024,0.50787,3938
46,16,star_sign,ema_lr1e-3,0.001,0.0001,3.26823,0.06805,3938
46,16,star_sign,ema_lr5e-3,0.005,0.0001,2.8993,0.11249,3938
46,16,star_sign,ema_lr1e-2,0.01,0.0001,2.62619,0.16379,3938
46,16,star_sign,ema_lr5e-2,0.05,0.0001,1.23533,0.73768,3938
46,16,star_sign,ema_lr1e-2_wd1e-3,0.01,0.001,2.73222,0.14652,3938
46,16,star_sign,ema_d0.99,0.01,0.0001,2.61001,0.15795,3938
46,16,star_sign,ema_d0.9999,0.01,0.0001,2.62595,0.16557,3938
46,16,star_sign,mlp_h16,0.001,0.0,0.06776,1.0,3938
46,16,star_sign,mlp_h32,0.001,0.0,0.02431,1.0,3938
46,16,star_sign,mlp_h64,0.001,0.0,0.00592,1.0,3938
46,16,star_sign,mlp_h128,0.001,0.0,0.00049,1.0,3938
46,16,star_sign,attention,0.0001,1e-05,0.0,1.0,3938
46,16,star_sign,shuffled,0.01,0.0001,2.61652,0.16125,3938
47,0,age_bin,ema_lr1e-3,0.001,0.0001,1.46456,0.32242,4184
47,0,age_bin,ema_lr5e-3,0.005,0.0001,1.2727,0.48757,4184
47,0,age_bin,ema_lr1e-2,0.01,0.0001,1.08624,0.65511,4184
47,0,age_bin,ema_lr5e-2,0.05,0.0001,0.39685,0.95148,4184
47,0,age_bin,ema_lr1e-2_wd1e-3,0.01,0.001,1.08658,0.65225,4184
47,0,age_bin,ema_d0.99,0.01,0.0001,1.07986,0.61663,4184
47,0,age_bin,ema_d0.9999,0.01,0.0001,1.11279,0.62978,4184
47,0,age_bin,mlp_h16,0.001,0.0,0.01029,1.0,4184
47,0,age_bin,mlp_h32,0.001,0.0,0.0058,1.0,4184
47,0,age_bin,mlp_h64,0.001,0.0,0.00183,1.0,4184
47,0,age_bin,mlp_h128,0.001,0.0,0.00039,1.0,4184
47,0,age_bin,attention,0.0001,1e-05,0.86233,1.0,4184
47,0,age_bin,shuffled,0.01,0.0001,1.10337,0.61998,4184
47,0,gender,ema_lr1e-3,0.001,0.0001,0.94306,0.50382,4184
47,0,gender,ema_lr5e-3,0.005,0.0001,0.90413,0.50621,4184
47,0,gender,ema_lr1e-2,0.01,0.0001,0.84924,0.49928,4184
47,0,gender,ema_lr5e-2,0.05,0.0001,0.792,0.5196,4184
47,0,gender,ema_lr1e-2_wd1e-3,0.01,0.001,0.85225,0.49259,4184
47,0,gender,ema_d0.99,0.01,0.0001,0.86342,0.50191,4184
47,0,gender,ema_d0.9999,0.01,0.0001,0.85334,0.50359,4184
47,0,gender,mlp_h16,0.001,0.0,0.69904,0.48518,4184
47,0,gender,mlp_h32,0.001,0.0,0.69843,0.49857,4184
47,0,gender,mlp_h64,0.001,0.0,0.70092,0.50454,4184
47,0,gender,mlp_h128,0.001,0.0,0.70398,0.49283,4184
47,0,gender,attention,0.0001,1e-05,0.69442,0.46094,4184
47,0,gender,shuffled,0.01,0.0001,0.847,0.50359,4184
47,0,star_sign,ema_lr1e-3,0.001,0.0001,3.15136,0.05282,4184
47,0,star_sign,ema_lr5e-3,0.005,0.0001,2.91325,0.19144,4184
47,0,star_sign,ema_lr1e-2,0.01,0.0001,2.64698,0.28585,4184
47,0,star_sign,ema_lr5e-2,0.05,0.0001,1.16842,0.82672,4184
47,0,star_sign,ema_lr1e-2_wd1e-3,0.01,0.001,2.59818,0.28346,4184
47,0,star_sign,ema_d0.99,0.01,0.0001,2.64225,0.27462,4184
47,0,star_sign,ema_d0.9999,0.01,0.0001,2.61045,0.33652,4184
47,0,star_sign,mlp_h16,0.001,0.0,0.04489,1.0,4184
47,0,star_sign,mlp_h32,0.001,0.0,0.01303,1.0,4184
47,0,star_sign,mlp_h64,0.001,0.0,0.00334,1.0,4184
47,0,star_sign,mlp_h128,0.001,0.0,0.00054,1.0,4184
47,0,star_sign,attention,0.0001,1e-05,2.12215,1.0,4184
47,0,star_sign,shuffled,0.01,0.0001,2.60923,0.29541,4184
47,4,age_bin,ema_lr1e-3,0.001,0.0001,1.3661,0.36401,4184
47,4,age_bin,ema_lr5e-3,0.005,0.0001,1.24049,0.38599,4184
47,4,age_bin,ema_lr1e-2,0.01,0.0001,1.0789,0.48805,4184
47,4,age_bin,ema_lr5e-2,0.05,0.0001,0.5216,0.93069,4184
47,4,age_bin,ema_lr1e-2_wd1e-3,0.01,0.001,1.04532,0.5098,4184
47,4,age_bin,ema_d0.99,0.01,0.0001,1.07213,0.48279,4184
47,4,age_bin,ema_d0.9999,0.01,0.0001,1.06758,0.49116,4184
47,4,age_bin,mlp_h16,0.001,0.0,0.00656,1.0,4184
47,4,age_bin,mlp_h32,0.001,0.0,0.00462,1.0,4184
47,4,age_bin,mlp_h64,0.001,0.0,0.00041,1.0,4184
47,4,age_bin,mlp_h128,0.001,0.0,0.00013,1.0,4184
47,4,age_bin,attention,0.0001,1e-05,0.0,1.0,4184
47,4,age_bin,shuffled,0.01,0.0001,1.04659,0.49092,4184
47,4,gender,ema_lr1e-3,0.001,0.0001,0.94269,0.49809,4184
47,4,gender,ema_lr5e-3,0.005,0.0001,0.91611,0.47419,4184
47,4,gender,ema_lr1e-2,0.01,0.0001,0.85796,0.49904,4184
47,4,gender,ema_lr5e-2,0.05,0.0001,1.07694,0.47777,4184
47,4,gender,ema_lr1e-2_wd1e-3,0.01,0.001,0.83578,0.51195,4184
47,4,gender,ema_d0.99,0.01,0.0001,0.83128,0.52581,4184
47,4,gender,ema_d0.9999,0.01,0.0001,0.85146,0.50072,4184
47,4,gender,mlp_h16,0.001,0.0,0.70157,0.49283,4184
47,4,gender,mlp_h32,0.001,0.0,0.70059,0.49474,4184
47,4,gender,mlp_h64,0.001,0.0,0.71203,0.5,4184
47,4,gender,mlp_h128,0.001,0.0,0.69808,0.53872,4184
47,4,gender,attention,0.0001,1e-05,0.7332,0.35938,4184
47,4,gender,shuffled,0.01,0.0001,0.87234,0.50598,4184
47,4,star_sign,ema_lr1e-3,0.001,0.0001,3.09882,0.07768,4184
47,4,star_sign,ema_lr5e-3,0.005,0.0001,2.7291,0.13002,4184
47,4,star_sign,ema_lr1e-2,0.01,0.0001,2.52206,0.16013,4184
47,4,star_sign,ema_lr5e-2,0.05,0.0001,1.364,0.87787,4184
47,4,star_sign,ema_lr1e-2_wd1e-3,0.01,0.001,2.52025,0.16515,4184
47,4,star_sign,ema_d0.99,0.01,0.0001,2.55908,0.16444,4184
47,4,star_sign,ema_d0.9999,0.01,0.0001,2.49981,0.17089,4184
47,4,star_sign,mlp_h16,0.001,0.0,0.03751,1.0,4184
47,4,star_sign,mlp_h32,0.001,0.0,0.00658,1.0,4184
47,4,star_sign,mlp_h64,0.001,0.0,0.0015,1.0,4184
47,4,star_sign,mlp_h128,0.001,0.0,8e-05,1.0,4184
47,4,star_sign,attention,0.0001,1e-05,0.00057,1.0,4184
47,4,star_sign,shuffled,0.01,0.0001,2.55078,0.174,4184
47,8,age_bin,ema_lr1e-3,0.001,0.0001,1.46553,0.34584,4184
47,8,age_bin,ema_lr5e-3,0.005,0.0001,1.2285,0.42902,4184
47,8,age_bin,ema_lr1e-2,0.01,0.0001,1.0798,0.48829,4184
47,8,age_bin,ema_lr5e-2,0.05,0.0001,0.48462,0.94312,4184
47,8,age_bin,ema_lr1e-2_wd1e-3,0.01,0.001,1.11019,0.46941,4184
47,8,age_bin,ema_d0.99,0.01,0.0001,1.07061,0.50072,4184
47,8,age_bin,ema_d0.9999,0.01,0.0001,1.07355,0.48614,4184
47,8,age_bin,mlp_h16,0.001,0.0,0.01973,1.0,4184
47,8,age_bin,mlp_h32,0.001,0.0,0.00337,1.0,4184
47,8,age_bin,mlp_h64,0.001,0.0,0.00073,1.0,4184
47,8,age_bin,mlp_h128,0.001,0.0,0.00031,1.0,4184
47,8,age_bin,attention,0.0001,1e-05,0.0,1.0,4184
47,8,age_bin,shuffled,0.01,0.0001,1.06141,0.50837,4184
47,8,gender,ema_lr1e-3,0.001,0.0001,0.93563,0.50478,4184
47,8,gender,ema_lr5e-3,0.005,0.0001,0.94071,0.47419,4184
47,8,gender,ema_lr1e-2,0.01,0.0001,0.82764,0.5153,4184
47,8,gender,ema_lr5e-2,0.05,0.0001,1.07148,0.54302,4184
47,8,gender,ema_lr1e-2_wd1e-3,0.01,0.001,0.86044,0.50024,4184
47,8,gender,ema_d0.99,0.01,0.0001,0.8399,0.53083,4184
47,8,gender,ema_d0.9999,0.01,0.0001,0.83981,0.50956,4184
47,8,gender,mlp_h16,0.001,0.0,0.7003,0.50478,4184
47,8,gender,mlp_h32,0.001,0.0,0.70551,0.49283,4184
47,8,gender,mlp_h64,0.001,0.0,0.70103,0.52677,4184
47,8,gender,mlp_h128,0.001,0.0,0.70803,0.48972,4184
47,8,gender,attention,0.0001,1e-05,0.69532,0.53906,4184
47,8,gender,shuffled,0.01,0.0001,0.87421,0.5043,4184
47,8,star_sign,ema_lr1e-3,0.001,0.0001,3.02969,0.08556,4184
47,8,star_sign,ema_lr5e-3,0.005,0.0001,2.89421,0.09871,4184
47,8,star_sign,ema_lr1e-2,0.01,0.0001,2.55621,0.17065,4184
47,8,star_sign,ema_lr5e-2,0.05,0.0001,1.18315,0.76338,4184
47,8,star_sign,ema_lr1e-2_wd1e-3,0.01,0.001,2.58455,0.15942,4184
47,8,star_sign,ema_d0.99,0.01,0.0001,2.61001,0.13695,4184
47,8,star_sign,ema_d0.9999,0.01,0.0001,2.60374,0.16133,4184
47,8,star_sign,mlp_h16,0.001,0.0,0.08518,0.96941,4184
47,8,star_sign,mlp_h32,0.001,0.0,0.01217,1.0,4184
47,8,star_sign,mlp_h64,0.001,0.0,0.00198,1.0,4184
47,8,star_sign,mlp_h128,0.001,0.0,0.00019,1.0,4184
47,8,star_sign,attention,0.0001,1e-05,0.0,1.0,4184
47,8,star_sign,shuffled,0.01,0.0001,2.61438,0.1489,4184
47,12,age_bin,ema_lr1e-3,0.001,0.0001,1.48166,0.32337,4184
47,12,age_bin,ema_lr5e-3,0.005,0.0001,1.28886,0.40488,4184
47,12,age_bin,ema_lr1e-2,0.01,0.0001,1.08558,0.48423,4184
47,12,age_bin,ema_lr5e-2,0.05,0.0001,0.45682,0.91707,4184
47,12,age_bin,ema_lr1e-2_wd1e-3,0.01,0.001,1.09637,0.48279,4184
47,12,age_bin,ema_d0.99,0.01,0.0001,1.08988,0.47443,4184
47,12,age_bin,ema_d0.9999,0.01,0.0001,1.0865,0.47347,4184
47,12,age_bin,mlp_h16,0.001,0.0,0.00574,1.0,4184
47,12,age_bin,mlp_h32,0.001,0.0,0.00387,1.0,4184
47,12,age_bin,mlp_h64,0.001,0.0,0.00241,1.0,4184
47,12,age_bin,mlp_h128,0.001,0.0,0.00031,1.0,4184
47,12,age_bin,attention,0.0001,1e-05,0.00034,1.0,4184
47,12,age_bin,shuffled,0.01,0.0001,1.09256,0.48303,4184
47,12,gender,ema_lr1e-3,0.001,0.0001,1.01283,0.49044,4184
47,12,gender,ema_lr5e-3,0.005,0.0001,0.88494,0.50813,4184
47,12,gender,ema_lr1e-2,0.01,0.0001,0.87037,0.49976,4184
47,12,gender,ema_lr5e-2,0.05,0.0001,0.95436,0.51888,4184
47,12,gender,ema_lr1e-2_wd1e-3,0.01,0.001,0.84973,0.52366,4184
47,12,gender,ema_d0.99,0.01,0.0001,0.87841,0.49761,4184
47,12,gender,ema_d0.9999,0.01,0.0001,0.84018,0.51554,4184
47,12,gender,mlp_h16,0.001,0.0,0.70273,0.49976,4184
47,12,gender,mlp_h32,0.001,0.0,0.70435,0.51004,4184
47,12,gender,mlp_h64,0.001,0.0,0.70884,0.4988,4184
47,12,gender,mlp_h128,0.001,0.0,0.71137,0.5043,4184
47,12,gender,attention,0.0001,1e-05,0.72475,0.50781,4184
47,12,gender,shuffled,0.01,0.0001,0.87001,0.49737,4184
47,12,star_sign,ema_lr1e-3,0.001,0.0001,3.19047,0.09321,4184
47,12,star_sign,ema_lr5e-3,0.005,0.0001,2.87016,0.13121,4184
47,12,star_sign,ema_lr1e-2,0.01,0.0001,2.6179,0.15798,4184
47,12,star_sign,ema_lr5e-2,0.05,0.0001,1.21247,0.78657,4184
47,12,star_sign,ema_lr1e-2_wd1e-3,0.01,0.001,2.59169,0.15177,4184
47,12,star_sign,ema_d0.99,0.01,0.0001,2.64735,0.15368,4184
47,12,star_sign,ema_d0.9999,0.01,0.0001,2.61659,0.16444,4184
47,12,star_sign,mlp_h16,0.001,0.0,0.04074,1.0,4184
47,12,star_sign,mlp_h32,0.001,0.0,0.01462,1.0,4184
47,12,star_sign,mlp_h64,0.001,0.0,0.00142,1.0,4184
47,12,star_sign,mlp_h128,0.001,0.0,0.00034,1.0,4184
47,12,star_sign,attention,0.0001,1e-05,0.0004,1.0,4184
47,12,star_sign,shuffled,0.01,0.0001,2.63149,0.15774,4184
47,16,age_bin,ema_lr1e-3,0.001,0.0001,1.49951,0.34632,4184
47,16,age_bin,ema_lr5e-3,0.005,0.0001,1.31076,0.40272,4184
47,16,age_bin,ema_lr1e-2,0.01,0.0001,1.05013,0.5086,4184
47,16,age_bin,ema_lr5e-2,0.05,0.0001,0.40892,0.93786,4184
47,16,age_bin,ema_lr1e-2_wd1e-3,0.01,0.001,1.1839,0.4424,4184
47,16,age_bin,ema_d0.99,0.01,0.0001,1.0838,0.48566,4184
47,16,age_bin,ema_d0.9999,0.01,0.0001,1.05675,0.48279,4184
47,16,age_bin,mlp_h16,0.001,0.0,0.02705,1.0,4184
47,16,age_bin,mlp_h32,0.001,0.0,0.00451,1.0,4184
47,16,age_bin,mlp_h64,0.001,0.0,0.00067,1.0,4184
47,16,age_bin,mlp_h128,0.001,0.0,0.00032,1.0,4184
47,16,age_bin,attention,0.0001,1e-05,0.0,1.0,4184
47,16,age_bin,shuffled,0.01,0.0001,1.1386,0.46702,4184
47,16,gender,ema_lr1e-3,0.001,0.0001,0.96014,0.50287,4184
47,16,gender,ema_lr5e-3,0.005,0.0001,0.89821,0.5153,4184
47,16,gender,ema_lr1e-2,0.01,0.0001,0.91196,0.49235,4184
47,16,gender,ema_lr5e-2,0.05,0.0001,0.83264,0.52008,4184
47,16,gender,ema_lr1e-2_wd1e-3,0.01,0.001,0.83619,0.52701,4184
47,16,gender,ema_d0.99,0.01,0.0001,0.88984,0.49689,4184
47,16,gender,ema_d0.9999,0.01,0.0001,0.86761,0.51506,4184
47,16,gender,mlp_h16,0.001,0.0,0.71116,0.51554,4184
47,16,gender,mlp_h32,0.001,0.0,0.70989,0.51147,4184
47,16,gender,mlp_h64,0.001,0.0,0.7068,0.51984,4184
47,16,gender,mlp_h128,0.001,0.0,0.70933,0.51912,4184
47,16,gender,attention,0.0001,1e-05,0.76781,0.46875,4184
47,16,gender,shuffled,0.01,0.0001,0.84746,0.50574,4184
47,16,star_sign,ema_lr1e-3,0.001,0.0001,3.18317,0.07576,4184
47,16,star_sign,ema_lr5e-3,0.005,0.0001,2.823,0.11998,4184
47,16,star_sign,ema_lr1e-2,0.01,0.0001,2.62637,0.15942,4184
47,16,star_sign,ema_lr5e-2,0.05,0.0001,1.21065,0.75454,4184
47,16,star_sign,ema_lr1e-2_wd1e-3,0.01,0.001,2.68136,0.16037,4184
47,16,star_sign,ema_d0.99,0.01,0.0001,2.70309,0.14245,4184
47,16,star_sign,ema_d0.9999,0.01,0.0001,2.66418,0.16467,4184
47,16,star_sign,mlp_h16,0.001,0.0,0.06384,1.0,4184
47,16,star_sign,mlp_h32,0.001,0.0,0.02343,1.0,4184
47,16,star_sign,mlp_h64,0.001,0.0,0.0055,1.0,4184
47,16,star_sign,mlp_h128,0.001,0.0,0.00046,1.0,4184
47,16,star_sign,attention,0.0001,1e-05,0.0,1.0,4184
47,16,star_sign,shuffled,0.01,0.0001,2.65644,0.15679,4184
48,0,age_bin,ema_lr1e-3,0.001,0.0001,1.50097,0.31098,4116
48,0,age_bin,ema_lr5e-3,0.005,0.0001,1.2751,0.48202,4116
48,0,age_bin,ema_lr1e-2,0.01,0.0001,1.05851,0.66837,4116
48,0,age_bin,ema_lr5e-2,0.05,0.0001,0.38951,0.95675,4116
48,0,age_bin,ema_lr1e-2_wd1e-3,0.01,0.001,1.06548,0.64018,4116
48,0,age_bin,ema_d0.99,0.01,0.0001,1.06218,0.62439,4116
48,0,age_bin,ema_d0.9999,0.01,0.0001,1.12643,0.6312,4116
48,0,age_bin,mlp_h16,0.001,0.0,0.01006,1.0,4116
48,0,age_bin,mlp_h32,0.001,0.0,0.00568,1.0,4116
48,0,age_bin,mlp_h64,0.001,0.0,0.0018,1.0,4116
48,0,age_bin,mlp_h128,0.001,0.0,0.00038,1.0,4116
48,0,age_bin,attention,0.0001,1e-05,0.85086,1.0,4116
48,0,age_bin,shuffled,0.01,0.0001,1.09121,0.62196,4116
48,0,gender,ema_lr1e-3,0.001,0.0001,0.97679,0.48834,4116
48,0,gender,ema_lr5e-3,0.005,0.0001,0.91291,0.50462,4116
48,0,gender,ema_lr1e-2,0.01,0.0001,0.84235,0.50486,4116
48,0,gender,ema_lr5e-2,0.05,0.0001,0.76063,0.50559,4116
48,0,gender,ema_lr1e-2_wd1e-3,0.01,0.001,0.85737,0.49684,4116
48,0,gender,ema_d0.99,0.01,0.0001,0.84223,0.51458,4116
48,0,gender,ema_d0.9999,0.01,0.0001,0.86282,0.49295,4116
48,0,gender,mlp_h16,0.001,0.0,0.69168,0.51603,4116
48,0,gender,mlp_h32,0.001,0.0,0.69527,0.51433,4116
48,0,gender,mlp_h64,0.001,0.0,0.70258,0.49247,4116
48,0,gender,mlp_h128,0.001,0.0,0.70019,0.50729,4116
48,0,gender,attention,0.0001,1e-05,0.69121,0.53125,4116
48,0,gender,shuffled,0.01,0.0001,0.84678,0.50583,4116
48,0,star_sign,ema_lr1e-3,0.001,0.0001,3.16618,0.05466,4116
48,0,star_sign,ema_lr5e-3,0.005,0.0001,2.89638,0.20943,4116
48,0,star_sign,ema_lr1e-2,0.01,0.0001,2.63907,0.24514,4116
48,0,star_sign,ema_lr5e-2,0.05,0.0001,1.1391,0.83795,4116
48,0,star_sign,ema_lr1e-2_wd1e-3,0.01,0.001,2.6186,0.22813,4116
48,0,star_sign,ema_d0.99,0.01,0.0001,2.62179,0.3275,4116
48,0,star_sign,ema_d0.9999,0.01,0.0001,2.62832,0.33625,4116
48,0,star_sign,mlp_h16,0.001,0.0,0.04154,1.0,4116
48,0,star_sign,mlp_h32,0.001,0.0,0.01284,1.0,4116
48,0,star_sign,mlp_h64,0.001,0.0,0.0032,1.0,4116
48,0,star_sign,mlp_h128,0.001,0.0,0.0005,1.0,4116
48,0,star_sign,attention,0.0001,1e-05,2.10334,1.0,4116
48,0,star_sign,shuffled,0.01,0.0001,2.60868,0.30637,4116
48,4,age_bin,ema_lr1e-3,0.001,0.0001,1.40706,0.36103,4116
48,4,age_bin,ema_lr5e-3,0.005,0.0001,1.22077,0.39043,4116
48,4,age_bin,ema_lr1e-2,0.01,0.0001,1.08167,0.49028,4116
48,4,age_bin,ema_lr5e-2,0.05,0.0001,0.72728,0.73615,4116
48,4,age_bin,ema_lr1e-2_wd1e-3,0.01,0.001,0.99815,0.54009,4116
48,4,age_bin,ema_d0.99,0.01,0.0001,1.07119,0.49004,4116
48,4,age_bin,ema_d0.9999,0.01,0.0001,1.04701,0.50389,4116
48,4,age_bin,mlp_h16,0.001,0.0,0.00631,1.0,4116
48,4,age_bin,mlp_h32,0.001,0.0,0.00438,1.0,4116
48,4,age_bin,mlp_h64,0.001,0.0,0.0004,1.0,4116
48,4,age_bin,mlp_h128,0.001,0.0,0.00013,1.0,4116
48,4,age_bin,attention,0.0001,1e-05,0.0,1.0,4116
48,4,age_bin,shuffled,0.01,0.0001,1.01423,0.51871,4116
48,4,gender,ema_lr1e-3,0.001,0.0001,0.92973,0.50073,4116
48,4,gender,ema_lr5e-3,0.005,0.0001,0.85938,0.52235,4116
48,4,gender,ema_lr1e-2,0.01,0.0001,0.85635,0.49927,4116
48,4,gender,ema_lr5e-2,0.05,0.0001,1.11195,0.5085,4116
48,4,gender,ema_lr1e-2_wd1e-3,0.01,0.001,0.81249,0.52794,4116
48,4,gender,ema_d0.99,0.01,0.0001,0.85562,0.49441,4116
48,4,gender,ema_d0.9999,0.01,0.0001,0.85293,0.51166,4116
48,4,gender,mlp_h16,0.001,0.0,0.68584,0.55879,4116
48,4,gender,mlp_h32,0.001,0.0,0.68444,0.56584,4116
48,4,gender,mlp_h64,0.001,0.0,0.6878,0.56365,4116
48,4,gender,mlp_h128,0.001,0.0,0.71828,0.51409,4116
48,4,gender,attention,0.0001,1e-05,0.71542,0.51562,4116
48,4,gender,shuffled,0.01,0.0001,0.87575,0.49733,4116
48,4,star_sign,ema_lr1e-3,0.001,0.0001,3.07554,0.07969,4116
48,4,star_sign,ema_lr5e-3,0.005,0.0001,2.72524,0.13362,4116
48,4,star_sign,ema_lr1e-2,0.01,0.0001,2.47848,0.17396,4116
48,4,star_sign,ema_lr5e-2,0.05,0.0001,1.1743,0.80248,4116
48,4,star_sign,ema_lr1e-2_wd1e-3,0.01,0.001,2.47938,0.18513,4116
48,4,star_sign,ema_d0.99,0.01,0.0001,2.54694,0.15646,4116
48,4,star_sign,ema_d0.9999,0.01,0.0001,2.53794,0.15914,4116
48,4,star_sign,mlp_h16,0.001,0.0,0.0346,1.0,4116
48,4,star_sign,mlp_h32,0.001,0.0,0.0063,1.0,4116
48,4,star_sign,mlp_h64,0.001,0.0,0.00148,1.0,4116
48,4,star_sign,mlp_h128,0.001,0.0,8e-05,1.0,4116
48,4,star_sign,attention,0.0001,1e-05,0.00024,1.0,4116
48,4,star_sign,shuffled,0.01,0.0001,2.52327,0.1793,4116
48,8,age_bin,ema_lr1e-3,0.001,0.0001,1.46144,0.35447,4116
48,8,age_bin,ema_lr5e-3,0.005,0.0001,1.24829,0.41594,4116
48,8,age_bin,ema_lr1e-2,0.01,0.0001,1.06453,0.51288,4116
48,8,age_bin,ema_lr5e-2,0.05,0.0001,0.60992,0.81171,4116
48,8,age_bin,ema_lr1e-2_wd1e-3,0.01,0.001,1.10102,0.474,4116
48,8,age_bin,ema_d0.99,0.01,0.0001,1.07311,0.49587,4116
48,8,age_bin,ema_d0.9999,0.01,0.0001,1.06441,0.48931,4116
48,8,age_bin,mlp_h16,0.001,0.0,0.0173,1.0,4116
48,8,age_bin,mlp_h32,0.001,0.0,0.00299,1.0,4116
48,8,age_bin,mlp_h64,0.001,0.0,0.00065,1.0,4116
48,8,age_bin,mlp_h128,0.001,0.0,0.00028,1.0,4116
48,8,age_bin,attention,0.0001,1e-05,0.0,1.0,4116
48,8,age_bin,shuffled,0.01,0.0001,1.08408,0.48032,4116
48,8,gender,ema_lr1e-3,0.001,0.0001,0.94873,0.50534,4116
48,8,gender,ema_lr5e-3,0.005,0.0001,0.94536,0.47668,4116
48,8,gender,ema_lr1e-2,0.01,0.0001,0.84544,0.50996,4116
48,8,gender,ema_lr5e-2,0.05,0.0001,0.89288,0.53231,4116
48,8,gender,ema_lr1e-2_wd1e-3,0.01,0.001,0.83691,0.52138,4116
48,8,gender,ema_d0.99,0.01,0.0001,0.84247,0.51093,4116
48,8,gender,ema_d0.9999,0.01,0.0001,0.81867,0.52745,4116
48,8,gender,mlp_h16,0.001,0.0,0.68852,0.55053,4116
48,8,gender,mlp_h32,0.001,0.0,0.68688,0.5379,4116
48,8,gender,mlp_h64,0.001,0.0,0.71011,0.53086,4116
48,8,gender,mlp_h128,0.001,0.0,0.6876,0.53571,4116
48,8,gender,attention,0.0001,1e-05,0.7104,0.50781,4116
48,8,gender,shuffled,0.01,0.0001,0.87215,0.49636,4116
48,8,star_sign,ema_lr1e-3,0.001,0.0001,3.11506,0.0826,4116
48,8,star_sign,ema_lr5e-3,0.005,0.0001,2.77756,0.13192,4116
48,8,star_sign,ema_lr1e-2,0.01,0.0001,2.50285,0.18027,4116
48,8,star_sign,ema_lr5e-2,0.05,0.0001,1.21064,0.75121,4116
48,8,star_sign,ema_lr1e-2_wd1e-3,0.01,0.001,2.58872,0.15719,4116
48,8,star_sign,ema_d0.99,0.01,0.0001,2.59325,0.15039,4116
48,8,star_sign,ema_d0.9999,0.01,0.0001,2.52995,0.1742,4116
48,8,star_sign,mlp_h16,0.001,0.0,0.0801,0.9689,4116
48,8,star_sign,mlp_h32,0.001,0.0,0.01071,1.0,4116
48,8,star_sign,mlp_h64,0.001,0.0,0.00172,1.0,4116
48,8,star_sign,mlp_h128,0.001,0.0,0.00015,1.0,4116
48,8,star_sign,attention,0.0001,1e-05,0.0,1.0,4116
48,8,star_sign,shuffled,0.01,0.0001,2.62075,0.15282,4116
48,12,age_bin,ema_lr1e-3,0.001,0.0001,1.46438,0.31827,4116
48,12,age_bin,ema_lr5e-3,0.005,0.0001,1.2346,0.41642,4116
48,12,age_bin,ema_lr1e-2,0.01,0.0001,1.08393,0.49198,4116
48,12,age_bin,ema_lr5e-2,0.05,0.0001,0.42197,0.92517,4116
48,12,age_bin,ema_lr1e-2_wd1e-3,0.01,0.001,1.10791,0.4672,4116
48,12,age_bin,ema_d0.99,0.01,0.0001,1.07383,0.48639,4116
48,12,age_bin,ema_d0.9999,0.01,0.0001,1.07832,0.47303,4116
48,12,age_bin,mlp_h16,0.001,0.0,0.00524,1.0,4116
48,12,age_bin,mlp_h32,0.001,0.0,0.00359,1.0,4116
48,12,age_bin,mlp_h64,0.001,0.0,0.00238,1.0,4116
48,12,age_bin,mlp_h128,0.001,0.0,0.00034,1.0,4116
48,12,age_bin,attention,0.0001,1e-05,0.00033,1.0,4116
48,12,age_bin,shuffled,0.01,0.0001,1.04334,0.50948,4116
48,12,gender,ema_lr1e-3,0.001,0.0001,1.01993,0.48008,4116
48,12,gender,ema_lr5e-3,0.005,0.0001,0.89295,0.5034,4116
48,12,gender,ema_lr1e-2,0.01,0.0001,0.8523,0.50486,4116
48,12,gender,ema_lr5e-2,0.05,0.0001,0.79674,0.54689,4116
48,12,gender,ema_lr1e-2_wd1e-3,0.01,0.001,0.87177,0.50292,4116
48,12,gender,ema_d0.99,0.01,0.0001,0.85359,0.50316,4116
48,12,gender,ema_d0.9999,0.01,0.0001,0.87316,0.50219,4116
48,12,gender,mlp_h16,0.001,0.0,0.68305,0.56851,4116
48,12,gender,mlp_h32,0.001,0.0,0.68302,0.5758,4116
48,12,gender,mlp_h64,0.001,0.0,0.6833,0.5775,4116
48,12,gender,mlp_h128,0.001,0.0,0.68548,0.56633,4116
48,12,gender,attention,0.0001,1e-05,0.69841,0.52344,4116
48,12,gender,shuffled,0.01,0.0001,0.87566,0.49903,4116
48,12,star_sign,ema_lr1e-3,0.001,0.0001,3.13673,0.10617,4116
48,12,star_sign,ema_lr5e-3,0.005,0.0001,2.90319,0.12901,4116
48,12,star_sign,ema_lr1e-2,0.01,0.0001,2.6139,0.15428,4116
48,12,star_sign,ema_lr5e-2,0.05,0.0001,1.17984,0.75753,4116
48,12,star_sign,ema_lr1e-2_wd1e-3,0.01,0.001,2.62444,0.14796,4116
48,12,star_sign,ema_d0.99,0.01,0.0001,2.60234,0.14772,4116
48,12,star_sign,ema_d0.9999,0.01,0.0001,2.59584,0.16399,4116
48,12,star_sign,mlp_h16,0.001,0.0,0.0418,1.0,4116
48,12,star_sign,mlp_h32,0.001,0.0,0.01441,1.0,4116
48,12,star_sign,mlp_h64,0.001,0.0,0.0015,1.0,4116
48,12,star_sign,mlp_h128,0.001,0.0,0.00039,1.0,4116
48,12,star_sign,attention,0.0001,1e-05,3e-05,1.0,4116
48,12,star_sign,shuffled,0.01,0.0001,2.56259,0.16399,4116
48,16,age_bin,ema_lr1e-3,0.001,0.0001,1.57382,0.32823,4116
48,16,age_bin,ema_lr5e-3,0.005,0.0001,1.30685,0.38338,4116
48,16,age_bin,ema_lr1e-2,0.01,0.0001,1.06428,0.49344,4116
48,16,age_bin,ema_lr5e-2,0.05,0.0001,0.39042,0.94582,4116
48,16,age_bin,ema_lr1e-2_wd1e-3,0.01,0.001,1.11477,0.45918,4116
48,16,age_bin,ema_d0.99,0.01,0.0001,1.05974,0.5051,4116
48,16,age_bin,ema_d0.9999,0.01,0.0001,1.07499,0.49223,4116
48,16,age_bin,mlp_h16,0.001,0.0,0.02366,0.99976,4116
48,16,age_bin,mlp_h32,0.001,0.0,0.00403,1.0,4116
48,16,age_bin,mlp_h64,0.001,0.0,0.00056,1.0,4116
48,16,age_bin,mlp_h128,0.001,0.0,0.00026,1.0,4116
48,16,age_bin,attention,0.0001,1e-05,0.0,1.0,4116
48,16,age_bin,shuffled,0.01,0.0001,1.12769,0.4638,4116
48,16,gender,ema_lr1e-3,0.001,0.0001,0.94213,0.51603,4116
48,16,gender,ema_lr5e-3,0.005,0.0001,0.87356,0.53401,4116
48,16,gender,ema_lr1e-2,0.01,0.0001,0.86071,0.51142,4116
48,16,gender,ema_lr5e-2,0.05,0.0001,0.76297,0.54932,4116
48,16,gender,ema_lr1e-2_wd1e-3,0.01,0.001,0.81292,0.54616,4116
48,16,gender,ema_d0.99,0.01,0.0001,0.86369,0.51774,4116
48,16,gender,ema_d0.9999,0.01,0.0001,0.85743,0.51433,4116
48,16,gender,mlp_h16,0.001,0.0,0.67287,0.59135,4116
48,16,gender,mlp_h32,0.001,0.0,0.67819,0.58115,4116
48,16,gender,mlp_h64,0.001,0.0,0.67181,0.59281,4116
48,16,gender,mlp_h128,0.001,0.0,0.6734,0.59572,4116
48,16,gender,attention,0.0001,1e-05,0.74171,0.50781,4116
48,16,gender,shuffled,0.01,0.0001,0.86396,0.49708,4116
48,16,star_sign,ema_lr1e-3,0.001,0.0001,3.21799,0.0707,4116
48,16,star_sign,ema_lr5e-3,0.005,0.0001,2.84585,0.11808,4116
48,16,star_sign,ema_lr1e-2,0.01,0.0001,2.61722,0.16302,4116
48,16,star_sign,ema_lr5e-2,0.05,0.0001,1.18557,0.76531,4116
48,16,star_sign,ema_lr1e-2_wd1e-3,0.01,0.001,2.63247,0.16327,4116
48,16,star_sign,ema_d0.99,0.01,0.0001,2.61233,0.16497,4116
48,16,star_sign,ema_d0.9999,0.01,0.0001,2.64627,0.16229,4116
48,16,star_sign,mlp_h16,0.001,0.0,0.05431,0.99976,4116
48,16,star_sign,mlp_h32,0.001,0.0,0.01966,1.0,4116
48,16,star_sign,mlp_h64,0.001,0.0,0.00457,1.0,4116
48,16,star_sign,mlp_h128,0.001,0.0,0.00037,1.0,4116
48,16,star_sign,attention,0.0001,1e-05,0.0,1.0,4116
48,16,star_sign,shuffled,0.01,0.0001,2.56726,0.17055,4116
49,0,age_bin,ema_lr1e-3,0.001,0.0001,1.50036,0.32157,4167
49,0,age_bin,ema_lr5e-3,0.005,0.0001,1.27722,0.509,4167
49,0,age_bin,ema_lr1e-2,0.01,0.0001,1.07881,0.66211,4167
49,0,age_bin,ema_lr5e-2,0.05,0.0001,0.38335,0.95536,4167
49,0,age_bin,ema_lr1e-2_wd1e-3,0.01,0.001,1.06359,0.65803,4167
49,0,age_bin,ema_d0.99,0.01,0.0001,1.0654,0.63907,4167
49,0,age_bin,ema_d0.9999,0.01,0.0001,1.07422,0.65299,4167
49,0,age_bin,mlp_h16,0.001,0.0,0.00916,1.0,4167
49,0,age_bin,mlp_h32,0.001,0.0,0.00539,1.0,4167
49,0,age_bin,mlp_h64,0.001,0.0,0.00173,1.0,4167
49,0,age_bin,mlp_h128,0.001,0.0,0.00036,1.0,4167
49,0,age_bin,attention,0.0001,1e-05,0.84933,1.0,4167
49,0,age_bin,shuffled,0.01,0.0001,1.08621,0.63667,4167
49,0,gender,ema_lr1e-3,0.001,0.0001,0.95769,0.49676,4167
49,0,gender,ema_lr5e-3,0.005,0.0001,0.90378,0.50084,4167
49,0,gender,ema_lr1e-2,0.01,0.0001,0.87182,0.50084,4167
49,0,gender,ema_lr5e-2,0.05,0.0001,0.77354,0.4814,4167
49,0,gender,ema_lr1e-2_wd1e-3,0.01,0.001,0.85942,0.50684,4167
49,0,gender,ema_d0.99,0.01,0.0001,0.85089,0.49676,4167
49,0,gender,ema_d0.9999,0.01,0.0001,0.86711,0.51092,4167
49,0,gender,mlp_h16,0.001,0.0,0.69621,0.49868,4167
49,0,gender,mlp_h32,0.001,0.0,0.6995,0.49772,4167
49,0,gender,mlp_h64,0.001,0.0,0.70567,0.49244,4167
49,0,gender,mlp_h128,0.001,0.0,0.70716,0.48764,4167
49,0,gender,attention,0.0001,1e-05,0.69411,0.50781,4167
49,0,gender,shuffled,0.01,0.0001,0.8537,0.50804,4167
49,0,star_sign,ema_lr1e-3,0.001,0.0001,3.19324,0.04824,4167
49,0,star_sign,ema_lr5e-3,0.005,0.0001,2.85825,0.2011,4167
49,0,star_sign,ema_lr1e-2,0.01,0.0001,2.60918,0.25006,4167
49,0,star_sign,ema_lr5e-2,0.05,0.0001,1.12123,0.83825,4167
49,0,star_sign,ema_lr1e-2_wd1e-3,0.01,0.001,2.57445,0.2707,4167
49,0,star_sign,ema_d0.99,0.01,0.0001,2.61944,0.34533,4167
49,0,star_sign,ema_d0.9999,0.01,0.0001,2.57405,0.36621,4167
49,0,star_sign,mlp_h16,0.001,0.0,0.03804,1.0,4167
49,0,star_sign,mlp_h32,0.001,0.0,0.01208,1.0,4167
49,0,star_sign,mlp_h64,0.001,0.0,0.0031,1.0,4167
49,0,star_sign,mlp_h128,0.001,0.0,0.00049,1.0,4167
49,0,star_sign,attention,0.0001,1e-05,2.10057,1.0,4167
49,0,star_sign,shuffled,0.01,0.0001,2.61795,0.26686,4167
49,4,age_bin,ema_lr1e-3,0.001,0.0001,1.39193,0.35973,4167
49,4,age_bin,ema_lr5e-3,0.005,0.0001,1.21499,0.39165,4167
49,4,age_bin,ema_lr1e-2,0.01,0.0001,1.05876,0.50492,4167
49,4,age_bin,ema_lr5e-2,0.05,0.0001,0.41882,0.93808,4167
49,4,age_bin,ema_lr1e-2_wd1e-3,0.01,0.001,1.07228,0.50324,4167
49,4,age_bin,ema_d0.99,0.01,0.0001,1.04868,0.49532,4167
49,4,age_bin,ema_d0.9999,0.01,0.0001,1.04051,0.50708,4167
49,4,age_bin,mlp_h16,0.001,0.0,0.00593,1.0,4167
49,4,age_bin,mlp_h32,0.001,0.0,0.00406,1.0,4167
49,4,age_bin,mlp_h64,0.001,0.0,0.00039,1.0,4167
49,4,age_bin,mlp_h128,0.001,0.0,0.00013,1.0,4167
49,4,age_bin,attention,0.0001,1e-05,0.0,1.0,4167
49,4,age_bin,shuffled,0.01,0.0001,1.04104,0.5138,4167
49,4,gender,ema_lr1e-3,0.001,0.0001,0.95069,0.49556,4167
49,4,gender,ema_lr5e-3,0.005,0.0001,0.8782,0.51356,4167
49,4,gender,ema_lr1e-2,0.01,0.0001,0.83816,0.52292,4167
49,4,gender,ema_lr5e-2,0.05,0.0001,1.05157,0.52916,4167
49,4,gender,ema_lr1e-2_wd1e-3,0.01,0.001,0.88129,0.47252,4167
49,4,gender,ema_d0.99,0.01,0.0001,0.90395,0.4766,4167
49,4,gender,ema_d0.9999,0.01,0.0001,0.85394,0.50036,4167
49,4,gender,mlp_h16,0.001,0.0,0.7073,0.4922,4167
49,4,gender,mlp_h32,0.001,0.0,0.70168,0.4958,4167
49,4,gender,mlp_h64,0.001,0.0,0.71669,0.49244,4167
49,4,gender,mlp_h128,0.001,0.0,0.73992,0.47252,4167
49,4,gender,attention,0.0001,1e-05,0.69596,0.52344,4167
49,4,gender,shuffled,0.01,0.0001,0.88391,0.49796,4167
49,4,star_sign,ema_lr1e-3,0.001,0.0001,3.07292,0.08207,4167
49,4,star_sign,ema_lr5e-3,0.005,0.0001,2.77003,0.11687,4167
49,4,star_sign,ema_lr1e-2,0.01,0.0001,2.48153,0.17759,4167
49,4,star_sign,ema_lr5e-2,0.05,0.0001,1.25457,0.7581,4167
49,4,star_sign,ema_lr1e-2_wd1e-3,0.01,0.001,2.52428,0.16871,4167
49,4,star_sign,ema_d0.99,0.01,0.0001,2.51749,0.16799,4167
49,4,star_sign,ema_d0.9999,0.01,0.0001,2.49754,0.17399,4167
49,4,star_sign,mlp_h16,0.001,0.0,0.03079,1.0,4167
49,4,star_sign,mlp_h32,0.001,0.0,0.00588,1.0,4167
49,4,star_sign,mlp_h64,0.001,0.0,0.00141,1.0,4167
49,4,star_sign,mlp_h128,0.001,0.0,8e-05,1.0,4167
49,4,star_sign,attention,0.0001,1e-05,0.00038,1.0,4167
49,4,star_sign,shuffled,0.01,0.0001,2.5116,0.18575,4167
49,8,age_bin,ema_lr1e-3,0.001,0.0001,1.47097,0.33549,4167
49,8,age_bin,ema_lr5e-3,0.005,0.0001,1.26281,0.41661,4167
49,8,age_bin,ema_lr1e-2,0.01,0.0001,1.01804,0.52964,4167
49,8,age_bin,ema_lr5e-2,0.05,0.0001,0.45747,0.90113,4167
49,8,age_bin,ema_lr1e-2_wd1e-3,0.01,0.001,1.05328,0.48884,4167
49,8,age_bin,ema_d0.99,0.01,0.0001,1.04722,0.49724,4167
49,8,age_bin,ema_d0.9999,0.01,0.0001,1.03431,0.51188,4167
49,8,age_bin,mlp_h16,0.001,0.0,0.0159,1.0,4167
49,8,age_bin,mlp_h32,0.001,0.0,0.00287,1.0,4167
49,8,age_bin,mlp_h64,0.001,0.0,0.00064,1.0,4167
49,8,age_bin,mlp_h128,0.001,0.0,0.00026,1.0,4167
49,8,age_bin,attention,0.0001,1e-05,0.0,1.0,4167
49,8,age_bin,shuffled,0.01,0.0001,1.06771,0.47948,4167
49,8,gender,ema_lr1e-3,0.001,0.0001,0.99889,0.47684,4167
49,8,gender,ema_lr5e-3,0.005,0.0001,0.92537,0.48836,4167
49,8,gender,ema_lr1e-2,0.01,0.0001,0.83344,0.51644,4167
49,8,gender,ema_lr5e-2,0.05,0.0001,1.0608,0.4874,4167
49,8,gender,ema_lr1e-2_wd1e-3,0.01,0.001,0.85406,0.5126,4167
49,8,gender,ema_d0.99,0.01,0.0001,0.85504,0.50036,4167
49,8,gender,ema_d0.9999,0.01,0.0001,0.83311,0.50876,4167
49,8,gender,mlp_h16,0.001,0.0,0.7087,0.48212,4167
49,8,gender,mlp_h32,0.001,0.0,0.71075,0.48596,4167
49,8,gender,mlp_h64,0.001,0.0,0.73312,0.479,4167
49,8,gender,mlp_h128,0.001,0.0,0.71479,0.48476,4167
49,8,gender,attention,0.0001,1e-05,0.73086,0.47656,4167
49,8,gender,shuffled,0.01,0.0001,0.88942,0.4886,4167
49,8,star_sign,ema_lr1e-3,0.001,0.0001,3.04918,0.09215,4167
49,8,star_sign,ema_lr5e-3,0.005,0.0001,2.83348,0.12599,4167
49,8,star_sign,ema_lr1e-2,0.01,0.0001,2.51734,0.18407,4167
49,8,star_sign,ema_lr5e-2,0.05,0.0001,1.29354,0.85553,4167
49,8,star_sign,ema_lr1e-2_wd1e-3,0.01,0.001,2.57217,0.15959,4167
49,8,star_sign,ema_d0.99,0.01,0.0001,2.58372,0.14807,4167
49,8,star_sign,ema_d0.9999,0.01,0.0001,2.5393,0.17471,4167
49,8,star_sign,mlp_h16,0.001,0.0,0.07647,0.96928,4167
49,8,star_sign,mlp_h32,0.001,0.0,0.00971,1.0,4167
49,8,star_sign,mlp_h64,0.001,0.0,0.00167,1.0,4167
49,8,star_sign,mlp_h128,0.001,0.0,0.00014,1.0,4167
49,8,star_sign,attention,0.0001,1e-05,0.0,1.0,4167
49,8,star_sign,shuffled,0.01,0.0001,2.58876,0.15695,4167
49,12,age_bin,ema_lr1e-3,0.001,0.0001,1.45888,0.32517,4167
49,12,age_bin,ema_lr5e-3,0.005,0.0001,1.29185,0.38517,4167
49,12,age_bin,ema_lr1e-2,0.01,0.0001,1.13054,0.46076,4167
49,12,age_bin,ema_lr5e-2,0.05,0.0001,0.42403,0.93952,4167
49,12,age_bin,ema_lr1e-2_wd1e-3,0.01,0.001,1.08996,0.49028,4167
49,12,age_bin,ema_d0.99,0.01,0.0001,1.07872,0.4742,4167
49,12,age_bin,ema_d0.9999,0.01,0.0001,1.104,0.45476,4167
49,12,age_bin,mlp_h16,0.001,0.0,0.00493,1.0,4167
49,12,age_bin,mlp_h32,0.001,0.0,0.00335,1.0,4167
49,12,age_bin,mlp_h64,0.001,0.0,0.00214,1.0,4167
49,12,age_bin,mlp_h128,0.001,0.0,0.00029,1.0,4167
49,12,age_bin,attention,0.0001,1e-05,0.00045,1.0,4167
49,12,age_bin,shuffled,0.01,0.0001,1.04662,0.50252,4167
49,12,gender,ema_lr1e-3,0.001,0.0001,1.01594,0.49076,4167
49,12,gender,ema_lr5e-3,0.005,0.0001,0.8656,0.50708,4167
49,12,gender,ema_lr1e-2,0.01,0.0001,0.86827,0.49316,4167
49,12,gender,ema_lr5e-2,0.05,0.0001,0.90697,0.50132,4167
49,12,gender,ema_lr1e-2_wd1e-3,0.01,0.001,0.84399,0.5066,4167
49,12,gender,ema_d0.99,0.01,0.0001,0.86633,0.50012,4167
49,12,gender,ema_d0.9999,0.01,0.0001,0.84281,0.51404,4167
49,12,gender,mlp_h16,0.001,0.0,0.7018,0.51356,4167
49,12,gender,mlp_h32,0.001,0.0,0.70458,0.50684,4167
49,12,gender,mlp_h64,0.001,0.0,0.70591,0.51884,4167
49,12,gender,mlp_h128,0.001,0.0,0.70584,0.53564,4167
49,12,gender,attention,0.0001,1e-05,0.71251,0.50781,4167
49,12,gender,shuffled,0.01,0.0001,0.86092,0.50684,4167
49,12,star_sign,ema_lr1e-3,0.001,0.0001,3.11718,0.10151,4167
49,12,star_sign,ema_lr5e-3,0.005,0.0001,2.85995,0.12455,4167
49,12,star_sign,ema_lr1e-2,0.01,0.0001,2.59052,0.15743,4167
49,12,star_sign,ema_lr5e-2,0.05,0.0001,1.14846,0.77874,4167
49,12,star_sign,ema_lr1e-2_wd1e-3,0.01,0.001,2.56584,0.16367,4167
49,12,star_sign,ema_d0.99,0.01,0.0001,2.511,0.16343,4167
49,12,star_sign,ema_d0.9999,0.01,0.0001,2.62159,0.16727,4167
49,12,star_sign,mlp_h16,0.001,0.0,0.03656,1.0,4167
49,12,star_sign,mlp_h32,0.001,0.0,0.01243,1.0,4167
49,12,star_sign,mlp_h64,0.001,0.0,0.00125,1.0,4167
49,12,star_sign,mlp_h128,0.001,0.0,0.00033,1.0,4167
49,12,star_sign,attention,0.0001,1e-05,6e-05,1.0,4167
49,12,star_sign,shuffled,0.01,0.0001,2.60663,0.15263,4167
49,16,age_bin,ema_lr1e-3,0.001,0.0001,1.46594,0.36261,4167
49,16,age_bin,ema_lr5e-3,0.005,0.0001,1.25031,0.39789,4167
49,16,age_bin,ema_lr1e-2,0.01,0.0001,1.08245,0.48644,4167
49,16,age_bin,ema_lr5e-2,0.05,0.0001,0.38582,0.95152,4167
49,16,age_bin,ema_lr1e-2_wd1e-3,0.01,0.001,1.05873,0.50084,4167
49,16,age_bin,ema_d0.99,0.01,0.0001,1.09345,0.47804,4167
49,16,age_bin,ema_d0.9999,0.01,0.0001,1.00611,0.53444,4167
49,16,age_bin,mlp_h16,0.001,0.0,0.02207,0.99976,4167
49,16,age_bin,mlp_h32,0.001,0.0,0.00384,1.0,4167
49,16,age_bin,mlp_h64,0.001,0.0,0.00059,1.0,4167
49,16,age_bin,mlp_h128,0.001,0.0,0.00028,1.0,4167
49,16,age_bin,attention,0.0001,1e-05,0.0,1.0,4167
49,16,age_bin,shuffled,0.01,0.0001,1.0413,0.5138,4167
49,16,gender,ema_lr1e-3,0.001,0.0001,0.91915,0.51668,4167
49,16,gender,ema_lr5e-3,0.005,0.0001,0.91294,0.50588,4167
49,16,gender,ema_lr1e-2,0.01,0.0001,0.86884,0.51476,4167
49,16,gender,ema_lr5e-2,0.05,0.0001,0.76177,0.53276,4167
49,16,gender,ema_lr1e-2_wd1e-3,0.01,0.001,0.85107,0.52124,4167
49,16,gender,ema_d0.99,0.01,0.0001,0.83917,0.5186,4167
49,16,gender,ema_d0.9999,0.01,0.0001,0.83552,0.533,4167
49,16,gender,mlp_h16,0.001,0.0,0.7011,0.52628,4167
49,16,gender,mlp_h32,0.001,0.0,0.70844,0.50396,4167
49,16,gender,mlp_h64,0.001,0.0,0.70169,0.53348,4167
49,16,gender,mlp_h128,0.001,0.0,0.70147,0.53108,4167
49,16,gender,attention,0.0001,1e-05,0.71516,0.55469,4167
49,16,gender,shuffled,0.01,0.0001,0.86293,0.50036,4167
49,16,star_sign,ema_lr1e-3,0.001,0.0001,3.20315,0.06551,4167
49,16,star_sign,ema_lr5e-3,0.005,0.0001,2.86756,0.12143,4167
49,16,star_sign,ema_lr1e-2,0.01,0.0001,2.63862,0.16655,4167
49,16,star_sign,ema_lr5e-2,0.05,0.0001,1.15123,0.7809,4167
49,16,star_sign,ema_lr1e-2_wd1e-3,0.01,0.001,2.51009,0.18095,4167
49,16,star_sign,ema_d0.99,0.01,0.0001,2.5467,0.17183,4167
49,16,star_sign,ema_d0.9999,0.01,0.0001,2.63843,0.16367,4167
49,16,star_sign,mlp_h16,0.001,0.0,0.047,1.0,4167
49,16,star_sign,mlp_h32,0.001,0.0,0.01767,1.0,4167
49,16,star_sign,mlp_h64,0.001,0.0,0.00471,1.0,4167
49,16,star_sign,mlp_h128,0.001,0.0,0.00042,1.0,4167
49,16,star_sign,attention,0.0001,1e-05,0.0,1.0,4167
49,16,star_sign,shuffled,0.01,0.0001,2.62727,0.14375,4167
50,0,age_bin,ema_lr1e-3,0.001,0.0001,1.49485,0.27802,3971
50,0,age_bin,ema_lr5e-3,0.005,0.0001,1.2851,0.4825,3971
50,0,age_bin,ema_lr1e-2,0.01,0.0001,1.06137,0.67741,3971
50,0,age_bin,ema_lr5e-2,0.05,0.0001,0.37492,0.95467,3971
50,0,age_bin,ema_lr1e-2_wd1e-3,0.01,0.001,1.08644,0.66608,3971
50,0,age_bin,ema_d0.99,0.01,0.0001,1.08441,0.62755,3971
50,0,age_bin,ema_d0.9999,0.01,0.0001,1.09734,0.62856,3971
50,0,age_bin,mlp_h16,0.001,0.0,0.0093,1.0,3971
50,0,age_bin,mlp_h32,0.001,0.0,0.00522,1.0,3971
50,0,age_bin,mlp_h64,0.001,0.0,0.00171,1.0,3971
50,0,age_bin,mlp_h128,0.001,0.0,0.00037,1.0,3971
50,0,age_bin,attention,0.0001,1e-05,0.84627,1.0,3971
50,0,age_bin,shuffled,0.01,0.0001,1.04645,0.65525,3971
50,0,gender,ema_lr1e-3,0.001,0.0001,0.96948,0.50491,3971
50,0,gender,ema_lr5e-3,0.005,0.0001,0.92986,0.48955,3971
50,0,gender,ema_lr1e-2,0.01,0.0001,0.83288,0.50365,3971
50,0,gender,ema_lr5e-2,0.05,0.0001,0.79372,0.50894,3971
50,0,gender,ema_lr1e-2_wd1e-3,0.01,0.001,0.84831,0.49962,3971
50,0,gender,ema_d0.99,0.01,0.0001,0.84999,0.50164,3971
50,0,gender,ema_d0.9999,0.01,0.0001,0.85299,0.49459,3971
50,0,gender,mlp_h16,0.001,0.0,0.69288,0.51473,3971
50,0,gender,mlp_h32,0.001,0.0,0.69318,0.52581,3971
50,0,gender,mlp_h64,0.001,0.0,0.69586,0.52455,3971
50,0,gender,mlp_h128,0.001,0.0,0.6958,0.51322,3971
50,0,gender,attention,0.0001,1e-05,0.69285,0.50781,3971
50,0,gender,shuffled,0.01,0.0001,0.86722,0.49408,3971
50,0,star_sign,ema_lr1e-3,0.001,0.0001,3.17574,0.05238,3971
50,0,star_sign,ema_lr5e-3,0.005,0.0001,2.87309,0.207,3971
50,0,star_sign,ema_lr1e-2,0.01,0.0001,2.63468,0.24654,3971
50,0,star_sign,ema_lr5e-2,0.05,0.0001,1.11807,0.83279,3971
50,0,star_sign,ema_lr1e-2_wd1e-3,0.01,0.001,2.57874,0.26517,3971
50,0,star_sign,ema_d0.99,0.01,0.0001,2.62589,0.32536,3971
50,0,star_sign,ema_d0.9999,0.01,0.0001,2.67512,0.34702,3971
50,0,star_sign,mlp_h16,0.001,0.0,0.0358,1.0,3971
50,0,star_sign,mlp_h32,0.001,0.0,0.0113,1.0,3971
50,0,star_sign,mlp_h64,0.001,0.0,0.00297,1.0,3971
50,0,star_sign,mlp_h128,0.001,0.0,0.0005,1.0,3971
50,0,star_sign,attention,0.0001,1e-05,2.09365,1.0,3971
50,0,star_sign,shuffled,0.01,0.0001,2.59142,0.31126,3971
50,4,age_bin,ema_lr1e-3,0.001,0.0001,1.44271,0.3513,3971
50,4,age_bin,ema_lr5e-3,0.005,0.0001,1.19992,0.40091,3971
50,4,age_bin,ema_lr1e-2,0.01,0.0001,1.06021,0.5034,3971
50,4,age_bin,ema_lr5e-2,0.05,0.0001,0.5122,0.94384,3971
50,4,age_bin,ema_lr1e-2_wd1e-3,0.01,0.001,1.05359,0.5029,3971
50,4,age_bin,ema_d0.99,0.01,0.0001,1.01187,0.53689,3971
50,4,age_bin,ema_d0.9999,0.01,0.0001,1.02556,0.51196,3971
50,4,age_bin,mlp_h16,0.001,0.0,0.00585,1.0,3971
50,4,age_bin,mlp_h32,0.001,0.0,0.00406,1.0,3971
50,4,age_bin,mlp_h64,0.001,0.0,0.0004,1.0,3971
50,4,age_bin,mlp_h128,0.001,0.0,0.00013,1.0,3971
50,4,age_bin,attention,0.0001,1e-05,0.0,1.0,3971
50,4,age_bin,shuffled,0.01,0.0001,1.04288,0.50667,3971
50,4,gender,ema_lr1e-3,0.001,0.0001,0.92558,0.50768,3971
50,4,gender,ema_lr5e-3,0.005,0.0001,0.83626,0.52606,3971
50,4,gender,ema_lr1e-2,0.01,0.0001,0.85699,0.50189,3971
50,4,gender,ema_lr5e-2,0.05,0.0001,1.06301,0.5097,3971
50,4,gender,ema_lr1e-2_wd1e-3,0.01,0.001,0.84364,0.50441,3971
50,4,gender,ema_d0.99,0.01,0.0001,0.86546,0.49207,3971
50,4,gender,ema_d0.9999,0.01,0.0001,0.85303,0.50768,3971
50,4,gender,mlp_h16,0.001,0.0,0.69365,0.53463,3971
50,4,gender,mlp_h32,0.001,0.0,0.69231,0.52355,3971
50,4,gender,mlp_h64,0.001,0.0,0.70241,0.52153,3971
50,4,gender,mlp_h128,0.001,0.0,0.71374,0.50541,3971
50,4,gender,attention,0.0001,1e-05,0.70561,0.50781,3971
50,4,gender,shuffled,0.01,0.0001,0.87891,0.4961,3971
50,4,star_sign,ema_lr1e-3,0.001,0.0001,3.11409,0.0753,3971
50,4,star_sign,ema_lr5e-3,0.005,0.0001,2.81364,0.10854,3971
50,4,star_sign,ema_lr1e-2,0.01,0.0001,2.51274,0.17149,3971
50,4,star_sign,ema_lr5e-2,0.05,0.0001,1.30297,0.89574,3971
50,4,star_sign,ema_lr1e-2_wd1e-3,0.01,0.001,2.503,0.16948,3971
50,4,star_sign,ema_d0.99,0.01,0.0001,2.49008,0.17754,3971
50,4,star_sign,ema_d0.9999,0.01,0.0001,2.50527,0.16998,3971
50,4,star_sign,mlp_h16,0.001,0.0,0.02837,1.0,3971
50,4,star_sign,mlp_h32,0.001,0.0,0.00591,1.0,3971
50,4,star_sign,mlp_h64,0.001,0.0,0.00142,1.0,3971
50,4,star_sign,mlp_h128,0.001,0.0,8e-05,1.0,3971
50,4,star_sign,attention,0.0001,1e-05,0.00016,1.0,3971
50,4,star_sign,shuffled,0.01,0.0001,2.54137,0.16721,3971
50,8,age_bin,ema_lr1e-3,0.001,0.0001,1.45118,0.3518,3971
50,8,age_bin,ema_lr5e-3,0.005,0.0001,1.2932,0.39386,3971
50,8,age_bin,ema_lr1e-2,0.01,0.0001,1.03634,0.52909,3971
50,8,age_bin,ema_lr5e-2,0.05,0.0001,0.54102,0.87132,3971
50,8,age_bin,ema_lr1e-2_wd1e-3,0.01,0.001,1.09546,0.47872,3971
50,8,age_bin,ema_d0.99,0.01,0.0001,1.06501,0.50466,3971
50,8,age_bin,ema_d0.9999,0.01,0.0001,1.04646,0.50441,3971
50,8,age_bin,mlp_h16,0.001,0.0,0.01511,1.0,3971
50,8,age_bin,mlp_h32,0.001,0.0,0.00276,1.0,3971
50,8,age_bin,mlp_h64,0.001,0.0,0.00063,1.0,3971
50,8,age_bin,mlp_h128,0.001,0.0,0.00026,1.0,3971
50,8,age_bin,attention,0.0001,1e-05,0.0,1.0,3971
50,8,age_bin,shuffled,0.01,0.0001,1.04652,0.50743,3971
50,8,gender,ema_lr1e-3,0.001,0.0001,0.95145,0.50642,3971
50,8,gender,ema_lr5e-3,0.005,0.0001,0.9252,0.4893,3971
50,8,gender,ema_lr1e-2,0.01,0.0001,0.85832,0.50113,3971
50,8,gender,ema_lr5e-2,0.05,0.0001,0.98134,0.51524,3971
50,8,gender,ema_lr1e-2_wd1e-3,0.01,0.001,0.85266,0.49761,3971
50,8,gender,ema_d0.99,0.01,0.0001,0.85345,0.49987,3971
50,8,gender,ema_d0.9999,0.01,0.0001,0.83223,0.51448,3971
50,8,gender,mlp_h16,0.001,0.0,0.69882,0.52707,3971
50,8,gender,mlp_h32,0.001,0.0,0.69972,0.52329,3971
50,8,gender,mlp_h64,0.001,0.0,0.71698,0.52304,3971
50,8,gender,mlp_h128,0.001,0.0,0.70144,0.52304,3971
50,8,gender,attention,0.0001,1e-05,0.69364,0.5625,3971
50,8,gender,shuffled,0.01,0.0001,0.85373,0.51196,3971
50,8,star_sign,ema_lr1e-3,0.001,0.0001,3.07085,0.09242,3971
50,8,star_sign,ema_lr5e-3,0.005,0.0001,2.81003,0.12591,3971
50,8,star_sign,ema_lr1e-2,0.01,0.0001,2.54125,0.17225,3971
50,8,star_sign,ema_lr5e-2,0.05,0.0001,1.15366,0.77915,3971
50,8,star_sign,ema_lr1e-2_wd1e-3,0.01,0.001,2.60076,0.15613,3971
50,8,star_sign,ema_d0.99,0.01,0.0001,2.5776,0.15487,3971
50,8,star_sign,ema_d0.9999,0.01,0.0001,2.60912,0.15059,3971
50,8,star_sign,mlp_h16,0.001,0.0,0.0758,0.96777,3971
50,8,star_sign,mlp_h32,0.001,0.0,0.00949,1.0,3971
50,8,star_sign,mlp_h64,0.001,0.0,0.00158,1.0,3971
50,8,star_sign,mlp_h128,0.001,0.0,0.00014,1.0,3971
50,8,star_sign,attention,0.0001,1e-05,0.0,1.0,3971
50,8,star_sign,shuffled,0.01,0.0001,2.54733,0.16696,3971
50,12,age_bin,ema_lr1e-3,0.001,0.0001,1.48542,0.32334,3971
50,12,age_bin,ema_lr5e-3,0.005,0.0001,1.30384,0.39008,3971
50,12,age_bin,ema_lr1e-2,0.01,0.0001,1.07703,0.48753,3971
50,12,age_bin,ema_lr5e-2,0.05,0.0001,0.3786,0.94384,3971
50,12,age_bin,ema_lr1e-2_wd1e-3,0.01,0.001,1.08378,0.48275,3971
50,12,age_bin,ema_d0.99,0.01,0.0001,1.06654,0.49358,3971
50,12,age_bin,ema_d0.9999,0.01,0.0001,1.06199,0.48653,3971
50,12,age_bin,mlp_h16,0.001,0.0,0.00549,1.0,3971
50,12,age_bin,mlp_h32,0.001,0.0,0.00358,1.0,3971
50,12,age_bin,mlp_h64,0.001,0.0,0.0024,1.0,3971
50,12,age_bin,mlp_h128,0.001,0.0,0.00033,1.0,3971
50,12,age_bin,attention,0.0001,1e-05,0.00041,1.0,3971
50,12,age_bin,shuffled,0.01,0.0001,1.12965,0.45782,3971
50,12,gender,ema_lr1e-3,0.001,0.0001,0.98627,0.50743,3971
50,12,gender,ema_lr5e-3,0.005,0.0001,0.92189,0.48678,3971
50,12,gender,ema_lr1e-2,0.01,0.0001,0.84201,0.51876,3971
50,12,gender,ema_lr5e-2,0.05,0.0001,0.86197,0.54545,3971
50,12,gender,ema_lr1e-2_wd1e-3,0.01,0.001,0.82685,0.51826,3971
50,12,gender,ema_d0.99,0.01,0.0001,0.84278,0.51272,3971
50,12,gender,ema_d0.9999,0.01,0.0001,0.80834,0.53563,3971
50,12,gender,mlp_h16,0.001,0.0,0.68789,0.52883,3971
50,12,gender,mlp_h32,0.001,0.0,0.6884,0.53236,3971
50,12,gender,mlp_h64,0.001,0.0,0.68899,0.53437,3971
50,12,gender,mlp_h128,0.001,0.0,0.69332,0.54445,3971
50,12,gender,attention,0.0001,1e-05,0.72805,0.53125,3971
50,12,gender,shuffled,0.01,0.0001,0.86846,0.49534,3971
50,12,star_sign,ema_lr1e-3,0.001,0.0001,3.12996,0.09821,3971
50,12,star_sign,ema_lr5e-3,0.005,0.0001,2.8746,0.12516,3971
50,12,star_sign,ema_lr1e-2,0.01,0.0001,2.58986,0.15613,3971
50,12,star_sign,ema_lr5e-2,0.05,0.0001,1.15677,0.75623,3971
50,12,star_sign,ema_lr1e-2_wd1e-3,0.01,0.001,2.57723,0.17099,3971
50,12,star_sign,ema_d0.99,0.01,0.0001,2.55066,0.15437,3971
50,12,star_sign,ema_d0.9999,0.01,0.0001,2.56889,0.17603,3971
50,12,star_sign,mlp_h16,0.001,0.0,0.03761,1.0,3971
50,12,star_sign,mlp_h32,0.001,0.0,0.01285,1.0,3971
50,12,star_sign,mlp_h64,0.001,0.0,0.00152,1.0,3971
50,12,star_sign,mlp_h128,0.001,0.0,0.00041,1.0,3971
50,12,star_sign,attention,0.0001,1e-05,4e-05,1.0,3971
50,12,star_sign,shuffled,0.01,0.0001,2.63522,0.15135,3971
50,16,age_bin,ema_lr1e-3,0.001,0.0001,1.49923,0.34576,3971
50,16,age_bin,ema_lr5e-3,0.005,0.0001,1.23914,0.42332,3971
50,16,age_bin,ema_lr1e-2,0.01,0.0001,1.0872,0.4898,3971
50,16,age_bin,ema_lr5e-2,0.05,0.0001,0.38574,0.94938,3971
50,16,age_bin,ema_lr1e-2_wd1e-3,0.01,0.001,1.09995,0.4762,3971
50,16,age_bin,ema_d0.99,0.01,0.0001,1.00283,0.54067,3971
50,16,age_bin,ema_d0.9999,0.01,0.0001,1.07699,0.47897,3971
50,16,age_bin,mlp_h16,0.001,0.0,0.02099,1.0,3971
50,16,age_bin,mlp_h32,0.001,0.0,0.00351,1.0,3971
50,16,age_bin,mlp_h64,0.001,0.0,0.0005,1.0,3971
50,16,age_bin,mlp_h128,0.001,0.0,0.00024,1.0,3971
50,16,age_bin,attention,0.0001,1e-05,0.0,1.0,3971
50,16,age_bin,shuffled,0.01,0.0001,1.10126,0.47696,3971
50,16,gender,ema_lr1e-3,0.001,0.0001,0.9884,0.48804,3971
50,16,gender,ema_lr5e-3,0.005,0.0001,0.8961,0.52959,3971
50,16,gender,ema_lr1e-2,0.01,0.0001,0.84951,0.52203,3971
50,16,gender,ema_lr5e-2,0.05,0.0001,0.81372,0.53966,3971
50,16,gender,ema_lr1e-2_wd1e-3,0.01,0.001,0.86064,0.51876,3971
50,16,gender,ema_d0.99,0.01,0.0001,0.83825,0.52959,3971
50,16,gender,ema_d0.9999,0.01,0.0001,0.85313,0.51322,3971
50,16,gender,mlp_h16,0.001,0.0,0.69074,0.53085,3971
50,16,gender,mlp_h32,0.001,0.0,0.6876,0.52959,3971
50,16,gender,mlp_h64,0.001,0.0,0.69232,0.5374,3971
50,16,gender,mlp_h128,0.001,0.0,0.69026,0.54193,3971
50,16,gender,attention,0.0001,1e-05,0.70761,0.53906,3971
50,16,gender,shuffled,0.01,0.0001,0.87899,0.48149,3971
50,16,star_sign,ema_lr1e-3,0.001,0.0001,3.18402,0.07756,3971
50,16,star_sign,ema_lr5e-3,0.005,0.0001,2.81136,0.13649,3971
50,16,star_sign,ema_lr1e-2,0.01,0.0001,2.54734,0.18333,3971
50,16,star_sign,ema_lr5e-2,0.05,0.0001,1.11888,0.80131,3971
50,16,star_sign,ema_lr1e-2_wd1e-3,0.01,0.001,2.60075,0.17099,3971
50,16,star_sign,ema_d0.99,0.01,0.0001,2.5732,0.17628,3971
50,16,star_sign,ema_d0.9999,0.01,0.0001,2.58055,0.18207,3971
50,16,star_sign,mlp_h16,0.001,0.0,0.04636,1.0,3971
50,16,star_sign,mlp_h32,0.001,0.0,0.01578,1.0,3971
50,16,star_sign,mlp_h64,0.001,0.0,0.00395,1.0,3971
50,16,star_sign,mlp_h128,0.001,0.0,0.00029,1.0,3971
50,16,star_sign,attention,0.0001,1e-05,0.0,1.0,3971
50,16,star_sign,shuffled,0.01,0.0001,2.56541,0.16343,3971
51,0,age_bin,ema_lr1e-3,0.001,0.0001,1.48163,0.27508,4246
51,0,age_bin,ema_lr5e-3,0.005,0.0001,1.25977,0.49458,4246
51,0,age_bin,ema_lr1e-2,0.01,0.0001,1.07283,0.67381,4246
51,0,age_bin,ema_lr5e-2,0.05,0.0001,0.36611,0.95572,4246
51,0,age_bin,ema_lr1e-2_wd1e-3,0.01,0.001,1.07052,0.66651,4246
51,0,age_bin,ema_d0.99,0.01,0.0001,1.07373,0.62153,4246
51,0,age_bin,ema_d0.9999,0.01,0.0001,1.08127,0.65756,4246
51,0,age_bin,mlp_h16,0.001,0.0,0.00865,1.0,4246
51,0,age_bin,mlp_h32,0.001,0.0,0.00502,1.0,4246
51,0,age_bin,mlp_h64,0.001,0.0,0.00166,1.0,4246
51,0,age_bin,mlp_h128,0.001,0.0,0.00037,1.0,4246
51,0,age_bin,attention,0.0001,1e-05,0.83765,1.0,4246
51,0,age_bin,shuffled,0.01,0.0001,1.05736,0.64484,4246
51,0,gender,ema_lr1e-3,0.001,0.0001,0.92976,0.51908,4246
51,0,gender,ema_lr5e-3,0.005,0.0001,0.9014,0.4894,4246
51,0,gender,ema_lr1e-2,0.01,0.0001,0.85372,0.51578,4246
51,0,gender,ema_lr5e-2,0.05,0.0001,0.78423,0.49505,4246
51,0,gender,ema_lr1e-2_wd1e-3,0.01,0.001,0.86012,0.50094,4246
51,0,gender,ema_d0.99,0.01,0.0001,0.85297,0.50447,4246
51,0,gender,ema_d0.9999,0.01,0.0001,0.84962,0.51154,4246
51,0,gender,mlp_h16,0.001,0.0,0.69297,0.5139,4246
51,0,gender,mlp_h32,0.001,0.0,0.69752,0.49576,4246
51,0,gender,mlp_h64,0.001,0.0,0.6998,0.50236,4246
51,0,gender,mlp_h128,0.001,0.0,0.70022,0.50306,4246
51,0,gender,attention,0.0001,1e-05,0.69327,0.49219,4246
51,0,gender,shuffled,0.01,0.0001,0.85713,0.50236,4246
51,0,star_sign,ema_lr1e-3,0.001,0.0001,3.17269,0.04899,4246
51,0,star_sign,ema_lr5e-3,0.005,0.0001,2.90108,0.1903,4246
51,0,star_sign,ema_lr1e-2,0.01,0.0001,2.60637,0.24753,4246
51,0,star_sign,ema_lr5e-2,0.05,0.0001,1.06647,0.86293,4246
51,0,star_sign,ema_lr1e-2_wd1e-3,0.01,0.001,2.59481,0.27014,4246
51,0,star_sign,ema_d0.99,0.01,0.0001,2.57987,0.33114,4246
51,0,star_sign,ema_d0.9999,0.01,0.0001,2.58994,0.38954,4246
51,0,star_sign,mlp_h16,0.001,0.0,0.03339,1.0,4246
51,0,star_sign,mlp_h32,0.001,0.0,0.01094,1.0,4246
51,0,star_sign,mlp_h64,0.001,0.0,0.00287,1.0,4246
51,0,star_sign,mlp_h128,0.001,0.0,0.00047,1.0,4246
51,0,star_sign,attention,0.0001,1e-05,2.08113,1.0,4246
51,0,star_sign,shuffled,0.01,0.0001,2.5434,0.27037,4246
51,4,age_bin,ema_lr1e-3,0.001,0.0001,1.40837,0.35139,4246
51,4,age_bin,ema_lr5e-3,0.005,0.0001,1.22487,0.38719,4246
51,4,age_bin,ema_lr1e-2,0.01,0.0001,1.06266,0.49482,4246
51,4,age_bin,ema_lr5e-2,0.05,0.0001,0.73004,0.72586,4246
51,4,age_bin,ema_lr1e-2_wd1e-3,0.01,0.001,1.00812,0.53085,4246
51,4,age_bin,ema_d0.99,0.01,0.0001,1.00595,0.5146,4246
51,4,age_bin,ema_d0.9999,0.01,0.0001,1.03509,0.50966,4246
51,4,age_bin,mlp_h16,0.001,0.0,0.00549,1.0,4246
51,4,age_bin,mlp_h32,0.001,0.0,0.00375,1.0,4246
51,4,age_bin,mlp_h64,0.001,0.0,0.00037,1.0,4246
51,4,age_bin,mlp_h128,0.001,0.0,0.00012,1.0,4246
51,4,age_bin,attention,0.0001,1e-05,0.0,1.0,4246
51,4,age_bin,shuffled,0.01,0.0001,1.03372,0.50848,4246
51,4,gender,ema_lr1e-3,0.001,0.0001,0.93695,0.50801,4246
51,4,gender,ema_lr5e-3,0.005,0.0001,0.8529,0.52567,4246
51,4,gender,ema_lr1e-2,0.01,0.0001,0.86062,0.5033,4246
51,4,gender,ema_lr5e-2,0.05,0.0001,1.09257,0.52355,4246
51,4,gender,ema_lr1e-2_wd1e-3,0.01,0.001,0.82481,0.52096,4246
51,4,gender,ema_d0.99,0.01,0.0001,0.84465,0.51107,4246
51,4,gender,ema_d0.9999,0.01,0.0001,0.86468,0.50989,4246
51,4,gender,mlp_h16,0.001,0.0,0.69414,0.5285,4246
51,4,gender,mlp_h32,0.001,0.0,0.69163,0.52426,4246
51,4,gender,mlp_h64,0.001,0.0,0.70389,0.51908,4246
51,4,gender,mlp_h128,0.001,0.0,0.70963,0.50942,4246
51,4,gender,attention,0.0001,1e-05,0.69109,0.48438,4246
51,4,gender,shuffled,0.01,0.0001,0.87558,0.49529,4246
51,4,star_sign,ema_lr1e-3,0.001,0.0001,3.09178,0.08078,4246
51,4,star_sign,ema_lr5e-3,0.005,0.0001,2.77098,0.11564,4246
51,4,star_sign,ema_lr1e-2,0.01,0.0001,2.45753,0.19218,4246
51,4,star_sign,ema_lr5e-2,0.05,0.0001,1.09039,0.83679,4246
51,4,star_sign,ema_lr1e-2_wd1e-3,0.01,0.001,2.47147,0.17899,4246
51,4,star_sign,ema_d0.99,0.01,0.0001,2.44569,0.191,4246
51,4,star_sign,ema_d0.9999,0.01,0.0001,2.49707,0.17758,4246
51,4,star_sign,mlp_h16,0.001,0.0,0.02501,1.0,4246
51,4,star_sign,mlp_h32,0.001,0.0,0.00545,1.0,4246
51,4,star_sign,mlp_h64,0.001,0.0,0.00136,1.0,4246
51,4,star_sign,mlp_h128,0.001,0.0,7e-05,1.0,4246
51,4,star_sign,attention,0.0001,1e-05,0.00023,1.0,4246
51,4,star_sign,shuffled,0.01,0.0001,2.51864,0.19053,4246
51,8,age_bin,ema_lr1e-3,0.001,0.0001,1.44285,0.35775,4246
51,8,age_bin,ema_lr5e-3,0.005,0.0001,1.26584,0.41427,4246
51,8,age_bin,ema_lr1e-2,0.01,0.0001,1.05313,0.51955,4246
51,8,age_bin,ema_lr5e-2,0.05,0.0001,0.38163,0.95031,4246
51,8,age_bin,ema_lr1e-2_wd1e-3,0.01,0.001,1.07965,0.48752,4246
51,8,age_bin,ema_d0.99,0.01,0.0001,1.07652,0.50447,4246
51,8,age_bin,ema_d0.9999,0.01,0.0001,1.07689,0.48893,4246
51,8,age_bin,mlp_h16,0.001,0.0,0.01368,1.0,4246
51,8,age_bin,mlp_h32,0.001,0.0,0.00285,1.0,4246
51,8,age_bin,mlp_h64,0.001,0.0,0.00066,1.0,4246
51,8,age_bin,mlp_h128,0.001,0.0,0.00028,1.0,4246
51,8,age_bin,attention,0.0001,1e-05,0.0,1.0,4246
51,8,age_bin,shuffled,0.01,0.0001,1.04371,0.51649,4246
51,8,gender,ema_lr1e-3,0.001,0.0001,0.91929,0.50989,4246
51,8,gender,ema_lr5e-3,0.005,0.0001,0.89792,0.50801,4246
51,8,gender,ema_lr1e-2,0.01,0.0001,0.83531,0.51366,4246
51,8,gender,ema_lr5e-2,0.05,0.0001,1.02757,0.50777,4246
51,8,gender,ema_lr1e-2_wd1e-3,0.01,0.001,0.87972,0.4861,4246
51,8,gender,ema_d0.99,0.01,0.0001,0.84021,0.50919,4246
51,8,gender,ema_d0.9999,0.01,0.0001,0.86216,0.4967,4246
51,8,gender,mlp_h16,0.001,0.0,0.69315,0.5292,4246
51,8,gender,mlp_h32,0.001,0.0,0.6935,0.53132,4246
51,8,gender,mlp_h64,0.001,0.0,0.70262,0.52591,4246
51,8,gender,mlp_h128,0.001,0.0,0.70066,0.52567,4246
51,8,gender,attention,0.0001,1e-05,0.70695,0.5625,4246
51,8,gender,shuffled,0.01,0.0001,0.85716,0.50542,4246
51,8,star_sign,ema_lr1e-3,0.001,0.0001,3.07371,0.08667,4246
51,8,star_sign,ema_lr5e-3,0.005,0.0001,2.79666,0.12459,4246
51,8,star_sign,ema_lr1e-2,0.01,0.0001,2.54662,0.17098,4246
51,8,star_sign,ema_lr5e-2,0.05,0.0001,1.19966,0.74706,4246
51,8,star_sign,ema_lr1e-2_wd1e-3,0.01,0.001,2.55009,0.17381,4246
51,8,star_sign,ema_d0.99,0.01,0.0001,2.54894,0.15403,4246
51,8,star_sign,ema_d0.9999,0.01,0.0001,2.53451,0.17899,4246
51,8,star_sign,mlp_h16,0.001,0.0,0.07116,0.96985,4246
51,8,star_sign,mlp_h32,0.001,0.0,0.00938,1.0,4246
51,8,star_sign,mlp_h64,0.001,0.0,0.00171,1.0,4246
51,8,star_sign,mlp_h128,0.001,0.0,0.00015,1.0,4246
51,8,star_sign,attention,0.0001,1e-05,0.0,1.0,4246
51,8,star_sign,shuffled,0.01,0.0001,2.52634,0.16062,4246
51,12,age_bin,ema_lr1e-3,0.001,0.0001,1.50077,0.31465,4246
51,12,age_bin,ema_lr5e-3,0.005,0.0001,1.27322,0.3959,4246
51,12,age_bin,ema_lr1e-2,0.01,0.0001,1.0633,0.50542,4246
51,12,age_bin,ema_lr5e-2,0.05,0.0001,0.40174,0.94819,4246
51,12,age_bin,ema_lr1e-2_wd1e-3,0.01,0.001,1.06662,0.49176,4246
51,12,age_bin,ema_d0.99,0.01,0.0001,1.08587,0.48281,4246
51,12,age_bin,ema_d0.9999,0.01,0.0001,1.06357,0.4788,4246
51,12,age_bin,mlp_h16,0.001,0.0,0.00473,1.0,4246
51,12,age_bin,mlp_h32,0.001,0.0,0.00317,1.0,4246
51,12,age_bin,mlp_h64,0.001,0.0,0.00211,1.0,4246
51,12,age_bin,mlp_h128,0.001,0.0,0.00029,1.0,4246
51,12,age_bin,attention,0.0001,1e-05,0.00053,1.0,4246
51,12,age_bin,shuffled,0.01,0.0001,1.04849,0.50212,4246
51,12,gender,ema_lr1e-3,0.001,0.0001,1.0055,0.48187,4246
51,12,gender,ema_lr5e-3,0.005,0.0001,0.89931,0.49529,4246
51,12,gender,ema_lr1e-2,0.01,0.0001,0.83671,0.51507,4246
51,12,gender,ema_lr5e-2,0.05,0.0001,0.8688,0.54663,4246
51,12,gender,ema_lr1e-2_wd1e-3,0.01,0.001,0.8539,0.51154,4246
51,12,gender,ema_d0.99,0.01,0.0001,0.83961,0.52025,4246
51,12,gender,ema_d0.9999,0.01,0.0001,0.88706,0.4861,4246
51,12,gender,mlp_h16,0.001,0.0,0.68054,0.56971,4246
51,12,gender,mlp_h32,0.001,0.0,0.6817,0.57183,4246
51,12,gender,mlp_h64,0.001,0.0,0.68356,0.57654,4246
51,12,gender,mlp_h128,0.001,0.0,0.6865,0.55652,4246
51,12,gender,attention,0.0001,1e-05,0.71195,0.54688,4246
51,12,gender,shuffled,0.01,0.0001,0.85935,0.50707,4246
51,12,star_sign,ema_lr1e-3,0.001,0.0001,3.17183,0.08902,4246
51,12,star_sign,ema_lr5e-3,0.005,0.0001,2.88818,0.13118,4246
51,12,star_sign,ema_lr1e-2,0.01,0.0001,2.55867,0.16203,4246
51,12,star_sign,ema_lr5e-2,0.05,0.0001,1.12068,0.82548,4246
51,12,star_sign,ema_lr1e-2_wd1e-3,0.01,0.001,2.55735,0.17216,4246
51,12,star_sign,ema_d0.99,0.01,0.0001,2.56364,0.16274,4246
51,12,star_sign,ema_d0.9999,0.01,0.0001,2.58799,0.17075,4246
51,12,star_sign,mlp_h16,0.001,0.0,0.03449,1.0,4246
51,12,star_sign,mlp_h32,0.001,0.0,0.01111,1.0,4246
51,12,star_sign,mlp_h64,0.001,0.0,0.00124,1.0,4246
51,12,star_sign,mlp_h128,0.001,0.0,0.00033,1.0,4246
51,12,star_sign,attention,0.0001,1e-05,3e-05,1.0,4246
51,12,star_sign,shuffled,0.01,0.0001,2.57951,0.17075,4246
51,16,age_bin,ema_lr1e-3,0.001,0.0001,1.46126,0.36505,4246
51,16,age_bin,ema_lr5e-3,0.005,0.0001,1.22171,0.41851,4246
51,16,age_bin,ema_lr1e-2,0.01,0.0001,1.04708,0.50659,4246
51,16,age_bin,ema_lr5e-2,0.05,0.0001,0.36833,0.95855,4246
51,16,age_bin,ema_lr1e-2_wd1e-3,0.01,0.001,1.1066,0.47692,4246
51,16,age_bin,ema_d0.99,0.01,0.0001,1.08542,0.49105,4246
51,16,age_bin,ema_d0.9999,0.01,0.0001,1.06294,0.48375,4246
51,16,age_bin,mlp_h16,0.001,0.0,0.02149,0.99953,4246
51,16,age_bin,mlp_h32,0.001,0.0,0.00382,1.0,4246
51,16,age_bin,mlp_h64,0.001,0.0,0.00062,1.0,4246
51,16,age_bin,mlp_h128,0.001,0.0,0.00029,1.0,4246
51,16,age_bin,attention,0.0001,1e-05,0.0,1.0,4246
51,16,age_bin,shuffled,0.01,0.0001,1.05087,0.50565,4246
51,16,gender,ema_lr1e-3,0.001,0.0001,0.9261,0.52002,4246
51,16,gender,ema_lr5e-3,0.005,0.0001,0.88926,0.51743,4246
51,16,gender,ema_lr1e-2,0.01,0.0001,0.87008,0.5113,4246
51,16,gender,ema_lr5e-2,0.05,0.0001,0.79568,0.52779,4246
51,16,gender,ema_lr1e-2_wd1e-3,0.01,0.001,0.82289,0.53368,4246
51,16,gender,ema_d0.99,0.01,0.0001,0.81437,0.53627,4246
51,16,gender,ema_d0.9999,0.01,0.0001,0.84956,0.53439,4246
51,16,gender,mlp_h16,0.001,0.0,0.68165,0.56642,4246
51,16,gender,mlp_h32,0.001,0.0,0.67737,0.56712,4246
51,16,gender,mlp_h64,0.001,0.0,0.68112,0.57277,4246
51,16,gender,mlp_h128,0.001,0.0,0.67962,0.5723,4246
51,16,gender,attention,0.0001,1e-05,0.74704,0.53125,4246
51,16,gender,shuffled,0.01,0.0001,0.86108,0.4927,4246
51,16,star_sign,ema_lr1e-3,0.001,0.0001,3.23845,0.06547,4246
51,16,star_sign,ema_lr5e-3,0.005,0.0001,2.90046,0.11729,4246
51,16,star_sign,ema_lr1e-2,0.01,0.0001,2.59462,0.16651,4246
51,16,star_sign,ema_lr5e-2,0.05,0.0001,1.10992,0.79769,4246
51,16,star_sign,ema_lr1e-2_wd1e-3,0.01,0.001,2.55313,0.17852,4246
51,16,star_sign,ema_d0.99,0.01,0.0001,2.55602,0.17829,4246
51,16,star_sign,ema_d0.9999,0.01,0.0001,2.65097,0.15638,4246
51,16,star_sign,mlp_h16,0.001,0.0,0.04737,1.0,4246
51,16,star_sign,mlp_h32,0.001,0.0,0.01856,1.0,4246
51,16,star_sign,mlp_h64,0.001,0.0,0.00462,1.0,4246
51,16,star_sign,mlp_h128,0.001,0.0,0.00041,1.0,4246
51,16,star_sign,attention,0.0001,1e-05,0.0,1.0,4246
51,16,star_sign,shuffled,0.01,0.0001,2.69126,0.15214,4246
52,0,age_bin,ema_lr1e-3,0.001,0.0001,1.47158,0.28382,4383
52,0,age_bin,ema_lr5e-3,0.005,0.0001,1.23989,0.51198,4383
52,0,age_bin,ema_lr1e-2,0.01,0.0001,1.077,0.671,4383
52,0,age_bin,ema_lr5e-2,0.05,0.0001,0.35931,0.96053,4383
52,0,age_bin,ema_lr1e-2_wd1e-3,0.01,0.001,1.04913,0.67032,4383
52,0,age_bin,ema_d0.99,0.01,0.0001,1.02129,0.64408,4383
52,0,age_bin,ema_d0.9999,0.01,0.0001,1.06765,0.65731,4383
52,0,age_bin,mlp_h16,0.001,0.0,0.00869,1.0,4383
52,0,age_bin,mlp_h32,0.001,0.0,0.00491,1.0,4383
52,0,age_bin,mlp_h64,0.001,0.0,0.0017,1.0,4383
52,0,age_bin,mlp_h128,0.001,0.0,0.00036,1.0,4383
52,0,age_bin,attention,0.0001,1e-05,0.82842,1.0,4383
52,0,age_bin,shuffled,0.01,0.0001,1.0555,0.65822,4383
52,0,gender,ema_lr1e-3,0.001,0.0001,0.92767,0.51289,4383
52,0,gender,ema_lr5e-3,0.005,0.0001,0.9216,0.49646,4383
52,0,gender,ema_lr1e-2,0.01,0.0001,0.83462,0.51426,4383
52,0,gender,ema_lr5e-2,0.05,0.0001,0.78642,0.51426,4383
52,0,gender,ema_lr1e-2_wd1e-3,0.01,0.001,0.83955,0.50947,4383
52,0,gender,ema_d0.99,0.01,0.0001,0.85094,0.49213,4383
52,0,gender,ema_d0.9999,0.01,0.0001,0.83903,0.49715,4383
52,0,gender,mlp_h16,0.001,0.0,0.69277,0.51358,4383
52,0,gender,mlp_h32,0.001,0.0,0.69417,0.50947,4383
52,0,gender,mlp_h64,0.001,0.0,0.69585,0.50924,4383
52,0,gender,mlp_h128,0.001,0.0,0.69352,0.5211,4383
52,0,gender,attention,0.0001,1e-05,0.69209,0.52344,4383
52,0,gender,shuffled,0.01,0.0001,0.84592,0.50559,4383
52,0,star_sign,ema_lr1e-3,0.001,0.0001,3.16777,0.04997,4383
52,0,star_sign,ema_lr5e-3,0.005,0.0001,2.87338,0.1896,4383
52,0,star_sign,ema_lr1e-2,0.01,0.0001,2.57521,0.24709,4383
52,0,star_sign,ema_lr5e-2,0.05,0.0001,1.05481,0.85603,4383
52,0,star_sign,ema_lr1e-2_wd1e-3,0.01,0.001,2.56236,0.26899,4383
52,0,star_sign,ema_d0.99,0.01,0.0001,2.58481,0.33311,4383
52,0,star_sign,ema_d0.9999,0.01,0.0001,2.58056,0.40611,4383
52,0,star_sign,mlp_h16,0.001,0.0,0.03163,1.0,4383
52,0,star_sign,mlp_h32,0.001,0.0,0.0106,1.0,4383
52,0,star_sign,mlp_h64,0.001,0.0,0.00284,1.0,4383
52,0,star_sign,mlp_h128,0.001,0.0,0.00052,1.0,4383
52,0,star_sign,attention,0.0001,1e-05,2.06675,1.0,4383
52,0,star_sign,shuffled,0.01,0.0001,2.59414,0.26329,4383
52,4,age_bin,ema_lr1e-3,0.001,0.0001,1.40423,0.3598,4383
52,4,age_bin,ema_lr5e-3,0.005,0.0001,1.23804,0.39471,4383
52,4,age_bin,ema_lr1e-2,0.01,0.0001,1.0561,0.50924,4383
52,4,age_bin,ema_lr5e-2,0.05,0.0001,0.41482,0.93908,4383
52,4,age_bin,ema_lr1e-2_wd1e-3,0.01,0.001,1.02159,0.52772,4383
52,4,age_bin,ema_d0.99,0.01,0.0001,1.03373,0.50901,4383
52,4,age_bin,ema_d0.9999,0.01,0.0001,1.03395,0.52088,4383
52,4,age_bin,mlp_h16,0.001,0.0,0.00536,1.0,4383
52,4,age_bin,mlp_h32,0.001,0.0,0.00365,1.0,4383
52,4,age_bin,mlp_h64,0.001,0.0,0.00037,1.0,4383
52,4,age_bin,mlp_h128,0.001,0.0,0.00012,1.0,4383
52,4,age_bin,attention,0.0001,1e-05,0.0,1.0,4383
52,4,age_bin,shuffled,0.01,0.0001,1.02545,0.50445,4383
52,4,gender,ema_lr1e-3,0.001,0.0001,0.97227,0.49669,4383
52,4,gender,ema_lr5e-3,0.005,0.0001,0.87838,0.50764,4383
52,4,gender,ema_lr1e-2,0.01,0.0001,0.83608,0.517,4383
52,4,gender,ema_lr5e-2,0.05,0.0001,1.00362,0.5138,4383
52,4,gender,ema_lr1e-2_wd1e-3,0.01,0.001,0.81861,0.52498,4383
52,4,gender,ema_d0.99,0.01,0.0001,0.83829,0.50947,4383
52,4,gender,ema_d0.9999,0.01,0.0001,0.86409,0.50422,4383
52,4,gender,mlp_h16,0.001,0.0,0.6892,0.5389,4383
52,4,gender,mlp_h32,0.001,0.0,0.68849,0.54689,4383
52,4,gender,mlp_h64,0.001,0.0,0.69686,0.5446,4383
52,4,gender,mlp_h128,0.001,0.0,0.69616,0.53297,4383
52,4,gender,attention,0.0001,1e-05,0.71377,0.46094,4383
52,4,gender,shuffled,0.01,0.0001,0.86835,0.51084,4383
52,4,star_sign,ema_lr1e-3,0.001,0.0001,3.05954,0.08282,4383
52,4,star_sign,ema_lr5e-3,0.005,0.0001,2.77493,0.12617,4383
52,4,star_sign,ema_lr1e-2,0.01,0.0001,2.49154,0.17842,4383
52,4,star_sign,ema_lr5e-2,0.05,0.0001,1.1724,0.87452,4383
52,4,star_sign,ema_lr1e-2_wd1e-3,0.01,0.001,2.44707,0.19507,4383
52,4,star_sign,ema_d0.99,0.01,0.0001,2.4933,0.18298,4383
52,4,star_sign,ema_d0.9999,0.01,0.0001,2.47081,0.17956,4383
52,4,star_sign,mlp_h16,0.001,0.0,0.02364,1.0,4383
52,4,star_sign,mlp_h32,0.001,0.0,0.00532,1.0,4383
52,4,star_sign,mlp_h64,0.001,0.0,0.00133,1.0,4383
52,4,star_sign,mlp_h128,0.001,0.0,8e-05,1.0,4383
52,4,star_sign,attention,0.0001,1e-05,0.00019,1.0,4383
52,4,star_sign,shuffled,0.01,0.0001,2.52201,0.1807,4383
52,8,age_bin,ema_lr1e-3,0.001,0.0001,1.50087,0.33881,4383
52,8,age_bin,ema_lr5e-3,0.005,0.0001,1.27118,0.40452,4383
52,8,age_bin,ema_lr1e-2,0.01,0.0001,1.02156,0.53091,4383
52,8,age_bin,ema_lr5e-2,0.05,0.0001,0.4495,0.95232,4383
52,8,age_bin,ema_lr1e-2_wd1e-3,0.01,0.001,1.02005,0.51472,4383
52,8,age_bin,ema_d0.99,0.01,0.0001,1.05408,0.49555,4383
52,8,age_bin,ema_d0.9999,0.01,0.0001,1.04157,0.49601,4383
52,8,age_bin,mlp_h16,0.001,0.0,0.01316,1.0,4383
52,8,age_bin,mlp_h32,0.001,0.0,0.00275,1.0,4383
52,8,age_bin,mlp_h64,0.001,0.0,0.00064,1.0,4383
52,8,age_bin,mlp_h128,0.001,0.0,0.00027,1.0,4383
52,8,age_bin,attention,0.0001,1e-05,0.0,1.0,4383
52,8,age_bin,shuffled,0.01,0.0001,1.05205,0.49669,4383
52,8,gender,ema_lr1e-3,0.001,0.0001,0.95204,0.50262,4383
52,8,gender,ema_lr5e-3,0.005,0.0001,0.94659,0.4757,4383
52,8,gender,ema_lr1e-2,0.01,0.0001,0.85494,0.49646,4383
52,8,gender,ema_lr5e-2,0.05,0.0001,0.96222,0.52475,4383
52,8,gender,ema_lr1e-2_wd1e-3,0.01,0.001,0.84298,0.50787,4383
52,8,gender,ema_d0.99,0.01,0.0001,0.8782,0.50057,4383
52,8,gender,ema_d0.9999,0.01,0.0001,0.84612,0.50103,4383
52,8,gender,mlp_h16,0.001,0.0,0.68519,0.5478,4383
52,8,gender,mlp_h32,0.001,0.0,0.68594,0.55898,4383
52,8,gender,mlp_h64,0.001,0.0,0.6926,0.53571,4383
52,8,gender,mlp_h128,0.001,0.0,0.68912,0.54962,4383
52,8,gender,attention,0.0001,1e-05,0.70977,0.5,4383
52,8,gender,shuffled,0.01,0.0001,0.86336,0.50125,4383
52,8,star_sign,ema_lr1e-3,0.001,0.0001,3.09942,0.08122,4383
52,8,star_sign,ema_lr5e-3,0.005,0.0001,2.82112,0.12434,4383
52,8,star_sign,ema_lr1e-2,0.01,0.0001,2.56175,0.16655,4383
52,8,star_sign,ema_lr5e-2,0.05,0.0001,1.20545,0.87018,4383
52,8,star_sign,ema_lr1e-2_wd1e-3,0.01,0.001,2.53165,0.17545,4383
52,8,star_sign,ema_d0.99,0.01,0.0001,2.49608,0.17431,4383
52,8,star_sign,ema_d0.9999,0.01,0.0001,2.52081,0.17728,4383
52,8,star_sign,mlp_h16,0.001,0.0,0.06628,0.9708,4383
52,8,star_sign,mlp_h32,0.001,0.0,0.00892,1.0,4383
52,8,star_sign,mlp_h64,0.001,0.0,0.00166,1.0,4383
52,8,star_sign,mlp_h128,0.001,0.0,0.00014,1.0,4383
52,8,star_sign,attention,0.0001,1e-05,0.0,1.0,4383
52,8,star_sign,shuffled,0.01,0.0001,2.54475,0.17089,4383
52,12,age_bin,ema_lr1e-3,0.001,0.0001,1.4281,0.35044,4383
52,12,age_bin,ema_lr5e-3,0.005,0.0001,1.21599,0.43692,4383
52,12,age_bin,ema_lr1e-2,0.01,0.0001,1.06293,0.49624,4383
52,12,age_bin,ema_lr5e-2,0.05,0.0001,0.38081,0.94068,4383
52,12,age_bin,ema_lr1e-2_wd1e-3,0.01,0.001,1.10142,0.46703,4383
52,12,age_bin,ema_d0.99,0.01,0.0001,1.0651,0.49989,4383
52,12,age_bin,ema_d0.9999,0.01,0.0001,1.06984,0.48506,4383
52,12,age_bin,mlp_h16,0.001,0.0,0.00461,1.0,4383
52,12,age_bin,mlp_h32,0.001,0.0,0.00313,1.0,4383
52,12,age_bin,mlp_h64,0.001,0.0,0.00205,1.0,4383
52,12,age_bin,mlp_h128,0.001,0.0,0.00029,1.0,4383
52,12,age_bin,attention,0.0001,1e-05,0.00038,1.0,4383
52,12,age_bin,shuffled,0.01,0.0001,1.02559,0.51723,4383
52,12,gender,ema_lr1e-3,0.001,0.0001,0.96409,0.52065,4383
52,12,gender,ema_lr5e-3,0.005,0.0001,0.91272,0.50468,4383
52,12,gender,ema_lr1e-2,0.01,0.0001,0.82936,0.52202,4383
52,12,gender,ema_lr5e-2,0.05,0.0001,0.83411,0.55305,4383
52,12,gender,ema_lr1e-2_wd1e-3,0.01,0.001,0.83927,0.51563,4383
52,12,gender,ema_d0.99,0.01,0.0001,0.79762,0.54689,4383
52,12,gender,ema_d0.9999,0.01,0.0001,0.86441,0.50331,4383
52,12,gender,mlp_h16,0.001,0.0,0.66461,0.59274,4383
52,12,gender,mlp_h32,0.001,0.0,0.66961,0.58773,4383
52,12,gender,mlp_h64,0.001,0.0,0.66582,0.58978,4383
52,12,gender,mlp_h128,0.001,0.0,0.67006,0.59001,4383
52,12,gender,attention,0.0001,1e-05,0.64916,0.57812,4383
52,12,gender,shuffled,0.01,0.0001,0.84294,0.5138,4383
52,12,star_sign,ema_lr1e-3,0.001,0.0001,3.12448,0.09811,4383
52,12,star_sign,ema_lr5e-3,0.005,0.0001,2.87398,0.13324,4383
52,12,star_sign,ema_lr1e-2,0.01,0.0001,2.58937,0.16108,4383
52,12,star_sign,ema_lr5e-2,0.05,0.0001,1.05743,0.81109,4383
52,12,star_sign,ema_lr1e-2_wd1e-3,0.01,0.001,2.56772,0.15948,4383
52,12,star_sign,ema_d0.99,0.01,0.0001,2.56802,0.16016,4383
52,12,star_sign,ema_d0.9999,0.01,0.0001,2.61421,0.16632,4383
52,12,star_sign,mlp_h16,0.001,0.0,0.03251,1.0,4383
52,12,star_sign,mlp_h32,0.001,0.0,0.01117,1.0,4383
52,12,star_sign,mlp_h64,0.001,0.0,0.00131,1.0,4383
52,12,star_sign,mlp_h128,0.001,0.0,0.00032,1.0,4383
52,12,star_sign,attention,0.0001,1e-05,3e-05,1.0,4383
52,12,star_sign,shuffled,0.01,0.0001,2.58178,0.15583,4383
52,16,age_bin,ema_lr1e-3,0.001,0.0001,1.47245,0.36459,4383
52,16,age_bin,ema_lr5e-3,0.005,0.0001,1.31265,0.38421,4383
52,16,age_bin,ema_lr1e-2,0.01,0.0001,1.08422,0.48551,4383
52,16,age_bin,ema_lr5e-2,0.05,0.0001,0.36522,0.95848,4383
52,16,age_bin,ema_lr1e-2_wd1e-3,0.01,0.001,1.09478,0.48049,4383
52,16,age_bin,ema_d0.99,0.01,0.0001,1.05563,0.50194,4383
52,16,age_bin,ema_d0.9999,0.01,0.0001,1.07692,0.48255,4383
52,16,age_bin,mlp_h16,0.001,0.0,0.02101,1.0,4383
52,16,age_bin,mlp_h32,0.001,0.0,0.00386,1.0,4383
52,16,age_bin,mlp_h64,0.001,0.0,0.00062,1.0,4383
52,16,age_bin,mlp_h128,0.001,0.0,0.0003,1.0,4383
52,16,age_bin,attention,0.0001,1e-05,0.0,1.0,4383
52,16,age_bin,shuffled,0.01,0.0001,1.07689,0.50878,4383
52,16,gender,ema_lr1e-3,0.001,0.0001,0.91164,0.53297,4383
52,16,gender,ema_lr5e-3,0.005,0.0001,0.87663,0.52772,4383
52,16,gender,ema_lr1e-2,0.01,0.0001,0.79523,0.55692,4383
52,16,gender,ema_lr5e-2,0.05,0.0001,0.73701,0.56674,4383
52,16,gender,ema_lr1e-2_wd1e-3,0.01,0.001,0.81457,0.53662,4383
52,16,gender,ema_d0.99,0.01,0.0001,0.8392,0.51745,4383
52,16,gender,ema_d0.9999,0.01,0.0001,0.83326,0.52841,4383
52,16,gender,mlp_h16,0.001,0.0,0.66126,0.59183,4383
52,16,gender,mlp_h32,0.001,0.0,0.65867,0.59822,4383
52,16,gender,mlp_h64,0.001,0.0,0.66104,0.59525,4383
52,16,gender,mlp_h128,0.001,0.0,0.66251,0.59503,4383
52,16,gender,attention,0.0001,1e-05,0.69074,0.50781,4383
52,16,gender,shuffled,0.01,0.0001,0.85825,0.49875,4383
52,16,star_sign,ema_lr1e-3,0.001,0.0001,3.19446,0.07073,4383
52,16,star_sign,ema_lr5e-3,0.005,0.0001,2.84275,0.1191,4383
52,16,star_sign,ema_lr1e-2,0.01,0.0001,2.57419,0.16975,4383
52,16,star_sign,ema_lr5e-2,0.05,0.0001,1.09506,0.81246,4383
52,16,star_sign,ema_lr1e-2_wd1e-3,0.01,0.001,2.71997,0.13986,4383
52,16,star_sign,ema_d0.99,0.01,0.0001,2.57078,0.18709,4383
52,16,star_sign,ema_d0.9999,0.01,0.0001,2.63338,0.16587,4383
52,16,star_sign,mlp_h16,0.001,0.0,0.0451,1.0,4383
52,16,star_sign,mlp_h32,0.001,0.0,0.01721,1.0,4383
52,16,star_sign,mlp_h64,0.001,0.0,0.00447,1.0,4383
52,16,star_sign,mlp_h128,0.001,0.0,0.00037,1.0,4383
52,16,star_sign,attention,0.0001,1e-05,0.0,1.0,4383
52,16,star_sign,shuffled,0.01,0.0001,2.57897,0.1734,4383
53,0,age_bin,ema_lr1e-3,0.001,0.0001,1.49005,0.27607,3941
53,0,age_bin,ema_lr5e-3,0.005,0.0001,1.2484,0.49251,3941
53,0,age_bin,ema_lr1e-2,0.01,0.0001,1.05776,0.68054,3941
53,0,age_bin,ema_lr5e-2,0.05,0.0001,0.35192,0.96194,3941
53,0,age_bin,ema_lr1e-2_wd1e-3,0.01,0.001,1.04833,0.67546,3941
53,0,age_bin,ema_d0.99,0.01,0.0001,1.03259,0.62903,3941
53,0,age_bin,ema_d0.9999,0.01,0.0001,1.04427,0.67699,3941
53,0,age_bin,mlp_h16,0.001,0.0,0.00836,1.0,3941
53,0,age_bin,mlp_h32,0.001,0.0,0.00499,1.0,3941
53,0,age_bin,mlp_h64,0.001,0.0,0.0016,1.0,3941
53,0,age_bin,mlp_h128,0.001,0.0,0.00036,1.0,3941
53,0,age_bin,attention,0.0001,1e-05,0.823,1.0,3941
53,0,age_bin,shuffled,0.01,0.0001,1.03677,0.66785,3941
53,0,gender,ema_lr1e-3,0.001,0.0001,0.98601,0.49886,3941
53,0,gender,ema_lr5e-3,0.005,0.0001,0.90074,0.50698,3941
53,0,gender,ema_lr1e-2,0.01,0.0001,0.81626,0.5255,3941
53,0,gender,ema_lr5e-2,0.05,0.0001,0.79328,0.46333,3941
53,0,gender,ema_lr1e-2_wd1e-3,0.01,0.001,0.86067,0.50825,3941
53,0,gender,ema_d0.99,0.01,0.0001,0.84808,0.49581,3941
53,0,gender,ema_d0.9999,0.01,0.0001,0.87413,0.49277,3941
53,0,gender,mlp_h16,0.001,0.0,0.6958,0.49454,3941
53,0,gender,mlp_h32,0.001,0.0,0.70142,0.47653,3941
53,0,gender,mlp_h64,0.001,0.0,0.70129,0.4882,3941
53,0,gender,mlp_h128,0.001,0.0,0.7043,0.47399,3941
53,0,gender,attention,0.0001,1e-05,0.69165,0.54688,3941
53,0,gender,shuffled,0.01,0.0001,0.84725,0.51764,3941
53,0,star_sign,ema_lr1e-3,0.001,0.0001,3.15616,0.05379,3941
53,0,star_sign,ema_lr5e-3,0.005,0.0001,2.893,0.19741,3941
53,0,star_sign,ema_lr1e-2,0.01,0.0001,2.58588,0.29257,3941
53,0,star_sign,ema_lr5e-2,0.05,0.0001,1.0309,0.85968,3941
53,0,star_sign,ema_lr1e-2_wd1e-3,0.01,0.001,2.5536,0.31185,3941
53,0,star_sign,ema_d0.99,0.01,0.0001,2.58051,0.33621,3941
53,0,star_sign,ema_d0.9999,0.01,0.0001,2.55683,0.40041,3941
53,0,star_sign,mlp_h16,0.001,0.0,0.03091,1.0,3941
53,0,star_sign,mlp_h32,0.001,0.0,0.01087,1.0,3941
53,0,star_sign,mlp_h64,0.001,0.0,0.00286,1.0,3941
53,0,star_sign,mlp_h128,0.001,0.0,0.00047,1.0,3941
53,0,star_sign,attention,0.0001,1e-05,2.05655,1.0,3941
53,0,star_sign,shuffled,0.01,0.0001,2.55694,0.31895,3941
53,4,age_bin,ema_lr1e-3,0.001,0.0001,1.38911,0.36184,3941
53,4,age_bin,ema_lr5e-3,0.005,0.0001,1.16682,0.42578,3941
53,4,age_bin,ema_lr1e-2,0.01,0.0001,1.02309,0.52525,3941
53,4,age_bin,ema_lr5e-2,0.05,0.0001,0.3591,0.95255,3941
53,4,age_bin,ema_lr1e-2_wd1e-3,0.01,0.001,1.00215,0.54098,3941
53,4,age_bin,ema_d0.99,0.01,0.0001,1.02294,0.51789,3941
53,4,age_bin,ema_d0.9999,0.01,0.0001,1.01934,0.52068,3941
53,4,age_bin,mlp_h16,0.001,0.0,0.00541,1.0,3941
53,4,age_bin,mlp_h32,0.001,0.0,0.00359,1.0,3941
53,4,age_bin,mlp_h64,0.001,0.0,0.00039,1.0,3941
53,4,age_bin,mlp_h128,0.001,0.0,0.00013,1.0,3941
53,4,age_bin,attention,0.0001,1e-05,0.0,1.0,3941
53,4,age_bin,shuffled,0.01,0.0001,1.01152,0.52956,3941
53,4,gender,ema_lr1e-3,0.001,0.0001,0.93678,0.49886,3941
53,4,gender,ema_lr5e-3,0.005,0.0001,0.89293,0.49328,3941
53,4,gender,ema_lr1e-2,0.01,0.0001,0.85382,0.50723,3941
53,4,gender,ema_lr5e-2,0.05,0.0001,1.07099,0.53819,3941
53,4,gender,ema_lr1e-2_wd1e-3,0.01,0.001,0.84311,0.50317,3941
53,4,gender,ema_d0.99,0.01,0.0001,0.84215,0.51281,3941
53,4,gender,ema_d0.9999,0.01,0.0001,0.83435,0.52017,3941
53,4,gender,mlp_h16,0.001,0.0,0.72193,0.45953,3941
53,4,gender,mlp_h32,0.001,0.0,0.71812,0.45572,3941
53,4,gender,mlp_h64,0.001,0.0,0.72855,0.44912,3941
53,4,gender,mlp_h128,0.001,0.0,0.73436,0.46613,3941
53,4,gender,attention,0.0001,1e-05,0.71943,0.50781,3941
53,4,gender,shuffled,0.01,0.0001,0.84543,0.51383,3941
53,4,star_sign,ema_lr1e-3,0.001,0.0001,3.05066,0.08196,3941
53,4,star_sign,ema_lr5e-3,0.005,0.0001,2.68889,0.13271,3941
53,4,star_sign,ema_lr1e-2,0.01,0.0001,2.46483,0.18168,3941
53,4,star_sign,ema_lr5e-2,0.05,0.0001,1.06581,0.84293,3941
53,4,star_sign,ema_lr1e-2_wd1e-3,0.01,0.001,2.4338,0.18726,3941
53,4,star_sign,ema_d0.99,0.01,0.0001,2.44904,0.19437,3941
53,4,star_sign,ema_d0.9999,0.01,0.0001,2.4741,0.17584,3941
53,4,star_sign,mlp_h16,0.001,0.0,0.02196,1.0,3941
53,4,star_sign,mlp_h32,0.001,0.0,0.00524,1.0,3941
53,4,star_sign,mlp_h64,0.001,0.0,0.00134,1.0,3941
53,4,star_sign,mlp_h128,0.001,0.0,8e-05,1.0,3941
53,4,star_sign,attention,0.0001,1e-05,0.00025,1.0,3941
53,4,star_sign,shuffled,0.01,0.0001,2.47447,0.19716,3941
53,8,age_bin,ema_lr1e-3,0.001,0.0001,1.46127,0.34687,3941
53,8,age_bin,ema_lr5e-3,0.005,0.0001,1.18453,0.44227,3941
53,8,age_bin,ema_lr1e-2,0.01,0.0001,1.01795,0.53032,3941
53,8,age_bin,ema_lr5e-2,0.05,0.0001,0.52174,0.87516,3941
53,8,age_bin,ema_lr1e-2_wd1e-3,0.01,0.001,1.04791,0.49556,3941
53,8,age_bin,ema_d0.99,0.01,0.0001,1.03281,0.51713,3941
53,8,age_bin,ema_d0.9999,0.01,0.0001,0.99912,0.53184,3941
53,8,age_bin,mlp_h16,0.001,0.0,0.01193,1.0,3941
53,8,age_bin,mlp_h32,0.001,0.0,0.00264,1.0,3941
53,8,age_bin,mlp_h64,0.001,0.0,0.00058,1.0,3941
53,8,age_bin,mlp_h128,0.001,0.0,0.00026,1.0,3941
53,8,age_bin,attention,0.0001,1e-05,0.0,1.0,3941
53,8,age_bin,shuffled,0.01,0.0001,1.01798,0.51104,3941
53,8,gender,ema_lr1e-3,0.001,0.0001,0.97639,0.49023,3941
53,8,gender,ema_lr5e-3,0.005,0.0001,0.91913,0.48008,3941
53,8,gender,ema_lr1e-2,0.01,0.0001,0.86485,0.48566,3941
53,8,gender,ema_lr5e-2,0.05,0.0001,1.02296,0.47577,3941
53,8,gender,ema_lr1e-2_wd1e-3,0.01,0.001,0.9133,0.46942,3941
53,8,gender,ema_d0.99,0.01,0.0001,0.83889,0.51104,3941
53,8,gender,ema_d0.9999,0.01,0.0001,0.8673,0.48363,3941
53,8,gender,mlp_h16,0.001,0.0,0.7137,0.4712,3941
53,8,gender,mlp_h32,0.001,0.0,0.72211,0.47475,3941
53,8,gender,mlp_h64,0.001,0.0,0.72655,0.48592,3941
53,8,gender,mlp_h128,0.001,0.0,0.72604,0.47754,3941
53,8,gender,attention,0.0001,1e-05,0.7137,0.48438,3941
53,8,gender,shuffled,0.01,0.0001,0.84231,0.50749,3941
53,8,star_sign,ema_lr1e-3,0.001,0.0001,3.08693,0.08551,3941
53,8,star_sign,ema_lr5e-3,0.005,0.0001,2.7805,0.12611,3941
53,8,star_sign,ema_lr1e-2,0.01,0.0001,2.47903,0.19792,3941
53,8,star_sign,ema_lr5e-2,0.05,0.0001,1.05886,0.8206,3941
53,8,star_sign,ema_lr1e-2_wd1e-3,0.01,0.001,2.5716,0.16062,3941
53,8,star_sign,ema_d0.99,0.01,0.0001,2.55132,0.16316,3941
53,8,star_sign,ema_d0.9999,0.01,0.0001,2.45122,0.2002,3941
53,8,star_sign,mlp_h16,0.001,0.0,0.06774,0.96752,3941
53,8,star_sign,mlp_h32,0.001,0.0,0.00819,1.0,3941
53,8,star_sign,mlp_h64,0.001,0.0,0.00158,1.0,3941
53,8,star_sign,mlp_h128,0.001,0.0,0.00014,1.0,3941
53,8,star_sign,attention,0.0001,1e-05,0.0,1.0,3941
53,8,star_sign,shuffled,0.01,0.0001,2.53587,0.17457,3941
53,12,age_bin,ema_lr1e-3,0.001,0.0001,1.44385,0.33088,3941
53,12,age_bin,ema_lr5e-3,0.005,0.0001,1.26196,0.4103,3941
53,12,age_bin,ema_lr1e-2,0.01,0.0001,1.07755,0.48338,3941
53,12,age_bin,ema_lr5e-2,0.05,0.0001,0.40345,0.94849,3941
53,12,age_bin,ema_lr1e-2_wd1e-3,0.01,0.001,1.04156,0.49886,3941
53,12,age_bin,ema_d0.99,0.01,0.0001,1.05652,0.4986,3941
53,12,age_bin,ema_d0.9999,0.01,0.0001,1.05842,0.4986,3941
53,12,age_bin,mlp_h16,0.001,0.0,0.00459,1.0,3941
53,12,age_bin,mlp_h32,0.001,0.0,0.00308,1.0,3941
53,12,age_bin,mlp_h64,0.001,0.0,0.00196,1.0,3941
53,12,age_bin,mlp_h128,0.001,0.0,0.00028,1.0,3941
53,12,age_bin,attention,0.0001,1e-05,0.00037,1.0,3941
53,12,age_bin,shuffled,0.01,0.0001,1.04795,0.51129,3941
53,12,gender,ema_lr1e-3,0.001,0.0001,1.05286,0.48236,3941
53,12,gender,ema_lr5e-3,0.005,0.0001,0.91018,0.50647,3941
53,12,gender,ema_lr1e-2,0.01,0.0001,0.8489,0.50292,3941
53,12,gender,ema_lr5e-2,0.05,0.0001,0.93878,0.45217,3941
53,12,gender,ema_lr1e-2_wd1e-3,0.01,0.001,0.84616,0.50977,3941
53,12,gender,ema_d0.99,0.01,0.0001,0.85303,0.50469,3941
53,12,gender,ema_d0.9999,0.01,0.0001,0.88695,0.49632,3941
53,12,gender,mlp_h16,0.001,0.0,0.72397,0.44532,3941
53,12,gender,mlp_h32,0.001,0.0,0.72122,0.45395,3941
53,12,gender,mlp_h64,0.001,0.0,0.72327,0.4641,3941
53,12,gender,mlp_h128,0.001,0.0,0.73452,0.47754,3941
53,12,gender,attention,0.0001,1e-05,0.73247,0.5,3941
53,12,gender,shuffled,0.01,0.0001,0.8656,0.50343,3941
53,12,star_sign,ema_lr1e-3,0.001,0.0001,3.18653,0.09465,3941
53,12,star_sign,ema_lr5e-3,0.005,0.0001,2.81925,0.12611,3941
53,12,star_sign,ema_lr1e-2,0.01,0.0001,2.49954,0.17813,3941
53,12,star_sign,ema_lr5e-2,0.05,0.0001,1.05733,0.82898,3941
53,12,star_sign,ema_lr1e-2_wd1e-3,0.01,0.001,2.53491,0.16569,3941
53,12,star_sign,ema_d0.99,0.01,0.0001,2.47798,0.1794,3941
53,12,star_sign,ema_d0.9999,0.01,0.0001,2.52364,0.17381,3941
53,12,star_sign,mlp_h16,0.001,0.0,0.03154,1.0,3941
53,12,star_sign,mlp_h32,0.001,0.0,0.01056,1.0,3941
53,12,star_sign,mlp_h64,0.001,0.0,0.00127,1.0,3941
53,12,star_sign,mlp_h128,0.001,0.0,0.00035,1.0,3941
53,12,star_sign,attention,0.0001,1e-05,2e-05,1.0,3941
53,12,star_sign,shuffled,0.01,0.0001,2.55342,0.16113,3941
53,16,age_bin,ema_lr1e-3,0.001,0.0001,1.5144,0.33799,3941
53,16,age_bin,ema_lr5e-3,0.005,0.0001,1.215,0.42096,3941
53,16,age_bin,ema_lr1e-2,0.01,0.0001,1.02505,0.51434,3941
53,16,age_bin,ema_lr5e-2,0.05,0.0001,0.35273,0.96473,3941
53,16,age_bin,ema_lr1e-2_wd1e-3,0.01,0.001,1.09858,0.48947,3941
53,16,age_bin,ema_d0.99,0.01,0.0001,1.0499,0.49099,3941
53,16,age_bin,ema_d0.9999,0.01,0.0001,1.01345,0.51408,3941
53,16,age_bin,mlp_h16,0.001,0.0,0.02008,0.99975,3941
53,16,age_bin,mlp_h32,0.001,0.0,0.00407,1.0,3941
53,16,age_bin,mlp_h64,0.001,0.0,0.00063,1.0,3941
53,16,age_bin,mlp_h128,0.001,0.0,0.00029,1.0,3941
53,16,age_bin,attention,0.0001,1e-05,0.0,1.0,3941
53,16,age_bin,shuffled,0.01,0.0001,1.02256,0.52271,3941
53,16,gender,ema_lr1e-3,0.001,0.0001,0.99965,0.48211,3941
53,16,gender,ema_lr5e-3,0.005,0.0001,0.89111,0.51358,3941
53,16,gender,ema_lr1e-2,0.01,0.0001,0.87052,0.5184,3941
53,16,gender,ema_lr5e-2,0.05,0.0001,0.79141,0.50875,3941
53,16,gender,ema_lr1e-2_wd1e-3,0.01,0.001,0.87737,0.48922,3941
53,16,gender,ema_d0.99,0.01,0.0001,0.89188,0.48287,3941
53,16,gender,ema_d0.9999,0.01,0.0001,0.87918,0.48363,3941
53,16,gender,mlp_h16,0.001,0.0,0.72178,0.47222,3941
53,16,gender,mlp_h32,0.001,0.0,0.72082,0.47145,3941
53,16,gender,mlp_h64,0.001,0.0,0.72612,0.47983,3941
53,16,gender,mlp_h128,0.001,0.0,0.72426,0.4849,3941
53,16,gender,attention,0.0001,1e-05,0.79476,0.48438,3941
53,16,gender,shuffled,0.01,0.0001,0.84118,0.50343,3941
53,16,star_sign,ema_lr1e-3,0.001,0.0001,3.21349,0.06775,3941
53,16,star_sign,ema_lr5e-3,0.005,0.0001,2.82553,0.11723,3941
53,16,star_sign,ema_lr1e-2,0.01,0.0001,2.53816,0.17204,3941
53,16,star_sign,ema_lr5e-2,0.05,0.0001,1.02372,0.83913,3941
53,16,star_sign,ema_lr1e-2_wd1e-3,0.01,0.001,2.6066,0.17229,3941
53,16,star_sign,ema_d0.99,0.01,0.0001,2.55342,0.1799,3941
53,16,star_sign,ema_d0.9999,0.01,0.0001,2.53372,0.18346,3941
53,16,star_sign,mlp_h16,0.001,0.0,0.04663,1.0,3941
53,16,star_sign,mlp_h32,0.001,0.0,0.0181,1.0,3941
53,16,star_sign,mlp_h64,0.001,0.0,0.00465,1.0,3941
53,16,star_sign,mlp_h128,0.001,0.0,0.00045,1.0,3941
53,16,star_sign,attention,0.0001,1e-05,0.0,1.0,3941
53,16,star_sign,shuffled,0.01,0.0001,2.53575,0.16569,3941
54,0,age_bin,ema_lr1e-3,0.001,0.0001,1.48406,0.28467,3980
54,0,age_bin,ema_lr5e-3,0.005,0.0001,1.22852,0.49849,3980
54,0,age_bin,ema_lr1e-2,0.01,0.0001,1.04705,0.67337,3980
54,0,age_bin,ema_lr5e-2,0.05,0.0001,0.34967,0.96181,3980
54,0,age_bin,ema_lr1e-2_wd1e-3,0.01,0.001,1.05112,0.66985,3980
54,0,age_bin,ema_d0.99,0.01,0.0001,1.02726,0.64472,3980
54,0,age_bin,ema_d0.9999,0.01,0.0001,1.04695,0.66357,3980
54,0,age_bin,mlp_h16,0.001,0.0,0.008,1.0,3980
54,0,age_bin,mlp_h32,0.001,0.0,0.00477,1.0,3980
54,0,age_bin,mlp_h64,0.001,0.0,0.00163,1.0,3980
54,0,age_bin,mlp_h128,0.001,0.0,0.00038,1.0,3980
54,0,age_bin,attention,0.0001,1e-05,0.81924,1.0,3980
54,0,age_bin,shuffled,0.01,0.0001,1.02832,0.65075,3980
54,0,gender,ema_lr1e-3,0.001,0.0001,0.95983,0.49573,3980
54,0,gender,ema_lr5e-3,0.005,0.0001,0.91947,0.50075,3980
54,0,gender,ema_lr1e-2,0.01,0.0001,0.84461,0.51005,3980
54,0,gender,ema_lr5e-2,0.05,0.0001,0.77092,0.50905,3980
54,0,gender,ema_lr1e-2_wd1e-3,0.01,0.001,0.87623,0.49347,3980
54,0,gender,ema_d0.99,0.01,0.0001,0.84012,0.50553,3980
54,0,gender,ema_d0.9999,0.01,0.0001,0.86522,0.49221,3980
54,0,gender,mlp_h16,0.001,0.0,0.694,0.52035,3980
54,0,gender,mlp_h32,0.001,0.0,0.6934,0.51583,3980
54,0,gender,mlp_h64,0.001,0.0,0.69367,0.53015,3980
54,0,gender,mlp_h128,0.001,0.0,0.69568,0.51482,3980
54,0,gender,attention,0.0001,1e-05,0.69384,0.48438,3980
54,0,gender,shuffled,0.01,0.0001,0.85221,0.501,3980
54,0,star_sign,ema_lr1e-3,0.001,0.0001,3.19813,0.05678,3980
54,0,star_sign,ema_lr5e-3,0.005,0.0001,2.92022,0.19623,3980
54,0,star_sign,ema_lr1e-2,0.01,0.0001,2.56958,0.24724,3980
54,0,star_sign,ema_lr5e-2,0.05,0.0001,0.98369,0.87663,3980
54,0,star_sign,ema_lr1e-2_wd1e-3,0.01,0.001,2.58715,0.26633,3980
54,0,star_sign,ema_d0.99,0.01,0.0001,2.57175,0.31859,3980
54,0,star_sign,ema_d0.9999,0.01,0.0001,2.5631,0.40302,3980
54,0,star_sign,mlp_h16,0.001,0.0,0.02827,1.0,3980
54,0,star_sign,mlp_h32,0.001,0.0,0.01007,1.0,3980
54,0,star_sign,mlp_h64,0.001,0.0,0.00274,1.0,3980
54,0,star_sign,mlp_h128,0.001,0.0,0.00055,1.0,3980
54,0,star_sign,attention,0.0001,1e-05,2.04864,1.0,3980
54,0,star_sign,shuffled,0.01,0.0001,2.57032,0.3608,3980
54,4,age_bin,ema_lr1e-3,0.001,0.0001,1.39953,0.35879,3980
54,4,age_bin,ema_lr5e-3,0.005,0.0001,1.21165,0.39246,3980
54,4,age_bin,ema_lr1e-2,0.01,0.0001,1.02226,0.52337,3980
54,4,age_bin,ema_lr5e-2,0.05,0.0001,0.4508,0.93467,3980
54,4,age_bin,ema_lr1e-2_wd1e-3,0.01,0.001,1.01785,0.51759,3980
54,4,age_bin,ema_d0.99,0.01,0.0001,1.03806,0.51307,3980
54,4,age_bin,ema_d0.9999,0.01,0.0001,0.98717,0.54372,3980
54,4,age_bin,mlp_h16,0.001,0.0,0.00521,1.0,3980
54,4,age_bin,mlp_h32,0.001,0.0,0.00356,1.0,3980
54,4,age_bin,mlp_h64,0.001,0.0,0.00054,1.0,3980
54,4,age_bin,mlp_h128,0.001,0.0,0.00013,1.0,3980
54,4,age_bin,attention,0.0001,1e-05,0.0,1.0,3980
54,4,age_bin,shuffled,0.01,0.0001,1.02965,0.50226,3980
54,4,gender,ema_lr1e-3,0.001,0.0001,0.89217,0.52638,3980
54,4,gender,ema_lr5e-3,0.005,0.0001,0.9102,0.48065,3980
54,4,gender,ema_lr1e-2,0.01,0.0001,0.87068,0.49673,3980
54,4,gender,ema_lr5e-2,0.05,0.0001,1.09195,0.52161,3980
54,4,gender,ema_lr1e-2_wd1e-3,0.01,0.001,0.83832,0.51608,3980
54,4,gender,ema_d0.99,0.01,0.0001,0.85568,0.49196,3980
54,4,gender,ema_d0.9999,0.01,0.0001,0.86301,0.50427,3980
54,4,gender,mlp_h16,0.001,0.0,0.69235,0.54121,3980
54,4,gender,mlp_h32,0.001,0.0,0.69056,0.53492,3980
54,4,gender,mlp_h64,0.001,0.0,0.70254,0.54447,3980
54,4,gender,mlp_h128,0.001,0.0,0.69603,0.54246,3980
54,4,gender,attention,0.0001,1e-05,0.7114,0.52344,3980
54,4,gender,shuffled,0.01,0.0001,0.86262,0.49271,3980
54,4,star_sign,ema_lr1e-3,0.001,0.0001,3.057,0.08593,3980
54,4,star_sign,ema_lr5e-3,0.005,0.0001,2.75537,0.12613,3980
54,4,star_sign,ema_lr1e-2,0.01,0.0001,2.48994,0.18392,3980
54,4,star_sign,ema_lr5e-2,0.05,0.0001,1.21778,0.90503,3980
54,4,star_sign,ema_lr1e-2_wd1e-3,0.01,0.001,2.42274,0.19196,3980
54,4,star_sign,ema_d0.99,0.01,0.0001,2.47653,0.18317,3980
54,4,star_sign,ema_d0.9999,0.01,0.0001,2.51418,0.17211,3980
54,4,star_sign,mlp_h16,0.001,0.0,0.01971,1.0,3980
54,4,star_sign,mlp_h32,0.001,0.0,0.00519,1.0,3980
54,4,star_sign,mlp_h64,0.001,0.0,0.00137,1.0,3980
54,4,star_sign,mlp_h128,0.001,0.0,0.00028,1.0,3980
54,4,star_sign,attention,0.0001,1e-05,0.00021,1.0,3980
54,4,star_sign,shuffled,0.01,0.0001,2.46871,0.21131,3980
54,8,age_bin,ema_lr1e-3,0.001,0.0001,1.45119,0.35779,3980
54,8,age_bin,ema_lr5e-3,0.005,0.0001,1.27598,0.39849,3980
54,8,age_bin,ema_lr1e-2,0.01,0.0001,1.03831,0.51709,3980
54,8,age_bin,ema_lr5e-2,0.05,0.0001,0.39412,0.93719,3980
54,8,age_bin,ema_lr1e-2_wd1e-3,0.01,0.001,1.01897,0.51357,3980
54,8,age_bin,ema_d0.99,0.01,0.0001,1.03865,0.50578,3980
54,8,age_bin,ema_d0.9999,0.01,0.0001,1.0581,0.49347,3980
54,8,age_bin,mlp_h16,0.001,0.0,0.01158,1.0,3980
54,8,age_bin,mlp_h32,0.001,0.0,0.00257,1.0,3980
54,8,age_bin,mlp_h64,0.001,0.0,0.00063,1.0,3980
54,8,age_bin,mlp_h128,0.001,0.0,0.00027,1.0,3980
54,8,age_bin,attention,0.0001,1e-05,0.0,1.0,3980
54,8,age_bin,shuffled,0.01,0.0001,1.03219,0.52035,3980
54,8,gender,ema_lr1e-3,0.001,0.0001,0.96798,0.49322,3980
54,8,gender,ema_lr5e-3,0.005,0.0001,0.95797,0.46357,3980
54,8,gender,ema_lr1e-2,0.01,0.0001,0.83699,0.51281,3980
54,8,gender,ema_lr5e-2,0.05,0.0001,1.04211,0.51533,3980
54,8,gender,ema_lr1e-2_wd1e-3,0.01,0.001,0.8402,0.50704,3980
54,8,gender,ema_d0.99,0.01,0.0001,0.85952,0.49548,3980
54,8,gender,ema_d0.9999,0.01,0.0001,0.85711,0.49447,3980
54,8,gender,mlp_h16,0.001,0.0,0.69192,0.53869,3980
54,8,gender,mlp_h32,0.001,0.0,0.69252,0.53543,3980
54,8,gender,mlp_h64,0.001,0.0,0.69635,0.5299,3980
54,8,gender,mlp_h128,0.001,0.0,0.69464,0.53593,3980
54,8,gender,attention,0.0001,1e-05,0.70393,0.5,3980
54,8,gender,shuffled,0.01,0.0001,0.85726,0.49045,3980
54,8,star_sign,ema_lr1e-3,0.001,0.0001,3.02133,0.09372,3980
54,8,star_sign,ema_lr5e-3,0.005,0.0001,2.80934,0.12638,3980
54,8,star_sign,ema_lr1e-2,0.01,0.0001,2.57265,0.16809,3980
54,8,star_sign,ema_lr5e-2,0.05,0.0001,1.15179,0.78543,3980
54,8,star_sign,ema_lr1e-2_wd1e-3,0.01,0.001,2.52514,0.18116,3980
54,8,star_sign,ema_d0.99,0.01,0.0001,2.54504,0.16834,3980
54,8,star_sign,ema_d0.9999,0.01,0.0001,2.56734,0.16131,3980
54,8,star_sign,mlp_h16,0.001,0.0,0.06699,0.96759,3980
54,8,star_sign,mlp_h32,0.001,0.0,0.00814,1.0,3980
54,8,star_sign,mlp_h64,0.001,0.0,0.00164,1.0,3980
54,8,star_sign,mlp_h128,0.001,0.0,0.0002,1.0,3980
54,8,star_sign,attention,0.0001,1e-05,0.0,1.0,3980
54,8,star_sign,shuffled,0.01,0.0001,2.54184,0.15276,3980
54,12,age_bin,ema_lr1e-3,0.001,0.0001,1.49583,0.32915,3980
54,12,age_bin,ema_lr5e-3,0.005,0.0001,1.22783,0.41784,3980
54,12,age_bin,ema_lr1e-2,0.01,0.0001,1.05134,0.49447,3980
54,12,age_bin,ema_lr5e-2,0.05,0.0001,0.35563,0.95427,3980
54,12,age_bin,ema_lr1e-2_wd1e-3,0.01,0.001,1.07696,0.49874,3980
54,12,age_bin,ema_d0.99,0.01,0.0001,1.05038,0.50503,3980
54,12,age_bin,ema_d0.9999,0.01,0.0001,1.0414,0.49296,3980
54,12,age_bin,mlp_h16,0.001,0.0,0.00456,1.0,3980
54,12,age_bin,mlp_h32,0.001,0.0,0.00317,1.0,3980
54,12,age_bin,mlp_h64,0.001,0.0,0.00205,1.0,3980
54,12,age_bin,mlp_h128,0.001,0.0,0.00029,1.0,3980
54,12,age_bin,attention,0.0001,1e-05,0.0005,1.0,3980
54,12,age_bin,shuffled,0.01,0.0001,1.04247,0.51633,3980
54,12,gender,ema_lr1e-3,0.001,0.0001,1.00659,0.49347,3980
54,12,gender,ema_lr5e-3,0.005,0.0001,0.9034,0.49623,3980
54,12,gender,ema_lr1e-2,0.01,0.0001,0.86426,0.50477,3980
54,12,gender,ema_lr5e-2,0.05,0.0001,0.87039,0.56457,3980
54,12,gender,ema_lr1e-2_wd1e-3,0.01,0.001,0.81268,0.53945,3980
54,12,gender,ema_d0.99,0.01,0.0001,0.83958,0.51508,3980
54,12,gender,ema_d0.9999,0.01,0.0001,0.86921,0.49271,3980
54,12,gender,mlp_h16,0.001,0.0,0.6859,0.55352,3980
54,12,gender,mlp_h32,0.001,0.0,0.68297,0.56533,3980
54,12,gender,mlp_h64,0.001,0.0,0.68552,0.57186,3980
54,12,gender,mlp_h128,0.001,0.0,0.68604,0.56709,3980
54,12,gender,attention,0.0001,1e-05,0.66536,0.52344,3980
54,12,gender,shuffled,0.01,0.0001,0.85105,0.50503,3980
54,12,star_sign,ema_lr1e-3,0.001,0.0001,3.11681,0.09372,3980
54,12,star_sign,ema_lr5e-3,0.005,0.0001,2.91565,0.11985,3980
54,12,star_sign,ema_lr1e-2,0.01,0.0001,2.57657,0.16734,3980
54,12,star_sign,ema_lr5e-2,0.05,0.0001,1.09473,0.79749,3980
54,12,star_sign,ema_lr1e-2_wd1e-3,0.01,0.001,2.50997,0.16457,3980
54,12,star_sign,ema_d0.99,0.01,0.0001,2.50591,0.17915,3980
54,12,star_sign,ema_d0.9999,0.01,0.0001,2.56816,0.17538,3980
54,12,star_sign,mlp_h16,0.001,0.0,0.03163,1.0,3980
54,12,star_sign,mlp_h32,0.001,0.0,0.0107,1.0,3980
54,12,star_sign,mlp_h64,0.001,0.0,0.00123,1.0,3980
54,12,star_sign,mlp_h128,0.001,0.0,0.00033,1.0,3980
54,12,star_sign,attention,0.0001,1e-05,3e-05,1.0,3980
54,12,star_sign,shuffled,0.01,0.0001,2.50078,0.17136,3980
54,16,age_bin,ema_lr1e-3,0.001,0.0001,1.53115,0.34246,3980
54,16,age_bin,ema_lr5e-3,0.005,0.0001,1.28201,0.39673,3980
54,16,age_bin,ema_lr1e-2,0.01,0.0001,1.06643,0.50276,3980
54,16,age_bin,ema_lr5e-2,0.05,0.0001,0.37762,0.95176,3980
54,16,age_bin,ema_lr1e-2_wd1e-3,0.01,0.001,1.01311,0.52663,3980
54,16,age_bin,ema_d0.99,0.01,0.0001,1.06845,0.4902,3980
54,16,age_bin,ema_d0.9999,0.01,0.0001,1.05039,0.49246,3980
54,16,age_bin,mlp_h16,0.001,0.0,0.01889,1.0,3980
54,16,age_bin,mlp_h32,0.001,0.0,0.00374,1.0,3980
54,16,age_bin,mlp_h64,0.001,0.0,0.00057,1.0,3980
54,16,age_bin,mlp_h128,0.001,0.0,0.00027,1.0,3980
54,16,age_bin,attention,0.0001,1e-05,0.0,1.0,3980
54,16,age_bin,shuffled,0.01,0.0001,1.07368,0.50352,3980
54,16,gender,ema_lr1e-3,0.001,0.0001,0.89557,0.53995,3980
54,16,gender,ema_lr5e-3,0.005,0.0001,0.90942,0.50302,3980
54,16,gender,ema_lr1e-2,0.01,0.0001,0.82393,0.5304,3980
54,16,gender,ema_lr5e-2,0.05,0.0001,0.77959,0.57186,3980
54,16,gender,ema_lr1e-2_wd1e-3,0.01,0.001,0.8412,0.54095,3980
54,16,gender,ema_d0.99,0.01,0.0001,0.83446,0.52286,3980
54,16,gender,ema_d0.9999,0.01,0.0001,0.82571,0.53317,3980
54,16,gender,mlp_h16,0.001,0.0,0.68759,0.56432,3980
54,16,gender,mlp_h32,0.001,0.0,0.68686,0.56508,3980
54,16,gender,mlp_h64,0.001,0.0,0.67944,0.59045,3980
54,16,gender,mlp_h128,0.001,0.0,0.6823,0.57889,3980
54,16,gender,attention,0.0001,1e-05,0.71773,0.57031,3980
54,16,gender,shuffled,0.01,0.0001,0.85241,0.50804,3980
54,16,star_sign,ema_lr1e-3,0.001,0.0001,3.22217,0.0696,3980
54,16,star_sign,ema_lr5e-3,0.005,0.0001,2.86516,0.12462,3980
54,16,star_sign,ema_lr1e-2,0.01,0.0001,2.51561,0.18392,3980
54,16,star_sign,ema_lr5e-2,0.05,0.0001,1.05172,0.82337,3980
54,16,star_sign,ema_lr1e-2_wd1e-3,0.01,0.001,2.48907,0.19523,3980
54,16,star_sign,ema_d0.99,0.01,0.0001,2.55122,0.17588,3980
54,16,star_sign,ema_d0.9999,0.01,0.0001,2.64417,0.16935,3980
54,16,star_sign,mlp_h16,0.001,0.0,0.04086,1.0,3980
54,16,star_sign,mlp_h32,0.001,0.0,0.01571,1.0,3980
54,16,star_sign,mlp_h64,0.001,0.0,0.0042,1.0,3980
54,16,star_sign,mlp_h128,0.001,0.0,0.0004,1.0,3980
54,16,star_sign,attention,0.0001,1e-05,0.0,1.0,3980
54,16,star_sign,shuffled,0.01,0.0001,2.5647,0.16206,3980
55,0,age_bin,ema_lr1e-3,0.001,0.0001,1.47599,0.28688,4183
55,0,age_bin,ema_lr5e-3,0.005,0.0001,1.22231,0.51805,4183
55,0,age_bin,ema_lr1e-2,0.01,0.0001,1.04646,0.67966,4183
55,0,age_bin,ema_lr5e-2,0.05,0.0001,0.34472,0.96438,4183
55,0,age_bin,ema_lr1e-2_wd1e-3,0.01,0.001,1.02277,0.6787,4183
55,0,age_bin,ema_d0.99,0.01,0.0001,1.01444,0.64906,4183
55,0,age_bin,ema_d0.9999,0.01,0.0001,1.05051,0.68276,4183
55,0,age_bin,mlp_h16,0.001,0.0,0.0077,1.0,4183
55,0,age_bin,mlp_h32,0.001,0.0,0.00453,1.0,4183
55,0,age_bin,mlp_h64,0.001,0.0,0.00153,1.0,4183
55,0,age_bin,mlp_h128,0.001,0.0,0.00035,1.0,4183
55,0,age_bin,attention,0.0001,1e-05,0.80942,1.0,4183
55,0,age_bin,shuffled,0.01,0.0001,1.0423,0.66029,4183
55,0,gender,ema_lr1e-3,0.001,0.0001,0.9697,0.49964,4183
55,0,gender,ema_lr5e-3,0.005,0.0001,0.90035,0.49749,4183
55,0,gender,ema_lr1e-2,0.01,0.0001,0.87421,0.49582,4183
55,0,gender,ema_lr5e-2,0.05,0.0001,0.78626,0.51494,4183
55,0,gender,ema_lr1e-2_wd1e-3,0.01,0.001,0.84378,0.51661,4183
55,0,gender,ema_d0.99,0.01,0.0001,0.84698,0.49892,4183
55,0,gender,ema_d0.9999,0.01,0.0001,0.86255,0.49821,4183
55,0,gender,mlp_h16,0.001,0.0,0.69498,0.51733,4183
55,0,gender,mlp_h32,0.001,0.0,0.6935,0.51088,4183
55,0,gender,mlp_h64,0.001,0.0,0.69321,0.51757,4183
55,0,gender,mlp_h128,0.001,0.0,0.69456,0.51757,4183
55,0,gender,attention,0.0001,1e-05,0.69306,0.50781,4183
55,0,gender,shuffled,0.01,0.0001,0.85581,0.5006,4183
55,0,star_sign,ema_lr1e-3,0.001,0.0001,3.18598,0.05714,4183
55,0,star_sign,ema_lr5e-3,0.005,0.0001,2.85939,0.20631,4183
55,0,star_sign,ema_lr1e-2,0.01,0.0001,2.55425,0.28998,4183
55,0,star_sign,ema_lr5e-2,0.05,0.0001,1.01563,0.85847,4183
55,0,star_sign,ema_lr1e-2_wd1e-3,0.01,0.001,2.55608,0.32632,4183
55,0,star_sign,ema_d0.99,0.01,0.0001,2.56568,0.34377,4183
55,0,star_sign,ema_d0.9999,0.01,0.0001,2.56031,0.40641,4183
55,0,star_sign,mlp_h16,0.001,0.0,0.02708,1.0,4183
55,0,star_sign,mlp_h32,0.001,0.0,0.00978,1.0,4183
55,0,star_sign,mlp_h64,0.001,0.0,0.00266,1.0,4183
55,0,star_sign,mlp_h128,0.001,0.0,0.00046,1.0,4183
55,0,star_sign,attention,0.0001,1e-05,2.03548,1.0,4183
55,0,star_sign,shuffled,0.01,0.0001,2.54979,0.37581,4183
55,4,age_bin,ema_lr1e-3,0.001,0.0001,1.43678,0.35047,4183
55,4,age_bin,ema_lr5e-3,0.005,0.0001,1.20323,0.39995,4183
55,4,age_bin,ema_lr1e-2,0.01,0.0001,1.01617,0.52905,4183
55,4,age_bin,ema_lr5e-2,0.05,0.0001,0.34797,0.95362,4183
55,4,age_bin,ema_lr1e-2_wd1e-3,0.01,0.001,0.97202,0.56514,4183
55,4,age_bin,ema_d0.99,0.01,0.0001,1.02935,0.52187,4183
55,4,age_bin,ema_d0.9999,0.01,0.0001,1.02181,0.52952,4183
55,4,age_bin,mlp_h16,0.001,0.0,0.00515,1.0,4183
55,4,age_bin,mlp_h32,0.001,0.0,0.00334,1.0,4183
55,4,age_bin,mlp_h64,0.001,0.0,0.00038,1.0,4183
55,4,age_bin,mlp_h128,0.001,0.0,0.00012,1.0,4183
55,4,age_bin,attention,0.0001,1e-05,0.0,1.0,4183
55,4,age_bin,shuffled,0.01,0.0001,0.98719,0.53598,4183
55,4,gender,ema_lr1e-3,0.001,0.0001,0.8971,0.52929,4183
55,4,gender,ema_lr5e-3,0.005,0.0001,0.88103,0.49486,4183
55,4,gender,ema_lr1e-2,0.01,0.0001,0.87473,0.5092,4183
55,4,gender,ema_lr5e-2,0.05,0.0001,1.11552,0.51685,4183
55,4,gender,ema_lr1e-2_wd1e-3,0.01,0.001,0.84927,0.50896,4183
55,4,gender,ema_d0.99,0.01,0.0001,0.86932,0.49127,4183
55,4,gender,ema_d0.9999,0.01,0.0001,0.86362,0.50538,4183
55,4,gender,mlp_h16,0.001,0.0,0.69513,0.52546,4183
55,4,gender,mlp_h32,0.001,0.0,0.69361,0.51829,4183
55,4,gender,mlp_h64,0.001,0.0,0.6974,0.52546,4183
55,4,gender,mlp_h128,0.001,0.0,0.69793,0.53646,4183
55,4,gender,attention,0.0001,1e-05,0.70279,0.44531,4183
55,4,gender,shuffled,0.01,0.0001,0.84033,0.51136,4183
55,4,star_sign,ema_lr1e-3,0.001,0.0001,3.0206,0.09276,4183
55,4,star_sign,ema_lr5e-3,0.005,0.0001,2.71456,0.13961,4183
55,4,star_sign,ema_lr1e-2,0.01,0.0001,2.48702,0.18695,4183
55,4,star_sign,ema_lr5e-2,0.05,0.0001,1.03673,0.85513,4183
55,4,star_sign,ema_lr1e-2_wd1e-3,0.01,0.001,2.44266,0.19914,4183
55,4,star_sign,ema_d0.99,0.01,0.0001,2.42599,0.19818,4183
55,4,star_sign,ema_d0.9999,0.01,0.0001,2.48222,0.1738,4183
55,4,star_sign,mlp_h16,0.001,0.0,0.01824,1.0,4183
55,4,star_sign,mlp_h32,0.001,0.0,0.005,1.0,4183
55,4,star_sign,mlp_h64,0.001,0.0,0.0013,1.0,4183
55,4,star_sign,mlp_h128,0.001,0.0,8e-05,1.0,4183
55,4,star_sign,attention,0.0001,1e-05,0.00021,1.0,4183
55,4,star_sign,shuffled,0.01,0.0001,2.48621,0.19364,4183
55,8,age_bin,ema_lr1e-3,0.001,0.0001,1.4548,0.34879,4183
55,8,age_bin,ema_lr5e-3,0.005,0.0001,1.25212,0.40808,4183
55,8,age_bin,ema_lr1e-2,0.01,0.0001,1.02541,0.53789,4183
55,8,age_bin,ema_lr5e-2,0.05,0.0001,0.4731,0.90987,4183
55,8,age_bin,ema_lr1e-2_wd1e-3,0.01,0.001,1.04789,0.49701,4183
55,8,age_bin,ema_d0.99,0.01,0.0001,1.06098,0.50084,4183
55,8,age_bin,ema_d0.9999,0.01,0.0001,1.03668,0.50084,4183
55,8,age_bin,mlp_h16,0.001,0.0,0.01081,1.0,4183
55,8,age_bin,mlp_h32,0.001,0.0,0.00255,1.0,4183
55,8,age_bin,mlp_h64,0.001,0.0,0.00062,1.0,4183
55,8,age_bin,mlp_h128,0.001,0.0,0.00026,1.0,4183
55,8,age_bin,attention,0.0001,1e-05,0.0,1.0,4183
55,8,age_bin,shuffled,0.01,0.0001,1.07572,0.48601,4183
55,8,gender,ema_lr1e-3,0.001,0.0001,0.98169,0.49366,4183
55,8,gender,ema_lr5e-3,0.005,0.0001,0.88333,0.51088,4183
55,8,gender,ema_lr1e-2,0.01,0.0001,0.87882,0.47932,4183
55,8,gender,ema_lr5e-2,0.05,0.0001,0.97558,0.50155,4183
55,8,gender,ema_lr1e-2_wd1e-3,0.01,0.001,0.83093,0.51972,4183
55,8,gender,ema_d0.99,0.01,0.0001,0.87579,0.48841,4183
55,8,gender,ema_d0.9999,0.01,0.0001,0.84599,0.51542,4183
55,8,gender,mlp_h16,0.001,0.0,0.70507,0.51303,4183
55,8,gender,mlp_h32,0.001,0.0,0.70534,0.52379,4183
55,8,gender,mlp_h64,0.001,0.0,0.71005,0.52546,4183
55,8,gender,mlp_h128,0.001,0.0,0.71283,0.51422,4183
55,8,gender,attention,0.0001,1e-05,0.70721,0.53125,4183
55,8,gender,shuffled,0.01,0.0001,0.87789,0.49319,4183
55,8,star_sign,ema_lr1e-3,0.001,0.0001,3.05558,0.09658,4183
55,8,star_sign,ema_lr5e-3,0.005,0.0001,2.75828,0.13005,4183
55,8,star_sign,ema_lr1e-2,0.01,0.0001,2.56762,0.15993,4183
55,8,star_sign,ema_lr5e-2,0.05,0.0001,1.16025,0.87593,4183
55,8,star_sign,ema_lr1e-2_wd1e-3,0.01,0.001,2.50172,0.18456,4183
55,8,star_sign,ema_d0.99,0.01,0.0001,2.48876,0.17595,4183
55,8,star_sign,ema_d0.9999,0.01,0.0001,2.54477,0.17762,4183
55,8,star_sign,mlp_h16,0.001,0.0,0.06102,0.9694,4183
55,8,star_sign,mlp_h32,0.001,0.0,0.00785,1.0,4183
55,8,star_sign,mlp_h64,0.001,0.0,0.00155,1.0,4183
55,8,star_sign,mlp_h128,0.001,0.0,0.00015,1.0,4183
55,8,star_sign,attention,0.0001,1e-05,0.0,1.0,4183
55,8,star_sign,shuffled,0.01,0.0001,2.47085,0.18049,4183
55,12,age_bin,ema_lr1e-3,0.001,0.0001,1.49553,0.31054,4183
55,12,age_bin,ema_lr5e-3,0.005,0.0001,1.25271,0.41191,4183
55,12,age_bin,ema_lr1e-2,0.01,0.0001,1.05989,0.50538,4183
55,12,age_bin,ema_lr5e-2,0.05,0.0001,0.37308,0.95553,4183
55,12,age_bin,ema_lr1e-2_wd1e-3,0.01,0.001,1.0336,0.51231,4183
55,12,age_bin,ema_d0.99,0.01,0.0001,1.08153,0.48817,4183
55,12,age_bin,ema_d0.9999,0.01,0.0001,1.02522,0.5147,4183
55,12,age_bin,mlp_h16,0.001,0.0,0.00417,1.0,4183
55,12,age_bin,mlp_h32,0.001,0.0,0.00289,1.0,4183
55,12,age_bin,mlp_h64,0.001,0.0,0.0019,1.0,4183
55,12,age_bin,mlp_h128,0.001,0.0,0.00027,1.0,4183
55,12,age_bin,attention,0.0001,1e-05,0.00049,1.0,4183
55,12,age_bin,shuffled,0.01,0.0001,1.03981,0.51853,4183
55,12,gender,ema_lr1e-3,0.001,0.0001,0.96943,0.51064,4183
55,12,gender,ema_lr5e-3,0.005,0.0001,0.90292,0.4994,4183
55,12,gender,ema_lr1e-2,0.01,0.0001,0.86853,0.49964,4183
55,12,gender,ema_lr5e-2,0.05,0.0001,0.86265,0.50944,4183
55,12,gender,ema_lr1e-2_wd1e-3,0.01,0.001,0.84196,0.51829,4183
55,12,gender,ema_d0.99,0.01,0.0001,0.85074,0.51064,4183
55,12,gender,ema_d0.9999,0.01,0.0001,0.83417,0.51924,4183
55,12,gender,mlp_h16,0.001,0.0,0.68379,0.54698,4183
55,12,gender,mlp_h32,0.001,0.0,0.68915,0.54435,4183
55,12,gender,mlp_h64,0.001,0.0,0.68972,0.56228,4183
55,12,gender,mlp_h128,0.001,0.0,0.69227,0.55295,4183
55,12,gender,attention,0.0001,1e-05,0.67584,0.57812,4183
55,12,gender,shuffled,0.01,0.0001,0.86155,0.49247,4183
55,12,star_sign,ema_lr1e-3,0.001,0.0001,3.15759,0.09228,4183
55,12,star_sign,ema_lr5e-3,0.005,0.0001,2.85751,0.12766,4183
55,12,star_sign,ema_lr1e-2,0.01,0.0001,2.57991,0.15396,4183
55,12,star_sign,ema_lr5e-2,0.05,0.0001,1.07792,0.8513,4183
55,12,star_sign,ema_lr1e-2_wd1e-3,0.01,0.001,2.51133,0.17428,4183
55,12,star_sign,ema_d0.99,0.01,0.0001,2.57593,0.16017,4183
55,12,star_sign,ema_d0.9999,0.01,0.0001,2.56037,0.18097,4183
55,12,star_sign,mlp_h16,0.001,0.0,0.02977,1.0,4183
55,12,star_sign,mlp_h32,0.001,0.0,0.00951,1.0,4183
55,12,star_sign,mlp_h64,0.001,0.0,0.00116,1.0,4183
55,12,star_sign,mlp_h128,0.001,0.0,0.00032,1.0,4183
55,12,star_sign,attention,0.0001,1e-05,2e-05,1.0,4183
55,12,star_sign,shuffled,0.01,0.0001,2.6089,0.16185,4183
55,16,age_bin,ema_lr1e-3,0.001,0.0001,1.57672,0.3378,4183
55,16,age_bin,ema_lr5e-3,0.005,0.0001,1.30873,0.39852,4183
55,16,age_bin,ema_lr1e-2,0.01,0.0001,1.07308,0.49486,4183
55,16,age_bin,ema_lr5e-2,0.05,0.0001,0.35822,0.95792,4183
55,16,age_bin,ema_lr1e-2_wd1e-3,0.01,0.001,1.08852,0.48936,4183
55,16,age_bin,ema_d0.99,0.01,0.0001,1.03859,0.51614,4183
55,16,age_bin,ema_d0.9999,0.01,0.0001,1.103,0.47406,4183
55,16,age_bin,mlp_h16,0.001,0.0,0.01728,1.0,4183
55,16,age_bin,mlp_h32,0.001,0.0,0.00339,1.0,4183
55,16,age_bin,mlp_h64,0.001,0.0,0.00051,1.0,4183
55,16,age_bin,mlp_h128,0.001,0.0,0.00023,1.0,4183
55,16,age_bin,attention,0.0001,1e-05,0.0,1.0,4183
55,16,age_bin,shuffled,0.01,0.0001,1.0669,0.5104,4183
55,16,gender,ema_lr1e-3,0.001,0.0001,0.95959,0.50323,4183
55,16,gender,ema_lr5e-3,0.005,0.0001,0.95147,0.49008,4183
55,16,gender,ema_lr1e-2,0.01,0.0001,0.86302,0.5257,4183
55,16,gender,ema_lr5e-2,0.05,0.0001,0.79607,0.52737,4183
55,16,gender,ema_lr1e-2_wd1e-3,0.01,0.001,0.91755,0.49032,4183
55,16,gender,ema_d0.99,0.01,0.0001,0.83117,0.51853,4183
55,16,gender,ema_d0.9999,0.01,0.0001,0.90241,0.48339,4183
55,16,gender,mlp_h16,0.001,0.0,0.71011,0.54411,4183
55,16,gender,mlp_h32,0.001,0.0,0.70579,0.53837,4183
55,16,gender,mlp_h64,0.001,0.0,0.71391,0.52857,4183
55,16,gender,mlp_h128,0.001,0.0,0.70698,0.52857,4183
55,16,gender,attention,0.0001,1e-05,0.74003,0.50781,4183
55,16,gender,shuffled,0.01,0.0001,0.84735,0.50825,4183
55,16,star_sign,ema_lr1e-3,0.001,0.0001,3.26631,0.06431,4183
55,16,star_sign,ema_lr5e-3,0.005,0.0001,2.87643,0.12383,4183
55,16,star_sign,ema_lr1e-2,0.01,0.0001,2.63154,0.16089,4183
55,16,star_sign,ema_lr5e-2,0.05,0.0001,1.03759,0.83385,4183
55,16,star_sign,ema_lr1e-2_wd1e-3,0.01,0.001,2.57236,0.18527,4183
55,16,star_sign,ema_d0.99,0.01,0.0001,2.5664,0.17882,4183
55,16,star_sign,ema_d0.9999,0.01,0.0001,2.64644,0.16256,4183
55,16,star_sign,mlp_h16,0.001,0.0,0.0372,1.0,4183
55,16,star_sign,mlp_h32,0.001,0.0,0.01404,1.0,4183
55,16,star_sign,mlp_h64,0.001,0.0,0.00364,1.0,4183
55,16,star_sign,mlp_h128,0.001,0.0,0.0003,1.0,4183
55,16,star_sign,attention,0.0001,1e-05,0.0,1.0,4183
55,16,star_sign,shuffled,0.01,0.0001,2.5586,0.18217,4183
56,0,age_bin,ema_lr1e-3,0.001,0.0001,1.47792,0.28235,4250
56,0,age_bin,ema_lr5e-3,0.005,0.0001,1.24708,0.51459,4250
56,0,age_bin,ema_lr1e-2,0.01,0.0001,1.02306,0.68941,4250
56,0,age_bin,ema_lr5e-2,0.05,0.0001,0.33711,0.96871,4250
56,0,age_bin,ema_lr1e-2_wd1e-3,0.01,0.001,1.01632,0.67553,4250
56,0,age_bin,ema_d0.99,0.01,0.0001,1.01294,0.64682,4250
56,0,age_bin,ema_d0.9999,0.01,0.0001,1.04294,0.67247,4250
56,0,age_bin,mlp_h16,0.001,0.0,0.00753,1.0,4250
56,0,age_bin,mlp_h32,0.001,0.0,0.00467,1.0,4250
56,0,age_bin,mlp_h64,0.001,0.0,0.00155,1.0,4250
56,0,age_bin,mlp_h128,0.001,0.0,0.00035,1.0,4250
56,0,age_bin,attention,0.0001,1e-05,0.80791,1.0,4250
56,0,age_bin,shuffled,0.01,0.0001,1.05169,0.65482,4250
56,0,gender,ema_lr1e-3,0.001,0.0001,0.95543,0.48635,4250
56,0,gender,ema_lr5e-3,0.005,0.0001,0.9152,0.504,4250
56,0,gender,ema_lr1e-2,0.01,0.0001,0.85936,0.48824,4250
56,0,gender,ema_lr5e-2,0.05,0.0001,0.82057,0.47624,4250
56,0,gender,ema_lr1e-2_wd1e-3,0.01,0.001,0.84417,0.50447,4250
56,0,gender,ema_d0.99,0.01,0.0001,0.84729,0.48918,4250
56,0,gender,ema_d0.9999,0.01,0.0001,0.85322,0.49812,4250
56,0,gender,mlp_h16,0.001,0.0,0.69673,0.49388,4250
56,0,gender,mlp_h32,0.001,0.0,0.69854,0.49129,4250
56,0,gender,mlp_h64,0.001,0.0,0.7031,0.48329,4250
56,0,gender,mlp_h128,0.001,0.0,0.70433,0.48894,4250
56,0,gender,attention,0.0001,1e-05,0.69316,0.49219,4250
56,0,gender,shuffled,0.01,0.0001,0.83684,0.50353,4250
56,0,star_sign,ema_lr1e-3,0.001,0.0001,3.17364,0.05435,4250
56,0,star_sign,ema_lr5e-3,0.005,0.0001,2.87537,0.19812,4250
56,0,star_sign,ema_lr1e-2,0.01,0.0001,2.55904,0.29412,4250
56,0,star_sign,ema_lr5e-2,0.05,0.0001,0.97107,0.87671,4250
56,0,star_sign,ema_lr1e-2_wd1e-3,0.01,0.001,2.52516,0.32612,4250
56,0,star_sign,ema_d0.99,0.01,0.0001,2.56556,0.33765,4250
56,0,star_sign,ema_d0.9999,0.01,0.0001,2.55978,0.40729,4250
56,0,star_sign,mlp_h16,0.001,0.0,0.02603,1.0,4250
56,0,star_sign,mlp_h32,0.001,0.0,0.00994,1.0,4250
56,0,star_sign,mlp_h64,0.001,0.0,0.00261,1.0,4250
56,0,star_sign,mlp_h128,0.001,0.0,0.00049,1.0,4250
56,0,star_sign,attention,0.0001,1e-05,2.03119,1.0,4250
56,0,star_sign,shuffled,0.01,0.0001,2.51724,0.37318,4250
56,4,age_bin,ema_lr1e-3,0.001,0.0001,1.39377,0.35859,4250
56,4,age_bin,ema_lr5e-3,0.005,0.0001,1.19727,0.39553,4250
56,4,age_bin,ema_lr1e-2,0.01,0.0001,0.99195,0.54588,4250
56,4,age_bin,ema_lr5e-2,0.05,0.0001,0.565,0.86424,4250
56,4,age_bin,ema_lr1e-2_wd1e-3,0.01,0.001,0.98724,0.54635,4250
56,4,age_bin,ema_d0.99,0.01,0.0001,0.9965,0.53624,4250
56,4,age_bin,ema_d0.9999,0.01,0.0001,0.99356,0.54165,4250
56,4,age_bin,mlp_h16,0.001,0.0,0.00513,1.0,4250
56,4,age_bin,mlp_h32,0.001,0.0,0.00326,1.0,4250
56,4,age_bin,mlp_h64,0.001,0.0,0.00038,1.0,4250
56,4,age_bin,mlp_h128,0.001,0.0,0.00013,1.0,4250
56,4,age_bin,attention,0.0001,1e-05,0.0,1.0,4250
56,4,age_bin,shuffled,0.01,0.0001,0.983,0.54682,4250
56,4,gender,ema_lr1e-3,0.001,0.0001,0.92121,0.50824,4250
56,4,gender,ema_lr5e-3,0.005,0.0001,0.91013,0.48471,4250
56,4,gender,ema_lr1e-2,0.01,0.0001,0.86818,0.50471,4250
56,4,gender,ema_lr5e-2,0.05,0.0001,1.03733,0.53082,4250
56,4,gender,ema_lr1e-2_wd1e-3,0.01,0.001,0.84515,0.49224,4250
56,4,gender,ema_d0.99,0.01,0.0001,0.8471,0.50588,4250
56,4,gender,ema_d0.9999,0.01,0.0001,0.869,0.49106,4250
56,4,gender,mlp_h16,0.001,0.0,0.70652,0.48588,4250
56,4,gender,mlp_h32,0.001,0.0,0.70163,0.49365,4250
56,4,gender,mlp_h64,0.001,0.0,0.71324,0.48282,4250
56,4,gender,mlp_h128,0.001,0.0,0.71462,0.48024,4250
56,4,gender,attention,0.0001,1e-05,0.70185,0.49219,4250
56,4,gender,shuffled,0.01,0.0001,0.86527,0.50235,4250
56,4,star_sign,ema_lr1e-3,0.001,0.0001,3.06649,0.08024,4250
56,4,star_sign,ema_lr5e-3,0.005,0.0001,2.73406,0.13694,4250
56,4,star_sign,ema_lr1e-2,0.01,0.0001,2.42523,0.18682,4250
56,4,star_sign,ema_lr5e-2,0.05,0.0001,1.16133,0.91459,4250
56,4,star_sign,ema_lr1e-2_wd1e-3,0.01,0.001,2.43288,0.19953,4250
56,4,star_sign,ema_d0.99,0.01,0.0001,2.43559,0.19624,4250
56,4,star_sign,ema_d0.9999,0.01,0.0001,2.46913,0.19459,4250
56,4,star_sign,mlp_h16,0.001,0.0,0.0178,1.0,4250
56,4,star_sign,mlp_h32,0.001,0.0,0.00494,1.0,4250
56,4,star_sign,mlp_h64,0.001,0.0,0.00127,1.0,4250
56,4,star_sign,mlp_h128,0.001,0.0,8e-05,1.0,4250
56,4,star_sign,attention,0.0001,1e-05,0.0002,1.0,4250
56,4,star_sign,shuffled,0.01,0.0001,2.48368,0.19176,4250
56,8,age_bin,ema_lr1e-3,0.001,0.0001,1.45569,0.34965,4250
56,8,age_bin,ema_lr5e-3,0.005,0.0001,1.23318,0.42824,4250
56,8,age_bin,ema_lr1e-2,0.01,0.0001,1.01566,0.53788,4250
56,8,age_bin,ema_lr5e-2,0.05,0.0001,0.32764,0.96918,4250
56,8,age_bin,ema_lr1e-2_wd1e-3,0.01,0.001,1.04648,0.49247,4250
56,8,age_bin,ema_d0.99,0.01,0.0001,1.04155,0.50847,4250
56,8,age_bin,ema_d0.9999,0.01,0.0001,1.0097,0.53647,4250
56,8,age_bin,mlp_h16,0.001,0.0,0.01007,1.0,4250
56,8,age_bin,mlp_h32,0.001,0.0,0.00254,1.0,4250
56,8,age_bin,mlp_h64,0.001,0.0,0.00061,1.0,4250
56,8,age_bin,mlp_h128,0.001,0.0,0.00027,1.0,4250
56,8,age_bin,attention,0.0001,1e-05,0.0,1.0,4250
56,8,age_bin,shuffled,0.01,0.0001,1.04288,0.50729,4250
56,8,gender,ema_lr1e-3,0.001,0.0001,0.94417,0.49929,4250
56,8,gender,ema_lr5e-3,0.005,0.0001,0.93125,0.47671,4250
56,8,gender,ema_lr1e-2,0.01,0.0001,0.86475,0.48847,4250
56,8,gender,ema_lr5e-2,0.05,0.0001,0.98979,0.48894,4250
56,8,gender,ema_lr1e-2_wd1e-3,0.01,0.001,0.84469,0.50165,4250
56,8,gender,ema_d0.99,0.01,0.0001,0.85865,0.50424,4250
56,8,gender,ema_d0.9999,0.01,0.0001,0.84818,0.51412,4250
56,8,gender,mlp_h16,0.001,0.0,0.70891,0.48306,4250
56,8,gender,mlp_h32,0.001,0.0,0.71335,0.48541,4250
56,8,gender,mlp_h64,0.001,0.0,0.71264,0.50094,4250
56,8,gender,mlp_h128,0.001,0.0,0.70789,0.49906,4250
56,8,gender,attention,0.0001,1e-05,0.71781,0.44531,4250
56,8,gender,shuffled,0.01,0.0001,0.83534,0.51435,4250
56,8,star_sign,ema_lr1e-3,0.001,0.0001,2.99634,0.09835,4250
56,8,star_sign,ema_lr5e-3,0.005,0.0001,2.7511,0.13341,4250
56,8,star_sign,ema_lr1e-2,0.01,0.0001,2.45025,0.18988,4250
56,8,star_sign,ema_lr5e-2,0.05,0.0001,1.00586,0.84941,4250
56,8,star_sign,ema_lr1e-2_wd1e-3,0.01,0.001,2.46047,0.18659,4250
56,8,star_sign,ema_d0.99,0.01,0.0001,2.48803,0.15906,4250
56,8,star_sign,ema_d0.9999,0.01,0.0001,2.49349,0.18141,4250
56,8,star_sign,mlp_h16,0.001,0.0,0.05897,0.96988,4250
56,8,star_sign,mlp_h32,0.001,0.0,0.00763,1.0,4250
56,8,star_sign,mlp_h64,0.001,0.0,0.00156,1.0,4250
56,8,star_sign,mlp_h128,0.001,0.0,0.00013,1.0,4250
56,8,star_sign,attention,0.0001,1e-05,0.0,1.0,4250
56,8,star_sign,shuffled,0.01,0.0001,2.43571,0.19129,4250
56,12,age_bin,ema_lr1e-3,0.001,0.0001,1.47917,0.31718,4250
56,12,age_bin,ema_lr5e-3,0.005,0.0001,1.23988,0.41388,4250
56,12,age_bin,ema_lr1e-2,0.01,0.0001,1.07116,0.48941,4250
56,12,age_bin,ema_lr5e-2,0.05,0.0001,0.3395,0.95412,4250
56,12,age_bin,ema_lr1e-2_wd1e-3,0.01,0.001,1.04386,0.51106,4250
56,12,age_bin,ema_d0.99,0.01,0.0001,1.01592,0.51247,4250
56,12,age_bin,ema_d0.9999,0.01,0.0001,1.01818,0.50706,4250
56,12,age_bin,mlp_h16,0.001,0.0,0.00405,1.0,4250
56,12,age_bin,mlp_h32,0.001,0.0,0.00265,1.0,4250
56,12,age_bin,mlp_h64,0.001,0.0,0.00183,1.0,4250
56,12,age_bin,mlp_h128,0.001,0.0,0.00026,1.0,4250
56,12,age_bin,attention,0.0001,1e-05,0.00038,1.0,4250
56,12,age_bin,shuffled,0.01,0.0001,1.04031,0.51153,4250
56,12,gender,ema_lr1e-3,0.001,0.0001,1.00855,0.49741,4250
56,12,gender,ema_lr5e-3,0.005,0.0001,0.90275,0.49529,4250
56,12,gender,ema_lr1e-2,0.01,0.0001,0.87398,0.49059,4250
56,12,gender,ema_lr5e-2,0.05,0.0001,0.85992,0.51459,4250
56,12,gender,ema_lr1e-2_wd1e-3,0.01,0.001,0.86354,0.504,4250
56,12,gender,ema_d0.99,0.01,0.0001,0.85203,0.50024,4250
56,12,gender,ema_d0.9999,0.01,0.0001,0.85391,0.49318,4250
56,12,gender,mlp_h16,0.001,0.0,0.69889,0.50212,4250
56,12,gender,mlp_h32,0.001,0.0,0.70197,0.50753,4250
56,12,gender,mlp_h64,0.001,0.0,0.70816,0.50094,4250
56,12,gender,mlp_h128,0.001,0.0,0.70669,0.50753,4250
56,12,gender,attention,0.0001,1e-05,0.69739,0.57031,4250
56,12,gender,shuffled,0.01,0.0001,0.85759,0.49694,4250
56,12,star_sign,ema_lr1e-3,0.001,0.0001,3.12523,0.10165,4250
56,12,star_sign,ema_lr5e-3,0.005,0.0001,2.84026,0.13341,4250
56,12,star_sign,ema_lr1e-2,0.01,0.0001,2.54168,0.16376,4250
56,12,star_sign,ema_lr5e-2,0.05,0.0001,1.0035,0.85129,4250
56,12,star_sign,ema_lr1e-2_wd1e-3,0.01,0.001,2.53562,0.17247,4250
56,12,star_sign,ema_d0.99,0.01,0.0001,2.49211,0.17929,4250
56,12,star_sign,ema_d0.9999,0.01,0.0001,2.58208,0.16141,4250
56,12,star_sign,mlp_h16,0.001,0.0,0.02737,1.0,4250
56,12,star_sign,mlp_h32,0.001,0.0,0.00881,1.0,4250
56,12,star_sign,mlp_h64,0.001,0.0,0.0011,1.0,4250
56,12,star_sign,mlp_h128,0.001,0.0,0.00029,1.0,4250
56,12,star_sign,attention,0.0001,1e-05,2e-05,1.0,4250
56,12,star_sign,shuffled,0.01,0.0001,2.47778,0.19459,4250
56,16,age_bin,ema_lr1e-3,0.001,0.0001,1.45914,0.35082,4250
56,16,age_bin,ema_lr5e-3,0.005,0.0001,1.25008,0.39388,4250
56,16,age_bin,ema_lr1e-2,0.01,0.0001,1.03766,0.49882,4250
56,16,age_bin,ema_lr5e-2,0.05,0.0001,0.351,0.96024,4250
56,16,age_bin,ema_lr1e-2_wd1e-3,0.01,0.001,1.09158,0.49035,4250
56,16,age_bin,ema_d0.99,0.01,0.0001,1.04016,0.51482,4250
56,16,age_bin,ema_d0.9999,0.01,0.0001,1.03666,0.50282,4250
56,16,age_bin,mlp_h16,0.001,0.0,0.01757,1.0,4250
56,16,age_bin,mlp_h32,0.001,0.0,0.00343,1.0,4250
56,16,age_bin,mlp_h64,0.001,0.0,0.00056,1.0,4250
56,16,age_bin,mlp_h128,0.001,0.0,0.00028,1.0,4250
56,16,age_bin,attention,0.0001,1e-05,1e-05,1.0,4250
56,16,age_bin,shuffled,0.01,0.0001,1.0637,0.50847,4250
56,16,gender,ema_lr1e-3,0.001,0.0001,1.02086,0.472,4250
56,16,gender,ema_lr5e-3,0.005,0.0001,0.97886,0.476,4250
56,16,gender,ema_lr1e-2,0.01,0.0001,0.89955,0.49106,4250
56,16,gender,ema_lr5e-2,0.05,0.0001,0.74153,0.56447,4250
56,16,gender,ema_lr1e-2_wd1e-3,0.01,0.001,0.87514,0.50565,4250
56,16,gender,ema_d0.99,0.01,0.0001,0.84566,0.50753,4250
56,16,gender,ema_d0.9999,0.01,0.0001,0.87526,0.488,4250
56,16,gender,mlp_h16,0.001,0.0,0.71581,0.50282,4250
56,16,gender,mlp_h32,0.001,0.0,0.72314,0.5,4250
56,16,gender,mlp_h64,0.001,0.0,0.72296,0.50588,4250
56,16,gender,mlp_h128,0.001,0.0,0.71359,0.50776,4250
56,16,gender,attention,0.0001,1e-05,0.76804,0.42969,4250
56,16,gender,shuffled,0.01,0.0001,0.84062,0.49812,4250
56,16,star_sign,ema_lr1e-3,0.001,0.0001,3.22928,0.08024,4250
56,16,star_sign,ema_lr5e-3,0.005,0.0001,2.88836,0.124,4250
56,16,star_sign,ema_lr1e-2,0.01,0.0001,2.54881,0.18565,4250
56,16,star_sign,ema_lr5e-2,0.05,0.0001,1.03242,0.83294,4250
56,16,star_sign,ema_lr1e-2_wd1e-3,0.01,0.001,2.49418,0.19412,4250
56,16,star_sign,ema_d0.99,0.01,0.0001,2.55463,0.17788,4250
56,16,star_sign,ema_d0.9999,0.01,0.0001,2.54835,0.17812,4250
56,16,star_sign,mlp_h16,0.001,0.0,0.03682,1.0,4250
56,16,star_sign,mlp_h32,0.001,0.0,0.0144,1.0,4250
56,16,star_sign,mlp_h64,0.001,0.0,0.00405,1.0,4250
56,16,star_sign,mlp_h128,0.001,0.0,0.00045,1.0,4250
56,16,star_sign,attention,0.0001,1e-05,0.0,1.0,4250
56,16,star_sign,shuffled,0.01,0.0001,2.59108,0.16824,4250
57,0,age_bin,ema_lr1e-3,0.001,0.0001,1.4486,0.27898,4011
57,0,age_bin,ema_lr5e-3,0.005,0.0001,1.23599,0.5106,4011
57,0,age_bin,ema_lr1e-2,0.01,0.0001,1.02207,0.67489,4011
57,0,age_bin,ema_lr5e-2,0.05,0.0001,0.33002,0.96734,4011
57,0,age_bin,ema_lr1e-2_wd1e-3,0.01,0.001,1.03823,0.67265,4011
57,0,age_bin,ema_d0.99,0.01,0.0001,1.00994,0.64124,4011
57,0,age_bin,ema_d0.9999,0.01,0.0001,1.02015,0.67913,4011
57,0,age_bin,mlp_h16,0.001,0.0,0.00712,1.0,4011
57,0,age_bin,mlp_h32,0.001,0.0,0.00419,1.0,4011
57,0,age_bin,mlp_h64,0.001,0.0,0.00149,1.0,4011
57,0,age_bin,mlp_h128,0.001,0.0,0.00035,1.0,4011
57,0,age_bin,attention,0.0001,1e-05,0.78804,1.0,4011
57,0,age_bin,shuffled,0.01,0.0001,1.01626,0.66118,4011
57,0,gender,ema_lr1e-3,0.001,0.0001,0.93615,0.50037,4011
57,0,gender,ema_lr5e-3,0.005,0.0001,0.89667,0.49888,4011
57,0,gender,ema_lr1e-2,0.01,0.0001,0.85923,0.48143,4011
57,0,gender,ema_lr5e-2,0.05,0.0001,0.81716,0.51359,4011
57,0,gender,ema_lr1e-2_wd1e-3,0.01,0.001,0.85905,0.4894,4011
57,0,gender,ema_d0.99,0.01,0.0001,0.83572,0.50511,4011
57,0,gender,ema_d0.9999,0.01,0.0001,0.85682,0.51184,4011
57,0,gender,mlp_h16,0.001,0.0,0.69488,0.51808,4011
57,0,gender,mlp_h32,0.001,0.0,0.69434,0.51533,4011
57,0,gender,mlp_h64,0.001,0.0,0.70036,0.50212,4011
57,0,gender,mlp_h128,0.001,0.0,0.69844,0.51134,4011
57,0,gender,attention,0.0001,1e-05,0.69757,0.41406,4011
57,0,gender,shuffled,0.01,0.0001,0.83842,0.49439,4011
57,0,star_sign,ema_lr1e-3,0.001,0.0001,3.17694,0.04662,4011
57,0,star_sign,ema_lr5e-3,0.005,0.0001,2.8505,0.18973,4011
57,0,star_sign,ema_lr1e-2,0.01,0.0001,2.52999,0.29818,4011
57,0,star_sign,ema_lr5e-2,0.05,0.0001,0.9462,0.88856,4011
57,0,star_sign,ema_lr1e-2_wd1e-3,0.01,0.001,2.49687,0.33383,4011
57,0,star_sign,ema_d0.99,0.01,0.0001,2.52555,0.3443,4011
57,0,star_sign,ema_d0.9999,0.01,0.0001,2.51877,0.41137,4011
57,0,star_sign,mlp_h16,0.001,0.0,0.02395,1.0,4011
57,0,star_sign,mlp_h32,0.001,0.0,0.00858,1.0,4011
57,0,star_sign,mlp_h64,0.001,0.0,0.00247,1.0,4011
57,0,star_sign,mlp_h128,0.001,0.0,0.00043,1.0,4011
57,0,star_sign,attention,0.0001,1e-05,1.99784,1.0,4011
57,0,star_sign,shuffled,0.01,0.0001,2.52249,0.36849,4011
57,4,age_bin,ema_lr1e-3,0.001,0.0001,1.41488,0.34281,4011
57,4,age_bin,ema_lr5e-3,0.005,0.0001,1.19004,0.40165,4011
57,4,age_bin,ema_lr1e-2,0.01,0.0001,0.99842,0.5445,4011
57,4,age_bin,ema_lr5e-2,0.05,0.0001,0.35558,0.96684,4011
57,4,age_bin,ema_lr1e-2_wd1e-3,0.01,0.001,0.95205,0.56445,4011
57,4,age_bin,ema_d0.99,0.01,0.0001,0.96942,0.55423,4011
57,4,age_bin,ema_d0.9999,0.01,0.0001,1.02064,0.52231,4011
57,4,age_bin,mlp_h16,0.001,0.0,0.0049,1.0,4011
57,4,age_bin,mlp_h32,0.001,0.0,0.00316,1.0,4011
57,4,age_bin,mlp_h64,0.001,0.0,0.00037,1.0,4011
57,4,age_bin,mlp_h128,0.001,0.0,0.00012,1.0,4011
57,4,age_bin,attention,0.0001,1e-05,0.0,1.0,4011
57,4,age_bin,shuffled,0.01,0.0001,0.98701,0.54749,4011
57,4,gender,ema_lr1e-3,0.001,0.0001,0.96281,0.47469,4011
57,4,gender,ema_lr5e-3,0.005,0.0001,0.90268,0.48891,4011
57,4,gender,ema_lr1e-2,0.01,0.0001,0.83768,0.51159,4011
57,4,gender,ema_lr5e-2,0.05,0.0001,1.01221,0.47943,4011
57,4,gender,ema_lr1e-2_wd1e-3,0.01,0.001,0.85713,0.49863,4011
57,4,gender,ema_d0.99,0.01,0.0001,0.84603,0.49988,4011
57,4,gender,ema_d0.9999,0.01,0.0001,0.84605,0.52231,4011
57,4,gender,mlp_h16,0.001,0.0,0.69029,0.52655,4011
57,4,gender,mlp_h32,0.001,0.0,0.68694,0.54575,4011
57,4,gender,mlp_h64,0.001,0.0,0.68963,0.5445,4011
57,4,gender,mlp_h128,0.001,0.0,0.69911,0.51533,4011
57,4,gender,attention,0.0001,1e-05,0.70053,0.55469,4011
57,4,gender,shuffled,0.01,0.0001,0.86366,0.50312,4011
57,4,star_sign,ema_lr1e-3,0.001,0.0001,3.08905,0.08003,4011
57,4,star_sign,ema_lr5e-3,0.005,0.0001,2.78532,0.11818,4011
57,4,star_sign,ema_lr1e-2,0.01,0.0001,2.43111,0.18474,4011
57,4,star_sign,ema_lr5e-2,0.05,0.0001,0.96384,0.88407,4011
57,4,star_sign,ema_lr1e-2_wd1e-3,0.01,0.001,2.43914,0.20095,4011
57,4,star_sign,ema_d0.99,0.01,0.0001,2.41546,0.20095,4011
57,4,star_sign,ema_d0.9999,0.01,0.0001,2.44601,0.18374,4011
57,4,star_sign,mlp_h16,0.001,0.0,0.01607,1.0,4011
57,4,star_sign,mlp_h32,0.001,0.0,0.00475,1.0,4011
57,4,star_sign,mlp_h64,0.001,0.0,0.00124,1.0,4011
57,4,star_sign,mlp_h128,0.001,0.0,8e-05,1.0,4011
57,4,star_sign,attention,0.0001,1e-05,0.00016,1.0,4011
57,4,star_sign,shuffled,0.01,0.0001,2.40765,0.20868,4011
57,8,age_bin,ema_lr1e-3,0.001,0.0001,1.47708,0.33932,4011
57,8,age_bin,ema_lr5e-3,0.005,0.0001,1.25763,0.41062,4011
57,8,age_bin,ema_lr1e-2,0.01,0.0001,0.99967,0.53378,4011
57,8,age_bin,ema_lr5e-2,0.05,0.0001,0.40071,0.95612,4011
57,8,age_bin,ema_lr1e-2_wd1e-3,0.01,0.001,1.04807,0.49514,4011
57,8,age_bin,ema_d0.99,0.01,0.0001,1.02518,0.52082,4011
57,8,age_bin,ema_d0.9999,0.01,0.0001,1.00149,0.53478,4011
57,8,age_bin,mlp_h16,0.001,0.0,0.00955,1.0,4011
57,8,age_bin,mlp_h32,0.001,0.0,0.00245,1.0,4011
57,8,age_bin,mlp_h64,0.001,0.0,0.00059,1.0,4011
57,8,age_bin,mlp_h128,0.001,0.0,0.00026,1.0,4011
57,8,age_bin,attention,0.0001,1e-05,0.0,1.0,4011
57,8,age_bin,shuffled,0.01,0.0001,1.04583,0.50661,4011
57,8,gender,ema_lr1e-3,0.001,0.0001,0.93726,0.50785,4011
57,8,gender,ema_lr5e-3,0.005,0.0001,0.90976,0.50511,4011
57,8,gender,ema_lr1e-2,0.01,0.0001,0.82891,0.50511,4011
57,8,gender,ema_lr5e-2,0.05,0.0001,1.05809,0.53004,4011
57,8,gender,ema_lr1e-2_wd1e-3,0.01,0.001,0.82517,0.51733,4011
57,8,gender,ema_d0.99,0.01,0.0001,0.85761,0.49988,4011
57,8,gender,ema_d0.9999,0.01,0.0001,0.84258,0.49938,4011
57,8,gender,mlp_h16,0.001,0.0,0.68457,0.54849,4011
57,8,gender,mlp_h32,0.001,0.0,0.68683,0.53927,4011
57,8,gender,mlp_h64,0.001,0.0,0.69571,0.52954,4011
57,8,gender,mlp_h128,0.001,0.0,0.69713,0.54974,4011
57,8,gender,attention,0.0001,1e-05,0.73455,0.42188,4011
57,8,gender,shuffled,0.01,0.0001,0.85662,0.4924,4011
57,8,star_sign,ema_lr1e-3,0.001,0.0001,3.05152,0.09075,4011
57,8,star_sign,ema_lr5e-3,0.005,0.0001,2.83513,0.11094,4011
57,8,star_sign,ema_lr1e-2,0.01,0.0001,2.50775,0.16554,4011
57,8,star_sign,ema_lr5e-2,0.05,0.0001,1.03434,0.87285,4011
57,8,star_sign,ema_lr1e-2_wd1e-3,0.01,0.001,2.45557,0.18474,4011
57,8,star_sign,ema_d0.99,0.01,0.0001,2.44263,0.17427,4011
57,8,star_sign,ema_d0.9999,0.01,0.0001,2.52239,0.18325,4011
57,8,star_sign,mlp_h16,0.001,0.0,0.05902,0.96809,4011
57,8,star_sign,mlp_h32,0.001,0.0,0.00729,1.0,4011
57,8,star_sign,mlp_h64,0.001,0.0,0.00149,1.0,4011
57,8,star_sign,mlp_h128,0.001,0.0,0.00014,1.0,4011
57,8,star_sign,attention,0.0001,1e-05,0.0,1.0,4011
57,8,star_sign,shuffled,0.01,0.0001,2.49777,0.17651,4011
57,12,age_bin,ema_lr1e-3,0.001,0.0001,1.44911,0.32311,4011
57,12,age_bin,ema_lr5e-3,0.005,0.0001,1.23176,0.41985,4011
57,12,age_bin,ema_lr1e-2,0.01,0.0001,1.02087,0.52032,4011
57,12,age_bin,ema_lr5e-2,0.05,0.0001,0.36488,0.9636,4011
57,12,age_bin,ema_lr1e-2_wd1e-3,0.01,0.001,1.04452,0.51608,4011
57,12,age_bin,ema_d0.99,0.01,0.0001,1.00495,0.53104,4011
57,12,age_bin,ema_d0.9999,0.01,0.0001,1.03254,0.49489,4011
57,12,age_bin,mlp_h16,0.001,0.0,0.00399,1.0,4011
57,12,age_bin,mlp_h32,0.001,0.0,0.00282,1.0,4011
57,12,age_bin,mlp_h64,0.001,0.0,0.00192,1.0,4011
57,12,age_bin,mlp_h128,0.001,0.0,0.00029,1.0,4011
57,12,age_bin,attention,0.0001,1e-05,0.00046,1.0,4011
57,12,age_bin,shuffled,0.01,0.0001,1.02627,0.51882,4011
57,12,gender,ema_lr1e-3,0.001,0.0001,0.98322,0.50636,4011
57,12,gender,ema_lr5e-3,0.005,0.0001,0.8528,0.52132,4011
57,12,gender,ema_lr1e-2,0.01,0.0001,0.83404,0.50611,4011
57,12,gender,ema_lr5e-2,0.05,0.0001,0.93193,0.51808,4011
57,12,gender,ema_lr1e-2_wd1e-3,0.01,0.001,0.8198,0.52281,4011
57,12,gender,ema_d0.99,0.01,0.0001,0.84285,0.51434,4011
57,12,gender,ema_d0.9999,0.01,0.0001,0.87848,0.49938,4011
57,12,gender,mlp_h16,0.001,0.0,0.67946,0.56619,4011
57,12,gender,mlp_h32,0.001,0.0,0.67579,0.57891,4011
57,12,gender,mlp_h64,0.001,0.0,0.68279,0.55921,4011
57,12,gender,mlp_h128,0.001,0.0,0.68021,0.56894,4011
57,12,gender,attention,0.0001,1e-05,0.70223,0.51562,4011
57,12,gender,shuffled,0.01,0.0001,0.85935,0.49813,4011
57,12,star_sign,ema_lr1e-3,0.001,0.0001,3.17229,0.09449,4011
57,12,star_sign,ema_lr5e-3,0.005,0.0001,2.78521,0.13887,4011
57,12,star_sign,ema_lr1e-2,0.01,0.0001,2.48529,0.1805,4011
57,12,star_sign,ema_lr5e-2,0.05,0.0001,0.98805,0.85565,4011
57,12,star_sign,ema_lr1e-2_wd1e-3,0.01,0.001,2.53593,0.17128,4011
57,12,star_sign,ema_d0.99,0.01,0.0001,2.54383,0.17078,4011
57,12,star_sign,ema_d0.9999,0.01,0.0001,2.53807,0.17801,4011
57,12,star_sign,mlp_h16,0.001,0.0,0.02826,1.0,4011
57,12,star_sign,mlp_h32,0.001,0.0,0.00965,1.0,4011
57,12,star_sign,mlp_h64,0.001,0.0,0.00128,1.0,4011
57,12,star_sign,mlp_h128,0.001,0.0,0.00035,1.0,4011
57,12,star_sign,attention,0.0001,1e-05,4e-05,1.0,4011
57,12,star_sign,shuffled,0.01,0.0001,2.48293,0.18374,4011
57,16,age_bin,ema_lr1e-3,0.001,0.0001,1.45482,0.36225,4011
57,16,age_bin,ema_lr5e-3,0.005,0.0001,1.23925,0.41586,4011
57,16,age_bin,ema_lr1e-2,0.01,0.0001,1.05339,0.49265,4011
57,16,age_bin,ema_lr5e-2,0.05,0.0001,0.33559,0.97033,4011
57,16,age_bin,ema_lr1e-2_wd1e-3,0.01,0.001,1.0502,0.50386,4011
57,16,age_bin,ema_d0.99,0.01,0.0001,1.01242,0.53503,4011
57,16,age_bin,ema_d0.9999,0.01,0.0001,1.02516,0.50187,4011
57,16,age_bin,mlp_h16,0.001,0.0,0.01676,1.0,4011
57,16,age_bin,mlp_h32,0.001,0.0,0.00361,1.0,4011
57,16,age_bin,mlp_h64,0.001,0.0,0.00058,1.0,4011
57,16,age_bin,mlp_h128,0.001,0.0,0.0003,1.0,4011
57,16,age_bin,attention,0.0001,1e-05,0.00074,1.0,4011
57,16,age_bin,shuffled,0.01,0.0001,0.98376,0.54251,4011
57,16,gender,ema_lr1e-3,0.001,0.0001,0.89278,0.547,4011
57,16,gender,ema_lr5e-3,0.005,0.0001,0.88519,0.51284,4011
57,16,gender,ema_lr1e-2,0.01,0.0001,0.82913,0.53652,4011
57,16,gender,ema_lr5e-2,0.05,0.0001,0.74194,0.54251,4011
57,16,gender,ema_lr1e-2_wd1e-3,0.01,0.001,0.80082,0.54151,4011
57,16,gender,ema_d0.99,0.01,0.0001,0.86217,0.49813,4011
57,16,gender,ema_d0.9999,0.01,0.0001,0.82677,0.52456,4011
57,16,gender,mlp_h16,0.001,0.0,0.6733,0.57791,4011
57,16,gender,mlp_h32,0.001,0.0,0.67229,0.58639,4011
57,16,gender,mlp_h64,0.001,0.0,0.67261,0.58888,4011
57,16,gender,mlp_h128,0.001,0.0,0.67333,0.57641,4011
57,16,gender,attention,0.0001,1e-05,0.71663,0.51562,4011
57,16,gender,shuffled,0.01,0.0001,0.8423,0.49464,4011
57,16,star_sign,ema_lr1e-3,0.001,0.0001,3.16147,0.08128,4011
57,16,star_sign,ema_lr5e-3,0.005,0.0001,2.80009,0.13164,4011
57,16,star_sign,ema_lr1e-2,0.01,0.0001,2.55269,0.17527,4011
57,16,star_sign,ema_lr5e-2,0.05,0.0001,0.97788,0.86338,4011
57,16,star_sign,ema_lr1e-2_wd1e-3,0.01,0.001,2.50816,0.19372,4011
57,16,star_sign,ema_d0.99,0.01,0.0001,2.51931,0.19122,4011
57,16,star_sign,ema_d0.9999,0.01,0.0001,2.51502,0.182,4011
57,16,star_sign,mlp_h16,0.001,0.0,0.03538,1.0,4011
57,16,star_sign,mlp_h32,0.001,0.0,0.01476,1.0,4011
57,16,star_sign,mlp_h64,0.001,0.0,0.00421,1.0,4011
57,16,star_sign,mlp_h128,0.001,0.0,0.0004,1.0,4011
57,16,star_sign,attention,0.0001,1e-05,0.0,1.0,4011
57,16,star_sign,shuffled,0.01,0.0001,2.57945,0.16729,4011
58,0,age_bin,ema_lr1e-3,0.001,0.0001,1.46599,0.27423,4044
58,0,age_bin,ema_lr5e-3,0.005,0.0001,1.20555,0.5225,4044
58,0,age_bin,ema_lr1e-2,0.01,0.0001,1.00151,0.69041,4044
58,0,age_bin,ema_lr5e-2,0.05,0.0001,0.31968,0.97008,4044
58,0,age_bin,ema_lr1e-2_wd1e-3,0.01,0.001,1.00911,0.68991,4044
58,0,age_bin,ema_d0.99,0.01,0.0001,0.99383,0.65035,4044
58,0,age_bin,ema_d0.9999,0.01,0.0001,0.99642,0.69906,4044
58,0,age_bin,mlp_h16,0.001,0.0,0.00743,1.0,4044
58,0,age_bin,mlp_h32,0.001,0.0,0.00441,1.0,4044
58,0,age_bin,mlp_h64,0.001,0.0,0.00149,1.0,4044
58,0,age_bin,mlp_h128,0.001,0.0,0.00036,1.0,4044
58,0,age_bin,attention,0.0001,1e-05,0.78584,1.0,4044
58,0,age_bin,shuffled,0.01,0.0001,1.00153,0.68472,4044
58,0,gender,ema_lr1e-3,0.001,0.0001,0.9859,0.49085,4044
58,0,gender,ema_lr5e-3,0.005,0.0001,0.91395,0.48937,4044
58,0,gender,ema_lr1e-2,0.01,0.0001,0.83141,0.50717,4044
58,0,gender,ema_lr5e-2,0.05,0.0001,0.83376,0.50668,4044
58,0,gender,ema_lr1e-2_wd1e-3,0.01,0.001,0.84161,0.50346,4044
58,0,gender,ema_d0.99,0.01,0.0001,0.83479,0.49703,4044
58,0,gender,ema_d0.9999,0.01,0.0001,0.86983,0.48863,4044
58,0,gender,mlp_h16,0.001,0.0,0.69801,0.50593,4044
58,0,gender,mlp_h32,0.001,0.0,0.69698,0.51632,4044
58,0,gender,mlp_h64,0.001,0.0,0.69968,0.50717,4044
58,0,gender,mlp_h128,0.001,0.0,0.70108,0.51706,4044
58,0,gender,attention,0.0001,1e-05,0.69182,0.55469,4044
58,0,gender,shuffled,0.01,0.0001,0.83847,0.51162,4044
58,0,star_sign,ema_lr1e-3,0.001,0.0001,3.13982,0.04896,4044
58,0,star_sign,ema_lr5e-3,0.005,0.0001,2.85133,0.19955,4044
58,0,star_sign,ema_lr1e-2,0.01,0.0001,2.5478,0.29204,4044
58,0,star_sign,ema_lr5e-2,0.05,0.0001,0.91699,0.89144,4044
58,0,star_sign,ema_lr1e-2_wd1e-3,0.01,0.001,2.50009,0.33234,4044
58,0,star_sign,ema_d0.99,0.01,0.0001,2.5053,0.33828,4044
58,0,star_sign,ema_d0.9999,0.01,0.0001,2.53019,0.41543,4044
58,0,star_sign,mlp_h16,0.001,0.0,0.02396,1.0,4044
58,0,star_sign,mlp_h32,0.001,0.0,0.00948,1.0,4044
58,0,star_sign,mlp_h64,0.001,0.0,0.00268,1.0,4044
58,0,star_sign,mlp_h128,0.001,0.0,0.00051,1.0,4044
58,0,star_sign,attention,0.0001,1e-05,1.99376,1.0,4044
58,0,star_sign,shuffled,0.01,0.0001,2.52704,0.36449,4044
58,4,age_bin,ema_lr1e-3,0.001,0.0001,1.43465,0.33704,4044
58,4,age_bin,ema_lr5e-3,0.005,0.0001,1.1738,0.4179,4044
58,4,age_bin,ema_lr1e-2,0.01,0.0001,1.00785,0.53338,4044
58,4,age_bin,ema_lr5e-2,0.05,0.0001,0.35406,0.96365,4044
58,4,age_bin,ema_lr1e-2_wd1e-3,0.01,0.001,0.96101,0.55687,4044
58,4,age_bin,ema_d0.99,0.01,0.0001,1.00793,0.53165,4044
58,4,age_bin,ema_d0.9999,0.01,0.0001,0.99045,0.53289,4044
58,4,age_bin,mlp_h16,0.001,0.0,0.00468,1.0,4044
58,4,age_bin,mlp_h32,0.001,0.0,0.00306,1.0,4044
58,4,age_bin,mlp_h64,0.001,0.0,0.00036,1.0,4044
58,4,age_bin,mlp_h128,0.001,0.0,0.00012,1.0,4044
58,4,age_bin,attention,0.0001,1e-05,0.0,1.0,4044
58,4,age_bin,shuffled,0.01,0.0001,0.96659,0.55094,4044
58,4,gender,ema_lr1e-3,0.001,0.0001,0.89993,0.51657,4044
58,4,gender,ema_lr5e-3,0.005,0.0001,0.83658,0.5277,4044
58,4,gender,ema_lr1e-2,0.01,0.0001,0.81793,0.53017,4044
58,4,gender,ema_lr5e-2,0.05,0.0001,1.06215,0.48838,4044
58,4,gender,ema_lr1e-2_wd1e-3,0.01,0.001,0.83349,0.50074,4044
58,4,gender,ema_d0.99,0.01,0.0001,0.85898,0.48541,4044
58,4,gender,ema_d0.9999,0.01,0.0001,0.84735,0.5094,4044
58,4,gender,mlp_h16,0.001,0.0,0.68743,0.53734,4044
58,4,gender,mlp_h32,0.001,0.0,0.69085,0.54006,4044
58,4,gender,mlp_h64,0.001,0.0,0.69445,0.53437,4044
58,4,gender,mlp_h128,0.001,0.0,0.69644,0.52324,4044
58,4,gender,attention,0.0001,1e-05,0.69801,0.5,4044
58,4,gender,shuffled,0.01,0.0001,0.86096,0.48986,4044
58,4,star_sign,ema_lr1e-3,0.001,0.0001,3.02127,0.08605,4044
58,4,star_sign,ema_lr5e-3,0.005,0.0001,2.74633,0.1271,4044
58,4,star_sign,ema_lr1e-2,0.01,0.0001,2.42796,0.19313,4044
58,4,star_sign,ema_lr5e-2,0.05,0.0001,1.07025,0.90554,4044
58,4,star_sign,ema_lr1e-2_wd1e-3,0.01,0.001,2.42913,0.20351,4044
58,4,star_sign,ema_d0.99,0.01,0.0001,2.41503,0.19362,4044
58,4,star_sign,ema_d0.9999,0.01,0.0001,2.39446,0.20178,4044
58,4,star_sign,mlp_h16,0.001,0.0,0.015,1.0,4044
58,4,star_sign,mlp_h32,0.001,0.0,0.00468,1.0,4044
58,4,star_sign,mlp_h64,0.001,0.0,0.00122,1.0,4044
58,4,star_sign,mlp_h128,0.001,0.0,8e-05,1.0,4044
58,4,star_sign,attention,0.0001,1e-05,0.00037,1.0,4044
58,4,star_sign,shuffled,0.01,0.0001,2.45572,0.20846,4044
58,8,age_bin,ema_lr1e-3,0.001,0.0001,1.39875,0.37092,4044
58,8,age_bin,ema_lr5e-3,0.005,0.0001,1.21747,0.42409,4044
58,8,age_bin,ema_lr1e-2,0.01,0.0001,1.00666,0.53363,4044
58,8,age_bin,ema_lr5e-2,0.05,0.0001,0.51643,0.88427,4044
58,8,age_bin,ema_lr1e-2_wd1e-3,0.01,0.001,1.02624,0.51063,4044
58,8,age_bin,ema_d0.99,0.01,0.0001,1.01042,0.53462,4044
58,8,age_bin,ema_d0.9999,0.01,0.0001,0.98143,0.54946,4044
58,8,age_bin,mlp_h16,0.001,0.0,0.00932,1.0,4044
58,8,age_bin,mlp_h32,0.001,0.0,0.00237,1.0,4044
58,8,age_bin,mlp_h64,0.001,0.0,0.00058,1.0,4044
58,8,age_bin,mlp_h128,0.001,0.0,0.00025,1.0,4044
58,8,age_bin,attention,0.0001,1e-05,0.0,1.0,4044
58,8,age_bin,shuffled,0.01,0.0001,0.99373,0.53116,4044
58,8,gender,ema_lr1e-3,0.001,0.0001,0.92558,0.50989,4044
58,8,gender,ema_lr5e-3,0.005,0.0001,0.90907,0.48986,4044
58,8,gender,ema_lr1e-2,0.01,0.0001,0.8267,0.50346,4044
58,8,gender,ema_lr5e-2,0.05,0.0001,1.02721,0.52572,4044
58,8,gender,ema_lr1e-2_wd1e-3,0.01,0.001,0.83766,0.50668,4044
58,8,gender,ema_d0.99,0.01,0.0001,0.86959,0.48417,4044
58,8,gender,ema_d0.9999,0.01,0.0001,0.82955,0.51088,4044
58,8,gender,mlp_h16,0.001,0.0,0.69033,0.52844,4044
58,8,gender,mlp_h32,0.001,0.0,0.698,0.51434,4044
58,8,gender,mlp_h64,0.001,0.0,0.69375,0.52745,4044
58,8,gender,mlp_h128,0.001,0.0,0.69589,0.52547,4044
58,8,gender,attention,0.0001,1e-05,0.67767,0.59375,4044
58,8,gender,shuffled,0.01,0.0001,0.86026,0.51236,4044
58,8,star_sign,ema_lr1e-3,0.001,0.0001,3.07484,0.08704,4044
58,8,star_sign,ema_lr5e-3,0.005,0.0001,2.76281,0.12957,4044
58,8,star_sign,ema_lr1e-2,0.01,0.0001,2.44989,0.19263,4044
58,8,star_sign,ema_lr5e-2,0.05,0.0001,1.0953,0.80885,4044
58,8,star_sign,ema_lr1e-2_wd1e-3,0.01,0.001,2.49067,0.18719,4044
58,8,star_sign,ema_d0.99,0.01,0.0001,2.50287,0.1632,4044
58,8,star_sign,ema_d0.9999,0.01,0.0001,2.49858,0.1909,4044
58,8,star_sign,mlp_h16,0.001,0.0,0.05565,0.96835,4044
58,8,star_sign,mlp_h32,0.001,0.0,0.00696,1.0,4044
58,8,star_sign,mlp_h64,0.001,0.0,0.00146,1.0,4044
58,8,star_sign,mlp_h128,0.001,0.0,0.00014,1.0,4044
58,8,star_sign,attention,0.0001,1e-05,0.0,1.0,4044
58,8,star_sign,shuffled,0.01,0.0001,2.46685,0.18126,4044
58,12,age_bin,ema_lr1e-3,0.001,0.0001,1.41826,0.33754,4044
58,12,age_bin,ema_lr5e-3,0.005,0.0001,1.25256,0.41494,4044
58,12,age_bin,ema_lr1e-2,0.01,0.0001,1.02759,0.52052,4044
58,12,age_bin,ema_lr5e-2,0.05,0.0001,0.3355,0.96118,4044
58,12,age_bin,ema_lr1e-2_wd1e-3,0.01,0.001,1.0442,0.5183,4044
58,12,age_bin,ema_d0.99,0.01,0.0001,0.99268,0.53314,4044
58,12,age_bin,ema_d0.9999,0.01,0.0001,1.02343,0.51335,4044
58,12,age_bin,mlp_h16,0.001,0.0,0.00385,1.0,4044
58,12,age_bin,mlp_h32,0.001,0.0,0.00269,1.0,4044
58,12,age_bin,mlp_h64,0.001,0.0,0.00174,1.0,4044
58,12,age_bin,mlp_h128,0.001,0.0,0.00028,1.0,4044
58,12,age_bin,attention,0.0001,1e-05,0.00044,1.0,4044
58,12,age_bin,shuffled,0.01,0.0001,1.03039,0.51954,4044
58,12,gender,ema_lr1e-3,0.001,0.0001,0.97391,0.50643,4044
58,12,gender,ema_lr5e-3,0.005,0.0001,0.88605,0.50717,4044
58,12,gender,ema_lr1e-2,0.01,0.0001,0.84073,0.50643,4044
58,12,gender,ema_lr5e-2,0.05,0.0001,0.92358,0.4911,4044
58,12,gender,ema_lr1e-2_wd1e-3,0.01,0.001,0.82553,0.52695,4044
58,12,gender,ema_d0.99,0.01,0.0001,0.84969,0.50865,4044
58,12,gender,ema_d0.9999,0.01,0.0001,0.86965,0.49184,4044
58,12,gender,mlp_h16,0.001,0.0,0.69248,0.5277,4044
58,12,gender,mlp_h32,0.001,0.0,0.6968,0.52423,4044
58,12,gender,mlp_h64,0.001,0.0,0.70265,0.51212,4044
58,12,gender,mlp_h128,0.001,0.0,0.70818,0.51039,4044
58,12,gender,attention,0.0001,1e-05,0.73107,0.47656,4044
58,12,gender,shuffled,0.01,0.0001,0.84486,0.49505,4044
58,12,star_sign,ema_lr1e-3,0.001,0.0001,3.18261,0.09298,4044
58,12,star_sign,ema_lr5e-3,0.005,0.0001,2.7868,0.13155,4044
58,12,star_sign,ema_lr1e-2,0.01,0.0001,2.52576,0.16914,4044
58,12,star_sign,ema_lr5e-2,0.05,0.0001,0.98186,0.85138,4044
58,12,star_sign,ema_lr1e-2_wd1e-3,0.01,0.001,2.49776,0.16617,4044
58,12,star_sign,ema_d0.99,0.01,0.0001,2.48132,0.18521,4044
58,12,star_sign,ema_d0.9999,0.01,0.0001,2.53036,0.19411,4044
58,12,star_sign,mlp_h16,0.001,0.0,0.02557,1.0,4044
58,12,star_sign,mlp_h32,0.001,0.0,0.00848,1.0,4044
58,12,star_sign,mlp_h64,0.001,0.0,0.00124,1.0,4044
58,12,star_sign,mlp_h128,0.001,0.0,0.00031,1.0,4044
58,12,star_sign,attention,0.0001,1e-05,6e-05,1.0,4044
58,12,star_sign,shuffled,0.01,0.0001,2.51857,0.18398,4044
58,16,age_bin,ema_lr1e-3,0.001,0.0001,1.50812,0.33086,4044
58,16,age_bin,ema_lr5e-3,0.005,0.0001,1.21093,0.41988,4044
58,16,age_bin,ema_lr1e-2,0.01,0.0001,1.04515,0.5089,4044
58,16,age_bin,ema_lr5e-2,0.05,0.0001,0.33715,0.96662,4044
58,16,age_bin,ema_lr1e-2_wd1e-3,0.01,0.001,1.00836,0.51434,4044
58,16,age_bin,ema_d0.99,0.01,0.0001,1.01521,0.52052,4044
58,16,age_bin,ema_d0.9999,0.01,0.0001,0.99984,0.51607,4044
58,16,age_bin,mlp_h16,0.001,0.0,0.01575,1.0,4044
58,16,age_bin,mlp_h32,0.001,0.0,0.00335,1.0,4044
58,16,age_bin,mlp_h64,0.001,0.0,0.00056,1.0,4044
58,16,age_bin,mlp_h128,0.001,0.0,0.0003,1.0,4044
58,16,age_bin,attention,0.0001,1e-05,0.0,1.0,4044
58,16,age_bin,shuffled,0.01,0.0001,1.01799,0.52671,4044
58,16,gender,ema_lr1e-3,0.001,0.0001,0.90074,0.52226,4044
58,16,gender,ema_lr5e-3,0.005,0.0001,0.87656,0.51311,4044
58,16,gender,ema_lr1e-2,0.01,0.0001,0.91917,0.48343,4044
58,16,gender,ema_lr5e-2,0.05,0.0001,0.80073,0.51212,4044
58,16,gender,ema_lr1e-2_wd1e-3,0.01,0.001,0.85941,0.51682,4044
58,16,gender,ema_d0.99,0.01,0.0001,0.86747,0.48863,4044
58,16,gender,ema_d0.9999,0.01,0.0001,0.8289,0.51682,4044
58,16,gender,mlp_h16,0.001,0.0,0.72331,0.49357,4044
58,16,gender,mlp_h32,0.001,0.0,0.72382,0.5089,4044
58,16,gender,mlp_h64,0.001,0.0,0.72664,0.5047,4044
58,16,gender,mlp_h128,0.001,0.0,0.71977,0.50569,4044
58,16,gender,attention,0.0001,1e-05,0.71289,0.51562,4044
58,16,gender,shuffled,0.01,0.0001,0.86639,0.49233,4044
58,16,star_sign,ema_lr1e-3,0.001,0.0001,3.12603,0.07591,4044
58,16,star_sign,ema_lr5e-3,0.005,0.0001,2.81072,0.12809,4044
58,16,star_sign,ema_lr1e-2,0.01,0.0001,2.48917,0.1956,4044
58,16,star_sign,ema_lr5e-2,0.05,0.0001,0.94941,0.87141,4044
58,16,star_sign,ema_lr1e-2_wd1e-3,0.01,0.001,2.53773,0.19857,4044
58,16,star_sign,ema_d0.99,0.01,0.0001,2.42629,0.21662,4044
58,16,star_sign,ema_d0.9999,0.01,0.0001,2.42026,0.20747,4044
58,16,star_sign,mlp_h16,0.001,0.0,0.03555,1.0,4044
58,16,star_sign,mlp_h32,0.001,0.0,0.01289,1.0,4044
58,16,star_sign,mlp_h64,0.001,0.0,0.00397,1.0,4044
58,16,star_sign,mlp_h128,0.001,0.0,0.00045,1.0,4044
58,16,star_sign,attention,0.0001,1e-05,0.0,1.0,4044
58,16,star_sign,shuffled,0.01,0.0001,2.54707,0.16963,4044
59,0,age_bin,ema_lr1e-3,0.001,0.0001,1.47391,0.32599,4175
59,0,age_bin,ema_lr5e-3,0.005,0.0001,1.25364,0.50611,4175
59,0,age_bin,ema_lr1e-2,0.01,0.0001,1.00893,0.69006,4175
59,0,age_bin,ema_lr5e-2,0.05,0.0001,0.31752,0.9691,4175
59,0,age_bin,ema_lr1e-2_wd1e-3,0.01,0.001,1.02016,0.69174,4175
59,0,age_bin,ema_d0.99,0.01,0.0001,0.98221,0.66012,4175
59,0,age_bin,ema_d0.9999,0.01,0.0001,1.04311,0.67186,4175
59,0,age_bin,mlp_h16,0.001,0.0,0.00657,1.0,4175
59,0,age_bin,mlp_h32,0.001,0.0,0.00402,1.0,4175
59,0,age_bin,mlp_h64,0.001,0.0,0.00135,1.0,4175
59,0,age_bin,mlp_h128,0.001,0.0,0.0003,1.0,4175
59,0,age_bin,attention,0.0001,1e-05,0.78959,1.0,4175
59,0,age_bin,shuffled,0.01,0.0001,1.01531,0.66754,4175
59,0,gender,ema_lr1e-3,0.001,0.0001,0.96742,0.49533,4175
59,0,gender,ema_lr5e-3,0.005,0.0001,0.90625,0.50419,4175
59,0,gender,ema_lr1e-2,0.01,0.0001,0.84074,0.5018,4175
59,0,gender,ema_lr5e-2,0.05,0.0001,0.78805,0.49006,4175
59,0,gender,ema_lr1e-2_wd1e-3,0.01,0.001,0.84545,0.51066,4175
59,0,gender,ema_d0.99,0.01,0.0001,0.85066,0.49246,4175
59,0,gender,ema_d0.9999,0.01,0.0001,0.85349,0.50084,4175
59,0,gender,mlp_h16,0.001,0.0,0.6962,0.52168,4175
59,0,gender,mlp_h32,0.001,0.0,0.69666,0.51329,4175
59,0,gender,mlp_h64,0.001,0.0,0.69859,0.50826,4175
59,0,gender,mlp_h128,0.001,0.0,0.69876,0.5109,4175
59,0,gender,attention,0.0001,1e-05,0.69386,0.48438,4175
59,0,gender,shuffled,0.01,0.0001,0.85101,0.50347,4175
59,0,star_sign,ema_lr1e-3,0.001,0.0001,3.17303,0.05006,4175
59,0,star_sign,ema_lr5e-3,0.005,0.0001,2.83963,0.23593,4175
59,0,star_sign,ema_lr1e-2,0.01,0.0001,2.49207,0.30251,4175
59,0,star_sign,ema_lr5e-2,0.05,0.0001,0.9008,0.89916,4175
59,0,star_sign,ema_lr1e-2_wd1e-3,0.01,0.001,2.52471,0.32335,4175
59,0,star_sign,ema_d0.99,0.01,0.0001,2.51848,0.33892,4175
59,0,star_sign,ema_d0.9999,0.01,0.0001,2.52571,0.41485,4175
59,0,star_sign,mlp_h16,0.001,0.0,0.02204,1.0,4175
59,0,star_sign,mlp_h32,0.001,0.0,0.00856,1.0,4175
59,0,star_sign,mlp_h64,0.001,0.0,0.0023,1.0,4175
59,0,star_sign,mlp_h128,0.001,0.0,0.0004,1.0,4175
59,0,star_sign,attention,0.0001,1e-05,1.99872,1.0,4175
59,0,star_sign,shuffled,0.01,0.0001,2.5245,0.36671,4175
59,4,age_bin,ema_lr1e-3,0.001,0.0001,1.34821,0.39114,4175
59,4,age_bin,ema_lr5e-3,0.005,0.0001,1.18596,0.39976,4175
59,4,age_bin,ema_lr1e-2,0.01,0.0001,0.96088,0.56982,4175
59,4,age_bin,ema_lr5e-2,0.05,0.0001,0.37395,0.95473,4175
59,4,age_bin,ema_lr1e-2_wd1e-3,0.01,0.001,1.01281,0.53102,4175
59,4,age_bin,ema_d0.99,0.01,0.0001,1.00545,0.52671,4175
59,4,age_bin,ema_d0.9999,0.01,0.0001,1.00561,0.53964,4175
59,4,age_bin,mlp_h16,0.001,0.0,0.00447,1.0,4175
59,4,age_bin,mlp_h32,0.001,0.0,0.00284,1.0,4175
59,4,age_bin,mlp_h64,0.001,0.0,0.00034,1.0,4175
59,4,age_bin,mlp_h128,0.001,0.0,0.00011,1.0,4175
59,4,age_bin,attention,0.0001,1e-05,0.0,1.0,4175
59,4,age_bin,shuffled,0.01,0.0001,0.99054,0.53485,4175
59,4,gender,ema_lr1e-3,0.001,0.0001,0.96695,0.49198,4175
59,4,gender,ema_lr5e-3,0.005,0.0001,0.87332,0.50539,4175
59,4,gender,ema_lr1e-2,0.01,0.0001,0.86118,0.50228,4175
59,4,gender,ema_lr5e-2,0.05,0.0001,1.01579,0.5176,4175
59,4,gender,ema_lr1e-2_wd1e-3,0.01,0.001,0.81413,0.52287,4175
59,4,gender,ema_d0.99,0.01,0.0001,0.84136,0.49988,4175
59,4,gender,ema_d0.9999,0.01,0.0001,0.88682,0.49222,4175
59,4,gender,mlp_h16,0.001,0.0,0.68624,0.54084,4175
59,4,gender,mlp_h32,0.001,0.0,0.68941,0.53533,4175
59,4,gender,mlp_h64,0.001,0.0,0.69112,0.53413,4175
59,4,gender,mlp_h128,0.001,0.0,0.69055,0.53341,4175
59,4,gender,attention,0.0001,1e-05,0.72039,0.46875,4175
59,4,gender,shuffled,0.01,0.0001,0.85206,0.50395,4175
59,4,star_sign,ema_lr1e-3,0.001,0.0001,3.06309,0.08958,4175
59,4,star_sign,ema_lr5e-3,0.005,0.0001,2.71346,0.13772,4175
59,4,star_sign,ema_lr1e-2,0.01,0.0001,2.39046,0.20623,4175
59,4,star_sign,ema_lr5e-2,0.05,0.0001,1.01757,0.86443,4175
59,4,star_sign,ema_lr1e-2_wd1e-3,0.01,0.001,2.42507,0.19377,4175
59,4,star_sign,ema_d0.99,0.01,0.0001,2.43101,0.1988,4175
59,4,star_sign,ema_d0.9999,0.01,0.0001,2.42845,0.20096,4175
59,4,star_sign,mlp_h16,0.001,0.0,0.01364,1.0,4175
59,4,star_sign,mlp_h32,0.001,0.0,0.00429,1.0,4175
59,4,star_sign,mlp_h64,0.001,0.0,0.00112,1.0,4175
59,4,star_sign,mlp_h128,0.001,0.0,7e-05,1.0,4175
59,4,star_sign,attention,0.0001,1e-05,0.00023,1.0,4175
59,4,star_sign,shuffled,0.01,0.0001,2.4555,0.20719,4175
59,8,age_bin,ema_lr1e-3,0.001,0.0001,1.40905,0.36958,4175
59,8,age_bin,ema_lr5e-3,0.005,0.0001,1.20874,0.43569,4175
59,8,age_bin,ema_lr1e-2,0.01,0.0001,1.0097,0.53006,4175
59,8,age_bin,ema_lr5e-2,0.05,0.0001,0.3526,0.96263,4175
59,8,age_bin,ema_lr1e-2_wd1e-3,0.01,0.001,0.97205,0.54874,4175
59,8,age_bin,ema_d0.99,0.01,0.0001,1.03863,0.51281,4175
59,8,age_bin,ema_d0.9999,0.01,0.0001,1.0145,0.52072,4175
59,8,age_bin,mlp_h16,0.001,0.0,0.00862,1.0,4175
59,8,age_bin,mlp_h32,0.001,0.0,0.00225,1.0,4175
59,8,age_bin,mlp_h64,0.001,0.0,0.00056,1.0,4175
59,8,age_bin,mlp_h128,0.001,0.0,0.00024,1.0,4175
59,8,age_bin,attention,0.0001,1e-05,0.0,1.0,4175
59,8,age_bin,shuffled,0.01,0.0001,0.99401,0.52766,4175
59,8,gender,ema_lr1e-3,0.001,0.0001,0.96945,0.48407,4175
59,8,gender,ema_lr5e-3,0.005,0.0001,0.93331,0.48024,4175
59,8,gender,ema_lr1e-2,0.01,0.0001,0.85962,0.49725,4175
59,8,gender,ema_lr5e-2,0.05,0.0001,1.01762,0.51617,4175
59,8,gender,ema_lr1e-2_wd1e-3,0.01,0.001,0.88398,0.47497,4175
59,8,gender,ema_d0.99,0.01,0.0001,0.78962,0.54707,4175
59,8,gender,ema_d0.9999,0.01,0.0001,0.84552,0.49341,4175
59,8,gender,mlp_h16,0.001,0.0,0.69334,0.52168,4175
59,8,gender,mlp_h32,0.001,0.0,0.69259,0.52431,4175
59,8,gender,mlp_h64,0.001,0.0,0.68954,0.54994,4175
59,8,gender,mlp_h128,0.001,0.0,0.69501,0.52814,4175
59,8,gender,attention,0.0001,1e-05,0.68569,0.57031,4175
59,8,gender,shuffled,0.01,0.0001,0.85112,0.49365,4175
59,8,star_sign,ema_lr1e-3,0.001,0.0001,3.11885,0.08335,4175
59,8,star_sign,ema_lr5e-3,0.005,0.0001,2.78,0.12719,4175
59,8,star_sign,ema_lr1e-2,0.01,0.0001,2.4956,0.18084,4175
59,8,star_sign,ema_lr5e-2,0.05,0.0001,1.05088,0.89772,4175
59,8,star_sign,ema_lr1e-2_wd1e-3,0.01,0.001,2.4526,0.18635,4175
59,8,star_sign,ema_d0.99,0.01,0.0001,2.47636,0.17461,4175
59,8,star_sign,ema_d0.9999,0.01,0.0001,2.47759,0.18802,4175
59,8,star_sign,mlp_h16,0.001,0.0,0.05181,0.96934,4175
59,8,star_sign,mlp_h32,0.001,0.0,0.00655,1.0,4175
59,8,star_sign,mlp_h64,0.001,0.0,0.00141,1.0,4175
59,8,star_sign,mlp_h128,0.001,0.0,0.00014,1.0,4175
59,8,star_sign,attention,0.0001,1e-05,0.0,1.0,4175
59,8,star_sign,shuffled,0.01,0.0001,2.4996,0.17389,4175
59,12,age_bin,ema_lr1e-3,0.001,0.0001,1.44364,0.33725,4175
59,12,age_bin,ema_lr5e-3,0.005,0.0001,1.22858,0.41581,4175
59,12,age_bin,ema_lr1e-2,0.01,0.0001,1.02948,0.51234,4175
59,12,age_bin,ema_lr5e-2,0.05,0.0001,0.36308,0.96695,4175
59,12,age_bin,ema_lr1e-2_wd1e-3,0.01,0.001,1.02987,0.5109,4175
59,12,age_bin,ema_d0.99,0.01,0.0001,1.00861,0.5224,4175
59,12,age_bin,ema_d0.9999,0.01,0.0001,1.02726,0.51114,4175
59,12,age_bin,mlp_h16,0.001,0.0,0.0038,1.0,4175
59,12,age_bin,mlp_h32,0.001,0.0,0.00267,1.0,4175
59,12,age_bin,mlp_h64,0.001,0.0,0.0018,1.0,4175
59,12,age_bin,mlp_h128,0.001,0.0,0.00027,1.0,4175
59,12,age_bin,attention,0.0001,1e-05,0.00041,1.0,4175
59,12,age_bin,shuffled,0.01,0.0001,0.96418,0.54515,4175
59,12,gender,ema_lr1e-3,0.001,0.0001,0.98047,0.50084,4175
59,12,gender,ema_lr5e-3,0.005,0.0001,0.86407,0.51521,4175
59,12,gender,ema_lr1e-2,0.01,0.0001,0.84962,0.50419,4175
59,12,gender,ema_lr5e-2,0.05,0.0001,0.89802,0.50467,4175
59,12,gender,ema_lr1e-2_wd1e-3,0.01,0.001,0.86403,0.48982,4175
59,12,gender,ema_d0.99,0.01,0.0001,0.82229,0.51665,4175
59,12,gender,ema_d0.9999,0.01,0.0001,0.84618,0.50563,4175
59,12,gender,mlp_h16,0.001,0.0,0.68723,0.53749,4175
59,12,gender,mlp_h32,0.001,0.0,0.68449,0.54084,4175
59,12,gender,mlp_h64,0.001,0.0,0.68867,0.5406,4175
59,12,gender,mlp_h128,0.001,0.0,0.68804,0.54299,4175
59,12,gender,attention,0.0001,1e-05,0.69679,0.54688,4175
59,12,gender,shuffled,0.01,0.0001,0.85645,0.49557,4175
59,12,star_sign,ema_lr1e-3,0.001,0.0001,3.12279,0.09772,4175
59,12,star_sign,ema_lr5e-3,0.005,0.0001,2.79239,0.14371,4175
59,12,star_sign,ema_lr1e-2,0.01,0.0001,2.47614,0.1885,4175
59,12,star_sign,ema_lr5e-2,0.05,0.0001,0.98527,0.87737,4175
59,12,star_sign,ema_lr1e-2_wd1e-3,0.01,0.001,2.52149,0.16383,4175
59,12,star_sign,ema_d0.99,0.01,0.0001,2.49074,0.1715,4175
59,12,star_sign,ema_d0.9999,0.01,0.0001,2.54618,0.18754,4175
59,12,star_sign,mlp_h16,0.001,0.0,0.02564,1.0,4175
59,12,star_sign,mlp_h32,0.001,0.0,0.00842,1.0,4175
59,12,star_sign,mlp_h64,0.001,0.0,0.00115,1.0,4175
59,12,star_sign,mlp_h128,0.001,0.0,0.0003,1.0,4175
59,12,star_sign,attention,0.0001,1e-05,2e-05,1.0,4175
59,12,star_sign,shuffled,0.01,0.0001,2.50318,0.18395,4175
59,16,age_bin,ema_lr1e-3,0.001,0.0001,1.47839,0.35952,4175
59,16,age_bin,ema_lr5e-3,0.005,0.0001,1.25648,0.40431,4175
59,16,age_bin,ema_lr1e-2,0.01,0.0001,1.0093,0.54084,4175
59,16,age_bin,ema_lr5e-2,0.05,0.0001,0.33517,0.96383,4175
59,16,age_bin,ema_lr1e-2_wd1e-3,0.01,0.001,0.9878,0.55257,4175
59,16,age_bin,ema_d0.99,0.01,0.0001,1.04503,0.50922,4175
59,16,age_bin,ema_d0.9999,0.01,0.0001,0.98729,0.53772,4175
59,16,age_bin,mlp_h16,0.001,0.0,0.01473,1.0,4175
59,16,age_bin,mlp_h32,0.001,0.0,0.00304,1.0,4175
59,16,age_bin,mlp_h64,0.001,0.0,0.00053,1.0,4175
59,16,age_bin,mlp_h128,0.001,0.0,0.00025,1.0,4175
59,16,age_bin,attention,0.0001,1e-05,1e-05,1.0,4175
59,16,age_bin,shuffled,0.01,0.0001,1.01856,0.53246,4175
59,16,gender,ema_lr1e-3,0.001,0.0001,0.94368,0.5224,4175
59,16,gender,ema_lr5e-3,0.005,0.0001,0.90108,0.51952,4175
59,16,gender,ema_lr1e-2,0.01,0.0001,0.86037,0.51737,4175
59,16,gender,ema_lr5e-2,0.05,0.0001,0.84229,0.4982,4175
59,16,gender,ema_lr1e-2_wd1e-3,0.01,0.001,0.86259,0.50587,4175
59,16,gender,ema_d0.99,0.01,0.0001,0.85596,0.51928,4175
59,16,gender,ema_d0.9999,0.01,0.0001,0.83744,0.52527,4175
59,16,gender,mlp_h16,0.001,0.0,0.68962,0.54563,4175
59,16,gender,mlp_h32,0.001,0.0,0.69307,0.54228,4175
59,16,gender,mlp_h64,0.001,0.0,0.6911,0.54754,4175
59,16,gender,mlp_h128,0.001,0.0,0.68814,0.54754,4175
59,16,gender,attention,0.0001,1e-05,0.68235,0.57031,4175
59,16,gender,shuffled,0.01,0.0001,0.84531,0.49509,4175
59,16,star_sign,ema_lr1e-3,0.001,0.0001,3.12148,0.07928,4175
59,16,star_sign,ema_lr5e-3,0.005,0.0001,2.876,0.12144,4175
59,16,star_sign,ema_lr1e-2,0.01,0.0001,2.5159,0.19521,4175
59,16,star_sign,ema_lr5e-2,0.05,0.0001,0.93372,0.8685,4175
59,16,star_sign,ema_lr1e-2_wd1e-3,0.01,0.001,2.54155,0.18108,4175
59,16,star_sign,ema_d0.99,0.01,0.0001,2.50004,0.20311,4175
59,16,star_sign,ema_d0.9999,0.01,0.0001,2.4946,0.19976,4175
59,16,star_sign,mlp_h16,0.001,0.0,0.03242,1.0,4175
59,16,star_sign,mlp_h32,0.001,0.0,0.01256,1.0,4175
59,16,star_sign,mlp_h64,0.001,0.0,0.00361,1.0,4175
59,16,star_sign,mlp_h128,0.001,0.0,0.00038,1.0,4175
59,16,star_sign,attention,0.0001,1e-05,0.0,1.0,4175
59,16,star_sign,shuffled,0.01,0.0001,2.58749,0.1691,4175
60,0,age_bin,ema_lr1e-3,0.001,0.0001,1.42921,0.2875,3993
60,0,age_bin,ema_lr5e-3,0.005,0.0001,1.21168,0.51816,3993
60,0,age_bin,ema_lr1e-2,0.01,0.0001,0.99497,0.69146,3993
60,0,age_bin,ema_lr5e-2,0.05,0.0001,0.31039,0.97295,3993
60,0,age_bin,ema_lr1e-2_wd1e-3,0.01,0.001,0.9981,0.69772,3993
60,0,age_bin,ema_d0.99,0.01,0.0001,0.99483,0.65289,3993
60,0,age_bin,ema_d0.9999,0.01,0.0001,0.98613,0.70173,3993
60,0,age_bin,mlp_h16,0.001,0.0,0.00635,1.0,3993
60,0,age_bin,mlp_h32,0.001,0.0,0.00386,1.0,3993
60,0,age_bin,mlp_h64,0.001,0.0,0.00139,1.0,3993
60,0,age_bin,mlp_h128,0.001,0.0,0.00031,1.0,3993
60,0,age_bin,attention,0.0001,1e-05,0.77689,1.0,3993
60,0,age_bin,shuffled,0.01,0.0001,1.00159,0.68044,3993
60,0,gender,ema_lr1e-3,0.001,0.0001,0.96742,0.50764,3993
60,0,gender,ema_lr5e-3,0.005,0.0001,0.90902,0.50038,3993
60,0,gender,ema_lr1e-2,0.01,0.0001,0.84012,0.50764,3993
60,0,gender,ema_lr5e-2,0.05,0.0001,0.77247,0.54295,3993
60,0,gender,ema_lr1e-2_wd1e-3,0.01,0.001,0.84878,0.50413,3993
60,0,gender,ema_d0.99,0.01,0.0001,0.83585,0.47909,3993
60,0,gender,ema_d0.9999,0.01,0.0001,0.83201,0.49912,3993
60,0,gender,mlp_h16,0.001,0.0,0.69364,0.53118,3993
60,0,gender,mlp_h32,0.001,0.0,0.69126,0.53969,3993
60,0,gender,mlp_h64,0.001,0.0,0.69126,0.5164,3993
60,0,gender,mlp_h128,0.001,0.0,0.69137,0.53143,3993
60,0,gender,attention,0.0001,1e-05,0.69082,0.5625,3993
60,0,gender,shuffled,0.01,0.0001,0.84154,0.51014,3993
60,0,star_sign,ema_lr1e-3,0.001,0.0001,3.14295,0.05334,3993
60,0,star_sign,ema_lr5e-3,0.005,0.0001,2.84913,0.24067,3993
60,0,star_sign,ema_lr1e-2,0.01,0.0001,2.49785,0.33208,3993
60,0,star_sign,ema_lr5e-2,0.05,0.0001,0.86525,0.9151,3993
60,0,star_sign,ema_lr1e-2_wd1e-3,0.01,0.001,2.53541,0.32056,3993
60,0,star_sign,ema_d0.99,0.01,0.0001,2.51048,0.34961,3993
60,0,star_sign,ema_d0.9999,0.01,0.0001,2.52436,0.40746,3993
60,0,star_sign,mlp_h16,0.001,0.0,0.02064,1.0,3993
60,0,star_sign,mlp_h32,0.001,0.0,0.00771,1.0,3993
60,0,star_sign,mlp_h64,0.001,0.0,0.00227,1.0,3993
60,0,star_sign,mlp_h128,0.001,0.0,0.00045,1.0,3993
60,0,star_sign,attention,0.0001,1e-05,1.97642,1.0,3993
60,0,star_sign,shuffled,0.01,0.0001,2.50758,0.36364,3993
60,4,age_bin,ema_lr1e-3,0.001,0.0001,1.36478,0.37165,3993
60,4,age_bin,ema_lr5e-3,0.005,0.0001,1.17294,0.42449,3993
60,4,age_bin,ema_lr1e-2,0.01,0.0001,1.0202,0.51165,3993
60,4,age_bin,ema_lr5e-2,0.05,0.0001,0.5847,0.83897,3993
60,4,age_bin,ema_lr1e-2_wd1e-3,0.01,0.001,0.97426,0.55773,3993
60,4,age_bin,ema_d0.99,0.01,0.0001,0.94536,0.57225,3993
60,4,age_bin,ema_d0.9999,0.01,0.0001,0.9852,0.54821,3993
60,4,age_bin,mlp_h16,0.001,0.0,0.00436,1.0,3993
60,4,age_bin,mlp_h32,0.001,0.0,0.00276,1.0,3993
60,4,age_bin,mlp_h64,0.001,0.0,0.00035,1.0,3993
60,4,age_bin,mlp_h128,0.001,0.0,0.00012,1.0,3993
60,4,age_bin,attention,0.0001,1e-05,0.0,1.0,3993
60,4,age_bin,shuffled,0.01,0.0001,0.98858,0.53318,3993
60,4,gender,ema_lr1e-3,0.001,0.0001,0.95079,0.4836,3993
60,4,gender,ema_lr5e-3,0.005,0.0001,0.86718,0.50063,3993
60,4,gender,ema_lr1e-2,0.01,0.0001,0.85778,0.48385,3993
60,4,gender,ema_lr5e-2,0.05,0.0001,1.07149,0.45605,3993
60,4,gender,ema_lr1e-2_wd1e-3,0.01,0.001,0.80107,0.52767,3993
60,4,gender,ema_d0.99,0.01,0.0001,0.83648,0.51565,3993
60,4,gender,ema_d0.9999,0.01,0.0001,0.84104,0.51766,3993
60,4,gender,mlp_h16,0.001,0.0,0.68612,0.5407,3993
60,4,gender,mlp_h32,0.001,0.0,0.68979,0.52918,3993
60,4,gender,mlp_h64,0.001,0.0,0.6928,0.53669,3993
60,4,gender,mlp_h128,0.001,0.0,0.6712,0.58628,3993
60,4,gender,attention,0.0001,1e-05,0.69799,0.51562,3993
60,4,gender,shuffled,0.01,0.0001,0.85927,0.50589,3993
60,4,star_sign,ema_lr1e-3,0.001,0.0001,3.03643,0.0829,3993
60,4,star_sign,ema_lr5e-3,0.005,0.0001,2.68485,0.1455,3993
60,4,star_sign,ema_lr1e-2,0.01,0.0001,2.37062,0.21237,3993
60,4,star_sign,ema_lr5e-2,0.05,0.0001,1.1077,0.92888,3993
60,4,star_sign,ema_lr1e-2_wd1e-3,0.01,0.001,2.38378,0.21588,3993
60,4,star_sign,ema_d0.99,0.01,0.0001,2.4126,0.20536,3993
60,4,star_sign,ema_d0.9999,0.01,0.0001,2.43248,0.19609,3993
60,4,star_sign,mlp_h16,0.001,0.0,0.01294,1.0,3993
60,4,star_sign,mlp_h32,0.001,0.0,0.00437,1.0,3993
60,4,star_sign,mlp_h64,0.001,0.0,0.00116,1.0,3993
60,4,star_sign,mlp_h128,0.001,0.0,7e-05,1.0,3993
60,4,star_sign,attention,0.0001,1e-05,0.00023,1.0,3993
60,4,star_sign,shuffled,0.01,0.0001,2.40076,0.21362,3993
60,8,age_bin,ema_lr1e-3,0.001,0.0001,1.41753,0.35612,3993
60,8,age_bin,ema_lr5e-3,0.005,0.0001,1.24132,0.41197,3993
60,8,age_bin,ema_lr1e-2,0.01,0.0001,0.97624,0.56148,3993
60,8,age_bin,ema_lr5e-2,0.05,0.0001,0.39072,0.95768,3993
60,8,age_bin,ema_lr1e-2_wd1e-3,0.01,0.001,0.99253,0.53769,3993
60,8,age_bin,ema_d0.99,0.01,0.0001,1.00647,0.52116,3993
60,8,age_bin,ema_d0.9999,0.01,0.0001,1.00955,0.53819,3993
60,8,age_bin,mlp_h16,0.001,0.0,0.00792,1.0,3993
60,8,age_bin,mlp_h32,0.001,0.0,0.00215,1.0,3993
60,8,age_bin,mlp_h64,0.001,0.0,0.00054,1.0,3993
60,8,age_bin,mlp_h128,0.001,0.0,0.00023,1.0,3993
60,8,age_bin,attention,0.0001,1e-05,0.0,1.0,3993
60,8,age_bin,shuffled,0.01,0.0001,0.98602,0.5412,3993
60,8,gender,ema_lr1e-3,0.001,0.0001,0.94957,0.50063,3993
60,8,gender,ema_lr5e-3,0.005,0.0001,0.86904,0.5139,3993
60,8,gender,ema_lr1e-2,0.01,0.0001,0.83037,0.5159,3993
60,8,gender,ema_lr5e-2,0.05,0.0001,0.95493,0.55798,3993
60,8,gender,ema_lr1e-2_wd1e-3,0.01,0.001,0.83868,0.50839,3993
60,8,gender,ema_d0.99,0.01,0.0001,0.84607,0.49386,3993
60,8,gender,ema_d0.9999,0.01,0.0001,0.82806,0.50739,3993
60,8,gender,mlp_h16,0.001,0.0,0.68446,0.54821,3993
60,8,gender,mlp_h32,0.001,0.0,0.68584,0.54245,3993
60,8,gender,mlp_h64,0.001,0.0,0.67869,0.56749,3993
60,8,gender,mlp_h128,0.001,0.0,0.688,0.53744,3993
60,8,gender,attention,0.0001,1e-05,0.69829,0.54688,3993
60,8,gender,shuffled,0.01,0.0001,0.84608,0.49687,3993
60,8,star_sign,ema_lr1e-3,0.001,0.0001,3.00432,0.09041,3993
60,8,star_sign,ema_lr5e-3,0.005,0.0001,2.72406,0.143,3993
60,8,star_sign,ema_lr1e-2,0.01,0.0001,2.42347,0.19735,3993
60,8,star_sign,ema_lr5e-2,0.05,0.0001,0.94317,0.87278,3993
60,8,star_sign,ema_lr1e-2_wd1e-3,0.01,0.001,2.4137,0.1991,3993
60,8,star_sign,ema_d0.99,0.01,0.0001,2.44439,0.19108,3993
60,8,star_sign,ema_d0.9999,0.01,0.0001,2.46735,0.18157,3993
60,8,star_sign,mlp_h16,0.001,0.0,0.05065,0.96844,3993
60,8,star_sign,mlp_h32,0.001,0.0,0.00608,1.0,3993
60,8,star_sign,mlp_h64,0.001,0.0,0.00134,1.0,3993
60,8,star_sign,mlp_h128,0.001,0.0,0.00012,1.0,3993
60,8,star_sign,attention,0.0001,1e-05,0.0,1.0,3993
60,8,star_sign,shuffled,0.01,0.0001,2.43643,0.17806,3993
60,12,age_bin,ema_lr1e-3,0.001,0.0001,1.42456,0.34911,3993
60,12,age_bin,ema_lr5e-3,0.005,0.0001,1.18313,0.43977,3993
60,12,age_bin,ema_lr1e-2,0.01,0.0001,1.0272,0.51089,3993
60,12,age_bin,ema_lr5e-2,0.05,0.0001,0.31222,0.98272,3993
60,12,age_bin,ema_lr1e-2_wd1e-3,0.01,0.001,1.00944,0.53644,3993
60,12,age_bin,ema_d0.99,0.01,0.0001,0.99828,0.52792,3993
60,12,age_bin,ema_d0.9999,0.01,0.0001,1.00386,0.51741,3993
60,12,age_bin,mlp_h16,0.001,0.0,0.00339,1.0,3993
60,12,age_bin,mlp_h32,0.001,0.0,0.00248,1.0,3993
60,12,age_bin,mlp_h64,0.001,0.0,0.00166,1.0,3993
60,12,age_bin,mlp_h128,0.001,0.0,0.00024,1.0,3993
60,12,age_bin,attention,0.0001,1e-05,0.0003,1.0,3993
60,12,age_bin,shuffled,0.01,0.0001,1.00431,0.52692,3993
60,12,gender,ema_lr1e-3,0.001,0.0001,0.99129,0.49762,3993
60,12,gender,ema_lr5e-3,0.005,0.0001,0.85533,0.51766,3993
60,12,gender,ema_lr1e-2,0.01,0.0001,0.82207,0.50664,3993
60,12,gender,ema_lr5e-2,0.05,0.0001,0.81585,0.57325,3993
60,12,gender,ema_lr1e-2_wd1e-3,0.01,0.001,0.83746,0.5144,3993
60,12,gender,ema_d0.99,0.01,0.0001,0.81127,0.52041,3993
60,12,gender,ema_d0.9999,0.01,0.0001,0.83496,0.52066,3993
60,12,gender,mlp_h16,0.001,0.0,0.67603,0.57075,3993
60,12,gender,mlp_h32,0.001,0.0,0.68314,0.5427,3993
60,12,gender,mlp_h64,0.001,0.0,0.68319,0.54746,3993
60,12,gender,mlp_h128,0.001,0.0,0.68752,0.53944,3993
60,12,gender,attention,0.0001,1e-05,0.70628,0.53125,3993
60,12,gender,shuffled,0.01,0.0001,0.834,0.51089,3993
60,12,star_sign,ema_lr1e-3,0.001,0.0001,3.09656,0.09767,3993
60,12,star_sign,ema_lr5e-3,0.005,0.0001,2.87503,0.13273,3993
60,12,star_sign,ema_lr1e-2,0.01,0.0001,2.44819,0.19083,3993
60,12,star_sign,ema_lr5e-2,0.05,0.0001,0.92568,0.87879,3993
60,12,star_sign,ema_lr1e-2_wd1e-3,0.01,0.001,2.42757,0.19234,3993
60,12,star_sign,ema_d0.99,0.01,0.0001,2.45729,0.18182,3993
60,12,star_sign,ema_d0.9999,0.01,0.0001,2.47584,0.19634,3993
60,12,star_sign,mlp_h16,0.001,0.0,0.02276,1.0,3993
60,12,star_sign,mlp_h32,0.001,0.0,0.00749,1.0,3993
60,12,star_sign,mlp_h64,0.001,0.0,0.00099,1.0,3993
60,12,star_sign,mlp_h128,0.001,0.0,0.00026,1.0,3993
60,12,star_sign,attention,0.0001,1e-05,3e-05,1.0,3993
60,12,star_sign,shuffled,0.01,0.0001,2.49185,0.19108,3993
60,16,age_bin,ema_lr1e-3,0.001,0.0001,1.53398,0.32156,3993
60,16,age_bin,ema_lr5e-3,0.005,0.0001,1.26037,0.4027,3993
60,16,age_bin,ema_lr1e-2,0.01,0.0001,1.00642,0.53293,3993
60,16,age_bin,ema_lr5e-2,0.05,0.0001,0.33009,0.9742,3993
60,16,age_bin,ema_lr1e-2_wd1e-3,0.01,0.001,1.03421,0.52292,3993
60,16,age_bin,ema_d0.99,0.01,0.0001,1.03622,0.51791,3993
60,16,age_bin,ema_d0.9999,0.01,0.0001,1.00499,0.52342,3993
60,16,age_bin,mlp_h16,0.001,0.0,0.0145,1.0,3993
60,16,age_bin,mlp_h32,0.001,0.0,0.00282,1.0,3993
60,16,age_bin,mlp_h64,0.001,0.0,0.00045,1.0,3993
60,16,age_bin,mlp_h128,0.001,0.0,0.00021,1.0,3993
60,16,age_bin,attention,0.0001,1e-05,0.0,1.0,3993
60,16,age_bin,shuffled,0.01,0.0001,0.98352,0.54545,3993
60,16,gender,ema_lr1e-3,0.001,0.0001,0.90181,0.52817,3993
60,16,gender,ema_lr5e-3,0.005,0.0001,0.8838,0.51841,3993
60,16,gender,ema_lr1e-2,0.01,0.0001,0.81482,0.53043,3993
60,16,gender,ema_lr5e-2,0.05,0.0001,0.773,0.53118,3993
60,16,gender,ema_lr1e-2_wd1e-3,0.01,0.001,0.83854,0.53143,3993
60,16,gender,ema_d0.99,0.01,0.0001,0.78662,0.53894,3993
60,16,gender,ema_d0.9999,0.01,0.0001,0.82311,0.52692,3993
60,16,gender,mlp_h16,0.001,0.0,0.69389,0.53694,3993
60,16,gender,mlp_h32,0.001,0.0,0.69178,0.52943,3993
60,16,gender,mlp_h64,0.001,0.0,0.69122,0.54621,3993
60,16,gender,mlp_h128,0.001,0.0,0.68877,0.5432,3993
60,16,gender,attention,0.0001,1e-05,0.68521,0.51562,3993
60,16,gender,shuffled,0.01,0.0001,0.83079,0.50563,3993
60,16,star_sign,ema_lr1e-3,0.001,0.0001,3.15013,0.07388,3993
60,16,star_sign,ema_lr5e-3,0.005,0.0001,2.73576,0.13148,3993
60,16,star_sign,ema_lr1e-2,0.01,0.0001,2.53104,0.18132,3993
60,16,star_sign,ema_lr5e-2,0.05,0.0001,0.89943,0.89331,3993
60,16,star_sign,ema_lr1e-2_wd1e-3,0.01,0.001,2.47294,0.19384,3993
60,16,star_sign,ema_d0.99,0.01,0.0001,2.46235,0.19985,3993
60,16,star_sign,ema_d0.9999,0.01,0.0001,2.55808,0.1718,3993
60,16,star_sign,mlp_h16,0.001,0.0,0.02826,1.0,3993
60,16,star_sign,mlp_h32,0.001,0.0,0.01112,1.0,3993
60,16,star_sign,mlp_h64,0.001,0.0,0.00313,1.0,3993
60,16,star_sign,mlp_h128,0.001,0.0,0.0003,1.0,3993
60,16,star_sign,attention,0.0001,1e-05,0.0,1.0,3993
60,16,star_sign,shuffled,0.01,0.0001,2.44249,0.18858,3993
61,0,age_bin,ema_lr1e-3,0.001,0.0001,1.47344,0.28709,4354
61,0,age_bin,ema_lr5e-3,0.005,0.0001,1.2273,0.53078,4354
61,0,age_bin,ema_lr1e-2,0.01,0.0001,0.9876,0.70005,4354
61,0,age_bin,ema_lr5e-2,0.05,0.0001,0.30476,0.97336,4354
61,0,age_bin,ema_lr1e-2_wd1e-3,0.01,0.001,0.99395,0.70533,4354
61,0,age_bin,ema_d0.99,0.01,0.0001,0.98147,0.67111,4354
61,0,age_bin,ema_d0.9999,0.01,0.0001,0.97078,0.71612,4354
61,0,age_bin,mlp_h16,0.001,0.0,0.00617,1.0,4354
61,0,age_bin,mlp_h32,0.001,0.0,0.00376,1.0,4354
61,0,age_bin,mlp_h64,0.001,0.0,0.00129,1.0,4354
61,0,age_bin,mlp_h128,0.001,0.0,0.0003,1.0,4354
61,0,age_bin,attention,0.0001,1e-05,0.77498,1.0,4354
61,0,age_bin,shuffled,0.01,0.0001,0.99715,0.68856,4354
61,0,gender,ema_lr1e-3,0.001,0.0001,0.93081,0.49816,4354
61,0,gender,ema_lr5e-3,0.005,0.0001,0.90568,0.49655,4354
61,0,gender,ema_lr1e-2,0.01,0.0001,0.83818,0.4961,4354
61,0,gender,ema_lr5e-2,0.05,0.0001,0.78419,0.54777,4354
61,0,gender,ema_lr1e-2_wd1e-3,0.01,0.001,0.81838,0.50505,4354
61,0,gender,ema_d0.99,0.01,0.0001,0.82915,0.49724,4354
61,0,gender,ema_d0.9999,0.01,0.0001,0.84073,0.49173,4354
61,0,gender,mlp_h16,0.001,0.0,0.69808,0.48944,4354
61,0,gender,mlp_h32,0.001,0.0,0.70629,0.47634,4354
61,0,gender,mlp_h64,0.001,0.0,0.7109,0.46233,4354
61,0,gender,mlp_h128,0.001,0.0,0.71236,0.48576,4354
61,0,gender,attention,0.0001,1e-05,0.69456,0.46875,4354
61,0,gender,shuffled,0.01,0.0001,0.85192,0.48668,4354
61,0,star_sign,ema_lr1e-3,0.001,0.0001,3.17247,0.0542,4354
61,0,star_sign,ema_lr5e-3,0.005,0.0001,2.81566,0.25563,4354
61,0,star_sign,ema_lr1e-2,0.01,0.0001,2.50106,0.3429,4354
61,0,star_sign,ema_lr5e-2,0.05,0.0001,0.86908,0.89986,4354
61,0,star_sign,ema_lr1e-2_wd1e-3,0.01,0.001,2.47975,0.32568,4354
61,0,star_sign,ema_d0.99,0.01,0.0001,2.47979,0.35714,4354
61,0,star_sign,ema_d0.9999,0.01,0.0001,2.50593,0.4265,4354
61,0,star_sign,mlp_h16,0.001,0.0,0.01973,1.0,4354
61,0,star_sign,mlp_h32,0.001,0.0,0.00742,1.0,4354
61,0,star_sign,mlp_h64,0.001,0.0,0.00219,1.0,4354
61,0,star_sign,mlp_h128,0.001,0.0,0.00037,1.0,4354
61,0,star_sign,attention,0.0001,1e-05,1.97467,1.0,4354
61,0,star_sign,shuffled,0.01,0.0001,2.4808,0.38585,4354
61,4,age_bin,ema_lr1e-3,0.001,0.0001,1.37655,0.36633,4354
61,4,age_bin,ema_lr5e-3,0.005,0.0001,1.21831,0.39435,4354
61,4,age_bin,ema_lr1e-2,0.01,0.0001,1.00815,0.53744,4354
61,4,age_bin,ema_lr5e-2,0.05,0.0001,0.36121,0.9559,4354
61,4,age_bin,ema_lr1e-2_wd1e-3,0.01,0.001,0.97984,0.54662,4354
61,4,age_bin,ema_d0.99,0.01,0.0001,0.99352,0.53652,4354
61,4,age_bin,ema_d0.9999,0.01,0.0001,0.98977,0.5379,4354
61,4,age_bin,mlp_h16,0.001,0.0,0.00422,1.0,4354
61,4,age_bin,mlp_h32,0.001,0.0,0.00265,1.0,4354
61,4,age_bin,mlp_h64,0.001,0.0,0.00033,1.0,4354
61,4,age_bin,mlp_h128,0.001,0.0,0.00011,1.0,4354
61,4,age_bin,attention,0.0001,1e-05,0.0,1.0,4354
61,4,age_bin,shuffled,0.01,0.0001,0.95553,0.56316,4354
61,4,gender,ema_lr1e-3,0.001,0.0001,0.96375,0.48852,4354
61,4,gender,ema_lr5e-3,0.005,0.0001,0.89288,0.48323,4354
61,4,gender,ema_lr1e-2,0.01,0.0001,0.86282,0.4938,4354
61,4,gender,ema_lr5e-2,0.05,0.0001,1.1854,0.41824,4354
61,4,gender,ema_lr1e-2_wd1e-3,0.01,0.001,0.84162,0.49678,4354
61,4,gender,ema_d0.99,0.01,0.0001,0.8503,0.49403,4354
61,4,gender,ema_d0.9999,0.01,0.0001,0.86889,0.50092,4354
61,4,gender,mlp_h16,0.001,0.0,0.70896,0.47726,4354
61,4,gender,mlp_h32,0.001,0.0,0.697,0.50345,4354
61,4,gender,mlp_h64,0.001,0.0,0.69689,0.50873,4354
61,4,gender,mlp_h128,0.001,0.0,0.73397,0.45452,4354
61,4,gender,attention,0.0001,1e-05,0.7123,0.46094,4354
61,4,gender,shuffled,0.01,0.0001,0.86604,0.50436,4354
61,4,star_sign,ema_lr1e-3,0.001,0.0001,3.06603,0.08337,4354
61,4,star_sign,ema_lr5e-3,0.005,0.0001,2.69701,0.13436,4354
61,4,star_sign,ema_lr1e-2,0.01,0.0001,2.41394,0.2028,4354
61,4,star_sign,ema_lr5e-2,0.05,0.0001,0.96357,0.88654,4354
61,4,star_sign,ema_lr1e-2_wd1e-3,0.01,0.001,2.40507,0.20648,4354
61,4,star_sign,ema_d0.99,0.01,0.0001,2.44135,0.1927,4354
61,4,star_sign,ema_d0.9999,0.01,0.0001,2.39845,0.19568,4354
61,4,star_sign,mlp_h16,0.001,0.0,0.01227,1.0,4354
61,4,star_sign,mlp_h32,0.001,0.0,0.00424,1.0,4354
61,4,star_sign,mlp_h64,0.001,0.0,0.0011,1.0,4354
61,4,star_sign,mlp_h128,0.001,0.0,7e-05,1.0,4354
61,4,star_sign,attention,0.0001,1e-05,0.00042,1.0,4354
61,4,star_sign,shuffled,0.01,0.0001,2.42631,0.21383,4354
61,8,age_bin,ema_lr1e-3,0.001,0.0001,1.39125,0.36955,4354
61,8,age_bin,ema_lr5e-3,0.005,0.0001,1.20323,0.43294,4354
61,8,age_bin,ema_lr1e-2,0.01,0.0001,0.99559,0.54226,4354
61,8,age_bin,ema_lr5e-2,0.05,0.0001,0.55484,0.86679,4354
61,8,age_bin,ema_lr1e-2_wd1e-3,0.01,0.001,1.00487,0.51975,4354
61,8,age_bin,ema_d0.99,0.01,0.0001,0.9774,0.55168,4354
61,8,age_bin,ema_d0.9999,0.01,0.0001,0.98865,0.54364,4354
61,8,age_bin,mlp_h16,0.001,0.0,0.00792,1.0,4354
61,8,age_bin,mlp_h32,0.001,0.0,0.00223,1.0,4354
61,8,age_bin,mlp_h64,0.001,0.0,0.00057,1.0,4354
61,8,age_bin,mlp_h128,0.001,0.0,0.00025,1.0,4354
61,8,age_bin,attention,0.0001,1e-05,0.0,1.0,4354
61,8,age_bin,shuffled,0.01,0.0001,0.98334,0.54502,4354
61,8,gender,ema_lr1e-3,0.001,0.0001,0.89836,0.52113,4354
61,8,gender,ema_lr5e-3,0.005,0.0001,0.8952,0.49678,4354
61,8,gender,ema_lr1e-2,0.01,0.0001,0.85862,0.50138,4354
61,8,gender,ema_lr5e-2,0.05,0.0001,0.97589,0.53767,4354
61,8,gender,ema_lr1e-2_wd1e-3,0.01,0.001,0.86163,0.49839,4354
61,8,gender,ema_d0.99,0.01,0.0001,0.83835,0.51883,4354
61,8,gender,ema_d0.9999,0.01,0.0001,0.86535,0.48806,4354
61,8,gender,mlp_h16,0.001,0.0,0.7048,0.48852,4354
61,8,gender,mlp_h32,0.001,0.0,0.70668,0.49908,4354
61,8,gender,mlp_h64,0.001,0.0,0.73058,0.46624,4354
61,8,gender,mlp_h128,0.001,0.0,0.70424,0.50643,4354
61,8,gender,attention,0.0001,1e-05,0.69489,0.57031,4354
61,8,gender,shuffled,0.01,0.0001,0.87035,0.49885,4354
61,8,star_sign,ema_lr1e-3,0.001,0.0001,3.07592,0.08268,4354
61,8,star_sign,ema_lr5e-3,0.005,0.0001,2.72026,0.13803,4354
61,8,star_sign,ema_lr1e-2,0.01,0.0001,2.42097,0.19775,4354
61,8,star_sign,ema_lr5e-2,0.05,0.0001,1.0175,0.91824,4354
61,8,star_sign,ema_lr1e-2_wd1e-3,0.01,0.001,2.42047,0.21061,4354
61,8,star_sign,ema_d0.99,0.01,0.0001,2.4735,0.18489,4354
61,8,star_sign,ema_d0.9999,0.01,0.0001,2.418,0.2152,4354
61,8,star_sign,mlp_h16,0.001,0.0,0.046,0.97083,4354
61,8,star_sign,mlp_h32,0.001,0.0,0.00632,1.0,4354
61,8,star_sign,mlp_h64,0.001,0.0,0.00136,1.0,4354
61,8,star_sign,mlp_h128,0.001,0.0,0.00013,1.0,4354
61,8,star_sign,attention,0.0001,1e-05,0.0,1.0,4354
61,8,star_sign,shuffled,0.01,0.0001,2.42216,0.19775,4354
61,12,age_bin,ema_lr1e-3,0.001,0.0001,1.47629,0.33142,4354
61,12,age_bin,ema_lr5e-3,0.005,0.0001,1.23024,0.42283,4354
61,12,age_bin,ema_lr1e-2,0.01,0.0001,1.01487,0.51746,4354
61,12,age_bin,ema_lr5e-2,0.05,0.0001,0.30157,0.98254,4354
61,12,age_bin,ema_lr1e-2_wd1e-3,0.01,0.001,1.00694,0.53881,4354
61,12,age_bin,ema_d0.99,0.01,0.0001,0.97051,0.548,4354
61,12,age_bin,ema_d0.9999,0.01,0.0001,0.95613,0.55007,4354
61,12,age_bin,mlp_h16,0.001,0.0,0.00347,1.0,4354
61,12,age_bin,mlp_h32,0.001,0.0,0.00247,1.0,4354
61,12,age_bin,mlp_h64,0.001,0.0,0.00165,1.0,4354
61,12,age_bin,mlp_h128,0.001,0.0,0.00025,1.0,4354
61,12,age_bin,attention,0.0001,1e-05,0.00043,1.0,4354
61,12,age_bin,shuffled,0.01,0.0001,0.98551,0.54754,4354
61,12,gender,ema_lr1e-3,0.001,0.0001,0.97888,0.51814,4354
61,12,gender,ema_lr5e-3,0.005,0.0001,0.84779,0.51309,4354
61,12,gender,ema_lr1e-2,0.01,0.0001,0.88282,0.48415,4354
61,12,gender,ema_lr5e-2,0.05,0.0001,0.83588,0.53927,4354
61,12,gender,ema_lr1e-2_wd1e-3,0.01,0.001,0.84541,0.50161,4354
61,12,gender,ema_d0.99,0.01,0.0001,0.8317,0.50965,4354
61,12,gender,ema_d0.9999,0.01,0.0001,0.85258,0.50069,4354
61,12,gender,mlp_h16,0.001,0.0,0.71032,0.49196,4354
61,12,gender,mlp_h32,0.001,0.0,0.70493,0.50574,4354
61,12,gender,mlp_h64,0.001,0.0,0.71667,0.50046,4354
61,12,gender,mlp_h128,0.001,0.0,0.71516,0.49449,4354
61,12,gender,attention,0.0001,1e-05,0.70667,0.53906,4354
61,12,gender,shuffled,0.01,0.0001,0.84642,0.50299,4354
61,12,star_sign,ema_lr1e-3,0.001,0.0001,3.17708,0.08245,4354
61,12,star_sign,ema_lr5e-3,0.005,0.0001,2.79077,0.14355,4354
61,12,star_sign,ema_lr1e-2,0.01,0.0001,2.47046,0.18282,4354
61,12,star_sign,ema_lr5e-2,0.05,0.0001,0.91016,0.89848,4354
61,12,star_sign,ema_lr1e-2_wd1e-3,0.01,0.001,2.45302,0.18558,4354
61,12,star_sign,ema_d0.99,0.01,0.0001,2.49108,0.17501,4354
61,12,star_sign,ema_d0.9999,0.01,0.0001,2.55538,0.17869,4354
61,12,star_sign,mlp_h16,0.001,0.0,0.02281,1.0,4354
61,12,star_sign,mlp_h32,0.001,0.0,0.0075,1.0,4354
61,12,star_sign,mlp_h64,0.001,0.0,0.00105,1.0,4354
61,12,star_sign,mlp_h128,0.001,0.0,0.00028,1.0,4354
61,12,star_sign,attention,0.0001,1e-05,3e-05,1.0,4354
61,12,star_sign,shuffled,0.01,0.0001,2.41442,0.21658,4354
61,16,age_bin,ema_lr1e-3,0.001,0.0001,1.49849,0.33372,4354
61,16,age_bin,ema_lr5e-3,0.005,0.0001,1.25161,0.40078,4354
61,16,age_bin,ema_lr1e-2,0.01,0.0001,1.01962,0.51516,4354
61,16,age_bin,ema_lr5e-2,0.05,0.0001,0.31054,0.97611,4354
61,16,age_bin,ema_lr1e-2_wd1e-3,0.01,0.001,1.04524,0.5232,4354
61,16,age_bin,ema_d0.99,0.01,0.0001,0.99475,0.53514,4354
61,16,age_bin,ema_d0.9999,0.01,0.0001,0.97373,0.56201,4354
61,16,age_bin,mlp_h16,0.001,0.0,0.01446,1.0,4354
61,16,age_bin,mlp_h32,0.001,0.0,0.00317,1.0,4354
61,16,age_bin,mlp_h64,0.001,0.0,0.00053,1.0,4354
61,16,age_bin,mlp_h128,0.001,0.0,0.00026,1.0,4354
61,16,age_bin,attention,0.0001,1e-05,0.0,1.0,4354
61,16,age_bin,shuffled,0.01,0.0001,1.01124,0.53927,4354
61,16,gender,ema_lr1e-3,0.001,0.0001,1.08073,0.4582,4354
61,16,gender,ema_lr5e-3,0.005,0.0001,0.92033,0.51171,4354
61,16,gender,ema_lr1e-2,0.01,0.0001,0.87906,0.50023,4354
61,16,gender,ema_lr5e-2,0.05,0.0001,0.76064,0.54479,4354
61,16,gender,ema_lr1e-2_wd1e-3,0.01,0.001,0.82848,0.52549,4354
61,16,gender,ema_d0.99,0.01,0.0001,0.84267,0.51148,4354
61,16,gender,ema_d0.9999,0.01,0.0001,0.8748,0.49265,4354
61,16,gender,mlp_h16,0.001,0.0,0.71938,0.51746,4354
61,16,gender,mlp_h32,0.001,0.0,0.71907,0.51654,4354
61,16,gender,mlp_h64,0.001,0.0,0.71578,0.51034,4354
61,16,gender,mlp_h128,0.001,0.0,0.72049,0.49977,4354
61,16,gender,attention,0.0001,1e-05,0.69787,0.55469,4354
61,16,gender,shuffled,0.01,0.0001,0.85617,0.49793,4354
61,16,star_sign,ema_lr1e-3,0.001,0.0001,3.11679,0.0735,4354
61,16,star_sign,ema_lr5e-3,0.005,0.0001,2.76306,0.13275,4354
61,16,star_sign,ema_lr1e-2,0.01,0.0001,2.46605,0.20785,4354
61,16,star_sign,ema_lr5e-2,0.05,0.0001,0.88287,0.89642,4354
61,16,star_sign,ema_lr1e-2_wd1e-3,0.01,0.001,2.48016,0.20005,4354
61,16,star_sign,ema_d0.99,0.01,0.0001,2.5607,0.18535,4354
61,16,star_sign,ema_d0.9999,0.01,0.0001,2.53545,0.18558,4354
61,16,star_sign,mlp_h16,0.001,0.0,0.03031,1.0,4354
61,16,star_sign,mlp_h32,0.001,0.0,0.01189,1.0,4354
61,16,star_sign,mlp_h64,0.001,0.0,0.00348,1.0,4354
61,16,star_sign,mlp_h128,0.001,0.0,0.00037,1.0,4354
61,16,star_sign,attention,0.0001,1e-05,0.0,1.0,4354
61,16,star_sign,shuffled,0.01,0.0001,2.56056,0.16881,4354
62,0,age_bin,ema_lr1e-3,0.001,0.0001,1.46632,0.28907,3916
62,0,age_bin,ema_lr5e-3,0.005,0.0001,1.1881,0.55771,3916
62,0,age_bin,ema_lr1e-2,0.01,0.0001,0.98328,0.70199,3916
62,0,age_bin,ema_lr5e-2,0.05,0.0001,0.2968,0.97778,3916
62,0,age_bin,ema_lr1e-2_wd1e-3,0.01,0.001,0.97326,0.72549,3916
62,0,age_bin,ema_d0.99,0.01,0.0001,0.97662,0.67518,3916
62,0,age_bin,ema_d0.9999,0.01,0.0001,0.99535,0.69893,3916
62,0,age_bin,mlp_h16,0.001,0.0,0.00589,1.0,3916
62,0,age_bin,mlp_h32,0.001,0.0,0.00355,1.0,3916
62,0,age_bin,mlp_h64,0.001,0.0,0.00127,1.0,3916
62,0,age_bin,mlp_h128,0.001,0.0,0.0003,1.0,3916
62,0,age_bin,attention,0.0001,1e-05,0.76077,1.0,3916
62,0,age_bin,shuffled,0.01,0.0001,0.98378,0.69918,3916
62,0,gender,ema_lr1e-3,0.001,0.0001,0.92755,0.49974,3916
62,0,gender,ema_lr5e-3,0.005,0.0001,0.88654,0.50741,3916
62,0,gender,ema_lr1e-2,0.01,0.0001,0.82583,0.51379,3916
62,0,gender,ema_lr5e-2,0.05,0.0001,0.75705,0.50434,3916
62,0,gender,ema_lr1e-2_wd1e-3,0.01,0.001,0.84143,0.50026,3916
62,0,gender,ema_d0.99,0.01,0.0001,0.82091,0.50715,3916
62,0,gender,ema_d0.9999,0.01,0.0001,0.85155,0.49387,3916
62,0,gender,mlp_h16,0.001,0.0,0.69704,0.50051,3916
62,0,gender,mlp_h32,0.001,0.0,0.69929,0.50077,3916
62,0,gender,mlp_h64,0.001,0.0,0.69979,0.50817,3916
62,0,gender,mlp_h128,0.001,0.0,0.69889,0.50945,3916
62,0,gender,attention,0.0001,1e-05,0.694,0.48438,3916
62,0,gender,shuffled,0.01,0.0001,0.8323,0.49464,3916
62,0,star_sign,ema_lr1e-3,0.001,0.0001,3.17666,0.04954,3916
62,0,star_sign,ema_lr5e-3,0.005,0.0001,2.82079,0.25255,3916
62,0,star_sign,ema_lr1e-2,0.01,0.0001,2.50481,0.33963,3916
62,0,star_sign,ema_lr5e-2,0.05,0.0001,0.84177,0.91241,3916
62,0,star_sign,ema_lr1e-2_wd1e-3,0.01,0.001,2.45407,0.33197,3916
62,0,star_sign,ema_d0.99,0.01,0.0001,2.48036,0.35266,3916
62,0,star_sign,ema_d0.9999,0.01,0.0001,2.46822,0.43156,3916
62,0,star_sign,mlp_h16,0.001,0.0,0.01879,1.0,3916
62,0,star_sign,mlp_h32,0.001,0.0,0.00681,1.0,3916
62,0,star_sign,mlp_h64,0.001,0.0,0.00209,1.0,3916
62,0,star_sign,mlp_h128,0.001,0.0,0.00036,1.0,3916
62,0,star_sign,attention,0.0001,1e-05,1.9489,1.0,3916
62,0,star_sign,shuffled,0.01,0.0001,2.49668,0.38381,3916
62,4,age_bin,ema_lr1e-3,0.001,0.0001,1.43624,0.3427,3916
62,4,age_bin,ema_lr5e-3,0.005,0.0001,1.17938,0.41037,3916
62,4,age_bin,ema_lr1e-2,0.01,0.0001,0.9768,0.55337,3916
62,4,age_bin,ema_lr5e-2,0.05,0.0001,0.40481,0.95455,3916
62,4,age_bin,ema_lr1e-2_wd1e-3,0.01,0.001,0.95434,0.56793,3916
62,4,age_bin,ema_d0.99,0.01,0.0001,0.94676,0.57916,3916
62,4,age_bin,ema_d0.9999,0.01,0.0001,0.97143,0.55695,3916
62,4,age_bin,mlp_h16,0.001,0.0,0.00422,1.0,3916
62,4,age_bin,mlp_h32,0.001,0.0,0.00262,1.0,3916
62,4,age_bin,mlp_h64,0.001,0.0,0.00034,1.0,3916
62,4,age_bin,mlp_h128,0.001,0.0,0.00011,1.0,3916
62,4,age_bin,attention,0.0001,1e-05,0.0,1.0,3916
62,4,age_bin,shuffled,0.01,0.0001,0.9277,0.57865,3916
62,4,gender,ema_lr1e-3,0.001,0.0001,0.97272,0.48698,3916
62,4,gender,ema_lr5e-3,0.005,0.0001,0.88798,0.49004,3916
62,4,gender,ema_lr1e-2,0.01,0.0001,0.86802,0.50536,3916
62,4,gender,ema_lr5e-2,0.05,0.0001,1.1507,0.51507,3916
62,4,gender,ema_lr1e-2_wd1e-3,0.01,0.001,0.8826,0.47829,3916
62,4,gender,ema_d0.99,0.01,0.0001,0.85513,0.50919,3916
62,4,gender,ema_d0.9999,0.01,0.0001,0.83677,0.50741,3916
62,4,gender,mlp_h16,0.001,0.0,0.70126,0.48953,3916
62,4,gender,mlp_h32,0.001,0.0,0.69845,0.50281,3916
62,4,gender,mlp_h64,0.001,0.0,0.70105,0.50843,3916
62,4,gender,mlp_h128,0.001,0.0,0.70335,0.49745,3916
62,4,gender,attention,0.0001,1e-05,0.73069,0.39062,3916
62,4,gender,shuffled,0.01,0.0001,0.84321,0.51966,3916
62,4,star_sign,ema_lr1e-3,0.001,0.0001,3.04079,0.08682,3916
62,4,star_sign,ema_lr5e-3,0.005,0.0001,2.7009,0.13023,3916
62,4,star_sign,ema_lr1e-2,0.01,0.0001,2.34999,0.21578,3916
62,4,star_sign,ema_lr5e-2,0.05,0.0001,1.08425,0.93744,3916
62,4,star_sign,ema_lr1e-2_wd1e-3,0.01,0.001,2.40113,0.21067,3916
62,4,star_sign,ema_d0.99,0.01,0.0001,2.36873,0.20838,3916
62,4,star_sign,ema_d0.9999,0.01,0.0001,2.41683,0.18693,3916
62,4,star_sign,mlp_h16,0.001,0.0,0.01172,1.0,3916
62,4,star_sign,mlp_h32,0.001,0.0,0.00416,1.0,3916
62,4,star_sign,mlp_h64,0.001,0.0,0.00112,1.0,3916
62,4,star_sign,mlp_h128,0.001,0.0,7e-05,1.0,3916
62,4,star_sign,attention,0.0001,1e-05,0.00037,1.0,3916
62,4,star_sign,shuffled,0.01,0.0001,2.40235,0.20735,3916
62,8,age_bin,ema_lr1e-3,0.001,0.0001,1.40777,0.36159,3916
62,8,age_bin,ema_lr5e-3,0.005,0.0001,1.24267,0.41624,3916
62,8,age_bin,ema_lr1e-2,0.01,0.0001,0.99544,0.54597,3916
62,8,age_bin,ema_lr5e-2,0.05,0.0001,0.36457,0.96578,3916
62,8,age_bin,ema_lr1e-2_wd1e-3,0.01,0.001,0.98165,0.53524,3916
62,8,age_bin,ema_d0.99,0.01,0.0001,1.02127,0.51507,3916
62,8,age_bin,ema_d0.9999,0.01,0.0001,0.99586,0.53371,3916
62,8,age_bin,mlp_h16,0.001,0.0,0.00718,1.0,3916
62,8,age_bin,mlp_h32,0.001,0.0,0.00207,1.0,3916
62,8,age_bin,mlp_h64,0.001,0.0,0.00051,1.0,3916
62,8,age_bin,mlp_h128,0.001,0.0,0.00022,1.0,3916
62,8,age_bin,attention,0.0001,1e-05,0.0,1.0,3916
62,8,age_bin,shuffled,0.01,0.0001,0.9712,0.54392,3916
62,8,gender,ema_lr1e-3,0.001,0.0001,0.96451,0.49362,3916
62,8,gender,ema_lr5e-3,0.005,0.0001,0.91669,0.48161,3916
62,8,gender,ema_lr1e-2,0.01,0.0001,0.86258,0.49208,3916
62,8,gender,ema_lr5e-2,0.05,0.0001,0.86775,0.49898,3916
62,8,gender,ema_lr1e-2_wd1e-3,0.01,0.001,0.84624,0.5046,3916
62,8,gender,ema_d0.99,0.01,0.0001,0.83918,0.50996,3916
62,8,gender,ema_d0.9999,0.01,0.0001,0.84844,0.49796,3916
62,8,gender,mlp_h16,0.001,0.0,0.70719,0.49387,3916
62,8,gender,mlp_h32,0.001,0.0,0.70725,0.49745,3916
62,8,gender,mlp_h64,0.001,0.0,0.7161,0.48596,3916
62,8,gender,mlp_h128,0.001,0.0,0.70789,0.48749,3916
62,8,gender,attention,0.0001,1e-05,0.68341,0.5625,3916
62,8,gender,shuffled,0.01,0.0001,0.84476,0.5046,3916
62,8,star_sign,ema_lr1e-3,0.001,0.0001,3.07109,0.09499,3916
62,8,star_sign,ema_lr5e-3,0.005,0.0001,2.72765,0.13075,3916
62,8,star_sign,ema_lr1e-2,0.01,0.0001,2.43723,0.19637,3916
62,8,star_sign,ema_lr5e-2,0.05,0.0001,0.88738,0.89607,3916
62,8,star_sign,ema_lr1e-2_wd1e-3,0.01,0.001,2.42701,0.19637,3916
62,8,star_sign,ema_d0.99,0.01,0.0001,2.49291,0.17926,3916
62,8,star_sign,ema_d0.9999,0.01,0.0001,2.42357,0.20633,3916
62,8,star_sign,mlp_h16,0.001,0.0,0.04536,0.99413,3916
62,8,star_sign,mlp_h32,0.001,0.0,0.00565,1.0,3916
62,8,star_sign,mlp_h64,0.001,0.0,0.0013,1.0,3916
62,8,star_sign,mlp_h128,0.001,0.0,0.00012,1.0,3916
62,8,star_sign,attention,0.0001,1e-05,0.0,1.0,3916
62,8,star_sign,shuffled,0.01,0.0001,2.41352,0.19331,3916
62,12,age_bin,ema_lr1e-3,0.001,0.0001,1.45778,0.31895,3916
62,12,age_bin,ema_lr5e-3,0.005,0.0001,1.21278,0.41394,3916
62,12,age_bin,ema_lr1e-2,0.01,0.0001,1.01673,0.51481,3916
62,12,age_bin,ema_lr5e-2,0.05,0.0001,0.29571,0.96425,3916
62,12,age_bin,ema_lr1e-2_wd1e-3,0.01,0.001,0.98027,0.53345,3916
62,12,age_bin,ema_d0.99,0.01,0.0001,0.9528,0.55924,3916
62,12,age_bin,ema_d0.9999,0.01,0.0001,0.99148,0.52554,3916
62,12,age_bin,mlp_h16,0.001,0.0,0.00335,1.0,3916
62,12,age_bin,mlp_h32,0.001,0.0,0.00243,1.0,3916
62,12,age_bin,mlp_h64,0.001,0.0,0.00162,1.0,3916
62,12,age_bin,mlp_h128,0.001,0.0,0.00026,1.0,3916
62,12,age_bin,attention,0.0001,1e-05,0.00066,1.0,3916
62,12,age_bin,shuffled,0.01,0.0001,0.98002,0.52273,3916
62,12,gender,ema_lr1e-3,0.001,0.0001,1.0012,0.47855,3916
62,12,gender,ema_lr5e-3,0.005,0.0001,0.86153,0.51711,3916
62,12,gender,ema_lr1e-2,0.01,0.0001,0.83451,0.50689,3916
62,12,gender,ema_lr5e-2,0.05,0.0001,0.81337,0.49642,3916
62,12,gender,ema_lr1e-2_wd1e-3,0.01,0.001,0.84547,0.50919,3916
62,12,gender,ema_d0.99,0.01,0.0001,0.87769,0.4737,3916
62,12,gender,ema_d0.9999,0.01,0.0001,0.87047,0.49234,3916
62,12,gender,mlp_h16,0.001,0.0,0.70706,0.49898,3916
62,12,gender,mlp_h32,0.001,0.0,0.70659,0.50689,3916
62,12,gender,mlp_h64,0.001,0.0,0.71021,0.50715,3916
62,12,gender,mlp_h128,0.001,0.0,0.70988,0.50026,3916
62,12,gender,attention,0.0001,1e-05,0.7342,0.53125,3916
62,12,gender,shuffled,0.01,0.0001,0.85555,0.49259,3916
62,12,star_sign,ema_lr1e-3,0.001,0.0001,3.12187,0.09295,3916
62,12,star_sign,ema_lr5e-3,0.005,0.0001,2.74118,0.14351,3916
62,12,star_sign,ema_lr1e-2,0.01,0.0001,2.41694,0.20072,3916
62,12,star_sign,ema_lr5e-2,0.05,0.0001,0.87628,0.89837,3916
62,12,star_sign,ema_lr1e-2_wd1e-3,0.01,0.001,2.47677,0.18871,3916
62,12,star_sign,ema_d0.99,0.01,0.0001,2.38827,0.20148,3916
62,12,star_sign,ema_d0.9999,0.01,0.0001,2.42846,0.20863,3916
62,12,star_sign,mlp_h16,0.001,0.0,0.02175,1.0,3916
62,12,star_sign,mlp_h32,0.001,0.0,0.00762,1.0,3916
62,12,star_sign,mlp_h64,0.001,0.0,0.00104,1.0,3916
62,12,star_sign,mlp_h128,0.001,0.0,0.00028,1.0,3916
62,12,star_sign,attention,0.0001,1e-05,5e-05,1.0,3916
62,12,star_sign,shuffled,0.01,0.0001,2.43017,0.20327,3916
62,16,age_bin,ema_lr1e-3,0.001,0.0001,1.46577,0.35215,3916
62,16,age_bin,ema_lr5e-3,0.005,0.0001,1.17666,0.44459,3916
62,16,age_bin,ema_lr1e-2,0.01,0.0001,0.9952,0.53601,3916
62,16,age_bin,ema_lr5e-2,0.05,0.0001,0.30671,0.97497,3916
62,16,age_bin,ema_lr1e-2_wd1e-3,0.01,0.001,0.99743,0.53958,3916
62,16,age_bin,ema_d0.99,0.01,0.0001,0.97216,0.54928,3916
62,16,age_bin,ema_d0.9999,0.01,0.0001,0.9608,0.55235,3916
62,16,age_bin,mlp_h16,0.001,0.0,0.01359,1.0,3916
62,16,age_bin,mlp_h32,0.001,0.0,0.00312,1.0,3916
62,16,age_bin,mlp_h64,0.001,0.0,0.00053,1.0,3916
62,16,age_bin,mlp_h128,0.001,0.0,0.00027,1.0,3916
62,16,age_bin,attention,0.0001,1e-05,1e-05,1.0,3916
62,16,age_bin,shuffled,0.01,0.0001,0.98096,0.53779,3916
62,16,gender,ema_lr1e-3,0.001,0.0001,0.99912,0.48723,3916
62,16,gender,ema_lr5e-3,0.005,0.0001,0.94407,0.47855,3916
62,16,gender,ema_lr1e-2,0.01,0.0001,0.85461,0.50945,3916
62,16,gender,ema_lr5e-2,0.05,0.0001,0.81856,0.48749,3916
62,16,gender,ema_lr1e-2_wd1e-3,0.01,0.001,0.89575,0.48315,3916
62,16,gender,ema_d0.99,0.01,0.0001,0.88845,0.48825,3916
62,16,gender,ema_d0.9999,0.01,0.0001,0.84855,0.50945,3916
62,16,gender,mlp_h16,0.001,0.0,0.72648,0.49566,3916
62,16,gender,mlp_h32,0.001,0.0,0.71629,0.50128,3916
62,16,gender,mlp_h64,0.001,0.0,0.71986,0.50051,3916
62,16,gender,mlp_h128,0.001,0.0,0.71734,0.50843,3916
62,16,gender,attention,0.0001,1e-05,0.7346,0.49219,3916
62,16,gender,shuffled,0.01,0.0001,0.84921,0.49642,3916
62,16,star_sign,ema_lr1e-3,0.001,0.0001,3.23511,0.07074,3916
62,16,star_sign,ema_lr5e-3,0.005,0.0001,2.83095,0.12615,3916
62,16,star_sign,ema_lr1e-2,0.01,0.0001,2.45258,0.19995,3916
62,16,star_sign,ema_lr5e-2,0.05,0.0001,0.87981,0.89505,3916
62,16,star_sign,ema_lr1e-2_wd1e-3,0.01,0.001,2.46007,0.20301,3916
62,16,star_sign,ema_d0.99,0.01,0.0001,2.42787,0.2048,3916
62,16,star_sign,ema_d0.9999,0.01,0.0001,2.39684,0.2191,3916
62,16,star_sign,mlp_h16,0.001,0.0,0.02789,1.0,3916
62,16,star_sign,mlp_h32,0.001,0.0,0.01184,1.0,3916
62,16,star_sign,mlp_h64,0.001,0.0,0.00344,1.0,3916
62,16,star_sign,mlp_h128,0.001,0.0,0.00031,1.0,3916
62,16,star_sign,attention,0.0001,1e-05,0.0,1.0,3916
62,16,star_sign,shuffled,0.01,0.0001,2.46625,0.18361,3916
63,0,age_bin,ema_lr1e-3,0.001,0.0001,1.50178,0.2813,3985
63,0,age_bin,ema_lr5e-3,0.005,0.0001,1.23554,0.55583,3985
63,0,age_bin,ema_lr1e-2,0.01,0.0001,0.99571,0.69235,3985
63,0,age_bin,ema_lr5e-2,0.05,0.0001,0.2946,0.9739,3985
63,0,age_bin,ema_lr1e-2_wd1e-3,0.01,0.001,0.96073,0.71393,3985
63,0,age_bin,ema_d0.99,0.01,0.0001,0.97553,0.66901,3985
63,0,age_bin,ema_d0.9999,0.01,0.0001,0.99225,0.70966,3985
63,0,age_bin,mlp_h16,0.001,0.0,0.00585,1.0,3985
63,0,age_bin,mlp_h32,0.001,0.0,0.00374,1.0,3985
63,0,age_bin,mlp_h64,0.001,0.0,0.00128,1.0,3985
63,0,age_bin,mlp_h128,0.001,0.0,0.00031,1.0,3985
63,0,age_bin,attention,0.0001,1e-05,0.75507,1.0,3985
63,0,age_bin,shuffled,0.01,0.0001,1.00502,0.68281,3985
63,0,gender,ema_lr1e-3,0.001,0.0001,0.91663,0.50765,3985
63,0,gender,ema_lr5e-3,0.005,0.0001,0.92557,0.48607,3985
63,0,gender,ema_lr1e-2,0.01,0.0001,0.8276,0.51593,3985
63,0,gender,ema_lr5e-2,0.05,0.0001,0.76068,0.51468,3985
63,0,gender,ema_lr1e-2_wd1e-3,0.01,0.001,0.83715,0.49912,3985
63,0,gender,ema_d0.99,0.01,0.0001,0.83199,0.51066,3985
63,0,gender,ema_d0.9999,0.01,0.0001,0.83394,0.50364,3985
63,0,gender,mlp_h16,0.001,0.0,0.69204,0.51443,3985
63,0,gender,mlp_h32,0.001,0.0,0.69289,0.52447,3985
63,0,gender,mlp_h64,0.001,0.0,0.69262,0.51895,3985
63,0,gender,mlp_h128,0.001,0.0,0.69376,0.52346,3985
63,0,gender,attention,0.0001,1e-05,0.6944,0.46875,3985
63,0,gender,shuffled,0.01,0.0001,0.84974,0.48959,3985
63,0,star_sign,ema_lr1e-3,0.001,0.0001,3.17269,0.04442,3985
63,0,star_sign,ema_lr5e-3,0.005,0.0001,2.78761,0.25872,3985
63,0,star_sign,ema_lr1e-2,0.01,0.0001,2.44364,0.33777,3985
63,0,star_sign,ema_lr5e-2,0.05,0.0001,0.83876,0.90364,3985
63,0,star_sign,ema_lr1e-2_wd1e-3,0.01,0.001,2.47625,0.34705,3985
63,0,star_sign,ema_d0.99,0.01,0.0001,2.50411,0.3463,3985
63,0,star_sign,ema_d0.9999,0.01,0.0001,2.46884,0.42233,3985
63,0,star_sign,mlp_h16,0.001,0.0,0.01731,1.0,3985
63,0,star_sign,mlp_h32,0.001,0.0,0.00742,1.0,3985
63,0,star_sign,mlp_h64,0.001,0.0,0.00211,1.0,3985
63,0,star_sign,mlp_h128,0.001,0.0,0.00041,1.0,3985
63,0,star_sign,attention,0.0001,1e-05,1.93862,1.0,3985
63,0,star_sign,shuffled,0.01,0.0001,2.46811,0.38168,3985
63,4,age_bin,ema_lr1e-3,0.001,0.0001,1.45122,0.34906,3985
63,4,age_bin,ema_lr5e-3,0.005,0.0001,1.19352,0.40427,3985
63,4,age_bin,ema_lr1e-2,0.01,0.0001,0.97747,0.56612,3985
63,4,age_bin,ema_lr5e-2,0.05,0.0001,0.65811,0.80251,3985
63,4,age_bin,ema_lr1e-2_wd1e-3,0.01,0.001,0.99238,0.53701,3985
63,4,age_bin,ema_d0.99,0.01,0.0001,0.94988,0.56562,3985
63,4,age_bin,ema_d0.9999,0.01,0.0001,0.97749,0.55207,3985
63,4,age_bin,mlp_h16,0.001,0.0,0.00406,1.0,3985
63,4,age_bin,mlp_h32,0.001,0.0,0.00251,1.0,3985
63,4,age_bin,mlp_h64,0.001,0.0,0.00033,1.0,3985
63,4,age_bin,mlp_h128,0.001,0.0,0.0001,1.0,3985
63,4,age_bin,attention,0.0001,1e-05,0.0,1.0,3985
63,4,age_bin,shuffled,0.01,0.0001,0.96144,0.55634,3985
63,4,gender,ema_lr1e-3,0.001,0.0001,0.94354,0.49912,3985
63,4,gender,ema_lr5e-3,0.005,0.0001,0.88788,0.49435,3985
63,4,gender,ema_lr1e-2,0.01,0.0001,0.8535,0.5069,3985
63,4,gender,ema_lr5e-2,0.05,0.0001,1.03812,0.52095,3985
63,4,gender,ema_lr1e-2_wd1e-3,0.01,0.001,0.86328,0.50138,3985
63,4,gender,ema_d0.99,0.01,0.0001,0.82777,0.5187,3985
63,4,gender,ema_d0.9999,0.01,0.0001,0.83389,0.51167,3985
63,4,gender,mlp_h16,0.001,0.0,0.68253,0.56412,3985
63,4,gender,mlp_h32,0.001,0.0,0.68327,0.56913,3985
63,4,gender,mlp_h64,0.001,0.0,0.68114,0.56512,3985
63,4,gender,mlp_h128,0.001,0.0,0.68572,0.55859,3985
63,4,gender,attention,0.0001,1e-05,0.72303,0.44531,3985
63,4,gender,shuffled,0.01,0.0001,0.8503,0.50013,3985
63,4,star_sign,ema_lr1e-3,0.001,0.0001,3.05144,0.0803,3985
63,4,star_sign,ema_lr5e-3,0.005,0.0001,2.69992,0.14555,3985
63,4,star_sign,ema_lr1e-2,0.01,0.0001,2.34431,0.21405,3985
63,4,star_sign,ema_lr5e-2,0.05,0.0001,0.94528,0.88482,3985
63,4,star_sign,ema_lr1e-2_wd1e-3,0.01,0.001,2.38693,0.20151,3985
63,4,star_sign,ema_d0.99,0.01,0.0001,2.36411,0.21029,3985
63,4,star_sign,ema_d0.9999,0.01,0.0001,2.43776,0.17817,3985
63,4,star_sign,mlp_h16,0.001,0.0,0.01079,1.0,3985
63,4,star_sign,mlp_h32,0.001,0.0,0.00401,1.0,3985
63,4,star_sign,mlp_h64,0.001,0.0,0.00105,1.0,3985
63,4,star_sign,mlp_h128,0.001,0.0,6e-05,1.0,3985
63,4,star_sign,attention,0.0001,1e-05,0.0004,1.0,3985
63,4,star_sign,shuffled,0.01,0.0001,2.41553,0.20803,3985
63,8,age_bin,ema_lr1e-3,0.001,0.0001,1.44782,0.35282,3985
63,8,age_bin,ema_lr5e-3,0.005,0.0001,1.25291,0.41631,3985
63,8,age_bin,ema_lr1e-2,0.01,0.0001,0.98136,0.55332,3985
63,8,age_bin,ema_lr5e-2,0.05,0.0001,0.33002,0.95634,3985
63,8,age_bin,ema_lr1e-2_wd1e-3,0.01,0.001,1.00377,0.51518,3985
63,8,age_bin,ema_d0.99,0.01,0.0001,0.98862,0.5458,3985
63,8,age_bin,ema_d0.9999,0.01,0.0001,0.97473,0.54253,3985
63,8,age_bin,mlp_h16,0.001,0.0,0.00742,1.0,3985
63,8,age_bin,mlp_h32,0.001,0.0,0.00224,1.0,3985
63,8,age_bin,mlp_h64,0.001,0.0,0.00056,1.0,3985
63,8,age_bin,mlp_h128,0.001,0.0,0.00025,1.0,3985
63,8,age_bin,attention,0.0001,1e-05,0.0,1.0,3985
63,8,age_bin,shuffled,0.01,0.0001,0.98698,0.54003,3985
63,8,gender,ema_lr1e-3,0.001,0.0001,0.92984,0.52146,3985
63,8,gender,ema_lr5e-3,0.005,0.0001,0.90803,0.4941,3985
63,8,gender,ema_lr1e-2,0.01,0.0001,0.87086,0.49009,3985
63,8,gender,ema_lr5e-2,0.05,0.0001,1.11224,0.52095,3985
63,8,gender,ema_lr1e-2_wd1e-3,0.01,0.001,0.8223,0.51167,3985
63,8,gender,ema_d0.99,0.01,0.0001,0.83015,0.51343,3985
63,8,gender,ema_d0.9999,0.01,0.0001,0.82202,0.51744,3985
63,8,gender,mlp_h16,0.001,0.0,0.68496,0.55533,3985
63,8,gender,mlp_h32,0.001,0.0,0.6861,0.54605,3985
63,8,gender,mlp_h64,0.001,0.0,0.69131,0.55157,3985
63,8,gender,mlp_h128,0.001,0.0,0.68884,0.55784,3985
63,8,gender,attention,0.0001,1e-05,0.67954,0.5625,3985
63,8,gender,shuffled,0.01,0.0001,0.85304,0.5054,3985
63,8,star_sign,ema_lr1e-3,0.001,0.0001,3.05773,0.09285,3985
63,8,star_sign,ema_lr5e-3,0.005,0.0001,2.80689,0.1212,3985
63,8,star_sign,ema_lr1e-2,0.01,0.0001,2.48395,0.18344,3985
63,8,star_sign,ema_lr5e-2,0.05,0.0001,0.9915,0.90013,3985
63,8,star_sign,ema_lr1e-2_wd1e-3,0.01,0.001,2.4732,0.17842,3985
63,8,star_sign,ema_d0.99,0.01,0.0001,2.44752,0.18344,3985
63,8,star_sign,ema_d0.9999,0.01,0.0001,2.43626,0.21029,3985
63,8,star_sign,mlp_h16,0.001,0.0,0.04325,0.99925,3985
63,8,star_sign,mlp_h32,0.001,0.0,0.00604,1.0,3985
63,8,star_sign,mlp_h64,0.001,0.0,0.00142,1.0,3985
63,8,star_sign,mlp_h128,0.001,0.0,0.00014,1.0,3985
63,8,star_sign,attention,0.0001,1e-05,0.0,1.0,3985
63,8,star_sign,shuffled,0.01,0.0001,2.4637,0.17942,3985
63,12,age_bin,ema_lr1e-3,0.001,0.0001,1.42419,0.35207,3985
63,12,age_bin,ema_lr5e-3,0.005,0.0001,1.1983,0.43212,3985
63,12,age_bin,ema_lr1e-2,0.01,0.0001,1.01054,0.53024,3985
63,12,age_bin,ema_lr5e-2,0.05,0.0001,0.34736,0.97265,3985
63,12,age_bin,ema_lr1e-2_wd1e-3,0.01,0.001,1.00915,0.51719,3985
63,12,age_bin,ema_d0.99,0.01,0.0001,0.99716,0.53852,3985
63,12,age_bin,ema_d0.9999,0.01,0.0001,0.99735,0.52396,3985
63,12,age_bin,mlp_h16,0.001,0.0,0.00334,1.0,3985
63,12,age_bin,mlp_h32,0.001,0.0,0.00238,1.0,3985
63,12,age_bin,mlp_h64,0.001,0.0,0.0016,1.0,3985
63,12,age_bin,mlp_h128,0.001,0.0,0.00025,1.0,3985
63,12,age_bin,attention,0.0001,1e-05,0.00047,1.0,3985
63,12,age_bin,shuffled,0.01,0.0001,1.01009,0.5345,3985
63,12,gender,ema_lr1e-3,0.001,0.0001,1.00425,0.49511,3985
63,12,gender,ema_lr5e-3,0.005,0.0001,0.90379,0.49235,3985
63,12,gender,ema_lr1e-2,0.01,0.0001,0.83616,0.5059,3985
63,12,gender,ema_lr5e-2,0.05,0.0001,0.94156,0.5064,3985
63,12,gender,ema_lr1e-2_wd1e-3,0.01,0.001,0.82239,0.5197,3985
63,12,gender,ema_d0.99,0.01,0.0001,0.8198,0.52547,3985
63,12,gender,ema_d0.9999,0.01,0.0001,0.87981,0.48833,3985
63,12,gender,mlp_h16,0.001,0.0,0.67921,0.55634,3985
63,12,gender,mlp_h32,0.001,0.0,0.68094,0.55207,3985
63,12,gender,mlp_h64,0.001,0.0,0.67935,0.56236,3985
63,12,gender,mlp_h128,0.001,0.0,0.68792,0.55358,3985
63,12,gender,attention,0.0001,1e-05,0.68861,0.57031,3985
63,12,gender,shuffled,0.01,0.0001,0.83654,0.50966,3985
63,12,star_sign,ema_lr1e-3,0.001,0.0001,3.18244,0.09435,3985
63,12,star_sign,ema_lr5e-3,0.005,0.0001,2.73927,0.14555,3985
63,12,star_sign,ema_lr1e-2,0.01,0.0001,2.46824,0.1867,3985
63,12,star_sign,ema_lr5e-2,0.05,0.0001,0.90509,0.8931,3985
63,12,star_sign,ema_lr1e-2_wd1e-3,0.01,0.001,2.47277,0.18695,3985
63,12,star_sign,ema_d0.99,0.01,0.0001,2.44182,0.1867,3985
63,12,star_sign,ema_d0.9999,0.01,0.0001,2.48632,0.201,3985
63,12,star_sign,mlp_h16,0.001,0.0,0.02152,1.0,3985
63,12,star_sign,mlp_h32,0.001,0.0,0.00725,1.0,3985
63,12,star_sign,mlp_h64,0.001,0.0,0.00103,1.0,3985
63,12,star_sign,mlp_h128,0.001,0.0,0.00028,1.0,3985
63,12,star_sign,attention,0.0001,1e-05,7e-05,1.0,3985
63,12,star_sign,shuffled,0.01,0.0001,2.44081,0.20301,3985
63,16,age_bin,ema_lr1e-3,0.001,0.0001,1.48508,0.3463,3985
63,16,age_bin,ema_lr5e-3,0.005,0.0001,1.23792,0.41882,3985
63,16,age_bin,ema_lr1e-2,0.01,0.0001,1.01082,0.53927,3985
63,16,age_bin,ema_lr5e-2,0.05,0.0001,0.30951,0.97842,3985
63,16,age_bin,ema_lr1e-2_wd1e-3,0.01,0.001,0.99177,0.54454,3985
63,16,age_bin,ema_d0.99,0.01,0.0001,0.93651,0.5739,3985
63,16,age_bin,ema_d0.9999,0.01,0.0001,1.0072,0.5473,3985
63,16,age_bin,mlp_h16,0.001,0.0,0.01302,1.0,3985
63,16,age_bin,mlp_h32,0.001,0.0,0.00316,1.0,3985
63,16,age_bin,mlp_h64,0.001,0.0,0.00053,1.0,3985
63,16,age_bin,mlp_h128,0.001,0.0,0.00028,1.0,3985
63,16,age_bin,attention,0.0001,1e-05,1e-05,1.0,3985
63,16,age_bin,shuffled,0.01,0.0001,1.02191,0.52296,3985
63,16,gender,ema_lr1e-3,0.001,0.0001,0.95555,0.49737,3985
63,16,gender,ema_lr5e-3,0.005,0.0001,0.93316,0.49661,3985
63,16,gender,ema_lr1e-2,0.01,0.0001,0.87361,0.49787,3985
63,16,gender,ema_lr5e-2,0.05,0.0001,0.77982,0.51568,3985
63,16,gender,ema_lr1e-2_wd1e-3,0.01,0.001,0.88409,0.48783,3985
63,16,gender,ema_d0.99,0.01,0.0001,0.80646,0.53676,3985
63,16,gender,ema_d0.9999,0.01,0.0001,0.83082,0.52522,3985
63,16,gender,mlp_h16,0.001,0.0,0.67792,0.55684,3985
63,16,gender,mlp_h32,0.001,0.0,0.68217,0.55508,3985
63,16,gender,mlp_h64,0.001,0.0,0.68058,0.55508,3985
63,16,gender,mlp_h128,0.001,0.0,0.67991,0.5601,3985
63,16,gender,attention,0.0001,1e-05,0.71387,0.51562,3985
63,16,gender,shuffled,0.01,0.0001,0.8428,0.50665,3985
63,16,star_sign,ema_lr1e-3,0.001,0.0001,3.13441,0.07478,3985
63,16,star_sign,ema_lr5e-3,0.005,0.0001,2.81943,0.12396,3985
63,16,star_sign,ema_lr1e-2,0.01,0.0001,2.44129,0.21079,3985
63,16,star_sign,ema_lr5e-2,0.05,0.0001,0.86589,0.89661,3985
63,16,star_sign,ema_lr1e-2_wd1e-3,0.01,0.001,2.5445,0.19322,3985
63,16,star_sign,ema_d0.99,0.01,0.0001,2.51554,0.19122,3985
63,16,star_sign,ema_d0.9999,0.01,0.0001,2.48739,0.20075,3985
63,16,star_sign,mlp_h16,0.001,0.0,0.02778,1.0,3985
63,16,star_sign,mlp_h32,0.001,0.0,0.01107,1.0,3985
63,16,star_sign,mlp_h64,0.001,0.0,0.00348,1.0,3985
63,16,star_sign,mlp_h128,0.001,0.0,0.00037,1.0,3985
63,16,star_sign,attention,0.0001,1e-05,0.0,1.0,3985
63,16,star_sign,shuffled,0.01,0.0001,2.50375,0.19222,3985
64,0,age_bin,ema_lr1e-3,0.001,0.0001,1.44622,0.28249,4301
64,0,age_bin,ema_lr5e-3,0.005,0.0001,1.20859,0.57661,4301
64,0,age_bin,ema_lr1e-2,0.01,0.0001,0.99293,0.70146,4301
64,0,age_bin,ema_lr5e-2,0.05,0.0001,0.29032,0.97745,4301
64,0,age_bin,ema_lr1e-2_wd1e-3,0.01,0.001,0.97669,0.71355,4301
64,0,age_bin,ema_d0.99,0.01,0.0001,0.95292,0.69867,4301
64,0,age_bin,ema_d0.9999,0.01,0.0001,0.98346,0.70681,4301
64,0,age_bin,mlp_h16,0.001,0.0,0.00567,1.0,4301
64,0,age_bin,mlp_h32,0.001,0.0,0.00341,1.0,4301
64,0,age_bin,mlp_h64,0.001,0.0,0.00125,1.0,4301
64,0,age_bin,mlp_h128,0.001,0.0,0.00031,1.0,4301
64,0,age_bin,attention,0.0001,1e-05,0.74787,1.0,4301
64,0,age_bin,shuffled,0.01,0.0001,0.96931,0.711,4301
64,0,gender,ema_lr1e-3,0.001,0.0001,0.9509,0.485,4301
64,0,gender,ema_lr5e-3,0.005,0.0001,0.87716,0.49779,4301
64,0,gender,ema_lr1e-2,0.01,0.0001,0.81867,0.49802,4301
64,0,gender,ema_lr5e-2,0.05,0.0001,0.7882,0.45269,4301
64,0,gender,ema_lr1e-2_wd1e-3,0.01,0.001,0.83677,0.50105,4301
64,0,gender,ema_d0.99,0.01,0.0001,0.81283,0.50477,4301
64,0,gender,ema_d0.9999,0.01,0.0001,0.8214,0.51639,4301
64,0,gender,mlp_h16,0.001,0.0,0.69793,0.48733,4301
64,0,gender,mlp_h32,0.001,0.0,0.69655,0.51267,4301
64,0,gender,mlp_h64,0.001,0.0,0.69537,0.52011,4301
64,0,gender,mlp_h128,0.001,0.0,0.69826,0.50872,4301
64,0,gender,attention,0.0001,1e-05,0.69615,0.39844,4301
64,0,gender,shuffled,0.01,0.0001,0.85393,0.47989,4301
64,0,star_sign,ema_lr1e-3,0.001,0.0001,3.1348,0.05371,4301
64,0,star_sign,ema_lr5e-3,0.005,0.0001,2.83072,0.24599,4301
64,0,star_sign,ema_lr1e-2,0.01,0.0001,2.45694,0.34969,4301
64,0,star_sign,ema_lr5e-2,0.05,0.0001,0.81285,0.91537,4301
64,0,star_sign,ema_lr1e-2_wd1e-3,0.01,0.001,2.44837,0.33899,4301
64,0,star_sign,ema_d0.99,0.01,0.0001,2.46633,0.36038,4301
64,0,star_sign,ema_d0.9999,0.01,0.0001,2.46845,0.42548,4301
64,0,star_sign,mlp_h16,0.001,0.0,0.0174,1.0,4301
64,0,star_sign,mlp_h32,0.001,0.0,0.00679,1.0,4301
64,0,star_sign,mlp_h64,0.001,0.0,0.00205,1.0,4301
64,0,star_sign,mlp_h128,0.001,0.0,0.00039,1.0,4301
64,0,star_sign,attention,0.0001,1e-05,1.92747,1.0,4301
64,0,star_sign,shuffled,0.01,0.0001,2.44128,0.38247,4301
64,4,age_bin,ema_lr1e-3,0.001,0.0001,1.41345,0.35387,4301
64,4,age_bin,ema_lr5e-3,0.005,0.0001,1.17088,0.41455,4301
64,4,age_bin,ema_lr1e-2,0.01,0.0001,0.96552,0.56824,4301
64,4,age_bin,ema_lr5e-2,0.05,0.0001,0.3643,0.96396,4301
64,4,age_bin,ema_lr1e-2_wd1e-3,0.01,0.001,0.92858,0.58335,4301
64,4,age_bin,ema_d0.99,0.01,0.0001,0.95453,0.57103,4301
64,4,age_bin,ema_d0.9999,0.01,0.0001,0.94802,0.57173,4301
64,4,age_bin,mlp_h16,0.001,0.0,0.00408,1.0,4301
64,4,age_bin,mlp_h32,0.001,0.0,0.00251,1.0,4301
64,4,age_bin,mlp_h64,0.001,0.0,0.00033,1.0,4301
64,4,age_bin,mlp_h128,0.001,0.0,0.00011,1.0,4301
64,4,age_bin,attention,0.0001,1e-05,0.0,1.0,4301
64,4,age_bin,shuffled,0.01,0.0001,0.95199,0.56661,4301
64,4,gender,ema_lr1e-3,0.001,0.0001,0.92998,0.50895,4301
64,4,gender,ema_lr5e-3,0.005,0.0001,0.85781,0.50128,4301
64,4,gender,ema_lr1e-2,0.01,0.0001,0.83839,0.52453,4301
64,4,gender,ema_lr5e-2,0.05,0.0001,1.08043,0.56196,4301
64,4,gender,ema_lr1e-2_wd1e-3,0.01,0.001,0.83991,0.4964,4301
64,4,gender,ema_d0.99,0.01,0.0001,0.82423,0.52151,4301
64,4,gender,ema_d0.9999,0.01,0.0001,0.84518,0.50663,4301
64,4,gender,mlp_h16,0.001,0.0,0.6975,0.50244,4301
64,4,gender,mlp_h32,0.001,0.0,0.69351,0.50825,4301
64,4,gender,mlp_h64,0.001,0.0,0.69701,0.51686,4301
64,4,gender,mlp_h128,0.001,0.0,0.71404,0.47338,4301
64,4,gender,attention,0.0001,1e-05,0.71238,0.47656,4301
64,4,gender,shuffled,0.01,0.0001,0.84562,0.49686,4301
64,4,star_sign,ema_lr1e-3,0.001,0.0001,3.03188,0.08835,4301
64,4,star_sign,ema_lr5e-3,0.005,0.0001,2.67956,0.14904,4301
64,4,star_sign,ema_lr1e-2,0.01,0.0001,2.33193,0.22088,4301
64,4,star_sign,ema_lr5e-2,0.05,0.0001,1.01143,0.94001,4301
64,4,star_sign,ema_lr1e-2_wd1e-3,0.01,0.001,2.35527,0.22297,4301
64,4,star_sign,ema_d0.99,0.01,0.0001,2.30677,0.23715,4301
64,4,star_sign,ema_d0.9999,0.01,0.0001,2.36033,0.20832,4301
64,4,star_sign,mlp_h16,0.001,0.0,0.01066,1.0,4301
64,4,star_sign,mlp_h32,0.001,0.0,0.00391,1.0,4301
64,4,star_sign,mlp_h64,0.001,0.0,0.00106,1.0,4301
64,4,star_sign,mlp_h128,0.001,0.0,7e-05,1.0,4301
64,4,star_sign,attention,0.0001,1e-05,0.00018,1.0,4301
64,4,star_sign,shuffled,0.01,0.0001,2.35965,0.22623,4301
64,8,age_bin,ema_lr1e-3,0.001,0.0001,1.43579,0.35364,4301
64,8,age_bin,ema_lr5e-3,0.005,0.0001,1.1955,0.44153,4301
64,8,age_bin,ema_lr1e-2,0.01,0.0001,0.95682,0.57336,4301
64,8,age_bin,ema_lr5e-2,0.05,0.0001,0.48507,0.91211,4301
64,8,age_bin,ema_lr1e-2_wd1e-3,0.01,0.001,0.98937,0.53615,4301
64,8,age_bin,ema_d0.99,0.01,0.0001,0.97562,0.54755,4301
64,8,age_bin,ema_d0.9999,0.01,0.0001,0.95142,0.56777,4301
64,8,age_bin,mlp_h16,0.001,0.0,0.00684,1.0,4301
64,8,age_bin,mlp_h32,0.001,0.0,0.00205,1.0,4301
64,8,age_bin,mlp_h64,0.001,0.0,0.00052,1.0,4301
64,8,age_bin,mlp_h128,0.001,0.0,0.00023,1.0,4301
64,8,age_bin,attention,0.0001,1e-05,0.0,1.0,4301
64,8,age_bin,shuffled,0.01,0.0001,0.98427,0.53755,4301
64,8,gender,ema_lr1e-3,0.001,0.0001,0.91729,0.52337,4301
64,8,gender,ema_lr5e-3,0.005,0.0001,0.88052,0.515,4301
64,8,gender,ema_lr1e-2,0.01,0.0001,0.81384,0.52406,4301
64,8,gender,ema_lr5e-2,0.05,0.0001,0.94687,0.45617,4301
64,8,gender,ema_lr1e-2_wd1e-3,0.01,0.001,0.85926,0.49221,4301
64,8,gender,ema_d0.99,0.01,0.0001,0.85478,0.48477,4301
64,8,gender,ema_d0.9999,0.01,0.0001,0.81458,0.51476,4301
64,8,gender,mlp_h16,0.001,0.0,0.69061,0.52662,4301
64,8,gender,mlp_h32,0.001,0.0,0.69282,0.52174,4301
64,8,gender,mlp_h64,0.001,0.0,0.70653,0.49198,4301
64,8,gender,mlp_h128,0.001,0.0,0.69238,0.5229,4301
64,8,gender,attention,0.0001,1e-05,0.67062,0.61719,4301
64,8,gender,shuffled,0.01,0.0001,0.85315,0.50616,4301
64,8,star_sign,ema_lr1e-3,0.001,0.0001,3.06526,0.08742,4301
64,8,star_sign,ema_lr5e-3,0.005,0.0001,2.73939,0.13625,4301
64,8,star_sign,ema_lr1e-2,0.01,0.0001,2.3913,0.21297,4301
64,8,star_sign,ema_lr5e-2,0.05,0.0001,0.92608,0.88817,4301
64,8,star_sign,ema_lr1e-2_wd1e-3,0.01,0.001,2.41919,0.20646,4301
64,8,star_sign,ema_d0.99,0.01,0.0001,2.43501,0.19391,4301
64,8,star_sign,ema_d0.9999,0.01,0.0001,2.37156,0.21879,4301
64,8,star_sign,mlp_h16,0.001,0.0,0.0374,1.0,4301
64,8,star_sign,mlp_h32,0.001,0.0,0.00562,1.0,4301
64,8,star_sign,mlp_h64,0.001,0.0,0.00131,1.0,4301
64,8,star_sign,mlp_h128,0.001,0.0,0.00013,1.0,4301
64,8,star_sign,attention,0.0001,1e-05,0.0,1.0,4301
64,8,star_sign,shuffled,0.01,0.0001,2.41305,0.20832,4301
64,12,age_bin,ema_lr1e-3,0.001,0.0001,1.44061,0.33922,4301
64,12,age_bin,ema_lr5e-3,0.005,0.0001,1.22711,0.42362,4301
64,12,age_bin,ema_lr1e-2,0.01,0.0001,0.98442,0.53894,4301
64,12,age_bin,ema_lr5e-2,0.05,0.0001,0.29785,0.98907,4301
64,12,age_bin,ema_lr1e-2_wd1e-3,0.01,0.001,1.00369,0.53057,4301
64,12,age_bin,ema_d0.99,0.01,0.0001,0.96778,0.54708,4301
64,12,age_bin,ema_d0.9999,0.01,0.0001,0.9728,0.53453,4301
64,12,age_bin,mlp_h16,0.001,0.0,0.00328,1.0,4301
64,12,age_bin,mlp_h32,0.001,0.0,0.00236,1.0,4301
64,12,age_bin,mlp_h64,0.001,0.0,0.00161,1.0,4301
64,12,age_bin,mlp_h128,0.001,0.0,0.00024,1.0,4301
64,12,age_bin,attention,0.0001,1e-05,0.00042,1.0,4301
64,12,age_bin,shuffled,0.01,0.0001,0.92089,0.57638,4301
64,12,gender,ema_lr1e-3,0.001,0.0001,0.96103,0.50802,4301
64,12,gender,ema_lr5e-3,0.005,0.0001,0.92887,0.48245,4301
64,12,gender,ema_lr1e-2,0.01,0.0001,0.82377,0.51128,4301
64,12,gender,ema_lr5e-2,0.05,0.0001,0.86245,0.48105,4301
64,12,gender,ema_lr1e-2_wd1e-3,0.01,0.001,0.86717,0.48733,4301
64,12,gender,ema_d0.99,0.01,0.0001,0.82143,0.51965,4301
64,12,gender,ema_d0.9999,0.01,0.0001,0.85262,0.4943,4301
64,12,gender,mlp_h16,0.001,0.0,0.69141,0.50849,4301
64,12,gender,mlp_h32,0.001,0.0,0.6871,0.52802,4301
64,12,gender,mlp_h64,0.001,0.0,0.69688,0.51058,4301
64,12,gender,mlp_h128,0.001,0.0,0.69934,0.51035,4301
64,12,gender,attention,0.0001,1e-05,0.70248,0.53125,4301
64,12,gender,shuffled,0.01,0.0001,0.85409,0.4957,4301
64,12,star_sign,ema_lr1e-3,0.001,0.0001,3.10577,0.10393,4301
64,12,star_sign,ema_lr5e-3,0.005,0.0001,2.76321,0.14206,4301
64,12,star_sign,ema_lr1e-2,0.01,0.0001,2.4424,0.2067,4301
64,12,star_sign,ema_lr5e-2,0.05,0.0001,0.88756,0.89584,4301
64,12,star_sign,ema_lr1e-2_wd1e-3,0.01,0.001,2.41821,0.19042,4301
64,12,star_sign,ema_d0.99,0.01,0.0001,2.45883,0.1874,4301
64,12,star_sign,ema_d0.9999,0.01,0.0001,2.41531,0.22251,4301
64,12,star_sign,mlp_h16,0.001,0.0,0.02015,1.0,4301
64,12,star_sign,mlp_h32,0.001,0.0,0.00705,1.0,4301
64,12,star_sign,mlp_h64,0.001,0.0,0.00101,1.0,4301
64,12,star_sign,mlp_h128,0.001,0.0,0.00027,1.0,4301
64,12,star_sign,attention,0.0001,1e-05,2e-05,1.0,4301
64,12,star_sign,shuffled,0.01,0.0001,2.42721,0.21321,4301
64,16,age_bin,ema_lr1e-3,0.001,0.0001,1.51929,0.33364,4301
64,16,age_bin,ema_lr5e-3,0.005,0.0001,1.19966,0.43339,4301
64,16,age_bin,ema_lr1e-2,0.01,0.0001,0.98153,0.54336,4301
64,16,age_bin,ema_lr5e-2,0.05,0.0001,0.30445,0.97907,4301
64,16,age_bin,ema_lr1e-2_wd1e-3,0.01,0.001,0.96957,0.54592,4301
64,16,age_bin,ema_d0.99,0.01,0.0001,0.98918,0.53964,4301
64,16,age_bin,ema_d0.9999,0.01,0.0001,0.96835,0.55359,4301
64,16,age_bin,mlp_h16,0.001,0.0,0.01335,1.0,4301
64,16,age_bin,mlp_h32,0.001,0.0,0.00303,1.0,4301
64,16,age_bin,mlp_h64,0.001,0.0,0.0005,1.0,4301
64,16,age_bin,mlp_h128,0.001,0.0,0.00027,1.0,4301
64,16,age_bin,attention,0.0001,1e-05,0.0,1.0,4301
64,16,age_bin,shuffled,0.01,0.0001,1.0271,0.53243,4301
64,16,gender,ema_lr1e-3,0.001,0.0001,0.91692,0.51407,4301
64,16,gender,ema_lr5e-3,0.005,0.0001,0.89472,0.5229,4301
64,16,gender,ema_lr1e-2,0.01,0.0001,0.89596,0.47966,4301
64,16,gender,ema_lr5e-2,0.05,0.0001,0.81923,0.49919,4301
64,16,gender,ema_lr1e-2_wd1e-3,0.01,0.001,0.84822,0.50337,4301
64,16,gender,ema_d0.99,0.01,0.0001,0.83585,0.51639,4301
64,16,gender,ema_d0.9999,0.01,0.0001,0.86274,0.49686,4301
64,16,gender,mlp_h16,0.001,0.0,0.69154,0.53034,4301
64,16,gender,mlp_h32,0.001,0.0,0.68914,0.54429,4301
64,16,gender,mlp_h64,0.001,0.0,0.69843,0.50802,4301
64,16,gender,mlp_h128,0.001,0.0,0.69877,0.4957,4301
64,16,gender,attention,0.0001,1e-05,0.74729,0.44531,4301
64,16,gender,shuffled,0.01,0.0001,0.82697,0.51011,4301
64,16,star_sign,ema_lr1e-3,0.001,0.0001,3.06331,0.09277,4301
64,16,star_sign,ema_lr5e-3,0.005,0.0001,2.79056,0.12718,4301
64,16,star_sign,ema_lr1e-2,0.01,0.0001,2.44237,0.19856,4301
64,16,star_sign,ema_lr5e-2,0.05,0.0001,0.86006,0.90026,4301
64,16,star_sign,ema_lr1e-2_wd1e-3,0.01,0.001,2.49669,0.19484,4301
64,16,star_sign,ema_d0.99,0.01,0.0001,2.43817,0.21786,4301
64,16,star_sign,ema_d0.9999,0.01,0.0001,2.4323,0.20809,4301
64,16,star_sign,mlp_h16,0.001,0.0,0.02703,1.0,4301
64,16,star_sign,mlp_h32,0.001,0.0,0.01112,1.0,4301
64,16,star_sign,mlp_h64,0.001,0.0,0.00341,1.0,4301
64,16,star_sign,mlp_h128,0.001,0.0,0.00033,1.0,4301
64,16,star_sign,attention,0.0001,1e-05,0.00019,1.0,4301
64,16,star_sign,shuffled,0.01,0.0001,2.5166,0.18438,4301
65,0,age_bin,ema_lr1e-3,0.001,0.0001,1.48687,0.28088,3991
65,0,age_bin,ema_lr5e-3,0.005,0.0001,1.19691,0.58482,3991
65,0,age_bin,ema_lr1e-2,0.01,0.0001,0.98287,0.69857,3991
65,0,age_bin,ema_lr5e-2,0.05,0.0001,0.27832,0.98296,3991
65,0,age_bin,ema_lr1e-2_wd1e-3,0.01,0.001,0.96846,0.71235,3991
65,0,age_bin,ema_d0.99,0.01,0.0001,0.9692,0.6873,3991
65,0,age_bin,ema_d0.9999,0.01,0.0001,0.97085,0.71962,3991
65,0,age_bin,mlp_h16,0.001,0.0,0.00557,1.0,3991
65,0,age_bin,mlp_h32,0.001,0.0,0.00348,1.0,3991
65,0,age_bin,mlp_h64,0.001,0.0,0.00124,1.0,3991
65,0,age_bin,mlp_h128,0.001,0.0,0.0003,1.0,3991
65,0,age_bin,attention,0.0001,1e-05,0.7481,1.0,3991
65,0,age_bin,shuffled,0.01,0.0001,0.97425,0.71386,3991
65,0,gender,ema_lr1e-3,0.001,0.0001,0.95686,0.49386,3991
65,0,gender,ema_lr5e-3,0.005,0.0001,0.89085,0.50489,3991
65,0,gender,ema_lr1e-2,0.01,0.0001,0.83879,0.50063,3991
65,0,gender,ema_lr5e-2,0.05,0.0001,0.7946,0.49937,3991
65,0,gender,ema_lr1e-2_wd1e-3,0.01,0.001,0.84141,0.49311,3991
65,0,gender,ema_d0.99,0.01,0.0001,0.82118,0.50464,3991
65,0,gender,ema_d0.9999,0.01,0.0001,0.84111,0.50213,3991
65,0,gender,mlp_h16,0.001,0.0,0.69393,0.51391,3991
65,0,gender,mlp_h32,0.001,0.0,0.69781,0.5114,3991
65,0,gender,mlp_h64,0.001,0.0,0.6966,0.51716,3991
65,0,gender,mlp_h128,0.001,0.0,0.6994,0.51892,3991
65,0,gender,attention,0.0001,1e-05,0.69407,0.46875,3991
65,0,gender,shuffled,0.01,0.0001,0.8402,0.49687,3991
65,0,star_sign,ema_lr1e-3,0.001,0.0001,3.15639,0.05086,3991
65,0,star_sign,ema_lr5e-3,0.005,0.0001,2.82576,0.24004,3991
65,0,star_sign,ema_lr1e-2,0.01,0.0001,2.44773,0.34803,3991
65,0,star_sign,ema_lr5e-2,0.05,0.0001,0.7994,0.91456,3991
65,0,star_sign,ema_lr1e-2_wd1e-3,0.01,0.001,2.45688,0.33375,3991
65,0,star_sign,ema_d0.99,0.01,0.0001,2.47065,0.3558,3991
65,0,star_sign,ema_d0.9999,0.01,0.0001,2.43603,0.43373,3991
65,0,star_sign,mlp_h16,0.001,0.0,0.01684,1.0,3991
65,0,star_sign,mlp_h32,0.001,0.0,0.0067,1.0,3991
65,0,star_sign,mlp_h64,0.001,0.0,0.00201,1.0,3991
65,0,star_sign,mlp_h128,0.001,0.0,0.00041,1.0,3991
65,0,star_sign,attention,0.0001,1e-05,1.924,1.0,3991
65,0,star_sign,shuffled,0.01,0.0001,2.44125,0.38687,3991
65,4,age_bin,ema_lr1e-3,0.001,0.0001,1.39532,0.36006,3991
65,4,age_bin,ema_lr5e-3,0.005,0.0001,1.1258,0.43373,3991
65,4,age_bin,ema_lr1e-2,0.01,0.0001,0.95166,0.56602,3991
65,4,age_bin,ema_lr5e-2,0.05,0.0001,0.32506,0.95791,3991
65,4,age_bin,ema_lr1e-2_wd1e-3,0.01,0.001,0.92021,0.59459,3991
65,4,age_bin,ema_d0.99,0.01,0.0001,0.93391,0.58081,3991
65,4,age_bin,ema_d0.9999,0.01,0.0001,0.96772,0.55725,3991
65,4,age_bin,mlp_h16,0.001,0.0,0.00395,1.0,3991
65,4,age_bin,mlp_h32,0.001,0.0,0.00238,1.0,3991
65,4,age_bin,mlp_h64,0.001,0.0,0.00032,1.0,3991
65,4,age_bin,mlp_h128,0.001,0.0,0.00011,1.0,3991
65,4,age_bin,attention,0.0001,1e-05,0.0,1.0,3991
65,4,age_bin,shuffled,0.01,0.0001,0.94595,0.57254,3991
65,4,gender,ema_lr1e-3,0.001,0.0001,0.93409,0.50263,3991
65,4,gender,ema_lr5e-3,0.005,0.0001,0.86503,0.50589,3991
65,4,gender,ema_lr1e-2,0.01,0.0001,0.8285,0.51842,3991
65,4,gender,ema_lr5e-2,0.05,0.0001,1.00674,0.52042,3991
65,4,gender,ema_lr1e-2_wd1e-3,0.01,0.001,0.81453,0.52167,3991
65,4,gender,ema_d0.99,0.01,0.0001,0.82708,0.51541,3991
65,4,gender,ema_d0.9999,0.01,0.0001,0.84835,0.5119,3991
65,4,gender,mlp_h16,0.001,0.0,0.6817,0.56327,3991
65,4,gender,mlp_h32,0.001,0.0,0.68237,0.55901,3991
65,4,gender,mlp_h64,0.001,0.0,0.68329,0.56051,3991
65,4,gender,mlp_h128,0.001,0.0,0.68579,0.54773,3991
65,4,gender,attention,0.0001,1e-05,0.71126,0.46875,3991
65,4,gender,shuffled,0.01,0.0001,0.85201,0.50113,3991
65,4,star_sign,ema_lr1e-3,0.001,0.0001,3.03404,0.08093,3991
65,4,star_sign,ema_lr5e-3,0.005,0.0001,2.66683,0.1343,3991
65,4,star_sign,ema_lr1e-2,0.01,0.0001,2.40039,0.20972,3991
65,4,star_sign,ema_lr5e-2,0.05,0.0001,0.88063,0.91305,3991
65,4,star_sign,ema_lr1e-2_wd1e-3,0.01,0.001,2.37767,0.21899,3991
65,4,star_sign,ema_d0.99,0.01,0.0001,2.36815,0.21198,3991
65,4,star_sign,ema_d0.9999,0.01,0.0001,2.3447,0.21273,3991
65,4,star_sign,mlp_h16,0.001,0.0,0.01025,1.0,3991
65,4,star_sign,mlp_h32,0.001,0.0,0.00383,1.0,3991
65,4,star_sign,mlp_h64,0.001,0.0,0.00104,1.0,3991
65,4,star_sign,mlp_h128,0.001,0.0,7e-05,1.0,3991
65,4,star_sign,attention,0.0001,1e-05,0.00049,1.0,3991
65,4,star_sign,shuffled,0.01,0.0001,2.35785,0.22851,3991
65,8,age_bin,ema_lr1e-3,0.001,0.0001,1.47082,0.34027,3991
65,8,age_bin,ema_lr5e-3,0.005,0.0001,1.22383,0.41944,3991
65,8,age_bin,ema_lr1e-2,0.01,0.0001,0.94996,0.56728,3991
65,8,age_bin,ema_lr5e-2,0.05,0.0001,0.33563,0.97244,3991
65,8,age_bin,ema_lr1e-2_wd1e-3,0.01,0.001,0.93738,0.57254,3991
65,8,age_bin,ema_d0.99,0.01,0.0001,0.95046,0.5773,3991
65,8,age_bin,ema_d0.9999,0.01,0.0001,0.97765,0.54748,3991
65,8,age_bin,mlp_h16,0.001,0.0,0.00654,1.0,3991
65,8,age_bin,mlp_h32,0.001,0.0,0.00193,1.0,3991
65,8,age_bin,mlp_h64,0.001,0.0,0.0005,1.0,3991
65,8,age_bin,mlp_h128,0.001,0.0,0.00022,1.0,3991
65,8,age_bin,attention,0.0001,1e-05,0.0,1.0,3991
65,8,age_bin,shuffled,0.01,0.0001,0.97007,0.54523,3991
65,8,gender,ema_lr1e-3,0.001,0.0001,0.9175,0.50864,3991
65,8,gender,ema_lr5e-3,0.005,0.0001,0.8538,0.52142,3991
65,8,gender,ema_lr1e-2,0.01,0.0001,0.83348,0.50814,3991
65,8,gender,ema_lr5e-2,0.05,0.0001,1.01677,0.54222,3991
65,8,gender,ema_lr1e-2_wd1e-3,0.01,0.001,0.81268,0.51867,3991
65,8,gender,ema_d0.99,0.01,0.0001,0.81725,0.52368,3991
65,8,gender,ema_d0.9999,0.01,0.0001,0.80449,0.54072,3991
65,8,gender,mlp_h16,0.001,0.0,0.68141,0.55249,3991
65,8,gender,mlp_h32,0.001,0.0,0.68068,0.55525,3991
65,8,gender,mlp_h64,0.001,0.0,0.68418,0.55299,3991
65,8,gender,mlp_h128,0.001,0.0,0.67891,0.56652,3991
65,8,gender,attention,0.0001,1e-05,0.6742,0.57031,3991
65,8,gender,shuffled,0.01,0.0001,0.83579,0.50539,3991
65,8,star_sign,ema_lr1e-3,0.001,0.0001,3.01085,0.10023,3991
65,8,star_sign,ema_lr5e-3,0.005,0.0001,2.79021,0.12879,3991
65,8,star_sign,ema_lr1e-2,0.01,0.0001,2.39936,0.2205,3991
65,8,star_sign,ema_lr5e-2,0.05,0.0001,0.9634,0.92383,3991
65,8,star_sign,ema_lr1e-2_wd1e-3,0.01,0.001,2.3864,0.19719,3991
65,8,star_sign,ema_d0.99,0.01,0.0001,2.42041,0.18767,3991
65,8,star_sign,ema_d0.9999,0.01,0.0001,2.36721,0.21523,3991
65,8,star_sign,mlp_h16,0.001,0.0,0.03573,1.0,3991
65,8,star_sign,mlp_h32,0.001,0.0,0.00538,1.0,3991
65,8,star_sign,mlp_h64,0.001,0.0,0.0012,1.0,3991
65,8,star_sign,mlp_h128,0.001,0.0,0.00012,1.0,3991
65,8,star_sign,attention,0.0001,1e-05,0.0,1.0,3991
65,8,star_sign,shuffled,0.01,0.0001,2.4057,0.21072,3991
65,12,age_bin,ema_lr1e-3,0.001,0.0001,1.43595,0.33626,3991
65,12,age_bin,ema_lr5e-3,0.005,0.0001,1.1937,0.42671,3991
65,12,age_bin,ema_lr1e-2,0.01,0.0001,0.95752,0.55274,3991
65,12,age_bin,ema_lr5e-2,0.05,0.0001,0.29581,0.95941,3991
65,12,age_bin,ema_lr1e-2_wd1e-3,0.01,0.001,0.98506,0.53671,3991
65,12,age_bin,ema_d0.99,0.01,0.0001,0.95576,0.54473,3991
65,12,age_bin,ema_d0.9999,0.01,0.0001,0.94028,0.57003,3991
65,12,age_bin,mlp_h16,0.001,0.0,0.00346,1.0,3991
65,12,age_bin,mlp_h32,0.001,0.0,0.0024,1.0,3991
65,12,age_bin,mlp_h64,0.001,0.0,0.00169,1.0,3991
65,12,age_bin,mlp_h128,0.001,0.0,0.00027,1.0,3991
65,12,age_bin,attention,0.0001,1e-05,0.00049,1.0,3991
65,12,age_bin,shuffled,0.01,0.0001,0.97421,0.55274,3991
65,12,gender,ema_lr1e-3,0.001,0.0001,0.98332,0.49311,3991
65,12,gender,ema_lr5e-3,0.005,0.0001,0.88989,0.49637,3991
65,12,gender,ema_lr1e-2,0.01,0.0001,0.79639,0.5342,3991
65,12,gender,ema_lr5e-2,0.05,0.0001,0.88642,0.52293,3991
65,12,gender,ema_lr1e-2_wd1e-3,0.01,0.001,0.8226,0.53019,3991
65,12,gender,ema_d0.99,0.01,0.0001,0.79158,0.53996,3991
65,12,gender,ema_d0.9999,0.01,0.0001,0.83521,0.50864,3991
65,12,gender,mlp_h16,0.001,0.0,0.67701,0.56602,3991
65,12,gender,mlp_h32,0.001,0.0,0.67919,0.56978,3991
65,12,gender,mlp_h64,0.001,0.0,0.6853,0.55049,3991
65,12,gender,mlp_h128,0.001,0.0,0.6912,0.53145,3991
65,12,gender,attention,0.0001,1e-05,0.68833,0.58594,3991
65,12,gender,shuffled,0.01,0.0001,0.85028,0.49737,3991
65,12,star_sign,ema_lr1e-3,0.001,0.0001,3.0711,0.09747,3991
65,12,star_sign,ema_lr5e-3,0.005,0.0001,2.85477,0.12503,3991
65,12,star_sign,ema_lr1e-2,0.01,0.0001,2.46614,0.19093,3991
65,12,star_sign,ema_lr5e-2,0.05,0.0001,0.88399,0.90303,3991
65,12,star_sign,ema_lr1e-2_wd1e-3,0.01,0.001,2.45728,0.18642,3991
65,12,star_sign,ema_d0.99,0.01,0.0001,2.40842,0.19694,3991
65,12,star_sign,ema_d0.9999,0.01,0.0001,2.47613,0.19744,3991
65,12,star_sign,mlp_h16,0.001,0.0,0.02066,1.0,3991
65,12,star_sign,mlp_h32,0.001,0.0,0.00735,1.0,3991
65,12,star_sign,mlp_h64,0.001,0.0,0.00106,1.0,3991
65,12,star_sign,mlp_h128,0.001,0.0,0.00031,1.0,3991
65,12,star_sign,attention,0.0001,1e-05,0.00015,1.0,3991
65,12,star_sign,shuffled,0.01,0.0001,2.4462,0.20296,3991
65,16,age_bin,ema_lr1e-3,0.001,0.0001,1.49627,0.33225,3991
65,16,age_bin,ema_lr5e-3,0.005,0.0001,1.25109,0.41393,3991
65,16,age_bin,ema_lr1e-2,0.01,0.0001,0.99087,0.54648,3991
65,16,age_bin,ema_lr5e-2,0.05,0.0001,0.2996,0.9772,3991
65,16,age_bin,ema_lr1e-2_wd1e-3,0.01,0.001,0.98876,0.54322,3991
65,16,age_bin,ema_d0.99,0.01,0.0001,0.97169,0.54823,3991
65,16,age_bin,ema_d0.9999,0.01,0.0001,0.96625,0.55099,3991
65,16,age_bin,mlp_h16,0.001,0.0,0.01228,1.0,3991
65,16,age_bin,mlp_h32,0.001,0.0,0.00305,1.0,3991
65,16,age_bin,mlp_h64,0.001,0.0,0.00052,1.0,3991
65,16,age_bin,mlp_h128,0.001,0.0,0.00027,1.0,3991
65,16,age_bin,attention,0.0001,1e-05,1e-05,1.0,3991
65,16,age_bin,shuffled,0.01,0.0001,0.97543,0.55174,3991
65,16,gender,ema_lr1e-3,0.001,0.0001,0.928,0.51341,3991
65,16,gender,ema_lr5e-3,0.005,0.0001,0.91139,0.51215,3991
65,16,gender,ema_lr1e-2,0.01,0.0001,0.80908,0.53019,3991
65,16,gender,ema_lr5e-2,0.05,0.0001,0.7732,0.52719,3991
65,16,gender,ema_lr1e-2_wd1e-3,0.01,0.001,0.8148,0.53195,3991
65,16,gender,ema_d0.99,0.01,0.0001,0.81777,0.5114,3991
65,16,gender,ema_d0.9999,0.01,0.0001,0.82378,0.52067,3991
65,16,gender,mlp_h16,0.001,0.0,0.68464,0.56878,3991
65,16,gender,mlp_h32,0.001,0.0,0.68135,0.5535,3991
65,16,gender,mlp_h64,0.001,0.0,0.68991,0.55525,3991
65,16,gender,mlp_h128,0.001,0.0,0.68764,0.55174,3991
65,16,gender,attention,0.0001,1e-05,0.69892,0.51562,3991
65,16,gender,shuffled,0.01,0.0001,0.86065,0.47682,3991
65,16,star_sign,ema_lr1e-3,0.001,0.0001,3.16744,0.07943,3991
65,16,star_sign,ema_lr5e-3,0.005,0.0001,2.81975,0.1115,3991
65,16,star_sign,ema_lr1e-2,0.01,0.0001,2.48476,0.19895,3991
65,16,star_sign,ema_lr5e-2,0.05,0.0001,0.85318,0.91155,3991
65,16,star_sign,ema_lr1e-2_wd1e-3,0.01,0.001,2.44624,0.21624,3991
65,16,star_sign,ema_d0.99,0.01,0.0001,2.45933,0.20722,3991
65,16,star_sign,ema_d0.9999,0.01,0.0001,2.48766,0.19193,3991
65,16,star_sign,mlp_h16,0.001,0.0,0.02675,1.0,3991
65,16,star_sign,mlp_h32,0.001,0.0,0.0117,1.0,3991
65,16,star_sign,mlp_h64,0.001,0.0,0.00323,1.0,3991
65,16,star_sign,mlp_h128,0.001,0.0,0.00038,1.0,3991
65,16,star_sign,attention,0.0001,1e-05,0.0,1.0,3991
65,16,star_sign,shuffled,0.01,0.0001,2.5093,0.17815,3991
66,0,age_bin,ema_lr1e-3,0.001,0.0001,1.47484,0.28422,4099
66,0,age_bin,ema_lr5e-3,0.005,0.0001,1.20376,0.58136,4099
66,0,age_bin,ema_lr1e-2,0.01,0.0001,0.97078,0.69846,4099
66,0,age_bin,ema_lr5e-2,0.05,0.0001,0.27411,0.98317,4099
66,0,age_bin,ema_lr1e-2_wd1e-3,0.01,0.001,0.96428,0.7214,4099
66,0,age_bin,ema_d0.99,0.01,0.0001,0.96056,0.69188,4099
66,0,age_bin,ema_d0.9999,0.01,0.0001,0.94214,0.71896,4099
66,0,age_bin,mlp_h16,0.001,0.0,0.00557,1.0,4099
66,0,age_bin,mlp_h32,0.001,0.0,0.00346,1.0,4099
66,0,age_bin,mlp_h64,0.001,0.0,0.0013,1.0,4099
66,0,age_bin,mlp_h128,0.001,0.0,0.0003,1.0,4099
66,0,age_bin,attention,0.0001,1e-05,0.7258,1.0,4099
66,0,age_bin,shuffled,0.01,0.0001,0.95349,0.71847,4099
66,0,gender,ema_lr1e-3,0.001,0.0001,0.93925,0.50476,4099
66,0,gender,ema_lr5e-3,0.005,0.0001,0.90742,0.5011,4099
66,0,gender,ema_lr1e-2,0.01,0.0001,0.82308,0.495,4099
66,0,gender,ema_lr5e-2,0.05,0.0001,0.78915,0.51086,4099
66,0,gender,ema_lr1e-2_wd1e-3,0.01,0.001,0.79987,0.505,4099
66,0,gender,ema_d0.99,0.01,0.0001,0.82922,0.49768,4099
66,0,gender,ema_d0.9999,0.01,0.0001,0.82925,0.50012,4099
66,0,gender,mlp_h16,0.001,0.0,0.69341,0.51232,4099
66,0,gender,mlp_h32,0.001,0.0,0.6967,0.51574,4099
66,0,gender,mlp_h64,0.001,0.0,0.70185,0.51525,4099
66,0,gender,mlp_h128,0.001,0.0,0.69685,0.51647,4099
66,0,gender,attention,0.0001,1e-05,0.69152,0.53906,4099
66,0,gender,shuffled,0.01,0.0001,0.84742,0.50598,4099
66,0,star_sign,ema_lr1e-3,0.001,0.0001,3.17576,0.04513,4099
66,0,star_sign,ema_lr5e-3,0.005,0.0001,2.78291,0.25201,4099
66,0,star_sign,ema_lr1e-2,0.01,0.0001,2.43015,0.35204,4099
66,0,star_sign,ema_lr5e-2,0.05,0.0001,0.77428,0.92657,4099
66,0,star_sign,ema_lr1e-2_wd1e-3,0.01,0.001,2.44357,0.33886,4099
66,0,star_sign,ema_d0.99,0.01,0.0001,2.44481,0.36667,4099
66,0,star_sign,ema_d0.9999,0.01,0.0001,2.4417,0.43864,4099
66,0,star_sign,mlp_h16,0.001,0.0,0.01659,1.0,4099
66,0,star_sign,mlp_h32,0.001,0.0,0.00669,1.0,4099
66,0,star_sign,mlp_h64,0.001,0.0,0.00213,1.0,4099
66,0,star_sign,mlp_h128,0.001,0.0,0.0004,1.0,4099
66,0,star_sign,attention,0.0001,1e-05,1.88964,1.0,4099
66,0,star_sign,shuffled,0.01,0.0001,2.41791,0.39278,4099
66,4,age_bin,ema_lr1e-3,0.001,0.0001,1.32614,0.3818,4099
66,4,age_bin,ema_lr5e-3,0.005,0.0001,1.17014,0.41669,4099
66,4,age_bin,ema_lr1e-2,0.01,0.0001,0.94437,0.5738,4099
66,4,age_bin,ema_lr5e-2,0.05,0.0001,0.54798,0.8829,4099
66,4,age_bin,ema_lr1e-2_wd1e-3,0.01,0.001,0.94558,0.57477,4099
66,4,age_bin,ema_d0.99,0.01,0.0001,0.94128,0.57575,4099
66,4,age_bin,ema_d0.9999,0.01,0.0001,0.94832,0.56746,4099
66,4,age_bin,mlp_h16,0.001,0.0,0.00398,1.0,4099
66,4,age_bin,mlp_h32,0.001,0.0,0.00244,1.0,4099
66,4,age_bin,mlp_h64,0.001,0.0,0.00034,1.0,4099
66,4,age_bin,mlp_h128,0.001,0.0,0.00011,1.0,4099
66,4,age_bin,attention,0.0001,1e-05,0.0,1.0,4099
66,4,age_bin,shuffled,0.01,0.0001,0.92659,0.57404,4099
66,4,gender,ema_lr1e-3,0.001,0.0001,0.91591,0.51305,4099
66,4,gender,ema_lr5e-3,0.005,0.0001,0.84573,0.51525,4099
66,4,gender,ema_lr1e-2,0.01,0.0001,0.82055,0.51891,4099
66,4,gender,ema_lr5e-2,0.05,0.0001,1.08911,0.51183,4099
66,4,gender,ema_lr1e-2_wd1e-3,0.01,0.001,0.80949,0.51866,4099
66,4,gender,ema_d0.99,0.01,0.0001,0.84108,0.50525,4099
66,4,gender,ema_d0.9999,0.01,0.0001,0.86313,0.49451,4099
66,4,gender,mlp_h16,0.001,0.0,0.68178,0.55111,4099
66,4,gender,mlp_h32,0.001,0.0,0.68355,0.54989,4099
66,4,gender,mlp_h64,0.001,0.0,0.68354,0.55453,4099
66,4,gender,mlp_h128,0.001,0.0,0.68361,0.55501,4099
66,4,gender,attention,0.0001,1e-05,0.69403,0.51562,4099
66,4,gender,shuffled,0.01,0.0001,0.88006,0.48524,4099
66,4,star_sign,ema_lr1e-3,0.001,0.0001,3.04863,0.07612,4099
66,4,star_sign,ema_lr5e-3,0.005,0.0001,2.6777,0.15028,4099
66,4,star_sign,ema_lr1e-2,0.01,0.0001,2.40472,0.21005,4099
66,4,star_sign,ema_lr5e-2,0.05,0.0001,1.02552,0.9395,4099
66,4,star_sign,ema_lr1e-2_wd1e-3,0.01,0.001,2.40105,0.21273,4099
66,4,star_sign,ema_d0.99,0.01,0.0001,2.35268,0.21713,4099
66,4,star_sign,ema_d0.9999,0.01,0.0001,2.39154,0.20932,4099
66,4,star_sign,mlp_h16,0.001,0.0,0.00989,1.0,4099
66,4,star_sign,mlp_h32,0.001,0.0,0.0039,1.0,4099
66,4,star_sign,mlp_h64,0.001,0.0,0.00108,1.0,4099
66,4,star_sign,mlp_h128,0.001,0.0,7e-05,1.0,4099
66,4,star_sign,attention,0.0001,1e-05,0.0003,1.0,4099
66,4,star_sign,shuffled,0.01,0.0001,2.3568,0.21713,4099
66,8,age_bin,ema_lr1e-3,0.001,0.0001,1.42651,0.3618,4099
66,8,age_bin,ema_lr5e-3,0.005,0.0001,1.22168,0.42132,4099
66,8,age_bin,ema_lr1e-2,0.01,0.0001,0.9608,0.56965,4099
66,8,age_bin,ema_lr5e-2,0.05,0.0001,0.29206,0.96658,4099
66,8,age_bin,ema_lr1e-2_wd1e-3,0.01,0.001,0.9388,0.5638,4099
66,8,age_bin,ema_d0.99,0.01,0.0001,0.98046,0.55379,4099
66,8,age_bin,ema_d0.9999,0.01,0.0001,0.97096,0.55477,4099
66,8,age_bin,mlp_h16,0.001,0.0,0.00631,1.0,4099
66,8,age_bin,mlp_h32,0.001,0.0,0.00198,1.0,4099
66,8,age_bin,mlp_h64,0.001,0.0,0.00052,1.0,4099
66,8,age_bin,mlp_h128,0.001,0.0,0.00022,1.0,4099
66,8,age_bin,attention,0.0001,1e-05,0.0,1.0,4099
66,8,age_bin,shuffled,0.01,0.0001,0.95086,0.5594,4099
66,8,gender,ema_lr1e-3,0.001,0.0001,0.91504,0.52281,4099
66,8,gender,ema_lr5e-3,0.005,0.0001,0.87744,0.51427,4099
66,8,gender,ema_lr1e-2,0.01,0.0001,0.80112,0.52915,4099
66,8,gender,ema_lr5e-2,0.05,0.0001,0.94217,0.53916,4099
66,8,gender,ema_lr1e-2_wd1e-3,0.01,0.001,0.81932,0.52037,4099
66,8,gender,ema_d0.99,0.01,0.0001,0.82483,0.50915,4099
66,8,gender,ema_d0.9999,0.01,0.0001,0.78121,0.54379,4099
66,8,gender,mlp_h16,0.001,0.0,0.67542,0.57282,4099
66,8,gender,mlp_h32,0.001,0.0,0.67297,0.58356,4099
66,8,gender,mlp_h64,0.001,0.0,0.67401,0.57477,4099
66,8,gender,mlp_h128,0.001,0.0,0.67443,0.58868,4099
66,8,gender,attention,0.0001,1e-05,0.66911,0.60156,4099
66,8,gender,shuffled,0.01,0.0001,0.8644,0.49622,4099
66,8,star_sign,ema_lr1e-3,0.001,0.0001,3.0115,0.1032,4099
66,8,star_sign,ema_lr5e-3,0.005,0.0001,2.65055,0.15296,4099
66,8,star_sign,ema_lr1e-2,0.01,0.0001,2.41706,0.20151,4099
66,8,star_sign,ema_lr5e-2,0.05,0.0001,0.92136,0.87729,4099
66,8,star_sign,ema_lr1e-2_wd1e-3,0.01,0.001,2.43142,0.20444,4099
66,8,star_sign,ema_d0.99,0.01,0.0001,2.40583,0.19663,4099
66,8,star_sign,ema_d0.9999,0.01,0.0001,2.41061,0.21005,4099
66,8,star_sign,mlp_h16,0.001,0.0,0.03228,1.0,4099
66,8,star_sign,mlp_h32,0.001,0.0,0.00522,1.0,4099
66,8,star_sign,mlp_h64,0.001,0.0,0.00123,1.0,4099
66,8,star_sign,mlp_h128,0.001,0.0,0.00012,1.0,4099
66,8,star_sign,attention,0.0001,1e-05,0.0,1.0,4099
66,8,star_sign,shuffled,0.01,0.0001,2.45056,0.19541,4099
66,12,age_bin,ema_lr1e-3,0.001,0.0001,1.48364,0.32959,4099
66,12,age_bin,ema_lr5e-3,0.005,0.0001,1.19809,0.44352,4099
66,12,age_bin,ema_lr1e-2,0.01,0.0001,1.01606,0.53403,4099
66,12,age_bin,ema_lr5e-2,0.05,0.0001,0.33691,0.97438,4099
66,12,age_bin,ema_lr1e-2_wd1e-3,0.01,0.001,0.97053,0.54404,4099
66,12,age_bin,ema_d0.99,0.01,0.0001,0.96756,0.54867,4099
66,12,age_bin,ema_d0.9999,0.01,0.0001,1.00608,0.51842,4099
66,12,age_bin,mlp_h16,0.001,0.0,0.00312,1.0,4099
66,12,age_bin,mlp_h32,0.001,0.0,0.00225,1.0,4099
66,12,age_bin,mlp_h64,0.001,0.0,0.00152,1.0,4099
66,12,age_bin,mlp_h128,0.001,0.0,0.00025,1.0,4099
66,12,age_bin,attention,0.0001,1e-05,0.00054,1.0,4099
66,12,age_bin,shuffled,0.01,0.0001,0.96152,0.56404,4099
66,12,gender,ema_lr1e-3,0.001,0.0001,1.00051,0.49427,4099
66,12,gender,ema_lr5e-3,0.005,0.0001,0.87627,0.50768,4099
66,12,gender,ema_lr1e-2,0.01,0.0001,0.79339,0.5272,4099
66,12,gender,ema_lr5e-2,0.05,0.0001,0.81093,0.54038,4099
66,12,gender,ema_lr1e-2_wd1e-3,0.01,0.001,0.82619,0.51012,4099
66,12,gender,ema_d0.99,0.01,0.0001,0.80188,0.54111,4099
66,12,gender,ema_d0.9999,0.01,0.0001,0.81397,0.53086,4099
66,12,gender,mlp_h16,0.001,0.0,0.67511,0.56306,4099
66,12,gender,mlp_h32,0.001,0.0,0.66839,0.58795,4099
66,12,gender,mlp_h64,0.001,0.0,0.66623,0.586,4099
66,12,gender,mlp_h128,0.001,0.0,0.66483,0.59454,4099
66,12,gender,attention,0.0001,1e-05,0.65364,0.66406,4099
66,12,gender,shuffled,0.01,0.0001,0.83695,0.49719,4099
66,12,star_sign,ema_lr1e-3,0.001,0.0001,3.15393,0.09002,4099
66,12,star_sign,ema_lr5e-3,0.005,0.0001,2.85537,0.14443,4099
66,12,star_sign,ema_lr1e-2,0.01,0.0001,2.4168,0.20517,4099
66,12,star_sign,ema_lr5e-2,0.05,0.0001,0.85418,0.90583,4099
66,12,star_sign,ema_lr1e-2_wd1e-3,0.01,0.001,2.43941,0.19005,4099
66,12,star_sign,ema_d0.99,0.01,0.0001,2.47751,0.18834,4099
66,12,star_sign,ema_d0.9999,0.01,0.0001,2.42612,0.21835,4099
66,12,star_sign,mlp_h16,0.001,0.0,0.0185,1.0,4099
66,12,star_sign,mlp_h32,0.001,0.0,0.00643,1.0,4099
66,12,star_sign,mlp_h64,0.001,0.0,0.00101,1.0,4099
66,12,star_sign,mlp_h128,0.001,0.0,0.00027,1.0,4099
66,12,star_sign,attention,0.0001,1e-05,3e-05,1.0,4099
66,12,star_sign,shuffled,0.01,0.0001,2.40676,0.21761,4099
66,16,age_bin,ema_lr1e-3,0.001,0.0001,1.4525,0.3657,4099
66,16,age_bin,ema_lr5e-3,0.005,0.0001,1.20055,0.45109,4099
66,16,age_bin,ema_lr1e-2,0.01,0.0001,0.9718,0.55111,4099
66,16,age_bin,ema_lr5e-2,0.05,0.0001,0.28328,0.98341,4099
66,16,age_bin,ema_lr1e-2_wd1e-3,0.01,0.001,1.02483,0.52061,4099
66,16,age_bin,ema_d0.99,0.01,0.0001,0.96757,0.56062,4099
66,16,age_bin,ema_d0.9999,0.01,0.0001,0.93707,0.5616,4099
66,16,age_bin,mlp_h16,0.001,0.0,0.01261,0.99951,4099
66,16,age_bin,mlp_h32,0.001,0.0,0.00291,1.0,4099
66,16,age_bin,mlp_h64,0.001,0.0,0.00051,1.0,4099
66,16,age_bin,mlp_h128,0.001,0.0,0.00026,1.0,4099
66,16,age_bin,attention,0.0001,1e-05,3e-05,1.0,4099
66,16,age_bin,shuffled,0.01,0.0001,1.01579,0.52501,4099
66,16,gender,ema_lr1e-3,0.001,0.0001,0.94794,0.52037,4099
66,16,gender,ema_lr5e-3,0.005,0.0001,0.82967,0.54062,4099
66,16,gender,ema_lr1e-2,0.01,0.0001,0.84175,0.52159,4099
66,16,gender,ema_lr5e-2,0.05,0.0001,0.78643,0.53062,4099
66,16,gender,ema_lr1e-2_wd1e-3,0.01,0.001,0.80036,0.54111,4099
66,16,gender,ema_d0.99,0.01,0.0001,0.79998,0.53354,4099
66,16,gender,ema_d0.9999,0.01,0.0001,0.8191,0.52232,4099
66,16,gender,mlp_h16,0.001,0.0,0.67635,0.57111,4099
66,16,gender,mlp_h32,0.001,0.0,0.67396,0.5738,4099
66,16,gender,mlp_h64,0.001,0.0,0.67481,0.57892,4099
66,16,gender,mlp_h128,0.001,0.0,0.67744,0.55672,4099
66,16,gender,attention,0.0001,1e-05,0.66826,0.55469,4099
66,16,gender,shuffled,0.01,0.0001,0.84427,0.50793,4099
66,16,star_sign,ema_lr1e-3,0.001,0.0001,3.1939,0.06563,4099
66,16,star_sign,ema_lr5e-3,0.005,0.0001,2.81512,0.14101,4099
66,16,star_sign,ema_lr1e-2,0.01,0.0001,2.42404,0.20859,4099
66,16,star_sign,ema_lr5e-2,0.05,0.0001,0.82085,0.9212,4099
66,16,star_sign,ema_lr1e-2_wd1e-3,0.01,0.001,2.38182,0.22444,4099
66,16,star_sign,ema_d0.99,0.01,0.0001,2.44266,0.21542,4099
66,16,star_sign,ema_d0.9999,0.01,0.0001,2.47858,0.20176,4099
66,16,star_sign,mlp_h16,0.001,0.0,0.02641,1.0,4099
66,16,star_sign,mlp_h32,0.001,0.0,0.01093,1.0,4099
66,16,star_sign,mlp_h64,0.001,0.0,0.00312,1.0,4099
66,16,star_sign,mlp_h128,0.001,0.0,0.00052,1.0,4099
66,16,star_sign,attention,0.0001,1e-05,0.0,1.0,4099
66,16,star_sign,shuffled,0.01,0.0001,2.43141,0.21517,4099
67,0,age_bin,ema_lr1e-3,0.001,0.0001,1.49547,0.32465,4297
67,0,age_bin,ema_lr5e-3,0.005,0.0001,1.20735,0.58971,4297
67,0,age_bin,ema_lr1e-2,0.01,0.0001,0.97073,0.69793,4297
67,0,age_bin,ema_lr5e-2,0.05,0.0001,0.28428,0.97347,4297
67,0,age_bin,ema_lr1e-2_wd1e-3,0.01,0.001,0.94569,0.71701,4297
67,0,age_bin,ema_d0.99,0.01,0.0001,0.97351,0.68536,4297
67,0,age_bin,ema_d0.9999,0.01,0.0001,0.9672,0.71096,4297
67,0,age_bin,mlp_h16,0.001,0.0,0.00548,1.0,4297
67,0,age_bin,mlp_h32,0.001,0.0,0.00346,1.0,4297
67,0,age_bin,mlp_h64,0.001,0.0,0.00133,1.0,4297
67,0,age_bin,mlp_h128,0.001,0.0,0.00032,1.0,4297
67,0,age_bin,attention,0.0001,1e-05,0.72224,1.0,4297
67,0,age_bin,shuffled,0.01,0.0001,0.96401,0.70747,4297
67,0,gender,ema_lr1e-3,0.001,0.0001,0.94386,0.51431,4297
67,0,gender,ema_lr5e-3,0.005,0.0001,0.89408,0.51455,4297
67,0,gender,ema_lr1e-2,0.01,0.0001,0.83881,0.50547,4297
67,0,gender,ema_lr5e-2,0.05,0.0001,0.83917,0.4701,4297
67,0,gender,ema_lr1e-2_wd1e-3,0.01,0.001,0.83741,0.50198,4297
67,0,gender,ema_d0.99,0.01,0.0001,0.83268,0.50593,4297
67,0,gender,ema_d0.9999,0.01,0.0001,0.85278,0.49407,4297
67,0,gender,mlp_h16,0.001,0.0,0.70231,0.48266,4297
67,0,gender,mlp_h32,0.001,0.0,0.70171,0.47568,4297
67,0,gender,mlp_h64,0.001,0.0,0.70833,0.47568,4297
67,0,gender,mlp_h128,0.001,0.0,0.71034,0.47847,4297
67,0,gender,attention,0.0001,1e-05,0.69066,0.57812,4297
67,0,gender,shuffled,0.01,0.0001,0.82811,0.50337,4297
67,0,star_sign,ema_lr1e-3,0.001,0.0001,3.14806,0.04817,4297
67,0,star_sign,ema_lr5e-3,0.005,0.0001,2.79993,0.24249,4297
67,0,star_sign,ema_lr1e-2,0.01,0.0001,2.42711,0.34768,4297
67,0,star_sign,ema_lr5e-2,0.05,0.0001,0.77902,0.91482,4297
67,0,star_sign,ema_lr1e-2_wd1e-3,0.01,0.001,2.44014,0.34885,4297
67,0,star_sign,ema_d0.99,0.01,0.0001,2.46204,0.36863,4297
67,0,star_sign,ema_d0.9999,0.01,0.0001,2.44238,0.44007,4297
67,0,star_sign,mlp_h16,0.001,0.0,0.01641,1.0,4297
67,0,star_sign,mlp_h32,0.001,0.0,0.00674,1.0,4297
67,0,star_sign,mlp_h64,0.001,0.0,0.00219,1.0,4297
67,0,star_sign,mlp_h128,0.001,0.0,0.00041,1.0,4297
67,0,star_sign,attention,0.0001,1e-05,1.8839,1.0,4297
67,0,star_sign,shuffled,0.01,0.0001,2.40623,0.38376,4297
67,4,age_bin,ema_lr1e-3,0.001,0.0001,1.39272,0.35909,4297
67,4,age_bin,ema_lr5e-3,0.005,0.0001,1.15332,0.43821,4297
67,4,age_bin,ema_lr1e-2,0.01,0.0001,0.95635,0.57063,4297
67,4,age_bin,ema_lr5e-2,0.05,0.0001,0.32221,0.97952,4297
67,4,age_bin,ema_lr1e-2_wd1e-3,0.01,0.001,0.96948,0.57086,4297
67,4,age_bin,ema_d0.99,0.01,0.0001,0.95009,0.56179,4297
67,4,age_bin,ema_d0.9999,0.01,0.0001,0.94734,0.56295,4297
67,4,age_bin,mlp_h16,0.001,0.0,0.00379,1.0,4297
67,4,age_bin,mlp_h32,0.001,0.0,0.00235,1.0,4297
67,4,age_bin,mlp_h64,0.001,0.0,0.00032,1.0,4297
67,4,age_bin,mlp_h128,0.001,0.0,0.00011,1.0,4297
67,4,age_bin,attention,0.0001,1e-05,0.0,1.0,4297
67,4,age_bin,shuffled,0.01,0.0001,0.94062,0.57156,4297
67,4,gender,ema_lr1e-3,0.001,0.0001,0.96738,0.49081,4297
67,4,gender,ema_lr5e-3,0.005,0.0001,0.85209,0.51082,4297
67,4,gender,ema_lr1e-2,0.01,0.0001,0.84544,0.50756,4297
67,4,gender,ema_lr5e-2,0.05,0.0001,1.04733,0.52199,4297
67,4,gender,ema_lr1e-2_wd1e-3,0.01,0.001,0.84128,0.50687,4297
67,4,gender,ema_d0.99,0.01,0.0001,0.82235,0.5185,4297
67,4,gender,ema_d0.9999,0.01,0.0001,0.84358,0.51292,4297
67,4,gender,mlp_h16,0.001,0.0,0.69325,0.52502,4297
67,4,gender,mlp_h32,0.001,0.0,0.69383,0.52339,4297
67,4,gender,mlp_h64,0.001,0.0,0.69734,0.52548,4297
67,4,gender,mlp_h128,0.001,0.0,0.70093,0.51105,4297
67,4,gender,attention,0.0001,1e-05,0.70903,0.44531,4297
67,4,gender,shuffled,0.01,0.0001,0.86209,0.49686,4297
67,4,star_sign,ema_lr1e-3,0.001,0.0001,3.07778,0.08471,4297
67,4,star_sign,ema_lr5e-3,0.005,0.0001,2.70809,0.14173,4297
67,4,star_sign,ema_lr1e-2,0.01,0.0001,2.38492,0.19991,4297
67,4,star_sign,ema_lr5e-2,0.05,0.0001,0.8723,0.91855,4297
67,4,star_sign,ema_lr1e-2_wd1e-3,0.01,0.001,2.37701,0.20945,4297
67,4,star_sign,ema_d0.99,0.01,0.0001,2.31838,0.22551,4297
67,4,star_sign,ema_d0.9999,0.01,0.0001,2.36197,0.21899,4297
67,4,star_sign,mlp_h16,0.001,0.0,0.00922,1.0,4297
67,4,star_sign,mlp_h32,0.001,0.0,0.00377,1.0,4297
67,4,star_sign,mlp_h64,0.001,0.0,0.00104,1.0,4297
67,4,star_sign,mlp_h128,0.001,0.0,7e-05,1.0,4297
67,4,star_sign,attention,0.0001,1e-05,0.00021,1.0,4297
67,4,star_sign,shuffled,0.01,0.0001,2.35479,0.21946,4297
67,8,age_bin,ema_lr1e-3,0.001,0.0001,1.45503,0.35653,4297
67,8,age_bin,ema_lr5e-3,0.005,0.0001,1.19477,0.43216,4297
67,8,age_bin,ema_lr1e-2,0.01,0.0001,0.97969,0.55643,4297
67,8,age_bin,ema_lr5e-2,0.05,0.0001,0.36478,0.963,4297
67,8,age_bin,ema_lr1e-2_wd1e-3,0.01,0.001,0.99561,0.52176,4297
67,8,age_bin,ema_d0.99,0.01,0.0001,0.97886,0.55923,4297
67,8,age_bin,ema_d0.9999,0.01,0.0001,0.93961,0.57133,4297
67,8,age_bin,mlp_h16,0.001,0.0,0.00615,1.0,4297
67,8,age_bin,mlp_h32,0.001,0.0,0.00193,1.0,4297
67,8,age_bin,mlp_h64,0.001,0.0,0.00051,1.0,4297
67,8,age_bin,mlp_h128,0.001,0.0,0.00022,1.0,4297
67,8,age_bin,attention,0.0001,1e-05,0.0,1.0,4297
67,8,age_bin,shuffled,0.01,0.0001,0.94761,0.55993,4297
67,8,gender,ema_lr1e-3,0.001,0.0001,0.87313,0.5427,4297
67,8,gender,ema_lr5e-3,0.005,0.0001,0.87532,0.5171,4297
67,8,gender,ema_lr1e-2,0.01,0.0001,0.8295,0.51059,4297
67,8,gender,ema_lr5e-2,0.05,0.0001,0.99256,0.49476,4297
67,8,gender,ema_lr1e-2_wd1e-3,0.01,0.001,0.86935,0.49011,4297
67,8,gender,ema_d0.99,0.01,0.0001,0.85068,0.49732,4297
67,8,gender,ema_d0.9999,0.01,0.0001,0.81894,0.5171,4297
67,8,gender,mlp_h16,0.001,0.0,0.69324,0.5192,4297
67,8,gender,mlp_h32,0.001,0.0,0.69655,0.50966,4297
67,8,gender,mlp_h64,0.001,0.0,0.70159,0.50593,4297
67,8,gender,mlp_h128,0.001,0.0,0.69375,0.51478,4297
67,8,gender,attention,0.0001,1e-05,0.71126,0.48438,4297
67,8,gender,shuffled,0.01,0.0001,0.86293,0.49569,4297
67,8,star_sign,ema_lr1e-3,0.001,0.0001,2.99362,0.09146,4297
67,8,star_sign,ema_lr5e-3,0.005,0.0001,2.75293,0.12869,4297
67,8,star_sign,ema_lr1e-2,0.01,0.0001,2.39048,0.21294,4297
67,8,star_sign,ema_lr5e-2,0.05,0.0001,0.92544,0.93181,4297
67,8,star_sign,ema_lr1e-2_wd1e-3,0.01,0.001,2.35428,0.22039,4297
67,8,star_sign,ema_d0.99,0.01,0.0001,2.41286,0.18641,4297
67,8,star_sign,ema_d0.9999,0.01,0.0001,2.43982,0.2027,4297
67,8,star_sign,mlp_h16,0.001,0.0,0.02836,1.0,4297
67,8,star_sign,mlp_h32,0.001,0.0,0.00512,1.0,4297
67,8,star_sign,mlp_h64,0.001,0.0,0.00124,1.0,4297
67,8,star_sign,mlp_h128,0.001,0.0,0.00013,1.0,4297
67,8,star_sign,attention,0.0001,1e-05,0.0,1.0,4297
67,8,star_sign,shuffled,0.01,0.0001,2.44436,0.19037,4297
67,12,age_bin,ema_lr1e-3,0.001,0.0001,1.43408,0.34582,4297
67,12,age_bin,ema_lr5e-3,0.005,0.0001,1.22841,0.42285,4297
67,12,age_bin,ema_lr1e-2,0.01,0.0001,0.96187,0.55108,4297
67,12,age_bin,ema_lr5e-2,0.05,0.0001,0.29449,0.98673,4297
67,12,age_bin,ema_lr1e-2_wd1e-3,0.01,0.001,0.96706,0.55457,4297
67,12,age_bin,ema_d0.99,0.01,0.0001,0.96045,0.54736,4297
67,12,age_bin,ema_d0.9999,0.01,0.0001,0.94795,0.55853,4297
67,12,age_bin,mlp_h16,0.001,0.0,0.00315,1.0,4297
67,12,age_bin,mlp_h32,0.001,0.0,0.00223,1.0,4297
67,12,age_bin,mlp_h64,0.001,0.0,0.00158,1.0,4297
67,12,age_bin,mlp_h128,0.001,0.0,0.00024,1.0,4297
67,12,age_bin,attention,0.0001,1e-05,0.00056,1.0,4297
67,12,age_bin,shuffled,0.01,0.0001,1.01989,0.53084,4297
67,12,gender,ema_lr1e-3,0.001,0.0001,1.03964,0.47079,4297
67,12,gender,ema_lr5e-3,0.005,0.0001,0.90351,0.49663,4297
67,12,gender,ema_lr1e-2,0.01,0.0001,0.83164,0.50221,4297
67,12,gender,ema_lr5e-2,0.05,0.0001,0.87665,0.52292,4297
67,12,gender,ema_lr1e-2_wd1e-3,0.01,0.001,0.83768,0.51617,4297
67,12,gender,ema_d0.99,0.01,0.0001,0.84392,0.51664,4297
67,12,gender,ema_d0.9999,0.01,0.0001,0.80176,0.53409,4297
67,12,gender,mlp_h16,0.001,0.0,0.6842,0.55062,4297
67,12,gender,mlp_h32,0.001,0.0,0.68661,0.54596,4297
67,12,gender,mlp_h64,0.001,0.0,0.69115,0.53758,4297
67,12,gender,mlp_h128,0.001,0.0,0.68788,0.55108,4297
67,12,gender,attention,0.0001,1e-05,0.66456,0.58594,4297
67,12,gender,shuffled,0.01,0.0001,0.83346,0.50756,4297
67,12,star_sign,ema_lr1e-3,0.001,0.0001,3.15838,0.09402,4297
67,12,star_sign,ema_lr5e-3,0.005,0.0001,2.844,0.12963,4297
67,12,star_sign,ema_lr1e-2,0.01,0.0001,2.45509,0.19269,4297
67,12,star_sign,ema_lr5e-2,0.05,0.0001,0.85735,0.91157,4297
67,12,star_sign,ema_lr1e-2_wd1e-3,0.01,0.001,2.40182,0.20572,4297
67,12,star_sign,ema_d0.99,0.01,0.0001,2.4098,0.20014,4297
67,12,star_sign,ema_d0.9999,0.01,0.0001,2.51721,0.18525,4297
67,12,star_sign,mlp_h16,0.001,0.0,0.01838,1.0,4297
67,12,star_sign,mlp_h32,0.001,0.0,0.00672,1.0,4297
67,12,star_sign,mlp_h64,0.001,0.0,0.00099,1.0,4297
67,12,star_sign,mlp_h128,0.001,0.0,0.00027,1.0,4297
67,12,star_sign,attention,0.0001,1e-05,8e-05,1.0,4297
67,12,star_sign,shuffled,0.01,0.0001,2.4802,0.19735,4297
67,16,age_bin,ema_lr1e-3,0.001,0.0001,1.46584,0.35024,4297
67,16,age_bin,ema_lr5e-3,0.005,0.0001,1.23484,0.40773,4297
67,16,age_bin,ema_lr1e-2,0.01,0.0001,0.98874,0.55155,4297
67,16,age_bin,ema_lr5e-2,0.05,0.0001,0.28754,0.98185,4297
67,16,age_bin,ema_lr1e-2_wd1e-3,0.01,0.001,1.0093,0.52851,4297
67,16,age_bin,ema_d0.99,0.01,0.0001,0.96689,0.5555,4297
67,16,age_bin,ema_d0.9999,0.01,0.0001,0.98194,0.54736,4297
67,16,age_bin,mlp_h16,0.001,0.0,0.01292,1.0,4297
67,16,age_bin,mlp_h32,0.001,0.0,0.00307,1.0,4297
67,16,age_bin,mlp_h64,0.001,0.0,0.00055,1.0,4297
67,16,age_bin,mlp_h128,0.001,0.0,0.00027,1.0,4297
67,16,age_bin,attention,0.0001,1e-05,0.0,1.0,4297
67,16,age_bin,shuffled,0.01,0.0001,0.97764,0.54736,4297
67,16,gender,ema_lr1e-3,0.001,0.0001,0.9565,0.51012,4297
67,16,gender,ema_lr5e-3,0.005,0.0001,0.88747,0.51408,4297
67,16,gender,ema_lr1e-2,0.01,0.0001,0.86006,0.50384,4297
67,16,gender,ema_lr5e-2,0.05,0.0001,0.80697,0.52269,4297
67,16,gender,ema_lr1e-2_wd1e-3,0.01,0.001,0.84935,0.51059,4297
67,16,gender,ema_d0.99,0.01,0.0001,0.84075,0.51199,4297
67,16,gender,ema_d0.9999,0.01,0.0001,0.81766,0.53735,4297
67,16,gender,mlp_h16,0.001,0.0,0.6918,0.5441,4297
67,16,gender,mlp_h32,0.001,0.0,0.68473,0.54969,4297
67,16,gender,mlp_h64,0.001,0.0,0.68199,0.55178,4297
67,16,gender,mlp_h128,0.001,0.0,0.68716,0.53921,4297
67,16,gender,attention,0.0001,1e-05,0.75549,0.44531,4297
67,16,gender,shuffled,0.01,0.0001,0.84209,0.49988,4297
67,16,star_sign,ema_lr1e-3,0.001,0.0001,3.05877,0.09006,4297
67,16,star_sign,ema_lr5e-3,0.005,0.0001,2.75294,0.13754,4297
67,16,star_sign,ema_lr1e-2,0.01,0.0001,2.49028,0.1899,4297
67,16,star_sign,ema_lr5e-2,0.05,0.0001,0.78023,0.93391,4297
67,16,star_sign,ema_lr1e-2_wd1e-3,0.01,0.001,2.44398,0.20898,4297
67,16,star_sign,ema_d0.99,0.01,0.0001,2.48101,0.19293,4297
67,16,star_sign,ema_d0.9999,0.01,0.0001,2.42719,0.20061,4297
67,16,star_sign,mlp_h16,0.001,0.0,0.0255,1.0,4297
67,16,star_sign,mlp_h32,0.001,0.0,0.01142,1.0,4297
67,16,star_sign,mlp_h64,0.001,0.0,0.0034,1.0,4297
67,16,star_sign,mlp_h128,0.001,0.0,0.00036,1.0,4297
67,16,star_sign,attention,0.0001,1e-05,0.0,1.0,4297
67,16,star_sign,shuffled,0.01,0.0001,2.51873,0.1906,4297
68,0,age_bin,ema_lr1e-3,0.001,0.0001,1.45965,0.3196,4127
68,0,age_bin,ema_lr5e-3,0.005,0.0001,1.15933,0.59462,4127
68,0,age_bin,ema_lr1e-2,0.01,0.0001,0.93836,0.71795,4127
68,0,age_bin,ema_lr5e-2,0.05,0.0001,0.26906,0.98449,4127
68,0,age_bin,ema_lr1e-2_wd1e-3,0.01,0.001,0.95086,0.71577,4127
68,0,age_bin,ema_d0.99,0.01,0.0001,0.93255,0.70923,4127
68,0,age_bin,ema_d0.9999,0.01,0.0001,0.95142,0.71965,4127
68,0,age_bin,mlp_h16,0.001,0.0,0.00521,1.0,4127
68,0,age_bin,mlp_h32,0.001,0.0,0.00322,1.0,4127
68,0,age_bin,mlp_h64,0.001,0.0,0.00118,1.0,4127
68,0,age_bin,mlp_h128,0.001,0.0,0.00029,1.0,4127
68,0,age_bin,attention,0.0001,1e-05,0.72312,1.0,4127
68,0,age_bin,shuffled,0.01,0.0001,0.94106,0.72886,4127
68,0,gender,ema_lr1e-3,0.001,0.0001,0.9353,0.50133,4127
68,0,gender,ema_lr5e-3,0.005,0.0001,0.8953,0.48752,4127
68,0,gender,ema_lr1e-2,0.01,0.0001,0.84002,0.49455,4127
68,0,gender,ema_lr5e-2,0.05,0.0001,0.77269,0.49939,4127
68,0,gender,ema_lr1e-2_wd1e-3,0.01,0.001,0.83567,0.49067,4127
68,0,gender,ema_d0.99,0.01,0.0001,0.83851,0.49673,4127
68,0,gender,ema_d0.9999,0.01,0.0001,0.85068,0.48243,4127
68,0,gender,mlp_h16,0.001,0.0,0.69825,0.49382,4127
68,0,gender,mlp_h32,0.001,0.0,0.70635,0.49237,4127
68,0,gender,mlp_h64,0.001,0.0,0.70383,0.48922,4127
68,0,gender,mlp_h128,0.001,0.0,0.7119,0.48776,4127
68,0,gender,attention,0.0001,1e-05,0.6935,0.46094,4127
68,0,gender,shuffled,0.01,0.0001,0.83487,0.49673,4127
68,0,star_sign,ema_lr1e-3,0.001,0.0001,3.14202,0.05185,4127
68,0,star_sign,ema_lr5e-3,0.005,0.0001,2.76505,0.24158,4127
68,0,star_sign,ema_lr1e-2,0.01,0.0001,2.4271,0.37388,4127
68,0,star_sign,ema_lr5e-2,0.05,0.0001,0.7439,0.94063,4127
68,0,star_sign,ema_lr1e-2_wd1e-3,0.01,0.001,2.42085,0.33923,4127
68,0,star_sign,ema_d0.99,0.01,0.0001,2.43189,0.3591,4127
68,0,star_sign,ema_d0.9999,0.01,0.0001,2.38127,0.44342,4127
68,0,star_sign,mlp_h16,0.001,0.0,0.01504,1.0,4127
68,0,star_sign,mlp_h32,0.001,0.0,0.00625,1.0,4127
68,0,star_sign,mlp_h64,0.001,0.0,0.00195,1.0,4127
68,0,star_sign,mlp_h128,0.001,0.0,0.00042,1.0,4127
68,0,star_sign,attention,0.0001,1e-05,1.88103,1.0,4127
68,0,star_sign,shuffled,0.01,0.0001,2.3665,0.39351,4127
68,4,age_bin,ema_lr1e-3,0.001,0.0001,1.40469,0.35304,4127
68,4,age_bin,ema_lr5e-3,0.005,0.0001,1.17317,0.41168,4127
68,4,age_bin,ema_lr1e-2,0.01,0.0001,0.93894,0.58323,4127
68,4,age_bin,ema_lr5e-2,0.05,0.0001,0.30227,0.96511,4127
68,4,age_bin,ema_lr1e-2_wd1e-3,0.01,0.001,0.92247,0.59704,4127
68,4,age_bin,ema_d0.99,0.01,0.0001,0.92697,0.58275,4127
68,4,age_bin,ema_d0.9999,0.01,0.0001,0.95794,0.56482,4127
68,4,age_bin,mlp_h16,0.001,0.0,0.00394,1.0,4127
68,4,age_bin,mlp_h32,0.001,0.0,0.00237,1.0,4127
68,4,age_bin,mlp_h64,0.001,0.0,0.00035,1.0,4127
68,4,age_bin,mlp_h128,0.001,0.0,0.00012,1.0,4127
68,4,age_bin,attention,0.0001,1e-05,0.0,1.0,4127
68,4,age_bin,shuffled,0.01,0.0001,0.94415,0.57112,4127
68,4,gender,ema_lr1e-3,0.001,0.0001,0.93638,0.50424,4127
68,4,gender,ema_lr5e-3,0.005,0.0001,0.84278,0.51781,4127
68,4,gender,ema_lr1e-2,0.01,0.0001,0.88036,0.49213,4127
68,4,gender,ema_lr5e-2,0.05,0.0001,1.13517,0.48922,4127
68,4,gender,ema_lr1e-2_wd1e-3,0.01,0.001,0.80958,0.52072,4127
68,4,gender,ema_d0.99,0.01,0.0001,0.85862,0.48704,4127
68,4,gender,ema_d0.9999,0.01,0.0001,0.84293,0.49019,4127
68,4,gender,mlp_h16,0.001,0.0,0.70113,0.50933,4127
68,4,gender,mlp_h32,0.001,0.0,0.70011,0.49867,4127
68,4,gender,mlp_h64,0.001,0.0,0.70239,0.49164,4127
68,4,gender,mlp_h128,0.001,0.0,0.7087,0.48389,4127
68,4,gender,attention,0.0001,1e-05,0.69042,0.53906,4127
68,4,gender,shuffled,0.01,0.0001,0.8435,0.50327,4127
68,4,star_sign,ema_lr1e-3,0.001,0.0001,3.02399,0.09353,4127
68,4,star_sign,ema_lr5e-3,0.005,0.0001,2.63661,0.1466,4127
68,4,star_sign,ema_lr1e-2,0.01,0.0001,2.29021,0.23068,4127
68,4,star_sign,ema_lr5e-2,0.05,0.0001,0.98775,0.94233,4127
68,4,star_sign,ema_lr1e-2_wd1e-3,0.01,0.001,2.302,0.2457,4127
68,4,star_sign,ema_d0.99,0.01,0.0001,2.30668,0.22946,4127
68,4,star_sign,ema_d0.9999,0.01,0.0001,2.31146,0.2348,4127
68,4,star_sign,mlp_h16,0.001,0.0,0.00925,1.0,4127
68,4,star_sign,mlp_h32,0.001,0.0,0.0039,1.0,4127
68,4,star_sign,mlp_h64,0.001,0.0,0.00114,1.0,4127
68,4,star_sign,mlp_h128,0.001,0.0,8e-05,1.0,4127
68,4,star_sign,attention,0.0001,1e-05,0.00024,1.0,4127
68,4,star_sign,shuffled,0.01,0.0001,2.33261,0.23891,4127
68,8,age_bin,ema_lr1e-3,0.001,0.0001,1.41266,0.36176,4127
68,8,age_bin,ema_lr5e-3,0.005,0.0001,1.17465,0.44584,4127
68,8,age_bin,ema_lr1e-2,0.01,0.0001,0.92867,0.58493,4127
68,8,age_bin,ema_lr5e-2,0.05,0.0001,0.2575,0.99128,4127
68,8,age_bin,ema_lr1e-2_wd1e-3,0.01,0.001,0.93704,0.56312,4127
68,8,age_bin,ema_d0.99,0.01,0.0001,0.9446,0.56724,4127
68,8,age_bin,ema_d0.9999,0.01,0.0001,0.9713,0.55004,4127
68,8,age_bin,mlp_h16,0.001,0.0,0.00569,1.0,4127
68,8,age_bin,mlp_h32,0.001,0.0,0.00187,1.0,4127
68,8,age_bin,mlp_h64,0.001,0.0,0.00049,1.0,4127
68,8,age_bin,mlp_h128,0.001,0.0,0.00021,1.0,4127
68,8,age_bin,attention,0.0001,1e-05,0.0,1.0,4127
68,8,age_bin,shuffled,0.01,0.0001,0.96003,0.55924,4127
68,8,gender,ema_lr1e-3,0.001,0.0001,0.98409,0.48219,4127
68,8,gender,ema_lr5e-3,0.005,0.0001,0.89855,0.49503,4127
68,8,gender,ema_lr1e-2,0.01,0.0001,0.87184,0.48461,4127
68,8,gender,ema_lr5e-2,0.05,0.0001,0.93855,0.49237,4127
68,8,gender,ema_lr1e-2_wd1e-3,0.01,0.001,0.84558,0.50279,4127
68,8,gender,ema_d0.99,0.01,0.0001,0.83961,0.50812,4127
68,8,gender,ema_d0.9999,0.01,0.0001,0.84394,0.49431,4127
68,8,gender,mlp_h16,0.001,0.0,0.71276,0.48655,4127
68,8,gender,mlp_h32,0.001,0.0,0.7098,0.48122,4127
68,8,gender,mlp_h64,0.001,0.0,0.7127,0.48413,4127
68,8,gender,mlp_h128,0.001,0.0,0.70897,0.49309,4127
68,8,gender,attention,0.0001,1e-05,0.69697,0.5625,4127
68,8,gender,shuffled,0.01,0.0001,0.85049,0.49746,4127
68,8,star_sign,ema_lr1e-3,0.001,0.0001,3.02585,0.0945,4127
68,8,star_sign,ema_lr5e-3,0.005,0.0001,2.73807,0.14199,4127
68,8,star_sign,ema_lr1e-2,0.01,0.0001,2.37187,0.20984,4127
68,8,star_sign,ema_lr5e-2,0.05,0.0001,0.80851,0.929,4127
68,8,star_sign,ema_lr1e-2_wd1e-3,0.01,0.001,2.36154,0.2142,4127
68,8,star_sign,ema_d0.99,0.01,0.0001,2.36071,0.2096,4127
68,8,star_sign,ema_d0.9999,0.01,0.0001,2.36811,0.21081,4127
68,8,star_sign,mlp_h16,0.001,0.0,0.02579,1.0,4127
68,8,star_sign,mlp_h32,0.001,0.0,0.00491,1.0,4127
68,8,star_sign,mlp_h64,0.001,0.0,0.00116,1.0,4127
68,8,star_sign,mlp_h128,0.001,0.0,0.00011,1.0,4127
68,8,star_sign,attention,0.0001,1e-05,0.0,1.0,4127
68,8,star_sign,shuffled,0.01,0.0001,2.37298,0.21056,4127
68,12,age_bin,ema_lr1e-3,0.001,0.0001,1.42651,0.33826,4127
68,12,age_bin,ema_lr5e-3,0.005,0.0001,1.16677,0.44778,4127
68,12,age_bin,ema_lr1e-2,0.01,0.0001,0.95015,0.56288,4127
68,12,age_bin,ema_lr5e-2,0.05,0.0001,0.27785,0.96608,4127
68,12,age_bin,ema_lr1e-2_wd1e-3,0.01,0.001,0.95855,0.56142,4127
68,12,age_bin,ema_d0.99,0.01,0.0001,0.98693,0.53186,4127
68,12,age_bin,ema_d0.9999,0.01,0.0001,0.96377,0.53913,4127
68,12,age_bin,mlp_h16,0.001,0.0,0.00321,1.0,4127
68,12,age_bin,mlp_h32,0.001,0.0,0.00231,1.0,4127
68,12,age_bin,mlp_h64,0.001,0.0,0.00162,1.0,4127
68,12,age_bin,mlp_h128,0.001,0.0,0.00027,1.0,4127
68,12,age_bin,attention,0.0001,1e-05,0.00027,1.0,4127
68,12,age_bin,shuffled,0.01,0.0001,0.93749,0.56264,4127
68,12,gender,ema_lr1e-3,0.001,0.0001,0.9573,0.51224,4127
68,12,gender,ema_lr5e-3,0.005,0.0001,0.8801,0.50497,4127
68,12,gender,ema_lr1e-2,0.01,0.0001,0.82619,0.50085,4127
68,12,gender,ema_lr5e-2,0.05,0.0001,0.83807,0.49794,4127
68,12,gender,ema_lr1e-2_wd1e-3,0.01,0.001,0.83079,0.51369,4127
68,12,gender,ema_d0.99,0.01,0.0001,0.83171,0.50521,4127
68,12,gender,ema_d0.9999,0.01,0.0001,0.83724,0.50521,4127
68,12,gender,mlp_h16,0.001,0.0,0.70909,0.51393,4127
68,12,gender,mlp_h32,0.001,0.0,0.71299,0.48607,4127
68,12,gender,mlp_h64,0.001,0.0,0.72176,0.48146,4127
68,12,gender,mlp_h128,0.001,0.0,0.7251,0.47444,4127
68,12,gender,attention,0.0001,1e-05,0.73994,0.49219,4127
68,12,gender,shuffled,0.01,0.0001,0.8396,0.49624,4127
68,12,star_sign,ema_lr1e-3,0.001,0.0001,3.06692,0.11219,4127
68,12,star_sign,ema_lr5e-3,0.005,0.0001,2.7401,0.14393,4127
68,12,star_sign,ema_lr1e-2,0.01,0.0001,2.41747,0.19433,4127
68,12,star_sign,ema_lr5e-2,0.05,0.0001,0.78648,0.92488,4127
68,12,star_sign,ema_lr1e-2_wd1e-3,0.01,0.001,2.3862,0.19506,4127
68,12,star_sign,ema_d0.99,0.01,0.0001,2.44568,0.17906,4127
68,12,star_sign,ema_d0.9999,0.01,0.0001,2.3887,0.21856,4127
68,12,star_sign,mlp_h16,0.001,0.0,0.01971,1.0,4127
68,12,star_sign,mlp_h32,0.001,0.0,0.00692,1.0,4127
68,12,star_sign,mlp_h64,0.001,0.0,0.00108,1.0,4127
68,12,star_sign,mlp_h128,0.001,0.0,0.00031,1.0,4127
68,12,star_sign,attention,0.0001,1e-05,2e-05,1.0,4127
68,12,star_sign,shuffled,0.01,0.0001,2.4432,0.18997,4127
68,16,age_bin,ema_lr1e-3,0.001,0.0001,1.49403,0.33826,4127
68,16,age_bin,ema_lr5e-3,0.005,0.0001,1.21113,0.43591,4127
68,16,age_bin,ema_lr1e-2,0.01,0.0001,0.97039,0.55997,4127
68,16,age_bin,ema_lr5e-2,0.05,0.0001,0.2866,0.98304,4127
68,16,age_bin,ema_lr1e-2_wd1e-3,0.01,0.001,0.98518,0.54107,4127
68,16,age_bin,ema_d0.99,0.01,0.0001,0.93006,0.57499,4127
68,16,age_bin,ema_d0.9999,0.01,0.0001,0.99821,0.54349,4127
68,16,age_bin,mlp_h16,0.001,0.0,0.01121,1.0,4127
68,16,age_bin,mlp_h32,0.001,0.0,0.00279,1.0,4127
68,16,age_bin,mlp_h64,0.001,0.0,0.0005,1.0,4127
68,16,age_bin,mlp_h128,0.001,0.0,0.00025,1.0,4127
68,16,age_bin,attention,0.0001,1e-05,0.0,1.0,4127
68,16,age_bin,shuffled,0.01,0.0001,0.9825,0.55391,4127
68,16,gender,ema_lr1e-3,0.001,0.0001,0.94174,0.50691,4127
68,16,gender,ema_lr5e-3,0.005,0.0001,0.90437,0.50521,4127
68,16,gender,ema_lr1e-2,0.01,0.0001,0.85452,0.51054,4127
68,16,gender,ema_lr5e-2,0.05,0.0001,0.82924,0.49867,4127
68,16,gender,ema_lr1e-2_wd1e-3,0.01,0.001,0.84568,0.51199,4127
68,16,gender,ema_d0.99,0.01,0.0001,0.85556,0.49237,4127
68,16,gender,ema_d0.9999,0.01,0.0001,0.86713,0.48946,4127
68,16,gender,mlp_h16,0.001,0.0,0.72117,0.48704,4127
68,16,gender,mlp_h32,0.001,0.0,0.71739,0.48558,4127
68,16,gender,mlp_h64,0.001,0.0,0.71904,0.49649,4127
68,16,gender,mlp_h128,0.001,0.0,0.71807,0.49309,4127
68,16,gender,attention,0.0001,1e-05,0.76076,0.46094,4127
68,16,gender,shuffled,0.01,0.0001,0.83162,0.50303,4127
68,16,star_sign,ema_lr1e-3,0.001,0.0001,3.14393,0.07269,4127
68,16,star_sign,ema_lr5e-3,0.005,0.0001,2.74489,0.14781,4127
68,16,star_sign,ema_lr1e-2,0.01,0.0001,2.45846,0.20596,4127
68,16,star_sign,ema_lr5e-2,0.05,0.0001,0.81409,0.91689,4127
68,16,star_sign,ema_lr1e-2_wd1e-3,0.01,0.001,2.41583,0.2205,4127
68,16,star_sign,ema_d0.99,0.01,0.0001,2.40939,0.22971,4127
68,16,star_sign,ema_d0.9999,0.01,0.0001,2.37098,0.22946,4127
68,16,star_sign,mlp_h16,0.001,0.0,0.02317,1.0,4127
68,16,star_sign,mlp_h32,0.001,0.0,0.00967,1.0,4127
68,16,star_sign,mlp_h64,0.001,0.0,0.00298,1.0,4127
68,16,star_sign,mlp_h128,0.001,0.0,0.00038,1.0,4127
68,16,star_sign,attention,0.0001,1e-05,0.0,1.0,4127
68,16,star_sign,shuffled,0.01,0.0001,2.46907,0.19288,4127
69,0,age_bin,ema_lr1e-3,0.001,0.0001,1.45967,0.32826,3942
69,0,age_bin,ema_lr5e-3,0.005,0.0001,1.19152,0.5827,3942
69,0,age_bin,ema_lr1e-2,0.01,0.0001,0.9428,0.73592,3942
69,0,age_bin,ema_lr5e-2,0.05,0.0001,0.26626,0.98326,3942
69,0,age_bin,ema_lr1e-2_wd1e-3,0.01,0.001,0.93721,0.73668,3942
69,0,age_bin,ema_d0.99,0.01,0.0001,0.93348,0.71436,3942
69,0,age_bin,ema_d0.9999,0.01,0.0001,0.95147,0.71334,3942
69,0,age_bin,mlp_h16,0.001,0.0,0.00528,1.0,3942
69,0,age_bin,mlp_h32,0.001,0.0,0.00351,1.0,3942
69,0,age_bin,mlp_h64,0.001,0.0,0.00122,1.0,3942
69,0,age_bin,mlp_h128,0.001,0.0,0.0003,1.0,3942
69,0,age_bin,attention,0.0001,1e-05,0.71919,1.0,3942
69,0,age_bin,shuffled,0.01,0.0001,0.95676,0.72628,3942
69,0,gender,ema_lr1e-3,0.001,0.0001,0.95158,0.50431,3942
69,0,gender,ema_lr5e-3,0.005,0.0001,0.88543,0.50939,3942
69,0,gender,ema_lr1e-2,0.01,0.0001,0.82608,0.517,3942
69,0,gender,ema_lr5e-2,0.05,0.0001,0.78241,0.48224,3942
69,0,gender,ema_lr1e-2_wd1e-3,0.01,0.001,0.80869,0.51573,3942
69,0,gender,ema_d0.99,0.01,0.0001,0.832,0.51446,3942
69,0,gender,ema_d0.9999,0.01,0.0001,0.84183,0.49975,3942
69,0,gender,mlp_h16,0.001,0.0,0.69627,0.49899,3942
69,0,gender,mlp_h32,0.001,0.0,0.70355,0.50863,3942
69,0,gender,mlp_h64,0.001,0.0,0.70782,0.47514,3942
69,0,gender,mlp_h128,0.001,0.0,0.709,0.4792,3942
69,0,gender,attention,0.0001,1e-05,0.69409,0.49219,3942
69,0,gender,shuffled,0.01,0.0001,0.84527,0.5,3942
69,0,star_sign,ema_lr1e-3,0.001,0.0001,3.13481,0.06317,3942
69,0,star_sign,ema_lr5e-3,0.005,0.0001,2.80511,0.24302,3942
69,0,star_sign,ema_lr1e-2,0.01,0.0001,2.40628,0.38711,3942
69,0,star_sign,ema_lr5e-2,0.05,0.0001,0.73279,0.93278,3942
69,0,star_sign,ema_lr1e-2_wd1e-3,0.01,0.001,2.41768,0.35921,3942
69,0,star_sign,ema_d0.99,0.01,0.0001,2.41211,0.36124,3942
69,0,star_sign,ema_d0.9999,0.01,0.0001,2.40061,0.46043,3942
69,0,star_sign,mlp_h16,0.001,0.0,0.01569,1.0,3942
69,0,star_sign,mlp_h32,0.001,0.0,0.00706,1.0,3942
69,0,star_sign,mlp_h64,0.001,0.0,0.00204,1.0,3942
69,0,star_sign,mlp_h128,0.001,0.0,0.00042,1.0,3942
69,0,star_sign,attention,0.0001,1e-05,1.87058,1.0,3942
69,0,star_sign,shuffled,0.01,0.0001,2.39995,0.38914,3942
69,4,age_bin,ema_lr1e-3,0.001,0.0001,1.39896,0.37113,3942
69,4,age_bin,ema_lr5e-3,0.005,0.0001,1.13366,0.43912,3942
69,4,age_bin,ema_lr1e-2,0.01,0.0001,0.94783,0.58346,3942
69,4,age_bin,ema_lr5e-2,0.05,0.0001,0.50121,0.9135,3942
69,4,age_bin,ema_lr1e-2_wd1e-3,0.01,0.001,0.94028,0.57839,3942
69,4,age_bin,ema_d0.99,0.01,0.0001,0.94292,0.58295,3942
69,4,age_bin,ema_d0.9999,0.01,0.0001,0.91463,0.59893,3942
69,4,age_bin,mlp_h16,0.001,0.0,0.00358,1.0,3942
69,4,age_bin,mlp_h32,0.001,0.0,0.00217,1.0,3942
69,4,age_bin,mlp_h64,0.001,0.0,0.00031,1.0,3942
69,4,age_bin,mlp_h128,0.001,0.0,0.0001,1.0,3942
69,4,age_bin,attention,0.0001,1e-05,0.0,1.0,3942
69,4,age_bin,shuffled,0.01,0.0001,0.95507,0.55606,3942
69,4,gender,ema_lr1e-3,0.001,0.0001,0.90772,0.51953,3942
69,4,gender,ema_lr5e-3,0.005,0.0001,0.87643,0.49036,3942
69,4,gender,ema_lr1e-2,0.01,0.0001,0.86391,0.50228,3942
69,4,gender,ema_lr5e-2,0.05,0.0001,1.05555,0.54008,3942
69,4,gender,ema_lr1e-2_wd1e-3,0.01,0.001,0.83223,0.50609,3942
69,4,gender,ema_d0.99,0.01,0.0001,0.84304,0.50507,3942
69,4,gender,ema_d0.9999,0.01,0.0001,0.81902,0.51776,3942
69,4,gender,mlp_h16,0.001,0.0,0.6854,0.54059,3942
69,4,gender,mlp_h32,0.001,0.0,0.68697,0.54363,3942
69,4,gender,mlp_h64,0.001,0.0,0.69107,0.5378,3942
69,4,gender,mlp_h128,0.001,0.0,0.69147,0.52461,3942
69,4,gender,attention,0.0001,1e-05,0.71477,0.44531,3942
69,4,gender,shuffled,0.01,0.0001,0.85901,0.48478,3942
69,4,star_sign,ema_lr1e-3,0.001,0.0001,3.02843,0.08701,3942
69,4,star_sign,ema_lr5e-3,0.005,0.0001,2.65228,0.14028,3942
69,4,star_sign,ema_lr1e-2,0.01,0.0001,2.3057,0.22907,3942
69,4,star_sign,ema_lr5e-2,0.05,0.0001,0.82706,0.93303,3942
69,4,star_sign,ema_lr1e-2_wd1e-3,0.01,0.001,2.32444,0.22374,3942
69,4,star_sign,ema_d0.99,0.01,0.0001,2.33127,0.23034,3942
69,4,star_sign,ema_d0.9999,0.01,0.0001,2.31426,0.23896,3942
69,4,star_sign,mlp_h16,0.001,0.0,0.00831,1.0,3942
69,4,star_sign,mlp_h32,0.001,0.0,0.00351,1.0,3942
69,4,star_sign,mlp_h64,0.001,0.0,0.00099,1.0,3942
69,4,star_sign,mlp_h128,0.001,0.0,6e-05,1.0,3942
69,4,star_sign,attention,0.0001,1e-05,0.00024,1.0,3942
69,4,star_sign,shuffled,0.01,0.0001,2.37571,0.2278,3942
69,8,age_bin,ema_lr1e-3,0.001,0.0001,1.42902,0.34982,3942
69,8,age_bin,ema_lr5e-3,0.005,0.0001,1.16843,0.43836,3942
69,8,age_bin,ema_lr1e-2,0.01,0.0001,0.95127,0.57128,3942
69,8,age_bin,ema_lr5e-2,0.05,0.0001,0.30881,0.96322,3942
69,8,age_bin,ema_lr1e-2_wd1e-3,0.01,0.001,0.97108,0.53881,3942
69,8,age_bin,ema_d0.99,0.01,0.0001,0.95043,0.57002,3942
69,8,age_bin,ema_d0.9999,0.01,0.0001,0.94335,0.5652,3942
69,8,age_bin,mlp_h16,0.001,0.0,0.00573,1.0,3942
69,8,age_bin,mlp_h32,0.001,0.0,0.00186,1.0,3942
69,8,age_bin,mlp_h64,0.001,0.0,0.00049,1.0,3942
69,8,age_bin,mlp_h128,0.001,0.0,0.00022,1.0,3942
69,8,age_bin,attention,0.0001,1e-05,0.0,1.0,3942
69,8,age_bin,shuffled,0.01,0.0001,0.96587,0.55074,3942
69,8,gender,ema_lr1e-3,0.001,0.0001,1.00468,0.47945,3942
69,8,gender,ema_lr5e-3,0.005,0.0001,0.87745,0.50203,3942
69,8,gender,ema_lr1e-2,0.01,0.0001,0.84887,0.49848,3942
69,8,gender,ema_lr5e-2,0.05,0.0001,1.02081,0.5,3942
69,8,gender,ema_lr1e-2_wd1e-3,0.01,0.001,0.82404,0.51674,3942
69,8,gender,ema_d0.99,0.01,0.0001,0.82731,0.52029,3942
69,8,gender,ema_d0.9999,0.01,0.0001,0.8271,0.51344,3942
69,8,gender,mlp_h16,0.001,0.0,0.68973,0.53577,3942
69,8,gender,mlp_h32,0.001,0.0,0.69281,0.52841,3942
69,8,gender,mlp_h64,0.001,0.0,0.6941,0.52258,3942
69,8,gender,mlp_h128,0.001,0.0,0.69153,0.53831,3942
69,8,gender,attention,0.0001,1e-05,0.7208,0.49219,3942
69,8,gender,shuffled,0.01,0.0001,0.84957,0.49645,3942
69,8,star_sign,ema_lr1e-3,0.001,0.0001,3.04416,0.08929,3942
69,8,star_sign,ema_lr5e-3,0.005,0.0001,2.71224,0.14764,3942
69,8,star_sign,ema_lr1e-2,0.01,0.0001,2.36214,0.22324,3942
69,8,star_sign,ema_lr5e-2,0.05,0.0001,0.91698,0.94115,3942
69,8,star_sign,ema_lr1e-2_wd1e-3,0.01,0.001,2.38102,0.20852,3942
69,8,star_sign,ema_d0.99,0.01,0.0001,2.35621,0.20015,3942
69,8,star_sign,ema_d0.9999,0.01,0.0001,2.35726,0.22095,3942
69,8,star_sign,mlp_h16,0.001,0.0,0.02336,1.0,3942
69,8,star_sign,mlp_h32,0.001,0.0,0.00494,1.0,3942
69,8,star_sign,mlp_h64,0.001,0.0,0.00116,1.0,3942
69,8,star_sign,mlp_h128,0.001,0.0,0.00011,1.0,3942
69,8,star_sign,attention,0.0001,1e-05,0.0,1.0,3942
69,8,star_sign,shuffled,0.01,0.0001,2.39479,0.19685,3942
69,12,age_bin,ema_lr1e-3,0.001,0.0001,1.47121,0.33054,3942
69,12,age_bin,ema_lr5e-3,0.005,0.0001,1.20224,0.43455,3942
69,12,age_bin,ema_lr1e-2,0.01,0.0001,0.98872,0.53298,3942
69,12,age_bin,ema_lr5e-2,0.05,0.0001,0.3165,0.98554,3942
69,12,age_bin,ema_lr1e-2_wd1e-3,0.01,0.001,0.95705,0.56139,3942
69,12,age_bin,ema_d0.99,0.01,0.0001,0.93672,0.57027,3942
69,12,age_bin,ema_d0.9999,0.01,0.0001,0.94939,0.55556,3942
69,12,age_bin,mlp_h16,0.001,0.0,0.00313,1.0,3942
69,12,age_bin,mlp_h32,0.001,0.0,0.0022,1.0,3942
69,12,age_bin,mlp_h64,0.001,0.0,0.00154,1.0,3942
69,12,age_bin,mlp_h128,0.001,0.0,0.00025,1.0,3942
69,12,age_bin,attention,0.0001,1e-05,0.00085,1.0,3942
69,12,age_bin,shuffled,0.01,0.0001,0.96039,0.55784,3942
69,12,gender,ema_lr1e-3,0.001,0.0001,1.0037,0.48757,3942
69,12,gender,ema_lr5e-3,0.005,0.0001,0.89155,0.50228,3942
69,12,gender,ema_lr1e-2,0.01,0.0001,0.84665,0.48478,3942
69,12,gender,ema_lr5e-2,0.05,0.0001,0.85972,0.5312,3942
69,12,gender,ema_lr1e-2_wd1e-3,0.01,0.001,0.84482,0.49619,3942
69,12,gender,ema_d0.99,0.01,0.0001,0.82841,0.51903,3942
69,12,gender,ema_d0.9999,0.01,0.0001,0.83023,0.51877,3942
69,12,gender,mlp_h16,0.001,0.0,0.6858,0.55556,3942
69,12,gender,mlp_h32,0.001,0.0,0.68984,0.5449,3942
69,12,gender,mlp_h64,0.001,0.0,0.69422,0.52537,3942
69,12,gender,mlp_h128,0.001,0.0,0.69693,0.53044,3942
69,12,gender,attention,0.0001,1e-05,0.7489,0.53125,3942
69,12,gender,shuffled,0.01,0.0001,0.84173,0.49721,3942
69,12,star_sign,ema_lr1e-3,0.001,0.0001,3.17452,0.08853,3942
69,12,star_sign,ema_lr5e-3,0.005,0.0001,2.71848,0.14561,3942
69,12,star_sign,ema_lr1e-2,0.01,0.0001,2.36026,0.21258,3942
69,12,star_sign,ema_lr5e-2,0.05,0.0001,0.80815,0.92998,3942
69,12,star_sign,ema_lr1e-2_wd1e-3,0.01,0.001,2.38873,0.21689,3942
69,12,star_sign,ema_d0.99,0.01,0.0001,2.39724,0.20396,3942
69,12,star_sign,ema_d0.9999,0.01,0.0001,2.42432,0.21258,3942
69,12,star_sign,mlp_h16,0.001,0.0,0.01822,1.0,3942
69,12,star_sign,mlp_h32,0.001,0.0,0.00634,1.0,3942
69,12,star_sign,mlp_h64,0.001,0.0,0.00102,1.0,3942
69,12,star_sign,mlp_h128,0.001,0.0,0.0003,1.0,3942
69,12,star_sign,attention,0.0001,1e-05,7e-05,1.0,3942
69,12,star_sign,shuffled,0.01,0.0001,2.45787,0.18848,3942
69,16,age_bin,ema_lr1e-3,0.001,0.0001,1.47213,0.35033,3942
69,16,age_bin,ema_lr5e-3,0.005,0.0001,1.15642,0.45079,3942
69,16,age_bin,ema_lr1e-2,0.01,0.0001,0.9485,0.56722,3942
69,16,age_bin,ema_lr5e-2,0.05,0.0001,0.27117,0.98808,3942
69,16,age_bin,ema_lr1e-2_wd1e-3,0.01,0.001,0.95881,0.56291,3942
69,16,age_bin,ema_d0.99,0.01,0.0001,0.9657,0.5553,3942
69,16,age_bin,ema_d0.9999,0.01,0.0001,0.95299,0.5652,3942
69,16,age_bin,mlp_h16,0.001,0.0,0.01107,1.0,3942
69,16,age_bin,mlp_h32,0.001,0.0,0.00275,1.0,3942
69,16,age_bin,mlp_h64,0.001,0.0,0.0005,1.0,3942
69,16,age_bin,mlp_h128,0.001,0.0,0.00024,1.0,3942
69,16,age_bin,attention,0.0001,1e-05,0.0,1.0,3942
69,16,age_bin,shuffled,0.01,0.0001,1.01439,0.53602,3942
69,16,gender,ema_lr1e-3,0.001,0.0001,0.90825,0.53551,3942
69,16,gender,ema_lr5e-3,0.005,0.0001,0.84858,0.53298,3942
69,16,gender,ema_lr1e-2,0.01,0.0001,0.85816,0.50786,3942
69,16,gender,ema_lr5e-2,0.05,0.0001,0.74619,0.52943,3942
69,16,gender,ema_lr1e-2_wd1e-3,0.01,0.001,0.80606,0.53222,3942
69,16,gender,ema_d0.99,0.01,0.0001,0.82839,0.52486,3942
69,16,gender,ema_d0.9999,0.01,0.0001,0.83221,0.51624,3942
69,16,gender,mlp_h16,0.001,0.0,0.69565,0.5312,3942
69,16,gender,mlp_h32,0.001,0.0,0.69777,0.52334,3942
69,16,gender,mlp_h64,0.001,0.0,0.69413,0.53247,3942
69,16,gender,mlp_h128,0.001,0.0,0.68694,0.552,3942
69,16,gender,attention,0.0001,1e-05,0.73212,0.46094,3942
69,16,gender,shuffled,0.01,0.0001,0.82758,0.51826,3942
69,16,star_sign,ema_lr1e-3,0.001,0.0001,3.11072,0.07839,3942
69,16,star_sign,ema_lr5e-3,0.005,0.0001,2.84287,0.12278,3942
69,16,star_sign,ema_lr1e-2,0.01,0.0001,2.40353,0.22019,3942
69,16,star_sign,ema_lr5e-2,0.05,0.0001,0.77288,0.92643,3942
69,16,star_sign,ema_lr1e-2_wd1e-3,0.01,0.001,2.39036,0.2311,3942
69,16,star_sign,ema_d0.99,0.01,0.0001,2.40974,0.20624,3942
69,16,star_sign,ema_d0.9999,0.01,0.0001,2.4228,0.21385,3942
69,16,star_sign,mlp_h16,0.001,0.0,0.02215,1.0,3942
69,16,star_sign,mlp_h32,0.001,0.0,0.00891,1.0,3942
69,16,star_sign,mlp_h64,0.001,0.0,0.00311,1.0,3942
69,16,star_sign,mlp_h128,0.001,0.0,0.00036,1.0,3942
69,16,star_sign,attention,0.0001,1e-05,0.0,1.0,3942
69,16,star_sign,shuffled,0.01,0.0001,2.47454,0.20573,3942
70,0,age_bin,ema_lr1e-3,0.001,0.0001,1.45575,0.27079,4125
70,0,age_bin,ema_lr5e-3,0.005,0.0001,1.16644,0.59127,4125
70,0,age_bin,ema_lr1e-2,0.01,0.0001,0.97567,0.71685,4125
70,0,age_bin,ema_lr5e-2,0.05,0.0001,0.26194,0.98255,4125
70,0,age_bin,ema_lr1e-2_wd1e-3,0.01,0.001,0.94484,0.72776,4125
70,0,age_bin,ema_d0.99,0.01,0.0001,0.94639,0.71491,4125
70,0,age_bin,ema_d0.9999,0.01,0.0001,0.91377,0.72824,4125
70,0,age_bin,mlp_h16,0.001,0.0,0.00491,1.0,4125
70,0,age_bin,mlp_h32,0.001,0.0,0.00328,1.0,4125
70,0,age_bin,mlp_h64,0.001,0.0,0.00116,1.0,4125
70,0,age_bin,mlp_h128,0.001,0.0,0.00029,1.0,4125
70,0,age_bin,attention,0.0001,1e-05,0.71682,1.0,4125
70,0,age_bin,shuffled,0.01,0.0001,0.93723,0.73939,4125
70,0,gender,ema_lr1e-3,0.001,0.0001,0.95044,0.49624,4125
70,0,gender,ema_lr5e-3,0.005,0.0001,0.88733,0.50352,4125
70,0,gender,ema_lr1e-2,0.01,0.0001,0.84385,0.49648,4125
70,0,gender,ema_lr5e-2,0.05,0.0001,0.77953,0.50497,4125
70,0,gender,ema_lr1e-2_wd1e-3,0.01,0.001,0.82709,0.50036,4125
70,0,gender,ema_d0.99,0.01,0.0001,0.81992,0.50958,4125
70,0,gender,ema_d0.9999,0.01,0.0001,0.82584,0.50036,4125
70,0,gender,mlp_h16,0.001,0.0,0.69531,0.49939,4125
70,0,gender,mlp_h32,0.001,0.0,0.69644,0.49988,4125
70,0,gender,mlp_h64,0.001,0.0,0.70164,0.49915,4125
70,0,gender,mlp_h128,0.001,0.0,0.69706,0.50206,4125
70,0,gender,attention,0.0001,1e-05,0.6928,0.46875,4125
70,0,gender,shuffled,0.01,0.0001,0.83775,0.50036,4125
70,0,star_sign,ema_lr1e-3,0.001,0.0001,3.16621,0.05358,4125
70,0,star_sign,ema_lr5e-3,0.005,0.0001,2.82079,0.25236,4125
70,0,star_sign,ema_lr1e-2,0.01,0.0001,2.39257,0.3823,4125
70,0,star_sign,ema_lr5e-2,0.05,0.0001,0.72121,0.93455,4125
70,0,star_sign,ema_lr1e-2_wd1e-3,0.01,0.001,2.41039,0.33648,4125
70,0,star_sign,ema_d0.99,0.01,0.0001,2.40392,0.36485,4125
70,0,star_sign,ema_d0.9999,0.01,0.0001,2.41001,0.45479,4125
70,0,star_sign,mlp_h16,0.001,0.0,0.014,1.0,4125
70,0,star_sign,mlp_h32,0.001,0.0,0.00582,1.0,4125
70,0,star_sign,mlp_h64,0.001,0.0,0.00193,1.0,4125
70,0,star_sign,mlp_h128,0.001,0.0,0.00042,1.0,4125
70,0,star_sign,attention,0.0001,1e-05,1.86634,1.0,4125
70,0,star_sign,shuffled,0.01,0.0001,2.396,0.4143,4125
70,4,age_bin,ema_lr1e-3,0.001,0.0001,1.42269,0.33867,4125
70,4,age_bin,ema_lr5e-3,0.005,0.0001,1.15923,0.42182,4125
70,4,age_bin,ema_lr1e-2,0.01,0.0001,0.93164,0.56897,4125
70,4,age_bin,ema_lr5e-2,0.05,0.0001,0.3123,0.98061,4125
70,4,age_bin,ema_lr1e-2_wd1e-3,0.01,0.001,0.89976,0.60267,4125
70,4,age_bin,ema_d0.99,0.01,0.0001,0.92833,0.58788,4125
70,4,age_bin,ema_d0.9999,0.01,0.0001,0.90523,0.59564,4125
70,4,age_bin,mlp_h16,0.001,0.0,0.00362,1.0,4125
70,4,age_bin,mlp_h32,0.001,0.0,0.00213,1.0,4125
70,4,age_bin,mlp_h64,0.001,0.0,0.00032,1.0,4125
70,4,age_bin,mlp_h128,0.001,0.0,0.00011,1.0,4125
70,4,age_bin,attention,0.0001,1e-05,0.0,1.0,4125
70,4,age_bin,shuffled,0.01,0.0001,0.91732,0.59685,4125
70,4,gender,ema_lr1e-3,0.001,0.0001,0.97103,0.48945,4125
70,4,gender,ema_lr5e-3,0.005,0.0001,0.85133,0.50764,4125
70,4,gender,ema_lr1e-2,0.01,0.0001,0.84393,0.49673,4125
70,4,gender,ema_lr5e-2,0.05,0.0001,1.01545,0.52412,4125
70,4,gender,ema_lr1e-2_wd1e-3,0.01,0.001,0.81842,0.50982,4125
70,4,gender,ema_d0.99,0.01,0.0001,0.85179,0.51321,4125
70,4,gender,ema_d0.9999,0.01,0.0001,0.84626,0.50303,4125
70,4,gender,mlp_h16,0.001,0.0,0.69056,0.53455,4125
70,4,gender,mlp_h32,0.001,0.0,0.68964,0.53382,4125
70,4,gender,mlp_h64,0.001,0.0,0.69324,0.51976,4125
70,4,gender,mlp_h128,0.001,0.0,0.70046,0.51176,4125
70,4,gender,attention,0.0001,1e-05,0.69058,0.57031,4125
70,4,gender,shuffled,0.01,0.0001,0.84174,0.50182,4125
70,4,star_sign,ema_lr1e-3,0.001,0.0001,3.03966,0.0817,4125
70,4,star_sign,ema_lr5e-3,0.005,0.0001,2.62677,0.1537,4125
70,4,star_sign,ema_lr1e-2,0.01,0.0001,2.29089,0.2463,4125
70,4,star_sign,ema_lr5e-2,0.05,0.0001,0.93259,0.95006,4125
70,4,star_sign,ema_lr1e-2_wd1e-3,0.01,0.001,2.31268,0.24727,4125
70,4,star_sign,ema_d0.99,0.01,0.0001,2.32172,0.23079,4125
70,4,star_sign,ema_d0.9999,0.01,0.0001,2.29418,0.2497,4125
70,4,star_sign,mlp_h16,0.001,0.0,0.00817,1.0,4125
70,4,star_sign,mlp_h32,0.001,0.0,0.00365,1.0,4125
70,4,star_sign,mlp_h64,0.001,0.0,0.00103,1.0,4125
70,4,star_sign,mlp_h128,0.001,0.0,6e-05,1.0,4125
70,4,star_sign,attention,0.0001,1e-05,0.00013,1.0,4125
70,4,star_sign,shuffled,0.01,0.0001,2.33094,0.24218,4125
70,8,age_bin,ema_lr1e-3,0.001,0.0001,1.46243,0.35127,4125
70,8,age_bin,ema_lr5e-3,0.005,0.0001,1.14483,0.46206,4125
70,8,age_bin,ema_lr1e-2,0.01,0.0001,0.94014,0.58036,4125
70,8,age_bin,ema_lr5e-2,0.05,0.0001,0.46422,0.91709,4125
70,8,age_bin,ema_lr1e-2_wd1e-3,0.01,0.001,0.93491,0.56509,4125
70,8,age_bin,ema_d0.99,0.01,0.0001,0.94772,0.57794,4125
70,8,age_bin,ema_d0.9999,0.01,0.0001,0.93228,0.57867,4125
70,8,age_bin,mlp_h16,0.001,0.0,0.00568,1.0,4125
70,8,age_bin,mlp_h32,0.001,0.0,0.00191,1.0,4125
70,8,age_bin,mlp_h64,0.001,0.0,0.00051,1.0,4125
70,8,age_bin,mlp_h128,0.001,0.0,0.00023,1.0,4125
70,8,age_bin,attention,0.0001,1e-05,0.0,1.0,4125
70,8,age_bin,shuffled,0.01,0.0001,0.92746,0.57915,4125
70,8,gender,ema_lr1e-3,0.001,0.0001,0.92111,0.51055,4125
70,8,gender,ema_lr5e-3,0.005,0.0001,0.85852,0.52848,4125
70,8,gender,ema_lr1e-2,0.01,0.0001,0.81228,0.51418,4125
70,8,gender,ema_lr5e-2,0.05,0.0001,1.06138,0.50933,4125
70,8,gender,ema_lr1e-2_wd1e-3,0.01,0.001,0.82486,0.53018,4125
70,8,gender,ema_d0.99,0.01,0.0001,0.80919,0.52267,4125
70,8,gender,ema_d0.9999,0.01,0.0001,0.83665,0.50424,4125
70,8,gender,mlp_h16,0.001,0.0,0.68561,0.54861,4125
70,8,gender,mlp_h32,0.001,0.0,0.68472,0.54352,4125
70,8,gender,mlp_h64,0.001,0.0,0.6842,0.54424,4125
70,8,gender,mlp_h128,0.001,0.0,0.68295,0.56218,4125
70,8,gender,attention,0.0001,1e-05,0.66084,0.5625,4125
70,8,gender,shuffled,0.01,0.0001,0.86737,0.49188,4125
70,8,star_sign,ema_lr1e-3,0.001,0.0001,3.02017,0.0897,4125
70,8,star_sign,ema_lr5e-3,0.005,0.0001,2.71798,0.13794,4125
70,8,star_sign,ema_lr1e-2,0.01,0.0001,2.33922,0.22448,4125
70,8,star_sign,ema_lr5e-2,0.05,0.0001,0.83084,0.92242,4125
70,8,star_sign,ema_lr1e-2_wd1e-3,0.01,0.001,2.30363,0.22885,4125
70,8,star_sign,ema_d0.99,0.01,0.0001,2.38945,0.19952,4125
70,8,star_sign,ema_d0.9999,0.01,0.0001,2.3724,0.21988,4125
70,8,star_sign,mlp_h16,0.001,0.0,0.02075,1.0,4125
70,8,star_sign,mlp_h32,0.001,0.0,0.00504,1.0,4125
70,8,star_sign,mlp_h64,0.001,0.0,0.00127,1.0,4125
70,8,star_sign,mlp_h128,0.001,0.0,0.00012,1.0,4125
70,8,star_sign,attention,0.0001,1e-05,0.0,1.0,4125
70,8,star_sign,shuffled,0.01,0.0001,2.35198,0.20945,4125
70,12,age_bin,ema_lr1e-3,0.001,0.0001,1.45308,0.33939,4125
70,12,age_bin,ema_lr5e-3,0.005,0.0001,1.18522,0.42618,4125
70,12,age_bin,ema_lr1e-2,0.01,0.0001,0.94957,0.56,4125
70,12,age_bin,ema_lr5e-2,0.05,0.0001,0.27591,0.99152,4125
70,12,age_bin,ema_lr1e-2_wd1e-3,0.01,0.001,0.97,0.56606,4125
70,12,age_bin,ema_d0.99,0.01,0.0001,0.9477,0.56097,4125
70,12,age_bin,ema_d0.9999,0.01,0.0001,0.96922,0.52897,4125
70,12,age_bin,mlp_h16,0.001,0.0,0.00283,1.0,4125
70,12,age_bin,mlp_h32,0.001,0.0,0.00211,1.0,4125
70,12,age_bin,mlp_h64,0.001,0.0,0.00143,1.0,4125
70,12,age_bin,mlp_h128,0.001,0.0,0.00024,1.0,4125
70,12,age_bin,attention,0.0001,1e-05,0.00035,1.0,4125
70,12,age_bin,shuffled,0.01,0.0001,0.97789,0.552,4125
70,12,gender,ema_lr1e-3,0.001,0.0001,0.95158,0.51733,4125
70,12,gender,ema_lr5e-3,0.005,0.0001,0.84346,0.52461,4125
70,12,gender,ema_lr1e-2,0.01,0.0001,0.80259,0.52945,4125
70,12,gender,ema_lr5e-2,0.05,0.0001,0.88649,0.52558,4125
70,12,gender,ema_lr1e-2_wd1e-3,0.01,0.001,0.77871,0.54715,4125
70,12,gender,ema_d0.99,0.01,0.0001,0.8197,0.51345,4125
70,12,gender,ema_d0.9999,0.01,0.0001,0.81966,0.51588,4125
70,12,gender,mlp_h16,0.001,0.0,0.6818,0.53988,4125
70,12,gender,mlp_h32,0.001,0.0,0.68391,0.54061,4125
70,12,gender,mlp_h64,0.001,0.0,0.68947,0.54182,4125
70,12,gender,mlp_h128,0.001,0.0,0.68591,0.54012,4125
70,12,gender,attention,0.0001,1e-05,0.66609,0.5625,4125
70,12,gender,shuffled,0.01,0.0001,0.83754,0.50424,4125
70,12,star_sign,ema_lr1e-3,0.001,0.0001,3.12478,0.09236,4125
70,12,star_sign,ema_lr5e-3,0.005,0.0001,2.79049,0.14327,4125
70,12,star_sign,ema_lr1e-2,0.01,0.0001,2.44564,0.19733,4125
70,12,star_sign,ema_lr5e-2,0.05,0.0001,0.81186,0.92339,4125
70,12,star_sign,ema_lr1e-2_wd1e-3,0.01,0.001,2.40561,0.19855,4125
70,12,star_sign,ema_d0.99,0.01,0.0001,2.41095,0.20945,4125
70,12,star_sign,ema_d0.9999,0.01,0.0001,2.382,0.22618,4125
70,12,star_sign,mlp_h16,0.001,0.0,0.01772,1.0,4125
70,12,star_sign,mlp_h32,0.001,0.0,0.00627,1.0,4125
70,12,star_sign,mlp_h64,0.001,0.0,0.00097,1.0,4125
70,12,star_sign,mlp_h128,0.001,0.0,0.0003,1.0,4125
70,12,star_sign,attention,0.0001,1e-05,4e-05,1.0,4125
70,12,star_sign,shuffled,0.01,0.0001,2.40893,0.21067,4125
70,16,age_bin,ema_lr1e-3,0.001,0.0001,1.48268,0.34376,4125
70,16,age_bin,ema_lr5e-3,0.005,0.0001,1.2016,0.43152,4125
70,16,age_bin,ema_lr1e-2,0.01,0.0001,0.9095,0.59418,4125
70,16,age_bin,ema_lr5e-2,0.05,0.0001,0.27153,0.98739,4125
70,16,age_bin,ema_lr1e-2_wd1e-3,0.01,0.001,0.99997,0.53673,4125
70,16,age_bin,ema_d0.99,0.01,0.0001,0.90997,0.59733,4125
70,16,age_bin,ema_d0.9999,0.01,0.0001,0.95355,0.57285,4125
70,16,age_bin,mlp_h16,0.001,0.0,0.01034,1.0,4125
70,16,age_bin,mlp_h32,0.001,0.0,0.00257,1.0,4125
70,16,age_bin,mlp_h64,0.001,0.0,0.00048,1.0,4125
70,16,age_bin,mlp_h128,0.001,0.0,0.00023,1.0,4125
70,16,age_bin,attention,0.0001,1e-05,1e-05,1.0,4125
70,16,age_bin,shuffled,0.01,0.0001,0.99846,0.54036,4125
70,16,gender,ema_lr1e-3,0.001,0.0001,0.93532,0.51297,4125
70,16,gender,ema_lr5e-3,0.005,0.0001,0.8863,0.5183,4125
70,16,gender,ema_lr1e-2,0.01,0.0001,0.86291,0.5057,4125
70,16,gender,ema_lr5e-2,0.05,0.0001,0.76467,0.51442,4125
70,16,gender,ema_lr1e-2_wd1e-3,0.01,0.001,0.85298,0.50448,4125
70,16,gender,ema_d0.99,0.01,0.0001,0.8316,0.52364,4125
70,16,gender,ema_d0.9999,0.01,0.0001,0.84688,0.50352,4125
70,16,gender,mlp_h16,0.001,0.0,0.68093,0.55806,4125
70,16,gender,mlp_h32,0.001,0.0,0.67912,0.55103,4125
70,16,gender,mlp_h64,0.001,0.0,0.68241,0.54279,4125
70,16,gender,mlp_h128,0.001,0.0,0.67979,0.54861,4125
70,16,gender,attention,0.0001,1e-05,0.72812,0.48438,4125
70,16,gender,shuffled,0.01,0.0001,0.84572,0.50521,4125
70,16,star_sign,ema_lr1e-3,0.001,0.0001,3.15774,0.07515,4125
70,16,star_sign,ema_lr5e-3,0.005,0.0001,2.85085,0.12752,4125
70,16,star_sign,ema_lr1e-2,0.01,0.0001,2.49113,0.18473,4125
70,16,star_sign,ema_lr5e-2,0.05,0.0001,0.78198,0.92727,4125
70,16,star_sign,ema_lr1e-2_wd1e-3,0.01,0.001,2.39717,0.22715,4125
70,16,star_sign,ema_d0.99,0.01,0.0001,2.44591,0.21867,4125
70,16,star_sign,ema_d0.9999,0.01,0.0001,2.39425,0.21552,4125
70,16,star_sign,mlp_h16,0.001,0.0,0.02143,1.0,4125
70,16,star_sign,mlp_h32,0.001,0.0,0.00897,1.0,4125
70,16,star_sign,mlp_h64,0.001,0.0,0.00288,1.0,4125
70,16,star_sign,mlp_h128,0.001,0.0,0.00031,1.0,4125
70,16,star_sign,attention,0.0001,1e-05,0.0,1.0,4125
70,16,star_sign,shuffled,0.01,0.0001,2.39589,0.21358,4125
71,0,age_bin,ema_lr1e-3,0.001,0.0001,1.42523,0.29824,3866
71,0,age_bin,ema_lr5e-3,0.005,0.0001,1.17964,0.58562,3866
71,0,age_bin,ema_lr1e-2,0.01,0.0001,0.93056,0.73254,3866
71,0,age_bin,ema_lr5e-2,0.05,0.0001,0.26206,0.98345,3866
71,0,age_bin,ema_lr1e-2_wd1e-3,0.01,0.001,0.92472,0.73487,3866
71,0,age_bin,ema_d0.99,0.01,0.0001,0.92469,0.72375,3866
71,0,age_bin,ema_d0.9999,0.01,0.0001,0.92579,0.73047,3866
71,0,age_bin,mlp_h16,0.001,0.0,0.00514,1.0,3866
71,0,age_bin,mlp_h32,0.001,0.0,0.00331,1.0,3866
71,0,age_bin,mlp_h64,0.001,0.0,0.00127,1.0,3866
71,0,age_bin,mlp_h128,0.001,0.0,0.00033,1.0,3866
71,0,age_bin,attention,0.0001,1e-05,0.7018,1.0,3866
71,0,age_bin,shuffled,0.01,0.0001,0.95754,0.71805,3866
71,0,gender,ema_lr1e-3,0.001,0.0001,0.95944,0.49327,3866
71,0,gender,ema_lr5e-3,0.005,0.0001,0.88118,0.50776,3866
71,0,gender,ema_lr1e-2,0.01,0.0001,0.8527,0.48939,3866
71,0,gender,ema_lr5e-2,0.05,0.0001,0.77029,0.50466,3866
71,0,gender,ema_lr1e-2_wd1e-3,0.01,0.001,0.84498,0.49483,3866
71,0,gender,ema_d0.99,0.01,0.0001,0.83279,0.49483,3866
71,0,gender,ema_d0.9999,0.01,0.0001,0.83194,0.51061,3866
71,0,gender,mlp_h16,0.001,0.0,0.69543,0.49974,3866
71,0,gender,mlp_h32,0.001,0.0,0.69758,0.48862,3866
71,0,gender,mlp_h64,0.001,0.0,0.69854,0.5044,3866
71,0,gender,mlp_h128,0.001,0.0,0.70252,0.50129,3866
71,0,gender,attention,0.0001,1e-05,0.69296,0.46875,3866
71,0,gender,shuffled,0.01,0.0001,0.82977,0.48914,3866
71,0,star_sign,ema_lr1e-3,0.001,0.0001,3.17536,0.05354,3866
71,0,star_sign,ema_lr5e-3,0.005,0.0001,2.74748,0.25892,3866
71,0,star_sign,ema_lr1e-2,0.01,0.0001,2.3984,0.38127,3866
71,0,star_sign,ema_lr5e-2,0.05,0.0001,0.70185,0.94051,3866
71,0,star_sign,ema_lr1e-2_wd1e-3,0.01,0.001,2.40084,0.36187,3866
71,0,star_sign,ema_d0.99,0.01,0.0001,2.40019,0.37196,3866
71,0,star_sign,ema_d0.9999,0.01,0.0001,2.38972,0.45266,3866
71,0,star_sign,mlp_h16,0.001,0.0,0.0145,1.0,3866
71,0,star_sign,mlp_h32,0.001,0.0,0.00654,1.0,3866
71,0,star_sign,mlp_h64,0.001,0.0,0.00223,1.0,3866
71,0,star_sign,mlp_h128,0.001,0.0,0.00051,1.0,3866
71,0,star_sign,attention,0.0001,1e-05,1.83974,1.0,3866
71,0,star_sign,shuffled,0.01,0.0001,2.36468,0.43326,3866
71,4,age_bin,ema_lr1e-3,0.001,0.0001,1.39382,0.36472,3866
71,4,age_bin,ema_lr5e-3,0.005,0.0001,1.1124,0.45137,3866
71,4,age_bin,ema_lr1e-2,0.01,0.0001,0.92337,0.57656,3866
71,4,age_bin,ema_lr5e-2,0.05,0.0001,0.30358,0.96301,3866
71,4,age_bin,ema_lr1e-2_wd1e-3,0.01,0.001,0.87489,0.62856,3866
71,4,age_bin,ema_d0.99,0.01,0.0001,0.89064,0.61019,3866
71,4,age_bin,ema_d0.9999,0.01,0.0001,0.9037,0.58898,3866
71,4,age_bin,mlp_h16,0.001,0.0,0.00351,1.0,3866
71,4,age_bin,mlp_h32,0.001,0.0,0.00209,1.0,3866
71,4,age_bin,mlp_h64,0.001,0.0,0.0003,1.0,3866
71,4,age_bin,mlp_h128,0.001,0.0,0.0001,1.0,3866
71,4,age_bin,attention,0.0001,1e-05,0.0,1.0,3866
71,4,age_bin,shuffled,0.01,0.0001,0.93292,0.58019,3866
71,4,gender,ema_lr1e-3,0.001,0.0001,0.97266,0.48733,3866
71,4,gender,ema_lr5e-3,0.005,0.0001,0.83483,0.52043,3866
71,4,gender,ema_lr1e-2,0.01,0.0001,0.83867,0.51992,3866
71,4,gender,ema_lr5e-2,0.05,0.0001,1.11295,0.47957,3866
71,4,gender,ema_lr1e-2_wd1e-3,0.01,0.001,0.81952,0.50776,3866
71,4,gender,ema_d0.99,0.01,0.0001,0.83885,0.50155,3866
71,4,gender,ema_d0.9999,0.01,0.0001,0.85819,0.49043,3866
71,4,gender,mlp_h16,0.001,0.0,0.6961,0.51449,3866
71,4,gender,mlp_h32,0.001,0.0,0.69413,0.51526,3866
71,4,gender,mlp_h64,0.001,0.0,0.69771,0.52173,3866
71,4,gender,mlp_h128,0.001,0.0,0.69765,0.51371,3866
71,4,gender,attention,0.0001,1e-05,0.69577,0.46094,3866
71,4,gender,shuffled,0.01,0.0001,0.84167,0.50362,3866
71,4,star_sign,ema_lr1e-3,0.001,0.0001,3.01185,0.08795,3866
71,4,star_sign,ema_lr5e-3,0.005,0.0001,2.65158,0.14123,3866
71,4,star_sign,ema_lr1e-2,0.01,0.0001,2.24595,0.26177,3866
71,4,star_sign,ema_lr5e-2,0.05,0.0001,0.82576,0.93585,3866
71,4,star_sign,ema_lr1e-2_wd1e-3,0.01,0.001,2.35497,0.21417,3866
71,4,star_sign,ema_d0.99,0.01,0.0001,2.30703,0.24133,3866
71,4,star_sign,ema_d0.9999,0.01,0.0001,2.27725,0.24315,3866
71,4,star_sign,mlp_h16,0.001,0.0,0.00771,1.0,3866
71,4,star_sign,mlp_h32,0.001,0.0,0.00345,1.0,3866
71,4,star_sign,mlp_h64,0.001,0.0,0.00097,1.0,3866
71,4,star_sign,mlp_h128,0.001,0.0,6e-05,1.0,3866
71,4,star_sign,attention,0.0001,1e-05,0.00015,1.0,3866
71,4,star_sign,shuffled,0.01,0.0001,2.30495,0.24521,3866
71,8,age_bin,ema_lr1e-3,0.001,0.0001,1.38101,0.37041,3866
71,8,age_bin,ema_lr5e-3,0.005,0.0001,1.17826,0.44413,3866
71,8,age_bin,ema_lr1e-2,0.01,0.0001,0.93524,0.57398,3866
71,8,age_bin,ema_lr5e-2,0.05,0.0001,0.31808,0.98034,3866
71,8,age_bin,ema_lr1e-2_wd1e-3,0.01,0.001,0.95495,0.54656,3866
71,8,age_bin,ema_d0.99,0.01,0.0001,0.97305,0.55303,3866
71,8,age_bin,ema_d0.9999,0.01,0.0001,0.93488,0.57682,3866
71,8,age_bin,mlp_h16,0.001,0.0,0.00523,1.0,3866
71,8,age_bin,mlp_h32,0.001,0.0,0.00175,1.0,3866
71,8,age_bin,mlp_h64,0.001,0.0,0.00046,1.0,3866
71,8,age_bin,mlp_h128,0.001,0.0,0.0002,1.0,3866
71,8,age_bin,attention,0.0001,1e-05,0.0,1.0,3866
71,8,age_bin,shuffled,0.01,0.0001,0.91586,0.58329,3866
71,8,gender,ema_lr1e-3,0.001,0.0001,0.91483,0.51319,3866
71,8,gender,ema_lr5e-3,0.005,0.0001,0.87371,0.50414,3866
71,8,gender,ema_lr1e-2,0.01,0.0001,0.84108,0.49509,3866
71,8,gender,ema_lr5e-2,0.05,0.0001,0.97549,0.50595,3866
71,8,gender,ema_lr1e-2_wd1e-3,0.01,0.001,0.85974,0.49224,3866
71,8,gender,ema_d0.99,0.01,0.0001,0.82719,0.50595,3866
71,8,gender,ema_d0.9999,0.01,0.0001,0.84395,0.49327,3866
71,8,gender,mlp_h16,0.001,0.0,0.7046,0.49224,3866
71,8,gender,mlp_h32,0.001,0.0,0.70276,0.49509,3866
71,8,gender,mlp_h64,0.001,0.0,0.70448,0.49871,3866
71,8,gender,mlp_h128,0.001,0.0,0.7012,0.49948,3866
71,8,gender,attention,0.0001,1e-05,0.6886,0.53125,3866
71,8,gender,shuffled,0.01,0.0001,0.8527,0.48733,3866
71,8,star_sign,ema_lr1e-3,0.001,0.0001,3.04998,0.0807,3866
71,8,star_sign,ema_lr5e-3,0.005,0.0001,2.77261,0.13244,3866
71,8,star_sign,ema_lr1e-2,0.01,0.0001,2.33412,0.2284,3866
71,8,star_sign,ema_lr5e-2,0.05,0.0001,0.86852,0.94413,3866
71,8,star_sign,ema_lr1e-2_wd1e-3,0.01,0.001,2.32364,0.2253,3866
71,8,star_sign,ema_d0.99,0.01,0.0001,2.34275,0.20409,3866
71,8,star_sign,ema_d0.9999,0.01,0.0001,2.38264,0.21107,3866
71,8,star_sign,mlp_h16,0.001,0.0,0.01792,1.0,3866
71,8,star_sign,mlp_h32,0.001,0.0,0.00446,1.0,3866
71,8,star_sign,mlp_h64,0.001,0.0,0.00109,1.0,3866
71,8,star_sign,mlp_h128,0.001,0.0,0.00011,1.0,3866
71,8,star_sign,attention,0.0001,1e-05,0.0,1.0,3866
71,8,star_sign,shuffled,0.01,0.0001,2.3779,0.20874,3866
71,12,age_bin,ema_lr1e-3,0.001,0.0001,1.49449,0.32437,3866
71,12,age_bin,ema_lr5e-3,0.005,0.0001,1.19718,0.43533,3866
71,12,age_bin,ema_lr1e-2,0.01,0.0001,0.9307,0.56725,3866
71,12,age_bin,ema_lr5e-2,0.05,0.0001,0.26959,0.96405,3866
71,12,age_bin,ema_lr1e-2_wd1e-3,0.01,0.001,0.92445,0.57553,3866
71,12,age_bin,ema_d0.99,0.01,0.0001,0.93275,0.57191,3866
71,12,age_bin,ema_d0.9999,0.01,0.0001,0.94162,0.56053,3866
71,12,age_bin,mlp_h16,0.001,0.0,0.00275,1.0,3866
71,12,age_bin,mlp_h32,0.001,0.0,0.00202,1.0,3866
71,12,age_bin,mlp_h64,0.001,0.0,0.00142,1.0,3866
71,12,age_bin,mlp_h128,0.001,0.0,0.00023,1.0,3866
71,12,age_bin,attention,0.0001,1e-05,0.00037,1.0,3866
71,12,age_bin,shuffled,0.01,0.0001,0.94017,0.55975,3866
71,12,gender,ema_lr1e-3,0.001,0.0001,0.952,0.51733,3866
71,12,gender,ema_lr5e-3,0.005,0.0001,0.86591,0.49741,3866
71,12,gender,ema_lr1e-2,0.01,0.0001,0.81374,0.51423,3866
71,12,gender,ema_lr5e-2,0.05,0.0001,0.85428,0.53104,3866
71,12,gender,ema_lr1e-2_wd1e-3,0.01,0.001,0.85046,0.49302,3866
71,12,gender,ema_d0.99,0.01,0.0001,0.87409,0.48577,3866
71,12,gender,ema_d0.9999,0.01,0.0001,0.83734,0.49715,3866
71,12,gender,mlp_h16,0.001,0.0,0.697,0.51138,3866
71,12,gender,mlp_h32,0.001,0.0,0.69537,0.52457,3866
71,12,gender,mlp_h64,0.001,0.0,0.69386,0.54139,3866
71,12,gender,mlp_h128,0.001,0.0,0.6956,0.53466,3866
71,12,gender,attention,0.0001,1e-05,0.68911,0.51562,3866
71,12,gender,shuffled,0.01,0.0001,0.82671,0.51293,3866
71,12,star_sign,ema_lr1e-3,0.001,0.0001,3.1749,0.09234,3866
71,12,star_sign,ema_lr5e-3,0.005,0.0001,2.72219,0.14692,3866
71,12,star_sign,ema_lr1e-2,0.01,0.0001,2.34654,0.21805,3866
71,12,star_sign,ema_lr5e-2,0.05,0.0001,0.78122,0.92576,3866
71,12,star_sign,ema_lr1e-2_wd1e-3,0.01,0.001,2.30242,0.22581,3866
71,12,star_sign,ema_d0.99,0.01,0.0001,2.39564,0.20538,3866
71,12,star_sign,ema_d0.9999,0.01,0.0001,2.36773,0.22219,3866
71,12,star_sign,mlp_h16,0.001,0.0,0.01599,1.0,3866
71,12,star_sign,mlp_h32,0.001,0.0,0.00608,1.0,3866
71,12,star_sign,mlp_h64,0.001,0.0,0.00096,1.0,3866
71,12,star_sign,mlp_h128,0.001,0.0,0.00026,1.0,3866
71,12,star_sign,attention,0.0001,1e-05,3e-05,1.0,3866
71,12,star_sign,shuffled,0.01,0.0001,2.38983,0.21417,3866
71,16,age_bin,ema_lr1e-3,0.001,0.0001,1.5027,0.34532,3866
71,16,age_bin,ema_lr5e-3,0.005,0.0001,1.15807,0.44154,3866
71,16,age_bin,ema_lr1e-2,0.01,0.0001,0.93709,0.57527,3866
71,16,age_bin,ema_lr5e-2,0.05,0.0001,0.26274,0.98784,3866
71,16,age_bin,ema_lr1e-2_wd1e-3,0.01,0.001,0.93356,0.57915,3866
71,16,age_bin,ema_d0.99,0.01,0.0001,0.92984,0.5732,3866
71,16,age_bin,ema_d0.9999,0.01,0.0001,0.93489,0.57165,3866
71,16,age_bin,mlp_h16,0.001,0.0,0.01134,1.0,3866
71,16,age_bin,mlp_h32,0.001,0.0,0.00271,1.0,3866
71,16,age_bin,mlp_h64,0.001,0.0,0.00047,1.0,3866
71,16,age_bin,mlp_h128,0.001,0.0,0.00024,1.0,3866
71,16,age_bin,attention,0.0001,1e-05,0.0,1.0,3866
71,16,age_bin,shuffled,0.01,0.0001,0.93401,0.57682,3866
71,16,gender,ema_lr1e-3,0.001,0.0001,0.99583,0.49405,3866
71,16,gender,ema_lr5e-3,0.005,0.0001,0.88398,0.5119,3866
71,16,gender,ema_lr1e-2,0.01,0.0001,0.8492,0.5075,3866
71,16,gender,ema_lr5e-2,0.05,0.0001,0.79554,0.50181,3866
71,16,gender,ema_lr1e-2_wd1e-3,0.01,0.001,0.82869,0.51474,3866
71,16,gender,ema_d0.99,0.01,0.0001,0.84524,0.50181,3866
71,16,gender,ema_d0.9999,0.01,0.0001,0.8652,0.48422,3866
71,16,gender,mlp_h16,0.001,0.0,0.69737,0.54682,3866
71,16,gender,mlp_h32,0.001,0.0,0.6939,0.55018,3866
71,16,gender,mlp_h64,0.001,0.0,0.69622,0.5357,3866
71,16,gender,mlp_h128,0.001,0.0,0.69737,0.51862,3866
71,16,gender,attention,0.0001,1e-05,0.72307,0.45312,3866
71,16,gender,shuffled,0.01,0.0001,0.84295,0.4956,3866
71,16,star_sign,ema_lr1e-3,0.001,0.0001,3.06538,0.09855,3866
71,16,star_sign,ema_lr5e-3,0.005,0.0001,2.75304,0.13502,3866
71,16,star_sign,ema_lr1e-2,0.01,0.0001,2.33555,0.24573,3866
71,16,star_sign,ema_lr5e-2,0.05,0.0001,0.75071,0.9374,3866
71,16,star_sign,ema_lr1e-2_wd1e-3,0.01,0.001,2.33747,0.23668,3866
71,16,star_sign,ema_d0.99,0.01,0.0001,2.33623,0.23409,3866
71,16,star_sign,ema_d0.9999,0.01,0.0001,2.37902,0.23125,3866
71,16,star_sign,mlp_h16,0.001,0.0,0.02288,0.99974,3866
71,16,star_sign,mlp_h32,0.001,0.0,0.00968,1.0,3866
71,16,star_sign,mlp_h64,0.001,0.0,0.00313,1.0,3866
71,16,star_sign,mlp_h128,0.001,0.0,0.00033,1.0,3866
71,16,star_sign,attention,0.0001,1e-05,0.0,1.0,3866
71,16,star_sign,shuffled,0.01,0.0001,2.39743,0.20435,3866
72,0,age_bin,ema_lr1e-3,0.001,0.0001,1.46801,0.27346,3825
72,0,age_bin,ema_lr5e-3,0.005,0.0001,1.1643,0.59007,3825
72,0,age_bin,ema_lr1e-2,0.01,0.0001,0.92998,0.72967,3825
72,0,age_bin,ema_lr5e-2,0.05,0.0001,0.25528,0.98248,3825
72,0,age_bin,ema_lr1e-2_wd1e-3,0.01,0.001,0.91577,0.74484,3825
72,0,age_bin,ema_d0.99,0.01,0.0001,0.9223,0.7234,3825
72,0,age_bin,ema_d0.9999,0.01,0.0001,0.93141,0.71686,3825
72,0,age_bin,mlp_h16,0.001,0.0,0.00456,1.0,3825
72,0,age_bin,mlp_h32,0.001,0.0,0.00295,1.0,3825
72,0,age_bin,mlp_h64,0.001,0.0,0.00111,1.0,3825
72,0,age_bin,mlp_h128,0.001,0.0,0.00027,1.0,3825
72,0,age_bin,attention,0.0001,1e-05,0.68726,1.0,3825
72,0,age_bin,shuffled,0.01,0.0001,0.92472,0.74353,3825
72,0,gender,ema_lr1e-3,0.001,0.0001,0.9407,0.50536,3825
72,0,gender,ema_lr5e-3,0.005,0.0001,0.88968,0.49856,3825
72,0,gender,ema_lr1e-2,0.01,0.0001,0.83508,0.50379,3825
72,0,gender,ema_lr5e-2,0.05,0.0001,0.75991,0.5119,3825
72,0,gender,ema_lr1e-2_wd1e-3,0.01,0.001,0.80902,0.5051,3825
72,0,gender,ema_d0.99,0.01,0.0001,0.80704,0.5017,3825
72,0,gender,ema_d0.9999,0.01,0.0001,0.81733,0.49072,3825
72,0,gender,mlp_h16,0.001,0.0,0.69302,0.51739,3825
72,0,gender,mlp_h32,0.001,0.0,0.69756,0.51425,3825
72,0,gender,mlp_h64,0.001,0.0,0.69397,0.51477,3825
72,0,gender,mlp_h128,0.001,0.0,0.69892,0.51739,3825
72,0,gender,attention,0.0001,1e-05,0.69336,0.49219,3825
72,0,gender,shuffled,0.01,0.0001,0.83654,0.4983,3825
72,0,star_sign,ema_lr1e-3,0.001,0.0001,3.15351,0.05046,3825
72,0,star_sign,ema_lr5e-3,0.005,0.0001,2.80035,0.25464,3825
72,0,star_sign,ema_lr1e-2,0.01,0.0001,2.36831,0.39503,3825
72,0,star_sign,ema_lr5e-2,0.05,0.0001,0.68655,0.94562,3825
72,0,star_sign,ema_lr1e-2_wd1e-3,0.01,0.001,2.38739,0.36993,3825
72,0,star_sign,ema_d0.99,0.01,0.0001,2.39353,0.38719,3825
72,0,star_sign,ema_d0.9999,0.01,0.0001,2.37912,0.46065,3825
72,0,star_sign,mlp_h16,0.001,0.0,0.01312,1.0,3825
72,0,star_sign,mlp_h32,0.001,0.0,0.00532,1.0,3825
72,0,star_sign,mlp_h64,0.001,0.0,0.00181,1.0,3825
72,0,star_sign,mlp_h128,0.001,0.0,0.00035,1.0,3825
72,0,star_sign,attention,0.0001,1e-05,1.81273,1.0,3825
72,0,star_sign,shuffled,0.01,0.0001,2.33809,0.42797,3825
72,4,age_bin,ema_lr1e-3,0.001,0.0001,1.41722,0.34667,3825
72,4,age_bin,ema_lr5e-3,0.005,0.0001,1.18231,0.40758,3825
72,4,age_bin,ema_lr1e-2,0.01,0.0001,0.9105,0.58876,3825
72,4,age_bin,ema_lr5e-2,0.05,0.0001,0.55368,0.88288,3825
72,4,age_bin,ema_lr1e-2_wd1e-3,0.01,0.001,0.87931,0.61935,3825
72,4,age_bin,ema_d0.99,0.01,0.0001,0.92455,0.58876,3825
72,4,age_bin,ema_d0.9999,0.01,0.0001,0.89199,0.62065,3825
72,4,age_bin,mlp_h16,0.001,0.0,0.00341,1.0,3825
72,4,age_bin,mlp_h32,0.001,0.0,0.00207,1.0,3825
72,4,age_bin,mlp_h64,0.001,0.0,0.0003,1.0,3825
72,4,age_bin,mlp_h128,0.001,0.0,0.0001,1.0,3825
72,4,age_bin,attention,0.0001,1e-05,0.0,1.0,3825
72,4,age_bin,shuffled,0.01,0.0001,0.92924,0.59582,3825
72,4,gender,ema_lr1e-3,0.001,0.0001,0.94875,0.48706,3825
72,4,gender,ema_lr5e-3,0.005,0.0001,0.85826,0.50301,3825
72,4,gender,ema_lr1e-2,0.01,0.0001,0.85561,0.50876,3825
72,4,gender,ema_lr5e-2,0.05,0.0001,1.13058,0.51425,3825
72,4,gender,ema_lr1e-2_wd1e-3,0.01,0.001,0.84762,0.49307,3825
72,4,gender,ema_d0.99,0.01,0.0001,0.83315,0.50954,3825
72,4,gender,ema_d0.9999,0.01,0.0001,0.87348,0.4949,3825
72,4,gender,mlp_h16,0.001,0.0,0.6834,0.55451,3825
72,4,gender,mlp_h32,0.001,0.0,0.6826,0.55791,3825
72,4,gender,mlp_h64,0.001,0.0,0.68459,0.54745,3825
72,4,gender,mlp_h128,0.001,0.0,0.68652,0.54745,3825
72,4,gender,attention,0.0001,1e-05,0.69952,0.53906,3825
72,4,gender,shuffled,0.01,0.0001,0.82982,0.50039,3825
72,4,star_sign,ema_lr1e-3,0.001,0.0001,3.03549,0.08157,3825
72,4,star_sign,ema_lr5e-3,0.005,0.0001,2.67182,0.14458,3825
72,4,star_sign,ema_lr1e-2,0.01,0.0001,2.24518,0.27059,3825
72,4,star_sign,ema_lr5e-2,0.05,0.0001,0.92235,0.9485,3825
72,4,star_sign,ema_lr1e-2_wd1e-3,0.01,0.001,2.30383,0.23425,3825
72,4,star_sign,ema_d0.99,0.01,0.0001,2.25379,0.25229,3825
72,4,star_sign,ema_d0.9999,0.01,0.0001,2.28466,0.23843,3825
72,4,star_sign,mlp_h16,0.001,0.0,0.00747,1.0,3825
72,4,star_sign,mlp_h32,0.001,0.0,0.00338,1.0,3825
72,4,star_sign,mlp_h64,0.001,0.0,0.00098,1.0,3825
72,4,star_sign,mlp_h128,0.001,0.0,6e-05,1.0,3825
72,4,star_sign,attention,0.0001,1e-05,0.00023,1.0,3825
72,4,star_sign,shuffled,0.01,0.0001,2.30995,0.23477,3825
72,8,age_bin,ema_lr1e-3,0.001,0.0001,1.4072,0.35869,3825
72,8,age_bin,ema_lr5e-3,0.005,0.0001,1.18494,0.4481,3825
72,8,age_bin,ema_lr1e-2,0.01,0.0001,0.95982,0.56418,3825
72,8,age_bin,ema_lr5e-2,0.05,0.0001,0.30378,0.96,3825
72,8,age_bin,ema_lr1e-2_wd1e-3,0.01,0.001,0.9389,0.56392,3825
72,8,age_bin,ema_d0.99,0.01,0.0001,0.91946,0.59163,3825
72,8,age_bin,ema_d0.9999,0.01,0.0001,0.92357,0.57935,3825
72,8,age_bin,mlp_h16,0.001,0.0,0.00521,1.0,3825
72,8,age_bin,mlp_h32,0.001,0.0,0.0018,1.0,3825
72,8,age_bin,mlp_h64,0.001,0.0,0.00048,1.0,3825
72,8,age_bin,mlp_h128,0.001,0.0,0.00022,1.0,3825
72,8,age_bin,attention,0.0001,1e-05,0.0,1.0,3825
72,8,age_bin,shuffled,0.01,0.0001,0.94531,0.56157,3825
72,8,gender,ema_lr1e-3,0.001,0.0001,0.93211,0.49725,3825
72,8,gender,ema_lr5e-3,0.005,0.0001,0.85616,0.51712,3825
72,8,gender,ema_lr1e-2,0.01,0.0001,0.83512,0.5017,3825
72,8,gender,ema_lr5e-2,0.05,0.0001,1.01954,0.5166,3825
72,8,gender,ema_lr1e-2_wd1e-3,0.01,0.001,0.81826,0.51686,3825
72,8,gender,ema_d0.99,0.01,0.0001,0.83546,0.49778,3825
72,8,gender,ema_d0.9999,0.01,0.0001,0.83219,0.50379,3825
72,8,gender,mlp_h16,0.001,0.0,0.68542,0.55268,3825
72,8,gender,mlp_h32,0.001,0.0,0.68595,0.54327,3825
72,8,gender,mlp_h64,0.001,0.0,0.68364,0.55294,3825
72,8,gender,mlp_h128,0.001,0.0,0.68161,0.55503,3825
72,8,gender,attention,0.0001,1e-05,0.68964,0.53906,3825
72,8,gender,shuffled,0.01,0.0001,0.86958,0.48889,3825
72,8,star_sign,ema_lr1e-3,0.001,0.0001,3.04738,0.08288,3825
72,8,star_sign,ema_lr5e-3,0.005,0.0001,2.65443,0.14092,3825
72,8,star_sign,ema_lr1e-2,0.01,0.0001,2.37195,0.21516,3825
72,8,star_sign,ema_lr5e-2,0.05,0.0001,0.8683,0.90458,3825
72,8,star_sign,ema_lr1e-2_wd1e-3,0.01,0.001,2.36886,0.22039,3825
72,8,star_sign,ema_d0.99,0.01,0.0001,2.35613,0.20288,3825
72,8,star_sign,ema_d0.9999,0.01,0.0001,2.31467,0.23582,3825
72,8,star_sign,mlp_h16,0.001,0.0,0.01624,1.0,3825
72,8,star_sign,mlp_h32,0.001,0.0,0.00458,1.0,3825
72,8,star_sign,mlp_h64,0.001,0.0,0.00116,1.0,3825
72,8,star_sign,mlp_h128,0.001,0.0,0.00012,1.0,3825
72,8,star_sign,attention,0.0001,1e-05,0.0,1.0,3825
72,8,star_sign,shuffled,0.01,0.0001,2.31581,0.21961,3825
72,12,age_bin,ema_lr1e-3,0.001,0.0001,1.3889,0.3485,3825
72,12,age_bin,ema_lr5e-3,0.005,0.0001,1.19443,0.42431,3825
72,12,age_bin,ema_lr1e-2,0.01,0.0001,0.94431,0.57229,3825
72,12,age_bin,ema_lr5e-2,0.05,0.0001,0.31272,0.98353,3825
72,12,age_bin,ema_lr1e-2_wd1e-3,0.01,0.001,0.94539,0.56314,3825
72,12,age_bin,ema_d0.99,0.01,0.0001,0.91586,0.58196,3825
72,12,age_bin,ema_d0.9999,0.01,0.0001,0.94643,0.55373,3825
72,12,age_bin,mlp_h16,0.001,0.0,0.00278,1.0,3825
72,12,age_bin,mlp_h32,0.001,0.0,0.002,1.0,3825
72,12,age_bin,mlp_h64,0.001,0.0,0.00139,1.0,3825
72,12,age_bin,mlp_h128,0.001,0.0,0.00023,1.0,3825
72,12,age_bin,attention,0.0001,1e-05,0.00035,1.0,3825
72,12,age_bin,shuffled,0.01,0.0001,0.95288,0.57255,3825
72,12,gender,ema_lr1e-3,0.001,0.0001,0.97371,0.49752,3825
72,12,gender,ema_lr5e-3,0.005,0.0001,0.88786,0.50275,3825
72,12,gender,ema_lr1e-2,0.01,0.0001,0.81424,0.51556,3825
72,12,gender,ema_lr5e-2,0.05,0.0001,0.85286,0.53307,3825
72,12,gender,ema_lr1e-2_wd1e-3,0.01,0.001,0.81286,0.51843,3825
72,12,gender,ema_d0.99,0.01,0.0001,0.76963,0.55007,3825
72,12,gender,ema_d0.9999,0.01,0.0001,0.78766,0.54013,3825
72,12,gender,mlp_h16,0.001,0.0,0.67235,0.56758,3825
72,12,gender,mlp_h32,0.001,0.0,0.67156,0.56471,3825
72,12,gender,mlp_h64,0.001,0.0,0.6749,0.56732,3825
72,12,gender,mlp_h128,0.001,0.0,0.67629,0.55634,3825
72,12,gender,attention,0.0001,1e-05,0.68471,0.53125,3825
72,12,gender,shuffled,0.01,0.0001,0.83166,0.49072,3825
72,12,star_sign,ema_lr1e-3,0.001,0.0001,3.16869,0.08654,3825
72,12,star_sign,ema_lr5e-3,0.005,0.0001,2.71811,0.14928,3825
72,12,star_sign,ema_lr1e-2,0.01,0.0001,2.44231,0.19895,3825
72,12,star_sign,ema_lr5e-2,0.05,0.0001,0.76615,0.93961,3825
72,12,star_sign,ema_lr1e-2_wd1e-3,0.01,0.001,2.32747,0.22013,3825
72,12,star_sign,ema_d0.99,0.01,0.0001,2.3345,0.21856,3825
72,12,star_sign,ema_d0.9999,0.01,0.0001,2.40958,0.20209,3825
72,12,star_sign,mlp_h16,0.001,0.0,0.01692,1.0,3825
72,12,star_sign,mlp_h32,0.001,0.0,0.00585,1.0,3825
72,12,star_sign,mlp_h64,0.001,0.0,0.00093,1.0,3825
72,12,star_sign,mlp_h128,0.001,0.0,0.00028,1.0,3825
72,12,star_sign,attention,0.0001,1e-05,2e-05,1.0,3825
72,12,star_sign,shuffled,0.01,0.0001,2.41423,0.21386,3825
72,16,age_bin,ema_lr1e-3,0.001,0.0001,1.41444,0.36863,3825
72,16,age_bin,ema_lr5e-3,0.005,0.0001,1.1917,0.43608,3825
72,16,age_bin,ema_lr1e-2,0.01,0.0001,0.96224,0.55686,3825
72,16,age_bin,ema_lr5e-2,0.05,0.0001,0.26224,0.98562,3825
72,16,age_bin,ema_lr1e-2_wd1e-3,0.01,0.001,0.97817,0.54667,3825
72,16,age_bin,ema_d0.99,0.01,0.0001,0.9197,0.59033,3825
72,16,age_bin,ema_d0.9999,0.01,0.0001,0.94634,0.57569,3825
72,16,age_bin,mlp_h16,0.001,0.0,0.01063,1.0,3825
72,16,age_bin,mlp_h32,0.001,0.0,0.00284,1.0,3825
72,16,age_bin,mlp_h64,0.001,0.0,0.00047,1.0,3825
72,16,age_bin,mlp_h128,0.001,0.0,0.00025,1.0,3825
72,16,age_bin,attention,0.0001,1e-05,0.0,1.0,3825
72,16,age_bin,shuffled,0.01,0.0001,0.9676,0.55582,3825
72,16,gender,ema_lr1e-3,0.001,0.0001,0.92695,0.52183,3825
72,16,gender,ema_lr5e-3,0.005,0.0001,0.83901,0.53516,3825
72,16,gender,ema_lr1e-2,0.01,0.0001,0.83286,0.51712,3825
72,16,gender,ema_lr5e-2,0.05,0.0001,0.76335,0.5268,3825
72,16,gender,ema_lr1e-2_wd1e-3,0.01,0.001,0.8279,0.52105,3825
72,16,gender,ema_d0.99,0.01,0.0001,0.82264,0.52,3825
72,16,gender,ema_d0.9999,0.01,0.0001,0.82142,0.53359,3825
72,16,gender,mlp_h16,0.001,0.0,0.67784,0.5451,3825
72,16,gender,mlp_h32,0.001,0.0,0.67772,0.55137,3825
72,16,gender,mlp_h64,0.001,0.0,0.67785,0.55111,3825
72,16,gender,mlp_h128,0.001,0.0,0.67306,0.56915,3825
72,16,gender,attention,0.0001,1e-05,0.69244,0.60938,3825
72,16,gender,shuffled,0.01,0.0001,0.83222,0.48575,3825
72,16,star_sign,ema_lr1e-3,0.001,0.0001,3.05563,0.09072,3825
72,16,star_sign,ema_lr5e-3,0.005,0.0001,2.67276,0.1498,3825
72,16,star_sign,ema_lr1e-2,0.01,0.0001,2.38814,0.22641,3825
72,16,star_sign,ema_lr5e-2,0.05,0.0001,0.72891,0.9417,3825
72,16,star_sign,ema_lr1e-2_wd1e-3,0.01,0.001,2.35694,0.24706,3825
72,16,star_sign,ema_d0.99,0.01,0.0001,2.35088,0.22824,3825
72,16,star_sign,ema_d0.9999,0.01,0.0001,2.36742,0.22458,3825
72,16,star_sign,mlp_h16,0.001,0.0,0.0219,0.99974,3825
72,16,star_sign,mlp_h32,0.001,0.0,0.0096,1.0,3825
72,16,star_sign,mlp_h64,0.001,0.0,0.00319,1.0,3825
72,16,star_sign,mlp_h128,0.001,0.0,0.00036,1.0,3825
72,16,star_sign,attention,0.0001,1e-05,0.0,1.0,3825
72,16,star_sign,shuffled,0.01,0.0001,2.35911,0.23059,3825
73,0,age_bin,ema_lr1e-3,0.001,0.0001,1.43722,0.2854,4047
73,0,age_bin,ema_lr5e-3,0.005,0.0001,1.14482,0.59797,4047
73,0,age_bin,ema_lr1e-2,0.01,0.0001,0.92151,0.73536,4047
73,0,age_bin,ema_lr5e-2,0.05,0.0001,0.25409,0.98419,4047
73,0,age_bin,ema_lr1e-2_wd1e-3,0.01,0.001,0.91823,0.74228,4047
73,0,age_bin,ema_d0.99,0.01,0.0001,0.9201,0.72325,4047
73,0,age_bin,ema_d0.9999,0.01,0.0001,0.92842,0.72226,4047
73,0,age_bin,mlp_h16,0.001,0.0,0.00504,1.0,4047
73,0,age_bin,mlp_h32,0.001,0.0,0.00335,1.0,4047
73,0,age_bin,mlp_h64,0.001,0.0,0.0012,1.0,4047
73,0,age_bin,mlp_h128,0.001,0.0,0.00033,1.0,4047
73,0,age_bin,attention,0.0001,1e-05,0.68276,1.0,4047
73,0,age_bin,shuffled,0.01,0.0001,0.91777,0.7403,4047
73,0,gender,ema_lr1e-3,0.001,0.0001,0.92794,0.51297,4047
73,0,gender,ema_lr5e-3,0.005,0.0001,0.87406,0.48851,4047
73,0,gender,ema_lr1e-2,0.01,0.0001,0.81395,0.50927,4047
73,0,gender,ema_lr5e-2,0.05,0.0001,0.76637,0.49617,4047
73,0,gender,ema_lr1e-2_wd1e-3,0.01,0.001,0.8295,0.49444,4047
73,0,gender,ema_d0.99,0.01,0.0001,0.82927,0.50581,4047
73,0,gender,ema_d0.9999,0.01,0.0001,0.84844,0.49345,4047
73,0,gender,mlp_h16,0.001,0.0,0.69482,0.49518,4047
73,0,gender,mlp_h32,0.001,0.0,0.70207,0.49988,4047
73,0,gender,mlp_h64,0.001,0.0,0.69853,0.49543,4047
73,0,gender,mlp_h128,0.001,0.0,0.69947,0.50408,4047
73,0,gender,attention,0.0001,1e-05,0.69138,0.59375,4047
73,0,gender,shuffled,0.01,0.0001,0.84839,0.49345,4047
73,0,star_sign,ema_lr1e-3,0.001,0.0001,3.14519,0.05115,4047
73,0,star_sign,ema_lr5e-3,0.005,0.0001,2.77486,0.25377,4047
73,0,star_sign,ema_lr1e-2,0.01,0.0001,2.37919,0.37559,4047
73,0,star_sign,ema_lr5e-2,0.05,0.0001,0.68586,0.93773,4047
73,0,star_sign,ema_lr1e-2_wd1e-3,0.01,0.001,2.3594,0.35112,4047
73,0,star_sign,ema_d0.99,0.01,0.0001,2.35716,0.38424,4047
73,0,star_sign,ema_d0.9999,0.01,0.0001,2.3459,0.46133,4047
73,0,star_sign,mlp_h16,0.001,0.0,0.01391,1.0,4047
73,0,star_sign,mlp_h32,0.001,0.0,0.00628,1.0,4047
73,0,star_sign,mlp_h64,0.001,0.0,0.00221,1.0,4047
73,0,star_sign,mlp_h128,0.001,0.0,0.00051,1.0,4047
73,0,star_sign,attention,0.0001,1e-05,1.80629,1.0,4047
73,0,star_sign,shuffled,0.01,0.0001,2.35049,0.42649,4047
73,4,age_bin,ema_lr1e-3,0.001,0.0001,1.3897,0.35261,4047
73,4,age_bin,ema_lr5e-3,0.005,0.0001,1.16756,0.41685,4047
73,4,age_bin,ema_lr1e-2,0.01,0.0001,0.90371,0.60736,4047
73,4,age_bin,ema_lr5e-2,0.05,0.0001,0.32543,0.97282,4047
73,4,age_bin,ema_lr1e-2_wd1e-3,0.01,0.001,0.90023,0.61502,4047
73,4,age_bin,ema_d0.99,0.01,0.0001,0.88743,0.60465,4047
73,4,age_bin,ema_d0.9999,0.01,0.0001,0.88683,0.6128,4047
73,4,age_bin,mlp_h16,0.001,0.0,0.00343,1.0,4047
73,4,age_bin,mlp_h32,0.001,0.0,0.00202,1.0,4047
73,4,age_bin,mlp_h64,0.001,0.0,0.0003,1.0,4047
73,4,age_bin,mlp_h128,0.001,0.0,0.0001,1.0,4047
73,4,age_bin,attention,0.0001,1e-05,0.0,1.0,4047
73,4,age_bin,shuffled,0.01,0.0001,0.90842,0.58685,4047
73,4,gender,ema_lr1e-3,0.001,0.0001,0.90492,0.52286,4047
73,4,gender,ema_lr5e-3,0.005,0.0001,0.8464,0.50482,4047
73,4,gender,ema_lr1e-2,0.01,0.0001,0.84788,0.50581,4047
73,4,gender,ema_lr5e-2,0.05,0.0001,1.12774,0.52088,4047
73,4,gender,ema_lr1e-2_wd1e-3,0.01,0.001,0.84884,0.50334,4047
73,4,gender,ema_d0.99,0.01,0.0001,0.84235,0.5152,4047
73,4,gender,ema_d0.9999,0.01,0.0001,0.85351,0.49197,4047
73,4,gender,mlp_h16,0.001,0.0,0.69468,0.50976,4047
73,4,gender,mlp_h32,0.001,0.0,0.69286,0.51791,4047
73,4,gender,mlp_h64,0.001,0.0,0.70027,0.50803,4047
73,4,gender,mlp_h128,0.001,0.0,0.70638,0.48826,4047
73,4,gender,attention,0.0001,1e-05,0.70117,0.53125,4047
73,4,gender,shuffled,0.01,0.0001,0.8505,0.50408,4047
73,4,star_sign,ema_lr1e-3,0.001,0.0001,3.00482,0.09291,4047
73,4,star_sign,ema_lr5e-3,0.005,0.0001,2.58666,0.15221,4047
73,4,star_sign,ema_lr1e-2,0.01,0.0001,2.29113,0.24141,4047
73,4,star_sign,ema_lr5e-2,0.05,0.0001,0.86744,0.91698,4047
73,4,star_sign,ema_lr1e-2_wd1e-3,0.01,0.001,2.25157,0.26291,4047
73,4,star_sign,ema_d0.99,0.01,0.0001,2.29258,0.24512,4047
73,4,star_sign,ema_d0.9999,0.01,0.0001,2.25625,0.24784,4047
73,4,star_sign,mlp_h16,0.001,0.0,0.00733,1.0,4047
73,4,star_sign,mlp_h32,0.001,0.0,0.00339,1.0,4047
73,4,star_sign,mlp_h64,0.001,0.0,0.00096,1.0,4047
73,4,star_sign,mlp_h128,0.001,0.0,6e-05,1.0,4047
73,4,star_sign,attention,0.0001,1e-05,0.00052,1.0,4047
73,4,star_sign,shuffled,0.01,0.0001,2.26879,0.24907,4047
73,8,age_bin,ema_lr1e-3,0.001,0.0001,1.41597,0.35261,4047
73,8,age_bin,ema_lr5e-3,0.005,0.0001,1.1812,0.43687,4047
73,8,age_bin,ema_lr1e-2,0.01,0.0001,0.90474,0.60242,4047
73,8,age_bin,ema_lr5e-2,0.05,0.0001,0.45073,0.93575,4047
73,8,age_bin,ema_lr1e-2_wd1e-3,0.01,0.001,0.89273,0.60119,4047
73,8,age_bin,ema_d0.99,0.01,0.0001,0.95314,0.56462,4047
73,8,age_bin,ema_d0.9999,0.01,0.0001,0.94793,0.58043,4047
73,8,age_bin,mlp_h16,0.001,0.0,0.00476,1.0,4047
73,8,age_bin,mlp_h32,0.001,0.0,0.00167,1.0,4047
73,8,age_bin,mlp_h64,0.001,0.0,0.00044,1.0,4047
73,8,age_bin,mlp_h128,0.001,0.0,0.00019,1.0,4047
73,8,age_bin,attention,0.0001,1e-05,0.0,1.0,4047
73,8,age_bin,shuffled,0.01,0.0001,0.90965,0.58809,4047
73,8,gender,ema_lr1e-3,0.001,0.0001,0.95154,0.49716,4047
73,8,gender,ema_lr5e-3,0.005,0.0001,0.85426,0.50976,4047
73,8,gender,ema_lr1e-2,0.01,0.0001,0.83456,0.51446,4047
73,8,gender,ema_lr5e-2,0.05,0.0001,1.00178,0.47788,4047
73,8,gender,ema_lr1e-2_wd1e-3,0.01,0.001,0.8333,0.5194,4047
73,8,gender,ema_d0.99,0.01,0.0001,0.83127,0.50383,4047
73,8,gender,ema_d0.9999,0.01,0.0001,0.8305,0.49815,4047
73,8,gender,mlp_h16,0.001,0.0,0.69726,0.52434,4047
73,8,gender,mlp_h32,0.001,0.0,0.69636,0.52137,4047
73,8,gender,mlp_h64,0.001,0.0,0.70279,0.50383,4047
73,8,gender,mlp_h128,0.001,0.0,0.69737,0.52508,4047
73,8,gender,attention,0.0001,1e-05,0.68985,0.53906,4047
73,8,gender,shuffled,0.01,0.0001,0.87338,0.49296,4047
73,8,star_sign,ema_lr1e-3,0.001,0.0001,3.02638,0.08821,4047
73,8,star_sign,ema_lr5e-3,0.005,0.0001,2.68538,0.14554,4047
73,8,star_sign,ema_lr1e-2,0.01,0.0001,2.33444,0.23202,4047
73,8,star_sign,ema_lr5e-2,0.05,0.0001,0.80692,0.93477,4047
73,8,star_sign,ema_lr1e-2_wd1e-3,0.01,0.001,2.31027,0.22708,4047
73,8,star_sign,ema_d0.99,0.01,0.0001,2.34136,0.20262,4047
73,8,star_sign,ema_d0.9999,0.01,0.0001,2.34145,0.23375,4047
73,8,star_sign,mlp_h16,0.001,0.0,0.0136,1.0,4047
73,8,star_sign,mlp_h32,0.001,0.0,0.00425,1.0,4047
73,8,star_sign,mlp_h64,0.001,0.0,0.00105,1.0,4047
73,8,star_sign,mlp_h128,0.001,0.0,0.00011,1.0,4047
73,8,star_sign,attention,0.0001,1e-05,0.0,1.0,4047
73,8,star_sign,shuffled,0.01,0.0001,2.34377,0.22412,4047
73,12,age_bin,ema_lr1e-3,0.001,0.0001,1.41905,0.34816,4047
73,12,age_bin,ema_lr5e-3,0.005,0.0001,1.15161,0.47022,4047
73,12,age_bin,ema_lr1e-2,0.01,0.0001,0.94694,0.57055,4047
73,12,age_bin,ema_lr5e-2,0.05,0.0001,0.24888,0.9916,4047
73,12,age_bin,ema_lr1e-2_wd1e-3,0.01,0.001,0.97238,0.55646,4047
73,12,age_bin,ema_d0.99,0.01,0.0001,0.94217,0.5661,4047
73,12,age_bin,ema_d0.9999,0.01,0.0001,0.90681,0.58784,4047
73,12,age_bin,mlp_h16,0.001,0.0,0.00275,1.0,4047
73,12,age_bin,mlp_h32,0.001,0.0,0.00205,1.0,4047
73,12,age_bin,mlp_h64,0.001,0.0,0.00142,1.0,4047
73,12,age_bin,mlp_h128,0.001,0.0,0.00026,1.0,4047
73,12,age_bin,attention,0.0001,1e-05,0.00036,1.0,4047
73,12,age_bin,shuffled,0.01,0.0001,0.91315,0.59526,4047
73,12,gender,ema_lr1e-3,0.001,0.0001,0.94273,0.51816,4047
73,12,gender,ema_lr5e-3,0.005,0.0001,0.84453,0.51594,4047
73,12,gender,ema_lr1e-2,0.01,0.0001,0.79321,0.51594,4047
73,12,gender,ema_lr5e-2,0.05,0.0001,0.8661,0.48678,4047
73,12,gender,ema_lr1e-2_wd1e-3,0.01,0.001,0.80162,0.52829,4047
73,12,gender,ema_d0.99,0.01,0.0001,0.85545,0.49642,4047
73,12,gender,ema_d0.9999,0.01,0.0001,0.84061,0.50507,4047
73,12,gender,mlp_h16,0.001,0.0,0.69033,0.52928,4047
73,12,gender,mlp_h32,0.001,0.0,0.68811,0.53546,4047
73,12,gender,mlp_h64,0.001,0.0,0.68974,0.53101,4047
73,12,gender,mlp_h128,0.001,0.0,0.69121,0.52681,4047
73,12,gender,attention,0.0001,1e-05,0.71917,0.51562,4047
73,12,gender,shuffled,0.01,0.0001,0.84437,0.50111,4047
73,12,star_sign,ema_lr1e-3,0.001,0.0001,3.00356,0.12305,4047
73,12,star_sign,ema_lr5e-3,0.005,0.0001,2.745,0.14579,4047
73,12,star_sign,ema_lr1e-2,0.01,0.0001,2.33515,0.213,4047
73,12,star_sign,ema_lr5e-2,0.05,0.0001,0.71114,0.93205,4047
73,12,star_sign,ema_lr1e-2_wd1e-3,0.01,0.001,2.37445,0.21226,4047
73,12,star_sign,ema_d0.99,0.01,0.0001,2.3771,0.21053,4047
73,12,star_sign,ema_d0.9999,0.01,0.0001,2.35873,0.23178,4047
73,12,star_sign,mlp_h16,0.001,0.0,0.01555,1.0,4047
73,12,star_sign,mlp_h32,0.001,0.0,0.00589,1.0,4047
73,12,star_sign,mlp_h64,0.001,0.0,0.00101,1.0,4047
73,12,star_sign,mlp_h128,0.001,0.0,0.00029,1.0,4047
73,12,star_sign,attention,0.0001,1e-05,5e-05,1.0,4047
73,12,star_sign,shuffled,0.01,0.0001,2.31594,0.24092,4047
73,16,age_bin,ema_lr1e-3,0.001,0.0001,1.47069,0.35508,4047
73,16,age_bin,ema_lr5e-3,0.005,0.0001,1.20958,0.43563,4047
73,16,age_bin,ema_lr1e-2,0.01,0.0001,0.91246,0.5918,4047
73,16,age_bin,ema_lr5e-2,0.05,0.0001,0.24771,0.98715,4047
73,16,age_bin,ema_lr1e-2_wd1e-3,0.01,0.001,0.96678,0.55893,4047
73,16,age_bin,ema_d0.99,0.01,0.0001,0.92403,0.58982,4047
73,16,age_bin,ema_d0.9999,0.01,0.0001,0.89388,0.60662,4047
73,16,age_bin,mlp_h16,0.001,0.0,0.01021,1.0,4047
73,16,age_bin,mlp_h32,0.001,0.0,0.0027,1.0,4047
73,16,age_bin,mlp_h64,0.001,0.0,0.0005,1.0,4047
73,16,age_bin,mlp_h128,0.001,0.0,0.0003,1.0,4047
73,16,age_bin,attention,0.0001,1e-05,0.0,1.0,4047
73,16,age_bin,shuffled,0.01,0.0001,0.96275,0.56857,4047
73,16,gender,ema_lr1e-3,0.001,0.0001,0.95711,0.4979,4047
73,16,gender,ema_lr5e-3,0.005,0.0001,0.90477,0.49617,4047
73,16,gender,ema_lr1e-2,0.01,0.0001,0.88679,0.48406,4047
73,16,gender,ema_lr5e-2,0.05,0.0001,0.79811,0.48579,4047
73,16,gender,ema_lr1e-2_wd1e-3,0.01,0.001,0.84185,0.51742,4047
73,16,gender,ema_d0.99,0.01,0.0001,0.84039,0.51001,4047
73,16,gender,ema_d0.9999,0.01,0.0001,0.82476,0.52953,4047
73,16,gender,mlp_h16,0.001,0.0,0.68767,0.54435,4047
73,16,gender,mlp_h32,0.001,0.0,0.68478,0.53744,4047
73,16,gender,mlp_h64,0.001,0.0,0.68725,0.53867,4047
73,16,gender,mlp_h128,0.001,0.0,0.68717,0.53595,4047
73,16,gender,attention,0.0001,1e-05,0.70904,0.5625,4047
73,16,gender,shuffled,0.01,0.0001,0.85537,0.49395,4047
73,16,star_sign,ema_lr1e-3,0.001,0.0001,3.13947,0.08698,4047
73,16,star_sign,ema_lr5e-3,0.005,0.0001,2.74957,0.14109,4047
73,16,star_sign,ema_lr1e-2,0.01,0.0001,2.3626,0.21917,4047
73,16,star_sign,ema_lr5e-2,0.05,0.0001,0.68465,0.95231,4047
73,16,star_sign,ema_lr1e-2_wd1e-3,0.01,0.001,2.36698,0.23944,4047
73,16,star_sign,ema_d0.99,0.01,0.0001,2.38113,0.234,4047
73,16,star_sign,ema_d0.9999,0.01,0.0001,2.34084,0.23721,4047
73,16,star_sign,mlp_h16,0.001,0.0,0.02114,1.0,4047
73,16,star_sign,mlp_h32,0.001,0.0,0.00928,1.0,4047
73,16,star_sign,mlp_h64,0.001,0.0,0.00356,1.0,4047
73,16,star_sign,mlp_h128,0.001,0.0,0.00033,1.0,4047
73,16,star_sign,attention,0.0001,1e-05,0.0,1.0,4047
73,16,star_sign,shuffled,0.01,0.0001,2.36529,0.22486,4047
74,0,age_bin,ema_lr1e-3,0.001,0.0001,1.44496,0.29494,4272
74,0,age_bin,ema_lr5e-3,0.005,0.0001,1.1722,0.59176,4272
74,0,age_bin,ema_lr1e-2,0.01,0.0001,0.94375,0.72121,4272
74,0,age_bin,ema_lr5e-2,0.05,0.0001,0.24736,0.98947,4272
74,0,age_bin,ema_lr1e-2_wd1e-3,0.01,0.001,0.90795,0.74743,4272
74,0,age_bin,ema_d0.99,0.01,0.0001,0.90429,0.73034,4272
74,0,age_bin,ema_d0.9999,0.01,0.0001,0.9265,0.72706,4272
74,0,age_bin,mlp_h16,0.001,0.0,0.0046,1.0,4272
74,0,age_bin,mlp_h32,0.001,0.0,0.00299,1.0,4272
74,0,age_bin,mlp_h64,0.001,0.0,0.0011,1.0,4272
74,0,age_bin,mlp_h128,0.001,0.0,0.00028,1.0,4272
74,0,age_bin,attention,0.0001,1e-05,0.68349,1.0,4272
74,0,age_bin,shuffled,0.01,0.0001,0.91075,0.75515,4272
74,0,gender,ema_lr1e-3,0.001,0.0001,0.93255,0.49555,4272
74,0,gender,ema_lr5e-3,0.005,0.0001,0.89892,0.49485,4272
74,0,gender,ema_lr1e-2,0.01,0.0001,0.81621,0.49579,4272
74,0,gender,ema_lr5e-2,0.05,0.0001,0.76057,0.50445,4272
74,0,gender,ema_lr1e-2_wd1e-3,0.01,0.001,0.8301,0.50328,4272
74,0,gender,ema_d0.99,0.01,0.0001,0.81826,0.50609,4272
74,0,gender,ema_d0.9999,0.01,0.0001,0.80902,0.50772,4272
74,0,gender,mlp_h16,0.001,0.0,0.69145,0.52434,4272
74,0,gender,mlp_h32,0.001,0.0,0.69111,0.52622,4272
74,0,gender,mlp_h64,0.001,0.0,0.69375,0.52809,4272
74,0,gender,mlp_h128,0.001,0.0,0.69377,0.52411,4272
74,0,gender,attention,0.0001,1e-05,0.69258,0.47656,4272
74,0,gender,shuffled,0.01,0.0001,0.83797,0.49696,4272
74,0,star_sign,ema_lr1e-3,0.001,0.0001,3.15922,0.05524,4272
74,0,star_sign,ema_lr5e-3,0.005,0.0001,2.73775,0.2507,4272
74,0,star_sign,ema_lr1e-2,0.01,0.0001,2.3346,0.3839,4272
74,0,star_sign,ema_lr5e-2,0.05,0.0001,0.65737,0.95154,4272
74,0,star_sign,ema_lr1e-2_wd1e-3,0.01,0.001,2.35509,0.41713,4272
74,0,star_sign,ema_d0.99,0.01,0.0001,2.36781,0.38062,4272
74,0,star_sign,ema_d0.9999,0.01,0.0001,2.3492,0.45599,4272
74,0,star_sign,mlp_h16,0.001,0.0,0.01304,1.0,4272
74,0,star_sign,mlp_h32,0.001,0.0,0.00574,1.0,4272
74,0,star_sign,mlp_h64,0.001,0.0,0.00182,1.0,4272
74,0,star_sign,mlp_h128,0.001,0.0,0.00042,1.0,4272
74,0,star_sign,attention,0.0001,1e-05,1.80363,1.0,4272
74,0,star_sign,shuffled,0.01,0.0001,2.32859,0.43446,4272
74,4,age_bin,ema_lr1e-3,0.001,0.0001,1.35048,0.3743,4272
74,4,age_bin,ema_lr5e-3,0.005,0.0001,1.11863,0.43984,4272
74,4,age_bin,ema_lr1e-2,0.01,0.0001,0.95616,0.56835,4272
74,4,age_bin,ema_lr5e-2,0.05,0.0001,0.23477,0.99134,4272
74,4,age_bin,ema_lr1e-2_wd1e-3,0.01,0.001,0.8883,0.62289,4272
74,4,age_bin,ema_d0.99,0.01,0.0001,0.88592,0.61938,4272
74,4,age_bin,ema_d0.9999,0.01,0.0001,0.92355,0.58989,4272
74,4,age_bin,mlp_h16,0.001,0.0,0.00346,1.0,4272
74,4,age_bin,mlp_h32,0.001,0.0,0.00207,1.0,4272
74,4,age_bin,mlp_h64,0.001,0.0,0.00033,1.0,4272
74,4,age_bin,mlp_h128,0.001,0.0,0.00011,1.0,4272
74,4,age_bin,attention,0.0001,1e-05,0.0,1.0,4272
74,4,age_bin,shuffled,0.01,0.0001,0.89375,0.61306,4272
74,4,gender,ema_lr1e-3,0.001,0.0001,0.95612,0.48221,4272
74,4,gender,ema_lr5e-3,0.005,0.0001,0.89031,0.48244,4272
74,4,gender,ema_lr1e-2,0.01,0.0001,0.85184,0.50562,4272
74,4,gender,ema_lr5e-2,0.05,0.0001,1.11483,0.51358,4272
74,4,gender,ema_lr1e-2_wd1e-3,0.01,0.001,0.8296,0.50749,4272
74,4,gender,ema_d0.99,0.01,0.0001,0.83946,0.50351,4272
74,4,gender,ema_d0.9999,0.01,0.0001,0.8413,0.5007,4272
74,4,gender,mlp_h16,0.001,0.0,0.68916,0.53652,4272
74,4,gender,mlp_h32,0.001,0.0,0.68944,0.53956,4272
74,4,gender,mlp_h64,0.001,0.0,0.68997,0.53979,4272
74,4,gender,mlp_h128,0.001,0.0,0.68826,0.53418,4272
74,4,gender,attention,0.0001,1e-05,0.70953,0.5,4272
74,4,gender,shuffled,0.01,0.0001,0.85666,0.48713,4272
74,4,star_sign,ema_lr1e-3,0.001,0.0001,3.04936,0.08497,4272
74,4,star_sign,ema_lr5e-3,0.005,0.0001,2.62069,0.15637,4272
74,4,star_sign,ema_lr1e-2,0.01,0.0001,2.25544,0.25866,4272
74,4,star_sign,ema_lr5e-2,0.05,0.0001,0.80047,0.95061,4272
74,4,star_sign,ema_lr1e-2_wd1e-3,0.01,0.001,2.32939,0.22683,4272
74,4,star_sign,ema_d0.99,0.01,0.0001,2.28567,0.24251,4272
74,4,star_sign,ema_d0.9999,0.01,0.0001,2.26267,0.24298,4272
74,4,star_sign,mlp_h16,0.001,0.0,0.00747,1.0,4272
74,4,star_sign,mlp_h32,0.001,0.0,0.00358,1.0,4272
74,4,star_sign,mlp_h64,0.001,0.0,0.00102,1.0,4272
74,4,star_sign,mlp_h128,0.001,0.0,7e-05,1.0,4272
74,4,star_sign,attention,0.0001,1e-05,0.00024,1.0,4272
74,4,star_sign,shuffled,0.01,0.0001,2.30842,0.25164,4272
74,8,age_bin,ema_lr1e-3,0.001,0.0001,1.47029,0.3434,4272
74,8,age_bin,ema_lr5e-3,0.005,0.0001,1.15262,0.45365,4272
74,8,age_bin,ema_lr1e-2,0.01,0.0001,0.92536,0.58825,4272
74,8,age_bin,ema_lr5e-2,0.05,0.0001,0.32136,0.9787,4272
74,8,age_bin,ema_lr1e-2_wd1e-3,0.01,0.001,0.94542,0.54775,4272
74,8,age_bin,ema_d0.99,0.01,0.0001,0.95388,0.56367,4272
74,8,age_bin,ema_d0.9999,0.01,0.0001,0.92528,0.58521,4272
74,8,age_bin,mlp_h16,0.001,0.0,0.00533,1.0,4272
74,8,age_bin,mlp_h32,0.001,0.0,0.00192,1.0,4272
74,8,age_bin,mlp_h64,0.001,0.0,0.00054,1.0,4272
74,8,age_bin,mlp_h128,0.001,0.0,0.00024,1.0,4272
74,8,age_bin,attention,0.0001,1e-05,0.0,1.0,4272
74,8,age_bin,shuffled,0.01,0.0001,0.9188,0.58123,4272
74,8,gender,ema_lr1e-3,0.001,0.0001,0.93504,0.50281,4272
74,8,gender,ema_lr5e-3,0.005,0.0001,0.86313,0.50819,4272
74,8,gender,ema_lr1e-2,0.01,0.0001,0.80301,0.53605,4272
74,8,gender,ema_lr5e-2,0.05,0.0001,0.91575,0.52224,4272
74,8,gender,ema_lr1e-2_wd1e-3,0.01,0.001,0.82014,0.51802,4272
74,8,gender,ema_d0.99,0.01,0.0001,0.84757,0.50375,4272
74,8,gender,ema_d0.9999,0.01,0.0001,0.8289,0.50655,4272
74,8,gender,mlp_h16,0.001,0.0,0.69069,0.53441,4272
74,8,gender,mlp_h32,0.001,0.0,0.69121,0.53816,4272
74,8,gender,mlp_h64,0.001,0.0,0.69013,0.5405,4272
74,8,gender,mlp_h128,0.001,0.0,0.69175,0.54003,4272
74,8,gender,attention,0.0001,1e-05,0.70161,0.47656,4272
74,8,gender,shuffled,0.01,0.0001,0.85774,0.4986,4272
74,8,star_sign,ema_lr1e-3,0.001,0.0001,3.04203,0.08357,4272
74,8,star_sign,ema_lr5e-3,0.005,0.0001,2.73484,0.13413,4272
74,8,star_sign,ema_lr1e-2,0.01,0.0001,2.34915,0.22261,4272
74,8,star_sign,ema_lr5e-2,0.05,0.0001,0.83092,0.91877,4272
74,8,star_sign,ema_lr1e-2_wd1e-3,0.01,0.001,2.35813,0.21419,4272
74,8,star_sign,ema_d0.99,0.01,0.0001,2.29576,0.22121,4272
74,8,star_sign,ema_d0.9999,0.01,0.0001,2.35551,0.22308,4272
74,8,star_sign,mlp_h16,0.001,0.0,0.01405,1.0,4272
74,8,star_sign,mlp_h32,0.001,0.0,0.00481,1.0,4272
74,8,star_sign,mlp_h64,0.001,0.0,0.00131,1.0,4272
74,8,star_sign,mlp_h128,0.001,0.0,0.00014,1.0,4272
74,8,star_sign,attention,0.0001,1e-05,0.0,1.0,4272
74,8,star_sign,shuffled,0.01,0.0001,2.33146,0.2294,4272
74,12,age_bin,ema_lr1e-3,0.001,0.0001,1.41801,0.33731,4272
74,12,age_bin,ema_lr5e-3,0.005,0.0001,1.18616,0.43422,4272
74,12,age_bin,ema_lr1e-2,0.01,0.0001,0.92156,0.57935,4272
74,12,age_bin,ema_lr5e-2,0.05,0.0001,0.25213,0.97729,4272
74,12,age_bin,ema_lr1e-2_wd1e-3,0.01,0.001,0.9414,0.56999,4272
74,12,age_bin,ema_d0.99,0.01,0.0001,0.95375,0.55431,4272
74,12,age_bin,ema_d0.9999,0.01,0.0001,0.92415,0.57467,4272
74,12,age_bin,mlp_h16,0.001,0.0,0.00288,1.0,4272
74,12,age_bin,mlp_h32,0.001,0.0,0.00209,1.0,4272
74,12,age_bin,mlp_h64,0.001,0.0,0.00149,1.0,4272
74,12,age_bin,mlp_h128,0.001,0.0,0.00025,1.0,4272
74,12,age_bin,attention,0.0001,1e-05,0.00036,1.0,4272
74,12,age_bin,shuffled,0.01,0.0001,0.94634,0.56859,4272
74,12,gender,ema_lr1e-3,0.001,0.0001,0.96039,0.50749,4272
74,12,gender,ema_lr5e-3,0.005,0.0001,0.8718,0.51334,4272
74,12,gender,ema_lr1e-2,0.01,0.0001,0.77969,0.53558,4272
74,12,gender,ema_lr5e-2,0.05,0.0001,0.7883,0.54799,4272
74,12,gender,ema_lr1e-2_wd1e-3,0.01,0.001,0.8087,0.51826,4272
74,12,gender,ema_d0.99,0.01,0.0001,0.79197,0.53137,4272
74,12,gender,ema_d0.9999,0.01,0.0001,0.81695,0.52715,4272
74,12,gender,mlp_h16,0.001,0.0,0.67858,0.55922,4272
74,12,gender,mlp_h32,0.001,0.0,0.68376,0.55875,4272
74,12,gender,mlp_h64,0.001,0.0,0.68246,0.55243,4272
74,12,gender,mlp_h128,0.001,0.0,0.68882,0.55056,4272
74,12,gender,attention,0.0001,1e-05,0.67591,0.54688,4272
74,12,gender,shuffled,0.01,0.0001,0.82325,0.51381,4272
74,12,star_sign,ema_lr1e-3,0.001,0.0001,3.19867,0.0831,4272
74,12,star_sign,ema_lr5e-3,0.005,0.0001,2.75939,0.14888,4272
74,12,star_sign,ema_lr1e-2,0.01,0.0001,2.34454,0.21746,4272
74,12,star_sign,ema_lr5e-2,0.05,0.0001,0.72798,0.94382,4272
74,12,star_sign,ema_lr1e-2_wd1e-3,0.01,0.001,2.38841,0.20037,4272
74,12,star_sign,ema_d0.99,0.01,0.0001,2.36507,0.21699,4272
74,12,star_sign,ema_d0.9999,0.01,0.0001,2.3807,0.22987,4272
74,12,star_sign,mlp_h16,0.001,0.0,0.01659,1.0,4272
74,12,star_sign,mlp_h32,0.001,0.0,0.00596,1.0,4272
74,12,star_sign,mlp_h64,0.001,0.0,0.00101,1.0,4272
74,12,star_sign,mlp_h128,0.001,0.0,0.00029,1.0,4272
74,12,star_sign,attention,0.0001,1e-05,2e-05,1.0,4272
74,12,star_sign,shuffled,0.01,0.0001,2.35989,0.23104,4272
74,16,age_bin,ema_lr1e-3,0.001,0.0001,1.45881,0.36493,4272
74,16,age_bin,ema_lr5e-3,0.005,0.0001,1.19122,0.42603,4272
74,16,age_bin,ema_lr1e-2,0.01,0.0001,0.94873,0.56554,4272
74,16,age_bin,ema_lr5e-2,0.05,0.0001,0.24877,0.9897,4272
74,16,age_bin,ema_lr1e-2_wd1e-3,0.01,0.001,0.98018,0.54658,4272
74,16,age_bin,ema_d0.99,0.01,0.0001,0.90284,0.59831,4272
74,16,age_bin,ema_d0.9999,0.01,0.0001,0.90374,0.58965,4272
74,16,age_bin,mlp_h16,0.001,0.0,0.00935,1.0,4272
74,16,age_bin,mlp_h32,0.001,0.0,0.00235,1.0,4272
74,16,age_bin,mlp_h64,0.001,0.0,0.00045,1.0,4272
74,16,age_bin,mlp_h128,0.001,0.0,0.00024,1.0,4272
74,16,age_bin,attention,0.0001,1e-05,0.0,1.0,4272
74,16,age_bin,shuffled,0.01,0.0001,0.95094,0.57935,4272
74,16,gender,ema_lr1e-3,0.001,0.0001,0.93441,0.51147,4272
74,16,gender,ema_lr5e-3,0.005,0.0001,0.85514,0.52013,4272
74,16,gender,ema_lr1e-2,0.01,0.0001,0.83039,0.52832,4272
74,16,gender,ema_lr5e-2,0.05,0.0001,0.75238,0.54775,4272
74,16,gender,ema_lr1e-2_wd1e-3,0.01,0.001,0.82359,0.51849,4272
74,16,gender,ema_d0.99,0.01,0.0001,0.81346,0.5213,4272
74,16,gender,ema_d0.9999,0.01,0.0001,0.84128,0.50702,4272
74,16,gender,mlp_h16,0.001,0.0,0.68429,0.55571,4272
74,16,gender,mlp_h32,0.001,0.0,0.68404,0.54939,4272
74,16,gender,mlp_h64,0.001,0.0,0.68233,0.55548,4272
74,16,gender,mlp_h128,0.001,0.0,0.67876,0.56742,4272
74,16,gender,attention,0.0001,1e-05,0.73431,0.53906,4272
74,16,gender,shuffled,0.01,0.0001,0.82615,0.50094,4272
74,16,star_sign,ema_lr1e-3,0.001,0.0001,3.09148,0.08684,4272
74,16,star_sign,ema_lr5e-3,0.005,0.0001,2.76832,0.14279,4272
74,16,star_sign,ema_lr1e-2,0.01,0.0001,2.31736,0.24228,4272
74,16,star_sign,ema_lr5e-2,0.05,0.0001,0.71352,0.94897,4272
74,16,star_sign,ema_lr1e-2_wd1e-3,0.01,0.001,2.3483,0.23713,4272
74,16,star_sign,ema_d0.99,0.01,0.0001,2.38077,0.22917,4272
74,16,star_sign,ema_d0.9999,0.01,0.0001,2.38956,0.20646,4272
74,16,star_sign,mlp_h16,0.001,0.0,0.01837,1.0,4272
74,16,star_sign,mlp_h32,0.001,0.0,0.00793,1.0,4272
74,16,star_sign,mlp_h64,0.001,0.0,0.00256,1.0,4272
74,16,star_sign,mlp_h128,0.001,0.0,0.0003,1.0,4272
74,16,star_sign,attention,0.0001,1e-05,0.0,1.0,4272
74,16,star_sign,shuffled,0.01,0.0001,2.35183,0.22168,4272
75,0,age_bin,ema_lr1e-3,0.001,0.0001,1.44146,0.2875,4320
75,0,age_bin,ema_lr5e-3,0.005,0.0001,1.14328,0.60347,4320
75,0,age_bin,ema_lr1e-2,0.01,0.0001,0.90722,0.74051,4320
75,0,age_bin,ema_lr5e-2,0.05,0.0001,0.24185,0.98704,4320
75,0,age_bin,ema_lr1e-2_wd1e-3,0.01,0.001,0.90626,0.7544,4320
75,0,age_bin,ema_d0.99,0.01,0.0001,0.9193,0.72755,4320
75,0,age_bin,ema_d0.9999,0.01,0.0001,0.9085,0.7375,4320
75,0,age_bin,mlp_h16,0.001,0.0,0.00444,1.0,4320
75,0,age_bin,mlp_h32,0.001,0.0,0.00283,1.0,4320
75,0,age_bin,mlp_h64,0.001,0.0,0.00104,1.0,4320
75,0,age_bin,mlp_h128,0.001,0.0,0.00027,1.0,4320
75,0,age_bin,attention,0.0001,1e-05,0.68355,1.0,4320
75,0,age_bin,shuffled,0.01,0.0001,0.90694,0.7537,4320
75,0,gender,ema_lr1e-3,0.001,0.0001,0.94385,0.49421,4320
75,0,gender,ema_lr5e-3,0.005,0.0001,0.89939,0.48912,4320
75,0,gender,ema_lr1e-2,0.01,0.0001,0.81473,0.49097,4320
75,0,gender,ema_lr5e-2,0.05,0.0001,0.77572,0.51019,4320
75,0,gender,ema_lr1e-2_wd1e-3,0.01,0.001,0.83782,0.48519,4320
75,0,gender,ema_d0.99,0.01,0.0001,0.82794,0.49468,4320
75,0,gender,ema_d0.9999,0.01,0.0001,0.84219,0.49306,4320
75,0,gender,mlp_h16,0.001,0.0,0.69366,0.50255,4320
75,0,gender,mlp_h32,0.001,0.0,0.69834,0.4956,4320
75,0,gender,mlp_h64,0.001,0.0,0.6971,0.50741,4320
75,0,gender,mlp_h128,0.001,0.0,0.70408,0.49861,4320
75,0,gender,attention,0.0001,1e-05,0.69267,0.5625,4320
75,0,gender,shuffled,0.01,0.0001,0.83006,0.49259,4320
75,0,star_sign,ema_lr1e-3,0.001,0.0001,3.14647,0.06481,4320
75,0,star_sign,ema_lr5e-3,0.005,0.0001,2.72652,0.25278,4320
75,0,star_sign,ema_lr1e-2,0.01,0.0001,2.37478,0.38611,4320
75,0,star_sign,ema_lr5e-2,0.05,0.0001,0.65299,0.94468,4320
75,0,star_sign,ema_lr1e-2_wd1e-3,0.01,0.001,2.37904,0.41528,4320
75,0,star_sign,ema_d0.99,0.01,0.0001,2.36006,0.37685,4320
75,0,star_sign,ema_d0.9999,0.01,0.0001,2.34207,0.46065,4320
75,0,star_sign,mlp_h16,0.001,0.0,0.01201,1.0,4320
75,0,star_sign,mlp_h32,0.001,0.0,0.00527,1.0,4320
75,0,star_sign,mlp_h64,0.001,0.0,0.00172,1.0,4320
75,0,star_sign,mlp_h128,0.001,0.0,0.00036,1.0,4320
75,0,star_sign,attention,0.0001,1e-05,1.80541,1.0,4320
75,0,star_sign,shuffled,0.01,0.0001,2.30906,0.43009,4320
75,4,age_bin,ema_lr1e-3,0.001,0.0001,1.39287,0.35509,4320
75,4,age_bin,ema_lr5e-3,0.005,0.0001,1.14597,0.43333,4320
75,4,age_bin,ema_lr1e-2,0.01,0.0001,0.90677,0.61944,4320
75,4,age_bin,ema_lr5e-2,0.05,0.0001,0.2304,0.99259,4320
75,4,age_bin,ema_lr1e-2_wd1e-3,0.01,0.001,0.88854,0.61574,4320
75,4,age_bin,ema_d0.99,0.01,0.0001,0.89151,0.61134,4320
75,4,age_bin,ema_d0.9999,0.01,0.0001,0.87907,0.6213,4320
75,4,age_bin,mlp_h16,0.001,0.0,0.00328,1.0,4320
75,4,age_bin,mlp_h32,0.001,0.0,0.00193,1.0,4320
75,4,age_bin,mlp_h64,0.001,0.0,0.0003,1.0,4320
75,4,age_bin,mlp_h128,0.001,0.0,0.0001,1.0,4320
75,4,age_bin,attention,0.0001,1e-05,0.0,1.0,4320
75,4,age_bin,shuffled,0.01,0.0001,0.89087,0.60625,4320
75,4,gender,ema_lr1e-3,0.001,0.0001,0.9315,0.50625,4320
75,4,gender,ema_lr5e-3,0.005,0.0001,0.86403,0.50255,4320
75,4,gender,ema_lr1e-2,0.01,0.0001,0.83862,0.5,4320
75,4,gender,ema_lr5e-2,0.05,0.0001,0.97304,0.50046,4320
75,4,gender,ema_lr1e-2_wd1e-3,0.01,0.001,0.80484,0.52477,4320
75,4,gender,ema_d0.99,0.01,0.0001,0.82209,0.51296,4320
75,4,gender,ema_d0.9999,0.01,0.0001,0.82978,0.51181,4320
75,4,gender,mlp_h16,0.001,0.0,0.68768,0.53889,4320
75,4,gender,mlp_h32,0.001,0.0,0.68463,0.53819,4320
75,4,gender,mlp_h64,0.001,0.0,0.68843,0.53796,4320
75,4,gender,mlp_h128,0.001,0.0,0.68592,0.54051,4320
75,4,gender,attention,0.0001,1e-05,0.69138,0.49219,4320
75,4,gender,shuffled,0.01,0.0001,0.84818,0.49606,4320
75,4,star_sign,ema_lr1e-3,0.001,0.0001,3.02936,0.08588,4320
75,4,star_sign,ema_lr5e-3,0.005,0.0001,2.60963,0.14699,4320
75,4,star_sign,ema_lr1e-2,0.01,0.0001,2.26018,0.24931,4320
75,4,star_sign,ema_lr5e-2,0.05,0.0001,0.82252,0.93634,4320
75,4,star_sign,ema_lr1e-2_wd1e-3,0.01,0.001,2.2325,0.2544,4320
75,4,star_sign,ema_d0.99,0.01,0.0001,2.2503,0.26042,4320
75,4,star_sign,ema_d0.9999,0.01,0.0001,2.24481,0.25833,4320
75,4,star_sign,mlp_h16,0.001,0.0,0.00694,1.0,4320
75,4,star_sign,mlp_h32,0.001,0.0,0.00326,1.0,4320
75,4,star_sign,mlp_h64,0.001,0.0,0.00094,1.0,4320
75,4,star_sign,mlp_h128,0.001,0.0,6e-05,1.0,4320
75,4,star_sign,attention,0.0001,1e-05,0.00025,1.0,4320
75,4,star_sign,shuffled,0.01,0.0001,2.2673,0.26343,4320
75,8,age_bin,ema_lr1e-3,0.001,0.0001,1.41887,0.36481,4320
75,8,age_bin,ema_lr5e-3,0.005,0.0001,1.18703,0.43241,4320
75,8,age_bin,ema_lr1e-2,0.01,0.0001,0.925,0.59236,4320
75,8,age_bin,ema_lr5e-2,0.05,0.0001,0.23602,0.99352,4320
75,8,age_bin,ema_lr1e-2_wd1e-3,0.01,0.001,0.91242,0.58218,4320
75,8,age_bin,ema_d0.99,0.01,0.0001,0.90489,0.59444,4320
75,8,age_bin,ema_d0.9999,0.01,0.0001,0.89788,0.59583,4320
75,8,age_bin,mlp_h16,0.001,0.0,0.00467,1.0,4320
75,8,age_bin,mlp_h32,0.001,0.0,0.00168,1.0,4320
75,8,age_bin,mlp_h64,0.001,0.0,0.00045,1.0,4320
75,8,age_bin,mlp_h128,0.001,0.0,0.0002,1.0,4320
75,8,age_bin,attention,0.0001,1e-05,0.0,1.0,4320
75,8,age_bin,shuffled,0.01,0.0001,0.92211,0.57616,4320
75,8,gender,ema_lr1e-3,0.001,0.0001,0.93536,0.50787,4320
75,8,gender,ema_lr5e-3,0.005,0.0001,0.86848,0.50764,4320
75,8,gender,ema_lr1e-2,0.01,0.0001,0.84547,0.49051,4320
75,8,gender,ema_lr5e-2,0.05,0.0001,0.9615,0.54421,4320
75,8,gender,ema_lr1e-2_wd1e-3,0.01,0.001,0.80861,0.52755,4320
75,8,gender,ema_d0.99,0.01,0.0001,0.8322,0.49954,4320
75,8,gender,ema_d0.9999,0.01,0.0001,0.80228,0.5162,4320
75,8,gender,mlp_h16,0.001,0.0,0.68439,0.54398,4320
75,8,gender,mlp_h32,0.001,0.0,0.68683,0.5338,4320
75,8,gender,mlp_h64,0.001,0.0,0.68806,0.53657,4320
75,8,gender,mlp_h128,0.001,0.0,0.68738,0.53542,4320
75,8,gender,attention,0.0001,1e-05,0.69739,0.49219,4320
75,8,gender,shuffled,0.01,0.0001,0.84271,0.49861,4320
75,8,star_sign,ema_lr1e-3,0.001,0.0001,2.98864,0.09282,4320
75,8,star_sign,ema_lr5e-3,0.005,0.0001,2.68497,0.14699,4320
75,8,star_sign,ema_lr1e-2,0.01,0.0001,2.32533,0.22894,4320
75,8,star_sign,ema_lr5e-2,0.05,0.0001,0.74069,0.94468,4320
75,8,star_sign,ema_lr1e-2_wd1e-3,0.01,0.001,2.36056,0.20741,4320
75,8,star_sign,ema_d0.99,0.01,0.0001,2.31694,0.21806,4320
75,8,star_sign,ema_d0.9999,0.01,0.0001,2.31972,0.22431,4320
75,8,star_sign,mlp_h16,0.001,0.0,0.01152,1.0,4320
75,8,star_sign,mlp_h32,0.001,0.0,0.00421,1.0,4320
75,8,star_sign,mlp_h64,0.001,0.0,0.00107,1.0,4320
75,8,star_sign,mlp_h128,0.001,0.0,0.0001,1.0,4320
75,8,star_sign,attention,0.0001,1e-05,0.0,1.0,4320
75,8,star_sign,shuffled,0.01,0.0001,2.30455,0.22477,4320
75,12,age_bin,ema_lr1e-3,0.001,0.0001,1.41911,0.35069,4320
75,12,age_bin,ema_lr5e-3,0.005,0.0001,1.16859,0.44167,4320
75,12,age_bin,ema_lr1e-2,0.01,0.0001,0.8994,0.58657,4320
75,12,age_bin,ema_lr5e-2,0.05,0.0001,0.2666,0.99028,4320
75,12,age_bin,ema_lr1e-2_wd1e-3,0.01,0.001,0.93625,0.57014,4320
75,12,age_bin,ema_d0.99,0.01,0.0001,0.88564,0.5963,4320
75,12,age_bin,ema_d0.9999,0.01,0.0001,0.91653,0.57292,4320
75,12,age_bin,mlp_h16,0.001,0.0,0.0026,1.0,4320
75,12,age_bin,mlp_h32,0.001,0.0,0.0019,1.0,4320
75,12,age_bin,mlp_h64,0.001,0.0,0.00137,1.0,4320
75,12,age_bin,mlp_h128,0.001,0.0,0.00023,1.0,4320
75,12,age_bin,attention,0.0001,1e-05,0.00022,1.0,4320
75,12,age_bin,shuffled,0.01,0.0001,0.9198,0.58148,4320
75,12,gender,ema_lr1e-3,0.001,0.0001,0.98952,0.48704,4320
75,12,gender,ema_lr5e-3,0.005,0.0001,0.86602,0.51042,4320
75,12,gender,ema_lr1e-2,0.01,0.0001,0.81432,0.51273,4320
75,12,gender,ema_lr5e-2,0.05,0.0001,0.85941,0.52824,4320
75,12,gender,ema_lr1e-2_wd1e-3,0.01,0.001,0.79695,0.53194,4320
75,12,gender,ema_d0.99,0.01,0.0001,0.8389,0.51389,4320
75,12,gender,ema_d0.9999,0.01,0.0001,0.80946,0.52731,4320
75,12,gender,mlp_h16,0.001,0.0,0.68318,0.5294,4320
75,12,gender,mlp_h32,0.001,0.0,0.67984,0.54792,4320
75,12,gender,mlp_h64,0.001,0.0,0.68466,0.54306,4320
75,12,gender,mlp_h128,0.001,0.0,0.6858,0.54352,4320
75,12,gender,attention,0.0001,1e-05,0.67148,0.57812,4320
75,12,gender,shuffled,0.01,0.0001,0.84495,0.49444,4320
75,12,star_sign,ema_lr1e-3,0.001,0.0001,3.10345,0.09306,4320
75,12,star_sign,ema_lr5e-3,0.005,0.0001,2.72282,0.1456,4320
75,12,star_sign,ema_lr1e-2,0.01,0.0001,2.39672,0.20278,4320
75,12,star_sign,ema_lr5e-2,0.05,0.0001,0.68962,0.94514,4320
75,12,star_sign,ema_lr1e-2_wd1e-3,0.01,0.001,2.28969,0.22685,4320
75,12,star_sign,ema_d0.99,0.01,0.0001,2.31611,0.22639,4320
75,12,star_sign,ema_d0.9999,0.01,0.0001,2.31336,0.25023,4320
75,12,star_sign,mlp_h16,0.001,0.0,0.0153,1.0,4320
75,12,star_sign,mlp_h32,0.001,0.0,0.00546,1.0,4320
75,12,star_sign,mlp_h64,0.001,0.0,0.00087,1.0,4320
75,12,star_sign,mlp_h128,0.001,0.0,0.00024,1.0,4320
75,12,star_sign,attention,0.0001,1e-05,2e-05,1.0,4320
75,12,star_sign,shuffled,0.01,0.0001,2.37641,0.22847,4320
75,16,age_bin,ema_lr1e-3,0.001,0.0001,1.41411,0.36343,4320
75,16,age_bin,ema_lr5e-3,0.005,0.0001,1.19702,0.44259,4320
75,16,age_bin,ema_lr1e-2,0.01,0.0001,0.93243,0.58356,4320
75,16,age_bin,ema_lr5e-2,0.05,0.0001,0.24722,0.98912,4320
75,16,age_bin,ema_lr1e-2_wd1e-3,0.01,0.001,0.92953,0.58148,4320
75,16,age_bin,ema_d0.99,0.01,0.0001,0.92364,0.58495,4320
75,16,age_bin,ema_d0.9999,0.01,0.0001,0.94004,0.58102,4320
75,16,age_bin,mlp_h16,0.001,0.0,0.00885,1.0,4320
75,16,age_bin,mlp_h32,0.001,0.0,0.00241,1.0,4320
75,16,age_bin,mlp_h64,0.001,0.0,0.00044,1.0,4320
75,16,age_bin,mlp_h128,0.001,0.0,0.00023,1.0,4320
75,16,age_bin,attention,0.0001,1e-05,0.0,1.0,4320
75,16,age_bin,shuffled,0.01,0.0001,0.96322,0.56157,4320
75,16,gender,ema_lr1e-3,0.001,0.0001,0.94059,0.51713,4320
75,16,gender,ema_lr5e-3,0.005,0.0001,0.90028,0.50833,4320
75,16,gender,ema_lr1e-2,0.01,0.0001,0.8102,0.53426,4320
75,16,gender,ema_lr5e-2,0.05,0.0001,0.73851,0.53079,4320
75,16,gender,ema_lr1e-2_wd1e-3,0.01,0.001,0.84442,0.49954,4320
75,16,gender,ema_d0.99,0.01,0.0001,0.81782,0.52292,4320
75,16,gender,ema_d0.9999,0.01,0.0001,0.81485,0.52153,4320
75,16,gender,mlp_h16,0.001,0.0,0.67932,0.55972,4320
75,16,gender,mlp_h32,0.001,0.0,0.68078,0.56296,4320
75,16,gender,mlp_h64,0.001,0.0,0.67899,0.55949,4320
75,16,gender,mlp_h128,0.001,0.0,0.68335,0.54352,4320
75,16,gender,attention,0.0001,1e-05,0.70239,0.50781,4320
75,16,gender,shuffled,0.01,0.0001,0.8354,0.50208,4320
75,16,star_sign,ema_lr1e-3,0.001,0.0001,3.11164,0.07662,4320
75,16,star_sign,ema_lr5e-3,0.005,0.0001,2.76492,0.14213,4320
75,16,star_sign,ema_lr1e-2,0.01,0.0001,2.36205,0.23009,4320
75,16,star_sign,ema_lr5e-2,0.05,0.0001,0.67397,0.95764,4320
75,16,star_sign,ema_lr1e-2_wd1e-3,0.01,0.001,2.31353,0.2537,4320
75,16,star_sign,ema_d0.99,0.01,0.0001,2.35312,0.24236,4320
75,16,star_sign,ema_d0.9999,0.01,0.0001,2.34246,0.24722,4320
75,16,star_sign,mlp_h16,0.001,0.0,0.01832,1.0,4320
75,16,star_sign,mlp_h32,0.001,0.0,0.00802,1.0,4320
75,16,star_sign,mlp_h64,0.001,0.0,0.00264,1.0,4320
75,16,star_sign,mlp_h128,0.001,0.0,0.00031,1.0,4320
75,16,star_sign,attention,0.0001,1e-05,0.0,1.0,4320
75,16,star_sign,shuffled,0.01,0.0001,2.33444,0.23495,4320
76,0,age_bin,ema_lr1e-3,0.001,0.0001,1.42658,0.29468,4113
76,0,age_bin,ema_lr5e-3,0.005,0.0001,1.12023,0.61318,4113
76,0,age_bin,ema_lr1e-2,0.01,0.0001,0.88347,0.75346,4113
76,0,age_bin,ema_lr5e-2,0.05,0.0001,0.24487,0.9859,4113
76,0,age_bin,ema_lr1e-2_wd1e-3,0.01,0.001,0.92143,0.74836,4113
76,0,age_bin,ema_d0.99,0.01,0.0001,0.88249,0.75201,4113
76,0,age_bin,ema_d0.9999,0.01,0.0001,0.91411,0.73353,4113
76,0,age_bin,mlp_h16,0.001,0.0,0.00436,1.0,4113
76,0,age_bin,mlp_h32,0.001,0.0,0.00282,1.0,4113
76,0,age_bin,mlp_h64,0.001,0.0,0.00105,1.0,4113
76,0,age_bin,mlp_h128,0.001,0.0,0.00027,1.0,4113
76,0,age_bin,attention,0.0001,1e-05,0.66236,1.0,4113
76,0,age_bin,shuffled,0.01,0.0001,0.91136,0.75517,4113
76,0,gender,ema_lr1e-3,0.001,0.0001,0.92122,0.49964,4113
76,0,gender,ema_lr5e-3,0.005,0.0001,0.87639,0.49234,4113
76,0,gender,ema_lr1e-2,0.01,0.0001,0.83243,0.49891,4113
76,0,gender,ema_lr5e-2,0.05,0.0001,0.76866,0.47994,4113
76,0,gender,ema_lr1e-2_wd1e-3,0.01,0.001,0.82134,0.48967,4113
76,0,gender,ema_d0.99,0.01,0.0001,0.83414,0.50425,4113
76,0,gender,ema_d0.9999,0.01,0.0001,0.81202,0.50012,4113
76,0,gender,mlp_h16,0.001,0.0,0.69406,0.50717,4113
76,0,gender,mlp_h32,0.001,0.0,0.7004,0.50863,4113
76,0,gender,mlp_h64,0.001,0.0,0.69641,0.51325,4113
76,0,gender,mlp_h128,0.001,0.0,0.70187,0.5079,4113
76,0,gender,attention,0.0001,1e-05,0.69274,0.5,4113
76,0,gender,shuffled,0.01,0.0001,0.82241,0.49599,4113
76,0,star_sign,ema_lr1e-3,0.001,0.0001,3.10917,0.06078,4113
76,0,star_sign,ema_lr5e-3,0.005,0.0001,2.76695,0.25456,4113
76,0,star_sign,ema_lr1e-2,0.01,0.0001,2.34217,0.39582,4113
76,0,star_sign,ema_lr5e-2,0.05,0.0001,0.64331,0.95113,4113
76,0,star_sign,ema_lr1e-2_wd1e-3,0.01,0.001,2.3563,0.44688,4113
76,0,star_sign,ema_d0.99,0.01,0.0001,2.36885,0.41989,4113
76,0,star_sign,ema_d0.9999,0.01,0.0001,2.36844,0.45295,4113
76,0,star_sign,mlp_h16,0.001,0.0,0.01155,1.0,4113
76,0,star_sign,mlp_h32,0.001,0.0,0.00499,1.0,4113
76,0,star_sign,mlp_h64,0.001,0.0,0.00166,1.0,4113
76,0,star_sign,mlp_h128,0.001,0.0,0.00034,1.0,4113
76,0,star_sign,attention,0.0001,1e-05,1.76344,1.0,4113
76,0,star_sign,shuffled,0.01,0.0001,2.31398,0.44736,4113
76,4,age_bin,ema_lr1e-3,0.001,0.0001,1.38215,0.36178,4113
76,4,age_bin,ema_lr5e-3,0.005,0.0001,1.1285,0.43691,4113
76,4,age_bin,ema_lr1e-2,0.01,0.0001,0.90035,0.60904,4113
76,4,age_bin,ema_lr5e-2,0.05,0.0001,0.24069,0.96645,4113
76,4,age_bin,ema_lr1e-2_wd1e-3,0.01,0.001,0.89714,0.61731,4113
76,4,age_bin,ema_d0.99,0.01,0.0001,0.87377,0.6212,4113
76,4,age_bin,ema_d0.9999,0.01,0.0001,0.88291,0.62606,4113
76,4,age_bin,mlp_h16,0.001,0.0,0.00332,1.0,4113
76,4,age_bin,mlp_h32,0.001,0.0,0.00197,1.0,4113
76,4,age_bin,mlp_h64,0.001,0.0,0.00031,1.0,4113
76,4,age_bin,mlp_h128,0.001,0.0,0.00011,1.0,4113
76,4,age_bin,attention,0.0001,1e-05,0.0,1.0,4113
76,4,age_bin,shuffled,0.01,0.0001,0.87336,0.61002,4113
76,4,gender,ema_lr1e-3,0.001,0.0001,0.91508,0.50425,4113
76,4,gender,ema_lr5e-3,0.005,0.0001,0.85606,0.49234,4113
76,4,gender,ema_lr1e-2,0.01,0.0001,0.87604,0.47702,4113
76,4,gender,ema_lr5e-2,0.05,0.0001,1.06985,0.5276,4113
76,4,gender,ema_lr1e-2_wd1e-3,0.01,0.001,0.83035,0.51082,4113
76,4,gender,ema_d0.99,0.01,0.0001,0.84052,0.49307,4113
76,4,gender,ema_d0.9999,0.01,0.0001,0.85929,0.49234,4113
76,4,gender,mlp_h16,0.001,0.0,0.69661,0.49964,4113
76,4,gender,mlp_h32,0.001,0.0,0.69585,0.49502,4113
76,4,gender,mlp_h64,0.001,0.0,0.69914,0.50887,4113
76,4,gender,mlp_h128,0.001,0.0,0.70081,0.51276,4113
76,4,gender,attention,0.0001,1e-05,0.7074,0.47656,4113
76,4,gender,shuffled,0.01,0.0001,0.8547,0.49526,4113
76,4,star_sign,ema_lr1e-3,0.001,0.0001,3.05629,0.08266,4113
76,4,star_sign,ema_lr5e-3,0.005,0.0001,2.628,0.14807,4113
76,4,star_sign,ema_lr1e-2,0.01,0.0001,2.24317,0.24313,4113
76,4,star_sign,ema_lr5e-2,0.05,0.0001,0.78853,0.94919,4113
76,4,star_sign,ema_lr1e-2_wd1e-3,0.01,0.001,2.24934,0.25188,4113
76,4,star_sign,ema_d0.99,0.01,0.0001,2.23026,0.26088,4113
76,4,star_sign,ema_d0.9999,0.01,0.0001,2.27383,0.24848,4113
76,4,star_sign,mlp_h16,0.001,0.0,0.00691,1.0,4113
76,4,star_sign,mlp_h32,0.001,0.0,0.00329,1.0,4113
76,4,star_sign,mlp_h64,0.001,0.0,0.00097,1.0,4113
76,4,star_sign,mlp_h128,0.001,0.0,7e-05,1.0,4113
76,4,star_sign,attention,0.0001,1e-05,0.00015,1.0,4113
76,4,star_sign,shuffled,0.01,0.0001,2.28624,0.24751,4113
76,8,age_bin,ema_lr1e-3,0.001,0.0001,1.40282,0.37418,4113
76,8,age_bin,ema_lr5e-3,0.005,0.0001,1.1635,0.43302,4113
76,8,age_bin,ema_lr1e-2,0.01,0.0001,0.88859,0.61877,4113
76,8,age_bin,ema_lr5e-2,0.05,0.0001,0.263,0.96499,4113
76,8,age_bin,ema_lr1e-2_wd1e-3,0.01,0.001,0.91562,0.57574,4113
76,8,age_bin,ema_d0.99,0.01,0.0001,0.91411,0.58084,4113
76,8,age_bin,ema_d0.9999,0.01,0.0001,0.8925,0.60491,4113
76,8,age_bin,mlp_h16,0.001,0.0,0.00467,1.0,4113
76,8,age_bin,mlp_h32,0.001,0.0,0.00165,1.0,4113
76,8,age_bin,mlp_h64,0.001,0.0,0.00046,1.0,4113
76,8,age_bin,mlp_h128,0.001,0.0,0.0002,1.0,4113
76,8,age_bin,attention,0.0001,1e-05,0.0,1.0,4113
76,8,age_bin,shuffled,0.01,0.0001,0.89597,0.60515,4113
76,8,gender,ema_lr1e-3,0.001,0.0001,0.94914,0.50328,4113
76,8,gender,ema_lr5e-3,0.005,0.0001,0.87733,0.5079,4113
76,8,gender,ema_lr1e-2,0.01,0.0001,0.81779,0.50644,4113
76,8,gender,ema_lr5e-2,0.05,0.0001,0.96826,0.49915,4113
76,8,gender,ema_lr1e-2_wd1e-3,0.01,0.001,0.81625,0.52857,4113
76,8,gender,ema_d0.99,0.01,0.0001,0.82876,0.51544,4113
76,8,gender,ema_d0.9999,0.01,0.0001,0.82509,0.49915,4113
76,8,gender,mlp_h16,0.001,0.0,0.70035,0.50012,4113
76,8,gender,mlp_h32,0.001,0.0,0.69896,0.4955,4113
76,8,gender,mlp_h64,0.001,0.0,0.70282,0.4955,4113
76,8,gender,mlp_h128,0.001,0.0,0.70272,0.50255,4113
76,8,gender,attention,0.0001,1e-05,0.68276,0.59375,4113
76,8,gender,shuffled,0.01,0.0001,0.82865,0.50839,4113
76,8,star_sign,ema_lr1e-3,0.001,0.0001,3.00232,0.09482,4113
76,8,star_sign,ema_lr5e-3,0.005,0.0001,2.66409,0.15171,4113
76,8,star_sign,ema_lr1e-2,0.01,0.0001,2.36524,0.21007,4113
76,8,star_sign,ema_lr5e-2,0.05,0.0001,0.78581,0.93873,4113
76,8,star_sign,ema_lr1e-2_wd1e-3,0.01,0.001,2.32628,0.23025,4113
76,8,star_sign,ema_d0.99,0.01,0.0001,2.33889,0.20715,4113
76,8,star_sign,ema_d0.9999,0.01,0.0001,2.31962,0.23195,4113
76,8,star_sign,mlp_h16,0.001,0.0,0.01083,1.0,4113
76,8,star_sign,mlp_h32,0.001,0.0,0.00417,1.0,4113
76,8,star_sign,mlp_h64,0.001,0.0,0.00107,1.0,4113
76,8,star_sign,mlp_h128,0.001,0.0,0.0001,1.0,4113
76,8,star_sign,attention,0.0001,1e-05,0.0,1.0,4113
76,8,star_sign,shuffled,0.01,0.0001,2.32582,0.22198,4113
76,12,age_bin,ema_lr1e-3,0.001,0.0001,1.42396,0.36056,4113
76,12,age_bin,ema_lr5e-3,0.005,0.0001,1.13015,0.46657,4113
76,12,age_bin,ema_lr1e-2,0.01,0.0001,0.89774,0.593,4113
76,12,age_bin,ema_lr5e-2,0.05,0.0001,0.23647,0.99392,4113
76,12,age_bin,ema_lr1e-2_wd1e-3,0.01,0.001,0.93909,0.56966,4113
76,12,age_bin,ema_d0.99,0.01,0.0001,0.92493,0.57112,4113
76,12,age_bin,ema_d0.9999,0.01,0.0001,0.95032,0.55556,4113
76,12,age_bin,mlp_h16,0.001,0.0,0.00264,1.0,4113
76,12,age_bin,mlp_h32,0.001,0.0,0.00198,1.0,4113
76,12,age_bin,mlp_h64,0.001,0.0,0.00139,1.0,4113
76,12,age_bin,mlp_h128,0.001,0.0,0.00024,1.0,4113
76,12,age_bin,attention,0.0001,1e-05,0.00035,1.0,4113
76,12,age_bin,shuffled,0.01,0.0001,0.91595,0.56844,4113
76,12,gender,ema_lr1e-3,0.001,0.0001,0.97108,0.50474,4113
76,12,gender,ema_lr5e-3,0.005,0.0001,0.90287,0.48018,4113
76,12,gender,ema_lr1e-2,0.01,0.0001,0.84818,0.48918,4113
76,12,gender,ema_lr5e-2,0.05,0.0001,0.85964,0.50061,4113
76,12,gender,ema_lr1e-2_wd1e-3,0.01,0.001,0.83891,0.50182,4113
76,12,gender,ema_d0.99,0.01,0.0001,0.81166,0.52614,4113
76,12,gender,ema_d0.9999,0.01,0.0001,0.8112,0.53246,4113
76,12,gender,mlp_h16,0.001,0.0,0.70134,0.49891,4113
76,12,gender,mlp_h32,0.001,0.0,0.70093,0.5079,4113
76,12,gender,mlp_h64,0.001,0.0,0.70567,0.50085,4113
76,12,gender,mlp_h128,0.001,0.0,0.70622,0.48869,4113
76,12,gender,attention,0.0001,1e-05,0.67853,0.55469,4113
76,12,gender,shuffled,0.01,0.0001,0.82797,0.4972,4113
76,12,star_sign,ema_lr1e-3,0.001,0.0001,3.12336,0.09847,4113
76,12,star_sign,ema_lr5e-3,0.005,0.0001,2.73966,0.16095,4113
76,12,star_sign,ema_lr1e-2,0.01,0.0001,2.32431,0.22247,4113
76,12,star_sign,ema_lr5e-2,0.05,0.0001,0.69929,0.94797,4113
76,12,star_sign,ema_lr1e-2_wd1e-3,0.01,0.001,2.32785,0.22295,4113
76,12,star_sign,ema_d0.99,0.01,0.0001,2.3209,0.22271,4113
76,12,star_sign,ema_d0.9999,0.01,0.0001,2.30622,0.24654,4113
76,12,star_sign,mlp_h16,0.001,0.0,0.01517,1.0,4113
76,12,star_sign,mlp_h32,0.001,0.0,0.00568,1.0,4113
76,12,star_sign,mlp_h64,0.001,0.0,0.00093,1.0,4113
76,12,star_sign,mlp_h128,0.001,0.0,0.00026,1.0,4113
76,12,star_sign,attention,0.0001,1e-05,2e-05,1.0,4113
76,12,star_sign,shuffled,0.01,0.0001,2.33751,0.22295,4113
76,16,age_bin,ema_lr1e-3,0.001,0.0001,1.46424,0.3523,4113
76,16,age_bin,ema_lr5e-3,0.005,0.0001,1.21609,0.4267,4113
76,16,age_bin,ema_lr1e-2,0.01,0.0001,0.93493,0.58352,4113
76,16,age_bin,ema_lr5e-2,0.05,0.0001,0.24256,0.99125,4113
76,16,age_bin,ema_lr1e-2_wd1e-3,0.01,0.001,0.91201,0.58741,4113
76,16,age_bin,ema_d0.99,0.01,0.0001,0.93403,0.58619,4113
76,16,age_bin,ema_d0.9999,0.01,0.0001,0.91267,0.58716,4113
76,16,age_bin,mlp_h16,0.001,0.0,0.00945,1.0,4113
76,16,age_bin,mlp_h32,0.001,0.0,0.00259,1.0,4113
76,16,age_bin,mlp_h64,0.001,0.0,0.00052,1.0,4113
76,16,age_bin,mlp_h128,0.001,0.0,0.00027,1.0,4113
76,16,age_bin,attention,0.0001,1e-05,0.0,1.0,4113
76,16,age_bin,shuffled,0.01,0.0001,0.90334,0.59543,4113
76,16,gender,ema_lr1e-3,0.001,0.0001,0.99223,0.47557,4113
76,16,gender,ema_lr5e-3,0.005,0.0001,0.8835,0.51009,4113
76,16,gender,ema_lr1e-2,0.01,0.0001,0.86831,0.49939,4113
76,16,gender,ema_lr5e-2,0.05,0.0001,0.77569,0.49866,4113
76,16,gender,ema_lr1e-2_wd1e-3,0.01,0.001,0.81962,0.52735,4113
76,16,gender,ema_d0.99,0.01,0.0001,0.85763,0.48894,4113
76,16,gender,ema_d0.9999,0.01,0.0001,0.83728,0.50182,4113
76,16,gender,mlp_h16,0.001,0.0,0.7125,0.48699,4113
76,16,gender,mlp_h32,0.001,0.0,0.70583,0.50036,4113
76,16,gender,mlp_h64,0.001,0.0,0.7057,0.5028,4113
76,16,gender,mlp_h128,0.001,0.0,0.70117,0.50547,4113
76,16,gender,attention,0.0001,1e-05,0.72877,0.46875,4113
76,16,gender,shuffled,0.01,0.0001,0.85325,0.49745,4113
76,16,star_sign,ema_lr1e-3,0.001,0.0001,3.08993,0.07877,4113
76,16,star_sign,ema_lr5e-3,0.005,0.0001,2.78237,0.12108,4113
76,16,star_sign,ema_lr1e-2,0.01,0.0001,2.32855,0.24532,4113
76,16,star_sign,ema_lr5e-2,0.05,0.0001,0.67124,0.95502,4113
76,16,star_sign,ema_lr1e-2_wd1e-3,0.01,0.001,2.3566,0.23657,4113
76,16,star_sign,ema_d0.99,0.01,0.0001,2.39824,0.23462,4113
76,16,star_sign,ema_d0.9999,0.01,0.0001,2.3534,0.22806,4113
76,16,star_sign,mlp_h16,0.001,0.0,0.02022,1.0,4113
76,16,star_sign,mlp_h32,0.001,0.0,0.00886,1.0,4113
76,16,star_sign,mlp_h64,0.001,0.0,0.00317,1.0,4113
76,16,star_sign,mlp_h128,0.001,0.0,0.00047,1.0,4113
76,16,star_sign,attention,0.0001,1e-05,0.0,1.0,4113
76,16,star_sign,shuffled,0.01,0.0001,2.35901,0.2373,4113
77,0,age_bin,ema_lr1e-3,0.001,0.0001,1.47931,0.28351,3880
77,0,age_bin,ema_lr5e-3,0.005,0.0001,1.14807,0.59072,3880
77,0,age_bin,ema_lr1e-2,0.01,0.0001,0.91505,0.74407,3880
77,0,age_bin,ema_lr5e-2,0.05,0.0001,0.23759,0.98711,3880
77,0,age_bin,ema_lr1e-2_wd1e-3,0.01,0.001,0.89781,0.75206,3880
77,0,age_bin,ema_d0.99,0.01,0.0001,0.90187,0.72629,3880
77,0,age_bin,ema_d0.9999,0.01,0.0001,0.88286,0.74974,3880
77,0,age_bin,mlp_h16,0.001,0.0,0.00425,1.0,3880
77,0,age_bin,mlp_h32,0.001,0.0,0.00268,1.0,3880
77,0,age_bin,mlp_h64,0.001,0.0,0.00103,1.0,3880
77,0,age_bin,mlp_h128,0.001,0.0,0.00026,1.0,3880
77,0,age_bin,attention,0.0001,1e-05,0.64799,1.0,3880
77,0,age_bin,shuffled,0.01,0.0001,0.90062,0.76753,3880
77,0,gender,ema_lr1e-3,0.001,0.0001,0.94463,0.49691,3880
77,0,gender,ema_lr5e-3,0.005,0.0001,0.87962,0.49948,3880
77,0,gender,ema_lr1e-2,0.01,0.0001,0.83402,0.5,3880
77,0,gender,ema_lr5e-2,0.05,0.0001,0.78928,0.49974,3880
77,0,gender,ema_lr1e-2_wd1e-3,0.01,0.001,0.80964,0.50077,3880
77,0,gender,ema_d0.99,0.01,0.0001,0.80891,0.50155,3880
77,0,gender,ema_d0.9999,0.01,0.0001,0.82057,0.50438,3880
77,0,gender,mlp_h16,0.001,0.0,0.69313,0.50902,3880
77,0,gender,mlp_h32,0.001,0.0,0.69791,0.49381,3880
77,0,gender,mlp_h64,0.001,0.0,0.69654,0.50077,3880
77,0,gender,mlp_h128,0.001,0.0,0.69675,0.5,3880
77,0,gender,attention,0.0001,1e-05,0.69323,0.50781,3880
77,0,gender,shuffled,0.01,0.0001,0.82661,0.50052,3880
77,0,star_sign,ema_lr1e-3,0.001,0.0001,3.12785,0.05541,3880
77,0,star_sign,ema_lr5e-3,0.005,0.0001,2.7275,0.26546,3880
77,0,star_sign,ema_lr1e-2,0.01,0.0001,2.32244,0.40619,3880
77,0,star_sign,ema_lr5e-2,0.05,0.0001,0.63149,0.95129,3880
77,0,star_sign,ema_lr1e-2_wd1e-3,0.01,0.001,2.32589,0.46907,3880
77,0,star_sign,ema_d0.99,0.01,0.0001,2.31734,0.41804,3880
77,0,star_sign,ema_d0.9999,0.01,0.0001,2.34283,0.45155,3880
77,0,star_sign,mlp_h16,0.001,0.0,0.01181,1.0,3880
77,0,star_sign,mlp_h32,0.001,0.0,0.00489,1.0,3880
77,0,star_sign,mlp_h64,0.001,0.0,0.00165,1.0,3880
77,0,star_sign,mlp_h128,0.001,0.0,0.00032,1.0,3880
77,0,star_sign,attention,0.0001,1e-05,1.7335,1.0,3880
77,0,star_sign,shuffled,0.01,0.0001,2.32991,0.43686,3880
77,4,age_bin,ema_lr1e-3,0.001,0.0001,1.41688,0.35954,3880
77,4,age_bin,ema_lr5e-3,0.005,0.0001,1.11339,0.44768,3880
77,4,age_bin,ema_lr1e-2,0.01,0.0001,0.90292,0.6116,3880
77,4,age_bin,ema_lr5e-2,0.05,0.0001,0.4197,0.95026,3880
77,4,age_bin,ema_lr1e-2_wd1e-3,0.01,0.001,0.88072,0.62964,3880
77,4,age_bin,ema_d0.99,0.01,0.0001,0.88477,0.61263,3880
77,4,age_bin,ema_d0.9999,0.01,0.0001,0.88085,0.62088,3880
77,4,age_bin,mlp_h16,0.001,0.0,0.00315,1.0,3880
77,4,age_bin,mlp_h32,0.001,0.0,0.00186,1.0,3880
77,4,age_bin,mlp_h64,0.001,0.0,0.0003,1.0,3880
77,4,age_bin,mlp_h128,0.001,0.0,0.0001,1.0,3880
77,4,age_bin,attention,0.0001,1e-05,0.0,1.0,3880
77,4,age_bin,shuffled,0.01,0.0001,0.87694,0.61289,3880
77,4,gender,ema_lr1e-3,0.001,0.0001,0.94649,0.49794,3880
77,4,gender,ema_lr5e-3,0.005,0.0001,0.87555,0.48454,3880
77,4,gender,ema_lr1e-2,0.01,0.0001,0.85519,0.4817,3880
77,4,gender,ema_lr5e-2,0.05,0.0001,1.03447,0.50077,3880
77,4,gender,ema_lr1e-2_wd1e-3,0.01,0.001,0.80077,0.51366,3880
77,4,gender,ema_d0.99,0.01,0.0001,0.84845,0.50258,3880
77,4,gender,ema_d0.9999,0.01,0.0001,0.85093,0.50464,3880
77,4,gender,mlp_h16,0.001,0.0,0.69413,0.51366,3880
77,4,gender,mlp_h32,0.001,0.0,0.69222,0.51418,3880
77,4,gender,mlp_h64,0.001,0.0,0.69407,0.51753,3880
77,4,gender,mlp_h128,0.001,0.0,0.69473,0.50954,3880
77,4,gender,attention,0.0001,1e-05,0.70722,0.50781,3880
77,4,gender,shuffled,0.01,0.0001,0.87115,0.49021,3880
77,4,star_sign,ema_lr1e-3,0.001,0.0001,3.05844,0.08531,3880
77,4,star_sign,ema_lr5e-3,0.005,0.0001,2.62622,0.15825,3880
77,4,star_sign,ema_lr1e-2,0.01,0.0001,2.26177,0.25619,3880
77,4,star_sign,ema_lr5e-2,0.05,0.0001,0.8206,0.9384,3880
77,4,star_sign,ema_lr1e-2_wd1e-3,0.01,0.001,2.24778,0.25309,3880
77,4,star_sign,ema_d0.99,0.01,0.0001,2.27877,0.23634,3880
77,4,star_sign,ema_d0.9999,0.01,0.0001,2.25301,0.25438,3880
77,4,star_sign,mlp_h16,0.001,0.0,0.00629,1.0,3880
77,4,star_sign,mlp_h32,0.001,0.0,0.0032,1.0,3880
77,4,star_sign,mlp_h64,0.001,0.0,0.00094,1.0,3880
77,4,star_sign,mlp_h128,0.001,0.0,6e-05,1.0,3880
77,4,star_sign,attention,0.0001,1e-05,0.00016,1.0,3880
77,4,star_sign,shuffled,0.01,0.0001,2.27119,0.26314,3880
77,8,age_bin,ema_lr1e-3,0.001,0.0001,1.44952,0.34459,3880
77,8,age_bin,ema_lr5e-3,0.005,0.0001,1.16695,0.4549,3880
77,8,age_bin,ema_lr1e-2,0.01,0.0001,0.92018,0.60335,3880
77,8,age_bin,ema_lr5e-2,0.05,0.0001,0.38566,0.95825,3880
77,8,age_bin,ema_lr1e-2_wd1e-3,0.01,0.001,0.90292,0.58969,3880
77,8,age_bin,ema_d0.99,0.01,0.0001,0.87552,0.62629,3880
77,8,age_bin,ema_d0.9999,0.01,0.0001,0.8927,0.60438,3880
77,8,age_bin,mlp_h16,0.001,0.0,0.00451,1.0,3880
77,8,age_bin,mlp_h32,0.001,0.0,0.00163,1.0,3880
77,8,age_bin,mlp_h64,0.001,0.0,0.00046,1.0,3880
77,8,age_bin,mlp_h128,0.001,0.0,0.00021,1.0,3880
77,8,age_bin,attention,0.0001,1e-05,0.0,1.0,3880
77,8,age_bin,shuffled,0.01,0.0001,0.918,0.58479,3880
77,8,gender,ema_lr1e-3,0.001,0.0001,0.9336,0.50773,3880
77,8,gender,ema_lr5e-3,0.005,0.0001,0.86399,0.51005,3880
77,8,gender,ema_lr1e-2,0.01,0.0001,0.83105,0.49923,3880
77,8,gender,ema_lr5e-2,0.05,0.0001,1.05006,0.52294,3880
77,8,gender,ema_lr1e-2_wd1e-3,0.01,0.001,0.84247,0.50464,3880
77,8,gender,ema_d0.99,0.01,0.0001,0.84648,0.48196,3880
77,8,gender,ema_d0.9999,0.01,0.0001,0.8231,0.51263,3880
77,8,gender,mlp_h16,0.001,0.0,0.69495,0.51933,3880
77,8,gender,mlp_h32,0.001,0.0,0.69283,0.52784,3880
77,8,gender,mlp_h64,0.001,0.0,0.69668,0.5201,3880
77,8,gender,mlp_h128,0.001,0.0,0.6928,0.52294,3880
77,8,gender,attention,0.0001,1e-05,0.68651,0.53906,3880
77,8,gender,shuffled,0.01,0.0001,0.85217,0.49149,3880
77,8,star_sign,ema_lr1e-3,0.001,0.0001,3.01976,0.09691,3880
77,8,star_sign,ema_lr5e-3,0.005,0.0001,2.69491,0.14253,3880
77,8,star_sign,ema_lr1e-2,0.01,0.0001,2.3102,0.22577,3880
77,8,star_sign,ema_lr5e-2,0.05,0.0001,0.73258,0.94871,3880
77,8,star_sign,ema_lr1e-2_wd1e-3,0.01,0.001,2.26275,0.24562,3880
77,8,star_sign,ema_d0.99,0.01,0.0001,2.25913,0.23041,3880
77,8,star_sign,ema_d0.9999,0.01,0.0001,2.26209,0.24046,3880
77,8,star_sign,mlp_h16,0.001,0.0,0.01053,1.0,3880
77,8,star_sign,mlp_h32,0.001,0.0,0.00411,1.0,3880
77,8,star_sign,mlp_h64,0.001,0.0,0.00111,1.0,3880
77,8,star_sign,mlp_h128,0.001,0.0,0.00012,1.0,3880
77,8,star_sign,attention,0.0001,1e-05,0.0,1.0,3880
77,8,star_sign,shuffled,0.01,0.0001,2.32256,0.22448,3880
77,12,age_bin,ema_lr1e-3,0.001,0.0001,1.43721,0.33376,3880
77,12,age_bin,ema_lr5e-3,0.005,0.0001,1.17769,0.44716,3880
77,12,age_bin,ema_lr1e-2,0.01,0.0001,0.91988,0.58428,3880
77,12,age_bin,ema_lr5e-2,0.05,0.0001,0.22254,0.99304,3880
77,12,age_bin,ema_lr1e-2_wd1e-3,0.01,0.001,0.91333,0.58634,3880
77,12,age_bin,ema_d0.99,0.01,0.0001,0.89016,0.59948,3880
77,12,age_bin,ema_d0.9999,0.01,0.0001,0.94681,0.55361,3880
77,12,age_bin,mlp_h16,0.001,0.0,0.00239,1.0,3880
77,12,age_bin,mlp_h32,0.001,0.0,0.00181,1.0,3880
77,12,age_bin,mlp_h64,0.001,0.0,0.00126,1.0,3880
77,12,age_bin,mlp_h128,0.001,0.0,0.00022,1.0,3880
77,12,age_bin,attention,0.0001,1e-05,0.00039,1.0,3880
77,12,age_bin,shuffled,0.01,0.0001,0.87896,0.60412,3880
77,12,gender,ema_lr1e-3,0.001,0.0001,0.99735,0.4951,3880
77,12,gender,ema_lr5e-3,0.005,0.0001,0.89957,0.49124,3880
77,12,gender,ema_lr1e-2,0.01,0.0001,0.82247,0.51237,3880
77,12,gender,ema_lr5e-2,0.05,0.0001,0.92625,0.50593,3880
77,12,gender,ema_lr1e-2_wd1e-3,0.01,0.001,0.82179,0.51572,3880
77,12,gender,ema_d0.99,0.01,0.0001,0.84905,0.50284,3880
77,12,gender,ema_d0.9999,0.01,0.0001,0.83977,0.50567,3880
77,12,gender,mlp_h16,0.001,0.0,0.6846,0.52448,3880
77,12,gender,mlp_h32,0.001,0.0,0.68969,0.53557,3880
77,12,gender,mlp_h64,0.001,0.0,0.6885,0.53634,3880
77,12,gender,mlp_h128,0.001,0.0,0.69206,0.53557,3880
77,12,gender,attention,0.0001,1e-05,0.68974,0.58594,3880
77,12,gender,shuffled,0.01,0.0001,0.82423,0.50309,3880
77,12,star_sign,ema_lr1e-3,0.001,0.0001,3.13967,0.08892,3880
77,12,star_sign,ema_lr5e-3,0.005,0.0001,2.70221,0.16649,3880
77,12,star_sign,ema_lr1e-2,0.01,0.0001,2.2803,0.23737,3880
77,12,star_sign,ema_lr5e-2,0.05,0.0001,0.66974,0.94613,3880
77,12,star_sign,ema_lr1e-2_wd1e-3,0.01,0.001,2.28767,0.23402,3880
77,12,star_sign,ema_d0.99,0.01,0.0001,2.31268,0.2268,3880
77,12,star_sign,ema_d0.9999,0.01,0.0001,2.3466,0.24253,3880
77,12,star_sign,mlp_h16,0.001,0.0,0.01423,1.0,3880
77,12,star_sign,mlp_h32,0.001,0.0,0.0049,1.0,3880
77,12,star_sign,mlp_h64,0.001,0.0,0.00083,1.0,3880
77,12,star_sign,mlp_h128,0.001,0.0,0.00023,1.0,3880
77,12,star_sign,attention,0.0001,1e-05,2e-05,1.0,3880
77,12,star_sign,shuffled,0.01,0.0001,2.32545,0.24175,3880
77,16,age_bin,ema_lr1e-3,0.001,0.0001,1.47386,0.34381,3880
77,16,age_bin,ema_lr5e-3,0.005,0.0001,1.23319,0.41289,3880
77,16,age_bin,ema_lr1e-2,0.01,0.0001,0.94634,0.57088,3880
77,16,age_bin,ema_lr5e-2,0.05,0.0001,0.2482,0.98866,3880
77,16,age_bin,ema_lr1e-2_wd1e-3,0.01,0.001,0.94544,0.57577,3880
77,16,age_bin,ema_d0.99,0.01,0.0001,0.88049,0.60722,3880
77,16,age_bin,ema_d0.9999,0.01,0.0001,0.88628,0.60773,3880
77,16,age_bin,mlp_h16,0.001,0.0,0.00854,1.0,3880
77,16,age_bin,mlp_h32,0.001,0.0,0.00219,1.0,3880
77,16,age_bin,mlp_h64,0.001,0.0,0.0004,1.0,3880
77,16,age_bin,mlp_h128,0.001,0.0,0.00021,1.0,3880
77,16,age_bin,attention,0.0001,1e-05,0.0,1.0,3880
77,16,age_bin,shuffled,0.01,0.0001,0.96606,0.56211,3880
77,16,gender,ema_lr1e-3,0.001,0.0001,0.93955,0.50902,3880
77,16,gender,ema_lr5e-3,0.005,0.0001,0.89326,0.50954,3880
77,16,gender,ema_lr1e-2,0.01,0.0001,0.83014,0.525,3880
77,16,gender,ema_lr5e-2,0.05,0.0001,0.73745,0.52938,3880
77,16,gender,ema_lr1e-2_wd1e-3,0.01,0.001,0.87771,0.48325,3880
77,16,gender,ema_d0.99,0.01,0.0001,0.84415,0.5018,3880
77,16,gender,ema_d0.9999,0.01,0.0001,0.82795,0.51443,3880
77,16,gender,mlp_h16,0.001,0.0,0.68419,0.54948,3880
77,16,gender,mlp_h32,0.001,0.0,0.68623,0.5451,3880
77,16,gender,mlp_h64,0.001,0.0,0.68507,0.54665,3880
77,16,gender,mlp_h128,0.001,0.0,0.6839,0.54253,3880
77,16,gender,attention,0.0001,1e-05,0.72282,0.53125,3880
77,16,gender,shuffled,0.01,0.0001,0.84812,0.49588,3880
77,16,star_sign,ema_lr1e-3,0.001,0.0001,3.17364,0.08273,3880
77,16,star_sign,ema_lr5e-3,0.005,0.0001,2.70118,0.14845,3880
77,16,star_sign,ema_lr1e-2,0.01,0.0001,2.38973,0.225,3880
77,16,star_sign,ema_lr5e-2,0.05,0.0001,0.6553,0.96082,3880
77,16,star_sign,ema_lr1e-2_wd1e-3,0.01,0.001,2.32833,0.24613,3880
77,16,star_sign,ema_d0.99,0.01,0.0001,2.32587,0.23969,3880
77,16,star_sign,ema_d0.9999,0.01,0.0001,2.39284,0.22835,3880
77,16,star_sign,mlp_h16,0.001,0.0,0.01659,1.0,3880
77,16,star_sign,mlp_h32,0.001,0.0,0.0074,1.0,3880
77,16,star_sign,mlp_h64,0.001,0.0,0.00243,1.0,3880
77,16,star_sign,mlp_h128,0.001,0.0,0.00028,1.0,3880
77,16,star_sign,attention,0.0001,1e-05,0.0,1.0,3880
77,16,star_sign,shuffled,0.01,0.0001,2.33137,0.23918,3880
78,0,age_bin,ema_lr1e-3,0.001,0.0001,1.48103,0.27342,395
78,0,age_bin,ema_lr5e-3,0.005,0.0001,1.12543,0.62532,395
78,0,age_bin,ema_lr1e-2,0.01,0.0001,0.89185,0.77722,395
78,0,age_bin,ema_lr5e-2,0.05,0.0001,0.23033,0.98734,395
78,0,age_bin,ema_lr1e-2_wd1e-3,0.01,0.001,0.92496,0.74177,395
78,0,age_bin,ema_d0.99,0.01,0.0001,0.91014,0.72911,395
78,0,age_bin,ema_d0.9999,0.01,0.0001,0.90802,0.72152,395
78,0,age_bin,mlp_h16,0.001,0.0,0.00453,1.0,395
78,0,age_bin,mlp_h32,0.001,0.0,0.00302,1.0,395
78,0,age_bin,mlp_h64,0.001,0.0,0.00112,1.0,395
78,0,age_bin,mlp_h128,0.001,0.0,0.00031,1.0,395
78,0,age_bin,attention,0.0001,1e-05,0.624,1.0,395
78,0,age_bin,shuffled,0.01,0.0001,0.88751,0.76962,395
78,0,gender,ema_lr1e-3,0.001,0.0001,0.94847,0.4557,395
78,0,gender,ema_lr5e-3,0.005,0.0001,0.86983,0.50127,395
78,0,gender,ema_lr1e-2,0.01,0.0001,0.80587,0.49367,395
78,0,gender,ema_lr5e-2,0.05,0.0001,0.818,0.46582,395
78,0,gender,ema_lr1e-2_wd1e-3,0.01,0.001,0.8262,0.45823,395
78,0,gender,ema_d0.99,0.01,0.0001,0.76176,0.52405,395
78,0,gender,ema_d0.9999,0.01,0.0001,0.80173,0.48608,395
78,0,gender,mlp_h16,0.001,0.0,0.69332,0.49367,395
78,0,gender,mlp_h32,0.001,0.0,0.69228,0.55949,395
78,0,gender,mlp_h64,0.001,0.0,0.69383,0.5519,395
78,0,gender,mlp_h128,0.001,0.0,0.70036,0.56709,395
78,0,gender,attention,0.0001,1e-05,0.69225,0.5625,395
78,0,gender,shuffled,0.01,0.0001,0.85092,0.48354,395
78,0,star_sign,ema_lr1e-3,0.001,0.0001,3.16673,0.03038,395
78,0,star_sign,ema_lr5e-3,0.005,0.0001,2.72534,0.27089,395
78,0,star_sign,ema_lr1e-2,0.01,0.0001,2.27095,0.44051,395
78,0,star_sign,ema_lr5e-2,0.05,0.0001,0.6308,0.9519,395
78,0,star_sign,ema_lr1e-2_wd1e-3,0.01,0.001,2.35006,0.49114,395
78,0,star_sign,ema_d0.99,0.01,0.0001,2.30839,0.43038,395
78,0,star_sign,ema_d0.9999,0.01,0.0001,2.32155,0.49114,395
78,0,star_sign,mlp_h16,0.001,0.0,0.01367,1.0,395
78,0,star_sign,mlp_h32,0.001,0.0,0.00566,1.0,395
78,0,star_sign,mlp_h64,0.001,0.0,0.00177,1.0,395
78,0,star_sign,mlp_h128,0.001,0.0,0.00035,1.0,395
78,0,star_sign,attention,0.0001,1e-05,1.69485,1.0,395
78,0,star_sign,shuffled,0.01,0.0001,2.2297,0.51139,395
78,4,age_bin,ema_lr1e-3,0.001,0.0001,1.38722,0.34937,395
78,4,age_bin,ema_lr5e-3,0.005,0.0001,1.1607,0.40506,395
78,4,age_bin,ema_lr1e-2,0.01,0.0001,0.84721,0.6557,395
78,4,age_bin,ema_lr5e-2,0.05,0.0001,0.27061,0.99494,395
78,4,age_bin,ema_lr1e-2_wd1e-3,0.01,0.001,0.89505,0.61013,395
78,4,age_bin,ema_d0.99,0.01,0.0001,0.91358,0.58228,395
78,4,age_bin,ema_d0.9999,0.01,0.0001,0.83902,0.65316,395
78,4,age_bin,mlp_h16,0.001,0.0,0.00306,1.0,395
78,4,age_bin,mlp_h32,0.001,0.0,0.00179,1.0,395
78,4,age_bin,mlp_h64,0.001,0.0,0.0003,1.0,395
78,4,age_bin,mlp_h128,0.001,0.0,9e-05,1.0,395
78,4,age_bin,attention,0.0001,1e-05,0.0,1.0,395
78,4,age_bin,shuffled,0.01,0.0001,0.86189,0.61266,395
78,4,gender,ema_lr1e-3,0.001,0.0001,0.89977,0.53418,395
78,4,gender,ema_lr5e-3,0.005,0.0001,0.78486,0.57468,395
78,4,gender,ema_lr1e-2,0.01,0.0001,0.88274,0.48354,395
78,4,gender,ema_lr5e-2,0.05,0.0001,1.32044,0.56456,395
78,4,gender,ema_lr1e-2_wd1e-3,0.01,0.001,0.85351,0.5038,395
78,4,gender,ema_d0.99,0.01,0.0001,0.83955,0.52405,395
78,4,gender,ema_d0.9999,0.01,0.0001,0.79841,0.52911,395
78,4,gender,mlp_h16,0.001,0.0,0.68742,0.53671,395
78,4,gender,mlp_h32,0.001,0.0,0.69122,0.5038,395
78,4,gender,mlp_h64,0.001,0.0,0.69477,0.52911,395
78,4,gender,mlp_h128,0.001,0.0,0.68959,0.56456,395
78,4,gender,attention,0.0001,1e-05,0.70865,0.375,395
78,4,gender,shuffled,0.01,0.0001,0.92235,0.45823,395
78,4,star_sign,ema_lr1e-3,0.001,0.0001,3.09715,0.07089,395
78,4,star_sign,ema_lr5e-3,0.005,0.0001,2.57414,0.17468,395
78,4,star_sign,ema_lr1e-2,0.01,0.0001,2.26404,0.23038,395
78,4,star_sign,ema_lr5e-2,0.05,0.0001,0.78216,0.9443,395
78,4,star_sign,ema_lr1e-2_wd1e-3,0.01,0.001,2.3406,0.23038,395
78,4,star_sign,ema_d0.99,0.01,0.0001,2.30261,0.26076,395
78,4,star_sign,ema_d0.9999,0.01,0.0001,2.26194,0.22785,395
78,4,star_sign,mlp_h16,0.001,0.0,0.00536,1.0,395
78,4,star_sign,mlp_h32,0.001,0.0,0.00312,1.0,395
78,4,star_sign,mlp_h64,0.001,0.0,0.00085,1.0,395
78,4,star_sign,mlp_h128,0.001,0.0,6e-05,1.0,395
78,4,star_sign,attention,0.0001,1e-05,0.0003,1.0,395
78,4,star_sign,shuffled,0.01,0.0001,2.09645,0.31392,395
78,8,age_bin,ema_lr1e-3,0.001,0.0001,1.36148,0.3519,395
78,8,age_bin,ema_lr5e-3,0.005,0.0001,1.21369,0.4,395
78,8,age_bin,ema_lr1e-2,0.01,0.0001,0.95837,0.57468,395
78,8,age_bin,ema_lr5e-2,0.05,0.0001,0.26249,0.99747,395
78,8,age_bin,ema_lr1e-2_wd1e-3,0.01,0.001,0.89979,0.58734,395
78,8,age_bin,ema_d0.99,0.01,0.0001,0.86817,0.61013,395
78,8,age_bin,ema_d0.9999,0.01,0.0001,1.0019,0.54684,395
78,8,age_bin,mlp_h16,0.001,0.0,0.00427,1.0,395
78,8,age_bin,mlp_h32,0.001,0.0,0.00139,1.0,395
78,8,age_bin,mlp_h64,0.001,0.0,0.00039,1.0,395
78,8,age_bin,mlp_h128,0.001,0.0,0.00017,1.0,395
78,8,age_bin,attention,0.0001,1e-05,0.0,1.0,395
78,8,age_bin,shuffled,0.01,0.0001,0.90845,0.60253,395
78,8,gender,ema_lr1e-3,0.001,0.0001,0.99781,0.48354,395
78,8,gender,ema_lr5e-3,0.005,0.0001,0.82927,0.50633,395
78,8,gender,ema_lr1e-2,0.01,0.0001,0.88926,0.4481,395
78,8,gender,ema_lr5e-2,0.05,0.0001,0.94297,0.51646,395
78,8,gender,ema_lr1e-2_wd1e-3,0.01,0.001,0.89524,0.44051,395
78,8,gender,ema_d0.99,0.01,0.0001,0.81038,0.54937,395
78,8,gender,ema_d0.9999,0.01,0.0001,0.73856,0.56456,395
78,8,gender,mlp_h16,0.001,0.0,0.68913,0.53418,395
78,8,gender,mlp_h32,0.001,0.0,0.67929,0.57975,395
78,8,gender,mlp_h64,0.001,0.0,0.68341,0.54684,395
78,8,gender,mlp_h128,0.001,0.0,0.69172,0.56456,395
78,8,gender,attention,0.0001,1e-05,0.75304,0.4375,395
78,8,gender,shuffled,0.01,0.0001,0.81673,0.50886,395
78,8,star_sign,ema_lr1e-3,0.001,0.0001,3.04609,0.07342,395
78,8,star_sign,ema_lr5e-3,0.005,0.0001,2.67635,0.12658,395
78,8,star_sign,ema_lr1e-2,0.01,0.0001,2.22989,0.2557,395
78,8,star_sign,ema_lr5e-2,0.05,0.0001,0.80428,0.92658,395
78,8,star_sign,ema_lr1e-2_wd1e-3,0.01,0.001,2.29514,0.26076,395
78,8,star_sign,ema_d0.99,0.01,0.0001,2.31635,0.21266,395
78,8,star_sign,ema_d0.9999,0.01,0.0001,2.24687,0.25063,395
78,8,star_sign,mlp_h16,0.001,0.0,0.009,1.0,395
78,8,star_sign,mlp_h32,0.001,0.0,0.00369,1.0,395
78,8,star_sign,mlp_h64,0.001,0.0,0.00092,1.0,395
78,8,star_sign,mlp_h128,0.001,0.0,9e-05,1.0,395
78,8,star_sign,attention,0.0001,1e-05,0.0,1.0,395
78,8,star_sign,shuffled,0.01,0.0001,2.34746,0.2,395
78,12,age_bin,ema_lr1e-3,0.001,0.0001,1.4915,0.29873,395
78,12,age_bin,ema_lr5e-3,0.005,0.0001,1.0683,0.50127,395
78,12,age_bin,ema_lr1e-2,0.01,0.0001,0.88679,0.6,395
78,12,age_bin,ema_lr5e-2,0.05,0.0001,0.22205,0.99494,395
78,12,age_bin,ema_lr1e-2_wd1e-3,0.01,0.001,0.9215,0.56203,395
78,12,age_bin,ema_d0.99,0.01,0.0001,0.96325,0.55443,395
78,12,age_bin,ema_d0.9999,0.01,0.0001,0.87377,0.63291,395
78,12,age_bin,mlp_h16,0.001,0.0,0.00251,1.0,395
78,12,age_bin,mlp_h32,0.001,0.0,0.00183,1.0,395
78,12,age_bin,mlp_h64,0.001,0.0,0.00135,1.0,395
78,12,age_bin,mlp_h128,0.001,0.0,0.00022,1.0,395
78,12,age_bin,attention,0.0001,1e-05,0.00025,1.0,395
78,12,age_bin,shuffled,0.01,0.0001,0.88643,0.60506,395
78,12,gender,ema_lr1e-3,0.001,0.0001,1.04554,0.45823,395
78,12,gender,ema_lr5e-3,0.005,0.0001,0.93627,0.45063,395
78,12,gender,ema_lr1e-2,0.01,0.0001,0.74503,0.52152,395
78,12,gender,ema_lr5e-2,0.05,0.0001,0.8689,0.42785,395
78,12,gender,ema_lr1e-2_wd1e-3,0.01,0.001,0.86201,0.47595,395
78,12,gender,ema_d0.99,0.01,0.0001,0.8499,0.45823,395
78,12,gender,ema_d0.9999,0.01,0.0001,0.77424,0.56962,395
78,12,gender,mlp_h16,0.001,0.0,0.71542,0.43291,395
78,12,gender,mlp_h32,0.001,0.0,0.70652,0.51392,395
78,12,gender,mlp_h64,0.001,0.0,0.70834,0.49114,395
78,12,gender,mlp_h128,0.001,0.0,0.69155,0.55949,395
78,12,gender,attention,0.0001,1e-05,0.8735,0.4375,395
78,12,gender,shuffled,0.01,0.0001,0.86925,0.4481,395
78,12,star_sign,ema_lr1e-3,0.001,0.0001,3.28996,0.07595,395
78,12,star_sign,ema_lr5e-3,0.005,0.0001,2.73329,0.14177,395
78,12,star_sign,ema_lr1e-2,0.01,0.0001,2.26841,0.24304,395
78,12,star_sign,ema_lr5e-2,0.05,0.0001,0.66039,0.96962,395
78,12,star_sign,ema_lr1e-2_wd1e-3,0.01,0.001,2.36926,0.20253,395
78,12,star_sign,ema_d0.99,0.01,0.0001,2.33255,0.19241,395
78,12,star_sign,ema_d0.9999,0.01,0.0001,2.27595,0.25316,395
78,12,star_sign,mlp_h16,0.001,0.0,0.01327,1.0,395
78,12,star_sign,mlp_h32,0.001,0.0,0.00465,1.0,395
78,12,star_sign,mlp_h64,0.001,0.0,0.00079,1.0,395
78,12,star_sign,mlp_h128,0.001,0.0,0.00024,1.0,395
78,12,star_sign,attention,0.0001,1e-05,1e-05,1.0,395
78,12,star_sign,shuffled,0.01,0.0001,2.19121,0.28101,395
78,16,age_bin,ema_lr1e-3,0.001,0.0001,1.40286,0.32911,395
78,16,age_bin,ema_lr5e-3,0.005,0.0001,1.16019,0.43797,395
78,16,age_bin,ema_lr1e-2,0.01,0.0001,0.89884,0.58734,395
78,16,age_bin,ema_lr5e-2,0.05,0.0001,0.2538,0.98987,395
78,16,age_bin,ema_lr1e-2_wd1e-3,0.01,0.001,0.91913,0.61013,395
78,16,age_bin,ema_d0.99,0.01,0.0001,0.95042,0.54177,395
78,16,age_bin,ema_d0.9999,0.01,0.0001,0.86477,0.60759,395
78,16,age_bin,mlp_h16,0.001,0.0,0.00589,1.0,395
78,16,age_bin,mlp_h32,0.001,0.0,0.00153,1.0,395
78,16,age_bin,mlp_h64,0.001,0.0,0.00026,1.0,395
78,16,age_bin,mlp_h128,0.001,0.0,0.00013,1.0,395
78,16,age_bin,attention,0.0001,1e-05,0.0,1.0,395
78,16,age_bin,shuffled,0.01,0.0001,0.92839,0.58228,395
78,16,gender,ema_lr1e-3,0.001,0.0001,0.99117,0.51899,395
78,16,gender,ema_lr5e-3,0.005,0.0001,0.8921,0.48608,395
78,16,gender,ema_lr1e-2,0.01,0.0001,0.77181,0.5519,395
78,16,gender,ema_lr5e-2,0.05,0.0001,0.79067,0.46835,395
78,16,gender,ema_lr1e-2_wd1e-3,0.01,0.001,0.81441,0.50633,395
78,16,gender,ema_d0.99,0.01,0.0001,0.81541,0.51899,395
78,16,gender,ema_d0.9999,0.01,0.0001,0.79137,0.52911,395
78,16,gender,mlp_h16,0.001,0.0,0.70442,0.53418,395
78,16,gender,mlp_h32,0.001,0.0,0.69594,0.54937,395
78,16,gender,mlp_h64,0.001,0.0,0.68533,0.58228,395
78,16,gender,mlp_h128,0.001,0.0,0.6895,0.57975,395
78,16,gender,attention,0.0001,1e-05,0.62334,0.75,395
78,16,gender,shuffled,0.01,0.0001,0.8252,0.51139,395
78,16,star_sign,ema_lr1e-3,0.001,0.0001,2.81321,0.12911,395
78,16,star_sign,ema_lr5e-3,0.005,0.0001,2.58504,0.12658,395
78,16,star_sign,ema_lr1e-2,0.01,0.0001,2.18211,0.2962,395
78,16,star_sign,ema_lr5e-2,0.05,0.0001,0.64094,0.94684,395
78,16,star_sign,ema_lr1e-2_wd1e-3,0.01,0.001,2.28316,0.25823,395
78,16,star_sign,ema_d0.99,0.01,0.0001,2.36634,0.24304,395
78,16,star_sign,ema_d0.9999,0.01,0.0001,2.48423,0.19747,395
78,16,star_sign,mlp_h16,0.001,0.0,0.01114,1.0,395
78,16,star_sign,mlp_h32,0.001,0.0,0.0042,1.0,395
78,16,star_sign,mlp_h64,0.001,0.0,0.00132,1.0,395
78,16,star_sign,mlp_h128,0.001,0.0,0.00012,1.0,395
78,16,star_sign,attention,0.0001,1e-05,0.0,1.0,395
78,16,star_sign,shuffled,0.01,0.0001,2.36638,0.24557,395
